Linux 7.0.0 (hp5) 	06/19/2026 	_x86_64_	(8 CPU)

04:25:18 AM  CPU    %usr   %nice    %sys %iowait    %irq   %soft  %steal  %guest  %gnice   %idle
04:25:19 AM  all    0.12    0.00    9.50    0.00    0.00    9.75    0.00    0.00    0.00   80.62
04:25:19 AM    0    0.00    0.00    0.00    0.00    0.00   78.00    0.00    0.00    0.00   22.00
04:25:19 AM    1    1.00    0.00   76.00    0.00    0.00    0.00    0.00    0.00    0.00   23.00
04:25:19 AM    2    0.00    0.00    0.00    0.00    0.00    0.00    0.00    0.00    0.00  100.00
04:25:19 AM    3    0.00    0.00    0.00    0.00    0.00    0.00    0.00    0.00    0.00  100.00
04:25:19 AM    4    0.00    0.00    0.00    0.00    0.00    0.00    0.00    0.00    0.00  100.00
04:25:19 AM    5    0.00    0.00    0.00    0.00    0.00    0.00    0.00    0.00    0.00  100.00
04:25:19 AM    6    0.00    0.00    0.00    0.00    0.00    0.00    0.00    0.00    0.00  100.00
04:25:19 AM    7    0.00    0.00    0.00    0.00    0.00    0.00    0.00    0.00    0.00  100.00

04:25:19 AM  CPU    %usr   %nice    %sys %iowait    %irq   %soft  %steal  %guest  %gnice   %idle
04:25:20 AM  all    0.25    0.00   16.71    0.00    0.00    9.42    0.00    0.00    0.00   73.62
04:25:20 AM    0    0.00    0.00   18.37    0.00    0.00   75.51    0.00    0.00    0.00    6.12
04:25:20 AM    1    2.04    0.00   91.84    0.00    0.00    0.00    0.00    0.00    0.00    6.12
04:25:20 AM    2    0.00    0.00    0.00    0.00    0.00    1.00    0.00    0.00    0.00   99.00
04:25:20 AM    3    0.00    0.00   25.00    0.00    0.00    0.00    0.00    0.00    0.00   75.00
04:25:20 AM    4    0.00    0.00    0.00    0.00    0.00    0.00    0.00    0.00    0.00  100.00
04:25:20 AM    5    0.00    0.00    0.00    0.00    0.00    0.00    0.00    0.00    0.00  100.00
04:25:20 AM    6    0.00    0.00    0.00    0.00    0.00    0.00    0.00    0.00    0.00  100.00
04:25:20 AM    7    0.00    0.00    0.00    0.00    0.00    0.00    0.00    0.00    0.00  100.00

04:25:20 AM  CPU    %usr   %nice    %sys %iowait    %irq   %soft  %steal  %guest  %gnice   %idle
04:25:21 AM  all    0.38    0.00   30.58    0.00    0.38    0.25    0.00    0.00    0.00   68.42
04:25:21 AM    0    1.01    0.00   72.73    0.00    1.01    1.01    0.00    0.00    0.00   24.24
04:25:21 AM    1    2.02    0.00   72.73    0.00    1.01    0.00    0.00    0.00    0.00   24.24
04:25:21 AM    2    0.00    0.00    0.00    0.00    1.00    1.00    0.00    0.00    0.00   98.00
04:25:21 AM    3    0.00    0.00  100.00    0.00    0.00    0.00    0.00    0.00    0.00    0.00
04:25:21 AM    4    0.00    0.00    0.00    0.00    0.00    0.00    0.00    0.00    0.00  100.00
04:25:21 AM    5    0.00    0.00    0.00    0.00    0.00    0.00    0.00    0.00    0.00  100.00
04:25:21 AM    6    0.00    0.00    0.00    0.00    0.00    0.00    0.00    0.00    0.00  100.00
04:25:21 AM    7    0.00    0.00    0.00    0.00    0.00    0.00    0.00    0.00    0.00  100.00

04:25:21 AM  CPU    %usr   %nice    %sys %iowait    %irq   %soft  %steal  %guest  %gnice   %idle
04:25:22 AM  all    0.38    0.00   29.90    0.00    0.00    0.38    0.00    0.00    0.00   69.35
04:25:22 AM    0    2.02    0.00   74.75    0.00    0.00    0.00    0.00    0.00    0.00   23.23
04:25:22 AM    1    1.02    0.00   65.31    0.00    0.00    0.00    0.00    0.00    0.00   33.67
04:25:22 AM    2    0.00    0.00    0.00    0.00    0.00    2.02    0.00    0.00    0.00   97.98
04:25:22 AM    3    0.00    0.00  100.00    0.00    0.00    0.00    0.00    0.00    0.00    0.00
04:25:22 AM    4    0.00    0.00    0.00    0.00    0.00    0.00    0.00    0.00    0.00  100.00
04:25:22 AM    5    0.00    0.00    0.00    0.00    0.00    1.00    0.00    0.00    0.00   99.00
04:25:22 AM    6    0.00    0.00    0.00    0.00    0.00    0.00    0.00    0.00    0.00  100.00
04:25:22 AM    7    0.00    0.00    0.00    0.00    0.00    0.00    0.00    0.00    0.00  100.00

04:25:22 AM  CPU    %usr   %nice    %sys %iowait    %irq   %soft  %steal  %guest  %gnice   %idle
04:25:23 AM  all    0.38    0.00   29.02    0.00    0.00    0.25    0.00    0.00    0.00   70.35
04:25:23 AM    0    2.04    0.00   68.37    0.00    0.00    0.00    0.00    0.00    0.00   29.59
04:25:23 AM    1    1.02    0.00   65.31    0.00    0.00    0.00    0.00    0.00    0.00   33.67
04:25:23 AM    2    0.00    0.00    0.00    0.00    0.00    2.00    0.00    0.00    0.00   98.00
04:25:23 AM    3    0.00    0.00  100.00    0.00    0.00    0.00    0.00    0.00    0.00    0.00
04:25:23 AM    4    0.00    0.00    0.00    0.00    0.00    0.00    0.00    0.00    0.00  100.00
04:25:23 AM    5    0.00    0.00    0.00    0.00    0.00    0.00    0.00    0.00    0.00  100.00
04:25:23 AM    6    0.00    0.00    0.00    0.00    0.00    0.00    0.00    0.00    0.00  100.00
04:25:23 AM    7    0.00    0.00    0.00    0.00    0.00    0.00    0.00    0.00    0.00  100.00

04:25:23 AM  CPU    %usr   %nice    %sys %iowait    %irq   %soft  %steal  %guest  %gnice   %idle
04:25:24 AM  all    0.38    0.00   29.27    0.00    0.25    0.25    0.00    0.00    0.00   69.85
04:25:24 AM    0    1.02    0.00   69.39    0.00    1.02    0.00    0.00    0.00    0.00   28.57
04:25:24 AM    1    2.00    0.00   65.00    0.00    1.00    0.00    0.00    0.00    0.00   32.00
04:25:24 AM    2    0.00    0.00    0.00    0.00    0.00    2.02    0.00    0.00    0.00   97.98
04:25:24 AM    3    0.00    0.00  100.00    0.00    0.00    0.00    0.00    0.00    0.00    0.00
04:25:24 AM    4    0.00    0.00    0.00    0.00    0.00    0.00    0.00    0.00    0.00  100.00
04:25:24 AM    5    0.00    0.00    0.00    0.00    0.00    0.00    0.00    0.00    0.00  100.00
04:25:24 AM    6    0.00    0.00    0.00    0.00    0.00    0.00    0.00    0.00    0.00  100.00
04:25:24 AM    7    0.00    0.00    0.00    0.00    0.00    0.00    0.00    0.00    0.00  100.00

04:25:24 AM  CPU    %usr   %nice    %sys %iowait    %irq   %soft  %steal  %guest  %gnice   %idle
04:25:25 AM  all    0.37    0.00   29.09    0.12    0.25    0.37    0.00    0.00    0.00   69.79
04:25:25 AM    0    1.00    0.00   68.00    0.00    0.00    0.00    0.00    0.00    0.00   31.00
04:25:25 AM    1    2.02    0.00   65.66    1.01    0.00    1.01    0.00    0.00    0.00   30.30
04:25:25 AM    2    0.00    0.00    0.00    0.00    0.99    1.98    0.00    0.00    0.00   97.03
04:25:25 AM    3    0.00    0.00  100.00    0.00    0.00    0.00    0.00    0.00    0.00    0.00
04:25:25 AM    4    0.00    0.00    0.00    0.00    0.00    0.00    0.00    0.00    0.00  100.00
04:25:25 AM    5    0.00    0.00    0.00    0.00    0.99    0.00    0.00    0.00    0.00   99.01
04:25:25 AM    6    0.00    0.00    0.00    0.00    0.00    0.00    0.00    0.00    0.00  100.00
04:25:25 AM    7    0.00    0.00    0.00    0.00    0.00    0.00    0.00    0.00    0.00  100.00

04:25:25 AM  CPU    %usr   %nice    %sys %iowait    %irq   %soft  %steal  %guest  %gnice   %idle
04:25:26 AM  all    0.25    0.00   29.52    0.00    0.00    0.50    0.00    0.00    0.00   69.72
04:25:26 AM    0    1.01    0.00   67.68    0.00    0.00    1.01    0.00    0.00    0.00   30.30
04:25:26 AM    1    1.04    0.00   70.83    0.00    0.00    0.00    0.00    0.00    0.00   28.12
04:25:26 AM    2    0.00    0.00    0.00    0.00    0.00    2.00    0.00    0.00    0.00   98.00
04:25:26 AM    3    0.00    0.00  100.00    0.00    0.00    0.00    0.00    0.00    0.00    0.00
04:25:26 AM    4    0.00    0.00    0.00    0.00    0.00    0.00    0.00    0.00    0.00  100.00
04:25:26 AM    5    0.00    0.00    0.00    0.00    0.00    0.99    0.00    0.00    0.00   99.01
04:25:26 AM    6    0.00    0.00    0.00    0.00    0.00    0.00    0.00    0.00    0.00  100.00
04:25:26 AM    7    0.00    0.00    0.00    0.00    0.00    0.00    0.00    0.00    0.00  100.00

04:25:26 AM  CPU    %usr   %nice    %sys %iowait    %irq   %soft  %steal  %guest  %gnice   %idle
04:25:27 AM  all    0.25    0.00   28.39    0.00    0.13    0.25    0.00    0.00    0.00   70.98
04:25:27 AM    0    1.01    0.00   61.62    0.00    1.01    0.00    0.00    0.00    0.00   36.36
04:25:27 AM    1    1.02    0.00   66.33    0.00    0.00    0.00    0.00    0.00    0.00   32.65
04:25:27 AM    2    0.00    0.00    0.00    0.00    0.00    2.00    0.00    0.00    0.00   98.00
04:25:27 AM    3    0.00    0.00  100.00    0.00    0.00    0.00    0.00    0.00    0.00    0.00
04:25:27 AM    4    0.00    0.00    0.00    0.00    0.00    0.00    0.00    0.00    0.00  100.00
04:25:27 AM    5    0.00    0.00    0.00    0.00    0.00    0.00    0.00    0.00    0.00  100.00
04:25:27 AM    6    0.00    0.00    0.00    0.00    0.00    0.00    0.00    0.00    0.00  100.00
04:25:27 AM    7    0.00    0.00    0.00    0.00    0.00    0.00    0.00    0.00    0.00  100.00

04:25:27 AM  CPU    %usr   %nice    %sys %iowait    %irq   %soft  %steal  %guest  %gnice   %idle
04:25:28 AM  all    0.25    0.00   29.54    0.00    0.13    0.25    0.00    0.00    0.00   69.84
04:25:28 AM    0    1.00    0.00   69.00    0.00    0.00    0.00    0.00    0.00    0.00   30.00
04:25:28 AM    1    1.00    0.00   67.00    0.00    1.00    0.00    0.00    0.00    0.00   31.00
04:25:28 AM    2    0.00    0.00    0.00    0.00    0.00    2.02    0.00    0.00    0.00   97.98
04:25:28 AM    3    0.00    0.00  100.00    0.00    0.00    0.00    0.00    0.00    0.00    0.00
04:25:28 AM    4    0.00    0.00    0.00    0.00    0.00    0.00    0.00    0.00    0.00  100.00
04:25:28 AM    5    0.00    0.00    0.00    0.00    0.00    0.00    0.00    0.00    0.00  100.00
04:25:28 AM    6    0.00    0.00    0.00    0.00    0.00    0.00    0.00    0.00    0.00  100.00
04:25:28 AM    7    0.00    0.00    0.00    0.00    0.00    0.00    0.00    0.00    0.00  100.00

04:25:28 AM  CPU    %usr   %nice    %sys %iowait    %irq   %soft  %steal  %guest  %gnice   %idle
04:25:29 AM  all    0.25    0.00   29.65    0.00    0.00    0.13    0.00    0.00    0.00   69.97
04:25:29 AM    0    1.00    0.00   62.00    0.00    0.00    0.00    0.00    0.00    0.00   37.00
04:25:29 AM    1    1.02    0.00   75.51    0.00    0.00    0.00    0.00    0.00    0.00   23.47
04:25:29 AM    2    0.00    0.00    0.00    0.00    0.00    1.01    0.00    0.00    0.00   98.99
04:25:29 AM    3    0.00    0.00  100.00    0.00    0.00    0.00    0.00    0.00    0.00    0.00
04:25:29 AM    4    0.00    0.00    0.00    0.00    0.00    0.00    0.00    0.00    0.00  100.00
04:25:29 AM    5    0.00    0.00    0.00    0.00    0.00    0.00    0.00    0.00    0.00  100.00
04:25:29 AM    6    0.00    0.00    0.00    0.00    0.00    0.00    0.00    0.00    0.00  100.00
04:25:29 AM    7    0.00    0.00    0.00    0.00    0.00    0.00    0.00    0.00    0.00  100.00

04:25:29 AM  CPU    %usr   %nice    %sys %iowait    %irq   %soft  %steal  %guest  %gnice   %idle
04:25:30 AM  all    0.37    0.00   29.80    0.00    0.25    0.37    0.00    0.00    0.00   69.20
04:25:30 AM    0    1.00    0.00   68.00    0.00    1.00    0.00    0.00    0.00    0.00   30.00
04:25:30 AM    1    2.00    0.00   71.00    0.00    0.00    0.00    0.00    0.00    0.00   27.00
04:25:30 AM    2    0.00    0.00    0.00    0.00    0.99    1.98    0.00    0.00    0.00   97.03
04:25:30 AM    3    0.00    0.00  100.00    0.00    0.00    0.00    0.00    0.00    0.00    0.00
04:25:30 AM    4    0.00    0.00    0.00    0.00    0.00    0.00    0.00    0.00    0.00  100.00
04:25:30 AM    5    0.00    0.00    0.00    0.00    0.00    0.99    0.00    0.00    0.00   99.01
04:25:30 AM    6    0.00    0.00    0.00    0.00    0.00    0.00    0.00    0.00    0.00  100.00
04:25:30 AM    7    0.00    0.00    0.00    0.00    0.00    0.00    0.00    0.00    0.00  100.00

04:25:30 AM  CPU    %usr   %nice    %sys %iowait    %irq   %soft  %steal  %guest  %gnice   %idle
04:25:31 AM  all    0.25    0.00   28.52    0.00    0.13    0.25    0.00    0.00    0.00   70.85
04:25:31 AM    0    1.01    0.00   64.65    0.00    0.00    0.00    0.00    0.00    0.00   34.34
04:25:31 AM    1    1.03    0.00   64.95    0.00    1.03    0.00    0.00    0.00    0.00   32.99
04:25:31 AM    2    0.00    0.00    0.00    0.00    0.00    2.00    0.00    0.00    0.00   98.00
04:25:31 AM    3    0.00    0.00  100.00    0.00    0.00    0.00    0.00    0.00    0.00    0.00
04:25:31 AM    4    0.00    0.00    0.00    0.00    0.00    0.00    0.00    0.00    0.00  100.00
04:25:31 AM    5    0.00    0.00    0.00    0.00    0.00    0.00    0.00    0.00    0.00  100.00
04:25:31 AM    6    0.00    0.00    0.00    0.00    0.00    0.00    0.00    0.00    0.00  100.00
04:25:31 AM    7    0.00    0.00    0.00    0.00    0.00    0.00    0.00    0.00    0.00  100.00

04:25:31 AM  CPU    %usr   %nice    %sys %iowait    %irq   %soft  %steal  %guest  %gnice   %idle
04:25:32 AM  all    0.38    0.00   28.34    0.00    0.00    0.38    0.00    0.00    0.00   70.91
04:25:32 AM    0    2.04    0.00   58.16    0.00    0.00    1.02    0.00    0.00    0.00   38.78
04:25:32 AM    1    1.03    0.00   70.10    0.00    0.00    0.00    0.00    0.00    0.00   28.87
04:25:32 AM    2    0.00    0.00    0.00    0.00    0.00    2.00    0.00    0.00    0.00   98.00
04:25:32 AM    3    0.00    0.00  100.00    0.00    0.00    0.00    0.00    0.00    0.00    0.00
04:25:32 AM    4    0.00    0.00    0.00    0.00    0.00    0.00    0.00    0.00    0.00  100.00
04:25:32 AM    5    0.00    0.00    0.00    0.00    0.00    0.00    0.00    0.00    0.00  100.00
04:25:32 AM    6    0.00    0.00    0.00    0.00    0.00    0.00    0.00    0.00    0.00  100.00
04:25:32 AM    7    0.00    0.00    0.00    0.00    0.00    0.00    0.00    0.00    0.00  100.00

04:25:32 AM  CPU    %usr   %nice    %sys %iowait    %irq   %soft  %steal  %guest  %gnice   %idle
04:25:33 AM  all    0.38    0.00   29.11    0.00    0.13    0.13    0.00    0.00    0.00   70.26
04:25:33 AM    0    1.01    0.00   64.65    0.00    1.01    0.00    0.00    0.00    0.00   33.33
04:25:33 AM    1    2.00    0.00   68.00    0.00    0.00    0.00    0.00    0.00    0.00   30.00
04:25:33 AM    2    0.00    0.00    0.00    0.00    0.00    1.02    0.00    0.00    0.00   98.98
04:25:33 AM    3    0.00    0.00  100.00    0.00    0.00    0.00    0.00    0.00    0.00    0.00
04:25:33 AM    4    0.00    0.00    0.00    0.00    0.00    0.00    0.00    0.00    0.00  100.00
04:25:33 AM    5    0.00    0.00    0.00    0.00    0.00    0.00    0.00    0.00    0.00  100.00
04:25:33 AM    6    0.00    0.00    0.00    0.00    0.00    0.00    0.00    0.00    0.00  100.00
04:25:33 AM    7    0.00    0.00    0.00    0.00    0.00    0.00    0.00    0.00    0.00  100.00

04:25:33 AM  CPU    %usr   %nice    %sys %iowait    %irq   %soft  %steal  %guest  %gnice   %idle
04:25:34 AM  all    0.38    0.00   29.75    0.00    0.12    0.38    0.00    0.00    0.00   69.38
04:25:34 AM    0    1.01    0.00   70.71    0.00    0.00    0.00    0.00    0.00    0.00   28.28
04:25:34 AM    1    2.00    0.00   68.00    0.00    0.00    1.00    0.00    0.00    0.00   29.00
04:25:34 AM    2    0.00    0.00    0.00    0.00    0.99    1.98    0.00    0.00    0.00   97.03
04:25:34 AM    3    0.00    0.00  100.00    0.00    0.00    0.00    0.00    0.00    0.00    0.00
04:25:34 AM    4    0.00    0.00    0.00    0.00    0.00    0.00    0.00    0.00    0.00  100.00
04:25:34 AM    5    0.00    0.00    0.00    0.00    0.00    0.00    0.00    0.00    0.00  100.00
04:25:34 AM    6    0.00    0.00    0.00    0.00    0.00    0.00    0.00    0.00    0.00  100.00
04:25:34 AM    7    0.00    0.00    0.00    0.00    0.00    0.00    0.00    0.00    0.00  100.00

04:25:34 AM  CPU    %usr   %nice    %sys %iowait    %irq   %soft  %steal  %guest  %gnice   %idle
04:25:35 AM  all    0.25    0.00   29.04    0.00    0.13    0.38    0.00    0.00    0.00   70.21
04:25:35 AM    0    1.01    0.00   66.67    0.00    0.00    0.00    0.00    0.00    0.00   32.32
04:25:35 AM    1    1.00    0.00   66.00    0.00    1.00    0.00    0.00    0.00    0.00   32.00
04:25:35 AM    2    0.00    0.00    0.00    0.00    0.00    2.00    0.00    0.00    0.00   98.00
04:25:35 AM    3    0.00    0.00  100.00    0.00    0.00    0.00    0.00    0.00    0.00    0.00
04:25:35 AM    4    0.00    0.00    0.00    0.00    0.00    0.00    0.00    0.00    0.00  100.00
04:25:35 AM    5    0.00    0.00    0.00    0.00    0.00    1.00    0.00    0.00    0.00   99.00
04:25:35 AM    6    0.00    0.00    0.00    0.00    0.00    0.00    0.00    0.00    0.00  100.00
04:25:35 AM    7    0.00    0.00    0.00    0.00    0.00    0.00    0.00    0.00    0.00  100.00

04:25:35 AM  CPU    %usr   %nice    %sys %iowait    %irq   %soft  %steal  %guest  %gnice   %idle
04:25:36 AM  all    0.13    0.00   29.26    0.00    0.13    0.25    0.00    0.00    0.00   70.24
04:25:36 AM    0    0.00    0.00   68.37    0.00    1.02    0.00    0.00    0.00    0.00   30.61
04:25:36 AM    1    1.04    0.00   67.71    0.00    0.00    0.00    0.00    0.00    0.00   31.25
04:25:36 AM    2    0.00    0.00    0.00    0.00    0.00    2.02    0.00    0.00    0.00   97.98
04:25:36 AM    3    0.00    0.00  100.00    0.00    0.00    0.00    0.00    0.00    0.00    0.00
04:25:36 AM    4    0.00    0.00    0.00    0.00    0.00    0.00    0.00    0.00    0.00  100.00
04:25:36 AM    5    0.00    0.00    0.00    0.00    0.00    0.00    0.00    0.00    0.00  100.00
04:25:36 AM    6    0.00    0.00    0.00    0.00    0.00    0.00    0.00    0.00    0.00  100.00
04:25:36 AM    7    0.00    0.00    0.00    0.00    0.00    0.00    0.00    0.00    0.00  100.00

04:25:36 AM  CPU    %usr   %nice    %sys %iowait    %irq   %soft  %steal  %guest  %gnice   %idle
04:25:37 AM  all    0.50    0.00   28.48    0.00    0.00    0.38    0.00    0.00    0.00   70.64
04:25:37 AM    0    2.02    0.00   60.61    0.00    0.00    1.01    0.00    0.00    0.00   36.36
04:25:37 AM    1    2.02    0.00   67.68    0.00    0.00    0.00    0.00    0.00    0.00   30.30
04:25:37 AM    2    0.00    0.00    0.00    0.00    0.00    2.00    0.00    0.00    0.00   98.00
04:25:37 AM    3    0.00    0.00  100.00    0.00    0.00    0.00    0.00    0.00    0.00    0.00
04:25:37 AM    4    0.00    0.00    0.00    0.00    0.00    0.00    0.00    0.00    0.00  100.00
04:25:37 AM    5    0.00    0.00    0.00    0.00    0.00    0.00    0.00    0.00    0.00  100.00
04:25:37 AM    6    0.00    0.00    0.00    0.00    0.00    0.00    0.00    0.00    0.00  100.00
04:25:37 AM    7    0.00    0.00    0.00    0.00    0.00    0.00    0.00    0.00    0.00  100.00

04:25:37 AM  CPU    %usr   %nice    %sys %iowait    %irq   %soft  %steal  %guest  %gnice   %idle
04:25:38 AM  all    0.25    0.00   28.57    0.00    0.13    0.25    0.00    0.00    0.00   70.80
04:25:38 AM    0    1.02    0.00   64.29    0.00    0.00    0.00    0.00    0.00    0.00   34.69
04:25:38 AM    1    1.01    0.00   65.66    0.00    0.00    0.00    0.00    0.00    0.00   33.33
04:25:38 AM    2    0.00    0.00    0.00    0.00    0.00    2.00    0.00    0.00    0.00   98.00
04:25:38 AM    3    0.00    0.00  100.00    0.00    0.00    0.00    0.00    0.00    0.00    0.00
04:25:38 AM    4    0.00    0.00    0.00    0.00    0.00    0.00    0.00    0.00    0.00  100.00
04:25:38 AM    5    0.00    0.00    0.00    0.00    0.99    0.00    0.00    0.00    0.00   99.01
04:25:38 AM    6    0.00    0.00    0.00    0.00    0.00    0.00    0.00    0.00    0.00  100.00
04:25:38 AM    7    0.00    0.00    0.00    0.00    0.00    0.00    0.00    0.00    0.00  100.00

04:25:38 AM  CPU    %usr   %nice    %sys %iowait    %irq   %soft  %steal  %guest  %gnice   %idle
04:25:39 AM  all    0.25    0.00   28.62    0.00    0.38    0.38    0.00    0.00    0.00   70.38
04:25:39 AM    0    1.00    0.00   63.00    0.00    1.00    0.00    0.00    0.00    0.00   35.00
04:25:39 AM    1    1.02    0.00   67.35    0.00    1.02    0.00    0.00    0.00    0.00   30.61
04:25:39 AM    2    0.00    0.00    0.00    0.00    0.99    1.98    0.00    0.00    0.00   97.03
04:25:39 AM    3    0.00    0.00  100.00    0.00    0.00    0.00    0.00    0.00    0.00    0.00
04:25:39 AM    4    0.00    0.00    0.00    0.00    0.00    0.00    0.00    0.00    0.00  100.00
04:25:39 AM    5    0.00    0.00    0.00    0.00    0.00    0.99    0.00    0.00    0.00   99.01
04:25:39 AM    6    0.00    0.00    0.00    0.00    0.00    0.00    0.00    0.00    0.00  100.00
04:25:39 AM    7    0.00    0.00    0.00    0.00    0.00    0.00    0.00    0.00    0.00  100.00

04:25:39 AM  CPU    %usr   %nice    %sys %iowait    %irq   %soft  %steal  %guest  %gnice   %idle
04:25:40 AM  all    0.38    0.00   29.43    0.00    0.00    0.13    0.00    0.00    0.00   70.06
04:25:40 AM    0    1.02    0.00   63.27    0.00    0.00    0.00    0.00    0.00    0.00   35.71
04:25:40 AM    1    2.02    0.00   72.73    0.00    0.00    0.00    0.00    0.00    0.00   25.25
04:25:40 AM    2    0.00    0.00    0.00    0.00    0.00    1.01    0.00    0.00    0.00   98.99
04:25:40 AM    3    0.00    0.00  100.00    0.00    0.00    0.00    0.00    0.00    0.00    0.00
04:25:40 AM    4    0.00    0.00    0.00    0.00    0.00    0.00    0.00    0.00    0.00  100.00
04:25:40 AM    5    0.00    0.00    0.00    0.00    0.00    0.00    0.00    0.00    0.00  100.00
04:25:40 AM    6    0.00    0.00    0.00    0.00    0.00    0.00    0.00    0.00    0.00  100.00
04:25:40 AM    7    0.00    0.00    0.00    0.00    0.00    0.00    0.00    0.00    0.00  100.00

04:25:40 AM  CPU    %usr   %nice    %sys %iowait    %irq   %soft  %steal  %guest  %gnice   %idle
04:25:41 AM  all    0.25    0.00   28.98    0.00    0.00    0.25    0.00    0.00    0.00   70.51
04:25:41 AM    0    1.01    0.00   67.68    0.00    0.00    0.00    0.00    0.00    0.00   31.31
04:25:41 AM    1    1.01    0.00   64.65    0.00    0.00    0.00    0.00    0.00    0.00   34.34
04:25:41 AM    2    0.00    0.00    0.00    0.00    0.00    2.02    0.00    0.00    0.00   97.98
04:25:41 AM    3    0.00    0.00  100.00    0.00    0.00    0.00    0.00    0.00    0.00    0.00
04:25:41 AM    4    0.00    0.00    0.00    0.00    0.00    0.00    0.00    0.00    0.00  100.00
04:25:41 AM    5    0.00    0.00    0.00    0.00    0.00    0.00    0.00    0.00    0.00  100.00
04:25:41 AM    6    0.00    0.00    0.00    0.00    0.00    0.00    0.00    0.00    0.00  100.00
04:25:41 AM    7    0.00    0.00    0.00    0.00    0.00    0.00    0.00    0.00    0.00  100.00

04:25:41 AM  CPU    %usr   %nice    %sys %iowait    %irq   %soft  %steal  %guest  %gnice   %idle
04:25:42 AM  all    0.25    0.00   29.16    0.00    0.25    0.38    0.00    0.00    0.00   69.96
04:25:42 AM    0    1.00    0.00   70.00    0.00    1.00    1.00    0.00    0.00    0.00   27.00
04:25:42 AM    1    1.01    0.00   63.64    0.00    1.01    0.00    0.00    0.00    0.00   34.34
04:25:42 AM    2    0.00    0.00    0.00    0.00    0.00    2.00    0.00    0.00    0.00   98.00
04:25:42 AM    3    0.00    0.00  100.00    0.00    0.00    0.00    0.00    0.00    0.00    0.00
04:25:42 AM    4    0.00    0.00    0.00    0.00    0.00    0.00    0.00    0.00    0.00  100.00
04:25:42 AM    5    0.00    0.00    0.00    0.00    0.00    0.00    0.00    0.00    0.00  100.00
04:25:42 AM    6    0.00    0.00    0.00    0.00    0.00    0.00    0.00    0.00    0.00  100.00
04:25:42 AM    7    0.00    0.00    0.00    0.00    0.00    0.00    0.00    0.00    0.00  100.00

04:25:42 AM  CPU    %usr   %nice    %sys %iowait    %irq   %soft  %steal  %guest  %gnice   %idle
04:25:43 AM  all    0.25    0.00   29.89    0.12    0.12    0.50    0.00    0.00    0.00   69.12
04:25:43 AM    0    1.00    0.00   70.00    1.00    0.00    0.00    0.00    0.00    0.00   28.00
04:25:43 AM    1    0.98    0.00   68.63    0.00    0.00    0.98    0.00    0.00    0.00   29.41
04:25:43 AM    2    0.00    0.00    0.00    0.00    0.99    1.98    0.00    0.00    0.00   97.03
04:25:43 AM    3    0.00    0.00  100.00    0.00    0.00    0.00    0.00    0.00    0.00    0.00
04:25:43 AM    4    0.00    0.00    0.00    0.00    0.00    0.00    0.00    0.00    0.00  100.00
04:25:43 AM    5    0.00    0.00    0.00    0.00    0.00    1.00    0.00    0.00    0.00   99.00
04:25:43 AM    6    0.00    0.00    0.00    0.00    0.00    0.00    0.00    0.00    0.00  100.00
04:25:43 AM    7    0.00    0.00    0.00    0.00    0.00    0.00    0.00    0.00    0.00  100.00

04:25:43 AM  CPU    %usr   %nice    %sys %iowait    %irq   %soft  %steal  %guest  %gnice   %idle
04:25:44 AM  all    0.38    0.00   28.81    0.00    0.00    0.25    0.00    0.00    0.00   70.57
04:25:44 AM    0    2.04    0.00   65.31    0.00    0.00    0.00    0.00    0.00    0.00   32.65
04:25:44 AM    1    1.02    0.00   66.33    0.00    0.00    0.00    0.00    0.00    0.00   32.65
04:25:44 AM    2    0.00    0.00    0.00    0.00    0.00    2.02    0.00    0.00    0.00   97.98
04:25:44 AM    3    0.00    0.00  100.00    0.00    0.00    0.00    0.00    0.00    0.00    0.00
04:25:44 AM    4    0.00    0.00    0.00    0.00    0.00    0.00    0.00    0.00    0.00  100.00
04:25:44 AM    5    0.00    0.00    0.00    0.00    0.00    0.00    0.00    0.00    0.00  100.00
04:25:44 AM    6    0.00    0.00    0.00    0.00    0.00    0.00    0.00    0.00    0.00  100.00
04:25:44 AM    7    0.00    0.00    0.00    0.00    0.00    0.00    0.00    0.00    0.00  100.00

04:25:44 AM  CPU    %usr   %nice    %sys %iowait    %irq   %soft  %steal  %guest  %gnice   %idle
04:25:45 AM  all    0.25    0.00   28.34    0.00    0.13    0.25    0.00    0.00    0.00   71.03
04:25:45 AM    0    1.04    0.00   63.54    0.00    1.04    0.00    0.00    0.00    0.00   34.38
04:25:45 AM    1    1.01    0.00   64.65    0.00    0.00    0.00    0.00    0.00    0.00   34.34
04:25:45 AM    2    0.00    0.00    0.00    0.00    0.00    2.00    0.00    0.00    0.00   98.00
04:25:45 AM    3    0.00    0.00  100.00    0.00    0.00    0.00    0.00    0.00    0.00    0.00
04:25:45 AM    4    0.00    0.00    0.00    0.00    0.00    0.00    0.00    0.00    0.00  100.00
04:25:45 AM    5    0.00    0.00    0.00    0.00    0.00    0.00    0.00    0.00    0.00  100.00
04:25:45 AM    6    0.00    0.00    0.00    0.00    0.00    0.00    0.00    0.00    0.00  100.00
04:25:45 AM    7    0.00    0.00    0.00    0.00    0.00    0.00    0.00    0.00    0.00  100.00

04:25:45 AM  CPU    %usr   %nice    %sys %iowait    %irq   %soft  %steal  %guest  %gnice   %idle
04:25:46 AM  all    0.25    0.00   29.82    0.00    0.13    0.25    0.00    0.00    0.00   69.55
04:25:46 AM    0    1.00    0.00   70.00    0.00    0.00    0.00    0.00    0.00    0.00   29.00
04:25:46 AM    1    1.03    0.00   70.10    0.00    1.03    0.00    0.00    0.00    0.00   27.84
04:25:46 AM    2    0.00    0.00    0.00    0.00    0.00    2.00    0.00    0.00    0.00   98.00
04:25:46 AM    3    0.00    0.00  100.00    0.00    0.00    0.00    0.00    0.00    0.00    0.00
04:25:46 AM    4    0.00    0.00    0.00    0.00    0.00    0.00    0.00    0.00    0.00  100.00
04:25:46 AM    5    0.00    0.00    0.00    0.00    0.00    0.00    0.00    0.00    0.00  100.00
04:25:46 AM    6    0.00    0.00    0.00    0.00    0.00    0.00    0.00    0.00    0.00  100.00
04:25:46 AM    7    0.00    0.00    0.00    0.00    0.00    0.00    0.00    0.00    0.00  100.00

04:25:46 AM  CPU    %usr   %nice    %sys %iowait    %irq   %soft  %steal  %guest  %gnice   %idle
04:25:47 AM  all    0.38    0.00   28.45    0.00    0.00    0.38    0.00    0.00    0.00   70.80
04:25:47 AM    0    1.01    0.00   62.63    0.00    0.00    1.01    0.00    0.00    0.00   35.35
04:25:47 AM    1    2.00    0.00   65.00    0.00    0.00    0.00    0.00    0.00    0.00   33.00
04:25:47 AM    2    0.00    0.00    0.00    0.00    0.00    2.02    0.00    0.00    0.00   97.98
04:25:47 AM    3    0.00    0.00  100.00    0.00    0.00    0.00    0.00    0.00    0.00    0.00
04:25:47 AM    4    0.00    0.00    0.00    0.00    0.00    0.00    0.00    0.00    0.00  100.00
04:25:47 AM    5    0.00    0.00    0.00    0.00    0.00    0.00    0.00    0.00    0.00  100.00
04:25:47 AM    6    0.00    0.00    0.00    0.00    0.00    0.00    0.00    0.00    0.00  100.00
04:25:47 AM    7    0.00    0.00    0.00    0.00    0.00    0.00    0.00    0.00    0.00  100.00

04:25:47 AM  CPU    %usr   %nice    %sys %iowait    %irq   %soft  %steal  %guest  %gnice   %idle
04:25:48 AM  all    0.38    0.00   30.63    0.00    0.25    0.38    0.00    0.00    0.00   68.38
04:25:48 AM    0    2.00    0.00   73.00    0.00    1.00    0.00    0.00    0.00    0.00   24.00
04:25:48 AM    1    1.01    0.00   72.73    0.00    0.00    0.00    0.00    0.00    0.00   26.26
04:25:48 AM    2    0.00    0.00    0.00    0.00    0.99    1.98    0.00    0.00    0.00   97.03
04:25:48 AM    3    0.00    0.00  100.00    0.00    0.00    0.00    0.00    0.00    0.00    0.00
04:25:48 AM    4    0.00    0.00    0.00    0.00    0.00    0.00    0.00    0.00    0.00  100.00
04:25:48 AM    5    0.00    0.00    0.00    0.00    0.00    1.00    0.00    0.00    0.00   99.00
04:25:48 AM    6    0.00    0.00    0.00    0.00    0.00    0.00    0.00    0.00    0.00  100.00
04:25:48 AM    7    0.00    0.00    0.00    0.00    0.00    0.00    0.00    0.00    0.00  100.00

04:25:48 AM  CPU    %usr   %nice    %sys %iowait    %irq   %soft  %steal  %guest  %gnice   %idle
04:25:49 AM  all    0.38    0.00   29.45    0.00    0.13    0.13    0.00    0.00    0.00   69.92
04:25:49 AM    0    1.00    0.00   68.00    0.00    0.00    0.00    0.00    0.00    0.00   31.00
04:25:49 AM    1    2.02    0.00   67.68    0.00    1.01    0.00    0.00    0.00    0.00   29.29
04:25:49 AM    2    0.00    0.00    0.00    0.00    0.00    1.01    0.00    0.00    0.00   98.99
04:25:49 AM    3    0.00    0.00  100.00    0.00    0.00    0.00    0.00    0.00    0.00    0.00
04:25:49 AM    4    0.00    0.00    0.00    0.00    0.00    0.00    0.00    0.00    0.00  100.00
04:25:49 AM    5    0.00    0.00    0.00    0.00    0.00    0.00    0.00    0.00    0.00  100.00
04:25:49 AM    6    0.00    0.00    0.00    0.00    0.00    0.00    0.00    0.00    0.00  100.00
04:25:49 AM    7    0.00    0.00    0.00    0.00    0.00    0.00    0.00    0.00    0.00  100.00

04:25:49 AM  CPU    %usr   %nice    %sys %iowait    %irq   %soft  %steal  %guest  %gnice   %idle
04:25:50 AM  all    0.25    0.00   28.61    0.00    0.00    0.25    0.00    0.00    0.00   70.89
04:25:50 AM    0    1.98    0.00   64.36    0.00    0.00    0.00    0.00    0.00    0.00   33.66
04:25:50 AM    1    0.00    0.00   64.95    0.00    0.00    0.00    0.00    0.00    0.00   35.05
04:25:50 AM    2    0.00    0.00    0.00    0.00    0.00    2.02    0.00    0.00    0.00   97.98
04:25:50 AM    3    0.00    0.00  100.00    0.00    0.00    0.00    0.00    0.00    0.00    0.00
04:25:50 AM    4    0.00    0.00    0.00    0.00    0.00    0.00    0.00    0.00    0.00  100.00
04:25:50 AM    5    0.00    0.00    0.00    0.00    0.00    0.00    0.00    0.00    0.00  100.00
04:25:50 AM    6    0.00    0.00    0.00    0.00    0.00    0.00    0.00    0.00    0.00  100.00
04:25:50 AM    7    0.00    0.00    0.00    0.00    0.00    0.00    0.00    0.00    0.00  100.00

04:25:50 AM  CPU    %usr   %nice    %sys %iowait    %irq   %soft  %steal  %guest  %gnice   %idle
04:25:51 AM  all    0.25    0.00   29.56    0.00    0.25    0.25    0.00    0.00    0.00   69.69
04:25:51 AM    0    0.00    0.00   71.43    0.00    1.02    0.00    0.00    0.00    0.00   27.55
04:25:51 AM    1    2.06    0.00   67.01    0.00    0.00    0.00    0.00    0.00    0.00   30.93
04:25:51 AM    2    0.00    0.00    0.00    0.00    0.00    2.00    0.00    0.00    0.00   98.00
04:25:51 AM    3    0.00    0.00  100.00    0.00    0.00    0.00    0.00    0.00    0.00    0.00
04:25:51 AM    4    0.00    0.00    0.00    0.00    0.00    0.00    0.00    0.00    0.00  100.00
04:25:51 AM    5    0.00    0.00    0.00    0.00    1.00    0.00    0.00    0.00    0.00   99.00
04:25:51 AM    6    0.00    0.00    0.00    0.00    0.00    0.00    0.00    0.00    0.00  100.00
04:25:51 AM    7    0.00    0.00    0.00    0.00    0.00    0.00    0.00    0.00    0.00  100.00

04:25:51 AM  CPU    %usr   %nice    %sys %iowait    %irq   %soft  %steal  %guest  %gnice   %idle
04:25:52 AM  all    0.37    0.00   28.61    0.00    0.12    0.50    0.00    0.00    0.00   70.40
04:25:52 AM    0    1.98    0.00   61.39    0.00    0.00    0.99    0.00    0.00    0.00   35.64
04:25:52 AM    1    0.98    0.00   66.67    0.00    0.00    0.98    0.00    0.00    0.00   31.37
04:25:52 AM    2    0.00    0.00    0.00    0.00    0.99    1.98    0.00    0.00    0.00   97.03
04:25:52 AM    3    0.00    0.00  100.00    0.00    0.00    0.00    0.00    0.00    0.00    0.00
04:25:52 AM    4    0.00    0.00    0.00    0.00    0.00    0.00    0.00    0.00    0.00  100.00
04:25:52 AM    5    0.00    0.00    0.00    0.00    0.00    0.00    0.00    0.00    0.00  100.00
04:25:52 AM    6    0.00    0.00    0.00    0.00    0.00    0.00    0.00    0.00    0.00  100.00
04:25:52 AM    7    0.00    0.00    0.00    0.00    0.00    0.00    0.00    0.00    0.00  100.00

04:25:52 AM  CPU    %usr   %nice    %sys %iowait    %irq   %soft  %steal  %guest  %gnice   %idle
04:25:53 AM  all    0.25    0.00   30.11    0.00    0.13    0.38    0.00    0.00    0.00   69.13
04:25:53 AM    0    1.01    0.00   69.70    0.00    0.00    0.00    0.00    0.00    0.00   29.29
04:25:53 AM    1    1.02    0.00   72.45    0.00    1.02    0.00    0.00    0.00    0.00   25.51
04:25:53 AM    2    0.00    0.00    0.00    0.00    0.00    2.00    0.00    0.00    0.00   98.00
04:25:53 AM    3    0.00    0.00  100.00    0.00    0.00    0.00    0.00    0.00    0.00    0.00
04:25:53 AM    4    0.00    0.00    0.00    0.00    0.00    0.00    0.00    0.00    0.00  100.00
04:25:53 AM    5    0.00    0.00    0.00    0.00    0.00    1.00    0.00    0.00    0.00   99.00
04:25:53 AM    6    0.00    0.00    0.00    0.00    0.00    0.00    0.00    0.00    0.00  100.00
04:25:53 AM    7    0.00    0.00    0.00    0.00    0.00    0.00    0.00    0.00    0.00  100.00

04:25:53 AM  CPU    %usr   %nice    %sys %iowait    %irq   %soft  %steal  %guest  %gnice   %idle
04:25:54 AM  all    0.38    0.00   29.23    0.00    0.13    0.25    0.00    0.00    0.00   70.01
04:25:54 AM    0    1.01    0.00   65.66    0.00    1.01    0.00    0.00    0.00    0.00   32.32
04:25:54 AM    1    2.02    0.00   68.69    0.00    0.00    0.00    0.00    0.00    0.00   29.29
04:25:54 AM    2    0.00    0.00    0.00    0.00    0.00    2.02    0.00    0.00    0.00   97.98
04:25:54 AM    3    0.00    0.00  100.00    0.00    0.00    0.00    0.00    0.00    0.00    0.00
04:25:54 AM    4    0.00    0.00    0.00    0.00    0.00    0.00    0.00    0.00    0.00  100.00
04:25:54 AM    5    0.00    0.00    0.00    0.00    0.00    0.00    0.00    0.00    0.00  100.00
04:25:54 AM    6    0.00    0.00    0.00    0.00    0.00    0.00    0.00    0.00    0.00  100.00
04:25:54 AM    7    0.00    0.00    0.00    0.00    0.00    0.00    0.00    0.00    0.00  100.00

04:25:54 AM  CPU    %usr   %nice    %sys %iowait    %irq   %soft  %steal  %guest  %gnice   %idle
04:25:55 AM  all    0.13    0.00   29.52    0.00    0.00    0.25    0.00    0.00    0.00   70.10
04:25:55 AM    0    0.00    0.00   71.43    0.00    0.00    0.00    0.00    0.00    0.00   28.57
04:25:55 AM    1    1.02    0.00   66.33    0.00    0.00    0.00    0.00    0.00    0.00   32.65
04:25:55 AM    2    0.00    0.00    0.00    0.00    0.00    2.00    0.00    0.00    0.00   98.00
04:25:55 AM    3    0.00    0.00  100.00    0.00    0.00    0.00    0.00    0.00    0.00    0.00
04:25:55 AM    4    0.00    0.00    0.00    0.00    0.00    0.00    0.00    0.00    0.00  100.00
04:25:55 AM    5    0.00    0.00    0.00    0.00    0.00    0.00    0.00    0.00    0.00  100.00
04:25:55 AM    6    0.00    0.00    0.00    0.00    0.00    0.00    0.00    0.00    0.00  100.00
04:25:55 AM    7    0.00    0.00    0.00    0.00    0.00    0.00    0.00    0.00    0.00  100.00

04:25:55 AM  CPU    %usr   %nice    %sys %iowait    %irq   %soft  %steal  %guest  %gnice   %idle
04:25:56 AM  all    0.38    0.00   29.23    0.00    0.13    0.13    0.00    0.00    0.00   70.14
04:25:56 AM    0    2.02    0.00   66.67    0.00    0.00    0.00    0.00    0.00    0.00   31.31
04:25:56 AM    1    1.00    0.00   67.00    0.00    1.00    0.00    0.00    0.00    0.00   31.00
04:25:56 AM    2    0.00    0.00    0.00    0.00    0.00    1.01    0.00    0.00    0.00   98.99
04:25:56 AM    3    0.00    0.00  100.00    0.00    0.00    0.00    0.00    0.00    0.00    0.00
04:25:56 AM    4    0.00    0.00    0.00    0.00    0.00    0.00    0.00    0.00    0.00  100.00
04:25:56 AM    5    0.00    0.00    0.00    0.00    0.00    0.00    0.00    0.00    0.00  100.00
04:25:56 AM    6    0.00    0.00    0.00    0.00    0.00    0.00    0.00    0.00    0.00  100.00
04:25:56 AM    7    0.00    0.00    0.00    0.00    0.00    0.00    0.00    0.00    0.00  100.00

04:25:56 AM  CPU    %usr   %nice    %sys %iowait    %irq   %soft  %steal  %guest  %gnice   %idle
04:25:57 AM  all    0.25    0.00   29.49    0.00    0.25    0.50    0.00    0.00    0.00   69.51
04:25:57 AM    0    1.00    0.00   68.00    0.00    1.00    1.00    0.00    0.00    0.00   29.00
04:25:57 AM    1    1.04    0.00   69.79    0.00    0.00    0.00    0.00    0.00    0.00   29.17
04:25:57 AM    2    0.00    0.00    0.00    0.00    1.00    2.00    0.00    0.00    0.00   97.00
04:25:57 AM    3    0.00    0.00  100.00    0.00    0.00    0.00    0.00    0.00    0.00    0.00
04:25:57 AM    4    0.00    0.00    0.00    0.00    0.00    0.00    0.00    0.00    0.00  100.00
04:25:57 AM    5    0.00    0.00    0.00    0.00    0.00    0.99    0.00    0.00    0.00   99.01
04:25:57 AM    6    0.00    0.00    0.00    0.00    0.00    0.00    0.00    0.00    0.00  100.00
04:25:57 AM    7    0.00    0.00    0.00    0.00    0.00    0.00    0.00    0.00    0.00  100.00

04:25:57 AM  CPU    %usr   %nice    %sys %iowait    %irq   %soft  %steal  %guest  %gnice   %idle
04:25:58 AM  all    0.50    0.00   28.86    0.00    0.00    0.25    0.00    0.00    0.00   70.39
04:25:58 AM    0    2.06    0.00   67.01    0.00    0.00    0.00    0.00    0.00    0.00   30.93
04:25:58 AM    1    1.98    0.00   64.36    0.00    0.00    0.00    0.00    0.00    0.00   33.66
04:25:58 AM    2    0.00    0.00    0.00    0.00    0.00    2.00    0.00    0.00    0.00   98.00
04:25:58 AM    3    0.00    0.00  100.00    0.00    0.00    0.00    0.00    0.00    0.00    0.00
04:25:58 AM    4    0.00    0.00    0.00    0.00    0.00    0.00    0.00    0.00    0.00  100.00
04:25:58 AM    5    0.00    0.00    0.00    0.00    0.00    0.00    0.00    0.00    0.00  100.00
04:25:58 AM    6    0.00    0.00    0.00    0.00    0.00    0.00    0.00    0.00    0.00  100.00
04:25:58 AM    7    0.00    0.00    0.00    0.00    0.00    0.00    0.00    0.00    0.00  100.00

04:25:58 AM  CPU    %usr   %nice    %sys %iowait    %irq   %soft  %steal  %guest  %gnice   %idle
04:25:59 AM  all    0.13    0.00   28.77    0.00    0.13    0.25    0.00    0.00    0.00   70.73
04:25:59 AM    0    0.00    0.00   64.29    0.00    1.02    0.00    0.00    0.00    0.00   34.69
04:25:59 AM    1    1.02    0.00   67.35    0.00    0.00    0.00    0.00    0.00    0.00   31.63
04:25:59 AM    2    0.00    0.00    0.00    0.00    0.00    2.00    0.00    0.00    0.00   98.00
04:25:59 AM    3    0.00    0.00  100.00    0.00    0.00    0.00    0.00    0.00    0.00    0.00
04:25:59 AM    4    0.00    0.00    0.00    0.00    0.00    0.00    0.00    0.00    0.00  100.00
04:25:59 AM    5    0.00    0.00    0.00    0.00    0.00    0.00    0.00    0.00    0.00  100.00
04:25:59 AM    6    0.00    0.00    0.00    0.00    0.00    0.00    0.00    0.00    0.00  100.00
04:25:59 AM    7    0.00    0.00    0.00    0.00    0.00    0.00    0.00    0.00    0.00  100.00

04:25:59 AM  CPU    %usr   %nice    %sys %iowait    %irq   %soft  %steal  %guest  %gnice   %idle
04:26:00 AM  all    0.25    0.00   29.31    0.00    0.13    0.25    0.00    0.00    0.00   70.06
04:26:00 AM    0    1.04    0.00   66.67    0.00    0.00    0.00    0.00    0.00    0.00   32.29
04:26:00 AM    1    1.01    0.00   69.70    0.00    1.01    0.00    0.00    0.00    0.00   28.28
04:26:00 AM    2    0.00    0.00    0.00    0.00    0.00    2.00    0.00    0.00    0.00   98.00
04:26:00 AM    3    0.00    0.00  100.00    0.00    0.00    0.00    0.00    0.00    0.00    0.00
04:26:00 AM    4    0.00    0.00    0.00    0.00    0.00    0.00    0.00    0.00    0.00  100.00
04:26:00 AM    5    0.00    0.00    0.00    0.00    0.00    0.00    0.00    0.00    0.00  100.00
04:26:00 AM    6    0.00    0.00    0.00    0.00    0.00    0.00    0.00    0.00    0.00  100.00
04:26:00 AM    7    0.00    0.00    0.00    0.00    0.00    0.00    0.00    0.00    0.00  100.00

04:26:00 AM  CPU    %usr   %nice    %sys %iowait    %irq   %soft  %steal  %guest  %gnice   %idle
04:26:01 AM  all    0.25    0.00   30.38    0.00    0.12    0.50    0.00    0.00    0.00   68.75
04:26:01 AM    0    1.01    0.00   72.73    0.00    0.00    0.00    0.00    0.00    0.00   26.26
04:26:01 AM    1    0.99    0.00   70.30    0.00    0.00    0.99    0.00    0.00    0.00   27.72
04:26:01 AM    2    0.00    0.00    0.00    0.00    1.00    2.00    0.00    0.00    0.00   97.00
04:26:01 AM    3    0.00    0.00  100.00    0.00    0.00    0.00    0.00    0.00    0.00    0.00
04:26:01 AM    4    0.00    0.00    0.00    0.00    0.00    0.00    0.00    0.00    0.00  100.00
04:26:01 AM    5    0.00    0.00    0.00    0.00    0.00    1.00    0.00    0.00    0.00   99.00
04:26:01 AM    6    0.00    0.00    0.00    0.00    0.00    0.00    0.00    0.00    0.00  100.00
04:26:01 AM    7    0.00    0.00    0.00    0.00    0.00    0.00    0.00    0.00    0.00  100.00

04:26:01 AM  CPU    %usr   %nice    %sys %iowait    %irq   %soft  %steal  %guest  %gnice   %idle
04:26:02 AM  all    0.38    0.00   28.93    0.00    0.13    0.25    0.00    0.00    0.00   70.31
04:26:02 AM    0    2.04    0.00   67.35    0.00    1.02    0.00    0.00    0.00    0.00   29.59
04:26:02 AM    1    1.03    0.00   65.98    0.00    0.00    0.00    0.00    0.00    0.00   32.99
04:26:02 AM    2    0.00    0.00    0.00    0.00    0.00    2.00    0.00    0.00    0.00   98.00
04:26:02 AM    3    0.00    0.00  100.00    0.00    0.00    0.00    0.00    0.00    0.00    0.00
04:26:02 AM    4    0.00    0.00    0.00    0.00    0.00    0.00    0.00    0.00    0.00  100.00
04:26:02 AM    5    0.00    0.00    0.00    0.00    0.00    0.00    0.00    0.00    0.00  100.00
04:26:02 AM    6    0.00    0.00    0.00    0.00    0.00    0.00    0.00    0.00    0.00  100.00
04:26:02 AM    7    0.00    0.00    0.00    0.00    0.00    0.00    0.00    0.00    0.00  100.00

04:26:02 AM  CPU    %usr   %nice    %sys %iowait    %irq   %soft  %steal  %guest  %gnice   %idle
04:26:03 AM  all    0.13    0.00   27.94    0.00    0.00    0.38    0.00    0.00    0.00   71.55
04:26:03 AM    0    0.00    0.00   61.00    0.00    0.00    1.00    0.00    0.00    0.00   38.00
04:26:03 AM    1    1.02    0.00   63.27    0.00    0.00    0.00    0.00    0.00    0.00   35.71
04:26:03 AM    2    0.00    0.00    0.00    0.00    0.00    2.00    0.00    0.00    0.00   98.00
04:26:03 AM    3    0.00    0.00  100.00    0.00    0.00    0.00    0.00    0.00    0.00    0.00
04:26:03 AM    4    0.00    0.00    0.00    0.00    0.00    0.00    0.00    0.00    0.00  100.00
04:26:03 AM    5    0.00    0.00    0.00    0.00    0.00    0.00    0.00    0.00    0.00  100.00
04:26:03 AM    6    0.00    0.00    0.00    0.00    0.00    0.00    0.00    0.00    0.00  100.00
04:26:03 AM    7    0.00    0.00    0.00    0.00    0.00    0.00    0.00    0.00    0.00  100.00

04:26:03 AM  CPU    %usr   %nice    %sys %iowait    %irq   %soft  %steal  %guest  %gnice   %idle
04:26:04 AM  all    0.13    0.00   29.70    0.00    0.25    0.13    0.00    0.00    0.00   69.80
04:26:04 AM    0    1.02    0.00   66.33    0.00    0.00    0.00    0.00    0.00    0.00   32.65
04:26:04 AM    1    0.00    0.00   71.29    0.00    0.99    0.00    0.00    0.00    0.00   27.72
04:26:04 AM    2    0.00    0.00    0.00    0.00    0.00    1.02    0.00    0.00    0.00   98.98
04:26:04 AM    3    0.00    0.00  100.00    0.00    0.00    0.00    0.00    0.00    0.00    0.00
04:26:04 AM    4    0.00    0.00    0.00    0.00    0.00    0.00    0.00    0.00    0.00  100.00
04:26:04 AM    5    0.00    0.00    0.00    0.00    0.99    0.00    0.00    0.00    0.00   99.01
04:26:04 AM    6    0.00    0.00    0.00    0.00    0.00    0.00    0.00    0.00    0.00  100.00
04:26:04 AM    7    0.00    0.00    0.00    0.00    0.00    0.00    0.00    0.00    0.00  100.00

04:26:04 AM  CPU    %usr   %nice    %sys %iowait    %irq   %soft  %steal  %guest  %gnice   %idle
04:26:05 AM  all    0.50    0.00   28.39    0.00    0.13    0.38    0.00    0.00    0.00   70.60
04:26:05 AM    0    2.04    0.00   63.27    0.00    1.02    0.00    0.00    0.00    0.00   33.67
04:26:05 AM    1    2.06    0.00   65.98    0.00    0.00    0.00    0.00    0.00    0.00   31.96
04:26:05 AM    2    0.00    0.00    0.00    0.00    0.00    2.00    0.00    0.00    0.00   98.00
04:26:05 AM    3    0.00    0.00  100.00    0.00    0.00    0.00    0.00    0.00    0.00    0.00
04:26:05 AM    4    0.00    0.00    0.00    0.00    0.00    0.00    0.00    0.00    0.00  100.00
04:26:05 AM    5    0.00    0.00    0.00    0.00    0.00    0.99    0.00    0.00    0.00   99.01
04:26:05 AM    6    0.00    0.00    0.00    0.00    0.00    0.00    0.00    0.00    0.00  100.00
04:26:05 AM    7    0.00    0.00    0.00    0.00    0.00    0.00    0.00    0.00    0.00  100.00

04:26:05 AM  CPU    %usr   %nice    %sys %iowait    %irq   %soft  %steal  %guest  %gnice   %idle
04:26:06 AM  all    0.25    0.00   28.52    0.00    0.13    0.25    0.00    0.00    0.00   70.85
04:26:06 AM    0    1.02    0.00   65.31    0.00    0.00    0.00    0.00    0.00    0.00   33.67
04:26:06 AM    1    1.03    0.00   64.95    0.00    0.00    0.00    0.00    0.00    0.00   34.02
04:26:06 AM    2    0.00    0.00    0.00    0.00    0.99    1.98    0.00    0.00    0.00   97.03
04:26:06 AM    3    0.00    0.00  100.00    0.00    0.00    0.00    0.00    0.00    0.00    0.00
04:26:06 AM    4    0.00    0.00    0.00    0.00    0.00    0.00    0.00    0.00    0.00  100.00
04:26:06 AM    5    0.00    0.00    0.00    0.00    0.00    0.00    0.00    0.00    0.00  100.00
04:26:06 AM    6    0.00    0.00    0.00    0.00    0.00    0.00    0.00    0.00    0.00  100.00
04:26:06 AM    7    0.00    0.00    0.00    0.00    0.00    0.00    0.00    0.00    0.00  100.00

04:26:06 AM  CPU    %usr   %nice    %sys %iowait    %irq   %soft  %steal  %guest  %gnice   %idle
04:26:07 AM  all    0.25    0.00   28.93    0.00    0.13    0.25    0.00    0.00    0.00   70.44
04:26:07 AM    0    1.05    0.00   64.21    0.00    0.00    0.00    0.00    0.00    0.00   34.74
04:26:07 AM    1    1.00    0.00   69.00    0.00    1.00    0.00    0.00    0.00    0.00   29.00
04:26:07 AM    2    0.00    0.00    0.00    0.00    0.00    2.00    0.00    0.00    0.00   98.00
04:26:07 AM    3    0.00    0.00  100.00    0.00    0.00    0.00    0.00    0.00    0.00    0.00
04:26:07 AM    4    0.00    0.00    0.00    0.00    0.00    0.00    0.00    0.00    0.00  100.00
04:26:07 AM    5    0.00    0.00    0.00    0.00    0.00    0.00    0.00    0.00    0.00  100.00
04:26:07 AM    6    0.00    0.00    0.00    0.00    0.00    0.00    0.00    0.00    0.00  100.00
04:26:07 AM    7    0.00    0.00    0.00    0.00    0.00    0.00    0.00    0.00    0.00  100.00

04:26:07 AM  CPU    %usr   %nice    %sys %iowait    %irq   %soft  %steal  %guest  %gnice   %idle
04:26:08 AM  all    0.38    0.00   30.40    0.00    0.13    0.38    0.00    0.00    0.00   68.72
04:26:08 AM    0    1.00    0.00   72.00    0.00    1.00    1.00    0.00    0.00    0.00   25.00
04:26:08 AM    1    2.06    0.00   72.16    0.00    0.00    0.00    0.00    0.00    0.00   25.77
04:26:08 AM    2    0.00    0.00    0.00    0.00    0.00    2.02    0.00    0.00    0.00   97.98
04:26:08 AM    3    0.00    0.00  100.00    0.00    0.00    0.00    0.00    0.00    0.00    0.00
04:26:08 AM    4    0.00    0.00    0.00    0.00    0.00    0.00    0.00    0.00    0.00  100.00
04:26:08 AM    5    0.00    0.00    0.00    0.00    0.00    0.00    0.00    0.00    0.00  100.00
04:26:08 AM    6    0.00    0.00    0.00    0.00    0.00    0.00    0.00    0.00    0.00  100.00
04:26:08 AM    7    0.00    0.00    0.00    0.00    0.00    0.00    0.00    0.00    0.00  100.00

04:26:08 AM  CPU    %usr   %nice    %sys %iowait    %irq   %soft  %steal  %guest  %gnice   %idle
04:26:09 AM  all    0.25    0.00   30.15    0.00    0.00    0.25    0.00    0.00    0.00   69.35
04:26:09 AM    0    1.00    0.00   70.00    0.00    0.00    0.00    0.00    0.00    0.00   29.00
04:26:09 AM    1    1.03    0.00   72.16    0.00    0.00    0.00    0.00    0.00    0.00   26.80
04:26:09 AM    2    0.00    0.00    0.00    0.00    0.00    2.00    0.00    0.00    0.00   98.00
04:26:09 AM    3    0.00    0.00  100.00    0.00    0.00    0.00    0.00    0.00    0.00    0.00
04:26:09 AM    4    0.00    0.00    0.00    0.00    0.00    0.00    0.00    0.00    0.00  100.00
04:26:09 AM    5    0.00    0.00    0.00    0.00    0.00    0.00    0.00    0.00    0.00  100.00
04:26:09 AM    6    0.00    0.00    0.00    0.00    0.00    0.00    0.00    0.00    0.00  100.00
04:26:09 AM    7    0.00    0.00    0.00    0.00    0.00    0.00    0.00    0.00    0.00  100.00

04:26:09 AM  CPU    %usr   %nice    %sys %iowait    %irq   %soft  %steal  %guest  %gnice   %idle
04:26:10 AM  all    0.38    0.00   28.86    0.00    0.13    0.38    0.00    0.00    0.00   70.26
04:26:10 AM    0    2.04    0.00   64.29    0.00    0.00    0.00    0.00    0.00    0.00   33.67
04:26:10 AM    1    1.02    0.00   68.37    0.00    0.00    1.02    0.00    0.00    0.00   29.59
04:26:10 AM    2    0.00    0.00    0.00    0.00    1.00    1.00    0.00    0.00    0.00   98.00
04:26:10 AM    3    0.00    0.00  100.00    0.00    0.00    0.00    0.00    0.00    0.00    0.00
04:26:10 AM    4    0.00    0.00    0.00    0.00    0.00    0.00    0.00    0.00    0.00  100.00
04:26:10 AM    5    0.00    0.00    0.00    0.00    0.00    0.99    0.00    0.00    0.00   99.01
04:26:10 AM    6    0.00    0.00    0.00    0.00    0.00    0.00    0.00    0.00    0.00  100.00
04:26:10 AM    7    0.00    0.00    0.00    0.00    0.00    0.00    0.00    0.00    0.00  100.00

04:26:10 AM  CPU    %usr   %nice    %sys %iowait    %irq   %soft  %steal  %guest  %gnice   %idle
04:26:11 AM  all    0.25    0.00   29.07    0.00    0.25    0.25    0.00    0.00    0.00   70.18
04:26:11 AM    0    0.00    0.00   68.69    0.00    1.01    0.00    0.00    0.00    0.00   30.30
04:26:11 AM    1    1.98    0.00   63.37    0.00    0.99    0.00    0.00    0.00    0.00   33.66
04:26:11 AM    2    0.00    0.00    0.00    0.00    0.00    2.02    0.00    0.00    0.00   97.98
04:26:11 AM    3    0.00    0.00  100.00    0.00    0.00    0.00    0.00    0.00    0.00    0.00
04:26:11 AM    4    0.00    0.00    0.00    0.00    0.00    0.00    0.00    0.00    0.00  100.00
04:26:11 AM    5    0.00    0.00    0.00    0.00    0.00    0.00    0.00    0.00    0.00  100.00
04:26:11 AM    6    0.00    0.00    0.00    0.00    0.00    0.00    0.00    0.00    0.00  100.00
04:26:11 AM    7    0.00    0.00    0.00    0.00    0.00    0.00    0.00    0.00    0.00  100.00

04:26:11 AM  CPU    %usr   %nice    %sys %iowait    %irq   %soft  %steal  %guest  %gnice   %idle
04:26:12 AM  all    0.38    0.00   29.43    0.00    0.00    0.25    0.00    0.00    0.00   69.94
04:26:12 AM    0    2.08    0.00   64.58    0.00    0.00    0.00    0.00    0.00    0.00   33.33
04:26:12 AM    1    1.01    0.00   72.73    0.00    0.00    0.00    0.00    0.00    0.00   26.26
04:26:12 AM    2    0.00    0.00    0.00    0.00    0.00    2.00    0.00    0.00    0.00   98.00
04:26:12 AM    3    0.00    0.00  100.00    0.00    0.00    0.00    0.00    0.00    0.00    0.00
04:26:12 AM    4    0.00    0.00    0.00    0.00    0.00    0.00    0.00    0.00    0.00  100.00
04:26:12 AM    5    0.00    0.00    0.00    0.00    0.00    0.00    0.00    0.00    0.00  100.00
04:26:12 AM    6    0.00    0.00    0.00    0.00    0.00    0.00    0.00    0.00    0.00  100.00
04:26:12 AM    7    0.00    0.00    0.00    0.00    0.00    0.00    0.00    0.00    0.00  100.00

04:26:12 AM  CPU    %usr   %nice    %sys %iowait    %irq   %soft  %steal  %guest  %gnice   %idle
04:26:13 AM  all    0.13    0.00   29.35    0.00    0.00    0.38    0.00    0.00    0.00   70.15
04:26:13 AM    0    1.03    0.00   67.01    0.00    0.00    1.03    0.00    0.00    0.00   30.93
04:26:13 AM    1    0.00    0.00   69.39    0.00    0.00    0.00    0.00    0.00    0.00   30.61
04:26:13 AM    2    0.00    0.00    0.00    0.00    0.00    2.00    0.00    0.00    0.00   98.00
04:26:13 AM    3    0.00    0.00  100.00    0.00    0.00    0.00    0.00    0.00    0.00    0.00
04:26:13 AM    4    0.00    0.00    0.00    0.00    0.00    0.00    0.00    0.00    0.00  100.00
04:26:13 AM    5    0.00    0.00    0.00    0.00    0.00    0.00    0.00    0.00    0.00  100.00
04:26:13 AM    6    0.00    0.00    0.00    0.00    0.00    0.00    0.00    0.00    0.00  100.00
04:26:13 AM    7    0.00    0.00    0.00    0.00    0.00    0.00    0.00    0.00    0.00  100.00

04:26:13 AM  CPU    %usr   %nice    %sys %iowait    %irq   %soft  %steal  %guest  %gnice   %idle
04:26:14 AM  all    0.37    0.00   28.96    0.00    0.37    0.37    0.00    0.00    0.00   69.91
04:26:14 AM    0    1.01    0.00   64.65    0.00    1.01    0.00    0.00    0.00    0.00   33.33
04:26:14 AM    1    2.00    0.00   68.00    0.00    1.00    0.00    0.00    0.00    0.00   29.00
04:26:14 AM    2    0.00    0.00    0.00    0.00    0.99    1.98    0.00    0.00    0.00   97.03
04:26:14 AM    3    0.00    0.00  100.00    0.00    0.00    0.00    0.00    0.00    0.00    0.00
04:26:14 AM    4    0.00    0.00    0.00    0.00    0.00    0.00    0.00    0.00    0.00  100.00
04:26:14 AM    5    0.00    0.00    0.00    0.00    0.00    0.99    0.00    0.00    0.00   99.01
04:26:14 AM    6    0.00    0.00    0.00    0.00    0.00    0.00    0.00    0.00    0.00  100.00
04:26:14 AM    7    0.00    0.00    0.00    0.00    0.00    0.00    0.00    0.00    0.00  100.00

04:26:14 AM  CPU    %usr   %nice    %sys %iowait    %irq   %soft  %steal  %guest  %gnice   %idle
04:26:15 AM  all    0.38    0.00   29.02    0.00    0.00    0.25    0.00    0.00    0.00   70.35
04:26:15 AM    0    2.00    0.00   67.00    0.00    0.00    0.00    0.00    0.00    0.00   31.00
04:26:15 AM    1    1.03    0.00   65.98    0.00    0.00    0.00    0.00    0.00    0.00   32.99
04:26:15 AM    2    0.00    0.00    0.00    0.00    0.00    2.02    0.00    0.00    0.00   97.98
04:26:15 AM    3    0.00    0.00  100.00    0.00    0.00    0.00    0.00    0.00    0.00    0.00
04:26:15 AM    4    0.00    0.00    0.00    0.00    0.00    0.00    0.00    0.00    0.00  100.00
04:26:15 AM    5    0.00    0.00    0.00    0.00    0.00    0.00    0.00    0.00    0.00  100.00
04:26:15 AM    6    0.00    0.00    0.00    0.00    0.00    0.00    0.00    0.00    0.00  100.00
04:26:15 AM    7    0.00    0.00    0.00    0.00    0.00    0.00    0.00    0.00    0.00  100.00

04:26:15 AM  CPU    %usr   %nice    %sys %iowait    %irq   %soft  %steal  %guest  %gnice   %idle
04:26:16 AM  all    0.25    0.00   29.15    0.00    0.00    0.25    0.00    0.00    0.00   70.35
04:26:16 AM    0    1.00    0.00   67.00    0.00    0.00    0.00    0.00    0.00    0.00   32.00
04:26:16 AM    1    1.03    0.00   67.01    0.00    0.00    0.00    0.00    0.00    0.00   31.96
04:26:16 AM    2    0.00    0.00    0.00    0.00    0.00    2.00    0.00    0.00    0.00   98.00
04:26:16 AM    3    0.00    0.00  100.00    0.00    0.00    0.00    0.00    0.00    0.00    0.00
04:26:16 AM    4    0.00    0.00    0.00    0.00    0.00    0.00    0.00    0.00    0.00  100.00
04:26:16 AM    5    0.00    0.00    0.00    0.00    0.00    0.00    0.00    0.00    0.00  100.00
04:26:16 AM    6    0.00    0.00    0.00    0.00    0.00    0.00    0.00    0.00    0.00  100.00
04:26:16 AM    7    0.00    0.00    0.00    0.00    0.00    0.00    0.00    0.00    0.00  100.00

04:26:16 AM  CPU    %usr   %nice    %sys %iowait    %irq   %soft  %steal  %guest  %gnice   %idle
04:26:17 AM  all    0.38    0.00   28.86    0.00    0.25    0.13    0.00    0.00    0.00   70.39
04:26:17 AM    0    1.01    0.00   65.66    0.00    1.01    0.00    0.00    0.00    0.00   32.32
04:26:17 AM    1    2.04    0.00   66.33    0.00    0.00    0.00    0.00    0.00    0.00   31.63
04:26:17 AM    2    0.00    0.00    0.00    0.00    0.00    1.01    0.00    0.00    0.00   98.99
04:26:17 AM    3    0.00    0.00  100.00    0.00    0.00    0.00    0.00    0.00    0.00    0.00
04:26:17 AM    4    0.00    0.00    0.00    0.00    0.00    0.00    0.00    0.00    0.00  100.00
04:26:17 AM    5    0.00    0.00    0.00    0.00    0.99    0.00    0.00    0.00    0.00   99.01
04:26:17 AM    6    0.00    0.00    0.00    0.00    0.00    0.00    0.00    0.00    0.00  100.00
04:26:17 AM    7    0.00    0.00    0.00    0.00    0.00    0.00    0.00    0.00    0.00  100.00

04:26:17 AM  CPU    %usr   %nice    %sys %iowait    %irq   %soft  %steal  %guest  %gnice   %idle
04:26:18 AM  all    0.25    0.00   29.25    0.00    0.12    0.62    0.00    0.00    0.00   69.75
04:26:18 AM    0    1.01    0.00   70.71    0.00    0.00    1.01    0.00    0.00    0.00   27.27
04:26:18 AM    1    1.00    0.00   64.00    0.00    1.00    1.00    0.00    0.00    0.00   33.00
04:26:18 AM    2    0.00    0.00    0.00    0.00    0.00    2.00    0.00    0.00    0.00   98.00
04:26:18 AM    3    0.00    0.00  100.00    0.00    0.00    0.00    0.00    0.00    0.00    0.00
04:26:18 AM    4    0.00    0.00    0.00    0.00    0.00    0.00    0.00    0.00    0.00  100.00
04:26:18 AM    5    0.00    0.00    0.00    0.00    0.00    0.99    0.00    0.00    0.00   99.01
04:26:18 AM    6    0.00    0.00    0.00    0.00    0.00    0.00    0.00    0.00    0.00  100.00
04:26:18 AM    7    0.00    0.00    0.00    0.00    0.00    0.00    0.00    0.00    0.00  100.00

04:26:18 AM  CPU    %usr   %nice    %sys %iowait    %irq   %soft  %steal  %guest  %gnice   %idle
04:26:19 AM  all    0.38    0.00   29.35    0.00    0.13    0.25    0.00    0.00    0.00   69.90
04:26:19 AM    0    1.03    0.00   70.10    0.00    0.00    0.00    0.00    0.00    0.00   28.87
04:26:19 AM    1    2.04    0.00   66.33    0.00    0.00    0.00    0.00    0.00    0.00   31.63
04:26:19 AM    2    0.00    0.00    0.00    0.00    1.00    2.00    0.00    0.00    0.00   97.00
04:26:19 AM    3    0.00    0.00  100.00    0.00    0.00    0.00    0.00    0.00    0.00    0.00
04:26:19 AM    4    0.00    0.00    0.00    0.00    0.00    0.00    0.00    0.00    0.00  100.00
04:26:19 AM    5    0.00    0.00    0.00    0.00    0.00    0.00    0.00    0.00    0.00  100.00
04:26:19 AM    6    0.00    0.00    0.00    0.00    0.00    0.00    0.00    0.00    0.00  100.00
04:26:19 AM    7    0.00    0.00    0.00    0.00    0.00    0.00    0.00    0.00    0.00  100.00

04:26:19 AM  CPU    %usr   %nice    %sys %iowait    %irq   %soft  %steal  %guest  %gnice   %idle
04:26:20 AM  all    0.25    0.00   29.41    0.00    0.13    0.25    0.00    0.00    0.00   69.96
04:26:20 AM    0    0.99    0.00   67.33    0.00    0.99    0.00    0.00    0.00    0.00   30.69
04:26:20 AM    1    1.02    0.00   68.37    0.00    0.00    0.00    0.00    0.00    0.00   30.61
04:26:20 AM    2    0.00    0.00    0.00    0.00    0.00    2.00    0.00    0.00    0.00   98.00
04:26:20 AM    3    0.00    0.00  100.00    0.00    0.00    0.00    0.00    0.00    0.00    0.00
04:26:20 AM    4    0.00    0.00    0.00    0.00    0.00    0.00    0.00    0.00    0.00  100.00
04:26:20 AM    5    0.00    0.00    0.00    0.00    0.00    0.00    0.00    0.00    0.00  100.00
04:26:20 AM    6    0.00    0.00    0.00    0.00    0.00    0.00    0.00    0.00    0.00  100.00
04:26:20 AM    7    0.00    0.00    0.00    0.00    0.00    0.00    0.00    0.00    0.00  100.00

04:26:20 AM  CPU    %usr   %nice    %sys %iowait    %irq   %soft  %steal  %guest  %gnice   %idle
04:26:21 AM  all    0.25    0.00   28.81    0.00    0.13    0.25    0.00    0.00    0.00   70.57
04:26:21 AM    0    1.02    0.00   68.37    0.00    0.00    0.00    0.00    0.00    0.00   30.61
04:26:21 AM    1    1.01    0.00   62.63    0.00    1.01    0.00    0.00    0.00    0.00   35.35
04:26:21 AM    2    0.00    0.00    0.00    0.00    0.00    2.02    0.00    0.00    0.00   97.98
04:26:21 AM    3    0.00    0.00  100.00    0.00    0.00    0.00    0.00    0.00    0.00    0.00
04:26:21 AM    4    0.00    0.00    0.00    0.00    0.00    0.00    0.00    0.00    0.00  100.00
04:26:21 AM    5    0.00    0.00    0.00    0.00    0.00    0.00    0.00    0.00    0.00  100.00
04:26:21 AM    6    0.00    0.00    0.00    0.00    0.00    0.00    0.00    0.00    0.00  100.00
04:26:21 AM    7    0.00    0.00    0.00    0.00    0.00    0.00    0.00    0.00    0.00  100.00

04:26:21 AM  CPU    %usr   %nice    %sys %iowait    %irq   %soft  %steal  %guest  %gnice   %idle
04:26:22 AM  all    0.25    0.00   28.34    0.00    0.00    0.25    0.00    0.00    0.00   71.16
04:26:22 AM    0    1.03    0.00   65.98    0.00    0.00    0.00    0.00    0.00    0.00   32.99
04:26:22 AM    1    1.03    0.00   62.89    0.00    0.00    0.00    0.00    0.00    0.00   36.08
04:26:22 AM    2    0.00    0.00    0.00    0.00    0.00    2.00    0.00    0.00    0.00   98.00
04:26:22 AM    3    0.00    0.00  100.00    0.00    0.00    0.00    0.00    0.00    0.00    0.00
04:26:22 AM    4    0.00    0.00    0.00    0.00    0.00    0.00    0.00    0.00    0.00  100.00
04:26:22 AM    5    0.00    0.00    0.00    0.00    0.00    0.00    0.00    0.00    0.00  100.00
04:26:22 AM    6    0.00    0.00    0.00    0.00    0.00    0.00    0.00    0.00    0.00  100.00
04:26:22 AM    7    0.00    0.00    0.00    0.00    0.00    0.00    0.00    0.00    0.00  100.00

04:26:22 AM  CPU    %usr   %nice    %sys %iowait    %irq   %soft  %steal  %guest  %gnice   %idle
04:26:23 AM  all    0.25    0.00   28.80    0.00    0.25    0.50    0.00    0.00    0.00   70.20
04:26:23 AM    0    0.99    0.00   63.37    0.00    0.99    0.99    0.00    0.00    0.00   33.66
04:26:23 AM    1    1.01    0.00   67.68    0.00    0.00    0.00    0.00    0.00    0.00   31.31
04:26:23 AM    2    0.00    0.00    0.00    0.00    0.99    1.98    0.00    0.00    0.00   97.03
04:26:23 AM    3    0.00    0.00  100.00    0.00    0.00    0.00    0.00    0.00    0.00    0.00
04:26:23 AM    4    0.00    0.00    0.00    0.00    0.00    0.00    0.00    0.00    0.00  100.00
04:26:23 AM    5    0.00    0.00    0.00    0.00    0.00    0.99    0.00    0.00    0.00   99.01
04:26:23 AM    6    0.00    0.00    0.00    0.00    0.00    0.00    0.00    0.00    0.00  100.00
04:26:23 AM    7    0.00    0.00    0.00    0.00    0.00    0.00    0.00    0.00    0.00  100.00

04:26:23 AM  CPU    %usr   %nice    %sys %iowait    %irq   %soft  %steal  %guest  %gnice   %idle
04:26:24 AM  all    0.38    0.00   28.86    0.00    0.00    0.25    0.00    0.00    0.00   70.51
04:26:24 AM    0    2.02    0.00   64.65    0.00    0.00    0.00    0.00    0.00    0.00   33.33
04:26:24 AM    1    1.01    0.00   66.67    0.00    0.00    0.00    0.00    0.00    0.00   32.32
04:26:24 AM    2    0.00    0.00    0.00    0.00    0.00    2.00    0.00    0.00    0.00   98.00
04:26:24 AM    3    0.00    0.00  100.00    0.00    0.00    0.00    0.00    0.00    0.00    0.00
04:26:24 AM    4    0.00    0.00    0.00    0.00    0.00    0.00    0.00    0.00    0.00  100.00
04:26:24 AM    5    0.00    0.00    0.00    0.00    0.00    0.00    0.00    0.00    0.00  100.00
04:26:24 AM    6    0.00    0.00    0.00    0.00    0.00    0.00    0.00    0.00    0.00  100.00
04:26:24 AM    7    0.00    0.00    0.00    0.00    0.00    0.00    0.00    0.00    0.00  100.00

04:26:24 AM  CPU    %usr   %nice    %sys %iowait    %irq   %soft  %steal  %guest  %gnice   %idle
04:26:25 AM  all    0.38    0.00   30.11    0.00    0.13    0.25    0.00    0.00    0.00   69.13
04:26:25 AM    0    1.02    0.00   73.47    0.00    0.00    0.00    0.00    0.00    0.00   25.51
04:26:25 AM    1    2.00    0.00   68.00    0.00    1.00    0.00    0.00    0.00    0.00   29.00
04:26:25 AM    2    0.00    0.00    0.00    0.00    0.00    2.02    0.00    0.00    0.00   97.98
04:26:25 AM    3    0.00    0.00  100.00    0.00    0.00    0.00    0.00    0.00    0.00    0.00
04:26:25 AM    4    0.00    0.00    0.00    0.00    0.00    0.00    0.00    0.00    0.00  100.00
04:26:25 AM    5    0.00    0.00    0.00    0.00    0.00    0.00    0.00    0.00    0.00  100.00
04:26:25 AM    6    0.00    0.00    0.00    0.00    0.00    0.00    0.00    0.00    0.00  100.00
04:26:25 AM    7    0.00    0.00    0.00    0.00    0.00    0.00    0.00    0.00    0.00  100.00

04:26:25 AM  CPU    %usr   %nice    %sys %iowait    %irq   %soft  %steal  %guest  %gnice   %idle
04:26:26 AM  all    0.38    0.00   29.29    0.00    0.13    0.25    0.00    0.00    0.00   69.96
04:26:26 AM    0    1.98    0.00   68.32    0.00    0.99    0.00    0.00    0.00    0.00   28.71
04:26:26 AM    1    1.03    0.00   65.98    0.00    0.00    0.00    0.00    0.00    0.00   32.99
04:26:26 AM    2    0.00    0.00    0.00    0.00    0.00    2.00    0.00    0.00    0.00   98.00
04:26:26 AM    3    0.00    0.00  100.00    0.00    0.00    0.00    0.00    0.00    0.00    0.00
04:26:26 AM    4    0.00    0.00    0.00    0.00    0.00    0.00    0.00    0.00    0.00  100.00
04:26:26 AM    5    0.00    0.00    0.00    0.00    0.00    0.00    0.00    0.00    0.00  100.00
04:26:26 AM    6    0.00    0.00    0.00    0.00    0.00    0.00    0.00    0.00    0.00  100.00
04:26:26 AM    7    0.00    0.00    0.00    0.00    0.00    0.00    0.00    0.00    0.00  100.00

04:26:26 AM  CPU    %usr   %nice    %sys %iowait    %irq   %soft  %steal  %guest  %gnice   %idle
04:26:27 AM  all    0.38    0.00   28.79    0.00    0.00    0.25    0.00    0.00    0.00   70.59
04:26:27 AM    0    1.00    0.00   64.00    0.00    0.00    0.00    0.00    0.00    0.00   35.00
04:26:27 AM    1    2.00    0.00   66.00    0.00    0.00    0.00    0.00    0.00    0.00   32.00
04:26:27 AM    2    0.00    0.00    0.00    0.00    0.00    1.01    0.00    0.00    0.00   98.99
04:26:27 AM    3    0.00    0.00  100.00    0.00    0.00    0.00    0.00    0.00    0.00    0.00
04:26:27 AM    4    0.00    0.00    0.00    0.00    0.00    0.00    0.00    0.00    0.00  100.00
04:26:27 AM    5    0.00    0.00    0.00    0.00    0.00    1.00    0.00    0.00    0.00   99.00
04:26:27 AM    6    0.00    0.00    0.00    0.00    0.00    0.00    0.00    0.00    0.00  100.00
04:26:27 AM    7    0.00    0.00    0.00    0.00    0.00    0.00    0.00    0.00    0.00  100.00

04:26:27 AM  CPU    %usr   %nice    %sys %iowait    %irq   %soft  %steal  %guest  %gnice   %idle
04:26:28 AM  all    0.38    0.00   29.07    0.00    0.13    0.38    0.00    0.00    0.00   70.05
04:26:28 AM    0    2.02    0.00   67.68    0.00    0.00    0.00    0.00    0.00    0.00   30.30
04:26:28 AM    1    1.01    0.00   65.66    0.00    0.00    1.01    0.00    0.00    0.00   32.32
04:26:28 AM    2    0.00    0.00    0.00    0.00    1.00    2.00    0.00    0.00    0.00   97.00
04:26:28 AM    3    0.00    0.00  100.00    0.00    0.00    0.00    0.00    0.00    0.00    0.00
04:26:28 AM    4    0.00    0.00    0.00    0.00    0.00    0.00    0.00    0.00    0.00  100.00
04:26:28 AM    5    0.00    0.00    0.00    0.00    0.00    0.00    0.00    0.00    0.00  100.00
04:26:28 AM    6    0.00    0.00    0.00    0.00    0.00    0.00    0.00    0.00    0.00  100.00
04:26:28 AM    7    0.00    0.00    0.00    0.00    0.00    0.00    0.00    0.00    0.00  100.00

04:26:28 AM  CPU    %usr   %nice    %sys %iowait    %irq   %soft  %steal  %guest  %gnice   %idle
04:26:29 AM  all    0.25    0.00   29.18    0.00    0.25    0.38    0.00    0.00    0.00   69.94
04:26:29 AM    0    1.02    0.00   66.33    0.00    1.02    1.02    0.00    0.00    0.00   30.61
04:26:29 AM    1    1.02    0.00   68.37    0.00    1.02    0.00    0.00    0.00    0.00   29.59
04:26:29 AM    2    0.00    0.00    0.00    0.00    0.00    2.00    0.00    0.00    0.00   98.00
04:26:29 AM    3    0.00    0.00  100.00    0.00    0.00    0.00    0.00    0.00    0.00    0.00
04:26:29 AM    4    0.00    0.00    0.00    0.00    0.00    0.00    0.00    0.00    0.00  100.00
04:26:29 AM    5    0.00    0.00    0.00    0.00    0.00    0.00    0.00    0.00    0.00  100.00
04:26:29 AM    6    0.00    0.00    0.00    0.00    0.00    0.00    0.00    0.00    0.00  100.00
04:26:29 AM    7    0.00    0.00    0.00    0.00    0.00    0.00    0.00    0.00    0.00  100.00

04:26:29 AM  CPU    %usr   %nice    %sys %iowait    %irq   %soft  %steal  %guest  %gnice   %idle
04:26:30 AM  all    0.25    0.00   28.29    0.00    0.00    0.25    0.00    0.00    0.00   71.21
04:26:30 AM    0    1.00    0.00   62.00    0.00    0.00    0.00    0.00    0.00    0.00   37.00
04:26:30 AM    1    1.01    0.00   64.65    0.00    0.00    0.00    0.00    0.00    0.00   34.34
04:26:30 AM    2    0.00    0.00    0.00    0.00    0.00    2.00    0.00    0.00    0.00   98.00
04:26:30 AM    3    0.00    0.00  100.00    0.00    0.00    0.00    0.00    0.00    0.00    0.00
04:26:30 AM    4    0.00    0.00    0.00    0.00    0.00    0.00    0.00    0.00    0.00  100.00
04:26:30 AM    5    0.00    0.00    0.00    0.00    0.00    0.00    0.00    0.00    0.00  100.00
04:26:30 AM    6    0.00    0.00    0.00    0.00    0.00    0.00    0.00    0.00    0.00  100.00
04:26:30 AM    7    0.00    0.00    0.00    0.00    0.00    0.00    0.00    0.00    0.00  100.00

04:26:30 AM  CPU    %usr   %nice    %sys %iowait    %irq   %soft  %steal  %guest  %gnice   %idle
04:26:31 AM  all    0.25    0.00   28.70    0.00    0.13    0.25    0.00    0.00    0.00   70.68
04:26:31 AM    0    1.01    0.00   67.68    0.00    0.00    0.00    0.00    0.00    0.00   31.31
04:26:31 AM    1    1.01    0.00   62.63    0.00    0.00    0.00    0.00    0.00    0.00   36.36
04:26:31 AM    2    0.00    0.00    0.00    0.00    0.00    2.02    0.00    0.00    0.00   97.98
04:26:31 AM    3    0.00    0.00  100.00    0.00    0.00    0.00    0.00    0.00    0.00    0.00
04:26:31 AM    4    0.00    0.00    0.00    0.00    0.00    0.00    0.00    0.00    0.00  100.00
04:26:31 AM    5    0.00    0.00    0.00    0.00    0.99    0.00    0.00    0.00    0.00   99.01
04:26:31 AM    6    0.00    0.00    0.00    0.00    0.00    0.00    0.00    0.00    0.00  100.00
04:26:31 AM    7    0.00    0.00    0.00    0.00    0.00    0.00    0.00    0.00    0.00  100.00

04:26:31 AM  CPU    %usr   %nice    %sys %iowait    %irq   %soft  %steal  %guest  %gnice   %idle
04:26:32 AM  all    0.37    0.00   28.59    0.00    0.37    0.37    0.00    0.00    0.00   70.29
04:26:32 AM    0    1.02    0.00   62.24    0.00    1.02    0.00    0.00    0.00    0.00   35.71
04:26:32 AM    1    1.98    0.00   67.33    0.00    0.99    0.00    0.00    0.00    0.00   29.70
04:26:32 AM    2    0.00    0.00    0.00    0.00    0.99    1.98    0.00    0.00    0.00   97.03
04:26:32 AM    3    0.00    0.00  100.00    0.00    0.00    0.00    0.00    0.00    0.00    0.00
04:26:32 AM    4    0.00    0.00    0.00    0.00    0.00    0.00    0.00    0.00    0.00  100.00
04:26:32 AM    5    0.00    0.00    0.00    0.00    0.00    0.99    0.00    0.00    0.00   99.01
04:26:32 AM    6    0.00    0.00    0.00    0.00    0.00    0.00    0.00    0.00    0.00  100.00
04:26:32 AM    7    0.00    0.00    0.00    0.00    0.00    0.00    0.00    0.00    0.00  100.00

04:26:32 AM  CPU    %usr   %nice    %sys %iowait    %irq   %soft  %steal  %guest  %gnice   %idle
04:26:33 AM  all    0.25    0.00   29.61    0.00    0.00    0.25    0.00    0.00    0.00   69.89
04:26:33 AM    0    1.01    0.00   69.70    0.00    0.00    0.00    0.00    0.00    0.00   29.29
04:26:33 AM    1    1.01    0.00   67.68    0.00    0.00    0.00    0.00    0.00    0.00   31.31
04:26:33 AM    2    0.00    0.00    0.00    0.00    0.00    2.00    0.00    0.00    0.00   98.00
04:26:33 AM    3    0.00    0.00  100.00    0.00    0.00    0.00    0.00    0.00    0.00    0.00
04:26:33 AM    4    0.00    0.00    0.00    0.00    0.00    0.00    0.00    0.00    0.00  100.00
04:26:33 AM    5    0.00    0.00    0.00    0.00    0.00    0.00    0.00    0.00    0.00  100.00
04:26:33 AM    6    0.00    0.00    0.00    0.00    0.00    0.00    0.00    0.00    0.00  100.00
04:26:33 AM    7    0.00    0.00    0.00    0.00    0.00    0.00    0.00    0.00    0.00  100.00

04:26:33 AM  CPU    %usr   %nice    %sys %iowait    %irq   %soft  %steal  %guest  %gnice   %idle
04:26:34 AM  all    0.50    0.00   28.93    0.00    0.00    0.25    0.00    0.00    0.00   70.31
04:26:34 AM    0    1.01    0.00   64.65    0.00    0.00    1.01    0.00    0.00    0.00   33.33
04:26:34 AM    1    3.09    0.00   68.04    0.00    0.00    0.00    0.00    0.00    0.00   28.87
04:26:34 AM    2    0.00    0.00    0.00    0.00    0.00    1.01    0.00    0.00    0.00   98.99
04:26:34 AM    3    0.00    0.00  100.00    0.00    0.00    0.00    0.00    0.00    0.00    0.00
04:26:34 AM    4    0.00    0.00    0.00    0.00    0.00    0.00    0.00    0.00    0.00  100.00
04:26:34 AM    5    0.00    0.00    0.00    0.00    0.00    0.00    0.00    0.00    0.00  100.00
04:26:34 AM    6    0.00    0.00    0.00    0.00    0.00    0.00    0.00    0.00    0.00  100.00
04:26:34 AM    7    0.00    0.00    0.00    0.00    0.00    0.00    0.00    0.00    0.00  100.00

04:26:34 AM  CPU    %usr   %nice    %sys %iowait    %irq   %soft  %steal  %guest  %gnice   %idle
04:26:35 AM  all    0.25    0.00   28.07    0.13    0.13    0.25    0.00    0.00    0.00   71.18
04:26:35 AM    0    1.00    0.00   61.00    1.00    1.00    0.00    0.00    0.00    0.00   36.00
04:26:35 AM    1    1.00    0.00   63.00    0.00    0.00    0.00    0.00    0.00    0.00   36.00
04:26:35 AM    2    0.00    0.00    0.00    0.00    0.00    2.02    0.00    0.00    0.00   97.98
04:26:35 AM    3    0.00    0.00  100.00    0.00    0.00    0.00    0.00    0.00    0.00    0.00
04:26:35 AM    4    0.00    0.00    0.00    0.00    0.00    0.00    0.00    0.00    0.00  100.00
04:26:35 AM    5    0.00    0.00    0.00    0.00    0.00    0.00    0.00    0.00    0.00  100.00
04:26:35 AM    6    0.00    0.00    0.00    0.00    0.00    0.00    0.00    0.00    0.00  100.00
04:26:35 AM    7    0.00    0.00    0.00    0.00    0.00    0.00    0.00    0.00    0.00  100.00

04:26:35 AM  CPU    %usr   %nice    %sys %iowait    %irq   %soft  %steal  %guest  %gnice   %idle
04:26:36 AM  all    0.25    0.00   28.30    0.00    0.12    0.37    0.00    0.00    0.00   70.95
04:26:36 AM    0    0.98    0.00   60.78    0.00    0.00    0.00    0.00    0.00    0.00   38.24
04:26:36 AM    1    1.00    0.00   65.00    0.00    1.00    1.00    0.00    0.00    0.00   32.00
04:26:36 AM    2    0.00    0.00    0.00    0.00    0.00    2.00    0.00    0.00    0.00   98.00
04:26:36 AM    3    0.00    0.00  100.00    0.00    0.00    0.00    0.00    0.00    0.00    0.00
04:26:36 AM    4    0.00    0.00    0.00    0.00    0.00    0.00    0.00    0.00    0.00  100.00
04:26:36 AM    5    0.00    0.00    0.00    0.00    0.00    0.00    0.00    0.00    0.00  100.00
04:26:36 AM    6    0.00    0.00    0.00    0.00    0.00    0.00    0.00    0.00    0.00  100.00
04:26:36 AM    7    0.00    0.00    0.00    0.00    0.00    0.00    0.00    0.00    0.00  100.00

04:26:36 AM  CPU    %usr   %nice    %sys %iowait    %irq   %soft  %steal  %guest  %gnice   %idle
04:26:37 AM  all    0.38    0.00   28.70    0.00    0.13    0.38    0.00    0.00    0.00   70.43
04:26:37 AM    0    2.02    0.00   65.66    0.00    0.00    0.00    0.00    0.00    0.00   32.32
04:26:37 AM    1    1.03    0.00   65.98    0.00    0.00    0.00    0.00    0.00    0.00   32.99
04:26:37 AM    2    0.00    0.00    0.00    0.00    0.99    1.98    0.00    0.00    0.00   97.03
04:26:37 AM    3    0.00    0.00  100.00    0.00    0.00    0.00    0.00    0.00    0.00    0.00
04:26:37 AM    4    0.00    0.00    0.00    0.00    0.00    0.00    0.00    0.00    0.00  100.00
04:26:37 AM    5    0.00    0.00    0.00    0.00    0.00    0.99    0.00    0.00    0.00   99.01
04:26:37 AM    6    0.00    0.00    0.00    0.00    0.00    0.00    0.00    0.00    0.00  100.00
04:26:37 AM    7    0.00    0.00    0.00    0.00    0.00    0.00    0.00    0.00    0.00  100.00

04:26:37 AM  CPU    %usr   %nice    %sys %iowait    %irq   %soft  %steal  %guest  %gnice   %idle
04:26:38 AM  all    0.13    0.00   29.40    0.00    0.13    0.25    0.00    0.00    0.00   70.10
04:26:38 AM    0    0.00    0.00   68.32    0.00    0.99    0.00    0.00    0.00    0.00   30.69
04:26:38 AM    1    1.04    0.00   67.71    0.00    0.00    0.00    0.00    0.00    0.00   31.25
04:26:38 AM    2    0.00    0.00    0.00    0.00    0.00    2.00    0.00    0.00    0.00   98.00
04:26:38 AM    3    0.00    0.00  100.00    0.00    0.00    0.00    0.00    0.00    0.00    0.00
04:26:38 AM    4    0.00    0.00    0.00    0.00    0.00    0.00    0.00    0.00    0.00  100.00
04:26:38 AM    5    0.00    0.00    0.00    0.00    0.00    0.00    0.00    0.00    0.00  100.00
04:26:38 AM    6    0.00    0.00    0.00    0.00    0.00    0.00    0.00    0.00    0.00  100.00
04:26:38 AM    7    0.00    0.00    0.00    0.00    0.00    0.00    0.00    0.00    0.00  100.00

04:26:38 AM  CPU    %usr   %nice    %sys %iowait    %irq   %soft  %steal  %guest  %gnice   %idle
04:26:39 AM  all    0.38    0.00   28.82    0.00    0.13    0.38    0.00    0.00    0.00   70.30
04:26:39 AM    0    1.01    0.00   63.64    0.00    0.00    1.01    0.00    0.00    0.00   34.34
04:26:39 AM    1    2.00    0.00   67.00    0.00    1.00    0.00    0.00    0.00    0.00   30.00
04:26:39 AM    2    0.00    0.00    0.00    0.00    0.00    2.02    0.00    0.00    0.00   97.98
04:26:39 AM    3    0.00    0.00  100.00    0.00    0.00    0.00    0.00    0.00    0.00    0.00
04:26:39 AM    4    0.00    0.00    0.00    0.00    0.00    0.00    0.00    0.00    0.00  100.00
04:26:39 AM    5    0.00    0.00    0.00    0.00    0.00    0.00    0.00    0.00    0.00  100.00
04:26:39 AM    6    0.00    0.00    0.00    0.00    0.00    0.00    0.00    0.00    0.00  100.00
04:26:39 AM    7    0.00    0.00    0.00    0.00    0.00    0.00    0.00    0.00    0.00  100.00

04:26:39 AM  CPU    %usr   %nice    %sys %iowait    %irq   %soft  %steal  %guest  %gnice   %idle
04:26:40 AM  all    0.38    0.00   29.36    0.00    0.00    0.25    0.00    0.00    0.00   70.01
04:26:40 AM    0    2.04    0.00   69.39    0.00    0.00    0.00    0.00    0.00    0.00   28.57
04:26:40 AM    1    1.01    0.00   66.67    0.00    0.00    0.00    0.00    0.00    0.00   32.32
04:26:40 AM    2    0.00    0.00    0.00    0.00    0.00    2.00    0.00    0.00    0.00   98.00
04:26:40 AM    3    0.00    0.00  100.00    0.00    0.00    0.00    0.00    0.00    0.00    0.00
04:26:40 AM    4    0.00    0.00    0.00    0.00    0.00    0.00    0.00    0.00    0.00  100.00
04:26:40 AM    5    0.00    0.00    0.00    0.00    0.00    0.00    0.00    0.00    0.00  100.00
04:26:40 AM    6    0.00    0.00    0.00    0.00    0.00    0.00    0.00    0.00    0.00  100.00
04:26:40 AM    7    0.00    0.00    0.00    0.00    0.00    0.00    0.00    0.00    0.00  100.00

04:26:40 AM  CPU    %usr   %nice    %sys %iowait    %irq   %soft  %steal  %guest  %gnice   %idle
04:26:41 AM  all    0.25    0.00   29.41    0.00    0.25    0.25    0.00    0.00    0.00   69.84
04:26:41 AM    0    1.00    0.00   67.00    0.00    1.00    0.00    0.00    0.00    0.00   31.00
04:26:41 AM    1    1.01    0.00   68.69    0.00    0.00    0.00    0.00    0.00    0.00   30.30
04:26:41 AM    2    0.00    0.00    0.00    0.00    1.00    1.00    0.00    0.00    0.00   98.00
04:26:41 AM    3    0.00    0.00  100.00    0.00    0.00    0.00    0.00    0.00    0.00    0.00
04:26:41 AM    4    0.00    0.00    0.00    0.00    0.00    0.00    0.00    0.00    0.00  100.00
04:26:41 AM    5    0.00    0.00    0.00    0.00    0.00    1.00    0.00    0.00    0.00   99.00
04:26:41 AM    6    0.00    0.00    0.00    0.00    0.00    0.00    0.00    0.00    0.00  100.00
04:26:41 AM    7    0.00    0.00    0.00    0.00    0.00    0.00    0.00    0.00    0.00  100.00

04:26:41 AM  CPU    %usr   %nice    %sys %iowait    %irq   %soft  %steal  %guest  %gnice   %idle
04:26:42 AM  all    0.38    0.00   28.18    0.00    0.00    0.25    0.00    0.00    0.00   71.19
04:26:42 AM    0    1.04    0.00   61.46    0.00    0.00    0.00    0.00    0.00    0.00   37.50
04:26:42 AM    1    2.02    0.00   65.66    0.00    0.00    0.00    0.00    0.00    0.00   32.32
04:26:42 AM    2    0.00    0.00    0.00    0.00    0.00    2.00    0.00    0.00    0.00   98.00
04:26:42 AM    3    0.00    0.00  100.00    0.00    0.00    0.00    0.00    0.00    0.00    0.00
04:26:42 AM    4    0.00    0.00    0.00    0.00    0.00    0.00    0.00    0.00    0.00  100.00
04:26:42 AM    5    0.00    0.00    0.00    0.00    0.00    0.00    0.00    0.00    0.00  100.00
04:26:42 AM    6    0.00    0.00    0.00    0.00    0.00    0.00    0.00    0.00    0.00  100.00
04:26:42 AM    7    0.00    0.00    0.00    0.00    0.00    0.00    0.00    0.00    0.00  100.00

04:26:42 AM  CPU    %usr   %nice    %sys %iowait    %irq   %soft  %steal  %guest  %gnice   %idle
04:26:43 AM  all    0.38    0.00   28.68    0.00    0.13    0.25    0.00    0.00    0.00   70.57
04:26:43 AM    0    2.02    0.00   66.67    0.00    0.00    0.00    0.00    0.00    0.00   31.31
04:26:43 AM    1    1.02    0.00   63.27    0.00    1.02    0.00    0.00    0.00    0.00   34.69
04:26:43 AM    2    0.00    0.00    0.00    0.00    0.00    2.02    0.00    0.00    0.00   97.98
04:26:43 AM    3    0.00    0.00  100.00    0.00    0.00    0.00    0.00    0.00    0.00    0.00
04:26:43 AM    4    0.00    0.00    0.00    0.00    0.00    0.00    0.00    0.00    0.00  100.00
04:26:43 AM    5    0.00    0.00    0.00    0.00    0.00    0.00    0.00    0.00    0.00  100.00
04:26:43 AM    6    0.00    0.00    0.00    0.00    0.00    0.00    0.00    0.00    0.00  100.00
04:26:43 AM    7    0.00    0.00    0.00    0.00    0.00    0.00    0.00    0.00    0.00  100.00

04:26:43 AM  CPU    %usr   %nice    %sys %iowait    %irq   %soft  %steal  %guest  %gnice   %idle
04:26:44 AM  all    0.25    0.00   30.24    0.00    0.13    0.38    0.00    0.00    0.00   69.01
04:26:44 AM    0    0.98    0.00   70.59    0.00    0.98    0.98    0.00    0.00    0.00   26.47
04:26:44 AM    1    1.05    0.00   72.63    0.00    0.00    0.00    0.00    0.00    0.00   26.32
04:26:44 AM    2    0.00    0.00    0.00    0.00    0.00    2.00    0.00    0.00    0.00   98.00
04:26:44 AM    3    0.00    0.00  100.00    0.00    0.00    0.00    0.00    0.00    0.00    0.00
04:26:44 AM    4    0.00    0.00    0.00    0.00    0.00    0.00    0.00    0.00    0.00  100.00
04:26:44 AM    5    0.00    0.00    0.00    0.00    0.00    0.00    0.00    0.00    0.00  100.00
04:26:44 AM    6    0.00    0.00    0.00    0.00    0.00    0.00    0.00    0.00    0.00  100.00
04:26:44 AM    7    0.00    0.00    0.00    0.00    0.00    0.00    0.00    0.00    0.00  100.00

04:26:44 AM  CPU    %usr   %nice    %sys %iowait    %irq   %soft  %steal  %guest  %gnice   %idle
04:26:45 AM  all    0.25    0.00   29.45    0.00    0.13    0.50    0.00    0.00    0.00   69.67
04:26:45 AM    0    1.02    0.00   69.39    0.00    0.00    0.00    0.00    0.00    0.00   29.59
04:26:45 AM    1    1.02    0.00   68.37    0.00    0.00    1.02    0.00    0.00    0.00   29.59
04:26:45 AM    2    0.00    0.00    0.00    0.00    0.00    2.00    0.00    0.00    0.00   98.00
04:26:45 AM    3    0.00    0.00  100.00    0.00    0.00    0.00    0.00    0.00    0.00    0.00
04:26:45 AM    4    0.00    0.00    0.00    0.00    0.00    0.00    0.00    0.00    0.00  100.00
04:26:45 AM    5    0.00    0.00    0.00    0.00    0.98    0.98    0.00    0.00    0.00   98.04
04:26:45 AM    6    0.00    0.00    0.00    0.00    0.00    0.00    0.00    0.00    0.00  100.00
04:26:45 AM    7    0.00    0.00    0.00    0.00    0.00    0.00    0.00    0.00    0.00  100.00

04:26:45 AM  CPU    %usr   %nice    %sys %iowait    %irq   %soft  %steal  %guest  %gnice   %idle
04:26:46 AM  all    0.38    0.00   29.09    0.00    0.13    0.25    0.00    0.00    0.00   70.15
04:26:46 AM    0    1.03    0.00   69.07    0.00    0.00    0.00    0.00    0.00    0.00   29.90
04:26:46 AM    1    2.04    0.00   65.31    0.00    0.00    0.00    0.00    0.00    0.00   32.65
04:26:46 AM    2    0.00    0.00    0.00    0.00    1.00    2.00    0.00    0.00    0.00   97.00
04:26:46 AM    3    0.00    0.00  100.00    0.00    0.00    0.00    0.00    0.00    0.00    0.00
04:26:46 AM    4    0.00    0.00    0.00    0.00    0.00    0.00    0.00    0.00    0.00  100.00
04:26:46 AM    5    0.00    0.00    0.00    0.00    0.00    0.00    0.00    0.00    0.00  100.00
04:26:46 AM    6    0.00    0.00    0.00    0.00    0.00    0.00    0.00    0.00    0.00  100.00
04:26:46 AM    7    0.00    0.00    0.00    0.00    0.00    0.00    0.00    0.00    0.00  100.00

04:26:46 AM  CPU    %usr   %nice    %sys %iowait    %irq   %soft  %steal  %guest  %gnice   %idle
04:26:47 AM  all    0.25    0.00   28.95    0.00    0.25    0.13    0.00    0.00    0.00   70.43
04:26:47 AM    0    1.01    0.00   58.59    0.00    1.01    0.00    0.00    0.00    0.00   39.39
04:26:47 AM    1    1.00    0.00   73.00    0.00    1.00    0.00    0.00    0.00    0.00   25.00
04:26:47 AM    2    0.00    0.00    0.00    0.00    0.00    1.01    0.00    0.00    0.00   98.99
04:26:47 AM    3    0.00    0.00  100.00    0.00    0.00    0.00    0.00    0.00    0.00    0.00
04:26:47 AM    4    0.00    0.00    0.00    0.00    0.00    0.00    0.00    0.00    0.00  100.00
04:26:47 AM    5    0.00    0.00    0.00    0.00    0.00    0.00    0.00    0.00    0.00  100.00
04:26:47 AM    6    0.00    0.00    0.00    0.00    0.00    0.00    0.00    0.00    0.00  100.00
04:26:47 AM    7    0.00    0.00    0.00    0.00    0.00    0.00    0.00    0.00    0.00  100.00

04:26:47 AM  CPU    %usr   %nice    %sys %iowait    %irq   %soft  %steal  %guest  %gnice   %idle
04:26:48 AM  all    0.25    0.00   28.72    0.00    0.00    0.25    0.00    0.00    0.00   70.78
04:26:48 AM    0    1.03    0.00   65.98    0.00    0.00    0.00    0.00    0.00    0.00   32.99
04:26:48 AM    1    1.02    0.00   65.31    0.00    0.00    0.00    0.00    0.00    0.00   33.67
04:26:48 AM    2    0.00    0.00    0.00    0.00    0.00    2.00    0.00    0.00    0.00   98.00
04:26:48 AM    3    0.00    0.00  100.00    0.00    0.00    0.00    0.00    0.00    0.00    0.00
04:26:48 AM    4    0.00    0.00    0.00    0.00    0.00    0.00    0.00    0.00    0.00  100.00
04:26:48 AM    5    0.00    0.00    0.00    0.00    0.00    0.00    0.00    0.00    0.00  100.00
04:26:48 AM    6    0.00    0.00    0.00    0.00    0.00    0.00    0.00    0.00    0.00  100.00
04:26:48 AM    7    0.00    0.00    0.00    0.00    0.00    0.00    0.00    0.00    0.00  100.00

04:26:48 AM  CPU    %usr   %nice    %sys %iowait    %irq   %soft  %steal  %guest  %gnice   %idle
04:26:49 AM  all    0.25    0.00   29.25    0.00    0.00    0.38    0.00    0.00    0.00   70.12
04:26:49 AM    0    1.02    0.00   68.37    0.00    0.00    1.02    0.00    0.00    0.00   29.59
04:26:49 AM    1    0.98    0.00   65.69    0.00    0.00    0.00    0.00    0.00    0.00   33.33
04:26:49 AM    2    0.00    0.00    0.00    0.00    0.00    2.00    0.00    0.00    0.00   98.00
04:26:49 AM    3    0.00    0.00  100.00    0.00    0.00    0.00    0.00    0.00    0.00    0.00
04:26:49 AM    4    0.00    0.00    0.00    0.00    0.00    0.00    0.00    0.00    0.00  100.00
04:26:49 AM    5    0.00    0.00    0.00    0.00    0.00    0.00    0.00    0.00    0.00  100.00
04:26:49 AM    6    0.00    0.00    0.00    0.00    0.00    0.00    0.00    0.00    0.00  100.00
04:26:49 AM    7    0.00    0.00    0.00    0.00    0.00    0.00    0.00    0.00    0.00  100.00

04:26:49 AM  CPU    %usr   %nice    %sys %iowait    %irq   %soft  %steal  %guest  %gnice   %idle
04:26:50 AM  all    0.50    0.00   28.71    0.00    0.37    0.37    0.00    0.00    0.00   70.04
04:26:50 AM    0    2.00    0.00   66.00    0.00    1.00    0.00    0.00    0.00    0.00   31.00
04:26:50 AM    1    2.00    0.00   64.00    0.00    1.00    0.00    0.00    0.00    0.00   33.00
04:26:50 AM    2    0.00    0.00    0.00    0.00    1.00    2.00    0.00    0.00    0.00   97.00
04:26:50 AM    3    0.00    0.00  100.00    0.00    0.00    0.00    0.00    0.00    0.00    0.00
04:26:50 AM    4    0.00    0.00    0.00    0.00    0.00    0.00    0.00    0.00    0.00  100.00
04:26:50 AM    5    0.00    0.00    0.00    0.00    0.00    0.99    0.00    0.00    0.00   99.01
04:26:50 AM    6    0.00    0.00    0.00    0.00    0.00    0.00    0.00    0.00    0.00  100.00
04:26:50 AM    7    0.00    0.00    0.00    0.00    0.00    0.00    0.00    0.00    0.00  100.00

04:26:50 AM  CPU    %usr   %nice    %sys %iowait    %irq   %soft  %steal  %guest  %gnice   %idle
04:26:51 AM  all    0.38    0.00   28.93    0.00    0.00    0.25    0.00    0.00    0.00   70.44
04:26:51 AM    0    1.02    0.00   67.35    0.00    0.00    0.00    0.00    0.00    0.00   31.63
04:26:51 AM    1    2.04    0.00   65.31    0.00    0.00    0.00    0.00    0.00    0.00   32.65
04:26:51 AM    2    0.00    0.00    0.00    0.00    0.00    2.00    0.00    0.00    0.00   98.00
04:26:51 AM    3    0.00    0.00  100.00    0.00    0.00    0.00    0.00    0.00    0.00    0.00
04:26:51 AM    4    0.00    0.00    0.00    0.00    0.00    0.00    0.00    0.00    0.00  100.00
04:26:51 AM    5    0.00    0.00    0.00    0.00    0.00    0.00    0.00    0.00    0.00  100.00
04:26:51 AM    6    0.00    0.00    0.00    0.00    0.00    0.00    0.00    0.00    0.00  100.00
04:26:51 AM    7    0.00    0.00    0.00    0.00    0.00    0.00    0.00    0.00    0.00  100.00

04:26:51 AM  CPU    %usr   %nice    %sys %iowait    %irq   %soft  %steal  %guest  %gnice   %idle
04:26:52 AM  all    0.25    0.00   29.02    0.00    0.00    0.25    0.00    0.00    0.00   70.48
04:26:52 AM    0    1.03    0.00   63.92    0.00    0.00    0.00    0.00    0.00    0.00   35.05
04:26:52 AM    1    1.01    0.00   69.70    0.00    0.00    0.00    0.00    0.00    0.00   29.29
04:26:52 AM    2    0.00    0.00    0.00    0.00    0.00    2.00    0.00    0.00    0.00   98.00
04:26:52 AM    3    0.00    0.00  100.00    0.00    0.00    0.00    0.00    0.00    0.00    0.00
04:26:52 AM    4    0.00    0.00    0.00    0.00    0.00    0.00    0.00    0.00    0.00  100.00
04:26:52 AM    5    0.00    0.00    0.00    0.00    0.00    0.00    0.00    0.00    0.00  100.00
04:26:52 AM    6    0.00    0.00    0.00    0.00    0.00    0.00    0.00    0.00    0.00  100.00
04:26:52 AM    7    0.00    0.00    0.00    0.00    0.00    0.00    0.00    0.00    0.00  100.00

04:26:52 AM  CPU    %usr   %nice    %sys %iowait    %irq   %soft  %steal  %guest  %gnice   %idle
04:26:53 AM  all    0.25    0.00   29.31    0.00    0.13    0.25    0.00    0.00    0.00   70.06
04:26:53 AM    0    1.00    0.00   65.00    0.00    1.00    0.00    0.00    0.00    0.00   33.00
04:26:53 AM    1    1.04    0.00   70.83    0.00    0.00    0.00    0.00    0.00    0.00   28.12
04:26:53 AM    2    0.00    0.00    0.00    0.00    0.00    2.00    0.00    0.00    0.00   98.00
04:26:53 AM    3    0.00    0.00  100.00    0.00    0.00    0.00    0.00    0.00    0.00    0.00
04:26:53 AM    4    0.00    0.00    0.00    0.00    0.00    0.00    0.00    0.00    0.00  100.00
04:26:53 AM    5    0.00    0.00    0.00    0.00    0.00    0.00    0.00    0.00    0.00  100.00
04:26:53 AM    6    0.00    0.00    0.00    0.00    0.00    0.00    0.00    0.00    0.00  100.00
04:26:53 AM    7    0.00    0.00    0.00    0.00    0.00    0.00    0.00    0.00    0.00  100.00

04:26:53 AM  CPU    %usr   %nice    %sys %iowait    %irq   %soft  %steal  %guest  %gnice   %idle
04:26:54 AM  all    0.25    0.00   29.36    0.00    0.13    0.38    0.00    0.00    0.00   69.89
04:26:54 AM    0    1.01    0.00   67.68    0.00    0.00    1.01    0.00    0.00    0.00   30.30
04:26:54 AM    1    1.01    0.00   67.68    0.00    1.01    0.00    0.00    0.00    0.00   30.30
04:26:54 AM    2    0.00    0.00    0.00    0.00    0.00    1.02    0.00    0.00    0.00   98.98
04:26:54 AM    3    0.00    0.00  100.00    0.00    0.00    0.00    0.00    0.00    0.00    0.00
04:26:54 AM    4    0.00    0.00    0.00    0.00    0.00    0.00    0.00    0.00    0.00  100.00
04:26:54 AM    5    0.00    0.00    0.00    0.00    0.00    0.99    0.00    0.00    0.00   99.01
04:26:54 AM    6    0.00    0.00    0.00    0.00    0.00    0.00    0.00    0.00    0.00  100.00
04:26:54 AM    7    0.00    0.00    0.00    0.00    0.00    0.00    0.00    0.00    0.00  100.00

04:26:54 AM  CPU    %usr   %nice    %sys %iowait    %irq   %soft  %steal  %guest  %gnice   %idle
04:26:55 AM  all    0.25    0.00   27.57    0.00    0.13    0.38    0.00    0.00    0.00   71.68
04:26:55 AM    0    1.02    0.00   59.18    0.00    0.00    0.00    0.00    0.00    0.00   39.80
04:26:55 AM    1    1.01    0.00   62.63    0.00    0.00    1.01    0.00    0.00    0.00   35.35
04:26:55 AM    2    0.00    0.00    0.00    0.00    0.99    1.98    0.00    0.00    0.00   97.03
04:26:55 AM    3    0.00    0.00  100.00    0.00    0.00    0.00    0.00    0.00    0.00    0.00
04:26:55 AM    4    0.00    0.00    0.00    0.00    0.00    0.00    0.00    0.00    0.00  100.00
04:26:55 AM    5    0.00    0.00    0.00    0.00    0.00    0.00    0.00    0.00    0.00  100.00
04:26:55 AM    6    0.00    0.00    0.00    0.00    0.00    0.00    0.00    0.00    0.00  100.00
04:26:55 AM    7    0.00    0.00    0.00    0.00    0.00    0.00    0.00    0.00    0.00  100.00

04:26:55 AM  CPU    %usr   %nice    %sys %iowait    %irq   %soft  %steal  %guest  %gnice   %idle
04:26:56 AM  all    0.38    0.00   28.18    0.00    0.13    0.25    0.00    0.00    0.00   71.07
04:26:56 AM    0    1.03    0.00   59.79    0.00    1.03    0.00    0.00    0.00    0.00   38.14
04:26:56 AM    1    2.02    0.00   66.67    0.00    0.00    0.00    0.00    0.00    0.00   31.31
04:26:56 AM    2    0.00    0.00    0.00    0.00    0.00    2.00    0.00    0.00    0.00   98.00
04:26:56 AM    3    0.00    0.00  100.00    0.00    0.00    0.00    0.00    0.00    0.00    0.00
04:26:56 AM    4    0.00    0.00    0.00    0.00    0.00    0.00    0.00    0.00    0.00  100.00
04:26:56 AM    5    0.00    0.00    0.00    0.00    0.00    0.00    0.00    0.00    0.00  100.00
04:26:56 AM    6    0.00    0.00    0.00    0.00    0.00    0.00    0.00    0.00    0.00  100.00
04:26:56 AM    7    0.00    0.00    0.00    0.00    0.00    0.00    0.00    0.00    0.00  100.00

04:26:56 AM  CPU    %usr   %nice    %sys %iowait    %irq   %soft  %steal  %guest  %gnice   %idle
04:26:57 AM  all    0.38    0.00   28.62    0.00    0.00    0.25    0.00    0.00    0.00   70.75
04:26:57 AM    0    2.02    0.00   66.67    0.00    0.00    0.00    0.00    0.00    0.00   31.31
04:26:57 AM    1    0.99    0.00   62.38    0.00    0.00    0.00    0.00    0.00    0.00   36.63
04:26:57 AM    2    0.00    0.00    0.00    0.00    0.00    2.00    0.00    0.00    0.00   98.00
04:26:57 AM    3    0.00    0.00  100.00    0.00    0.00    0.00    0.00    0.00    0.00    0.00
04:26:57 AM    4    0.00    0.00    0.00    0.00    0.00    0.00    0.00    0.00    0.00  100.00
04:26:57 AM    5    0.00    0.00    0.00    0.00    0.00    0.00    0.00    0.00    0.00  100.00
04:26:57 AM    6    0.00    0.00    0.00    0.00    0.00    0.00    0.00    0.00    0.00  100.00
04:26:57 AM    7    0.00    0.00    0.00    0.00    0.00    0.00    0.00    0.00    0.00  100.00

04:26:57 AM  CPU    %usr   %nice    %sys %iowait    %irq   %soft  %steal  %guest  %gnice   %idle
04:26:58 AM  all    0.25    0.00   28.45    0.00    0.25    0.25    0.00    0.00    0.00   70.80
04:26:58 AM    0    1.02    0.00   59.18    0.00    0.00    0.00    0.00    0.00    0.00   39.80
04:26:58 AM    1    1.00    0.00   69.00    0.00    1.00    0.00    0.00    0.00    0.00   29.00
04:26:58 AM    2    0.00    0.00    0.00    0.00    0.00    2.02    0.00    0.00    0.00   97.98
04:26:58 AM    3    0.00    0.00  100.00    0.00    0.00    0.00    0.00    0.00    0.00    0.00
04:26:58 AM    4    0.00    0.00    0.00    0.00    0.00    0.00    0.00    0.00    0.00  100.00
04:26:58 AM    5    0.00    0.00    0.00    0.00    0.99    0.00    0.00    0.00    0.00   99.01
04:26:58 AM    6    0.00    0.00    0.00    0.00    0.00    0.00    0.00    0.00    0.00  100.00
04:26:58 AM    7    0.00    0.00    0.00    0.00    0.00    0.00    0.00    0.00    0.00  100.00

04:26:58 AM  CPU    %usr   %nice    %sys %iowait    %irq   %soft  %steal  %guest  %gnice   %idle
04:26:59 AM  all    0.38    0.00   29.02    0.00    0.25    0.25    0.00    0.00    0.00   70.10
04:26:59 AM    0    1.01    0.00   63.64    0.00    1.01    0.00    0.00    0.00    0.00   34.34
04:26:59 AM    1    2.06    0.00   70.10    0.00    0.00    0.00    0.00    0.00    0.00   27.84
04:26:59 AM    2    0.00    0.00    0.00    0.00    1.00    1.00    0.00    0.00    0.00   98.00
04:26:59 AM    3    0.00    0.00  100.00    0.00    0.00    0.00    0.00    0.00    0.00    0.00
04:26:59 AM    4    0.00    0.00    0.00    0.00    0.00    0.00    0.00    0.00    0.00  100.00
04:26:59 AM    5    0.00    0.00    0.00    0.00    0.00    1.00    0.00    0.00    0.00   99.00
04:26:59 AM    6    0.00    0.00    0.00    0.00    0.00    0.00    0.00    0.00    0.00  100.00
04:26:59 AM    7    0.00    0.00    0.00    0.00    0.00    0.00    0.00    0.00    0.00  100.00

04:26:59 AM  CPU    %usr   %nice    %sys %iowait    %irq   %soft  %steal  %guest  %gnice   %idle
04:27:00 AM  all    0.25    0.00   29.02    0.00    0.00    0.38    0.00    0.00    0.00   70.35
04:27:00 AM    0    0.99    0.00   66.34    0.00    0.00    0.99    0.00    0.00    0.00   31.68
04:27:00 AM    1    1.05    0.00   67.37    0.00    0.00    0.00    0.00    0.00    0.00   31.58
04:27:00 AM    2    0.00    0.00    0.00    0.00    0.00    2.00    0.00    0.00    0.00   98.00
04:27:00 AM    3    0.00    0.00  100.00    0.00    0.00    0.00    0.00    0.00    0.00    0.00
04:27:00 AM    4    0.00    0.00    0.00    0.00    0.00    0.00    0.00    0.00    0.00  100.00
04:27:00 AM    5    0.00    0.00    0.00    0.00    0.00    0.00    0.00    0.00    0.00  100.00
04:27:00 AM    6    0.00    0.00    0.00    0.00    0.00    0.00    0.00    0.00    0.00  100.00
04:27:00 AM    7    0.00    0.00    0.00    0.00    0.00    0.00    0.00    0.00    0.00  100.00

04:27:00 AM  CPU    %usr   %nice    %sys %iowait    %irq   %soft  %steal  %guest  %gnice   %idle
04:27:01 AM  all    0.50    0.00   28.79    0.00    0.13    0.25    0.00    0.00    0.00   70.34
04:27:01 AM    0    2.02    0.00   59.60    0.00    0.00    0.00    0.00    0.00    0.00   38.38
04:27:01 AM    1    2.00    0.00   71.00    0.00    1.00    0.00    0.00    0.00    0.00   26.00
04:27:01 AM    2    0.00    0.00    0.00    0.00    0.00    2.00    0.00    0.00    0.00   98.00
04:27:01 AM    3    0.00    0.00  100.00    0.00    0.00    0.00    0.00    0.00    0.00    0.00
04:27:01 AM    4    0.00    0.00    0.00    0.00    0.00    0.00    0.00    0.00    0.00  100.00
04:27:01 AM    5    0.00    0.00    0.00    0.00    0.00    0.00    0.00    0.00    0.00  100.00
04:27:01 AM    6    0.00    0.00    0.00    0.00    0.00    0.00    0.00    0.00    0.00  100.00
04:27:01 AM    7    0.00    0.00    0.00    0.00    0.00    0.00    0.00    0.00    0.00  100.00

04:27:01 AM  CPU    %usr   %nice    %sys %iowait    %irq   %soft  %steal  %guest  %gnice   %idle
04:27:02 AM  all    0.38    0.00   29.74    0.00    0.00    0.25    0.00    0.00    0.00   69.64
04:27:02 AM    0    1.00    0.00   68.00    0.00    0.00    0.00    0.00    0.00    0.00   31.00
04:27:02 AM    1    2.04    0.00   70.41    0.00    0.00    0.00    0.00    0.00    0.00   27.55
04:27:02 AM    2    0.00    0.00    0.00    0.00    0.00    2.00    0.00    0.00    0.00   98.00
04:27:02 AM    3    0.00    0.00  100.00    0.00    0.00    0.00    0.00    0.00    0.00    0.00
04:27:02 AM    4    0.00    0.00    0.00    0.00    0.00    0.00    0.00    0.00    0.00  100.00
04:27:02 AM    5    0.00    0.00    0.00    0.00    0.00    0.00    0.00    0.00    0.00  100.00
04:27:02 AM    6    0.00    0.00    0.00    0.00    0.00    0.00    0.00    0.00    0.00  100.00
04:27:02 AM    7    0.00    0.00    0.00    0.00    0.00    0.00    0.00    0.00    0.00  100.00

04:27:02 AM  CPU    %usr   %nice    %sys %iowait    %irq   %soft  %steal  %guest  %gnice   %idle
04:27:03 AM  all    0.13    0.00   29.36    0.00    0.13    0.50    0.00    0.00    0.00   69.89
04:27:03 AM    0    0.00    0.00   69.70    0.00    1.01    0.00    0.00    0.00    0.00   29.29
04:27:03 AM    1    1.02    0.00   66.33    0.00    0.00    1.02    0.00    0.00    0.00   31.63
04:27:03 AM    2    0.00    0.00    0.00    0.00    0.00    2.02    0.00    0.00    0.00   97.98
04:27:03 AM    3    0.00    0.00  100.00    0.00    0.00    0.00    0.00    0.00    0.00    0.00
04:27:03 AM    4    0.00    0.00    0.00    0.00    0.00    0.00    0.00    0.00    0.00  100.00
04:27:03 AM    5    0.00    0.00    0.00    0.00    0.00    0.99    0.00    0.00    0.00   99.01
04:27:03 AM    6    0.00    0.00    0.00    0.00    0.00    0.00    0.00    0.00    0.00  100.00
04:27:03 AM    7    0.00    0.00    0.00    0.00    0.00    0.00    0.00    0.00    0.00  100.00

04:27:03 AM  CPU    %usr   %nice    %sys %iowait    %irq   %soft  %steal  %guest  %gnice   %idle
04:27:04 AM  all    0.38    0.00   28.18    0.00    0.13    0.25    0.00    0.00    0.00   71.07
04:27:04 AM    0    2.02    0.00   62.63    0.00    0.00    0.00    0.00    0.00    0.00   35.35
04:27:04 AM    1    1.04    0.00   64.58    0.00    0.00    0.00    0.00    0.00    0.00   34.38
04:27:04 AM    2    0.00    0.00    0.00    0.00    0.99    1.98    0.00    0.00    0.00   97.03
04:27:04 AM    3    0.00    0.00  100.00    0.00    0.00    0.00    0.00    0.00    0.00    0.00
04:27:04 AM    4    0.00    0.00    0.00    0.00    0.00    0.00    0.00    0.00    0.00  100.00
04:27:04 AM    5    0.00    0.00    0.00    0.00    0.00    0.00    0.00    0.00    0.00  100.00
04:27:04 AM    6    0.00    0.00    0.00    0.00    0.00    0.00    0.00    0.00    0.00  100.00
04:27:04 AM    7    0.00    0.00    0.00    0.00    0.00    0.00    0.00    0.00    0.00  100.00

04:27:04 AM  CPU    %usr   %nice    %sys %iowait    %irq   %soft  %steal  %guest  %gnice   %idle
04:27:05 AM  all    0.38    0.00   29.18    0.00    0.13    0.25    0.00    0.00    0.00   70.06
04:27:05 AM    0    1.03    0.00   69.07    0.00    0.00    1.03    0.00    0.00    0.00   28.87
04:27:05 AM    1    2.02    0.00   65.66    0.00    1.01    0.00    0.00    0.00    0.00   31.31
04:27:05 AM    2    0.00    0.00    0.00    0.00    0.00    1.01    0.00    0.00    0.00   98.99
04:27:05 AM    3    0.00    0.00  100.00    0.00    0.00    0.00    0.00    0.00    0.00    0.00
04:27:05 AM    4    0.00    0.00    0.00    0.00    0.00    0.00    0.00    0.00    0.00  100.00
04:27:05 AM    5    0.00    0.00    0.00    0.00    0.00    0.00    0.00    0.00    0.00  100.00
04:27:05 AM    6    0.00    0.00    0.00    0.00    0.00    0.00    0.00    0.00    0.00  100.00
04:27:05 AM    7    0.00    0.00    0.00    0.00    0.00    0.00    0.00    0.00    0.00  100.00

04:27:05 AM  CPU    %usr   %nice    %sys %iowait    %irq   %soft  %steal  %guest  %gnice   %idle
04:27:06 AM  all    0.38    0.00   31.58    0.00    0.13    0.25    0.00    0.00    0.00   67.67
04:27:06 AM    0    0.99    0.00   75.25    0.00    0.99    0.00    0.00    0.00    0.00   22.77
04:27:06 AM    1    2.02    0.00   76.77    0.00    0.00    0.00    0.00    0.00    0.00   21.21
04:27:06 AM    2    0.00    0.00    0.00    0.00    0.00    2.02    0.00    0.00    0.00   97.98
04:27:06 AM    3    0.00    0.00  100.00    0.00    0.00    0.00    0.00    0.00    0.00    0.00
04:27:06 AM    4    0.00    0.00    0.00    0.00    0.00    0.00    0.00    0.00    0.00  100.00
04:27:06 AM    5    0.00    0.00    0.00    0.00    0.00    0.00    0.00    0.00    0.00  100.00
04:27:06 AM    6    0.00    0.00    0.00    0.00    0.00    0.00    0.00    0.00    0.00  100.00
04:27:06 AM    7    0.00    0.00    0.00    0.00    0.00    0.00    0.00    0.00    0.00  100.00

04:27:06 AM  CPU    %usr   %nice    %sys %iowait    %irq   %soft  %steal  %guest  %gnice   %idle
04:27:07 AM  all    0.25    0.00   29.31    0.00    0.00    0.38    0.00    0.00    0.00   70.06
04:27:07 AM    0    1.04    0.00   65.62    0.00    0.00    0.00    0.00    0.00    0.00   33.33
04:27:07 AM    1    1.02    0.00   71.43    0.00    0.00    0.00    0.00    0.00    0.00   27.55
04:27:07 AM    2    0.00    0.00    0.00    0.00    0.00    2.00    0.00    0.00    0.00   98.00
04:27:07 AM    3    0.00    0.00  100.00    0.00    0.00    0.00    0.00    0.00    0.00    0.00
04:27:07 AM    4    0.00    0.00    0.00    0.00    0.00    0.00    0.00    0.00    0.00  100.00
04:27:07 AM    5    0.00    0.00    0.00    0.00    0.00    0.99    0.00    0.00    0.00   99.01
04:27:07 AM    6    0.00    0.00    0.00    0.00    0.00    0.00    0.00    0.00    0.00  100.00
04:27:07 AM    7    0.00    0.00    0.00    0.00    0.00    0.00    0.00    0.00    0.00  100.00

04:27:07 AM  CPU    %usr   %nice    %sys %iowait    %irq   %soft  %steal  %guest  %gnice   %idle
04:27:08 AM  all    0.38    0.00   28.75    0.00    0.25    0.25    0.00    0.00    0.00   70.38
04:27:08 AM    0    2.00    0.00   72.00    0.00    0.00    0.00    0.00    0.00    0.00   26.00
04:27:08 AM    1    1.01    0.00   58.59    0.00    1.01    0.00    0.00    0.00    0.00   39.39
04:27:08 AM    2    0.00    0.00    0.00    0.00    0.99    1.98    0.00    0.00    0.00   97.03
04:27:08 AM    3    0.00    0.00  100.00    0.00    0.00    0.00    0.00    0.00    0.00    0.00
04:27:08 AM    4    0.00    0.00    0.00    0.00    0.00    0.00    0.00    0.00    0.00  100.00
04:27:08 AM    5    0.00    0.00    0.00    0.00    0.00    0.00    0.00    0.00    0.00  100.00
04:27:08 AM    6    0.00    0.00    0.00    0.00    0.00    0.00    0.00    0.00    0.00  100.00
04:27:08 AM    7    0.00    0.00    0.00    0.00    0.00    0.00    0.00    0.00    0.00  100.00

04:27:08 AM  CPU    %usr   %nice    %sys %iowait    %irq   %soft  %steal  %guest  %gnice   %idle
04:27:09 AM  all    0.25    0.00   27.92    0.00    0.13    0.25    0.00    0.00    0.00   71.45
04:27:09 AM    0    0.00    0.00   62.50    0.00    1.04    0.00    0.00    0.00    0.00   36.46
04:27:09 AM    1    1.98    0.00   61.39    0.00    0.00    0.00    0.00    0.00    0.00   36.63
04:27:09 AM    2    0.00    0.00    0.00    0.00    0.00    2.02    0.00    0.00    0.00   97.98
04:27:09 AM    3    0.00    0.00  100.00    0.00    0.00    0.00    0.00    0.00    0.00    0.00
04:27:09 AM    4    0.00    0.00    0.00    0.00    0.00    0.00    0.00    0.00    0.00  100.00
04:27:09 AM    5    0.00    0.00    0.00    0.00    0.00    0.00    0.00    0.00    0.00  100.00
04:27:09 AM    6    0.00    0.00    0.00    0.00    0.00    0.00    0.00    0.00    0.00  100.00
04:27:09 AM    7    0.00    0.00    0.00    0.00    0.00    0.00    0.00    0.00    0.00  100.00

04:27:09 AM  CPU    %usr   %nice    %sys %iowait    %irq   %soft  %steal  %guest  %gnice   %idle
04:27:10 AM  all    0.38    0.00   28.88    0.00    0.00    0.38    0.00    0.00    0.00   70.38
04:27:10 AM    0    1.98    0.00   62.38    0.00    0.00    0.99    0.00    0.00    0.00   34.65
04:27:10 AM    1    1.01    0.00   68.69    0.00    0.00    0.00    0.00    0.00    0.00   30.30
04:27:10 AM    2    0.00    0.00    0.00    0.00    0.00    2.00    0.00    0.00    0.00   98.00
04:27:10 AM    3    0.00    0.00  100.00    0.00    0.00    0.00    0.00    0.00    0.00    0.00
04:27:10 AM    4    0.00    0.00    0.00    0.00    0.00    0.00    0.00    0.00    0.00  100.00
04:27:10 AM    5    0.00    0.00    0.00    0.00    0.00    0.00    0.00    0.00    0.00  100.00
04:27:10 AM    6    0.00    0.00    0.00    0.00    0.00    0.00    0.00    0.00    0.00  100.00
04:27:10 AM    7    0.00    0.00    0.00    0.00    0.00    0.00    0.00    0.00    0.00  100.00

04:27:10 AM  CPU    %usr   %nice    %sys %iowait    %irq   %soft  %steal  %guest  %gnice   %idle
04:27:11 AM  all    0.25    0.00   28.64    0.00    0.00    0.25    0.00    0.00    0.00   70.85
04:27:11 AM    0    1.03    0.00   63.92    0.00    0.00    0.00    0.00    0.00    0.00   35.05
04:27:11 AM    1    1.01    0.00   66.67    0.00    0.00    0.00    0.00    0.00    0.00   32.32
04:27:11 AM    2    0.00    0.00    0.00    0.00    0.00    2.00    0.00    0.00    0.00   98.00
04:27:11 AM    3    0.00    0.00  100.00    0.00    0.00    0.00    0.00    0.00    0.00    0.00
04:27:11 AM    4    0.00    0.00    0.00    0.00    0.00    0.00    0.00    0.00    0.00  100.00
04:27:11 AM    5    0.00    0.00    0.00    0.00    0.00    0.00    0.00    0.00    0.00  100.00
04:27:11 AM    6    0.00    0.00    0.00    0.00    0.00    0.00    0.00    0.00    0.00  100.00
04:27:11 AM    7    0.00    0.00    0.00    0.00    0.00    0.00    0.00    0.00    0.00  100.00

04:27:11 AM  CPU    %usr   %nice    %sys %iowait    %irq   %soft  %steal  %guest  %gnice   %idle
04:27:12 AM  all    0.25    0.00   28.38    0.00    0.38    0.50    0.00    0.00    0.00   70.50
04:27:12 AM    0    1.01    0.00   65.66    0.00    1.01    0.00    0.00    0.00    0.00   32.32
04:27:12 AM    1    1.00    0.00   62.00    0.00    1.00    1.00    0.00    0.00    0.00   35.00
04:27:12 AM    2    0.00    0.00    0.00    0.00    0.00    2.00    0.00    0.00    0.00   98.00
04:27:12 AM    3    0.00    0.00  100.00    0.00    0.00    0.00    0.00    0.00    0.00    0.00
04:27:12 AM    4    0.00    0.00    0.00    0.00    0.00    0.00    0.00    0.00    0.00  100.00
04:27:12 AM    5    0.00    0.00    0.00    0.00    0.99    0.99    0.00    0.00    0.00   98.02
04:27:12 AM    6    0.00    0.00    0.00    0.00    0.00    0.00    0.00    0.00    0.00  100.00
04:27:12 AM    7    0.00    0.00    0.00    0.00    0.00    0.00    0.00    0.00    0.00  100.00

04:27:12 AM  CPU    %usr   %nice    %sys %iowait    %irq   %soft  %steal  %guest  %gnice   %idle
04:27:13 AM  all    0.38    0.00   28.82    0.00    0.13    0.25    0.00    0.00    0.00   70.43
04:27:13 AM    0    1.03    0.00   67.01    0.00    0.00    0.00    0.00    0.00    0.00   31.96
04:27:13 AM    1    1.98    0.00   64.36    0.00    0.00    0.00    0.00    0.00    0.00   33.66
04:27:13 AM    2    0.00    0.00    0.00    0.00    1.00    2.00    0.00    0.00    0.00   97.00
04:27:13 AM    3    0.00    0.00  100.00    0.00    0.00    0.00    0.00    0.00    0.00    0.00
04:27:13 AM    4    0.00    0.00    0.00    0.00    0.00    0.00    0.00    0.00    0.00  100.00
04:27:13 AM    5    0.00    0.00    0.00    0.00    0.00    0.00    0.00    0.00    0.00  100.00
04:27:13 AM    6    0.00    0.00    0.00    0.00    0.00    0.00    0.00    0.00    0.00  100.00
04:27:13 AM    7    0.00    0.00    0.00    0.00    0.00    0.00    0.00    0.00    0.00  100.00

04:27:13 AM  CPU    %usr   %nice    %sys %iowait    %irq   %soft  %steal  %guest  %gnice   %idle
04:27:14 AM  all    0.25    0.00   29.29    0.00    0.00    0.25    0.00    0.00    0.00   70.21
04:27:14 AM    0    1.01    0.00   69.70    0.00    0.00    0.00    0.00    0.00    0.00   29.29
04:27:14 AM    1    1.00    0.00   65.00    0.00    0.00    0.00    0.00    0.00    0.00   34.00
04:27:14 AM    2    0.00    0.00    0.00    0.00    0.00    2.00    0.00    0.00    0.00   98.00
04:27:14 AM    3    0.00    0.00  100.00    0.00    0.00    0.00    0.00    0.00    0.00    0.00
04:27:14 AM    4    0.00    0.00    0.00    0.00    0.00    0.00    0.00    0.00    0.00  100.00
04:27:14 AM    5    0.00    0.00    0.00    0.00    0.00    0.00    0.00    0.00    0.00  100.00
04:27:14 AM    6    0.00    0.00    0.00    0.00    0.00    0.00    0.00    0.00    0.00  100.00
04:27:14 AM    7    0.00    0.00    0.00    0.00    0.00    0.00    0.00    0.00    0.00  100.00

04:27:14 AM  CPU    %usr   %nice    %sys %iowait    %irq   %soft  %steal  %guest  %gnice   %idle
04:27:15 AM  all    0.25    0.00   28.48    0.00    0.25    0.25    0.00    0.00    0.00   70.77
04:27:15 AM    0    1.01    0.00   62.63    0.00    1.01    1.01    0.00    0.00    0.00   34.34
04:27:15 AM    1    0.99    0.00   64.36    0.00    0.99    0.00    0.00    0.00    0.00   33.66
04:27:15 AM    2    0.00    0.00    0.00    0.00    0.00    1.02    0.00    0.00    0.00   98.98
04:27:15 AM    3    0.00    0.00  100.00    0.00    0.00    0.00    0.00    0.00    0.00    0.00
04:27:15 AM    4    0.00    0.00    0.00    0.00    0.00    0.00    0.00    0.00    0.00  100.00
04:27:15 AM    5    0.00    0.00    0.00    0.00    0.00    0.00    0.00    0.00    0.00  100.00
04:27:15 AM    6    0.00    0.00    0.00    0.00    0.00    0.00    0.00    0.00    0.00  100.00
04:27:15 AM    7    0.00    0.00    0.00    0.00    0.00    0.00    0.00    0.00    0.00  100.00

04:27:15 AM  CPU    %usr   %nice    %sys %iowait    %irq   %soft  %steal  %guest  %gnice   %idle
04:27:16 AM  all    0.25    0.00   28.23    0.00    0.00    0.25    0.00    0.00    0.00   71.27
04:27:16 AM    0    1.03    0.00   65.98    0.00    0.00    0.00    0.00    0.00    0.00   32.99
04:27:16 AM    1    1.00    0.00   61.00    0.00    0.00    0.00    0.00    0.00    0.00   38.00
04:27:16 AM    2    0.00    0.00    0.00    0.00    0.00    2.00    0.00    0.00    0.00   98.00
04:27:16 AM    3    0.00    0.00  100.00    0.00    0.00    0.00    0.00    0.00    0.00    0.00
04:27:16 AM    4    0.00    0.00    0.00    0.00    0.00    0.00    0.00    0.00    0.00  100.00
04:27:16 AM    5    0.00    0.00    0.00    0.00    0.00    0.00    0.00    0.00    0.00  100.00
04:27:16 AM    6    0.00    0.00    0.00    0.00    0.00    0.00    0.00    0.00    0.00  100.00
04:27:16 AM    7    0.00    0.00    0.00    0.00    0.00    0.00    0.00    0.00    0.00  100.00

04:27:16 AM  CPU    %usr   %nice    %sys %iowait    %irq   %soft  %steal  %guest  %gnice   %idle
04:27:17 AM  all    0.12    0.00   28.71    0.00    0.12    0.37    0.00    0.00    0.00   70.66
04:27:17 AM    0    0.00    0.00   63.64    0.00    0.00    0.00    0.00    0.00    0.00   36.36
04:27:17 AM    1    1.00    0.00   67.00    0.00    0.00    0.00    0.00    0.00    0.00   32.00
04:27:17 AM    2    0.00    0.00    0.00    0.00    0.99    1.98    0.00    0.00    0.00   97.03
04:27:17 AM    3    0.00    0.00  100.00    0.00    0.00    0.00    0.00    0.00    0.00    0.00
04:27:17 AM    4    0.00    0.00    0.00    0.00    0.00    0.00    0.00    0.00    0.00  100.00
04:27:17 AM    5    0.00    0.00    0.00    0.00    0.00    0.99    0.00    0.00    0.00   99.01
04:27:17 AM    6    0.00    0.00    0.00    0.00    0.00    0.00    0.00    0.00    0.00  100.00
04:27:17 AM    7    0.00    0.00    0.00    0.00    0.00    0.00    0.00    0.00    0.00  100.00

04:27:17 AM  CPU    %usr   %nice    %sys %iowait    %irq   %soft  %steal  %guest  %gnice   %idle
04:27:18 AM  all    0.38    0.00   28.57    0.00    0.13    0.25    0.00    0.00    0.00   70.68
04:27:18 AM    0    2.00    0.00   61.00    0.00    1.00    0.00    0.00    0.00    0.00   36.00
04:27:18 AM    1    1.01    0.00   67.68    0.00    0.00    0.00    0.00    0.00    0.00   31.31
04:27:18 AM    2    0.00    0.00    0.00    0.00    0.00    2.00    0.00    0.00    0.00   98.00
04:27:18 AM    3    0.00    0.00  100.00    0.00    0.00    0.00    0.00    0.00    0.00    0.00
04:27:18 AM    4    0.00    0.00    0.00    0.00    0.00    0.00    0.00    0.00    0.00  100.00
04:27:18 AM    5    0.00    0.00    0.00    0.00    0.00    0.00    0.00    0.00    0.00  100.00
04:27:18 AM    6    0.00    0.00    0.00    0.00    0.00    0.00    0.00    0.00    0.00  100.00
04:27:18 AM    7    0.00    0.00    0.00    0.00    0.00    0.00    0.00    0.00    0.00  100.00

04:27:18 AM  CPU    %usr   %nice    %sys %iowait    %irq   %soft  %steal  %guest  %gnice   %idle
04:27:19 AM  all    0.38    0.00   28.73    0.00    0.13    0.25    0.00    0.00    0.00   70.51
04:27:19 AM    0    1.02    0.00   65.31    0.00    0.00    0.00    0.00    0.00    0.00   33.67
04:27:19 AM    1    2.00    0.00   65.00    0.00    1.00    0.00    0.00    0.00    0.00   32.00
04:27:19 AM    2    0.00    0.00    0.00    0.00    0.00    2.02    0.00    0.00    0.00   97.98
04:27:19 AM    3    0.00    0.00  100.00    0.00    0.00    0.00    0.00    0.00    0.00    0.00
04:27:19 AM    4    0.00    0.00    0.00    0.00    0.00    0.00    0.00    0.00    0.00  100.00
04:27:19 AM    5    0.00    0.00    0.00    0.00    0.00    0.00    0.00    0.00    0.00  100.00
04:27:19 AM    6    0.00    0.00    0.00    0.00    0.00    0.00    0.00    0.00    0.00  100.00
04:27:19 AM    7    0.00    0.00    0.00    0.00    0.00    0.00    0.00    0.00    0.00  100.00

04:27:19 AM  CPU    %usr   %nice    %sys %iowait    %irq   %soft  %steal  %guest  %gnice   %idle
04:27:20 AM  all    0.25    0.00   28.72    0.00    0.00    0.38    0.00    0.00    0.00   70.65
04:27:20 AM    0    1.03    0.00   63.92    0.00    0.00    1.03    0.00    0.00    0.00   34.02
04:27:20 AM    1    1.03    0.00   68.04    0.00    0.00    0.00    0.00    0.00    0.00   30.93
04:27:20 AM    2    0.00    0.00    0.00    0.00    0.00    2.00    0.00    0.00    0.00   98.00
04:27:20 AM    3    0.00    0.00  100.00    0.00    0.00    0.00    0.00    0.00    0.00    0.00
04:27:20 AM    4    0.00    0.00    0.00    0.00    0.00    0.00    0.00    0.00    0.00  100.00
04:27:20 AM    5    0.00    0.00    0.00    0.00    0.00    0.00    0.00    0.00    0.00  100.00
04:27:20 AM    6    0.00    0.00    0.00    0.00    0.00    0.00    0.00    0.00    0.00  100.00
04:27:20 AM    7    0.00    0.00    0.00    0.00    0.00    0.00    0.00    0.00    0.00  100.00

04:27:20 AM  CPU    %usr   %nice    %sys %iowait    %irq   %soft  %steal  %guest  %gnice   %idle
04:27:21 AM  all    0.25    0.00   28.73    0.00    0.13    0.38    0.00    0.00    0.00   70.51
04:27:21 AM    0    1.01    0.00   63.64    0.00    1.01    0.00    0.00    0.00    0.00   34.34
04:27:21 AM    1    1.01    0.00   66.67    0.00    0.00    1.01    0.00    0.00    0.00   31.31
04:27:21 AM    2    0.00    0.00    0.00    0.00    0.00    2.00    0.00    0.00    0.00   98.00
04:27:21 AM    3    0.00    0.00  100.00    0.00    0.00    0.00    0.00    0.00    0.00    0.00
04:27:21 AM    4    0.00    0.00    0.00    0.00    0.00    0.00    0.00    0.00    0.00  100.00
04:27:21 AM    5    0.00    0.00    0.00    0.00    0.00    0.00    0.00    0.00    0.00  100.00
04:27:21 AM    6    0.00    0.00    0.00    0.00    0.00    0.00    0.00    0.00    0.00  100.00
04:27:21 AM    7    0.00    0.00    0.00    0.00    0.00    0.00    0.00    0.00    0.00  100.00

04:27:21 AM  CPU    %usr   %nice    %sys %iowait    %irq   %soft  %steal  %guest  %gnice   %idle
04:27:22 AM  all    0.50    0.00   28.25    0.00    0.12    0.25    0.00    0.00    0.00   70.88
04:27:22 AM    0    2.00    0.00   62.00    0.00    0.00    0.00    0.00    0.00    0.00   36.00
04:27:22 AM    1    2.02    0.00   64.65    0.00    0.00    0.00    0.00    0.00    0.00   33.33
04:27:22 AM    2    0.00    0.00    0.00    0.00    1.00    1.00    0.00    0.00    0.00   98.00
04:27:22 AM    3    0.00    0.00  100.00    0.00    0.00    0.00    0.00    0.00    0.00    0.00
04:27:22 AM    4    0.00    0.00    0.00    0.00    0.00    0.00    0.00    0.00    0.00  100.00
04:27:22 AM    5    0.00    0.00    0.00    0.00    0.00    0.99    0.00    0.00    0.00   99.01
04:27:22 AM    6    0.00    0.00    0.00    0.00    0.00    0.00    0.00    0.00    0.00  100.00
04:27:22 AM    7    0.00    0.00    0.00    0.00    0.00    0.00    0.00    0.00    0.00  100.00

04:27:22 AM  CPU    %usr   %nice    %sys %iowait    %irq   %soft  %steal  %guest  %gnice   %idle
04:27:23 AM  all    0.25    0.00   29.40    0.00    0.13    0.25    0.00    0.00    0.00   69.97
04:27:23 AM    0    1.02    0.00   67.35    0.00    0.00    0.00    0.00    0.00    0.00   31.63
04:27:23 AM    1    1.00    0.00   68.00    0.00    1.00    0.00    0.00    0.00    0.00   30.00
04:27:23 AM    2    0.00    0.00    0.00    0.00    0.00    2.02    0.00    0.00    0.00   97.98
04:27:23 AM    3    0.00    0.00  100.00    0.00    0.00    0.00    0.00    0.00    0.00    0.00
04:27:23 AM    4    0.00    0.00    0.00    0.00    0.00    0.00    0.00    0.00    0.00  100.00
04:27:23 AM    5    0.00    0.00    0.00    0.00    0.00    0.00    0.00    0.00    0.00  100.00
04:27:23 AM    6    0.00    0.00    0.00    0.00    0.00    0.00    0.00    0.00    0.00  100.00
04:27:23 AM    7    0.00    0.00    0.00    0.00    0.00    0.00    0.00    0.00    0.00  100.00

04:27:23 AM  CPU    %usr   %nice    %sys %iowait    %irq   %soft  %steal  %guest  %gnice   %idle
04:27:24 AM  all    0.50    0.00   28.70    0.00    0.13    0.25    0.00    0.00    0.00   70.43
04:27:24 AM    0    2.02    0.00   63.64    0.00    1.01    0.00    0.00    0.00    0.00   33.33
04:27:24 AM    1    2.02    0.00   66.67    0.00    0.00    0.00    0.00    0.00    0.00   31.31
04:27:24 AM    2    0.00    0.00    0.00    0.00    0.00    2.00    0.00    0.00    0.00   98.00
04:27:24 AM    3    0.00    0.00  100.00    0.00    0.00    0.00    0.00    0.00    0.00    0.00
04:27:24 AM    4    0.00    0.00    0.00    0.00    0.00    0.00    0.00    0.00    0.00  100.00
04:27:24 AM    5    0.00    0.00    0.00    0.00    0.00    0.00    0.00    0.00    0.00  100.00
04:27:24 AM    6    0.00    0.00    0.00    0.00    0.00    0.00    0.00    0.00    0.00  100.00
04:27:24 AM    7    0.00    0.00    0.00    0.00    0.00    0.00    0.00    0.00    0.00  100.00

04:27:24 AM  CPU    %usr   %nice    %sys %iowait    %irq   %soft  %steal  %guest  %gnice   %idle
04:27:25 AM  all    0.13    0.00   28.95    0.00    0.00    0.38    0.00    0.00    0.00   70.55
04:27:25 AM    0    0.00    0.00   64.65    0.00    0.00    1.01    0.00    0.00    0.00   34.34
04:27:25 AM    1    1.01    0.00   67.68    0.00    0.00    0.00    0.00    0.00    0.00   31.31
04:27:25 AM    2    0.00    0.00    0.00    0.00    0.00    2.00    0.00    0.00    0.00   98.00
04:27:25 AM    3    0.00    0.00  100.00    0.00    0.00    0.00    0.00    0.00    0.00    0.00
04:27:25 AM    4    0.00    0.00    0.00    0.00    0.00    0.00    0.00    0.00    0.00  100.00
04:27:25 AM    5    0.00    0.00    0.00    0.00    0.00    0.00    0.00    0.00    0.00  100.00
04:27:25 AM    6    0.00    0.00    0.00    0.00    0.00    0.00    0.00    0.00    0.00  100.00
04:27:25 AM    7    0.00    0.00    0.00    0.00    0.00    0.00    0.00    0.00    0.00  100.00

04:27:25 AM  CPU    %usr   %nice    %sys %iowait    %irq   %soft  %steal  %guest  %gnice   %idle
04:27:26 AM  all    0.38    0.00   29.12    0.00    0.38    0.38    0.00    0.00    0.00   69.75
04:27:26 AM    0    2.04    0.00   72.45    0.00    0.00    0.00    0.00    0.00    0.00   25.51
04:27:26 AM    1    0.99    0.00   61.39    0.00    0.99    0.00    0.00    0.00    0.00   36.63
04:27:26 AM    2    0.00    0.00    0.00    0.00    1.00    2.00    0.00    0.00    0.00   97.00
04:27:26 AM    3    0.00    0.00  100.00    0.00    0.00    0.00    0.00    0.00    0.00    0.00
04:27:26 AM    4    0.00    0.00    0.00    0.00    0.00    0.00    0.00    0.00    0.00  100.00
04:27:26 AM    5    0.00    0.00    0.00    0.00    0.99    0.99    0.00    0.00    0.00   98.02
04:27:26 AM    6    0.00    0.00    0.00    0.00    0.00    0.00    0.00    0.00    0.00  100.00
04:27:26 AM    7    0.00    0.00    0.00    0.00    0.00    0.00    0.00    0.00    0.00  100.00

04:27:26 AM  CPU    %usr   %nice    %sys %iowait    %irq   %soft  %steal  %guest  %gnice   %idle
04:27:27 AM  all    0.38    0.00   28.41    0.00    0.13    0.25    0.00    0.00    0.00   70.84
04:27:27 AM    0    1.96    0.00   62.75    0.00    0.98    0.00    0.00    0.00    0.00   34.31
04:27:27 AM    1    1.03    0.00   64.95    0.00    0.00    0.00    0.00    0.00    0.00   34.02
04:27:27 AM    2    0.00    0.00    0.00    0.00    0.00    2.00    0.00    0.00    0.00   98.00
04:27:27 AM    3    0.00    0.00  100.00    0.00    0.00    0.00    0.00    0.00    0.00    0.00
04:27:27 AM    4    0.00    0.00    0.00    0.00    0.00    0.00    0.00    0.00    0.00  100.00
04:27:27 AM    5    0.00    0.00    0.00    0.00    0.00    0.00    0.00    0.00    0.00  100.00
04:27:27 AM    6    0.00    0.00    0.00    0.00    0.00    0.00    0.00    0.00    0.00  100.00
04:27:27 AM    7    0.00    0.00    0.00    0.00    0.00    0.00    0.00    0.00    0.00  100.00

04:27:27 AM  CPU    %usr   %nice    %sys %iowait    %irq   %soft  %steal  %guest  %gnice   %idle
04:27:28 AM  all    0.13    0.00   29.77    0.00    0.00    0.25    0.00    0.00    0.00   69.85
04:27:28 AM    0    0.00    0.00   71.72    0.00    0.00    0.00    0.00    0.00    0.00   28.28
04:27:28 AM    1    1.03    0.00   68.04    0.00    0.00    0.00    0.00    0.00    0.00   30.93
04:27:28 AM    2    0.00    0.00    0.00    0.00    0.00    2.00    0.00    0.00    0.00   98.00
04:27:28 AM    3    0.00    0.00  100.00    0.00    0.00    0.00    0.00    0.00    0.00    0.00
04:27:28 AM    4    0.00    0.00    0.00    0.00    0.00    0.00    0.00    0.00    0.00  100.00
04:27:28 AM    5    0.00    0.00    0.00    0.00    0.00    0.00    0.00    0.00    0.00  100.00
04:27:28 AM    6    0.00    0.00    0.00    0.00    0.00    0.00    0.00    0.00    0.00  100.00
04:27:28 AM    7    0.00    0.00    0.00    0.00    0.00    0.00    0.00    0.00    0.00  100.00

04:27:28 AM  CPU    %usr   %nice    %sys %iowait    %irq   %soft  %steal  %guest  %gnice   %idle
04:27:29 AM  all    0.25    0.00   30.58    0.00    0.00    0.25    0.00    0.00    0.00   68.92
04:27:29 AM    0    2.00    0.00   69.00    0.00    0.00    0.00    0.00    0.00    0.00   29.00
04:27:29 AM    1    0.00    0.00   75.00    0.00    0.00    0.00    0.00    0.00    0.00   25.00
04:27:29 AM    2    0.00    0.00    0.00    0.00    0.00    2.02    0.00    0.00    0.00   97.98
04:27:29 AM    3    0.00    0.00  100.00    0.00    0.00    0.00    0.00    0.00    0.00    0.00
04:27:29 AM    4    0.00    0.00    0.00    0.00    0.00    0.00    0.00    0.00    0.00  100.00
04:27:29 AM    5    0.00    0.00    0.00    0.00    0.00    0.00    0.00    0.00    0.00  100.00
04:27:29 AM    6    0.00    0.00    0.00    0.00    0.00    0.00    0.00    0.00    0.00  100.00
04:27:29 AM    7    0.00    0.00    0.00    0.00    0.00    0.00    0.00    0.00    0.00  100.00

04:27:29 AM  CPU    %usr   %nice    %sys %iowait    %irq   %soft  %steal  %guest  %gnice   %idle
04:27:30 AM  all    0.38    0.00   29.11    0.00    0.25    0.25    0.00    0.00    0.00   70.01
04:27:30 AM    0    1.05    0.00   66.32    0.00    1.05    0.00    0.00    0.00    0.00   31.58
04:27:30 AM    1    1.94    0.00   66.99    0.00    0.97    0.97    0.00    0.00    0.00   29.13
04:27:30 AM    2    0.00    0.00    0.00    0.00    0.00    1.01    0.00    0.00    0.00   98.99
04:27:30 AM    3    0.00    0.00  100.00    0.00    0.00    0.00    0.00    0.00    0.00    0.00
04:27:30 AM    4    0.00    0.00    0.00    0.00    0.00    0.00    0.00    0.00    0.00  100.00
04:27:30 AM    5    0.00    0.00    0.00    0.00    0.00    0.00    0.00    0.00    0.00  100.00
04:27:30 AM    6    0.00    0.00    0.00    0.00    0.00    0.00    0.00    0.00    0.00  100.00
04:27:30 AM    7    0.00    0.00    0.00    0.00    0.00    0.00    0.00    0.00    0.00  100.00

04:27:30 AM  CPU    %usr   %nice    %sys %iowait    %irq   %soft  %steal  %guest  %gnice   %idle
04:27:31 AM  all    0.25    0.00   28.84    0.00    0.12    0.50    0.00    0.00    0.00   70.29
04:27:31 AM    0    0.99    0.00   62.38    0.00    0.00    0.99    0.00    0.00    0.00   35.64
04:27:31 AM    1    1.01    0.00   68.69    0.00    0.00    0.00    0.00    0.00    0.00   30.30
04:27:31 AM    2    0.00    0.00    0.00    0.00    0.99    1.98    0.00    0.00    0.00   97.03
04:27:31 AM    3    0.00    0.00  100.00    0.00    0.00    0.00    0.00    0.00    0.00    0.00
04:27:31 AM    4    0.00    0.00    0.00    0.00    0.00    0.00    0.00    0.00    0.00  100.00
04:27:31 AM    5    0.00    0.00    0.00    0.00    0.00    1.00    0.00    0.00    0.00   99.00
04:27:31 AM    6    0.00    0.00    0.00    0.00    0.00    0.00    0.00    0.00    0.00  100.00
04:27:31 AM    7    0.00    0.00    0.00    0.00    0.00    0.00    0.00    0.00    0.00  100.00

04:27:31 AM  CPU    %usr   %nice    %sys %iowait    %irq   %soft  %steal  %guest  %gnice   %idle
04:27:32 AM  all    0.38    0.00   29.81    0.00    0.00    0.25    0.00    0.00    0.00   69.56
04:27:32 AM    0    2.04    0.00   67.35    0.00    0.00    0.00    0.00    0.00    0.00   30.61
04:27:32 AM    1    1.03    0.00   73.20    0.00    0.00    0.00    0.00    0.00    0.00   25.77
04:27:32 AM    2    0.00    0.00    0.00    0.00    0.00    2.00    0.00    0.00    0.00   98.00
04:27:32 AM    3    0.00    0.00  100.00    0.00    0.00    0.00    0.00    0.00    0.00    0.00
04:27:32 AM    4    0.00    0.00    0.00    0.00    0.00    0.00    0.00    0.00    0.00  100.00
04:27:32 AM    5    0.00    0.00    0.00    0.00    0.00    0.00    0.00    0.00    0.00  100.00
04:27:32 AM    6    0.00    0.00    0.00    0.00    0.00    0.00    0.00    0.00    0.00  100.00
04:27:32 AM    7    0.00    0.00    0.00    0.00    0.00    0.00    0.00    0.00    0.00  100.00

04:27:32 AM  CPU    %usr   %nice    %sys %iowait    %irq   %soft  %steal  %guest  %gnice   %idle
04:27:33 AM  all    0.25    0.00   30.28    0.00    0.25    0.25    0.00    0.00    0.00   68.97
04:27:33 AM    0    1.01    0.00   71.72    0.00    1.01    0.00    0.00    0.00    0.00   26.26
04:27:33 AM    1    1.02    0.00   71.43    0.00    0.00    0.00    0.00    0.00    0.00   27.55
04:27:33 AM    2    0.00    0.00    0.00    0.00    0.00    2.02    0.00    0.00    0.00   97.98
04:27:33 AM    3    0.00    0.00   99.01    0.00    0.99    0.00    0.00    0.00    0.00    0.00
04:27:33 AM    4    0.00    0.00    0.00    0.00    0.00    0.00    0.00    0.00    0.00  100.00
04:27:33 AM    5    0.00    0.00    0.00    0.00    0.00    0.00    0.00    0.00    0.00  100.00
04:27:33 AM    6    0.00    0.00    0.00    0.00    0.00    0.00    0.00    0.00    0.00  100.00
04:27:33 AM    7    0.00    0.00    0.00    0.00    0.00    0.00    0.00    0.00    0.00  100.00

04:27:33 AM  CPU    %usr   %nice    %sys %iowait    %irq   %soft  %steal  %guest  %gnice   %idle
04:27:34 AM  all    0.38    0.00   29.65    0.00    0.13    0.25    0.00    0.00    0.00   69.60
04:27:34 AM    0    1.04    0.00   72.92    0.00    0.00    0.00    0.00    0.00    0.00   26.04
04:27:34 AM    1    2.00    0.00   66.00    0.00    1.00    0.00    0.00    0.00    0.00   31.00
04:27:34 AM    2    0.00    0.00    0.00    0.00    0.00    2.00    0.00    0.00    0.00   98.00
04:27:34 AM    3    0.00    0.00  100.00    0.00    0.00    0.00    0.00    0.00    0.00    0.00
04:27:34 AM    4    0.00    0.00    0.00    0.00    0.00    0.00    0.00    0.00    0.00  100.00
04:27:34 AM    5    0.00    0.00    0.00    0.00    0.00    0.00    0.00    0.00    0.00  100.00
04:27:34 AM    6    0.00    0.00    0.00    0.00    0.00    0.00    0.00    0.00    0.00  100.00
04:27:34 AM    7    0.00    0.00    0.00    0.00    0.00    0.00    0.00    0.00    0.00  100.00

04:27:34 AM  CPU    %usr   %nice    %sys %iowait    %irq   %soft  %steal  %guest  %gnice   %idle
04:27:35 AM  all    0.25    0.00   29.65    0.00    0.13    0.38    0.00    0.00    0.00   69.60
04:27:35 AM    0    2.02    0.00   68.69    0.00    0.00    0.00    0.00    0.00    0.00   29.29
04:27:35 AM    1    0.00    0.00   71.58    0.00    0.00    0.00    0.00    0.00    0.00   28.42
04:27:35 AM    2    0.00    0.00    0.00    0.00    0.99    1.98    0.00    0.00    0.00   97.03
04:27:35 AM    3    0.00    0.00  100.00    0.00    0.00    0.00    0.00    0.00    0.00    0.00
04:27:35 AM    4    0.00    0.00    0.00    0.00    0.00    0.00    0.00    0.00    0.00  100.00
04:27:35 AM    5    0.00    0.00    0.00    0.00    0.00    0.99    0.00    0.00    0.00   99.01
04:27:35 AM    6    0.00    0.00    0.00    0.00    0.00    0.00    0.00    0.00    0.00  100.00
04:27:35 AM    7    0.00    0.00    0.00    0.00    0.00    0.00    0.00    0.00    0.00  100.00

04:27:35 AM  CPU    %usr   %nice    %sys %iowait    %irq   %soft  %steal  %guest  %gnice   %idle
04:27:36 AM  all    0.25    0.00   30.15    0.00    0.13    0.38    0.00    0.00    0.00   69.10
04:27:36 AM    0    0.99    0.00   71.29    0.00    0.99    0.99    0.00    0.00    0.00   25.74
04:27:36 AM    1    1.03    0.00   70.10    0.00    0.00    0.00    0.00    0.00    0.00   28.87
04:27:36 AM    2    0.00    0.00    0.00    0.00    0.00    2.02    0.00    0.00    0.00   97.98
04:27:36 AM    3    0.00    0.00  100.00    0.00    0.00    0.00    0.00    0.00    0.00    0.00
04:27:36 AM    4    0.00    0.00    0.00    0.00    0.00    0.00    0.00    0.00    0.00  100.00
04:27:36 AM    5    0.00    0.00    0.00    0.00    0.00    0.00    0.00    0.00    0.00  100.00
04:27:36 AM    6    0.00    0.00    0.00    0.00    0.00    0.00    0.00    0.00    0.00  100.00
04:27:36 AM    7    0.00    0.00    0.00    0.00    0.00    0.00    0.00    0.00    0.00  100.00

04:27:36 AM  CPU    %usr   %nice    %sys %iowait    %irq   %soft  %steal  %guest  %gnice   %idle
04:27:37 AM  all    0.38    0.00   30.36    0.00    0.13    0.13    0.00    0.00    0.00   69.01
04:27:37 AM    0    1.02    0.00   70.41    0.00    0.00    0.00    0.00    0.00    0.00   28.57
04:27:37 AM    1    2.00    0.00   73.00    0.00    1.00    0.00    0.00    0.00    0.00   24.00
04:27:37 AM    2    0.00    0.00    0.00    0.00    0.00    1.01    0.00    0.00    0.00   98.99
04:27:37 AM    3    0.00    0.00  100.00    0.00    0.00    0.00    0.00    0.00    0.00    0.00
04:27:37 AM    4    0.00    0.00    0.00    0.00    0.00    0.00    0.00    0.00    0.00  100.00
04:27:37 AM    5    0.00    0.00    0.00    0.00    0.00    0.00    0.00    0.00    0.00  100.00
04:27:37 AM    6    0.00    0.00    0.00    0.00    0.00    0.00    0.00    0.00    0.00  100.00
04:27:37 AM    7    0.00    0.00    0.00    0.00    0.00    0.00    0.00    0.00    0.00  100.00

04:27:37 AM  CPU    %usr   %nice    %sys %iowait    %irq   %soft  %steal  %guest  %gnice   %idle
04:27:38 AM  all    0.25    0.00   28.88    0.00    0.13    0.25    0.00    0.00    0.00   70.49
04:27:38 AM    0    2.06    0.00   63.92    0.00    0.00    0.00    0.00    0.00    0.00   34.02
04:27:38 AM    1    0.00    0.00   69.79    0.00    0.00    0.00    0.00    0.00    0.00   30.21
04:27:38 AM    2    0.00    0.00    0.00    0.00    0.00    2.00    0.00    0.00    0.00   98.00
04:27:38 AM    3    0.00    0.00  100.00    0.00    0.00    0.00    0.00    0.00    0.00    0.00
04:27:38 AM    4    0.00    0.00    0.00    0.00    0.00    0.00    0.00    0.00    0.00  100.00
04:27:38 AM    5    0.00    0.00    0.00    0.00    1.00    0.00    0.00    0.00    0.00   99.00
04:27:38 AM    6    0.00    0.00    0.00    0.00    0.00    0.00    0.00    0.00    0.00  100.00
04:27:38 AM    7    0.00    0.00    0.00    0.00    0.00    0.00    0.00    0.00    0.00  100.00

04:27:38 AM  CPU    %usr   %nice    %sys %iowait    %irq   %soft  %steal  %guest  %gnice   %idle
04:27:39 AM  all    0.37    0.00   29.05    0.00    0.25    0.50    0.00    0.00    0.00   69.83
04:27:39 AM    0    1.01    0.00   64.65    0.00    1.01    0.00    0.00    0.00    0.00   33.33
04:27:39 AM    1    1.98    0.00   68.32    0.00    0.00    0.99    0.00    0.00    0.00   28.71
04:27:39 AM    2    0.00    0.00    0.00    0.00    0.99    1.98    0.00    0.00    0.00   97.03
04:27:39 AM    3    0.00    0.00  100.00    0.00    0.00    0.00    0.00    0.00    0.00    0.00
04:27:39 AM    4    0.00    0.00    0.00    0.00    0.00    0.00    0.00    0.00    0.00  100.00
04:27:39 AM    5    0.00    0.00    0.00    0.00    0.00    0.99    0.00    0.00    0.00   99.01
04:27:39 AM    6    0.00    0.00    0.00    0.00    0.00    0.00    0.00    0.00    0.00  100.00
04:27:39 AM    7    0.00    0.00    0.00    0.00    0.00    0.00    0.00    0.00    0.00  100.00

04:27:39 AM  CPU    %usr   %nice    %sys %iowait    %irq   %soft  %steal  %guest  %gnice   %idle
04:27:40 AM  all    0.25    0.00   30.10    0.00    0.13    0.25    0.00    0.00    0.00   69.27
04:27:40 AM    0    1.03    0.00   69.07    0.00    0.00    0.00    0.00    0.00    0.00   29.90
04:27:40 AM    1    1.01    0.00   72.73    0.00    1.01    0.00    0.00    0.00    0.00   25.25
04:27:40 AM    2    0.00    0.00    0.00    0.00    0.00    2.02    0.00    0.00    0.00   97.98
04:27:40 AM    3    0.00    0.00  100.00    0.00    0.00    0.00    0.00    0.00    0.00    0.00
04:27:40 AM    4    0.00    0.00    0.00    0.00    0.00    0.00    0.00    0.00    0.00  100.00
04:27:40 AM    5    0.00    0.00    0.00    0.00    0.00    0.00    0.00    0.00    0.00  100.00
04:27:40 AM    6    0.00    0.00    0.00    0.00    0.00    0.00    0.00    0.00    0.00  100.00
04:27:40 AM    7    0.00    0.00    0.00    0.00    0.00    0.00    0.00    0.00    0.00  100.00

04:27:40 AM  CPU    %usr   %nice    %sys %iowait    %irq   %soft  %steal  %guest  %gnice   %idle
04:27:41 AM  all    0.25    0.00   30.40    0.00    0.00    0.38    0.00    0.00    0.00   68.97
04:27:41 AM    0    1.02    0.00   72.45    0.00    0.00    1.02    0.00    0.00    0.00   25.51
04:27:41 AM    1    1.02    0.00   72.45    0.00    0.00    0.00    0.00    0.00    0.00   26.53
04:27:41 AM    2    0.00    0.00    0.00    0.00    0.00    2.00    0.00    0.00    0.00   98.00
04:27:41 AM    3    0.00    0.00  100.00    0.00    0.00    0.00    0.00    0.00    0.00    0.00
04:27:41 AM    4    0.00    0.00    0.00    0.00    0.00    0.00    0.00    0.00    0.00  100.00
04:27:41 AM    5    0.00    0.00    0.00    0.00    0.00    0.00    0.00    0.00    0.00  100.00
04:27:41 AM    6    0.00    0.00    0.00    0.00    0.00    0.00    0.00    0.00    0.00  100.00
04:27:41 AM    7    0.00    0.00    0.00    0.00    0.00    0.00    0.00    0.00    0.00  100.00

04:27:41 AM  CPU    %usr   %nice    %sys %iowait    %irq   %soft  %steal  %guest  %gnice   %idle
04:27:42 AM  all    0.25    0.00   30.49    0.00    0.13    0.13    0.00    0.00    0.00   69.01
04:27:42 AM    0    1.00    0.00   71.00    0.00    1.00    0.00    0.00    0.00    0.00   27.00
04:27:42 AM    1    1.02    0.00   73.47    0.00    0.00    0.00    0.00    0.00    0.00   25.51
04:27:42 AM    2    0.00    0.00    0.00    0.00    0.00    1.01    0.00    0.00    0.00   98.99
04:27:42 AM    3    0.00    0.00  100.00    0.00    0.00    0.00    0.00    0.00    0.00    0.00
04:27:42 AM    4    0.00    0.00    0.00    0.00    0.00    0.00    0.00    0.00    0.00  100.00
04:27:42 AM    5    0.00    0.00    0.00    0.00    0.00    0.00    0.00    0.00    0.00  100.00
04:27:42 AM    6    0.00    0.00    0.00    0.00    0.00    0.00    0.00    0.00    0.00  100.00
04:27:42 AM    7    0.00    0.00    0.00    0.00    0.00    0.00    0.00    0.00    0.00  100.00

04:27:42 AM  CPU    %usr   %nice    %sys %iowait    %irq   %soft  %steal  %guest  %gnice   %idle
04:27:43 AM  all    0.25    0.00   29.69    0.13    0.00    0.38    0.00    0.00    0.00   69.56
04:27:43 AM    0    1.02    0.00   68.37    0.00    0.00    0.00    0.00    0.00    0.00   30.61
04:27:43 AM    1    1.03    0.00   71.13    1.03    0.00    0.00    0.00    0.00    0.00   26.80
04:27:43 AM    2    0.00    0.00    0.00    0.00    0.00    2.00    0.00    0.00    0.00   98.00
04:27:43 AM    3    0.00    0.00  100.00    0.00    0.00    0.00    0.00    0.00    0.00    0.00
04:27:43 AM    4    0.00    0.00    0.00    0.00    0.00    0.00    0.00    0.00    0.00  100.00
04:27:43 AM    5    0.00    0.00    0.00    0.00    0.00    1.00    0.00    0.00    0.00   99.00
04:27:43 AM    6    0.00    0.00    0.00    0.00    0.00    0.00    0.00    0.00    0.00  100.00
04:27:43 AM    7    0.00    0.00    0.00    0.00    0.00    0.00    0.00    0.00    0.00  100.00

04:27:43 AM  CPU    %usr   %nice    %sys %iowait    %irq   %soft  %steal  %guest  %gnice   %idle
04:27:44 AM  all    0.25    0.00   29.35    0.00    0.38    0.25    0.00    0.00    0.00   69.77
04:27:44 AM    0    1.04    0.00   67.71    0.00    1.04    0.00    0.00    0.00    0.00   30.21
04:27:44 AM    1    1.02    0.00   69.39    0.00    1.02    0.00    0.00    0.00    0.00   28.57
04:27:44 AM    2    0.00    0.00    0.00    0.00    1.00    2.00    0.00    0.00    0.00   97.00
04:27:44 AM    3    0.00    0.00  100.00    0.00    0.00    0.00    0.00    0.00    0.00    0.00
04:27:44 AM    4    0.00    0.00    0.00    0.00    0.00    0.00    0.00    0.00    0.00  100.00
04:27:44 AM    5    0.00    0.00    0.00    0.00    0.00    0.00    0.00    0.00    0.00  100.00
04:27:44 AM    6    0.00    0.00    0.00    0.00    0.00    0.00    0.00    0.00    0.00  100.00
04:27:44 AM    7    0.00    0.00    0.00    0.00    0.00    0.00    0.00    0.00    0.00  100.00

04:27:44 AM  CPU    %usr   %nice    %sys %iowait    %irq   %soft  %steal  %guest  %gnice   %idle
04:27:45 AM  all    0.38    0.00   28.30    0.00    0.00    0.25    0.00    0.00    0.00   71.07
04:27:45 AM    0    2.04    0.00   61.22    0.00    0.00    0.00    0.00    0.00    0.00   36.73
04:27:45 AM    1    1.02    0.00   66.33    0.00    0.00    0.00    0.00    0.00    0.00   32.65
04:27:45 AM    2    0.00    0.00    0.00    0.00    0.00    2.00    0.00    0.00    0.00   98.00
04:27:45 AM    3    0.00    0.00  100.00    0.00    0.00    0.00    0.00    0.00    0.00    0.00
04:27:45 AM    4    0.00    0.00    0.00    0.00    0.00    0.00    0.00    0.00    0.00  100.00
04:27:45 AM    5    0.00    0.00    0.00    0.00    0.00    0.00    0.00    0.00    0.00  100.00
04:27:45 AM    6    0.00    0.00    0.00    0.00    0.00    0.00    0.00    0.00    0.00  100.00
04:27:45 AM    7    0.00    0.00    0.00    0.00    0.00    0.00    0.00    0.00    0.00  100.00

04:27:45 AM  CPU    %usr   %nice    %sys %iowait    %irq   %soft  %steal  %guest  %gnice   %idle
04:27:46 AM  all    0.38    0.00   29.70    0.00    0.00    0.25    0.00    0.00    0.00   69.67
04:27:46 AM    0    2.06    0.00   67.01    0.00    0.00    0.00    0.00    0.00    0.00   30.93
04:27:46 AM    1    0.99    0.00   71.29    0.00    0.00    0.00    0.00    0.00    0.00   27.72
04:27:46 AM    2    0.00    0.00    0.00    0.00    0.00    2.00    0.00    0.00    0.00   98.00
04:27:46 AM    3    0.00    0.00  100.00    0.00    0.00    0.00    0.00    0.00    0.00    0.00
04:27:46 AM    4    0.00    0.00    0.00    0.00    0.00    0.00    0.00    0.00    0.00  100.00
04:27:46 AM    5    0.00    0.00    0.00    0.00    0.00    0.00    0.00    0.00    0.00  100.00
04:27:46 AM    6    0.00    0.00    0.00    0.00    0.00    0.00    0.00    0.00    0.00  100.00
04:27:46 AM    7    0.00    0.00    0.00    0.00    0.00    0.00    0.00    0.00    0.00  100.00

04:27:46 AM  CPU    %usr   %nice    %sys %iowait    %irq   %soft  %steal  %guest  %gnice   %idle
04:27:47 AM  all    0.13    0.00   29.91    0.00    0.25    0.50    0.00    0.00    0.00   69.21
04:27:47 AM    0    0.00    0.00   71.00    0.00    1.00    1.00    0.00    0.00    0.00   27.00
04:27:47 AM    1    1.00    0.00   68.00    0.00    1.00    0.00    0.00    0.00    0.00   30.00
04:27:47 AM    2    0.00    0.00    0.00    0.00    0.00    2.02    0.00    0.00    0.00   97.98
04:27:47 AM    3    0.00    0.00  100.00    0.00    0.00    0.00    0.00    0.00    0.00    0.00
04:27:47 AM    4    0.00    0.00    0.00    0.00    0.00    0.00    0.00    0.00    0.00  100.00
04:27:47 AM    5    0.00    0.00    0.00    0.00    0.00    1.00    0.00    0.00    0.00   99.00
04:27:47 AM    6    0.00    0.00    0.00    0.00    0.00    0.00    0.00    0.00    0.00  100.00
04:27:47 AM    7    0.00    0.00    0.00    0.00    0.00    0.00    0.00    0.00    0.00  100.00

04:27:47 AM  CPU    %usr   %nice    %sys %iowait    %irq   %soft  %steal  %guest  %gnice   %idle
04:27:48 AM  all    0.50    0.00   30.25    0.00    0.12    0.25    0.00    0.00    0.00   68.88
04:27:48 AM    0    2.00    0.00   70.00    0.00    0.00    0.00    0.00    0.00    0.00   28.00
04:27:48 AM    1    2.02    0.00   72.73    0.00    0.00    0.00    0.00    0.00    0.00   25.25
04:27:48 AM    2    0.00    0.00    0.00    0.00    0.99    1.98    0.00    0.00    0.00   97.03
04:27:48 AM    3    0.00    0.00  100.00    0.00    0.00    0.00    0.00    0.00    0.00    0.00
04:27:48 AM    4    0.00    0.00    0.00    0.00    0.00    0.00    0.00    0.00    0.00  100.00
04:27:48 AM    5    0.00    0.00    0.00    0.00    0.00    0.00    0.00    0.00    0.00  100.00
04:27:48 AM    6    0.00    0.00    0.00    0.00    0.00    0.00    0.00    0.00    0.00  100.00
04:27:48 AM    7    0.00    0.00    0.00    0.00    0.00    0.00    0.00    0.00    0.00  100.00

04:27:48 AM  CPU    %usr   %nice    %sys %iowait    %irq   %soft  %steal  %guest  %gnice   %idle
04:27:49 AM  all    0.13    0.00   30.68    0.00    0.00    0.25    0.00    0.00    0.00   68.94
04:27:49 AM    0    1.03    0.00   73.20    0.00    0.00    0.00    0.00    0.00    0.00   25.77
04:27:49 AM    1    0.00    0.00   74.23    0.00    0.00    1.03    0.00    0.00    0.00   24.74
04:27:49 AM    2    0.00    0.00    0.00    0.00    0.00    1.01    0.00    0.00    0.00   98.99
04:27:49 AM    3    0.00    0.00  100.00    0.00    0.00    0.00    0.00    0.00    0.00    0.00
04:27:49 AM    4    0.00    0.00    0.00    0.00    0.00    0.00    0.00    0.00    0.00  100.00
04:27:49 AM    5    0.00    0.00    0.00    0.00    0.00    0.00    0.00    0.00    0.00  100.00
04:27:49 AM    6    0.00    0.00    0.00    0.00    0.00    0.00    0.00    0.00    0.00  100.00
04:27:49 AM    7    0.00    0.00    0.00    0.00    0.00    0.00    0.00    0.00    0.00  100.00

04:27:49 AM  CPU    %usr   %nice    %sys %iowait    %irq   %soft  %steal  %guest  %gnice   %idle
04:27:50 AM  all    0.38    0.00   29.56    0.00    0.25    0.38    0.00    0.00    0.00   69.43
04:27:50 AM    0    1.03    0.00   71.13    0.00    1.03    0.00    0.00    0.00    0.00   26.80
04:27:50 AM    1    2.06    0.00   68.04    0.00    0.00    0.00    0.00    0.00    0.00   29.90
04:27:50 AM    2    0.00    0.00    0.00    0.00    0.00    2.02    0.00    0.00    0.00   97.98
04:27:50 AM    3    0.00    0.00  100.00    0.00    0.00    0.00    0.00    0.00    0.00    0.00
04:27:50 AM    4    0.00    0.00    0.00    0.00    0.00    0.00    0.00    0.00    0.00  100.00
04:27:50 AM    5    0.00    0.00    0.00    0.00    0.98    0.98    0.00    0.00    0.00   98.04
04:27:50 AM    6    0.00    0.00    0.00    0.00    0.00    0.00    0.00    0.00    0.00  100.00
04:27:50 AM    7    0.00    0.00    0.00    0.00    0.00    0.00    0.00    0.00    0.00  100.00

04:27:50 AM  CPU    %usr   %nice    %sys %iowait    %irq   %soft  %steal  %guest  %gnice   %idle
04:27:51 AM  all    0.25    0.00   30.11    0.00    0.13    0.25    0.00    0.00    0.00   69.26
04:27:51 AM    0    1.04    0.00   67.71    0.00    0.00    0.00    0.00    0.00    0.00   31.25
04:27:51 AM    1    0.99    0.00   74.26    0.00    0.99    0.00    0.00    0.00    0.00   23.76
04:27:51 AM    2    0.00    0.00    0.00    0.00    0.00    2.00    0.00    0.00    0.00   98.00
04:27:51 AM    3    0.00    0.00  100.00    0.00    0.00    0.00    0.00    0.00    0.00    0.00
04:27:51 AM    4    0.00    0.00    0.00    0.00    0.00    0.00    0.00    0.00    0.00  100.00
04:27:51 AM    5    0.00    0.00    0.00    0.00    0.00    0.00    0.00    0.00    0.00  100.00
04:27:51 AM    6    0.00    0.00    0.00    0.00    0.00    0.00    0.00    0.00    0.00  100.00
04:27:51 AM    7    0.00    0.00    0.00    0.00    0.00    0.00    0.00    0.00    0.00  100.00

04:27:51 AM  CPU    %usr   %nice    %sys %iowait    %irq   %soft  %steal  %guest  %gnice   %idle
04:27:52 AM  all    0.38    0.00   29.75    0.00    0.12    0.38    0.00    0.00    0.00   69.38
04:27:52 AM    0    2.02    0.00   68.69    0.00    0.00    1.01    0.00    0.00    0.00   28.28
04:27:52 AM    1    1.00    0.00   70.00    0.00    0.00    0.00    0.00    0.00    0.00   29.00
04:27:52 AM    2    0.00    0.00    0.00    0.00    0.99    1.98    0.00    0.00    0.00   97.03
04:27:52 AM    3    0.00    0.00  100.00    0.00    0.00    0.00    0.00    0.00    0.00    0.00
04:27:52 AM    4    0.00    0.00    0.00    0.00    0.00    0.00    0.00    0.00    0.00  100.00
04:27:52 AM    5    0.00    0.00    0.00    0.00    0.00    0.00    0.00    0.00    0.00  100.00
04:27:52 AM    6    0.00    0.00    0.00    0.00    0.00    0.00    0.00    0.00    0.00  100.00
04:27:52 AM    7    0.00    0.00    0.00    0.00    0.00    0.00    0.00    0.00    0.00  100.00

04:27:52 AM  CPU    %usr   %nice    %sys %iowait    %irq   %soft  %steal  %guest  %gnice   %idle
04:27:53 AM  all    0.25    0.00   28.48    0.00    0.13    0.25    0.00    0.00    0.00   70.89
04:27:53 AM    0    1.02    0.00   62.24    0.00    1.02    0.00    0.00    0.00    0.00   35.71
04:27:53 AM    1    1.01    0.00   66.67    0.00    0.00    0.00    0.00    0.00    0.00   32.32
04:27:53 AM    2    0.00    0.00    0.00    0.00    0.00    2.00    0.00    0.00    0.00   98.00
04:27:53 AM    3    0.00    0.00  100.00    0.00    0.00    0.00    0.00    0.00    0.00    0.00
04:27:53 AM    4    0.00    0.00    0.00    0.00    0.00    0.00    0.00    0.00    0.00  100.00
04:27:53 AM    5    0.00    0.00    0.00    0.00    0.00    0.00    0.00    0.00    0.00  100.00
04:27:53 AM    6    0.00    0.00    0.00    0.00    0.00    0.00    0.00    0.00    0.00  100.00
04:27:53 AM    7    0.00    0.00    0.00    0.00    0.00    0.00    0.00    0.00    0.00  100.00

04:27:53 AM  CPU    %usr   %nice    %sys %iowait    %irq   %soft  %steal  %guest  %gnice   %idle
04:27:54 AM  all    0.38    0.00   29.97    0.00    0.13    0.38    0.00    0.00    0.00   69.14
04:27:54 AM    0    1.04    0.00   70.83    0.00    0.00    0.00    0.00    0.00    0.00   28.12
04:27:54 AM    1    2.02    0.00   70.71    0.00    1.01    0.00    0.00    0.00    0.00   26.26
04:27:54 AM    2    0.00    0.00    0.00    0.00    0.00    2.02    0.00    0.00    0.00   97.98
04:27:54 AM    3    0.00    0.00  100.00    0.00    0.00    0.00    0.00    0.00    0.00    0.00
04:27:54 AM    4    0.00    0.00    0.00    0.00    0.00    0.00    0.00    0.00    0.00  100.00
04:27:54 AM    5    0.00    0.00    0.00    0.00    0.00    1.00    0.00    0.00    0.00   99.00
04:27:54 AM    6    0.00    0.00    0.00    0.00    0.00    0.00    0.00    0.00    0.00  100.00
04:27:54 AM    7    0.00    0.00    0.00    0.00    0.00    0.00    0.00    0.00    0.00  100.00

04:27:54 AM  CPU    %usr   %nice    %sys %iowait    %irq   %soft  %steal  %guest  %gnice   %idle
04:27:55 AM  all    0.38    0.00   29.52    0.00    0.00    0.25    0.00    0.00    0.00   69.85
04:27:55 AM    0    1.01    0.00   70.71    0.00    0.00    0.00    0.00    0.00    0.00   28.28
04:27:55 AM    1    2.06    0.00   67.01    0.00    0.00    0.00    0.00    0.00    0.00   30.93
04:27:55 AM    2    0.00    0.00    0.00    0.00    0.00    2.00    0.00    0.00    0.00   98.00
04:27:55 AM    3    0.00    0.00  100.00    0.00    0.00    0.00    0.00    0.00    0.00    0.00
04:27:55 AM    4    0.00    0.00    0.00    0.00    0.00    0.00    0.00    0.00    0.00  100.00
04:27:55 AM    5    0.00    0.00    0.00    0.00    0.00    0.00    0.00    0.00    0.00  100.00
04:27:55 AM    6    0.00    0.00    0.00    0.00    0.00    0.00    0.00    0.00    0.00  100.00
04:27:55 AM    7    0.00    0.00    0.00    0.00    0.00    0.00    0.00    0.00    0.00  100.00

04:27:55 AM  CPU    %usr   %nice    %sys %iowait    %irq   %soft  %steal  %guest  %gnice   %idle
04:27:56 AM  all    0.25    0.00   29.23    0.00    0.13    0.25    0.00    0.00    0.00   70.14
04:27:56 AM    0    1.01    0.00   67.68    0.00    1.01    0.00    0.00    0.00    0.00   30.30
04:27:56 AM    1    1.02    0.00   67.35    0.00    0.00    0.00    0.00    0.00    0.00   31.63
04:27:56 AM    2    0.00    0.00    0.00    0.00    0.00    2.00    0.00    0.00    0.00   98.00
04:27:56 AM    3    0.00    0.00  100.00    0.00    0.00    0.00    0.00    0.00    0.00    0.00
04:27:56 AM    4    0.00    0.00    0.00    0.00    0.00    0.00    0.00    0.00    0.00  100.00
04:27:56 AM    5    0.00    0.00    0.00    0.00    0.00    0.00    0.00    0.00    0.00  100.00
04:27:56 AM    6    0.00    0.00    0.00    0.00    0.00    0.00    0.00    0.00    0.00  100.00
04:27:56 AM    7    0.00    0.00    0.00    0.00    0.00    0.00    0.00    0.00    0.00  100.00

04:27:56 AM  CPU    %usr   %nice    %sys %iowait    %irq   %soft  %steal  %guest  %gnice   %idle
04:27:57 AM  all    0.25    0.00   29.69    0.00    0.13    0.25    0.00    0.00    0.00   69.69
04:27:57 AM    0    1.01    0.00   65.66    0.00    0.00    1.01    0.00    0.00    0.00   32.32
04:27:57 AM    1    1.02    0.00   72.45    0.00    0.00    0.00    0.00    0.00    0.00   26.53
04:27:57 AM    2    0.00    0.00    0.00    0.00    1.01    1.01    0.00    0.00    0.00   97.98
04:27:57 AM    3    0.00    0.00  100.00    0.00    0.00    0.00    0.00    0.00    0.00    0.00
04:27:57 AM    4    0.00    0.00    0.00    0.00    0.00    0.00    0.00    0.00    0.00  100.00
04:27:57 AM    5    0.00    0.00    0.00    0.00    0.00    0.00    0.00    0.00    0.00  100.00
04:27:57 AM    6    0.00    0.00    0.00    0.00    0.00    0.00    0.00    0.00    0.00  100.00
04:27:57 AM    7    0.00    0.00    0.00    0.00    0.00    0.00    0.00    0.00    0.00  100.00

04:27:57 AM  CPU    %usr   %nice    %sys %iowait    %irq   %soft  %steal  %guest  %gnice   %idle
04:27:58 AM  all    0.25    0.00   29.45    0.00    0.13    0.50    0.00    0.00    0.00   69.67
04:27:58 AM    0    1.03    0.00   67.01    0.00    0.00    0.00    0.00    0.00    0.00   31.96
04:27:58 AM    1    1.00    0.00   70.00    0.00    1.00    1.00    0.00    0.00    0.00   27.00
04:27:58 AM    2    0.00    0.00    0.00    0.00    0.00    2.00    0.00    0.00    0.00   98.00
04:27:58 AM    3    0.00    0.00  100.00    0.00    0.00    0.00    0.00    0.00    0.00    0.00
04:27:58 AM    4    0.00    0.00    0.00    0.00    0.00    0.00    0.00    0.00    0.00  100.00
04:27:58 AM    5    0.00    0.00    0.00    0.00    0.00    0.99    0.00    0.00    0.00   99.01
04:27:58 AM    6    0.00    0.00    0.00    0.00    0.00    0.00    0.00    0.00    0.00  100.00
04:27:58 AM    7    0.00    0.00    0.00    0.00    0.00    0.00    0.00    0.00    0.00  100.00

04:27:58 AM  CPU    %usr   %nice    %sys %iowait    %irq   %soft  %steal  %guest  %gnice   %idle
04:27:59 AM  all    0.38    0.00   29.90    0.00    0.13    0.25    0.00    0.00    0.00   69.35
04:27:59 AM    0    2.02    0.00   65.66    0.00    1.01    0.00    0.00    0.00    0.00   31.31
04:27:59 AM    1    1.02    0.00   74.49    0.00    0.00    0.00    0.00    0.00    0.00   24.49
04:27:59 AM    2    0.00    0.00    0.00    0.00    0.00    2.00    0.00    0.00    0.00   98.00
04:27:59 AM    3    0.00    0.00  100.00    0.00    0.00    0.00    0.00    0.00    0.00    0.00
04:27:59 AM    4    0.00    0.00    0.00    0.00    0.00    0.00    0.00    0.00    0.00  100.00
04:27:59 AM    5    0.00    0.00    0.00    0.00    0.00    0.00    0.00    0.00    0.00  100.00
04:27:59 AM    6    0.00    0.00    0.00    0.00    0.00    0.00    0.00    0.00    0.00  100.00
04:27:59 AM    7    0.00    0.00    0.00    0.00    0.00    0.00    0.00    0.00    0.00  100.00

04:27:59 AM  CPU    %usr   %nice    %sys %iowait    %irq   %soft  %steal  %guest  %gnice   %idle
04:28:00 AM  all    0.38    0.00   28.21    0.00    0.00    0.25    0.00    0.00    0.00   71.16
04:28:00 AM    0    1.03    0.00   64.95    0.00    0.00    0.00    0.00    0.00    0.00   34.02
04:28:00 AM    1    2.06    0.00   62.89    0.00    0.00    0.00    0.00    0.00    0.00   35.05
04:28:00 AM    2    0.00    0.00    0.00    0.00    0.00    2.00    0.00    0.00    0.00   98.00
04:28:00 AM    3    0.00    0.00  100.00    0.00    0.00    0.00    0.00    0.00    0.00    0.00
04:28:00 AM    4    0.00    0.00    0.00    0.00    0.00    0.00    0.00    0.00    0.00  100.00
04:28:00 AM    5    0.00    0.00    0.00    0.00    0.00    0.00    0.00    0.00    0.00  100.00
04:28:00 AM    6    0.00    0.00    0.00    0.00    0.00    0.00    0.00    0.00    0.00  100.00
04:28:00 AM    7    0.00    0.00    0.00    0.00    0.00    0.00    0.00    0.00    0.00  100.00

04:28:00 AM  CPU    %usr   %nice    %sys %iowait    %irq   %soft  %steal  %guest  %gnice   %idle
04:28:01 AM  all    0.38    0.00   29.36    0.00    0.25    0.25    0.00    0.00    0.00   69.76
04:28:01 AM    0    2.04    0.00   67.35    0.00    0.00    0.00    0.00    0.00    0.00   30.61
04:28:01 AM    1    1.00    0.00   68.00    0.00    1.00    0.00    0.00    0.00    0.00   30.00
04:28:01 AM    2    0.00    0.00    0.00    0.00    1.00    2.00    0.00    0.00    0.00   97.00
04:28:01 AM    3    0.00    0.00  100.00    0.00    0.00    0.00    0.00    0.00    0.00    0.00
04:28:01 AM    4    0.00    0.00    0.00    0.00    0.00    0.00    0.00    0.00    0.00  100.00
04:28:01 AM    5    0.00    0.00    0.00    0.00    0.00    0.00    0.00    0.00    0.00  100.00
04:28:01 AM    6    0.00    0.00    0.00    0.00    0.00    0.00    0.00    0.00    0.00  100.00
04:28:01 AM    7    0.00    0.00    0.00    0.00    0.00    0.00    0.00    0.00    0.00  100.00

04:28:01 AM  CPU    %usr   %nice    %sys %iowait    %irq   %soft  %steal  %guest  %gnice   %idle
04:28:02 AM  all    0.38    0.00   29.74    0.00    0.13    0.25    0.00    0.00    0.00   69.51
04:28:02 AM    0    2.00    0.00   67.00    0.00    1.00    1.00    0.00    0.00    0.00   29.00
04:28:02 AM    1    1.02    0.00   71.43    0.00    0.00    0.00    0.00    0.00    0.00   27.55
04:28:02 AM    2    0.00    0.00    0.00    0.00    0.00    1.01    0.00    0.00    0.00   98.99
04:28:02 AM    3    0.00    0.00  100.00    0.00    0.00    0.00    0.00    0.00    0.00    0.00
04:28:02 AM    4    0.00    0.00    0.00    0.00    0.00    0.00    0.00    0.00    0.00  100.00
04:28:02 AM    5    0.00    0.00    0.00    0.00    0.00    0.00    0.00    0.00    0.00  100.00
04:28:02 AM    6    0.00    0.00    0.00    0.00    0.00    0.00    0.00    0.00    0.00  100.00
04:28:02 AM    7    0.00    0.00    0.00    0.00    0.00    0.00    0.00    0.00    0.00  100.00

04:28:02 AM  CPU    %usr   %nice    %sys %iowait    %irq   %soft  %steal  %guest  %gnice   %idle
04:28:03 AM  all    0.25    0.00   30.41    0.00    0.13    0.38    0.00    0.00    0.00   68.84
04:28:03 AM    0    0.99    0.00   74.26    0.00    0.00    0.00    0.00    0.00    0.00   24.75
04:28:03 AM    1    1.04    0.00   70.83    0.00    0.00    0.00    0.00    0.00    0.00   28.12
04:28:03 AM    2    0.00    0.00    0.00    0.00    0.00    2.00    0.00    0.00    0.00   98.00
04:28:03 AM    3    0.00    0.00  100.00    0.00    0.00    0.00    0.00    0.00    0.00    0.00
04:28:03 AM    4    0.00    0.00    0.00    0.00    0.00    0.00    0.00    0.00    0.00  100.00
04:28:03 AM    5    0.00    0.00    0.00    0.00    0.98    0.98    0.00    0.00    0.00   98.04
04:28:03 AM    6    0.00    0.00    0.00    0.00    0.00    0.00    0.00    0.00    0.00  100.00
04:28:03 AM    7    0.00    0.00    0.00    0.00    0.00    0.00    0.00    0.00    0.00  100.00

04:28:03 AM  CPU    %usr   %nice    %sys %iowait    %irq   %soft  %steal  %guest  %gnice   %idle
04:28:04 AM  all    0.13    0.00   29.38    0.00    0.00    0.25    0.00    0.00    0.00   70.24
04:28:04 AM    0    0.00    0.00   70.10    0.00    0.00    0.00    0.00    0.00    0.00   29.90
04:28:04 AM    1    1.02    0.00   66.33    0.00    0.00    0.00    0.00    0.00    0.00   32.65
04:28:04 AM    2    0.00    0.00    0.00    0.00    0.00    2.02    0.00    0.00    0.00   97.98
04:28:04 AM    3    0.00    0.00  100.00    0.00    0.00    0.00    0.00    0.00    0.00    0.00
04:28:04 AM    4    0.00    0.00    0.00    0.00    0.00    0.00    0.00    0.00    0.00  100.00
04:28:04 AM    5    0.00    0.00    0.00    0.00    0.00    0.00    0.00    0.00    0.00  100.00
04:28:04 AM    6    0.00    0.00    0.00    0.00    0.00    0.00    0.00    0.00    0.00  100.00
04:28:04 AM    7    0.00    0.00    0.00    0.00    0.00    0.00    0.00    0.00    0.00  100.00

04:28:04 AM  CPU    %usr   %nice    %sys %iowait    %irq   %soft  %steal  %guest  %gnice   %idle
04:28:05 AM  all    0.75    0.00   28.91    0.00    0.38    0.25    0.00    0.00    0.00   69.71
04:28:05 AM    0    3.06    0.00   66.33    0.00    1.02    0.00    0.00    0.00    0.00   29.59
04:28:05 AM    1    3.00    0.00   66.00    0.00    1.00    0.00    0.00    0.00    0.00   30.00
04:28:05 AM    2    0.00    0.00    0.00    0.00    0.99    1.98    0.00    0.00    0.00   97.03
04:28:05 AM    3    0.00    0.00  100.00    0.00    0.00    0.00    0.00    0.00    0.00    0.00
04:28:05 AM    4    0.00    0.00    0.00    0.00    0.00    0.00    0.00    0.00    0.00  100.00
04:28:05 AM    5    0.00    0.00    0.00    0.00    0.00    0.00    0.00    0.00    0.00  100.00
04:28:05 AM    6    0.00    0.00    0.00    0.00    0.00    0.00    0.00    0.00    0.00  100.00
04:28:05 AM    7    0.00    0.00    0.00    0.00    0.00    0.00    0.00    0.00    0.00  100.00

04:28:05 AM  CPU    %usr   %nice    %sys %iowait    %irq   %soft  %steal  %guest  %gnice   %idle
04:28:06 AM  all    0.25    0.00   30.15    0.00    0.00    0.38    0.00    0.00    0.00   69.22
04:28:06 AM    0    1.01    0.00   72.73    0.00    0.00    0.00    0.00    0.00    0.00   26.26
04:28:06 AM    1    1.02    0.00   69.39    0.00    0.00    1.02    0.00    0.00    0.00   28.57
04:28:06 AM    2    0.00    0.00    0.00    0.00    0.00    2.00    0.00    0.00    0.00   98.00
04:28:06 AM    3    0.00    0.00  100.00    0.00    0.00    0.00    0.00    0.00    0.00    0.00
04:28:06 AM    4    0.00    0.00    0.00    0.00    0.00    0.00    0.00    0.00    0.00  100.00
04:28:06 AM    5    0.00    0.00    0.00    0.00    0.00    0.00    0.00    0.00    0.00  100.00
04:28:06 AM    6    0.00    0.00    0.00    0.00    0.00    0.00    0.00    0.00    0.00  100.00
04:28:06 AM    7    0.00    0.00    0.00    0.00    0.00    0.00    0.00    0.00    0.00  100.00

04:28:06 AM  CPU    %usr   %nice    %sys %iowait    %irq   %soft  %steal  %guest  %gnice   %idle
04:28:07 AM  all    0.25    0.00   29.75    0.00    0.00    0.50    0.00    0.00    0.00   69.50
04:28:07 AM    0    0.99    0.00   66.34    0.00    0.00    0.99    0.00    0.00    0.00   31.68
04:28:07 AM    1    1.01    0.00   71.72    0.00    0.00    0.00    0.00    0.00    0.00   27.27
04:28:07 AM    2    0.00    0.00    0.00    0.00    0.00    2.02    0.00    0.00    0.00   97.98
04:28:07 AM    3    0.00    0.00  100.00    0.00    0.00    0.00    0.00    0.00    0.00    0.00
04:28:07 AM    4    0.00    0.00    0.00    0.00    0.00    0.00    0.00    0.00    0.00  100.00
04:28:07 AM    5    0.00    0.00    0.00    0.00    0.00    0.99    0.00    0.00    0.00   99.01
04:28:07 AM    6    0.00    0.00    0.00    0.00    0.00    0.00    0.00    0.00    0.00  100.00
04:28:07 AM    7    0.00    0.00    0.00    0.00    0.00    0.00    0.00    0.00    0.00  100.00

04:28:07 AM  CPU    %usr   %nice    %sys %iowait    %irq   %soft  %steal  %guest  %gnice   %idle
04:28:08 AM  all    0.50    0.00   29.99    0.00    0.25    0.25    0.00    0.00    0.00   69.01
04:28:08 AM    0    3.00    0.00   71.00    0.00    1.00    0.00    0.00    0.00    0.00   25.00
04:28:08 AM    1    1.02    0.00   69.39    0.00    1.02    0.00    0.00    0.00    0.00   28.57
04:28:08 AM    2    0.00    0.00    0.00    0.00    0.00    2.00    0.00    0.00    0.00   98.00
04:28:08 AM    3    0.00    0.00  100.00    0.00    0.00    0.00    0.00    0.00    0.00    0.00
04:28:08 AM    4    0.00    0.00    0.00    0.00    0.00    0.00    0.00    0.00    0.00  100.00
04:28:08 AM    5    0.00    0.00    0.00    0.00    0.00    0.00    0.00    0.00    0.00  100.00
04:28:08 AM    6    0.00    0.00    0.00    0.00    0.00    0.00    0.00    0.00    0.00  100.00
04:28:08 AM    7    0.00    0.00    0.00    0.00    0.00    0.00    0.00    0.00    0.00  100.00

04:28:08 AM  CPU    %usr   %nice    %sys %iowait    %irq   %soft  %steal  %guest  %gnice   %idle
04:28:09 AM  all    0.25    0.00   29.18    0.00    0.00    0.25    0.00    0.00    0.00   70.31
04:28:09 AM    0    0.00    0.00   70.83    0.00    0.00    0.00    0.00    0.00    0.00   29.17
04:28:09 AM    1    2.02    0.00   64.65    0.00    0.00    0.00    0.00    0.00    0.00   33.33
04:28:09 AM    2    0.00    0.00    0.00    0.00    0.00    2.00    0.00    0.00    0.00   98.00
04:28:09 AM    3    0.00    0.00  100.00    0.00    0.00    0.00    0.00    0.00    0.00    0.00
04:28:09 AM    4    0.00    0.00    0.00    0.00    0.00    0.00    0.00    0.00    0.00  100.00
04:28:09 AM    5    0.00    0.00    0.00    0.00    0.00    0.00    0.00    0.00    0.00  100.00
04:28:09 AM    6    0.00    0.00    0.00    0.00    0.00    0.00    0.00    0.00    0.00  100.00
04:28:09 AM    7    0.00    0.00    0.00    0.00    0.00    0.00    0.00    0.00    0.00  100.00

04:28:09 AM  CPU    %usr   %nice    %sys %iowait    %irq   %soft  %steal  %guest  %gnice   %idle
04:28:10 AM  all    0.38    0.00   30.40    0.00    0.13    0.25    0.00    0.00    0.00   68.84
04:28:10 AM    0    1.02    0.00   72.45    0.00    0.00    0.00    0.00    0.00    0.00   26.53
04:28:10 AM    1    2.04    0.00   72.45    0.00    0.00    0.00    0.00    0.00    0.00   25.51
04:28:10 AM    2    0.00    0.00    0.00    0.00    1.00    2.00    0.00    0.00    0.00   97.00
04:28:10 AM    3    0.00    0.00  100.00    0.00    0.00    0.00    0.00    0.00    0.00    0.00
04:28:10 AM    4    0.00    0.00    0.00    0.00    0.00    0.00    0.00    0.00    0.00  100.00
04:28:10 AM    5    0.00    0.00    0.00    0.00    0.00    0.00    0.00    0.00    0.00  100.00
04:28:10 AM    6    0.00    0.00    0.00    0.00    0.00    0.00    0.00    0.00    0.00  100.00
04:28:10 AM    7    0.00    0.00    0.00    0.00    0.00    0.00    0.00    0.00    0.00  100.00

04:28:10 AM  CPU    %usr   %nice    %sys %iowait    %irq   %soft  %steal  %guest  %gnice   %idle
04:28:11 AM  all    0.38    0.00   30.11    0.00    0.25    0.25    0.00    0.00    0.00   69.01
04:28:11 AM    0    1.03    0.00   69.07    0.00    1.03    0.00    0.00    0.00    0.00   28.87
04:28:11 AM    1    1.98    0.00   72.28    0.00    0.99    0.00    0.00    0.00    0.00   24.75
04:28:11 AM    2    0.00    0.00    0.00    0.00    0.00    1.01    0.00    0.00    0.00   98.99
04:28:11 AM    3    0.00    0.00  100.00    0.00    0.00    0.00    0.00    0.00    0.00    0.00
04:28:11 AM    4    0.00    0.00    0.00    0.00    0.00    0.00    0.00    0.00    0.00  100.00
04:28:11 AM    5    0.00    0.00    0.00    0.00    0.00    1.00    0.00    0.00    0.00   99.00
04:28:11 AM    6    0.00    0.00    0.00    0.00    0.00    0.00    0.00    0.00    0.00  100.00
04:28:11 AM    7    0.00    0.00    0.00    0.00    0.00    0.00    0.00    0.00    0.00  100.00

04:28:11 AM  CPU    %usr   %nice    %sys %iowait    %irq   %soft  %steal  %guest  %gnice   %idle
04:28:12 AM  all    0.25    0.00   30.11    0.00    0.00    0.38    0.00    0.00    0.00   69.26
04:28:12 AM    0    1.01    0.00   69.70    0.00    0.00    1.01    0.00    0.00    0.00   28.28
04:28:12 AM    1    1.02    0.00   72.45    0.00    0.00    0.00    0.00    0.00    0.00   26.53
04:28:12 AM    2    0.00    0.00    0.00    0.00    0.00    2.00    0.00    0.00    0.00   98.00
04:28:12 AM    3    0.00    0.00  100.00    0.00    0.00    0.00    0.00    0.00    0.00    0.00
04:28:12 AM    4    0.00    0.00    0.00    0.00    0.00    0.00    0.00    0.00    0.00  100.00
04:28:12 AM    5    0.00    0.00    0.00    0.00    0.00    0.00    0.00    0.00    0.00  100.00
04:28:12 AM    6    0.00    0.00    0.00    0.00    0.00    0.00    0.00    0.00    0.00  100.00
04:28:12 AM    7    0.00    0.00    0.00    0.00    0.00    0.00    0.00    0.00    0.00  100.00

04:28:12 AM  CPU    %usr   %nice    %sys %iowait    %irq   %soft  %steal  %guest  %gnice   %idle
04:28:13 AM  all    0.25    0.00   29.22    0.00    0.00    0.25    0.00    0.00    0.00   70.28
04:28:13 AM    0    1.02    0.00   70.41    0.00    0.00    0.00    0.00    0.00    0.00   28.57
04:28:13 AM    1    1.03    0.00   64.95    0.00    0.00    0.00    0.00    0.00    0.00   34.02
04:28:13 AM    2    0.00    0.00    0.00    0.00    0.00    2.02    0.00    0.00    0.00   97.98
04:28:13 AM    3    0.00    0.00  100.00    0.00    0.00    0.00    0.00    0.00    0.00    0.00
04:28:13 AM    4    0.00    0.00    0.00    0.00    0.00    0.00    0.00    0.00    0.00  100.00
04:28:13 AM    5    0.00    0.00    0.00    0.00    0.00    0.00    0.00    0.00    0.00  100.00
04:28:13 AM    6    0.00    0.00    0.00    0.00    0.00    0.00    0.00    0.00    0.00  100.00
04:28:13 AM    7    0.00    0.00    0.00    0.00    0.00    0.00    0.00    0.00    0.00  100.00

04:28:13 AM  CPU    %usr   %nice    %sys %iowait    %irq   %soft  %steal  %guest  %gnice   %idle
04:28:14 AM  all    0.38    0.00   30.00    0.00    0.38    0.38    0.00    0.00    0.00   68.88
04:28:14 AM    0    1.02    0.00   70.41    0.00    1.02    0.00    0.00    0.00    0.00   27.55
04:28:14 AM    1    2.02    0.00   71.72    0.00    0.00    0.00    0.00    0.00    0.00   26.26
04:28:14 AM    2    0.00    0.00    0.00    0.00    0.99    1.98    0.00    0.00    0.00   97.03
04:28:14 AM    3    0.00    0.00  100.00    0.00    0.00    0.00    0.00    0.00    0.00    0.00
04:28:14 AM    4    0.00    0.00    0.00    0.00    0.00    0.00    0.00    0.00    0.00  100.00
04:28:14 AM    5    0.00    0.00    0.00    0.00    0.98    0.98    0.00    0.00    0.00   98.04
04:28:14 AM    6    0.00    0.00    0.00    0.00    0.00    0.00    0.00    0.00    0.00  100.00
04:28:14 AM    7    0.00    0.00    0.00    0.00    0.00    0.00    0.00    0.00    0.00  100.00

04:28:14 AM  CPU    %usr   %nice    %sys %iowait    %irq   %soft  %steal  %guest  %gnice   %idle
04:28:15 AM  all    0.25    0.00   29.36    0.00    0.13    0.38    0.00    0.00    0.00   69.89
04:28:15 AM    0    1.01    0.00   70.71    0.00    0.00    0.00    0.00    0.00    0.00   28.28
04:28:15 AM    1    1.01    0.00   64.65    0.00    1.01    1.01    0.00    0.00    0.00   32.32
04:28:15 AM    2    0.00    0.00    0.00    0.00    0.00    2.00    0.00    0.00    0.00   98.00
04:28:15 AM    3    0.00    0.00  100.00    0.00    0.00    0.00    0.00    0.00    0.00    0.00
04:28:15 AM    4    0.00    0.00    0.00    0.00    0.00    0.00    0.00    0.00    0.00  100.00
04:28:15 AM    5    0.00    0.00    0.00    0.00    0.00    0.00    0.00    0.00    0.00  100.00
04:28:15 AM    6    0.00    0.00    0.00    0.00    0.00    0.00    0.00    0.00    0.00  100.00
04:28:15 AM    7    0.00    0.00    0.00    0.00    0.00    0.00    0.00    0.00    0.00  100.00

04:28:15 AM  CPU    %usr   %nice    %sys %iowait    %irq   %soft  %steal  %guest  %gnice   %idle
04:28:16 AM  all    0.25    0.00   29.02    0.00    0.00    0.25    0.00    0.00    0.00   70.48
04:28:16 AM    0    1.02    0.00   65.31    0.00    0.00    0.00    0.00    0.00    0.00   33.67
04:28:16 AM    1    1.02    0.00   68.37    0.00    0.00    0.00    0.00    0.00    0.00   30.61
04:28:16 AM    2    0.00    0.00    0.00    0.00    0.00    2.00    0.00    0.00    0.00   98.00
04:28:16 AM    3    0.00    0.00  100.00    0.00    0.00    0.00    0.00    0.00    0.00    0.00
04:28:16 AM    4    0.00    0.00    0.00    0.00    0.00    0.00    0.00    0.00    0.00  100.00
04:28:16 AM    5    0.00    0.00    0.00    0.00    0.00    0.00    0.00    0.00    0.00  100.00
04:28:16 AM    6    0.00    0.00    0.00    0.00    0.00    0.00    0.00    0.00    0.00  100.00
04:28:16 AM    7    0.00    0.00    0.00    0.00    0.00    0.00    0.00    0.00    0.00  100.00

04:28:16 AM  CPU    %usr   %nice    %sys %iowait    %irq   %soft  %steal  %guest  %gnice   %idle
04:28:17 AM  all    0.25    0.00   29.49    0.00    0.13    0.25    0.00    0.00    0.00   69.89
04:28:17 AM    0    1.00    0.00   68.00    0.00    1.00    0.00    0.00    0.00    0.00   30.00
04:28:17 AM    1    1.02    0.00   68.37    0.00    0.00    0.00    0.00    0.00    0.00   30.61
04:28:17 AM    2    0.00    0.00    0.00    0.00    0.00    2.02    0.00    0.00    0.00   97.98
04:28:17 AM    3    0.00    0.00  100.00    0.00    0.00    0.00    0.00    0.00    0.00    0.00
04:28:17 AM    4    0.00    0.00    0.00    0.00    0.00    0.00    0.00    0.00    0.00  100.00
04:28:17 AM    5    0.00    0.00    0.00    0.00    0.00    0.00    0.00    0.00    0.00  100.00
04:28:17 AM    6    0.00    0.00    0.00    0.00    0.00    0.00    0.00    0.00    0.00  100.00
04:28:17 AM    7    0.00    0.00    0.00    0.00    0.00    0.00    0.00    0.00    0.00  100.00

04:28:17 AM  CPU    %usr   %nice    %sys %iowait    %irq   %soft  %steal  %guest  %gnice   %idle
04:28:18 AM  all    0.38    0.00   29.79    0.00    0.25    0.38    0.00    0.00    0.00   69.21
04:28:18 AM    0    1.01    0.00   71.72    0.00    0.00    1.01    0.00    0.00    0.00   26.26
04:28:18 AM    1    2.00    0.00   67.00    0.00    1.00    0.00    0.00    0.00    0.00   30.00
04:28:18 AM    2    0.00    0.00    0.00    0.00    0.99    1.98    0.00    0.00    0.00   97.03
04:28:18 AM    3    0.00    0.00  100.00    0.00    0.00    0.00    0.00    0.00    0.00    0.00
04:28:18 AM    4    0.00    0.00    0.00    0.00    0.00    0.00    0.00    0.00    0.00  100.00
04:28:18 AM    5    0.00    0.00    0.00    0.00    0.00    0.00    0.00    0.00    0.00  100.00
04:28:18 AM    6    0.00    0.00    0.00    0.00    0.00    0.00    0.00    0.00    0.00  100.00
04:28:18 AM    7    0.00    0.00    0.00    0.00    0.00    0.00    0.00    0.00    0.00  100.00

04:28:18 AM  CPU    %usr   %nice    %sys %iowait    %irq   %soft  %steal  %guest  %gnice   %idle
04:28:19 AM  all    0.25    0.00   30.14    0.00    0.00    0.25    0.00    0.00    0.00   69.36
04:28:19 AM    0    1.02    0.00   71.43    0.00    0.00    0.00    0.00    0.00    0.00   27.55
04:28:19 AM    1    1.05    0.00   72.63    0.00    0.00    0.00    0.00    0.00    0.00   26.32
04:28:19 AM    2    0.00    0.00    0.00    0.00    0.00    1.01    0.00    0.00    0.00   98.99
04:28:19 AM    3    0.00    0.00  100.00    0.00    0.00    0.00    0.00    0.00    0.00    0.00
04:28:19 AM    4    0.00    0.00    0.00    0.00    0.00    0.00    0.00    0.00    0.00  100.00
04:28:19 AM    5    0.00    0.00    0.00    0.00    0.00    0.99    0.00    0.00    0.00   99.01
04:28:19 AM    6    0.00    0.00    0.00    0.00    0.00    0.00    0.00    0.00    0.00  100.00
04:28:19 AM    7    0.00    0.00    0.00    0.00    0.00    0.00    0.00    0.00    0.00  100.00

04:28:19 AM  CPU    %usr   %nice    %sys %iowait    %irq   %soft  %steal  %guest  %gnice   %idle
04:28:20 AM  all    0.25    0.00   29.23    0.00    0.13    0.25    0.00    0.00    0.00   70.14
04:28:20 AM    0    1.00    0.00   67.00    0.00    1.00    0.00    0.00    0.00    0.00   31.00
04:28:20 AM    1    1.01    0.00   66.67    0.00    0.00    0.00    0.00    0.00    0.00   32.32
04:28:20 AM    2    0.00    0.00    0.00    0.00    0.00    2.02    0.00    0.00    0.00   97.98
04:28:20 AM    3    0.00    0.00  100.00    0.00    0.00    0.00    0.00    0.00    0.00    0.00
04:28:20 AM    4    0.00    0.00    0.00    0.00    0.00    0.00    0.00    0.00    0.00  100.00
04:28:20 AM    5    0.00    0.00    0.00    0.00    0.00    0.00    0.00    0.00    0.00  100.00
04:28:20 AM    6    0.00    0.00    0.00    0.00    0.00    0.00    0.00    0.00    0.00  100.00
04:28:20 AM    7    0.00    0.00    0.00    0.00    0.00    0.00    0.00    0.00    0.00  100.00

04:28:20 AM  CPU    %usr   %nice    %sys %iowait    %irq   %soft  %steal  %guest  %gnice   %idle
04:28:21 AM  all    0.25    0.00   28.48    0.00    0.00    0.25    0.00    0.00    0.00   71.02
04:28:21 AM    0    1.03    0.00   67.01    0.00    0.00    0.00    0.00    0.00    0.00   31.96
04:28:21 AM    1    1.00    0.00   62.00    0.00    0.00    0.00    0.00    0.00    0.00   37.00
04:28:21 AM    2    0.00    0.00    0.00    0.00    0.00    2.00    0.00    0.00    0.00   98.00
04:28:21 AM    3    0.00    0.00  100.00    0.00    0.00    0.00    0.00    0.00    0.00    0.00
04:28:21 AM    4    0.00    0.00    0.00    0.00    0.00    0.00    0.00    0.00    0.00  100.00
04:28:21 AM    5    0.00    0.00    0.00    0.00    0.00    0.00    0.00    0.00    0.00  100.00
04:28:21 AM    6    0.00    0.00    0.00    0.00    0.00    0.00    0.00    0.00    0.00  100.00
04:28:21 AM    7    0.00    0.00    0.00    0.00    0.00    0.00    0.00    0.00    0.00  100.00

04:28:21 AM  CPU    %usr   %nice    %sys %iowait    %irq   %soft  %steal  %guest  %gnice   %idle
04:28:22 AM  all    0.38    0.00   28.79    0.00    0.13    0.25    0.00    0.00    0.00   70.46
04:28:22 AM    0    1.02    0.00   63.27    0.00    0.00    0.00    0.00    0.00    0.00   35.71
04:28:22 AM    1    1.98    0.00   67.33    0.00    0.99    0.00    0.00    0.00    0.00   29.70
04:28:22 AM    2    0.00    0.00    0.00    0.00    0.00    2.00    0.00    0.00    0.00   98.00
04:28:22 AM    3    0.00    0.00  100.00    0.00    0.00    0.00    0.00    0.00    0.00    0.00
04:28:22 AM    4    0.00    0.00    0.00    0.00    0.00    0.00    0.00    0.00    0.00  100.00
04:28:22 AM    5    0.00    0.00    0.00    0.00    0.00    0.00    0.00    0.00    0.00  100.00
04:28:22 AM    6    0.00    0.00    0.00    0.00    0.00    0.00    0.00    0.00    0.00  100.00
04:28:22 AM    7    0.00    0.00    0.00    0.00    0.00    0.00    0.00    0.00    0.00  100.00

04:28:22 AM  CPU    %usr   %nice    %sys %iowait    %irq   %soft  %steal  %guest  %gnice   %idle
04:28:23 AM  all    0.38    0.00   28.50    0.00    0.25    0.50    0.00    0.00    0.00   70.38
04:28:23 AM    0    1.98    0.00   61.39    0.00    0.99    0.99    0.00    0.00    0.00   34.65
04:28:23 AM    1    1.01    0.00   66.67    0.00    0.00    0.00    0.00    0.00    0.00   32.32
04:28:23 AM    2    0.00    0.00    0.00    0.00    1.00    2.00    0.00    0.00    0.00   97.00
04:28:23 AM    3    0.00    0.00  100.00    0.00    0.00    0.00    0.00    0.00    0.00    0.00
04:28:23 AM    4    0.00    0.00    0.00    0.00    0.00    0.00    0.00    0.00    0.00  100.00
04:28:23 AM    5    0.00    0.00    0.00    0.00    0.00    1.00    0.00    0.00    0.00   99.00
04:28:23 AM    6    0.00    0.00    0.00    0.00    0.00    0.00    0.00    0.00    0.00  100.00
04:28:23 AM    7    0.00    0.00    0.00    0.00    0.00    0.00    0.00    0.00    0.00  100.00

04:28:23 AM  CPU    %usr   %nice    %sys %iowait    %irq   %soft  %steal  %guest  %gnice   %idle
04:28:24 AM  all    0.25    0.00   30.70    0.00    0.00    0.38    0.00    0.00    0.00   68.67
04:28:24 AM    0    0.00    0.00   73.96    0.00    0.00    0.00    0.00    0.00    0.00   26.04
04:28:24 AM    1    1.96    0.00   72.55    0.00    0.00    0.98    0.00    0.00    0.00   24.51
04:28:24 AM    2    0.00    0.00    0.00    0.00    0.00    2.00    0.00    0.00    0.00   98.00
04:28:24 AM    3    0.00    0.00  100.00    0.00    0.00    0.00    0.00    0.00    0.00    0.00
04:28:24 AM    4    0.00    0.00    0.00    0.00    0.00    0.00    0.00    0.00    0.00  100.00
04:28:24 AM    5    0.00    0.00    0.00    0.00    0.00    0.00    0.00    0.00    0.00  100.00
04:28:24 AM    6    0.00    0.00    0.00    0.00    0.00    0.00    0.00    0.00    0.00  100.00
04:28:24 AM    7    0.00    0.00    0.00    0.00    0.00    0.00    0.00    0.00    0.00  100.00

04:28:24 AM  CPU    %usr   %nice    %sys %iowait    %irq   %soft  %steal  %guest  %gnice   %idle
04:28:25 AM  all    0.25    0.00   30.26    0.00    0.13    0.25    0.00    0.00    0.00   69.10
04:28:25 AM    0    1.04    0.00   71.88    0.00    0.00    0.00    0.00    0.00    0.00   27.08
04:28:25 AM    1    1.02    0.00   72.45    0.00    1.02    0.00    0.00    0.00    0.00   25.51
04:28:25 AM    2    0.00    0.00    0.00    0.00    0.00    2.00    0.00    0.00    0.00   98.00
04:28:25 AM    3    0.00    0.00  100.00    0.00    0.00    0.00    0.00    0.00    0.00    0.00
04:28:25 AM    4    0.00    0.00    0.00    0.00    0.00    0.00    0.00    0.00    0.00  100.00
04:28:25 AM    5    0.00    0.00    0.00    0.00    0.00    0.00    0.00    0.00    0.00  100.00
04:28:25 AM    6    0.00    0.00    0.00    0.00    0.00    0.00    0.00    0.00    0.00  100.00
04:28:25 AM    7    0.00    0.00    0.00    0.00    0.00    0.00    0.00    0.00    0.00  100.00

04:28:25 AM  CPU    %usr   %nice    %sys %iowait    %irq   %soft  %steal  %guest  %gnice   %idle
04:28:26 AM  all    0.50    0.00   29.56    0.00    0.13    0.13    0.00    0.00    0.00   69.69
04:28:26 AM    0    2.06    0.00   68.04    0.00    1.03    0.00    0.00    0.00    0.00   28.87
04:28:26 AM    1    2.02    0.00   69.70    0.00    0.00    0.00    0.00    0.00    0.00   28.28
04:28:26 AM    2    0.00    0.00    0.00    0.00    0.00    1.01    0.00    0.00    0.00   98.99
04:28:26 AM    3    0.00    0.00  100.00    0.00    0.00    0.00    0.00    0.00    0.00    0.00
04:28:26 AM    4    0.00    0.00    0.00    0.00    0.00    0.00    0.00    0.00    0.00  100.00
04:28:26 AM    5    0.00    0.00    0.00    0.00    0.00    0.00    0.00    0.00    0.00  100.00
04:28:26 AM    6    0.00    0.00    0.00    0.00    0.00    0.00    0.00    0.00    0.00  100.00
04:28:26 AM    7    0.00    0.00    0.00    0.00    0.00    0.00    0.00    0.00    0.00  100.00

04:28:26 AM  CPU    %usr   %nice    %sys %iowait    %irq   %soft  %steal  %guest  %gnice   %idle
04:28:27 AM  all    0.38    0.00   29.66    0.00    0.25    0.38    0.00    0.00    0.00   69.34
04:28:27 AM    0    2.02    0.00   70.71    0.00    0.00    0.00    0.00    0.00    0.00   27.27
04:28:27 AM    1    1.02    0.00   68.37    0.00    0.00    0.00    0.00    0.00    0.00   30.61
04:28:27 AM    2    0.00    0.00    0.00    0.00    1.00    2.00    0.00    0.00    0.00   97.00
04:28:27 AM    3    0.00    0.00  100.00    0.00    0.00    0.00    0.00    0.00    0.00    0.00
04:28:27 AM    4    0.00    0.00    0.00    0.00    0.00    0.00    0.00    0.00    0.00  100.00
04:28:27 AM    5    0.00    0.00    0.00    0.00    0.98    0.98    0.00    0.00    0.00   98.04
04:28:27 AM    6    0.00    0.00    0.00    0.00    0.00    0.00    0.00    0.00    0.00  100.00
04:28:27 AM    7    0.00    0.00    0.00    0.00    0.00    0.00    0.00    0.00    0.00  100.00

04:28:27 AM  CPU    %usr   %nice    %sys %iowait    %irq   %soft  %steal  %guest  %gnice   %idle
04:28:28 AM  all    0.38    0.00   29.40    0.00    0.00    0.25    0.00    0.00    0.00   69.97
04:28:28 AM    0    2.06    0.00   68.04    0.00    0.00    0.00    0.00    0.00    0.00   29.90
04:28:28 AM    1    1.00    0.00   68.00    0.00    0.00    0.00    0.00    0.00    0.00   31.00
04:28:28 AM    2    0.00    0.00    0.00    0.00    0.00    2.00    0.00    0.00    0.00   98.00
04:28:28 AM    3    0.00    0.00  100.00    0.00    0.00    0.00    0.00    0.00    0.00    0.00
04:28:28 AM    4    0.00    0.00    0.00    0.00    0.00    0.00    0.00    0.00    0.00  100.00
04:28:28 AM    5    0.00    0.00    0.00    0.00    0.00    0.00    0.00    0.00    0.00  100.00
04:28:28 AM    6    0.00    0.00    0.00    0.00    0.00    0.00    0.00    0.00    0.00  100.00
04:28:28 AM    7    0.00    0.00    0.00    0.00    0.00    0.00    0.00    0.00    0.00  100.00

04:28:28 AM  CPU    %usr   %nice    %sys %iowait    %irq   %soft  %steal  %guest  %gnice   %idle
04:28:29 AM  all    0.38    0.00   29.32    0.00    0.25    0.38    0.00    0.00    0.00   69.67
04:28:29 AM    0    1.02    0.00   67.35    0.00    1.02    1.02    0.00    0.00    0.00   29.59
04:28:29 AM    1    1.98    0.00   67.33    0.00    0.99    0.00    0.00    0.00    0.00   29.70
04:28:29 AM    2    0.00    0.00    0.00    0.00    0.00    2.02    0.00    0.00    0.00   97.98
04:28:29 AM    3    0.00    0.00  100.00    0.00    0.00    0.00    0.00    0.00    0.00    0.00
04:28:29 AM    4    0.00    0.00    0.00    0.00    0.00    0.00    0.00    0.00    0.00  100.00
04:28:29 AM    5    0.00    0.00    0.00    0.00    0.00    0.00    0.00    0.00    0.00  100.00
04:28:29 AM    6    0.00    0.00    0.00    0.00    0.00    0.00    0.00    0.00    0.00  100.00
04:28:29 AM    7    0.00    0.00    0.00    0.00    0.00    0.00    0.00    0.00    0.00  100.00

04:28:29 AM  CPU    %usr   %nice    %sys %iowait    %irq   %soft  %steal  %guest  %gnice   %idle
04:28:30 AM  all    0.25    0.00   28.81    0.00    0.00    0.25    0.00    0.00    0.00   70.69
04:28:30 AM    0    1.01    0.00   64.65    0.00    0.00    0.00    0.00    0.00    0.00   34.34
04:28:30 AM    1    1.03    0.00   67.01    0.00    0.00    0.00    0.00    0.00    0.00   31.96
04:28:30 AM    2    0.00    0.00    0.00    0.00    0.00    2.00    0.00    0.00    0.00   98.00
04:28:30 AM    3    0.00    0.00  100.00    0.00    0.00    0.00    0.00    0.00    0.00    0.00
04:28:30 AM    4    0.00    0.00    0.00    0.00    0.00    0.00    0.00    0.00    0.00  100.00
04:28:30 AM    5    0.00    0.00    0.00    0.00    0.00    0.00    0.00    0.00    0.00  100.00
04:28:30 AM    6    0.00    0.00    0.00    0.00    0.00    0.00    0.00    0.00    0.00  100.00
04:28:30 AM    7    0.00    0.00    0.00    0.00    0.00    0.00    0.00    0.00    0.00  100.00

04:28:30 AM  CPU    %usr   %nice    %sys %iowait    %irq   %soft  %steal  %guest  %gnice   %idle
04:28:31 AM  all    0.13    0.00   30.24    0.00    0.13    0.38    0.00    0.00    0.00   69.13
04:28:31 AM    0    0.00    0.00   72.45    0.00    0.00    0.00    0.00    0.00    0.00   27.55
04:28:31 AM    1    1.03    0.00   72.16    0.00    0.00    0.00    0.00    0.00    0.00   26.80
04:28:31 AM    2    0.00    0.00    0.00    0.00    0.99    1.98    0.00    0.00    0.00   97.03
04:28:31 AM    3    0.00    0.00  100.00    0.00    0.00    0.00    0.00    0.00    0.00    0.00
04:28:31 AM    4    0.00    0.00    0.00    0.00    0.00    0.00    0.00    0.00    0.00  100.00
04:28:31 AM    5    0.00    0.00    0.00    0.00    0.00    0.99    0.00    0.00    0.00   99.01
04:28:31 AM    6    0.00    0.00    0.00    0.00    0.00    0.00    0.00    0.00    0.00  100.00
04:28:31 AM    7    0.00    0.00    0.00    0.00    0.00    0.00    0.00    0.00    0.00  100.00

04:28:31 AM  CPU    %usr   %nice    %sys %iowait    %irq   %soft  %steal  %guest  %gnice   %idle
04:28:32 AM  all    0.50    0.00   30.87    0.00    0.25    0.38    0.00    0.00    0.00   68.01
04:28:32 AM    0    2.02    0.00   73.74    0.00    1.01    0.00    0.00    0.00    0.00   23.23
04:28:32 AM    1    2.02    0.00   73.74    0.00    1.01    1.01    0.00    0.00    0.00   22.22
04:28:32 AM    2    0.00    0.00    0.00    0.00    0.00    2.00    0.00    0.00    0.00   98.00
04:28:32 AM    3    0.00    0.00  100.00    0.00    0.00    0.00    0.00    0.00    0.00    0.00
04:28:32 AM    4    0.00    0.00    0.00    0.00    0.00    0.00    0.00    0.00    0.00  100.00
04:28:32 AM    5    0.00    0.00    0.00    0.00    0.00    0.00    0.00    0.00    0.00  100.00
04:28:32 AM    6    0.00    0.00    0.00    0.00    0.00    0.00    0.00    0.00    0.00  100.00
04:28:32 AM    7    0.00    0.00    0.00    0.00    0.00    0.00    0.00    0.00    0.00  100.00

04:28:32 AM  CPU    %usr   %nice    %sys %iowait    %irq   %soft  %steal  %guest  %gnice   %idle
04:28:33 AM  all    0.38    0.00   29.85    0.00    0.00    0.25    0.00    0.00    0.00   69.52
04:28:33 AM    0    1.03    0.00   69.07    0.00    0.00    0.00    0.00    0.00    0.00   29.90
04:28:33 AM    1    2.04    0.00   71.43    0.00    0.00    0.00    0.00    0.00    0.00   26.53
04:28:33 AM    2    0.00    0.00    0.00    0.00    0.00    2.02    0.00    0.00    0.00   97.98
04:28:33 AM    3    0.00    0.00  100.00    0.00    0.00    0.00    0.00    0.00    0.00    0.00
04:28:33 AM    4    0.00    0.00    0.00    0.00    0.00    0.00    0.00    0.00    0.00  100.00
04:28:33 AM    5    0.00    0.00    0.00    0.00    0.00    0.00    0.00    0.00    0.00  100.00
04:28:33 AM    6    0.00    0.00    0.00    0.00    0.00    0.00    0.00    0.00    0.00  100.00
04:28:33 AM    7    0.00    0.00    0.00    0.00    0.00    0.00    0.00    0.00    0.00  100.00

04:28:33 AM  CPU    %usr   %nice    %sys %iowait    %irq   %soft  %steal  %guest  %gnice   %idle
04:28:34 AM  all    0.38    0.00   29.60    0.00    0.00    0.25    0.00    0.00    0.00   69.77
04:28:34 AM    0    1.02    0.00   71.43    0.00    0.00    1.02    0.00    0.00    0.00   26.53
04:28:34 AM    1    2.06    0.00   67.01    0.00    0.00    0.00    0.00    0.00    0.00   30.93
04:28:34 AM    2    0.00    0.00    0.00    0.00    0.00    1.01    0.00    0.00    0.00   98.99
04:28:34 AM    3    0.00    0.00  100.00    0.00    0.00    0.00    0.00    0.00    0.00    0.00
04:28:34 AM    4    0.00    0.00    0.00    0.00    0.00    0.00    0.00    0.00    0.00  100.00
04:28:34 AM    5    0.00    0.00    0.00    0.00    0.00    0.00    0.00    0.00    0.00  100.00
04:28:34 AM    6    0.00    0.00    0.00    0.00    0.00    0.00    0.00    0.00    0.00  100.00
04:28:34 AM    7    0.00    0.00    0.00    0.00    0.00    0.00    0.00    0.00    0.00  100.00

04:28:34 AM  CPU    %usr   %nice    %sys %iowait    %irq   %soft  %steal  %guest  %gnice   %idle
04:28:35 AM  all    0.25    0.00   31.04    0.00    0.13    0.38    0.00    0.00    0.00   68.21
04:28:35 AM    0    0.99    0.00   73.27    0.00    0.99    0.00    0.00    0.00    0.00   24.75
04:28:35 AM    1    1.02    0.00   75.51    0.00    0.00    0.00    0.00    0.00    0.00   23.47
04:28:35 AM    2    0.00    0.00    0.00    0.00    0.00    2.00    0.00    0.00    0.00   98.00
04:28:35 AM    3    0.00    0.00  100.00    0.00    0.00    0.00    0.00    0.00    0.00    0.00
04:28:35 AM    4    0.00    0.00    0.00    0.00    0.00    0.00    0.00    0.00    0.00  100.00
04:28:35 AM    5    0.00    0.00    0.00    0.00    0.00    1.00    0.00    0.00    0.00   99.00
04:28:35 AM    6    0.00    0.00    0.00    0.00    0.00    0.00    0.00    0.00    0.00  100.00
04:28:35 AM    7    0.00    0.00    0.00    0.00    0.00    0.00    0.00    0.00    0.00  100.00

04:28:35 AM  CPU    %usr   %nice    %sys %iowait    %irq   %soft  %steal  %guest  %gnice   %idle
04:28:36 AM  all    0.38    0.00   30.15    0.00    0.25    0.25    0.00    0.00    0.00   68.97
04:28:36 AM    0    2.04    0.00   71.43    0.00    0.00    0.00    0.00    0.00    0.00   26.53
04:28:36 AM    1    1.03    0.00   72.16    0.00    1.03    0.00    0.00    0.00    0.00   25.77
04:28:36 AM    2    0.00    0.00    0.00    0.00    1.00    2.00    0.00    0.00    0.00   97.00
04:28:36 AM    3    0.00    0.00  100.00    0.00    0.00    0.00    0.00    0.00    0.00    0.00
04:28:36 AM    4    0.00    0.00    0.00    0.00    0.00    0.00    0.00    0.00    0.00  100.00
04:28:36 AM    5    0.00    0.00    0.00    0.00    0.00    0.00    0.00    0.00    0.00  100.00
04:28:36 AM    6    0.00    0.00    0.00    0.00    0.00    0.00    0.00    0.00    0.00  100.00
04:28:36 AM    7    0.00    0.00    0.00    0.00    0.00    0.00    0.00    0.00    0.00  100.00

04:28:36 AM  CPU    %usr   %nice    %sys %iowait    %irq   %soft  %steal  %guest  %gnice   %idle
04:28:37 AM  all    0.25    0.00   28.61    0.00    0.00    0.25    0.00    0.00    0.00   70.89
04:28:37 AM    0    1.01    0.00   63.64    0.00    0.00    0.00    0.00    0.00    0.00   35.35
04:28:37 AM    1    1.01    0.00   65.66    0.00    0.00    0.00    0.00    0.00    0.00   33.33
04:28:37 AM    2    0.00    0.00    0.00    0.00    0.00    2.00    0.00    0.00    0.00   98.00
04:28:37 AM    3    0.00    0.00  100.00    0.00    0.00    0.00    0.00    0.00    0.00    0.00
04:28:37 AM    4    0.00    0.00    0.00    0.00    0.00    0.00    0.00    0.00    0.00  100.00
04:28:37 AM    5    0.00    0.00    0.00    0.00    0.00    0.00    0.00    0.00    0.00  100.00
04:28:37 AM    6    0.00    0.00    0.00    0.00    0.00    0.00    0.00    0.00    0.00  100.00
04:28:37 AM    7    0.00    0.00    0.00    0.00    0.00    0.00    0.00    0.00    0.00  100.00

04:28:37 AM  CPU    %usr   %nice    %sys %iowait    %irq   %soft  %steal  %guest  %gnice   %idle
04:28:38 AM  all    0.38    0.00   29.70    0.00    0.13    0.25    0.00    0.00    0.00   69.55
04:28:38 AM    0    2.00    0.00   69.00    0.00    1.00    0.00    0.00    0.00    0.00   28.00
04:28:38 AM    1    1.02    0.00   69.39    0.00    0.00    0.00    0.00    0.00    0.00   29.59
04:28:38 AM    2    0.00    0.00    0.00    0.00    0.00    2.00    0.00    0.00    0.00   98.00
04:28:38 AM    3    0.00    0.00  100.00    0.00    0.00    0.00    0.00    0.00    0.00    0.00
04:28:38 AM    4    0.00    0.00    0.00    0.00    0.00    0.00    0.00    0.00    0.00  100.00
04:28:38 AM    5    0.00    0.00    0.00    0.00    0.00    0.00    0.00    0.00    0.00  100.00
04:28:38 AM    6    0.00    0.00    0.00    0.00    0.00    0.00    0.00    0.00    0.00  100.00
04:28:38 AM    7    0.00    0.00    0.00    0.00    0.00    0.00    0.00    0.00    0.00  100.00

04:28:38 AM  CPU    %usr   %nice    %sys %iowait    %irq   %soft  %steal  %guest  %gnice   %idle
04:28:39 AM  all    0.38    0.00   29.86    0.00    0.25    0.50    0.00    0.00    0.00   69.01
04:28:39 AM    0    1.05    0.00   70.53    0.00    0.00    1.05    0.00    0.00    0.00   27.37
04:28:39 AM    1    1.98    0.00   70.30    0.00    0.99    0.00    0.00    0.00    0.00   26.73
04:28:39 AM    2    0.00    0.00    0.00    0.00    0.00    2.02    0.00    0.00    0.00   97.98
04:28:39 AM    3    0.00    0.00  100.00    0.00    0.00    0.00    0.00    0.00    0.00    0.00
04:28:39 AM    4    0.00    0.00    0.00    0.00    0.00    0.00    0.00    0.00    0.00  100.00
04:28:39 AM    5    0.00    0.00    0.00    0.00    0.98    0.98    0.00    0.00    0.00   98.04
04:28:39 AM    6    0.00    0.00    0.00    0.00    0.00    0.00    0.00    0.00    0.00  100.00
04:28:39 AM    7    0.00    0.00    0.00    0.00    0.00    0.00    0.00    0.00    0.00  100.00

04:28:39 AM  CPU    %usr   %nice    %sys %iowait    %irq   %soft  %steal  %guest  %gnice   %idle
04:28:40 AM  all    0.38    0.00   29.52    0.00    0.13    0.25    0.00    0.00    0.00   69.72
04:28:40 AM    0    2.02    0.00   68.69    0.00    0.00    0.00    0.00    0.00    0.00   29.29
04:28:40 AM    1    1.03    0.00   69.07    0.00    0.00    0.00    0.00    0.00    0.00   29.90
04:28:40 AM    2    0.00    0.00    0.00    0.00    0.99    1.98    0.00    0.00    0.00   97.03
04:28:40 AM    3    0.00    0.00  100.00    0.00    0.00    0.00    0.00    0.00    0.00    0.00
04:28:40 AM    4    0.00    0.00    0.00    0.00    0.00    0.00    0.00    0.00    0.00  100.00
04:28:40 AM    5    0.00    0.00    0.00    0.00    0.00    0.00    0.00    0.00    0.00  100.00
04:28:40 AM    6    0.00    0.00    0.00    0.00    0.00    0.00    0.00    0.00    0.00  100.00
04:28:40 AM    7    0.00    0.00    0.00    0.00    0.00    0.00    0.00    0.00    0.00  100.00

04:28:40 AM  CPU    %usr   %nice    %sys %iowait    %irq   %soft  %steal  %guest  %gnice   %idle
04:28:41 AM  all    0.25    0.00   29.70    0.00    0.13    0.38    0.00    0.00    0.00   69.55
04:28:41 AM    0    1.03    0.00   74.23    0.00    1.03    0.00    0.00    0.00    0.00   23.71
04:28:41 AM    1    0.99    0.00   64.36    0.00    0.00    0.99    0.00    0.00    0.00   33.66
04:28:41 AM    2    0.00    0.00    0.00    0.00    0.00    2.00    0.00    0.00    0.00   98.00
04:28:41 AM    3    0.00    0.00  100.00    0.00    0.00    0.00    0.00    0.00    0.00    0.00
04:28:41 AM    4    0.00    0.00    0.00    0.00    0.00    0.00    0.00    0.00    0.00  100.00
04:28:41 AM    5    0.00    0.00    0.00    0.00    0.00    0.00    0.00    0.00    0.00  100.00
04:28:41 AM    6    0.00    0.00    0.00    0.00    0.00    0.00    0.00    0.00    0.00  100.00
04:28:41 AM    7    0.00    0.00    0.00    0.00    0.00    0.00    0.00    0.00    0.00  100.00

04:28:41 AM  CPU    %usr   %nice    %sys %iowait    %irq   %soft  %steal  %guest  %gnice   %idle
04:28:42 AM  all    0.38    0.00   30.23    0.00    0.00    0.13    0.00    0.00    0.00   69.27
04:28:42 AM    0    2.06    0.00   69.07    0.00    0.00    0.00    0.00    0.00    0.00   28.87
04:28:42 AM    1    1.01    0.00   73.74    0.00    0.00    0.00    0.00    0.00    0.00   25.25
04:28:42 AM    2    0.00    0.00    0.00    0.00    0.00    1.01    0.00    0.00    0.00   98.99
04:28:42 AM    3    0.00    0.00  100.00    0.00    0.00    0.00    0.00    0.00    0.00    0.00
04:28:42 AM    4    0.00    0.00    0.00    0.00    0.00    0.00    0.00    0.00    0.00  100.00
04:28:42 AM    5    0.00    0.00    0.00    0.00    0.00    0.00    0.00    0.00    0.00  100.00
04:28:42 AM    6    0.00    0.00    0.00    0.00    0.00    0.00    0.00    0.00    0.00  100.00
04:28:42 AM    7    0.00    0.00    0.00    0.00    0.00    0.00    0.00    0.00    0.00  100.00

04:28:42 AM  CPU    %usr   %nice    %sys %iowait    %irq   %soft  %steal  %guest  %gnice   %idle
04:28:43 AM  all    0.25    0.00   29.90    0.00    0.13    0.38    0.00    0.00    0.00   69.35
04:28:43 AM    0    1.05    0.00   65.26    0.00    0.00    0.00    0.00    0.00    0.00   33.68
04:28:43 AM    1    0.99    0.00   75.25    0.00    0.99    0.00    0.00    0.00    0.00   22.77
04:28:43 AM    2    0.00    0.00    0.00    0.00    0.00    2.02    0.00    0.00    0.00   97.98
04:28:43 AM    3    0.00    0.00  100.00    0.00    0.00    0.00    0.00    0.00    0.00    0.00
04:28:43 AM    4    0.00    0.00    0.00    0.00    0.00    0.00    0.00    0.00    0.00  100.00
04:28:43 AM    5    0.00    0.00    0.00    0.00    0.00    0.99    0.00    0.00    0.00   99.01
04:28:43 AM    6    0.00    0.00    0.00    0.00    0.00    0.00    0.00    0.00    0.00  100.00
04:28:43 AM    7    0.00    0.00    0.00    0.00    0.00    0.00    0.00    0.00    0.00  100.00

04:28:43 AM  CPU    %usr   %nice    %sys %iowait    %irq   %soft  %steal  %guest  %gnice   %idle
04:28:44 AM  all    0.25    0.00   29.61    0.00    0.25    0.38    0.00    0.00    0.00   69.51
04:28:44 AM    0    0.99    0.00   66.34    0.00    0.99    0.99    0.00    0.00    0.00   30.69
04:28:44 AM    1    1.04    0.00   71.88    0.00    0.00    0.00    0.00    0.00    0.00   27.08
04:28:44 AM    2    0.00    0.00    0.00    0.00    0.99    1.98    0.00    0.00    0.00   97.03
04:28:44 AM    3    0.00    0.00  100.00    0.00    0.00    0.00    0.00    0.00    0.00    0.00
04:28:44 AM    4    0.00    0.00    0.00    0.00    0.00    0.00    0.00    0.00    0.00  100.00
04:28:44 AM    5    0.00    0.00    0.00    0.00    0.00    0.00    0.00    0.00    0.00  100.00
04:28:44 AM    6    0.00    0.00    0.00    0.00    0.00    0.00    0.00    0.00    0.00  100.00
04:28:44 AM    7    0.00    0.00    0.00    0.00    0.00    0.00    0.00    0.00    0.00  100.00

04:28:44 AM  CPU    %usr   %nice    %sys %iowait    %irq   %soft  %steal  %guest  %gnice   %idle
04:28:45 AM  all    0.50    0.00   29.74    0.00    0.00    0.25    0.00    0.00    0.00   69.51
04:28:45 AM    0    2.02    0.00   70.71    0.00    0.00    0.00    0.00    0.00    0.00   27.27
04:28:45 AM    1    2.04    0.00   68.37    0.00    0.00    0.00    0.00    0.00    0.00   29.59
04:28:45 AM    2    0.00    0.00    0.00    0.00    0.00    2.00    0.00    0.00    0.00   98.00
04:28:45 AM    3    0.00    0.00  100.00    0.00    0.00    0.00    0.00    0.00    0.00    0.00
04:28:45 AM    4    0.00    0.00    0.00    0.00    0.00    0.00    0.00    0.00    0.00  100.00
04:28:45 AM    5    0.00    0.00    0.00    0.00    0.00    0.00    0.00    0.00    0.00  100.00
04:28:45 AM    6    0.00    0.00    0.00    0.00    0.00    0.00    0.00    0.00    0.00  100.00
04:28:45 AM    7    0.00    0.00    0.00    0.00    0.00    0.00    0.00    0.00    0.00  100.00

04:28:45 AM  CPU    %usr   %nice    %sys %iowait    %irq   %soft  %steal  %guest  %gnice   %idle
04:28:46 AM  all    0.13    0.00   28.57    0.00    0.13    0.25    0.00    0.00    0.00   70.93
04:28:46 AM    0    1.01    0.00   65.66    0.00    0.00    0.00    0.00    0.00    0.00   33.33
04:28:46 AM    1    0.00    0.00   63.00    0.00    1.00    0.00    0.00    0.00    0.00   36.00
04:28:46 AM    2    0.00    0.00    0.00    0.00    0.00    2.02    0.00    0.00    0.00   97.98
04:28:46 AM    3    0.00    0.00  100.00    0.00    0.00    0.00    0.00    0.00    0.00    0.00
04:28:46 AM    4    0.00    0.00    0.00    0.00    0.00    0.00    0.00    0.00    0.00  100.00
04:28:46 AM    5    0.00    0.00    0.00    0.00    0.00    0.00    0.00    0.00    0.00  100.00
04:28:46 AM    6    0.00    0.00    0.00    0.00    0.00    0.00    0.00    0.00    0.00  100.00
04:28:46 AM    7    0.00    0.00    0.00    0.00    0.00    0.00    0.00    0.00    0.00  100.00

04:28:46 AM  CPU    %usr   %nice    %sys %iowait    %irq   %soft  %steal  %guest  %gnice   %idle
04:28:47 AM  all    0.25    0.00   29.90    0.00    0.13    0.38    0.00    0.00    0.00   69.35
04:28:47 AM    0    1.01    0.00   67.68    0.00    1.01    0.00    0.00    0.00    0.00   30.30
04:28:47 AM    1    1.03    0.00   73.20    0.00    0.00    0.00    0.00    0.00    0.00   25.77
04:28:47 AM    2    0.00    0.00    0.00    0.00    0.00    2.00    0.00    0.00    0.00   98.00
04:28:47 AM    3    0.00    0.00  100.00    0.00    0.00    0.00    0.00    0.00    0.00    0.00
04:28:47 AM    4    0.00    0.00    0.00    0.00    0.00    0.00    0.00    0.00    0.00  100.00
04:28:47 AM    5    0.00    0.00    0.00    0.00    0.00    1.00    0.00    0.00    0.00   99.00
04:28:47 AM    6    0.00    0.00    0.00    0.00    0.00    0.00    0.00    0.00    0.00  100.00
04:28:47 AM    7    0.00    0.00    0.00    0.00    0.00    0.00    0.00    0.00    0.00  100.00

04:28:47 AM  CPU    %usr   %nice    %sys %iowait    %irq   %soft  %steal  %guest  %gnice   %idle
04:28:48 AM  all    0.38    0.00   30.82    0.00    0.00    0.13    0.00    0.00    0.00   68.68
04:28:48 AM    0    2.04    0.00   73.47    0.00    0.00    0.00    0.00    0.00    0.00   24.49
04:28:48 AM    1    1.02    0.00   74.49    0.00    0.00    0.00    0.00    0.00    0.00   24.49
04:28:48 AM    2    0.00    0.00    0.00    0.00    0.00    1.01    0.00    0.00    0.00   98.99
04:28:48 AM    3    0.00    0.00  100.00    0.00    0.00    0.00    0.00    0.00    0.00    0.00
04:28:48 AM    4    0.00    0.00    0.00    0.00    0.00    0.00    0.00    0.00    0.00  100.00
04:28:48 AM    5    0.00    0.00    0.00    0.00    0.00    0.00    0.00    0.00    0.00  100.00
04:28:48 AM    6    0.00    0.00    0.00    0.00    0.00    0.00    0.00    0.00    0.00  100.00
04:28:48 AM    7    0.00    0.00    0.00    0.00    0.00    0.00    0.00    0.00    0.00  100.00

04:28:48 AM  CPU    %usr   %nice    %sys %iowait    %irq   %soft  %steal  %guest  %gnice   %idle
04:28:49 AM  all    0.25    0.00   29.91    0.00    0.25    0.38    0.00    0.00    0.00   69.21
04:28:49 AM    0    1.00    0.00   71.00    0.00    0.00    1.00    0.00    0.00    0.00   27.00
04:28:49 AM    1    1.01    0.00   68.69    0.00    1.01    0.00    0.00    0.00    0.00   29.29
04:28:49 AM    2    0.00    0.00    0.00    0.00    0.99    1.98    0.00    0.00    0.00   97.03
04:28:49 AM    3    0.00    0.00  100.00    0.00    0.00    0.00    0.00    0.00    0.00    0.00
04:28:49 AM    4    0.00    0.00    0.00    0.00    0.00    0.00    0.00    0.00    0.00  100.00
04:28:49 AM    5    0.00    0.00    0.00    0.00    0.00    0.00    0.00    0.00    0.00  100.00
04:28:49 AM    6    0.00    0.00    0.00    0.00    0.00    0.00    0.00    0.00    0.00  100.00
04:28:49 AM    7    0.00    0.00    0.00    0.00    0.00    0.00    0.00    0.00    0.00  100.00

04:28:49 AM  CPU    %usr   %nice    %sys %iowait    %irq   %soft  %steal  %guest  %gnice   %idle
04:28:50 AM  all    0.25    0.00   29.11    0.00    0.13    0.38    0.00    0.00    0.00   70.14
04:28:50 AM    0    1.02    0.00   64.29    0.00    1.02    0.00    0.00    0.00    0.00   33.67
04:28:50 AM    1    1.00    0.00   69.00    0.00    0.00    1.00    0.00    0.00    0.00   29.00
04:28:50 AM    2    0.00    0.00    0.00    0.00    0.00    2.02    0.00    0.00    0.00   97.98
04:28:50 AM    3    0.00    0.00  100.00    0.00    0.00    0.00    0.00    0.00    0.00    0.00
04:28:50 AM    4    0.00    0.00    0.00    0.00    0.00    0.00    0.00    0.00    0.00  100.00
04:28:50 AM    5    0.00    0.00    0.00    0.00    0.00    0.00    0.00    0.00    0.00  100.00
04:28:50 AM    6    0.00    0.00    0.00    0.00    0.00    0.00    0.00    0.00    0.00  100.00
04:28:50 AM    7    0.00    0.00    0.00    0.00    0.00    0.00    0.00    0.00    0.00  100.00

04:28:50 AM  CPU    %usr   %nice    %sys %iowait    %irq   %soft  %steal  %guest  %gnice   %idle
04:28:51 AM  all    0.25    0.00   30.44    0.00    0.13    0.38    0.00    0.00    0.00   68.81
04:28:51 AM    0    1.04    0.00   70.83    0.00    0.00    0.00    0.00    0.00    0.00   28.12
04:28:51 AM    1    1.02    0.00   75.51    0.00    0.00    0.00    0.00    0.00    0.00   23.47
04:28:51 AM    2    0.00    0.00    0.00    0.00    0.00    2.00    0.00    0.00    0.00   98.00
04:28:51 AM    3    0.00    0.00  100.00    0.00    0.00    0.00    0.00    0.00    0.00    0.00
04:28:51 AM    4    0.00    0.00    0.00    0.00    0.00    0.00    0.00    0.00    0.00  100.00
04:28:51 AM    5    0.00    0.00    0.00    0.00    0.99    0.99    0.00    0.00    0.00   98.02
04:28:51 AM    6    0.00    0.00    0.00    0.00    0.00    0.00    0.00    0.00    0.00  100.00
04:28:51 AM    7    0.00    0.00    0.00    0.00    0.00    0.00    0.00    0.00    0.00  100.00

04:28:51 AM  CPU    %usr   %nice    %sys %iowait    %irq   %soft  %steal  %guest  %gnice   %idle
04:28:52 AM  all    0.25    0.00   29.62    0.00    0.00    0.25    0.00    0.00    0.00   69.88
04:28:52 AM    0    1.00    0.00   68.00    0.00    0.00    0.00    0.00    0.00    0.00   31.00
04:28:52 AM    1    1.00    0.00   69.00    0.00    0.00    0.00    0.00    0.00    0.00   30.00
04:28:52 AM    2    0.00    0.00    0.00    0.00    0.00    2.00    0.00    0.00    0.00   98.00
04:28:52 AM    3    0.00    0.00  100.00    0.00    0.00    0.00    0.00    0.00    0.00    0.00
04:28:52 AM    4    0.00    0.00    0.00    0.00    0.00    0.00    0.00    0.00    0.00  100.00
04:28:52 AM    5    0.00    0.00    0.00    0.00    0.00    0.00    0.00    0.00    0.00  100.00
04:28:52 AM    6    0.00    0.00    0.00    0.00    0.00    0.00    0.00    0.00    0.00  100.00
04:28:52 AM    7    0.00    0.00    0.00    0.00    0.00    0.00    0.00    0.00    0.00  100.00

04:28:52 AM  CPU    %usr   %nice    %sys %iowait    %irq   %soft  %steal  %guest  %gnice   %idle
04:28:53 AM  all    0.25    0.00   30.06    0.13    0.38    0.25    0.00    0.00    0.00   68.93
04:28:53 AM    0    1.00    0.00   72.00    0.00    1.00    0.00    0.00    0.00    0.00   26.00
04:28:53 AM    1    1.04    0.00   69.79    1.04    1.04    0.00    0.00    0.00    0.00   27.08
04:28:53 AM    2    0.00    0.00    0.00    0.00    1.00    2.00    0.00    0.00    0.00   97.00
04:28:53 AM    3    0.00    0.00  100.00    0.00    0.00    0.00    0.00    0.00    0.00    0.00
04:28:53 AM    4    0.00    0.00    0.00    0.00    0.00    0.00    0.00    0.00    0.00  100.00
04:28:53 AM    5    0.00    0.00    0.00    0.00    0.00    0.00    0.00    0.00    0.00  100.00
04:28:53 AM    6    0.00    0.00    0.00    0.00    0.00    0.00    0.00    0.00    0.00  100.00
04:28:53 AM    7    0.00    0.00    0.00    0.00    0.00    0.00    0.00    0.00    0.00  100.00

04:28:53 AM  CPU    %usr   %nice    %sys %iowait    %irq   %soft  %steal  %guest  %gnice   %idle
04:28:54 AM  all    0.38    0.00   29.15    0.00    0.00    0.13    0.00    0.00    0.00   70.35
04:28:54 AM    0    1.98    0.00   68.32    0.00    0.00    0.00    0.00    0.00    0.00   29.70
04:28:54 AM    1    1.04    0.00   65.62    0.00    0.00    0.00    0.00    0.00    0.00   33.33
04:28:54 AM    2    0.00    0.00    0.00    0.00    0.00    1.01    0.00    0.00    0.00   98.99
04:28:54 AM    3    0.00    0.00  100.00    0.00    0.00    0.00    0.00    0.00    0.00    0.00
04:28:54 AM    4    0.00    0.00    0.00    0.00    0.00    0.00    0.00    0.00    0.00  100.00
04:28:54 AM    5    0.00    0.00    0.00    0.00    0.00    0.00    0.00    0.00    0.00  100.00
04:28:54 AM    6    0.00    0.00    0.00    0.00    0.00    0.00    0.00    0.00    0.00  100.00
04:28:54 AM    7    0.00    0.00    0.00    0.00    0.00    0.00    0.00    0.00    0.00  100.00

04:28:54 AM  CPU    %usr   %nice    %sys %iowait    %irq   %soft  %steal  %guest  %gnice   %idle
04:28:55 AM  all    0.50    0.00   30.16    0.00    0.00    0.50    0.00    0.00    0.00   68.84
04:28:55 AM    0    0.99    0.00   70.30    0.00    0.00    0.99    0.00    0.00    0.00   27.72
04:28:55 AM    1    3.09    0.00   72.16    0.00    0.00    0.00    0.00    0.00    0.00   24.74
04:28:55 AM    2    0.00    0.00    0.00    0.00    0.00    2.00    0.00    0.00    0.00   98.00
04:28:55 AM    3    0.00    0.00  100.00    0.00    0.00    0.00    0.00    0.00    0.00    0.00
04:28:55 AM    4    0.00    0.00    0.00    0.00    0.00    0.00    0.00    0.00    0.00  100.00
04:28:55 AM    5    0.00    0.00    0.00    0.00    0.00    0.99    0.00    0.00    0.00   99.01
04:28:55 AM    6    0.00    0.00    0.00    0.00    0.00    0.00    0.00    0.00    0.00  100.00
04:28:55 AM    7    0.00    0.00    0.00    0.00    0.00    0.00    0.00    0.00    0.00  100.00

04:28:55 AM  CPU    %usr   %nice    %sys %iowait    %irq   %soft  %steal  %guest  %gnice   %idle
04:28:56 AM  all    0.38    0.00   28.66    0.00    0.25    0.25    0.00    0.00    0.00   70.46
04:28:56 AM    0    1.98    0.00   63.37    0.00    0.99    0.00    0.00    0.00    0.00   33.66
04:28:56 AM    1    1.01    0.00   65.66    0.00    1.01    0.00    0.00    0.00    0.00   32.32
04:28:56 AM    2    0.00    0.00    0.00    0.00    0.00    2.00    0.00    0.00    0.00   98.00
04:28:56 AM    3    0.00    0.00  100.00    0.00    0.00    0.00    0.00    0.00    0.00    0.00
04:28:56 AM    4    0.00    0.00    0.00    0.00    0.00    0.00    0.00    0.00    0.00  100.00
04:28:56 AM    5    0.00    0.00    0.00    0.00    0.00    0.00    0.00    0.00    0.00  100.00
04:28:56 AM    6    0.00    0.00    0.00    0.00    0.00    0.00    0.00    0.00    0.00  100.00
04:28:56 AM    7    0.00    0.00    0.00    0.00    0.00    0.00    0.00    0.00    0.00  100.00

04:28:56 AM  CPU    %usr   %nice    %sys %iowait    %irq   %soft  %steal  %guest  %gnice   %idle
04:28:57 AM  all    0.25    0.00   30.04    0.00    0.13    0.25    0.00    0.00    0.00   69.34
04:28:57 AM    0    1.01    0.00   72.73    0.00    0.00    0.00    0.00    0.00    0.00   26.26
04:28:57 AM    1    1.00    0.00   68.00    0.00    0.00    0.00    0.00    0.00    0.00   31.00
04:28:57 AM    2    0.00    0.00    0.00    0.00    1.00    2.00    0.00    0.00    0.00   97.00
04:28:57 AM    3    0.00    0.00  100.00    0.00    0.00    0.00    0.00    0.00    0.00    0.00
04:28:57 AM    4    0.00    0.00    0.00    0.00    0.00    0.00    0.00    0.00    0.00  100.00
04:28:57 AM    5    0.00    0.00    0.00    0.00    0.00    0.00    0.00    0.00    0.00  100.00
04:28:57 AM    6    0.00    0.00    0.00    0.00    0.00    0.00    0.00    0.00    0.00  100.00
04:28:57 AM    7    0.00    0.00    0.00    0.00    0.00    0.00    0.00    0.00    0.00  100.00

04:28:57 AM  CPU    %usr   %nice    %sys %iowait    %irq   %soft  %steal  %guest  %gnice   %idle
04:28:58 AM  all    0.38    0.00   31.41    0.00    0.00    0.25    0.00    0.00    0.00   67.96
04:28:58 AM    0    2.02    0.00   74.75    0.00    0.00    0.00    0.00    0.00    0.00   23.23
04:28:58 AM    1    1.02    0.00   77.55    0.00    0.00    0.00    0.00    0.00    0.00   21.43
04:28:58 AM    2    0.00    0.00    0.00    0.00    0.00    2.00    0.00    0.00    0.00   98.00
04:28:58 AM    3    0.00    0.00  100.00    0.00    0.00    0.00    0.00    0.00    0.00    0.00
04:28:58 AM    4    0.00    0.00    0.00    0.00    0.00    0.00    0.00    0.00    0.00  100.00
04:28:58 AM    5    0.00    0.00    0.00    0.00    0.00    0.00    0.00    0.00    0.00  100.00
04:28:58 AM    6    0.00    0.00    0.00    0.00    0.00    0.00    0.00    0.00    0.00  100.00
04:28:58 AM    7    0.00    0.00    0.00    0.00    0.00    0.00    0.00    0.00    0.00  100.00

04:28:58 AM  CPU    %usr   %nice    %sys %iowait    %irq   %soft  %steal  %guest  %gnice   %idle
04:28:59 AM  all    0.37    0.00   31.34    0.00    0.25    0.50    0.00    0.00    0.00   67.54
04:28:59 AM    0    1.01    0.00   74.75    0.00    1.01    0.00    0.00    0.00    0.00   23.23
04:28:59 AM    1    1.98    0.00   76.24    0.00    0.99    0.99    0.00    0.00    0.00   19.80
04:28:59 AM    2    0.00    0.00    0.00    0.00    0.00    2.00    0.00    0.00    0.00   98.00
04:28:59 AM    3    0.00    0.00  100.00    0.00    0.00    0.00    0.00    0.00    0.00    0.00
04:28:59 AM    4    0.00    0.00    0.00    0.00    0.00    0.00    0.00    0.00    0.00  100.00
04:28:59 AM    5    0.00    0.00    0.00    0.00    0.00    0.99    0.00    0.00    0.00   99.01
04:28:59 AM    6    0.00    0.00    0.00    0.00    0.00    0.00    0.00    0.00    0.00  100.00
04:28:59 AM    7    0.00    0.00    0.00    0.00    0.00    0.00    0.00    0.00    0.00  100.00

04:28:59 AM  CPU    %usr   %nice    %sys %iowait    %irq   %soft  %steal  %guest  %gnice   %idle
04:29:00 AM  all    0.13    0.00   30.06    0.00    0.00    0.25    0.00    0.00    0.00   69.56
04:29:00 AM    0    1.01    0.00   67.68    0.00    0.00    1.01    0.00    0.00    0.00   30.30
04:29:00 AM    1    0.00    0.00   72.73    0.00    0.00    0.00    0.00    0.00    0.00   27.27
04:29:00 AM    2    0.00    0.00    0.00    0.00    0.00    1.02    0.00    0.00    0.00   98.98
04:29:00 AM    3    0.00    0.00  100.00    0.00    0.00    0.00    0.00    0.00    0.00    0.00
04:29:00 AM    4    0.00    0.00    0.00    0.00    0.00    0.00    0.00    0.00    0.00  100.00
04:29:00 AM    5    0.00    0.00    0.00    0.00    0.00    0.00    0.00    0.00    0.00  100.00
04:29:00 AM    6    0.00    0.00    0.00    0.00    0.00    0.00    0.00    0.00    0.00  100.00
04:29:00 AM    7    0.00    0.00    0.00    0.00    0.00    0.00    0.00    0.00    0.00  100.00

04:29:00 AM  CPU    %usr   %nice    %sys %iowait    %irq   %soft  %steal  %guest  %gnice   %idle
04:29:01 AM  all    0.50    0.00   30.88    0.00    0.12    0.25    0.00    0.00    0.00   68.25
04:29:01 AM    0    1.98    0.00   71.29    0.00    0.00    0.00    0.00    0.00    0.00   26.73
04:29:01 AM    1    2.04    0.00   76.53    0.00    0.00    0.00    0.00    0.00    0.00   21.43
04:29:01 AM    2    0.00    0.00    0.00    0.00    0.99    1.98    0.00    0.00    0.00   97.03
04:29:01 AM    3    0.00    0.00  100.00    0.00    0.00    0.00    0.00    0.00    0.00    0.00
04:29:01 AM    4    0.00    0.00    0.00    0.00    0.00    0.00    0.00    0.00    0.00  100.00
04:29:01 AM    5    0.00    0.00    0.00    0.00    0.00    0.00    0.00    0.00    0.00  100.00
04:29:01 AM    6    0.00    0.00    0.00    0.00    0.00    0.00    0.00    0.00    0.00  100.00
04:29:01 AM    7    0.00    0.00    0.00    0.00    0.00    0.00    0.00    0.00    0.00  100.00

04:29:01 AM  CPU    %usr   %nice    %sys %iowait    %irq   %soft  %steal  %guest  %gnice   %idle
04:29:02 AM  all    0.25    0.00   30.24    0.00    0.25    0.38    0.00    0.00    0.00   68.88
04:29:02 AM    0    1.00    0.00   70.00    0.00    1.00    0.00    0.00    0.00    0.00   28.00
04:29:02 AM    1    1.04    0.00   73.96    0.00    0.00    0.00    0.00    0.00    0.00   25.00
04:29:02 AM    2    0.00    0.00    0.00    0.00    0.00    2.00    0.00    0.00    0.00   98.00
04:29:02 AM    3    0.00    0.00  100.00    0.00    0.00    0.00    0.00    0.00    0.00    0.00
04:29:02 AM    4    0.00    0.00    0.00    0.00    0.00    0.00    0.00    0.00    0.00  100.00
04:29:02 AM    5    0.00    0.00    0.00    0.00    0.99    0.99    0.00    0.00    0.00   98.02
04:29:02 AM    6    0.00    0.00    0.00    0.00    0.00    0.00    0.00    0.00    0.00  100.00
04:29:02 AM    7    0.00    0.00    0.00    0.00    0.00    0.00    0.00    0.00    0.00  100.00

04:29:02 AM  CPU    %usr   %nice    %sys %iowait    %irq   %soft  %steal  %guest  %gnice   %idle
04:29:03 AM  all    0.25    0.00   30.69    0.00    0.13    0.25    0.00    0.00    0.00   68.68
04:29:03 AM    0    1.05    0.00   74.74    0.00    0.00    0.00    0.00    0.00    0.00   24.21
04:29:03 AM    1    1.00    0.00   73.00    0.00    1.00    0.00    0.00    0.00    0.00   25.00
04:29:03 AM    2    0.00    0.00    0.00    0.00    0.00    2.00    0.00    0.00    0.00   98.00
04:29:03 AM    3    0.00    0.00  100.00    0.00    0.00    0.00    0.00    0.00    0.00    0.00
04:29:03 AM    4    0.00    0.00    0.00    0.00    0.00    0.00    0.00    0.00    0.00  100.00
04:29:03 AM    5    0.00    0.00    0.00    0.00    0.00    0.00    0.00    0.00    0.00  100.00
04:29:03 AM    6    0.00    0.00    0.00    0.00    0.00    0.00    0.00    0.00    0.00  100.00
04:29:03 AM    7    0.00    0.00    0.00    0.00    0.00    0.00    0.00    0.00    0.00  100.00

04:29:03 AM  CPU    %usr   %nice    %sys %iowait    %irq   %soft  %steal  %guest  %gnice   %idle
04:29:04 AM  all    0.25    0.00   29.63    0.00    0.00    0.25    0.00    0.00    0.00   69.86
04:29:04 AM    0    0.00    0.00   68.37    0.00    0.00    0.00    0.00    0.00    0.00   31.63
04:29:04 AM    1    2.06    0.00   70.10    0.00    0.00    0.00    0.00    0.00    0.00   27.84
04:29:04 AM    2    0.00    0.00    0.00    0.00    0.00    2.02    0.00    0.00    0.00   97.98
04:29:04 AM    3    0.00    0.00  100.00    0.00    0.00    0.00    0.00    0.00    0.00    0.00
04:29:04 AM    4    0.00    0.00    0.00    0.00    0.00    0.00    0.00    0.00    0.00  100.00
04:29:04 AM    5    0.00    0.00    0.00    0.00    0.00    0.00    0.00    0.00    0.00  100.00
04:29:04 AM    6    0.00    0.00    0.00    0.00    0.00    0.00    0.00    0.00    0.00  100.00
04:29:04 AM    7    0.00    0.00    0.00    0.00    0.00    0.00    0.00    0.00    0.00  100.00

04:29:04 AM  CPU    %usr   %nice    %sys %iowait    %irq   %soft  %steal  %guest  %gnice   %idle
04:29:05 AM  all    0.50    0.00   29.12    0.00    0.12    0.38    0.00    0.00    0.00   69.88
04:29:05 AM    0    1.98    0.00   65.35    0.00    0.99    0.99    0.00    0.00    0.00   30.69
04:29:05 AM    1    2.02    0.00   67.68    0.00    0.00    0.00    0.00    0.00    0.00   30.30
04:29:05 AM    2    0.00    0.00    0.00    0.00    0.00    2.00    0.00    0.00    0.00   98.00
04:29:05 AM    3    0.00    0.00  100.00    0.00    0.00    0.00    0.00    0.00    0.00    0.00
04:29:05 AM    4    0.00    0.00    0.00    0.00    0.00    0.00    0.00    0.00    0.00  100.00
04:29:05 AM    5    0.00    0.00    0.00    0.00    0.00    0.00    0.00    0.00    0.00  100.00
04:29:05 AM    6    0.00    0.00    0.00    0.00    0.00    0.00    0.00    0.00    0.00  100.00
04:29:05 AM    7    0.00    0.00    0.00    0.00    0.00    0.00    0.00    0.00    0.00  100.00

04:29:05 AM  CPU    %usr   %nice    %sys %iowait    %irq   %soft  %steal  %guest  %gnice   %idle
04:29:06 AM  all    0.37    0.00   29.59    0.00    0.25    0.25    0.00    0.00    0.00   69.54
04:29:06 AM    0    2.00    0.00   68.00    0.00    0.00    0.00    0.00    0.00    0.00   30.00
04:29:06 AM    1    1.00    0.00   69.00    0.00    1.00    0.00    0.00    0.00    0.00   29.00
04:29:06 AM    2    0.00    0.00    0.00    0.00    1.00    1.00    0.00    0.00    0.00   98.00
04:29:06 AM    3    0.00    0.00  100.00    0.00    0.00    0.00    0.00    0.00    0.00    0.00
04:29:06 AM    4    0.00    0.00    0.00    0.00    0.00    0.00    0.00    0.00    0.00  100.00
04:29:06 AM    5    0.00    0.00    0.00    0.00    0.00    0.99    0.00    0.00    0.00   99.01
04:29:06 AM    6    0.00    0.00    0.00    0.00    0.00    0.00    0.00    0.00    0.00  100.00
04:29:06 AM    7    0.00    0.00    0.00    0.00    0.00    0.00    0.00    0.00    0.00  100.00

04:29:06 AM  CPU    %usr   %nice    %sys %iowait    %irq   %soft  %steal  %guest  %gnice   %idle
04:29:07 AM  all    0.25    0.00   29.56    0.00    0.00    0.25    0.00    0.00    0.00   69.94
04:29:07 AM    0    1.02    0.00   66.33    0.00    0.00    0.00    0.00    0.00    0.00   32.65
04:29:07 AM    1    1.01    0.00   70.71    0.00    0.00    0.00    0.00    0.00    0.00   28.28
04:29:07 AM    2    0.00    0.00    0.00    0.00    0.00    2.02    0.00    0.00    0.00   97.98
04:29:07 AM    3    0.00    0.00  100.00    0.00    0.00    0.00    0.00    0.00    0.00    0.00
04:29:07 AM    4    0.00    0.00    0.00    0.00    0.00    0.00    0.00    0.00    0.00  100.00
04:29:07 AM    5    0.00    0.00    0.00    0.00    0.00    0.00    0.00    0.00    0.00  100.00
04:29:07 AM    6    0.00    0.00    0.00    0.00    0.00    0.00    0.00    0.00    0.00  100.00
04:29:07 AM    7    0.00    0.00    0.00    0.00    0.00    0.00    0.00    0.00    0.00  100.00

04:29:07 AM  CPU    %usr   %nice    %sys %iowait    %irq   %soft  %steal  %guest  %gnice   %idle
04:29:08 AM  all    0.38    0.00   29.57    0.00    0.13    0.38    0.00    0.00    0.00   69.55
04:29:08 AM    0    2.02    0.00   66.67    0.00    1.01    0.00    0.00    0.00    0.00   30.30
04:29:08 AM    1    1.01    0.00   70.71    0.00    0.00    1.01    0.00    0.00    0.00   27.27
04:29:08 AM    2    0.00    0.00    0.00    0.00    0.00    2.00    0.00    0.00    0.00   98.00
04:29:08 AM    3    0.00    0.00  100.00    0.00    0.00    0.00    0.00    0.00    0.00    0.00
04:29:08 AM    4    0.00    0.00    0.00    0.00    0.00    0.00    0.00    0.00    0.00  100.00
04:29:08 AM    5    0.00    0.00    0.00    0.00    0.00    0.00    0.00    0.00    0.00  100.00
04:29:08 AM    6    0.00    0.00    0.00    0.00    0.00    0.00    0.00    0.00    0.00  100.00
04:29:08 AM    7    0.00    0.00    0.00    0.00    0.00    0.00    0.00    0.00    0.00  100.00

04:29:08 AM  CPU    %usr   %nice    %sys %iowait    %irq   %soft  %steal  %guest  %gnice   %idle
04:29:09 AM  all    0.25    0.00   29.45    0.00    0.00    0.25    0.00    0.00    0.00   70.05
04:29:09 AM    0    1.00    0.00   66.00    0.00    0.00    0.00    0.00    0.00    0.00   33.00
04:29:09 AM    1    1.01    0.00   69.70    0.00    0.00    0.00    0.00    0.00    0.00   29.29
04:29:09 AM    2    0.00    0.00    0.00    0.00    0.00    2.00    0.00    0.00    0.00   98.00
04:29:09 AM    3    0.00    0.00  100.00    0.00    0.00    0.00    0.00    0.00    0.00    0.00
04:29:09 AM    4    0.00    0.00    0.00    0.00    0.00    0.00    0.00    0.00    0.00  100.00
04:29:09 AM    5    0.00    0.00    0.00    0.00    0.00    0.00    0.00    0.00    0.00  100.00
04:29:09 AM    6    0.00    0.00    0.00    0.00    0.00    0.00    0.00    0.00    0.00  100.00
04:29:09 AM    7    0.00    0.00    0.00    0.00    0.00    0.00    0.00    0.00    0.00  100.00

04:29:09 AM  CPU    %usr   %nice    %sys %iowait    %irq   %soft  %steal  %guest  %gnice   %idle
04:29:10 AM  all    0.25    0.00   28.84    0.00    0.25    0.50    0.00    0.00    0.00   70.16
04:29:10 AM    0    1.00    0.00   62.00    0.00    0.00    1.00    0.00    0.00    0.00   36.00
04:29:10 AM    1    1.01    0.00   69.70    0.00    1.01    0.00    0.00    0.00    0.00   28.28
04:29:10 AM    2    0.00    0.00    0.00    0.00    0.99    1.98    0.00    0.00    0.00   97.03
04:29:10 AM    3    0.00    0.00  100.00    0.00    0.00    0.00    0.00    0.00    0.00    0.00
04:29:10 AM    4    0.00    0.00    0.00    0.00    0.00    0.00    0.00    0.00    0.00  100.00
04:29:10 AM    5    0.00    0.00    0.00    0.00    0.00    0.99    0.00    0.00    0.00   99.01
04:29:10 AM    6    0.00    0.00    0.00    0.00    0.00    0.00    0.00    0.00    0.00  100.00
04:29:10 AM    7    0.00    0.00    0.00    0.00    0.00    0.00    0.00    0.00    0.00  100.00

04:29:10 AM  CPU    %usr   %nice    %sys %iowait    %irq   %soft  %steal  %guest  %gnice   %idle
04:29:11 AM  all    0.25    0.00   28.98    0.00    0.13    0.13    0.00    0.00    0.00   70.51
04:29:11 AM    0    1.03    0.00   61.86    0.00    1.03    0.00    0.00    0.00    0.00   36.08
04:29:11 AM    1    1.00    0.00   70.00    0.00    0.00    0.00    0.00    0.00    0.00   29.00
04:29:11 AM    2    0.00    0.00    0.00    0.00    0.00    1.01    0.00    0.00    0.00   98.99
04:29:11 AM    3    0.00    0.00  100.00    0.00    0.00    0.00    0.00    0.00    0.00    0.00
04:29:11 AM    4    0.00    0.00    0.00    0.00    0.00    0.00    0.00    0.00    0.00  100.00
04:29:11 AM    5    0.00    0.00    0.00    0.00    0.00    0.00    0.00    0.00    0.00  100.00
04:29:11 AM    6    0.00    0.00    0.00    0.00    0.00    0.00    0.00    0.00    0.00  100.00
04:29:11 AM    7    0.00    0.00    0.00    0.00    0.00    0.00    0.00    0.00    0.00  100.00

04:29:11 AM  CPU    %usr   %nice    %sys %iowait    %irq   %soft  %steal  %guest  %gnice   %idle
04:29:12 AM  all    0.25    0.00   29.06    0.00    0.00    0.25    0.00    0.00    0.00   70.44
04:29:12 AM    0    1.03    0.00   64.95    0.00    0.00    0.00    0.00    0.00    0.00   34.02
04:29:12 AM    1    1.01    0.00   68.69    0.00    0.00    0.00    0.00    0.00    0.00   30.30
04:29:12 AM    2    0.00    0.00    0.00    0.00    0.00    2.00    0.00    0.00    0.00   98.00
04:29:12 AM    3    0.00    0.00  100.00    0.00    0.00    0.00    0.00    0.00    0.00    0.00
04:29:12 AM    4    0.00    0.00    0.00    0.00    0.00    0.00    0.00    0.00    0.00  100.00
04:29:12 AM    5    0.00    0.00    0.00    0.00    0.00    0.00    0.00    0.00    0.00  100.00
04:29:12 AM    6    0.00    0.00    0.00    0.00    0.00    0.00    0.00    0.00    0.00  100.00
04:29:12 AM    7    0.00    0.00    0.00    0.00    0.00    0.00    0.00    0.00    0.00  100.00

04:29:12 AM  CPU    %usr   %nice    %sys %iowait    %irq   %soft  %steal  %guest  %gnice   %idle
04:29:13 AM  all    0.50    0.00   29.77    0.00    0.13    0.25    0.00    0.00    0.00   69.35
04:29:13 AM    0    2.00    0.00   71.00    0.00    0.00    0.00    0.00    0.00    0.00   27.00
04:29:13 AM    1    2.06    0.00   68.04    0.00    1.03    0.00    0.00    0.00    0.00   28.87
04:29:13 AM    2    0.00    0.00    0.00    0.00    0.00    2.02    0.00    0.00    0.00   97.98
04:29:13 AM    3    0.00    0.00  100.00    0.00    0.00    0.00    0.00    0.00    0.00    0.00
04:29:13 AM    4    0.00    0.00    0.00    0.00    0.00    0.00    0.00    0.00    0.00  100.00
04:29:13 AM    5    0.00    0.00    0.00    0.00    0.00    0.00    0.00    0.00    0.00  100.00
04:29:13 AM    6    0.00    0.00    0.00    0.00    0.00    0.00    0.00    0.00    0.00  100.00
04:29:13 AM    7    0.00    0.00    0.00    0.00    0.00    0.00    0.00    0.00    0.00  100.00

04:29:13 AM  CPU    %usr   %nice    %sys %iowait    %irq   %soft  %steal  %guest  %gnice   %idle
04:29:14 AM  all    0.25    0.00   29.29    0.00    0.13    0.25    0.00    0.00    0.00   70.08
04:29:14 AM    0    1.04    0.00   70.83    0.00    1.04    0.00    0.00    0.00    0.00   27.08
04:29:14 AM    1    1.03    0.00   65.98    0.00    0.00    0.00    0.00    0.00    0.00   32.99
04:29:14 AM    2    0.00    0.00    0.00    0.00    0.00    2.00    0.00    0.00    0.00   98.00
04:29:14 AM    3    0.00    0.00  100.00    0.00    0.00    0.00    0.00    0.00    0.00    0.00
04:29:14 AM    4    0.00    0.00    0.00    0.00    0.00    0.00    0.00    0.00    0.00  100.00
04:29:14 AM    5    0.00    0.00    0.00    0.00    0.00    0.00    0.00    0.00    0.00  100.00
04:29:14 AM    6    0.00    0.00    0.00    0.00    0.00    0.00    0.00    0.00    0.00  100.00
04:29:14 AM    7    0.00    0.00    0.00    0.00    0.00    0.00    0.00    0.00    0.00  100.00

04:29:14 AM  CPU    %usr   %nice    %sys %iowait    %irq   %soft  %steal  %guest  %gnice   %idle
04:29:15 AM  all    0.25    0.00   29.09    0.00    0.25    0.50    0.00    0.00    0.00   69.91
04:29:15 AM    0    1.01    0.00   62.63    0.00    0.00    1.01    0.00    0.00    0.00   35.35
04:29:15 AM    1    1.01    0.00   71.72    0.00    0.00    0.00    0.00    0.00    0.00   27.27
04:29:15 AM    2    0.00    0.00    0.00    0.00    0.99    1.98    0.00    0.00    0.00   97.03
04:29:15 AM    3    0.00    0.00  100.00    0.00    0.00    0.00    0.00    0.00    0.00    0.00
04:29:15 AM    4    0.00    0.00    0.00    0.00    0.00    0.00    0.00    0.00    0.00  100.00
04:29:15 AM    5    0.00    0.00    0.00    0.00    0.98    0.98    0.00    0.00    0.00   98.04
04:29:15 AM    6    0.00    0.00    0.00    0.00    0.00    0.00    0.00    0.00    0.00  100.00
04:29:15 AM    7    0.00    0.00    0.00    0.00    0.00    0.00    0.00    0.00    0.00  100.00

04:29:15 AM  CPU    %usr   %nice    %sys %iowait    %irq   %soft  %steal  %guest  %gnice   %idle
04:29:16 AM  all    0.25    0.00   29.97    0.00    0.00    0.25    0.00    0.00    0.00   69.52
04:29:16 AM    0    1.03    0.00   71.13    0.00    0.00    0.00    0.00    0.00    0.00   27.84
04:29:16 AM    1    1.02    0.00   70.41    0.00    0.00    0.00    0.00    0.00    0.00   28.57
04:29:16 AM    2    0.00    0.00    0.00    0.00    0.00    2.02    0.00    0.00    0.00   97.98
04:29:16 AM    3    0.00    0.00  100.00    0.00    0.00    0.00    0.00    0.00    0.00    0.00
04:29:16 AM    4    0.00    0.00    0.00    0.00    0.00    0.00    0.00    0.00    0.00  100.00
04:29:16 AM    5    0.00    0.00    0.00    0.00    0.00    0.00    0.00    0.00    0.00  100.00
04:29:16 AM    6    0.00    0.00    0.00    0.00    0.00    0.00    0.00    0.00    0.00  100.00
04:29:16 AM    7    0.00    0.00    0.00    0.00    0.00    0.00    0.00    0.00    0.00  100.00

04:29:16 AM  CPU    %usr   %nice    %sys %iowait    %irq   %soft  %steal  %guest  %gnice   %idle
04:29:17 AM  all    0.38    0.00   29.62    0.00    0.25    0.25    0.00    0.00    0.00   69.50
04:29:17 AM    0    0.99    0.00   65.35    0.00    0.99    0.00    0.00    0.00    0.00   32.67
04:29:17 AM    1    1.98    0.00   70.30    0.00    0.99    0.99    0.00    0.00    0.00   25.74
04:29:17 AM    2    0.00    0.00    0.00    0.00    0.00    1.01    0.00    0.00    0.00   98.99
04:29:17 AM    3    0.00    0.00  100.00    0.00    0.00    0.00    0.00    0.00    0.00    0.00
04:29:17 AM    4    0.00    0.00    0.00    0.00    0.00    0.00    0.00    0.00    0.00  100.00
04:29:17 AM    5    0.00    0.00    0.00    0.00    0.00    0.00    0.00    0.00    0.00  100.00
04:29:17 AM    6    0.00    0.00    0.00    0.00    0.00    0.00    0.00    0.00    0.00  100.00
04:29:17 AM    7    0.00    0.00    0.00    0.00    0.00    0.00    0.00    0.00    0.00  100.00

04:29:17 AM  CPU    %usr   %nice    %sys %iowait    %irq   %soft  %steal  %guest  %gnice   %idle
04:29:18 AM  all    0.25    0.00   30.03    0.00    0.00    0.25    0.00    0.00    0.00   69.47
04:29:18 AM    0    1.02    0.00   71.43    0.00    0.00    0.00    0.00    0.00    0.00   27.55
04:29:18 AM    1    1.02    0.00   70.41    0.00    0.00    0.00    0.00    0.00    0.00   28.57
04:29:18 AM    2    0.00    0.00    0.00    0.00    0.00    2.00    0.00    0.00    0.00   98.00
04:29:18 AM    3    0.00    0.00  100.00    0.00    0.00    0.00    0.00    0.00    0.00    0.00
04:29:18 AM    4    0.00    0.00    0.00    0.00    0.00    0.00    0.00    0.00    0.00  100.00
04:29:18 AM    5    0.00    0.00    0.00    0.00    0.00    0.00    0.00    0.00    0.00  100.00
04:29:18 AM    6    0.00    0.00    0.00    0.00    0.00    0.00    0.00    0.00    0.00  100.00
04:29:18 AM    7    0.00    0.00    0.00    0.00    0.00    0.00    0.00    0.00    0.00  100.00

04:29:18 AM  CPU    %usr   %nice    %sys %iowait    %irq   %soft  %steal  %guest  %gnice   %idle
04:29:19 AM  all    0.25    0.00   29.41    0.00    0.13    0.38    0.00    0.00    0.00   69.84
04:29:19 AM    0    1.00    0.00   70.00    0.00    0.00    0.00    0.00    0.00    0.00   29.00
04:29:19 AM    1    1.01    0.00   65.66    0.00    0.00    0.00    0.00    0.00    0.00   33.33
04:29:19 AM    2    0.00    0.00    0.00    0.00    1.00    2.00    0.00    0.00    0.00   97.00
04:29:19 AM    3    0.00    0.00  100.00    0.00    0.00    0.00    0.00    0.00    0.00    0.00
04:29:19 AM    4    0.00    0.00    0.00    0.00    0.00    0.00    0.00    0.00    0.00  100.00
04:29:19 AM    5    0.00    0.00    0.00    0.00    0.00    1.00    0.00    0.00    0.00   99.00
04:29:19 AM    6    0.00    0.00    0.00    0.00    0.00    0.00    0.00    0.00    0.00  100.00
04:29:19 AM    7    0.00    0.00    0.00    0.00    0.00    0.00    0.00    0.00    0.00  100.00

04:29:19 AM  CPU    %usr   %nice    %sys %iowait    %irq   %soft  %steal  %guest  %gnice   %idle
04:29:20 AM  all    0.25    0.00   30.79    0.00    0.25    0.38    0.00    0.00    0.00   68.34
04:29:20 AM    0    1.01    0.00   71.72    0.00    1.01    1.01    0.00    0.00    0.00   25.25
04:29:20 AM    1    1.00    0.00   75.00    0.00    1.00    0.00    0.00    0.00    0.00   23.00
04:29:20 AM    2    0.00    0.00    0.00    0.00    0.00    2.00    0.00    0.00    0.00   98.00
04:29:20 AM    3    0.00    0.00  100.00    0.00    0.00    0.00    0.00    0.00    0.00    0.00
04:29:20 AM    4    0.00    0.00    0.00    0.00    0.00    0.00    0.00    0.00    0.00  100.00
04:29:20 AM    5    0.00    0.00    0.00    0.00    0.00    0.00    0.00    0.00    0.00  100.00
04:29:20 AM    6    0.00    0.00    0.00    0.00    0.00    0.00    0.00    0.00    0.00  100.00
04:29:20 AM    7    0.00    0.00    0.00    0.00    0.00    0.00    0.00    0.00    0.00  100.00

04:29:20 AM  CPU    %usr   %nice    %sys %iowait    %irq   %soft  %steal  %guest  %gnice   %idle
04:29:21 AM  all    0.25    0.00   30.40    0.00    0.00    0.25    0.00    0.00    0.00   69.10
04:29:21 AM    0    1.02    0.00   73.47    0.00    0.00    0.00    0.00    0.00    0.00   25.51
04:29:21 AM    1    1.01    0.00   70.71    0.00    0.00    0.00    0.00    0.00    0.00   28.28
04:29:21 AM    2    0.00    0.00    0.00    0.00    0.00    2.00    0.00    0.00    0.00   98.00
04:29:21 AM    3    0.00    0.00  100.00    0.00    0.00    0.00    0.00    0.00    0.00    0.00
04:29:21 AM    4    0.00    0.00    0.00    0.00    0.00    0.00    0.00    0.00    0.00  100.00
04:29:21 AM    5    0.00    0.00    0.00    0.00    0.00    0.00    0.00    0.00    0.00  100.00
04:29:21 AM    6    0.00    0.00    0.00    0.00    0.00    0.00    0.00    0.00    0.00  100.00
04:29:21 AM    7    0.00    0.00    0.00    0.00    0.00    0.00    0.00    0.00    0.00  100.00

04:29:21 AM  CPU    %usr   %nice    %sys %iowait    %irq   %soft  %steal  %guest  %gnice   %idle
04:29:22 AM  all    0.25    0.00   29.70    0.00    0.00    0.25    0.00    0.00    0.00   69.80
04:29:22 AM    0    1.00    0.00   66.00    0.00    0.00    0.00    0.00    0.00    0.00   33.00
04:29:22 AM    1    1.02    0.00   72.45    0.00    0.00    0.00    0.00    0.00    0.00   26.53
04:29:22 AM    2    0.00    0.00    0.00    0.00    0.00    2.00    0.00    0.00    0.00   98.00
04:29:22 AM    3    0.00    0.00  100.00    0.00    0.00    0.00    0.00    0.00    0.00    0.00
04:29:22 AM    4    0.00    0.00    0.00    0.00    0.00    0.00    0.00    0.00    0.00  100.00
04:29:22 AM    5    0.00    0.00    0.00    0.00    0.00    0.00    0.00    0.00    0.00  100.00
04:29:22 AM    6    0.00    0.00    0.00    0.00    0.00    0.00    0.00    0.00    0.00  100.00
04:29:22 AM    7    0.00    0.00    0.00    0.00    0.00    0.00    0.00    0.00    0.00  100.00

04:29:22 AM  CPU    %usr   %nice    %sys %iowait    %irq   %soft  %steal  %guest  %gnice   %idle
04:29:23 AM  all    0.50    0.00   30.19    0.00    0.38    0.38    0.00    0.00    0.00   68.55
04:29:23 AM    0    2.06    0.00   72.16    0.00    1.03    0.00    0.00    0.00    0.00   24.74
04:29:23 AM    1    2.06    0.00   72.16    0.00    1.03    0.00    0.00    0.00    0.00   24.74
04:29:23 AM    2    0.00    0.00    0.00    0.00    1.00    2.00    0.00    0.00    0.00   97.00
04:29:23 AM    3    0.00    0.00  100.00    0.00    0.00    0.00    0.00    0.00    0.00    0.00
04:29:23 AM    4    0.00    0.00    0.00    0.00    0.00    0.00    0.00    0.00    0.00  100.00
04:29:23 AM    5    0.00    0.00    0.00    0.00    0.00    0.99    0.00    0.00    0.00   99.01
04:29:23 AM    6    0.00    0.00    0.00    0.00    0.00    0.00    0.00    0.00    0.00  100.00
04:29:23 AM    7    0.00    0.00    0.00    0.00    0.00    0.00    0.00    0.00    0.00  100.00

04:29:23 AM  CPU    %usr   %nice    %sys %iowait    %irq   %soft  %steal  %guest  %gnice   %idle
04:29:24 AM  all    0.25    0.00   30.15    0.00    0.00    0.13    0.00    0.00    0.00   69.47
04:29:24 AM    0    1.00    0.00   70.00    0.00    0.00    0.00    0.00    0.00    0.00   29.00
04:29:24 AM    1    1.02    0.00   71.43    0.00    0.00    0.00    0.00    0.00    0.00   27.55
04:29:24 AM    2    0.00    0.00    0.00    0.00    0.00    1.01    0.00    0.00    0.00   98.99
04:29:24 AM    3    0.00    0.00  100.00    0.00    0.00    0.00    0.00    0.00    0.00    0.00
04:29:24 AM    4    0.00    0.00    0.00    0.00    0.00    0.00    0.00    0.00    0.00  100.00
04:29:24 AM    5    0.00    0.00    0.00    0.00    0.00    0.00    0.00    0.00    0.00  100.00
04:29:24 AM    6    0.00    0.00    0.00    0.00    0.00    0.00    0.00    0.00    0.00  100.00
04:29:24 AM    7    0.00    0.00    0.00    0.00    0.00    0.00    0.00    0.00    0.00  100.00

04:29:24 AM  CPU    %usr   %nice    %sys %iowait    %irq   %soft  %steal  %guest  %gnice   %idle
04:29:25 AM  all    0.25    0.00   29.91    0.00    0.00    0.38    0.00    0.00    0.00   69.46
04:29:25 AM    0    1.01    0.00   70.71    0.00    0.00    0.00    0.00    0.00    0.00   28.28
04:29:25 AM    1    1.00    0.00   69.00    0.00    0.00    1.00    0.00    0.00    0.00   29.00
04:29:25 AM    2    0.00    0.00    0.00    0.00    0.00    2.00    0.00    0.00    0.00   98.00
04:29:25 AM    3    0.00    0.00  100.00    0.00    0.00    0.00    0.00    0.00    0.00    0.00
04:29:25 AM    4    0.00    0.00    0.00    0.00    0.00    0.00    0.00    0.00    0.00  100.00
04:29:25 AM    5    0.00    0.00    0.00    0.00    0.00    0.00    0.00    0.00    0.00  100.00
04:29:25 AM    6    0.00    0.00    0.00    0.00    0.00    0.00    0.00    0.00    0.00  100.00
04:29:25 AM    7    0.00    0.00    0.00    0.00    0.00    0.00    0.00    0.00    0.00  100.00

04:29:25 AM  CPU    %usr   %nice    %sys %iowait    %irq   %soft  %steal  %guest  %gnice   %idle
04:29:26 AM  all    0.63    0.00   29.79    0.00    0.13    0.50    0.00    0.00    0.00   68.96
04:29:26 AM    0    2.91    0.00   67.96    0.00    0.97    0.97    0.00    0.00    0.00   27.18
04:29:26 AM    1    2.06    0.00   70.10    0.00    0.00    0.00    0.00    0.00    0.00   27.84
04:29:26 AM    2    0.00    0.00    0.00    0.00    0.00    2.02    0.00    0.00    0.00   97.98
04:29:26 AM    3    0.00    0.00  100.00    0.00    0.00    0.00    0.00    0.00    0.00    0.00
04:29:26 AM    4    0.00    0.00    0.00    0.00    0.00    0.00    0.00    0.00    0.00  100.00
04:29:26 AM    5    0.00    0.00    0.00    0.00    0.00    1.00    0.00    0.00    0.00   99.00
04:29:26 AM    6    0.00    0.00    0.00    0.00    0.00    0.00    0.00    0.00    0.00  100.00
04:29:26 AM    7    0.00    0.00    0.00    0.00    0.00    0.00    0.00    0.00    0.00  100.00

04:29:26 AM  CPU    %usr   %nice    %sys %iowait    %irq   %soft  %steal  %guest  %gnice   %idle
04:29:27 AM  all    0.25    0.00   29.62    0.00    0.38    0.25    0.00    0.00    0.00   69.50
04:29:27 AM    0    0.00    0.00   71.88    0.00    0.00    0.00    0.00    0.00    0.00   28.12
04:29:27 AM    1    1.96    0.00   66.67    0.00    0.98    0.00    0.00    0.00    0.00   30.39
04:29:27 AM    2    0.00    0.00    0.00    0.00    0.99    1.98    0.00    0.00    0.00   97.03
04:29:27 AM    3    0.00    0.00  100.00    0.00    0.00    0.00    0.00    0.00    0.00    0.00
04:29:27 AM    4    0.00    0.00    0.00    0.00    0.00    0.00    0.00    0.00    0.00  100.00
04:29:27 AM    5    0.00    0.00    0.00    0.00    0.99    0.00    0.00    0.00    0.00   99.01
04:29:27 AM    6    0.00    0.00    0.00    0.00    0.00    0.00    0.00    0.00    0.00  100.00
04:29:27 AM    7    0.00    0.00    0.00    0.00    0.00    0.00    0.00    0.00    0.00  100.00

04:29:27 AM  CPU    %usr   %nice    %sys %iowait    %irq   %soft  %steal  %guest  %gnice   %idle
04:29:28 AM  all    0.25    0.00   29.42    0.00    0.00    0.25    0.00    0.00    0.00   70.08
04:29:28 AM    0    2.06    0.00   70.10    0.00    0.00    0.00    0.00    0.00    0.00   27.84
04:29:28 AM    1    0.00    0.00   67.71    0.00    0.00    0.00    0.00    0.00    0.00   32.29
04:29:28 AM    2    0.00    0.00    0.00    0.00    0.00    2.00    0.00    0.00    0.00   98.00
04:29:28 AM    3    0.00    0.00  100.00    0.00    0.00    0.00    0.00    0.00    0.00    0.00
04:29:28 AM    4    0.00    0.00    0.00    0.00    0.00    0.00    0.00    0.00    0.00  100.00
04:29:28 AM    5    0.00    0.00    0.00    0.00    0.00    0.00    0.00    0.00    0.00  100.00
04:29:28 AM    6    0.00    0.00    0.00    0.00    0.00    0.00    0.00    0.00    0.00  100.00
04:29:28 AM    7    0.00    0.00    0.00    0.00    0.00    0.00    0.00    0.00    0.00  100.00

04:29:28 AM  CPU    %usr   %nice    %sys %iowait    %irq   %soft  %steal  %guest  %gnice   %idle
04:29:29 AM  all    0.25    0.00   29.34    0.00    0.12    0.25    0.00    0.00    0.00   70.04
04:29:29 AM    0    0.00    0.00   63.37    0.00    0.99    0.00    0.00    0.00    0.00   35.64
04:29:29 AM    1    2.00    0.00   71.00    0.00    0.00    0.00    0.00    0.00    0.00   27.00
04:29:29 AM    2    0.00    0.00    0.00    0.00    0.00    2.00    0.00    0.00    0.00   98.00
04:29:29 AM    3    0.00    0.00  100.00    0.00    0.00    0.00    0.00    0.00    0.00    0.00
04:29:29 AM    4    0.00    0.00    0.00    0.00    0.00    0.00    0.00    0.00    0.00  100.00
04:29:29 AM    5    0.00    0.00    0.00    0.00    0.00    0.00    0.00    0.00    0.00  100.00
04:29:29 AM    6    0.00    0.00    0.00    0.00    0.00    0.00    0.00    0.00    0.00  100.00
04:29:29 AM    7    0.00    0.00    0.00    0.00    0.00    0.00    0.00    0.00    0.00  100.00

04:29:29 AM  CPU    %usr   %nice    %sys %iowait    %irq   %soft  %steal  %guest  %gnice   %idle
04:29:30 AM  all    0.25    0.00   30.86    0.00    0.13    0.25    0.00    0.00    0.00   68.51
04:29:30 AM    0    1.05    0.00   71.58    0.00    0.00    0.00    0.00    0.00    0.00   27.37
04:29:30 AM    1    0.99    0.00   76.24    0.00    0.99    0.00    0.00    0.00    0.00   21.78
04:29:30 AM    2    0.00    0.00    0.00    0.00    0.00    1.02    0.00    0.00    0.00   98.98
04:29:30 AM    3    0.00    0.00  100.00    0.00    0.00    0.00    0.00    0.00    0.00    0.00
04:29:30 AM    4    0.00    0.00    0.00    0.00    0.00    0.00    0.00    0.00    0.00  100.00
04:29:30 AM    5    0.00    0.00    0.00    0.00    0.00    1.00    0.00    0.00    0.00   99.00
04:29:30 AM    6    0.00    0.00    0.00    0.00    0.00    0.00    0.00    0.00    0.00  100.00
04:29:30 AM    7    0.00    0.00    0.00    0.00    0.00    0.00    0.00    0.00    0.00  100.00

04:29:30 AM  CPU    %usr   %nice    %sys %iowait    %irq   %soft  %steal  %guest  %gnice   %idle
04:29:31 AM  all    0.25    0.00   31.49    0.00    0.13    0.38    0.00    0.00    0.00   67.75
04:29:31 AM    0    1.00    0.00   76.00    0.00    1.00    1.00    0.00    0.00    0.00   21.00
04:29:31 AM    1    1.03    0.00   77.32    0.00    0.00    0.00    0.00    0.00    0.00   21.65
04:29:31 AM    2    0.00    0.00    0.00    0.00    0.00    2.00    0.00    0.00    0.00   98.00
04:29:31 AM    3    0.00    0.00  100.00    0.00    0.00    0.00    0.00    0.00    0.00    0.00
04:29:31 AM    4    0.00    0.00    0.00    0.00    0.00    0.00    0.00    0.00    0.00  100.00
04:29:31 AM    5    0.00    0.00    0.00    0.00    0.00    0.00    0.00    0.00    0.00  100.00
04:29:31 AM    6    0.00    0.00    0.00    0.00    0.00    0.00    0.00    0.00    0.00  100.00
04:29:31 AM    7    0.00    0.00    0.00    0.00    0.00    0.00    0.00    0.00    0.00  100.00

04:29:31 AM  CPU    %usr   %nice    %sys %iowait    %irq   %soft  %steal  %guest  %gnice   %idle
04:29:32 AM  all    0.25    0.00   31.32    0.00    0.13    0.25    0.00    0.00    0.00   68.05
04:29:32 AM    0    1.03    0.00   74.23    0.00    0.00    0.00    0.00    0.00    0.00   24.74
04:29:32 AM    1    1.02    0.00   78.57    0.00    0.00    0.00    0.00    0.00    0.00   20.41
04:29:32 AM    2    0.00    0.00    0.00    0.00    0.99    1.98    0.00    0.00    0.00   97.03
04:29:32 AM    3    0.00    0.00  100.00    0.00    0.00    0.00    0.00    0.00    0.00    0.00
04:29:32 AM    4    0.00    0.00    0.00    0.00    0.00    0.00    0.00    0.00    0.00  100.00
04:29:32 AM    5    0.00    0.00    0.00    0.00    0.00    0.00    0.00    0.00    0.00  100.00
04:29:32 AM    6    0.00    0.00    0.00    0.00    0.00    0.00    0.00    0.00    0.00  100.00
04:29:32 AM    7    0.00    0.00    0.00    0.00    0.00    0.00    0.00    0.00    0.00  100.00

04:29:32 AM  CPU    %usr   %nice    %sys %iowait    %irq   %soft  %steal  %guest  %gnice   %idle
04:29:33 AM  all    0.25    0.00   29.85    0.00    0.13    0.38    0.00    0.00    0.00   69.40
04:29:33 AM    0    1.06    0.00   69.15    0.00    0.00    0.00    0.00    0.00    0.00   29.79
04:29:33 AM    1    0.99    0.00   71.29    0.00    0.99    0.99    0.00    0.00    0.00   25.74
04:29:33 AM    2    0.00    0.00    0.00    0.00    0.00    2.02    0.00    0.00    0.00   97.98
04:29:33 AM    3    0.00    0.00  100.00    0.00    0.00    0.00    0.00    0.00    0.00    0.00
04:29:33 AM    4    0.00    0.00    0.00    0.00    0.00    0.00    0.00    0.00    0.00  100.00
04:29:33 AM    5    0.00    0.00    0.00    0.00    0.00    0.00    0.00    0.00    0.00  100.00
04:29:33 AM    6    0.00    0.00    0.00    0.00    0.00    0.00    0.00    0.00    0.00  100.00
04:29:33 AM    7    0.00    0.00    0.00    0.00    0.00    0.00    0.00    0.00    0.00  100.00

04:29:33 AM  CPU    %usr   %nice    %sys %iowait    %irq   %soft  %steal  %guest  %gnice   %idle
04:29:34 AM  all    0.38    0.00   29.12    0.00    0.12    0.38    0.00    0.00    0.00   70.00
04:29:34 AM    0    1.01    0.00   66.67    0.00    1.01    0.00    0.00    0.00    0.00   31.31
04:29:34 AM    1    2.00    0.00   67.00    0.00    0.00    0.00    0.00    0.00    0.00   31.00
04:29:34 AM    2    0.00    0.00    0.00    0.00    0.00    2.00    0.00    0.00    0.00   98.00
04:29:34 AM    3    0.00    0.00  100.00    0.00    0.00    0.00    0.00    0.00    0.00    0.00
04:29:34 AM    4    0.00    0.00    0.00    0.00    0.00    0.00    0.00    0.00    0.00  100.00
04:29:34 AM    5    0.00    0.00    0.00    0.00    0.00    0.99    0.00    0.00    0.00   99.01
04:29:34 AM    6    0.00    0.00    0.00    0.00    0.00    0.00    0.00    0.00    0.00  100.00
04:29:34 AM    7    0.00    0.00    0.00    0.00    0.00    0.00    0.00    0.00    0.00  100.00

04:29:34 AM  CPU    %usr   %nice    %sys %iowait    %irq   %soft  %steal  %guest  %gnice   %idle
04:29:35 AM  all    0.38    0.00   29.76    0.00    0.00    0.25    0.00    0.00    0.00   69.61
04:29:35 AM    0    2.04    0.00   69.39    0.00    0.00    0.00    0.00    0.00    0.00   28.57
04:29:35 AM    1    1.04    0.00   70.83    0.00    0.00    0.00    0.00    0.00    0.00   28.12
04:29:35 AM    2    0.00    0.00    0.00    0.00    0.00    2.00    0.00    0.00    0.00   98.00
04:29:35 AM    3    0.00    0.00  100.00    0.00    0.00    0.00    0.00    0.00    0.00    0.00
04:29:35 AM    4    0.00    0.00    0.00    0.00    0.00    0.00    0.00    0.00    0.00  100.00
04:29:35 AM    5    0.00    0.00    0.00    0.00    0.00    0.00    0.00    0.00    0.00  100.00
04:29:35 AM    6    0.00    0.00    0.00    0.00    0.00    0.00    0.00    0.00    0.00  100.00
04:29:35 AM    7    0.00    0.00    0.00    0.00    0.00    0.00    0.00    0.00    0.00  100.00

04:29:35 AM  CPU    %usr   %nice    %sys %iowait    %irq   %soft  %steal  %guest  %gnice   %idle
04:29:36 AM  all    0.38    0.00   30.36    0.00    0.13    0.38    0.00    0.00    0.00   68.76
04:29:36 AM    0    1.98    0.00   72.28    0.00    0.00    0.99    0.00    0.00    0.00   24.75
04:29:36 AM    1    1.04    0.00   71.88    0.00    0.00    0.00    0.00    0.00    0.00   27.08
04:29:36 AM    2    0.00    0.00    0.00    0.00    1.00    2.00    0.00    0.00    0.00   97.00
04:29:36 AM    3    0.00    0.00  100.00    0.00    0.00    0.00    0.00    0.00    0.00    0.00
04:29:36 AM    4    0.00    0.00    0.00    0.00    0.00    0.00    0.00    0.00    0.00  100.00
04:29:36 AM    5    0.00    0.00    0.00    0.00    0.00    0.00    0.00    0.00    0.00  100.00
04:29:36 AM    6    0.00    0.00    0.00    0.00    0.00    0.00    0.00    0.00    0.00  100.00
04:29:36 AM    7    0.00    0.00    0.00    0.00    0.00    0.00    0.00    0.00    0.00  100.00

04:29:36 AM  CPU    %usr   %nice    %sys %iowait    %irq   %soft  %steal  %guest  %gnice   %idle
04:29:37 AM  all    0.38    0.00   29.95    0.00    0.25    0.25    0.00    0.00    0.00   69.17
04:29:37 AM    0    2.02    0.00   70.71    0.00    1.01    0.00    0.00    0.00    0.00   26.26
04:29:37 AM    1    1.00    0.00   69.00    0.00    1.00    0.00    0.00    0.00    0.00   29.00
04:29:37 AM    2    0.00    0.00    0.00    0.00    0.00    2.00    0.00    0.00    0.00   98.00
04:29:37 AM    3    0.00    0.00  100.00    0.00    0.00    0.00    0.00    0.00    0.00    0.00
04:29:37 AM    4    0.00    0.00    0.00    0.00    0.00    0.00    0.00    0.00    0.00  100.00
04:29:37 AM    5    0.00    0.00    0.00    0.00    0.00    0.00    0.00    0.00    0.00  100.00
04:29:37 AM    6    0.00    0.00    0.00    0.00    0.00    0.00    0.00    0.00    0.00  100.00
04:29:37 AM    7    0.00    0.00    0.00    0.00    0.00    0.00    0.00    0.00    0.00  100.00

04:29:37 AM  CPU    %usr   %nice    %sys %iowait    %irq   %soft  %steal  %guest  %gnice   %idle
04:29:38 AM  all    0.25    0.00   29.20    0.00    0.13    0.38    0.00    0.00    0.00   70.05
04:29:38 AM    0    1.03    0.00   72.16    0.00    0.00    0.00    0.00    0.00    0.00   26.80
04:29:38 AM    1    1.00    0.00   63.00    0.00    0.00    0.00    0.00    0.00    0.00   36.00
04:29:38 AM    2    0.00    0.00    0.00    0.00    0.00    2.02    0.00    0.00    0.00   97.98
04:29:38 AM    3    0.00    0.00  100.00    0.00    0.00    0.00    0.00    0.00    0.00    0.00
04:29:38 AM    4    0.00    0.00    0.00    0.00    0.00    0.00    0.00    0.00    0.00  100.00
04:29:38 AM    5    0.00    0.00    0.00    0.00    0.98    0.98    0.00    0.00    0.00   98.04
04:29:38 AM    6    0.00    0.00    0.00    0.00    0.00    0.00    0.00    0.00    0.00  100.00
04:29:38 AM    7    0.00    0.00    0.00    0.00    0.00    0.00    0.00    0.00    0.00  100.00

04:29:38 AM  CPU    %usr   %nice    %sys %iowait    %irq   %soft  %steal  %guest  %gnice   %idle
04:29:39 AM  all    0.50    0.00   29.26    0.00    0.00    0.13    0.00    0.00    0.00   70.11
04:29:39 AM    0    2.06    0.00   61.86    0.00    0.00    0.00    0.00    0.00    0.00   36.08
04:29:39 AM    1    2.04    0.00   73.47    0.00    0.00    0.00    0.00    0.00    0.00   24.49
04:29:39 AM    2    0.00    0.00    0.00    0.00    0.00    1.01    0.00    0.00    0.00   98.99
04:29:39 AM    3    0.00    0.00  100.00    0.00    0.00    0.00    0.00    0.00    0.00    0.00
04:29:39 AM    4    0.00    0.00    0.00    0.00    0.00    0.00    0.00    0.00    0.00  100.00
04:29:39 AM    5    0.00    0.00    0.00    0.00    0.00    0.00    0.00    0.00    0.00  100.00
04:29:39 AM    6    0.00    0.00    0.00    0.00    0.00    0.00    0.00    0.00    0.00  100.00
04:29:39 AM    7    0.00    0.00    0.00    0.00    0.00    0.00    0.00    0.00    0.00  100.00

04:29:39 AM  CPU    %usr   %nice    %sys %iowait    %irq   %soft  %steal  %guest  %gnice   %idle
04:29:40 AM  all    0.25    0.00   29.40    0.00    0.38    0.25    0.00    0.00    0.00   69.72
04:29:40 AM    0    1.03    0.00   65.98    0.00    1.03    0.00    0.00    0.00    0.00   31.96
04:29:40 AM    1    1.02    0.00   71.43    0.00    1.02    0.00    0.00    0.00    0.00   26.53
04:29:40 AM    2    0.00    0.00    0.00    0.00    0.99    1.98    0.00    0.00    0.00   97.03
04:29:40 AM    3    0.00    0.00  100.00    0.00    0.00    0.00    0.00    0.00    0.00    0.00
04:29:40 AM    4    0.00    0.00    0.00    0.00    0.00    0.00    0.00    0.00    0.00  100.00
04:29:40 AM    5    0.00    0.00    0.00    0.00    0.00    0.00    0.00    0.00    0.00  100.00
04:29:40 AM    6    0.00    0.00    0.00    0.00    0.00    0.00    0.00    0.00    0.00  100.00
04:29:40 AM    7    0.00    0.00    0.00    0.00    0.00    0.00    0.00    0.00    0.00  100.00

04:29:40 AM  CPU    %usr   %nice    %sys %iowait    %irq   %soft  %steal  %guest  %gnice   %idle
04:29:41 AM  all    0.25    0.00   30.34    0.00    0.00    0.37    0.00    0.00    0.00   69.04
04:29:41 AM    0    0.99    0.00   70.30    0.00    0.00    0.99    0.00    0.00    0.00   27.72
04:29:41 AM    1    1.00    0.00   72.00    0.00    0.00    0.00    0.00    0.00    0.00   27.00
04:29:41 AM    2    0.00    0.00    0.00    0.00    0.00    2.00    0.00    0.00    0.00   98.00
04:29:41 AM    3    0.00    0.00  100.00    0.00    0.00    0.00    0.00    0.00    0.00    0.00
04:29:41 AM    4    0.00    0.00    0.00    0.00    0.00    0.00    0.00    0.00    0.00  100.00
04:29:41 AM    5    0.00    0.00    0.00    0.00    0.00    0.00    0.00    0.00    0.00  100.00
04:29:41 AM    6    0.00    0.00    0.00    0.00    0.00    0.00    0.00    0.00    0.00  100.00
04:29:41 AM    7    0.00    0.00    0.00    0.00    0.00    0.00    0.00    0.00    0.00  100.00

04:29:41 AM  CPU    %usr   %nice    %sys %iowait    %irq   %soft  %steal  %guest  %gnice   %idle
04:29:42 AM  all    0.25    0.00   29.15    0.00    0.00    0.38    0.00    0.00    0.00   70.23
04:29:42 AM    0    1.03    0.00   65.98    0.00    0.00    0.00    0.00    0.00    0.00   32.99
04:29:42 AM    1    1.01    0.00   68.69    0.00    0.00    0.00    0.00    0.00    0.00   30.30
04:29:42 AM    2    0.00    0.00    0.00    0.00    0.00    2.00    0.00    0.00    0.00   98.00
04:29:42 AM    3    0.00    0.00  100.00    0.00    0.00    0.00    0.00    0.00    0.00    0.00
04:29:42 AM    4    0.00    0.00    0.00    0.00    0.00    0.00    0.00    0.00    0.00  100.00
04:29:42 AM    5    0.00    0.00    0.00    0.00    0.00    1.00    0.00    0.00    0.00   99.00
04:29:42 AM    6    0.00    0.00    0.00    0.00    0.00    0.00    0.00    0.00    0.00  100.00
04:29:42 AM    7    0.00    0.00    0.00    0.00    0.00    0.00    0.00    0.00    0.00  100.00

04:29:42 AM  CPU    %usr   %nice    %sys %iowait    %irq   %soft  %steal  %guest  %gnice   %idle
04:29:43 AM  all    0.38    0.00   29.40    0.00    0.13    0.38    0.00    0.00    0.00   69.72
04:29:43 AM    0    1.01    0.00   67.68    0.00    1.01    0.00    0.00    0.00    0.00   30.30
04:29:43 AM    1    2.04    0.00   68.37    0.00    0.00    1.02    0.00    0.00    0.00   28.57
04:29:43 AM    2    0.00    0.00    0.00    0.00    0.00    2.02    0.00    0.00    0.00   97.98
04:29:43 AM    3    0.00    0.00  100.00    0.00    0.00    0.00    0.00    0.00    0.00    0.00
04:29:43 AM    4    0.00    0.00    0.00    0.00    0.00    0.00    0.00    0.00    0.00  100.00
04:29:43 AM    5    0.00    0.00    0.00    0.00    0.00    0.00    0.00    0.00    0.00  100.00
04:29:43 AM    6    0.00    0.00    0.00    0.00    0.00    0.00    0.00    0.00    0.00  100.00
04:29:43 AM    7    0.00    0.00    0.00    0.00    0.00    0.00    0.00    0.00    0.00  100.00

04:29:43 AM  CPU    %usr   %nice    %sys %iowait    %irq   %soft  %steal  %guest  %gnice   %idle
04:29:44 AM  all    0.25    0.00   28.86    0.00    0.13    0.13    0.00    0.00    0.00   70.64
04:29:44 AM    0    1.01    0.00   67.68    0.00    0.00    0.00    0.00    0.00    0.00   31.31
04:29:44 AM    1    1.00    0.00   63.00    0.00    1.00    0.00    0.00    0.00    0.00   35.00
04:29:44 AM    2    0.00    0.00    0.00    0.00    0.00    1.01    0.00    0.00    0.00   98.99
04:29:44 AM    3    0.00    0.00  100.00    0.00    0.00    0.00    0.00    0.00    0.00    0.00
04:29:44 AM    4    0.00    0.00    0.00    0.00    0.00    0.00    0.00    0.00    0.00  100.00
04:29:44 AM    5    0.00    0.00    0.00    0.00    0.00    0.00    0.00    0.00    0.00  100.00
04:29:44 AM    6    0.00    0.00    0.00    0.00    0.00    0.00    0.00    0.00    0.00  100.00
04:29:44 AM    7    0.00    0.00    0.00    0.00    0.00    0.00    0.00    0.00    0.00  100.00

04:29:44 AM  CPU    %usr   %nice    %sys %iowait    %irq   %soft  %steal  %guest  %gnice   %idle
04:29:45 AM  all    0.38    0.00   29.06    0.00    0.13    0.25    0.00    0.00    0.00   70.19
04:29:45 AM    0    2.11    0.00   66.32    0.00    0.00    0.00    0.00    0.00    0.00   31.58
04:29:45 AM    1    1.01    0.00   68.69    0.00    0.00    0.00    0.00    0.00    0.00   30.30
04:29:45 AM    2    0.00    0.00    0.00    0.00    0.99    1.98    0.00    0.00    0.00   97.03
04:29:45 AM    3    0.00    0.00  100.00    0.00    0.00    0.00    0.00    0.00    0.00    0.00
04:29:45 AM    4    0.00    0.00    0.00    0.00    0.00    0.00    0.00    0.00    0.00  100.00
04:29:45 AM    5    0.00    0.00    0.00    0.00    0.00    0.00    0.00    0.00    0.00  100.00
04:29:45 AM    6    0.00    0.00    0.00    0.00    0.00    0.00    0.00    0.00    0.00  100.00
04:29:45 AM    7    0.00    0.00    0.00    0.00    0.00    0.00    0.00    0.00    0.00  100.00

04:29:45 AM  CPU    %usr   %nice    %sys %iowait    %irq   %soft  %steal  %guest  %gnice   %idle
04:29:46 AM  all    0.38    0.00   28.66    0.00    0.13    0.50    0.00    0.00    0.00   70.34
04:29:46 AM    0    1.00    0.00   64.00    0.00    1.00    1.00    0.00    0.00    0.00   33.00
04:29:46 AM    1    2.02    0.00   65.66    0.00    0.00    0.00    0.00    0.00    0.00   32.32
04:29:46 AM    2    0.00    0.00    0.00    0.00    0.00    2.02    0.00    0.00    0.00   97.98
04:29:46 AM    3    0.00    0.00  100.00    0.00    0.00    0.00    0.00    0.00    0.00    0.00
04:29:46 AM    4    0.00    0.00    0.00    0.00    0.00    0.00    0.00    0.00    0.00  100.00
04:29:46 AM    5    0.00    0.00    0.00    0.00    0.00    0.99    0.00    0.00    0.00   99.01
04:29:46 AM    6    0.00    0.00    0.00    0.00    0.00    0.00    0.00    0.00    0.00  100.00
04:29:46 AM    7    0.00    0.00    0.00    0.00    0.00    0.00    0.00    0.00    0.00  100.00

04:29:46 AM  CPU    %usr   %nice    %sys %iowait    %irq   %soft  %steal  %guest  %gnice   %idle
04:29:47 AM  all    0.25    0.00   29.35    0.00    0.13    0.25    0.00    0.00    0.00   70.03
04:29:47 AM    0    0.00    0.00   67.71    0.00    0.00    0.00    0.00    0.00    0.00   32.29
04:29:47 AM    1    2.02    0.00   68.69    0.00    1.01    0.00    0.00    0.00    0.00   28.28
04:29:47 AM    2    0.00    0.00    0.00    0.00    0.00    2.00    0.00    0.00    0.00   98.00
04:29:47 AM    3    0.00    0.00  100.00    0.00    0.00    0.00    0.00    0.00    0.00    0.00
04:29:47 AM    4    0.00    0.00    0.00    0.00    0.00    0.00    0.00    0.00    0.00  100.00
04:29:47 AM    5    0.00    0.00    0.00    0.00    0.00    0.00    0.00    0.00    0.00  100.00
04:29:47 AM    6    0.00    0.00    0.00    0.00    0.00    0.00    0.00    0.00    0.00  100.00
04:29:47 AM    7    0.00    0.00    0.00    0.00    0.00    0.00    0.00    0.00    0.00  100.00

04:29:47 AM  CPU    %usr   %nice    %sys %iowait    %irq   %soft  %steal  %guest  %gnice   %idle
04:29:48 AM  all    0.50    0.00   30.45    0.00    0.00    0.25    0.00    0.00    0.00   68.80
04:29:48 AM    0    2.00    0.00   72.00    0.00    0.00    0.00    0.00    0.00    0.00   26.00
04:29:48 AM    1    2.04    0.00   72.45    0.00    0.00    0.00    0.00    0.00    0.00   25.51
04:29:48 AM    2    0.00    0.00    0.00    0.00    0.00    2.00    0.00    0.00    0.00   98.00
04:29:48 AM    3    0.00    0.00  100.00    0.00    0.00    0.00    0.00    0.00    0.00    0.00
04:29:48 AM    4    0.00    0.00    0.00    0.00    0.00    0.00    0.00    0.00    0.00  100.00
04:29:48 AM    5    0.00    0.00    0.00    0.00    0.00    0.00    0.00    0.00    0.00  100.00
04:29:48 AM    6    0.00    0.00    0.00    0.00    0.00    0.00    0.00    0.00    0.00  100.00
04:29:48 AM    7    0.00    0.00    0.00    0.00    0.00    0.00    0.00    0.00    0.00  100.00

04:29:48 AM  CPU    %usr   %nice    %sys %iowait    %irq   %soft  %steal  %guest  %gnice   %idle
04:29:49 AM  all    0.13    0.00   30.59    0.00    0.25    0.25    0.00    0.00    0.00   68.77
04:29:49 AM    0    1.03    0.00   73.20    0.00    1.03    0.00    0.00    0.00    0.00   24.74
04:29:49 AM    1    0.00    0.00   74.74    0.00    0.00    0.00    0.00    0.00    0.00   25.26
04:29:49 AM    2    0.00    0.00    0.00    0.00    1.00    2.00    0.00    0.00    0.00   97.00
04:29:49 AM    3    0.00    0.00  100.00    0.00    0.00    0.00    0.00    0.00    0.00    0.00
04:29:49 AM    4    0.00    0.00    0.00    0.00    0.00    0.00    0.00    0.00    0.00  100.00
04:29:49 AM    5    0.00    0.00    0.00    0.00    0.00    0.00    0.00    0.00    0.00  100.00
04:29:49 AM    6    0.00    0.00    0.00    0.00    0.00    0.00    0.00    0.00    0.00  100.00
04:29:49 AM    7    0.00    0.00    0.00    0.00    0.00    0.00    0.00    0.00    0.00  100.00

04:29:49 AM  CPU    %usr   %nice    %sys %iowait    %irq   %soft  %steal  %guest  %gnice   %idle
04:29:50 AM  all    0.50    0.00   28.75    0.00    0.00    0.38    0.00    0.00    0.00   70.38
04:29:50 AM    0    2.02    0.00   65.66    0.00    0.00    0.00    0.00    0.00    0.00   32.32
04:29:50 AM    1    2.00    0.00   65.00    0.00    0.00    0.00    0.00    0.00    0.00   33.00
04:29:50 AM    2    0.00    0.00    0.00    0.00    0.00    2.00    0.00    0.00    0.00   98.00
04:29:50 AM    3    0.00    0.00  100.00    0.00    0.00    0.00    0.00    0.00    0.00    0.00
04:29:50 AM    4    0.00    0.00    0.00    0.00    0.00    0.00    0.00    0.00    0.00  100.00
04:29:50 AM    5    0.00    0.00    0.00    0.00    0.00    0.99    0.00    0.00    0.00   99.01
04:29:50 AM    6    0.00    0.00    0.00    0.00    0.00    0.00    0.00    0.00    0.00  100.00
04:29:50 AM    7    0.00    0.00    0.00    0.00    0.00    0.00    0.00    0.00    0.00  100.00

04:29:50 AM  CPU    %usr   %nice    %sys %iowait    %irq   %soft  %steal  %guest  %gnice   %idle
04:29:51 AM  all    0.25    0.00   28.98    0.00    0.25    0.25    0.00    0.00    0.00   70.26
04:29:51 AM    0    1.03    0.00   69.07    0.00    0.00    0.00    0.00    0.00    0.00   29.90
04:29:51 AM    1    1.01    0.00   64.65    0.00    1.01    0.00    0.00    0.00    0.00   33.33
04:29:51 AM    2    0.00    0.00    0.00    0.00    0.00    2.00    0.00    0.00    0.00   98.00
04:29:51 AM    3    0.00    0.00  100.00    0.00    0.00    0.00    0.00    0.00    0.00    0.00
04:29:51 AM    4    0.00    0.00    0.00    0.00    0.00    0.00    0.00    0.00    0.00  100.00
04:29:51 AM    5    0.00    0.00    0.00    0.00    0.99    0.00    0.00    0.00    0.00   99.01
04:29:51 AM    6    0.00    0.00    0.00    0.00    0.00    0.00    0.00    0.00    0.00  100.00
04:29:51 AM    7    0.00    0.00    0.00    0.00    0.00    0.00    0.00    0.00    0.00  100.00

04:29:51 AM  CPU    %usr   %nice    %sys %iowait    %irq   %soft  %steal  %guest  %gnice   %idle
04:29:52 AM  all    0.38    0.00   29.77    0.00    0.13    0.38    0.00    0.00    0.00   69.35
04:29:52 AM    0    1.01    0.00   66.67    0.00    1.01    1.01    0.00    0.00    0.00   30.30
04:29:52 AM    1    2.00    0.00   71.00    0.00    0.00    1.00    0.00    0.00    0.00   26.00
04:29:52 AM    2    0.00    0.00    0.00    0.00    0.00    1.02    0.00    0.00    0.00   98.98
04:29:52 AM    3    0.00    0.00  100.00    0.00    0.00    0.00    0.00    0.00    0.00    0.00
04:29:52 AM    4    0.00    0.00    0.00    0.00    0.00    0.00    0.00    0.00    0.00  100.00
04:29:52 AM    5    0.00    0.00    0.00    0.00    0.00    0.00    0.00    0.00    0.00  100.00
04:29:52 AM    6    0.00    0.00    0.00    0.00    0.00    0.00    0.00    0.00    0.00  100.00
04:29:52 AM    7    0.00    0.00    0.00    0.00    0.00    0.00    0.00    0.00    0.00  100.00

04:29:52 AM  CPU    %usr   %nice    %sys %iowait    %irq   %soft  %steal  %guest  %gnice   %idle
04:29:53 AM  all    0.25    0.00   29.99    0.00    0.13    0.25    0.00    0.00    0.00   69.39
04:29:53 AM    0    1.04    0.00   69.79    0.00    0.00    0.00    0.00    0.00    0.00   29.17
04:29:53 AM    1    1.00    0.00   72.00    0.00    0.00    0.00    0.00    0.00    0.00   27.00
04:29:53 AM    2    0.00    0.00    0.00    0.00    0.99    1.98    0.00    0.00    0.00   97.03
04:29:53 AM    3    0.00    0.00  100.00    0.00    0.00    0.00    0.00    0.00    0.00    0.00
04:29:53 AM    4    0.00    0.00    0.00    0.00    0.00    0.00    0.00    0.00    0.00  100.00
04:29:53 AM    5    0.00    0.00    0.00    0.00    0.00    0.00    0.00    0.00    0.00  100.00
04:29:53 AM    6    0.00    0.00    0.00    0.00    0.00    0.00    0.00    0.00    0.00  100.00
04:29:53 AM    7    0.00    0.00    0.00    0.00    0.00    0.00    0.00    0.00    0.00  100.00

04:29:53 AM  CPU    %usr   %nice    %sys %iowait    %irq   %soft  %steal  %guest  %gnice   %idle
04:29:54 AM  all    0.38    0.00   29.66    0.00    0.13    0.38    0.00    0.00    0.00   69.46
04:29:54 AM    0    2.02    0.00   69.70    0.00    0.00    0.00    0.00    0.00    0.00   28.28
04:29:54 AM    1    1.00    0.00   68.00    0.00    1.00    0.00    0.00    0.00    0.00   30.00
04:29:54 AM    2    0.00    0.00    0.00    0.00    0.00    2.00    0.00    0.00    0.00   98.00
04:29:54 AM    3    0.00    0.00  100.00    0.00    0.00    0.00    0.00    0.00    0.00    0.00
04:29:54 AM    4    0.00    0.00    0.00    0.00    0.00    0.00    0.00    0.00    0.00  100.00
04:29:54 AM    5    0.00    0.00    0.00    0.00    0.00    1.00    0.00    0.00    0.00   99.00
04:29:54 AM    6    0.00    0.00    0.00    0.00    0.00    0.00    0.00    0.00    0.00  100.00
04:29:54 AM    7    0.00    0.00    0.00    0.00    0.00    0.00    0.00    0.00    0.00  100.00

04:29:54 AM  CPU    %usr   %nice    %sys %iowait    %irq   %soft  %steal  %guest  %gnice   %idle
04:29:55 AM  all    0.25    0.00   29.82    0.00    0.13    0.25    0.00    0.00    0.00   69.55
04:29:55 AM    0    1.01    0.00   68.69    0.00    1.01    0.00    0.00    0.00    0.00   29.29
04:29:55 AM    1    1.01    0.00   70.71    0.00    0.00    0.00    0.00    0.00    0.00   28.28
04:29:55 AM    2    0.00    0.00    0.00    0.00    0.00    2.00    0.00    0.00    0.00   98.00
04:29:55 AM    3    0.00    0.00  100.00    0.00    0.00    0.00    0.00    0.00    0.00    0.00
04:29:55 AM    4    0.00    0.00    0.00    0.00    0.00    0.00    0.00    0.00    0.00  100.00
04:29:55 AM    5    0.00    0.00    0.00    0.00    0.00    0.00    0.00    0.00    0.00  100.00
04:29:55 AM    6    0.00    0.00    0.00    0.00    0.00    0.00    0.00    0.00    0.00  100.00
04:29:55 AM    7    0.00    0.00    0.00    0.00    0.00    0.00    0.00    0.00    0.00  100.00

04:29:55 AM  CPU    %usr   %nice    %sys %iowait    %irq   %soft  %steal  %guest  %gnice   %idle
04:29:56 AM  all    0.25    0.00   29.97    0.00    0.00    0.25    0.00    0.00    0.00   69.52
04:29:56 AM    0    1.04    0.00   67.71    0.00    0.00    0.00    0.00    0.00    0.00   31.25
04:29:56 AM    1    1.00    0.00   73.00    0.00    0.00    0.00    0.00    0.00    0.00   26.00
04:29:56 AM    2    0.00    0.00    0.00    0.00    0.00    2.02    0.00    0.00    0.00   97.98
04:29:56 AM    3    0.00    0.00  100.00    0.00    0.00    0.00    0.00    0.00    0.00    0.00
04:29:56 AM    4    0.00    0.00    0.00    0.00    0.00    0.00    0.00    0.00    0.00  100.00
04:29:56 AM    5    0.00    0.00    0.00    0.00    0.00    0.00    0.00    0.00    0.00  100.00
04:29:56 AM    6    0.00    0.00    0.00    0.00    0.00    0.00    0.00    0.00    0.00  100.00
04:29:56 AM    7    0.00    0.00    0.00    0.00    0.00    0.00    0.00    0.00    0.00  100.00

04:29:56 AM  CPU    %usr   %nice    %sys %iowait    %irq   %soft  %steal  %guest  %gnice   %idle
04:29:57 AM  all    0.38    0.00   29.31    0.00    0.00    0.38    0.00    0.00    0.00   69.94
04:29:57 AM    0    2.04    0.00   67.35    0.00    0.00    1.02    0.00    0.00    0.00   29.59
04:29:57 AM    1    1.03    0.00   69.07    0.00    0.00    0.00    0.00    0.00    0.00   29.90
04:29:57 AM    2    0.00    0.00    0.00    0.00    0.00    2.00    0.00    0.00    0.00   98.00
04:29:57 AM    3    0.00    0.00  100.00    0.00    0.00    0.00    0.00    0.00    0.00    0.00
04:29:57 AM    4    0.00    0.00    0.00    0.00    0.00    0.00    0.00    0.00    0.00  100.00
04:29:57 AM    5    0.00    0.00    0.00    0.00    0.00    0.00    0.00    0.00    0.00  100.00
04:29:57 AM    6    0.00    0.00    0.00    0.00    0.00    0.00    0.00    0.00    0.00  100.00
04:29:57 AM    7    0.00    0.00    0.00    0.00    0.00    0.00    0.00    0.00    0.00  100.00

04:29:57 AM  CPU    %usr   %nice    %sys %iowait    %irq   %soft  %steal  %guest  %gnice   %idle
04:29:58 AM  all    0.25    0.00   30.16    0.00    0.38    0.38    0.00    0.00    0.00   68.84
04:29:58 AM    0    1.01    0.00   72.73    0.00    1.01    0.00    0.00    0.00    0.00   25.25
04:29:58 AM    1    1.01    0.00   69.70    0.00    1.01    0.00    0.00    0.00    0.00   28.28
04:29:58 AM    2    0.00    0.00    0.00    0.00    0.99    1.98    0.00    0.00    0.00   97.03
04:29:58 AM    3    0.00    0.00  100.00    0.00    0.00    0.00    0.00    0.00    0.00    0.00
04:29:58 AM    4    0.00    0.00    0.00    0.00    0.00    0.00    0.00    0.00    0.00  100.00
04:29:58 AM    5    0.00    0.00    0.00    0.00    0.00    1.00    0.00    0.00    0.00   99.00
04:29:58 AM    6    0.00    0.00    0.00    0.00    0.00    0.00    0.00    0.00    0.00  100.00
04:29:58 AM    7    0.00    0.00    0.00    0.00    0.00    0.00    0.00    0.00    0.00  100.00

04:29:58 AM  CPU    %usr   %nice    %sys %iowait    %irq   %soft  %steal  %guest  %gnice   %idle
04:29:59 AM  all    0.50    0.00   30.01    0.00    0.00    0.13    0.00    0.00    0.00   69.36
04:29:59 AM    0    1.03    0.00   71.13    0.00    0.00    0.00    0.00    0.00    0.00   27.84
04:29:59 AM    1    3.06    0.00   70.41    0.00    0.00    0.00    0.00    0.00    0.00   26.53
04:29:59 AM    2    0.00    0.00    0.00    0.00    0.00    1.02    0.00    0.00    0.00   98.98
04:29:59 AM    3    0.00    0.00  100.00    0.00    0.00    0.00    0.00    0.00    0.00    0.00
04:29:59 AM    4    0.00    0.00    0.00    0.00    0.00    0.00    0.00    0.00    0.00  100.00
04:29:59 AM    5    0.00    0.00    0.00    0.00    0.00    0.00    0.00    0.00    0.00  100.00
04:29:59 AM    6    0.00    0.00    0.00    0.00    0.00    0.00    0.00    0.00    0.00  100.00
04:29:59 AM    7    0.00    0.00    0.00    0.00    0.00    0.00    0.00    0.00    0.00  100.00

04:29:59 AM  CPU    %usr   %nice    %sys %iowait    %irq   %soft  %steal  %guest  %gnice   %idle
04:30:00 AM  all    0.38    0.00   29.81    0.00    0.00    0.38    0.00    0.00    0.00   69.43
04:30:00 AM    0    2.08    0.00   69.79    0.00    0.00    0.00    0.00    0.00    0.00   28.12
04:30:00 AM    1    1.01    0.00   70.71    0.00    0.00    1.01    0.00    0.00    0.00   27.27
04:30:00 AM    2    0.00    0.00    0.00    0.00    0.00    2.00    0.00    0.00    0.00   98.00
04:30:00 AM    3    0.00    0.00  100.00    0.00    0.00    0.00    0.00    0.00    0.00    0.00
04:30:00 AM    4    0.00    0.00    0.00    0.00    0.00    0.00    0.00    0.00    0.00  100.00
04:30:00 AM    5    0.00    0.00    0.00    0.00    0.00    0.00    0.00    0.00    0.00  100.00
04:30:00 AM    6    0.00    0.00    0.00    0.00    0.00    0.00    0.00    0.00    0.00  100.00
04:30:00 AM    7    0.00    0.00    0.00    0.00    0.00    0.00    0.00    0.00    0.00  100.00

04:30:00 AM  CPU    %usr   %nice    %sys %iowait    %irq   %soft  %steal  %guest  %gnice   %idle
04:30:01 AM  all    0.25    0.00   30.16    0.00    0.25    0.25    0.00    0.00    0.00   69.09
04:30:01 AM    0    1.00    0.00   74.00    0.00    1.00    0.00    0.00    0.00    0.00   24.00
04:30:01 AM    1    1.00    0.00   67.00    0.00    1.00    0.00    0.00    0.00    0.00   31.00
04:30:01 AM    2    0.00    0.00    0.00    0.00    0.00    2.00    0.00    0.00    0.00   98.00
04:30:01 AM    3    0.00    0.00  100.00    0.00    0.00    0.00    0.00    0.00    0.00    0.00
04:30:01 AM    4    0.00    0.00    0.00    0.00    0.00    0.00    0.00    0.00    0.00  100.00
04:30:01 AM    5    0.00    0.00    0.00    0.00    0.00    0.00    0.00    0.00    0.00  100.00
04:30:01 AM    6    0.00    0.00    0.00    0.00    0.00    0.00    0.00    0.00    0.00  100.00
04:30:01 AM    7    0.00    0.00    0.00    0.00    0.00    0.00    0.00    0.00    0.00  100.00

04:30:01 AM  CPU    %usr   %nice    %sys %iowait    %irq   %soft  %steal  %guest  %gnice   %idle
04:30:02 AM  all    0.25    0.00   29.21    0.00    0.25    0.50    0.00    0.00    0.00   69.79
04:30:02 AM    0    1.02    0.00   64.29    0.00    0.00    1.02    0.00    0.00    0.00   33.67
04:30:02 AM    1    1.00    0.00   71.00    0.00    0.00    0.00    0.00    0.00    0.00   28.00
04:30:02 AM    2    0.00    0.00    0.00    0.00    0.99    1.98    0.00    0.00    0.00   97.03
04:30:02 AM    3    0.00    0.00  100.00    0.00    0.00    0.00    0.00    0.00    0.00    0.00
04:30:02 AM    4    0.00    0.00    0.00    0.00    0.00    0.00    0.00    0.00    0.00  100.00
04:30:02 AM    5    0.00    0.00    0.00    0.00    0.98    0.98    0.00    0.00    0.00   98.04
04:30:02 AM    6    0.00    0.00    0.00    0.00    0.00    0.00    0.00    0.00    0.00  100.00
04:30:02 AM    7    0.00    0.00    0.00    0.00    0.00    0.00    0.00    0.00    0.00  100.00

04:30:02 AM  CPU    %usr   %nice    %sys %iowait    %irq   %soft  %steal  %guest  %gnice   %idle
04:30:03 AM  all    0.38    0.00   29.31    0.00    0.00    0.25    0.00    0.00    0.00   70.06
04:30:03 AM    0    1.02    0.00   64.29    0.00    0.00    0.00    0.00    0.00    0.00   34.69
04:30:03 AM    1    2.02    0.00   70.71    0.00    0.00    0.00    0.00    0.00    0.00   27.27
04:30:03 AM    2    0.00    0.00    0.00    0.00    0.00    2.02    0.00    0.00    0.00   97.98
04:30:03 AM    3    0.00    0.00  100.00    0.00    0.00    0.00    0.00    0.00    0.00    0.00
04:30:03 AM    4    0.00    0.00    0.00    0.00    0.00    0.00    0.00    0.00    0.00  100.00
04:30:03 AM    5    0.00    0.00    0.00    0.00    0.00    0.00    0.00    0.00    0.00  100.00
04:30:03 AM    6    0.00    0.00    0.00    0.00    0.00    0.00    0.00    0.00    0.00  100.00
04:30:03 AM    7    0.00    0.00    0.00    0.00    0.00    0.00    0.00    0.00    0.00  100.00

04:30:03 AM  CPU    %usr   %nice    %sys %iowait    %irq   %soft  %steal  %guest  %gnice   %idle
04:30:04 AM  all    0.25    0.00   29.90    0.00    0.13    0.25    0.00    0.00    0.00   69.47
04:30:04 AM    0    1.02    0.00   68.37    0.00    1.02    0.00    0.00    0.00    0.00   29.59
04:30:04 AM    1    1.02    0.00   72.45    0.00    0.00    0.00    0.00    0.00    0.00   26.53
04:30:04 AM    2    0.00    0.00    0.00    0.00    0.00    2.00    0.00    0.00    0.00   98.00
04:30:04 AM    3    0.00    0.00  100.00    0.00    0.00    0.00    0.00    0.00    0.00    0.00
04:30:04 AM    4    0.00    0.00    0.00    0.00    0.00    0.00    0.00    0.00    0.00  100.00
04:30:04 AM    5    0.00    0.00    0.00    0.00    0.00    0.00    0.00    0.00    0.00  100.00
04:30:04 AM    6    0.00    0.00    0.00    0.00    0.00    0.00    0.00    0.00    0.00  100.00
04:30:04 AM    7    0.00    0.00    0.00    0.00    0.00    0.00    0.00    0.00    0.00  100.00

04:30:04 AM  CPU    %usr   %nice    %sys %iowait    %irq   %soft  %steal  %guest  %gnice   %idle
04:30:05 AM  all    0.38    0.00   29.26    0.00    0.13    0.25    0.00    0.00    0.00   69.99
04:30:05 AM    0    2.00    0.00   72.00    0.00    0.00    0.00    0.00    0.00    0.00   26.00
04:30:05 AM    1    1.06    0.00   63.83    0.00    1.06    0.00    0.00    0.00    0.00   34.04
04:30:05 AM    2    0.00    0.00    0.00    0.00    0.00    2.00    0.00    0.00    0.00   98.00
04:30:05 AM    3    0.00    0.00  100.00    0.00    0.00    0.00    0.00    0.00    0.00    0.00
04:30:05 AM    4    0.00    0.00    0.00    0.00    0.00    0.00    0.00    0.00    0.00  100.00
04:30:05 AM    5    0.00    0.00    0.00    0.00    0.00    0.00    0.00    0.00    0.00  100.00
04:30:05 AM    6    0.00    0.00    0.00    0.00    0.00    0.00    0.00    0.00    0.00  100.00
04:30:05 AM    7    0.00    0.00    0.00    0.00    0.00    0.00    0.00    0.00    0.00  100.00

04:30:05 AM  CPU    %usr   %nice    %sys %iowait    %irq   %soft  %steal  %guest  %gnice   %idle
04:30:06 AM  all    0.50    0.00   29.82    0.00    0.13    0.25    0.00    0.00    0.00   69.30
04:30:06 AM    0    2.02    0.00   69.70    0.00    0.00    0.00    0.00    0.00    0.00   28.28
04:30:06 AM    1    2.02    0.00   69.70    0.00    0.00    0.00    0.00    0.00    0.00   28.28
04:30:06 AM    2    0.00    0.00    0.00    0.00    1.01    1.01    0.00    0.00    0.00   97.98
04:30:06 AM    3    0.00    0.00  100.00    0.00    0.00    0.00    0.00    0.00    0.00    0.00
04:30:06 AM    4    0.00    0.00    0.00    0.00    0.00    0.00    0.00    0.00    0.00  100.00
04:30:06 AM    5    0.00    0.00    0.00    0.00    0.00    0.99    0.00    0.00    0.00   99.01
04:30:06 AM    6    0.00    0.00    0.00    0.00    0.00    0.00    0.00    0.00    0.00  100.00
04:30:06 AM    7    0.00    0.00    0.00    0.00    0.00    0.00    0.00    0.00    0.00  100.00

04:30:06 AM  CPU    %usr   %nice    %sys %iowait    %irq   %soft  %steal  %guest  %gnice   %idle
04:30:07 AM  all    0.25    0.00   28.93    0.00    0.13    0.38    0.00    0.00    0.00   70.31
04:30:07 AM    0    1.03    0.00   64.95    0.00    1.03    1.03    0.00    0.00    0.00   31.96
04:30:07 AM    1    1.02    0.00   68.37    0.00    0.00    0.00    0.00    0.00    0.00   30.61
04:30:07 AM    2    0.00    0.00    0.00    0.00    0.00    2.00    0.00    0.00    0.00   98.00
04:30:07 AM    3    0.00    0.00  100.00    0.00    0.00    0.00    0.00    0.00    0.00    0.00
04:30:07 AM    4    0.00    0.00    0.00    0.00    0.00    0.00    0.00    0.00    0.00  100.00
04:30:07 AM    5    0.00    0.00    0.00    0.00    0.00    0.00    0.00    0.00    0.00  100.00
04:30:07 AM    6    0.00    0.00    0.00    0.00    0.00    0.00    0.00    0.00    0.00  100.00
04:30:07 AM    7    0.00    0.00    0.00    0.00    0.00    0.00    0.00    0.00    0.00  100.00

04:30:07 AM  CPU    %usr   %nice    %sys %iowait    %irq   %soft  %steal  %guest  %gnice   %idle
04:30:08 AM  all    0.25    0.00   28.34    0.00    0.13    0.25    0.00    0.00    0.00   71.03
04:30:08 AM    0    1.03    0.00   67.01    0.00    0.00    0.00    0.00    0.00    0.00   31.96
04:30:08 AM    1    1.02    0.00   61.22    0.00    1.02    0.00    0.00    0.00    0.00   36.73
04:30:08 AM    2    0.00    0.00    0.00    0.00    0.00    2.00    0.00    0.00    0.00   98.00
04:30:08 AM    3    0.00    0.00  100.00    0.00    0.00    0.00    0.00    0.00    0.00    0.00
04:30:08 AM    4    0.00    0.00    0.00    0.00    0.00    0.00    0.00    0.00    0.00  100.00
04:30:08 AM    5    0.00    0.00    0.00    0.00    0.00    0.00    0.00    0.00    0.00  100.00
04:30:08 AM    6    0.00    0.00    0.00    0.00    0.00    0.00    0.00    0.00    0.00  100.00
04:30:08 AM    7    0.00    0.00    0.00    0.00    0.00    0.00    0.00    0.00    0.00  100.00

04:30:08 AM  CPU    %usr   %nice    %sys %iowait    %irq   %soft  %steal  %guest  %gnice   %idle
04:30:09 AM  all    0.38    0.00   28.86    0.13    0.00    0.25    0.00    0.00    0.00   70.39
04:30:09 AM    0    2.04    0.00   62.24    1.02    0.00    0.00    0.00    0.00    0.00   34.69
04:30:09 AM    1    1.01    0.00   69.70    0.00    0.00    0.00    0.00    0.00    0.00   29.29
04:30:09 AM    2    0.00    0.00    0.00    0.00    0.00    2.00    0.00    0.00    0.00   98.00
04:30:09 AM    3    0.00    0.00  100.00    0.00    0.00    0.00    0.00    0.00    0.00    0.00
04:30:09 AM    4    0.00    0.00    0.00    0.00    0.00    0.00    0.00    0.00    0.00  100.00
04:30:09 AM    5    0.00    0.00    0.00    0.00    0.00    0.00    0.00    0.00    0.00  100.00
04:30:09 AM    6    0.00    0.00    0.00    0.00    0.00    0.00    0.00    0.00    0.00  100.00
04:30:09 AM    7    0.00    0.00    0.00    0.00    0.00    0.00    0.00    0.00    0.00  100.00

04:30:09 AM  CPU    %usr   %nice    %sys %iowait    %irq   %soft  %steal  %guest  %gnice   %idle
04:30:10 AM  all    0.25    0.00   28.82    0.00    0.13    0.50    0.00    0.00    0.00   70.30
04:30:10 AM    0    1.00    0.00   63.00    0.00    1.00    0.00    0.00    0.00    0.00   35.00
04:30:10 AM    1    1.01    0.00   67.68    0.00    0.00    1.01    0.00    0.00    0.00   30.30
04:30:10 AM    2    0.00    0.00    0.00    0.00    0.00    2.02    0.00    0.00    0.00   97.98
04:30:10 AM    3    0.00    0.00  100.00    0.00    0.00    0.00    0.00    0.00    0.00    0.00
04:30:10 AM    4    0.00    0.00    0.00    0.00    0.00    0.00    0.00    0.00    0.00  100.00
04:30:10 AM    5    0.00    0.00    0.00    0.00    0.00    1.00    0.00    0.00    0.00   99.00
04:30:10 AM    6    0.00    0.00    0.00    0.00    0.00    0.00    0.00    0.00    0.00  100.00
04:30:10 AM    7    0.00    0.00    0.00    0.00    0.00    0.00    0.00    0.00    0.00  100.00

04:30:10 AM  CPU    %usr   %nice    %sys %iowait    %irq   %soft  %steal  %guest  %gnice   %idle
04:30:11 AM  all    0.25    0.00   29.65    0.00    0.13    0.25    0.00    0.00    0.00   69.72
04:30:11 AM    0    1.02    0.00   69.39    0.00    0.00    0.00    0.00    0.00    0.00   29.59
04:30:11 AM    1    1.03    0.00   70.10    0.00    0.00    0.00    0.00    0.00    0.00   28.87
04:30:11 AM    2    0.00    0.00    0.00    0.00    0.99    1.98    0.00    0.00    0.00   97.03
04:30:11 AM    3    0.00    0.00  100.00    0.00    0.00    0.00    0.00    0.00    0.00    0.00
04:30:11 AM    4    0.00    0.00    0.00    0.00    0.00    0.00    0.00    0.00    0.00  100.00
04:30:11 AM    5    0.00    0.00    0.00    0.00    0.00    0.00    0.00    0.00    0.00  100.00
04:30:11 AM    6    0.00    0.00    0.00    0.00    0.00    0.00    0.00    0.00    0.00  100.00
04:30:11 AM    7    0.00    0.00    0.00    0.00    0.00    0.00    0.00    0.00    0.00  100.00

04:30:11 AM  CPU    %usr   %nice    %sys %iowait    %irq   %soft  %steal  %guest  %gnice   %idle
04:30:12 AM  all    0.25    0.00   29.40    0.00    0.13    0.13    0.00    0.00    0.00   70.10
04:30:12 AM    0    1.02    0.00   67.35    0.00    0.00    0.00    0.00    0.00    0.00   31.63
04:30:12 AM    1    1.01    0.00   68.69    0.00    1.01    0.00    0.00    0.00    0.00   29.29
04:30:12 AM    2    0.00    0.00    0.00    0.00    0.00    1.01    0.00    0.00    0.00   98.99
04:30:12 AM    3    0.00    0.00  100.00    0.00    0.00    0.00    0.00    0.00    0.00    0.00
04:30:12 AM    4    0.00    0.00    0.00    0.00    0.00    0.00    0.00    0.00    0.00  100.00
04:30:12 AM    5    0.00    0.00    0.00    0.00    0.00    0.00    0.00    0.00    0.00  100.00
04:30:12 AM    6    0.00    0.00    0.00    0.00    0.00    0.00    0.00    0.00    0.00  100.00
04:30:12 AM    7    0.00    0.00    0.00    0.00    0.00    0.00    0.00    0.00    0.00  100.00

04:30:12 AM  CPU    %usr   %nice    %sys %iowait    %irq   %soft  %steal  %guest  %gnice   %idle
04:30:13 AM  all    0.37    0.00   30.71    0.00    0.12    0.37    0.00    0.00    0.00   68.41
04:30:13 AM    0    0.99    0.00   70.30    0.00    0.99    0.99    0.00    0.00    0.00   26.73
04:30:13 AM    1    1.98    0.00   74.26    0.00    0.00    0.00    0.00    0.00    0.00   23.76
04:30:13 AM    2    0.00    0.00    0.00    0.00    0.00    2.00    0.00    0.00    0.00   98.00
04:30:13 AM    3    0.00    0.00  100.00    0.00    0.00    0.00    0.00    0.00    0.00    0.00
04:30:13 AM    4    0.00    0.00    0.00    0.00    0.00    0.00    0.00    0.00    0.00  100.00
04:30:13 AM    5    0.00    0.00    0.00    0.00    0.00    0.00    0.00    0.00    0.00  100.00
04:30:13 AM    6    0.00    0.00    0.00    0.00    0.00    0.00    0.00    0.00    0.00  100.00
04:30:13 AM    7    0.00    0.00    0.00    0.00    0.00    0.00    0.00    0.00    0.00  100.00

04:30:13 AM  CPU    %usr   %nice    %sys %iowait    %irq   %soft  %steal  %guest  %gnice   %idle
04:30:14 AM  all    0.25    0.00   29.15    0.00    0.00    0.38    0.00    0.00    0.00   70.23
04:30:14 AM    0    1.01    0.00   63.64    0.00    0.00    0.00    0.00    0.00    0.00   35.35
04:30:14 AM    1    1.03    0.00   71.13    0.00    0.00    0.00    0.00    0.00    0.00   27.84
04:30:14 AM    2    0.00    0.00    0.00    0.00    0.00    2.02    0.00    0.00    0.00   97.98
04:30:14 AM    3    0.00    0.00  100.00    0.00    0.00    0.00    0.00    0.00    0.00    0.00
04:30:14 AM    4    0.00    0.00    0.00    0.00    0.00    0.00    0.00    0.00    0.00  100.00
04:30:14 AM    5    0.00    0.00    0.00    0.00    0.00    0.99    0.00    0.00    0.00   99.01
04:30:14 AM    6    0.00    0.00    0.00    0.00    0.00    0.00    0.00    0.00    0.00  100.00
04:30:14 AM    7    0.00    0.00    0.00    0.00    0.00    0.00    0.00    0.00    0.00  100.00

04:30:14 AM  CPU    %usr   %nice    %sys %iowait    %irq   %soft  %steal  %guest  %gnice   %idle
04:30:15 AM  all    0.25    0.00   29.36    0.00    0.25    0.25    0.00    0.00    0.00   69.89
04:30:15 AM    0    1.01    0.00   67.68    0.00    0.00    0.00    0.00    0.00    0.00   31.31
04:30:15 AM    1    1.03    0.00   69.07    0.00    0.00    0.00    0.00    0.00    0.00   29.90
04:30:15 AM    2    0.00    0.00    0.00    0.00    0.99    1.98    0.00    0.00    0.00   97.03
04:30:15 AM    3    0.00    0.00  100.00    0.00    0.00    0.00    0.00    0.00    0.00    0.00
04:30:15 AM    4    0.00    0.00    0.00    0.00    0.00    0.00    0.00    0.00    0.00  100.00
04:30:15 AM    5    0.00    0.00    0.00    0.00    1.00    0.00    0.00    0.00    0.00   99.00
04:30:15 AM    6    0.00    0.00    0.00    0.00    0.00    0.00    0.00    0.00    0.00  100.00
04:30:15 AM    7    0.00    0.00    0.00    0.00    0.00    0.00    0.00    0.00    0.00  100.00

04:30:15 AM  CPU    %usr   %nice    %sys %iowait    %irq   %soft  %steal  %guest  %gnice   %idle
04:30:16 AM  all    0.25    0.00   29.49    0.00    0.25    0.25    0.00    0.00    0.00   69.76
04:30:16 AM    0    2.02    0.00   66.67    0.00    1.01    0.00    0.00    0.00    0.00   30.30
04:30:16 AM    1    0.00    0.00   70.41    0.00    1.02    0.00    0.00    0.00    0.00   28.57
04:30:16 AM    2    0.00    0.00    0.00    0.00    0.00    2.00    0.00    0.00    0.00   98.00
04:30:16 AM    3    0.00    0.00  100.00    0.00    0.00    0.00    0.00    0.00    0.00    0.00
04:30:16 AM    4    0.00    0.00    0.00    0.00    0.00    0.00    0.00    0.00    0.00  100.00
04:30:16 AM    5    0.00    0.00    0.00    0.00    0.00    0.00    0.00    0.00    0.00  100.00
04:30:16 AM    6    0.00    0.00    0.00    0.00    0.00    0.00    0.00    0.00    0.00  100.00
04:30:16 AM    7    0.00    0.00    0.00    0.00    0.00    0.00    0.00    0.00    0.00  100.00

04:30:16 AM  CPU    %usr   %nice    %sys %iowait    %irq   %soft  %steal  %guest  %gnice   %idle
04:30:17 AM  all    0.38    0.00   29.47    0.00    0.00    0.13    0.00    0.00    0.00   70.03
04:30:17 AM    0    2.04    0.00   69.39    0.00    0.00    0.00    0.00    0.00    0.00   28.57
04:30:17 AM    1    1.02    0.00   67.35    0.00    0.00    0.00    0.00    0.00    0.00   31.63
04:30:17 AM    2    0.00    0.00    0.00    0.00    0.00    1.01    0.00    0.00    0.00   98.99
04:30:17 AM    3    0.00    0.00  100.00    0.00    0.00    0.00    0.00    0.00    0.00    0.00
04:30:17 AM    4    0.00    0.00    0.00    0.00    0.00    0.00    0.00    0.00    0.00  100.00
04:30:17 AM    5    0.00    0.00    0.00    0.00    0.00    0.00    0.00    0.00    0.00  100.00
04:30:17 AM    6    0.00    0.00    0.00    0.00    0.00    0.00    0.00    0.00    0.00  100.00
04:30:17 AM    7    0.00    0.00    0.00    0.00    0.00    0.00    0.00    0.00    0.00  100.00

04:30:17 AM  CPU    %usr   %nice    %sys %iowait    %irq   %soft  %steal  %guest  %gnice   %idle
04:30:18 AM  all    0.25    0.00   31.12    0.00    0.00    0.50    0.00    0.00    0.00   68.13
04:30:18 AM    0    1.01    0.00   74.75    0.00    0.00    1.01    0.00    0.00    0.00   23.23
04:30:18 AM    1    1.02    0.00   75.51    0.00    0.00    0.00    0.00    0.00    0.00   23.47
04:30:18 AM    2    0.00    0.00    0.00    0.00    0.00    2.02    0.00    0.00    0.00   97.98
04:30:18 AM    3    0.00    0.00  100.00    0.00    0.00    0.00    0.00    0.00    0.00    0.00
04:30:18 AM    4    0.00    0.00    0.00    0.00    0.00    0.00    0.00    0.00    0.00  100.00
04:30:18 AM    5    0.00    0.00    0.00    0.00    0.00    0.99    0.00    0.00    0.00   99.01
04:30:18 AM    6    0.00    0.00    0.00    0.00    0.00    0.00    0.00    0.00    0.00  100.00
04:30:18 AM    7    0.00    0.00    0.00    0.00    0.00    0.00    0.00    0.00    0.00  100.00

04:30:18 AM  CPU    %usr   %nice    %sys %iowait    %irq   %soft  %steal  %guest  %gnice   %idle
04:30:19 AM  all    0.37    0.00   30.71    0.00    0.37    0.37    0.00    0.00    0.00   68.16
04:30:19 AM    0    0.99    0.00   75.25    0.00    0.99    0.00    0.00    0.00    0.00   22.77
04:30:19 AM    1    2.00    0.00   70.00    0.00    1.00    1.00    0.00    0.00    0.00   26.00
04:30:19 AM    2    0.00    0.00    0.00    0.00    0.99    1.98    0.00    0.00    0.00   97.03
04:30:19 AM    3    0.00    0.00  100.00    0.00    0.00    0.00    0.00    0.00    0.00    0.00
04:30:19 AM    4    0.00    0.00    0.00    0.00    0.00    0.00    0.00    0.00    0.00  100.00
04:30:19 AM    5    0.00    0.00    0.00    0.00    0.00    0.00    0.00    0.00    0.00  100.00
04:30:19 AM    6    0.00    0.00    0.00    0.00    0.00    0.00    0.00    0.00    0.00  100.00
04:30:19 AM    7    0.00    0.00    0.00    0.00    0.00    0.00    0.00    0.00    0.00  100.00

04:30:19 AM  CPU    %usr   %nice    %sys %iowait    %irq   %soft  %steal  %guest  %gnice   %idle
04:30:20 AM  all    0.38    0.00   30.40    0.00    0.00    0.25    0.00    0.00    0.00   68.97
04:30:20 AM    0    1.02    0.00   70.41    0.00    0.00    0.00    0.00    0.00    0.00   28.57
04:30:20 AM    1    2.04    0.00   74.49    0.00    0.00    0.00    0.00    0.00    0.00   23.47
04:30:20 AM    2    0.00    0.00    0.00    0.00    0.00    2.00    0.00    0.00    0.00   98.00
04:30:20 AM    3    0.00    0.00  100.00    0.00    0.00    0.00    0.00    0.00    0.00    0.00
04:30:20 AM    4    0.00    0.00    0.00    0.00    0.00    0.00    0.00    0.00    0.00  100.00
04:30:20 AM    5    0.00    0.00    0.00    0.00    0.00    0.00    0.00    0.00    0.00  100.00
04:30:20 AM    6    0.00    0.00    0.00    0.00    0.00    0.00    0.00    0.00    0.00  100.00
04:30:20 AM    7    0.00    0.00    0.00    0.00    0.00    0.00    0.00    0.00    0.00  100.00

04:30:20 AM  CPU    %usr   %nice    %sys %iowait    %irq   %soft  %steal  %guest  %gnice   %idle
04:30:21 AM  all    0.25    0.00   29.57    0.00    0.00    0.25    0.00    0.00    0.00   69.92
04:30:21 AM    0    1.00    0.00   69.00    0.00    0.00    0.00    0.00    0.00    0.00   30.00
04:30:21 AM    1    1.01    0.00   67.68    0.00    0.00    0.00    0.00    0.00    0.00   31.31
04:30:21 AM    2    0.00    0.00    0.00    0.00    0.00    2.02    0.00    0.00    0.00   97.98
04:30:21 AM    3    0.00    0.00  100.00    0.00    0.00    0.00    0.00    0.00    0.00    0.00
04:30:21 AM    4    0.00    0.00    0.00    0.00    0.00    0.00    0.00    0.00    0.00  100.00
04:30:21 AM    5    0.00    0.00    0.00    0.00    0.00    0.00    0.00    0.00    0.00  100.00
04:30:21 AM    6    0.00    0.00    0.00    0.00    0.00    0.00    0.00    0.00    0.00  100.00
04:30:21 AM    7    0.00    0.00    0.00    0.00    0.00    0.00    0.00    0.00    0.00  100.00

04:30:21 AM  CPU    %usr   %nice    %sys %iowait    %irq   %soft  %steal  %guest  %gnice   %idle
04:30:22 AM  all    0.12    0.00   29.59    0.00    0.25    0.37    0.00    0.00    0.00   69.66
04:30:22 AM    0    0.00    0.00   74.00    0.00    1.00    0.00    0.00    0.00    0.00   25.00
04:30:22 AM    1    0.99    0.00   62.38    0.00    0.99    0.00    0.00    0.00    0.00   35.64
04:30:22 AM    2    0.00    0.00    0.00    0.00    0.00    2.00    0.00    0.00    0.00   98.00
04:30:22 AM    3    0.00    0.00  100.00    0.00    0.00    0.00    0.00    0.00    0.00    0.00
04:30:22 AM    4    0.00    0.00    0.00    0.00    0.00    0.00    0.00    0.00    0.00  100.00
04:30:22 AM    5    0.00    0.00    0.00    0.00    0.00    1.00    0.00    0.00    0.00   99.00
04:30:22 AM    6    0.00    0.00    0.00    0.00    0.00    0.00    0.00    0.00    0.00  100.00
04:30:22 AM    7    0.00    0.00    0.00    0.00    0.00    0.00    0.00    0.00    0.00  100.00

04:30:22 AM  CPU    %usr   %nice    %sys %iowait    %irq   %soft  %steal  %guest  %gnice   %idle
04:30:23 AM  all    0.50    0.00   28.86    0.00    0.00    0.38    0.00    0.00    0.00   70.26
04:30:23 AM    0    2.00    0.00   65.00    0.00    0.00    1.00    0.00    0.00    0.00   32.00
04:30:23 AM    1    2.04    0.00   66.33    0.00    0.00    0.00    0.00    0.00    0.00   31.63
04:30:23 AM    2    0.00    0.00    0.00    0.00    0.00    2.02    0.00    0.00    0.00   97.98
04:30:23 AM    3    0.00    0.00  100.00    0.00    0.00    0.00    0.00    0.00    0.00    0.00
04:30:23 AM    4    0.00    0.00    0.00    0.00    0.00    0.00    0.00    0.00    0.00  100.00
04:30:23 AM    5    0.00    0.00    0.00    0.00    0.00    0.00    0.00    0.00    0.00  100.00
04:30:23 AM    6    0.00    0.00    0.00    0.00    0.00    0.00    0.00    0.00    0.00  100.00
04:30:23 AM    7    0.00    0.00    0.00    0.00    0.00    0.00    0.00    0.00    0.00  100.00

04:30:23 AM  CPU    %usr   %nice    %sys %iowait    %irq   %soft  %steal  %guest  %gnice   %idle
04:30:24 AM  all    0.25    0.00   29.35    0.00    0.13    0.25    0.00    0.00    0.00   70.03
04:30:24 AM    0    1.03    0.00   68.04    0.00    0.00    0.00    0.00    0.00    0.00   30.93
04:30:24 AM    1    1.03    0.00   69.07    0.00    0.00    0.00    0.00    0.00    0.00   29.90
04:30:24 AM    2    0.00    0.00    0.00    0.00    0.99    1.98    0.00    0.00    0.00   97.03
04:30:24 AM    3    0.00    0.00  100.00    0.00    0.00    0.00    0.00    0.00    0.00    0.00
04:30:24 AM    4    0.00    0.00    0.00    0.00    0.00    0.00    0.00    0.00    0.00  100.00
04:30:24 AM    5    0.00    0.00    0.00    0.00    0.00    0.00    0.00    0.00    0.00  100.00
04:30:24 AM    6    0.00    0.00    0.00    0.00    0.00    0.00    0.00    0.00    0.00  100.00
04:30:24 AM    7    0.00    0.00    0.00    0.00    0.00    0.00    0.00    0.00    0.00  100.00

04:30:24 AM  CPU    %usr   %nice    %sys %iowait    %irq   %soft  %steal  %guest  %gnice   %idle
04:30:25 AM  all    0.38    0.00   29.70    0.00    0.13    0.13    0.00    0.00    0.00   69.67
04:30:25 AM    0    0.99    0.00   66.34    0.00    0.99    0.00    0.00    0.00    0.00   31.68
04:30:25 AM    1    2.04    0.00   71.43    0.00    0.00    0.00    0.00    0.00    0.00   26.53
04:30:25 AM    2    0.00    0.00    0.00    0.00    0.00    1.01    0.00    0.00    0.00   98.99
04:30:25 AM    3    0.00    0.00  100.00    0.00    0.00    0.00    0.00    0.00    0.00    0.00
04:30:25 AM    4    0.00    0.00    0.00    0.00    0.00    0.00    0.00    0.00    0.00  100.00
04:30:25 AM    5    0.00    0.00    0.00    0.00    0.00    0.00    0.00    0.00    0.00  100.00
04:30:25 AM    6    0.00    0.00    0.00    0.00    0.00    0.00    0.00    0.00    0.00  100.00
04:30:25 AM    7    0.00    0.00    0.00    0.00    0.00    0.00    0.00    0.00    0.00  100.00

04:30:25 AM  CPU    %usr   %nice    %sys %iowait    %irq   %soft  %steal  %guest  %gnice   %idle
04:30:26 AM  all    0.38    0.00   29.41    0.00    0.13    0.38    0.00    0.00    0.00   69.71
04:30:26 AM    0    1.96    0.00   67.65    0.00    0.00    0.00    0.00    0.00    0.00   30.39
04:30:26 AM    1    1.04    0.00   68.75    0.00    1.04    0.00    0.00    0.00    0.00   29.17
04:30:26 AM    2    0.00    0.00    0.00    0.00    0.00    2.00    0.00    0.00    0.00   98.00
04:30:26 AM    3    0.00    0.00  100.00    0.00    0.00    0.00    0.00    0.00    0.00    0.00
04:30:26 AM    4    0.00    0.00    0.00    0.00    0.00    0.00    0.00    0.00    0.00  100.00
04:30:26 AM    5    0.00    0.00    0.00    0.00    0.00    0.99    0.00    0.00    0.00   99.01
04:30:26 AM    6    0.00    0.00    0.00    0.00    0.00    0.00    0.00    0.00    0.00  100.00
04:30:26 AM    7    0.00    0.00    0.00    0.00    0.00    0.00    0.00    0.00    0.00  100.00

04:30:26 AM  CPU    %usr   %nice    %sys %iowait    %irq   %soft  %steal  %guest  %gnice   %idle
04:30:27 AM  all    0.13    0.00   29.36    0.00    0.13    0.25    0.00    0.00    0.00   70.14
04:30:27 AM    0    0.00    0.00   66.33    0.00    0.00    0.00    0.00    0.00    0.00   33.67
04:30:27 AM    1    1.01    0.00   69.70    0.00    0.00    0.00    0.00    0.00    0.00   29.29
04:30:27 AM    2    0.00    0.00    0.00    0.00    0.00    2.00    0.00    0.00    0.00   98.00
04:30:27 AM    3    0.00    0.00  100.00    0.00    0.00    0.00    0.00    0.00    0.00    0.00
04:30:27 AM    4    0.00    0.00    0.00    0.00    0.00    0.00    0.00    0.00    0.00  100.00
04:30:27 AM    5    0.00    0.00    0.00    0.00    1.00    0.00    0.00    0.00    0.00   99.00
04:30:27 AM    6    0.00    0.00    0.00    0.00    0.00    0.00    0.00    0.00    0.00  100.00
04:30:27 AM    7    0.00    0.00    0.00    0.00    0.00    0.00    0.00    0.00    0.00  100.00

04:30:27 AM  CPU    %usr   %nice    %sys %iowait    %irq   %soft  %steal  %guest  %gnice   %idle
04:30:28 AM  all    0.25    0.00   30.41    0.00    0.25    0.38    0.00    0.00    0.00   68.71
04:30:28 AM    0    1.01    0.00   68.69    0.00    1.01    0.00    0.00    0.00    0.00   29.29
04:30:28 AM    1    1.00    0.00   75.00    0.00    0.00    1.00    0.00    0.00    0.00   23.00
04:30:28 AM    2    0.00    0.00    0.00    0.00    1.00    2.00    0.00    0.00    0.00   97.00
04:30:28 AM    3    0.00    0.00  100.00    0.00    0.00    0.00    0.00    0.00    0.00    0.00
04:30:28 AM    4    0.00    0.00    0.00    0.00    0.00    0.00    0.00    0.00    0.00  100.00
04:30:28 AM    5    0.00    0.00    0.00    0.00    0.00    0.00    0.00    0.00    0.00  100.00
04:30:28 AM    6    0.00    0.00    0.00    0.00    0.00    0.00    0.00    0.00    0.00  100.00
04:30:28 AM    7    0.00    0.00    0.00    0.00    0.00    0.00    0.00    0.00    0.00  100.00

04:30:28 AM  CPU    %usr   %nice    %sys %iowait    %irq   %soft  %steal  %guest  %gnice   %idle
04:30:29 AM  all    0.38    0.00   29.91    0.00    0.13    0.38    0.00    0.00    0.00   69.21
04:30:29 AM    0    1.00    0.00   73.00    0.00    0.00    1.00    0.00    0.00    0.00   25.00
04:30:29 AM    1    2.00    0.00   66.00    0.00    1.00    0.00    0.00    0.00    0.00   31.00
04:30:29 AM    2    0.00    0.00    0.00    0.00    0.00    2.00    0.00    0.00    0.00   98.00
04:30:29 AM    3    0.00    0.00  100.00    0.00    0.00    0.00    0.00    0.00    0.00    0.00
04:30:29 AM    4    0.00    0.00    0.00    0.00    0.00    0.00    0.00    0.00    0.00  100.00
04:30:29 AM    5    0.00    0.00    0.00    0.00    0.00    0.00    0.00    0.00    0.00  100.00
04:30:29 AM    6    0.00    0.00    0.00    0.00    0.00    0.00    0.00    0.00    0.00  100.00
04:30:29 AM    7    0.00    0.00    0.00    0.00    0.00    0.00    0.00    0.00    0.00  100.00

04:30:29 AM  CPU    %usr   %nice    %sys %iowait    %irq   %soft  %steal  %guest  %gnice   %idle
04:30:30 AM  all    0.38    0.00   29.61    0.00    0.00    0.38    0.00    0.00    0.00   69.64
04:30:30 AM    0    1.00    0.00   68.00    0.00    0.00    0.00    0.00    0.00    0.00   31.00
04:30:30 AM    1    2.08    0.00   70.83    0.00    0.00    0.00    0.00    0.00    0.00   27.08
04:30:30 AM    2    0.00    0.00    0.00    0.00    0.00    2.00    0.00    0.00    0.00   98.00
04:30:30 AM    3    0.00    0.00  100.00    0.00    0.00    0.00    0.00    0.00    0.00    0.00
04:30:30 AM    4    0.00    0.00    0.00    0.00    0.00    0.00    0.00    0.00    0.00  100.00
04:30:30 AM    5    0.00    0.00    0.00    0.00    0.00    0.99    0.00    0.00    0.00   99.01
04:30:30 AM    6    0.00    0.00    0.00    0.00    0.00    0.00    0.00    0.00    0.00  100.00
04:30:30 AM    7    0.00    0.00    0.00    0.00    0.00    0.00    0.00    0.00    0.00  100.00

04:30:30 AM  CPU    %usr   %nice    %sys %iowait    %irq   %soft  %steal  %guest  %gnice   %idle
04:30:31 AM  all    0.50    0.00   29.18    0.00    0.13    0.13    0.00    0.00    0.00   70.06
04:30:31 AM    0    2.02    0.00   66.67    0.00    1.01    0.00    0.00    0.00    0.00   30.30
04:30:31 AM    1    2.02    0.00   66.67    0.00    0.00    0.00    0.00    0.00    0.00   31.31
04:30:31 AM    2    0.00    0.00    0.00    0.00    0.00    1.02    0.00    0.00    0.00   98.98
04:30:31 AM    3    0.00    0.00  100.00    0.00    0.00    0.00    0.00    0.00    0.00    0.00
04:30:31 AM    4    0.00    0.00    0.00    0.00    0.00    0.00    0.00    0.00    0.00  100.00
04:30:31 AM    5    0.00    0.00    0.00    0.00    0.00    0.00    0.00    0.00    0.00  100.00
04:30:31 AM    6    0.00    0.00    0.00    0.00    0.00    0.00    0.00    0.00    0.00  100.00
04:30:31 AM    7    0.00    0.00    0.00    0.00    0.00    0.00    0.00    0.00    0.00  100.00

04:30:31 AM  CPU    %usr   %nice    %sys %iowait    %irq   %soft  %steal  %guest  %gnice   %idle
04:30:32 AM  all    0.38    0.00   28.14    0.00    0.00    0.25    0.00    0.00    0.00   71.23
04:30:32 AM    0    1.02    0.00   61.22    0.00    0.00    0.00    0.00    0.00    0.00   37.76
04:30:32 AM    1    2.04    0.00   65.31    0.00    0.00    0.00    0.00    0.00    0.00   32.65
04:30:32 AM    2    0.00    0.00    0.00    0.00    0.00    2.00    0.00    0.00    0.00   98.00
04:30:32 AM    3    0.00    0.00  100.00    0.00    0.00    0.00    0.00    0.00    0.00    0.00
04:30:32 AM    4    0.00    0.00    0.00    0.00    0.00    0.00    0.00    0.00    0.00  100.00
04:30:32 AM    5    0.00    0.00    0.00    0.00    0.00    0.00    0.00    0.00    0.00  100.00
04:30:32 AM    6    0.00    0.00    0.00    0.00    0.00    0.00    0.00    0.00    0.00  100.00
04:30:32 AM    7    0.00    0.00    0.00    0.00    0.00    0.00    0.00    0.00    0.00  100.00

04:30:32 AM  CPU    %usr   %nice    %sys %iowait    %irq   %soft  %steal  %guest  %gnice   %idle
04:30:33 AM  all    0.25    0.00   29.15    0.00    0.25    0.25    0.00    0.00    0.00   70.10
04:30:33 AM    0    1.05    0.00   66.32    0.00    0.00    0.00    0.00    0.00    0.00   32.63
04:30:33 AM    1    1.00    0.00   69.00    0.00    1.00    0.00    0.00    0.00    0.00   29.00
04:30:33 AM    2    0.00    0.00    0.00    0.00    0.99    1.98    0.00    0.00    0.00   97.03
04:30:33 AM    3    0.00    0.00  100.00    0.00    0.00    0.00    0.00    0.00    0.00    0.00
04:30:33 AM    4    0.00    0.00    0.00    0.00    0.00    0.00    0.00    0.00    0.00  100.00
04:30:33 AM    5    0.00    0.00    0.00    0.00    0.00    0.00    0.00    0.00    0.00  100.00
04:30:33 AM    6    0.00    0.00    0.00    0.00    0.00    0.00    0.00    0.00    0.00  100.00
04:30:33 AM    7    0.00    0.00    0.00    0.00    0.00    0.00    0.00    0.00    0.00  100.00

04:30:33 AM  CPU    %usr   %nice    %sys %iowait    %irq   %soft  %steal  %guest  %gnice   %idle
04:30:34 AM  all    0.50    0.00   29.32    0.00    0.13    0.50    0.00    0.00    0.00   69.55
04:30:34 AM    0    2.00    0.00   65.00    0.00    1.00    1.00    0.00    0.00    0.00   31.00
04:30:34 AM    1    2.04    0.00   70.41    0.00    0.00    0.00    0.00    0.00    0.00   27.55
04:30:34 AM    2    0.00    0.00    0.00    0.00    0.00    2.00    0.00    0.00    0.00   98.00
04:30:34 AM    3    0.00    0.00  100.00    0.00    0.00    0.00    0.00    0.00    0.00    0.00
04:30:34 AM    4    0.00    0.00    0.00    0.00    0.00    0.00    0.00    0.00    0.00  100.00
04:30:34 AM    5    0.00    0.00    0.00    0.00    0.00    1.00    0.00    0.00    0.00   99.00
04:30:34 AM    6    0.00    0.00    0.00    0.00    0.00    0.00    0.00    0.00    0.00  100.00
04:30:34 AM    7    0.00    0.00    0.00    0.00    0.00    0.00    0.00    0.00    0.00  100.00

04:30:34 AM  CPU    %usr   %nice    %sys %iowait    %irq   %soft  %steal  %guest  %gnice   %idle
04:30:35 AM  all    0.25    0.00   29.86    0.00    0.00    0.25    0.00    0.00    0.00   69.64
04:30:35 AM    0    1.01    0.00   68.69    0.00    0.00    0.00    0.00    0.00    0.00   30.30
04:30:35 AM    1    1.02    0.00   71.43    0.00    0.00    0.00    0.00    0.00    0.00   27.55
04:30:35 AM    2    0.00    0.00    0.00    0.00    0.00    2.00    0.00    0.00    0.00   98.00
04:30:35 AM    3    0.00    0.00  100.00    0.00    0.00    0.00    0.00    0.00    0.00    0.00
04:30:35 AM    4    0.00    0.00    0.00    0.00    0.00    0.00    0.00    0.00    0.00  100.00
04:30:35 AM    5    0.00    0.00    0.00    0.00    0.00    0.00    0.00    0.00    0.00  100.00
04:30:35 AM    6    0.00    0.00    0.00    0.00    0.00    0.00    0.00    0.00    0.00  100.00
04:30:35 AM    7    0.00    0.00    0.00    0.00    0.00    0.00    0.00    0.00    0.00  100.00

04:30:35 AM  CPU    %usr   %nice    %sys %iowait    %irq   %soft  %steal  %guest  %gnice   %idle
04:30:36 AM  all    0.25    0.00   29.56    0.00    0.13    0.13    0.00    0.00    0.00   69.94
04:30:36 AM    0    1.02    0.00   67.35    0.00    0.00    0.00    0.00    0.00    0.00   31.63
04:30:36 AM    1    1.00    0.00   69.00    0.00    1.00    0.00    0.00    0.00    0.00   29.00
04:30:36 AM    2    0.00    0.00    0.00    0.00    0.00    1.02    0.00    0.00    0.00   98.98
04:30:36 AM    3    0.00    0.00  100.00    0.00    0.00    0.00    0.00    0.00    0.00    0.00
04:30:36 AM    4    0.00    0.00    0.00    0.00    0.00    0.00    0.00    0.00    0.00  100.00
04:30:36 AM    5    0.00    0.00    0.00    0.00    0.00    0.00    0.00    0.00    0.00  100.00
04:30:36 AM    6    0.00    0.00    0.00    0.00    0.00    0.00    0.00    0.00    0.00  100.00
04:30:36 AM    7    0.00    0.00    0.00    0.00    0.00    0.00    0.00    0.00    0.00  100.00

04:30:36 AM  CPU    %usr   %nice    %sys %iowait    %irq   %soft  %steal  %guest  %gnice   %idle
04:30:37 AM  all    0.25    0.00   29.61    0.00    0.25    0.38    0.00    0.00    0.00   69.51
04:30:37 AM    0    1.01    0.00   66.67    0.00    1.01    0.00    0.00    0.00    0.00   31.31
04:30:37 AM    1    1.03    0.00   72.16    0.00    0.00    1.03    0.00    0.00    0.00   25.77
04:30:37 AM    2    0.00    0.00    0.00    0.00    0.99    1.98    0.00    0.00    0.00   97.03
04:30:37 AM    3    0.00    0.00  100.00    0.00    0.00    0.00    0.00    0.00    0.00    0.00
04:30:37 AM    4    0.00    0.00    0.00    0.00    0.00    0.00    0.00    0.00    0.00  100.00
04:30:37 AM    5    0.00    0.00    0.00    0.00    0.00    0.00    0.00    0.00    0.00  100.00
04:30:37 AM    6    0.00    0.00    0.00    0.00    0.00    0.00    0.00    0.00    0.00  100.00
04:30:37 AM    7    0.00    0.00    0.00    0.00    0.00    0.00    0.00    0.00    0.00  100.00

04:30:37 AM  CPU    %usr   %nice    %sys %iowait    %irq   %soft  %steal  %guest  %gnice   %idle
04:30:38 AM  all    0.25    0.00   30.09    0.00    0.00    0.37    0.00    0.00    0.00   69.29
04:30:38 AM    0    1.01    0.00   66.67    0.00    0.00    0.00    0.00    0.00    0.00   32.32
04:30:38 AM    1    1.00    0.00   75.00    0.00    0.00    0.00    0.00    0.00    0.00   24.00
04:30:38 AM    2    0.00    0.00    0.00    0.00    0.00    2.00    0.00    0.00    0.00   98.00
04:30:38 AM    3    0.00    0.00  100.00    0.00    0.00    0.00    0.00    0.00    0.00    0.00
04:30:38 AM    4    0.00    0.00    0.00    0.00    0.00    0.00    0.00    0.00    0.00  100.00
04:30:38 AM    5    0.00    0.00    0.00    0.00    0.00    0.99    0.00    0.00    0.00   99.01
04:30:38 AM    6    0.00    0.00    0.00    0.00    0.00    0.00    0.00    0.00    0.00  100.00
04:30:38 AM    7    0.00    0.00    0.00    0.00    0.00    0.00    0.00    0.00    0.00  100.00

04:30:38 AM  CPU    %usr   %nice    %sys %iowait    %irq   %soft  %steal  %guest  %gnice   %idle
04:30:39 AM  all    0.25    0.00   29.62    0.00    0.12    0.38    0.00    0.00    0.00   69.62
04:30:39 AM    0    0.98    0.00   66.67    0.00    0.00    0.98    0.00    0.00    0.00   31.37
04:30:39 AM    1    1.02    0.00   70.41    0.00    0.00    0.00    0.00    0.00    0.00   28.57
04:30:39 AM    2    0.00    0.00    0.00    0.00    0.00    2.00    0.00    0.00    0.00   98.00
04:30:39 AM    3    0.00    0.00  100.00    0.00    0.00    0.00    0.00    0.00    0.00    0.00
04:30:39 AM    4    0.00    0.00    0.00    0.00    0.00    0.00    0.00    0.00    0.00  100.00
04:30:39 AM    5    0.00    0.00    0.00    0.00    1.00    0.00    0.00    0.00    0.00   99.00
04:30:39 AM    6    0.00    0.00    0.00    0.00    0.00    0.00    0.00    0.00    0.00  100.00
04:30:39 AM    7    0.00    0.00    0.00    0.00    0.00    0.00    0.00    0.00    0.00  100.00

04:30:39 AM  CPU    %usr   %nice    %sys %iowait    %irq   %soft  %steal  %guest  %gnice   %idle
04:30:40 AM  all    0.38    0.00   29.86    0.00    0.25    0.25    0.00    0.00    0.00   69.26
04:30:40 AM    0    1.03    0.00   68.04    0.00    1.03    0.00    0.00    0.00    0.00   29.90
04:30:40 AM    1    1.98    0.00   71.29    0.00    0.99    0.00    0.00    0.00    0.00   25.74
04:30:40 AM    2    0.00    0.00    0.00    0.00    0.00    2.02    0.00    0.00    0.00   97.98
04:30:40 AM    3    0.00    0.00  100.00    0.00    0.00    0.00    0.00    0.00    0.00    0.00
04:30:40 AM    4    0.00    0.00    0.00    0.00    0.00    0.00    0.00    0.00    0.00  100.00
04:30:40 AM    5    0.00    0.00    0.00    0.00    0.00    0.00    0.00    0.00    0.00  100.00
04:30:40 AM    6    0.00    0.00    0.00    0.00    0.00    0.00    0.00    0.00    0.00  100.00
04:30:40 AM    7    0.00    0.00    0.00    0.00    0.00    0.00    0.00    0.00    0.00  100.00

04:30:40 AM  CPU    %usr   %nice    %sys %iowait    %irq   %soft  %steal  %guest  %gnice   %idle
04:30:41 AM  all    0.25    0.00   29.15    0.00    0.13    0.25    0.00    0.00    0.00   70.23
04:30:41 AM    0    1.02    0.00   69.39    0.00    0.00    0.00    0.00    0.00    0.00   29.59
04:30:41 AM    1    1.02    0.00   65.31    0.00    0.00    0.00    0.00    0.00    0.00   33.67
04:30:41 AM    2    0.00    0.00    0.00    0.00    0.99    1.98    0.00    0.00    0.00   97.03
04:30:41 AM    3    0.00    0.00  100.00    0.00    0.00    0.00    0.00    0.00    0.00    0.00
04:30:41 AM    4    0.00    0.00    0.00    0.00    0.00    0.00    0.00    0.00    0.00  100.00
04:30:41 AM    5    0.00    0.00    0.00    0.00    0.00    0.00    0.00    0.00    0.00  100.00
04:30:41 AM    6    0.00    0.00    0.00    0.00    0.00    0.00    0.00    0.00    0.00  100.00
04:30:41 AM    7    0.00    0.00    0.00    0.00    0.00    0.00    0.00    0.00    0.00  100.00

04:30:41 AM  CPU    %usr   %nice    %sys %iowait    %irq   %soft  %steal  %guest  %gnice   %idle
04:30:42 AM  all    0.25    0.00   28.64    0.00    0.00    0.25    0.00    0.00    0.00   70.85
04:30:42 AM    0    0.00    0.00   65.98    0.00    0.00    0.00    0.00    0.00    0.00   34.02
04:30:42 AM    1    2.02    0.00   64.65    0.00    0.00    0.00    0.00    0.00    0.00   33.33
04:30:42 AM    2    0.00    0.00    0.00    0.00    0.00    2.00    0.00    0.00    0.00   98.00
04:30:42 AM    3    0.00    0.00  100.00    0.00    0.00    0.00    0.00    0.00    0.00    0.00
04:30:42 AM    4    0.00    0.00    0.00    0.00    0.00    0.00    0.00    0.00    0.00  100.00
04:30:42 AM    5    0.00    0.00    0.00    0.00    0.00    0.00    0.00    0.00    0.00  100.00
04:30:42 AM    6    0.00    0.00    0.00    0.00    0.00    0.00    0.00    0.00    0.00  100.00
04:30:42 AM    7    0.00    0.00    0.00    0.00    0.00    0.00    0.00    0.00    0.00  100.00

04:30:42 AM  CPU    %usr   %nice    %sys %iowait    %irq   %soft  %steal  %guest  %gnice   %idle
04:30:43 AM  all    0.38    0.00   29.54    0.00    0.25    0.25    0.00    0.00    0.00   69.59
04:30:43 AM    0    1.98    0.00   69.31    0.00    0.99    0.00    0.00    0.00    0.00   27.72
04:30:43 AM    1    1.01    0.00   66.67    0.00    1.01    0.00    0.00    0.00    0.00   31.31
04:30:43 AM    2    0.00    0.00    0.00    0.00    0.00    1.02    0.00    0.00    0.00   98.98
04:30:43 AM    3    0.00    0.00  100.00    0.00    0.00    0.00    0.00    0.00    0.00    0.00
04:30:43 AM    4    0.00    0.00    0.00    0.00    0.00    0.00    0.00    0.00    0.00  100.00
04:30:43 AM    5    0.00    0.00    0.00    0.00    0.00    0.99    0.00    0.00    0.00   99.01
04:30:43 AM    6    0.00    0.00    0.00    0.00    0.00    0.00    0.00    0.00    0.00  100.00
04:30:43 AM    7    0.00    0.00    0.00    0.00    0.00    0.00    0.00    0.00    0.00  100.00

04:30:43 AM  CPU    %usr   %nice    %sys %iowait    %irq   %soft  %steal  %guest  %gnice   %idle
04:30:44 AM  all    0.25    0.00   29.69    0.00    0.00    0.38    0.00    0.00    0.00   69.69
04:30:44 AM    0    1.02    0.00   68.37    0.00    0.00    1.02    0.00    0.00    0.00   29.59
04:30:44 AM    1    1.02    0.00   70.41    0.00    0.00    0.00    0.00    0.00    0.00   28.57
04:30:44 AM    2    0.00    0.00    0.00    0.00    0.00    2.00    0.00    0.00    0.00   98.00
04:30:44 AM    3    0.00    0.00  100.00    0.00    0.00    0.00    0.00    0.00    0.00    0.00
04:30:44 AM    4    0.00    0.00    0.00    0.00    0.00    0.00    0.00    0.00    0.00  100.00
04:30:44 AM    5    0.00    0.00    0.00    0.00    0.00    0.00    0.00    0.00    0.00  100.00
04:30:44 AM    6    0.00    0.00    0.00    0.00    0.00    0.00    0.00    0.00    0.00  100.00
04:30:44 AM    7    0.00    0.00    0.00    0.00    0.00    0.00    0.00    0.00    0.00  100.00

04:30:44 AM  CPU    %usr   %nice    %sys %iowait    %irq   %soft  %steal  %guest  %gnice   %idle
04:30:45 AM  all    0.25    0.00   30.03    0.00    0.00    0.25    0.00    0.00    0.00   69.47
04:30:45 AM    0    1.02    0.00   72.45    0.00    0.00    0.00    0.00    0.00    0.00   26.53
04:30:45 AM    1    1.02    0.00   69.39    0.00    0.00    0.00    0.00    0.00    0.00   29.59
04:30:45 AM    2    0.00    0.00    0.00    0.00    0.00    2.00    0.00    0.00    0.00   98.00
04:30:45 AM    3    0.00    0.00  100.00    0.00    0.00    0.00    0.00    0.00    0.00    0.00
04:30:45 AM    4    0.00    0.00    0.00    0.00    0.00    0.00    0.00    0.00    0.00  100.00
04:30:45 AM    5    0.00    0.00    0.00    0.00    0.00    0.00    0.00    0.00    0.00  100.00
04:30:45 AM    6    0.00    0.00    0.00    0.00    0.00    0.00    0.00    0.00    0.00  100.00
04:30:45 AM    7    0.00    0.00    0.00    0.00    0.00    0.00    0.00    0.00    0.00  100.00

04:30:45 AM  CPU    %usr   %nice    %sys %iowait    %irq   %soft  %steal  %guest  %gnice   %idle
04:30:46 AM  all    0.25    0.00   30.20    0.00    0.25    0.38    0.00    0.00    0.00   68.92
04:30:46 AM    0    1.00    0.00   71.00    0.00    1.00    0.00    0.00    0.00    0.00   27.00
04:30:46 AM    1    1.01    0.00   70.71    0.00    0.00    1.01    0.00    0.00    0.00   27.27
04:30:46 AM    2    0.00    0.00    0.00    0.00    1.00    2.00    0.00    0.00    0.00   97.00
04:30:46 AM    3    0.00    0.00  100.00    0.00    0.00    0.00    0.00    0.00    0.00    0.00
04:30:46 AM    4    0.00    0.00    0.00    0.00    0.00    0.00    0.00    0.00    0.00  100.00
04:30:46 AM    5    0.00    0.00    0.00    0.00    0.00    0.00    0.00    0.00    0.00  100.00
04:30:46 AM    6    0.00    0.00    0.00    0.00    0.00    0.00    0.00    0.00    0.00  100.00
04:30:46 AM    7    0.00    0.00    0.00    0.00    0.00    0.00    0.00    0.00    0.00  100.00

04:30:46 AM  CPU    %usr   %nice    %sys %iowait    %irq   %soft  %steal  %guest  %gnice   %idle
04:30:47 AM  all    0.38    0.00   29.75    0.00    0.12    0.38    0.00    0.00    0.00   69.38
04:30:47 AM    0    1.00    0.00   71.00    0.00    0.00    0.00    0.00    0.00    0.00   28.00
04:30:47 AM    1    2.02    0.00   67.68    0.00    1.01    0.00    0.00    0.00    0.00   29.29
04:30:47 AM    2    0.00    0.00    0.00    0.00    0.00    2.00    0.00    0.00    0.00   98.00
04:30:47 AM    3    0.00    0.00  100.00    0.00    0.00    0.00    0.00    0.00    0.00    0.00
04:30:47 AM    4    0.00    0.00    0.00    0.00    0.00    0.00    0.00    0.00    0.00  100.00
04:30:47 AM    5    0.00    0.00    0.00    0.00    0.00    0.99    0.00    0.00    0.00   99.01
04:30:47 AM    6    0.00    0.00    0.00    0.00    0.00    0.00    0.00    0.00    0.00  100.00
04:30:47 AM    7    0.00    0.00    0.00    0.00    0.00    0.00    0.00    0.00    0.00  100.00

04:30:47 AM  CPU    %usr   %nice    %sys %iowait    %irq   %soft  %steal  %guest  %gnice   %idle
04:30:48 AM  all    0.38    0.00   30.06    0.00    0.00    0.25    0.00    0.00    0.00   69.31
04:30:48 AM    0    2.04    0.00   69.39    0.00    0.00    0.00    0.00    0.00    0.00   28.57
04:30:48 AM    1    1.02    0.00   72.45    0.00    0.00    0.00    0.00    0.00    0.00   26.53
04:30:48 AM    2    0.00    0.00    0.00    0.00    0.00    2.00    0.00    0.00    0.00   98.00
04:30:48 AM    3    0.00    0.00  100.00    0.00    0.00    0.00    0.00    0.00    0.00    0.00
04:30:48 AM    4    0.00    0.00    0.00    0.00    0.00    0.00    0.00    0.00    0.00  100.00
04:30:48 AM    5    0.00    0.00    0.00    0.00    0.00    0.00    0.00    0.00    0.00  100.00
04:30:48 AM    6    0.00    0.00    0.00    0.00    0.00    0.00    0.00    0.00    0.00  100.00
04:30:48 AM    7    0.00    0.00    0.00    0.00    0.00    0.00    0.00    0.00    0.00  100.00

04:30:48 AM  CPU    %usr   %nice    %sys %iowait    %irq   %soft  %steal  %guest  %gnice   %idle
04:30:49 AM  all    0.38    0.00   28.73    0.00    0.13    0.25    0.00    0.00    0.00   70.51
04:30:49 AM    0    1.03    0.00   65.98    0.00    1.03    0.00    0.00    0.00    0.00   31.96
04:30:49 AM    1    1.98    0.00   64.36    0.00    0.00    0.00    0.00    0.00    0.00   33.66
04:30:49 AM    2    0.00    0.00    0.00    0.00    0.00    2.02    0.00    0.00    0.00   97.98
04:30:49 AM    3    0.00    0.00  100.00    0.00    0.00    0.00    0.00    0.00    0.00    0.00
04:30:49 AM    4    0.00    0.00    0.00    0.00    0.00    0.00    0.00    0.00    0.00  100.00
04:30:49 AM    5    0.00    0.00    0.00    0.00    0.00    0.00    0.00    0.00    0.00  100.00
04:30:49 AM    6    0.00    0.00    0.00    0.00    0.00    0.00    0.00    0.00    0.00  100.00
04:30:49 AM    7    0.00    0.00    0.00    0.00    0.00    0.00    0.00    0.00    0.00  100.00

04:30:49 AM  CPU    %usr   %nice    %sys %iowait    %irq   %soft  %steal  %guest  %gnice   %idle
04:30:50 AM  all    0.25    0.00   28.57    0.00    0.25    0.25    0.00    0.00    0.00   70.68
04:30:50 AM    0    1.01    0.00   59.60    0.00    0.00    1.01    0.00    0.00    0.00   38.38
04:30:50 AM    1    1.01    0.00   69.70    0.00    1.01    0.00    0.00    0.00    0.00   28.28
04:30:50 AM    2    0.00    0.00    0.00    0.00    1.00    1.00    0.00    0.00    0.00   98.00
04:30:50 AM    3    0.00    0.00  100.00    0.00    0.00    0.00    0.00    0.00    0.00    0.00
04:30:50 AM    4    0.00    0.00    0.00    0.00    0.00    0.00    0.00    0.00    0.00  100.00
04:30:50 AM    5    0.00    0.00    0.00    0.00    0.00    0.00    0.00    0.00    0.00  100.00
04:30:50 AM    6    0.00    0.00    0.00    0.00    0.00    0.00    0.00    0.00    0.00  100.00
04:30:50 AM    7    0.00    0.00    0.00    0.00    0.00    0.00    0.00    0.00    0.00  100.00

04:30:50 AM  CPU    %usr   %nice    %sys %iowait    %irq   %soft  %steal  %guest  %gnice   %idle
04:30:51 AM  all    0.25    0.00   29.27    0.00    0.00    0.38    0.00    0.00    0.00   70.10
04:30:51 AM    0    1.02    0.00   67.35    0.00    0.00    0.00    0.00    0.00    0.00   31.63
04:30:51 AM    1    1.02    0.00   68.37    0.00    0.00    0.00    0.00    0.00    0.00   30.61
04:30:51 AM    2    0.00    0.00    0.00    0.00    0.00    2.00    0.00    0.00    0.00   98.00
04:30:51 AM    3    0.00    0.00  100.00    0.00    0.00    0.00    0.00    0.00    0.00    0.00
04:30:51 AM    4    0.00    0.00    0.00    0.00    0.00    0.00    0.00    0.00    0.00  100.00
04:30:51 AM    5    0.00    0.00    0.00    0.00    0.00    1.00    0.00    0.00    0.00   99.00
04:30:51 AM    6    0.00    0.00    0.00    0.00    0.00    0.00    0.00    0.00    0.00  100.00
04:30:51 AM    7    0.00    0.00    0.00    0.00    0.00    0.00    0.00    0.00    0.00  100.00

04:30:51 AM  CPU    %usr   %nice    %sys %iowait    %irq   %soft  %steal  %guest  %gnice   %idle
04:30:52 AM  all    0.13    0.00   29.86    0.00    0.25    0.25    0.00    0.00    0.00   69.51
04:30:52 AM    0    1.02    0.00   74.49    0.00    1.02    0.00    0.00    0.00    0.00   23.47
04:30:52 AM    1    0.00    0.00   65.66    0.00    0.00    0.00    0.00    0.00    0.00   34.34
04:30:52 AM    2    0.00    0.00    0.00    0.00    0.00    2.02    0.00    0.00    0.00   97.98
04:30:52 AM    3    0.00    0.00  100.00    0.00    0.00    0.00    0.00    0.00    0.00    0.00
04:30:52 AM    4    0.00    0.00    0.00    0.00    0.00    0.00    0.00    0.00    0.00  100.00
04:30:52 AM    5    0.00    0.00    0.00    0.00    0.99    0.00    0.00    0.00    0.00   99.01
04:30:52 AM    6    0.00    0.00    0.00    0.00    0.00    0.00    0.00    0.00    0.00  100.00
04:30:52 AM    7    0.00    0.00    0.00    0.00    0.00    0.00    0.00    0.00    0.00  100.00

04:30:52 AM  CPU    %usr   %nice    %sys %iowait    %irq   %soft  %steal  %guest  %gnice   %idle
04:30:53 AM  all    0.25    0.00   29.27    0.00    0.00    0.25    0.00    0.00    0.00   70.23
04:30:53 AM    0    1.01    0.00   67.68    0.00    0.00    0.00    0.00    0.00    0.00   31.31
04:30:53 AM    1    1.02    0.00   67.35    0.00    0.00    0.00    0.00    0.00    0.00   31.63
04:30:53 AM    2    0.00    0.00    0.00    0.00    0.00    2.00    0.00    0.00    0.00   98.00
04:30:53 AM    3    0.00    0.00  100.00    0.00    0.00    0.00    0.00    0.00    0.00    0.00
04:30:53 AM    4    0.00    0.00    0.00    0.00    0.00    0.00    0.00    0.00    0.00  100.00
04:30:53 AM    5    0.00    0.00    0.00    0.00    0.00    0.00    0.00    0.00    0.00  100.00
04:30:53 AM    6    0.00    0.00    0.00    0.00    0.00    0.00    0.00    0.00    0.00  100.00
04:30:53 AM    7    0.00    0.00    0.00    0.00    0.00    0.00    0.00    0.00    0.00  100.00

04:30:53 AM  CPU    %usr   %nice    %sys %iowait    %irq   %soft  %steal  %guest  %gnice   %idle
04:30:54 AM  all    0.38    0.00   29.00    0.00    0.25    0.25    0.00    0.00    0.00   70.12
04:30:54 AM    0    1.04    0.00   66.67    0.00    0.00    0.00    0.00    0.00    0.00   32.29
04:30:54 AM    1    1.94    0.00   66.02    0.00    0.97    0.00    0.00    0.00    0.00   31.07
04:30:54 AM    2    0.00    0.00    0.00    0.00    0.99    1.98    0.00    0.00    0.00   97.03
04:30:54 AM    3    0.00    0.00  100.00    0.00    0.00    0.00    0.00    0.00    0.00    0.00
04:30:54 AM    4    0.00    0.00    0.00    0.00    0.00    0.00    0.00    0.00    0.00  100.00
04:30:54 AM    5    0.00    0.00    0.00    0.00    0.00    0.00    0.00    0.00    0.00  100.00
04:30:54 AM    6    0.00    0.00    0.00    0.00    0.00    0.00    0.00    0.00    0.00  100.00
04:30:54 AM    7    0.00    0.00    0.00    0.00    0.00    0.00    0.00    0.00    0.00  100.00

04:30:54 AM  CPU    %usr   %nice    %sys %iowait    %irq   %soft  %steal  %guest  %gnice   %idle
04:30:55 AM  all    0.00    0.00   28.82    0.00    0.13    0.63    0.00    0.00    0.00   70.43
04:30:55 AM    0    0.00    0.00   65.98    0.00    1.03    1.03    0.00    0.00    0.00   31.96
04:30:55 AM    1    0.00    0.00   65.35    0.00    0.00    0.99    0.00    0.00    0.00   33.66
04:30:55 AM    2    0.00    0.00    0.00    0.00    0.00    2.02    0.00    0.00    0.00   97.98
04:30:55 AM    3    0.00    0.00  100.00    0.00    0.00    0.00    0.00    0.00    0.00    0.00
04:30:55 AM    4    0.00    0.00    0.00    0.00    0.00    0.00    0.00    0.00    0.00  100.00
04:30:55 AM    5    0.00    0.00    0.00    0.00    0.00    0.99    0.00    0.00    0.00   99.01
04:30:55 AM    6    0.00    0.00    0.00    0.00    0.00    0.00    0.00    0.00    0.00  100.00
04:30:55 AM    7    0.00    0.00    0.00    0.00    0.00    0.00    0.00    0.00    0.00  100.00

04:30:55 AM  CPU    %usr   %nice    %sys %iowait    %irq   %soft  %steal  %guest  %gnice   %idle
04:30:56 AM  all    0.38    0.00   28.82    0.00    0.00    0.25    0.00    0.00    0.00   70.55
04:30:56 AM    0    2.02    0.00   63.64    0.00    0.00    0.00    0.00    0.00    0.00   34.34
04:30:56 AM    1    1.00    0.00   67.00    0.00    0.00    0.00    0.00    0.00    0.00   32.00
04:30:56 AM    2    0.00    0.00    0.00    0.00    0.00    2.00    0.00    0.00    0.00   98.00
04:30:56 AM    3    0.00    0.00  100.00    0.00    0.00    0.00    0.00    0.00    0.00    0.00
04:30:56 AM    4    0.00    0.00    0.00    0.00    0.00    0.00    0.00    0.00    0.00  100.00
04:30:56 AM    5    0.00    0.00    0.00    0.00    0.00    0.00    0.00    0.00    0.00  100.00
04:30:56 AM    6    0.00    0.00    0.00    0.00    0.00    0.00    0.00    0.00    0.00  100.00
04:30:56 AM    7    0.00    0.00    0.00    0.00    0.00    0.00    0.00    0.00    0.00  100.00

04:30:56 AM  CPU    %usr   %nice    %sys %iowait    %irq   %soft  %steal  %guest  %gnice   %idle
04:30:57 AM  all    0.25    0.00   28.02    0.00    0.13    0.25    0.00    0.00    0.00   71.36
04:30:57 AM    0    1.03    0.00   62.89    0.00    0.00    0.00    0.00    0.00    0.00   36.08
04:30:57 AM    1    1.01    0.00   62.63    0.00    1.01    0.00    0.00    0.00    0.00   35.35
04:30:57 AM    2    0.00    0.00    0.00    0.00    0.00    2.00    0.00    0.00    0.00   98.00
04:30:57 AM    3    0.00    0.00  100.00    0.00    0.00    0.00    0.00    0.00    0.00    0.00
04:30:57 AM    4    0.00    0.00    0.00    0.00    0.00    0.00    0.00    0.00    0.00  100.00
04:30:57 AM    5    0.00    0.00    0.00    0.00    0.00    0.00    0.00    0.00    0.00  100.00
04:30:57 AM    6    0.00    0.00    0.00    0.00    0.00    0.00    0.00    0.00    0.00  100.00
04:30:57 AM    7    0.00    0.00    0.00    0.00    0.00    0.00    0.00    0.00    0.00  100.00

04:30:57 AM  CPU    %usr   %nice    %sys %iowait    %irq   %soft  %steal  %guest  %gnice   %idle
04:30:58 AM  all    0.38    0.00   29.11    0.00    0.13    0.25    0.00    0.00    0.00   70.14
04:30:58 AM    0    2.00    0.00   65.00    0.00    1.00    0.00    0.00    0.00    0.00   32.00
04:30:58 AM    1    1.03    0.00   69.07    0.00    0.00    0.00    0.00    0.00    0.00   29.90
04:30:58 AM    2    0.00    0.00    0.00    0.00    0.00    2.00    0.00    0.00    0.00   98.00
04:30:58 AM    3    0.00    0.00  100.00    0.00    0.00    0.00    0.00    0.00    0.00    0.00
04:30:58 AM    4    0.00    0.00    0.00    0.00    0.00    0.00    0.00    0.00    0.00  100.00
04:30:58 AM    5    0.00    0.00    0.00    0.00    0.00    0.00    0.00    0.00    0.00  100.00
04:30:58 AM    6    0.00    0.00    0.00    0.00    0.00    0.00    0.00    0.00    0.00  100.00
04:30:58 AM    7    0.00    0.00    0.00    0.00    0.00    0.00    0.00    0.00    0.00  100.00

04:30:58 AM  CPU    %usr   %nice    %sys %iowait    %irq   %soft  %steal  %guest  %gnice   %idle
04:30:59 AM  all    0.25    0.00   29.60    0.00    0.13    0.13    0.00    0.00    0.00   69.90
04:30:59 AM    0    1.04    0.00   66.67    0.00    0.00    0.00    0.00    0.00    0.00   32.29
04:30:59 AM    1    1.00    0.00   71.00    0.00    0.00    0.00    0.00    0.00    0.00   28.00
04:30:59 AM    2    0.00    0.00    0.00    0.00    1.01    1.01    0.00    0.00    0.00   97.98
04:30:59 AM    3    0.00    0.00  100.00    0.00    0.00    0.00    0.00    0.00    0.00    0.00
04:30:59 AM    4    0.00    0.00    0.00    0.00    0.00    0.00    0.00    0.00    0.00  100.00
04:30:59 AM    5    0.00    0.00    0.00    0.00    0.00    0.00    0.00    0.00    0.00  100.00
04:30:59 AM    6    0.00    0.00    0.00    0.00    0.00    0.00    0.00    0.00    0.00  100.00
04:30:59 AM    7    0.00    0.00    0.00    0.00    0.00    0.00    0.00    0.00    0.00  100.00

04:30:59 AM  CPU    %usr   %nice    %sys %iowait    %irq   %soft  %steal  %guest  %gnice   %idle
04:31:00 AM  all    0.38    0.00   27.91    0.00    0.00    0.38    0.00    0.00    0.00   71.34
04:31:00 AM    0    2.00    0.00   60.00    0.00    0.00    0.00    0.00    0.00    0.00   38.00
04:31:00 AM    1    1.02    0.00   64.29    0.00    0.00    0.00    0.00    0.00    0.00   34.69
04:31:00 AM    2    0.00    0.00    0.00    0.00    0.00    2.00    0.00    0.00    0.00   98.00
04:31:00 AM    3    0.00    0.00  100.00    0.00    0.00    0.00    0.00    0.00    0.00    0.00
04:31:00 AM    4    0.00    0.00    0.00    0.00    0.00    0.00    0.00    0.00    0.00  100.00
04:31:00 AM    5    0.00    0.00    0.00    0.00    0.00    0.99    0.00    0.00    0.00   99.01
04:31:00 AM    6    0.00    0.00    0.00    0.00    0.00    0.00    0.00    0.00    0.00  100.00
04:31:00 AM    7    0.00    0.00    0.00    0.00    0.00    0.00    0.00    0.00    0.00  100.00

04:31:00 AM  CPU    %usr   %nice    %sys %iowait    %irq   %soft  %steal  %guest  %gnice   %idle
04:31:01 AM  all    0.37    0.00   28.09    0.00    0.25    0.37    0.00    0.00    0.00   70.91
04:31:01 AM    0    1.01    0.00   59.60    0.00    1.01    1.01    0.00    0.00    0.00   37.37
04:31:01 AM    1    1.96    0.00   64.71    0.00    0.98    0.00    0.00    0.00    0.00   32.35
04:31:01 AM    2    0.00    0.00    0.00    0.00    0.00    2.00    0.00    0.00    0.00   98.00
04:31:01 AM    3    0.00    0.00  100.00    0.00    0.00    0.00    0.00    0.00    0.00    0.00
04:31:01 AM    4    0.00    0.00    0.00    0.00    0.00    0.00    0.00    0.00    0.00  100.00
04:31:01 AM    5    0.00    0.00    0.00    0.00    0.00    0.00    0.00    0.00    0.00  100.00
04:31:01 AM    6    0.00    0.00    0.00    0.00    0.00    0.00    0.00    0.00    0.00  100.00
04:31:01 AM    7    0.00    0.00    0.00    0.00    0.00    0.00    0.00    0.00    0.00  100.00

04:31:01 AM  CPU    %usr   %nice    %sys %iowait    %irq   %soft  %steal  %guest  %gnice   %idle
04:31:02 AM  all    0.38    0.00   28.68    0.00    0.00    0.25    0.00    0.00    0.00   70.69
04:31:02 AM    0    2.08    0.00   62.50    0.00    0.00    0.00    0.00    0.00    0.00   35.42
04:31:02 AM    1    1.00    0.00   68.00    0.00    0.00    0.00    0.00    0.00    0.00   31.00
04:31:02 AM    2    0.00    0.00    0.00    0.00    0.00    2.00    0.00    0.00    0.00   98.00
04:31:02 AM    3    0.00    0.00  100.00    0.00    0.00    0.00    0.00    0.00    0.00    0.00
04:31:02 AM    4    0.00    0.00    0.00    0.00    0.00    0.00    0.00    0.00    0.00  100.00
04:31:02 AM    5    0.00    0.00    0.00    0.00    0.00    0.00    0.00    0.00    0.00  100.00
04:31:02 AM    6    0.00    0.00    0.00    0.00    0.00    0.00    0.00    0.00    0.00  100.00
04:31:02 AM    7    0.00    0.00    0.00    0.00    0.00    0.00    0.00    0.00    0.00  100.00

04:31:02 AM  CPU    %usr   %nice    %sys %iowait    %irq   %soft  %steal  %guest  %gnice   %idle
04:31:03 AM  all    0.25    0.00   28.98    0.00    0.00    0.25    0.00    0.00    0.00   70.51
04:31:03 AM    0    1.03    0.00   67.01    0.00    0.00    0.00    0.00    0.00    0.00   31.96
04:31:03 AM    1    1.01    0.00   66.67    0.00    0.00    0.00    0.00    0.00    0.00   32.32
04:31:03 AM    2    0.00    0.00    0.00    0.00    0.00    2.00    0.00    0.00    0.00   98.00
04:31:03 AM    3    0.00    0.00  100.00    0.00    0.00    0.00    0.00    0.00    0.00    0.00
04:31:03 AM    4    0.00    0.00    0.00    0.00    0.00    0.00    0.00    0.00    0.00  100.00
04:31:03 AM    5    0.00    0.00    0.00    0.00    0.00    0.00    0.00    0.00    0.00  100.00
04:31:03 AM    6    0.00    0.00    0.00    0.00    0.00    0.00    0.00    0.00    0.00  100.00
04:31:03 AM    7    0.00    0.00    0.00    0.00    0.00    0.00    0.00    0.00    0.00  100.00

04:31:03 AM  CPU    %usr   %nice    %sys %iowait    %irq   %soft  %steal  %guest  %gnice   %idle
04:31:04 AM  all    0.38    0.00   29.50    0.00    0.25    0.25    0.00    0.00    0.00   69.62
04:31:04 AM    0    0.98    0.00   66.67    0.00    0.98    0.00    0.00    0.00    0.00   31.37
04:31:04 AM    1    2.00    0.00   68.00    0.00    0.00    1.00    0.00    0.00    0.00   29.00
04:31:04 AM    2    0.00    0.00    0.00    0.00    1.01    1.01    0.00    0.00    0.00   97.98
04:31:04 AM    3    0.00    0.00  100.00    0.00    0.00    0.00    0.00    0.00    0.00    0.00
04:31:04 AM    4    0.00    0.00    0.00    0.00    0.00    0.00    0.00    0.00    0.00  100.00
04:31:04 AM    5    0.00    0.00    0.00    0.00    0.00    0.00    0.00    0.00    0.00  100.00
04:31:04 AM    6    0.00    0.00    0.00    0.00    0.00    0.00    0.00    0.00    0.00  100.00
04:31:04 AM    7    0.00    0.00    0.00    0.00    0.00    0.00    0.00    0.00    0.00  100.00

04:31:04 AM  CPU    %usr   %nice    %sys %iowait    %irq   %soft  %steal  %guest  %gnice   %idle
04:31:05 AM  all    0.25    0.00   28.73    0.13    0.13    0.38    0.00    0.00    0.00   70.39
04:31:05 AM    0    1.05    0.00   64.21    1.05    0.00    0.00    0.00    0.00    0.00   33.68
04:31:05 AM    1    0.99    0.00   67.33    0.00    0.99    0.00    0.00    0.00    0.00   30.69
04:31:05 AM    2    0.00    0.00    0.00    0.00    0.00    2.00    0.00    0.00    0.00   98.00
04:31:05 AM    3    0.00    0.00  100.00    0.00    0.00    0.00    0.00    0.00    0.00    0.00
04:31:05 AM    4    0.00    0.00    0.00    0.00    0.00    0.00    0.00    0.00    0.00  100.00
04:31:05 AM    5    0.00    0.00    0.00    0.00    0.00    0.99    0.00    0.00    0.00   99.01
04:31:05 AM    6    0.00    0.00    0.00    0.00    0.00    0.00    0.00    0.00    0.00  100.00
04:31:05 AM    7    0.00    0.00    0.00    0.00    0.00    0.00    0.00    0.00    0.00  100.00

04:31:05 AM  CPU    %usr   %nice    %sys %iowait    %irq   %soft  %steal  %guest  %gnice   %idle
04:31:06 AM  all    0.25    0.00   29.61    0.00    0.13    0.38    0.00    0.00    0.00   69.64
04:31:06 AM    0    0.00    0.00   69.07    0.00    0.00    1.03    0.00    0.00    0.00   29.90
04:31:06 AM    1    2.02    0.00   69.70    0.00    0.00    0.00    0.00    0.00    0.00   28.28
04:31:06 AM    2    0.00    0.00    0.00    0.00    0.00    2.00    0.00    0.00    0.00   98.00
04:31:06 AM    3    0.00    0.00  100.00    0.00    0.00    0.00    0.00    0.00    0.00    0.00
04:31:06 AM    4    0.00    0.00    0.00    0.00    0.00    0.00    0.00    0.00    0.00  100.00
04:31:06 AM    5    0.00    0.00    0.00    0.00    0.99    0.00    0.00    0.00    0.00   99.01
04:31:06 AM    6    0.00    0.00    0.00    0.00    0.00    0.00    0.00    0.00    0.00  100.00
04:31:06 AM    7    0.00    0.00    0.00    0.00    0.00    0.00    0.00    0.00    0.00  100.00

04:31:06 AM  CPU    %usr   %nice    %sys %iowait    %irq   %soft  %steal  %guest  %gnice   %idle
04:31:07 AM  all    0.25    0.00   28.97    0.00    0.13    0.25    0.00    0.00    0.00   70.40
04:31:07 AM    0    2.04    0.00   66.33    0.00    1.02    0.00    0.00    0.00    0.00   30.61
04:31:07 AM    1    0.00    0.00   66.33    0.00    0.00    0.00    0.00    0.00    0.00   33.67
04:31:07 AM    2    0.00    0.00    0.00    0.00    0.00    2.02    0.00    0.00    0.00   97.98
04:31:07 AM    3    0.00    0.00  100.00    0.00    0.00    0.00    0.00    0.00    0.00    0.00
04:31:07 AM    4    0.00    0.00    0.00    0.00    0.00    0.00    0.00    0.00    0.00  100.00
04:31:07 AM    5    0.00    0.00    0.00    0.00    0.00    0.00    0.00    0.00    0.00  100.00
04:31:07 AM    6    0.00    0.00    0.00    0.00    0.00    0.00    0.00    0.00    0.00  100.00
04:31:07 AM    7    0.00    0.00    0.00    0.00    0.00    0.00    0.00    0.00    0.00  100.00

04:31:07 AM  CPU    %usr   %nice    %sys %iowait    %irq   %soft  %steal  %guest  %gnice   %idle
04:31:08 AM  all    0.38    0.00   29.36    0.00    0.25    0.25    0.00    0.00    0.00   69.76
04:31:08 AM    0    1.01    0.00   65.66    0.00    0.00    0.00    0.00    0.00    0.00   33.33
04:31:08 AM    1    2.06    0.00   71.13    0.00    1.03    0.00    0.00    0.00    0.00   25.77
04:31:08 AM    2    0.00    0.00    0.00    0.00    0.99    1.98    0.00    0.00    0.00   97.03
04:31:08 AM    3    0.00    0.00  100.00    0.00    0.00    0.00    0.00    0.00    0.00    0.00
04:31:08 AM    4    0.00    0.00    0.00    0.00    0.00    0.00    0.00    0.00    0.00  100.00
04:31:08 AM    5    0.00    0.00    0.00    0.00    0.00    0.00    0.00    0.00    0.00  100.00
04:31:08 AM    6    0.00    0.00    0.00    0.00    0.00    0.00    0.00    0.00    0.00  100.00
04:31:08 AM    7    0.00    0.00    0.00    0.00    0.00    0.00    0.00    0.00    0.00  100.00

04:31:08 AM  CPU    %usr   %nice    %sys %iowait    %irq   %soft  %steal  %guest  %gnice   %idle
04:31:09 AM  all    0.25    0.00   28.97    0.00    0.00    0.38    0.00    0.00    0.00   70.40
04:31:09 AM    0    1.02    0.00   63.27    0.00    0.00    0.00    0.00    0.00    0.00   35.71
04:31:09 AM    1    1.04    0.00   70.83    0.00    0.00    0.00    0.00    0.00    0.00   28.12
04:31:09 AM    2    0.00    0.00    0.00    0.00    0.00    2.00    0.00    0.00    0.00   98.00
04:31:09 AM    3    0.00    0.00  100.00    0.00    0.00    0.00    0.00    0.00    0.00    0.00
04:31:09 AM    4    0.00    0.00    0.00    0.00    0.00    0.00    0.00    0.00    0.00  100.00
04:31:09 AM    5    0.00    0.00    0.00    0.00    0.00    1.00    0.00    0.00    0.00   99.00
04:31:09 AM    6    0.00    0.00    0.00    0.00    0.00    0.00    0.00    0.00    0.00  100.00
04:31:09 AM    7    0.00    0.00    0.00    0.00    0.00    0.00    0.00    0.00    0.00  100.00

04:31:09 AM  CPU    %usr   %nice    %sys %iowait    %irq   %soft  %steal  %guest  %gnice   %idle
04:31:10 AM  all    0.13    0.00   30.05    0.00    0.13    0.13    0.00    0.00    0.00   69.57
04:31:10 AM    0    1.01    0.00   70.71    0.00    1.01    0.00    0.00    0.00    0.00   27.27
04:31:10 AM    1    0.00    0.00   72.34    0.00    0.00    0.00    0.00    0.00    0.00   27.66
04:31:10 AM    2    0.00    0.00    0.00    0.00    0.00    1.01    0.00    0.00    0.00   98.99
04:31:10 AM    3    0.00    0.00  100.00    0.00    0.00    0.00    0.00    0.00    0.00    0.00
04:31:10 AM    4    0.00    0.00    0.00    0.00    0.00    0.00    0.00    0.00    0.00  100.00
04:31:10 AM    5    0.00    0.00    0.00    0.00    0.00    0.00    0.00    0.00    0.00  100.00
04:31:10 AM    6    0.00    0.00    0.00    0.00    0.00    0.00    0.00    0.00    0.00  100.00
04:31:10 AM    7    0.00    0.00    0.00    0.00    0.00    0.00    0.00    0.00    0.00  100.00

04:31:10 AM  CPU    %usr   %nice    %sys %iowait    %irq   %soft  %steal  %guest  %gnice   %idle
04:31:11 AM  all    0.38    0.00   29.66    0.00    0.00    0.38    0.00    0.00    0.00   69.59
04:31:11 AM    0    2.00    0.00   68.00    0.00    0.00    1.00    0.00    0.00    0.00   29.00
04:31:11 AM    1    1.00    0.00   69.00    0.00    0.00    0.00    0.00    0.00    0.00   30.00
04:31:11 AM    2    0.00    0.00    0.00    0.00    0.00    2.02    0.00    0.00    0.00   97.98
04:31:11 AM    3    0.00    0.00  100.00    0.00    0.00    0.00    0.00    0.00    0.00    0.00
04:31:11 AM    4    0.00    0.00    0.00    0.00    0.00    0.00    0.00    0.00    0.00  100.00
04:31:11 AM    5    0.00    0.00    0.00    0.00    0.00    0.00    0.00    0.00    0.00  100.00
04:31:11 AM    6    0.00    0.00    0.00    0.00    0.00    0.00    0.00    0.00    0.00  100.00
04:31:11 AM    7    0.00    0.00    0.00    0.00    0.00    0.00    0.00    0.00    0.00  100.00

04:31:11 AM  CPU    %usr   %nice    %sys %iowait    %irq   %soft  %steal  %guest  %gnice   %idle
04:31:12 AM  all    0.25    0.00   28.64    0.00    0.25    0.25    0.00    0.00    0.00   70.60
04:31:12 AM    0    1.02    0.00   65.31    0.00    0.00    0.00    0.00    0.00    0.00   33.67
04:31:12 AM    1    1.02    0.00   65.31    0.00    1.02    0.00    0.00    0.00    0.00   32.65
04:31:12 AM    2    0.00    0.00    0.00    0.00    0.99    1.98    0.00    0.00    0.00   97.03
04:31:12 AM    3    0.00    0.00  100.00    0.00    0.00    0.00    0.00    0.00    0.00    0.00
04:31:12 AM    4    0.00    0.00    0.00    0.00    0.00    0.00    0.00    0.00    0.00  100.00
04:31:12 AM    5    0.00    0.00    0.00    0.00    0.00    0.00    0.00    0.00    0.00  100.00
04:31:12 AM    6    0.00    0.00    0.00    0.00    0.00    0.00    0.00    0.00    0.00  100.00
04:31:12 AM    7    0.00    0.00    0.00    0.00    0.00    0.00    0.00    0.00    0.00  100.00

04:31:12 AM  CPU    %usr   %nice    %sys %iowait    %irq   %soft  %steal  %guest  %gnice   %idle
04:31:13 AM  all    0.50    0.00   28.29    0.00    0.13    0.50    0.00    0.00    0.00   70.59
04:31:13 AM    0    1.02    0.00   64.29    0.00    1.02    0.00    0.00    0.00    0.00   33.67
04:31:13 AM    1    3.00    0.00   63.00    0.00    0.00    1.00    0.00    0.00    0.00   33.00
04:31:13 AM    2    0.00    0.00    0.00    0.00    0.00    2.00    0.00    0.00    0.00   98.00
04:31:13 AM    3    0.00    0.00  100.00    0.00    0.00    0.00    0.00    0.00    0.00    0.00
04:31:13 AM    4    0.00    0.00    0.00    0.00    0.00    0.00    0.00    0.00    0.00  100.00
04:31:13 AM    5    0.00    0.00    0.00    0.00    0.00    0.99    0.00    0.00    0.00   99.01
04:31:13 AM    6    0.00    0.00    0.00    0.00    0.00    0.00    0.00    0.00    0.00  100.00
04:31:13 AM    7    0.00    0.00    0.00    0.00    0.00    0.00    0.00    0.00    0.00  100.00

04:31:13 AM  CPU    %usr   %nice    %sys %iowait    %irq   %soft  %steal  %guest  %gnice   %idle
04:31:14 AM  all    0.25    0.00   28.93    0.00    0.00    0.25    0.00    0.00    0.00   70.57
04:31:14 AM    0    1.02    0.00   65.31    0.00    0.00    0.00    0.00    0.00    0.00   33.67
04:31:14 AM    1    1.01    0.00   66.67    0.00    0.00    0.00    0.00    0.00    0.00   32.32
04:31:14 AM    2    0.00    0.00    0.00    0.00    0.00    2.02    0.00    0.00    0.00   97.98
04:31:14 AM    3    0.00    0.00  100.00    0.00    0.00    0.00    0.00    0.00    0.00    0.00
04:31:14 AM    4    0.00    0.00    0.00    0.00    0.00    0.00    0.00    0.00    0.00  100.00
04:31:14 AM    5    0.00    0.00    0.00    0.00    0.00    0.00    0.00    0.00    0.00  100.00
04:31:14 AM    6    0.00    0.00    0.00    0.00    0.00    0.00    0.00    0.00    0.00  100.00
04:31:14 AM    7    0.00    0.00    0.00    0.00    0.00    0.00    0.00    0.00    0.00  100.00

04:31:14 AM  CPU    %usr   %nice    %sys %iowait    %irq   %soft  %steal  %guest  %gnice   %idle
04:31:15 AM  all    0.25    0.00   28.98    0.00    0.13    0.25    0.00    0.00    0.00   70.39
04:31:15 AM    0    1.01    0.00   66.67    0.00    0.00    0.00    0.00    0.00    0.00   32.32
04:31:15 AM    1    1.02    0.00   66.33    0.00    1.02    0.00    0.00    0.00    0.00   31.63
04:31:15 AM    2    0.00    0.00    0.00    0.00    0.00    2.00    0.00    0.00    0.00   98.00
04:31:15 AM    3    0.00    0.00  100.00    0.00    0.00    0.00    0.00    0.00    0.00    0.00
04:31:15 AM    4    0.00    0.00    0.00    0.00    0.00    0.00    0.00    0.00    0.00  100.00
04:31:15 AM    5    0.00    0.00    0.00    0.00    0.00    0.00    0.00    0.00    0.00  100.00
04:31:15 AM    6    0.00    0.00    0.00    0.00    0.00    0.00    0.00    0.00    0.00  100.00
04:31:15 AM    7    0.00    0.00    0.00    0.00    0.00    0.00    0.00    0.00    0.00  100.00

04:31:15 AM  CPU    %usr   %nice    %sys %iowait    %irq   %soft  %steal  %guest  %gnice   %idle
04:31:16 AM  all    0.38    0.00   29.04    0.00    0.13    0.25    0.00    0.00    0.00   70.21
04:31:16 AM    0    1.01    0.00   61.62    0.00    1.01    0.00    0.00    0.00    0.00   36.36
04:31:16 AM    1    2.00    0.00   71.00    0.00    0.00    0.00    0.00    0.00    0.00   27.00
04:31:16 AM    2    0.00    0.00    0.00    0.00    0.00    2.00    0.00    0.00    0.00   98.00
04:31:16 AM    3    0.00    0.00  100.00    0.00    0.00    0.00    0.00    0.00    0.00    0.00
04:31:16 AM    4    0.00    0.00    0.00    0.00    0.00    0.00    0.00    0.00    0.00  100.00
04:31:16 AM    5    0.00    0.00    0.00    0.00    0.00    0.00    0.00    0.00    0.00  100.00
04:31:16 AM    6    0.00    0.00    0.00    0.00    0.00    0.00    0.00    0.00    0.00  100.00
04:31:16 AM    7    0.00    0.00    0.00    0.00    0.00    0.00    0.00    0.00    0.00  100.00

04:31:16 AM  CPU    %usr   %nice    %sys %iowait    %irq   %soft  %steal  %guest  %gnice   %idle
04:31:17 AM  all    0.25    0.00   29.57    0.00    0.13    0.25    0.00    0.00    0.00   69.80
04:31:17 AM    0    2.02    0.00   65.66    0.00    0.00    1.01    0.00    0.00    0.00   31.31
04:31:17 AM    1    0.00    0.00   71.00    0.00    0.00    0.00    0.00    0.00    0.00   29.00
04:31:17 AM    2    0.00    0.00    0.00    0.00    1.00    1.00    0.00    0.00    0.00   98.00
04:31:17 AM    3    0.00    0.00  100.00    0.00    0.00    0.00    0.00    0.00    0.00    0.00
04:31:17 AM    4    0.00    0.00    0.00    0.00    0.00    0.00    0.00    0.00    0.00  100.00
04:31:17 AM    5    0.00    0.00    0.00    0.00    0.00    0.00    0.00    0.00    0.00  100.00
04:31:17 AM    6    0.00    0.00    0.00    0.00    0.00    0.00    0.00    0.00    0.00  100.00
04:31:17 AM    7    0.00    0.00    0.00    0.00    0.00    0.00    0.00    0.00    0.00  100.00

04:31:17 AM  CPU    %usr   %nice    %sys %iowait    %irq   %soft  %steal  %guest  %gnice   %idle
04:31:18 AM  all    0.25    0.00   28.21    0.00    0.00    0.38    0.00    0.00    0.00   71.16
04:31:18 AM    0    1.03    0.00   61.86    0.00    0.00    0.00    0.00    0.00    0.00   37.11
04:31:18 AM    1    1.04    0.00   66.67    0.00    0.00    0.00    0.00    0.00    0.00   32.29
04:31:18 AM    2    0.00    0.00    0.00    0.00    0.00    2.00    0.00    0.00    0.00   98.00
04:31:18 AM    3    0.00    0.00  100.00    0.00    0.00    0.00    0.00    0.00    0.00    0.00
04:31:18 AM    4    0.00    0.00    0.00    0.00    0.00    0.00    0.00    0.00    0.00  100.00
04:31:18 AM    5    0.00    0.00    0.00    0.00    0.00    0.99    0.00    0.00    0.00   99.01
04:31:18 AM    6    0.00    0.00    0.00    0.00    0.00    0.00    0.00    0.00    0.00  100.00
04:31:18 AM    7    0.00    0.00    0.00    0.00    0.00    0.00    0.00    0.00    0.00  100.00

04:31:18 AM  CPU    %usr   %nice    %sys %iowait    %irq   %soft  %steal  %guest  %gnice   %idle
04:31:19 AM  all    0.38    0.00   29.20    0.00    0.38    0.25    0.00    0.00    0.00   69.80
04:31:19 AM    0    1.02    0.00   67.35    0.00    1.02    0.00    0.00    0.00    0.00   30.61
04:31:19 AM    1    2.00    0.00   67.00    0.00    1.00    0.00    0.00    0.00    0.00   30.00
04:31:19 AM    2    0.00    0.00    0.00    0.00    0.00    2.02    0.00    0.00    0.00   97.98
04:31:19 AM    3    0.00    0.00  100.00    0.00    0.00    0.00    0.00    0.00    0.00    0.00
04:31:19 AM    4    0.00    0.00    0.00    0.00    0.00    0.00    0.00    0.00    0.00  100.00
04:31:19 AM    5    0.00    0.00    0.00    0.00    0.99    0.00    0.00    0.00    0.00   99.01
04:31:19 AM    6    0.00    0.00    0.00    0.00    0.00    0.00    0.00    0.00    0.00  100.00
04:31:19 AM    7    0.00    0.00    0.00    0.00    0.00    0.00    0.00    0.00    0.00  100.00

04:31:19 AM  CPU    %usr   %nice    %sys %iowait    %irq   %soft  %steal  %guest  %gnice   %idle
04:31:20 AM  all    0.25    0.00   29.40    0.00    0.00    0.25    0.00    0.00    0.00   70.10
04:31:20 AM    0    1.02    0.00   67.35    0.00    0.00    0.00    0.00    0.00    0.00   31.63
04:31:20 AM    1    1.01    0.00   68.69    0.00    0.00    0.00    0.00    0.00    0.00   30.30
04:31:20 AM    2    0.00    0.00    0.00    0.00    0.00    2.00    0.00    0.00    0.00   98.00
04:31:20 AM    3    0.00    0.00  100.00    0.00    0.00    0.00    0.00    0.00    0.00    0.00
04:31:20 AM    4    0.00    0.00    0.00    0.00    0.00    0.00    0.00    0.00    0.00  100.00
04:31:20 AM    5    0.00    0.00    0.00    0.00    0.00    0.00    0.00    0.00    0.00  100.00
04:31:20 AM    6    0.00    0.00    0.00    0.00    0.00    0.00    0.00    0.00    0.00  100.00
04:31:20 AM    7    0.00    0.00    0.00    0.00    0.00    0.00    0.00    0.00    0.00  100.00

04:31:20 AM  CPU    %usr   %nice    %sys %iowait    %irq   %soft  %steal  %guest  %gnice   %idle
04:31:21 AM  all    0.25    0.00   29.11    0.00    0.13    0.38    0.00    0.00    0.00   70.14
04:31:21 AM    0    1.02    0.00   67.35    0.00    0.00    1.02    0.00    0.00    0.00   30.61
04:31:21 AM    1    1.02    0.00   67.35    0.00    0.00    0.00    0.00    0.00    0.00   31.63
04:31:21 AM    2    0.00    0.00    0.00    0.00    0.99    1.98    0.00    0.00    0.00   97.03
04:31:21 AM    3    0.00    0.00  100.00    0.00    0.00    0.00    0.00    0.00    0.00    0.00
04:31:21 AM    4    0.00    0.00    0.00    0.00    0.00    0.00    0.00    0.00    0.00  100.00
04:31:21 AM    5    0.00    0.00    0.00    0.00    0.00    0.00    0.00    0.00    0.00  100.00
04:31:21 AM    6    0.00    0.00    0.00    0.00    0.00    0.00    0.00    0.00    0.00  100.00
04:31:21 AM    7    0.00    0.00    0.00    0.00    0.00    0.00    0.00    0.00    0.00  100.00

04:31:21 AM  CPU    %usr   %nice    %sys %iowait    %irq   %soft  %steal  %guest  %gnice   %idle
04:31:22 AM  all    0.25    0.00   27.64    0.00    0.25    0.50    0.00    0.00    0.00   71.36
04:31:22 AM    0    1.03    0.00   60.82    0.00    1.03    0.00    0.00    0.00    0.00   37.11
04:31:22 AM    1    1.00    0.00   61.00    0.00    1.00    1.00    0.00    0.00    0.00   36.00
04:31:22 AM    2    0.00    0.00    0.00    0.00    0.00    2.02    0.00    0.00    0.00   97.98
04:31:22 AM    3    0.00    0.00  100.00    0.00    0.00    0.00    0.00    0.00    0.00    0.00
04:31:22 AM    4    0.00    0.00    0.00    0.00    0.00    0.00    0.00    0.00    0.00  100.00
04:31:22 AM    5    0.00    0.00    0.00    0.00    0.00    1.00    0.00    0.00    0.00   99.00
04:31:22 AM    6    0.00    0.00    0.00    0.00    0.00    0.00    0.00    0.00    0.00  100.00
04:31:22 AM    7    0.00    0.00    0.00    0.00    0.00    0.00    0.00    0.00    0.00  100.00

04:31:22 AM  CPU    %usr   %nice    %sys %iowait    %irq   %soft  %steal  %guest  %gnice   %idle
04:31:23 AM  all    0.25    0.00   29.95    0.00    0.00    0.25    0.00    0.00    0.00   69.55
04:31:23 AM    0    1.01    0.00   67.68    0.00    0.00    0.00    0.00    0.00    0.00   31.31
04:31:23 AM    1    1.01    0.00   72.73    0.00    0.00    0.00    0.00    0.00    0.00   26.26
04:31:23 AM    2    0.00    0.00    0.00    0.00    0.00    2.00    0.00    0.00    0.00   98.00
04:31:23 AM    3    0.00    0.00  100.00    0.00    0.00    0.00    0.00    0.00    0.00    0.00
04:31:23 AM    4    0.00    0.00    0.00    0.00    0.00    0.00    0.00    0.00    0.00  100.00
04:31:23 AM    5    0.00    0.00    0.00    0.00    0.00    0.00    0.00    0.00    0.00  100.00
04:31:23 AM    6    0.00    0.00    0.00    0.00    0.00    0.00    0.00    0.00    0.00  100.00
04:31:23 AM    7    0.00    0.00    0.00    0.00    0.00    0.00    0.00    0.00    0.00  100.00

04:31:23 AM  CPU    %usr   %nice    %sys %iowait    %irq   %soft  %steal  %guest  %gnice   %idle
04:31:24 AM  all    0.38    0.00   29.26    0.00    0.00    0.13    0.00    0.00    0.00   70.24
04:31:24 AM    0    1.04    0.00   69.79    0.00    0.00    0.00    0.00    0.00    0.00   29.17
04:31:24 AM    1    2.04    0.00   66.33    0.00    0.00    0.00    0.00    0.00    0.00   31.63
04:31:24 AM    2    0.00    0.00    0.00    0.00    0.00    1.01    0.00    0.00    0.00   98.99
04:31:24 AM    3    0.00    0.00  100.00    0.00    0.00    0.00    0.00    0.00    0.00    0.00
04:31:24 AM    4    0.00    0.00    0.00    0.00    0.00    0.00    0.00    0.00    0.00  100.00
04:31:24 AM    5    0.00    0.00    0.00    0.00    0.00    0.00    0.00    0.00    0.00  100.00
04:31:24 AM    6    0.00    0.00    0.00    0.00    0.00    0.00    0.00    0.00    0.00  100.00
04:31:24 AM    7    0.00    0.00    0.00    0.00    0.00    0.00    0.00    0.00    0.00  100.00

04:31:24 AM  CPU    %usr   %nice    %sys %iowait    %irq   %soft  %steal  %guest  %gnice   %idle
04:31:25 AM  all    0.38    0.00   30.19    0.00    0.13    0.25    0.00    0.00    0.00   69.06
04:31:25 AM    0    2.06    0.00   69.07    0.00    1.03    0.00    0.00    0.00    0.00   27.84
04:31:25 AM    1    1.00    0.00   73.00    0.00    0.00    0.00    0.00    0.00    0.00   26.00
04:31:25 AM    2    0.00    0.00    0.00    0.00    0.00    2.02    0.00    0.00    0.00   97.98
04:31:25 AM    3    0.00    0.00  100.00    0.00    0.00    0.00    0.00    0.00    0.00    0.00
04:31:25 AM    4    0.00    0.00    0.00    0.00    0.00    0.00    0.00    0.00    0.00  100.00
04:31:25 AM    5    0.00    0.00    0.00    0.00    0.00    0.00    0.00    0.00    0.00  100.00
04:31:25 AM    6    0.00    0.00    0.00    0.00    0.00    0.00    0.00    0.00    0.00  100.00
04:31:25 AM    7    0.00    0.00    0.00    0.00    0.00    0.00    0.00    0.00    0.00  100.00

04:31:25 AM  CPU    %usr   %nice    %sys %iowait    %irq   %soft  %steal  %guest  %gnice   %idle
04:31:26 AM  all    0.25    0.00   29.12    0.00    0.25    0.50    0.00    0.00    0.00   69.88
04:31:26 AM    0    1.03    0.00   67.01    0.00    0.00    1.03    0.00    0.00    0.00   30.93
04:31:26 AM    1    0.99    0.00   67.33    0.00    0.99    0.00    0.00    0.00    0.00   30.69
04:31:26 AM    2    0.00    0.00    0.00    0.00    0.99    1.98    0.00    0.00    0.00   97.03
04:31:26 AM    3    0.00    0.00  100.00    0.00    0.00    0.00    0.00    0.00    0.00    0.00
04:31:26 AM    4    0.00    0.00    0.00    0.00    0.00    0.00    0.00    0.00    0.00  100.00
04:31:26 AM    5    0.00    0.00    0.00    0.00    0.00    0.99    0.00    0.00    0.00   99.01
04:31:26 AM    6    0.00    0.00    0.00    0.00    0.00    0.00    0.00    0.00    0.00  100.00
04:31:26 AM    7    0.00    0.00    0.00    0.00    0.00    0.00    0.00    0.00    0.00  100.00

04:31:26 AM  CPU    %usr   %nice    %sys %iowait    %irq   %soft  %steal  %guest  %gnice   %idle
04:31:27 AM  all    0.38    0.00   28.27    0.00    0.00    0.25    0.00    0.00    0.00   71.11
04:31:27 AM    0    2.02    0.00   64.65    0.00    0.00    0.00    0.00    0.00    0.00   33.33
04:31:27 AM    1    1.02    0.00   62.24    0.00    0.00    0.00    0.00    0.00    0.00   36.73
04:31:27 AM    2    0.00    0.00    0.00    0.00    0.00    2.00    0.00    0.00    0.00   98.00
04:31:27 AM    3    0.00    0.00  100.00    0.00    0.00    0.00    0.00    0.00    0.00    0.00
04:31:27 AM    4    0.00    0.00    0.00    0.00    0.00    0.00    0.00    0.00    0.00  100.00
04:31:27 AM    5    0.00    0.00    0.00    0.00    0.00    0.00    0.00    0.00    0.00  100.00
04:31:27 AM    6    0.00    0.00    0.00    0.00    0.00    0.00    0.00    0.00    0.00  100.00
04:31:27 AM    7    0.00    0.00    0.00    0.00    0.00    0.00    0.00    0.00    0.00  100.00

04:31:27 AM  CPU    %usr   %nice    %sys %iowait    %irq   %soft  %steal  %guest  %gnice   %idle
04:31:28 AM  all    0.25    0.00   29.69    0.00    0.13    0.25    0.00    0.00    0.00   69.69
04:31:28 AM    0    1.01    0.00   67.68    0.00    1.01    0.00    0.00    0.00    0.00   30.30
04:31:28 AM    1    1.03    0.00   71.13    0.00    0.00    0.00    0.00    0.00    0.00   27.84
04:31:28 AM    2    0.00    0.00    0.00    0.00    0.00    2.02    0.00    0.00    0.00   97.98
04:31:28 AM    3    0.00    0.00  100.00    0.00    0.00    0.00    0.00    0.00    0.00    0.00
04:31:28 AM    4    0.00    0.00    0.00    0.00    0.00    0.00    0.00    0.00    0.00  100.00
04:31:28 AM    5    0.00    0.00    0.00    0.00    0.00    0.00    0.00    0.00    0.00  100.00
04:31:28 AM    6    0.00    0.00    0.00    0.00    0.00    0.00    0.00    0.00    0.00  100.00
04:31:28 AM    7    0.00    0.00    0.00    0.00    0.00    0.00    0.00    0.00    0.00  100.00

04:31:28 AM  CPU    %usr   %nice    %sys %iowait    %irq   %soft  %steal  %guest  %gnice   %idle
04:31:29 AM  all    0.13    0.00   28.39    0.00    0.13    0.25    0.00    0.00    0.00   71.11
04:31:29 AM    0    0.00    0.00   66.32    0.00    0.00    0.00    0.00    0.00    0.00   33.68
04:31:29 AM    1    0.99    0.00   62.38    0.00    0.99    0.00    0.00    0.00    0.00   35.64
04:31:29 AM    2    0.00    0.00    0.00    0.00    0.00    2.00    0.00    0.00    0.00   98.00
04:31:29 AM    3    0.00    0.00  100.00    0.00    0.00    0.00    0.00    0.00    0.00    0.00
04:31:29 AM    4    0.00    0.00    0.00    0.00    0.00    0.00    0.00    0.00    0.00  100.00
04:31:29 AM    5    0.00    0.00    0.00    0.00    0.00    0.00    0.00    0.00    0.00  100.00
04:31:29 AM    6    0.00    0.00    0.00    0.00    0.00    0.00    0.00    0.00    0.00  100.00
04:31:29 AM    7    0.00    0.00    0.00    0.00    0.00    0.00    0.00    0.00    0.00  100.00

04:31:29 AM  CPU    %usr   %nice    %sys %iowait    %irq   %soft  %steal  %guest  %gnice   %idle
04:31:30 AM  all    0.25    0.00   29.89    0.00    0.13    0.25    0.00    0.00    0.00   69.48
04:31:30 AM    0    1.04    0.00   70.83    0.00    0.00    0.00    0.00    0.00    0.00   28.12
04:31:30 AM    1    1.03    0.00   71.13    0.00    0.00    0.00    0.00    0.00    0.00   27.84
04:31:30 AM    2    0.00    0.00    0.00    0.00    0.99    1.98    0.00    0.00    0.00   97.03
04:31:30 AM    3    0.00    0.00  100.00    0.00    0.00    0.00    0.00    0.00    0.00    0.00
04:31:30 AM    4    0.00    0.00    0.00    0.00    0.00    0.00    0.00    0.00    0.00  100.00
04:31:30 AM    5    0.00    0.00    0.00    0.00    0.00    0.00    0.00    0.00    0.00  100.00
04:31:30 AM    6    0.00    0.00    0.00    0.00    0.00    0.00    0.00    0.00    0.00  100.00
04:31:30 AM    7    0.00    0.00    0.00    0.00    0.00    0.00    0.00    0.00    0.00  100.00

04:31:30 AM  CPU    %usr   %nice    %sys %iowait    %irq   %soft  %steal  %guest  %gnice   %idle
04:31:31 AM  all    0.25    0.00   28.70    0.00    0.13    0.50    0.00    0.00    0.00   70.43
04:31:31 AM    0    1.01    0.00   65.66    0.00    1.01    0.00    0.00    0.00    0.00   32.32
04:31:31 AM    1    1.01    0.00   64.65    0.00    0.00    1.01    0.00    0.00    0.00   33.33
04:31:31 AM    2    0.00    0.00    0.00    0.00    0.00    2.02    0.00    0.00    0.00   97.98
04:31:31 AM    3    0.00    0.00  100.00    0.00    0.00    0.00    0.00    0.00    0.00    0.00
04:31:31 AM    4    0.00    0.00    0.00    0.00    0.00    0.00    0.00    0.00    0.00  100.00
04:31:31 AM    5    0.00    0.00    0.00    0.00    0.00    0.99    0.00    0.00    0.00   99.01
04:31:31 AM    6    0.00    0.00    0.00    0.00    0.00    0.00    0.00    0.00    0.00  100.00
04:31:31 AM    7    0.00    0.00    0.00    0.00    0.00    0.00    0.00    0.00    0.00  100.00

04:31:31 AM  CPU    %usr   %nice    %sys %iowait    %irq   %soft  %steal  %guest  %gnice   %idle
04:31:32 AM  all    0.25    0.00   29.04    0.00    0.13    0.38    0.00    0.00    0.00   70.21
04:31:32 AM    0    1.01    0.00   65.66    0.00    0.00    1.01    0.00    0.00    0.00   32.32
04:31:32 AM    1    1.01    0.00   67.68    0.00    0.00    0.00    0.00    0.00    0.00   31.31
04:31:32 AM    2    0.00    0.00    0.00    0.00    0.00    2.00    0.00    0.00    0.00   98.00
04:31:32 AM    3    0.00    0.00  100.00    0.00    0.00    0.00    0.00    0.00    0.00    0.00
04:31:32 AM    4    0.00    0.00    0.00    0.00    0.00    0.00    0.00    0.00    0.00  100.00
04:31:32 AM    5    0.00    0.00    0.00    0.00    0.99    0.00    0.00    0.00    0.00   99.01
04:31:32 AM    6    0.00    0.00    0.00    0.00    0.00    0.00    0.00    0.00    0.00  100.00
04:31:32 AM    7    0.00    0.00    0.00    0.00    0.00    0.00    0.00    0.00    0.00  100.00

04:31:32 AM  CPU    %usr   %nice    %sys %iowait    %irq   %soft  %steal  %guest  %gnice   %idle
04:31:33 AM  all    0.25    0.00   30.19    0.00    0.13    0.13    0.00    0.00    0.00   69.31
04:31:33 AM    0    1.03    0.00   72.16    0.00    0.00    0.00    0.00    0.00    0.00   26.80
04:31:33 AM    1    1.00    0.00   70.00    0.00    1.00    0.00    0.00    0.00    0.00   28.00
04:31:33 AM    2    0.00    0.00    0.00    0.00    0.00    1.01    0.00    0.00    0.00   98.99
04:31:33 AM    3    0.00    0.00  100.00    0.00    0.00    0.00    0.00    0.00    0.00    0.00
04:31:33 AM    4    0.00    0.00    0.00    0.00    0.00    0.00    0.00    0.00    0.00  100.00
04:31:33 AM    5    0.00    0.00    0.00    0.00    0.00    0.00    0.00    0.00    0.00  100.00
04:31:33 AM    6    0.00    0.00    0.00    0.00    0.00    0.00    0.00    0.00    0.00  100.00
04:31:33 AM    7    0.00    0.00    0.00    0.00    0.00    0.00    0.00    0.00    0.00  100.00

04:31:33 AM  CPU    %usr   %nice    %sys %iowait    %irq   %soft  %steal  %guest  %gnice   %idle
04:31:34 AM  all    0.38    0.00   28.45    0.00    0.13    0.25    0.00    0.00    0.00   70.80
04:31:34 AM    0    2.00    0.00   59.00    0.00    1.00    0.00    0.00    0.00    0.00   38.00
04:31:34 AM    1    1.02    0.00   69.39    0.00    0.00    0.00    0.00    0.00    0.00   29.59
04:31:34 AM    2    0.00    0.00    0.00    0.00    0.00    2.00    0.00    0.00    0.00   98.00
04:31:34 AM    3    0.00    0.00  100.00    0.00    0.00    0.00    0.00    0.00    0.00    0.00
04:31:34 AM    4    0.00    0.00    0.00    0.00    0.00    0.00    0.00    0.00    0.00  100.00
04:31:34 AM    5    0.00    0.00    0.00    0.00    0.00    0.00    0.00    0.00    0.00  100.00
04:31:34 AM    6    0.00    0.00    0.00    0.00    0.00    0.00    0.00    0.00    0.00  100.00
04:31:34 AM    7    0.00    0.00    0.00    0.00    0.00    0.00    0.00    0.00    0.00  100.00

04:31:34 AM  CPU    %usr   %nice    %sys %iowait    %irq   %soft  %steal  %guest  %gnice   %idle
04:31:35 AM  all    0.50    0.00   30.52    0.00    0.13    0.38    0.00    0.00    0.00   68.47
04:31:35 AM    0    1.05    0.00   73.68    0.00    0.00    0.00    0.00    0.00    0.00   25.26
04:31:35 AM    1    3.06    0.00   73.47    0.00    0.00    0.00    0.00    0.00    0.00   23.47
04:31:35 AM    2    0.00    0.00    0.00    0.00    1.00    2.00    0.00    0.00    0.00   97.00
04:31:35 AM    3    0.00    0.00  100.00    0.00    0.00    0.00    0.00    0.00    0.00    0.00
04:31:35 AM    4    0.00    0.00    0.00    0.00    0.00    0.00    0.00    0.00    0.00  100.00
04:31:35 AM    5    0.00    0.00    0.00    0.00    0.00    1.00    0.00    0.00    0.00   99.00
04:31:35 AM    6    0.00    0.00    0.00    0.00    0.00    0.00    0.00    0.00    0.00  100.00
04:31:35 AM    7    0.00    0.00    0.00    0.00    0.00    0.00    0.00    0.00    0.00  100.00

04:31:35 AM  CPU    %usr   %nice    %sys %iowait    %irq   %soft  %steal  %guest  %gnice   %idle
04:31:36 AM  all    0.13    0.00   29.61    0.00    0.13    0.25    0.00    0.00    0.00   69.89
04:31:36 AM    0    1.03    0.00   70.10    0.00    0.00    0.00    0.00    0.00    0.00   28.87
04:31:36 AM    1    0.00    0.00   68.00    0.00    1.00    0.00    0.00    0.00    0.00   31.00
04:31:36 AM    2    0.00    0.00    0.00    0.00    0.00    2.00    0.00    0.00    0.00   98.00
04:31:36 AM    3    0.00    0.00  100.00    0.00    0.00    0.00    0.00    0.00    0.00    0.00
04:31:36 AM    4    0.00    0.00    0.00    0.00    0.00    0.00    0.00    0.00    0.00  100.00
04:31:36 AM    5    0.00    0.00    0.00    0.00    0.00    0.00    0.00    0.00    0.00  100.00
04:31:36 AM    6    0.00    0.00    0.00    0.00    0.00    0.00    0.00    0.00    0.00  100.00
04:31:36 AM    7    0.00    0.00    0.00    0.00    0.00    0.00    0.00    0.00    0.00  100.00

04:31:36 AM  CPU    %usr   %nice    %sys %iowait    %irq   %soft  %steal  %guest  %gnice   %idle
04:31:37 AM  all    0.38    0.00   28.95    0.00    0.13    0.38    0.00    0.00    0.00   70.18
04:31:37 AM    0    1.00    0.00   63.00    0.00    1.00    1.00    0.00    0.00    0.00   34.00
04:31:37 AM    1    2.02    0.00   68.69    0.00    0.00    0.00    0.00    0.00    0.00   29.29
04:31:37 AM    2    0.00    0.00    0.00    0.00    0.00    2.00    0.00    0.00    0.00   98.00
04:31:37 AM    3    0.00    0.00  100.00    0.00    0.00    0.00    0.00    0.00    0.00    0.00
04:31:37 AM    4    0.00    0.00    0.00    0.00    0.00    0.00    0.00    0.00    0.00  100.00
04:31:37 AM    5    0.00    0.00    0.00    0.00    0.00    0.00    0.00    0.00    0.00  100.00
04:31:37 AM    6    0.00    0.00    0.00    0.00    0.00    0.00    0.00    0.00    0.00  100.00
04:31:37 AM    7    0.00    0.00    0.00    0.00    0.00    0.00    0.00    0.00    0.00  100.00

04:31:37 AM  CPU    %usr   %nice    %sys %iowait    %irq   %soft  %steal  %guest  %gnice   %idle
04:31:38 AM  all    0.25    0.00   29.94    0.00    0.00    0.25    0.00    0.00    0.00   69.56
04:31:38 AM    0    2.02    0.00   69.70    0.00    0.00    0.00    0.00    0.00    0.00   28.28
04:31:38 AM    1    0.00    0.00   71.13    0.00    0.00    0.00    0.00    0.00    0.00   28.87
04:31:38 AM    2    0.00    0.00    0.00    0.00    0.00    2.02    0.00    0.00    0.00   97.98
04:31:38 AM    3    0.00    0.00  100.00    0.00    0.00    0.00    0.00    0.00    0.00    0.00
04:31:38 AM    4    0.00    0.00    0.00    0.00    0.00    0.00    0.00    0.00    0.00  100.00
04:31:38 AM    5    0.00    0.00    0.00    0.00    0.00    0.00    0.00    0.00    0.00  100.00
04:31:38 AM    6    0.00    0.00    0.00    0.00    0.00    0.00    0.00    0.00    0.00  100.00
04:31:38 AM    7    0.00    0.00    0.00    0.00    0.00    0.00    0.00    0.00    0.00  100.00

04:31:38 AM  CPU    %usr   %nice    %sys %iowait    %irq   %soft  %steal  %guest  %gnice   %idle
04:31:39 AM  all    0.38    0.00   28.86    0.00    0.13    0.38    0.00    0.00    0.00   70.26
04:31:39 AM    0    2.06    0.00   69.07    0.00    0.00    0.00    0.00    0.00    0.00   28.87
04:31:39 AM    1    1.02    0.00   64.29    0.00    0.00    0.00    0.00    0.00    0.00   34.69
04:31:39 AM    2    0.00    0.00    0.00    0.00    0.99    1.98    0.00    0.00    0.00   97.03
04:31:39 AM    3    0.00    0.00  100.00    0.00    0.00    0.00    0.00    0.00    0.00    0.00
04:31:39 AM    4    0.00    0.00    0.00    0.00    0.00    0.00    0.00    0.00    0.00  100.00
04:31:39 AM    5    0.00    0.00    0.00    0.00    0.00    0.99    0.00    0.00    0.00   99.01
04:31:39 AM    6    0.00    0.00    0.00    0.00    0.00    0.00    0.00    0.00    0.00  100.00
04:31:39 AM    7    0.00    0.00    0.00    0.00    0.00    0.00    0.00    0.00    0.00  100.00

04:31:39 AM  CPU    %usr   %nice    %sys %iowait    %irq   %soft  %steal  %guest  %gnice   %idle
04:31:40 AM  all    0.12    0.00   28.62    0.00    0.25    0.38    0.00    0.00    0.00   70.62
04:31:40 AM    0    0.00    0.00   65.35    0.00    0.99    0.00    0.00    0.00    0.00   33.66
04:31:40 AM    1    1.00    0.00   63.00    0.00    1.00    1.00    0.00    0.00    0.00   34.00
04:31:40 AM    2    0.00    0.00    0.00    0.00    0.00    2.00    0.00    0.00    0.00   98.00
04:31:40 AM    3    0.00    0.00  100.00    0.00    0.00    0.00    0.00    0.00    0.00    0.00
04:31:40 AM    4    0.00    0.00    0.00    0.00    0.00    0.00    0.00    0.00    0.00  100.00
04:31:40 AM    5    0.00    0.00    0.00    0.00    0.00    0.00    0.00    0.00    0.00  100.00
04:31:40 AM    6    0.00    0.00    0.00    0.00    0.00    0.00    0.00    0.00    0.00  100.00
04:31:40 AM    7    0.00    0.00    0.00    0.00    0.00    0.00    0.00    0.00    0.00  100.00

04:31:40 AM  CPU    %usr   %nice    %sys %iowait    %irq   %soft  %steal  %guest  %gnice   %idle
04:31:41 AM  all    0.38    0.00   28.41    0.00    0.00    0.13    0.00    0.00    0.00   71.09
04:31:41 AM    0    2.02    0.00   60.61    0.00    0.00    0.00    0.00    0.00    0.00   37.37
04:31:41 AM    1    0.99    0.00   66.34    0.00    0.00    0.00    0.00    0.00    0.00   32.67
04:31:41 AM    2    0.00    0.00    0.00    0.00    0.00    1.01    0.00    0.00    0.00   98.99
04:31:41 AM    3    0.00    0.00  100.00    0.00    0.00    0.00    0.00    0.00    0.00    0.00
04:31:41 AM    4    0.00    0.00    0.00    0.00    0.00    0.00    0.00    0.00    0.00  100.00
04:31:41 AM    5    0.00    0.00    0.00    0.00    0.00    0.00    0.00    0.00    0.00  100.00
04:31:41 AM    6    0.00    0.00    0.00    0.00    0.00    0.00    0.00    0.00    0.00  100.00
04:31:41 AM    7    0.00    0.00    0.00    0.00    0.00    0.00    0.00    0.00    0.00  100.00

04:31:41 AM  CPU    %usr   %nice    %sys %iowait    %irq   %soft  %steal  %guest  %gnice   %idle
04:31:42 AM  all    0.25    0.00   28.81    0.00    0.00    0.25    0.00    0.00    0.00   70.69
04:31:42 AM    0    1.01    0.00   66.67    0.00    0.00    0.00    0.00    0.00    0.00   32.32
04:31:42 AM    1    1.03    0.00   64.95    0.00    0.00    0.00    0.00    0.00    0.00   34.02
04:31:42 AM    2    0.00    0.00    0.00    0.00    0.00    2.02    0.00    0.00    0.00   97.98
04:31:42 AM    3    0.00    0.00  100.00    0.00    0.00    0.00    0.00    0.00    0.00    0.00
04:31:42 AM    4    0.00    0.00    0.00    0.00    0.00    0.00    0.00    0.00    0.00  100.00
04:31:42 AM    5    0.00    0.00    0.00    0.00    0.00    0.00    0.00    0.00    0.00  100.00
04:31:42 AM    6    0.00    0.00    0.00    0.00    0.00    0.00    0.00    0.00    0.00  100.00
04:31:42 AM    7    0.00    0.00    0.00    0.00    0.00    0.00    0.00    0.00    0.00  100.00

04:31:42 AM  CPU    %usr   %nice    %sys %iowait    %irq   %soft  %steal  %guest  %gnice   %idle
04:31:43 AM  all    0.25    0.00   28.20    0.00    0.13    0.38    0.00    0.00    0.00   71.05
04:31:43 AM    0    1.01    0.00   61.62    0.00    1.01    1.01    0.00    0.00    0.00   35.35
04:31:43 AM    1    1.00    0.00   64.00    0.00    0.00    0.00    0.00    0.00    0.00   35.00
04:31:43 AM    2    0.00    0.00    0.00    0.00    0.00    2.00    0.00    0.00    0.00   98.00
04:31:43 AM    3    0.00    0.00  100.00    0.00    0.00    0.00    0.00    0.00    0.00    0.00
04:31:43 AM    4    0.00    0.00    0.00    0.00    0.00    0.00    0.00    0.00    0.00  100.00
04:31:43 AM    5    0.00    0.00    0.00    0.00    0.00    0.00    0.00    0.00    0.00  100.00
04:31:43 AM    6    0.00    0.00    0.00    0.00    0.00    0.00    0.00    0.00    0.00  100.00
04:31:43 AM    7    0.00    0.00    0.00    0.00    0.00    0.00    0.00    0.00    0.00  100.00

04:31:43 AM  CPU    %usr   %nice    %sys %iowait    %irq   %soft  %steal  %guest  %gnice   %idle
04:31:44 AM  all    0.25    0.00   28.57    0.00    0.25    0.38    0.00    0.00    0.00   70.55
04:31:44 AM    0    1.03    0.00   64.95    0.00    0.00    0.00    0.00    0.00    0.00   34.02
04:31:44 AM    1    1.01    0.00   65.66    0.00    1.01    0.00    0.00    0.00    0.00   32.32
04:31:44 AM    2    0.00    0.00    0.00    0.00    0.99    1.98    0.00    0.00    0.00   97.03
04:31:44 AM    3    0.00    0.00  100.00    0.00    0.00    0.00    0.00    0.00    0.00    0.00
04:31:44 AM    4    0.00    0.00    0.00    0.00    0.00    0.00    0.00    0.00    0.00  100.00
04:31:44 AM    5    0.00    0.00    0.00    0.00    0.00    0.99    0.00    0.00    0.00   99.01
04:31:44 AM    6    0.00    0.00    0.00    0.00    0.00    0.00    0.00    0.00    0.00  100.00
04:31:44 AM    7    0.00    0.00    0.00    0.00    0.00    0.00    0.00    0.00    0.00  100.00

04:31:44 AM  CPU    %usr   %nice    %sys %iowait    %irq   %soft  %steal  %guest  %gnice   %idle
04:31:45 AM  all    0.38    0.00   28.48    0.00    0.13    0.25    0.00    0.00    0.00   70.77
04:31:45 AM    0    1.01    0.00   61.62    0.00    0.00    0.00    0.00    0.00    0.00   37.37
04:31:45 AM    1    2.02    0.00   66.67    0.00    0.00    0.00    0.00    0.00    0.00   31.31
04:31:45 AM    2    0.00    0.00    0.00    0.00    0.00    2.02    0.00    0.00    0.00   97.98
04:31:45 AM    3    0.00    0.00  100.00    0.00    0.00    0.00    0.00    0.00    0.00    0.00
04:31:45 AM    4    0.00    0.00    0.00    0.00    0.00    0.00    0.00    0.00    0.00  100.00
04:31:45 AM    5    0.00    0.00    0.00    0.00    1.00    0.00    0.00    0.00    0.00   99.00
04:31:45 AM    6    0.00    0.00    0.00    0.00    0.00    0.00    0.00    0.00    0.00  100.00
04:31:45 AM    7    0.00    0.00    0.00    0.00    0.00    0.00    0.00    0.00    0.00  100.00

04:31:45 AM  CPU    %usr   %nice    %sys %iowait    %irq   %soft  %steal  %guest  %gnice   %idle
04:31:46 AM  all    0.25    0.00   28.89    0.00    0.13    0.25    0.00    0.00    0.00   70.48
04:31:46 AM    0    1.02    0.00   61.22    0.00    1.02    0.00    0.00    0.00    0.00   36.73
04:31:46 AM    1    1.02    0.00   71.43    0.00    0.00    0.00    0.00    0.00    0.00   27.55
04:31:46 AM    2    0.00    0.00    0.00    0.00    0.00    2.00    0.00    0.00    0.00   98.00
04:31:46 AM    3    0.00    0.00  100.00    0.00    0.00    0.00    0.00    0.00    0.00    0.00
04:31:46 AM    4    0.00    0.00    0.00    0.00    0.00    0.00    0.00    0.00    0.00  100.00
04:31:46 AM    5    0.00    0.00    0.00    0.00    0.00    0.00    0.00    0.00    0.00  100.00
04:31:46 AM    6    0.00    0.00    0.00    0.00    0.00    0.00    0.00    0.00    0.00  100.00
04:31:46 AM    7    0.00    0.00    0.00    0.00    0.00    0.00    0.00    0.00    0.00  100.00

04:31:46 AM  CPU    %usr   %nice    %sys %iowait    %irq   %soft  %steal  %guest  %gnice   %idle
04:31:47 AM  all    0.38    0.00   29.25    0.00    0.25    0.12    0.00    0.00    0.00   70.00
04:31:47 AM    0    2.02    0.00   66.67    0.00    0.00    0.00    0.00    0.00    0.00   31.31
04:31:47 AM    1    0.99    0.00   67.33    0.00    0.99    0.00    0.00    0.00    0.00   30.69
04:31:47 AM    2    0.00    0.00    0.00    0.00    0.00    1.01    0.00    0.00    0.00   98.99
04:31:47 AM    3    0.00    0.00   99.01    0.00    0.99    0.00    0.00    0.00    0.00    0.00
04:31:47 AM    4    0.00    0.00    0.00    0.00    0.00    0.00    0.00    0.00    0.00  100.00
04:31:47 AM    5    0.00    0.00    0.00    0.00    0.00    0.00    0.00    0.00    0.00  100.00
04:31:47 AM    6    0.00    0.00    0.00    0.00    0.00    0.00    0.00    0.00    0.00  100.00
04:31:47 AM    7    0.00    0.00    0.00    0.00    0.00    0.00    0.00    0.00    0.00  100.00

04:31:47 AM  CPU    %usr   %nice    %sys %iowait    %irq   %soft  %steal  %guest  %gnice   %idle
04:31:48 AM  all    0.25    0.00   29.46    0.00    0.12    0.50    0.00    0.00    0.00   69.66
04:31:48 AM    0    0.00    0.00   66.67    0.00    0.00    1.01    0.00    0.00    0.00   32.32
04:31:48 AM    1    1.98    0.00   69.31    0.00    0.00    0.00    0.00    0.00    0.00   28.71
04:31:48 AM    2    0.00    0.00    0.00    0.00    0.99    1.98    0.00    0.00    0.00   97.03
04:31:48 AM    3    0.00    0.00  100.00    0.00    0.00    0.00    0.00    0.00    0.00    0.00
04:31:48 AM    4    0.00    0.00    0.00    0.00    0.00    0.00    0.00    0.00    0.00  100.00
04:31:48 AM    5    0.00    0.00    0.00    0.00    0.00    1.00    0.00    0.00    0.00   99.00
04:31:48 AM    6    0.00    0.00    0.00    0.00    0.00    0.00    0.00    0.00    0.00  100.00
04:31:48 AM    7    0.00    0.00    0.00    0.00    0.00    0.00    0.00    0.00    0.00  100.00

04:31:48 AM  CPU    %usr   %nice    %sys %iowait    %irq   %soft  %steal  %guest  %gnice   %idle
04:31:49 AM  all    0.25    0.00   29.61    0.00    0.13    0.38    0.00    0.00    0.00   69.64
04:31:49 AM    0    1.01    0.00   67.68    0.00    1.01    0.00    0.00    0.00    0.00   30.30
04:31:49 AM    1    1.01    0.00   69.70    0.00    0.00    1.01    0.00    0.00    0.00   28.28
04:31:49 AM    2    0.00    0.00    0.00    0.00    0.00    2.02    0.00    0.00    0.00   97.98
04:31:49 AM    3    0.00    0.00  100.00    0.00    0.00    0.00    0.00    0.00    0.00    0.00
04:31:49 AM    4    0.00    0.00    0.00    0.00    0.00    0.00    0.00    0.00    0.00  100.00
04:31:49 AM    5    0.00    0.00    0.00    0.00    0.00    0.00    0.00    0.00    0.00  100.00
04:31:49 AM    6    0.00    0.00    0.00    0.00    0.00    0.00    0.00    0.00    0.00  100.00
04:31:49 AM    7    0.00    0.00    0.00    0.00    0.00    0.00    0.00    0.00    0.00  100.00

04:31:49 AM  CPU    %usr   %nice    %sys %iowait    %irq   %soft  %steal  %guest  %gnice   %idle
04:31:50 AM  all    0.50    0.00   29.16    0.00    0.00    0.25    0.00    0.00    0.00   70.09
04:31:50 AM    0    2.00    0.00   63.00    0.00    0.00    0.00    0.00    0.00    0.00   35.00
04:31:50 AM    1    2.02    0.00   70.71    0.00    0.00    0.00    0.00    0.00    0.00   27.27
04:31:50 AM    2    0.00    0.00    0.00    0.00    0.00    2.00    0.00    0.00    0.00   98.00
04:31:50 AM    3    0.00    0.00  100.00    0.00    0.00    0.00    0.00    0.00    0.00    0.00
04:31:50 AM    4    0.00    0.00    0.00    0.00    0.00    0.00    0.00    0.00    0.00  100.00
04:31:50 AM    5    0.00    0.00    0.00    0.00    0.00    0.00    0.00    0.00    0.00  100.00
04:31:50 AM    6    0.00    0.00    0.00    0.00    0.00    0.00    0.00    0.00    0.00  100.00
04:31:50 AM    7    0.00    0.00    0.00    0.00    0.00    0.00    0.00    0.00    0.00  100.00

04:31:50 AM  CPU    %usr   %nice    %sys %iowait    %irq   %soft  %steal  %guest  %gnice   %idle
04:31:51 AM  all    0.25    0.00   29.26    0.00    0.13    0.25    0.00    0.00    0.00   70.11
04:31:51 AM    0    1.03    0.00   64.95    0.00    0.00    0.00    0.00    0.00    0.00   34.02
04:31:51 AM    1    1.03    0.00   71.13    0.00    1.03    0.00    0.00    0.00    0.00   26.80
04:31:51 AM    2    0.00    0.00    0.00    0.00    0.00    2.00    0.00    0.00    0.00   98.00
04:31:51 AM    3    0.00    0.00  100.00    0.00    0.00    0.00    0.00    0.00    0.00    0.00
04:31:51 AM    4    0.00    0.00    0.00    0.00    0.00    0.00    0.00    0.00    0.00  100.00
04:31:51 AM    5    0.00    0.00    0.00    0.00    0.00    0.00    0.00    0.00    0.00  100.00
04:31:51 AM    6    0.00    0.00    0.00    0.00    0.00    0.00    0.00    0.00    0.00  100.00
04:31:51 AM    7    0.00    0.00    0.00    0.00    0.00    0.00    0.00    0.00    0.00  100.00

04:31:51 AM  CPU    %usr   %nice    %sys %iowait    %irq   %soft  %steal  %guest  %gnice   %idle
04:31:52 AM  all    0.38    0.00   29.32    0.00    0.13    0.25    0.00    0.00    0.00   69.92
04:31:52 AM    0    1.01    0.00   68.69    0.00    1.01    0.00    0.00    0.00    0.00   29.29
04:31:52 AM    1    2.02    0.00   66.67    0.00    0.00    0.00    0.00    0.00    0.00   31.31
04:31:52 AM    2    0.00    0.00    0.00    0.00    0.00    1.01    0.00    0.00    0.00   98.99
04:31:52 AM    3    0.00    0.00  100.00    0.00    0.00    0.00    0.00    0.00    0.00    0.00
04:31:52 AM    4    0.00    0.00    0.00    0.00    0.00    0.00    0.00    0.00    0.00  100.00
04:31:52 AM    5    0.00    0.00    0.00    0.00    0.00    0.99    0.00    0.00    0.00   99.01
04:31:52 AM    6    0.00    0.00    0.00    0.00    0.00    0.00    0.00    0.00    0.00  100.00
04:31:52 AM    7    0.00    0.00    0.00    0.00    0.00    0.00    0.00    0.00    0.00  100.00

04:31:52 AM  CPU    %usr   %nice    %sys %iowait    %irq   %soft  %steal  %guest  %gnice   %idle
04:31:53 AM  all    0.25    0.00   29.09    0.00    0.13    0.38    0.00    0.00    0.00   70.15
04:31:53 AM    0    1.02    0.00   67.35    0.00    0.00    1.02    0.00    0.00    0.00   30.61
04:31:53 AM    1    1.04    0.00   67.71    0.00    0.00    0.00    0.00    0.00    0.00   31.25
04:31:53 AM    2    0.00    0.00    0.00    0.00    0.99    1.98    0.00    0.00    0.00   97.03
04:31:53 AM    3    0.00    0.00  100.00    0.00    0.00    0.00    0.00    0.00    0.00    0.00
04:31:53 AM    4    0.00    0.00    0.00    0.00    0.00    0.00    0.00    0.00    0.00  100.00
04:31:53 AM    5    0.00    0.00    0.00    0.00    0.00    0.00    0.00    0.00    0.00  100.00
04:31:53 AM    6    0.00    0.00    0.00    0.00    0.00    0.00    0.00    0.00    0.00  100.00
04:31:53 AM    7    0.00    0.00    0.00    0.00    0.00    0.00    0.00    0.00    0.00  100.00

04:31:53 AM  CPU    %usr   %nice    %sys %iowait    %irq   %soft  %steal  %guest  %gnice   %idle
04:31:54 AM  all    0.38    0.00   28.50    0.00    0.00    0.25    0.00    0.00    0.00   70.88
04:31:54 AM    0    1.98    0.00   66.34    0.00    0.00    0.00    0.00    0.00    0.00   31.68
04:31:54 AM    1    1.00    0.00   61.00    0.00    0.00    0.00    0.00    0.00    0.00   38.00
04:31:54 AM    2    0.00    0.00    0.00    0.00    0.00    2.02    0.00    0.00    0.00   97.98
04:31:54 AM    3    0.00    0.00  100.00    0.00    0.00    0.00    0.00    0.00    0.00    0.00
04:31:54 AM    4    0.00    0.00    0.00    0.00    0.00    0.00    0.00    0.00    0.00  100.00
04:31:54 AM    5    0.00    0.00    0.00    0.00    0.00    0.00    0.00    0.00    0.00  100.00
04:31:54 AM    6    0.00    0.00    0.00    0.00    0.00    0.00    0.00    0.00    0.00  100.00
04:31:54 AM    7    0.00    0.00    0.00    0.00    0.00    0.00    0.00    0.00    0.00  100.00

04:31:54 AM  CPU    %usr   %nice    %sys %iowait    %irq   %soft  %steal  %guest  %gnice   %idle
04:31:55 AM  all    0.13    0.00   29.04    0.00    0.25    0.25    0.00    0.00    0.00   70.34
04:31:55 AM    0    0.00    0.00   66.00    0.00    1.00    0.00    0.00    0.00    0.00   33.00
04:31:55 AM    1    1.01    0.00   66.67    0.00    1.01    0.00    0.00    0.00    0.00   31.31
04:31:55 AM    2    0.00    0.00    0.00    0.00    0.00    2.00    0.00    0.00    0.00   98.00
04:31:55 AM    3    0.00    0.00  100.00    0.00    0.00    0.00    0.00    0.00    0.00    0.00
04:31:55 AM    4    0.00    0.00    0.00    0.00    0.00    0.00    0.00    0.00    0.00  100.00
04:31:55 AM    5    0.00    0.00    0.00    0.00    0.00    0.00    0.00    0.00    0.00  100.00
04:31:55 AM    6    0.00    0.00    0.00    0.00    0.00    0.00    0.00    0.00    0.00  100.00
04:31:55 AM    7    0.00    0.00    0.00    0.00    0.00    0.00    0.00    0.00    0.00  100.00

04:31:55 AM  CPU    %usr   %nice    %sys %iowait    %irq   %soft  %steal  %guest  %gnice   %idle
04:31:56 AM  all    0.38    0.00   29.79    0.00    0.00    0.25    0.00    0.00    0.00   69.59
04:31:56 AM    0    0.99    0.00   71.29    0.00    0.00    0.00    0.00    0.00    0.00   27.72
04:31:56 AM    1    2.00    0.00   66.00    0.00    0.00    0.00    0.00    0.00    0.00   32.00
04:31:56 AM    2    0.00    0.00    0.00    0.00    0.00    2.02    0.00    0.00    0.00   97.98
04:31:56 AM    3    0.00    0.00  100.00    0.00    0.00    0.00    0.00    0.00    0.00    0.00
04:31:56 AM    4    0.00    0.00    0.00    0.00    0.00    0.00    0.00    0.00    0.00  100.00
04:31:56 AM    5    0.00    0.00    0.00    0.00    0.00    0.00    0.00    0.00    0.00  100.00
04:31:56 AM    6    0.00    0.00    0.00    0.00    0.00    0.00    0.00    0.00    0.00  100.00
04:31:56 AM    7    0.00    0.00    0.00    0.00    0.00    0.00    0.00    0.00    0.00  100.00

04:31:56 AM  CPU    %usr   %nice    %sys %iowait    %irq   %soft  %steal  %guest  %gnice   %idle
04:31:57 AM  all    0.13    0.00   28.32    0.00    0.13    0.38    0.00    0.00    0.00   71.05
04:31:57 AM    0    1.02    0.00   64.29    0.00    0.00    0.00    0.00    0.00    0.00   34.69
04:31:57 AM    1    0.00    0.00   64.29    0.00    0.00    0.00    0.00    0.00    0.00   35.71
04:31:57 AM    2    0.00    0.00    0.00    0.00    0.99    1.98    0.00    0.00    0.00   97.03
04:31:57 AM    3    0.00    0.00  100.00    0.00    0.00    0.00    0.00    0.00    0.00    0.00
04:31:57 AM    4    0.00    0.00    0.00    0.00    0.00    0.00    0.00    0.00    0.00  100.00
04:31:57 AM    5    0.00    0.00    0.00    0.00    0.00    0.99    0.00    0.00    0.00   99.01
04:31:57 AM    6    0.00    0.00    0.00    0.00    0.00    0.00    0.00    0.00    0.00  100.00
04:31:57 AM    7    0.00    0.00    0.00    0.00    0.00    0.00    0.00    0.00    0.00  100.00

04:31:57 AM  CPU    %usr   %nice    %sys %iowait    %irq   %soft  %steal  %guest  %gnice   %idle
04:31:58 AM  all    0.25    0.00   28.79    0.00    0.25    0.25    0.00    0.00    0.00   70.46
04:31:58 AM    0    0.99    0.00   67.33    0.00    0.99    0.00    0.00    0.00    0.00   30.69
04:31:58 AM    1    1.01    0.00   62.63    0.00    1.01    0.00    0.00    0.00    0.00   35.35
04:31:58 AM    2    0.00    0.00    0.00    0.00    0.00    2.00    0.00    0.00    0.00   98.00
04:31:58 AM    3    0.00    0.00  100.00    0.00    0.00    0.00    0.00    0.00    0.00    0.00
04:31:58 AM    4    0.00    0.00    0.00    0.00    0.00    0.00    0.00    0.00    0.00  100.00
04:31:58 AM    5    0.00    0.00    0.00    0.00    0.00    0.00    0.00    0.00    0.00  100.00
04:31:58 AM    6    0.00    0.00    0.00    0.00    0.00    0.00    0.00    0.00    0.00  100.00
04:31:58 AM    7    0.00    0.00    0.00    0.00    0.00    0.00    0.00    0.00    0.00  100.00

04:31:58 AM  CPU    %usr   %nice    %sys %iowait    %irq   %soft  %steal  %guest  %gnice   %idle
04:31:59 AM  all    0.25    0.00   29.07    0.00    0.13    0.50    0.00    0.00    0.00   70.05
04:31:59 AM    0    1.02    0.00   64.29    0.00    0.00    1.02    0.00    0.00    0.00   33.67
04:31:59 AM    1    1.01    0.00   69.70    0.00    0.00    1.01    0.00    0.00    0.00   28.28
04:31:59 AM    2    0.00    0.00    0.00    0.00    0.00    2.00    0.00    0.00    0.00   98.00
04:31:59 AM    3    0.00    0.00  100.00    0.00    0.00    0.00    0.00    0.00    0.00    0.00
04:31:59 AM    4    0.00    0.00    0.00    0.00    0.00    0.00    0.00    0.00    0.00  100.00
04:31:59 AM    5    0.00    0.00    0.00    0.00    0.99    0.00    0.00    0.00    0.00   99.01
04:31:59 AM    6    0.00    0.00    0.00    0.00    0.00    0.00    0.00    0.00    0.00  100.00
04:31:59 AM    7    0.00    0.00    0.00    0.00    0.00    0.00    0.00    0.00    0.00  100.00

04:31:59 AM  CPU    %usr   %nice    %sys %iowait    %irq   %soft  %steal  %guest  %gnice   %idle
04:32:00 AM  all    0.25    0.00   29.62    0.00    0.00    0.12    0.00    0.00    0.00   70.00
04:32:00 AM    0    1.00    0.00   65.00    0.00    0.00    0.00    0.00    0.00    0.00   34.00
04:32:00 AM    1    1.00    0.00   72.00    0.00    0.00    0.00    0.00    0.00    0.00   27.00
04:32:00 AM    2    0.00    0.00    0.00    0.00    0.00    1.01    0.00    0.00    0.00   98.99
04:32:00 AM    3    0.00    0.00  100.00    0.00    0.00    0.00    0.00    0.00    0.00    0.00
04:32:00 AM    4    0.00    0.00    0.00    0.00    0.00    0.00    0.00    0.00    0.00  100.00
04:32:00 AM    5    0.00    0.00    0.00    0.00    0.00    0.00    0.00    0.00    0.00  100.00
04:32:00 AM    6    0.00    0.00    0.00    0.00    0.00    0.00    0.00    0.00    0.00  100.00
04:32:00 AM    7    0.00    0.00    0.00    0.00    0.00    0.00    0.00    0.00    0.00  100.00

04:32:00 AM  CPU    %usr   %nice    %sys %iowait    %irq   %soft  %steal  %guest  %gnice   %idle
04:32:01 AM  all    0.13    0.00   29.99    0.00    0.13    0.38    0.00    0.00    0.00   69.39
04:32:01 AM    0    0.00    0.00   71.43    0.00    1.02    0.00    0.00    0.00    0.00   27.55
04:32:01 AM    1    1.00    0.00   69.00    0.00    0.00    0.00    0.00    0.00    0.00   30.00
04:32:01 AM    2    0.00    0.00    0.00    0.00    0.00    2.02    0.00    0.00    0.00   97.98
04:32:01 AM    3    0.00    0.00  100.00    0.00    0.00    0.00    0.00    0.00    0.00    0.00
04:32:01 AM    4    0.00    0.00    0.00    0.00    0.00    0.00    0.00    0.00    0.00  100.00
04:32:01 AM    5    0.00    0.00    0.00    0.00    0.00    1.00    0.00    0.00    0.00   99.00
04:32:01 AM    6    0.00    0.00    0.00    0.00    0.00    0.00    0.00    0.00    0.00  100.00
04:32:01 AM    7    0.00    0.00    0.00    0.00    0.00    0.00    0.00    0.00    0.00  100.00

04:32:01 AM  CPU    %usr   %nice    %sys %iowait    %irq   %soft  %steal  %guest  %gnice   %idle
04:32:02 AM  all    0.25    0.00   31.07    0.00    0.25    0.25    0.00    0.00    0.00   68.18
04:32:02 AM    0    2.06    0.00   76.29    0.00    0.00    0.00    0.00    0.00    0.00   21.65
04:32:02 AM    1    0.00    0.00   75.26    0.00    1.03    0.00    0.00    0.00    0.00   23.71
04:32:02 AM    2    0.00    0.00    0.00    0.00    0.99    1.98    0.00    0.00    0.00   97.03
04:32:02 AM    3    0.00    0.00  100.00    0.00    0.00    0.00    0.00    0.00    0.00    0.00
04:32:02 AM    4    0.00    0.00    0.00    0.00    0.00    0.00    0.00    0.00    0.00  100.00
04:32:02 AM    5    0.00    0.00    0.00    0.00    0.00    0.00    0.00    0.00    0.00  100.00
04:32:02 AM    6    0.00    0.00    0.00    0.00    0.00    0.00    0.00    0.00    0.00  100.00
04:32:02 AM    7    0.00    0.00    0.00    0.00    0.00    0.00    0.00    0.00    0.00  100.00

04:32:02 AM  CPU    %usr   %nice    %sys %iowait    %irq   %soft  %steal  %guest  %gnice   %idle
04:32:03 AM  all    0.38    0.00   29.90    0.00    0.00    0.25    0.00    0.00    0.00   69.47
04:32:03 AM    0    1.02    0.00   70.41    0.00    0.00    0.00    0.00    0.00    0.00   28.57
04:32:03 AM    1    2.02    0.00   69.70    0.00    0.00    0.00    0.00    0.00    0.00   28.28
04:32:03 AM    2    0.00    0.00    0.00    0.00    0.00    2.00    0.00    0.00    0.00   98.00
04:32:03 AM    3    0.00    0.00  100.00    0.00    0.00    0.00    0.00    0.00    0.00    0.00
04:32:03 AM    4    0.00    0.00    0.00    0.00    0.00    0.00    0.00    0.00    0.00  100.00
04:32:03 AM    5    0.00    0.00    0.00    0.00    0.00    0.00    0.00    0.00    0.00  100.00
04:32:03 AM    6    0.00    0.00    0.00    0.00    0.00    0.00    0.00    0.00    0.00  100.00
04:32:03 AM    7    0.00    0.00    0.00    0.00    0.00    0.00    0.00    0.00    0.00  100.00

04:32:03 AM  CPU    %usr   %nice    %sys %iowait    %irq   %soft  %steal  %guest  %gnice   %idle
04:32:04 AM  all    0.25    0.00   29.23    0.00    0.13    0.38    0.00    0.00    0.00   70.01
04:32:04 AM    0    1.00    0.00   63.00    0.00    1.00    1.00    0.00    0.00    0.00   34.00
04:32:04 AM    1    1.02    0.00   71.43    0.00    0.00    0.00    0.00    0.00    0.00   27.55
04:32:04 AM    2    0.00    0.00    0.00    0.00    0.00    2.02    0.00    0.00    0.00   97.98
04:32:04 AM    3    0.00    0.00  100.00    0.00    0.00    0.00    0.00    0.00    0.00    0.00
04:32:04 AM    4    0.00    0.00    0.00    0.00    0.00    0.00    0.00    0.00    0.00  100.00
04:32:04 AM    5    0.00    0.00    0.00    0.00    0.00    0.00    0.00    0.00    0.00  100.00
04:32:04 AM    6    0.00    0.00    0.00    0.00    0.00    0.00    0.00    0.00    0.00  100.00
04:32:04 AM    7    0.00    0.00    0.00    0.00    0.00    0.00    0.00    0.00    0.00  100.00

04:32:04 AM  CPU    %usr   %nice    %sys %iowait    %irq   %soft  %steal  %guest  %gnice   %idle
04:32:05 AM  all    0.38    0.00   28.93    0.00    0.13    0.38    0.00    0.00    0.00   70.19
04:32:05 AM    0    2.11    0.00   65.26    0.00    0.00    0.00    0.00    0.00    0.00   32.63
04:32:05 AM    1    1.00    0.00   68.00    0.00    1.00    0.00    0.00    0.00    0.00   30.00
04:32:05 AM    2    0.00    0.00    0.00    0.00    0.00    2.00    0.00    0.00    0.00   98.00
04:32:05 AM    3    0.00    0.00  100.00    0.00    0.00    0.00    0.00    0.00    0.00    0.00
04:32:05 AM    4    0.00    0.00    0.00    0.00    0.00    0.00    0.00    0.00    0.00  100.00
04:32:05 AM    5    0.00    0.00    0.00    0.00    0.00    1.00    0.00    0.00    0.00   99.00
04:32:05 AM    6    0.00    0.00    0.00    0.00    0.00    0.00    0.00    0.00    0.00  100.00
04:32:05 AM    7    0.00    0.00    0.00    0.00    0.00    0.00    0.00    0.00    0.00  100.00

04:32:05 AM  CPU    %usr   %nice    %sys %iowait    %irq   %soft  %steal  %guest  %gnice   %idle
04:32:06 AM  all    0.13    0.00   29.99    0.00    0.13    0.13    0.00    0.00    0.00   69.64
04:32:06 AM    0    0.00    0.00   72.73    0.00    0.00    0.00    0.00    0.00    0.00   27.27
04:32:06 AM    1    1.02    0.00   68.37    0.00    0.00    0.00    0.00    0.00    0.00   30.61
04:32:06 AM    2    0.00    0.00    0.00    0.00    1.00    1.00    0.00    0.00    0.00   98.00
04:32:06 AM    3    0.00    0.00  100.00    0.00    0.00    0.00    0.00    0.00    0.00    0.00
04:32:06 AM    4    0.00    0.00    0.00    0.00    0.00    0.00    0.00    0.00    0.00  100.00
04:32:06 AM    5    0.00    0.00    0.00    0.00    0.00    0.00    0.00    0.00    0.00  100.00
04:32:06 AM    6    0.00    0.00    0.00    0.00    0.00    0.00    0.00    0.00    0.00  100.00
04:32:06 AM    7    0.00    0.00    0.00    0.00    0.00    0.00    0.00    0.00    0.00  100.00

04:32:06 AM  CPU    %usr   %nice    %sys %iowait    %irq   %soft  %steal  %guest  %gnice   %idle
04:32:07 AM  all    0.25    0.00   29.61    0.00    0.13    0.25    0.00    0.00    0.00   69.76
04:32:07 AM    0    1.02    0.00   70.41    0.00    1.02    0.00    0.00    0.00    0.00   27.55
04:32:07 AM    1    0.99    0.00   66.34    0.00    0.00    0.00    0.00    0.00    0.00   32.67
04:32:07 AM    2    0.00    0.00    0.00    0.00    0.00    2.02    0.00    0.00    0.00   97.98
04:32:07 AM    3    0.00    0.00  100.00    0.00    0.00    0.00    0.00    0.00    0.00    0.00
04:32:07 AM    4    0.00    0.00    0.00    0.00    0.00    0.00    0.00    0.00    0.00  100.00
04:32:07 AM    5    0.00    0.00    0.00    0.00    0.00    0.00    0.00    0.00    0.00  100.00
04:32:07 AM    6    0.00    0.00    0.00    0.00    0.00    0.00    0.00    0.00    0.00  100.00
04:32:07 AM    7    0.00    0.00    0.00    0.00    0.00    0.00    0.00    0.00    0.00  100.00

04:32:07 AM  CPU    %usr   %nice    %sys %iowait    %irq   %soft  %steal  %guest  %gnice   %idle
04:32:08 AM  all    0.50    0.00   29.11    0.00    0.00    0.38    0.00    0.00    0.00   70.01
04:32:08 AM    0    2.04    0.00   72.45    0.00    0.00    0.00    0.00    0.00    0.00   25.51
04:32:08 AM    1    2.02    0.00   61.62    0.00    0.00    1.01    0.00    0.00    0.00   35.35
04:32:08 AM    2    0.00    0.00    0.00    0.00    0.00    2.00    0.00    0.00    0.00   98.00
04:32:08 AM    3    0.00    0.00  100.00    0.00    0.00    0.00    0.00    0.00    0.00    0.00
04:32:08 AM    4    0.00    0.00    0.00    0.00    0.00    0.00    0.00    0.00    0.00  100.00
04:32:08 AM    5    0.00    0.00    0.00    0.00    0.00    0.00    0.00    0.00    0.00  100.00
04:32:08 AM    6    0.00    0.00    0.00    0.00    0.00    0.00    0.00    0.00    0.00  100.00
04:32:08 AM    7    0.00    0.00    0.00    0.00    0.00    0.00    0.00    0.00    0.00  100.00

04:32:08 AM  CPU    %usr   %nice    %sys %iowait    %irq   %soft  %steal  %guest  %gnice   %idle
04:32:09 AM  all    0.25    0.00   27.85    0.00    0.13    0.50    0.00    0.00    0.00   71.27
04:32:09 AM    0    1.02    0.00   61.22    0.00    0.00    1.02    0.00    0.00    0.00   36.73
04:32:09 AM    1    1.02    0.00   63.27    0.00    1.02    0.00    0.00    0.00    0.00   34.69
04:32:09 AM    2    0.00    0.00    0.00    0.00    0.00    2.00    0.00    0.00    0.00   98.00
04:32:09 AM    3    0.00    0.00  100.00    0.00    0.00    0.00    0.00    0.00    0.00    0.00
04:32:09 AM    4    0.00    0.00    0.00    0.00    0.00    0.00    0.00    0.00    0.00  100.00
04:32:09 AM    5    0.00    0.00    0.00    0.00    0.00    0.99    0.00    0.00    0.00   99.01
04:32:09 AM    6    0.00    0.00    0.00    0.00    0.00    0.00    0.00    0.00    0.00  100.00
04:32:09 AM    7    0.00    0.00    0.00    0.00    0.00    0.00    0.00    0.00    0.00  100.00

04:32:09 AM  CPU    %usr   %nice    %sys %iowait    %irq   %soft  %steal  %guest  %gnice   %idle
04:32:10 AM  all    0.25    0.00   28.81    0.00    0.25    0.25    0.00    0.00    0.00   70.44
04:32:10 AM    0    1.03    0.00   65.98    0.00    1.03    0.00    0.00    0.00    0.00   31.96
04:32:10 AM    1    1.01    0.00   65.66    0.00    0.00    0.00    0.00    0.00    0.00   33.33
04:32:10 AM    2    0.00    0.00    0.00    0.00    1.00    2.00    0.00    0.00    0.00   97.00
04:32:10 AM    3    0.00    0.00  100.00    0.00    0.00    0.00    0.00    0.00    0.00    0.00
04:32:10 AM    4    0.00    0.00    0.00    0.00    0.00    0.00    0.00    0.00    0.00  100.00
04:32:10 AM    5    0.00    0.00    0.00    0.00    0.00    0.00    0.00    0.00    0.00  100.00
04:32:10 AM    6    0.00    0.00    0.00    0.00    0.00    0.00    0.00    0.00    0.00  100.00
04:32:10 AM    7    0.00    0.00    0.00    0.00    0.00    0.00    0.00    0.00    0.00  100.00

04:32:10 AM  CPU    %usr   %nice    %sys %iowait    %irq   %soft  %steal  %guest  %gnice   %idle
04:32:11 AM  all    0.25    0.00   29.54    0.00    0.13    0.25    0.00    0.00    0.00   69.84
04:32:11 AM    0    1.02    0.00   70.41    0.00    0.00    0.00    0.00    0.00    0.00   28.57
04:32:11 AM    1    1.00    0.00   67.00    0.00    0.00    0.00    0.00    0.00    0.00   32.00
04:32:11 AM    2    0.00    0.00    0.00    0.00    0.00    2.00    0.00    0.00    0.00   98.00
04:32:11 AM    3    0.00    0.00  100.00    0.00    0.00    0.00    0.00    0.00    0.00    0.00
04:32:11 AM    4    0.00    0.00    0.00    0.00    0.00    0.00    0.00    0.00    0.00  100.00
04:32:11 AM    5    0.00    0.00    0.00    0.00    0.99    0.00    0.00    0.00    0.00   99.01
04:32:11 AM    6    0.00    0.00    0.00    0.00    0.00    0.00    0.00    0.00    0.00  100.00
04:32:11 AM    7    0.00    0.00    0.00    0.00    0.00    0.00    0.00    0.00    0.00  100.00

04:32:11 AM  CPU    %usr   %nice    %sys %iowait    %irq   %soft  %steal  %guest  %gnice   %idle
04:32:12 AM  all    0.38    0.00   29.07    0.00    0.13    0.25    0.00    0.00    0.00   70.18
04:32:12 AM    0    2.06    0.00   65.98    0.00    0.00    0.00    0.00    0.00    0.00   31.96
04:32:12 AM    1    0.99    0.00   67.33    0.00    0.99    0.00    0.00    0.00    0.00   30.69
04:32:12 AM    2    0.00    0.00    0.00    0.00    0.00    2.00    0.00    0.00    0.00   98.00
04:32:12 AM    3    0.00    0.00  100.00    0.00    0.00    0.00    0.00    0.00    0.00    0.00
04:32:12 AM    4    0.00    0.00    0.00    0.00    0.00    0.00    0.00    0.00    0.00  100.00
04:32:12 AM    5    0.00    0.00    0.00    0.00    0.00    0.00    0.00    0.00    0.00  100.00
04:32:12 AM    6    0.00    0.00    0.00    0.00    0.00    0.00    0.00    0.00    0.00  100.00
04:32:12 AM    7    0.00    0.00    0.00    0.00    0.00    0.00    0.00    0.00    0.00  100.00

04:32:12 AM  CPU    %usr   %nice    %sys %iowait    %irq   %soft  %steal  %guest  %gnice   %idle
04:32:13 AM  all    0.38    0.00   29.07    0.00    0.13    0.25    0.00    0.00    0.00   70.18
04:32:13 AM    0    0.99    0.00   65.35    0.00    0.99    0.00    0.00    0.00    0.00   32.67
04:32:13 AM    1    2.02    0.00   66.67    0.00    0.00    0.00    0.00    0.00    0.00   31.31
04:32:13 AM    2    0.00    0.00    0.00    0.00    0.00    2.02    0.00    0.00    0.00   97.98
04:32:13 AM    3    0.00    0.00  100.00    0.00    0.00    0.00    0.00    0.00    0.00    0.00
04:32:13 AM    4    0.00    0.00    0.00    0.00    0.00    0.00    0.00    0.00    0.00  100.00
04:32:13 AM    5    0.00    0.00    0.00    0.00    0.00    0.00    0.00    0.00    0.00  100.00
04:32:13 AM    6    0.00    0.00    0.00    0.00    0.00    0.00    0.00    0.00    0.00  100.00
04:32:13 AM    7    0.00    0.00    0.00    0.00    0.00    0.00    0.00    0.00    0.00  100.00

04:32:13 AM  CPU    %usr   %nice    %sys %iowait    %irq   %soft  %steal  %guest  %gnice   %idle
04:32:14 AM  all    0.25    0.00   29.11    0.00    0.00    0.50    0.00    0.00    0.00   70.14
04:32:14 AM    0    1.03    0.00   64.95    0.00    0.00    1.03    0.00    0.00    0.00   32.99
04:32:14 AM    1    1.01    0.00   69.70    0.00    0.00    0.00    0.00    0.00    0.00   29.29
04:32:14 AM    2    0.00    0.00    0.00    0.00    0.00    2.00    0.00    0.00    0.00   98.00
04:32:14 AM    3    0.00    0.00  100.00    0.00    0.00    0.00    0.00    0.00    0.00    0.00
04:32:14 AM    4    0.00    0.00    0.00    0.00    0.00    0.00    0.00    0.00    0.00  100.00
04:32:14 AM    5    0.00    0.00    0.00    0.00    0.00    0.99    0.00    0.00    0.00   99.01
04:32:14 AM    6    0.00    0.00    0.00    0.00    0.00    0.00    0.00    0.00    0.00  100.00
04:32:14 AM    7    0.00    0.00    0.00    0.00    0.00    0.00    0.00    0.00    0.00  100.00

04:32:14 AM  CPU    %usr   %nice    %sys %iowait    %irq   %soft  %steal  %guest  %gnice   %idle
04:32:15 AM  all    0.25    0.00   28.77    0.00    0.13    0.13    0.00    0.00    0.00   70.73
04:32:15 AM    0    1.00    0.00   63.00    0.00    0.00    0.00    0.00    0.00    0.00   36.00
04:32:15 AM    1    1.03    0.00   68.04    0.00    0.00    0.00    0.00    0.00    0.00   30.93
04:32:15 AM    2    0.00    0.00    0.00    0.00    1.00    1.00    0.00    0.00    0.00   98.00
04:32:15 AM    3    0.00    0.00  100.00    0.00    0.00    0.00    0.00    0.00    0.00    0.00
04:32:15 AM    4    0.00    0.00    0.00    0.00    0.00    0.00    0.00    0.00    0.00  100.00
04:32:15 AM    5    0.00    0.00    0.00    0.00    0.00    0.00    0.00    0.00    0.00  100.00
04:32:15 AM    6    0.00    0.00    0.00    0.00    0.00    0.00    0.00    0.00    0.00  100.00
04:32:15 AM    7    0.00    0.00    0.00    0.00    0.00    0.00    0.00    0.00    0.00  100.00

04:32:15 AM  CPU    %usr   %nice    %sys %iowait    %irq   %soft  %steal  %guest  %gnice   %idle
04:32:16 AM  all    0.50    0.00   28.59    0.00    0.25    0.25    0.00    0.00    0.00   70.41
04:32:16 AM    0    2.00    0.00   61.00    0.00    1.00    0.00    0.00    0.00    0.00   36.00
04:32:16 AM    1    1.98    0.00   67.33    0.00    0.99    0.00    0.00    0.00    0.00   29.70
04:32:16 AM    2    0.00    0.00    0.00    0.00    0.00    2.00    0.00    0.00    0.00   98.00
04:32:16 AM    3    0.00    0.00  100.00    0.00    0.00    0.00    0.00    0.00    0.00    0.00
04:32:16 AM    4    0.00    0.00    0.00    0.00    0.00    0.00    0.00    0.00    0.00  100.00
04:32:16 AM    5    0.00    0.00    0.00    0.00    0.00    0.00    0.00    0.00    0.00  100.00
04:32:16 AM    6    0.00    0.00    0.00    0.00    0.00    0.00    0.00    0.00    0.00  100.00
04:32:16 AM    7    0.00    0.00    0.00    0.00    0.00    0.00    0.00    0.00    0.00  100.00

04:32:16 AM  CPU    %usr   %nice    %sys %iowait    %irq   %soft  %steal  %guest  %gnice   %idle
04:32:17 AM  all    0.13    0.00   29.18    0.00    0.00    0.38    0.00    0.00    0.00   70.31
04:32:17 AM    0    0.00    0.00   68.69    0.00    0.00    0.00    0.00    0.00    0.00   31.31
04:32:17 AM    1    1.03    0.00   65.98    0.00    0.00    1.03    0.00    0.00    0.00   31.96
04:32:17 AM    2    0.00    0.00    0.00    0.00    0.00    2.02    0.00    0.00    0.00   97.98
04:32:17 AM    3    0.00    0.00  100.00    0.00    0.00    0.00    0.00    0.00    0.00    0.00
04:32:17 AM    4    0.00    0.00    0.00    0.00    0.00    0.00    0.00    0.00    0.00  100.00
04:32:17 AM    5    0.00    0.00    0.00    0.00    0.00    0.00    0.00    0.00    0.00  100.00
04:32:17 AM    6    0.00    0.00    0.00    0.00    0.00    0.00    0.00    0.00    0.00  100.00
04:32:17 AM    7    0.00    0.00    0.00    0.00    0.00    0.00    0.00    0.00    0.00  100.00

04:32:17 AM  CPU    %usr   %nice    %sys %iowait    %irq   %soft  %steal  %guest  %gnice   %idle
04:32:18 AM  all    0.38    0.00   29.20    0.00    0.00    0.38    0.00    0.00    0.00   70.05
04:32:18 AM    0    1.01    0.00   65.66    0.00    0.00    0.00    0.00    0.00    0.00   33.33
04:32:18 AM    1    2.02    0.00   68.69    0.00    0.00    0.00    0.00    0.00    0.00   29.29
04:32:18 AM    2    0.00    0.00    0.00    0.00    0.00    2.00    0.00    0.00    0.00   98.00
04:32:18 AM    3    0.00    0.00  100.00    0.00    0.00    0.00    0.00    0.00    0.00    0.00
04:32:18 AM    4    0.00    0.00    0.00    0.00    0.00    0.00    0.00    0.00    0.00  100.00
04:32:18 AM    5    0.00    0.00    0.00    0.00    0.00    1.00    0.00    0.00    0.00   99.00
04:32:18 AM    6    0.00    0.00    0.00    0.00    0.00    0.00    0.00    0.00    0.00  100.00
04:32:18 AM    7    0.00    0.00    0.00    0.00    0.00    0.00    0.00    0.00    0.00  100.00

Average:     CPU    %usr   %nice    %sys %iowait    %irq   %soft  %steal  %guest  %gnice   %idle
Average:     all    0.31    0.00   29.29    0.00    0.12    0.35    0.00    0.00    0.00   69.94
Average:       0    1.20    0.00   67.13    0.01    0.34    0.56    0.00    0.00    0.00   30.76
Average:       1    1.27    0.00   68.57    0.01    0.29    0.11    0.00    0.00    0.00   29.76
Average:       2    0.00    0.00    0.00    0.00    0.23    1.85    0.00    0.00    0.00   97.92
Average:       3    0.00    0.00   99.58    0.00    0.00    0.00    0.00    0.00    0.00    0.42
Average:       4    0.00    0.00    0.00    0.00    0.00    0.00    0.00    0.00    0.00  100.00
Average:       5    0.00    0.00    0.00    0.00    0.08    0.24    0.00    0.00    0.00   99.68
Average:       6    0.00    0.00    0.00    0.00    0.00    0.00    0.00    0.00    0.00  100.00
Average:       7    0.00    0.00    0.00    0.00    0.00    0.00    0.00    0.00    0.00  100.00
