Linux 7.0.0 (hp5) 	06/19/2026 	_x86_64_	(8 CPU)

04:03:50 AM  CPU    %usr   %nice    %sys %iowait    %irq   %soft  %steal  %guest  %gnice   %idle
04:03:51 AM  all    0.25    0.00   18.83    0.00    0.00    1.87    0.00    0.00    0.00   79.05
04:03:51 AM    0    0.99    0.00   75.25    0.00    0.00    0.99    0.00    0.00    0.00   22.77
04:03:51 AM    1    0.99    0.00   74.26    0.00    0.00    1.98    0.00    0.00    0.00   22.77
04:03:51 AM    2    0.00    0.00    0.00    0.00    0.00    6.00    0.00    0.00    0.00   94.00
04:03:51 AM    3    0.00    0.00    0.00    0.00    0.00    6.00    0.00    0.00    0.00   94.00
04:03:51 AM    4    0.00    0.00    0.00    0.00    0.00    0.00    0.00    0.00    0.00  100.00
04:03:51 AM    5    0.00    0.00    0.00    0.00    0.00    0.00    0.00    0.00    0.00  100.00
04:03:51 AM    6    0.00    0.00    0.00    0.00    0.00    0.00    0.00    0.00    0.00  100.00
04:03:51 AM    7    0.00    0.00    0.00    0.00    0.00    0.00    0.00    0.00    0.00  100.00

04:03:51 AM  CPU    %usr   %nice    %sys %iowait    %irq   %soft  %steal  %guest  %gnice   %idle
04:03:52 AM  all    0.00    0.00   24.25    0.00    0.50    2.62    0.00    0.00    0.00   72.62
04:03:52 AM    0    0.00    0.00   97.00    0.00    1.00    2.00    0.00    0.00    0.00    0.00
04:03:52 AM    1    0.00    0.00   97.98    0.00    0.00    2.02    0.00    0.00    0.00    0.00
04:03:52 AM    2    0.00    0.00    0.00    0.00    0.99    8.91    0.00    0.00    0.00   90.10
04:03:52 AM    3    0.00    0.00    0.00    0.00    1.00    7.00    0.00    0.00    0.00   92.00
04:03:52 AM    4    0.00    0.00    0.00    0.00    0.00    0.99    0.00    0.00    0.00   99.01
04:03:52 AM    5    0.00    0.00    0.00    0.00    1.00    0.00    0.00    0.00    0.00   99.00
04:03:52 AM    6    0.00    0.00    0.00    0.00    0.00    0.00    0.00    0.00    0.00  100.00
04:03:52 AM    7    0.00    0.00    0.00    0.00    0.00    0.00    0.00    0.00    0.00  100.00

04:03:52 AM  CPU    %usr   %nice    %sys %iowait    %irq   %soft  %steal  %guest  %gnice   %idle
04:03:53 AM  all    0.25    0.00   24.62    0.00    0.12    2.00    0.00    0.00    0.00   73.00
04:03:53 AM    0    1.00    0.00   98.00    0.00    0.00    1.00    0.00    0.00    0.00    0.00
04:03:53 AM    1    0.98    0.00   97.06    0.00    0.98    0.98    0.00    0.00    0.00    0.00
04:03:53 AM    2    0.00    0.00    0.00    0.00    0.00    7.07    0.00    0.00    0.00   92.93
04:03:53 AM    3    0.00    0.00    0.00    0.00    0.00    7.07    0.00    0.00    0.00   92.93
04:03:53 AM    4    0.00    0.00    0.00    0.00    0.00    0.00    0.00    0.00    0.00  100.00
04:03:53 AM    5    0.00    0.00    0.00    0.00    0.00    0.00    0.00    0.00    0.00  100.00
04:03:53 AM    6    0.00    0.00    0.00    0.00    0.00    0.00    0.00    0.00    0.00  100.00
04:03:53 AM    7    0.00    0.00    0.00    0.00    0.00    0.00    0.00    0.00    0.00  100.00

04:03:53 AM  CPU    %usr   %nice    %sys %iowait    %irq   %soft  %steal  %guest  %gnice   %idle
04:03:54 AM  all    0.25    0.00   24.53    0.00    0.00    1.76    0.00    0.00    0.00   73.46
04:03:54 AM    0    1.01    0.00   98.99    0.00    0.00    0.00    0.00    0.00    0.00    0.00
04:03:54 AM    1    1.02    0.00   98.98    0.00    0.00    0.00    0.00    0.00    0.00    0.00
04:03:54 AM    2    0.00    0.00    0.00    0.00    0.00    7.07    0.00    0.00    0.00   92.93
04:03:54 AM    3    0.00    0.00    0.00    0.00    0.00    7.00    0.00    0.00    0.00   93.00
04:03:54 AM    4    0.00    0.00    0.00    0.00    0.00    0.00    0.00    0.00    0.00  100.00
04:03:54 AM    5    0.00    0.00    0.00    0.00    0.00    0.00    0.00    0.00    0.00  100.00
04:03:54 AM    6    0.00    0.00    0.00    0.00    0.00    0.00    0.00    0.00    0.00  100.00
04:03:54 AM    7    0.00    0.00    0.00    0.00    0.00    0.00    0.00    0.00    0.00  100.00

04:03:54 AM  CPU    %usr   %nice    %sys %iowait    %irq   %soft  %steal  %guest  %gnice   %idle
04:03:55 AM  all    0.25    0.00   24.47    0.00    0.00    2.12    0.00    0.00    0.00   73.16
04:03:55 AM    0    1.00    0.00   98.00    0.00    0.00    1.00    0.00    0.00    0.00    0.00
04:03:55 AM    1    1.00    0.00   98.00    0.00    0.00    1.00    0.00    0.00    0.00    0.00
04:03:55 AM    2    0.00    0.00    0.00    0.00    0.00    7.00    0.00    0.00    0.00   93.00
04:03:55 AM    3    0.00    0.00    0.00    0.00    0.00    7.00    0.00    0.00    0.00   93.00
04:03:55 AM    4    0.00    0.00    0.00    0.00    0.00    0.00    0.00    0.00    0.00  100.00
04:03:55 AM    5    0.00    0.00    0.00    0.00    0.00    0.00    0.00    0.00    0.00  100.00
04:03:55 AM    6    0.00    0.00    0.00    0.00    0.00    0.99    0.00    0.00    0.00   99.01
04:03:55 AM    7    0.00    0.00    0.00    0.00    0.00    0.00    0.00    0.00    0.00  100.00

04:03:55 AM  CPU    %usr   %nice    %sys %iowait    %irq   %soft  %steal  %guest  %gnice   %idle
04:03:56 AM  all    0.37    0.00   24.41    0.00    0.50    1.99    0.00    0.00    0.00   72.73
04:03:56 AM    0    1.00    0.00   98.00    0.00    1.00    0.00    0.00    0.00    0.00    0.00
04:03:56 AM    1    1.98    0.00   97.03    0.00    0.99    0.00    0.00    0.00    0.00    0.00
04:03:56 AM    2    0.00    0.00    0.00    0.00    0.99    7.92    0.00    0.00    0.00   91.09
04:03:56 AM    3    0.00    0.00    0.00    0.00    0.99    7.92    0.00    0.00    0.00   91.09
04:03:56 AM    4    0.00    0.00    0.00    0.00    0.00    0.00    0.00    0.00    0.00  100.00
04:03:56 AM    5    0.00    0.00    0.00    0.00    0.00    0.00    0.00    0.00    0.00  100.00
04:03:56 AM    6    0.00    0.00    0.00    0.00    0.00    0.00    0.00    0.00    0.00  100.00
04:03:56 AM    7    0.00    0.00    0.00    0.00    0.00    0.00    0.00    0.00    0.00  100.00

04:03:56 AM  CPU    %usr   %nice    %sys %iowait    %irq   %soft  %steal  %guest  %gnice   %idle
04:03:57 AM  all    0.25    0.00   24.72    0.00    0.00    1.88    0.00    0.00    0.00   73.15
04:03:57 AM    0    1.00    0.00   99.00    0.00    0.00    0.00    0.00    0.00    0.00    0.00
04:03:57 AM    1    1.01    0.00   98.99    0.00    0.00    0.00    0.00    0.00    0.00    0.00
04:03:57 AM    2    0.00    0.00    0.00    0.00    0.00    7.07    0.00    0.00    0.00   92.93
04:03:57 AM    3    0.00    0.00    0.00    0.00    0.00    7.07    0.00    0.00    0.00   92.93
04:03:57 AM    4    0.00    0.00    0.00    0.00    0.00    0.00    0.00    0.00    0.00  100.00
04:03:57 AM    5    0.00    0.00    0.00    0.00    0.00    0.99    0.00    0.00    0.00   99.01
04:03:57 AM    6    0.00    0.00    0.00    0.00    0.00    0.00    0.00    0.00    0.00  100.00
04:03:57 AM    7    0.00    0.00    0.00    0.00    0.00    0.00    0.00    0.00    0.00  100.00

04:03:57 AM  CPU    %usr   %nice    %sys %iowait    %irq   %soft  %steal  %guest  %gnice   %idle
04:03:58 AM  all    0.25    0.00   24.62    0.00    0.00    1.88    0.00    0.00    0.00   73.25
04:03:58 AM    0    0.99    0.00   97.03    0.00    0.00    0.99    0.00    0.00    0.00    0.99
04:03:58 AM    1    0.99    0.00   98.02    0.00    0.00    0.99    0.00    0.00    0.00    0.00
04:03:58 AM    2    0.00    0.00    0.00    0.00    0.00    7.07    0.00    0.00    0.00   92.93
04:03:58 AM    3    0.00    0.00    0.00    0.00    0.00    6.06    0.00    0.00    0.00   93.94
04:03:58 AM    4    0.00    0.00    0.00    0.00    0.00    0.00    0.00    0.00    0.00  100.00
04:03:58 AM    5    0.00    0.00    0.00    0.00    0.00    0.00    0.00    0.00    0.00  100.00
04:03:58 AM    6    0.00    0.00    0.00    0.00    0.00    0.00    0.00    0.00    0.00  100.00
04:03:58 AM    7    0.00    0.00    0.00    0.00    0.00    0.00    0.00    0.00    0.00  100.00

04:03:58 AM  CPU    %usr   %nice    %sys %iowait    %irq   %soft  %steal  %guest  %gnice   %idle
04:03:59 AM  all    0.25    0.00   24.34    0.00    0.50    2.00    0.00    0.00    0.00   72.91
04:03:59 AM    0    1.00    0.00   98.00    0.00    1.00    0.00    0.00    0.00    0.00    0.00
04:03:59 AM    1    1.01    0.00   97.98    0.00    1.01    0.00    0.00    0.00    0.00    0.00
04:03:59 AM    2    0.00    0.00    0.00    0.00    0.99    7.92    0.00    0.00    0.00   91.09
04:03:59 AM    3    0.00    0.00    0.00    0.00    1.00    7.00    0.00    0.00    0.00   92.00
04:03:59 AM    4    0.00    0.00    0.00    0.00    0.00    0.00    0.00    0.00    0.00  100.00
04:03:59 AM    5    0.00    0.00    0.00    0.00    0.00    0.00    0.00    0.00    0.00  100.00
04:03:59 AM    6    0.00    0.00    0.00    0.00    0.00    0.00    0.00    0.00    0.00  100.00
04:03:59 AM    7    0.00    0.00    0.00    0.00    0.00    0.99    0.00    0.00    0.00   99.01

04:03:59 AM  CPU    %usr   %nice    %sys %iowait    %irq   %soft  %steal  %guest  %gnice   %idle
04:04:00 AM  all    0.37    0.00   24.56    0.00    0.00    2.00    0.00    0.00    0.00   73.07
04:04:00 AM    0    1.98    0.00   97.03    0.00    0.00    0.99    0.00    0.00    0.00    0.00
04:04:00 AM    1    0.99    0.00   98.02    0.00    0.00    0.99    0.00    0.00    0.00    0.00
04:04:00 AM    2    0.00    0.00    0.00    0.00    0.00    7.00    0.00    0.00    0.00   93.00
04:04:00 AM    3    0.00    0.00    0.00    0.00    0.00    7.00    0.00    0.00    0.00   93.00
04:04:00 AM    4    0.00    0.00    0.00    0.00    0.00    0.00    0.00    0.00    0.00  100.00
04:04:00 AM    5    0.00    0.00    0.00    0.00    0.00    0.00    0.00    0.00    0.00  100.00
04:04:00 AM    6    0.00    0.00    0.00    0.00    0.00    0.00    0.00    0.00    0.00  100.00
04:04:00 AM    7    0.00    0.00    0.00    0.00    0.00    0.00    0.00    0.00    0.00  100.00

04:04:00 AM  CPU    %usr   %nice    %sys %iowait    %irq   %soft  %steal  %guest  %gnice   %idle
04:04:01 AM  all    0.25    0.00   24.50    0.00    0.00    1.88    0.00    0.00    0.00   73.38
04:04:01 AM    0    1.01    0.00   98.99    0.00    0.00    0.00    0.00    0.00    0.00    0.00
04:04:01 AM    1    0.99    0.00   97.03    0.00    0.00    0.99    0.00    0.00    0.00    0.99
04:04:01 AM    2    0.00    0.00    0.00    0.00    0.00    7.07    0.00    0.00    0.00   92.93
04:04:01 AM    3    0.00    0.00    0.00    0.00    0.00    7.00    0.00    0.00    0.00   93.00
04:04:01 AM    4    0.00    0.00    0.00    0.00    0.00    0.00    0.00    0.00    0.00  100.00
04:04:01 AM    5    0.00    0.00    0.00    0.00    0.00    0.00    0.00    0.00    0.00  100.00
04:04:01 AM    6    0.00    0.00    0.00    0.00    0.00    0.00    0.00    0.00    0.00  100.00
04:04:01 AM    7    0.00    0.00    0.00    0.00    0.00    0.00    0.00    0.00    0.00  100.00

04:04:01 AM  CPU    %usr   %nice    %sys %iowait    %irq   %soft  %steal  %guest  %gnice   %idle
04:04:02 AM  all    0.25    0.00   24.34    0.00    0.37    2.12    0.00    0.00    0.00   72.91
04:04:02 AM    0    1.00    0.00   97.00    0.00    1.00    1.00    0.00    0.00    0.00    0.00
04:04:02 AM    1    1.00    0.00   98.00    0.00    0.00    1.00    0.00    0.00    0.00    0.00
04:04:02 AM    2    0.00    0.00    0.00    0.00    1.00    7.00    0.00    0.00    0.00   92.00
04:04:02 AM    3    0.00    0.00    0.00    0.00    1.00    7.00    0.00    0.00    0.00   92.00
04:04:02 AM    4    0.00    0.00    0.00    0.00    0.00    0.99    0.00    0.00    0.00   99.01
04:04:02 AM    5    0.00    0.00    0.00    0.00    0.00    0.00    0.00    0.00    0.00  100.00
04:04:02 AM    6    0.00    0.00    0.00    0.00    0.00    0.00    0.00    0.00    0.00  100.00
04:04:02 AM    7    0.00    0.00    0.00    0.00    0.00    0.00    0.00    0.00    0.00  100.00

04:04:02 AM  CPU    %usr   %nice    %sys %iowait    %irq   %soft  %steal  %guest  %gnice   %idle
04:04:03 AM  all    0.38    0.00   24.50    0.00    0.12    1.88    0.00    0.00    0.00   73.12
04:04:03 AM    0    2.00    0.00   98.00    0.00    0.00    0.00    0.00    0.00    0.00    0.00
04:04:03 AM    1    1.00    0.00   98.00    0.00    1.00    0.00    0.00    0.00    0.00    0.00
04:04:03 AM    2    0.00    0.00    0.00    0.00    0.00    8.00    0.00    0.00    0.00   92.00
04:04:03 AM    3    0.00    0.00    0.00    0.00    0.00    7.00    0.00    0.00    0.00   93.00
04:04:03 AM    4    0.00    0.00    0.00    0.00    0.00    0.00    0.00    0.00    0.00  100.00
04:04:03 AM    5    0.00    0.00    0.00    0.00    0.00    0.00    0.00    0.00    0.00  100.00
04:04:03 AM    6    0.00    0.00    0.00    0.00    0.00    0.00    0.00    0.00    0.00  100.00
04:04:03 AM    7    0.00    0.00    0.00    0.00    0.00    0.00    0.00    0.00    0.00  100.00

04:04:03 AM  CPU    %usr   %nice    %sys %iowait    %irq   %soft  %steal  %guest  %gnice   %idle
04:04:04 AM  all    0.25    0.00   24.56    0.00    0.00    2.01    0.00    0.00    0.00   73.18
04:04:04 AM    0    1.00    0.00   98.00    0.00    0.00    1.00    0.00    0.00    0.00    0.00
04:04:04 AM    1    1.00    0.00   98.00    0.00    0.00    1.00    0.00    0.00    0.00    0.00
04:04:04 AM    2    0.00    0.00    0.00    0.00    0.00    7.00    0.00    0.00    0.00   93.00
04:04:04 AM    3    0.00    0.00    0.00    0.00    0.00    7.07    0.00    0.00    0.00   92.93
04:04:04 AM    4    0.00    0.00    0.00    0.00    0.00    0.00    0.00    0.00    0.00  100.00
04:04:04 AM    5    0.00    0.00    0.00    0.00    0.00    0.00    0.00    0.00    0.00  100.00
04:04:04 AM    6    0.00    0.00    0.00    0.00    0.00    0.00    0.00    0.00    0.00  100.00
04:04:04 AM    7    0.00    0.00    0.00    0.00    0.00    0.00    0.00    0.00    0.00  100.00

04:04:04 AM  CPU    %usr   %nice    %sys %iowait    %irq   %soft  %steal  %guest  %gnice   %idle
04:04:05 AM  all    0.38    0.00   24.62    0.00    0.25    1.75    0.00    0.00    0.00   73.00
04:04:05 AM    0    1.00    0.00   99.00    0.00    0.00    0.00    0.00    0.00    0.00    0.00
04:04:05 AM    1    2.00    0.00   98.00    0.00    0.00    0.00    0.00    0.00    0.00    0.00
04:04:05 AM    2    0.00    0.00    0.00    0.00    1.00    7.00    0.00    0.00    0.00   92.00
04:04:05 AM    3    0.00    0.00    0.00    0.00    0.99    6.93    0.00    0.00    0.00   92.08
04:04:05 AM    4    0.00    0.00    0.00    0.00    0.00    0.00    0.00    0.00    0.00  100.00
04:04:05 AM    5    0.00    0.00    0.00    0.00    0.00    0.00    0.00    0.00    0.00  100.00
04:04:05 AM    6    0.00    0.00    0.00    0.00    0.00    0.00    0.00    0.00    0.00  100.00
04:04:05 AM    7    0.00    0.00    0.00    0.00    0.00    0.00    0.00    0.00    0.00  100.00

04:04:05 AM  CPU    %usr   %nice    %sys %iowait    %irq   %soft  %steal  %guest  %gnice   %idle
04:04:06 AM  all    0.37    0.00   23.85    0.00    0.25    2.62    0.00    0.00    0.00   72.91
04:04:06 AM    0    1.00    0.00   95.00    0.00    1.00    3.00    0.00    0.00    0.00    0.00
04:04:06 AM    1    1.98    0.00   95.05    0.00    0.99    1.98    0.00    0.00    0.00    0.00
04:04:06 AM    2    0.00    0.00    0.00    0.00    0.00    8.00    0.00    0.00    0.00   92.00
04:04:06 AM    3    0.00    0.00    0.00    0.00    0.00    7.07    0.00    0.00    0.00   92.93
04:04:06 AM    4    0.00    0.00    0.00    0.00    0.00    0.00    0.00    0.00    0.00  100.00
04:04:06 AM    5    0.00    0.00    0.00    0.00    0.00    0.99    0.00    0.00    0.00   99.01
04:04:06 AM    6    0.00    0.00    0.00    0.00    0.00    0.00    0.00    0.00    0.00  100.00
04:04:06 AM    7    0.00    0.00    0.00    0.00    0.00    0.00    0.00    0.00    0.00  100.00

04:04:06 AM  CPU    %usr   %nice    %sys %iowait    %irq   %soft  %steal  %guest  %gnice   %idle
04:04:07 AM  all    0.13    0.00   23.84    0.00    0.00    3.01    0.00    0.00    0.00   73.02
04:04:07 AM    0    1.01    0.00   95.96    0.00    0.00    3.03    0.00    0.00    0.00    0.00
04:04:07 AM    1    0.00    0.00   96.94    0.00    0.00    3.06    0.00    0.00    0.00    0.00
04:04:07 AM    2    0.00    0.00    0.00    0.00    0.00    9.00    0.00    0.00    0.00   91.00
04:04:07 AM    3    0.00    0.00    0.00    0.00    0.00    9.00    0.00    0.00    0.00   91.00
04:04:07 AM    4    0.00    0.00    0.00    0.00    0.00    0.00    0.00    0.00    0.00  100.00
04:04:07 AM    5    0.00    0.00    0.00    0.00    0.00    0.00    0.00    0.00    0.00  100.00
04:04:07 AM    6    0.00    0.00    0.00    0.00    0.00    0.00    0.00    0.00    0.00  100.00
04:04:07 AM    7    0.00    0.00    0.00    0.00    0.00    0.00    0.00    0.00    0.00  100.00

04:04:07 AM  CPU    %usr   %nice    %sys %iowait    %irq   %soft  %steal  %guest  %gnice   %idle
04:04:08 AM  all    0.25    0.00   23.94    0.00    0.25    2.99    0.00    0.00    0.00   72.57
04:04:08 AM    0    0.99    0.00   95.05    0.00    0.00    2.97    0.00    0.00    0.00    0.99
04:04:08 AM    1    1.01    0.00   96.97    0.00    0.00    2.02    0.00    0.00    0.00    0.00
04:04:08 AM    2    0.00    0.00    0.00    0.00    1.00    9.00    0.00    0.00    0.00   90.00
04:04:08 AM    3    0.00    0.00    0.00    0.00    0.00    9.00    0.00    0.00    0.00   91.00
04:04:08 AM    4    0.00    0.00    0.00    0.00    0.98    0.98    0.00    0.00    0.00   98.04
04:04:08 AM    5    0.00    0.00    0.00    0.00    0.00    0.00    0.00    0.00    0.00  100.00
04:04:08 AM    6    0.00    0.00    0.00    0.00    0.00    0.00    0.00    0.00    0.00  100.00
04:04:08 AM    7    0.00    0.00    0.00    0.00    0.00    0.00    0.00    0.00    0.00  100.00

04:04:08 AM  CPU    %usr   %nice    %sys %iowait    %irq   %soft  %steal  %guest  %gnice   %idle
04:04:09 AM  all    0.25    0.00   24.25    0.00    0.38    2.38    0.00    0.00    0.00   72.75
04:04:09 AM    0    1.00    0.00   97.00    0.00    1.00    1.00    0.00    0.00    0.00    0.00
04:04:09 AM    1    0.99    0.00   96.04    0.00    0.99    1.98    0.00    0.00    0.00    0.00
04:04:09 AM    2    0.00    0.00    0.00    0.00    0.00    8.08    0.00    0.00    0.00   91.92
04:04:09 AM    3    0.00    0.00    0.00    0.00    1.00    8.00    0.00    0.00    0.00   91.00
04:04:09 AM    4    0.00    0.00    0.00    0.00    0.00    0.00    0.00    0.00    0.00  100.00
04:04:09 AM    5    0.00    0.00    0.00    0.00    0.00    0.00    0.00    0.00    0.00  100.00
04:04:09 AM    6    0.00    0.00    0.00    0.00    0.00    0.00    0.00    0.00    0.00  100.00
04:04:09 AM    7    0.00    0.00    0.00    0.00    0.00    0.00    0.00    0.00    0.00  100.00

04:04:09 AM  CPU    %usr   %nice    %sys %iowait    %irq   %soft  %steal  %guest  %gnice   %idle
04:04:10 AM  all    0.38    0.00   24.28    0.00    0.00    2.25    0.00    0.00    0.00   73.09
04:04:10 AM    0    1.00    0.00   97.00    0.00    0.00    2.00    0.00    0.00    0.00    0.00
04:04:10 AM    1    2.02    0.00   97.98    0.00    0.00    0.00    0.00    0.00    0.00    0.00
04:04:10 AM    2    0.00    0.00    0.00    0.00    0.00    8.00    0.00    0.00    0.00   92.00
04:04:10 AM    3    0.00    0.00    0.00    0.00    0.00    8.00    0.00    0.00    0.00   92.00
04:04:10 AM    4    0.00    0.00    0.00    0.00    0.00    0.00    0.00    0.00    0.00  100.00
04:04:10 AM    5    0.00    0.00    0.00    0.00    0.00    0.00    0.00    0.00    0.00  100.00
04:04:10 AM    6    0.00    0.00    0.00    0.00    0.00    0.00    0.00    0.00    0.00  100.00
04:04:10 AM    7    0.00    0.00    0.00    0.00    0.00    0.00    0.00    0.00    0.00  100.00

04:04:10 AM  CPU    %usr   %nice    %sys %iowait    %irq   %soft  %steal  %guest  %gnice   %idle
04:04:11 AM  all    0.13    0.00   24.78    0.00    0.13    1.75    0.00    0.00    0.00   73.22
04:04:11 AM    0    1.00    0.00   99.00    0.00    0.00    0.00    0.00    0.00    0.00    0.00
04:04:11 AM    1    0.00    0.00   99.00    0.00    0.00    1.00    0.00    0.00    0.00    0.00
04:04:11 AM    2    0.00    0.00    0.00    0.00    1.00    6.00    0.00    0.00    0.00   93.00
04:04:11 AM    3    0.00    0.00    0.00    0.00    0.00    7.07    0.00    0.00    0.00   92.93
04:04:11 AM    4    0.00    0.00    0.00    0.00    0.00    0.00    0.00    0.00    0.00  100.00
04:04:11 AM    5    0.00    0.00    0.00    0.00    0.00    0.00    0.00    0.00    0.00  100.00
04:04:11 AM    6    0.00    0.00    0.00    0.00    0.00    0.00    0.00    0.00    0.00  100.00
04:04:11 AM    7    0.00    0.00    0.00    0.00    0.00    0.00    0.00    0.00    0.00  100.00

04:04:11 AM  CPU    %usr   %nice    %sys %iowait    %irq   %soft  %steal  %guest  %gnice   %idle
04:04:12 AM  all    0.37    0.00   24.47    0.00    0.25    1.87    0.00    0.00    0.00   73.03
04:04:12 AM    0    1.00    0.00   98.00    0.00    1.00    0.00    0.00    0.00    0.00    0.00
04:04:12 AM    1    2.00    0.00   98.00    0.00    0.00    0.00    0.00    0.00    0.00    0.00
04:04:12 AM    2    0.00    0.00    0.00    0.00    0.00    8.00    0.00    0.00    0.00   92.00
04:04:12 AM    3    0.00    0.00    0.00    0.00    0.99    6.93    0.00    0.00    0.00   92.08
04:04:12 AM    4    0.00    0.00    0.00    0.00    0.00    0.00    0.00    0.00    0.00  100.00
04:04:12 AM    5    0.00    0.00    0.00    0.00    0.00    0.00    0.00    0.00    0.00  100.00
04:04:12 AM    6    0.00    0.00    0.00    0.00    0.00    0.00    0.00    0.00    0.00  100.00
04:04:12 AM    7    0.00    0.00    0.00    0.00    0.00    0.00    0.00    0.00    0.00  100.00

04:04:12 AM  CPU    %usr   %nice    %sys %iowait    %irq   %soft  %steal  %guest  %gnice   %idle
04:04:13 AM  all    0.13    0.00   24.53    0.00    0.13    2.00    0.00    0.00    0.00   73.22
04:04:13 AM    0    0.00    0.00   99.00    0.00    0.00    1.00    0.00    0.00    0.00    0.00
04:04:13 AM    1    1.00    0.00   97.00    0.00    1.00    1.00    0.00    0.00    0.00    0.00
04:04:13 AM    2    0.00    0.00    0.00    0.00    0.00    7.00    0.00    0.00    0.00   93.00
04:04:13 AM    3    0.00    0.00    0.00    0.00    0.00    7.07    0.00    0.00    0.00   92.93
04:04:13 AM    4    0.00    0.00    0.00    0.00    0.00    0.00    0.00    0.00    0.00  100.00
04:04:13 AM    5    0.00    0.00    0.00    0.00    0.00    0.00    0.00    0.00    0.00  100.00
04:04:13 AM    6    0.00    0.00    0.00    0.00    0.00    0.00    0.00    0.00    0.00  100.00
04:04:13 AM    7    0.00    0.00    0.00    0.00    0.00    0.00    0.00    0.00    0.00  100.00

04:04:13 AM  CPU    %usr   %nice    %sys %iowait    %irq   %soft  %steal  %guest  %gnice   %idle
04:04:14 AM  all    0.25    0.00   24.59    0.00    0.13    1.76    0.00    0.00    0.00   73.27
04:04:14 AM    0    1.01    0.00   98.99    0.00    0.00    0.00    0.00    0.00    0.00    0.00
04:04:14 AM    1    1.01    0.00   98.99    0.00    0.00    0.00    0.00    0.00    0.00    0.00
04:04:14 AM    2    0.00    0.00    0.00    0.00    1.00    7.00    0.00    0.00    0.00   92.00
04:04:14 AM    3    0.00    0.00    0.00    0.00    0.00    7.00    0.00    0.00    0.00   93.00
04:04:14 AM    4    0.00    0.00    0.00    0.00    0.00    0.00    0.00    0.00    0.00  100.00
04:04:14 AM    5    0.00    0.00    0.00    0.00    0.00    0.00    0.00    0.00    0.00  100.00
04:04:14 AM    6    0.00    0.00    0.00    0.00    0.00    0.00    0.00    0.00    0.00  100.00
04:04:14 AM    7    0.00    0.00    0.00    0.00    0.00    0.00    0.00    0.00    0.00  100.00

04:04:14 AM  CPU    %usr   %nice    %sys %iowait    %irq   %soft  %steal  %guest  %gnice   %idle
04:04:15 AM  all    0.25    0.00   24.69    0.00    0.25    1.87    0.00    0.00    0.00   72.94
04:04:15 AM    0    0.99    0.00   98.02    0.00    0.99    0.00    0.00    0.00    0.00    0.00
04:04:15 AM    1    0.99    0.00   98.02    0.00    0.00    0.99    0.00    0.00    0.00    0.00
04:04:15 AM    2    0.00    0.00    0.00    0.00    0.00    7.07    0.00    0.00    0.00   92.93
04:04:15 AM    3    0.00    0.00    0.00    0.00    1.00    6.00    0.00    0.00    0.00   93.00
04:04:15 AM    4    0.00    0.00    0.00    0.00    0.00    0.00    0.00    0.00    0.00  100.00
04:04:15 AM    5    0.00    0.00    0.00    0.00    0.00    0.99    0.00    0.00    0.00   99.01
04:04:15 AM    6    0.00    0.00    0.00    0.00    0.00    0.00    0.00    0.00    0.00  100.00
04:04:15 AM    7    0.00    0.00    0.00    0.00    0.00    0.00    0.00    0.00    0.00  100.00

04:04:15 AM  CPU    %usr   %nice    %sys %iowait    %irq   %soft  %steal  %guest  %gnice   %idle
04:04:16 AM  all    0.25    0.00   24.38    0.00    0.12    2.00    0.00    0.00    0.00   73.25
04:04:16 AM    0    1.00    0.00   97.00    0.00    0.00    1.00    0.00    0.00    0.00    1.00
04:04:16 AM    1    0.98    0.00   96.08    0.00    0.98    0.98    0.00    0.00    0.00    0.98
04:04:16 AM    2    0.00    0.00    0.00    0.00    0.00    7.00    0.00    0.00    0.00   93.00
04:04:16 AM    3    0.00    0.00    0.00    0.00    0.00    7.07    0.00    0.00    0.00   92.93
04:04:16 AM    4    0.00    0.00    0.00    0.00    0.00    0.00    0.00    0.00    0.00  100.00
04:04:16 AM    5    0.00    0.00    0.00    0.00    0.00    0.00    0.00    0.00    0.00  100.00
04:04:16 AM    6    0.00    0.00    0.00    0.00    0.00    0.00    0.00    0.00    0.00  100.00
04:04:16 AM    7    0.00    0.00    0.00    0.00    0.00    0.00    0.00    0.00    0.00  100.00

04:04:16 AM  CPU    %usr   %nice    %sys %iowait    %irq   %soft  %steal  %guest  %gnice   %idle
04:04:17 AM  all    0.25    0.00   24.22    0.00    0.00    1.88    0.00    0.00    0.00   73.65
04:04:17 AM    0    1.01    0.00   96.97    0.00    0.00    2.02    0.00    0.00    0.00    0.00
04:04:17 AM    1    1.01    0.00   97.98    0.00    0.00    1.01    0.00    0.00    0.00    0.00
04:04:17 AM    2    0.00    0.00    0.00    0.00    0.00    6.06    0.00    0.00    0.00   93.94
04:04:17 AM    3    0.00    0.00    0.00    0.00    0.00    6.00    0.00    0.00    0.00   94.00
04:04:17 AM    4    0.00    0.00    0.00    0.00    0.00    0.00    0.00    0.00    0.00  100.00
04:04:17 AM    5    0.00    0.00    0.00    0.00    0.00    0.00    0.00    0.00    0.00  100.00
04:04:17 AM    6    0.00    0.00    0.00    0.00    0.00    0.00    0.00    0.00    0.00  100.00
04:04:17 AM    7    0.00    0.00    0.00    0.00    0.00    0.00    0.00    0.00    0.00  100.00

04:04:17 AM  CPU    %usr   %nice    %sys %iowait    %irq   %soft  %steal  %guest  %gnice   %idle
04:04:18 AM  all    0.25    0.00   23.82    0.00    0.12    2.24    0.00    0.00    0.00   73.57
04:04:18 AM    0    0.99    0.00   94.06    0.00    0.00    3.96    0.00    0.00    0.00    0.99
04:04:18 AM    1    1.00    0.00   96.00    0.00    0.00    3.00    0.00    0.00    0.00    0.00
04:04:18 AM    2    0.00    0.00    0.00    0.00    1.00    5.00    0.00    0.00    0.00   94.00
04:04:18 AM    3    0.00    0.00    0.00    0.00    0.00    5.00    0.00    0.00    0.00   95.00
04:04:18 AM    4    0.00    0.00    0.00    0.00    0.00    0.00    0.00    0.00    0.00  100.00
04:04:18 AM    5    0.00    0.00    0.00    0.00    0.00    0.00    0.00    0.00    0.00  100.00
04:04:18 AM    6    0.00    0.00    0.00    0.00    0.00    0.00    0.00    0.00    0.00  100.00
04:04:18 AM    7    0.00    0.00    0.00    0.00    0.00    0.99    0.00    0.00    0.00   99.01

04:04:18 AM  CPU    %usr   %nice    %sys %iowait    %irq   %soft  %steal  %guest  %gnice   %idle
04:04:19 AM  all    0.25    0.00   23.97    0.00    0.37    2.00    0.00    0.00    0.00   73.41
04:04:19 AM    0    1.00    0.00   96.00    0.00    1.00    2.00    0.00    0.00    0.00    0.00
04:04:19 AM    1    1.00    0.00   96.00    0.00    1.00    2.00    0.00    0.00    0.00    0.00
04:04:19 AM    2    0.00    0.00    0.00    0.00    0.00    6.00    0.00    0.00    0.00   94.00
04:04:19 AM    3    0.00    0.00    0.00    0.00    1.00    5.00    0.00    0.00    0.00   94.00
04:04:19 AM    4    0.00    0.00    0.00    0.00    0.00    0.99    0.00    0.00    0.00   99.01
04:04:19 AM    5    0.00    0.00    0.00    0.00    0.00    0.00    0.00    0.00    0.00  100.00
04:04:19 AM    6    0.00    0.00    0.00    0.00    0.00    0.00    0.00    0.00    0.00  100.00
04:04:19 AM    7    0.00    0.00    0.00    0.00    0.00    0.00    0.00    0.00    0.00  100.00

04:04:19 AM  CPU    %usr   %nice    %sys %iowait    %irq   %soft  %steal  %guest  %gnice   %idle
04:04:20 AM  all    0.12    0.00   24.62    0.00    0.00    1.88    0.00    0.00    0.00   73.38
04:04:20 AM    0    0.00    0.00   99.00    0.00    0.00    1.00    0.00    0.00    0.00    0.00
04:04:20 AM    1    1.00    0.00   98.00    0.00    0.00    0.00    0.00    0.00    0.00    1.00
04:04:20 AM    2    0.00    0.00    0.00    0.00    0.00    8.00    0.00    0.00    0.00   92.00
04:04:20 AM    3    0.00    0.00    0.00    0.00    0.00    6.00    0.00    0.00    0.00   94.00
04:04:20 AM    4    0.00    0.00    0.00    0.00    0.00    0.00    0.00    0.00    0.00  100.00
04:04:20 AM    5    0.00    0.00    0.00    0.00    0.00    0.00    0.00    0.00    0.00  100.00
04:04:20 AM    6    0.00    0.00    0.00    0.00    0.00    0.00    0.00    0.00    0.00  100.00
04:04:20 AM    7    0.00    0.00    0.00    0.00    0.00    0.00    0.00    0.00    0.00  100.00

04:04:20 AM  CPU    %usr   %nice    %sys %iowait    %irq   %soft  %steal  %guest  %gnice   %idle
04:04:21 AM  all    0.25    0.00   24.56    0.00    0.13    1.88    0.00    0.00    0.00   73.18
04:04:21 AM    0    1.01    0.00   98.99    0.00    0.00    0.00    0.00    0.00    0.00    0.00
04:04:21 AM    1    1.00    0.00   98.00    0.00    0.00    1.00    0.00    0.00    0.00    0.00
04:04:21 AM    2    0.00    0.00    0.00    0.00    1.00    7.00    0.00    0.00    0.00   92.00
04:04:21 AM    3    0.00    0.00    0.00    0.00    0.00    7.07    0.00    0.00    0.00   92.93
04:04:21 AM    4    0.00    0.00    0.00    0.00    0.00    0.00    0.00    0.00    0.00  100.00
04:04:21 AM    5    0.00    0.00    0.00    0.00    0.00    0.00    0.00    0.00    0.00  100.00
04:04:21 AM    6    0.00    0.00    0.00    0.00    0.00    0.00    0.00    0.00    0.00  100.00
04:04:21 AM    7    0.00    0.00    0.00    0.00    0.00    0.00    0.00    0.00    0.00  100.00

04:04:21 AM  CPU    %usr   %nice    %sys %iowait    %irq   %soft  %steal  %guest  %gnice   %idle
04:04:22 AM  all    0.37    0.00   24.44    0.00    0.25    1.87    0.00    0.00    0.00   73.07
04:04:22 AM    0    0.99    0.00   97.03    0.00    0.99    0.99    0.00    0.00    0.00    0.00
04:04:22 AM    1    2.00    0.00   98.00    0.00    0.00    0.00    0.00    0.00    0.00    0.00
04:04:22 AM    2    0.00    0.00    0.00    0.00    0.00    7.00    0.00    0.00    0.00   93.00
04:04:22 AM    3    0.00    0.00    0.00    0.00    0.99    6.93    0.00    0.00    0.00   92.08
04:04:22 AM    4    0.00    0.00    0.00    0.00    0.00    0.00    0.00    0.00    0.00  100.00
04:04:22 AM    5    0.00    0.00    0.00    0.00    0.00    0.00    0.00    0.00    0.00  100.00
04:04:22 AM    6    0.00    0.00    0.00    0.00    0.00    0.00    0.00    0.00    0.00  100.00
04:04:22 AM    7    0.00    0.00    0.00    0.00    0.00    0.00    0.00    0.00    0.00  100.00

04:04:22 AM  CPU    %usr   %nice    %sys %iowait    %irq   %soft  %steal  %guest  %gnice   %idle
04:04:23 AM  all    0.13    0.00   24.78    0.00    0.13    1.88    0.00    0.00    0.00   73.09
04:04:23 AM    0    1.00    0.00   99.00    0.00    0.00    0.00    0.00    0.00    0.00    0.00
04:04:23 AM    1    0.00    0.00   98.02    0.00    0.99    0.99    0.00    0.00    0.00    0.00
04:04:23 AM    2    0.00    0.00    0.00    0.00    0.00    7.07    0.00    0.00    0.00   92.93
04:04:23 AM    3    0.00    0.00    0.00    0.00    0.00    7.07    0.00    0.00    0.00   92.93
04:04:23 AM    4    0.00    0.00    0.00    0.00    0.00    0.00    0.00    0.00    0.00  100.00
04:04:23 AM    5    0.00    0.00    0.00    0.00    0.00    0.00    0.00    0.00    0.00  100.00
04:04:23 AM    6    0.00    0.00    0.00    0.00    0.00    0.00    0.00    0.00    0.00  100.00
04:04:23 AM    7    0.00    0.00    0.00    0.00    0.00    0.00    0.00    0.00    0.00  100.00

04:04:23 AM  CPU    %usr   %nice    %sys %iowait    %irq   %soft  %steal  %guest  %gnice   %idle
04:04:24 AM  all    0.37    0.00   24.34    0.00    0.12    2.12    0.00    0.00    0.00   73.03
04:04:24 AM    0    2.00    0.00   97.00    0.00    0.00    1.00    0.00    0.00    0.00    0.00
04:04:24 AM    1    1.00    0.00   98.00    0.00    0.00    1.00    0.00    0.00    0.00    0.00
04:04:24 AM    2    0.00    0.00    0.00    0.00    0.99    7.92    0.00    0.00    0.00   91.09
04:04:24 AM    3    0.00    0.00    0.00    0.00    0.00    7.00    0.00    0.00    0.00   93.00
04:04:24 AM    4    0.00    0.00    0.00    0.00    0.00    0.00    0.00    0.00    0.00  100.00
04:04:24 AM    5    0.00    0.00    0.00    0.00    0.00    0.00    0.00    0.00    0.00  100.00
04:04:24 AM    6    0.00    0.00    0.00    0.00    0.00    0.00    0.00    0.00    0.00  100.00
04:04:24 AM    7    0.00    0.00    0.00    0.00    0.00    0.00    0.00    0.00    0.00  100.00

04:04:24 AM  CPU    %usr   %nice    %sys %iowait    %irq   %soft  %steal  %guest  %gnice   %idle
04:04:25 AM  all    0.25    0.00   24.62    0.00    0.12    1.88    0.00    0.00    0.00   73.12
04:04:25 AM    0    1.00    0.00   99.00    0.00    0.00    0.00    0.00    0.00    0.00    0.00
04:04:25 AM    1    1.01    0.00   98.99    0.00    0.00    0.00    0.00    0.00    0.00    0.00
04:04:25 AM    2    0.00    0.00    0.00    0.00    0.00    7.00    0.00    0.00    0.00   93.00
04:04:25 AM    3    0.00    0.00    0.00    0.00    1.00    7.00    0.00    0.00    0.00   92.00
04:04:25 AM    4    0.00    0.00    0.00    0.00    0.00    0.00    0.00    0.00    0.00  100.00
04:04:25 AM    5    0.00    0.00    0.00    0.00    0.00    0.99    0.00    0.00    0.00   99.01
04:04:25 AM    6    0.00    0.00    0.00    0.00    0.00    0.00    0.00    0.00    0.00  100.00
04:04:25 AM    7    0.00    0.00    0.00    0.00    0.00    0.00    0.00    0.00    0.00  100.00

04:04:25 AM  CPU    %usr   %nice    %sys %iowait    %irq   %soft  %steal  %guest  %gnice   %idle
04:04:26 AM  all    0.25    0.00   24.59    0.00    0.37    1.75    0.00    0.00    0.00   73.03
04:04:26 AM    0    1.00    0.00   98.00    0.00    1.00    0.00    0.00    0.00    0.00    0.00
04:04:26 AM    1    0.99    0.00   98.02    0.00    0.99    0.00    0.00    0.00    0.00    0.00
04:04:26 AM    2    0.00    0.00    0.00    0.00    0.00    7.07    0.00    0.00    0.00   92.93
04:04:26 AM    3    0.00    0.00    0.00    0.00    0.00    7.00    0.00    0.00    0.00   93.00
04:04:26 AM    4    0.00    0.00    0.00    0.00    0.00    0.00    0.00    0.00    0.00  100.00
04:04:26 AM    5    0.00    0.00    0.00    0.00    0.00    0.00    0.00    0.00    0.00  100.00
04:04:26 AM    6    0.00    0.00    0.00    0.00    0.99    0.00    0.00    0.00    0.00   99.01
04:04:26 AM    7    0.00    0.00    0.00    0.00    0.00    0.00    0.00    0.00    0.00  100.00

04:04:26 AM  CPU    %usr   %nice    %sys %iowait    %irq   %soft  %steal  %guest  %gnice   %idle
04:04:27 AM  all    0.13    0.00   24.53    0.00    0.13    2.00    0.00    0.00    0.00   73.22
04:04:27 AM    0    1.00    0.00   98.00    0.00    0.00    1.00    0.00    0.00    0.00    0.00
04:04:27 AM    1    0.00    0.00   98.99    0.00    0.00    1.01    0.00    0.00    0.00    0.00
04:04:27 AM    2    0.00    0.00    0.00    0.00    1.00    7.00    0.00    0.00    0.00   92.00
04:04:27 AM    3    0.00    0.00    0.00    0.00    0.00    7.00    0.00    0.00    0.00   93.00
04:04:27 AM    4    0.00    0.00    0.00    0.00    0.00    0.00    0.00    0.00    0.00  100.00
04:04:27 AM    5    0.00    0.00    0.00    0.00    0.00    0.00    0.00    0.00    0.00  100.00
04:04:27 AM    6    0.00    0.00    0.00    0.00    0.00    0.00    0.00    0.00    0.00  100.00
04:04:27 AM    7    0.00    0.00    0.00    0.00    0.00    0.00    0.00    0.00    0.00  100.00

04:04:27 AM  CPU    %usr   %nice    %sys %iowait    %irq   %soft  %steal  %guest  %gnice   %idle
04:04:28 AM  all    0.25    0.00   24.66    0.00    0.00    1.75    0.00    0.00    0.00   73.34
04:04:28 AM    0    1.00    0.00   99.00    0.00    0.00    0.00    0.00    0.00    0.00    0.00
04:04:28 AM    1    1.01    0.00   98.99    0.00    0.00    0.00    0.00    0.00    0.00    0.00
04:04:28 AM    2    0.00    0.00    0.00    0.00    0.00    7.00    0.00    0.00    0.00   93.00
04:04:28 AM    3    0.00    0.00    0.00    0.00    0.00    7.00    0.00    0.00    0.00   93.00
04:04:28 AM    4    0.00    0.00    0.00    0.00    0.00    0.00    0.00    0.00    0.00  100.00
04:04:28 AM    5    0.00    0.00    0.00    0.00    0.00    0.00    0.00    0.00    0.00  100.00
04:04:28 AM    6    0.00    0.00    0.00    0.00    0.00    0.00    0.00    0.00    0.00  100.00
04:04:28 AM    7    0.00    0.00    0.00    0.00    0.00    0.00    0.00    0.00    0.00  100.00

04:04:28 AM  CPU    %usr   %nice    %sys %iowait    %irq   %soft  %steal  %guest  %gnice   %idle
04:04:29 AM  all    0.38    0.00   24.00    0.00    0.25    2.12    0.00    0.00    0.00   73.25
04:04:29 AM    0    1.00    0.00   96.00    0.00    1.00    1.00    0.00    0.00    0.00    1.00
04:04:29 AM    1    1.98    0.00   95.05    0.00    0.00    1.98    0.00    0.00    0.00    0.99
04:04:29 AM    2    0.00    0.00    0.00    0.00    0.00    8.00    0.00    0.00    0.00   92.00
04:04:29 AM    3    0.00    0.00    0.00    0.00    1.01    6.06    0.00    0.00    0.00   92.93
04:04:29 AM    4    0.00    0.00    0.00    0.00    0.00    0.00    0.00    0.00    0.00  100.00
04:04:29 AM    5    0.00    0.00    0.00    0.00    0.00    0.00    0.00    0.00    0.00  100.00
04:04:29 AM    6    0.00    0.00    0.00    0.00    0.00    0.00    0.00    0.00    0.00  100.00
04:04:29 AM    7    0.00    0.00    0.00    0.00    0.00    0.00    0.00    0.00    0.00  100.00

04:04:29 AM  CPU    %usr   %nice    %sys %iowait    %irq   %soft  %steal  %guest  %gnice   %idle
04:04:30 AM  all    0.12    0.00   23.69    0.00    0.25    2.12    0.00    0.00    0.00   73.82
04:04:30 AM    0    0.99    0.00   94.06    0.00    0.00    3.96    0.00    0.00    0.00    0.99
04:04:30 AM    1    0.00    0.00   94.06    0.00    0.99    3.96    0.00    0.00    0.00    0.99
04:04:30 AM    2    0.00    0.00    0.00    0.00    1.00    4.00    0.00    0.00    0.00   95.00
04:04:30 AM    3    0.00    0.00    0.00    0.00    0.00    5.00    0.00    0.00    0.00   95.00
04:04:30 AM    4    0.00    0.00    0.00    0.00    0.00    0.00    0.00    0.00    0.00  100.00
04:04:30 AM    5    0.00    0.00    0.00    0.00    0.00    0.00    0.00    0.00    0.00  100.00
04:04:30 AM    6    0.00    0.00    0.00    0.00    0.00    0.00    0.00    0.00    0.00  100.00
04:04:30 AM    7    0.00    0.00    0.00    0.00    0.00    0.00    0.00    0.00    0.00  100.00

04:04:30 AM  CPU    %usr   %nice    %sys %iowait    %irq   %soft  %steal  %guest  %gnice   %idle
04:04:31 AM  all    0.25    0.00   24.03    0.00    0.00    2.13    0.00    0.00    0.00   73.59
04:04:31 AM    0    1.00    0.00   96.00    0.00    0.00    3.00    0.00    0.00    0.00    0.00
04:04:31 AM    1    1.01    0.00   96.97    0.00    0.00    2.02    0.00    0.00    0.00    0.00
04:04:31 AM    2    0.00    0.00    0.00    0.00    0.00    6.00    0.00    0.00    0.00   94.00
04:04:31 AM    3    0.00    0.00    0.00    0.00    0.00    6.00    0.00    0.00    0.00   94.00
04:04:31 AM    4    0.00    0.00    0.00    0.00    0.00    0.00    0.00    0.00    0.00  100.00
04:04:31 AM    5    0.00    0.00    0.00    0.00    0.00    0.00    0.00    0.00    0.00  100.00
04:04:31 AM    6    0.00    0.00    0.00    0.00    0.00    0.00    0.00    0.00    0.00  100.00
04:04:31 AM    7    0.00    0.00    0.00    0.00    0.00    0.00    0.00    0.00    0.00  100.00

04:04:31 AM  CPU    %usr   %nice    %sys %iowait    %irq   %soft  %steal  %guest  %gnice   %idle
04:04:32 AM  all    0.38    0.00   24.25    0.00    0.25    2.25    0.00    0.00    0.00   72.88
04:04:32 AM    0    1.01    0.00   97.98    0.00    1.01    0.00    0.00    0.00    0.00    0.00
04:04:32 AM    1    2.00    0.00   97.00    0.00    0.00    1.00    0.00    0.00    0.00    0.00
04:04:32 AM    2    0.00    0.00    0.00    0.00    0.00    8.08    0.00    0.00    0.00   91.92
04:04:32 AM    3    0.00    0.00    0.00    0.00    0.99    7.92    0.00    0.00    0.00   91.09
04:04:32 AM    4    0.00    0.00    0.00    0.00    0.00    0.99    0.00    0.00    0.00   99.01
04:04:32 AM    5    0.00    0.00    0.00    0.00    0.00    0.00    0.00    0.00    0.00  100.00
04:04:32 AM    6    0.00    0.00    0.00    0.00    0.00    0.00    0.00    0.00    0.00  100.00
04:04:32 AM    7    0.00    0.00    0.00    0.00    0.00    0.00    0.00    0.00    0.00  100.00

04:04:32 AM  CPU    %usr   %nice    %sys %iowait    %irq   %soft  %steal  %guest  %gnice   %idle
04:04:33 AM  all    0.25    0.00   23.78    0.00    0.13    2.63    0.00    0.00    0.00   73.22
04:04:33 AM    0    1.00    0.00   95.00    0.00    0.00    3.00    0.00    0.00    0.00    1.00
04:04:33 AM    1    1.00    0.00   95.00    0.00    1.00    3.00    0.00    0.00    0.00    0.00
04:04:33 AM    2    0.00    0.00    0.00    0.00    0.00    8.00    0.00    0.00    0.00   92.00
04:04:33 AM    3    0.00    0.00    0.00    0.00    0.00    7.07    0.00    0.00    0.00   92.93
04:04:33 AM    4    0.00    0.00    0.00    0.00    0.00    0.00    0.00    0.00    0.00  100.00
04:04:33 AM    5    0.00    0.00    0.00    0.00    0.00    0.00    0.00    0.00    0.00  100.00
04:04:33 AM    6    0.00    0.00    0.00    0.00    0.00    0.00    0.00    0.00    0.00  100.00
04:04:33 AM    7    0.00    0.00    0.00    0.00    0.00    0.00    0.00    0.00    0.00  100.00

04:04:33 AM  CPU    %usr   %nice    %sys %iowait    %irq   %soft  %steal  %guest  %gnice   %idle
04:04:34 AM  all    0.25    0.00   24.06    0.00    0.13    2.13    0.00    0.00    0.00   73.43
04:04:34 AM    0    1.00    0.00   96.00    0.00    0.00    3.00    0.00    0.00    0.00    0.00
04:04:34 AM    1    1.00    0.00   96.00    0.00    0.00    2.00    0.00    0.00    0.00    1.00
04:04:34 AM    2    0.00    0.00    0.00    0.00    1.00    6.00    0.00    0.00    0.00   93.00
04:04:34 AM    3    0.00    0.00    0.00    0.00    0.00    6.06    0.00    0.00    0.00   93.94
04:04:34 AM    4    0.00    0.00    0.00    0.00    0.00    0.00    0.00    0.00    0.00  100.00
04:04:34 AM    5    0.00    0.00    0.00    0.00    0.00    0.00    0.00    0.00    0.00  100.00
04:04:34 AM    6    0.00    0.00    0.00    0.00    0.00    0.00    0.00    0.00    0.00  100.00
04:04:34 AM    7    0.00    0.00    0.00    0.00    0.00    0.00    0.00    0.00    0.00  100.00

04:04:34 AM  CPU    %usr   %nice    %sys %iowait    %irq   %soft  %steal  %guest  %gnice   %idle
04:04:35 AM  all    0.38    0.00   24.38    0.00    0.12    2.00    0.00    0.00    0.00   73.12
04:04:35 AM    0    1.00    0.00   98.00    0.00    0.00    1.00    0.00    0.00    0.00    0.00
04:04:35 AM    1    2.00    0.00   97.00    0.00    0.00    1.00    0.00    0.00    0.00    0.00
04:04:35 AM    2    0.00    0.00    0.00    0.00    0.00    7.00    0.00    0.00    0.00   93.00
04:04:35 AM    3    0.00    0.00    0.00    0.00    0.99    6.93    0.00    0.00    0.00   92.08
04:04:35 AM    4    0.00    0.00    0.00    0.00    0.00    0.00    0.00    0.00    0.00  100.00
04:04:35 AM    5    0.00    0.00    0.00    0.00    0.00    0.00    0.00    0.00    0.00  100.00
04:04:35 AM    6    0.00    0.00    0.00    0.00    0.00    0.00    0.00    0.00    0.00  100.00
04:04:35 AM    7    0.00    0.00    0.00    0.00    0.00    0.00    0.00    0.00    0.00  100.00

04:04:35 AM  CPU    %usr   %nice    %sys %iowait    %irq   %soft  %steal  %guest  %gnice   %idle
04:04:36 AM  all    0.25    0.00   24.16    0.00    0.25    2.24    0.00    0.00    0.00   73.10
04:04:36 AM    0    0.99    0.00   96.04    0.00    0.99    1.98    0.00    0.00    0.00    0.00
04:04:36 AM    1    0.99    0.00   96.04    0.00    0.99    1.98    0.00    0.00    0.00    0.00
04:04:36 AM    2    0.00    0.00    0.00    0.00    0.00    7.00    0.00    0.00    0.00   93.00
04:04:36 AM    3    0.00    0.00    0.00    0.00    0.00    6.00    0.00    0.00    0.00   94.00
04:04:36 AM    4    0.00    0.00    0.00    0.00    0.00    0.00    0.00    0.00    0.00  100.00
04:04:36 AM    5    0.00    0.00    0.00    0.00    0.00    0.99    0.00    0.00    0.00   99.01
04:04:36 AM    6    0.00    0.00    0.00    0.00    0.00    0.00    0.00    0.00    0.00  100.00
04:04:36 AM    7    0.00    0.00    0.00    0.00    0.00    0.00    0.00    0.00    0.00  100.00

04:04:36 AM  CPU    %usr   %nice    %sys %iowait    %irq   %soft  %steal  %guest  %gnice   %idle
04:04:37 AM  all    0.13    0.00   23.81    0.00    0.13    2.88    0.00    0.00    0.00   73.06
04:04:37 AM    0    1.00    0.00   95.00    0.00    0.00    3.00    0.00    0.00    0.00    1.00
04:04:37 AM    1    0.00    0.00   96.94    0.00    0.00    3.06    0.00    0.00    0.00    0.00
04:04:37 AM    2    0.00    0.00    0.00    0.00    1.00    8.00    0.00    0.00    0.00   91.00
04:04:37 AM    3    0.00    0.00    0.00    0.00    0.00    8.08    0.00    0.00    0.00   91.92
04:04:37 AM    4    0.00    0.00    0.00    0.00    0.00    0.99    0.00    0.00    0.00   99.01
04:04:37 AM    5    0.00    0.00    0.00    0.00    0.00    0.00    0.00    0.00    0.00  100.00
04:04:37 AM    6    0.00    0.00    0.00    0.00    0.00    0.00    0.00    0.00    0.00  100.00
04:04:37 AM    7    0.00    0.00    0.00    0.00    0.00    0.00    0.00    0.00    0.00  100.00

04:04:37 AM  CPU    %usr   %nice    %sys %iowait    %irq   %soft  %steal  %guest  %gnice   %idle
04:04:38 AM  all    0.38    0.00   24.28    0.00    0.00    2.38    0.00    0.00    0.00   72.97
04:04:38 AM    0    2.02    0.00   96.97    0.00    0.00    1.01    0.00    0.00    0.00    0.00
04:04:38 AM    1    0.99    0.00   97.03    0.00    0.00    0.99    0.00    0.00    0.00    0.99
04:04:38 AM    2    0.00    0.00    0.00    0.00    0.00    9.00    0.00    0.00    0.00   91.00
04:04:38 AM    3    0.00    0.00    0.00    0.00    0.00    8.08    0.00    0.00    0.00   91.92
04:04:38 AM    4    0.00    0.00    0.00    0.00    0.00    0.00    0.00    0.00    0.00  100.00
04:04:38 AM    5    0.00    0.00    0.00    0.00    0.00    0.00    0.00    0.00    0.00  100.00
04:04:38 AM    6    0.00    0.00    0.00    0.00    0.00    0.00    0.00    0.00    0.00  100.00
04:04:38 AM    7    0.00    0.00    0.00    0.00    0.00    0.00    0.00    0.00    0.00  100.00

04:04:38 AM  CPU    %usr   %nice    %sys %iowait    %irq   %soft  %steal  %guest  %gnice   %idle
04:04:39 AM  all    0.25    0.00   24.22    0.00    0.25    2.12    0.00    0.00    0.00   73.16
04:04:39 AM    0    0.99    0.00   96.04    0.00    0.99    1.98    0.00    0.00    0.00    0.00
04:04:39 AM    1    1.00    0.00   97.00    0.00    0.00    2.00    0.00    0.00    0.00    0.00
04:04:39 AM    2    0.00    0.00    0.00    0.00    0.00    7.07    0.00    0.00    0.00   92.93
04:04:39 AM    3    0.00    0.00    0.00    0.00    0.99    5.94    0.00    0.00    0.00   93.07
04:04:39 AM    4    0.00    0.00    0.00    0.00    0.00    0.00    0.00    0.00    0.00  100.00
04:04:39 AM    5    0.00    0.00    0.00    0.00    0.00    0.00    0.00    0.00    0.00  100.00
04:04:39 AM    6    0.00    0.00    0.00    0.00    0.00    0.00    0.00    0.00    0.00  100.00
04:04:39 AM    7    0.00    0.00    0.00    0.00    0.00    0.00    0.00    0.00    0.00  100.00

04:04:39 AM  CPU    %usr   %nice    %sys %iowait    %irq   %soft  %steal  %guest  %gnice   %idle
04:04:40 AM  all    0.25    0.00   24.19    0.00    0.25    2.00    0.00    0.00    0.00   73.32
04:04:40 AM    0    1.00    0.00   97.00    0.00    0.00    2.00    0.00    0.00    0.00    0.00
04:04:40 AM    1    0.99    0.00   96.04    0.00    0.99    1.98    0.00    0.00    0.00    0.00
04:04:40 AM    2    0.00    0.00    0.00    0.00    0.99    5.94    0.00    0.00    0.00   93.07
04:04:40 AM    3    0.00    0.00    0.00    0.00    0.00    6.00    0.00    0.00    0.00   94.00
04:04:40 AM    4    0.00    0.00    0.00    0.00    0.00    0.00    0.00    0.00    0.00  100.00
04:04:40 AM    5    0.00    0.00    0.00    0.00    0.00    0.00    0.00    0.00    0.00  100.00
04:04:40 AM    6    0.00    0.00    0.00    0.00    0.00    0.00    0.00    0.00    0.00  100.00
04:04:40 AM    7    0.00    0.00    0.00    0.00    0.00    0.00    0.00    0.00    0.00  100.00

04:04:40 AM  CPU    %usr   %nice    %sys %iowait    %irq   %soft  %steal  %guest  %gnice   %idle
04:04:41 AM  all    0.25    0.00   24.44    0.00    0.00    1.75    0.00    0.00    0.00   73.56
04:04:41 AM    0    1.01    0.00   97.98    0.00    0.00    1.01    0.00    0.00    0.00    0.00
04:04:41 AM    1    1.00    0.00   98.00    0.00    0.00    1.00    0.00    0.00    0.00    0.00
04:04:41 AM    2    0.00    0.00    0.00    0.00    0.00    6.06    0.00    0.00    0.00   93.94
04:04:41 AM    3    0.00    0.00    0.00    0.00    0.00    6.06    0.00    0.00    0.00   93.94
04:04:41 AM    4    0.00    0.00    0.00    0.00    0.00    0.00    0.00    0.00    0.00  100.00
04:04:41 AM    5    0.00    0.00    0.00    0.00    0.00    0.00    0.00    0.00    0.00  100.00
04:04:41 AM    6    0.00    0.00    0.00    0.00    0.00    0.00    0.00    0.00    0.00  100.00
04:04:41 AM    7    0.00    0.00    0.00    0.00    0.00    0.00    0.00    0.00    0.00  100.00

04:04:41 AM  CPU    %usr   %nice    %sys %iowait    %irq   %soft  %steal  %guest  %gnice   %idle
04:04:42 AM  all    0.50    0.00   24.25    0.00    0.25    2.00    0.00    0.00    0.00   73.00
04:04:42 AM    0    1.98    0.00   97.03    0.00    0.99    0.00    0.00    0.00    0.00    0.00
04:04:42 AM    1    2.04    0.00   97.96    0.00    0.00    0.00    0.00    0.00    0.00    0.00
04:04:42 AM    2    0.00    0.00    0.00    0.00    0.00    8.00    0.00    0.00    0.00   92.00
04:04:42 AM    3    0.00    0.00    0.00    0.00    0.99    7.92    0.00    0.00    0.00   91.09
04:04:42 AM    4    0.00    0.00    0.00    0.00    0.00    0.00    0.00    0.00    0.00  100.00
04:04:42 AM    5    0.00    0.00    0.00    0.00    0.00    0.00    0.00    0.00    0.00  100.00
04:04:42 AM    6    0.00    0.00    0.00    0.00    0.00    0.00    0.00    0.00    0.00  100.00
04:04:42 AM    7    0.00    0.00    0.00    0.00    0.00    0.00    0.00    0.00    0.00  100.00

04:04:42 AM  CPU    %usr   %nice    %sys %iowait    %irq   %soft  %steal  %guest  %gnice   %idle
04:04:43 AM  all    0.25    0.00   24.62    0.00    0.25    1.88    0.00    0.00    0.00   73.00
04:04:43 AM    0    1.00    0.00   98.00    0.00    0.00    1.00    0.00    0.00    0.00    0.00
04:04:43 AM    1    0.98    0.00   97.06    0.00    0.98    0.98    0.00    0.00    0.00    0.00
04:04:43 AM    2    0.00    0.00    0.00    0.00    1.00    7.00    0.00    0.00    0.00   92.00
04:04:43 AM    3    0.00    0.00    0.00    0.00    0.00    6.06    0.00    0.00    0.00   93.94
04:04:43 AM    4    0.00    0.00    0.00    0.00    0.00    0.00    0.00    0.00    0.00  100.00
04:04:43 AM    5    0.00    0.00    0.00    0.00    0.00    0.00    0.00    0.00    0.00  100.00
04:04:43 AM    6    0.00    0.00    0.00    0.00    0.00    0.00    0.00    0.00    0.00  100.00
04:04:43 AM    7    0.00    0.00    0.00    0.00    0.00    0.00    0.00    0.00    0.00  100.00

04:04:43 AM  CPU    %usr   %nice    %sys %iowait    %irq   %soft  %steal  %guest  %gnice   %idle
04:04:44 AM  all    0.13    0.00   24.69    0.00    0.00    1.88    0.00    0.00    0.00   73.31
04:04:44 AM    0    0.00    0.00  100.00    0.00    0.00    0.00    0.00    0.00    0.00    0.00
04:04:44 AM    1    1.01    0.00   98.99    0.00    0.00    0.00    0.00    0.00    0.00    0.00
04:04:44 AM    2    0.00    0.00    0.00    0.00    0.00    7.07    0.00    0.00    0.00   92.93
04:04:44 AM    3    0.00    0.00    0.00    0.00    0.00    8.00    0.00    0.00    0.00   92.00
04:04:44 AM    4    0.00    0.00    0.00    0.00    0.00    0.00    0.00    0.00    0.00  100.00
04:04:44 AM    5    0.00    0.00    0.00    0.00    0.00    0.00    0.00    0.00    0.00  100.00
04:04:44 AM    6    0.00    0.00    0.00    0.00    0.00    0.00    0.00    0.00    0.00  100.00
04:04:44 AM    7    0.00    0.00    0.00    0.00    0.00    0.00    0.00    0.00    0.00  100.00

04:04:44 AM  CPU    %usr   %nice    %sys %iowait    %irq   %soft  %steal  %guest  %gnice   %idle
04:04:45 AM  all    0.25    0.00   24.59    0.00    0.12    2.12    0.00    0.00    0.00   72.91
04:04:45 AM    0    1.00    0.00   98.00    0.00    0.00    1.00    0.00    0.00    0.00    0.00
04:04:45 AM    1    1.00    0.00   99.00    0.00    0.00    0.00    0.00    0.00    0.00    0.00
04:04:45 AM    2    0.00    0.00    0.00    0.00    0.00    8.00    0.00    0.00    0.00   92.00
04:04:45 AM    3    0.00    0.00    0.00    0.00    0.99    6.93    0.00    0.00    0.00   92.08
04:04:45 AM    4    0.00    0.00    0.00    0.00    0.00    0.00    0.00    0.00    0.00  100.00
04:04:45 AM    5    0.00    0.00    0.00    0.00    0.00    0.99    0.00    0.00    0.00   99.01
04:04:45 AM    6    0.00    0.00    0.00    0.00    0.00    0.00    0.00    0.00    0.00  100.00
04:04:45 AM    7    0.00    0.00    0.00    0.00    0.00    0.00    0.00    0.00    0.00  100.00

04:04:45 AM  CPU    %usr   %nice    %sys %iowait    %irq   %soft  %steal  %guest  %gnice   %idle
04:04:46 AM  all    0.25    0.00   24.53    0.00    0.38    1.75    0.00    0.00    0.00   73.09
04:04:46 AM    0    1.00    0.00   98.00    0.00    1.00    0.00    0.00    0.00    0.00    0.00
04:04:46 AM    1    1.00    0.00   98.00    0.00    1.00    0.00    0.00    0.00    0.00    0.00
04:04:46 AM    2    0.00    0.00    0.00    0.00    0.99    6.93    0.00    0.00    0.00   92.08
04:04:46 AM    3    0.00    0.00    0.00    0.00    0.00    6.12    0.00    0.00    0.00   93.88
04:04:46 AM    4    0.00    0.00    0.00    0.00    0.00    0.00    0.00    0.00    0.00  100.00
04:04:46 AM    5    0.00    0.00    0.00    0.00    0.00    0.00    0.00    0.00    0.00  100.00
04:04:46 AM    6    0.00    0.00    0.00    0.00    0.00    0.00    0.00    0.00    0.00  100.00
04:04:46 AM    7    0.00    0.00    0.00    0.00    0.00    0.99    0.00    0.00    0.00   99.01

04:04:46 AM  CPU    %usr   %nice    %sys %iowait    %irq   %soft  %steal  %guest  %gnice   %idle
04:04:47 AM  all    0.25    0.00   24.75    0.00    0.00    1.88    0.00    0.00    0.00   73.12
04:04:47 AM    0    1.00    0.00   99.00    0.00    0.00    0.00    0.00    0.00    0.00    0.00
04:04:47 AM    1    0.99    0.00   98.02    0.00    0.00    0.99    0.00    0.00    0.00    0.00
04:04:47 AM    2    0.00    0.00    0.00    0.00    0.00    7.07    0.00    0.00    0.00   92.93
04:04:47 AM    3    0.00    0.00    0.00    0.00    0.00    7.00    0.00    0.00    0.00   93.00
04:04:47 AM    4    0.00    0.00    0.00    0.00    0.00    0.00    0.00    0.00    0.00  100.00
04:04:47 AM    5    0.00    0.00    0.00    0.00    0.00    0.00    0.00    0.00    0.00  100.00
04:04:47 AM    6    0.00    0.00    0.00    0.00    0.00    0.00    0.00    0.00    0.00  100.00
04:04:47 AM    7    0.00    0.00    0.00    0.00    0.00    0.00    0.00    0.00    0.00  100.00

04:04:47 AM  CPU    %usr   %nice    %sys %iowait    %irq   %soft  %steal  %guest  %gnice   %idle
04:04:48 AM  all    0.38    0.00   24.53    0.00    0.00    1.88    0.00    0.00    0.00   73.22
04:04:48 AM    0    1.98    0.00   97.03    0.00    0.00    0.99    0.00    0.00    0.00    0.00
04:04:48 AM    1    1.01    0.00   98.99    0.00    0.00    0.00    0.00    0.00    0.00    0.00
04:04:48 AM    2    0.00    0.00    0.00    0.00    0.00    7.07    0.00    0.00    0.00   92.93
04:04:48 AM    3    0.00    0.00    0.00    0.00    0.00    7.00    0.00    0.00    0.00   93.00
04:04:48 AM    4    0.00    0.00    0.00    0.00    0.00    0.00    0.00    0.00    0.00  100.00
04:04:48 AM    5    0.00    0.00    0.00    0.00    0.00    0.00    0.00    0.00    0.00  100.00
04:04:48 AM    6    0.00    0.00    0.00    0.00    0.00    0.00    0.00    0.00    0.00  100.00
04:04:48 AM    7    0.00    0.00    0.00    0.00    0.00    0.00    0.00    0.00    0.00  100.00

04:04:48 AM  CPU    %usr   %nice    %sys %iowait    %irq   %soft  %steal  %guest  %gnice   %idle
04:04:49 AM  all    0.25    0.00   24.47    0.00    0.37    2.11    0.00    0.00    0.00   72.80
04:04:49 AM    0    1.00    0.00   98.00    0.00    1.00    0.00    0.00    0.00    0.00    0.00
04:04:49 AM    1    0.99    0.00   98.02    0.00    0.00    0.99    0.00    0.00    0.00    0.00
04:04:49 AM    2    0.00    0.00    0.00    0.00    0.99    6.93    0.00    0.00    0.00   92.08
04:04:49 AM    3    0.00    0.00    0.00    0.00    0.99    6.93    0.00    0.00    0.00   92.08
04:04:49 AM    4    0.00    0.00    0.00    0.00    0.00    0.99    0.00    0.00    0.00   99.01
04:04:49 AM    5    0.00    0.00    0.00    0.00    0.00    0.00    0.00    0.00    0.00  100.00
04:04:49 AM    6    0.00    0.00    0.00    0.00    0.00    0.99    0.00    0.00    0.00   99.01
04:04:49 AM    7    0.00    0.00    0.00    0.00    0.00    0.00    0.00    0.00    0.00  100.00

04:04:49 AM  CPU    %usr   %nice    %sys %iowait    %irq   %soft  %steal  %guest  %gnice   %idle
04:04:50 AM  all    0.25    0.00   24.56    0.00    0.13    1.88    0.00    0.00    0.00   73.18
04:04:50 AM    0    1.00    0.00   98.00    0.00    0.00    1.00    0.00    0.00    0.00    0.00
04:04:50 AM    1    1.00    0.00   98.00    0.00    1.00    0.00    0.00    0.00    0.00    0.00
04:04:50 AM    2    0.00    0.00    0.00    0.00    0.00    8.00    0.00    0.00    0.00   92.00
04:04:50 AM    3    0.00    0.00    0.00    0.00    0.00    6.12    0.00    0.00    0.00   93.88
04:04:50 AM    4    0.00    0.00    0.00    0.00    0.00    0.00    0.00    0.00    0.00  100.00
04:04:50 AM    5    0.00    0.00    0.00    0.00    0.00    0.00    0.00    0.00    0.00  100.00
04:04:50 AM    6    0.00    0.00    0.00    0.00    0.00    0.00    0.00    0.00    0.00  100.00
04:04:50 AM    7    0.00    0.00    0.00    0.00    0.00    0.00    0.00    0.00    0.00  100.00

04:04:50 AM  CPU    %usr   %nice    %sys %iowait    %irq   %soft  %steal  %guest  %gnice   %idle
04:04:51 AM  all    0.38    0.00   24.50    0.00    0.00    2.00    0.00    0.00    0.00   73.12
04:04:51 AM    0    2.00    0.00   98.00    0.00    0.00    0.00    0.00    0.00    0.00    0.00
04:04:51 AM    1    1.01    0.00   98.99    0.00    0.00    0.00    0.00    0.00    0.00    0.00
04:04:51 AM    2    0.00    0.00    0.00    0.00    0.00    8.00    0.00    0.00    0.00   92.00
04:04:51 AM    3    0.00    0.00    0.00    0.00    0.00    7.92    0.00    0.00    0.00   92.08
04:04:51 AM    4    0.00    0.00    0.00    0.00    0.00    0.00    0.00    0.00    0.00  100.00
04:04:51 AM    5    0.00    0.00    0.00    0.00    0.00    0.00    0.00    0.00    0.00  100.00
04:04:51 AM    6    0.00    0.00    0.00    0.00    0.00    0.00    0.00    0.00    0.00  100.00
04:04:51 AM    7    0.00    0.00    0.00    0.00    0.00    0.00    0.00    0.00    0.00  100.00

04:04:51 AM  CPU    %usr   %nice    %sys %iowait    %irq   %soft  %steal  %guest  %gnice   %idle
04:04:52 AM  all    0.25    0.00   24.53    0.00    0.25    1.75    0.00    0.00    0.00   73.22
04:04:52 AM    0    1.00    0.00   98.00    0.00    1.00    0.00    0.00    0.00    0.00    0.00
04:04:52 AM    1    1.00    0.00   98.00    0.00    0.00    1.00    0.00    0.00    0.00    0.00
04:04:52 AM    2    0.00    0.00    0.00    0.00    0.00    7.07    0.00    0.00    0.00   92.93
04:04:52 AM    3    0.00    0.00    0.00    0.00    1.00    6.00    0.00    0.00    0.00   93.00
04:04:52 AM    4    0.00    0.00    0.00    0.00    0.00    0.00    0.00    0.00    0.00  100.00
04:04:52 AM    5    0.00    0.00    0.00    0.00    0.00    0.00    0.00    0.00    0.00  100.00
04:04:52 AM    6    0.00    0.00    0.00    0.00    0.00    0.00    0.00    0.00    0.00  100.00
04:04:52 AM    7    0.00    0.00    0.00    0.00    0.00    0.00    0.00    0.00    0.00  100.00

04:04:52 AM  CPU    %usr   %nice    %sys %iowait    %irq   %soft  %steal  %guest  %gnice   %idle
04:04:53 AM  all    0.12    0.00   24.62    0.00    0.25    1.88    0.00    0.00    0.00   73.12
04:04:53 AM    0    0.00    0.00   98.02    0.00    0.00    0.99    0.00    0.00    0.00    0.99
04:04:53 AM    1    1.00    0.00   98.00    0.00    1.00    0.00    0.00    0.00    0.00    0.00
04:04:53 AM    2    0.00    0.00    0.00    0.00    1.00    7.00    0.00    0.00    0.00   92.00
04:04:53 AM    3    0.00    0.00    0.00    0.00    0.00    7.07    0.00    0.00    0.00   92.93
04:04:53 AM    4    0.00    0.00    0.00    0.00    0.00    0.00    0.00    0.00    0.00  100.00
04:04:53 AM    5    0.00    0.00    0.00    0.00    0.00    0.00    0.00    0.00    0.00  100.00
04:04:53 AM    6    0.00    0.00    0.00    0.00    0.00    0.00    0.00    0.00    0.00  100.00
04:04:53 AM    7    0.00    0.00    0.00    0.00    0.00    0.00    0.00    0.00    0.00  100.00

04:04:53 AM  CPU    %usr   %nice    %sys %iowait    %irq   %soft  %steal  %guest  %gnice   %idle
04:04:54 AM  all    0.25    0.00   24.53    0.00    0.00    1.88    0.00    0.00    0.00   73.34
04:04:54 AM    0    1.01    0.00   98.99    0.00    0.00    0.00    0.00    0.00    0.00    0.00
04:04:54 AM    1    1.00    0.00   98.00    0.00    0.00    1.00    0.00    0.00    0.00    0.00
04:04:54 AM    2    0.00    0.00    0.00    0.00    0.00    7.00    0.00    0.00    0.00   93.00
04:04:54 AM    3    0.00    0.00    0.00    0.00    0.00    7.00    0.00    0.00    0.00   93.00
04:04:54 AM    4    0.00    0.00    0.00    0.00    0.00    0.00    0.00    0.00    0.00  100.00
04:04:54 AM    5    0.00    0.00    0.00    0.00    0.00    0.00    0.00    0.00    0.00  100.00
04:04:54 AM    6    0.00    0.00    0.00    0.00    0.00    0.00    0.00    0.00    0.00  100.00
04:04:54 AM    7    0.00    0.00    0.00    0.00    0.00    0.00    0.00    0.00    0.00  100.00

04:04:54 AM  CPU    %usr   %nice    %sys %iowait    %irq   %soft  %steal  %guest  %gnice   %idle
04:04:55 AM  all    0.38    0.00   24.62    0.00    0.12    1.88    0.00    0.00    0.00   73.00
04:04:55 AM    0    2.00    0.00   98.00    0.00    0.00    0.00    0.00    0.00    0.00    0.00
04:04:55 AM    1    1.00    0.00   99.00    0.00    0.00    0.00    0.00    0.00    0.00    0.00
04:04:55 AM    2    0.00    0.00    0.00    0.00    0.00    7.07    0.00    0.00    0.00   92.93
04:04:55 AM    3    0.00    0.00    0.00    0.00    1.00    7.00    0.00    0.00    0.00   92.00
04:04:55 AM    4    0.00    0.00    0.00    0.00    0.00    0.00    0.00    0.00    0.00  100.00
04:04:55 AM    5    0.00    0.00    0.00    0.00    0.00    0.99    0.00    0.00    0.00   99.01
04:04:55 AM    6    0.00    0.00    0.00    0.00    0.00    0.00    0.00    0.00    0.00  100.00
04:04:55 AM    7    0.00    0.00    0.00    0.00    0.00    0.00    0.00    0.00    0.00  100.00

04:04:55 AM  CPU    %usr   %nice    %sys %iowait    %irq   %soft  %steal  %guest  %gnice   %idle
04:04:56 AM  all    0.37    0.00   24.31    0.00    0.37    2.00    0.00    0.00    0.00   72.94
04:04:56 AM    0    1.98    0.00   96.04    0.00    0.99    0.99    0.00    0.00    0.00    0.00
04:04:56 AM    1    1.00    0.00   98.00    0.00    1.00    0.00    0.00    0.00    0.00    0.00
04:04:56 AM    2    0.00    0.00    0.00    0.00    0.99    7.92    0.00    0.00    0.00   91.09
04:04:56 AM    3    0.00    0.00    0.00    0.00    0.00    7.00    0.00    0.00    0.00   93.00
04:04:56 AM    4    0.00    0.00    0.00    0.00    0.00    0.00    0.00    0.00    0.00  100.00
04:04:56 AM    5    0.00    0.00    0.00    0.00    0.00    0.00    0.00    0.00    0.00  100.00
04:04:56 AM    6    0.00    0.00    0.00    0.00    0.00    0.00    0.00    0.00    0.00  100.00
04:04:56 AM    7    0.00    0.00    0.00    0.00    0.00    0.00    0.00    0.00    0.00  100.00

04:04:56 AM  CPU    %usr   %nice    %sys %iowait    %irq   %soft  %steal  %guest  %gnice   %idle
04:04:57 AM  all    0.25    0.00   24.12    0.00    0.00    2.76    0.00    0.00    0.00   72.86
04:04:57 AM    0    1.01    0.00   96.97    0.00    0.00    2.02    0.00    0.00    0.00    0.00
04:04:57 AM    1    1.00    0.00   96.00    0.00    0.00    2.00    0.00    0.00    0.00    1.00
04:04:57 AM    2    0.00    0.00    0.00    0.00    0.00    9.09    0.00    0.00    0.00   90.91
04:04:57 AM    3    0.00    0.00    0.00    0.00    0.00    9.09    0.00    0.00    0.00   90.91
04:04:57 AM    4    0.00    0.00    0.00    0.00    0.00    0.00    0.00    0.00    0.00  100.00
04:04:57 AM    5    0.00    0.00    0.00    0.00    0.00    0.00    0.00    0.00    0.00  100.00
04:04:57 AM    6    0.00    0.00    0.00    0.00    0.00    0.00    0.00    0.00    0.00  100.00
04:04:57 AM    7    0.00    0.00    0.00    0.00    0.00    0.00    0.00    0.00    0.00  100.00

04:04:57 AM  CPU    %usr   %nice    %sys %iowait    %irq   %soft  %steal  %guest  %gnice   %idle
04:04:58 AM  all    0.25    0.00   24.25    0.00    0.12    2.50    0.00    0.00    0.00   72.88
04:04:58 AM    0    1.00    0.00   97.00    0.00    0.00    2.00    0.00    0.00    0.00    0.00
04:04:58 AM    1    1.00    0.00   97.00    0.00    0.00    2.00    0.00    0.00    0.00    0.00
04:04:58 AM    2    0.00    0.00    0.00    0.00    0.00    8.08    0.00    0.00    0.00   91.92
04:04:58 AM    3    0.00    0.00    0.00    0.00    0.99    7.92    0.00    0.00    0.00   91.09
04:04:58 AM    4    0.00    0.00    0.00    0.00    0.00    0.00    0.00    0.00    0.00  100.00
04:04:58 AM    5    0.00    0.00    0.00    0.00    0.00    0.00    0.00    0.00    0.00  100.00
04:04:58 AM    6    0.00    0.00    0.00    0.00    0.00    0.00    0.00    0.00    0.00  100.00
04:04:58 AM    7    0.00    0.00    0.00    0.00    0.00    0.00    0.00    0.00    0.00  100.00

04:04:58 AM  CPU    %usr   %nice    %sys %iowait    %irq   %soft  %steal  %guest  %gnice   %idle
04:04:59 AM  all    0.25    0.00   24.62    0.00    0.25    1.75    0.00    0.00    0.00   73.12
04:04:59 AM    0    1.00    0.00   98.00    0.00    1.00    0.00    0.00    0.00    0.00    0.00
04:04:59 AM    1    1.00    0.00   99.00    0.00    0.00    0.00    0.00    0.00    0.00    0.00
04:04:59 AM    2    0.00    0.00    0.00    0.00    0.99    6.93    0.00    0.00    0.00   92.08
04:04:59 AM    3    0.00    0.00    0.00    0.00    0.00    7.07    0.00    0.00    0.00   92.93
04:04:59 AM    4    0.00    0.00    0.00    0.00    0.00    0.00    0.00    0.00    0.00  100.00
04:04:59 AM    5    0.00    0.00    0.00    0.00    0.00    0.00    0.00    0.00    0.00  100.00
04:04:59 AM    6    0.00    0.00    0.00    0.00    0.00    0.00    0.00    0.00    0.00  100.00
04:04:59 AM    7    0.00    0.00    0.00    0.00    0.00    0.00    0.00    0.00    0.00  100.00

04:04:59 AM  CPU    %usr   %nice    %sys %iowait    %irq   %soft  %steal  %guest  %gnice   %idle
04:05:00 AM  all    0.50    0.00   24.31    0.00    0.12    2.12    0.00    0.00    0.00   72.94
04:05:00 AM    0    1.98    0.00   97.03    0.00    0.00    0.99    0.00    0.00    0.00    0.00
04:05:00 AM    1    1.98    0.00   96.04    0.00    0.99    0.00    0.00    0.00    0.00    0.99
04:05:00 AM    2    0.00    0.00    0.00    0.00    0.00    8.00    0.00    0.00    0.00   92.00
04:05:00 AM    3    0.00    0.00    0.00    0.00    0.00    7.00    0.00    0.00    0.00   93.00
04:05:00 AM    4    0.00    0.00    0.00    0.00    0.00    1.00    0.00    0.00    0.00   99.00
04:05:00 AM    5    0.00    0.00    0.00    0.00    0.00    0.00    0.00    0.00    0.00  100.00
04:05:00 AM    6    0.00    0.00    0.00    0.00    0.00    0.00    0.00    0.00    0.00  100.00
04:05:00 AM    7    0.00    0.00    0.00    0.00    0.00    0.00    0.00    0.00    0.00  100.00

04:05:00 AM  CPU    %usr   %nice    %sys %iowait    %irq   %soft  %steal  %guest  %gnice   %idle
04:05:01 AM  all    0.13    0.00   24.62    0.00    0.00    1.76    0.00    0.00    0.00   73.49
04:05:01 AM    0    0.00    0.00  100.00    0.00    0.00    0.00    0.00    0.00    0.00    0.00
04:05:01 AM    1    1.00    0.00   98.00    0.00    0.00    1.00    0.00    0.00    0.00    0.00
04:05:01 AM    2    0.00    0.00    0.00    0.00    0.00    6.06    0.00    0.00    0.00   93.94
04:05:01 AM    3    0.00    0.00    0.00    0.00    0.00    7.07    0.00    0.00    0.00   92.93
04:05:01 AM    4    0.00    0.00    0.00    0.00    0.00    0.00    0.00    0.00    0.00  100.00
04:05:01 AM    5    0.00    0.00    0.00    0.00    0.00    0.00    0.00    0.00    0.00  100.00
04:05:01 AM    6    0.00    0.00    0.00    0.00    0.00    0.00    0.00    0.00    0.00  100.00
04:05:01 AM    7    0.00    0.00    0.00    0.00    0.00    0.00    0.00    0.00    0.00  100.00

04:05:01 AM  CPU    %usr   %nice    %sys %iowait    %irq   %soft  %steal  %guest  %gnice   %idle
04:05:02 AM  all    0.50    0.00   24.22    0.00    0.37    2.24    0.00    0.00    0.00   72.67
04:05:02 AM    0    1.96    0.00   96.08    0.00    0.98    0.98    0.00    0.00    0.00    0.00
04:05:02 AM    1    2.00    0.00   97.00    0.00    0.00    1.00    0.00    0.00    0.00    0.00
04:05:02 AM    2    0.00    0.00    0.00    0.00    0.99    7.92    0.00    0.00    0.00   91.09
04:05:02 AM    3    0.00    0.00    0.00    0.00    0.99    6.93    0.00    0.00    0.00   92.08
04:05:02 AM    4    0.00    0.00    0.00    0.00    0.00    0.00    0.00    0.00    0.00  100.00
04:05:02 AM    5    0.00    0.00    0.00    0.00    0.00    0.99    0.00    0.00    0.00   99.01
04:05:02 AM    6    0.00    0.00    0.00    0.00    0.00    0.00    0.00    0.00    0.00  100.00
04:05:02 AM    7    0.00    0.00    0.00    0.00    0.00    0.00    0.00    0.00    0.00  100.00

04:05:02 AM  CPU    %usr   %nice    %sys %iowait    %irq   %soft  %steal  %guest  %gnice   %idle
04:05:03 AM  all    0.25    0.00   24.47    0.00    0.13    1.88    0.00    0.00    0.00   73.27
04:05:03 AM    0    1.01    0.00   97.98    0.00    0.00    1.01    0.00    0.00    0.00    0.00
04:05:03 AM    1    1.00    0.00   98.00    0.00    1.00    0.00    0.00    0.00    0.00    0.00
04:05:03 AM    2    0.00    0.00    0.00    0.00    0.00    7.07    0.00    0.00    0.00   92.93
04:05:03 AM    3    0.00    0.00    0.00    0.00    0.00    7.07    0.00    0.00    0.00   92.93
04:05:03 AM    4    0.00    0.00    0.00    0.00    0.00    0.00    0.00    0.00    0.00  100.00
04:05:03 AM    5    0.00    0.00    0.00    0.00    0.00    0.00    0.00    0.00    0.00  100.00
04:05:03 AM    6    0.00    0.00    0.00    0.00    0.00    0.00    0.00    0.00    0.00  100.00
04:05:03 AM    7    0.00    0.00    0.00    0.00    0.00    0.00    0.00    0.00    0.00  100.00

04:05:03 AM  CPU    %usr   %nice    %sys %iowait    %irq   %soft  %steal  %guest  %gnice   %idle
04:05:04 AM  all    0.25    0.00   24.53    0.00    0.00    2.00    0.00    0.00    0.00   73.22
04:05:04 AM    0    1.00    0.00   98.00    0.00    0.00    1.00    0.00    0.00    0.00    0.00
04:05:04 AM    1    1.00    0.00   98.00    0.00    0.00    1.00    0.00    0.00    0.00    0.00
04:05:04 AM    2    0.00    0.00    0.00    0.00    0.00    7.07    0.00    0.00    0.00   92.93
04:05:04 AM    3    0.00    0.00    0.00    0.00    0.00    7.00    0.00    0.00    0.00   93.00
04:05:04 AM    4    0.00    0.00    0.00    0.00    0.00    0.00    0.00    0.00    0.00  100.00
04:05:04 AM    5    0.00    0.00    0.00    0.00    0.00    0.00    0.00    0.00    0.00  100.00
04:05:04 AM    6    0.00    0.00    0.00    0.00    0.00    0.00    0.00    0.00    0.00  100.00
04:05:04 AM    7    0.00    0.00    0.00    0.00    0.00    0.00    0.00    0.00    0.00  100.00

04:05:04 AM  CPU    %usr   %nice    %sys %iowait    %irq   %soft  %steal  %guest  %gnice   %idle
04:05:05 AM  all    0.25    0.00   24.47    0.00    0.25    2.00    0.00    0.00    0.00   73.03
04:05:05 AM    0    1.00    0.00   98.00    0.00    0.00    1.00    0.00    0.00    0.00    0.00
04:05:05 AM    1    1.01    0.00   98.99    0.00    0.00    0.00    0.00    0.00    0.00    0.00
04:05:05 AM    2    0.00    0.00    0.00    0.00    0.99    6.93    0.00    0.00    0.00   92.08
04:05:05 AM    3    0.00    0.00    0.00    0.00    0.99    7.92    0.00    0.00    0.00   91.09
04:05:05 AM    4    0.00    0.00    0.00    0.00    0.00    0.00    0.00    0.00    0.00  100.00
04:05:05 AM    5    0.00    0.00    0.00    0.00    0.00    0.00    0.00    0.00    0.00  100.00
04:05:05 AM    6    0.00    0.00    0.00    0.00    0.00    0.00    0.00    0.00    0.00  100.00
04:05:05 AM    7    0.00    0.00    0.00    0.00    0.00    0.00    0.00    0.00    0.00  100.00

04:05:05 AM  CPU    %usr   %nice    %sys %iowait    %irq   %soft  %steal  %guest  %gnice   %idle
04:05:06 AM  all    0.25    0.00   24.69    0.00    0.25    1.87    0.00    0.00    0.00   72.94
04:05:06 AM    0    0.99    0.00   98.02    0.00    0.99    0.00    0.00    0.00    0.00    0.00
04:05:06 AM    1    0.98    0.00   97.06    0.00    0.98    0.98    0.00    0.00    0.00    0.00
04:05:06 AM    2    0.00    0.00    0.00    0.00    0.00    8.00    0.00    0.00    0.00   92.00
04:05:06 AM    3    0.00    0.00    0.00    0.00    0.00    6.06    0.00    0.00    0.00   93.94
04:05:06 AM    4    0.00    0.00    0.00    0.00    0.00    0.00    0.00    0.00    0.00  100.00
04:05:06 AM    5    0.00    0.00    0.00    0.00    0.00    0.00    0.00    0.00    0.00  100.00
04:05:06 AM    6    0.00    0.00    0.00    0.00    0.00    0.00    0.00    0.00    0.00  100.00
04:05:06 AM    7    0.00    0.00    0.00    0.00    0.00    0.00    0.00    0.00    0.00  100.00

04:05:06 AM  CPU    %usr   %nice    %sys %iowait    %irq   %soft  %steal  %guest  %gnice   %idle
04:05:07 AM  all    0.38    0.00   24.34    0.00    0.00    2.01    0.00    0.00    0.00   73.27
04:05:07 AM    0    1.01    0.00   97.98    0.00    0.00    1.01    0.00    0.00    0.00    0.00
04:05:07 AM    1    2.02    0.00   97.98    0.00    0.00    0.00    0.00    0.00    0.00    0.00
04:05:07 AM    2    0.00    0.00    0.00    0.00    0.00    7.07    0.00    0.00    0.00   92.93
04:05:07 AM    3    0.00    0.00    0.00    0.00    0.00    8.00    0.00    0.00    0.00   92.00
04:05:07 AM    4    0.00    0.00    0.00    0.00    0.00    0.00    0.00    0.00    0.00  100.00
04:05:07 AM    5    0.00    0.00    0.00    0.00    0.00    0.00    0.00    0.00    0.00  100.00
04:05:07 AM    6    0.00    0.00    0.00    0.00    0.00    0.00    0.00    0.00    0.00  100.00
04:05:07 AM    7    0.00    0.00    0.00    0.00    0.00    0.00    0.00    0.00    0.00  100.00

04:05:07 AM  CPU    %usr   %nice    %sys %iowait    %irq   %soft  %steal  %guest  %gnice   %idle
04:05:08 AM  all    0.25    0.00   24.75    0.00    0.25    1.62    0.00    0.00    0.00   73.12
04:05:08 AM    0    1.00    0.00   99.00    0.00    0.00    0.00    0.00    0.00    0.00    0.00
04:05:08 AM    1    1.00    0.00   99.00    0.00    0.00    0.00    0.00    0.00    0.00    0.00
04:05:08 AM    2    0.00    0.00    0.00    0.00    0.99    6.93    0.00    0.00    0.00   92.08
04:05:08 AM    3    0.00    0.00    0.00    0.00    1.01    6.06    0.00    0.00    0.00   92.93
04:05:08 AM    4    0.00    0.00    0.00    0.00    0.00    0.00    0.00    0.00    0.00  100.00
04:05:08 AM    5    0.00    0.00    0.00    0.00    0.00    0.00    0.00    0.00    0.00  100.00
04:05:08 AM    6    0.00    0.00    0.00    0.00    0.00    0.00    0.00    0.00    0.00  100.00
04:05:08 AM    7    0.00    0.00    0.00    0.00    0.00    0.00    0.00    0.00    0.00  100.00

04:05:08 AM  CPU    %usr   %nice    %sys %iowait    %irq   %soft  %steal  %guest  %gnice   %idle
04:05:09 AM  all    0.25    0.00   24.53    0.00    0.13    2.00    0.00    0.00    0.00   73.09
04:05:09 AM    0    0.99    0.00   97.03    0.00    0.99    0.99    0.00    0.00    0.00    0.00
04:05:09 AM    1    1.00    0.00   98.00    0.00    0.00    1.00    0.00    0.00    0.00    0.00
04:05:09 AM    2    0.00    0.00    0.00    0.00    0.00    7.07    0.00    0.00    0.00   92.93
04:05:09 AM    3    0.00    0.00    0.00    0.00    0.00    7.00    0.00    0.00    0.00   93.00
04:05:09 AM    4    0.00    0.00    0.00    0.00    0.00    0.00    0.00    0.00    0.00  100.00
04:05:09 AM    5    0.00    0.00    0.00    0.00    0.00    0.00    0.00    0.00    0.00  100.00
04:05:09 AM    6    0.00    0.00    0.00    0.00    0.00    0.00    0.00    0.00    0.00  100.00
04:05:09 AM    7    0.00    0.00    0.00    0.00    0.00    0.00    0.00    0.00    0.00  100.00

04:05:09 AM  CPU    %usr   %nice    %sys %iowait    %irq   %soft  %steal  %guest  %gnice   %idle
04:05:10 AM  all    0.50    0.00   24.38    0.00    0.12    2.00    0.00    0.00    0.00   73.00
04:05:10 AM    0    3.00    0.00   97.00    0.00    0.00    0.00    0.00    0.00    0.00    0.00
04:05:10 AM    1    1.00    0.00   98.00    0.00    1.00    0.00    0.00    0.00    0.00    0.00
04:05:10 AM    2    0.00    0.00    0.00    0.00    0.00    9.00    0.00    0.00    0.00   91.00
04:05:10 AM    3    0.00    0.00    0.00    0.00    0.00    7.00    0.00    0.00    0.00   93.00
04:05:10 AM    4    0.00    0.00    0.00    0.00    0.00    0.00    0.00    0.00    0.00  100.00
04:05:10 AM    5    0.00    0.00    0.00    0.00    0.00    0.00    0.00    0.00    0.00  100.00
04:05:10 AM    6    0.00    0.00    0.00    0.00    0.00    0.00    0.00    0.00    0.00  100.00
04:05:10 AM    7    0.00    0.00    0.00    0.00    0.00    0.00    0.00    0.00    0.00  100.00

04:05:10 AM  CPU    %usr   %nice    %sys %iowait    %irq   %soft  %steal  %guest  %gnice   %idle
04:05:11 AM  all    0.12    0.00   24.62    0.00    0.12    2.00    0.00    0.00    0.00   73.12
04:05:11 AM    0    1.01    0.00   98.99    0.00    0.00    0.00    0.00    0.00    0.00    0.00
04:05:11 AM    1    0.00    0.00   99.00    0.00    0.00    1.00    0.00    0.00    0.00    0.00
04:05:11 AM    2    0.00    0.00    0.00    0.00    1.00    7.00    0.00    0.00    0.00   92.00
04:05:11 AM    3    0.00    0.00    0.00    0.00    0.00    7.00    0.00    0.00    0.00   93.00
04:05:11 AM    4    0.00    0.00    0.00    0.00    0.00    0.99    0.00    0.00    0.00   99.01
04:05:11 AM    5    0.00    0.00    0.00    0.00    0.00    0.00    0.00    0.00    0.00  100.00
04:05:11 AM    6    0.00    0.00    0.00    0.00    0.00    0.00    0.00    0.00    0.00  100.00
04:05:11 AM    7    0.00    0.00    0.00    0.00    0.00    0.00    0.00    0.00    0.00  100.00

04:05:11 AM  CPU    %usr   %nice    %sys %iowait    %irq   %soft  %steal  %guest  %gnice   %idle
04:05:12 AM  all    0.12    0.00   24.62    0.00    0.25    1.88    0.00    0.00    0.00   73.12
04:05:12 AM    0    0.00    0.00   98.02    0.00    0.99    0.99    0.00    0.00    0.00    0.00
04:05:12 AM    1    1.01    0.00   98.99    0.00    0.00    0.00    0.00    0.00    0.00    0.00
04:05:12 AM    2    0.00    0.00    0.00    0.00    0.00    7.00    0.00    0.00    0.00   93.00
04:05:12 AM    3    0.00    0.00    0.00    0.00    1.00    7.00    0.00    0.00    0.00   92.00
04:05:12 AM    4    0.00    0.00    0.00    0.00    0.00    0.00    0.00    0.00    0.00  100.00
04:05:12 AM    5    0.00    0.00    0.00    0.00    0.00    0.00    0.00    0.00    0.00  100.00
04:05:12 AM    6    0.00    0.00    0.00    0.00    0.00    0.00    0.00    0.00    0.00  100.00
04:05:12 AM    7    0.00    0.00    0.00    0.00    0.00    0.00    0.00    0.00    0.00  100.00

04:05:12 AM  CPU    %usr   %nice    %sys %iowait    %irq   %soft  %steal  %guest  %gnice   %idle
04:05:13 AM  all    0.37    0.00   24.47    0.00    0.12    1.87    0.00    0.00    0.00   73.16
04:05:13 AM    0    1.00    0.00   98.00    0.00    0.00    0.00    0.00    0.00    0.00    1.00
04:05:13 AM    1    1.96    0.00   96.08    0.00    0.98    0.98    0.00    0.00    0.00    0.00
04:05:13 AM    2    0.00    0.00    0.00    0.00    0.00    7.07    0.00    0.00    0.00   92.93
04:05:13 AM    3    0.00    0.00    0.00    0.00    0.00    7.00    0.00    0.00    0.00   93.00
04:05:13 AM    4    0.00    0.00    0.00    0.00    0.00    0.00    0.00    0.00    0.00  100.00
04:05:13 AM    5    0.00    0.00    0.00    0.00    0.00    0.00    0.00    0.00    0.00  100.00
04:05:13 AM    6    0.00    0.00    0.00    0.00    0.00    0.00    0.00    0.00    0.00  100.00
04:05:13 AM    7    0.00    0.00    0.00    0.00    0.00    0.00    0.00    0.00    0.00  100.00

04:05:13 AM  CPU    %usr   %nice    %sys %iowait    %irq   %soft  %steal  %guest  %gnice   %idle
04:05:14 AM  all    0.25    0.00   23.62    0.00    0.00    3.02    0.00    0.00    0.00   73.12
04:05:14 AM    0    1.01    0.00   94.95    0.00    0.00    4.04    0.00    0.00    0.00    0.00
04:05:14 AM    1    1.02    0.00   95.92    0.00    0.00    3.06    0.00    0.00    0.00    0.00
04:05:14 AM    2    0.00    0.00    0.00    0.00    0.00    9.00    0.00    0.00    0.00   91.00
04:05:14 AM    3    0.00    0.00    0.00    0.00    0.00    7.07    0.00    0.00    0.00   92.93
04:05:14 AM    4    0.00    0.00    0.00    0.00    0.00    0.00    0.00    0.00    0.00  100.00
04:05:14 AM    5    0.00    0.00    0.00    0.00    0.00    0.99    0.00    0.00    0.00   99.01
04:05:14 AM    6    0.00    0.00    0.00    0.00    0.00    0.00    0.00    0.00    0.00  100.00
04:05:14 AM    7    0.00    0.00    0.00    0.00    0.00    0.00    0.00    0.00    0.00  100.00

04:05:14 AM  CPU    %usr   %nice    %sys %iowait    %irq   %soft  %steal  %guest  %gnice   %idle
04:05:15 AM  all    0.25    0.00   24.66    0.00    0.25    1.99    0.00    0.00    0.00   72.85
04:05:15 AM    0    0.99    0.00   98.02    0.00    0.00    0.99    0.00    0.00    0.00    0.00
04:05:15 AM    1    0.98    0.00   97.06    0.00    0.00    0.98    0.00    0.00    0.00    0.98
04:05:15 AM    2    0.00    0.00    0.00    0.00    1.00    7.00    0.00    0.00    0.00   92.00
04:05:15 AM    3    0.00    0.00    0.00    0.00    1.00    7.00    0.00    0.00    0.00   92.00
04:05:15 AM    4    0.00    0.00    0.00    0.00    0.00    0.00    0.00    0.00    0.00  100.00
04:05:15 AM    5    0.00    0.00    0.00    0.00    0.00    0.00    0.00    0.00    0.00  100.00
04:05:15 AM    6    0.00    0.00    0.00    0.00    0.00    0.00    0.00    0.00    0.00  100.00
04:05:15 AM    7    0.00    0.00    0.00    0.00    0.00    0.00    0.00    0.00    0.00  100.00

04:05:15 AM  CPU    %usr   %nice    %sys %iowait    %irq   %soft  %steal  %guest  %gnice   %idle
04:05:16 AM  all    0.25    0.00   24.50    0.00    0.12    2.00    0.00    0.00    0.00   73.12
04:05:16 AM    0    1.00    0.00   98.00    0.00    1.00    0.00    0.00    0.00    0.00    0.00
04:05:16 AM    1    1.01    0.00   98.99    0.00    0.00    0.00    0.00    0.00    0.00    0.00
04:05:16 AM    2    0.00    0.00    0.00    0.00    0.00    7.00    0.00    0.00    0.00   93.00
04:05:16 AM    3    0.00    0.00    0.00    0.00    0.00    8.00    0.00    0.00    0.00   92.00
04:05:16 AM    4    0.00    0.00    0.00    0.00    0.00    0.00    0.00    0.00    0.00  100.00
04:05:16 AM    5    0.00    0.00    0.00    0.00    0.00    0.00    0.00    0.00    0.00  100.00
04:05:16 AM    6    0.00    0.00    0.00    0.00    0.00    0.00    0.00    0.00    0.00  100.00
04:05:16 AM    7    0.00    0.00    0.00    0.00    0.00    0.99    0.00    0.00    0.00   99.01

04:05:16 AM  CPU    %usr   %nice    %sys %iowait    %irq   %soft  %steal  %guest  %gnice   %idle
04:05:17 AM  all    0.38    0.00   24.53    0.00    0.13    1.75    0.00    0.00    0.00   73.22
04:05:17 AM    0    1.01    0.00   98.99    0.00    0.00    0.00    0.00    0.00    0.00    0.00
04:05:17 AM    1    1.98    0.00   97.03    0.00    0.99    0.00    0.00    0.00    0.00    0.00
04:05:17 AM    2    0.00    0.00    0.00    0.00    0.00    7.07    0.00    0.00    0.00   92.93
04:05:17 AM    3    0.00    0.00    0.00    0.00    0.00    7.00    0.00    0.00    0.00   93.00
04:05:17 AM    4    0.00    0.00    0.00    0.00    0.00    0.00    0.00    0.00    0.00  100.00
04:05:17 AM    5    0.00    0.00    0.00    0.00    0.00    0.00    0.00    0.00    0.00  100.00
04:05:17 AM    6    0.00    0.00    0.00    0.00    0.00    0.00    0.00    0.00    0.00  100.00
04:05:17 AM    7    0.00    0.00    0.00    0.00    0.00    0.00    0.00    0.00    0.00  100.00

04:05:17 AM  CPU    %usr   %nice    %sys %iowait    %irq   %soft  %steal  %guest  %gnice   %idle
04:05:18 AM  all    0.25    0.00   24.56    0.00    0.25    2.00    0.00    0.00    0.00   72.94
04:05:18 AM    0    0.99    0.00   98.02    0.00    0.00    0.99    0.00    0.00    0.00    0.00
04:05:18 AM    1    1.00    0.00   98.00    0.00    0.00    1.00    0.00    0.00    0.00    0.00
04:05:18 AM    2    0.00    0.00    0.00    0.00    0.99    7.92    0.00    0.00    0.00   91.09
04:05:18 AM    3    0.00    0.00    0.00    0.00    1.00    6.00    0.00    0.00    0.00   93.00
04:05:18 AM    4    0.00    0.00    0.00    0.00    0.00    0.00    0.00    0.00    0.00  100.00
04:05:18 AM    5    0.00    0.00    0.00    0.00    0.00    0.00    0.00    0.00    0.00  100.00
04:05:18 AM    6    0.00    0.00    0.00    0.00    0.00    0.00    0.00    0.00    0.00  100.00
04:05:18 AM    7    0.00    0.00    0.00    0.00    0.00    0.00    0.00    0.00    0.00  100.00

04:05:18 AM  CPU    %usr   %nice    %sys %iowait    %irq   %soft  %steal  %guest  %gnice   %idle
04:05:19 AM  all    0.38    0.00   24.28    0.00    0.13    2.00    0.00    0.00    0.00   73.22
04:05:19 AM    0    1.00    0.00   97.00    0.00    1.00    1.00    0.00    0.00    0.00    0.00
04:05:19 AM    1    2.00    0.00   97.00    0.00    0.00    1.00    0.00    0.00    0.00    0.00
04:05:19 AM    2    0.00    0.00    0.00    0.00    0.00    7.07    0.00    0.00    0.00   92.93
04:05:19 AM    3    0.00    0.00    0.00    0.00    0.00    7.00    0.00    0.00    0.00   93.00
04:05:19 AM    4    0.00    0.00    0.00    0.00    0.00    0.00    0.00    0.00    0.00  100.00
04:05:19 AM    5    0.00    0.00    0.00    0.00    0.00    0.00    0.00    0.00    0.00  100.00
04:05:19 AM    6    0.00    0.00    0.00    0.00    0.00    0.00    0.00    0.00    0.00  100.00
04:05:19 AM    7    0.00    0.00    0.00    0.00    0.00    0.00    0.00    0.00    0.00  100.00

04:05:19 AM  CPU    %usr   %nice    %sys %iowait    %irq   %soft  %steal  %guest  %gnice   %idle
04:05:20 AM  all    0.13    0.00   24.66    0.00    0.13    1.88    0.00    0.00    0.00   73.22
04:05:20 AM    0    1.00    0.00   98.00    0.00    0.00    1.00    0.00    0.00    0.00    0.00
04:05:20 AM    1    0.00    0.00   99.00    0.00    1.00    0.00    0.00    0.00    0.00    0.00
04:05:20 AM    2    0.00    0.00    0.00    0.00    0.00    8.00    0.00    0.00    0.00   92.00
04:05:20 AM    3    0.00    0.00    0.00    0.00    0.00    6.06    0.00    0.00    0.00   93.94
04:05:20 AM    4    0.00    0.00    0.00    0.00    0.00    0.00    0.00    0.00    0.00  100.00
04:05:20 AM    5    0.00    0.00    0.00    0.00    0.00    0.00    0.00    0.00    0.00  100.00
04:05:20 AM    6    0.00    0.00    0.00    0.00    0.00    0.00    0.00    0.00    0.00  100.00
04:05:20 AM    7    0.00    0.00    0.00    0.00    0.00    0.00    0.00    0.00    0.00  100.00

04:05:20 AM  CPU    %usr   %nice    %sys %iowait    %irq   %soft  %steal  %guest  %gnice   %idle
04:05:21 AM  all    0.50    0.00   24.25    0.00    0.25    2.00    0.00    0.00    0.00   73.00
04:05:21 AM    0    1.01    0.00   98.99    0.00    0.00    0.00    0.00    0.00    0.00    0.00
04:05:21 AM    1    3.00    0.00   96.00    0.00    0.00    1.00    0.00    0.00    0.00    0.00
04:05:21 AM    2    0.00    0.00    0.00    0.00    1.00    7.00    0.00    0.00    0.00   92.00
04:05:21 AM    3    0.00    0.00    0.00    0.00    0.99    7.92    0.00    0.00    0.00   91.09
04:05:21 AM    4    0.00    0.00    0.00    0.00    0.00    0.00    0.00    0.00    0.00  100.00
04:05:21 AM    5    0.00    0.00    0.00    0.00    0.00    0.00    0.00    0.00    0.00  100.00
04:05:21 AM    6    0.00    0.00    0.00    0.00    0.00    0.00    0.00    0.00    0.00  100.00
04:05:21 AM    7    0.00    0.00    0.00    0.00    0.00    0.00    0.00    0.00    0.00  100.00

04:05:21 AM  CPU    %usr   %nice    %sys %iowait    %irq   %soft  %steal  %guest  %gnice   %idle
04:05:22 AM  all    0.25    0.00   24.59    0.00    0.12    2.00    0.00    0.00    0.00   73.03
04:05:22 AM    0    0.99    0.00   97.03    0.00    0.99    0.99    0.00    0.00    0.00    0.00
04:05:22 AM    1    1.00    0.00   99.00    0.00    0.00    0.00    0.00    0.00    0.00    0.00
04:05:22 AM    2    0.00    0.00    0.00    0.00    0.00    7.00    0.00    0.00    0.00   93.00
04:05:22 AM    3    0.00    0.00    0.00    0.00    0.00    7.07    0.00    0.00    0.00   92.93
04:05:22 AM    4    0.00    0.00    0.00    0.00    0.00    0.99    0.00    0.00    0.00   99.01
04:05:22 AM    5    0.00    0.00    0.00    0.00    0.00    0.00    0.00    0.00    0.00  100.00
04:05:22 AM    6    0.00    0.00    0.00    0.00    0.00    0.00    0.00    0.00    0.00  100.00
04:05:22 AM    7    0.00    0.00    0.00    0.00    0.00    0.00    0.00    0.00    0.00  100.00

04:05:22 AM  CPU    %usr   %nice    %sys %iowait    %irq   %soft  %steal  %guest  %gnice   %idle
04:05:23 AM  all    0.37    0.00   24.47    0.00    0.12    1.87    0.00    0.00    0.00   73.16
04:05:23 AM    0    2.00    0.00   98.00    0.00    0.00    0.00    0.00    0.00    0.00    0.00
04:05:23 AM    1    0.99    0.00   97.03    0.00    0.99    0.99    0.00    0.00    0.00    0.00
04:05:23 AM    2    0.00    0.00    0.00    0.00    0.00    7.00    0.00    0.00    0.00   93.00
04:05:23 AM    3    0.00    0.00    0.00    0.00    0.00    7.00    0.00    0.00    0.00   93.00
04:05:23 AM    4    0.00    0.00    0.00    0.00    0.00    0.00    0.00    0.00    0.00  100.00
04:05:23 AM    5    0.00    0.00    0.00    0.00    0.00    0.00    0.00    0.00    0.00  100.00
04:05:23 AM    6    0.00    0.00    0.00    0.00    0.00    0.00    0.00    0.00    0.00  100.00
04:05:23 AM    7    0.00    0.00    0.00    0.00    0.00    0.00    0.00    0.00    0.00  100.00

04:05:23 AM  CPU    %usr   %nice    %sys %iowait    %irq   %soft  %steal  %guest  %gnice   %idle
04:05:24 AM  all    0.25    0.00   24.69    0.00    0.13    1.75    0.00    0.00    0.00   73.18
04:05:24 AM    0    1.00    0.00   99.00    0.00    0.00    0.00    0.00    0.00    0.00    0.00
04:05:24 AM    1    1.01    0.00   98.99    0.00    0.00    0.00    0.00    0.00    0.00    0.00
04:05:24 AM    2    0.00    0.00    0.00    0.00    1.00    7.00    0.00    0.00    0.00   92.00
04:05:24 AM    3    0.00    0.00    0.00    0.00    0.00    7.07    0.00    0.00    0.00   92.93
04:05:24 AM    4    0.00    0.00    0.00    0.00    0.00    0.00    0.00    0.00    0.00  100.00
04:05:24 AM    5    0.00    0.00    0.00    0.00    0.00    0.00    0.00    0.00    0.00  100.00
04:05:24 AM    6    0.00    0.00    0.00    0.00    0.00    0.00    0.00    0.00    0.00  100.00
04:05:24 AM    7    0.00    0.00    0.00    0.00    0.00    0.00    0.00    0.00    0.00  100.00

04:05:24 AM  CPU    %usr   %nice    %sys %iowait    %irq   %soft  %steal  %guest  %gnice   %idle
04:05:25 AM  all    0.25    0.00   24.50    0.00    0.12    1.75    0.00    0.00    0.00   73.38
04:05:25 AM    0    1.00    0.00   98.00    0.00    0.00    0.00    0.00    0.00    0.00    1.00
04:05:25 AM    1    1.01    0.00   98.99    0.00    0.00    0.00    0.00    0.00    0.00    0.00
04:05:25 AM    2    0.00    0.00    0.00    0.00    0.00    7.00    0.00    0.00    0.00   93.00
04:05:25 AM    3    0.00    0.00    0.00    0.00    0.99    6.93    0.00    0.00    0.00   92.08
04:05:25 AM    4    0.00    0.00    0.00    0.00    0.00    0.00    0.00    0.00    0.00  100.00
04:05:25 AM    5    0.00    0.00    0.00    0.00    0.00    0.00    0.00    0.00    0.00  100.00
04:05:25 AM    6    0.00    0.00    0.00    0.00    0.00    0.00    0.00    0.00    0.00  100.00
04:05:25 AM    7    0.00    0.00    0.00    0.00    0.00    0.00    0.00    0.00    0.00  100.00

04:05:25 AM  CPU    %usr   %nice    %sys %iowait    %irq   %soft  %steal  %guest  %gnice   %idle
04:05:26 AM  all    0.25    0.00   24.56    0.00    0.13    2.01    0.00    0.00    0.00   73.06
04:05:26 AM    0    0.99    0.00   97.03    0.00    0.99    0.99    0.00    0.00    0.00    0.00
04:05:26 AM    1    1.00    0.00   98.00    0.00    0.00    1.00    0.00    0.00    0.00    0.00
04:05:26 AM    2    0.00    0.00    0.00    0.00    0.00    6.12    0.00    0.00    0.00   93.88
04:05:26 AM    3    0.00    0.00    0.00    0.00    0.00    7.07    0.00    0.00    0.00   92.93
04:05:26 AM    4    0.00    0.00    0.00    0.00    0.00    0.00    0.00    0.00    0.00  100.00
04:05:26 AM    5    0.00    0.00    0.00    0.00    0.00    1.00    0.00    0.00    0.00   99.00
04:05:26 AM    6    0.00    0.00    0.00    0.00    0.00    0.00    0.00    0.00    0.00  100.00
04:05:26 AM    7    0.00    0.00    0.00    0.00    0.00    0.00    0.00    0.00    0.00  100.00

04:05:26 AM  CPU    %usr   %nice    %sys %iowait    %irq   %soft  %steal  %guest  %gnice   %idle
04:05:27 AM  all    0.50    0.00   24.31    0.00    0.25    1.87    0.00    0.00    0.00   73.07
04:05:27 AM    0    2.02    0.00   97.98    0.00    0.00    0.00    0.00    0.00    0.00    0.00
04:05:27 AM    1    1.98    0.00   97.03    0.00    0.99    0.00    0.00    0.00    0.00    0.00
04:05:27 AM    2    0.00    0.00    0.00    0.00    0.99    7.92    0.00    0.00    0.00   91.09
04:05:27 AM    3    0.00    0.00    0.00    0.00    0.00    7.00    0.00    0.00    0.00   93.00
04:05:27 AM    4    0.00    0.00    0.00    0.00    0.00    0.00    0.00    0.00    0.00  100.00
04:05:27 AM    5    0.00    0.00    0.00    0.00    0.00    0.00    0.00    0.00    0.00  100.00
04:05:27 AM    6    0.00    0.00    0.00    0.00    0.00    0.00    0.00    0.00    0.00  100.00
04:05:27 AM    7    0.00    0.00    0.00    0.00    0.00    0.00    0.00    0.00    0.00  100.00

04:05:27 AM  CPU    %usr   %nice    %sys %iowait    %irq   %soft  %steal  %guest  %gnice   %idle
04:05:28 AM  all    0.25    0.00   24.62    0.00    0.12    2.00    0.00    0.00    0.00   73.00
04:05:28 AM    0    0.99    0.00   98.02    0.00    0.00    0.99    0.00    0.00    0.00    0.00
04:05:28 AM    1    1.00    0.00   98.00    0.00    0.00    1.00    0.00    0.00    0.00    0.00
04:05:28 AM    2    0.00    0.00    0.00    0.00    0.00    7.00    0.00    0.00    0.00   93.00
04:05:28 AM    3    0.00    0.00    0.00    0.00    1.00    7.00    0.00    0.00    0.00   92.00
04:05:28 AM    4    0.00    0.00    0.00    0.00    0.00    0.00    0.00    0.00    0.00  100.00
04:05:28 AM    5    0.00    0.00    0.00    0.00    0.00    0.00    0.00    0.00    0.00  100.00
04:05:28 AM    6    0.00    0.00    0.00    0.00    0.00    0.00    0.00    0.00    0.00  100.00
04:05:28 AM    7    0.00    0.00    0.00    0.00    0.00    0.00    0.00    0.00    0.00  100.00

04:05:28 AM  CPU    %usr   %nice    %sys %iowait    %irq   %soft  %steal  %guest  %gnice   %idle
04:05:29 AM  all    0.25    0.00   24.53    0.00    0.13    1.88    0.00    0.00    0.00   73.22
04:05:29 AM    0    1.00    0.00   98.00    0.00    1.00    0.00    0.00    0.00    0.00    0.00
04:05:29 AM    1    1.01    0.00   98.99    0.00    0.00    0.00    0.00    0.00    0.00    0.00
04:05:29 AM    2    0.00    0.00    0.00    0.00    0.00    8.00    0.00    0.00    0.00   92.00
04:05:29 AM    3    0.00    0.00    0.00    0.00    0.00    7.00    0.00    0.00    0.00   93.00
04:05:29 AM    4    0.00    0.00    0.00    0.00    0.00    0.00    0.00    0.00    0.00  100.00
04:05:29 AM    5    0.00    0.00    0.00    0.00    0.00    0.00    0.00    0.00    0.00  100.00
04:05:29 AM    6    0.00    0.00    0.00    0.00    0.00    0.00    0.00    0.00    0.00  100.00
04:05:29 AM    7    0.00    0.00    0.00    0.00    0.00    0.00    0.00    0.00    0.00  100.00

04:05:29 AM  CPU    %usr   %nice    %sys %iowait    %irq   %soft  %steal  %guest  %gnice   %idle
04:05:30 AM  all    0.38    0.00   24.38    0.00    0.25    2.12    0.00    0.00    0.00   72.88
04:05:30 AM    0    2.00    0.00   97.00    0.00    0.00    1.00    0.00    0.00    0.00    0.00
04:05:30 AM    1    0.99    0.00   97.03    0.00    0.99    0.99    0.00    0.00    0.00    0.00
04:05:30 AM    2    0.00    0.00    0.00    0.00    1.00    8.00    0.00    0.00    0.00   91.00
04:05:30 AM    3    0.00    0.00    0.00    0.00    0.00    7.07    0.00    0.00    0.00   92.93
04:05:30 AM    4    0.00    0.00    0.00    0.00    0.00    0.00    0.00    0.00    0.00  100.00
04:05:30 AM    5    0.00    0.00    0.00    0.00    0.00    0.00    0.00    0.00    0.00  100.00
04:05:30 AM    6    0.00    0.00    0.00    0.00    0.00    0.00    0.00    0.00    0.00  100.00
04:05:30 AM    7    0.00    0.00    0.00    0.00    0.00    0.00    0.00    0.00    0.00  100.00

04:05:30 AM  CPU    %usr   %nice    %sys %iowait    %irq   %soft  %steal  %guest  %gnice   %idle
04:05:31 AM  all    0.12    0.00   24.75    0.00    0.12    1.75    0.00    0.00    0.00   73.25
04:05:31 AM    0    0.00    0.00  100.00    0.00    0.00    0.00    0.00    0.00    0.00    0.00
04:05:31 AM    1    1.00    0.00   99.00    0.00    0.00    0.00    0.00    0.00    0.00    0.00
04:05:31 AM    2    0.00    0.00    0.00    0.00    0.00    7.00    0.00    0.00    0.00   93.00
04:05:31 AM    3    0.00    0.00    0.00    0.00    0.99    6.93    0.00    0.00    0.00   92.08
04:05:31 AM    4    0.00    0.00    0.00    0.00    0.00    0.00    0.00    0.00    0.00  100.00
04:05:31 AM    5    0.00    0.00    0.00    0.00    0.00    0.00    0.00    0.00    0.00  100.00
04:05:31 AM    6    0.00    0.00    0.00    0.00    0.00    0.00    0.00    0.00    0.00  100.00
04:05:31 AM    7    0.00    0.00    0.00    0.00    0.00    0.00    0.00    0.00    0.00  100.00

04:05:31 AM  CPU    %usr   %nice    %sys %iowait    %irq   %soft  %steal  %guest  %gnice   %idle
04:05:32 AM  all    0.38    0.00   24.50    0.00    0.12    1.88    0.00    0.00    0.00   73.12
04:05:32 AM    0    0.99    0.00   97.03    0.00    0.99    0.99    0.00    0.00    0.00    0.00
04:05:32 AM    1    2.00    0.00   98.00    0.00    0.00    0.00    0.00    0.00    0.00    0.00
04:05:32 AM    2    0.00    0.00    0.00    0.00    0.00    7.00    0.00    0.00    0.00   93.00
04:05:32 AM    3    0.00    0.00    0.00    0.00    0.00    7.07    0.00    0.00    0.00   92.93
04:05:32 AM    4    0.00    0.00    0.00    0.00    0.00    0.00    0.00    0.00    0.00  100.00
04:05:32 AM    5    0.00    0.00    0.00    0.00    0.00    0.00    0.00    0.00    0.00  100.00
04:05:32 AM    6    0.00    0.00    0.00    0.00    0.00    0.00    0.00    0.00    0.00  100.00
04:05:32 AM    7    0.00    0.00    0.00    0.00    0.00    0.00    0.00    0.00    0.00  100.00

04:05:32 AM  CPU    %usr   %nice    %sys %iowait    %irq   %soft  %steal  %guest  %gnice   %idle
04:05:33 AM  all    0.25    0.00   24.50    0.00    0.25    1.88    0.00    0.00    0.00   73.12
04:05:33 AM    0    2.00    0.00   98.00    0.00    0.00    0.00    0.00    0.00    0.00    0.00
04:05:33 AM    1    0.00    0.00   98.00    0.00    1.00    1.00    0.00    0.00    0.00    0.00
04:05:33 AM    2    0.00    0.00    0.00    0.00    1.00    7.00    0.00    0.00    0.00   92.00
04:05:33 AM    3    0.00    0.00    0.00    0.00    0.00    7.00    0.00    0.00    0.00   93.00
04:05:33 AM    4    0.00    0.00    0.00    0.00    0.00    0.00    0.00    0.00    0.00  100.00
04:05:33 AM    5    0.00    0.00    0.00    0.00    0.00    0.00    0.00    0.00    0.00  100.00
04:05:33 AM    6    0.00    0.00    0.00    0.00    0.00    0.00    0.00    0.00    0.00  100.00
04:05:33 AM    7    0.00    0.00    0.00    0.00    0.00    0.00    0.00    0.00    0.00  100.00

04:05:33 AM  CPU    %usr   %nice    %sys %iowait    %irq   %soft  %steal  %guest  %gnice   %idle
04:05:34 AM  all    0.25    0.00   24.59    0.00    0.00    1.88    0.00    0.00    0.00   73.27
04:05:34 AM    0    1.01    0.00   98.99    0.00    0.00    0.00    0.00    0.00    0.00    0.00
04:05:34 AM    1    1.01    0.00   98.99    0.00    0.00    0.00    0.00    0.00    0.00    0.00
04:05:34 AM    2    0.00    0.00    0.00    0.00    0.00    7.07    0.00    0.00    0.00   92.93
04:05:34 AM    3    0.00    0.00    0.00    0.00    0.00    6.06    0.00    0.00    0.00   93.94
04:05:34 AM    4    0.00    0.00    0.00    0.00    0.00    1.00    0.00    0.00    0.00   99.00
04:05:34 AM    5    0.00    0.00    0.00    0.00    0.00    0.00    0.00    0.00    0.00  100.00
04:05:34 AM    6    0.00    0.00    0.00    0.00    0.00    0.99    0.00    0.00    0.00   99.01
04:05:34 AM    7    0.00    0.00    0.00    0.00    0.00    0.00    0.00    0.00    0.00  100.00

04:05:34 AM  CPU    %usr   %nice    %sys %iowait    %irq   %soft  %steal  %guest  %gnice   %idle
04:05:35 AM  all    0.25    0.00   24.47    0.00    0.12    2.00    0.00    0.00    0.00   73.16
04:05:35 AM    0    1.00    0.00   98.00    0.00    0.00    1.00    0.00    0.00    0.00    0.00
04:05:35 AM    1    1.00    0.00   98.00    0.00    0.00    1.00    0.00    0.00    0.00    0.00
04:05:35 AM    2    0.00    0.00    0.00    0.00    0.00    7.00    0.00    0.00    0.00   93.00
04:05:35 AM    3    0.00    0.00    0.00    0.00    0.99    6.93    0.00    0.00    0.00   92.08
04:05:35 AM    4    0.00    0.00    0.00    0.00    0.00    0.00    0.00    0.00    0.00  100.00
04:05:35 AM    5    0.00    0.00    0.00    0.00    0.00    0.00    0.00    0.00    0.00  100.00
04:05:35 AM    6    0.00    0.00    0.00    0.00    0.00    0.00    0.00    0.00    0.00  100.00
04:05:35 AM    7    0.00    0.00    0.00    0.00    0.00    0.00    0.00    0.00    0.00  100.00

04:05:35 AM  CPU    %usr   %nice    %sys %iowait    %irq   %soft  %steal  %guest  %gnice   %idle
04:05:36 AM  all    0.25    0.00   24.75    0.00    0.12    1.62    0.00    0.00    0.00   73.25
04:05:36 AM    0    0.99    0.00   98.02    0.00    0.99    0.00    0.00    0.00    0.00    0.00
04:05:36 AM    1    1.00    0.00   99.00    0.00    0.00    0.00    0.00    0.00    0.00    0.00
04:05:36 AM    2    0.00    0.00    0.00    0.00    0.00    6.06    0.00    0.00    0.00   93.94
04:05:36 AM    3    0.00    0.00    0.00    0.00    0.00    7.00    0.00    0.00    0.00   93.00
04:05:36 AM    4    0.00    0.00    0.00    0.00    0.00    0.00    0.00    0.00    0.00  100.00
04:05:36 AM    5    0.00    0.00    0.00    0.00    0.00    0.00    0.00    0.00    0.00  100.00
04:05:36 AM    6    0.00    0.00    0.00    0.00    0.00    0.00    0.00    0.00    0.00  100.00
04:05:36 AM    7    0.00    0.00    0.00    0.00    0.00    0.00    0.00    0.00    0.00  100.00

04:05:36 AM  CPU    %usr   %nice    %sys %iowait    %irq   %soft  %steal  %guest  %gnice   %idle
04:05:37 AM  all    0.25    0.00   24.59    0.00    0.25    2.00    0.00    0.00    0.00   72.91
04:05:37 AM    0    1.01    0.00   98.99    0.00    0.00    0.00    0.00    0.00    0.00    0.00
04:05:37 AM    1    0.98    0.00   97.06    0.00    0.98    0.98    0.00    0.00    0.00    0.00
04:05:37 AM    2    0.00    0.00    0.00    0.00    0.99    7.92    0.00    0.00    0.00   91.09
04:05:37 AM    3    0.00    0.00    0.00    0.00    0.00    7.07    0.00    0.00    0.00   92.93
04:05:37 AM    4    0.00    0.00    0.00    0.00    0.00    0.00    0.00    0.00    0.00  100.00
04:05:37 AM    5    0.00    0.00    0.00    0.00    0.00    0.00    0.00    0.00    0.00  100.00
04:05:37 AM    6    0.00    0.00    0.00    0.00    0.00    0.00    0.00    0.00    0.00  100.00
04:05:37 AM    7    0.00    0.00    0.00    0.00    0.00    0.00    0.00    0.00    0.00  100.00

04:05:37 AM  CPU    %usr   %nice    %sys %iowait    %irq   %soft  %steal  %guest  %gnice   %idle
04:05:38 AM  all    0.25    0.00   24.50    0.00    0.12    1.88    0.00    0.00    0.00   73.25
04:05:38 AM    0    1.98    0.00   97.03    0.00    0.00    0.99    0.00    0.00    0.00    0.00
04:05:38 AM    1    0.00    0.00  100.00    0.00    0.00    0.00    0.00    0.00    0.00    0.00
04:05:38 AM    2    0.00    0.00    0.00    0.00    0.00    7.00    0.00    0.00    0.00   93.00
04:05:38 AM    3    0.00    0.00    0.00    0.00    0.99    6.93    0.00    0.00    0.00   92.08
04:05:38 AM    4    0.00    0.00    0.00    0.00    0.00    0.00    0.00    0.00    0.00  100.00
04:05:38 AM    5    0.00    0.00    0.00    0.00    0.00    0.00    0.00    0.00    0.00  100.00
04:05:38 AM    6    0.00    0.00    0.00    0.00    0.00    0.00    0.00    0.00    0.00  100.00
04:05:38 AM    7    0.00    0.00    0.00    0.00    0.00    0.00    0.00    0.00    0.00  100.00

04:05:38 AM  CPU    %usr   %nice    %sys %iowait    %irq   %soft  %steal  %guest  %gnice   %idle
04:05:39 AM  all    0.38    0.00   24.53    0.00    0.13    1.75    0.00    0.00    0.00   73.22
04:05:39 AM    0    1.00    0.00   98.00    0.00    1.00    0.00    0.00    0.00    0.00    0.00
04:05:39 AM    1    1.98    0.00   97.03    0.00    0.00    0.99    0.00    0.00    0.00    0.00
04:05:39 AM    2    0.00    0.00    0.00    0.00    0.00    7.07    0.00    0.00    0.00   92.93
04:05:39 AM    3    0.00    0.00    0.00    0.00    0.00    6.06    0.00    0.00    0.00   93.94
04:05:39 AM    4    0.00    0.00    0.00    0.00    0.00    0.00    0.00    0.00    0.00  100.00
04:05:39 AM    5    0.00    0.00    0.00    0.00    0.00    0.00    0.00    0.00    0.00  100.00
04:05:39 AM    6    0.00    0.00    0.00    0.00    0.00    0.00    0.00    0.00    0.00  100.00
04:05:39 AM    7    0.00    0.00    0.00    0.00    0.00    0.00    0.00    0.00    0.00  100.00

04:05:39 AM  CPU    %usr   %nice    %sys %iowait    %irq   %soft  %steal  %guest  %gnice   %idle
04:05:40 AM  all    0.25    0.00   24.53    0.00    0.25    2.00    0.00    0.00    0.00   72.97
04:05:40 AM    0    1.00    0.00   98.00    0.00    0.00    1.00    0.00    0.00    0.00    0.00
04:05:40 AM    1    1.00    0.00   98.00    0.00    1.00    0.00    0.00    0.00    0.00    0.00
04:05:40 AM    2    0.00    0.00    0.00    0.00    1.00    8.00    0.00    0.00    0.00   91.00
04:05:40 AM    3    0.00    0.00    0.00    0.00    0.00    7.07    0.00    0.00    0.00   92.93
04:05:40 AM    4    0.00    0.00    0.00    0.00    0.00    0.00    0.00    0.00    0.00  100.00
04:05:40 AM    5    0.00    0.00    0.00    0.00    0.00    0.00    0.00    0.00    0.00  100.00
04:05:40 AM    6    0.00    0.00    0.00    0.00    0.00    0.00    0.00    0.00    0.00  100.00
04:05:40 AM    7    0.00    0.00    0.00    0.00    0.00    0.00    0.00    0.00    0.00  100.00

04:05:40 AM  CPU    %usr   %nice    %sys %iowait    %irq   %soft  %steal  %guest  %gnice   %idle
04:05:41 AM  all    0.37    0.00   24.59    0.00    0.12    1.87    0.00    0.00    0.00   73.03
04:05:41 AM    0    2.00    0.00   98.00    0.00    0.00    0.00    0.00    0.00    0.00    0.00
04:05:41 AM    1    1.00    0.00   99.00    0.00    0.00    0.00    0.00    0.00    0.00    0.00
04:05:41 AM    2    0.00    0.00    0.00    0.00    0.00    7.07    0.00    0.00    0.00   92.93
04:05:41 AM    3    0.00    0.00    0.00    0.00    0.99    6.93    0.00    0.00    0.00   92.08
04:05:41 AM    4    0.00    0.00    0.00    0.00    0.00    0.00    0.00    0.00    0.00  100.00
04:05:41 AM    5    0.00    0.00    0.00    0.00    0.00    0.99    0.00    0.00    0.00   99.01
04:05:41 AM    6    0.00    0.00    0.00    0.00    0.00    0.00    0.00    0.00    0.00  100.00
04:05:41 AM    7    0.00    0.00    0.00    0.00    0.00    0.00    0.00    0.00    0.00  100.00

04:05:41 AM  CPU    %usr   %nice    %sys %iowait    %irq   %soft  %steal  %guest  %gnice   %idle
04:05:42 AM  all    0.13    0.00   24.53    0.00    0.13    1.88    0.00    0.00    0.00   73.34
04:05:42 AM    0    0.00    0.00   98.99    0.00    1.01    0.00    0.00    0.00    0.00    0.00
04:05:42 AM    1    1.00    0.00   98.00    0.00    0.00    1.00    0.00    0.00    0.00    0.00
04:05:42 AM    2    0.00    0.00    0.00    0.00    0.00    7.00    0.00    0.00    0.00   93.00
04:05:42 AM    3    0.00    0.00    0.00    0.00    0.00    7.00    0.00    0.00    0.00   93.00
04:05:42 AM    4    0.00    0.00    0.00    0.00    0.00    0.00    0.00    0.00    0.00  100.00
04:05:42 AM    5    0.00    0.00    0.00    0.00    0.00    0.00    0.00    0.00    0.00  100.00
04:05:42 AM    6    0.00    0.00    0.00    0.00    0.00    0.00    0.00    0.00    0.00  100.00
04:05:42 AM    7    0.00    0.00    0.00    0.00    0.00    0.00    0.00    0.00    0.00  100.00

04:05:42 AM  CPU    %usr   %nice    %sys %iowait    %irq   %soft  %steal  %guest  %gnice   %idle
04:05:43 AM  all    0.38    0.00   24.50    0.00    0.12    2.00    0.00    0.00    0.00   73.00
04:05:43 AM    0    1.96    0.00   96.08    0.00    0.00    0.98    0.00    0.00    0.00    0.98
04:05:43 AM    1    1.01    0.00   98.99    0.00    0.00    0.00    0.00    0.00    0.00    0.00
04:05:43 AM    2    0.00    0.00    0.00    0.00    1.00    8.00    0.00    0.00    0.00   91.00
04:05:43 AM    3    0.00    0.00    0.00    0.00    0.00    7.07    0.00    0.00    0.00   92.93
04:05:43 AM    4    0.00    0.00    0.00    0.00    0.00    0.00    0.00    0.00    0.00  100.00
04:05:43 AM    5    0.00    0.00    0.00    0.00    0.00    0.00    0.00    0.00    0.00  100.00
04:05:43 AM    6    0.00    0.00    0.00    0.00    0.00    0.00    0.00    0.00    0.00  100.00
04:05:43 AM    7    0.00    0.00    0.00    0.00    0.00    0.00    0.00    0.00    0.00  100.00

04:05:43 AM  CPU    %usr   %nice    %sys %iowait    %irq   %soft  %steal  %guest  %gnice   %idle
04:05:44 AM  all    0.12    0.00   24.59    0.00    0.12    2.00    0.00    0.00    0.00   73.16
04:05:44 AM    0    1.01    0.00   98.99    0.00    0.00    0.00    0.00    0.00    0.00    0.00
04:05:44 AM    1    0.00    0.00   98.02    0.00    0.99    0.99    0.00    0.00    0.00    0.00
04:05:44 AM    2    0.00    0.00    0.00    0.00    0.00    7.92    0.00    0.00    0.00   92.08
04:05:44 AM    3    0.00    0.00    0.00    0.00    0.00    7.00    0.00    0.00    0.00   93.00
04:05:44 AM    4    0.00    0.00    0.00    0.00    0.00    0.00    0.00    0.00    0.00  100.00
04:05:44 AM    5    0.00    0.00    0.00    0.00    0.00    0.00    0.00    0.00    0.00  100.00
04:05:44 AM    6    0.00    0.00    0.00    0.00    0.00    0.00    0.00    0.00    0.00  100.00
04:05:44 AM    7    0.00    0.00    0.00    0.00    0.00    0.00    0.00    0.00    0.00  100.00

04:05:44 AM  CPU    %usr   %nice    %sys %iowait    %irq   %soft  %steal  %guest  %gnice   %idle
04:05:45 AM  all    0.25    0.00   24.78    0.00    0.13    1.63    0.00    0.00    0.00   73.22
04:05:45 AM    0    0.99    0.00   98.02    0.00    0.00    0.99    0.00    0.00    0.00    0.00
04:05:45 AM    1    1.00    0.00   99.00    0.00    0.00    0.00    0.00    0.00    0.00    0.00
04:05:45 AM    2    0.00    0.00    0.00    0.00    0.00    6.12    0.00    0.00    0.00   93.88
04:05:45 AM    3    0.00    0.00    0.00    0.00    1.00    6.00    0.00    0.00    0.00   93.00
04:05:45 AM    4    0.00    0.00    0.00    0.00    0.00    0.00    0.00    0.00    0.00  100.00
04:05:45 AM    5    0.00    0.00    0.00    0.00    0.00    0.00    0.00    0.00    0.00  100.00
04:05:45 AM    6    0.00    0.00    0.00    0.00    0.00    0.00    0.00    0.00    0.00  100.00
04:05:45 AM    7    0.00    0.00    0.00    0.00    0.00    0.00    0.00    0.00    0.00  100.00

04:05:45 AM  CPU    %usr   %nice    %sys %iowait    %irq   %soft  %steal  %guest  %gnice   %idle
04:05:46 AM  all    0.13    0.00   24.53    0.00    0.25    1.75    0.00    0.00    0.00   73.34
04:05:46 AM    0    0.00    0.00   98.99    0.00    1.01    0.00    0.00    0.00    0.00    0.00
04:05:46 AM    1    1.01    0.00   98.99    0.00    0.00    0.00    0.00    0.00    0.00    0.00
04:05:46 AM    2    0.00    0.00    0.00    0.00    0.99    6.93    0.00    0.00    0.00   92.08
04:05:46 AM    3    0.00    0.00    0.00    0.00    0.00    7.00    0.00    0.00    0.00   93.00
04:05:46 AM    4    0.00    0.00    0.00    0.00    0.00    0.00    0.00    0.00    0.00  100.00
04:05:46 AM    5    0.00    0.00    0.00    0.00    0.00    0.00    0.00    0.00    0.00  100.00
04:05:46 AM    6    0.00    0.00    0.00    0.00    0.00    0.00    0.00    0.00    0.00  100.00
04:05:46 AM    7    0.00    0.00    0.00    0.00    0.00    0.00    0.00    0.00    0.00  100.00

04:05:46 AM  CPU    %usr   %nice    %sys %iowait    %irq   %soft  %steal  %guest  %gnice   %idle
04:05:47 AM  all    0.25    0.00   24.56    0.00    0.12    2.12    0.00    0.00    0.00   72.94
04:05:47 AM    0    1.00    0.00   99.00    0.00    0.00    0.00    0.00    0.00    0.00    0.00
04:05:47 AM    1    0.98    0.00   96.08    0.00    0.98    0.98    0.00    0.00    0.00    0.98
04:05:47 AM    2    0.00    0.00    0.00    0.00    0.00    8.00    0.00    0.00    0.00   92.00
04:05:47 AM    3    0.00    0.00    0.00    0.00    0.00    8.00    0.00    0.00    0.00   92.00
04:05:47 AM    4    0.00    0.00    0.00    0.00    0.00    0.00    0.00    0.00    0.00  100.00
04:05:47 AM    5    0.00    0.00    0.00    0.00    0.00    0.00    0.00    0.00    0.00  100.00
04:05:47 AM    6    0.00    0.00    0.00    0.00    0.00    0.00    0.00    0.00    0.00  100.00
04:05:47 AM    7    0.00    0.00    0.00    0.00    0.00    0.00    0.00    0.00    0.00  100.00

04:05:47 AM  CPU    %usr   %nice    %sys %iowait    %irq   %soft  %steal  %guest  %gnice   %idle
04:05:48 AM  all    0.25    0.00   24.72    0.00    0.12    1.87    0.00    0.00    0.00   73.03
04:05:48 AM    0    0.99    0.00   98.02    0.00    0.00    0.99    0.00    0.00    0.00    0.00
04:05:48 AM    1    1.00    0.00   99.00    0.00    0.00    0.00    0.00    0.00    0.00    0.00
04:05:48 AM    2    0.00    0.00    0.00    0.00    0.00    6.06    0.00    0.00    0.00   93.94
04:05:48 AM    3    0.00    0.00    0.00    0.00    1.00    7.00    0.00    0.00    0.00   92.00
04:05:48 AM    4    0.00    0.00    0.00    0.00    0.00    0.99    0.00    0.00    0.00   99.01
04:05:48 AM    5    0.00    0.00    0.00    0.00    0.00    0.00    0.00    0.00    0.00  100.00
04:05:48 AM    6    0.00    0.00    0.00    0.00    0.00    0.00    0.00    0.00    0.00  100.00
04:05:48 AM    7    0.00    0.00    0.00    0.00    0.00    0.00    0.00    0.00    0.00  100.00

04:05:48 AM  CPU    %usr   %nice    %sys %iowait    %irq   %soft  %steal  %guest  %gnice   %idle
04:05:49 AM  all    0.12    0.00   24.50    0.00    0.25    2.00    0.00    0.00    0.00   73.12
04:05:49 AM    0    0.00    0.00   98.00    0.00    1.00    1.00    0.00    0.00    0.00    0.00
04:05:49 AM    1    1.00    0.00   98.00    0.00    0.00    1.00    0.00    0.00    0.00    0.00
04:05:49 AM    2    0.00    0.00    0.00    0.00    0.99    7.92    0.00    0.00    0.00   91.09
04:05:49 AM    3    0.00    0.00    0.00    0.00    0.00    6.06    0.00    0.00    0.00   93.94
04:05:49 AM    4    0.00    0.00    0.00    0.00    0.00    0.00    0.00    0.00    0.00  100.00
04:05:49 AM    5    0.00    0.00    0.00    0.00    0.00    0.00    0.00    0.00    0.00  100.00
04:05:49 AM    6    0.00    0.00    0.00    0.00    0.00    0.00    0.00    0.00    0.00  100.00
04:05:49 AM    7    0.00    0.00    0.00    0.00    0.00    0.00    0.00    0.00    0.00  100.00

04:05:49 AM  CPU    %usr   %nice    %sys %iowait    %irq   %soft  %steal  %guest  %gnice   %idle
04:05:50 AM  all    0.50    0.00   24.12    0.00    0.13    2.14    0.00    0.00    0.00   73.12
04:05:50 AM    0    1.01    0.00   96.97    0.00    0.00    2.02    0.00    0.00    0.00    0.00
04:05:50 AM    1    3.00    0.00   95.00    0.00    1.00    1.00    0.00    0.00    0.00    0.00
04:05:50 AM    2    0.00    0.00    1.01    0.00    0.00    7.07    0.00    0.00    0.00   91.92
04:05:50 AM    3    0.00    0.00    0.00    0.00    0.00    7.07    0.00    0.00    0.00   92.93
04:05:50 AM    4    0.00    0.00    0.00    0.00    0.00    0.00    0.00    0.00    0.00  100.00
04:05:50 AM    5    0.00    0.00    0.00    0.00    0.00    0.00    0.00    0.00    0.00  100.00
04:05:50 AM    6    0.00    0.00    0.00    0.00    0.00    0.00    0.00    0.00    0.00  100.00
04:05:50 AM    7    0.00    0.00    0.00    0.00    0.00    0.00    0.00    0.00    0.00  100.00

04:05:50 AM  CPU    %usr   %nice    %sys %iowait    %irq   %soft  %steal  %guest  %gnice   %idle
04:05:51 AM  all    0.25    0.00   24.59    0.00    0.12    2.12    0.00    0.00    0.00   72.91
04:05:51 AM    0    1.00    0.00   99.00    0.00    0.00    0.00    0.00    0.00    0.00    0.00
04:05:51 AM    1    1.00    0.00   98.00    0.00    0.00    1.00    0.00    0.00    0.00    0.00
04:05:51 AM    2    0.00    0.00    0.00    0.00    0.00    7.00    0.00    0.00    0.00   93.00
04:05:51 AM    3    0.00    0.00    0.00    0.00    0.99    7.92    0.00    0.00    0.00   91.09
04:05:51 AM    4    0.00    0.00    0.00    0.00    0.00    0.00    0.00    0.00    0.00  100.00
04:05:51 AM    5    0.00    0.00    0.00    0.00    0.00    0.00    0.00    0.00    0.00  100.00
04:05:51 AM    6    0.00    0.00    0.00    0.00    0.00    0.00    0.00    0.00    0.00  100.00
04:05:51 AM    7    0.00    0.00    0.00    0.00    0.00    0.99    0.00    0.00    0.00   99.01

04:05:51 AM  CPU    %usr   %nice    %sys %iowait    %irq   %soft  %steal  %guest  %gnice   %idle
04:05:52 AM  all    0.25    0.00   24.12    0.00    0.12    2.38    0.00    0.00    0.00   73.12
04:05:52 AM    0    1.01    0.00   96.97    0.00    0.00    2.02    0.00    0.00    0.00    0.00
04:05:52 AM    1    1.00    0.00   97.00    0.00    0.00    2.00    0.00    0.00    0.00    0.00
04:05:52 AM    2    0.00    0.00    0.00    0.00    0.99    7.92    0.00    0.00    0.00   91.09
04:05:52 AM    3    0.00    0.00    0.00    0.00    0.00    7.00    0.00    0.00    0.00   93.00
04:05:52 AM    4    0.00    0.00    0.00    0.00    0.00    0.00    0.00    0.00    0.00  100.00
04:05:52 AM    5    0.00    0.00    0.00    0.00    0.00    0.00    0.00    0.00    0.00  100.00
04:05:52 AM    6    0.00    0.00    0.00    0.00    0.00    0.00    0.00    0.00    0.00  100.00
04:05:52 AM    7    0.00    0.00    0.00    0.00    0.00    0.00    0.00    0.00    0.00  100.00

04:05:52 AM  CPU    %usr   %nice    %sys %iowait    %irq   %soft  %steal  %guest  %gnice   %idle
04:05:53 AM  all    0.25    0.00   23.53    0.00    0.13    3.00    0.00    0.00    0.00   73.09
04:05:53 AM    0    0.99    0.00   93.07    0.00    0.99    4.95    0.00    0.00    0.00    0.00
04:05:53 AM    1    1.01    0.00   94.95    0.00    0.00    4.04    0.00    0.00    0.00    0.00
04:05:53 AM    2    0.00    0.00    0.00    0.00    0.00    7.07    0.00    0.00    0.00   92.93
04:05:53 AM    3    0.00    0.00    0.00    0.00    0.00    7.07    0.00    0.00    0.00   92.93
04:05:53 AM    4    0.00    0.00    0.00    0.00    0.00    0.00    0.00    0.00    0.00  100.00
04:05:53 AM    5    0.00    0.00    0.00    0.00    0.00    0.99    0.00    0.00    0.00   99.01
04:05:53 AM    6    0.00    0.00    0.00    0.00    0.00    0.00    0.00    0.00    0.00  100.00
04:05:53 AM    7    0.00    0.00    0.00    0.00    0.00    0.00    0.00    0.00    0.00  100.00

04:05:53 AM  CPU    %usr   %nice    %sys %iowait    %irq   %soft  %steal  %guest  %gnice   %idle
04:05:54 AM  all    0.25    0.00   24.47    0.00    0.25    2.00    0.00    0.00    0.00   73.03
04:05:54 AM    0    1.00    0.00   98.00    0.00    0.00    1.00    0.00    0.00    0.00    0.00
04:05:54 AM    1    0.99    0.00   97.03    0.00    0.99    0.99    0.00    0.00    0.00    0.00
04:05:54 AM    2    0.00    0.00    0.00    0.00    0.00    7.07    0.00    0.00    0.00   92.93
04:05:54 AM    3    0.00    0.00    0.00    0.00    0.99    6.93    0.00    0.00    0.00   92.08
04:05:54 AM    4    0.00    0.00    0.00    0.00    0.00    0.00    0.00    0.00    0.00  100.00
04:05:54 AM    5    0.00    0.00    0.00    0.00    0.00    0.00    0.00    0.00    0.00  100.00
04:05:54 AM    6    0.00    0.00    0.00    0.00    0.00    0.00    0.00    0.00    0.00  100.00
04:05:54 AM    7    0.00    0.00    0.00    0.00    0.00    0.00    0.00    0.00    0.00  100.00

04:05:54 AM  CPU    %usr   %nice    %sys %iowait    %irq   %soft  %steal  %guest  %gnice   %idle
04:05:55 AM  all    0.13    0.00   24.53    0.00    0.13    1.88    0.00    0.00    0.00   73.34
04:05:55 AM    0    1.00    0.00   98.00    0.00    0.00    1.00    0.00    0.00    0.00    0.00
04:05:55 AM    1    0.00    0.00   98.99    0.00    0.00    1.01    0.00    0.00    0.00    0.00
04:05:55 AM    2    0.00    0.00    0.00    0.00    0.99    6.93    0.00    0.00    0.00   92.08
04:05:55 AM    3    0.00    0.00    0.00    0.00    0.00    6.06    0.00    0.00    0.00   93.94
04:05:55 AM    4    0.00    0.00    0.00    0.00    0.00    0.00    0.00    0.00    0.00  100.00
04:05:55 AM    5    0.00    0.00    0.00    0.00    0.00    0.00    0.00    0.00    0.00  100.00
04:05:55 AM    6    0.00    0.00    0.00    0.00    0.00    0.00    0.00    0.00    0.00  100.00
04:05:55 AM    7    0.00    0.00    0.00    0.00    0.00    0.00    0.00    0.00    0.00  100.00

04:05:55 AM  CPU    %usr   %nice    %sys %iowait    %irq   %soft  %steal  %guest  %gnice   %idle
04:05:56 AM  all    0.38    0.00   24.53    0.00    0.13    2.00    0.00    0.00    0.00   72.97
04:05:56 AM    0    1.00    0.00   98.00    0.00    1.00    0.00    0.00    0.00    0.00    0.00
04:05:56 AM    1    2.00    0.00   98.00    0.00    0.00    0.00    0.00    0.00    0.00    0.00
04:05:56 AM    2    0.00    0.00    0.00    0.00    0.00    8.08    0.00    0.00    0.00   91.92
04:05:56 AM    3    0.00    0.00    0.00    0.00    0.00    8.00    0.00    0.00    0.00   92.00
04:05:56 AM    4    0.00    0.00    0.00    0.00    0.00    0.00    0.00    0.00    0.00  100.00
04:05:56 AM    5    0.00    0.00    0.00    0.00    0.00    0.00    0.00    0.00    0.00  100.00
04:05:56 AM    6    0.00    0.00    0.00    0.00    0.00    0.00    0.00    0.00    0.00  100.00
04:05:56 AM    7    0.00    0.00    0.00    0.00    0.00    0.00    0.00    0.00    0.00  100.00

04:05:56 AM  CPU    %usr   %nice    %sys %iowait    %irq   %soft  %steal  %guest  %gnice   %idle
04:05:57 AM  all    0.25    0.00   24.44    0.00    0.12    2.37    0.00    0.00    0.00   72.82
04:05:57 AM    0    0.99    0.00   97.03    0.00    0.00    1.98    0.00    0.00    0.00    0.00
04:05:57 AM    1    0.99    0.00   97.03    0.00    0.99    0.99    0.00    0.00    0.00    0.00
04:05:57 AM    2    0.00    0.00    0.00    0.00    0.00    8.00    0.00    0.00    0.00   92.00
04:05:57 AM    3    0.00    0.00    0.00    0.00    0.00    7.07    0.00    0.00    0.00   92.93
04:05:57 AM    4    0.00    0.00    0.00    0.00    0.00    0.99    0.00    0.00    0.00   99.01
04:05:57 AM    5    0.00    0.00    0.00    0.00    0.00    0.00    0.00    0.00    0.00  100.00
04:05:57 AM    6    0.00    0.00    0.00    0.00    0.00    0.00    0.00    0.00    0.00  100.00
04:05:57 AM    7    0.00    0.00    0.00    0.00    0.00    0.00    0.00    0.00    0.00  100.00

04:05:57 AM  CPU    %usr   %nice    %sys %iowait    %irq   %soft  %steal  %guest  %gnice   %idle
04:05:58 AM  all    0.13    0.00   24.53    0.00    0.25    1.88    0.00    0.00    0.00   73.22
04:05:58 AM    0    0.00    0.00  100.00    0.00    0.00    0.00    0.00    0.00    0.00    0.00
04:05:58 AM    1    1.01    0.00   97.98    0.00    0.00    1.01    0.00    0.00    0.00    0.00
04:05:58 AM    2    0.00    0.00    0.00    0.00    1.00    7.00    0.00    0.00    0.00   92.00
04:05:58 AM    3    0.00    0.00    0.00    0.00    0.99    6.93    0.00    0.00    0.00   92.08
04:05:58 AM    4    0.00    0.00    0.00    0.00    0.00    0.00    0.00    0.00    0.00  100.00
04:05:58 AM    5    0.00    0.00    0.00    0.00    0.00    0.00    0.00    0.00    0.00  100.00
04:05:58 AM    6    0.00    0.00    0.00    0.00    0.00    0.00    0.00    0.00    0.00  100.00
04:05:58 AM    7    0.00    0.00    0.00    0.00    0.00    0.00    0.00    0.00    0.00  100.00

04:05:58 AM  CPU    %usr   %nice    %sys %iowait    %irq   %soft  %steal  %guest  %gnice   %idle
04:05:59 AM  all    0.25    0.00   24.62    0.00    0.12    1.88    0.00    0.00    0.00   73.12
04:05:59 AM    0    0.99    0.00   97.03    0.00    0.99    0.99    0.00    0.00    0.00    0.00
04:05:59 AM    1    1.00    0.00   99.00    0.00    0.00    0.00    0.00    0.00    0.00    0.00
04:05:59 AM    2    0.00    0.00    0.00    0.00    0.00    7.00    0.00    0.00    0.00   93.00
04:05:59 AM    3    0.00    0.00    0.00    0.00    0.00    7.07    0.00    0.00    0.00   92.93
04:05:59 AM    4    0.00    0.00    0.00    0.00    0.00    0.00    0.00    0.00    0.00  100.00
04:05:59 AM    5    0.00    0.00    0.00    0.00    0.00    0.00    0.00    0.00    0.00  100.00
04:05:59 AM    6    0.00    0.00    0.00    0.00    0.00    0.00    0.00    0.00    0.00  100.00
04:05:59 AM    7    0.00    0.00    0.00    0.00    0.00    0.00    0.00    0.00    0.00  100.00

04:05:59 AM  CPU    %usr   %nice    %sys %iowait    %irq   %soft  %steal  %guest  %gnice   %idle
04:06:00 AM  all    0.25    0.00   24.53    0.00    0.00    2.00    0.00    0.00    0.00   73.22
04:06:00 AM    0    1.00    0.00   98.00    0.00    0.00    1.00    0.00    0.00    0.00    0.00
04:06:00 AM    1    0.99    0.00   97.03    0.00    0.00    0.99    0.00    0.00    0.00    0.99
04:06:00 AM    2    0.00    0.00    0.00    0.00    0.00    7.07    0.00    0.00    0.00   92.93
04:06:00 AM    3    0.00    0.00    0.00    0.00    0.00    7.00    0.00    0.00    0.00   93.00
04:06:00 AM    4    0.00    0.00    0.00    0.00    0.00    0.00    0.00    0.00    0.00  100.00
04:06:00 AM    5    0.00    0.00    0.00    0.00    0.00    0.00    0.00    0.00    0.00  100.00
04:06:00 AM    6    0.00    0.00    0.00    0.00    0.00    0.00    0.00    0.00    0.00  100.00
04:06:00 AM    7    0.00    0.00    0.00    0.00    0.00    0.00    0.00    0.00    0.00  100.00

04:06:00 AM  CPU    %usr   %nice    %sys %iowait    %irq   %soft  %steal  %guest  %gnice   %idle
04:06:01 AM  all    0.25    0.00   24.53    0.00    0.25    1.75    0.00    0.00    0.00   73.22
04:06:01 AM    0    1.01    0.00   98.99    0.00    0.00    0.00    0.00    0.00    0.00    0.00
04:06:01 AM    1    1.00    0.00   98.00    0.00    1.00    0.00    0.00    0.00    0.00    0.00
04:06:01 AM    2    0.00    0.00    0.00    0.00    0.00    7.00    0.00    0.00    0.00   93.00
04:06:01 AM    3    0.00    0.00    0.00    0.00    1.00    7.00    0.00    0.00    0.00   92.00
04:06:01 AM    4    0.00    0.00    0.00    0.00    0.00    0.00    0.00    0.00    0.00  100.00
04:06:01 AM    5    0.00    0.00    0.00    0.00    0.00    0.00    0.00    0.00    0.00  100.00
04:06:01 AM    6    0.00    0.00    0.00    0.00    0.00    0.00    0.00    0.00    0.00  100.00
04:06:01 AM    7    0.00    0.00    0.00    0.00    0.00    0.00    0.00    0.00    0.00  100.00

04:06:01 AM  CPU    %usr   %nice    %sys %iowait    %irq   %soft  %steal  %guest  %gnice   %idle
04:06:02 AM  all    0.38    0.00   24.41    0.00    0.13    2.00    0.00    0.00    0.00   73.09
04:06:02 AM    0    2.02    0.00   97.98    0.00    0.00    0.00    0.00    0.00    0.00    0.00
04:06:02 AM    1    1.01    0.00   97.98    0.00    0.00    1.01    0.00    0.00    0.00    0.00
04:06:02 AM    2    0.00    0.00    0.00    0.00    1.00    8.00    0.00    0.00    0.00   91.00
04:06:02 AM    3    0.00    0.00    0.00    0.00    0.00    7.00    0.00    0.00    0.00   93.00
04:06:02 AM    4    0.00    0.00    0.99    0.00    0.00    0.00    0.00    0.00    0.00   99.01
04:06:02 AM    5    0.00    0.00    0.00    0.00    0.00    0.00    0.00    0.00    0.00  100.00
04:06:02 AM    6    0.00    0.00    0.00    0.00    0.00    0.00    0.00    0.00    0.00  100.00
04:06:02 AM    7    0.00    0.00    0.00    0.00    0.00    0.00    0.00    0.00    0.00  100.00

04:06:02 AM  CPU    %usr   %nice    %sys %iowait    %irq   %soft  %steal  %guest  %gnice   %idle
04:06:03 AM  all    0.37    0.00   24.59    0.00    0.12    1.87    0.00    0.00    0.00   73.03
04:06:03 AM    0    1.96    0.00   96.08    0.00    0.98    0.98    0.00    0.00    0.00    0.00
04:06:03 AM    1    0.99    0.00   98.02    0.00    0.00    0.99    0.00    0.00    0.00    0.00
04:06:03 AM    2    0.00    0.00    0.00    0.00    0.00    7.07    0.00    0.00    0.00   92.93
04:06:03 AM    3    0.00    0.00    0.00    0.00    0.00    6.06    0.00    0.00    0.00   93.94
04:06:03 AM    4    0.00    0.00    0.00    0.00    0.00    0.00    0.00    0.00    0.00  100.00
04:06:03 AM    5    0.00    0.00    0.00    0.00    0.00    0.00    0.00    0.00    0.00  100.00
04:06:03 AM    6    0.00    0.00    0.00    0.00    0.00    0.00    0.00    0.00    0.00  100.00
04:06:03 AM    7    0.00    0.00    0.00    0.00    0.00    0.00    0.00    0.00    0.00  100.00

04:06:03 AM  CPU    %usr   %nice    %sys %iowait    %irq   %soft  %steal  %guest  %gnice   %idle
04:06:04 AM  all    0.38    0.00   24.44    0.00    0.25    1.75    0.00    0.00    0.00   73.18
04:06:04 AM    0    1.01    0.00   98.99    0.00    0.00    0.00    0.00    0.00    0.00    0.00
04:06:04 AM    1    2.00    0.00   97.00    0.00    1.00    0.00    0.00    0.00    0.00    0.00
04:06:04 AM    2    0.00    0.00    0.00    0.00    0.00    7.00    0.00    0.00    0.00   93.00
04:06:04 AM    3    0.00    0.00    0.00    0.00    1.00    7.00    0.00    0.00    0.00   92.00
04:06:04 AM    4    0.00    0.00    0.00    0.00    0.00    0.00    0.00    0.00    0.00  100.00
04:06:04 AM    5    0.00    0.00    0.00    0.00    0.00    0.00    0.00    0.00    0.00  100.00
04:06:04 AM    6    0.00    0.00    0.00    0.00    0.00    0.00    0.00    0.00    0.00  100.00
04:06:04 AM    7    0.00    0.00    0.00    0.00    0.00    0.00    0.00    0.00    0.00  100.00

04:06:04 AM  CPU    %usr   %nice    %sys %iowait    %irq   %soft  %steal  %guest  %gnice   %idle
04:06:05 AM  all    0.12    0.00   24.62    0.00    0.12    1.75    0.00    0.00    0.00   73.38
04:06:05 AM    0    1.00    0.00   98.00    0.00    0.00    1.00    0.00    0.00    0.00    0.00
04:06:05 AM    1    0.00    0.00  100.00    0.00    0.00    0.00    0.00    0.00    0.00    0.00
04:06:05 AM    2    0.00    0.00    0.00    0.00    0.99    6.93    0.00    0.00    0.00   92.08
04:06:05 AM    3    0.00    0.00    0.00    0.00    0.00    6.00    0.00    0.00    0.00   94.00
04:06:05 AM    4    0.00    0.00    0.00    0.00    0.00    0.00    0.00    0.00    0.00  100.00
04:06:05 AM    5    0.00    0.00    0.00    0.00    0.00    0.00    0.00    0.00    0.00  100.00
04:06:05 AM    6    0.00    0.00    0.00    0.00    0.00    0.00    0.00    0.00    0.00  100.00
04:06:05 AM    7    0.00    0.00    0.00    0.00    0.00    0.00    0.00    0.00    0.00  100.00

04:06:05 AM  CPU    %usr   %nice    %sys %iowait    %irq   %soft  %steal  %guest  %gnice   %idle
04:06:06 AM  all    0.37    0.00   24.59    0.00    0.12    2.00    0.00    0.00    0.00   72.91
04:06:06 AM    0    0.99    0.00   98.02    0.00    0.99    0.00    0.00    0.00    0.00    0.00
04:06:06 AM    1    1.98    0.00   97.03    0.00    0.00    0.99    0.00    0.00    0.00    0.00
04:06:06 AM    2    0.00    0.00    0.00    0.00    0.00    8.00    0.00    0.00    0.00   92.00
04:06:06 AM    3    0.00    0.00    0.00    0.00    0.00    7.07    0.00    0.00    0.00   92.93
04:06:06 AM    4    0.00    0.00    0.00    0.00    0.00    0.00    0.00    0.00    0.00  100.00
04:06:06 AM    5    0.00    0.00    0.00    0.00    0.00    0.00    0.00    0.00    0.00  100.00
04:06:06 AM    6    0.00    0.00    0.00    0.00    0.00    0.00    0.00    0.00    0.00  100.00
04:06:06 AM    7    0.00    0.00    0.00    0.00    0.00    0.00    0.00    0.00    0.00  100.00

04:06:06 AM  CPU    %usr   %nice    %sys %iowait    %irq   %soft  %steal  %guest  %gnice   %idle
04:06:07 AM  all    0.00    0.00   24.59    0.00    0.25    2.00    0.00    0.00    0.00   73.16
04:06:07 AM    0    0.00    0.00   98.00    0.00    0.00    1.00    0.00    0.00    0.00    1.00
04:06:07 AM    1    0.00    0.00   99.00    0.00    1.00    0.00    0.00    0.00    0.00    0.00
04:06:07 AM    2    0.00    0.00    0.00    0.00    0.00    7.07    0.00    0.00    0.00   92.93
04:06:07 AM    3    0.00    0.00    0.00    0.00    0.99    6.93    0.00    0.00    0.00   92.08
04:06:07 AM    4    0.00    0.00    0.00    0.00    0.00    0.00    0.00    0.00    0.00  100.00
04:06:07 AM    5    0.00    0.00    0.00    0.00    0.00    0.99    0.00    0.00    0.00   99.01
04:06:07 AM    6    0.00    0.00    0.00    0.00    0.00    0.00    0.00    0.00    0.00  100.00
04:06:07 AM    7    0.00    0.00    0.00    0.00    0.00    0.00    0.00    0.00    0.00  100.00

04:06:07 AM  CPU    %usr   %nice    %sys %iowait    %irq   %soft  %steal  %guest  %gnice   %idle
04:06:08 AM  all    0.12    0.00   24.59    0.00    0.12    2.00    0.00    0.00    0.00   73.16
04:06:08 AM    0    1.00    0.00   98.00    0.00    0.00    1.00    0.00    0.00    0.00    0.00
04:06:08 AM    1    0.00    0.00   99.00    0.00    0.00    1.00    0.00    0.00    0.00    0.00
04:06:08 AM    2    0.00    0.00    0.00    0.00    0.99    6.93    0.00    0.00    0.00   92.08
04:06:08 AM    3    0.00    0.00    0.00    0.00    0.00    7.00    0.00    0.00    0.00   93.00
04:06:08 AM    4    0.00    0.00    0.00    0.00    0.00    0.00    0.00    0.00    0.00  100.00
04:06:08 AM    5    0.00    0.00    0.00    0.00    0.00    0.00    0.00    0.00    0.00  100.00
04:06:08 AM    6    0.00    0.00    0.00    0.00    0.00    0.00    0.00    0.00    0.00  100.00
04:06:08 AM    7    0.00    0.00    0.00    0.00    0.00    0.00    0.00    0.00    0.00  100.00

04:06:08 AM  CPU    %usr   %nice    %sys %iowait    %irq   %soft  %steal  %guest  %gnice   %idle
04:06:09 AM  all    0.25    0.00   24.25    0.00    0.12    1.88    0.00    0.00    0.00   73.50
04:06:09 AM    0    0.99    0.00   96.04    0.00    0.99    1.98    0.00    0.00    0.00    0.00
04:06:09 AM    1    0.99    0.00   96.04    0.00    0.00    1.98    0.00    0.00    0.00    0.99
04:06:09 AM    2    0.00    0.00    0.00    0.00    0.00    6.06    0.00    0.00    0.00   93.94
04:06:09 AM    3    0.00    0.00    0.00    0.00    0.00    5.05    0.00    0.00    0.00   94.95
04:06:09 AM    4    0.00    0.00    0.00    0.00    0.00    0.00    0.00    0.00    0.00  100.00
04:06:09 AM    5    0.00    0.00    0.00    0.00    0.00    0.00    0.00    0.00    0.00  100.00
04:06:09 AM    6    0.00    0.00    0.00    0.00    0.00    0.00    0.00    0.00    0.00  100.00
04:06:09 AM    7    0.00    0.00    0.00    0.00    0.00    0.00    0.00    0.00    0.00  100.00

04:06:09 AM  CPU    %usr   %nice    %sys %iowait    %irq   %soft  %steal  %guest  %gnice   %idle
04:06:10 AM  all    0.25    0.00   24.09    0.00    0.00    1.88    0.00    0.00    0.00   73.78
04:06:10 AM    0    1.01    0.00   96.97    0.00    0.00    2.02    0.00    0.00    0.00    0.00
04:06:10 AM    1    1.01    0.00   96.97    0.00    0.00    2.02    0.00    0.00    0.00    0.00
04:06:10 AM    2    0.00    0.00    0.00    0.00    0.00    5.05    0.00    0.00    0.00   94.95
04:06:10 AM    3    0.00    0.00    0.00    0.00    0.00    6.00    0.00    0.00    0.00   94.00
04:06:10 AM    4    0.00    0.00    0.00    0.00    0.00    0.00    0.00    0.00    0.00  100.00
04:06:10 AM    5    0.00    0.00    0.00    0.00    0.00    0.00    0.00    0.00    0.00  100.00
04:06:10 AM    6    0.00    0.00    0.00    0.00    0.00    0.00    0.00    0.00    0.00  100.00
04:06:10 AM    7    0.00    0.00    0.00    0.00    0.00    0.00    0.00    0.00    0.00  100.00

04:06:10 AM  CPU    %usr   %nice    %sys %iowait    %irq   %soft  %steal  %guest  %gnice   %idle
04:06:11 AM  all    0.37    0.00   24.41    0.00    0.37    1.87    0.00    0.00    0.00   72.98
04:06:11 AM    0    1.01    0.00   98.99    0.00    0.00    0.00    0.00    0.00    0.00    0.00
04:06:11 AM    1    1.98    0.00   97.03    0.00    0.99    0.00    0.00    0.00    0.00    0.00
04:06:11 AM    2    0.00    0.00    0.00    0.00    0.99    6.93    0.00    0.00    0.00   92.08
04:06:11 AM    3    0.00    0.00    0.00    0.00    0.99    6.93    0.00    0.00    0.00   92.08
04:06:11 AM    4    0.00    0.00    0.00    0.00    0.00    0.99    0.00    0.00    0.00   99.01
04:06:11 AM    5    0.00    0.00    0.00    0.00    0.00    0.00    0.00    0.00    0.00  100.00
04:06:11 AM    6    0.00    0.00    0.00    0.00    0.00    0.00    0.00    0.00    0.00  100.00
04:06:11 AM    7    0.00    0.00    0.00    0.00    0.00    0.00    0.00    0.00    0.00  100.00

04:06:11 AM  CPU    %usr   %nice    %sys %iowait    %irq   %soft  %steal  %guest  %gnice   %idle
04:06:12 AM  all    0.13    0.00   24.66    0.00    0.00    2.00    0.00    0.00    0.00   73.22
04:06:12 AM    0    0.99    0.00   98.02    0.00    0.00    0.99    0.00    0.00    0.00    0.00
04:06:12 AM    1    0.00    0.00   98.99    0.00    0.00    1.01    0.00    0.00    0.00    0.00
04:06:12 AM    2    0.00    0.00    0.00    0.00    0.00    7.00    0.00    0.00    0.00   93.00
04:06:12 AM    3    0.00    0.00    0.00    0.00    0.00    7.07    0.00    0.00    0.00   92.93
04:06:12 AM    4    0.00    0.00    0.00    0.00    0.00    0.00    0.00    0.00    0.00  100.00
04:06:12 AM    5    0.00    0.00    0.00    0.00    0.00    0.00    0.00    0.00    0.00  100.00
04:06:12 AM    6    0.00    0.00    0.00    0.00    0.00    0.00    0.00    0.00    0.00  100.00
04:06:12 AM    7    0.00    0.00    0.00    0.00    0.00    0.00    0.00    0.00    0.00  100.00

04:06:12 AM  CPU    %usr   %nice    %sys %iowait    %irq   %soft  %steal  %guest  %gnice   %idle
04:06:13 AM  all    0.38    0.00   24.47    0.00    0.13    1.76    0.00    0.00    0.00   73.27
04:06:13 AM    0    0.00    0.00   98.99    0.00    1.01    0.00    0.00    0.00    0.00    0.00
04:06:13 AM    1    3.00    0.00   97.00    0.00    0.00    0.00    0.00    0.00    0.00    0.00
04:06:13 AM    2    0.00    0.00    0.00    0.00    0.00    7.07    0.00    0.00    0.00   92.93
04:06:13 AM    3    0.00    0.00    0.00    0.00    0.00    7.07    0.00    0.00    0.00   92.93
04:06:13 AM    4    0.00    0.00    0.00    0.00    0.00    0.00    0.00    0.00    0.00  100.00
04:06:13 AM    5    0.00    0.00    0.00    0.00    0.00    0.00    0.00    0.00    0.00  100.00
04:06:13 AM    6    0.00    0.00    0.00    0.00    0.00    0.00    0.00    0.00    0.00  100.00
04:06:13 AM    7    0.00    0.00    0.00    0.00    0.00    0.00    0.00    0.00    0.00  100.00

04:06:13 AM  CPU    %usr   %nice    %sys %iowait    %irq   %soft  %steal  %guest  %gnice   %idle
04:06:14 AM  all    0.37    0.00   24.38    0.00    0.37    1.99    0.00    0.00    0.00   72.89
04:06:14 AM    0    1.98    0.00   97.03    0.00    0.00    0.99    0.00    0.00    0.00    0.00
04:06:14 AM    1    0.99    0.00   97.03    0.00    0.99    0.99    0.00    0.00    0.00    0.00
04:06:14 AM    2    0.00    0.00    0.00    0.00    0.99    6.93    0.00    0.00    0.00   92.08
04:06:14 AM    3    0.00    0.00    0.00    0.00    0.99    6.93    0.00    0.00    0.00   92.08
04:06:14 AM    4    0.00    0.00    0.00    0.00    0.00    0.00    0.00    0.00    0.00  100.00
04:06:14 AM    5    0.00    0.00    0.00    0.00    0.00    0.00    0.00    0.00    0.00  100.00
04:06:14 AM    6    0.00    0.00    0.00    0.00    0.00    0.00    0.00    0.00    0.00  100.00
04:06:14 AM    7    0.00    0.00    0.00    0.00    0.00    0.00    0.00    0.00    0.00  100.00

04:06:14 AM  CPU    %usr   %nice    %sys %iowait    %irq   %soft  %steal  %guest  %gnice   %idle
04:06:15 AM  all    0.25    0.00   24.75    0.00    0.00    1.75    0.00    0.00    0.00   73.25
04:06:15 AM    0    1.00    0.00   99.00    0.00    0.00    0.00    0.00    0.00    0.00    0.00
04:06:15 AM    1    1.00    0.00   99.00    0.00    0.00    0.00    0.00    0.00    0.00    0.00
04:06:15 AM    2    0.00    0.00    0.00    0.00    0.00    7.00    0.00    0.00    0.00   93.00
04:06:15 AM    3    0.00    0.00    0.00    0.00    0.00    7.00    0.00    0.00    0.00   93.00
04:06:15 AM    4    0.00    0.00    0.00    0.00    0.00    0.00    0.00    0.00    0.00  100.00
04:06:15 AM    5    0.00    0.00    0.00    0.00    0.00    0.00    0.00    0.00    0.00  100.00
04:06:15 AM    6    0.00    0.00    0.00    0.00    0.00    0.00    0.00    0.00    0.00  100.00
04:06:15 AM    7    0.00    0.00    0.00    0.00    0.00    0.00    0.00    0.00    0.00  100.00

04:06:15 AM  CPU    %usr   %nice    %sys %iowait    %irq   %soft  %steal  %guest  %gnice   %idle
04:06:16 AM  all    0.38    0.00   24.31    0.00    0.13    2.13    0.00    0.00    0.00   73.06
04:06:16 AM    0    1.98    0.00   96.04    0.00    0.99    0.99    0.00    0.00    0.00    0.00
04:06:16 AM    1    1.01    0.00   97.98    0.00    0.00    1.01    0.00    0.00    0.00    0.00
04:06:16 AM    2    0.00    0.00    0.00    0.00    0.00    8.08    0.00    0.00    0.00   91.92
04:06:16 AM    3    0.00    0.00    0.00    0.00    0.00    7.07    0.00    0.00    0.00   92.93
04:06:16 AM    4    0.00    0.00    0.00    0.00    0.00    0.00    0.00    0.00    0.00  100.00
04:06:16 AM    5    0.00    0.00    0.00    0.00    0.00    0.00    0.00    0.00    0.00  100.00
04:06:16 AM    6    0.00    0.00    0.00    0.00    0.00    0.00    0.00    0.00    0.00  100.00
04:06:16 AM    7    0.00    0.00    0.00    0.00    0.00    0.00    0.00    0.00    0.00  100.00

04:06:16 AM  CPU    %usr   %nice    %sys %iowait    %irq   %soft  %steal  %guest  %gnice   %idle
04:06:17 AM  all    0.25    0.00   24.62    0.00    0.12    1.75    0.00    0.00    0.00   73.25
04:06:17 AM    0    1.01    0.00   98.99    0.00    0.00    0.00    0.00    0.00    0.00    0.00
04:06:17 AM    1    1.00    0.00   99.00    0.00    0.00    0.00    0.00    0.00    0.00    0.00
04:06:17 AM    2    0.00    0.00    0.00    0.00    0.00    7.00    0.00    0.00    0.00   93.00
04:06:17 AM    3    0.00    0.00    0.00    0.00    1.00    6.00    0.00    0.00    0.00   93.00
04:06:17 AM    4    0.00    0.00    0.00    0.00    0.00    0.00    0.00    0.00    0.00  100.00
04:06:17 AM    5    0.00    0.00    0.00    0.00    0.00    0.00    0.00    0.00    0.00  100.00
04:06:17 AM    6    0.00    0.00    0.00    0.00    0.00    0.99    0.00    0.00    0.00   99.01
04:06:17 AM    7    0.00    0.00    0.00    0.00    0.00    0.00    0.00    0.00    0.00  100.00

04:06:17 AM  CPU    %usr   %nice    %sys %iowait    %irq   %soft  %steal  %guest  %gnice   %idle
04:06:18 AM  all    0.25    0.00   24.28    0.00    0.25    2.00    0.00    0.00    0.00   73.22
04:06:18 AM    0    1.01    0.00   97.98    0.00    0.00    1.01    0.00    0.00    0.00    0.00
04:06:18 AM    1    1.00    0.00   97.00    0.00    1.00    1.00    0.00    0.00    0.00    0.00
04:06:18 AM    2    0.00    0.00    0.00    0.00    1.00    7.00    0.00    0.00    0.00   92.00
04:06:18 AM    3    0.00    0.00    0.00    0.00    0.00    7.00    0.00    0.00    0.00   93.00
04:06:18 AM    4    0.00    0.00    0.00    0.00    0.00    0.00    0.00    0.00    0.00  100.00
04:06:18 AM    5    0.00    0.00    0.00    0.00    0.00    0.00    0.00    0.00    0.00  100.00
04:06:18 AM    6    0.00    0.00    0.00    0.00    0.00    0.00    0.00    0.00    0.00  100.00
04:06:18 AM    7    0.00    0.00    0.00    0.00    0.00    0.00    0.00    0.00    0.00  100.00

04:06:18 AM  CPU    %usr   %nice    %sys %iowait    %irq   %soft  %steal  %guest  %gnice   %idle
04:06:19 AM  all    0.37    0.00   24.59    0.00    0.12    1.87    0.00    0.00    0.00   73.03
04:06:19 AM    0    0.99    0.00   98.02    0.00    0.99    0.00    0.00    0.00    0.00    0.00
04:06:19 AM    1    2.00    0.00   98.00    0.00    0.00    0.00    0.00    0.00    0.00    0.00
04:06:19 AM    2    0.00    0.00    0.00    0.00    0.00    7.00    0.00    0.00    0.00   93.00
04:06:19 AM    3    0.00    0.00    0.00    0.00    0.00    8.00    0.00    0.00    0.00   92.00
04:06:19 AM    4    0.00    0.00    0.00    0.00    0.00    0.00    0.00    0.00    0.00  100.00
04:06:19 AM    5    0.00    0.00    0.00    0.00    0.00    0.00    0.00    0.00    0.00  100.00
04:06:19 AM    6    0.00    0.00    0.00    0.00    0.00    0.00    0.00    0.00    0.00  100.00
04:06:19 AM    7    0.00    0.00    0.00    0.00    0.00    0.00    0.00    0.00    0.00  100.00

04:06:19 AM  CPU    %usr   %nice    %sys %iowait    %irq   %soft  %steal  %guest  %gnice   %idle
04:06:20 AM  all    0.25    0.00   24.56    0.00    0.13    1.75    0.00    0.00    0.00   73.31
04:06:20 AM    0    1.00    0.00   98.00    0.00    0.00    1.00    0.00    0.00    0.00    0.00
04:06:20 AM    1    1.01    0.00   98.99    0.00    0.00    0.00    0.00    0.00    0.00    0.00
04:06:20 AM    2    0.00    0.00    0.00    0.00    0.00    7.07    0.00    0.00    0.00   92.93
04:06:20 AM    3    0.00    0.00    0.00    0.00    1.00    6.00    0.00    0.00    0.00   93.00
04:06:20 AM    4    0.00    0.00    0.00    0.00    0.00    0.00    0.00    0.00    0.00  100.00
04:06:20 AM    5    0.00    0.00    0.00    0.00    0.00    0.00    0.00    0.00    0.00  100.00
04:06:20 AM    6    0.00    0.00    0.00    0.00    0.00    0.00    0.00    0.00    0.00  100.00
04:06:20 AM    7    0.00    0.00    0.00    0.00    0.00    0.00    0.00    0.00    0.00  100.00

04:06:20 AM  CPU    %usr   %nice    %sys %iowait    %irq   %soft  %steal  %guest  %gnice   %idle
04:06:21 AM  all    0.25    0.00   24.53    0.00    0.25    2.12    0.00    0.00    0.00   72.85
04:06:21 AM    0    1.01    0.00   98.99    0.00    0.00    0.00    0.00    0.00    0.00    0.00
04:06:21 AM    1    0.98    0.00   97.06    0.00    0.98    0.98    0.00    0.00    0.00    0.00
04:06:21 AM    2    0.00    0.00    0.00    0.00    0.99    6.93    0.00    0.00    0.00   92.08
04:06:21 AM    3    0.00    0.00    0.00    0.00    0.00    7.07    0.00    0.00    0.00   92.93
04:06:21 AM    4    0.00    0.00    0.00    0.00    0.00    0.00    0.00    0.00    0.00  100.00
04:06:21 AM    5    0.00    0.00    0.00    0.00    0.00    0.99    0.00    0.00    0.00   99.01
04:06:21 AM    6    0.00    0.00    0.00    0.00    0.00    0.00    0.00    0.00    0.00  100.00
04:06:21 AM    7    0.00    0.00    0.00    0.00    0.00    0.99    0.00    0.00    0.00   99.01

04:06:21 AM  CPU    %usr   %nice    %sys %iowait    %irq   %soft  %steal  %guest  %gnice   %idle
04:06:22 AM  all    0.25    0.00   24.53    0.00    0.00    2.00    0.00    0.00    0.00   73.22
04:06:22 AM    0    1.00    0.00   98.00    0.00    0.00    1.00    0.00    0.00    0.00    0.00
04:06:22 AM    1    1.01    0.00   98.99    0.00    0.00    0.00    0.00    0.00    0.00    0.00
04:06:22 AM    2    0.00    0.00    0.00    0.00    0.00    7.07    0.00    0.00    0.00   92.93
04:06:22 AM    3    0.00    0.00    0.00    0.00    0.00    7.92    0.00    0.00    0.00   92.08
04:06:22 AM    4    0.00    0.00    0.00    0.00    0.00    0.00    0.00    0.00    0.00  100.00
04:06:22 AM    5    0.00    0.00    0.00    0.00    0.00    0.00    0.00    0.00    0.00  100.00
04:06:22 AM    6    0.00    0.00    0.00    0.00    0.00    0.00    0.00    0.00    0.00  100.00
04:06:22 AM    7    0.00    0.00    0.00    0.00    0.00    0.00    0.00    0.00    0.00  100.00

04:06:22 AM  CPU    %usr   %nice    %sys %iowait    %irq   %soft  %steal  %guest  %gnice   %idle
04:06:23 AM  all    0.25    0.00   24.56    0.00    0.13    2.01    0.00    0.00    0.00   73.06
04:06:23 AM    0    0.99    0.00   97.03    0.00    0.99    0.99    0.00    0.00    0.00    0.00
04:06:23 AM    1    1.00    0.00   98.00    0.00    0.00    1.00    0.00    0.00    0.00    0.00
04:06:23 AM    2    0.00    0.00    0.00    0.00    0.00    8.00    0.00    0.00    0.00   92.00
04:06:23 AM    3    0.00    0.00    0.00    0.00    0.00    6.12    0.00    0.00    0.00   93.88
04:06:23 AM    4    0.00    0.00    0.00    0.00    0.00    0.00    0.00    0.00    0.00  100.00
04:06:23 AM    5    0.00    0.00    0.00    0.00    0.00    0.00    0.00    0.00    0.00  100.00
04:06:23 AM    6    0.00    0.00    0.00    0.00    0.00    0.00    0.00    0.00    0.00  100.00
04:06:23 AM    7    0.00    0.00    0.00    0.00    0.00    0.00    0.00    0.00    0.00  100.00

04:06:23 AM  CPU    %usr   %nice    %sys %iowait    %irq   %soft  %steal  %guest  %gnice   %idle
04:06:24 AM  all    0.37    0.00   24.44    0.00    0.37    1.87    0.00    0.00    0.00   72.94
04:06:24 AM    0    1.00    0.00   99.00    0.00    0.00    0.00    0.00    0.00    0.00    0.00
04:06:24 AM    1    1.98    0.00   96.04    0.00    0.99    0.99    0.00    0.00    0.00    0.00
04:06:24 AM    2    0.00    0.00    0.00    0.00    1.00    7.00    0.00    0.00    0.00   92.00
04:06:24 AM    3    0.00    0.00    0.00    0.00    0.99    6.93    0.00    0.00    0.00   92.08
04:06:24 AM    4    0.00    0.00    0.00    0.00    0.00    0.00    0.00    0.00    0.00  100.00
04:06:24 AM    5    0.00    0.00    0.00    0.00    0.00    0.00    0.00    0.00    0.00  100.00
04:06:24 AM    6    0.00    0.00    0.00    0.00    0.00    0.00    0.00    0.00    0.00  100.00
04:06:24 AM    7    0.00    0.00    0.00    0.00    0.00    0.00    0.00    0.00    0.00  100.00

04:06:24 AM  CPU    %usr   %nice    %sys %iowait    %irq   %soft  %steal  %guest  %gnice   %idle
04:06:25 AM  all    0.25    0.00   23.93    0.00    0.00    2.76    0.00    0.00    0.00   73.06
04:06:25 AM    0    1.00    0.00   95.00    0.00    0.00    4.00    0.00    0.00    0.00    0.00
04:06:25 AM    1    1.00    0.00   96.00    0.00    0.00    3.00    0.00    0.00    0.00    0.00
04:06:25 AM    2    0.00    0.00    0.00    0.00    0.00    7.07    0.00    0.00    0.00   92.93
04:06:25 AM    3    0.00    0.00    0.00    0.00    0.00    8.00    0.00    0.00    0.00   92.00
04:06:25 AM    4    0.00    0.00    0.00    0.00    0.00    0.00    0.00    0.00    0.00  100.00
04:06:25 AM    5    0.00    0.00    0.00    0.00    0.00    0.00    0.00    0.00    0.00  100.00
04:06:25 AM    6    0.00    0.00    0.00    0.00    0.00    0.00    0.00    0.00    0.00  100.00
04:06:25 AM    7    0.00    0.00    0.00    0.00    0.00    0.00    0.00    0.00    0.00  100.00

04:06:25 AM  CPU    %usr   %nice    %sys %iowait    %irq   %soft  %steal  %guest  %gnice   %idle
04:06:26 AM  all    0.25    0.00   24.50    0.00    0.12    2.00    0.00    0.00    0.00   73.12
04:06:26 AM    0    0.99    0.00   97.03    0.00    0.99    0.00    0.00    0.00    0.00    0.99
04:06:26 AM    1    1.00    0.00   98.00    0.00    0.00    1.00    0.00    0.00    0.00    0.00
04:06:26 AM    2    0.00    0.00    0.00    0.00    0.00    7.07    0.00    0.00    0.00   92.93
04:06:26 AM    3    0.00    0.00    0.00    0.00    0.00    7.07    0.00    0.00    0.00   92.93
04:06:26 AM    4    0.00    0.00    0.00    0.00    0.00    0.99    0.00    0.00    0.00   99.01
04:06:26 AM    5    0.00    0.00    0.00    0.00    0.00    0.00    0.00    0.00    0.00  100.00
04:06:26 AM    6    0.00    0.00    0.00    0.00    0.00    0.00    0.00    0.00    0.00  100.00
04:06:26 AM    7    0.00    0.00    0.00    0.00    0.00    0.00    0.00    0.00    0.00  100.00

04:06:26 AM  CPU    %usr   %nice    %sys %iowait    %irq   %soft  %steal  %guest  %gnice   %idle
04:06:27 AM  all    0.25    0.00   24.34    0.00    0.25    2.00    0.00    0.00    0.00   73.16
04:06:27 AM    0    1.01    0.00   97.98    0.00    0.00    1.01    0.00    0.00    0.00    0.00
04:06:27 AM    1    1.01    0.00   98.99    0.00    0.00    0.00    0.00    0.00    0.00    0.00
04:06:27 AM    2    0.00    0.00    0.00    0.00    0.98    7.84    0.00    0.00    0.00   91.18
04:06:27 AM    3    0.00    0.00    0.00    0.00    0.99    6.93    0.00    0.00    0.00   92.08
04:06:27 AM    4    0.00    0.00    0.00    0.00    0.00    0.00    0.00    0.00    0.00  100.00
04:06:27 AM    5    0.00    0.00    0.00    0.00    0.00    0.00    0.00    0.00    0.00  100.00
04:06:27 AM    6    0.00    0.00    0.00    0.00    0.00    0.00    0.00    0.00    0.00  100.00
04:06:27 AM    7    0.00    0.00    0.00    0.00    0.00    0.00    0.00    0.00    0.00  100.00

04:06:27 AM  CPU    %usr   %nice    %sys %iowait    %irq   %soft  %steal  %guest  %gnice   %idle
04:06:28 AM  all    0.13    0.00   24.66    0.00    0.13    2.00    0.00    0.00    0.00   73.09
04:06:28 AM    0    0.99    0.00   98.02    0.00    0.00    0.99    0.00    0.00    0.00    0.00
04:06:28 AM    1    0.00    0.00   98.00    0.00    1.00    1.00    0.00    0.00    0.00    0.00
04:06:28 AM    2    0.00    0.00    0.00    0.00    0.00    7.07    0.00    0.00    0.00   92.93
04:06:28 AM    3    0.00    0.00    0.00    0.00    0.00    7.07    0.00    0.00    0.00   92.93
04:06:28 AM    4    0.00    0.00    0.00    0.00    0.00    0.00    0.00    0.00    0.00  100.00
04:06:28 AM    5    0.00    0.00    0.00    0.00    0.00    0.00    0.00    0.00    0.00  100.00
04:06:28 AM    6    0.00    0.00    0.00    0.00    0.00    0.00    0.00    0.00    0.00  100.00
04:06:28 AM    7    0.00    0.00    0.00    0.00    0.00    0.00    0.00    0.00    0.00  100.00

04:06:28 AM  CPU    %usr   %nice    %sys %iowait    %irq   %soft  %steal  %guest  %gnice   %idle
04:06:29 AM  all    0.25    0.00   24.59    0.00    0.12    1.87    0.00    0.00    0.00   73.16
04:06:29 AM    0    1.00    0.00   98.00    0.00    1.00    0.00    0.00    0.00    0.00    0.00
04:06:29 AM    1    0.99    0.00   98.02    0.00    0.00    0.99    0.00    0.00    0.00    0.00
04:06:29 AM    2    0.00    0.00    0.00    0.00    0.00    7.00    0.00    0.00    0.00   93.00
04:06:29 AM    3    0.00    0.00    0.00    0.00    0.00    7.00    0.00    0.00    0.00   93.00
04:06:29 AM    4    0.00    0.00    0.00    0.00    0.00    0.00    0.00    0.00    0.00  100.00
04:06:29 AM    5    0.00    0.00    0.00    0.00    0.00    0.00    0.00    0.00    0.00  100.00
04:06:29 AM    6    0.00    0.00    0.00    0.00    0.00    0.00    0.00    0.00    0.00  100.00
04:06:29 AM    7    0.00    0.00    0.00    0.00    0.00    0.00    0.00    0.00    0.00  100.00

04:06:29 AM  CPU    %usr   %nice    %sys %iowait    %irq   %soft  %steal  %guest  %gnice   %idle
04:06:30 AM  all    0.38    0.00   24.53    0.00    0.25    1.63    0.00    0.00    0.00   73.22
04:06:30 AM    0    1.00    0.00   99.00    0.00    0.00    0.00    0.00    0.00    0.00    0.00
04:06:30 AM    1    2.02    0.00   97.98    0.00    0.00    0.00    0.00    0.00    0.00    0.00
04:06:30 AM    2    0.00    0.00    0.00    0.00    1.00    7.00    0.00    0.00    0.00   92.00
04:06:30 AM    3    0.00    0.00    0.00    0.00    1.00    6.00    0.00    0.00    0.00   93.00
04:06:30 AM    4    0.00    0.00    0.00    0.00    0.00    0.00    0.00    0.00    0.00  100.00
04:06:30 AM    5    0.00    0.00    0.00    0.00    0.00    0.00    0.00    0.00    0.00  100.00
04:06:30 AM    6    0.00    0.00    0.00    0.00    0.00    0.00    0.00    0.00    0.00  100.00
04:06:30 AM    7    0.00    0.00    0.00    0.00    0.00    0.00    0.00    0.00    0.00  100.00

04:06:30 AM  CPU    %usr   %nice    %sys %iowait    %irq   %soft  %steal  %guest  %gnice   %idle
04:06:31 AM  all    0.25    0.00   24.47    0.00    0.12    2.00    0.00    0.00    0.00   73.16
04:06:31 AM    0    1.00    0.00   98.00    0.00    0.00    1.00    0.00    0.00    0.00    0.00
04:06:31 AM    1    0.99    0.00   97.03    0.00    0.99    0.99    0.00    0.00    0.00    0.00
04:06:31 AM    2    0.00    0.00    0.00    0.00    0.00    7.00    0.00    0.00    0.00   93.00
04:06:31 AM    3    0.00    0.00    0.00    0.00    0.00    7.00    0.00    0.00    0.00   93.00
04:06:31 AM    4    0.00    0.00    0.00    0.00    0.00    0.00    0.00    0.00    0.00  100.00
04:06:31 AM    5    0.00    0.00    0.00    0.00    0.00    0.00    0.00    0.00    0.00  100.00
04:06:31 AM    6    0.00    0.00    0.00    0.00    0.00    0.00    0.00    0.00    0.00  100.00
04:06:31 AM    7    0.00    0.00    0.00    0.00    0.00    0.00    0.00    0.00    0.00  100.00

04:06:31 AM  CPU    %usr   %nice    %sys %iowait    %irq   %soft  %steal  %guest  %gnice   %idle
04:06:32 AM  all    0.25    0.00   24.72    0.00    0.00    1.76    0.00    0.00    0.00   73.27
04:06:32 AM    0    1.01    0.00   98.99    0.00    0.00    0.00    0.00    0.00    0.00    0.00
04:06:32 AM    1    1.00    0.00   99.00    0.00    0.00    0.00    0.00    0.00    0.00    0.00
04:06:32 AM    2    0.00    0.00    0.00    0.00    0.00    7.07    0.00    0.00    0.00   92.93
04:06:32 AM    3    0.00    0.00    0.00    0.00    0.00    7.07    0.00    0.00    0.00   92.93
04:06:32 AM    4    0.00    0.00    0.00    0.00    0.00    0.00    0.00    0.00    0.00  100.00
04:06:32 AM    5    0.00    0.00    0.00    0.00    0.00    0.00    0.00    0.00    0.00  100.00
04:06:32 AM    6    0.00    0.00    0.00    0.00    0.00    0.00    0.00    0.00    0.00  100.00
04:06:32 AM    7    0.00    0.00    0.00    0.00    0.00    0.00    0.00    0.00    0.00  100.00

04:06:32 AM  CPU    %usr   %nice    %sys %iowait    %irq   %soft  %steal  %guest  %gnice   %idle
04:06:33 AM  all    0.12    0.00   24.44    0.00    0.37    2.24    0.00    0.00    0.00   72.82
04:06:33 AM    0    0.00    0.00   98.02    0.00    0.99    0.99    0.00    0.00    0.00    0.00
04:06:33 AM    1    1.01    0.00   97.98    0.00    0.00    1.01    0.00    0.00    0.00    0.00
04:06:33 AM    2    0.00    0.00    0.00    0.00    1.00    7.00    0.00    0.00    0.00   92.00
04:06:33 AM    3    0.00    0.00    0.00    0.00    0.99    7.92    0.00    0.00    0.00   91.09
04:06:33 AM    4    0.00    0.00    0.00    0.00    0.00    0.00    0.00    0.00    0.00  100.00
04:06:33 AM    5    0.00    0.00    0.00    0.00    0.00    0.99    0.00    0.00    0.00   99.01
04:06:33 AM    6    0.00    0.00    0.00    0.00    0.00    0.00    0.00    0.00    0.00  100.00
04:06:33 AM    7    0.00    0.00    0.00    0.00    0.00    0.00    0.00    0.00    0.00  100.00

04:06:33 AM  CPU    %usr   %nice    %sys %iowait    %irq   %soft  %steal  %guest  %gnice   %idle
04:06:34 AM  all    0.50    0.00   24.50    0.00    0.12    1.62    0.00    0.00    0.00   73.25
04:06:34 AM    0    2.00    0.00   98.00    0.00    0.00    0.00    0.00    0.00    0.00    0.00
04:06:34 AM    1    1.98    0.00   97.03    0.00    0.99    0.00    0.00    0.00    0.00    0.00
04:06:34 AM    2    0.00    0.00    0.00    0.00    0.00    7.00    0.00    0.00    0.00   93.00
04:06:34 AM    3    0.00    0.00    0.00    0.00    0.00    6.06    0.00    0.00    0.00   93.94
04:06:34 AM    4    0.00    0.00    0.00    0.00    0.00    0.00    0.00    0.00    0.00  100.00
04:06:34 AM    5    0.00    0.00    0.00    0.00    0.00    0.00    0.00    0.00    0.00  100.00
04:06:34 AM    6    0.00    0.00    0.00    0.00    0.00    0.00    0.00    0.00    0.00  100.00
04:06:34 AM    7    0.00    0.00    0.00    0.00    0.00    0.00    0.00    0.00    0.00  100.00

04:06:34 AM  CPU    %usr   %nice    %sys %iowait    %irq   %soft  %steal  %guest  %gnice   %idle
04:06:35 AM  all    0.25    0.00   24.50    0.00    0.00    2.12    0.00    0.00    0.00   73.12
04:06:35 AM    0    1.00    0.00   98.00    0.00    0.00    1.00    0.00    0.00    0.00    0.00
04:06:35 AM    1    1.00    0.00   98.00    0.00    0.00    1.00    0.00    0.00    0.00    0.00
04:06:35 AM    2    0.00    0.00    0.00    0.00    0.00    8.00    0.00    0.00    0.00   92.00
04:06:35 AM    3    0.00    0.00    0.00    0.00    0.00    7.00    0.00    0.00    0.00   93.00
04:06:35 AM    4    0.00    0.00    0.00    0.00    0.00    0.00    0.00    0.00    0.00  100.00
04:06:35 AM    5    0.00    0.00    0.00    0.00    0.00    0.00    0.00    0.00    0.00  100.00
04:06:35 AM    6    0.00    0.00    0.00    0.00    0.00    0.00    0.00    0.00    0.00  100.00
04:06:35 AM    7    0.00    0.00    0.00    0.00    0.00    0.00    0.00    0.00    0.00  100.00

04:06:35 AM  CPU    %usr   %nice    %sys %iowait    %irq   %soft  %steal  %guest  %gnice   %idle
04:06:36 AM  all    0.38    0.00   24.28    0.00    0.38    1.88    0.00    0.00    0.00   73.09
04:06:36 AM    0    1.01    0.00   97.98    0.00    1.01    0.00    0.00    0.00    0.00    0.00
04:06:36 AM    1    2.00    0.00   97.00    0.00    0.00    1.00    0.00    0.00    0.00    0.00
04:06:36 AM    2    0.00    0.00    0.00    0.00    1.00    7.00    0.00    0.00    0.00   92.00
04:06:36 AM    3    0.00    0.00    0.00    0.00    1.00    7.00    0.00    0.00    0.00   92.00
04:06:36 AM    4    0.00    0.00    0.00    0.00    0.00    0.00    0.00    0.00    0.00  100.00
04:06:36 AM    5    0.00    0.00    0.00    0.00    0.00    0.00    0.00    0.00    0.00  100.00
04:06:36 AM    6    0.00    0.00    0.00    0.00    0.00    0.00    0.00    0.00    0.00  100.00
04:06:36 AM    7    0.00    0.00    0.00    0.00    0.00    0.00    0.00    0.00    0.00  100.00

04:06:36 AM  CPU    %usr   %nice    %sys %iowait    %irq   %soft  %steal  %guest  %gnice   %idle
04:06:37 AM  all    0.25    0.00   24.50    0.00    0.00    1.88    0.00    0.00    0.00   73.38
04:06:37 AM    0    1.00    0.00   98.00    0.00    0.00    1.00    0.00    0.00    0.00    0.00
04:06:37 AM    1    1.00    0.00   98.00    0.00    0.00    0.00    0.00    0.00    0.00    1.00
04:06:37 AM    2    0.00    0.00    0.00    0.00    0.00    7.00    0.00    0.00    0.00   93.00
04:06:37 AM    3    0.00    0.00    0.00    0.00    0.00    7.00    0.00    0.00    0.00   93.00
04:06:37 AM    4    0.00    0.00    0.00    0.00    0.00    0.00    0.00    0.00    0.00  100.00
04:06:37 AM    5    0.00    0.00    0.00    0.00    0.00    0.00    0.00    0.00    0.00  100.00
04:06:37 AM    6    0.00    0.00    0.00    0.00    0.00    0.00    0.00    0.00    0.00  100.00
04:06:37 AM    7    0.00    0.00    0.00    0.00    0.00    0.00    0.00    0.00    0.00  100.00

04:06:37 AM  CPU    %usr   %nice    %sys %iowait    %irq   %soft  %steal  %guest  %gnice   %idle
04:06:38 AM  all    0.25    0.00   24.78    0.00    0.13    1.63    0.00    0.00    0.00   73.22
04:06:38 AM    0    1.00    0.00   99.00    0.00    0.00    0.00    0.00    0.00    0.00    0.00
04:06:38 AM    1    0.99    0.00   98.02    0.00    0.99    0.00    0.00    0.00    0.00    0.00
04:06:38 AM    2    0.00    0.00    0.00    0.00    0.00    6.06    0.00    0.00    0.00   93.94
04:06:38 AM    3    0.00    0.00    0.00    0.00    0.00    7.07    0.00    0.00    0.00   92.93
04:06:38 AM    4    0.00    0.00    0.00    0.00    0.00    0.00    0.00    0.00    0.00  100.00
04:06:38 AM    5    0.00    0.00    0.00    0.00    0.00    0.00    0.00    0.00    0.00  100.00
04:06:38 AM    6    0.00    0.00    0.00    0.00    0.00    0.00    0.00    0.00    0.00  100.00
04:06:38 AM    7    0.00    0.00    0.00    0.00    0.00    0.00    0.00    0.00    0.00  100.00

04:06:38 AM  CPU    %usr   %nice    %sys %iowait    %irq   %soft  %steal  %guest  %gnice   %idle
04:06:39 AM  all    0.25    0.00   24.47    0.00    0.25    2.12    0.00    0.00    0.00   72.91
04:06:39 AM    0    1.98    0.00   96.04    0.00    0.99    0.99    0.00    0.00    0.00    0.00
04:06:39 AM    1    0.00    0.00   99.00    0.00    0.00    1.00    0.00    0.00    0.00    0.00
04:06:39 AM    2    0.00    0.00    0.00    0.00    0.00    8.00    0.00    0.00    0.00   92.00
04:06:39 AM    3    0.00    0.00    0.00    0.00    0.99    6.93    0.00    0.00    0.00   92.08
04:06:39 AM    4    0.00    0.00    0.00    0.00    0.00    0.00    0.00    0.00    0.00  100.00
04:06:39 AM    5    0.00    0.00    0.00    0.00    0.00    0.00    0.00    0.00    0.00  100.00
04:06:39 AM    6    0.00    0.00    0.00    0.00    0.00    0.00    0.00    0.00    0.00  100.00
04:06:39 AM    7    0.00    0.00    0.00    0.00    0.00    0.00    0.00    0.00    0.00  100.00

04:06:39 AM  CPU    %usr   %nice    %sys %iowait    %irq   %soft  %steal  %guest  %gnice   %idle
04:06:40 AM  all    0.25    0.00   24.47    0.00    0.13    1.88    0.00    0.00    0.00   73.27
04:06:40 AM    0    1.00    0.00   98.00    0.00    0.00    1.00    0.00    0.00    0.00    0.00
04:06:40 AM    1    1.02    0.00   98.98    0.00    0.00    0.00    0.00    0.00    0.00    0.00
04:06:40 AM    2    0.00    0.00    0.00    0.00    1.00    7.00    0.00    0.00    0.00   92.00
04:06:40 AM    3    0.00    0.00    0.00    0.00    0.00    7.07    0.00    0.00    0.00   92.93
04:06:40 AM    4    0.00    0.00    0.00    0.00    0.00    0.00    0.00    0.00    0.00  100.00
04:06:40 AM    5    0.00    0.00    0.00    0.00    0.00    0.00    0.00    0.00    0.00  100.00
04:06:40 AM    6    0.00    0.00    0.00    0.00    0.00    0.00    0.00    0.00    0.00  100.00
04:06:40 AM    7    0.00    0.00    0.00    0.00    0.00    0.00    0.00    0.00    0.00  100.00

04:06:40 AM  CPU    %usr   %nice    %sys %iowait    %irq   %soft  %steal  %guest  %gnice   %idle
04:06:41 AM  all    0.50    0.00   24.31    0.00    0.12    2.00    0.00    0.00    0.00   73.07
04:06:41 AM    0    2.02    0.00   97.98    0.00    0.00    0.00    0.00    0.00    0.00    0.00
04:06:41 AM    1    1.96    0.00   96.08    0.00    0.98    0.98    0.00    0.00    0.00    0.00
04:06:41 AM    2    0.00    0.00    0.00    0.00    0.00    7.00    0.00    0.00    0.00   93.00
04:06:41 AM    3    0.00    0.00    0.00    0.00    0.00    7.00    0.00    0.00    0.00   93.00
04:06:41 AM    4    0.00    0.00    0.00    0.00    0.00    0.99    0.00    0.00    0.00   99.01
04:06:41 AM    5    0.00    0.00    0.00    0.00    0.00    0.00    0.00    0.00    0.00  100.00
04:06:41 AM    6    0.00    0.00    0.00    0.00    0.00    0.00    0.00    0.00    0.00  100.00
04:06:41 AM    7    0.00    0.00    0.00    0.00    0.00    0.00    0.00    0.00    0.00  100.00

04:06:41 AM  CPU    %usr   %nice    %sys %iowait    %irq   %soft  %steal  %guest  %gnice   %idle
04:06:42 AM  all    0.25    0.00   24.53    0.00    0.13    2.00    0.00    0.00    0.00   73.09
04:06:42 AM    0    1.01    0.00   98.99    0.00    0.00    0.00    0.00    0.00    0.00    0.00
04:06:42 AM    1    1.00    0.00   98.00    0.00    0.00    1.00    0.00    0.00    0.00    0.00
04:06:42 AM    2    0.00    0.00    0.00    0.00    0.00    8.00    0.00    0.00    0.00   92.00
04:06:42 AM    3    0.00    0.00    0.00    0.00    1.00    7.00    0.00    0.00    0.00   92.00
04:06:42 AM    4    0.00    0.00    0.00    0.00    0.00    0.00    0.00    0.00    0.00  100.00
04:06:42 AM    5    0.00    0.00    0.00    0.00    0.00    0.00    0.00    0.00    0.00  100.00
04:06:42 AM    6    0.00    0.00    0.00    0.00    0.00    0.00    0.00    0.00    0.00  100.00
04:06:42 AM    7    0.00    0.00    0.00    0.00    0.00    0.00    0.00    0.00    0.00  100.00

04:06:42 AM  CPU    %usr   %nice    %sys %iowait    %irq   %soft  %steal  %guest  %gnice   %idle
04:06:43 AM  all    0.37    0.00   24.47    0.00    0.25    1.99    0.00    0.00    0.00   72.92
04:06:43 AM    0    1.94    0.00   96.12    0.00    0.97    0.97    0.00    0.00    0.00    0.00
04:06:43 AM    1    1.00    0.00   98.00    0.00    0.00    1.00    0.00    0.00    0.00    0.00
04:06:43 AM    2    0.00    0.00    0.00    0.00    1.00    7.00    0.00    0.00    0.00   92.00
04:06:43 AM    3    0.00    0.00    0.00    0.00    0.00    7.00    0.00    0.00    0.00   93.00
04:06:43 AM    4    0.00    0.00    0.00    0.00    0.00    0.00    0.00    0.00    0.00  100.00
04:06:43 AM    5    0.00    0.00    0.00    0.00    0.00    0.00    0.00    0.00    0.00  100.00
04:06:43 AM    6    0.00    0.00    0.00    0.00    0.00    0.00    0.00    0.00    0.00  100.00
04:06:43 AM    7    0.00    0.00    0.00    0.00    0.00    0.00    0.00    0.00    0.00  100.00

04:06:43 AM  CPU    %usr   %nice    %sys %iowait    %irq   %soft  %steal  %guest  %gnice   %idle
04:06:44 AM  all    0.13    0.00   24.41    0.00    0.13    2.00    0.00    0.00    0.00   73.34
04:06:44 AM    0    1.00    0.00   97.00    0.00    0.00    1.00    0.00    0.00    0.00    1.00
04:06:44 AM    1    0.00    0.00   98.00    0.00    1.00    1.00    0.00    0.00    0.00    0.00
04:06:44 AM    2    0.00    0.00    0.00    0.00    0.00    7.07    0.00    0.00    0.00   92.93
04:06:44 AM    3    0.00    0.00    0.00    0.00    0.00    7.00    0.00    0.00    0.00   93.00
04:06:44 AM    4    0.00    0.00    0.00    0.00    0.00    0.00    0.00    0.00    0.00  100.00
04:06:44 AM    5    0.00    0.00    0.00    0.00    0.00    0.00    0.00    0.00    0.00  100.00
04:06:44 AM    6    0.00    0.00    0.00    0.00    0.00    0.00    0.00    0.00    0.00  100.00
04:06:44 AM    7    0.00    0.00    0.00    0.00    0.00    0.00    0.00    0.00    0.00  100.00

04:06:44 AM  CPU    %usr   %nice    %sys %iowait    %irq   %soft  %steal  %guest  %gnice   %idle
04:06:45 AM  all    0.37    0.00   24.34    0.00    0.00    2.25    0.00    0.00    0.00   73.03
04:06:45 AM    0    1.00    0.00   98.00    0.00    0.00    1.00    0.00    0.00    0.00    0.00
04:06:45 AM    1    2.00    0.00   97.00    0.00    0.00    1.00    0.00    0.00    0.00    0.00
04:06:45 AM    2    0.00    0.00    0.00    0.00    0.00    7.00    0.00    0.00    0.00   93.00
04:06:45 AM    3    0.00    0.00    0.00    0.00    0.00    8.00    0.00    0.00    0.00   92.00
04:06:45 AM    4    0.00    0.00    0.00    0.00    0.00    0.00    0.00    0.00    0.00  100.00
04:06:45 AM    5    0.00    0.00    0.00    0.00    0.00    0.99    0.00    0.00    0.00   99.01
04:06:45 AM    6    0.00    0.00    0.00    0.00    0.00    0.00    0.00    0.00    0.00  100.00
04:06:45 AM    7    0.00    0.00    0.00    0.00    0.00    0.00    0.00    0.00    0.00  100.00

04:06:45 AM  CPU    %usr   %nice    %sys %iowait    %irq   %soft  %steal  %guest  %gnice   %idle
04:06:46 AM  all    0.25    0.00   24.50    0.00    0.38    1.88    0.00    0.00    0.00   73.00
04:06:46 AM    0    2.00    0.00   97.00    0.00    1.00    0.00    0.00    0.00    0.00    0.00
04:06:46 AM    1    0.00    0.00  100.00    0.00    0.00    0.00    0.00    0.00    0.00    0.00
04:06:46 AM    2    0.00    0.00    0.00    0.00    0.99    7.92    0.00    0.00    0.00   91.09
04:06:46 AM    3    0.00    0.00    0.00    0.00    1.00    7.00    0.00    0.00    0.00   92.00
04:06:46 AM    4    0.00    0.00    0.00    0.00    0.00    0.00    0.00    0.00    0.00  100.00
04:06:46 AM    5    0.00    0.00    0.00    0.00    0.00    0.00    0.00    0.00    0.00  100.00
04:06:46 AM    6    0.00    0.00    0.00    0.00    0.00    0.00    0.00    0.00    0.00  100.00
04:06:46 AM    7    0.00    0.00    0.00    0.00    0.00    0.00    0.00    0.00    0.00  100.00

04:06:46 AM  CPU    %usr   %nice    %sys %iowait    %irq   %soft  %steal  %guest  %gnice   %idle
04:06:47 AM  all    0.38    0.00   24.50    0.00    0.00    2.00    0.00    0.00    0.00   73.12
04:06:47 AM    0    1.00    0.00   98.00    0.00    0.00    1.00    0.00    0.00    0.00    0.00
04:06:47 AM    1    1.98    0.00   97.03    0.00    0.00    0.99    0.00    0.00    0.00    0.00
04:06:47 AM    2    0.00    0.00    0.00    0.00    0.00    7.00    0.00    0.00    0.00   93.00
04:06:47 AM    3    0.00    0.00    0.00    0.00    0.00    7.00    0.00    0.00    0.00   93.00
04:06:47 AM    4    0.00    0.00    0.00    0.00    0.00    0.00    0.00    0.00    0.00  100.00
04:06:47 AM    5    0.00    0.00    0.00    0.00    0.00    0.00    0.00    0.00    0.00  100.00
04:06:47 AM    6    0.00    0.00    0.00    0.00    0.00    0.00    0.00    0.00    0.00  100.00
04:06:47 AM    7    0.00    0.00    0.00    0.00    0.00    0.00    0.00    0.00    0.00  100.00

04:06:47 AM  CPU    %usr   %nice    %sys %iowait    %irq   %soft  %steal  %guest  %gnice   %idle
04:06:48 AM  all    0.13    0.00   24.72    0.00    0.13    1.63    0.00    0.00    0.00   73.40
04:06:48 AM    0    1.01    0.00   98.99    0.00    0.00    0.00    0.00    0.00    0.00    0.00
04:06:48 AM    1    0.00    0.00   99.00    0.00    1.00    0.00    0.00    0.00    0.00    0.00
04:06:48 AM    2    0.00    0.00    0.00    0.00    0.00    7.07    0.00    0.00    0.00   92.93
04:06:48 AM    3    0.00    0.00    0.00    0.00    0.00    6.06    0.00    0.00    0.00   93.94
04:06:48 AM    4    0.00    0.00    0.00    0.00    0.00    0.00    0.00    0.00    0.00  100.00
04:06:48 AM    5    0.00    0.00    0.00    0.00    0.00    0.00    0.00    0.00    0.00  100.00
04:06:48 AM    6    0.00    0.00    0.00    0.00    0.00    0.00    0.00    0.00    0.00  100.00
04:06:48 AM    7    0.00    0.00    0.00    0.00    0.00    0.00    0.00    0.00    0.00  100.00

04:06:48 AM  CPU    %usr   %nice    %sys %iowait    %irq   %soft  %steal  %guest  %gnice   %idle
04:06:49 AM  all    0.38    0.00   24.38    0.00    0.38    2.00    0.00    0.00    0.00   72.88
04:06:49 AM    0    0.99    0.00   97.03    0.00    0.99    0.99    0.00    0.00    0.00    0.00
04:06:49 AM    1    2.02    0.00   97.98    0.00    0.00    0.00    0.00    0.00    0.00    0.00
04:06:49 AM    2    0.00    0.00    0.00    0.00    1.00    7.00    0.00    0.00    0.00   92.00
04:06:49 AM    3    0.00    0.00    0.00    0.00    1.00    8.00    0.00    0.00    0.00   91.00
04:06:49 AM    4    0.00    0.00    0.00    0.00    0.00    0.00    0.00    0.00    0.00  100.00
04:06:49 AM    5    0.00    0.00    0.00    0.00    0.00    0.00    0.00    0.00    0.00  100.00
04:06:49 AM    6    0.00    0.00    0.00    0.00    0.00    0.00    0.00    0.00    0.00  100.00
04:06:49 AM    7    0.00    0.00    0.00    0.00    0.00    0.00    0.00    0.00    0.00  100.00

04:06:49 AM  CPU    %usr   %nice    %sys %iowait    %irq   %soft  %steal  %guest  %gnice   %idle
04:06:50 AM  all    0.25    0.00   24.62    0.00    0.00    1.88    0.00    0.00    0.00   73.25
04:06:50 AM    0    1.01    0.00   98.99    0.00    0.00    0.00    0.00    0.00    0.00    0.00
04:06:50 AM    1    0.99    0.00   98.02    0.00    0.00    0.99    0.00    0.00    0.00    0.00
04:06:50 AM    2    0.00    0.00    0.00    0.00    0.00    7.00    0.00    0.00    0.00   93.00
04:06:50 AM    3    0.00    0.00    0.00    0.00    0.00    7.00    0.00    0.00    0.00   93.00
04:06:50 AM    4    0.00    0.00    0.00    0.00    0.00    0.00    0.00    0.00    0.00  100.00
04:06:50 AM    5    0.00    0.00    0.00    0.00    0.00    0.00    0.00    0.00    0.00  100.00
04:06:50 AM    6    0.00    0.00    0.00    0.00    0.00    0.00    0.00    0.00    0.00  100.00
04:06:50 AM    7    0.00    0.00    0.00    0.00    0.00    0.00    0.00    0.00    0.00  100.00

04:06:50 AM  CPU    %usr   %nice    %sys %iowait    %irq   %soft  %steal  %guest  %gnice   %idle
04:06:51 AM  all    0.25    0.00   24.53    0.00    0.13    2.00    0.00    0.00    0.00   73.09
04:06:51 AM    0    0.99    0.00   98.02    0.00    0.00    0.99    0.00    0.00    0.00    0.00
04:06:51 AM    1    1.01    0.00   97.98    0.00    1.01    0.00    0.00    0.00    0.00    0.00
04:06:51 AM    2    0.00    0.00    0.00    0.00    0.00    7.07    0.00    0.00    0.00   92.93
04:06:51 AM    3    0.00    0.00    0.00    0.00    0.00    7.00    0.00    0.00    0.00   93.00
04:06:51 AM    4    0.00    0.00    0.00    0.00    0.00    1.00    0.00    0.00    0.00   99.00
04:06:51 AM    5    0.00    0.00    0.00    0.00    0.00    0.00    0.00    0.00    0.00  100.00
04:06:51 AM    6    0.00    0.00    0.00    0.00    0.00    0.00    0.00    0.00    0.00  100.00
04:06:51 AM    7    0.00    0.00    0.00    0.00    0.00    0.00    0.00    0.00    0.00  100.00

04:06:51 AM  CPU    %usr   %nice    %sys %iowait    %irq   %soft  %steal  %guest  %gnice   %idle
04:06:52 AM  all    0.37    0.00   24.47    0.00    0.25    1.87    0.00    0.00    0.00   73.03
04:06:52 AM    0    1.01    0.00   98.99    0.00    0.00    0.00    0.00    0.00    0.00    0.00
04:06:52 AM    1    1.98    0.00   97.03    0.00    0.00    0.99    0.00    0.00    0.00    0.00
04:06:52 AM    2    0.00    0.00    0.00    0.00    0.99    6.93    0.00    0.00    0.00   92.08
04:06:52 AM    3    0.00    0.00    0.00    0.00    1.00    7.00    0.00    0.00    0.00   92.00
04:06:52 AM    4    0.00    0.00    0.00    0.00    0.00    0.00    0.00    0.00    0.00  100.00
04:06:52 AM    5    0.00    0.00    0.00    0.00    0.00    0.00    0.00    0.00    0.00  100.00
04:06:52 AM    6    0.00    0.00    0.00    0.00    0.00    0.00    0.00    0.00    0.00  100.00
04:06:52 AM    7    0.00    0.00    0.00    0.00    0.00    0.00    0.00    0.00    0.00  100.00

04:06:52 AM  CPU    %usr   %nice    %sys %iowait    %irq   %soft  %steal  %guest  %gnice   %idle
04:06:53 AM  all    0.50    0.00   24.25    0.00    0.12    2.00    0.00    0.00    0.00   73.12
04:06:53 AM    0    1.98    0.00   96.04    0.00    0.99    0.99    0.00    0.00    0.00    0.00
04:06:53 AM    1    2.00    0.00   97.00    0.00    0.00    0.00    0.00    0.00    0.00    1.00
04:06:53 AM    2    0.00    0.00    0.00    0.00    0.00    7.07    0.00    0.00    0.00   92.93
04:06:53 AM    3    0.00    0.00    0.00    0.00    0.00    8.00    0.00    0.00    0.00   92.00
04:06:53 AM    4    0.00    0.00    0.00    0.00    0.00    0.00    0.00    0.00    0.00  100.00
04:06:53 AM    5    0.00    0.00    0.00    0.00    0.00    0.00    0.00    0.00    0.00  100.00
04:06:53 AM    6    0.00    0.00    0.00    0.00    0.00    0.00    0.00    0.00    0.00  100.00
04:06:53 AM    7    0.00    0.00    0.00    0.00    0.00    0.00    0.00    0.00    0.00  100.00

04:06:53 AM  CPU    %usr   %nice    %sys %iowait    %irq   %soft  %steal  %guest  %gnice   %idle
04:06:54 AM  all    0.25    0.00   24.50    0.00    0.12    2.00    0.00    0.00    0.00   73.12
04:06:54 AM    0    0.00    0.00   99.00    0.00    0.00    1.00    0.00    0.00    0.00    0.00
04:06:54 AM    1    1.98    0.00   96.04    0.00    0.99    0.99    0.00    0.00    0.00    0.00
04:06:54 AM    2    0.00    0.00    0.00    0.00    0.00    7.00    0.00    0.00    0.00   93.00
04:06:54 AM    3    0.00    0.00    0.00    0.00    0.00    7.07    0.00    0.00    0.00   92.93
04:06:54 AM    4    0.00    0.00    0.00    0.00    0.00    0.00    0.00    0.00    0.00  100.00
04:06:54 AM    5    0.00    0.00    0.00    0.00    0.00    0.00    0.00    0.00    0.00  100.00
04:06:54 AM    6    0.00    0.00    0.00    0.00    0.00    0.00    0.00    0.00    0.00  100.00
04:06:54 AM    7    0.00    0.00    0.00    0.00    0.00    0.00    0.00    0.00    0.00  100.00

04:06:54 AM  CPU    %usr   %nice    %sys %iowait    %irq   %soft  %steal  %guest  %gnice   %idle
04:06:55 AM  all    0.12    0.00   24.50    0.00    0.25    2.00    0.00    0.00    0.00   73.12
04:06:55 AM    0    1.01    0.00   98.99    0.00    0.00    0.00    0.00    0.00    0.00    0.00
04:06:55 AM    1    0.00    0.00   98.99    0.00    0.00    1.01    0.00    0.00    0.00    0.00
04:06:55 AM    2    0.00    0.00    0.00    0.00    1.00    7.00    0.00    0.00    0.00   92.00
04:06:55 AM    3    0.00    0.00    0.00    0.00    1.00    6.00    0.00    0.00    0.00   93.00
04:06:55 AM    4    0.00    0.00    0.00    0.00    0.00    0.00    0.00    0.00    0.00  100.00
04:06:55 AM    5    0.00    0.00    0.00    0.00    0.00    0.99    0.00    0.00    0.00   99.01
04:06:55 AM    6    0.00    0.00    0.00    0.00    0.00    0.00    0.00    0.00    0.00  100.00
04:06:55 AM    7    0.00    0.00    0.00    0.00    0.00    0.99    0.00    0.00    0.00   99.01

04:06:55 AM  CPU    %usr   %nice    %sys %iowait    %irq   %soft  %steal  %guest  %gnice   %idle
04:06:56 AM  all    0.37    0.00   24.34    0.00    0.12    2.25    0.00    0.00    0.00   72.91
04:06:56 AM    0    0.99    0.00   97.03    0.00    0.99    0.99    0.00    0.00    0.00    0.00
04:06:56 AM    1    2.00    0.00   97.00    0.00    0.00    1.00    0.00    0.00    0.00    0.00
04:06:56 AM    2    0.00    0.00    0.00    0.00    0.00    7.07    0.00    0.00    0.00   92.93
04:06:56 AM    3    0.00    0.00    0.00    0.00    0.00    8.91    0.00    0.00    0.00   91.09
04:06:56 AM    4    0.00    0.00    0.00    0.00    0.00    0.00    0.00    0.00    0.00  100.00
04:06:56 AM    5    0.00    0.00    0.00    0.00    0.00    0.00    0.00    0.00    0.00  100.00
04:06:56 AM    6    0.00    0.00    0.00    0.00    0.00    0.00    0.00    0.00    0.00  100.00
04:06:56 AM    7    0.00    0.00    0.00    0.00    0.00    0.00    0.00    0.00    0.00  100.00

04:06:56 AM  CPU    %usr   %nice    %sys %iowait    %irq   %soft  %steal  %guest  %gnice   %idle
04:06:57 AM  all    0.25    0.00   24.47    0.00    0.00    1.88    0.00    0.00    0.00   73.40
04:06:57 AM    0    1.00    0.00   98.00    0.00    0.00    1.00    0.00    0.00    0.00    0.00
04:06:57 AM    1    1.01    0.00   97.98    0.00    0.00    1.01    0.00    0.00    0.00    0.00
04:06:57 AM    2    0.00    0.00    0.00    0.00    0.00    7.00    0.00    0.00    0.00   93.00
04:06:57 AM    3    0.00    0.00    0.00    0.00    0.00    6.12    0.00    0.00    0.00   93.88
04:06:57 AM    4    0.00    0.00    0.00    0.00    0.00    0.00    0.00    0.00    0.00  100.00
04:06:57 AM    5    0.00    0.00    0.00    0.00    0.00    0.00    0.00    0.00    0.00  100.00
04:06:57 AM    6    0.00    0.00    0.00    0.00    0.00    0.00    0.00    0.00    0.00  100.00
04:06:57 AM    7    0.00    0.00    0.00    0.00    0.00    0.00    0.00    0.00    0.00  100.00

04:06:57 AM  CPU    %usr   %nice    %sys %iowait    %irq   %soft  %steal  %guest  %gnice   %idle
04:06:58 AM  all    0.25    0.00   24.56    0.00    0.25    2.00    0.00    0.00    0.00   72.94
04:06:58 AM    0    1.00    0.00   98.00    0.00    0.00    1.00    0.00    0.00    0.00    0.00
04:06:58 AM    1    0.99    0.00   98.02    0.00    0.99    0.00    0.00    0.00    0.00    0.00
04:06:58 AM    2    0.00    0.00    0.00    0.00    0.00    8.00    0.00    0.00    0.00   92.00
04:06:58 AM    3    0.00    0.00    0.00    0.00    0.99    6.93    0.00    0.00    0.00   92.08
04:06:58 AM    4    0.00    0.00    0.00    0.00    0.00    0.00    0.00    0.00    0.00  100.00
04:06:58 AM    5    0.00    0.00    0.00    0.00    0.00    0.00    0.00    0.00    0.00  100.00
04:06:58 AM    6    0.00    0.00    0.00    0.00    0.00    0.00    0.00    0.00    0.00  100.00
04:06:58 AM    7    0.00    0.00    0.00    0.00    0.00    0.00    0.00    0.00    0.00  100.00

04:06:58 AM  CPU    %usr   %nice    %sys %iowait    %irq   %soft  %steal  %guest  %gnice   %idle
04:06:59 AM  all    0.25    0.00   24.50    0.00    0.25    1.75    0.00    0.00    0.00   73.25
04:06:59 AM    0    1.00    0.00   98.00    0.00    1.00    0.00    0.00    0.00    0.00    0.00
04:06:59 AM    1    1.01    0.00   98.99    0.00    0.00    0.00    0.00    0.00    0.00    0.00
04:06:59 AM    2    0.00    0.00    0.00    0.00    0.99    6.93    0.00    0.00    0.00   92.08
04:06:59 AM    3    0.00    0.00    0.00    0.00    0.00    7.00    0.00    0.00    0.00   93.00
04:06:59 AM    4    0.00    0.00    0.00    0.00    0.00    0.00    0.00    0.00    0.00  100.00
04:06:59 AM    5    0.00    0.00    0.00    0.00    0.00    0.00    0.00    0.00    0.00  100.00
04:06:59 AM    6    0.00    0.00    0.00    0.00    0.00    0.00    0.00    0.00    0.00  100.00
04:06:59 AM    7    0.00    0.00    0.00    0.00    0.00    0.00    0.00    0.00    0.00  100.00

04:06:59 AM  CPU    %usr   %nice    %sys %iowait    %irq   %soft  %steal  %guest  %gnice   %idle
04:07:00 AM  all    0.25    0.00   24.62    0.00    0.00    1.88    0.00    0.00    0.00   73.25
04:07:00 AM    0    0.00    0.00   98.02    0.00    0.00    0.99    0.00    0.00    0.00    0.99
04:07:00 AM    1    1.98    0.00   97.03    0.00    0.00    0.99    0.00    0.00    0.00    0.00
04:07:00 AM    2    0.00    0.00    0.00    0.00    0.00    6.06    0.00    0.00    0.00   93.94
04:07:00 AM    3    0.00    0.00    0.00    0.00    0.00    7.07    0.00    0.00    0.00   92.93
04:07:00 AM    4    0.00    0.00    0.00    0.00    0.00    0.00    0.00    0.00    0.00  100.00
04:07:00 AM    5    0.00    0.00    0.00    0.00    0.00    0.00    0.00    0.00    0.00  100.00
04:07:00 AM    6    0.00    0.00    0.00    0.00    0.00    0.00    0.00    0.00    0.00  100.00
04:07:00 AM    7    0.00    0.00    0.00    0.00    0.00    0.00    0.00    0.00    0.00  100.00

04:07:00 AM  CPU    %usr   %nice    %sys %iowait    %irq   %soft  %steal  %guest  %gnice   %idle
04:07:01 AM  all    0.25    0.00   24.69    0.00    0.25    1.75    0.00    0.00    0.00   73.06
04:07:01 AM    0    2.00    0.00   98.00    0.00    0.00    0.00    0.00    0.00    0.00    0.00
04:07:01 AM    1    0.00    0.00   99.00    0.00    1.00    0.00    0.00    0.00    0.00    0.00
04:07:01 AM    2    0.00    0.00    0.00    0.00    0.00    7.07    0.00    0.00    0.00   92.93
04:07:01 AM    3    0.00    0.00    0.00    0.00    1.00    7.00    0.00    0.00    0.00   92.00
04:07:01 AM    4    0.00    0.00    0.00    0.00    0.00    0.00    0.00    0.00    0.00  100.00
04:07:01 AM    5    0.00    0.00    0.00    0.00    0.00    0.00    0.00    0.00    0.00  100.00
04:07:01 AM    6    0.00    0.00    0.00    0.00    0.00    0.00    0.00    0.00    0.00  100.00
04:07:01 AM    7    0.00    0.00    0.00    0.00    0.00    0.00    0.00    0.00    0.00  100.00

04:07:01 AM  CPU    %usr   %nice    %sys %iowait    %irq   %soft  %steal  %guest  %gnice   %idle
04:07:02 AM  all    0.25    0.00   24.47    0.00    0.12    2.00    0.00    0.00    0.00   73.16
04:07:02 AM    0    0.00    0.00   98.99    0.00    0.00    1.01    0.00    0.00    0.00    0.00
04:07:02 AM    1    1.98    0.00   97.03    0.00    0.00    0.99    0.00    0.00    0.00    0.00
04:07:02 AM    2    0.00    0.00    0.00    0.00    0.99    6.93    0.00    0.00    0.00   92.08
04:07:02 AM    3    0.00    0.00    0.00    0.00    0.00    7.00    0.00    0.00    0.00   93.00
04:07:02 AM    4    0.00    0.00    0.00    0.00    0.00    0.00    0.00    0.00    0.00  100.00
04:07:02 AM    5    0.00    0.00    0.00    0.00    0.00    0.00    0.00    0.00    0.00  100.00
04:07:02 AM    6    0.00    0.00    0.00    0.00    0.00    0.00    0.00    0.00    0.00  100.00
04:07:02 AM    7    0.00    0.00    0.00    0.00    0.00    0.00    0.00    0.00    0.00  100.00

04:07:02 AM  CPU    %usr   %nice    %sys %iowait    %irq   %soft  %steal  %guest  %gnice   %idle
04:07:03 AM  all    0.38    0.00   24.41    0.00    0.13    2.00    0.00    0.00    0.00   73.09
04:07:03 AM    0    1.96    0.00   96.08    0.00    0.98    0.98    0.00    0.00    0.00    0.00
04:07:03 AM    1    1.02    0.00   98.98    0.00    0.00    0.00    0.00    0.00    0.00    0.00
04:07:03 AM    2    0.00    0.00    0.00    0.00    0.00    7.00    0.00    0.00    0.00   93.00
04:07:03 AM    3    0.00    0.00    0.00    0.00    0.00    8.08    0.00    0.00    0.00   91.92
04:07:03 AM    4    0.00    0.00    0.00    0.00    0.00    0.00    0.00    0.00    0.00  100.00
04:07:03 AM    5    0.00    0.00    0.00    0.00    0.00    0.00    0.00    0.00    0.00  100.00
04:07:03 AM    6    0.00    0.00    0.00    0.00    0.00    0.00    0.00    0.00    0.00  100.00
04:07:03 AM    7    0.00    0.00    0.00    0.00    0.00    0.00    0.00    0.00    0.00  100.00

04:07:03 AM  CPU    %usr   %nice    %sys %iowait    %irq   %soft  %steal  %guest  %gnice   %idle
04:07:04 AM  all    0.37    0.00   24.47    0.00    0.12    2.00    0.00    0.00    0.00   73.03
04:07:04 AM    0    1.01    0.00   98.99    0.00    0.00    0.00    0.00    0.00    0.00    0.00
04:07:04 AM    1    1.96    0.00   96.08    0.00    0.98    0.98    0.00    0.00    0.00    0.00
04:07:04 AM    2    0.00    0.00    0.00    0.00    0.00    7.07    0.00    0.00    0.00   92.93
04:07:04 AM    3    0.00    0.00    0.00    0.00    0.00    7.00    0.00    0.00    0.00   93.00
04:07:04 AM    4    0.00    0.00    0.00    0.00    0.00    0.99    0.00    0.00    0.00   99.01
04:07:04 AM    5    0.00    0.00    0.00    0.00    0.00    0.00    0.00    0.00    0.00  100.00
04:07:04 AM    6    0.00    0.00    0.00    0.00    0.00    0.00    0.00    0.00    0.00  100.00
04:07:04 AM    7    0.00    0.00    0.00    0.00    0.00    0.00    0.00    0.00    0.00  100.00

04:07:04 AM  CPU    %usr   %nice    %sys %iowait    %irq   %soft  %steal  %guest  %gnice   %idle
04:07:05 AM  all    0.13    0.00   24.53    0.00    0.25    1.88    0.00    0.00    0.00   73.22
04:07:05 AM    0    1.01    0.00   98.99    0.00    0.00    0.00    0.00    0.00    0.00    0.00
04:07:05 AM    1    0.00    0.00   98.00    0.00    0.00    1.00    0.00    0.00    0.00    1.00
04:07:05 AM    2    0.00    0.00    0.00    0.00    1.00    7.00    0.00    0.00    0.00   92.00
04:07:05 AM    3    0.00    0.00    0.00    0.00    1.00    7.00    0.00    0.00    0.00   92.00
04:07:05 AM    4    0.00    0.00    0.00    0.00    0.00    0.00    0.00    0.00    0.00  100.00
04:07:05 AM    5    0.00    0.00    0.00    0.00    0.00    0.00    0.00    0.00    0.00  100.00
04:07:05 AM    6    0.00    0.00    0.00    0.00    0.00    0.00    0.00    0.00    0.00  100.00
04:07:05 AM    7    0.00    0.00    0.00    0.00    0.00    0.00    0.00    0.00    0.00  100.00

04:07:05 AM  CPU    %usr   %nice    %sys %iowait    %irq   %soft  %steal  %guest  %gnice   %idle
04:07:06 AM  all    0.25    0.00   24.59    0.00    0.12    2.00    0.00    0.00    0.00   73.03
04:07:06 AM    0    0.99    0.00   97.03    0.00    0.99    0.99    0.00    0.00    0.00    0.00
04:07:06 AM    1    1.00    0.00   99.00    0.00    0.00    0.00    0.00    0.00    0.00    0.00
04:07:06 AM    2    0.00    0.00    0.00    0.00    0.00    8.00    0.00    0.00    0.00   92.00
04:07:06 AM    3    0.00    0.00    0.00    0.00    0.00    7.00    0.00    0.00    0.00   93.00
04:07:06 AM    4    0.00    0.00    0.00    0.00    0.00    0.00    0.00    0.00    0.00  100.00
04:07:06 AM    5    0.00    0.00    0.00    0.00    0.00    0.00    0.00    0.00    0.00  100.00
04:07:06 AM    6    0.00    0.00    0.00    0.00    0.00    0.00    0.00    0.00    0.00  100.00
04:07:06 AM    7    0.00    0.00    0.00    0.00    0.00    0.00    0.00    0.00    0.00  100.00

04:07:06 AM  CPU    %usr   %nice    %sys %iowait    %irq   %soft  %steal  %guest  %gnice   %idle
04:07:07 AM  all    0.25    0.00   24.59    0.00    0.00    1.76    0.00    0.00    0.00   73.40
04:07:07 AM    0    1.01    0.00   98.99    0.00    0.00    0.00    0.00    0.00    0.00    0.00
04:07:07 AM    1    1.01    0.00   98.99    0.00    0.00    0.00    0.00    0.00    0.00    0.00
04:07:07 AM    2    0.00    0.00    0.00    0.00    0.00    7.07    0.00    0.00    0.00   92.93
04:07:07 AM    3    0.00    0.00    0.00    0.00    0.00    7.00    0.00    0.00    0.00   93.00
04:07:07 AM    4    0.00    0.00    0.00    0.00    0.00    0.00    0.00    0.00    0.00  100.00
04:07:07 AM    5    0.00    0.00    0.00    0.00    0.00    0.00    0.00    0.00    0.00  100.00
04:07:07 AM    6    0.00    0.00    0.00    0.00    0.00    0.00    0.00    0.00    0.00  100.00
04:07:07 AM    7    0.00    0.00    0.00    0.00    0.00    0.00    0.00    0.00    0.00  100.00

04:07:07 AM  CPU    %usr   %nice    %sys %iowait    %irq   %soft  %steal  %guest  %gnice   %idle
04:07:08 AM  all    0.25    0.00   24.47    0.00    0.37    2.00    0.00    0.00    0.00   72.91
04:07:08 AM    0    1.00    0.00   98.00    0.00    0.00    1.00    0.00    0.00    0.00    0.00
04:07:08 AM    1    0.99    0.00   97.03    0.00    0.99    0.99    0.00    0.00    0.00    0.00
04:07:08 AM    2    0.00    0.00    0.00    0.00    0.99    6.93    0.00    0.00    0.00   92.08
04:07:08 AM    3    0.00    0.00    0.00    0.00    1.00    7.00    0.00    0.00    0.00   92.00
04:07:08 AM    4    0.00    0.00    0.00    0.00    0.00    0.00    0.00    0.00    0.00  100.00
04:07:08 AM    5    0.00    0.00    0.00    0.00    0.00    0.00    0.00    0.00    0.00  100.00
04:07:08 AM    6    0.00    0.00    0.00    0.00    0.00    0.00    0.00    0.00    0.00  100.00
04:07:08 AM    7    0.00    0.00    0.00    0.00    0.00    0.00    0.00    0.00    0.00  100.00

04:07:08 AM  CPU    %usr   %nice    %sys %iowait    %irq   %soft  %steal  %guest  %gnice   %idle
04:07:09 AM  all    0.25    0.00   24.44    0.00    0.13    2.01    0.00    0.00    0.00   73.18
04:07:09 AM    0    0.00    0.00   97.03    0.00    0.99    1.98    0.00    0.00    0.00    0.00
04:07:09 AM    1    2.02    0.00   97.98    0.00    0.00    0.00    0.00    0.00    0.00    0.00
04:07:09 AM    2    0.00    0.00    0.00    0.00    0.00    7.07    0.00    0.00    0.00   92.93
04:07:09 AM    3    0.00    0.00    0.00    0.00    0.00    7.07    0.00    0.00    0.00   92.93
04:07:09 AM    4    0.00    0.00    0.00    0.00    0.00    0.00    0.00    0.00    0.00  100.00
04:07:09 AM    5    0.00    0.00    0.00    0.00    0.00    0.00    0.00    0.00    0.00  100.00
04:07:09 AM    6    0.00    0.00    0.00    0.00    0.00    0.00    0.00    0.00    0.00  100.00
04:07:09 AM    7    0.00    0.00    0.00    0.00    0.00    0.00    0.00    0.00    0.00  100.00

04:07:09 AM  CPU    %usr   %nice    %sys %iowait    %irq   %soft  %steal  %guest  %gnice   %idle
04:07:10 AM  all    0.25    0.00   24.53    0.00    0.00    1.88    0.00    0.00    0.00   73.34
04:07:10 AM    0    1.01    0.00   98.99    0.00    0.00    0.00    0.00    0.00    0.00    0.00
04:07:10 AM    1    1.00    0.00   98.00    0.00    0.00    1.00    0.00    0.00    0.00    0.00
04:07:10 AM    2    0.00    0.00    0.00    0.00    0.00    7.00    0.00    0.00    0.00   93.00
04:07:10 AM    3    0.00    0.00    0.00    0.00    0.00    7.00    0.00    0.00    0.00   93.00
04:07:10 AM    4    0.00    0.00    0.00    0.00    0.00    0.00    0.00    0.00    0.00  100.00
04:07:10 AM    5    0.00    0.00    0.00    0.00    0.00    0.00    0.00    0.00    0.00  100.00
04:07:10 AM    6    0.00    0.00    0.00    0.00    0.00    0.00    0.00    0.00    0.00  100.00
04:07:10 AM    7    0.00    0.00    0.00    0.00    0.00    0.00    0.00    0.00    0.00  100.00

04:07:10 AM  CPU    %usr   %nice    %sys %iowait    %irq   %soft  %steal  %guest  %gnice   %idle
04:07:11 AM  all    0.25    0.00   24.38    0.00    0.37    2.24    0.00    0.00    0.00   72.76
04:07:11 AM    0    0.99    0.00   98.02    0.00    0.00    0.99    0.00    0.00    0.00    0.00
04:07:11 AM    1    1.00    0.00   97.00    0.00    1.00    1.00    0.00    0.00    0.00    0.00
04:07:11 AM    2    0.00    0.00    0.00    0.00    0.99    6.93    0.00    0.00    0.00   92.08
04:07:11 AM    3    0.00    0.00    0.00    0.00    0.99    7.92    0.00    0.00    0.00   91.09
04:07:11 AM    4    0.00    0.00    0.00    0.00    0.00    0.00    0.00    0.00    0.00  100.00
04:07:11 AM    5    0.00    0.00    0.00    0.00    0.00    0.99    0.00    0.00    0.00   99.01
04:07:11 AM    6    0.00    0.00    0.00    0.00    0.00    0.00    0.00    0.00    0.00  100.00
04:07:11 AM    7    0.00    0.00    0.00    0.00    0.00    0.00    0.00    0.00    0.00  100.00

04:07:11 AM  CPU    %usr   %nice    %sys %iowait    %irq   %soft  %steal  %guest  %gnice   %idle
04:07:12 AM  all    0.25    0.00   24.50    0.00    0.00    1.88    0.00    0.00    0.00   73.37
04:07:12 AM    0    1.02    0.00   98.98    0.00    0.00    0.00    0.00    0.00    0.00    0.00
04:07:12 AM    1    1.00    0.00   98.00    0.00    0.00    1.00    0.00    0.00    0.00    0.00
04:07:12 AM    2    0.00    0.00    0.00    0.00    0.00    6.12    0.00    0.00    0.00   93.88
04:07:12 AM    3    0.00    0.00    0.00    0.00    0.00    7.07    0.00    0.00    0.00   92.93
04:07:12 AM    4    0.00    0.00    0.00    0.00    0.00    0.00    0.00    0.00    0.00  100.00
04:07:12 AM    5    0.00    0.00    0.00    0.00    0.00    0.00    0.00    0.00    0.00  100.00
04:07:12 AM    6    0.00    0.00    0.00    0.00    0.00    0.99    0.00    0.00    0.00   99.01
04:07:12 AM    7    0.00    0.00    0.00    0.00    0.00    0.00    0.00    0.00    0.00  100.00

04:07:12 AM  CPU    %usr   %nice    %sys %iowait    %irq   %soft  %steal  %guest  %gnice   %idle
04:07:13 AM  all    0.37    0.00   24.53    0.00    0.25    1.87    0.00    0.00    0.00   72.98
04:07:13 AM    0    1.96    0.00   96.08    0.00    0.98    0.98    0.00    0.00    0.00    0.00
04:07:13 AM    1    1.00    0.00   99.00    0.00    0.00    0.00    0.00    0.00    0.00    0.00
04:07:13 AM    2    0.00    0.00    0.00    0.00    0.00    7.00    0.00    0.00    0.00   93.00
04:07:13 AM    3    0.00    0.00    0.00    0.00    0.00    7.00    0.00    0.00    0.00   93.00
04:07:13 AM    4    0.00    0.00    0.00    0.00    0.00    0.00    0.00    0.00    0.00  100.00
04:07:13 AM    5    0.00    0.00    0.00    0.00    0.99    0.00    0.00    0.00    0.00   99.01
04:07:13 AM    6    0.00    0.00    0.00    0.00    0.00    0.00    0.00    0.00    0.00  100.00
04:07:13 AM    7    0.00    0.00    0.00    0.00    0.00    0.00    0.00    0.00    0.00  100.00

04:07:13 AM  CPU    %usr   %nice    %sys %iowait    %irq   %soft  %steal  %guest  %gnice   %idle
04:07:14 AM  all    0.25    0.00   24.47    0.00    0.25    2.12    0.00    0.00    0.00   72.91
04:07:14 AM    0    1.00    0.00   98.00    0.00    0.00    1.00    0.00    0.00    0.00    0.00
04:07:14 AM    1    1.00    0.00   98.00    0.00    0.00    1.00    0.00    0.00    0.00    0.00
04:07:14 AM    2    0.00    0.00    0.00    0.00    0.99    7.92    0.00    0.00    0.00   91.09
04:07:14 AM    3    0.00    0.00    0.00    0.00    1.00    7.00    0.00    0.00    0.00   92.00
04:07:14 AM    4    0.00    0.00    0.00    0.00    0.00    0.00    0.00    0.00    0.00  100.00
04:07:14 AM    5    0.00    0.00    0.00    0.00    0.00    0.00    0.00    0.00    0.00  100.00
04:07:14 AM    6    0.00    0.00    0.00    0.00    0.00    0.00    0.00    0.00    0.00  100.00
04:07:14 AM    7    0.00    0.00    0.00    0.00    0.00    0.00    0.00    0.00    0.00  100.00

04:07:14 AM  CPU    %usr   %nice    %sys %iowait    %irq   %soft  %steal  %guest  %gnice   %idle
04:07:15 AM  all    0.13    0.00   24.72    0.00    0.13    1.51    0.00    0.00    0.00   73.53
04:07:15 AM    0    0.00    0.00  100.00    0.00    0.00    0.00    0.00    0.00    0.00    0.00
04:07:15 AM    1    1.00    0.00   98.00    0.00    1.00    0.00    0.00    0.00    0.00    0.00
04:07:15 AM    2    0.00    0.00    0.00    0.00    0.00    6.06    0.00    0.00    0.00   93.94
04:07:15 AM    3    0.00    0.00    0.00    0.00    0.00    6.06    0.00    0.00    0.00   93.94
04:07:15 AM    4    0.00    0.00    0.00    0.00    0.00    0.00    0.00    0.00    0.00  100.00
04:07:15 AM    5    0.00    0.00    0.00    0.00    0.00    0.00    0.00    0.00    0.00  100.00
04:07:15 AM    6    0.00    0.00    0.00    0.00    0.00    0.00    0.00    0.00    0.00  100.00
04:07:15 AM    7    0.00    0.00    0.00    0.00    0.00    0.00    0.00    0.00    0.00  100.00

04:07:15 AM  CPU    %usr   %nice    %sys %iowait    %irq   %soft  %steal  %guest  %gnice   %idle
04:07:16 AM  all    0.38    0.00   24.25    0.00    0.12    2.00    0.00    0.00    0.00   73.25
04:07:16 AM    0    2.00    0.00   97.00    0.00    1.00    0.00    0.00    0.00    0.00    0.00
04:07:16 AM    1    1.01    0.00   97.98    0.00    0.00    1.01    0.00    0.00    0.00    0.00
04:07:16 AM    2    0.00    0.00    0.00    0.00    0.00    7.00    0.00    0.00    0.00   93.00
04:07:16 AM    3    0.00    0.00    0.00    0.00    0.00    7.92    0.00    0.00    0.00   92.08
04:07:16 AM    4    0.00    0.00    0.00    0.00    0.00    0.00    0.00    0.00    0.00  100.00
04:07:16 AM    5    0.00    0.00    0.00    0.00    0.00    0.00    0.00    0.00    0.00  100.00
04:07:16 AM    6    0.00    0.00    0.00    0.00    0.00    0.00    0.00    0.00    0.00  100.00
04:07:16 AM    7    0.00    0.00    0.00    0.00    0.00    0.00    0.00    0.00    0.00  100.00

04:07:16 AM  CPU    %usr   %nice    %sys %iowait    %irq   %soft  %steal  %guest  %gnice   %idle
04:07:17 AM  all    0.38    0.00   24.50    0.00    0.25    1.88    0.00    0.00    0.00   73.00
04:07:17 AM    0    1.98    0.00   97.03    0.00    0.00    0.99    0.00    0.00    0.00    0.00
04:07:17 AM    1    1.00    0.00   98.00    0.00    0.00    1.00    0.00    0.00    0.00    0.00
04:07:17 AM    2    0.00    0.00    0.00    0.00    1.00    7.00    0.00    0.00    0.00   92.00
04:07:17 AM    3    0.00    0.00    0.00    0.00    1.01    6.06    0.00    0.00    0.00   92.93
04:07:17 AM    4    0.00    0.00    0.00    0.00    0.00    0.00    0.00    0.00    0.00  100.00
04:07:17 AM    5    0.00    0.00    0.00    0.00    0.00    0.00    0.00    0.00    0.00  100.00
04:07:17 AM    6    0.00    0.00    0.00    0.00    0.00    0.00    0.00    0.00    0.00  100.00
04:07:17 AM    7    0.00    0.00    0.00    0.00    0.00    0.00    0.00    0.00    0.00  100.00

04:07:17 AM  CPU    %usr   %nice    %sys %iowait    %irq   %soft  %steal  %guest  %gnice   %idle
04:07:18 AM  all    0.12    0.00   24.62    0.00    0.12    1.88    0.00    0.00    0.00   73.25
04:07:18 AM    0    0.00    0.00  100.00    0.00    0.00    0.00    0.00    0.00    0.00    0.00
04:07:18 AM    1    0.99    0.00   98.02    0.00    0.99    0.00    0.00    0.00    0.00    0.00
04:07:18 AM    2    0.00    0.00    0.00    0.00    0.00    7.00    0.00    0.00    0.00   93.00
04:07:18 AM    3    0.00    0.00    0.00    0.00    0.00    7.92    0.00    0.00    0.00   92.08
04:07:18 AM    4    0.00    0.00    0.00    0.00    0.00    0.00    0.00    0.00    0.00  100.00
04:07:18 AM    5    0.00    0.00    0.00    0.00    0.00    0.00    0.00    0.00    0.00  100.00
04:07:18 AM    6    0.00    0.00    0.00    0.00    0.00    0.00    0.00    0.00    0.00  100.00
04:07:18 AM    7    0.00    0.00    0.00    0.00    0.00    0.00    0.00    0.00    0.00  100.00

04:07:18 AM  CPU    %usr   %nice    %sys %iowait    %irq   %soft  %steal  %guest  %gnice   %idle
04:07:19 AM  all    0.25    0.00   24.69    0.00    0.12    1.87    0.00    0.00    0.00   73.07
04:07:19 AM    0    0.98    0.00   97.06    0.00    0.98    0.98    0.00    0.00    0.00    0.00
04:07:19 AM    1    1.00    0.00   99.00    0.00    0.00    0.00    0.00    0.00    0.00    0.00
04:07:19 AM    2    0.00    0.00    0.00    0.00    0.00    6.06    0.00    0.00    0.00   93.94
04:07:19 AM    3    0.00    0.00    0.00    0.00    0.00    7.07    0.00    0.00    0.00   92.93
04:07:19 AM    4    0.00    0.00    0.00    0.00    0.00    0.99    0.00    0.00    0.00   99.01
04:07:19 AM    5    0.00    0.00    0.00    0.00    0.00    0.00    0.00    0.00    0.00  100.00
04:07:19 AM    6    0.00    0.00    0.00    0.00    0.00    0.00    0.00    0.00    0.00  100.00
04:07:19 AM    7    0.00    0.00    0.00    0.00    0.00    0.00    0.00    0.00    0.00  100.00

04:07:19 AM  CPU    %usr   %nice    %sys %iowait    %irq   %soft  %steal  %guest  %gnice   %idle
04:07:20 AM  all    0.50    0.00   24.38    0.00    0.25    1.75    0.00    0.00    0.00   73.12
04:07:20 AM    0    2.00    0.00   98.00    0.00    0.00    0.00    0.00    0.00    0.00    0.00
04:07:20 AM    1    2.00    0.00   97.00    0.00    0.00    1.00    0.00    0.00    0.00    0.00
04:07:20 AM    2    0.00    0.00    0.00    0.00    0.99    6.93    0.00    0.00    0.00   92.08
04:07:20 AM    3    0.00    0.00    0.00    0.00    1.00    6.00    0.00    0.00    0.00   93.00
04:07:20 AM    4    0.00    0.00    0.00    0.00    0.00    0.00    0.00    0.00    0.00  100.00
04:07:20 AM    5    0.00    0.00    0.00    0.00    0.00    0.00    0.00    0.00    0.00  100.00
04:07:20 AM    6    0.00    0.00    0.00    0.00    0.00    0.00    0.00    0.00    0.00  100.00
04:07:20 AM    7    0.00    0.00    0.00    0.00    0.00    0.00    0.00    0.00    0.00  100.00

04:07:20 AM  CPU    %usr   %nice    %sys %iowait    %irq   %soft  %steal  %guest  %gnice   %idle
04:07:21 AM  all    0.00    0.00   24.69    0.00    0.13    2.01    0.00    0.00    0.00   73.18
04:07:21 AM    0    0.00    0.00   98.99    0.00    0.00    1.01    0.00    0.00    0.00    0.00
04:07:21 AM    1    0.00    0.00   99.00    0.00    1.00    0.00    0.00    0.00    0.00    0.00
04:07:21 AM    2    0.00    0.00    0.00    0.00    0.00    7.07    0.00    0.00    0.00   92.93
04:07:21 AM    3    0.00    0.00    0.00    0.00    0.00    8.00    0.00    0.00    0.00   92.00
04:07:21 AM    4    0.00    0.00    0.00    0.00    0.00    0.00    0.00    0.00    0.00  100.00
04:07:21 AM    5    0.00    0.00    0.00    0.00    0.00    0.00    0.00    0.00    0.00  100.00
04:07:21 AM    6    0.00    0.00    0.00    0.00    0.00    0.00    0.00    0.00    0.00  100.00
04:07:21 AM    7    0.00    0.00    0.00    0.00    0.00    0.00    0.00    0.00    0.00  100.00

04:07:21 AM  CPU    %usr   %nice    %sys %iowait    %irq   %soft  %steal  %guest  %gnice   %idle
04:07:22 AM  all    0.37    0.00   24.47    0.00    0.00    1.87    0.00    0.00    0.00   73.28
04:07:22 AM    0    1.00    0.00   99.00    0.00    0.00    0.00    0.00    0.00    0.00    0.00
04:07:22 AM    1    2.00    0.00   97.00    0.00    0.00    1.00    0.00    0.00    0.00    0.00
04:07:22 AM    2    0.00    0.00    0.00    0.00    0.00    7.00    0.00    0.00    0.00   93.00
04:07:22 AM    3    0.00    0.00    0.00    0.00    0.00    7.00    0.00    0.00    0.00   93.00
04:07:22 AM    4    0.00    0.00    0.00    0.00    0.00    0.00    0.00    0.00    0.00  100.00
04:07:22 AM    5    0.00    0.00    0.00    0.00    0.00    0.00    0.00    0.00    0.00  100.00
04:07:22 AM    6    0.00    0.00    0.00    0.00    0.00    0.00    0.00    0.00    0.00  100.00
04:07:22 AM    7    0.00    0.00    0.00    0.00    0.00    0.00    0.00    0.00    0.00  100.00

04:07:22 AM  CPU    %usr   %nice    %sys %iowait    %irq   %soft  %steal  %guest  %gnice   %idle
04:07:23 AM  all    0.38    0.00   24.38    0.00    0.25    1.75    0.00    0.00    0.00   73.25
04:07:23 AM    0    1.96    0.00   95.10    0.00    0.98    0.98    0.00    0.00    0.00    0.98
04:07:23 AM    1    1.00    0.00   98.00    0.00    0.00    1.00    0.00    0.00    0.00    0.00
04:07:23 AM    2    0.00    0.00    0.00    0.00    0.00    6.06    0.00    0.00    0.00   93.94
04:07:23 AM    3    0.00    0.00    0.00    0.00    1.01    6.06    0.00    0.00    0.00   92.93
04:07:23 AM    4    0.00    0.00    0.00    0.00    0.00    0.00    0.00    0.00    0.00  100.00
04:07:23 AM    5    0.00    0.00    0.00    0.00    0.00    0.00    0.00    0.00    0.00  100.00
04:07:23 AM    6    0.00    0.00    0.00    0.00    0.00    0.00    0.00    0.00    0.00  100.00
04:07:23 AM    7    0.00    0.00    0.00    0.00    0.00    0.00    0.00    0.00    0.00  100.00

04:07:23 AM  CPU    %usr   %nice    %sys %iowait    %irq   %soft  %steal  %guest  %gnice   %idle
04:07:24 AM  all    0.12    0.00   24.75    0.00    0.12    1.88    0.00    0.00    0.00   73.12
04:07:24 AM    0    0.00    0.00  100.00    0.00    0.00    0.00    0.00    0.00    0.00    0.00
04:07:24 AM    1    1.00    0.00   99.00    0.00    0.00    0.00    0.00    0.00    0.00    0.00
04:07:24 AM    2    0.00    0.00    0.00    0.00    0.99    6.93    0.00    0.00    0.00   92.08
04:07:24 AM    3    0.00    0.00    0.00    0.00    0.00    7.92    0.00    0.00    0.00   92.08
04:07:24 AM    4    0.00    0.00    0.00    0.00    0.00    0.00    0.00    0.00    0.00  100.00
04:07:24 AM    5    0.00    0.00    0.00    0.00    0.00    0.00    0.00    0.00    0.00  100.00
04:07:24 AM    6    0.00    0.00    0.00    0.00    0.00    0.00    0.00    0.00    0.00  100.00
04:07:24 AM    7    0.00    0.00    0.00    0.00    0.00    0.00    0.00    0.00    0.00  100.00

04:07:24 AM  CPU    %usr   %nice    %sys %iowait    %irq   %soft  %steal  %guest  %gnice   %idle
04:07:25 AM  all    0.38    0.00   24.50    0.00    0.12    1.88    0.00    0.00    0.00   73.12
04:07:25 AM    0    2.00    0.00   98.00    0.00    0.00    0.00    0.00    0.00    0.00    0.00
04:07:25 AM    1    1.00    0.00   98.00    0.00    1.00    0.00    0.00    0.00    0.00    0.00
04:07:25 AM    2    0.00    0.00    0.00    0.00    0.00    7.00    0.00    0.00    0.00   93.00
04:07:25 AM    3    0.00    0.00    0.00    0.00    0.00    7.07    0.00    0.00    0.00   92.93
04:07:25 AM    4    0.00    0.00    0.00    0.00    0.00    0.00    0.00    0.00    0.00  100.00
04:07:25 AM    5    0.00    0.00    0.00    0.00    0.00    0.99    0.00    0.00    0.00   99.01
04:07:25 AM    6    0.00    0.00    0.00    0.00    0.00    0.00    0.00    0.00    0.00  100.00
04:07:25 AM    7    0.00    0.00    0.00    0.00    0.00    0.00    0.00    0.00    0.00  100.00

04:07:25 AM  CPU    %usr   %nice    %sys %iowait    %irq   %soft  %steal  %guest  %gnice   %idle
04:07:26 AM  all    0.25    0.00   23.57    0.00    0.25    2.87    0.00    0.00    0.00   73.07
04:07:26 AM    0    1.00    0.00   94.00    0.00    1.00    4.00    0.00    0.00    0.00    0.00
04:07:26 AM    1    0.98    0.00   93.14    0.00    0.00    4.90    0.00    0.00    0.00    0.98
04:07:26 AM    2    0.00    0.00    0.00    0.00    0.00    7.07    0.00    0.00    0.00   92.93
04:07:26 AM    3    0.00    0.00    0.00    0.00    0.99    6.93    0.00    0.00    0.00   92.08
04:07:26 AM    4    0.00    0.00    0.00    0.00    0.00    0.00    0.00    0.00    0.00  100.00
04:07:26 AM    5    0.00    0.00    0.00    0.00    0.00    0.00    0.00    0.00    0.00  100.00
04:07:26 AM    6    0.00    0.00    0.00    0.00    0.00    0.00    0.00    0.00    0.00  100.00
04:07:26 AM    7    0.00    0.00    0.00    0.00    0.00    0.00    0.00    0.00    0.00  100.00

04:07:26 AM  CPU    %usr   %nice    %sys %iowait    %irq   %soft  %steal  %guest  %gnice   %idle
04:07:27 AM  all    0.13    0.00   24.53    0.00    0.13    1.88    0.00    0.00    0.00   73.34
04:07:27 AM    0    1.00    0.00   98.00    0.00    0.00    1.00    0.00    0.00    0.00    0.00
04:07:27 AM    1    0.00    0.00  100.00    0.00    0.00    0.00    0.00    0.00    0.00    0.00
04:07:27 AM    2    0.00    0.00    0.00    0.00    0.99    6.93    0.00    0.00    0.00   92.08
04:07:27 AM    3    0.00    0.00    0.00    0.00    0.00    7.07    0.00    0.00    0.00   92.93
04:07:27 AM    4    0.00    0.00    0.00    0.00    0.00    0.00    0.00    0.00    0.00  100.00
04:07:27 AM    5    0.00    0.00    0.00    0.00    0.00    0.00    0.00    0.00    0.00  100.00
04:07:27 AM    6    0.00    0.00    0.00    0.00    0.00    0.00    0.00    0.00    0.00  100.00
04:07:27 AM    7    0.00    0.00    0.00    0.00    0.00    0.00    0.00    0.00    0.00  100.00

04:07:27 AM  CPU    %usr   %nice    %sys %iowait    %irq   %soft  %steal  %guest  %gnice   %idle
04:07:28 AM  all    0.38    0.00   24.53    0.00    0.25    1.88    0.00    0.00    0.00   72.97
04:07:28 AM    0    1.00    0.00   98.00    0.00    0.00    1.00    0.00    0.00    0.00    0.00
04:07:28 AM    1    1.96    0.00   96.08    0.00    0.98    0.98    0.00    0.00    0.00    0.00
04:07:28 AM    2    0.00    0.00    0.00    0.00    0.00    7.07    0.00    0.00    0.00   92.93
04:07:28 AM    3    0.00    0.00    0.00    0.00    0.00    6.06    0.00    0.00    0.00   93.94
04:07:28 AM    4    0.00    0.00    0.00    0.00    1.00    0.00    0.00    0.00    0.00   99.00
04:07:28 AM    5    0.00    0.00    0.00    0.00    0.00    0.00    0.00    0.00    0.00  100.00
04:07:28 AM    6    0.00    0.00    0.00    0.00    0.00    0.00    0.00    0.00    0.00  100.00
04:07:28 AM    7    0.00    0.00    0.00    0.00    0.00    0.00    0.00    0.00    0.00  100.00

04:07:28 AM  CPU    %usr   %nice    %sys %iowait    %irq   %soft  %steal  %guest  %gnice   %idle
04:07:29 AM  all    0.38    0.00   24.38    0.00    0.12    2.00    0.00    0.00    0.00   73.12
04:07:29 AM    0    1.00    0.00   98.00    0.00    1.00    0.00    0.00    0.00    0.00    0.00
04:07:29 AM    1    2.00    0.00   97.00    0.00    0.00    1.00    0.00    0.00    0.00    0.00
04:07:29 AM    2    0.00    0.00    0.00    0.00    0.00    7.00    0.00    0.00    0.00   93.00
04:07:29 AM    3    0.00    0.00    0.00    0.00    0.00    8.00    0.00    0.00    0.00   92.00
04:07:29 AM    4    0.00    0.00    0.00    0.00    0.00    0.00    0.00    0.00    0.00  100.00
04:07:29 AM    5    0.00    0.00    0.00    0.00    0.00    0.00    0.00    0.00    0.00  100.00
04:07:29 AM    6    0.00    0.00    0.00    0.00    0.00    0.00    0.00    0.00    0.00  100.00
04:07:29 AM    7    0.00    0.00    0.00    0.00    0.00    0.00    0.00    0.00    0.00  100.00

04:07:29 AM  CPU    %usr   %nice    %sys %iowait    %irq   %soft  %steal  %guest  %gnice   %idle
04:07:30 AM  all    0.37    0.00   24.41    0.00    0.25    1.87    0.00    0.00    0.00   73.10
04:07:30 AM    0    1.98    0.00   97.03    0.00    0.00    0.99    0.00    0.00    0.00    0.00
04:07:30 AM    1    1.01    0.00   98.99    0.00    0.00    0.00    0.00    0.00    0.00    0.00
04:07:30 AM    2    0.00    0.00    0.00    0.00    0.99    6.93    0.00    0.00    0.00   92.08
04:07:30 AM    3    0.00    0.00    0.00    0.00    0.99    6.93    0.00    0.00    0.00   92.08
04:07:30 AM    4    0.00    0.00    0.00    0.00    0.00    0.00    0.00    0.00    0.00  100.00
04:07:30 AM    5    0.00    0.00    0.00    0.00    0.00    0.00    0.00    0.00    0.00  100.00
04:07:30 AM    6    0.00    0.00    0.00    0.00    0.00    0.00    0.00    0.00    0.00  100.00
04:07:30 AM    7    0.00    0.00    0.00    0.00    0.00    0.00    0.00    0.00    0.00  100.00

04:07:30 AM  CPU    %usr   %nice    %sys %iowait    %irq   %soft  %steal  %guest  %gnice   %idle
04:07:31 AM  all    0.25    0.00   24.72    0.00    0.00    1.63    0.00    0.00    0.00   73.40
04:07:31 AM    0    1.00    0.00   98.00    0.00    0.00    1.00    0.00    0.00    0.00    0.00
04:07:31 AM    1    1.00    0.00   99.00    0.00    0.00    0.00    0.00    0.00    0.00    0.00
04:07:31 AM    2    0.00    0.00    0.00    0.00    0.00    6.12    0.00    0.00    0.00   93.88
04:07:31 AM    3    0.00    0.00    0.00    0.00    0.00    6.06    0.00    0.00    0.00   93.94
04:07:31 AM    4    0.00    0.00    0.00    0.00    0.00    0.00    0.00    0.00    0.00  100.00
04:07:31 AM    5    0.00    0.00    0.00    0.00    0.00    0.00    0.00    0.00    0.00  100.00
04:07:31 AM    6    0.00    0.00    0.00    0.00    0.00    0.00    0.00    0.00    0.00  100.00
04:07:31 AM    7    0.00    0.00    0.00    0.00    0.00    0.00    0.00    0.00    0.00  100.00

04:07:31 AM  CPU    %usr   %nice    %sys %iowait    %irq   %soft  %steal  %guest  %gnice   %idle
04:07:32 AM  all    0.37    0.00   24.22    0.00    0.12    2.25    0.00    0.00    0.00   73.03
04:07:32 AM    0    1.01    0.00   97.98    0.00    0.00    1.01    0.00    0.00    0.00    0.00
04:07:32 AM    1    1.98    0.00   96.04    0.00    0.99    0.99    0.00    0.00    0.00    0.00
04:07:32 AM    2    0.00    0.00    0.00    0.00    0.00    7.00    0.00    0.00    0.00   93.00
04:07:32 AM    3    0.00    0.00    0.00    0.00    0.00    8.00    0.00    0.00    0.00   92.00
04:07:32 AM    4    0.00    0.00    0.00    0.00    0.00    0.99    0.00    0.00    0.00   99.01
04:07:32 AM    5    0.00    0.00    0.00    0.00    0.00    0.00    0.00    0.00    0.00  100.00
04:07:32 AM    6    0.00    0.00    0.00    0.00    0.00    0.00    0.00    0.00    0.00  100.00
04:07:32 AM    7    0.00    0.00    0.00    0.00    0.00    0.00    0.00    0.00    0.00  100.00

04:07:32 AM  CPU    %usr   %nice    %sys %iowait    %irq   %soft  %steal  %guest  %gnice   %idle
04:07:33 AM  all    0.13    0.00   24.56    0.00    0.38    1.63    0.00    0.00    0.00   73.31
04:07:33 AM    0    1.00    0.00   98.00    0.00    1.00    0.00    0.00    0.00    0.00    0.00
04:07:33 AM    1    0.00    0.00  100.00    0.00    0.00    0.00    0.00    0.00    0.00    0.00
04:07:33 AM    2    0.00    0.00    0.00    0.00    1.00    7.00    0.00    0.00    0.00   92.00
04:07:33 AM    3    0.00    0.00    0.00    0.00    1.00    6.00    0.00    0.00    0.00   93.00
04:07:33 AM    4    0.00    0.00    0.00    0.00    0.00    0.00    0.00    0.00    0.00  100.00
04:07:33 AM    5    0.00    0.00    0.00    0.00    0.00    0.00    0.00    0.00    0.00  100.00
04:07:33 AM    6    0.00    0.00    0.00    0.00    0.00    0.00    0.00    0.00    0.00  100.00
04:07:33 AM    7    0.00    0.00    0.00    0.00    0.00    0.00    0.00    0.00    0.00  100.00

04:07:33 AM  CPU    %usr   %nice    %sys %iowait    %irq   %soft  %steal  %guest  %gnice   %idle
04:07:34 AM  all    0.37    0.00   24.56    0.00    0.00    2.00    0.00    0.00    0.00   73.07
04:07:34 AM    0    1.98    0.00   97.03    0.00    0.00    0.99    0.00    0.00    0.00    0.00
04:07:34 AM    1    0.99    0.00   98.02    0.00    0.00    0.99    0.00    0.00    0.00    0.00
04:07:34 AM    2    0.00    0.00    0.00    0.00    0.00    7.00    0.00    0.00    0.00   93.00
04:07:34 AM    3    0.00    0.00    0.00    0.00    0.00    7.00    0.00    0.00    0.00   93.00
04:07:34 AM    4    0.00    0.00    0.00    0.00    0.00    0.00    0.00    0.00    0.00  100.00
04:07:34 AM    5    0.00    0.00    0.00    0.00    0.00    0.00    0.00    0.00    0.00  100.00
04:07:34 AM    6    0.00    0.00    0.00    0.00    0.00    0.00    0.00    0.00    0.00  100.00
04:07:34 AM    7    0.00    0.00    0.00    0.00    0.00    0.00    0.00    0.00    0.00  100.00

04:07:34 AM  CPU    %usr   %nice    %sys %iowait    %irq   %soft  %steal  %guest  %gnice   %idle
04:07:35 AM  all    0.38    0.00   24.44    0.00    0.13    1.88    0.00    0.00    0.00   73.18
04:07:35 AM    0    1.01    0.00   98.99    0.00    0.00    0.00    0.00    0.00    0.00    0.00
04:07:35 AM    1    2.00    0.00   97.00    0.00    1.00    0.00    0.00    0.00    0.00    0.00
04:07:35 AM    2    0.00    0.00    0.00    0.00    0.00    7.00    0.00    0.00    0.00   93.00
04:07:35 AM    3    0.00    0.00    0.00    0.00    0.00    8.08    0.00    0.00    0.00   91.92
04:07:35 AM    4    0.00    0.00    0.00    0.00    0.00    0.00    0.00    0.00    0.00  100.00
04:07:35 AM    5    0.00    0.00    0.00    0.00    0.00    0.00    0.00    0.00    0.00  100.00
04:07:35 AM    6    0.00    0.00    0.00    0.00    0.00    0.00    0.00    0.00    0.00  100.00
04:07:35 AM    7    0.00    0.00    0.00    0.00    0.00    0.00    0.00    0.00    0.00  100.00

04:07:35 AM  CPU    %usr   %nice    %sys %iowait    %irq   %soft  %steal  %guest  %gnice   %idle
04:07:36 AM  all    0.25    0.00   24.44    0.00    0.37    1.87    0.00    0.00    0.00   73.07
04:07:36 AM    0    0.99    0.00   97.03    0.00    0.99    0.99    0.00    0.00    0.00    0.00
04:07:36 AM    1    1.00    0.00   98.00    0.00    0.00    1.00    0.00    0.00    0.00    0.00
04:07:36 AM    2    0.00    0.00    0.00    0.00    1.00    6.00    0.00    0.00    0.00   93.00
04:07:36 AM    3    0.00    0.00    0.00    0.00    0.99    6.93    0.00    0.00    0.00   92.08
04:07:36 AM    4    0.00    0.00    0.00    0.00    0.00    0.00    0.00    0.00    0.00  100.00
04:07:36 AM    5    0.00    0.00    0.00    0.00    0.00    0.00    0.00    0.00    0.00  100.00
04:07:36 AM    6    0.00    0.00    0.00    0.00    0.00    0.00    0.00    0.00    0.00  100.00
04:07:36 AM    7    0.00    0.00    0.00    0.00    0.00    0.00    0.00    0.00    0.00  100.00

04:07:36 AM  CPU    %usr   %nice    %sys %iowait    %irq   %soft  %steal  %guest  %gnice   %idle
04:07:37 AM  all    0.25    0.00   24.56    0.00    0.00    1.75    0.00    0.00    0.00   73.43
04:07:37 AM    0    1.00    0.00   98.00    0.00    0.00    0.00    0.00    0.00    0.00    1.00
04:07:37 AM    1    1.01    0.00   98.99    0.00    0.00    0.00    0.00    0.00    0.00    0.00
04:07:37 AM    2    0.00    0.00    0.00    0.00    0.00    7.00    0.00    0.00    0.00   93.00
04:07:37 AM    3    0.00    0.00    0.00    0.00    0.00    7.07    0.00    0.00    0.00   92.93
04:07:37 AM    4    0.00    0.00    0.00    0.00    0.00    0.00    0.00    0.00    0.00  100.00
04:07:37 AM    5    0.00    0.00    0.00    0.00    0.00    0.00    0.00    0.00    0.00  100.00
04:07:37 AM    6    0.00    0.00    0.00    0.00    0.00    0.00    0.00    0.00    0.00  100.00
04:07:37 AM    7    0.00    0.00    0.00    0.00    0.00    0.00    0.00    0.00    0.00  100.00

04:07:37 AM  CPU    %usr   %nice    %sys %iowait    %irq   %soft  %steal  %guest  %gnice   %idle
04:07:38 AM  all    0.25    0.00   24.44    0.00    0.12    2.12    0.00    0.00    0.00   73.07
04:07:38 AM    0    0.00    0.00   98.99    0.00    0.00    1.01    0.00    0.00    0.00    0.00
04:07:38 AM    1    1.96    0.00   96.08    0.00    0.98    0.98    0.00    0.00    0.00    0.00
04:07:38 AM    2    0.00    0.00    0.00    0.00    0.00    7.00    0.00    0.00    0.00   93.00
04:07:38 AM    3    0.00    0.00    0.00    0.00    0.00    7.00    0.00    0.00    0.00   93.00
04:07:38 AM    4    0.00    0.00    0.00    0.00    0.00    0.00    0.00    0.00    0.00  100.00
04:07:38 AM    5    0.00    0.00    0.00    0.00    0.00    0.99    0.00    0.00    0.00   99.01
04:07:38 AM    6    0.00    0.00    0.00    0.00    0.00    0.00    0.00    0.00    0.00  100.00
04:07:38 AM    7    0.00    0.00    0.00    0.00    0.00    0.00    0.00    0.00    0.00  100.00

04:07:38 AM  CPU    %usr   %nice    %sys %iowait    %irq   %soft  %steal  %guest  %gnice   %idle
04:07:39 AM  all    0.25    0.00   24.62    0.00    0.38    1.75    0.00    0.00    0.00   73.00
04:07:39 AM    0    0.99    0.00   98.02    0.00    0.99    0.00    0.00    0.00    0.00    0.00
04:07:39 AM    1    1.01    0.00   98.99    0.00    0.00    0.00    0.00    0.00    0.00    0.00
04:07:39 AM    2    0.00    0.00    0.00    0.00    1.00    6.00    0.00    0.00    0.00   93.00
04:07:39 AM    3    0.00    0.00    0.00    0.00    1.00    8.00    0.00    0.00    0.00   91.00
04:07:39 AM    4    0.00    0.00    0.00    0.00    0.00    0.00    0.00    0.00    0.00  100.00
04:07:39 AM    5    0.00    0.00    0.00    0.00    0.00    0.00    0.00    0.00    0.00  100.00
04:07:39 AM    6    0.00    0.00    0.00    0.00    0.00    0.00    0.00    0.00    0.00  100.00
04:07:39 AM    7    0.00    0.00    0.00    0.00    0.00    0.00    0.00    0.00    0.00  100.00

04:07:39 AM  CPU    %usr   %nice    %sys %iowait    %irq   %soft  %steal  %guest  %gnice   %idle
04:07:40 AM  all    0.38    0.00   24.41    0.00    0.00    1.88    0.00    0.00    0.00   73.34
04:07:40 AM    0    1.01    0.00   98.99    0.00    0.00    0.00    0.00    0.00    0.00    0.00
04:07:40 AM    1    2.00    0.00   97.00    0.00    0.00    1.00    0.00    0.00    0.00    0.00
04:07:40 AM    2    0.00    0.00    0.00    0.00    0.00    7.00    0.00    0.00    0.00   93.00
04:07:40 AM    3    0.00    0.00    0.00    0.00    0.00    7.00    0.00    0.00    0.00   93.00
04:07:40 AM    4    0.00    0.00    0.00    0.00    0.00    0.00    0.00    0.00    0.00  100.00
04:07:40 AM    5    0.00    0.00    0.00    0.00    0.00    0.00    0.00    0.00    0.00  100.00
04:07:40 AM    6    0.00    0.00    0.00    0.00    0.00    0.00    0.00    0.00    0.00  100.00
04:07:40 AM    7    0.00    0.00    0.00    0.00    0.00    0.00    0.00    0.00    0.00  100.00

04:07:40 AM  CPU    %usr   %nice    %sys %iowait    %irq   %soft  %steal  %guest  %gnice   %idle
04:07:41 AM  all    0.25    0.00   24.62    0.00    0.12    2.00    0.00    0.00    0.00   73.00
04:07:41 AM    0    0.99    0.00   98.02    0.00    0.00    0.99    0.00    0.00    0.00    0.00
04:07:41 AM    1    0.99    0.00   97.03    0.00    0.99    0.99    0.00    0.00    0.00    0.00
04:07:41 AM    2    0.00    0.00    0.00    0.00    0.00    6.12    0.00    0.00    0.00   93.88
04:07:41 AM    3    0.00    0.00    0.00    0.00    0.00    7.07    0.00    0.00    0.00   92.93
04:07:41 AM    4    0.00    0.00    0.00    0.00    0.00    0.00    0.00    0.00    0.00  100.00
04:07:41 AM    5    0.00    0.00    0.00    0.00    0.00    0.00    0.00    0.00    0.00  100.00
04:07:41 AM    6    0.00    0.00    0.00    0.00    0.00    0.00    0.00    0.00    0.00  100.00
04:07:41 AM    7    0.00    0.00    0.00    0.00    0.00    0.99    0.00    0.00    0.00   99.01

04:07:41 AM  CPU    %usr   %nice    %sys %iowait    %irq   %soft  %steal  %guest  %gnice   %idle
04:07:42 AM  all    0.38    0.00   24.41    0.00    0.25    1.88    0.00    0.00    0.00   73.09
04:07:42 AM    0    1.01    0.00   98.99    0.00    0.00    0.00    0.00    0.00    0.00    0.00
04:07:42 AM    1    2.02    0.00   97.98    0.00    0.00    0.00    0.00    0.00    0.00    0.00
04:07:42 AM    2    0.00    0.00    0.00    0.00    0.99    6.93    0.00    0.00    0.00   92.08
04:07:42 AM    3    0.00    0.00    0.00    0.00    1.00    8.00    0.00    0.00    0.00   91.00
04:07:42 AM    4    0.00    0.00    0.00    0.00    0.00    0.00    0.00    0.00    0.00  100.00
04:07:42 AM    5    0.00    0.00    0.00    0.00    0.00    0.00    0.00    0.00    0.00  100.00
04:07:42 AM    6    0.00    0.00    0.00    0.00    0.00    0.00    0.00    0.00    0.00  100.00
04:07:42 AM    7    0.00    0.00    0.00    0.00    0.00    0.00    0.00    0.00    0.00  100.00

04:07:42 AM  CPU    %usr   %nice    %sys %iowait    %irq   %soft  %steal  %guest  %gnice   %idle
04:07:43 AM  all    0.37    0.00   24.59    0.00    0.12    1.87    0.00    0.00    0.00   73.03
04:07:43 AM    0    0.99    0.00   98.02    0.00    0.99    0.00    0.00    0.00    0.00    0.00
04:07:43 AM    1    1.98    0.00   97.03    0.00    0.00    0.99    0.00    0.00    0.00    0.00
04:07:43 AM    2    0.00    0.00    0.00    0.00    0.00    7.00    0.00    0.00    0.00   93.00
04:07:43 AM    3    0.00    0.00    0.00    0.00    0.00    7.00    0.00    0.00    0.00   93.00
04:07:43 AM    4    0.00    0.00    0.00    0.00    0.00    0.00    0.00    0.00    0.00  100.00
04:07:43 AM    5    0.00    0.00    0.00    0.00    0.00    0.00    0.00    0.00    0.00  100.00
04:07:43 AM    6    0.00    0.00    0.00    0.00    0.00    0.00    0.00    0.00    0.00  100.00
04:07:43 AM    7    0.00    0.00    0.00    0.00    0.00    0.00    0.00    0.00    0.00  100.00

04:07:43 AM  CPU    %usr   %nice    %sys %iowait    %irq   %soft  %steal  %guest  %gnice   %idle
04:07:44 AM  all    0.13    0.00   24.72    0.00    0.00    1.88    0.00    0.00    0.00   73.27
04:07:44 AM    0    0.00    0.00   99.00    0.00    0.00    1.00    0.00    0.00    0.00    0.00
04:07:44 AM    1    1.01    0.00   98.99    0.00    0.00    0.00    0.00    0.00    0.00    0.00
04:07:44 AM    2    0.00    0.00    0.00    0.00    0.00    7.07    0.00    0.00    0.00   92.93
04:07:44 AM    3    0.00    0.00    0.00    0.00    0.00    7.07    0.00    0.00    0.00   92.93
04:07:44 AM    4    0.00    0.00    0.00    0.00    0.00    0.00    0.00    0.00    0.00  100.00
04:07:44 AM    5    0.00    0.00    0.00    0.00    0.00    0.00    0.00    0.00    0.00  100.00
04:07:44 AM    6    0.00    0.00    0.00    0.00    0.00    0.00    0.00    0.00    0.00  100.00
04:07:44 AM    7    0.00    0.00    0.00    0.00    0.00    0.00    0.00    0.00    0.00  100.00

04:07:44 AM  CPU    %usr   %nice    %sys %iowait    %irq   %soft  %steal  %guest  %gnice   %idle
04:07:45 AM  all    0.37    0.00   24.31    0.00    0.37    1.87    0.00    0.00    0.00   73.07
04:07:45 AM    0    2.02    0.00   97.98    0.00    0.00    0.00    0.00    0.00    0.00    0.00
04:07:45 AM    1    0.99    0.00   97.03    0.00    0.99    0.99    0.00    0.00    0.00    0.00
04:07:45 AM    2    0.00    0.00    0.00    0.00    0.99    6.93    0.00    0.00    0.00   92.08
04:07:45 AM    3    0.00    0.00    0.00    0.00    0.99    6.93    0.00    0.00    0.00   92.08
04:07:45 AM    4    0.00    0.00    0.00    0.00    0.00    0.00    0.00    0.00    0.00  100.00
04:07:45 AM    5    0.00    0.00    0.00    0.00    0.00    0.00    0.00    0.00    0.00  100.00
04:07:45 AM    6    0.00    0.00    0.00    0.00    0.00    0.00    0.00    0.00    0.00  100.00
04:07:45 AM    7    0.00    0.00    0.00    0.00    0.00    0.00    0.00    0.00    0.00  100.00

04:07:45 AM  CPU    %usr   %nice    %sys %iowait    %irq   %soft  %steal  %guest  %gnice   %idle
04:07:46 AM  all    0.25    0.00   24.56    0.00    0.13    1.88    0.00    0.00    0.00   73.18
04:07:46 AM    0    0.99    0.00   97.03    0.00    0.99    0.99    0.00    0.00    0.00    0.00
04:07:46 AM    1    1.01    0.00   98.99    0.00    0.00    0.00    0.00    0.00    0.00    0.00
04:07:46 AM    2    0.00    0.00    0.00    0.00    0.00    6.06    0.00    0.00    0.00   93.94
04:07:46 AM    3    0.00    0.00    0.00    0.00    0.00    7.07    0.00    0.00    0.00   92.93
04:07:46 AM    4    0.00    0.00    0.00    0.00    0.00    1.00    0.00    0.00    0.00   99.00
04:07:46 AM    5    0.00    0.00    0.00    0.00    0.00    0.00    0.00    0.00    0.00  100.00
04:07:46 AM    6    0.00    0.00    0.00    0.00    0.00    0.00    0.00    0.00    0.00  100.00
04:07:46 AM    7    0.00    0.00    0.00    0.00    0.00    0.00    0.00    0.00    0.00  100.00

04:07:46 AM  CPU    %usr   %nice    %sys %iowait    %irq   %soft  %steal  %guest  %gnice   %idle
04:07:47 AM  all    0.25    0.00   24.50    0.00    0.00    2.00    0.00    0.00    0.00   73.25
04:07:47 AM    0    1.00    0.00   98.00    0.00    0.00    1.00    0.00    0.00    0.00    0.00
04:07:47 AM    1    1.00    0.00   98.00    0.00    0.00    1.00    0.00    0.00    0.00    0.00
04:07:47 AM    2    0.00    0.00    0.00    0.00    0.00    7.07    0.00    0.00    0.00   92.93
04:07:47 AM    3    0.00    0.00    0.00    0.00    0.00    7.00    0.00    0.00    0.00   93.00
04:07:47 AM    4    0.00    0.00    0.00    0.00    0.00    0.00    0.00    0.00    0.00  100.00
04:07:47 AM    5    0.00    0.00    0.00    0.00    0.00    0.00    0.00    0.00    0.00  100.00
04:07:47 AM    6    0.00    0.00    0.00    0.00    0.00    0.00    0.00    0.00    0.00  100.00
04:07:47 AM    7    0.00    0.00    0.00    0.00    0.00    0.00    0.00    0.00    0.00  100.00

04:07:47 AM  CPU    %usr   %nice    %sys %iowait    %irq   %soft  %steal  %guest  %gnice   %idle
04:07:48 AM  all    0.25    0.00   24.66    0.00    0.13    1.63    0.00    0.00    0.00   73.34
04:07:48 AM    0    1.01    0.00   98.99    0.00    0.00    0.00    0.00    0.00    0.00    0.00
04:07:48 AM    1    0.98    0.00   97.06    0.00    0.98    0.00    0.00    0.00    0.00    0.98
04:07:48 AM    2    0.00    0.00    0.00    0.00    0.00    7.00    0.00    0.00    0.00   93.00
04:07:48 AM    3    0.00    0.00    0.00    0.00    0.00    6.06    0.00    0.00    0.00   93.94
04:07:48 AM    4    0.00    0.00    0.00    0.00    0.00    0.00    0.00    0.00    0.00  100.00
04:07:48 AM    5    0.00    0.00    0.00    0.00    0.00    0.00    0.00    0.00    0.00  100.00
04:07:48 AM    6    0.00    0.00    0.00    0.00    0.00    0.00    0.00    0.00    0.00  100.00
04:07:48 AM    7    0.00    0.00    0.00    0.00    0.00    0.00    0.00    0.00    0.00  100.00

04:07:48 AM  CPU    %usr   %nice    %sys %iowait    %irq   %soft  %steal  %guest  %gnice   %idle
04:07:49 AM  all    0.13    0.00   24.53    0.00    0.38    1.63    0.00    0.00    0.00   73.34
04:07:49 AM    0    1.00    0.00   98.00    0.00    1.00    0.00    0.00    0.00    0.00    0.00
04:07:49 AM    1    0.00    0.00  100.00    0.00    0.00    0.00    0.00    0.00    0.00    0.00
04:07:49 AM    2    0.00    0.00    0.00    0.00    1.00    6.00    0.00    0.00    0.00   93.00
04:07:49 AM    3    0.00    0.00    0.00    0.00    0.99    6.93    0.00    0.00    0.00   92.08
04:07:49 AM    4    0.00    0.00    0.00    0.00    0.00    0.00    0.00    0.00    0.00  100.00
04:07:49 AM    5    0.00    0.00    0.00    0.00    0.00    0.00    0.00    0.00    0.00  100.00
04:07:49 AM    6    0.00    0.00    0.00    0.00    0.00    0.00    0.00    0.00    0.00  100.00
04:07:49 AM    7    0.00    0.00    0.00    0.00    0.00    0.00    0.00    0.00    0.00  100.00

04:07:49 AM  CPU    %usr   %nice    %sys %iowait    %irq   %soft  %steal  %guest  %gnice   %idle
04:07:50 AM  all    0.37    0.00   24.59    0.00    0.00    2.12    0.00    0.00    0.00   72.91
04:07:50 AM    0    1.98    0.00   97.03    0.00    0.00    0.99    0.00    0.00    0.00    0.00
04:07:50 AM    1    0.99    0.00   98.02    0.00    0.00    0.99    0.00    0.00    0.00    0.00
04:07:50 AM    2    0.00    0.00    0.00    0.00    0.00    8.00    0.00    0.00    0.00   92.00
04:07:50 AM    3    0.00    0.00    0.00    0.00    0.00    7.07    0.00    0.00    0.00   92.93
04:07:50 AM    4    0.00    0.00    0.00    0.00    0.00    0.00    0.00    0.00    0.00  100.00
04:07:50 AM    5    0.00    0.00    0.00    0.00    0.00    0.00    0.00    0.00    0.00  100.00
04:07:50 AM    6    0.00    0.00    0.00    0.00    0.00    0.00    0.00    0.00    0.00  100.00
04:07:50 AM    7    0.00    0.00    0.00    0.00    0.00    0.00    0.00    0.00    0.00  100.00

04:07:50 AM  CPU    %usr   %nice    %sys %iowait    %irq   %soft  %steal  %guest  %gnice   %idle
04:07:51 AM  all    0.13    0.00   24.56    0.00    0.00    1.88    0.00    0.00    0.00   73.43
04:07:51 AM    0    0.00    0.00   98.99    0.00    0.00    1.01    0.00    0.00    0.00    0.00
04:07:51 AM    1    1.01    0.00   98.99    0.00    0.00    0.00    0.00    0.00    0.00    0.00
04:07:51 AM    2    0.00    0.00    0.00    0.00    0.00    7.00    0.00    0.00    0.00   93.00
04:07:51 AM    3    0.00    0.00    0.00    0.00    0.00    7.00    0.00    0.00    0.00   93.00
04:07:51 AM    4    0.00    0.00    0.00    0.00    0.00    0.00    0.00    0.00    0.00  100.00
04:07:51 AM    5    0.00    0.00    0.00    0.00    0.00    0.00    0.00    0.00    0.00  100.00
04:07:51 AM    6    0.00    0.00    0.00    0.00    0.00    0.00    0.00    0.00    0.00  100.00
04:07:51 AM    7    0.00    0.00    0.00    0.00    0.00    0.00    0.00    0.00    0.00  100.00

04:07:51 AM  CPU    %usr   %nice    %sys %iowait    %irq   %soft  %steal  %guest  %gnice   %idle
04:07:52 AM  all    0.25    0.00   24.56    0.00    0.37    1.87    0.00    0.00    0.00   72.94
04:07:52 AM    0    1.00    0.00   99.00    0.00    0.00    0.00    0.00    0.00    0.00    0.00
04:07:52 AM    1    0.99    0.00   97.03    0.00    0.99    0.99    0.00    0.00    0.00    0.00
04:07:52 AM    2    0.00    0.00    0.00    0.00    1.00    6.00    0.00    0.00    0.00   93.00
04:07:52 AM    3    0.00    0.00    0.00    0.00    0.99    7.92    0.00    0.00    0.00   91.09
04:07:52 AM    4    0.00    0.00    0.00    0.00    0.00    0.00    0.00    0.00    0.00  100.00
04:07:52 AM    5    0.00    0.00    0.00    0.00    0.00    0.00    0.00    0.00    0.00  100.00
04:07:52 AM    6    0.00    0.00    0.00    0.00    0.00    0.00    0.00    0.00    0.00  100.00
04:07:52 AM    7    0.00    0.00    0.00    0.00    0.00    0.00    0.00    0.00    0.00  100.00

04:07:52 AM  CPU    %usr   %nice    %sys %iowait    %irq   %soft  %steal  %guest  %gnice   %idle
04:07:53 AM  all    0.25    0.00   24.53    0.00    0.13    1.88    0.00    0.00    0.00   73.22
04:07:53 AM    0    0.99    0.00   97.03    0.00    0.99    0.99    0.00    0.00    0.00    0.00
04:07:53 AM    1    1.01    0.00   98.99    0.00    0.00    0.00    0.00    0.00    0.00    0.00
04:07:53 AM    2    0.00    0.00    0.00    0.00    0.00    7.00    0.00    0.00    0.00   93.00
04:07:53 AM    3    0.00    0.00    0.00    0.00    0.00    7.07    0.00    0.00    0.00   92.93
04:07:53 AM    4    0.00    0.00    0.00    0.00    0.00    0.00    0.00    0.00    0.00  100.00
04:07:53 AM    5    0.00    0.00    0.00    0.00    0.00    0.00    0.00    0.00    0.00  100.00
04:07:53 AM    6    0.00    0.00    0.00    0.00    0.00    0.00    0.00    0.00    0.00  100.00
04:07:53 AM    7    0.00    0.00    0.00    0.00    0.00    0.00    0.00    0.00    0.00  100.00

04:07:53 AM  CPU    %usr   %nice    %sys %iowait    %irq   %soft  %steal  %guest  %gnice   %idle
04:07:54 AM  all    0.25    0.00   24.66    0.00    0.00    1.75    0.00    0.00    0.00   73.34
04:07:54 AM    0    1.01    0.00   98.99    0.00    0.00    0.00    0.00    0.00    0.00    0.00
04:07:54 AM    1    0.99    0.00   98.02    0.00    0.00    0.99    0.00    0.00    0.00    0.00
04:07:54 AM    2    0.00    0.00    0.00    0.00    0.00    6.06    0.00    0.00    0.00   93.94
04:07:54 AM    3    0.00    0.00    0.00    0.00    0.00    7.00    0.00    0.00    0.00   93.00
04:07:54 AM    4    0.00    0.00    0.00    0.00    0.00    0.00    0.00    0.00    0.00  100.00
04:07:54 AM    5    0.00    0.00    0.00    0.00    0.00    0.00    0.00    0.00    0.00  100.00
04:07:54 AM    6    0.00    0.00    0.00    0.00    0.00    0.00    0.00    0.00    0.00  100.00
04:07:54 AM    7    0.00    0.00    0.00    0.00    0.00    0.00    0.00    0.00    0.00  100.00

04:07:54 AM  CPU    %usr   %nice    %sys %iowait    %irq   %soft  %steal  %guest  %gnice   %idle
04:07:55 AM  all    0.25    0.00   24.47    0.00    0.37    1.87    0.00    0.00    0.00   73.03
04:07:55 AM    0    0.00    0.00   99.00    0.00    0.00    1.00    0.00    0.00    0.00    0.00
04:07:55 AM    1    2.00    0.00   97.00    0.00    1.00    0.00    0.00    0.00    0.00    0.00
04:07:55 AM    2    0.00    0.00    0.00    0.00    0.99    6.93    0.00    0.00    0.00   92.08
04:07:55 AM    3    0.00    0.00    0.00    0.00    1.00    7.00    0.00    0.00    0.00   92.00
04:07:55 AM    4    0.00    0.00    0.00    0.00    0.00    0.00    0.00    0.00    0.00  100.00
04:07:55 AM    5    0.00    0.00    0.00    0.00    0.00    0.00    0.00    0.00    0.00  100.00
04:07:55 AM    6    0.00    0.00    0.00    0.00    0.00    0.00    0.00    0.00    0.00  100.00
04:07:55 AM    7    0.00    0.00    0.00    0.00    0.00    0.00    0.00    0.00    0.00  100.00

04:07:55 AM  CPU    %usr   %nice    %sys %iowait    %irq   %soft  %steal  %guest  %gnice   %idle
04:07:56 AM  all    0.25    0.00   24.59    0.00    0.12    1.75    0.00    0.00    0.00   73.28
04:07:56 AM    0    1.00    0.00   98.00    0.00    1.00    0.00    0.00    0.00    0.00    0.00
04:07:56 AM    1    0.99    0.00   98.02    0.00    0.00    0.99    0.00    0.00    0.00    0.00
04:07:56 AM    2    0.00    0.00    0.00    0.00    0.00    6.00    0.00    0.00    0.00   94.00
04:07:56 AM    3    0.00    0.00    0.00    0.00    0.00    7.00    0.00    0.00    0.00   93.00
04:07:56 AM    4    0.00    0.00    0.00    0.00    0.00    0.00    0.00    0.00    0.00  100.00
04:07:56 AM    5    0.00    0.00    0.00    0.00    0.00    0.00    0.00    0.00    0.00  100.00
04:07:56 AM    6    0.00    0.00    0.00    0.00    0.00    0.00    0.00    0.00    0.00  100.00
04:07:56 AM    7    0.00    0.00    0.00    0.00    0.00    0.00    0.00    0.00    0.00  100.00

04:07:56 AM  CPU    %usr   %nice    %sys %iowait    %irq   %soft  %steal  %guest  %gnice   %idle
04:07:57 AM  all    0.25    0.00   24.62    0.00    0.00    1.88    0.00    0.00    0.00   73.24
04:07:57 AM    0    0.99    0.00   98.02    0.00    0.00    0.99    0.00    0.00    0.00    0.00
04:07:57 AM    1    1.02    0.00   98.98    0.00    0.00    0.00    0.00    0.00    0.00    0.00
04:07:57 AM    2    0.00    0.00    0.00    0.00    0.00    6.12    0.00    0.00    0.00   93.88
04:07:57 AM    3    0.00    0.00    0.00    0.00    0.00    8.08    0.00    0.00    0.00   91.92
04:07:57 AM    4    0.00    0.00    0.00    0.00    0.00    0.00    0.00    0.00    0.00  100.00
04:07:57 AM    5    0.00    0.00    0.00    0.00    0.00    0.00    0.00    0.00    0.00  100.00
04:07:57 AM    6    0.00    0.00    0.00    0.00    0.00    0.00    0.00    0.00    0.00  100.00
04:07:57 AM    7    0.00    0.00    0.00    0.00    0.00    0.00    0.00    0.00    0.00  100.00

04:07:57 AM  CPU    %usr   %nice    %sys %iowait    %irq   %soft  %steal  %guest  %gnice   %idle
04:07:58 AM  all    0.25    0.00   24.44    0.00    0.37    1.87    0.00    0.00    0.00   73.07
04:07:58 AM    0    1.00    0.00   98.00    0.00    0.00    1.00    0.00    0.00    0.00    0.00
04:07:58 AM    1    1.00    0.00   98.00    0.00    1.00    0.00    0.00    0.00    0.00    0.00
04:07:58 AM    2    0.00    0.00    0.00    0.00    0.99    6.93    0.00    0.00    0.00   92.08
04:07:58 AM    3    0.00    0.00    0.00    0.00    0.99    6.93    0.00    0.00    0.00   92.08
04:07:58 AM    4    0.00    0.00    0.00    0.00    0.00    0.00    0.00    0.00    0.00  100.00
04:07:58 AM    5    0.00    0.00    0.00    0.00    0.00    0.00    0.00    0.00    0.00  100.00
04:07:58 AM    6    0.00    0.00    0.00    0.00    0.00    0.00    0.00    0.00    0.00  100.00
04:07:58 AM    7    0.00    0.00    0.00    0.00    0.00    0.00    0.00    0.00    0.00  100.00

04:07:58 AM  CPU    %usr   %nice    %sys %iowait    %irq   %soft  %steal  %guest  %gnice   %idle
04:07:59 AM  all    0.50    0.00   24.41    0.00    0.12    2.12    0.00    0.00    0.00   72.85
04:07:59 AM    0    1.98    0.00   97.03    0.00    0.99    0.00    0.00    0.00    0.00    0.00
04:07:59 AM    1    1.98    0.00   97.03    0.00    0.00    0.99    0.00    0.00    0.00    0.00
04:07:59 AM    2    0.00    0.00    0.00    0.00    0.00    7.00    0.00    0.00    0.00   93.00
04:07:59 AM    3    0.00    0.00    0.00    0.00    0.00    7.07    0.00    0.00    0.00   92.93
04:07:59 AM    4    0.00    0.00    0.00    0.00    0.00    0.99    0.00    0.00    0.00   99.01
04:07:59 AM    5    0.00    0.00    0.00    0.00    0.00    0.99    0.00    0.00    0.00   99.01
04:07:59 AM    6    0.00    0.00    0.00    0.00    0.00    0.00    0.00    0.00    0.00  100.00
04:07:59 AM    7    0.00    0.00    0.00    0.00    0.00    0.00    0.00    0.00    0.00  100.00

04:07:59 AM  CPU    %usr   %nice    %sys %iowait    %irq   %soft  %steal  %guest  %gnice   %idle
04:08:00 AM  all    0.13    0.00   24.56    0.00    0.00    1.88    0.00    0.00    0.00   73.43
04:08:00 AM    0    0.00    0.00   98.99    0.00    0.00    1.01    0.00    0.00    0.00    0.00
04:08:00 AM    1    1.00    0.00   98.00    0.00    0.00    1.00    0.00    0.00    0.00    0.00
04:08:00 AM    2    0.00    0.00    0.00    0.00    0.00    6.06    0.00    0.00    0.00   93.94
04:08:00 AM    3    0.00    0.00    0.00    0.00    0.00    7.00    0.00    0.00    0.00   93.00
04:08:00 AM    4    0.00    0.00    0.00    0.00    0.00    0.00    0.00    0.00    0.00  100.00
04:08:00 AM    5    0.00    0.00    0.00    0.00    0.00    0.00    0.00    0.00    0.00  100.00
04:08:00 AM    6    0.00    0.00    0.00    0.00    0.00    0.00    0.00    0.00    0.00  100.00
04:08:00 AM    7    0.00    0.00    0.00    0.00    0.00    0.00    0.00    0.00    0.00  100.00

04:08:00 AM  CPU    %usr   %nice    %sys %iowait    %irq   %soft  %steal  %guest  %gnice   %idle
04:08:01 AM  all    0.38    0.00   24.41    0.00    0.25    1.88    0.00    0.00    0.00   73.09
04:08:01 AM    0    1.01    0.00   98.99    0.00    0.00    0.00    0.00    0.00    0.00    0.00
04:08:01 AM    1    2.02    0.00   97.98    0.00    0.00    0.00    0.00    0.00    0.00    0.00
04:08:01 AM    2    0.00    0.00    0.00    0.00    0.99    6.93    0.00    0.00    0.00   92.08
04:08:01 AM    3    0.00    0.00    0.00    0.00    1.00    7.00    0.00    0.00    0.00   92.00
04:08:01 AM    4    0.00    0.00    0.00    0.00    0.00    0.00    0.00    0.00    0.00  100.00
04:08:01 AM    5    0.00    0.00    0.00    0.00    0.00    0.00    0.00    0.00    0.00  100.00
04:08:01 AM    6    0.00    0.00    0.00    0.00    0.00    0.00    0.00    0.00    0.00  100.00
04:08:01 AM    7    0.00    0.00    0.00    0.00    0.00    1.00    0.00    0.00    0.00   99.00

04:08:01 AM  CPU    %usr   %nice    %sys %iowait    %irq   %soft  %steal  %guest  %gnice   %idle
04:08:02 AM  all    0.12    0.00   24.72    0.00    0.25    2.00    0.00    0.00    0.00   72.91
04:08:02 AM    0    0.98    0.00   97.06    0.00    0.98    0.98    0.00    0.00    0.00    0.00
04:08:02 AM    1    0.00    0.00   98.02    0.00    0.99    0.99    0.00    0.00    0.00    0.00
04:08:02 AM    2    0.00    0.00    0.00    0.00    0.00    7.07    0.00    0.00    0.00   92.93
04:08:02 AM    3    0.00    0.00    0.00    0.00    0.00    7.07    0.00    0.00    0.00   92.93
04:08:02 AM    4    0.00    0.00    0.00    0.00    0.00    0.00    0.00    0.00    0.00  100.00
04:08:02 AM    5    0.00    0.00    0.00    0.00    0.00    0.00    0.00    0.00    0.00  100.00
04:08:02 AM    6    0.00    0.00    0.00    0.00    0.00    0.00    0.00    0.00    0.00  100.00
04:08:02 AM    7    0.00    0.00    0.00    0.00    0.00    0.00    0.00    0.00    0.00  100.00

04:08:02 AM  CPU    %usr   %nice    %sys %iowait    %irq   %soft  %steal  %guest  %gnice   %idle
04:08:03 AM  all    0.25    0.00   24.47    0.00    0.00    1.76    0.00    0.00    0.00   73.53
04:08:03 AM    0    1.02    0.00   98.98    0.00    0.00    0.00    0.00    0.00    0.00    0.00
04:08:03 AM    1    1.01    0.00   98.99    0.00    0.00    0.00    0.00    0.00    0.00    0.00
04:08:03 AM    2    0.00    0.00    0.00    0.00    0.00    7.00    0.00    0.00    0.00   93.00
04:08:03 AM    3    0.00    0.00    0.00    0.00    0.00    7.00    0.00    0.00    0.00   93.00
04:08:03 AM    4    0.00    0.00    0.00    0.00    0.00    0.00    0.00    0.00    0.00  100.00
04:08:03 AM    5    0.00    0.00    0.00    0.00    0.00    0.00    0.00    0.00    0.00  100.00
04:08:03 AM    6    0.00    0.00    0.00    0.00    0.00    0.00    0.00    0.00    0.00  100.00
04:08:03 AM    7    0.00    0.00    0.00    0.00    0.00    0.00    0.00    0.00    0.00  100.00

04:08:03 AM  CPU    %usr   %nice    %sys %iowait    %irq   %soft  %steal  %guest  %gnice   %idle
04:08:04 AM  all    0.38    0.00   24.50    0.00    0.25    1.75    0.00    0.00    0.00   73.12
04:08:04 AM    0    1.00    0.00   98.00    0.00    0.00    1.00    0.00    0.00    0.00    0.00
04:08:04 AM    1    2.00    0.00   98.00    0.00    0.00    0.00    0.00    0.00    0.00    0.00
04:08:04 AM    2    0.00    0.00    0.00    0.00    1.00    6.00    0.00    0.00    0.00   93.00
04:08:04 AM    3    0.00    0.00    0.00    0.00    1.00    7.00    0.00    0.00    0.00   92.00
04:08:04 AM    4    0.00    0.00    0.00    0.00    0.00    0.00    0.00    0.00    0.00  100.00
04:08:04 AM    5    0.00    0.00    0.00    0.00    0.00    0.00    0.00    0.00    0.00  100.00
04:08:04 AM    6    0.00    0.00    0.00    0.00    0.00    0.00    0.00    0.00    0.00  100.00
04:08:04 AM    7    0.00    0.00    0.00    0.00    0.00    0.00    0.00    0.00    0.00  100.00

04:08:04 AM  CPU    %usr   %nice    %sys %iowait    %irq   %soft  %steal  %guest  %gnice   %idle
04:08:05 AM  all    0.37    0.00   24.31    0.00    0.12    2.24    0.00    0.00    0.00   72.94
04:08:05 AM    0    1.98    0.00   96.04    0.00    0.00    0.99    0.00    0.00    0.00    0.99
04:08:05 AM    1    0.99    0.00   97.03    0.00    0.99    0.99    0.00    0.00    0.00    0.00
04:08:05 AM    2    0.00    0.00    0.00    0.00    0.00    8.00    0.00    0.00    0.00   92.00
04:08:05 AM    3    0.00    0.00    0.00    0.00    0.00    8.00    0.00    0.00    0.00   92.00
04:08:05 AM    4    0.00    0.00    0.00    0.00    0.00    0.00    0.00    0.00    0.00  100.00
04:08:05 AM    5    0.00    0.00    0.00    0.00    0.00    0.00    0.00    0.00    0.00  100.00
04:08:05 AM    6    0.00    0.00    0.00    0.00    0.00    0.00    0.00    0.00    0.00  100.00
04:08:05 AM    7    0.00    0.00    0.00    0.00    0.00    0.00    0.00    0.00    0.00  100.00

04:08:05 AM  CPU    %usr   %nice    %sys %iowait    %irq   %soft  %steal  %guest  %gnice   %idle
04:08:06 AM  all    0.25    0.00   24.62    0.00    0.12    1.62    0.00    0.00    0.00   73.38
04:08:06 AM    0    0.99    0.00   98.02    0.00    0.99    0.00    0.00    0.00    0.00    0.00
04:08:06 AM    1    1.00    0.00   98.00    0.00    0.00    0.00    0.00    0.00    0.00    1.00
04:08:06 AM    2    0.00    0.00    0.00    0.00    0.00    7.00    0.00    0.00    0.00   93.00
04:08:06 AM    3    0.00    0.00    0.00    0.00    0.00    6.06    0.00    0.00    0.00   93.94
04:08:06 AM    4    0.00    0.00    0.00    0.00    0.00    0.00    0.00    0.00    0.00  100.00
04:08:06 AM    5    0.00    0.00    0.00    0.00    0.00    0.00    0.00    0.00    0.00  100.00
04:08:06 AM    6    0.00    0.00    0.00    0.00    0.00    0.00    0.00    0.00    0.00  100.00
04:08:06 AM    7    0.00    0.00    0.00    0.00    0.00    0.00    0.00    0.00    0.00  100.00

04:08:06 AM  CPU    %usr   %nice    %sys %iowait    %irq   %soft  %steal  %guest  %gnice   %idle
04:08:07 AM  all    0.25    0.00   24.50    0.00    0.25    1.88    0.00    0.00    0.00   73.12
04:08:07 AM    0    1.01    0.00   98.99    0.00    0.00    0.00    0.00    0.00    0.00    0.00
04:08:07 AM    1    1.00    0.00   98.00    0.00    0.00    1.00    0.00    0.00    0.00    0.00
04:08:07 AM    2    0.00    0.00    0.00    0.00    1.00    7.00    0.00    0.00    0.00   92.00
04:08:07 AM    3    0.00    0.00    0.00    0.00    0.99    6.93    0.00    0.00    0.00   92.08
04:08:07 AM    4    0.00    0.00    0.00    0.00    0.00    0.00    0.00    0.00    0.00  100.00
04:08:07 AM    5    0.00    0.00    0.00    0.00    0.00    0.00    0.00    0.00    0.00  100.00
04:08:07 AM    6    0.00    0.00    0.00    0.00    0.00    0.00    0.00    0.00    0.00  100.00
04:08:07 AM    7    0.00    0.00    0.00    0.00    0.00    0.00    0.00    0.00    0.00  100.00

04:08:07 AM  CPU    %usr   %nice    %sys %iowait    %irq   %soft  %steal  %guest  %gnice   %idle
04:08:08 AM  all    0.38    0.00   24.50    0.00    0.12    1.88    0.00    0.00    0.00   73.12
04:08:08 AM    0    1.00    0.00   98.00    0.00    0.00    1.00    0.00    0.00    0.00    0.00
04:08:08 AM    1    1.98    0.00   97.03    0.00    0.99    0.00    0.00    0.00    0.00    0.00
04:08:08 AM    2    0.00    0.00    0.00    0.00    0.00    6.06    0.00    0.00    0.00   93.94
04:08:08 AM    3    0.00    0.00    0.00    0.00    0.00    8.00    0.00    0.00    0.00   92.00
04:08:08 AM    4    0.00    0.00    0.00    0.00    0.00    0.00    0.00    0.00    0.00  100.00
04:08:08 AM    5    0.00    0.00    0.00    0.00    0.00    0.00    0.00    0.00    0.00  100.00
04:08:08 AM    6    0.00    0.00    0.00    0.00    0.00    0.00    0.00    0.00    0.00  100.00
04:08:08 AM    7    0.00    0.00    0.00    0.00    0.00    0.00    0.00    0.00    0.00  100.00

04:08:08 AM  CPU    %usr   %nice    %sys %iowait    %irq   %soft  %steal  %guest  %gnice   %idle
04:08:09 AM  all    0.37    0.00   24.31    0.00    0.12    2.12    0.00    0.00    0.00   73.07
04:08:09 AM    0    1.98    0.00   96.04    0.00    0.99    0.99    0.00    0.00    0.00    0.00
04:08:09 AM    1    1.00    0.00   98.00    0.00    0.00    1.00    0.00    0.00    0.00    0.00
04:08:09 AM    2    0.00    0.00    0.00    0.00    0.00    7.00    0.00    0.00    0.00   93.00
04:08:09 AM    3    0.00    0.00    0.00    0.00    0.00    7.00    0.00    0.00    0.00   93.00
04:08:09 AM    4    0.00    0.00    0.00    0.00    0.00    0.00    0.00    0.00    0.00  100.00
04:08:09 AM    5    0.00    0.00    0.00    0.00    0.00    0.00    0.00    0.00    0.00  100.00
04:08:09 AM    6    0.00    0.00    0.00    0.00    0.00    0.99    0.00    0.00    0.00   99.01
04:08:09 AM    7    0.00    0.00    0.00    0.00    0.00    0.00    0.00    0.00    0.00  100.00

04:08:09 AM  CPU    %usr   %nice    %sys %iowait    %irq   %soft  %steal  %guest  %gnice   %idle
04:08:10 AM  all    0.25    0.00   24.81    0.00    0.00    1.75    0.00    0.00    0.00   73.18
04:08:10 AM    0    0.99    0.00   98.02    0.00    0.00    0.99    0.00    0.00    0.00    0.00
04:08:10 AM    1    1.00    0.00   99.00    0.00    0.00    0.00    0.00    0.00    0.00    0.00
04:08:10 AM    2    0.00    0.00    0.00    0.00    0.00    7.00    0.00    0.00    0.00   93.00
04:08:10 AM    3    0.00    0.00    0.00    0.00    0.00    6.12    0.00    0.00    0.00   93.88
04:08:10 AM    4    0.00    0.00    0.00    0.00    0.00    0.00    0.00    0.00    0.00  100.00
04:08:10 AM    5    0.00    0.00    0.00    0.00    0.00    0.00    0.00    0.00    0.00  100.00
04:08:10 AM    6    0.00    0.00    0.00    0.00    0.00    0.00    0.00    0.00    0.00  100.00
04:08:10 AM    7    0.00    0.00    0.00    0.00    0.00    0.00    0.00    0.00    0.00  100.00

04:08:10 AM  CPU    %usr   %nice    %sys %iowait    %irq   %soft  %steal  %guest  %gnice   %idle
04:08:11 AM  all    0.25    0.00   24.50    0.00    0.25    2.00    0.00    0.00    0.00   73.00
04:08:11 AM    0    1.01    0.00   98.99    0.00    0.00    0.00    0.00    0.00    0.00    0.00
04:08:11 AM    1    1.01    0.00   97.98    0.00    0.00    1.01    0.00    0.00    0.00    0.00
04:08:11 AM    2    0.00    0.00    0.00    0.00    1.00    6.00    0.00    0.00    0.00   93.00
04:08:11 AM    3    0.00    0.00    0.98    0.00    0.98    8.82    0.00    0.00    0.00   89.22
04:08:11 AM    4    0.00    0.00    0.00    0.00    0.00    0.00    0.00    0.00    0.00  100.00
04:08:11 AM    5    0.00    0.00    0.00    0.00    0.00    0.00    0.00    0.00    0.00  100.00
04:08:11 AM    6    0.00    0.00    0.00    0.00    0.00    0.00    0.00    0.00    0.00  100.00
04:08:11 AM    7    0.00    0.00    0.00    0.00    0.00    0.00    0.00    0.00    0.00  100.00

04:08:11 AM  CPU    %usr   %nice    %sys %iowait    %irq   %soft  %steal  %guest  %gnice   %idle
04:08:12 AM  all    0.37    0.00   24.47    0.00    0.25    1.75    0.00    0.00    0.00   73.16
04:08:12 AM    0    0.99    0.00   97.03    0.00    0.99    0.99    0.00    0.00    0.00    0.00
04:08:12 AM    1    1.98    0.00   97.03    0.00    0.99    0.00    0.00    0.00    0.00    0.00
04:08:12 AM    2    0.00    0.00    0.00    0.00    0.00    7.00    0.00    0.00    0.00   93.00
04:08:12 AM    3    0.00    0.00    0.00    0.00    0.00    6.06    0.00    0.00    0.00   93.94
04:08:12 AM    4    0.00    0.00    0.00    0.00    0.00    0.00    0.00    0.00    0.00  100.00
04:08:12 AM    5    0.00    0.00    0.00    0.00    0.00    0.00    0.00    0.00    0.00  100.00
04:08:12 AM    6    0.00    0.00    0.00    0.00    0.00    0.00    0.00    0.00    0.00  100.00
04:08:12 AM    7    0.00    0.00    0.00    0.00    0.00    0.00    0.00    0.00    0.00  100.00

04:08:12 AM  CPU    %usr   %nice    %sys %iowait    %irq   %soft  %steal  %guest  %gnice   %idle
04:08:13 AM  all    0.25    0.00   24.56    0.00    0.00    1.75    0.00    0.00    0.00   73.43
04:08:13 AM    0    1.01    0.00   98.99    0.00    0.00    0.00    0.00    0.00    0.00    0.00
04:08:13 AM    1    1.00    0.00   98.00    0.00    0.00    1.00    0.00    0.00    0.00    0.00
04:08:13 AM    2    0.00    0.00    0.00    0.00    0.00    6.06    0.00    0.00    0.00   93.94
04:08:13 AM    3    0.00    0.00    0.00    0.00    0.00    7.00    0.00    0.00    0.00   93.00
04:08:13 AM    4    0.00    0.00    0.00    0.00    0.00    0.00    0.00    0.00    0.00  100.00
04:08:13 AM    5    0.00    0.00    0.00    0.00    0.00    0.00    0.00    0.00    0.00  100.00
04:08:13 AM    6    0.00    0.00    0.00    0.00    0.00    0.00    0.00    0.00    0.00  100.00
04:08:13 AM    7    0.00    0.00    0.00    0.00    0.00    0.00    0.00    0.00    0.00  100.00

04:08:13 AM  CPU    %usr   %nice    %sys %iowait    %irq   %soft  %steal  %guest  %gnice   %idle
04:08:14 AM  all    0.25    0.00   24.50    0.00    0.25    2.00    0.00    0.00    0.00   73.00
04:08:14 AM    0    1.01    0.00   98.99    0.00    0.00    0.00    0.00    0.00    0.00    0.00
04:08:14 AM    1    1.01    0.00   98.99    0.00    0.00    0.00    0.00    0.00    0.00    0.00
04:08:14 AM    2    0.00    0.00    0.00    0.00    1.00    7.00    0.00    0.00    0.00   92.00
04:08:14 AM    3    0.00    0.00    0.00    0.00    1.00    7.00    0.00    0.00    0.00   92.00
04:08:14 AM    4    0.00    0.00    0.00    0.00    0.00    0.99    0.00    0.00    0.00   99.01
04:08:14 AM    5    0.00    0.00    0.00    0.00    0.00    0.99    0.00    0.00    0.00   99.01
04:08:14 AM    6    0.00    0.00    0.00    0.00    0.00    0.00    0.00    0.00    0.00  100.00
04:08:14 AM    7    0.00    0.00    0.00    0.00    0.00    0.00    0.00    0.00    0.00  100.00

04:08:14 AM  CPU    %usr   %nice    %sys %iowait    %irq   %soft  %steal  %guest  %gnice   %idle
04:08:15 AM  all    0.50    0.00   24.31    0.00    0.12    2.00    0.00    0.00    0.00   73.07
04:08:15 AM    0    2.97    0.00   96.04    0.00    0.00    0.99    0.00    0.00    0.00    0.00
04:08:15 AM    1    0.99    0.00   97.03    0.00    0.99    0.99    0.00    0.00    0.00    0.00
04:08:15 AM    2    0.00    0.00    0.00    0.00    0.00    7.00    0.00    0.00    0.00   93.00
04:08:15 AM    3    0.00    0.00    0.00    0.00    0.00    7.00    0.00    0.00    0.00   93.00
04:08:15 AM    4    0.00    0.00    0.00    0.00    0.00    0.00    0.00    0.00    0.00  100.00
04:08:15 AM    5    0.00    0.00    0.00    0.00    0.00    0.00    0.00    0.00    0.00  100.00
04:08:15 AM    6    0.00    0.00    0.00    0.00    0.00    0.00    0.00    0.00    0.00  100.00
04:08:15 AM    7    0.00    0.00    0.00    0.00    0.00    0.00    0.00    0.00    0.00  100.00

04:08:15 AM  CPU    %usr   %nice    %sys %iowait    %irq   %soft  %steal  %guest  %gnice   %idle
04:08:16 AM  all    0.25    0.00   24.59    0.00    0.13    1.76    0.00    0.00    0.00   73.27
04:08:16 AM    0    1.00    0.00   98.00    0.00    1.00    0.00    0.00    0.00    0.00    0.00
04:08:16 AM    1    1.01    0.00   98.99    0.00    0.00    0.00    0.00    0.00    0.00    0.00
04:08:16 AM    2    0.00    0.00    0.00    0.00    0.00    7.07    0.00    0.00    0.00   92.93
04:08:16 AM    3    0.00    0.00    0.00    0.00    0.00    7.00    0.00    0.00    0.00   93.00
04:08:16 AM    4    0.00    0.00    0.00    0.00    0.00    0.00    0.00    0.00    0.00  100.00
04:08:16 AM    5    0.00    0.00    0.00    0.00    0.00    0.00    0.00    0.00    0.00  100.00
04:08:16 AM    6    0.00    0.00    0.00    0.00    0.00    0.00    0.00    0.00    0.00  100.00
04:08:16 AM    7    0.00    0.00    0.00    0.00    0.00    0.00    0.00    0.00    0.00  100.00

04:08:16 AM  CPU    %usr   %nice    %sys %iowait    %irq   %soft  %steal  %guest  %gnice   %idle
04:08:17 AM  all    0.25    0.00   24.47    0.00    0.25    1.87    0.00    0.00    0.00   73.16
04:08:17 AM    0    1.00    0.00   98.00    0.00    0.00    1.00    0.00    0.00    0.00    0.00
04:08:17 AM    1    1.00    0.00   98.00    0.00    0.00    1.00    0.00    0.00    0.00    0.00
04:08:17 AM    2    0.00    0.00    0.00    0.00    0.99    6.93    0.00    0.00    0.00   92.08
04:08:17 AM    3    0.00    0.00    0.00    0.00    1.00    6.00    0.00    0.00    0.00   93.00
04:08:17 AM    4    0.00    0.00    0.00    0.00    0.00    0.00    0.00    0.00    0.00  100.00
04:08:17 AM    5    0.00    0.00    0.00    0.00    0.00    0.00    0.00    0.00    0.00  100.00
04:08:17 AM    6    0.00    0.00    0.00    0.00    0.00    0.00    0.00    0.00    0.00  100.00
04:08:17 AM    7    0.00    0.00    0.00    0.00    0.00    0.00    0.00    0.00    0.00  100.00

04:08:17 AM  CPU    %usr   %nice    %sys %iowait    %irq   %soft  %steal  %guest  %gnice   %idle
04:08:18 AM  all    0.25    0.00   24.62    0.00    0.12    1.88    0.00    0.00    0.00   73.12
04:08:18 AM    0    1.01    0.00   98.99    0.00    0.00    0.00    0.00    0.00    0.00    0.00
04:08:18 AM    1    0.99    0.00   98.02    0.00    0.99    0.00    0.00    0.00    0.00    0.00
04:08:18 AM    2    0.00    0.00    0.00    0.00    0.00    7.00    0.00    0.00    0.00   93.00
04:08:18 AM    3    0.00    0.00    0.00    0.00    0.00    8.00    0.00    0.00    0.00   92.00
04:08:18 AM    4    0.00    0.00    0.00    0.00    0.00    0.00    0.00    0.00    0.00  100.00
04:08:18 AM    5    0.00    0.00    0.00    0.00    0.00    0.00    0.00    0.00    0.00  100.00
04:08:18 AM    6    0.00    0.00    0.00    0.00    0.00    0.00    0.00    0.00    0.00  100.00
04:08:18 AM    7    0.00    0.00    0.00    0.00    0.00    0.00    0.00    0.00    0.00  100.00

04:08:18 AM  CPU    %usr   %nice    %sys %iowait    %irq   %soft  %steal  %guest  %gnice   %idle
04:08:19 AM  all    0.25    0.00   24.59    0.00    0.12    1.87    0.00    0.00    0.00   73.16
04:08:19 AM    0    0.98    0.00   97.06    0.00    0.98    0.98    0.00    0.00    0.00    0.00
04:08:19 AM    1    1.00    0.00   98.00    0.00    0.00    1.00    0.00    0.00    0.00    0.00
04:08:19 AM    2    0.00    0.00    0.00    0.00    0.00    7.00    0.00    0.00    0.00   93.00
04:08:19 AM    3    0.00    0.00    0.00    0.00    0.00    6.06    0.00    0.00    0.00   93.94
04:08:19 AM    4    0.00    0.00    0.00    0.00    0.00    0.00    0.00    0.00    0.00  100.00
04:08:19 AM    5    0.00    0.00    0.00    0.00    0.00    0.00    0.00    0.00    0.00  100.00
04:08:19 AM    6    0.00    0.00    0.00    0.00    0.00    0.00    0.00    0.00    0.00  100.00
04:08:19 AM    7    0.00    0.00    0.00    0.00    0.00    0.00    0.00    0.00    0.00  100.00

04:08:19 AM  CPU    %usr   %nice    %sys %iowait    %irq   %soft  %steal  %guest  %gnice   %idle
04:08:20 AM  all    0.25    0.00   24.53    0.00    0.25    1.88    0.00    0.00    0.00   73.09
04:08:20 AM    0    1.00    0.00   98.00    0.00    0.00    1.00    0.00    0.00    0.00    0.00
04:08:20 AM    1    1.01    0.00   98.99    0.00    0.00    0.00    0.00    0.00    0.00    0.00
04:08:20 AM    2    0.00    0.00    0.00    0.00    1.01    6.06    0.00    0.00    0.00   92.93
04:08:20 AM    3    0.00    0.00    0.00    0.00    0.99    7.92    0.00    0.00    0.00   91.09
04:08:20 AM    4    0.00    0.00    0.00    0.00    0.00    0.00    0.00    0.00    0.00  100.00
04:08:20 AM    5    0.00    0.00    0.00    0.00    0.00    0.00    0.00    0.00    0.00  100.00
04:08:20 AM    6    0.00    0.00    0.00    0.00    0.00    0.00    0.00    0.00    0.00  100.00
04:08:20 AM    7    0.00    0.00    0.00    0.00    0.00    0.00    0.00    0.00    0.00  100.00

04:08:20 AM  CPU    %usr   %nice    %sys %iowait    %irq   %soft  %steal  %guest  %gnice   %idle
04:08:21 AM  all    0.13    0.00   24.56    0.00    0.13    1.88    0.00    0.00    0.00   73.31
04:08:21 AM    0    0.00    0.00  100.00    0.00    0.00    0.00    0.00    0.00    0.00    0.00
04:08:21 AM    1    0.99    0.00   97.03    0.00    0.99    0.99    0.00    0.00    0.00    0.00
04:08:21 AM    2    0.00    0.00    0.00    0.00    0.00    7.00    0.00    0.00    0.00   93.00
04:08:21 AM    3    0.00    0.00    0.00    0.00    0.00    7.07    0.00    0.00    0.00   92.93
04:08:21 AM    4    0.00    0.00    0.00    0.00    0.00    0.00    0.00    0.00    0.00  100.00
04:08:21 AM    5    0.00    0.00    0.00    0.00    0.00    0.00    0.00    0.00    0.00  100.00
04:08:21 AM    6    0.00    0.00    0.00    0.00    0.00    0.00    0.00    0.00    0.00  100.00
04:08:21 AM    7    0.00    0.00    0.00    0.00    0.00    0.00    0.00    0.00    0.00  100.00

04:08:21 AM  CPU    %usr   %nice    %sys %iowait    %irq   %soft  %steal  %guest  %gnice   %idle
04:08:22 AM  all    0.25    0.00   24.66    0.00    0.13    1.63    0.00    0.00    0.00   73.34
04:08:22 AM    0    0.99    0.00   97.03    0.00    0.99    0.99    0.00    0.00    0.00    0.00
04:08:22 AM    1    1.00    0.00   99.00    0.00    0.00    0.00    0.00    0.00    0.00    0.00
04:08:22 AM    2    0.00    0.00    0.00    0.00    0.00    6.06    0.00    0.00    0.00   93.94
04:08:22 AM    3    0.00    0.00    0.00    0.00    0.00    6.06    0.00    0.00    0.00   93.94
04:08:22 AM    4    0.00    0.00    0.00    0.00    0.00    0.00    0.00    0.00    0.00  100.00
04:08:22 AM    5    0.00    0.00    0.00    0.00    0.00    0.00    0.00    0.00    0.00  100.00
04:08:22 AM    6    0.00    0.00    0.00    0.00    0.00    0.00    0.00    0.00    0.00  100.00
04:08:22 AM    7    0.00    0.00    0.00    0.00    0.00    0.00    0.00    0.00    0.00  100.00

04:08:22 AM  CPU    %usr   %nice    %sys %iowait    %irq   %soft  %steal  %guest  %gnice   %idle
04:08:23 AM  all    0.38    0.00   24.38    0.00    0.25    2.00    0.00    0.00    0.00   73.00
04:08:23 AM    0    1.01    0.00   98.99    0.00    0.00    0.00    0.00    0.00    0.00    0.00
04:08:23 AM    1    2.02    0.00   97.98    0.00    0.00    0.00    0.00    0.00    0.00    0.00
04:08:23 AM    2    0.00    0.00    0.00    0.00    0.99    7.92    0.00    0.00    0.00   91.09
04:08:23 AM    3    0.00    0.00    0.00    0.00    0.99    7.92    0.00    0.00    0.00   91.09
04:08:23 AM    4    0.00    0.00    0.00    0.00    0.00    0.00    0.00    0.00    0.00  100.00
04:08:23 AM    5    0.00    0.00    0.00    0.00    0.00    0.00    0.00    0.00    0.00  100.00
04:08:23 AM    6    0.00    0.00    0.00    0.00    0.00    0.00    0.00    0.00    0.00  100.00
04:08:23 AM    7    0.00    0.00    0.00    0.00    0.00    0.00    0.00    0.00    0.00  100.00

04:08:23 AM  CPU    %usr   %nice    %sys %iowait    %irq   %soft  %steal  %guest  %gnice   %idle
04:08:24 AM  all    0.38    0.00   24.41    0.00    0.00    2.00    0.00    0.00    0.00   73.22
04:08:24 AM    0    2.00    0.00   97.00    0.00    0.00    1.00    0.00    0.00    0.00    0.00
04:08:24 AM    1    1.00    0.00   98.00    0.00    0.00    1.00    0.00    0.00    0.00    0.00
04:08:24 AM    2    0.00    0.00    0.00    0.00    0.00    7.00    0.00    0.00    0.00   93.00
04:08:24 AM    3    0.00    0.00    0.00    0.00    0.00    7.00    0.00    0.00    0.00   93.00
04:08:24 AM    4    0.00    0.00    0.00    0.00    0.00    0.00    0.00    0.00    0.00  100.00
04:08:24 AM    5    0.00    0.00    0.00    0.00    0.00    0.00    0.00    0.00    0.00  100.00
04:08:24 AM    6    0.00    0.00    0.00    0.00    0.00    0.00    0.00    0.00    0.00  100.00
04:08:24 AM    7    0.00    0.00    0.00    0.00    0.00    0.00    0.00    0.00    0.00  100.00

04:08:24 AM  CPU    %usr   %nice    %sys %iowait    %irq   %soft  %steal  %guest  %gnice   %idle
04:08:25 AM  all    0.25    0.00   24.50    0.00    0.25    1.75    0.00    0.00    0.00   73.25
04:08:25 AM    0    0.98    0.00   97.06    0.00    0.98    0.00    0.00    0.00    0.00    0.98
04:08:25 AM    1    1.00    0.00   97.00    0.00    1.00    1.00    0.00    0.00    0.00    0.00
04:08:25 AM    2    0.00    0.00    0.00    0.00    0.00    6.06    0.00    0.00    0.00   93.94
04:08:25 AM    3    0.00    0.00    0.00    0.00    0.00    7.07    0.00    0.00    0.00   92.93
04:08:25 AM    4    0.00    0.00    0.00    0.00    0.00    0.00    0.00    0.00    0.00  100.00
04:08:25 AM    5    0.00    0.00    0.00    0.00    0.00    0.00    0.00    0.00    0.00  100.00
04:08:25 AM    6    0.00    0.00    0.00    0.00    0.00    0.00    0.00    0.00    0.00  100.00
04:08:25 AM    7    0.00    0.00    0.00    0.00    0.00    0.00    0.00    0.00    0.00  100.00

04:08:25 AM  CPU    %usr   %nice    %sys %iowait    %irq   %soft  %steal  %guest  %gnice   %idle
04:08:26 AM  all    0.25    0.00   24.56    0.00    0.25    1.87    0.00    0.00    0.00   73.07
04:08:26 AM    0    1.00    0.00   98.00    0.00    0.00    1.00    0.00    0.00    0.00    0.00
04:08:26 AM    1    0.99    0.00   98.02    0.00    0.00    0.99    0.00    0.00    0.00    0.00
04:08:26 AM    2    0.00    0.00    0.00    0.00    1.00    6.00    0.00    0.00    0.00   93.00
04:08:26 AM    3    0.00    0.00    0.00    0.00    0.99    6.93    0.00    0.00    0.00   92.08
04:08:26 AM    4    0.00    0.00    0.00    0.00    0.00    0.00    0.00    0.00    0.00  100.00
04:08:26 AM    5    0.00    0.00    0.00    0.00    0.00    0.00    0.00    0.00    0.00  100.00
04:08:26 AM    6    0.00    0.00    0.00    0.00    0.00    0.00    0.00    0.00    0.00  100.00
04:08:26 AM    7    0.00    0.00    0.00    0.00    0.00    0.00    0.00    0.00    0.00  100.00

04:08:26 AM  CPU    %usr   %nice    %sys %iowait    %irq   %soft  %steal  %guest  %gnice   %idle
04:08:27 AM  all    0.25    0.00   24.56    0.00    0.00    1.88    0.00    0.00    0.00   73.31
04:08:27 AM    0    1.01    0.00   98.99    0.00    0.00    0.00    0.00    0.00    0.00    0.00
04:08:27 AM    1    1.00    0.00   98.00    0.00    0.00    0.00    0.00    0.00    0.00    1.00
04:08:27 AM    2    0.00    0.00    0.00    0.00    0.00    8.00    0.00    0.00    0.00   92.00
04:08:27 AM    3    0.00    0.00    0.00    0.00    0.00    7.07    0.00    0.00    0.00   92.93
04:08:27 AM    4    0.00    0.00    0.00    0.00    0.00    0.00    0.00    0.00    0.00  100.00
04:08:27 AM    5    0.00    0.00    0.00    0.00    0.00    0.00    0.00    0.00    0.00  100.00
04:08:27 AM    6    0.00    0.00    0.00    0.00    0.00    0.00    0.00    0.00    0.00  100.00
04:08:27 AM    7    0.00    0.00    0.00    0.00    0.00    0.00    0.00    0.00    0.00  100.00

04:08:27 AM  CPU    %usr   %nice    %sys %iowait    %irq   %soft  %steal  %guest  %gnice   %idle
04:08:28 AM  all    0.12    0.00   24.56    0.00    0.12    2.12    0.00    0.00    0.00   73.07
04:08:28 AM    0    1.00    0.00   98.00    0.00    0.00    1.00    0.00    0.00    0.00    0.00
04:08:28 AM    1    0.00    0.00   98.02    0.00    0.99    0.99    0.00    0.00    0.00    0.00
04:08:28 AM    2    0.00    0.00    0.00    0.00    0.00    7.00    0.00    0.00    0.00   93.00
04:08:28 AM    3    0.00    0.00    0.00    0.00    0.00    7.00    0.00    0.00    0.00   93.00
04:08:28 AM    4    0.00    0.00    0.00    0.00    0.00    0.99    0.00    0.00    0.00   99.01
04:08:28 AM    5    0.00    0.00    0.00    0.00    0.00    0.00    0.00    0.00    0.00  100.00
04:08:28 AM    6    0.00    0.00    0.00    0.00    0.00    0.00    0.00    0.00    0.00  100.00
04:08:28 AM    7    0.00    0.00    0.00    0.00    0.00    0.00    0.00    0.00    0.00  100.00

04:08:28 AM  CPU    %usr   %nice    %sys %iowait    %irq   %soft  %steal  %guest  %gnice   %idle
04:08:29 AM  all    0.38    0.00   24.53    0.00    0.25    1.50    0.00    0.00    0.00   73.34
04:08:29 AM    0    1.00    0.00   98.00    0.00    1.00    0.00    0.00    0.00    0.00    0.00
04:08:29 AM    1    2.00    0.00   98.00    0.00    0.00    0.00    0.00    0.00    0.00    0.00
04:08:29 AM    2    0.00    0.00    0.00    0.00    0.00    6.06    0.00    0.00    0.00   93.94
04:08:29 AM    3    0.00    0.00    0.00    0.00    1.00    6.00    0.00    0.00    0.00   93.00
04:08:29 AM    4    0.00    0.00    0.00    0.00    0.00    0.00    0.00    0.00    0.00  100.00
04:08:29 AM    5    0.00    0.00    0.00    0.00    0.00    0.00    0.00    0.00    0.00  100.00
04:08:29 AM    6    0.00    0.00    0.00    0.00    0.00    0.00    0.00    0.00    0.00  100.00
04:08:29 AM    7    0.00    0.00    0.00    0.00    0.00    0.00    0.00    0.00    0.00  100.00

04:08:29 AM  CPU    %usr   %nice    %sys %iowait    %irq   %soft  %steal  %guest  %gnice   %idle
04:08:30 AM  all    0.25    0.00   24.50    0.00    0.12    2.12    0.00    0.00    0.00   73.00
04:08:30 AM    0    1.00    0.00   98.00    0.00    0.00    1.00    0.00    0.00    0.00    0.00
04:08:30 AM    1    1.00    0.00   98.00    0.00    0.00    1.00    0.00    0.00    0.00    0.00
04:08:30 AM    2    0.00    0.00    0.00    0.00    0.99    7.92    0.00    0.00    0.00   91.09
04:08:30 AM    3    0.00    0.00    0.00    0.00    0.00    7.07    0.00    0.00    0.00   92.93
04:08:30 AM    4    0.00    0.00    0.00    0.00    0.00    0.00    0.00    0.00    0.00  100.00
04:08:30 AM    5    0.00    0.00    0.00    0.00    0.00    0.00    0.00    0.00    0.00  100.00
04:08:30 AM    6    0.00    0.00    0.00    0.00    0.00    0.00    0.00    0.00    0.00  100.00
04:08:30 AM    7    0.00    0.00    0.00    0.00    0.00    0.00    0.00    0.00    0.00  100.00

04:08:30 AM  CPU    %usr   %nice    %sys %iowait    %irq   %soft  %steal  %guest  %gnice   %idle
04:08:31 AM  all    0.13    0.00   24.53    0.00    0.13    1.88    0.00    0.00    0.00   73.34
04:08:31 AM    0    1.00    0.00   98.00    0.00    0.00    1.00    0.00    0.00    0.00    0.00
04:08:31 AM    1    0.00    0.00   98.99    0.00    1.01    0.00    0.00    0.00    0.00    0.00
04:08:31 AM    2    0.00    0.00    0.00    0.00    0.00    6.06    0.00    0.00    0.00   93.94
04:08:31 AM    3    0.00    0.00    0.00    0.00    0.00    7.92    0.00    0.00    0.00   92.08
04:08:31 AM    4    0.00    0.00    0.00    0.00    0.00    0.00    0.00    0.00    0.00  100.00
04:08:31 AM    5    0.00    0.00    0.00    0.00    0.00    0.00    0.00    0.00    0.00  100.00
04:08:31 AM    6    0.00    0.00    0.00    0.00    0.00    0.00    0.00    0.00    0.00  100.00
04:08:31 AM    7    0.00    0.00    0.00    0.00    0.00    0.00    0.00    0.00    0.00  100.00

04:08:31 AM  CPU    %usr   %nice    %sys %iowait    %irq   %soft  %steal  %guest  %gnice   %idle
04:08:32 AM  all    0.25    0.00   24.62    0.00    0.12    2.00    0.00    0.00    0.00   73.00
04:08:32 AM    0    0.00    0.00   99.00    0.00    1.00    0.00    0.00    0.00    0.00    0.00
04:08:32 AM    1    1.98    0.00   97.03    0.00    0.00    0.99    0.00    0.00    0.00    0.00
04:08:32 AM    2    0.00    0.00    0.00    0.00    0.00    7.07    0.00    0.00    0.00   92.93
04:08:32 AM    3    0.00    0.00    0.00    0.00    0.00    7.07    0.00    0.00    0.00   92.93
04:08:32 AM    4    0.00    0.00    0.00    0.00    0.00    0.00    0.00    0.00    0.00  100.00
04:08:32 AM    5    0.00    0.00    0.00    0.00    0.00    0.00    0.00    0.00    0.00  100.00
04:08:32 AM    6    0.00    0.00    0.00    0.00    0.00    0.00    0.00    0.00    0.00  100.00
04:08:32 AM    7    0.00    0.00    0.00    0.00    0.00    0.99    0.00    0.00    0.00   99.01

04:08:32 AM  CPU    %usr   %nice    %sys %iowait    %irq   %soft  %steal  %guest  %gnice   %idle
04:08:33 AM  all    0.38    0.00   24.25    0.00    0.25    2.00    0.00    0.00    0.00   73.12
04:08:33 AM    0    2.00    0.00   97.00    0.00    0.00    1.00    0.00    0.00    0.00    0.00
04:08:33 AM    1    1.01    0.00   97.98    0.00    0.00    1.01    0.00    0.00    0.00    0.00
04:08:33 AM    2    0.00    0.00    0.00    0.00    0.99    6.93    0.00    0.00    0.00   92.08
04:08:33 AM    3    0.00    0.00    0.00    0.00    1.00    7.00    0.00    0.00    0.00   92.00
04:08:33 AM    4    0.00    0.00    0.00    0.00    0.00    0.00    0.00    0.00    0.00  100.00
04:08:33 AM    5    0.00    0.00    0.00    0.00    0.00    0.00    0.00    0.00    0.00  100.00
04:08:33 AM    6    0.00    0.00    0.00    0.00    0.00    0.00    0.00    0.00    0.00  100.00
04:08:33 AM    7    0.00    0.00    0.00    0.00    0.00    0.00    0.00    0.00    0.00  100.00

04:08:33 AM  CPU    %usr   %nice    %sys %iowait    %irq   %soft  %steal  %guest  %gnice   %idle
04:08:34 AM  all    0.12    0.00   24.62    0.00    0.00    2.12    0.00    0.00    0.00   73.12
04:08:34 AM    0    1.00    0.00   98.00    0.00    0.00    1.00    0.00    0.00    0.00    0.00
04:08:34 AM    1    0.00    0.00   99.00    0.00    0.00    1.00    0.00    0.00    0.00    0.00
04:08:34 AM    2    0.00    0.00    0.00    0.00    0.00    6.06    0.00    0.00    0.00   93.94
04:08:34 AM    3    0.00    0.00    0.00    0.00    0.00    8.00    0.00    0.00    0.00   92.00
04:08:34 AM    4    0.00    0.00    0.00    0.00    0.00    0.00    0.00    0.00    0.00  100.00
04:08:34 AM    5    0.00    0.00    0.00    0.00    0.00    0.99    0.00    0.00    0.00   99.01
04:08:34 AM    6    0.00    0.00    0.00    0.00    0.00    0.00    0.00    0.00    0.00  100.00
04:08:34 AM    7    0.00    0.00    0.00    0.00    0.00    0.00    0.00    0.00    0.00  100.00

04:08:34 AM  CPU    %usr   %nice    %sys %iowait    %irq   %soft  %steal  %guest  %gnice   %idle
04:08:35 AM  all    0.13    0.00   24.53    0.00    0.25    1.75    0.00    0.00    0.00   73.34
04:08:35 AM    0    0.00    0.00   98.99    0.00    1.01    0.00    0.00    0.00    0.00    0.00
04:08:35 AM    1    1.00    0.00   98.00    0.00    1.00    0.00    0.00    0.00    0.00    0.00
04:08:35 AM    2    0.00    0.00    0.00    0.00    0.00    7.00    0.00    0.00    0.00   93.00
04:08:35 AM    3    0.00    0.00    0.00    0.00    0.00    7.00    0.00    0.00    0.00   93.00
04:08:35 AM    4    0.00    0.00    0.00    0.00    0.00    0.00    0.00    0.00    0.00  100.00
04:08:35 AM    5    0.00    0.00    0.00    0.00    0.00    0.00    0.00    0.00    0.00  100.00
04:08:35 AM    6    0.00    0.00    0.00    0.00    0.00    0.00    0.00    0.00    0.00  100.00
04:08:35 AM    7    0.00    0.00    0.00    0.00    0.00    0.00    0.00    0.00    0.00  100.00

04:08:35 AM  CPU    %usr   %nice    %sys %iowait    %irq   %soft  %steal  %guest  %gnice   %idle
04:08:36 AM  all    0.25    0.00   24.50    0.00    0.25    1.88    0.00    0.00    0.00   73.12
04:08:36 AM    0    0.99    0.00   97.03    0.00    0.00    0.99    0.00    0.00    0.00    0.99
04:08:36 AM    1    1.00    0.00   98.00    0.00    0.00    1.00    0.00    0.00    0.00    0.00
04:08:36 AM    2    0.00    0.00    0.00    0.00    1.00    7.00    0.00    0.00    0.00   92.00
04:08:36 AM    3    0.00    0.00    0.00    0.00    1.01    6.06    0.00    0.00    0.00   92.93
04:08:36 AM    4    0.00    0.00    0.00    0.00    0.00    0.00    0.00    0.00    0.00  100.00
04:08:36 AM    5    0.00    0.00    0.00    0.00    0.00    0.00    0.00    0.00    0.00  100.00
04:08:36 AM    6    0.00    0.00    0.00    0.00    0.00    0.00    0.00    0.00    0.00  100.00
04:08:36 AM    7    0.00    0.00    0.00    0.00    0.00    0.00    0.00    0.00    0.00  100.00

04:08:36 AM  CPU    %usr   %nice    %sys %iowait    %irq   %soft  %steal  %guest  %gnice   %idle
04:08:37 AM  all    0.37    0.00   24.47    0.00    0.00    2.00    0.00    0.00    0.00   73.16
04:08:37 AM    0    1.00    0.00   98.00    0.00    0.00    1.00    0.00    0.00    0.00    0.00
04:08:37 AM    1    2.00    0.00   98.00    0.00    0.00    0.00    0.00    0.00    0.00    0.00
04:08:37 AM    2    0.00    0.00    0.00    0.00    0.00    7.00    0.00    0.00    0.00   93.00
04:08:37 AM    3    0.00    0.00    0.00    0.00    0.00    7.92    0.00    0.00    0.00   92.08
04:08:37 AM    4    0.00    0.00    0.00    0.00    0.00    0.00    0.00    0.00    0.00  100.00
04:08:37 AM    5    0.00    0.00    0.00    0.00    0.00    0.00    0.00    0.00    0.00  100.00
04:08:37 AM    6    0.00    0.00    0.00    0.00    0.00    0.00    0.00    0.00    0.00  100.00
04:08:37 AM    7    0.00    0.00    0.00    0.00    0.00    0.00    0.00    0.00    0.00  100.00

04:08:37 AM  CPU    %usr   %nice    %sys %iowait    %irq   %soft  %steal  %guest  %gnice   %idle
04:08:38 AM  all    0.12    0.00   24.62    0.00    0.25    1.88    0.00    0.00    0.00   73.12
04:08:38 AM    0    0.00    0.00   99.00    0.00    1.00    0.00    0.00    0.00    0.00    0.00
04:08:38 AM    1    0.99    0.00   97.03    0.00    0.99    0.99    0.00    0.00    0.00    0.00
04:08:38 AM    2    0.00    0.00    0.00    0.00    0.00    7.00    0.00    0.00    0.00   93.00
04:08:38 AM    3    0.00    0.00    0.00    0.00    0.00    7.07    0.00    0.00    0.00   92.93
04:08:38 AM    4    0.00    0.00    0.00    0.00    0.00    0.00    0.00    0.00    0.00  100.00
04:08:38 AM    5    0.00    0.00    0.00    0.00    0.00    0.00    0.00    0.00    0.00  100.00
04:08:38 AM    6    0.00    0.00    0.00    0.00    0.00    0.00    0.00    0.00    0.00  100.00
04:08:38 AM    7    0.00    0.00    0.00    0.00    0.00    0.00    0.00    0.00    0.00  100.00

04:08:38 AM  CPU    %usr   %nice    %sys %iowait    %irq   %soft  %steal  %guest  %gnice   %idle
04:08:39 AM  all    0.13    0.00   24.56    0.00    0.25    1.75    0.00    0.00    0.00   73.31
04:08:39 AM    0    1.00    0.00   98.00    0.00    0.00    1.00    0.00    0.00    0.00    0.00
04:08:39 AM    1    0.00    0.00  100.00    0.00    0.00    0.00    0.00    0.00    0.00    0.00
04:08:39 AM    2    0.00    0.00    0.00    0.00    1.00    6.00    0.00    0.00    0.00   93.00
04:08:39 AM    3    0.00    0.00    0.00    0.00    1.00    7.00    0.00    0.00    0.00   92.00
04:08:39 AM    4    0.00    0.00    0.00    0.00    0.00    0.00    0.00    0.00    0.00  100.00
04:08:39 AM    5    0.00    0.00    0.00    0.00    0.00    0.00    0.00    0.00    0.00  100.00
04:08:39 AM    6    0.00    0.00    0.00    0.00    0.00    0.00    0.00    0.00    0.00  100.00
04:08:39 AM    7    0.00    0.00    0.00    0.00    0.00    0.00    0.00    0.00    0.00  100.00

04:08:39 AM  CPU    %usr   %nice    %sys %iowait    %irq   %soft  %steal  %guest  %gnice   %idle
04:08:40 AM  all    0.38    0.00   24.53    0.00    0.00    1.88    0.00    0.00    0.00   73.22
04:08:40 AM    0    2.00    0.00   98.00    0.00    0.00    0.00    0.00    0.00    0.00    0.00
04:08:40 AM    1    1.00    0.00   98.00    0.00    0.00    1.00    0.00    0.00    0.00    0.00
04:08:40 AM    2    0.00    0.00    0.00    0.00    0.00    7.07    0.00    0.00    0.00   92.93
04:08:40 AM    3    0.00    0.00    0.00    0.00    0.00    7.00    0.00    0.00    0.00   93.00
04:08:40 AM    4    0.00    0.00    0.00    0.00    0.00    0.00    0.00    0.00    0.00  100.00
04:08:40 AM    5    0.00    0.00    0.00    0.00    0.00    0.00    0.00    0.00    0.00  100.00
04:08:40 AM    6    0.00    0.00    0.00    0.00    0.00    0.00    0.00    0.00    0.00  100.00
04:08:40 AM    7    0.00    0.00    0.00    0.00    0.00    0.00    0.00    0.00    0.00  100.00

04:08:40 AM  CPU    %usr   %nice    %sys %iowait    %irq   %soft  %steal  %guest  %gnice   %idle
04:08:41 AM  all    0.37    0.00   24.44    0.00    0.12    2.00    0.00    0.00    0.00   73.07
04:08:41 AM    0    2.00    0.00   97.00    0.00    0.00    1.00    0.00    0.00    0.00    0.00
04:08:41 AM    1    0.98    0.00   97.06    0.00    0.98    0.00    0.00    0.00    0.00    0.98
04:08:41 AM    2    0.00    0.00    0.00    0.00    0.00    7.00    0.00    0.00    0.00   93.00
04:08:41 AM    3    0.00    0.00    0.00    0.00    0.00    7.07    0.00    0.00    0.00   92.93
04:08:41 AM    4    0.00    0.00    0.00    0.00    0.00    0.99    0.00    0.00    0.00   99.01
04:08:41 AM    5    0.00    0.00    0.00    0.00    0.00    0.00    0.00    0.00    0.00  100.00
04:08:41 AM    6    0.00    0.00    0.00    0.00    0.00    0.00    0.00    0.00    0.00  100.00
04:08:41 AM    7    0.00    0.00    0.00    0.00    0.00    0.00    0.00    0.00    0.00  100.00

04:08:41 AM  CPU    %usr   %nice    %sys %iowait    %irq   %soft  %steal  %guest  %gnice   %idle
04:08:42 AM  all    0.12    0.00   24.50    0.00    0.38    1.88    0.00    0.00    0.00   73.12
04:08:42 AM    0    0.00    0.00   98.00    0.00    1.00    1.00    0.00    0.00    0.00    0.00
04:08:42 AM    1    1.00    0.00   98.00    0.00    0.00    1.00    0.00    0.00    0.00    0.00
04:08:42 AM    2    0.00    0.00    0.00    0.00    1.00    7.00    0.00    0.00    0.00   92.00
04:08:42 AM    3    0.00    0.00    0.00    0.00    1.00    6.00    0.00    0.00    0.00   93.00
04:08:42 AM    4    0.00    0.00    0.00    0.00    0.00    0.00    0.00    0.00    0.00  100.00
04:08:42 AM    5    0.00    0.00    0.00    0.00    0.00    0.00    0.00    0.00    0.00  100.00
04:08:42 AM    6    0.00    0.00    0.00    0.00    0.00    0.00    0.00    0.00    0.00  100.00
04:08:42 AM    7    0.00    0.00    0.00    0.00    0.00    0.00    0.00    0.00    0.00  100.00

04:08:42 AM  CPU    %usr   %nice    %sys %iowait    %irq   %soft  %steal  %guest  %gnice   %idle
04:08:43 AM  all    0.25    0.00   24.47    0.00    0.00    1.88    0.00    0.00    0.00   73.40
04:08:43 AM    0    1.01    0.00   98.99    0.00    0.00    0.00    0.00    0.00    0.00    0.00
04:08:43 AM    1    1.01    0.00   97.98    0.00    0.00    1.01    0.00    0.00    0.00    0.00
04:08:43 AM    2    0.00    0.00    0.00    0.00    0.00    7.00    0.00    0.00    0.00   93.00
04:08:43 AM    3    0.00    0.00    0.00    0.00    0.00    7.00    0.00    0.00    0.00   93.00
04:08:43 AM    4    0.00    0.00    0.00    0.00    0.00    0.00    0.00    0.00    0.00  100.00
04:08:43 AM    5    0.00    0.00    0.00    0.00    0.00    0.00    0.00    0.00    0.00  100.00
04:08:43 AM    6    0.00    0.00    0.00    0.00    0.00    0.00    0.00    0.00    0.00  100.00
04:08:43 AM    7    0.00    0.00    0.00    0.00    0.00    0.00    0.00    0.00    0.00  100.00

04:08:43 AM  CPU    %usr   %nice    %sys %iowait    %irq   %soft  %steal  %guest  %gnice   %idle
04:08:44 AM  all    0.25    0.00   24.41    0.00    0.00    2.13    0.00    0.00    0.00   73.22
04:08:44 AM    0    1.00    0.00   97.00    0.00    0.00    2.00    0.00    0.00    0.00    0.00
04:08:44 AM    1    1.00    0.00   98.00    0.00    0.00    1.00    0.00    0.00    0.00    0.00
04:08:44 AM    2    0.00    0.00    0.00    0.00    0.00    7.00    0.00    0.00    0.00   93.00
04:08:44 AM    3    0.00    0.00    0.00    0.00    0.00    7.00    0.00    0.00    0.00   93.00
04:08:44 AM    4    0.00    0.00    0.00    0.00    0.00    0.00    0.00    0.00    0.00  100.00
04:08:44 AM    5    0.00    0.00    0.00    0.00    0.00    0.00    0.00    0.00    0.00  100.00
04:08:44 AM    6    0.00    0.00    0.00    0.00    0.00    0.00    0.00    0.00    0.00  100.00
04:08:44 AM    7    0.00    0.00    0.00    0.00    0.00    0.00    0.00    0.00    0.00  100.00

04:08:44 AM  CPU    %usr   %nice    %sys %iowait    %irq   %soft  %steal  %guest  %gnice   %idle
04:08:45 AM  all    0.25    0.00   24.47    0.00    0.50    1.87    0.00    0.00    0.00   72.91
04:08:45 AM    0    0.99    0.00   97.03    0.00    0.99    0.99    0.00    0.00    0.00    0.00
04:08:45 AM    1    1.00    0.00   98.00    0.00    1.00    0.00    0.00    0.00    0.00    0.00
04:08:45 AM    2    0.00    0.00    0.00    0.00    1.00    7.00    0.00    0.00    0.00   92.00
04:08:45 AM    3    0.00    0.00    0.00    0.00    1.00    7.00    0.00    0.00    0.00   92.00
04:08:45 AM    4    0.00    0.00    0.00    0.00    0.00    0.00    0.00    0.00    0.00  100.00
04:08:45 AM    5    0.00    0.00    0.00    0.00    0.00    0.00    0.00    0.00    0.00  100.00
04:08:45 AM    6    0.00    0.00    0.00    0.00    0.00    0.00    0.00    0.00    0.00  100.00
04:08:45 AM    7    0.00    0.00    0.00    0.00    0.00    0.00    0.00    0.00    0.00  100.00

04:08:45 AM  CPU    %usr   %nice    %sys %iowait    %irq   %soft  %steal  %guest  %gnice   %idle
04:08:46 AM  all    0.25    0.00   24.59    0.00    0.00    2.00    0.00    0.00    0.00   73.16
04:08:46 AM    0    1.00    0.00   98.00    0.00    0.00    1.00    0.00    0.00    0.00    0.00
04:08:46 AM    1    0.99    0.00   98.02    0.00    0.00    0.99    0.00    0.00    0.00    0.00
04:08:46 AM    2    0.00    0.00    0.00    0.00    0.00    7.00    0.00    0.00    0.00   93.00
04:08:46 AM    3    0.00    0.00    0.00    0.00    0.00    7.00    0.00    0.00    0.00   93.00
04:08:46 AM    4    0.00    0.00    0.00    0.00    0.00    0.00    0.00    0.00    0.00  100.00
04:08:46 AM    5    0.00    0.00    0.00    0.00    0.00    0.00    0.00    0.00    0.00  100.00
04:08:46 AM    6    0.00    0.00    0.00    0.00    0.00    0.00    0.00    0.00    0.00  100.00
04:08:46 AM    7    0.00    0.00    0.00    0.00    0.00    0.00    0.00    0.00    0.00  100.00

04:08:46 AM  CPU    %usr   %nice    %sys %iowait    %irq   %soft  %steal  %guest  %gnice   %idle
04:08:47 AM  all    0.25    0.00   24.62    0.00    0.00    1.63    0.00    0.00    0.00   73.49
04:08:47 AM    0    1.01    0.00   98.99    0.00    0.00    0.00    0.00    0.00    0.00    0.00
04:08:47 AM    1    1.01    0.00   98.99    0.00    0.00    0.00    0.00    0.00    0.00    0.00
04:08:47 AM    2    0.00    0.00    0.00    0.00    0.00    7.07    0.00    0.00    0.00   92.93
04:08:47 AM    3    0.00    0.00    0.00    0.00    0.00    6.06    0.00    0.00    0.00   93.94
04:08:47 AM    4    0.00    0.00    0.00    0.00    0.00    0.00    0.00    0.00    0.00  100.00
04:08:47 AM    5    0.00    0.00    0.00    0.00    0.00    0.00    0.00    0.00    0.00  100.00
04:08:47 AM    6    0.00    0.00    0.00    0.00    0.00    0.00    0.00    0.00    0.00  100.00
04:08:47 AM    7    0.00    0.00    0.00    0.00    0.00    0.00    0.00    0.00    0.00  100.00

04:08:47 AM  CPU    %usr   %nice    %sys %iowait    %irq   %soft  %steal  %guest  %gnice   %idle
04:08:48 AM  all    0.37    0.00   24.22    0.00    0.50    2.24    0.00    0.00    0.00   72.67
04:08:48 AM    0    1.98    0.00   96.04    0.00    0.99    0.99    0.00    0.00    0.00    0.00
04:08:48 AM    1    1.00    0.00   98.00    0.00    1.00    0.00    0.00    0.00    0.00    0.00
04:08:48 AM    2    0.00    0.00    0.00    0.00    0.99    6.93    0.00    0.00    0.00   92.08
04:08:48 AM    3    0.00    0.00    0.00    0.00    0.99    7.92    0.00    0.00    0.00   91.09
04:08:48 AM    4    0.00    0.00    0.00    0.00    0.00    0.00    0.00    0.00    0.00  100.00
04:08:48 AM    5    0.00    0.00    0.00    0.00    0.00    0.99    0.00    0.00    0.00   99.01
04:08:48 AM    6    0.00    0.00    0.00    0.00    0.00    0.99    0.00    0.00    0.00   99.01
04:08:48 AM    7    0.00    0.00    0.00    0.00    0.00    0.00    0.00    0.00    0.00  100.00

04:08:48 AM  CPU    %usr   %nice    %sys %iowait    %irq   %soft  %steal  %guest  %gnice   %idle
04:08:49 AM  all    0.38    0.00   24.50    0.00    0.00    2.00    0.00    0.00    0.00   73.12
04:08:49 AM    0    1.00    0.00   98.00    0.00    0.00    1.00    0.00    0.00    0.00    0.00
04:08:49 AM    1    1.98    0.00   97.03    0.00    0.00    0.99    0.00    0.00    0.00    0.00
04:08:49 AM    2    0.00    0.00    0.00    0.00    0.00    7.07    0.00    0.00    0.00   92.93
04:08:49 AM    3    0.00    0.00    0.00    0.00    0.00    7.00    0.00    0.00    0.00   93.00
04:08:49 AM    4    0.00    0.00    0.00    0.00    0.00    0.00    0.00    0.00    0.00  100.00
04:08:49 AM    5    0.00    0.00    0.00    0.00    0.00    0.00    0.00    0.00    0.00  100.00
04:08:49 AM    6    0.00    0.00    0.00    0.00    0.00    0.00    0.00    0.00    0.00  100.00
04:08:49 AM    7    0.00    0.00    0.00    0.00    0.00    0.00    0.00    0.00    0.00  100.00

04:08:49 AM  CPU    %usr   %nice    %sys %iowait    %irq   %soft  %steal  %guest  %gnice   %idle
04:08:50 AM  all    0.25    0.00   24.59    0.00    0.00    1.76    0.00    0.00    0.00   73.40
04:08:50 AM    0    2.02    0.00   97.98    0.00    0.00    0.00    0.00    0.00    0.00    0.00
04:08:50 AM    1    0.00    0.00  100.00    0.00    0.00    0.00    0.00    0.00    0.00    0.00
04:08:50 AM    2    0.00    0.00    0.00    0.00    0.00    7.00    0.00    0.00    0.00   93.00
04:08:50 AM    3    0.00    0.00    0.00    0.00    0.00    7.07    0.00    0.00    0.00   92.93
04:08:50 AM    4    0.00    0.00    0.00    0.00    0.00    0.00    0.00    0.00    0.00  100.00
04:08:50 AM    5    0.00    0.00    0.00    0.00    0.00    0.00    0.00    0.00    0.00  100.00
04:08:50 AM    6    0.00    0.00    0.00    0.00    0.00    0.00    0.00    0.00    0.00  100.00
04:08:50 AM    7    0.00    0.00    0.00    0.00    0.00    0.00    0.00    0.00    0.00  100.00

04:08:50 AM  CPU    %usr   %nice    %sys %iowait    %irq   %soft  %steal  %guest  %gnice   %idle
04:08:51 AM  all    0.25    0.00   24.59    0.00    0.37    1.75    0.00    0.00    0.00   73.03
04:08:51 AM    0    1.00    0.00   98.00    0.00    1.00    0.00    0.00    0.00    0.00    0.00
04:08:51 AM    1    0.98    0.00   97.06    0.00    0.98    0.98    0.00    0.00    0.00    0.00
04:08:51 AM    2    0.00    0.00    0.00    0.00    1.00    7.00    0.00    0.00    0.00   92.00
04:08:51 AM    3    0.00    0.00    0.00    0.00    0.00    6.06    0.00    0.00    0.00   93.94
04:08:51 AM    4    0.00    0.00    0.00    0.00    0.00    0.00    0.00    0.00    0.00  100.00
04:08:51 AM    5    0.00    0.00    0.00    0.00    0.00    0.00    0.00    0.00    0.00  100.00
04:08:51 AM    6    0.00    0.00    0.00    0.00    0.00    0.00    0.00    0.00    0.00  100.00
04:08:51 AM    7    0.00    0.00    0.00    0.00    0.00    0.00    0.00    0.00    0.00  100.00

04:08:51 AM  CPU    %usr   %nice    %sys %iowait    %irq   %soft  %steal  %guest  %gnice   %idle
04:08:52 AM  all    0.25    0.00   24.50    0.00    0.12    1.88    0.00    0.00    0.00   73.25
04:08:52 AM    0    1.98    0.00   97.03    0.00    0.00    0.99    0.00    0.00    0.00    0.00
04:08:52 AM    1    0.00    0.00  100.00    0.00    0.00    0.00    0.00    0.00    0.00    0.00
04:08:52 AM    2    0.00    0.00    0.00    0.00    0.00    7.00    0.00    0.00    0.00   93.00
04:08:52 AM    3    0.00    0.00    0.00    0.00    0.99    6.93    0.00    0.00    0.00   92.08
04:08:52 AM    4    0.00    0.00    0.00    0.00    0.00    0.00    0.00    0.00    0.00  100.00
04:08:52 AM    5    0.00    0.00    0.00    0.00    0.00    0.00    0.00    0.00    0.00  100.00
04:08:52 AM    6    0.00    0.00    0.00    0.00    0.00    0.00    0.00    0.00    0.00  100.00
04:08:52 AM    7    0.00    0.00    0.00    0.00    0.00    0.00    0.00    0.00    0.00  100.00

04:08:52 AM  CPU    %usr   %nice    %sys %iowait    %irq   %soft  %steal  %guest  %gnice   %idle
04:08:53 AM  all    0.38    0.00   24.50    0.00    0.00    2.00    0.00    0.00    0.00   73.12
04:08:53 AM    0    0.99    0.00   97.03    0.00    0.00    0.99    0.00    0.00    0.00    0.99
04:08:53 AM    1    1.98    0.00   97.03    0.00    0.00    0.99    0.00    0.00    0.00    0.00
04:08:53 AM    2    0.00    0.00    0.00    0.00    0.00    7.07    0.00    0.00    0.00   92.93
04:08:53 AM    3    0.00    0.00    0.00    0.00    0.00    7.07    0.00    0.00    0.00   92.93
04:08:53 AM    4    0.00    0.00    0.00    0.00    0.00    0.00    0.00    0.00    0.00  100.00
04:08:53 AM    5    0.00    0.00    0.00    0.00    0.00    0.00    0.00    0.00    0.00  100.00
04:08:53 AM    6    0.00    0.00    0.00    0.00    0.00    0.00    0.00    0.00    0.00  100.00
04:08:53 AM    7    0.00    0.00    0.00    0.00    0.00    0.00    0.00    0.00    0.00  100.00

04:08:53 AM  CPU    %usr   %nice    %sys %iowait    %irq   %soft  %steal  %guest  %gnice   %idle
04:08:54 AM  all    0.25    0.00   24.53    0.00    0.00    1.88    0.00    0.00    0.00   73.34
04:08:54 AM    0    1.01    0.00   98.99    0.00    0.00    0.00    0.00    0.00    0.00    0.00
04:08:54 AM    1    1.01    0.00   98.99    0.00    0.00    0.00    0.00    0.00    0.00    0.00
04:08:54 AM    2    0.00    0.00    0.00    0.00    0.00    7.00    0.00    0.00    0.00   93.00
04:08:54 AM    3    0.00    0.00    0.00    0.00    0.00    7.00    0.00    0.00    0.00   93.00
04:08:54 AM    4    0.00    0.00    0.00    0.00    0.00    0.99    0.00    0.00    0.00   99.01
04:08:54 AM    5    0.00    0.00    0.00    0.00    0.00    0.00    0.00    0.00    0.00  100.00
04:08:54 AM    6    0.00    0.00    0.00    0.00    0.00    0.00    0.00    0.00    0.00  100.00
04:08:54 AM    7    0.00    0.00    0.00    0.00    0.00    0.00    0.00    0.00    0.00  100.00

04:08:54 AM  CPU    %usr   %nice    %sys %iowait    %irq   %soft  %steal  %guest  %gnice   %idle
04:08:55 AM  all    0.25    0.00   24.41    0.00    0.50    1.87    0.00    0.00    0.00   72.98
04:08:55 AM    0    0.99    0.00   97.03    0.00    0.99    0.99    0.00    0.00    0.00    0.00
04:08:55 AM    1    0.99    0.00   97.03    0.00    0.99    0.99    0.00    0.00    0.00    0.00
04:08:55 AM    2    0.00    0.00    0.00    0.00    1.00    6.00    0.00    0.00    0.00   93.00
04:08:55 AM    3    0.00    0.00    0.00    0.00    0.99    6.93    0.00    0.00    0.00   92.08
04:08:55 AM    4    0.00    0.00    0.00    0.00    0.00    0.00    0.00    0.00    0.00  100.00
04:08:55 AM    5    0.00    0.00    0.00    0.00    0.00    0.00    0.00    0.00    0.00  100.00
04:08:55 AM    6    0.00    0.00    0.00    0.00    0.00    0.00    0.00    0.00    0.00  100.00
04:08:55 AM    7    0.00    0.00    0.00    0.00    0.00    0.00    0.00    0.00    0.00  100.00

04:08:55 AM  CPU    %usr   %nice    %sys %iowait    %irq   %soft  %steal  %guest  %gnice   %idle
04:08:56 AM  all    0.25    0.00   24.69    0.00    0.00    1.75    0.00    0.00    0.00   73.31
04:08:56 AM    0    1.01    0.00   98.99    0.00    0.00    0.00    0.00    0.00    0.00    0.00
04:08:56 AM    1    1.00    0.00   99.00    0.00    0.00    0.00    0.00    0.00    0.00    0.00
04:08:56 AM    2    0.00    0.00    0.00    0.00    0.00    7.00    0.00    0.00    0.00   93.00
04:08:56 AM    3    0.00    0.00    0.00    0.00    0.00    7.07    0.00    0.00    0.00   92.93
04:08:56 AM    4    0.00    0.00    0.00    0.00    0.00    0.00    0.00    0.00    0.00  100.00
04:08:56 AM    5    0.00    0.00    0.00    0.00    0.00    0.00    0.00    0.00    0.00  100.00
04:08:56 AM    6    0.00    0.00    0.00    0.00    0.00    0.00    0.00    0.00    0.00  100.00
04:08:56 AM    7    0.00    0.00    0.00    0.00    0.00    0.00    0.00    0.00    0.00  100.00

04:08:56 AM  CPU    %usr   %nice    %sys %iowait    %irq   %soft  %steal  %guest  %gnice   %idle
04:08:57 AM  all    0.25    0.00   24.53    0.00    0.00    1.88    0.00    0.00    0.00   73.34
04:08:57 AM    0    1.00    0.00   98.00    0.00    0.00    1.00    0.00    0.00    0.00    0.00
04:08:57 AM    1    1.01    0.00   98.99    0.00    0.00    0.00    0.00    0.00    0.00    0.00
04:08:57 AM    2    0.00    0.00    0.00    0.00    0.00    7.00    0.00    0.00    0.00   93.00
04:08:57 AM    3    0.00    0.00    0.00    0.00    0.00    7.00    0.00    0.00    0.00   93.00
04:08:57 AM    4    0.00    0.00    0.00    0.00    0.00    0.00    0.00    0.00    0.00  100.00
04:08:57 AM    5    0.00    0.00    0.00    0.00    0.00    0.00    0.00    0.00    0.00  100.00
04:08:57 AM    6    0.00    0.00    0.00    0.00    0.00    0.00    0.00    0.00    0.00  100.00
04:08:57 AM    7    0.00    0.00    0.00    0.00    0.00    0.00    0.00    0.00    0.00  100.00

04:08:57 AM  CPU    %usr   %nice    %sys %iowait    %irq   %soft  %steal  %guest  %gnice   %idle
04:08:58 AM  all    0.37    0.00   24.44    0.00    0.50    1.87    0.00    0.00    0.00   72.82
04:08:58 AM    0    1.00    0.00   98.00    0.00    1.00    0.00    0.00    0.00    0.00    0.00
04:08:58 AM    1    1.96    0.00   96.08    0.00    0.98    0.98    0.00    0.00    0.00    0.00
04:08:58 AM    2    0.00    0.00    0.00    0.00    1.00    6.00    0.00    0.00    0.00   93.00
04:08:58 AM    3    0.00    0.00    0.00    0.00    1.00    8.00    0.00    0.00    0.00   91.00
04:08:58 AM    4    0.00    0.00    0.00    0.00    0.00    0.00    0.00    0.00    0.00  100.00
04:08:58 AM    5    0.00    0.00    0.00    0.00    0.00    0.00    0.00    0.00    0.00  100.00
04:08:58 AM    6    0.00    0.00    0.00    0.00    0.00    0.00    0.00    0.00    0.00  100.00
04:08:58 AM    7    0.00    0.00    0.00    0.00    0.00    0.00    0.00    0.00    0.00  100.00

04:08:58 AM  CPU    %usr   %nice    %sys %iowait    %irq   %soft  %steal  %guest  %gnice   %idle
04:08:59 AM  all    0.13    0.00   24.62    0.00    0.00    1.76    0.00    0.00    0.00   73.49
04:08:59 AM    0    1.00    0.00   98.00    0.00    0.00    1.00    0.00    0.00    0.00    0.00
04:08:59 AM    1    0.00    0.00  100.00    0.00    0.00    0.00    0.00    0.00    0.00    0.00
04:08:59 AM    2    0.00    0.00    0.00    0.00    0.00    7.07    0.00    0.00    0.00   92.93
04:08:59 AM    3    0.00    0.00    0.00    0.00    0.00    6.06    0.00    0.00    0.00   93.94
04:08:59 AM    4    0.00    0.00    0.00    0.00    0.00    0.00    0.00    0.00    0.00  100.00
04:08:59 AM    5    0.00    0.00    0.00    0.00    0.00    0.00    0.00    0.00    0.00  100.00
04:08:59 AM    6    0.00    0.00    0.00    0.00    0.00    0.00    0.00    0.00    0.00  100.00
04:08:59 AM    7    0.00    0.00    0.00    0.00    0.00    0.00    0.00    0.00    0.00  100.00

04:08:59 AM  CPU    %usr   %nice    %sys %iowait    %irq   %soft  %steal  %guest  %gnice   %idle
04:09:00 AM  all    0.37    0.00   24.56    0.00    0.00    1.87    0.00    0.00    0.00   73.19
04:09:00 AM    0    1.00    0.00   99.00    0.00    0.00    0.00    0.00    0.00    0.00    0.00
04:09:00 AM    1    1.96    0.00   96.08    0.00    0.00    0.98    0.00    0.00    0.00    0.98
04:09:00 AM    2    0.00    0.00    0.00    0.00    0.00    7.00    0.00    0.00    0.00   93.00
04:09:00 AM    3    0.00    0.00    0.00    0.00    0.00    7.00    0.00    0.00    0.00   93.00
04:09:00 AM    4    0.00    0.00    0.00    0.00    0.00    0.00    0.00    0.00    0.00  100.00
04:09:00 AM    5    0.00    0.00    0.00    0.00    0.00    0.00    0.00    0.00    0.00  100.00
04:09:00 AM    6    0.00    0.00    0.00    0.00    0.00    0.00    0.00    0.00    0.00  100.00
04:09:00 AM    7    0.00    0.00    0.00    0.00    0.00    0.00    0.00    0.00    0.00  100.00

04:09:00 AM  CPU    %usr   %nice    %sys %iowait    %irq   %soft  %steal  %guest  %gnice   %idle
04:09:01 AM  all    0.37    0.00   24.34    0.00    0.50    2.00    0.00    0.00    0.00   72.78
04:09:01 AM    0    0.99    0.00   97.03    0.00    0.99    0.99    0.00    0.00    0.00    0.00
04:09:01 AM    1    2.00    0.00   97.00    0.00    1.00    0.00    0.00    0.00    0.00    0.00
04:09:01 AM    2    0.00    0.00    0.00    0.00    1.00    7.00    0.00    0.00    0.00   92.00
04:09:01 AM    3    0.00    0.00    0.00    0.00    0.99    7.92    0.00    0.00    0.00   91.09
04:09:01 AM    4    0.00    0.00    0.00    0.00    0.00    0.00    0.00    0.00    0.00  100.00
04:09:01 AM    5    0.00    0.00    0.00    0.00    0.00    0.00    0.00    0.00    0.00  100.00
04:09:01 AM    6    0.00    0.00    0.00    0.00    0.00    0.00    0.00    0.00    0.00  100.00
04:09:01 AM    7    0.00    0.00    0.00    0.00    0.00    0.00    0.00    0.00    0.00  100.00

04:09:01 AM  CPU    %usr   %nice    %sys %iowait    %irq   %soft  %steal  %guest  %gnice   %idle
04:09:02 AM  all    0.25    0.00   24.53    0.00    0.00    1.88    0.00    0.00    0.00   73.34
04:09:02 AM    0    1.01    0.00   98.99    0.00    0.00    0.00    0.00    0.00    0.00    0.00
04:09:02 AM    1    1.00    0.00   98.00    0.00    0.00    1.00    0.00    0.00    0.00    0.00
04:09:02 AM    2    0.00    0.00    0.00    0.00    0.00    7.00    0.00    0.00    0.00   93.00
04:09:02 AM    3    0.00    0.00    0.00    0.00    0.00    7.07    0.00    0.00    0.00   92.93
04:09:02 AM    4    0.00    0.00    0.00    0.00    0.00    0.00    0.00    0.00    0.00  100.00
04:09:02 AM    5    0.00    0.00    0.00    0.00    0.00    0.00    0.00    0.00    0.00  100.00
04:09:02 AM    6    0.00    0.00    0.00    0.00    0.00    0.00    0.00    0.00    0.00  100.00
04:09:02 AM    7    0.00    0.00    0.00    0.00    0.00    0.00    0.00    0.00    0.00  100.00

04:09:02 AM  CPU    %usr   %nice    %sys %iowait    %irq   %soft  %steal  %guest  %gnice   %idle
04:09:03 AM  all    0.25    0.00   24.59    0.00    0.00    1.76    0.00    0.00    0.00   73.40
04:09:03 AM    0    2.02    0.00   97.98    0.00    0.00    0.00    0.00    0.00    0.00    0.00
04:09:03 AM    1    0.00    0.00   99.00    0.00    0.00    1.00    0.00    0.00    0.00    0.00
04:09:03 AM    2    0.00    0.00    0.00    0.00    0.00    7.07    0.00    0.00    0.00   92.93
04:09:03 AM    3    0.00    0.00    0.00    0.00    0.00    6.00    0.00    0.00    0.00   94.00
04:09:03 AM    4    0.00    0.00    0.00    0.00    0.00    0.00    0.00    0.00    0.00  100.00
04:09:03 AM    5    0.00    0.00    0.00    0.00    0.00    0.00    0.00    0.00    0.00  100.00
04:09:03 AM    6    0.00    0.00    0.00    0.00    0.00    0.00    0.00    0.00    0.00  100.00
04:09:03 AM    7    0.00    0.00    0.00    0.00    0.00    0.00    0.00    0.00    0.00  100.00

04:09:03 AM  CPU    %usr   %nice    %sys %iowait    %irq   %soft  %steal  %guest  %gnice   %idle
04:09:04 AM  all    0.25    0.00   24.56    0.00    0.37    2.00    0.00    0.00    0.00   72.82
04:09:04 AM    0    0.98    0.00   97.06    0.00    0.98    0.98    0.00    0.00    0.00    0.00
04:09:04 AM    1    1.01    0.00   98.99    0.00    0.00    0.00    0.00    0.00    0.00    0.00
04:09:04 AM    2    0.00    0.00    0.00    0.00    0.99    6.93    0.00    0.00    0.00   92.08
04:09:04 AM    3    0.00    0.00    0.00    0.00    1.00    7.00    0.00    0.00    0.00   92.00
04:09:04 AM    4    0.00    0.00    0.00    0.00    0.00    0.00    0.00    0.00    0.00  100.00
04:09:04 AM    5    0.00    0.00    0.00    0.00    0.00    1.00    0.00    0.00    0.00   99.00
04:09:04 AM    6    0.00    0.00    0.00    0.00    0.00    0.00    0.00    0.00    0.00  100.00
04:09:04 AM    7    0.00    0.00    0.00    0.00    0.00    0.00    0.00    0.00    0.00  100.00

04:09:04 AM  CPU    %usr   %nice    %sys %iowait    %irq   %soft  %steal  %guest  %gnice   %idle
04:09:05 AM  all    0.25    0.00   24.41    0.00    0.13    1.88    0.00    0.00    0.00   73.34
04:09:05 AM    0    0.00    0.00   98.99    0.00    0.00    1.01    0.00    0.00    0.00    0.00
04:09:05 AM    1    2.00    0.00   97.00    0.00    1.00    0.00    0.00    0.00    0.00    0.00
04:09:05 AM    2    0.00    0.00    0.00    0.00    0.00    6.06    0.00    0.00    0.00   93.94
04:09:05 AM    3    0.00    0.00    0.00    0.00    0.00    8.00    0.00    0.00    0.00   92.00
04:09:05 AM    4    0.00    0.00    0.00    0.00    0.00    0.00    0.00    0.00    0.00  100.00
04:09:05 AM    5    0.00    0.00    0.00    0.00    0.00    0.00    0.00    0.00    0.00  100.00
04:09:05 AM    6    0.00    0.00    0.00    0.00    0.00    0.00    0.00    0.00    0.00  100.00
04:09:05 AM    7    0.00    0.00    0.00    0.00    0.00    0.00    0.00    0.00    0.00  100.00

04:09:05 AM  CPU    %usr   %nice    %sys %iowait    %irq   %soft  %steal  %guest  %gnice   %idle
04:09:06 AM  all    0.38    0.00   24.66    0.00    0.00    1.88    0.00    0.00    0.00   73.09
04:09:06 AM    0    2.00    0.00   98.00    0.00    0.00    0.00    0.00    0.00    0.00    0.00
04:09:06 AM    1    0.99    0.00   98.02    0.00    0.00    0.99    0.00    0.00    0.00    0.00
04:09:06 AM    2    0.00    0.00    0.00    0.00    0.00    7.07    0.00    0.00    0.00   92.93
04:09:06 AM    3    0.00    0.00    0.00    0.00    0.00    7.00    0.00    0.00    0.00   93.00
04:09:06 AM    4    0.00    0.00    0.00    0.00    0.00    0.00    0.00    0.00    0.00  100.00
04:09:06 AM    5    0.00    0.00    0.00    0.00    0.00    0.00    0.00    0.00    0.00  100.00
04:09:06 AM    6    0.00    0.00    0.00    0.00    0.00    0.00    0.00    0.00    0.00  100.00
04:09:06 AM    7    0.00    0.00    0.00    0.00    0.00    0.00    0.00    0.00    0.00  100.00

04:09:06 AM  CPU    %usr   %nice    %sys %iowait    %irq   %soft  %steal  %guest  %gnice   %idle
04:09:07 AM  all    0.25    0.00   24.59    0.00    0.25    1.87    0.00    0.00    0.00   73.03
04:09:07 AM    0    1.00    0.00   99.00    0.00    0.00    0.00    0.00    0.00    0.00    0.00
04:09:07 AM    1    1.01    0.00   98.99    0.00    0.00    0.00    0.00    0.00    0.00    0.00
04:09:07 AM    2    0.00    0.00    0.00    0.00    0.99    6.93    0.00    0.00    0.00   92.08
04:09:07 AM    3    0.00    0.00    0.00    0.00    1.00    7.00    0.00    0.00    0.00   92.00
04:09:07 AM    4    0.00    0.00    0.00    0.00    0.00    0.99    0.00    0.00    0.00   99.01
04:09:07 AM    5    0.00    0.00    0.00    0.00    0.00    0.00    0.00    0.00    0.00  100.00
04:09:07 AM    6    0.00    0.00    0.00    0.00    0.00    0.00    0.00    0.00    0.00  100.00
04:09:07 AM    7    0.00    0.00    0.00    0.00    0.00    0.00    0.00    0.00    0.00  100.00

04:09:07 AM  CPU    %usr   %nice    %sys %iowait    %irq   %soft  %steal  %guest  %gnice   %idle
04:09:08 AM  all    0.25    0.00   24.44    0.00    0.25    2.00    0.00    0.00    0.00   73.07
04:09:08 AM    0    0.99    0.00   97.03    0.00    0.99    0.99    0.00    0.00    0.00    0.00
04:09:08 AM    1    0.99    0.00   97.03    0.00    0.99    0.99    0.00    0.00    0.00    0.00
04:09:08 AM    2    0.00    0.00    0.00    0.00    0.00    7.00    0.00    0.00    0.00   93.00
04:09:08 AM    3    0.00    0.00    0.00    0.00    0.00    7.00    0.00    0.00    0.00   93.00
04:09:08 AM    4    0.00    0.00    0.00    0.00    0.00    0.00    0.00    0.00    0.00  100.00
04:09:08 AM    5    0.00    0.00    0.00    0.00    0.00    0.00    0.00    0.00    0.00  100.00
04:09:08 AM    6    0.00    0.00    0.00    0.00    0.00    0.00    0.00    0.00    0.00  100.00
04:09:08 AM    7    0.00    0.00    0.00    0.00    0.00    0.00    0.00    0.00    0.00  100.00

04:09:08 AM  CPU    %usr   %nice    %sys %iowait    %irq   %soft  %steal  %guest  %gnice   %idle
04:09:09 AM  all    0.25    0.00   24.47    0.00    0.00    2.01    0.00    0.00    0.00   73.27
04:09:09 AM    0    0.00    0.00   98.99    0.00    0.00    1.01    0.00    0.00    0.00    0.00
04:09:09 AM    1    2.00    0.00   97.00    0.00    0.00    1.00    0.00    0.00    0.00    0.00
04:09:09 AM    2    0.00    0.00    0.00    0.00    0.00    7.07    0.00    0.00    0.00   92.93
04:09:09 AM    3    0.00    0.00    0.00    0.00    0.00    7.07    0.00    0.00    0.00   92.93
04:09:09 AM    4    0.00    0.00    0.00    0.00    0.00    0.00    0.00    0.00    0.00  100.00
04:09:09 AM    5    0.00    0.00    0.00    0.00    0.00    0.00    0.00    0.00    0.00  100.00
04:09:09 AM    6    0.00    0.00    0.00    0.00    0.00    0.00    0.00    0.00    0.00  100.00
04:09:09 AM    7    0.00    0.00    0.00    0.00    0.00    0.00    0.00    0.00    0.00  100.00

04:09:09 AM  CPU    %usr   %nice    %sys %iowait    %irq   %soft  %steal  %guest  %gnice   %idle
04:09:10 AM  all    0.12    0.00   24.62    0.00    0.25    1.75    0.00    0.00    0.00   73.25
04:09:10 AM    0    1.01    0.00   98.99    0.00    0.00    0.00    0.00    0.00    0.00    0.00
04:09:10 AM    1    0.00    0.00  100.00    0.00    0.00    0.00    0.00    0.00    0.00    0.00
04:09:10 AM    2    0.00    0.00    0.00    0.00    0.99    6.93    0.00    0.00    0.00   92.08
04:09:10 AM    3    0.00    0.00    0.00    0.00    0.99    6.93    0.00    0.00    0.00   92.08
04:09:10 AM    4    0.00    0.00    0.00    0.00    0.00    0.00    0.00    0.00    0.00  100.00
04:09:10 AM    5    0.00    0.00    0.00    0.00    0.00    0.00    0.00    0.00    0.00  100.00
04:09:10 AM    6    0.00    0.00    0.00    0.00    0.00    0.00    0.00    0.00    0.00  100.00
04:09:10 AM    7    0.00    0.00    0.00    0.00    0.00    0.00    0.00    0.00    0.00  100.00

04:09:10 AM  CPU    %usr   %nice    %sys %iowait    %irq   %soft  %steal  %guest  %gnice   %idle
04:09:11 AM  all    0.37    0.00   24.34    0.00    0.25    2.12    0.00    0.00    0.00   72.91
04:09:11 AM    0    0.99    0.00   97.03    0.00    0.99    0.99    0.00    0.00    0.00    0.00
04:09:11 AM    1    1.98    0.00   96.04    0.00    0.99    0.99    0.00    0.00    0.00    0.00
04:09:11 AM    2    0.00    0.00    0.00    0.00    0.00    7.00    0.00    0.00    0.00   93.00
04:09:11 AM    3    0.00    0.00    0.00    0.00    0.00    8.08    0.00    0.00    0.00   91.92
04:09:11 AM    4    0.00    0.00    0.00    0.00    0.00    0.00    0.00    0.00    0.00  100.00
04:09:11 AM    5    0.00    0.00    0.00    0.00    0.00    0.00    0.00    0.00    0.00  100.00
04:09:11 AM    6    0.00    0.00    0.00    0.00    0.00    0.00    0.00    0.00    0.00  100.00
04:09:11 AM    7    0.00    0.00    0.00    0.00    0.00    0.00    0.00    0.00    0.00  100.00

04:09:11 AM  CPU    %usr   %nice    %sys %iowait    %irq   %soft  %steal  %guest  %gnice   %idle
04:09:12 AM  all    0.25    0.00   24.69    0.00    0.00    1.63    0.00    0.00    0.00   73.43
04:09:12 AM    0    1.00    0.00   98.00    0.00    0.00    1.00    0.00    0.00    0.00    0.00
04:09:12 AM    1    1.00    0.00   99.00    0.00    0.00    0.00    0.00    0.00    0.00    0.00
04:09:12 AM    2    0.00    0.00    0.00    0.00    0.00    6.06    0.00    0.00    0.00   93.94
04:09:12 AM    3    0.00    0.00    0.00    0.00    0.00    6.06    0.00    0.00    0.00   93.94
04:09:12 AM    4    0.00    0.00    0.00    0.00    0.00    0.00    0.00    0.00    0.00  100.00
04:09:12 AM    5    0.00    0.00    0.00    0.00    0.00    0.00    0.00    0.00    0.00  100.00
04:09:12 AM    6    0.00    0.00    0.00    0.00    0.00    0.00    0.00    0.00    0.00  100.00
04:09:12 AM    7    0.00    0.00    0.00    0.00    0.00    0.00    0.00    0.00    0.00  100.00

04:09:12 AM  CPU    %usr   %nice    %sys %iowait    %irq   %soft  %steal  %guest  %gnice   %idle
04:09:13 AM  all    0.37    0.00   24.59    0.00    0.25    1.75    0.00    0.00    0.00   73.03
04:09:13 AM    0    1.00    0.00   99.00    0.00    0.00    0.00    0.00    0.00    0.00    0.00
04:09:13 AM    1    2.00    0.00   98.00    0.00    0.00    0.00    0.00    0.00    0.00    0.00
04:09:13 AM    2    0.00    0.00    0.00    0.00    1.00    7.00    0.00    0.00    0.00   92.00
04:09:13 AM    3    0.00    0.00    0.00    0.00    0.99    6.93    0.00    0.00    0.00   92.08
04:09:13 AM    4    0.00    0.00    0.00    0.00    0.00    0.00    0.00    0.00    0.00  100.00
04:09:13 AM    5    0.00    0.00    0.00    0.00    0.00    0.00    0.00    0.00    0.00  100.00
04:09:13 AM    6    0.00    0.00    0.00    0.00    0.00    0.00    0.00    0.00    0.00  100.00
04:09:13 AM    7    0.00    0.00    0.00    0.00    0.00    0.00    0.00    0.00    0.00  100.00

04:09:13 AM  CPU    %usr   %nice    %sys %iowait    %irq   %soft  %steal  %guest  %gnice   %idle
04:09:14 AM  all    0.13    0.00   24.53    0.00    0.13    2.00    0.00    0.00    0.00   73.22
04:09:14 AM    0    0.99    0.00   97.03    0.00    0.99    0.99    0.00    0.00    0.00    0.00
04:09:14 AM    1    0.00    0.00   98.99    0.00    0.00    1.01    0.00    0.00    0.00    0.00
04:09:14 AM    2    0.00    0.00    0.00    0.00    0.00    7.00    0.00    0.00    0.00   93.00
04:09:14 AM    3    0.00    0.00    0.00    0.00    0.00    7.07    0.00    0.00    0.00   92.93
04:09:14 AM    4    0.00    0.00    0.00    0.00    0.00    0.00    0.00    0.00    0.00  100.00
04:09:14 AM    5    0.00    0.00    0.00    0.00    0.00    0.00    0.00    0.00    0.00  100.00
04:09:14 AM    6    0.00    0.00    0.00    0.00    0.00    0.00    0.00    0.00    0.00  100.00
04:09:14 AM    7    0.00    0.00    0.00    0.00    0.00    0.00    0.00    0.00    0.00  100.00

04:09:14 AM  CPU    %usr   %nice    %sys %iowait    %irq   %soft  %steal  %guest  %gnice   %idle
04:09:15 AM  all    0.50    0.00   24.25    0.00    0.12    2.00    0.00    0.00    0.00   73.12
04:09:15 AM    0    2.02    0.00   97.98    0.00    0.00    0.00    0.00    0.00    0.00    0.00
04:09:15 AM    1    1.98    0.00   96.04    0.00    0.99    0.99    0.00    0.00    0.00    0.00
04:09:15 AM    2    0.00    0.00    0.00    0.00    0.00    7.07    0.00    0.00    0.00   92.93
04:09:15 AM    3    0.00    0.00    0.00    0.00    0.00    7.00    0.00    0.00    0.00   93.00
04:09:15 AM    4    0.00    0.00    0.00    0.00    0.00    0.00    0.00    0.00    0.00  100.00
04:09:15 AM    5    0.00    0.00    0.00    0.00    0.00    0.00    0.00    0.00    0.00  100.00
04:09:15 AM    6    0.00    0.00    0.00    0.00    0.00    0.00    0.00    0.00    0.00  100.00
04:09:15 AM    7    0.00    0.00    0.00    0.00    0.00    0.99    0.00    0.00    0.00   99.01

04:09:15 AM  CPU    %usr   %nice    %sys %iowait    %irq   %soft  %steal  %guest  %gnice   %idle
04:09:16 AM  all    0.25    0.00   24.62    0.00    0.12    1.88    0.00    0.00    0.00   73.12
04:09:16 AM    0    1.00    0.00   98.00    0.00    0.00    1.00    0.00    0.00    0.00    0.00
04:09:16 AM    1    1.00    0.00   99.00    0.00    0.00    0.00    0.00    0.00    0.00    0.00
04:09:16 AM    2    0.00    0.00    0.00    0.00    0.99    6.93    0.00    0.00    0.00   92.08
04:09:16 AM    3    0.00    0.00    0.00    0.00    0.00    7.07    0.00    0.00    0.00   92.93
04:09:16 AM    4    0.00    0.00    0.00    0.00    0.00    0.00    0.00    0.00    0.00  100.00
04:09:16 AM    5    0.00    0.00    0.00    0.00    0.00    0.00    0.00    0.00    0.00  100.00
04:09:16 AM    6    0.00    0.00    0.00    0.00    0.00    0.00    0.00    0.00    0.00  100.00
04:09:16 AM    7    0.00    0.00    0.00    0.00    0.00    0.00    0.00    0.00    0.00  100.00

04:09:16 AM  CPU    %usr   %nice    %sys %iowait    %irq   %soft  %steal  %guest  %gnice   %idle
04:09:17 AM  all    0.37    0.00   24.56    0.00    0.12    1.87    0.00    0.00    0.00   73.07
04:09:17 AM    0    0.99    0.00   98.02    0.00    0.00    0.00    0.00    0.00    0.00    0.99
04:09:17 AM    1    2.00    0.00   98.00    0.00    0.00    0.00    0.00    0.00    0.00    0.00
04:09:17 AM    2    0.00    0.00    0.00    0.00    0.00    6.06    0.00    0.00    0.00   93.94
04:09:17 AM    3    0.00    0.00    0.00    0.00    1.00    7.00    0.00    0.00    0.00   92.00
04:09:17 AM    4    0.00    0.00    0.00    0.00    0.00    0.99    0.00    0.00    0.00   99.01
04:09:17 AM    5    0.00    0.00    0.00    0.00    0.00    0.99    0.00    0.00    0.00   99.01
04:09:17 AM    6    0.00    0.00    0.00    0.00    0.00    0.00    0.00    0.00    0.00  100.00
04:09:17 AM    7    0.00    0.00    0.00    0.00    0.00    0.00    0.00    0.00    0.00  100.00

04:09:17 AM  CPU    %usr   %nice    %sys %iowait    %irq   %soft  %steal  %guest  %gnice   %idle
04:09:18 AM  all    0.25    0.00   24.31    0.00    0.25    2.12    0.00    0.00    0.00   73.07
04:09:18 AM    0    0.99    0.00   97.03    0.00    0.99    0.99    0.00    0.00    0.00    0.00
04:09:18 AM    1    1.00    0.00   97.00    0.00    1.00    1.00    0.00    0.00    0.00    0.00
04:09:18 AM    2    0.00    0.00    0.00    0.00    0.00    7.00    0.00    0.00    0.00   93.00
04:09:18 AM    3    0.00    0.00    0.00    0.00    0.00    8.00    0.00    0.00    0.00   92.00
04:09:18 AM    4    0.00    0.00    0.00    0.00    0.00    0.00    0.00    0.00    0.00  100.00
04:09:18 AM    5    0.00    0.00    0.00    0.00    0.00    0.00    0.00    0.00    0.00  100.00
04:09:18 AM    6    0.00    0.00    0.00    0.00    0.00    0.00    0.00    0.00    0.00  100.00
04:09:18 AM    7    0.00    0.00    0.00    0.00    0.00    0.00    0.00    0.00    0.00  100.00

04:09:18 AM  CPU    %usr   %nice    %sys %iowait    %irq   %soft  %steal  %guest  %gnice   %idle
04:09:19 AM  all    0.25    0.00   24.59    0.00    0.00    1.76    0.00    0.00    0.00   73.40
04:09:19 AM    0    1.01    0.00   98.99    0.00    0.00    0.00    0.00    0.00    0.00    0.00
04:09:19 AM    1    1.01    0.00   98.99    0.00    0.00    0.00    0.00    0.00    0.00    0.00
04:09:19 AM    2    0.00    0.00    0.00    0.00    0.00    7.07    0.00    0.00    0.00   92.93
04:09:19 AM    3    0.00    0.00    0.00    0.00    0.00    7.00    0.00    0.00    0.00   93.00
04:09:19 AM    4    0.00    0.00    0.00    0.00    0.00    0.00    0.00    0.00    0.00  100.00
04:09:19 AM    5    0.00    0.00    0.00    0.00    0.00    0.00    0.00    0.00    0.00  100.00
04:09:19 AM    6    0.00    0.00    0.00    0.00    0.00    0.00    0.00    0.00    0.00  100.00
04:09:19 AM    7    0.00    0.00    0.00    0.00    0.00    0.00    0.00    0.00    0.00  100.00

04:09:19 AM  CPU    %usr   %nice    %sys %iowait    %irq   %soft  %steal  %guest  %gnice   %idle
04:09:20 AM  all    0.25    0.00   24.56    0.00    0.25    1.87    0.00    0.00    0.00   73.07
04:09:20 AM    0    1.00    0.00   98.00    0.00    0.00    1.00    0.00    0.00    0.00    0.00
04:09:20 AM    1    0.99    0.00   98.02    0.00    0.00    0.99    0.00    0.00    0.00    0.00
04:09:20 AM    2    0.00    0.00    0.00    0.00    0.99    6.93    0.00    0.00    0.00   92.08
04:09:20 AM    3    0.00    0.00    0.00    0.00    1.00    6.00    0.00    0.00    0.00   93.00
04:09:20 AM    4    0.00    0.00    0.00    0.00    0.00    0.00    0.00    0.00    0.00  100.00
04:09:20 AM    5    0.00    0.00    0.00    0.00    0.00    0.00    0.00    0.00    0.00  100.00
04:09:20 AM    6    0.00    0.00    0.00    0.00    0.00    0.00    0.00    0.00    0.00  100.00
04:09:20 AM    7    0.00    0.00    0.00    0.00    0.00    0.00    0.00    0.00    0.00  100.00

04:09:20 AM  CPU    %usr   %nice    %sys %iowait    %irq   %soft  %steal  %guest  %gnice   %idle
04:09:21 AM  all    0.25    0.00   24.62    0.00    0.25    1.75    0.00    0.00    0.00   73.12
04:09:21 AM    0    0.99    0.00   98.02    0.00    0.99    0.00    0.00    0.00    0.00    0.00
04:09:21 AM    1    1.00    0.00   98.00    0.00    1.00    0.00    0.00    0.00    0.00    0.00
04:09:21 AM    2    0.00    0.00    0.00    0.00    0.00    7.00    0.00    0.00    0.00   93.00
04:09:21 AM    3    0.00    0.00    0.00    0.00    0.00    7.00    0.00    0.00    0.00   93.00
04:09:21 AM    4    0.00    0.00    0.00    0.00    0.00    0.00    0.00    0.00    0.00  100.00
04:09:21 AM    5    0.00    0.00    0.00    0.00    0.00    0.00    0.00    0.00    0.00  100.00
04:09:21 AM    6    0.00    0.00    0.00    0.00    0.00    0.00    0.00    0.00    0.00  100.00
04:09:21 AM    7    0.00    0.00    0.00    0.00    0.00    0.00    0.00    0.00    0.00  100.00

04:09:21 AM  CPU    %usr   %nice    %sys %iowait    %irq   %soft  %steal  %guest  %gnice   %idle
04:09:22 AM  all    0.38    0.00   24.50    0.00    0.00    1.88    0.00    0.00    0.00   73.24
04:09:22 AM    0    2.02    0.00   97.98    0.00    0.00    0.00    0.00    0.00    0.00    0.00
04:09:22 AM    1    1.00    0.00   98.00    0.00    0.00    1.00    0.00    0.00    0.00    0.00
04:09:22 AM    2    0.00    0.00    0.00    0.00    0.00    7.07    0.00    0.00    0.00   92.93
04:09:22 AM    3    0.00    0.00    0.00    0.00    0.00    7.07    0.00    0.00    0.00   92.93
04:09:22 AM    4    0.00    0.00    0.00    0.00    0.00    0.00    0.00    0.00    0.00  100.00
04:09:22 AM    5    0.00    0.00    0.00    0.00    0.00    0.00    0.00    0.00    0.00  100.00
04:09:22 AM    6    0.00    0.00    0.00    0.00    0.00    0.00    0.00    0.00    0.00  100.00
04:09:22 AM    7    0.00    0.00    0.00    0.00    0.00    0.00    0.00    0.00    0.00  100.00

04:09:22 AM  CPU    %usr   %nice    %sys %iowait    %irq   %soft  %steal  %guest  %gnice   %idle
04:09:23 AM  all    0.25    0.00   24.59    0.00    0.25    1.87    0.00    0.00    0.00   73.03
04:09:23 AM    0    0.99    0.00   98.02    0.00    0.00    0.99    0.00    0.00    0.00    0.00
04:09:23 AM    1    1.01    0.00   98.99    0.00    0.00    0.00    0.00    0.00    0.00    0.00
04:09:23 AM    2    0.00    0.00    0.00    0.00    1.00    7.00    0.00    0.00    0.00   92.00
04:09:23 AM    3    0.00    0.00    0.00    0.00    0.99    6.93    0.00    0.00    0.00   92.08
04:09:23 AM    4    0.00    0.00    0.00    0.00    0.00    0.00    0.00    0.00    0.00  100.00
04:09:23 AM    5    0.00    0.00    0.00    0.00    0.00    0.00    0.00    0.00    0.00  100.00
04:09:23 AM    6    0.00    0.00    0.00    0.00    0.00    0.00    0.00    0.00    0.00  100.00
04:09:23 AM    7    0.00    0.00    0.00    0.00    0.00    0.00    0.00    0.00    0.00  100.00

04:09:23 AM  CPU    %usr   %nice    %sys %iowait    %irq   %soft  %steal  %guest  %gnice   %idle
04:09:24 AM  all    0.25    0.00   24.38    0.00    0.12    1.88    0.00    0.00    0.00   73.38
04:09:24 AM    0    1.01    0.00   97.98    0.00    1.01    0.00    0.00    0.00    0.00    0.00
04:09:24 AM    1    1.00    0.00   98.00    0.00    0.00    1.00    0.00    0.00    0.00    0.00
04:09:24 AM    2    0.00    0.00    0.00    0.00    0.00    7.00    0.00    0.00    0.00   93.00
04:09:24 AM    3    0.00    0.00    0.00    0.00    0.00    7.00    0.00    0.00    0.00   93.00
04:09:24 AM    4    0.00    0.00    0.00    0.00    0.00    0.00    0.00    0.00    0.00  100.00
04:09:24 AM    5    0.00    0.00    0.00    0.00    0.00    0.00    0.00    0.00    0.00  100.00
04:09:24 AM    6    0.00    0.00    0.00    0.00    0.00    0.00    0.00    0.00    0.00  100.00
04:09:24 AM    7    0.00    0.00    0.00    0.00    0.00    0.00    0.00    0.00    0.00  100.00

04:09:24 AM  CPU    %usr   %nice    %sys %iowait    %irq   %soft  %steal  %guest  %gnice   %idle
04:09:25 AM  all    0.25    0.00   24.16    0.00    0.13    2.00    0.00    0.00    0.00   73.47
04:09:25 AM    0    1.00    0.00   97.00    0.00    0.00    2.00    0.00    0.00    0.00    0.00
04:09:25 AM    1    0.99    0.00   95.05    0.00    0.99    1.98    0.00    0.00    0.00    0.99
04:09:25 AM    2    0.00    0.00    0.00    0.00    0.00    6.06    0.00    0.00    0.00   93.94
04:09:25 AM    3    0.00    0.00    0.00    0.00    0.00    6.06    0.00    0.00    0.00   93.94
04:09:25 AM    4    0.00    0.00    0.00    0.00    0.00    0.00    0.00    0.00    0.00  100.00
04:09:25 AM    5    0.00    0.00    0.00    0.00    0.00    0.00    0.00    0.00    0.00  100.00
04:09:25 AM    6    0.00    0.00    0.00    0.00    0.00    0.00    0.00    0.00    0.00  100.00
04:09:25 AM    7    0.00    0.00    0.00    0.00    0.00    0.00    0.00    0.00    0.00  100.00

04:09:25 AM  CPU    %usr   %nice    %sys %iowait    %irq   %soft  %steal  %guest  %gnice   %idle
04:09:26 AM  all    0.25    0.00   24.53    0.00    0.25    2.12    0.00    0.00    0.00   72.85
04:09:26 AM    0    1.00    0.00   98.00    0.00    0.00    1.00    0.00    0.00    0.00    0.00
04:09:26 AM    1    0.99    0.00   98.02    0.00    0.00    0.99    0.00    0.00    0.00    0.00
04:09:26 AM    2    0.00    0.00    0.00    0.00    0.99    6.93    0.00    0.00    0.00   92.08
04:09:26 AM    3    0.00    0.00    0.00    0.00    0.99    7.92    0.00    0.00    0.00   91.09
04:09:26 AM    4    0.00    0.00    0.00    0.00    0.00    0.00    0.00    0.00    0.00  100.00
04:09:26 AM    5    0.00    0.00    0.00    0.00    0.00    0.00    0.00    0.00    0.00  100.00
04:09:26 AM    6    0.00    0.00    0.00    0.00    0.00    0.00    0.00    0.00    0.00  100.00
04:09:26 AM    7    0.00    0.00    0.00    0.00    0.00    0.00    0.00    0.00    0.00  100.00

04:09:26 AM  CPU    %usr   %nice    %sys %iowait    %irq   %soft  %steal  %guest  %gnice   %idle
04:09:27 AM  all    0.13    0.00   24.66    0.00    0.13    2.00    0.00    0.00    0.00   73.09
04:09:27 AM    0    0.99    0.00   97.03    0.00    0.99    0.99    0.00    0.00    0.00    0.00
04:09:27 AM    1    0.00    0.00  100.00    0.00    0.00    0.00    0.00    0.00    0.00    0.00
04:09:27 AM    2    0.00    0.00    0.00    0.00    0.00    8.00    0.00    0.00    0.00   92.00
04:09:27 AM    3    0.00    0.00    0.00    0.00    0.00    7.07    0.00    0.00    0.00   92.93
04:09:27 AM    4    0.00    0.00    0.00    0.00    0.00    0.00    0.00    0.00    0.00  100.00
04:09:27 AM    5    0.00    0.00    0.00    0.00    0.00    0.00    0.00    0.00    0.00  100.00
04:09:27 AM    6    0.00    0.00    0.00    0.00    0.00    0.00    0.00    0.00    0.00  100.00
04:09:27 AM    7    0.00    0.00    0.00    0.00    0.00    0.00    0.00    0.00    0.00  100.00

04:09:27 AM  CPU    %usr   %nice    %sys %iowait    %irq   %soft  %steal  %guest  %gnice   %idle
04:09:28 AM  all    0.38    0.00   24.16    0.00    0.13    2.38    0.00    0.00    0.00   72.97
04:09:28 AM    0    1.02    0.00   98.98    0.00    0.00    0.00    0.00    0.00    0.00    0.00
04:09:28 AM    1    1.98    0.00   95.05    0.00    0.99    1.98    0.00    0.00    0.00    0.00
04:09:28 AM    2    0.00    0.00    0.00    0.00    0.00    8.00    0.00    0.00    0.00   92.00
04:09:28 AM    3    0.00    0.00    0.00    0.00    0.00    8.08    0.00    0.00    0.00   91.92
04:09:28 AM    4    0.00    0.00    0.00    0.00    0.00    0.00    0.00    0.00    0.00  100.00
04:09:28 AM    5    0.00    0.00    0.00    0.00    0.00    0.00    0.00    0.00    0.00  100.00
04:09:28 AM    6    0.00    0.00    0.00    0.00    0.00    0.99    0.00    0.00    0.00   99.01
04:09:28 AM    7    0.00    0.00    0.00    0.00    0.00    0.00    0.00    0.00    0.00  100.00

04:09:28 AM  CPU    %usr   %nice    %sys %iowait    %irq   %soft  %steal  %guest  %gnice   %idle
04:09:29 AM  all    0.25    0.00   24.56    0.00    0.25    1.87    0.00    0.00    0.00   73.07
04:09:29 AM    0    1.00    0.00   98.00    0.00    0.00    1.00    0.00    0.00    0.00    0.00
04:09:29 AM    1    1.00    0.00   99.00    0.00    0.00    0.00    0.00    0.00    0.00    0.00
04:09:29 AM    2    0.00    0.00    0.00    0.00    1.00    6.00    0.00    0.00    0.00   93.00
04:09:29 AM    3    0.00    0.00    0.00    0.00    0.99    6.93    0.00    0.00    0.00   92.08
04:09:29 AM    4    0.00    0.00    0.00    0.00    0.00    0.99    0.00    0.00    0.00   99.01
04:09:29 AM    5    0.00    0.00    0.00    0.00    0.00    0.00    0.00    0.00    0.00  100.00
04:09:29 AM    6    0.00    0.00    0.00    0.00    0.00    0.00    0.00    0.00    0.00  100.00
04:09:29 AM    7    0.00    0.00    0.00    0.00    0.00    0.00    0.00    0.00    0.00  100.00

04:09:29 AM  CPU    %usr   %nice    %sys %iowait    %irq   %soft  %steal  %guest  %gnice   %idle
04:09:30 AM  all    0.38    0.00   24.19    0.00    0.00    2.26    0.00    0.00    0.00   73.18
04:09:30 AM    0    2.00    0.00   96.00    0.00    0.00    2.00    0.00    0.00    0.00    0.00
04:09:30 AM    1    1.00    0.00   97.00    0.00    0.00    2.00    0.00    0.00    0.00    0.00
04:09:30 AM    2    0.00    0.00    0.00    0.00    0.00    7.07    0.00    0.00    0.00   92.93
04:09:30 AM    3    0.00    0.00    0.00    0.00    0.00    7.07    0.00    0.00    0.00   92.93
04:09:30 AM    4    0.00    0.00    0.00    0.00    0.00    0.00    0.00    0.00    0.00  100.00
04:09:30 AM    5    0.00    0.00    0.00    0.00    0.00    0.00    0.00    0.00    0.00  100.00
04:09:30 AM    6    0.00    0.00    0.00    0.00    0.00    0.00    0.00    0.00    0.00  100.00
04:09:30 AM    7    0.00    0.00    0.00    0.00    0.00    0.00    0.00    0.00    0.00  100.00

04:09:30 AM  CPU    %usr   %nice    %sys %iowait    %irq   %soft  %steal  %guest  %gnice   %idle
04:09:31 AM  all    0.12    0.00   24.13    0.00    0.25    2.61    0.00    0.00    0.00   72.89
04:09:31 AM    0    0.00    0.00   95.10    0.00    0.98    2.94    0.00    0.00    0.00    0.98
04:09:31 AM    1    0.99    0.00   96.04    0.00    0.99    1.98    0.00    0.00    0.00    0.00
04:09:31 AM    2    0.00    0.00    0.00    0.00    0.00    8.00    0.00    0.00    0.00   92.00
04:09:31 AM    3    0.00    0.00    0.00    0.00    0.00    8.00    0.00    0.00    0.00   92.00
04:09:31 AM    4    0.00    0.00    0.00    0.00    0.00    0.00    0.00    0.00    0.00  100.00
04:09:31 AM    5    0.00    0.00    0.00    0.00    0.00    0.00    0.00    0.00    0.00  100.00
04:09:31 AM    6    0.00    0.00    0.00    0.00    0.00    0.00    0.00    0.00    0.00  100.00
04:09:31 AM    7    0.00    0.00    0.00    0.00    0.00    0.00    0.00    0.00    0.00  100.00

04:09:31 AM  CPU    %usr   %nice    %sys %iowait    %irq   %soft  %steal  %guest  %gnice   %idle
04:09:32 AM  all    0.37    0.00   24.34    0.00    0.25    2.12    0.00    0.00    0.00   72.91
04:09:32 AM    0    2.00    0.00   97.00    0.00    0.00    1.00    0.00    0.00    0.00    0.00
04:09:32 AM    1    1.01    0.00   98.99    0.00    0.00    0.00    0.00    0.00    0.00    0.00
04:09:32 AM    2    0.00    0.00    0.00    0.00    1.00    7.00    0.00    0.00    0.00   92.00
04:09:32 AM    3    0.00    0.00    0.00    0.00    0.99    7.92    0.00    0.00    0.00   91.09
04:09:32 AM    4    0.00    0.00    0.00    0.00    0.00    0.00    0.00    0.00    0.00  100.00
04:09:32 AM    5    0.00    0.00    0.00    0.00    0.00    0.99    0.00    0.00    0.00   99.01
04:09:32 AM    6    0.00    0.00    0.00    0.00    0.00    0.00    0.00    0.00    0.00  100.00
04:09:32 AM    7    0.00    0.00    0.00    0.00    0.00    0.00    0.00    0.00    0.00  100.00

04:09:32 AM  CPU    %usr   %nice    %sys %iowait    %irq   %soft  %steal  %guest  %gnice   %idle
04:09:33 AM  all    0.38    0.00   24.50    0.00    0.00    1.88    0.00    0.00    0.00   73.25
04:09:33 AM    0    2.00    0.00   98.00    0.00    0.00    0.00    0.00    0.00    0.00    0.00
04:09:33 AM    1    1.00    0.00   98.00    0.00    0.00    1.00    0.00    0.00    0.00    0.00
04:09:33 AM    2    0.00    0.00    0.00    0.00    0.00    6.93    0.00    0.00    0.00   93.07
04:09:33 AM    3    0.00    0.00    0.00    0.00    0.00    7.07    0.00    0.00    0.00   92.93
04:09:33 AM    4    0.00    0.00    0.00    0.00    0.00    0.00    0.00    0.00    0.00  100.00
04:09:33 AM    5    0.00    0.00    0.00    0.00    0.00    0.00    0.00    0.00    0.00  100.00
04:09:33 AM    6    0.00    0.00    0.00    0.00    0.00    0.00    0.00    0.00    0.00  100.00
04:09:33 AM    7    0.00    0.00    0.00    0.00    0.00    0.00    0.00    0.00    0.00  100.00

04:09:33 AM  CPU    %usr   %nice    %sys %iowait    %irq   %soft  %steal  %guest  %gnice   %idle
04:09:34 AM  all    0.00    0.00   24.78    0.00    0.13    1.75    0.00    0.00    0.00   73.34
04:09:34 AM    0    0.00    0.00   98.02    0.00    0.99    0.99    0.00    0.00    0.00    0.00
04:09:34 AM    1    0.00    0.00  100.00    0.00    0.00    0.00    0.00    0.00    0.00    0.00
04:09:34 AM    2    0.00    0.00    0.00    0.00    0.00    7.07    0.00    0.00    0.00   92.93
04:09:34 AM    3    0.00    0.00    0.00    0.00    0.00    6.00    0.00    0.00    0.00   94.00
04:09:34 AM    4    0.00    0.00    0.00    0.00    0.00    0.00    0.00    0.00    0.00  100.00
04:09:34 AM    5    0.00    0.00    0.00    0.00    0.00    0.00    0.00    0.00    0.00  100.00
04:09:34 AM    6    0.00    0.00    0.00    0.00    0.00    0.00    0.00    0.00    0.00  100.00
04:09:34 AM    7    0.00    0.00    0.00    0.00    0.00    0.00    0.00    0.00    0.00  100.00

04:09:34 AM  CPU    %usr   %nice    %sys %iowait    %irq   %soft  %steal  %guest  %gnice   %idle
04:09:35 AM  all    0.37    0.00   24.22    0.00    0.37    2.00    0.00    0.00    0.00   73.03
04:09:35 AM    0    1.02    0.00   98.98    0.00    0.00    0.00    0.00    0.00    0.00    0.00
04:09:35 AM    1    1.98    0.00   96.04    0.00    0.99    0.99    0.00    0.00    0.00    0.00
04:09:35 AM    2    0.00    0.00    0.00    0.00    0.99    6.93    0.00    0.00    0.00   92.08
04:09:35 AM    3    0.00    0.00    0.00    0.00    0.99    7.92    0.00    0.00    0.00   91.09
04:09:35 AM    4    0.00    0.00    0.00    0.00    0.00    0.00    0.00    0.00    0.00  100.00
04:09:35 AM    5    0.00    0.00    0.00    0.00    0.00    0.00    0.00    0.00    0.00  100.00
04:09:35 AM    6    0.00    0.00    0.00    0.00    0.00    0.00    0.00    0.00    0.00  100.00
04:09:35 AM    7    0.00    0.00    0.00    0.00    0.00    0.00    0.00    0.00    0.00  100.00

04:09:35 AM  CPU    %usr   %nice    %sys %iowait    %irq   %soft  %steal  %guest  %gnice   %idle
04:09:36 AM  all    0.37    0.00   24.72    0.00    0.00    1.87    0.00    0.00    0.00   73.03
04:09:36 AM    0    1.96    0.00   97.06    0.00    0.00    0.98    0.00    0.00    0.00    0.00
04:09:36 AM    1    0.99    0.00   98.02    0.00    0.00    0.99    0.00    0.00    0.00    0.00
04:09:36 AM    2    0.00    0.00    0.00    0.00    0.00    6.06    0.00    0.00    0.00   93.94
04:09:36 AM    3    0.00    0.00    0.00    0.00    0.00    7.07    0.00    0.00    0.00   92.93
04:09:36 AM    4    0.00    0.00    0.00    0.00    0.00    0.00    0.00    0.00    0.00  100.00
04:09:36 AM    5    0.00    0.00    0.00    0.00    0.00    0.00    0.00    0.00    0.00  100.00
04:09:36 AM    6    0.00    0.00    0.00    0.00    0.00    0.00    0.00    0.00    0.00  100.00
04:09:36 AM    7    0.00    0.00    0.00    0.00    0.00    0.00    0.00    0.00    0.00  100.00

04:09:36 AM  CPU    %usr   %nice    %sys %iowait    %irq   %soft  %steal  %guest  %gnice   %idle
04:09:37 AM  all    0.13    0.00   24.34    0.00    0.13    2.26    0.00    0.00    0.00   73.15
04:09:37 AM    0    0.00    0.00   97.98    0.00    1.01    1.01    0.00    0.00    0.00    0.00
04:09:37 AM    1    1.01    0.00   97.98    0.00    0.00    1.01    0.00    0.00    0.00    0.00
04:09:37 AM    2    0.00    0.00    0.00    0.00    0.00    8.00    0.00    0.00    0.00   92.00
04:09:37 AM    3    0.00    0.00    0.00    0.00    0.00    8.08    0.00    0.00    0.00   91.92
04:09:37 AM    4    0.00    0.00    0.00    0.00    0.00    0.00    0.00    0.00    0.00  100.00
04:09:37 AM    5    0.00    0.00    0.00    0.00    0.00    0.00    0.00    0.00    0.00  100.00
04:09:37 AM    6    0.00    0.00    0.00    0.00    0.00    0.00    0.00    0.00    0.00  100.00
04:09:37 AM    7    0.00    0.00    0.00    0.00    0.00    0.00    0.00    0.00    0.00  100.00

04:09:37 AM  CPU    %usr   %nice    %sys %iowait    %irq   %soft  %steal  %guest  %gnice   %idle
04:09:38 AM  all    0.25    0.00   24.47    0.00    0.37    1.87    0.00    0.00    0.00   73.03
04:09:38 AM    0    1.01    0.00   98.99    0.00    0.00    0.00    0.00    0.00    0.00    0.00
04:09:38 AM    1    0.99    0.00   97.03    0.00    0.99    0.99    0.00    0.00    0.00    0.00
04:09:38 AM    2    0.00    0.00    0.00    0.00    1.00    6.00    0.00    0.00    0.00   93.00
04:09:38 AM    3    0.00    0.00    0.00    0.00    0.99    6.93    0.00    0.00    0.00   92.08
04:09:38 AM    4    0.00    0.00    0.00    0.00    0.00    0.00    0.00    0.00    0.00  100.00
04:09:38 AM    5    0.00    0.00    0.00    0.00    0.00    0.00    0.00    0.00    0.00  100.00
04:09:38 AM    6    0.00    0.00    0.00    0.00    0.00    0.00    0.00    0.00    0.00  100.00
04:09:38 AM    7    0.00    0.00    0.00    0.00    0.00    0.99    0.00    0.00    0.00   99.01

04:09:38 AM  CPU    %usr   %nice    %sys %iowait    %irq   %soft  %steal  %guest  %gnice   %idle
04:09:39 AM  all    0.25    0.00   24.66    0.00    0.00    1.88    0.00    0.00    0.00   73.22
04:09:39 AM    0    0.99    0.00   98.02    0.00    0.00    0.99    0.00    0.00    0.00    0.00
04:09:39 AM    1    1.01    0.00   98.99    0.00    0.00    0.00    0.00    0.00    0.00    0.00
04:09:39 AM    2    0.00    0.00    0.00    0.00    0.00    7.07    0.00    0.00    0.00   92.93
04:09:39 AM    3    0.00    0.00    0.00    0.00    0.00    7.00    0.00    0.00    0.00   93.00
04:09:39 AM    4    0.00    0.00    0.00    0.00    0.00    0.00    0.00    0.00    0.00  100.00
04:09:39 AM    5    0.00    0.00    0.00    0.00    0.00    0.00    0.00    0.00    0.00  100.00
04:09:39 AM    6    0.00    0.00    0.00    0.00    0.00    0.00    0.00    0.00    0.00  100.00
04:09:39 AM    7    0.00    0.00    0.00    0.00    0.00    0.00    0.00    0.00    0.00  100.00

04:09:39 AM  CPU    %usr   %nice    %sys %iowait    %irq   %soft  %steal  %guest  %gnice   %idle
04:09:40 AM  all    0.25    0.00   24.44    0.00    0.00    1.88    0.00    0.00    0.00   73.43
04:09:40 AM    0    1.01    0.00   98.99    0.00    0.00    0.00    0.00    0.00    0.00    0.00
04:09:40 AM    1    1.01    0.00   97.98    0.00    0.00    1.01    0.00    0.00    0.00    0.00
04:09:40 AM    2    0.00    0.00    0.00    0.00    0.00    7.00    0.00    0.00    0.00   93.00
04:09:40 AM    3    0.00    0.00    0.00    0.00    0.00    6.06    0.00    0.00    0.00   93.94
04:09:40 AM    4    0.00    0.00    0.00    0.00    0.00    0.99    0.00    0.00    0.00   99.01
04:09:40 AM    5    0.00    0.00    0.00    0.00    0.00    0.00    0.00    0.00    0.00  100.00
04:09:40 AM    6    0.00    0.00    0.00    0.00    0.00    0.00    0.00    0.00    0.00  100.00
04:09:40 AM    7    0.00    0.00    0.00    0.00    0.00    0.00    0.00    0.00    0.00  100.00

04:09:40 AM  CPU    %usr   %nice    %sys %iowait    %irq   %soft  %steal  %guest  %gnice   %idle
04:09:41 AM  all    0.25    0.00   24.69    0.00    0.37    1.75    0.00    0.00    0.00   72.94
04:09:41 AM    0    0.99    0.00   98.02    0.00    0.99    0.00    0.00    0.00    0.00    0.00
04:09:41 AM    1    0.99    0.00   98.02    0.00    0.99    0.00    0.00    0.00    0.00    0.00
04:09:41 AM    2    0.00    0.00    0.00    0.00    0.99    6.93    0.00    0.00    0.00   92.08
04:09:41 AM    3    0.00    0.00    0.00    0.00    0.00    7.07    0.00    0.00    0.00   92.93
04:09:41 AM    4    0.00    0.00    0.00    0.00    0.00    0.00    0.00    0.00    0.00  100.00
04:09:41 AM    5    0.00    0.00    0.00    0.00    0.00    0.00    0.00    0.00    0.00  100.00
04:09:41 AM    6    0.00    0.00    0.00    0.00    0.00    0.00    0.00    0.00    0.00  100.00
04:09:41 AM    7    0.00    0.00    0.00    0.00    0.00    0.00    0.00    0.00    0.00  100.00

04:09:41 AM  CPU    %usr   %nice    %sys %iowait    %irq   %soft  %steal  %guest  %gnice   %idle
04:09:42 AM  all    0.13    0.00   24.59    0.00    0.13    1.88    0.00    0.00    0.00   73.27
04:09:42 AM    0    1.00    0.00   98.00    0.00    0.00    1.00    0.00    0.00    0.00    0.00
04:09:42 AM    1    0.00    0.00   98.99    0.00    0.00    1.01    0.00    0.00    0.00    0.00
04:09:42 AM    2    0.00    0.00    0.00    0.00    0.00    6.12    0.00    0.00    0.00   93.88
04:09:42 AM    3    0.00    0.00    0.00    0.00    0.99    6.93    0.00    0.00    0.00   92.08
04:09:42 AM    4    0.00    0.00    0.00    0.00    0.00    0.00    0.00    0.00    0.00  100.00
04:09:42 AM    5    0.00    0.00    0.00    0.00    0.00    0.00    0.00    0.00    0.00  100.00
04:09:42 AM    6    0.00    0.00    0.00    0.00    0.00    0.00    0.00    0.00    0.00  100.00
04:09:42 AM    7    0.00    0.00    0.00    0.00    0.00    0.00    0.00    0.00    0.00  100.00

04:09:42 AM  CPU    %usr   %nice    %sys %iowait    %irq   %soft  %steal  %guest  %gnice   %idle
04:09:43 AM  all    0.25    0.00   24.53    0.00    0.00    2.12    0.00    0.00    0.00   73.10
04:09:43 AM    0    1.00    0.00   98.00    0.00    0.00    1.00    0.00    0.00    0.00    0.00
04:09:43 AM    1    0.98    0.00   97.06    0.00    0.00    0.98    0.00    0.00    0.00    0.98
04:09:43 AM    2    0.00    0.00    0.00    0.00    0.00    7.00    0.00    0.00    0.00   93.00
04:09:43 AM    3    0.00    0.00    0.00    0.00    0.00    7.00    0.00    0.00    0.00   93.00
04:09:43 AM    4    0.00    0.00    0.00    0.00    0.00    0.00    0.00    0.00    0.00  100.00
04:09:43 AM    5    0.00    0.00    0.00    0.00    0.00    0.99    0.00    0.00    0.00   99.01
04:09:43 AM    6    0.00    0.00    0.00    0.00    0.00    0.00    0.00    0.00    0.00  100.00
04:09:43 AM    7    0.00    0.00    0.00    0.00    0.00    0.00    0.00    0.00    0.00  100.00

04:09:43 AM  CPU    %usr   %nice    %sys %iowait    %irq   %soft  %steal  %guest  %gnice   %idle
04:09:44 AM  all    0.25    0.00   24.50    0.00    0.13    1.88    0.00    0.00    0.00   73.24
04:09:44 AM    0    1.00    0.00   98.00    0.00    1.00    0.00    0.00    0.00    0.00    0.00
04:09:44 AM    1    1.02    0.00   98.98    0.00    0.00    0.00    0.00    0.00    0.00    0.00
04:09:44 AM    2    0.00    0.00    0.00    0.00    0.00    8.00    0.00    0.00    0.00   92.00
04:09:44 AM    3    0.00    0.00    0.00    0.00    0.00    7.07    0.00    0.00    0.00   92.93
04:09:44 AM    4    0.00    0.00    0.00    0.00    0.00    0.00    0.00    0.00    0.00  100.00
04:09:44 AM    5    0.00    0.00    0.00    0.00    0.00    0.00    0.00    0.00    0.00  100.00
04:09:44 AM    6    0.00    0.00    0.00    0.00    0.00    0.00    0.00    0.00    0.00  100.00
04:09:44 AM    7    0.00    0.00    0.00    0.00    0.00    0.00    0.00    0.00    0.00  100.00

04:09:44 AM  CPU    %usr   %nice    %sys %iowait    %irq   %soft  %steal  %guest  %gnice   %idle
04:09:45 AM  all    0.37    0.00   24.38    0.00    0.37    1.99    0.00    0.00    0.00   72.89
04:09:45 AM    0    1.98    0.00   97.03    0.00    0.00    0.99    0.00    0.00    0.00    0.00
04:09:45 AM    1    0.99    0.00   97.03    0.00    0.99    0.99    0.00    0.00    0.00    0.00
04:09:45 AM    2    0.00    0.00    0.00    0.00    1.00    7.00    0.00    0.00    0.00   92.00
04:09:45 AM    3    0.00    0.00    0.00    0.00    0.99    6.93    0.00    0.00    0.00   92.08
04:09:45 AM    4    0.00    0.00    0.00    0.00    0.00    0.00    0.00    0.00    0.00  100.00
04:09:45 AM    5    0.00    0.00    0.00    0.00    0.00    0.00    0.00    0.00    0.00  100.00
04:09:45 AM    6    0.00    0.00    0.00    0.00    0.00    0.00    0.00    0.00    0.00  100.00
04:09:45 AM    7    0.00    0.00    0.00    0.00    0.00    0.00    0.00    0.00    0.00  100.00

04:09:45 AM  CPU    %usr   %nice    %sys %iowait    %irq   %soft  %steal  %guest  %gnice   %idle
04:09:46 AM  all    0.25    0.00   24.53    0.00    0.00    1.76    0.00    0.00    0.00   73.46
04:09:46 AM    0    1.02    0.00   98.98    0.00    0.00    0.00    0.00    0.00    0.00    0.00
04:09:46 AM    1    1.00    0.00   98.00    0.00    0.00    1.00    0.00    0.00    0.00    0.00
04:09:46 AM    2    0.00    0.00    0.00    0.00    0.00    6.06    0.00    0.00    0.00   93.94
04:09:46 AM    3    0.00    0.00    0.00    0.00    0.00    7.07    0.00    0.00    0.00   92.93
04:09:46 AM    4    0.00    0.00    0.00    0.00    0.00    0.00    0.00    0.00    0.00  100.00
04:09:46 AM    5    0.00    0.00    0.00    0.00    0.00    0.00    0.00    0.00    0.00  100.00
04:09:46 AM    6    0.00    0.00    0.00    0.00    0.00    0.00    0.00    0.00    0.00  100.00
04:09:46 AM    7    0.00    0.00    0.00    0.00    0.00    0.00    0.00    0.00    0.00  100.00

04:09:46 AM  CPU    %usr   %nice    %sys %iowait    %irq   %soft  %steal  %guest  %gnice   %idle
04:09:47 AM  all    0.25    0.00   24.59    0.00    0.12    1.87    0.00    0.00    0.00   73.16
04:09:47 AM    0    0.99    0.00   98.02    0.00    0.99    0.00    0.00    0.00    0.00    0.00
04:09:47 AM    1    1.00    0.00   98.00    0.00    0.00    1.00    0.00    0.00    0.00    0.00
04:09:47 AM    2    0.00    0.00    0.00    0.00    0.00    7.92    0.00    0.00    0.00   92.08
04:09:47 AM    3    0.00    0.00    0.00    0.00    0.00    6.06    0.00    0.00    0.00   93.94
04:09:47 AM    4    0.00    0.00    0.00    0.00    0.00    0.00    0.00    0.00    0.00  100.00
04:09:47 AM    5    0.00    0.00    0.00    0.00    0.00    0.00    0.00    0.00    0.00  100.00
04:09:47 AM    6    0.00    0.00    0.00    0.00    0.00    0.00    0.00    0.00    0.00  100.00
04:09:47 AM    7    0.00    0.00    0.00    0.00    0.00    0.00    0.00    0.00    0.00  100.00

04:09:47 AM  CPU    %usr   %nice    %sys %iowait    %irq   %soft  %steal  %guest  %gnice   %idle
04:09:48 AM  all    0.37    0.00   24.16    0.00    0.37    2.24    0.00    0.00    0.00   72.85
04:09:48 AM    0    0.99    0.00   96.04    0.00    0.00    1.98    0.00    0.00    0.00    0.99
04:09:48 AM    1    1.98    0.00   96.04    0.00    0.99    0.99    0.00    0.00    0.00    0.00
04:09:48 AM    2    0.00    0.00    0.00    0.00    1.00    7.00    0.00    0.00    0.00   92.00
04:09:48 AM    3    0.00    0.00    0.00    0.00    0.99    7.92    0.00    0.00    0.00   91.09
04:09:48 AM    4    0.00    0.00    0.00    0.00    0.00    0.00    0.00    0.00    0.00  100.00
04:09:48 AM    5    0.00    0.00    0.00    0.00    0.00    0.00    0.00    0.00    0.00  100.00
04:09:48 AM    6    0.00    0.00    0.00    0.00    0.00    0.00    0.00    0.00    0.00  100.00
04:09:48 AM    7    0.00    0.00    0.00    0.00    0.00    0.00    0.00    0.00    0.00  100.00

04:09:48 AM  CPU    %usr   %nice    %sys %iowait    %irq   %soft  %steal  %guest  %gnice   %idle
04:09:49 AM  all    0.13    0.00   24.62    0.00    0.00    1.76    0.00    0.00    0.00   73.49
04:09:49 AM    0    1.01    0.00   98.99    0.00    0.00    0.00    0.00    0.00    0.00    0.00
04:09:49 AM    1    0.00    0.00  100.00    0.00    0.00    0.00    0.00    0.00    0.00    0.00
04:09:49 AM    2    0.00    0.00    0.00    0.00    0.00    7.00    0.00    0.00    0.00   93.00
04:09:49 AM    3    0.00    0.00    0.00    0.00    0.00    7.00    0.00    0.00    0.00   93.00
04:09:49 AM    4    0.00    0.00    0.00    0.00    0.00    0.00    0.00    0.00    0.00  100.00
04:09:49 AM    5    0.00    0.00    0.00    0.00    0.00    0.00    0.00    0.00    0.00  100.00
04:09:49 AM    6    0.00    0.00    0.00    0.00    0.00    0.00    0.00    0.00    0.00  100.00
04:09:49 AM    7    0.00    0.00    0.00    0.00    0.00    0.00    0.00    0.00    0.00  100.00

04:09:49 AM  CPU    %usr   %nice    %sys %iowait    %irq   %soft  %steal  %guest  %gnice   %idle
04:09:50 AM  all    0.38    0.00   24.50    0.00    0.12    1.88    0.00    0.00    0.00   73.12
04:09:50 AM    0    0.99    0.00   97.03    0.00    0.99    0.99    0.00    0.00    0.00    0.00
04:09:50 AM    1    1.98    0.00   97.03    0.00    0.00    0.99    0.00    0.00    0.00    0.00
04:09:50 AM    2    0.00    0.00    0.00    0.00    0.00    7.07    0.00    0.00    0.00   92.93
04:09:50 AM    3    0.00    0.00    0.00    0.00    0.00    6.06    0.00    0.00    0.00   93.94
04:09:50 AM    4    0.00    0.00    0.00    0.00    0.00    0.00    0.00    0.00    0.00  100.00
04:09:50 AM    5    0.00    0.00    0.00    0.00    0.00    0.00    0.00    0.00    0.00  100.00
04:09:50 AM    6    0.00    0.00    0.00    0.00    0.00    0.00    0.00    0.00    0.00  100.00
04:09:50 AM    7    0.00    0.00    0.00    0.00    0.00    0.00    0.00    0.00    0.00  100.00

04:09:50 AM  CPU    %usr   %nice    %sys %iowait    %irq   %soft  %steal  %guest  %gnice   %idle
04:09:51 AM  all    0.25    0.00   24.22    0.00    0.37    2.12    0.00    0.00    0.00   73.03
04:09:51 AM    0    1.01    0.00   97.98    0.00    0.00    1.01    0.00    0.00    0.00    0.00
04:09:51 AM    1    1.00    0.00   97.00    0.00    1.00    1.00    0.00    0.00    0.00    0.00
04:09:51 AM    2    0.00    0.00    0.00    0.00    0.99    6.93    0.00    0.00    0.00   92.08
04:09:51 AM    3    0.00    0.00    0.00    0.00    0.99    7.92    0.00    0.00    0.00   91.09
04:09:51 AM    4    0.00    0.00    0.00    0.00    0.00    0.00    0.00    0.00    0.00  100.00
04:09:51 AM    5    0.00    0.00    0.00    0.00    0.00    0.00    0.00    0.00    0.00  100.00
04:09:51 AM    6    0.00    0.00    0.00    0.00    0.00    0.00    0.00    0.00    0.00  100.00
04:09:51 AM    7    0.00    0.00    0.00    0.00    0.00    0.00    0.00    0.00    0.00  100.00

04:09:51 AM  CPU    %usr   %nice    %sys %iowait    %irq   %soft  %steal  %guest  %gnice   %idle
04:09:52 AM  all    0.25    0.00   24.66    0.00    0.00    2.00    0.00    0.00    0.00   73.09
04:09:52 AM    0    1.98    0.00   97.03    0.00    0.00    0.99    0.00    0.00    0.00    0.00
04:09:52 AM    1    0.00    0.00   99.00    0.00    0.00    1.00    0.00    0.00    0.00    0.00
04:09:52 AM    2    0.00    0.00    0.00    0.00    0.00    7.07    0.00    0.00    0.00   92.93
04:09:52 AM    3    0.00    0.00    0.00    0.00    0.00    7.07    0.00    0.00    0.00   92.93
04:09:52 AM    4    0.00    0.00    0.00    0.00    0.00    0.00    0.00    0.00    0.00  100.00
04:09:52 AM    5    0.00    0.00    0.00    0.00    0.00    0.00    0.00    0.00    0.00  100.00
04:09:52 AM    6    0.00    0.00    0.00    0.00    0.00    0.00    0.00    0.00    0.00  100.00
04:09:52 AM    7    0.00    0.00    0.00    0.00    0.00    0.00    0.00    0.00    0.00  100.00

04:09:52 AM  CPU    %usr   %nice    %sys %iowait    %irq   %soft  %steal  %guest  %gnice   %idle
04:09:53 AM  all    0.25    0.00   24.44    0.00    0.00    2.24    0.00    0.00    0.00   73.07
04:09:53 AM    0    1.00    0.00   98.00    0.00    0.00    1.00    0.00    0.00    0.00    0.00
04:09:53 AM    1    1.00    0.00   98.00    0.00    0.00    1.00    0.00    0.00    0.00    0.00
04:09:53 AM    2    0.00    0.00    0.00    0.00    0.00    7.00    0.00    0.00    0.00   93.00
04:09:53 AM    3    0.00    0.00    0.00    0.00    0.00    7.00    0.00    0.00    0.00   93.00
04:09:53 AM    4    0.00    0.00    0.00    0.00    0.00    0.99    0.00    0.00    0.00   99.01
04:09:53 AM    5    0.00    0.00    0.00    0.00    0.00    0.99    0.00    0.00    0.00   99.01
04:09:53 AM    6    0.00    0.00    0.00    0.00    0.00    0.00    0.00    0.00    0.00  100.00
04:09:53 AM    7    0.00    0.00    0.00    0.00    0.00    0.00    0.00    0.00    0.00  100.00

04:09:53 AM  CPU    %usr   %nice    %sys %iowait    %irq   %soft  %steal  %guest  %gnice   %idle
04:09:54 AM  all    0.37    0.00   24.44    0.00    0.37    2.00    0.00    0.00    0.00   72.82
04:09:54 AM    0    1.98    0.00   97.03    0.00    0.99    0.00    0.00    0.00    0.00    0.00
04:09:54 AM    1    1.00    0.00   98.00    0.00    0.00    1.00    0.00    0.00    0.00    0.00
04:09:54 AM    2    0.00    0.00    0.00    0.00    1.00    8.00    0.00    0.00    0.00   91.00
04:09:54 AM    3    0.00    0.00    0.00    0.00    1.00    7.00    0.00    0.00    0.00   92.00
04:09:54 AM    4    0.00    0.00    0.00    0.00    0.00    0.00    0.00    0.00    0.00  100.00
04:09:54 AM    5    0.00    0.00    0.00    0.00    0.00    0.00    0.00    0.00    0.00  100.00
04:09:54 AM    6    0.00    0.00    0.00    0.00    0.00    0.00    0.00    0.00    0.00  100.00
04:09:54 AM    7    0.00    0.00    0.00    0.00    0.00    0.00    0.00    0.00    0.00  100.00

04:09:54 AM  CPU    %usr   %nice    %sys %iowait    %irq   %soft  %steal  %guest  %gnice   %idle
04:09:55 AM  all    0.13    0.00   24.59    0.00    0.13    1.63    0.00    0.00    0.00   73.53
04:09:55 AM    0    0.00    0.00  100.00    0.00    0.00    0.00    0.00    0.00    0.00    0.00
04:09:55 AM    1    1.00    0.00   98.00    0.00    1.00    0.00    0.00    0.00    0.00    0.00
04:09:55 AM    2    0.00    0.00    0.00    0.00    0.00    6.06    0.00    0.00    0.00   93.94
04:09:55 AM    3    0.00    0.00    0.00    0.00    0.00    7.00    0.00    0.00    0.00   93.00
04:09:55 AM    4    0.00    0.00    0.00    0.00    0.00    0.00    0.00    0.00    0.00  100.00
04:09:55 AM    5    0.00    0.00    0.00    0.00    0.00    0.00    0.00    0.00    0.00  100.00
04:09:55 AM    6    0.00    0.00    0.00    0.00    0.00    0.00    0.00    0.00    0.00  100.00
04:09:55 AM    7    0.00    0.00    0.00    0.00    0.00    0.00    0.00    0.00    0.00  100.00

04:09:55 AM  CPU    %usr   %nice    %sys %iowait    %irq   %soft  %steal  %guest  %gnice   %idle
04:09:56 AM  all    0.25    0.00   24.56    0.00    0.00    1.88    0.00    0.00    0.00   73.31
04:09:56 AM    0    1.00    0.00   98.00    0.00    0.00    1.00    0.00    0.00    0.00    0.00
04:09:56 AM    1    1.01    0.00   98.99    0.00    0.00    0.00    0.00    0.00    0.00    0.00
04:09:56 AM    2    0.00    0.00    0.00    0.00    0.00    7.00    0.00    0.00    0.00   93.00
04:09:56 AM    3    0.00    0.00    0.00    0.00    0.00    7.07    0.00    0.00    0.00   92.93
04:09:56 AM    4    0.00    0.00    0.00    0.00    0.00    0.00    0.00    0.00    0.00  100.00
04:09:56 AM    5    0.00    0.00    0.00    0.00    0.00    0.00    0.00    0.00    0.00  100.00
04:09:56 AM    6    0.00    0.00    0.00    0.00    0.00    0.00    0.00    0.00    0.00  100.00
04:09:56 AM    7    0.00    0.00    0.00    0.00    0.00    0.00    0.00    0.00    0.00  100.00

04:09:56 AM  CPU    %usr   %nice    %sys %iowait    %irq   %soft  %steal  %guest  %gnice   %idle
04:09:57 AM  all    0.25    0.00   24.50    0.00    0.37    1.87    0.00    0.00    0.00   73.01
04:09:57 AM    0    0.99    0.00   98.02    0.00    0.99    0.00    0.00    0.00    0.00    0.00
04:09:57 AM    1    0.99    0.00   97.03    0.00    0.00    0.99    0.00    0.00    0.00    0.99
04:09:57 AM    2    0.00    0.00    0.00    0.00    0.99    6.93    0.00    0.00    0.00   92.08
04:09:57 AM    3    0.00    0.00    0.00    0.00    0.99    6.93    0.00    0.00    0.00   92.08
04:09:57 AM    4    0.00    0.00    0.00    0.00    0.00    0.00    0.00    0.00    0.00  100.00
04:09:57 AM    5    0.00    0.00    0.00    0.00    0.00    0.00    0.00    0.00    0.00  100.00
04:09:57 AM    6    0.00    0.00    0.00    0.00    0.00    0.00    0.00    0.00    0.00  100.00
04:09:57 AM    7    0.00    0.00    0.00    0.00    0.00    0.00    0.00    0.00    0.00  100.00

04:09:57 AM  CPU    %usr   %nice    %sys %iowait    %irq   %soft  %steal  %guest  %gnice   %idle
04:09:58 AM  all    0.25    0.00   24.62    0.00    0.12    1.88    0.00    0.00    0.00   73.12
04:09:58 AM    0    1.00    0.00   98.00    0.00    0.00    1.00    0.00    0.00    0.00    0.00
04:09:58 AM    1    0.99    0.00   98.02    0.00    0.99    0.00    0.00    0.00    0.00    0.00
04:09:58 AM    2    0.00    0.00    0.00    0.00    0.00    7.07    0.00    0.00    0.00   92.93
04:09:58 AM    3    0.00    0.00    0.00    0.00    0.00    7.00    0.00    0.00    0.00   93.00
04:09:58 AM    4    0.00    0.00    0.00    0.00    0.00    0.00    0.00    0.00    0.00  100.00
04:09:58 AM    5    0.00    0.00    0.00    0.00    0.00    0.00    0.00    0.00    0.00  100.00
04:09:58 AM    6    0.00    0.00    0.00    0.00    0.00    0.00    0.00    0.00    0.00  100.00
04:09:58 AM    7    0.00    0.00    0.00    0.00    0.00    0.00    0.00    0.00    0.00  100.00

04:09:58 AM  CPU    %usr   %nice    %sys %iowait    %irq   %soft  %steal  %guest  %gnice   %idle
04:09:59 AM  all    0.25    0.00   24.69    0.00    0.00    1.75    0.00    0.00    0.00   73.31
04:09:59 AM    0    1.00    0.00   99.00    0.00    0.00    0.00    0.00    0.00    0.00    0.00
04:09:59 AM    1    1.00    0.00   98.00    0.00    0.00    1.00    0.00    0.00    0.00    0.00
04:09:59 AM    2    0.00    0.00    0.00    0.00    0.00    7.07    0.00    0.00    0.00   92.93
04:09:59 AM    3    0.00    0.00    0.00    0.00    0.00    6.06    0.00    0.00    0.00   93.94
04:09:59 AM    4    0.00    0.00    0.00    0.00    0.00    0.00    0.00    0.00    0.00  100.00
04:09:59 AM    5    0.00    0.00    0.00    0.00    0.00    0.00    0.00    0.00    0.00  100.00
04:09:59 AM    6    0.00    0.00    0.00    0.00    0.00    0.00    0.00    0.00    0.00  100.00
04:09:59 AM    7    0.00    0.00    0.00    0.00    0.00    0.00    0.00    0.00    0.00  100.00

04:09:59 AM  CPU    %usr   %nice    %sys %iowait    %irq   %soft  %steal  %guest  %gnice   %idle
04:10:00 AM  all    0.12    0.00   24.47    0.00    0.25    2.00    0.00    0.00    0.00   73.16
04:10:00 AM    0    0.99    0.00   97.03    0.00    0.99    0.99    0.00    0.00    0.00    0.00
04:10:00 AM    1    0.00    0.00   98.99    0.00    0.00    1.01    0.00    0.00    0.00    0.00
04:10:00 AM    2    0.00    0.00    0.00    0.00    0.99    6.93    0.00    0.00    0.00   92.08
04:10:00 AM    3    0.00    0.00    0.00    0.00    0.00    7.00    0.00    0.00    0.00   93.00
04:10:00 AM    4    0.00    0.00    0.00    0.00    0.00    0.00    0.00    0.00    0.00  100.00
04:10:00 AM    5    0.00    0.00    0.00    0.00    0.00    0.00    0.00    0.00    0.00  100.00
04:10:00 AM    6    0.00    0.00    0.00    0.00    0.00    0.00    0.00    0.00    0.00  100.00
04:10:00 AM    7    0.00    0.00    0.00    0.00    0.00    0.00    0.00    0.00    0.00  100.00

04:10:00 AM  CPU    %usr   %nice    %sys %iowait    %irq   %soft  %steal  %guest  %gnice   %idle
04:10:01 AM  all    0.25    0.00   24.62    0.00    0.25    1.75    0.00    0.00    0.00   73.12
04:10:01 AM    0    0.00    0.00  100.00    0.00    0.00    0.00    0.00    0.00    0.00    0.00
04:10:01 AM    1    1.98    0.00   97.03    0.00    0.99    0.00    0.00    0.00    0.00    0.00
04:10:01 AM    2    0.00    0.00    0.00    0.00    0.00    7.00    0.00    0.00    0.00   93.00
04:10:01 AM    3    0.00    0.00    0.00    0.00    1.00    7.00    0.00    0.00    0.00   92.00
04:10:01 AM    4    0.00    0.00    0.00    0.00    0.00    0.00    0.00    0.00    0.00  100.00
04:10:01 AM    5    0.00    0.00    0.00    0.00    0.00    0.00    0.00    0.00    0.00  100.00
04:10:01 AM    6    0.00    0.00    0.00    0.00    0.00    0.00    0.00    0.00    0.00  100.00
04:10:01 AM    7    0.00    0.00    0.00    0.00    0.00    0.00    0.00    0.00    0.00  100.00

04:10:01 AM  CPU    %usr   %nice    %sys %iowait    %irq   %soft  %steal  %guest  %gnice   %idle
04:10:02 AM  all    0.13    0.00   24.66    0.00    0.00    1.88    0.00    0.00    0.00   73.34
04:10:02 AM    0    0.99    0.00   97.03    0.00    0.00    0.99    0.00    0.00    0.00    0.99
04:10:02 AM    1    0.00    0.00   99.00    0.00    0.00    1.00    0.00    0.00    0.00    0.00
04:10:02 AM    2    0.00    0.00    0.00    0.00    0.00    6.06    0.00    0.00    0.00   93.94
04:10:02 AM    3    0.00    0.00    0.00    0.00    0.00    7.07    0.00    0.00    0.00   92.93
04:10:02 AM    4    0.00    0.00    0.00    0.00    0.00    0.00    0.00    0.00    0.00  100.00
04:10:02 AM    5    0.00    0.00    0.00    0.00    0.00    0.00    0.00    0.00    0.00  100.00
04:10:02 AM    6    0.00    0.00    0.00    0.00    0.00    0.00    0.00    0.00    0.00  100.00
04:10:02 AM    7    0.00    0.00    0.00    0.00    0.00    0.00    0.00    0.00    0.00  100.00

04:10:02 AM  CPU    %usr   %nice    %sys %iowait    %irq   %soft  %steal  %guest  %gnice   %idle
04:10:03 AM  all    0.25    0.00   24.66    0.00    0.13    1.63    0.00    0.00    0.00   73.34
04:10:03 AM    0    1.00    0.00   99.00    0.00    0.00    0.00    0.00    0.00    0.00    0.00
04:10:03 AM    1    1.01    0.00   98.99    0.00    0.00    0.00    0.00    0.00    0.00    0.00
04:10:03 AM    2    0.00    0.00    0.00    0.00    1.00    7.00    0.00    0.00    0.00   92.00
04:10:03 AM    3    0.00    0.00    0.00    0.00    0.00    6.00    0.00    0.00    0.00   94.00
04:10:03 AM    4    0.00    0.00    0.00    0.00    0.00    0.00    0.00    0.00    0.00  100.00
04:10:03 AM    5    0.00    0.00    0.00    0.00    0.00    0.00    0.00    0.00    0.00  100.00
04:10:03 AM    6    0.00    0.00    0.00    0.00    0.00    0.00    0.00    0.00    0.00  100.00
04:10:03 AM    7    0.00    0.00    0.00    0.00    0.00    0.00    0.00    0.00    0.00  100.00

04:10:03 AM  CPU    %usr   %nice    %sys %iowait    %irq   %soft  %steal  %guest  %gnice   %idle
04:10:04 AM  all    0.38    0.00   24.38    0.00    0.25    2.00    0.00    0.00    0.00   73.00
04:10:04 AM    0    2.00    0.00   97.00    0.00    1.00    0.00    0.00    0.00    0.00    0.00
04:10:04 AM    1    1.00    0.00   98.00    0.00    0.00    1.00    0.00    0.00    0.00    0.00
04:10:04 AM    2    0.00    0.00    0.00    0.00    0.00    8.00    0.00    0.00    0.00   92.00
04:10:04 AM    3    0.00    0.00    0.00    0.00    1.00    7.00    0.00    0.00    0.00   92.00
04:10:04 AM    4    0.00    0.00    0.00    0.00    0.00    0.00    0.00    0.00    0.00  100.00
04:10:04 AM    5    0.00    0.00    0.00    0.00    0.00    0.00    0.00    0.00    0.00  100.00
04:10:04 AM    6    0.00    0.00    0.00    0.00    0.00    0.00    0.00    0.00    0.00  100.00
04:10:04 AM    7    0.00    0.00    0.00    0.00    0.00    0.00    0.00    0.00    0.00  100.00

04:10:04 AM  CPU    %usr   %nice    %sys %iowait    %irq   %soft  %steal  %guest  %gnice   %idle
04:10:05 AM  all    0.25    0.00   24.50    0.00    0.12    1.88    0.00    0.00    0.00   73.25
04:10:05 AM    0    1.00    0.00   98.00    0.00    0.00    1.00    0.00    0.00    0.00    0.00
04:10:05 AM    1    1.00    0.00   98.00    0.00    1.00    0.00    0.00    0.00    0.00    0.00
04:10:05 AM    2    0.00    0.00    0.00    0.00    0.00    7.00    0.00    0.00    0.00   93.00
04:10:05 AM    3    0.00    0.00    0.00    0.00    0.00    7.00    0.00    0.00    0.00   93.00
04:10:05 AM    4    0.00    0.00    0.00    0.00    0.00    0.00    0.00    0.00    0.00  100.00
04:10:05 AM    5    0.00    0.00    0.00    0.00    0.00    0.00    0.00    0.00    0.00  100.00
04:10:05 AM    6    0.00    0.00    0.00    0.00    0.00    0.00    0.00    0.00    0.00  100.00
04:10:05 AM    7    0.00    0.00    0.00    0.00    0.00    0.00    0.00    0.00    0.00  100.00

04:10:05 AM  CPU    %usr   %nice    %sys %iowait    %irq   %soft  %steal  %guest  %gnice   %idle
04:10:06 AM  all    0.38    0.00   24.66    0.00    0.00    1.75    0.00    0.00    0.00   73.22
04:10:06 AM    0    1.00    0.00   99.00    0.00    0.00    0.00    0.00    0.00    0.00    0.00
04:10:06 AM    1    1.98    0.00   97.03    0.00    0.00    0.99    0.00    0.00    0.00    0.00
04:10:06 AM    2    0.00    0.00    0.00    0.00    0.00    7.07    0.00    0.00    0.00   92.93
04:10:06 AM    3    0.00    0.00    0.00    0.00    0.00    6.06    0.00    0.00    0.00   93.94
04:10:06 AM    4    0.00    0.00    0.00    0.00    0.00    0.00    0.00    0.00    0.00  100.00
04:10:06 AM    5    0.00    0.00    0.00    0.00    0.00    0.00    0.00    0.00    0.00  100.00
04:10:06 AM    6    0.00    0.00    0.00    0.00    0.00    0.00    0.00    0.00    0.00  100.00
04:10:06 AM    7    0.00    0.00    0.00    0.00    0.00    0.00    0.00    0.00    0.00  100.00

04:10:06 AM  CPU    %usr   %nice    %sys %iowait    %irq   %soft  %steal  %guest  %gnice   %idle
04:10:07 AM  all    0.12    0.00   24.59    0.00    0.37    1.75    0.00    0.00    0.00   73.16
04:10:07 AM    0    0.99    0.00   97.03    0.00    0.99    0.99    0.00    0.00    0.00    0.00
04:10:07 AM    1    0.00    0.00  100.00    0.00    0.00    0.00    0.00    0.00    0.00    0.00
04:10:07 AM    2    0.00    0.00    0.00    0.00    1.00    6.00    0.00    0.00    0.00   93.00
04:10:07 AM    3    0.00    0.00    0.00    0.00    0.99    6.93    0.00    0.00    0.00   92.08
04:10:07 AM    4    0.00    0.00    0.00    0.00    0.00    0.00    0.00    0.00    0.00  100.00
04:10:07 AM    5    0.00    0.00    0.00    0.00    0.00    0.00    0.00    0.00    0.00  100.00
04:10:07 AM    6    0.00    0.00    0.00    0.00    0.00    0.00    0.00    0.00    0.00  100.00
04:10:07 AM    7    0.00    0.00    0.00    0.00    0.00    0.00    0.00    0.00    0.00  100.00

04:10:07 AM  CPU    %usr   %nice    %sys %iowait    %irq   %soft  %steal  %guest  %gnice   %idle
04:10:08 AM  all    0.25    0.00   24.62    0.00    0.12    2.00    0.00    0.00    0.00   73.00
04:10:08 AM    0    0.00    0.00  100.00    0.00    0.00    0.00    0.00    0.00    0.00    0.00
04:10:08 AM    1    1.98    0.00   97.03    0.00    0.99    0.00    0.00    0.00    0.00    0.00
04:10:08 AM    2    0.00    0.00    0.00    0.00    0.00    7.00    0.00    0.00    0.00   93.00
04:10:08 AM    3    0.00    0.00    0.00    0.00    0.00    7.07    0.00    0.00    0.00   92.93
04:10:08 AM    4    0.00    0.00    0.00    0.00    0.00    0.00    0.00    0.00    0.00  100.00
04:10:08 AM    5    0.00    0.00    0.00    0.00    0.00    0.99    0.00    0.00    0.00   99.01
04:10:08 AM    6    0.00    0.00    0.00    0.00    0.00    0.00    0.00    0.00    0.00  100.00
04:10:08 AM    7    0.00    0.00    0.00    0.00    0.00    1.00    0.00    0.00    0.00   99.00

04:10:08 AM  CPU    %usr   %nice    %sys %iowait    %irq   %soft  %steal  %guest  %gnice   %idle
04:10:09 AM  all    0.25    0.00   23.90    0.00    0.00    2.75    0.00    0.00    0.00   73.09
04:10:09 AM    0    1.00    0.00   96.00    0.00    0.00    3.00    0.00    0.00    0.00    0.00
04:10:09 AM    1    1.01    0.00   95.96    0.00    0.00    3.03    0.00    0.00    0.00    0.00
04:10:09 AM    2    0.00    0.00    0.00    0.00    0.00    8.00    0.00    0.00    0.00   92.00
04:10:09 AM    3    0.00    0.00    0.00    0.00    0.00    7.00    0.00    0.00    0.00   93.00
04:10:09 AM    4    0.00    0.00    0.00    0.00    0.00    1.00    0.00    0.00    0.00   99.00
04:10:09 AM    5    0.00    0.00    0.00    0.00    0.00    0.00    0.00    0.00    0.00  100.00
04:10:09 AM    6    0.00    0.00    0.00    0.00    0.00    0.00    0.00    0.00    0.00  100.00
04:10:09 AM    7    0.00    0.00    0.00    0.00    0.00    0.00    0.00    0.00    0.00  100.00

04:10:09 AM  CPU    %usr   %nice    %sys %iowait    %irq   %soft  %steal  %guest  %gnice   %idle
04:10:10 AM  all    0.37    0.00   24.28    0.00    0.37    2.12    0.00    0.00    0.00   72.85
04:10:10 AM    0    2.00    0.00   97.00    0.00    1.00    0.00    0.00    0.00    0.00    0.00
04:10:10 AM    1    0.99    0.00   97.03    0.00    0.00    1.98    0.00    0.00    0.00    0.00
04:10:10 AM    2    0.00    0.00    0.00    0.00    0.99    6.93    0.00    0.00    0.00   92.08
04:10:10 AM    3    0.00    0.00    0.00    0.00    0.99    7.92    0.00    0.00    0.00   91.09
04:10:10 AM    4    0.00    0.00    0.00    0.00    0.00    0.00    0.00    0.00    0.00  100.00
04:10:10 AM    5    0.00    0.00    0.00    0.00    0.00    0.00    0.00    0.00    0.00  100.00
04:10:10 AM    6    0.00    0.00    0.00    0.00    0.00    0.00    0.00    0.00    0.00  100.00
04:10:10 AM    7    0.00    0.00    0.00    0.00    0.00    0.00    0.00    0.00    0.00  100.00

04:10:10 AM  CPU    %usr   %nice    %sys %iowait    %irq   %soft  %steal  %guest  %gnice   %idle
04:10:11 AM  all    0.25    0.00   24.03    0.00    0.13    2.50    0.00    0.00    0.00   73.09
04:10:11 AM    0    1.00    0.00   96.00    0.00    0.00    3.00    0.00    0.00    0.00    0.00
04:10:11 AM    1    0.99    0.00   95.05    0.00    0.99    2.97    0.00    0.00    0.00    0.00
04:10:11 AM    2    0.00    0.00    0.00    0.00    0.00    7.07    0.00    0.00    0.00   92.93
04:10:11 AM    3    0.00    0.00    0.00    0.00    0.00    7.07    0.00    0.00    0.00   92.93
04:10:11 AM    4    0.00    0.00    0.00    0.00    0.00    0.00    0.00    0.00    0.00  100.00
04:10:11 AM    5    0.00    0.00    0.00    0.00    0.00    0.00    0.00    0.00    0.00  100.00
04:10:11 AM    6    0.00    0.00    0.00    0.00    0.00    0.00    0.00    0.00    0.00  100.00
04:10:11 AM    7    0.00    0.00    0.00    0.00    0.00    0.00    0.00    0.00    0.00  100.00

04:10:11 AM  CPU    %usr   %nice    %sys %iowait    %irq   %soft  %steal  %guest  %gnice   %idle
04:10:12 AM  all    0.25    0.00   24.16    0.00    0.00    2.25    0.00    0.00    0.00   73.34
04:10:12 AM    0    1.00    0.00   97.00    0.00    0.00    2.00    0.00    0.00    0.00    0.00
04:10:12 AM    1    1.02    0.00   97.96    0.00    0.00    1.02    0.00    0.00    0.00    0.00
04:10:12 AM    2    0.00    0.00    0.00    0.00    0.00    7.00    0.00    0.00    0.00   93.00
04:10:12 AM    3    0.00    0.00    0.00    0.00    0.00    7.00    0.00    0.00    0.00   93.00
04:10:12 AM    4    0.00    0.00    0.00    0.00    0.00    0.00    0.00    0.00    0.00  100.00
04:10:12 AM    5    0.00    0.00    0.00    0.00    0.00    0.00    0.00    0.00    0.00  100.00
04:10:12 AM    6    0.00    0.00    0.00    0.00    0.00    0.99    0.00    0.00    0.00   99.01
04:10:12 AM    7    0.00    0.00    0.00    0.00    0.00    0.00    0.00    0.00    0.00  100.00

04:10:12 AM  CPU    %usr   %nice    %sys %iowait    %irq   %soft  %steal  %guest  %gnice   %idle
04:10:13 AM  all    0.25    0.00   24.62    0.00    0.25    2.00    0.00    0.00    0.00   72.88
04:10:13 AM    0    1.00    0.00   98.00    0.00    0.00    1.00    0.00    0.00    0.00    0.00
04:10:13 AM    1    0.99    0.00   98.02    0.00    0.00    0.99    0.00    0.00    0.00    0.00
04:10:13 AM    2    0.00    0.00    0.00    0.00    1.00    7.00    0.00    0.00    0.00   92.00
04:10:13 AM    3    0.00    0.00    0.00    0.00    1.00    7.00    0.00    0.00    0.00   92.00
04:10:13 AM    4    0.00    0.00    0.00    0.00    0.00    0.00    0.00    0.00    0.00  100.00
04:10:13 AM    5    0.00    0.00    0.00    0.00    0.00    0.00    0.00    0.00    0.00  100.00
04:10:13 AM    6    0.00    0.00    0.00    0.00    0.00    0.00    0.00    0.00    0.00  100.00
04:10:13 AM    7    0.00    0.00    0.00    0.00    0.00    0.00    0.00    0.00    0.00  100.00

04:10:13 AM  CPU    %usr   %nice    %sys %iowait    %irq   %soft  %steal  %guest  %gnice   %idle
04:10:14 AM  all    0.13    0.00   24.22    0.00    0.13    2.26    0.00    0.00    0.00   73.27
04:10:14 AM    0    0.00    0.00   97.00    0.00    1.00    2.00    0.00    0.00    0.00    0.00
04:10:14 AM    1    1.01    0.00   96.97    0.00    0.00    2.02    0.00    0.00    0.00    0.00
04:10:14 AM    2    0.00    0.00    0.00    0.00    0.00    7.07    0.00    0.00    0.00   92.93
04:10:14 AM    3    0.00    0.00    0.00    0.00    0.00    7.07    0.00    0.00    0.00   92.93
04:10:14 AM    4    0.00    0.00    0.00    0.00    0.00    0.00    0.00    0.00    0.00  100.00
04:10:14 AM    5    0.00    0.00    0.00    0.00    0.00    0.00    0.00    0.00    0.00  100.00
04:10:14 AM    6    0.00    0.00    0.00    0.00    0.00    0.00    0.00    0.00    0.00  100.00
04:10:14 AM    7    0.00    0.00    0.00    0.00    0.00    0.00    0.00    0.00    0.00  100.00

04:10:14 AM  CPU    %usr   %nice    %sys %iowait    %irq   %soft  %steal  %guest  %gnice   %idle
04:10:15 AM  all    0.25    0.00   24.00    0.00    0.12    2.38    0.00    0.00    0.00   73.25
04:10:15 AM    0    1.00    0.00   96.00    0.00    0.00    2.00    0.00    0.00    0.00    1.00
04:10:15 AM    1    1.00    0.00   96.00    0.00    1.00    2.00    0.00    0.00    0.00    0.00
04:10:15 AM    2    0.00    0.00    0.00    0.00    0.00    8.00    0.00    0.00    0.00   92.00
04:10:15 AM    3    0.00    0.00    0.00    0.00    0.00    7.00    0.00    0.00    0.00   93.00
04:10:15 AM    4    0.00    0.00    0.00    0.00    0.00    0.00    0.00    0.00    0.00  100.00
04:10:15 AM    5    0.00    0.00    0.00    0.00    0.00    0.00    0.00    0.00    0.00  100.00
04:10:15 AM    6    0.00    0.00    0.00    0.00    0.00    0.00    0.00    0.00    0.00  100.00
04:10:15 AM    7    0.00    0.00    0.00    0.00    0.00    0.00    0.00    0.00    0.00  100.00

04:10:15 AM  CPU    %usr   %nice    %sys %iowait    %irq   %soft  %steal  %guest  %gnice   %idle
04:10:16 AM  all    0.25    0.00   23.94    0.00    0.25    2.74    0.00    0.00    0.00   72.82
04:10:16 AM    0    0.99    0.00   95.05    0.00    0.00    3.96    0.00    0.00    0.00    0.00
04:10:16 AM    1    1.00    0.00   96.00    0.00    0.00    3.00    0.00    0.00    0.00    0.00
04:10:16 AM    2    0.00    0.00    0.00    0.00    1.00    7.00    0.00    0.00    0.00   92.00
04:10:16 AM    3    0.00    0.00    0.00    0.00    0.99    7.92    0.00    0.00    0.00   91.09
04:10:16 AM    4    0.00    0.00    0.00    0.00    0.00    0.00    0.00    0.00    0.00  100.00
04:10:16 AM    5    0.00    0.00    0.00    0.00    0.00    0.00    0.00    0.00    0.00  100.00
04:10:16 AM    6    0.00    0.00    0.00    0.00    0.00    0.00    0.00    0.00    0.00  100.00
04:10:16 AM    7    0.00    0.00    0.00    0.00    0.00    0.00    0.00    0.00    0.00  100.00

04:10:16 AM  CPU    %usr   %nice    %sys %iowait    %irq   %soft  %steal  %guest  %gnice   %idle
04:10:17 AM  all    0.25    0.00   24.06    0.00    0.12    2.62    0.00    0.00    0.00   72.94
04:10:17 AM    0    1.00    0.00   96.00    0.00    1.00    2.00    0.00    0.00    0.00    0.00
04:10:17 AM    1    0.99    0.00   96.04    0.00    0.00    2.97    0.00    0.00    0.00    0.00
04:10:17 AM    2    0.00    0.00    0.00    0.00    0.00    7.00    0.00    0.00    0.00   93.00
04:10:17 AM    3    0.00    0.00    0.00    0.00    0.00    7.07    0.00    0.00    0.00   92.93
04:10:17 AM    4    0.00    0.00    0.00    0.00    0.00    0.99    0.00    0.00    0.00   99.01
04:10:17 AM    5    0.00    0.00    0.00    0.00    0.00    0.99    0.00    0.00    0.00   99.01
04:10:17 AM    6    0.00    0.00    0.00    0.00    0.00    0.00    0.00    0.00    0.00  100.00
04:10:17 AM    7    0.00    0.00    0.00    0.00    0.00    0.00    0.00    0.00    0.00  100.00

04:10:17 AM  CPU    %usr   %nice    %sys %iowait    %irq   %soft  %steal  %guest  %gnice   %idle
04:10:18 AM  all    0.38    0.00   24.44    0.00    0.13    1.75    0.00    0.00    0.00   73.31
04:10:18 AM    0    2.00    0.00   98.00    0.00    0.00    0.00    0.00    0.00    0.00    0.00
04:10:18 AM    1    1.01    0.00   97.98    0.00    1.01    0.00    0.00    0.00    0.00    0.00
04:10:18 AM    2    0.00    0.00    0.00    0.00    0.00    7.00    0.00    0.00    0.00   93.00
04:10:18 AM    3    0.00    0.00    0.00    0.00    0.00    7.00    0.00    0.00    0.00   93.00
04:10:18 AM    4    0.00    0.00    0.00    0.00    0.00    0.00    0.00    0.00    0.00  100.00
04:10:18 AM    5    0.00    0.00    0.00    0.00    0.00    0.00    0.00    0.00    0.00  100.00
04:10:18 AM    6    0.00    0.00    0.00    0.00    0.00    0.00    0.00    0.00    0.00  100.00
04:10:18 AM    7    0.00    0.00    0.00    0.00    0.00    0.00    0.00    0.00    0.00  100.00

04:10:18 AM  CPU    %usr   %nice    %sys %iowait    %irq   %soft  %steal  %guest  %gnice   %idle
04:10:19 AM  all    0.37    0.00   24.22    0.00    0.25    2.25    0.00    0.00    0.00   72.91
04:10:19 AM    0    2.00    0.00   96.00    0.00    0.00    2.00    0.00    0.00    0.00    0.00
04:10:19 AM    1    0.99    0.00   97.03    0.00    0.00    1.98    0.00    0.00    0.00    0.00
04:10:19 AM    2    0.00    0.00    0.00    0.00    1.00    7.00    0.00    0.00    0.00   92.00
04:10:19 AM    3    0.00    0.00    0.00    0.00    1.00    7.00    0.00    0.00    0.00   92.00
04:10:19 AM    4    0.00    0.00    0.00    0.00    0.00    0.00    0.00    0.00    0.00  100.00
04:10:19 AM    5    0.00    0.00    0.00    0.00    0.00    0.00    0.00    0.00    0.00  100.00
04:10:19 AM    6    0.00    0.00    0.00    0.00    0.00    0.00    0.00    0.00    0.00  100.00
04:10:19 AM    7    0.00    0.00    0.00    0.00    0.00    0.00    0.00    0.00    0.00  100.00

04:10:19 AM  CPU    %usr   %nice    %sys %iowait    %irq   %soft  %steal  %guest  %gnice   %idle
04:10:20 AM  all    0.13    0.00   24.31    0.00    0.00    2.38    0.00    0.00    0.00   73.18
04:10:20 AM    0    0.00    0.00   97.98    0.00    0.00    2.02    0.00    0.00    0.00    0.00
04:10:20 AM    1    1.00    0.00   97.00    0.00    0.00    2.00    0.00    0.00    0.00    0.00
04:10:20 AM    2    0.00    0.00    0.00    0.00    0.00    7.07    0.00    0.00    0.00   92.93
04:10:20 AM    3    0.00    0.00    0.00    0.00    0.00    8.00    0.00    0.00    0.00   92.00
04:10:20 AM    4    0.00    0.00    0.00    0.00    0.00    0.00    0.00    0.00    0.00  100.00
04:10:20 AM    5    0.00    0.00    0.00    0.00    0.00    0.00    0.00    0.00    0.00  100.00
04:10:20 AM    6    0.00    0.00    0.00    0.00    0.00    0.00    0.00    0.00    0.00  100.00
04:10:20 AM    7    0.00    0.00    0.00    0.00    0.00    0.00    0.00    0.00    0.00  100.00

04:10:20 AM  CPU    %usr   %nice    %sys %iowait    %irq   %soft  %steal  %guest  %gnice   %idle
04:10:21 AM  all    0.25    0.00   24.16    0.00    0.13    2.25    0.00    0.00    0.00   73.22
04:10:21 AM    0    0.99    0.00   96.04    0.00    0.99    1.98    0.00    0.00    0.00    0.00
04:10:21 AM    1    1.01    0.00   96.97    0.00    0.00    2.02    0.00    0.00    0.00    0.00
04:10:21 AM    2    0.00    0.00    0.00    0.00    0.00    7.00    0.00    0.00    0.00   93.00
04:10:21 AM    3    0.00    0.00    0.00    0.00    0.00    7.07    0.00    0.00    0.00   92.93
04:10:21 AM    4    0.00    0.00    0.00    0.00    0.00    0.00    0.00    0.00    0.00  100.00
04:10:21 AM    5    0.00    0.00    0.00    0.00    0.00    0.00    0.00    0.00    0.00  100.00
04:10:21 AM    6    0.00    0.00    0.00    0.00    0.00    0.00    0.00    0.00    0.00  100.00
04:10:21 AM    7    0.00    0.00    0.00    0.00    0.00    0.00    0.00    0.00    0.00  100.00

04:10:21 AM  CPU    %usr   %nice    %sys %iowait    %irq   %soft  %steal  %guest  %gnice   %idle
04:10:22 AM  all    0.25    0.00   23.90    0.00    0.38    2.50    0.00    0.00    0.00   72.97
04:10:22 AM    0    1.00    0.00   96.00    0.00    0.00    3.00    0.00    0.00    0.00    0.00
04:10:22 AM    1    1.00    0.00   95.00    0.00    1.00    3.00    0.00    0.00    0.00    0.00
04:10:22 AM    2    0.00    0.00    0.00    0.00    1.00    7.00    0.00    0.00    0.00   92.00
04:10:22 AM    3    0.00    0.00    0.00    0.00    1.00    7.00    0.00    0.00    0.00   92.00
04:10:22 AM    4    0.00    0.00    0.00    0.00    0.00    0.00    0.00    0.00    0.00  100.00
04:10:22 AM    5    0.00    0.00    0.00    0.00    0.00    0.00    0.00    0.00    0.00  100.00
04:10:22 AM    6    0.00    0.00    0.00    0.00    0.00    0.00    0.00    0.00    0.00  100.00
04:10:22 AM    7    0.00    0.00    0.00    0.00    0.00    0.00    0.00    0.00    0.00  100.00

04:10:22 AM  CPU    %usr   %nice    %sys %iowait    %irq   %soft  %steal  %guest  %gnice   %idle
04:10:23 AM  all    0.25    0.00   24.34    0.00    0.00    2.25    0.00    0.00    0.00   73.16
04:10:23 AM    0    1.00    0.00   97.00    0.00    0.00    2.00    0.00    0.00    0.00    0.00
04:10:23 AM    1    0.99    0.00   97.03    0.00    0.00    1.98    0.00    0.00    0.00    0.00
04:10:23 AM    2    0.00    0.00    0.00    0.00    0.00    7.00    0.00    0.00    0.00   93.00
04:10:23 AM    3    0.00    0.00    0.00    0.00    0.00    7.00    0.00    0.00    0.00   93.00
04:10:23 AM    4    0.00    0.00    0.00    0.00    0.00    0.00    0.00    0.00    0.00  100.00
04:10:23 AM    5    0.00    0.00    0.00    0.00    0.00    0.00    0.00    0.00    0.00  100.00
04:10:23 AM    6    0.00    0.00    0.00    0.00    0.00    0.00    0.00    0.00    0.00  100.00
04:10:23 AM    7    0.00    0.00    0.00    0.00    0.00    0.00    0.00    0.00    0.00  100.00

04:10:23 AM  CPU    %usr   %nice    %sys %iowait    %irq   %soft  %steal  %guest  %gnice   %idle
04:10:24 AM  all    0.25    0.00   24.31    0.00    0.13    2.13    0.00    0.00    0.00   73.18
04:10:24 AM    0    1.00    0.00   97.00    0.00    1.00    1.00    0.00    0.00    0.00    0.00
04:10:24 AM    1    1.00    0.00   97.00    0.00    0.00    2.00    0.00    0.00    0.00    0.00
04:10:24 AM    2    0.00    0.00    0.00    0.00    0.00    7.07    0.00    0.00    0.00   92.93
04:10:24 AM    3    0.00    0.00    0.00    0.00    0.00    7.07    0.00    0.00    0.00   92.93
04:10:24 AM    4    0.00    0.00    0.00    0.00    0.00    0.00    0.00    0.00    0.00  100.00
04:10:24 AM    5    0.00    0.00    0.00    0.00    0.00    0.00    0.00    0.00    0.00  100.00
04:10:24 AM    6    0.00    0.00    0.00    0.00    0.00    0.00    0.00    0.00    0.00  100.00
04:10:24 AM    7    0.00    0.00    0.00    0.00    0.00    0.00    0.00    0.00    0.00  100.00

04:10:24 AM  CPU    %usr   %nice    %sys %iowait    %irq   %soft  %steal  %guest  %gnice   %idle
04:10:25 AM  all    0.25    0.00   24.31    0.00    0.25    2.12    0.00    0.00    0.00   73.07
04:10:25 AM    0    1.01    0.00   97.98    0.00    0.00    1.01    0.00    0.00    0.00    0.00
04:10:25 AM    1    0.99    0.00   97.03    0.00    0.99    0.99    0.00    0.00    0.00    0.00
04:10:25 AM    2    0.00    0.00    0.00    0.00    0.99    6.93    0.00    0.00    0.00   92.08
04:10:25 AM    3    0.00    0.00    0.00    0.00    0.00    7.00    0.00    0.00    0.00   93.00
04:10:25 AM    4    0.00    0.00    0.00    0.00    0.00    0.00    0.00    0.00    0.00  100.00
04:10:25 AM    5    0.00    0.00    0.00    0.00    0.00    0.99    0.00    0.00    0.00   99.01
04:10:25 AM    6    0.00    0.00    0.00    0.00    0.00    0.00    0.00    0.00    0.00  100.00
04:10:25 AM    7    0.00    0.00    0.00    0.00    0.00    0.00    0.00    0.00    0.00  100.00

04:10:25 AM  CPU    %usr   %nice    %sys %iowait    %irq   %soft  %steal  %guest  %gnice   %idle
04:10:26 AM  all    0.13    0.00   24.53    0.00    0.13    2.13    0.00    0.00    0.00   73.09
04:10:26 AM    0    1.00    0.00   98.00    0.00    0.00    1.00    0.00    0.00    0.00    0.00
04:10:26 AM    1    0.00    0.00  100.00    0.00    0.00    0.00    0.00    0.00    0.00    0.00
04:10:26 AM    2    0.00    0.00    0.00    0.00    0.00    8.08    0.00    0.00    0.00   91.92
04:10:26 AM    3    0.00    0.00    0.00    0.00    0.99    6.93    0.00    0.00    0.00   92.08
04:10:26 AM    4    0.00    0.00    0.00    0.00    0.00    0.99    0.00    0.00    0.00   99.01
04:10:26 AM    5    0.00    0.00    0.00    0.00    0.00    0.00    0.00    0.00    0.00  100.00
04:10:26 AM    6    0.00    0.00    0.00    0.00    0.00    0.00    0.00    0.00    0.00  100.00
04:10:26 AM    7    0.00    0.00    0.00    0.00    0.00    0.00    0.00    0.00    0.00  100.00

04:10:26 AM  CPU    %usr   %nice    %sys %iowait    %irq   %soft  %steal  %guest  %gnice   %idle
04:10:27 AM  all    0.25    0.00   24.75    0.00    0.00    2.00    0.00    0.00    0.00   73.00
04:10:27 AM    0    1.00    0.00   99.00    0.00    0.00    0.00    0.00    0.00    0.00    0.00
04:10:27 AM    1    0.99    0.00   98.02    0.00    0.00    0.99    0.00    0.00    0.00    0.00
04:10:27 AM    2    0.00    0.00    0.00    0.00    0.00    8.00    0.00    0.00    0.00   92.00
04:10:27 AM    3    0.00    0.00    0.00    0.00    0.00    7.07    0.00    0.00    0.00   92.93
04:10:27 AM    4    0.00    0.00    0.00    0.00    0.00    0.00    0.00    0.00    0.00  100.00
04:10:27 AM    5    0.00    0.00    0.00    0.00    0.00    0.00    0.00    0.00    0.00  100.00
04:10:27 AM    6    0.00    0.00    0.00    0.00    0.00    0.00    0.00    0.00    0.00  100.00
04:10:27 AM    7    0.00    0.00    0.00    0.00    0.00    0.00    0.00    0.00    0.00  100.00

04:10:27 AM  CPU    %usr   %nice    %sys %iowait    %irq   %soft  %steal  %guest  %gnice   %idle
04:10:28 AM  all    0.25    0.00   24.25    0.00    0.25    2.38    0.00    0.00    0.00   72.88
04:10:28 AM    0    0.99    0.00   96.04    0.00    0.99    1.98    0.00    0.00    0.00    0.00
04:10:28 AM    1    1.00    0.00   97.00    0.00    0.00    2.00    0.00    0.00    0.00    0.00
04:10:28 AM    2    0.00    0.00    0.00    0.00    1.00    7.00    0.00    0.00    0.00   92.00
04:10:28 AM    3    0.00    0.00    0.00    0.00    0.00    8.00    0.00    0.00    0.00   92.00
04:10:28 AM    4    0.00    0.00    0.00    0.00    0.00    0.00    0.00    0.00    0.00  100.00
04:10:28 AM    5    0.00    0.00    0.00    0.00    0.00    0.00    0.00    0.00    0.00  100.00
04:10:28 AM    6    0.00    0.00    0.00    0.00    0.00    0.00    0.00    0.00    0.00  100.00
04:10:28 AM    7    0.00    0.00    0.00    0.00    0.00    0.00    0.00    0.00    0.00  100.00

04:10:28 AM  CPU    %usr   %nice    %sys %iowait    %irq   %soft  %steal  %guest  %gnice   %idle
04:10:29 AM  all    0.25    0.00   24.28    0.00    0.25    2.00    0.00    0.00    0.00   73.22
04:10:29 AM    0    1.01    0.00   97.98    0.00    0.00    1.01    0.00    0.00    0.00    0.00
04:10:29 AM    1    1.00    0.00   97.00    0.00    1.00    1.00    0.00    0.00    0.00    0.00
04:10:29 AM    2    0.00    0.00    0.00    0.00    0.00    7.00    0.00    0.00    0.00   93.00
04:10:29 AM    3    0.00    0.00    0.00    0.00    1.00    7.00    0.00    0.00    0.00   92.00
04:10:29 AM    4    0.00    0.00    0.00    0.00    0.00    0.00    0.00    0.00    0.00  100.00
04:10:29 AM    5    0.00    0.00    0.00    0.00    0.00    0.00    0.00    0.00    0.00  100.00
04:10:29 AM    6    0.00    0.00    0.00    0.00    0.00    0.00    0.00    0.00    0.00  100.00
04:10:29 AM    7    0.00    0.00    0.00    0.00    0.00    0.00    0.00    0.00    0.00  100.00

04:10:29 AM  CPU    %usr   %nice    %sys %iowait    %irq   %soft  %steal  %guest  %gnice   %idle
04:10:30 AM  all    0.13    0.00   24.19    0.00    0.00    2.51    0.00    0.00    0.00   73.18
04:10:30 AM    0    0.00    0.00   97.00    0.00    0.00    3.00    0.00    0.00    0.00    0.00
04:10:30 AM    1    1.00    0.00   96.00    0.00    0.00    3.00    0.00    0.00    0.00    0.00
04:10:30 AM    2    0.00    0.00    0.00    0.00    0.00    7.07    0.00    0.00    0.00   92.93
04:10:30 AM    3    0.00    0.00    0.00    0.00    0.00    7.07    0.00    0.00    0.00   92.93
04:10:30 AM    4    0.00    0.00    0.00    0.00    0.00    0.00    0.00    0.00    0.00  100.00
04:10:30 AM    5    0.00    0.00    0.00    0.00    0.00    0.00    0.00    0.00    0.00  100.00
04:10:30 AM    6    0.00    0.00    0.00    0.00    0.00    0.00    0.00    0.00    0.00  100.00
04:10:30 AM    7    0.00    0.00    0.00    0.00    0.00    0.00    0.00    0.00    0.00  100.00

04:10:30 AM  CPU    %usr   %nice    %sys %iowait    %irq   %soft  %steal  %guest  %gnice   %idle
04:10:31 AM  all    0.25    0.00   24.59    0.00    0.25    2.00    0.00    0.00    0.00   72.91
04:10:31 AM    0    0.99    0.00   98.02    0.00    0.99    0.00    0.00    0.00    0.00    0.00
04:10:31 AM    1    1.01    0.00   98.99    0.00    0.00    0.00    0.00    0.00    0.00    0.00
04:10:31 AM    2    0.00    0.00    0.00    0.00    0.99    7.92    0.00    0.00    0.00   91.09
04:10:31 AM    3    0.00    0.00    0.00    0.00    0.00    8.00    0.00    0.00    0.00   92.00
04:10:31 AM    4    0.00    0.00    0.00    0.00    0.00    0.00    0.00    0.00    0.00  100.00
04:10:31 AM    5    0.00    0.00    0.00    0.00    0.00    0.00    0.00    0.00    0.00  100.00
04:10:31 AM    6    0.00    0.00    0.00    0.00    0.00    0.00    0.00    0.00    0.00  100.00
04:10:31 AM    7    0.00    0.00    0.00    0.00    0.00    0.00    0.00    0.00    0.00  100.00

04:10:31 AM  CPU    %usr   %nice    %sys %iowait    %irq   %soft  %steal  %guest  %gnice   %idle
04:10:32 AM  all    0.25    0.00   23.72    0.00    0.25    3.00    0.00    0.00    0.00   72.78
04:10:32 AM    0    1.00    0.00   95.00    0.00    0.00    4.00    0.00    0.00    0.00    0.00
04:10:32 AM    1    0.99    0.00   94.06    0.00    0.99    3.96    0.00    0.00    0.00    0.00
04:10:32 AM    2    0.00    0.00    0.00    0.00    0.00    7.07    0.00    0.00    0.00   92.93
04:10:32 AM    3    0.00    0.00    0.00    0.00    1.00    8.00    0.00    0.00    0.00   91.00
04:10:32 AM    4    0.00    0.00    0.00    0.00    0.00    0.00    0.00    0.00    0.00  100.00
04:10:32 AM    5    0.00    0.00    0.00    0.00    0.00    0.00    0.00    0.00    0.00  100.00
04:10:32 AM    6    0.00    0.00    0.00    0.00    0.00    0.00    0.00    0.00    0.00  100.00
04:10:32 AM    7    0.00    0.00    0.00    0.00    0.00    0.99    0.00    0.00    0.00   99.01

04:10:32 AM  CPU    %usr   %nice    %sys %iowait    %irq   %soft  %steal  %guest  %gnice   %idle
04:10:33 AM  all    0.38    0.00   24.38    0.00    0.00    2.00    0.00    0.00    0.00   73.25
04:10:33 AM    0    1.00    0.00   98.00    0.00    0.00    1.00    0.00    0.00    0.00    0.00
04:10:33 AM    1    2.00    0.00   97.00    0.00    0.00    1.00    0.00    0.00    0.00    0.00
04:10:33 AM    2    0.00    0.00    0.00    0.00    0.00    7.00    0.00    0.00    0.00   93.00
04:10:33 AM    3    0.00    0.00    0.00    0.00    0.00    7.00    0.00    0.00    0.00   93.00
04:10:33 AM    4    0.00    0.00    0.00    0.00    0.00    0.00    0.00    0.00    0.00  100.00
04:10:33 AM    5    0.00    0.00    0.00    0.00    0.00    0.00    0.00    0.00    0.00  100.00
04:10:33 AM    6    0.00    0.00    0.00    0.00    0.00    0.00    0.00    0.00    0.00  100.00
04:10:33 AM    7    0.00    0.00    0.00    0.00    0.00    0.00    0.00    0.00    0.00  100.00

04:10:33 AM  CPU    %usr   %nice    %sys %iowait    %irq   %soft  %steal  %guest  %gnice   %idle
04:10:34 AM  all    0.13    0.00   24.44    0.00    0.00    2.13    0.00    0.00    0.00   73.31
04:10:34 AM    0    1.01    0.00   97.98    0.00    0.00    1.01    0.00    0.00    0.00    0.00
04:10:34 AM    1    0.00    0.00   98.00    0.00    0.00    2.00    0.00    0.00    0.00    0.00
04:10:34 AM    2    0.00    0.00    0.00    0.00    0.00    7.00    0.00    0.00    0.00   93.00
04:10:34 AM    3    0.00    0.00    0.00    0.00    0.00    7.00    0.00    0.00    0.00   93.00
04:10:34 AM    4    0.00    0.00    0.00    0.00    0.00    0.00    0.00    0.00    0.00  100.00
04:10:34 AM    5    0.00    0.00    0.00    0.00    0.00    0.00    0.00    0.00    0.00  100.00
04:10:34 AM    6    0.00    0.00    0.00    0.00    0.00    0.00    0.00    0.00    0.00  100.00
04:10:34 AM    7    0.00    0.00    0.00    0.00    0.00    0.00    0.00    0.00    0.00  100.00

04:10:34 AM  CPU    %usr   %nice    %sys %iowait    %irq   %soft  %steal  %guest  %gnice   %idle
04:10:35 AM  all    0.25    0.00   23.82    0.00    0.37    2.87    0.00    0.00    0.00   72.69
04:10:35 AM    0    0.99    0.00   95.05    0.00    0.99    2.97    0.00    0.00    0.00    0.00
04:10:35 AM    1    1.00    0.00   95.00    0.00    0.00    3.00    0.00    0.00    0.00    1.00
04:10:35 AM    2    0.00    0.00    0.00    0.00    1.00    8.00    0.00    0.00    0.00   91.00
04:10:35 AM    3    0.00    0.00    0.00    0.00    1.00    8.00    0.00    0.00    0.00   91.00
04:10:35 AM    4    0.00    0.00    0.00    0.00    0.00    0.00    0.00    0.00    0.00  100.00
04:10:35 AM    5    0.00    0.00    0.00    0.00    0.00    0.99    0.00    0.00    0.00   99.01
04:10:35 AM    6    0.00    0.00    0.00    0.00    0.00    0.00    0.00    0.00    0.00  100.00
04:10:35 AM    7    0.00    0.00    0.00    0.00    0.00    0.00    0.00    0.00    0.00  100.00

04:10:35 AM  CPU    %usr   %nice    %sys %iowait    %irq   %soft  %steal  %guest  %gnice   %idle
04:10:36 AM  all    0.25    0.00   24.56    0.00    0.13    2.13    0.00    0.00    0.00   72.93
04:10:36 AM    0    1.00    0.00   98.00    0.00    0.00    1.00    0.00    0.00    0.00    0.00
04:10:36 AM    1    1.00    0.00   98.00    0.00    1.00    0.00    0.00    0.00    0.00    0.00
04:10:36 AM    2    0.00    0.00    0.00    0.00    0.00    8.08    0.00    0.00    0.00   91.92
04:10:36 AM    3    0.00    0.00    0.00    0.00    0.00    8.08    0.00    0.00    0.00   91.92
04:10:36 AM    4    0.00    0.00    0.00    0.00    0.00    0.00    0.00    0.00    0.00  100.00
04:10:36 AM    5    0.00    0.00    0.00    0.00    0.00    0.00    0.00    0.00    0.00  100.00
04:10:36 AM    6    0.00    0.00    0.00    0.00    0.00    0.00    0.00    0.00    0.00  100.00
04:10:36 AM    7    0.00    0.00    0.00    0.00    0.00    0.00    0.00    0.00    0.00  100.00

04:10:36 AM  CPU    %usr   %nice    %sys %iowait    %irq   %soft  %steal  %guest  %gnice   %idle
04:10:37 AM  all    0.25    0.00   24.53    0.00    0.00    2.25    0.00    0.00    0.00   72.97
04:10:37 AM    0    1.01    0.00   98.99    0.00    0.00    0.00    0.00    0.00    0.00    0.00
04:10:37 AM    1    1.00    0.00   98.00    0.00    0.00    1.00    0.00    0.00    0.00    0.00
04:10:37 AM    2    0.00    0.00    0.00    0.00    0.00    8.08    0.00    0.00    0.00   91.92
04:10:37 AM    3    0.00    0.00    0.00    0.00    0.00    8.00    0.00    0.00    0.00   92.00
04:10:37 AM    4    0.00    0.00    0.00    0.00    0.00    0.99    0.00    0.00    0.00   99.01
04:10:37 AM    5    0.00    0.00    0.00    0.00    0.00    0.00    0.00    0.00    0.00  100.00
04:10:37 AM    6    0.00    0.00    0.00    0.00    0.00    0.00    0.00    0.00    0.00  100.00
04:10:37 AM    7    0.00    0.00    0.00    0.00    0.00    0.00    0.00    0.00    0.00  100.00

04:10:37 AM  CPU    %usr   %nice    %sys %iowait    %irq   %soft  %steal  %guest  %gnice   %idle
04:10:38 AM  all    0.25    0.00   24.03    0.00    0.37    2.49    0.00    0.00    0.00   72.85
04:10:38 AM    0    1.00    0.00   96.00    0.00    1.00    2.00    0.00    0.00    0.00    0.00
04:10:38 AM    1    1.00    0.00   97.00    0.00    0.00    2.00    0.00    0.00    0.00    0.00
04:10:38 AM    2    0.00    0.00    0.00    0.00    0.98    7.84    0.00    0.00    0.00   91.18
04:10:38 AM    3    0.00    0.00    0.00    0.00    0.99    7.92    0.00    0.00    0.00   91.09
04:10:38 AM    4    0.00    0.00    0.00    0.00    0.00    0.00    0.00    0.00    0.00  100.00
04:10:38 AM    5    0.00    0.00    0.00    0.00    0.00    0.00    0.00    0.00    0.00  100.00
04:10:38 AM    6    0.00    0.00    0.00    0.00    0.00    0.00    0.00    0.00    0.00  100.00
04:10:38 AM    7    0.00    0.00    0.00    0.00    0.00    0.00    0.00    0.00    0.00  100.00

04:10:38 AM  CPU    %usr   %nice    %sys %iowait    %irq   %soft  %steal  %guest  %gnice   %idle
04:10:39 AM  all    0.38    0.00   24.41    0.00    0.13    1.88    0.00    0.00    0.00   73.22
04:10:39 AM    0    1.98    0.00   97.03    0.00    0.00    0.99    0.00    0.00    0.00    0.00
04:10:39 AM    1    1.00    0.00   97.00    0.00    1.00    1.00    0.00    0.00    0.00    0.00
04:10:39 AM    2    0.00    0.00    0.00    0.00    0.00    6.06    0.00    0.00    0.00   93.94
04:10:39 AM    3    0.00    0.00    0.00    0.00    0.00    7.07    0.00    0.00    0.00   92.93
04:10:39 AM    4    0.00    0.00    0.00    0.00    0.00    0.00    0.00    0.00    0.00  100.00
04:10:39 AM    5    0.00    0.00    0.00    0.00    0.00    0.00    0.00    0.00    0.00  100.00
04:10:39 AM    6    0.00    0.00    0.00    0.00    0.00    0.00    0.00    0.00    0.00  100.00
04:10:39 AM    7    0.00    0.00    0.00    0.00    0.00    0.00    0.00    0.00    0.00  100.00

04:10:39 AM  CPU    %usr   %nice    %sys %iowait    %irq   %soft  %steal  %guest  %gnice   %idle
04:10:40 AM  all    0.38    0.00   23.78    0.00    0.00    2.88    0.00    0.00    0.00   72.97
04:10:40 AM    0    1.01    0.00   95.96    0.00    0.00    3.03    0.00    0.00    0.00    0.00
04:10:40 AM    1    1.98    0.00   94.06    0.00    0.00    3.96    0.00    0.00    0.00    0.00
04:10:40 AM    2    0.00    0.00    0.00    0.00    0.00    8.00    0.00    0.00    0.00   92.00
04:10:40 AM    3    0.00    0.00    0.00    0.00    0.00    7.07    0.00    0.00    0.00   92.93
04:10:40 AM    4    0.00    0.00    0.00    0.00    0.00    0.00    0.00    0.00    0.00  100.00
04:10:40 AM    5    0.00    0.00    0.00    0.00    0.00    0.00    0.00    0.00    0.00  100.00
04:10:40 AM    6    0.00    0.00    0.00    0.00    0.00    0.99    0.00    0.00    0.00   99.01
04:10:40 AM    7    0.00    0.00    0.00    0.00    0.00    0.00    0.00    0.00    0.00  100.00

04:10:40 AM  CPU    %usr   %nice    %sys %iowait    %irq   %soft  %steal  %guest  %gnice   %idle
04:10:41 AM  all    0.00    0.00   23.65    0.00    0.38    2.75    0.00    0.00    0.00   73.22
04:10:41 AM    0    0.00    0.00   95.00    0.00    1.00    4.00    0.00    0.00    0.00    0.00
04:10:41 AM    1    0.00    0.00   95.92    0.00    0.00    4.08    0.00    0.00    0.00    0.00
04:10:41 AM    2    0.00    0.00    0.00    0.00    1.00    7.00    0.00    0.00    0.00   92.00
04:10:41 AM    3    0.00    0.00    0.00    0.00    0.99    6.93    0.00    0.00    0.00   92.08
04:10:41 AM    4    0.00    0.00    0.00    0.00    0.00    0.00    0.00    0.00    0.00  100.00
04:10:41 AM    5    0.00    0.00    0.00    0.00    0.00    0.00    0.00    0.00    0.00  100.00
04:10:41 AM    6    0.00    0.00    0.00    0.00    0.00    0.00    0.00    0.00    0.00  100.00
04:10:41 AM    7    0.00    0.00    0.00    0.00    0.00    0.00    0.00    0.00    0.00  100.00

04:10:41 AM  CPU    %usr   %nice    %sys %iowait    %irq   %soft  %steal  %guest  %gnice   %idle
04:10:42 AM  all    0.50    0.00   23.75    0.00    0.00    2.62    0.00    0.00    0.00   73.12
04:10:42 AM    0    1.98    0.00   94.06    0.00    0.00    2.97    0.00    0.00    0.00    0.99
04:10:42 AM    1    2.00    0.00   95.00    0.00    0.00    3.00    0.00    0.00    0.00    0.00
04:10:42 AM    2    0.00    0.00    0.00    0.00    0.00    7.07    0.00    0.00    0.00   92.93
04:10:42 AM    3    0.00    0.00    0.00    0.00    0.00    8.00    0.00    0.00    0.00   92.00
04:10:42 AM    4    0.00    0.00    0.00    0.00    0.00    0.00    0.00    0.00    0.00  100.00
04:10:42 AM    5    0.00    0.00    0.00    0.00    0.00    0.00    0.00    0.00    0.00  100.00
04:10:42 AM    6    0.00    0.00    0.00    0.00    0.00    0.00    0.00    0.00    0.00  100.00
04:10:42 AM    7    0.00    0.00    0.00    0.00    0.00    0.00    0.00    0.00    0.00  100.00

04:10:42 AM  CPU    %usr   %nice    %sys %iowait    %irq   %soft  %steal  %guest  %gnice   %idle
04:10:43 AM  all    0.12    0.00   23.75    0.00    0.12    3.50    0.00    0.00    0.00   72.50
04:10:43 AM    0    1.00    0.00   95.00    0.00    0.00    4.00    0.00    0.00    0.00    0.00
04:10:43 AM    1    0.00    0.00   95.00    0.00    1.00    4.00    0.00    0.00    0.00    0.00
04:10:43 AM    2    0.00    0.00    0.00    0.00    0.00    9.00    0.00    0.00    0.00   91.00
04:10:43 AM    3    0.00    0.00    0.00    0.00    0.00    9.09    0.00    0.00    0.00   90.91
04:10:43 AM    4    0.00    0.00    0.00    0.00    0.00    0.99    0.00    0.00    0.00   99.01
04:10:43 AM    5    0.00    0.00    0.00    0.00    0.00    1.00    0.00    0.00    0.00   99.00
04:10:43 AM    6    0.00    0.00    0.00    0.00    0.00    0.00    0.00    0.00    0.00  100.00
04:10:43 AM    7    0.00    0.00    0.00    0.00    0.00    0.00    0.00    0.00    0.00  100.00

04:10:43 AM  CPU    %usr   %nice    %sys %iowait    %irq   %soft  %steal  %guest  %gnice   %idle
04:10:44 AM  all    0.12    0.00   24.19    0.00    0.25    2.37    0.00    0.00    0.00   73.07
04:10:44 AM    0    0.00    0.00   97.98    0.00    0.00    2.02    0.00    0.00    0.00    0.00
04:10:44 AM    1    0.99    0.00   96.04    0.00    0.00    2.97    0.00    0.00    0.00    0.00
04:10:44 AM    2    0.00    0.00    0.00    0.00    0.99    6.93    0.00    0.00    0.00   92.08
04:10:44 AM    3    0.00    0.00    0.00    0.00    0.99    6.93    0.00    0.00    0.00   92.08
04:10:44 AM    4    0.00    0.00    0.00    0.00    0.00    0.00    0.00    0.00    0.00  100.00
04:10:44 AM    5    0.00    0.00    0.00    0.00    0.00    0.00    0.00    0.00    0.00  100.00
04:10:44 AM    6    0.00    0.00    0.00    0.00    0.00    0.00    0.00    0.00    0.00  100.00
04:10:44 AM    7    0.00    0.00    0.00    0.00    0.00    0.00    0.00    0.00    0.00  100.00

04:10:44 AM  CPU    %usr   %nice    %sys %iowait    %irq   %soft  %steal  %guest  %gnice   %idle
04:10:45 AM  all    0.50    0.00   23.93    0.00    0.13    2.38    0.00    0.00    0.00   73.06
04:10:45 AM    0    2.97    0.00   94.06    0.00    0.99    1.98    0.00    0.00    0.00    0.00
04:10:45 AM    1    1.01    0.00   96.97    0.00    0.00    2.02    0.00    0.00    0.00    0.00
04:10:45 AM    2    0.00    0.00    0.00    0.00    0.00    7.07    0.00    0.00    0.00   92.93
04:10:45 AM    3    0.00    0.00    0.00    0.00    0.00    8.08    0.00    0.00    0.00   91.92
04:10:45 AM    4    0.00    0.00    0.00    0.00    0.00    0.00    0.00    0.00    0.00  100.00
04:10:45 AM    5    0.00    0.00    0.00    0.00    0.00    0.00    0.00    0.00    0.00  100.00
04:10:45 AM    6    0.00    0.00    0.00    0.00    0.00    0.00    0.00    0.00    0.00  100.00
04:10:45 AM    7    0.00    0.00    0.00    0.00    0.00    0.00    0.00    0.00    0.00  100.00

04:10:45 AM  CPU    %usr   %nice    %sys %iowait    %irq   %soft  %steal  %guest  %gnice   %idle
04:10:46 AM  all    0.25    0.00   24.44    0.00    0.13    2.01    0.00    0.00    0.00   73.18
04:10:46 AM    0    0.00    0.00  100.00    0.00    0.00    0.00    0.00    0.00    0.00    0.00
04:10:46 AM    1    1.98    0.00   96.04    0.00    0.99    0.99    0.00    0.00    0.00    0.00
04:10:46 AM    2    0.00    0.00    0.00    0.00    0.00    8.08    0.00    0.00    0.00   91.92
04:10:46 AM    3    0.00    0.00    0.00    0.00    0.00    7.00    0.00    0.00    0.00   93.00
04:10:46 AM    4    0.00    0.00    0.00    0.00    0.00    0.00    0.00    0.00    0.00  100.00
04:10:46 AM    5    0.00    0.00    0.00    0.00    0.00    0.00    0.00    0.00    0.00  100.00
04:10:46 AM    6    0.00    0.00    0.00    0.00    0.00    0.00    0.00    0.00    0.00  100.00
04:10:46 AM    7    0.00    0.00    0.00    0.00    0.00    0.00    0.00    0.00    0.00  100.00

04:10:46 AM  CPU    %usr   %nice    %sys %iowait    %irq   %soft  %steal  %guest  %gnice   %idle
04:10:47 AM  all    0.25    0.00   24.47    0.00    0.25    2.12    0.00    0.00    0.00   72.91
04:10:47 AM    0    1.98    0.00   96.04    0.00    0.00    1.98    0.00    0.00    0.00    0.00
04:10:47 AM    1    0.00    0.00   99.00    0.00    0.00    1.00    0.00    0.00    0.00    0.00
04:10:47 AM    2    0.00    0.00    0.00    0.00    0.99    6.93    0.00    0.00    0.00   92.08
04:10:47 AM    3    0.00    0.00    0.00    0.00    1.00    7.00    0.00    0.00    0.00   92.00
04:10:47 AM    4    0.00    0.00    0.00    0.00    0.00    0.00    0.00    0.00    0.00  100.00
04:10:47 AM    5    0.00    0.00    0.00    0.00    0.00    0.00    0.00    0.00    0.00  100.00
04:10:47 AM    6    0.00    0.00    0.00    0.00    0.00    0.00    0.00    0.00    0.00  100.00
04:10:47 AM    7    0.00    0.00    0.00    0.00    0.00    0.00    0.00    0.00    0.00  100.00

04:10:47 AM  CPU    %usr   %nice    %sys %iowait    %irq   %soft  %steal  %guest  %gnice   %idle
04:10:48 AM  all    0.12    0.00   24.44    0.00    0.37    2.00    0.00    0.00    0.00   73.07
04:10:48 AM    0    0.00    0.00   99.00    0.00    1.00    0.00    0.00    0.00    0.00    0.00
04:10:48 AM    1    1.00    0.00   97.00    0.00    0.00    1.00    0.00    0.00    0.00    1.00
04:10:48 AM    2    0.00    0.00    0.00    0.00    0.00    7.00    0.00    0.00    0.00   93.00
04:10:48 AM    3    0.00    0.00    0.00    0.00    0.00    8.00    0.00    0.00    0.00   92.00
04:10:48 AM    4    0.00    0.00    0.00    0.00    0.99    0.00    0.00    0.00    0.00   99.01
04:10:48 AM    5    0.00    0.00    0.00    0.00    0.99    0.00    0.00    0.00    0.00   99.01
04:10:48 AM    6    0.00    0.00    0.00    0.00    0.00    0.00    0.00    0.00    0.00  100.00
04:10:48 AM    7    0.00    0.00    0.00    0.00    0.00    0.00    0.00    0.00    0.00  100.00

04:10:48 AM  CPU    %usr   %nice    %sys %iowait    %irq   %soft  %steal  %guest  %gnice   %idle
04:10:49 AM  all    0.25    0.00   23.93    0.00    0.13    2.38    0.00    0.00    0.00   73.31
04:10:49 AM    0    0.00    0.00   96.97    0.00    0.00    3.03    0.00    0.00    0.00    0.00
04:10:49 AM    1    1.98    0.00   94.06    0.00    0.99    2.97    0.00    0.00    0.00    0.00
04:10:49 AM    2    0.00    0.00    0.00    0.00    0.00    7.07    0.00    0.00    0.00   92.93
04:10:49 AM    3    0.00    0.00    0.00    0.00    0.00    6.06    0.00    0.00    0.00   93.94
04:10:49 AM    4    0.00    0.00    0.00    0.00    0.00    0.00    0.00    0.00    0.00  100.00
04:10:49 AM    5    0.00    0.00    0.00    0.00    0.00    0.00    0.00    0.00    0.00  100.00
04:10:49 AM    6    0.00    0.00    0.00    0.00    0.00    0.00    0.00    0.00    0.00  100.00
04:10:49 AM    7    0.00    0.00    0.00    0.00    0.00    0.00    0.00    0.00    0.00  100.00

04:10:49 AM  CPU    %usr   %nice    %sys %iowait    %irq   %soft  %steal  %guest  %gnice   %idle
04:10:50 AM  all    0.12    0.00   24.22    0.00    0.12    2.50    0.00    0.00    0.00   73.03
04:10:50 AM    0    1.00    0.00   97.00    0.00    0.00    2.00    0.00    0.00    0.00    0.00
04:10:50 AM    1    0.00    0.00   97.00    0.00    0.00    3.00    0.00    0.00    0.00    0.00
04:10:50 AM    2    0.00    0.00    0.00    0.00    0.99    6.93    0.00    0.00    0.00   92.08
04:10:50 AM    3    0.00    0.00    0.00    0.00    0.00    8.00    0.00    0.00    0.00   92.00
04:10:50 AM    4    0.00    0.00    0.00    0.00    0.00    0.00    0.00    0.00    0.00  100.00
04:10:50 AM    5    0.00    0.00    0.00    0.00    0.00    0.00    0.00    0.00    0.00  100.00
04:10:50 AM    6    0.00    0.00    0.00    0.00    0.00    0.00    0.00    0.00    0.00  100.00
04:10:50 AM    7    0.00    0.00    0.00    0.00    0.00    0.00    0.00    0.00    0.00  100.00

Average:     CPU    %usr   %nice    %sys %iowait    %irq   %soft  %steal  %guest  %gnice   %idle
Average:     all    0.27    0.00   24.44    0.00    0.16    1.99    0.00    0.00    0.00   73.15
Average:       0    1.06    0.00   97.70    0.00    0.30    0.82    0.00    0.00    0.00    0.12
Average:       1    1.08    0.00   97.69    0.00    0.30    0.81    0.00    0.00    0.00    0.12
Average:       2    0.00    0.00    0.00    0.00    0.32    7.07    0.00    0.00    0.00   92.61
Average:       3    0.00    0.00    0.00    0.00    0.31    7.03    0.00    0.00    0.00   92.65
Average:       4    0.00    0.00    0.00    0.00    0.01    0.09    0.00    0.00    0.00   99.90
Average:       5    0.00    0.00    0.00    0.00    0.01    0.08    0.00    0.00    0.00   99.91
Average:       6    0.00    0.00    0.00    0.00    0.00    0.02    0.00    0.00    0.00   99.97
Average:       7    0.00    0.00    0.00    0.00    0.00    0.03    0.00    0.00    0.00   99.97
