Linux 6.12.87 (pi5-2) 	06/17/2026 	_aarch64_	(4 CPU)

02:20:29 AM  CPU    %usr   %nice    %sys %iowait    %irq   %soft  %steal  %guest  %gnice   %idle
02:20:30 AM  all    0.25    0.00    2.04    0.00    1.78    8.91    0.00    0.00    0.00   87.02
02:20:30 AM    0    0.00    0.00    0.00    0.00    3.03   35.35    0.00    0.00    0.00   61.62
02:20:30 AM    1    1.03    0.00    4.12    0.00    2.06    0.00    0.00    0.00    0.00   92.78
02:20:30 AM    2    0.00    0.00    4.12    0.00    2.06    0.00    0.00    0.00    0.00   93.81
02:20:30 AM    3    0.00    0.00    0.00    0.00    0.00    0.00    0.00    0.00    0.00  100.00

02:20:30 AM  CPU    %usr   %nice    %sys %iowait    %irq   %soft  %steal  %guest  %gnice   %idle
02:20:31 AM  all    0.51    0.00    4.60    0.00    1.79   11.51    0.00    0.00    0.00   81.59
02:20:31 AM    0    0.00    0.00    1.01    0.00    3.03   45.45    0.00    0.00    0.00   50.51
02:20:31 AM    1    1.06    0.00    6.38    0.00    2.13    0.00    0.00    0.00    0.00   90.43
02:20:31 AM    2    1.02    0.00   10.20    0.00    2.04    0.00    0.00    0.00    0.00   86.73
02:20:31 AM    3    0.00    0.00    1.00    0.00    0.00    0.00    0.00    0.00    0.00   99.00

02:20:31 AM  CPU    %usr   %nice    %sys %iowait    %irq   %soft  %steal  %guest  %gnice   %idle
02:20:32 AM  all    0.77    0.00    3.57    0.00    2.30   11.73    0.00    0.00    0.00   81.63
02:20:32 AM    0    0.00    0.00    0.00    0.00    3.03   46.46    0.00    0.00    0.00   50.51
02:20:32 AM    1    1.05    0.00    6.32    0.00    3.16    0.00    0.00    0.00    0.00   89.47
02:20:32 AM    2    2.04    0.00    6.12    0.00    2.04    0.00    0.00    0.00    0.00   89.80
02:20:32 AM    3    0.00    0.00    2.00    0.00    1.00    0.00    0.00    0.00    0.00   97.00

02:20:32 AM  CPU    %usr   %nice    %sys %iowait    %irq   %soft  %steal  %guest  %gnice   %idle
02:20:33 AM  all    0.51    0.00    2.83    0.00    2.31   11.83    0.00    0.00    0.00   82.52
02:20:33 AM    0    0.00    0.00    0.00    0.00    3.03   46.46    0.00    0.00    0.00   50.51
02:20:33 AM    1    1.04    0.00    6.25    0.00    3.12    0.00    0.00    0.00    0.00   89.58
02:20:33 AM    2    0.00    0.00    2.06    0.00    2.06    0.00    0.00    0.00    0.00   95.88
02:20:33 AM    3    1.03    0.00    3.09    0.00    1.03    0.00    0.00    0.00    0.00   94.85

02:20:33 AM  CPU    %usr   %nice    %sys %iowait    %irq   %soft  %steal  %guest  %gnice   %idle
02:20:34 AM  all    1.29    0.00    3.08    0.00    1.80   11.83    0.00    0.00    0.00   82.01
02:20:34 AM    0    1.00    0.00    0.00    0.00    3.00   46.00    0.00    0.00    0.00   50.00
02:20:34 AM    1    2.13    0.00    5.32    0.00    2.13    0.00    0.00    0.00    0.00   90.43
02:20:34 AM    2    2.02    0.00    4.04    0.00    1.01    0.00    0.00    0.00    0.00   92.93
02:20:34 AM    3    0.00    0.00    3.12    0.00    1.04    0.00    0.00    0.00    0.00   95.83

02:20:34 AM  CPU    %usr   %nice    %sys %iowait    %irq   %soft  %steal  %guest  %gnice   %idle
02:20:35 AM  all    0.77    0.00    2.56    0.00    2.56   11.79    0.00    0.00    0.00   82.31
02:20:35 AM    0    0.00    0.00    0.00    0.00    3.03   46.46    0.00    0.00    0.00   50.51
02:20:35 AM    1    1.04    0.00    6.25    0.00    3.12    0.00    0.00    0.00    0.00   89.58
02:20:35 AM    2    1.02    0.00    2.04    0.00    2.04    0.00    0.00    0.00    0.00   94.90
02:20:35 AM    3    1.03    0.00    2.06    0.00    2.06    0.00    0.00    0.00    0.00   94.85

02:20:35 AM  CPU    %usr   %nice    %sys %iowait    %irq   %soft  %steal  %guest  %gnice   %idle
02:20:36 AM  all    1.27    0.00    3.54    0.00    2.03   11.39    0.00    0.00    0.00   81.77
02:20:36 AM    0    0.00    0.00    0.00    0.00    3.03   45.45    0.00    0.00    0.00   51.52
02:20:36 AM    1    2.04    0.00    7.14    0.00    3.06    0.00    0.00    0.00    0.00   87.76
02:20:36 AM    2    1.00    0.00    5.00    0.00    1.00    0.00    0.00    0.00    0.00   93.00
02:20:36 AM    3    2.04    0.00    2.04    0.00    1.02    0.00    0.00    0.00    0.00   94.90

02:20:36 AM  CPU    %usr   %nice    %sys %iowait    %irq   %soft  %steal  %guest  %gnice   %idle
02:20:37 AM  all    1.04    0.00    1.82    0.00    1.82   11.95    0.00    0.00    0.00   83.38
02:20:37 AM    0    0.00    0.00    0.00    0.00    3.03   46.46    0.00    0.00    0.00   50.51
02:20:37 AM    1    1.08    0.00    4.30    0.00    2.15    0.00    0.00    0.00    0.00   92.47
02:20:37 AM    2    2.06    0.00    2.06    0.00    1.03    0.00    0.00    0.00    0.00   94.85
02:20:37 AM    3    1.04    0.00    1.04    0.00    1.04    0.00    0.00    0.00    0.00   96.88

02:20:37 AM  CPU    %usr   %nice    %sys %iowait    %irq   %soft  %steal  %guest  %gnice   %idle
02:20:38 AM  all    0.26    0.00    2.82    0.00    2.56   11.79    0.00    0.00    0.00   82.56
02:20:38 AM    0    0.00    0.00    0.00    0.00    3.03   46.46    0.00    0.00    0.00   50.51
02:20:38 AM    1    1.05    0.00    5.26    0.00    3.16    0.00    0.00    0.00    0.00   90.53
02:20:38 AM    2    0.00    0.00    3.06    0.00    2.04    0.00    0.00    0.00    0.00   94.90
02:20:38 AM    3    0.00    0.00    3.06    0.00    2.04    0.00    0.00    0.00    0.00   94.90

02:20:38 AM  CPU    %usr   %nice    %sys %iowait    %irq   %soft  %steal  %guest  %gnice   %idle
02:20:39 AM  all    0.77    0.00    3.83    0.00    2.04   11.73    0.00    0.00    0.00   81.63
02:20:39 AM    0    0.00    0.00    0.00    0.00    3.03   46.46    0.00    0.00    0.00   50.51
02:20:39 AM    1    1.03    0.00    8.25    0.00    3.09    0.00    0.00    0.00    0.00   87.63
02:20:39 AM    2    1.01    0.00    4.04    0.00    1.01    0.00    0.00    0.00    0.00   93.94
02:20:39 AM    3    1.03    0.00    3.09    0.00    1.03    0.00    0.00    0.00    0.00   94.85

02:20:39 AM  CPU    %usr   %nice    %sys %iowait    %irq   %soft  %steal  %guest  %gnice   %idle
02:20:40 AM  all    0.77    0.00    3.06    0.26    2.30   11.73    0.00    0.00    0.00   81.89
02:20:40 AM    0    0.00    0.00    0.00    0.00    3.03   46.46    0.00    0.00    0.00   50.51
02:20:40 AM    1    2.11    0.00    5.26    0.00    2.11    0.00    0.00    0.00    0.00   90.53
02:20:40 AM    2    1.02    0.00    3.06    0.00    2.04    0.00    0.00    0.00    0.00   93.88
02:20:40 AM    3    0.00    0.00    4.00    1.00    2.00    0.00    0.00    0.00    0.00   93.00

02:20:40 AM  CPU    %usr   %nice    %sys %iowait    %irq   %soft  %steal  %guest  %gnice   %idle
02:20:41 AM  all    0.77    0.00    2.57    0.00    2.06   11.83    0.00    0.00    0.00   82.78
02:20:41 AM    0    0.00    0.00    1.00    0.00    3.00   46.00    0.00    0.00    0.00   50.00
02:20:41 AM    1    1.03    0.00    2.06    0.00    2.06    0.00    0.00    0.00    0.00   94.85
02:20:41 AM    2    0.00    0.00    2.08    0.00    1.04    0.00    0.00    0.00    0.00   96.88
02:20:41 AM    3    2.08    0.00    5.21    0.00    2.08    0.00    0.00    0.00    0.00   90.62

02:20:41 AM  CPU    %usr   %nice    %sys %iowait    %irq   %soft  %steal  %guest  %gnice   %idle
02:20:42 AM  all    0.77    0.00    3.06    0.00    2.04   11.73    0.00    0.00    0.00   82.40
02:20:42 AM    0    0.00    0.00    0.00    0.00    3.03   46.46    0.00    0.00    0.00   50.51
02:20:42 AM    1    1.02    0.00    6.12    0.00    2.04    0.00    0.00    0.00    0.00   90.82
02:20:42 AM    2    1.02    0.00    3.06    0.00    1.02    0.00    0.00    0.00    0.00   94.90
02:20:42 AM    3    1.03    0.00    3.09    0.00    2.06    0.00    0.00    0.00    0.00   93.81

02:20:42 AM  CPU    %usr   %nice    %sys %iowait    %irq   %soft  %steal  %guest  %gnice   %idle
02:20:43 AM  all    0.00    0.00    2.86    0.00    2.34   11.69    0.00    0.00    0.00   83.12
02:20:43 AM    0    0.00    0.00    0.00    0.00    3.06   45.92    0.00    0.00    0.00   51.02
02:20:43 AM    1    0.00    0.00    4.30    0.00    3.23    0.00    0.00    0.00    0.00   92.47
02:20:43 AM    2    0.00    0.00    5.05    0.00    2.02    0.00    0.00    0.00    0.00   92.93
02:20:43 AM    3    0.00    0.00    2.11    0.00    1.05    0.00    0.00    0.00    0.00   96.84

02:20:43 AM  CPU    %usr   %nice    %sys %iowait    %irq   %soft  %steal  %guest  %gnice   %idle
02:20:44 AM  all    0.26    0.00    3.09    0.00    2.06   11.86    0.00    0.00    0.00   82.73
02:20:44 AM    0    0.00    0.00    0.00    0.00    3.03   46.46    0.00    0.00    0.00   50.51
02:20:44 AM    1    0.00    0.00    5.43    0.00    2.17    0.00    0.00    0.00    0.00   92.39
02:20:44 AM    2    1.02    0.00    3.06    0.00    1.02    0.00    0.00    0.00    0.00   94.90
02:20:44 AM    3    0.00    0.00    4.04    0.00    2.02    0.00    0.00    0.00    0.00   93.94

02:20:44 AM  CPU    %usr   %nice    %sys %iowait    %irq   %soft  %steal  %guest  %gnice   %idle
02:20:45 AM  all    1.28    0.00    2.56    0.00    2.31   11.79    0.00    0.00    0.00   82.05
02:20:45 AM    0    0.00    0.00    0.00    0.00    3.03   46.46    0.00    0.00    0.00   50.51
02:20:45 AM    1    1.01    0.00    0.00    0.00    1.01    0.00    0.00    0.00    0.00   97.98
02:20:45 AM    2    2.04    0.00    2.04    0.00    2.04    0.00    0.00    0.00    0.00   93.88
02:20:45 AM    3    2.13    0.00    8.51    0.00    3.19    0.00    0.00    0.00    0.00   86.17

02:20:45 AM  CPU    %usr   %nice    %sys %iowait    %irq   %soft  %steal  %guest  %gnice   %idle
02:20:46 AM  all    0.52    0.00    2.84    0.00    2.07   11.63    0.00    0.00    0.00   82.95
02:20:46 AM    0    0.00    0.00    0.00    0.00    3.06   45.92    0.00    0.00    0.00   51.02
02:20:46 AM    1    0.00    0.00    0.00    0.00    0.00    0.00    0.00    0.00    0.00  100.00
02:20:46 AM    2    0.00    0.00    3.09    0.00    1.03    0.00    0.00    0.00    0.00   95.88
02:20:46 AM    3    2.17    0.00    8.70    0.00    4.35    0.00    0.00    0.00    0.00   84.78

02:20:46 AM  CPU    %usr   %nice    %sys %iowait    %irq   %soft  %steal  %guest  %gnice   %idle
02:20:47 AM  all    0.26    0.00    3.34    0.00    2.06   11.83    0.00    0.00    0.00   82.52
02:20:47 AM    0    0.00    0.00    0.00    0.00    3.03   46.46    0.00    0.00    0.00   50.51
02:20:47 AM    1    0.00    0.00    0.00    0.00    0.00    0.00    0.00    0.00    0.00  100.00
02:20:47 AM    2    1.01    0.00    5.05    0.00    1.01    0.00    0.00    0.00    0.00   92.93
02:20:47 AM    3    0.00    0.00    8.79    0.00    4.40    0.00    0.00    0.00    0.00   86.81

02:20:47 AM  CPU    %usr   %nice    %sys %iowait    %irq   %soft  %steal  %guest  %gnice   %idle
02:20:48 AM  all    0.76    0.00    3.31    0.00    2.29   11.70    0.00    0.00    0.00   81.93
02:20:48 AM    0    0.00    0.00    0.00    0.00    3.00   46.00    0.00    0.00    0.00   51.00
02:20:48 AM    1    0.00    0.00    0.00    0.00    0.00    0.00    0.00    0.00    0.00  100.00
02:20:48 AM    2    0.00    0.00    4.04    0.00    2.02    0.00    0.00    0.00    0.00   93.94
02:20:48 AM    3    3.19    0.00    9.57    0.00    4.26    0.00    0.00    0.00    0.00   82.98

02:20:48 AM  CPU    %usr   %nice    %sys %iowait    %irq   %soft  %steal  %guest  %gnice   %idle
02:20:49 AM  all    0.78    0.00    1.81    0.00    2.33   11.89    0.00    0.00    0.00   83.20
02:20:49 AM    0    0.00    0.00    0.00    0.00    3.03   46.46    0.00    0.00    0.00   50.51
02:20:49 AM    1    0.00    0.00    0.00    0.00    0.00    0.00    0.00    0.00    0.00  100.00
02:20:49 AM    2    1.04    0.00    3.12    0.00    2.08    0.00    0.00    0.00    0.00   93.75
02:20:49 AM    3    2.17    0.00    4.35    0.00    4.35    0.00    0.00    0.00    0.00   89.13

02:20:49 AM  CPU    %usr   %nice    %sys %iowait    %irq   %soft  %steal  %guest  %gnice   %idle
02:20:50 AM  all    0.52    0.00    2.85    0.00    2.07   11.66    0.00    0.00    0.00   82.90
02:20:50 AM    0    0.00    0.00    0.00    0.00    3.06   45.92    0.00    0.00    0.00   51.02
02:20:50 AM    1    1.02    0.00    0.00    0.00    1.02    0.00    0.00    0.00    0.00   97.96
02:20:50 AM    2    1.03    0.00    5.15    0.00    2.06    0.00    0.00    0.00    0.00   91.75
02:20:50 AM    3    0.00    0.00    6.45    0.00    2.15    0.00    0.00    0.00    0.00   91.40

02:20:50 AM  CPU    %usr   %nice    %sys %iowait    %irq   %soft  %steal  %guest  %gnice   %idle
02:20:51 AM  all    1.27    0.00    3.30    0.00    2.03   11.68    0.00    0.00    0.00   81.73
02:20:51 AM    0    0.00    0.00    0.00    0.00    3.03   46.46    0.00    0.00    0.00   50.51
02:20:51 AM    1    1.02    0.00    3.06    0.00    1.02    0.00    0.00    0.00    0.00   94.90
02:20:51 AM    2    2.02    0.00    3.03    0.00    1.01    0.00    0.00    0.00    0.00   93.94
02:20:51 AM    3    2.04    0.00    7.14    0.00    3.06    0.00    0.00    0.00    0.00   87.76

02:20:51 AM  CPU    %usr   %nice    %sys %iowait    %irq   %soft  %steal  %guest  %gnice   %idle
02:20:52 AM  all    0.51    0.00    3.08    0.00    2.06   11.83    0.00    0.00    0.00   82.52
02:20:52 AM    0    0.00    0.00    0.00    0.00    3.03   46.46    0.00    0.00    0.00   50.51
02:20:52 AM    1    0.00    0.00    2.08    0.00    1.04    0.00    0.00    0.00    0.00   96.88
02:20:52 AM    2    1.02    0.00    4.08    0.00    1.02    0.00    0.00    0.00    0.00   93.88
02:20:52 AM    3    1.04    0.00    6.25    0.00    3.12    0.00    0.00    0.00    0.00   89.58

02:20:52 AM  CPU    %usr   %nice    %sys %iowait    %irq   %soft  %steal  %guest  %gnice   %idle
02:20:53 AM  all    0.51    0.00    2.81    0.00    2.30   11.76    0.00    0.00    0.00   82.61
02:20:53 AM    0    0.00    0.00    0.00    0.00    3.00   46.00    0.00    0.00    0.00   51.00
02:20:53 AM    1    1.02    0.00    2.04    0.00    2.04    0.00    0.00    0.00    0.00   94.90
02:20:53 AM    2    0.00    0.00    2.06    0.00    2.06    0.00    0.00    0.00    0.00   95.88
02:20:53 AM    3    1.04    0.00    7.29    0.00    2.08    0.00    0.00    0.00    0.00   89.58

02:20:53 AM  CPU    %usr   %nice    %sys %iowait    %irq   %soft  %steal  %guest  %gnice   %idle
02:20:54 AM  all    0.77    0.00    3.09    0.00    2.06   11.60    0.00    0.00    0.00   82.47
02:20:54 AM    0    0.00    0.00    1.01    0.00    3.03   45.45    0.00    0.00    0.00   50.51
02:20:54 AM    1    1.04    0.00    1.04    0.00    1.04    0.00    0.00    0.00    0.00   96.88
02:20:54 AM    2    1.02    0.00    3.06    0.00    1.02    0.00    0.00    0.00    0.00   94.90
02:20:54 AM    3    1.05    0.00    7.37    0.00    3.16    0.00    0.00    0.00    0.00   88.42

02:20:54 AM  CPU    %usr   %nice    %sys %iowait    %irq   %soft  %steal  %guest  %gnice   %idle
02:20:55 AM  all    0.76    0.00    3.30    0.00    2.28   11.93    0.00    0.00    0.00   81.73
02:20:55 AM    0    0.00    0.00    0.00    0.00    3.06   46.94    0.00    0.00    0.00   50.00
02:20:55 AM    1    0.00    0.00    0.00    0.00    0.00    0.00    0.00    0.00    0.00  100.00
02:20:55 AM    2    0.00    0.00    0.00    0.00    0.00    0.00    0.00    0.00    0.00  100.00
02:20:55 AM    3    3.12    0.00   13.54    0.00    6.25    1.04    0.00    0.00    0.00   76.04

02:20:55 AM  CPU    %usr   %nice    %sys %iowait    %irq   %soft  %steal  %guest  %gnice   %idle
02:20:56 AM  all    0.00    0.00    3.34    0.00    2.06   11.83    0.00    0.00    0.00   82.78
02:20:56 AM    0    0.00    0.00    0.00    0.00    3.00   46.00    0.00    0.00    0.00   51.00
02:20:56 AM    1    0.00    0.00    0.00    0.00    0.00    0.00    0.00    0.00    0.00  100.00
02:20:56 AM    2    0.00    0.00    0.00    0.00    0.00    0.00    0.00    0.00    0.00  100.00
02:20:56 AM    3    0.00    0.00   14.61    0.00    5.62    0.00    0.00    0.00    0.00   79.78

02:20:56 AM  CPU    %usr   %nice    %sys %iowait    %irq   %soft  %steal  %guest  %gnice   %idle
02:20:57 AM  all    0.78    0.00    2.33    0.00    2.07   11.89    0.00    0.00    0.00   82.95
02:20:57 AM    0    0.00    0.00    0.00    0.00    3.03   46.46    0.00    0.00    0.00   50.51
02:20:57 AM    1    0.00    0.00    0.00    0.00    0.00    0.00    0.00    0.00    0.00  100.00
02:20:57 AM    2    0.00    0.00    0.00    0.00    0.00    0.00    0.00    0.00    0.00  100.00
02:20:57 AM    3    3.41    0.00   10.23    0.00    5.68    0.00    0.00    0.00    0.00   80.68

02:20:57 AM  CPU    %usr   %nice    %sys %iowait    %irq   %soft  %steal  %guest  %gnice   %idle
02:20:58 AM  all    0.52    0.00    3.10    0.26    2.07   11.63    0.00    0.00    0.00   82.43
02:20:58 AM    0    0.00    0.00    0.00    0.00    3.06   45.92    0.00    0.00    0.00   51.02
02:20:58 AM    1    0.00    0.00    0.00    0.00    0.00    0.00    0.00    0.00    0.00  100.00
02:20:58 AM    2    0.00    0.00    0.00    0.00    0.00    0.00    0.00    0.00    0.00  100.00
02:20:58 AM    3    2.25    0.00   13.48    1.12    5.62    0.00    0.00    0.00    0.00   77.53

02:20:58 AM  CPU    %usr   %nice    %sys %iowait    %irq   %soft  %steal  %guest  %gnice   %idle
02:20:59 AM  all    0.77    0.00    3.32    0.00    2.04   11.73    0.00    0.00    0.00   82.14
02:20:59 AM    0    0.00    0.00    0.00    0.00    3.00   46.00    0.00    0.00    0.00   51.00
02:20:59 AM    1    0.00    0.00    0.00    0.00    0.00    0.00    0.00    0.00    0.00  100.00
02:20:59 AM    2    0.00    0.00    0.00    0.00    0.00    0.00    0.00    0.00    0.00  100.00
02:20:59 AM    3    3.19    0.00   13.83    0.00    5.32    0.00    0.00    0.00    0.00   77.66

02:20:59 AM  CPU    %usr   %nice    %sys %iowait    %irq   %soft  %steal  %guest  %gnice   %idle
02:21:00 AM  all    0.26    0.00    3.32    0.00    2.30   12.02    0.00    0.00    0.00   82.10
02:21:00 AM    0    0.00    0.00    0.00    0.00    3.03   46.46    0.00    0.00    0.00   50.51
02:21:00 AM    1    0.00    0.00    3.03    0.00    2.02    1.01    0.00    0.00    0.00   93.94
02:21:00 AM    2    0.00    0.00    0.00    0.00    0.00    0.00    0.00    0.00    0.00  100.00
02:21:00 AM    3    1.08    0.00   10.75    0.00    4.30    0.00    0.00    0.00    0.00   83.87

02:21:00 AM  CPU    %usr   %nice    %sys %iowait    %irq   %soft  %steal  %guest  %gnice   %idle
02:21:01 AM  all    0.77    0.00    2.57    0.00    2.06   11.83    0.00    0.00    0.00   82.78
02:21:01 AM    0    0.00    0.00    0.00    0.00    3.03   46.46    0.00    0.00    0.00   50.51
02:21:01 AM    1    1.03    0.00    2.06    0.00    1.03    0.00    0.00    0.00    0.00   95.88
02:21:01 AM    2    0.00    0.00    0.00    0.00    0.00    0.00    0.00    0.00    0.00  100.00
02:21:01 AM    3    2.15    0.00    8.60    0.00    4.30    0.00    0.00    0.00    0.00   84.95

02:21:01 AM  CPU    %usr   %nice    %sys %iowait    %irq   %soft  %steal  %guest  %gnice   %idle
02:21:02 AM  all    0.77    0.00    3.33    0.00    2.05   11.79    0.00    0.00    0.00   82.05
02:21:02 AM    0    0.00    0.00    0.00    0.00    3.03   46.46    0.00    0.00    0.00   50.51
02:21:02 AM    1    1.02    0.00    4.08    0.00    1.02    0.00    0.00    0.00    0.00   93.88
02:21:02 AM    2    0.00    0.00    0.00    0.00    0.00    0.00    0.00    0.00    0.00  100.00
02:21:02 AM    3    2.15    0.00    9.68    0.00    4.30    0.00    0.00    0.00    0.00   83.87

02:21:02 AM  CPU    %usr   %nice    %sys %iowait    %irq   %soft  %steal  %guest  %gnice   %idle
02:21:03 AM  all    0.25    0.00    3.56    0.00    2.54   11.70    0.00    0.00    0.00   81.93
02:21:03 AM    0    0.00    0.00    0.00    0.00    3.03   46.46    0.00    0.00    0.00   50.51
02:21:03 AM    1    0.00    0.00    5.15    0.00    3.09    0.00    0.00    0.00    0.00   91.75
02:21:03 AM    2    0.00    0.00    1.00    0.00    1.00    0.00    0.00    0.00    0.00   98.00
02:21:03 AM    3    1.03    0.00    8.25    0.00    3.09    0.00    0.00    0.00    0.00   87.63

02:21:03 AM  CPU    %usr   %nice    %sys %iowait    %irq   %soft  %steal  %guest  %gnice   %idle
02:21:04 AM  all    0.52    0.00    3.09    0.00    1.80   11.86    0.00    0.00    0.00   82.73
02:21:04 AM    0    0.00    0.00    0.00    0.00    3.06   46.94    0.00    0.00    0.00   50.00
02:21:04 AM    1    0.00    0.00    6.32    0.00    2.11    0.00    0.00    0.00    0.00   91.58
02:21:04 AM    2    0.00    0.00    4.12    0.00    1.03    0.00    0.00    0.00    0.00   94.85
02:21:04 AM    3    2.04    0.00    2.04    0.00    1.02    0.00    0.00    0.00    0.00   94.90

02:21:04 AM  CPU    %usr   %nice    %sys %iowait    %irq   %soft  %steal  %guest  %gnice   %idle
02:21:05 AM  all    1.27    0.00    3.54    0.00    2.28   11.65    0.00    0.00    0.00   81.27
02:21:05 AM    0    1.02    0.00    0.00    0.00    4.08   46.94    0.00    0.00    0.00   47.96
02:21:05 AM    1    2.02    0.00    6.06    0.00    2.02    0.00    0.00    0.00    0.00   89.90
02:21:05 AM    2    1.01    0.00    4.04    0.00    1.01    0.00    0.00    0.00    0.00   93.94
02:21:05 AM    3    1.01    0.00    4.04    0.00    2.02    0.00    0.00    0.00    0.00   92.93

02:21:05 AM  CPU    %usr   %nice    %sys %iowait    %irq   %soft  %steal  %guest  %gnice   %idle
02:21:06 AM  all    0.77    0.00    3.08    0.00    2.31   11.79    0.00    0.00    0.00   82.05
02:21:06 AM    0    0.00    0.00    0.00    0.00    3.03   46.46    0.00    0.00    0.00   50.51
02:21:06 AM    1    2.08    0.00    6.25    0.00    3.12    0.00    0.00    0.00    0.00   88.54
02:21:06 AM    2    1.02    0.00    2.04    0.00    2.04    0.00    0.00    0.00    0.00   94.90
02:21:06 AM    3    0.00    0.00    4.12    0.00    1.03    0.00    0.00    0.00    0.00   94.85

02:21:06 AM  CPU    %usr   %nice    %sys %iowait    %irq   %soft  %steal  %guest  %gnice   %idle
02:21:07 AM  all    1.27    0.00    3.30    0.00    2.03   11.93    0.00    0.00    0.00   81.47
02:21:07 AM    0    0.00    0.00    0.00    0.00    3.03   46.46    0.00    0.00    0.00   50.51
02:21:07 AM    1    1.02    0.00    4.08    0.00    1.02    0.00    0.00    0.00    0.00   93.88
02:21:07 AM    2    2.08    0.00    5.21    0.00    2.08    1.04    0.00    0.00    0.00   89.58
02:21:07 AM    3    1.98    0.00    3.96    0.00    1.98    0.00    0.00    0.00    0.00   92.08

02:21:07 AM  CPU    %usr   %nice    %sys %iowait    %irq   %soft  %steal  %guest  %gnice   %idle
02:21:08 AM  all    0.51    0.00    3.56    0.00    2.29   11.70    0.00    0.00    0.00   81.93
02:21:08 AM    0    0.00    0.00    0.00    0.00    3.03   46.46    0.00    0.00    0.00   50.51
02:21:08 AM    1    1.02    0.00    2.04    0.00    2.04    0.00    0.00    0.00    0.00   94.90
02:21:08 AM    2    1.02    0.00    8.16    0.00    3.06    0.00    0.00    0.00    0.00   87.76
02:21:08 AM    3    0.00    0.00    4.08    0.00    1.02    0.00    0.00    0.00    0.00   94.90

02:21:08 AM  CPU    %usr   %nice    %sys %iowait    %irq   %soft  %steal  %guest  %gnice   %idle
02:21:09 AM  all    0.51    0.00    3.08    0.00    2.06   11.57    0.00    0.00    0.00   82.78
02:21:09 AM    0    0.00    0.00    0.00    0.00    3.03   45.45    0.00    0.00    0.00   51.52
02:21:09 AM    1    0.00    0.00    3.09    0.00    1.03    0.00    0.00    0.00    0.00   95.88
02:21:09 AM    2    2.06    0.00    6.19    0.00    3.09    0.00    0.00    0.00    0.00   88.66
02:21:09 AM    3    0.00    0.00    3.12    0.00    1.04    0.00    0.00    0.00    0.00   95.83

02:21:09 AM  CPU    %usr   %nice    %sys %iowait    %irq   %soft  %steal  %guest  %gnice   %idle
02:21:10 AM  all    0.51    0.00    3.82    0.00    2.04   11.70    0.00    0.00    0.00   81.93
02:21:10 AM    0    0.00    0.00    0.00    0.00    3.03   46.46    0.00    0.00    0.00   50.51
02:21:10 AM    1    1.00    0.00    5.00    0.00    1.00    0.00    0.00    0.00    0.00   93.00
02:21:10 AM    2    0.00    0.00    7.37    0.00    2.11    0.00    0.00    0.00    0.00   90.53
02:21:10 AM    3    1.01    0.00    3.03    0.00    2.02    0.00    0.00    0.00    0.00   93.94

02:21:10 AM  CPU    %usr   %nice    %sys %iowait    %irq   %soft  %steal  %guest  %gnice   %idle
02:21:11 AM  all    0.51    0.00    2.57    0.00    2.31   11.57    0.00    0.00    0.00   83.03
02:21:11 AM    0    0.00    0.00    0.00    0.00    3.03   45.45    0.00    0.00    0.00   51.52
02:21:11 AM    1    1.03    0.00    1.03    0.00    2.06    0.00    0.00    0.00    0.00   95.88
02:21:11 AM    2    1.04    0.00    6.25    0.00    3.12    0.00    0.00    0.00    0.00   89.58
02:21:11 AM    3    0.00    0.00    3.09    0.00    1.03    0.00    0.00    0.00    0.00   95.88

02:21:11 AM  CPU    %usr   %nice    %sys %iowait    %irq   %soft  %steal  %guest  %gnice   %idle
02:21:12 AM  all    1.02    0.00    3.07    0.00    2.30   11.76    0.00    0.00    0.00   81.84
02:21:12 AM    0    0.00    0.00    1.00    0.00    3.00   46.00    0.00    0.00    0.00   50.00
02:21:12 AM    1    0.00    0.00    2.11    0.00    1.05    0.00    0.00    0.00    0.00   96.84
02:21:12 AM    2    2.08    0.00    6.25    0.00    3.12    0.00    0.00    0.00    0.00   88.54
02:21:12 AM    3    2.00    0.00    3.00    0.00    2.00    0.00    0.00    0.00    0.00   93.00

02:21:12 AM  CPU    %usr   %nice    %sys %iowait    %irq   %soft  %steal  %guest  %gnice   %idle
02:21:13 AM  all    0.26    0.00    3.09    0.00    2.06   11.86    0.00    0.00    0.00   82.73
02:21:13 AM    0    0.00    0.00    0.00    0.00    3.03   46.46    0.00    0.00    0.00   50.51
02:21:13 AM    1    1.01    0.00    3.03    0.00    2.02    0.00    0.00    0.00    0.00   93.94
02:21:13 AM    2    0.00    0.00    6.38    0.00    2.13    0.00    0.00    0.00    0.00   91.49
02:21:13 AM    3    0.00    0.00    3.12    0.00    1.04    0.00    0.00    0.00    0.00   95.83

02:21:13 AM  CPU    %usr   %nice    %sys %iowait    %irq   %soft  %steal  %guest  %gnice   %idle
02:21:14 AM  all    0.76    0.00    3.56    0.00    2.04   11.70    0.00    0.00    0.00   81.93
02:21:14 AM    0    0.00    0.00    0.00    0.00    3.03   46.46    0.00    0.00    0.00   50.51
02:21:14 AM    1    1.00    0.00    5.00    0.00    1.00    0.00    0.00    0.00    0.00   93.00
02:21:14 AM    2    1.04    0.00    6.25    0.00    3.12    0.00    0.00    0.00    0.00   89.58
02:21:14 AM    3    1.02    0.00    3.06    0.00    1.02    0.00    0.00    0.00    0.00   94.90

02:21:14 AM  CPU    %usr   %nice    %sys %iowait    %irq   %soft  %steal  %guest  %gnice   %idle
02:21:15 AM  all    0.51    0.00    3.07    0.00    2.30   11.76    0.00    0.00    0.00   82.35
02:21:15 AM    0    0.00    0.00    0.00    0.00    3.03   46.46    0.00    0.00    0.00   50.51
02:21:15 AM    1    0.00    0.00    4.08    0.00    1.02    0.00    0.00    0.00    0.00   94.90
02:21:15 AM    2    1.04    0.00    6.25    0.00    3.12    0.00    0.00    0.00    0.00   89.58
02:21:15 AM    3    1.02    0.00    2.04    0.00    2.04    0.00    0.00    0.00    0.00   94.90

02:21:15 AM  CPU    %usr   %nice    %sys %iowait    %irq   %soft  %steal  %guest  %gnice   %idle
02:21:16 AM  all    0.26    0.00    3.57    0.00    2.30   11.73    0.00    0.00    0.00   82.14
02:21:16 AM    0    0.00    0.00    0.00    0.00    3.03   46.46    0.00    0.00    0.00   50.51
02:21:16 AM    1    0.00    0.00    3.06    0.00    2.04    0.00    0.00    0.00    0.00   94.90
02:21:16 AM    2    1.02    0.00    8.16    0.00    3.06    0.00    0.00    0.00    0.00   87.76
02:21:16 AM    3    0.00    0.00    3.09    0.00    1.03    0.00    0.00    0.00    0.00   95.88

02:21:16 AM  CPU    %usr   %nice    %sys %iowait    %irq   %soft  %steal  %guest  %gnice   %idle
02:21:17 AM  all    1.02    0.00    3.83    0.00    1.79   11.73    0.00    0.00    0.00   81.63
02:21:17 AM    0    0.00    0.00    1.00    0.00    3.00   46.00    0.00    0.00    0.00   50.00
02:21:17 AM    1    1.02    0.00    3.06    0.00    1.02    0.00    0.00    0.00    0.00   94.90
02:21:17 AM    2    2.08    0.00    7.29    0.00    2.08    0.00    0.00    0.00    0.00   88.54
02:21:17 AM    3    1.02    0.00    4.08    0.00    1.02    0.00    0.00    0.00    0.00   93.88

02:21:17 AM  CPU    %usr   %nice    %sys %iowait    %irq   %soft  %steal  %guest  %gnice   %idle
02:21:18 AM  all    1.02    0.00    3.32    0.00    2.30   11.73    0.00    0.00    0.00   81.63
02:21:18 AM    0    0.00    0.00    0.00    0.00    3.03   46.46    0.00    0.00    0.00   50.51
02:21:18 AM    1    2.04    0.00    4.08    0.00    1.02    0.00    0.00    0.00    0.00   92.86
02:21:18 AM    2    2.06    0.00    6.19    0.00    3.09    0.00    0.00    0.00    0.00   88.66
02:21:18 AM    3    0.00    0.00    3.06    0.00    2.04    0.00    0.00    0.00    0.00   94.90

02:21:18 AM  CPU    %usr   %nice    %sys %iowait    %irq   %soft  %steal  %guest  %gnice   %idle
02:21:19 AM  all    0.26    0.00    2.33    0.00    2.33   11.92    0.00    0.00    0.00   83.16
02:21:19 AM    0    0.00    0.00    0.00    0.00    3.03   46.46    0.00    0.00    0.00   50.51
02:21:19 AM    1    0.00    0.00    2.06    0.00    2.06    0.00    0.00    0.00    0.00   95.88
02:21:19 AM    2    1.05    0.00    6.32    0.00    3.16    0.00    0.00    0.00    0.00   89.47
02:21:19 AM    3    0.00    0.00    1.05    0.00    1.05    0.00    0.00    0.00    0.00   97.89

02:21:19 AM  CPU    %usr   %nice    %sys %iowait    %irq   %soft  %steal  %guest  %gnice   %idle
02:21:20 AM  all    1.28    0.00    2.55    0.00    2.30   11.73    0.00    0.00    0.00   82.14
02:21:20 AM    0    0.00    0.00    0.00    0.00    3.03   46.46    0.00    0.00    0.00   50.51
02:21:20 AM    1    1.02    0.00    3.06    0.00    1.02    0.00    0.00    0.00    0.00   94.90
02:21:20 AM    2    1.03    0.00    3.09    0.00    2.06    0.00    0.00    0.00    0.00   93.81
02:21:20 AM    3    3.06    0.00    4.08    0.00    3.06    0.00    0.00    0.00    0.00   89.80

02:21:20 AM  CPU    %usr   %nice    %sys %iowait    %irq   %soft  %steal  %guest  %gnice   %idle
02:21:21 AM  all    0.26    0.00    2.84    0.00    2.07   11.89    0.00    0.00    0.00   82.95
02:21:21 AM    0    0.00    0.00    0.00    0.00    3.03   46.46    0.00    0.00    0.00   50.51
02:21:21 AM    1    1.03    0.00    2.06    0.00    2.06    0.00    0.00    0.00    0.00   94.85
02:21:21 AM    2    0.00    0.00    3.09    0.00    1.03    0.00    0.00    0.00    0.00   95.88
02:21:21 AM    3    0.00    0.00    6.38    0.00    2.13    0.00    0.00    0.00    0.00   91.49

02:21:21 AM  CPU    %usr   %nice    %sys %iowait    %irq   %soft  %steal  %guest  %gnice   %idle
02:21:22 AM  all    1.03    0.00    2.31    0.00    2.06   11.83    0.00    0.00    0.00   82.78
02:21:22 AM    0    0.00    0.00    0.00    0.00    3.03   46.46    0.00    0.00    0.00   50.51
02:21:22 AM    1    1.04    0.00    3.12    0.00    1.04    0.00    0.00    0.00    0.00   94.79
02:21:22 AM    2    1.04    0.00    1.04    0.00    1.04    0.00    0.00    0.00    0.00   96.88
02:21:22 AM    3    2.04    0.00    5.10    0.00    3.06    0.00    0.00    0.00    0.00   89.80

02:21:22 AM  CPU    %usr   %nice    %sys %iowait    %irq   %soft  %steal  %guest  %gnice   %idle
02:21:23 AM  all    0.26    0.00    3.84    0.00    2.30   11.76    0.00    0.00    0.00   81.84
02:21:23 AM    0    0.00    0.00    0.00    0.00    3.03   46.46    0.00    0.00    0.00   50.51
02:21:23 AM    1    1.02    0.00    8.16    0.00    3.06    0.00    0.00    0.00    0.00   87.76
02:21:23 AM    2    0.00    0.00    2.08    0.00    2.08    0.00    0.00    0.00    0.00   95.83
02:21:23 AM    3    0.00    0.00    5.10    0.00    1.02    0.00    0.00    0.00    0.00   93.88

02:21:23 AM  CPU    %usr   %nice    %sys %iowait    %irq   %soft  %steal  %guest  %gnice   %idle
02:21:24 AM  all    0.52    0.00    2.84    0.00    2.06   11.60    0.00    0.00    0.00   82.99
02:21:24 AM    0    0.00    0.00    0.00    0.00    3.06   45.92    0.00    0.00    0.00   51.02
02:21:24 AM    1    1.05    0.00    5.26    0.00    3.16    0.00    0.00    0.00    0.00   90.53
02:21:24 AM    2    1.02    0.00    3.06    0.00    1.02    0.00    0.00    0.00    0.00   94.90
02:21:24 AM    3    0.00    0.00    3.09    0.00    1.03    0.00    0.00    0.00    0.00   95.88

02:21:24 AM  CPU    %usr   %nice    %sys %iowait    %irq   %soft  %steal  %guest  %gnice   %idle
02:21:25 AM  all    0.51    0.00    3.56    0.00    2.04   11.70    0.00    0.00    0.00   82.19
02:21:25 AM    0    0.00    0.00    0.00    0.00    3.00   46.00    0.00    0.00    0.00   51.00
02:21:25 AM    1    0.00    0.00    8.33    0.00    2.08    0.00    0.00    0.00    0.00   89.58
02:21:25 AM    2    1.02    0.00    3.06    0.00    1.02    0.00    0.00    0.00    0.00   94.90
02:21:25 AM    3    1.01    0.00    3.03    0.00    2.02    0.00    0.00    0.00    0.00   93.94

02:21:25 AM  CPU    %usr   %nice    %sys %iowait    %irq   %soft  %steal  %guest  %gnice   %idle
02:21:26 AM  all    0.52    0.00    2.84    0.00    2.32   11.86    0.00    0.00    0.00   82.47
02:21:26 AM    0    0.00    0.00    0.00    0.00    3.03   46.46    0.00    0.00    0.00   50.51
02:21:26 AM    1    2.08    0.00    6.25    0.00    3.12    0.00    0.00    0.00    0.00   88.54
02:21:26 AM    2    0.00    0.00    2.06    0.00    2.06    0.00    0.00    0.00    0.00   95.88
02:21:26 AM    3    0.00    0.00    3.12    0.00    1.04    0.00    0.00    0.00    0.00   95.83

02:21:26 AM  CPU    %usr   %nice    %sys %iowait    %irq   %soft  %steal  %guest  %gnice   %idle
02:21:27 AM  all    0.51    0.00    2.83    0.00    2.06   12.08    0.00    0.00    0.00   82.52
02:21:27 AM    0    0.00    0.00    0.00    0.00    3.03   46.46    0.00    0.00    0.00   50.51
02:21:27 AM    1    0.00    0.00    7.29    0.00    3.12    0.00    0.00    0.00    0.00   89.58
02:21:27 AM    2    1.04    0.00    2.08    0.00    1.04    0.00    0.00    0.00    0.00   95.83
02:21:27 AM    3    1.02    0.00    2.04    0.00    1.02    1.02    0.00    0.00    0.00   94.90

02:21:27 AM  CPU    %usr   %nice    %sys %iowait    %irq   %soft  %steal  %guest  %gnice   %idle
02:21:28 AM  all    1.01    0.00    3.54    0.00    2.27   11.87    0.00    0.00    0.00   81.31
02:21:28 AM    0    0.00    0.00    1.01    0.00    3.03   46.46    0.00    0.00    0.00   49.49
02:21:28 AM    1    1.02    0.00    3.06    0.00    1.02    1.02    0.00    0.00    0.00   93.88
02:21:28 AM    2    1.00    0.00    4.00    0.00    2.00    0.00    0.00    0.00    0.00   93.00
02:21:28 AM    3    2.02    0.00    6.06    0.00    3.03    0.00    0.00    0.00    0.00   88.89

02:21:28 AM  CPU    %usr   %nice    %sys %iowait    %irq   %soft  %steal  %guest  %gnice   %idle
02:21:29 AM  all    0.77    0.00    2.83    0.00    2.06   11.83    0.00    0.00    0.00   82.52
02:21:29 AM    0    0.00    0.00    0.00    0.00    3.03   46.46    0.00    0.00    0.00   50.51
02:21:29 AM    1    2.04    0.00    4.08    0.00    2.04    0.00    0.00    0.00    0.00   91.84
02:21:29 AM    2    0.00    0.00    3.09    0.00    1.03    0.00    0.00    0.00    0.00   95.88
02:21:29 AM    3    1.05    0.00    4.21    0.00    2.11    0.00    0.00    0.00    0.00   92.63

02:21:29 AM  CPU    %usr   %nice    %sys %iowait    %irq   %soft  %steal  %guest  %gnice   %idle
02:21:30 AM  all    0.76    0.00    3.80    0.00    2.28   11.65    0.00    0.00    0.00   81.52
02:21:30 AM    0    0.00    0.00    0.00    0.00    3.00   46.00    0.00    0.00    0.00   51.00
02:21:30 AM    1    1.03    0.00    7.22    0.00    3.09    0.00    0.00    0.00    0.00   88.66
02:21:30 AM    2    2.02    0.00    3.03    0.00    1.01    0.00    0.00    0.00    0.00   93.94
02:21:30 AM    3    0.00    0.00    5.05    0.00    2.02    0.00    0.00    0.00    0.00   92.93

02:21:30 AM  CPU    %usr   %nice    %sys %iowait    %irq   %soft  %steal  %guest  %gnice   %idle
02:21:31 AM  all    0.51    0.00    3.33    0.00    2.31   11.54    0.00    0.00    0.00   82.31
02:21:31 AM    0    0.00    0.00    0.00    0.00    3.09   46.39    0.00    0.00    0.00   50.52
02:21:31 AM    1    1.02    0.00    4.08    0.00    2.04    0.00    0.00    0.00    0.00   92.86
02:21:31 AM    2    1.05    0.00    8.42    0.00    4.21    0.00    0.00    0.00    0.00   86.32
02:21:31 AM    3    0.00    0.00    1.00    0.00    0.00    0.00    0.00    0.00    0.00   99.00

02:21:31 AM  CPU    %usr   %nice    %sys %iowait    %irq   %soft  %steal  %guest  %gnice   %idle
02:21:32 AM  all    1.01    0.00    4.79    0.00    1.76   11.84    0.00    0.00    0.00   80.60
02:21:32 AM    0    0.00    0.00    1.02    0.00    3.06   47.96    0.00    0.00    0.00   47.96
02:21:32 AM    1    2.04    0.00    8.16    0.00    2.04    0.00    0.00    0.00    0.00   87.76
02:21:32 AM    2    0.99    0.00    9.90    0.00    1.98    0.00    0.00    0.00    0.00   87.13
02:21:32 AM    3    1.00    0.00    0.00    0.00    0.00    0.00    0.00    0.00    0.00   99.00

02:21:32 AM  CPU    %usr   %nice    %sys %iowait    %irq   %soft  %steal  %guest  %gnice   %idle
02:21:33 AM  all    0.00    0.00    3.09    0.00    2.32   11.86    0.00    0.00    0.00   82.73
02:21:33 AM    0    0.00    0.00    0.00    0.00    3.03   46.46    0.00    0.00    0.00   50.51
02:21:33 AM    1    0.00    0.00    6.32    0.00    3.16    0.00    0.00    0.00    0.00   90.53
02:21:33 AM    2    0.00    0.00    0.00    0.00    0.00    0.00    0.00    0.00    0.00  100.00
02:21:33 AM    3    0.00    0.00    6.38    0.00    3.19    0.00    0.00    0.00    0.00   90.43

02:21:33 AM  CPU    %usr   %nice    %sys %iowait    %irq   %soft  %steal  %guest  %gnice   %idle
02:21:34 AM  all    0.52    0.00    2.08    0.00    2.08   11.69    0.00    0.00    0.00   83.64
02:21:34 AM    0    0.00    0.00    0.00    0.00    3.06   45.92    0.00    0.00    0.00   51.02
02:21:34 AM    1    1.05    0.00    5.26    0.00    3.16    0.00    0.00    0.00    0.00   90.53
02:21:34 AM    2    0.00    0.00    0.00    0.00    0.00    0.00    0.00    0.00    0.00  100.00
02:21:34 AM    3    1.09    0.00    3.26    0.00    2.17    0.00    0.00    0.00    0.00   93.48

02:21:34 AM  CPU    %usr   %nice    %sys %iowait    %irq   %soft  %steal  %guest  %gnice   %idle
02:21:35 AM  all    0.51    0.00    2.57    0.00    2.06   11.83    0.00    0.00    0.00   83.03
02:21:35 AM    0    0.00    0.00    0.00    0.00    3.00   46.00    0.00    0.00    0.00   51.00
02:21:35 AM    1    1.06    0.00    5.32    0.00    2.13    0.00    0.00    0.00    0.00   91.49
02:21:35 AM    2    0.00    0.00    0.00    0.00    0.00    0.00    0.00    0.00    0.00  100.00
02:21:35 AM    3    1.05    0.00    5.26    0.00    3.16    0.00    0.00    0.00    0.00   90.53

02:21:35 AM  CPU    %usr   %nice    %sys %iowait    %irq   %soft  %steal  %guest  %gnice   %idle
02:21:36 AM  all    0.78    0.00    2.07    0.00    2.07   11.92    0.00    0.00    0.00   83.16
02:21:36 AM    0    0.00    0.00    0.00    0.00    3.03   46.46    0.00    0.00    0.00   50.51
02:21:36 AM    1    0.00    0.00    4.30    0.00    3.23    0.00    0.00    0.00    0.00   92.47
02:21:36 AM    2    2.06    0.00    2.06    0.00    1.03    0.00    0.00    0.00    0.00   94.85
02:21:36 AM    3    1.03    0.00    2.06    0.00    1.03    0.00    0.00    0.00    0.00   95.88

02:21:36 AM  CPU    %usr   %nice    %sys %iowait    %irq   %soft  %steal  %guest  %gnice   %idle
02:21:37 AM  all    0.77    0.00    2.57    0.00    2.57   11.83    0.00    0.00    0.00   82.26
02:21:37 AM    0    0.00    0.00    0.00    0.00    3.03   46.46    0.00    0.00    0.00   50.51
02:21:37 AM    1    1.05    0.00    6.32    0.00    3.16    0.00    0.00    0.00    0.00   89.47
02:21:37 AM    2    0.00    0.00    2.06    0.00    2.06    0.00    0.00    0.00    0.00   95.88
02:21:37 AM    3    2.04    0.00    2.04    0.00    2.04    0.00    0.00    0.00    0.00   93.88

02:21:37 AM  CPU    %usr   %nice    %sys %iowait    %irq   %soft  %steal  %guest  %gnice   %idle
02:21:38 AM  all    0.78    0.00    2.33    0.00    1.81   11.89    0.00    0.00    0.00   83.20
02:21:38 AM    0    0.00    0.00    0.00    0.00    3.03   46.46    0.00    0.00    0.00   50.51
02:21:38 AM    1    1.08    0.00    4.30    0.00    2.15    0.00    0.00    0.00    0.00   92.47
02:21:38 AM    2    1.02    0.00    3.06    0.00    1.02    0.00    0.00    0.00    0.00   94.90
02:21:38 AM    3    1.03    0.00    2.06    0.00    1.03    0.00    0.00    0.00    0.00   95.88

02:21:38 AM  CPU    %usr   %nice    %sys %iowait    %irq   %soft  %steal  %guest  %gnice   %idle
02:21:39 AM  all    0.26    0.00    3.32    0.00    2.04   11.99    0.00    0.00    0.00   82.40
02:21:39 AM    0    0.00    0.00    0.00    0.00    3.03   46.46    0.00    0.00    0.00   50.51
02:21:39 AM    1    0.00    0.00    5.26    0.00    3.16    0.00    0.00    0.00    0.00   91.58
02:21:39 AM    2    1.00    0.00    4.00    0.00    1.00    1.00    0.00    0.00    0.00   93.00
02:21:39 AM    3    0.00    0.00    4.08    0.00    1.02    0.00    0.00    0.00    0.00   94.90

02:21:39 AM  CPU    %usr   %nice    %sys %iowait    %irq   %soft  %steal  %guest  %gnice   %idle
02:21:40 AM  all    1.02    0.00    2.81    0.00    2.55   11.73    0.00    0.00    0.00   81.89
02:21:40 AM    0    0.00    0.00    0.00    0.00    3.03   46.46    0.00    0.00    0.00   50.51
02:21:40 AM    1    2.11    0.00    5.26    0.00    3.16    0.00    0.00    0.00    0.00   89.47
02:21:40 AM    2    1.98    0.00    3.96    0.00    1.98    0.00    0.00    0.00    0.00   92.08
02:21:40 AM    3    0.00    0.00    2.06    0.00    2.06    0.00    0.00    0.00    0.00   95.88

02:21:40 AM  CPU    %usr   %nice    %sys %iowait    %irq   %soft  %steal  %guest  %gnice   %idle
02:21:41 AM  all    1.03    0.00    2.84    0.00    2.06   11.60    0.00    0.00    0.00   82.47
02:21:41 AM    0    0.00    0.00    0.00    0.00    3.06   45.92    0.00    0.00    0.00   51.02
02:21:41 AM    1    2.11    0.00    2.11    0.00    2.11    0.00    0.00    0.00    0.00   93.68
02:21:41 AM    2    0.00    0.00    6.19    0.00    2.06    0.00    0.00    0.00    0.00   91.75
02:21:41 AM    3    2.04    0.00    3.06    0.00    1.02    0.00    0.00    0.00    0.00   93.88

02:21:41 AM  CPU    %usr   %nice    %sys %iowait    %irq   %soft  %steal  %guest  %gnice   %idle
02:21:42 AM  all    0.51    0.00    3.82    0.00    2.04   11.70    0.00    0.00    0.00   81.93
02:21:42 AM    0    0.00    0.00    0.00    0.00    3.03   46.46    0.00    0.00    0.00   50.51
02:21:42 AM    1    0.99    0.00    5.94    0.00    0.99    0.00    0.00    0.00    0.00   92.08
02:21:42 AM    2    1.05    0.00    6.32    0.00    2.11    0.00    0.00    0.00    0.00   90.53
02:21:42 AM    3    0.00    0.00    3.06    0.00    2.04    0.00    0.00    0.00    0.00   94.90

02:21:42 AM  CPU    %usr   %nice    %sys %iowait    %irq   %soft  %steal  %guest  %gnice   %idle
02:21:43 AM  all    1.02    0.00    3.56    0.00    2.29   11.70    0.00    0.00    0.00   81.42
02:21:43 AM    0    0.00    0.00    0.00    0.00    3.03   46.46    0.00    0.00    0.00   50.51
02:21:43 AM    1    0.00    0.00    4.08    0.00    2.04    0.00    0.00    0.00    0.00   93.88
02:21:43 AM    2    2.06    0.00    6.19    0.00    3.09    0.00    0.00    0.00    0.00   88.66
02:21:43 AM    3    2.02    0.00    4.04    0.00    1.01    0.00    0.00    0.00    0.00   92.93

02:21:43 AM  CPU    %usr   %nice    %sys %iowait    %irq   %soft  %steal  %guest  %gnice   %idle
02:21:44 AM  all    0.51    0.00    4.31    0.00    2.03   11.68    0.00    0.00    0.00   81.47
02:21:44 AM    0    0.00    0.00    1.00    0.00    3.00   46.00    0.00    0.00    0.00   50.00
02:21:44 AM    1    1.00    0.00    5.00    0.00    1.00    0.00    0.00    0.00    0.00   93.00
02:21:44 AM    2    1.03    0.00    8.25    0.00    3.09    0.00    0.00    0.00    0.00   87.63
02:21:44 AM    3    0.00    0.00    3.09    0.00    1.03    0.00    0.00    0.00    0.00   95.88

02:21:44 AM  CPU    %usr   %nice    %sys %iowait    %irq   %soft  %steal  %guest  %gnice   %idle
02:21:45 AM  all    0.26    0.00    3.32    0.00    2.30   11.76    0.00    0.00    0.00   82.35
02:21:45 AM    0    0.00    0.00    0.00    0.00    3.03   46.46    0.00    0.00    0.00   50.51
02:21:45 AM    1    0.00    0.00    2.08    0.00    1.04    0.00    0.00    0.00    0.00   96.88
02:21:45 AM    2    1.04    0.00    6.25    0.00    3.12    0.00    0.00    0.00    0.00   89.58
02:21:45 AM    3    0.00    0.00    5.00    0.00    2.00    0.00    0.00    0.00    0.00   93.00

02:21:45 AM  CPU    %usr   %nice    %sys %iowait    %irq   %soft  %steal  %guest  %gnice   %idle
02:21:46 AM  all    1.28    0.00    3.06    0.00    2.04   11.48    0.00    0.00    0.00   82.14
02:21:46 AM    0    0.00    0.00    0.00    0.00    3.06   45.92    0.00    0.00    0.00   51.02
02:21:46 AM    1    1.00    0.00    4.00    0.00    2.00    0.00    0.00    0.00    0.00   93.00
02:21:46 AM    2    1.06    0.00    5.32    0.00    2.13    0.00    0.00    0.00    0.00   91.49
02:21:46 AM    3    3.00    0.00    3.00    0.00    1.00    0.00    0.00    0.00    0.00   93.00

02:21:46 AM  CPU    %usr   %nice    %sys %iowait    %irq   %soft  %steal  %guest  %gnice   %idle
02:21:47 AM  all    1.02    0.00    3.55    0.00    2.03   11.68    0.00    0.00    0.00   81.73
02:21:47 AM    0    0.00    0.00    0.00    0.00    3.03   46.46    0.00    0.00    0.00   50.51
02:21:47 AM    1    1.01    0.00    4.04    0.00    1.01    0.00    0.00    0.00    0.00   93.94
02:21:47 AM    2    3.03    0.00    7.07    0.00    3.03    0.00    0.00    0.00    0.00   86.87
02:21:47 AM    3    0.00    0.00    3.09    0.00    1.03    0.00    0.00    0.00    0.00   95.88

02:21:47 AM  CPU    %usr   %nice    %sys %iowait    %irq   %soft  %steal  %guest  %gnice   %idle
02:21:48 AM  all    0.25    0.00    4.04    0.00    2.53   11.62    0.00    0.00    0.00   81.57
02:21:48 AM    0    0.00    0.00    0.00    0.00    3.00   46.00    0.00    0.00    0.00   51.00
02:21:48 AM    1    0.00    0.00    4.04    0.00    2.02    0.00    0.00    0.00    0.00   93.94
02:21:48 AM    2    1.01    0.00    9.09    0.00    3.03    0.00    0.00    0.00    0.00   86.87
02:21:48 AM    3    0.00    0.00    3.06    0.00    2.04    0.00    0.00    0.00    0.00   94.90

02:21:48 AM  CPU    %usr   %nice    %sys %iowait    %irq   %soft  %steal  %guest  %gnice   %idle
02:21:49 AM  all    0.52    0.00    3.09    0.00    1.80   11.86    0.00    0.00    0.00   82.73
02:21:49 AM    0    0.00    0.00    0.00    0.00    3.03   46.46    0.00    0.00    0.00   50.51
02:21:49 AM    1    1.04    0.00    7.29    0.00    2.08    0.00    0.00    0.00    0.00   89.58
02:21:49 AM    2    0.00    0.00    2.08    0.00    1.04    0.00    0.00    0.00    0.00   96.88
02:21:49 AM    3    1.03    0.00    3.09    0.00    1.03    0.00    0.00    0.00    0.00   94.85

02:21:49 AM  CPU    %usr   %nice    %sys %iowait    %irq   %soft  %steal  %guest  %gnice   %idle
02:21:50 AM  all    0.76    0.00    3.31    0.00    2.29   11.70    0.00    0.00    0.00   81.93
02:21:50 AM    0    0.00    0.00    0.00    0.00    3.03   46.46    0.00    0.00    0.00   50.51
02:21:50 AM    1    1.05    0.00    5.26    0.00    3.16    0.00    0.00    0.00    0.00   90.53
02:21:50 AM    2    1.02    0.00    3.06    0.00    1.02    0.00    0.00    0.00    0.00   94.90
02:21:50 AM    3    0.99    0.00    4.95    0.00    1.98    0.00    0.00    0.00    0.00   92.08

02:21:50 AM  CPU    %usr   %nice    %sys %iowait    %irq   %soft  %steal  %guest  %gnice   %idle
02:21:51 AM  all    0.77    0.00    3.83    0.00    2.04   11.48    0.00    0.00    0.00   81.89
02:21:51 AM    0    0.00    0.00    0.00    0.00    3.06   45.92    0.00    0.00    0.00   51.02
02:21:51 AM    1    0.00    0.00    4.08    0.00    1.02    0.00    0.00    0.00    0.00   94.90
02:21:51 AM    2    2.04    0.00    6.12    0.00    3.06    0.00    0.00    0.00    0.00   88.78
02:21:51 AM    3    1.02    0.00    5.10    0.00    1.02    0.00    0.00    0.00    0.00   92.86

02:21:51 AM  CPU    %usr   %nice    %sys %iowait    %irq   %soft  %steal  %guest  %gnice   %idle
02:21:52 AM  all    0.76    0.00    4.06    0.00    2.28   11.68    0.00    0.00    0.00   81.22
02:21:52 AM    0    0.00    0.00    0.00    0.00    3.03   46.46    0.00    0.00    0.00   50.51
02:21:52 AM    1    1.02    0.00    3.06    0.00    2.04    0.00    0.00    0.00    0.00   93.88
02:21:52 AM    2    1.03    0.00    8.25    0.00    2.06    0.00    0.00    0.00    0.00   88.66
02:21:52 AM    3    1.00    0.00    5.00    0.00    2.00    0.00    0.00    0.00    0.00   92.00

02:21:52 AM  CPU    %usr   %nice    %sys %iowait    %irq   %soft  %steal  %guest  %gnice   %idle
02:21:53 AM  all    1.26    0.00    3.78    0.00    2.02   11.84    0.00    0.00    0.00   81.11
02:21:53 AM    0    1.01    0.00    2.02    0.00    4.04   47.47    0.00    0.00    0.00   45.45
02:21:53 AM    1    1.01    0.00    4.04    0.00    1.01    0.00    0.00    0.00    0.00   93.94
02:21:53 AM    2    0.99    0.00    4.95    0.00    1.98    0.00    0.00    0.00    0.00   92.08
02:21:53 AM    3    2.04    0.00    4.08    0.00    1.02    0.00    0.00    0.00    0.00   92.86

02:21:53 AM  CPU    %usr   %nice    %sys %iowait    %irq   %soft  %steal  %guest  %gnice   %idle
02:21:54 AM  all    1.03    0.00    2.83    0.00    2.06   11.83    0.00    0.00    0.00   82.26
02:21:54 AM    0    0.00    0.00    0.00    0.00    3.06   46.94    0.00    0.00    0.00   50.00
02:21:54 AM    1    1.03    0.00    2.06    0.00    1.03    0.00    0.00    0.00    0.00   95.88
02:21:54 AM    2    1.01    0.00    5.05    0.00    1.01    0.00    0.00    0.00    0.00   92.93
02:21:54 AM    3    2.11    0.00    4.21    0.00    3.16    0.00    0.00    0.00    0.00   90.53

02:21:54 AM  CPU    %usr   %nice    %sys %iowait    %irq   %soft  %steal  %guest  %gnice   %idle
02:21:55 AM  all    1.26    0.00    3.53    0.00    2.52   11.59    0.00    0.00    0.00   81.11
02:21:55 AM    0    0.00    0.00    0.00    0.00    3.00   46.00    0.00    0.00    0.00   51.00
02:21:55 AM    1    1.98    0.00    4.95    0.00    1.98    0.00    0.00    0.00    0.00   91.09
02:21:55 AM    2    1.01    0.00    3.03    0.00    2.02    0.00    0.00    0.00    0.00   93.94
02:21:55 AM    3    2.06    0.00    6.19    0.00    3.09    0.00    0.00    0.00    0.00   88.66

02:21:55 AM  CPU    %usr   %nice    %sys %iowait    %irq   %soft  %steal  %guest  %gnice   %idle
02:21:56 AM  all    1.04    0.00    2.07    0.00    1.81   11.92    0.00    0.00    0.00   83.16
02:21:56 AM    0    0.00    0.00    0.00    0.00    3.03   46.46    0.00    0.00    0.00   50.51
02:21:56 AM    1    1.03    0.00    2.06    0.00    1.03    0.00    0.00    0.00    0.00   95.88
02:21:56 AM    2    1.03    0.00    2.06    0.00    1.03    0.00    0.00    0.00    0.00   95.88
02:21:56 AM    3    2.15    0.00    4.30    0.00    2.15    0.00    0.00    0.00    0.00   91.40

02:21:56 AM  CPU    %usr   %nice    %sys %iowait    %irq   %soft  %steal  %guest  %gnice   %idle
02:21:57 AM  all    0.51    0.00    4.08    0.00    2.04   11.73    0.00    0.00    0.00   81.63
02:21:57 AM    0    0.00    0.00    1.04    0.00    3.12   47.92    0.00    0.00    0.00   47.92
02:21:57 AM    1    0.00    0.00    1.02    0.00    1.02    0.00    0.00    0.00    0.00   97.96
02:21:57 AM    2    0.00    0.00    3.12    0.00    1.04    0.00    0.00    0.00    0.00   95.83
02:21:57 AM    3    1.96    0.00   10.78    0.00    2.94    0.00    0.00    0.00    0.00   84.31

02:21:57 AM  CPU    %usr   %nice    %sys %iowait    %irq   %soft  %steal  %guest  %gnice   %idle
02:21:58 AM  all    0.51    0.00    3.06    0.00    2.30   11.99    0.00    0.00    0.00   82.14
02:21:58 AM    0    0.00    0.00    0.00    0.00    3.00   46.00    0.00    0.00    0.00   51.00
02:21:58 AM    1    0.00    0.00    2.06    0.00    1.03    1.03    0.00    0.00    0.00   95.88
02:21:58 AM    2    1.01    0.00    3.03    0.00    2.02    0.00    0.00    0.00    0.00   93.94
02:21:58 AM    3    1.04    0.00    7.29    0.00    3.12    0.00    0.00    0.00    0.00   88.54

02:21:58 AM  CPU    %usr   %nice    %sys %iowait    %irq   %soft  %steal  %guest  %gnice   %idle
02:21:59 AM  all    0.77    0.00    2.82    0.00    2.05   11.79    0.00    0.00    0.00   82.56
02:21:59 AM    0    0.00    0.00    0.00    0.00    3.03   46.46    0.00    0.00    0.00   50.51
02:21:59 AM    1    1.01    0.00    3.03    0.00    2.02    0.00    0.00    0.00    0.00   93.94
02:21:59 AM    2    1.02    0.00    3.06    0.00    1.02    0.00    0.00    0.00    0.00   94.90
02:21:59 AM    3    1.06    0.00    5.32    0.00    2.13    0.00    0.00    0.00    0.00   91.49

02:21:59 AM  CPU    %usr   %nice    %sys %iowait    %irq   %soft  %steal  %guest  %gnice   %idle
02:22:00 AM  all    0.52    0.00    2.33    0.00    2.07   11.92    0.00    0.00    0.00   83.16
02:22:00 AM    0    0.00    0.00    0.00    0.00    3.03   46.46    0.00    0.00    0.00   50.51
02:22:00 AM    1    0.00    0.00    2.08    0.00    1.04    0.00    0.00    0.00    0.00   96.88
02:22:00 AM    2    1.04    0.00    1.04    0.00    1.04    0.00    0.00    0.00    0.00   96.88
02:22:00 AM    3    1.05    0.00    6.32    0.00    3.16    0.00    0.00    0.00    0.00   89.47

02:22:00 AM  CPU    %usr   %nice    %sys %iowait    %irq   %soft  %steal  %guest  %gnice   %idle
02:22:01 AM  all    0.51    0.00    3.33    0.00    2.31   11.79    0.00    0.00    0.00   82.05
02:22:01 AM    0    0.00    0.00    0.00    0.00    3.03   46.46    0.00    0.00    0.00   50.51
02:22:01 AM    1    1.02    0.00    4.08    0.00    1.02    0.00    0.00    0.00    0.00   93.88
02:22:01 AM    2    0.00    0.00    4.08    0.00    2.04    0.00    0.00    0.00    0.00   93.88
02:22:01 AM    3    1.05    0.00    5.26    0.00    3.16    0.00    0.00    0.00    0.00   90.53

02:22:01 AM  CPU    %usr   %nice    %sys %iowait    %irq   %soft  %steal  %guest  %gnice   %idle
02:22:02 AM  all    0.76    0.00    4.29    0.00    2.02   11.62    0.00    0.00    0.00   81.31
02:22:02 AM    0    0.00    0.00    0.00    0.00    3.03   46.46    0.00    0.00    0.00   50.51
02:22:02 AM    1    0.00    0.00    5.94    0.00    1.98    0.00    0.00    0.00    0.00   92.08
02:22:02 AM    2    1.00    0.00    5.00    0.00    1.00    0.00    0.00    0.00    0.00   93.00
02:22:02 AM    3    2.08    0.00    6.25    0.00    2.08    0.00    0.00    0.00    0.00   89.58

02:22:02 AM  CPU    %usr   %nice    %sys %iowait    %irq   %soft  %steal  %guest  %gnice   %idle
02:22:03 AM  all    0.51    0.00    3.60    0.00    2.31   11.57    0.00    0.00    0.00   82.01
02:22:03 AM    0    0.00    0.00    0.00    0.00    3.06   45.92    0.00    0.00    0.00   51.02
02:22:03 AM    1    0.00    0.00    4.12    0.00    1.03    0.00    0.00    0.00    0.00   94.85
02:22:03 AM    2    1.00    0.00    5.00    0.00    2.00    0.00    0.00    0.00    0.00   92.00
02:22:03 AM    3    1.06    0.00    5.32    0.00    3.19    0.00    0.00    0.00    0.00   90.43

02:22:03 AM  CPU    %usr   %nice    %sys %iowait    %irq   %soft  %steal  %guest  %gnice   %idle
02:22:04 AM  all    0.26    0.00    2.83    0.00    2.06   12.08    0.00    0.00    0.00   82.78
02:22:04 AM    0    0.00    0.00    0.00    0.00    3.00   46.00    0.00    0.00    0.00   51.00
02:22:04 AM    1    0.00    0.00    1.05    0.00    1.05    0.00    0.00    0.00    0.00   97.89
02:22:04 AM    2    0.00    0.00    4.12    0.00    1.03    0.00    0.00    0.00    0.00   94.85
02:22:04 AM    3    1.03    0.00    6.19    0.00    3.09    1.03    0.00    0.00    0.00   88.66

02:22:04 AM  CPU    %usr   %nice    %sys %iowait    %irq   %soft  %steal  %guest  %gnice   %idle
02:22:05 AM  all    0.26    0.00    3.59    0.00    2.05   11.79    0.00    0.00    0.00   82.31
02:22:05 AM    0    0.00    0.00    0.00    0.00    3.03   46.46    0.00    0.00    0.00   50.51
02:22:05 AM    1    0.00    0.00    4.17    0.00    2.08    0.00    0.00    0.00    0.00   93.75
02:22:05 AM    2    1.01    0.00    4.04    0.00    1.01    0.00    0.00    0.00    0.00   93.94
02:22:05 AM    3    0.00    0.00    6.25    0.00    2.08    0.00    0.00    0.00    0.00   91.67

02:22:05 AM  CPU    %usr   %nice    %sys %iowait    %irq   %soft  %steal  %guest  %gnice   %idle
02:22:06 AM  all    0.51    0.00    3.81    0.00    2.28   11.68    0.00    0.00    0.00   81.73
02:22:06 AM    0    0.00    0.00    0.00    0.00    3.03   46.46    0.00    0.00    0.00   50.51
02:22:06 AM    1    1.02    0.00    8.16    0.00    3.06    0.00    0.00    0.00    0.00   87.76
02:22:06 AM    2    1.01    0.00    3.03    0.00    2.02    0.00    0.00    0.00    0.00   93.94
02:22:06 AM    3    0.00    0.00    4.08    0.00    1.02    0.00    0.00    0.00    0.00   94.90

02:22:06 AM  CPU    %usr   %nice    %sys %iowait    %irq   %soft  %steal  %guest  %gnice   %idle
02:22:07 AM  all    1.02    0.00    3.32    0.00    2.30   11.48    0.00    0.00    0.00   81.89
02:22:07 AM    0    1.01    0.00    0.00    0.00    3.03   45.45    0.00    0.00    0.00   50.51
02:22:07 AM    1    1.06    0.00    5.32    0.00    3.19    0.00    0.00    0.00    0.00   90.43
02:22:07 AM    2    1.02    0.00    3.06    0.00    1.02    0.00    0.00    0.00    0.00   94.90
02:22:07 AM    3    0.99    0.00    4.95    0.00    1.98    0.00    0.00    0.00    0.00   92.08

02:22:07 AM  CPU    %usr   %nice    %sys %iowait    %irq   %soft  %steal  %guest  %gnice   %idle
02:22:08 AM  all    0.51    0.00    3.84    0.00    2.05   11.76    0.00    0.00    0.00   81.84
02:22:08 AM    0    0.00    0.00    0.00    0.00    3.03   46.46    0.00    0.00    0.00   50.51
02:22:08 AM    1    1.03    0.00    8.25    0.00    2.06    0.00    0.00    0.00    0.00   88.66
02:22:08 AM    2    0.00    0.00    4.08    0.00    2.04    0.00    0.00    0.00    0.00   93.88
02:22:08 AM    3    1.03    0.00    3.09    0.00    1.03    0.00    0.00    0.00    0.00   94.85

02:22:08 AM  CPU    %usr   %nice    %sys %iowait    %irq   %soft  %steal  %guest  %gnice   %idle
02:22:09 AM  all    0.77    0.00    3.07    0.00    2.05   11.76    0.00    0.00    0.00   82.35
02:22:09 AM    0    0.00    0.00    0.00    0.00    3.03   46.46    0.00    0.00    0.00   50.51
02:22:09 AM    1    1.01    0.00    5.05    0.00    2.02    0.00    0.00    0.00    0.00   91.92
02:22:09 AM    2    1.05    0.00    4.21    0.00    2.11    0.00    0.00    0.00    0.00   92.63
02:22:09 AM    3    1.02    0.00    3.06    0.00    1.02    0.00    0.00    0.00    0.00   94.90

02:22:09 AM  CPU    %usr   %nice    %sys %iowait    %irq   %soft  %steal  %guest  %gnice   %idle
02:22:10 AM  all    1.02    0.00    2.81    0.00    2.55   11.73    0.00    0.00    0.00   81.89
02:22:10 AM    0    0.00    0.00    0.00    0.00    3.03   46.46    0.00    0.00    0.00   50.51
02:22:10 AM    1    1.01    0.00    3.03    0.00    2.02    0.00    0.00    0.00    0.00   93.94
02:22:10 AM    2    1.05    0.00    6.32    0.00    3.16    0.00    0.00    0.00    0.00   89.47
02:22:10 AM    3    2.02    0.00    2.02    0.00    2.02    0.00    0.00    0.00    0.00   93.94

02:22:10 AM  CPU    %usr   %nice    %sys %iowait    %irq   %soft  %steal  %guest  %gnice   %idle
02:22:11 AM  all    0.78    0.00    2.84    0.00    1.81   11.89    0.00    0.00    0.00   82.69
02:22:11 AM    0    0.00    0.00    0.00    0.00    3.03   46.46    0.00    0.00    0.00   50.51
02:22:11 AM    1    1.05    0.00    1.05    0.00    1.05    0.00    0.00    0.00    0.00   96.84
02:22:11 AM    2    1.05    0.00    6.32    0.00    2.11    0.00    0.00    0.00    0.00   90.53
02:22:11 AM    3    1.02    0.00    4.08    0.00    1.02    0.00    0.00    0.00    0.00   93.88

02:22:11 AM  CPU    %usr   %nice    %sys %iowait    %irq   %soft  %steal  %guest  %gnice   %idle
02:22:12 AM  all    1.02    0.00    3.55    0.00    2.28   11.68    0.00    0.00    0.00   81.47
02:22:12 AM    0    0.00    0.00    0.00    0.00    3.03   46.46    0.00    0.00    0.00   50.51
02:22:12 AM    1    2.08    0.00    7.29    0.00    3.12    0.00    0.00    0.00    0.00   87.50
02:22:12 AM    2    2.02    0.00    6.06    0.00    3.03    0.00    0.00    0.00    0.00   88.89
02:22:12 AM    3    0.00    0.00    1.00    0.00    0.00    0.00    0.00    0.00    0.00   99.00

02:22:12 AM  CPU    %usr   %nice    %sys %iowait    %irq   %soft  %steal  %guest  %gnice   %idle
02:22:13 AM  all    0.78    0.00    2.08    0.00    2.08   11.95    0.00    0.00    0.00   83.12
02:22:13 AM    0    0.00    0.00    1.00    0.00    3.00   46.00    0.00    0.00    0.00   50.00
02:22:13 AM    1    2.22    0.00    6.67    0.00    4.44    0.00    0.00    0.00    0.00   86.67
02:22:13 AM    2    1.05    0.00    0.00    0.00    1.05    0.00    0.00    0.00    0.00   97.89
02:22:13 AM    3    0.00    0.00    1.00    0.00    0.00    0.00    0.00    0.00    0.00   99.00

02:22:13 AM  CPU    %usr   %nice    %sys %iowait    %irq   %soft  %steal  %guest  %gnice   %idle
02:22:14 AM  all    0.26    0.00    3.58    0.00    2.05   11.76    0.00    0.00    0.00   82.35
02:22:14 AM    0    0.00    0.00    0.00    0.00    3.03   46.46    0.00    0.00    0.00   50.51
02:22:14 AM    1    1.05    0.00   11.58    0.00    4.21    0.00    0.00    0.00    0.00   83.16
02:22:14 AM    2    0.00    0.00    3.09    0.00    1.03    0.00    0.00    0.00    0.00   95.88
02:22:14 AM    3    0.00    0.00    0.00    0.00    0.00    0.00    0.00    0.00    0.00  100.00

02:22:14 AM  CPU    %usr   %nice    %sys %iowait    %irq   %soft  %steal  %guest  %gnice   %idle
02:22:15 AM  all    0.52    0.00    3.09    0.00    2.32   11.60    0.00    0.00    0.00   82.47
02:22:15 AM    0    0.00    0.00    0.00    0.00    3.06   45.92    0.00    0.00    0.00   51.02
02:22:15 AM    1    2.17    0.00    8.70    0.00    4.35    0.00    0.00    0.00    0.00   84.78
02:22:15 AM    2    0.00    0.00    4.08    0.00    2.04    0.00    0.00    0.00    0.00   93.88
02:22:15 AM    3    0.00    0.00    0.00    0.00    0.00    0.00    0.00    0.00    0.00  100.00

02:22:15 AM  CPU    %usr   %nice    %sys %iowait    %irq   %soft  %steal  %guest  %gnice   %idle
02:22:16 AM  all    1.02    0.00    3.06    0.00    2.04   11.73    0.00    0.00    0.00   82.14
02:22:16 AM    0    0.00    0.00    0.00    0.00    3.00   46.00    0.00    0.00    0.00   51.00
02:22:16 AM    1    3.19    0.00    9.57    0.00    4.26    0.00    0.00    0.00    0.00   82.98
02:22:16 AM    2    1.02    0.00    3.06    0.00    1.02    0.00    0.00    0.00    0.00   94.90
02:22:16 AM    3    0.00    0.00    0.00    0.00    0.00    0.00    0.00    0.00    0.00  100.00

02:22:16 AM  CPU    %usr   %nice    %sys %iowait    %irq   %soft  %steal  %guest  %gnice   %idle
02:22:17 AM  all    0.76    0.00    3.81    0.00    2.03   11.68    0.00    0.00    0.00   81.73
02:22:17 AM    0    0.00    0.00    0.00    0.00    3.03   46.46    0.00    0.00    0.00   50.51
02:22:17 AM    1    2.11    0.00   10.53    0.00    4.21    0.00    0.00    0.00    0.00   83.16
02:22:17 AM    2    0.00    0.00    5.05    0.00    1.01    0.00    0.00    0.00    0.00   93.94
02:22:17 AM    3    0.99    0.00    0.00    0.00    0.00    0.00    0.00    0.00    0.00   99.01

02:22:17 AM  CPU    %usr   %nice    %sys %iowait    %irq   %soft  %steal  %guest  %gnice   %idle
02:22:18 AM  all    0.77    0.00    3.32    0.00    2.04   11.73    0.00    0.00    0.00   82.14
02:22:18 AM    0    0.00    0.00    0.00    0.00    3.03   46.46    0.00    0.00    0.00   50.51
02:22:18 AM    1    2.11    0.00    8.42    0.00    3.16    0.00    0.00    0.00    0.00   86.32
02:22:18 AM    2    1.02    0.00    5.10    0.00    2.04    0.00    0.00    0.00    0.00   91.84
02:22:18 AM    3    0.00    0.00    0.00    0.00    0.00    0.00    0.00    0.00    0.00  100.00

02:22:18 AM  CPU    %usr   %nice    %sys %iowait    %irq   %soft  %steal  %guest  %gnice   %idle
02:22:19 AM  all    0.51    0.00    3.08    0.00    2.31   11.83    0.00    0.00    0.00   82.26
02:22:19 AM    0    0.00    0.00    0.00    0.00    3.06   45.92    0.00    0.00    0.00   51.02
02:22:19 AM    1    1.04    0.00    7.29    0.00    3.12    0.00    0.00    0.00    0.00   88.54
02:22:19 AM    2    1.04    0.00    5.21    0.00    3.12    1.04    0.00    0.00    0.00   89.58
02:22:19 AM    3    0.00    0.00    0.00    0.00    0.00    0.00    0.00    0.00    0.00  100.00

02:22:19 AM  CPU    %usr   %nice    %sys %iowait    %irq   %soft  %steal  %guest  %gnice   %idle
02:22:20 AM  all    1.02    0.00    2.80    0.00    2.29   11.70    0.00    0.00    0.00   82.19
02:22:20 AM    0    0.00    0.00    0.00    0.00    3.00   46.00    0.00    0.00    0.00   51.00
02:22:20 AM    1    2.06    0.00    6.19    0.00    3.09    0.00    0.00    0.00    0.00   88.66
02:22:20 AM    2    2.08    0.00    5.21    0.00    3.12    0.00    0.00    0.00    0.00   89.58
02:22:20 AM    3    0.00    0.00    0.00    0.00    0.00    0.00    0.00    0.00    0.00  100.00

02:22:20 AM  CPU    %usr   %nice    %sys %iowait    %irq   %soft  %steal  %guest  %gnice   %idle
02:22:21 AM  all    0.51    0.00    3.57    0.00    2.04   11.73    0.00    0.00    0.00   82.14
02:22:21 AM    0    0.00    0.00    0.00    0.00    3.06   46.94    0.00    0.00    0.00   50.00
02:22:21 AM    1    2.04    0.00    7.14    0.00    2.04    0.00    0.00    0.00    0.00   88.78
02:22:21 AM    2    0.00    0.00    7.29    0.00    3.12    0.00    0.00    0.00    0.00   89.58
02:22:21 AM    3    0.00    0.00    0.00    0.00    0.00    0.00    0.00    0.00    0.00  100.00

02:22:21 AM  CPU    %usr   %nice    %sys %iowait    %irq   %soft  %steal  %guest  %gnice   %idle
02:22:22 AM  all    0.51    0.00    3.56    0.00    2.29   11.70    0.00    0.00    0.00   81.93
02:22:22 AM    0    0.00    0.00    1.01    0.00    3.03   46.46    0.00    0.00    0.00   49.49
02:22:22 AM    1    0.00    0.00    4.04    0.00    2.02    0.00    0.00    0.00    0.00   93.94
02:22:22 AM    2    2.06    0.00    7.22    0.00    2.06    0.00    0.00    0.00    0.00   88.66
02:22:22 AM    3    0.00    0.00    2.04    0.00    2.04    0.00    0.00    0.00    0.00   95.92

02:22:22 AM  CPU    %usr   %nice    %sys %iowait    %irq   %soft  %steal  %guest  %gnice   %idle
02:22:23 AM  all    0.77    0.00    3.06    0.00    2.04   11.73    0.00    0.00    0.00   82.40
02:22:23 AM    0    0.00    0.00    0.00    0.00    3.00   46.00    0.00    0.00    0.00   51.00
02:22:23 AM    1    1.02    0.00    3.06    0.00    1.02    0.00    0.00    0.00    0.00   94.90
02:22:23 AM    2    2.08    0.00    5.21    0.00    3.12    0.00    0.00    0.00    0.00   89.58
02:22:23 AM    3    0.00    0.00    4.08    0.00    1.02    0.00    0.00    0.00    0.00   94.90

02:22:23 AM  CPU    %usr   %nice    %sys %iowait    %irq   %soft  %steal  %guest  %gnice   %idle
02:22:24 AM  all    1.28    0.00    3.32    0.00    2.30   11.76    0.00    0.00    0.00   81.33
02:22:24 AM    0    0.00    0.00    0.00    0.00    3.06   46.94    0.00    0.00    0.00   50.00
02:22:24 AM    1    2.04    0.00    2.04    0.00    2.04    0.00    0.00    0.00    0.00   93.88
02:22:24 AM    2    2.04    0.00    8.16    0.00    3.06    0.00    0.00    0.00    0.00   86.73
02:22:24 AM    3    1.03    0.00    3.09    0.00    1.03    0.00    0.00    0.00    0.00   94.85

02:22:24 AM  CPU    %usr   %nice    %sys %iowait    %irq   %soft  %steal  %guest  %gnice   %idle
02:22:25 AM  all    0.51    0.00    3.32    0.00    2.05   11.76    0.00    0.00    0.00   82.35
02:22:25 AM    0    0.00    0.00    0.00    0.00    3.03   46.46    0.00    0.00    0.00   50.51
02:22:25 AM    1    1.02    0.00    3.06    0.00    1.02    0.00    0.00    0.00    0.00   94.90
02:22:25 AM    2    0.00    0.00    6.38    0.00    2.13    0.00    0.00    0.00    0.00   91.49
02:22:25 AM    3    1.00    0.00    4.00    0.00    2.00    0.00    0.00    0.00    0.00   93.00

02:22:25 AM  CPU    %usr   %nice    %sys %iowait    %irq   %soft  %steal  %guest  %gnice   %idle
02:22:26 AM  all    0.76    0.00    3.05    0.00    2.04   11.96    0.00    0.00    0.00   82.19
02:22:26 AM    0    0.00    0.00    0.00    0.00    3.00   46.00    0.00    0.00    0.00   51.00
02:22:26 AM    1    0.00    0.00    4.04    0.00    1.01    1.01    0.00    0.00    0.00   93.94
02:22:26 AM    2    2.06    0.00    6.19    0.00    3.09    0.00    0.00    0.00    0.00   88.66
02:22:26 AM    3    1.03    0.00    2.06    0.00    1.03    0.00    0.00    0.00    0.00   95.88

02:22:26 AM  CPU    %usr   %nice    %sys %iowait    %irq   %soft  %steal  %guest  %gnice   %idle
02:22:27 AM  all    0.51    0.00    3.32    0.00    2.55   11.48    0.00    0.00    0.00   82.14
02:22:27 AM    0    0.00    0.00    0.00    0.00    3.06   45.92    0.00    0.00    0.00   51.02
02:22:27 AM    1    1.01    0.00    3.03    0.00    2.02    0.00    0.00    0.00    0.00   93.94
02:22:27 AM    2    0.00    0.00    6.32    0.00    3.16    0.00    0.00    0.00    0.00   90.53
02:22:27 AM    3    1.00    0.00    4.00    0.00    2.00    0.00    0.00    0.00    0.00   93.00

02:22:27 AM  CPU    %usr   %nice    %sys %iowait    %irq   %soft  %steal  %guest  %gnice   %idle
02:22:28 AM  all    1.02    0.00    3.07    0.00    1.79   11.76    0.00    0.00    0.00   82.35
02:22:28 AM    0    0.00    0.00    0.00    0.00    3.03   46.46    0.00    0.00    0.00   50.51
02:22:28 AM    1    1.04    0.00    1.04    0.00    1.04    0.00    0.00    0.00    0.00   96.88
02:22:28 AM    2    2.06    0.00    7.22    0.00    2.06    0.00    0.00    0.00    0.00   88.66
02:22:28 AM    3    1.01    0.00    4.04    0.00    1.01    0.00    0.00    0.00    0.00   93.94

02:22:28 AM  CPU    %usr   %nice    %sys %iowait    %irq   %soft  %steal  %guest  %gnice   %idle
02:22:29 AM  all    0.52    0.00    2.58    0.00    2.07   11.89    0.00    0.00    0.00   82.95
02:22:29 AM    0    0.00    0.00    0.00    0.00    3.03   46.46    0.00    0.00    0.00   50.51
02:22:29 AM    1    1.03    0.00    2.06    0.00    1.03    0.00    0.00    0.00    0.00   95.88
02:22:29 AM    2    1.05    0.00    5.26    0.00    3.16    0.00    0.00    0.00    0.00   90.53
02:22:29 AM    3    0.00    0.00    3.12    0.00    1.04    0.00    0.00    0.00    0.00   95.83

02:22:29 AM  CPU    %usr   %nice    %sys %iowait    %irq   %soft  %steal  %guest  %gnice   %idle
02:22:30 AM  all    0.77    0.00    3.06    0.00    2.81   11.73    0.00    0.00    0.00   81.63
02:22:30 AM    0    0.00    0.00    0.00    0.00    4.00   46.00    0.00    0.00    0.00   50.00
02:22:30 AM    1    0.00    0.00    3.06    0.00    2.04    0.00    0.00    0.00    0.00   94.90
02:22:30 AM    2    1.05    0.00    7.37    0.00    3.16    0.00    0.00    0.00    0.00   88.42
02:22:30 AM    3    2.02    0.00    2.02    0.00    2.02    0.00    0.00    0.00    0.00   93.94

02:22:30 AM  CPU    %usr   %nice    %sys %iowait    %irq   %soft  %steal  %guest  %gnice   %idle
02:22:31 AM  all    1.03    0.00    2.82    0.00    2.05   11.79    0.00    0.00    0.00   82.31
02:22:31 AM    0    0.00    0.00    0.00    0.00    3.03   46.46    0.00    0.00    0.00   50.51
02:22:31 AM    1    1.02    0.00    4.08    0.00    1.02    0.00    0.00    0.00    0.00   93.88
02:22:31 AM    2    2.11    0.00    4.21    0.00    3.16    0.00    0.00    0.00    0.00   90.53
02:22:31 AM    3    1.02    0.00    3.06    0.00    1.02    0.00    0.00    0.00    0.00   94.90

02:22:31 AM  CPU    %usr   %nice    %sys %iowait    %irq   %soft  %steal  %guest  %gnice   %idle
02:22:32 AM  all    0.51    0.00    3.56    0.00    2.29   11.70    0.00    0.00    0.00   81.93
02:22:32 AM    0    0.00    0.00    0.00    0.00    3.03   46.46    0.00    0.00    0.00   50.51
02:22:32 AM    1    0.00    0.00    3.06    0.00    2.04    0.00    0.00    0.00    0.00   94.90
02:22:32 AM    2    2.08    0.00    6.25    0.00    2.08    0.00    0.00    0.00    0.00   89.58
02:22:32 AM    3    0.00    0.00    5.00    0.00    2.00    0.00    0.00    0.00    0.00   93.00

02:22:32 AM  CPU    %usr   %nice    %sys %iowait    %irq   %soft  %steal  %guest  %gnice   %idle
02:22:33 AM  all    0.76    0.00    4.33    0.00    2.04   11.45    0.00    0.00    0.00   81.42
02:22:33 AM    0    0.00    0.00    1.01    0.00    3.03   45.45    0.00    0.00    0.00   50.51
02:22:33 AM    1    0.00    0.00    1.01    0.00    0.00    0.00    0.00    0.00    0.00   98.99
02:22:33 AM    2    2.04    0.00   12.24    0.00    4.08    0.00    0.00    0.00    0.00   81.63
02:22:33 AM    3    1.03    0.00    3.09    0.00    1.03    0.00    0.00    0.00    0.00   94.85

02:22:33 AM  CPU    %usr   %nice    %sys %iowait    %irq   %soft  %steal  %guest  %gnice   %idle
02:22:34 AM  all    0.77    0.00    3.07    0.00    2.05   11.76    0.00    0.00    0.00   82.35
02:22:34 AM    0    0.00    0.00    0.00    0.00    3.03   46.46    0.00    0.00    0.00   50.51
02:22:34 AM    1    0.00    0.00    0.00    0.00    0.00    0.00    0.00    0.00    0.00  100.00
02:22:34 AM    2    2.15    0.00    8.60    0.00    4.30    0.00    0.00    0.00    0.00   84.95
02:22:34 AM    3    1.01    0.00    4.04    0.00    1.01    0.00    0.00    0.00    0.00   93.94

02:22:34 AM  CPU    %usr   %nice    %sys %iowait    %irq   %soft  %steal  %guest  %gnice   %idle
02:22:35 AM  all    0.51    0.00    3.81    0.00    2.28   11.68    0.00    0.00    0.00   81.73
02:22:35 AM    0    0.00    0.00    0.00    0.00    3.03   46.46    0.00    0.00    0.00   50.51
02:22:35 AM    1    0.00    0.00    0.00    0.00    0.00    0.00    0.00    0.00    0.00  100.00
02:22:35 AM    2    1.05    0.00   11.58    0.00    4.21    0.00    0.00    0.00    0.00   83.16
02:22:35 AM    3    1.00    0.00    4.00    0.00    2.00    0.00    0.00    0.00    0.00   93.00

02:22:35 AM  CPU    %usr   %nice    %sys %iowait    %irq   %soft  %steal  %guest  %gnice   %idle
02:22:36 AM  all    1.02    0.00    3.57    0.00    2.04   11.73    0.00    0.00    0.00   81.63
02:22:36 AM    0    1.00    0.00    0.00    0.00    3.00   46.00    0.00    0.00    0.00   50.00
02:22:36 AM    1    0.00    0.00    0.99    0.00    0.00    0.00    0.00    0.00    0.00   99.01
02:22:36 AM    2    3.19    0.00    9.57    0.00    4.26    0.00    0.00    0.00    0.00   82.98
02:22:36 AM    3    0.00    0.00    4.12    0.00    1.03    0.00    0.00    0.00    0.00   94.85

02:22:36 AM  CPU    %usr   %nice    %sys %iowait    %irq   %soft  %steal  %guest  %gnice   %idle
02:22:37 AM  all    0.51    0.00    3.33    0.00    2.05   11.79    0.00    0.00    0.00   82.31
02:22:37 AM    0    0.00    0.00    0.00    0.00    3.03   46.46    0.00    0.00    0.00   50.51
02:22:37 AM    1    0.00    0.00    0.00    0.00    0.00    0.00    0.00    0.00    0.00  100.00
02:22:37 AM    2    2.15    0.00    9.68    0.00    4.30    0.00    0.00    0.00    0.00   83.87
02:22:37 AM    3    0.00    0.00    4.08    0.00    1.02    0.00    0.00    0.00    0.00   94.90

02:22:37 AM  CPU    %usr   %nice    %sys %iowait    %irq   %soft  %steal  %guest  %gnice   %idle
02:22:38 AM  all    0.77    0.00    3.07    0.00    2.05   11.76    0.00    0.00    0.00   82.35
02:22:38 AM    0    0.00    0.00    0.00    0.00    3.06   46.94    0.00    0.00    0.00   50.00
02:22:38 AM    1    0.00    0.00    1.01    0.00    0.00    0.00    0.00    0.00    0.00   98.99
02:22:38 AM    2    1.08    0.00   11.83    0.00    4.30    0.00    0.00    0.00    0.00   82.80
02:22:38 AM    3    1.98    0.00    0.00    0.00    0.99    0.00    0.00    0.00    0.00   97.03

02:22:38 AM  CPU    %usr   %nice    %sys %iowait    %irq   %soft  %steal  %guest  %gnice   %idle
02:22:39 AM  all    0.51    0.00    4.30    0.00    2.28   11.65    0.00    0.00    0.00   81.27
02:22:39 AM    0    0.00    0.00    0.00    0.00    3.03   46.46    0.00    0.00    0.00   50.51
02:22:39 AM    1    0.00    0.00    0.00    0.00    0.00    0.00    0.00    0.00    0.00  100.00
02:22:39 AM    2    2.08    0.00   17.71    0.00    6.25    0.00    0.00    0.00    0.00   73.96
02:22:39 AM    3    0.00    0.00    0.00    0.00    0.00    0.00    0.00    0.00    0.00  100.00

02:22:39 AM  CPU    %usr   %nice    %sys %iowait    %irq   %soft  %steal  %guest  %gnice   %idle
02:22:40 AM  all    0.77    0.00    3.08    0.00    1.80   11.83    0.00    0.00    0.00   82.52
02:22:40 AM    0    0.00    0.00    0.00    0.00    3.09   47.42    0.00    0.00    0.00   49.48
02:22:40 AM    1    0.00    0.00    0.00    0.00    0.00    0.00    0.00    0.00    0.00  100.00
02:22:40 AM    2    3.23    0.00   12.90    0.00    4.30    0.00    0.00    0.00    0.00   79.57
02:22:40 AM    3    0.00    0.00    0.00    0.00    0.00    0.00    0.00    0.00    0.00  100.00

02:22:40 AM  CPU    %usr   %nice    %sys %iowait    %irq   %soft  %steal  %guest  %gnice   %idle
02:22:41 AM  all    0.51    0.00    3.56    0.00    2.04   11.96    0.00    0.00    0.00   81.93
02:22:41 AM    0    0.00    0.00    1.02    0.00    3.06   47.96    0.00    0.00    0.00   47.96
02:22:41 AM    1    0.00    0.00    0.00    0.00    0.00    0.00    0.00    0.00    0.00  100.00
02:22:41 AM    2    1.05    0.00    9.47    0.00    4.21    0.00    0.00    0.00    0.00   85.26
02:22:41 AM    3    1.00    0.00    4.00    0.00    1.00    0.00    0.00    0.00    0.00   94.00

02:22:41 AM  CPU    %usr   %nice    %sys %iowait    %irq   %soft  %steal  %guest  %gnice   %idle
02:22:42 AM  all    0.51    0.00    3.83    0.00    2.04   11.73    0.00    0.00    0.00   81.89
02:22:42 AM    0    0.00    0.00    1.02    0.00    3.06   46.94    0.00    0.00    0.00   48.98
02:22:42 AM    1    1.01    0.00    2.02    0.00    1.01    0.00    0.00    0.00    0.00   95.96
02:22:42 AM    2    0.00    0.00    4.08    0.00    1.02    0.00    0.00    0.00    0.00   94.90
02:22:42 AM    3    1.03    0.00    8.25    0.00    3.09    0.00    0.00    0.00    0.00   87.63

02:22:42 AM  CPU    %usr   %nice    %sys %iowait    %irq   %soft  %steal  %guest  %gnice   %idle
02:22:43 AM  all    0.77    0.00    3.83    0.00    2.30   11.73    0.00    0.00    0.00   81.38
02:22:43 AM    0    0.00    0.00    0.00    0.00    3.03   46.46    0.00    0.00    0.00   50.51
02:22:43 AM    1    1.03    0.00    2.06    0.00    2.06    0.00    0.00    0.00    0.00   94.85
02:22:43 AM    2    1.01    0.00    4.04    0.00    2.02    0.00    0.00    0.00    0.00   92.93
02:22:43 AM    3    1.03    0.00    9.28    0.00    2.06    0.00    0.00    0.00    0.00   87.63

02:22:43 AM  CPU    %usr   %nice    %sys %iowait    %irq   %soft  %steal  %guest  %gnice   %idle
02:22:44 AM  all    0.77    0.00    3.09    0.00    2.06   11.86    0.00    0.00    0.00   82.22
02:22:44 AM    0    1.01    0.00    1.01    0.00    3.03   45.45    0.00    0.00    0.00   49.49
02:22:44 AM    1    1.03    0.00    2.06    0.00    1.03    0.00    0.00    0.00    0.00   95.88
02:22:44 AM    2    0.00    0.00    3.12    0.00    1.04    0.00    0.00    0.00    0.00   95.83
02:22:44 AM    3    1.04    0.00    6.25    0.00    3.12    1.04    0.00    0.00    0.00   88.54

02:22:44 AM  CPU    %usr   %nice    %sys %iowait    %irq   %soft  %steal  %guest  %gnice   %idle
02:22:45 AM  all    0.25    0.00    3.56    0.00    2.29   11.70    0.00    0.00    0.00   82.19
02:22:45 AM    0    0.00    0.00    0.00    0.00    3.00   46.00    0.00    0.00    0.00   51.00
02:22:45 AM    1    0.00    0.00    3.06    0.00    2.04    0.00    0.00    0.00    0.00   94.90
02:22:45 AM    2    0.00    0.00    5.05    0.00    1.01    0.00    0.00    0.00    0.00   93.94
02:22:45 AM    3    1.04    0.00    6.25    0.00    3.12    0.00    0.00    0.00    0.00   89.58

02:22:45 AM  CPU    %usr   %nice    %sys %iowait    %irq   %soft  %steal  %guest  %gnice   %idle
02:22:46 AM  all    0.77    0.00    2.31    0.00    2.31   11.83    0.00    0.00    0.00   82.78
02:22:46 AM    0    0.00    0.00    0.00    0.00    3.03   46.46    0.00    0.00    0.00   50.51
02:22:46 AM    1    2.06    0.00    1.03    0.00    1.03    0.00    0.00    0.00    0.00   95.88
02:22:46 AM    2    1.01    0.00    3.03    0.00    2.02    0.00    0.00    0.00    0.00   93.94
02:22:46 AM    3    0.00    0.00    5.32    0.00    3.19    0.00    0.00    0.00    0.00   91.49

02:22:46 AM  CPU    %usr   %nice    %sys %iowait    %irq   %soft  %steal  %guest  %gnice   %idle
02:22:47 AM  all    0.77    0.00    3.08    0.00    1.80   11.83    0.00    0.00    0.00   82.52
02:22:47 AM    0    0.00    0.00    0.00    0.00    3.03   46.46    0.00    0.00    0.00   50.51
02:22:47 AM    1    1.03    0.00    3.09    0.00    1.03    0.00    0.00    0.00    0.00   94.85
02:22:47 AM    2    1.01    0.00    4.04    0.00    1.01    0.00    0.00    0.00    0.00   93.94
02:22:47 AM    3    1.06    0.00    5.32    0.00    2.13    0.00    0.00    0.00    0.00   91.49

02:22:47 AM  CPU    %usr   %nice    %sys %iowait    %irq   %soft  %steal  %guest  %gnice   %idle
02:22:48 AM  all    0.26    0.00    3.32    0.00    2.30   11.76    0.00    0.00    0.00   82.35
02:22:48 AM    0    0.00    0.00    0.00    0.00    3.03   46.46    0.00    0.00    0.00   50.51
02:22:48 AM    1    0.00    0.00    4.00    0.00    1.00    0.00    0.00    0.00    0.00   95.00
02:22:48 AM    2    0.00    0.00    3.12    0.00    2.08    0.00    0.00    0.00    0.00   94.79
02:22:48 AM    3    1.04    0.00    6.25    0.00    3.12    0.00    0.00    0.00    0.00   89.58

02:22:48 AM  CPU    %usr   %nice    %sys %iowait    %irq   %soft  %steal  %guest  %gnice   %idle
02:22:49 AM  all    0.51    0.00    3.55    0.00    2.28   11.93    0.00    0.00    0.00   81.73
02:22:49 AM    0    0.00    0.00    0.00    0.00    3.03   46.46    0.00    0.00    0.00   50.51
02:22:49 AM    1    1.00    0.00    1.00    0.00    1.00    0.00    0.00    0.00    0.00   97.00
02:22:49 AM    2    1.02    0.00    5.10    0.00    2.04    1.02    0.00    0.00    0.00   90.82
02:22:49 AM    3    0.00    0.00    8.25    0.00    3.09    0.00    0.00    0.00    0.00   88.66

02:22:49 AM  CPU    %usr   %nice    %sys %iowait    %irq   %soft  %steal  %guest  %gnice   %idle
02:22:50 AM  all    0.77    0.00    2.83    0.00    1.80   11.83    0.00    0.00    0.00   82.78
02:22:50 AM    0    0.00    0.00    0.00    0.00    3.03   46.46    0.00    0.00    0.00   50.51
02:22:50 AM    1    0.00    0.00    4.08    0.00    1.02    0.00    0.00    0.00    0.00   94.90
02:22:50 AM    2    1.02    0.00    3.06    0.00    1.02    0.00    0.00    0.00    0.00   94.90
02:22:50 AM    3    2.13    0.00    4.26    0.00    2.13    0.00    0.00    0.00    0.00   91.49

02:22:50 AM  CPU    %usr   %nice    %sys %iowait    %irq   %soft  %steal  %guest  %gnice   %idle
02:22:51 AM  all    0.76    0.00    3.31    0.00    2.29   11.70    0.00    0.00    0.00   81.93
02:22:51 AM    0    0.00    0.00    0.00    0.00    3.06   46.94    0.00    0.00    0.00   50.00
02:22:51 AM    1    0.00    0.00    2.02    0.00    1.01    0.00    0.00    0.00    0.00   96.97
02:22:51 AM    2    2.02    0.00    4.04    0.00    2.02    0.00    0.00    0.00    0.00   91.92
02:22:51 AM    3    1.03    0.00    7.22    0.00    3.09    0.00    0.00    0.00    0.00   88.66

02:22:51 AM  CPU    %usr   %nice    %sys %iowait    %irq   %soft  %steal  %guest  %gnice   %idle
02:22:52 AM  all    1.01    0.00    3.79    0.00    2.02   11.87    0.00    0.00    0.00   81.31
02:22:52 AM    0    0.00    0.00    1.03    0.00    3.09   48.45    0.00    0.00    0.00   47.42
02:22:52 AM    1    1.00    0.00    4.00    0.00    1.00    0.00    0.00    0.00    0.00   94.00
02:22:52 AM    2    1.00    0.00    2.00    0.00    1.00    0.00    0.00    0.00    0.00   96.00
02:22:52 AM    3    2.02    0.00    8.08    0.00    3.03    0.00    0.00    0.00    0.00   86.87

02:22:52 AM  CPU    %usr   %nice    %sys %iowait    %irq   %soft  %steal  %guest  %gnice   %idle
02:22:53 AM  all    0.77    0.00    3.33    0.00    2.31   11.79    0.00    0.00    0.00   81.79
02:22:53 AM    0    0.00    0.00    0.00    0.00    3.06   46.94    0.00    0.00    0.00   50.00
02:22:53 AM    1    2.02    0.00    5.05    0.00    2.02    0.00    0.00    0.00    0.00   90.91
02:22:53 AM    2    0.00    0.00    2.06    0.00    1.03    0.00    0.00    0.00    0.00   96.91
02:22:53 AM    3    1.04    0.00    6.25    0.00    3.12    0.00    0.00    0.00    0.00   89.58

02:22:53 AM  CPU    %usr   %nice    %sys %iowait    %irq   %soft  %steal  %guest  %gnice   %idle
02:22:54 AM  all    0.77    0.00    3.32    0.00    1.79   11.51    0.00    0.00    0.00   82.61
02:22:54 AM    0    0.00    0.00    0.00    0.00    3.03   45.45    0.00    0.00    0.00   51.52
02:22:54 AM    1    0.00    0.00    4.08    0.00    1.02    0.00    0.00    0.00    0.00   94.90
02:22:54 AM    2    2.02    0.00    3.03    0.00    1.01    0.00    0.00    0.00    0.00   93.94
02:22:54 AM    3    1.05    0.00    6.32    0.00    2.11    0.00    0.00    0.00    0.00   90.53

02:22:54 AM  CPU    %usr   %nice    %sys %iowait    %irq   %soft  %steal  %guest  %gnice   %idle
02:22:55 AM  all    0.51    0.00    3.32    0.00    2.30   12.02    0.00    0.00    0.00   81.84
02:22:55 AM    0    0.00    0.00    1.02    0.00    3.06   47.96    0.00    0.00    0.00   47.96
02:22:55 AM    1    1.02    0.00    7.14    0.00    2.04    0.00    0.00    0.00    0.00   89.80
02:22:55 AM    2    0.00    0.00    2.06    0.00    2.06    0.00    0.00    0.00    0.00   95.88
02:22:55 AM    3    1.02    0.00    3.06    0.00    2.04    0.00    0.00    0.00    0.00   93.88

02:22:55 AM  CPU    %usr   %nice    %sys %iowait    %irq   %soft  %steal  %guest  %gnice   %idle
02:22:56 AM  all    1.03    0.00    2.82    0.00    2.31   11.79    0.00    0.00    0.00   82.05
02:22:56 AM    0    0.00    0.00    0.00    0.00    4.00   46.00    0.00    0.00    0.00   50.00
02:22:56 AM    1    2.11    0.00    4.21    0.00    3.16    0.00    0.00    0.00    0.00   90.53
02:22:56 AM    2    1.03    0.00    3.09    0.00    1.03    0.00    0.00    0.00    0.00   94.85
02:22:56 AM    3    1.02    0.00    4.08    0.00    1.02    0.00    0.00    0.00    0.00   93.88

02:22:56 AM  CPU    %usr   %nice    %sys %iowait    %irq   %soft  %steal  %guest  %gnice   %idle
02:22:57 AM  all    0.51    0.00    3.59    0.00    2.05   11.54    0.00    0.00    0.00   82.31
02:22:57 AM    0    0.00    0.00    0.00    0.00    3.06   45.92    0.00    0.00    0.00   51.02
02:22:57 AM    1    1.03    0.00    8.25    0.00    3.09    0.00    0.00    0.00    0.00   87.63
02:22:57 AM    2    1.03    0.00    2.06    0.00    1.03    0.00    0.00    0.00    0.00   95.88
02:22:57 AM    3    0.00    0.00    4.08    0.00    1.02    0.00    0.00    0.00    0.00   94.90

02:22:57 AM  CPU    %usr   %nice    %sys %iowait    %irq   %soft  %steal  %guest  %gnice   %idle
02:22:58 AM  all    0.25    0.00    4.06    0.00    2.28   11.68    0.00    0.00    0.00   81.73
02:22:58 AM    0    0.00    0.00    0.00    0.00    3.00   46.00    0.00    0.00    0.00   51.00
02:22:58 AM    1    0.00    0.00    9.28    0.00    2.06    0.00    0.00    0.00    0.00   88.66
02:22:58 AM    2    0.00    0.00    2.06    0.00    2.06    0.00    0.00    0.00    0.00   95.88
02:22:58 AM    3    1.00    0.00    5.00    0.00    2.00    0.00    0.00    0.00    0.00   92.00

02:22:58 AM  CPU    %usr   %nice    %sys %iowait    %irq   %soft  %steal  %guest  %gnice   %idle
02:22:59 AM  all    0.77    0.00    2.82    0.00    2.05   11.79    0.00    0.00    0.00   82.56
02:22:59 AM    0    0.00    0.00    0.00    0.00    3.03   46.46    0.00    0.00    0.00   50.51
02:22:59 AM    1    2.08    0.00    5.21    0.00    3.12    0.00    0.00    0.00    0.00   89.58
02:22:59 AM    2    1.03    0.00    2.06    0.00    1.03    0.00    0.00    0.00    0.00   95.88
02:22:59 AM    3    0.00    0.00    4.08    0.00    1.02    0.00    0.00    0.00    0.00   94.90

02:22:59 AM  CPU    %usr   %nice    %sys %iowait    %irq   %soft  %steal  %guest  %gnice   %idle
02:23:00 AM  all    1.01    0.00    4.04    0.00    2.27   11.62    0.00    0.00    0.00   81.06
02:23:00 AM    0    0.00    0.00    0.00    0.00    3.03   46.46    0.00    0.00    0.00   50.51
02:23:00 AM    1    2.04    0.00    8.16    0.00    3.06    0.00    0.00    0.00    0.00   86.73
02:23:00 AM    2    1.01    0.00    4.04    0.00    1.01    0.00    0.00    0.00    0.00   93.94
02:23:00 AM    3    1.00    0.00    4.00    0.00    2.00    0.00    0.00    0.00    0.00   93.00

02:23:00 AM  CPU    %usr   %nice    %sys %iowait    %irq   %soft  %steal  %guest  %gnice   %idle
02:23:01 AM  all    0.51    0.00    3.08    0.00    2.31   11.83    0.00    0.00    0.00   82.26
02:23:01 AM    0    0.00    0.00    0.00    0.00    3.03   46.46    0.00    0.00    0.00   50.51
02:23:01 AM    1    1.06    0.00    4.26    0.00    3.19    0.00    0.00    0.00    0.00   91.49
02:23:01 AM    2    0.00    0.00    4.08    0.00    2.04    0.00    0.00    0.00    0.00   93.88
02:23:01 AM    3    1.02    0.00    4.08    0.00    1.02    0.00    0.00    0.00    0.00   93.88

02:23:01 AM  CPU    %usr   %nice    %sys %iowait    %irq   %soft  %steal  %guest  %gnice   %idle
02:23:02 AM  all    0.78    0.00    2.58    0.00    1.81   11.89    0.00    0.00    0.00   82.95
02:23:02 AM    0    0.00    0.00    0.00    0.00    3.03   46.46    0.00    0.00    0.00   50.51
02:23:02 AM    1    2.15    0.00    4.30    0.00    2.15    0.00    0.00    0.00    0.00   91.40
02:23:02 AM    2    0.00    0.00    2.08    0.00    1.04    0.00    0.00    0.00    0.00   96.88
02:23:02 AM    3    1.01    0.00    4.04    0.00    1.01    0.00    0.00    0.00    0.00   93.94

02:23:02 AM  CPU    %usr   %nice    %sys %iowait    %irq   %soft  %steal  %guest  %gnice   %idle
02:23:03 AM  all    0.77    0.00    2.31    0.00    2.56   11.54    0.00    0.00    0.00   82.82
02:23:03 AM    0    0.00    0.00    0.00    0.00    3.03   45.45    0.00    0.00    0.00   51.52
02:23:03 AM    1    2.06    0.00    6.19    0.00    3.09    0.00    0.00    0.00    0.00   88.66
02:23:03 AM    2    0.00    0.00    2.06    0.00    2.06    0.00    0.00    0.00    0.00   95.88
02:23:03 AM    3    1.03    0.00    1.03    0.00    2.06    0.00    0.00    0.00    0.00   95.88

02:23:03 AM  CPU    %usr   %nice    %sys %iowait    %irq   %soft  %steal  %guest  %gnice   %idle
02:23:04 AM  all    0.51    0.00    3.82    0.00    2.04   11.96    0.00    0.00    0.00   81.68
02:23:04 AM    0    0.00    0.00    0.00    0.00    3.03   46.46    0.00    0.00    0.00   50.51
02:23:04 AM    1    1.00    0.00    5.00    0.00    2.00    1.00    0.00    0.00    0.00   91.00
02:23:04 AM    2    0.00    0.00    2.08    0.00    1.04    0.00    0.00    0.00    0.00   96.88
02:23:04 AM    3    1.02    0.00    8.16    0.00    2.04    0.00    0.00    0.00    0.00   88.78

02:23:04 AM  CPU    %usr   %nice    %sys %iowait    %irq   %soft  %steal  %guest  %gnice   %idle
02:23:05 AM  all    1.28    0.00    3.32    0.00    2.05   11.76    0.00    0.00    0.00   81.59
02:23:05 AM    0    0.99    0.00    0.99    0.00    2.97   45.54    0.00    0.00    0.00   49.50
02:23:05 AM    1    0.00    0.00    4.08    0.00    1.02    0.00    0.00    0.00    0.00   94.90
02:23:05 AM    2    3.09    0.00    2.06    0.00    1.03    0.00    0.00    0.00    0.00   93.81
02:23:05 AM    3    1.05    0.00    6.32    0.00    3.16    0.00    0.00    0.00    0.00   89.47

02:23:05 AM  CPU    %usr   %nice    %sys %iowait    %irq   %soft  %steal  %guest  %gnice   %idle
02:23:06 AM  all    0.76    0.00    4.30    0.00    2.03   11.65    0.00    0.00    0.00   81.27
02:23:06 AM    0    0.00    0.00    0.00    0.00    3.06   46.94    0.00    0.00    0.00   50.00
02:23:06 AM    1    2.00    0.00    4.00    0.00    1.00    0.00    0.00    0.00    0.00   93.00
02:23:06 AM    2    0.00    0.00    4.04    0.00    2.02    0.00    0.00    0.00    0.00   93.94
02:23:06 AM    3    1.02    0.00    9.18    0.00    2.04    0.00    0.00    0.00    0.00   87.76

02:23:06 AM  CPU    %usr   %nice    %sys %iowait    %irq   %soft  %steal  %guest  %gnice   %idle
02:23:07 AM  all    0.51    0.00    3.31    0.00    2.29   11.70    0.00    0.00    0.00   82.19
02:23:07 AM    0    0.00    0.00    0.00    0.00    3.03   46.46    0.00    0.00    0.00   50.51
02:23:07 AM    1    1.01    0.00    8.08    0.00    3.03    0.00    0.00    0.00    0.00   87.88
02:23:07 AM    2    0.00    0.00    2.08    0.00    1.04    0.00    0.00    0.00    0.00   96.88
02:23:07 AM    3    1.01    0.00    3.03    0.00    2.02    0.00    0.00    0.00    0.00   93.94

02:23:07 AM  CPU    %usr   %nice    %sys %iowait    %irq   %soft  %steal  %guest  %gnice   %idle
02:23:08 AM  all    0.52    0.00    2.58    0.00    2.07   11.89    0.00    0.00    0.00   82.95
02:23:08 AM    0    0.00    0.00    0.00    0.00    3.06   46.94    0.00    0.00    0.00   50.00
02:23:08 AM    1    1.08    0.00    3.23    0.00    2.15    0.00    0.00    0.00    0.00   93.55
02:23:08 AM    2    1.02    0.00    3.06    0.00    1.02    0.00    0.00    0.00    0.00   94.90
02:23:08 AM    3    0.00    0.00    4.08    0.00    2.04    0.00    0.00    0.00    0.00   93.88

02:23:08 AM  CPU    %usr   %nice    %sys %iowait    %irq   %soft  %steal  %guest  %gnice   %idle
02:23:09 AM  all    1.01    0.00    4.04    0.00    2.02   11.62    0.00    0.00    0.00   81.31
02:23:09 AM    0    0.00    0.00    0.00    0.00    3.00   46.00    0.00    0.00    0.00   51.00
02:23:09 AM    1    1.01    0.00    4.04    0.00    1.01    0.00    0.00    0.00    0.00   93.94
02:23:09 AM    2    1.01    0.00    5.05    0.00    2.02    0.00    0.00    0.00    0.00   91.92
02:23:09 AM    3    2.04    0.00    7.14    0.00    2.04    0.00    0.00    0.00    0.00   88.78

02:23:09 AM  CPU    %usr   %nice    %sys %iowait    %irq   %soft  %steal  %guest  %gnice   %idle
02:23:10 AM  all    0.51    0.00    4.31    0.00    2.28   11.42    0.00    0.00    0.00   81.47
02:23:10 AM    0    0.00    0.00    0.00    0.00    3.06   45.92    0.00    0.00    0.00   51.02
02:23:10 AM    1    0.00    0.00    3.06    0.00    2.04    0.00    0.00    0.00    0.00   94.90
02:23:10 AM    2    2.00    0.00   10.00    0.00    3.00    0.00    0.00    0.00    0.00   85.00
02:23:10 AM    3    0.00    0.00    4.08    0.00    1.02    0.00    0.00    0.00    0.00   94.90

02:23:10 AM  CPU    %usr   %nice    %sys %iowait    %irq   %soft  %steal  %guest  %gnice   %idle
02:23:11 AM  all    1.03    0.00    2.82    0.00    2.31   11.79    0.00    0.00    0.00   82.05
02:23:11 AM    0    0.00    0.00    1.00    0.00    3.00   46.00    0.00    0.00    0.00   50.00
02:23:11 AM    1    2.02    0.00    3.03    0.00    1.01    0.00    0.00    0.00    0.00   93.94
02:23:11 AM    2    0.00    0.00    6.32    0.00    3.16    0.00    0.00    0.00    0.00   90.53
02:23:11 AM    3    2.08    0.00    1.04    0.00    2.08    0.00    0.00    0.00    0.00   94.79

02:23:11 AM  CPU    %usr   %nice    %sys %iowait    %irq   %soft  %steal  %guest  %gnice   %idle
02:23:12 AM  all    0.77    0.00    3.08    0.00    2.05   11.79    0.00    0.00    0.00   82.31
02:23:12 AM    0    0.00    0.00    0.00    0.00    3.03   46.46    0.00    0.00    0.00   50.51
02:23:12 AM    1    1.01    0.00    4.04    0.00    2.02    0.00    0.00    0.00    0.00   92.93
02:23:12 AM    2    2.08    0.00    6.25    0.00    2.08    0.00    0.00    0.00    0.00   89.58
02:23:12 AM    3    0.00    0.00    2.08    0.00    1.04    0.00    0.00    0.00    0.00   96.88

02:23:12 AM  CPU    %usr   %nice    %sys %iowait    %irq   %soft  %steal  %guest  %gnice   %idle
02:23:13 AM  all    0.00    0.00    3.10    0.00    2.07   11.89    0.00    0.00    0.00   82.95
02:23:13 AM    0    0.00    0.00    0.00    0.00    3.03   46.46    0.00    0.00    0.00   50.51
02:23:13 AM    1    0.00    0.00    4.08    0.00    1.02    0.00    0.00    0.00    0.00   94.90
02:23:13 AM    2    0.00    0.00    6.38    0.00    3.19    0.00    0.00    0.00    0.00   90.43
02:23:13 AM    3    0.00    0.00    2.08    0.00    1.04    0.00    0.00    0.00    0.00   96.88

02:23:13 AM  CPU    %usr   %nice    %sys %iowait    %irq   %soft  %steal  %guest  %gnice   %idle
02:23:14 AM  all    0.76    0.00    3.30    0.00    2.28   11.93    0.00    0.00    0.00   81.73
02:23:14 AM    0    0.00    0.00    0.00    0.00    3.03   46.46    0.00    0.00    0.00   50.51
02:23:14 AM    1    1.02    0.00    3.06    0.00    1.02    0.00    0.00    0.00    0.00   94.90
02:23:14 AM    2    2.04    0.00    7.14    0.00    3.06    0.00    0.00    0.00    0.00   87.76
02:23:14 AM    3    0.00    0.00    3.03    0.00    2.02    1.01    0.00    0.00    0.00   93.94

02:23:14 AM  CPU    %usr   %nice    %sys %iowait    %irq   %soft  %steal  %guest  %gnice   %idle
02:23:15 AM  all    0.77    0.00    2.82    0.00    2.31   11.79    0.00    0.00    0.00   82.31
02:23:15 AM    0    0.00    0.00    0.00    0.00    3.06   46.94    0.00    0.00    0.00   50.00
02:23:15 AM    1    1.02    0.00    3.06    0.00    2.04    0.00    0.00    0.00    0.00   93.88
02:23:15 AM    2    1.02    0.00    5.10    0.00    2.04    0.00    0.00    0.00    0.00   91.84
02:23:15 AM    3    1.04    0.00    3.12    0.00    2.08    0.00    0.00    0.00    0.00   93.75

02:23:15 AM  CPU    %usr   %nice    %sys %iowait    %irq   %soft  %steal  %guest  %gnice   %idle
02:23:16 AM  all    0.51    0.00    3.08    0.00    1.80   11.83    0.00    0.00    0.00   82.78
02:23:16 AM    0    0.00    0.00    0.00    0.00    3.03   46.46    0.00    0.00    0.00   50.51
02:23:16 AM    1    0.00    0.00    4.08    0.00    1.02    0.00    0.00    0.00    0.00   94.90
02:23:16 AM    2    1.05    0.00    6.32    0.00    2.11    0.00    0.00    0.00    0.00   90.53
02:23:16 AM    3    1.03    0.00    2.06    0.00    1.03    0.00    0.00    0.00    0.00   95.88

02:23:16 AM  CPU    %usr   %nice    %sys %iowait    %irq   %soft  %steal  %guest  %gnice   %idle
02:23:17 AM  all    0.77    0.00    4.08    0.00    2.04   11.73    0.00    0.00    0.00   81.38
02:23:17 AM    0    0.00    0.00    1.00    0.00    3.00   46.00    0.00    0.00    0.00   50.00
02:23:17 AM    1    1.02    0.00    3.06    0.00    1.02    0.00    0.00    0.00    0.00   94.90
02:23:17 AM    2    1.05    0.00    6.32    0.00    3.16    0.00    0.00    0.00    0.00   89.47
02:23:17 AM    3    1.01    0.00    6.06    0.00    1.01    0.00    0.00    0.00    0.00   91.92

02:23:17 AM  CPU    %usr   %nice    %sys %iowait    %irq   %soft  %steal  %guest  %gnice   %idle
02:23:18 AM  all    0.26    0.00    3.34    0.00    2.31   11.57    0.00    0.00    0.00   82.52
02:23:18 AM    0    0.00    0.00    0.00    0.00    3.06   45.92    0.00    0.00    0.00   51.02
02:23:18 AM    1    0.00    0.00    0.00    0.00    0.00    0.00    0.00    0.00    0.00  100.00
02:23:18 AM    2    0.00    0.00    7.37    0.00    3.16    0.00    0.00    0.00    0.00   89.47
02:23:18 AM    3    1.04    0.00    6.25    0.00    3.12    0.00    0.00    0.00    0.00   89.58

02:23:18 AM  CPU    %usr   %nice    %sys %iowait    %irq   %soft  %steal  %guest  %gnice   %idle
02:23:19 AM  all    0.77    0.00    3.32    0.26    2.04   11.99    0.00    0.00    0.00   81.63
02:23:19 AM    0    0.00    0.00    1.01    0.00    3.03   47.47    0.00    0.00    0.00   48.48
02:23:19 AM    1    1.02    0.00    4.08    0.00    2.04    0.00    0.00    0.00    0.00   92.86
02:23:19 AM    2    0.00    0.00    2.04    0.00    0.00    0.00    0.00    0.00    0.00   97.96
02:23:19 AM    3    2.06    0.00    6.19    1.03    3.09    0.00    0.00    0.00    0.00   87.63

02:23:19 AM  CPU    %usr   %nice    %sys %iowait    %irq   %soft  %steal  %guest  %gnice   %idle
02:23:20 AM  all    0.52    0.00    2.84    0.00    2.32   11.86    0.00    0.00    0.00   82.47
02:23:20 AM    0    0.00    0.00    2.02    0.00    3.03   46.46    0.00    0.00    0.00   48.48
02:23:20 AM    1    0.00    0.00    1.02    0.00    1.02    0.00    0.00    0.00    0.00   97.96
02:23:20 AM    2    1.03    0.00    3.09    0.00    2.06    0.00    0.00    0.00    0.00   93.81
02:23:20 AM    3    1.06    0.00    5.32    0.00    3.19    0.00    0.00    0.00    0.00   90.43

02:23:20 AM  CPU    %usr   %nice    %sys %iowait    %irq   %soft  %steal  %guest  %gnice   %idle
02:23:21 AM  all    0.77    0.00    3.07    0.00    2.05   11.76    0.00    0.00    0.00   82.35
02:23:21 AM    0    0.00    0.00    0.00    0.00    3.09   47.42    0.00    0.00    0.00   49.48
02:23:21 AM    1    0.00    0.00    3.06    0.00    1.02    0.00    0.00    0.00    0.00   95.92
02:23:21 AM    2    2.00    0.00    4.00    0.00    2.00    0.00    0.00    0.00    0.00   92.00
02:23:21 AM    3    1.04    0.00    5.21    0.00    2.08    0.00    0.00    0.00    0.00   91.67

02:23:21 AM  CPU    %usr   %nice    %sys %iowait    %irq   %soft  %steal  %guest  %gnice   %idle
02:23:22 AM  all    0.26    0.00    2.85    0.00    2.07   11.92    0.00    0.00    0.00   82.90
02:23:22 AM    0    0.00    0.00    0.00    0.00    3.03   46.46    0.00    0.00    0.00   50.51
02:23:22 AM    1    0.00    0.00    2.08    0.00    1.04    0.00    0.00    0.00    0.00   96.88
02:23:22 AM    2    0.00    0.00    3.12    0.00    1.04    0.00    0.00    0.00    0.00   95.83
02:23:22 AM    3    1.05    0.00    6.32    0.00    3.16    0.00    0.00    0.00    0.00   89.47

02:23:22 AM  CPU    %usr   %nice    %sys %iowait    %irq   %soft  %steal  %guest  %gnice   %idle
02:23:23 AM  all    0.26    0.00    2.84    0.00    2.06   12.11    0.00    0.00    0.00   82.73
02:23:23 AM    0    0.00    0.00    0.00    0.00    3.09   47.42    0.00    0.00    0.00   49.48
02:23:23 AM    1    0.00    0.00    2.08    0.00    2.08    0.00    0.00    0.00    0.00   95.83
02:23:23 AM    2    0.00    0.00    5.00    0.00    1.00    1.00    0.00    0.00    0.00   93.00
02:23:23 AM    3    1.05    0.00    4.21    0.00    2.11    0.00    0.00    0.00    0.00   92.63

02:23:23 AM  CPU    %usr   %nice    %sys %iowait    %irq   %soft  %steal  %guest  %gnice   %idle
02:23:24 AM  all    0.51    0.00    3.06    0.00    2.04   12.24    0.00    0.00    0.00   82.14
02:23:24 AM    0    0.00    0.00    1.04    0.00    4.17   50.00    0.00    0.00    0.00   44.79
02:23:24 AM    1    1.01    0.00    4.04    0.00    1.01    0.00    0.00    0.00    0.00   93.94
02:23:24 AM    2    1.01    0.00    3.03    0.00    2.02    0.00    0.00    0.00    0.00   93.94
02:23:24 AM    3    0.00    0.00    4.08    0.00    1.02    0.00    0.00    0.00    0.00   94.90

02:23:24 AM  CPU    %usr   %nice    %sys %iowait    %irq   %soft  %steal  %guest  %gnice   %idle
02:23:25 AM  all    0.77    0.00    3.57    0.00    2.04   11.73    0.00    0.00    0.00   81.89
02:23:25 AM    0    0.00    0.00    2.04    0.00    3.06   46.94    0.00    0.00    0.00   47.96
02:23:25 AM    1    1.00    0.00    4.00    0.00    2.00    0.00    0.00    0.00    0.00   93.00
02:23:25 AM    2    1.01    0.00    4.04    0.00    1.01    0.00    0.00    0.00    0.00   93.94
02:23:25 AM    3    1.05    0.00    4.21    0.00    2.11    0.00    0.00    0.00    0.00   92.63

02:23:25 AM  CPU    %usr   %nice    %sys %iowait    %irq   %soft  %steal  %guest  %gnice   %idle
02:23:26 AM  all    1.01    0.00    3.79    0.00    1.77   11.87    0.00    0.00    0.00   81.57
02:23:26 AM    0    0.00    0.00    1.02    0.00    3.06   47.96    0.00    0.00    0.00   47.96
02:23:26 AM    1    1.01    0.00    4.04    0.00    1.01    0.00    0.00    0.00    0.00   93.94
02:23:26 AM    2    1.98    0.00    4.95    0.00    0.99    0.00    0.00    0.00    0.00   92.08
02:23:26 AM    3    1.02    0.00    5.10    0.00    2.04    0.00    0.00    0.00    0.00   91.84

02:23:26 AM  CPU    %usr   %nice    %sys %iowait    %irq   %soft  %steal  %guest  %gnice   %idle
02:23:27 AM  all    0.77    0.00    3.09    0.00    2.32   11.86    0.00    0.00    0.00   81.96
02:23:27 AM    0    1.01    0.00    0.00    0.00    3.03   46.46    0.00    0.00    0.00   49.49
02:23:27 AM    1    0.00    0.00    3.12    0.00    1.04    0.00    0.00    0.00    0.00   95.83
02:23:27 AM    2    1.01    0.00    4.04    0.00    2.02    0.00    0.00    0.00    0.00   92.93
02:23:27 AM    3    1.06    0.00    5.32    0.00    3.19    0.00    0.00    0.00    0.00   90.43

02:23:27 AM  CPU    %usr   %nice    %sys %iowait    %irq   %soft  %steal  %guest  %gnice   %idle
02:23:28 AM  all    0.76    0.00    3.56    0.00    2.29   11.45    0.00    0.00    0.00   81.93
02:23:28 AM    0    0.00    0.00    0.00    0.00    3.03   45.45    0.00    0.00    0.00   51.52
02:23:28 AM    1    1.00    0.00    4.00    0.00    2.00    0.00    0.00    0.00    0.00   93.00
02:23:28 AM    2    1.03    0.00    3.09    0.00    1.03    0.00    0.00    0.00    0.00   94.85
02:23:28 AM    3    1.03    0.00    7.22    0.00    3.09    0.00    0.00    0.00    0.00   88.66

02:23:28 AM  CPU    %usr   %nice    %sys %iowait    %irq   %soft  %steal  %guest  %gnice   %idle
02:23:29 AM  all    0.52    0.00    2.58    0.00    2.32   11.86    0.00    0.00    0.00   82.73
02:23:29 AM    0    0.00    0.00    0.00    0.00    3.03   46.46    0.00    0.00    0.00   50.51
02:23:29 AM    1    1.04    0.00    3.12    0.00    2.08    0.00    0.00    0.00    0.00   93.75
02:23:29 AM    2    0.00    0.00    3.06    0.00    2.04    0.00    0.00    0.00    0.00   94.90
02:23:29 AM    3    1.05    0.00    4.21    0.00    2.11    0.00    0.00    0.00    0.00   92.63

02:23:29 AM  CPU    %usr   %nice    %sys %iowait    %irq   %soft  %steal  %guest  %gnice   %idle
02:23:30 AM  all    0.00    0.00    3.36    0.00    1.81   11.89    0.00    0.00    0.00   82.95
02:23:30 AM    0    0.00    0.00    0.00    0.00    3.03   46.46    0.00    0.00    0.00   50.51
02:23:30 AM    1    0.00    0.00    7.37    0.00    2.11    0.00    0.00    0.00    0.00   90.53
02:23:30 AM    2    0.00    0.00    3.09    0.00    1.03    0.00    0.00    0.00    0.00   95.88
02:23:30 AM    3    0.00    0.00    3.12    0.00    1.04    0.00    0.00    0.00    0.00   95.83

02:23:30 AM  CPU    %usr   %nice    %sys %iowait    %irq   %soft  %steal  %guest  %gnice   %idle
02:23:31 AM  all    0.51    0.00    3.32    0.00    2.30   11.76    0.00    0.00    0.00   82.10
02:23:31 AM    0    0.00    0.00    0.00    0.00    3.03   46.46    0.00    0.00    0.00   50.51
02:23:31 AM    1    1.06    0.00    5.32    0.00    3.19    0.00    0.00    0.00    0.00   90.43
02:23:31 AM    2    0.00    0.00    5.05    0.00    1.01    0.00    0.00    0.00    0.00   93.94
02:23:31 AM    3    1.01    0.00    3.03    0.00    2.02    0.00    0.00    0.00    0.00   93.94

02:23:31 AM  CPU    %usr   %nice    %sys %iowait    %irq   %soft  %steal  %guest  %gnice   %idle
02:23:32 AM  all    0.51    0.00    3.57    0.00    2.30   11.73    0.00    0.00    0.00   81.89
02:23:32 AM    0    0.00    0.00    0.00    0.00    3.03   46.46    0.00    0.00    0.00   50.51
02:23:32 AM    1    2.06    0.00    6.19    0.00    3.09    0.00    0.00    0.00    0.00   88.66
02:23:32 AM    2    0.00    0.00    4.08    0.00    2.04    0.00    0.00    0.00    0.00   93.88
02:23:32 AM    3    0.00    0.00    4.08    0.00    1.02    0.00    0.00    0.00    0.00   94.90

02:23:32 AM  CPU    %usr   %nice    %sys %iowait    %irq   %soft  %steal  %guest  %gnice   %idle
02:23:33 AM  all    0.51    0.00    3.84    0.00    2.05   11.76    0.00    0.00    0.00   81.84
02:23:33 AM    0    0.00    0.00    1.02    0.00    3.06   46.94    0.00    0.00    0.00   48.98
02:23:33 AM    1    1.00    0.00    5.00    0.00    1.00    0.00    0.00    0.00    0.00   93.00
02:23:33 AM    2    1.03    0.00    7.22    0.00    2.06    0.00    0.00    0.00    0.00   89.69
02:23:33 AM    3    0.00    0.00    2.08    0.00    2.08    0.00    0.00    0.00    0.00   95.83

02:23:33 AM  CPU    %usr   %nice    %sys %iowait    %irq   %soft  %steal  %guest  %gnice   %idle
02:23:34 AM  all    0.76    0.00    4.29    0.00    2.02   11.62    0.00    0.00    0.00   81.31
02:23:34 AM    0    1.00    0.00    0.00    0.00    3.00   46.00    0.00    0.00    0.00   50.00
02:23:34 AM    1    0.00    0.00    4.08    0.00    1.02    0.00    0.00    0.00    0.00   94.90
02:23:34 AM    2    1.01    0.00    9.09    0.00    3.03    0.00    0.00    0.00    0.00   86.87
02:23:34 AM    3    1.01    0.00    4.04    0.00    1.01    0.00    0.00    0.00    0.00   93.94

02:23:34 AM  CPU    %usr   %nice    %sys %iowait    %irq   %soft  %steal  %guest  %gnice   %idle
02:23:35 AM  all    0.51    0.00    3.08    0.00    2.31   11.83    0.00    0.00    0.00   82.26
02:23:35 AM    0    0.00    0.00    0.00    0.00    3.03   46.46    0.00    0.00    0.00   50.51
02:23:35 AM    1    1.01    0.00    3.03    0.00    2.02    0.00    0.00    0.00    0.00   93.94
02:23:35 AM    2    1.05    0.00    6.32    0.00    3.16    0.00    0.00    0.00    0.00   89.47
02:23:35 AM    3    0.00    0.00    3.12    0.00    1.04    0.00    0.00    0.00    0.00   95.83

02:23:35 AM  CPU    %usr   %nice    %sys %iowait    %irq   %soft  %steal  %guest  %gnice   %idle
02:23:36 AM  all    0.51    0.00    2.82    0.00    2.05   11.79    0.00    0.00    0.00   82.82
02:23:36 AM    0    0.00    0.00    0.00    0.00    3.09   47.42    0.00    0.00    0.00   49.48
02:23:36 AM    1    0.00    0.00    3.09    0.00    1.03    0.00    0.00    0.00    0.00   95.88
02:23:36 AM    2    1.03    0.00    4.12    0.00    2.06    0.00    0.00    0.00    0.00   92.78
02:23:36 AM    3    1.01    0.00    4.04    0.00    2.02    0.00    0.00    0.00    0.00   92.93

02:23:36 AM  CPU    %usr   %nice    %sys %iowait    %irq   %soft  %steal  %guest  %gnice   %idle
02:23:37 AM  all    1.02    0.00    2.81    0.00    1.79   12.02    0.00    0.00    0.00   82.35
02:23:37 AM    0    0.00    0.00    1.00    0.00    3.00   47.00    0.00    0.00    0.00   49.00
02:23:37 AM    1    1.02    0.00    3.06    0.00    1.02    0.00    0.00    0.00    0.00   94.90
02:23:37 AM    2    0.00    0.00    5.32    0.00    2.13    0.00    0.00    0.00    0.00   92.55
02:23:37 AM    3    3.03    0.00    2.02    0.00    1.01    0.00    0.00    0.00    0.00   93.94

02:23:37 AM  CPU    %usr   %nice    %sys %iowait    %irq   %soft  %steal  %guest  %gnice   %idle
02:23:38 AM  all    0.26    0.00    3.84    0.00    2.30   12.02    0.00    0.00    0.00   81.59
02:23:38 AM    0    0.00    0.00    2.13    0.00    3.19   50.00    0.00    0.00    0.00   44.68
02:23:38 AM    1    0.00    0.00    3.09    0.00    2.06    0.00    0.00    0.00    0.00   94.85
02:23:38 AM    2    0.98    0.00    5.88    0.00    1.96    0.00    0.00    0.00    0.00   91.18
02:23:38 AM    3    0.00    0.00    4.08    0.00    2.04    0.00    0.00    0.00    0.00   93.88

02:23:38 AM  CPU    %usr   %nice    %sys %iowait    %irq   %soft  %steal  %guest  %gnice   %idle
02:23:39 AM  all    1.00    0.00    4.51    0.00    1.75   12.03    0.00    0.00    0.00   80.70
02:23:39 AM    0    0.00    0.00    1.04    0.00    4.17   50.00    0.00    0.00    0.00   44.79
02:23:39 AM    1    1.02    0.00    3.06    0.00    1.02    0.00    0.00    0.00    0.00   94.90
02:23:39 AM    2    0.99    0.00    5.94    0.00    0.99    0.00    0.00    0.00    0.00   92.08
02:23:39 AM    3    1.92    0.00    7.69    0.00    0.96    0.00    0.00    0.00    0.00   89.42

02:23:39 AM  CPU    %usr   %nice    %sys %iowait    %irq   %soft  %steal  %guest  %gnice   %idle
02:23:40 AM  all    1.02    0.00    3.05    0.00    1.78   12.21    0.00    0.00    0.00   81.93
02:23:40 AM    0    1.04    0.00    2.08    0.00    3.12   48.96    0.00    0.00    0.00   44.79
02:23:40 AM    1    0.00    0.00    0.00    0.00    0.00    1.00    0.00    0.00    0.00   99.00
02:23:40 AM    2    1.02    0.00    4.08    0.00    1.02    0.00    0.00    0.00    0.00   93.88
02:23:40 AM    3    2.02    0.00    6.06    0.00    3.03    0.00    0.00    0.00    0.00   88.89

02:23:40 AM  CPU    %usr   %nice    %sys %iowait    %irq   %soft  %steal  %guest  %gnice   %idle
02:23:41 AM  all    0.51    0.00    3.34    0.00    2.06   11.83    0.00    0.00    0.00   82.26
02:23:41 AM    0    0.00    0.00    0.00    0.00    3.06   46.94    0.00    0.00    0.00   50.00
02:23:41 AM    1    0.00    0.00    0.00    0.00    0.00    0.00    0.00    0.00    0.00  100.00
02:23:41 AM    2    1.02    0.00    2.04    0.00    2.04    0.00    0.00    0.00    0.00   94.90
02:23:41 AM    3    1.08    0.00   11.83    0.00    3.23    0.00    0.00    0.00    0.00   83.87

02:23:41 AM  CPU    %usr   %nice    %sys %iowait    %irq   %soft  %steal  %guest  %gnice   %idle
02:23:42 AM  all    1.02    0.00    3.82    0.00    2.04   11.70    0.00    0.00    0.00   81.42
02:23:42 AM    0    0.00    0.00    1.01    0.00    3.03   46.46    0.00    0.00    0.00   49.49
02:23:42 AM    1    0.00    0.00    1.00    0.00    0.00    0.00    0.00    0.00    0.00   99.00
02:23:42 AM    2    0.00    0.00    3.09    0.00    1.03    0.00    0.00    0.00    0.00   95.88
02:23:42 AM    3    4.12    0.00   10.31    0.00    4.12    0.00    0.00    0.00    0.00   81.44

02:23:42 AM  CPU    %usr   %nice    %sys %iowait    %irq   %soft  %steal  %guest  %gnice   %idle
02:23:43 AM  all    0.77    0.00    3.57    0.00    2.04   11.73    0.00    0.00    0.00   81.89
02:23:43 AM    0    0.00    0.00    1.01    0.00    3.03   46.46    0.00    0.00    0.00   49.49
02:23:43 AM    1    0.00    0.00    0.00    0.00    0.00    0.00    0.00    0.00    0.00  100.00
02:23:43 AM    2    1.02    0.00    4.08    0.00    1.02    0.00    0.00    0.00    0.00   93.88
02:23:43 AM    3    2.11    0.00    9.47    0.00    4.21    0.00    0.00    0.00    0.00   84.21

02:23:43 AM  CPU    %usr   %nice    %sys %iowait    %irq   %soft  %steal  %guest  %gnice   %idle
02:23:44 AM  all    0.51    0.00    3.08    0.00    2.31   11.83    0.00    0.00    0.00   82.26
02:23:44 AM    0    0.00    0.00    0.00    0.00    3.03   46.46    0.00    0.00    0.00   50.51
02:23:44 AM    1    0.00    0.00    0.00    0.00    0.00    0.00    0.00    0.00    0.00  100.00
02:23:44 AM    2    0.00    0.00    3.09    0.00    2.06    0.00    0.00    0.00    0.00   94.85
02:23:44 AM    3    2.15    0.00    9.68    0.00    4.30    0.00    0.00    0.00    0.00   83.87

02:23:44 AM  CPU    %usr   %nice    %sys %iowait    %irq   %soft  %steal  %guest  %gnice   %idle
02:23:45 AM  all    0.26    0.00    3.09    0.00    2.06   11.86    0.00    0.00    0.00   82.73
02:23:45 AM    0    0.00    0.00    0.00    0.00    3.03   46.46    0.00    0.00    0.00   50.51
02:23:45 AM    1    0.00    0.00    0.00    0.00    0.00    0.00    0.00    0.00    0.00  100.00
02:23:45 AM    2    0.00    0.00    3.09    0.00    1.03    0.00    0.00    0.00    0.00   95.88
02:23:45 AM    3    1.09    0.00    9.78    0.00    4.35    0.00    0.00    0.00    0.00   84.78

02:23:45 AM  CPU    %usr   %nice    %sys %iowait    %irq   %soft  %steal  %guest  %gnice   %idle
02:23:46 AM  all    0.26    0.00    2.84    0.00    2.33   11.63    0.00    0.00    0.00   82.95
02:23:46 AM    0    0.00    0.00    0.00    0.00    3.06   45.92    0.00    0.00    0.00   51.02
02:23:46 AM    1    0.00    0.00    0.00    0.00    0.00    0.00    0.00    0.00    0.00  100.00
02:23:46 AM    2    0.00    0.00    4.04    0.00    2.02    0.00    0.00    0.00    0.00   93.94
02:23:46 AM    3    1.11    0.00    7.78    0.00    4.44    0.00    0.00    0.00    0.00   86.67

02:23:46 AM  CPU    %usr   %nice    %sys %iowait    %irq   %soft  %steal  %guest  %gnice   %idle
02:23:47 AM  all    0.76    0.00    4.07    0.00    2.04   11.70    0.00    0.00    0.00   81.42
02:23:47 AM    0    0.00    0.00    0.00    0.00    3.03   46.46    0.00    0.00    0.00   50.51
02:23:47 AM    1    0.00    0.00    0.00    0.00    0.00    0.00    0.00    0.00    0.00  100.00
02:23:47 AM    2    0.00    0.00    3.12    0.00    1.04    0.00    0.00    0.00    0.00   95.83
02:23:47 AM    3    3.06    0.00   13.27    0.00    4.08    0.00    0.00    0.00    0.00   79.59

02:23:47 AM  CPU    %usr   %nice    %sys %iowait    %irq   %soft  %steal  %guest  %gnice   %idle
02:23:48 AM  all    1.02    0.00    2.81    0.00    2.04   11.73    0.00    0.00    0.00   82.40
02:23:48 AM    0    0.00    0.00    0.00    0.00    3.00   46.00    0.00    0.00    0.00   51.00
02:23:48 AM    1    0.00    0.00    0.00    0.00    0.00    0.00    0.00    0.00    0.00  100.00
02:23:48 AM    2    1.01    0.00    4.04    0.00    1.01    0.00    0.00    0.00    0.00   93.94
02:23:48 AM    3    3.23    0.00    7.53    0.00    4.30    0.00    0.00    0.00    0.00   84.95

02:23:48 AM  CPU    %usr   %nice    %sys %iowait    %irq   %soft  %steal  %guest  %gnice   %idle
02:23:49 AM  all    0.77    0.00    3.08    0.00    2.31   11.79    0.00    0.00    0.00   82.05
02:23:49 AM    0    0.00    0.00    0.00    0.00    3.09   47.42    0.00    0.00    0.00   49.48
02:23:49 AM    1    0.00    0.00    2.00    0.00    1.00    0.00    0.00    0.00    0.00   97.00
02:23:49 AM    2    1.01    0.00    2.02    0.00    1.01    0.00    0.00    0.00    0.00   95.96
02:23:49 AM    3    2.13    0.00    8.51    0.00    4.26    0.00    0.00    0.00    0.00   85.11

02:23:49 AM  CPU    %usr   %nice    %sys %iowait    %irq   %soft  %steal  %guest  %gnice   %idle
02:23:50 AM  all    0.51    0.00    2.82    0.00    2.05   11.79    0.00    0.00    0.00   82.82
02:23:50 AM    0    0.00    0.00    0.00    0.00    3.03   46.46    0.00    0.00    0.00   50.51
02:23:50 AM    1    0.00    0.00    5.32    0.00    3.19    0.00    0.00    0.00    0.00   91.49
02:23:50 AM    2    0.00    0.00    2.06    0.00    1.03    0.00    0.00    0.00    0.00   96.91
02:23:50 AM    3    2.00    0.00    4.00    0.00    1.00    0.00    0.00    0.00    0.00   93.00

02:23:50 AM  CPU    %usr   %nice    %sys %iowait    %irq   %soft  %steal  %guest  %gnice   %idle
02:23:51 AM  all    0.77    0.00    3.06    0.00    2.30   11.73    0.00    0.00    0.00   82.14
02:23:51 AM    0    0.00    0.00    0.00    0.00    3.03   46.46    0.00    0.00    0.00   50.51
02:23:51 AM    1    1.04    0.00    7.29    0.00    2.08    0.00    0.00    0.00    0.00   89.58
02:23:51 AM    2    1.02    0.00    2.04    0.00    2.04    0.00    0.00    0.00    0.00   94.90
02:23:51 AM    3    1.01    0.00    3.03    0.00    2.02    0.00    0.00    0.00    0.00   93.94

02:23:51 AM  CPU    %usr   %nice    %sys %iowait    %irq   %soft  %steal  %guest  %gnice   %idle
02:23:52 AM  all    1.28    0.00    3.57    0.00    2.04   11.73    0.00    0.00    0.00   81.38
02:23:52 AM    0    0.00    0.00    1.01    0.00    3.03   46.46    0.00    0.00    0.00   49.49
02:23:52 AM    1    3.09    0.00    5.15    0.00    3.09    0.00    0.00    0.00    0.00   88.66
02:23:52 AM    2    1.02    0.00    4.08    0.00    1.02    0.00    0.00    0.00    0.00   93.88
02:23:52 AM    3    1.02    0.00    4.08    0.00    1.02    0.00    0.00    0.00    0.00   93.88

02:23:52 AM  CPU    %usr   %nice    %sys %iowait    %irq   %soft  %steal  %guest  %gnice   %idle
02:23:53 AM  all    0.77    0.00    2.31    0.00    2.31   11.83    0.00    0.00    0.00   82.78
02:23:53 AM    0    0.00    0.00    0.00    0.00    3.03   46.46    0.00    0.00    0.00   50.51
02:23:53 AM    1    1.03    0.00    2.06    0.00    1.03    0.00    0.00    0.00    0.00   95.88
02:23:53 AM    2    0.00    0.00    2.06    0.00    2.06    0.00    0.00    0.00    0.00   95.88
02:23:53 AM    3    2.08    0.00    5.21    0.00    3.12    0.00    0.00    0.00    0.00   89.58

02:23:53 AM  CPU    %usr   %nice    %sys %iowait    %irq   %soft  %steal  %guest  %gnice   %idle
02:23:54 AM  all    0.25    0.00    4.33    0.00    1.78   11.70    0.00    0.00    0.00   81.93
02:23:54 AM    0    0.00    0.00    0.00    0.00    3.03   46.46    0.00    0.00    0.00   50.51
02:23:54 AM    1    0.00    0.00    4.08    0.00    1.02    0.00    0.00    0.00    0.00   94.90
02:23:54 AM    2    0.00    0.00    5.05    0.00    1.01    0.00    0.00    0.00    0.00   93.94
02:23:54 AM    3    1.03    0.00    8.25    0.00    2.06    0.00    0.00    0.00    0.00   88.66

02:23:54 AM  CPU    %usr   %nice    %sys %iowait    %irq   %soft  %steal  %guest  %gnice   %idle
02:23:55 AM  all    0.51    0.00    3.07    0.00    2.30   11.76    0.00    0.00    0.00   82.35
02:23:55 AM    0    0.00    0.00    0.00    0.00    3.06   45.92    0.00    0.00    0.00   51.02
02:23:55 AM    1    1.01    0.00    3.03    0.00    2.02    0.00    0.00    0.00    0.00   93.94
02:23:55 AM    2    0.00    0.00    3.09    0.00    1.03    0.00    0.00    0.00    0.00   95.88
02:23:55 AM    3    1.03    0.00    6.19    0.00    3.09    1.03    0.00    0.00    0.00   88.66

02:23:55 AM  CPU    %usr   %nice    %sys %iowait    %irq   %soft  %steal  %guest  %gnice   %idle
02:23:56 AM  all    0.26    0.00    3.08    0.00    2.31   12.05    0.00    0.00    0.00   82.31
02:23:56 AM    0    0.00    0.00    0.00    0.00    3.06   47.96    0.00    0.00    0.00   48.98
02:23:56 AM    1    0.00    0.00    4.12    0.00    2.06    0.00    0.00    0.00    0.00   93.81
02:23:56 AM    2    1.00    0.00    4.00    0.00    2.00    0.00    0.00    0.00    0.00   93.00
02:23:56 AM    3    0.00    0.00    4.21    0.00    2.11    0.00    0.00    0.00    0.00   93.68

02:23:56 AM  CPU    %usr   %nice    %sys %iowait    %irq   %soft  %steal  %guest  %gnice   %idle
02:23:57 AM  all    0.77    0.00    2.81    0.00    2.05   11.76    0.00    0.00    0.00   82.61
02:23:57 AM    0    0.00    0.00    0.00    0.00    3.00   46.00    0.00    0.00    0.00   51.00
02:23:57 AM    1    0.00    0.00    3.09    0.00    1.03    0.00    0.00    0.00    0.00   95.88
02:23:57 AM    2    0.00    0.00    3.09    0.00    1.03    0.00    0.00    0.00    0.00   95.88
02:23:57 AM    3    3.09    0.00    5.15    0.00    3.09    0.00    0.00    0.00    0.00   88.66

02:23:57 AM  CPU    %usr   %nice    %sys %iowait    %irq   %soft  %steal  %guest  %gnice   %idle
02:23:58 AM  all    0.26    0.00    4.59    0.00    2.04   11.48    0.00    0.00    0.00   81.63
02:23:58 AM    0    0.00    0.00    0.00    0.00    3.06   45.92    0.00    0.00    0.00   51.02
02:23:58 AM    1    0.00    0.00    3.12    0.00    1.04    0.00    0.00    0.00    0.00   95.83
02:23:58 AM    2    0.00    0.00    5.05    0.00    2.02    0.00    0.00    0.00    0.00   92.93
02:23:58 AM    3    1.01    0.00   10.10    0.00    2.02    0.00    0.00    0.00    0.00   86.87

02:23:58 AM  CPU    %usr   %nice    %sys %iowait    %irq   %soft  %steal  %guest  %gnice   %idle
02:23:59 AM  all    0.26    0.00    3.08    0.00    2.31   11.83    0.00    0.00    0.00   82.52
02:23:59 AM    0    0.00    0.00    0.00    0.00    3.03   46.46    0.00    0.00    0.00   50.51
02:23:59 AM    1    0.00    0.00    4.04    0.00    2.02    0.00    0.00    0.00    0.00   93.94
02:23:59 AM    2    0.00    0.00    2.08    0.00    1.04    0.00    0.00    0.00    0.00   96.88
02:23:59 AM    3    1.05    0.00    6.32    0.00    3.16    0.00    0.00    0.00    0.00   89.47

02:23:59 AM  CPU    %usr   %nice    %sys %iowait    %irq   %soft  %steal  %guest  %gnice   %idle
02:24:00 AM  all    0.77    0.00    2.82    0.00    2.05   11.79    0.00    0.00    0.00   82.56
02:24:00 AM    0    0.00    0.00    0.00    0.00    3.03   46.46    0.00    0.00    0.00   50.51
02:24:00 AM    1    0.00    0.00    2.08    0.00    1.04    0.00    0.00    0.00    0.00   96.88
02:24:00 AM    2    1.02    0.00    3.06    0.00    1.02    0.00    0.00    0.00    0.00   94.90
02:24:00 AM    3    2.06    0.00    6.19    0.00    3.09    0.00    0.00    0.00    0.00   88.66

02:24:00 AM  CPU    %usr   %nice    %sys %iowait    %irq   %soft  %steal  %guest  %gnice   %idle
02:24:01 AM  all    1.52    0.00    3.54    0.00    2.53   11.65    0.00    0.00    0.00   80.76
02:24:01 AM    0    0.99    0.00    0.00    0.00    3.96   45.54    0.00    0.00    0.00   49.50
02:24:01 AM    1    3.06    0.00    7.14    0.00    3.06    0.00    0.00    0.00    0.00   86.73
02:24:01 AM    2    1.02    0.00    3.06    0.00    2.04    0.00    0.00    0.00    0.00   93.88
02:24:01 AM    3    1.02    0.00    4.08    0.00    1.02    0.00    0.00    0.00    0.00   93.88

02:24:01 AM  CPU    %usr   %nice    %sys %iowait    %irq   %soft  %steal  %guest  %gnice   %idle
02:24:02 AM  all    0.77    0.00    3.32    0.00    2.04   11.73    0.00    0.00    0.00   82.14
02:24:02 AM    0    0.00    0.00    0.00    0.00    3.03   46.46    0.00    0.00    0.00   50.51
02:24:02 AM    1    2.08    0.00    6.25    0.00    2.08    0.00    0.00    0.00    0.00   89.58
02:24:02 AM    2    1.01    0.00    4.04    0.00    1.01    0.00    0.00    0.00    0.00   93.94
02:24:02 AM    3    0.00    0.00    3.06    0.00    2.04    0.00    0.00    0.00    0.00   94.90

02:24:02 AM  CPU    %usr   %nice    %sys %iowait    %irq   %soft  %steal  %guest  %gnice   %idle
02:24:03 AM  all    1.02    0.00    3.55    0.00    2.03   11.68    0.00    0.00    0.00   81.73
02:24:03 AM    0    0.00    0.00    0.00    0.00    3.03   46.46    0.00    0.00    0.00   50.51
02:24:03 AM    1    2.04    0.00    7.14    0.00    3.06    0.00    0.00    0.00    0.00   87.76
02:24:03 AM    2    1.03    0.00    2.06    0.00    1.03    0.00    0.00    0.00    0.00   95.88
02:24:03 AM    3    1.00    0.00    5.00    0.00    1.00    0.00    0.00    0.00    0.00   93.00

02:24:03 AM  CPU    %usr   %nice    %sys %iowait    %irq   %soft  %steal  %guest  %gnice   %idle
02:24:04 AM  all    0.51    0.00    2.57    0.00    2.31   11.83    0.00    0.00    0.00   82.78
02:24:04 AM    0    0.00    0.00    0.00    0.00    3.03   46.46    0.00    0.00    0.00   50.51
02:24:04 AM    1    1.05    0.00    5.26    0.00    3.16    0.00    0.00    0.00    0.00   90.53
02:24:04 AM    2    0.00    0.00    3.06    0.00    2.04    0.00    0.00    0.00    0.00   94.90
02:24:04 AM    3    1.03    0.00    2.06    0.00    1.03    0.00    0.00    0.00    0.00   95.88

02:24:04 AM  CPU    %usr   %nice    %sys %iowait    %irq   %soft  %steal  %guest  %gnice   %idle
02:24:05 AM  all    0.25    0.00    3.81    0.00    2.03   11.93    0.00    0.00    0.00   81.98
02:24:05 AM    0    0.00    0.00    0.00    0.00    3.00   46.00    0.00    0.00    0.00   51.00
02:24:05 AM    1    0.00    0.00    8.33    0.00    2.08    0.00    0.00    0.00    0.00   89.58
02:24:05 AM    2    1.00    0.00    4.00    0.00    1.00    1.00    0.00    0.00    0.00   93.00
02:24:05 AM    3    0.00    0.00    3.06    0.00    2.04    0.00    0.00    0.00    0.00   94.90

02:24:05 AM  CPU    %usr   %nice    %sys %iowait    %irq   %soft  %steal  %guest  %gnice   %idle
02:24:06 AM  all    0.77    0.00    2.82    0.00    2.31   11.79    0.00    0.00    0.00   82.31
02:24:06 AM    0    0.00    0.00    0.00    0.00    3.03   46.46    0.00    0.00    0.00   50.51
02:24:06 AM    1    1.05    0.00    5.26    0.00    3.16    0.00    0.00    0.00    0.00   90.53
02:24:06 AM    2    1.02    0.00    2.04    0.00    2.04    0.00    0.00    0.00    0.00   94.90
02:24:06 AM    3    1.02    0.00    4.08    0.00    1.02    0.00    0.00    0.00    0.00   93.88

02:24:06 AM  CPU    %usr   %nice    %sys %iowait    %irq   %soft  %steal  %guest  %gnice   %idle
02:24:07 AM  all    0.00    0.00    3.61    0.00    2.06   11.86    0.00    0.00    0.00   82.47
02:24:07 AM    0    0.00    0.00    2.00    0.00    3.00   46.00    0.00    0.00    0.00   49.00
02:24:07 AM    1    0.00    0.00    5.26    0.00    2.11    0.00    0.00    0.00    0.00   92.63
02:24:07 AM    2    0.00    0.00    4.12    0.00    1.03    0.00    0.00    0.00    0.00   94.85
02:24:07 AM    3    0.00    0.00    3.12    0.00    2.08    0.00    0.00    0.00    0.00   94.79

02:24:07 AM  CPU    %usr   %nice    %sys %iowait    %irq   %soft  %steal  %guest  %gnice   %idle
02:24:08 AM  all    0.51    0.00    3.33    0.00    2.31   11.79    0.00    0.00    0.00   82.05
02:24:08 AM    0    0.00    0.00    0.00    0.00    3.03   46.46    0.00    0.00    0.00   50.51
02:24:08 AM    1    1.01    0.00    4.04    0.00    2.02    0.00    0.00    0.00    0.00   92.93
02:24:08 AM    2    0.00    0.00    3.09    0.00    1.03    0.00    0.00    0.00    0.00   95.88
02:24:08 AM    3    1.05    0.00    6.32    0.00    3.16    0.00    0.00    0.00    0.00   89.47

02:24:08 AM  CPU    %usr   %nice    %sys %iowait    %irq   %soft  %steal  %guest  %gnice   %idle
02:24:09 AM  all    0.77    0.00    3.08    0.00    2.05   11.79    0.00    0.00    0.00   82.31
02:24:09 AM    0    0.00    0.00    0.00    0.00    3.03   46.46    0.00    0.00    0.00   50.51
02:24:09 AM    1    0.00    0.00    2.08    0.00    1.04    0.00    0.00    0.00    0.00   96.88
02:24:09 AM    2    1.01    0.00    4.04    0.00    2.02    0.00    0.00    0.00    0.00   92.93
02:24:09 AM    3    2.08    0.00    6.25    0.00    2.08    0.00    0.00    0.00    0.00   89.58

02:24:09 AM  CPU    %usr   %nice    %sys %iowait    %irq   %soft  %steal  %guest  %gnice   %idle
02:24:10 AM  all    0.76    0.00    4.05    0.00    2.28   11.65    0.00    0.00    0.00   81.27
02:24:10 AM    0    0.00    0.00    0.00    0.00    3.06   46.94    0.00    0.00    0.00   50.00
02:24:10 AM    1    1.00    0.00    6.00    0.00    2.00    0.00    0.00    0.00    0.00   91.00
02:24:10 AM    2    0.00    0.00    4.08    0.00    1.02    0.00    0.00    0.00    0.00   94.90
02:24:10 AM    3    2.02    0.00    6.06    0.00    3.03    0.00    0.00    0.00    0.00   88.89

02:24:10 AM  CPU    %usr   %nice    %sys %iowait    %irq   %soft  %steal  %guest  %gnice   %idle
02:24:11 AM  all    0.51    0.00    3.33    0.00    2.05   11.79    0.00    0.00    0.00   82.31
02:24:11 AM    0    0.00    0.00    1.01    0.00    3.03   46.46    0.00    0.00    0.00   49.49
02:24:11 AM    1    1.06    0.00   10.64    0.00    3.19    0.00    0.00    0.00    0.00   85.11
02:24:11 AM    2    1.02    0.00    2.04    0.00    2.04    0.00    0.00    0.00    0.00   94.90
02:24:11 AM    3    0.00    0.00    0.00    0.00    0.00    0.00    0.00    0.00    0.00  100.00

02:24:11 AM  CPU    %usr   %nice    %sys %iowait    %irq   %soft  %steal  %guest  %gnice   %idle
02:24:12 AM  all    0.51    0.00    3.59    0.00    2.05   11.79    0.00    0.00    0.00   82.05
02:24:12 AM    0    0.00    0.00    0.00    0.00    3.03   46.46    0.00    0.00    0.00   50.51
02:24:12 AM    1    2.11    0.00    8.42    0.00    3.16    0.00    0.00    0.00    0.00   86.32
02:24:12 AM    2    0.00    0.00    4.12    0.00    1.03    0.00    0.00    0.00    0.00   94.85
02:24:12 AM    3    0.00    0.00    2.02    0.00    1.01    0.00    0.00    0.00    0.00   96.97

02:24:12 AM  CPU    %usr   %nice    %sys %iowait    %irq   %soft  %steal  %guest  %gnice   %idle
02:24:13 AM  all    0.76    0.00    4.06    0.00    2.03   11.68    0.00    0.00    0.00   81.47
02:24:13 AM    0    0.00    0.00    1.02    0.00    3.06   46.94    0.00    0.00    0.00   48.98
02:24:13 AM    1    1.03    0.00    9.28    0.00    4.12    0.00    0.00    0.00    0.00   85.57
02:24:13 AM    2    2.00    0.00    4.00    0.00    1.00    0.00    0.00    0.00    0.00   93.00
02:24:13 AM    3    0.00    0.00    2.02    0.00    0.00    0.00    0.00    0.00    0.00   97.98

02:24:13 AM  CPU    %usr   %nice    %sys %iowait    %irq   %soft  %steal  %guest  %gnice   %idle
02:24:14 AM  all    0.51    0.00    3.32    0.00    2.30   11.73    0.00    0.00    0.00   82.14
02:24:14 AM    0    0.00    0.00    0.00    0.00    3.00   46.00    0.00    0.00    0.00   51.00
02:24:14 AM    1    2.15    0.00    9.68    0.00    4.30    0.00    0.00    0.00    0.00   83.87
02:24:14 AM    2    0.00    0.00    4.04    0.00    2.02    0.00    0.00    0.00    0.00   93.94
02:24:14 AM    3    0.00    0.00    0.00    0.00    0.00    0.00    0.00    0.00    0.00  100.00

02:24:14 AM  CPU    %usr   %nice    %sys %iowait    %irq   %soft  %steal  %guest  %gnice   %idle
02:24:15 AM  all    0.77    0.00    3.07    0.00    2.05   11.76    0.00    0.00    0.00   82.35
02:24:15 AM    0    0.00    0.00    0.00    0.00    3.03   46.46    0.00    0.00    0.00   50.51
02:24:15 AM    1    1.08    0.00    9.68    0.00    4.30    0.00    0.00    0.00    0.00   84.95
02:24:15 AM    2    2.02    0.00    3.03    0.00    1.01    0.00    0.00    0.00    0.00   93.94
02:24:15 AM    3    0.00    0.00    0.00    0.00    0.00    0.00    0.00    0.00    0.00  100.00

02:24:15 AM  CPU    %usr   %nice    %sys %iowait    %irq   %soft  %steal  %guest  %gnice   %idle
02:24:16 AM  all    1.02    0.00    3.57    0.00    2.04   11.73    0.00    0.00    0.00   81.63
02:24:16 AM    0    0.00    0.00    0.00    0.00    3.09   47.42    0.00    0.00    0.00   49.48
02:24:16 AM    1    2.02    0.00    6.06    0.00    1.01    0.00    0.00    0.00    0.00   90.91
02:24:16 AM    2    0.00    0.00    3.09    0.00    2.06    0.00    0.00    0.00    0.00   94.85
02:24:16 AM    3    2.02    0.00    5.05    0.00    2.02    0.00    0.00    0.00    0.00   90.91

02:24:16 AM  CPU    %usr   %nice    %sys %iowait    %irq   %soft  %steal  %guest  %gnice   %idle
02:24:17 AM  all    0.76    0.00    3.55    0.00    1.78   12.44    0.00    0.00    0.00   81.47
02:24:17 AM    0    0.00    0.00    3.16    0.00    3.16   50.53    0.00    0.00    0.00   43.16
02:24:17 AM    1    1.00    0.00    3.00    0.00    2.00    1.00    0.00    0.00    0.00   93.00
02:24:17 AM    2    1.98    0.00    4.95    0.00    0.99    0.00    0.00    0.00    0.00   92.08
02:24:17 AM    3    0.00    0.00    3.06    0.00    1.02    0.00    0.00    0.00    0.00   95.92

02:24:17 AM  CPU    %usr   %nice    %sys %iowait    %irq   %soft  %steal  %guest  %gnice   %idle
02:24:18 AM  all    0.26    0.00    3.08    0.00    2.05   11.79    0.00    0.00    0.00   82.82
02:24:18 AM    0    0.00    0.00    1.01    0.00    3.03   46.46    0.00    0.00    0.00   49.49
02:24:18 AM    1    1.00    0.00    7.00    0.00    2.00    0.00    0.00    0.00    0.00   90.00
02:24:18 AM    2    0.00    0.00    2.08    0.00    1.04    0.00    0.00    0.00    0.00   96.88
02:24:18 AM    3    0.00    0.00    2.11    0.00    2.11    0.00    0.00    0.00    0.00   95.79

02:24:18 AM  CPU    %usr   %nice    %sys %iowait    %irq   %soft  %steal  %guest  %gnice   %idle
02:24:19 AM  all    1.02    0.00    3.56    0.00    2.04   11.70    0.00    0.00    0.00   81.68
02:24:19 AM    0    0.00    0.00    0.00    0.00    3.03   46.46    0.00    0.00    0.00   50.51
02:24:19 AM    1    2.08    0.00    7.29    0.00    2.08    0.00    0.00    0.00    0.00   88.54
02:24:19 AM    2    1.01    0.00    3.03    0.00    2.02    0.00    0.00    0.00    0.00   93.94
02:24:19 AM    3    1.01    0.00    4.04    0.00    1.01    0.00    0.00    0.00    0.00   93.94

02:24:19 AM  CPU    %usr   %nice    %sys %iowait    %irq   %soft  %steal  %guest  %gnice   %idle
02:24:20 AM  all    0.50    0.00    4.53    0.00    2.02   11.84    0.00    0.00    0.00   81.11
02:24:20 AM    0    0.00    0.00    1.06    0.00    3.19   50.00    0.00    0.00    0.00   45.74
02:24:20 AM    1    0.00    0.00    5.00    0.00    2.00    0.00    0.00    0.00    0.00   93.00
02:24:20 AM    2    0.99    0.00    5.94    0.00    0.99    0.00    0.00    0.00    0.00   92.08
02:24:20 AM    3    0.98    0.00    5.88    0.00    1.96    0.00    0.00    0.00    0.00   91.18

02:24:20 AM  CPU    %usr   %nice    %sys %iowait    %irq   %soft  %steal  %guest  %gnice   %idle
02:24:21 AM  all    1.01    0.00    4.05    0.00    2.28   11.90    0.00    0.00    0.00   80.76
02:24:21 AM    0    0.00    0.00    1.00    0.00    4.00   47.00    0.00    0.00    0.00   48.00
02:24:21 AM    1    2.04    0.00    7.14    0.00    2.04    0.00    0.00    0.00    0.00   88.78
02:24:21 AM    2    1.01    0.00    4.04    0.00    2.02    0.00    0.00    0.00    0.00   92.93
02:24:21 AM    3    1.02    0.00    4.08    0.00    1.02    0.00    0.00    0.00    0.00   93.88

02:24:21 AM  CPU    %usr   %nice    %sys %iowait    %irq   %soft  %steal  %guest  %gnice   %idle
02:24:22 AM  all    0.77    0.00    3.32    0.00    2.04   11.73    0.00    0.00    0.00   82.14
02:24:22 AM    0    1.01    0.00    0.00    0.00    3.03   46.46    0.00    0.00    0.00   49.49
02:24:22 AM    1    0.00    0.00    7.29    0.00    3.12    0.00    0.00    0.00    0.00   89.58
02:24:22 AM    2    1.01    0.00    3.03    0.00    1.01    0.00    0.00    0.00    0.00   94.95
02:24:22 AM    3    1.02    0.00    3.06    0.00    1.02    0.00    0.00    0.00    0.00   94.90

02:24:22 AM  CPU    %usr   %nice    %sys %iowait    %irq   %soft  %steal  %guest  %gnice   %idle
02:24:23 AM  all    0.50    0.00    4.79    0.00    1.76   11.84    0.00    0.00    0.00   81.11
02:24:23 AM    0    0.00    0.00    1.04    0.00    3.12   48.96    0.00    0.00    0.00   46.88
02:24:23 AM    1    1.02    0.00    9.18    0.00    2.04    0.00    0.00    0.00    0.00   87.76
02:24:23 AM    2    0.00    0.00    1.01    0.00    0.00    0.00    0.00    0.00    0.00   98.99
02:24:23 AM    3    0.96    0.00    7.69    0.00    1.92    0.00    0.00    0.00    0.00   89.42

02:24:23 AM  CPU    %usr   %nice    %sys %iowait    %irq   %soft  %steal  %guest  %gnice   %idle
02:24:24 AM  all    0.51    0.00    3.59    0.00    2.05   11.79    0.00    0.00    0.00   82.05
02:24:24 AM    0    0.00    0.00    2.02    0.00    3.03   46.46    0.00    0.00    0.00   48.48
02:24:24 AM    1    1.06    0.00    8.51    0.00    4.26    0.00    0.00    0.00    0.00   86.17
02:24:24 AM    2    1.00    0.00    1.00    0.00    0.00    0.00    0.00    0.00    0.00   98.00
02:24:24 AM    3    0.00    0.00    3.09    0.00    1.03    0.00    0.00    0.00    0.00   95.88

02:24:24 AM  CPU    %usr   %nice    %sys %iowait    %irq   %soft  %steal  %guest  %gnice   %idle
02:24:25 AM  all    0.00    0.00    2.85    0.00    2.33   11.92    0.00    0.00    0.00   82.90
02:24:25 AM    0    0.00    0.00    0.00    0.00    3.03   46.46    0.00    0.00    0.00   50.51
02:24:25 AM    1    0.00    0.00    7.87    0.00    4.49    0.00    0.00    0.00    0.00   87.64
02:24:25 AM    2    0.00    0.00    0.00    0.00    0.00    0.00    0.00    0.00    0.00  100.00
02:24:25 AM    3    0.00    0.00    4.08    0.00    2.04    0.00    0.00    0.00    0.00   93.88

02:24:25 AM  CPU    %usr   %nice    %sys %iowait    %irq   %soft  %steal  %guest  %gnice   %idle
02:24:26 AM  all    0.00    0.00    3.61    0.00    2.06   11.86    0.00    0.00    0.00   82.47
02:24:26 AM    0    0.00    0.00    0.00    0.00    3.03   46.46    0.00    0.00    0.00   50.51
02:24:26 AM    1    0.00    0.00   10.87    0.00    4.35    0.00    0.00    0.00    0.00   84.78
02:24:26 AM    2    0.00    0.00    0.99    0.00    0.00    0.00    0.00    0.00    0.00   99.01
02:24:26 AM    3    0.00    0.00    3.12    0.00    1.04    0.00    0.00    0.00    0.00   95.83

02:24:26 AM  CPU    %usr   %nice    %sys %iowait    %irq   %soft  %steal  %guest  %gnice   %idle
02:24:27 AM  all    0.77    0.00    2.83    0.00    2.06   11.83    0.00    0.00    0.00   82.52
02:24:27 AM    0    0.00    0.00    0.00    0.00    3.03   46.46    0.00    0.00    0.00   50.51
02:24:27 AM    1    3.19    0.00    8.51    0.00    4.26    0.00    0.00    0.00    0.00   84.04
02:24:27 AM    2    0.00    0.00    0.00    0.00    0.00    0.00    0.00    0.00    0.00  100.00
02:24:27 AM    3    0.00    0.00    3.09    0.00    1.03    0.00    0.00    0.00    0.00   95.88

02:24:27 AM  CPU    %usr   %nice    %sys %iowait    %irq   %soft  %steal  %guest  %gnice   %idle
02:24:28 AM  all    1.28    0.00    3.06    0.00    2.30   11.48    0.00    0.00    0.00   81.89
02:24:28 AM    0    0.00    0.00    0.00    0.00    3.03   45.45    0.00    0.00    0.00   51.52
02:24:28 AM    1    3.16    0.00   10.53    0.00    4.21    0.00    0.00    0.00    0.00   82.11
02:24:28 AM    2    0.00    0.00    0.00    0.00    0.00    0.00    0.00    0.00    0.00  100.00
02:24:28 AM    3    2.04    0.00    2.04    0.00    2.04    0.00    0.00    0.00    0.00   93.88

02:24:28 AM  CPU    %usr   %nice    %sys %iowait    %irq   %soft  %steal  %guest  %gnice   %idle
02:24:29 AM  all    1.02    0.00    3.07    0.00    1.79   12.02    0.00    0.00    0.00   82.10
02:24:29 AM    0    0.00    0.00    1.02    0.00    3.06   47.96    0.00    0.00    0.00   47.96
02:24:29 AM    1    1.06    0.00    5.32    0.00    2.13    0.00    0.00    0.00    0.00   91.49
02:24:29 AM    2    1.96    0.00    1.96    0.00    0.98    0.00    0.00    0.00    0.00   95.10
02:24:29 AM    3    1.03    0.00    4.12    0.00    1.03    0.00    0.00    0.00    0.00   93.81

02:24:29 AM  CPU    %usr   %nice    %sys %iowait    %irq   %soft  %steal  %guest  %gnice   %idle
02:24:30 AM  all    1.27    0.00    3.04    0.00    2.53   11.65    0.00    0.00    0.00   81.52
02:24:30 AM    0    0.00    0.00    0.00    0.00    3.03   46.46    0.00    0.00    0.00   50.51
02:24:30 AM    1    1.01    0.00    3.03    0.00    2.02    0.00    0.00    0.00    0.00   93.94
02:24:30 AM    2    3.09    0.00    5.15    0.00    3.09    0.00    0.00    0.00    0.00   88.66
02:24:30 AM    3    1.00    0.00    4.00    0.00    2.00    0.00    0.00    0.00    0.00   93.00

02:24:30 AM  CPU    %usr   %nice    %sys %iowait    %irq   %soft  %steal  %guest  %gnice   %idle
02:24:31 AM  all    0.77    0.00    3.09    0.00    1.80   11.86    0.00    0.00    0.00   82.47
02:24:31 AM    0    0.00    0.00    0.00    0.00    3.03   46.46    0.00    0.00    0.00   50.51
02:24:31 AM    1    0.00    0.00    4.08    0.00    1.02    0.00    0.00    0.00    0.00   94.90
02:24:31 AM    2    2.13    0.00    5.32    0.00    2.13    0.00    0.00    0.00    0.00   90.43
02:24:31 AM    3    1.03    0.00    3.09    0.00    1.03    0.00    0.00    0.00    0.00   94.85

02:24:31 AM  CPU    %usr   %nice    %sys %iowait    %irq   %soft  %steal  %guest  %gnice   %idle
02:24:32 AM  all    0.76    0.00    3.30    0.00    2.28   11.68    0.00    0.00    0.00   81.98
02:24:32 AM    0    0.00    0.00    0.00    0.00    3.00   46.00    0.00    0.00    0.00   51.00
02:24:32 AM    1    1.03    0.00    2.06    0.00    1.03    0.00    0.00    0.00    0.00   95.88
02:24:32 AM    2    2.06    0.00    6.19    0.00    3.09    0.00    0.00    0.00    0.00   88.66
02:24:32 AM    3    0.00    0.00    5.00    0.00    2.00    0.00    0.00    0.00    0.00   93.00

02:24:32 AM  CPU    %usr   %nice    %sys %iowait    %irq   %soft  %steal  %guest  %gnice   %idle
02:24:33 AM  all    1.03    0.00    3.33    0.00    2.31   11.54    0.00    0.00    0.00   81.79
02:24:33 AM    0    1.02    0.00    0.00    0.00    3.06   45.92    0.00    0.00    0.00   50.00
02:24:33 AM    1    1.02    0.00    3.06    0.00    2.04    0.00    0.00    0.00    0.00   93.88
02:24:33 AM    2    2.04    0.00    8.16    0.00    3.06    0.00    0.00    0.00    0.00   86.73
02:24:33 AM    3    0.00    0.00    2.08    0.00    1.04    0.00    0.00    0.00    0.00   96.88

02:24:33 AM  CPU    %usr   %nice    %sys %iowait    %irq   %soft  %steal  %guest  %gnice   %idle
02:24:34 AM  all    0.52    0.00    3.09    0.00    1.80   11.86    0.00    0.00    0.00   82.73
02:24:34 AM    0    0.00    0.00    0.00    0.00    3.03   46.46    0.00    0.00    0.00   50.51
02:24:34 AM    1    0.00    0.00    3.09    0.00    1.03    0.00    0.00    0.00    0.00   95.88
02:24:34 AM    2    1.06    0.00    6.38    0.00    2.13    0.00    0.00    0.00    0.00   90.43
02:24:34 AM    3    1.02    0.00    3.06    0.00    1.02    0.00    0.00    0.00    0.00   94.90

02:24:34 AM  CPU    %usr   %nice    %sys %iowait    %irq   %soft  %steal  %guest  %gnice   %idle
02:24:35 AM  all    0.51    0.00    2.57    0.00    2.06   11.83    0.00    0.00    0.00   83.03
02:24:35 AM    0    0.00    0.00    0.00    0.00    3.00   46.00    0.00    0.00    0.00   51.00
02:24:35 AM    1    1.02    0.00    3.06    0.00    1.02    0.00    0.00    0.00    0.00   94.90
02:24:35 AM    2    1.10    0.00    7.69    0.00    4.40    0.00    0.00    0.00    0.00   86.81
02:24:35 AM    3    0.00    0.00    0.00    0.00    0.00    0.00    0.00    0.00    0.00  100.00

02:24:35 AM  CPU    %usr   %nice    %sys %iowait    %irq   %soft  %steal  %guest  %gnice   %idle
02:24:36 AM  all    1.28    0.00    2.55    0.00    2.55   11.73    0.00    0.00    0.00   81.89
02:24:36 AM    0    0.00    0.00    1.01    0.00    3.03   46.46    0.00    0.00    0.00   49.49
02:24:36 AM    1    2.04    0.00    2.04    0.00    2.04    0.00    0.00    0.00    0.00   93.88
02:24:36 AM    2    2.13    0.00    5.32    0.00    4.26    0.00    0.00    0.00    0.00   88.30
02:24:36 AM    3    0.99    0.00    1.98    0.00    0.99    0.00    0.00    0.00    0.00   96.04

02:24:36 AM  CPU    %usr   %nice    %sys %iowait    %irq   %soft  %steal  %guest  %gnice   %idle
02:24:37 AM  all    0.52    0.00    2.60    0.00    1.82   11.95    0.00    0.00    0.00   83.12
02:24:37 AM    0    0.00    0.00    0.00    0.00    3.03   46.46    0.00    0.00    0.00   50.51
02:24:37 AM    1    0.00    0.00    2.11    0.00    1.05    0.00    0.00    0.00    0.00   96.84
02:24:37 AM    2    1.05    0.00    6.32    0.00    2.11    0.00    0.00    0.00    0.00   90.53
02:24:37 AM    3    1.04    0.00    2.08    0.00    1.04    0.00    0.00    0.00    0.00   95.83

02:24:37 AM  CPU    %usr   %nice    %sys %iowait    %irq   %soft  %steal  %guest  %gnice   %idle
02:24:38 AM  all    1.02    0.00    3.05    0.00    2.29   11.70    0.00    0.00    0.00   81.93
02:24:38 AM    0    0.00    0.00    0.00    0.00    3.09   47.42    0.00    0.00    0.00   49.48
02:24:38 AM    1    1.01    0.00    2.02    0.00    1.01    0.00    0.00    0.00    0.00   95.96
02:24:38 AM    2    2.04    0.00    7.14    0.00    3.06    0.00    0.00    0.00    0.00   87.76
02:24:38 AM    3    1.01    0.00    3.03    0.00    2.02    0.00    0.00    0.00    0.00   93.94

02:24:38 AM  CPU    %usr   %nice    %sys %iowait    %irq   %soft  %steal  %guest  %gnice   %idle
02:24:39 AM  all    0.51    0.00    3.31    0.00    2.29   11.96    0.00    0.00    0.00   81.93
02:24:39 AM    0    1.00    0.00    0.00    0.00    3.00   47.00    0.00    0.00    0.00   49.00
02:24:39 AM    1    0.00    0.00    3.03    0.00    2.02    0.00    0.00    0.00    0.00   94.95
02:24:39 AM    2    1.05    0.00    5.26    0.00    3.16    0.00    0.00    0.00    0.00   90.53
02:24:39 AM    3    0.00    0.00    5.05    0.00    1.01    0.00    0.00    0.00    0.00   93.94

02:24:39 AM  CPU    %usr   %nice    %sys %iowait    %irq   %soft  %steal  %guest  %gnice   %idle
02:24:40 AM  all    1.27    0.00    3.80    0.00    2.03   11.90    0.00    0.00    0.00   81.01
02:24:40 AM    0    0.00    0.00    1.00    0.00    3.00   46.00    0.00    0.00    0.00   50.00
02:24:40 AM    1    1.03    0.00    1.03    0.00    1.03    0.00    0.00    0.00    0.00   96.91
02:24:40 AM    2    4.08    0.00   12.24    0.00    4.08    0.00    0.00    0.00    0.00   79.59
02:24:40 AM    3    0.00    0.00    1.00    0.00    0.00    1.00    0.00    0.00    0.00   98.00

02:24:40 AM  CPU    %usr   %nice    %sys %iowait    %irq   %soft  %steal  %guest  %gnice   %idle
02:24:41 AM  all    0.51    0.00    2.83    0.00    2.06   11.83    0.00    0.00    0.00   82.78
02:24:41 AM    0    0.00    0.00    0.00    0.00    3.03   46.46    0.00    0.00    0.00   50.51
02:24:41 AM    1    1.01    0.00    4.04    0.00    1.01    0.00    0.00    0.00    0.00   93.94
02:24:41 AM    2    0.00    0.00    7.78    0.00    4.44    0.00    0.00    0.00    0.00   87.78
02:24:41 AM    3    0.99    0.00    0.00    0.00    0.00    0.00    0.00    0.00    0.00   99.01

02:24:41 AM  CPU    %usr   %nice    %sys %iowait    %irq   %soft  %steal  %guest  %gnice   %idle
02:24:42 AM  all    0.77    0.00    3.83    0.00    2.04   11.73    0.00    0.00    0.00   81.63
02:24:42 AM    0    0.00    0.00    1.00    0.00    3.00   46.00    0.00    0.00    0.00   50.00
02:24:42 AM    1    0.00    0.00    1.04    0.00    1.04    0.00    0.00    0.00    0.00   97.92
02:24:42 AM    2    3.09    0.00   13.40    0.00    4.12    0.00    0.00    0.00    0.00   79.38
02:24:42 AM    3    0.00    0.00    0.00    0.00    0.00    0.00    0.00    0.00    0.00  100.00

02:24:42 AM  CPU    %usr   %nice    %sys %iowait    %irq   %soft  %steal  %guest  %gnice   %idle
02:24:43 AM  all    0.77    0.00    3.58    0.00    2.05   11.51    0.00    0.00    0.00   82.10
02:24:43 AM    0    0.00    0.00    0.00    0.00    3.06   45.92    0.00    0.00    0.00   51.02
02:24:43 AM    1    0.00    0.00    0.00    0.00    0.00    0.00    0.00    0.00    0.00  100.00
02:24:43 AM    2    2.17    0.00   15.22    0.00    5.43    0.00    0.00    0.00    0.00   77.17
02:24:43 AM    3    0.99    0.00    0.00    0.00    0.00    0.00    0.00    0.00    0.00   99.01

02:24:43 AM  CPU    %usr   %nice    %sys %iowait    %irq   %soft  %steal  %guest  %gnice   %idle
02:24:44 AM  all    0.52    0.00    2.33    0.00    2.07   11.92    0.00    0.00    0.00   83.16
02:24:44 AM    0    0.00    0.00    0.00    0.00    3.03   46.46    0.00    0.00    0.00   50.51
02:24:44 AM    1    0.00    0.00    0.00    0.00    0.00    0.00    0.00    0.00    0.00  100.00
02:24:44 AM    2    2.30    0.00   10.34    0.00    5.75    0.00    0.00    0.00    0.00   81.61
02:24:44 AM    3    0.00    0.00    0.00    0.00    0.00    0.00    0.00    0.00    0.00  100.00

02:24:44 AM  CPU    %usr   %nice    %sys %iowait    %irq   %soft  %steal  %guest  %gnice   %idle
02:24:45 AM  all    0.51    0.00    3.56    0.00    2.29   11.70    0.00    0.00    0.00   81.93
02:24:45 AM    0    0.00    0.00    0.00    0.00    3.03   46.46    0.00    0.00    0.00   50.51
02:24:45 AM    1    1.00    0.00    3.00    0.00    1.00    0.00    0.00    0.00    0.00   95.00
02:24:45 AM    2    1.06    0.00   11.70    0.00    5.32    0.00    0.00    0.00    0.00   81.91
02:24:45 AM    3    0.00    0.00    0.00    0.00    0.00    0.00    0.00    0.00    0.00  100.00

02:24:45 AM  CPU    %usr   %nice    %sys %iowait    %irq   %soft  %steal  %guest  %gnice   %idle
02:24:46 AM  all    0.52    0.00    2.58    0.00    2.32   11.86    0.00    0.00    0.00   82.73
02:24:46 AM    0    0.00    0.00    0.00    0.00    3.03   46.46    0.00    0.00    0.00   50.51
02:24:46 AM    1    0.00    0.00    3.06    0.00    2.04    0.00    0.00    0.00    0.00   94.90
02:24:46 AM    2    2.20    0.00    7.69    0.00    4.40    0.00    0.00    0.00    0.00   85.71
02:24:46 AM    3    0.00    0.00    0.00    0.00    0.00    0.00    0.00    0.00    0.00  100.00

02:24:46 AM  CPU    %usr   %nice    %sys %iowait    %irq   %soft  %steal  %guest  %gnice   %idle
02:24:47 AM  all    0.52    0.00    2.32    0.00    2.32   11.86    0.00    0.00    0.00   82.99
02:24:47 AM    0    0.00    0.00    0.00    0.00    3.00   46.00    0.00    0.00    0.00   51.00
02:24:47 AM    1    1.03    0.00    2.06    0.00    1.03    0.00    0.00    0.00    0.00   95.88
02:24:47 AM    2    1.11    0.00    7.78    0.00    4.44    0.00    0.00    0.00    0.00   86.67
02:24:47 AM    3    0.00    0.00    0.00    0.00    0.99    0.00    0.00    0.00    0.00   99.01

02:24:47 AM  CPU    %usr   %nice    %sys %iowait    %irq   %soft  %steal  %guest  %gnice   %idle
02:24:48 AM  all    1.54    0.00    2.82    0.00    2.05   11.79    0.00    0.00    0.00   81.79
02:24:48 AM    0    0.00    0.00    0.00    0.00    3.03   46.46    0.00    0.00    0.00   50.51
02:24:48 AM    1    1.03    0.00    3.09    0.00    1.03    0.00    0.00    0.00    0.00   94.85
02:24:48 AM    2    5.32    0.00    7.45    0.00    4.26    0.00    0.00    0.00    0.00   82.98
02:24:48 AM    3    0.00    0.00    1.00    0.00    0.00    0.00    0.00    0.00    0.00   99.00

02:24:48 AM  CPU    %usr   %nice    %sys %iowait    %irq   %soft  %steal  %guest  %gnice   %idle
02:24:49 AM  all    0.00    0.00    2.84    0.00    2.58   11.86    0.00    0.00    0.00   82.73
02:24:49 AM    0    0.00    0.00    0.00    0.00    4.00   46.00    0.00    0.00    0.00   50.00
02:24:49 AM    1    0.00    0.00    2.06    0.00    2.06    0.00    0.00    0.00    0.00   95.88
02:24:49 AM    2    0.00    0.00    9.89    0.00    4.40    0.00    0.00    0.00    0.00   85.71
02:24:49 AM    3    0.00    0.00    0.00    0.00    0.00    0.00    0.00    0.00    0.00  100.00

02:24:49 AM  CPU    %usr   %nice    %sys %iowait    %irq   %soft  %steal  %guest  %gnice   %idle
02:24:50 AM  all    0.52    0.00    2.09    0.00    2.09   11.75    0.00    0.00    0.00   83.55
02:24:50 AM    0    0.00    0.00    0.00    0.00    3.06   45.92    0.00    0.00    0.00   51.02
02:24:50 AM    1    0.00    0.00    3.12    0.00    1.04    0.00    0.00    0.00    0.00   95.83
02:24:50 AM    2    2.25    0.00    5.62    0.00    4.49    0.00    0.00    0.00    0.00   87.64
02:24:50 AM    3    0.00    0.00    0.00    0.00    0.00    0.00    0.00    0.00    0.00  100.00

02:24:50 AM  CPU    %usr   %nice    %sys %iowait    %irq   %soft  %steal  %guest  %gnice   %idle
02:24:51 AM  all    0.26    0.00    2.58    0.00    2.07   12.14    0.00    0.00    0.00   82.95
02:24:51 AM    0    0.00    0.00    0.00    0.00    3.03   46.46    0.00    0.00    0.00   50.51
02:24:51 AM    1    0.00    0.00    4.08    0.00    1.02    0.00    0.00    0.00    0.00   94.90
02:24:51 AM    2    1.10    0.00    6.59    0.00    4.40    1.10    0.00    0.00    0.00   86.81
02:24:51 AM    3    0.00    0.00    0.00    0.00    0.00    0.00    0.00    0.00    0.00  100.00

02:24:51 AM  CPU    %usr   %nice    %sys %iowait    %irq   %soft  %steal  %guest  %gnice   %idle
02:24:52 AM  all    0.51    0.00    4.08    0.00    2.04   11.73    0.00    0.00    0.00   81.63
02:24:52 AM    0    0.00    0.00    0.00    0.00    3.03   46.46    0.00    0.00    0.00   50.51
02:24:52 AM    1    1.02    0.00    5.10    0.00    2.04    0.00    0.00    0.00    0.00   91.84
02:24:52 AM    2    1.06    0.00   10.64    0.00    3.19    0.00    0.00    0.00    0.00   85.11
02:24:52 AM    3    0.00    0.00    0.99    0.00    0.00    0.00    0.00    0.00    0.00   99.01

02:24:52 AM  CPU    %usr   %nice    %sys %iowait    %irq   %soft  %steal  %guest  %gnice   %idle
02:24:53 AM  all    0.76    0.00    3.31    0.00    2.29   11.70    0.00    0.00    0.00   81.93
02:24:53 AM    0    0.00    0.00    0.00    0.00    3.03   46.46    0.00    0.00    0.00   50.51
02:24:53 AM    1    1.04    0.00    6.25    0.00    3.12    0.00    0.00    0.00    0.00   89.58
02:24:53 AM    2    2.04    0.00    7.14    0.00    3.06    0.00    0.00    0.00    0.00   87.76
02:24:53 AM    3    0.00    0.00    0.00    0.00    0.00    0.00    0.00    0.00    0.00  100.00

02:24:53 AM  CPU    %usr   %nice    %sys %iowait    %irq   %soft  %steal  %guest  %gnice   %idle
02:24:54 AM  all    0.77    0.00    2.81    0.00    2.30   11.99    0.00    0.00    0.00   82.14
02:24:54 AM    0    0.00    0.00    0.00    0.00    3.03   46.46    0.00    0.00    0.00   50.51
02:24:54 AM    1    2.06    0.00    5.15    0.00    3.09    1.03    0.00    0.00    0.00   88.66
02:24:54 AM    2    1.04    0.00    6.25    0.00    3.12    0.00    0.00    0.00    0.00   89.58
02:24:54 AM    3    0.00    0.00    0.00    0.00    0.00    0.00    0.00    0.00    0.00  100.00

02:24:54 AM  CPU    %usr   %nice    %sys %iowait    %irq   %soft  %steal  %guest  %gnice   %idle
02:24:55 AM  all    0.26    0.00    3.59    0.00    2.05   11.79    0.00    0.00    0.00   82.31
02:24:55 AM    0    0.00    0.00    0.00    0.00    3.03   46.46    0.00    0.00    0.00   50.51
02:24:55 AM    1    0.00    0.00    9.28    0.00    2.06    0.00    0.00    0.00    0.00   88.66
02:24:55 AM    2    1.05    0.00    5.26    0.00    3.16    0.00    0.00    0.00    0.00   90.53
02:24:55 AM    3    0.00    0.00    0.00    0.00    0.00    0.00    0.00    0.00    0.00  100.00

02:24:55 AM  CPU    %usr   %nice    %sys %iowait    %irq   %soft  %steal  %guest  %gnice   %idle
02:24:56 AM  all    0.51    0.00    2.83    0.00    2.06   11.83    0.00    0.00    0.00   82.78
02:24:56 AM    0    0.00    0.00    0.00    0.00    3.03   46.46    0.00    0.00    0.00   50.51
02:24:56 AM    1    1.05    0.00    5.26    0.00    3.16    0.00    0.00    0.00    0.00   90.53
02:24:56 AM    2    1.05    0.00    6.32    0.00    2.11    0.00    0.00    0.00    0.00   90.53
02:24:56 AM    3    0.00    0.00    0.00    0.00    0.00    0.00    0.00    0.00    0.00  100.00

02:24:56 AM  CPU    %usr   %nice    %sys %iowait    %irq   %soft  %steal  %guest  %gnice   %idle
02:24:57 AM  all    0.77    0.00    3.57    0.00    2.30   11.73    0.00    0.00    0.00   81.63
02:24:57 AM    0    0.00    0.00    1.00    0.00    3.00   46.00    0.00    0.00    0.00   50.00
02:24:57 AM    1    2.06    0.00    7.22    0.00    3.09    0.00    0.00    0.00    0.00   87.63
02:24:57 AM    2    1.05    0.00    5.26    0.00    3.16    0.00    0.00    0.00    0.00   90.53
02:24:57 AM    3    0.00    0.00    1.00    0.00    0.00    0.00    0.00    0.00    0.00   99.00

02:24:57 AM  CPU    %usr   %nice    %sys %iowait    %irq   %soft  %steal  %guest  %gnice   %idle
02:24:58 AM  all    1.03    0.00    2.56    0.00    2.31   11.79    0.00    0.00    0.00   82.31
02:24:58 AM    0    0.00    0.00    0.00    0.00    3.03   46.46    0.00    0.00    0.00   50.51
02:24:58 AM    1    1.05    0.00    5.26    0.00    3.16    0.00    0.00    0.00    0.00   90.53
02:24:58 AM    2    3.12    0.00    5.21    0.00    3.12    0.00    0.00    0.00    0.00   88.54
02:24:58 AM    3    0.00    0.00    0.00    0.00    0.00    0.00    0.00    0.00    0.00  100.00

02:24:58 AM  CPU    %usr   %nice    %sys %iowait    %irq   %soft  %steal  %guest  %gnice   %idle
02:24:59 AM  all    1.02    0.00    3.55    0.00    1.78   11.68    0.00    0.00    0.00   81.98
02:24:59 AM    0    0.00    0.00    0.00    0.00    3.00   46.00    0.00    0.00    0.00   51.00
02:24:59 AM    1    2.08    0.00    6.25    0.00    2.08    0.00    0.00    0.00    0.00   89.58
02:24:59 AM    2    2.04    0.00    8.16    0.00    2.04    0.00    0.00    0.00    0.00   87.76
02:24:59 AM    3    0.00    0.00    0.00    0.00    0.00    0.00    0.00    0.00    0.00  100.00

02:24:59 AM  CPU    %usr   %nice    %sys %iowait    %irq   %soft  %steal  %guest  %gnice   %idle
02:25:00 AM  all    1.29    0.00    2.57    0.00    2.31   11.83    0.00    0.00    0.00   82.01
02:25:00 AM    0    0.00    0.00    0.00    0.00    3.06   46.94    0.00    0.00    0.00   50.00
02:25:00 AM    1    2.08    0.00    5.21    0.00    3.12    0.00    0.00    0.00    0.00   89.58
02:25:00 AM    2    2.11    0.00    5.26    0.00    3.16    0.00    0.00    0.00    0.00   89.47
02:25:00 AM    3    1.00    0.00    0.00    0.00    0.00    0.00    0.00    0.00    0.00   99.00

02:25:00 AM  CPU    %usr   %nice    %sys %iowait    %irq   %soft  %steal  %guest  %gnice   %idle
02:25:01 AM  all    1.02    0.00    2.56    0.00    2.30   11.51    0.00    0.00    0.00   82.61
02:25:01 AM    0    0.00    0.00    0.00    0.00    3.03   45.45    0.00    0.00    0.00   51.52
02:25:01 AM    1    2.06    0.00    6.19    0.00    3.09    0.00    0.00    0.00    0.00   88.66
02:25:01 AM    2    2.11    0.00    4.21    0.00    3.16    0.00    0.00    0.00    0.00   90.53
02:25:01 AM    3    0.00    0.00    0.00    0.00    0.00    0.00    0.00    0.00    0.00  100.00

02:25:01 AM  CPU    %usr   %nice    %sys %iowait    %irq   %soft  %steal  %guest  %gnice   %idle
02:25:02 AM  all    0.26    0.00    2.58    0.00    2.07   11.89    0.00    0.00    0.00   83.20
02:25:02 AM    0    0.00    0.00    0.00    0.00    3.03   46.46    0.00    0.00    0.00   50.51
02:25:02 AM    1    1.05    0.00    6.32    0.00    2.11    0.00    0.00    0.00    0.00   90.53
02:25:02 AM    2    0.00    0.00    4.30    0.00    3.23    0.00    0.00    0.00    0.00   92.47
02:25:02 AM    3    0.00    0.00    0.00    0.00    0.00    0.00    0.00    0.00    0.00  100.00

02:25:02 AM  CPU    %usr   %nice    %sys %iowait    %irq   %soft  %steal  %guest  %gnice   %idle
02:25:03 AM  all    0.26    0.00    3.33    0.00    1.79   12.05    0.00    0.00    0.00   82.56
02:25:03 AM    0    0.00    0.00    1.03    0.00    3.09   48.45    0.00    0.00    0.00   47.42
02:25:03 AM    1    1.04    0.00    6.25    0.00    3.12    0.00    0.00    0.00    0.00   89.58
02:25:03 AM    2    0.00    0.00    5.05    0.00    1.01    0.00    0.00    0.00    0.00   93.94
02:25:03 AM    3    0.00    0.00    1.02    0.00    0.00    0.00    0.00    0.00    0.00   98.98

02:25:03 AM  CPU    %usr   %nice    %sys %iowait    %irq   %soft  %steal  %guest  %gnice   %idle
02:25:04 AM  all    0.51    0.00    2.57    0.00    2.31   11.83    0.00    0.00    0.00   82.78
02:25:04 AM    0    0.00    0.00    0.00    0.00    3.03   46.46    0.00    0.00    0.00   50.51
02:25:04 AM    1    0.00    0.00    5.32    0.00    3.19    0.00    0.00    0.00    0.00   91.49
02:25:04 AM    2    1.04    0.00    1.04    0.00    1.04    0.00    0.00    0.00    0.00   96.88
02:25:04 AM    3    1.00    0.00    4.00    0.00    2.00    0.00    0.00    0.00    0.00   93.00

02:25:04 AM  CPU    %usr   %nice    %sys %iowait    %irq   %soft  %steal  %guest  %gnice   %idle
02:25:05 AM  all    0.51    0.00    4.06    0.00    2.28   11.93    0.00    0.00    0.00   81.22
02:25:05 AM    0    0.00    0.00    0.00    0.00    3.03   47.47    0.00    0.00    0.00   49.49
02:25:05 AM    1    2.00    0.00    9.00    0.00    3.00    0.00    0.00    0.00    0.00   86.00
02:25:05 AM    2    0.00    0.00    3.09    0.00    2.06    0.00    0.00    0.00    0.00   94.85
02:25:05 AM    3    0.00    0.00    4.08    0.00    1.02    0.00    0.00    0.00    0.00   94.90

02:25:05 AM  CPU    %usr   %nice    %sys %iowait    %irq   %soft  %steal  %guest  %gnice   %idle
02:25:06 AM  all    0.51    0.00    3.08    0.00    1.80   11.83    0.00    0.00    0.00   82.78
02:25:06 AM    0    0.00    0.00    0.00    0.00    3.03   46.46    0.00    0.00    0.00   50.51
02:25:06 AM    1    1.06    0.00    5.32    0.00    2.13    0.00    0.00    0.00    0.00   91.49
02:25:06 AM    2    0.00    0.00    3.09    0.00    1.03    0.00    0.00    0.00    0.00   95.88
02:25:06 AM    3    1.01    0.00    4.04    0.00    1.01    0.00    0.00    0.00    0.00   93.94

02:25:06 AM  CPU    %usr   %nice    %sys %iowait    %irq   %soft  %steal  %guest  %gnice   %idle
02:25:07 AM  all    1.02    0.00    3.30    0.00    2.28   11.68    0.00    0.00    0.00   81.73
02:25:07 AM    0    0.00    0.00    0.00    0.00    3.03   46.46    0.00    0.00    0.00   50.51
02:25:07 AM    1    2.06    0.00    6.19    0.00    3.09    0.00    0.00    0.00    0.00   88.66
02:25:07 AM    2    1.01    0.00    4.04    0.00    1.01    0.00    0.00    0.00    0.00   93.94
02:25:07 AM    3    1.01    0.00    3.03    0.00    2.02    0.00    0.00    0.00    0.00   93.94

02:25:07 AM  CPU    %usr   %nice    %sys %iowait    %irq   %soft  %steal  %guest  %gnice   %idle
02:25:08 AM  all    0.51    0.00    3.07    0.00    2.30   11.76    0.00    0.00    0.00   82.35
02:25:08 AM    0    0.00    0.00    0.00    0.00    3.03   46.46    0.00    0.00    0.00   50.51
02:25:08 AM    1    1.03    0.00    7.22    0.00    3.09    0.00    0.00    0.00    0.00   88.66
02:25:08 AM    2    0.00    0.00    3.06    0.00    2.04    0.00    0.00    0.00    0.00   94.90
02:25:08 AM    3    1.03    0.00    2.06    0.00    1.03    0.00    0.00    0.00    0.00   95.88

02:25:08 AM  CPU    %usr   %nice    %sys %iowait    %irq   %soft  %steal  %guest  %gnice   %idle
02:25:09 AM  all    0.51    0.00    3.33    0.00    1.79   11.79    0.00    0.00    0.00   82.56
02:25:09 AM    0    0.00    0.00    0.00    0.00    3.03   46.46    0.00    0.00    0.00   50.51
02:25:09 AM    1    0.00    0.00    9.28    0.00    2.06    0.00    0.00    0.00    0.00   88.66
02:25:09 AM    2    1.02    0.00    3.06    0.00    1.02    0.00    0.00    0.00    0.00   94.90
02:25:09 AM    3    1.04    0.00    1.04    0.00    1.04    0.00    0.00    0.00    0.00   96.88

02:25:09 AM  CPU    %usr   %nice    %sys %iowait    %irq   %soft  %steal  %guest  %gnice   %idle
02:25:10 AM  all    1.02    0.00    2.55    0.00    2.55   11.73    0.00    0.00    0.00   82.14
02:25:10 AM    0    0.00    0.00    0.00    0.00    3.03   46.46    0.00    0.00    0.00   50.51
02:25:10 AM    1    1.04    0.00    6.25    0.00    3.12    0.00    0.00    0.00    0.00   89.58
02:25:10 AM    2    1.02    0.00    2.04    0.00    2.04    0.00    0.00    0.00    0.00   94.90
02:25:10 AM    3    2.02    0.00    2.02    0.00    2.02    0.00    0.00    0.00    0.00   93.94

02:25:10 AM  CPU    %usr   %nice    %sys %iowait    %irq   %soft  %steal  %guest  %gnice   %idle
02:25:11 AM  all    0.52    0.00    3.62    0.00    1.81   11.89    0.00    0.00    0.00   82.17
02:25:11 AM    0    1.01    0.00    0.00    0.00    3.03   46.46    0.00    0.00    0.00   49.49
02:25:11 AM    1    0.00    0.00    7.53    0.00    3.23    0.00    0.00    0.00    0.00   89.25
02:25:11 AM    2    1.02    0.00    3.06    0.00    0.00    0.00    0.00    0.00    0.00   95.92
02:25:11 AM    3    0.00    0.00    4.12    0.00    1.03    0.00    0.00    0.00    0.00   94.85

02:25:11 AM  CPU    %usr   %nice    %sys %iowait    %irq   %soft  %steal  %guest  %gnice   %idle
02:25:12 AM  all    0.77    0.00    2.56    0.00    2.31   11.79    0.00    0.00    0.00   82.56
02:25:12 AM    0    0.00    0.00    0.00    0.00    3.00   46.00    0.00    0.00    0.00   51.00
02:25:12 AM    1    2.17    0.00    8.70    0.00    4.35    0.00    0.00    0.00    0.00   84.78
02:25:12 AM    2    0.00    0.00    0.00    0.00    0.00    0.00    0.00    0.00    0.00  100.00
02:25:12 AM    3    1.02    0.00    2.04    0.00    2.04    0.00    0.00    0.00    0.00   94.90

02:25:12 AM  CPU    %usr   %nice    %sys %iowait    %irq   %soft  %steal  %guest  %gnice   %idle
02:25:13 AM  all    0.51    0.00    3.08    0.00    2.31   11.57    0.00    0.00    0.00   82.52
02:25:13 AM    0    0.00    0.00    0.00    0.00    3.06   45.92    0.00    0.00    0.00   51.02
02:25:13 AM    1    1.08    0.00    8.60    0.00    4.30    0.00    0.00    0.00    0.00   86.02
02:25:13 AM    2    0.00    0.00    0.00    0.00    1.00    0.00    0.00    0.00    0.00   99.00
02:25:13 AM    3    1.02    0.00    4.08    0.00    1.02    0.00    0.00    0.00    0.00   93.88

02:25:13 AM  CPU    %usr   %nice    %sys %iowait    %irq   %soft  %steal  %guest  %gnice   %idle
02:25:14 AM  all    1.02    0.00    2.81    0.00    2.05   11.76    0.00    0.00    0.00   82.35
02:25:14 AM    0    0.00    0.00    0.00    0.00    3.03   46.46    0.00    0.00    0.00   50.51
02:25:14 AM    1    2.06    0.00    7.22    0.00    2.06    0.00    0.00    0.00    0.00   88.66
02:25:14 AM    2    2.04    0.00    2.04    0.00    1.02    0.00    0.00    0.00    0.00   94.90
02:25:14 AM    3    0.00    0.00    2.06    0.00    2.06    0.00    0.00    0.00    0.00   95.88

02:25:14 AM  CPU    %usr   %nice    %sys %iowait    %irq   %soft  %steal  %guest  %gnice   %idle
02:25:15 AM  all    0.26    0.00    3.33    0.00    2.05   11.79    0.00    0.00    0.00   82.56
02:25:15 AM    0    0.00    0.00    0.00    0.00    3.03   46.46    0.00    0.00    0.00   50.51
02:25:15 AM    1    1.05    0.00    5.26    0.00    3.16    0.00    0.00    0.00    0.00   90.53
02:25:15 AM    2    0.00    0.00    6.19    0.00    2.06    0.00    0.00    0.00    0.00   91.75
02:25:15 AM    3    0.00    0.00    2.02    0.00    0.00    0.00    0.00    0.00    0.00   97.98

02:25:15 AM  CPU    %usr   %nice    %sys %iowait    %irq   %soft  %steal  %guest  %gnice   %idle
02:25:16 AM  all    0.51    0.00    3.06    0.00    2.30   11.73    0.00    0.00    0.00   82.40
02:25:16 AM    0    0.00    0.00    0.00    0.00    3.00   46.00    0.00    0.00    0.00   51.00
02:25:16 AM    1    0.00    0.00    2.08    0.00    2.08    0.00    0.00    0.00    0.00   95.83
02:25:16 AM    2    1.03    0.00    7.22    0.00    3.09    0.00    0.00    0.00    0.00   88.66
02:25:16 AM    3    1.01    0.00    3.03    0.00    1.01    0.00    0.00    0.00    0.00   94.95

02:25:16 AM  CPU    %usr   %nice    %sys %iowait    %irq   %soft  %steal  %guest  %gnice   %idle
02:25:17 AM  all    0.51    0.00    3.08    0.00    2.31   11.79    0.00    0.00    0.00   82.31
02:25:17 AM    0    0.00    0.00    0.00    0.00    3.03   46.46    0.00    0.00    0.00   50.51
02:25:17 AM    1    1.02    0.00    3.06    0.00    1.02    0.00    0.00    0.00    0.00   94.90
02:25:17 AM    2    1.04    0.00    7.29    0.00    3.12    0.00    0.00    0.00    0.00   88.54
02:25:17 AM    3    0.00    0.00    2.06    0.00    2.06    0.00    0.00    0.00    0.00   95.88

02:25:17 AM  CPU    %usr   %nice    %sys %iowait    %irq   %soft  %steal  %guest  %gnice   %idle
02:25:18 AM  all    0.26    0.00    2.84    0.00    1.81   11.89    0.00    0.00    0.00   83.20
02:25:18 AM    0    0.00    0.00    0.00    0.00    3.06   46.94    0.00    0.00    0.00   50.00
02:25:18 AM    1    0.00    0.00    3.09    0.00    1.03    0.00    0.00    0.00    0.00   95.88
02:25:18 AM    2    1.05    0.00    6.32    0.00    2.11    0.00    0.00    0.00    0.00   90.53
02:25:18 AM    3    0.00    0.00    2.06    0.00    1.03    0.00    0.00    0.00    0.00   96.91

02:25:18 AM  CPU    %usr   %nice    %sys %iowait    %irq   %soft  %steal  %guest  %gnice   %idle
02:25:19 AM  all    0.76    0.00    3.30    0.00    2.28   11.93    0.00    0.00    0.00   81.73
02:25:19 AM    0    0.00    0.00    2.04    0.00    4.08   47.96    0.00    0.00    0.00   45.92
02:25:19 AM    1    1.01    0.00    2.02    0.00    2.02    0.00    0.00    0.00    0.00   94.95
02:25:19 AM    2    1.03    0.00    7.22    0.00    3.09    0.00    0.00    0.00    0.00   88.66
02:25:19 AM    3    1.00    0.00    2.00    0.00    0.00    0.00    0.00    0.00    0.00   97.00

02:25:19 AM  CPU    %usr   %nice    %sys %iowait    %irq   %soft  %steal  %guest  %gnice   %idle
02:25:20 AM  all    1.77    0.00    3.80    0.00    2.28   11.65    0.00    0.00    0.00   80.51
02:25:20 AM    0    0.00    0.00    1.02    0.00    3.06   46.94    0.00    0.00    0.00   48.98
02:25:20 AM    1    1.01    0.00    0.00    0.00    0.00    0.00    0.00    0.00    0.00   98.99
02:25:20 AM    2    4.12    0.00    9.28    0.00    4.12    0.00    0.00    0.00    0.00   82.47
02:25:20 AM    3    1.98    0.00    4.95    0.00    1.98    0.00    0.00    0.00    0.00   91.09

02:25:20 AM  CPU    %usr   %nice    %sys %iowait    %irq   %soft  %steal  %guest  %gnice   %idle
02:25:21 AM  all    0.77    0.00    2.84    0.00    2.06   11.86    0.00    0.00    0.00   82.47
02:25:21 AM    0    0.00    0.00    0.00    0.00    3.03   46.46    0.00    0.00    0.00   50.51
02:25:21 AM    1    0.00    0.00    0.00    0.00    0.00    0.00    0.00    0.00    0.00  100.00
02:25:21 AM    2    2.15    0.00    9.68    0.00    4.30    0.00    0.00    0.00    0.00   83.87
02:25:21 AM    3    1.04    0.00    2.08    0.00    1.04    0.00    0.00    0.00    0.00   95.83

02:25:21 AM  CPU    %usr   %nice    %sys %iowait    %irq   %soft  %steal  %guest  %gnice   %idle
02:25:22 AM  all    0.51    0.00    4.29    0.00    2.27   11.62    0.00    0.00    0.00   81.31
02:25:22 AM    0    0.00    0.00    0.00    0.00    3.03   46.46    0.00    0.00    0.00   50.51
02:25:22 AM    1    0.00    0.00    0.00    0.00    0.00    0.00    0.00    0.00    0.00  100.00
02:25:22 AM    2    1.03    0.00   13.40    0.00    4.12    0.00    0.00    0.00    0.00   81.44
02:25:22 AM    3    1.00    0.00    4.00    0.00    2.00    0.00    0.00    0.00    0.00   93.00

02:25:22 AM  CPU    %usr   %nice    %sys %iowait    %irq   %soft  %steal  %guest  %gnice   %idle
02:25:23 AM  all    0.51    0.00    3.34    0.00    2.06   11.83    0.00    0.00    0.00   82.26
02:25:23 AM    0    0.00    0.00    0.00    0.00    3.03   46.46    0.00    0.00    0.00   50.51
02:25:23 AM    1    0.00    0.00    0.99    0.00    0.00    0.00    0.00    0.00    0.00   99.01
02:25:23 AM    2    1.09    0.00    9.78    0.00    4.35    0.00    0.00    0.00    0.00   84.78
02:25:23 AM    3    1.03    0.00    3.09    0.00    1.03    0.00    0.00    0.00    0.00   94.85

02:25:23 AM  CPU    %usr   %nice    %sys %iowait    %irq   %soft  %steal  %guest  %gnice   %idle
02:25:24 AM  all    1.02    0.00    3.07    0.00    2.05   11.76    0.00    0.00    0.00   82.10
02:25:24 AM    0    0.00    0.00    0.00    0.00    3.03   46.46    0.00    0.00    0.00   50.51
02:25:24 AM    1    0.00    0.00    0.00    0.00    0.00    0.00    0.00    0.00    0.00  100.00
02:25:24 AM    2    3.16    0.00    9.47    0.00    4.21    0.00    0.00    0.00    0.00   83.16
02:25:24 AM    3    1.03    0.00    3.09    0.00    1.03    0.00    0.00    0.00    0.00   94.85

02:25:24 AM  CPU    %usr   %nice    %sys %iowait    %irq   %soft  %steal  %guest  %gnice   %idle
02:25:25 AM  all    0.77    0.00    2.06    0.00    2.31   12.08    0.00    0.00    0.00   82.78
02:25:25 AM    0    0.00    0.00    0.00    0.00    3.03   46.46    0.00    0.00    0.00   50.51
02:25:25 AM    1    1.01    0.00    1.01    0.00    1.01    0.00    0.00    0.00    0.00   96.97
02:25:25 AM    2    2.15    0.00    4.30    0.00    3.23    1.08    0.00    0.00    0.00   89.25
02:25:25 AM    3    0.00    0.00    3.06    0.00    2.04    0.00    0.00    0.00    0.00   94.90

02:25:25 AM  CPU    %usr   %nice    %sys %iowait    %irq   %soft  %steal  %guest  %gnice   %idle
02:25:26 AM  all    0.77    0.00    2.58    0.00    2.06   11.86    0.00    0.00    0.00   82.73
02:25:26 AM    0    0.00    0.00    0.00    0.00    3.03   46.46    0.00    0.00    0.00   50.51
02:25:26 AM    1    0.00    0.00    2.08    0.00    1.04    0.00    0.00    0.00    0.00   96.88
02:25:26 AM    2    2.08    0.00    6.25    0.00    3.12    0.00    0.00    0.00    0.00   88.54
02:25:26 AM    3    1.03    0.00    2.06    0.00    1.03    0.00    0.00    0.00    0.00   95.88

02:25:26 AM  CPU    %usr   %nice    %sys %iowait    %irq   %soft  %steal  %guest  %gnice   %idle
02:25:27 AM  all    0.77    0.00    3.33    0.00    1.79   11.79    0.00    0.00    0.00   82.31
02:25:27 AM    0    0.00    0.00    0.00    0.00    3.03   46.46    0.00    0.00    0.00   50.51
02:25:27 AM    1    1.04    0.00    2.08    0.00    1.04    0.00    0.00    0.00    0.00   95.83
02:25:27 AM    2    2.06    0.00    7.22    0.00    2.06    0.00    0.00    0.00    0.00   88.66
02:25:27 AM    3    0.00    0.00    4.08    0.00    1.02    0.00    0.00    0.00    0.00   94.90

02:25:27 AM  CPU    %usr   %nice    %sys %iowait    %irq   %soft  %steal  %guest  %gnice   %idle
02:25:28 AM  all    0.51    0.00    2.81    0.00    2.55   12.24    0.00    0.00    0.00   81.89
02:25:28 AM    0    0.00    0.00    0.00    0.00    3.03   46.46    0.00    0.00    0.00   50.51
02:25:28 AM    1    1.00    0.00    3.00    0.00    2.00    1.00    0.00    0.00    0.00   93.00
02:25:28 AM    2    1.05    0.00    5.26    0.00    3.16    0.00    0.00    0.00    0.00   90.53
02:25:28 AM    3    0.00    0.00    3.06    0.00    2.04    1.02    0.00    0.00    0.00   93.88

02:25:28 AM  CPU    %usr   %nice    %sys %iowait    %irq   %soft  %steal  %guest  %gnice   %idle
02:25:29 AM  all    0.26    0.00    3.83    0.00    2.04   11.73    0.00    0.00    0.00   82.14
02:25:29 AM    0    0.00    0.00    0.00    0.00    3.03   46.46    0.00    0.00    0.00   50.51
02:25:29 AM    1    0.00    0.00    4.08    0.00    1.02    0.00    0.00    0.00    0.00   94.90
02:25:29 AM    2    0.00    0.00    8.25    0.00    3.09    0.00    0.00    0.00    0.00   88.66
02:25:29 AM    3    1.02    0.00    3.06    0.00    1.02    0.00    0.00    0.00    0.00   94.90

02:25:29 AM  CPU    %usr   %nice    %sys %iowait    %irq   %soft  %steal  %guest  %gnice   %idle
02:25:30 AM  all    0.77    0.00    3.07    0.00    2.30   11.76    0.00    0.00    0.00   82.10
02:25:30 AM    0    0.00    0.00    0.00    0.00    3.03   46.46    0.00    0.00    0.00   50.51
02:25:30 AM    1    1.01    0.00    3.03    0.00    2.02    0.00    0.00    0.00    0.00   93.94
02:25:30 AM    2    1.06    0.00    6.38    0.00    2.13    0.00    0.00    0.00    0.00   90.43
02:25:30 AM    3    1.01    0.00    3.03    0.00    2.02    0.00    0.00    0.00    0.00   93.94

02:25:30 AM  CPU    %usr   %nice    %sys %iowait    %irq   %soft  %steal  %guest  %gnice   %idle
02:25:31 AM  all    0.26    0.00    2.84    0.00    2.07   11.89    0.00    0.00    0.00   82.95
02:25:31 AM    0    0.00    0.00    0.00    0.00    3.03   46.46    0.00    0.00    0.00   50.51
02:25:31 AM    1    1.03    0.00    3.09    0.00    1.03    0.00    0.00    0.00    0.00   94.85
02:25:31 AM    2    0.00    0.00    6.32    0.00    3.16    0.00    0.00    0.00    0.00   90.53
02:25:31 AM    3    0.00    0.00    2.08    0.00    1.04    0.00    0.00    0.00    0.00   96.88

02:25:31 AM  CPU    %usr   %nice    %sys %iowait    %irq   %soft  %steal  %guest  %gnice   %idle
02:25:32 AM  all    0.78    0.00    2.33    0.00    2.07   11.89    0.00    0.00    0.00   82.95
02:25:32 AM    0    0.00    0.00    0.00    0.00    3.03   46.46    0.00    0.00    0.00   50.51
02:25:32 AM    1    1.02    0.00    3.06    0.00    1.02    0.00    0.00    0.00    0.00   94.90
02:25:32 AM    2    1.06    0.00    4.26    0.00    3.19    0.00    0.00    0.00    0.00   91.49
02:25:32 AM    3    1.04    0.00    2.08    0.00    1.04    0.00    0.00    0.00    0.00   95.83

02:25:32 AM  CPU    %usr   %nice    %sys %iowait    %irq   %soft  %steal  %guest  %gnice   %idle
02:25:33 AM  all    0.77    0.00    3.32    0.00    2.30   11.76    0.00    0.00    0.00   81.84
02:25:33 AM    0    0.00    0.00    0.00    0.00    3.03   46.46    0.00    0.00    0.00   50.51
02:25:33 AM    1    1.03    0.00    2.06    0.00    2.06    0.00    0.00    0.00    0.00   94.85
02:25:33 AM    2    2.06    0.00    8.25    0.00    2.06    0.00    0.00    0.00    0.00   87.63
02:25:33 AM    3    0.00    0.00    3.06    0.00    2.04    0.00    0.00    0.00    0.00   94.90

02:25:33 AM  CPU    %usr   %nice    %sys %iowait    %irq   %soft  %steal  %guest  %gnice   %idle
02:25:34 AM  all    0.51    0.00    3.34    0.00    2.06   11.83    0.00    0.00    0.00   82.26
02:25:34 AM    0    0.00    0.00    1.00    0.00    3.00   46.00    0.00    0.00    0.00   50.00
02:25:34 AM    1    1.02    0.00    3.06    0.00    1.02    0.00    0.00    0.00    0.00   94.90
02:25:34 AM    2    0.00    0.00    8.25    0.00    3.09    0.00    0.00    0.00    0.00   88.66
02:25:34 AM    3    1.06    0.00    1.06    0.00    1.06    0.00    0.00    0.00    0.00   96.81

02:25:34 AM  CPU    %usr   %nice    %sys %iowait    %irq   %soft  %steal  %guest  %gnice   %idle
02:25:35 AM  all    0.77    0.00    2.83    0.00    2.31   11.57    0.00    0.00    0.00   82.52
02:25:35 AM    0    0.00    0.00    0.00    0.00    3.06   45.92    0.00    0.00    0.00   51.02
02:25:35 AM    1    0.00    0.00    0.00    0.00    0.00    0.00    0.00    0.00    0.00  100.00
02:25:35 AM    2    2.15    0.00    8.60    0.00    4.30    0.00    0.00    0.00    0.00   84.95
02:25:35 AM    3    1.02    0.00    3.06    0.00    2.04    0.00    0.00    0.00    0.00   93.88

02:25:35 AM  CPU    %usr   %nice    %sys %iowait    %irq   %soft  %steal  %guest  %gnice   %idle
02:25:36 AM  all    0.25    0.00    4.07    0.00    2.04   11.70    0.00    0.00    0.00   81.93
02:25:36 AM    0    0.00    0.00    0.00    0.00    3.00   46.00    0.00    0.00    0.00   51.00
02:25:36 AM    1    0.00    0.00    0.00    0.00    0.00    0.00    0.00    0.00    0.00  100.00
02:25:36 AM    2    1.08    0.00   10.75    0.00    4.30    0.00    0.00    0.00    0.00   83.87
02:25:36 AM    3    0.00    0.00    6.00    0.00    1.00    0.00    0.00    0.00    0.00   93.00

02:25:36 AM  CPU    %usr   %nice    %sys %iowait    %irq   %soft  %steal  %guest  %gnice   %idle
02:25:37 AM  all    0.00    0.00    2.59    0.00    2.33   11.92    0.00    0.00    0.00   83.16
02:25:37 AM    0    0.00    0.00    0.00    0.00    3.03   46.46    0.00    0.00    0.00   50.51
02:25:37 AM    1    0.00    0.00    0.00    0.00    0.00    0.00    0.00    0.00    0.00  100.00
02:25:37 AM    2    0.00    0.00    7.87    0.00    4.49    0.00    0.00    0.00    0.00   87.64
02:25:37 AM    3    0.00    0.00    3.06    0.00    2.04    0.00    0.00    0.00    0.00   94.90

02:25:37 AM  CPU    %usr   %nice    %sys %iowait    %irq   %soft  %steal  %guest  %gnice   %idle
02:25:38 AM  all    1.29    0.00    2.06    0.00    2.06   11.86    0.00    0.00    0.00   82.73
02:25:38 AM    0    0.00    0.00    0.00    0.00    3.03   46.46    0.00    0.00    0.00   50.51
02:25:38 AM    1    0.00    0.00    0.00    0.00    0.00    0.00    0.00    0.00    0.00  100.00
02:25:38 AM    2    4.26    0.00    7.45    0.00    4.26    0.00    0.00    0.00    0.00   84.04
02:25:38 AM    3    1.05    0.00    1.05    0.00    1.05    0.00    0.00    0.00    0.00   96.84

02:25:38 AM  CPU    %usr   %nice    %sys %iowait    %irq   %soft  %steal  %guest  %gnice   %idle
02:25:39 AM  all    1.03    0.00    2.57    0.00    2.06   11.83    0.00    0.00    0.00   82.52
02:25:39 AM    0    0.00    0.00    0.00    0.00    3.03   46.46    0.00    0.00    0.00   50.51
02:25:39 AM    1    0.00    0.00    0.00    0.00    0.00    0.00    0.00    0.00    0.00  100.00
02:25:39 AM    2    3.19    0.00    9.57    0.00    4.26    0.00    0.00    0.00    0.00   82.98
02:25:39 AM    3    1.04    0.00    1.04    0.00    1.04    0.00    0.00    0.00    0.00   96.88

02:25:39 AM  CPU    %usr   %nice    %sys %iowait    %irq   %soft  %steal  %guest  %gnice   %idle
02:25:40 AM  all    0.77    0.00    3.07    0.00    2.30   11.76    0.00    0.00    0.00   82.10
02:25:40 AM    0    0.00    0.00    0.00    0.00    3.03   46.46    0.00    0.00    0.00   50.51
02:25:40 AM    1    0.00    0.00    0.00    0.00    0.00    0.00    0.00    0.00    0.00  100.00
02:25:40 AM    2    2.20    0.00    6.59    0.00    4.40    0.00    0.00    0.00    0.00   86.81
02:25:40 AM    3    0.99    0.00    5.94    0.00    1.98    0.00    0.00    0.00    0.00   91.09

02:25:40 AM  CPU    %usr   %nice    %sys %iowait    %irq   %soft  %steal  %guest  %gnice   %idle
02:25:41 AM  all    1.03    0.00    2.57    0.00    2.06   11.83    0.00    0.00    0.00   82.52
02:25:41 AM    0    0.00    0.00    0.00    0.00    3.03   46.46    0.00    0.00    0.00   50.51
02:25:41 AM    1    0.00    0.00    0.00    0.00    0.00    0.00    0.00    0.00    0.00  100.00
02:25:41 AM    2    3.26    0.00    7.61    0.00    4.35    0.00    0.00    0.00    0.00   84.78
02:25:41 AM    3    1.02    0.00    3.06    0.00    1.02    0.00    0.00    0.00    0.00   94.90

02:25:41 AM  CPU    %usr   %nice    %sys %iowait    %irq   %soft  %steal  %guest  %gnice   %idle
02:25:42 AM  all    0.52    0.00    3.09    0.00    1.80   11.86    0.00    0.00    0.00   82.73
02:25:42 AM    0    0.00    0.00    1.02    0.00    3.06   46.94    0.00    0.00    0.00   48.98
02:25:42 AM    1    0.00    0.00    1.00    0.00    0.00    0.00    0.00    0.00    0.00   99.00
02:25:42 AM    2    1.06    0.00    8.51    0.00    3.19    0.00    0.00    0.00    0.00   87.23
02:25:42 AM    3    1.04    0.00    2.08    0.00    1.04    0.00    0.00    0.00    0.00   95.83

02:25:42 AM  CPU    %usr   %nice    %sys %iowait    %irq   %soft  %steal  %guest  %gnice   %idle
02:25:43 AM  all    0.76    0.00    4.05    0.00    2.28   11.65    0.00    0.00    0.00   81.27
02:25:43 AM    0    0.00    0.00    1.00    0.00    3.00   46.00    0.00    0.00    0.00   50.00
02:25:43 AM    1    0.00    0.00    0.99    0.00    0.00    0.00    0.00    0.00    0.00   99.01
02:25:43 AM    2    2.13    0.00    9.57    0.00    4.26    0.00    0.00    0.00    0.00   84.04
02:25:43 AM    3    1.00    0.00    5.00    0.00    2.00    0.00    0.00    0.00    0.00   92.00

02:25:43 AM  CPU    %usr   %nice    %sys %iowait    %irq   %soft  %steal  %guest  %gnice   %idle
02:25:44 AM  all    0.77    0.00    3.08    0.00    2.06   11.83    0.00    0.00    0.00   82.26
02:25:44 AM    0    0.00    0.00    0.00    0.00    3.09   47.42    0.00    0.00    0.00   49.48
02:25:44 AM    1    0.00    0.00    0.00    0.00    0.00    0.00    0.00    0.00    0.00  100.00
02:25:44 AM    2    3.26    0.00   13.04    0.00    5.43    0.00    0.00    0.00    0.00   78.26
02:25:44 AM    3    0.00    0.00    0.00    0.00    0.00    0.00    0.00    0.00    0.00  100.00

02:25:44 AM  CPU    %usr   %nice    %sys %iowait    %irq   %soft  %steal  %guest  %gnice   %idle
02:25:45 AM  all    0.26    0.00    2.58    0.00    2.07   11.89    0.00    0.00    0.00   83.20
02:25:45 AM    0    0.00    0.00    1.01    0.00    3.03   46.46    0.00    0.00    0.00   49.49
02:25:45 AM    1    0.00    0.00    0.00    0.00    0.00    0.00    0.00    0.00    0.00  100.00
02:25:45 AM    2    1.14    0.00   10.23    0.00    5.68    0.00    0.00    0.00    0.00   82.95
02:25:45 AM    3    0.00    0.00    0.00    0.00    0.00    0.00    0.00    0.00    0.00  100.00

02:25:45 AM  CPU    %usr   %nice    %sys %iowait    %irq   %soft  %steal  %guest  %gnice   %idle
02:25:46 AM  all    0.77    0.00    3.32    0.00    2.05   11.76    0.00    0.00    0.00   82.10
02:25:46 AM    0    0.00    0.00    0.00    0.00    3.03   46.46    0.00    0.00    0.00   50.51
02:25:46 AM    1    0.00    0.00    0.00    0.00    0.00    0.00    0.00    0.00    0.00  100.00
02:25:46 AM    2    3.26    0.00   14.13    0.00    5.43    0.00    0.00    0.00    0.00   77.17
02:25:46 AM    3    0.00    0.00    0.00    0.00    0.00    0.00    0.00    0.00    0.00  100.00

02:25:46 AM  CPU    %usr   %nice    %sys %iowait    %irq   %soft  %steal  %guest  %gnice   %idle
02:25:47 AM  all    0.51    0.00    3.59    0.00    2.31   11.79    0.00    0.00    0.00   81.79
02:25:47 AM    0    0.00    0.00    0.00    0.00    3.03   46.46    0.00    0.00    0.00   50.51
02:25:47 AM    1    1.00    0.00    0.00    0.00    0.00    0.00    0.00    0.00    0.00   99.00
02:25:47 AM    2    1.10    0.00   14.29    0.00    6.59    0.00    0.00    0.00    0.00   78.02
02:25:47 AM    3    0.00    0.00    1.00    0.00    0.00    0.00    0.00    0.00    0.00   99.00

02:25:47 AM  CPU    %usr   %nice    %sys %iowait    %irq   %soft  %steal  %guest  %gnice   %idle
02:25:48 AM  all    1.28    0.00    3.32    0.00    2.04   11.48    0.00    0.00    0.00   81.89
02:25:48 AM    0    0.00    0.00    0.00    0.00    3.06   45.92    0.00    0.00    0.00   51.02
02:25:48 AM    1    0.00    0.00    2.04    0.00    1.02    0.00    0.00    0.00    0.00   96.94
02:25:48 AM    2    5.21    0.00   11.46    0.00    4.17    0.00    0.00    0.00    0.00   79.17
02:25:48 AM    3    0.00    0.00    0.00    0.00    0.00    0.00    0.00    0.00    0.00  100.00

02:25:48 AM  CPU    %usr   %nice    %sys %iowait    %irq   %soft  %steal  %guest  %gnice   %idle
02:25:49 AM  all    0.26    0.00    2.81    0.00    2.56   11.76    0.00    0.00    0.00   82.61
02:25:49 AM    0    0.00    0.00    0.00    0.00    3.96   45.54    0.00    0.00    0.00   50.50
02:25:49 AM    1    0.00    0.00    4.04    0.00    2.02    0.00    0.00    0.00    0.00   93.94
02:25:49 AM    2    1.10    0.00    7.69    0.00    4.40    0.00    0.00    0.00    0.00   86.81
02:25:49 AM    3    0.00    0.00    0.00    0.00    0.00    0.00    0.00    0.00    0.00  100.00

02:25:49 AM  CPU    %usr   %nice    %sys %iowait    %irq   %soft  %steal  %guest  %gnice   %idle
02:25:50 AM  all    1.28    0.00    3.06    0.00    2.04   11.99    0.00    0.00    0.00   81.63
02:25:50 AM    0    1.02    0.00    0.00    0.00    3.06   47.96    0.00    0.00    0.00   47.96
02:25:50 AM    1    1.02    0.00    3.06    0.00    1.02    0.00    0.00    0.00    0.00   94.90
02:25:50 AM    2    2.04    0.00    8.16    0.00    3.06    0.00    0.00    0.00    0.00   86.73
02:25:50 AM    3    1.02    0.00    1.02    0.00    1.02    0.00    0.00    0.00    0.00   96.94

02:25:50 AM  CPU    %usr   %nice    %sys %iowait    %irq   %soft  %steal  %guest  %gnice   %idle
02:25:51 AM  all    0.77    0.00    3.34    0.00    2.06   11.83    0.00    0.00    0.00   82.01
02:25:51 AM    0    0.00    0.00    1.02    0.00    3.06   46.94    0.00    0.00    0.00   48.98
02:25:51 AM    1    0.00    0.00    2.06    0.00    1.03    0.00    0.00    0.00    0.00   96.91
02:25:51 AM    2    2.06    0.00    6.19    0.00    2.06    0.00    0.00    0.00    0.00   89.69
02:25:51 AM    3    1.03    0.00    4.12    0.00    2.06    0.00    0.00    0.00    0.00   92.78

02:25:51 AM  CPU    %usr   %nice    %sys %iowait    %irq   %soft  %steal  %guest  %gnice   %idle
02:25:52 AM  all    0.26    0.00    2.84    0.00    2.32   11.86    0.00    0.00    0.00   82.73
02:25:52 AM    0    0.00    0.00    0.00    0.00    3.03   46.46    0.00    0.00    0.00   50.51
02:25:52 AM    1    0.00    0.00    0.00    0.00    0.00    0.00    0.00    0.00    0.00  100.00
02:25:52 AM    2    0.00    0.00    4.04    0.00    2.02    0.00    0.00    0.00    0.00   93.94
02:25:52 AM    3    1.11    0.00    7.78    0.00    4.44    0.00    0.00    0.00    0.00   86.67

02:25:52 AM  CPU    %usr   %nice    %sys %iowait    %irq   %soft  %steal  %guest  %gnice   %idle
02:25:53 AM  all    0.52    0.00    2.58    0.00    2.06   11.86    0.00    0.00    0.00   82.99
02:25:53 AM    0    0.00    0.00    0.00    0.00    3.00   46.00    0.00    0.00    0.00   51.00
02:25:53 AM    1    0.00    0.00    0.00    0.00    0.00    0.00    0.00    0.00    0.00  100.00
02:25:53 AM    2    0.00    0.00    3.09    0.00    1.03    0.00    0.00    0.00    0.00   95.88
02:25:53 AM    3    2.17    0.00    7.61    0.00    4.35    0.00    0.00    0.00    0.00   85.87

02:25:53 AM  CPU    %usr   %nice    %sys %iowait    %irq   %soft  %steal  %guest  %gnice   %idle
02:25:54 AM  all    1.02    0.00    3.32    0.00    1.79   11.51    0.00    0.00    0.00   82.35
02:25:54 AM    0    0.00    0.00    0.00    0.00    3.06   45.92    0.00    0.00    0.00   51.02
02:25:54 AM    1    0.00    0.00    3.09    0.00    1.03    0.00    0.00    0.00    0.00   95.88
02:25:54 AM    2    2.00    0.00    4.00    0.00    1.00    0.00    0.00    0.00    0.00   93.00
02:25:54 AM    3    2.08    0.00    6.25    0.00    2.08    0.00    0.00    0.00    0.00   89.58

02:25:54 AM  CPU    %usr   %nice    %sys %iowait    %irq   %soft  %steal  %guest  %gnice   %idle
02:25:55 AM  all    0.77    0.00    3.06    0.00    2.55   11.73    0.00    0.00    0.00   81.89
02:25:55 AM    0    0.00    0.00    0.00    0.00    3.03   46.46    0.00    0.00    0.00   50.51
02:25:55 AM    1    1.03    0.00    1.03    0.00    2.06    0.00    0.00    0.00    0.00   95.88
02:25:55 AM    2    1.00    0.00    5.00    0.00    2.00    0.00    0.00    0.00    0.00   92.00
02:25:55 AM    3    1.04    0.00    6.25    0.00    3.12    0.00    0.00    0.00    0.00   89.58

02:25:55 AM  CPU    %usr   %nice    %sys %iowait    %irq   %soft  %steal  %guest  %gnice   %idle
02:25:56 AM  all    0.77    0.00    3.32    0.00    2.04   11.73    0.00    0.00    0.00   82.14
02:25:56 AM    0    0.00    0.00    0.00    0.00    3.03   46.46    0.00    0.00    0.00   50.51
02:25:56 AM    1    0.00    0.00    4.08    0.00    1.02    0.00    0.00    0.00    0.00   94.90
02:25:56 AM    2    2.00    0.00    4.00    0.00    1.00    0.00    0.00    0.00    0.00   93.00
02:25:56 AM    3    1.05    0.00    5.26    0.00    3.16    0.00    0.00    0.00    0.00   90.53

02:25:56 AM  CPU    %usr   %nice    %sys %iowait    %irq   %soft  %steal  %guest  %gnice   %idle
02:25:57 AM  all    1.27    0.00    3.54    0.00    2.03   11.65    0.00    0.00    0.00   81.52
02:25:57 AM    0    0.00    0.00    0.00    0.00    3.03   46.46    0.00    0.00    0.00   50.51
02:25:57 AM    1    0.00    0.00    3.09    0.00    1.03    0.00    0.00    0.00    0.00   95.88
02:25:57 AM    2    0.00    0.00    4.04    0.00    2.02    0.00    0.00    0.00    0.00   93.94
02:25:57 AM    3    5.00    0.00    7.00    0.00    2.00    0.00    0.00    0.00    0.00   86.00

02:25:57 AM  CPU    %usr   %nice    %sys %iowait    %irq   %soft  %steal  %guest  %gnice   %idle
02:25:58 AM  all    0.51    0.00    3.06    0.00    2.30   11.73    0.00    0.00    0.00   82.40
02:25:58 AM    0    0.00    0.00    0.00    0.00    3.00   46.00    0.00    0.00    0.00   51.00
02:25:58 AM    1    0.00    0.00    4.04    0.00    2.02    0.00    0.00    0.00    0.00   93.94
02:25:58 AM    2    1.03    0.00    2.06    0.00    1.03    0.00    0.00    0.00    0.00   95.88
02:25:58 AM    3    1.04    0.00    6.25    0.00    3.12    0.00    0.00    0.00    0.00   89.58

02:25:58 AM  CPU    %usr   %nice    %sys %iowait    %irq   %soft  %steal  %guest  %gnice   %idle
02:25:59 AM  all    1.02    0.00    3.57    0.00    2.04   11.73    0.00    0.00    0.00   81.63
02:25:59 AM    0    0.00    0.00    0.00    0.00    3.03   46.46    0.00    0.00    0.00   50.51
02:25:59 AM    1    1.01    0.00    4.04    0.00    1.01    0.00    0.00    0.00    0.00   93.94
02:25:59 AM    2    1.02    0.00    4.08    0.00    1.02    0.00    0.00    0.00    0.00   93.88
02:25:59 AM    3    2.08    0.00    6.25    0.00    3.12    0.00    0.00    0.00    0.00   88.54

02:25:59 AM  CPU    %usr   %nice    %sys %iowait    %irq   %soft  %steal  %guest  %gnice   %idle
02:26:00 AM  all    0.51    0.00    4.56    0.00    2.28   11.39    0.00    0.00    0.00   81.27
02:26:00 AM    0    0.00    0.00    0.00    0.00    3.06   45.92    0.00    0.00    0.00   51.02
02:26:00 AM    1    0.00    0.00    4.08    0.00    2.04    0.00    0.00    0.00    0.00   93.88
02:26:00 AM    2    0.00    0.00    6.86    0.00    1.96    0.00    0.00    0.00    0.00   91.18
02:26:00 AM    3    2.06    0.00    7.22    0.00    2.06    0.00    0.00    0.00    0.00   88.66

02:26:00 AM  CPU    %usr   %nice    %sys %iowait    %irq   %soft  %steal  %guest  %gnice   %idle
02:26:01 AM  all    0.77    0.00    3.06    0.00    2.04   11.99    0.00    0.00    0.00   82.14
02:26:01 AM    0    0.00    0.00    0.00    0.00    3.03   46.46    0.00    0.00    0.00   50.51
02:26:01 AM    1    1.02    0.00    3.06    0.00    1.02    0.00    0.00    0.00    0.00   94.90
02:26:01 AM    2    0.00    0.00    4.04    0.00    1.01    1.01    0.00    0.00    0.00   93.94
02:26:01 AM    3    2.08    0.00    5.21    0.00    3.12    0.00    0.00    0.00    0.00   89.58

02:26:01 AM  CPU    %usr   %nice    %sys %iowait    %irq   %soft  %steal  %guest  %gnice   %idle
02:26:02 AM  all    1.27    0.00    3.30    0.00    2.03   11.68    0.00    0.00    0.00   81.73
02:26:02 AM    0    0.00    0.00    0.00    0.00    3.03   46.46    0.00    0.00    0.00   50.51
02:26:02 AM    1    2.04    0.00    2.04    0.00    1.02    0.00    0.00    0.00    0.00   94.90
02:26:02 AM    2    1.02    0.00    3.06    0.00    1.02    0.00    0.00    0.00    0.00   94.90
02:26:02 AM    3    2.02    0.00    8.08    0.00    3.03    0.00    0.00    0.00    0.00   86.87

02:26:02 AM  CPU    %usr   %nice    %sys %iowait    %irq   %soft  %steal  %guest  %gnice   %idle
02:26:03 AM  all    0.26    0.00    3.08    0.00    2.31   11.54    0.00    0.00    0.00   82.82
02:26:03 AM    0    0.00    0.00    0.00    0.00    3.03   45.45    0.00    0.00    0.00   51.52
02:26:03 AM    1    0.00    0.00    2.06    0.00    2.06    0.00    0.00    0.00    0.00   95.88
02:26:03 AM    2    0.00    0.00    4.04    0.00    2.02    0.00    0.00    0.00    0.00   93.94
02:26:03 AM    3    1.05    0.00    6.32    0.00    2.11    0.00    0.00    0.00    0.00   90.53

02:26:03 AM  CPU    %usr   %nice    %sys %iowait    %irq   %soft  %steal  %guest  %gnice   %idle
02:26:04 AM  all    0.77    0.00    3.32    0.00    2.04   11.73    0.00    0.00    0.00   82.14
02:26:04 AM    0    0.00    0.00    0.00    0.00    3.03   46.46    0.00    0.00    0.00   50.51
02:26:04 AM    1    1.03    0.00    2.06    0.00    1.03    0.00    0.00    0.00    0.00   95.88
02:26:04 AM    2    1.01    0.00    4.04    0.00    1.01    0.00    0.00    0.00    0.00   93.94
02:26:04 AM    3    1.03    0.00    7.22    0.00    3.09    0.00    0.00    0.00    0.00   88.66

02:26:04 AM  CPU    %usr   %nice    %sys %iowait    %irq   %soft  %steal  %guest  %gnice   %idle
02:26:05 AM  all    1.52    0.00    2.78    0.00    2.53   11.65    0.00    0.00    0.00   81.52
02:26:05 AM    0    0.00    0.00    0.00    0.00    3.03   46.46    0.00    0.00    0.00   50.51
02:26:05 AM    1    1.00    0.00    4.00    0.00    2.00    0.00    0.00    0.00    0.00   93.00
02:26:05 AM    2    2.00    0.00    3.00    0.00    2.00    0.00    0.00    0.00    0.00   93.00
02:26:05 AM    3    3.12    0.00    4.17    0.00    3.12    0.00    0.00    0.00    0.00   89.58

02:26:05 AM  CPU    %usr   %nice    %sys %iowait    %irq   %soft  %steal  %guest  %gnice   %idle
02:26:06 AM  all    0.26    0.00    3.58    0.00    2.05   11.76    0.00    0.00    0.00   82.35
02:26:06 AM    0    0.00    0.00    0.00    0.00    3.00   46.00    0.00    0.00    0.00   51.00
02:26:06 AM    1    1.02    0.00    3.06    0.00    1.02    0.00    0.00    0.00    0.00   94.90
02:26:06 AM    2    0.00    0.00    4.12    0.00    1.03    0.00    0.00    0.00    0.00   94.85
02:26:06 AM    3    0.00    0.00    7.29    0.00    3.12    0.00    0.00    0.00    0.00   89.58

02:26:06 AM  CPU    %usr   %nice    %sys %iowait    %irq   %soft  %steal  %guest  %gnice   %idle
02:26:07 AM  all    0.77    0.00    4.34    0.00    2.04   11.48    0.00    0.00    0.00   81.38
02:26:07 AM    0    0.00    0.00    1.01    0.00    3.03   45.45    0.00    0.00    0.00   50.51
02:26:07 AM    1    1.02    0.00    4.08    0.00    1.02    0.00    0.00    0.00    0.00   93.88
02:26:07 AM    2    1.01    0.00    9.09    0.00    3.03    0.00    0.00    0.00    0.00   86.87
02:26:07 AM    3    1.04    0.00    3.12    0.00    1.04    0.00    0.00    0.00    0.00   94.79

02:26:07 AM  CPU    %usr   %nice    %sys %iowait    %irq   %soft  %steal  %guest  %gnice   %idle
02:26:08 AM  all    0.51    0.00    4.56    0.00    2.03   11.65    0.00    0.00    0.00   81.27
02:26:08 AM    0    0.00    0.00    0.00    0.00    3.03   46.46    0.00    0.00    0.00   50.51
02:26:08 AM    1    1.00    0.00    6.00    0.00    2.00    0.00    0.00    0.00    0.00   91.00
02:26:08 AM    2    1.01    0.00    8.08    0.00    2.02    0.00    0.00    0.00    0.00   88.89
02:26:08 AM    3    0.00    0.00    4.12    0.00    1.03    0.00    0.00    0.00    0.00   94.85

02:26:08 AM  CPU    %usr   %nice    %sys %iowait    %irq   %soft  %steal  %guest  %gnice   %idle
02:26:09 AM  all    1.03    0.00    2.06    0.00    2.31   12.08    0.00    0.00    0.00   82.52
02:26:09 AM    0    0.00    0.00    0.00    0.00    3.03   46.46    0.00    0.00    0.00   50.51
02:26:09 AM    1    3.12    0.00    4.17    0.00    3.12    0.00    0.00    0.00    0.00   89.58
02:26:09 AM    2    1.04    0.00    2.08    0.00    1.04    0.00    0.00    0.00    0.00   95.83
02:26:09 AM    3    0.00    0.00    2.04    0.00    2.04    1.02    0.00    0.00    0.00   94.90

02:26:09 AM  CPU    %usr   %nice    %sys %iowait    %irq   %soft  %steal  %guest  %gnice   %idle
02:26:10 AM  all    1.28    0.00    2.31    0.00    2.31   11.79    0.00    0.00    0.00   82.31
02:26:10 AM    0    1.00    0.00    0.00    0.00    3.00   46.00    0.00    0.00    0.00   50.00
02:26:10 AM    1    2.11    0.00    4.21    0.00    3.16    0.00    0.00    0.00    0.00   90.53
02:26:10 AM    2    1.01    0.00    3.03    0.00    2.02    0.00    0.00    0.00    0.00   93.94
02:26:10 AM    3    1.04    0.00    2.08    0.00    1.04    0.00    0.00    0.00    0.00   95.83

02:26:10 AM  CPU    %usr   %nice    %sys %iowait    %irq   %soft  %steal  %guest  %gnice   %idle
02:26:11 AM  all    0.51    0.00    2.57    0.00    2.06   12.08    0.00    0.00    0.00   82.78
02:26:11 AM    0    0.00    0.00    0.00    0.00    3.03   46.46    0.00    0.00    0.00   50.51
02:26:11 AM    1    0.00    0.00    5.00    0.00    1.00    1.00    0.00    0.00    0.00   93.00
02:26:11 AM    2    1.03    0.00    2.06    0.00    1.03    0.00    0.00    0.00    0.00   95.88
02:26:11 AM    3    1.08    0.00    3.23    0.00    3.23    0.00    0.00    0.00    0.00   92.47

02:26:11 AM  CPU    %usr   %nice    %sys %iowait    %irq   %soft  %steal  %guest  %gnice   %idle
02:26:12 AM  all    1.01    0.00    4.28    0.00    2.27   11.34    0.00    0.00    0.00   81.11
02:26:12 AM    0    0.00    0.00    0.00    0.00    3.06   45.92    0.00    0.00    0.00   51.02
02:26:12 AM    1    0.00    0.00    4.08    0.00    1.02    0.00    0.00    0.00    0.00   94.90
02:26:12 AM    2    1.00    0.00    4.00    0.00    2.00    0.00    0.00    0.00    0.00   93.00
02:26:12 AM    3    2.97    0.00    8.91    0.00    2.97    0.00    0.00    0.00    0.00   85.15

02:26:12 AM  CPU    %usr   %nice    %sys %iowait    %irq   %soft  %steal  %guest  %gnice   %idle
02:26:13 AM  all    0.77    0.00    2.81    0.00    2.05   11.76    0.00    0.00    0.00   82.61
02:26:13 AM    0    0.00    0.00    0.00    0.00    3.00   46.00    0.00    0.00    0.00   51.00
02:26:13 AM    1    1.02    0.00    2.04    0.00    2.04    0.00    0.00    0.00    0.00   94.90
02:26:13 AM    2    1.03    0.00    2.06    0.00    1.03    0.00    0.00    0.00    0.00   95.88
02:26:13 AM    3    1.04    0.00    7.29    0.00    2.08    0.00    0.00    0.00    0.00   89.58

02:26:13 AM  CPU    %usr   %nice    %sys %iowait    %irq   %soft  %steal  %guest  %gnice   %idle
02:26:14 AM  all    0.26    0.00    3.59    0.00    2.05   11.79    0.00    0.00    0.00   82.31
02:26:14 AM    0    0.00    0.00    0.00    0.00    3.03   46.46    0.00    0.00    0.00   50.51
02:26:14 AM    1    1.02    0.00    3.06    0.00    1.02    0.00    0.00    0.00    0.00   94.90
02:26:14 AM    2    0.00    0.00    4.12    0.00    1.03    0.00    0.00    0.00    0.00   94.85
02:26:14 AM    3    0.00    0.00    7.29    0.00    3.12    0.00    0.00    0.00    0.00   89.58

02:26:14 AM  CPU    %usr   %nice    %sys %iowait    %irq   %soft  %steal  %guest  %gnice   %idle
02:26:15 AM  all    0.50    0.00    5.51    0.00    2.51   11.53    0.00    0.00    0.00   79.95
02:26:15 AM    0    0.00    0.00    1.01    0.00    3.03   46.46    0.00    0.00    0.00   49.49
02:26:15 AM    1    0.00    0.00    4.08    0.00    2.04    0.00    0.00    0.00    0.00   93.88
02:26:15 AM    2    0.00    0.00    5.94    0.00    1.98    0.00    0.00    0.00    0.00   92.08
02:26:15 AM    3    1.98    0.00   10.89    0.00    2.97    0.00    0.00    0.00    0.00   84.16

02:26:15 AM  CPU    %usr   %nice    %sys %iowait    %irq   %soft  %steal  %guest  %gnice   %idle
02:26:16 AM  all    1.02    0.00    3.07    0.00    1.79   11.76    0.00    0.00    0.00   82.35
02:26:16 AM    0    0.00    0.00    0.00    0.00    3.00   46.00    0.00    0.00    0.00   51.00
02:26:16 AM    1    2.00    0.00    4.00    0.00    1.00    0.00    0.00    0.00    0.00   93.00
02:26:16 AM    2    2.13    0.00    5.32    0.00    2.13    0.00    0.00    0.00    0.00   90.43
02:26:16 AM    3    0.00    0.00    3.09    0.00    1.03    0.00    0.00    0.00    0.00   95.88

02:26:16 AM  CPU    %usr   %nice    %sys %iowait    %irq   %soft  %steal  %guest  %gnice   %idle
02:26:17 AM  all    0.51    0.00    3.82    0.00    2.29   11.70    0.00    0.00    0.00   81.68
02:26:17 AM    0    0.00    0.00    0.00    0.00    3.03   46.46    0.00    0.00    0.00   50.51
02:26:17 AM    1    0.00    0.00    3.09    0.00    1.03    0.00    0.00    0.00    0.00   95.88
02:26:17 AM    2    1.01    0.00    9.09    0.00    3.03    0.00    0.00    0.00    0.00   86.87
02:26:17 AM    3    1.02    0.00    3.06    0.00    2.04    0.00    0.00    0.00    0.00   93.88

02:26:17 AM  CPU    %usr   %nice    %sys %iowait    %irq   %soft  %steal  %guest  %gnice   %idle
02:26:18 AM  all    0.26    0.00    2.84    0.00    2.33   11.63    0.00    0.00    0.00   82.95
02:26:18 AM    0    0.00    0.00    0.00    0.00    3.06   45.92    0.00    0.00    0.00   51.02
02:26:18 AM    1    0.00    0.00    4.08    0.00    2.04    0.00    0.00    0.00    0.00   93.88
02:26:18 AM    2    1.05    0.00    5.26    0.00    3.16    0.00    0.00    0.00    0.00   90.53
02:26:18 AM    3    0.00    0.00    2.08    0.00    1.04    0.00    0.00    0.00    0.00   96.88

02:26:18 AM  CPU    %usr   %nice    %sys %iowait    %irq   %soft  %steal  %guest  %gnice   %idle
02:26:19 AM  all    0.26    0.00    2.84    0.00    2.06   11.86    0.00    0.00    0.00   82.99
02:26:19 AM    0    0.00    0.00    0.00    0.00    3.06   46.94    0.00    0.00    0.00   50.00
02:26:19 AM    1    0.00    0.00    5.10    0.00    2.04    0.00    0.00    0.00    0.00   92.86
02:26:19 AM    2    1.05    0.00    3.16    0.00    2.11    0.00    0.00    0.00    0.00   93.68
02:26:19 AM    3    0.00    0.00    3.09    0.00    1.03    0.00    0.00    0.00    0.00   95.88

02:26:19 AM  CPU    %usr   %nice    %sys %iowait    %irq   %soft  %steal  %guest  %gnice   %idle
02:26:20 AM  all    0.52    0.00    2.33    0.00    2.07   11.89    0.00    0.00    0.00   83.20
02:26:20 AM    0    0.00    0.00    0.00    0.00    3.03   46.46    0.00    0.00    0.00   50.51
02:26:20 AM    1    1.06    0.00    1.06    0.00    1.06    0.00    0.00    0.00    0.00   96.81
02:26:20 AM    2    0.00    0.00    3.09    0.00    1.03    0.00    0.00    0.00    0.00   95.88
02:26:20 AM    3    1.03    0.00    5.15    0.00    3.09    0.00    0.00    0.00    0.00   90.72

02:26:20 AM  CPU    %usr   %nice    %sys %iowait    %irq   %soft  %steal  %guest  %gnice   %idle
02:26:21 AM  all    1.01    0.00    4.30    0.00    2.28   11.65    0.00    0.00    0.00   80.76
02:26:21 AM    0    0.00    0.00    1.00    0.00    3.00   46.00    0.00    0.00    0.00   50.00
02:26:21 AM    1    2.00    0.00    4.00    0.00    2.00    0.00    0.00    0.00    0.00   92.00
02:26:21 AM    2    0.99    0.00    5.94    0.00    1.98    0.00    0.00    0.00    0.00   91.09
02:26:21 AM    3    1.06    0.00    6.38    0.00    2.13    0.00    0.00    0.00    0.00   90.43

02:26:21 AM  CPU    %usr   %nice    %sys %iowait    %irq   %soft  %steal  %guest  %gnice   %idle
02:26:22 AM  all    0.77    0.00    3.32    0.00    2.04   11.73    0.00    0.00    0.00   82.14
02:26:22 AM    0    0.00    0.00    0.00    0.00    3.03   46.46    0.00    0.00    0.00   50.51
02:26:22 AM    1    1.02    0.00    3.06    0.00    1.02    0.00    0.00    0.00    0.00   94.90
02:26:22 AM    2    0.00    0.00    3.09    0.00    1.03    0.00    0.00    0.00    0.00   95.88
02:26:22 AM    3    2.04    0.00    7.14    0.00    3.06    0.00    0.00    0.00    0.00   87.76

02:26:22 AM  CPU    %usr   %nice    %sys %iowait    %irq   %soft  %steal  %guest  %gnice   %idle
02:26:23 AM  all    0.51    0.00    3.32    0.00    2.04   11.73    0.00    0.00    0.00   82.40
02:26:23 AM    0    0.00    0.00    0.00    0.00    3.00   46.00    0.00    0.00    0.00   51.00
02:26:23 AM    1    0.00    0.00    3.09    0.00    1.03    0.00    0.00    0.00    0.00   95.88
02:26:23 AM    2    1.02    0.00    3.06    0.00    1.02    0.00    0.00    0.00    0.00   94.90
02:26:23 AM    3    1.03    0.00    7.22    0.00    3.09    0.00    0.00    0.00    0.00   88.66

02:26:23 AM  CPU    %usr   %nice    %sys %iowait    %irq   %soft  %steal  %guest  %gnice   %idle
02:26:24 AM  all    0.77    0.00    3.59    0.00    2.31   11.54    0.00    0.00    0.00   81.79
02:26:24 AM    0    0.00    0.00    0.00    0.00    3.06   45.92    0.00    0.00    0.00   51.02
02:26:24 AM    1    2.02    0.00    8.08    0.00    3.03    0.00    0.00    0.00    0.00   86.87
02:26:24 AM    2    0.00    0.00    4.08    0.00    2.04    0.00    0.00    0.00    0.00   93.88
02:26:24 AM    3    1.05    0.00    2.11    0.00    1.05    0.00    0.00    0.00    0.00   95.79

02:26:24 AM  CPU    %usr   %nice    %sys %iowait    %irq   %soft  %steal  %guest  %gnice   %idle
02:26:25 AM  all    1.02    0.00    3.06    0.00    2.30   11.73    0.00    0.00    0.00   81.89
02:26:25 AM    0    0.00    0.00    0.00    0.00    3.03   46.46    0.00    0.00    0.00   50.51
02:26:25 AM    1    2.08    0.00    6.25    0.00    3.12    0.00    0.00    0.00    0.00   88.54
02:26:25 AM    2    1.01    0.00    4.04    0.00    1.01    0.00    0.00    0.00    0.00   93.94
02:26:25 AM    3    1.02    0.00    2.04    0.00    2.04    0.00    0.00    0.00    0.00   94.90

02:26:25 AM  CPU    %usr   %nice    %sys %iowait    %irq   %soft  %steal  %guest  %gnice   %idle
02:26:26 AM  all    0.26    0.00    3.34    0.00    1.80   11.83    0.00    0.00    0.00   82.78
02:26:26 AM    0    0.00    0.00    0.00    0.00    3.03   46.46    0.00    0.00    0.00   50.51
02:26:26 AM    1    1.03    0.00    8.25    0.00    2.06    0.00    0.00    0.00    0.00   88.66
02:26:26 AM    2    0.00    0.00    1.05    0.00    1.05    0.00    0.00    0.00    0.00   97.89
02:26:26 AM    3    0.00    0.00    4.08    0.00    1.02    0.00    0.00    0.00    0.00   94.90

02:26:26 AM  CPU    %usr   %nice    %sys %iowait    %irq   %soft  %steal  %guest  %gnice   %idle
02:26:27 AM  all    0.51    0.00    3.55    0.00    2.54   11.68    0.00    0.00    0.00   81.73
02:26:27 AM    0    0.00    0.00    0.00    0.00    3.00   46.00    0.00    0.00    0.00   51.00
02:26:27 AM    1    1.03    0.00    7.22    0.00    3.09    0.00    0.00    0.00    0.00   88.66
02:26:27 AM    2    1.01    0.00    4.04    0.00    2.02    0.00    0.00    0.00    0.00   92.93
02:26:27 AM    3    0.00    0.00    3.06    0.00    2.04    0.00    0.00    0.00    0.00   94.90

02:26:27 AM  CPU    %usr   %nice    %sys %iowait    %irq   %soft  %steal  %guest  %gnice   %idle
02:26:28 AM  all    1.28    0.00    3.06    0.00    2.04   11.48    0.00    0.00    0.00   82.14
02:26:28 AM    0    0.00    0.00    0.00    0.00    3.06   45.92    0.00    0.00    0.00   51.02
02:26:28 AM    1    2.04    0.00    7.14    0.00    3.06    0.00    0.00    0.00    0.00   87.76
02:26:28 AM    2    2.04    0.00    2.04    0.00    1.02    0.00    0.00    0.00    0.00   94.90
02:26:28 AM    3    1.02    0.00    3.06    0.00    1.02    0.00    0.00    0.00    0.00   94.90

02:26:28 AM  CPU    %usr   %nice    %sys %iowait    %irq   %soft  %steal  %guest  %gnice   %idle
02:26:29 AM  all    0.51    0.00    4.08    0.00    2.04   11.73    0.00    0.00    0.00   81.63
02:26:29 AM    0    0.00    0.00    0.00    0.00    3.03   46.46    0.00    0.00    0.00   50.51
02:26:29 AM    1    1.02    0.00    7.14    0.00    2.04    0.00    0.00    0.00    0.00   89.80
02:26:29 AM    2    1.02    0.00    6.12    0.00    2.04    0.00    0.00    0.00    0.00   90.82
02:26:29 AM    3    0.00    0.00    3.09    0.00    1.03    0.00    0.00    0.00    0.00   95.88

02:26:29 AM  CPU    %usr   %nice    %sys %iowait    %irq   %soft  %steal  %guest  %gnice   %idle
02:26:30 AM  all    0.77    0.00    2.81    0.00    2.05   11.76    0.00    0.00    0.00   82.61
02:26:30 AM    0    0.00    0.00    0.00    0.00    3.00   46.00    0.00    0.00    0.00   51.00
02:26:30 AM    1    1.02    0.00    3.06    0.00    1.02    0.00    0.00    0.00    0.00   94.90
02:26:30 AM    2    2.17    0.00    7.61    0.00    4.35    0.00    0.00    0.00    0.00   85.87
02:26:30 AM    3    0.00    0.00    0.99    0.00    0.00    0.00    0.00    0.00    0.00   99.01

02:26:30 AM  CPU    %usr   %nice    %sys %iowait    %irq   %soft  %steal  %guest  %gnice   %idle
02:26:31 AM  all    0.26    0.00    3.08    0.00    2.31   11.57    0.00    0.00    0.00   82.78
02:26:31 AM    0    0.00    0.00    0.00    0.00    3.06   45.92    0.00    0.00    0.00   51.02
02:26:31 AM    1    0.00    0.00    3.06    0.00    2.04    0.00    0.00    0.00    0.00   94.90
02:26:31 AM    2    1.08    0.00    9.68    0.00    4.30    0.00    0.00    0.00    0.00   84.95
02:26:31 AM    3    0.00    0.00    0.00    0.00    0.00    0.00    0.00    0.00    0.00  100.00

02:26:31 AM  CPU    %usr   %nice    %sys %iowait    %irq   %soft  %steal  %guest  %gnice   %idle
02:26:32 AM  all    0.51    0.00    3.07    0.00    2.05   12.02    0.00    0.00    0.00   82.35
02:26:32 AM    0    0.00    0.00    0.00    0.00    3.03   46.46    0.00    0.00    0.00   50.51
02:26:32 AM    1    0.00    0.00    4.08    0.00    1.02    0.00    0.00    0.00    0.00   94.90
02:26:32 AM    2    2.13    0.00    8.51    0.00    4.26    1.06    0.00    0.00    0.00   84.04
02:26:32 AM    3    0.00    0.00    0.00    0.00    0.00    0.00    0.00    0.00    0.00  100.00

02:26:32 AM  CPU    %usr   %nice    %sys %iowait    %irq   %soft  %steal  %guest  %gnice   %idle
02:26:33 AM  all    0.52    0.00    1.81    0.00    2.33   11.92    0.00    0.00    0.00   83.42
02:26:33 AM    0    0.00    0.00    0.00    0.00    3.00   46.00    0.00    0.00    0.00   51.00
02:26:33 AM    1    1.04    0.00    1.04    0.00    2.08    0.00    0.00    0.00    0.00   95.83
02:26:33 AM    2    1.11    0.00    6.67    0.00    4.44    0.00    0.00    0.00    0.00   87.78
02:26:33 AM    3    0.00    0.00    0.00    0.00    0.00    0.00    0.00    0.00    0.00  100.00

02:26:33 AM  CPU    %usr   %nice    %sys %iowait    %irq   %soft  %steal  %guest  %gnice   %idle
02:26:34 AM  all    0.51    0.00    4.09    0.00    2.05   11.51    0.00    0.00    0.00   81.84
02:26:34 AM    0    0.00    0.00    1.01    0.00    3.03   45.45    0.00    0.00    0.00   50.51
02:26:34 AM    1    1.04    0.00    7.29    0.00    2.08    0.00    0.00    0.00    0.00   89.58
02:26:34 AM    2    1.02    0.00    6.12    0.00    2.04    0.00    0.00    0.00    0.00   90.82
02:26:34 AM    3    0.00    0.00    2.04    0.00    1.02    0.00    0.00    0.00    0.00   96.94

02:26:34 AM  CPU    %usr   %nice    %sys %iowait    %irq   %soft  %steal  %guest  %gnice   %idle
02:26:35 AM  all    0.26    0.00    3.08    0.00    2.57   11.83    0.00    0.00    0.00   82.26
02:26:35 AM    0    0.00    0.00    0.00    0.00    4.00   46.00    0.00    0.00    0.00   50.00
02:26:35 AM    1    1.04    0.00    7.29    0.00    3.12    0.00    0.00    0.00    0.00   88.54
02:26:35 AM    2    0.00    0.00    2.08    0.00    2.08    0.00    0.00    0.00    0.00   95.83
02:26:35 AM    3    0.00    0.00    3.09    0.00    1.03    0.00    0.00    0.00    0.00   95.88

02:26:35 AM  CPU    %usr   %nice    %sys %iowait    %irq   %soft  %steal  %guest  %gnice   %idle
02:26:36 AM  all    1.27    0.00    2.80    0.00    2.29   11.70    0.00    0.00    0.00   81.93
02:26:36 AM    0    0.00    0.00    0.00    0.00    3.03   46.46    0.00    0.00    0.00   50.51
02:26:36 AM    1    2.06    0.00    6.19    0.00    3.09    0.00    0.00    0.00    0.00   88.66
02:26:36 AM    2    2.02    0.00    3.03    0.00    1.01    0.00    0.00    0.00    0.00   93.94
02:26:36 AM    3    1.02    0.00    2.04    0.00    2.04    0.00    0.00    0.00    0.00   94.90

02:26:36 AM  CPU    %usr   %nice    %sys %iowait    %irq   %soft  %steal  %guest  %gnice   %idle
02:26:37 AM  all    1.01    0.00    4.05    0.00    1.77   11.65    0.00    0.00    0.00   81.52
02:26:37 AM    0    0.00    0.00    0.00    0.00    3.03   46.46    0.00    0.00    0.00   50.51
02:26:37 AM    1    2.04    0.00    8.16    0.00    2.04    0.00    0.00    0.00    0.00   87.76
02:26:37 AM    2    1.01    0.00    4.04    0.00    1.01    0.00    0.00    0.00    0.00   93.94
02:26:37 AM    3    1.01    0.00    4.04    0.00    1.01    0.00    0.00    0.00    0.00   93.94

02:26:37 AM  CPU    %usr   %nice    %sys %iowait    %irq   %soft  %steal  %guest  %gnice   %idle
02:26:38 AM  all    0.00    0.00    3.11    0.00    2.07   11.92    0.00    0.00    0.00   82.90
02:26:38 AM    0    0.00    0.00    0.00    0.00    3.06   46.94    0.00    0.00    0.00   50.00
02:26:38 AM    1    0.00    0.00    5.38    0.00    3.23    0.00    0.00    0.00    0.00   91.40
02:26:38 AM    2    0.00    0.00    4.04    0.00    1.01    0.00    0.00    0.00    0.00   94.95
02:26:38 AM    3    0.00    0.00    3.12    0.00    1.04    0.00    0.00    0.00    0.00   95.83

02:26:38 AM  CPU    %usr   %nice    %sys %iowait    %irq   %soft  %steal  %guest  %gnice   %idle
02:26:39 AM  all    0.51    0.00    2.31    0.00    2.57   11.83    0.00    0.00    0.00   82.78
02:26:39 AM    0    0.00    0.00    0.00    0.00    3.00   46.00    0.00    0.00    0.00   51.00
02:26:39 AM    1    1.05    0.00    5.26    0.00    3.16    0.00    0.00    0.00    0.00   90.53
02:26:39 AM    2    0.00    0.00    2.08    0.00    2.08    0.00    0.00    0.00    0.00   95.83
02:26:39 AM    3    1.02    0.00    2.04    0.00    2.04    0.00    0.00    0.00    0.00   94.90

02:26:39 AM  CPU    %usr   %nice    %sys %iowait    %irq   %soft  %steal  %guest  %gnice   %idle
02:26:40 AM  all    0.52    0.00    2.33    0.00    2.07   11.89    0.00    0.00    0.00   83.20
02:26:40 AM    0    0.00    0.00    0.00    0.00    3.03   46.46    0.00    0.00    0.00   50.51
02:26:40 AM    1    1.08    0.00    3.23    0.00    3.23    0.00    0.00    0.00    0.00   92.47
02:26:40 AM    2    1.02    0.00    3.06    0.00    1.02    0.00    0.00    0.00    0.00   94.90
02:26:40 AM    3    0.00    0.00    3.09    0.00    1.03    0.00    0.00    0.00    0.00   95.88

02:26:40 AM  CPU    %usr   %nice    %sys %iowait    %irq   %soft  %steal  %guest  %gnice   %idle
02:26:41 AM  all    0.52    0.00    2.08    0.00    2.34   11.69    0.00    0.00    0.00   83.38
02:26:41 AM    0    0.00    0.00    0.00    0.00    3.06   45.92    0.00    0.00    0.00   51.02
02:26:41 AM    1    1.09    0.00    4.35    0.00    2.17    0.00    0.00    0.00    0.00   92.39
02:26:41 AM    2    1.02    0.00    2.04    0.00    2.04    0.00    0.00    0.00    0.00   94.90
02:26:41 AM    3    0.00    0.00    2.06    0.00    2.06    0.00    0.00    0.00    0.00   95.88

02:26:41 AM  CPU    %usr   %nice    %sys %iowait    %irq   %soft  %steal  %guest  %gnice   %idle
02:26:42 AM  all    1.01    0.00    3.80    0.00    2.03   11.65    0.00    0.00    0.00   81.52
02:26:42 AM    0    0.00    0.00    0.00    0.00    3.03   46.46    0.00    0.00    0.00   50.51
02:26:42 AM    1    1.00    0.00    4.00    0.00    2.00    0.00    0.00    0.00    0.00   93.00
02:26:42 AM    2    2.06    0.00    7.22    0.00    2.06    0.00    0.00    0.00    0.00   88.66
02:26:42 AM    3    1.01    0.00    4.04    0.00    1.01    0.00    0.00    0.00    0.00   93.94

02:26:42 AM  CPU    %usr   %nice    %sys %iowait    %irq   %soft  %steal  %guest  %gnice   %idle
02:26:43 AM  all    0.51    0.00    4.06    0.00    2.03   11.68    0.00    0.00    0.00   81.73
02:26:43 AM    0    0.00    0.00    1.02    0.00    3.06   46.94    0.00    0.00    0.00   48.98
02:26:43 AM    1    0.00    0.00    5.05    0.00    1.01    0.00    0.00    0.00    0.00   93.94
02:26:43 AM    2    1.02    0.00    6.12    0.00    3.06    0.00    0.00    0.00    0.00   89.80
02:26:43 AM    3    1.01    0.00    4.04    0.00    1.01    0.00    0.00    0.00    0.00   93.94

02:26:43 AM  CPU    %usr   %nice    %sys %iowait    %irq   %soft  %steal  %guest  %gnice   %idle
02:26:44 AM  all    0.26    0.00    2.82    0.00    2.31   12.31    0.00    0.00    0.00   82.31
02:26:44 AM    0    0.00    0.00    0.00    0.00    3.03   46.46    0.00    0.00    0.00   50.51
02:26:44 AM    1    1.01    0.00    2.02    0.00    2.02    1.01    0.00    0.00    0.00   93.94
02:26:44 AM    2    0.00    0.00    5.38    0.00    2.15    0.00    0.00    0.00    0.00   92.47
02:26:44 AM    3    0.00    0.00    4.04    0.00    2.02    1.01    0.00    0.00    0.00   92.93

02:26:44 AM  CPU    %usr   %nice    %sys %iowait    %irq   %soft  %steal  %guest  %gnice   %idle
02:26:45 AM  all    1.02    0.00    3.81    0.00    1.78   11.93    0.00    0.00    0.00   81.47
02:26:45 AM    0    0.00    0.00    0.00    0.00    3.12   48.96    0.00    0.00    0.00   47.92
02:26:45 AM    1    1.98    0.00    5.94    0.00    0.99    0.00    0.00    0.00    0.00   91.09
02:26:45 AM    2    2.04    0.00    7.14    0.00    3.06    0.00    0.00    0.00    0.00   87.76
02:26:45 AM    3    0.00    0.00    2.02    0.00    0.00    0.00    0.00    0.00    0.00   97.98

02:26:45 AM  CPU    %usr   %nice    %sys %iowait    %irq   %soft  %steal  %guest  %gnice   %idle
02:26:46 AM  all    0.25    0.00    3.82    0.00    2.29   11.70    0.00    0.00    0.00   81.93
02:26:46 AM    0    0.00    0.00    0.00    0.00    3.03   46.46    0.00    0.00    0.00   50.51
02:26:46 AM    1    0.00    0.00    3.09    0.00    1.03    0.00    0.00    0.00    0.00   95.88
02:26:46 AM    2    1.01    0.00    9.09    0.00    3.03    0.00    0.00    0.00    0.00   86.87
02:26:46 AM    3    0.00    0.00    3.06    0.00    2.04    0.00    0.00    0.00    0.00   94.90

02:26:46 AM  CPU    %usr   %nice    %sys %iowait    %irq   %soft  %steal  %guest  %gnice   %idle
02:26:47 AM  all    1.27    0.00    3.05    0.00    2.03   11.68    0.00    0.00    0.00   81.98
02:26:47 AM    0    0.00    0.00    0.00    0.00    3.09   47.42    0.00    0.00    0.00   49.48
02:26:47 AM    1    3.03    0.00    7.07    0.00    3.03    0.00    0.00    0.00    0.00   86.87
02:26:47 AM    2    1.03    0.00    5.15    0.00    2.06    0.00    0.00    0.00    0.00   91.75
02:26:47 AM    3    0.99    0.00    0.00    0.00    0.00    0.00    0.00    0.00    0.00   99.01

02:26:47 AM  CPU    %usr   %nice    %sys %iowait    %irq   %soft  %steal  %guest  %gnice   %idle
02:26:48 AM  all    1.04    0.00    1.82    0.00    2.08   11.95    0.00    0.00    0.00   83.12
02:26:48 AM    0    0.00    0.00    0.00    0.00    3.03   46.46    0.00    0.00    0.00   50.51
02:26:48 AM    1    1.08    0.00    4.30    0.00    3.23    0.00    0.00    0.00    0.00   91.40
02:26:48 AM    2    3.23    0.00    3.23    0.00    2.15    0.00    0.00    0.00    0.00   91.40
02:26:48 AM    3    0.00    0.00    0.00    0.00    0.00    0.00    0.00    0.00    0.00  100.00

02:26:48 AM  CPU    %usr   %nice    %sys %iowait    %irq   %soft  %steal  %guest  %gnice   %idle
02:26:49 AM  all    0.51    0.00    4.57    0.25    2.03   11.68    0.00    0.00    0.00   80.96
02:26:49 AM    0    0.00    0.00    1.00    0.00    3.00   46.00    0.00    0.00    0.00   50.00
02:26:49 AM    1    1.03    0.00    8.25    0.00    2.06    0.00    0.00    0.00    0.00   88.66
02:26:49 AM    2    1.04    0.00    8.33    0.00    3.12    0.00    0.00    0.00    0.00   87.50
02:26:49 AM    3    0.00    0.00    0.99    0.99    0.00    0.00    0.00    0.00    0.00   98.02

02:26:49 AM  CPU    %usr   %nice    %sys %iowait    %irq   %soft  %steal  %guest  %gnice   %idle
02:26:50 AM  all    0.51    0.00    3.08    0.00    2.31   11.54    0.00    0.00    0.00   82.56
02:26:50 AM    0    0.00    0.00    0.00    0.00    3.03   45.45    0.00    0.00    0.00   51.52
02:26:50 AM    1    1.05    0.00    6.32    0.00    3.16    0.00    0.00    0.00    0.00   89.47
02:26:50 AM    2    1.04    0.00    6.25    0.00    3.12    0.00    0.00    0.00    0.00   89.58
02:26:50 AM    3    0.00    0.00    0.00    0.00    0.00    0.00    0.00    0.00    0.00  100.00

02:26:50 AM  CPU    %usr   %nice    %sys %iowait    %irq   %soft  %steal  %guest  %gnice   %idle
02:26:51 AM  all    0.77    0.00    3.08    0.00    2.05   11.79    0.00    0.00    0.00   82.31
02:26:51 AM    0    0.00    0.00    0.00    0.00    3.03   46.46    0.00    0.00    0.00   50.51
02:26:51 AM    1    2.15    0.00    8.60    0.00    4.30    0.00    0.00    0.00    0.00   84.95
02:26:51 AM    2    1.01    0.00    4.04    0.00    1.01    0.00    0.00    0.00    0.00   93.94
02:26:51 AM    3    0.00    0.00    0.00    0.00    0.00    0.00    0.00    0.00    0.00  100.00

02:26:51 AM  CPU    %usr   %nice    %sys %iowait    %irq   %soft  %steal  %guest  %gnice   %idle
02:26:52 AM  all    0.76    0.00    4.06    0.00    2.28   11.68    0.00    0.00    0.00   81.22
02:26:52 AM    0    0.00    0.00    0.00    0.00    3.03   46.46    0.00    0.00    0.00   50.51
02:26:52 AM    1    2.06    0.00   10.31    0.00    4.12    0.00    0.00    0.00    0.00   83.51
02:26:52 AM    2    1.02    0.00    6.12    0.00    2.04    0.00    0.00    0.00    0.00   90.82
02:26:52 AM    3    0.00    0.00    0.00    0.00    0.00    0.00    0.00    0.00    0.00  100.00

02:26:52 AM  CPU    %usr   %nice    %sys %iowait    %irq   %soft  %steal  %guest  %gnice   %idle
02:26:53 AM  all    1.02    0.00    3.31    0.00    2.04   11.45    0.00    0.00    0.00   82.19
02:26:53 AM    0    0.00    0.00    0.00    0.00    3.03   45.45    0.00    0.00    0.00   51.52
02:26:53 AM    1    2.04    0.00    8.16    0.00    2.04    0.00    0.00    0.00    0.00   87.76
02:26:53 AM    2    2.08    0.00    5.21    0.00    3.12    0.00    0.00    0.00    0.00   89.58
02:26:53 AM    3    0.00    0.00    0.00    0.00    0.00    0.00    0.00    0.00    0.00  100.00

02:26:53 AM  CPU    %usr   %nice    %sys %iowait    %irq   %soft  %steal  %guest  %gnice   %idle
02:26:54 AM  all    0.51    0.00    3.59    0.00    2.31   11.79    0.00    0.00    0.00   81.79
02:26:54 AM    0    1.00    0.00    0.00    0.00    3.00   46.00    0.00    0.00    0.00   50.00
02:26:54 AM    1    0.00    0.00    8.33    0.00    3.12    0.00    0.00    0.00    0.00   88.54
02:26:54 AM    2    1.06    0.00    5.32    0.00    3.19    0.00    0.00    0.00    0.00   90.43
02:26:54 AM    3    0.00    0.00    1.00    0.00    0.00    0.00    0.00    0.00    0.00   99.00

02:26:54 AM  CPU    %usr   %nice    %sys %iowait    %irq   %soft  %steal  %guest  %gnice   %idle
02:26:55 AM  all    0.77    0.00    2.58    0.00    2.06   11.86    0.00    0.00    0.00   82.73
02:26:55 AM    0    0.00    0.00    0.00    0.00    3.03   46.46    0.00    0.00    0.00   50.51
02:26:55 AM    1    2.15    0.00    8.60    0.00    4.30    0.00    0.00    0.00    0.00   84.95
02:26:55 AM    2    1.04    0.00    2.08    0.00    1.04    0.00    0.00    0.00    0.00   95.83
02:26:55 AM    3    0.00    0.00    0.00    0.00    0.00    0.00    0.00    0.00    0.00  100.00

02:26:55 AM  CPU    %usr   %nice    %sys %iowait    %irq   %soft  %steal  %guest  %gnice   %idle
02:26:56 AM  all    0.76    0.00    3.31    0.00    2.04   11.70    0.00    0.00    0.00   82.19
02:26:56 AM    0    0.00    0.00    0.00    0.00    3.00   46.00    0.00    0.00    0.00   51.00
02:26:56 AM    1    2.13    0.00    9.57    0.00    4.26    0.00    0.00    0.00    0.00   84.04
02:26:56 AM    2    0.00    0.00    4.08    0.00    1.02    0.00    0.00    0.00    0.00   94.90
02:26:56 AM    3    0.99    0.00    0.00    0.00    0.00    0.00    0.00    0.00    0.00   99.01

02:26:56 AM  CPU    %usr   %nice    %sys %iowait    %irq   %soft  %steal  %guest  %gnice   %idle
02:26:57 AM  all    1.02    0.00    3.56    0.00    2.29   11.45    0.00    0.00    0.00   81.68
02:26:57 AM    0    0.00    0.00    0.00    0.00    3.06   45.92    0.00    0.00    0.00   51.02
02:26:57 AM    1    2.15    0.00    9.68    0.00    4.30    0.00    0.00    0.00    0.00   83.87
02:26:57 AM    2    1.96    0.00    4.90    0.00    1.96    0.00    0.00    0.00    0.00   91.18
02:26:57 AM    3    0.00    0.00    0.00    0.00    0.00    0.00    0.00    0.00    0.00  100.00

02:26:57 AM  CPU    %usr   %nice    %sys %iowait    %irq   %soft  %steal  %guest  %gnice   %idle
02:26:58 AM  all    1.29    0.00    1.81    0.00    2.07   11.89    0.00    0.00    0.00   82.95
02:26:58 AM    0    0.00    0.00    0.00    0.00    3.03   46.46    0.00    0.00    0.00   50.51
02:26:58 AM    1    4.35    0.00    5.43    0.00    4.35    0.00    0.00    0.00    0.00   85.87
02:26:58 AM    2    1.04    0.00    2.08    0.00    1.04    0.00    0.00    0.00    0.00   95.83
02:26:58 AM    3    0.00    0.00    0.00    0.00    0.00    0.00    0.00    0.00    0.00  100.00

02:26:58 AM  CPU    %usr   %nice    %sys %iowait    %irq   %soft  %steal  %guest  %gnice   %idle
02:26:59 AM  all    1.02    0.00    3.81    0.00    2.28   11.68    0.00    0.00    0.00   81.22
02:26:59 AM    0    0.00    0.00    0.00    0.00    3.03   46.46    0.00    0.00    0.00   50.51
02:26:59 AM    1    2.08    0.00   12.50    0.00    4.17    0.00    0.00    0.00    0.00   81.25
02:26:59 AM    2    1.01    0.00    3.03    0.00    2.02    0.00    0.00    0.00    0.00   93.94
02:26:59 AM    3    1.00    0.00    0.00    0.00    0.00    0.00    0.00    0.00    0.00   99.00

02:26:59 AM  CPU    %usr   %nice    %sys %iowait    %irq   %soft  %steal  %guest  %gnice   %idle
02:27:00 AM  all    0.51    0.00    4.06    0.00    2.03   11.68    0.00    0.00    0.00   81.73
02:27:00 AM    0    0.00    0.00    0.00    0.00    3.03   46.46    0.00    0.00    0.00   50.51
02:27:00 AM    1    2.08    0.00   11.46    0.00    4.17    0.00    0.00    0.00    0.00   82.29
02:27:00 AM    2    0.00    0.00    4.08    0.00    1.02    0.00    0.00    0.00    0.00   94.90
02:27:00 AM    3    0.00    0.00    0.99    0.00    0.00    0.00    0.00    0.00    0.00   99.01

02:27:00 AM  CPU    %usr   %nice    %sys %iowait    %irq   %soft  %steal  %guest  %gnice   %idle
02:27:01 AM  all    1.27    0.00    4.30    0.00    2.03   11.39    0.00    0.00    0.00   81.01
02:27:01 AM    0    0.00    0.00    0.00    0.00    3.03   45.45    0.00    0.00    0.00   51.52
02:27:01 AM    1    3.12    0.00   11.46    0.00    4.17    0.00    0.00    0.00    0.00   81.25
02:27:01 AM    2    1.98    0.00    5.94    0.00    0.99    0.00    0.00    0.00    0.00   91.09
02:27:01 AM    3    0.00    0.00    0.00    0.00    0.00    0.00    0.00    0.00    0.00  100.00

02:27:01 AM  CPU    %usr   %nice    %sys %iowait    %irq   %soft  %steal  %guest  %gnice   %idle
02:27:02 AM  all    0.26    0.00    3.58    0.00    2.05   11.76    0.00    0.00    0.00   82.35
02:27:02 AM    0    0.00    0.00    1.01    0.00    3.03   46.46    0.00    0.00    0.00   49.49
02:27:02 AM    1    1.04    0.00    6.25    0.00    2.08    0.00    0.00    0.00    0.00   90.62
02:27:02 AM    2    0.00    0.00    7.29    0.00    3.12    0.00    0.00    0.00    0.00   89.58
02:27:02 AM    3    0.00    0.00    0.00    0.00    0.00    0.00    0.00    0.00    0.00  100.00

02:27:02 AM  CPU    %usr   %nice    %sys %iowait    %irq   %soft  %steal  %guest  %gnice   %idle
02:27:03 AM  all    0.76    0.00    3.30    0.00    2.28   11.93    0.00    0.00    0.00   81.73
02:27:03 AM    0    0.00    0.00    0.00    0.00    3.00   46.00    0.00    0.00    0.00   51.00
02:27:03 AM    1    1.03    0.00    7.22    0.00    3.09    0.00    0.00    0.00    0.00   88.66
02:27:03 AM    2    2.06    0.00    6.19    0.00    3.09    1.03    0.00    0.00    0.00   87.63
02:27:03 AM    3    0.00    0.00    0.00    0.00    0.00    0.00    0.00    0.00    0.00  100.00

02:27:03 AM  CPU    %usr   %nice    %sys %iowait    %irq   %soft  %steal  %guest  %gnice   %idle
02:27:04 AM  all    0.77    0.00    3.08    0.00    2.05   11.79    0.00    0.00    0.00   82.31
02:27:04 AM    0    0.00    0.00    0.00    0.00    3.03   46.46    0.00    0.00    0.00   50.51
02:27:04 AM    1    2.06    0.00    7.22    0.00    3.09    0.00    0.00    0.00    0.00   87.63
02:27:04 AM    2    1.06    0.00    5.32    0.00    2.13    0.00    0.00    0.00    0.00   91.49
02:27:04 AM    3    0.00    0.00    0.00    0.00    0.00    0.00    0.00    0.00    0.00  100.00

02:27:04 AM  CPU    %usr   %nice    %sys %iowait    %irq   %soft  %steal  %guest  %gnice   %idle
02:27:05 AM  all    1.02    0.00    3.31    0.00    2.04   11.70    0.00    0.00    0.00   81.93
02:27:05 AM    0    0.00    0.00    0.00    0.00    3.03   46.46    0.00    0.00    0.00   50.51
02:27:05 AM    1    1.04    0.00    7.29    0.00    2.08    0.00    0.00    0.00    0.00   89.58
02:27:05 AM    2    2.02    0.00    3.03    0.00    2.02    0.00    0.00    0.00    0.00   92.93
02:27:05 AM    3    1.01    0.00    3.03    0.00    1.01    0.00    0.00    0.00    0.00   94.95

02:27:05 AM  CPU    %usr   %nice    %sys %iowait    %irq   %soft  %steal  %guest  %gnice   %idle
02:27:06 AM  all    1.28    0.00    3.57    0.00    2.04   11.48    0.00    0.00    0.00   81.63
02:27:06 AM    0    0.00    0.00    0.00    0.00    3.06   45.92    0.00    0.00    0.00   51.02
02:27:06 AM    1    5.15    0.00    9.28    0.00    4.12    0.00    0.00    0.00    0.00   81.44
02:27:06 AM    2    0.00    0.00    5.05    0.00    1.01    0.00    0.00    0.00    0.00   93.94
02:27:06 AM    3    0.00    0.00    0.00    0.00    0.00    0.00    0.00    0.00    0.00  100.00

02:27:06 AM  CPU    %usr   %nice    %sys %iowait    %irq   %soft  %steal  %guest  %gnice   %idle
02:27:07 AM  all    1.02    0.00    2.81    0.00    2.30   11.73    0.00    0.00    0.00   82.14
02:27:07 AM    0    0.00    0.00    0.00    0.00    3.03   46.46    0.00    0.00    0.00   50.51
02:27:07 AM    1    2.13    0.00    9.57    0.00    4.26    0.00    0.00    0.00    0.00   84.04
02:27:07 AM    2    1.02    0.00    2.04    0.00    2.04    0.00    0.00    0.00    0.00   94.90
02:27:07 AM    3    0.99    0.00    0.00    0.00    0.00    0.00    0.00    0.00    0.00   99.01

02:27:07 AM  CPU    %usr   %nice    %sys %iowait    %irq   %soft  %steal  %guest  %gnice   %idle
02:27:08 AM  all    0.51    0.00    3.59    0.00    2.05   11.79    0.00    0.00    0.00   82.05
02:27:08 AM    0    0.00    0.00    0.00    0.00    3.03   46.46    0.00    0.00    0.00   50.51
02:27:08 AM    1    2.08    0.00   12.50    0.00    4.17    0.00    0.00    0.00    0.00   81.25
02:27:08 AM    2    0.00    0.00    2.11    0.00    1.05    0.00    0.00    0.00    0.00   96.84
02:27:08 AM    3    0.00    0.00    0.00    0.00    0.00    0.00    0.00    0.00    0.00  100.00

02:27:08 AM  CPU    %usr   %nice    %sys %iowait    %irq   %soft  %steal  %guest  %gnice   %idle
02:27:09 AM  all    0.51    0.00    2.82    0.00    2.05   11.79    0.00    0.00    0.00   82.82
02:27:09 AM    0    0.00    0.00    0.00    0.00    3.00   46.00    0.00    0.00    0.00   51.00
02:27:09 AM    1    1.09    0.00    8.70    0.00    4.35    0.00    0.00    0.00    0.00   85.87
02:27:09 AM    2    1.02    0.00    3.06    0.00    1.02    0.00    0.00    0.00    0.00   94.90
02:27:09 AM    3    0.00    0.00    0.00    0.00    0.00    0.00    0.00    0.00    0.00  100.00

02:27:09 AM  CPU    %usr   %nice    %sys %iowait    %irq   %soft  %steal  %guest  %gnice   %idle
02:27:10 AM  all    0.52    0.00    2.33    0.00    2.33   11.89    0.00    0.00    0.00   82.95
02:27:10 AM    0    0.00    0.00    0.00    0.00    3.03   46.46    0.00    0.00    0.00   50.51
02:27:10 AM    1    2.17    0.00    8.70    0.00    4.35    0.00    0.00    0.00    0.00   84.78
02:27:10 AM    2    0.00    0.00    1.04    0.00    2.08    0.00    0.00    0.00    0.00   96.88
02:27:10 AM    3    0.00    0.00    0.00    0.00    0.00    0.00    0.00    0.00    0.00  100.00

02:27:10 AM  CPU    %usr   %nice    %sys %iowait    %irq   %soft  %steal  %guest  %gnice   %idle
02:27:11 AM  all    0.78    0.00    3.36    0.00    2.07   11.63    0.00    0.00    0.00   82.17
02:27:11 AM    0    0.00    0.00    0.00    0.00    3.06   45.92    0.00    0.00    0.00   51.02
02:27:11 AM    1    2.15    0.00   10.75    0.00    4.30    0.00    0.00    0.00    0.00   82.80
02:27:11 AM    2    1.04    0.00    2.08    0.00    1.04    0.00    0.00    0.00    0.00   95.83
02:27:11 AM    3    0.00    0.00    1.00    0.00    0.00    0.00    0.00    0.00    0.00   99.00

02:27:11 AM  CPU    %usr   %nice    %sys %iowait    %irq   %soft  %steal  %guest  %gnice   %idle
02:27:12 AM  all    0.51    0.00    3.56    0.00    2.29   11.70    0.00    0.00    0.00   81.93
02:27:12 AM    0    0.00    0.00    0.00    0.00    3.03   46.46    0.00    0.00    0.00   50.51
02:27:12 AM    1    1.08    0.00    9.68    0.00    4.30    0.00    0.00    0.00    0.00   84.95
02:27:12 AM    2    0.99    0.00    4.95    0.00    1.98    0.00    0.00    0.00    0.00   92.08
02:27:12 AM    3    0.00    0.00    0.00    0.00    0.00    0.00    0.00    0.00    0.00  100.00

02:27:12 AM  CPU    %usr   %nice    %sys %iowait    %irq   %soft  %steal  %guest  %gnice   %idle
02:27:13 AM  all    1.03    0.00    2.07    0.00    2.07   11.89    0.00    0.00    0.00   82.95
02:27:13 AM    0    0.00    0.00    0.00    0.00    3.03   46.46    0.00    0.00    0.00   50.51
02:27:13 AM    1    3.26    0.00    7.61    0.00    4.35    0.00    0.00    0.00    0.00   84.78
02:27:13 AM    2    1.04    0.00    1.04    0.00    1.04    0.00    0.00    0.00    0.00   96.88
02:27:13 AM    3    0.00    0.00    0.00    0.00    0.00    0.00    0.00    0.00    0.00  100.00

02:27:13 AM  CPU    %usr   %nice    %sys %iowait    %irq   %soft  %steal  %guest  %gnice   %idle
02:27:14 AM  all    0.51    0.00    3.08    0.00    2.05   11.79    0.00    0.00    0.00   82.56
02:27:14 AM    0    0.00    0.00    0.00    0.00    3.00   46.00    0.00    0.00    0.00   51.00
02:27:14 AM    1    2.08    0.00   11.46    0.00    4.17    0.00    0.00    0.00    0.00   82.29
02:27:14 AM    2    0.00    0.00    1.06    0.00    1.06    0.00    0.00    0.00    0.00   97.87
02:27:14 AM    3    0.00    0.00    0.00    0.00    0.00    0.00    0.00    0.00    0.00  100.00

02:27:14 AM  CPU    %usr   %nice    %sys %iowait    %irq   %soft  %steal  %guest  %gnice   %idle
02:27:15 AM  all    0.51    0.00    3.08    0.00    2.31   11.79    0.00    0.00    0.00   82.31
02:27:15 AM    0    0.00    0.00    0.00    0.00    3.06   46.94    0.00    0.00    0.00   50.00
02:27:15 AM    1    2.11    0.00   11.58    0.00    4.21    0.00    0.00    0.00    0.00   82.11
02:27:15 AM    2    0.00    0.00    0.00    0.00    0.99    0.00    0.00    0.00    0.00   99.01
02:27:15 AM    3    0.00    0.00    1.04    0.00    1.04    0.00    0.00    0.00    0.00   97.92

02:27:15 AM  CPU    %usr   %nice    %sys %iowait    %irq   %soft  %steal  %guest  %gnice   %idle
02:27:16 AM  all    0.26    0.00    3.60    0.00    2.31   11.83    0.00    0.00    0.00   82.01
02:27:16 AM    0    0.00    0.00    2.02    0.00    4.04   46.46    0.00    0.00    0.00   47.47
02:27:16 AM    1    0.00    0.00    8.42    0.00    3.16    0.00    0.00    0.00    0.00   88.42
02:27:16 AM    2    0.00    0.00    1.02    0.00    0.00    0.00    0.00    0.00    0.00   98.98
02:27:16 AM    3    1.03    0.00    3.09    0.00    2.06    0.00    0.00    0.00    0.00   93.81

02:27:16 AM  CPU    %usr   %nice    %sys %iowait    %irq   %soft  %steal  %guest  %gnice   %idle
02:27:17 AM  all    1.03    0.00    2.57    0.00    2.06   11.83    0.00    0.00    0.00   82.52
02:27:17 AM    0    0.00    0.00    0.00    0.00    3.06   46.94    0.00    0.00    0.00   50.00
02:27:17 AM    1    4.40    0.00   10.99    0.00    5.49    0.00    0.00    0.00    0.00   79.12
02:27:17 AM    2    0.00    0.00    0.00    0.00    0.00    0.00    0.00    0.00    0.00  100.00
02:27:17 AM    3    0.00    0.00    0.00    0.00    0.00    0.00    0.00    0.00    0.00  100.00

02:27:17 AM  CPU    %usr   %nice    %sys %iowait    %irq   %soft  %steal  %guest  %gnice   %idle
02:27:18 AM  all    1.03    0.00    2.56    0.00    2.05   11.79    0.00    0.00    0.00   82.56
02:27:18 AM    0    1.01    0.00    0.00    0.00    3.03   46.46    0.00    0.00    0.00   49.49
02:27:18 AM    1    3.30    0.00   10.99    0.00    5.49    0.00    0.00    0.00    0.00   80.22
02:27:18 AM    2    0.00    0.00    0.00    0.00    0.00    0.00    0.00    0.00    0.00  100.00
02:27:18 AM    3    0.00    0.00    0.00    0.00    0.00    0.00    0.00    0.00    0.00  100.00

02:27:18 AM  CPU    %usr   %nice    %sys %iowait    %irq   %soft  %steal  %guest  %gnice   %idle
02:27:19 AM  all    0.77    0.00    3.07    0.00    2.05   11.76    0.00    0.00    0.00   82.35
02:27:19 AM    0    0.00    0.00    0.00    0.00    3.03   46.46    0.00    0.00    0.00   50.51
02:27:19 AM    1    1.06    0.00   10.64    0.00    4.26    0.00    0.00    0.00    0.00   84.04
02:27:19 AM    2    2.04    0.00    2.04    0.00    1.02    0.00    0.00    0.00    0.00   94.90
02:27:19 AM    3    0.00    0.00    0.00    0.00    0.00    0.00    0.00    0.00    0.00  100.00

02:27:19 AM  CPU    %usr   %nice    %sys %iowait    %irq   %soft  %steal  %guest  %gnice   %idle
02:27:20 AM  all    0.26    0.00    3.34    0.00    2.06   11.83    0.00    0.00    0.00   82.52
02:27:20 AM    0    0.00    0.00    0.00    0.00    3.03   46.46    0.00    0.00    0.00   50.51
02:27:20 AM    1    1.06    0.00    7.45    0.00    3.19    0.00    0.00    0.00    0.00   88.30
02:27:20 AM    2    0.00    0.00    6.25    0.00    2.08    0.00    0.00    0.00    0.00   91.67
02:27:20 AM    3    0.00    0.00    0.00    0.00    0.00    0.00    0.00    0.00    0.00  100.00

02:27:20 AM  CPU    %usr   %nice    %sys %iowait    %irq   %soft  %steal  %guest  %gnice   %idle
02:27:21 AM  all    0.51    0.00    3.80    0.00    2.03   12.15    0.00    0.00    0.00   81.52
02:27:21 AM    0    0.00    0.00    1.03    0.00    3.09   48.45    0.00    0.00    0.00   47.42
02:27:21 AM    1    0.00    0.00    9.09    0.00    3.03    1.01    0.00    0.00    0.00   86.87
02:27:21 AM    2    2.02    0.00    5.05    0.00    2.02    0.00    0.00    0.00    0.00   90.91
02:27:21 AM    3    0.00    0.00    0.00    0.00    0.00    0.00    0.00    0.00    0.00  100.00

02:27:21 AM  CPU    %usr   %nice    %sys %iowait    %irq   %soft  %steal  %guest  %gnice   %idle
02:27:22 AM  all    0.77    0.00    2.56    0.00    2.30   11.76    0.00    0.00    0.00   82.61
02:27:22 AM    0    0.00    0.00    1.04    0.00    3.12   47.92    0.00    0.00    0.00   47.92
02:27:22 AM    1    2.08    0.00    5.21    0.00    3.12    0.00    0.00    0.00    0.00   89.58
02:27:22 AM    2    1.00    0.00    4.00    0.00    2.00    0.00    0.00    0.00    0.00   93.00
02:27:22 AM    3    0.00    0.00    0.00    0.00    1.01    0.00    0.00    0.00    0.00   98.99

02:27:22 AM  CPU    %usr   %nice    %sys %iowait    %irq   %soft  %steal  %guest  %gnice   %idle
02:27:23 AM  all    0.26    0.00    3.11    0.00    2.07   11.92    0.00    0.00    0.00   82.64
02:27:23 AM    0    0.00    0.00    0.00    0.00    3.06   46.94    0.00    0.00    0.00   50.00
02:27:23 AM    1    0.00    0.00    7.29    0.00    3.12    0.00    0.00    0.00    0.00   89.58
02:27:23 AM    2    0.00    0.00    2.11    0.00    1.05    0.00    0.00    0.00    0.00   96.84
02:27:23 AM    3    1.03    0.00    3.09    0.00    1.03    0.00    0.00    0.00    0.00   94.85

02:27:23 AM  CPU    %usr   %nice    %sys %iowait    %irq   %soft  %steal  %guest  %gnice   %idle
02:27:24 AM  all    1.27    0.00    3.54    0.00    2.03   11.65    0.00    0.00    0.00   81.52
02:27:24 AM    0    0.00    0.00    0.00    0.00    3.03   46.46    0.00    0.00    0.00   50.51
02:27:24 AM    1    1.98    0.00    4.95    0.00    0.99    0.00    0.00    0.00    0.00   92.08
02:27:24 AM    2    2.00    0.00    3.00    0.00    2.00    0.00    0.00    0.00    0.00   93.00
02:27:24 AM    3    1.05    0.00    6.32    0.00    2.11    0.00    0.00    0.00    0.00   90.53

02:27:24 AM  CPU    %usr   %nice    %sys %iowait    %irq   %soft  %steal  %guest  %gnice   %idle
02:27:25 AM  all    0.26    0.00    2.84    0.00    2.07   11.89    0.00    0.00    0.00   82.95
02:27:25 AM    0    0.00    0.00    0.00    0.00    3.03   46.46    0.00    0.00    0.00   50.51
02:27:25 AM    1    1.01    0.00    4.04    0.00    1.01    0.00    0.00    0.00    0.00   93.94
02:27:25 AM    2    0.00    0.00    2.08    0.00    1.04    0.00    0.00    0.00    0.00   96.88
02:27:25 AM    3    0.00    0.00    5.38    0.00    3.23    0.00    0.00    0.00    0.00   91.40

02:27:25 AM  CPU    %usr   %nice    %sys %iowait    %irq   %soft  %steal  %guest  %gnice   %idle
02:27:26 AM  all    0.51    0.00    3.07    0.00    2.30   11.76    0.00    0.00    0.00   82.35
02:27:26 AM    0    0.00    0.00    0.00    0.00    3.03   46.46    0.00    0.00    0.00   50.51
02:27:26 AM    1    0.00    0.00    2.06    0.00    2.06    0.00    0.00    0.00    0.00   95.88
02:27:26 AM    2    1.02    0.00    3.06    0.00    1.02    0.00    0.00    0.00    0.00   94.90
02:27:26 AM    3    1.03    0.00    7.22    0.00    3.09    0.00    0.00    0.00    0.00   88.66

02:27:26 AM  CPU    %usr   %nice    %sys %iowait    %irq   %soft  %steal  %guest  %gnice   %idle
02:27:27 AM  all    1.02    0.00    3.57    0.00    2.04   11.73    0.00    0.00    0.00   81.63
02:27:27 AM    0    0.00    0.00    1.00    0.00    3.00   46.00    0.00    0.00    0.00   50.00
02:27:27 AM    1    2.02    0.00    4.04    0.00    1.01    0.00    0.00    0.00    0.00   92.93
02:27:27 AM    2    0.00    0.00    3.09    0.00    2.06    0.00    0.00    0.00    0.00   94.85
02:27:27 AM    3    2.08    0.00    6.25    0.00    2.08    0.00    0.00    0.00    0.00   89.58

02:27:27 AM  CPU    %usr   %nice    %sys %iowait    %irq   %soft  %steal  %guest  %gnice   %idle
02:27:28 AM  all    0.52    0.00    2.33    0.00    2.07   11.89    0.00    0.00    0.00   83.20
02:27:28 AM    0    0.00    0.00    0.00    0.00    3.03   46.46    0.00    0.00    0.00   50.51
02:27:28 AM    1    1.03    0.00    2.06    0.00    1.03    0.00    0.00    0.00    0.00   95.88
02:27:28 AM    2    0.00    0.00    4.08    0.00    1.02    0.00    0.00    0.00    0.00   94.90
02:27:28 AM    3    1.08    0.00    3.23    0.00    3.23    0.00    0.00    0.00    0.00   92.47

02:27:28 AM  CPU    %usr   %nice    %sys %iowait    %irq   %soft  %steal  %guest  %gnice   %idle
02:27:29 AM  all    0.51    0.00    3.82    0.00    2.54   11.45    0.00    0.00    0.00   81.68
02:27:29 AM    0    0.00    0.00    0.00    0.00    3.06   45.92    0.00    0.00    0.00   51.02
02:27:29 AM    1    0.00    0.00    4.04    0.00    2.02    0.00    0.00    0.00    0.00   93.94
02:27:29 AM    2    1.01    0.00    3.03    0.00    2.02    0.00    0.00    0.00    0.00   93.94
02:27:29 AM    3    1.03    0.00    8.25    0.00    3.09    0.00    0.00    0.00    0.00   87.63

02:27:29 AM  CPU    %usr   %nice    %sys %iowait    %irq   %soft  %steal  %guest  %gnice   %idle
02:27:30 AM  all    1.03    0.00    2.31    0.00    1.80   11.83    0.00    0.00    0.00   83.03
02:27:30 AM    0    0.00    0.00    0.00    0.00    3.00   46.00    0.00    0.00    0.00   51.00
02:27:30 AM    1    0.00    0.00    1.05    0.00    1.05    0.00    0.00    0.00    0.00   97.89
02:27:30 AM    2    2.04    0.00    2.04    0.00    1.02    0.00    0.00    0.00    0.00   94.90
02:27:30 AM    3    2.08    0.00    6.25    0.00    2.08    0.00    0.00    0.00    0.00   89.58

02:27:30 AM  CPU    %usr   %nice    %sys %iowait    %irq   %soft  %steal  %guest  %gnice   %idle
02:27:31 AM  all    0.76    0.00    3.82    0.00    2.29   11.70    0.00    0.00    0.00   81.42
02:27:31 AM    0    0.00    0.00    0.00    0.00    3.03   46.46    0.00    0.00    0.00   50.51
02:27:31 AM    1    2.02    0.00    2.02    0.00    2.02    0.00    0.00    0.00    0.00   93.94
02:27:31 AM    2    1.01    0.00    5.05    0.00    1.01    0.00    0.00    0.00    0.00   92.93
02:27:31 AM    3    0.00    0.00    8.33    0.00    3.12    0.00    0.00    0.00    0.00   88.54

02:27:31 AM  CPU    %usr   %nice    %sys %iowait    %irq   %soft  %steal  %guest  %gnice   %idle
02:27:32 AM  all    0.51    0.00    2.83    0.00    2.31   11.83    0.00    0.00    0.00   82.52
02:27:32 AM    0    0.00    0.00    0.00    0.00    3.03   46.46    0.00    0.00    0.00   50.51
02:27:32 AM    1    0.00    0.00    3.12    0.00    1.04    0.00    0.00    0.00    0.00   95.83
02:27:32 AM    2    1.02    0.00    2.04    0.00    2.04    0.00    0.00    0.00    0.00   94.90
02:27:32 AM    3    1.04    0.00    6.25    0.00    3.12    0.00    0.00    0.00    0.00   89.58

02:27:32 AM  CPU    %usr   %nice    %sys %iowait    %irq   %soft  %steal  %guest  %gnice   %idle
02:27:33 AM  all    0.26    0.00    3.38    0.00    1.82   11.69    0.00    0.00    0.00   82.86
02:27:33 AM    0    0.00    0.00    0.00    0.00    3.06   45.92    0.00    0.00    0.00   51.02
02:27:33 AM    1    0.00    0.00    3.12    0.00    1.04    0.00    0.00    0.00    0.00   95.83
02:27:33 AM    2    0.00    0.00    3.12    0.00    1.04    0.00    0.00    0.00    0.00   95.83
02:27:33 AM    3    1.05    0.00    7.37    0.00    2.11    0.00    0.00    0.00    0.00   89.47

02:27:33 AM  CPU    %usr   %nice    %sys %iowait    %irq   %soft  %steal  %guest  %gnice   %idle
02:27:34 AM  all    1.02    0.00    3.81    0.00    2.28   11.68    0.00    0.00    0.00   81.22
02:27:34 AM    0    0.99    0.00    0.99    0.00    2.97   45.54    0.00    0.00    0.00   49.50
02:27:34 AM    1    2.02    0.00    3.03    0.00    2.02    0.00    0.00    0.00    0.00   92.93
02:27:34 AM    2    0.00    0.00    2.11    0.00    1.05    0.00    0.00    0.00    0.00   96.84
02:27:34 AM    3    1.01    0.00    9.09    0.00    3.03    0.00    0.00    0.00    0.00   86.87

02:27:34 AM  CPU    %usr   %nice    %sys %iowait    %irq   %soft  %steal  %guest  %gnice   %idle
02:27:35 AM  all    0.76    0.00    4.05    0.00    2.28   11.65    0.00    0.00    0.00   81.27
02:27:35 AM    0    0.00    0.00    0.00    0.00    3.03   46.46    0.00    0.00    0.00   50.51
02:27:35 AM    1    0.00    0.00    4.08    0.00    1.02    0.00    0.00    0.00    0.00   94.90
02:27:35 AM    2    1.00    0.00    4.00    0.00    2.00    0.00    0.00    0.00    0.00   93.00
02:27:35 AM    3    2.04    0.00    8.16    0.00    3.06    0.00    0.00    0.00    0.00   86.73

02:27:35 AM  CPU    %usr   %nice    %sys %iowait    %irq   %soft  %steal  %guest  %gnice   %idle
02:27:36 AM  all    0.77    0.00    3.06    0.00    2.04   11.73    0.00    0.00    0.00   82.40
02:27:36 AM    0    0.00    0.00    0.00    0.00    3.00   46.00    0.00    0.00    0.00   51.00
02:27:36 AM    1    1.02    0.00    2.04    0.00    2.04    0.00    0.00    0.00    0.00   94.90
02:27:36 AM    2    0.00    0.00    4.08    0.00    1.02    0.00    0.00    0.00    0.00   94.90
02:27:36 AM    3    2.08    0.00    6.25    0.00    2.08    0.00    0.00    0.00    0.00   89.58

02:27:36 AM  CPU    %usr   %nice    %sys %iowait    %irq   %soft  %steal  %guest  %gnice   %idle
02:27:37 AM  all    0.52    0.00    2.08    0.00    2.34   11.69    0.00    0.00    0.00   83.38
02:27:37 AM    0    0.00    0.00    0.00    0.00    3.06   45.92    0.00    0.00    0.00   51.02
02:27:37 AM    1    1.04    0.00    1.04    0.00    1.04    0.00    0.00    0.00    0.00   96.88
02:27:37 AM    2    0.00    0.00    1.04    0.00    2.08    0.00    0.00    0.00    0.00   96.88
02:27:37 AM    3    1.05    0.00    6.32    0.00    3.16    0.00    0.00    0.00    0.00   89.47

02:27:37 AM  CPU    %usr   %nice    %sys %iowait    %irq   %soft  %steal  %guest  %gnice   %idle
02:27:38 AM  all    1.02    0.00    3.56    0.00    2.04   11.70    0.00    0.00    0.00   81.68
02:27:38 AM    0    0.00    0.00    0.00    0.00    3.03   46.46    0.00    0.00    0.00   50.51
02:27:38 AM    1    1.02    0.00    3.06    0.00    1.02    0.00    0.00    0.00    0.00   94.90
02:27:38 AM    2    1.02    0.00    4.08    0.00    1.02    0.00    0.00    0.00    0.00   93.88
02:27:38 AM    3    2.04    0.00    7.14    0.00    3.06    0.00    0.00    0.00    0.00   87.76

02:27:38 AM  CPU    %usr   %nice    %sys %iowait    %irq   %soft  %steal  %guest  %gnice   %idle
02:27:39 AM  all    0.26    0.00    2.83    0.00    2.31   11.83    0.00    0.00    0.00   82.78
02:27:39 AM    0    0.00    0.00    0.00    0.00    3.03   46.46    0.00    0.00    0.00   50.51
02:27:39 AM    1    0.00    0.00    4.04    0.00    2.02    0.00    0.00    0.00    0.00   93.94
02:27:39 AM    2    1.02    0.00    3.06    0.00    1.02    0.00    0.00    0.00    0.00   94.90
02:27:39 AM    3    0.00    0.00    4.30    0.00    3.23    0.00    0.00    0.00    0.00   92.47

02:27:39 AM  CPU    %usr   %nice    %sys %iowait    %irq   %soft  %steal  %guest  %gnice   %idle
02:27:40 AM  all    0.52    0.00    2.84    0.00    2.06   11.86    0.00    0.00    0.00   82.73
02:27:40 AM    0    0.00    0.00    0.00    0.00    3.03   46.46    0.00    0.00    0.00   50.51
02:27:40 AM    1    0.00    0.00    2.08    0.00    1.04    0.00    0.00    0.00    0.00   96.88
02:27:40 AM    2    0.00    0.00    3.06    0.00    2.04    0.00    0.00    0.00    0.00   94.90
02:27:40 AM    3    2.11    0.00    6.32    0.00    2.11    0.00    0.00    0.00    0.00   89.47

02:27:40 AM  CPU    %usr   %nice    %sys %iowait    %irq   %soft  %steal  %guest  %gnice   %idle
02:27:41 AM  all    0.51    0.00    4.09    0.00    2.05   11.76    0.00    0.00    0.00   81.59
02:27:41 AM    0    1.02    0.00    1.02    0.00    3.06   46.94    0.00    0.00    0.00   47.96
02:27:41 AM    1    0.00    0.00    3.03    0.00    1.01    0.00    0.00    0.00    0.00   95.96
02:27:41 AM    2    1.01    0.00    3.03    0.00    1.01    0.00    0.00    0.00    0.00   94.95
02:27:41 AM    3    0.00    0.00    9.47    0.00    3.16    0.00    0.00    0.00    0.00   87.37

02:27:41 AM  CPU    %usr   %nice    %sys %iowait    %irq   %soft  %steal  %guest  %gnice   %idle
02:27:42 AM  all    0.26    0.00    3.83    0.00    2.04   11.73    0.00    0.00    0.00   82.14
02:27:42 AM    0    0.00    0.00    0.00    0.00    3.00   46.00    0.00    0.00    0.00   51.00
02:27:42 AM    1    0.00    0.00    0.00    0.00    0.00    0.00    0.00    0.00    0.00  100.00
02:27:42 AM    2    0.00    0.00    5.10    0.00    1.02    0.00    0.00    0.00    0.00   93.88
02:27:42 AM    3    1.06    0.00   10.64    0.00    4.26    0.00    0.00    0.00    0.00   84.04

02:27:42 AM  CPU    %usr   %nice    %sys %iowait    %irq   %soft  %steal  %guest  %gnice   %idle
02:27:43 AM  all    1.28    0.00    2.05    0.00    2.31   12.05    0.00    0.00    0.00   82.31
02:27:43 AM    0    0.00    0.00    0.00    0.00    3.03   46.46    0.00    0.00    0.00   50.51
02:27:43 AM    1    0.00    0.00    0.00    0.00    0.00    0.00    0.00    0.00    0.00  100.00
02:27:43 AM    2    2.00    0.00    3.00    0.00    2.00    0.00    0.00    0.00    0.00   93.00
02:27:43 AM    3    3.30    0.00    5.49    0.00    4.40    1.10    0.00    0.00    0.00   85.71

02:27:43 AM  CPU    %usr   %nice    %sys %iowait    %irq   %soft  %steal  %guest  %gnice   %idle
02:27:44 AM  all    0.51    0.00    3.34    0.00    2.31   11.57    0.00    0.00    0.00   82.26
02:27:44 AM    0    0.00    0.00    0.00    0.00    4.04   45.45    0.00    0.00    0.00   50.51
02:27:44 AM    1    0.00    0.00    0.00    0.00    0.00    0.00    0.00    0.00    0.00  100.00
02:27:44 AM    2    2.06    0.00    6.19    0.00    2.06    0.00    0.00    0.00    0.00   89.69
02:27:44 AM    3    0.00    0.00    7.53    0.00    3.23    0.00    0.00    0.00    0.00   89.25

02:27:44 AM  CPU    %usr   %nice    %sys %iowait    %irq   %soft  %steal  %guest  %gnice   %idle
02:27:45 AM  all    0.77    0.00    3.57    0.00    2.30   11.73    0.00    0.00    0.00   81.63
02:27:45 AM    0    0.00    0.00    0.00    0.00    3.03   46.46    0.00    0.00    0.00   50.51
02:27:45 AM    1    0.00    0.00    0.00    0.00    0.00    0.00    0.00    0.00    0.00  100.00
02:27:45 AM    2    0.00    0.00    7.37    0.00    3.16    0.00    0.00    0.00    0.00   89.47
02:27:45 AM    3    3.06    0.00    7.14    0.00    3.06    0.00    0.00    0.00    0.00   86.73

02:27:45 AM  CPU    %usr   %nice    %sys %iowait    %irq   %soft  %steal  %guest  %gnice   %idle
02:27:46 AM  all    0.26    0.00    3.32    0.00    2.04   11.99    0.00    0.00    0.00   82.40
02:27:46 AM    0    0.00    0.00    0.00    0.00    3.00   46.00    0.00    0.00    0.00   51.00
02:27:46 AM    1    0.00    0.00    0.00    0.00    0.00    0.00    0.00    0.00    0.00  100.00
02:27:46 AM    2    0.00    0.00    7.29    0.00    2.08    1.04    0.00    0.00    0.00   89.58
02:27:46 AM    3    1.04    0.00    6.25    0.00    3.12    0.00    0.00    0.00    0.00   89.58

02:27:46 AM  CPU    %usr   %nice    %sys %iowait    %irq   %soft  %steal  %guest  %gnice   %idle
02:27:47 AM  all    0.77    0.00    3.84    0.00    2.05   11.76    0.00    0.00    0.00   81.59
02:27:47 AM    0    0.00    0.00    0.00    0.00    3.03   46.46    0.00    0.00    0.00   50.51
02:27:47 AM    1    0.00    0.00    0.00    0.00    0.00    0.00    0.00    0.00    0.00  100.00
02:27:47 AM    2    1.04    0.00    7.29    0.00    3.12    0.00    0.00    0.00    0.00   88.54
02:27:47 AM    3    2.06    0.00    8.25    0.00    2.06    0.00    0.00    0.00    0.00   87.63

02:27:47 AM  CPU    %usr   %nice    %sys %iowait    %irq   %soft  %steal  %guest  %gnice   %idle
02:27:48 AM  all    0.52    0.00    2.58    0.00    2.32   11.60    0.00    0.00    0.00   82.99
02:27:48 AM    0    0.00    0.00    0.00    0.00    3.06   45.92    0.00    0.00    0.00   51.02
02:27:48 AM    1    0.00    0.00    0.00    0.00    0.00    0.00    0.00    0.00    0.00  100.00
02:27:48 AM    2    2.11    0.00    4.21    0.00    3.16    0.00    0.00    0.00    0.00   90.53
02:27:48 AM    3    0.00    0.00    6.32    0.00    3.16    0.00    0.00    0.00    0.00   90.53

02:27:48 AM  CPU    %usr   %nice    %sys %iowait    %irq   %soft  %steal  %guest  %gnice   %idle
02:27:49 AM  all    1.02    0.00    3.31    0.00    2.04   11.70    0.00    0.00    0.00   81.93
02:27:49 AM    0    0.00    0.00    0.00    0.00    3.03   46.46    0.00    0.00    0.00   50.51
02:27:49 AM    1    0.00    0.00    0.00    0.00    0.00    0.00    0.00    0.00    0.00  100.00
02:27:49 AM    2    2.06    0.00    7.22    0.00    2.06    0.00    0.00    0.00    0.00   88.66
02:27:49 AM    3    2.06    0.00    6.19    0.00    3.09    0.00    0.00    0.00    0.00   88.66

02:27:49 AM  CPU    %usr   %nice    %sys %iowait    %irq   %soft  %steal  %guest  %gnice   %idle
02:27:50 AM  all    0.76    0.00    3.31    0.00    2.29   11.70    0.00    0.00    0.00   81.93
02:27:50 AM    0    0.00    0.00    0.00    0.00    3.00   46.00    0.00    0.00    0.00   51.00
02:27:50 AM    1    0.00    0.00    0.00    0.00    0.00    0.00    0.00    0.00    0.00  100.00
02:27:50 AM    2    2.06    0.00    8.25    0.00    4.12    0.00    0.00    0.00    0.00   85.57
02:27:50 AM    3    1.04    0.00    5.21    0.00    2.08    0.00    0.00    0.00    0.00   91.67

02:27:50 AM  CPU    %usr   %nice    %sys %iowait    %irq   %soft  %steal  %guest  %gnice   %idle
02:27:51 AM  all    0.77    0.00    4.34    0.00    2.04   11.73    0.00    0.00    0.00   81.12
02:27:51 AM    0    0.00    0.00    1.01    0.00    3.03   46.46    0.00    0.00    0.00   49.49
02:27:51 AM    1    0.00    0.00    0.99    0.00    0.00    0.00    0.00    0.00    0.00   99.01
02:27:51 AM    2    2.15    0.00   12.90    0.00    4.30    0.00    0.00    0.00    0.00   80.65
02:27:51 AM    3    1.01    0.00    3.03    0.00    1.01    0.00    0.00    0.00    0.00   94.95

02:27:51 AM  CPU    %usr   %nice    %sys %iowait    %irq   %soft  %steal  %guest  %gnice   %idle
02:27:52 AM  all    1.01    0.00    4.04    0.00    2.02   11.36    0.00    0.00    0.00   81.57
02:27:52 AM    0    0.00    0.00    0.00    0.00    3.03   45.45    0.00    0.00    0.00   51.52
02:27:52 AM    1    0.00    0.00    0.00    0.00    0.00    0.00    0.00    0.00    0.00  100.00
02:27:52 AM    2    3.09    0.00    9.28    0.00    4.12    0.00    0.00    0.00    0.00   83.51
02:27:52 AM    3    1.00    0.00    7.00    0.00    1.00    0.00    0.00    0.00    0.00   91.00

02:27:52 AM  CPU    %usr   %nice    %sys %iowait    %irq   %soft  %steal  %guest  %gnice   %idle
02:27:53 AM  all    0.51    0.00    3.82    0.00    2.29   11.70    0.00    0.00    0.00   81.68
02:27:53 AM    0    0.00    0.00    0.00    0.00    3.03   46.46    0.00    0.00    0.00   50.51
02:27:53 AM    1    0.00    0.00    0.00    0.00    0.00    0.00    0.00    0.00    0.00  100.00
02:27:53 AM    2    1.05    0.00   12.63    0.00    4.21    0.00    0.00    0.00    0.00   82.11
02:27:53 AM    3    1.01    0.00    3.03    0.00    2.02    0.00    0.00    0.00    0.00   93.94

02:27:53 AM  CPU    %usr   %nice    %sys %iowait    %irq   %soft  %steal  %guest  %gnice   %idle
02:27:54 AM  all    1.03    0.00    3.33    0.00    2.05   11.79    0.00    0.00    0.00   81.79
02:27:54 AM    0    0.00    0.00    0.00    0.00    3.03   46.46    0.00    0.00    0.00   50.51
02:27:54 AM    1    0.00    0.00    1.00    0.00    0.00    0.00    0.00    0.00    0.00   99.00
02:27:54 AM    2    3.23    0.00    8.60    0.00    4.30    0.00    0.00    0.00    0.00   83.87
02:27:54 AM    3    1.02    0.00    4.08    0.00    1.02    0.00    0.00    0.00    0.00   93.88

02:27:54 AM  CPU    %usr   %nice    %sys %iowait    %irq   %soft  %steal  %guest  %gnice   %idle
02:27:55 AM  all    0.51    0.00    3.57    0.00    2.30   11.48    0.00    0.00    0.00   82.14
02:27:55 AM    0    0.00    0.00    0.00    0.00    3.06   45.92    0.00    0.00    0.00   51.02
02:27:55 AM    1    0.00    0.00    0.00    0.00    0.00    0.00    0.00    0.00    0.00  100.00
02:27:55 AM    2    1.05    0.00   11.58    0.00    4.21    0.00    0.00    0.00    0.00   83.16
02:27:55 AM    3    1.01    0.00    3.03    0.00    2.02    0.00    0.00    0.00    0.00   93.94

02:27:55 AM  CPU    %usr   %nice    %sys %iowait    %irq   %soft  %steal  %guest  %gnice   %idle
02:27:56 AM  all    0.78    0.00    2.07    0.00    2.07   11.92    0.00    0.00    0.00   83.16
02:27:56 AM    0    0.00    0.00    0.00    0.00    3.00   46.00    0.00    0.00    0.00   51.00
02:27:56 AM    1    0.00    0.00    0.00    0.00    0.00    0.00    0.00    0.00    0.00  100.00
02:27:56 AM    2    1.11    0.00    7.78    0.00    4.44    0.00    0.00    0.00    0.00   86.67
02:27:56 AM    3    2.08    0.00    1.04    0.00    1.04    0.00    0.00    0.00    0.00   95.83

02:27:56 AM  CPU    %usr   %nice    %sys %iowait    %irq   %soft  %steal  %guest  %gnice   %idle
02:27:57 AM  all    0.52    0.00    2.84    0.00    2.06   11.86    0.00    0.00    0.00   82.73
02:27:57 AM    0    0.00    0.00    0.00    0.00    3.03   46.46    0.00    0.00    0.00   50.51
02:27:57 AM    1    0.00    0.00    0.00    0.00    0.00    0.00    0.00    0.00    0.00  100.00
02:27:57 AM    2    1.11    0.00    7.78    0.00    4.44    0.00    0.00    0.00    0.00   86.67
02:27:57 AM    3    1.01    0.00    4.04    0.00    1.01    0.00    0.00    0.00    0.00   93.94

02:27:57 AM  CPU    %usr   %nice    %sys %iowait    %irq   %soft  %steal  %guest  %gnice   %idle
02:27:58 AM  all    0.26    0.00    3.83    0.00    2.30   11.73    0.00    0.00    0.00   81.89
02:27:58 AM    0    0.00    0.00    0.00    0.00    3.03   46.46    0.00    0.00    0.00   50.51
02:27:58 AM    1    0.00    0.00    0.00    0.00    0.00    0.00    0.00    0.00    0.00  100.00
02:27:58 AM    2    1.06    0.00   10.64    0.00    4.26    0.00    0.00    0.00    0.00   84.04
02:27:58 AM    3    0.00    0.00    5.05    0.00    2.02    0.00    0.00    0.00    0.00   92.93

02:27:58 AM  CPU    %usr   %nice    %sys %iowait    %irq   %soft  %steal  %guest  %gnice   %idle
02:27:59 AM  all    1.02    0.00    3.32    0.00    2.04   11.48    0.00    0.00    0.00   82.14
02:27:59 AM    0    0.00    0.00    0.00    0.00    3.03   45.45    0.00    0.00    0.00   51.52
02:27:59 AM    1    0.00    0.00    0.00    0.00    0.00    0.00    0.00    0.00    0.00  100.00
02:27:59 AM    2    2.15    0.00    9.68    0.00    4.30    0.00    0.00    0.00    0.00   83.87
02:27:59 AM    3    2.00    0.00    4.00    0.00    1.00    0.00    0.00    0.00    0.00   93.00

02:27:59 AM  CPU    %usr   %nice    %sys %iowait    %irq   %soft  %steal  %guest  %gnice   %idle
02:28:00 AM  all    0.51    0.00    3.08    0.00    2.31   11.83    0.00    0.00    0.00   82.26
02:28:00 AM    0    0.00    0.00    0.00    0.00    3.03   46.46    0.00    0.00    0.00   50.51
02:28:00 AM    1    0.00    0.00    0.00    0.00    0.00    0.00    0.00    0.00    0.00  100.00
02:28:00 AM    2    1.08    0.00   10.75    0.00    4.30    0.00    0.00    0.00    0.00   83.87
02:28:00 AM    3    1.03    0.00    2.06    0.00    2.06    0.00    0.00    0.00    0.00   94.85

02:28:00 AM  CPU    %usr   %nice    %sys %iowait    %irq   %soft  %steal  %guest  %gnice   %idle
02:28:01 AM  all    1.03    0.00    2.31    0.00    2.06   11.83    0.00    0.00    0.00   82.78
02:28:01 AM    0    0.00    0.00    0.00    0.00    3.03   46.46    0.00    0.00    0.00   50.51
02:28:01 AM    1    0.00    0.00    0.00    0.00    0.00    0.00    0.00    0.00    0.00  100.00
02:28:01 AM    2    3.23    0.00    7.53    0.00    4.30    0.00    0.00    0.00    0.00   84.95
02:28:01 AM    3    1.03    0.00    2.06    0.00    1.03    0.00    0.00    0.00    0.00   95.88

02:28:01 AM  CPU    %usr   %nice    %sys %iowait    %irq   %soft  %steal  %guest  %gnice   %idle
02:28:02 AM  all    0.78    0.00    2.33    0.00    2.07   11.89    0.00    0.00    0.00   82.95
02:28:02 AM    0    0.00    0.00    0.00    0.00    3.03   46.46    0.00    0.00    0.00   50.51
02:28:02 AM    1    0.00    0.00    0.00    0.00    0.00    0.00    0.00    0.00    0.00  100.00
02:28:02 AM    2    2.22    0.00    6.67    0.00    4.44    0.00    0.00    0.00    0.00   86.67
02:28:02 AM    3    1.02    0.00    3.06    0.00    1.02    0.00    0.00    0.00    0.00   94.90

02:28:02 AM  CPU    %usr   %nice    %sys %iowait    %irq   %soft  %steal  %guest  %gnice   %idle
02:28:03 AM  all    0.77    0.00    2.82    0.00    2.31   11.54    0.00    0.00    0.00   82.56
02:28:03 AM    0    0.00    0.00    0.00    0.00    3.03   45.45    0.00    0.00    0.00   51.52
02:28:03 AM    1    0.00    0.00    0.00    0.00    0.00    0.00    0.00    0.00    0.00  100.00
02:28:03 AM    2    1.08    0.00    9.68    0.00    4.30    0.00    0.00    0.00    0.00   84.95
02:28:03 AM    3    2.04    0.00    2.04    0.00    2.04    0.00    0.00    0.00    0.00   93.88

02:28:03 AM  CPU    %usr   %nice    %sys %iowait    %irq   %soft  %steal  %guest  %gnice   %idle
02:28:04 AM  all    0.77    0.00    3.32    0.00    2.05   11.76    0.00    0.00    0.00   82.10
02:28:04 AM    0    0.00    0.00    0.00    0.00    3.03   46.46    0.00    0.00    0.00   50.51
02:28:04 AM    1    0.00    0.00    0.00    0.00    0.00    0.00    0.00    0.00    0.00  100.00
02:28:04 AM    2    2.15    0.00    9.68    0.00    4.30    0.00    0.00    0.00    0.00   83.87
02:28:04 AM    3    1.01    0.00    4.04    0.00    1.01    0.00    0.00    0.00    0.00   93.94

02:28:04 AM  CPU    %usr   %nice    %sys %iowait    %irq   %soft  %steal  %guest  %gnice   %idle
02:28:05 AM  all    0.51    0.00    3.58    0.00    2.30   11.76    0.00    0.00    0.00   81.84
02:28:05 AM    0    0.00    0.00    0.00    0.00    3.03   46.46    0.00    0.00    0.00   50.51
02:28:05 AM    1    0.00    0.00    0.00    0.00    0.00    0.00    0.00    0.00    0.00  100.00
02:28:05 AM    2    1.08    0.00   10.75    0.00    4.30    0.00    0.00    0.00    0.00   83.87
02:28:05 AM    3    1.01    0.00    4.04    0.00    2.02    0.00    0.00    0.00    0.00   92.93

02:28:05 AM  CPU    %usr   %nice    %sys %iowait    %irq   %soft  %steal  %guest  %gnice   %idle
02:28:06 AM  all    1.03    0.00    3.33    0.00    2.05   11.79    0.00    0.00    0.00   81.79
02:28:06 AM    0    0.00    0.00    1.00    0.00    3.00   46.00    0.00    0.00    0.00   50.00
02:28:06 AM    1    0.00    0.00    0.00    0.00    0.00    0.00    0.00    0.00    0.00  100.00
02:28:06 AM    2    3.16    0.00    8.42    0.00    3.16    0.00    0.00    0.00    0.00   85.26
02:28:06 AM    3    1.04    0.00    4.17    0.00    2.08    0.00    0.00    0.00    0.00   92.71

02:28:06 AM  CPU    %usr   %nice    %sys %iowait    %irq   %soft  %steal  %guest  %gnice   %idle
02:28:07 AM  all    0.52    0.00    2.58    0.00    2.07   11.89    0.00    0.00    0.00   82.95
02:28:07 AM    0    0.00    0.00    0.00    0.00    3.03   46.46    0.00    0.00    0.00   50.51
02:28:07 AM    1    0.00    0.00    0.00    0.00    0.00    0.00    0.00    0.00    0.00  100.00
02:28:07 AM    2    1.06    0.00    4.26    0.00    3.19    0.00    0.00    0.00    0.00   91.49
02:28:07 AM    3    1.06    0.00    6.38    0.00    2.13    0.00    0.00    0.00    0.00   90.43

02:28:07 AM  CPU    %usr   %nice    %sys %iowait    %irq   %soft  %steal  %guest  %gnice   %idle
02:28:08 AM  all    0.51    0.00    3.08    0.00    2.06   11.83    0.00    0.00    0.00   82.52
02:28:08 AM    0    0.00    0.00    0.00    0.00    3.06   46.94    0.00    0.00    0.00   50.00
02:28:08 AM    1    0.00    0.00    0.00    0.00    0.00    0.00    0.00    0.00    0.00  100.00
02:28:08 AM    2    1.09    0.00    8.70    0.00    3.26    0.00    0.00    0.00    0.00   86.96
02:28:08 AM    3    1.01    0.00    4.04    0.00    2.02    0.00    0.00    0.00    0.00   92.93

02:28:08 AM  CPU    %usr   %nice    %sys %iowait    %irq   %soft  %steal  %guest  %gnice   %idle
02:28:09 AM  all    1.02    0.00    3.06    0.00    2.04   11.48    0.00    0.00    0.00   82.40
02:28:09 AM    0    0.00    0.00    0.00    0.00    3.03   45.45    0.00    0.00    0.00   51.52
02:28:09 AM    1    0.00    0.00    0.00    0.00    0.00    0.00    0.00    0.00    0.00  100.00
02:28:09 AM    2    2.15    0.00    8.60    0.00    4.30    0.00    0.00    0.00    0.00   84.95
02:28:09 AM    3    2.00    0.00    4.00    0.00    1.00    0.00    0.00    0.00    0.00   93.00

02:28:09 AM  CPU    %usr   %nice    %sys %iowait    %irq   %soft  %steal  %guest  %gnice   %idle
02:28:10 AM  all    1.03    0.00    3.08    0.00    2.31   11.83    0.00    0.00    0.00   81.75
02:28:10 AM    0    0.00    0.00    0.00    0.00    3.06   46.94    0.00    0.00    0.00   50.00
02:28:10 AM    1    1.00    0.00    0.00    0.00    0.00    0.00    0.00    0.00    0.00   99.00
02:28:10 AM    2    3.19    0.00    9.57    0.00    4.26    0.00    0.00    0.00    0.00   82.98
02:28:10 AM    3    0.00    0.00    3.09    0.00    2.06    0.00    0.00    0.00    0.00   94.85

02:28:10 AM  CPU    %usr   %nice    %sys %iowait    %irq   %soft  %steal  %guest  %gnice   %idle
02:28:11 AM  all    1.02    0.00    3.30    0.00    2.28   11.68    0.00    0.00    0.00   81.73
02:28:11 AM    0    0.00    0.00    0.00    0.00    3.03   46.46    0.00    0.00    0.00   50.51
02:28:11 AM    1    0.00    0.00    0.00    0.00    0.00    0.00    0.00    0.00    0.00  100.00
02:28:11 AM    2    1.04    0.00    4.17    0.00    3.12    0.00    0.00    0.00    0.00   91.67
02:28:11 AM    3    3.03    0.00    9.09    0.00    3.03    0.00    0.00    0.00    0.00   84.85

02:28:11 AM  CPU    %usr   %nice    %sys %iowait    %irq   %soft  %steal  %guest  %gnice   %idle
02:28:12 AM  all    0.77    0.00    3.08    0.00    2.05   11.79    0.00    0.00    0.00   82.31
02:28:12 AM    0    0.00    0.00    0.00    0.00    3.03   46.46    0.00    0.00    0.00   50.51
02:28:12 AM    1    0.00    0.00    0.00    0.00    0.00    0.00    0.00    0.00    0.00  100.00
02:28:12 AM    2    1.05    0.00    6.32    0.00    2.11    0.00    0.00    0.00    0.00   90.53
02:28:12 AM    3    2.08    0.00    6.25    0.00    3.12    0.00    0.00    0.00    0.00   88.54

02:28:12 AM  CPU    %usr   %nice    %sys %iowait    %irq   %soft  %steal  %guest  %gnice   %idle
02:28:13 AM  all    1.02    0.00    3.56    0.00    2.29   11.70    0.00    0.00    0.00   81.42
02:28:13 AM    0    0.99    0.00    0.99    0.00    2.97   45.54    0.00    0.00    0.00   49.50
02:28:13 AM    1    0.00    0.00    1.00    0.00    1.00    0.00    0.00    0.00    0.00   98.00
02:28:13 AM    2    2.04    0.00    6.12    0.00    3.06    0.00    0.00    0.00    0.00   88.78
02:28:13 AM    3    1.06    0.00    6.38    0.00    2.13    0.00    0.00    0.00    0.00   90.43

02:28:13 AM  CPU    %usr   %nice    %sys %iowait    %irq   %soft  %steal  %guest  %gnice   %idle
02:28:14 AM  all    0.26    0.00    3.08    0.00    2.06   11.83    0.00    0.00    0.00   82.78
02:28:14 AM    0    0.00    0.00    0.00    0.00    3.03   46.46    0.00    0.00    0.00   50.51
02:28:14 AM    1    0.00    0.00    2.08    0.00    1.04    0.00    0.00    0.00    0.00   96.88
02:28:14 AM    2    1.02    0.00    3.06    0.00    1.02    0.00    0.00    0.00    0.00   94.90
02:28:14 AM    3    0.00    0.00    7.29    0.00    3.12    0.00    0.00    0.00    0.00   89.58

02:28:14 AM  CPU    %usr   %nice    %sys %iowait    %irq   %soft  %steal  %guest  %gnice   %idle
02:28:15 AM  all    0.77    0.00    3.57    0.00    2.04   11.48    0.00    0.00    0.00   82.14
02:28:15 AM    0    0.00    0.00    0.00    0.00    3.06   45.92    0.00    0.00    0.00   51.02
02:28:15 AM    1    0.00    0.00    5.05    0.00    1.01    0.00    0.00    0.00    0.00   93.94
02:28:15 AM    2    0.00    0.00    2.08    0.00    1.04    0.00    0.00    0.00    0.00   96.88
02:28:15 AM    3    3.03    0.00    7.07    0.00    3.03    0.00    0.00    0.00    0.00   86.87

02:28:15 AM  CPU    %usr   %nice    %sys %iowait    %irq   %soft  %steal  %guest  %gnice   %idle
02:28:16 AM  all    1.02    0.00    3.56    0.00    2.29   11.96    0.00    0.00    0.00   81.17
02:28:16 AM    0    0.00    0.00    1.00    0.00    3.00   46.00    0.00    0.00    0.00   50.00
02:28:16 AM    1    1.01    0.00    3.03    0.00    1.01    0.00    0.00    0.00    0.00   94.95
02:28:16 AM    2    1.01    0.00    4.04    0.00    2.02    0.00    0.00    0.00    0.00   92.93
02:28:16 AM    3    2.11    0.00    6.32    0.00    3.16    1.05    0.00    0.00    0.00   87.37

02:28:16 AM  CPU    %usr   %nice    %sys %iowait    %irq   %soft  %steal  %guest  %gnice   %idle
02:28:17 AM  all    1.01    0.00    4.53    0.00    2.02   11.59    0.00    0.00    0.00   80.86
02:28:17 AM    0    0.00    0.00    0.00    0.00    3.00   46.00    0.00    0.00    0.00   51.00
02:28:17 AM    1    0.00    0.00    0.00    0.00    0.00    0.00    0.00    0.00    0.00  100.00
02:28:17 AM    2    0.00    0.00    7.00    0.00    1.00    0.00    0.00    0.00    0.00   92.00
02:28:17 AM    3    4.12    0.00   11.34    0.00    4.12    0.00    0.00    0.00    0.00   80.41

02:28:17 AM  CPU    %usr   %nice    %sys %iowait    %irq   %soft  %steal  %guest  %gnice   %idle
02:28:18 AM  all    0.76    0.00    3.81    0.00    2.03   11.68    0.00    0.00    0.00   81.73
02:28:18 AM    0    0.00    0.00    0.00    0.00    3.03   46.46    0.00    0.00    0.00   50.51
02:28:18 AM    1    0.00    0.00    0.00    0.00    0.00    0.00    0.00    0.00    0.00  100.00
02:28:18 AM    2    1.02    0.00    3.06    0.00    1.02    0.00    0.00    0.00    0.00   94.90
02:28:18 AM    3    2.06    0.00   12.37    0.00    4.12    0.00    0.00    0.00    0.00   81.44

02:28:18 AM  CPU    %usr   %nice    %sys %iowait    %irq   %soft  %steal  %guest  %gnice   %idle
02:28:19 AM  all    0.26    0.00    2.08    0.00    2.34   11.72    0.00    0.00    0.00   83.59
02:28:19 AM    0    0.00    0.00    0.00    0.00    3.06   45.92    0.00    0.00    0.00   51.02
02:28:19 AM    1    0.00    0.00    0.00    0.00    0.00    0.00    0.00    0.00    0.00  100.00
02:28:19 AM    2    0.00    0.00    2.06    0.00    2.06    0.00    0.00    0.00    0.00   95.88
02:28:19 AM    3    1.12    0.00    6.74    0.00    4.49    0.00    0.00    0.00    0.00   87.64

02:28:19 AM  CPU    %usr   %nice    %sys %iowait    %irq   %soft  %steal  %guest  %gnice   %idle
02:28:20 AM  all    0.76    0.00    3.05    0.00    2.04   11.96    0.00    0.00    0.00   82.19
02:28:20 AM    0    0.00    0.00    0.00    0.00    3.00   46.00    0.00    0.00    0.00   51.00
02:28:20 AM    1    1.00    0.00    2.00    0.00    1.00    0.00    0.00    0.00    0.00   96.00
02:28:20 AM    2    0.99    0.00    4.95    0.00    0.99    0.99    0.00    0.00    0.00   92.08
02:28:20 AM    3    1.09    0.00    5.43    0.00    3.26    0.00    0.00    0.00    0.00   90.22

02:28:20 AM  CPU    %usr   %nice    %sys %iowait    %irq   %soft  %steal  %guest  %gnice   %idle
02:28:21 AM  all    0.77    0.00    3.34    0.00    2.31   11.83    0.00    0.00    0.00   81.75
02:28:21 AM    0    0.00    0.00    0.00    0.00    3.06   46.94    0.00    0.00    0.00   50.00
02:28:21 AM    1    0.00    0.00    5.05    0.00    2.02    0.00    0.00    0.00    0.00   92.93
02:28:21 AM    2    0.00    0.00    5.15    0.00    2.06    0.00    0.00    0.00    0.00   92.78
02:28:21 AM    3    3.16    0.00    3.16    0.00    2.11    0.00    0.00    0.00    0.00   91.58

02:28:21 AM  CPU    %usr   %nice    %sys %iowait    %irq   %soft  %steal  %guest  %gnice   %idle
02:28:22 AM  all    0.51    0.00    4.55    0.00    2.27   11.36    0.00    0.00    0.00   81.31
02:28:22 AM    0    0.00    0.00    0.00    0.00    3.03   45.45    0.00    0.00    0.00   51.52
02:28:22 AM    1    1.03    0.00    2.06    0.00    1.03    0.00    0.00    0.00    0.00   95.88
02:28:22 AM    2    0.99    0.00   10.89    0.00    2.97    0.00    0.00    0.00    0.00   85.15
02:28:22 AM    3    0.00    0.00    5.05    0.00    2.02    0.00    0.00    0.00    0.00   92.93

02:28:22 AM  CPU    %usr   %nice    %sys %iowait    %irq   %soft  %steal  %guest  %gnice   %idle
02:28:23 AM  all    0.26    0.00    3.10    0.00    1.81   11.89    0.00    0.00    0.00   82.95
02:28:23 AM    0    0.00    0.00    0.00    0.00    3.03   46.46    0.00    0.00    0.00   50.51
02:28:23 AM    1    0.00    0.00    3.09    0.00    1.03    0.00    0.00    0.00    0.00   95.88
02:28:23 AM    2    1.06    0.00    6.38    0.00    2.13    0.00    0.00    0.00    0.00   90.43
02:28:23 AM    3    0.00    0.00    3.09    0.00    1.03    0.00    0.00    0.00    0.00   95.88

02:28:23 AM  CPU    %usr   %nice    %sys %iowait    %irq   %soft  %steal  %guest  %gnice   %idle
02:28:24 AM  all    1.01    0.00    3.80    0.00    2.28   11.65    0.00    0.00    0.00   81.27
02:28:24 AM    0    0.00    0.00    0.00    0.00    3.03   46.46    0.00    0.00    0.00   50.51
02:28:24 AM    1    1.01    0.00    4.04    0.00    2.02    0.00    0.00    0.00    0.00   92.93
02:28:24 AM    2    2.00    0.00    9.00    0.00    3.00    0.00    0.00    0.00    0.00   86.00
02:28:24 AM    3    1.03    0.00    2.06    0.00    1.03    0.00    0.00    0.00    0.00   95.88

02:28:24 AM  CPU    %usr   %nice    %sys %iowait    %irq   %soft  %steal  %guest  %gnice   %idle
02:28:25 AM  all    0.52    0.00    2.33    0.00    2.33   11.89    0.00    0.00    0.00   82.95
02:28:25 AM    0    0.00    0.00    0.00    0.00    3.03   46.46    0.00    0.00    0.00   50.51
02:28:25 AM    1    0.00    0.00    2.08    0.00    1.04    0.00    0.00    0.00    0.00   96.88
02:28:25 AM    2    2.08    0.00    5.21    0.00    3.12    0.00    0.00    0.00    0.00   89.58
02:28:25 AM    3    0.00    0.00    2.08    0.00    2.08    0.00    0.00    0.00    0.00   95.83

02:28:25 AM  CPU    %usr   %nice    %sys %iowait    %irq   %soft  %steal  %guest  %gnice   %idle
02:28:26 AM  all    0.51    0.00    3.58    0.00    1.79   11.76    0.00    0.00    0.00   82.35
02:28:26 AM    0    0.00    0.00    0.00    0.00    3.00   46.00    0.00    0.00    0.00   51.00
02:28:26 AM    1    0.00    0.00    4.08    0.00    1.02    0.00    0.00    0.00    0.00   94.90
02:28:26 AM    2    1.05    0.00    7.37    0.00    2.11    0.00    0.00    0.00    0.00   89.47
02:28:26 AM    3    1.02    0.00    3.06    0.00    1.02    0.00    0.00    0.00    0.00   94.90

02:28:26 AM  CPU    %usr   %nice    %sys %iowait    %irq   %soft  %steal  %guest  %gnice   %idle
02:28:27 AM  all    0.51    0.00    3.31    0.00    2.54   11.96    0.00    0.00    0.00   81.68
02:28:27 AM    0    0.00    0.00    0.00    0.00    3.03   46.46    0.00    0.00    0.00   50.51
02:28:27 AM    1    0.00    0.00    4.00    0.00    2.00    1.00    0.00    0.00    0.00   93.00
02:28:27 AM    2    1.03    0.00    7.22    0.00    3.09    0.00    0.00    0.00    0.00   88.66
02:28:27 AM    3    1.03    0.00    2.06    0.00    2.06    0.00    0.00    0.00    0.00   94.85

02:28:27 AM  CPU    %usr   %nice    %sys %iowait    %irq   %soft  %steal  %guest  %gnice   %idle
02:28:28 AM  all    1.27    0.00    3.31    0.00    2.04   11.45    0.00    0.00    0.00   81.93
02:28:28 AM    0    0.00    0.00    0.00    0.00    3.06   45.92    0.00    0.00    0.00   51.02
02:28:28 AM    1    2.02    0.00    3.03    0.00    1.01    0.00    0.00    0.00    0.00   93.94
02:28:28 AM    2    2.06    0.00    6.19    0.00    3.09    0.00    0.00    0.00    0.00   88.66
02:28:28 AM    3    1.01    0.00    4.04    0.00    1.01    0.00    0.00    0.00    0.00   93.94

02:28:28 AM  CPU    %usr   %nice    %sys %iowait    %irq   %soft  %steal  %guest  %gnice   %idle
02:28:29 AM  all    1.03    0.00    2.56    0.00    2.31   11.79    0.00    0.00    0.00   82.31
02:28:29 AM    0    0.00    0.00    0.00    0.00    3.03   46.46    0.00    0.00    0.00   50.51
02:28:29 AM    1    0.00    0.00    4.08    0.00    2.04    0.00    0.00    0.00    0.00   93.88
02:28:29 AM    2    3.09    0.00    5.15    0.00    3.09    0.00    0.00    0.00    0.00   88.66
02:28:29 AM    3    1.04    0.00    1.04    0.00    1.04    0.00    0.00    0.00    0.00   96.88

02:28:29 AM  CPU    %usr   %nice    %sys %iowait    %irq   %soft  %steal  %guest  %gnice   %idle
02:28:30 AM  all    1.02    0.00    3.81    0.00    2.28   11.68    0.00    0.00    0.00   81.22
02:28:30 AM    0    0.00    0.00    0.00    0.00    4.00   46.00    0.00    0.00    0.00   50.00
02:28:30 AM    1    1.01    0.00    4.04    0.00    1.01    0.00    0.00    0.00    0.00   93.94
02:28:30 AM    2    2.11    0.00    6.32    0.00    2.11    0.00    0.00    0.00    0.00   89.47
02:28:30 AM    3    1.00    0.00    5.00    0.00    2.00    0.00    0.00    0.00    0.00   92.00

02:28:30 AM  CPU    %usr   %nice    %sys %iowait    %irq   %soft  %steal  %guest  %gnice   %idle
02:28:31 AM  all    0.51    0.00    3.32    0.00    2.05   11.76    0.00    0.00    0.00   82.35
02:28:31 AM    0    0.00    0.00    0.00    0.00    3.00   46.00    0.00    0.00    0.00   51.00
02:28:31 AM    1    1.01    0.00    4.04    0.00    1.01    0.00    0.00    0.00    0.00   93.94
02:28:31 AM    2    1.04    0.00    6.25    0.00    3.12    0.00    0.00    0.00    0.00   89.58
02:28:31 AM    3    0.00    0.00    3.12    0.00    1.04    0.00    0.00    0.00    0.00   95.83

02:28:31 AM  CPU    %usr   %nice    %sys %iowait    %irq   %soft  %steal  %guest  %gnice   %idle
02:28:32 AM  all    0.51    0.00    3.55    0.00    2.54   11.68    0.00    0.00    0.00   81.73
02:28:32 AM    0    0.00    0.00    0.00    0.00    3.03   46.46    0.00    0.00    0.00   50.51
02:28:32 AM    1    1.02    0.00    2.04    0.00    2.04    0.00    0.00    0.00    0.00   94.90
02:28:32 AM    2    1.02    0.00    8.16    0.00    3.06    0.00    0.00    0.00    0.00   87.76
02:28:32 AM    3    0.00    0.00    4.04    0.00    2.02    0.00    0.00    0.00    0.00   93.94

02:28:32 AM  CPU    %usr   %nice    %sys %iowait    %irq   %soft  %steal  %guest  %gnice   %idle
02:28:33 AM  all    1.30    0.00    2.33    0.00    2.07   11.66    0.00    0.00    0.00   82.64
02:28:33 AM    0    0.00    0.00    1.01    0.00    3.03   45.45    0.00    0.00    0.00   50.51
02:28:33 AM    1    1.02    0.00    2.04    0.00    1.02    0.00    0.00    0.00    0.00   95.92
02:28:33 AM    2    2.15    0.00    5.38    0.00    3.23    0.00    0.00    0.00    0.00   89.25
02:28:33 AM    3    2.08    0.00    1.04    0.00    1.04    0.00    0.00    0.00    0.00   95.83

02:28:33 AM  CPU    %usr   %nice    %sys %iowait    %irq   %soft  %steal  %guest  %gnice   %idle
02:28:34 AM  all    0.52    0.00    2.33    0.00    2.07   11.92    0.00    0.00    0.00   83.16
02:28:34 AM    0    0.00    0.00    0.00    0.00    3.03   46.46    0.00    0.00    0.00   50.51
02:28:34 AM    1    0.00    0.00    0.00    0.00    0.00    0.00    0.00    0.00    0.00  100.00
02:28:34 AM    2    2.20    0.00    7.69    0.00    4.40    0.00    0.00    0.00    0.00   85.71
02:28:34 AM    3    0.00    0.00    2.08    0.00    1.04    0.00    0.00    0.00    0.00   96.88

02:28:34 AM  CPU    %usr   %nice    %sys %iowait    %irq   %soft  %steal  %guest  %gnice   %idle
02:28:35 AM  all    0.52    0.00    2.58    0.00    2.32   11.60    0.00    0.00    0.00   82.99
02:28:35 AM    0    0.00    0.00    0.00    0.00    3.03   45.45    0.00    0.00    0.00   51.52
02:28:35 AM    1    0.00    0.00    0.00    0.00    0.00    0.00    0.00    0.00    0.00  100.00
02:28:35 AM    2    1.09    0.00    8.70    0.00    4.35    0.00    0.00    0.00    0.00   85.87
02:28:35 AM    3    1.03    0.00    2.06    0.00    2.06    0.00    0.00    0.00    0.00   94.85

02:28:35 AM  CPU    %usr   %nice    %sys %iowait    %irq   %soft  %steal  %guest  %gnice   %idle
02:28:36 AM  all    0.51    0.00    3.34    0.00    1.80   12.08    0.00    0.00    0.00   82.26
02:28:36 AM    0    0.00    0.00    1.02    0.00    3.06   47.96    0.00    0.00    0.00   47.96
02:28:36 AM    1    0.00    0.00    1.01    0.00    0.00    0.00    0.00    0.00    0.00   98.99
02:28:36 AM    2    1.08    0.00    8.60    0.00    3.23    0.00    0.00    0.00    0.00   87.10
02:28:36 AM    3    1.01    0.00    3.03    0.00    1.01    0.00    0.00    0.00    0.00   94.95

02:28:36 AM  CPU    %usr   %nice    %sys %iowait    %irq   %soft  %steal  %guest  %gnice   %idle
02:28:37 AM  all    1.26    0.00    4.52    0.00    2.26   11.31    0.00    0.00    0.00   80.65
02:28:37 AM    0    0.00    0.00    0.00    0.00    3.03   45.45    0.00    0.00    0.00   51.52
02:28:37 AM    1    2.00    0.00    4.00    0.00    2.00    0.00    0.00    0.00    0.00   92.00
02:28:37 AM    2    2.00    0.00   10.00    0.00    3.00    0.00    0.00    0.00    0.00   85.00
02:28:37 AM    3    1.01    0.00    4.04    0.00    1.01    0.00    0.00    0.00    0.00   93.94

02:28:37 AM  CPU    %usr   %nice    %sys %iowait    %irq   %soft  %steal  %guest  %gnice   %idle
02:28:38 AM  all    0.00    0.00    3.34    0.00    2.31   11.83    0.00    0.00    0.00   82.52
02:28:38 AM    0    0.00    0.00    0.00    0.00    3.03   46.46    0.00    0.00    0.00   50.51
02:28:38 AM    1    0.00    0.00    4.08    0.00    1.02    0.00    0.00    0.00    0.00   94.90
02:28:38 AM    2    0.00    0.00    5.32    0.00    3.19    0.00    0.00    0.00    0.00   91.49
02:28:38 AM    3    0.00    0.00    4.08    0.00    2.04    0.00    0.00    0.00    0.00   93.88

02:28:38 AM  CPU    %usr   %nice    %sys %iowait    %irq   %soft  %steal  %guest  %gnice   %idle
02:28:39 AM  all    0.77    0.00    3.09    0.00    1.80   11.86    0.00    0.00    0.00   82.47
02:28:39 AM    0    0.00    0.00    0.00    0.00    3.03   46.46    0.00    0.00    0.00   50.51
02:28:39 AM    1    0.00    0.00    3.09    0.00    1.03    0.00    0.00    0.00    0.00   95.88
02:28:39 AM    2    2.11    0.00    5.26    0.00    2.11    0.00    0.00    0.00    0.00   90.53
02:28:39 AM    3    1.03    0.00    4.12    0.00    1.03    0.00    0.00    0.00    0.00   93.81

02:28:39 AM  CPU    %usr   %nice    %sys %iowait    %irq   %soft  %steal  %guest  %gnice   %idle
02:28:40 AM  all    0.77    0.00    2.31    0.00    2.31   11.83    0.00    0.00    0.00   82.78
02:28:40 AM    0    0.00    0.00    0.00    0.00    3.03   46.46    0.00    0.00    0.00   50.51
02:28:40 AM    1    1.03    0.00    1.03    0.00    2.06    0.00    0.00    0.00    0.00   95.88
02:28:40 AM    2    1.02    0.00    3.06    0.00    1.02    0.00    0.00    0.00    0.00   94.90
02:28:40 AM    3    1.05    0.00    5.26    0.00    3.16    0.00    0.00    0.00    0.00   90.53

02:28:40 AM  CPU    %usr   %nice    %sys %iowait    %irq   %soft  %steal  %guest  %gnice   %idle
02:28:41 AM  all    0.77    0.00    2.81    0.00    2.30   11.76    0.00    0.00    0.00   82.35
02:28:41 AM    0    0.00    0.00    0.00    0.00    3.03   46.46    0.00    0.00    0.00   50.51
02:28:41 AM    1    0.00    0.00    3.09    0.00    1.03    0.00    0.00    0.00    0.00   95.88
02:28:41 AM    2    1.02    0.00    2.04    0.00    2.04    0.00    0.00    0.00    0.00   94.90
02:28:41 AM    3    2.06    0.00    6.19    0.00    3.09    0.00    0.00    0.00    0.00   88.66

02:28:41 AM  CPU    %usr   %nice    %sys %iowait    %irq   %soft  %steal  %guest  %gnice   %idle
02:28:42 AM  all    1.02    0.00    3.58    0.00    1.79   12.02    0.00    0.00    0.00   81.59
02:28:42 AM    0    1.01    0.00    1.01    0.00    3.03   46.46    0.00    0.00    0.00   48.48
02:28:42 AM    1    1.01    0.00    3.03    0.00    1.01    0.00    0.00    0.00    0.00   94.95
02:28:42 AM    2    1.02    0.00    4.08    0.00    1.02    0.00    0.00    0.00    0.00   93.88
02:28:42 AM    3    1.05    0.00    6.32    0.00    2.11    1.05    0.00    0.00    0.00   89.47

02:28:42 AM  CPU    %usr   %nice    %sys %iowait    %irq   %soft  %steal  %guest  %gnice   %idle
02:28:43 AM  all    1.01    0.00    3.79    0.00    2.02   11.62    0.00    0.00    0.00   81.57
02:28:43 AM    0    0.00    0.00    0.00    0.00    3.06   46.94    0.00    0.00    0.00   50.00
02:28:43 AM    1    0.99    0.00    5.94    0.00    1.98    0.00    0.00    0.00    0.00   91.09
02:28:43 AM    2    1.01    0.00    4.04    0.00    1.01    0.00    0.00    0.00    0.00   93.94
02:28:43 AM    3    2.04    0.00    5.10    0.00    2.04    0.00    0.00    0.00    0.00   90.82

02:28:43 AM  CPU    %usr   %nice    %sys %iowait    %irq   %soft  %steal  %guest  %gnice   %idle
02:28:44 AM  all    0.51    0.00    3.82    0.00    2.29   11.70    0.00    0.00    0.00   81.68
02:28:44 AM    0    0.00    0.00    0.00    0.00    3.03   46.46    0.00    0.00    0.00   50.51
02:28:44 AM    1    0.00    0.00    4.12    0.00    1.03    0.00    0.00    0.00    0.00   94.85
02:28:44 AM    2    1.00    0.00    4.00    0.00    2.00    0.00    0.00    0.00    0.00   93.00
02:28:44 AM    3    1.03    0.00    7.22    0.00    3.09    0.00    0.00    0.00    0.00   88.66

02:28:44 AM  CPU    %usr   %nice    %sys %iowait    %irq   %soft  %steal  %guest  %gnice   %idle
02:28:45 AM  all    0.26    0.00    3.33    0.00    2.05   11.79    0.00    0.00    0.00   82.56
02:28:45 AM    0    0.00    0.00    0.00    0.00    3.03   46.46    0.00    0.00    0.00   50.51
02:28:45 AM    1    0.00    0.00    4.08    0.00    1.02    0.00    0.00    0.00    0.00   94.90
02:28:45 AM    2    0.00    0.00    4.08    0.00    1.02    0.00    0.00    0.00    0.00   94.90
02:28:45 AM    3    1.05    0.00    5.26    0.00    3.16    0.00    0.00    0.00    0.00   90.53

02:28:45 AM  CPU    %usr   %nice    %sys %iowait    %irq   %soft  %steal  %guest  %gnice   %idle
02:28:46 AM  all    1.01    0.00    3.54    0.00    2.28   11.65    0.00    0.00    0.00   81.52
02:28:46 AM    0    0.00    0.00    0.00    0.00    3.03   46.46    0.00    0.00    0.00   50.51
02:28:46 AM    1    2.00    0.00    3.00    0.00    2.00    0.00    0.00    0.00    0.00   93.00
02:28:46 AM    2    1.00    0.00    4.00    0.00    2.00    0.00    0.00    0.00    0.00   93.00
02:28:46 AM    3    1.04    0.00    7.29    0.00    2.08    0.00    0.00    0.00    0.00   89.58

02:28:46 AM  CPU    %usr   %nice    %sys %iowait    %irq   %soft  %steal  %guest  %gnice   %idle
02:28:47 AM  all    0.00    0.00    3.09    0.00    2.06   11.86    0.00    0.00    0.00   82.99
02:28:47 AM    0    0.00    0.00    0.00    0.00    3.00   46.00    0.00    0.00    0.00   51.00
02:28:47 AM    1    0.00    0.00    2.08    0.00    1.04    0.00    0.00    0.00    0.00   96.88
02:28:47 AM    2    0.00    0.00    2.08    0.00    1.04    0.00    0.00    0.00    0.00   96.88
02:28:47 AM    3    0.00    0.00    8.33    0.00    3.12    0.00    0.00    0.00    0.00   88.54

02:28:47 AM  CPU    %usr   %nice    %sys %iowait    %irq   %soft  %steal  %guest  %gnice   %idle
02:28:48 AM  all    0.77    0.00    3.06    0.00    2.30   11.73    0.00    0.00    0.00   82.14
02:28:48 AM    0    0.00    0.00    0.00    0.00    3.03   46.46    0.00    0.00    0.00   50.51
02:28:48 AM    1    1.01    0.00    3.03    0.00    2.02    0.00    0.00    0.00    0.00   93.94
02:28:48 AM    2    1.03    0.00    2.06    0.00    1.03    0.00    0.00    0.00    0.00   95.88
02:28:48 AM    3    1.03    0.00    7.22    0.00    3.09    0.00    0.00    0.00    0.00   88.66

02:28:48 AM  CPU    %usr   %nice    %sys %iowait    %irq   %soft  %steal  %guest  %gnice   %idle
02:28:49 AM  all    0.51    0.00    3.08    0.00    2.31   11.79    0.00    0.00    0.00   82.31
02:28:49 AM    0    0.00    0.00    0.00    0.00    3.03   46.46    0.00    0.00    0.00   50.51
02:28:49 AM    1    0.00    0.00    3.09    0.00    1.03    0.00    0.00    0.00    0.00   95.88
02:28:49 AM    2    0.00    0.00    4.08    0.00    2.04    0.00    0.00    0.00    0.00   93.88
02:28:49 AM    3    2.08    0.00    5.21    0.00    3.12    0.00    0.00    0.00    0.00   89.58

02:28:49 AM  CPU    %usr   %nice    %sys %iowait    %irq   %soft  %steal  %guest  %gnice   %idle
02:28:50 AM  all    0.52    0.00    2.84    0.00    1.80   11.86    0.00    0.00    0.00   82.99
02:28:50 AM    0    0.00    0.00    0.00    0.00    3.03   46.46    0.00    0.00    0.00   50.51
02:28:50 AM    1    0.00    0.00    3.09    0.00    1.03    0.00    0.00    0.00    0.00   95.88
02:28:50 AM    2    0.00    0.00    4.08    0.00    1.02    0.00    0.00    0.00    0.00   94.90
02:28:50 AM    3    2.13    0.00    4.26    0.00    2.13    0.00    0.00    0.00    0.00   91.49

02:28:50 AM  CPU    %usr   %nice    %sys %iowait    %irq   %soft  %steal  %guest  %gnice   %idle
02:28:51 AM  all    0.51    0.00    3.82    0.00    2.29   11.70    0.00    0.00    0.00   81.68
02:28:51 AM    0    0.00    0.00    0.00    0.00    3.03   46.46    0.00    0.00    0.00   50.51
02:28:51 AM    1    1.04    0.00    6.25    0.00    3.12    0.00    0.00    0.00    0.00   89.58
02:28:51 AM    2    1.01    0.00    4.04    0.00    1.01    0.00    0.00    0.00    0.00   93.94
02:28:51 AM    3    0.00    0.00    5.05    0.00    2.02    0.00    0.00    0.00    0.00   92.93

02:28:51 AM  CPU    %usr   %nice    %sys %iowait    %irq   %soft  %steal  %guest  %gnice   %idle
02:28:52 AM  all    0.51    0.00    3.08    0.00    2.06   11.83    0.00    0.00    0.00   82.52
02:28:52 AM    0    0.00    0.00    0.00    0.00    3.03   46.46    0.00    0.00    0.00   50.51
02:28:52 AM    1    2.06    0.00    7.22    0.00    2.06    0.00    0.00    0.00    0.00   88.66
02:28:52 AM    2    0.00    0.00    2.06    0.00    2.06    0.00    0.00    0.00    0.00   95.88
02:28:52 AM    3    0.00    0.00    3.12    0.00    1.04    0.00    0.00    0.00    0.00   95.83

02:28:52 AM  CPU    %usr   %nice    %sys %iowait    %irq   %soft  %steal  %guest  %gnice   %idle
02:28:53 AM  all    0.77    0.00    3.07    0.00    2.30   11.51    0.00    0.00    0.00   82.35
02:28:53 AM    0    0.00    0.00    0.00    0.00    3.06   45.92    0.00    0.00    0.00   51.02
02:28:53 AM    1    1.05    0.00    5.26    0.00    3.16    0.00    0.00    0.00    0.00   90.53
02:28:53 AM    2    0.00    0.00    4.08    0.00    1.02    0.00    0.00    0.00    0.00   94.90
02:28:53 AM    3    2.00    0.00    3.00    0.00    2.00    0.00    0.00    0.00    0.00   93.00

02:28:53 AM  CPU    %usr   %nice    %sys %iowait    %irq   %soft  %steal  %guest  %gnice   %idle
02:28:54 AM  all    1.03    0.00    3.33    0.00    2.31   11.79    0.00    0.00    0.00   81.54
02:28:54 AM    0    0.00    0.00    0.00    0.00    3.03   46.46    0.00    0.00    0.00   50.51
02:28:54 AM    1    2.06    0.00    7.22    0.00    3.09    0.00    0.00    0.00    0.00   87.63
02:28:54 AM    2    1.03    0.00    3.09    0.00    2.06    0.00    0.00    0.00    0.00   93.81
02:28:54 AM    3    1.03    0.00    3.09    0.00    1.03    0.00    0.00    0.00    0.00   94.85

02:28:54 AM  CPU    %usr   %nice    %sys %iowait    %irq   %soft  %steal  %guest  %gnice   %idle
02:28:55 AM  all    0.77    0.00    2.82    0.00    2.05   11.79    0.00    0.00    0.00   82.56
02:28:55 AM    0    0.00    0.00    0.00    0.00    3.03   46.46    0.00    0.00    0.00   50.51
02:28:55 AM    1    1.04    0.00    6.25    0.00    3.12    0.00    0.00    0.00    0.00   89.58
02:28:55 AM    2    2.02    0.00    3.03    0.00    1.01    0.00    0.00    0.00    0.00   93.94
02:28:55 AM    3    0.00    0.00    2.08    0.00    1.04    0.00    0.00    0.00    0.00   96.88

02:28:55 AM  CPU    %usr   %nice    %sys %iowait    %irq   %soft  %steal  %guest  %gnice   %idle
02:28:56 AM  all    0.26    0.00    3.83    0.00    2.04   11.73    0.00    0.00    0.00   82.14
02:28:56 AM    0    0.00    0.00    0.00    0.00    3.03   46.46    0.00    0.00    0.00   50.51
02:28:56 AM    1    0.00    0.00    8.33    0.00    2.08    0.00    0.00    0.00    0.00   89.58
02:28:56 AM    2    1.01    0.00    4.04    0.00    1.01    0.00    0.00    0.00    0.00   93.94
02:28:56 AM    3    0.00    0.00    3.06    0.00    2.04    0.00    0.00    0.00    0.00   94.90

02:28:56 AM  CPU    %usr   %nice    %sys %iowait    %irq   %soft  %steal  %guest  %gnice   %idle
02:28:57 AM  all    1.03    0.00    2.31    0.00    2.31   11.79    0.00    0.00    0.00   82.56
02:28:57 AM    0    0.00    0.00    0.00    0.00    3.03   46.46    0.00    0.00    0.00   50.51
02:28:57 AM    1    1.08    0.00    3.23    0.00    3.23    0.00    0.00    0.00    0.00   92.47
02:28:57 AM    2    1.98    0.00    3.96    0.00    1.98    0.00    0.00    0.00    0.00   92.08
02:28:57 AM    3    1.03    0.00    2.06    0.00    1.03    0.00    0.00    0.00    0.00   95.88

02:28:57 AM  CPU    %usr   %nice    %sys %iowait    %irq   %soft  %steal  %guest  %gnice   %idle
02:28:58 AM  all    0.26    0.00    2.33    0.00    2.07   11.92    0.00    0.00    0.00   83.42
02:28:58 AM    0    0.00    0.00    0.00    0.00    3.03   46.46    0.00    0.00    0.00   50.51
02:28:58 AM    1    0.00    0.00    6.32    0.00    3.16    0.00    0.00    0.00    0.00   90.53
02:28:58 AM    2    0.00    0.00    2.08    0.00    1.04    0.00    0.00    0.00    0.00   96.88
02:28:58 AM    3    1.04    0.00    1.04    0.00    1.04    0.00    0.00    0.00    0.00   96.88

02:28:58 AM  CPU    %usr   %nice    %sys %iowait    %irq   %soft  %steal  %guest  %gnice   %idle
02:28:59 AM  all    0.77    0.00    3.08    0.00    2.31   12.05    0.00    0.00    0.00   81.79
02:28:59 AM    0    0.00    0.00    0.00    0.00    3.03   46.46    0.00    0.00    0.00   50.51
02:28:59 AM    1    1.05    0.00    7.37    0.00    3.16    1.05    0.00    0.00    0.00   87.37
02:28:59 AM    2    1.02    0.00    3.06    0.00    2.04    0.00    0.00    0.00    0.00   93.88
02:28:59 AM    3    1.02    0.00    2.04    0.00    1.02    0.00    0.00    0.00    0.00   95.92

02:28:59 AM  CPU    %usr   %nice    %sys %iowait    %irq   %soft  %steal  %guest  %gnice   %idle
02:29:00 AM  all    0.77    0.00    3.06    0.00    2.04   11.99    0.00    0.00    0.00   82.14
02:29:00 AM    0    0.00    0.00    0.00    0.00    3.03   46.46    0.00    0.00    0.00   50.51
02:29:00 AM    1    2.13    0.00    9.57    0.00    4.26    0.00    0.00    0.00    0.00   84.04
02:29:00 AM    2    1.01    0.00    3.03    0.00    1.01    1.01    0.00    0.00    0.00   93.94
02:29:00 AM    3    0.00    0.00    0.00    0.00    0.00    0.00    0.00    0.00    0.00  100.00

02:29:00 AM  CPU    %usr   %nice    %sys %iowait    %irq   %soft  %steal  %guest  %gnice   %idle
02:29:01 AM  all    1.79    0.00    2.05    0.00    2.05   11.54    0.00    0.00    0.00   82.56
02:29:01 AM    0    0.00    0.00    0.00    0.00    3.03   45.45    0.00    0.00    0.00   51.52
02:29:01 AM    1    5.26    0.00    8.42    0.00    4.21    0.00    0.00    0.00    0.00   82.11
02:29:01 AM    2    1.05    0.00    0.00    0.00    1.05    0.00    0.00    0.00    0.00   97.89
02:29:01 AM    3    0.99    0.00    0.00    0.00    0.00    0.00    0.00    0.00    0.00   99.01

02:29:01 AM  CPU    %usr   %nice    %sys %iowait    %irq   %soft  %steal  %guest  %gnice   %idle
02:29:02 AM  all    1.01    0.00    4.79    0.00    2.27   11.59    0.00    0.00    0.00   80.35
02:29:02 AM    0    0.00    0.00    1.00    0.00    3.00   46.00    0.00    0.00    0.00   50.00
02:29:02 AM    1    2.08    0.00   11.46    0.00    3.12    0.00    0.00    0.00    0.00   83.33
02:29:02 AM    2    1.00    0.00    5.00    0.00    2.00    0.00    0.00    0.00    0.00   92.00
02:29:02 AM    3    0.99    0.00    1.98    0.00    0.99    0.00    0.00    0.00    0.00   96.04

02:29:02 AM  CPU    %usr   %nice    %sys %iowait    %irq   %soft  %steal  %guest  %gnice   %idle
02:29:03 AM  all    0.77    0.00    2.83    0.00    2.06   11.83    0.00    0.00    0.00   82.52
02:29:03 AM    0    0.00    0.00    0.00    0.00    3.06   46.94    0.00    0.00    0.00   50.00
02:29:03 AM    1    2.11    0.00    5.26    0.00    3.16    0.00    0.00    0.00    0.00   89.47
02:29:03 AM    2    1.03    0.00    5.15    0.00    2.06    0.00    0.00    0.00    0.00   91.75
02:29:03 AM    3    0.00    0.00    1.01    0.00    0.00    0.00    0.00    0.00    0.00   98.99

02:29:03 AM  CPU    %usr   %nice    %sys %iowait    %irq   %soft  %steal  %guest  %gnice   %idle
02:29:04 AM  all    0.77    0.00    2.83    0.00    2.06   11.83    0.00    0.00    0.00   82.52
02:29:04 AM    0    0.00    0.00    0.00    0.00    3.03   46.46    0.00    0.00    0.00   50.51
02:29:04 AM    1    2.15    0.00    9.68    0.00    4.30    0.00    0.00    0.00    0.00   83.87
02:29:04 AM    2    0.00    0.00    2.08    0.00    1.04    0.00    0.00    0.00    0.00   96.88
02:29:04 AM    3    0.99    0.00    0.00    0.00    0.00    0.00    0.00    0.00    0.00   99.01

02:29:04 AM  CPU    %usr   %nice    %sys %iowait    %irq   %soft  %steal  %guest  %gnice   %idle
02:29:05 AM  all    1.02    0.00    3.81    0.00    2.28   11.68    0.00    0.00    0.00   81.22
02:29:05 AM    0    0.00    0.00    0.00    0.00    3.03   46.46    0.00    0.00    0.00   50.51
02:29:05 AM    1    3.09    0.00   12.37    0.00    4.12    0.00    0.00    0.00    0.00   80.41
02:29:05 AM    2    1.02    0.00    3.06    0.00    2.04    0.00    0.00    0.00    0.00   93.88
02:29:05 AM    3    0.00    0.00    0.00    0.00    0.00    0.00    0.00    0.00    0.00  100.00

02:29:05 AM  CPU    %usr   %nice    %sys %iowait    %irq   %soft  %steal  %guest  %gnice   %idle
02:29:06 AM  all    1.02    0.00    3.81    0.00    2.03   11.68    0.00    0.00    0.00   81.47
02:29:06 AM    0    0.00    0.00    0.00    0.00    3.03   46.46    0.00    0.00    0.00   50.51
02:29:06 AM    1    3.12    0.00   11.46    0.00    4.17    0.00    0.00    0.00    0.00   81.25
02:29:06 AM    2    1.01    0.00    4.04    0.00    1.01    0.00    0.00    0.00    0.00   93.94
02:29:06 AM    3    0.00    0.00    0.00    0.00    0.00    0.00    0.00    0.00    0.00  100.00

02:29:06 AM  CPU    %usr   %nice    %sys %iowait    %irq   %soft  %steal  %guest  %gnice   %idle
02:29:07 AM  all    0.25    0.00    4.07    0.00    2.04   11.70    0.00    0.00    0.00   81.93
02:29:07 AM    0    0.00    0.00    0.00    0.00    3.00   46.00    0.00    0.00    0.00   51.00
02:29:07 AM    1    1.05    0.00   12.63    0.00    4.21    0.00    0.00    0.00    0.00   82.11
02:29:07 AM    2    0.00    0.00    4.08    0.00    1.02    0.00    0.00    0.00    0.00   94.90
02:29:07 AM    3    0.00    0.00    0.00    0.00    0.00    0.00    0.00    0.00    0.00  100.00

02:29:07 AM  CPU    %usr   %nice    %sys %iowait    %irq   %soft  %steal  %guest  %gnice   %idle
02:29:08 AM  all    0.52    0.00    2.84    0.00    2.33   11.63    0.00    0.00    0.00   82.69
02:29:08 AM    0    0.00    0.00    1.01    0.00    3.03   45.45    0.00    0.00    0.00   50.51
02:29:08 AM    1    1.09    0.00    8.70    0.00    4.35    0.00    0.00    0.00    0.00   85.87
02:29:08 AM    2    1.03    0.00    2.06    0.00    2.06    0.00    0.00    0.00    0.00   94.85
02:29:08 AM    3    0.00    0.00    0.00    0.00    0.00    0.00    0.00    0.00    0.00  100.00

02:29:08 AM  CPU    %usr   %nice    %sys %iowait    %irq   %soft  %steal  %guest  %gnice   %idle
02:29:09 AM  all    1.27    0.00    3.54    0.00    2.03   11.65    0.00    0.00    0.00   81.52
02:29:09 AM    0    0.00    0.00    0.00    0.00    3.06   46.94    0.00    0.00    0.00   50.00
02:29:09 AM    1    5.21    0.00   13.54    0.00    5.21    0.00    0.00    0.00    0.00   76.04
02:29:09 AM    2    0.00    0.00    0.99    0.00    0.00    0.00    0.00    0.00    0.00   99.01
02:29:09 AM    3    0.00    0.00    0.00    0.00    0.00    0.00    0.00    0.00    0.00  100.00

02:29:09 AM  CPU    %usr   %nice    %sys %iowait    %irq   %soft  %steal  %guest  %gnice   %idle
02:29:10 AM  all    0.77    0.00    2.83    0.00    2.06   11.83    0.00    0.00    0.00   82.52
02:29:10 AM    0    0.00    0.00    0.00    0.00    3.03   46.46    0.00    0.00    0.00   50.51
02:29:10 AM    1    3.33    0.00   12.22    0.00    5.56    0.00    0.00    0.00    0.00   78.89
02:29:10 AM    2    0.00    0.00    0.00    0.00    0.00    0.00    0.00    0.00    0.00  100.00
02:29:10 AM    3    0.00    0.00    0.00    0.00    0.00    0.00    0.00    0.00    0.00  100.00

02:29:10 AM  CPU    %usr   %nice    %sys %iowait    %irq   %soft  %steal  %guest  %gnice   %idle
02:29:11 AM  all    0.26    0.00    2.84    0.00    2.06   11.86    0.00    0.00    0.00   82.99
02:29:11 AM    0    0.00    0.00    0.00    0.00    3.00   46.00    0.00    0.00    0.00   51.00
02:29:11 AM    1    1.14    0.00   12.50    0.00    5.68    0.00    0.00    0.00    0.00   80.68
02:29:11 AM    2    0.00    0.00    0.00    0.00    0.00    0.00    0.00    0.00    0.00  100.00
02:29:11 AM    3    0.00    0.00    0.00    0.00    0.00    0.00    0.00    0.00    0.00  100.00

02:29:11 AM  CPU    %usr   %nice    %sys %iowait    %irq   %soft  %steal  %guest  %gnice   %idle
02:29:12 AM  all    0.52    0.00    2.84    0.00    2.06   11.86    0.00    0.00    0.00   82.73
02:29:12 AM    0    0.00    0.00    0.00    0.00    3.06   46.94    0.00    0.00    0.00   50.00
02:29:12 AM    1    1.09    0.00   11.96    0.00    5.43    0.00    0.00    0.00    0.00   81.52
02:29:12 AM    2    1.02    0.00    0.00    0.00    0.00    0.00    0.00    0.00    0.00   98.98
02:29:12 AM    3    0.00    0.00    0.00    0.00    0.00    0.00    0.00    0.00    0.00  100.00

02:29:12 AM  CPU    %usr   %nice    %sys %iowait    %irq   %soft  %steal  %guest  %gnice   %idle
02:29:13 AM  all    0.76    0.00    3.31    0.00    2.29   11.70    0.00    0.00    0.00   81.93
02:29:13 AM    0    0.00    0.00    0.00    0.00    3.00   46.00    0.00    0.00    0.00   51.00
02:29:13 AM    1    3.16    0.00    9.47    0.00    4.21    0.00    0.00    0.00    0.00   83.16
02:29:13 AM    2    0.00    0.00    4.08    0.00    2.04    0.00    0.00    0.00    0.00   93.88
02:29:13 AM    3    0.00    0.00    0.00    0.00    0.00    0.00    0.00    0.00    0.00  100.00

02:29:13 AM  CPU    %usr   %nice    %sys %iowait    %irq   %soft  %steal  %guest  %gnice   %idle
02:29:14 AM  all    0.52    0.00    3.09    0.00    2.06   11.86    0.00    0.00    0.00   82.47
02:29:14 AM    0    0.00    0.00    0.00    0.00    3.03   46.46    0.00    0.00    0.00   50.51
02:29:14 AM    1    1.09    0.00    9.78    0.00    4.35    0.00    0.00    0.00    0.00   84.78
02:29:14 AM    2    1.02    0.00    3.06    0.00    1.02    0.00    0.00    0.00    0.00   94.90
02:29:14 AM    3    0.00    0.00    0.00    0.00    0.00    0.00    0.00    0.00    0.00  100.00

02:29:14 AM  CPU    %usr   %nice    %sys %iowait    %irq   %soft  %steal  %guest  %gnice   %idle
02:29:15 AM  all    1.03    0.00    2.57    0.00    2.06   11.57    0.00    0.00    0.00   82.78
02:29:15 AM    0    0.00    0.00    0.00    0.00    3.06   45.92    0.00    0.00    0.00   51.02
02:29:15 AM    1    3.23    0.00    7.53    0.00    4.30    0.00    0.00    0.00    0.00   84.95
02:29:15 AM    2    1.02    0.00    3.06    0.00    1.02    0.00    0.00    0.00    0.00   94.90
02:29:15 AM    3    0.00    0.00    0.00    0.00    0.00    0.00    0.00    0.00    0.00  100.00

02:29:15 AM  CPU    %usr   %nice    %sys %iowait    %irq   %soft  %steal  %guest  %gnice   %idle
02:29:16 AM  all    0.77    0.00    2.82    0.00    2.31   11.79    0.00    0.00    0.00   82.31
02:29:16 AM    0    0.00    0.00    0.00    0.00    3.03   46.46    0.00    0.00    0.00   50.51
02:29:16 AM    1    1.05    0.00    7.37    0.00    3.16    0.00    0.00    0.00    0.00   88.42
02:29:16 AM    2    2.08    0.00    4.17    0.00    3.12    0.00    0.00    0.00    0.00   90.62
02:29:16 AM    3    0.00    0.00    0.00    0.00    0.00    0.00    0.00    0.00    0.00  100.00

02:29:16 AM  CPU    %usr   %nice    %sys %iowait    %irq   %soft  %steal  %guest  %gnice   %idle
02:29:17 AM  all    0.75    0.00    4.52    0.00    2.26   11.56    0.00    0.00    0.00   80.90
02:29:17 AM    0    0.00    0.00    0.00    0.00    4.00   46.00    0.00    0.00    0.00   50.00
02:29:17 AM    1    1.03    0.00    8.25    0.00    2.06    0.00    0.00    0.00    0.00   88.66
02:29:17 AM    2    1.98    0.00    9.90    0.00    2.97    0.00    0.00    0.00    0.00   85.15
02:29:17 AM    3    0.00    0.00    0.00    0.00    0.00    0.00    0.00    0.00    0.00  100.00

02:29:17 AM  CPU    %usr   %nice    %sys %iowait    %irq   %soft  %steal  %guest  %gnice   %idle
02:29:18 AM  all    0.26    0.00    3.59    0.00    1.79   11.79    0.00    0.00    0.00   82.56
02:29:18 AM    0    0.00    0.00    1.02    0.00    3.06   46.94    0.00    0.00    0.00   48.98
02:29:18 AM    1    0.00    0.00    6.19    0.00    2.06    0.00    0.00    0.00    0.00   91.75
02:29:18 AM    2    0.00    0.00    7.37    0.00    2.11    0.00    0.00    0.00    0.00   90.53
02:29:18 AM    3    1.00    0.00    0.00    0.00    0.00    0.00    0.00    0.00    0.00   99.00

02:29:18 AM  CPU    %usr   %nice    %sys %iowait    %irq   %soft  %steal  %guest  %gnice   %idle
02:29:19 AM  all    1.26    0.00    3.28    0.00    2.53   11.62    0.00    0.00    0.00   81.31
02:29:19 AM    0    0.00    0.00    0.00    0.00    3.03   46.46    0.00    0.00    0.00   50.51
02:29:19 AM    1    1.00    0.00    4.00    0.00    2.00    0.00    0.00    0.00    0.00   93.00
02:29:19 AM    2    3.09    0.00    5.15    0.00    3.09    0.00    0.00    0.00    0.00   88.66
02:29:19 AM    3    1.00    0.00    4.00    0.00    2.00    0.00    0.00    0.00    0.00   93.00

02:29:19 AM  CPU    %usr   %nice    %sys %iowait    %irq   %soft  %steal  %guest  %gnice   %idle
02:29:20 AM  all    0.26    0.00    3.58    0.00    2.05   11.76    0.00    0.00    0.00   82.35
02:29:20 AM    0    0.00    0.00    0.00    0.00    3.03   46.46    0.00    0.00    0.00   50.51
02:29:20 AM    1    0.00    0.00    4.08    0.00    1.02    0.00    0.00    0.00    0.00   94.90
02:29:20 AM    2    1.04    0.00    6.25    0.00    3.12    0.00    0.00    0.00    0.00   89.58
02:29:20 AM    3    0.00    0.00    4.08    0.00    1.02    0.00    0.00    0.00    0.00   94.90

02:29:20 AM  CPU    %usr   %nice    %sys %iowait    %irq   %soft  %steal  %guest  %gnice   %idle
02:29:21 AM  all    0.51    0.00    2.57    0.00    2.31   11.83    0.00    0.00    0.00   82.78
02:29:21 AM    0    0.00    0.00    0.00    0.00    3.03   46.46    0.00    0.00    0.00   50.51
02:29:21 AM    1    1.02    0.00    2.04    0.00    2.04    0.00    0.00    0.00    0.00   94.90
02:29:21 AM    2    0.00    0.00    5.38    0.00    2.15    0.00    0.00    0.00    0.00   92.47
02:29:21 AM    3    1.01    0.00    3.03    0.00    2.02    0.00    0.00    0.00    0.00   93.94

02:29:21 AM  CPU    %usr   %nice    %sys %iowait    %irq   %soft  %steal  %guest  %gnice   %idle
02:29:22 AM  all    0.51    0.00    3.58    0.00    2.05   11.76    0.00    0.00    0.00   82.10
02:29:22 AM    0    0.00    0.00    1.00    0.00    3.00   46.00    0.00    0.00    0.00   50.00
02:29:22 AM    1    1.02    0.00    3.06    0.00    1.02    0.00    0.00    0.00    0.00   94.90
02:29:22 AM    2    1.03    0.00    7.22    0.00    3.09    0.00    0.00    0.00    0.00   88.66
02:29:22 AM    3    0.00    0.00    3.12    0.00    1.04    0.00    0.00    0.00    0.00   95.83

02:29:22 AM  CPU    %usr   %nice    %sys %iowait    %irq   %soft  %steal  %guest  %gnice   %idle
02:29:23 AM  all    1.28    0.00    3.32    0.00    2.04   11.73    0.00    0.00    0.00   81.63
02:29:23 AM    0    0.00    0.00    0.00    0.00    3.03   46.46    0.00    0.00    0.00   50.51
02:29:23 AM    1    1.01    0.00    5.05    0.00    1.01    0.00    0.00    0.00    0.00   92.93
02:29:23 AM    2    3.16    0.00    4.21    0.00    3.16    0.00    0.00    0.00    0.00   89.47
02:29:23 AM    3    1.01    0.00    4.04    0.00    1.01    0.00    0.00    0.00    0.00   93.94

02:29:23 AM  CPU    %usr   %nice    %sys %iowait    %irq   %soft  %steal  %guest  %gnice   %idle
02:29:24 AM  all    0.51    0.00    3.06    0.00    2.30   11.99    0.00    0.00    0.00   82.14
02:29:24 AM    0    0.00    0.00    0.00    0.00    3.03   46.46    0.00    0.00    0.00   50.51
02:29:24 AM    1    0.00    0.00    2.06    0.00    2.06    0.00    0.00    0.00    0.00   95.88
02:29:24 AM    2    1.05    0.00    6.32    0.00    2.11    0.00    0.00    0.00    0.00   90.53
02:29:24 AM    3    0.99    0.00    3.96    0.00    1.98    0.99    0.00    0.00    0.00   92.08

02:29:24 AM  CPU    %usr   %nice    %sys %iowait    %irq   %soft  %steal  %guest  %gnice   %idle
02:29:25 AM  all    1.02    0.00    3.57    0.00    2.04   11.73    0.00    0.00    0.00   81.63
02:29:25 AM    0    1.00    0.00    0.00    0.00    3.00   46.00    0.00    0.00    0.00   50.00
02:29:25 AM    1    1.06    0.00    4.26    0.00    2.13    0.00    0.00    0.00    0.00   92.55
02:29:25 AM    2    0.99    0.00    4.95    0.00    1.98    0.00    0.00    0.00    0.00   92.08
02:29:25 AM    3    1.03    0.00    5.15    0.00    1.03    0.00    0.00    0.00    0.00   92.78

02:29:25 AM  CPU    %usr   %nice    %sys %iowait    %irq   %soft  %steal  %guest  %gnice   %idle
02:29:26 AM  all    0.51    0.00    3.32    0.00    2.30   11.51    0.00    0.00    0.00   82.35
02:29:26 AM    0    0.00    0.00    0.00    0.00    3.06   45.92    0.00    0.00    0.00   51.02
02:29:26 AM    1    1.02    0.00    2.04    0.00    2.04    0.00    0.00    0.00    0.00   94.90
02:29:26 AM    2    0.00    0.00    5.10    0.00    1.02    0.00    0.00    0.00    0.00   93.88
02:29:26 AM    3    1.03    0.00    6.19    0.00    3.09    0.00    0.00    0.00    0.00   89.69

02:29:26 AM  CPU    %usr   %nice    %sys %iowait    %irq   %soft  %steal  %guest  %gnice   %idle
02:29:27 AM  all    0.52    0.00    2.06    0.00    2.32   11.86    0.00    0.00    0.00   83.25
02:29:27 AM    0    0.00    0.00    0.00    0.00    3.00   46.00    0.00    0.00    0.00   51.00
02:29:27 AM    1    1.03    0.00    2.06    0.00    1.03    0.00    0.00    0.00    0.00   95.88
02:29:27 AM    2    1.01    0.00    3.03    0.00    2.02    0.00    0.00    0.00    0.00   93.94
02:29:27 AM    3    0.00    0.00    3.26    0.00    3.26    0.00    0.00    0.00    0.00   93.48

02:29:27 AM  CPU    %usr   %nice    %sys %iowait    %irq   %soft  %steal  %guest  %gnice   %idle
02:29:28 AM  all    0.51    0.00    3.60    0.00    1.80   11.83    0.00    0.00    0.00   82.26
02:29:28 AM    0    0.00    0.00    0.00    0.00    3.03   46.46    0.00    0.00    0.00   50.51
02:29:28 AM    1    0.00    0.00    3.09    0.00    1.03    0.00    0.00    0.00    0.00   95.88
02:29:28 AM    2    1.03    0.00    3.09    0.00    1.03    0.00    0.00    0.00    0.00   94.85
02:29:28 AM    3    1.04    0.00    8.33    0.00    2.08    0.00    0.00    0.00    0.00   88.54

02:29:28 AM  CPU    %usr   %nice    %sys %iowait    %irq   %soft  %steal  %guest  %gnice   %idle
02:29:29 AM  all    1.27    0.00    2.80    0.00    2.29   11.70    0.00    0.00    0.00   81.93
02:29:29 AM    0    0.00    0.00    0.00    0.00    3.03   46.46    0.00    0.00    0.00   50.51
02:29:29 AM    1    1.02    0.00    2.04    0.00    2.04    0.00    0.00    0.00    0.00   94.90
02:29:29 AM    2    1.01    0.00    4.04    0.00    1.01    0.00    0.00    0.00    0.00   93.94
02:29:29 AM    3    3.09    0.00    5.15    0.00    3.09    0.00    0.00    0.00    0.00   88.66

02:29:29 AM  CPU    %usr   %nice    %sys %iowait    %irq   %soft  %steal  %guest  %gnice   %idle
02:29:30 AM  all    0.77    0.00    2.81    0.00    2.30   11.99    0.00    0.00    0.00   82.14
02:29:30 AM    0    0.00    0.00    0.00    0.00    3.03   46.46    0.00    0.00    0.00   50.51
02:29:30 AM    1    1.02    0.00    2.04    0.00    1.02    1.02    0.00    0.00    0.00   94.90
02:29:30 AM    2    0.00    0.00    4.04    0.00    2.02    0.00    0.00    0.00    0.00   93.94
02:29:30 AM    3    2.08    0.00    5.21    0.00    3.12    0.00    0.00    0.00    0.00   89.58

02:29:30 AM  CPU    %usr   %nice    %sys %iowait    %irq   %soft  %steal  %guest  %gnice   %idle
02:29:31 AM  all    0.51    0.00    2.83    0.00    2.06   11.83    0.00    0.00    0.00   82.78
02:29:31 AM    0    0.00    0.00    0.00    0.00    3.06   46.94    0.00    0.00    0.00   50.00
02:29:31 AM    1    0.00    0.00    0.00    0.00    0.00    0.00    0.00    0.00    0.00  100.00
02:29:31 AM    2    2.04    0.00    6.12    0.00    2.04    0.00    0.00    0.00    0.00   89.80
02:29:31 AM    3    0.00    0.00    5.32    0.00    3.19    0.00    0.00    0.00    0.00   91.49

02:29:31 AM  CPU    %usr   %nice    %sys %iowait    %irq   %soft  %steal  %guest  %gnice   %idle
02:29:32 AM  all    0.77    0.00    2.56    0.00    2.05   11.79    0.00    0.00    0.00   82.82
02:29:32 AM    0    0.00    0.00    0.00    0.00    3.00   46.00    0.00    0.00    0.00   51.00
02:29:32 AM    1    0.00    0.00    0.00    0.00    0.00    0.00    0.00    0.00    0.00  100.00
02:29:32 AM    2    2.08    0.00    5.21    0.00    3.12    0.00    0.00    0.00    0.00   89.58
02:29:32 AM    3    1.06    0.00    5.32    0.00    2.13    0.00    0.00    0.00    0.00   91.49

02:29:32 AM  CPU    %usr   %nice    %sys %iowait    %irq   %soft  %steal  %guest  %gnice   %idle
02:29:33 AM  all    1.02    0.00    2.81    0.00    2.30   11.73    0.00    0.00    0.00   82.14
02:29:33 AM    0    0.00    0.00    0.00    0.00    3.06   46.94    0.00    0.00    0.00   50.00
02:29:33 AM    1    0.99    0.00    0.99    0.00    0.00    0.00    0.00    0.00    0.00   98.02
02:29:33 AM    2    2.08    0.00    5.21    0.00    3.12    0.00    0.00    0.00    0.00   89.58
02:29:33 AM    3    1.03    0.00    5.15    0.00    3.09    0.00    0.00    0.00    0.00   90.72

02:29:33 AM  CPU    %usr   %nice    %sys %iowait    %irq   %soft  %steal  %guest  %gnice   %idle
02:29:34 AM  all    0.26    0.00    2.58    0.00    2.33   11.63    0.00    0.00    0.00   83.20
02:29:34 AM    0    0.00    0.00    0.00    0.00    3.03   45.45    0.00    0.00    0.00   51.52
02:29:34 AM    1    0.00    0.00    2.06    0.00    2.06    0.00    0.00    0.00    0.00   95.88
02:29:34 AM    2    1.05    0.00    6.32    0.00    3.16    0.00    0.00    0.00    0.00   89.47
02:29:34 AM    3    0.00    0.00    2.08    0.00    1.04    0.00    0.00    0.00    0.00   96.88

02:29:34 AM  CPU    %usr   %nice    %sys %iowait    %irq   %soft  %steal  %guest  %gnice   %idle
02:29:35 AM  all    0.52    0.00    2.84    0.00    2.06   11.86    0.00    0.00    0.00   82.73
02:29:35 AM    0    0.00    0.00    0.00    0.00    3.06   46.94    0.00    0.00    0.00   50.00
02:29:35 AM    1    0.00    0.00    0.00    0.00    0.00    0.00    0.00    0.00    0.00  100.00
02:29:35 AM    2    1.04    0.00    8.33    0.00    3.12    0.00    0.00    0.00    0.00   87.50
02:29:35 AM    3    1.05    0.00    3.16    0.00    2.11    0.00    0.00    0.00    0.00   93.68

02:29:35 AM  CPU    %usr   %nice    %sys %iowait    %irq   %soft  %steal  %guest  %gnice   %idle
02:29:36 AM  all    1.27    0.00    3.31    0.00    1.78   11.70    0.00    0.00    0.00   81.93
02:29:36 AM    0    0.00    0.00    0.00    0.00    3.00   46.00    0.00    0.00    0.00   51.00
02:29:36 AM    1    2.04    0.00    3.06    0.00    1.02    0.00    0.00    0.00    0.00   93.88
02:29:36 AM    2    1.02    0.00    3.06    0.00    1.02    0.00    0.00    0.00    0.00   94.90
02:29:36 AM    3    2.06    0.00    7.22    0.00    2.06    0.00    0.00    0.00    0.00   88.66

02:29:36 AM  CPU    %usr   %nice    %sys %iowait    %irq   %soft  %steal  %guest  %gnice   %idle
02:29:37 AM  all    0.51    0.00    4.06    0.00    2.28   11.93    0.00    0.00    0.00   81.22
02:29:37 AM    0    0.00    0.00    1.00    0.00    3.00   46.00    0.00    0.00    0.00   50.00
02:29:37 AM    1    0.00    0.00    3.06    0.00    2.04    0.00    0.00    0.00    0.00   94.90
02:29:37 AM    2    0.99    0.00    5.94    0.00    0.99    0.99    0.00    0.00    0.00   91.09
02:29:37 AM    3    1.05    0.00    6.32    0.00    3.16    0.00    0.00    0.00    0.00   89.47

02:29:37 AM  CPU    %usr   %nice    %sys %iowait    %irq   %soft  %steal  %guest  %gnice   %idle
02:29:38 AM  all    1.02    0.00    3.06    0.00    2.30   11.73    0.00    0.00    0.00   81.89
02:29:38 AM    0    0.00    0.00    0.00    0.00    3.03   46.46    0.00    0.00    0.00   50.51
02:29:38 AM    1    1.03    0.00    2.06    0.00    1.03    0.00    0.00    0.00    0.00   95.88
02:29:38 AM    2    1.02    0.00    3.06    0.00    2.04    0.00    0.00    0.00    0.00   93.88
02:29:38 AM    3    2.04    0.00    7.14    0.00    3.06    0.00    0.00    0.00    0.00   87.76

02:29:38 AM  CPU    %usr   %nice    %sys %iowait    %irq   %soft  %steal  %guest  %gnice   %idle
02:29:39 AM  all    0.51    0.00    3.07    0.00    2.30   11.76    0.00    0.00    0.00   82.35
02:29:39 AM    0    0.00    0.00    0.00    0.00    3.03   46.46    0.00    0.00    0.00   50.51
02:29:39 AM    1    0.00    0.00    2.06    0.00    2.06    0.00    0.00    0.00    0.00   95.88
02:29:39 AM    2    1.02    0.00    3.06    0.00    1.02    0.00    0.00    0.00    0.00   94.90
02:29:39 AM    3    1.03    0.00    7.22    0.00    3.09    0.00    0.00    0.00    0.00   88.66

02:29:39 AM  CPU    %usr   %nice    %sys %iowait    %irq   %soft  %steal  %guest  %gnice   %idle
02:29:40 AM  all    0.77    0.00    2.84    0.00    1.80   11.86    0.00    0.00    0.00   82.73
02:29:40 AM    0    0.00    0.00    0.00    0.00    3.03   46.46    0.00    0.00    0.00   50.51
02:29:40 AM    1    2.06    0.00    2.06    0.00    1.03    0.00    0.00    0.00    0.00   94.85
02:29:40 AM    2    0.00    0.00    2.08    0.00    1.04    0.00    0.00    0.00    0.00   96.88
02:29:40 AM    3    1.04    0.00    7.29    0.00    2.08    0.00    0.00    0.00    0.00   89.58

02:29:40 AM  CPU    %usr   %nice    %sys %iowait    %irq   %soft  %steal  %guest  %gnice   %idle
02:29:41 AM  all    0.26    0.00    2.59    0.00    2.33   11.66    0.00    0.00    0.00   83.16
02:29:41 AM    0    0.00    0.00    0.00    0.00    3.06   45.92    0.00    0.00    0.00   51.02
02:29:41 AM    1    0.00    0.00    3.09    0.00    1.03    0.00    0.00    0.00    0.00   95.88
02:29:41 AM    2    1.02    0.00    3.06    0.00    2.04    0.00    0.00    0.00    0.00   93.88
02:29:41 AM    3    0.00    0.00    4.30    0.00    3.23    0.00    0.00    0.00    0.00   92.47

02:29:41 AM  CPU    %usr   %nice    %sys %iowait    %irq   %soft  %steal  %guest  %gnice   %idle
02:29:42 AM  all    1.28    0.00    2.56    0.00    2.31   11.79    0.00    0.00    0.00   82.05
02:29:42 AM    0    0.00    0.00    1.00    0.00    3.00   46.00    0.00    0.00    0.00   50.00
02:29:42 AM    1    2.02    0.00    3.03    0.00    2.02    0.00    0.00    0.00    0.00   92.93
02:29:42 AM    2    1.03    0.00    2.06    0.00    1.03    0.00    0.00    0.00    0.00   95.88
02:29:42 AM    3    2.13    0.00    4.26    0.00    3.19    0.00    0.00    0.00    0.00   90.43

02:29:42 AM  CPU    %usr   %nice    %sys %iowait    %irq   %soft  %steal  %guest  %gnice   %idle
02:29:43 AM  all    1.28    0.00    2.81    0.00    2.05   11.76    0.00    0.00    0.00   82.10
02:29:43 AM    0    0.00    0.00    0.00    0.00    3.00   46.00    0.00    0.00    0.00   51.00
02:29:43 AM    1    0.00    0.00    4.08    0.00    1.02    0.00    0.00    0.00    0.00   94.90
02:29:43 AM    2    2.06    0.00    1.03    0.00    2.06    0.00    0.00    0.00    0.00   94.85
02:29:43 AM    3    3.12    0.00    6.25    0.00    2.08    0.00    0.00    0.00    0.00   88.54

02:29:43 AM  CPU    %usr   %nice    %sys %iowait    %irq   %soft  %steal  %guest  %gnice   %idle
02:29:44 AM  all    1.02    0.00    3.32    0.00    2.04   11.73    0.00    0.00    0.00   81.89
02:29:44 AM    0    0.00    0.00    0.00    0.00    3.03   46.46    0.00    0.00    0.00   50.51
02:29:44 AM    1    1.04    0.00    2.08    0.00    1.04    0.00    0.00    0.00    0.00   95.83
02:29:44 AM    2    1.01    0.00    4.04    0.00    1.01    0.00    0.00    0.00    0.00   93.94
02:29:44 AM    3    2.04    0.00    7.14    0.00    3.06    0.00    0.00    0.00    0.00   87.76

02:29:44 AM  CPU    %usr   %nice    %sys %iowait    %irq   %soft  %steal  %guest  %gnice   %idle
02:29:45 AM  all    0.51    0.00    2.82    0.00    2.31   11.79    0.00    0.00    0.00   82.56
02:29:45 AM    0    0.00    0.00    0.00    0.00    3.03   46.46    0.00    0.00    0.00   50.51
02:29:45 AM    1    0.00    0.00    3.06    0.00    2.04    0.00    0.00    0.00    0.00   94.90
02:29:45 AM    2    1.02    0.00    3.06    0.00    1.02    0.00    0.00    0.00    0.00   94.90
02:29:45 AM    3    1.05    0.00    5.26    0.00    3.16    0.00    0.00    0.00    0.00   90.53

02:29:45 AM  CPU    %usr   %nice    %sys %iowait    %irq   %soft  %steal  %guest  %gnice   %idle
02:29:46 AM  all    0.00    0.00    3.35    0.00    2.32   11.60    0.00    0.00    0.00   82.73
02:29:46 AM    0    0.00    0.00    0.00    0.00    3.06   45.92    0.00    0.00    0.00   51.02
02:29:46 AM    1    0.00    0.00    3.09    0.00    1.03    0.00    0.00    0.00    0.00   95.88
02:29:46 AM    2    0.00    0.00    3.09    0.00    2.06    0.00    0.00    0.00    0.00   94.85
02:29:46 AM    3    0.00    0.00    7.29    0.00    3.12    0.00    0.00    0.00    0.00   89.58

02:29:46 AM  CPU    %usr   %nice    %sys %iowait    %irq   %soft  %steal  %guest  %gnice   %idle
02:29:47 AM  all    0.77    0.00    2.83    0.00    2.06   11.83    0.00    0.00    0.00   82.52
02:29:47 AM    0    0.00    0.00    0.00    0.00    3.00   46.00    0.00    0.00    0.00   51.00
02:29:47 AM    1    1.03    0.00    2.06    0.00    2.06    0.00    0.00    0.00    0.00   94.85
02:29:47 AM    2    1.02    0.00    3.06    0.00    1.02    0.00    0.00    0.00    0.00   94.90
02:29:47 AM    3    1.06    0.00    6.38    0.00    2.13    0.00    0.00    0.00    0.00   90.43

02:29:47 AM  CPU    %usr   %nice    %sys %iowait    %irq   %soft  %steal  %guest  %gnice   %idle
02:29:48 AM  all    0.76    0.00    4.05    0.00    2.28   11.65    0.00    0.00    0.00   81.27
02:29:48 AM    0    0.00    0.00    0.00    0.00    3.06   46.94    0.00    0.00    0.00   50.00
02:29:48 AM    1    0.00    0.00    3.09    0.00    1.03    0.00    0.00    0.00    0.00   95.88
02:29:48 AM    2    1.00    0.00    1.00    0.00    1.00    0.00    0.00    0.00    0.00   97.00
02:29:48 AM    3    2.00    0.00   12.00    0.00    4.00    0.00    0.00    0.00    0.00   82.00

02:29:48 AM  CPU    %usr   %nice    %sys %iowait    %irq   %soft  %steal  %guest  %gnice   %idle
02:29:49 AM  all    0.52    0.00    2.58    0.00    2.06   11.86    0.00    0.00    0.00   82.99
02:29:49 AM    0    0.00    0.00    0.00    0.00    3.00   46.00    0.00    0.00    0.00   51.00
02:29:49 AM    1    1.03    0.00    2.06    0.00    1.03    0.00    0.00    0.00    0.00   95.88
02:29:49 AM    2    0.00    0.00    0.00    0.00    0.00    0.00    0.00    0.00    0.00  100.00
02:29:49 AM    3    1.10    0.00    8.79    0.00    4.40    0.00    0.00    0.00    0.00   85.71

02:29:49 AM  CPU    %usr   %nice    %sys %iowait    %irq   %soft  %steal  %guest  %gnice   %idle
02:29:50 AM  all    1.03    0.00    3.08    0.00    2.31   11.83    0.00    0.00    0.00   81.75
02:29:50 AM    0    0.00    0.00    0.00    0.00    3.06   46.94    0.00    0.00    0.00   50.00
02:29:50 AM    1    1.02    0.00    3.06    0.00    2.04    0.00    0.00    0.00    0.00   93.88
02:29:50 AM    2    1.02    0.00    2.04    0.00    1.02    0.00    0.00    0.00    0.00   95.92
02:29:50 AM    3    2.11    0.00    7.37    0.00    3.16    0.00    0.00    0.00    0.00   87.37

02:29:50 AM  CPU    %usr   %nice    %sys %iowait    %irq   %soft  %steal  %guest  %gnice   %idle
02:29:51 AM  all    0.51    0.00    3.83    0.00    1.79   11.73    0.00    0.00    0.00   82.14
02:29:51 AM    0    0.00    0.00    0.00    0.00    3.03   46.46    0.00    0.00    0.00   50.51
02:29:51 AM    1    1.01    0.00    4.04    0.00    1.01    0.00    0.00    0.00    0.00   93.94
02:29:51 AM    2    0.00    0.00    5.05    0.00    1.01    0.00    0.00    0.00    0.00   93.94
02:29:51 AM    3    1.05    0.00    6.32    0.00    2.11    0.00    0.00    0.00    0.00   90.53

02:29:51 AM  CPU    %usr   %nice    %sys %iowait    %irq   %soft  %steal  %guest  %gnice   %idle
02:29:52 AM  all    0.76    0.00    3.82    0.00    2.04   11.70    0.00    0.00    0.00   81.68
02:29:52 AM    0    0.00    0.00    0.00    0.00    3.03   46.46    0.00    0.00    0.00   50.51
02:29:52 AM    1    1.02    0.00    3.06    0.00    1.02    0.00    0.00    0.00    0.00   94.90
02:29:52 AM    2    1.01    0.00    4.04    0.00    1.01    0.00    0.00    0.00    0.00   93.94
02:29:52 AM    3    1.03    0.00    8.25    0.00    3.09    0.00    0.00    0.00    0.00   87.63

02:29:52 AM  CPU    %usr   %nice    %sys %iowait    %irq   %soft  %steal  %guest  %gnice   %idle
02:29:53 AM  all    0.77    0.00    3.07    0.00    2.56   11.76    0.00    0.00    0.00   81.84
02:29:53 AM    0    0.00    0.00    1.00    0.00    3.00   46.00    0.00    0.00    0.00   50.00
02:29:53 AM    1    1.03    0.00    2.06    0.00    2.06    0.00    0.00    0.00    0.00   94.85
02:29:53 AM    2    0.00    0.00    5.05    0.00    2.02    0.00    0.00    0.00    0.00   92.93
02:29:53 AM    3    2.11    0.00    4.21    0.00    3.16    0.00    0.00    0.00    0.00   90.53

02:29:53 AM  CPU    %usr   %nice    %sys %iowait    %irq   %soft  %steal  %guest  %gnice   %idle
02:29:54 AM  all    0.78    0.00    2.34    0.00    1.82   11.72    0.00    0.00    0.00   83.33
02:29:54 AM    0    0.00    0.00    0.00    0.00    3.06   45.92    0.00    0.00    0.00   51.02
02:29:54 AM    1    1.04    0.00    2.08    0.00    1.04    0.00    0.00    0.00    0.00   95.83
02:29:54 AM    2    1.02    0.00    3.06    0.00    1.02    0.00    0.00    0.00    0.00   94.90
02:29:54 AM    3    1.09    0.00    4.35    0.00    2.17    0.00    0.00    0.00    0.00   92.39

02:29:54 AM  CPU    %usr   %nice    %sys %iowait    %irq   %soft  %steal  %guest  %gnice   %idle
02:29:55 AM  all    1.02    0.00    2.55    0.00    2.55   11.99    0.00    0.00    0.00   81.89
02:29:55 AM    0    0.00    0.00    0.00    0.00    3.03   46.46    0.00    0.00    0.00   50.51
02:29:55 AM    1    1.02    0.00    2.04    0.00    2.04    0.00    0.00    0.00    0.00   94.90
02:29:55 AM    2    1.02    0.00    3.06    0.00    2.04    0.00    0.00    0.00    0.00   93.88
02:29:55 AM    3    2.06    0.00    5.15    0.00    3.09    1.03    0.00    0.00    0.00   88.66

02:29:55 AM  CPU    %usr   %nice    %sys %iowait    %irq   %soft  %steal  %guest  %gnice   %idle
02:29:56 AM  all    0.51    0.00    3.81    0.00    2.03   11.68    0.00    0.00    0.00   81.98
02:29:56 AM    0    0.00    0.00    0.00    0.00    3.00   46.00    0.00    0.00    0.00   51.00
02:29:56 AM    1    0.00    0.00    4.08    0.00    1.02    0.00    0.00    0.00    0.00   94.90
02:29:56 AM    2    2.04    0.00    2.04    0.00    1.02    0.00    0.00    0.00    0.00   94.90
02:29:56 AM    3    0.00    0.00    9.18    0.00    3.06    0.00    0.00    0.00    0.00   87.76

02:29:56 AM  CPU    %usr   %nice    %sys %iowait    %irq   %soft  %steal  %guest  %gnice   %idle
02:29:57 AM  all    1.02    0.00    3.07    0.00    2.05   11.76    0.00    0.00    0.00   82.10
02:29:57 AM    0    0.00    0.00    0.00    0.00    3.03   46.46    0.00    0.00    0.00   50.51
02:29:57 AM    1    1.02    0.00    3.06    0.00    1.02    0.00    0.00    0.00    0.00   94.90
02:29:57 AM    2    1.00    0.00    5.00    0.00    1.00    0.00    0.00    0.00    0.00   93.00
02:29:57 AM    3    2.13    0.00    4.26    0.00    3.19    0.00    0.00    0.00    0.00   90.43

02:29:57 AM  CPU    %usr   %nice    %sys %iowait    %irq   %soft  %steal  %guest  %gnice   %idle
02:29:58 AM  all    0.51    0.00    4.05    0.00    2.28   11.90    0.00    0.00    0.00   81.27
02:29:58 AM    0    0.00    0.00    1.04    0.00    4.17   48.96    0.00    0.00    0.00   45.83
02:29:58 AM    1    1.00    0.00    5.00    0.00    2.00    0.00    0.00    0.00    0.00   92.00
02:29:58 AM    2    1.00    0.00    4.00    0.00    2.00    0.00    0.00    0.00    0.00   93.00
02:29:58 AM    3    0.00    0.00    6.06    0.00    1.01    0.00    0.00    0.00    0.00   92.93

02:29:58 AM  CPU    %usr   %nice    %sys %iowait    %irq   %soft  %steal  %guest  %gnice   %idle
02:29:59 AM  all    0.26    0.00    3.58    0.00    1.79   12.02    0.00    0.00    0.00   82.35
02:29:59 AM    0    1.04    0.00    1.04    0.00    3.12   48.96    0.00    0.00    0.00   45.83
02:29:59 AM    1    0.00    0.00    4.08    0.00    1.02    0.00    0.00    0.00    0.00   94.90
02:29:59 AM    2    0.00    0.00    5.10    0.00    1.02    0.00    0.00    0.00    0.00   93.88
02:29:59 AM    3    0.00    0.00    4.04    0.00    2.02    0.00    0.00    0.00    0.00   93.94

02:29:59 AM  CPU    %usr   %nice    %sys %iowait    %irq   %soft  %steal  %guest  %gnice   %idle
02:30:00 AM  all    1.98    0.00    5.19    0.00    1.73   11.60    0.00    0.00    0.00   79.51
02:30:00 AM    0    1.04    0.00    2.08    0.00    3.12   48.96    0.00    0.00    0.00   44.79
02:30:00 AM    1    3.77    0.00    6.60    0.00    1.89    0.00    0.00    0.00    0.00   87.74
02:30:00 AM    2    1.96    0.00    5.88    0.00    0.98    0.00    0.00    0.00    0.00   91.18
02:30:00 AM    3    0.99    0.00    5.94    0.00    0.99    0.00    0.00    0.00    0.00   92.08

02:30:00 AM  CPU    %usr   %nice    %sys %iowait    %irq   %soft  %steal  %guest  %gnice   %idle
02:30:01 AM  all    0.25    0.00    5.04    0.00    1.76   11.84    0.00    0.00    0.00   81.11
02:30:01 AM    0    0.00    0.00    2.11    0.00    3.16   49.47    0.00    0.00    0.00   45.26
02:30:01 AM    1    0.00    0.00    5.05    0.00    1.01    0.00    0.00    0.00    0.00   93.94
02:30:01 AM    2    0.00    0.00    7.77    0.00    1.94    0.00    0.00    0.00    0.00   90.29
02:30:01 AM    3    1.00    0.00    5.00    0.00    1.00    0.00    0.00    0.00    0.00   93.00

02:30:01 AM  CPU    %usr   %nice    %sys %iowait    %irq   %soft  %steal  %guest  %gnice   %idle
02:30:02 AM  all    1.01    0.00    3.80    0.00    1.77   11.90    0.00    0.00    0.00   81.52
02:30:02 AM    0    0.00    0.00    2.08    0.00    3.12   48.96    0.00    0.00    0.00   45.83
02:30:02 AM    1    1.01    0.00    4.04    0.00    1.01    0.00    0.00    0.00    0.00   93.94
02:30:02 AM    2    2.97    0.00    3.96    0.00    0.99    0.00    0.00    0.00    0.00   92.08
02:30:02 AM    3    0.00    0.00    5.05    0.00    2.02    0.00    0.00    0.00    0.00   92.93

02:30:02 AM  CPU    %usr   %nice    %sys %iowait    %irq   %soft  %steal  %guest  %gnice   %idle
02:30:03 AM  all    1.52    0.00    4.04    0.00    2.02   11.62    0.00    0.00    0.00   80.81
02:30:03 AM    0    0.00    0.00    1.03    0.00    3.09   47.42    0.00    0.00    0.00   48.45
02:30:03 AM    1    1.96    0.00    1.96    0.00    0.98    0.00    0.00    0.00    0.00   95.10
02:30:03 AM    2    3.06    0.00    9.18    0.00    3.06    0.00    0.00    0.00    0.00   84.69
02:30:03 AM    3    1.01    0.00    4.04    0.00    1.01    0.00    0.00    0.00    0.00   93.94

02:30:03 AM  CPU    %usr   %nice    %sys %iowait    %irq   %soft  %steal  %guest  %gnice   %idle
02:30:04 AM  all    1.02    0.00    3.05    0.00    2.29   11.70    0.00    0.00    0.00   81.93
02:30:04 AM    0    0.00    0.00    0.00    0.00    3.03   46.46    0.00    0.00    0.00   50.51
02:30:04 AM    1    0.00    0.00    0.00    0.00    0.00    0.00    0.00    0.00    0.00  100.00
02:30:04 AM    2    3.16    0.00    9.47    0.00    4.21    0.00    0.00    0.00    0.00   83.16
02:30:04 AM    3    1.01    0.00    3.03    0.00    2.02    0.00    0.00    0.00    0.00   93.94

02:30:04 AM  CPU    %usr   %nice    %sys %iowait    %irq   %soft  %steal  %guest  %gnice   %idle
02:30:05 AM  all    0.26    0.00    3.58    0.00    2.05   12.02    0.00    0.00    0.00   82.10
02:30:05 AM    0    0.00    0.00    0.99    0.00    2.97   45.54    0.00    0.00    0.00   50.50
02:30:05 AM    1    0.00    0.00    0.00    0.00    0.00    0.00    0.00    0.00    0.00  100.00
02:30:05 AM    2    1.06    0.00   10.64    0.00    4.26    1.06    0.00    0.00    0.00   82.98
02:30:05 AM    3    0.00    0.00    3.09    0.00    1.03    0.00    0.00    0.00    0.00   95.88

02:30:05 AM  CPU    %usr   %nice    %sys %iowait    %irq   %soft  %steal  %guest  %gnice   %idle
02:30:06 AM  all    0.76    0.00    4.30    0.00    2.03   11.65    0.00    0.00    0.00   81.27
02:30:06 AM    0    0.00    0.00    0.00    0.00    3.03   46.46    0.00    0.00    0.00   50.51
02:30:06 AM    1    0.00    0.00    0.00    0.00    0.00    0.00    0.00    0.00    0.00  100.00
02:30:06 AM    2    2.06    0.00   13.40    0.00    4.12    0.00    0.00    0.00    0.00   80.41
02:30:06 AM    3    1.01    0.00    4.04    0.00    1.01    0.00    0.00    0.00    0.00   93.94

02:30:06 AM  CPU    %usr   %nice    %sys %iowait    %irq   %soft  %steal  %guest  %gnice   %idle
02:30:07 AM  all    0.26    0.00    2.84    0.00    2.32   11.86    0.00    0.00    0.00   82.73
02:30:07 AM    0    0.00    0.00    0.00    0.00    3.03   46.46    0.00    0.00    0.00   50.51
02:30:07 AM    1    0.00    0.00    0.00    0.00    0.00    0.00    0.00    0.00    0.00  100.00
02:30:07 AM    2    1.04    0.00    8.33    0.00    3.12    0.00    0.00    0.00    0.00   87.50
02:30:07 AM    3    0.00    0.00    3.23    0.00    3.23    0.00    0.00    0.00    0.00   93.55

02:30:07 AM  CPU    %usr   %nice    %sys %iowait    %irq   %soft  %steal  %guest  %gnice   %idle
02:30:08 AM  all    0.26    0.00    3.58    0.00    2.30   11.76    0.00    0.00    0.00   82.10
02:30:08 AM    0    0.00    0.00    0.00    0.00    3.03   46.46    0.00    0.00    0.00   50.51
02:30:08 AM    1    0.00    0.00    0.00    0.00    0.00    0.00    0.00    0.00    0.00  100.00
02:30:08 AM    2    0.00    0.00    9.18    0.00    3.06    0.00    0.00    0.00    0.00   87.76
02:30:08 AM    3    1.06    0.00    5.32    0.00    3.19    0.00    0.00    0.00    0.00   90.43

02:30:08 AM  CPU    %usr   %nice    %sys %iowait    %irq   %soft  %steal  %guest  %gnice   %idle
02:30:09 AM  all    0.26    0.00    3.85    0.00    2.05   11.54    0.00    0.00    0.00   82.31
02:30:09 AM    0    0.00    0.00    0.00    0.00    3.06   45.92    0.00    0.00    0.00   51.02
02:30:09 AM    1    0.00    0.00    0.00    0.00    0.00    0.00    0.00    0.00    0.00  100.00
02:30:09 AM    2    0.00    0.00    9.28    0.00    3.09    0.00    0.00    0.00    0.00   87.63
02:30:09 AM    3    1.05    0.00    6.32    0.00    2.11    0.00    0.00    0.00    0.00   90.53

02:30:09 AM  CPU    %usr   %nice    %sys %iowait    %irq   %soft  %steal  %guest  %gnice   %idle
02:30:10 AM  all    0.78    0.00    2.33    0.00    2.07   11.89    0.00    0.00    0.00   82.95
02:30:10 AM    0    0.00    0.00    0.00    0.00    3.03   46.46    0.00    0.00    0.00   50.51
02:30:10 AM    1    0.00    0.00    0.00    0.00    0.00    0.00    0.00    0.00    0.00  100.00
02:30:10 AM    2    2.13    0.00    6.38    0.00    3.19    0.00    0.00    0.00    0.00   88.30
02:30:10 AM    3    1.06    0.00    3.19    0.00    2.13    0.00    0.00    0.00    0.00   93.62

02:30:10 AM  CPU    %usr   %nice    %sys %iowait    %irq   %soft  %steal  %guest  %gnice   %idle
02:30:11 AM  all    0.77    0.00    2.31    0.00    2.57   11.83    0.00    0.00    0.00   82.52
02:30:11 AM    0    0.00    0.00    0.00    0.00    4.00   46.00    0.00    0.00    0.00   50.00
02:30:11 AM    1    0.00    0.00    0.00    0.00    0.00    0.00    0.00    0.00    0.00  100.00
02:30:11 AM    2    3.26    0.00    7.61    0.00    4.35    0.00    0.00    0.00    0.00   84.78
02:30:11 AM    3    0.00    0.00    2.06    0.00    2.06    0.00    0.00    0.00    0.00   95.88

02:30:11 AM  CPU    %usr   %nice    %sys %iowait    %irq   %soft  %steal  %guest  %gnice   %idle
02:30:12 AM  all    1.26    0.00    4.28    0.00    2.02   11.84    0.00    0.00    0.00   80.60
02:30:12 AM    0    0.00    0.00    0.00    0.00    3.03   46.46    0.00    0.00    0.00   50.51
02:30:12 AM    1    0.00    0.00    0.99    0.00    0.00    0.99    0.00    0.00    0.00   98.02
02:30:12 AM    2    4.08    0.00   12.24    0.00    4.08    0.00    0.00    0.00    0.00   79.59
02:30:12 AM    3    1.01    0.00    4.04    0.00    1.01    0.00    0.00    0.00    0.00   93.94

02:30:12 AM  CPU    %usr   %nice    %sys %iowait    %irq   %soft  %steal  %guest  %gnice   %idle
02:30:13 AM  all    0.76    0.00    3.56    0.00    2.04   11.70    0.00    0.00    0.00   81.93
02:30:13 AM    0    0.00    0.00    0.00    0.00    3.03   46.46    0.00    0.00    0.00   50.51
02:30:13 AM    1    0.00    0.00    0.00    0.00    0.00    0.00    0.00    0.00    0.00  100.00
02:30:13 AM    2    3.16    0.00    7.37    0.00    3.16    0.00    0.00    0.00    0.00   86.32
02:30:13 AM    3    0.00    0.00    7.07    0.00    2.02    0.00    0.00    0.00    0.00   90.91

02:30:13 AM  CPU    %usr   %nice    %sys %iowait    %irq   %soft  %steal  %guest  %gnice   %idle
02:30:14 AM  all    0.26    0.00    2.33    0.00    2.33   11.89    0.00    0.00    0.00   83.20
02:30:14 AM    0    0.00    0.00    0.00    0.00    3.03   46.46    0.00    0.00    0.00   50.51
02:30:14 AM    1    0.00    0.00    0.00    0.00    0.00    0.00    0.00    0.00    0.00  100.00
02:30:14 AM    2    0.00    0.00    5.32    0.00    3.19    0.00    0.00    0.00    0.00   91.49
02:30:14 AM    3    1.06    0.00    4.26    0.00    3.19    0.00    0.00    0.00    0.00   91.49

02:30:14 AM  CPU    %usr   %nice    %sys %iowait    %irq   %soft  %steal  %guest  %gnice   %idle
02:30:15 AM  all    1.02    0.00    3.82    0.00    2.29   11.45    0.00    0.00    0.00   81.42
02:30:15 AM    0    0.00    0.00    1.01    0.00    3.03   45.45    0.00    0.00    0.00   50.51
02:30:15 AM    1    0.00    0.00    0.00    0.00    0.00    0.00    0.00    0.00    0.00  100.00
02:30:15 AM    2    2.04    0.00    8.16    0.00    3.06    0.00    0.00    0.00    0.00   86.73
02:30:15 AM    3    2.08    0.00    6.25    0.00    3.12    0.00    0.00    0.00    0.00   88.54

02:30:15 AM  CPU    %usr   %nice    %sys %iowait    %irq   %soft  %steal  %guest  %gnice   %idle
02:30:16 AM  all    0.51    0.00    3.84    0.00    1.79   11.76    0.00    0.00    0.00   82.10
02:30:16 AM    0    0.00    0.00    0.00    0.00    3.03   46.46    0.00    0.00    0.00   50.51
02:30:16 AM    1    0.00    0.00    0.00    0.00    0.00    0.00    0.00    0.00    0.00  100.00
02:30:16 AM    2    2.08    0.00    7.29    0.00    2.08    0.00    0.00    0.00    0.00   88.54
02:30:16 AM    3    0.00    0.00    8.33    0.00    2.08    0.00    0.00    0.00    0.00   89.58

02:30:16 AM  CPU    %usr   %nice    %sys %iowait    %irq   %soft  %steal  %guest  %gnice   %idle
02:30:17 AM  all    0.26    0.00    3.07    0.00    2.30   11.76    0.00    0.00    0.00   82.61
02:30:17 AM    0    0.00    0.00    0.00    0.00    3.00   46.00    0.00    0.00    0.00   51.00
02:30:17 AM    1    0.00    0.00    0.00    0.00    0.00    0.00    0.00    0.00    0.00  100.00
02:30:17 AM    2    1.03    0.00    7.22    0.00    3.09    0.00    0.00    0.00    0.00   88.66
02:30:17 AM    3    0.00    0.00    5.32    0.00    3.19    0.00    0.00    0.00    0.00   91.49

02:30:17 AM  CPU    %usr   %nice    %sys %iowait    %irq   %soft  %steal  %guest  %gnice   %idle
02:30:18 AM  all    1.03    0.00    2.84    0.00    2.06   11.86    0.00    0.00    0.00   82.22
02:30:18 AM    0    0.00    0.00    0.00    0.00    3.06   46.94    0.00    0.00    0.00   50.00
02:30:18 AM    1    0.00    0.00    0.00    0.00    0.00    0.00    0.00    0.00    0.00  100.00
02:30:18 AM    2    2.13    0.00    4.26    0.00    2.13    0.00    0.00    0.00    0.00   91.49
02:30:18 AM    3    2.08    0.00    7.29    0.00    3.12    0.00    0.00    0.00    0.00   87.50

02:30:18 AM  CPU    %usr   %nice    %sys %iowait    %irq   %soft  %steal  %guest  %gnice   %idle
02:30:19 AM  all    0.51    0.00    3.56    0.25    2.29   11.45    0.00    0.00    0.00   81.93
02:30:19 AM    0    0.00    0.00    0.00    0.00    3.03   45.45    0.00    0.00    0.00   51.52
02:30:19 AM    1    0.00    0.00    0.00    0.00    0.00    0.00    0.00    0.00    0.00  100.00
02:30:19 AM    2    1.04    0.00    6.25    0.00    3.12    0.00    0.00    0.00    0.00   89.58
02:30:19 AM    3    1.02    0.00    8.16    1.02    3.06    0.00    0.00    0.00    0.00   86.73

02:30:19 AM  CPU    %usr   %nice    %sys %iowait    %irq   %soft  %steal  %guest  %gnice   %idle
02:30:20 AM  all    0.52    0.00    2.84    0.00    2.06   11.86    0.00    0.00    0.00   82.73
02:30:20 AM    0    0.00    0.00    0.00    0.00    3.03   46.46    0.00    0.00    0.00   50.51
02:30:20 AM    1    0.00    0.00    0.00    0.00    0.00    0.00    0.00    0.00    0.00  100.00
02:30:20 AM    2    1.08    0.00    4.30    0.00    3.23    0.00    0.00    0.00    0.00   91.40
02:30:20 AM    3    1.04    0.00    7.29    0.00    2.08    0.00    0.00    0.00    0.00   89.58

02:30:20 AM  CPU    %usr   %nice    %sys %iowait    %irq   %soft  %steal  %guest  %gnice   %idle
02:30:21 AM  all    1.02    0.00    3.56    0.00    2.04   11.70    0.00    0.00    0.00   81.68
02:30:21 AM    0    0.00    0.00    0.00    0.00    3.03   46.46    0.00    0.00    0.00   50.51
02:30:21 AM    1    0.00    0.00    0.00    0.00    0.00    0.00    0.00    0.00    0.00  100.00
02:30:21 AM    2    2.04    0.00    8.16    0.00    2.04    0.00    0.00    0.00    0.00   87.76
02:30:21 AM    3    2.08    0.00    6.25    0.00    3.12    0.00    0.00    0.00    0.00   88.54

02:30:21 AM  CPU    %usr   %nice    %sys %iowait    %irq   %soft  %steal  %guest  %gnice   %idle
02:30:22 AM  all    0.26    0.00    3.84    0.00    2.05   11.76    0.00    0.00    0.00   82.10
02:30:22 AM    0    0.00    0.00    0.00    0.00    3.06   46.94    0.00    0.00    0.00   50.00
02:30:22 AM    1    1.02    0.00    2.04    0.00    1.02    0.00    0.00    0.00    0.00   95.92
02:30:22 AM    2    0.00    0.00    8.33    0.00    3.12    0.00    0.00    0.00    0.00   88.54
02:30:22 AM    3    0.00    0.00    5.05    0.00    1.01    0.00    0.00    0.00    0.00   93.94

02:30:22 AM  CPU    %usr   %nice    %sys %iowait    %irq   %soft  %steal  %guest  %gnice   %idle
02:30:23 AM  all    1.27    0.00    3.29    0.00    2.28   11.65    0.00    0.00    0.00   81.52
02:30:23 AM    0    1.00    0.00    1.00    0.00    3.00   46.00    0.00    0.00    0.00   49.00
02:30:23 AM    1    0.00    0.00    4.04    0.00    1.01    0.00    0.00    0.00    0.00   94.95
02:30:23 AM    2    2.02    0.00    2.02    0.00    2.02    0.00    0.00    0.00    0.00   93.94
02:30:23 AM    3    2.06    0.00    6.19    0.00    3.09    0.00    0.00    0.00    0.00   88.66

02:30:23 AM  CPU    %usr   %nice    %sys %iowait    %irq   %soft  %steal  %guest  %gnice   %idle
02:30:24 AM  all    0.51    0.00    3.83    0.00    1.79   11.99    0.00    0.00    0.00   81.89
02:30:24 AM    0    0.00    0.00    0.00    0.00    3.09   48.45    0.00    0.00    0.00   48.45
02:30:24 AM    1    0.99    0.00    4.95    0.00    0.99    0.00    0.00    0.00    0.00   93.07
02:30:24 AM    2    1.01    0.00    5.05    0.00    1.01    0.00    0.00    0.00    0.00   92.93
02:30:24 AM    3    0.00    0.00    5.26    0.00    2.11    0.00    0.00    0.00    0.00   92.63

02:30:24 AM  CPU    %usr   %nice    %sys %iowait    %irq   %soft  %steal  %guest  %gnice   %idle
02:30:25 AM  all    1.02    0.00    3.06    0.00    2.30   11.73    0.00    0.00    0.00   81.89
02:30:25 AM    0    0.00    0.00    0.00    0.00    3.03   46.46    0.00    0.00    0.00   50.51
02:30:25 AM    1    1.01    0.00    4.04    0.00    2.02    0.00    0.00    0.00    0.00   92.93
02:30:25 AM    2    1.03    0.00    2.06    0.00    1.03    0.00    0.00    0.00    0.00   95.88
02:30:25 AM    3    2.06    0.00    6.19    0.00    3.09    0.00    0.00    0.00    0.00   88.66

02:30:25 AM  CPU    %usr   %nice    %sys %iowait    %irq   %soft  %steal  %guest  %gnice   %idle
02:30:26 AM  all    0.51    0.00    4.35    0.00    2.05   11.51    0.00    0.00    0.00   81.59
02:30:26 AM    0    0.00    0.00    1.01    0.00    3.03   45.45    0.00    0.00    0.00   50.51
02:30:26 AM    1    0.00    0.00    3.03    0.00    0.00    0.00    0.00    0.00    0.00   96.97
02:30:26 AM    2    1.01    0.00    4.04    0.00    2.02    0.00    0.00    0.00    0.00   92.93
02:30:26 AM    3    1.06    0.00    9.57    0.00    3.19    0.00    0.00    0.00    0.00   86.17

02:30:26 AM  CPU    %usr   %nice    %sys %iowait    %irq   %soft  %steal  %guest  %gnice   %idle
02:30:27 AM  all    0.00    0.00    3.84    0.00    2.05   11.76    0.00    0.00    0.00   82.35
02:30:27 AM    0    0.00    0.00    0.00    0.00    3.03   46.46    0.00    0.00    0.00   50.51
02:30:27 AM    1    0.00    0.00    0.00    0.00    0.00    0.00    0.00    0.00    0.00  100.00
02:30:27 AM    2    0.00    0.00    5.05    0.00    1.01    0.00    0.00    0.00    0.00   93.94
02:30:27 AM    3    0.00    0.00   10.75    0.00    4.30    0.00    0.00    0.00    0.00   84.95

02:30:27 AM  CPU    %usr   %nice    %sys %iowait    %irq   %soft  %steal  %guest  %gnice   %idle
02:30:28 AM  all    1.04    0.00    1.81    0.00    2.33   11.92    0.00    0.00    0.00   82.90
02:30:28 AM    0    0.00    0.00    0.00    0.00    3.03   46.46    0.00    0.00    0.00   50.51
02:30:28 AM    1    0.00    0.00    0.00    0.00    0.00    0.00    0.00    0.00    0.00  100.00
02:30:28 AM    2    3.12    0.00    2.08    0.00    2.08    0.00    0.00    0.00    0.00   92.71
02:30:28 AM    3    1.10    0.00    5.49    0.00    4.40    0.00    0.00    0.00    0.00   89.01

02:30:28 AM  CPU    %usr   %nice    %sys %iowait    %irq   %soft  %steal  %guest  %gnice   %idle
02:30:29 AM  all    0.77    0.00    3.83    0.00    2.04   11.73    0.00    0.00    0.00   81.63
02:30:29 AM    0    0.00    0.00    0.00    0.00    3.03   46.46    0.00    0.00    0.00   50.51
02:30:29 AM    1    0.00    0.00    0.00    0.00    0.00    0.00    0.00    0.00    0.00  100.00
02:30:29 AM    2    2.06    0.00    7.22    0.00    3.09    0.00    0.00    0.00    0.00   87.63
02:30:29 AM    3    1.04    0.00    8.33    0.00    2.08    0.00    0.00    0.00    0.00   88.54

Average:     CPU    %usr   %nice    %sys %iowait    %irq   %soft  %steal  %guest  %gnice   %idle
Average:     all    0.69    0.00    3.23    0.00    2.14   11.76    0.00    0.00    0.00   82.17
Average:       0    0.05    0.00    0.18    0.00    3.06   46.41    0.00    0.00    0.00   50.30
Average:       1    0.82    0.00    3.91    0.00    1.69    0.03    0.00    0.00    0.00   93.55
Average:       2    1.06    0.00    4.92    0.00    2.09    0.03    0.00    0.00    0.00   91.91
Average:       3    0.86    0.00    3.96    0.01    1.71    0.03    0.00    0.00    0.00   93.43
