1781153563,50.5,2400000,0xe0000
1781153564,51.6,2400000,0xe0000
1781153565,51.6,2400000,0xe0000
1781153566,51.6,2400000,0xe0000
1781153567,51.6,2400000,0xe0000
1781153568,52.1,2400000,0xe0000
1781153569,52.1,2400000,0xe0000
1781153570,51.6,2400000,0xe0000
1781153571,51.6,2400000,0xe0000
1781153572,52.1,2400000,0xe0000
1781153573,52.1,2400000,0xe0000
1781153574,52.1,2400000,0xe0000
1781153575,52.7,2400000,0xe0000
1781153576,52.1,2400000,0xe0000
1781153577,51.0,2400000,0xe0000
1781153578,52.1,2400000,0xe0000
1781153579,52.1,2400000,0xe0000
1781153580,52.7,2400000,0xe0000
1781153582,52.7,2400000,0xe0000
1781153583,52.7,2400000,0xe0000
1781153584,52.7,2400000,0xe0000
1781153585,52.1,2400000,0xe0000
1781153586,52.1,2400000,0xe0000
1781153587,52.7,2400000,0xe0000
1781153588,52.7,2400000,0xe0000
1781153589,53.2,2400000,0xe0000
1781153590,52.7,2400000,0xe0000
1781153591,52.7,2400000,0xe0000
1781153592,52.7,2400000,0xe0000
1781153593,53.2,2400000,0xe0000
1781153594,52.7,2400000,0xe0000
1781153595,52.1,2400000,0xe0000
1781153596,52.7,2400000,0xe0000
1781153598,52.7,2400000,0xe0000
1781153599,53.2,2400000,0xe0000
1781153600,53.2,2400000,0xe0000
1781153601,52.7,2400000,0xe0000
1781153602,52.7,2400000,0xe0000
1781153603,53.8,2400000,0xe0000
1781153604,53.8,2400000,0xe0000
1781153605,53.2,2400000,0xe0000
1781153606,53.8,2400000,0xe0000
1781153607,53.8,2400000,0xe0000
1781153608,53.2,2400000,0xe0000
1781153609,53.2,2400000,0xe0000
1781153610,53.8,2400000,0xe0000
1781153611,53.2,2400000,0xe0000
1781153612,53.2,2400000,0xe0000
1781153613,53.8,2400000,0xe0000
1781153614,53.2,2400000,0xe0000
1781153615,53.8,2400000,0xe0000
1781153616,53.8,2400000,0xe0000
1781153617,53.2,2400000,0xe0000
1781153618,53.8,2400000,0xe0000
1781153619,53.8,2400000,0xe0000
1781153620,54.3,2400000,0xe0000
1781153621,53.8,2400000,0xe0000
1781153622,53.8,2400000,0xe0000
1781153623,53.8,2400000,0xe0000
1781153624,54.3,2400000,0xe0000
1781153626,53.2,2400000,0xe0000
1781153627,53.8,2400000,0xe0000
1781153628,53.8,2400000,0xe0000
1781153629,53.8,2400000,0xe0000
1781153630,53.8,2400000,0xe0000
1781153631,53.8,2400000,0xe0000
1781153632,53.8,2400000,0xe0000
1781153633,53.8,2400000,0xe0000
1781153634,54.3,2400000,0xe0000
1781153635,52.7,2400000,0xe0000
1781153636,52.7,2400000,0xe0000
1781153637,54.3,2400000,0xe0000
1781153638,54.3,2400000,0xe0000
1781153639,53.8,2400000,0xe0000
1781153640,54.3,2400000,0xe0000
1781153641,52.7,2400000,0xe0000
1781153642,53.8,2400000,0xe0000
1781153643,54.3,2400000,0xe0000
1781153645,53.2,2400000,0xe0000
1781153646,54.3,2400000,0xe0000
1781153647,53.8,2400000,0xe0000
1781153648,54.3,2400000,0xe0000
1781153649,53.8,2400000,0xe0000
1781153650,54.3,2400000,0xe0000
1781153651,54.3,2400000,0xe0000
1781153652,54.3,2400000,0xe0000
1781153653,54.3,2400000,0xe0000
1781153654,54.9,2400000,0xe0000
1781153655,54.9,2400000,0xe0000
1781153656,54.3,2400000,0xe0000
1781153657,54.3,2400000,0xe0000
1781153658,53.8,2400000,0xe0000
1781153659,54.3,2400000,0xe0000
1781153660,54.9,2400000,0xe0000
1781153661,53.8,2400000,0xe0000
1781153662,54.9,2400000,0xe0000
1781153663,54.3,2400000,0xe0000
1781153664,54.3,2400000,0xe0000
1781153665,54.3,2400000,0xe0000
1781153666,54.9,2400000,0xe0000
1781153667,54.9,2400000,0xe0000
1781153669,54.9,2400000,0xe0000
1781153670,54.9,2400000,0xe0000
1781153671,54.9,2400000,0xe0000
1781153672,54.9,2400000,0xe0000
1781153673,54.3,2400000,0xe0000
1781153674,54.3,2400000,0xe0000
1781153675,54.9,2400000,0xe0000
1781153676,54.9,2400000,0xe0000
1781153677,54.9,2400000,0xe0000
1781153678,54.9,2400000,0xe0000
1781153679,54.9,2400000,0xe0000
1781153680,54.3,2400000,0xe0000
1781153681,54.3,2400000,0xe0000
1781153682,54.3,2400000,0xe0000
1781153683,54.9,2400000,0xe0000
1781153684,54.3,2400000,0xe0000
1781153685,54.9,2400000,0xe0000
1781153686,54.3,2400000,0xe0000
1781153687,55.4,2400000,0xe0000
1781153689,54.9,2400000,0xe0000
1781153690,54.3,2400000,0xe0000
1781153691,54.9,2400000,0xe0000
1781153692,54.9,2400000,0xe0000
1781153693,54.9,2400000,0xe0000
1781153694,54.9,2400000,0xe0000
1781153695,54.3,2400000,0xe0000
1781153696,54.9,2400000,0xe0000
1781153697,55.4,2400000,0xe0000
1781153698,54.9,2400000,0xe0000
1781153699,54.9,2400000,0xe0000
1781153700,54.3,2400000,0xe0000
1781153701,54.9,2400000,0xe0000
1781153702,55.4,2400000,0xe0000
1781153703,54.9,2400000,0xe0000
1781153704,54.3,2400000,0xe0000
1781153705,54.9,2400000,0xe0000
1781153706,54.9,2400000,0xe0000
1781153707,54.9,2400000,0xe0000
1781153708,54.9,2400000,0xe0000
1781153709,55.4,2400000,0xe0000
1781153710,54.3,2400000,0xe0000
1781153711,55.4,2400000,0xe0000
1781153712,54.9,2400000,0xe0000
1781153713,55.4,2400000,0xe0000
1781153715,54.9,2400000,0xe0000
1781153716,54.3,2400000,0xe0000
1781153717,54.9,2400000,0xe0000
1781153718,54.9,2400000,0xe0000
1781153719,54.9,2400000,0xe0000
1781153720,54.9,2400000,0xe0000
1781153721,54.9,2400000,0xe0000
1781153722,55.4,2400000,0xe0000
1781153723,55.4,2400000,0xe0000
1781153724,55.4,2400000,0xe0000
1781153725,55.4,2400000,0xe0000
1781153726,55.4,2400000,0xe0000
1781153727,55.4,2400000,0xe0000
1781153728,54.9,2400000,0xe0000
1781153729,54.3,2400000,0xe0000
1781153730,55.4,2400000,0xe0000
1781153731,55.4,2400000,0xe0000
1781153732,55.4,2400000,0xe0000
1781153734,55.4,2400000,0xe0000
1781153735,54.9,2400000,0xe0000
1781153736,54.9,2400000,0xe0000
1781153737,55.4,2400000,0xe0000
1781153738,54.9,2400000,0xe0000
1781153739,55.4,2400000,0xe0000
1781153740,54.9,2400000,0xe0000
1781153741,55.4,2400000,0xe0000
1781153742,54.9,2400000,0xe0000
1781153743,54.9,2400000,0xe0000
1781153744,54.3,2400000,0xe0000
1781153745,54.9,2400000,0xe0000
1781153746,55.4,2400000,0xe0000
1781153747,55.4,2400000,0xe0000
1781153748,55.4,2400000,0xe0000
1781153749,54.9,2400000,0xe0000
1781153750,55.4,2400000,0xe0000
1781153751,55.4,2400000,0xe0000
1781153752,56.0,2400000,0xe0000
1781153753,55.4,2400000,0xe0000
1781153754,56.0,2400000,0xe0000
1781153755,56.0,2400000,0xe0000
1781153756,55.4,2400000,0xe0000
1781153758,54.9,2400000,0xe0000
1781153759,56.0,2400000,0xe0000
1781153760,54.9,2400000,0xe0000
1781153761,54.3,2400000,0xe0000
1781153762,55.4,2400000,0xe0000
1781153763,54.9,2400000,0xe0000
1781153764,56.0,2400000,0xe0000
1781153765,56.0,2400000,0xe0000
1781153766,55.4,2400000,0xe0000
1781153767,55.4,2400000,0xe0000
1781153768,55.4,2400000,0xe0000
1781153769,55.4,2400000,0xe0000
1781153770,55.4,2400000,0xe0000
1781153771,54.9,2400000,0xe0000
1781153772,55.4,2400000,0xe0000
1781153773,55.4,2400000,0xe0000
1781153774,55.4,2400000,0xe0000
1781153775,55.4,2400000,0xe0000
1781153776,56.0,2400000,0xe0000
1781153777,56.0,2400000,0xe0000
1781153778,56.0,2400000,0xe0000
1781153779,56.0,2400000,0xe0000
1781153780,55.4,2400000,0xe0000
1781153782,56.0,2400000,0xe0000
1781153783,56.0,2400000,0xe0000
1781153784,56.0,2400000,0xe0000
1781153785,55.4,2400000,0xe0000
1781153786,54.9,2400000,0xe0000
1781153787,55.4,2400000,0xe0000
1781153788,54.9,2400000,0xe0000
1781153789,56.0,2400000,0xe0000
1781153790,56.0,2400000,0xe0000
1781153791,56.0,2400000,0xe0000
1781153792,56.0,2400000,0xe0000
1781153793,55.4,2400000,0xe0000
1781153794,55.4,2400000,0xe0000
1781153795,55.4,2400000,0xe0000
1781153796,56.0,2400000,0xe0000
1781153797,55.4,2400000,0xe0000
1781153798,55.4,2400000,0xe0000
1781153799,54.9,2400000,0xe0000
1781153800,55.4,2400000,0xe0000
1781153801,56.0,2400000,0xe0000
1781153802,55.4,2400000,0xe0000
1781153803,54.3,2400000,0xe0000
1781153804,55.4,2400000,0xe0000
1781153806,55.4,2400000,0xe0000
1781153807,56.0,2400000,0xe0000
1781153808,55.4,2400000,0xe0000
1781153809,54.9,2400000,0xe0000
1781153810,56.0,2400000,0xe0000
1781153811,56.0,2400000,0xe0000
1781153812,56.0,2400000,0xe0000
1781153813,55.4,2400000,0xe0000
1781153814,55.4,2400000,0xe0000
1781153815,55.4,2400000,0xe0000
1781153816,55.4,2400000,0xe0000
1781153817,54.3,2400000,0xe0000
1781153818,56.0,2400000,0xe0000
1781153819,54.9,2400000,0xe0000
1781153820,55.4,2400000,0xe0000
1781153821,56.0,2400000,0xe0000
1781153822,55.4,2400000,0xe0000
1781153823,56.0,2400000,0xe0000
1781153824,55.4,2400000,0xe0000
1781153825,54.9,2400000,0xe0000
1781153826,56.0,2400000,0xe0000
1781153827,55.4,2400000,0xe0000
1781153828,56.5,2400000,0xe0000
1781153829,56.0,2400000,0xe0000
1781153830,55.4,2400000,0xe0000
1781153832,55.4,2400000,0xe0000
1781153833,56.5,2400000,0xe0000
1781153834,55.4,2400000,0xe0000
1781153835,55.4,2400000,0xe0000
1781153836,56.0,2400000,0xe0000
1781153837,55.4,2400000,0xe0000
1781153838,55.4,2400000,0xe0000
1781153839,56.0,2400000,0xe0000
1781153840,56.5,2400000,0xe0000
1781153841,56.0,2400000,0xe0000
1781153842,56.5,2400000,0xe0000
1781153843,56.0,2400000,0xe0000
1781153844,56.0,2400000,0xe0000
1781153845,56.0,2400000,0xe0000
1781153846,56.0,2400000,0xe0000
1781153847,56.0,2400000,0xe0000
1781153848,55.4,2400000,0xe0000
1781153849,55.4,2400000,0xe0000
1781153850,56.5,2400000,0xe0000
1781153851,56.0,2400000,0xe0000
1781153853,56.0,2400000,0xe0000
1781153854,56.0,2400000,0xe0000
1781153855,55.4,2400000,0xe0000
1781153856,56.0,2400000,0xe0000
1781153857,55.4,2400000,0xe0000
1781153858,56.0,2400000,0xe0000
1781153859,56.0,2400000,0xe0000
1781153860,56.0,2400000,0xe0000
1781153861,56.0,2400000,0xe0000
1781153862,56.0,2400000,0xe0000
1781153863,56.0,2400000,0xe0000
1781153864,56.0,2400000,0xe0000
1781153865,56.5,2400000,0xe0000
1781153866,56.0,2400000,0xe0000
1781153867,56.0,2400000,0xe0000
1781153868,55.4,2400000,0xe0000
1781153869,55.4,2400000,0xe0000
1781153870,56.5,2400000,0xe0000
1781153871,55.4,2400000,0xe0000
1781153872,56.0,2400000,0xe0000
1781153873,57.1,2400000,0xe0000
1781153874,56.0,2400000,0xe0000
1781153875,56.5,2400000,0xe0000
1781153877,56.0,2400000,0xe0000
1781153878,56.5,2400000,0xe0000
1781153879,56.0,2400000,0xe0000
1781153880,56.5,2400000,0xe0000
1781153881,54.9,2400000,0xe0000
1781153882,56.0,2400000,0xe0000
1781153883,56.5,2400000,0xe0000
1781153884,56.0,2400000,0xe0000
1781153885,56.0,2400000,0xe0000
1781153886,56.5,2400000,0xe0000
1781153887,56.5,2400000,0xe0000
1781153888,55.4,2400000,0xe0000
1781153889,56.0,2400000,0xe0000
1781153890,56.5,2400000,0xe0000
1781153891,55.4,2400000,0xe0000
1781153892,56.5,2400000,0xe0000
1781153893,56.5,2400000,0xe0000
1781153894,56.0,2400000,0xe0000
1781153895,56.0,2400000,0xe0000
1781153896,56.0,2400000,0xe0000
1781153897,56.0,2400000,0xe0000
1781153898,56.0,2400000,0xe0000
1781153899,56.5,2400000,0xe0000
1781153901,56.0,2400000,0xe0000
1781153902,56.0,2400000,0xe0000
1781153903,56.5,2400000,0xe0000
1781153904,56.0,2400000,0xe0000
1781153905,56.0,2400000,0xe0000
1781153906,55.4,2400000,0xe0000
1781153907,56.0,2400000,0xe0000
1781153908,56.5,2400000,0xe0000
1781153909,54.9,2400000,0xe0000
1781153910,56.0,2400000,0xe0000
1781153911,56.5,2400000,0xe0000
1781153912,56.0,2400000,0xe0000
1781153913,56.5,2400000,0xe0000
1781153914,56.0,2400000,0xe0000
1781153915,56.0,2400000,0xe0000
1781153916,56.5,2400000,0xe0000
1781153917,56.0,2400000,0xe0000
1781153918,56.5,2400000,0xe0000
1781153919,56.5,2400000,0xe0000
1781153920,56.0,2400000,0xe0000
1781153922,56.0,2400000,0xe0000
1781153923,56.0,2400000,0xe0000
1781153924,56.5,2400000,0xe0000
1781153925,56.0,2400000,0xe0000
1781153926,56.5,2400000,0xe0000
1781153927,56.5,2400000,0xe0000
1781153928,56.0,2400000,0xe0000
1781153929,56.0,2400000,0xe0000
1781153930,57.1,2400000,0xe0000
1781153931,56.0,2400000,0xe0000
1781153932,55.4,2400000,0xe0000
1781153933,56.0,2400000,0xe0000
1781153934,56.0,2400000,0xe0000
1781153935,56.5,2400000,0xe0000
1781153936,56.0,2400000,0xe0000
1781153937,56.5,2400000,0xe0000
1781153938,57.1,2400000,0xe0000
1781153939,56.0,2400000,0xe0000
1781153940,56.0,2400000,0xe0000
1781153941,56.0,2400000,0xe0000
1781153943,56.0,2400000,0xe0000
1781153944,55.4,2400000,0xe0000
1781153945,56.0,2400000,0xe0000
1781153946,55.4,2400000,0xe0000
1781153947,56.5,2400000,0xe0000
1781153948,56.5,2400000,0xe0000
1781153949,56.5,2400000,0xe0000
1781153950,56.5,2400000,0xe0000
1781153951,56.5,2400000,0xe0000
1781153952,56.0,2400000,0xe0000
1781153953,56.5,2400000,0xe0000
1781153954,56.5,2400000,0xe0000
1781153955,56.5,2400000,0xe0000
1781153956,56.0,2400000,0xe0000
1781153957,56.0,2400000,0xe0000
1781153958,56.0,2400000,0xe0000
1781153959,57.1,2400000,0xe0000
1781153960,56.0,2400000,0xe0000
1781153961,56.5,2400000,0xe0000
1781153962,56.0,2400000,0xe0000
1781153964,56.0,2400000,0xe0000
1781153965,56.0,2400000,0xe0000
1781153966,56.5,2400000,0xe0000
1781153967,56.0,2400000,0xe0000
1781153968,56.5,2400000,0xe0000
1781153969,56.5,2400000,0xe0000
1781153970,56.0,2400000,0xe0000
1781153971,56.5,2400000,0xe0000
1781153972,56.5,2400000,0xe0000
1781153973,55.4,2400000,0xe0000
1781153974,56.5,2400000,0xe0000
1781153975,56.0,2400000,0xe0000
1781153976,56.0,2400000,0xe0000
1781153977,56.5,2400000,0xe0000
1781153978,57.1,2400000,0xe0000
1781153979,56.5,2400000,0xe0000
1781153980,56.5,2400000,0xe0000
1781153981,56.0,2400000,0xe0000
1781153982,56.5,2400000,0xe0000
1781153983,56.0,2400000,0xe0000
1781153984,55.4,2400000,0xe0000
1781153985,57.1,2400000,0xe0000
1781153987,57.1,2400000,0xe0000
1781153988,56.5,2400000,0xe0000
1781153989,56.0,2400000,0xe0000
1781153990,56.5,2400000,0xe0000
1781153991,56.5,2400000,0xe0000
1781153992,56.5,2400000,0xe0000
1781153993,56.5,2400000,0xe0000
1781153994,56.0,2400000,0xe0000
1781153995,56.0,2400000,0xe0000
1781153996,57.1,2400000,0xe0000
1781153997,56.5,2400000,0xe0000
1781153998,56.5,2400000,0xe0000
1781153999,56.5,2400000,0xe0000
1781154000,56.0,2400000,0xe0000
1781154001,56.5,2400000,0xe0000
1781154002,56.5,2400000,0xe0000
1781154003,56.5,2400000,0xe0000
1781154004,56.0,2400000,0xe0000
1781154006,56.5,2400000,0xe0000
1781154007,56.5,2400000,0xe0000
1781154008,56.5,2400000,0xe0000
1781154009,56.5,2400000,0xe0000
1781154010,56.5,2400000,0xe0000
1781154011,57.1,2400000,0xe0000
1781154012,56.5,2400000,0xe0000
1781154013,56.0,2400000,0xe0000
1781154014,56.5,2400000,0xe0000
1781154015,56.5,2400000,0xe0000
1781154016,56.5,2400000,0xe0000
1781154017,56.5,2400000,0xe0000
1781154018,56.0,2400000,0xe0000
1781154019,56.5,2400000,0xe0000
1781154020,56.5,2400000,0xe0000
1781154021,56.5,2400000,0xe0000
1781154022,57.1,2400000,0xe0000
1781154023,56.5,2400000,0xe0000
1781154024,56.5,2400000,0xe0000
1781154025,56.0,2400000,0xe0000
1781154026,56.5,2400000,0xe0000
1781154027,56.5,2400000,0xe0000
1781154028,56.0,2400000,0xe0000
1781154030,56.5,2400000,0xe0000
1781154031,56.5,2400000,0xe0000
1781154032,56.5,2400000,0xe0000
1781154033,56.0,2400000,0xe0000
1781154034,56.5,2400000,0xe0000
1781154035,56.5,2400000,0xe0000
1781154036,56.0,2400000,0xe0000
1781154037,56.5,2400000,0xe0000
1781154038,57.1,2400000,0xe0000
1781154039,56.5,2400000,0xe0000
1781154040,56.0,2400000,0xe0000
1781154041,56.5,2400000,0xe0000
1781154042,56.5,2400000,0xe0000
1781154043,56.0,2400000,0xe0000
1781154044,56.0,2400000,0xe0000
1781154045,56.5,2400000,0xe0000
1781154046,56.5,2400000,0xe0000
1781154047,56.5,2400000,0xe0000
1781154048,56.5,2400000,0xe0000
1781154049,56.5,2400000,0xe0000
1781154050,56.0,2400000,0xe0000
1781154052,56.5,2400000,0xe0000
1781154053,56.5,2400000,0xe0000
1781154054,57.1,2400000,0xe0000
1781154055,56.5,2400000,0xe0000
1781154056,56.5,2400000,0xe0000
1781154057,56.5,2400000,0xe0000
1781154058,57.1,2400000,0xe0000
1781154059,56.5,2400000,0xe0000
1781154060,55.4,2400000,0xe0000
1781154061,56.5,2400000,0xe0000
1781154062,56.5,2400000,0xe0000
1781154063,56.5,2400000,0xe0000
1781154064,56.5,2400000,0xe0000
1781154065,56.0,2400000,0xe0000
1781154066,56.5,2400000,0xe0000
1781154067,57.1,2400000,0xe0000
1781154068,56.5,2400000,0xe0000
1781154069,57.1,2400000,0xe0000
1781154070,56.0,2400000,0xe0000
1781154071,56.5,2400000,0xe0000
1781154072,56.5,2400000,0xe0000
1781154073,56.5,2400000,0xe0000
1781154074,56.0,2400000,0xe0000
1781154075,56.5,2400000,0xe0000
1781154076,56.0,2400000,0xe0000
1781154077,56.5,2400000,0xe0000
1781154079,57.1,2400000,0xe0000
1781154080,57.1,2400000,0xe0000
1781154081,56.5,2400000,0xe0000
1781154082,56.5,2400000,0xe0000
1781154083,56.5,2400000,0xe0000
1781154084,57.1,2400000,0xe0000
1781154085,56.5,2400000,0xe0000
1781154086,56.5,2400000,0xe0000
1781154087,56.5,2400000,0xe0000
1781154088,56.0,2400000,0xe0000
1781154089,56.0,2400000,0xe0000
1781154090,57.1,2400000,0xe0000
1781154091,56.5,2400000,0xe0000
1781154092,56.5,2400000,0xe0000
1781154093,57.1,2400000,0xe0000
1781154094,57.1,2400000,0xe0000
1781154095,56.5,2400000,0xe0000
1781154096,56.5,2400000,0xe0000
1781154098,56.5,2400000,0xe0000
1781154099,57.1,2400000,0xe0000
1781154100,57.1,2400000,0xe0000
1781154101,57.1,2400000,0xe0000
1781154102,56.5,2400000,0xe0000
1781154103,57.1,2400000,0xe0000
1781154104,56.0,2400000,0xe0000
1781154105,56.5,2400000,0xe0000
1781154106,56.5,2400000,0xe0000
1781154107,56.5,2400000,0xe0000
1781154108,56.5,2400000,0xe0000
1781154109,56.5,2400000,0xe0000
1781154110,56.5,2400000,0xe0000
1781154111,56.5,2400000,0xe0000
1781154112,56.5,2400000,0xe0000
1781154113,57.1,2400000,0xe0000
1781154115,56.5,2400000,0xe0000
1781154116,56.5,2400000,0xe0000
1781154117,57.1,2400000,0xe0000
1781154118,57.1,2400000,0xe0000
1781154119,57.1,2400000,0xe0000
1781154120,57.1,2400000,0xe0000
1781154121,56.0,2400000,0xe0000
1781154122,57.1,2400000,0xe0000
1781154123,56.5,2400000,0xe0000
1781154124,56.0,2400000,0xe0000
1781154125,56.5,2400000,0xe0000
1781154126,56.5,2400000,0xe0000
1781154127,56.5,2400000,0xe0000
1781154128,56.5,2400000,0xe0000
1781154129,57.6,2400000,0xe0000
1781154130,56.5,2400000,0xe0000
1781154131,57.1,2400000,0xe0000
1781154133,56.5,2400000,0xe0000
1781154134,56.5,2400000,0xe0000
1781154135,56.5,2400000,0xe0000
1781154136,57.1,2400000,0xe0000
1781154137,56.5,2400000,0xe0000
1781154138,56.0,2400000,0xe0000
1781154139,56.5,2400000,0xe0000
1781154140,57.1,2400000,0xe0000
1781154141,57.1,2400000,0xe0000
1781154142,57.1,2400000,0xe0000
1781154143,56.5,2400000,0xe0000
1781154144,57.1,2400000,0xe0000
1781154145,56.0,2400000,0xe0000
1781154146,56.5,2400000,0xe0000
1781154147,55.4,2400000,0xe0000
1781154148,56.5,2400000,0xe0000
1781154149,57.1,2400000,0xe0000
1781154150,56.5,2400000,0xe0000
1781154151,56.5,2400000,0xe0000
1781154152,57.1,2400000,0xe0000
1781154153,56.5,2400000,0xe0000
1781154154,57.1,2400000,0xe0000
1781154155,56.5,2400000,0xe0000
1781154156,56.5,2400000,0xe0000
1781154158,56.5,2400000,0xe0000
1781154159,57.1,2400000,0xe0000
1781154160,56.5,2400000,0xe0000
1781154161,56.5,2400000,0xe0000
1781154162,56.5,2400000,0xe0000
1781154163,56.0,2400000,0xe0000
1781154164,56.5,2400000,0xe0000
1781154165,56.0,2400000,0xe0000
1781154166,56.5,2400000,0xe0000
1781154167,57.1,2400000,0xe0000
1781154168,56.0,2400000,0xe0000
1781154169,55.4,2400000,0xe0000
1781154170,57.1,2400000,0xe0000
1781154171,56.5,2400000,0xe0000
1781154172,56.5,2400000,0xe0000
1781154173,56.5,2400000,0xe0000
1781154174,57.1,2400000,0xe0000
1781154175,56.5,2400000,0xe0000
1781154176,57.1,2400000,0xe0000
1781154177,57.1,2400000,0xe0000
1781154178,56.0,2400000,0xe0000
1781154179,56.5,2400000,0xe0000
1781154181,56.5,2400000,0xe0000
1781154182,57.1,2400000,0xe0000
1781154183,57.1,2400000,0xe0000
1781154184,56.5,2400000,0xe0000
1781154185,57.1,2400000,0xe0000
1781154186,57.1,2400000,0xe0000
1781154187,56.5,2400000,0xe0000
1781154188,56.5,2400000,0xe0000
1781154189,56.5,2400000,0xe0000
1781154190,56.5,2400000,0xe0000
1781154191,57.1,2400000,0xe0000
1781154192,57.1,2400000,0xe0000
1781154193,56.5,2400000,0xe0000
1781154194,56.5,2400000,0xe0000
1781154195,57.1,2400000,0xe0000
1781154196,56.5,2400000,0xe0000
1781154197,56.5,2400000,0xe0000
1781154198,57.1,2400000,0xe0000
1781154199,57.1,2400000,0xe0000
1781154200,56.5,2400000,0xe0000
1781154201,57.1,2400000,0xe0000
1781154202,57.1,2400000,0xe0000
1781154203,56.5,2400000,0xe0000
1781154204,56.5,2400000,0xe0000
1781154205,56.5,2400000,0xe0000
1781154206,56.0,2400000,0xe0000
1781154207,56.5,2400000,0xe0000
1781154208,57.1,2400000,0xe0000
1781154210,56.5,2400000,0xe0000
1781154211,57.1,2400000,0xe0000
1781154212,56.5,2400000,0xe0000
1781154213,57.1,2400000,0xe0000
1781154214,56.5,2400000,0xe0000
1781154215,56.5,2400000,0xe0000
1781154216,57.1,2400000,0xe0000
1781154217,57.1,2400000,0xe0000
1781154218,57.1,2400000,0xe0000
1781154219,56.5,2400000,0xe0000
1781154220,57.1,2400000,0xe0000
1781154221,56.0,2400000,0xe0000
1781154222,57.1,2400000,0xe0000
1781154223,57.1,2400000,0xe0000
1781154224,57.1,2400000,0xe0000
1781154225,57.1,2400000,0xe0000
1781154226,57.1,2400000,0xe0000
1781154227,57.1,2400000,0xe0000
1781154228,57.1,2400000,0xe0000
1781154229,56.5,2400000,0xe0000
1781154230,56.5,2400000,0xe0000
1781154232,56.5,2400000,0xe0000
1781154233,57.1,2400000,0xe0000
1781154234,56.5,2400000,0xe0000
1781154235,56.5,2400000,0xe0000
1781154236,57.6,2400000,0xe0000
1781154237,56.5,2400000,0xe0000
1781154238,56.5,2400000,0xe0000
1781154239,56.5,2400000,0xe0000
1781154240,56.5,2400000,0xe0000
1781154241,57.1,2400000,0xe0000
1781154242,57.1,2400000,0xe0000
1781154243,57.1,2400000,0xe0000
1781154244,57.1,2400000,0xe0000
1781154245,57.1,2400000,0xe0000
1781154246,56.0,2400000,0xe0000
1781154247,57.1,2400000,0xe0000
1781154248,56.5,2400000,0xe0000
1781154249,57.1,2400000,0xe0000
1781154250,57.1,2400000,0xe0000
1781154251,57.1,2400000,0xe0000
1781154252,56.0,2400000,0xe0000
1781154253,56.5,2400000,0xe0000
1781154254,56.5,2400000,0xe0000
1781154256,57.1,2400000,0xe0000
1781154257,57.1,2400000,0xe0000
1781154258,57.1,2400000,0xe0000
1781154259,57.1,2400000,0xe0000
1781154260,57.1,2400000,0xe0000
1781154261,57.1,2400000,0xe0000
1781154262,56.5,2400000,0xe0000
1781154263,57.1,2400000,0xe0000
1781154264,57.1,2400000,0xe0000
1781154265,56.5,2400000,0xe0000
1781154266,56.5,2400000,0xe0000
1781154267,56.5,2400000,0xe0000
1781154268,57.1,2400000,0xe0000
1781154269,56.5,2400000,0xe0000
1781154270,57.1,2400000,0xe0000
1781154271,57.1,2400000,0xe0000
1781154272,56.5,2400000,0xe0000
1781154273,56.5,2400000,0xe0000
1781154274,56.5,2400000,0xe0000
1781154275,57.1,2400000,0xe0000
1781154276,56.5,2400000,0xe0000
1781154277,57.1,2400000,0xe0000
1781154278,57.6,2400000,0xe0000
1781154279,57.1,2400000,0xe0000
1781154280,56.5,2400000,0xe0000
1781154281,56.5,2400000,0xe0000
1781154282,57.1,2400000,0xe0000
1781154283,57.1,2400000,0xe0000
1781154284,55.4,2400000,0xe0000
1781154285,57.1,2400000,0xe0000
1781154287,57.1,2400000,0xe0000
1781154288,57.1,2400000,0xe0000
1781154289,56.5,2400000,0xe0000
1781154290,56.5,2400000,0xe0000
1781154291,57.1,2400000,0xe0000
1781154292,57.1,2400000,0xe0000
1781154293,57.1,2400000,0xe0000
1781154294,56.5,2400000,0xe0000
1781154295,57.6,2400000,0xe0000
1781154296,57.6,2400000,0xe0000
1781154297,57.1,2400000,0xe0000
1781154298,56.5,2400000,0xe0000
1781154299,57.1,2400000,0xe0000
1781154300,57.1,2400000,0xe0000
1781154301,57.1,2400000,0xe0000
1781154302,57.1,2400000,0xe0000
1781154303,57.1,2400000,0xe0000
1781154304,56.5,2400000,0xe0000
1781154305,56.5,2400000,0xe0000
1781154306,58.2,2400000,0xe0000
1781154307,56.5,2400000,0xe0000
1781154308,56.5,2400000,0xe0000
1781154309,56.5,2400000,0xe0000
1781154310,56.5,2400000,0xe0000
1781154311,57.1,2400000,0xe0000
1781154313,56.5,2400000,0xe0000
1781154314,56.5,2400000,0xe0000
1781154315,57.1,2400000,0xe0000
1781154316,57.1,2400000,0xe0000
1781154317,57.1,2400000,0xe0000
1781154318,55.4,2400000,0xe0000
1781154319,57.1,2400000,0xe0000
1781154320,56.5,2400000,0xe0000
1781154321,56.5,2400000,0xe0000
1781154322,57.1,2400000,0xe0000
1781154323,57.6,2400000,0xe0000
1781154324,57.1,2400000,0xe0000
1781154325,56.5,2400000,0xe0000
1781154326,57.1,2400000,0xe0000
1781154327,57.1,2400000,0xe0000
1781154328,56.5,2400000,0xe0000
1781154329,57.1,2400000,0xe0000
1781154331,56.5,2400000,0xe0000
1781154332,57.1,2400000,0xe0000
1781154333,57.1,2400000,0xe0000
1781154334,57.1,2400000,0xe0000
1781154335,56.5,2400000,0xe0000
1781154336,56.5,2400000,0xe0000
1781154337,56.5,2400000,0xe0000
1781154338,57.1,2400000,0xe0000
1781154339,57.1,2400000,0xe0000
1781154340,57.1,2400000,0xe0000
1781154341,56.5,2400000,0xe0000
1781154342,57.1,2400000,0xe0000
1781154343,56.5,2400000,0xe0000
1781154344,56.5,2400000,0xe0000
1781154345,57.1,2400000,0xe0000
1781154346,56.5,2400000,0xe0000
1781154347,57.1,2400000,0xe0000
1781154348,57.1,2400000,0xe0000
1781154349,57.1,2400000,0xe0000
1781154350,56.5,2400000,0xe0000
1781154351,57.1,2400000,0xe0000
1781154353,57.6,2400000,0xe0000
1781154354,57.1,2400000,0xe0000
1781154355,56.5,2400000,0xe0000
1781154356,57.6,2400000,0xe0000
1781154357,56.0,2400000,0xe0000
1781154358,57.1,2400000,0xe0000
1781154359,56.5,2400000,0xe0000
1781154360,57.1,2400000,0xe0000
1781154361,57.1,2400000,0xe0000
1781154362,57.1,2400000,0xe0000
1781154363,56.5,2400000,0xe0000
1781154364,57.1,2400000,0xe0000
1781154365,57.1,2400000,0xe0000
1781154366,57.1,2400000,0xe0000
1781154367,57.1,2400000,0xe0000
1781154368,57.1,2400000,0xe0000
1781154369,56.5,2400000,0xe0000
1781154370,57.1,2400000,0xe0000
1781154371,56.5,2400000,0xe0000
1781154372,57.6,2400000,0xe0000
1781154373,57.6,2400000,0xe0000
1781154374,57.1,2400000,0xe0000
1781154375,56.5,2400000,0xe0000
1781154377,57.1,2400000,0xe0000
1781154378,56.5,2400000,0xe0000
1781154379,57.1,2400000,0xe0000
1781154380,57.6,2400000,0xe0000
1781154381,57.1,2400000,0xe0000
1781154382,57.1,2400000,0xe0000
1781154383,56.5,2400000,0xe0000
1781154384,57.6,2400000,0xe0000
1781154385,57.1,2400000,0xe0000
1781154386,56.5,2400000,0xe0000
1781154387,57.1,2400000,0xe0000
1781154388,57.6,2400000,0xe0000
1781154389,57.1,2400000,0xe0000
1781154390,57.1,2400000,0xe0000
1781154391,57.1,2400000,0xe0000
1781154392,56.5,2400000,0xe0000
1781154393,57.1,2400000,0xe0000
1781154394,57.6,2400000,0xe0000
1781154395,57.1,2400000,0xe0000
1781154396,57.6,2400000,0xe0000
1781154397,56.5,2400000,0xe0000
1781154398,56.5,2400000,0xe0000
1781154399,57.1,2400000,0xe0000
1781154400,56.5,2400000,0xe0000
1781154401,56.0,2400000,0xe0000
1781154402,56.5,2400000,0xe0000
1781154403,56.5,2400000,0xe0000
1781154404,56.5,2400000,0xe0000
1781154406,56.5,2400000,0xe0000
1781154407,56.5,2400000,0xe0000
1781154408,57.6,2400000,0xe0000
1781154409,57.1,2400000,0xe0000
1781154410,56.0,2400000,0xe0000
1781154411,57.1,2400000,0xe0000
1781154412,56.5,2400000,0xe0000
1781154413,57.1,2400000,0xe0000
1781154414,57.1,2400000,0xe0000
1781154415,57.1,2400000,0xe0000
1781154416,57.1,2400000,0xe0000
1781154417,57.1,2400000,0xe0000
1781154418,57.1,2400000,0xe0000
1781154419,57.1,2400000,0xe0000
1781154420,57.6,2400000,0xe0000
1781154421,57.1,2400000,0xe0000
1781154422,56.5,2400000,0xe0000
1781154424,57.1,2400000,0xe0000
1781154425,56.5,2400000,0xe0000
1781154426,57.1,2400000,0xe0000
1781154427,57.6,2400000,0xe0000
1781154428,56.5,2400000,0xe0000
1781154429,56.0,2400000,0xe0000
1781154430,56.5,2400000,0xe0000
1781154431,57.1,2400000,0xe0000
1781154432,57.1,2400000,0xe0000
1781154433,56.5,2400000,0xe0000
1781154434,56.5,2400000,0xe0000
1781154435,57.1,2400000,0xe0000
1781154436,57.1,2400000,0xe0000
1781154437,57.6,2400000,0xe0000
1781154438,57.1,2400000,0xe0000
1781154439,57.1,2400000,0xe0000
1781154440,57.1,2400000,0xe0000
1781154441,57.1,2400000,0xe0000
1781154442,57.1,2400000,0xe0000
1781154443,57.1,2400000,0xe0000
1781154444,56.5,2400000,0xe0000
1781154446,56.5,2400000,0xe0000
1781154447,56.5,2400000,0xe0000
1781154448,57.6,2400000,0xe0000
1781154449,57.1,2400000,0xe0000
1781154450,56.5,2400000,0xe0000
1781154451,57.1,2400000,0xe0000
1781154452,57.1,2400000,0xe0000
1781154453,57.1,2400000,0xe0000
1781154454,57.6,2400000,0xe0000
1781154455,56.5,2400000,0xe0000
1781154456,55.4,2400000,0xe0000
1781154457,57.6,2400000,0xe0000
1781154458,57.1,2400000,0xe0000
1781154459,57.6,2400000,0xe0000
1781154460,57.6,2400000,0xe0000
1781154461,56.5,2400000,0xe0000
1781154462,56.5,2400000,0xe0000
1781154463,57.1,2400000,0xe0000
1781154464,57.1,2400000,0xe0000
1781154466,57.1,2400000,0xe0000
1781154467,57.6,2400000,0xe0000
1781154468,56.5,2400000,0xe0000
1781154469,57.1,2400000,0xe0000
1781154470,57.1,2400000,0xe0000
1781154471,57.6,2400000,0xe0000
1781154472,57.1,2400000,0xe0000
1781154473,56.5,2400000,0xe0000
1781154474,57.1,2400000,0xe0000
1781154475,56.5,2400000,0xe0000
1781154476,56.5,2400000,0xe0000
1781154477,57.6,2400000,0xe0000
1781154478,57.1,2400000,0xe0000
1781154479,57.1,2400000,0xe0000
1781154480,57.1,2400000,0xe0000
1781154481,57.1,2400000,0xe0000
1781154482,57.1,2400000,0xe0000
1781154483,57.1,2400000,0xe0000
1781154485,56.5,2400000,0xe0000
1781154486,56.5,2400000,0xe0000
1781154487,57.1,2400000,0xe0000
1781154488,57.1,2400000,0xe0000
1781154489,57.6,2400000,0xe0000
1781154490,56.5,2400000,0xe0000
1781154491,57.6,2400000,0xe0000
1781154492,57.6,2400000,0xe0000
1781154493,56.5,2400000,0xe0000
1781154494,57.6,2400000,0xe0000
1781154495,57.1,2400000,0xe0000
1781154496,57.6,2400000,0xe0000
1781154497,57.1,2400000,0xe0000
1781154498,57.1,2400000,0xe0000
1781154499,57.1,2400000,0xe0000
1781154500,57.1,2400000,0xe0000
1781154501,57.1,2400000,0xe0000
1781154502,57.6,2400000,0xe0000
1781154503,57.1,2400000,0xe0000
1781154504,57.1,2400000,0xe0000
1781154505,57.1,2400000,0xe0000
1781154507,56.0,2400000,0xe0000
1781154508,56.5,2400000,0xe0000
1781154509,57.6,2400000,0xe0000
1781154510,56.5,2400000,0xe0000
1781154511,56.5,2400000,0xe0000
1781154512,57.1,2400000,0xe0000
1781154513,57.6,2400000,0xe0000
1781154514,57.1,2400000,0xe0000
1781154515,56.5,2400000,0xe0000
1781154516,57.6,2400000,0xe0000
1781154517,57.6,2400000,0xe0000
1781154518,56.5,2400000,0xe0000
1781154519,57.1,2400000,0xe0000
1781154520,57.1,2400000,0xe0000
1781154521,57.1,2400000,0xe0000
1781154522,57.1,2400000,0xe0000
1781154523,57.1,2400000,0xe0000
1781154524,56.5,2400000,0xe0000
1781154525,57.1,2400000,0xe0000
1781154526,57.1,2400000,0xe0000
1781154527,57.1,2400000,0xe0000
1781154528,57.6,2400000,0xe0000
1781154529,57.1,2400000,0xe0000
1781154530,57.1,2400000,0xe0000
1781154531,57.1,2400000,0xe0000
1781154532,56.5,2400000,0xe0000
1781154533,57.6,2400000,0xe0000
1781154535,57.6,2400000,0xe0000
1781154536,57.1,2400000,0xe0000
1781154537,57.1,2400000,0xe0000
1781154538,56.0,2400000,0xe0000
1781154539,56.5,2400000,0xe0000
1781154540,57.1,2400000,0xe0000
1781154541,57.1,2400000,0xe0000
1781154542,57.1,2400000,0xe0000
1781154543,56.5,2400000,0xe0000
1781154544,57.1,2400000,0xe0000
1781154545,57.1,2400000,0xe0000
1781154546,57.1,2400000,0xe0000
1781154547,57.1,2400000,0xe0000
1781154548,57.1,2400000,0xe0000
1781154549,56.5,2400000,0xe0000
1781154550,57.1,2400000,0xe0000
1781154551,56.5,2400000,0xe0000
1781154553,56.5,2400000,0xe0000
1781154554,57.1,2400000,0xe0000
1781154555,57.1,2400000,0xe0000
1781154556,57.1,2400000,0xe0000
1781154557,57.1,2400000,0xe0000
1781154558,57.1,2400000,0xe0000
1781154559,57.1,2400000,0xe0000
1781154560,56.5,2400000,0xe0000
1781154561,56.5,2400000,0xe0000
1781154562,56.5,2400000,0xe0000
1781154563,56.5,2400000,0xe0000
1781154564,57.1,2400000,0xe0000
1781154565,57.1,2400000,0xe0000
1781154566,57.1,2400000,0xe0000
1781154567,57.1,2400000,0xe0000
1781154568,57.6,2400000,0xe0000
1781154569,57.1,2400000,0xe0000
1781154570,57.6,2400000,0xe0000
1781154571,57.1,2400000,0xe0000
1781154572,57.1,2400000,0xe0000
1781154574,57.1,2400000,0xe0000
1781154575,55.4,2400000,0xe0000
1781154576,57.1,2400000,0xe0000
1781154577,57.6,2400000,0xe0000
1781154578,56.0,2400000,0xe0000
1781154579,57.6,2400000,0xe0000
1781154580,57.1,2400000,0xe0000
1781154581,57.6,2400000,0xe0000
1781154582,57.1,2400000,0xe0000
1781154583,56.5,2400000,0xe0000
1781154584,57.1,2400000,0xe0000
1781154585,57.1,2400000,0xe0000
1781154586,56.5,2400000,0xe0000
1781154587,57.6,2400000,0xe0000
1781154588,57.1,2400000,0xe0000
1781154589,57.6,2400000,0xe0000
1781154590,57.1,2400000,0xe0000
1781154591,56.5,2400000,0xe0000
1781154592,57.6,2400000,0xe0000
1781154593,56.5,2400000,0xe0000
1781154594,57.1,2400000,0xe0000
1781154595,57.1,2400000,0xe0000
1781154596,57.6,2400000,0xe0000
1781154597,57.1,2400000,0xe0000
1781154598,57.6,2400000,0xe0000
1781154599,56.5,2400000,0xe0000
1781154600,57.1,2400000,0xe0000
1781154602,57.1,2400000,0xe0000
1781154603,56.5,2400000,0xe0000
1781154604,57.1,2400000,0xe0000
1781154605,57.6,2400000,0xe0000
1781154606,57.1,2400000,0xe0000
1781154607,57.1,2400000,0xe0000
1781154608,57.1,2400000,0xe0000
1781154609,57.1,2400000,0xe0000
1781154610,57.1,2400000,0xe0000
1781154611,57.6,2400000,0xe0000
1781154612,56.0,2400000,0xe0000
1781154613,57.1,2400000,0xe0000
1781154614,57.1,2400000,0xe0000
1781154615,57.1,2400000,0xe0000
1781154616,56.5,2400000,0xe0000
1781154617,57.6,2400000,0xe0000
1781154618,57.1,2400000,0xe0000
1781154619,57.6,2400000,0xe0000
1781154620,57.1,2400000,0xe0000
1781154621,57.1,2400000,0xe0000
1781154622,57.1,2400000,0xe0000
1781154623,57.1,2400000,0xe0000
1781154624,57.6,2400000,0xe0000
1781154625,57.1,2400000,0xe0000
1781154627,56.5,2400000,0xe0000
1781154628,55.4,2400000,0xe0000
1781154629,57.1,2400000,0xe0000
1781154630,57.6,2400000,0xe0000
1781154631,57.1,2400000,0xe0000
1781154632,57.6,2400000,0xe0000
1781154633,57.1,2400000,0xe0000
1781154634,57.1,2400000,0xe0000
1781154635,57.6,2400000,0xe0000
1781154636,57.1,2400000,0xe0000
1781154637,57.6,2400000,0xe0000
1781154638,57.1,2400000,0xe0000
1781154639,57.1,2400000,0xe0000
1781154640,57.1,2400000,0xe0000
1781154641,57.1,2400000,0xe0000
1781154642,57.1,2400000,0xe0000
1781154643,57.1,2400000,0xe0000
1781154644,57.6,2400000,0xe0000
1781154645,57.1,2400000,0xe0000
1781154646,56.5,2400000,0xe0000
1781154647,57.1,2400000,0xe0000
1781154648,57.1,2400000,0xe0000
1781154649,56.5,2400000,0xe0000
1781154650,57.1,2400000,0xe0000
1781154652,57.1,2400000,0xe0000
1781154653,57.6,2400000,0xe0000
1781154654,57.6,2400000,0xe0000
1781154655,57.1,2400000,0xe0000
1781154656,58.2,2400000,0xe0000
1781154657,57.1,2400000,0xe0000
1781154658,57.1,2400000,0xe0000
1781154659,57.1,2400000,0xe0000
1781154660,57.6,2400000,0xe0000
1781154661,57.1,2400000,0xe0000
1781154662,57.6,2400000,0xe0000
1781154663,57.1,2400000,0xe0000
1781154664,57.6,2400000,0xe0000
1781154665,57.6,2400000,0xe0000
1781154666,58.2,2400000,0xe0000
1781154667,57.1,2400000,0xe0000
1781154669,57.6,2400000,0xe0000
1781154670,57.1,2400000,0xe0000
1781154671,57.6,2400000,0xe0000
1781154672,57.6,2400000,0xe0000
1781154673,57.1,2400000,0xe0000
1781154674,56.5,2400000,0xe0000
1781154675,57.1,2400000,0xe0000
1781154676,57.6,2400000,0xe0000
1781154677,57.1,2400000,0xe0000
1781154678,56.5,2400000,0xe0000
1781154679,57.1,2400000,0xe0000
1781154680,56.5,2400000,0xe0000
1781154681,57.1,2400000,0xe0000
1781154682,57.1,2400000,0xe0000
1781154683,56.5,2400000,0xe0000
1781154684,57.6,2400000,0xe0000
1781154685,57.1,2400000,0xe0000
1781154686,57.6,2400000,0xe0000
1781154687,57.6,2400000,0xe0000
1781154688,57.1,2400000,0xe0000
1781154689,57.1,2400000,0xe0000
1781154690,57.6,2400000,0xe0000
1781154691,57.6,2400000,0xe0000
1781154692,57.1,2400000,0xe0000
1781154693,57.6,2400000,0xe0000
1781154694,57.1,2400000,0xe0000
1781154695,56.5,2400000,0xe0000
1781154697,57.6,2400000,0xe0000
1781154698,57.6,2400000,0xe0000
1781154699,56.0,2400000,0xe0000
1781154700,57.1,2400000,0xe0000
1781154701,57.1,2400000,0xe0000
1781154702,57.6,2400000,0xe0000
1781154703,57.1,2400000,0xe0000
1781154704,57.1,2400000,0xe0000
1781154705,57.1,2400000,0xe0000
1781154706,56.5,2400000,0xe0000
1781154707,57.1,2400000,0xe0000
1781154708,57.6,2400000,0xe0000
1781154709,57.6,2400000,0xe0000
1781154710,57.6,2400000,0xe0000
1781154711,57.1,2400000,0xe0000
1781154712,57.1,2400000,0xe0000
1781154713,57.6,2400000,0xe0000
1781154714,56.0,2400000,0xe0000
1781154715,56.0,2400000,0xe0000
1781154716,57.1,2400000,0xe0000
1781154717,57.1,2400000,0xe0000
1781154718,57.1,2400000,0xe0000
1781154719,57.6,2400000,0xe0000
1781154720,57.1,2400000,0xe0000
1781154721,56.5,2400000,0xe0000
1781154722,57.1,2400000,0xe0000
1781154723,57.1,2400000,0xe0000
1781154725,57.1,2400000,0xe0000
1781154726,57.6,2400000,0xe0000
1781154727,57.1,2400000,0xe0000
1781154728,57.6,2400000,0xe0000
1781154729,57.1,2400000,0xe0000
1781154730,57.1,2400000,0xe0000
1781154731,57.1,2400000,0xe0000
1781154732,57.1,2400000,0xe0000
1781154733,57.1,2400000,0xe0000
1781154734,57.6,2400000,0xe0000
1781154735,57.6,2400000,0xe0000
1781154736,57.6,2400000,0xe0000
1781154737,57.6,2400000,0xe0000
1781154738,57.1,2400000,0xe0000
1781154739,56.5,2400000,0xe0000
1781154740,57.1,2400000,0xe0000
1781154741,57.1,2400000,0xe0000
1781154743,57.1,2400000,0xe0000
1781154744,57.1,2400000,0xe0000
1781154745,57.6,2400000,0xe0000
1781154746,57.1,2400000,0xe0000
1781154747,57.6,2400000,0xe0000
1781154748,56.0,2400000,0xe0000
1781154749,57.1,2400000,0xe0000
1781154750,57.6,2400000,0xe0000
1781154751,57.1,2400000,0xe0000
1781154752,56.5,2400000,0xe0000
1781154753,57.1,2400000,0xe0000
1781154754,57.6,2400000,0xe0000
1781154755,57.1,2400000,0xe0000
1781154756,57.6,2400000,0xe0000
1781154757,57.6,2400000,0xe0000
1781154758,57.1,2400000,0xe0000
1781154759,57.1,2400000,0xe0000
1781154760,57.1,2400000,0xe0000
1781154761,57.1,2400000,0xe0000
1781154762,57.6,2400000,0xe0000
1781154764,57.1,2400000,0xe0000
1781154765,57.1,2400000,0xe0000
1781154766,57.1,2400000,0xe0000
1781154767,57.6,2400000,0xe0000
1781154768,57.6,2400000,0xe0000
1781154769,57.6,2400000,0xe0000
1781154770,57.6,2400000,0xe0000
1781154771,57.6,2400000,0xe0000
1781154772,57.6,2400000,0xe0000
1781154773,57.1,2400000,0xe0000
1781154774,57.1,2400000,0xe0000
1781154775,57.1,2400000,0xe0000
1781154776,56.5,2400000,0xe0000
1781154777,57.1,2400000,0xe0000
1781154778,57.1,2400000,0xe0000
1781154779,57.1,2400000,0xe0000
1781154780,58.2,2400000,0xe0000
1781154781,57.6,2400000,0xe0000
1781154782,56.5,2400000,0xe0000
1781154783,57.1,2400000,0xe0000
1781154784,57.1,2400000,0xe0000
1781154785,57.6,2400000,0xe0000
1781154786,57.6,2400000,0xe0000
1781154787,57.6,2400000,0xe0000
1781154788,57.1,2400000,0xe0000
1781154789,57.1,2400000,0xe0000
1781154791,57.1,2400000,0xe0000
1781154792,57.1,2400000,0xe0000
1781154793,57.1,2400000,0xe0000
1781154794,56.5,2400000,0xe0000
1781154795,57.1,2400000,0xe0000
1781154796,57.1,2400000,0xe0000
1781154797,57.1,2400000,0xe0000
1781154798,58.2,2400000,0xe0000
1781154799,56.5,2400000,0xe0000
1781154800,57.1,2400000,0xe0000
1781154801,57.6,2400000,0xe0000
1781154802,57.1,2400000,0xe0000
1781154803,57.1,2400000,0xe0000
1781154804,57.1,2400000,0xe0000
1781154805,57.6,2400000,0xe0000
1781154806,57.6,2400000,0xe0000
1781154807,57.1,2400000,0xe0000
1781154808,57.1,2400000,0xe0000
1781154809,57.6,2400000,0xe0000
1781154810,57.1,2400000,0xe0000
1781154812,56.5,2400000,0xe0000
1781154813,57.6,2400000,0xe0000
1781154814,56.5,2400000,0xe0000
1781154815,57.1,2400000,0xe0000
1781154816,58.2,2400000,0xe0000
1781154817,57.1,2400000,0xe0000
1781154818,57.1,2400000,0xe0000
1781154819,57.6,2400000,0xe0000
1781154820,57.1,2400000,0xe0000
1781154821,58.2,2400000,0xe0000
1781154822,57.1,2400000,0xe0000
1781154823,57.6,2400000,0xe0000
1781154824,57.1,2400000,0xe0000
1781154825,56.5,2400000,0xe0000
1781154826,57.6,2400000,0xe0000
1781154827,57.6,2400000,0xe0000
1781154828,57.6,2400000,0xe0000
1781154829,56.5,2400000,0xe0000
1781154830,57.6,2400000,0xe0000
1781154831,57.1,2400000,0xe0000
1781154832,56.0,2400000,0xe0000
1781154833,57.6,2400000,0xe0000
1781154835,57.1,2400000,0xe0000
1781154836,57.6,2400000,0xe0000
1781154837,57.6,2400000,0xe0000
1781154838,57.1,2400000,0xe0000
1781154839,57.6,2400000,0xe0000
1781154840,56.5,2400000,0xe0000
1781154841,57.1,2400000,0xe0000
1781154842,57.1,2400000,0xe0000
1781154843,57.1,2400000,0xe0000
1781154844,57.1,2400000,0xe0000
1781154845,57.1,2400000,0xe0000
1781154846,57.1,2400000,0xe0000
1781154847,57.1,2400000,0xe0000
1781154848,57.1,2400000,0xe0000
1781154849,57.1,2400000,0xe0000
1781154850,57.6,2400000,0xe0000
1781154852,57.1,2400000,0xe0000
1781154853,57.1,2400000,0xe0000
1781154854,58.2,2400000,0xe0000
1781154855,57.6,2400000,0xe0000
1781154856,57.6,2400000,0xe0000
1781154857,57.1,2400000,0xe0000
1781154858,57.1,2400000,0xe0000
1781154859,57.6,2400000,0xe0000
1781154860,57.1,2400000,0xe0000
1781154861,57.1,2400000,0xe0000
1781154862,58.2,2400000,0xe0000
1781154863,57.1,2400000,0xe0000
1781154864,57.1,2400000,0xe0000
1781154865,57.1,2400000,0xe0000
1781154866,58.2,2400000,0xe0000
1781154867,57.1,2400000,0xe0000
1781154868,57.1,2400000,0xe0000
1781154869,57.6,2400000,0xe0000
1781154870,57.1,2400000,0xe0000
1781154871,57.1,2400000,0xe0000
1781154873,57.6,2400000,0xe0000
1781154874,57.1,2400000,0xe0000
1781154875,57.1,2400000,0xe0000
1781154876,56.5,2400000,0xe0000
1781154877,57.1,2400000,0xe0000
1781154878,57.1,2400000,0xe0000
1781154879,57.6,2400000,0xe0000
1781154880,57.6,2400000,0xe0000
1781154881,57.1,2400000,0xe0000
1781154882,57.1,2400000,0xe0000
1781154883,57.1,2400000,0xe0000
1781154884,57.1,2400000,0xe0000
1781154885,57.1,2400000,0xe0000
1781154886,56.5,2400000,0xe0000
1781154887,57.6,2400000,0xe0000
1781154888,57.6,2400000,0xe0000
1781154889,57.6,2400000,0xe0000
1781154890,57.1,2400000,0xe0000
1781154891,57.6,2400000,0xe0000
1781154892,57.1,2400000,0xe0000
1781154893,57.1,2400000,0xe0000
1781154895,57.1,2400000,0xe0000
1781154896,57.1,2400000,0xe0000
1781154897,57.6,2400000,0xe0000
1781154898,57.1,2400000,0xe0000
1781154899,56.5,2400000,0xe0000
1781154900,57.1,2400000,0xe0000
1781154901,57.1,2400000,0xe0000
1781154902,57.1,2400000,0xe0000
1781154903,57.6,2400000,0xe0000
1781154904,56.5,2400000,0xe0000
1781154905,57.1,2400000,0xe0000
1781154906,57.1,2400000,0xe0000
1781154907,56.0,2400000,0xe0000
1781154908,57.1,2400000,0xe0000
1781154909,57.1,2400000,0xe0000
1781154910,57.6,2400000,0xe0000
1781154911,57.1,2400000,0xe0000
1781154913,57.6,2400000,0xe0000
1781154914,57.1,2400000,0xe0000
1781154915,56.5,2400000,0xe0000
1781154916,56.5,2400000,0xe0000
1781154917,57.1,2400000,0xe0000
1781154918,58.2,2400000,0xe0000
1781154919,57.1,2400000,0xe0000
1781154920,57.1,2400000,0xe0000
1781154921,56.5,2400000,0xe0000
1781154922,57.1,2400000,0xe0000
1781154923,57.1,2400000,0xe0000
1781154924,57.6,2400000,0xe0000
1781154925,57.1,2400000,0xe0000
1781154926,57.1,2400000,0xe0000
1781154927,56.5,2400000,0xe0000
1781154928,56.5,2400000,0xe0000
1781154929,58.2,2400000,0xe0000
1781154930,57.1,2400000,0xe0000
1781154931,57.6,2400000,0xe0000
1781154933,58.2,2400000,0xe0000
1781154934,57.1,2400000,0xe0000
1781154935,57.1,2400000,0xe0000
1781154936,57.6,2400000,0xe0000
1781154937,57.1,2400000,0xe0000
1781154938,57.1,2400000,0xe0000
1781154939,57.1,2400000,0xe0000
1781154940,57.6,2400000,0xe0000
1781154941,57.1,2400000,0xe0000
1781154942,57.1,2400000,0xe0000
1781154943,57.1,2400000,0xe0000
1781154944,57.1,2400000,0xe0000
1781154945,57.1,2400000,0xe0000
1781154946,57.6,2400000,0xe0000
1781154947,57.6,2400000,0xe0000
1781154948,57.6,2400000,0xe0000
1781154949,57.1,2400000,0xe0000
1781154950,58.2,2400000,0xe0000
1781154951,57.1,2400000,0xe0000
1781154952,57.6,2400000,0xe0000
1781154953,57.1,2400000,0xe0000
1781154954,57.1,2400000,0xe0000
1781154955,57.6,2400000,0xe0000
1781154957,57.1,2400000,0xe0000
1781154958,57.6,2400000,0xe0000
1781154959,57.1,2400000,0xe0000
1781154960,57.1,2400000,0xe0000
1781154961,57.1,2400000,0xe0000
1781154962,57.1,2400000,0xe0000
1781154963,57.6,2400000,0xe0000
1781154964,57.6,2400000,0xe0000
1781154965,56.5,2400000,0xe0000
1781154966,57.6,2400000,0xe0000
1781154967,57.1,2400000,0xe0000
1781154968,57.1,2400000,0xe0000
1781154969,57.1,2400000,0xe0000
1781154970,57.6,2400000,0xe0000
1781154971,57.1,2400000,0xe0000
1781154972,57.6,2400000,0xe0000
1781154973,57.6,2400000,0xe0000
1781154974,57.1,2400000,0xe0000
1781154975,56.5,2400000,0xe0000
1781154976,57.1,2400000,0xe0000
1781154977,57.6,2400000,0xe0000
1781154978,57.6,2400000,0xe0000
1781154979,57.1,2400000,0xe0000
1781154980,57.6,2400000,0xe0000
1781154982,57.1,2400000,0xe0000
1781154983,57.6,2400000,0xe0000
1781154984,57.6,2400000,0xe0000
1781154985,57.6,2400000,0xe0000
1781154986,57.6,2400000,0xe0000
1781154987,57.1,2400000,0xe0000
1781154988,57.1,2400000,0xe0000
1781154989,57.1,2400000,0xe0000
1781154990,57.6,2400000,0xe0000
1781154991,57.1,2400000,0xe0000
1781154992,57.1,2400000,0xe0000
1781154993,57.1,2400000,0xe0000
1781154994,57.1,2400000,0xe0000
1781154995,57.1,2400000,0xe0000
1781154996,57.1,2400000,0xe0000
1781154997,57.6,2400000,0xe0000
1781154998,57.6,2400000,0xe0000
1781154999,57.1,2400000,0xe0000
1781155001,57.6,2400000,0xe0000
1781155002,57.1,2400000,0xe0000
1781155003,57.1,2400000,0xe0000
1781155004,56.5,2400000,0xe0000
1781155005,57.1,2400000,0xe0000
1781155006,57.1,2400000,0xe0000
1781155007,57.6,2400000,0xe0000
1781155008,57.6,2400000,0xe0000
1781155009,57.6,2400000,0xe0000
1781155010,56.5,2400000,0xe0000
1781155011,57.1,2400000,0xe0000
1781155012,56.5,2400000,0xe0000
1781155013,57.1,2400000,0xe0000
1781155014,57.1,2400000,0xe0000
1781155015,57.1,2400000,0xe0000
1781155016,57.1,2400000,0xe0000
1781155017,57.6,2400000,0xe0000
1781155018,57.1,2400000,0xe0000
1781155019,57.6,2400000,0xe0000
1781155020,57.1,2400000,0xe0000
1781155021,57.1,2400000,0xe0000
1781155022,57.1,2400000,0xe0000
1781155023,56.5,2400000,0xe0000
1781155024,57.1,2400000,0xe0000
1781155025,57.1,2400000,0xe0000
1781155026,57.1,2400000,0xe0000
1781155027,57.6,2400000,0xe0000
1781155028,57.6,2400000,0xe0000
1781155029,58.2,2400000,0xe0000
1781155030,58.2,2400000,0xe0000
1781155031,56.0,2400000,0xe0000
1781155032,57.6,2400000,0xe0000
1781155033,57.1,2400000,0xe0000
1781155034,56.5,2400000,0xe0000
1781155035,56.5,2400000,0xe0000
1781155036,57.6,2400000,0xe0000
1781155038,57.1,2400000,0xe0000
1781155039,57.6,2400000,0xe0000
1781155040,57.6,2400000,0xe0000
1781155041,57.1,2400000,0xe0000
1781155042,56.5,2400000,0xe0000
1781155043,56.0,2400000,0xe0000
1781155044,57.1,2400000,0xe0000
1781155045,57.1,2400000,0xe0000
1781155046,58.2,2400000,0xe0000
1781155047,57.6,2400000,0xe0000
1781155048,57.1,2400000,0xe0000
1781155049,57.1,2400000,0xe0000
1781155050,57.6,2400000,0xe0000
1781155051,57.6,2400000,0xe0000
1781155052,57.6,2400000,0xe0000
1781155053,57.1,2400000,0xe0000
1781155054,58.2,2400000,0xe0000
1781155055,57.1,2400000,0xe0000
1781155056,57.6,2400000,0xe0000
1781155057,57.6,2400000,0xe0000
1781155058,57.6,2400000,0xe0000
1781155059,57.1,2400000,0xe0000
1781155060,57.1,2400000,0xe0000
1781155061,57.1,2400000,0xe0000
1781155062,57.6,2400000,0xe0000
1781155063,57.1,2400000,0xe0000
1781155064,57.6,2400000,0xe0000
1781155065,57.1,2400000,0xe0000
1781155066,57.6,2400000,0xe0000
1781155068,57.6,2400000,0xe0000
1781155069,57.1,2400000,0xe0000
1781155070,57.1,2400000,0xe0000
1781155071,57.1,2400000,0xe0000
1781155072,57.1,2400000,0xe0000
1781155073,57.6,2400000,0xe0000
1781155074,58.2,2400000,0xe0000
1781155075,57.6,2400000,0xe0000
1781155076,57.1,2400000,0xe0000
1781155077,57.1,2400000,0xe0000
1781155078,57.1,2400000,0xe0000
1781155079,57.6,2400000,0xe0000
1781155080,56.5,2400000,0xe0000
1781155081,58.2,2400000,0xe0000
1781155082,57.6,2400000,0xe0000
1781155083,57.6,2400000,0xe0000
1781155084,57.6,2400000,0xe0000
1781155085,57.6,2400000,0xe0000
1781155086,57.1,2400000,0xe0000
1781155087,57.1,2400000,0xe0000
1781155088,57.6,2400000,0xe0000
1781155089,57.1,2400000,0xe0000
1781155090,57.6,2400000,0xe0000
1781155091,58.2,2400000,0xe0000
1781155092,57.1,2400000,0xe0000
1781155093,57.1,2400000,0xe0000
1781155095,57.6,2400000,0xe0000
1781155096,57.1,2400000,0xe0000
1781155097,57.6,2400000,0xe0000
1781155098,57.6,2400000,0xe0000
1781155099,57.1,2400000,0xe0000
1781155100,57.1,2400000,0xe0000
1781155101,56.5,2400000,0xe0000
1781155102,57.1,2400000,0xe0000
1781155103,57.6,2400000,0xe0000
1781155104,57.6,2400000,0xe0000
1781155105,57.1,2400000,0xe0000
1781155106,56.5,2400000,0xe0000
1781155107,57.1,2400000,0xe0000
1781155108,57.1,2400000,0xe0000
1781155109,56.0,2400000,0xe0000
1781155110,57.1,2400000,0xe0000
1781155111,57.1,2400000,0xe0000
1781155112,57.1,2400000,0xe0000
1781155113,57.6,2400000,0xe0000
1781155114,56.5,2400000,0xe0000
1781155115,57.1,2400000,0xe0000
1781155116,57.1,2400000,0xe0000
1781155117,57.1,2400000,0xe0000
1781155119,57.6,2400000,0xe0000
1781155120,57.1,2400000,0xe0000
1781155121,57.6,2400000,0xe0000
1781155122,57.1,2400000,0xe0000
1781155123,57.1,2400000,0xe0000
1781155124,57.6,2400000,0xe0000
1781155125,57.1,2400000,0xe0000
1781155126,57.1,2400000,0xe0000
1781155127,57.6,2400000,0xe0000
1781155128,57.6,2400000,0xe0000
1781155129,58.2,2400000,0xe0000
1781155130,57.6,2400000,0xe0000
1781155131,58.2,2400000,0xe0000
1781155132,57.1,2400000,0xe0000
1781155133,57.1,2400000,0xe0000
1781155134,57.1,2400000,0xe0000
1781155135,56.5,2400000,0xe0000
1781155136,57.6,2400000,0xe0000
1781155137,57.6,2400000,0xe0000
1781155138,57.1,2400000,0xe0000
1781155139,57.1,2400000,0xe0000
1781155140,57.1,2400000,0xe0000
1781155141,57.1,2400000,0xe0000
1781155143,57.1,2400000,0xe0000
1781155144,57.6,2400000,0xe0000
1781155145,57.1,2400000,0xe0000
1781155146,57.1,2400000,0xe0000
1781155147,57.1,2400000,0xe0000
1781155148,56.5,2400000,0xe0000
1781155149,57.6,2400000,0xe0000
1781155150,57.1,2400000,0xe0000
1781155151,57.1,2400000,0xe0000
1781155152,57.6,2400000,0xe0000
1781155153,58.2,2400000,0xe0000
1781155154,57.1,2400000,0xe0000
1781155155,56.5,2400000,0xe0000
1781155156,57.1,2400000,0xe0000
1781155157,57.1,2400000,0xe0000
1781155158,57.1,2400000,0xe0000
1781155159,56.0,2400000,0xe0000
1781155160,57.1,2400000,0xe0000
1781155161,57.6,2400000,0xe0000
1781155162,57.1,2400000,0xe0000
1781155163,57.6,2400000,0xe0000
1781155165,57.1,2400000,0xe0000
1781155166,57.1,2400000,0xe0000
1781155167,57.6,2400000,0xe0000
1781155168,58.2,2400000,0xe0000
1781155169,56.0,2400000,0xe0000
1781155170,57.1,2400000,0xe0000
1781155171,56.5,2400000,0xe0000
1781155172,57.6,2400000,0xe0000
1781155173,57.1,2400000,0xe0000
1781155174,57.6,2400000,0xe0000
1781155175,57.1,2400000,0xe0000
1781155176,57.6,2400000,0xe0000
1781155177,56.5,2400000,0xe0000
1781155178,57.1,2400000,0xe0000
1781155179,57.6,2400000,0xe0000
1781155180,57.6,2400000,0xe0000
1781155181,56.5,2400000,0xe0000
1781155183,57.1,2400000,0xe0000
1781155184,57.6,2400000,0xe0000
1781155185,57.6,2400000,0xe0000
1781155186,57.1,2400000,0xe0000
1781155187,58.2,2400000,0xe0000
1781155188,56.5,2400000,0xe0000
1781155189,57.1,2400000,0xe0000
1781155190,57.1,2400000,0xe0000
1781155191,57.1,2400000,0xe0000
1781155192,57.1,2400000,0xe0000
1781155193,56.5,2400000,0xe0000
1781155194,57.1,2400000,0xe0000
1781155195,57.6,2400000,0xe0000
1781155196,57.6,2400000,0xe0000
1781155197,57.1,2400000,0xe0000
1781155198,57.1,2400000,0xe0000
1781155199,56.5,2400000,0xe0000
1781155200,57.6,2400000,0xe0000
1781155201,57.6,2400000,0xe0000
1781155202,56.5,2400000,0xe0000
1781155204,57.6,2400000,0xe0000
1781155205,57.6,2400000,0xe0000
1781155206,57.6,2400000,0xe0000
1781155207,57.6,2400000,0xe0000
1781155208,57.6,2400000,0xe0000
1781155209,58.2,2400000,0xe0000
1781155210,57.1,2400000,0xe0000
1781155211,57.6,2400000,0xe0000
1781155212,57.1,2400000,0xe0000
1781155213,57.6,2400000,0xe0000
1781155214,57.1,2400000,0xe0000
1781155215,56.5,2400000,0xe0000
1781155216,57.6,2400000,0xe0000
1781155217,58.2,2400000,0xe0000
1781155218,57.6,2400000,0xe0000
1781155219,56.5,2400000,0xe0000
1781155220,57.6,2400000,0xe0000
1781155221,56.0,2400000,0xe0000
1781155222,57.1,2400000,0xe0000
1781155223,57.6,2400000,0xe0000
1781155224,57.6,2400000,0xe0000
1781155225,57.1,2400000,0xe0000
1781155226,57.1,2400000,0xe0000
1781155228,57.1,2400000,0xe0000
1781155229,57.6,2400000,0xe0000
1781155230,56.5,2400000,0xe0000
1781155231,58.2,2400000,0xe0000
1781155232,57.6,2400000,0xe0000
1781155233,58.2,2400000,0xe0000
1781155234,57.1,2400000,0xe0000
1781155235,57.6,2400000,0xe0000
1781155236,57.1,2400000,0xe0000
1781155237,57.6,2400000,0xe0000
1781155238,57.1,2400000,0xe0000
1781155239,57.6,2400000,0xe0000
1781155240,57.6,2400000,0xe0000
1781155241,57.1,2400000,0xe0000
1781155242,57.1,2400000,0xe0000
1781155243,57.1,2400000,0xe0000
1781155244,57.1,2400000,0xe0000
1781155245,56.0,2400000,0xe0000
1781155246,57.1,2400000,0xe0000
1781155247,57.1,2400000,0xe0000
1781155248,57.6,2400000,0xe0000
1781155249,56.5,2400000,0xe0000
1781155250,56.0,2400000,0xe0000
1781155251,57.1,2400000,0xe0000
1781155252,58.2,2400000,0xe0000
1781155253,57.1,2400000,0xe0000
1781155254,57.1,2400000,0xe0000
1781155255,57.6,2400000,0xe0000
1781155256,57.6,2400000,0xe0000
1781155257,58.2,2400000,0xe0000
1781155258,57.6,2400000,0xe0000
1781155260,57.6,2400000,0xe0000
1781155261,57.1,2400000,0xe0000
1781155262,57.1,2400000,0xe0000
1781155263,57.6,2400000,0xe0000
1781155264,57.1,2400000,0xe0000
1781155265,57.1,2400000,0xe0000
1781155266,57.6,2400000,0xe0000
1781155267,57.6,2400000,0xe0000
1781155268,57.1,2400000,0xe0000
1781155269,57.6,2400000,0xe0000
1781155270,56.0,2400000,0xe0000
1781155271,57.1,2400000,0xe0000
1781155272,57.6,2400000,0xe0000
1781155273,57.6,2400000,0xe0000
1781155274,58.2,2400000,0xe0000
1781155275,57.1,2400000,0xe0000
1781155276,57.6,2400000,0xe0000
1781155277,57.1,2400000,0xe0000
1781155278,57.1,2400000,0xe0000
1781155279,57.1,2400000,0xe0000
1781155280,57.1,2400000,0xe0000
1781155281,57.1,2400000,0xe0000
1781155282,57.6,2400000,0xe0000
1781155283,57.6,2400000,0xe0000
1781155284,57.6,2400000,0xe0000
1781155286,57.1,2400000,0xe0000
1781155287,57.6,2400000,0xe0000
1781155288,57.6,2400000,0xe0000
1781155289,56.5,2400000,0xe0000
1781155290,57.1,2400000,0xe0000
1781155291,57.1,2400000,0xe0000
1781155292,57.1,2400000,0xe0000
1781155293,56.0,2400000,0xe0000
1781155294,57.6,2400000,0xe0000
1781155295,57.1,2400000,0xe0000
1781155296,57.1,2400000,0xe0000
1781155297,57.6,2400000,0xe0000
1781155298,57.1,2400000,0xe0000
1781155299,57.1,2400000,0xe0000
1781155300,57.6,2400000,0xe0000
1781155301,57.1,2400000,0xe0000
1781155302,57.6,2400000,0xe0000
1781155303,57.6,2400000,0xe0000
1781155304,57.1,2400000,0xe0000
1781155305,57.6,2400000,0xe0000
1781155306,57.6,2400000,0xe0000
1781155307,58.2,2400000,0xe0000
1781155308,57.6,2400000,0xe0000
1781155309,57.1,2400000,0xe0000
1781155311,57.6,2400000,0xe0000
1781155312,58.2,2400000,0xe0000
1781155313,57.6,2400000,0xe0000
1781155314,57.6,2400000,0xe0000
1781155315,57.1,2400000,0xe0000
1781155316,57.1,2400000,0xe0000
1781155317,57.6,2400000,0xe0000
1781155318,57.1,2400000,0xe0000
1781155319,57.1,2400000,0xe0000
1781155320,57.6,2400000,0xe0000
1781155321,57.6,2400000,0xe0000
1781155322,57.1,2400000,0xe0000
1781155323,57.6,2400000,0xe0000
1781155324,58.2,2400000,0xe0000
1781155325,57.1,2400000,0xe0000
1781155326,57.6,2400000,0xe0000
1781155327,57.6,2400000,0xe0000
1781155328,57.6,2400000,0xe0000
1781155329,57.1,2400000,0xe0000
1781155330,56.5,2400000,0xe0000
1781155331,56.5,2400000,0xe0000
1781155332,57.1,2400000,0xe0000
1781155333,56.5,2400000,0xe0000
1781155335,57.6,2400000,0xe0000
1781155336,57.1,2400000,0xe0000
1781155337,57.6,2400000,0xe0000
1781155338,58.2,2400000,0xe0000
1781155339,57.6,2400000,0xe0000
1781155340,57.1,2400000,0xe0000
1781155341,57.6,2400000,0xe0000
1781155342,57.6,2400000,0xe0000
1781155343,57.6,2400000,0xe0000
1781155344,57.1,2400000,0xe0000
1781155345,57.1,2400000,0xe0000
1781155346,57.1,2400000,0xe0000
1781155347,57.6,2400000,0xe0000
1781155348,57.1,2400000,0xe0000
1781155349,57.1,2400000,0xe0000
1781155350,56.5,2400000,0xe0000
1781155351,57.1,2400000,0xe0000
1781155352,57.1,2400000,0xe0000
1781155353,57.1,2400000,0xe0000
1781155354,57.6,2400000,0xe0000
1781155355,57.6,2400000,0xe0000
1781155357,57.1,2400000,0xe0000
1781155358,56.5,2400000,0xe0000
1781155359,56.5,2400000,0xe0000
1781155360,57.6,2400000,0xe0000
1781155361,56.5,2400000,0xe0000
1781155362,58.2,2400000,0xe0000
1781155363,58.2,2400000,0xe0000
1781155364,58.2,2400000,0xe0000
1781155365,57.1,2400000,0xe0000
1781155366,57.1,2400000,0xe0000
1781155367,57.1,2400000,0xe0000
1781155368,57.1,2400000,0xe0000
1781155369,57.6,2400000,0xe0000
1781155370,57.6,2400000,0xe0000
1781155371,56.0,2400000,0xe0000
1781155372,57.6,2400000,0xe0000
1781155373,57.6,2400000,0xe0000
1781155375,57.6,2400000,0xe0000
1781155376,57.1,2400000,0xe0000
1781155377,57.6,2400000,0xe0000
1781155378,57.1,2400000,0xe0000
1781155379,57.1,2400000,0xe0000
1781155380,57.1,2400000,0xe0000
1781155381,57.6,2400000,0xe0000
1781155382,57.6,2400000,0xe0000
1781155383,57.1,2400000,0xe0000
1781155384,57.6,2400000,0xe0000
1781155385,57.1,2400000,0xe0000
1781155386,58.2,2400000,0xe0000
1781155387,58.2,2400000,0xe0000
1781155388,57.6,2400000,0xe0000
1781155389,57.6,2400000,0xe0000
1781155390,57.1,2400000,0xe0000
1781155391,58.2,2400000,0xe0000
1781155392,57.1,2400000,0xe0000
1781155394,57.1,2400000,0xe0000
1781155395,57.1,2400000,0xe0000
1781155396,57.6,2400000,0xe0000
1781155397,57.1,2400000,0xe0000
1781155398,57.1,2400000,0xe0000
1781155399,57.6,2400000,0xe0000
1781155400,57.1,2400000,0xe0000
1781155401,57.1,2400000,0xe0000
1781155402,57.1,2400000,0xe0000
1781155403,57.6,2400000,0xe0000
1781155404,57.6,2400000,0xe0000
1781155405,56.5,2400000,0xe0000
1781155406,57.6,2400000,0xe0000
1781155407,57.6,2400000,0xe0000
1781155408,57.1,2400000,0xe0000
1781155409,57.6,2400000,0xe0000
1781155410,57.6,2400000,0xe0000
1781155411,56.5,2400000,0xe0000
1781155412,57.6,2400000,0xe0000
1781155413,57.6,2400000,0xe0000
1781155414,57.1,2400000,0xe0000
1781155415,57.1,2400000,0xe0000
1781155416,57.6,2400000,0xe0000
1781155418,57.1,2400000,0xe0000
1781155419,57.6,2400000,0xe0000
1781155420,56.5,2400000,0xe0000
1781155421,57.6,2400000,0xe0000
1781155422,57.1,2400000,0xe0000
1781155423,57.6,2400000,0xe0000
1781155424,57.6,2400000,0xe0000
1781155425,57.1,2400000,0xe0000
1781155426,57.1,2400000,0xe0000
1781155427,57.6,2400000,0xe0000
1781155428,57.1,2400000,0xe0000
1781155429,57.1,2400000,0xe0000
1781155430,57.6,2400000,0xe0000
1781155431,57.6,2400000,0xe0000
1781155432,57.6,2400000,0xe0000
1781155433,57.1,2400000,0xe0000
1781155434,57.1,2400000,0xe0000
1781155435,57.6,2400000,0xe0000
1781155436,57.6,2400000,0xe0000
1781155437,57.6,2400000,0xe0000
1781155438,57.1,2400000,0xe0000
1781155439,57.6,2400000,0xe0000
1781155440,57.6,2400000,0xe0000
1781155442,57.1,2400000,0xe0000
1781155443,57.1,2400000,0xe0000
1781155444,57.6,2400000,0xe0000
1781155445,57.6,2400000,0xe0000
1781155446,57.1,2400000,0xe0000
1781155447,57.1,2400000,0xe0000
1781155448,57.6,2400000,0xe0000
1781155449,57.6,2400000,0xe0000
1781155450,57.6,2400000,0xe0000
1781155451,57.6,2400000,0xe0000
1781155452,57.6,2400000,0xe0000
1781155453,57.6,2400000,0xe0000
1781155454,57.1,2400000,0xe0000
1781155455,57.6,2400000,0xe0000
1781155456,57.6,2400000,0xe0000
1781155457,57.1,2400000,0xe0000
1781155458,57.6,2400000,0xe0000
1781155459,57.1,2400000,0xe0000
1781155460,57.6,2400000,0xe0000
1781155461,57.6,2400000,0xe0000
1781155462,57.6,2400000,0xe0000
1781155463,57.1,2400000,0xe0000
1781155464,57.6,2400000,0xe0000
1781155465,57.1,2400000,0xe0000
1781155466,57.1,2400000,0xe0000
1781155467,57.6,2400000,0xe0000
1781155468,57.1,2400000,0xe0000
1781155469,57.1,2400000,0xe0000
1781155470,57.1,2400000,0xe0000
1781155471,57.6,2400000,0xe0000
1781155472,57.1,2400000,0xe0000
1781155473,57.1,2400000,0xe0000
1781155474,58.2,2400000,0xe0000
1781155475,57.1,2400000,0xe0000
1781155477,57.6,2400000,0xe0000
1781155478,57.6,2400000,0xe0000
1781155479,57.6,2400000,0xe0000
1781155480,56.5,2400000,0xe0000
1781155481,57.6,2400000,0xe0000
1781155482,57.6,2400000,0xe0000
1781155483,57.6,2400000,0xe0000
1781155484,58.2,2400000,0xe0000
1781155485,57.6,2400000,0xe0000
1781155486,57.1,2400000,0xe0000
1781155487,57.1,2400000,0xe0000
1781155488,57.6,2400000,0xe0000
1781155489,57.6,2400000,0xe0000
1781155490,57.6,2400000,0xe0000
1781155491,56.5,2400000,0xe0000
1781155492,57.6,2400000,0xe0000
1781155493,57.6,2400000,0xe0000
1781155494,57.1,2400000,0xe0000
1781155495,57.1,2400000,0xe0000
1781155496,56.5,2400000,0xe0000
1781155497,57.6,2400000,0xe0000
1781155498,58.2,2400000,0xe0000
1781155499,57.6,2400000,0xe0000
1781155500,57.1,2400000,0xe0000
1781155501,57.6,2400000,0xe0000
1781155503,57.6,2400000,0xe0000
1781155504,58.2,2400000,0xe0000
1781155505,57.1,2400000,0xe0000
1781155506,57.6,2400000,0xe0000
1781155507,57.1,2400000,0xe0000
1781155508,57.6,2400000,0xe0000
1781155509,57.6,2400000,0xe0000
1781155510,58.2,2400000,0xe0000
1781155511,57.1,2400000,0xe0000
1781155512,57.1,2400000,0xe0000
1781155513,57.1,2400000,0xe0000
1781155514,57.1,2400000,0xe0000
1781155515,57.1,2400000,0xe0000
1781155516,56.5,2400000,0xe0000
1781155517,58.2,2400000,0xe0000
1781155518,57.1,2400000,0xe0000
1781155519,57.6,2400000,0xe0000
1781155521,57.6,2400000,0xe0000
1781155522,57.1,2400000,0xe0000
1781155523,57.1,2400000,0xe0000
1781155524,57.6,2400000,0xe0000
1781155525,57.1,2400000,0xe0000
1781155526,57.1,2400000,0xe0000
1781155527,57.1,2400000,0xe0000
1781155528,57.1,2400000,0xe0000
1781155529,57.1,2400000,0xe0000
1781155530,57.1,2400000,0xe0000
1781155531,57.6,2400000,0xe0000
1781155532,57.1,2400000,0xe0000
1781155533,57.1,2400000,0xe0000
1781155534,57.1,2400000,0xe0000
1781155535,57.1,2400000,0xe0000
1781155536,57.6,2400000,0xe0000
1781155537,57.1,2400000,0xe0000
1781155538,57.6,2400000,0xe0000
1781155539,57.6,2400000,0xe0000
1781155540,57.1,2400000,0xe0000
1781155541,57.1,2400000,0xe0000
1781155542,57.6,2400000,0xe0000
1781155543,57.1,2400000,0xe0000
1781155544,57.6,2400000,0xe0000
1781155545,57.1,2400000,0xe0000
1781155546,57.1,2400000,0xe0000
1781155547,57.1,2400000,0xe0000
1781155548,57.6,2400000,0xe0000
1781155549,57.1,2400000,0xe0000
1781155551,58.2,2400000,0xe0000
1781155552,57.6,2400000,0xe0000
1781155553,57.1,2400000,0xe0000
1781155554,57.1,2400000,0xe0000
1781155555,58.2,2400000,0xe0000
1781155556,56.5,2400000,0xe0000
1781155557,57.1,2400000,0xe0000
1781155558,56.0,2400000,0xe0000
1781155559,57.1,2400000,0xe0000
1781155560,57.6,2400000,0xe0000
1781155561,57.1,2400000,0xe0000
1781155562,56.5,2400000,0xe0000
1781155563,57.6,2400000,0xe0000
1781155564,57.6,2400000,0xe0000
1781155565,57.1,2400000,0xe0000
1781155566,57.1,2400000,0xe0000
1781155567,57.6,2400000,0xe0000
1781155568,57.6,2400000,0xe0000
1781155569,57.6,2400000,0xe0000
1781155570,56.5,2400000,0xe0000
1781155571,57.6,2400000,0xe0000
1781155573,57.1,2400000,0xe0000
1781155574,57.6,2400000,0xe0000
1781155575,57.6,2400000,0xe0000
1781155576,57.6,2400000,0xe0000
1781155577,56.5,2400000,0xe0000
1781155578,57.1,2400000,0xe0000
1781155579,58.2,2400000,0xe0000
1781155580,57.6,2400000,0xe0000
1781155581,57.1,2400000,0xe0000
1781155582,57.1,2400000,0xe0000
1781155583,57.6,2400000,0xe0000
1781155584,57.1,2400000,0xe0000
1781155585,57.6,2400000,0xe0000
1781155586,57.6,2400000,0xe0000
1781155587,57.1,2400000,0xe0000
1781155588,58.2,2400000,0xe0000
1781155589,57.6,2400000,0xe0000
1781155590,57.1,2400000,0xe0000
1781155591,57.1,2400000,0xe0000
1781155592,57.1,2400000,0xe0000
1781155593,57.1,2400000,0xe0000
1781155594,57.6,2400000,0xe0000
1781155595,57.6,2400000,0xe0000
1781155596,57.6,2400000,0xe0000
1781155597,57.6,2400000,0xe0000
1781155598,57.6,2400000,0xe0000
1781155599,57.6,2400000,0xe0000
1781155600,57.6,2400000,0xe0000
1781155602,57.6,2400000,0xe0000
1781155603,57.6,2400000,0xe0000
1781155604,57.1,2400000,0xe0000
1781155605,57.6,2400000,0xe0000
1781155606,57.6,2400000,0xe0000
1781155607,57.1,2400000,0xe0000
1781155608,57.1,2400000,0xe0000
1781155609,57.6,2400000,0xe0000
1781155610,57.6,2400000,0xe0000
1781155611,57.6,2400000,0xe0000
1781155612,57.1,2400000,0xe0000
1781155613,57.6,2400000,0xe0000
1781155614,57.1,2400000,0xe0000
1781155615,56.5,2400000,0xe0000
1781155616,57.1,2400000,0xe0000
1781155617,57.1,2400000,0xe0000
1781155618,58.2,2400000,0xe0000
1781155619,57.1,2400000,0xe0000
1781155620,57.1,2400000,0xe0000
1781155621,57.6,2400000,0xe0000
1781155622,57.1,2400000,0xe0000
1781155624,57.6,2400000,0xe0000
1781155625,57.6,2400000,0xe0000
1781155626,57.1,2400000,0xe0000
1781155627,57.6,2400000,0xe0000
1781155628,57.6,2400000,0xe0000
1781155629,57.6,2400000,0xe0000
1781155630,57.1,2400000,0xe0000
1781155631,57.1,2400000,0xe0000
1781155632,57.1,2400000,0xe0000
1781155633,57.6,2400000,0xe0000
1781155634,57.6,2400000,0xe0000
1781155635,57.6,2400000,0xe0000
1781155636,57.1,2400000,0xe0000
1781155637,58.2,2400000,0xe0000
1781155638,57.6,2400000,0xe0000
1781155639,57.1,2400000,0xe0000
1781155640,57.6,2400000,0xe0000
1781155641,57.6,2400000,0xe0000
1781155642,57.1,2400000,0xe0000
1781155643,57.1,2400000,0xe0000
1781155644,58.2,2400000,0xe0000
1781155645,57.1,2400000,0xe0000
1781155646,57.6,2400000,0xe0000
1781155648,57.6,2400000,0xe0000
1781155649,57.1,2400000,0xe0000
1781155650,57.1,2400000,0xe0000
1781155651,57.1,2400000,0xe0000
1781155652,57.1,2400000,0xe0000
1781155653,58.2,2400000,0xe0000
1781155654,57.6,2400000,0xe0000
1781155655,57.6,2400000,0xe0000
1781155656,57.1,2400000,0xe0000
1781155657,58.2,2400000,0xe0000
1781155658,57.1,2400000,0xe0000
1781155659,57.6,2400000,0xe0000
1781155660,57.6,2400000,0xe0000
1781155661,57.1,2400000,0xe0000
1781155662,57.1,2400000,0xe0000
1781155663,57.1,2400000,0xe0000
1781155664,56.5,2400000,0xe0000
1781155665,57.6,2400000,0xe0000
1781155666,57.6,2400000,0xe0000
1781155667,57.6,2400000,0xe0000
1781155669,57.6,2400000,0xe0000
1781155670,56.5,2400000,0xe0000
1781155671,57.6,2400000,0xe0000
1781155672,56.5,2400000,0xe0000
1781155673,57.1,2400000,0xe0000
1781155674,57.6,2400000,0xe0000
1781155675,57.1,2400000,0xe0000
1781155676,58.2,2400000,0xe0000
1781155677,57.6,2400000,0xe0000
1781155678,57.1,2400000,0xe0000
1781155679,56.5,2400000,0xe0000
1781155680,56.5,2400000,0xe0000
1781155681,57.1,2400000,0xe0000
1781155682,57.6,2400000,0xe0000
1781155683,57.6,2400000,0xe0000
1781155684,57.1,2400000,0xe0000
1781155685,57.1,2400000,0xe0000
1781155686,57.1,2400000,0xe0000
1781155687,58.2,2400000,0xe0000
1781155688,56.0,2400000,0xe0000
1781155689,57.1,2400000,0xe0000
1781155690,57.6,2400000,0xe0000
1781155691,57.6,2400000,0xe0000
1781155692,57.6,2400000,0xe0000
1781155693,57.1,2400000,0xe0000
1781155695,57.1,2400000,0xe0000
1781155696,57.1,2400000,0xe0000
1781155697,57.1,2400000,0xe0000
1781155698,57.1,2400000,0xe0000
1781155699,57.1,2400000,0xe0000
1781155700,57.1,2400000,0xe0000
1781155701,57.1,2400000,0xe0000
1781155702,56.5,2400000,0xe0000
1781155703,57.6,2400000,0xe0000
1781155704,57.6,2400000,0xe0000
1781155705,57.1,2400000,0xe0000
1781155706,58.2,2400000,0xe0000
1781155707,57.1,2400000,0xe0000
1781155708,57.6,2400000,0xe0000
1781155709,57.6,2400000,0xe0000
1781155710,57.6,2400000,0xe0000
1781155711,56.5,2400000,0xe0000
1781155712,56.0,2400000,0xe0000
1781155713,57.6,2400000,0xe0000
1781155714,57.1,2400000,0xe0000
1781155715,58.2,2400000,0xe0000
1781155716,57.1,2400000,0xe0000
1781155717,57.6,2400000,0xe0000
1781155718,57.1,2400000,0xe0000
1781155719,57.1,2400000,0xe0000
1781155721,57.6,2400000,0xe0000
1781155722,57.1,2400000,0xe0000
1781155723,58.2,2400000,0xe0000
1781155724,57.1,2400000,0xe0000
1781155725,57.6,2400000,0xe0000
1781155726,57.6,2400000,0xe0000
1781155727,57.1,2400000,0xe0000
1781155728,57.6,2400000,0xe0000
1781155729,56.0,2400000,0xe0000
1781155730,57.6,2400000,0xe0000
1781155731,57.6,2400000,0xe0000
1781155732,57.6,2400000,0xe0000
1781155733,57.6,2400000,0xe0000
1781155734,57.1,2400000,0xe0000
1781155735,57.6,2400000,0xe0000
1781155736,57.6,2400000,0xe0000
1781155737,57.6,2400000,0xe0000
1781155738,57.6,2400000,0xe0000
1781155739,57.6,2400000,0xe0000
1781155740,57.1,2400000,0xe0000
1781155741,57.1,2400000,0xe0000
1781155742,57.6,2400000,0xe0000
1781155743,57.6,2400000,0xe0000
1781155745,57.6,2400000,0xe0000
1781155746,57.6,2400000,0xe0000
1781155747,57.1,2400000,0xe0000
1781155748,57.1,2400000,0xe0000
1781155749,56.5,2400000,0xe0000
1781155750,57.6,2400000,0xe0000
1781155751,57.1,2400000,0xe0000
1781155752,57.6,2400000,0xe0000
1781155753,57.1,2400000,0xe0000
1781155754,57.1,2400000,0xe0000
1781155755,57.6,2400000,0xe0000
1781155756,58.2,2400000,0xe0000
1781155757,57.6,2400000,0xe0000
1781155758,57.1,2400000,0xe0000
1781155759,57.6,2400000,0xe0000
1781155760,57.6,2400000,0xe0000
1781155761,57.6,2400000,0xe0000
1781155762,57.6,2400000,0xe0000
1781155763,57.6,2400000,0xe0000
1781155764,57.6,2400000,0xe0000
1781155765,57.1,2400000,0xe0000
1781155766,57.6,2400000,0xe0000
1781155767,57.6,2400000,0xe0000
1781155768,57.1,2400000,0xe0000
1781155769,57.1,2400000,0xe0000
1781155770,57.6,2400000,0xe0000
1781155771,57.6,2400000,0xe0000
1781155773,57.1,2400000,0xe0000
1781155774,58.2,2400000,0xe0000
1781155775,57.1,2400000,0xe0000
1781155776,57.6,2400000,0xe0000
1781155777,57.1,2400000,0xe0000
1781155778,57.1,2400000,0xe0000
1781155779,57.6,2400000,0xe0000
1781155780,57.6,2400000,0xe0000
1781155781,57.1,2400000,0xe0000
1781155782,57.1,2400000,0xe0000
1781155783,57.1,2400000,0xe0000
1781155784,57.6,2400000,0xe0000
1781155785,57.1,2400000,0xe0000
1781155786,57.6,2400000,0xe0000
1781155787,57.1,2400000,0xe0000
1781155788,57.6,2400000,0xe0000
1781155789,57.1,2400000,0xe0000
1781155790,57.1,2400000,0xe0000
1781155791,57.1,2400000,0xe0000
1781155792,57.6,2400000,0xe0000
1781155793,57.1,2400000,0xe0000
1781155794,57.1,2400000,0xe0000
1781155795,57.1,2400000,0xe0000
1781155796,57.6,2400000,0xe0000
1781155797,57.6,2400000,0xe0000
1781155798,57.6,2400000,0xe0000
1781155800,56.5,2400000,0xe0000
1781155801,57.6,2400000,0xe0000
1781155802,57.1,2400000,0xe0000
1781155803,57.6,2400000,0xe0000
1781155804,57.6,2400000,0xe0000
1781155805,56.0,2400000,0xe0000
1781155806,57.1,2400000,0xe0000
1781155807,57.1,2400000,0xe0000
1781155808,57.6,2400000,0xe0000
1781155809,57.1,2400000,0xe0000
1781155810,57.6,2400000,0xe0000
1781155811,57.6,2400000,0xe0000
1781155812,57.6,2400000,0xe0000
1781155813,57.1,2400000,0xe0000
1781155814,57.6,2400000,0xe0000
1781155815,57.1,2400000,0xe0000
1781155816,57.1,2400000,0xe0000
1781155817,57.1,2400000,0xe0000
1781155818,57.6,2400000,0xe0000
1781155819,57.6,2400000,0xe0000
1781155820,57.1,2400000,0xe0000
1781155821,57.1,2400000,0xe0000
1781155822,57.6,2400000,0xe0000
1781155823,57.1,2400000,0xe0000
1781155824,57.6,2400000,0xe0000
1781155826,57.1,2400000,0xe0000
1781155827,57.6,2400000,0xe0000
1781155828,57.1,2400000,0xe0000
1781155829,57.1,2400000,0xe0000
1781155830,57.1,2400000,0xe0000
1781155831,57.6,2400000,0xe0000
1781155832,57.1,2400000,0xe0000
1781155833,57.6,2400000,0xe0000
1781155834,57.1,2400000,0xe0000
1781155835,58.2,2400000,0xe0000
1781155836,56.5,2400000,0xe0000
1781155837,57.6,2400000,0xe0000
1781155838,57.6,2400000,0xe0000
1781155839,58.2,2400000,0xe0000
1781155840,57.1,2400000,0xe0000
1781155841,57.6,2400000,0xe0000
1781155842,57.1,2400000,0xe0000
1781155843,57.1,2400000,0xe0000
1781155844,56.5,2400000,0xe0000
1781155845,56.5,2400000,0xe0000
1781155846,57.6,2400000,0xe0000
1781155847,57.6,2400000,0xe0000
1781155848,57.6,2400000,0xe0000
1781155849,57.1,2400000,0xe0000
1781155850,57.1,2400000,0xe0000
1781155851,57.1,2400000,0xe0000
1781155852,57.6,2400000,0xe0000
1781155853,56.5,2400000,0xe0000
1781155854,57.6,2400000,0xe0000
1781155856,57.6,2400000,0xe0000
1781155857,57.1,2400000,0xe0000
1781155858,57.6,2400000,0xe0000
1781155859,57.6,2400000,0xe0000
1781155860,56.5,2400000,0xe0000
1781155861,57.6,2400000,0xe0000
1781155862,57.6,2400000,0xe0000
1781155863,57.1,2400000,0xe0000
1781155864,57.1,2400000,0xe0000
1781155865,57.6,2400000,0xe0000
1781155866,57.6,2400000,0xe0000
1781155867,57.1,2400000,0xe0000
1781155868,57.1,2400000,0xe0000
1781155869,57.1,2400000,0xe0000
1781155870,57.6,2400000,0xe0000
1781155871,57.6,2400000,0xe0000
1781155872,57.1,2400000,0xe0000
1781155873,57.1,2400000,0xe0000
1781155874,57.1,2400000,0xe0000
1781155875,57.6,2400000,0xe0000
1781155876,57.1,2400000,0xe0000
1781155877,57.6,2400000,0xe0000
1781155878,56.0,2400000,0xe0000
1781155879,56.5,2400000,0xe0000
1781155880,56.5,2400000,0xe0000
1781155882,57.6,2400000,0xe0000
1781155883,57.1,2400000,0xe0000
1781155884,57.6,2400000,0xe0000
1781155885,57.1,2400000,0xe0000
1781155886,57.6,2400000,0xe0000
1781155887,57.1,2400000,0xe0000
1781155888,58.2,2400000,0xe0000
1781155889,57.1,2400000,0xe0000
1781155890,56.5,2400000,0xe0000
1781155891,57.6,2400000,0xe0000
1781155892,57.1,2400000,0xe0000
1781155893,57.6,2400000,0xe0000
1781155894,57.1,2400000,0xe0000
1781155895,57.6,2400000,0xe0000
1781155896,57.6,2400000,0xe0000
1781155897,57.6,2400000,0xe0000
1781155898,57.1,2400000,0xe0000
1781155899,57.1,2400000,0xe0000
1781155900,57.1,2400000,0xe0000
1781155901,57.1,2400000,0xe0000
1781155903,57.1,2400000,0xe0000
1781155904,57.1,2400000,0xe0000
1781155905,57.1,2400000,0xe0000
1781155906,57.6,2400000,0xe0000
1781155907,57.1,2400000,0xe0000
1781155908,57.1,2400000,0xe0000
1781155909,56.5,2400000,0xe0000
1781155910,57.1,2400000,0xe0000
1781155911,57.6,2400000,0xe0000
1781155912,58.2,2400000,0xe0000
1781155913,57.6,2400000,0xe0000
1781155914,57.1,2400000,0xe0000
1781155915,57.1,2400000,0xe0000
1781155916,57.6,2400000,0xe0000
1781155917,57.6,2400000,0xe0000
1781155918,57.6,2400000,0xe0000
1781155919,57.6,2400000,0xe0000
1781155920,58.2,2400000,0xe0000
1781155921,57.6,2400000,0xe0000
1781155922,57.6,2400000,0xe0000
1781155923,57.6,2400000,0xe0000
1781155924,57.6,2400000,0xe0000
1781155925,57.6,2400000,0xe0000
1781155926,56.0,2400000,0xe0000
1781155927,58.2,2400000,0xe0000
1781155929,57.1,2400000,0xe0000
1781155930,57.6,2400000,0xe0000
1781155931,57.6,2400000,0xe0000
1781155932,57.6,2400000,0xe0000
1781155933,57.1,2400000,0xe0000
1781155934,57.1,2400000,0xe0000
1781155935,58.2,2400000,0xe0000
1781155936,57.6,2400000,0xe0000
1781155937,57.6,2400000,0xe0000
1781155938,57.6,2400000,0xe0000
1781155939,56.5,2400000,0xe0000
1781155940,56.5,2400000,0xe0000
1781155941,57.6,2400000,0xe0000
1781155942,57.6,2400000,0xe0000
1781155943,58.2,2400000,0xe0000
1781155944,57.6,2400000,0xe0000
1781155945,57.1,2400000,0xe0000
1781155947,57.1,2400000,0xe0000
1781155948,57.1,2400000,0xe0000
1781155949,57.6,2400000,0xe0000
1781155950,56.5,2400000,0xe0000
1781155951,57.1,2400000,0xe0000
1781155952,57.1,2400000,0xe0000
1781155953,57.6,2400000,0xe0000
1781155954,57.6,2400000,0xe0000
1781155955,57.6,2400000,0xe0000
1781155956,57.1,2400000,0xe0000
1781155957,57.1,2400000,0xe0000
1781155958,57.1,2400000,0xe0000
1781155959,57.1,2400000,0xe0000
1781155960,57.6,2400000,0xe0000
1781155961,56.5,2400000,0xe0000
1781155962,57.1,2400000,0xe0000
1781155963,57.6,2400000,0xe0000
1781155964,57.6,2400000,0xe0000
1781155965,57.1,2400000,0xe0000
1781155966,57.6,2400000,0xe0000
1781155967,57.6,2400000,0xe0000
1781155968,57.1,2400000,0xe0000
1781155969,58.2,2400000,0xe0000
1781155970,57.6,2400000,0xe0000
1781155971,57.6,2400000,0xe0000
1781155972,57.1,2400000,0xe0000
1781155973,57.6,2400000,0xe0000
1781155974,57.6,2400000,0xe0000
1781155975,57.6,2400000,0xe0000
1781155976,57.1,2400000,0xe0000
1781155977,57.6,2400000,0xe0000
1781155979,57.6,2400000,0xe0000
1781155980,57.1,2400000,0xe0000
1781155981,57.1,2400000,0xe0000
1781155982,57.1,2400000,0xe0000
1781155983,57.1,2400000,0xe0000
1781155984,58.2,2400000,0xe0000
1781155985,57.1,2400000,0xe0000
1781155986,56.0,2400000,0xe0000
1781155987,57.1,2400000,0xe0000
1781155988,57.1,2400000,0xe0000
1781155989,57.1,2400000,0xe0000
1781155990,57.6,2400000,0xe0000
1781155991,57.6,2400000,0xe0000
1781155992,56.5,2400000,0xe0000
1781155993,57.6,2400000,0xe0000
1781155994,57.6,2400000,0xe0000
1781155995,57.1,2400000,0xe0000
1781155996,57.6,2400000,0xe0000
1781155997,57.6,2400000,0xe0000
1781155998,57.1,2400000,0xe0000
1781155999,57.1,2400000,0xe0000
1781156000,56.5,2400000,0xe0000
1781156002,57.1,2400000,0xe0000
1781156003,57.1,2400000,0xe0000
1781156004,57.1,2400000,0xe0000
1781156005,57.6,2400000,0xe0000
1781156006,57.6,2400000,0xe0000
1781156007,57.1,2400000,0xe0000
1781156008,57.1,2400000,0xe0000
1781156009,57.1,2400000,0xe0000
1781156010,57.1,2400000,0xe0000
1781156011,57.6,2400000,0xe0000
1781156012,57.6,2400000,0xe0000
1781156013,56.5,2400000,0xe0000
1781156014,57.6,2400000,0xe0000
1781156015,57.6,2400000,0xe0000
1781156016,56.5,2400000,0xe0000
1781156017,57.1,2400000,0xe0000
1781156018,57.1,2400000,0xe0000
1781156019,58.2,2400000,0xe0000
1781156020,57.1,2400000,0xe0000
1781156021,57.1,2400000,0xe0000
1781156022,57.6,2400000,0xe0000
1781156023,57.1,2400000,0xe0000
1781156024,58.2,2400000,0xe0000
1781156026,57.6,2400000,0xe0000
1781156027,57.1,2400000,0xe0000
1781156028,56.5,2400000,0xe0000
1781156029,57.1,2400000,0xe0000
1781156030,57.1,2400000,0xe0000
1781156031,57.6,2400000,0xe0000
1781156032,57.1,2400000,0xe0000
1781156033,57.1,2400000,0xe0000
1781156034,57.1,2400000,0xe0000
1781156035,57.6,2400000,0xe0000
1781156036,57.6,2400000,0xe0000
1781156037,57.1,2400000,0xe0000
1781156038,57.1,2400000,0xe0000
1781156039,57.1,2400000,0xe0000
1781156040,57.1,2400000,0xe0000
1781156041,57.6,2400000,0xe0000
1781156042,57.6,2400000,0xe0000
1781156043,57.1,2400000,0xe0000
1781156044,57.1,2400000,0xe0000
1781156046,57.1,2400000,0xe0000
1781156047,57.6,2400000,0xe0000
1781156048,57.1,2400000,0xe0000
1781156049,57.1,2400000,0xe0000
1781156050,57.6,2400000,0xe0000
1781156051,57.1,2400000,0xe0000
1781156052,57.1,2400000,0xe0000
1781156053,57.6,2400000,0xe0000
1781156054,57.6,2400000,0xe0000
1781156055,57.6,2400000,0xe0000
1781156056,57.1,2400000,0xe0000
1781156057,57.1,2400000,0xe0000
1781156058,57.1,2400000,0xe0000
1781156059,57.1,2400000,0xe0000
1781156060,57.1,2400000,0xe0000
1781156061,57.6,2400000,0xe0000
1781156062,57.1,2400000,0xe0000
1781156063,57.1,2400000,0xe0000
1781156064,57.6,2400000,0xe0000
1781156066,56.5,2400000,0xe0000
1781156067,57.1,2400000,0xe0000
1781156068,57.6,2400000,0xe0000
1781156069,57.1,2400000,0xe0000
1781156070,57.1,2400000,0xe0000
1781156071,57.1,2400000,0xe0000
1781156072,57.6,2400000,0xe0000
1781156073,57.1,2400000,0xe0000
1781156074,57.6,2400000,0xe0000
1781156075,57.1,2400000,0xe0000
1781156076,57.6,2400000,0xe0000
1781156077,57.6,2400000,0xe0000
1781156078,57.1,2400000,0xe0000
1781156079,57.1,2400000,0xe0000
1781156080,57.1,2400000,0xe0000
1781156081,57.6,2400000,0xe0000
1781156082,56.5,2400000,0xe0000
1781156083,57.6,2400000,0xe0000
1781156084,57.6,2400000,0xe0000
1781156085,57.1,2400000,0xe0000
1781156086,57.6,2400000,0xe0000
1781156088,57.1,2400000,0xe0000
1781156089,57.1,2400000,0xe0000
1781156090,57.6,2400000,0xe0000
1781156091,57.6,2400000,0xe0000
1781156092,57.1,2400000,0xe0000
1781156093,57.6,2400000,0xe0000
1781156094,56.5,2400000,0xe0000
1781156095,57.6,2400000,0xe0000
1781156096,58.2,2400000,0xe0000
1781156097,57.1,2400000,0xe0000
1781156098,58.2,2400000,0xe0000
1781156099,57.6,2400000,0xe0000
1781156100,57.1,2400000,0xe0000
1781156101,57.6,2400000,0xe0000
1781156102,57.1,2400000,0xe0000
1781156103,58.2,2400000,0xe0000
1781156104,57.6,2400000,0xe0000
1781156105,57.6,2400000,0xe0000
1781156107,57.1,2400000,0xe0000
1781156108,57.1,2400000,0xe0000
1781156109,57.6,2400000,0xe0000
1781156110,57.1,2400000,0xe0000
1781156111,57.1,2400000,0xe0000
1781156112,57.6,2400000,0xe0000
1781156113,57.6,2400000,0xe0000
1781156114,57.6,2400000,0xe0000
1781156115,57.6,2400000,0xe0000
1781156116,57.6,2400000,0xe0000
1781156117,57.6,2400000,0xe0000
1781156118,57.1,2400000,0xe0000
1781156119,57.1,2400000,0xe0000
1781156120,58.2,2400000,0xe0000
1781156121,57.6,2400000,0xe0000
1781156122,57.6,2400000,0xe0000
1781156123,57.1,2400000,0xe0000
1781156124,57.1,2400000,0xe0000
1781156125,57.1,2400000,0xe0000
1781156126,56.5,2400000,0xe0000
1781156127,56.5,2400000,0xe0000
1781156128,57.6,2400000,0xe0000
1781156129,56.5,2400000,0xe0000
1781156130,58.2,2400000,0xe0000
1781156132,58.2,2400000,0xe0000
1781156133,58.2,2400000,0xe0000
1781156134,57.1,2400000,0xe0000
1781156135,57.6,2400000,0xe0000
1781156136,57.1,2400000,0xe0000
1781156137,56.5,2400000,0xe0000
1781156138,57.1,2400000,0xe0000
1781156139,57.1,2400000,0xe0000
1781156140,57.1,2400000,0xe0000
1781156141,57.1,2400000,0xe0000
1781156142,57.1,2400000,0xe0000
1781156143,56.5,2400000,0xe0000
1781156144,57.6,2400000,0xe0000
1781156145,57.1,2400000,0xe0000
1781156146,57.6,2400000,0xe0000
1781156147,57.6,2400000,0xe0000
1781156148,57.1,2400000,0xe0000
1781156149,57.6,2400000,0xe0000
1781156150,57.6,2400000,0xe0000
1781156151,56.5,2400000,0xe0000
1781156152,57.1,2400000,0xe0000
1781156153,57.1,2400000,0xe0000
1781156154,57.6,2400000,0xe0000
1781156155,57.1,2400000,0xe0000
1781156156,57.1,2400000,0xe0000
1781156157,57.1,2400000,0xe0000
1781156158,57.1,2400000,0xe0000
1781156159,57.6,2400000,0xe0000
1781156161,57.1,2400000,0xe0000
1781156162,57.6,2400000,0xe0000
1781156163,57.1,2400000,0xe0000
1781156164,57.6,2400000,0xe0000
1781156165,57.6,2400000,0xe0000
1781156166,57.6,2400000,0xe0000
1781156167,57.1,2400000,0xe0000
1781156168,57.6,2400000,0xe0000
1781156169,57.6,2400000,0xe0000
1781156170,58.2,2400000,0xe0000
1781156171,57.1,2400000,0xe0000
1781156172,57.6,2400000,0xe0000
1781156173,57.1,2400000,0xe0000
1781156174,57.6,2400000,0xe0000
1781156175,57.1,2400000,0xe0000
1781156176,57.6,2400000,0xe0000
1781156177,57.1,2400000,0xe0000
1781156178,57.1,2400000,0xe0000
1781156179,57.1,2400000,0xe0000
1781156180,57.1,2400000,0xe0000
1781156181,57.6,2400000,0xe0000
1781156183,56.5,2400000,0xe0000
1781156184,57.6,2400000,0xe0000
1781156185,57.1,2400000,0xe0000
1781156186,57.1,2400000,0xe0000
1781156187,56.5,2400000,0xe0000
1781156188,57.6,2400000,0xe0000
1781156189,57.6,2400000,0xe0000
1781156190,57.1,2400000,0xe0000
1781156191,57.1,2400000,0xe0000
1781156192,57.1,2400000,0xe0000
1781156193,57.1,2400000,0xe0000
1781156194,57.6,2400000,0xe0000
1781156195,57.6,2400000,0xe0000
1781156196,57.6,2400000,0xe0000
1781156197,56.0,2400000,0xe0000
1781156198,57.6,2400000,0xe0000
1781156199,56.5,2400000,0xe0000
1781156200,57.1,2400000,0xe0000
1781156201,57.6,2400000,0xe0000
1781156202,57.6,2400000,0xe0000
1781156203,57.1,2400000,0xe0000
1781156204,56.5,2400000,0xe0000
1781156205,57.6,2400000,0xe0000
1781156206,57.1,2400000,0xe0000
1781156208,57.6,2400000,0xe0000
1781156209,57.1,2400000,0xe0000
1781156210,57.6,2400000,0xe0000
1781156211,57.1,2400000,0xe0000
1781156212,57.6,2400000,0xe0000
1781156213,57.1,2400000,0xe0000
1781156214,57.1,2400000,0xe0000
1781156215,57.6,2400000,0xe0000
1781156216,57.6,2400000,0xe0000
1781156217,57.6,2400000,0xe0000
1781156218,58.2,2400000,0xe0000
1781156219,57.1,2400000,0xe0000
1781156220,57.6,2400000,0xe0000
1781156221,57.1,2400000,0xe0000
1781156222,57.6,2400000,0xe0000
1781156223,57.6,2400000,0xe0000
1781156224,57.1,2400000,0xe0000
1781156226,57.1,2400000,0xe0000
1781156227,57.6,2400000,0xe0000
1781156228,58.2,2400000,0xe0000
1781156229,58.2,2400000,0xe0000
1781156230,57.1,2400000,0xe0000
1781156231,57.6,2400000,0xe0000
1781156232,57.6,2400000,0xe0000
1781156233,57.6,2400000,0xe0000
1781156234,57.6,2400000,0xe0000
1781156235,57.1,2400000,0xe0000
1781156236,57.1,2400000,0xe0000
1781156237,57.1,2400000,0xe0000
1781156238,57.1,2400000,0xe0000
1781156239,57.1,2400000,0xe0000
1781156240,56.5,2400000,0xe0000
1781156241,56.5,2400000,0xe0000
1781156242,56.5,2400000,0xe0000
1781156244,57.6,2400000,0xe0000
1781156245,57.6,2400000,0xe0000
1781156246,57.1,2400000,0xe0000
1781156247,57.6,2400000,0xe0000
1781156248,57.6,2400000,0xe0000
1781156249,57.1,2400000,0xe0000
1781156250,57.6,2400000,0xe0000
1781156251,57.6,2400000,0xe0000
1781156252,57.6,2400000,0xe0000
1781156253,57.1,2400000,0xe0000
1781156254,57.1,2400000,0xe0000
1781156255,56.5,2400000,0xe0000
1781156256,57.6,2400000,0xe0000
1781156257,57.6,2400000,0xe0000
1781156258,57.1,2400000,0xe0000
1781156259,57.1,2400000,0xe0000
1781156260,58.2,2400000,0xe0000
1781156261,57.6,2400000,0xe0000
1781156262,57.6,2400000,0xe0000
1781156263,57.1,2400000,0xe0000
1781156264,57.1,2400000,0xe0000
1781156266,57.6,2400000,0xe0000
1781156267,57.6,2400000,0xe0000
1781156268,57.1,2400000,0xe0000
1781156269,57.1,2400000,0xe0000
1781156270,56.5,2400000,0xe0000
1781156271,57.6,2400000,0xe0000
1781156272,57.1,2400000,0xe0000
1781156273,57.1,2400000,0xe0000
1781156274,57.6,2400000,0xe0000
1781156275,57.1,2400000,0xe0000
1781156276,57.1,2400000,0xe0000
1781156277,57.6,2400000,0xe0000
1781156278,57.1,2400000,0xe0000
1781156279,56.0,2400000,0xe0000
1781156280,57.1,2400000,0xe0000
1781156281,57.1,2400000,0xe0000
1781156282,57.1,2400000,0xe0000
1781156283,58.2,2400000,0xe0000
1781156285,57.1,2400000,0xe0000
1781156286,57.6,2400000,0xe0000
1781156287,57.6,2400000,0xe0000
1781156288,57.1,2400000,0xe0000
1781156289,57.6,2400000,0xe0000
1781156290,57.1,2400000,0xe0000
1781156291,57.1,2400000,0xe0000
1781156292,57.1,2400000,0xe0000
1781156293,57.6,2400000,0xe0000
1781156294,57.1,2400000,0xe0000
1781156295,57.6,2400000,0xe0000
1781156296,56.5,2400000,0xe0000
1781156297,57.1,2400000,0xe0000
1781156298,57.6,2400000,0xe0000
1781156299,57.6,2400000,0xe0000
1781156300,57.1,2400000,0xe0000
1781156301,57.6,2400000,0xe0000
1781156302,56.5,2400000,0xe0000
1781156304,57.1,2400000,0xe0000
1781156305,57.1,2400000,0xe0000
1781156306,57.1,2400000,0xe0000
1781156307,58.2,2400000,0xe0000
1781156308,57.6,2400000,0xe0000
1781156309,57.6,2400000,0xe0000
1781156310,57.1,2400000,0xe0000
1781156311,57.6,2400000,0xe0000
1781156312,57.6,2400000,0xe0000
1781156313,57.6,2400000,0xe0000
1781156314,57.1,2400000,0xe0000
1781156315,57.6,2400000,0xe0000
1781156316,57.1,2400000,0xe0000
1781156317,56.0,2400000,0xe0000
1781156318,57.1,2400000,0xe0000
1781156319,56.5,2400000,0xe0000
1781156320,57.6,2400000,0xe0000
1781156321,57.6,2400000,0xe0000
1781156322,57.6,2400000,0xe0000
1781156323,57.1,2400000,0xe0000
1781156324,56.5,2400000,0xe0000
1781156325,57.6,2400000,0xe0000
1781156327,56.5,2400000,0xe0000
1781156328,58.2,2400000,0xe0000
1781156329,57.6,2400000,0xe0000
1781156330,57.6,2400000,0xe0000
1781156331,57.1,2400000,0xe0000
1781156332,57.6,2400000,0xe0000
1781156333,57.6,2400000,0xe0000
1781156334,57.1,2400000,0xe0000
1781156335,57.1,2400000,0xe0000
1781156336,57.1,2400000,0xe0000
1781156337,57.1,2400000,0xe0000
1781156338,57.1,2400000,0xe0000
1781156339,57.1,2400000,0xe0000
1781156340,57.1,2400000,0xe0000
1781156341,57.1,2400000,0xe0000
1781156342,57.6,2400000,0xe0000
1781156343,57.1,2400000,0xe0000
1781156344,56.0,2400000,0xe0000
1781156345,57.1,2400000,0xe0000
1781156346,57.1,2400000,0xe0000
1781156347,57.1,2400000,0xe0000
1781156348,57.1,2400000,0xe0000
1781156349,56.5,2400000,0xe0000
1781156350,57.6,2400000,0xe0000
1781156351,56.5,2400000,0xe0000
1781156352,57.1,2400000,0xe0000
1781156353,57.1,2400000,0xe0000
1781156355,57.6,2400000,0xe0000
1781156356,57.1,2400000,0xe0000
1781156357,57.1,2400000,0xe0000
1781156358,56.5,2400000,0xe0000
1781156359,56.5,2400000,0xe0000
1781156360,57.1,2400000,0xe0000
1781156361,57.1,2400000,0xe0000
1781156362,57.1,2400000,0xe0000
1781156363,58.2,2400000,0xe0000
1781156364,57.6,2400000,0xe0000
1781156365,57.6,2400000,0xe0000
1781156366,57.1,2400000,0xe0000
1781156367,57.1,2400000,0xe0000
1781156368,57.6,2400000,0xe0000
1781156369,57.1,2400000,0xe0000
1781156370,57.6,2400000,0xe0000
1781156371,57.1,2400000,0xe0000
1781156372,57.6,2400000,0xe0000
1781156373,57.1,2400000,0xe0000
1781156374,57.6,2400000,0xe0000
1781156375,56.0,2400000,0xe0000
1781156376,56.5,2400000,0xe0000
1781156377,57.6,2400000,0xe0000
1781156378,57.6,2400000,0xe0000
1781156379,57.6,2400000,0xe0000
1781156380,57.6,2400000,0xe0000
1781156382,57.6,2400000,0xe0000
1781156383,57.1,2400000,0xe0000
1781156384,57.6,2400000,0xe0000
1781156385,57.1,2400000,0xe0000
1781156386,56.5,2400000,0xe0000
1781156387,57.1,2400000,0xe0000
1781156388,57.6,2400000,0xe0000
1781156389,57.6,2400000,0xe0000
1781156390,57.1,2400000,0xe0000
1781156391,57.6,2400000,0xe0000
1781156392,57.1,2400000,0xe0000
1781156393,56.0,2400000,0xe0000
1781156394,57.6,2400000,0xe0000
1781156395,57.1,2400000,0xe0000
1781156396,57.6,2400000,0xe0000
1781156397,57.1,2400000,0xe0000
1781156398,57.1,2400000,0xe0000
1781156399,57.1,2400000,0xe0000
1781156400,57.1,2400000,0xe0000
1781156402,57.6,2400000,0xe0000
1781156403,57.1,2400000,0xe0000
1781156404,57.1,2400000,0xe0000
1781156405,57.1,2400000,0xe0000
1781156406,57.1,2400000,0xe0000
1781156407,57.6,2400000,0xe0000
1781156408,57.6,2400000,0xe0000
1781156409,57.1,2400000,0xe0000
1781156410,57.1,2400000,0xe0000
1781156411,57.6,2400000,0xe0000
1781156412,57.6,2400000,0xe0000
1781156413,57.1,2400000,0xe0000
1781156414,57.6,2400000,0xe0000
1781156415,57.1,2400000,0xe0000
1781156416,57.6,2400000,0xe0000
1781156417,57.1,2400000,0xe0000
1781156418,57.1,2400000,0xe0000
1781156419,57.6,2400000,0xe0000
1781156420,57.6,2400000,0xe0000
1781156421,57.1,2400000,0xe0000
1781156422,57.6,2400000,0xe0000
1781156423,57.6,2400000,0xe0000
1781156424,56.5,2400000,0xe0000
1781156425,56.5,2400000,0xe0000
1781156426,56.5,2400000,0xe0000
1781156427,56.5,2400000,0xe0000
1781156428,57.1,2400000,0xe0000
1781156429,57.1,2400000,0xe0000
1781156431,57.6,2400000,0xe0000
1781156432,56.5,2400000,0xe0000
1781156433,57.1,2400000,0xe0000
1781156434,56.5,2400000,0xe0000
1781156435,57.6,2400000,0xe0000
1781156436,57.6,2400000,0xe0000
1781156437,57.1,2400000,0xe0000
1781156438,57.1,2400000,0xe0000
1781156439,56.5,2400000,0xe0000
1781156440,57.1,2400000,0xe0000
1781156441,57.1,2400000,0xe0000
1781156442,57.6,2400000,0xe0000
1781156443,57.1,2400000,0xe0000
1781156444,57.6,2400000,0xe0000
1781156445,57.1,2400000,0xe0000
1781156446,56.5,2400000,0xe0000
1781156447,57.1,2400000,0xe0000
1781156448,57.1,2400000,0xe0000
1781156450,57.6,2400000,0xe0000
1781156451,57.1,2400000,0xe0000
1781156452,57.6,2400000,0xe0000
1781156453,57.1,2400000,0xe0000
1781156454,56.5,2400000,0xe0000
1781156455,57.1,2400000,0xe0000
1781156456,57.1,2400000,0xe0000
1781156457,56.5,2400000,0xe0000
1781156458,57.1,2400000,0xe0000
1781156459,57.6,2400000,0xe0000
1781156460,57.1,2400000,0xe0000
1781156461,57.6,2400000,0xe0000
1781156462,57.1,2400000,0xe0000
1781156463,58.2,2400000,0xe0000
1781156464,57.6,2400000,0xe0000
1781156465,57.1,2400000,0xe0000
1781156466,57.6,2400000,0xe0000
1781156467,57.6,2400000,0xe0000
1781156468,57.1,2400000,0xe0000
1781156469,57.1,2400000,0xe0000
1781156470,57.1,2400000,0xe0000
1781156471,57.6,2400000,0xe0000
1781156472,57.6,2400000,0xe0000
1781156473,57.6,2400000,0xe0000
1781156474,58.2,2400000,0xe0000
1781156475,57.6,2400000,0xe0000
1781156476,57.1,2400000,0xe0000
1781156477,57.1,2400000,0xe0000
1781156478,57.6,2400000,0xe0000
1781156480,57.6,2400000,0xe0000
1781156481,57.1,2400000,0xe0000
1781156482,57.6,2400000,0xe0000
1781156483,57.1,2400000,0xe0000
1781156484,57.1,2400000,0xe0000
1781156485,57.6,2400000,0xe0000
1781156486,56.5,2400000,0xe0000
1781156487,57.6,2400000,0xe0000
1781156488,57.1,2400000,0xe0000
1781156489,57.6,2400000,0xe0000
1781156490,57.1,2400000,0xe0000
1781156491,57.1,2400000,0xe0000
1781156492,57.1,2400000,0xe0000
1781156493,56.5,2400000,0xe0000
1781156494,57.1,2400000,0xe0000
1781156495,57.1,2400000,0xe0000
1781156496,57.1,2400000,0xe0000
1781156497,56.5,2400000,0xe0000
1781156498,57.1,2400000,0xe0000
1781156499,57.1,2400000,0xe0000
1781156500,57.1,2400000,0xe0000
1781156501,57.1,2400000,0xe0000
1781156502,57.6,2400000,0xe0000
1781156503,57.1,2400000,0xe0000
1781156504,57.1,2400000,0xe0000
1781156505,57.1,2400000,0xe0000
1781156507,57.6,2400000,0xe0000
1781156508,57.1,2400000,0xe0000
1781156509,57.6,2400000,0xe0000
1781156510,57.6,2400000,0xe0000
1781156511,57.1,2400000,0xe0000
1781156512,57.1,2400000,0xe0000
1781156513,57.1,2400000,0xe0000
1781156514,57.6,2400000,0xe0000
1781156515,57.1,2400000,0xe0000
1781156516,58.2,2400000,0xe0000
1781156517,57.1,2400000,0xe0000
1781156518,56.5,2400000,0xe0000
1781156519,56.0,2400000,0xe0000
1781156520,58.2,2400000,0xe0000
1781156521,57.1,2400000,0xe0000
1781156522,57.6,2400000,0xe0000
1781156523,57.1,2400000,0xe0000
1781156524,57.1,2400000,0xe0000
1781156525,57.1,2400000,0xe0000
1781156526,56.5,2400000,0xe0000
1781156527,57.6,2400000,0xe0000
1781156528,57.6,2400000,0xe0000
1781156529,56.5,2400000,0xe0000
1781156530,56.5,2400000,0xe0000
1781156532,57.6,2400000,0xe0000
1781156533,57.1,2400000,0xe0000
1781156534,57.6,2400000,0xe0000
1781156535,56.5,2400000,0xe0000
1781156536,57.1,2400000,0xe0000
1781156537,56.5,2400000,0xe0000
1781156538,57.1,2400000,0xe0000
1781156539,56.5,2400000,0xe0000
1781156540,56.5,2400000,0xe0000
1781156541,57.6,2400000,0xe0000
1781156542,57.6,2400000,0xe0000
1781156543,57.1,2400000,0xe0000
1781156544,57.6,2400000,0xe0000
1781156545,57.1,2400000,0xe0000
1781156546,57.6,2400000,0xe0000
1781156547,57.6,2400000,0xe0000
1781156548,57.6,2400000,0xe0000
1781156549,57.1,2400000,0xe0000
1781156551,57.1,2400000,0xe0000
1781156552,56.5,2400000,0xe0000
1781156553,57.1,2400000,0xe0000
1781156554,57.1,2400000,0xe0000
1781156555,57.1,2400000,0xe0000
1781156556,57.6,2400000,0xe0000
1781156557,56.5,2400000,0xe0000
1781156558,57.6,2400000,0xe0000
1781156559,56.5,2400000,0xe0000
1781156560,57.1,2400000,0xe0000
1781156561,57.6,2400000,0xe0000
1781156562,57.6,2400000,0xe0000
1781156563,57.1,2400000,0xe0000
1781156564,57.1,2400000,0xe0000
1781156565,56.5,2400000,0xe0000
1781156566,57.1,2400000,0xe0000
1781156567,57.6,2400000,0xe0000
1781156568,57.1,2400000,0xe0000
1781156569,57.6,2400000,0xe0000
1781156570,57.6,2400000,0xe0000
1781156571,58.2,2400000,0xe0000
1781156573,57.6,2400000,0xe0000
1781156574,57.1,2400000,0xe0000
1781156575,56.5,2400000,0xe0000
1781156576,57.1,2400000,0xe0000
1781156577,57.6,2400000,0xe0000
1781156578,56.5,2400000,0xe0000
1781156579,57.1,2400000,0xe0000
1781156580,57.1,2400000,0xe0000
1781156581,56.5,2400000,0xe0000
1781156582,57.1,2400000,0xe0000
1781156583,58.2,2400000,0xe0000
1781156584,57.1,2400000,0xe0000
1781156585,57.1,2400000,0xe0000
1781156586,57.6,2400000,0xe0000
1781156587,56.5,2400000,0xe0000
1781156588,56.5,2400000,0xe0000
1781156589,57.1,2400000,0xe0000
1781156590,57.6,2400000,0xe0000
1781156591,57.6,2400000,0xe0000
1781156593,56.0,2400000,0xe0000
1781156594,57.1,2400000,0xe0000
1781156595,56.5,2400000,0xe0000
1781156596,57.6,2400000,0xe0000
1781156597,57.1,2400000,0xe0000
1781156598,57.1,2400000,0xe0000
1781156599,58.2,2400000,0xe0000
1781156600,58.2,2400000,0xe0000
1781156601,57.6,2400000,0xe0000
1781156602,57.1,2400000,0xe0000
1781156603,57.1,2400000,0xe0000
1781156604,57.1,2400000,0xe0000
1781156605,57.6,2400000,0xe0000
1781156606,57.1,2400000,0xe0000
1781156607,57.1,2400000,0xe0000
1781156608,57.1,2400000,0xe0000
1781156609,57.1,2400000,0xe0000
1781156610,57.6,2400000,0xe0000
1781156612,57.1,2400000,0xe0000
1781156613,57.1,2400000,0xe0000
1781156614,57.1,2400000,0xe0000
1781156615,57.1,2400000,0xe0000
1781156616,57.6,2400000,0xe0000
1781156617,57.1,2400000,0xe0000
1781156618,57.1,2400000,0xe0000
1781156619,57.6,2400000,0xe0000
1781156620,57.1,2400000,0xe0000
1781156621,57.1,2400000,0xe0000
1781156622,57.6,2400000,0xe0000
1781156623,57.6,2400000,0xe0000
1781156624,57.6,2400000,0xe0000
1781156625,56.5,2400000,0xe0000
1781156626,57.1,2400000,0xe0000
1781156627,57.1,2400000,0xe0000
1781156628,58.2,2400000,0xe0000
1781156629,57.6,2400000,0xe0000
1781156630,56.5,2400000,0xe0000
1781156632,57.1,2400000,0xe0000
1781156633,57.1,2400000,0xe0000
1781156634,57.1,2400000,0xe0000
1781156635,56.5,2400000,0xe0000
1781156636,57.6,2400000,0xe0000
1781156637,57.6,2400000,0xe0000
1781156638,57.1,2400000,0xe0000
1781156639,57.1,2400000,0xe0000
1781156640,57.1,2400000,0xe0000
1781156641,57.1,2400000,0xe0000
1781156642,57.6,2400000,0xe0000
1781156643,57.6,2400000,0xe0000
1781156644,57.1,2400000,0xe0000
1781156645,58.2,2400000,0xe0000
1781156646,57.1,2400000,0xe0000
1781156647,56.5,2400000,0xe0000
1781156648,57.1,2400000,0xe0000
1781156649,57.6,2400000,0xe0000
1781156650,57.1,2400000,0xe0000
1781156651,57.1,2400000,0xe0000
1781156652,57.6,2400000,0xe0000
1781156653,57.6,2400000,0xe0000
1781156654,57.6,2400000,0xe0000
1781156656,57.1,2400000,0xe0000
1781156657,57.6,2400000,0xe0000
1781156658,57.6,2400000,0xe0000
1781156659,57.1,2400000,0xe0000
1781156660,57.1,2400000,0xe0000
1781156661,57.6,2400000,0xe0000
1781156662,57.6,2400000,0xe0000
1781156663,57.6,2400000,0xe0000
1781156664,57.1,2400000,0xe0000
1781156665,57.1,2400000,0xe0000
1781156666,57.1,2400000,0xe0000
1781156667,57.1,2400000,0xe0000
1781156668,57.6,2400000,0xe0000
1781156669,57.6,2400000,0xe0000
1781156670,56.5,2400000,0xe0000
1781156671,57.1,2400000,0xe0000
1781156672,57.1,2400000,0xe0000
1781156674,57.6,2400000,0xe0000
1781156675,57.6,2400000,0xe0000
1781156676,57.1,2400000,0xe0000
1781156677,57.6,2400000,0xe0000
1781156678,57.1,2400000,0xe0000
1781156679,57.1,2400000,0xe0000
1781156680,57.1,2400000,0xe0000
1781156681,57.1,2400000,0xe0000
1781156682,57.1,2400000,0xe0000
1781156683,57.1,2400000,0xe0000
1781156684,57.1,2400000,0xe0000
1781156685,57.1,2400000,0xe0000
1781156686,57.1,2400000,0xe0000
1781156687,56.5,2400000,0xe0000
1781156688,57.1,2400000,0xe0000
1781156689,57.6,2400000,0xe0000
1781156690,57.1,2400000,0xe0000
1781156691,57.1,2400000,0xe0000
1781156692,56.5,2400000,0xe0000
1781156693,58.2,2400000,0xe0000
1781156694,57.6,2400000,0xe0000
1781156695,56.5,2400000,0xe0000
1781156696,56.5,2400000,0xe0000
1781156697,56.5,2400000,0xe0000
1781156698,57.1,2400000,0xe0000
1781156700,57.6,2400000,0xe0000
1781156701,57.6,2400000,0xe0000
1781156702,57.6,2400000,0xe0000
1781156703,57.1,2400000,0xe0000
1781156704,57.1,2400000,0xe0000
1781156705,57.1,2400000,0xe0000
1781156706,56.5,2400000,0xe0000
1781156707,56.5,2400000,0xe0000
1781156708,57.1,2400000,0xe0000
1781156709,57.1,2400000,0xe0000
1781156710,56.5,2400000,0xe0000
1781156711,57.6,2400000,0xe0000
1781156712,57.6,2400000,0xe0000
1781156713,57.6,2400000,0xe0000
1781156714,57.1,2400000,0xe0000
1781156715,57.1,2400000,0xe0000
1781156716,56.5,2400000,0xe0000
1781156717,57.1,2400000,0xe0000
1781156718,57.1,2400000,0xe0000
1781156719,57.1,2400000,0xe0000
1781156720,57.1,2400000,0xe0000
1781156721,57.1,2400000,0xe0000
1781156723,57.1,2400000,0xe0000
1781156724,57.6,2400000,0xe0000
1781156725,57.6,2400000,0xe0000
1781156726,57.1,2400000,0xe0000
1781156727,57.6,2400000,0xe0000
1781156728,57.1,2400000,0xe0000
1781156729,57.1,2400000,0xe0000
1781156730,56.5,2400000,0xe0000
1781156731,57.1,2400000,0xe0000
1781156732,57.1,2400000,0xe0000
1781156733,57.1,2400000,0xe0000
1781156734,57.1,2400000,0xe0000
1781156735,57.6,2400000,0xe0000
1781156736,56.0,2400000,0xe0000
1781156737,57.6,2400000,0xe0000
1781156738,56.5,2400000,0xe0000
1781156739,57.1,2400000,0xe0000
1781156740,56.5,2400000,0xe0000
1781156741,57.6,2400000,0xe0000
1781156743,56.5,2400000,0xe0000
1781156744,57.1,2400000,0xe0000
1781156745,57.6,2400000,0xe0000
1781156746,57.6,2400000,0xe0000
1781156747,57.1,2400000,0xe0000
1781156748,57.1,2400000,0xe0000
1781156749,57.1,2400000,0xe0000
1781156750,57.1,2400000,0xe0000
1781156751,57.6,2400000,0xe0000
1781156752,57.1,2400000,0xe0000
1781156753,57.1,2400000,0xe0000
1781156754,57.1,2400000,0xe0000
1781156755,57.1,2400000,0xe0000
1781156756,57.6,2400000,0xe0000
1781156757,57.1,2400000,0xe0000
1781156758,57.6,2400000,0xe0000
1781156759,57.6,2400000,0xe0000
1781156760,57.1,2400000,0xe0000
1781156761,57.1,2400000,0xe0000
1781156762,56.5,2400000,0xe0000
1781156763,56.5,2400000,0xe0000
1781156764,57.6,2400000,0xe0000
1781156765,57.1,2400000,0xe0000
1781156766,56.5,2400000,0xe0000
1781156767,57.1,2400000,0xe0000
1781156768,57.1,2400000,0xe0000
1781156769,57.6,2400000,0xe0000
1781156770,56.5,2400000,0xe0000
1781156771,57.1,2400000,0xe0000
1781156773,57.1,2400000,0xe0000
1781156774,57.1,2400000,0xe0000
1781156775,57.1,2400000,0xe0000
1781156776,57.1,2400000,0xe0000
1781156777,57.1,2400000,0xe0000
1781156778,57.6,2400000,0xe0000
1781156779,57.1,2400000,0xe0000
1781156780,57.1,2400000,0xe0000
1781156781,57.1,2400000,0xe0000
1781156782,57.1,2400000,0xe0000
1781156783,57.1,2400000,0xe0000
1781156784,57.1,2400000,0xe0000
1781156785,57.1,2400000,0xe0000
1781156786,58.2,2400000,0xe0000
1781156787,57.1,2400000,0xe0000
1781156788,57.1,2400000,0xe0000
1781156789,57.1,2400000,0xe0000
1781156790,57.6,2400000,0xe0000
1781156791,57.1,2400000,0xe0000
1781156792,57.6,2400000,0xe0000
1781156793,57.6,2400000,0xe0000
1781156795,57.1,2400000,0xe0000
1781156796,57.6,2400000,0xe0000
1781156797,56.5,2400000,0xe0000
1781156798,57.1,2400000,0xe0000
1781156799,57.1,2400000,0xe0000
1781156800,57.1,2400000,0xe0000
1781156801,57.6,2400000,0xe0000
1781156802,57.6,2400000,0xe0000
1781156803,57.6,2400000,0xe0000
1781156804,57.1,2400000,0xe0000
1781156805,57.6,2400000,0xe0000
1781156806,57.1,2400000,0xe0000
1781156807,57.6,2400000,0xe0000
1781156808,57.1,2400000,0xe0000
1781156809,57.1,2400000,0xe0000
1781156810,56.5,2400000,0xe0000
1781156811,57.1,2400000,0xe0000
1781156812,57.1,2400000,0xe0000
1781156813,57.1,2400000,0xe0000
1781156814,57.1,2400000,0xe0000
1781156815,57.1,2400000,0xe0000
1781156816,57.6,2400000,0xe0000
1781156818,57.1,2400000,0xe0000
1781156819,57.1,2400000,0xe0000
1781156820,57.1,2400000,0xe0000
1781156821,57.1,2400000,0xe0000
1781156822,57.6,2400000,0xe0000
1781156823,57.1,2400000,0xe0000
1781156824,57.1,2400000,0xe0000
1781156825,57.1,2400000,0xe0000
1781156826,57.6,2400000,0xe0000
1781156827,57.1,2400000,0xe0000
1781156828,57.1,2400000,0xe0000
1781156829,57.6,2400000,0xe0000
1781156830,57.6,2400000,0xe0000
1781156831,57.1,2400000,0xe0000
1781156832,57.1,2400000,0xe0000
1781156833,57.1,2400000,0xe0000
1781156834,57.1,2400000,0xe0000
1781156835,57.1,2400000,0xe0000
1781156836,58.2,2400000,0xe0000
1781156838,57.6,2400000,0xe0000
1781156839,57.6,2400000,0xe0000
1781156840,57.1,2400000,0xe0000
1781156841,57.1,2400000,0xe0000
1781156842,57.1,2400000,0xe0000
1781156843,57.6,2400000,0xe0000
1781156844,56.5,2400000,0xe0000
1781156845,56.5,2400000,0xe0000
1781156846,57.1,2400000,0xe0000
1781156847,55.4,2400000,0xe0000
1781156848,56.5,2400000,0xe0000
1781156849,57.1,2400000,0xe0000
1781156850,57.6,2400000,0xe0000
1781156851,58.2,2400000,0xe0000
1781156852,57.1,2400000,0xe0000
1781156853,56.5,2400000,0xe0000
1781156854,56.0,2400000,0xe0000
1781156855,57.1,2400000,0xe0000
1781156856,56.0,2400000,0xe0000
1781156857,57.1,2400000,0xe0000
1781156858,57.1,2400000,0xe0000
1781156859,57.1,2400000,0xe0000
1781156860,56.5,2400000,0xe0000
1781156862,57.1,2400000,0xe0000
1781156863,57.6,2400000,0xe0000
1781156864,57.1,2400000,0xe0000
1781156865,57.1,2400000,0xe0000
1781156866,57.6,2400000,0xe0000
1781156867,57.6,2400000,0xe0000
1781156868,56.5,2400000,0xe0000
1781156869,57.6,2400000,0xe0000
1781156870,57.1,2400000,0xe0000
1781156871,56.5,2400000,0xe0000
1781156872,56.5,2400000,0xe0000
1781156873,57.6,2400000,0xe0000
1781156874,57.6,2400000,0xe0000
1781156875,55.4,2400000,0xe0000
1781156876,57.1,2400000,0xe0000
1781156878,57.6,2400000,0xe0000
1781156879,56.0,2400000,0xe0000
1781156880,57.1,2400000,0xe0000
1781156881,57.1,2400000,0xe0000
1781156882,57.1,2400000,0xe0000
1781156883,57.1,2400000,0xe0000
1781156884,57.1,2400000,0xe0000
1781156885,57.1,2400000,0xe0000
1781156886,56.5,2400000,0xe0000
1781156887,57.6,2400000,0xe0000
1781156888,57.1,2400000,0xe0000
1781156889,57.1,2400000,0xe0000
1781156890,57.1,2400000,0xe0000
1781156891,56.5,2400000,0xe0000
1781156892,56.5,2400000,0xe0000
1781156893,57.1,2400000,0xe0000
1781156894,57.6,2400000,0xe0000
1781156895,57.1,2400000,0xe0000
1781156897,57.6,2400000,0xe0000
1781156898,57.1,2400000,0xe0000
1781156899,57.6,2400000,0xe0000
1781156900,57.1,2400000,0xe0000
1781156901,57.6,2400000,0xe0000
1781156902,57.1,2400000,0xe0000
1781156903,57.6,2400000,0xe0000
1781156904,57.6,2400000,0xe0000
1781156905,57.6,2400000,0xe0000
1781156906,57.6,2400000,0xe0000
1781156907,57.1,2400000,0xe0000
1781156908,57.1,2400000,0xe0000
1781156909,57.6,2400000,0xe0000
1781156910,57.1,2400000,0xe0000
1781156911,57.1,2400000,0xe0000
1781156912,57.1,2400000,0xe0000
1781156913,57.1,2400000,0xe0000
1781156914,57.6,2400000,0xe0000
1781156915,57.1,2400000,0xe0000
1781156917,56.5,2400000,0xe0000
1781156918,57.1,2400000,0xe0000
1781156919,57.6,2400000,0xe0000
1781156920,57.1,2400000,0xe0000
1781156921,56.5,2400000,0xe0000
1781156922,57.1,2400000,0xe0000
1781156923,57.1,2400000,0xe0000
1781156924,57.1,2400000,0xe0000
1781156925,57.6,2400000,0xe0000
1781156926,56.5,2400000,0xe0000
1781156927,57.6,2400000,0xe0000
1781156928,57.6,2400000,0xe0000
1781156929,57.1,2400000,0xe0000
1781156930,56.5,2400000,0xe0000
1781156931,57.6,2400000,0xe0000
1781156932,57.1,2400000,0xe0000
1781156933,57.1,2400000,0xe0000
1781156934,57.1,2400000,0xe0000
1781156936,57.1,2400000,0xe0000
1781156937,57.1,2400000,0xe0000
1781156938,56.0,2400000,0xe0000
1781156939,57.6,2400000,0xe0000
1781156940,57.6,2400000,0xe0000
1781156941,57.6,2400000,0xe0000
1781156942,57.1,2400000,0xe0000
1781156943,57.1,2400000,0xe0000
1781156944,57.6,2400000,0xe0000
1781156945,57.6,2400000,0xe0000
1781156946,57.1,2400000,0xe0000
1781156947,57.6,2400000,0xe0000
1781156948,57.6,2400000,0xe0000
1781156949,57.1,2400000,0xe0000
1781156950,56.5,2400000,0xe0000
1781156951,56.0,2400000,0xe0000
1781156952,57.1,2400000,0xe0000
1781156953,57.6,2400000,0xe0000
1781156954,57.1,2400000,0xe0000
1781156955,57.1,2400000,0xe0000
1781156956,57.1,2400000,0xe0000
1781156957,57.6,2400000,0xe0000
1781156959,57.1,2400000,0xe0000
1781156960,57.1,2400000,0xe0000
1781156961,57.1,2400000,0xe0000
1781156962,57.6,2400000,0xe0000
1781156963,57.1,2400000,0xe0000
1781156964,57.1,2400000,0xe0000
1781156965,56.5,2400000,0xe0000
1781156966,56.0,2400000,0xe0000
1781156967,57.6,2400000,0xe0000
1781156968,57.1,2400000,0xe0000
1781156969,57.1,2400000,0xe0000
1781156970,57.1,2400000,0xe0000
1781156971,57.6,2400000,0xe0000
1781156972,57.6,2400000,0xe0000
1781156973,57.1,2400000,0xe0000
1781156974,58.2,2400000,0xe0000
1781156975,57.6,2400000,0xe0000
1781156976,57.1,2400000,0xe0000
1781156977,57.1,2400000,0xe0000
1781156979,57.1,2400000,0xe0000
1781156980,57.6,2400000,0xe0000
1781156981,57.6,2400000,0xe0000
1781156982,57.1,2400000,0xe0000
1781156983,57.1,2400000,0xe0000
1781156984,57.1,2400000,0xe0000
1781156985,55.4,2400000,0xe0000
1781156986,57.1,2400000,0xe0000
1781156987,57.6,2400000,0xe0000
1781156988,56.0,2400000,0xe0000
1781156989,57.1,2400000,0xe0000
1781156990,56.5,2400000,0xe0000
1781156991,57.6,2400000,0xe0000
1781156992,57.1,2400000,0xe0000
1781156993,57.6,2400000,0xe0000
1781156994,57.6,2400000,0xe0000
1781156995,57.1,2400000,0xe0000
1781156996,57.1,2400000,0xe0000
1781156997,57.1,2400000,0xe0000
1781156998,57.1,2400000,0xe0000
1781156999,56.0,2400000,0xe0000
1781157000,57.1,2400000,0xe0000
1781157001,57.6,2400000,0xe0000
1781157003,56.5,2400000,0xe0000
1781157004,57.1,2400000,0xe0000
1781157005,57.1,2400000,0xe0000
1781157006,57.1,2400000,0xe0000
1781157007,56.5,2400000,0xe0000
1781157008,57.1,2400000,0xe0000
1781157009,57.1,2400000,0xe0000
1781157010,56.0,2400000,0xe0000
1781157011,56.5,2400000,0xe0000
1781157012,57.6,2400000,0xe0000
1781157013,56.5,2400000,0xe0000
1781157014,57.6,2400000,0xe0000
1781157015,56.0,2400000,0xe0000
1781157016,55.4,2400000,0xe0000
1781157017,57.1,2400000,0xe0000
1781157018,57.1,2400000,0xe0000
1781157019,57.6,2400000,0xe0000
1781157020,57.1,2400000,0xe0000
1781157021,57.1,2400000,0xe0000
1781157022,57.1,2400000,0xe0000
1781157023,57.1,2400000,0xe0000
1781157024,57.1,2400000,0xe0000
1781157025,57.1,2400000,0xe0000
1781157026,56.5,2400000,0xe0000
1781157028,57.6,2400000,0xe0000
1781157029,56.5,2400000,0xe0000
1781157030,57.1,2400000,0xe0000
1781157031,57.6,2400000,0xe0000
1781157032,57.1,2400000,0xe0000
1781157033,57.1,2400000,0xe0000
1781157034,57.6,2400000,0xe0000
1781157035,56.5,2400000,0xe0000
1781157036,57.6,2400000,0xe0000
1781157037,57.6,2400000,0xe0000
1781157038,57.6,2400000,0xe0000
1781157039,57.1,2400000,0xe0000
1781157040,57.1,2400000,0xe0000
1781157041,57.1,2400000,0xe0000
1781157042,57.6,2400000,0xe0000
1781157043,57.6,2400000,0xe0000
1781157044,56.5,2400000,0xe0000
1781157045,58.2,2400000,0xe0000
1781157046,57.1,2400000,0xe0000
1781157047,57.1,2400000,0xe0000
1781157048,57.1,2400000,0xe0000
1781157049,56.5,2400000,0xe0000
1781157050,57.1,2400000,0xe0000
1781157052,57.6,2400000,0xe0000
1781157053,57.1,2400000,0xe0000
1781157054,57.1,2400000,0xe0000
1781157055,57.1,2400000,0xe0000
1781157056,57.1,2400000,0xe0000
1781157057,56.5,2400000,0xe0000
1781157058,57.6,2400000,0xe0000
1781157059,57.1,2400000,0xe0000
1781157060,57.1,2400000,0xe0000
1781157061,57.1,2400000,0xe0000
1781157062,57.1,2400000,0xe0000
1781157063,57.6,2400000,0xe0000
1781157064,57.1,2400000,0xe0000
1781157065,57.1,2400000,0xe0000
1781157066,56.0,2400000,0xe0000
1781157067,57.6,2400000,0xe0000
1781157068,57.6,2400000,0xe0000
1781157069,56.5,2400000,0xe0000
1781157070,57.1,2400000,0xe0000
1781157071,56.5,2400000,0xe0000
1781157072,56.5,2400000,0xe0000
1781157073,57.1,2400000,0xe0000
1781157074,57.1,2400000,0xe0000
1781157075,58.2,2400000,0xe0000
1781157076,57.1,2400000,0xe0000
1781157077,57.1,2400000,0xe0000
1781157078,57.1,2400000,0xe0000
1781157080,56.5,2400000,0xe0000
1781157081,57.1,2400000,0xe0000
1781157082,57.6,2400000,0xe0000
1781157083,56.5,2400000,0xe0000
1781157084,57.1,2400000,0xe0000
1781157085,57.1,2400000,0xe0000
1781157086,57.6,2400000,0xe0000
1781157087,57.1,2400000,0xe0000
1781157088,57.6,2400000,0xe0000
1781157089,57.1,2400000,0xe0000
1781157090,57.1,2400000,0xe0000
1781157091,57.1,2400000,0xe0000
1781157092,56.5,2400000,0xe0000
1781157093,57.6,2400000,0xe0000
1781157094,57.6,2400000,0xe0000
1781157095,57.1,2400000,0xe0000
1781157096,57.1,2400000,0xe0000
1781157097,56.5,2400000,0xe0000
1781157098,57.1,2400000,0xe0000
1781157099,57.1,2400000,0xe0000
1781157100,57.1,2400000,0xe0000
1781157102,57.1,2400000,0xe0000
1781157103,56.0,2400000,0xe0000
1781157104,56.0,2400000,0xe0000
1781157105,57.1,2400000,0xe0000
1781157106,57.6,2400000,0xe0000
1781157107,56.5,2400000,0xe0000
1781157108,57.6,2400000,0xe0000
1781157109,58.2,2400000,0xe0000
1781157110,57.1,2400000,0xe0000
1781157111,57.1,2400000,0xe0000
1781157112,57.1,2400000,0xe0000
1781157113,58.2,2400000,0xe0000
1781157114,57.1,2400000,0xe0000
1781157115,57.1,2400000,0xe0000
1781157116,57.6,2400000,0xe0000
1781157117,57.1,2400000,0xe0000
1781157118,57.1,2400000,0xe0000
1781157119,57.1,2400000,0xe0000
1781157120,56.5,2400000,0xe0000
1781157122,56.5,2400000,0xe0000
1781157123,56.5,2400000,0xe0000
1781157124,57.1,2400000,0xe0000
1781157125,56.5,2400000,0xe0000
1781157126,57.6,2400000,0xe0000
1781157127,57.1,2400000,0xe0000
1781157128,56.5,2400000,0xe0000
1781157129,56.5,2400000,0xe0000
1781157130,57.1,2400000,0xe0000
1781157131,57.1,2400000,0xe0000
1781157132,57.6,2400000,0xe0000
1781157133,56.5,2400000,0xe0000
1781157134,57.1,2400000,0xe0000
1781157135,57.1,2400000,0xe0000
1781157136,57.1,2400000,0xe0000
1781157137,57.1,2400000,0xe0000
1781157138,57.1,2400000,0xe0000
1781157139,57.6,2400000,0xe0000
1781157140,57.1,2400000,0xe0000
1781157141,57.6,2400000,0xe0000
1781157142,57.1,2400000,0xe0000
1781157143,57.1,2400000,0xe0000
1781157144,57.1,2400000,0xe0000
1781157145,57.1,2400000,0xe0000
1781157147,57.1,2400000,0xe0000
1781157148,57.6,2400000,0xe0000
1781157149,57.1,2400000,0xe0000
1781157150,57.1,2400000,0xe0000
1781157151,56.5,2400000,0xe0000
1781157152,57.1,2400000,0xe0000
1781157153,57.1,2400000,0xe0000
1781157154,58.2,2400000,0xe0000
1781157155,57.1,2400000,0xe0000
1781157156,57.6,2400000,0xe0000
1781157157,57.1,2400000,0xe0000
1781157158,57.1,2400000,0xe0000
1781157159,56.5,2400000,0xe0000
1781157160,57.6,2400000,0xe0000
1781157161,57.1,2400000,0xe0000
1781157162,56.5,2400000,0xe0000
