1781168452,51.0,2400000,0xe0000
1781168453,51.0,2400000,0xe0000
1781168454,51.0,2400000,0xe0000
1781168455,51.6,2400000,0xe0000
1781168456,51.0,2400000,0xe0000
1781168457,51.0,2400000,0xe0000
1781168458,51.6,2400000,0xe0000
1781168459,51.6,2400000,0xe0000
1781168460,51.6,2400000,0xe0000
1781168461,51.6,2400000,0xe0000
1781168462,51.6,2400000,0xe0000
1781168463,49.9,2400000,0xe0000
1781168464,51.0,2400000,0xe0000
1781168465,52.1,2400000,0xe0000
1781168466,51.6,2400000,0xe0000
1781168467,51.6,2400000,0xe0000
1781168468,51.6,2400000,0xe0000
1781168469,51.6,2400000,0xe0000
1781168470,52.1,2400000,0xe0000
1781168471,50.5,2400000,0xe0000
1781168472,52.7,2400000,0xe0000
1781168473,51.6,2400000,0xe0000
1781168474,51.6,2400000,0xe0000
1781168475,52.1,2400000,0xe0000
1781168476,51.6,2400000,0xe0000
1781168477,52.1,2400000,0xe0000
1781168478,52.1,2400000,0xe0000
1781168479,51.0,2400000,0xe0000
1781168480,52.1,2400000,0xe0000
1781168481,51.6,2400000,0xe0000
1781168482,51.6,2400000,0xe0000
1781168483,51.6,2400000,0xe0000
1781168484,51.6,2400000,0xe0000
1781168485,51.6,2400000,0xe0000
1781168486,51.0,2400000,0xe0000
1781168487,51.6,2400000,0xe0000
1781168488,52.1,2400000,0xe0000
1781168490,51.6,2400000,0xe0000
1781168491,51.6,2400000,0xe0000
1781168492,51.6,2400000,0xe0000
1781168493,52.1,2400000,0xe0000
1781168494,51.6,2400000,0xe0000
1781168495,52.1,2400000,0xe0000
1781168496,52.1,2400000,0xe0000
1781168497,51.6,2400000,0xe0000
1781168498,50.5,2400000,0xe0000
1781168499,51.6,2400000,0xe0000
1781168500,51.6,2400000,0xe0000
1781168501,51.6,2400000,0xe0000
1781168502,52.1,2400000,0xe0000
1781168503,51.6,2400000,0xe0000
1781168504,51.6,2400000,0xe0000
1781168505,51.6,2400000,0xe0000
1781168506,51.6,2400000,0xe0000
1781168507,51.6,2400000,0xe0000
1781168508,51.6,2400000,0xe0000
1781168509,51.0,2400000,0xe0000
1781168510,51.6,2400000,0xe0000
1781168511,51.0,2400000,0xe0000
1781168512,51.0,2400000,0xe0000
1781168513,52.1,2400000,0xe0000
1781168514,52.1,2400000,0xe0000
1781168515,51.0,2400000,0xe0000
1781168516,52.1,2400000,0xe0000
1781168517,52.1,2400000,0xe0000
1781168518,51.0,2400000,0xe0000
1781168519,51.6,2400000,0xe0000
1781168520,51.6,2400000,0xe0000
1781168521,52.1,2400000,0xe0000
1781168522,50.5,2400000,0xe0000
1781168523,52.1,2400000,0xe0000
1781168524,52.7,2400000,0xe0000
1781168525,52.1,2400000,0xe0000
1781168526,51.6,2400000,0xe0000
1781168527,51.0,2400000,0xe0000
1781168529,52.1,2400000,0xe0000
1781168530,51.6,2400000,0xe0000
1781168531,52.1,2400000,0xe0000
1781168532,52.1,2400000,0xe0000
1781168533,51.0,2400000,0xe0000
1781168534,50.5,2400000,0xe0000
1781168535,51.6,2400000,0xe0000
1781168536,51.6,2400000,0xe0000
1781168537,51.6,2400000,0xe0000
1781168538,51.6,2400000,0xe0000
1781168539,51.0,2400000,0xe0000
1781168540,51.0,2400000,0xe0000
1781168541,51.6,2400000,0xe0000
1781168542,52.1,2400000,0xe0000
1781168543,51.6,2400000,0xe0000
1781168544,51.0,2400000,0xe0000
1781168545,51.6,2400000,0xe0000
1781168546,51.6,2400000,0xe0000
1781168547,52.1,2400000,0xe0000
1781168548,51.6,2400000,0xe0000
1781168549,52.1,2400000,0xe0000
1781168550,51.6,2400000,0xe0000
1781168551,52.1,2400000,0xe0000
1781168552,51.6,2400000,0xe0000
1781168553,51.6,2400000,0xe0000
1781168554,50.5,2400000,0xe0000
1781168555,51.6,2400000,0xe0000
1781168556,52.1,2400000,0xe0000
1781168557,51.0,2400000,0xe0000
1781168558,51.6,2400000,0xe0000
1781168559,52.1,2400000,0xe0000
1781168560,51.0,2400000,0xe0000
1781168561,51.6,2400000,0xe0000
1781168562,52.1,2400000,0xe0000
1781168563,51.6,2400000,0xe0000
1781168564,51.6,2400000,0xe0000
1781168565,51.6,2400000,0xe0000
1781168566,51.6,2400000,0xe0000
1781168567,51.6,2400000,0xe0000
1781168568,51.6,2400000,0xe0000
1781168569,52.1,2400000,0xe0000
1781168570,51.0,2400000,0xe0000
1781168571,50.5,2400000,0xe0000
1781168572,52.1,2400000,0xe0000
1781168573,51.6,2400000,0xe0000
1781168574,51.0,2400000,0xe0000
1781168575,51.0,2400000,0xe0000
1781168576,51.6,2400000,0xe0000
1781168577,52.1,2400000,0xe0000
1781168578,52.1,2400000,0xe0000
1781168579,51.6,2400000,0xe0000
1781168580,52.1,2400000,0xe0000
1781168581,52.1,2400000,0xe0000
1781168582,51.0,2400000,0xe0000
1781168583,51.0,2400000,0xe0000
1781168584,51.6,2400000,0xe0000
1781168585,51.0,2400000,0xe0000
1781168587,52.1,2400000,0xe0000
1781168588,51.6,2400000,0xe0000
1781168589,51.6,2400000,0xe0000
1781168590,51.6,2400000,0xe0000
1781168591,51.6,2400000,0xe0000
1781168592,51.6,2400000,0xe0000
1781168593,51.6,2400000,0xe0000
1781168594,51.0,2400000,0xe0000
1781168595,51.6,2400000,0xe0000
1781168596,51.6,2400000,0xe0000
1781168597,51.6,2400000,0xe0000
1781168598,51.0,2400000,0xe0000
1781168599,51.6,2400000,0xe0000
1781168600,52.1,2400000,0xe0000
1781168601,51.6,2400000,0xe0000
1781168602,51.6,2400000,0xe0000
1781168603,52.7,2400000,0xe0000
1781168604,51.0,2400000,0xe0000
1781168605,51.6,2400000,0xe0000
1781168606,51.0,2400000,0xe0000
1781168607,52.1,2400000,0xe0000
1781168608,52.1,2400000,0xe0000
1781168609,50.5,2400000,0xe0000
1781168610,51.6,2400000,0xe0000
1781168611,51.6,2400000,0xe0000
1781168612,51.6,2400000,0xe0000
1781168613,52.1,2400000,0xe0000
1781168614,51.6,2400000,0xe0000
1781168615,51.6,2400000,0xe0000
1781168616,51.0,2400000,0xe0000
1781168617,51.6,2400000,0xe0000
1781168618,52.1,2400000,0xe0000
1781168619,51.6,2400000,0xe0000
1781168620,51.0,2400000,0xe0000
1781168621,51.6,2400000,0xe0000
1781168623,51.6,2400000,0xe0000
1781168624,51.6,2400000,0xe0000
1781168625,51.0,2400000,0xe0000
1781168626,51.6,2400000,0xe0000
1781168627,51.6,2400000,0xe0000
1781168628,51.6,2400000,0xe0000
1781168629,51.6,2400000,0xe0000
1781168630,51.6,2400000,0xe0000
1781168631,52.1,2400000,0xe0000
1781168632,51.0,2400000,0xe0000
1781168633,49.9,2400000,0xe0000
1781168634,52.1,2400000,0xe0000
1781168635,51.6,2400000,0xe0000
1781168636,51.0,2400000,0xe0000
1781168637,51.0,2400000,0xe0000
1781168638,52.1,2400000,0xe0000
1781168639,51.0,2400000,0xe0000
1781168640,52.1,2400000,0xe0000
1781168641,52.1,2400000,0xe0000
1781168642,51.6,2400000,0xe0000
1781168643,51.6,2400000,0xe0000
1781168644,51.6,2400000,0xe0000
1781168645,51.6,2400000,0xe0000
1781168646,51.6,2400000,0xe0000
1781168647,51.6,2400000,0xe0000
1781168648,52.1,2400000,0xe0000
1781168649,51.6,2400000,0xe0000
1781168650,51.0,2400000,0xe0000
1781168651,51.6,2400000,0xe0000
1781168652,52.1,2400000,0xe0000
1781168653,51.0,2400000,0xe0000
1781168654,51.6,2400000,0xe0000
1781168655,52.1,2400000,0xe0000
1781168656,49.9,2400000,0xe0000
1781168657,52.1,2400000,0xe0000
1781168658,52.1,2400000,0xe0000
1781168659,51.6,2400000,0xe0000
1781168660,52.1,2400000,0xe0000
1781168661,51.6,2400000,0xe0000
1781168662,51.0,2400000,0xe0000
1781168663,52.1,2400000,0xe0000
1781168664,51.6,2400000,0xe0000
1781168666,51.6,2400000,0xe0000
1781168667,51.6,2400000,0xe0000
1781168668,51.0,2400000,0xe0000
1781168669,51.6,2400000,0xe0000
1781168670,51.6,2400000,0xe0000
1781168671,51.6,2400000,0xe0000
1781168672,52.7,2400000,0xe0000
1781168673,51.6,2400000,0xe0000
1781168674,51.6,2400000,0xe0000
1781168675,52.1,2400000,0xe0000
1781168676,51.0,2400000,0xe0000
1781168677,51.6,2400000,0xe0000
1781168678,51.0,2400000,0xe0000
1781168679,51.0,2400000,0xe0000
1781168680,51.0,2400000,0xe0000
1781168681,51.6,2400000,0xe0000
1781168682,52.1,2400000,0xe0000
1781168683,51.6,2400000,0xe0000
1781168684,51.6,2400000,0xe0000
1781168685,51.0,2400000,0xe0000
1781168686,51.6,2400000,0xe0000
1781168687,52.1,2400000,0xe0000
1781168688,51.6,2400000,0xe0000
1781168689,52.1,2400000,0xe0000
1781168690,51.6,2400000,0xe0000
1781168691,51.6,2400000,0xe0000
1781168692,51.6,2400000,0xe0000
1781168693,52.1,2400000,0xe0000
1781168694,51.6,2400000,0xe0000
1781168695,51.0,2400000,0xe0000
1781168696,52.1,2400000,0xe0000
1781168697,51.6,2400000,0xe0000
1781168698,51.6,2400000,0xe0000
1781168699,51.0,2400000,0xe0000
1781168700,51.6,2400000,0xe0000
1781168701,51.0,2400000,0xe0000
1781168703,52.1,2400000,0xe0000
1781168704,51.6,2400000,0xe0000
1781168705,51.0,2400000,0xe0000
1781168706,51.0,2400000,0xe0000
1781168707,52.1,2400000,0xe0000
1781168708,52.1,2400000,0xe0000
1781168709,51.6,2400000,0xe0000
1781168710,51.6,2400000,0xe0000
1781168711,52.1,2400000,0xe0000
1781168712,51.0,2400000,0xe0000
1781168713,51.6,2400000,0xe0000
1781168714,51.0,2400000,0xe0000
1781168715,51.0,2400000,0xe0000
1781168716,52.1,2400000,0xe0000
1781168717,52.1,2400000,0xe0000
1781168718,50.5,2400000,0xe0000
1781168719,51.0,2400000,0xe0000
1781168720,51.6,2400000,0xe0000
1781168721,51.6,2400000,0xe0000
1781168722,52.1,2400000,0xe0000
1781168723,51.6,2400000,0xe0000
1781168724,51.6,2400000,0xe0000
1781168725,51.6,2400000,0xe0000
1781168726,51.0,2400000,0xe0000
1781168727,51.6,2400000,0xe0000
1781168728,51.0,2400000,0xe0000
1781168729,51.6,2400000,0xe0000
1781168730,51.0,2400000,0xe0000
1781168731,51.6,2400000,0xe0000
1781168732,51.0,2400000,0xe0000
1781168733,51.6,2400000,0xe0000
1781168734,52.1,2400000,0xe0000
1781168735,51.0,2400000,0xe0000
1781168736,51.6,2400000,0xe0000
1781168737,51.0,2400000,0xe0000
1781168738,51.6,2400000,0xe0000
1781168739,52.1,2400000,0xe0000
1781168740,51.6,2400000,0xe0000
1781168741,51.6,2400000,0xe0000
1781168742,52.1,2400000,0xe0000
1781168743,51.0,2400000,0xe0000
1781168744,51.6,2400000,0xe0000
1781168746,51.6,2400000,0xe0000
1781168747,51.6,2400000,0xe0000
1781168748,51.6,2400000,0xe0000
1781168749,51.6,2400000,0xe0000
1781168750,51.6,2400000,0xe0000
1781168751,51.6,2400000,0xe0000
1781168752,51.6,2400000,0xe0000
1781168753,51.0,2400000,0xe0000
1781168754,52.1,2400000,0xe0000
1781168755,51.0,2400000,0xe0000
1781168756,52.1,2400000,0xe0000
1781168757,52.1,2400000,0xe0000
1781168758,52.1,2400000,0xe0000
1781168759,51.6,2400000,0xe0000
1781168760,51.6,2400000,0xe0000
1781168761,52.1,2400000,0xe0000
1781168762,51.6,2400000,0xe0000
1781168763,51.6,2400000,0xe0000
1781168764,52.1,2400000,0xe0000
1781168765,51.6,2400000,0xe0000
1781168766,51.6,2400000,0xe0000
1781168767,51.0,2400000,0xe0000
1781168768,51.0,2400000,0xe0000
1781168769,52.1,2400000,0xe0000
1781168770,52.1,2400000,0xe0000
1781168771,52.7,2400000,0xe0000
1781168772,52.1,2400000,0xe0000
1781168773,51.6,2400000,0xe0000
1781168774,51.6,2400000,0xe0000
1781168775,51.6,2400000,0xe0000
1781168776,51.6,2400000,0xe0000
1781168777,52.1,2400000,0xe0000
1781168778,51.6,2400000,0xe0000
1781168779,51.6,2400000,0xe0000
1781168781,51.6,2400000,0xe0000
1781168782,51.6,2400000,0xe0000
1781168783,52.1,2400000,0xe0000
1781168784,52.1,2400000,0xe0000
1781168785,51.0,2400000,0xe0000
1781168786,52.1,2400000,0xe0000
1781168787,52.1,2400000,0xe0000
1781168788,51.6,2400000,0xe0000
1781168789,51.6,2400000,0xe0000
1781168790,51.6,2400000,0xe0000
1781168791,51.6,2400000,0xe0000
1781168792,51.6,2400000,0xe0000
1781168793,52.1,2400000,0xe0000
1781168794,52.1,2400000,0xe0000
1781168795,51.6,2400000,0xe0000
1781168796,51.6,2400000,0xe0000
1781168797,51.6,2400000,0xe0000
1781168798,51.6,2400000,0xe0000
1781168799,51.6,2400000,0xe0000
1781168800,52.1,2400000,0xe0000
1781168801,52.1,2400000,0xe0000
1781168802,51.6,2400000,0xe0000
1781168803,52.1,2400000,0xe0000
1781168804,51.6,2400000,0xe0000
1781168805,52.1,2400000,0xe0000
1781168806,52.1,2400000,0xe0000
1781168807,52.1,2400000,0xe0000
1781168808,51.6,2400000,0xe0000
1781168809,51.0,2400000,0xe0000
1781168811,52.1,2400000,0xe0000
1781168812,51.6,2400000,0xe0000
1781168813,52.1,2400000,0xe0000
1781168814,51.6,2400000,0xe0000
1781168815,52.1,2400000,0xe0000
1781168816,51.6,2400000,0xe0000
1781168817,52.1,2400000,0xe0000
1781168818,51.6,2400000,0xe0000
1781168819,51.6,2400000,0xe0000
1781168820,51.6,2400000,0xe0000
1781168821,52.1,2400000,0xe0000
1781168822,52.1,2400000,0xe0000
1781168823,51.0,2400000,0xe0000
1781168824,52.1,2400000,0xe0000
1781168825,51.6,2400000,0xe0000
1781168826,52.1,2400000,0xe0000
1781168827,52.7,2400000,0xe0000
1781168828,52.1,2400000,0xe0000
1781168829,52.1,2400000,0xe0000
1781168830,51.6,2400000,0xe0000
1781168831,51.6,2400000,0xe0000
1781168832,52.1,2400000,0xe0000
1781168833,52.7,2400000,0xe0000
1781168834,52.1,2400000,0xe0000
1781168835,51.0,2400000,0xe0000
1781168836,52.1,2400000,0xe0000
1781168837,52.1,2400000,0xe0000
1781168838,51.6,2400000,0xe0000
1781168839,52.1,2400000,0xe0000
1781168840,51.6,2400000,0xe0000
1781168841,51.6,2400000,0xe0000
1781168842,52.1,2400000,0xe0000
1781168844,51.6,2400000,0xe0000
1781168845,52.1,2400000,0xe0000
1781168846,52.1,2400000,0xe0000
1781168847,51.0,2400000,0xe0000
1781168848,51.6,2400000,0xe0000
1781168849,51.6,2400000,0xe0000
1781168850,51.6,2400000,0xe0000
1781168851,51.6,2400000,0xe0000
1781168852,52.1,2400000,0xe0000
1781168853,51.6,2400000,0xe0000
1781168854,51.6,2400000,0xe0000
1781168855,52.7,2400000,0xe0000
1781168856,52.1,2400000,0xe0000
1781168857,52.1,2400000,0xe0000
1781168858,51.6,2400000,0xe0000
1781168859,51.6,2400000,0xe0000
1781168860,51.6,2400000,0xe0000
1781168861,52.1,2400000,0xe0000
1781168862,51.6,2400000,0xe0000
1781168863,52.1,2400000,0xe0000
1781168864,51.6,2400000,0xe0000
1781168865,52.1,2400000,0xe0000
1781168866,51.6,2400000,0xe0000
1781168867,51.6,2400000,0xe0000
1781168868,51.0,2400000,0xe0000
1781168869,51.6,2400000,0xe0000
1781168870,51.6,2400000,0xe0000
1781168871,51.6,2400000,0xe0000
1781168872,51.6,2400000,0xe0000
1781168873,50.5,2400000,0xe0000
1781168874,52.1,2400000,0xe0000
1781168875,51.6,2400000,0xe0000
1781168876,51.0,2400000,0xe0000
1781168877,51.6,2400000,0xe0000
1781168878,51.0,2400000,0xe0000
1781168879,52.7,2400000,0xe0000
1781168880,52.1,2400000,0xe0000
1781168881,52.7,2400000,0xe0000
1781168882,52.1,2400000,0xe0000
1781168884,52.1,2400000,0xe0000
1781168885,52.1,2400000,0xe0000
1781168886,51.6,2400000,0xe0000
1781168887,52.1,2400000,0xe0000
1781168888,52.1,2400000,0xe0000
1781168889,51.6,2400000,0xe0000
1781168890,51.6,2400000,0xe0000
1781168891,52.1,2400000,0xe0000
1781168892,51.6,2400000,0xe0000
1781168893,52.1,2400000,0xe0000
1781168894,51.6,2400000,0xe0000
1781168895,51.6,2400000,0xe0000
1781168896,52.1,2400000,0xe0000
1781168897,52.1,2400000,0xe0000
1781168898,52.1,2400000,0xe0000
1781168899,52.1,2400000,0xe0000
1781168900,52.1,2400000,0xe0000
1781168901,52.1,2400000,0xe0000
1781168902,52.1,2400000,0xe0000
1781168903,52.1,2400000,0xe0000
1781168904,52.7,2400000,0xe0000
1781168905,52.1,2400000,0xe0000
1781168906,51.6,2400000,0xe0000
1781168907,51.6,2400000,0xe0000
1781168908,52.1,2400000,0xe0000
1781168909,52.1,2400000,0xe0000
1781168911,52.1,2400000,0xe0000
1781168912,51.6,2400000,0xe0000
1781168913,52.1,2400000,0xe0000
1781168914,52.1,2400000,0xe0000
1781168915,52.1,2400000,0xe0000
1781168916,52.1,2400000,0xe0000
1781168917,52.1,2400000,0xe0000
1781168918,52.1,2400000,0xe0000
1781168919,52.1,2400000,0xe0000
1781168920,52.1,2400000,0xe0000
1781168921,51.6,2400000,0xe0000
1781168922,52.1,2400000,0xe0000
1781168923,52.1,2400000,0xe0000
1781168924,51.6,2400000,0xe0000
1781168925,52.1,2400000,0xe0000
1781168926,52.1,2400000,0xe0000
1781168927,52.1,2400000,0xe0000
1781168928,52.1,2400000,0xe0000
1781168929,52.1,2400000,0xe0000
1781168930,52.1,2400000,0xe0000
1781168931,52.1,2400000,0xe0000
1781168932,51.6,2400000,0xe0000
1781168933,52.7,2400000,0xe0000
1781168934,51.0,2400000,0xe0000
1781168935,52.1,2400000,0xe0000
1781168936,51.6,2400000,0xe0000
1781168937,51.6,2400000,0xe0000
1781168938,52.1,2400000,0xe0000
1781168939,52.7,2400000,0xe0000
1781168940,52.1,2400000,0xe0000
1781168941,52.7,2400000,0xe0000
1781168942,52.7,2400000,0xe0000
1781168943,52.1,2400000,0xe0000
1781168944,51.6,2400000,0xe0000
1781168945,52.1,2400000,0xe0000
1781168947,52.1,2400000,0xe0000
1781168948,51.0,2400000,0xe0000
1781168949,52.1,2400000,0xe0000
1781168950,52.1,2400000,0xe0000
1781168951,52.1,2400000,0xe0000
1781168952,52.1,2400000,0xe0000
1781168953,52.1,2400000,0xe0000
1781168954,52.7,2400000,0xe0000
1781168955,52.1,2400000,0xe0000
1781168956,52.1,2400000,0xe0000
1781168957,52.1,2400000,0xe0000
1781168958,52.7,2400000,0xe0000
1781168959,51.6,2400000,0xe0000
1781168960,52.1,2400000,0xe0000
1781168961,52.1,2400000,0xe0000
1781168962,52.1,2400000,0xe0000
1781168963,51.6,2400000,0xe0000
1781168964,51.6,2400000,0xe0000
1781168965,52.1,2400000,0xe0000
1781168966,51.6,2400000,0xe0000
1781168967,52.1,2400000,0xe0000
1781168968,52.1,2400000,0xe0000
1781168969,52.1,2400000,0xe0000
1781168970,52.1,2400000,0xe0000
1781168971,52.1,2400000,0xe0000
1781168972,52.1,2400000,0xe0000
1781168973,52.7,2400000,0xe0000
1781168974,52.1,2400000,0xe0000
1781168975,51.6,2400000,0xe0000
1781168976,52.1,2400000,0xe0000
1781168977,52.7,2400000,0xe0000
1781168978,52.1,2400000,0xe0000
1781168979,52.1,2400000,0xe0000
1781168980,51.6,2400000,0xe0000
1781168981,52.1,2400000,0xe0000
1781168982,51.6,2400000,0xe0000
1781168983,51.6,2400000,0xe0000
1781168984,51.6,2400000,0xe0000
1781168985,52.7,2400000,0xe0000
1781168986,51.6,2400000,0xe0000
1781168987,52.7,2400000,0xe0000
1781168988,52.1,2400000,0xe0000
1781168989,52.7,2400000,0xe0000
1781168990,51.6,2400000,0xe0000
1781168991,52.1,2400000,0xe0000
1781168992,52.1,2400000,0xe0000
1781168993,51.6,2400000,0xe0000
1781168995,52.1,2400000,0xe0000
1781168996,52.7,2400000,0xe0000
1781168997,52.7,2400000,0xe0000
1781168998,51.6,2400000,0xe0000
1781168999,51.6,2400000,0xe0000
1781169000,52.1,2400000,0xe0000
1781169001,52.7,2400000,0xe0000
1781169002,52.1,2400000,0xe0000
1781169003,51.6,2400000,0xe0000
1781169004,52.1,2400000,0xe0000
1781169005,51.0,2400000,0xe0000
1781169006,52.1,2400000,0xe0000
1781169007,52.1,2400000,0xe0000
1781169008,52.7,2400000,0xe0000
1781169009,51.6,2400000,0xe0000
1781169010,51.0,2400000,0xe0000
1781169011,51.6,2400000,0xe0000
1781169012,52.1,2400000,0xe0000
1781169013,51.6,2400000,0xe0000
1781169014,51.6,2400000,0xe0000
1781169015,52.7,2400000,0xe0000
1781169016,51.6,2400000,0xe0000
1781169018,49.9,2400000,0xe0000
1781169019,52.1,2400000,0xe0000
1781169020,52.1,2400000,0xe0000
1781169021,52.1,2400000,0xe0000
1781169022,51.0,2400000,0xe0000
1781169023,51.0,2400000,0xe0000
1781169024,52.1,2400000,0xe0000
1781169025,52.1,2400000,0xe0000
1781169026,50.5,2400000,0xe0000
1781169027,51.6,2400000,0xe0000
1781169028,52.1,2400000,0xe0000
1781169029,51.6,2400000,0xe0000
1781169030,51.6,2400000,0xe0000
1781169031,52.1,2400000,0xe0000
1781169032,52.1,2400000,0xe0000
1781169033,52.1,2400000,0xe0000
1781169034,52.1,2400000,0xe0000
1781169035,52.1,2400000,0xe0000
1781169036,52.1,2400000,0xe0000
1781169037,52.1,2400000,0xe0000
1781169038,51.6,2400000,0xe0000
1781169039,52.1,2400000,0xe0000
1781169040,52.1,2400000,0xe0000
1781169041,52.1,2400000,0xe0000
1781169042,51.0,2400000,0xe0000
1781169043,52.1,2400000,0xe0000
1781169044,52.1,2400000,0xe0000
1781169045,51.0,2400000,0xe0000
1781169046,52.1,2400000,0xe0000
1781169047,52.1,2400000,0xe0000
1781169048,52.1,2400000,0xe0000
1781169049,52.1,2400000,0xe0000
1781169050,52.1,2400000,0xe0000
1781169051,52.1,2400000,0xe0000
1781169052,52.1,2400000,0xe0000
1781169053,51.0,2400000,0xe0000
1781169054,51.6,2400000,0xe0000
1781169055,52.1,2400000,0xe0000
1781169056,51.6,2400000,0xe0000
1781169057,52.1,2400000,0xe0000
1781169058,52.7,2400000,0xe0000
1781169059,52.7,2400000,0xe0000
1781169060,52.1,2400000,0xe0000
1781169061,52.1,2400000,0xe0000
1781169062,51.6,2400000,0xe0000
1781169064,52.1,2400000,0xe0000
1781169065,52.1,2400000,0xe0000
1781169066,51.6,2400000,0xe0000
1781169067,51.6,2400000,0xe0000
1781169068,52.1,2400000,0xe0000
1781169069,52.1,2400000,0xe0000
1781169070,51.6,2400000,0xe0000
1781169071,51.6,2400000,0xe0000
1781169072,52.7,2400000,0xe0000
1781169073,51.6,2400000,0xe0000
1781169074,52.1,2400000,0xe0000
1781169075,52.1,2400000,0xe0000
1781169076,52.1,2400000,0xe0000
1781169077,52.1,2400000,0xe0000
1781169078,52.7,2400000,0xe0000
1781169079,52.1,2400000,0xe0000
1781169080,52.1,2400000,0xe0000
1781169081,52.1,2400000,0xe0000
1781169082,52.7,2400000,0xe0000
1781169083,52.7,2400000,0xe0000
1781169084,52.1,2400000,0xe0000
1781169085,52.1,2400000,0xe0000
1781169086,52.7,2400000,0xe0000
1781169087,53.2,2400000,0xe0000
1781169088,51.6,2400000,0xe0000
1781169089,51.6,2400000,0xe0000
1781169090,52.1,2400000,0xe0000
1781169091,52.7,2400000,0xe0000
1781169092,52.1,2400000,0xe0000
1781169093,52.1,2400000,0xe0000
1781169094,52.7,2400000,0xe0000
1781169095,52.1,2400000,0xe0000
1781169096,52.1,2400000,0xe0000
1781169097,51.6,2400000,0xe0000
1781169098,51.6,2400000,0xe0000
1781169099,52.1,2400000,0xe0000
1781169100,51.6,2400000,0xe0000
1781169101,51.0,2400000,0xe0000
1781169102,52.7,2400000,0xe0000
1781169103,52.1,2400000,0xe0000
1781169104,51.6,2400000,0xe0000
1781169105,52.1,2400000,0xe0000
1781169106,52.1,2400000,0xe0000
1781169107,52.1,2400000,0xe0000
1781169108,52.1,2400000,0xe0000
1781169109,52.7,2400000,0xe0000
1781169111,52.1,2400000,0xe0000
1781169112,51.6,2400000,0xe0000
1781169113,52.7,2400000,0xe0000
1781169114,52.1,2400000,0xe0000
1781169115,52.1,2400000,0xe0000
1781169116,51.6,2400000,0xe0000
1781169117,51.6,2400000,0xe0000
1781169118,51.6,2400000,0xe0000
1781169119,52.1,2400000,0xe0000
1781169120,52.1,2400000,0xe0000
1781169121,51.6,2400000,0xe0000
1781169122,52.1,2400000,0xe0000
1781169123,52.1,2400000,0xe0000
1781169124,51.6,2400000,0xe0000
1781169125,52.1,2400000,0xe0000
1781169126,52.7,2400000,0xe0000
1781169127,52.7,2400000,0xe0000
1781169128,52.1,2400000,0xe0000
1781169129,51.0,2400000,0xe0000
1781169130,52.1,2400000,0xe0000
1781169131,52.1,2400000,0xe0000
1781169132,52.1,2400000,0xe0000
1781169133,52.7,2400000,0xe0000
1781169134,50.5,2400000,0xe0000
1781169135,52.1,2400000,0xe0000
1781169136,52.7,2400000,0xe0000
1781169137,52.7,2400000,0xe0000
1781169138,52.1,2400000,0xe0000
1781169139,52.1,2400000,0xe0000
1781169140,52.1,2400000,0xe0000
1781169141,52.1,2400000,0xe0000
1781169143,52.1,2400000,0xe0000
1781169144,52.1,2400000,0xe0000
1781169145,52.1,2400000,0xe0000
1781169146,51.6,2400000,0xe0000
1781169147,52.1,2400000,0xe0000
1781169148,52.1,2400000,0xe0000
1781169149,52.1,2400000,0xe0000
1781169150,52.1,2400000,0xe0000
1781169151,51.0,2400000,0xe0000
1781169152,52.1,2400000,0xe0000
1781169153,52.1,2400000,0xe0000
1781169154,52.1,2400000,0xe0000
1781169155,52.1,2400000,0xe0000
1781169156,52.1,2400000,0xe0000
1781169157,52.1,2400000,0xe0000
1781169158,52.1,2400000,0xe0000
1781169159,52.1,2400000,0xe0000
1781169160,52.7,2400000,0xe0000
1781169161,52.1,2400000,0xe0000
1781169162,51.6,2400000,0xe0000
1781169163,52.1,2400000,0xe0000
1781169164,52.1,2400000,0xe0000
1781169165,52.1,2400000,0xe0000
1781169166,52.1,2400000,0xe0000
1781169167,52.7,2400000,0xe0000
1781169168,52.7,2400000,0xe0000
1781169169,51.6,2400000,0xe0000
1781169170,52.1,2400000,0xe0000
1781169171,52.7,2400000,0xe0000
1781169172,51.0,2400000,0xe0000
1781169173,52.1,2400000,0xe0000
1781169174,52.7,2400000,0xe0000
1781169176,52.1,2400000,0xe0000
1781169177,52.1,2400000,0xe0000
1781169178,52.7,2400000,0xe0000
1781169179,52.1,2400000,0xe0000
1781169180,52.7,2400000,0xe0000
1781169181,51.6,2400000,0xe0000
1781169182,52.1,2400000,0xe0000
1781169183,52.1,2400000,0xe0000
1781169184,51.0,2400000,0xe0000
1781169185,52.1,2400000,0xe0000
1781169186,52.1,2400000,0xe0000
1781169187,51.6,2400000,0xe0000
1781169188,52.7,2400000,0xe0000
1781169189,52.1,2400000,0xe0000
1781169190,51.6,2400000,0xe0000
1781169191,52.1,2400000,0xe0000
1781169192,52.1,2400000,0xe0000
1781169193,52.1,2400000,0xe0000
1781169194,51.6,2400000,0xe0000
1781169195,52.1,2400000,0xe0000
1781169196,50.5,2400000,0xe0000
1781169197,51.6,2400000,0xe0000
1781169198,52.1,2400000,0xe0000
1781169199,51.6,2400000,0xe0000
1781169200,51.6,2400000,0xe0000
1781169201,52.1,2400000,0xe0000
1781169202,52.1,2400000,0xe0000
1781169203,52.1,2400000,0xe0000
1781169204,52.7,2400000,0xe0000
1781169205,52.1,2400000,0xe0000
1781169206,52.1,2400000,0xe0000
1781169207,52.1,2400000,0xe0000
1781169208,51.6,2400000,0xe0000
1781169209,51.6,2400000,0xe0000
1781169210,52.1,2400000,0xe0000
1781169212,52.1,2400000,0xe0000
1781169213,51.0,2400000,0xe0000
1781169214,51.6,2400000,0xe0000
1781169215,52.7,2400000,0xe0000
1781169216,51.6,2400000,0xe0000
1781169217,52.7,2400000,0xe0000
1781169218,52.1,2400000,0xe0000
1781169219,52.7,2400000,0xe0000
1781169220,52.1,2400000,0xe0000
1781169221,52.7,2400000,0xe0000
1781169222,52.7,2400000,0xe0000
1781169223,52.1,2400000,0xe0000
1781169224,52.1,2400000,0xe0000
1781169225,52.1,2400000,0xe0000
1781169226,52.1,2400000,0xe0000
1781169227,51.0,2400000,0xe0000
1781169228,52.7,2400000,0xe0000
1781169229,52.1,2400000,0xe0000
1781169230,52.1,2400000,0xe0000
1781169231,51.6,2400000,0xe0000
1781169232,52.1,2400000,0xe0000
1781169233,52.1,2400000,0xe0000
1781169234,52.7,2400000,0xe0000
1781169235,52.1,2400000,0xe0000
1781169236,52.1,2400000,0xe0000
1781169237,51.6,2400000,0xe0000
1781169238,51.6,2400000,0xe0000
1781169239,52.1,2400000,0xe0000
1781169241,52.7,2400000,0xe0000
1781169242,52.1,2400000,0xe0000
1781169243,52.1,2400000,0xe0000
1781169244,52.1,2400000,0xe0000
1781169245,52.1,2400000,0xe0000
1781169246,52.7,2400000,0xe0000
1781169247,52.1,2400000,0xe0000
1781169248,52.1,2400000,0xe0000
1781169249,52.1,2400000,0xe0000
1781169250,52.7,2400000,0xe0000
1781169251,52.1,2400000,0xe0000
1781169252,52.1,2400000,0xe0000
1781169253,52.1,2400000,0xe0000
1781169254,52.1,2400000,0xe0000
1781169255,51.6,2400000,0xe0000
1781169256,52.1,2400000,0xe0000
1781169257,51.6,2400000,0xe0000
1781169258,52.1,2400000,0xe0000
1781169259,52.1,2400000,0xe0000
1781169260,52.1,2400000,0xe0000
1781169261,52.7,2400000,0xe0000
1781169262,52.1,2400000,0xe0000
1781169263,52.1,2400000,0xe0000
1781169264,52.1,2400000,0xe0000
1781169265,52.1,2400000,0xe0000
1781169266,52.1,2400000,0xe0000
1781169267,52.7,2400000,0xe0000
1781169268,52.1,2400000,0xe0000
1781169269,52.1,2400000,0xe0000
1781169270,51.6,2400000,0xe0000
1781169271,52.1,2400000,0xe0000
1781169272,52.7,2400000,0xe0000
1781169273,51.0,2400000,0xe0000
1781169274,52.1,2400000,0xe0000
1781169276,52.1,2400000,0xe0000
1781169277,52.1,2400000,0xe0000
1781169278,52.1,2400000,0xe0000
1781169279,52.7,2400000,0xe0000
1781169280,51.6,2400000,0xe0000
1781169281,51.6,2400000,0xe0000
1781169282,51.6,2400000,0xe0000
1781169283,52.1,2400000,0xe0000
1781169284,51.6,2400000,0xe0000
1781169285,52.7,2400000,0xe0000
1781169286,51.6,2400000,0xe0000
1781169287,52.1,2400000,0xe0000
1781169288,52.1,2400000,0xe0000
1781169289,52.1,2400000,0xe0000
1781169290,52.7,2400000,0xe0000
1781169291,52.1,2400000,0xe0000
1781169292,52.7,2400000,0xe0000
1781169293,52.1,2400000,0xe0000
1781169294,51.6,2400000,0xe0000
1781169295,51.0,2400000,0xe0000
1781169296,51.0,2400000,0xe0000
1781169297,52.1,2400000,0xe0000
1781169298,52.1,2400000,0xe0000
1781169299,52.1,2400000,0xe0000
1781169300,52.1,2400000,0xe0000
1781169301,52.1,2400000,0xe0000
1781169302,51.6,2400000,0xe0000
1781169303,52.1,2400000,0xe0000
1781169304,52.1,2400000,0xe0000
1781169305,52.1,2400000,0xe0000
1781169306,51.0,2400000,0xe0000
1781169307,51.6,2400000,0xe0000
1781169308,51.6,2400000,0xe0000
1781169310,52.1,2400000,0xe0000
1781169311,52.1,2400000,0xe0000
1781169312,53.2,2400000,0xe0000
1781169313,52.7,2400000,0xe0000
1781169314,52.1,2400000,0xe0000
1781169315,52.7,2400000,0xe0000
1781169316,51.6,2400000,0xe0000
1781169317,52.1,2400000,0xe0000
1781169318,52.1,2400000,0xe0000
1781169319,51.6,2400000,0xe0000
1781169320,52.7,2400000,0xe0000
1781169321,52.1,2400000,0xe0000
1781169322,52.1,2400000,0xe0000
1781169323,52.1,2400000,0xe0000
1781169324,52.1,2400000,0xe0000
1781169325,52.7,2400000,0xe0000
1781169326,51.6,2400000,0xe0000
1781169327,52.1,2400000,0xe0000
1781169328,51.6,2400000,0xe0000
1781169329,52.1,2400000,0xe0000
1781169330,50.5,2400000,0xe0000
1781169331,52.1,2400000,0xe0000
1781169332,52.1,2400000,0xe0000
1781169333,51.6,2400000,0xe0000
1781169334,52.1,2400000,0xe0000
1781169335,52.1,2400000,0xe0000
1781169336,52.1,2400000,0xe0000
1781169337,52.1,2400000,0xe0000
1781169338,52.1,2400000,0xe0000
1781169339,52.1,2400000,0xe0000
1781169340,52.1,2400000,0xe0000
1781169342,52.1,2400000,0xe0000
1781169343,52.1,2400000,0xe0000
1781169344,51.6,2400000,0xe0000
1781169345,51.6,2400000,0xe0000
1781169346,51.6,2400000,0xe0000
1781169347,51.0,2400000,0xe0000
1781169348,52.1,2400000,0xe0000
1781169349,51.0,2400000,0xe0000
1781169350,51.6,2400000,0xe0000
1781169351,52.1,2400000,0xe0000
1781169352,51.6,2400000,0xe0000
1781169353,51.6,2400000,0xe0000
1781169354,52.1,2400000,0xe0000
1781169355,52.7,2400000,0xe0000
1781169356,52.1,2400000,0xe0000
1781169357,51.6,2400000,0xe0000
1781169358,52.1,2400000,0xe0000
1781169359,52.1,2400000,0xe0000
1781169360,52.1,2400000,0xe0000
1781169361,51.0,2400000,0xe0000
1781169362,51.6,2400000,0xe0000
1781169363,52.1,2400000,0xe0000
1781169364,51.0,2400000,0xe0000
1781169365,51.6,2400000,0xe0000
1781169366,52.1,2400000,0xe0000
1781169367,52.1,2400000,0xe0000
1781169368,52.1,2400000,0xe0000
1781169369,51.6,2400000,0xe0000
1781169370,52.1,2400000,0xe0000
1781169371,52.1,2400000,0xe0000
1781169372,52.1,2400000,0xe0000
1781169373,52.1,2400000,0xe0000
1781169374,51.6,2400000,0xe0000
1781169375,52.1,2400000,0xe0000
1781169377,52.1,2400000,0xe0000
1781169378,51.6,2400000,0xe0000
1781169379,51.6,2400000,0xe0000
1781169380,52.1,2400000,0xe0000
1781169381,52.1,2400000,0xe0000
1781169382,52.1,2400000,0xe0000
1781169383,52.1,2400000,0xe0000
1781169384,52.7,2400000,0xe0000
1781169385,52.1,2400000,0xe0000
1781169386,52.1,2400000,0xe0000
1781169387,51.6,2400000,0xe0000
1781169388,52.1,2400000,0xe0000
1781169389,52.1,2400000,0xe0000
1781169390,51.6,2400000,0xe0000
1781169391,51.6,2400000,0xe0000
1781169392,51.6,2400000,0xe0000
1781169393,52.7,2400000,0xe0000
1781169394,52.1,2400000,0xe0000
1781169395,52.1,2400000,0xe0000
1781169396,52.7,2400000,0xe0000
1781169397,51.6,2400000,0xe0000
1781169398,51.6,2400000,0xe0000
1781169399,52.1,2400000,0xe0000
1781169400,52.1,2400000,0xe0000
1781169401,52.1,2400000,0xe0000
1781169402,51.0,2400000,0xe0000
1781169403,51.6,2400000,0xe0000
1781169404,52.1,2400000,0xe0000
1781169405,51.6,2400000,0xe0000
1781169406,52.7,2400000,0xe0000
1781169407,51.6,2400000,0xe0000
1781169408,51.6,2400000,0xe0000
1781169409,52.1,2400000,0xe0000
1781169410,52.1,2400000,0xe0000
1781169411,52.7,2400000,0xe0000
1781169412,52.1,2400000,0xe0000
1781169413,51.0,2400000,0xe0000
1781169414,52.1,2400000,0xe0000
1781169415,52.1,2400000,0xe0000
1781169416,52.1,2400000,0xe0000
1781169417,51.6,2400000,0xe0000
1781169418,51.0,2400000,0xe0000
1781169419,52.1,2400000,0xe0000
1781169420,52.1,2400000,0xe0000
1781169421,52.1,2400000,0xe0000
1781169422,52.1,2400000,0xe0000
1781169423,52.1,2400000,0xe0000
1781169424,52.1,2400000,0xe0000
1781169425,52.7,2400000,0xe0000
1781169426,52.1,2400000,0xe0000
1781169428,52.7,2400000,0xe0000
1781169429,51.0,2400000,0xe0000
1781169430,52.1,2400000,0xe0000
1781169431,52.7,2400000,0xe0000
1781169432,51.6,2400000,0xe0000
1781169433,51.6,2400000,0xe0000
1781169434,51.6,2400000,0xe0000
1781169435,51.6,2400000,0xe0000
1781169436,51.6,2400000,0xe0000
1781169437,51.6,2400000,0xe0000
1781169438,52.1,2400000,0xe0000
1781169439,51.6,2400000,0xe0000
1781169440,52.1,2400000,0xe0000
1781169441,52.1,2400000,0xe0000
1781169442,51.6,2400000,0xe0000
1781169443,52.1,2400000,0xe0000
1781169444,51.6,2400000,0xe0000
1781169445,52.1,2400000,0xe0000
1781169446,52.1,2400000,0xe0000
1781169447,51.6,2400000,0xe0000
1781169448,52.1,2400000,0xe0000
1781169449,52.1,2400000,0xe0000
1781169450,52.1,2400000,0xe0000
1781169451,52.1,2400000,0xe0000
1781169452,52.1,2400000,0xe0000
1781169453,52.1,2400000,0xe0000
1781169454,51.6,2400000,0xe0000
1781169456,52.1,2400000,0xe0000
1781169457,51.6,2400000,0xe0000
1781169458,51.6,2400000,0xe0000
1781169459,51.6,2400000,0xe0000
1781169460,51.6,2400000,0xe0000
1781169461,52.1,2400000,0xe0000
1781169462,52.1,2400000,0xe0000
1781169463,52.1,2400000,0xe0000
1781169464,52.1,2400000,0xe0000
1781169465,52.1,2400000,0xe0000
1781169466,52.1,2400000,0xe0000
1781169467,52.1,2400000,0xe0000
1781169468,52.1,2400000,0xe0000
1781169469,51.6,2400000,0xe0000
1781169470,51.6,2400000,0xe0000
1781169471,52.1,2400000,0xe0000
1781169472,51.6,2400000,0xe0000
1781169473,52.1,2400000,0xe0000
1781169474,52.7,2400000,0xe0000
1781169475,52.7,2400000,0xe0000
1781169476,52.1,2400000,0xe0000
1781169477,52.1,2400000,0xe0000
1781169478,51.6,2400000,0xe0000
1781169479,52.1,2400000,0xe0000
1781169480,51.6,2400000,0xe0000
1781169481,52.1,2400000,0xe0000
1781169482,52.1,2400000,0xe0000
1781169483,52.1,2400000,0xe0000
1781169484,52.1,2400000,0xe0000
1781169485,51.0,2400000,0xe0000
1781169486,51.6,2400000,0xe0000
1781169488,52.1,2400000,0xe0000
1781169489,52.1,2400000,0xe0000
1781169490,51.6,2400000,0xe0000
1781169491,51.6,2400000,0xe0000
1781169492,51.0,2400000,0xe0000
1781169493,51.0,2400000,0xe0000
1781169494,51.6,2400000,0xe0000
1781169495,52.1,2400000,0xe0000
1781169496,52.1,2400000,0xe0000
1781169497,52.1,2400000,0xe0000
1781169498,51.6,2400000,0xe0000
1781169499,52.7,2400000,0xe0000
1781169500,51.6,2400000,0xe0000
1781169501,52.1,2400000,0xe0000
1781169502,51.6,2400000,0xe0000
1781169503,52.1,2400000,0xe0000
1781169504,52.1,2400000,0xe0000
1781169505,52.1,2400000,0xe0000
1781169506,52.1,2400000,0xe0000
1781169507,52.1,2400000,0xe0000
1781169508,51.6,2400000,0xe0000
1781169509,52.1,2400000,0xe0000
1781169510,51.6,2400000,0xe0000
1781169511,52.1,2400000,0xe0000
1781169512,51.0,2400000,0xe0000
1781169513,52.1,2400000,0xe0000
1781169514,52.1,2400000,0xe0000
1781169515,52.7,2400000,0xe0000
1781169516,52.1,2400000,0xe0000
1781169517,52.7,2400000,0xe0000
1781169518,52.1,2400000,0xe0000
1781169519,51.6,2400000,0xe0000
1781169520,52.7,2400000,0xe0000
1781169521,52.1,2400000,0xe0000
1781169522,51.6,2400000,0xe0000
1781169523,52.1,2400000,0xe0000
1781169524,51.0,2400000,0xe0000
1781169525,52.1,2400000,0xe0000
1781169526,52.1,2400000,0xe0000
1781169527,52.1,2400000,0xe0000
1781169528,52.1,2400000,0xe0000
1781169529,51.0,2400000,0xe0000
1781169530,52.1,2400000,0xe0000
1781169531,52.1,2400000,0xe0000
1781169532,52.1,2400000,0xe0000
1781169533,51.6,2400000,0xe0000
1781169534,51.6,2400000,0xe0000
1781169535,51.6,2400000,0xe0000
1781169536,51.6,2400000,0xe0000
1781169537,51.6,2400000,0xe0000
1781169538,51.6,2400000,0xe0000
1781169539,52.1,2400000,0xe0000
1781169540,52.7,2400000,0xe0000
1781169541,52.1,2400000,0xe0000
1781169542,52.1,2400000,0xe0000
1781169544,52.1,2400000,0xe0000
1781169545,51.6,2400000,0xe0000
1781169546,52.1,2400000,0xe0000
1781169547,52.1,2400000,0xe0000
1781169548,52.1,2400000,0xe0000
1781169549,50.5,2400000,0xe0000
1781169550,52.1,2400000,0xe0000
1781169551,52.1,2400000,0xe0000
1781169552,52.1,2400000,0xe0000
1781169553,52.7,2400000,0xe0000
1781169554,51.6,2400000,0xe0000
1781169555,51.0,2400000,0xe0000
1781169556,52.1,2400000,0xe0000
1781169557,51.6,2400000,0xe0000
1781169558,52.1,2400000,0xe0000
1781169559,52.1,2400000,0xe0000
1781169560,52.1,2400000,0xe0000
1781169561,52.1,2400000,0xe0000
1781169562,51.6,2400000,0xe0000
1781169563,51.6,2400000,0xe0000
1781169564,51.6,2400000,0xe0000
1781169565,52.1,2400000,0xe0000
1781169566,51.6,2400000,0xe0000
1781169567,52.1,2400000,0xe0000
1781169568,52.1,2400000,0xe0000
1781169569,51.6,2400000,0xe0000
1781169570,52.1,2400000,0xe0000
1781169571,52.7,2400000,0xe0000
1781169572,52.1,2400000,0xe0000
1781169573,52.1,2400000,0xe0000
1781169574,52.1,2400000,0xe0000
1781169576,52.7,2400000,0xe0000
1781169577,52.1,2400000,0xe0000
1781169578,52.7,2400000,0xe0000
1781169579,51.6,2400000,0xe0000
1781169580,51.6,2400000,0xe0000
1781169581,52.1,2400000,0xe0000
1781169582,52.1,2400000,0xe0000
1781169583,51.6,2400000,0xe0000
1781169584,51.0,2400000,0xe0000
1781169585,52.1,2400000,0xe0000
1781169586,52.1,2400000,0xe0000
1781169587,51.6,2400000,0xe0000
1781169588,52.7,2400000,0xe0000
1781169589,51.6,2400000,0xe0000
1781169590,51.6,2400000,0xe0000
1781169591,52.1,2400000,0xe0000
1781169592,52.1,2400000,0xe0000
1781169593,52.1,2400000,0xe0000
1781169594,52.1,2400000,0xe0000
1781169595,52.1,2400000,0xe0000
1781169596,51.6,2400000,0xe0000
1781169597,52.1,2400000,0xe0000
1781169598,52.1,2400000,0xe0000
1781169599,52.1,2400000,0xe0000
1781169600,52.1,2400000,0xe0000
1781169601,52.1,2400000,0xe0000
1781169602,51.6,2400000,0xe0000
1781169603,51.6,2400000,0xe0000
1781169604,52.1,2400000,0xe0000
1781169605,52.1,2400000,0xe0000
1781169607,52.1,2400000,0xe0000
1781169608,52.1,2400000,0xe0000
1781169609,52.7,2400000,0xe0000
1781169610,51.6,2400000,0xe0000
1781169611,52.7,2400000,0xe0000
1781169612,51.6,2400000,0xe0000
1781169613,51.0,2400000,0xe0000
1781169614,51.6,2400000,0xe0000
1781169615,52.1,2400000,0xe0000
1781169616,52.1,2400000,0xe0000
1781169617,51.0,2400000,0xe0000
1781169618,52.7,2400000,0xe0000
1781169619,52.1,2400000,0xe0000
1781169620,52.1,2400000,0xe0000
1781169621,52.1,2400000,0xe0000
1781169622,51.6,2400000,0xe0000
1781169623,52.7,2400000,0xe0000
1781169624,51.6,2400000,0xe0000
1781169625,52.1,2400000,0xe0000
1781169626,52.1,2400000,0xe0000
1781169627,52.1,2400000,0xe0000
1781169628,52.1,2400000,0xe0000
1781169629,52.7,2400000,0xe0000
1781169630,52.1,2400000,0xe0000
1781169631,52.1,2400000,0xe0000
1781169632,52.1,2400000,0xe0000
1781169633,52.7,2400000,0xe0000
1781169634,52.7,2400000,0xe0000
1781169635,52.1,2400000,0xe0000
1781169636,52.1,2400000,0xe0000
1781169637,52.1,2400000,0xe0000
1781169638,52.7,2400000,0xe0000
1781169639,52.1,2400000,0xe0000
1781169640,51.6,2400000,0xe0000
1781169641,52.1,2400000,0xe0000
1781169642,52.1,2400000,0xe0000
1781169643,52.1,2400000,0xe0000
1781169644,52.1,2400000,0xe0000
1781169645,51.0,2400000,0xe0000
1781169646,51.6,2400000,0xe0000
1781169647,52.1,2400000,0xe0000
1781169648,52.7,2400000,0xe0000
1781169649,52.1,2400000,0xe0000
1781169650,52.1,2400000,0xe0000
1781169651,51.6,2400000,0xe0000
1781169652,52.1,2400000,0xe0000
1781169653,51.6,2400000,0xe0000
1781169654,52.7,2400000,0xe0000
1781169655,52.1,2400000,0xe0000
1781169656,52.1,2400000,0xe0000
1781169657,51.6,2400000,0xe0000
1781169658,52.1,2400000,0xe0000
1781169659,52.1,2400000,0xe0000
1781169660,51.6,2400000,0xe0000
1781169661,52.7,2400000,0xe0000
1781169662,52.1,2400000,0xe0000
1781169664,52.7,2400000,0xe0000
1781169665,52.1,2400000,0xe0000
1781169666,52.7,2400000,0xe0000
1781169667,52.1,2400000,0xe0000
1781169668,51.6,2400000,0xe0000
1781169669,52.1,2400000,0xe0000
1781169670,51.0,2400000,0xe0000
1781169671,52.1,2400000,0xe0000
1781169672,52.1,2400000,0xe0000
1781169673,52.1,2400000,0xe0000
1781169674,52.1,2400000,0xe0000
1781169675,51.6,2400000,0xe0000
1781169676,51.6,2400000,0xe0000
1781169677,52.7,2400000,0xe0000
1781169678,52.1,2400000,0xe0000
1781169679,52.1,2400000,0xe0000
1781169680,52.1,2400000,0xe0000
1781169681,52.1,2400000,0xe0000
1781169682,52.1,2400000,0xe0000
1781169683,51.6,2400000,0xe0000
1781169684,52.1,2400000,0xe0000
1781169685,52.1,2400000,0xe0000
1781169686,52.1,2400000,0xe0000
1781169688,52.7,2400000,0xe0000
1781169689,52.7,2400000,0xe0000
1781169690,52.1,2400000,0xe0000
1781169691,52.1,2400000,0xe0000
1781169692,52.1,2400000,0xe0000
1781169693,52.1,2400000,0xe0000
1781169694,52.1,2400000,0xe0000
1781169695,52.7,2400000,0xe0000
1781169696,51.6,2400000,0xe0000
1781169697,52.1,2400000,0xe0000
1781169698,51.6,2400000,0xe0000
1781169699,52.1,2400000,0xe0000
1781169700,52.7,2400000,0xe0000
1781169701,52.1,2400000,0xe0000
1781169702,52.1,2400000,0xe0000
1781169703,51.6,2400000,0xe0000
1781169704,52.1,2400000,0xe0000
1781169705,52.1,2400000,0xe0000
1781169706,52.7,2400000,0xe0000
1781169707,52.1,2400000,0xe0000
1781169708,51.6,2400000,0xe0000
1781169709,52.1,2400000,0xe0000
1781169710,52.1,2400000,0xe0000
1781169711,51.0,2400000,0xe0000
1781169712,51.0,2400000,0xe0000
1781169713,51.6,2400000,0xe0000
1781169714,51.6,2400000,0xe0000
1781169715,51.6,2400000,0xe0000
1781169716,52.1,2400000,0xe0000
1781169717,52.1,2400000,0xe0000
1781169718,52.7,2400000,0xe0000
1781169719,52.1,2400000,0xe0000
1781169720,51.6,2400000,0xe0000
1781169721,51.6,2400000,0xe0000
1781169722,52.1,2400000,0xe0000
1781169723,52.1,2400000,0xe0000
1781169724,52.7,2400000,0xe0000
1781169725,52.1,2400000,0xe0000
1781169726,52.7,2400000,0xe0000
1781169727,52.1,2400000,0xe0000
1781169728,52.1,2400000,0xe0000
1781169729,52.7,2400000,0xe0000
1781169730,51.0,2400000,0xe0000
1781169731,52.1,2400000,0xe0000
1781169732,52.1,2400000,0xe0000
1781169733,52.1,2400000,0xe0000
1781169735,52.1,2400000,0xe0000
1781169736,51.6,2400000,0xe0000
1781169737,52.1,2400000,0xe0000
1781169738,52.1,2400000,0xe0000
1781169739,52.1,2400000,0xe0000
1781169740,52.1,2400000,0xe0000
1781169741,52.1,2400000,0xe0000
1781169742,52.1,2400000,0xe0000
1781169743,52.1,2400000,0xe0000
1781169744,52.7,2400000,0xe0000
1781169745,52.7,2400000,0xe0000
1781169746,52.7,2400000,0xe0000
1781169747,52.7,2400000,0xe0000
1781169748,52.1,2400000,0xe0000
1781169749,51.6,2400000,0xe0000
1781169750,52.7,2400000,0xe0000
1781169751,52.1,2400000,0xe0000
1781169752,51.6,2400000,0xe0000
1781169753,52.1,2400000,0xe0000
1781169754,52.1,2400000,0xe0000
1781169756,52.1,2400000,0xe0000
1781169757,52.1,2400000,0xe0000
1781169758,52.1,2400000,0xe0000
1781169759,52.1,2400000,0xe0000
1781169760,52.1,2400000,0xe0000
1781169761,52.1,2400000,0xe0000
1781169762,52.1,2400000,0xe0000
1781169763,51.6,2400000,0xe0000
1781169764,52.7,2400000,0xe0000
1781169765,52.1,2400000,0xe0000
1781169766,52.1,2400000,0xe0000
1781169767,51.6,2400000,0xe0000
1781169768,52.7,2400000,0xe0000
1781169769,52.1,2400000,0xe0000
1781169770,51.6,2400000,0xe0000
1781169771,52.1,2400000,0xe0000
1781169772,52.1,2400000,0xe0000
1781169773,51.6,2400000,0xe0000
1781169774,52.1,2400000,0xe0000
1781169775,52.1,2400000,0xe0000
1781169776,51.0,2400000,0xe0000
1781169777,52.1,2400000,0xe0000
1781169778,52.1,2400000,0xe0000
1781169779,52.1,2400000,0xe0000
1781169780,51.6,2400000,0xe0000
1781169781,52.1,2400000,0xe0000
1781169782,52.7,2400000,0xe0000
1781169783,52.1,2400000,0xe0000
1781169784,52.1,2400000,0xe0000
1781169785,52.1,2400000,0xe0000
1781169786,51.6,2400000,0xe0000
1781169787,52.1,2400000,0xe0000
1781169788,52.1,2400000,0xe0000
1781169789,51.6,2400000,0xe0000
1781169790,51.6,2400000,0xe0000
1781169791,49.9,2400000,0xe0000
1781169792,51.6,2400000,0xe0000
1781169793,52.1,2400000,0xe0000
1781169794,52.1,2400000,0xe0000
1781169795,52.7,2400000,0xe0000
1781169796,51.6,2400000,0xe0000
1781169797,51.6,2400000,0xe0000
1781169798,52.1,2400000,0xe0000
1781169799,52.1,2400000,0xe0000
1781169800,52.1,2400000,0xe0000
1781169801,52.1,2400000,0xe0000
1781169802,51.6,2400000,0xe0000
1781169803,52.1,2400000,0xe0000
1781169804,52.1,2400000,0xe0000
1781169805,52.1,2400000,0xe0000
1781169806,52.1,2400000,0xe0000
1781169807,51.6,2400000,0xe0000
1781169808,52.1,2400000,0xe0000
1781169809,52.1,2400000,0xe0000
1781169810,52.1,2400000,0xe0000
1781169811,52.7,2400000,0xe0000
1781169812,51.0,2400000,0xe0000
1781169814,52.1,2400000,0xe0000
1781169815,52.1,2400000,0xe0000
1781169816,52.1,2400000,0xe0000
1781169817,52.1,2400000,0xe0000
1781169818,52.1,2400000,0xe0000
1781169819,52.1,2400000,0xe0000
1781169820,52.1,2400000,0xe0000
1781169821,52.1,2400000,0xe0000
1781169822,52.1,2400000,0xe0000
1781169823,51.6,2400000,0xe0000
1781169824,52.1,2400000,0xe0000
1781169825,52.7,2400000,0xe0000
1781169826,52.7,2400000,0xe0000
1781169827,52.1,2400000,0xe0000
1781169828,51.6,2400000,0xe0000
1781169829,52.1,2400000,0xe0000
1781169830,52.7,2400000,0xe0000
1781169831,52.1,2400000,0xe0000
1781169832,52.7,2400000,0xe0000
1781169833,51.6,2400000,0xe0000
1781169834,52.1,2400000,0xe0000
1781169835,52.1,2400000,0xe0000
1781169836,52.1,2400000,0xe0000
1781169837,52.7,2400000,0xe0000
1781169838,52.1,2400000,0xe0000
1781169839,52.1,2400000,0xe0000
1781169840,51.6,2400000,0xe0000
1781169841,52.1,2400000,0xe0000
1781169842,52.1,2400000,0xe0000
1781169843,51.6,2400000,0xe0000
1781169844,51.6,2400000,0xe0000
1781169845,52.1,2400000,0xe0000
1781169846,52.1,2400000,0xe0000
1781169847,52.1,2400000,0xe0000
1781169849,51.6,2400000,0xe0000
1781169850,52.1,2400000,0xe0000
1781169851,52.1,2400000,0xe0000
1781169852,52.1,2400000,0xe0000
1781169853,52.1,2400000,0xe0000
1781169854,51.6,2400000,0xe0000
1781169855,52.1,2400000,0xe0000
1781169856,52.7,2400000,0xe0000
1781169857,50.5,2400000,0xe0000
1781169858,52.1,2400000,0xe0000
1781169859,51.6,2400000,0xe0000
1781169860,52.1,2400000,0xe0000
1781169861,51.6,2400000,0xe0000
1781169862,52.1,2400000,0xe0000
1781169863,51.6,2400000,0xe0000
1781169864,52.1,2400000,0xe0000
1781169865,52.7,2400000,0xe0000
1781169866,52.1,2400000,0xe0000
1781169867,52.1,2400000,0xe0000
1781169868,52.1,2400000,0xe0000
1781169869,52.1,2400000,0xe0000
1781169870,52.1,2400000,0xe0000
1781169871,51.6,2400000,0xe0000
1781169872,52.1,2400000,0xe0000
1781169873,52.1,2400000,0xe0000
1781169874,52.1,2400000,0xe0000
1781169875,51.6,2400000,0xe0000
1781169876,52.1,2400000,0xe0000
1781169877,51.6,2400000,0xe0000
1781169878,52.1,2400000,0xe0000
1781169879,52.7,2400000,0xe0000
1781169880,52.7,2400000,0xe0000
1781169882,51.0,2400000,0xe0000
1781169883,51.6,2400000,0xe0000
1781169884,52.1,2400000,0xe0000
1781169885,52.1,2400000,0xe0000
1781169886,51.6,2400000,0xe0000
1781169887,52.7,2400000,0xe0000
1781169888,52.7,2400000,0xe0000
1781169889,51.0,2400000,0xe0000
1781169890,52.1,2400000,0xe0000
1781169891,51.0,2400000,0xe0000
1781169892,52.1,2400000,0xe0000
1781169893,51.6,2400000,0xe0000
1781169894,51.6,2400000,0xe0000
1781169895,52.1,2400000,0xe0000
1781169896,51.6,2400000,0xe0000
1781169897,51.0,2400000,0xe0000
1781169898,52.1,2400000,0xe0000
1781169899,51.6,2400000,0xe0000
1781169900,51.6,2400000,0xe0000
1781169901,52.1,2400000,0xe0000
1781169902,51.0,2400000,0xe0000
1781169903,52.1,2400000,0xe0000
1781169904,52.1,2400000,0xe0000
1781169905,52.1,2400000,0xe0000
1781169906,52.1,2400000,0xe0000
1781169907,51.6,2400000,0xe0000
1781169908,52.7,2400000,0xe0000
1781169909,52.1,2400000,0xe0000
1781169910,51.6,2400000,0xe0000
1781169911,52.7,2400000,0xe0000
1781169912,51.6,2400000,0xe0000
1781169913,52.7,2400000,0xe0000
1781169914,52.7,2400000,0xe0000
1781169915,52.1,2400000,0xe0000
1781169916,52.7,2400000,0xe0000
1781169917,52.7,2400000,0xe0000
1781169918,52.1,2400000,0xe0000
1781169920,52.1,2400000,0xe0000
1781169921,52.1,2400000,0xe0000
1781169922,51.6,2400000,0xe0000
1781169923,52.7,2400000,0xe0000
1781169924,52.7,2400000,0xe0000
1781169925,52.1,2400000,0xe0000
1781169926,52.7,2400000,0xe0000
1781169927,51.6,2400000,0xe0000
1781169928,52.1,2400000,0xe0000
1781169929,51.6,2400000,0xe0000
1781169930,52.1,2400000,0xe0000
1781169931,52.1,2400000,0xe0000
1781169932,52.1,2400000,0xe0000
1781169933,52.1,2400000,0xe0000
1781169934,52.1,2400000,0xe0000
1781169935,52.1,2400000,0xe0000
1781169936,52.1,2400000,0xe0000
1781169937,52.1,2400000,0xe0000
1781169938,52.7,2400000,0xe0000
1781169939,51.6,2400000,0xe0000
1781169940,52.7,2400000,0xe0000
1781169941,51.6,2400000,0xe0000
1781169942,52.1,2400000,0xe0000
1781169943,52.7,2400000,0xe0000
1781169944,52.1,2400000,0xe0000
1781169945,52.1,2400000,0xe0000
1781169946,52.1,2400000,0xe0000
1781169947,52.1,2400000,0xe0000
1781169948,52.1,2400000,0xe0000
1781169949,51.6,2400000,0xe0000
1781169950,52.1,2400000,0xe0000
1781169951,52.7,2400000,0xe0000
1781169952,51.6,2400000,0xe0000
1781169953,51.6,2400000,0xe0000
1781169954,52.1,2400000,0xe0000
1781169955,51.6,2400000,0xe0000
1781169957,52.1,2400000,0xe0000
1781169958,51.0,2400000,0xe0000
1781169959,52.1,2400000,0xe0000
1781169960,51.0,2400000,0xe0000
1781169961,51.6,2400000,0xe0000
1781169962,51.6,2400000,0xe0000
1781169963,51.6,2400000,0xe0000
1781169964,52.1,2400000,0xe0000
1781169965,52.1,2400000,0xe0000
1781169966,52.1,2400000,0xe0000
1781169967,51.6,2400000,0xe0000
1781169968,52.1,2400000,0xe0000
1781169969,51.6,2400000,0xe0000
1781169970,51.6,2400000,0xe0000
1781169971,52.1,2400000,0xe0000
1781169972,52.1,2400000,0xe0000
1781169973,52.7,2400000,0xe0000
1781169974,52.1,2400000,0xe0000
1781169975,52.1,2400000,0xe0000
1781169976,52.7,2400000,0xe0000
1781169977,51.6,2400000,0xe0000
1781169978,52.1,2400000,0xe0000
1781169979,52.1,2400000,0xe0000
1781169980,52.1,2400000,0xe0000
1781169981,52.1,2400000,0xe0000
1781169982,51.6,2400000,0xe0000
1781169983,51.6,2400000,0xe0000
1781169984,51.6,2400000,0xe0000
1781169985,52.1,2400000,0xe0000
1781169986,52.1,2400000,0xe0000
1781169987,52.1,2400000,0xe0000
1781169988,51.6,2400000,0xe0000
1781169989,51.6,2400000,0xe0000
1781169990,52.1,2400000,0xe0000
1781169991,51.6,2400000,0xe0000
1781169992,51.6,2400000,0xe0000
1781169993,52.1,2400000,0xe0000
1781169994,52.1,2400000,0xe0000
1781169995,52.1,2400000,0xe0000
1781169996,52.7,2400000,0xe0000
1781169997,52.1,2400000,0xe0000
1781169999,52.1,2400000,0xe0000
1781170000,51.6,2400000,0xe0000
1781170001,52.1,2400000,0xe0000
1781170002,51.6,2400000,0xe0000
1781170003,52.1,2400000,0xe0000
1781170004,52.7,2400000,0xe0000
1781170005,51.6,2400000,0xe0000
1781170006,52.1,2400000,0xe0000
1781170007,52.1,2400000,0xe0000
1781170008,51.0,2400000,0xe0000
1781170009,51.6,2400000,0xe0000
1781170010,52.1,2400000,0xe0000
1781170011,52.1,2400000,0xe0000
1781170012,52.1,2400000,0xe0000
1781170013,52.7,2400000,0xe0000
1781170014,52.1,2400000,0xe0000
1781170015,52.1,2400000,0xe0000
1781170016,52.1,2400000,0xe0000
1781170017,51.6,2400000,0xe0000
1781170018,52.7,2400000,0xe0000
1781170019,51.0,2400000,0xe0000
1781170020,52.1,2400000,0xe0000
1781170021,52.1,2400000,0xe0000
1781170022,52.1,2400000,0xe0000
1781170023,51.0,2400000,0xe0000
1781170024,52.7,2400000,0xe0000
1781170025,52.1,2400000,0xe0000
1781170026,52.1,2400000,0xe0000
1781170027,52.1,2400000,0xe0000
1781170028,52.1,2400000,0xe0000
1781170029,51.6,2400000,0xe0000
1781170030,52.1,2400000,0xe0000
1781170031,52.1,2400000,0xe0000
1781170032,52.1,2400000,0xe0000
1781170033,51.6,2400000,0xe0000
1781170034,52.1,2400000,0xe0000
1781170035,51.6,2400000,0xe0000
1781170036,51.6,2400000,0xe0000
1781170037,51.0,2400000,0xe0000
1781170038,51.6,2400000,0xe0000
1781170039,52.1,2400000,0xe0000
1781170040,51.6,2400000,0xe0000
1781170041,51.6,2400000,0xe0000
1781170042,52.7,2400000,0xe0000
1781170043,52.1,2400000,0xe0000
1781170045,52.7,2400000,0xe0000
1781170046,52.1,2400000,0xe0000
1781170047,52.1,2400000,0xe0000
1781170048,52.1,2400000,0xe0000
1781170049,52.1,2400000,0xe0000
1781170050,51.6,2400000,0xe0000
1781170051,52.1,2400000,0xe0000
1781170052,52.1,2400000,0xe0000
1781170053,52.1,2400000,0xe0000
1781170054,52.7,2400000,0xe0000
1781170055,52.1,2400000,0xe0000
1781170056,52.1,2400000,0xe0000
1781170057,52.7,2400000,0xe0000
1781170058,52.1,2400000,0xe0000
1781170059,51.6,2400000,0xe0000
1781170060,51.0,2400000,0xe0000
1781170061,52.1,2400000,0xe0000
1781170062,52.7,2400000,0xe0000
1781170063,52.1,2400000,0xe0000
1781170064,52.1,2400000,0xe0000
1781170065,51.0,2400000,0xe0000
1781170066,52.1,2400000,0xe0000
1781170067,51.6,2400000,0xe0000
1781170068,52.1,2400000,0xe0000
1781170069,52.1,2400000,0xe0000
1781170071,52.1,2400000,0xe0000
1781170072,52.1,2400000,0xe0000
1781170073,51.6,2400000,0xe0000
1781170074,51.0,2400000,0xe0000
1781170075,51.6,2400000,0xe0000
1781170076,52.7,2400000,0xe0000
1781170077,51.0,2400000,0xe0000
1781170078,51.6,2400000,0xe0000
1781170079,52.1,2400000,0xe0000
1781170080,52.1,2400000,0xe0000
1781170081,52.1,2400000,0xe0000
1781170082,51.6,2400000,0xe0000
1781170083,51.6,2400000,0xe0000
1781170084,52.1,2400000,0xe0000
1781170085,52.7,2400000,0xe0000
1781170086,52.1,2400000,0xe0000
1781170087,52.1,2400000,0xe0000
1781170088,52.1,2400000,0xe0000
1781170089,51.6,2400000,0xe0000
1781170090,52.1,2400000,0xe0000
1781170091,52.7,2400000,0xe0000
1781170092,52.1,2400000,0xe0000
1781170093,52.7,2400000,0xe0000
1781170094,52.1,2400000,0xe0000
1781170095,52.1,2400000,0xe0000
1781170096,51.6,2400000,0xe0000
1781170097,52.1,2400000,0xe0000
1781170098,51.0,2400000,0xe0000
1781170099,52.1,2400000,0xe0000
1781170100,52.1,2400000,0xe0000
1781170101,50.5,2400000,0xe0000
1781170102,52.1,2400000,0xe0000
1781170103,51.6,2400000,0xe0000
1781170104,52.1,2400000,0xe0000
1781170105,52.1,2400000,0xe0000
1781170107,52.1,2400000,0xe0000
1781170108,52.1,2400000,0xe0000
1781170109,52.1,2400000,0xe0000
1781170110,51.0,2400000,0xe0000
1781170111,51.6,2400000,0xe0000
1781170112,51.6,2400000,0xe0000
1781170113,52.7,2400000,0xe0000
1781170114,52.1,2400000,0xe0000
1781170115,52.7,2400000,0xe0000
1781170116,52.1,2400000,0xe0000
1781170117,52.1,2400000,0xe0000
1781170118,52.7,2400000,0xe0000
1781170119,51.6,2400000,0xe0000
1781170120,52.1,2400000,0xe0000
1781170121,52.1,2400000,0xe0000
1781170122,51.0,2400000,0xe0000
1781170123,52.1,2400000,0xe0000
1781170124,52.1,2400000,0xe0000
1781170125,51.6,2400000,0xe0000
1781170126,51.6,2400000,0xe0000
1781170127,52.7,2400000,0xe0000
1781170128,52.1,2400000,0xe0000
1781170129,51.6,2400000,0xe0000
1781170130,51.6,2400000,0xe0000
1781170131,52.1,2400000,0xe0000
1781170132,51.0,2400000,0xe0000
1781170133,51.0,2400000,0xe0000
1781170134,52.1,2400000,0xe0000
1781170135,52.1,2400000,0xe0000
1781170136,51.6,2400000,0xe0000
1781170137,52.1,2400000,0xe0000
1781170138,51.6,2400000,0xe0000
1781170139,51.0,2400000,0xe0000
1781170140,51.6,2400000,0xe0000
1781170141,51.6,2400000,0xe0000
1781170143,51.6,2400000,0xe0000
1781170144,51.6,2400000,0xe0000
1781170145,52.1,2400000,0xe0000
1781170146,52.1,2400000,0xe0000
1781170147,52.1,2400000,0xe0000
1781170148,52.7,2400000,0xe0000
1781170149,52.7,2400000,0xe0000
1781170150,51.6,2400000,0xe0000
1781170151,52.1,2400000,0xe0000
1781170152,50.5,2400000,0xe0000
1781170153,52.1,2400000,0xe0000
1781170154,52.1,2400000,0xe0000
1781170155,52.1,2400000,0xe0000
1781170156,52.1,2400000,0xe0000
1781170157,52.1,2400000,0xe0000
1781170158,51.6,2400000,0xe0000
1781170159,52.1,2400000,0xe0000
1781170160,51.0,2400000,0xe0000
1781170161,51.6,2400000,0xe0000
1781170162,52.1,2400000,0xe0000
1781170163,52.1,2400000,0xe0000
1781170164,52.1,2400000,0xe0000
1781170165,52.1,2400000,0xe0000
1781170166,51.6,2400000,0xe0000
1781170167,51.6,2400000,0xe0000
1781170168,52.1,2400000,0xe0000
1781170169,52.1,2400000,0xe0000
1781170170,51.6,2400000,0xe0000
1781170171,52.1,2400000,0xe0000
1781170172,52.1,2400000,0xe0000
1781170173,52.1,2400000,0xe0000
1781170174,52.1,2400000,0xe0000
1781170175,52.1,2400000,0xe0000
1781170176,51.6,2400000,0xe0000
1781170177,51.6,2400000,0xe0000
1781170178,51.6,2400000,0xe0000
1781170179,52.1,2400000,0xe0000
1781170180,52.1,2400000,0xe0000
1781170181,52.1,2400000,0xe0000
1781170182,52.1,2400000,0xe0000
1781170183,52.1,2400000,0xe0000
1781170184,51.6,2400000,0xe0000
1781170186,51.6,2400000,0xe0000
1781170187,52.1,2400000,0xe0000
1781170188,50.5,2400000,0xe0000
1781170189,52.1,2400000,0xe0000
1781170190,51.0,2400000,0xe0000
1781170191,52.1,2400000,0xe0000
1781170192,52.1,2400000,0xe0000
1781170193,52.1,2400000,0xe0000
1781170194,52.1,2400000,0xe0000
1781170195,52.1,2400000,0xe0000
1781170196,52.1,2400000,0xe0000
1781170197,52.1,2400000,0xe0000
1781170198,52.1,2400000,0xe0000
1781170199,50.5,2400000,0xe0000
1781170200,52.1,2400000,0xe0000
1781170201,51.0,2400000,0xe0000
1781170202,52.1,2400000,0xe0000
1781170203,52.1,2400000,0xe0000
1781170204,52.1,2400000,0xe0000
1781170205,52.1,2400000,0xe0000
1781170206,51.6,2400000,0xe0000
1781170207,52.1,2400000,0xe0000
1781170208,52.1,2400000,0xe0000
1781170209,52.1,2400000,0xe0000
1781170210,52.1,2400000,0xe0000
1781170211,52.1,2400000,0xe0000
1781170212,52.1,2400000,0xe0000
1781170213,51.6,2400000,0xe0000
1781170214,51.6,2400000,0xe0000
1781170215,52.1,2400000,0xe0000
1781170216,52.1,2400000,0xe0000
1781170217,52.7,2400000,0xe0000
1781170219,51.6,2400000,0xe0000
1781170220,52.1,2400000,0xe0000
1781170221,51.6,2400000,0xe0000
1781170222,52.7,2400000,0xe0000
1781170223,51.6,2400000,0xe0000
1781170224,50.5,2400000,0xe0000
1781170225,52.1,2400000,0xe0000
1781170226,52.7,2400000,0xe0000
1781170227,52.1,2400000,0xe0000
1781170228,52.1,2400000,0xe0000
1781170229,51.6,2400000,0xe0000
1781170230,51.6,2400000,0xe0000
1781170231,52.1,2400000,0xe0000
1781170232,52.1,2400000,0xe0000
1781170233,52.1,2400000,0xe0000
1781170234,52.1,2400000,0xe0000
1781170235,52.1,2400000,0xe0000
1781170236,51.6,2400000,0xe0000
1781170237,52.1,2400000,0xe0000
1781170238,52.1,2400000,0xe0000
1781170239,52.1,2400000,0xe0000
1781170240,52.1,2400000,0xe0000
1781170241,52.1,2400000,0xe0000
1781170242,51.6,2400000,0xe0000
1781170243,52.1,2400000,0xe0000
1781170244,51.0,2400000,0xe0000
1781170245,52.1,2400000,0xe0000
1781170246,52.1,2400000,0xe0000
1781170247,52.1,2400000,0xe0000
1781170248,52.1,2400000,0xe0000
1781170249,51.0,2400000,0xe0000
1781170250,51.0,2400000,0xe0000
1781170251,52.1,2400000,0xe0000
1781170252,52.7,2400000,0xe0000
1781170253,51.6,2400000,0xe0000
1781170254,51.6,2400000,0xe0000
1781170255,51.6,2400000,0xe0000
1781170256,52.1,2400000,0xe0000
1781170258,52.1,2400000,0xe0000
1781170259,51.6,2400000,0xe0000
1781170260,52.1,2400000,0xe0000
1781170261,52.1,2400000,0xe0000
1781170262,52.1,2400000,0xe0000
1781170263,51.6,2400000,0xe0000
1781170264,51.6,2400000,0xe0000
1781170265,52.7,2400000,0xe0000
1781170266,52.1,2400000,0xe0000
1781170267,52.1,2400000,0xe0000
1781170268,52.1,2400000,0xe0000
1781170269,52.7,2400000,0xe0000
1781170270,51.6,2400000,0xe0000
1781170271,51.0,2400000,0xe0000
1781170272,51.6,2400000,0xe0000
1781170273,51.6,2400000,0xe0000
1781170274,52.1,2400000,0xe0000
1781170275,51.6,2400000,0xe0000
1781170276,52.7,2400000,0xe0000
1781170277,52.7,2400000,0xe0000
1781170278,51.6,2400000,0xe0000
1781170279,52.1,2400000,0xe0000
1781170280,51.6,2400000,0xe0000
1781170281,52.1,2400000,0xe0000
1781170282,51.0,2400000,0xe0000
1781170283,52.1,2400000,0xe0000
1781170284,52.1,2400000,0xe0000
1781170285,52.1,2400000,0xe0000
1781170286,51.6,2400000,0xe0000
1781170287,52.7,2400000,0xe0000
1781170288,52.1,2400000,0xe0000
1781170289,51.6,2400000,0xe0000
1781170290,51.6,2400000,0xe0000
1781170291,52.1,2400000,0xe0000
1781170292,52.7,2400000,0xe0000
1781170293,50.5,2400000,0xe0000
1781170294,51.6,2400000,0xe0000
1781170295,52.1,2400000,0xe0000
1781170297,52.1,2400000,0xe0000
1781170298,52.1,2400000,0xe0000
1781170299,52.1,2400000,0xe0000
1781170300,51.6,2400000,0xe0000
1781170301,51.6,2400000,0xe0000
1781170302,52.1,2400000,0xe0000
1781170303,52.1,2400000,0xe0000
1781170304,52.1,2400000,0xe0000
1781170305,51.6,2400000,0xe0000
1781170306,52.1,2400000,0xe0000
1781170307,52.1,2400000,0xe0000
1781170308,51.6,2400000,0xe0000
1781170309,51.0,2400000,0xe0000
1781170310,52.1,2400000,0xe0000
1781170311,51.0,2400000,0xe0000
1781170312,51.6,2400000,0xe0000
1781170313,52.1,2400000,0xe0000
1781170314,52.1,2400000,0xe0000
1781170315,51.6,2400000,0xe0000
1781170316,52.1,2400000,0xe0000
1781170317,51.6,2400000,0xe0000
1781170318,52.1,2400000,0xe0000
1781170320,50.5,2400000,0xe0000
1781170321,52.1,2400000,0xe0000
1781170322,51.6,2400000,0xe0000
1781170323,51.6,2400000,0xe0000
1781170324,52.1,2400000,0xe0000
1781170325,50.5,2400000,0xe0000
1781170326,52.1,2400000,0xe0000
1781170327,51.0,2400000,0xe0000
1781170328,51.6,2400000,0xe0000
1781170329,52.1,2400000,0xe0000
1781170330,51.6,2400000,0xe0000
1781170331,52.1,2400000,0xe0000
1781170332,52.1,2400000,0xe0000
1781170333,52.7,2400000,0xe0000
1781170334,51.6,2400000,0xe0000
1781170335,51.6,2400000,0xe0000
1781170336,50.5,2400000,0xe0000
1781170337,52.7,2400000,0xe0000
1781170338,51.6,2400000,0xe0000
1781170339,52.1,2400000,0xe0000
1781170340,52.1,2400000,0xe0000
1781170341,51.6,2400000,0xe0000
1781170342,51.6,2400000,0xe0000
1781170343,52.1,2400000,0xe0000
1781170344,51.0,2400000,0xe0000
1781170345,52.1,2400000,0xe0000
1781170346,52.1,2400000,0xe0000
1781170347,52.1,2400000,0xe0000
1781170348,52.1,2400000,0xe0000
1781170349,52.1,2400000,0xe0000
1781170350,52.1,2400000,0xe0000
1781170352,51.6,2400000,0xe0000
1781170353,52.1,2400000,0xe0000
1781170354,52.1,2400000,0xe0000
1781170355,52.1,2400000,0xe0000
1781170356,52.1,2400000,0xe0000
1781170357,52.1,2400000,0xe0000
1781170358,52.7,2400000,0xe0000
1781170359,52.1,2400000,0xe0000
1781170360,52.1,2400000,0xe0000
1781170361,52.7,2400000,0xe0000
1781170362,52.1,2400000,0xe0000
1781170363,52.1,2400000,0xe0000
1781170364,52.1,2400000,0xe0000
1781170365,52.7,2400000,0xe0000
1781170366,52.7,2400000,0xe0000
1781170367,52.1,2400000,0xe0000
1781170368,51.6,2400000,0xe0000
1781170369,51.6,2400000,0xe0000
1781170370,52.1,2400000,0xe0000
1781170371,52.1,2400000,0xe0000
1781170372,52.7,2400000,0xe0000
1781170373,52.7,2400000,0xe0000
1781170374,52.1,2400000,0xe0000
1781170375,52.7,2400000,0xe0000
1781170376,51.6,2400000,0xe0000
1781170377,52.1,2400000,0xe0000
1781170378,51.6,2400000,0xe0000
1781170379,52.1,2400000,0xe0000
1781170380,52.1,2400000,0xe0000
1781170381,51.0,2400000,0xe0000
1781170382,52.1,2400000,0xe0000
1781170383,52.1,2400000,0xe0000
1781170384,52.1,2400000,0xe0000
1781170385,51.6,2400000,0xe0000
1781170386,51.6,2400000,0xe0000
1781170387,52.1,2400000,0xe0000
1781170388,52.1,2400000,0xe0000
1781170389,52.1,2400000,0xe0000
1781170390,52.1,2400000,0xe0000
1781170391,52.1,2400000,0xe0000
1781170392,52.1,2400000,0xe0000
1781170393,52.1,2400000,0xe0000
1781170395,52.1,2400000,0xe0000
1781170396,51.6,2400000,0xe0000
1781170397,51.0,2400000,0xe0000
1781170398,51.6,2400000,0xe0000
1781170399,52.1,2400000,0xe0000
1781170400,51.6,2400000,0xe0000
1781170401,52.1,2400000,0xe0000
1781170402,52.1,2400000,0xe0000
1781170403,52.1,2400000,0xe0000
1781170404,52.1,2400000,0xe0000
1781170405,52.1,2400000,0xe0000
1781170406,51.6,2400000,0xe0000
1781170407,51.6,2400000,0xe0000
1781170408,52.1,2400000,0xe0000
1781170409,51.0,2400000,0xe0000
1781170410,52.1,2400000,0xe0000
1781170411,52.1,2400000,0xe0000
1781170412,52.1,2400000,0xe0000
1781170413,51.6,2400000,0xe0000
1781170414,52.1,2400000,0xe0000
1781170416,52.1,2400000,0xe0000
1781170417,52.1,2400000,0xe0000
1781170418,52.1,2400000,0xe0000
1781170419,52.1,2400000,0xe0000
1781170420,51.6,2400000,0xe0000
1781170421,52.1,2400000,0xe0000
1781170422,51.0,2400000,0xe0000
1781170423,52.7,2400000,0xe0000
1781170424,52.1,2400000,0xe0000
1781170425,52.1,2400000,0xe0000
1781170426,51.0,2400000,0xe0000
1781170427,52.1,2400000,0xe0000
1781170428,52.1,2400000,0xe0000
1781170429,52.1,2400000,0xe0000
1781170430,52.1,2400000,0xe0000
1781170431,51.0,2400000,0xe0000
1781170432,52.1,2400000,0xe0000
1781170433,52.1,2400000,0xe0000
1781170434,51.6,2400000,0xe0000
1781170435,51.6,2400000,0xe0000
1781170436,52.1,2400000,0xe0000
1781170437,51.0,2400000,0xe0000
1781170438,52.1,2400000,0xe0000
1781170439,52.7,2400000,0xe0000
1781170440,51.0,2400000,0xe0000
1781170441,51.6,2400000,0xe0000
1781170442,51.6,2400000,0xe0000
1781170443,51.0,2400000,0xe0000
1781170444,50.5,2400000,0xe0000
1781170445,52.1,2400000,0xe0000
1781170446,52.1,2400000,0xe0000
1781170447,52.1,2400000,0xe0000
1781170448,52.1,2400000,0xe0000
1781170449,51.6,2400000,0xe0000
1781170450,52.1,2400000,0xe0000
1781170451,51.6,2400000,0xe0000
1781170452,52.7,2400000,0xe0000
1781170453,52.1,2400000,0xe0000
1781170454,52.7,2400000,0xe0000
1781170455,52.1,2400000,0xe0000
1781170456,52.7,2400000,0xe0000
1781170457,51.6,2400000,0xe0000
1781170458,52.1,2400000,0xe0000
1781170459,52.1,2400000,0xe0000
1781170460,51.0,2400000,0xe0000
1781170461,51.0,2400000,0xe0000
1781170463,51.6,2400000,0xe0000
1781170464,51.6,2400000,0xe0000
1781170465,50.5,2400000,0xe0000
1781170466,52.1,2400000,0xe0000
1781170467,52.7,2400000,0xe0000
1781170468,51.6,2400000,0xe0000
1781170469,51.6,2400000,0xe0000
1781170470,52.1,2400000,0xe0000
1781170471,52.1,2400000,0xe0000
1781170472,52.1,2400000,0xe0000
1781170473,51.0,2400000,0xe0000
1781170474,52.1,2400000,0xe0000
1781170475,52.1,2400000,0xe0000
1781170476,52.1,2400000,0xe0000
1781170477,52.1,2400000,0xe0000
1781170478,52.1,2400000,0xe0000
1781170479,52.1,2400000,0xe0000
1781170480,52.1,2400000,0xe0000
1781170481,51.6,2400000,0xe0000
1781170482,52.1,2400000,0xe0000
1781170483,51.6,2400000,0xe0000
1781170484,52.7,2400000,0xe0000
1781170485,52.1,2400000,0xe0000
1781170486,51.6,2400000,0xe0000
1781170487,52.7,2400000,0xe0000
1781170488,52.1,2400000,0xe0000
1781170489,51.6,2400000,0xe0000
1781170490,50.5,2400000,0xe0000
1781170491,52.1,2400000,0xe0000
1781170492,51.6,2400000,0xe0000
1781170493,52.1,2400000,0xe0000
1781170495,52.1,2400000,0xe0000
1781170496,52.1,2400000,0xe0000
1781170497,52.1,2400000,0xe0000
1781170498,51.6,2400000,0xe0000
1781170499,52.1,2400000,0xe0000
1781170500,52.1,2400000,0xe0000
1781170501,52.7,2400000,0xe0000
1781170502,52.1,2400000,0xe0000
1781170503,51.6,2400000,0xe0000
1781170504,51.6,2400000,0xe0000
1781170505,51.6,2400000,0xe0000
1781170506,51.6,2400000,0xe0000
1781170507,52.1,2400000,0xe0000
1781170508,52.1,2400000,0xe0000
1781170509,51.0,2400000,0xe0000
1781170510,51.6,2400000,0xe0000
1781170511,51.0,2400000,0xe0000
1781170512,52.1,2400000,0xe0000
1781170513,52.1,2400000,0xe0000
1781170514,51.0,2400000,0xe0000
1781170515,52.1,2400000,0xe0000
1781170516,52.1,2400000,0xe0000
1781170517,52.1,2400000,0xe0000
1781170518,52.1,2400000,0xe0000
1781170519,52.1,2400000,0xe0000
1781170520,52.1,2400000,0xe0000
1781170522,52.1,2400000,0xe0000
1781170523,51.6,2400000,0xe0000
1781170524,51.0,2400000,0xe0000
1781170525,51.0,2400000,0xe0000
1781170526,52.1,2400000,0xe0000
1781170527,52.1,2400000,0xe0000
1781170528,51.6,2400000,0xe0000
1781170529,52.1,2400000,0xe0000
1781170530,51.6,2400000,0xe0000
1781170531,51.6,2400000,0xe0000
1781170532,52.1,2400000,0xe0000
1781170533,51.0,2400000,0xe0000
1781170534,52.7,2400000,0xe0000
1781170535,52.1,2400000,0xe0000
1781170536,52.1,2400000,0xe0000
1781170537,51.6,2400000,0xe0000
1781170538,51.6,2400000,0xe0000
1781170539,51.6,2400000,0xe0000
1781170540,52.1,2400000,0xe0000
1781170541,52.1,2400000,0xe0000
1781170542,52.1,2400000,0xe0000
1781170543,52.1,2400000,0xe0000
1781170544,51.6,2400000,0xe0000
1781170545,51.6,2400000,0xe0000
1781170546,51.6,2400000,0xe0000
1781170547,52.1,2400000,0xe0000
1781170548,52.1,2400000,0xe0000
1781170549,52.1,2400000,0xe0000
1781170550,52.1,2400000,0xe0000
1781170551,52.1,2400000,0xe0000
1781170552,52.1,2400000,0xe0000
1781170553,51.6,2400000,0xe0000
1781170554,52.1,2400000,0xe0000
1781170555,52.1,2400000,0xe0000
1781170556,51.6,2400000,0xe0000
1781170558,52.1,2400000,0xe0000
1781170559,52.1,2400000,0xe0000
1781170560,52.1,2400000,0xe0000
1781170561,52.1,2400000,0xe0000
1781170562,52.7,2400000,0xe0000
1781170563,52.7,2400000,0xe0000
1781170564,52.1,2400000,0xe0000
1781170565,52.1,2400000,0xe0000
1781170566,51.6,2400000,0xe0000
1781170567,52.1,2400000,0xe0000
1781170568,52.1,2400000,0xe0000
1781170569,52.1,2400000,0xe0000
1781170570,52.1,2400000,0xe0000
1781170571,51.6,2400000,0xe0000
1781170572,51.6,2400000,0xe0000
1781170573,51.6,2400000,0xe0000
1781170574,51.6,2400000,0xe0000
1781170575,52.1,2400000,0xe0000
1781170576,52.1,2400000,0xe0000
1781170577,50.5,2400000,0xe0000
1781170578,51.6,2400000,0xe0000
1781170579,51.6,2400000,0xe0000
1781170580,52.1,2400000,0xe0000
1781170581,51.6,2400000,0xe0000
1781170582,52.1,2400000,0xe0000
1781170583,51.0,2400000,0xe0000
1781170584,51.0,2400000,0xe0000
1781170585,51.6,2400000,0xe0000
1781170586,51.6,2400000,0xe0000
1781170587,52.1,2400000,0xe0000
1781170588,52.7,2400000,0xe0000
1781170589,52.1,2400000,0xe0000
1781170590,52.1,2400000,0xe0000
1781170592,52.1,2400000,0xe0000
1781170593,51.6,2400000,0xe0000
1781170594,51.6,2400000,0xe0000
1781170595,52.1,2400000,0xe0000
1781170596,52.1,2400000,0xe0000
1781170597,52.1,2400000,0xe0000
1781170598,52.1,2400000,0xe0000
1781170599,51.0,2400000,0xe0000
1781170600,51.6,2400000,0xe0000
1781170601,51.6,2400000,0xe0000
1781170602,52.1,2400000,0xe0000
1781170603,52.1,2400000,0xe0000
1781170604,51.6,2400000,0xe0000
1781170605,52.1,2400000,0xe0000
1781170606,51.0,2400000,0xe0000
1781170607,52.1,2400000,0xe0000
1781170608,51.6,2400000,0xe0000
1781170609,52.1,2400000,0xe0000
1781170610,51.0,2400000,0xe0000
1781170611,51.6,2400000,0xe0000
1781170612,51.6,2400000,0xe0000
1781170613,51.6,2400000,0xe0000
1781170614,52.1,2400000,0xe0000
1781170616,51.0,2400000,0xe0000
1781170617,52.1,2400000,0xe0000
1781170618,52.1,2400000,0xe0000
1781170619,52.1,2400000,0xe0000
1781170620,52.1,2400000,0xe0000
1781170621,51.6,2400000,0xe0000
1781170622,51.6,2400000,0xe0000
1781170623,52.1,2400000,0xe0000
1781170624,51.6,2400000,0xe0000
1781170625,51.6,2400000,0xe0000
1781170626,52.7,2400000,0xe0000
1781170627,51.6,2400000,0xe0000
1781170628,51.6,2400000,0xe0000
1781170629,52.1,2400000,0xe0000
1781170630,51.0,2400000,0xe0000
1781170631,51.6,2400000,0xe0000
1781170632,51.6,2400000,0xe0000
1781170633,50.5,2400000,0xe0000
1781170634,52.1,2400000,0xe0000
1781170635,52.1,2400000,0xe0000
1781170636,52.1,2400000,0xe0000
1781170637,51.0,2400000,0xe0000
1781170638,52.1,2400000,0xe0000
1781170639,52.1,2400000,0xe0000
1781170640,52.1,2400000,0xe0000
1781170641,51.6,2400000,0xe0000
1781170642,51.6,2400000,0xe0000
1781170643,50.5,2400000,0xe0000
1781170644,51.0,2400000,0xe0000
1781170645,52.1,2400000,0xe0000
1781170646,52.1,2400000,0xe0000
1781170647,51.0,2400000,0xe0000
1781170648,52.1,2400000,0xe0000
1781170649,51.6,2400000,0xe0000
1781170650,52.1,2400000,0xe0000
1781170651,51.6,2400000,0xe0000
1781170652,52.1,2400000,0xe0000
1781170653,52.1,2400000,0xe0000
1781170654,52.1,2400000,0xe0000
1781170655,52.1,2400000,0xe0000
1781170656,52.1,2400000,0xe0000
1781170657,51.6,2400000,0xe0000
1781170658,51.0,2400000,0xe0000
1781170659,50.5,2400000,0xe0000
1781170661,51.0,2400000,0xe0000
1781170662,51.6,2400000,0xe0000
1781170663,51.0,2400000,0xe0000
1781170664,52.1,2400000,0xe0000
1781170665,52.1,2400000,0xe0000
1781170666,52.1,2400000,0xe0000
1781170667,51.0,2400000,0xe0000
1781170668,52.1,2400000,0xe0000
1781170669,51.6,2400000,0xe0000
1781170670,52.1,2400000,0xe0000
1781170671,52.1,2400000,0xe0000
1781170672,52.1,2400000,0xe0000
1781170673,52.1,2400000,0xe0000
1781170674,52.1,2400000,0xe0000
1781170675,52.1,2400000,0xe0000
1781170676,52.1,2400000,0xe0000
1781170677,52.1,2400000,0xe0000
1781170678,52.1,2400000,0xe0000
1781170679,51.6,2400000,0xe0000
1781170680,51.0,2400000,0xe0000
1781170681,51.6,2400000,0xe0000
1781170682,52.1,2400000,0xe0000
1781170683,52.1,2400000,0xe0000
1781170684,52.1,2400000,0xe0000
1781170685,52.1,2400000,0xe0000
1781170686,52.1,2400000,0xe0000
1781170687,52.1,2400000,0xe0000
1781170688,52.1,2400000,0xe0000
1781170689,51.6,2400000,0xe0000
1781170690,51.6,2400000,0xe0000
1781170691,51.6,2400000,0xe0000
1781170692,52.1,2400000,0xe0000
1781170693,52.1,2400000,0xe0000
1781170694,51.6,2400000,0xe0000
1781170695,51.6,2400000,0xe0000
1781170696,52.1,2400000,0xe0000
1781170697,51.6,2400000,0xe0000
1781170698,52.1,2400000,0xe0000
1781170699,51.6,2400000,0xe0000
1781170701,50.5,2400000,0xe0000
1781170702,52.1,2400000,0xe0000
1781170703,52.1,2400000,0xe0000
1781170704,51.6,2400000,0xe0000
1781170705,52.1,2400000,0xe0000
1781170706,52.1,2400000,0xe0000
1781170707,52.1,2400000,0xe0000
1781170708,51.6,2400000,0xe0000
1781170709,52.1,2400000,0xe0000
1781170710,50.5,2400000,0xe0000
1781170711,52.1,2400000,0xe0000
1781170712,52.1,2400000,0xe0000
1781170713,51.6,2400000,0xe0000
1781170714,52.1,2400000,0xe0000
1781170715,52.1,2400000,0xe0000
1781170716,51.6,2400000,0xe0000
1781170717,52.7,2400000,0xe0000
1781170718,51.6,2400000,0xe0000
1781170719,52.1,2400000,0xe0000
1781170720,52.7,2400000,0xe0000
1781170721,51.6,2400000,0xe0000
1781170722,51.6,2400000,0xe0000
1781170723,51.0,2400000,0xe0000
1781170724,51.6,2400000,0xe0000
1781170725,52.7,2400000,0xe0000
1781170726,52.1,2400000,0xe0000
1781170727,49.9,2400000,0xe0000
1781170728,52.1,2400000,0xe0000
1781170729,52.1,2400000,0xe0000
1781170730,51.6,2400000,0xe0000
1781170731,51.6,2400000,0xe0000
1781170732,52.7,2400000,0xe0000
1781170734,51.6,2400000,0xe0000
1781170735,52.1,2400000,0xe0000
1781170736,51.6,2400000,0xe0000
1781170737,52.1,2400000,0xe0000
1781170738,52.1,2400000,0xe0000
1781170739,52.1,2400000,0xe0000
1781170740,52.1,2400000,0xe0000
1781170741,52.1,2400000,0xe0000
1781170742,52.1,2400000,0xe0000
1781170743,52.1,2400000,0xe0000
1781170744,51.6,2400000,0xe0000
1781170745,52.1,2400000,0xe0000
1781170746,52.1,2400000,0xe0000
1781170747,52.7,2400000,0xe0000
1781170748,52.1,2400000,0xe0000
1781170749,51.6,2400000,0xe0000
1781170750,52.1,2400000,0xe0000
1781170751,51.6,2400000,0xe0000
1781170752,52.7,2400000,0xe0000
1781170753,51.6,2400000,0xe0000
1781170754,52.1,2400000,0xe0000
1781170755,52.1,2400000,0xe0000
1781170756,52.1,2400000,0xe0000
1781170757,51.6,2400000,0xe0000
1781170758,52.1,2400000,0xe0000
1781170759,51.6,2400000,0xe0000
1781170760,52.1,2400000,0xe0000
1781170761,52.7,2400000,0xe0000
1781170762,52.1,2400000,0xe0000
1781170763,52.7,2400000,0xe0000
1781170764,51.6,2400000,0xe0000
1781170765,52.1,2400000,0xe0000
1781170766,51.0,2400000,0xe0000
1781170767,51.6,2400000,0xe0000
1781170768,52.1,2400000,0xe0000
1781170769,52.1,2400000,0xe0000
1781170770,52.1,2400000,0xe0000
1781170771,52.1,2400000,0xe0000
1781170772,52.7,2400000,0xe0000
1781170773,52.7,2400000,0xe0000
1781170774,52.7,2400000,0xe0000
1781170775,52.1,2400000,0xe0000
1781170776,52.7,2400000,0xe0000
1781170777,52.1,2400000,0xe0000
1781170779,52.1,2400000,0xe0000
1781170780,52.7,2400000,0xe0000
1781170781,51.6,2400000,0xe0000
1781170782,52.1,2400000,0xe0000
1781170783,51.6,2400000,0xe0000
1781170784,52.1,2400000,0xe0000
1781170785,51.6,2400000,0xe0000
1781170786,51.6,2400000,0xe0000
1781170787,52.1,2400000,0xe0000
1781170788,52.1,2400000,0xe0000
1781170789,52.1,2400000,0xe0000
1781170790,52.1,2400000,0xe0000
1781170791,52.1,2400000,0xe0000
1781170792,52.1,2400000,0xe0000
1781170793,51.6,2400000,0xe0000
1781170794,51.6,2400000,0xe0000
1781170795,52.7,2400000,0xe0000
1781170796,51.6,2400000,0xe0000
1781170797,52.1,2400000,0xe0000
1781170798,52.7,2400000,0xe0000
1781170799,52.1,2400000,0xe0000
1781170800,52.7,2400000,0xe0000
1781170801,51.6,2400000,0xe0000
1781170802,52.1,2400000,0xe0000
1781170803,52.7,2400000,0xe0000
1781170804,51.0,2400000,0xe0000
1781170805,51.0,2400000,0xe0000
1781170806,52.1,2400000,0xe0000
1781170807,51.6,2400000,0xe0000
1781170808,51.6,2400000,0xe0000
1781170809,52.1,2400000,0xe0000
1781170810,51.6,2400000,0xe0000
1781170811,50.5,2400000,0xe0000
1781170812,52.1,2400000,0xe0000
1781170814,52.1,2400000,0xe0000
1781170815,52.1,2400000,0xe0000
1781170816,51.6,2400000,0xe0000
1781170817,52.1,2400000,0xe0000
1781170818,52.1,2400000,0xe0000
1781170819,52.1,2400000,0xe0000
1781170820,52.1,2400000,0xe0000
1781170821,52.1,2400000,0xe0000
1781170822,52.1,2400000,0xe0000
1781170823,52.1,2400000,0xe0000
1781170824,51.0,2400000,0xe0000
1781170825,51.6,2400000,0xe0000
1781170826,51.6,2400000,0xe0000
1781170827,51.0,2400000,0xe0000
1781170828,52.7,2400000,0xe0000
1781170829,52.1,2400000,0xe0000
1781170830,51.0,2400000,0xe0000
1781170831,51.6,2400000,0xe0000
1781170832,51.6,2400000,0xe0000
1781170833,51.0,2400000,0xe0000
1781170834,52.7,2400000,0xe0000
1781170835,52.1,2400000,0xe0000
1781170836,52.1,2400000,0xe0000
1781170837,52.1,2400000,0xe0000
1781170838,50.5,2400000,0xe0000
1781170839,51.0,2400000,0xe0000
1781170840,51.6,2400000,0xe0000
1781170841,51.6,2400000,0xe0000
1781170843,52.7,2400000,0xe0000
1781170844,52.1,2400000,0xe0000
1781170845,52.1,2400000,0xe0000
1781170846,52.1,2400000,0xe0000
1781170847,51.0,2400000,0xe0000
1781170848,52.1,2400000,0xe0000
1781170849,52.1,2400000,0xe0000
1781170850,51.0,2400000,0xe0000
1781170851,51.6,2400000,0xe0000
1781170852,51.6,2400000,0xe0000
1781170853,50.5,2400000,0xe0000
1781170854,51.6,2400000,0xe0000
1781170855,51.6,2400000,0xe0000
1781170856,51.6,2400000,0xe0000
1781170857,52.1,2400000,0xe0000
1781170858,51.6,2400000,0xe0000
1781170859,52.1,2400000,0xe0000
1781170860,51.6,2400000,0xe0000
1781170861,52.1,2400000,0xe0000
1781170862,51.0,2400000,0xe0000
1781170863,52.1,2400000,0xe0000
1781170864,52.1,2400000,0xe0000
1781170865,52.1,2400000,0xe0000
1781170866,52.1,2400000,0xe0000
1781170867,52.1,2400000,0xe0000
1781170868,52.1,2400000,0xe0000
1781170869,51.6,2400000,0xe0000
1781170870,52.7,2400000,0xe0000
1781170871,52.1,2400000,0xe0000
1781170872,51.0,2400000,0xe0000
1781170873,51.6,2400000,0xe0000
1781170874,52.1,2400000,0xe0000
1781170875,52.1,2400000,0xe0000
1781170877,51.6,2400000,0xe0000
1781170878,52.1,2400000,0xe0000
1781170879,52.1,2400000,0xe0000
1781170880,52.7,2400000,0xe0000
1781170881,51.6,2400000,0xe0000
1781170882,52.1,2400000,0xe0000
1781170883,52.1,2400000,0xe0000
1781170884,52.1,2400000,0xe0000
1781170885,52.1,2400000,0xe0000
1781170886,51.6,2400000,0xe0000
1781170887,52.1,2400000,0xe0000
1781170888,51.6,2400000,0xe0000
1781170889,52.1,2400000,0xe0000
1781170890,52.7,2400000,0xe0000
1781170891,51.6,2400000,0xe0000
1781170892,51.6,2400000,0xe0000
1781170893,52.1,2400000,0xe0000
1781170894,52.1,2400000,0xe0000
1781170895,51.6,2400000,0xe0000
1781170896,51.6,2400000,0xe0000
1781170897,50.5,2400000,0xe0000
1781170898,51.6,2400000,0xe0000
1781170899,52.1,2400000,0xe0000
1781170900,51.6,2400000,0xe0000
1781170901,51.6,2400000,0xe0000
1781170902,52.1,2400000,0xe0000
1781170903,52.1,2400000,0xe0000
1781170904,52.1,2400000,0xe0000
1781170905,52.1,2400000,0xe0000
1781170906,52.1,2400000,0xe0000
1781170907,51.0,2400000,0xe0000
1781170908,52.1,2400000,0xe0000
1781170909,52.1,2400000,0xe0000
1781170910,51.6,2400000,0xe0000
1781170912,52.1,2400000,0xe0000
1781170913,51.6,2400000,0xe0000
1781170914,51.0,2400000,0xe0000
1781170915,51.0,2400000,0xe0000
1781170916,51.6,2400000,0xe0000
1781170917,51.6,2400000,0xe0000
1781170918,52.1,2400000,0xe0000
1781170919,52.1,2400000,0xe0000
1781170920,52.1,2400000,0xe0000
1781170921,51.6,2400000,0xe0000
1781170922,52.1,2400000,0xe0000
1781170923,51.0,2400000,0xe0000
1781170924,52.1,2400000,0xe0000
1781170925,51.6,2400000,0xe0000
1781170926,52.1,2400000,0xe0000
1781170927,51.6,2400000,0xe0000
1781170928,52.1,2400000,0xe0000
1781170929,52.1,2400000,0xe0000
1781170930,52.1,2400000,0xe0000
1781170931,51.0,2400000,0xe0000
1781170932,52.1,2400000,0xe0000
1781170933,51.6,2400000,0xe0000
1781170934,52.7,2400000,0xe0000
1781170936,52.1,2400000,0xe0000
1781170937,51.6,2400000,0xe0000
1781170938,51.6,2400000,0xe0000
1781170939,52.1,2400000,0xe0000
1781170940,52.1,2400000,0xe0000
1781170941,51.6,2400000,0xe0000
1781170942,52.1,2400000,0xe0000
1781170943,52.1,2400000,0xe0000
1781170944,52.1,2400000,0xe0000
1781170945,51.6,2400000,0xe0000
1781170946,52.1,2400000,0xe0000
1781170947,52.1,2400000,0xe0000
1781170948,52.1,2400000,0xe0000
1781170949,51.6,2400000,0xe0000
1781170950,51.6,2400000,0xe0000
1781170951,51.6,2400000,0xe0000
1781170952,52.7,2400000,0xe0000
1781170953,51.0,2400000,0xe0000
1781170954,52.7,2400000,0xe0000
1781170955,52.7,2400000,0xe0000
1781170956,51.6,2400000,0xe0000
1781170957,51.6,2400000,0xe0000
1781170958,51.6,2400000,0xe0000
1781170959,52.1,2400000,0xe0000
1781170960,51.6,2400000,0xe0000
1781170961,51.6,2400000,0xe0000
1781170962,52.1,2400000,0xe0000
1781170963,52.1,2400000,0xe0000
1781170964,52.1,2400000,0xe0000
1781170965,51.6,2400000,0xe0000
1781170966,52.1,2400000,0xe0000
1781170967,52.1,2400000,0xe0000
1781170968,52.7,2400000,0xe0000
1781170969,51.6,2400000,0xe0000
1781170970,52.1,2400000,0xe0000
1781170971,51.6,2400000,0xe0000
1781170972,52.1,2400000,0xe0000
1781170973,52.1,2400000,0xe0000
1781170974,52.1,2400000,0xe0000
1781170975,52.1,2400000,0xe0000
1781170976,52.1,2400000,0xe0000
1781170977,52.1,2400000,0xe0000
1781170978,52.1,2400000,0xe0000
1781170980,52.1,2400000,0xe0000
1781170981,51.6,2400000,0xe0000
1781170982,51.6,2400000,0xe0000
1781170983,51.6,2400000,0xe0000
1781170984,52.1,2400000,0xe0000
1781170985,51.6,2400000,0xe0000
1781170986,51.6,2400000,0xe0000
1781170987,52.1,2400000,0xe0000
1781170988,52.1,2400000,0xe0000
1781170989,51.6,2400000,0xe0000
1781170990,51.6,2400000,0xe0000
1781170991,51.0,2400000,0xe0000
1781170992,52.1,2400000,0xe0000
1781170993,51.6,2400000,0xe0000
1781170994,51.6,2400000,0xe0000
1781170995,52.1,2400000,0xe0000
1781170996,52.1,2400000,0xe0000
1781170997,52.1,2400000,0xe0000
1781170998,52.1,2400000,0xe0000
1781170999,52.1,2400000,0xe0000
1781171000,51.6,2400000,0xe0000
1781171001,51.6,2400000,0xe0000
1781171002,51.6,2400000,0xe0000
1781171003,52.7,2400000,0xe0000
1781171004,51.6,2400000,0xe0000
1781171005,52.1,2400000,0xe0000
1781171006,51.6,2400000,0xe0000
1781171007,52.1,2400000,0xe0000
1781171008,51.6,2400000,0xe0000
1781171009,52.1,2400000,0xe0000
1781171010,51.6,2400000,0xe0000
1781171011,51.6,2400000,0xe0000
1781171012,52.1,2400000,0xe0000
1781171013,52.1,2400000,0xe0000
1781171014,51.6,2400000,0xe0000
1781171015,51.6,2400000,0xe0000
1781171016,51.6,2400000,0xe0000
1781171017,52.1,2400000,0xe0000
1781171018,51.0,2400000,0xe0000
1781171020,51.6,2400000,0xe0000
1781171021,51.6,2400000,0xe0000
1781171022,51.6,2400000,0xe0000
1781171023,51.6,2400000,0xe0000
1781171024,52.1,2400000,0xe0000
1781171025,52.1,2400000,0xe0000
1781171026,51.6,2400000,0xe0000
1781171027,52.1,2400000,0xe0000
1781171028,52.1,2400000,0xe0000
1781171029,52.1,2400000,0xe0000
1781171030,52.1,2400000,0xe0000
1781171031,51.6,2400000,0xe0000
1781171032,51.6,2400000,0xe0000
1781171033,52.1,2400000,0xe0000
1781171034,52.1,2400000,0xe0000
1781171035,52.1,2400000,0xe0000
1781171036,51.6,2400000,0xe0000
1781171037,51.6,2400000,0xe0000
1781171038,51.0,2400000,0xe0000
1781171039,51.0,2400000,0xe0000
1781171040,52.1,2400000,0xe0000
1781171041,52.7,2400000,0xe0000
1781171042,51.6,2400000,0xe0000
1781171043,51.0,2400000,0xe0000
1781171044,52.7,2400000,0xe0000
1781171045,51.6,2400000,0xe0000
1781171046,51.6,2400000,0xe0000
1781171047,51.6,2400000,0xe0000
1781171049,52.7,2400000,0xe0000
1781171050,52.1,2400000,0xe0000
1781171051,52.1,2400000,0xe0000
1781171052,51.6,2400000,0xe0000
1781171053,51.6,2400000,0xe0000
1781171054,52.1,2400000,0xe0000
1781171055,50.5,2400000,0xe0000
1781171056,51.6,2400000,0xe0000
1781171057,52.7,2400000,0xe0000
1781171058,52.7,2400000,0xe0000
1781171059,52.1,2400000,0xe0000
1781171060,52.1,2400000,0xe0000
1781171061,52.1,2400000,0xe0000
1781171062,52.1,2400000,0xe0000
1781171063,52.1,2400000,0xe0000
1781171064,52.1,2400000,0xe0000
1781171065,51.6,2400000,0xe0000
1781171066,51.0,2400000,0xe0000
1781171067,51.0,2400000,0xe0000
1781171068,51.6,2400000,0xe0000
1781171069,51.6,2400000,0xe0000
1781171070,52.1,2400000,0xe0000
1781171071,51.6,2400000,0xe0000
1781171072,52.1,2400000,0xe0000
1781171073,52.1,2400000,0xe0000
1781171074,51.0,2400000,0xe0000
1781171075,51.6,2400000,0xe0000
1781171076,52.1,2400000,0xe0000
1781171077,51.6,2400000,0xe0000
1781171078,52.1,2400000,0xe0000
1781171079,51.6,2400000,0xe0000
1781171080,51.6,2400000,0xe0000
1781171081,51.0,2400000,0xe0000
1781171082,52.1,2400000,0xe0000
1781171083,52.1,2400000,0xe0000
1781171084,52.1,2400000,0xe0000
1781171085,51.0,2400000,0xe0000
1781171086,51.6,2400000,0xe0000
1781171087,51.6,2400000,0xe0000
1781171089,51.6,2400000,0xe0000
1781171090,52.1,2400000,0xe0000
1781171091,51.6,2400000,0xe0000
1781171092,52.1,2400000,0xe0000
1781171093,51.6,2400000,0xe0000
1781171094,52.1,2400000,0xe0000
1781171095,52.1,2400000,0xe0000
1781171096,51.0,2400000,0xe0000
1781171097,52.1,2400000,0xe0000
1781171098,51.6,2400000,0xe0000
1781171099,52.1,2400000,0xe0000
1781171100,52.1,2400000,0xe0000
1781171101,52.7,2400000,0xe0000
1781171102,52.1,2400000,0xe0000
1781171103,52.1,2400000,0xe0000
1781171104,51.6,2400000,0xe0000
1781171105,51.6,2400000,0xe0000
1781171106,52.1,2400000,0xe0000
1781171107,52.7,2400000,0xe0000
1781171108,51.6,2400000,0xe0000
1781171109,52.1,2400000,0xe0000
1781171110,52.1,2400000,0xe0000
1781171111,52.1,2400000,0xe0000
1781171112,52.7,2400000,0xe0000
1781171113,52.1,2400000,0xe0000
1781171114,52.1,2400000,0xe0000
1781171115,51.6,2400000,0xe0000
1781171116,52.1,2400000,0xe0000
1781171117,51.6,2400000,0xe0000
1781171118,52.1,2400000,0xe0000
1781171119,52.1,2400000,0xe0000
1781171120,52.1,2400000,0xe0000
1781171121,51.6,2400000,0xe0000
1781171122,52.1,2400000,0xe0000
1781171123,51.0,2400000,0xe0000
1781171124,52.1,2400000,0xe0000
1781171125,51.6,2400000,0xe0000
1781171126,51.6,2400000,0xe0000
1781171127,52.1,2400000,0xe0000
1781171128,51.6,2400000,0xe0000
1781171129,52.1,2400000,0xe0000
1781171130,51.6,2400000,0xe0000
1781171131,52.1,2400000,0xe0000
1781171132,52.1,2400000,0xe0000
1781171134,51.6,2400000,0xe0000
1781171135,52.1,2400000,0xe0000
1781171136,51.0,2400000,0xe0000
1781171137,52.1,2400000,0xe0000
1781171138,52.1,2400000,0xe0000
1781171139,52.1,2400000,0xe0000
1781171140,52.1,2400000,0xe0000
1781171141,52.1,2400000,0xe0000
1781171142,52.1,2400000,0xe0000
1781171143,52.1,2400000,0xe0000
1781171144,52.7,2400000,0xe0000
1781171145,51.6,2400000,0xe0000
1781171146,52.1,2400000,0xe0000
1781171147,52.1,2400000,0xe0000
1781171148,52.1,2400000,0xe0000
1781171149,52.1,2400000,0xe0000
1781171150,51.6,2400000,0xe0000
1781171151,52.1,2400000,0xe0000
1781171152,51.0,2400000,0xe0000
1781171153,51.0,2400000,0xe0000
1781171154,52.7,2400000,0xe0000
1781171155,52.1,2400000,0xe0000
1781171156,52.7,2400000,0xe0000
1781171157,52.1,2400000,0xe0000
1781171158,52.1,2400000,0xe0000
1781171160,51.6,2400000,0xe0000
1781171161,51.6,2400000,0xe0000
1781171162,52.1,2400000,0xe0000
1781171163,52.1,2400000,0xe0000
1781171164,51.0,2400000,0xe0000
1781171165,52.1,2400000,0xe0000
1781171166,52.1,2400000,0xe0000
1781171167,51.0,2400000,0xe0000
1781171168,52.1,2400000,0xe0000
1781171169,51.6,2400000,0xe0000
1781171170,52.7,2400000,0xe0000
1781171171,51.6,2400000,0xe0000
1781171172,51.0,2400000,0xe0000
1781171173,51.6,2400000,0xe0000
1781171174,52.1,2400000,0xe0000
1781171175,51.0,2400000,0xe0000
1781171176,51.6,2400000,0xe0000
1781171177,51.6,2400000,0xe0000
1781171178,51.0,2400000,0xe0000
1781171179,52.1,2400000,0xe0000
1781171180,52.7,2400000,0xe0000
1781171181,51.6,2400000,0xe0000
1781171182,51.6,2400000,0xe0000
1781171183,52.1,2400000,0xe0000
1781171184,52.1,2400000,0xe0000
1781171185,51.6,2400000,0xe0000
1781171186,52.1,2400000,0xe0000
1781171187,51.6,2400000,0xe0000
1781171188,51.6,2400000,0xe0000
1781171189,52.1,2400000,0xe0000
1781171190,51.6,2400000,0xe0000
1781171191,51.0,2400000,0xe0000
1781171192,52.1,2400000,0xe0000
1781171194,51.6,2400000,0xe0000
1781171195,51.0,2400000,0xe0000
1781171196,51.0,2400000,0xe0000
1781171197,52.7,2400000,0xe0000
1781171198,51.6,2400000,0xe0000
1781171199,52.1,2400000,0xe0000
1781171200,52.1,2400000,0xe0000
1781171201,51.0,2400000,0xe0000
1781171202,51.6,2400000,0xe0000
1781171203,52.1,2400000,0xe0000
1781171204,52.1,2400000,0xe0000
1781171205,52.1,2400000,0xe0000
1781171206,52.1,2400000,0xe0000
1781171207,52.1,2400000,0xe0000
1781171208,52.7,2400000,0xe0000
1781171209,52.1,2400000,0xe0000
1781171210,51.6,2400000,0xe0000
1781171211,52.1,2400000,0xe0000
1781171212,52.1,2400000,0xe0000
1781171213,51.6,2400000,0xe0000
1781171214,52.1,2400000,0xe0000
1781171215,51.6,2400000,0xe0000
1781171216,52.7,2400000,0xe0000
1781171217,51.6,2400000,0xe0000
1781171218,51.0,2400000,0xe0000
1781171219,52.1,2400000,0xe0000
1781171220,52.1,2400000,0xe0000
1781171221,52.1,2400000,0xe0000
1781171222,51.6,2400000,0xe0000
1781171223,52.1,2400000,0xe0000
1781171224,52.1,2400000,0xe0000
1781171225,52.1,2400000,0xe0000
1781171226,51.0,2400000,0xe0000
1781171227,51.6,2400000,0xe0000
1781171228,52.1,2400000,0xe0000
1781171230,52.1,2400000,0xe0000
1781171231,51.6,2400000,0xe0000
1781171232,52.1,2400000,0xe0000
1781171233,51.6,2400000,0xe0000
1781171234,52.1,2400000,0xe0000
1781171235,52.1,2400000,0xe0000
1781171236,51.6,2400000,0xe0000
1781171237,52.1,2400000,0xe0000
1781171238,52.1,2400000,0xe0000
1781171239,52.1,2400000,0xe0000
1781171240,52.1,2400000,0xe0000
1781171241,52.1,2400000,0xe0000
1781171242,51.6,2400000,0xe0000
1781171243,51.6,2400000,0xe0000
1781171244,51.6,2400000,0xe0000
1781171245,51.6,2400000,0xe0000
1781171246,51.6,2400000,0xe0000
1781171247,51.6,2400000,0xe0000
1781171249,52.1,2400000,0xe0000
1781171250,51.6,2400000,0xe0000
1781171251,51.6,2400000,0xe0000
1781171252,52.7,2400000,0xe0000
1781171253,52.1,2400000,0xe0000
1781171254,51.6,2400000,0xe0000
1781171255,52.1,2400000,0xe0000
1781171256,51.6,2400000,0xe0000
1781171257,51.6,2400000,0xe0000
1781171258,52.1,2400000,0xe0000
1781171259,51.6,2400000,0xe0000
1781171260,52.1,2400000,0xe0000
1781171261,51.6,2400000,0xe0000
1781171262,51.6,2400000,0xe0000
1781171263,51.0,2400000,0xe0000
1781171264,51.6,2400000,0xe0000
1781171265,51.0,2400000,0xe0000
1781171266,51.0,2400000,0xe0000
1781171267,52.1,2400000,0xe0000
1781171268,52.1,2400000,0xe0000
1781171269,52.1,2400000,0xe0000
1781171270,52.1,2400000,0xe0000
1781171271,51.6,2400000,0xe0000
1781171272,52.1,2400000,0xe0000
1781171273,51.6,2400000,0xe0000
1781171274,52.1,2400000,0xe0000
1781171275,52.1,2400000,0xe0000
1781171276,52.1,2400000,0xe0000
1781171277,52.1,2400000,0xe0000
1781171278,51.6,2400000,0xe0000
1781171279,52.1,2400000,0xe0000
1781171280,52.7,2400000,0xe0000
1781171281,52.1,2400000,0xe0000
1781171282,51.6,2400000,0xe0000
1781171283,51.6,2400000,0xe0000
1781171285,51.6,2400000,0xe0000
1781171286,51.6,2400000,0xe0000
1781171287,52.1,2400000,0xe0000
1781171288,52.1,2400000,0xe0000
1781171289,52.1,2400000,0xe0000
1781171290,52.7,2400000,0xe0000
1781171291,52.1,2400000,0xe0000
1781171292,51.6,2400000,0xe0000
1781171293,52.1,2400000,0xe0000
1781171294,51.6,2400000,0xe0000
1781171295,51.0,2400000,0xe0000
1781171296,51.0,2400000,0xe0000
1781171297,52.1,2400000,0xe0000
1781171298,52.1,2400000,0xe0000
1781171299,52.1,2400000,0xe0000
1781171300,51.0,2400000,0xe0000
1781171301,51.6,2400000,0xe0000
1781171302,51.6,2400000,0xe0000
1781171303,51.6,2400000,0xe0000
1781171304,51.6,2400000,0xe0000
1781171305,51.6,2400000,0xe0000
1781171306,52.7,2400000,0xe0000
1781171307,52.7,2400000,0xe0000
1781171308,52.1,2400000,0xe0000
1781171309,52.1,2400000,0xe0000
1781171310,52.7,2400000,0xe0000
1781171311,51.6,2400000,0xe0000
1781171312,51.6,2400000,0xe0000
1781171313,52.1,2400000,0xe0000
1781171314,52.1,2400000,0xe0000
1781171315,52.1,2400000,0xe0000
1781171316,52.1,2400000,0xe0000
1781171317,51.6,2400000,0xe0000
1781171318,51.0,2400000,0xe0000
1781171319,52.1,2400000,0xe0000
1781171320,51.6,2400000,0xe0000
1781171321,52.1,2400000,0xe0000
1781171322,51.6,2400000,0xe0000
1781171323,52.1,2400000,0xe0000
1781171325,52.1,2400000,0xe0000
1781171326,51.6,2400000,0xe0000
1781171327,52.1,2400000,0xe0000
1781171328,52.1,2400000,0xe0000
1781171329,52.1,2400000,0xe0000
1781171330,52.1,2400000,0xe0000
1781171331,52.1,2400000,0xe0000
1781171332,51.6,2400000,0xe0000
1781171333,52.7,2400000,0xe0000
1781171334,51.0,2400000,0xe0000
1781171335,52.1,2400000,0xe0000
1781171336,52.1,2400000,0xe0000
1781171337,51.6,2400000,0xe0000
1781171338,51.0,2400000,0xe0000
1781171339,52.1,2400000,0xe0000
1781171340,52.1,2400000,0xe0000
1781171341,51.6,2400000,0xe0000
1781171342,52.1,2400000,0xe0000
1781171343,51.6,2400000,0xe0000
1781171344,52.1,2400000,0xe0000
1781171345,52.1,2400000,0xe0000
1781171346,51.6,2400000,0xe0000
1781171347,52.1,2400000,0xe0000
1781171348,52.1,2400000,0xe0000
1781171349,51.6,2400000,0xe0000
1781171350,51.6,2400000,0xe0000
1781171351,51.6,2400000,0xe0000
1781171352,52.7,2400000,0xe0000
1781171353,51.6,2400000,0xe0000
1781171354,51.0,2400000,0xe0000
1781171356,52.1,2400000,0xe0000
1781171357,52.1,2400000,0xe0000
1781171358,52.1,2400000,0xe0000
1781171359,51.6,2400000,0xe0000
1781171360,52.1,2400000,0xe0000
1781171361,51.6,2400000,0xe0000
1781171362,51.0,2400000,0xe0000
1781171363,52.1,2400000,0xe0000
1781171364,52.1,2400000,0xe0000
1781171365,51.6,2400000,0xe0000
1781171366,51.6,2400000,0xe0000
1781171367,52.1,2400000,0xe0000
1781171368,51.6,2400000,0xe0000
1781171369,52.1,2400000,0xe0000
1781171370,52.7,2400000,0xe0000
1781171371,51.6,2400000,0xe0000
1781171372,52.1,2400000,0xe0000
1781171373,52.1,2400000,0xe0000
1781171374,52.1,2400000,0xe0000
1781171375,52.1,2400000,0xe0000
1781171376,51.6,2400000,0xe0000
1781171377,51.6,2400000,0xe0000
1781171378,52.7,2400000,0xe0000
1781171379,52.1,2400000,0xe0000
1781171380,52.1,2400000,0xe0000
1781171381,52.1,2400000,0xe0000
1781171382,52.1,2400000,0xe0000
1781171383,52.1,2400000,0xe0000
1781171384,52.1,2400000,0xe0000
1781171385,51.6,2400000,0xe0000
1781171386,51.6,2400000,0xe0000
1781171387,51.0,2400000,0xe0000
1781171388,51.6,2400000,0xe0000
1781171390,51.0,2400000,0xe0000
1781171391,52.7,2400000,0xe0000
1781171392,52.1,2400000,0xe0000
1781171393,51.6,2400000,0xe0000
1781171394,50.5,2400000,0xe0000
1781171395,52.1,2400000,0xe0000
1781171396,51.6,2400000,0xe0000
1781171397,51.0,2400000,0xe0000
1781171398,52.7,2400000,0xe0000
1781171399,52.1,2400000,0xe0000
1781171400,51.6,2400000,0xe0000
1781171401,51.6,2400000,0xe0000
1781171402,52.1,2400000,0xe0000
1781171403,52.1,2400000,0xe0000
1781171404,51.0,2400000,0xe0000
1781171405,52.1,2400000,0xe0000
1781171406,52.1,2400000,0xe0000
1781171407,52.1,2400000,0xe0000
1781171408,52.1,2400000,0xe0000
1781171409,51.0,2400000,0xe0000
1781171410,51.6,2400000,0xe0000
1781171411,52.1,2400000,0xe0000
1781171412,51.6,2400000,0xe0000
1781171413,52.1,2400000,0xe0000
1781171414,52.1,2400000,0xe0000
1781171415,51.6,2400000,0xe0000
1781171416,51.6,2400000,0xe0000
1781171417,51.0,2400000,0xe0000
1781171418,52.1,2400000,0xe0000
1781171419,51.6,2400000,0xe0000
1781171420,51.6,2400000,0xe0000
1781171421,51.6,2400000,0xe0000
1781171422,52.1,2400000,0xe0000
1781171423,52.1,2400000,0xe0000
1781171424,51.6,2400000,0xe0000
1781171425,51.0,2400000,0xe0000
1781171426,51.0,2400000,0xe0000
1781171428,52.1,2400000,0xe0000
1781171429,51.6,2400000,0xe0000
1781171430,52.7,2400000,0xe0000
1781171431,52.1,2400000,0xe0000
1781171432,51.6,2400000,0xe0000
1781171433,52.1,2400000,0xe0000
1781171434,51.0,2400000,0xe0000
1781171435,52.1,2400000,0xe0000
1781171436,52.1,2400000,0xe0000
1781171437,52.1,2400000,0xe0000
1781171438,52.1,2400000,0xe0000
1781171439,52.1,2400000,0xe0000
1781171440,51.6,2400000,0xe0000
1781171441,52.1,2400000,0xe0000
1781171442,51.6,2400000,0xe0000
1781171443,52.1,2400000,0xe0000
1781171444,51.6,2400000,0xe0000
1781171445,51.6,2400000,0xe0000
1781171446,52.1,2400000,0xe0000
1781171447,51.6,2400000,0xe0000
1781171449,51.6,2400000,0xe0000
1781171450,51.0,2400000,0xe0000
1781171451,52.1,2400000,0xe0000
1781171452,51.6,2400000,0xe0000
1781171453,51.6,2400000,0xe0000
1781171454,51.6,2400000,0xe0000
1781171455,51.0,2400000,0xe0000
1781171456,51.0,2400000,0xe0000
1781171457,51.6,2400000,0xe0000
1781171458,51.6,2400000,0xe0000
1781171459,51.0,2400000,0xe0000
1781171460,51.0,2400000,0xe0000
1781171461,52.7,2400000,0xe0000
1781171462,51.6,2400000,0xe0000
1781171463,51.0,2400000,0xe0000
1781171464,51.6,2400000,0xe0000
1781171465,51.6,2400000,0xe0000
1781171466,51.6,2400000,0xe0000
1781171467,52.1,2400000,0xe0000
1781171468,52.1,2400000,0xe0000
1781171469,52.1,2400000,0xe0000
1781171470,51.6,2400000,0xe0000
1781171471,51.6,2400000,0xe0000
1781171472,52.7,2400000,0xe0000
1781171473,52.1,2400000,0xe0000
1781171474,52.1,2400000,0xe0000
1781171475,52.1,2400000,0xe0000
1781171476,51.6,2400000,0xe0000
1781171477,51.6,2400000,0xe0000
1781171478,51.6,2400000,0xe0000
1781171479,51.0,2400000,0xe0000
1781171480,52.1,2400000,0xe0000
1781171481,52.1,2400000,0xe0000
1781171482,52.1,2400000,0xe0000
1781171483,52.1,2400000,0xe0000
1781171485,52.1,2400000,0xe0000
1781171486,52.1,2400000,0xe0000
1781171487,50.5,2400000,0xe0000
1781171488,51.0,2400000,0xe0000
1781171489,52.1,2400000,0xe0000
1781171490,52.1,2400000,0xe0000
1781171491,52.1,2400000,0xe0000
1781171492,52.1,2400000,0xe0000
1781171493,51.6,2400000,0xe0000
1781171494,52.1,2400000,0xe0000
1781171495,52.1,2400000,0xe0000
1781171496,52.1,2400000,0xe0000
1781171497,52.7,2400000,0xe0000
1781171498,51.6,2400000,0xe0000
1781171499,51.6,2400000,0xe0000
1781171500,51.6,2400000,0xe0000
1781171501,51.0,2400000,0xe0000
1781171502,51.6,2400000,0xe0000
1781171503,51.6,2400000,0xe0000
1781171504,52.1,2400000,0xe0000
1781171505,52.1,2400000,0xe0000
1781171506,52.1,2400000,0xe0000
1781171507,51.6,2400000,0xe0000
1781171508,52.1,2400000,0xe0000
1781171509,52.1,2400000,0xe0000
1781171510,52.1,2400000,0xe0000
1781171511,51.0,2400000,0xe0000
1781171512,51.0,2400000,0xe0000
1781171513,52.1,2400000,0xe0000
1781171514,52.1,2400000,0xe0000
1781171515,52.1,2400000,0xe0000
1781171516,52.1,2400000,0xe0000
1781171517,52.1,2400000,0xe0000
1781171518,52.1,2400000,0xe0000
1781171519,51.6,2400000,0xe0000
1781171520,52.1,2400000,0xe0000
1781171521,49.9,2400000,0xe0000
1781171522,51.6,2400000,0xe0000
1781171523,52.1,2400000,0xe0000
1781171524,52.1,2400000,0xe0000
1781171525,52.1,2400000,0xe0000
1781171526,51.0,2400000,0xe0000
1781171527,52.1,2400000,0xe0000
1781171528,52.1,2400000,0xe0000
1781171529,51.6,2400000,0xe0000
1781171530,52.1,2400000,0xe0000
1781171531,51.6,2400000,0xe0000
1781171532,52.1,2400000,0xe0000
1781171533,52.7,2400000,0xe0000
1781171535,52.1,2400000,0xe0000
1781171536,52.1,2400000,0xe0000
1781171537,52.7,2400000,0xe0000
1781171538,51.6,2400000,0xe0000
1781171539,51.0,2400000,0xe0000
1781171540,51.6,2400000,0xe0000
1781171541,52.7,2400000,0xe0000
1781171542,52.1,2400000,0xe0000
1781171543,52.1,2400000,0xe0000
1781171544,52.1,2400000,0xe0000
1781171545,52.7,2400000,0xe0000
1781171546,51.0,2400000,0xe0000
1781171547,52.1,2400000,0xe0000
1781171548,52.1,2400000,0xe0000
1781171549,51.6,2400000,0xe0000
1781171550,51.0,2400000,0xe0000
1781171551,52.1,2400000,0xe0000
1781171552,51.6,2400000,0xe0000
1781171553,51.6,2400000,0xe0000
1781171554,52.7,2400000,0xe0000
1781171556,52.1,2400000,0xe0000
1781171557,51.6,2400000,0xe0000
1781171558,52.1,2400000,0xe0000
1781171559,51.6,2400000,0xe0000
1781171560,51.0,2400000,0xe0000
1781171561,51.6,2400000,0xe0000
1781171562,51.6,2400000,0xe0000
1781171563,51.6,2400000,0xe0000
1781171564,52.1,2400000,0xe0000
1781171565,52.1,2400000,0xe0000
1781171566,51.6,2400000,0xe0000
1781171567,51.6,2400000,0xe0000
1781171568,52.1,2400000,0xe0000
1781171569,52.1,2400000,0xe0000
1781171570,52.1,2400000,0xe0000
1781171571,52.1,2400000,0xe0000
1781171572,52.1,2400000,0xe0000
1781171573,52.1,2400000,0xe0000
1781171574,51.0,2400000,0xe0000
1781171575,51.0,2400000,0xe0000
1781171576,51.6,2400000,0xe0000
1781171577,51.6,2400000,0xe0000
1781171578,50.5,2400000,0xe0000
1781171579,51.0,2400000,0xe0000
1781171580,51.6,2400000,0xe0000
1781171581,51.0,2400000,0xe0000
1781171582,50.5,2400000,0xe0000
1781171583,52.1,2400000,0xe0000
1781171584,52.1,2400000,0xe0000
1781171585,52.1,2400000,0xe0000
1781171586,51.6,2400000,0xe0000
1781171587,51.6,2400000,0xe0000
1781171588,52.1,2400000,0xe0000
1781171589,51.6,2400000,0xe0000
1781171590,52.1,2400000,0xe0000
1781171591,51.6,2400000,0xe0000
1781171593,52.1,2400000,0xe0000
1781171594,51.6,2400000,0xe0000
1781171595,51.6,2400000,0xe0000
1781171596,51.6,2400000,0xe0000
1781171597,52.1,2400000,0xe0000
1781171598,51.6,2400000,0xe0000
1781171599,52.1,2400000,0xe0000
1781171600,52.1,2400000,0xe0000
1781171601,52.1,2400000,0xe0000
1781171602,51.0,2400000,0xe0000
1781171603,51.6,2400000,0xe0000
1781171604,52.1,2400000,0xe0000
1781171605,51.6,2400000,0xe0000
1781171606,51.6,2400000,0xe0000
1781171607,51.0,2400000,0xe0000
1781171608,51.6,2400000,0xe0000
1781171609,51.6,2400000,0xe0000
1781171610,51.6,2400000,0xe0000
1781171611,52.1,2400000,0xe0000
1781171612,51.6,2400000,0xe0000
1781171613,51.0,2400000,0xe0000
1781171614,52.1,2400000,0xe0000
1781171615,52.1,2400000,0xe0000
1781171616,52.1,2400000,0xe0000
1781171617,52.1,2400000,0xe0000
1781171618,51.6,2400000,0xe0000
1781171619,51.6,2400000,0xe0000
1781171620,52.1,2400000,0xe0000
1781171621,52.1,2400000,0xe0000
1781171622,52.1,2400000,0xe0000
1781171623,52.1,2400000,0xe0000
1781171624,52.1,2400000,0xe0000
1781171625,51.6,2400000,0xe0000
1781171626,52.1,2400000,0xe0000
1781171627,51.6,2400000,0xe0000
1781171628,52.1,2400000,0xe0000
1781171629,52.7,2400000,0xe0000
1781171630,52.1,2400000,0xe0000
1781171631,52.7,2400000,0xe0000
1781171632,52.1,2400000,0xe0000
1781171633,51.6,2400000,0xe0000
1781171634,51.6,2400000,0xe0000
1781171635,52.1,2400000,0xe0000
1781171636,51.6,2400000,0xe0000
1781171637,52.1,2400000,0xe0000
1781171638,52.1,2400000,0xe0000
1781171639,52.1,2400000,0xe0000
1781171640,52.1,2400000,0xe0000
1781171641,52.1,2400000,0xe0000
1781171643,52.1,2400000,0xe0000
1781171644,50.5,2400000,0xe0000
1781171645,51.6,2400000,0xe0000
1781171646,51.6,2400000,0xe0000
1781171647,52.1,2400000,0xe0000
1781171648,52.1,2400000,0xe0000
1781171649,51.6,2400000,0xe0000
1781171650,52.1,2400000,0xe0000
1781171651,51.6,2400000,0xe0000
1781171652,52.1,2400000,0xe0000
1781171653,52.1,2400000,0xe0000
1781171654,51.6,2400000,0xe0000
1781171655,52.7,2400000,0xe0000
1781171656,51.6,2400000,0xe0000
1781171657,52.1,2400000,0xe0000
1781171658,52.1,2400000,0xe0000
1781171659,51.6,2400000,0xe0000
1781171660,51.6,2400000,0xe0000
1781171661,51.6,2400000,0xe0000
1781171662,51.6,2400000,0xe0000
1781171663,52.1,2400000,0xe0000
1781171664,52.1,2400000,0xe0000
1781171665,52.1,2400000,0xe0000
1781171666,52.1,2400000,0xe0000
1781171667,52.1,2400000,0xe0000
1781171668,52.1,2400000,0xe0000
1781171669,52.7,2400000,0xe0000
1781171670,51.6,2400000,0xe0000
1781171672,52.1,2400000,0xe0000
1781171673,51.6,2400000,0xe0000
1781171674,51.0,2400000,0xe0000
1781171675,52.1,2400000,0xe0000
1781171676,51.6,2400000,0xe0000
1781171677,52.1,2400000,0xe0000
1781171678,52.1,2400000,0xe0000
1781171679,51.6,2400000,0xe0000
1781171680,52.7,2400000,0xe0000
1781171681,51.6,2400000,0xe0000
1781171682,51.0,2400000,0xe0000
1781171683,52.7,2400000,0xe0000
1781171684,51.6,2400000,0xe0000
1781171685,52.1,2400000,0xe0000
1781171686,52.1,2400000,0xe0000
1781171687,52.1,2400000,0xe0000
1781171688,52.1,2400000,0xe0000
1781171689,52.1,2400000,0xe0000
1781171690,51.6,2400000,0xe0000
1781171691,51.6,2400000,0xe0000
1781171692,51.0,2400000,0xe0000
1781171693,51.6,2400000,0xe0000
1781171694,51.6,2400000,0xe0000
1781171695,52.1,2400000,0xe0000
1781171696,51.6,2400000,0xe0000
1781171697,52.1,2400000,0xe0000
1781171698,52.1,2400000,0xe0000
1781171699,51.0,2400000,0xe0000
1781171700,51.6,2400000,0xe0000
1781171701,51.6,2400000,0xe0000
1781171702,52.1,2400000,0xe0000
1781171703,51.6,2400000,0xe0000
1781171704,51.0,2400000,0xe0000
1781171705,51.0,2400000,0xe0000
1781171706,52.1,2400000,0xe0000
1781171707,52.1,2400000,0xe0000
1781171708,52.1,2400000,0xe0000
1781171709,52.1,2400000,0xe0000
1781171711,50.5,2400000,0xe0000
1781171712,51.0,2400000,0xe0000
1781171713,51.6,2400000,0xe0000
1781171714,52.1,2400000,0xe0000
1781171715,52.1,2400000,0xe0000
1781171716,51.6,2400000,0xe0000
1781171717,52.1,2400000,0xe0000
1781171718,51.0,2400000,0xe0000
1781171719,52.1,2400000,0xe0000
1781171720,51.6,2400000,0xe0000
1781171721,52.1,2400000,0xe0000
1781171722,51.6,2400000,0xe0000
1781171723,52.7,2400000,0xe0000
1781171724,51.6,2400000,0xe0000
1781171725,51.0,2400000,0xe0000
1781171726,51.0,2400000,0xe0000
1781171727,51.0,2400000,0xe0000
1781171728,52.1,2400000,0xe0000
1781171729,51.6,2400000,0xe0000
1781171730,52.1,2400000,0xe0000
1781171731,52.1,2400000,0xe0000
1781171732,51.6,2400000,0xe0000
1781171733,51.6,2400000,0xe0000
1781171734,51.6,2400000,0xe0000
1781171735,51.6,2400000,0xe0000
1781171736,51.0,2400000,0xe0000
1781171737,51.0,2400000,0xe0000
1781171738,51.6,2400000,0xe0000
1781171739,51.0,2400000,0xe0000
1781171740,52.1,2400000,0xe0000
1781171741,51.6,2400000,0xe0000
1781171742,51.6,2400000,0xe0000
1781171743,52.1,2400000,0xe0000
1781171744,52.1,2400000,0xe0000
1781171745,52.1,2400000,0xe0000
1781171746,52.1,2400000,0xe0000
1781171747,52.1,2400000,0xe0000
1781171748,51.6,2400000,0xe0000
1781171749,52.1,2400000,0xe0000
1781171750,51.0,2400000,0xe0000
1781171752,52.1,2400000,0xe0000
1781171753,52.1,2400000,0xe0000
1781171754,52.7,2400000,0xe0000
1781171755,50.5,2400000,0xe0000
1781171756,51.6,2400000,0xe0000
1781171757,51.6,2400000,0xe0000
1781171758,51.0,2400000,0xe0000
1781171759,51.6,2400000,0xe0000
1781171760,51.6,2400000,0xe0000
1781171761,51.6,2400000,0xe0000
1781171762,51.6,2400000,0xe0000
1781171763,52.1,2400000,0xe0000
1781171764,51.6,2400000,0xe0000
1781171765,52.1,2400000,0xe0000
1781171766,51.0,2400000,0xe0000
1781171767,51.6,2400000,0xe0000
1781171768,52.1,2400000,0xe0000
1781171769,52.1,2400000,0xe0000
1781171770,51.0,2400000,0xe0000
1781171771,52.1,2400000,0xe0000
1781171772,52.1,2400000,0xe0000
1781171773,52.1,2400000,0xe0000
1781171774,52.1,2400000,0xe0000
1781171775,51.6,2400000,0xe0000
1781171776,52.1,2400000,0xe0000
1781171777,52.1,2400000,0xe0000
1781171778,52.1,2400000,0xe0000
1781171779,51.6,2400000,0xe0000
1781171780,52.1,2400000,0xe0000
1781171781,52.1,2400000,0xe0000
1781171782,52.1,2400000,0xe0000
1781171784,52.1,2400000,0xe0000
1781171785,51.6,2400000,0xe0000
1781171786,52.1,2400000,0xe0000
1781171787,51.6,2400000,0xe0000
1781171788,52.1,2400000,0xe0000
1781171789,51.6,2400000,0xe0000
1781171790,51.6,2400000,0xe0000
1781171791,51.6,2400000,0xe0000
1781171792,51.6,2400000,0xe0000
1781171793,52.1,2400000,0xe0000
1781171794,52.1,2400000,0xe0000
1781171795,51.6,2400000,0xe0000
1781171796,52.1,2400000,0xe0000
1781171797,52.1,2400000,0xe0000
1781171798,52.1,2400000,0xe0000
1781171799,52.1,2400000,0xe0000
1781171800,51.6,2400000,0xe0000
1781171801,51.0,2400000,0xe0000
1781171802,52.1,2400000,0xe0000
1781171803,51.0,2400000,0xe0000
1781171804,52.1,2400000,0xe0000
1781171805,52.1,2400000,0xe0000
1781171806,51.6,2400000,0xe0000
1781171807,52.7,2400000,0xe0000
1781171808,52.1,2400000,0xe0000
1781171809,51.6,2400000,0xe0000
1781171810,52.1,2400000,0xe0000
1781171811,52.1,2400000,0xe0000
1781171812,51.6,2400000,0xe0000
1781171813,52.1,2400000,0xe0000
1781171814,52.1,2400000,0xe0000
1781171815,52.1,2400000,0xe0000
1781171816,52.1,2400000,0xe0000
1781171817,52.1,2400000,0xe0000
1781171818,50.5,2400000,0xe0000
1781171819,52.1,2400000,0xe0000
1781171820,52.1,2400000,0xe0000
1781171821,52.1,2400000,0xe0000
1781171822,52.1,2400000,0xe0000
1781171823,51.6,2400000,0xe0000
1781171824,51.6,2400000,0xe0000
1781171825,52.1,2400000,0xe0000
1781171826,51.6,2400000,0xe0000
1781171827,51.6,2400000,0xe0000
1781171828,52.1,2400000,0xe0000
1781171830,52.1,2400000,0xe0000
1781171831,52.1,2400000,0xe0000
1781171832,51.6,2400000,0xe0000
1781171833,52.1,2400000,0xe0000
1781171834,51.6,2400000,0xe0000
1781171835,52.1,2400000,0xe0000
1781171836,52.1,2400000,0xe0000
1781171837,52.1,2400000,0xe0000
1781171838,52.1,2400000,0xe0000
1781171839,52.1,2400000,0xe0000
1781171840,51.6,2400000,0xe0000
1781171841,51.6,2400000,0xe0000
1781171842,52.1,2400000,0xe0000
1781171843,52.1,2400000,0xe0000
1781171844,52.1,2400000,0xe0000
1781171845,51.6,2400000,0xe0000
1781171846,52.1,2400000,0xe0000
1781171847,52.1,2400000,0xe0000
1781171848,52.1,2400000,0xe0000
1781171849,52.1,2400000,0xe0000
1781171850,51.6,2400000,0xe0000
1781171851,52.1,2400000,0xe0000
1781171852,51.0,2400000,0xe0000
1781171853,52.1,2400000,0xe0000
1781171854,51.6,2400000,0xe0000
1781171855,51.6,2400000,0xe0000
1781171856,52.1,2400000,0xe0000
1781171857,52.1,2400000,0xe0000
1781171858,52.7,2400000,0xe0000
1781171859,52.1,2400000,0xe0000
1781171860,52.1,2400000,0xe0000
1781171861,52.1,2400000,0xe0000
1781171862,51.6,2400000,0xe0000
1781171863,52.1,2400000,0xe0000
1781171864,52.1,2400000,0xe0000
1781171865,51.6,2400000,0xe0000
1781171867,52.1,2400000,0xe0000
1781171868,51.6,2400000,0xe0000
1781171869,51.6,2400000,0xe0000
1781171870,51.6,2400000,0xe0000
1781171871,52.1,2400000,0xe0000
1781171872,52.1,2400000,0xe0000
1781171873,52.1,2400000,0xe0000
1781171874,52.1,2400000,0xe0000
1781171875,51.6,2400000,0xe0000
1781171876,52.7,2400000,0xe0000
1781171877,52.7,2400000,0xe0000
1781171878,52.1,2400000,0xe0000
1781171879,52.1,2400000,0xe0000
1781171880,52.1,2400000,0xe0000
1781171881,52.1,2400000,0xe0000
1781171882,51.6,2400000,0xe0000
1781171883,51.0,2400000,0xe0000
1781171884,51.6,2400000,0xe0000
1781171885,51.6,2400000,0xe0000
1781171886,51.6,2400000,0xe0000
1781171887,52.1,2400000,0xe0000
1781171888,52.1,2400000,0xe0000
1781171889,52.1,2400000,0xe0000
1781171890,52.1,2400000,0xe0000
1781171891,51.6,2400000,0xe0000
1781171892,52.1,2400000,0xe0000
1781171893,51.6,2400000,0xe0000
1781171894,52.1,2400000,0xe0000
1781171895,52.1,2400000,0xe0000
1781171896,51.6,2400000,0xe0000
1781171897,52.7,2400000,0xe0000
1781171898,51.6,2400000,0xe0000
1781171899,51.0,2400000,0xe0000
1781171900,51.0,2400000,0xe0000
1781171901,52.1,2400000,0xe0000
1781171902,51.6,2400000,0xe0000
1781171903,51.6,2400000,0xe0000
1781171904,51.6,2400000,0xe0000
1781171905,52.1,2400000,0xe0000
1781171906,52.1,2400000,0xe0000
1781171907,51.0,2400000,0xe0000
1781171908,51.6,2400000,0xe0000
1781171910,51.6,2400000,0xe0000
1781171911,52.1,2400000,0xe0000
1781171912,52.1,2400000,0xe0000
1781171913,51.6,2400000,0xe0000
1781171914,52.7,2400000,0xe0000
1781171915,51.6,2400000,0xe0000
1781171916,52.1,2400000,0xe0000
1781171917,51.6,2400000,0xe0000
1781171918,52.1,2400000,0xe0000
1781171919,51.6,2400000,0xe0000
1781171920,52.1,2400000,0xe0000
1781171921,51.0,2400000,0xe0000
1781171922,52.1,2400000,0xe0000
1781171923,51.6,2400000,0xe0000
1781171924,51.0,2400000,0xe0000
1781171925,51.6,2400000,0xe0000
1781171926,52.1,2400000,0xe0000
1781171927,52.1,2400000,0xe0000
1781171928,52.1,2400000,0xe0000
1781171929,52.1,2400000,0xe0000
1781171930,51.6,2400000,0xe0000
1781171931,52.1,2400000,0xe0000
1781171932,51.6,2400000,0xe0000
1781171933,51.0,2400000,0xe0000
1781171934,52.7,2400000,0xe0000
1781171935,52.1,2400000,0xe0000
1781171936,52.1,2400000,0xe0000
1781171937,52.1,2400000,0xe0000
1781171938,52.1,2400000,0xe0000
1781171939,50.5,2400000,0xe0000
1781171940,51.6,2400000,0xe0000
1781171941,51.6,2400000,0xe0000
1781171942,51.0,2400000,0xe0000
1781171943,51.0,2400000,0xe0000
1781171944,52.1,2400000,0xe0000
1781171945,52.7,2400000,0xe0000
1781171946,51.6,2400000,0xe0000
1781171947,52.1,2400000,0xe0000
1781171948,52.1,2400000,0xe0000
1781171949,51.0,2400000,0xe0000
1781171950,52.1,2400000,0xe0000
1781171951,51.6,2400000,0xe0000
1781171952,51.6,2400000,0xe0000
1781171953,52.1,2400000,0xe0000
1781171954,51.6,2400000,0xe0000
1781171955,52.1,2400000,0xe0000
1781171956,52.1,2400000,0xe0000
1781171957,51.6,2400000,0xe0000
1781171958,52.1,2400000,0xe0000
1781171959,52.1,2400000,0xe0000
1781171961,52.1,2400000,0xe0000
1781171962,51.6,2400000,0xe0000
1781171963,52.1,2400000,0xe0000
1781171964,51.6,2400000,0xe0000
1781171965,51.6,2400000,0xe0000
1781171966,51.6,2400000,0xe0000
1781171967,52.1,2400000,0xe0000
1781171968,52.7,2400000,0xe0000
1781171969,51.0,2400000,0xe0000
1781171970,52.1,2400000,0xe0000
1781171971,51.6,2400000,0xe0000
1781171972,51.6,2400000,0xe0000
1781171973,51.6,2400000,0xe0000
1781171974,52.1,2400000,0xe0000
1781171975,52.1,2400000,0xe0000
1781171976,52.1,2400000,0xe0000
1781171977,52.1,2400000,0xe0000
1781171978,52.1,2400000,0xe0000
1781171979,52.7,2400000,0xe0000
1781171980,52.1,2400000,0xe0000
1781171981,50.5,2400000,0xe0000
1781171982,51.6,2400000,0xe0000
1781171983,52.1,2400000,0xe0000
1781171984,52.1,2400000,0xe0000
1781171985,51.6,2400000,0xe0000
1781171986,51.6,2400000,0xe0000
1781171987,51.0,2400000,0xe0000
1781171988,51.6,2400000,0xe0000
1781171990,51.6,2400000,0xe0000
1781171991,52.1,2400000,0xe0000
1781171992,51.0,2400000,0xe0000
1781171993,51.0,2400000,0xe0000
1781171994,52.1,2400000,0xe0000
1781171995,52.1,2400000,0xe0000
1781171996,52.1,2400000,0xe0000
1781171997,51.0,2400000,0xe0000
1781171998,52.7,2400000,0xe0000
1781171999,51.6,2400000,0xe0000
1781172000,52.1,2400000,0xe0000
1781172001,52.1,2400000,0xe0000
1781172002,52.7,2400000,0xe0000
1781172003,52.1,2400000,0xe0000
1781172004,52.1,2400000,0xe0000
1781172005,51.6,2400000,0xe0000
1781172006,52.1,2400000,0xe0000
1781172007,52.7,2400000,0xe0000
1781172008,52.1,2400000,0xe0000
1781172009,52.1,2400000,0xe0000
1781172010,52.1,2400000,0xe0000
1781172011,52.1,2400000,0xe0000
1781172012,52.1,2400000,0xe0000
1781172013,52.1,2400000,0xe0000
1781172014,52.1,2400000,0xe0000
1781172015,52.1,2400000,0xe0000
1781172016,51.6,2400000,0xe0000
1781172017,51.6,2400000,0xe0000
1781172018,51.0,2400000,0xe0000
1781172019,52.1,2400000,0xe0000
1781172020,52.1,2400000,0xe0000
1781172021,52.1,2400000,0xe0000
1781172022,52.1,2400000,0xe0000
1781172023,51.6,2400000,0xe0000
1781172024,51.6,2400000,0xe0000
1781172025,52.1,2400000,0xe0000
1781172026,52.1,2400000,0xe0000
1781172027,51.6,2400000,0xe0000
1781172028,52.1,2400000,0xe0000
1781172029,51.6,2400000,0xe0000
1781172030,51.0,2400000,0xe0000
1781172031,50.5,2400000,0xe0000
1781172033,50.5,2400000,0xe0000
1781172034,51.6,2400000,0xe0000
1781172035,52.7,2400000,0xe0000
1781172036,51.6,2400000,0xe0000
1781172037,52.1,2400000,0xe0000
1781172038,52.7,2400000,0xe0000
1781172039,52.1,2400000,0xe0000
1781172040,52.1,2400000,0xe0000
1781172041,51.6,2400000,0xe0000
1781172042,52.7,2400000,0xe0000
1781172043,52.7,2400000,0xe0000
1781172044,52.1,2400000,0xe0000
1781172045,52.7,2400000,0xe0000
1781172046,51.0,2400000,0xe0000
1781172047,52.1,2400000,0xe0000
1781172048,52.1,2400000,0xe0000
1781172049,52.1,2400000,0xe0000
1781172050,52.7,2400000,0xe0000
1781172051,51.6,2400000,0xe0000
