1781262601,53.2,2400000,0xe0000
1781262602,52.1,2400000,0xe0000
1781262603,53.8,2400000,0xe0000
1781262604,53.8,2400000,0xe0000
1781262605,54.3,2400000,0xe0000
1781262606,54.3,2400000,0xe0000
1781262607,54.3,2400000,0xe0000
1781262608,54.9,2400000,0xe0000
1781262609,54.9,2400000,0xe0000
1781262610,54.3,2400000,0xe0000
1781262611,53.8,2400000,0xe0000
1781262612,54.9,2400000,0xe0000
1781262613,54.9,2400000,0xe0000
1781262614,54.9,2400000,0xe0000
1781262615,55.4,2400000,0xe0000
1781262616,55.4,2400000,0xe0000
1781262617,55.4,2400000,0xe0000
1781262618,55.4,2400000,0xe0000
1781262619,55.4,2400000,0xe0000
1781262620,56.0,2400000,0xe0000
1781262621,55.4,2400000,0xe0000
1781262622,56.0,2400000,0xe0000
1781262623,56.0,2400000,0xe0000
1781262624,56.0,2400000,0xe0000
1781262625,56.5,2400000,0xe0000
1781262626,56.5,2400000,0xe0000
1781262627,56.5,2400000,0xe0000
1781262628,56.5,2400000,0xe0000
1781262629,56.0,2400000,0xe0000
1781262630,56.5,2400000,0xe0000
1781262631,56.5,2400000,0xe0000
1781262632,56.5,2400000,0xe0000
1781262633,56.5,2400000,0xe0000
1781262634,56.5,2400000,0xe0000
1781262635,56.5,2400000,0xe0000
1781262636,56.5,2400000,0xe0000
1781262638,56.5,2400000,0xe0000
1781262639,56.5,2400000,0xe0000
1781262640,57.1,2400000,0xe0000
1781262641,56.5,2400000,0xe0000
1781262642,56.5,2400000,0xe0000
1781262643,57.1,2400000,0xe0000
1781262644,56.5,2400000,0xe0000
1781262645,56.5,2400000,0xe0000
1781262646,57.1,2400000,0xe0000
1781262647,57.1,2400000,0xe0000
1781262648,57.1,2400000,0xe0000
1781262649,57.1,2400000,0xe0000
1781262650,57.1,2400000,0xe0000
1781262651,57.1,2400000,0xe0000
1781262652,57.1,2400000,0xe0000
1781262653,57.6,2400000,0xe0000
1781262654,57.6,2400000,0xe0000
1781262655,57.1,2400000,0xe0000
1781262656,58.2,2400000,0xe0000
1781262657,57.6,2400000,0xe0000
1781262658,57.6,2400000,0xe0000
1781262659,57.1,2400000,0xe0000
1781262660,57.6,2400000,0xe0000
1781262661,57.6,2400000,0xe0000
1781262662,58.2,2400000,0xe0000
1781262663,57.1,2400000,0xe0000
1781262664,57.1,2400000,0xe0000
1781262665,57.1,2400000,0xe0000
1781262666,57.6,2400000,0xe0000
1781262667,57.6,2400000,0xe0000
1781262668,57.6,2400000,0xe0000
1781262669,57.1,2400000,0xe0000
1781262670,57.6,2400000,0xe0000
1781262671,57.1,2400000,0xe0000
1781262672,58.2,2400000,0xe0000
1781262673,57.6,2400000,0xe0000
1781262674,57.6,2400000,0xe0000
1781262675,58.2,2400000,0xe0000
1781262676,57.6,2400000,0xe0000
1781262677,58.2,2400000,0xe0000
1781262678,57.1,2400000,0xe0000
1781262679,58.2,2400000,0xe0000
1781262680,58.2,2400000,0xe0000
1781262681,58.7,2400000,0xe0000
1781262682,57.6,2400000,0xe0000
1781262683,58.2,2400000,0xe0000
1781262684,58.7,2400000,0xe0000
1781262685,58.2,2400000,0xe0000
1781262686,57.6,2400000,0xe0000
1781262687,58.7,2400000,0xe0000
1781262688,58.2,2400000,0xe0000
1781262689,58.2,2400000,0xe0000
1781262690,58.7,2400000,0xe0000
1781262691,57.6,2400000,0xe0000
1781262692,57.6,2400000,0xe0000
1781262693,58.2,2400000,0xe0000
1781262694,57.6,2400000,0xe0000
1781262695,58.2,2400000,0xe0000
1781262696,58.7,2400000,0xe0000
1781262697,58.7,2400000,0xe0000
1781262698,58.2,2400000,0xe0000
1781262699,57.6,2400000,0xe0000
1781262700,58.2,2400000,0xe0000
1781262701,58.2,2400000,0xe0000
1781262702,57.6,2400000,0xe0000
1781262703,59.3,2400000,0xe0000
1781262705,58.7,2400000,0xe0000
1781262706,59.3,2400000,0xe0000
1781262707,58.7,2400000,0xe0000
1781262708,58.7,2400000,0xe0000
1781262709,58.7,2400000,0xe0000
1781262710,58.2,2400000,0xe0000
1781262711,58.2,2400000,0xe0000
1781262712,58.7,2400000,0xe0000
1781262713,58.7,2400000,0xe0000
1781262714,59.3,2400000,0xe0000
1781262715,58.7,2400000,0xe0000
1781262716,58.2,2400000,0xe0000
1781262717,58.7,2400000,0xe0000
1781262718,58.2,2400000,0xe0000
1781262719,59.3,2400000,0xe0000
1781262720,58.7,2400000,0xe0000
1781262721,58.7,2400000,0xe0000
1781262722,59.3,2400000,0xe0000
1781262723,59.3,2400000,0xe0000
1781262724,58.7,2400000,0xe0000
1781262725,58.7,2400000,0xe0000
1781262726,58.2,2400000,0xe0000
1781262727,58.7,2400000,0xe0000
1781262728,59.3,2400000,0xe0000
1781262729,59.8,2400000,0xe0000
1781262730,59.3,2400000,0xe0000
1781262731,59.8,2400000,0xe0000
1781262732,59.8,2400000,0xe0000
1781262733,59.8,2400000,0xe0000
1781262734,58.7,2400000,0xe0000
1781262735,59.3,2400000,0xe0000
1781262736,59.3,2400000,0xe0000
1781262737,59.3,2400000,0xe0000
1781262738,58.7,2400000,0xe0000
1781262739,58.2,2400000,0xe0000
1781262740,59.3,2400000,0xe0000
1781262741,59.3,2400000,0xe0000
1781262742,59.3,2400000,0xe0000
1781262743,59.3,2400000,0xe0000
1781262744,59.8,2400000,0xe0000
1781262745,59.8,2400000,0xe0000
1781262746,59.8,2400000,0xe0000
1781262747,59.3,2400000,0xe0000
1781262748,59.8,2400000,0xe0000
1781262749,59.3,2400000,0xe0000
1781262750,58.2,2400000,0xe0000
1781262751,58.2,2400000,0xe0000
1781262752,58.7,2400000,0xe0000
1781262753,59.3,2400000,0xe0000
1781262754,59.3,2400000,0xe0000
1781262755,59.3,2400000,0xe0000
1781262756,58.2,2400000,0xe0000
1781262757,59.8,2400000,0xe0000
1781262758,59.3,2400000,0xe0000
1781262759,59.3,2400000,0xe0000
1781262760,59.8,2400000,0xe0000
1781262761,58.7,2400000,0xe0000
1781262762,59.8,2400000,0xe0000
1781262763,59.8,2400000,0xe0000
1781262764,59.8,2400000,0xe0000
1781262765,59.3,2400000,0xe0000
1781262766,59.8,2400000,0xe0000
1781262767,59.3,2400000,0xe0000
1781262768,59.3,2400000,0xe0000
1781262769,59.3,2400000,0xe0000
1781262770,59.8,2400000,0xe0000
1781262771,59.8,2400000,0xe0000
1781262773,59.8,2400000,0xe0000
1781262774,59.8,2400000,0xe0000
1781262775,59.3,2400000,0xe0000
1781262776,59.8,2400000,0xe0000
1781262777,59.3,2400000,0xe0000
1781262778,60.4,2400000,0xe0000
1781262779,59.3,2400000,0xe0000
1781262780,59.8,2400000,0xe0000
1781262781,59.3,2400000,0xe0000
1781262782,59.3,2400000,0xe0000
1781262783,59.8,2400000,0xe0000
1781262784,60.4,2400000,0xe0000
1781262785,59.8,2400000,0xe0000
1781262786,59.8,2400000,0xe0000
1781262787,59.8,2400000,0xe0000
1781262788,59.8,2400000,0xe0000
1781262789,59.8,2400000,0xe0000
1781262790,58.7,2400000,0xe0000
1781262791,59.8,2400000,0xe0000
1781262792,59.8,2400000,0xe0000
1781262793,60.4,2400000,0xe0000
1781262794,59.8,2400000,0xe0000
1781262795,59.8,2400000,0xe0000
1781262796,59.8,2400000,0xe0000
1781262797,60.4,2400000,0xe0000
1781262798,59.8,2400000,0xe0000
1781262799,59.8,2400000,0xe0000
1781262800,59.8,2400000,0xe0000
1781262801,59.8,2400000,0xe0000
1781262802,59.8,2400000,0xe0000
1781262803,59.3,2400000,0xe0000
1781262804,60.4,2400000,0xe0000
1781262805,60.4,2400000,0xe0000
1781262806,60.4,2400000,0xe0000
1781262807,59.8,2400000,0xe0000
1781262808,59.8,2400000,0xe0000
1781262809,60.4,2400000,0xe0000
1781262810,60.4,2400000,0xe0000
1781262811,60.9,2400000,0xe0000
1781262812,59.8,2400000,0xe0000
1781262813,59.8,2400000,0xe0000
1781262814,59.8,2400000,0xe0000
1781262815,60.4,2400000,0xe0000
1781262816,59.8,2400000,0xe0000
1781262817,59.8,2400000,0xe0000
1781262818,60.4,2400000,0xe0000
1781262819,59.8,2400000,0xe0000
1781262820,59.8,2400000,0xe0000
1781262821,59.8,2400000,0xe0000
1781262822,59.8,2400000,0xe0000
1781262823,60.4,2400000,0xe0000
1781262824,60.4,2400000,0xe0000
1781262825,59.8,2400000,0xe0000
1781262826,59.3,2400000,0xe0000
1781262827,60.4,2400000,0xe0000
1781262828,60.4,2400000,0xe0000
1781262829,60.4,2400000,0xe0000
1781262830,60.4,2400000,0xe0000
1781262831,60.4,2400000,0xe0000
1781262832,59.8,2400000,0xe0000
1781262833,59.8,2400000,0xe0000
1781262834,59.8,2400000,0xe0000
1781262835,60.4,2400000,0xe0000
1781262836,60.4,2400000,0xe0000
1781262837,59.8,2400000,0xe0000
1781262838,59.8,2400000,0xe0000
1781262840,60.4,2400000,0xe0000
1781262841,60.4,2400000,0xe0000
1781262842,59.8,2400000,0xe0000
1781262843,59.8,2400000,0xe0000
1781262844,60.4,2400000,0xe0000
1781262845,60.4,2400000,0xe0000
1781262846,59.3,2400000,0xe0000
1781262847,59.3,2400000,0xe0000
1781262848,59.8,2400000,0xe0000
1781262849,59.8,2400000,0xe0000
1781262850,59.8,2400000,0xe0000
1781262851,60.4,2400000,0xe0000
1781262852,60.9,2400000,0xe0000
1781262853,59.8,2400000,0xe0000
1781262854,60.4,2400000,0xe0000
1781262855,59.8,2400000,0xe0000
1781262856,59.8,2400000,0xe0000
1781262857,60.4,2400000,0xe0000
1781262858,60.4,2400000,0xe0000
1781262859,60.9,2400000,0xe0000
1781262860,60.4,2400000,0xe0000
1781262861,60.9,2400000,0xe0000
1781262862,60.4,2400000,0xe0000
1781262863,60.4,2400000,0xe0000
1781262864,60.4,2400000,0xe0000
1781262865,60.4,2400000,0xe0000
1781262866,60.4,2400000,0xe0000
1781262867,60.9,2400000,0xe0000
1781262868,59.3,2400000,0xe0000
1781262869,60.4,2400000,0xe0000
1781262870,60.9,2400000,0xe0000
1781262871,60.4,2400000,0xe0000
1781262872,59.8,2400000,0xe0000
1781262873,60.4,2400000,0xe0000
1781262874,60.4,2400000,0xe0000
1781262875,60.4,2400000,0xe0000
1781262876,59.8,2400000,0xe0000
1781262877,60.9,2400000,0xe0000
1781262878,60.4,2400000,0xe0000
1781262879,60.4,2400000,0xe0000
1781262880,60.4,2400000,0xe0000
1781262881,59.8,2400000,0xe0000
1781262882,60.4,2400000,0xe0000
1781262883,60.4,2400000,0xe0000
1781262884,60.4,2400000,0xe0000
1781262885,60.4,2400000,0xe0000
1781262886,60.4,2400000,0xe0000
1781262887,59.3,2400000,0xe0000
1781262888,60.4,2400000,0xe0000
1781262889,60.4,2400000,0xe0000
1781262890,60.4,2400000,0xe0000
1781262891,59.8,2400000,0xe0000
1781262892,60.4,2400000,0xe0000
1781262893,60.4,2400000,0xe0000
1781262894,60.9,2400000,0xe0000
1781262895,60.4,2400000,0xe0000
1781262896,61.5,2400000,0xe0000
1781262897,59.8,2400000,0xe0000
1781262898,59.3,2400000,0xe0000
1781262899,60.9,2400000,0xe0000
1781262900,60.9,2400000,0xe0000
1781262901,60.4,2400000,0xe0000
1781262902,60.4,2400000,0xe0000
1781262903,60.9,2400000,0xe0000
1781262904,60.4,2400000,0xe0000
1781262905,60.4,2400000,0xe0000
1781262906,60.9,2400000,0xe0000
1781262908,60.4,2400000,0xe0000
1781262909,60.9,2400000,0xe0000
1781262910,60.4,2400000,0xe0000
1781262911,60.9,2400000,0xe0000
1781262912,60.4,2400000,0xe0000
1781262913,60.4,2400000,0xe0000
1781262914,60.4,2400000,0xe0000
1781262915,60.9,2400000,0xe0000
1781262916,60.9,2400000,0xe0000
1781262917,61.5,2400000,0xe0000
1781262918,60.9,2400000,0xe0000
1781262919,61.5,2400000,0xe0000
1781262920,60.9,2400000,0xe0000
1781262921,60.4,2400000,0xe0000
1781262922,60.9,2400000,0xe0000
1781262924,60.9,2400000,0xe0000
1781262925,60.4,2400000,0xe0000
1781262926,60.4,2400000,0xe0000
1781262927,60.9,2400000,0xe0000
1781262928,60.9,2400000,0xe0000
1781262929,61.5,2400000,0xe0000
1781262930,61.5,2400000,0xe0000
1781262931,60.4,2400000,0xe0000
1781262932,61.5,2400000,0xe0000
1781262933,61.5,2400000,0xe0000
1781262934,60.4,2400000,0xe0000
1781262935,61.5,2400000,0xe0000
1781262936,61.5,2400000,0xe0000
1781262937,61.5,2400000,0xe0000
1781262938,60.4,2400000,0xe0000
1781262939,61.5,2400000,0xe0000
1781262940,60.9,2400000,0xe0000
1781262941,60.9,2400000,0xe0000
1781262943,61.5,2400000,0xe0000
1781262944,60.9,2400000,0xe0000
1781262945,60.9,2400000,0xe0000
1781262946,61.5,2400000,0xe0000
1781262947,61.5,2400000,0xe0000
1781262948,60.9,2400000,0xe0000
1781262949,61.5,2400000,0xe0000
1781262950,60.4,2400000,0xe0000
1781262951,60.9,2400000,0xe0000
1781262952,61.5,2400000,0xe0000
1781262953,60.4,2400000,0xe0000
1781262954,60.9,2400000,0xe0000
1781262955,60.9,2400000,0xe0000
1781262956,60.9,2400000,0xe0000
1781262957,61.5,2400000,0xe0000
1781262958,60.9,2400000,0xe0000
1781262959,61.5,2400000,0xe0000
1781262960,61.5,2400000,0xe0000
1781262961,61.5,2400000,0xe0000
1781262962,60.9,2400000,0xe0000
1781262963,61.5,2400000,0xe0000
1781262964,61.5,2400000,0xe0000
1781262965,61.5,2400000,0xe0000
1781262966,60.9,2400000,0xe0000
1781262967,62.0,2400000,0xe0000
1781262969,61.5,2400000,0xe0000
1781262970,61.5,2400000,0xe0000
1781262971,62.0,2400000,0xe0000
1781262972,61.5,2400000,0xe0000
1781262973,62.0,2400000,0xe0000
1781262974,61.5,2400000,0xe0000
1781262975,61.5,2400000,0xe0000
1781262976,61.5,2400000,0xe0000
1781262977,62.0,2400000,0xe0000
1781262978,61.5,2400000,0xe0000
1781262979,61.5,2400000,0xe0000
1781262980,59.8,2400000,0xe0000
1781262981,61.5,2400000,0xe0000
1781262982,61.5,2400000,0xe0000
1781262983,60.9,2400000,0xe0000
1781262984,62.0,2400000,0xe0000
1781262985,61.5,2400000,0xe0000
1781262986,62.0,2400000,0xe0000
1781262987,61.5,2400000,0xe0000
1781262988,61.5,2400000,0xe0000
1781262989,61.5,2400000,0xe0000
1781262990,62.0,2400000,0xe0000
1781262991,61.5,2400000,0xe0000
1781262992,61.5,2400000,0xe0000
1781262993,60.9,2400000,0xe0000
1781262994,61.5,2400000,0xe0000
1781262995,61.5,2400000,0xe0000
1781262996,61.5,2400000,0xe0000
1781262997,61.5,2400000,0xe0000
1781262998,62.0,2400000,0xe0000
1781262999,60.9,2400000,0xe0000
1781263000,62.0,2400000,0xe0000
1781263001,62.0,2400000,0xe0000
1781263003,60.4,2400000,0xe0000
1781263004,61.5,2400000,0xe0000
1781263005,62.0,2400000,0xe0000
1781263006,61.5,2400000,0xe0000
1781263007,62.0,2400000,0xe0000
1781263008,62.0,2400000,0xe0000
1781263009,61.5,2400000,0xe0000
1781263010,62.6,2400000,0xe0000
1781263011,62.0,2400000,0xe0000
1781263012,62.0,2400000,0xe0000
1781263013,61.5,2400000,0xe0000
1781263014,60.4,2400000,0xe0000
1781263015,62.0,2400000,0xe0000
1781263016,61.5,2400000,0xe0000
1781263017,62.0,2400000,0xe0000
1781263018,62.0,2400000,0xe0000
1781263019,62.0,2400000,0xe0000
1781263020,62.0,2400000,0xe0000
1781263021,61.5,2400000,0xe0000
1781263022,61.5,2400000,0xe0000
1781263023,62.0,2400000,0xe0000
1781263024,62.0,2400000,0xe0000
1781263025,62.0,2400000,0xe0000
1781263027,62.0,2400000,0xe0000
1781263028,62.6,2400000,0xe0000
1781263029,61.5,2400000,0xe0000
1781263030,62.6,2400000,0xe0000
1781263031,60.4,2400000,0xe0000
1781263032,61.5,2400000,0xe0000
1781263033,62.0,2400000,0xe0000
1781263034,61.5,2400000,0xe0000
1781263035,62.0,2400000,0xe0000
1781263036,62.0,2400000,0xe0000
1781263037,60.9,2400000,0xe0000
1781263038,62.0,2400000,0xe0000
1781263039,62.6,2400000,0xe0000
1781263040,61.5,2400000,0xe0000
1781263041,62.0,2400000,0xe0000
1781263042,61.5,2400000,0xe0000
1781263043,62.0,2400000,0xe0000
1781263044,62.0,2400000,0xe0000
1781263045,61.5,2400000,0xe0000
1781263046,61.5,2400000,0xe0000
1781263047,62.0,2400000,0xe0000
1781263048,62.0,2400000,0xe0000
1781263049,62.0,2400000,0xe0000
1781263050,62.0,2400000,0xe0000
1781263051,62.0,2400000,0xe0000
1781263052,62.6,2400000,0xe0000
1781263054,61.5,2400000,0xe0000
1781263055,62.0,2400000,0xe0000
1781263056,62.0,2400000,0xe0000
1781263057,62.6,2400000,0xe0000
1781263058,62.0,2400000,0xe0000
1781263059,62.6,2400000,0xe0000
1781263060,62.0,2400000,0xe0000
1781263061,62.6,2400000,0xe0000
1781263062,62.0,2400000,0xe0000
1781263063,62.0,2400000,0xe0000
1781263064,62.0,2400000,0xe0000
1781263065,62.0,2400000,0xe0000
1781263066,62.0,2400000,0xe0000
1781263067,62.0,2400000,0xe0000
1781263068,62.0,2400000,0xe0000
1781263069,62.0,2400000,0xe0000
1781263070,62.6,2400000,0xe0000
1781263071,62.0,2400000,0xe0000
1781263072,61.5,2400000,0xe0000
1781263073,62.0,2400000,0xe0000
1781263074,61.5,2400000,0xe0000
1781263075,63.1,2400000,0xe0000
1781263076,62.6,2400000,0xe0000
1781263077,62.6,2400000,0xe0000
1781263078,61.5,2400000,0xe0000
1781263079,62.0,2400000,0xe0000
1781263080,62.0,2400000,0xe0000
1781263081,62.6,2400000,0xe0000
1781263082,62.0,2400000,0xe0000
1781263083,62.6,2400000,0xe0000
1781263085,62.6,2400000,0xe0000
1781263086,62.0,2400000,0xe0000
1781263087,61.5,2400000,0xe0000
1781263088,62.0,2400000,0xe0000
1781263089,62.6,2400000,0xe0000
1781263090,62.0,2400000,0xe0000
1781263091,62.6,2400000,0xe0000
1781263092,61.5,2400000,0xe0000
1781263093,63.7,2400000,0xe0000
1781263094,63.7,2400000,0xe0000
1781263095,63.1,2400000,0xe0000
1781263096,62.6,2400000,0xe0000
1781263097,62.6,2400000,0xe0000
1781263098,63.1,2400000,0xe0000
1781263099,63.1,2400000,0xe0000
1781263100,62.6,2400000,0xe0000
1781263101,61.5,2400000,0xe0000
1781263102,63.1,2400000,0xe0000
1781263103,63.1,2400000,0xe0000
1781263104,62.0,2400000,0xe0000
1781263106,63.1,2400000,0xe0000
1781263107,63.1,2400000,0xe0000
1781263108,63.1,2400000,0xe0000
1781263109,63.1,2400000,0xe0000
1781263110,62.6,2400000,0xe0000
1781263111,63.1,2400000,0xe0000
1781263112,62.6,2400000,0xe0000
1781263113,62.0,2400000,0xe0000
1781263114,63.7,2400000,0xe0000
1781263115,63.1,2400000,0xe0000
1781263116,63.1,2400000,0xe0000
1781263117,63.7,2400000,0xe0000
1781263118,63.7,2400000,0xe0000
1781263119,63.1,2400000,0xe0000
1781263120,63.1,2400000,0xe0000
1781263121,62.6,2400000,0xe0000
1781263122,63.1,2400000,0xe0000
1781263123,63.7,2400000,0xe0000
1781263124,62.0,2400000,0xe0000
1781263125,63.7,2400000,0xe0000
1781263126,63.1,2400000,0xe0000
1781263127,63.1,2400000,0xe0000
1781263128,62.6,2400000,0xe0000
1781263129,63.1,2400000,0xe0000
1781263130,63.1,2400000,0xe0000
1781263131,63.1,2400000,0xe0000
1781263132,62.6,2400000,0xe0000
1781263134,63.1,2400000,0xe0000
1781263135,63.7,2400000,0xe0000
1781263136,63.1,2400000,0xe0000
1781263137,62.6,2400000,0xe0000
1781263138,62.6,2400000,0xe0000
1781263139,61.5,2400000,0xe0000
1781263140,62.6,2400000,0xe0000
1781263141,62.0,2400000,0xe0000
1781263142,63.1,2400000,0xe0000
1781263143,63.1,2400000,0xe0000
1781263144,63.1,2400000,0xe0000
1781263145,63.7,2400000,0xe0000
1781263146,63.1,2400000,0xe0000
1781263147,63.7,2400000,0xe0000
1781263148,62.6,2400000,0xe0000
1781263149,62.6,2400000,0xe0000
1781263150,62.0,2400000,0xe0000
1781263151,62.6,2400000,0xe0000
1781263152,62.0,2400000,0xe0000
1781263153,63.1,2400000,0xe0000
1781263154,61.5,2400000,0xe0000
1781263155,62.6,2400000,0xe0000
1781263156,63.1,2400000,0xe0000
1781263157,62.0,2400000,0xe0000
1781263158,62.0,2400000,0xe0000
1781263159,62.6,2400000,0xe0000
1781263160,63.1,2400000,0xe0000
1781263161,63.1,2400000,0xe0000
1781263162,62.6,2400000,0xe0000
1781263164,63.1,2400000,0xe0000
1781263165,62.0,2400000,0xe0000
1781263166,63.1,2400000,0xe0000
1781263167,62.0,2400000,0xe0000
1781263168,62.6,2400000,0xe0000
1781263169,62.6,2400000,0xe0000
1781263170,63.1,2400000,0xe0000
1781263171,63.1,2400000,0xe0000
1781263172,62.6,2400000,0xe0000
1781263173,63.1,2400000,0xe0000
1781263174,62.6,2400000,0xe0000
1781263175,62.0,2400000,0xe0000
1781263176,62.0,2400000,0xe0000
1781263177,62.6,2400000,0xe0000
1781263179,62.6,2400000,0xe0000
1781263180,62.6,2400000,0xe0000
1781263181,62.0,2400000,0xe0000
1781263182,63.1,2400000,0xe0000
1781263183,62.0,2400000,0xe0000
1781263184,62.6,2400000,0xe0000
1781263185,61.5,2400000,0xe0000
1781263186,62.6,2400000,0xe0000
1781263187,62.6,2400000,0xe0000
1781263188,62.6,2400000,0xe0000
1781263189,62.0,2400000,0xe0000
1781263190,62.6,2400000,0xe0000
1781263191,61.5,2400000,0xe0000
1781263192,62.6,2400000,0xe0000
1781263193,61.5,2400000,0xe0000
1781263194,62.0,2400000,0xe0000
1781263195,62.0,2400000,0xe0000
1781263196,62.6,2400000,0xe0000
1781263197,63.7,2400000,0xe0000
1781263198,63.7,2400000,0xe0000
1781263199,63.7,2400000,0xe0000
1781263200,63.7,2400000,0xe0000
1781263201,63.1,2400000,0xe0000
1781263202,63.1,2400000,0xe0000
1781263204,63.7,2400000,0xe0000
1781263205,63.1,2400000,0xe0000
1781263206,63.7,2400000,0xe0000
1781263207,63.1,2400000,0xe0000
1781263208,63.1,2400000,0xe0000
1781263209,63.1,2400000,0xe0000
1781263210,63.7,2400000,0xe0000
1781263211,63.7,2400000,0xe0000
1781263212,63.7,2400000,0xe0000
1781263213,62.0,2400000,0xe0000
1781263214,62.6,2400000,0xe0000
1781263215,62.6,2400000,0xe0000
1781263216,63.1,2400000,0xe0000
1781263217,62.6,2400000,0xe0000
1781263218,63.1,2400000,0xe0000
1781263219,63.1,2400000,0xe0000
1781263220,62.0,2400000,0xe0000
1781263221,62.6,2400000,0xe0000
1781263222,62.0,2400000,0xe0000
1781263224,63.1,2400000,0xe0000
1781263225,63.7,2400000,0xe0000
1781263226,62.0,2400000,0xe0000
1781263227,63.7,2400000,0xe0000
1781263228,63.1,2400000,0xe0000
1781263229,63.7,2400000,0xe0000
1781263230,63.1,2400000,0xe0000
1781263231,63.1,2400000,0xe0000
1781263232,63.1,2400000,0xe0000
1781263233,62.6,2400000,0xe0000
1781263234,63.1,2400000,0xe0000
1781263235,63.7,2400000,0xe0000
1781263236,63.7,2400000,0xe0000
1781263237,63.7,2400000,0xe0000
1781263238,64.2,2400000,0xe0000
1781263239,62.6,2400000,0xe0000
1781263240,63.1,2400000,0xe0000
1781263241,63.1,2400000,0xe0000
1781263242,63.1,2400000,0xe0000
1781263243,63.1,2400000,0xe0000
1781263244,62.0,2400000,0xe0000
1781263245,62.6,2400000,0xe0000
1781263246,63.7,2400000,0xe0000
1781263247,63.7,2400000,0xe0000
1781263248,63.1,2400000,0xe0000
1781263249,63.7,2400000,0xe0000
1781263250,62.6,2400000,0xe0000
1781263252,63.1,2400000,0xe0000
1781263253,62.6,2400000,0xe0000
1781263254,63.1,2400000,0xe0000
1781263255,63.1,2400000,0xe0000
1781263256,62.0,2400000,0xe0000
1781263257,63.7,2400000,0xe0000
1781263258,63.1,2400000,0xe0000
1781263259,63.1,2400000,0xe0000
1781263260,63.7,2400000,0xe0000
1781263261,63.1,2400000,0xe0000
1781263262,62.6,2400000,0xe0000
1781263263,62.0,2400000,0xe0000
1781263264,62.6,2400000,0xe0000
1781263265,63.1,2400000,0xe0000
1781263266,63.1,2400000,0xe0000
1781263267,62.6,2400000,0xe0000
1781263268,62.0,2400000,0xe0000
1781263269,61.5,2400000,0xe0000
1781263270,62.6,2400000,0xe0000
1781263271,62.6,2400000,0xe0000
1781263272,62.6,2400000,0xe0000
1781263273,63.7,2400000,0xe0000
1781263274,62.6,2400000,0xe0000
1781263276,62.6,2400000,0xe0000
1781263277,62.6,2400000,0xe0000
1781263278,63.1,2400000,0xe0000
1781263279,62.0,2400000,0xe0000
1781263280,63.1,2400000,0xe0000
1781263281,63.1,2400000,0xe0000
1781263282,62.6,2400000,0xe0000
1781263283,63.1,2400000,0xe0000
1781263284,63.1,2400000,0xe0000
1781263285,62.6,2400000,0xe0000
1781263286,62.6,2400000,0xe0000
1781263287,61.5,2400000,0xe0000
1781263288,63.1,2400000,0xe0000
1781263289,62.0,2400000,0xe0000
1781263290,62.6,2400000,0xe0000
1781263291,62.6,2400000,0xe0000
1781263292,63.1,2400000,0xe0000
1781263293,63.7,2400000,0xe0000
1781263294,62.6,2400000,0xe0000
1781263295,62.6,2400000,0xe0000
1781263296,63.1,2400000,0xe0000
1781263297,62.6,2400000,0xe0000
1781263298,63.1,2400000,0xe0000
1781263299,63.1,2400000,0xe0000
1781263300,63.1,2400000,0xe0000
1781263301,63.1,2400000,0xe0000
1781263302,63.7,2400000,0xe0000
1781263303,62.0,2400000,0xe0000
1781263304,63.1,2400000,0xe0000
1781263306,63.1,2400000,0xe0000
1781263307,63.7,2400000,0xe0000
1781263308,63.7,2400000,0xe0000
1781263309,63.1,2400000,0xe0000
1781263310,63.1,2400000,0xe0000
1781263311,63.1,2400000,0xe0000
1781263312,63.1,2400000,0xe0000
1781263313,63.7,2400000,0xe0000
1781263314,63.7,2400000,0xe0000
1781263315,63.1,2400000,0xe0000
1781263316,63.7,2400000,0xe0000
1781263317,63.7,2400000,0xe0000
1781263318,63.7,2400000,0xe0000
1781263319,62.6,2400000,0xe0000
1781263320,62.6,2400000,0xe0000
1781263321,63.7,2400000,0xe0000
1781263322,63.1,2400000,0xe0000
1781263323,63.1,2400000,0xe0000
1781263324,62.6,2400000,0xe0000
1781263325,62.6,2400000,0xe0000
1781263326,62.6,2400000,0xe0000
1781263327,63.7,2400000,0xe0000
1781263328,62.6,2400000,0xe0000
1781263329,62.6,2400000,0xe0000
1781263331,62.6,2400000,0xe0000
1781263332,63.1,2400000,0xe0000
1781263333,63.1,2400000,0xe0000
1781263334,63.1,2400000,0xe0000
1781263335,63.1,2400000,0xe0000
1781263336,62.6,2400000,0xe0000
1781263337,62.6,2400000,0xe0000
1781263338,62.6,2400000,0xe0000
1781263339,63.1,2400000,0xe0000
1781263340,63.1,2400000,0xe0000
1781263341,63.7,2400000,0xe0000
1781263342,63.1,2400000,0xe0000
1781263343,63.1,2400000,0xe0000
1781263344,62.6,2400000,0xe0000
1781263345,62.0,2400000,0xe0000
1781263346,63.7,2400000,0xe0000
1781263347,63.7,2400000,0xe0000
1781263348,62.6,2400000,0xe0000
1781263349,63.1,2400000,0xe0000
1781263350,63.1,2400000,0xe0000
1781263351,64.2,2400000,0xe0000
1781263352,63.1,2400000,0xe0000
1781263353,63.7,2400000,0xe0000
1781263354,63.1,2400000,0xe0000
1781263355,63.1,2400000,0xe0000
1781263356,62.6,2400000,0xe0000
1781263357,62.6,2400000,0xe0000
1781263358,62.6,2400000,0xe0000
1781263359,63.1,2400000,0xe0000
1781263360,63.1,2400000,0xe0000
1781263362,63.1,2400000,0xe0000
1781263363,63.1,2400000,0xe0000
1781263364,63.1,2400000,0xe0000
1781263365,62.6,2400000,0xe0000
1781263366,62.6,2400000,0xe0000
1781263367,62.6,2400000,0xe0000
1781263368,63.1,2400000,0xe0000
1781263369,63.1,2400000,0xe0000
1781263370,63.1,2400000,0xe0000
1781263371,63.7,2400000,0xe0000
1781263372,63.1,2400000,0xe0000
1781263373,63.1,2400000,0xe0000
1781263374,62.0,2400000,0xe0000
1781263375,63.1,2400000,0xe0000
1781263376,62.6,2400000,0xe0000
1781263377,63.1,2400000,0xe0000
1781263378,62.6,2400000,0xe0000
1781263379,62.6,2400000,0xe0000
1781263380,62.0,2400000,0xe0000
1781263381,63.1,2400000,0xe0000
1781263382,61.5,2400000,0xe0000
1781263383,62.6,2400000,0xe0000
1781263384,63.7,2400000,0xe0000
1781263385,62.6,2400000,0xe0000
1781263386,62.0,2400000,0xe0000
1781263387,62.6,2400000,0xe0000
1781263388,62.0,2400000,0xe0000
1781263389,63.1,2400000,0xe0000
1781263390,63.1,2400000,0xe0000
1781263391,62.6,2400000,0xe0000
1781263392,62.6,2400000,0xe0000
1781263393,62.6,2400000,0xe0000
1781263395,62.6,2400000,0xe0000
1781263396,63.1,2400000,0xe0000
1781263397,62.6,2400000,0xe0000
1781263398,63.1,2400000,0xe0000
1781263399,62.6,2400000,0xe0000
1781263400,63.1,2400000,0xe0000
1781263401,63.1,2400000,0xe0000
1781263402,62.6,2400000,0xe0000
1781263403,63.1,2400000,0xe0000
1781263404,62.6,2400000,0xe0000
1781263405,62.6,2400000,0xe0000
1781263406,63.1,2400000,0xe0000
1781263407,63.1,2400000,0xe0000
1781263408,63.1,2400000,0xe0000
1781263409,63.1,2400000,0xe0000
1781263410,62.6,2400000,0xe0000
1781263411,63.7,2400000,0xe0000
1781263412,62.6,2400000,0xe0000
1781263414,63.1,2400000,0xe0000
1781263415,62.6,2400000,0xe0000
1781263416,62.0,2400000,0xe0000
1781263417,62.6,2400000,0xe0000
1781263418,63.7,2400000,0xe0000
1781263419,62.6,2400000,0xe0000
1781263420,63.1,2400000,0xe0000
1781263421,62.6,2400000,0xe0000
1781263422,62.6,2400000,0xe0000
1781263423,63.1,2400000,0xe0000
1781263424,61.5,2400000,0xe0000
1781263425,63.7,2400000,0xe0000
1781263426,63.1,2400000,0xe0000
1781263427,62.6,2400000,0xe0000
1781263428,63.1,2400000,0xe0000
1781263429,62.6,2400000,0xe0000
1781263430,63.7,2400000,0xe0000
1781263431,63.7,2400000,0xe0000
1781263432,63.7,2400000,0xe0000
1781263433,63.7,2400000,0xe0000
1781263434,63.1,2400000,0xe0000
1781263435,63.1,2400000,0xe0000
1781263436,63.7,2400000,0xe0000
1781263437,63.1,2400000,0xe0000
1781263438,63.1,2400000,0xe0000
1781263439,63.1,2400000,0xe0000
1781263440,63.7,2400000,0xe0000
1781263441,63.1,2400000,0xe0000
1781263442,63.7,2400000,0xe0000
1781263443,64.2,2400000,0xe0000
1781263444,63.7,2400000,0xe0000
1781263446,63.7,2400000,0xe0000
1781263447,63.1,2400000,0xe0000
1781263448,63.7,2400000,0xe0000
1781263449,63.1,2400000,0xe0000
1781263450,64.2,2400000,0xe0000
1781263451,63.7,2400000,0xe0000
1781263452,64.2,2400000,0xe0000
1781263453,63.7,2400000,0xe0000
1781263454,63.7,2400000,0xe0000
1781263455,64.2,2400000,0xe0000
1781263456,63.1,2400000,0xe0000
1781263457,63.7,2400000,0xe0000
1781263458,64.2,2400000,0xe0000
1781263459,63.1,2400000,0xe0000
1781263460,62.6,2400000,0xe0000
1781263462,63.1,2400000,0xe0000
1781263463,62.0,2400000,0xe0000
1781263464,63.1,2400000,0xe0000
1781263465,63.7,2400000,0xe0000
1781263466,63.1,2400000,0xe0000
1781263467,63.7,2400000,0xe0000
1781263468,63.1,2400000,0xe0000
1781263469,63.7,2400000,0xe0000
1781263470,63.7,2400000,0xe0000
1781263471,63.7,2400000,0xe0000
1781263472,63.1,2400000,0xe0000
1781263473,63.7,2400000,0xe0000
1781263474,63.7,2400000,0xe0000
1781263475,62.6,2400000,0xe0000
1781263476,63.1,2400000,0xe0000
1781263477,62.0,2400000,0xe0000
1781263478,63.7,2400000,0xe0000
1781263479,63.7,2400000,0xe0000
1781263480,63.7,2400000,0xe0000
1781263481,63.1,2400000,0xe0000
1781263482,63.1,2400000,0xe0000
1781263483,63.1,2400000,0xe0000
1781263484,63.7,2400000,0xe0000
1781263486,63.1,2400000,0xe0000
1781263487,63.1,2400000,0xe0000
1781263488,62.6,2400000,0xe0000
1781263489,64.2,2400000,0xe0000
1781263490,63.7,2400000,0xe0000
1781263491,63.1,2400000,0xe0000
1781263492,63.1,2400000,0xe0000
1781263493,63.1,2400000,0xe0000
1781263494,63.7,2400000,0xe0000
1781263495,63.1,2400000,0xe0000
1781263496,63.1,2400000,0xe0000
1781263497,63.7,2400000,0xe0000
1781263498,63.7,2400000,0xe0000
1781263499,63.7,2400000,0xe0000
1781263500,63.1,2400000,0xe0000
1781263501,63.7,2400000,0xe0000
1781263502,63.7,2400000,0xe0000
1781263503,63.1,2400000,0xe0000
1781263504,63.7,2400000,0xe0000
1781263506,63.7,2400000,0xe0000
1781263507,63.1,2400000,0xe0000
1781263508,63.1,2400000,0xe0000
1781263509,63.1,2400000,0xe0000
1781263510,63.7,2400000,0xe0000
1781263511,63.7,2400000,0xe0000
1781263512,63.1,2400000,0xe0000
1781263513,63.7,2400000,0xe0000
1781263514,62.0,2400000,0xe0000
1781263515,63.7,2400000,0xe0000
1781263516,62.0,2400000,0xe0000
1781263517,63.1,2400000,0xe0000
1781263518,62.6,2400000,0xe0000
1781263519,63.1,2400000,0xe0000
1781263520,63.1,2400000,0xe0000
1781263521,62.6,2400000,0xe0000
1781263522,63.7,2400000,0xe0000
1781263523,63.7,2400000,0xe0000
1781263524,63.7,2400000,0xe0000
1781263525,63.1,2400000,0xe0000
1781263526,62.6,2400000,0xe0000
1781263527,63.1,2400000,0xe0000
1781263528,63.7,2400000,0xe0000
1781263529,63.1,2400000,0xe0000
1781263530,63.7,2400000,0xe0000
1781263532,63.7,2400000,0xe0000
1781263533,63.7,2400000,0xe0000
1781263534,63.7,2400000,0xe0000
1781263535,63.7,2400000,0xe0000
1781263536,63.7,2400000,0xe0000
1781263537,63.7,2400000,0xe0000
1781263538,63.7,2400000,0xe0000
1781263539,63.1,2400000,0xe0000
1781263540,64.2,2400000,0xe0000
1781263541,63.7,2400000,0xe0000
1781263542,63.7,2400000,0xe0000
1781263543,63.7,2400000,0xe0000
1781263544,64.2,2400000,0xe0000
1781263545,63.7,2400000,0xe0000
1781263546,63.7,2400000,0xe0000
1781263547,63.7,2400000,0xe0000
1781263548,63.7,2400000,0xe0000
1781263549,63.1,2400000,0xe0000
1781263551,63.7,2400000,0xe0000
1781263552,63.1,2400000,0xe0000
1781263553,63.1,2400000,0xe0000
1781263554,63.1,2400000,0xe0000
1781263555,63.1,2400000,0xe0000
1781263556,63.1,2400000,0xe0000
1781263557,63.7,2400000,0xe0000
1781263558,63.1,2400000,0xe0000
1781263559,63.7,2400000,0xe0000
1781263560,63.1,2400000,0xe0000
1781263561,63.1,2400000,0xe0000
1781263562,63.7,2400000,0xe0000
1781263563,63.1,2400000,0xe0000
1781263564,63.1,2400000,0xe0000
1781263565,63.1,2400000,0xe0000
1781263566,63.1,2400000,0xe0000
1781263567,63.7,2400000,0xe0000
1781263568,63.1,2400000,0xe0000
1781263569,63.1,2400000,0xe0000
1781263570,63.1,2400000,0xe0000
1781263571,63.1,2400000,0xe0000
1781263572,63.1,2400000,0xe0000
1781263573,63.1,2400000,0xe0000
1781263574,62.6,2400000,0xe0000
1781263575,63.1,2400000,0xe0000
1781263576,63.1,2400000,0xe0000
1781263577,63.1,2400000,0xe0000
1781263579,63.1,2400000,0xe0000
1781263580,63.1,2400000,0xe0000
1781263581,63.1,2400000,0xe0000
1781263582,63.1,2400000,0xe0000
1781263583,63.1,2400000,0xe0000
1781263584,63.7,2400000,0xe0000
1781263585,63.1,2400000,0xe0000
1781263586,63.1,2400000,0xe0000
1781263587,63.1,2400000,0xe0000
1781263588,63.7,2400000,0xe0000
1781263589,63.1,2400000,0xe0000
1781263590,63.1,2400000,0xe0000
1781263591,63.7,2400000,0xe0000
1781263592,62.6,2400000,0xe0000
1781263593,62.6,2400000,0xe0000
1781263594,63.1,2400000,0xe0000
1781263595,63.1,2400000,0xe0000
1781263596,63.1,2400000,0xe0000
1781263597,63.1,2400000,0xe0000
1781263598,62.6,2400000,0xe0000
1781263599,63.7,2400000,0xe0000
1781263600,63.1,2400000,0xe0000
1781263601,63.1,2400000,0xe0000
1781263602,63.1,2400000,0xe0000
1781263603,63.1,2400000,0xe0000
1781263605,63.7,2400000,0xe0000
1781263606,62.0,2400000,0xe0000
1781263607,63.7,2400000,0xe0000
1781263608,63.7,2400000,0xe0000
1781263609,62.0,2400000,0xe0000
1781263610,63.7,2400000,0xe0000
1781263611,63.1,2400000,0xe0000
1781263612,63.7,2400000,0xe0000
1781263613,63.7,2400000,0xe0000
1781263614,63.1,2400000,0xe0000
1781263615,64.2,2400000,0xe0000
1781263616,63.7,2400000,0xe0000
1781263617,63.7,2400000,0xe0000
1781263618,63.7,2400000,0xe0000
1781263619,63.1,2400000,0xe0000
1781263620,63.7,2400000,0xe0000
1781263621,63.7,2400000,0xe0000
1781263622,63.7,2400000,0xe0000
1781263623,62.0,2400000,0xe0000
1781263625,63.7,2400000,0xe0000
1781263626,63.7,2400000,0xe0000
1781263627,63.1,2400000,0xe0000
1781263628,63.1,2400000,0xe0000
1781263629,63.1,2400000,0xe0000
1781263630,63.1,2400000,0xe0000
1781263631,63.1,2400000,0xe0000
1781263632,63.1,2400000,0xe0000
1781263633,62.6,2400000,0xe0000
1781263634,63.7,2400000,0xe0000
1781263635,62.6,2400000,0xe0000
1781263636,63.1,2400000,0xe0000
1781263637,63.7,2400000,0xe0000
1781263638,63.1,2400000,0xe0000
1781263639,63.1,2400000,0xe0000
1781263640,63.1,2400000,0xe0000
1781263641,63.1,2400000,0xe0000
1781263642,63.1,2400000,0xe0000
1781263643,63.1,2400000,0xe0000
1781263645,63.7,2400000,0xe0000
1781263646,63.7,2400000,0xe0000
1781263647,63.1,2400000,0xe0000
1781263648,63.1,2400000,0xe0000
1781263649,63.1,2400000,0xe0000
1781263650,63.1,2400000,0xe0000
1781263651,63.1,2400000,0xe0000
1781263652,63.1,2400000,0xe0000
1781263653,63.1,2400000,0xe0000
1781263654,63.1,2400000,0xe0000
1781263655,63.1,2400000,0xe0000
1781263656,63.1,2400000,0xe0000
1781263657,63.1,2400000,0xe0000
1781263658,63.1,2400000,0xe0000
1781263659,63.7,2400000,0xe0000
1781263660,63.7,2400000,0xe0000
1781263661,63.1,2400000,0xe0000
1781263662,63.1,2400000,0xe0000
1781263663,63.1,2400000,0xe0000
1781263664,63.7,2400000,0xe0000
1781263665,63.1,2400000,0xe0000
1781263666,62.6,2400000,0xe0000
1781263667,62.6,2400000,0xe0000
1781263668,63.7,2400000,0xe0000
1781263669,63.1,2400000,0xe0000
1781263671,63.7,2400000,0xe0000
1781263672,62.6,2400000,0xe0000
1781263673,63.7,2400000,0xe0000
1781263674,62.0,2400000,0xe0000
1781263675,63.1,2400000,0xe0000
1781263676,62.6,2400000,0xe0000
1781263677,62.6,2400000,0xe0000
1781263678,63.1,2400000,0xe0000
1781263679,63.7,2400000,0xe0000
1781263680,63.1,2400000,0xe0000
1781263681,63.7,2400000,0xe0000
1781263682,63.1,2400000,0xe0000
1781263683,63.1,2400000,0xe0000
1781263684,63.1,2400000,0xe0000
1781263685,63.1,2400000,0xe0000
1781263686,63.1,2400000,0xe0000
1781263687,63.1,2400000,0xe0000
1781263688,63.1,2400000,0xe0000
1781263689,62.0,2400000,0xe0000
1781263690,63.1,2400000,0xe0000
1781263691,62.6,2400000,0xe0000
1781263692,61.5,2400000,0xe0000
1781263694,63.7,2400000,0xe0000
1781263695,63.1,2400000,0xe0000
1781263696,62.6,2400000,0xe0000
1781263697,63.1,2400000,0xe0000
1781263698,63.1,2400000,0xe0000
1781263699,63.7,2400000,0xe0000
1781263700,63.1,2400000,0xe0000
1781263701,63.7,2400000,0xe0000
1781263702,63.7,2400000,0xe0000
1781263703,63.1,2400000,0xe0000
1781263704,62.6,2400000,0xe0000
1781263705,63.1,2400000,0xe0000
1781263706,63.1,2400000,0xe0000
1781263707,62.6,2400000,0xe0000
1781263708,62.6,2400000,0xe0000
1781263709,62.0,2400000,0xe0000
1781263710,63.7,2400000,0xe0000
1781263711,63.1,2400000,0xe0000
1781263712,63.7,2400000,0xe0000
1781263714,63.1,2400000,0xe0000
1781263715,63.7,2400000,0xe0000
1781263716,63.7,2400000,0xe0000
1781263717,63.7,2400000,0xe0000
1781263718,64.2,2400000,0xe0000
1781263719,62.6,2400000,0xe0000
1781263720,63.1,2400000,0xe0000
1781263721,63.7,2400000,0xe0000
1781263722,63.1,2400000,0xe0000
1781263723,62.6,2400000,0xe0000
1781263724,63.1,2400000,0xe0000
1781263725,63.1,2400000,0xe0000
1781263726,63.1,2400000,0xe0000
1781263727,63.1,2400000,0xe0000
1781263728,63.1,2400000,0xe0000
1781263729,62.6,2400000,0xe0000
1781263730,62.0,2400000,0xe0000
1781263731,63.1,2400000,0xe0000
1781263732,63.7,2400000,0xe0000
1781263733,62.6,2400000,0xe0000
1781263734,63.1,2400000,0xe0000
1781263735,62.6,2400000,0xe0000
1781263736,63.1,2400000,0xe0000
1781263737,63.1,2400000,0xe0000
1781263738,63.1,2400000,0xe0000
1781263739,62.0,2400000,0xe0000
1781263740,63.1,2400000,0xe0000
1781263742,63.1,2400000,0xe0000
1781263743,63.7,2400000,0xe0000
1781263744,63.1,2400000,0xe0000
1781263745,63.1,2400000,0xe0000
1781263746,63.7,2400000,0xe0000
1781263747,63.1,2400000,0xe0000
1781263748,62.6,2400000,0xe0000
1781263749,63.1,2400000,0xe0000
1781263750,63.1,2400000,0xe0000
1781263751,63.1,2400000,0xe0000
1781263752,63.1,2400000,0xe0000
1781263753,63.1,2400000,0xe0000
1781263754,63.1,2400000,0xe0000
1781263755,63.1,2400000,0xe0000
1781263756,63.1,2400000,0xe0000
1781263757,63.7,2400000,0xe0000
1781263758,63.1,2400000,0xe0000
1781263759,63.1,2400000,0xe0000
1781263760,63.1,2400000,0xe0000
1781263762,63.7,2400000,0xe0000
1781263763,63.1,2400000,0xe0000
1781263764,63.1,2400000,0xe0000
1781263765,63.1,2400000,0xe0000
1781263766,63.1,2400000,0xe0000
1781263767,63.7,2400000,0xe0000
1781263768,62.6,2400000,0xe0000
1781263769,63.7,2400000,0xe0000
1781263770,62.0,2400000,0xe0000
1781263771,63.1,2400000,0xe0000
1781263772,63.7,2400000,0xe0000
1781263773,63.1,2400000,0xe0000
1781263774,62.6,2400000,0xe0000
1781263775,63.7,2400000,0xe0000
1781263776,63.7,2400000,0xe0000
1781263777,64.2,2400000,0xe0000
1781263778,63.1,2400000,0xe0000
1781263779,63.1,2400000,0xe0000
1781263780,63.1,2400000,0xe0000
1781263781,62.6,2400000,0xe0000
1781263783,63.1,2400000,0xe0000
1781263784,63.1,2400000,0xe0000
1781263785,63.1,2400000,0xe0000
1781263786,63.1,2400000,0xe0000
1781263787,62.6,2400000,0xe0000
1781263788,63.1,2400000,0xe0000
1781263789,63.1,2400000,0xe0000
1781263790,62.6,2400000,0xe0000
1781263791,63.7,2400000,0xe0000
1781263792,63.1,2400000,0xe0000
1781263793,63.1,2400000,0xe0000
1781263794,63.1,2400000,0xe0000
1781263795,63.1,2400000,0xe0000
1781263796,63.1,2400000,0xe0000
1781263797,63.7,2400000,0xe0000
1781263798,63.1,2400000,0xe0000
1781263799,62.6,2400000,0xe0000
1781263800,62.6,2400000,0xe0000
1781263801,63.7,2400000,0xe0000
1781263803,62.6,2400000,0xe0000
1781263804,63.1,2400000,0xe0000
1781263805,63.1,2400000,0xe0000
1781263806,63.1,2400000,0xe0000
1781263807,63.1,2400000,0xe0000
1781263808,63.1,2400000,0xe0000
1781263809,63.1,2400000,0xe0000
1781263810,63.7,2400000,0xe0000
1781263811,62.6,2400000,0xe0000
1781263812,63.1,2400000,0xe0000
1781263813,63.7,2400000,0xe0000
1781263814,63.1,2400000,0xe0000
1781263815,63.7,2400000,0xe0000
1781263816,63.1,2400000,0xe0000
1781263817,63.7,2400000,0xe0000
1781263818,63.7,2400000,0xe0000
1781263819,63.1,2400000,0xe0000
1781263820,62.6,2400000,0xe0000
1781263821,63.1,2400000,0xe0000
1781263823,63.1,2400000,0xe0000
1781263824,63.1,2400000,0xe0000
1781263825,63.7,2400000,0xe0000
1781263826,63.1,2400000,0xe0000
1781263827,63.1,2400000,0xe0000
1781263828,63.1,2400000,0xe0000
1781263829,61.5,2400000,0xe0000
1781263830,63.1,2400000,0xe0000
1781263831,63.7,2400000,0xe0000
1781263832,63.1,2400000,0xe0000
1781263833,62.6,2400000,0xe0000
1781263834,63.1,2400000,0xe0000
1781263835,63.1,2400000,0xe0000
1781263836,63.1,2400000,0xe0000
1781263837,63.1,2400000,0xe0000
1781263838,63.1,2400000,0xe0000
1781263839,62.6,2400000,0xe0000
1781263840,63.7,2400000,0xe0000
1781263841,62.6,2400000,0xe0000
1781263842,63.7,2400000,0xe0000
1781263843,63.7,2400000,0xe0000
1781263845,63.1,2400000,0xe0000
1781263846,63.1,2400000,0xe0000
1781263847,63.1,2400000,0xe0000
1781263848,63.7,2400000,0xe0000
1781263849,63.1,2400000,0xe0000
1781263850,63.1,2400000,0xe0000
1781263851,63.7,2400000,0xe0000
1781263852,63.1,2400000,0xe0000
1781263853,63.7,2400000,0xe0000
1781263854,62.6,2400000,0xe0000
1781263855,63.1,2400000,0xe0000
1781263856,63.7,2400000,0xe0000
1781263857,63.1,2400000,0xe0000
1781263858,63.1,2400000,0xe0000
1781263859,63.1,2400000,0xe0000
1781263860,62.0,2400000,0xe0000
1781263861,63.7,2400000,0xe0000
1781263862,63.1,2400000,0xe0000
1781263863,63.1,2400000,0xe0000
1781263864,63.1,2400000,0xe0000
1781263865,63.1,2400000,0xe0000
1781263866,63.7,2400000,0xe0000
1781263868,63.1,2400000,0xe0000
1781263869,63.7,2400000,0xe0000
1781263870,63.1,2400000,0xe0000
1781263871,62.6,2400000,0xe0000
1781263872,61.5,2400000,0xe0000
1781263873,62.6,2400000,0xe0000
1781263874,63.1,2400000,0xe0000
1781263875,63.7,2400000,0xe0000
1781263876,63.7,2400000,0xe0000
1781263877,62.6,2400000,0xe0000
1781263878,63.1,2400000,0xe0000
1781263879,63.7,2400000,0xe0000
1781263880,63.7,2400000,0xe0000
1781263881,63.1,2400000,0xe0000
1781263882,64.2,2400000,0xe0000
1781263883,63.7,2400000,0xe0000
1781263884,63.1,2400000,0xe0000
1781263885,62.6,2400000,0xe0000
1781263886,63.7,2400000,0xe0000
1781263887,63.1,2400000,0xe0000
1781263889,63.7,2400000,0xe0000
1781263890,63.7,2400000,0xe0000
1781263891,63.1,2400000,0xe0000
1781263892,62.6,2400000,0xe0000
1781263893,63.1,2400000,0xe0000
1781263894,62.6,2400000,0xe0000
1781263895,63.1,2400000,0xe0000
1781263896,63.1,2400000,0xe0000
1781263897,63.1,2400000,0xe0000
1781263898,63.1,2400000,0xe0000
1781263899,63.7,2400000,0xe0000
1781263900,63.1,2400000,0xe0000
1781263901,63.1,2400000,0xe0000
1781263902,64.2,2400000,0xe0000
1781263903,63.1,2400000,0xe0000
1781263904,63.7,2400000,0xe0000
1781263905,63.7,2400000,0xe0000
1781263906,63.7,2400000,0xe0000
1781263907,62.6,2400000,0xe0000
1781263908,63.1,2400000,0xe0000
1781263909,63.1,2400000,0xe0000
1781263910,63.7,2400000,0xe0000
1781263912,63.1,2400000,0xe0000
1781263913,63.7,2400000,0xe0000
1781263914,64.2,2400000,0xe0000
1781263915,63.1,2400000,0xe0000
1781263916,63.1,2400000,0xe0000
1781263917,63.7,2400000,0xe0000
1781263918,63.1,2400000,0xe0000
1781263919,63.7,2400000,0xe0000
1781263920,63.1,2400000,0xe0000
1781263921,63.1,2400000,0xe0000
1781263922,63.7,2400000,0xe0000
1781263923,63.7,2400000,0xe0000
1781263924,63.1,2400000,0xe0000
1781263925,63.1,2400000,0xe0000
1781263926,63.1,2400000,0xe0000
1781263927,63.7,2400000,0xe0000
1781263928,63.1,2400000,0xe0000
1781263929,63.7,2400000,0xe0000
1781263930,63.1,2400000,0xe0000
1781263932,63.7,2400000,0xe0000
1781263933,63.7,2400000,0xe0000
1781263934,63.1,2400000,0xe0000
1781263935,63.7,2400000,0xe0000
1781263936,62.6,2400000,0xe0000
1781263937,62.6,2400000,0xe0000
1781263938,63.1,2400000,0xe0000
1781263939,63.1,2400000,0xe0000
1781263940,63.7,2400000,0xe0000
1781263941,63.1,2400000,0xe0000
1781263942,63.7,2400000,0xe0000
1781263943,63.1,2400000,0xe0000
1781263944,63.7,2400000,0xe0000
1781263945,63.1,2400000,0xe0000
1781263946,63.7,2400000,0xe0000
1781263947,63.7,2400000,0xe0000
1781263948,62.6,2400000,0xe0000
1781263949,63.7,2400000,0xe0000
1781263950,63.7,2400000,0xe0000
1781263951,63.7,2400000,0xe0000
1781263952,63.7,2400000,0xe0000
1781263953,63.7,2400000,0xe0000
1781263954,63.1,2400000,0xe0000
1781263956,63.1,2400000,0xe0000
1781263957,63.1,2400000,0xe0000
1781263958,63.7,2400000,0xe0000
1781263959,63.7,2400000,0xe0000
1781263960,63.1,2400000,0xe0000
1781263961,63.7,2400000,0xe0000
1781263962,63.1,2400000,0xe0000
1781263963,63.7,2400000,0xe0000
1781263964,63.1,2400000,0xe0000
1781263965,63.1,2400000,0xe0000
1781263966,63.7,2400000,0xe0000
1781263967,63.7,2400000,0xe0000
1781263968,63.1,2400000,0xe0000
1781263969,63.1,2400000,0xe0000
1781263970,63.1,2400000,0xe0000
1781263971,63.1,2400000,0xe0000
1781263972,63.1,2400000,0xe0000
1781263973,62.6,2400000,0xe0000
1781263974,63.7,2400000,0xe0000
1781263975,63.1,2400000,0xe0000
1781263976,63.7,2400000,0xe0000
1781263977,63.1,2400000,0xe0000
1781263978,63.7,2400000,0xe0000
1781263979,63.7,2400000,0xe0000
1781263980,63.7,2400000,0xe0000
1781263981,63.7,2400000,0xe0000
1781263983,62.0,2400000,0xe0000
1781263984,62.0,2400000,0xe0000
1781263985,63.7,2400000,0xe0000
1781263986,62.6,2400000,0xe0000
1781263987,63.7,2400000,0xe0000
1781263988,63.1,2400000,0xe0000
1781263989,63.1,2400000,0xe0000
1781263990,63.1,2400000,0xe0000
1781263991,62.6,2400000,0xe0000
1781263992,63.1,2400000,0xe0000
1781263993,62.6,2400000,0xe0000
1781263994,63.1,2400000,0xe0000
1781263995,62.6,2400000,0xe0000
1781263996,63.1,2400000,0xe0000
1781263997,63.7,2400000,0xe0000
1781263998,62.6,2400000,0xe0000
1781263999,63.1,2400000,0xe0000
1781264000,63.1,2400000,0xe0000
1781264001,63.1,2400000,0xe0000
1781264003,63.1,2400000,0xe0000
1781264004,63.1,2400000,0xe0000
1781264005,63.1,2400000,0xe0000
1781264006,63.1,2400000,0xe0000
1781264007,63.1,2400000,0xe0000
1781264008,63.1,2400000,0xe0000
1781264009,62.0,2400000,0xe0000
1781264010,62.6,2400000,0xe0000
1781264011,63.1,2400000,0xe0000
1781264012,63.1,2400000,0xe0000
1781264013,63.7,2400000,0xe0000
1781264014,63.1,2400000,0xe0000
1781264015,63.1,2400000,0xe0000
1781264016,62.6,2400000,0xe0000
1781264017,63.1,2400000,0xe0000
1781264018,63.1,2400000,0xe0000
1781264019,62.6,2400000,0xe0000
1781264020,63.1,2400000,0xe0000
1781264021,63.7,2400000,0xe0000
1781264022,62.6,2400000,0xe0000
1781264023,62.0,2400000,0xe0000
1781264024,63.1,2400000,0xe0000
1781264025,63.1,2400000,0xe0000
1781264026,63.7,2400000,0xe0000
1781264027,63.7,2400000,0xe0000
1781264028,63.7,2400000,0xe0000
1781264029,62.6,2400000,0xe0000
1781264030,63.7,2400000,0xe0000
1781264031,64.2,2400000,0xe0000
1781264032,63.1,2400000,0xe0000
1781264033,63.7,2400000,0xe0000
1781264035,63.7,2400000,0xe0000
1781264036,62.6,2400000,0xe0000
1781264037,63.1,2400000,0xe0000
1781264038,62.6,2400000,0xe0000
1781264039,63.7,2400000,0xe0000
1781264040,63.7,2400000,0xe0000
1781264041,63.7,2400000,0xe0000
1781264042,64.2,2400000,0xe0000
1781264043,63.7,2400000,0xe0000
1781264044,63.7,2400000,0xe0000
1781264045,63.7,2400000,0xe0000
1781264046,63.1,2400000,0xe0000
1781264047,63.7,2400000,0xe0000
1781264048,63.7,2400000,0xe0000
1781264049,63.7,2400000,0xe0000
1781264050,63.7,2400000,0xe0000
1781264051,63.7,2400000,0xe0000
1781264052,63.1,2400000,0xe0000
1781264053,63.7,2400000,0xe0000
1781264054,63.7,2400000,0xe0000
1781264055,63.7,2400000,0xe0000
1781264056,63.7,2400000,0xe0000
1781264057,63.1,2400000,0xe0000
1781264058,63.7,2400000,0xe0000
1781264059,63.7,2400000,0xe0000
1781264061,63.7,2400000,0xe0000
1781264062,63.7,2400000,0xe0000
1781264063,63.7,2400000,0xe0000
1781264064,63.7,2400000,0xe0000
1781264065,63.7,2400000,0xe0000
1781264066,63.7,2400000,0xe0000
1781264067,63.7,2400000,0xe0000
1781264068,63.7,2400000,0xe0000
1781264069,63.7,2400000,0xe0000
1781264070,63.1,2400000,0xe0000
1781264071,63.7,2400000,0xe0000
1781264072,63.7,2400000,0xe0000
1781264073,64.2,2400000,0xe0000
1781264074,63.1,2400000,0xe0000
1781264075,63.7,2400000,0xe0000
1781264076,63.7,2400000,0xe0000
1781264077,63.7,2400000,0xe0000
1781264078,63.7,2400000,0xe0000
1781264079,63.7,2400000,0xe0000
1781264080,63.7,2400000,0xe0000
1781264081,64.8,2400000,0xe0000
1781264082,64.2,2400000,0xe0000
1781264084,63.1,2400000,0xe0000
1781264085,63.7,2400000,0xe0000
1781264086,62.6,2400000,0xe0000
1781264087,61.5,2400000,0xe0000
1781264088,63.1,2400000,0xe0000
1781264089,63.1,2400000,0xe0000
1781264090,63.1,2400000,0xe0000
1781264091,62.6,2400000,0xe0000
1781264092,63.1,2400000,0xe0000
1781264093,63.1,2400000,0xe0000
1781264094,63.1,2400000,0xe0000
1781264095,63.1,2400000,0xe0000
1781264096,63.1,2400000,0xe0000
1781264097,63.1,2400000,0xe0000
1781264098,62.6,2400000,0xe0000
1781264099,62.6,2400000,0xe0000
1781264100,62.6,2400000,0xe0000
1781264101,63.1,2400000,0xe0000
1781264102,64.2,2400000,0xe0000
1781264103,63.7,2400000,0xe0000
1781264104,63.7,2400000,0xe0000
1781264105,63.7,2400000,0xe0000
1781264106,63.7,2400000,0xe0000
1781264107,63.7,2400000,0xe0000
1781264108,63.7,2400000,0xe0000
1781264109,64.2,2400000,0xe0000
1781264110,63.1,2400000,0xe0000
1781264111,63.7,2400000,0xe0000
1781264112,62.6,2400000,0xe0000
1781264114,63.7,2400000,0xe0000
1781264115,64.2,2400000,0xe0000
1781264116,63.7,2400000,0xe0000
1781264117,64.8,2400000,0xe0000
1781264118,64.2,2400000,0xe0000
1781264119,63.7,2400000,0xe0000
1781264120,63.7,2400000,0xe0000
1781264121,63.1,2400000,0xe0000
1781264122,62.6,2400000,0xe0000
1781264123,63.7,2400000,0xe0000
1781264124,63.7,2400000,0xe0000
1781264125,63.7,2400000,0xe0000
1781264126,63.1,2400000,0xe0000
1781264127,63.1,2400000,0xe0000
1781264128,63.7,2400000,0xe0000
1781264129,63.7,2400000,0xe0000
1781264130,63.7,2400000,0xe0000
1781264131,63.7,2400000,0xe0000
1781264132,63.7,2400000,0xe0000
1781264133,63.7,2400000,0xe0000
1781264134,63.7,2400000,0xe0000
1781264136,63.7,2400000,0xe0000
1781264137,63.1,2400000,0xe0000
1781264138,64.2,2400000,0xe0000
1781264139,64.8,2400000,0xe0000
1781264140,62.6,2400000,0xe0000
1781264141,64.2,2400000,0xe0000
1781264142,63.7,2400000,0xe0000
1781264143,63.7,2400000,0xe0000
1781264144,63.7,2400000,0xe0000
1781264145,63.1,2400000,0xe0000
1781264146,63.7,2400000,0xe0000
1781264147,63.7,2400000,0xe0000
1781264148,63.7,2400000,0xe0000
1781264149,64.2,2400000,0xe0000
1781264150,63.1,2400000,0xe0000
1781264151,63.1,2400000,0xe0000
1781264152,63.7,2400000,0xe0000
1781264153,63.7,2400000,0xe0000
1781264154,63.7,2400000,0xe0000
1781264156,63.7,2400000,0xe0000
1781264157,64.2,2400000,0xe0000
1781264158,63.7,2400000,0xe0000
1781264159,64.2,2400000,0xe0000
1781264160,63.1,2400000,0xe0000
1781264161,63.7,2400000,0xe0000
1781264162,63.7,2400000,0xe0000
1781264163,63.7,2400000,0xe0000
1781264164,64.8,2400000,0xe0000
1781264165,64.2,2400000,0xe0000
1781264166,63.7,2400000,0xe0000
1781264167,63.1,2400000,0xe0000
1781264168,63.7,2400000,0xe0000
1781264169,63.7,2400000,0xe0000
1781264170,63.7,2400000,0xe0000
1781264171,63.7,2400000,0xe0000
1781264172,63.7,2400000,0xe0000
1781264173,63.7,2400000,0xe0000
1781264175,64.2,2400000,0xe0000
1781264176,63.1,2400000,0xe0000
1781264177,63.7,2400000,0xe0000
1781264178,64.2,2400000,0xe0000
1781264179,63.1,2400000,0xe0000
1781264180,63.7,2400000,0xe0000
1781264181,63.1,2400000,0xe0000
1781264182,63.1,2400000,0xe0000
1781264183,63.7,2400000,0xe0000
1781264184,64.2,2400000,0xe0000
1781264185,63.7,2400000,0xe0000
1781264186,63.1,2400000,0xe0000
1781264187,63.1,2400000,0xe0000
1781264188,63.7,2400000,0xe0000
1781264189,64.2,2400000,0xe0000
1781264190,63.1,2400000,0xe0000
1781264191,63.7,2400000,0xe0000
1781264192,63.7,2400000,0xe0000
1781264193,63.7,2400000,0xe0000
1781264194,63.7,2400000,0xe0000
1781264195,63.1,2400000,0xe0000
1781264196,63.7,2400000,0xe0000
1781264197,63.7,2400000,0xe0000
1781264198,63.1,2400000,0xe0000
1781264200,63.1,2400000,0xe0000
1781264201,64.8,2400000,0xe0000
1781264202,63.7,2400000,0xe0000
1781264203,63.7,2400000,0xe0000
1781264204,63.7,2400000,0xe0000
1781264205,64.2,2400000,0xe0000
1781264206,63.7,2400000,0xe0000
1781264207,63.7,2400000,0xe0000
1781264208,63.1,2400000,0xe0000
1781264209,63.7,2400000,0xe0000
1781264210,63.7,2400000,0xe0000
1781264211,63.7,2400000,0xe0000
1781264212,64.8,2400000,0xe0000
1781264213,63.1,2400000,0xe0000
1781264214,63.1,2400000,0xe0000
1781264215,64.2,2400000,0xe0000
1781264216,63.7,2400000,0xe0000
1781264217,63.7,2400000,0xe0000
1781264218,63.7,2400000,0xe0000
1781264219,63.7,2400000,0xe0000
1781264221,63.7,2400000,0xe0000
1781264222,63.7,2400000,0xe0000
1781264223,63.7,2400000,0xe0000
1781264224,63.7,2400000,0xe0000
1781264225,64.2,2400000,0xe0000
1781264226,63.7,2400000,0xe0000
1781264227,63.7,2400000,0xe0000
1781264228,63.1,2400000,0xe0000
1781264229,63.1,2400000,0xe0000
1781264230,63.7,2400000,0xe0000
1781264231,63.1,2400000,0xe0000
1781264232,64.2,2400000,0xe0000
1781264233,63.1,2400000,0xe0000
1781264234,63.1,2400000,0xe0000
1781264235,63.1,2400000,0xe0000
1781264236,63.1,2400000,0xe0000
1781264237,63.7,2400000,0xe0000
1781264238,63.1,2400000,0xe0000
1781264239,63.7,2400000,0xe0000
1781264240,63.7,2400000,0xe0000
1781264241,63.7,2400000,0xe0000
1781264242,63.1,2400000,0xe0000
1781264243,63.7,2400000,0xe0000
1781264244,64.2,2400000,0xe0000
1781264246,63.1,2400000,0xe0000
1781264247,63.7,2400000,0xe0000
1781264248,63.1,2400000,0xe0000
1781264249,63.7,2400000,0xe0000
1781264250,62.0,2400000,0xe0000
1781264251,64.2,2400000,0xe0000
1781264252,63.1,2400000,0xe0000
1781264253,63.7,2400000,0xe0000
1781264254,64.2,2400000,0xe0000
1781264255,63.7,2400000,0xe0000
1781264256,63.1,2400000,0xe0000
1781264257,63.7,2400000,0xe0000
1781264258,63.1,2400000,0xe0000
1781264259,63.7,2400000,0xe0000
1781264260,63.1,2400000,0xe0000
1781264261,63.1,2400000,0xe0000
1781264262,63.7,2400000,0xe0000
1781264263,63.7,2400000,0xe0000
1781264264,64.2,2400000,0xe0000
1781264265,63.1,2400000,0xe0000
1781264266,62.0,2400000,0xe0000
1781264267,62.6,2400000,0xe0000
1781264269,63.1,2400000,0xe0000
1781264270,63.1,2400000,0xe0000
1781264271,63.1,2400000,0xe0000
1781264272,63.1,2400000,0xe0000
1781264273,63.7,2400000,0xe0000
1781264274,63.1,2400000,0xe0000
1781264275,63.1,2400000,0xe0000
1781264276,62.0,2400000,0xe0000
1781264277,63.1,2400000,0xe0000
1781264278,62.6,2400000,0xe0000
1781264279,63.1,2400000,0xe0000
1781264280,63.1,2400000,0xe0000
1781264281,62.0,2400000,0xe0000
1781264282,62.6,2400000,0xe0000
1781264283,63.1,2400000,0xe0000
1781264284,63.1,2400000,0xe0000
1781264285,63.1,2400000,0xe0000
1781264286,62.6,2400000,0xe0000
1781264287,62.0,2400000,0xe0000
1781264288,63.1,2400000,0xe0000
1781264290,63.7,2400000,0xe0000
1781264291,63.1,2400000,0xe0000
1781264292,63.1,2400000,0xe0000
1781264293,62.6,2400000,0xe0000
1781264294,63.7,2400000,0xe0000
1781264295,62.6,2400000,0xe0000
1781264296,63.7,2400000,0xe0000
1781264297,60.9,2400000,0xe0000
1781264298,63.7,2400000,0xe0000
1781264299,63.1,2400000,0xe0000
1781264300,62.6,2400000,0xe0000
1781264301,63.1,2400000,0xe0000
1781264302,63.1,2400000,0xe0000
1781264303,63.7,2400000,0xe0000
1781264304,63.1,2400000,0xe0000
1781264305,62.6,2400000,0xe0000
1781264306,63.1,2400000,0xe0000
1781264307,63.1,2400000,0xe0000
1781264308,63.1,2400000,0xe0000
1781264309,63.1,2400000,0xe0000
1781264310,63.1,2400000,0xe0000
1781264312,62.6,2400000,0xe0000
1781264313,63.1,2400000,0xe0000
1781264314,63.7,2400000,0xe0000
1781264315,63.7,2400000,0xe0000
1781264316,63.7,2400000,0xe0000
1781264317,63.1,2400000,0xe0000
1781264318,64.8,2400000,0xe0000
1781264319,63.1,2400000,0xe0000
1781264320,63.7,2400000,0xe0000
1781264321,63.1,2400000,0xe0000
1781264322,62.6,2400000,0xe0000
1781264323,63.1,2400000,0xe0000
1781264324,62.6,2400000,0xe0000
1781264325,63.1,2400000,0xe0000
1781264326,63.1,2400000,0xe0000
1781264327,63.1,2400000,0xe0000
1781264328,62.0,2400000,0xe0000
1781264329,63.1,2400000,0xe0000
1781264330,62.0,2400000,0xe0000
1781264331,63.1,2400000,0xe0000
1781264332,63.1,2400000,0xe0000
1781264334,63.1,2400000,0xe0000
1781264335,63.7,2400000,0xe0000
1781264336,63.1,2400000,0xe0000
1781264337,63.1,2400000,0xe0000
1781264338,62.6,2400000,0xe0000
1781264339,63.7,2400000,0xe0000
1781264340,63.1,2400000,0xe0000
1781264341,63.1,2400000,0xe0000
1781264342,63.1,2400000,0xe0000
1781264343,63.1,2400000,0xe0000
1781264344,63.1,2400000,0xe0000
1781264345,63.1,2400000,0xe0000
1781264346,63.1,2400000,0xe0000
1781264347,63.1,2400000,0xe0000
1781264348,63.7,2400000,0xe0000
1781264349,63.1,2400000,0xe0000
1781264350,63.1,2400000,0xe0000
1781264351,63.1,2400000,0xe0000
1781264352,63.1,2400000,0xe0000
1781264353,63.1,2400000,0xe0000
1781264354,63.7,2400000,0xe0000
1781264355,63.7,2400000,0xe0000
1781264356,63.1,2400000,0xe0000
1781264357,63.1,2400000,0xe0000
1781264358,62.6,2400000,0xe0000
1781264359,62.6,2400000,0xe0000
1781264360,62.6,2400000,0xe0000
1781264362,63.7,2400000,0xe0000
1781264363,62.0,2400000,0xe0000
1781264364,63.1,2400000,0xe0000
1781264365,63.1,2400000,0xe0000
1781264366,63.1,2400000,0xe0000
1781264367,63.1,2400000,0xe0000
1781264368,63.7,2400000,0xe0000
1781264369,63.7,2400000,0xe0000
1781264370,62.6,2400000,0xe0000
1781264371,62.6,2400000,0xe0000
1781264372,63.1,2400000,0xe0000
1781264373,62.6,2400000,0xe0000
1781264374,63.7,2400000,0xe0000
1781264375,62.6,2400000,0xe0000
1781264376,63.1,2400000,0xe0000
1781264377,63.7,2400000,0xe0000
1781264378,63.1,2400000,0xe0000
1781264379,62.6,2400000,0xe0000
1781264380,62.6,2400000,0xe0000
1781264381,63.1,2400000,0xe0000
1781264382,63.1,2400000,0xe0000
1781264383,63.7,2400000,0xe0000
1781264384,63.1,2400000,0xe0000
1781264386,63.7,2400000,0xe0000
1781264387,63.7,2400000,0xe0000
1781264388,63.7,2400000,0xe0000
1781264389,63.1,2400000,0xe0000
1781264390,62.0,2400000,0xe0000
1781264391,63.7,2400000,0xe0000
1781264392,63.1,2400000,0xe0000
1781264393,62.6,2400000,0xe0000
1781264394,63.7,2400000,0xe0000
1781264395,63.1,2400000,0xe0000
1781264396,63.7,2400000,0xe0000
1781264397,63.7,2400000,0xe0000
1781264398,63.7,2400000,0xe0000
1781264399,63.1,2400000,0xe0000
1781264400,63.1,2400000,0xe0000
1781264401,63.1,2400000,0xe0000
1781264402,63.1,2400000,0xe0000
1781264403,62.6,2400000,0xe0000
1781264404,63.1,2400000,0xe0000
1781264405,63.1,2400000,0xe0000
1781264406,63.7,2400000,0xe0000
1781264407,63.7,2400000,0xe0000
1781264408,62.0,2400000,0xe0000
1781264409,62.6,2400000,0xe0000
1781264411,63.7,2400000,0xe0000
1781264412,63.1,2400000,0xe0000
1781264413,63.7,2400000,0xe0000
1781264414,63.7,2400000,0xe0000
1781264415,63.7,2400000,0xe0000
1781264416,63.1,2400000,0xe0000
1781264417,63.1,2400000,0xe0000
1781264418,63.1,2400000,0xe0000
1781264419,63.7,2400000,0xe0000
1781264420,63.7,2400000,0xe0000
1781264421,63.1,2400000,0xe0000
1781264422,63.1,2400000,0xe0000
1781264423,63.1,2400000,0xe0000
1781264424,63.1,2400000,0xe0000
1781264425,63.7,2400000,0xe0000
1781264426,63.1,2400000,0xe0000
1781264427,63.1,2400000,0xe0000
1781264428,62.6,2400000,0xe0000
1781264429,63.7,2400000,0xe0000
1781264430,63.1,2400000,0xe0000
1781264431,63.7,2400000,0xe0000
1781264433,62.6,2400000,0xe0000
1781264434,63.7,2400000,0xe0000
1781264435,63.1,2400000,0xe0000
1781264436,63.1,2400000,0xe0000
1781264437,63.1,2400000,0xe0000
1781264438,63.1,2400000,0xe0000
1781264439,63.1,2400000,0xe0000
1781264440,62.6,2400000,0xe0000
1781264441,63.1,2400000,0xe0000
1781264442,63.7,2400000,0xe0000
1781264443,63.1,2400000,0xe0000
1781264444,62.0,2400000,0xe0000
1781264445,62.6,2400000,0xe0000
1781264446,62.0,2400000,0xe0000
1781264447,63.1,2400000,0xe0000
1781264448,63.1,2400000,0xe0000
1781264449,63.7,2400000,0xe0000
1781264451,63.7,2400000,0xe0000
1781264452,63.7,2400000,0xe0000
1781264453,63.1,2400000,0xe0000
1781264454,63.1,2400000,0xe0000
1781264455,63.1,2400000,0xe0000
1781264456,63.7,2400000,0xe0000
1781264457,63.1,2400000,0xe0000
1781264458,62.0,2400000,0xe0000
1781264459,63.1,2400000,0xe0000
1781264460,63.1,2400000,0xe0000
1781264461,63.1,2400000,0xe0000
1781264462,63.1,2400000,0xe0000
1781264463,63.1,2400000,0xe0000
1781264464,63.7,2400000,0xe0000
1781264465,63.1,2400000,0xe0000
1781264466,63.1,2400000,0xe0000
1781264467,63.1,2400000,0xe0000
1781264468,63.7,2400000,0xe0000
1781264469,62.6,2400000,0xe0000
1781264470,63.1,2400000,0xe0000
1781264471,63.1,2400000,0xe0000
1781264472,63.7,2400000,0xe0000
1781264473,63.7,2400000,0xe0000
1781264474,63.7,2400000,0xe0000
1781264476,63.1,2400000,0xe0000
1781264477,63.1,2400000,0xe0000
1781264478,63.1,2400000,0xe0000
1781264479,63.1,2400000,0xe0000
1781264480,63.7,2400000,0xe0000
1781264481,63.1,2400000,0xe0000
1781264482,62.6,2400000,0xe0000
1781264483,63.1,2400000,0xe0000
1781264484,62.6,2400000,0xe0000
1781264485,63.1,2400000,0xe0000
1781264486,62.6,2400000,0xe0000
1781264487,63.7,2400000,0xe0000
1781264488,63.1,2400000,0xe0000
1781264489,63.1,2400000,0xe0000
1781264490,63.7,2400000,0xe0000
1781264491,62.6,2400000,0xe0000
1781264492,63.1,2400000,0xe0000
1781264493,63.1,2400000,0xe0000
1781264494,62.6,2400000,0xe0000
1781264496,63.1,2400000,0xe0000
1781264497,62.6,2400000,0xe0000
1781264498,63.1,2400000,0xe0000
1781264499,63.1,2400000,0xe0000
1781264500,62.6,2400000,0xe0000
1781264501,63.1,2400000,0xe0000
1781264502,63.1,2400000,0xe0000
1781264503,63.1,2400000,0xe0000
1781264504,63.1,2400000,0xe0000
1781264505,63.1,2400000,0xe0000
1781264506,63.1,2400000,0xe0000
1781264507,62.6,2400000,0xe0000
1781264508,63.7,2400000,0xe0000
1781264509,62.0,2400000,0xe0000
1781264510,63.1,2400000,0xe0000
1781264511,63.1,2400000,0xe0000
1781264512,62.6,2400000,0xe0000
1781264513,62.6,2400000,0xe0000
1781264514,63.1,2400000,0xe0000
1781264515,63.1,2400000,0xe0000
1781264516,63.7,2400000,0xe0000
1781264517,62.6,2400000,0xe0000
1781264518,63.1,2400000,0xe0000
1781264519,62.6,2400000,0xe0000
1781264520,63.1,2400000,0xe0000
1781264521,63.1,2400000,0xe0000
1781264522,63.7,2400000,0xe0000
1781264524,63.1,2400000,0xe0000
1781264525,63.1,2400000,0xe0000
1781264526,63.1,2400000,0xe0000
1781264527,63.7,2400000,0xe0000
1781264528,63.1,2400000,0xe0000
1781264529,63.1,2400000,0xe0000
1781264530,63.1,2400000,0xe0000
1781264531,63.1,2400000,0xe0000
1781264532,63.1,2400000,0xe0000
1781264533,63.1,2400000,0xe0000
1781264534,63.7,2400000,0xe0000
1781264535,63.1,2400000,0xe0000
1781264536,63.1,2400000,0xe0000
1781264537,62.6,2400000,0xe0000
1781264538,62.6,2400000,0xe0000
1781264539,62.6,2400000,0xe0000
1781264540,63.1,2400000,0xe0000
1781264541,63.1,2400000,0xe0000
1781264542,62.6,2400000,0xe0000
1781264543,63.1,2400000,0xe0000
1781264544,63.7,2400000,0xe0000
1781264545,63.1,2400000,0xe0000
1781264546,62.6,2400000,0xe0000
1781264547,63.1,2400000,0xe0000
1781264548,63.7,2400000,0xe0000
1781264549,62.6,2400000,0xe0000
1781264550,63.1,2400000,0xe0000
1781264552,63.7,2400000,0xe0000
1781264553,63.7,2400000,0xe0000
1781264554,63.1,2400000,0xe0000
1781264555,63.1,2400000,0xe0000
1781264556,63.1,2400000,0xe0000
1781264557,63.7,2400000,0xe0000
1781264558,63.7,2400000,0xe0000
1781264559,63.1,2400000,0xe0000
1781264560,62.6,2400000,0xe0000
1781264561,63.1,2400000,0xe0000
1781264562,63.1,2400000,0xe0000
1781264563,63.1,2400000,0xe0000
1781264564,63.1,2400000,0xe0000
1781264565,63.1,2400000,0xe0000
1781264566,63.1,2400000,0xe0000
1781264567,63.1,2400000,0xe0000
1781264568,63.1,2400000,0xe0000
1781264569,63.1,2400000,0xe0000
1781264570,63.1,2400000,0xe0000
1781264571,63.1,2400000,0xe0000
1781264572,63.1,2400000,0xe0000
1781264574,63.1,2400000,0xe0000
1781264575,63.1,2400000,0xe0000
1781264576,63.1,2400000,0xe0000
1781264577,63.1,2400000,0xe0000
1781264578,62.6,2400000,0xe0000
1781264579,63.1,2400000,0xe0000
1781264580,63.7,2400000,0xe0000
1781264581,62.0,2400000,0xe0000
1781264582,62.0,2400000,0xe0000
1781264583,63.1,2400000,0xe0000
1781264584,62.6,2400000,0xe0000
1781264585,63.1,2400000,0xe0000
1781264586,62.6,2400000,0xe0000
1781264587,63.1,2400000,0xe0000
1781264588,63.7,2400000,0xe0000
1781264589,63.7,2400000,0xe0000
1781264590,62.0,2400000,0xe0000
1781264591,64.2,2400000,0xe0000
1781264592,64.2,2400000,0xe0000
1781264593,63.1,2400000,0xe0000
1781264594,63.7,2400000,0xe0000
1781264596,63.1,2400000,0xe0000
1781264597,63.1,2400000,0xe0000
1781264598,63.7,2400000,0xe0000
1781264599,63.7,2400000,0xe0000
1781264600,62.6,2400000,0xe0000
1781264601,63.1,2400000,0xe0000
1781264602,62.6,2400000,0xe0000
1781264603,63.7,2400000,0xe0000
1781264604,63.1,2400000,0xe0000
1781264605,63.1,2400000,0xe0000
1781264606,64.2,2400000,0xe0000
1781264607,63.1,2400000,0xe0000
1781264608,62.0,2400000,0xe0000
1781264609,63.7,2400000,0xe0000
1781264610,63.7,2400000,0xe0000
1781264611,63.7,2400000,0xe0000
1781264612,63.7,2400000,0xe0000
1781264613,62.6,2400000,0xe0000
1781264614,63.7,2400000,0xe0000
1781264615,63.1,2400000,0xe0000
1781264616,63.7,2400000,0xe0000
1781264617,63.7,2400000,0xe0000
1781264618,64.2,2400000,0xe0000
1781264619,63.7,2400000,0xe0000
1781264620,63.7,2400000,0xe0000
1781264621,63.7,2400000,0xe0000
1781264622,64.2,2400000,0xe0000
1781264623,63.7,2400000,0xe0000
1781264625,63.7,2400000,0xe0000
1781264626,63.1,2400000,0xe0000
1781264627,63.7,2400000,0xe0000
1781264628,63.7,2400000,0xe0000
1781264629,63.7,2400000,0xe0000
1781264630,63.7,2400000,0xe0000
1781264631,64.2,2400000,0xe0000
1781264632,63.7,2400000,0xe0000
1781264633,64.2,2400000,0xe0000
1781264634,63.1,2400000,0xe0000
1781264635,63.1,2400000,0xe0000
1781264636,63.7,2400000,0xe0000
1781264637,63.1,2400000,0xe0000
1781264638,64.2,2400000,0xe0000
1781264639,63.7,2400000,0xe0000
1781264640,62.6,2400000,0xe0000
1781264641,63.1,2400000,0xe0000
1781264642,63.1,2400000,0xe0000
1781264643,63.7,2400000,0xe0000
1781264644,63.7,2400000,0xe0000
1781264645,63.1,2400000,0xe0000
1781264646,63.1,2400000,0xe0000
1781264647,62.6,2400000,0xe0000
1781264648,63.1,2400000,0xe0000
1781264649,63.1,2400000,0xe0000
1781264650,62.0,2400000,0xe0000
1781264651,62.6,2400000,0xe0000
1781264652,62.6,2400000,0xe0000
1781264653,63.7,2400000,0xe0000
1781264655,63.1,2400000,0xe0000
1781264656,63.1,2400000,0xe0000
1781264657,63.7,2400000,0xe0000
1781264658,63.7,2400000,0xe0000
1781264659,63.7,2400000,0xe0000
1781264660,63.7,2400000,0xe0000
1781264661,62.6,2400000,0xe0000
1781264662,63.1,2400000,0xe0000
1781264663,63.1,2400000,0xe0000
1781264664,62.6,2400000,0xe0000
1781264665,63.7,2400000,0xe0000
1781264666,63.1,2400000,0xe0000
1781264667,62.6,2400000,0xe0000
1781264668,63.1,2400000,0xe0000
1781264669,63.1,2400000,0xe0000
1781264670,62.6,2400000,0xe0000
1781264671,62.0,2400000,0xe0000
1781264672,63.1,2400000,0xe0000
1781264673,63.1,2400000,0xe0000
1781264674,63.1,2400000,0xe0000
1781264675,61.5,2400000,0xe0000
1781264677,63.7,2400000,0xe0000
1781264678,63.1,2400000,0xe0000
1781264679,63.1,2400000,0xe0000
1781264680,62.6,2400000,0xe0000
1781264681,62.6,2400000,0xe0000
1781264682,62.6,2400000,0xe0000
1781264683,62.6,2400000,0xe0000
1781264684,62.6,2400000,0xe0000
1781264685,63.1,2400000,0xe0000
1781264686,63.7,2400000,0xe0000
1781264687,62.6,2400000,0xe0000
1781264688,63.7,2400000,0xe0000
1781264689,62.6,2400000,0xe0000
1781264690,63.1,2400000,0xe0000
1781264691,63.1,2400000,0xe0000
1781264693,63.1,2400000,0xe0000
1781264694,62.6,2400000,0xe0000
1781264695,63.1,2400000,0xe0000
1781264696,62.0,2400000,0xe0000
1781264697,63.1,2400000,0xe0000
1781264698,63.1,2400000,0xe0000
1781264699,63.1,2400000,0xe0000
1781264700,61.5,2400000,0xe0000
1781264701,62.0,2400000,0xe0000
1781264702,63.1,2400000,0xe0000
1781264703,62.6,2400000,0xe0000
1781264704,62.6,2400000,0xe0000
1781264705,63.1,2400000,0xe0000
1781264706,63.1,2400000,0xe0000
1781264707,63.1,2400000,0xe0000
1781264708,63.1,2400000,0xe0000
1781264709,63.1,2400000,0xe0000
1781264710,62.6,2400000,0xe0000
1781264711,63.7,2400000,0xe0000
1781264712,63.1,2400000,0xe0000
1781264713,62.6,2400000,0xe0000
1781264714,62.0,2400000,0xe0000
1781264715,63.1,2400000,0xe0000
1781264716,62.6,2400000,0xe0000
1781264717,62.6,2400000,0xe0000
1781264718,63.1,2400000,0xe0000
1781264720,63.1,2400000,0xe0000
1781264721,63.1,2400000,0xe0000
1781264722,63.1,2400000,0xe0000
1781264723,63.7,2400000,0xe0000
1781264724,63.1,2400000,0xe0000
1781264725,63.1,2400000,0xe0000
1781264726,63.1,2400000,0xe0000
1781264727,63.1,2400000,0xe0000
1781264728,63.7,2400000,0xe0000
1781264729,63.1,2400000,0xe0000
1781264730,62.0,2400000,0xe0000
1781264731,62.6,2400000,0xe0000
1781264732,63.1,2400000,0xe0000
1781264733,63.1,2400000,0xe0000
1781264734,62.6,2400000,0xe0000
1781264735,63.1,2400000,0xe0000
1781264736,62.6,2400000,0xe0000
1781264737,62.0,2400000,0xe0000
1781264738,62.6,2400000,0xe0000
1781264739,63.1,2400000,0xe0000
1781264740,62.6,2400000,0xe0000
1781264741,63.1,2400000,0xe0000
1781264742,63.1,2400000,0xe0000
1781264743,63.1,2400000,0xe0000
1781264744,63.1,2400000,0xe0000
1781264745,61.5,2400000,0xe0000
1781264746,63.1,2400000,0xe0000
1781264747,63.1,2400000,0xe0000
1781264748,63.7,2400000,0xe0000
1781264749,62.6,2400000,0xe0000
1781264750,63.7,2400000,0xe0000
1781264751,63.7,2400000,0xe0000
1781264752,62.6,2400000,0xe0000
1781264754,63.1,2400000,0xe0000
1781264755,63.7,2400000,0xe0000
1781264756,62.6,2400000,0xe0000
1781264757,62.0,2400000,0xe0000
1781264758,63.1,2400000,0xe0000
1781264759,63.7,2400000,0xe0000
1781264760,63.7,2400000,0xe0000
1781264761,63.1,2400000,0xe0000
1781264762,63.1,2400000,0xe0000
1781264763,63.1,2400000,0xe0000
1781264764,63.1,2400000,0xe0000
1781264765,63.7,2400000,0xe0000
1781264766,63.7,2400000,0xe0000
1781264767,63.1,2400000,0xe0000
1781264768,63.1,2400000,0xe0000
1781264769,63.1,2400000,0xe0000
1781264770,63.1,2400000,0xe0000
1781264771,63.1,2400000,0xe0000
1781264772,63.1,2400000,0xe0000
1781264773,63.1,2400000,0xe0000
1781264774,63.1,2400000,0xe0000
1781264775,63.1,2400000,0xe0000
1781264776,63.1,2400000,0xe0000
1781264778,63.1,2400000,0xe0000
1781264779,62.6,2400000,0xe0000
1781264780,62.6,2400000,0xe0000
1781264781,63.1,2400000,0xe0000
1781264782,62.0,2400000,0xe0000
1781264783,63.1,2400000,0xe0000
1781264784,63.7,2400000,0xe0000
1781264785,63.7,2400000,0xe0000
1781264786,63.7,2400000,0xe0000
1781264787,63.7,2400000,0xe0000
1781264788,63.1,2400000,0xe0000
1781264789,63.1,2400000,0xe0000
1781264790,62.6,2400000,0xe0000
1781264791,62.6,2400000,0xe0000
1781264792,63.7,2400000,0xe0000
1781264793,63.7,2400000,0xe0000
1781264794,63.1,2400000,0xe0000
1781264795,63.7,2400000,0xe0000
1781264796,62.6,2400000,0xe0000
1781264797,64.2,2400000,0xe0000
1781264798,63.7,2400000,0xe0000
1781264799,63.1,2400000,0xe0000
1781264800,63.1,2400000,0xe0000
1781264801,63.7,2400000,0xe0000
1781264803,63.7,2400000,0xe0000
1781264804,63.7,2400000,0xe0000
1781264805,63.7,2400000,0xe0000
1781264806,63.7,2400000,0xe0000
1781264807,62.0,2400000,0xe0000
1781264808,63.7,2400000,0xe0000
1781264809,63.7,2400000,0xe0000
1781264810,63.1,2400000,0xe0000
1781264811,63.1,2400000,0xe0000
1781264812,63.1,2400000,0xe0000
1781264813,63.1,2400000,0xe0000
1781264814,62.6,2400000,0xe0000
1781264815,63.7,2400000,0xe0000
1781264816,63.7,2400000,0xe0000
1781264817,63.7,2400000,0xe0000
1781264818,63.7,2400000,0xe0000
1781264819,63.1,2400000,0xe0000
1781264820,63.7,2400000,0xe0000
1781264821,63.7,2400000,0xe0000
1781264822,62.6,2400000,0xe0000
1781264823,63.7,2400000,0xe0000
1781264824,63.1,2400000,0xe0000
1781264825,63.1,2400000,0xe0000
1781264827,63.7,2400000,0xe0000
1781264828,63.7,2400000,0xe0000
1781264829,62.6,2400000,0xe0000
1781264830,63.7,2400000,0xe0000
1781264831,63.7,2400000,0xe0000
1781264832,63.1,2400000,0xe0000
1781264833,62.0,2400000,0xe0000
1781264834,63.1,2400000,0xe0000
1781264835,64.2,2400000,0xe0000
1781264836,63.1,2400000,0xe0000
1781264837,63.1,2400000,0xe0000
1781264838,63.1,2400000,0xe0000
1781264839,63.7,2400000,0xe0000
1781264840,62.6,2400000,0xe0000
1781264841,63.1,2400000,0xe0000
1781264842,62.6,2400000,0xe0000
1781264843,63.1,2400000,0xe0000
1781264844,63.7,2400000,0xe0000
1781264846,63.1,2400000,0xe0000
1781264847,63.1,2400000,0xe0000
1781264848,63.7,2400000,0xe0000
1781264849,63.1,2400000,0xe0000
1781264850,63.7,2400000,0xe0000
1781264851,62.6,2400000,0xe0000
1781264852,62.6,2400000,0xe0000
1781264853,63.1,2400000,0xe0000
1781264854,63.1,2400000,0xe0000
1781264855,62.6,2400000,0xe0000
1781264856,62.6,2400000,0xe0000
1781264857,62.0,2400000,0xe0000
1781264858,62.6,2400000,0xe0000
1781264859,62.6,2400000,0xe0000
1781264860,63.1,2400000,0xe0000
1781264861,62.0,2400000,0xe0000
1781264862,63.1,2400000,0xe0000
1781264863,62.6,2400000,0xe0000
1781264864,62.6,2400000,0xe0000
1781264865,62.6,2400000,0xe0000
1781264866,62.6,2400000,0xe0000
1781264867,63.1,2400000,0xe0000
1781264868,62.6,2400000,0xe0000
1781264869,63.1,2400000,0xe0000
1781264870,63.1,2400000,0xe0000
1781264871,62.6,2400000,0xe0000
1781264873,63.7,2400000,0xe0000
1781264874,63.1,2400000,0xe0000
1781264875,63.1,2400000,0xe0000
1781264876,62.6,2400000,0xe0000
1781264877,63.1,2400000,0xe0000
1781264878,62.6,2400000,0xe0000
1781264879,62.6,2400000,0xe0000
1781264880,62.6,2400000,0xe0000
1781264881,62.6,2400000,0xe0000
1781264882,62.6,2400000,0xe0000
1781264883,63.1,2400000,0xe0000
1781264884,63.1,2400000,0xe0000
1781264885,63.1,2400000,0xe0000
1781264886,62.6,2400000,0xe0000
1781264887,63.1,2400000,0xe0000
1781264888,63.7,2400000,0xe0000
1781264889,63.7,2400000,0xe0000
1781264890,62.6,2400000,0xe0000
1781264891,62.6,2400000,0xe0000
1781264892,63.7,2400000,0xe0000
1781264893,63.7,2400000,0xe0000
1781264894,63.7,2400000,0xe0000
1781264895,62.6,2400000,0xe0000
1781264896,63.1,2400000,0xe0000
1781264897,63.1,2400000,0xe0000
1781264898,63.1,2400000,0xe0000
1781264899,63.7,2400000,0xe0000
1781264900,62.6,2400000,0xe0000
1781264901,62.0,2400000,0xe0000
1781264902,63.1,2400000,0xe0000
1781264903,61.5,2400000,0xe0000
1781264904,63.1,2400000,0xe0000
1781264905,62.6,2400000,0xe0000
1781264906,62.0,2400000,0xe0000
1781264907,62.0,2400000,0xe0000
1781264908,62.6,2400000,0xe0000
1781264910,62.6,2400000,0xe0000
1781264911,63.1,2400000,0xe0000
1781264912,62.6,2400000,0xe0000
1781264913,62.6,2400000,0xe0000
1781264914,63.1,2400000,0xe0000
1781264915,61.5,2400000,0xe0000
1781264916,62.0,2400000,0xe0000
1781264917,62.6,2400000,0xe0000
1781264918,62.0,2400000,0xe0000
1781264919,62.0,2400000,0xe0000
1781264920,62.0,2400000,0xe0000
1781264921,62.0,2400000,0xe0000
1781264922,62.0,2400000,0xe0000
1781264923,62.0,2400000,0xe0000
1781264924,63.1,2400000,0xe0000
1781264925,62.0,2400000,0xe0000
1781264926,63.1,2400000,0xe0000
1781264927,63.1,2400000,0xe0000
1781264928,63.1,2400000,0xe0000
1781264929,63.7,2400000,0xe0000
1781264931,63.1,2400000,0xe0000
1781264932,63.1,2400000,0xe0000
1781264933,63.1,2400000,0xe0000
1781264934,62.6,2400000,0xe0000
1781264935,63.1,2400000,0xe0000
1781264936,63.7,2400000,0xe0000
1781264937,62.6,2400000,0xe0000
1781264938,63.7,2400000,0xe0000
1781264939,63.1,2400000,0xe0000
1781264940,63.1,2400000,0xe0000
1781264941,63.1,2400000,0xe0000
1781264942,63.7,2400000,0xe0000
1781264943,62.0,2400000,0xe0000
1781264944,63.1,2400000,0xe0000
1781264945,63.7,2400000,0xe0000
1781264946,63.1,2400000,0xe0000
1781264947,63.1,2400000,0xe0000
1781264948,63.1,2400000,0xe0000
1781264949,63.1,2400000,0xe0000
1781264950,63.1,2400000,0xe0000
1781264951,61.5,2400000,0xe0000
1781264952,63.1,2400000,0xe0000
1781264954,63.1,2400000,0xe0000
1781264955,63.7,2400000,0xe0000
1781264956,63.1,2400000,0xe0000
1781264957,63.1,2400000,0xe0000
1781264958,62.0,2400000,0xe0000
1781264959,63.1,2400000,0xe0000
1781264960,63.1,2400000,0xe0000
1781264961,62.0,2400000,0xe0000
1781264962,62.6,2400000,0xe0000
1781264963,63.1,2400000,0xe0000
1781264964,62.6,2400000,0xe0000
1781264965,62.0,2400000,0xe0000
1781264966,62.0,2400000,0xe0000
1781264967,62.6,2400000,0xe0000
1781264968,62.0,2400000,0xe0000
1781264969,62.6,2400000,0xe0000
1781264970,62.6,2400000,0xe0000
1781264971,62.0,2400000,0xe0000
1781264972,62.0,2400000,0xe0000
1781264973,62.0,2400000,0xe0000
1781264974,62.0,2400000,0xe0000
1781264976,62.6,2400000,0xe0000
1781264977,62.0,2400000,0xe0000
1781264978,62.0,2400000,0xe0000
1781264979,60.9,2400000,0xe0000
1781264980,62.0,2400000,0xe0000
1781264981,63.1,2400000,0xe0000
1781264982,62.0,2400000,0xe0000
1781264983,62.0,2400000,0xe0000
1781264984,62.0,2400000,0xe0000
1781264985,62.6,2400000,0xe0000
1781264986,62.6,2400000,0xe0000
1781264987,62.0,2400000,0xe0000
1781264988,62.6,2400000,0xe0000
1781264989,60.9,2400000,0xe0000
1781264990,62.6,2400000,0xe0000
1781264991,62.0,2400000,0xe0000
1781264992,62.6,2400000,0xe0000
1781264993,61.5,2400000,0xe0000
1781264994,62.0,2400000,0xe0000
1781264995,62.6,2400000,0xe0000
1781264996,62.6,2400000,0xe0000
1781264998,62.0,2400000,0xe0000
1781264999,62.6,2400000,0xe0000
1781265000,62.0,2400000,0xe0000
1781265001,62.0,2400000,0xe0000
1781265002,63.7,2400000,0xe0000
1781265003,63.7,2400000,0xe0000
1781265004,62.6,2400000,0xe0000
1781265005,63.1,2400000,0xe0000
1781265006,63.1,2400000,0xe0000
1781265007,61.5,2400000,0xe0000
1781265008,62.6,2400000,0xe0000
1781265009,62.6,2400000,0xe0000
1781265010,62.6,2400000,0xe0000
1781265011,62.6,2400000,0xe0000
1781265012,63.7,2400000,0xe0000
1781265013,63.1,2400000,0xe0000
1781265014,62.6,2400000,0xe0000
1781265015,62.6,2400000,0xe0000
1781265016,62.0,2400000,0xe0000
1781265017,61.5,2400000,0xe0000
1781265018,62.6,2400000,0xe0000
1781265019,62.6,2400000,0xe0000
1781265020,62.6,2400000,0xe0000
1781265021,62.6,2400000,0xe0000
1781265022,63.7,2400000,0xe0000
1781265023,63.7,2400000,0xe0000
1781265024,62.6,2400000,0xe0000
1781265025,63.1,2400000,0xe0000
1781265026,63.1,2400000,0xe0000
1781265027,63.1,2400000,0xe0000
1781265028,63.1,2400000,0xe0000
1781265029,63.1,2400000,0xe0000
1781265030,62.6,2400000,0xe0000
1781265031,63.7,2400000,0xe0000
1781265032,63.1,2400000,0xe0000
1781265033,62.6,2400000,0xe0000
1781265035,63.1,2400000,0xe0000
1781265036,61.5,2400000,0xe0000
1781265037,62.6,2400000,0xe0000
1781265038,63.1,2400000,0xe0000
1781265039,63.1,2400000,0xe0000
1781265040,63.1,2400000,0xe0000
1781265041,62.6,2400000,0xe0000
1781265042,63.1,2400000,0xe0000
1781265043,63.1,2400000,0xe0000
1781265044,62.6,2400000,0xe0000
1781265045,63.1,2400000,0xe0000
1781265046,62.0,2400000,0xe0000
1781265047,63.7,2400000,0xe0000
1781265048,62.6,2400000,0xe0000
1781265049,63.1,2400000,0xe0000
1781265050,63.1,2400000,0xe0000
1781265051,62.6,2400000,0xe0000
1781265052,63.1,2400000,0xe0000
1781265053,63.7,2400000,0xe0000
1781265054,62.6,2400000,0xe0000
1781265055,62.6,2400000,0xe0000
1781265056,63.1,2400000,0xe0000
1781265057,63.1,2400000,0xe0000
1781265058,63.1,2400000,0xe0000
1781265059,62.6,2400000,0xe0000
1781265060,62.0,2400000,0xe0000
1781265061,63.1,2400000,0xe0000
1781265062,61.5,2400000,0xe0000
1781265063,63.1,2400000,0xe0000
1781265065,63.1,2400000,0xe0000
1781265066,63.1,2400000,0xe0000
1781265067,63.1,2400000,0xe0000
1781265068,62.6,2400000,0xe0000
1781265069,62.6,2400000,0xe0000
1781265070,63.1,2400000,0xe0000
1781265071,63.1,2400000,0xe0000
1781265072,63.1,2400000,0xe0000
1781265073,63.1,2400000,0xe0000
1781265074,62.6,2400000,0xe0000
1781265075,62.6,2400000,0xe0000
1781265076,63.1,2400000,0xe0000
1781265077,63.1,2400000,0xe0000
1781265078,62.6,2400000,0xe0000
1781265079,62.6,2400000,0xe0000
1781265080,61.5,2400000,0xe0000
1781265081,63.1,2400000,0xe0000
1781265082,63.1,2400000,0xe0000
1781265083,63.1,2400000,0xe0000
1781265084,62.6,2400000,0xe0000
1781265085,63.1,2400000,0xe0000
1781265087,63.7,2400000,0xe0000
1781265088,63.1,2400000,0xe0000
1781265089,62.6,2400000,0xe0000
1781265090,63.1,2400000,0xe0000
1781265091,62.6,2400000,0xe0000
1781265092,63.1,2400000,0xe0000
1781265093,62.0,2400000,0xe0000
1781265094,63.1,2400000,0xe0000
1781265095,62.6,2400000,0xe0000
1781265096,62.6,2400000,0xe0000
1781265097,62.6,2400000,0xe0000
1781265098,63.1,2400000,0xe0000
1781265099,62.6,2400000,0xe0000
1781265100,62.6,2400000,0xe0000
1781265101,63.1,2400000,0xe0000
1781265102,62.0,2400000,0xe0000
1781265103,63.7,2400000,0xe0000
1781265104,62.6,2400000,0xe0000
1781265105,63.1,2400000,0xe0000
1781265106,63.7,2400000,0xe0000
1781265107,63.7,2400000,0xe0000
1781265108,63.7,2400000,0xe0000
1781265109,63.1,2400000,0xe0000
1781265110,63.1,2400000,0xe0000
1781265111,63.7,2400000,0xe0000
1781265112,63.1,2400000,0xe0000
1781265113,63.1,2400000,0xe0000
1781265114,62.6,2400000,0xe0000
1781265115,62.6,2400000,0xe0000
1781265116,63.1,2400000,0xe0000
1781265117,63.1,2400000,0xe0000
1781265118,63.1,2400000,0xe0000
1781265119,62.6,2400000,0xe0000
1781265120,61.5,2400000,0xe0000
1781265121,63.1,2400000,0xe0000
1781265122,62.0,2400000,0xe0000
1781265123,62.6,2400000,0xe0000
1781265124,63.1,2400000,0xe0000
1781265125,62.6,2400000,0xe0000
1781265126,62.6,2400000,0xe0000
1781265127,62.0,2400000,0xe0000
1781265128,63.1,2400000,0xe0000
1781265129,63.1,2400000,0xe0000
1781265130,63.1,2400000,0xe0000
1781265131,63.1,2400000,0xe0000
1781265132,62.6,2400000,0xe0000
1781265133,62.6,2400000,0xe0000
1781265134,63.1,2400000,0xe0000
1781265135,63.1,2400000,0xe0000
1781265136,63.1,2400000,0xe0000
1781265138,63.1,2400000,0xe0000
1781265139,62.6,2400000,0xe0000
1781265140,63.1,2400000,0xe0000
1781265141,62.6,2400000,0xe0000
1781265142,62.6,2400000,0xe0000
1781265143,62.0,2400000,0xe0000
1781265144,62.6,2400000,0xe0000
1781265145,63.1,2400000,0xe0000
1781265146,61.5,2400000,0xe0000
1781265147,62.6,2400000,0xe0000
1781265148,63.1,2400000,0xe0000
1781265149,62.0,2400000,0xe0000
1781265150,62.0,2400000,0xe0000
1781265151,62.6,2400000,0xe0000
1781265152,62.0,2400000,0xe0000
1781265153,63.1,2400000,0xe0000
1781265154,62.0,2400000,0xe0000
1781265155,62.0,2400000,0xe0000
1781265156,62.0,2400000,0xe0000
1781265157,62.0,2400000,0xe0000
1781265158,62.0,2400000,0xe0000
1781265159,62.0,2400000,0xe0000
1781265160,62.6,2400000,0xe0000
1781265161,60.9,2400000,0xe0000
1781265162,62.0,2400000,0xe0000
1781265163,62.0,2400000,0xe0000
1781265164,62.0,2400000,0xe0000
1781265165,62.6,2400000,0xe0000
1781265166,62.0,2400000,0xe0000
1781265167,62.0,2400000,0xe0000
1781265168,63.1,2400000,0xe0000
1781265169,62.0,2400000,0xe0000
1781265170,62.6,2400000,0xe0000
1781265171,62.6,2400000,0xe0000
1781265172,62.6,2400000,0xe0000
1781265173,62.6,2400000,0xe0000
1781265174,61.5,2400000,0xe0000
1781265175,62.6,2400000,0xe0000
1781265176,62.0,2400000,0xe0000
1781265177,61.5,2400000,0xe0000
1781265178,62.6,2400000,0xe0000
1781265179,62.0,2400000,0xe0000
1781265180,62.0,2400000,0xe0000
1781265181,62.0,2400000,0xe0000
1781265182,61.5,2400000,0xe0000
1781265183,62.0,2400000,0xe0000
1781265184,62.0,2400000,0xe0000
1781265185,61.5,2400000,0xe0000
1781265186,61.5,2400000,0xe0000
1781265187,62.0,2400000,0xe0000
1781265188,62.6,2400000,0xe0000
1781265189,61.5,2400000,0xe0000
1781265190,61.5,2400000,0xe0000
1781265191,61.5,2400000,0xe0000
1781265192,62.6,2400000,0xe0000
1781265194,60.4,2400000,0xe0000
1781265195,61.5,2400000,0xe0000
1781265196,60.9,2400000,0xe0000
1781265197,62.0,2400000,0xe0000
1781265198,61.5,2400000,0xe0000
1781265199,61.5,2400000,0xe0000
1781265200,62.0,2400000,0xe0000
1781265201,61.5,2400000,0xe0000
1781265202,61.5,2400000,0xe0000
1781265203,61.5,2400000,0xe0000
1781265204,62.0,2400000,0xe0000
1781265205,61.5,2400000,0xe0000
1781265206,60.9,2400000,0xe0000
1781265207,62.6,2400000,0xe0000
1781265208,61.5,2400000,0xe0000
1781265209,61.5,2400000,0xe0000
1781265210,61.5,2400000,0xe0000
1781265211,60.9,2400000,0xe0000
1781265212,61.5,2400000,0xe0000
1781265213,62.0,2400000,0xe0000
1781265214,60.9,2400000,0xe0000
1781265215,62.6,2400000,0xe0000
1781265216,62.0,2400000,0xe0000
1781265217,61.5,2400000,0xe0000
1781265218,61.5,2400000,0xe0000
1781265219,61.5,2400000,0xe0000
1781265220,60.9,2400000,0xe0000
1781265221,61.5,2400000,0xe0000
1781265222,60.9,2400000,0xe0000
1781265223,62.6,2400000,0xe0000
1781265224,61.5,2400000,0xe0000
1781265225,60.4,2400000,0xe0000
1781265226,60.9,2400000,0xe0000
1781265227,61.5,2400000,0xe0000
1781265228,60.9,2400000,0xe0000
1781265229,60.9,2400000,0xe0000
1781265230,61.5,2400000,0xe0000
1781265231,61.5,2400000,0xe0000
1781265232,62.0,2400000,0xe0000
1781265233,61.5,2400000,0xe0000
1781265234,61.5,2400000,0xe0000
1781265235,60.9,2400000,0xe0000
1781265236,60.9,2400000,0xe0000
1781265237,61.5,2400000,0xe0000
1781265238,60.9,2400000,0xe0000
1781265239,61.5,2400000,0xe0000
1781265240,61.5,2400000,0xe0000
1781265241,61.5,2400000,0xe0000
1781265242,60.4,2400000,0xe0000
1781265243,61.5,2400000,0xe0000
1781265244,60.9,2400000,0xe0000
1781265245,61.5,2400000,0xe0000
1781265246,60.9,2400000,0xe0000
1781265247,61.5,2400000,0xe0000
1781265248,60.9,2400000,0xe0000
1781265249,60.9,2400000,0xe0000
1781265250,60.9,2400000,0xe0000
1781265251,61.5,2400000,0xe0000
1781265252,60.4,2400000,0xe0000
1781265253,61.5,2400000,0xe0000
1781265255,60.9,2400000,0xe0000
1781265256,60.9,2400000,0xe0000
1781265257,61.5,2400000,0xe0000
1781265258,60.9,2400000,0xe0000
1781265259,60.9,2400000,0xe0000
1781265260,60.9,2400000,0xe0000
1781265261,59.8,2400000,0xe0000
1781265262,60.4,2400000,0xe0000
1781265263,61.5,2400000,0xe0000
1781265264,60.9,2400000,0xe0000
1781265265,60.9,2400000,0xe0000
1781265266,61.5,2400000,0xe0000
1781265267,60.9,2400000,0xe0000
1781265268,59.8,2400000,0xe0000
1781265269,61.5,2400000,0xe0000
1781265270,60.9,2400000,0xe0000
1781265271,60.9,2400000,0xe0000
1781265272,60.9,2400000,0xe0000
1781265273,60.9,2400000,0xe0000
1781265274,60.9,2400000,0xe0000
1781265275,61.5,2400000,0xe0000
1781265276,60.9,2400000,0xe0000
1781265277,60.9,2400000,0xe0000
1781265278,60.4,2400000,0xe0000
1781265279,60.4,2400000,0xe0000
1781265280,61.5,2400000,0xe0000
1781265281,60.4,2400000,0xe0000
1781265282,61.5,2400000,0xe0000
1781265283,60.9,2400000,0xe0000
1781265284,60.9,2400000,0xe0000
1781265285,60.9,2400000,0xe0000
1781265286,60.9,2400000,0xe0000
1781265287,61.5,2400000,0xe0000
1781265288,60.9,2400000,0xe0000
1781265289,60.9,2400000,0xe0000
1781265290,61.5,2400000,0xe0000
1781265291,60.9,2400000,0xe0000
1781265292,60.9,2400000,0xe0000
1781265293,60.4,2400000,0xe0000
1781265294,61.5,2400000,0xe0000
1781265295,60.9,2400000,0xe0000
1781265296,60.9,2400000,0xe0000
1781265297,60.4,2400000,0xe0000
1781265298,61.5,2400000,0xe0000
1781265299,60.4,2400000,0xe0000
1781265300,60.4,2400000,0xe0000
1781265301,60.4,2400000,0xe0000
1781265302,61.5,2400000,0xe0000
1781265303,60.9,2400000,0xe0000
1781265304,60.9,2400000,0xe0000
1781265305,60.4,2400000,0xe0000
1781265306,60.4,2400000,0xe0000
1781265307,60.4,2400000,0xe0000
1781265308,60.4,2400000,0xe0000
1781265309,60.9,2400000,0xe0000
1781265310,60.9,2400000,0xe0000
1781265311,60.4,2400000,0xe0000
1781265312,60.4,2400000,0xe0000
1781265313,60.9,2400000,0xe0000
1781265314,60.4,2400000,0xe0000
1781265315,60.9,2400000,0xe0000
1781265316,60.4,2400000,0xe0000
1781265317,59.8,2400000,0xe0000
1781265318,60.4,2400000,0xe0000
1781265319,60.9,2400000,0xe0000
1781265320,59.8,2400000,0xe0000
1781265321,61.5,2400000,0xe0000
1781265322,59.3,2400000,0xe0000
1781265323,60.9,2400000,0xe0000
1781265325,60.4,2400000,0xe0000
1781265326,60.9,2400000,0xe0000
1781265327,60.9,2400000,0xe0000
1781265328,60.9,2400000,0xe0000
1781265329,60.9,2400000,0xe0000
1781265330,60.4,2400000,0xe0000
1781265331,60.4,2400000,0xe0000
1781265332,60.9,2400000,0xe0000
1781265333,60.9,2400000,0xe0000
1781265334,61.5,2400000,0xe0000
1781265335,59.8,2400000,0xe0000
1781265336,60.4,2400000,0xe0000
1781265337,61.5,2400000,0xe0000
1781265338,60.9,2400000,0xe0000
1781265339,60.9,2400000,0xe0000
1781265340,60.4,2400000,0xe0000
1781265341,60.9,2400000,0xe0000
1781265342,59.8,2400000,0xe0000
1781265343,59.3,2400000,0xe0000
1781265344,60.9,2400000,0xe0000
1781265345,60.4,2400000,0xe0000
1781265346,60.4,2400000,0xe0000
1781265347,60.9,2400000,0xe0000
1781265348,60.9,2400000,0xe0000
1781265349,60.9,2400000,0xe0000
1781265350,60.9,2400000,0xe0000
1781265351,60.4,2400000,0xe0000
1781265352,60.9,2400000,0xe0000
1781265353,59.8,2400000,0xe0000
1781265354,60.9,2400000,0xe0000
1781265355,60.9,2400000,0xe0000
1781265356,60.4,2400000,0xe0000
1781265357,60.4,2400000,0xe0000
1781265358,60.4,2400000,0xe0000
1781265359,60.9,2400000,0xe0000
1781265360,60.9,2400000,0xe0000
1781265361,60.4,2400000,0xe0000
1781265362,60.9,2400000,0xe0000
1781265363,59.8,2400000,0xe0000
1781265364,59.8,2400000,0xe0000
1781265365,60.4,2400000,0xe0000
1781265366,60.4,2400000,0xe0000
1781265367,60.4,2400000,0xe0000
1781265368,60.4,2400000,0xe0000
1781265369,60.9,2400000,0xe0000
1781265370,60.9,2400000,0xe0000
1781265371,59.8,2400000,0xe0000
1781265372,60.9,2400000,0xe0000
1781265373,60.4,2400000,0xe0000
1781265374,60.9,2400000,0xe0000
1781265375,60.4,2400000,0xe0000
1781265376,60.4,2400000,0xe0000
1781265377,60.4,2400000,0xe0000
1781265378,59.8,2400000,0xe0000
1781265379,59.8,2400000,0xe0000
1781265380,59.8,2400000,0xe0000
1781265381,59.3,2400000,0xe0000
1781265382,60.9,2400000,0xe0000
1781265383,59.8,2400000,0xe0000
1781265384,60.4,2400000,0xe0000
1781265386,60.4,2400000,0xe0000
1781265387,60.4,2400000,0xe0000
1781265388,60.4,2400000,0xe0000
1781265389,59.8,2400000,0xe0000
1781265390,59.3,2400000,0xe0000
1781265391,59.8,2400000,0xe0000
1781265392,60.9,2400000,0xe0000
1781265393,60.9,2400000,0xe0000
1781265394,60.4,2400000,0xe0000
1781265395,60.4,2400000,0xe0000
1781265396,60.4,2400000,0xe0000
1781265397,60.4,2400000,0xe0000
1781265398,59.8,2400000,0xe0000
1781265399,59.8,2400000,0xe0000
1781265400,60.9,2400000,0xe0000
1781265401,60.4,2400000,0xe0000
1781265402,59.8,2400000,0xe0000
1781265403,60.4,2400000,0xe0000
1781265404,60.4,2400000,0xe0000
1781265405,59.8,2400000,0xe0000
1781265406,60.4,2400000,0xe0000
1781265407,60.9,2400000,0xe0000
1781265408,60.9,2400000,0xe0000
1781265409,60.4,2400000,0xe0000
1781265410,60.4,2400000,0xe0000
1781265411,59.8,2400000,0xe0000
1781265412,60.4,2400000,0xe0000
1781265413,60.9,2400000,0xe0000
1781265414,59.8,2400000,0xe0000
1781265415,60.4,2400000,0xe0000
1781265416,60.4,2400000,0xe0000
1781265417,59.8,2400000,0xe0000
1781265418,59.8,2400000,0xe0000
1781265419,60.9,2400000,0xe0000
1781265420,59.8,2400000,0xe0000
1781265421,59.8,2400000,0xe0000
1781265422,60.9,2400000,0xe0000
1781265423,60.4,2400000,0xe0000
1781265424,60.9,2400000,0xe0000
1781265425,60.4,2400000,0xe0000
1781265426,60.4,2400000,0xe0000
1781265427,60.9,2400000,0xe0000
1781265428,60.4,2400000,0xe0000
1781265429,59.3,2400000,0xe0000
1781265430,58.7,2400000,0xe0000
1781265431,60.4,2400000,0xe0000
1781265432,60.9,2400000,0xe0000
1781265433,60.9,2400000,0xe0000
1781265434,60.4,2400000,0xe0000
1781265435,59.3,2400000,0xe0000
1781265436,60.4,2400000,0xe0000
1781265437,60.4,2400000,0xe0000
1781265438,60.4,2400000,0xe0000
1781265439,60.4,2400000,0xe0000
1781265440,60.4,2400000,0xe0000
1781265441,59.8,2400000,0xe0000
1781265442,59.8,2400000,0xe0000
1781265443,59.8,2400000,0xe0000
1781265444,60.9,2400000,0xe0000
1781265445,60.9,2400000,0xe0000
1781265447,60.9,2400000,0xe0000
1781265448,59.8,2400000,0xe0000
1781265449,60.4,2400000,0xe0000
1781265450,60.4,2400000,0xe0000
1781265451,59.8,2400000,0xe0000
1781265452,60.4,2400000,0xe0000
1781265453,60.4,2400000,0xe0000
1781265454,60.4,2400000,0xe0000
1781265455,60.4,2400000,0xe0000
1781265456,60.4,2400000,0xe0000
1781265457,60.4,2400000,0xe0000
1781265458,60.4,2400000,0xe0000
1781265459,59.8,2400000,0xe0000
1781265460,60.4,2400000,0xe0000
1781265461,58.7,2400000,0xe0000
1781265462,60.4,2400000,0xe0000
1781265463,60.4,2400000,0xe0000
1781265464,60.9,2400000,0xe0000
1781265465,60.9,2400000,0xe0000
1781265466,60.4,2400000,0xe0000
1781265467,60.9,2400000,0xe0000
1781265468,60.9,2400000,0xe0000
1781265469,59.3,2400000,0xe0000
1781265470,59.8,2400000,0xe0000
1781265471,60.4,2400000,0xe0000
1781265472,60.4,2400000,0xe0000
1781265473,59.3,2400000,0xe0000
1781265474,59.8,2400000,0xe0000
1781265475,60.4,2400000,0xe0000
1781265476,60.4,2400000,0xe0000
1781265477,59.8,2400000,0xe0000
1781265478,60.4,2400000,0xe0000
1781265479,61.5,2400000,0xe0000
1781265480,60.4,2400000,0xe0000
1781265481,59.8,2400000,0xe0000
1781265482,60.9,2400000,0xe0000
1781265483,60.4,2400000,0xe0000
1781265484,60.4,2400000,0xe0000
1781265485,60.4,2400000,0xe0000
1781265486,60.4,2400000,0xe0000
1781265487,60.4,2400000,0xe0000
1781265488,60.4,2400000,0xe0000
1781265489,60.4,2400000,0xe0000
1781265490,59.8,2400000,0xe0000
1781265491,60.4,2400000,0xe0000
1781265492,60.4,2400000,0xe0000
1781265493,60.9,2400000,0xe0000
1781265494,60.9,2400000,0xe0000
1781265495,59.8,2400000,0xe0000
1781265496,59.8,2400000,0xe0000
1781265497,59.8,2400000,0xe0000
1781265498,59.8,2400000,0xe0000
1781265499,60.9,2400000,0xe0000
1781265500,59.8,2400000,0xe0000
1781265501,60.9,2400000,0xe0000
1781265502,59.8,2400000,0xe0000
1781265503,59.8,2400000,0xe0000
1781265504,60.4,2400000,0xe0000
1781265505,60.4,2400000,0xe0000
1781265506,60.4,2400000,0xe0000
1781265508,61.5,2400000,0xe0000
1781265509,60.9,2400000,0xe0000
1781265510,60.4,2400000,0xe0000
1781265511,60.4,2400000,0xe0000
1781265512,59.8,2400000,0xe0000
1781265513,60.4,2400000,0xe0000
1781265514,59.8,2400000,0xe0000
1781265515,60.4,2400000,0xe0000
1781265516,59.8,2400000,0xe0000
1781265517,59.8,2400000,0xe0000
1781265518,60.4,2400000,0xe0000
1781265519,60.4,2400000,0xe0000
1781265520,59.8,2400000,0xe0000
1781265521,60.4,2400000,0xe0000
1781265522,60.4,2400000,0xe0000
1781265523,60.9,2400000,0xe0000
1781265524,60.9,2400000,0xe0000
1781265525,60.4,2400000,0xe0000
1781265526,60.4,2400000,0xe0000
1781265527,60.4,2400000,0xe0000
1781265528,60.4,2400000,0xe0000
1781265529,59.3,2400000,0xe0000
1781265530,60.4,2400000,0xe0000
1781265531,59.8,2400000,0xe0000
1781265532,59.3,2400000,0xe0000
1781265533,60.4,2400000,0xe0000
1781265534,60.4,2400000,0xe0000
1781265535,60.4,2400000,0xe0000
1781265536,60.9,2400000,0xe0000
1781265537,60.4,2400000,0xe0000
1781265538,60.4,2400000,0xe0000
1781265539,59.8,2400000,0xe0000
1781265540,59.3,2400000,0xe0000
1781265541,59.8,2400000,0xe0000
1781265542,58.7,2400000,0xe0000
1781265543,60.4,2400000,0xe0000
1781265544,60.9,2400000,0xe0000
1781265545,59.8,2400000,0xe0000
1781265546,60.4,2400000,0xe0000
1781265547,59.8,2400000,0xe0000
1781265548,59.8,2400000,0xe0000
1781265549,60.4,2400000,0xe0000
1781265550,60.4,2400000,0xe0000
1781265551,60.4,2400000,0xe0000
1781265552,60.4,2400000,0xe0000
1781265553,59.8,2400000,0xe0000
1781265554,59.8,2400000,0xe0000
1781265555,60.4,2400000,0xe0000
1781265556,60.4,2400000,0xe0000
1781265557,60.9,2400000,0xe0000
1781265558,59.8,2400000,0xe0000
1781265559,60.4,2400000,0xe0000
1781265560,59.8,2400000,0xe0000
1781265561,59.8,2400000,0xe0000
1781265562,60.9,2400000,0xe0000
1781265563,59.8,2400000,0xe0000
1781265564,60.4,2400000,0xe0000
1781265565,60.4,2400000,0xe0000
1781265566,60.4,2400000,0xe0000
1781265567,60.4,2400000,0xe0000
1781265568,60.4,2400000,0xe0000
1781265569,59.8,2400000,0xe0000
1781265570,60.4,2400000,0xe0000
1781265571,60.4,2400000,0xe0000
1781265572,60.9,2400000,0xe0000
1781265573,59.8,2400000,0xe0000
1781265574,60.4,2400000,0xe0000
1781265575,60.4,2400000,0xe0000
1781265576,59.8,2400000,0xe0000
1781265577,58.7,2400000,0xe0000
1781265578,59.8,2400000,0xe0000
1781265579,60.4,2400000,0xe0000
1781265580,60.4,2400000,0xe0000
1781265581,59.8,2400000,0xe0000
1781265582,59.3,2400000,0xe0000
1781265584,59.8,2400000,0xe0000
1781265585,59.8,2400000,0xe0000
1781265586,60.4,2400000,0xe0000
1781265587,59.3,2400000,0xe0000
1781265588,59.8,2400000,0xe0000
1781265589,59.3,2400000,0xe0000
1781265590,60.4,2400000,0xe0000
1781265591,60.4,2400000,0xe0000
1781265592,60.4,2400000,0xe0000
1781265593,59.8,2400000,0xe0000
1781265594,59.8,2400000,0xe0000
1781265595,59.8,2400000,0xe0000
1781265596,59.8,2400000,0xe0000
1781265597,60.4,2400000,0xe0000
1781265598,60.4,2400000,0xe0000
1781265599,59.8,2400000,0xe0000
1781265600,59.8,2400000,0xe0000
1781265601,60.4,2400000,0xe0000
1781265602,60.4,2400000,0xe0000
1781265603,59.3,2400000,0xe0000
1781265604,60.4,2400000,0xe0000
1781265605,60.4,2400000,0xe0000
1781265606,59.8,2400000,0xe0000
1781265607,60.4,2400000,0xe0000
1781265608,60.4,2400000,0xe0000
1781265609,60.4,2400000,0xe0000
1781265610,60.4,2400000,0xe0000
1781265611,59.8,2400000,0xe0000
1781265612,60.4,2400000,0xe0000
1781265613,59.8,2400000,0xe0000
1781265614,59.3,2400000,0xe0000
1781265615,60.9,2400000,0xe0000
1781265616,59.3,2400000,0xe0000
1781265617,60.4,2400000,0xe0000
1781265618,60.4,2400000,0xe0000
1781265619,60.4,2400000,0xe0000
1781265620,59.8,2400000,0xe0000
1781265621,59.8,2400000,0xe0000
1781265622,60.4,2400000,0xe0000
1781265623,60.4,2400000,0xe0000
1781265624,59.8,2400000,0xe0000
1781265625,60.4,2400000,0xe0000
1781265626,60.4,2400000,0xe0000
1781265627,60.4,2400000,0xe0000
1781265628,60.9,2400000,0xe0000
1781265629,60.4,2400000,0xe0000
1781265630,59.8,2400000,0xe0000
1781265631,59.8,2400000,0xe0000
1781265632,60.4,2400000,0xe0000
1781265633,59.8,2400000,0xe0000
1781265634,60.9,2400000,0xe0000
1781265635,60.9,2400000,0xe0000
1781265636,60.4,2400000,0xe0000
1781265637,60.4,2400000,0xe0000
1781265638,60.4,2400000,0xe0000
1781265639,60.9,2400000,0xe0000
1781265640,58.7,2400000,0xe0000
1781265641,60.4,2400000,0xe0000
1781265642,60.4,2400000,0xe0000
1781265643,60.4,2400000,0xe0000
1781265645,60.9,2400000,0xe0000
1781265646,59.3,2400000,0xe0000
1781265647,60.4,2400000,0xe0000
1781265648,60.4,2400000,0xe0000
1781265649,60.4,2400000,0xe0000
1781265650,60.4,2400000,0xe0000
1781265651,60.4,2400000,0xe0000
1781265652,60.9,2400000,0xe0000
1781265653,59.8,2400000,0xe0000
1781265654,59.8,2400000,0xe0000
1781265655,60.4,2400000,0xe0000
1781265656,59.8,2400000,0xe0000
1781265657,59.3,2400000,0xe0000
1781265658,60.4,2400000,0xe0000
1781265659,59.8,2400000,0xe0000
1781265660,59.8,2400000,0xe0000
1781265661,59.8,2400000,0xe0000
1781265662,60.4,2400000,0xe0000
1781265663,60.9,2400000,0xe0000
1781265664,60.4,2400000,0xe0000
1781265665,59.8,2400000,0xe0000
1781265666,60.4,2400000,0xe0000
1781265667,60.4,2400000,0xe0000
1781265668,60.4,2400000,0xe0000
1781265669,59.3,2400000,0xe0000
1781265670,59.8,2400000,0xe0000
1781265671,59.8,2400000,0xe0000
1781265672,60.4,2400000,0xe0000
1781265673,59.8,2400000,0xe0000
1781265674,58.7,2400000,0xe0000
1781265675,60.4,2400000,0xe0000
1781265676,59.8,2400000,0xe0000
1781265677,60.4,2400000,0xe0000
1781265678,59.8,2400000,0xe0000
1781265679,60.4,2400000,0xe0000
1781265680,59.8,2400000,0xe0000
1781265681,59.8,2400000,0xe0000
1781265682,60.9,2400000,0xe0000
1781265683,60.4,2400000,0xe0000
1781265684,60.9,2400000,0xe0000
1781265685,59.8,2400000,0xe0000
1781265686,59.8,2400000,0xe0000
1781265687,59.8,2400000,0xe0000
1781265688,60.4,2400000,0xe0000
1781265689,60.9,2400000,0xe0000
1781265690,59.8,2400000,0xe0000
1781265691,59.8,2400000,0xe0000
1781265692,60.4,2400000,0xe0000
1781265693,59.3,2400000,0xe0000
1781265694,59.8,2400000,0xe0000
1781265695,59.3,2400000,0xe0000
1781265696,60.4,2400000,0xe0000
1781265697,59.8,2400000,0xe0000
1781265698,60.4,2400000,0xe0000
1781265699,59.8,2400000,0xe0000
1781265700,60.4,2400000,0xe0000
1781265701,59.8,2400000,0xe0000
1781265702,59.8,2400000,0xe0000
1781265703,60.9,2400000,0xe0000
1781265704,60.9,2400000,0xe0000
1781265705,59.8,2400000,0xe0000
1781265706,60.4,2400000,0xe0000
1781265708,60.4,2400000,0xe0000
1781265709,60.4,2400000,0xe0000
1781265710,59.8,2400000,0xe0000
1781265711,60.4,2400000,0xe0000
1781265712,59.3,2400000,0xe0000
1781265713,60.4,2400000,0xe0000
1781265714,59.8,2400000,0xe0000
1781265715,60.4,2400000,0xe0000
1781265716,59.8,2400000,0xe0000
1781265717,60.4,2400000,0xe0000
1781265718,60.9,2400000,0xe0000
1781265719,60.4,2400000,0xe0000
1781265720,59.3,2400000,0xe0000
1781265721,60.4,2400000,0xe0000
1781265722,59.8,2400000,0xe0000
1781265723,60.4,2400000,0xe0000
1781265724,59.8,2400000,0xe0000
1781265725,59.8,2400000,0xe0000
1781265726,60.4,2400000,0xe0000
1781265727,59.8,2400000,0xe0000
1781265728,60.4,2400000,0xe0000
1781265729,60.4,2400000,0xe0000
1781265730,59.8,2400000,0xe0000
1781265731,60.9,2400000,0xe0000
1781265732,59.8,2400000,0xe0000
1781265733,60.4,2400000,0xe0000
1781265734,60.4,2400000,0xe0000
1781265735,60.4,2400000,0xe0000
1781265736,60.4,2400000,0xe0000
1781265737,59.3,2400000,0xe0000
1781265738,60.9,2400000,0xe0000
1781265739,60.4,2400000,0xe0000
1781265740,59.8,2400000,0xe0000
1781265741,59.8,2400000,0xe0000
1781265742,60.4,2400000,0xe0000
1781265743,60.4,2400000,0xe0000
1781265744,60.4,2400000,0xe0000
1781265745,59.3,2400000,0xe0000
1781265746,59.8,2400000,0xe0000
1781265747,60.4,2400000,0xe0000
1781265748,60.4,2400000,0xe0000
1781265749,59.8,2400000,0xe0000
1781265750,60.4,2400000,0xe0000
1781265751,60.4,2400000,0xe0000
1781265752,60.4,2400000,0xe0000
1781265753,59.8,2400000,0xe0000
1781265754,59.8,2400000,0xe0000
1781265755,60.4,2400000,0xe0000
1781265756,59.8,2400000,0xe0000
1781265757,60.4,2400000,0xe0000
1781265758,60.9,2400000,0xe0000
1781265759,59.8,2400000,0xe0000
1781265760,59.8,2400000,0xe0000
1781265761,59.8,2400000,0xe0000
1781265762,60.4,2400000,0xe0000
1781265763,59.8,2400000,0xe0000
1781265764,60.4,2400000,0xe0000
1781265765,60.4,2400000,0xe0000
1781265766,59.8,2400000,0xe0000
1781265767,60.4,2400000,0xe0000
1781265768,60.4,2400000,0xe0000
1781265769,59.8,2400000,0xe0000
1781265770,59.8,2400000,0xe0000
1781265771,59.8,2400000,0xe0000
1781265772,59.8,2400000,0xe0000
1781265773,59.8,2400000,0xe0000
1781265774,59.8,2400000,0xe0000
1781265776,59.8,2400000,0xe0000
1781265777,59.8,2400000,0xe0000
1781265778,60.4,2400000,0xe0000
1781265779,60.9,2400000,0xe0000
1781265780,60.4,2400000,0xe0000
1781265781,59.8,2400000,0xe0000
1781265782,59.8,2400000,0xe0000
1781265783,60.4,2400000,0xe0000
1781265784,60.4,2400000,0xe0000
1781265785,60.4,2400000,0xe0000
1781265786,59.8,2400000,0xe0000
1781265787,59.3,2400000,0xe0000
1781265788,59.8,2400000,0xe0000
1781265789,59.3,2400000,0xe0000
1781265790,59.8,2400000,0xe0000
1781265791,59.8,2400000,0xe0000
1781265792,59.8,2400000,0xe0000
1781265793,60.4,2400000,0xe0000
1781265794,60.4,2400000,0xe0000
1781265795,59.8,2400000,0xe0000
1781265796,60.4,2400000,0xe0000
1781265797,60.9,2400000,0xe0000
1781265798,59.8,2400000,0xe0000
1781265799,60.4,2400000,0xe0000
1781265800,60.4,2400000,0xe0000
1781265801,58.7,2400000,0xe0000
1781265802,59.8,2400000,0xe0000
1781265803,59.8,2400000,0xe0000
1781265804,60.9,2400000,0xe0000
1781265805,60.9,2400000,0xe0000
1781265806,60.4,2400000,0xe0000
1781265807,60.4,2400000,0xe0000
1781265808,59.8,2400000,0xe0000
1781265809,60.4,2400000,0xe0000
1781265810,60.4,2400000,0xe0000
1781265811,58.7,2400000,0xe0000
1781265812,60.9,2400000,0xe0000
1781265813,59.3,2400000,0xe0000
1781265814,60.9,2400000,0xe0000
1781265815,60.4,2400000,0xe0000
1781265816,60.4,2400000,0xe0000
1781265817,60.4,2400000,0xe0000
1781265818,59.8,2400000,0xe0000
1781265819,60.4,2400000,0xe0000
1781265820,59.8,2400000,0xe0000
1781265821,60.4,2400000,0xe0000
1781265822,60.4,2400000,0xe0000
1781265823,60.4,2400000,0xe0000
1781265824,59.8,2400000,0xe0000
1781265825,60.4,2400000,0xe0000
1781265826,60.4,2400000,0xe0000
1781265827,60.4,2400000,0xe0000
1781265828,59.8,2400000,0xe0000
1781265830,60.4,2400000,0xe0000
1781265831,59.8,2400000,0xe0000
1781265832,59.3,2400000,0xe0000
1781265833,59.8,2400000,0xe0000
1781265834,60.4,2400000,0xe0000
1781265835,60.4,2400000,0xe0000
1781265836,59.8,2400000,0xe0000
1781265837,59.3,2400000,0xe0000
1781265838,60.4,2400000,0xe0000
1781265839,60.4,2400000,0xe0000
1781265840,60.9,2400000,0xe0000
1781265841,60.4,2400000,0xe0000
1781265842,59.8,2400000,0xe0000
1781265843,60.4,2400000,0xe0000
1781265844,60.4,2400000,0xe0000
1781265845,60.4,2400000,0xe0000
1781265846,59.3,2400000,0xe0000
1781265847,60.4,2400000,0xe0000
1781265848,59.8,2400000,0xe0000
1781265849,60.4,2400000,0xe0000
1781265850,59.8,2400000,0xe0000
1781265851,59.8,2400000,0xe0000
1781265852,59.8,2400000,0xe0000
1781265853,60.4,2400000,0xe0000
1781265854,59.8,2400000,0xe0000
1781265855,60.4,2400000,0xe0000
1781265856,59.8,2400000,0xe0000
1781265857,59.8,2400000,0xe0000
1781265858,60.4,2400000,0xe0000
1781265859,60.4,2400000,0xe0000
1781265860,59.8,2400000,0xe0000
1781265861,60.9,2400000,0xe0000
1781265862,60.4,2400000,0xe0000
1781265863,59.8,2400000,0xe0000
1781265864,60.4,2400000,0xe0000
1781265865,60.4,2400000,0xe0000
1781265866,59.8,2400000,0xe0000
1781265867,59.3,2400000,0xe0000
1781265868,59.8,2400000,0xe0000
1781265869,60.4,2400000,0xe0000
1781265870,59.3,2400000,0xe0000
1781265871,60.4,2400000,0xe0000
1781265872,59.8,2400000,0xe0000
1781265873,59.8,2400000,0xe0000
1781265874,59.8,2400000,0xe0000
1781265875,59.8,2400000,0xe0000
1781265876,59.8,2400000,0xe0000
1781265877,60.4,2400000,0xe0000
1781265878,59.8,2400000,0xe0000
1781265879,58.7,2400000,0xe0000
1781265880,59.8,2400000,0xe0000
1781265881,59.8,2400000,0xe0000
1781265882,58.7,2400000,0xe0000
1781265883,60.4,2400000,0xe0000
1781265884,60.4,2400000,0xe0000
1781265885,59.8,2400000,0xe0000
1781265886,59.8,2400000,0xe0000
1781265887,59.8,2400000,0xe0000
1781265888,59.8,2400000,0xe0000
1781265889,59.8,2400000,0xe0000
1781265890,60.4,2400000,0xe0000
1781265891,59.8,2400000,0xe0000
1781265892,60.4,2400000,0xe0000
1781265893,60.4,2400000,0xe0000
1781265894,60.4,2400000,0xe0000
1781265895,59.8,2400000,0xe0000
1781265896,59.3,2400000,0xe0000
1781265897,59.8,2400000,0xe0000
1781265899,60.4,2400000,0xe0000
1781265900,60.4,2400000,0xe0000
1781265901,59.8,2400000,0xe0000
1781265902,60.4,2400000,0xe0000
1781265903,58.7,2400000,0xe0000
1781265904,59.3,2400000,0xe0000
1781265905,59.3,2400000,0xe0000
1781265906,59.8,2400000,0xe0000
1781265907,59.3,2400000,0xe0000
1781265908,60.4,2400000,0xe0000
1781265909,60.4,2400000,0xe0000
1781265910,60.4,2400000,0xe0000
1781265911,60.4,2400000,0xe0000
1781265912,59.8,2400000,0xe0000
1781265913,60.4,2400000,0xe0000
1781265914,60.4,2400000,0xe0000
1781265915,60.4,2400000,0xe0000
1781265916,60.4,2400000,0xe0000
1781265917,59.8,2400000,0xe0000
1781265918,60.4,2400000,0xe0000
1781265919,60.4,2400000,0xe0000
1781265920,59.8,2400000,0xe0000
1781265921,59.8,2400000,0xe0000
1781265922,59.3,2400000,0xe0000
1781265923,60.4,2400000,0xe0000
1781265924,59.8,2400000,0xe0000
1781265925,59.8,2400000,0xe0000
1781265926,59.8,2400000,0xe0000
1781265927,59.8,2400000,0xe0000
1781265928,59.8,2400000,0xe0000
1781265929,60.4,2400000,0xe0000
1781265930,59.8,2400000,0xe0000
1781265931,59.8,2400000,0xe0000
1781265932,60.4,2400000,0xe0000
1781265933,60.4,2400000,0xe0000
1781265934,60.4,2400000,0xe0000
1781265935,59.8,2400000,0xe0000
1781265936,59.8,2400000,0xe0000
1781265937,60.4,2400000,0xe0000
1781265938,59.3,2400000,0xe0000
1781265939,60.4,2400000,0xe0000
1781265940,60.4,2400000,0xe0000
1781265941,60.4,2400000,0xe0000
1781265942,60.4,2400000,0xe0000
1781265943,59.8,2400000,0xe0000
1781265944,60.9,2400000,0xe0000
1781265945,60.4,2400000,0xe0000
1781265946,59.3,2400000,0xe0000
1781265947,60.9,2400000,0xe0000
1781265948,59.8,2400000,0xe0000
1781265949,60.4,2400000,0xe0000
1781265950,60.4,2400000,0xe0000
1781265951,60.4,2400000,0xe0000
1781265952,59.8,2400000,0xe0000
1781265953,60.4,2400000,0xe0000
1781265954,60.4,2400000,0xe0000
1781265955,60.4,2400000,0xe0000
1781265957,60.4,2400000,0xe0000
1781265958,59.8,2400000,0xe0000
1781265959,59.8,2400000,0xe0000
1781265960,59.8,2400000,0xe0000
1781265961,60.4,2400000,0xe0000
1781265962,60.4,2400000,0xe0000
1781265963,59.8,2400000,0xe0000
1781265964,59.8,2400000,0xe0000
1781265965,59.8,2400000,0xe0000
1781265966,60.4,2400000,0xe0000
1781265967,59.8,2400000,0xe0000
1781265968,59.8,2400000,0xe0000
1781265969,60.4,2400000,0xe0000
1781265970,59.8,2400000,0xe0000
1781265971,60.4,2400000,0xe0000
1781265972,59.8,2400000,0xe0000
1781265973,59.3,2400000,0xe0000
1781265974,58.7,2400000,0xe0000
1781265975,60.9,2400000,0xe0000
1781265976,59.8,2400000,0xe0000
1781265977,60.4,2400000,0xe0000
1781265978,60.4,2400000,0xe0000
1781265979,59.8,2400000,0xe0000
1781265980,60.4,2400000,0xe0000
1781265981,59.8,2400000,0xe0000
1781265982,59.3,2400000,0xe0000
1781265983,59.8,2400000,0xe0000
1781265984,60.4,2400000,0xe0000
1781265985,60.4,2400000,0xe0000
1781265986,59.8,2400000,0xe0000
1781265987,59.8,2400000,0xe0000
1781265988,60.4,2400000,0xe0000
1781265989,60.4,2400000,0xe0000
1781265990,59.8,2400000,0xe0000
1781265991,60.4,2400000,0xe0000
1781265992,58.7,2400000,0xe0000
1781265993,59.8,2400000,0xe0000
1781265994,59.8,2400000,0xe0000
1781265995,59.8,2400000,0xe0000
1781265996,59.8,2400000,0xe0000
1781265997,59.8,2400000,0xe0000
1781265998,60.4,2400000,0xe0000
1781265999,59.3,2400000,0xe0000
1781266000,59.8,2400000,0xe0000
1781266001,60.4,2400000,0xe0000
1781266002,60.4,2400000,0xe0000
1781266003,60.4,2400000,0xe0000
1781266004,60.4,2400000,0xe0000
1781266005,60.4,2400000,0xe0000
1781266006,59.8,2400000,0xe0000
1781266007,59.8,2400000,0xe0000
1781266008,60.4,2400000,0xe0000
1781266009,59.8,2400000,0xe0000
1781266010,59.8,2400000,0xe0000
1781266011,59.8,2400000,0xe0000
1781266012,60.4,2400000,0xe0000
1781266013,59.8,2400000,0xe0000
1781266014,59.3,2400000,0xe0000
1781266015,59.8,2400000,0xe0000
1781266016,60.4,2400000,0xe0000
1781266017,59.8,2400000,0xe0000
1781266018,60.4,2400000,0xe0000
1781266019,59.8,2400000,0xe0000
1781266020,60.4,2400000,0xe0000
1781266022,60.4,2400000,0xe0000
1781266023,60.4,2400000,0xe0000
1781266024,59.8,2400000,0xe0000
1781266025,59.8,2400000,0xe0000
1781266026,60.4,2400000,0xe0000
1781266027,60.4,2400000,0xe0000
1781266028,59.8,2400000,0xe0000
1781266029,59.3,2400000,0xe0000
1781266030,60.4,2400000,0xe0000
1781266031,59.8,2400000,0xe0000
1781266032,59.8,2400000,0xe0000
1781266033,58.7,2400000,0xe0000
1781266034,60.4,2400000,0xe0000
1781266035,60.4,2400000,0xe0000
1781266036,60.4,2400000,0xe0000
1781266037,59.3,2400000,0xe0000
1781266038,59.8,2400000,0xe0000
1781266039,60.9,2400000,0xe0000
1781266040,59.3,2400000,0xe0000
1781266041,60.9,2400000,0xe0000
1781266042,60.4,2400000,0xe0000
1781266043,58.7,2400000,0xe0000
1781266044,60.4,2400000,0xe0000
1781266045,60.4,2400000,0xe0000
1781266046,59.3,2400000,0xe0000
1781266047,59.3,2400000,0xe0000
1781266048,59.3,2400000,0xe0000
1781266049,60.4,2400000,0xe0000
1781266050,60.4,2400000,0xe0000
1781266051,60.4,2400000,0xe0000
1781266052,59.8,2400000,0xe0000
1781266053,59.8,2400000,0xe0000
1781266054,59.8,2400000,0xe0000
1781266055,59.8,2400000,0xe0000
1781266056,60.4,2400000,0xe0000
1781266057,60.4,2400000,0xe0000
1781266058,59.8,2400000,0xe0000
1781266059,58.7,2400000,0xe0000
1781266060,59.8,2400000,0xe0000
1781266061,60.4,2400000,0xe0000
1781266062,60.4,2400000,0xe0000
1781266063,60.4,2400000,0xe0000
1781266064,59.8,2400000,0xe0000
1781266065,59.8,2400000,0xe0000
1781266066,60.4,2400000,0xe0000
1781266067,59.8,2400000,0xe0000
1781266068,60.4,2400000,0xe0000
1781266069,59.3,2400000,0xe0000
1781266070,60.4,2400000,0xe0000
1781266071,60.4,2400000,0xe0000
1781266072,59.3,2400000,0xe0000
1781266073,59.3,2400000,0xe0000
1781266074,59.8,2400000,0xe0000
1781266075,58.7,2400000,0xe0000
1781266076,59.8,2400000,0xe0000
1781266077,59.8,2400000,0xe0000
1781266078,60.4,2400000,0xe0000
1781266079,59.8,2400000,0xe0000
1781266080,58.7,2400000,0xe0000
1781266081,59.8,2400000,0xe0000
1781266082,60.4,2400000,0xe0000
1781266083,60.9,2400000,0xe0000
1781266084,59.8,2400000,0xe0000
1781266085,59.8,2400000,0xe0000
1781266086,60.9,2400000,0xe0000
1781266087,60.4,2400000,0xe0000
1781266088,60.4,2400000,0xe0000
1781266090,60.4,2400000,0xe0000
1781266091,60.4,2400000,0xe0000
1781266092,59.8,2400000,0xe0000
1781266093,60.9,2400000,0xe0000
1781266094,60.4,2400000,0xe0000
1781266095,60.4,2400000,0xe0000
1781266096,60.4,2400000,0xe0000
1781266097,59.8,2400000,0xe0000
1781266098,60.4,2400000,0xe0000
1781266099,60.4,2400000,0xe0000
1781266100,60.9,2400000,0xe0000
1781266101,59.8,2400000,0xe0000
1781266102,59.8,2400000,0xe0000
1781266103,59.8,2400000,0xe0000
1781266104,59.8,2400000,0xe0000
1781266105,60.4,2400000,0xe0000
1781266106,60.4,2400000,0xe0000
1781266107,60.4,2400000,0xe0000
1781266108,59.8,2400000,0xe0000
1781266109,59.8,2400000,0xe0000
1781266110,60.4,2400000,0xe0000
1781266111,60.4,2400000,0xe0000
1781266112,60.4,2400000,0xe0000
1781266113,59.8,2400000,0xe0000
1781266114,59.8,2400000,0xe0000
1781266115,60.9,2400000,0xe0000
1781266116,59.8,2400000,0xe0000
1781266117,59.8,2400000,0xe0000
1781266118,60.4,2400000,0xe0000
1781266119,59.8,2400000,0xe0000
1781266120,59.8,2400000,0xe0000
1781266121,60.4,2400000,0xe0000
1781266122,59.3,2400000,0xe0000
1781266123,60.4,2400000,0xe0000
1781266124,59.3,2400000,0xe0000
1781266125,60.4,2400000,0xe0000
1781266126,59.8,2400000,0xe0000
1781266127,59.3,2400000,0xe0000
1781266128,60.4,2400000,0xe0000
1781266129,60.4,2400000,0xe0000
1781266130,60.4,2400000,0xe0000
1781266131,60.4,2400000,0xe0000
1781266132,59.8,2400000,0xe0000
1781266133,59.8,2400000,0xe0000
1781266134,59.8,2400000,0xe0000
1781266135,60.4,2400000,0xe0000
1781266136,60.4,2400000,0xe0000
1781266137,59.8,2400000,0xe0000
1781266138,58.7,2400000,0xe0000
1781266139,59.8,2400000,0xe0000
1781266140,59.8,2400000,0xe0000
1781266141,60.4,2400000,0xe0000
1781266142,60.4,2400000,0xe0000
1781266143,60.4,2400000,0xe0000
1781266144,59.3,2400000,0xe0000
1781266145,59.8,2400000,0xe0000
1781266146,60.4,2400000,0xe0000
1781266147,60.4,2400000,0xe0000
1781266148,59.8,2400000,0xe0000
1781266149,58.2,2400000,0xe0000
1781266150,60.4,2400000,0xe0000
1781266151,60.4,2400000,0xe0000
1781266153,59.8,2400000,0xe0000
1781266154,58.2,2400000,0xe0000
1781266155,59.8,2400000,0xe0000
1781266156,59.8,2400000,0xe0000
1781266157,60.4,2400000,0xe0000
1781266158,59.8,2400000,0xe0000
1781266159,59.3,2400000,0xe0000
1781266160,59.3,2400000,0xe0000
1781266161,59.3,2400000,0xe0000
1781266162,59.8,2400000,0xe0000
1781266163,59.8,2400000,0xe0000
1781266164,58.7,2400000,0xe0000
1781266165,59.3,2400000,0xe0000
1781266166,60.4,2400000,0xe0000
1781266167,59.3,2400000,0xe0000
1781266168,60.9,2400000,0xe0000
1781266169,60.4,2400000,0xe0000
1781266170,60.4,2400000,0xe0000
1781266171,60.4,2400000,0xe0000
1781266172,59.8,2400000,0xe0000
1781266173,60.4,2400000,0xe0000
1781266174,59.8,2400000,0xe0000
1781266175,60.4,2400000,0xe0000
1781266176,59.8,2400000,0xe0000
1781266177,60.4,2400000,0xe0000
1781266178,60.4,2400000,0xe0000
1781266179,59.8,2400000,0xe0000
1781266180,60.4,2400000,0xe0000
1781266181,59.3,2400000,0xe0000
1781266182,60.4,2400000,0xe0000
1781266183,59.8,2400000,0xe0000
1781266184,59.8,2400000,0xe0000
1781266185,59.8,2400000,0xe0000
1781266186,60.9,2400000,0xe0000
1781266187,60.4,2400000,0xe0000
1781266188,59.8,2400000,0xe0000
1781266189,59.8,2400000,0xe0000
1781266190,60.4,2400000,0xe0000
1781266191,59.3,2400000,0xe0000
1781266192,60.4,2400000,0xe0000
1781266193,60.4,2400000,0xe0000
1781266194,59.8,2400000,0xe0000
1781266195,59.3,2400000,0xe0000
1781266196,59.8,2400000,0xe0000
1781266197,59.8,2400000,0xe0000
1781266198,59.8,2400000,0xe0000
1781266199,60.4,2400000,0xe0000
1781266200,59.8,2400000,0xe0000
1781266201,60.4,2400000,0xe0000
1781266202,59.8,2400000,0xe0000
1781266203,60.4,2400000,0xe0000
1781266204,60.4,2400000,0xe0000
1781266205,59.8,2400000,0xe0000
1781266206,60.4,2400000,0xe0000
1781266207,59.8,2400000,0xe0000
1781266208,60.4,2400000,0xe0000
1781266209,59.3,2400000,0xe0000
1781266210,60.4,2400000,0xe0000
1781266211,59.8,2400000,0xe0000
1781266212,59.8,2400000,0xe0000
1781266213,59.8,2400000,0xe0000
1781266214,59.8,2400000,0xe0000
1781266215,59.8,2400000,0xe0000
1781266216,60.4,2400000,0xe0000
1781266217,59.8,2400000,0xe0000
1781266218,60.4,2400000,0xe0000
1781266219,58.7,2400000,0xe0000
1781266221,59.8,2400000,0xe0000
1781266222,59.8,2400000,0xe0000
1781266223,59.8,2400000,0xe0000
1781266224,60.4,2400000,0xe0000
1781266225,59.3,2400000,0xe0000
1781266226,59.8,2400000,0xe0000
1781266227,60.4,2400000,0xe0000
1781266228,60.4,2400000,0xe0000
1781266229,59.3,2400000,0xe0000
1781266230,60.9,2400000,0xe0000
1781266231,59.8,2400000,0xe0000
1781266232,59.8,2400000,0xe0000
1781266233,59.8,2400000,0xe0000
1781266234,60.4,2400000,0xe0000
1781266235,59.8,2400000,0xe0000
1781266236,60.4,2400000,0xe0000
1781266237,60.4,2400000,0xe0000
1781266238,59.8,2400000,0xe0000
1781266239,59.8,2400000,0xe0000
1781266240,59.8,2400000,0xe0000
1781266241,59.8,2400000,0xe0000
1781266242,59.8,2400000,0xe0000
1781266243,60.4,2400000,0xe0000
1781266244,59.8,2400000,0xe0000
1781266245,59.8,2400000,0xe0000
1781266246,59.8,2400000,0xe0000
1781266247,59.8,2400000,0xe0000
1781266248,60.4,2400000,0xe0000
1781266249,60.4,2400000,0xe0000
1781266250,60.4,2400000,0xe0000
1781266251,59.8,2400000,0xe0000
1781266252,60.4,2400000,0xe0000
1781266253,60.4,2400000,0xe0000
1781266254,60.4,2400000,0xe0000
1781266255,60.4,2400000,0xe0000
1781266256,59.8,2400000,0xe0000
1781266257,59.8,2400000,0xe0000
1781266258,60.9,2400000,0xe0000
1781266259,59.3,2400000,0xe0000
1781266260,60.4,2400000,0xe0000
1781266261,59.8,2400000,0xe0000
1781266262,59.3,2400000,0xe0000
