1781179618,50.5,2400000,0xe0000
1781179619,51.0,2400000,0xe0000
1781179621,51.6,2400000,0xe0000
1781179622,51.6,2400000,0xe0000
1781179623,52.1,2400000,0xe0000
1781179624,51.6,2400000,0xe0000
1781179625,52.1,2400000,0xe0000
1781179626,51.6,2400000,0xe0000
1781179627,51.6,2400000,0xe0000
1781179628,52.1,2400000,0xe0000
1781179629,52.1,2400000,0xe0000
1781179630,51.0,2400000,0xe0000
1781179631,52.7,2400000,0xe0000
1781179632,52.1,2400000,0xe0000
1781179633,52.1,2400000,0xe0000
1781179634,53.2,2400000,0xe0000
1781179635,53.2,2400000,0xe0000
1781179636,52.7,2400000,0xe0000
1781179637,52.7,2400000,0xe0000
1781179638,52.7,2400000,0xe0000
1781179639,52.7,2400000,0xe0000
1781179640,52.1,2400000,0xe0000
1781179642,52.7,2400000,0xe0000
1781179643,53.2,2400000,0xe0000
1781179644,52.7,2400000,0xe0000
1781179645,52.7,2400000,0xe0000
1781179646,52.7,2400000,0xe0000
1781179647,52.7,2400000,0xe0000
1781179648,52.7,2400000,0xe0000
1781179649,53.2,2400000,0xe0000
1781179650,53.2,2400000,0xe0000
1781179651,52.7,2400000,0xe0000
1781179652,53.2,2400000,0xe0000
1781179653,52.1,2400000,0xe0000
1781179654,52.7,2400000,0xe0000
1781179655,52.1,2400000,0xe0000
1781179656,53.2,2400000,0xe0000
1781179657,52.1,2400000,0xe0000
1781179658,52.7,2400000,0xe0000
1781179659,53.2,2400000,0xe0000
1781179660,53.2,2400000,0xe0000
1781179661,52.7,2400000,0xe0000
1781179662,52.7,2400000,0xe0000
1781179663,53.8,2400000,0xe0000
1781179664,53.8,2400000,0xe0000
1781179665,53.8,2400000,0xe0000
1781179667,53.8,2400000,0xe0000
1781179668,52.7,2400000,0xe0000
1781179669,52.7,2400000,0xe0000
1781179670,53.2,2400000,0xe0000
1781179671,53.8,2400000,0xe0000
1781179672,53.8,2400000,0xe0000
1781179673,53.2,2400000,0xe0000
1781179674,53.8,2400000,0xe0000
1781179675,53.8,2400000,0xe0000
1781179676,53.8,2400000,0xe0000
1781179677,53.8,2400000,0xe0000
1781179678,53.2,2400000,0xe0000
1781179679,53.2,2400000,0xe0000
1781179680,53.2,2400000,0xe0000
1781179681,53.8,2400000,0xe0000
1781179682,53.2,2400000,0xe0000
1781179683,53.2,2400000,0xe0000
1781179684,53.2,2400000,0xe0000
1781179685,53.2,2400000,0xe0000
1781179686,52.7,2400000,0xe0000
1781179687,53.8,2400000,0xe0000
1781179688,53.8,2400000,0xe0000
1781179689,53.8,2400000,0xe0000
1781179690,53.8,2400000,0xe0000
1781179691,53.8,2400000,0xe0000
1781179692,53.8,2400000,0xe0000
1781179693,54.3,2400000,0xe0000
1781179695,53.8,2400000,0xe0000
1781179696,53.8,2400000,0xe0000
1781179697,54.3,2400000,0xe0000
1781179698,53.8,2400000,0xe0000
1781179699,53.8,2400000,0xe0000
1781179700,53.8,2400000,0xe0000
1781179701,53.8,2400000,0xe0000
1781179702,53.8,2400000,0xe0000
1781179703,54.3,2400000,0xe0000
1781179704,54.3,2400000,0xe0000
1781179705,53.2,2400000,0xe0000
1781179706,53.8,2400000,0xe0000
1781179707,54.9,2400000,0xe0000
1781179708,54.3,2400000,0xe0000
1781179709,54.3,2400000,0xe0000
1781179710,54.3,2400000,0xe0000
1781179711,54.3,2400000,0xe0000
1781179712,54.3,2400000,0xe0000
1781179713,53.8,2400000,0xe0000
1781179714,54.3,2400000,0xe0000
1781179716,54.3,2400000,0xe0000
1781179717,54.3,2400000,0xe0000
1781179718,53.8,2400000,0xe0000
1781179719,54.3,2400000,0xe0000
1781179720,54.3,2400000,0xe0000
1781179721,54.3,2400000,0xe0000
1781179722,54.3,2400000,0xe0000
1781179723,54.9,2400000,0xe0000
1781179724,54.3,2400000,0xe0000
1781179725,54.3,2400000,0xe0000
1781179726,54.3,2400000,0xe0000
1781179727,53.8,2400000,0xe0000
1781179728,54.3,2400000,0xe0000
1781179729,54.3,2400000,0xe0000
1781179730,54.9,2400000,0xe0000
1781179731,54.9,2400000,0xe0000
1781179732,54.9,2400000,0xe0000
1781179733,53.8,2400000,0xe0000
1781179734,53.8,2400000,0xe0000
1781179735,54.3,2400000,0xe0000
1781179736,54.3,2400000,0xe0000
1781179737,54.3,2400000,0xe0000
1781179738,54.3,2400000,0xe0000
1781179739,53.8,2400000,0xe0000
1781179740,54.9,2400000,0xe0000
1781179741,54.9,2400000,0xe0000
1781179743,54.9,2400000,0xe0000
1781179744,54.9,2400000,0xe0000
1781179745,53.2,2400000,0xe0000
1781179746,54.9,2400000,0xe0000
1781179747,55.4,2400000,0xe0000
1781179748,54.3,2400000,0xe0000
1781179749,54.3,2400000,0xe0000
1781179750,54.3,2400000,0xe0000
1781179751,54.3,2400000,0xe0000
1781179752,54.3,2400000,0xe0000
1781179753,54.9,2400000,0xe0000
1781179754,54.9,2400000,0xe0000
1781179755,54.3,2400000,0xe0000
1781179756,54.9,2400000,0xe0000
1781179757,54.3,2400000,0xe0000
1781179758,54.3,2400000,0xe0000
1781179759,54.9,2400000,0xe0000
1781179760,54.9,2400000,0xe0000
1781179761,54.3,2400000,0xe0000
1781179762,54.9,2400000,0xe0000
1781179763,54.9,2400000,0xe0000
1781179764,54.9,2400000,0xe0000
1781179766,54.9,2400000,0xe0000
1781179767,54.3,2400000,0xe0000
1781179768,54.9,2400000,0xe0000
1781179769,54.9,2400000,0xe0000
1781179770,53.8,2400000,0xe0000
1781179771,54.9,2400000,0xe0000
1781179772,54.9,2400000,0xe0000
1781179773,54.3,2400000,0xe0000
1781179774,54.9,2400000,0xe0000
1781179775,53.2,2400000,0xe0000
1781179776,54.9,2400000,0xe0000
1781179777,54.3,2400000,0xe0000
1781179778,54.3,2400000,0xe0000
1781179779,54.9,2400000,0xe0000
1781179780,54.3,2400000,0xe0000
1781179781,54.9,2400000,0xe0000
1781179782,54.3,2400000,0xe0000
1781179783,54.3,2400000,0xe0000
1781179784,54.9,2400000,0xe0000
1781179785,54.3,2400000,0xe0000
1781179786,54.9,2400000,0xe0000
1781179787,54.9,2400000,0xe0000
1781179788,54.3,2400000,0xe0000
1781179790,54.9,2400000,0xe0000
1781179791,54.9,2400000,0xe0000
1781179792,53.8,2400000,0xe0000
1781179793,55.4,2400000,0xe0000
1781179794,54.9,2400000,0xe0000
1781179795,54.3,2400000,0xe0000
1781179796,54.9,2400000,0xe0000
1781179797,54.9,2400000,0xe0000
1781179798,54.9,2400000,0xe0000
1781179799,54.9,2400000,0xe0000
1781179800,54.9,2400000,0xe0000
1781179801,54.9,2400000,0xe0000
1781179802,54.3,2400000,0xe0000
1781179803,54.3,2400000,0xe0000
1781179804,55.4,2400000,0xe0000
1781179805,54.9,2400000,0xe0000
1781179806,54.9,2400000,0xe0000
1781179807,54.9,2400000,0xe0000
1781179808,54.9,2400000,0xe0000
1781179809,54.9,2400000,0xe0000
1781179810,54.9,2400000,0xe0000
1781179812,54.9,2400000,0xe0000
1781179813,54.9,2400000,0xe0000
1781179814,54.9,2400000,0xe0000
1781179815,54.9,2400000,0xe0000
1781179816,54.9,2400000,0xe0000
1781179817,54.3,2400000,0xe0000
1781179818,54.9,2400000,0xe0000
1781179819,54.3,2400000,0xe0000
1781179820,54.3,2400000,0xe0000
1781179821,54.9,2400000,0xe0000
1781179822,55.4,2400000,0xe0000
1781179823,54.9,2400000,0xe0000
1781179824,55.4,2400000,0xe0000
1781179825,54.9,2400000,0xe0000
1781179826,55.4,2400000,0xe0000
1781179827,54.9,2400000,0xe0000
1781179828,55.4,2400000,0xe0000
1781179829,54.9,2400000,0xe0000
1781179830,55.4,2400000,0xe0000
1781179831,55.4,2400000,0xe0000
1781179832,55.4,2400000,0xe0000
1781179833,54.9,2400000,0xe0000
1781179834,55.4,2400000,0xe0000
1781179836,55.4,2400000,0xe0000
1781179837,53.8,2400000,0xe0000
1781179838,55.4,2400000,0xe0000
1781179839,54.9,2400000,0xe0000
1781179840,54.9,2400000,0xe0000
1781179841,54.9,2400000,0xe0000
1781179842,54.3,2400000,0xe0000
1781179843,54.9,2400000,0xe0000
1781179844,54.3,2400000,0xe0000
1781179845,54.9,2400000,0xe0000
1781179846,54.9,2400000,0xe0000
1781179847,55.4,2400000,0xe0000
1781179848,54.9,2400000,0xe0000
1781179849,55.4,2400000,0xe0000
1781179850,56.0,2400000,0xe0000
1781179851,54.9,2400000,0xe0000
1781179852,55.4,2400000,0xe0000
1781179853,55.4,2400000,0xe0000
1781179854,55.4,2400000,0xe0000
1781179856,54.9,2400000,0xe0000
1781179857,54.9,2400000,0xe0000
1781179858,54.9,2400000,0xe0000
1781179859,55.4,2400000,0xe0000
1781179860,53.8,2400000,0xe0000
1781179861,55.4,2400000,0xe0000
1781179862,54.9,2400000,0xe0000
1781179863,55.4,2400000,0xe0000
1781179864,55.4,2400000,0xe0000
1781179865,55.4,2400000,0xe0000
1781179866,55.4,2400000,0xe0000
1781179867,56.0,2400000,0xe0000
1781179868,54.9,2400000,0xe0000
1781179869,55.4,2400000,0xe0000
1781179870,54.9,2400000,0xe0000
1781179871,54.9,2400000,0xe0000
1781179872,54.3,2400000,0xe0000
1781179873,55.4,2400000,0xe0000
1781179875,54.9,2400000,0xe0000
1781179876,54.9,2400000,0xe0000
1781179877,54.9,2400000,0xe0000
1781179878,54.9,2400000,0xe0000
1781179879,54.9,2400000,0xe0000
1781179880,55.4,2400000,0xe0000
1781179881,56.0,2400000,0xe0000
1781179882,54.9,2400000,0xe0000
1781179883,56.0,2400000,0xe0000
1781179884,55.4,2400000,0xe0000
1781179885,54.9,2400000,0xe0000
1781179886,55.4,2400000,0xe0000
1781179887,54.9,2400000,0xe0000
1781179888,55.4,2400000,0xe0000
1781179889,54.9,2400000,0xe0000
1781179890,55.4,2400000,0xe0000
1781179891,54.9,2400000,0xe0000
1781179892,54.9,2400000,0xe0000
1781179894,56.0,2400000,0xe0000
1781179895,54.9,2400000,0xe0000
1781179896,55.4,2400000,0xe0000
1781179897,56.0,2400000,0xe0000
1781179898,54.9,2400000,0xe0000
1781179899,54.3,2400000,0xe0000
1781179900,56.0,2400000,0xe0000
1781179901,55.4,2400000,0xe0000
1781179902,55.4,2400000,0xe0000
1781179903,56.0,2400000,0xe0000
1781179904,54.9,2400000,0xe0000
1781179905,54.3,2400000,0xe0000
1781179906,54.9,2400000,0xe0000
1781179907,55.4,2400000,0xe0000
1781179908,56.0,2400000,0xe0000
1781179909,55.4,2400000,0xe0000
1781179910,55.4,2400000,0xe0000
1781179911,54.9,2400000,0xe0000
1781179912,55.4,2400000,0xe0000
1781179913,54.9,2400000,0xe0000
1781179914,56.0,2400000,0xe0000
1781179915,55.4,2400000,0xe0000
1781179916,54.3,2400000,0xe0000
1781179917,54.9,2400000,0xe0000
1781179918,53.8,2400000,0xe0000
1781179920,56.0,2400000,0xe0000
1781179921,54.9,2400000,0xe0000
1781179922,55.4,2400000,0xe0000
1781179923,55.4,2400000,0xe0000
1781179924,56.0,2400000,0xe0000
1781179925,55.4,2400000,0xe0000
1781179926,55.4,2400000,0xe0000
1781179927,55.4,2400000,0xe0000
1781179928,55.4,2400000,0xe0000
1781179929,56.0,2400000,0xe0000
1781179930,55.4,2400000,0xe0000
1781179931,56.0,2400000,0xe0000
1781179932,55.4,2400000,0xe0000
1781179933,54.9,2400000,0xe0000
1781179934,55.4,2400000,0xe0000
1781179935,55.4,2400000,0xe0000
1781179936,56.0,2400000,0xe0000
1781179937,56.0,2400000,0xe0000
1781179938,55.4,2400000,0xe0000
1781179939,56.0,2400000,0xe0000
1781179940,55.4,2400000,0xe0000
1781179941,56.0,2400000,0xe0000
1781179942,54.9,2400000,0xe0000
1781179943,55.4,2400000,0xe0000
1781179944,55.4,2400000,0xe0000
1781179945,54.9,2400000,0xe0000
1781179946,54.9,2400000,0xe0000
1781179947,55.4,2400000,0xe0000
1781179949,55.4,2400000,0xe0000
1781179950,54.9,2400000,0xe0000
1781179951,55.4,2400000,0xe0000
1781179952,54.9,2400000,0xe0000
1781179953,55.4,2400000,0xe0000
1781179954,55.4,2400000,0xe0000
1781179955,55.4,2400000,0xe0000
1781179956,55.4,2400000,0xe0000
1781179957,56.0,2400000,0xe0000
1781179958,55.4,2400000,0xe0000
1781179959,55.4,2400000,0xe0000
1781179960,55.4,2400000,0xe0000
1781179961,55.4,2400000,0xe0000
1781179962,56.0,2400000,0xe0000
1781179963,55.4,2400000,0xe0000
1781179964,56.0,2400000,0xe0000
1781179965,55.4,2400000,0xe0000
1781179966,55.4,2400000,0xe0000
1781179967,56.0,2400000,0xe0000
1781179968,55.4,2400000,0xe0000
1781179970,55.4,2400000,0xe0000
1781179971,56.5,2400000,0xe0000
1781179972,55.4,2400000,0xe0000
1781179973,54.9,2400000,0xe0000
1781179974,55.4,2400000,0xe0000
1781179975,56.0,2400000,0xe0000
1781179976,55.4,2400000,0xe0000
1781179977,54.9,2400000,0xe0000
1781179978,55.4,2400000,0xe0000
1781179979,55.4,2400000,0xe0000
1781179980,56.5,2400000,0xe0000
1781179981,56.0,2400000,0xe0000
1781179982,56.0,2400000,0xe0000
1781179983,55.4,2400000,0xe0000
1781179984,55.4,2400000,0xe0000
1781179985,56.0,2400000,0xe0000
1781179986,55.4,2400000,0xe0000
1781179987,55.4,2400000,0xe0000
1781179988,56.0,2400000,0xe0000
1781179990,55.4,2400000,0xe0000
1781179991,54.9,2400000,0xe0000
1781179992,55.4,2400000,0xe0000
1781179993,54.9,2400000,0xe0000
1781179994,55.4,2400000,0xe0000
1781179995,56.0,2400000,0xe0000
1781179996,56.0,2400000,0xe0000
1781179997,55.4,2400000,0xe0000
1781179998,56.0,2400000,0xe0000
1781179999,54.9,2400000,0xe0000
1781180000,55.4,2400000,0xe0000
1781180001,54.9,2400000,0xe0000
1781180002,55.4,2400000,0xe0000
1781180003,55.4,2400000,0xe0000
1781180004,56.0,2400000,0xe0000
1781180005,55.4,2400000,0xe0000
1781180006,55.4,2400000,0xe0000
1781180007,54.3,2400000,0xe0000
1781180008,56.5,2400000,0xe0000
1781180010,55.4,2400000,0xe0000
1781180011,55.4,2400000,0xe0000
1781180012,54.3,2400000,0xe0000
1781180013,55.4,2400000,0xe0000
1781180014,54.9,2400000,0xe0000
1781180015,55.4,2400000,0xe0000
1781180016,56.0,2400000,0xe0000
1781180017,55.4,2400000,0xe0000
1781180018,55.4,2400000,0xe0000
1781180019,56.0,2400000,0xe0000
1781180020,56.0,2400000,0xe0000
1781180021,55.4,2400000,0xe0000
1781180022,55.4,2400000,0xe0000
1781180023,55.4,2400000,0xe0000
1781180024,55.4,2400000,0xe0000
1781180025,56.0,2400000,0xe0000
1781180026,55.4,2400000,0xe0000
1781180027,55.4,2400000,0xe0000
1781180028,55.4,2400000,0xe0000
1781180029,55.4,2400000,0xe0000
1781180030,56.0,2400000,0xe0000
1781180031,55.4,2400000,0xe0000
1781180032,56.0,2400000,0xe0000
1781180034,55.4,2400000,0xe0000
1781180035,54.9,2400000,0xe0000
1781180036,55.4,2400000,0xe0000
1781180037,54.9,2400000,0xe0000
1781180038,56.0,2400000,0xe0000
1781180039,56.0,2400000,0xe0000
1781180040,56.0,2400000,0xe0000
1781180041,55.4,2400000,0xe0000
1781180042,55.4,2400000,0xe0000
1781180043,53.8,2400000,0xe0000
1781180044,54.9,2400000,0xe0000
1781180045,55.4,2400000,0xe0000
1781180046,56.0,2400000,0xe0000
1781180047,55.4,2400000,0xe0000
1781180048,54.9,2400000,0xe0000
1781180049,54.9,2400000,0xe0000
1781180050,56.0,2400000,0xe0000
1781180052,55.4,2400000,0xe0000
1781180053,55.4,2400000,0xe0000
1781180054,55.4,2400000,0xe0000
1781180055,56.0,2400000,0xe0000
1781180056,56.0,2400000,0xe0000
1781180057,56.0,2400000,0xe0000
1781180058,56.0,2400000,0xe0000
1781180059,56.0,2400000,0xe0000
1781180060,55.4,2400000,0xe0000
1781180061,55.4,2400000,0xe0000
1781180062,56.0,2400000,0xe0000
1781180063,55.4,2400000,0xe0000
1781180064,56.0,2400000,0xe0000
1781180065,55.4,2400000,0xe0000
1781180066,55.4,2400000,0xe0000
1781180067,55.4,2400000,0xe0000
1781180068,54.3,2400000,0xe0000
1781180069,54.9,2400000,0xe0000
1781180070,56.0,2400000,0xe0000
1781180071,55.4,2400000,0xe0000
1781180072,56.0,2400000,0xe0000
1781180073,55.4,2400000,0xe0000
1781180074,56.0,2400000,0xe0000
1781180075,55.4,2400000,0xe0000
1781180076,56.0,2400000,0xe0000
1781180077,56.0,2400000,0xe0000
1781180079,55.4,2400000,0xe0000
1781180080,54.9,2400000,0xe0000
1781180081,54.9,2400000,0xe0000
1781180082,56.0,2400000,0xe0000
1781180083,54.9,2400000,0xe0000
1781180084,55.4,2400000,0xe0000
1781180085,56.0,2400000,0xe0000
1781180086,56.0,2400000,0xe0000
1781180087,55.4,2400000,0xe0000
1781180088,56.0,2400000,0xe0000
1781180089,55.4,2400000,0xe0000
1781180090,55.4,2400000,0xe0000
1781180091,55.4,2400000,0xe0000
1781180092,54.9,2400000,0xe0000
1781180093,56.0,2400000,0xe0000
1781180094,55.4,2400000,0xe0000
1781180095,56.0,2400000,0xe0000
1781180096,55.4,2400000,0xe0000
1781180097,55.4,2400000,0xe0000
1781180098,55.4,2400000,0xe0000
1781180099,56.0,2400000,0xe0000
1781180100,55.4,2400000,0xe0000
1781180101,55.4,2400000,0xe0000
1781180102,54.9,2400000,0xe0000
1781180104,56.0,2400000,0xe0000
1781180105,56.0,2400000,0xe0000
1781180106,57.1,2400000,0xe0000
1781180107,56.5,2400000,0xe0000
1781180108,54.9,2400000,0xe0000
1781180109,56.0,2400000,0xe0000
1781180110,55.4,2400000,0xe0000
1781180111,56.0,2400000,0xe0000
1781180112,54.9,2400000,0xe0000
1781180113,55.4,2400000,0xe0000
1781180114,56.0,2400000,0xe0000
1781180115,56.5,2400000,0xe0000
1781180116,55.4,2400000,0xe0000
1781180117,56.0,2400000,0xe0000
1781180118,56.0,2400000,0xe0000
1781180119,54.9,2400000,0xe0000
1781180120,56.0,2400000,0xe0000
1781180121,55.4,2400000,0xe0000
1781180122,56.0,2400000,0xe0000
1781180123,56.0,2400000,0xe0000
1781180125,56.0,2400000,0xe0000
1781180126,56.5,2400000,0xe0000
1781180127,55.4,2400000,0xe0000
1781180128,55.4,2400000,0xe0000
1781180129,56.0,2400000,0xe0000
1781180130,56.0,2400000,0xe0000
1781180131,55.4,2400000,0xe0000
1781180132,56.0,2400000,0xe0000
1781180133,56.0,2400000,0xe0000
1781180134,55.4,2400000,0xe0000
1781180135,56.0,2400000,0xe0000
1781180136,56.0,2400000,0xe0000
1781180137,56.0,2400000,0xe0000
1781180138,55.4,2400000,0xe0000
1781180139,55.4,2400000,0xe0000
1781180140,55.4,2400000,0xe0000
1781180141,55.4,2400000,0xe0000
1781180142,55.4,2400000,0xe0000
1781180143,56.0,2400000,0xe0000
1781180144,55.4,2400000,0xe0000
1781180145,56.0,2400000,0xe0000
1781180146,55.4,2400000,0xe0000
1781180147,56.0,2400000,0xe0000
1781180148,56.5,2400000,0xe0000
1781180149,55.4,2400000,0xe0000
1781180150,56.0,2400000,0xe0000
1781180151,56.0,2400000,0xe0000
1781180153,56.0,2400000,0xe0000
1781180154,55.4,2400000,0xe0000
1781180155,55.4,2400000,0xe0000
1781180156,56.0,2400000,0xe0000
1781180157,56.0,2400000,0xe0000
1781180158,55.4,2400000,0xe0000
1781180159,56.0,2400000,0xe0000
1781180160,55.4,2400000,0xe0000
1781180161,54.3,2400000,0xe0000
1781180162,55.4,2400000,0xe0000
1781180163,56.0,2400000,0xe0000
1781180164,55.4,2400000,0xe0000
1781180165,55.4,2400000,0xe0000
1781180166,55.4,2400000,0xe0000
1781180167,56.0,2400000,0xe0000
1781180168,56.0,2400000,0xe0000
1781180169,56.0,2400000,0xe0000
1781180170,55.4,2400000,0xe0000
1781180171,56.0,2400000,0xe0000
1781180172,55.4,2400000,0xe0000
1781180173,54.9,2400000,0xe0000
1781180174,55.4,2400000,0xe0000
1781180175,56.0,2400000,0xe0000
1781180176,56.0,2400000,0xe0000
1781180177,55.4,2400000,0xe0000
1781180178,56.0,2400000,0xe0000
1781180179,55.4,2400000,0xe0000
1781180180,55.4,2400000,0xe0000
1781180181,55.4,2400000,0xe0000
1781180182,56.5,2400000,0xe0000
1781180184,54.9,2400000,0xe0000
1781180185,56.0,2400000,0xe0000
1781180186,55.4,2400000,0xe0000
1781180187,56.0,2400000,0xe0000
1781180188,56.0,2400000,0xe0000
1781180189,56.0,2400000,0xe0000
1781180190,56.0,2400000,0xe0000
1781180191,55.4,2400000,0xe0000
1781180192,55.4,2400000,0xe0000
1781180193,56.5,2400000,0xe0000
1781180194,54.9,2400000,0xe0000
1781180195,55.4,2400000,0xe0000
1781180196,56.0,2400000,0xe0000
1781180197,55.4,2400000,0xe0000
1781180198,56.0,2400000,0xe0000
1781180199,56.0,2400000,0xe0000
1781180200,56.0,2400000,0xe0000
1781180201,54.9,2400000,0xe0000
1781180202,56.0,2400000,0xe0000
1781180203,56.0,2400000,0xe0000
1781180204,55.4,2400000,0xe0000
1781180205,54.3,2400000,0xe0000
1781180206,56.5,2400000,0xe0000
1781180207,56.0,2400000,0xe0000
1781180208,56.0,2400000,0xe0000
1781180209,56.5,2400000,0xe0000
1781180210,55.4,2400000,0xe0000
1781180211,56.0,2400000,0xe0000
1781180212,56.0,2400000,0xe0000
1781180213,56.5,2400000,0xe0000
1781180214,56.0,2400000,0xe0000
1781180216,55.4,2400000,0xe0000
1781180217,56.0,2400000,0xe0000
1781180218,56.0,2400000,0xe0000
1781180219,56.0,2400000,0xe0000
1781180220,54.9,2400000,0xe0000
1781180221,56.0,2400000,0xe0000
1781180222,55.4,2400000,0xe0000
1781180223,56.0,2400000,0xe0000
1781180224,56.0,2400000,0xe0000
1781180225,55.4,2400000,0xe0000
1781180226,56.0,2400000,0xe0000
1781180227,55.4,2400000,0xe0000
1781180228,55.4,2400000,0xe0000
1781180229,55.4,2400000,0xe0000
1781180230,56.0,2400000,0xe0000
1781180231,56.0,2400000,0xe0000
1781180232,56.0,2400000,0xe0000
1781180233,55.4,2400000,0xe0000
1781180234,55.4,2400000,0xe0000
1781180235,54.9,2400000,0xe0000
1781180237,56.0,2400000,0xe0000
1781180238,56.0,2400000,0xe0000
1781180239,55.4,2400000,0xe0000
1781180240,56.0,2400000,0xe0000
1781180241,56.0,2400000,0xe0000
1781180242,55.4,2400000,0xe0000
1781180243,55.4,2400000,0xe0000
1781180244,56.0,2400000,0xe0000
1781180245,56.0,2400000,0xe0000
1781180246,54.9,2400000,0xe0000
1781180247,56.0,2400000,0xe0000
1781180248,55.4,2400000,0xe0000
1781180249,56.0,2400000,0xe0000
1781180250,56.0,2400000,0xe0000
1781180251,55.4,2400000,0xe0000
1781180252,55.4,2400000,0xe0000
1781180253,55.4,2400000,0xe0000
1781180254,56.0,2400000,0xe0000
1781180255,56.0,2400000,0xe0000
1781180256,55.4,2400000,0xe0000
1781180257,56.0,2400000,0xe0000
1781180258,55.4,2400000,0xe0000
1781180259,56.0,2400000,0xe0000
1781180260,56.0,2400000,0xe0000
1781180261,56.0,2400000,0xe0000
1781180262,56.0,2400000,0xe0000
1781180263,56.5,2400000,0xe0000
1781180264,56.0,2400000,0xe0000
1781180265,56.0,2400000,0xe0000
1781180267,55.4,2400000,0xe0000
1781180268,55.4,2400000,0xe0000
1781180269,54.9,2400000,0xe0000
1781180270,56.0,2400000,0xe0000
1781180271,55.4,2400000,0xe0000
1781180272,56.0,2400000,0xe0000
1781180273,56.0,2400000,0xe0000
1781180274,55.4,2400000,0xe0000
1781180275,56.0,2400000,0xe0000
1781180276,55.4,2400000,0xe0000
1781180277,56.0,2400000,0xe0000
1781180278,56.0,2400000,0xe0000
1781180279,56.0,2400000,0xe0000
1781180280,55.4,2400000,0xe0000
1781180281,56.0,2400000,0xe0000
1781180282,56.0,2400000,0xe0000
1781180283,56.0,2400000,0xe0000
1781180284,56.0,2400000,0xe0000
1781180285,56.0,2400000,0xe0000
1781180286,55.4,2400000,0xe0000
1781180288,56.0,2400000,0xe0000
1781180289,56.5,2400000,0xe0000
1781180290,54.9,2400000,0xe0000
1781180291,55.4,2400000,0xe0000
1781180292,55.4,2400000,0xe0000
1781180293,56.0,2400000,0xe0000
1781180294,55.4,2400000,0xe0000
1781180295,56.0,2400000,0xe0000
1781180296,56.0,2400000,0xe0000
1781180297,56.0,2400000,0xe0000
1781180298,55.4,2400000,0xe0000
1781180299,55.4,2400000,0xe0000
1781180300,55.4,2400000,0xe0000
1781180301,56.0,2400000,0xe0000
1781180302,54.9,2400000,0xe0000
1781180303,55.4,2400000,0xe0000
1781180304,56.0,2400000,0xe0000
1781180305,56.0,2400000,0xe0000
1781180306,56.0,2400000,0xe0000
1781180307,56.0,2400000,0xe0000
1781180308,56.5,2400000,0xe0000
1781180309,55.4,2400000,0xe0000
1781180310,55.4,2400000,0xe0000
1781180311,56.0,2400000,0xe0000
1781180312,55.4,2400000,0xe0000
1781180314,56.0,2400000,0xe0000
1781180315,55.4,2400000,0xe0000
1781180316,56.0,2400000,0xe0000
1781180317,55.4,2400000,0xe0000
1781180318,55.4,2400000,0xe0000
1781180319,55.4,2400000,0xe0000
1781180320,55.4,2400000,0xe0000
1781180321,55.4,2400000,0xe0000
1781180322,56.0,2400000,0xe0000
1781180323,55.4,2400000,0xe0000
1781180324,56.0,2400000,0xe0000
1781180325,56.0,2400000,0xe0000
1781180326,56.0,2400000,0xe0000
1781180327,55.4,2400000,0xe0000
1781180328,55.4,2400000,0xe0000
1781180329,54.9,2400000,0xe0000
1781180330,55.4,2400000,0xe0000
1781180331,56.0,2400000,0xe0000
1781180332,56.0,2400000,0xe0000
1781180333,56.0,2400000,0xe0000
1781180334,56.5,2400000,0xe0000
1781180335,55.4,2400000,0xe0000
1781180336,56.0,2400000,0xe0000
1781180337,56.0,2400000,0xe0000
1781180339,55.4,2400000,0xe0000
1781180340,56.0,2400000,0xe0000
1781180341,56.0,2400000,0xe0000
1781180342,56.0,2400000,0xe0000
1781180343,54.9,2400000,0xe0000
1781180344,56.0,2400000,0xe0000
1781180345,54.9,2400000,0xe0000
1781180346,55.4,2400000,0xe0000
1781180347,56.0,2400000,0xe0000
1781180348,56.0,2400000,0xe0000
1781180349,54.9,2400000,0xe0000
1781180350,56.0,2400000,0xe0000
1781180351,56.0,2400000,0xe0000
1781180352,56.0,2400000,0xe0000
1781180353,56.0,2400000,0xe0000
1781180354,56.0,2400000,0xe0000
1781180355,56.0,2400000,0xe0000
1781180356,56.0,2400000,0xe0000
1781180357,56.0,2400000,0xe0000
1781180358,56.0,2400000,0xe0000
1781180359,56.0,2400000,0xe0000
1781180360,56.5,2400000,0xe0000
1781180361,56.0,2400000,0xe0000
1781180363,55.4,2400000,0xe0000
1781180364,56.0,2400000,0xe0000
1781180365,55.4,2400000,0xe0000
1781180366,56.5,2400000,0xe0000
1781180367,55.4,2400000,0xe0000
1781180368,55.4,2400000,0xe0000
1781180369,55.4,2400000,0xe0000
1781180370,55.4,2400000,0xe0000
1781180371,56.0,2400000,0xe0000
1781180372,55.4,2400000,0xe0000
1781180373,56.0,2400000,0xe0000
1781180374,56.0,2400000,0xe0000
1781180375,56.0,2400000,0xe0000
1781180376,56.0,2400000,0xe0000
1781180377,55.4,2400000,0xe0000
1781180378,55.4,2400000,0xe0000
1781180379,55.4,2400000,0xe0000
1781180380,55.4,2400000,0xe0000
1781180381,55.4,2400000,0xe0000
1781180382,56.0,2400000,0xe0000
1781180384,54.9,2400000,0xe0000
1781180385,54.9,2400000,0xe0000
1781180386,54.9,2400000,0xe0000
1781180387,54.3,2400000,0xe0000
1781180388,56.0,2400000,0xe0000
1781180389,55.4,2400000,0xe0000
1781180390,55.4,2400000,0xe0000
1781180391,56.0,2400000,0xe0000
1781180392,56.0,2400000,0xe0000
1781180393,56.0,2400000,0xe0000
1781180394,55.4,2400000,0xe0000
1781180395,55.4,2400000,0xe0000
1781180396,56.0,2400000,0xe0000
1781180397,56.0,2400000,0xe0000
1781180398,55.4,2400000,0xe0000
1781180399,56.0,2400000,0xe0000
1781180400,56.0,2400000,0xe0000
1781180402,55.4,2400000,0xe0000
1781180403,56.0,2400000,0xe0000
1781180404,55.4,2400000,0xe0000
1781180405,56.0,2400000,0xe0000
1781180406,56.0,2400000,0xe0000
1781180407,56.0,2400000,0xe0000
1781180408,55.4,2400000,0xe0000
1781180409,56.0,2400000,0xe0000
1781180410,54.9,2400000,0xe0000
1781180411,55.4,2400000,0xe0000
1781180412,56.0,2400000,0xe0000
1781180413,55.4,2400000,0xe0000
1781180414,56.0,2400000,0xe0000
1781180415,55.4,2400000,0xe0000
1781180416,55.4,2400000,0xe0000
1781180417,54.9,2400000,0xe0000
1781180418,56.0,2400000,0xe0000
1781180419,54.9,2400000,0xe0000
1781180420,56.5,2400000,0xe0000
1781180421,56.0,2400000,0xe0000
1781180422,56.0,2400000,0xe0000
1781180423,56.0,2400000,0xe0000
1781180424,56.0,2400000,0xe0000
1781180425,55.4,2400000,0xe0000
1781180426,56.0,2400000,0xe0000
1781180428,54.3,2400000,0xe0000
1781180429,56.0,2400000,0xe0000
1781180430,56.0,2400000,0xe0000
1781180431,56.0,2400000,0xe0000
1781180432,55.4,2400000,0xe0000
1781180433,56.0,2400000,0xe0000
1781180434,56.0,2400000,0xe0000
1781180435,55.4,2400000,0xe0000
1781180436,56.0,2400000,0xe0000
1781180437,54.9,2400000,0xe0000
1781180438,55.4,2400000,0xe0000
1781180439,56.0,2400000,0xe0000
1781180440,56.0,2400000,0xe0000
1781180441,56.5,2400000,0xe0000
1781180442,55.4,2400000,0xe0000
1781180443,56.0,2400000,0xe0000
1781180444,55.4,2400000,0xe0000
1781180445,56.0,2400000,0xe0000
1781180446,56.0,2400000,0xe0000
1781180447,56.0,2400000,0xe0000
1781180448,55.4,2400000,0xe0000
1781180449,55.4,2400000,0xe0000
1781180450,55.4,2400000,0xe0000
1781180451,56.5,2400000,0xe0000
1781180452,56.0,2400000,0xe0000
1781180454,56.5,2400000,0xe0000
1781180455,54.9,2400000,0xe0000
1781180456,55.4,2400000,0xe0000
1781180457,56.0,2400000,0xe0000
1781180458,56.5,2400000,0xe0000
1781180459,56.0,2400000,0xe0000
1781180460,55.4,2400000,0xe0000
1781180461,56.5,2400000,0xe0000
1781180462,55.4,2400000,0xe0000
1781180463,55.4,2400000,0xe0000
1781180464,55.4,2400000,0xe0000
1781180465,56.5,2400000,0xe0000
1781180466,56.0,2400000,0xe0000
1781180467,56.0,2400000,0xe0000
1781180468,54.9,2400000,0xe0000
1781180469,55.4,2400000,0xe0000
1781180470,55.4,2400000,0xe0000
1781180471,56.0,2400000,0xe0000
1781180472,56.0,2400000,0xe0000
1781180473,56.0,2400000,0xe0000
1781180474,55.4,2400000,0xe0000
1781180475,56.5,2400000,0xe0000
1781180477,55.4,2400000,0xe0000
1781180478,55.4,2400000,0xe0000
1781180479,56.0,2400000,0xe0000
1781180480,56.0,2400000,0xe0000
1781180481,56.0,2400000,0xe0000
1781180482,55.4,2400000,0xe0000
1781180483,56.0,2400000,0xe0000
1781180484,56.0,2400000,0xe0000
1781180485,56.0,2400000,0xe0000
1781180486,56.5,2400000,0xe0000
1781180487,54.3,2400000,0xe0000
1781180488,55.4,2400000,0xe0000
1781180489,56.0,2400000,0xe0000
1781180490,56.0,2400000,0xe0000
1781180491,56.5,2400000,0xe0000
1781180492,54.9,2400000,0xe0000
1781180493,56.5,2400000,0xe0000
1781180494,55.4,2400000,0xe0000
1781180495,55.4,2400000,0xe0000
1781180496,55.4,2400000,0xe0000
1781180497,56.0,2400000,0xe0000
1781180498,56.0,2400000,0xe0000
1781180499,56.0,2400000,0xe0000
1781180500,55.4,2400000,0xe0000
1781180501,55.4,2400000,0xe0000
1781180503,55.4,2400000,0xe0000
1781180504,55.4,2400000,0xe0000
1781180505,55.4,2400000,0xe0000
1781180506,56.0,2400000,0xe0000
1781180507,55.4,2400000,0xe0000
1781180508,56.0,2400000,0xe0000
1781180509,56.0,2400000,0xe0000
1781180510,54.9,2400000,0xe0000
1781180511,56.0,2400000,0xe0000
1781180512,56.0,2400000,0xe0000
1781180513,56.0,2400000,0xe0000
1781180514,56.0,2400000,0xe0000
1781180515,56.0,2400000,0xe0000
1781180516,56.0,2400000,0xe0000
1781180517,55.4,2400000,0xe0000
1781180518,55.4,2400000,0xe0000
1781180519,56.5,2400000,0xe0000
1781180520,56.0,2400000,0xe0000
1781180521,56.0,2400000,0xe0000
1781180522,56.0,2400000,0xe0000
1781180523,56.5,2400000,0xe0000
1781180525,56.0,2400000,0xe0000
1781180526,54.9,2400000,0xe0000
1781180527,55.4,2400000,0xe0000
1781180528,56.5,2400000,0xe0000
1781180529,56.0,2400000,0xe0000
1781180530,56.0,2400000,0xe0000
1781180531,56.0,2400000,0xe0000
1781180532,56.0,2400000,0xe0000
1781180533,56.0,2400000,0xe0000
1781180534,55.4,2400000,0xe0000
1781180535,55.4,2400000,0xe0000
1781180536,56.5,2400000,0xe0000
1781180537,56.0,2400000,0xe0000
1781180538,55.4,2400000,0xe0000
1781180539,56.0,2400000,0xe0000
1781180540,56.0,2400000,0xe0000
1781180541,55.4,2400000,0xe0000
1781180542,55.4,2400000,0xe0000
1781180543,56.5,2400000,0xe0000
1781180544,56.0,2400000,0xe0000
1781180545,56.0,2400000,0xe0000
1781180546,56.0,2400000,0xe0000
1781180547,56.0,2400000,0xe0000
1781180548,56.0,2400000,0xe0000
1781180550,56.0,2400000,0xe0000
1781180551,56.5,2400000,0xe0000
1781180552,56.0,2400000,0xe0000
1781180553,55.4,2400000,0xe0000
1781180554,56.0,2400000,0xe0000
1781180555,54.9,2400000,0xe0000
1781180556,55.4,2400000,0xe0000
1781180557,56.0,2400000,0xe0000
1781180558,56.0,2400000,0xe0000
1781180559,56.0,2400000,0xe0000
1781180560,54.9,2400000,0xe0000
1781180561,55.4,2400000,0xe0000
1781180562,55.4,2400000,0xe0000
1781180563,55.4,2400000,0xe0000
1781180564,56.5,2400000,0xe0000
1781180565,56.5,2400000,0xe0000
1781180566,56.0,2400000,0xe0000
1781180567,55.4,2400000,0xe0000
1781180568,56.0,2400000,0xe0000
1781180569,55.4,2400000,0xe0000
1781180570,55.4,2400000,0xe0000
1781180571,56.0,2400000,0xe0000
1781180572,56.0,2400000,0xe0000
1781180573,56.0,2400000,0xe0000
1781180574,56.0,2400000,0xe0000
1781180575,56.0,2400000,0xe0000
1781180576,55.4,2400000,0xe0000
1781180577,55.4,2400000,0xe0000
1781180578,56.0,2400000,0xe0000
1781180579,56.0,2400000,0xe0000
1781180580,55.4,2400000,0xe0000
1781180582,56.0,2400000,0xe0000
1781180583,54.9,2400000,0xe0000
1781180584,55.4,2400000,0xe0000
1781180585,56.0,2400000,0xe0000
1781180586,56.0,2400000,0xe0000
1781180587,56.0,2400000,0xe0000
1781180588,56.0,2400000,0xe0000
1781180589,56.0,2400000,0xe0000
1781180590,55.4,2400000,0xe0000
1781180591,55.4,2400000,0xe0000
1781180592,55.4,2400000,0xe0000
1781180593,56.0,2400000,0xe0000
1781180594,54.9,2400000,0xe0000
1781180595,56.5,2400000,0xe0000
1781180596,56.0,2400000,0xe0000
1781180597,54.9,2400000,0xe0000
1781180598,55.4,2400000,0xe0000
1781180599,56.0,2400000,0xe0000
1781180600,56.0,2400000,0xe0000
1781180602,56.0,2400000,0xe0000
1781180603,55.4,2400000,0xe0000
1781180604,56.0,2400000,0xe0000
1781180605,56.0,2400000,0xe0000
1781180606,56.0,2400000,0xe0000
1781180607,55.4,2400000,0xe0000
1781180608,56.0,2400000,0xe0000
1781180609,56.5,2400000,0xe0000
1781180610,54.9,2400000,0xe0000
1781180611,56.0,2400000,0xe0000
1781180612,56.0,2400000,0xe0000
1781180613,55.4,2400000,0xe0000
1781180614,56.0,2400000,0xe0000
1781180615,55.4,2400000,0xe0000
1781180616,56.0,2400000,0xe0000
1781180617,55.4,2400000,0xe0000
1781180618,56.0,2400000,0xe0000
1781180619,56.0,2400000,0xe0000
1781180620,56.0,2400000,0xe0000
1781180621,55.4,2400000,0xe0000
1781180622,55.4,2400000,0xe0000
1781180623,56.0,2400000,0xe0000
1781180624,56.0,2400000,0xe0000
1781180625,56.0,2400000,0xe0000
1781180626,55.4,2400000,0xe0000
1781180627,55.4,2400000,0xe0000
1781180628,56.0,2400000,0xe0000
1781180630,56.5,2400000,0xe0000
1781180631,56.0,2400000,0xe0000
1781180632,56.0,2400000,0xe0000
1781180633,56.5,2400000,0xe0000
1781180634,56.5,2400000,0xe0000
1781180635,56.0,2400000,0xe0000
1781180636,56.0,2400000,0xe0000
1781180637,56.0,2400000,0xe0000
1781180638,54.9,2400000,0xe0000
1781180639,54.3,2400000,0xe0000
1781180640,56.5,2400000,0xe0000
1781180641,55.4,2400000,0xe0000
1781180642,55.4,2400000,0xe0000
1781180643,56.0,2400000,0xe0000
1781180644,56.0,2400000,0xe0000
1781180645,56.0,2400000,0xe0000
1781180646,56.5,2400000,0xe0000
1781180647,55.4,2400000,0xe0000
1781180648,56.5,2400000,0xe0000
1781180649,56.5,2400000,0xe0000
1781180650,55.4,2400000,0xe0000
1781180651,54.9,2400000,0xe0000
1781180652,56.0,2400000,0xe0000
1781180653,56.0,2400000,0xe0000
1781180654,56.0,2400000,0xe0000
1781180655,56.5,2400000,0xe0000
1781180656,55.4,2400000,0xe0000
1781180658,56.0,2400000,0xe0000
1781180659,56.0,2400000,0xe0000
1781180660,55.4,2400000,0xe0000
1781180661,55.4,2400000,0xe0000
1781180662,55.4,2400000,0xe0000
1781180663,56.0,2400000,0xe0000
1781180664,55.4,2400000,0xe0000
1781180665,56.0,2400000,0xe0000
1781180666,56.0,2400000,0xe0000
1781180667,55.4,2400000,0xe0000
1781180668,56.0,2400000,0xe0000
1781180669,56.5,2400000,0xe0000
1781180670,56.0,2400000,0xe0000
1781180671,55.4,2400000,0xe0000
1781180672,56.0,2400000,0xe0000
1781180673,56.0,2400000,0xe0000
1781180674,56.0,2400000,0xe0000
1781180675,55.4,2400000,0xe0000
1781180676,56.0,2400000,0xe0000
1781180678,56.0,2400000,0xe0000
1781180679,56.0,2400000,0xe0000
1781180680,56.0,2400000,0xe0000
1781180681,56.5,2400000,0xe0000
1781180682,54.9,2400000,0xe0000
1781180683,56.0,2400000,0xe0000
1781180684,55.4,2400000,0xe0000
1781180685,56.0,2400000,0xe0000
1781180686,55.4,2400000,0xe0000
1781180687,54.3,2400000,0xe0000
1781180688,56.0,2400000,0xe0000
1781180689,56.0,2400000,0xe0000
1781180690,55.4,2400000,0xe0000
1781180691,56.5,2400000,0xe0000
1781180692,55.4,2400000,0xe0000
1781180693,56.5,2400000,0xe0000
1781180694,56.0,2400000,0xe0000
1781180695,57.1,2400000,0xe0000
1781180696,55.4,2400000,0xe0000
1781180697,56.0,2400000,0xe0000
1781180698,55.4,2400000,0xe0000
1781180699,56.0,2400000,0xe0000
1781180700,56.0,2400000,0xe0000
1781180701,56.5,2400000,0xe0000
1781180703,56.5,2400000,0xe0000
1781180704,56.0,2400000,0xe0000
1781180705,56.0,2400000,0xe0000
1781180706,55.4,2400000,0xe0000
1781180707,55.4,2400000,0xe0000
1781180708,56.0,2400000,0xe0000
1781180709,55.4,2400000,0xe0000
1781180710,56.0,2400000,0xe0000
1781180711,56.0,2400000,0xe0000
1781180712,56.0,2400000,0xe0000
1781180713,55.4,2400000,0xe0000
1781180714,56.0,2400000,0xe0000
1781180715,56.0,2400000,0xe0000
1781180716,56.0,2400000,0xe0000
1781180717,55.4,2400000,0xe0000
1781180718,55.4,2400000,0xe0000
1781180719,56.0,2400000,0xe0000
1781180720,56.0,2400000,0xe0000
1781180721,54.9,2400000,0xe0000
1781180723,55.4,2400000,0xe0000
1781180724,56.5,2400000,0xe0000
1781180725,55.4,2400000,0xe0000
1781180726,55.4,2400000,0xe0000
1781180727,56.0,2400000,0xe0000
1781180728,56.5,2400000,0xe0000
1781180729,55.4,2400000,0xe0000
1781180730,56.5,2400000,0xe0000
1781180731,55.4,2400000,0xe0000
1781180732,55.4,2400000,0xe0000
1781180733,54.9,2400000,0xe0000
1781180734,55.4,2400000,0xe0000
1781180735,55.4,2400000,0xe0000
1781180736,54.9,2400000,0xe0000
1781180737,55.4,2400000,0xe0000
1781180738,54.9,2400000,0xe0000
1781180739,56.0,2400000,0xe0000
1781180740,56.0,2400000,0xe0000
1781180741,55.4,2400000,0xe0000
1781180743,55.4,2400000,0xe0000
1781180744,56.0,2400000,0xe0000
1781180745,56.0,2400000,0xe0000
1781180746,56.0,2400000,0xe0000
1781180747,55.4,2400000,0xe0000
1781180748,56.0,2400000,0xe0000
1781180749,55.4,2400000,0xe0000
1781180750,56.5,2400000,0xe0000
1781180751,56.0,2400000,0xe0000
1781180752,55.4,2400000,0xe0000
1781180753,54.9,2400000,0xe0000
1781180754,56.5,2400000,0xe0000
1781180755,54.9,2400000,0xe0000
1781180756,56.0,2400000,0xe0000
1781180757,56.0,2400000,0xe0000
1781180758,55.4,2400000,0xe0000
1781180759,55.4,2400000,0xe0000
1781180760,54.9,2400000,0xe0000
1781180761,56.0,2400000,0xe0000
1781180762,56.0,2400000,0xe0000
1781180763,56.0,2400000,0xe0000
1781180765,55.4,2400000,0xe0000
1781180766,56.0,2400000,0xe0000
1781180767,55.4,2400000,0xe0000
1781180768,54.3,2400000,0xe0000
1781180769,56.0,2400000,0xe0000
1781180770,56.0,2400000,0xe0000
1781180771,56.0,2400000,0xe0000
1781180772,54.9,2400000,0xe0000
1781180773,56.5,2400000,0xe0000
1781180774,56.0,2400000,0xe0000
1781180775,55.4,2400000,0xe0000
1781180776,56.0,2400000,0xe0000
1781180777,56.0,2400000,0xe0000
1781180778,55.4,2400000,0xe0000
1781180779,55.4,2400000,0xe0000
1781180780,56.0,2400000,0xe0000
1781180781,54.9,2400000,0xe0000
1781180782,54.9,2400000,0xe0000
1781180783,56.0,2400000,0xe0000
1781180784,55.4,2400000,0xe0000
1781180785,55.4,2400000,0xe0000
1781180786,54.9,2400000,0xe0000
1781180788,55.4,2400000,0xe0000
1781180789,56.0,2400000,0xe0000
1781180790,54.3,2400000,0xe0000
1781180791,56.0,2400000,0xe0000
1781180792,55.4,2400000,0xe0000
1781180793,55.4,2400000,0xe0000
1781180794,54.3,2400000,0xe0000
1781180795,56.0,2400000,0xe0000
1781180796,55.4,2400000,0xe0000
1781180797,56.0,2400000,0xe0000
1781180798,56.0,2400000,0xe0000
1781180799,56.0,2400000,0xe0000
1781180800,56.0,2400000,0xe0000
1781180801,56.0,2400000,0xe0000
1781180802,56.0,2400000,0xe0000
1781180803,56.0,2400000,0xe0000
1781180804,56.0,2400000,0xe0000
1781180805,56.0,2400000,0xe0000
1781180806,55.4,2400000,0xe0000
1781180807,55.4,2400000,0xe0000
1781180808,55.4,2400000,0xe0000
1781180809,56.0,2400000,0xe0000
1781180810,56.0,2400000,0xe0000
1781180811,56.0,2400000,0xe0000
1781180812,55.4,2400000,0xe0000
1781180814,54.9,2400000,0xe0000
1781180815,55.4,2400000,0xe0000
1781180816,56.0,2400000,0xe0000
1781180817,55.4,2400000,0xe0000
1781180818,56.0,2400000,0xe0000
1781180819,56.0,2400000,0xe0000
1781180820,55.4,2400000,0xe0000
1781180821,55.4,2400000,0xe0000
1781180822,55.4,2400000,0xe0000
1781180823,56.0,2400000,0xe0000
1781180824,56.5,2400000,0xe0000
1781180825,56.5,2400000,0xe0000
1781180826,55.4,2400000,0xe0000
1781180827,55.4,2400000,0xe0000
1781180828,56.0,2400000,0xe0000
1781180829,56.0,2400000,0xe0000
1781180830,56.0,2400000,0xe0000
1781180831,56.0,2400000,0xe0000
1781180832,56.5,2400000,0xe0000
1781180833,56.5,2400000,0xe0000
1781180834,56.0,2400000,0xe0000
1781180835,57.1,2400000,0xe0000
1781180836,56.0,2400000,0xe0000
1781180838,55.4,2400000,0xe0000
1781180839,56.0,2400000,0xe0000
1781180840,56.0,2400000,0xe0000
1781180841,55.4,2400000,0xe0000
1781180842,56.0,2400000,0xe0000
1781180843,56.0,2400000,0xe0000
1781180844,54.9,2400000,0xe0000
1781180845,54.3,2400000,0xe0000
1781180846,56.0,2400000,0xe0000
1781180847,54.9,2400000,0xe0000
1781180848,56.0,2400000,0xe0000
1781180849,54.9,2400000,0xe0000
1781180850,55.4,2400000,0xe0000
1781180851,55.4,2400000,0xe0000
1781180852,54.3,2400000,0xe0000
1781180853,56.0,2400000,0xe0000
1781180854,55.4,2400000,0xe0000
1781180855,55.4,2400000,0xe0000
1781180856,56.0,2400000,0xe0000
1781180857,56.0,2400000,0xe0000
1781180858,54.9,2400000,0xe0000
1781180859,56.0,2400000,0xe0000
1781180861,55.4,2400000,0xe0000
1781180862,56.0,2400000,0xe0000
1781180863,55.4,2400000,0xe0000
1781180864,54.9,2400000,0xe0000
1781180865,55.4,2400000,0xe0000
1781180866,56.0,2400000,0xe0000
1781180867,55.4,2400000,0xe0000
1781180868,56.0,2400000,0xe0000
1781180869,55.4,2400000,0xe0000
1781180870,56.0,2400000,0xe0000
1781180871,56.0,2400000,0xe0000
1781180872,55.4,2400000,0xe0000
1781180873,56.0,2400000,0xe0000
1781180874,55.4,2400000,0xe0000
1781180875,56.0,2400000,0xe0000
1781180876,56.5,2400000,0xe0000
1781180877,56.0,2400000,0xe0000
1781180878,54.9,2400000,0xe0000
1781180879,56.0,2400000,0xe0000
1781180880,56.0,2400000,0xe0000
1781180881,56.0,2400000,0xe0000
1781180882,56.0,2400000,0xe0000
1781180884,56.0,2400000,0xe0000
1781180885,56.0,2400000,0xe0000
1781180886,55.4,2400000,0xe0000
1781180887,55.4,2400000,0xe0000
1781180888,56.5,2400000,0xe0000
1781180889,55.4,2400000,0xe0000
1781180890,55.4,2400000,0xe0000
1781180891,54.9,2400000,0xe0000
1781180892,55.4,2400000,0xe0000
1781180893,55.4,2400000,0xe0000
1781180894,55.4,2400000,0xe0000
1781180895,56.0,2400000,0xe0000
1781180896,54.9,2400000,0xe0000
1781180897,56.0,2400000,0xe0000
1781180898,56.0,2400000,0xe0000
1781180899,55.4,2400000,0xe0000
1781180900,56.0,2400000,0xe0000
1781180901,55.4,2400000,0xe0000
1781180902,56.5,2400000,0xe0000
1781180903,56.0,2400000,0xe0000
1781180904,56.0,2400000,0xe0000
1781180905,54.9,2400000,0xe0000
1781180906,56.0,2400000,0xe0000
1781180907,56.0,2400000,0xe0000
1781180908,56.0,2400000,0xe0000
1781180909,55.4,2400000,0xe0000
1781180910,56.0,2400000,0xe0000
1781180911,56.0,2400000,0xe0000
1781180912,56.0,2400000,0xe0000
1781180913,55.4,2400000,0xe0000
1781180915,56.0,2400000,0xe0000
1781180916,56.0,2400000,0xe0000
1781180917,54.9,2400000,0xe0000
1781180918,55.4,2400000,0xe0000
1781180919,56.0,2400000,0xe0000
1781180920,54.9,2400000,0xe0000
1781180921,56.0,2400000,0xe0000
1781180922,56.0,2400000,0xe0000
1781180923,56.0,2400000,0xe0000
1781180924,54.9,2400000,0xe0000
1781180925,56.5,2400000,0xe0000
1781180926,56.0,2400000,0xe0000
1781180927,55.4,2400000,0xe0000
1781180928,56.0,2400000,0xe0000
1781180929,55.4,2400000,0xe0000
1781180930,56.0,2400000,0xe0000
1781180931,56.0,2400000,0xe0000
1781180932,55.4,2400000,0xe0000
1781180933,56.0,2400000,0xe0000
1781180934,55.4,2400000,0xe0000
1781180936,56.0,2400000,0xe0000
1781180937,56.5,2400000,0xe0000
1781180938,55.4,2400000,0xe0000
1781180939,55.4,2400000,0xe0000
1781180940,55.4,2400000,0xe0000
1781180941,56.5,2400000,0xe0000
1781180942,56.0,2400000,0xe0000
1781180943,56.0,2400000,0xe0000
1781180944,55.4,2400000,0xe0000
1781180945,56.0,2400000,0xe0000
1781180946,56.0,2400000,0xe0000
1781180947,56.0,2400000,0xe0000
1781180948,55.4,2400000,0xe0000
1781180949,56.0,2400000,0xe0000
1781180950,56.0,2400000,0xe0000
1781180951,55.4,2400000,0xe0000
1781180952,54.9,2400000,0xe0000
1781180953,56.0,2400000,0xe0000
1781180954,56.0,2400000,0xe0000
1781180955,56.0,2400000,0xe0000
1781180956,56.5,2400000,0xe0000
1781180957,56.0,2400000,0xe0000
1781180958,55.4,2400000,0xe0000
1781180959,55.4,2400000,0xe0000
1781180960,56.0,2400000,0xe0000
1781180961,55.4,2400000,0xe0000
1781180963,56.0,2400000,0xe0000
1781180964,55.4,2400000,0xe0000
1781180965,55.4,2400000,0xe0000
1781180966,56.0,2400000,0xe0000
1781180967,56.0,2400000,0xe0000
1781180968,55.4,2400000,0xe0000
1781180969,55.4,2400000,0xe0000
1781180970,56.0,2400000,0xe0000
1781180971,56.0,2400000,0xe0000
1781180972,56.0,2400000,0xe0000
1781180973,56.0,2400000,0xe0000
1781180974,55.4,2400000,0xe0000
1781180975,56.0,2400000,0xe0000
1781180976,56.0,2400000,0xe0000
1781180977,55.4,2400000,0xe0000
1781180978,56.0,2400000,0xe0000
1781180979,56.0,2400000,0xe0000
1781180981,56.5,2400000,0xe0000
1781180982,56.5,2400000,0xe0000
1781180983,56.0,2400000,0xe0000
1781180984,55.4,2400000,0xe0000
1781180985,55.4,2400000,0xe0000
1781180986,56.0,2400000,0xe0000
1781180987,54.9,2400000,0xe0000
1781180988,55.4,2400000,0xe0000
1781180989,56.5,2400000,0xe0000
1781180990,55.4,2400000,0xe0000
1781180991,56.5,2400000,0xe0000
1781180992,55.4,2400000,0xe0000
1781180993,56.0,2400000,0xe0000
1781180994,55.4,2400000,0xe0000
1781180995,56.0,2400000,0xe0000
1781180996,55.4,2400000,0xe0000
1781180997,55.4,2400000,0xe0000
1781180998,55.4,2400000,0xe0000
1781180999,56.0,2400000,0xe0000
1781181000,55.4,2400000,0xe0000
1781181001,55.4,2400000,0xe0000
1781181002,55.4,2400000,0xe0000
1781181003,56.0,2400000,0xe0000
1781181004,56.0,2400000,0xe0000
1781181006,56.5,2400000,0xe0000
1781181007,55.4,2400000,0xe0000
1781181008,56.0,2400000,0xe0000
1781181009,56.5,2400000,0xe0000
1781181010,56.0,2400000,0xe0000
1781181011,55.4,2400000,0xe0000
1781181012,56.0,2400000,0xe0000
1781181013,56.0,2400000,0xe0000
1781181014,54.9,2400000,0xe0000
1781181015,56.0,2400000,0xe0000
1781181016,55.4,2400000,0xe0000
1781181017,56.0,2400000,0xe0000
1781181018,56.0,2400000,0xe0000
1781181019,55.4,2400000,0xe0000
1781181020,56.0,2400000,0xe0000
1781181021,56.0,2400000,0xe0000
1781181022,56.0,2400000,0xe0000
1781181023,56.0,2400000,0xe0000
1781181024,56.0,2400000,0xe0000
1781181025,55.4,2400000,0xe0000
1781181026,56.5,2400000,0xe0000
1781181027,56.0,2400000,0xe0000
1781181028,56.0,2400000,0xe0000
1781181029,56.0,2400000,0xe0000
1781181030,56.0,2400000,0xe0000
1781181032,55.4,2400000,0xe0000
1781181033,55.4,2400000,0xe0000
1781181034,55.4,2400000,0xe0000
1781181035,56.0,2400000,0xe0000
1781181036,55.4,2400000,0xe0000
1781181037,56.5,2400000,0xe0000
1781181038,55.4,2400000,0xe0000
1781181039,56.5,2400000,0xe0000
1781181040,56.0,2400000,0xe0000
1781181041,56.0,2400000,0xe0000
1781181042,56.0,2400000,0xe0000
1781181043,55.4,2400000,0xe0000
1781181044,55.4,2400000,0xe0000
1781181045,56.5,2400000,0xe0000
1781181046,56.5,2400000,0xe0000
1781181047,55.4,2400000,0xe0000
1781181048,56.0,2400000,0xe0000
1781181049,56.5,2400000,0xe0000
1781181050,55.4,2400000,0xe0000
1781181051,55.4,2400000,0xe0000
1781181052,56.0,2400000,0xe0000
1781181053,55.4,2400000,0xe0000
1781181054,56.0,2400000,0xe0000
1781181055,56.0,2400000,0xe0000
1781181056,56.0,2400000,0xe0000
1781181058,56.5,2400000,0xe0000
1781181059,56.0,2400000,0xe0000
1781181060,55.4,2400000,0xe0000
1781181061,56.0,2400000,0xe0000
1781181062,56.5,2400000,0xe0000
1781181063,56.0,2400000,0xe0000
1781181064,56.0,2400000,0xe0000
1781181065,56.0,2400000,0xe0000
1781181066,56.0,2400000,0xe0000
1781181067,56.0,2400000,0xe0000
1781181068,56.0,2400000,0xe0000
1781181069,55.4,2400000,0xe0000
1781181070,55.4,2400000,0xe0000
1781181071,56.0,2400000,0xe0000
1781181072,55.4,2400000,0xe0000
1781181073,56.5,2400000,0xe0000
1781181074,56.0,2400000,0xe0000
1781181075,56.0,2400000,0xe0000
1781181076,56.0,2400000,0xe0000
1781181077,55.4,2400000,0xe0000
1781181078,55.4,2400000,0xe0000
1781181079,56.0,2400000,0xe0000
1781181080,56.0,2400000,0xe0000
1781181081,56.5,2400000,0xe0000
1781181082,56.0,2400000,0xe0000
1781181084,55.4,2400000,0xe0000
1781181085,56.0,2400000,0xe0000
1781181086,56.0,2400000,0xe0000
1781181087,56.0,2400000,0xe0000
1781181088,56.0,2400000,0xe0000
1781181089,56.0,2400000,0xe0000
1781181090,55.4,2400000,0xe0000
1781181091,54.9,2400000,0xe0000
1781181092,56.0,2400000,0xe0000
1781181093,55.4,2400000,0xe0000
1781181094,55.4,2400000,0xe0000
1781181095,56.0,2400000,0xe0000
1781181096,54.9,2400000,0xe0000
1781181097,56.0,2400000,0xe0000
1781181098,56.0,2400000,0xe0000
1781181099,56.5,2400000,0xe0000
1781181100,56.0,2400000,0xe0000
1781181101,54.9,2400000,0xe0000
1781181102,56.0,2400000,0xe0000
1781181103,55.4,2400000,0xe0000
1781181104,56.0,2400000,0xe0000
1781181105,56.0,2400000,0xe0000
1781181106,56.0,2400000,0xe0000
1781181107,55.4,2400000,0xe0000
1781181108,56.0,2400000,0xe0000
1781181109,56.0,2400000,0xe0000
1781181110,55.4,2400000,0xe0000
1781181111,56.0,2400000,0xe0000
1781181112,56.0,2400000,0xe0000
1781181114,56.0,2400000,0xe0000
1781181115,55.4,2400000,0xe0000
1781181116,55.4,2400000,0xe0000
1781181117,56.0,2400000,0xe0000
1781181118,56.5,2400000,0xe0000
1781181119,56.5,2400000,0xe0000
1781181120,56.0,2400000,0xe0000
1781181121,56.5,2400000,0xe0000
1781181122,56.0,2400000,0xe0000
1781181123,56.0,2400000,0xe0000
1781181124,54.3,2400000,0xe0000
1781181125,55.4,2400000,0xe0000
1781181126,56.0,2400000,0xe0000
1781181127,56.0,2400000,0xe0000
1781181128,55.4,2400000,0xe0000
1781181129,56.5,2400000,0xe0000
1781181130,56.0,2400000,0xe0000
1781181131,56.5,2400000,0xe0000
1781181132,56.0,2400000,0xe0000
1781181133,56.0,2400000,0xe0000
1781181134,56.0,2400000,0xe0000
1781181135,56.0,2400000,0xe0000
1781181136,56.0,2400000,0xe0000
1781181137,55.4,2400000,0xe0000
1781181138,56.0,2400000,0xe0000
1781181140,56.0,2400000,0xe0000
1781181141,54.9,2400000,0xe0000
1781181142,56.0,2400000,0xe0000
1781181143,56.0,2400000,0xe0000
1781181144,56.0,2400000,0xe0000
1781181145,55.4,2400000,0xe0000
1781181146,56.0,2400000,0xe0000
1781181147,56.0,2400000,0xe0000
1781181148,56.0,2400000,0xe0000
1781181149,55.4,2400000,0xe0000
1781181150,56.0,2400000,0xe0000
1781181151,56.0,2400000,0xe0000
1781181152,56.0,2400000,0xe0000
1781181153,54.9,2400000,0xe0000
1781181154,55.4,2400000,0xe0000
1781181155,55.4,2400000,0xe0000
1781181156,56.0,2400000,0xe0000
1781181157,56.0,2400000,0xe0000
1781181158,56.0,2400000,0xe0000
1781181159,56.0,2400000,0xe0000
1781181160,55.4,2400000,0xe0000
1781181161,56.0,2400000,0xe0000
1781181162,55.4,2400000,0xe0000
1781181163,56.0,2400000,0xe0000
1781181165,56.0,2400000,0xe0000
1781181166,56.0,2400000,0xe0000
1781181167,56.0,2400000,0xe0000
1781181168,56.5,2400000,0xe0000
1781181169,56.5,2400000,0xe0000
1781181170,55.4,2400000,0xe0000
1781181171,56.0,2400000,0xe0000
1781181172,55.4,2400000,0xe0000
1781181173,55.4,2400000,0xe0000
1781181174,55.4,2400000,0xe0000
1781181175,56.0,2400000,0xe0000
1781181176,55.4,2400000,0xe0000
1781181177,55.4,2400000,0xe0000
1781181178,56.0,2400000,0xe0000
1781181179,56.0,2400000,0xe0000
1781181180,55.4,2400000,0xe0000
1781181181,55.4,2400000,0xe0000
1781181182,56.0,2400000,0xe0000
1781181183,56.0,2400000,0xe0000
1781181185,56.0,2400000,0xe0000
1781181186,56.5,2400000,0xe0000
1781181187,56.0,2400000,0xe0000
1781181188,55.4,2400000,0xe0000
1781181189,56.0,2400000,0xe0000
1781181190,56.5,2400000,0xe0000
1781181191,55.4,2400000,0xe0000
1781181192,56.0,2400000,0xe0000
1781181193,55.4,2400000,0xe0000
1781181194,56.0,2400000,0xe0000
1781181195,56.0,2400000,0xe0000
1781181196,56.0,2400000,0xe0000
1781181197,54.9,2400000,0xe0000
1781181198,56.5,2400000,0xe0000
1781181199,56.5,2400000,0xe0000
1781181200,56.0,2400000,0xe0000
1781181201,56.0,2400000,0xe0000
1781181202,56.5,2400000,0xe0000
1781181203,55.4,2400000,0xe0000
1781181204,55.4,2400000,0xe0000
1781181205,56.0,2400000,0xe0000
1781181206,54.9,2400000,0xe0000
1781181207,56.0,2400000,0xe0000
1781181208,56.0,2400000,0xe0000
1781181209,56.0,2400000,0xe0000
1781181210,56.0,2400000,0xe0000
1781181211,56.0,2400000,0xe0000
1781181212,54.3,2400000,0xe0000
1781181214,55.4,2400000,0xe0000
1781181215,56.0,2400000,0xe0000
1781181216,56.0,2400000,0xe0000
1781181217,56.0,2400000,0xe0000
1781181218,56.0,2400000,0xe0000
1781181219,56.0,2400000,0xe0000
1781181220,54.9,2400000,0xe0000
1781181221,56.5,2400000,0xe0000
1781181222,56.0,2400000,0xe0000
1781181223,55.4,2400000,0xe0000
1781181224,55.4,2400000,0xe0000
1781181225,56.0,2400000,0xe0000
1781181226,55.4,2400000,0xe0000
1781181227,54.9,2400000,0xe0000
1781181228,56.0,2400000,0xe0000
1781181229,55.4,2400000,0xe0000
1781181230,55.4,2400000,0xe0000
1781181231,56.0,2400000,0xe0000
1781181232,56.0,2400000,0xe0000
1781181233,56.0,2400000,0xe0000
1781181234,54.9,2400000,0xe0000
1781181235,56.0,2400000,0xe0000
1781181236,56.0,2400000,0xe0000
1781181238,55.4,2400000,0xe0000
1781181239,56.0,2400000,0xe0000
1781181240,55.4,2400000,0xe0000
1781181241,56.0,2400000,0xe0000
1781181242,56.0,2400000,0xe0000
1781181243,55.4,2400000,0xe0000
1781181244,55.4,2400000,0xe0000
1781181245,55.4,2400000,0xe0000
1781181246,56.0,2400000,0xe0000
1781181247,56.0,2400000,0xe0000
1781181248,55.4,2400000,0xe0000
1781181249,56.0,2400000,0xe0000
1781181250,54.9,2400000,0xe0000
1781181251,56.0,2400000,0xe0000
1781181252,56.0,2400000,0xe0000
1781181253,56.0,2400000,0xe0000
1781181254,56.0,2400000,0xe0000
1781181255,56.0,2400000,0xe0000
1781181256,55.4,2400000,0xe0000
1781181257,55.4,2400000,0xe0000
1781181258,55.4,2400000,0xe0000
1781181260,56.0,2400000,0xe0000
1781181261,56.5,2400000,0xe0000
1781181262,55.4,2400000,0xe0000
1781181263,56.0,2400000,0xe0000
1781181264,56.0,2400000,0xe0000
1781181265,55.4,2400000,0xe0000
1781181266,56.0,2400000,0xe0000
1781181267,56.0,2400000,0xe0000
1781181268,54.9,2400000,0xe0000
1781181269,56.0,2400000,0xe0000
1781181270,56.5,2400000,0xe0000
1781181271,56.0,2400000,0xe0000
1781181272,55.4,2400000,0xe0000
1781181273,56.5,2400000,0xe0000
1781181274,55.4,2400000,0xe0000
1781181275,54.9,2400000,0xe0000
1781181276,55.4,2400000,0xe0000
1781181277,55.4,2400000,0xe0000
1781181278,55.4,2400000,0xe0000
1781181279,56.0,2400000,0xe0000
1781181280,55.4,2400000,0xe0000
1781181281,56.0,2400000,0xe0000
1781181282,56.0,2400000,0xe0000
1781181284,56.0,2400000,0xe0000
1781181285,56.5,2400000,0xe0000
1781181286,55.4,2400000,0xe0000
1781181287,55.4,2400000,0xe0000
1781181288,55.4,2400000,0xe0000
1781181289,56.0,2400000,0xe0000
1781181290,56.0,2400000,0xe0000
1781181291,55.4,2400000,0xe0000
1781181292,56.5,2400000,0xe0000
1781181293,56.0,2400000,0xe0000
1781181294,54.9,2400000,0xe0000
1781181295,55.4,2400000,0xe0000
1781181296,56.0,2400000,0xe0000
1781181297,55.4,2400000,0xe0000
1781181298,55.4,2400000,0xe0000
1781181299,55.4,2400000,0xe0000
1781181300,55.4,2400000,0xe0000
1781181301,56.0,2400000,0xe0000
1781181302,55.4,2400000,0xe0000
1781181303,56.0,2400000,0xe0000
1781181305,54.9,2400000,0xe0000
1781181306,56.5,2400000,0xe0000
1781181307,56.5,2400000,0xe0000
1781181308,56.5,2400000,0xe0000
1781181309,56.5,2400000,0xe0000
1781181310,55.4,2400000,0xe0000
1781181311,56.5,2400000,0xe0000
1781181312,55.4,2400000,0xe0000
1781181313,56.0,2400000,0xe0000
1781181314,55.4,2400000,0xe0000
1781181315,56.0,2400000,0xe0000
1781181316,56.0,2400000,0xe0000
1781181317,55.4,2400000,0xe0000
1781181318,56.0,2400000,0xe0000
1781181319,55.4,2400000,0xe0000
1781181320,56.0,2400000,0xe0000
1781181321,56.0,2400000,0xe0000
1781181322,56.0,2400000,0xe0000
1781181323,56.5,2400000,0xe0000
1781181325,56.0,2400000,0xe0000
1781181326,56.0,2400000,0xe0000
1781181327,55.4,2400000,0xe0000
1781181328,55.4,2400000,0xe0000
1781181329,55.4,2400000,0xe0000
1781181330,55.4,2400000,0xe0000
1781181331,56.0,2400000,0xe0000
1781181332,56.0,2400000,0xe0000
1781181333,54.9,2400000,0xe0000
1781181334,56.0,2400000,0xe0000
1781181335,55.4,2400000,0xe0000
1781181336,54.3,2400000,0xe0000
1781181337,56.0,2400000,0xe0000
1781181338,55.4,2400000,0xe0000
1781181339,55.4,2400000,0xe0000
1781181340,56.0,2400000,0xe0000
1781181341,56.5,2400000,0xe0000
1781181342,55.4,2400000,0xe0000
1781181343,56.0,2400000,0xe0000
1781181345,54.9,2400000,0xe0000
1781181346,56.0,2400000,0xe0000
1781181347,56.0,2400000,0xe0000
1781181348,56.5,2400000,0xe0000
1781181349,56.0,2400000,0xe0000
1781181350,55.4,2400000,0xe0000
1781181351,55.4,2400000,0xe0000
1781181352,55.4,2400000,0xe0000
1781181353,56.0,2400000,0xe0000
1781181354,56.0,2400000,0xe0000
1781181355,56.0,2400000,0xe0000
1781181356,56.0,2400000,0xe0000
1781181357,56.0,2400000,0xe0000
1781181358,54.9,2400000,0xe0000
1781181359,56.0,2400000,0xe0000
1781181360,56.0,2400000,0xe0000
1781181361,55.4,2400000,0xe0000
1781181362,56.0,2400000,0xe0000
1781181363,56.0,2400000,0xe0000
1781181364,56.0,2400000,0xe0000
1781181365,54.9,2400000,0xe0000
1781181366,56.0,2400000,0xe0000
1781181367,56.0,2400000,0xe0000
1781181368,55.4,2400000,0xe0000
1781181369,56.0,2400000,0xe0000
1781181370,55.4,2400000,0xe0000
1781181371,55.4,2400000,0xe0000
1781181372,55.4,2400000,0xe0000
1781181373,55.4,2400000,0xe0000
1781181374,55.4,2400000,0xe0000
1781181375,56.5,2400000,0xe0000
1781181377,55.4,2400000,0xe0000
1781181378,56.5,2400000,0xe0000
1781181379,56.0,2400000,0xe0000
1781181380,56.0,2400000,0xe0000
1781181381,56.0,2400000,0xe0000
1781181382,55.4,2400000,0xe0000
1781181383,56.0,2400000,0xe0000
1781181384,55.4,2400000,0xe0000
1781181385,56.0,2400000,0xe0000
1781181386,56.0,2400000,0xe0000
1781181387,55.4,2400000,0xe0000
1781181388,56.0,2400000,0xe0000
1781181389,56.0,2400000,0xe0000
1781181390,56.0,2400000,0xe0000
1781181391,56.0,2400000,0xe0000
1781181392,56.5,2400000,0xe0000
1781181394,56.0,2400000,0xe0000
1781181395,55.4,2400000,0xe0000
1781181396,55.4,2400000,0xe0000
1781181397,55.4,2400000,0xe0000
1781181398,56.0,2400000,0xe0000
1781181399,56.0,2400000,0xe0000
1781181400,56.0,2400000,0xe0000
1781181401,56.0,2400000,0xe0000
1781181402,55.4,2400000,0xe0000
1781181403,55.4,2400000,0xe0000
1781181404,56.0,2400000,0xe0000
1781181405,56.0,2400000,0xe0000
1781181406,56.0,2400000,0xe0000
1781181407,55.4,2400000,0xe0000
1781181408,56.0,2400000,0xe0000
1781181409,56.0,2400000,0xe0000
1781181410,56.0,2400000,0xe0000
1781181411,55.4,2400000,0xe0000
1781181412,55.4,2400000,0xe0000
1781181413,56.0,2400000,0xe0000
1781181414,56.0,2400000,0xe0000
1781181415,56.0,2400000,0xe0000
1781181416,55.4,2400000,0xe0000
1781181417,56.0,2400000,0xe0000
1781181418,56.0,2400000,0xe0000
1781181419,56.0,2400000,0xe0000
1781181420,55.4,2400000,0xe0000
1781181421,55.4,2400000,0xe0000
1781181422,55.4,2400000,0xe0000
1781181424,56.0,2400000,0xe0000
1781181425,55.4,2400000,0xe0000
1781181426,56.0,2400000,0xe0000
1781181427,56.5,2400000,0xe0000
1781181428,56.0,2400000,0xe0000
1781181429,56.0,2400000,0xe0000
1781181430,55.4,2400000,0xe0000
1781181431,56.0,2400000,0xe0000
1781181432,54.9,2400000,0xe0000
1781181433,56.0,2400000,0xe0000
1781181434,56.0,2400000,0xe0000
1781181435,56.0,2400000,0xe0000
1781181436,55.4,2400000,0xe0000
1781181437,56.0,2400000,0xe0000
1781181438,55.4,2400000,0xe0000
1781181439,55.4,2400000,0xe0000
1781181440,55.4,2400000,0xe0000
1781181441,55.4,2400000,0xe0000
1781181442,55.4,2400000,0xe0000
1781181443,56.0,2400000,0xe0000
1781181444,55.4,2400000,0xe0000
1781181445,56.5,2400000,0xe0000
1781181446,56.0,2400000,0xe0000
1781181447,55.4,2400000,0xe0000
1781181448,56.0,2400000,0xe0000
1781181450,56.0,2400000,0xe0000
1781181451,56.0,2400000,0xe0000
1781181452,56.0,2400000,0xe0000
1781181453,56.0,2400000,0xe0000
1781181454,56.0,2400000,0xe0000
1781181455,55.4,2400000,0xe0000
1781181456,56.0,2400000,0xe0000
1781181457,55.4,2400000,0xe0000
1781181458,56.0,2400000,0xe0000
1781181459,55.4,2400000,0xe0000
1781181460,55.4,2400000,0xe0000
1781181461,56.0,2400000,0xe0000
1781181462,56.0,2400000,0xe0000
1781181463,56.0,2400000,0xe0000
1781181464,55.4,2400000,0xe0000
1781181465,56.0,2400000,0xe0000
1781181466,56.0,2400000,0xe0000
1781181467,54.9,2400000,0xe0000
1781181468,54.3,2400000,0xe0000
1781181469,56.0,2400000,0xe0000
1781181470,56.0,2400000,0xe0000
1781181471,55.4,2400000,0xe0000
1781181472,54.9,2400000,0xe0000
1781181474,56.0,2400000,0xe0000
1781181475,55.4,2400000,0xe0000
1781181476,55.4,2400000,0xe0000
1781181477,56.5,2400000,0xe0000
1781181478,56.0,2400000,0xe0000
1781181479,55.4,2400000,0xe0000
1781181480,55.4,2400000,0xe0000
1781181481,54.9,2400000,0xe0000
1781181482,56.0,2400000,0xe0000
1781181483,56.0,2400000,0xe0000
1781181484,55.4,2400000,0xe0000
1781181485,54.9,2400000,0xe0000
1781181486,55.4,2400000,0xe0000
1781181487,56.0,2400000,0xe0000
1781181488,54.9,2400000,0xe0000
1781181489,56.0,2400000,0xe0000
1781181490,55.4,2400000,0xe0000
1781181491,56.0,2400000,0xe0000
1781181492,56.0,2400000,0xe0000
1781181493,56.0,2400000,0xe0000
1781181494,55.4,2400000,0xe0000
1781181495,56.0,2400000,0xe0000
1781181496,56.0,2400000,0xe0000
1781181497,56.0,2400000,0xe0000
1781181499,55.4,2400000,0xe0000
1781181500,54.9,2400000,0xe0000
1781181501,56.0,2400000,0xe0000
1781181502,55.4,2400000,0xe0000
1781181503,56.0,2400000,0xe0000
1781181504,55.4,2400000,0xe0000
1781181505,56.0,2400000,0xe0000
1781181506,55.4,2400000,0xe0000
1781181507,56.0,2400000,0xe0000
1781181508,55.4,2400000,0xe0000
1781181509,55.4,2400000,0xe0000
1781181510,56.0,2400000,0xe0000
1781181511,56.0,2400000,0xe0000
1781181512,55.4,2400000,0xe0000
1781181513,55.4,2400000,0xe0000
1781181514,56.0,2400000,0xe0000
1781181515,55.4,2400000,0xe0000
1781181516,56.0,2400000,0xe0000
1781181517,55.4,2400000,0xe0000
1781181518,55.4,2400000,0xe0000
1781181519,56.0,2400000,0xe0000
1781181520,55.4,2400000,0xe0000
1781181521,56.0,2400000,0xe0000
1781181522,56.0,2400000,0xe0000
1781181523,56.0,2400000,0xe0000
1781181524,56.0,2400000,0xe0000
1781181525,56.0,2400000,0xe0000
1781181527,54.3,2400000,0xe0000
1781181528,55.4,2400000,0xe0000
1781181529,56.0,2400000,0xe0000
1781181530,56.0,2400000,0xe0000
1781181531,56.0,2400000,0xe0000
1781181532,56.0,2400000,0xe0000
1781181533,56.0,2400000,0xe0000
1781181534,55.4,2400000,0xe0000
1781181535,56.0,2400000,0xe0000
1781181536,56.0,2400000,0xe0000
1781181537,56.0,2400000,0xe0000
1781181538,56.0,2400000,0xe0000
1781181539,56.0,2400000,0xe0000
1781181540,56.0,2400000,0xe0000
1781181541,56.0,2400000,0xe0000
1781181542,55.4,2400000,0xe0000
1781181543,55.4,2400000,0xe0000
1781181544,55.4,2400000,0xe0000
1781181545,56.0,2400000,0xe0000
1781181547,56.0,2400000,0xe0000
1781181548,56.0,2400000,0xe0000
1781181549,56.0,2400000,0xe0000
1781181550,55.4,2400000,0xe0000
1781181551,56.0,2400000,0xe0000
1781181552,56.0,2400000,0xe0000
1781181553,56.0,2400000,0xe0000
1781181554,56.0,2400000,0xe0000
1781181555,56.0,2400000,0xe0000
1781181556,55.4,2400000,0xe0000
1781181557,56.0,2400000,0xe0000
1781181558,56.0,2400000,0xe0000
1781181559,55.4,2400000,0xe0000
1781181560,55.4,2400000,0xe0000
1781181561,56.0,2400000,0xe0000
1781181562,56.5,2400000,0xe0000
1781181563,54.9,2400000,0xe0000
1781181564,56.0,2400000,0xe0000
1781181565,55.4,2400000,0xe0000
1781181566,56.0,2400000,0xe0000
1781181568,56.0,2400000,0xe0000
1781181569,56.0,2400000,0xe0000
1781181570,56.0,2400000,0xe0000
1781181571,56.0,2400000,0xe0000
1781181572,56.0,2400000,0xe0000
1781181573,55.4,2400000,0xe0000
1781181574,55.4,2400000,0xe0000
1781181575,56.0,2400000,0xe0000
1781181576,55.4,2400000,0xe0000
1781181577,56.0,2400000,0xe0000
1781181578,56.5,2400000,0xe0000
1781181579,56.0,2400000,0xe0000
1781181580,56.0,2400000,0xe0000
1781181581,56.0,2400000,0xe0000
1781181582,56.0,2400000,0xe0000
1781181583,54.9,2400000,0xe0000
1781181584,54.9,2400000,0xe0000
1781181585,55.4,2400000,0xe0000
1781181586,55.4,2400000,0xe0000
1781181588,56.5,2400000,0xe0000
1781181589,55.4,2400000,0xe0000
1781181590,55.4,2400000,0xe0000
1781181591,56.5,2400000,0xe0000
1781181592,56.0,2400000,0xe0000
1781181593,56.0,2400000,0xe0000
1781181594,55.4,2400000,0xe0000
1781181595,56.0,2400000,0xe0000
1781181596,56.0,2400000,0xe0000
1781181597,54.9,2400000,0xe0000
1781181598,56.0,2400000,0xe0000
1781181599,56.0,2400000,0xe0000
1781181600,56.0,2400000,0xe0000
1781181601,56.5,2400000,0xe0000
1781181602,55.4,2400000,0xe0000
1781181603,56.0,2400000,0xe0000
1781181604,56.0,2400000,0xe0000
1781181606,56.0,2400000,0xe0000
1781181607,55.4,2400000,0xe0000
1781181608,56.0,2400000,0xe0000
1781181609,55.4,2400000,0xe0000
1781181610,55.4,2400000,0xe0000
1781181611,55.4,2400000,0xe0000
1781181612,56.0,2400000,0xe0000
1781181613,55.4,2400000,0xe0000
1781181614,55.4,2400000,0xe0000
1781181615,56.0,2400000,0xe0000
1781181616,56.0,2400000,0xe0000
1781181617,56.0,2400000,0xe0000
1781181618,56.5,2400000,0xe0000
1781181619,54.9,2400000,0xe0000
1781181620,56.0,2400000,0xe0000
1781181621,56.0,2400000,0xe0000
1781181622,54.9,2400000,0xe0000
1781181623,55.4,2400000,0xe0000
1781181624,55.4,2400000,0xe0000
1781181625,56.0,2400000,0xe0000
1781181626,56.0,2400000,0xe0000
1781181627,55.4,2400000,0xe0000
1781181628,56.0,2400000,0xe0000
1781181629,56.0,2400000,0xe0000
1781181630,56.0,2400000,0xe0000
1781181631,56.0,2400000,0xe0000
1781181632,56.0,2400000,0xe0000
1781181633,55.4,2400000,0xe0000
1781181635,56.0,2400000,0xe0000
1781181636,55.4,2400000,0xe0000
1781181637,55.4,2400000,0xe0000
1781181638,55.4,2400000,0xe0000
1781181639,56.0,2400000,0xe0000
1781181640,55.4,2400000,0xe0000
1781181641,55.4,2400000,0xe0000
1781181642,55.4,2400000,0xe0000
1781181643,56.0,2400000,0xe0000
1781181644,56.0,2400000,0xe0000
1781181645,54.9,2400000,0xe0000
1781181646,56.0,2400000,0xe0000
1781181647,56.0,2400000,0xe0000
1781181648,56.0,2400000,0xe0000
1781181649,55.4,2400000,0xe0000
1781181650,56.0,2400000,0xe0000
1781181651,56.0,2400000,0xe0000
1781181652,56.0,2400000,0xe0000
1781181653,56.0,2400000,0xe0000
1781181655,56.0,2400000,0xe0000
1781181656,55.4,2400000,0xe0000
1781181657,56.0,2400000,0xe0000
1781181658,56.0,2400000,0xe0000
1781181659,56.0,2400000,0xe0000
1781181660,56.0,2400000,0xe0000
1781181661,56.0,2400000,0xe0000
1781181662,56.0,2400000,0xe0000
1781181663,56.0,2400000,0xe0000
1781181664,56.0,2400000,0xe0000
1781181665,56.5,2400000,0xe0000
1781181666,56.0,2400000,0xe0000
1781181667,56.0,2400000,0xe0000
1781181668,56.0,2400000,0xe0000
1781181669,56.0,2400000,0xe0000
1781181670,55.4,2400000,0xe0000
1781181671,55.4,2400000,0xe0000
1781181672,56.0,2400000,0xe0000
1781181673,56.5,2400000,0xe0000
1781181674,55.4,2400000,0xe0000
1781181675,55.4,2400000,0xe0000
1781181676,55.4,2400000,0xe0000
1781181677,54.9,2400000,0xe0000
1781181678,56.0,2400000,0xe0000
1781181679,55.4,2400000,0xe0000
1781181680,54.3,2400000,0xe0000
1781181681,56.0,2400000,0xe0000
1781181683,54.3,2400000,0xe0000
1781181684,56.0,2400000,0xe0000
1781181685,55.4,2400000,0xe0000
1781181686,56.0,2400000,0xe0000
1781181687,56.0,2400000,0xe0000
1781181688,55.4,2400000,0xe0000
1781181689,54.9,2400000,0xe0000
1781181690,54.9,2400000,0xe0000
1781181691,55.4,2400000,0xe0000
1781181692,55.4,2400000,0xe0000
1781181693,56.0,2400000,0xe0000
1781181694,55.4,2400000,0xe0000
1781181695,56.0,2400000,0xe0000
1781181696,55.4,2400000,0xe0000
1781181697,56.0,2400000,0xe0000
1781181698,56.0,2400000,0xe0000
1781181699,56.0,2400000,0xe0000
1781181700,57.1,2400000,0xe0000
1781181701,56.0,2400000,0xe0000
1781181702,56.0,2400000,0xe0000
1781181703,54.9,2400000,0xe0000
1781181705,54.9,2400000,0xe0000
1781181706,54.9,2400000,0xe0000
1781181707,56.0,2400000,0xe0000
1781181708,55.4,2400000,0xe0000
1781181709,54.9,2400000,0xe0000
1781181710,55.4,2400000,0xe0000
1781181711,56.0,2400000,0xe0000
1781181712,56.0,2400000,0xe0000
1781181713,55.4,2400000,0xe0000
1781181714,56.0,2400000,0xe0000
1781181715,55.4,2400000,0xe0000
1781181716,54.9,2400000,0xe0000
1781181717,54.9,2400000,0xe0000
1781181718,55.4,2400000,0xe0000
1781181719,55.4,2400000,0xe0000
1781181720,56.0,2400000,0xe0000
1781181721,54.9,2400000,0xe0000
1781181722,56.0,2400000,0xe0000
1781181723,56.0,2400000,0xe0000
1781181724,55.4,2400000,0xe0000
1781181725,55.4,2400000,0xe0000
1781181726,56.0,2400000,0xe0000
1781181727,56.0,2400000,0xe0000
1781181728,55.4,2400000,0xe0000
1781181729,56.0,2400000,0xe0000
1781181730,55.4,2400000,0xe0000
1781181731,56.0,2400000,0xe0000
1781181732,56.0,2400000,0xe0000
1781181733,56.0,2400000,0xe0000
1781181735,56.0,2400000,0xe0000
1781181736,56.5,2400000,0xe0000
1781181737,55.4,2400000,0xe0000
1781181738,56.0,2400000,0xe0000
1781181739,56.0,2400000,0xe0000
1781181740,56.0,2400000,0xe0000
1781181741,56.0,2400000,0xe0000
1781181742,56.0,2400000,0xe0000
1781181743,55.4,2400000,0xe0000
1781181744,55.4,2400000,0xe0000
1781181745,55.4,2400000,0xe0000
1781181746,55.4,2400000,0xe0000
1781181747,55.4,2400000,0xe0000
1781181748,56.0,2400000,0xe0000
1781181749,55.4,2400000,0xe0000
1781181750,54.3,2400000,0xe0000
1781181751,56.0,2400000,0xe0000
1781181752,56.0,2400000,0xe0000
1781181753,56.0,2400000,0xe0000
1781181754,56.0,2400000,0xe0000
1781181755,56.0,2400000,0xe0000
1781181756,56.0,2400000,0xe0000
1781181757,56.0,2400000,0xe0000
1781181758,56.0,2400000,0xe0000
1781181759,54.3,2400000,0xe0000
1781181760,56.0,2400000,0xe0000
1781181762,56.0,2400000,0xe0000
1781181763,56.0,2400000,0xe0000
1781181764,55.4,2400000,0xe0000
1781181765,55.4,2400000,0xe0000
1781181766,56.0,2400000,0xe0000
1781181767,54.3,2400000,0xe0000
1781181768,55.4,2400000,0xe0000
1781181769,55.4,2400000,0xe0000
1781181770,56.0,2400000,0xe0000
1781181771,55.4,2400000,0xe0000
1781181772,56.0,2400000,0xe0000
1781181773,56.0,2400000,0xe0000
1781181774,57.1,2400000,0xe0000
1781181775,55.4,2400000,0xe0000
1781181776,55.4,2400000,0xe0000
1781181777,56.0,2400000,0xe0000
1781181778,55.4,2400000,0xe0000
1781181779,54.9,2400000,0xe0000
1781181780,55.4,2400000,0xe0000
1781181782,55.4,2400000,0xe0000
1781181783,55.4,2400000,0xe0000
1781181784,56.0,2400000,0xe0000
1781181785,55.4,2400000,0xe0000
1781181786,56.0,2400000,0xe0000
1781181787,56.0,2400000,0xe0000
1781181788,54.3,2400000,0xe0000
1781181789,54.9,2400000,0xe0000
1781181790,55.4,2400000,0xe0000
1781181791,56.0,2400000,0xe0000
1781181792,56.0,2400000,0xe0000
1781181793,54.3,2400000,0xe0000
1781181794,56.0,2400000,0xe0000
1781181795,55.4,2400000,0xe0000
1781181796,55.4,2400000,0xe0000
1781181797,56.0,2400000,0xe0000
1781181798,56.0,2400000,0xe0000
1781181799,56.5,2400000,0xe0000
1781181800,56.0,2400000,0xe0000
1781181801,57.1,2400000,0xe0000
1781181802,56.0,2400000,0xe0000
1781181804,55.4,2400000,0xe0000
1781181805,55.4,2400000,0xe0000
1781181806,55.4,2400000,0xe0000
1781181807,54.3,2400000,0xe0000
1781181808,55.4,2400000,0xe0000
1781181809,56.0,2400000,0xe0000
1781181810,55.4,2400000,0xe0000
1781181811,55.4,2400000,0xe0000
1781181812,56.0,2400000,0xe0000
1781181813,56.0,2400000,0xe0000
1781181814,55.4,2400000,0xe0000
1781181815,55.4,2400000,0xe0000
1781181816,56.0,2400000,0xe0000
1781181817,56.0,2400000,0xe0000
1781181818,56.0,2400000,0xe0000
1781181819,56.0,2400000,0xe0000
1781181820,55.4,2400000,0xe0000
1781181821,54.9,2400000,0xe0000
1781181822,56.0,2400000,0xe0000
1781181823,56.0,2400000,0xe0000
1781181824,55.4,2400000,0xe0000
1781181825,56.5,2400000,0xe0000
1781181826,55.4,2400000,0xe0000
1781181827,54.9,2400000,0xe0000
1781181828,55.4,2400000,0xe0000
1781181829,55.4,2400000,0xe0000
1781181830,56.0,2400000,0xe0000
1781181832,56.0,2400000,0xe0000
1781181833,56.0,2400000,0xe0000
1781181834,56.0,2400000,0xe0000
1781181835,55.4,2400000,0xe0000
1781181836,56.0,2400000,0xe0000
1781181837,55.4,2400000,0xe0000
1781181838,54.3,2400000,0xe0000
1781181839,56.0,2400000,0xe0000
1781181840,56.0,2400000,0xe0000
1781181841,56.0,2400000,0xe0000
1781181842,56.5,2400000,0xe0000
1781181843,55.4,2400000,0xe0000
1781181844,55.4,2400000,0xe0000
1781181845,54.9,2400000,0xe0000
1781181846,55.4,2400000,0xe0000
1781181847,55.4,2400000,0xe0000
1781181848,54.9,2400000,0xe0000
1781181849,55.4,2400000,0xe0000
1781181850,54.9,2400000,0xe0000
1781181851,55.4,2400000,0xe0000
1781181852,55.4,2400000,0xe0000
1781181854,55.4,2400000,0xe0000
1781181855,55.4,2400000,0xe0000
1781181856,55.4,2400000,0xe0000
1781181857,55.4,2400000,0xe0000
1781181858,55.4,2400000,0xe0000
1781181859,56.5,2400000,0xe0000
1781181860,56.5,2400000,0xe0000
1781181861,56.0,2400000,0xe0000
1781181862,54.9,2400000,0xe0000
1781181863,56.5,2400000,0xe0000
1781181864,56.0,2400000,0xe0000
1781181865,56.0,2400000,0xe0000
1781181866,56.0,2400000,0xe0000
1781181867,56.0,2400000,0xe0000
1781181868,55.4,2400000,0xe0000
1781181869,56.0,2400000,0xe0000
1781181870,54.3,2400000,0xe0000
1781181871,55.4,2400000,0xe0000
1781181872,56.0,2400000,0xe0000
1781181873,56.0,2400000,0xe0000
1781181874,56.0,2400000,0xe0000
1781181875,55.4,2400000,0xe0000
1781181877,56.0,2400000,0xe0000
1781181878,55.4,2400000,0xe0000
1781181879,55.4,2400000,0xe0000
1781181880,54.9,2400000,0xe0000
1781181881,55.4,2400000,0xe0000
1781181882,56.0,2400000,0xe0000
1781181883,55.4,2400000,0xe0000
1781181884,56.0,2400000,0xe0000
1781181885,55.4,2400000,0xe0000
1781181886,55.4,2400000,0xe0000
1781181887,55.4,2400000,0xe0000
1781181888,55.4,2400000,0xe0000
1781181889,56.0,2400000,0xe0000
1781181890,55.4,2400000,0xe0000
1781181891,56.0,2400000,0xe0000
1781181892,54.9,2400000,0xe0000
1781181893,56.0,2400000,0xe0000
1781181894,55.4,2400000,0xe0000
1781181895,56.5,2400000,0xe0000
1781181896,55.4,2400000,0xe0000
1781181897,56.0,2400000,0xe0000
1781181898,55.4,2400000,0xe0000
1781181899,55.4,2400000,0xe0000
1781181900,56.0,2400000,0xe0000
1781181901,55.4,2400000,0xe0000
1781181902,56.0,2400000,0xe0000
1781181903,55.4,2400000,0xe0000
1781181904,55.4,2400000,0xe0000
1781181905,56.0,2400000,0xe0000
1781181906,55.4,2400000,0xe0000
1781181907,55.4,2400000,0xe0000
1781181909,56.0,2400000,0xe0000
1781181910,55.4,2400000,0xe0000
1781181911,56.0,2400000,0xe0000
1781181912,55.4,2400000,0xe0000
1781181913,56.0,2400000,0xe0000
1781181914,56.0,2400000,0xe0000
1781181915,55.4,2400000,0xe0000
1781181916,55.4,2400000,0xe0000
1781181917,56.0,2400000,0xe0000
1781181918,56.0,2400000,0xe0000
1781181919,56.0,2400000,0xe0000
1781181920,56.5,2400000,0xe0000
1781181921,55.4,2400000,0xe0000
1781181922,56.0,2400000,0xe0000
1781181923,56.0,2400000,0xe0000
1781181924,56.0,2400000,0xe0000
1781181925,56.0,2400000,0xe0000
1781181926,54.9,2400000,0xe0000
1781181927,56.0,2400000,0xe0000
1781181928,54.9,2400000,0xe0000
1781181929,56.0,2400000,0xe0000
1781181930,56.5,2400000,0xe0000
1781181931,56.0,2400000,0xe0000
1781181933,56.5,2400000,0xe0000
1781181934,55.4,2400000,0xe0000
1781181935,56.0,2400000,0xe0000
1781181936,56.0,2400000,0xe0000
1781181937,56.0,2400000,0xe0000
1781181938,56.0,2400000,0xe0000
1781181939,55.4,2400000,0xe0000
1781181940,56.0,2400000,0xe0000
1781181941,56.5,2400000,0xe0000
1781181942,55.4,2400000,0xe0000
1781181943,56.0,2400000,0xe0000
1781181944,56.0,2400000,0xe0000
1781181945,56.0,2400000,0xe0000
1781181946,55.4,2400000,0xe0000
1781181947,56.0,2400000,0xe0000
1781181948,56.5,2400000,0xe0000
1781181949,54.3,2400000,0xe0000
1781181950,55.4,2400000,0xe0000
1781181951,55.4,2400000,0xe0000
1781181952,56.0,2400000,0xe0000
1781181953,54.9,2400000,0xe0000
1781181954,56.0,2400000,0xe0000
1781181955,56.0,2400000,0xe0000
1781181956,56.0,2400000,0xe0000
1781181957,56.0,2400000,0xe0000
1781181958,55.4,2400000,0xe0000
1781181959,56.5,2400000,0xe0000
1781181960,56.0,2400000,0xe0000
1781181961,54.9,2400000,0xe0000
1781181962,55.4,2400000,0xe0000
1781181963,55.4,2400000,0xe0000
1781181964,55.4,2400000,0xe0000
1781181965,55.4,2400000,0xe0000
1781181966,56.0,2400000,0xe0000
1781181967,55.4,2400000,0xe0000
1781181969,56.0,2400000,0xe0000
1781181970,54.3,2400000,0xe0000
1781181971,56.0,2400000,0xe0000
1781181972,56.0,2400000,0xe0000
1781181973,55.4,2400000,0xe0000
1781181974,55.4,2400000,0xe0000
1781181975,55.4,2400000,0xe0000
1781181976,56.0,2400000,0xe0000
1781181977,56.0,2400000,0xe0000
1781181978,56.5,2400000,0xe0000
1781181979,56.0,2400000,0xe0000
1781181980,55.4,2400000,0xe0000
1781181981,55.4,2400000,0xe0000
1781181982,56.0,2400000,0xe0000
1781181983,55.4,2400000,0xe0000
1781181984,56.0,2400000,0xe0000
1781181985,56.0,2400000,0xe0000
1781181986,56.0,2400000,0xe0000
1781181987,56.0,2400000,0xe0000
1781181988,55.4,2400000,0xe0000
1781181989,56.0,2400000,0xe0000
1781181990,56.0,2400000,0xe0000
1781181991,55.4,2400000,0xe0000
1781181992,56.0,2400000,0xe0000
1781181993,54.9,2400000,0xe0000
1781181994,56.0,2400000,0xe0000
1781181996,56.0,2400000,0xe0000
1781181997,56.0,2400000,0xe0000
1781181998,56.0,2400000,0xe0000
1781181999,56.0,2400000,0xe0000
1781182000,56.0,2400000,0xe0000
1781182001,54.9,2400000,0xe0000
1781182002,56.0,2400000,0xe0000
1781182003,56.0,2400000,0xe0000
1781182004,55.4,2400000,0xe0000
1781182005,55.4,2400000,0xe0000
1781182006,55.4,2400000,0xe0000
1781182007,55.4,2400000,0xe0000
1781182008,55.4,2400000,0xe0000
1781182009,56.0,2400000,0xe0000
1781182010,55.4,2400000,0xe0000
1781182011,53.8,2400000,0xe0000
1781182012,56.0,2400000,0xe0000
1781182014,56.0,2400000,0xe0000
1781182015,55.4,2400000,0xe0000
1781182016,56.0,2400000,0xe0000
1781182017,56.0,2400000,0xe0000
1781182018,54.9,2400000,0xe0000
1781182019,55.4,2400000,0xe0000
1781182020,54.9,2400000,0xe0000
1781182021,56.0,2400000,0xe0000
1781182022,54.9,2400000,0xe0000
1781182023,56.0,2400000,0xe0000
1781182024,56.0,2400000,0xe0000
1781182025,54.9,2400000,0xe0000
1781182026,56.0,2400000,0xe0000
1781182027,56.5,2400000,0xe0000
1781182028,56.0,2400000,0xe0000
1781182029,55.4,2400000,0xe0000
1781182030,56.0,2400000,0xe0000
1781182032,56.0,2400000,0xe0000
1781182033,55.4,2400000,0xe0000
1781182034,55.4,2400000,0xe0000
1781182035,56.0,2400000,0xe0000
1781182036,56.5,2400000,0xe0000
1781182037,56.0,2400000,0xe0000
1781182038,55.4,2400000,0xe0000
1781182039,56.0,2400000,0xe0000
1781182040,55.4,2400000,0xe0000
1781182041,55.4,2400000,0xe0000
1781182042,56.0,2400000,0xe0000
1781182043,55.4,2400000,0xe0000
1781182044,56.0,2400000,0xe0000
1781182045,55.4,2400000,0xe0000
1781182046,56.0,2400000,0xe0000
1781182047,55.4,2400000,0xe0000
1781182048,55.4,2400000,0xe0000
1781182049,56.0,2400000,0xe0000
1781182050,56.0,2400000,0xe0000
1781182051,55.4,2400000,0xe0000
1781182052,55.4,2400000,0xe0000
1781182053,55.4,2400000,0xe0000
1781182055,56.0,2400000,0xe0000
1781182056,55.4,2400000,0xe0000
1781182057,56.0,2400000,0xe0000
1781182058,54.9,2400000,0xe0000
1781182059,56.0,2400000,0xe0000
1781182060,56.0,2400000,0xe0000
1781182061,54.9,2400000,0xe0000
1781182062,55.4,2400000,0xe0000
1781182063,56.0,2400000,0xe0000
1781182064,54.9,2400000,0xe0000
1781182065,55.4,2400000,0xe0000
1781182066,56.0,2400000,0xe0000
1781182067,56.0,2400000,0xe0000
1781182068,56.0,2400000,0xe0000
1781182069,55.4,2400000,0xe0000
1781182070,56.0,2400000,0xe0000
1781182071,55.4,2400000,0xe0000
1781182072,55.4,2400000,0xe0000
1781182073,55.4,2400000,0xe0000
1781182075,55.4,2400000,0xe0000
1781182076,56.0,2400000,0xe0000
1781182077,55.4,2400000,0xe0000
1781182078,55.4,2400000,0xe0000
1781182079,55.4,2400000,0xe0000
1781182080,56.0,2400000,0xe0000
1781182081,55.4,2400000,0xe0000
1781182082,56.0,2400000,0xe0000
1781182083,55.4,2400000,0xe0000
1781182084,56.0,2400000,0xe0000
1781182085,55.4,2400000,0xe0000
1781182086,55.4,2400000,0xe0000
1781182087,55.4,2400000,0xe0000
1781182088,55.4,2400000,0xe0000
1781182089,55.4,2400000,0xe0000
1781182090,56.0,2400000,0xe0000
1781182091,56.0,2400000,0xe0000
1781182092,55.4,2400000,0xe0000
1781182093,55.4,2400000,0xe0000
1781182094,55.4,2400000,0xe0000
1781182095,55.4,2400000,0xe0000
1781182096,55.4,2400000,0xe0000
1781182097,56.5,2400000,0xe0000
1781182098,55.4,2400000,0xe0000
1781182100,56.0,2400000,0xe0000
1781182101,55.4,2400000,0xe0000
1781182102,56.0,2400000,0xe0000
1781182103,54.9,2400000,0xe0000
1781182104,55.4,2400000,0xe0000
1781182105,56.0,2400000,0xe0000
1781182106,56.0,2400000,0xe0000
1781182107,55.4,2400000,0xe0000
1781182108,56.0,2400000,0xe0000
1781182109,56.0,2400000,0xe0000
1781182110,56.0,2400000,0xe0000
1781182111,56.0,2400000,0xe0000
1781182112,56.0,2400000,0xe0000
1781182113,55.4,2400000,0xe0000
1781182114,55.4,2400000,0xe0000
1781182115,56.0,2400000,0xe0000
1781182116,56.0,2400000,0xe0000
1781182117,56.0,2400000,0xe0000
1781182118,56.0,2400000,0xe0000
1781182119,55.4,2400000,0xe0000
1781182120,56.0,2400000,0xe0000
1781182121,56.0,2400000,0xe0000
1781182123,56.0,2400000,0xe0000
1781182124,55.4,2400000,0xe0000
1781182125,56.0,2400000,0xe0000
1781182126,56.0,2400000,0xe0000
1781182127,54.9,2400000,0xe0000
1781182128,56.0,2400000,0xe0000
1781182129,55.4,2400000,0xe0000
1781182130,55.4,2400000,0xe0000
1781182131,55.4,2400000,0xe0000
1781182132,56.0,2400000,0xe0000
1781182133,55.4,2400000,0xe0000
1781182134,56.0,2400000,0xe0000
1781182135,56.0,2400000,0xe0000
1781182136,56.0,2400000,0xe0000
1781182137,56.0,2400000,0xe0000
1781182138,56.5,2400000,0xe0000
1781182139,56.0,2400000,0xe0000
1781182140,56.0,2400000,0xe0000
1781182141,56.0,2400000,0xe0000
1781182143,55.4,2400000,0xe0000
1781182144,55.4,2400000,0xe0000
1781182145,56.0,2400000,0xe0000
1781182146,56.0,2400000,0xe0000
1781182147,55.4,2400000,0xe0000
1781182148,55.4,2400000,0xe0000
1781182149,56.0,2400000,0xe0000
1781182150,56.0,2400000,0xe0000
1781182151,54.9,2400000,0xe0000
1781182152,56.0,2400000,0xe0000
1781182153,56.0,2400000,0xe0000
1781182154,56.0,2400000,0xe0000
1781182155,55.4,2400000,0xe0000
1781182156,56.0,2400000,0xe0000
1781182157,55.4,2400000,0xe0000
1781182158,56.0,2400000,0xe0000
1781182159,56.0,2400000,0xe0000
1781182160,56.0,2400000,0xe0000
1781182161,56.0,2400000,0xe0000
1781182162,54.9,2400000,0xe0000
1781182163,55.4,2400000,0xe0000
1781182164,55.4,2400000,0xe0000
1781182165,55.4,2400000,0xe0000
1781182166,55.4,2400000,0xe0000
1781182167,56.0,2400000,0xe0000
1781182168,56.0,2400000,0xe0000
1781182169,55.4,2400000,0xe0000
1781182170,56.0,2400000,0xe0000
1781182171,56.0,2400000,0xe0000
1781182173,56.0,2400000,0xe0000
1781182174,55.4,2400000,0xe0000
1781182175,55.4,2400000,0xe0000
1781182176,54.9,2400000,0xe0000
1781182177,56.0,2400000,0xe0000
1781182178,55.4,2400000,0xe0000
1781182179,56.0,2400000,0xe0000
1781182180,55.4,2400000,0xe0000
1781182181,56.0,2400000,0xe0000
1781182182,55.4,2400000,0xe0000
1781182183,54.9,2400000,0xe0000
1781182184,55.4,2400000,0xe0000
1781182185,55.4,2400000,0xe0000
1781182186,56.0,2400000,0xe0000
1781182187,55.4,2400000,0xe0000
1781182188,55.4,2400000,0xe0000
1781182189,55.4,2400000,0xe0000
1781182190,56.0,2400000,0xe0000
1781182191,56.0,2400000,0xe0000
1781182192,55.4,2400000,0xe0000
1781182193,54.9,2400000,0xe0000
1781182194,56.5,2400000,0xe0000
1781182195,55.4,2400000,0xe0000
1781182196,54.9,2400000,0xe0000
1781182197,56.0,2400000,0xe0000
1781182198,55.4,2400000,0xe0000
1781182199,56.5,2400000,0xe0000
1781182201,55.4,2400000,0xe0000
1781182202,54.3,2400000,0xe0000
1781182203,56.0,2400000,0xe0000
1781182204,55.4,2400000,0xe0000
1781182205,56.0,2400000,0xe0000
1781182206,55.4,2400000,0xe0000
1781182207,56.0,2400000,0xe0000
1781182208,55.4,2400000,0xe0000
1781182209,55.4,2400000,0xe0000
1781182210,56.0,2400000,0xe0000
1781182211,55.4,2400000,0xe0000
1781182212,56.0,2400000,0xe0000
1781182213,55.4,2400000,0xe0000
1781182214,56.0,2400000,0xe0000
1781182215,56.0,2400000,0xe0000
1781182216,56.0,2400000,0xe0000
1781182217,54.9,2400000,0xe0000
1781182218,56.0,2400000,0xe0000
1781182219,55.4,2400000,0xe0000
1781182220,55.4,2400000,0xe0000
1781182221,55.4,2400000,0xe0000
1781182222,55.4,2400000,0xe0000
1781182223,55.4,2400000,0xe0000
1781182224,56.0,2400000,0xe0000
1781182226,55.4,2400000,0xe0000
1781182227,56.0,2400000,0xe0000
1781182228,56.0,2400000,0xe0000
1781182229,56.0,2400000,0xe0000
1781182230,56.0,2400000,0xe0000
1781182231,55.4,2400000,0xe0000
1781182232,56.0,2400000,0xe0000
1781182233,55.4,2400000,0xe0000
1781182234,55.4,2400000,0xe0000
1781182235,56.0,2400000,0xe0000
1781182236,55.4,2400000,0xe0000
1781182237,56.0,2400000,0xe0000
1781182238,55.4,2400000,0xe0000
1781182239,55.4,2400000,0xe0000
1781182240,56.0,2400000,0xe0000
1781182241,55.4,2400000,0xe0000
1781182242,54.9,2400000,0xe0000
1781182243,55.4,2400000,0xe0000
1781182244,55.4,2400000,0xe0000
1781182245,55.4,2400000,0xe0000
1781182246,55.4,2400000,0xe0000
1781182247,54.9,2400000,0xe0000
1781182248,56.0,2400000,0xe0000
1781182249,54.9,2400000,0xe0000
1781182251,56.0,2400000,0xe0000
1781182252,55.4,2400000,0xe0000
1781182253,56.0,2400000,0xe0000
1781182254,55.4,2400000,0xe0000
1781182255,55.4,2400000,0xe0000
1781182256,55.4,2400000,0xe0000
1781182257,56.0,2400000,0xe0000
1781182258,55.4,2400000,0xe0000
1781182259,55.4,2400000,0xe0000
1781182260,54.9,2400000,0xe0000
1781182261,55.4,2400000,0xe0000
1781182262,55.4,2400000,0xe0000
1781182263,56.0,2400000,0xe0000
1781182264,55.4,2400000,0xe0000
1781182265,56.0,2400000,0xe0000
1781182266,55.4,2400000,0xe0000
1781182267,55.4,2400000,0xe0000
1781182268,56.0,2400000,0xe0000
1781182269,56.0,2400000,0xe0000
1781182270,55.4,2400000,0xe0000
1781182271,54.9,2400000,0xe0000
1781182272,56.0,2400000,0xe0000
1781182273,56.0,2400000,0xe0000
1781182274,56.0,2400000,0xe0000
1781182275,56.0,2400000,0xe0000
1781182276,55.4,2400000,0xe0000
1781182277,55.4,2400000,0xe0000
1781182278,56.0,2400000,0xe0000
1781182279,55.4,2400000,0xe0000
1781182280,56.0,2400000,0xe0000
1781182282,55.4,2400000,0xe0000
1781182283,54.3,2400000,0xe0000
1781182284,55.4,2400000,0xe0000
1781182285,56.0,2400000,0xe0000
1781182286,56.5,2400000,0xe0000
1781182287,56.0,2400000,0xe0000
1781182288,55.4,2400000,0xe0000
1781182289,56.0,2400000,0xe0000
1781182290,55.4,2400000,0xe0000
1781182291,55.4,2400000,0xe0000
1781182292,56.0,2400000,0xe0000
1781182293,55.4,2400000,0xe0000
1781182294,56.0,2400000,0xe0000
1781182295,55.4,2400000,0xe0000
1781182296,55.4,2400000,0xe0000
1781182297,56.0,2400000,0xe0000
1781182298,56.0,2400000,0xe0000
1781182299,53.8,2400000,0xe0000
1781182300,56.0,2400000,0xe0000
1781182301,56.0,2400000,0xe0000
1781182302,56.0,2400000,0xe0000
1781182303,55.4,2400000,0xe0000
1781182304,55.4,2400000,0xe0000
1781182305,54.3,2400000,0xe0000
1781182306,55.4,2400000,0xe0000
1781182307,55.4,2400000,0xe0000
1781182308,55.4,2400000,0xe0000
1781182309,56.0,2400000,0xe0000
1781182311,55.4,2400000,0xe0000
1781182312,56.0,2400000,0xe0000
1781182313,55.4,2400000,0xe0000
1781182314,55.4,2400000,0xe0000
1781182315,56.0,2400000,0xe0000
1781182316,56.0,2400000,0xe0000
1781182317,55.4,2400000,0xe0000
1781182318,55.4,2400000,0xe0000
1781182319,54.9,2400000,0xe0000
1781182320,56.0,2400000,0xe0000
1781182321,55.4,2400000,0xe0000
1781182322,56.0,2400000,0xe0000
1781182323,55.4,2400000,0xe0000
1781182324,54.9,2400000,0xe0000
1781182325,56.0,2400000,0xe0000
1781182326,56.0,2400000,0xe0000
1781182327,56.0,2400000,0xe0000
1781182328,56.0,2400000,0xe0000
1781182329,56.0,2400000,0xe0000
1781182330,55.4,2400000,0xe0000
1781182332,56.0,2400000,0xe0000
1781182333,55.4,2400000,0xe0000
1781182334,55.4,2400000,0xe0000
1781182335,56.0,2400000,0xe0000
1781182336,56.0,2400000,0xe0000
1781182337,55.4,2400000,0xe0000
1781182338,55.4,2400000,0xe0000
1781182339,55.4,2400000,0xe0000
1781182340,56.0,2400000,0xe0000
1781182341,55.4,2400000,0xe0000
1781182342,55.4,2400000,0xe0000
1781182343,55.4,2400000,0xe0000
1781182344,54.9,2400000,0xe0000
1781182345,55.4,2400000,0xe0000
1781182346,55.4,2400000,0xe0000
1781182347,56.0,2400000,0xe0000
1781182348,55.4,2400000,0xe0000
1781182349,54.9,2400000,0xe0000
1781182350,55.4,2400000,0xe0000
1781182351,56.0,2400000,0xe0000
1781182353,55.4,2400000,0xe0000
1781182354,56.0,2400000,0xe0000
1781182355,55.4,2400000,0xe0000
1781182356,56.0,2400000,0xe0000
1781182357,56.0,2400000,0xe0000
1781182358,56.0,2400000,0xe0000
1781182359,54.9,2400000,0xe0000
1781182360,56.0,2400000,0xe0000
1781182361,54.9,2400000,0xe0000
1781182362,56.0,2400000,0xe0000
1781182363,56.0,2400000,0xe0000
1781182364,55.4,2400000,0xe0000
1781182365,56.0,2400000,0xe0000
1781182366,56.0,2400000,0xe0000
1781182367,56.0,2400000,0xe0000
1781182368,56.0,2400000,0xe0000
1781182369,56.0,2400000,0xe0000
1781182370,56.0,2400000,0xe0000
1781182371,55.4,2400000,0xe0000
1781182372,55.4,2400000,0xe0000
1781182373,56.0,2400000,0xe0000
1781182374,56.0,2400000,0xe0000
1781182375,55.4,2400000,0xe0000
1781182376,56.5,2400000,0xe0000
1781182377,55.4,2400000,0xe0000
1781182378,55.4,2400000,0xe0000
1781182380,55.4,2400000,0xe0000
1781182381,55.4,2400000,0xe0000
1781182382,55.4,2400000,0xe0000
1781182383,56.0,2400000,0xe0000
1781182384,54.9,2400000,0xe0000
1781182385,55.4,2400000,0xe0000
1781182386,55.4,2400000,0xe0000
1781182387,54.9,2400000,0xe0000
1781182388,55.4,2400000,0xe0000
1781182389,56.0,2400000,0xe0000
1781182390,55.4,2400000,0xe0000
1781182391,56.0,2400000,0xe0000
1781182392,55.4,2400000,0xe0000
1781182393,56.0,2400000,0xe0000
1781182394,55.4,2400000,0xe0000
1781182395,56.0,2400000,0xe0000
1781182396,56.0,2400000,0xe0000
1781182397,55.4,2400000,0xe0000
1781182398,55.4,2400000,0xe0000
1781182400,55.4,2400000,0xe0000
1781182401,56.0,2400000,0xe0000
1781182402,55.4,2400000,0xe0000
1781182403,55.4,2400000,0xe0000
1781182404,54.9,2400000,0xe0000
1781182405,55.4,2400000,0xe0000
1781182406,55.4,2400000,0xe0000
1781182407,55.4,2400000,0xe0000
1781182408,55.4,2400000,0xe0000
1781182409,56.0,2400000,0xe0000
1781182410,56.0,2400000,0xe0000
1781182411,55.4,2400000,0xe0000
1781182412,55.4,2400000,0xe0000
1781182413,56.0,2400000,0xe0000
1781182414,55.4,2400000,0xe0000
1781182415,56.0,2400000,0xe0000
1781182416,55.4,2400000,0xe0000
1781182417,55.4,2400000,0xe0000
1781182418,56.0,2400000,0xe0000
1781182419,55.4,2400000,0xe0000
1781182420,56.0,2400000,0xe0000
1781182421,56.0,2400000,0xe0000
1781182422,56.0,2400000,0xe0000
1781182423,55.4,2400000,0xe0000
1781182424,55.4,2400000,0xe0000
1781182425,56.0,2400000,0xe0000
1781182426,56.0,2400000,0xe0000
1781182428,56.0,2400000,0xe0000
1781182429,55.4,2400000,0xe0000
1781182430,56.0,2400000,0xe0000
1781182431,55.4,2400000,0xe0000
1781182432,56.0,2400000,0xe0000
1781182433,56.0,2400000,0xe0000
1781182434,56.0,2400000,0xe0000
1781182435,55.4,2400000,0xe0000
1781182436,56.0,2400000,0xe0000
1781182437,55.4,2400000,0xe0000
1781182438,56.0,2400000,0xe0000
1781182439,55.4,2400000,0xe0000
1781182440,56.0,2400000,0xe0000
1781182441,56.0,2400000,0xe0000
1781182442,56.0,2400000,0xe0000
1781182443,55.4,2400000,0xe0000
1781182444,56.0,2400000,0xe0000
1781182445,54.9,2400000,0xe0000
1781182446,56.0,2400000,0xe0000
1781182448,56.0,2400000,0xe0000
1781182449,55.4,2400000,0xe0000
1781182450,56.0,2400000,0xe0000
1781182451,56.0,2400000,0xe0000
1781182452,56.0,2400000,0xe0000
1781182453,55.4,2400000,0xe0000
1781182454,56.0,2400000,0xe0000
1781182455,56.0,2400000,0xe0000
1781182456,55.4,2400000,0xe0000
1781182457,56.0,2400000,0xe0000
1781182458,55.4,2400000,0xe0000
1781182459,55.4,2400000,0xe0000
1781182460,55.4,2400000,0xe0000
1781182461,56.0,2400000,0xe0000
1781182462,55.4,2400000,0xe0000
1781182463,56.0,2400000,0xe0000
1781182464,56.5,2400000,0xe0000
1781182465,54.9,2400000,0xe0000
1781182466,56.0,2400000,0xe0000
1781182467,55.4,2400000,0xe0000
1781182468,56.0,2400000,0xe0000
1781182470,56.0,2400000,0xe0000
1781182471,56.0,2400000,0xe0000
1781182472,56.0,2400000,0xe0000
1781182473,56.0,2400000,0xe0000
1781182474,55.4,2400000,0xe0000
1781182475,55.4,2400000,0xe0000
1781182476,55.4,2400000,0xe0000
1781182477,56.0,2400000,0xe0000
1781182478,55.4,2400000,0xe0000
1781182479,56.0,2400000,0xe0000
1781182480,56.5,2400000,0xe0000
1781182481,56.0,2400000,0xe0000
1781182482,56.0,2400000,0xe0000
1781182483,55.4,2400000,0xe0000
1781182484,56.0,2400000,0xe0000
1781182485,56.0,2400000,0xe0000
1781182486,56.0,2400000,0xe0000
1781182487,55.4,2400000,0xe0000
1781182488,56.0,2400000,0xe0000
1781182489,56.0,2400000,0xe0000
1781182490,55.4,2400000,0xe0000
1781182492,56.0,2400000,0xe0000
1781182493,55.4,2400000,0xe0000
1781182494,55.4,2400000,0xe0000
1781182495,55.4,2400000,0xe0000
1781182496,54.3,2400000,0xe0000
1781182497,55.4,2400000,0xe0000
1781182498,56.0,2400000,0xe0000
1781182499,55.4,2400000,0xe0000
1781182500,54.9,2400000,0xe0000
1781182501,54.9,2400000,0xe0000
1781182502,55.4,2400000,0xe0000
1781182503,55.4,2400000,0xe0000
1781182504,56.0,2400000,0xe0000
1781182505,54.9,2400000,0xe0000
1781182506,56.0,2400000,0xe0000
1781182507,56.0,2400000,0xe0000
1781182508,55.4,2400000,0xe0000
1781182509,56.0,2400000,0xe0000
1781182510,55.4,2400000,0xe0000
1781182511,55.4,2400000,0xe0000
1781182512,55.4,2400000,0xe0000
1781182513,55.4,2400000,0xe0000
1781182515,56.0,2400000,0xe0000
1781182516,56.0,2400000,0xe0000
1781182517,56.0,2400000,0xe0000
1781182518,56.0,2400000,0xe0000
1781182519,55.4,2400000,0xe0000
1781182520,56.0,2400000,0xe0000
1781182521,54.9,2400000,0xe0000
1781182522,55.4,2400000,0xe0000
1781182523,55.4,2400000,0xe0000
1781182524,55.4,2400000,0xe0000
1781182525,55.4,2400000,0xe0000
1781182526,56.0,2400000,0xe0000
1781182527,55.4,2400000,0xe0000
1781182528,56.0,2400000,0xe0000
1781182529,55.4,2400000,0xe0000
1781182530,56.0,2400000,0xe0000
1781182531,56.0,2400000,0xe0000
1781182532,56.0,2400000,0xe0000
1781182533,56.0,2400000,0xe0000
1781182534,56.0,2400000,0xe0000
1781182535,56.0,2400000,0xe0000
1781182536,56.0,2400000,0xe0000
1781182537,56.0,2400000,0xe0000
1781182539,56.0,2400000,0xe0000
1781182540,55.4,2400000,0xe0000
1781182541,55.4,2400000,0xe0000
1781182542,55.4,2400000,0xe0000
1781182543,55.4,2400000,0xe0000
1781182544,55.4,2400000,0xe0000
1781182545,55.4,2400000,0xe0000
1781182546,56.0,2400000,0xe0000
1781182547,56.0,2400000,0xe0000
1781182548,55.4,2400000,0xe0000
1781182549,55.4,2400000,0xe0000
1781182550,55.4,2400000,0xe0000
1781182551,56.0,2400000,0xe0000
1781182552,56.0,2400000,0xe0000
1781182553,55.4,2400000,0xe0000
1781182554,56.5,2400000,0xe0000
1781182555,55.4,2400000,0xe0000
1781182556,56.0,2400000,0xe0000
1781182557,55.4,2400000,0xe0000
1781182558,54.9,2400000,0xe0000
1781182559,55.4,2400000,0xe0000
1781182560,56.0,2400000,0xe0000
1781182561,56.0,2400000,0xe0000
1781182563,56.0,2400000,0xe0000
1781182564,55.4,2400000,0xe0000
1781182565,56.0,2400000,0xe0000
1781182566,56.0,2400000,0xe0000
1781182567,55.4,2400000,0xe0000
1781182568,55.4,2400000,0xe0000
1781182569,56.0,2400000,0xe0000
1781182570,56.0,2400000,0xe0000
1781182571,55.4,2400000,0xe0000
1781182572,56.0,2400000,0xe0000
1781182573,55.4,2400000,0xe0000
1781182574,55.4,2400000,0xe0000
1781182575,55.4,2400000,0xe0000
1781182576,56.0,2400000,0xe0000
1781182577,56.0,2400000,0xe0000
1781182578,55.4,2400000,0xe0000
1781182579,55.4,2400000,0xe0000
1781182580,55.4,2400000,0xe0000
1781182581,54.9,2400000,0xe0000
1781182582,55.4,2400000,0xe0000
1781182583,56.0,2400000,0xe0000
1781182584,55.4,2400000,0xe0000
1781182585,55.4,2400000,0xe0000
1781182587,55.4,2400000,0xe0000
1781182588,55.4,2400000,0xe0000
1781182589,56.0,2400000,0xe0000
1781182590,56.0,2400000,0xe0000
1781182591,55.4,2400000,0xe0000
1781182592,55.4,2400000,0xe0000
1781182593,55.4,2400000,0xe0000
1781182594,55.4,2400000,0xe0000
1781182595,54.9,2400000,0xe0000
1781182596,56.0,2400000,0xe0000
1781182597,54.9,2400000,0xe0000
1781182598,55.4,2400000,0xe0000
1781182599,56.0,2400000,0xe0000
1781182600,56.0,2400000,0xe0000
1781182602,55.4,2400000,0xe0000
1781182603,55.4,2400000,0xe0000
1781182604,55.4,2400000,0xe0000
1781182605,56.0,2400000,0xe0000
1781182606,56.0,2400000,0xe0000
1781182607,56.0,2400000,0xe0000
1781182608,56.0,2400000,0xe0000
1781182609,55.4,2400000,0xe0000
1781182610,56.0,2400000,0xe0000
1781182611,55.4,2400000,0xe0000
1781182612,54.9,2400000,0xe0000
1781182613,55.4,2400000,0xe0000
1781182614,55.4,2400000,0xe0000
1781182615,55.4,2400000,0xe0000
1781182616,55.4,2400000,0xe0000
1781182617,56.0,2400000,0xe0000
1781182618,56.0,2400000,0xe0000
1781182619,56.0,2400000,0xe0000
1781182620,55.4,2400000,0xe0000
1781182621,55.4,2400000,0xe0000
1781182622,55.4,2400000,0xe0000
1781182623,56.0,2400000,0xe0000
1781182624,55.4,2400000,0xe0000
1781182625,56.0,2400000,0xe0000
1781182626,56.0,2400000,0xe0000
1781182627,56.0,2400000,0xe0000
1781182628,56.0,2400000,0xe0000
1781182629,56.0,2400000,0xe0000
1781182630,55.4,2400000,0xe0000
1781182631,55.4,2400000,0xe0000
1781182633,56.0,2400000,0xe0000
1781182634,56.0,2400000,0xe0000
1781182635,56.0,2400000,0xe0000
1781182636,55.4,2400000,0xe0000
1781182637,54.9,2400000,0xe0000
1781182638,56.0,2400000,0xe0000
1781182639,56.0,2400000,0xe0000
1781182640,56.0,2400000,0xe0000
1781182641,55.4,2400000,0xe0000
1781182642,55.4,2400000,0xe0000
1781182643,55.4,2400000,0xe0000
1781182644,55.4,2400000,0xe0000
1781182645,56.0,2400000,0xe0000
1781182646,56.0,2400000,0xe0000
1781182647,56.0,2400000,0xe0000
1781182648,55.4,2400000,0xe0000
1781182649,55.4,2400000,0xe0000
1781182650,56.0,2400000,0xe0000
1781182652,54.3,2400000,0xe0000
1781182653,55.4,2400000,0xe0000
1781182654,56.0,2400000,0xe0000
1781182655,55.4,2400000,0xe0000
1781182656,54.3,2400000,0xe0000
1781182657,56.0,2400000,0xe0000
1781182658,54.9,2400000,0xe0000
1781182659,56.0,2400000,0xe0000
1781182660,56.0,2400000,0xe0000
1781182661,56.0,2400000,0xe0000
1781182662,56.0,2400000,0xe0000
1781182663,56.0,2400000,0xe0000
1781182664,55.4,2400000,0xe0000
1781182665,56.0,2400000,0xe0000
1781182666,56.0,2400000,0xe0000
1781182667,55.4,2400000,0xe0000
1781182668,56.0,2400000,0xe0000
1781182669,55.4,2400000,0xe0000
1781182670,55.4,2400000,0xe0000
1781182671,55.4,2400000,0xe0000
1781182672,56.0,2400000,0xe0000
1781182673,56.0,2400000,0xe0000
1781182674,56.0,2400000,0xe0000
1781182675,56.0,2400000,0xe0000
1781182676,56.0,2400000,0xe0000
1781182677,56.0,2400000,0xe0000
1781182678,56.0,2400000,0xe0000
1781182679,55.4,2400000,0xe0000
1781182680,56.0,2400000,0xe0000
1781182681,56.0,2400000,0xe0000
1781182682,56.0,2400000,0xe0000
1781182684,56.0,2400000,0xe0000
1781182685,54.9,2400000,0xe0000
1781182686,55.4,2400000,0xe0000
1781182687,55.4,2400000,0xe0000
1781182688,54.9,2400000,0xe0000
1781182689,54.3,2400000,0xe0000
1781182690,55.4,2400000,0xe0000
1781182691,54.9,2400000,0xe0000
1781182692,55.4,2400000,0xe0000
1781182693,55.4,2400000,0xe0000
1781182694,55.4,2400000,0xe0000
1781182695,56.0,2400000,0xe0000
1781182696,55.4,2400000,0xe0000
1781182697,55.4,2400000,0xe0000
1781182698,55.4,2400000,0xe0000
1781182699,54.3,2400000,0xe0000
1781182700,55.4,2400000,0xe0000
1781182701,55.4,2400000,0xe0000
1781182702,55.4,2400000,0xe0000
1781182703,54.9,2400000,0xe0000
1781182704,56.0,2400000,0xe0000
1781182705,56.5,2400000,0xe0000
1781182706,56.0,2400000,0xe0000
1781182707,56.0,2400000,0xe0000
1781182708,56.0,2400000,0xe0000
1781182709,55.4,2400000,0xe0000
1781182710,55.4,2400000,0xe0000
1781182711,56.0,2400000,0xe0000
1781182713,54.3,2400000,0xe0000
1781182714,55.4,2400000,0xe0000
1781182715,56.0,2400000,0xe0000
1781182716,56.0,2400000,0xe0000
1781182717,54.9,2400000,0xe0000
1781182718,55.4,2400000,0xe0000
1781182719,56.0,2400000,0xe0000
1781182720,56.0,2400000,0xe0000
1781182721,55.4,2400000,0xe0000
1781182722,56.0,2400000,0xe0000
1781182723,56.0,2400000,0xe0000
1781182724,56.0,2400000,0xe0000
1781182725,56.0,2400000,0xe0000
1781182726,56.0,2400000,0xe0000
1781182727,56.0,2400000,0xe0000
1781182728,56.0,2400000,0xe0000
1781182729,56.0,2400000,0xe0000
1781182730,55.4,2400000,0xe0000
1781182731,56.0,2400000,0xe0000
1781182732,56.0,2400000,0xe0000
1781182734,56.0,2400000,0xe0000
1781182735,56.0,2400000,0xe0000
1781182736,56.0,2400000,0xe0000
1781182737,55.4,2400000,0xe0000
1781182738,56.0,2400000,0xe0000
1781182739,54.9,2400000,0xe0000
1781182740,54.3,2400000,0xe0000
1781182741,55.4,2400000,0xe0000
1781182742,55.4,2400000,0xe0000
1781182743,55.4,2400000,0xe0000
1781182744,56.0,2400000,0xe0000
1781182745,55.4,2400000,0xe0000
1781182746,56.0,2400000,0xe0000
1781182747,56.0,2400000,0xe0000
1781182748,54.9,2400000,0xe0000
1781182749,55.4,2400000,0xe0000
1781182750,56.0,2400000,0xe0000
1781182751,56.0,2400000,0xe0000
1781182752,56.0,2400000,0xe0000
1781182753,55.4,2400000,0xe0000
1781182754,55.4,2400000,0xe0000
1781182755,55.4,2400000,0xe0000
1781182756,56.0,2400000,0xe0000
1781182757,56.0,2400000,0xe0000
1781182759,55.4,2400000,0xe0000
1781182760,54.9,2400000,0xe0000
1781182761,54.9,2400000,0xe0000
1781182762,56.0,2400000,0xe0000
1781182763,55.4,2400000,0xe0000
1781182764,56.0,2400000,0xe0000
1781182765,56.0,2400000,0xe0000
1781182766,56.0,2400000,0xe0000
1781182767,56.0,2400000,0xe0000
1781182768,56.0,2400000,0xe0000
1781182769,56.0,2400000,0xe0000
1781182770,55.4,2400000,0xe0000
1781182771,56.0,2400000,0xe0000
1781182772,56.0,2400000,0xe0000
1781182773,56.0,2400000,0xe0000
1781182774,56.0,2400000,0xe0000
1781182775,56.0,2400000,0xe0000
1781182776,55.4,2400000,0xe0000
1781182778,56.0,2400000,0xe0000
1781182779,54.9,2400000,0xe0000
1781182780,54.9,2400000,0xe0000
1781182781,56.0,2400000,0xe0000
1781182782,55.4,2400000,0xe0000
1781182783,56.0,2400000,0xe0000
1781182784,56.0,2400000,0xe0000
1781182785,55.4,2400000,0xe0000
1781182786,56.5,2400000,0xe0000
1781182787,56.0,2400000,0xe0000
1781182788,55.4,2400000,0xe0000
1781182789,56.0,2400000,0xe0000
1781182790,55.4,2400000,0xe0000
1781182791,56.0,2400000,0xe0000
1781182792,56.0,2400000,0xe0000
1781182793,56.0,2400000,0xe0000
1781182794,55.4,2400000,0xe0000
1781182795,55.4,2400000,0xe0000
1781182796,56.0,2400000,0xe0000
1781182797,56.0,2400000,0xe0000
1781182798,56.0,2400000,0xe0000
1781182799,56.0,2400000,0xe0000
1781182800,55.4,2400000,0xe0000
1781182801,56.0,2400000,0xe0000
1781182802,55.4,2400000,0xe0000
1781182804,56.0,2400000,0xe0000
1781182805,55.4,2400000,0xe0000
1781182806,55.4,2400000,0xe0000
1781182807,55.4,2400000,0xe0000
1781182808,56.0,2400000,0xe0000
1781182809,55.4,2400000,0xe0000
1781182810,55.4,2400000,0xe0000
1781182811,56.0,2400000,0xe0000
1781182812,56.0,2400000,0xe0000
1781182813,56.0,2400000,0xe0000
1781182814,55.4,2400000,0xe0000
1781182815,55.4,2400000,0xe0000
1781182816,56.0,2400000,0xe0000
1781182817,56.0,2400000,0xe0000
1781182818,56.0,2400000,0xe0000
1781182819,55.4,2400000,0xe0000
1781182820,56.0,2400000,0xe0000
1781182821,56.0,2400000,0xe0000
1781182822,55.4,2400000,0xe0000
1781182824,55.4,2400000,0xe0000
1781182825,55.4,2400000,0xe0000
1781182826,56.0,2400000,0xe0000
1781182827,54.9,2400000,0xe0000
1781182828,55.4,2400000,0xe0000
1781182829,55.4,2400000,0xe0000
1781182830,56.0,2400000,0xe0000
1781182831,56.5,2400000,0xe0000
1781182832,56.5,2400000,0xe0000
1781182833,55.4,2400000,0xe0000
1781182834,56.0,2400000,0xe0000
1781182835,56.0,2400000,0xe0000
1781182836,56.0,2400000,0xe0000
1781182837,56.0,2400000,0xe0000
1781182838,56.5,2400000,0xe0000
1781182839,56.0,2400000,0xe0000
1781182840,55.4,2400000,0xe0000
1781182841,54.9,2400000,0xe0000
1781182842,55.4,2400000,0xe0000
1781182843,56.0,2400000,0xe0000
1781182845,55.4,2400000,0xe0000
1781182846,56.5,2400000,0xe0000
1781182847,56.0,2400000,0xe0000
1781182848,55.4,2400000,0xe0000
1781182849,56.0,2400000,0xe0000
1781182850,56.0,2400000,0xe0000
1781182851,56.5,2400000,0xe0000
1781182852,56.5,2400000,0xe0000
1781182853,55.4,2400000,0xe0000
1781182854,56.0,2400000,0xe0000
1781182855,56.5,2400000,0xe0000
1781182856,55.4,2400000,0xe0000
1781182857,56.0,2400000,0xe0000
1781182858,56.0,2400000,0xe0000
1781182859,55.4,2400000,0xe0000
1781182860,55.4,2400000,0xe0000
1781182861,56.0,2400000,0xe0000
1781182862,55.4,2400000,0xe0000
1781182863,55.4,2400000,0xe0000
1781182864,55.4,2400000,0xe0000
1781182865,55.4,2400000,0xe0000
1781182866,55.4,2400000,0xe0000
1781182867,56.0,2400000,0xe0000
1781182869,55.4,2400000,0xe0000
1781182870,56.0,2400000,0xe0000
1781182871,56.0,2400000,0xe0000
1781182872,56.0,2400000,0xe0000
1781182873,55.4,2400000,0xe0000
1781182874,55.4,2400000,0xe0000
1781182875,56.0,2400000,0xe0000
1781182876,56.5,2400000,0xe0000
1781182877,54.9,2400000,0xe0000
1781182878,54.3,2400000,0xe0000
1781182879,56.0,2400000,0xe0000
1781182880,55.4,2400000,0xe0000
1781182881,55.4,2400000,0xe0000
1781182882,55.4,2400000,0xe0000
1781182883,56.0,2400000,0xe0000
1781182884,55.4,2400000,0xe0000
1781182885,56.0,2400000,0xe0000
1781182886,55.4,2400000,0xe0000
1781182887,55.4,2400000,0xe0000
1781182888,56.0,2400000,0xe0000
1781182889,55.4,2400000,0xe0000
1781182890,56.0,2400000,0xe0000
1781182891,56.0,2400000,0xe0000
1781182892,55.4,2400000,0xe0000
1781182893,55.4,2400000,0xe0000
1781182894,55.4,2400000,0xe0000
1781182896,56.0,2400000,0xe0000
1781182897,55.4,2400000,0xe0000
1781182898,55.4,2400000,0xe0000
1781182899,54.3,2400000,0xe0000
1781182900,56.0,2400000,0xe0000
1781182901,54.9,2400000,0xe0000
1781182902,56.0,2400000,0xe0000
1781182903,55.4,2400000,0xe0000
1781182904,55.4,2400000,0xe0000
1781182905,55.4,2400000,0xe0000
1781182906,54.9,2400000,0xe0000
1781182907,54.9,2400000,0xe0000
1781182908,55.4,2400000,0xe0000
1781182909,56.0,2400000,0xe0000
1781182910,54.9,2400000,0xe0000
1781182911,54.9,2400000,0xe0000
1781182912,55.4,2400000,0xe0000
1781182913,54.9,2400000,0xe0000
1781182914,54.9,2400000,0xe0000
1781182915,55.4,2400000,0xe0000
1781182916,55.4,2400000,0xe0000
1781182917,56.0,2400000,0xe0000
1781182919,56.0,2400000,0xe0000
1781182920,55.4,2400000,0xe0000
1781182921,55.4,2400000,0xe0000
1781182922,54.9,2400000,0xe0000
1781182923,55.4,2400000,0xe0000
1781182924,55.4,2400000,0xe0000
1781182925,56.0,2400000,0xe0000
1781182926,55.4,2400000,0xe0000
1781182927,56.0,2400000,0xe0000
1781182928,54.9,2400000,0xe0000
1781182929,54.9,2400000,0xe0000
1781182930,55.4,2400000,0xe0000
1781182931,55.4,2400000,0xe0000
1781182932,54.9,2400000,0xe0000
1781182933,56.0,2400000,0xe0000
1781182934,56.0,2400000,0xe0000
1781182935,55.4,2400000,0xe0000
1781182936,56.0,2400000,0xe0000
1781182937,56.0,2400000,0xe0000
1781182938,56.0,2400000,0xe0000
1781182939,54.3,2400000,0xe0000
1781182940,56.0,2400000,0xe0000
1781182941,55.4,2400000,0xe0000
1781182942,56.0,2400000,0xe0000
1781182944,56.5,2400000,0xe0000
1781182945,55.4,2400000,0xe0000
1781182946,56.0,2400000,0xe0000
1781182947,55.4,2400000,0xe0000
1781182948,54.9,2400000,0xe0000
1781182949,56.0,2400000,0xe0000
1781182950,54.3,2400000,0xe0000
1781182951,55.4,2400000,0xe0000
1781182952,55.4,2400000,0xe0000
1781182953,56.0,2400000,0xe0000
1781182954,55.4,2400000,0xe0000
1781182955,54.9,2400000,0xe0000
1781182956,55.4,2400000,0xe0000
1781182957,54.9,2400000,0xe0000
1781182958,55.4,2400000,0xe0000
1781182959,55.4,2400000,0xe0000
1781182960,55.4,2400000,0xe0000
1781182961,56.0,2400000,0xe0000
1781182962,56.0,2400000,0xe0000
1781182963,55.4,2400000,0xe0000
1781182964,55.4,2400000,0xe0000
1781182965,56.0,2400000,0xe0000
1781182966,55.4,2400000,0xe0000
1781182967,56.0,2400000,0xe0000
1781182969,56.0,2400000,0xe0000
1781182970,56.0,2400000,0xe0000
1781182971,55.4,2400000,0xe0000
1781182972,56.0,2400000,0xe0000
1781182973,55.4,2400000,0xe0000
1781182974,56.0,2400000,0xe0000
1781182975,56.0,2400000,0xe0000
1781182976,56.0,2400000,0xe0000
1781182977,55.4,2400000,0xe0000
1781182978,55.4,2400000,0xe0000
1781182979,55.4,2400000,0xe0000
1781182980,55.4,2400000,0xe0000
1781182981,56.5,2400000,0xe0000
1781182982,56.5,2400000,0xe0000
1781182983,55.4,2400000,0xe0000
1781182984,55.4,2400000,0xe0000
1781182985,56.5,2400000,0xe0000
1781182986,56.0,2400000,0xe0000
1781182987,55.4,2400000,0xe0000
1781182989,55.4,2400000,0xe0000
1781182990,56.0,2400000,0xe0000
1781182991,55.4,2400000,0xe0000
1781182992,54.9,2400000,0xe0000
1781182993,55.4,2400000,0xe0000
1781182994,55.4,2400000,0xe0000
1781182995,55.4,2400000,0xe0000
1781182996,55.4,2400000,0xe0000
1781182997,56.0,2400000,0xe0000
1781182998,56.0,2400000,0xe0000
1781182999,55.4,2400000,0xe0000
1781183000,56.0,2400000,0xe0000
1781183001,54.3,2400000,0xe0000
1781183002,55.4,2400000,0xe0000
1781183003,56.0,2400000,0xe0000
1781183004,55.4,2400000,0xe0000
1781183005,55.4,2400000,0xe0000
1781183006,56.0,2400000,0xe0000
1781183007,55.4,2400000,0xe0000
1781183008,55.4,2400000,0xe0000
1781183010,56.0,2400000,0xe0000
1781183011,56.0,2400000,0xe0000
1781183012,56.0,2400000,0xe0000
1781183013,55.4,2400000,0xe0000
1781183014,55.4,2400000,0xe0000
1781183015,56.0,2400000,0xe0000
1781183016,56.0,2400000,0xe0000
1781183017,56.0,2400000,0xe0000
1781183018,56.0,2400000,0xe0000
1781183019,56.0,2400000,0xe0000
1781183020,56.0,2400000,0xe0000
1781183021,56.0,2400000,0xe0000
1781183022,56.0,2400000,0xe0000
1781183023,56.5,2400000,0xe0000
1781183024,56.0,2400000,0xe0000
1781183025,56.0,2400000,0xe0000
1781183026,56.0,2400000,0xe0000
1781183027,56.0,2400000,0xe0000
1781183028,56.5,2400000,0xe0000
1781183030,56.0,2400000,0xe0000
1781183031,55.4,2400000,0xe0000
1781183032,56.0,2400000,0xe0000
1781183033,55.4,2400000,0xe0000
1781183034,55.4,2400000,0xe0000
1781183035,56.0,2400000,0xe0000
1781183036,56.0,2400000,0xe0000
1781183037,55.4,2400000,0xe0000
1781183038,55.4,2400000,0xe0000
1781183039,55.4,2400000,0xe0000
1781183040,55.4,2400000,0xe0000
1781183041,56.5,2400000,0xe0000
1781183042,54.9,2400000,0xe0000
1781183043,54.3,2400000,0xe0000
1781183044,56.0,2400000,0xe0000
1781183045,55.4,2400000,0xe0000
1781183046,55.4,2400000,0xe0000
1781183047,55.4,2400000,0xe0000
1781183048,56.0,2400000,0xe0000
1781183050,55.4,2400000,0xe0000
1781183051,55.4,2400000,0xe0000
1781183052,55.4,2400000,0xe0000
1781183053,56.0,2400000,0xe0000
1781183054,56.0,2400000,0xe0000
1781183055,55.4,2400000,0xe0000
1781183056,55.4,2400000,0xe0000
1781183057,55.4,2400000,0xe0000
1781183058,56.0,2400000,0xe0000
1781183059,55.4,2400000,0xe0000
1781183060,56.0,2400000,0xe0000
1781183061,55.4,2400000,0xe0000
1781183062,55.4,2400000,0xe0000
1781183063,56.0,2400000,0xe0000
1781183064,55.4,2400000,0xe0000
1781183065,56.0,2400000,0xe0000
1781183066,55.4,2400000,0xe0000
1781183067,56.0,2400000,0xe0000
1781183068,55.4,2400000,0xe0000
1781183069,56.0,2400000,0xe0000
1781183070,54.9,2400000,0xe0000
1781183071,56.0,2400000,0xe0000
1781183073,56.0,2400000,0xe0000
1781183074,56.0,2400000,0xe0000
1781183075,54.9,2400000,0xe0000
1781183076,55.4,2400000,0xe0000
1781183077,56.0,2400000,0xe0000
1781183078,56.0,2400000,0xe0000
1781183079,56.0,2400000,0xe0000
1781183080,56.0,2400000,0xe0000
1781183081,56.0,2400000,0xe0000
1781183082,56.0,2400000,0xe0000
1781183083,56.0,2400000,0xe0000
1781183084,56.0,2400000,0xe0000
1781183085,56.5,2400000,0xe0000
1781183086,56.0,2400000,0xe0000
1781183087,55.4,2400000,0xe0000
1781183088,54.9,2400000,0xe0000
1781183089,56.0,2400000,0xe0000
1781183090,55.4,2400000,0xe0000
1781183091,55.4,2400000,0xe0000
1781183092,55.4,2400000,0xe0000
1781183093,55.4,2400000,0xe0000
1781183094,56.5,2400000,0xe0000
1781183095,56.5,2400000,0xe0000
1781183096,56.0,2400000,0xe0000
1781183098,56.0,2400000,0xe0000
1781183099,56.0,2400000,0xe0000
1781183100,55.4,2400000,0xe0000
1781183101,56.0,2400000,0xe0000
1781183102,56.0,2400000,0xe0000
1781183103,55.4,2400000,0xe0000
1781183104,56.0,2400000,0xe0000
1781183105,56.0,2400000,0xe0000
1781183106,56.0,2400000,0xe0000
1781183107,55.4,2400000,0xe0000
1781183108,55.4,2400000,0xe0000
1781183109,56.5,2400000,0xe0000
1781183110,56.0,2400000,0xe0000
1781183111,56.0,2400000,0xe0000
1781183112,55.4,2400000,0xe0000
1781183113,56.0,2400000,0xe0000
1781183114,56.0,2400000,0xe0000
1781183115,56.0,2400000,0xe0000
1781183116,56.5,2400000,0xe0000
1781183117,55.4,2400000,0xe0000
1781183119,56.0,2400000,0xe0000
1781183120,55.4,2400000,0xe0000
1781183121,56.0,2400000,0xe0000
1781183122,55.4,2400000,0xe0000
1781183123,54.3,2400000,0xe0000
1781183124,55.4,2400000,0xe0000
1781183125,56.0,2400000,0xe0000
1781183126,54.9,2400000,0xe0000
1781183127,55.4,2400000,0xe0000
1781183128,54.3,2400000,0xe0000
1781183129,55.4,2400000,0xe0000
1781183130,56.0,2400000,0xe0000
1781183131,55.4,2400000,0xe0000
1781183132,56.0,2400000,0xe0000
1781183133,55.4,2400000,0xe0000
1781183134,56.0,2400000,0xe0000
1781183135,55.4,2400000,0xe0000
1781183136,54.9,2400000,0xe0000
1781183137,56.0,2400000,0xe0000
1781183138,54.9,2400000,0xe0000
1781183139,55.4,2400000,0xe0000
1781183140,56.0,2400000,0xe0000
1781183141,54.9,2400000,0xe0000
1781183143,56.0,2400000,0xe0000
1781183144,55.4,2400000,0xe0000
1781183145,55.4,2400000,0xe0000
1781183146,56.0,2400000,0xe0000
1781183147,56.0,2400000,0xe0000
1781183148,56.0,2400000,0xe0000
1781183149,56.0,2400000,0xe0000
1781183150,56.0,2400000,0xe0000
1781183151,55.4,2400000,0xe0000
1781183152,56.0,2400000,0xe0000
1781183153,56.0,2400000,0xe0000
1781183154,55.4,2400000,0xe0000
1781183155,56.0,2400000,0xe0000
1781183156,56.0,2400000,0xe0000
1781183157,56.0,2400000,0xe0000
1781183158,56.0,2400000,0xe0000
1781183159,56.0,2400000,0xe0000
1781183160,55.4,2400000,0xe0000
1781183161,55.4,2400000,0xe0000
1781183162,56.5,2400000,0xe0000
1781183163,55.4,2400000,0xe0000
1781183164,55.4,2400000,0xe0000
1781183165,56.0,2400000,0xe0000
1781183167,55.4,2400000,0xe0000
1781183168,55.4,2400000,0xe0000
1781183169,55.4,2400000,0xe0000
1781183170,56.0,2400000,0xe0000
1781183171,56.0,2400000,0xe0000
1781183172,56.0,2400000,0xe0000
1781183173,56.0,2400000,0xe0000
1781183174,56.0,2400000,0xe0000
1781183175,56.0,2400000,0xe0000
1781183176,55.4,2400000,0xe0000
1781183177,55.4,2400000,0xe0000
1781183178,55.4,2400000,0xe0000
1781183179,55.4,2400000,0xe0000
1781183180,56.0,2400000,0xe0000
1781183181,56.0,2400000,0xe0000
1781183182,56.0,2400000,0xe0000
1781183183,56.0,2400000,0xe0000
1781183184,56.0,2400000,0xe0000
1781183185,56.0,2400000,0xe0000
1781183186,55.4,2400000,0xe0000
1781183187,56.0,2400000,0xe0000
1781183188,56.0,2400000,0xe0000
1781183190,56.0,2400000,0xe0000
1781183191,55.4,2400000,0xe0000
1781183192,56.0,2400000,0xe0000
1781183193,56.0,2400000,0xe0000
1781183194,56.0,2400000,0xe0000
1781183195,56.0,2400000,0xe0000
1781183196,56.5,2400000,0xe0000
1781183197,56.0,2400000,0xe0000
1781183198,56.5,2400000,0xe0000
1781183199,56.0,2400000,0xe0000
1781183200,55.4,2400000,0xe0000
1781183201,56.0,2400000,0xe0000
1781183202,55.4,2400000,0xe0000
1781183203,55.4,2400000,0xe0000
1781183204,54.9,2400000,0xe0000
1781183205,56.0,2400000,0xe0000
1781183206,56.0,2400000,0xe0000
1781183207,55.4,2400000,0xe0000
1781183208,56.0,2400000,0xe0000
1781183209,55.4,2400000,0xe0000
1781183210,55.4,2400000,0xe0000
1781183211,56.0,2400000,0xe0000
1781183213,55.4,2400000,0xe0000
1781183214,56.5,2400000,0xe0000
1781183215,55.4,2400000,0xe0000
1781183216,56.0,2400000,0xe0000
1781183217,56.0,2400000,0xe0000
1781183218,55.4,2400000,0xe0000
