1781157285,51.6,2400000,0xe0000
1781157286,52.7,2400000,0xe0000
1781157287,51.6,2400000,0xe0000
1781157288,52.7,2400000,0xe0000
1781157289,52.7,2400000,0xe0000
1781157290,52.7,2400000,0xe0000
1781157291,53.8,2400000,0xe0000
1781157292,53.2,2400000,0xe0000
1781157293,53.8,2400000,0xe0000
1781157294,53.2,2400000,0xe0000
1781157295,53.2,2400000,0xe0000
1781157296,54.3,2400000,0xe0000
1781157297,52.7,2400000,0xe0000
1781157298,52.7,2400000,0xe0000
1781157299,54.3,2400000,0xe0000
1781157300,53.2,2400000,0xe0000
1781157301,53.2,2400000,0xe0000
1781157302,53.2,2400000,0xe0000
1781157303,53.8,2400000,0xe0000
1781157304,53.8,2400000,0xe0000
1781157305,54.3,2400000,0xe0000
1781157307,54.3,2400000,0xe0000
1781157308,53.2,2400000,0xe0000
1781157309,54.3,2400000,0xe0000
1781157310,53.8,2400000,0xe0000
1781157311,53.8,2400000,0xe0000
1781157312,53.8,2400000,0xe0000
1781157313,53.8,2400000,0xe0000
1781157314,54.3,2400000,0xe0000
1781157315,54.3,2400000,0xe0000
1781157316,53.8,2400000,0xe0000
1781157317,54.3,2400000,0xe0000
1781157318,54.3,2400000,0xe0000
1781157319,54.3,2400000,0xe0000
1781157320,54.3,2400000,0xe0000
1781157321,53.8,2400000,0xe0000
1781157322,54.3,2400000,0xe0000
1781157323,54.3,2400000,0xe0000
1781157324,54.9,2400000,0xe0000
1781157326,54.9,2400000,0xe0000
1781157327,54.3,2400000,0xe0000
1781157328,54.3,2400000,0xe0000
1781157329,54.3,2400000,0xe0000
1781157330,54.3,2400000,0xe0000
1781157331,54.9,2400000,0xe0000
1781157332,53.8,2400000,0xe0000
1781157333,54.3,2400000,0xe0000
1781157334,54.3,2400000,0xe0000
1781157335,54.3,2400000,0xe0000
1781157336,54.9,2400000,0xe0000
1781157337,54.9,2400000,0xe0000
1781157338,54.9,2400000,0xe0000
1781157339,55.4,2400000,0xe0000
1781157340,54.9,2400000,0xe0000
1781157341,54.9,2400000,0xe0000
1781157342,54.9,2400000,0xe0000
1781157343,55.4,2400000,0xe0000
1781157344,54.9,2400000,0xe0000
1781157345,55.4,2400000,0xe0000
1781157346,55.4,2400000,0xe0000
1781157347,54.9,2400000,0xe0000
1781157349,54.9,2400000,0xe0000
1781157350,54.9,2400000,0xe0000
1781157351,54.9,2400000,0xe0000
1781157352,55.4,2400000,0xe0000
1781157353,54.9,2400000,0xe0000
1781157354,54.9,2400000,0xe0000
1781157355,55.4,2400000,0xe0000
1781157356,54.3,2400000,0xe0000
1781157357,54.3,2400000,0xe0000
1781157358,54.9,2400000,0xe0000
1781157359,54.9,2400000,0xe0000
1781157360,54.3,2400000,0xe0000
1781157361,55.4,2400000,0xe0000
1781157362,54.9,2400000,0xe0000
1781157363,55.4,2400000,0xe0000
1781157364,54.9,2400000,0xe0000
1781157365,54.9,2400000,0xe0000
1781157366,56.0,2400000,0xe0000
1781157367,54.9,2400000,0xe0000
1781157368,55.4,2400000,0xe0000
1781157369,54.9,2400000,0xe0000
1781157370,54.9,2400000,0xe0000
1781157371,54.9,2400000,0xe0000
1781157372,55.4,2400000,0xe0000
1781157373,55.4,2400000,0xe0000
1781157374,56.0,2400000,0xe0000
1781157376,56.0,2400000,0xe0000
1781157377,55.4,2400000,0xe0000
1781157378,55.4,2400000,0xe0000
1781157379,55.4,2400000,0xe0000
1781157380,55.4,2400000,0xe0000
1781157381,55.4,2400000,0xe0000
1781157382,55.4,2400000,0xe0000
1781157383,55.4,2400000,0xe0000
1781157384,55.4,2400000,0xe0000
1781157385,55.4,2400000,0xe0000
1781157386,55.4,2400000,0xe0000
1781157387,55.4,2400000,0xe0000
1781157388,56.0,2400000,0xe0000
1781157389,55.4,2400000,0xe0000
1781157390,56.0,2400000,0xe0000
1781157391,55.4,2400000,0xe0000
1781157392,56.5,2400000,0xe0000
1781157393,56.0,2400000,0xe0000
1781157394,55.4,2400000,0xe0000
1781157395,54.3,2400000,0xe0000
1781157396,55.4,2400000,0xe0000
1781157397,56.0,2400000,0xe0000
1781157398,55.4,2400000,0xe0000
1781157399,55.4,2400000,0xe0000
1781157400,56.0,2400000,0xe0000
1781157401,54.9,2400000,0xe0000
1781157402,55.4,2400000,0xe0000
1781157403,55.4,2400000,0xe0000
1781157404,54.9,2400000,0xe0000
1781157405,55.4,2400000,0xe0000
1781157407,56.0,2400000,0xe0000
1781157408,56.0,2400000,0xe0000
1781157409,54.9,2400000,0xe0000
1781157410,56.0,2400000,0xe0000
1781157411,56.0,2400000,0xe0000
1781157412,56.0,2400000,0xe0000
1781157413,56.0,2400000,0xe0000
1781157414,56.0,2400000,0xe0000
1781157415,56.0,2400000,0xe0000
1781157416,56.0,2400000,0xe0000
1781157417,56.0,2400000,0xe0000
1781157418,56.0,2400000,0xe0000
1781157419,55.4,2400000,0xe0000
1781157420,56.0,2400000,0xe0000
1781157421,56.0,2400000,0xe0000
1781157422,55.4,2400000,0xe0000
1781157423,56.0,2400000,0xe0000
1781157424,56.0,2400000,0xe0000
1781157425,56.0,2400000,0xe0000
1781157426,56.0,2400000,0xe0000
1781157427,55.4,2400000,0xe0000
1781157428,54.9,2400000,0xe0000
1781157429,55.4,2400000,0xe0000
1781157430,56.0,2400000,0xe0000
1781157431,55.4,2400000,0xe0000
1781157432,56.0,2400000,0xe0000
1781157433,55.4,2400000,0xe0000
1781157434,55.4,2400000,0xe0000
1781157435,54.9,2400000,0xe0000
1781157437,56.5,2400000,0xe0000
1781157438,56.0,2400000,0xe0000
1781157439,56.5,2400000,0xe0000
1781157440,56.0,2400000,0xe0000
1781157441,56.0,2400000,0xe0000
1781157442,56.0,2400000,0xe0000
1781157443,55.4,2400000,0xe0000
1781157444,56.0,2400000,0xe0000
1781157445,55.4,2400000,0xe0000
1781157446,56.5,2400000,0xe0000
1781157447,56.0,2400000,0xe0000
1781157448,56.0,2400000,0xe0000
1781157449,56.0,2400000,0xe0000
1781157450,56.0,2400000,0xe0000
1781157451,56.0,2400000,0xe0000
1781157452,54.9,2400000,0xe0000
1781157453,56.5,2400000,0xe0000
1781157454,56.0,2400000,0xe0000
1781157455,55.4,2400000,0xe0000
1781157456,56.0,2400000,0xe0000
1781157457,56.0,2400000,0xe0000
1781157458,56.5,2400000,0xe0000
1781157459,56.0,2400000,0xe0000
1781157460,56.5,2400000,0xe0000
1781157461,56.5,2400000,0xe0000
1781157462,56.5,2400000,0xe0000
1781157463,56.0,2400000,0xe0000
1781157464,55.4,2400000,0xe0000
1781157466,56.0,2400000,0xe0000
1781157467,56.0,2400000,0xe0000
1781157468,56.5,2400000,0xe0000
1781157469,56.5,2400000,0xe0000
1781157470,56.5,2400000,0xe0000
1781157471,55.4,2400000,0xe0000
1781157472,56.5,2400000,0xe0000
1781157473,56.5,2400000,0xe0000
1781157474,56.5,2400000,0xe0000
1781157475,56.0,2400000,0xe0000
1781157476,56.0,2400000,0xe0000
1781157477,56.0,2400000,0xe0000
1781157478,56.5,2400000,0xe0000
1781157479,56.0,2400000,0xe0000
1781157480,56.5,2400000,0xe0000
1781157481,56.5,2400000,0xe0000
1781157482,56.5,2400000,0xe0000
1781157483,56.5,2400000,0xe0000
1781157484,56.5,2400000,0xe0000
1781157485,56.0,2400000,0xe0000
1781157486,56.5,2400000,0xe0000
1781157487,56.5,2400000,0xe0000
1781157488,56.5,2400000,0xe0000
1781157489,56.0,2400000,0xe0000
1781157490,56.0,2400000,0xe0000
1781157492,56.0,2400000,0xe0000
1781157493,56.0,2400000,0xe0000
1781157494,57.1,2400000,0xe0000
1781157495,56.0,2400000,0xe0000
1781157496,56.5,2400000,0xe0000
1781157497,57.1,2400000,0xe0000
1781157498,55.4,2400000,0xe0000
1781157499,54.9,2400000,0xe0000
1781157500,56.5,2400000,0xe0000
1781157501,55.4,2400000,0xe0000
1781157502,56.0,2400000,0xe0000
1781157503,56.0,2400000,0xe0000
1781157504,56.5,2400000,0xe0000
1781157505,56.5,2400000,0xe0000
1781157506,56.0,2400000,0xe0000
1781157507,56.5,2400000,0xe0000
1781157508,56.0,2400000,0xe0000
1781157509,56.5,2400000,0xe0000
1781157510,55.4,2400000,0xe0000
1781157511,56.5,2400000,0xe0000
1781157512,56.5,2400000,0xe0000
1781157513,56.5,2400000,0xe0000
1781157514,56.5,2400000,0xe0000
1781157515,56.0,2400000,0xe0000
1781157516,56.5,2400000,0xe0000
1781157518,56.5,2400000,0xe0000
1781157519,56.5,2400000,0xe0000
1781157520,56.5,2400000,0xe0000
1781157521,56.5,2400000,0xe0000
1781157522,57.1,2400000,0xe0000
1781157523,57.1,2400000,0xe0000
1781157524,56.5,2400000,0xe0000
1781157525,56.5,2400000,0xe0000
1781157526,56.0,2400000,0xe0000
1781157527,57.1,2400000,0xe0000
1781157528,56.5,2400000,0xe0000
1781157529,57.1,2400000,0xe0000
1781157530,56.5,2400000,0xe0000
1781157531,56.5,2400000,0xe0000
1781157532,56.5,2400000,0xe0000
1781157533,56.5,2400000,0xe0000
1781157534,56.0,2400000,0xe0000
1781157535,56.5,2400000,0xe0000
1781157536,56.5,2400000,0xe0000
1781157538,56.5,2400000,0xe0000
1781157539,57.1,2400000,0xe0000
1781157540,56.5,2400000,0xe0000
1781157541,56.0,2400000,0xe0000
1781157542,56.5,2400000,0xe0000
1781157543,56.5,2400000,0xe0000
1781157544,56.5,2400000,0xe0000
1781157545,57.1,2400000,0xe0000
1781157546,55.4,2400000,0xe0000
1781157547,56.5,2400000,0xe0000
1781157548,56.5,2400000,0xe0000
1781157549,57.1,2400000,0xe0000
1781157550,56.5,2400000,0xe0000
1781157551,56.5,2400000,0xe0000
1781157552,56.5,2400000,0xe0000
1781157553,56.5,2400000,0xe0000
1781157554,57.1,2400000,0xe0000
1781157555,57.1,2400000,0xe0000
1781157556,56.5,2400000,0xe0000
1781157557,56.5,2400000,0xe0000
1781157558,56.5,2400000,0xe0000
1781157559,56.0,2400000,0xe0000
1781157560,56.5,2400000,0xe0000
1781157561,56.0,2400000,0xe0000
1781157563,56.5,2400000,0xe0000
1781157564,56.5,2400000,0xe0000
1781157565,56.5,2400000,0xe0000
1781157566,57.1,2400000,0xe0000
1781157567,56.5,2400000,0xe0000
1781157568,56.0,2400000,0xe0000
1781157569,57.1,2400000,0xe0000
1781157570,56.0,2400000,0xe0000
1781157571,56.0,2400000,0xe0000
1781157572,56.5,2400000,0xe0000
1781157573,57.1,2400000,0xe0000
1781157574,55.4,2400000,0xe0000
1781157575,57.1,2400000,0xe0000
1781157576,57.1,2400000,0xe0000
1781157577,56.0,2400000,0xe0000
1781157578,55.4,2400000,0xe0000
1781157579,56.5,2400000,0xe0000
1781157580,57.1,2400000,0xe0000
1781157581,56.5,2400000,0xe0000
1781157582,57.1,2400000,0xe0000
1781157583,56.5,2400000,0xe0000
1781157584,57.1,2400000,0xe0000
1781157585,56.5,2400000,0xe0000
1781157586,56.5,2400000,0xe0000
1781157587,57.1,2400000,0xe0000
1781157588,56.5,2400000,0xe0000
1781157589,57.6,2400000,0xe0000
1781157590,57.1,2400000,0xe0000
1781157591,55.4,2400000,0xe0000
1781157592,56.5,2400000,0xe0000
1781157594,56.5,2400000,0xe0000
1781157595,56.5,2400000,0xe0000
1781157596,56.5,2400000,0xe0000
1781157597,57.1,2400000,0xe0000
1781157598,56.5,2400000,0xe0000
1781157599,57.1,2400000,0xe0000
1781157600,56.5,2400000,0xe0000
1781157601,57.1,2400000,0xe0000
1781157602,56.5,2400000,0xe0000
1781157603,57.1,2400000,0xe0000
1781157604,57.6,2400000,0xe0000
1781157605,57.1,2400000,0xe0000
1781157606,56.5,2400000,0xe0000
1781157607,57.1,2400000,0xe0000
1781157608,56.5,2400000,0xe0000
1781157609,57.1,2400000,0xe0000
1781157610,56.5,2400000,0xe0000
1781157611,55.4,2400000,0xe0000
1781157612,56.5,2400000,0xe0000
1781157613,56.5,2400000,0xe0000
1781157614,56.5,2400000,0xe0000
1781157615,56.5,2400000,0xe0000
1781157616,57.1,2400000,0xe0000
1781157617,56.5,2400000,0xe0000
1781157619,57.1,2400000,0xe0000
1781157620,56.5,2400000,0xe0000
1781157621,56.5,2400000,0xe0000
1781157622,57.1,2400000,0xe0000
1781157623,57.1,2400000,0xe0000
1781157624,57.1,2400000,0xe0000
1781157625,56.0,2400000,0xe0000
1781157626,56.5,2400000,0xe0000
1781157627,55.4,2400000,0xe0000
1781157628,57.1,2400000,0xe0000
1781157629,56.5,2400000,0xe0000
1781157630,56.5,2400000,0xe0000
1781157631,56.5,2400000,0xe0000
1781157632,57.1,2400000,0xe0000
1781157633,57.1,2400000,0xe0000
1781157634,57.6,2400000,0xe0000
1781157635,56.5,2400000,0xe0000
1781157636,56.5,2400000,0xe0000
1781157637,57.1,2400000,0xe0000
1781157638,56.5,2400000,0xe0000
1781157639,56.5,2400000,0xe0000
1781157640,56.5,2400000,0xe0000
1781157641,57.1,2400000,0xe0000
1781157642,57.1,2400000,0xe0000
1781157644,57.1,2400000,0xe0000
1781157645,57.6,2400000,0xe0000
1781157646,56.5,2400000,0xe0000
1781157647,56.0,2400000,0xe0000
1781157648,56.0,2400000,0xe0000
1781157649,57.1,2400000,0xe0000
1781157650,57.1,2400000,0xe0000
1781157651,57.1,2400000,0xe0000
1781157652,56.5,2400000,0xe0000
1781157653,57.1,2400000,0xe0000
1781157654,57.1,2400000,0xe0000
1781157655,56.5,2400000,0xe0000
1781157656,56.0,2400000,0xe0000
1781157657,56.5,2400000,0xe0000
1781157658,56.5,2400000,0xe0000
1781157659,56.5,2400000,0xe0000
1781157660,57.1,2400000,0xe0000
1781157661,57.1,2400000,0xe0000
1781157662,57.1,2400000,0xe0000
1781157663,57.1,2400000,0xe0000
1781157664,56.0,2400000,0xe0000
1781157665,57.1,2400000,0xe0000
1781157666,57.1,2400000,0xe0000
1781157667,56.5,2400000,0xe0000
1781157668,57.1,2400000,0xe0000
1781157669,57.1,2400000,0xe0000
1781157670,56.5,2400000,0xe0000
1781157671,57.1,2400000,0xe0000
1781157672,57.1,2400000,0xe0000
1781157673,57.1,2400000,0xe0000
1781157675,57.1,2400000,0xe0000
1781157676,57.1,2400000,0xe0000
1781157677,57.1,2400000,0xe0000
1781157678,57.1,2400000,0xe0000
1781157679,56.5,2400000,0xe0000
1781157680,56.5,2400000,0xe0000
1781157681,57.1,2400000,0xe0000
1781157682,57.1,2400000,0xe0000
1781157683,56.5,2400000,0xe0000
1781157684,57.1,2400000,0xe0000
1781157685,56.5,2400000,0xe0000
1781157686,56.5,2400000,0xe0000
1781157687,57.1,2400000,0xe0000
1781157688,57.1,2400000,0xe0000
1781157689,57.1,2400000,0xe0000
1781157690,57.6,2400000,0xe0000
1781157691,57.1,2400000,0xe0000
1781157692,57.6,2400000,0xe0000
1781157693,56.0,2400000,0xe0000
1781157694,57.1,2400000,0xe0000
1781157696,57.1,2400000,0xe0000
1781157697,56.5,2400000,0xe0000
1781157698,56.5,2400000,0xe0000
1781157699,57.1,2400000,0xe0000
1781157700,56.5,2400000,0xe0000
1781157701,56.5,2400000,0xe0000
1781157702,57.1,2400000,0xe0000
1781157703,57.1,2400000,0xe0000
1781157704,57.1,2400000,0xe0000
1781157705,57.6,2400000,0xe0000
1781157706,57.6,2400000,0xe0000
1781157707,57.1,2400000,0xe0000
1781157708,57.1,2400000,0xe0000
1781157709,56.5,2400000,0xe0000
1781157710,57.6,2400000,0xe0000
1781157711,57.1,2400000,0xe0000
1781157712,57.1,2400000,0xe0000
1781157714,56.5,2400000,0xe0000
1781157715,56.5,2400000,0xe0000
1781157716,56.0,2400000,0xe0000
1781157717,57.1,2400000,0xe0000
1781157718,57.1,2400000,0xe0000
1781157719,57.1,2400000,0xe0000
1781157720,56.5,2400000,0xe0000
1781157721,57.6,2400000,0xe0000
1781157722,56.5,2400000,0xe0000
1781157723,57.1,2400000,0xe0000
1781157724,57.1,2400000,0xe0000
1781157725,57.6,2400000,0xe0000
1781157726,56.5,2400000,0xe0000
1781157727,56.5,2400000,0xe0000
1781157728,57.1,2400000,0xe0000
1781157729,57.1,2400000,0xe0000
1781157730,57.1,2400000,0xe0000
1781157731,57.1,2400000,0xe0000
1781157732,57.1,2400000,0xe0000
1781157733,57.1,2400000,0xe0000
1781157734,56.5,2400000,0xe0000
1781157735,57.1,2400000,0xe0000
1781157736,57.1,2400000,0xe0000
1781157738,57.1,2400000,0xe0000
1781157739,57.1,2400000,0xe0000
1781157740,57.6,2400000,0xe0000
1781157741,57.6,2400000,0xe0000
1781157742,56.5,2400000,0xe0000
1781157743,57.1,2400000,0xe0000
1781157744,56.5,2400000,0xe0000
1781157745,57.1,2400000,0xe0000
1781157746,57.1,2400000,0xe0000
1781157747,57.6,2400000,0xe0000
1781157748,56.5,2400000,0xe0000
1781157749,57.1,2400000,0xe0000
1781157750,57.1,2400000,0xe0000
1781157751,56.5,2400000,0xe0000
1781157752,56.5,2400000,0xe0000
1781157753,57.1,2400000,0xe0000
1781157754,57.1,2400000,0xe0000
1781157755,57.1,2400000,0xe0000
1781157756,57.1,2400000,0xe0000
1781157757,57.1,2400000,0xe0000
1781157758,56.5,2400000,0xe0000
1781157759,57.1,2400000,0xe0000
1781157760,56.5,2400000,0xe0000
1781157761,57.1,2400000,0xe0000
1781157762,55.4,2400000,0xe0000
1781157763,56.0,2400000,0xe0000
1781157764,56.0,2400000,0xe0000
1781157765,57.1,2400000,0xe0000
1781157766,56.5,2400000,0xe0000
1781157767,56.5,2400000,0xe0000
1781157769,56.5,2400000,0xe0000
1781157770,57.1,2400000,0xe0000
1781157771,57.1,2400000,0xe0000
1781157772,57.6,2400000,0xe0000
1781157773,57.1,2400000,0xe0000
1781157774,57.1,2400000,0xe0000
1781157775,57.1,2400000,0xe0000
1781157776,57.1,2400000,0xe0000
1781157777,56.5,2400000,0xe0000
1781157778,57.1,2400000,0xe0000
1781157779,57.1,2400000,0xe0000
1781157780,57.1,2400000,0xe0000
1781157781,56.5,2400000,0xe0000
1781157782,56.5,2400000,0xe0000
1781157783,57.1,2400000,0xe0000
1781157784,57.6,2400000,0xe0000
1781157785,57.1,2400000,0xe0000
1781157786,57.1,2400000,0xe0000
1781157787,56.5,2400000,0xe0000
1781157788,57.1,2400000,0xe0000
1781157789,57.1,2400000,0xe0000
1781157790,57.1,2400000,0xe0000
1781157791,56.5,2400000,0xe0000
1781157793,56.5,2400000,0xe0000
1781157794,56.5,2400000,0xe0000
1781157795,56.5,2400000,0xe0000
1781157796,56.5,2400000,0xe0000
1781157797,56.5,2400000,0xe0000
1781157798,57.1,2400000,0xe0000
1781157799,57.1,2400000,0xe0000
1781157800,57.6,2400000,0xe0000
1781157801,57.1,2400000,0xe0000
1781157802,57.1,2400000,0xe0000
1781157803,57.1,2400000,0xe0000
1781157804,57.1,2400000,0xe0000
1781157805,57.1,2400000,0xe0000
1781157806,57.6,2400000,0xe0000
1781157807,57.1,2400000,0xe0000
1781157808,56.5,2400000,0xe0000
1781157809,57.1,2400000,0xe0000
1781157810,56.5,2400000,0xe0000
1781157811,57.1,2400000,0xe0000
1781157812,57.1,2400000,0xe0000
1781157813,57.1,2400000,0xe0000
1781157815,56.5,2400000,0xe0000
1781157816,57.1,2400000,0xe0000
1781157817,57.1,2400000,0xe0000
1781157818,57.1,2400000,0xe0000
1781157819,57.6,2400000,0xe0000
1781157820,57.1,2400000,0xe0000
1781157821,57.1,2400000,0xe0000
1781157822,56.5,2400000,0xe0000
1781157823,57.1,2400000,0xe0000
1781157824,57.1,2400000,0xe0000
1781157825,57.1,2400000,0xe0000
1781157826,57.1,2400000,0xe0000
1781157827,56.0,2400000,0xe0000
1781157828,57.6,2400000,0xe0000
1781157829,57.1,2400000,0xe0000
1781157830,57.6,2400000,0xe0000
1781157831,56.5,2400000,0xe0000
1781157832,56.5,2400000,0xe0000
1781157833,57.1,2400000,0xe0000
1781157834,57.6,2400000,0xe0000
1781157835,57.1,2400000,0xe0000
1781157836,57.1,2400000,0xe0000
1781157837,57.1,2400000,0xe0000
1781157839,57.1,2400000,0xe0000
1781157840,56.5,2400000,0xe0000
1781157841,57.1,2400000,0xe0000
1781157842,56.5,2400000,0xe0000
1781157843,57.1,2400000,0xe0000
1781157844,57.1,2400000,0xe0000
1781157845,57.1,2400000,0xe0000
1781157846,57.6,2400000,0xe0000
1781157847,57.1,2400000,0xe0000
1781157848,56.5,2400000,0xe0000
1781157849,57.1,2400000,0xe0000
1781157850,57.1,2400000,0xe0000
1781157851,57.6,2400000,0xe0000
1781157852,57.6,2400000,0xe0000
1781157853,57.1,2400000,0xe0000
1781157854,57.1,2400000,0xe0000
1781157855,56.5,2400000,0xe0000
1781157856,57.1,2400000,0xe0000
1781157857,57.1,2400000,0xe0000
1781157858,57.1,2400000,0xe0000
1781157859,57.1,2400000,0xe0000
1781157861,57.1,2400000,0xe0000
1781157862,56.0,2400000,0xe0000
1781157863,57.6,2400000,0xe0000
1781157864,57.1,2400000,0xe0000
1781157865,57.6,2400000,0xe0000
1781157866,57.1,2400000,0xe0000
1781157867,56.5,2400000,0xe0000
1781157868,57.1,2400000,0xe0000
1781157869,57.1,2400000,0xe0000
1781157870,57.6,2400000,0xe0000
1781157871,56.5,2400000,0xe0000
1781157872,56.0,2400000,0xe0000
1781157873,57.1,2400000,0xe0000
1781157874,57.6,2400000,0xe0000
1781157875,57.1,2400000,0xe0000
1781157876,57.6,2400000,0xe0000
1781157877,56.5,2400000,0xe0000
1781157878,57.1,2400000,0xe0000
1781157879,57.1,2400000,0xe0000
1781157880,56.5,2400000,0xe0000
1781157881,57.1,2400000,0xe0000
1781157882,57.6,2400000,0xe0000
1781157883,56.5,2400000,0xe0000
1781157884,57.1,2400000,0xe0000
1781157886,57.1,2400000,0xe0000
1781157887,57.6,2400000,0xe0000
1781157888,56.5,2400000,0xe0000
1781157889,57.1,2400000,0xe0000
1781157890,57.1,2400000,0xe0000
1781157891,56.0,2400000,0xe0000
1781157892,57.1,2400000,0xe0000
1781157893,56.5,2400000,0xe0000
1781157894,57.1,2400000,0xe0000
1781157895,57.1,2400000,0xe0000
1781157896,57.6,2400000,0xe0000
1781157897,57.6,2400000,0xe0000
1781157898,57.1,2400000,0xe0000
1781157899,56.5,2400000,0xe0000
1781157900,56.5,2400000,0xe0000
1781157901,57.1,2400000,0xe0000
1781157902,57.1,2400000,0xe0000
1781157903,57.1,2400000,0xe0000
1781157904,57.1,2400000,0xe0000
1781157905,56.0,2400000,0xe0000
1781157906,57.1,2400000,0xe0000
1781157907,57.1,2400000,0xe0000
1781157908,57.1,2400000,0xe0000
1781157910,57.1,2400000,0xe0000
1781157911,57.1,2400000,0xe0000
1781157912,57.1,2400000,0xe0000
1781157913,57.1,2400000,0xe0000
1781157914,57.1,2400000,0xe0000
1781157915,57.6,2400000,0xe0000
1781157916,57.1,2400000,0xe0000
1781157917,57.1,2400000,0xe0000
1781157918,56.5,2400000,0xe0000
1781157919,57.6,2400000,0xe0000
1781157920,57.1,2400000,0xe0000
1781157921,57.1,2400000,0xe0000
1781157922,57.6,2400000,0xe0000
1781157923,57.1,2400000,0xe0000
1781157924,57.1,2400000,0xe0000
1781157925,56.5,2400000,0xe0000
1781157926,57.1,2400000,0xe0000
1781157927,57.1,2400000,0xe0000
1781157928,57.1,2400000,0xe0000
1781157929,57.1,2400000,0xe0000
1781157930,56.5,2400000,0xe0000
1781157931,57.1,2400000,0xe0000
1781157932,57.6,2400000,0xe0000
1781157933,57.1,2400000,0xe0000
1781157934,56.5,2400000,0xe0000
1781157936,56.0,2400000,0xe0000
1781157937,56.5,2400000,0xe0000
1781157938,56.5,2400000,0xe0000
1781157939,56.5,2400000,0xe0000
1781157940,57.1,2400000,0xe0000
1781157941,56.5,2400000,0xe0000
1781157942,57.6,2400000,0xe0000
1781157943,57.1,2400000,0xe0000
1781157944,57.1,2400000,0xe0000
1781157945,56.5,2400000,0xe0000
1781157946,57.1,2400000,0xe0000
1781157947,57.1,2400000,0xe0000
1781157948,57.1,2400000,0xe0000
1781157949,56.0,2400000,0xe0000
1781157950,57.1,2400000,0xe0000
1781157951,57.6,2400000,0xe0000
1781157952,57.1,2400000,0xe0000
1781157953,57.1,2400000,0xe0000
1781157954,57.1,2400000,0xe0000
1781157955,57.1,2400000,0xe0000
1781157956,57.6,2400000,0xe0000
1781157957,57.1,2400000,0xe0000
1781157958,57.6,2400000,0xe0000
1781157959,57.1,2400000,0xe0000
1781157960,57.1,2400000,0xe0000
1781157962,57.1,2400000,0xe0000
1781157963,56.5,2400000,0xe0000
1781157964,57.1,2400000,0xe0000
1781157965,56.5,2400000,0xe0000
1781157966,56.0,2400000,0xe0000
1781157967,57.6,2400000,0xe0000
1781157968,56.5,2400000,0xe0000
1781157969,57.1,2400000,0xe0000
1781157970,57.1,2400000,0xe0000
1781157971,57.1,2400000,0xe0000
1781157972,57.1,2400000,0xe0000
1781157973,57.1,2400000,0xe0000
1781157974,56.5,2400000,0xe0000
1781157975,57.6,2400000,0xe0000
1781157976,57.1,2400000,0xe0000
1781157977,57.1,2400000,0xe0000
1781157978,57.1,2400000,0xe0000
1781157979,57.1,2400000,0xe0000
1781157980,56.0,2400000,0xe0000
1781157981,56.5,2400000,0xe0000
1781157983,57.6,2400000,0xe0000
1781157984,57.1,2400000,0xe0000
1781157985,57.1,2400000,0xe0000
1781157986,57.1,2400000,0xe0000
1781157987,56.5,2400000,0xe0000
1781157988,57.1,2400000,0xe0000
1781157989,56.5,2400000,0xe0000
1781157990,57.1,2400000,0xe0000
1781157991,56.5,2400000,0xe0000
1781157992,57.1,2400000,0xe0000
1781157993,56.5,2400000,0xe0000
1781157994,57.1,2400000,0xe0000
1781157995,57.6,2400000,0xe0000
1781157996,57.1,2400000,0xe0000
1781157997,57.1,2400000,0xe0000
1781157998,57.6,2400000,0xe0000
1781157999,57.1,2400000,0xe0000
1781158000,56.5,2400000,0xe0000
1781158001,56.0,2400000,0xe0000
1781158002,56.5,2400000,0xe0000
1781158003,57.1,2400000,0xe0000
1781158004,57.6,2400000,0xe0000
1781158005,57.1,2400000,0xe0000
1781158006,56.5,2400000,0xe0000
1781158007,57.6,2400000,0xe0000
1781158008,57.1,2400000,0xe0000
1781158009,57.1,2400000,0xe0000
1781158010,56.0,2400000,0xe0000
1781158012,56.5,2400000,0xe0000
1781158013,56.5,2400000,0xe0000
1781158014,56.0,2400000,0xe0000
1781158015,57.1,2400000,0xe0000
1781158016,57.6,2400000,0xe0000
1781158017,57.1,2400000,0xe0000
1781158018,56.5,2400000,0xe0000
1781158019,56.0,2400000,0xe0000
1781158020,57.6,2400000,0xe0000
1781158021,57.1,2400000,0xe0000
1781158022,57.6,2400000,0xe0000
1781158023,56.5,2400000,0xe0000
1781158024,56.5,2400000,0xe0000
1781158025,57.1,2400000,0xe0000
1781158026,57.6,2400000,0xe0000
1781158027,56.5,2400000,0xe0000
1781158028,58.2,2400000,0xe0000
1781158029,56.0,2400000,0xe0000
1781158030,57.6,2400000,0xe0000
1781158031,56.0,2400000,0xe0000
1781158032,57.1,2400000,0xe0000
1781158033,57.1,2400000,0xe0000
1781158034,57.6,2400000,0xe0000
1781158035,57.1,2400000,0xe0000
1781158037,57.1,2400000,0xe0000
1781158038,56.5,2400000,0xe0000
1781158039,57.1,2400000,0xe0000
1781158040,57.6,2400000,0xe0000
1781158041,55.4,2400000,0xe0000
1781158042,56.5,2400000,0xe0000
1781158043,57.1,2400000,0xe0000
1781158044,56.0,2400000,0xe0000
1781158045,57.6,2400000,0xe0000
1781158046,57.1,2400000,0xe0000
1781158047,57.1,2400000,0xe0000
1781158048,56.5,2400000,0xe0000
1781158049,56.5,2400000,0xe0000
1781158050,57.1,2400000,0xe0000
1781158051,56.5,2400000,0xe0000
1781158052,57.1,2400000,0xe0000
1781158053,56.5,2400000,0xe0000
1781158054,57.1,2400000,0xe0000
1781158055,57.1,2400000,0xe0000
1781158056,56.5,2400000,0xe0000
1781158057,57.1,2400000,0xe0000
1781158058,57.1,2400000,0xe0000
1781158059,56.5,2400000,0xe0000
1781158060,57.6,2400000,0xe0000
1781158061,57.1,2400000,0xe0000
1781158062,57.1,2400000,0xe0000
1781158063,57.6,2400000,0xe0000
1781158064,57.1,2400000,0xe0000
1781158065,57.1,2400000,0xe0000
1781158066,57.1,2400000,0xe0000
1781158068,57.1,2400000,0xe0000
1781158069,56.5,2400000,0xe0000
1781158070,57.1,2400000,0xe0000
1781158071,57.1,2400000,0xe0000
1781158072,57.1,2400000,0xe0000
1781158073,57.1,2400000,0xe0000
1781158074,57.1,2400000,0xe0000
1781158075,57.6,2400000,0xe0000
1781158076,56.5,2400000,0xe0000
1781158077,57.1,2400000,0xe0000
1781158078,57.1,2400000,0xe0000
1781158079,57.1,2400000,0xe0000
1781158080,57.6,2400000,0xe0000
1781158081,56.5,2400000,0xe0000
1781158082,57.1,2400000,0xe0000
1781158083,57.1,2400000,0xe0000
1781158084,57.1,2400000,0xe0000
1781158085,56.5,2400000,0xe0000
1781158086,56.5,2400000,0xe0000
1781158087,57.1,2400000,0xe0000
1781158088,56.5,2400000,0xe0000
1781158090,56.5,2400000,0xe0000
1781158091,57.1,2400000,0xe0000
1781158092,56.5,2400000,0xe0000
1781158093,57.6,2400000,0xe0000
1781158094,57.1,2400000,0xe0000
1781158095,56.5,2400000,0xe0000
1781158096,57.1,2400000,0xe0000
1781158097,56.5,2400000,0xe0000
1781158098,57.1,2400000,0xe0000
1781158099,57.1,2400000,0xe0000
1781158100,57.1,2400000,0xe0000
1781158101,57.1,2400000,0xe0000
1781158102,56.5,2400000,0xe0000
1781158103,57.6,2400000,0xe0000
1781158104,56.5,2400000,0xe0000
1781158106,57.6,2400000,0xe0000
1781158107,56.5,2400000,0xe0000
1781158108,57.1,2400000,0xe0000
1781158109,56.5,2400000,0xe0000
1781158110,57.1,2400000,0xe0000
1781158111,57.1,2400000,0xe0000
1781158112,57.1,2400000,0xe0000
1781158113,57.1,2400000,0xe0000
1781158114,57.1,2400000,0xe0000
1781158115,57.1,2400000,0xe0000
1781158116,56.5,2400000,0xe0000
1781158117,57.1,2400000,0xe0000
1781158118,56.5,2400000,0xe0000
1781158119,57.1,2400000,0xe0000
1781158120,56.5,2400000,0xe0000
1781158121,56.5,2400000,0xe0000
1781158122,56.5,2400000,0xe0000
1781158123,57.6,2400000,0xe0000
1781158124,57.1,2400000,0xe0000
1781158125,57.1,2400000,0xe0000
1781158126,56.5,2400000,0xe0000
1781158127,57.1,2400000,0xe0000
1781158128,57.1,2400000,0xe0000
1781158129,56.5,2400000,0xe0000
1781158130,56.5,2400000,0xe0000
1781158132,56.0,2400000,0xe0000
1781158133,57.6,2400000,0xe0000
1781158134,56.5,2400000,0xe0000
1781158135,57.6,2400000,0xe0000
1781158136,57.1,2400000,0xe0000
1781158137,56.5,2400000,0xe0000
1781158138,56.5,2400000,0xe0000
1781158139,57.6,2400000,0xe0000
1781158140,57.1,2400000,0xe0000
1781158141,57.1,2400000,0xe0000
1781158142,56.5,2400000,0xe0000
1781158143,56.5,2400000,0xe0000
1781158144,57.6,2400000,0xe0000
1781158145,57.1,2400000,0xe0000
1781158146,57.1,2400000,0xe0000
1781158147,56.0,2400000,0xe0000
1781158148,57.1,2400000,0xe0000
1781158149,57.1,2400000,0xe0000
1781158151,57.1,2400000,0xe0000
1781158152,56.5,2400000,0xe0000
1781158153,56.5,2400000,0xe0000
1781158154,57.1,2400000,0xe0000
1781158155,56.5,2400000,0xe0000
1781158156,57.1,2400000,0xe0000
1781158157,57.6,2400000,0xe0000
1781158158,56.5,2400000,0xe0000
1781158159,57.1,2400000,0xe0000
1781158160,57.1,2400000,0xe0000
1781158161,57.1,2400000,0xe0000
1781158162,57.1,2400000,0xe0000
1781158163,57.1,2400000,0xe0000
1781158164,57.1,2400000,0xe0000
1781158165,57.1,2400000,0xe0000
1781158166,57.1,2400000,0xe0000
1781158167,57.1,2400000,0xe0000
1781158168,56.5,2400000,0xe0000
1781158169,57.1,2400000,0xe0000
1781158170,56.5,2400000,0xe0000
1781158171,57.1,2400000,0xe0000
1781158172,56.0,2400000,0xe0000
1781158173,56.5,2400000,0xe0000
1781158174,56.5,2400000,0xe0000
1781158175,57.1,2400000,0xe0000
1781158176,57.6,2400000,0xe0000
1781158177,57.1,2400000,0xe0000
1781158179,56.5,2400000,0xe0000
1781158180,57.1,2400000,0xe0000
1781158181,57.1,2400000,0xe0000
1781158182,57.6,2400000,0xe0000
1781158183,57.1,2400000,0xe0000
1781158184,57.6,2400000,0xe0000
1781158185,56.5,2400000,0xe0000
1781158186,57.1,2400000,0xe0000
1781158187,57.1,2400000,0xe0000
1781158188,57.1,2400000,0xe0000
1781158189,57.1,2400000,0xe0000
1781158190,57.1,2400000,0xe0000
1781158191,57.1,2400000,0xe0000
1781158192,57.1,2400000,0xe0000
1781158193,57.1,2400000,0xe0000
1781158194,57.1,2400000,0xe0000
1781158195,57.1,2400000,0xe0000
1781158196,57.1,2400000,0xe0000
1781158197,57.1,2400000,0xe0000
1781158198,57.1,2400000,0xe0000
1781158199,57.6,2400000,0xe0000
1781158200,56.5,2400000,0xe0000
1781158201,57.1,2400000,0xe0000
1781158202,57.1,2400000,0xe0000
1781158203,57.1,2400000,0xe0000
1781158205,57.1,2400000,0xe0000
1781158206,57.1,2400000,0xe0000
1781158207,57.1,2400000,0xe0000
1781158208,57.6,2400000,0xe0000
1781158209,56.5,2400000,0xe0000
1781158210,56.5,2400000,0xe0000
1781158211,57.1,2400000,0xe0000
1781158212,56.5,2400000,0xe0000
1781158213,57.1,2400000,0xe0000
1781158214,57.1,2400000,0xe0000
1781158215,57.1,2400000,0xe0000
1781158216,57.1,2400000,0xe0000
1781158217,56.5,2400000,0xe0000
1781158218,57.1,2400000,0xe0000
1781158219,56.5,2400000,0xe0000
1781158220,57.1,2400000,0xe0000
1781158221,57.1,2400000,0xe0000
1781158222,57.1,2400000,0xe0000
1781158223,57.6,2400000,0xe0000
1781158225,57.1,2400000,0xe0000
1781158226,57.1,2400000,0xe0000
1781158227,56.5,2400000,0xe0000
1781158228,57.1,2400000,0xe0000
1781158229,56.5,2400000,0xe0000
1781158230,57.1,2400000,0xe0000
1781158231,57.1,2400000,0xe0000
1781158232,57.1,2400000,0xe0000
1781158233,57.1,2400000,0xe0000
1781158234,57.1,2400000,0xe0000
1781158235,56.0,2400000,0xe0000
1781158236,57.6,2400000,0xe0000
1781158237,57.1,2400000,0xe0000
1781158238,56.5,2400000,0xe0000
1781158239,57.1,2400000,0xe0000
1781158240,57.1,2400000,0xe0000
1781158241,57.6,2400000,0xe0000
1781158242,57.1,2400000,0xe0000
1781158243,57.6,2400000,0xe0000
1781158244,57.6,2400000,0xe0000
1781158245,57.1,2400000,0xe0000
1781158246,57.6,2400000,0xe0000
1781158248,57.1,2400000,0xe0000
1781158249,57.1,2400000,0xe0000
1781158250,57.6,2400000,0xe0000
1781158251,57.1,2400000,0xe0000
1781158252,57.6,2400000,0xe0000
1781158253,57.1,2400000,0xe0000
1781158254,57.1,2400000,0xe0000
1781158255,57.6,2400000,0xe0000
1781158256,56.5,2400000,0xe0000
1781158257,57.1,2400000,0xe0000
1781158258,57.6,2400000,0xe0000
1781158259,57.6,2400000,0xe0000
1781158260,57.1,2400000,0xe0000
1781158261,56.5,2400000,0xe0000
1781158262,57.1,2400000,0xe0000
1781158263,58.2,2400000,0xe0000
1781158264,57.1,2400000,0xe0000
1781158265,57.1,2400000,0xe0000
1781158266,57.1,2400000,0xe0000
1781158267,56.0,2400000,0xe0000
1781158268,57.1,2400000,0xe0000
1781158270,57.1,2400000,0xe0000
1781158271,57.1,2400000,0xe0000
1781158272,57.1,2400000,0xe0000
1781158273,57.1,2400000,0xe0000
1781158274,57.1,2400000,0xe0000
1781158275,57.1,2400000,0xe0000
1781158276,57.6,2400000,0xe0000
1781158277,57.6,2400000,0xe0000
1781158278,57.1,2400000,0xe0000
1781158279,57.1,2400000,0xe0000
1781158280,57.1,2400000,0xe0000
1781158281,57.6,2400000,0xe0000
1781158282,57.1,2400000,0xe0000
1781158283,57.6,2400000,0xe0000
1781158284,57.1,2400000,0xe0000
1781158285,57.1,2400000,0xe0000
1781158286,57.6,2400000,0xe0000
1781158288,57.1,2400000,0xe0000
1781158289,57.1,2400000,0xe0000
1781158290,56.0,2400000,0xe0000
1781158291,56.5,2400000,0xe0000
1781158292,57.1,2400000,0xe0000
1781158293,57.1,2400000,0xe0000
1781158294,56.5,2400000,0xe0000
1781158295,57.1,2400000,0xe0000
1781158296,57.1,2400000,0xe0000
1781158297,57.6,2400000,0xe0000
1781158298,57.6,2400000,0xe0000
1781158299,56.5,2400000,0xe0000
1781158300,57.1,2400000,0xe0000
1781158301,57.1,2400000,0xe0000
1781158302,57.1,2400000,0xe0000
1781158303,57.6,2400000,0xe0000
1781158304,57.1,2400000,0xe0000
1781158305,57.1,2400000,0xe0000
1781158307,57.1,2400000,0xe0000
1781158308,56.0,2400000,0xe0000
1781158309,57.6,2400000,0xe0000
1781158310,57.6,2400000,0xe0000
1781158311,57.1,2400000,0xe0000
1781158312,58.2,2400000,0xe0000
1781158313,57.1,2400000,0xe0000
1781158314,57.6,2400000,0xe0000
1781158315,57.6,2400000,0xe0000
1781158316,57.6,2400000,0xe0000
1781158317,57.6,2400000,0xe0000
1781158318,57.1,2400000,0xe0000
1781158319,57.1,2400000,0xe0000
1781158320,57.1,2400000,0xe0000
1781158321,57.6,2400000,0xe0000
1781158322,57.6,2400000,0xe0000
1781158323,57.6,2400000,0xe0000
1781158324,57.6,2400000,0xe0000
1781158325,57.6,2400000,0xe0000
1781158326,56.5,2400000,0xe0000
1781158327,57.6,2400000,0xe0000
1781158328,57.6,2400000,0xe0000
1781158329,57.1,2400000,0xe0000
1781158330,57.6,2400000,0xe0000
1781158332,57.6,2400000,0xe0000
1781158333,57.1,2400000,0xe0000
1781158334,57.1,2400000,0xe0000
1781158335,57.1,2400000,0xe0000
1781158336,58.2,2400000,0xe0000
1781158337,57.6,2400000,0xe0000
1781158338,57.6,2400000,0xe0000
1781158339,57.6,2400000,0xe0000
1781158340,57.1,2400000,0xe0000
1781158341,57.1,2400000,0xe0000
1781158342,57.1,2400000,0xe0000
1781158343,57.6,2400000,0xe0000
1781158344,57.6,2400000,0xe0000
1781158345,57.1,2400000,0xe0000
1781158346,57.6,2400000,0xe0000
1781158347,57.1,2400000,0xe0000
1781158348,57.1,2400000,0xe0000
1781158349,57.1,2400000,0xe0000
1781158350,57.6,2400000,0xe0000
1781158351,57.6,2400000,0xe0000
1781158352,57.6,2400000,0xe0000
1781158353,57.1,2400000,0xe0000
1781158354,57.1,2400000,0xe0000
1781158355,57.6,2400000,0xe0000
1781158356,56.5,2400000,0xe0000
1781158357,57.1,2400000,0xe0000
1781158358,57.1,2400000,0xe0000
1781158359,57.6,2400000,0xe0000
1781158360,56.5,2400000,0xe0000
1781158361,57.6,2400000,0xe0000
1781158363,57.6,2400000,0xe0000
1781158364,57.6,2400000,0xe0000
1781158365,57.6,2400000,0xe0000
1781158366,57.1,2400000,0xe0000
1781158367,57.1,2400000,0xe0000
1781158368,57.6,2400000,0xe0000
1781158369,57.1,2400000,0xe0000
1781158370,57.6,2400000,0xe0000
1781158371,57.1,2400000,0xe0000
1781158372,57.6,2400000,0xe0000
1781158373,57.6,2400000,0xe0000
1781158374,57.1,2400000,0xe0000
1781158375,57.6,2400000,0xe0000
1781158376,57.6,2400000,0xe0000
1781158377,57.1,2400000,0xe0000
1781158378,57.1,2400000,0xe0000
1781158379,57.1,2400000,0xe0000
1781158380,57.6,2400000,0xe0000
1781158381,56.0,2400000,0xe0000
1781158382,56.0,2400000,0xe0000
1781158383,57.1,2400000,0xe0000
1781158384,57.6,2400000,0xe0000
1781158385,57.1,2400000,0xe0000
1781158386,58.2,2400000,0xe0000
1781158387,58.2,2400000,0xe0000
1781158388,57.1,2400000,0xe0000
1781158389,56.5,2400000,0xe0000
1781158390,57.6,2400000,0xe0000
1781158391,57.6,2400000,0xe0000
1781158392,57.1,2400000,0xe0000
1781158394,57.6,2400000,0xe0000
1781158395,57.1,2400000,0xe0000
1781158396,57.1,2400000,0xe0000
1781158397,57.1,2400000,0xe0000
1781158398,57.1,2400000,0xe0000
1781158399,57.6,2400000,0xe0000
1781158400,57.6,2400000,0xe0000
1781158401,57.6,2400000,0xe0000
1781158402,57.1,2400000,0xe0000
1781158403,57.6,2400000,0xe0000
1781158404,57.6,2400000,0xe0000
1781158405,57.6,2400000,0xe0000
1781158406,57.1,2400000,0xe0000
1781158407,57.1,2400000,0xe0000
1781158408,57.6,2400000,0xe0000
1781158409,57.1,2400000,0xe0000
1781158410,57.6,2400000,0xe0000
1781158411,57.1,2400000,0xe0000
1781158412,57.6,2400000,0xe0000
1781158413,57.1,2400000,0xe0000
1781158414,57.6,2400000,0xe0000
1781158415,57.1,2400000,0xe0000
1781158416,57.1,2400000,0xe0000
1781158417,57.1,2400000,0xe0000
1781158419,57.1,2400000,0xe0000
1781158420,57.1,2400000,0xe0000
1781158421,57.1,2400000,0xe0000
1781158422,57.6,2400000,0xe0000
1781158423,57.1,2400000,0xe0000
1781158424,57.6,2400000,0xe0000
1781158425,57.1,2400000,0xe0000
1781158426,57.1,2400000,0xe0000
1781158427,57.1,2400000,0xe0000
1781158428,58.2,2400000,0xe0000
1781158429,57.6,2400000,0xe0000
1781158430,57.6,2400000,0xe0000
1781158431,58.2,2400000,0xe0000
1781158432,57.6,2400000,0xe0000
1781158433,57.6,2400000,0xe0000
1781158434,57.1,2400000,0xe0000
1781158435,56.5,2400000,0xe0000
1781158436,57.6,2400000,0xe0000
1781158437,57.1,2400000,0xe0000
1781158438,57.1,2400000,0xe0000
1781158440,57.1,2400000,0xe0000
1781158441,56.5,2400000,0xe0000
1781158442,57.6,2400000,0xe0000
1781158443,57.6,2400000,0xe0000
1781158444,57.6,2400000,0xe0000
1781158445,57.1,2400000,0xe0000
1781158446,57.6,2400000,0xe0000
1781158447,57.1,2400000,0xe0000
1781158448,57.6,2400000,0xe0000
1781158449,57.1,2400000,0xe0000
1781158450,57.1,2400000,0xe0000
1781158451,56.0,2400000,0xe0000
1781158452,57.1,2400000,0xe0000
1781158453,57.6,2400000,0xe0000
1781158454,56.5,2400000,0xe0000
1781158455,57.6,2400000,0xe0000
1781158456,57.1,2400000,0xe0000
1781158457,57.6,2400000,0xe0000
1781158458,57.6,2400000,0xe0000
1781158459,57.1,2400000,0xe0000
1781158460,57.6,2400000,0xe0000
1781158461,57.1,2400000,0xe0000
1781158462,57.6,2400000,0xe0000
1781158463,57.6,2400000,0xe0000
1781158464,57.1,2400000,0xe0000
1781158465,57.6,2400000,0xe0000
1781158466,56.0,2400000,0xe0000
1781158467,57.6,2400000,0xe0000
1781158469,57.1,2400000,0xe0000
1781158470,57.6,2400000,0xe0000
1781158471,57.6,2400000,0xe0000
1781158472,57.1,2400000,0xe0000
1781158473,57.1,2400000,0xe0000
1781158474,57.1,2400000,0xe0000
1781158475,57.1,2400000,0xe0000
1781158476,57.6,2400000,0xe0000
1781158477,57.1,2400000,0xe0000
1781158478,57.1,2400000,0xe0000
1781158479,56.0,2400000,0xe0000
1781158480,57.6,2400000,0xe0000
1781158481,57.6,2400000,0xe0000
1781158482,57.1,2400000,0xe0000
1781158483,57.6,2400000,0xe0000
1781158484,58.2,2400000,0xe0000
1781158485,57.1,2400000,0xe0000
1781158486,57.1,2400000,0xe0000
1781158488,57.6,2400000,0xe0000
1781158489,57.1,2400000,0xe0000
1781158490,57.6,2400000,0xe0000
1781158491,57.1,2400000,0xe0000
1781158492,56.5,2400000,0xe0000
1781158493,57.6,2400000,0xe0000
1781158494,57.1,2400000,0xe0000
1781158495,57.6,2400000,0xe0000
1781158496,57.6,2400000,0xe0000
1781158497,57.6,2400000,0xe0000
1781158498,57.6,2400000,0xe0000
1781158499,57.1,2400000,0xe0000
1781158500,57.6,2400000,0xe0000
1781158501,57.1,2400000,0xe0000
1781158502,58.2,2400000,0xe0000
1781158503,57.1,2400000,0xe0000
1781158504,57.6,2400000,0xe0000
1781158505,57.6,2400000,0xe0000
1781158506,57.1,2400000,0xe0000
1781158507,58.2,2400000,0xe0000
1781158508,57.1,2400000,0xe0000
1781158509,57.6,2400000,0xe0000
1781158510,57.1,2400000,0xe0000
1781158511,57.6,2400000,0xe0000
1781158512,57.1,2400000,0xe0000
1781158513,57.6,2400000,0xe0000
1781158515,57.6,2400000,0xe0000
1781158516,57.6,2400000,0xe0000
1781158517,57.1,2400000,0xe0000
1781158518,57.1,2400000,0xe0000
1781158519,57.6,2400000,0xe0000
1781158520,57.6,2400000,0xe0000
1781158521,57.6,2400000,0xe0000
1781158522,57.6,2400000,0xe0000
1781158523,57.6,2400000,0xe0000
1781158524,57.1,2400000,0xe0000
1781158525,57.1,2400000,0xe0000
1781158526,57.6,2400000,0xe0000
1781158527,58.2,2400000,0xe0000
1781158528,57.6,2400000,0xe0000
1781158529,57.1,2400000,0xe0000
1781158530,57.1,2400000,0xe0000
1781158531,57.6,2400000,0xe0000
1781158532,57.6,2400000,0xe0000
1781158533,57.6,2400000,0xe0000
1781158534,57.6,2400000,0xe0000
1781158535,57.6,2400000,0xe0000
1781158536,56.0,2400000,0xe0000
1781158537,57.6,2400000,0xe0000
1781158538,57.1,2400000,0xe0000
1781158539,57.6,2400000,0xe0000
1781158540,57.1,2400000,0xe0000
1781158541,57.6,2400000,0xe0000
1781158543,57.1,2400000,0xe0000
1781158544,57.1,2400000,0xe0000
1781158545,57.1,2400000,0xe0000
1781158546,57.1,2400000,0xe0000
1781158547,56.5,2400000,0xe0000
1781158548,57.6,2400000,0xe0000
1781158549,57.6,2400000,0xe0000
1781158550,58.2,2400000,0xe0000
1781158551,57.1,2400000,0xe0000
1781158552,58.2,2400000,0xe0000
1781158553,57.6,2400000,0xe0000
1781158554,56.5,2400000,0xe0000
1781158555,57.6,2400000,0xe0000
1781158556,57.6,2400000,0xe0000
1781158557,57.1,2400000,0xe0000
1781158558,57.6,2400000,0xe0000
1781158559,57.1,2400000,0xe0000
1781158560,57.6,2400000,0xe0000
1781158561,56.5,2400000,0xe0000
1781158562,57.6,2400000,0xe0000
1781158563,57.6,2400000,0xe0000
1781158564,57.1,2400000,0xe0000
1781158565,57.1,2400000,0xe0000
1781158566,58.2,2400000,0xe0000
1781158567,57.6,2400000,0xe0000
1781158569,56.5,2400000,0xe0000
1781158570,57.1,2400000,0xe0000
1781158571,57.1,2400000,0xe0000
1781158572,57.6,2400000,0xe0000
1781158573,57.1,2400000,0xe0000
1781158574,57.6,2400000,0xe0000
1781158575,57.6,2400000,0xe0000
1781158576,58.2,2400000,0xe0000
1781158577,57.6,2400000,0xe0000
1781158578,57.1,2400000,0xe0000
1781158579,57.6,2400000,0xe0000
1781158580,57.1,2400000,0xe0000
1781158581,56.5,2400000,0xe0000
1781158582,57.1,2400000,0xe0000
1781158583,57.6,2400000,0xe0000
1781158584,57.1,2400000,0xe0000
1781158585,57.1,2400000,0xe0000
1781158586,57.1,2400000,0xe0000
1781158587,57.1,2400000,0xe0000
1781158588,58.2,2400000,0xe0000
1781158589,57.6,2400000,0xe0000
1781158590,57.1,2400000,0xe0000
1781158591,57.6,2400000,0xe0000
1781158592,57.1,2400000,0xe0000
1781158593,57.6,2400000,0xe0000
1781158594,57.6,2400000,0xe0000
1781158595,57.1,2400000,0xe0000
1781158596,57.1,2400000,0xe0000
1781158597,57.1,2400000,0xe0000
1781158599,57.1,2400000,0xe0000
1781158600,57.1,2400000,0xe0000
1781158601,58.2,2400000,0xe0000
1781158602,57.6,2400000,0xe0000
1781158603,57.1,2400000,0xe0000
1781158604,56.5,2400000,0xe0000
1781158605,57.1,2400000,0xe0000
1781158606,57.6,2400000,0xe0000
1781158607,58.2,2400000,0xe0000
1781158608,57.1,2400000,0xe0000
1781158609,57.1,2400000,0xe0000
1781158610,57.6,2400000,0xe0000
1781158611,57.1,2400000,0xe0000
1781158612,58.2,2400000,0xe0000
1781158613,57.6,2400000,0xe0000
1781158614,57.6,2400000,0xe0000
1781158615,57.6,2400000,0xe0000
1781158616,58.2,2400000,0xe0000
1781158617,58.2,2400000,0xe0000
1781158618,57.1,2400000,0xe0000
1781158619,57.1,2400000,0xe0000
1781158620,57.6,2400000,0xe0000
1781158621,57.1,2400000,0xe0000
1781158622,57.1,2400000,0xe0000
1781158624,57.6,2400000,0xe0000
1781158625,56.5,2400000,0xe0000
1781158626,57.1,2400000,0xe0000
1781158627,57.1,2400000,0xe0000
1781158628,57.6,2400000,0xe0000
1781158629,57.1,2400000,0xe0000
1781158630,57.1,2400000,0xe0000
1781158631,57.1,2400000,0xe0000
1781158632,56.5,2400000,0xe0000
1781158633,57.6,2400000,0xe0000
1781158634,57.1,2400000,0xe0000
1781158635,57.6,2400000,0xe0000
1781158636,57.1,2400000,0xe0000
1781158637,57.6,2400000,0xe0000
1781158638,57.1,2400000,0xe0000
1781158639,57.6,2400000,0xe0000
1781158640,57.6,2400000,0xe0000
1781158641,57.1,2400000,0xe0000
1781158642,57.6,2400000,0xe0000
1781158643,57.6,2400000,0xe0000
1781158644,57.6,2400000,0xe0000
1781158645,57.6,2400000,0xe0000
1781158646,57.6,2400000,0xe0000
1781158647,58.2,2400000,0xe0000
1781158648,58.2,2400000,0xe0000
1781158650,57.6,2400000,0xe0000
1781158651,57.6,2400000,0xe0000
1781158652,57.1,2400000,0xe0000
1781158653,56.5,2400000,0xe0000
1781158654,57.6,2400000,0xe0000
1781158655,57.6,2400000,0xe0000
1781158656,57.1,2400000,0xe0000
1781158657,57.6,2400000,0xe0000
1781158658,57.6,2400000,0xe0000
1781158659,58.2,2400000,0xe0000
1781158660,57.1,2400000,0xe0000
1781158661,57.1,2400000,0xe0000
1781158662,57.6,2400000,0xe0000
1781158663,58.2,2400000,0xe0000
1781158664,57.1,2400000,0xe0000
1781158665,58.2,2400000,0xe0000
1781158666,57.6,2400000,0xe0000
1781158667,56.0,2400000,0xe0000
1781158668,58.2,2400000,0xe0000
1781158669,57.6,2400000,0xe0000
1781158670,57.1,2400000,0xe0000
1781158671,57.1,2400000,0xe0000
1781158672,58.2,2400000,0xe0000
1781158673,57.1,2400000,0xe0000
1781158674,57.1,2400000,0xe0000
1781158675,57.1,2400000,0xe0000
1781158676,57.6,2400000,0xe0000
1781158678,57.6,2400000,0xe0000
1781158679,57.1,2400000,0xe0000
1781158680,57.6,2400000,0xe0000
1781158681,57.1,2400000,0xe0000
1781158682,57.6,2400000,0xe0000
1781158683,57.1,2400000,0xe0000
1781158684,57.1,2400000,0xe0000
1781158685,57.6,2400000,0xe0000
1781158686,57.6,2400000,0xe0000
1781158687,57.6,2400000,0xe0000
1781158688,57.6,2400000,0xe0000
1781158689,57.6,2400000,0xe0000
1781158690,57.1,2400000,0xe0000
1781158691,57.1,2400000,0xe0000
1781158692,58.2,2400000,0xe0000
1781158693,58.2,2400000,0xe0000
1781158694,58.2,2400000,0xe0000
1781158695,56.5,2400000,0xe0000
1781158696,57.6,2400000,0xe0000
1781158697,58.2,2400000,0xe0000
1781158698,58.2,2400000,0xe0000
1781158699,57.1,2400000,0xe0000
1781158700,57.6,2400000,0xe0000
1781158701,57.6,2400000,0xe0000
1781158702,57.1,2400000,0xe0000
1781158703,57.1,2400000,0xe0000
1781158705,57.1,2400000,0xe0000
1781158706,57.6,2400000,0xe0000
1781158707,57.6,2400000,0xe0000
1781158708,57.1,2400000,0xe0000
1781158709,57.6,2400000,0xe0000
1781158710,56.5,2400000,0xe0000
1781158711,58.2,2400000,0xe0000
1781158712,57.6,2400000,0xe0000
1781158713,57.6,2400000,0xe0000
1781158714,57.6,2400000,0xe0000
1781158715,57.1,2400000,0xe0000
1781158716,57.6,2400000,0xe0000
1781158717,57.6,2400000,0xe0000
1781158718,57.1,2400000,0xe0000
1781158719,56.5,2400000,0xe0000
1781158720,58.2,2400000,0xe0000
1781158721,56.5,2400000,0xe0000
1781158723,57.6,2400000,0xe0000
1781158724,57.1,2400000,0xe0000
1781158725,58.2,2400000,0xe0000
1781158726,57.1,2400000,0xe0000
1781158727,57.1,2400000,0xe0000
1781158728,57.6,2400000,0xe0000
1781158729,57.6,2400000,0xe0000
1781158730,56.5,2400000,0xe0000
1781158731,57.6,2400000,0xe0000
1781158732,57.6,2400000,0xe0000
1781158733,57.1,2400000,0xe0000
1781158734,56.5,2400000,0xe0000
1781158735,57.1,2400000,0xe0000
1781158736,57.1,2400000,0xe0000
1781158737,57.6,2400000,0xe0000
1781158738,57.1,2400000,0xe0000
1781158739,57.6,2400000,0xe0000
1781158740,56.5,2400000,0xe0000
1781158741,57.6,2400000,0xe0000
1781158742,58.2,2400000,0xe0000
1781158743,57.6,2400000,0xe0000
1781158744,57.1,2400000,0xe0000
1781158745,57.6,2400000,0xe0000
1781158746,58.2,2400000,0xe0000
1781158747,57.1,2400000,0xe0000
1781158748,57.6,2400000,0xe0000
1781158749,56.5,2400000,0xe0000
1781158751,57.1,2400000,0xe0000
1781158752,57.6,2400000,0xe0000
1781158753,57.6,2400000,0xe0000
1781158754,57.1,2400000,0xe0000
1781158755,57.6,2400000,0xe0000
1781158756,57.6,2400000,0xe0000
1781158757,57.6,2400000,0xe0000
1781158758,57.6,2400000,0xe0000
1781158759,57.6,2400000,0xe0000
1781158760,57.1,2400000,0xe0000
1781158761,57.1,2400000,0xe0000
1781158762,57.1,2400000,0xe0000
1781158763,56.5,2400000,0xe0000
1781158764,57.1,2400000,0xe0000
1781158765,57.6,2400000,0xe0000
1781158766,57.6,2400000,0xe0000
1781158767,56.0,2400000,0xe0000
1781158768,57.6,2400000,0xe0000
1781158769,56.5,2400000,0xe0000
1781158770,57.1,2400000,0xe0000
1781158771,57.1,2400000,0xe0000
1781158773,57.1,2400000,0xe0000
1781158774,58.2,2400000,0xe0000
1781158775,57.6,2400000,0xe0000
1781158776,57.1,2400000,0xe0000
1781158777,57.1,2400000,0xe0000
1781158778,57.1,2400000,0xe0000
1781158779,57.1,2400000,0xe0000
1781158780,57.1,2400000,0xe0000
1781158781,57.1,2400000,0xe0000
1781158782,57.6,2400000,0xe0000
1781158783,57.6,2400000,0xe0000
1781158784,58.2,2400000,0xe0000
1781158785,57.1,2400000,0xe0000
1781158786,56.5,2400000,0xe0000
1781158787,57.6,2400000,0xe0000
1781158788,57.1,2400000,0xe0000
1781158789,56.5,2400000,0xe0000
1781158790,57.1,2400000,0xe0000
1781158791,57.1,2400000,0xe0000
1781158792,57.6,2400000,0xe0000
1781158794,57.1,2400000,0xe0000
1781158795,57.6,2400000,0xe0000
1781158796,58.2,2400000,0xe0000
1781158797,57.6,2400000,0xe0000
1781158798,56.5,2400000,0xe0000
1781158799,57.6,2400000,0xe0000
1781158800,57.6,2400000,0xe0000
1781158801,58.2,2400000,0xe0000
1781158802,57.1,2400000,0xe0000
1781158803,57.1,2400000,0xe0000
1781158804,57.1,2400000,0xe0000
1781158805,57.1,2400000,0xe0000
1781158806,57.6,2400000,0xe0000
1781158807,57.1,2400000,0xe0000
1781158808,57.6,2400000,0xe0000
1781158809,57.6,2400000,0xe0000
1781158810,57.6,2400000,0xe0000
1781158811,57.1,2400000,0xe0000
1781158812,57.6,2400000,0xe0000
1781158813,57.1,2400000,0xe0000
1781158814,57.1,2400000,0xe0000
1781158815,57.1,2400000,0xe0000
1781158816,57.1,2400000,0xe0000
1781158817,57.1,2400000,0xe0000
1781158818,57.1,2400000,0xe0000
1781158819,57.6,2400000,0xe0000
1781158820,57.1,2400000,0xe0000
1781158822,56.5,2400000,0xe0000
1781158823,57.6,2400000,0xe0000
1781158824,57.1,2400000,0xe0000
1781158825,57.1,2400000,0xe0000
1781158826,57.6,2400000,0xe0000
1781158827,57.6,2400000,0xe0000
1781158828,57.6,2400000,0xe0000
1781158829,56.5,2400000,0xe0000
1781158830,57.6,2400000,0xe0000
1781158831,57.6,2400000,0xe0000
1781158832,57.6,2400000,0xe0000
1781158833,57.6,2400000,0xe0000
1781158834,57.1,2400000,0xe0000
1781158835,57.6,2400000,0xe0000
1781158836,57.6,2400000,0xe0000
1781158837,57.6,2400000,0xe0000
1781158838,57.6,2400000,0xe0000
1781158839,56.5,2400000,0xe0000
1781158840,57.6,2400000,0xe0000
1781158841,57.1,2400000,0xe0000
1781158843,57.1,2400000,0xe0000
1781158844,56.5,2400000,0xe0000
1781158845,57.6,2400000,0xe0000
1781158846,57.6,2400000,0xe0000
1781158847,56.5,2400000,0xe0000
1781158848,57.1,2400000,0xe0000
1781158849,58.2,2400000,0xe0000
1781158850,57.1,2400000,0xe0000
1781158851,57.6,2400000,0xe0000
1781158852,57.6,2400000,0xe0000
1781158853,57.1,2400000,0xe0000
1781158854,57.6,2400000,0xe0000
1781158855,57.1,2400000,0xe0000
1781158856,57.6,2400000,0xe0000
1781158857,58.2,2400000,0xe0000
1781158858,57.6,2400000,0xe0000
1781158859,57.1,2400000,0xe0000
1781158860,57.1,2400000,0xe0000
1781158861,57.1,2400000,0xe0000
1781158862,57.6,2400000,0xe0000
1781158864,57.6,2400000,0xe0000
1781158865,57.1,2400000,0xe0000
1781158866,57.1,2400000,0xe0000
1781158867,57.1,2400000,0xe0000
1781158868,57.1,2400000,0xe0000
1781158869,57.1,2400000,0xe0000
1781158870,57.6,2400000,0xe0000
1781158871,56.5,2400000,0xe0000
1781158872,57.6,2400000,0xe0000
1781158873,57.6,2400000,0xe0000
1781158874,57.1,2400000,0xe0000
1781158875,57.6,2400000,0xe0000
1781158876,56.5,2400000,0xe0000
1781158877,57.6,2400000,0xe0000
1781158878,56.5,2400000,0xe0000
1781158879,57.6,2400000,0xe0000
1781158880,56.5,2400000,0xe0000
1781158881,57.6,2400000,0xe0000
1781158882,57.6,2400000,0xe0000
1781158883,57.6,2400000,0xe0000
1781158884,57.6,2400000,0xe0000
1781158885,57.1,2400000,0xe0000
1781158886,57.1,2400000,0xe0000
1781158887,57.1,2400000,0xe0000
1781158888,57.6,2400000,0xe0000
1781158889,57.6,2400000,0xe0000
1781158890,57.1,2400000,0xe0000
1781158891,57.6,2400000,0xe0000
1781158892,57.1,2400000,0xe0000
1781158893,57.1,2400000,0xe0000
1781158894,57.6,2400000,0xe0000
1781158895,56.0,2400000,0xe0000
1781158896,57.6,2400000,0xe0000
1781158897,57.6,2400000,0xe0000
1781158899,57.6,2400000,0xe0000
1781158900,57.1,2400000,0xe0000
1781158901,56.5,2400000,0xe0000
1781158902,57.1,2400000,0xe0000
1781158903,57.1,2400000,0xe0000
1781158904,57.1,2400000,0xe0000
1781158905,57.1,2400000,0xe0000
1781158906,57.1,2400000,0xe0000
1781158907,57.6,2400000,0xe0000
1781158908,57.1,2400000,0xe0000
1781158909,56.5,2400000,0xe0000
1781158910,57.1,2400000,0xe0000
1781158911,57.1,2400000,0xe0000
1781158912,57.1,2400000,0xe0000
1781158913,57.6,2400000,0xe0000
1781158914,57.6,2400000,0xe0000
1781158915,57.6,2400000,0xe0000
1781158917,57.1,2400000,0xe0000
1781158918,57.1,2400000,0xe0000
1781158919,57.6,2400000,0xe0000
1781158920,57.1,2400000,0xe0000
1781158921,57.1,2400000,0xe0000
1781158922,57.1,2400000,0xe0000
1781158923,57.1,2400000,0xe0000
1781158924,57.1,2400000,0xe0000
1781158925,57.6,2400000,0xe0000
1781158926,57.6,2400000,0xe0000
1781158927,57.1,2400000,0xe0000
1781158928,57.1,2400000,0xe0000
1781158929,57.6,2400000,0xe0000
1781158930,57.1,2400000,0xe0000
1781158931,57.1,2400000,0xe0000
1781158933,57.1,2400000,0xe0000
1781158934,57.1,2400000,0xe0000
1781158935,57.1,2400000,0xe0000
1781158936,57.1,2400000,0xe0000
1781158937,57.6,2400000,0xe0000
1781158938,57.6,2400000,0xe0000
1781158939,57.1,2400000,0xe0000
1781158940,57.6,2400000,0xe0000
1781158941,57.6,2400000,0xe0000
1781158942,57.1,2400000,0xe0000
1781158943,57.1,2400000,0xe0000
1781158944,57.6,2400000,0xe0000
1781158945,57.6,2400000,0xe0000
1781158946,57.1,2400000,0xe0000
1781158947,57.1,2400000,0xe0000
1781158948,56.0,2400000,0xe0000
1781158949,57.1,2400000,0xe0000
1781158951,57.1,2400000,0xe0000
1781158952,57.1,2400000,0xe0000
1781158953,57.6,2400000,0xe0000
1781158954,57.1,2400000,0xe0000
1781158955,57.1,2400000,0xe0000
1781158956,57.1,2400000,0xe0000
1781158957,57.6,2400000,0xe0000
1781158958,57.1,2400000,0xe0000
1781158959,56.5,2400000,0xe0000
1781158960,57.1,2400000,0xe0000
1781158961,57.6,2400000,0xe0000
1781158962,57.1,2400000,0xe0000
1781158963,56.5,2400000,0xe0000
1781158964,56.5,2400000,0xe0000
1781158965,57.1,2400000,0xe0000
1781158966,58.2,2400000,0xe0000
1781158967,57.1,2400000,0xe0000
1781158968,57.1,2400000,0xe0000
1781158969,57.6,2400000,0xe0000
1781158970,57.1,2400000,0xe0000
1781158971,57.1,2400000,0xe0000
1781158973,57.6,2400000,0xe0000
1781158974,57.6,2400000,0xe0000
1781158975,57.1,2400000,0xe0000
1781158976,56.5,2400000,0xe0000
1781158977,57.6,2400000,0xe0000
1781158978,58.2,2400000,0xe0000
1781158979,57.1,2400000,0xe0000
1781158980,56.5,2400000,0xe0000
1781158981,57.1,2400000,0xe0000
1781158982,56.5,2400000,0xe0000
1781158983,57.6,2400000,0xe0000
1781158984,57.1,2400000,0xe0000
1781158985,57.1,2400000,0xe0000
1781158986,57.1,2400000,0xe0000
1781158987,57.1,2400000,0xe0000
1781158988,57.1,2400000,0xe0000
1781158989,57.1,2400000,0xe0000
1781158990,57.1,2400000,0xe0000
1781158991,57.6,2400000,0xe0000
1781158992,57.6,2400000,0xe0000
1781158993,57.1,2400000,0xe0000
1781158994,57.6,2400000,0xe0000
1781158996,56.5,2400000,0xe0000
1781158997,57.1,2400000,0xe0000
1781158998,57.6,2400000,0xe0000
1781158999,58.2,2400000,0xe0000
1781159000,58.2,2400000,0xe0000
1781159001,58.2,2400000,0xe0000
1781159002,57.1,2400000,0xe0000
1781159003,57.6,2400000,0xe0000
1781159004,57.1,2400000,0xe0000
1781159005,57.6,2400000,0xe0000
1781159006,57.6,2400000,0xe0000
1781159007,58.2,2400000,0xe0000
1781159008,57.1,2400000,0xe0000
1781159009,57.1,2400000,0xe0000
1781159010,57.6,2400000,0xe0000
1781159011,57.6,2400000,0xe0000
1781159012,57.6,2400000,0xe0000
1781159013,58.2,2400000,0xe0000
1781159014,56.0,2400000,0xe0000
1781159016,57.6,2400000,0xe0000
1781159017,57.1,2400000,0xe0000
1781159018,57.1,2400000,0xe0000
1781159019,58.2,2400000,0xe0000
1781159020,57.6,2400000,0xe0000
1781159021,57.6,2400000,0xe0000
1781159022,57.6,2400000,0xe0000
1781159023,56.5,2400000,0xe0000
1781159024,57.6,2400000,0xe0000
1781159025,57.1,2400000,0xe0000
1781159026,57.6,2400000,0xe0000
1781159027,57.1,2400000,0xe0000
1781159028,56.5,2400000,0xe0000
1781159029,57.6,2400000,0xe0000
1781159030,57.6,2400000,0xe0000
1781159031,58.2,2400000,0xe0000
1781159032,57.6,2400000,0xe0000
1781159033,56.5,2400000,0xe0000
1781159034,57.1,2400000,0xe0000
1781159035,57.1,2400000,0xe0000
1781159036,57.6,2400000,0xe0000
1781159037,57.6,2400000,0xe0000
1781159038,57.1,2400000,0xe0000
1781159039,57.1,2400000,0xe0000
1781159040,57.1,2400000,0xe0000
1781159041,57.1,2400000,0xe0000
1781159042,57.1,2400000,0xe0000
1781159044,57.1,2400000,0xe0000
1781159045,57.6,2400000,0xe0000
1781159046,57.6,2400000,0xe0000
1781159047,57.1,2400000,0xe0000
1781159048,57.6,2400000,0xe0000
1781159049,56.5,2400000,0xe0000
1781159050,57.1,2400000,0xe0000
1781159051,57.6,2400000,0xe0000
1781159052,57.1,2400000,0xe0000
1781159053,57.1,2400000,0xe0000
1781159054,57.6,2400000,0xe0000
1781159055,57.1,2400000,0xe0000
1781159056,57.6,2400000,0xe0000
1781159057,58.2,2400000,0xe0000
1781159058,57.1,2400000,0xe0000
1781159059,57.1,2400000,0xe0000
1781159060,56.5,2400000,0xe0000
1781159061,57.6,2400000,0xe0000
1781159063,57.6,2400000,0xe0000
1781159064,57.6,2400000,0xe0000
1781159065,57.1,2400000,0xe0000
1781159066,56.0,2400000,0xe0000
1781159067,57.6,2400000,0xe0000
1781159068,57.6,2400000,0xe0000
1781159069,58.2,2400000,0xe0000
1781159070,57.1,2400000,0xe0000
1781159071,58.2,2400000,0xe0000
1781159072,56.5,2400000,0xe0000
1781159073,57.1,2400000,0xe0000
1781159074,57.6,2400000,0xe0000
1781159075,57.1,2400000,0xe0000
1781159076,57.1,2400000,0xe0000
1781159077,56.5,2400000,0xe0000
1781159078,57.1,2400000,0xe0000
1781159079,57.6,2400000,0xe0000
1781159080,57.6,2400000,0xe0000
1781159081,57.6,2400000,0xe0000
1781159082,57.6,2400000,0xe0000
1781159083,57.1,2400000,0xe0000
1781159084,57.6,2400000,0xe0000
1781159085,57.6,2400000,0xe0000
1781159086,57.1,2400000,0xe0000
1781159087,57.1,2400000,0xe0000
1781159088,57.1,2400000,0xe0000
1781159089,57.1,2400000,0xe0000
1781159090,56.5,2400000,0xe0000
1781159091,57.1,2400000,0xe0000
1781159093,57.1,2400000,0xe0000
1781159094,57.1,2400000,0xe0000
1781159095,57.6,2400000,0xe0000
1781159096,56.5,2400000,0xe0000
1781159097,57.6,2400000,0xe0000
1781159098,57.1,2400000,0xe0000
1781159099,57.1,2400000,0xe0000
1781159100,57.6,2400000,0xe0000
1781159101,57.1,2400000,0xe0000
1781159102,57.6,2400000,0xe0000
1781159103,56.5,2400000,0xe0000
1781159104,57.6,2400000,0xe0000
1781159105,57.1,2400000,0xe0000
1781159106,57.6,2400000,0xe0000
1781159107,57.1,2400000,0xe0000
1781159108,57.1,2400000,0xe0000
1781159109,57.1,2400000,0xe0000
1781159110,57.6,2400000,0xe0000
1781159111,57.6,2400000,0xe0000
1781159112,57.6,2400000,0xe0000
1781159113,57.1,2400000,0xe0000
1781159114,57.1,2400000,0xe0000
1781159115,57.1,2400000,0xe0000
1781159116,57.6,2400000,0xe0000
1781159118,57.6,2400000,0xe0000
1781159119,57.6,2400000,0xe0000
1781159120,57.6,2400000,0xe0000
1781159121,57.6,2400000,0xe0000
1781159122,57.1,2400000,0xe0000
1781159123,57.1,2400000,0xe0000
1781159124,57.6,2400000,0xe0000
1781159125,57.1,2400000,0xe0000
1781159126,56.0,2400000,0xe0000
1781159127,57.6,2400000,0xe0000
1781159128,57.6,2400000,0xe0000
1781159129,57.1,2400000,0xe0000
1781159130,58.2,2400000,0xe0000
1781159131,57.6,2400000,0xe0000
1781159132,57.6,2400000,0xe0000
1781159133,57.6,2400000,0xe0000
1781159134,57.1,2400000,0xe0000
1781159135,57.6,2400000,0xe0000
1781159136,57.6,2400000,0xe0000
1781159137,57.1,2400000,0xe0000
1781159138,57.1,2400000,0xe0000
1781159139,57.1,2400000,0xe0000
1781159140,57.1,2400000,0xe0000
1781159141,56.5,2400000,0xe0000
1781159143,56.0,2400000,0xe0000
1781159144,57.6,2400000,0xe0000
1781159145,57.1,2400000,0xe0000
1781159146,57.1,2400000,0xe0000
1781159147,57.1,2400000,0xe0000
1781159148,56.5,2400000,0xe0000
1781159149,57.6,2400000,0xe0000
1781159150,57.1,2400000,0xe0000
1781159151,57.1,2400000,0xe0000
1781159152,56.5,2400000,0xe0000
1781159153,56.5,2400000,0xe0000
1781159154,57.1,2400000,0xe0000
1781159155,58.2,2400000,0xe0000
1781159156,57.1,2400000,0xe0000
1781159157,57.1,2400000,0xe0000
1781159158,57.1,2400000,0xe0000
1781159159,57.6,2400000,0xe0000
1781159160,56.5,2400000,0xe0000
1781159161,57.1,2400000,0xe0000
1781159162,57.1,2400000,0xe0000
1781159163,57.1,2400000,0xe0000
1781159164,57.1,2400000,0xe0000
1781159165,56.5,2400000,0xe0000
1781159167,58.2,2400000,0xe0000
1781159168,57.6,2400000,0xe0000
1781159169,57.1,2400000,0xe0000
1781159170,57.6,2400000,0xe0000
1781159171,57.6,2400000,0xe0000
1781159172,57.6,2400000,0xe0000
1781159173,56.5,2400000,0xe0000
1781159174,57.6,2400000,0xe0000
1781159175,57.6,2400000,0xe0000
1781159176,57.6,2400000,0xe0000
1781159177,56.5,2400000,0xe0000
1781159178,57.1,2400000,0xe0000
1781159179,57.1,2400000,0xe0000
1781159180,57.6,2400000,0xe0000
1781159181,57.1,2400000,0xe0000
1781159182,57.1,2400000,0xe0000
1781159183,57.1,2400000,0xe0000
1781159184,57.1,2400000,0xe0000
1781159185,57.1,2400000,0xe0000
1781159186,57.6,2400000,0xe0000
1781159187,57.6,2400000,0xe0000
1781159188,57.1,2400000,0xe0000
1781159189,56.5,2400000,0xe0000
1781159190,57.6,2400000,0xe0000
1781159192,58.2,2400000,0xe0000
1781159193,57.6,2400000,0xe0000
1781159194,57.1,2400000,0xe0000
1781159195,57.6,2400000,0xe0000
1781159196,57.1,2400000,0xe0000
1781159197,57.1,2400000,0xe0000
1781159198,57.1,2400000,0xe0000
1781159199,57.6,2400000,0xe0000
1781159200,57.1,2400000,0xe0000
1781159201,57.6,2400000,0xe0000
1781159202,57.1,2400000,0xe0000
1781159203,57.1,2400000,0xe0000
1781159204,56.5,2400000,0xe0000
1781159205,57.6,2400000,0xe0000
1781159206,57.6,2400000,0xe0000
1781159207,57.6,2400000,0xe0000
1781159208,57.1,2400000,0xe0000
1781159209,57.1,2400000,0xe0000
1781159210,57.1,2400000,0xe0000
1781159212,56.5,2400000,0xe0000
1781159213,57.6,2400000,0xe0000
1781159214,57.6,2400000,0xe0000
1781159215,57.1,2400000,0xe0000
1781159216,57.1,2400000,0xe0000
1781159217,57.6,2400000,0xe0000
1781159218,57.1,2400000,0xe0000
1781159219,57.6,2400000,0xe0000
1781159220,56.5,2400000,0xe0000
1781159221,57.6,2400000,0xe0000
1781159222,57.1,2400000,0xe0000
1781159223,57.6,2400000,0xe0000
1781159224,57.6,2400000,0xe0000
1781159225,57.6,2400000,0xe0000
1781159226,57.6,2400000,0xe0000
1781159227,57.1,2400000,0xe0000
1781159228,57.6,2400000,0xe0000
1781159229,57.6,2400000,0xe0000
1781159230,55.4,2400000,0xe0000
1781159231,58.2,2400000,0xe0000
1781159232,57.6,2400000,0xe0000
1781159233,57.1,2400000,0xe0000
1781159234,57.6,2400000,0xe0000
1781159236,57.1,2400000,0xe0000
1781159237,57.6,2400000,0xe0000
1781159238,57.1,2400000,0xe0000
1781159239,57.6,2400000,0xe0000
1781159240,57.1,2400000,0xe0000
1781159241,57.1,2400000,0xe0000
1781159242,58.2,2400000,0xe0000
1781159243,57.6,2400000,0xe0000
1781159244,57.1,2400000,0xe0000
1781159245,57.1,2400000,0xe0000
1781159246,57.1,2400000,0xe0000
1781159247,57.1,2400000,0xe0000
1781159248,57.6,2400000,0xe0000
1781159249,57.1,2400000,0xe0000
1781159250,56.5,2400000,0xe0000
1781159251,57.1,2400000,0xe0000
1781159252,57.6,2400000,0xe0000
1781159253,57.1,2400000,0xe0000
1781159254,57.6,2400000,0xe0000
1781159255,57.1,2400000,0xe0000
1781159256,58.2,2400000,0xe0000
1781159257,57.1,2400000,0xe0000
1781159258,57.6,2400000,0xe0000
1781159260,57.6,2400000,0xe0000
1781159261,57.6,2400000,0xe0000
1781159262,58.2,2400000,0xe0000
1781159263,57.6,2400000,0xe0000
1781159264,56.5,2400000,0xe0000
1781159265,57.6,2400000,0xe0000
1781159266,57.6,2400000,0xe0000
1781159267,57.6,2400000,0xe0000
1781159268,57.1,2400000,0xe0000
1781159269,57.1,2400000,0xe0000
1781159270,57.6,2400000,0xe0000
1781159271,57.6,2400000,0xe0000
1781159272,57.6,2400000,0xe0000
1781159273,57.6,2400000,0xe0000
1781159274,56.5,2400000,0xe0000
1781159275,57.6,2400000,0xe0000
1781159276,57.1,2400000,0xe0000
1781159277,57.6,2400000,0xe0000
1781159278,57.1,2400000,0xe0000
1781159279,58.2,2400000,0xe0000
1781159280,57.6,2400000,0xe0000
1781159281,57.6,2400000,0xe0000
1781159282,56.5,2400000,0xe0000
1781159283,57.1,2400000,0xe0000
1781159284,57.6,2400000,0xe0000
1781159285,56.5,2400000,0xe0000
1781159286,57.6,2400000,0xe0000
1781159287,57.6,2400000,0xe0000
1781159288,56.5,2400000,0xe0000
1781159289,57.1,2400000,0xe0000
1781159291,57.6,2400000,0xe0000
1781159292,57.6,2400000,0xe0000
1781159293,57.1,2400000,0xe0000
1781159294,57.6,2400000,0xe0000
1781159295,57.6,2400000,0xe0000
1781159296,57.6,2400000,0xe0000
1781159297,57.6,2400000,0xe0000
1781159298,57.1,2400000,0xe0000
1781159299,57.1,2400000,0xe0000
1781159300,57.6,2400000,0xe0000
1781159301,56.5,2400000,0xe0000
1781159302,58.2,2400000,0xe0000
1781159303,57.1,2400000,0xe0000
1781159304,57.6,2400000,0xe0000
1781159305,57.1,2400000,0xe0000
1781159306,58.2,2400000,0xe0000
1781159307,57.1,2400000,0xe0000
1781159308,57.1,2400000,0xe0000
1781159309,57.1,2400000,0xe0000
1781159310,57.6,2400000,0xe0000
1781159311,57.1,2400000,0xe0000
1781159312,57.6,2400000,0xe0000
1781159313,57.1,2400000,0xe0000
1781159314,57.6,2400000,0xe0000
1781159315,57.1,2400000,0xe0000
1781159316,57.6,2400000,0xe0000
1781159317,58.2,2400000,0xe0000
1781159318,57.6,2400000,0xe0000
1781159319,56.5,2400000,0xe0000
1781159320,57.6,2400000,0xe0000
1781159321,56.0,2400000,0xe0000
1781159322,57.6,2400000,0xe0000
1781159323,57.1,2400000,0xe0000
1781159324,57.1,2400000,0xe0000
1781159325,57.6,2400000,0xe0000
1781159327,57.6,2400000,0xe0000
1781159328,57.1,2400000,0xe0000
1781159329,57.1,2400000,0xe0000
1781159330,57.6,2400000,0xe0000
1781159331,57.1,2400000,0xe0000
1781159332,57.6,2400000,0xe0000
1781159333,57.6,2400000,0xe0000
1781159334,57.6,2400000,0xe0000
1781159335,57.6,2400000,0xe0000
1781159336,57.1,2400000,0xe0000
1781159337,57.1,2400000,0xe0000
1781159338,57.6,2400000,0xe0000
1781159339,57.6,2400000,0xe0000
1781159340,58.2,2400000,0xe0000
1781159341,57.1,2400000,0xe0000
1781159342,57.1,2400000,0xe0000
1781159343,57.6,2400000,0xe0000
1781159344,57.6,2400000,0xe0000
1781159345,57.1,2400000,0xe0000
1781159346,58.2,2400000,0xe0000
1781159347,57.6,2400000,0xe0000
1781159348,57.6,2400000,0xe0000
1781159349,57.1,2400000,0xe0000
1781159350,57.6,2400000,0xe0000
1781159351,57.6,2400000,0xe0000
1781159353,57.6,2400000,0xe0000
1781159354,56.5,2400000,0xe0000
1781159355,57.1,2400000,0xe0000
1781159356,57.6,2400000,0xe0000
1781159357,57.6,2400000,0xe0000
1781159358,57.6,2400000,0xe0000
1781159359,57.1,2400000,0xe0000
1781159360,57.1,2400000,0xe0000
1781159361,57.6,2400000,0xe0000
1781159362,57.6,2400000,0xe0000
1781159363,57.6,2400000,0xe0000
1781159364,56.5,2400000,0xe0000
1781159365,57.6,2400000,0xe0000
1781159366,57.1,2400000,0xe0000
1781159367,58.2,2400000,0xe0000
1781159368,58.2,2400000,0xe0000
1781159369,57.6,2400000,0xe0000
1781159370,57.6,2400000,0xe0000
1781159371,57.6,2400000,0xe0000
1781159372,57.1,2400000,0xe0000
1781159373,57.6,2400000,0xe0000
1781159375,57.6,2400000,0xe0000
1781159376,57.1,2400000,0xe0000
1781159377,57.1,2400000,0xe0000
1781159378,56.5,2400000,0xe0000
1781159379,58.2,2400000,0xe0000
1781159380,56.5,2400000,0xe0000
1781159381,57.6,2400000,0xe0000
1781159382,56.5,2400000,0xe0000
1781159383,58.2,2400000,0xe0000
1781159384,57.1,2400000,0xe0000
1781159385,57.6,2400000,0xe0000
1781159386,57.6,2400000,0xe0000
1781159387,57.6,2400000,0xe0000
1781159388,57.1,2400000,0xe0000
1781159389,57.6,2400000,0xe0000
1781159390,58.2,2400000,0xe0000
1781159391,56.5,2400000,0xe0000
1781159392,57.1,2400000,0xe0000
1781159393,57.1,2400000,0xe0000
1781159394,56.5,2400000,0xe0000
1781159395,57.6,2400000,0xe0000
1781159396,57.1,2400000,0xe0000
1781159397,58.2,2400000,0xe0000
1781159398,57.1,2400000,0xe0000
1781159399,57.1,2400000,0xe0000
1781159400,57.6,2400000,0xe0000
1781159401,57.6,2400000,0xe0000
1781159403,58.2,2400000,0xe0000
1781159404,57.1,2400000,0xe0000
1781159405,58.2,2400000,0xe0000
1781159406,58.2,2400000,0xe0000
1781159407,57.1,2400000,0xe0000
1781159408,57.6,2400000,0xe0000
1781159409,56.0,2400000,0xe0000
1781159410,57.1,2400000,0xe0000
1781159411,57.1,2400000,0xe0000
1781159412,57.1,2400000,0xe0000
1781159413,57.6,2400000,0xe0000
1781159414,57.1,2400000,0xe0000
1781159415,56.5,2400000,0xe0000
1781159416,57.6,2400000,0xe0000
1781159417,57.1,2400000,0xe0000
1781159418,56.5,2400000,0xe0000
1781159419,57.1,2400000,0xe0000
1781159420,58.2,2400000,0xe0000
1781159421,57.1,2400000,0xe0000
1781159422,57.1,2400000,0xe0000
1781159423,57.6,2400000,0xe0000
1781159424,58.2,2400000,0xe0000
1781159425,57.6,2400000,0xe0000
1781159426,57.6,2400000,0xe0000
1781159427,57.6,2400000,0xe0000
1781159428,57.6,2400000,0xe0000
1781159429,58.2,2400000,0xe0000
1781159430,57.1,2400000,0xe0000
1781159432,57.6,2400000,0xe0000
1781159433,57.6,2400000,0xe0000
1781159434,57.1,2400000,0xe0000
1781159435,57.6,2400000,0xe0000
1781159436,57.6,2400000,0xe0000
1781159437,56.0,2400000,0xe0000
1781159438,57.6,2400000,0xe0000
1781159439,58.2,2400000,0xe0000
1781159440,57.1,2400000,0xe0000
1781159441,57.6,2400000,0xe0000
1781159442,57.6,2400000,0xe0000
1781159443,57.6,2400000,0xe0000
1781159444,57.1,2400000,0xe0000
1781159445,57.1,2400000,0xe0000
1781159446,58.2,2400000,0xe0000
1781159447,57.6,2400000,0xe0000
1781159448,57.1,2400000,0xe0000
1781159449,58.2,2400000,0xe0000
1781159450,57.6,2400000,0xe0000
1781159451,57.6,2400000,0xe0000
1781159452,58.2,2400000,0xe0000
1781159453,57.6,2400000,0xe0000
1781159454,57.6,2400000,0xe0000
1781159455,57.1,2400000,0xe0000
1781159456,57.1,2400000,0xe0000
1781159458,57.1,2400000,0xe0000
1781159459,57.1,2400000,0xe0000
1781159460,57.1,2400000,0xe0000
1781159461,57.6,2400000,0xe0000
1781159462,57.6,2400000,0xe0000
1781159463,58.2,2400000,0xe0000
1781159464,57.6,2400000,0xe0000
1781159465,57.1,2400000,0xe0000
1781159466,57.6,2400000,0xe0000
1781159467,57.6,2400000,0xe0000
1781159468,57.6,2400000,0xe0000
1781159469,56.5,2400000,0xe0000
1781159470,57.1,2400000,0xe0000
1781159471,57.6,2400000,0xe0000
1781159472,57.1,2400000,0xe0000
1781159473,57.6,2400000,0xe0000
1781159474,57.6,2400000,0xe0000
1781159476,57.1,2400000,0xe0000
1781159477,57.6,2400000,0xe0000
1781159478,57.1,2400000,0xe0000
1781159479,57.6,2400000,0xe0000
1781159480,57.6,2400000,0xe0000
1781159481,57.1,2400000,0xe0000
1781159482,57.6,2400000,0xe0000
1781159483,57.6,2400000,0xe0000
1781159484,57.6,2400000,0xe0000
1781159485,57.1,2400000,0xe0000
1781159486,57.6,2400000,0xe0000
1781159487,57.1,2400000,0xe0000
1781159488,57.6,2400000,0xe0000
1781159489,57.1,2400000,0xe0000
1781159490,57.6,2400000,0xe0000
1781159491,57.6,2400000,0xe0000
1781159492,57.6,2400000,0xe0000
1781159493,56.5,2400000,0xe0000
1781159494,57.1,2400000,0xe0000
1781159495,57.1,2400000,0xe0000
1781159497,57.1,2400000,0xe0000
1781159498,57.6,2400000,0xe0000
1781159499,57.6,2400000,0xe0000
1781159500,58.2,2400000,0xe0000
1781159501,57.6,2400000,0xe0000
1781159502,57.6,2400000,0xe0000
1781159503,57.6,2400000,0xe0000
1781159504,57.1,2400000,0xe0000
1781159505,57.6,2400000,0xe0000
1781159506,57.1,2400000,0xe0000
1781159507,57.6,2400000,0xe0000
1781159508,57.6,2400000,0xe0000
1781159509,57.1,2400000,0xe0000
1781159510,58.2,2400000,0xe0000
1781159511,57.1,2400000,0xe0000
1781159512,57.6,2400000,0xe0000
1781159513,57.1,2400000,0xe0000
1781159514,57.6,2400000,0xe0000
1781159515,57.6,2400000,0xe0000
1781159516,57.6,2400000,0xe0000
1781159517,57.1,2400000,0xe0000
1781159518,57.6,2400000,0xe0000
1781159519,57.6,2400000,0xe0000
1781159520,57.1,2400000,0xe0000
1781159521,57.1,2400000,0xe0000
1781159522,57.6,2400000,0xe0000
1781159524,57.6,2400000,0xe0000
1781159525,57.6,2400000,0xe0000
1781159526,56.5,2400000,0xe0000
1781159527,57.6,2400000,0xe0000
1781159528,57.1,2400000,0xe0000
1781159529,58.2,2400000,0xe0000
1781159530,57.6,2400000,0xe0000
1781159531,57.1,2400000,0xe0000
1781159532,57.1,2400000,0xe0000
1781159533,57.6,2400000,0xe0000
1781159534,57.1,2400000,0xe0000
1781159535,57.6,2400000,0xe0000
1781159536,57.1,2400000,0xe0000
1781159537,57.1,2400000,0xe0000
1781159538,57.6,2400000,0xe0000
1781159539,57.6,2400000,0xe0000
1781159540,57.6,2400000,0xe0000
1781159541,57.6,2400000,0xe0000
1781159542,57.1,2400000,0xe0000
1781159543,57.6,2400000,0xe0000
1781159544,57.6,2400000,0xe0000
1781159545,57.6,2400000,0xe0000
1781159547,57.6,2400000,0xe0000
1781159548,57.1,2400000,0xe0000
1781159549,57.6,2400000,0xe0000
1781159550,57.6,2400000,0xe0000
1781159551,56.0,2400000,0xe0000
1781159552,57.6,2400000,0xe0000
1781159553,57.1,2400000,0xe0000
1781159554,56.5,2400000,0xe0000
1781159555,57.1,2400000,0xe0000
1781159556,58.2,2400000,0xe0000
1781159557,57.1,2400000,0xe0000
1781159558,57.6,2400000,0xe0000
1781159559,57.6,2400000,0xe0000
1781159560,57.6,2400000,0xe0000
1781159561,57.1,2400000,0xe0000
1781159562,57.6,2400000,0xe0000
1781159563,57.6,2400000,0xe0000
1781159564,57.6,2400000,0xe0000
1781159565,57.1,2400000,0xe0000
1781159566,57.1,2400000,0xe0000
1781159567,57.6,2400000,0xe0000
1781159568,57.6,2400000,0xe0000
1781159569,57.6,2400000,0xe0000
1781159570,57.1,2400000,0xe0000
1781159571,57.6,2400000,0xe0000
1781159572,57.1,2400000,0xe0000
1781159573,57.6,2400000,0xe0000
1781159575,57.6,2400000,0xe0000
1781159576,57.1,2400000,0xe0000
1781159577,58.2,2400000,0xe0000
1781159578,57.6,2400000,0xe0000
1781159579,57.6,2400000,0xe0000
1781159580,57.6,2400000,0xe0000
1781159581,58.2,2400000,0xe0000
1781159582,57.6,2400000,0xe0000
1781159583,57.6,2400000,0xe0000
1781159584,57.1,2400000,0xe0000
1781159585,58.2,2400000,0xe0000
1781159586,57.6,2400000,0xe0000
1781159587,56.5,2400000,0xe0000
1781159588,57.1,2400000,0xe0000
1781159589,57.6,2400000,0xe0000
1781159590,58.2,2400000,0xe0000
1781159591,57.6,2400000,0xe0000
1781159593,57.6,2400000,0xe0000
1781159594,57.1,2400000,0xe0000
1781159595,57.6,2400000,0xe0000
1781159596,57.6,2400000,0xe0000
1781159597,58.2,2400000,0xe0000
1781159598,57.6,2400000,0xe0000
1781159599,57.6,2400000,0xe0000
1781159600,57.6,2400000,0xe0000
1781159601,57.6,2400000,0xe0000
1781159602,57.6,2400000,0xe0000
1781159603,57.6,2400000,0xe0000
1781159604,58.2,2400000,0xe0000
1781159605,57.6,2400000,0xe0000
1781159606,57.6,2400000,0xe0000
1781159607,57.6,2400000,0xe0000
1781159608,57.6,2400000,0xe0000
1781159609,57.6,2400000,0xe0000
1781159610,58.2,2400000,0xe0000
1781159611,57.6,2400000,0xe0000
1781159612,57.1,2400000,0xe0000
1781159613,57.1,2400000,0xe0000
1781159614,57.6,2400000,0xe0000
1781159616,57.6,2400000,0xe0000
1781159617,57.6,2400000,0xe0000
1781159618,57.6,2400000,0xe0000
1781159619,57.6,2400000,0xe0000
1781159620,57.6,2400000,0xe0000
1781159621,58.2,2400000,0xe0000
1781159622,57.6,2400000,0xe0000
1781159623,57.6,2400000,0xe0000
1781159624,57.6,2400000,0xe0000
1781159625,57.6,2400000,0xe0000
1781159626,58.2,2400000,0xe0000
1781159627,57.1,2400000,0xe0000
1781159628,57.6,2400000,0xe0000
1781159629,58.2,2400000,0xe0000
1781159630,57.6,2400000,0xe0000
1781159631,57.1,2400000,0xe0000
1781159632,57.6,2400000,0xe0000
1781159633,57.1,2400000,0xe0000
1781159634,57.1,2400000,0xe0000
1781159635,57.6,2400000,0xe0000
1781159636,57.6,2400000,0xe0000
1781159638,58.2,2400000,0xe0000
1781159639,57.6,2400000,0xe0000
1781159640,57.1,2400000,0xe0000
1781159641,57.1,2400000,0xe0000
1781159642,57.1,2400000,0xe0000
1781159643,58.2,2400000,0xe0000
1781159644,57.1,2400000,0xe0000
1781159645,57.6,2400000,0xe0000
1781159646,57.6,2400000,0xe0000
1781159647,57.1,2400000,0xe0000
1781159648,57.1,2400000,0xe0000
1781159649,57.1,2400000,0xe0000
1781159650,57.6,2400000,0xe0000
1781159651,57.6,2400000,0xe0000
1781159652,57.1,2400000,0xe0000
1781159653,58.2,2400000,0xe0000
1781159654,57.6,2400000,0xe0000
1781159655,57.6,2400000,0xe0000
1781159656,57.6,2400000,0xe0000
1781159657,57.6,2400000,0xe0000
1781159658,58.2,2400000,0xe0000
1781159660,57.6,2400000,0xe0000
1781159661,57.6,2400000,0xe0000
1781159662,57.6,2400000,0xe0000
1781159663,57.6,2400000,0xe0000
1781159664,57.6,2400000,0xe0000
1781159665,57.1,2400000,0xe0000
1781159666,58.2,2400000,0xe0000
1781159667,57.6,2400000,0xe0000
1781159668,58.2,2400000,0xe0000
1781159669,57.6,2400000,0xe0000
1781159670,57.6,2400000,0xe0000
1781159671,57.1,2400000,0xe0000
1781159672,57.6,2400000,0xe0000
1781159673,57.6,2400000,0xe0000
1781159674,57.6,2400000,0xe0000
1781159675,58.2,2400000,0xe0000
1781159676,57.1,2400000,0xe0000
1781159678,57.6,2400000,0xe0000
1781159679,58.2,2400000,0xe0000
1781159680,57.6,2400000,0xe0000
1781159681,57.6,2400000,0xe0000
1781159682,57.6,2400000,0xe0000
1781159683,57.6,2400000,0xe0000
1781159684,58.2,2400000,0xe0000
1781159685,58.2,2400000,0xe0000
1781159686,57.6,2400000,0xe0000
1781159687,57.1,2400000,0xe0000
1781159688,58.2,2400000,0xe0000
1781159689,57.1,2400000,0xe0000
1781159690,57.1,2400000,0xe0000
1781159691,57.6,2400000,0xe0000
1781159692,58.2,2400000,0xe0000
1781159693,57.1,2400000,0xe0000
1781159694,57.6,2400000,0xe0000
1781159695,56.0,2400000,0xe0000
1781159696,57.6,2400000,0xe0000
1781159698,57.1,2400000,0xe0000
1781159699,57.1,2400000,0xe0000
1781159700,57.1,2400000,0xe0000
1781159701,57.1,2400000,0xe0000
1781159702,57.6,2400000,0xe0000
1781159703,57.1,2400000,0xe0000
1781159704,58.2,2400000,0xe0000
1781159705,58.2,2400000,0xe0000
1781159706,57.1,2400000,0xe0000
1781159707,57.6,2400000,0xe0000
1781159708,57.1,2400000,0xe0000
1781159709,57.6,2400000,0xe0000
1781159710,56.5,2400000,0xe0000
1781159711,57.1,2400000,0xe0000
1781159712,58.2,2400000,0xe0000
1781159713,57.6,2400000,0xe0000
1781159714,57.6,2400000,0xe0000
1781159715,57.1,2400000,0xe0000
1781159716,57.6,2400000,0xe0000
1781159717,57.6,2400000,0xe0000
1781159718,56.5,2400000,0xe0000
1781159719,57.6,2400000,0xe0000
1781159720,58.2,2400000,0xe0000
1781159721,57.6,2400000,0xe0000
1781159722,57.6,2400000,0xe0000
1781159723,57.1,2400000,0xe0000
1781159724,58.2,2400000,0xe0000
1781159725,57.1,2400000,0xe0000
1781159726,57.6,2400000,0xe0000
1781159728,57.6,2400000,0xe0000
1781159729,58.2,2400000,0xe0000
1781159730,57.1,2400000,0xe0000
1781159731,57.1,2400000,0xe0000
1781159732,57.6,2400000,0xe0000
1781159733,57.6,2400000,0xe0000
1781159734,57.6,2400000,0xe0000
1781159735,58.2,2400000,0xe0000
1781159736,57.6,2400000,0xe0000
1781159737,57.6,2400000,0xe0000
1781159738,57.6,2400000,0xe0000
1781159739,57.1,2400000,0xe0000
1781159740,57.6,2400000,0xe0000
1781159741,57.6,2400000,0xe0000
1781159742,57.1,2400000,0xe0000
1781159743,57.6,2400000,0xe0000
1781159744,57.6,2400000,0xe0000
1781159745,57.1,2400000,0xe0000
1781159746,58.2,2400000,0xe0000
1781159747,57.6,2400000,0xe0000
1781159748,57.1,2400000,0xe0000
1781159749,57.6,2400000,0xe0000
1781159750,58.2,2400000,0xe0000
1781159751,57.6,2400000,0xe0000
1781159753,58.2,2400000,0xe0000
1781159754,57.6,2400000,0xe0000
1781159755,57.1,2400000,0xe0000
1781159756,57.6,2400000,0xe0000
1781159757,57.6,2400000,0xe0000
1781159758,57.6,2400000,0xe0000
1781159759,57.6,2400000,0xe0000
1781159760,57.6,2400000,0xe0000
1781159761,57.6,2400000,0xe0000
1781159762,58.2,2400000,0xe0000
1781159763,57.6,2400000,0xe0000
1781159764,57.6,2400000,0xe0000
1781159765,57.6,2400000,0xe0000
1781159766,57.6,2400000,0xe0000
1781159767,57.6,2400000,0xe0000
1781159768,58.2,2400000,0xe0000
1781159769,58.2,2400000,0xe0000
1781159770,57.6,2400000,0xe0000
1781159771,57.6,2400000,0xe0000
1781159772,58.2,2400000,0xe0000
1781159773,57.1,2400000,0xe0000
1781159774,58.2,2400000,0xe0000
1781159775,57.6,2400000,0xe0000
1781159776,57.6,2400000,0xe0000
1781159778,57.1,2400000,0xe0000
1781159779,57.1,2400000,0xe0000
1781159780,57.1,2400000,0xe0000
1781159781,57.6,2400000,0xe0000
1781159782,57.6,2400000,0xe0000
1781159783,57.6,2400000,0xe0000
1781159784,57.1,2400000,0xe0000
1781159785,57.1,2400000,0xe0000
1781159786,57.1,2400000,0xe0000
1781159787,57.6,2400000,0xe0000
1781159788,57.6,2400000,0xe0000
1781159789,57.6,2400000,0xe0000
1781159790,57.6,2400000,0xe0000
1781159791,58.2,2400000,0xe0000
1781159792,58.2,2400000,0xe0000
1781159793,57.6,2400000,0xe0000
1781159794,57.1,2400000,0xe0000
1781159795,57.1,2400000,0xe0000
1781159796,58.2,2400000,0xe0000
1781159797,57.6,2400000,0xe0000
1781159798,57.1,2400000,0xe0000
1781159799,57.6,2400000,0xe0000
1781159801,58.2,2400000,0xe0000
1781159802,57.6,2400000,0xe0000
1781159803,57.1,2400000,0xe0000
1781159804,57.6,2400000,0xe0000
1781159805,57.6,2400000,0xe0000
1781159806,57.6,2400000,0xe0000
1781159807,57.1,2400000,0xe0000
1781159808,57.6,2400000,0xe0000
1781159809,57.6,2400000,0xe0000
1781159810,57.1,2400000,0xe0000
1781159811,57.6,2400000,0xe0000
1781159812,57.1,2400000,0xe0000
1781159813,57.6,2400000,0xe0000
1781159814,57.6,2400000,0xe0000
1781159815,57.6,2400000,0xe0000
1781159816,57.1,2400000,0xe0000
1781159817,57.1,2400000,0xe0000
1781159818,57.6,2400000,0xe0000
1781159819,57.1,2400000,0xe0000
1781159820,57.6,2400000,0xe0000
1781159821,57.6,2400000,0xe0000
1781159822,57.1,2400000,0xe0000
1781159823,57.6,2400000,0xe0000
1781159825,58.2,2400000,0xe0000
1781159826,57.6,2400000,0xe0000
1781159827,57.6,2400000,0xe0000
1781159828,57.6,2400000,0xe0000
1781159829,57.6,2400000,0xe0000
1781159830,57.6,2400000,0xe0000
1781159831,57.1,2400000,0xe0000
1781159832,56.5,2400000,0xe0000
1781159833,57.1,2400000,0xe0000
1781159834,57.6,2400000,0xe0000
1781159835,57.6,2400000,0xe0000
1781159836,57.6,2400000,0xe0000
1781159837,57.1,2400000,0xe0000
1781159838,57.1,2400000,0xe0000
1781159839,57.6,2400000,0xe0000
1781159840,57.6,2400000,0xe0000
1781159841,57.6,2400000,0xe0000
1781159842,56.5,2400000,0xe0000
1781159843,57.6,2400000,0xe0000
1781159844,57.6,2400000,0xe0000
1781159845,57.1,2400000,0xe0000
1781159846,57.6,2400000,0xe0000
1781159847,57.6,2400000,0xe0000
1781159848,57.6,2400000,0xe0000
1781159850,57.6,2400000,0xe0000
1781159851,57.6,2400000,0xe0000
1781159852,58.2,2400000,0xe0000
1781159853,57.1,2400000,0xe0000
1781159854,58.2,2400000,0xe0000
1781159855,57.6,2400000,0xe0000
1781159856,57.6,2400000,0xe0000
1781159857,57.1,2400000,0xe0000
1781159858,57.6,2400000,0xe0000
1781159859,56.5,2400000,0xe0000
1781159860,57.1,2400000,0xe0000
1781159861,58.2,2400000,0xe0000
1781159862,57.6,2400000,0xe0000
1781159863,57.6,2400000,0xe0000
1781159864,57.6,2400000,0xe0000
1781159866,57.6,2400000,0xe0000
1781159867,57.6,2400000,0xe0000
1781159868,57.6,2400000,0xe0000
1781159869,57.6,2400000,0xe0000
1781159870,57.6,2400000,0xe0000
1781159871,57.6,2400000,0xe0000
1781159872,56.5,2400000,0xe0000
1781159873,57.6,2400000,0xe0000
1781159874,57.1,2400000,0xe0000
1781159875,57.6,2400000,0xe0000
1781159876,57.1,2400000,0xe0000
1781159877,57.6,2400000,0xe0000
1781159878,57.1,2400000,0xe0000
1781159879,57.1,2400000,0xe0000
1781159880,57.6,2400000,0xe0000
1781159881,58.2,2400000,0xe0000
1781159882,57.6,2400000,0xe0000
1781159883,57.1,2400000,0xe0000
1781159884,57.1,2400000,0xe0000
1781159885,57.6,2400000,0xe0000
1781159886,57.6,2400000,0xe0000
1781159887,58.2,2400000,0xe0000
1781159888,57.6,2400000,0xe0000
1781159889,57.6,2400000,0xe0000
1781159891,57.1,2400000,0xe0000
1781159892,57.1,2400000,0xe0000
1781159893,57.6,2400000,0xe0000
1781159894,57.6,2400000,0xe0000
1781159895,57.6,2400000,0xe0000
1781159896,57.6,2400000,0xe0000
1781159897,57.6,2400000,0xe0000
1781159898,57.1,2400000,0xe0000
1781159899,57.6,2400000,0xe0000
1781159900,57.1,2400000,0xe0000
1781159901,57.6,2400000,0xe0000
1781159902,57.6,2400000,0xe0000
1781159903,58.2,2400000,0xe0000
1781159904,56.5,2400000,0xe0000
1781159905,57.6,2400000,0xe0000
1781159906,57.6,2400000,0xe0000
1781159907,58.2,2400000,0xe0000
1781159908,58.2,2400000,0xe0000
1781159909,57.6,2400000,0xe0000
1781159910,57.6,2400000,0xe0000
1781159911,57.6,2400000,0xe0000
1781159912,57.6,2400000,0xe0000
1781159913,57.6,2400000,0xe0000
1781159914,57.6,2400000,0xe0000
1781159915,57.1,2400000,0xe0000
1781159916,57.1,2400000,0xe0000
1781159917,57.1,2400000,0xe0000
1781159918,57.6,2400000,0xe0000
1781159920,56.0,2400000,0xe0000
1781159921,57.1,2400000,0xe0000
1781159922,57.1,2400000,0xe0000
1781159923,57.6,2400000,0xe0000
1781159924,56.0,2400000,0xe0000
1781159925,57.1,2400000,0xe0000
1781159926,56.5,2400000,0xe0000
1781159927,57.6,2400000,0xe0000
1781159928,56.0,2400000,0xe0000
1781159929,57.6,2400000,0xe0000
1781159930,57.6,2400000,0xe0000
1781159931,57.1,2400000,0xe0000
1781159932,57.6,2400000,0xe0000
1781159933,57.1,2400000,0xe0000
1781159934,57.6,2400000,0xe0000
1781159935,57.6,2400000,0xe0000
1781159936,57.6,2400000,0xe0000
1781159937,57.1,2400000,0xe0000
1781159938,57.6,2400000,0xe0000
1781159939,57.6,2400000,0xe0000
1781159940,57.1,2400000,0xe0000
1781159941,58.2,2400000,0xe0000
1781159942,57.6,2400000,0xe0000
1781159943,58.2,2400000,0xe0000
1781159944,57.1,2400000,0xe0000
1781159946,57.6,2400000,0xe0000
1781159947,57.1,2400000,0xe0000
1781159948,57.1,2400000,0xe0000
1781159949,57.6,2400000,0xe0000
1781159950,57.6,2400000,0xe0000
1781159951,57.6,2400000,0xe0000
1781159952,57.6,2400000,0xe0000
1781159953,57.6,2400000,0xe0000
1781159954,57.6,2400000,0xe0000
1781159955,58.2,2400000,0xe0000
1781159956,57.1,2400000,0xe0000
1781159957,57.1,2400000,0xe0000
1781159958,57.6,2400000,0xe0000
1781159959,58.2,2400000,0xe0000
1781159960,57.6,2400000,0xe0000
1781159961,57.1,2400000,0xe0000
1781159963,57.6,2400000,0xe0000
1781159964,57.6,2400000,0xe0000
1781159965,57.1,2400000,0xe0000
1781159966,57.6,2400000,0xe0000
1781159967,57.6,2400000,0xe0000
1781159968,57.1,2400000,0xe0000
1781159969,57.6,2400000,0xe0000
1781159970,57.1,2400000,0xe0000
1781159971,57.1,2400000,0xe0000
1781159972,57.6,2400000,0xe0000
1781159973,58.2,2400000,0xe0000
1781159974,57.6,2400000,0xe0000
1781159975,57.6,2400000,0xe0000
1781159976,57.6,2400000,0xe0000
1781159977,57.6,2400000,0xe0000
1781159978,56.5,2400000,0xe0000
1781159979,57.6,2400000,0xe0000
1781159980,57.1,2400000,0xe0000
1781159981,57.6,2400000,0xe0000
1781159982,57.6,2400000,0xe0000
1781159983,57.1,2400000,0xe0000
1781159984,57.6,2400000,0xe0000
1781159985,57.1,2400000,0xe0000
1781159986,57.6,2400000,0xe0000
1781159987,57.1,2400000,0xe0000
1781159988,57.1,2400000,0xe0000
1781159989,58.2,2400000,0xe0000
1781159991,56.5,2400000,0xe0000
1781159992,58.2,2400000,0xe0000
1781159993,57.1,2400000,0xe0000
1781159994,57.6,2400000,0xe0000
1781159995,57.6,2400000,0xe0000
1781159996,57.6,2400000,0xe0000
1781159997,57.6,2400000,0xe0000
1781159998,57.6,2400000,0xe0000
1781159999,57.1,2400000,0xe0000
1781160000,57.6,2400000,0xe0000
1781160001,57.1,2400000,0xe0000
1781160002,56.0,2400000,0xe0000
1781160003,57.1,2400000,0xe0000
1781160004,57.6,2400000,0xe0000
1781160005,57.6,2400000,0xe0000
1781160006,57.1,2400000,0xe0000
1781160007,57.1,2400000,0xe0000
1781160008,57.6,2400000,0xe0000
1781160009,58.2,2400000,0xe0000
1781160010,57.1,2400000,0xe0000
1781160011,57.6,2400000,0xe0000
1781160012,57.1,2400000,0xe0000
1781160013,57.6,2400000,0xe0000
1781160014,58.2,2400000,0xe0000
1781160016,57.6,2400000,0xe0000
1781160017,58.2,2400000,0xe0000
1781160018,57.1,2400000,0xe0000
1781160019,57.6,2400000,0xe0000
1781160020,57.1,2400000,0xe0000
1781160021,57.6,2400000,0xe0000
1781160022,57.6,2400000,0xe0000
1781160023,57.1,2400000,0xe0000
1781160024,57.6,2400000,0xe0000
1781160025,58.2,2400000,0xe0000
1781160026,57.6,2400000,0xe0000
1781160027,57.6,2400000,0xe0000
1781160028,57.1,2400000,0xe0000
1781160029,57.6,2400000,0xe0000
1781160030,57.6,2400000,0xe0000
1781160031,56.5,2400000,0xe0000
1781160032,57.6,2400000,0xe0000
1781160033,57.6,2400000,0xe0000
1781160034,57.6,2400000,0xe0000
1781160035,57.1,2400000,0xe0000
1781160036,58.2,2400000,0xe0000
1781160037,57.6,2400000,0xe0000
1781160038,57.6,2400000,0xe0000
1781160040,57.1,2400000,0xe0000
1781160041,57.1,2400000,0xe0000
1781160042,57.6,2400000,0xe0000
1781160043,57.1,2400000,0xe0000
1781160044,57.6,2400000,0xe0000
1781160045,57.6,2400000,0xe0000
1781160046,57.6,2400000,0xe0000
1781160047,57.1,2400000,0xe0000
1781160048,57.6,2400000,0xe0000
1781160049,58.2,2400000,0xe0000
1781160050,57.1,2400000,0xe0000
1781160051,57.1,2400000,0xe0000
1781160052,57.6,2400000,0xe0000
1781160053,57.1,2400000,0xe0000
1781160054,57.6,2400000,0xe0000
1781160055,58.2,2400000,0xe0000
1781160056,57.6,2400000,0xe0000
1781160057,57.6,2400000,0xe0000
1781160058,57.6,2400000,0xe0000
1781160059,57.6,2400000,0xe0000
1781160060,57.6,2400000,0xe0000
1781160061,58.2,2400000,0xe0000
1781160062,57.6,2400000,0xe0000
1781160063,57.6,2400000,0xe0000
1781160065,57.1,2400000,0xe0000
1781160066,57.1,2400000,0xe0000
1781160067,57.1,2400000,0xe0000
1781160068,57.1,2400000,0xe0000
1781160069,57.6,2400000,0xe0000
1781160070,57.6,2400000,0xe0000
1781160071,58.2,2400000,0xe0000
1781160072,57.6,2400000,0xe0000
1781160073,57.1,2400000,0xe0000
1781160074,57.1,2400000,0xe0000
1781160075,57.6,2400000,0xe0000
1781160076,57.1,2400000,0xe0000
1781160077,57.1,2400000,0xe0000
1781160078,57.6,2400000,0xe0000
1781160079,58.2,2400000,0xe0000
1781160080,57.1,2400000,0xe0000
1781160081,57.1,2400000,0xe0000
1781160082,57.6,2400000,0xe0000
1781160083,56.5,2400000,0xe0000
1781160084,57.6,2400000,0xe0000
1781160085,57.6,2400000,0xe0000
1781160086,57.1,2400000,0xe0000
1781160087,57.1,2400000,0xe0000
1781160088,57.1,2400000,0xe0000
1781160089,57.6,2400000,0xe0000
1781160090,58.2,2400000,0xe0000
1781160092,57.6,2400000,0xe0000
1781160093,57.6,2400000,0xe0000
1781160094,57.6,2400000,0xe0000
1781160095,57.1,2400000,0xe0000
1781160096,57.6,2400000,0xe0000
1781160097,57.1,2400000,0xe0000
1781160098,57.1,2400000,0xe0000
1781160099,57.6,2400000,0xe0000
1781160100,57.6,2400000,0xe0000
1781160101,57.6,2400000,0xe0000
1781160102,57.1,2400000,0xe0000
1781160103,57.6,2400000,0xe0000
1781160104,56.5,2400000,0xe0000
1781160105,57.6,2400000,0xe0000
1781160106,57.6,2400000,0xe0000
1781160107,58.2,2400000,0xe0000
1781160108,57.6,2400000,0xe0000
1781160109,57.6,2400000,0xe0000
1781160110,57.1,2400000,0xe0000
1781160111,57.6,2400000,0xe0000
1781160112,57.1,2400000,0xe0000
1781160114,57.6,2400000,0xe0000
1781160115,57.1,2400000,0xe0000
1781160116,57.1,2400000,0xe0000
1781160117,57.6,2400000,0xe0000
1781160118,57.1,2400000,0xe0000
1781160119,57.1,2400000,0xe0000
1781160120,57.6,2400000,0xe0000
1781160121,57.1,2400000,0xe0000
1781160122,57.6,2400000,0xe0000
1781160123,57.1,2400000,0xe0000
1781160124,57.6,2400000,0xe0000
1781160125,57.1,2400000,0xe0000
1781160126,57.6,2400000,0xe0000
1781160127,57.6,2400000,0xe0000
1781160128,57.6,2400000,0xe0000
1781160129,57.6,2400000,0xe0000
1781160130,57.6,2400000,0xe0000
1781160131,57.1,2400000,0xe0000
1781160132,57.1,2400000,0xe0000
1781160133,57.6,2400000,0xe0000
1781160134,57.6,2400000,0xe0000
1781160135,57.6,2400000,0xe0000
1781160136,57.1,2400000,0xe0000
1781160137,58.2,2400000,0xe0000
1781160138,58.2,2400000,0xe0000
1781160139,57.1,2400000,0xe0000
1781160141,57.1,2400000,0xe0000
1781160142,57.1,2400000,0xe0000
1781160143,57.1,2400000,0xe0000
1781160144,57.1,2400000,0xe0000
1781160145,57.6,2400000,0xe0000
1781160146,56.5,2400000,0xe0000
1781160147,57.6,2400000,0xe0000
1781160148,57.1,2400000,0xe0000
1781160149,57.1,2400000,0xe0000
1781160150,57.6,2400000,0xe0000
1781160151,57.1,2400000,0xe0000
1781160152,57.6,2400000,0xe0000
1781160153,57.6,2400000,0xe0000
1781160154,57.6,2400000,0xe0000
1781160155,57.6,2400000,0xe0000
1781160156,57.1,2400000,0xe0000
1781160157,57.1,2400000,0xe0000
1781160158,57.1,2400000,0xe0000
1781160159,57.1,2400000,0xe0000
1781160160,57.1,2400000,0xe0000
1781160161,57.6,2400000,0xe0000
1781160162,57.6,2400000,0xe0000
1781160163,57.1,2400000,0xe0000
1781160164,57.6,2400000,0xe0000
1781160165,57.6,2400000,0xe0000
1781160166,57.6,2400000,0xe0000
1781160167,57.1,2400000,0xe0000
1781160169,57.1,2400000,0xe0000
1781160170,57.6,2400000,0xe0000
1781160171,57.6,2400000,0xe0000
1781160172,57.1,2400000,0xe0000
1781160173,57.6,2400000,0xe0000
1781160174,57.6,2400000,0xe0000
1781160175,57.1,2400000,0xe0000
1781160176,57.6,2400000,0xe0000
1781160177,57.1,2400000,0xe0000
1781160178,57.1,2400000,0xe0000
1781160179,57.6,2400000,0xe0000
1781160180,57.6,2400000,0xe0000
1781160181,57.6,2400000,0xe0000
1781160182,57.6,2400000,0xe0000
1781160183,57.1,2400000,0xe0000
1781160184,57.6,2400000,0xe0000
1781160185,57.6,2400000,0xe0000
1781160186,57.1,2400000,0xe0000
1781160187,57.1,2400000,0xe0000
1781160188,57.6,2400000,0xe0000
1781160189,57.6,2400000,0xe0000
1781160191,57.1,2400000,0xe0000
1781160192,57.6,2400000,0xe0000
1781160193,57.1,2400000,0xe0000
1781160194,56.0,2400000,0xe0000
1781160195,57.1,2400000,0xe0000
1781160196,57.6,2400000,0xe0000
1781160197,57.6,2400000,0xe0000
1781160198,58.2,2400000,0xe0000
1781160199,57.6,2400000,0xe0000
1781160200,57.6,2400000,0xe0000
1781160201,57.6,2400000,0xe0000
1781160202,57.1,2400000,0xe0000
1781160203,57.6,2400000,0xe0000
1781160204,57.6,2400000,0xe0000
1781160205,57.1,2400000,0xe0000
1781160206,57.6,2400000,0xe0000
1781160207,57.6,2400000,0xe0000
1781160208,57.6,2400000,0xe0000
1781160209,57.6,2400000,0xe0000
1781160210,57.1,2400000,0xe0000
1781160211,58.2,2400000,0xe0000
1781160213,57.6,2400000,0xe0000
1781160214,57.6,2400000,0xe0000
1781160215,57.1,2400000,0xe0000
1781160216,58.2,2400000,0xe0000
1781160217,57.6,2400000,0xe0000
1781160218,57.6,2400000,0xe0000
1781160219,57.6,2400000,0xe0000
1781160220,57.6,2400000,0xe0000
1781160221,57.6,2400000,0xe0000
1781160222,57.6,2400000,0xe0000
1781160223,57.6,2400000,0xe0000
1781160224,57.1,2400000,0xe0000
1781160225,57.6,2400000,0xe0000
1781160226,57.6,2400000,0xe0000
1781160227,57.6,2400000,0xe0000
1781160228,57.6,2400000,0xe0000
1781160229,57.1,2400000,0xe0000
1781160230,57.6,2400000,0xe0000
1781160231,57.1,2400000,0xe0000
1781160232,57.6,2400000,0xe0000
1781160233,57.1,2400000,0xe0000
1781160234,57.6,2400000,0xe0000
1781160235,57.6,2400000,0xe0000
1781160237,57.1,2400000,0xe0000
1781160238,57.6,2400000,0xe0000
1781160239,57.6,2400000,0xe0000
1781160240,57.6,2400000,0xe0000
1781160241,56.5,2400000,0xe0000
1781160242,57.1,2400000,0xe0000
1781160243,57.6,2400000,0xe0000
1781160244,57.6,2400000,0xe0000
1781160245,57.1,2400000,0xe0000
1781160246,57.6,2400000,0xe0000
1781160247,57.1,2400000,0xe0000
1781160248,58.2,2400000,0xe0000
1781160249,56.0,2400000,0xe0000
1781160250,57.1,2400000,0xe0000
1781160251,58.2,2400000,0xe0000
1781160252,57.1,2400000,0xe0000
1781160253,57.6,2400000,0xe0000
1781160254,57.6,2400000,0xe0000
1781160255,57.1,2400000,0xe0000
1781160256,57.6,2400000,0xe0000
1781160257,57.6,2400000,0xe0000
1781160258,58.2,2400000,0xe0000
1781160259,58.2,2400000,0xe0000
1781160260,57.6,2400000,0xe0000
1781160261,57.1,2400000,0xe0000
1781160263,57.1,2400000,0xe0000
1781160264,57.6,2400000,0xe0000
1781160265,57.1,2400000,0xe0000
1781160266,57.1,2400000,0xe0000
1781160267,57.6,2400000,0xe0000
1781160268,57.6,2400000,0xe0000
1781160269,57.6,2400000,0xe0000
1781160270,57.6,2400000,0xe0000
1781160271,57.6,2400000,0xe0000
1781160272,57.6,2400000,0xe0000
1781160273,57.1,2400000,0xe0000
1781160274,57.6,2400000,0xe0000
1781160275,56.5,2400000,0xe0000
1781160276,57.6,2400000,0xe0000
1781160277,56.5,2400000,0xe0000
1781160278,57.6,2400000,0xe0000
1781160279,57.1,2400000,0xe0000
1781160280,57.6,2400000,0xe0000
1781160281,57.6,2400000,0xe0000
1781160282,57.1,2400000,0xe0000
1781160283,57.6,2400000,0xe0000
1781160284,57.6,2400000,0xe0000
1781160285,56.5,2400000,0xe0000
1781160286,57.6,2400000,0xe0000
1781160287,57.1,2400000,0xe0000
1781160288,57.6,2400000,0xe0000
1781160289,57.1,2400000,0xe0000
1781160290,57.6,2400000,0xe0000
1781160291,57.6,2400000,0xe0000
1781160292,57.6,2400000,0xe0000
1781160294,57.6,2400000,0xe0000
1781160295,57.1,2400000,0xe0000
1781160296,57.6,2400000,0xe0000
1781160297,57.1,2400000,0xe0000
1781160298,57.6,2400000,0xe0000
1781160299,57.1,2400000,0xe0000
1781160300,57.1,2400000,0xe0000
1781160301,57.6,2400000,0xe0000
1781160302,57.6,2400000,0xe0000
1781160303,57.6,2400000,0xe0000
1781160304,57.1,2400000,0xe0000
1781160305,57.1,2400000,0xe0000
1781160306,57.6,2400000,0xe0000
1781160307,57.6,2400000,0xe0000
1781160308,57.1,2400000,0xe0000
1781160309,57.6,2400000,0xe0000
1781160310,57.6,2400000,0xe0000
1781160311,57.6,2400000,0xe0000
1781160313,57.1,2400000,0xe0000
1781160314,57.1,2400000,0xe0000
1781160315,57.1,2400000,0xe0000
1781160316,57.6,2400000,0xe0000
1781160317,57.1,2400000,0xe0000
1781160318,57.1,2400000,0xe0000
1781160319,57.1,2400000,0xe0000
1781160320,57.1,2400000,0xe0000
1781160321,57.6,2400000,0xe0000
1781160322,57.6,2400000,0xe0000
1781160323,57.1,2400000,0xe0000
1781160324,57.6,2400000,0xe0000
1781160325,57.1,2400000,0xe0000
1781160326,57.6,2400000,0xe0000
1781160327,57.1,2400000,0xe0000
1781160328,57.1,2400000,0xe0000
1781160329,57.6,2400000,0xe0000
1781160330,57.1,2400000,0xe0000
1781160331,57.1,2400000,0xe0000
1781160332,57.1,2400000,0xe0000
1781160333,56.5,2400000,0xe0000
1781160334,57.1,2400000,0xe0000
1781160335,57.6,2400000,0xe0000
1781160336,57.1,2400000,0xe0000
1781160337,57.1,2400000,0xe0000
1781160338,57.1,2400000,0xe0000
1781160339,57.1,2400000,0xe0000
1781160340,57.1,2400000,0xe0000
1781160341,57.1,2400000,0xe0000
1781160343,57.6,2400000,0xe0000
1781160344,57.1,2400000,0xe0000
1781160345,57.6,2400000,0xe0000
1781160346,57.6,2400000,0xe0000
1781160347,57.6,2400000,0xe0000
1781160348,57.6,2400000,0xe0000
1781160349,57.6,2400000,0xe0000
1781160350,57.6,2400000,0xe0000
1781160351,57.6,2400000,0xe0000
1781160352,57.1,2400000,0xe0000
1781160353,57.6,2400000,0xe0000
1781160354,57.1,2400000,0xe0000
1781160355,57.1,2400000,0xe0000
1781160356,57.6,2400000,0xe0000
1781160357,57.6,2400000,0xe0000
1781160358,57.1,2400000,0xe0000
1781160359,57.6,2400000,0xe0000
1781160360,57.6,2400000,0xe0000
1781160361,57.1,2400000,0xe0000
1781160362,57.1,2400000,0xe0000
1781160363,57.1,2400000,0xe0000
1781160364,57.1,2400000,0xe0000
1781160365,57.1,2400000,0xe0000
1781160366,57.1,2400000,0xe0000
1781160367,57.6,2400000,0xe0000
1781160368,57.1,2400000,0xe0000
1781160369,58.2,2400000,0xe0000
1781160370,57.1,2400000,0xe0000
1781160371,57.6,2400000,0xe0000
1781160373,57.6,2400000,0xe0000
1781160374,57.1,2400000,0xe0000
1781160375,57.1,2400000,0xe0000
1781160376,57.6,2400000,0xe0000
1781160377,57.1,2400000,0xe0000
1781160378,57.6,2400000,0xe0000
1781160379,57.1,2400000,0xe0000
1781160380,57.6,2400000,0xe0000
1781160381,58.2,2400000,0xe0000
1781160382,56.5,2400000,0xe0000
1781160383,57.6,2400000,0xe0000
1781160384,57.6,2400000,0xe0000
1781160385,58.2,2400000,0xe0000
1781160386,57.6,2400000,0xe0000
1781160387,57.1,2400000,0xe0000
1781160388,57.1,2400000,0xe0000
1781160389,57.1,2400000,0xe0000
1781160390,57.6,2400000,0xe0000
1781160391,57.6,2400000,0xe0000
1781160392,57.1,2400000,0xe0000
1781160393,57.6,2400000,0xe0000
1781160394,57.1,2400000,0xe0000
1781160395,57.6,2400000,0xe0000
1781160396,57.6,2400000,0xe0000
1781160397,57.6,2400000,0xe0000
1781160399,57.1,2400000,0xe0000
1781160400,57.6,2400000,0xe0000
1781160401,57.6,2400000,0xe0000
1781160402,57.1,2400000,0xe0000
1781160403,57.1,2400000,0xe0000
1781160404,57.6,2400000,0xe0000
1781160405,57.6,2400000,0xe0000
1781160406,57.1,2400000,0xe0000
1781160407,57.6,2400000,0xe0000
1781160408,57.6,2400000,0xe0000
1781160409,57.6,2400000,0xe0000
1781160410,57.6,2400000,0xe0000
1781160411,57.6,2400000,0xe0000
1781160412,57.6,2400000,0xe0000
1781160413,57.1,2400000,0xe0000
1781160414,57.6,2400000,0xe0000
1781160415,57.6,2400000,0xe0000
1781160416,58.2,2400000,0xe0000
1781160417,58.2,2400000,0xe0000
1781160418,57.1,2400000,0xe0000
1781160419,57.1,2400000,0xe0000
1781160420,57.6,2400000,0xe0000
1781160421,58.2,2400000,0xe0000
1781160423,57.6,2400000,0xe0000
1781160424,57.6,2400000,0xe0000
1781160425,57.1,2400000,0xe0000
1781160426,57.1,2400000,0xe0000
1781160427,57.6,2400000,0xe0000
1781160428,57.6,2400000,0xe0000
1781160429,56.5,2400000,0xe0000
1781160430,57.1,2400000,0xe0000
1781160431,57.1,2400000,0xe0000
1781160432,56.5,2400000,0xe0000
1781160433,57.6,2400000,0xe0000
1781160434,57.6,2400000,0xe0000
1781160435,57.6,2400000,0xe0000
1781160436,57.1,2400000,0xe0000
1781160437,57.6,2400000,0xe0000
1781160438,57.6,2400000,0xe0000
1781160439,56.5,2400000,0xe0000
1781160440,58.2,2400000,0xe0000
1781160441,56.0,2400000,0xe0000
1781160443,57.1,2400000,0xe0000
1781160444,57.6,2400000,0xe0000
1781160445,57.6,2400000,0xe0000
1781160446,57.6,2400000,0xe0000
1781160447,57.6,2400000,0xe0000
1781160448,58.2,2400000,0xe0000
1781160449,57.6,2400000,0xe0000
1781160450,57.6,2400000,0xe0000
1781160451,57.6,2400000,0xe0000
1781160452,57.1,2400000,0xe0000
1781160453,57.6,2400000,0xe0000
1781160454,57.1,2400000,0xe0000
1781160455,57.6,2400000,0xe0000
1781160456,57.6,2400000,0xe0000
1781160457,56.0,2400000,0xe0000
1781160458,57.6,2400000,0xe0000
1781160459,57.1,2400000,0xe0000
1781160460,57.6,2400000,0xe0000
1781160461,57.6,2400000,0xe0000
1781160462,58.2,2400000,0xe0000
1781160463,57.1,2400000,0xe0000
1781160464,57.6,2400000,0xe0000
1781160465,57.6,2400000,0xe0000
1781160467,57.1,2400000,0xe0000
1781160468,57.1,2400000,0xe0000
1781160469,57.6,2400000,0xe0000
1781160470,57.6,2400000,0xe0000
1781160471,57.1,2400000,0xe0000
1781160472,57.6,2400000,0xe0000
1781160473,57.6,2400000,0xe0000
1781160474,57.6,2400000,0xe0000
1781160475,57.6,2400000,0xe0000
1781160476,58.2,2400000,0xe0000
1781160477,57.1,2400000,0xe0000
1781160478,57.6,2400000,0xe0000
1781160479,57.6,2400000,0xe0000
1781160480,57.6,2400000,0xe0000
1781160481,57.6,2400000,0xe0000
1781160482,57.6,2400000,0xe0000
1781160483,57.1,2400000,0xe0000
1781160484,58.2,2400000,0xe0000
1781160485,57.1,2400000,0xe0000
1781160486,58.2,2400000,0xe0000
1781160487,57.1,2400000,0xe0000
1781160488,57.6,2400000,0xe0000
1781160489,56.5,2400000,0xe0000
1781160490,57.6,2400000,0xe0000
1781160492,57.6,2400000,0xe0000
1781160493,58.2,2400000,0xe0000
1781160494,57.1,2400000,0xe0000
1781160495,56.5,2400000,0xe0000
1781160496,57.1,2400000,0xe0000
1781160497,57.6,2400000,0xe0000
1781160498,57.6,2400000,0xe0000
1781160499,57.6,2400000,0xe0000
1781160500,57.6,2400000,0xe0000
1781160501,57.1,2400000,0xe0000
1781160502,57.6,2400000,0xe0000
1781160503,57.6,2400000,0xe0000
1781160504,57.1,2400000,0xe0000
1781160505,57.6,2400000,0xe0000
1781160506,57.6,2400000,0xe0000
1781160507,56.5,2400000,0xe0000
1781160508,57.6,2400000,0xe0000
1781160509,57.6,2400000,0xe0000
1781160510,58.2,2400000,0xe0000
1781160511,57.1,2400000,0xe0000
1781160512,57.6,2400000,0xe0000
1781160513,57.6,2400000,0xe0000
1781160514,57.1,2400000,0xe0000
1781160515,57.1,2400000,0xe0000
1781160516,57.6,2400000,0xe0000
1781160518,57.6,2400000,0xe0000
1781160519,56.5,2400000,0xe0000
1781160520,57.1,2400000,0xe0000
1781160521,57.1,2400000,0xe0000
1781160522,57.6,2400000,0xe0000
1781160523,57.6,2400000,0xe0000
1781160524,57.6,2400000,0xe0000
1781160525,57.6,2400000,0xe0000
1781160526,57.6,2400000,0xe0000
1781160527,57.1,2400000,0xe0000
1781160528,57.1,2400000,0xe0000
1781160529,57.1,2400000,0xe0000
1781160530,57.6,2400000,0xe0000
1781160531,57.1,2400000,0xe0000
1781160532,57.1,2400000,0xe0000
1781160533,57.6,2400000,0xe0000
1781160534,57.1,2400000,0xe0000
1781160535,57.6,2400000,0xe0000
1781160536,57.1,2400000,0xe0000
1781160537,57.1,2400000,0xe0000
1781160538,57.6,2400000,0xe0000
1781160539,57.6,2400000,0xe0000
1781160540,57.6,2400000,0xe0000
1781160542,57.6,2400000,0xe0000
1781160543,57.6,2400000,0xe0000
1781160544,57.6,2400000,0xe0000
1781160545,58.2,2400000,0xe0000
1781160546,57.1,2400000,0xe0000
1781160547,57.1,2400000,0xe0000
1781160548,57.6,2400000,0xe0000
1781160549,57.6,2400000,0xe0000
1781160550,57.6,2400000,0xe0000
1781160551,58.2,2400000,0xe0000
1781160552,57.1,2400000,0xe0000
1781160553,57.6,2400000,0xe0000
1781160554,57.6,2400000,0xe0000
1781160555,57.6,2400000,0xe0000
1781160556,57.1,2400000,0xe0000
1781160557,58.2,2400000,0xe0000
1781160558,57.6,2400000,0xe0000
1781160559,57.6,2400000,0xe0000
1781160560,57.6,2400000,0xe0000
1781160561,57.6,2400000,0xe0000
1781160562,57.6,2400000,0xe0000
1781160563,57.6,2400000,0xe0000
1781160564,58.2,2400000,0xe0000
1781160565,57.1,2400000,0xe0000
1781160566,57.6,2400000,0xe0000
1781160567,57.6,2400000,0xe0000
1781160568,57.6,2400000,0xe0000
1781160569,57.6,2400000,0xe0000
1781160570,58.2,2400000,0xe0000
1781160571,57.6,2400000,0xe0000
1781160572,57.1,2400000,0xe0000
1781160573,57.1,2400000,0xe0000
1781160575,57.1,2400000,0xe0000
1781160576,57.6,2400000,0xe0000
1781160577,57.6,2400000,0xe0000
1781160578,57.1,2400000,0xe0000
1781160579,57.1,2400000,0xe0000
1781160580,58.2,2400000,0xe0000
1781160581,57.1,2400000,0xe0000
1781160582,57.1,2400000,0xe0000
1781160583,56.5,2400000,0xe0000
1781160584,57.1,2400000,0xe0000
1781160585,57.6,2400000,0xe0000
1781160586,57.6,2400000,0xe0000
1781160587,57.1,2400000,0xe0000
1781160588,56.5,2400000,0xe0000
1781160589,57.1,2400000,0xe0000
1781160590,56.5,2400000,0xe0000
1781160591,57.1,2400000,0xe0000
1781160592,57.6,2400000,0xe0000
1781160593,57.6,2400000,0xe0000
1781160594,57.1,2400000,0xe0000
1781160595,57.6,2400000,0xe0000
1781160596,57.6,2400000,0xe0000
1781160598,57.1,2400000,0xe0000
1781160599,57.1,2400000,0xe0000
1781160600,57.6,2400000,0xe0000
1781160601,57.6,2400000,0xe0000
1781160602,57.6,2400000,0xe0000
1781160603,57.6,2400000,0xe0000
1781160604,57.6,2400000,0xe0000
1781160605,56.5,2400000,0xe0000
1781160606,57.1,2400000,0xe0000
1781160607,57.6,2400000,0xe0000
1781160608,57.6,2400000,0xe0000
1781160609,57.1,2400000,0xe0000
1781160610,57.1,2400000,0xe0000
1781160611,57.1,2400000,0xe0000
1781160612,57.6,2400000,0xe0000
1781160613,57.1,2400000,0xe0000
1781160614,58.2,2400000,0xe0000
1781160615,57.6,2400000,0xe0000
1781160616,56.5,2400000,0xe0000
1781160617,57.6,2400000,0xe0000
1781160618,57.6,2400000,0xe0000
1781160619,57.1,2400000,0xe0000
1781160620,57.6,2400000,0xe0000
1781160621,57.6,2400000,0xe0000
1781160623,57.1,2400000,0xe0000
1781160624,57.6,2400000,0xe0000
1781160625,57.1,2400000,0xe0000
1781160626,57.6,2400000,0xe0000
1781160627,57.6,2400000,0xe0000
1781160628,57.1,2400000,0xe0000
1781160629,57.1,2400000,0xe0000
1781160630,57.6,2400000,0xe0000
1781160631,57.1,2400000,0xe0000
1781160632,57.1,2400000,0xe0000
1781160633,57.6,2400000,0xe0000
1781160634,58.2,2400000,0xe0000
1781160635,57.6,2400000,0xe0000
1781160637,57.6,2400000,0xe0000
1781160638,57.1,2400000,0xe0000
1781160639,57.6,2400000,0xe0000
1781160640,58.2,2400000,0xe0000
1781160641,57.6,2400000,0xe0000
1781160642,57.6,2400000,0xe0000
1781160643,57.1,2400000,0xe0000
1781160644,57.6,2400000,0xe0000
1781160645,57.1,2400000,0xe0000
1781160646,57.1,2400000,0xe0000
1781160647,57.6,2400000,0xe0000
1781160648,58.2,2400000,0xe0000
1781160649,57.1,2400000,0xe0000
1781160650,57.6,2400000,0xe0000
1781160651,57.6,2400000,0xe0000
1781160652,57.6,2400000,0xe0000
1781160653,57.6,2400000,0xe0000
1781160654,57.1,2400000,0xe0000
1781160655,57.6,2400000,0xe0000
1781160656,57.1,2400000,0xe0000
1781160657,57.6,2400000,0xe0000
1781160658,57.6,2400000,0xe0000
1781160659,57.6,2400000,0xe0000
1781160661,58.2,2400000,0xe0000
1781160662,57.1,2400000,0xe0000
1781160663,58.2,2400000,0xe0000
1781160664,57.1,2400000,0xe0000
1781160665,57.6,2400000,0xe0000
1781160666,57.6,2400000,0xe0000
1781160667,57.6,2400000,0xe0000
1781160668,57.1,2400000,0xe0000
1781160669,57.6,2400000,0xe0000
1781160670,57.6,2400000,0xe0000
1781160671,57.1,2400000,0xe0000
1781160672,57.1,2400000,0xe0000
1781160673,57.6,2400000,0xe0000
1781160674,57.6,2400000,0xe0000
1781160675,57.6,2400000,0xe0000
1781160676,57.1,2400000,0xe0000
1781160677,57.1,2400000,0xe0000
1781160678,57.6,2400000,0xe0000
1781160679,57.1,2400000,0xe0000
1781160680,57.1,2400000,0xe0000
1781160681,57.1,2400000,0xe0000
1781160682,57.6,2400000,0xe0000
1781160684,57.1,2400000,0xe0000
1781160685,57.1,2400000,0xe0000
1781160686,57.1,2400000,0xe0000
1781160687,57.6,2400000,0xe0000
1781160688,56.5,2400000,0xe0000
1781160689,57.6,2400000,0xe0000
1781160690,57.6,2400000,0xe0000
1781160691,57.6,2400000,0xe0000
1781160692,55.4,2400000,0xe0000
1781160693,58.2,2400000,0xe0000
1781160694,56.5,2400000,0xe0000
1781160695,57.6,2400000,0xe0000
1781160696,56.5,2400000,0xe0000
1781160697,57.1,2400000,0xe0000
1781160698,58.2,2400000,0xe0000
1781160699,56.5,2400000,0xe0000
1781160700,57.6,2400000,0xe0000
1781160701,57.6,2400000,0xe0000
1781160702,57.1,2400000,0xe0000
1781160703,57.6,2400000,0xe0000
1781160704,57.1,2400000,0xe0000
1781160705,58.2,2400000,0xe0000
1781160706,57.1,2400000,0xe0000
1781160707,57.6,2400000,0xe0000
1781160708,58.2,2400000,0xe0000
1781160709,56.5,2400000,0xe0000
1781160710,57.6,2400000,0xe0000
1781160712,57.6,2400000,0xe0000
1781160713,57.1,2400000,0xe0000
1781160714,57.1,2400000,0xe0000
1781160715,57.1,2400000,0xe0000
1781160716,57.6,2400000,0xe0000
1781160717,57.6,2400000,0xe0000
1781160718,57.6,2400000,0xe0000
1781160719,56.5,2400000,0xe0000
1781160720,57.1,2400000,0xe0000
1781160721,57.6,2400000,0xe0000
1781160722,57.6,2400000,0xe0000
1781160723,57.6,2400000,0xe0000
1781160724,57.6,2400000,0xe0000
1781160725,57.6,2400000,0xe0000
1781160726,57.6,2400000,0xe0000
1781160727,58.2,2400000,0xe0000
1781160728,57.1,2400000,0xe0000
1781160729,57.6,2400000,0xe0000
1781160730,56.5,2400000,0xe0000
1781160731,57.1,2400000,0xe0000
1781160732,57.1,2400000,0xe0000
1781160733,57.6,2400000,0xe0000
1781160734,57.6,2400000,0xe0000
1781160735,57.6,2400000,0xe0000
1781160736,57.6,2400000,0xe0000
1781160737,57.1,2400000,0xe0000
1781160738,57.6,2400000,0xe0000
1781160740,57.6,2400000,0xe0000
1781160741,57.1,2400000,0xe0000
1781160742,57.6,2400000,0xe0000
1781160743,57.1,2400000,0xe0000
1781160744,57.6,2400000,0xe0000
1781160745,57.6,2400000,0xe0000
1781160746,57.1,2400000,0xe0000
1781160747,57.6,2400000,0xe0000
1781160748,57.1,2400000,0xe0000
1781160749,57.6,2400000,0xe0000
1781160750,57.6,2400000,0xe0000
1781160751,57.6,2400000,0xe0000
1781160752,57.6,2400000,0xe0000
1781160753,58.2,2400000,0xe0000
1781160754,57.1,2400000,0xe0000
1781160755,57.6,2400000,0xe0000
1781160756,57.6,2400000,0xe0000
1781160757,58.2,2400000,0xe0000
1781160758,57.1,2400000,0xe0000
1781160759,58.2,2400000,0xe0000
1781160760,56.5,2400000,0xe0000
1781160761,57.6,2400000,0xe0000
1781160762,56.5,2400000,0xe0000
1781160763,57.6,2400000,0xe0000
1781160764,57.1,2400000,0xe0000
1781160765,57.1,2400000,0xe0000
1781160767,57.1,2400000,0xe0000
1781160768,58.2,2400000,0xe0000
1781160769,57.6,2400000,0xe0000
1781160770,57.6,2400000,0xe0000
1781160771,57.6,2400000,0xe0000
1781160772,58.2,2400000,0xe0000
1781160773,57.6,2400000,0xe0000
1781160774,57.1,2400000,0xe0000
1781160775,57.1,2400000,0xe0000
1781160776,57.6,2400000,0xe0000
1781160777,57.1,2400000,0xe0000
1781160778,57.1,2400000,0xe0000
1781160779,58.2,2400000,0xe0000
1781160780,57.6,2400000,0xe0000
1781160781,57.6,2400000,0xe0000
1781160782,57.6,2400000,0xe0000
1781160783,57.6,2400000,0xe0000
1781160784,57.1,2400000,0xe0000
1781160785,57.6,2400000,0xe0000
1781160786,58.2,2400000,0xe0000
1781160787,57.1,2400000,0xe0000
1781160788,57.1,2400000,0xe0000
1781160789,56.5,2400000,0xe0000
1781160791,57.6,2400000,0xe0000
1781160792,57.6,2400000,0xe0000
1781160793,57.6,2400000,0xe0000
1781160794,58.2,2400000,0xe0000
1781160795,58.2,2400000,0xe0000
1781160796,57.6,2400000,0xe0000
1781160797,57.6,2400000,0xe0000
1781160798,57.1,2400000,0xe0000
1781160799,57.6,2400000,0xe0000
1781160800,57.6,2400000,0xe0000
1781160801,57.6,2400000,0xe0000
1781160802,57.6,2400000,0xe0000
1781160803,57.1,2400000,0xe0000
1781160804,57.1,2400000,0xe0000
1781160805,57.1,2400000,0xe0000
1781160806,57.6,2400000,0xe0000
1781160807,57.6,2400000,0xe0000
1781160808,57.6,2400000,0xe0000
1781160809,57.1,2400000,0xe0000
1781160810,58.2,2400000,0xe0000
1781160811,57.6,2400000,0xe0000
1781160812,57.6,2400000,0xe0000
1781160813,57.6,2400000,0xe0000
1781160814,56.5,2400000,0xe0000
1781160815,57.6,2400000,0xe0000
1781160816,57.1,2400000,0xe0000
1781160817,57.1,2400000,0xe0000
1781160819,57.6,2400000,0xe0000
1781160820,57.6,2400000,0xe0000
1781160821,57.1,2400000,0xe0000
1781160822,57.6,2400000,0xe0000
1781160823,58.2,2400000,0xe0000
1781160824,56.5,2400000,0xe0000
1781160825,57.1,2400000,0xe0000
1781160826,57.6,2400000,0xe0000
1781160827,58.2,2400000,0xe0000
1781160828,57.6,2400000,0xe0000
1781160829,57.6,2400000,0xe0000
1781160830,57.6,2400000,0xe0000
1781160831,57.6,2400000,0xe0000
1781160832,56.0,2400000,0xe0000
1781160833,57.6,2400000,0xe0000
1781160834,58.2,2400000,0xe0000
1781160835,57.1,2400000,0xe0000
1781160836,57.6,2400000,0xe0000
1781160837,57.1,2400000,0xe0000
1781160839,58.2,2400000,0xe0000
1781160840,57.1,2400000,0xe0000
1781160841,58.2,2400000,0xe0000
1781160842,57.1,2400000,0xe0000
1781160843,57.6,2400000,0xe0000
1781160844,58.2,2400000,0xe0000
1781160845,57.6,2400000,0xe0000
1781160846,57.1,2400000,0xe0000
1781160847,57.1,2400000,0xe0000
1781160848,57.6,2400000,0xe0000
1781160849,57.6,2400000,0xe0000
1781160850,57.6,2400000,0xe0000
1781160851,57.6,2400000,0xe0000
1781160852,57.6,2400000,0xe0000
1781160853,57.1,2400000,0xe0000
1781160854,58.2,2400000,0xe0000
1781160855,58.2,2400000,0xe0000
1781160856,57.1,2400000,0xe0000
1781160857,57.6,2400000,0xe0000
1781160859,58.2,2400000,0xe0000
1781160860,57.1,2400000,0xe0000
1781160861,57.6,2400000,0xe0000
1781160862,57.6,2400000,0xe0000
1781160863,57.1,2400000,0xe0000
1781160864,57.1,2400000,0xe0000
1781160865,57.6,2400000,0xe0000
1781160866,57.6,2400000,0xe0000
1781160867,57.6,2400000,0xe0000
1781160868,58.2,2400000,0xe0000
1781160869,58.2,2400000,0xe0000
1781160870,57.6,2400000,0xe0000
1781160871,57.1,2400000,0xe0000
1781160872,57.6,2400000,0xe0000
1781160873,56.5,2400000,0xe0000
1781160874,56.5,2400000,0xe0000
1781160875,57.6,2400000,0xe0000
1781160876,58.2,2400000,0xe0000
1781160877,57.6,2400000,0xe0000
1781160878,57.6,2400000,0xe0000
1781160879,57.6,2400000,0xe0000
1781160880,57.6,2400000,0xe0000
1781160881,57.6,2400000,0xe0000
1781160882,57.6,2400000,0xe0000
1781160884,56.5,2400000,0xe0000
1781160885,56.5,2400000,0xe0000
