Linux 6.12.87 (pi5-2) 	06/17/2026 	_aarch64_	(4 CPU)

03:01:05 AM  CPU    %usr   %nice    %sys %iowait    %irq   %soft  %steal  %guest  %gnice   %idle
03:01:06 AM  all    0.50    0.00    3.02    0.00    1.01   10.33    0.00    0.00    0.00   85.14
03:01:06 AM    0    0.00    0.00    0.00    0.00    2.02   41.41    0.00    0.00    0.00   56.57
03:01:06 AM    1    1.01    0.00    3.03    0.00    0.00    0.00    0.00    0.00    0.00   95.96
03:01:06 AM    2    0.00    0.00    0.00    0.00    0.00    0.00    0.00    0.00    0.00  100.00
03:01:06 AM    3    1.01    0.00    9.09    0.00    2.02    0.00    0.00    0.00    0.00   87.88

03:01:06 AM  CPU    %usr   %nice    %sys %iowait    %irq   %soft  %steal  %guest  %gnice   %idle
03:01:07 AM  all    0.00    0.00    2.83    0.00    2.06   13.88    0.00    0.00    0.00   81.23
03:01:07 AM    0    0.00    0.00    0.00    0.00    3.03   54.55    0.00    0.00    0.00   42.42
03:01:07 AM    1    0.00    0.00    4.00    0.00    2.00    0.00    0.00    0.00    0.00   94.00
03:01:07 AM    2    0.00    0.00    0.00    0.00    0.00    0.00    0.00    0.00    0.00  100.00
03:01:07 AM    3    0.00    0.00    7.78    0.00    3.33    0.00    0.00    0.00    0.00   88.89

03:01:07 AM  CPU    %usr   %nice    %sys %iowait    %irq   %soft  %steal  %guest  %gnice   %idle
03:01:08 AM  all    0.51    0.00    3.32    0.00    1.79   14.03    0.00    0.00    0.00   80.36
03:01:08 AM    0    0.00    0.00    0.00    0.00    2.02   55.56    0.00    0.00    0.00   42.42
03:01:08 AM    1    1.02    0.00    3.06    0.00    1.02    0.00    0.00    0.00    0.00   94.90
03:01:08 AM    2    0.00    0.00    4.04    0.00    1.01    0.00    0.00    0.00    0.00   94.95
03:01:08 AM    3    1.04    0.00    6.25    0.00    3.12    0.00    0.00    0.00    0.00   89.58

03:01:08 AM  CPU    %usr   %nice    %sys %iowait    %irq   %soft  %steal  %guest  %gnice   %idle
03:01:09 AM  all    0.51    0.00    3.06    0.00    1.79   14.03    0.00    0.00    0.00   80.61
03:01:09 AM    0    0.00    0.00    0.00    0.00    3.06   56.12    0.00    0.00    0.00   40.82
03:01:09 AM    1    1.01    0.00    2.02    0.00    1.01    0.00    0.00    0.00    0.00   95.96
03:01:09 AM    2    1.05    0.00    2.11    0.00    2.11    0.00    0.00    0.00    0.00   94.74
03:01:09 AM    3    0.00    0.00    8.00    0.00    1.00    0.00    0.00    0.00    0.00   91.00

03:01:09 AM  CPU    %usr   %nice    %sys %iowait    %irq   %soft  %steal  %guest  %gnice   %idle
03:01:10 AM  all    0.76    0.00    3.53    0.00    2.02   14.11    0.00    0.00    0.00   79.60
03:01:10 AM    0    0.00    0.00    0.00    0.00    3.00   55.00    0.00    0.00    0.00   42.00
03:01:10 AM    1    2.00    0.00    3.00    0.00    1.00    0.00    0.00    0.00    0.00   94.00
03:01:10 AM    2    1.02    0.00    7.14    0.00    2.04    1.02    0.00    0.00    0.00   88.78
03:01:10 AM    3    0.00    0.00    4.04    0.00    2.02    0.00    0.00    0.00    0.00   93.94

03:01:10 AM  CPU    %usr   %nice    %sys %iowait    %irq   %soft  %steal  %guest  %gnice   %idle
03:01:11 AM  all    0.77    0.00    3.32    0.00    1.53   14.03    0.00    0.00    0.00   80.36
03:01:11 AM    0    0.00    0.00    0.00    0.00    2.04   56.12    0.00    0.00    0.00   41.84
03:01:11 AM    1    0.00    0.00    3.09    0.00    1.03    0.00    0.00    0.00    0.00   95.88
03:01:11 AM    2    1.03    0.00    7.22    0.00    2.06    0.00    0.00    0.00    0.00   89.69
03:01:11 AM    3    2.00    0.00    3.00    0.00    1.00    0.00    0.00    0.00    0.00   94.00

03:01:11 AM  CPU    %usr   %nice    %sys %iowait    %irq   %soft  %steal  %guest  %gnice   %idle
03:01:12 AM  all    0.50    0.00    4.27    0.00    2.01   13.82    0.00    0.00    0.00   79.40
03:01:12 AM    0    0.00    0.00    0.00    0.00    3.00   55.00    0.00    0.00    0.00   42.00
03:01:12 AM    1    0.00    0.00    4.04    0.00    1.01    0.00    0.00    0.00    0.00   94.95
03:01:12 AM    2    1.00    0.00    9.00    0.00    3.00    0.00    0.00    0.00    0.00   87.00
03:01:12 AM    3    1.01    0.00    4.04    0.00    1.01    0.00    0.00    0.00    0.00   93.94

03:01:12 AM  CPU    %usr   %nice    %sys %iowait    %irq   %soft  %steal  %guest  %gnice   %idle
03:01:13 AM  all    0.77    0.00    2.81    0.00    1.53   13.81    0.00    0.00    0.00   81.07
03:01:13 AM    0    0.00    0.00    0.00    0.00    2.02   54.55    0.00    0.00    0.00   43.43
03:01:13 AM    1    1.03    0.00    2.06    0.00    1.03    0.00    0.00    0.00    0.00   95.88
03:01:13 AM    2    2.04    0.00    7.14    0.00    2.04    0.00    0.00    0.00    0.00   88.78
03:01:13 AM    3    0.00    0.00    2.06    0.00    1.03    0.00    0.00    0.00    0.00   96.91

03:01:13 AM  CPU    %usr   %nice    %sys %iowait    %irq   %soft  %steal  %guest  %gnice   %idle
03:01:14 AM  all    0.52    0.00    2.84    0.00    2.06   14.18    0.00    0.00    0.00   80.41
03:01:14 AM    0    0.00    0.00    1.00    0.00    3.00   55.00    0.00    0.00    0.00   41.00
03:01:14 AM    1    0.00    0.00    2.06    0.00    2.06    0.00    0.00    0.00    0.00   95.88
03:01:14 AM    2    1.09    0.00    8.70    0.00    3.26    0.00    0.00    0.00    0.00   86.96
03:01:14 AM    3    1.01    0.00    0.00    0.00    0.00    0.00    0.00    0.00    0.00   98.99

03:01:14 AM  CPU    %usr   %nice    %sys %iowait    %irq   %soft  %steal  %guest  %gnice   %idle
03:01:15 AM  all    0.52    0.00    2.06    0.26    1.55   13.92    0.00    0.00    0.00   81.70
03:01:15 AM    0    0.00    0.00    0.00    1.01    2.02   54.55    0.00    0.00    0.00   42.42
03:01:15 AM    1    1.02    0.00    2.04    0.00    1.02    0.00    0.00    0.00    0.00   95.92
03:01:15 AM    2    1.10    0.00    6.59    0.00    3.30    0.00    0.00    0.00    0.00   89.01
03:01:15 AM    3    0.00    0.00    0.00    0.00    0.00    0.00    0.00    0.00    0.00  100.00

03:01:15 AM  CPU    %usr   %nice    %sys %iowait    %irq   %soft  %steal  %guest  %gnice   %idle
03:01:16 AM  all    1.02    0.00    2.55    0.00    2.04   14.03    0.00    0.00    0.00   80.36
03:01:16 AM    0    0.00    0.00    0.00    0.00    3.00   55.00    0.00    0.00    0.00   42.00
03:01:16 AM    1    2.02    0.00    3.03    0.00    1.01    0.00    0.00    0.00    0.00   93.94
03:01:16 AM    2    2.15    0.00    7.53    0.00    4.30    0.00    0.00    0.00    0.00   86.02
03:01:16 AM    3    0.00    0.00    0.00    0.00    0.00    0.00    0.00    0.00    0.00  100.00

03:01:16 AM  CPU    %usr   %nice    %sys %iowait    %irq   %soft  %steal  %guest  %gnice   %idle
03:01:17 AM  all    0.78    0.00    1.81    0.00    1.55   14.25    0.00    0.00    0.00   81.61
03:01:17 AM    0    0.00    0.00    0.00    0.00    3.03   55.56    0.00    0.00    0.00   41.41
03:01:17 AM    1    0.00    0.00    1.02    0.00    0.00    0.00    0.00    0.00    0.00   98.98
03:01:17 AM    2    2.25    0.00    6.74    0.00    3.37    0.00    0.00    0.00    0.00   87.64
03:01:17 AM    3    1.00    0.00    0.00    0.00    0.00    0.00    0.00    0.00    0.00   99.00

03:01:17 AM  CPU    %usr   %nice    %sys %iowait    %irq   %soft  %steal  %guest  %gnice   %idle
03:01:18 AM  all    0.26    0.00    3.33    0.00    2.05   13.85    0.00    0.00    0.00   80.51
03:01:18 AM    0    0.00    0.00    0.00    0.00    2.06   55.67    0.00    0.00    0.00   42.27
03:01:18 AM    1    1.00    0.00    4.00    0.00    2.00    0.00    0.00    0.00    0.00   93.00
03:01:18 AM    2    0.00    0.00    7.53    0.00    3.23    0.00    0.00    0.00    0.00   89.25
03:01:18 AM    3    0.00    0.00    2.00    0.00    1.00    0.00    0.00    0.00    0.00   97.00

03:01:18 AM  CPU    %usr   %nice    %sys %iowait    %irq   %soft  %steal  %guest  %gnice   %idle
03:01:19 AM  all    0.76    0.00    3.53    0.00    2.02   13.85    0.00    0.00    0.00   79.85
03:01:19 AM    0    0.00    0.00    0.00    0.00    3.00   55.00    0.00    0.00    0.00   42.00
03:01:19 AM    1    0.00    0.00    3.06    0.00    1.02    0.00    0.00    0.00    0.00   95.92
03:01:19 AM    2    2.97    0.00    6.93    0.00    2.97    0.00    0.00    0.00    0.00   87.13
03:01:19 AM    3    0.00    0.00    4.08    0.00    1.02    0.00    0.00    0.00    0.00   94.90

03:01:19 AM  CPU    %usr   %nice    %sys %iowait    %irq   %soft  %steal  %guest  %gnice   %idle
03:01:20 AM  all    1.00    0.00    5.01    0.00    1.50   13.78    0.00    0.00    0.00   78.70
03:01:20 AM    0    0.00    0.00    1.00    0.00    2.00   55.00    0.00    0.00    0.00   42.00
03:01:20 AM    1    1.01    0.00    0.00    0.00    0.00    0.00    0.00    0.00    0.00   98.99
03:01:20 AM    2    2.02    0.00    9.09    0.00    2.02    0.00    0.00    0.00    0.00   86.87
03:01:20 AM    3    0.99    0.00    9.90    0.00    1.98    0.00    0.00    0.00    0.00   87.13

03:01:20 AM  CPU    %usr   %nice    %sys %iowait    %irq   %soft  %steal  %guest  %gnice   %idle
03:01:21 AM  all    1.02    0.00    2.79    0.00    1.78   13.96    0.00    0.00    0.00   80.46
03:01:21 AM    0    0.00    0.00    0.00    0.00    3.00   55.00    0.00    0.00    0.00   42.00
03:01:21 AM    1    0.00    0.00    0.00    0.00    0.00    0.00    0.00    0.00    0.00  100.00
03:01:21 AM    2    2.00    0.00    8.00    0.00    2.00    0.00    0.00    0.00    0.00   88.00
03:01:21 AM    3    2.13    0.00    3.19    0.00    2.13    0.00    0.00    0.00    0.00   92.55

03:01:21 AM  CPU    %usr   %nice    %sys %iowait    %irq   %soft  %steal  %guest  %gnice   %idle
03:01:22 AM  all    0.51    0.00    2.31    0.00    1.80   13.88    0.00    0.00    0.00   81.49
03:01:22 AM    0    0.00    0.00    0.00    0.00    2.04   55.10    0.00    0.00    0.00   42.86
03:01:22 AM    1    0.00    0.00    0.00    0.00    0.00    0.00    0.00    0.00    0.00  100.00
03:01:22 AM    2    1.08    0.00    3.23    0.00    2.15    0.00    0.00    0.00    0.00   93.55
03:01:22 AM    3    1.02    0.00    6.12    0.00    3.06    0.00    0.00    0.00    0.00   89.80

03:01:22 AM  CPU    %usr   %nice    %sys %iowait    %irq   %soft  %steal  %guest  %gnice   %idle
03:01:23 AM  all    1.25    0.00    4.01    0.00    2.01   14.04    0.00    0.00    0.00   78.70
03:01:23 AM    0    0.00    0.00    1.00    0.00    3.00   55.00    0.00    0.00    0.00   41.00
03:01:23 AM    1    0.00    0.00    0.00    0.00    0.00    0.00    0.00    0.00    0.00  100.00
03:01:23 AM    2    1.02    0.00    3.06    0.00    2.04    0.00    0.00    0.00    0.00   93.88
03:01:23 AM    3    3.96    0.00   11.88    0.00    2.97    0.99    0.00    0.00    0.00   80.20

03:01:23 AM  CPU    %usr   %nice    %sys %iowait    %irq   %soft  %steal  %guest  %gnice   %idle
03:01:24 AM  all    1.02    0.00    2.55    0.00    1.79   14.03    0.00    0.00    0.00   80.61
03:01:24 AM    0    0.00    0.00    0.00    0.00    3.00   55.00    0.00    0.00    0.00   42.00
03:01:24 AM    1    0.00    0.00    0.00    0.00    0.00    0.00    0.00    0.00    0.00  100.00
03:01:24 AM    2    1.08    0.00    2.15    0.00    2.15    0.00    0.00    0.00    0.00   94.62
03:01:24 AM    3    3.03    0.00    8.08    0.00    2.02    0.00    0.00    0.00    0.00   86.87

03:01:24 AM  CPU    %usr   %nice    %sys %iowait    %irq   %soft  %steal  %guest  %gnice   %idle
03:01:25 AM  all    0.76    0.00    3.31    0.00    1.78   13.74    0.00    0.00    0.00   80.41
03:01:25 AM    0    0.00    0.00    0.00    0.00    2.04   55.10    0.00    0.00    0.00   42.86
03:01:25 AM    1    0.00    0.00    0.00    0.00    0.00    0.00    0.00    0.00    0.00  100.00
03:01:25 AM    2    1.04    0.00    6.25    0.00    2.08    0.00    0.00    0.00    0.00   90.62
03:01:25 AM    3    2.02    0.00    7.07    0.00    3.03    0.00    0.00    0.00    0.00   87.88

03:01:25 AM  CPU    %usr   %nice    %sys %iowait    %irq   %soft  %steal  %guest  %gnice   %idle
03:01:26 AM  all    0.76    0.00    4.04    0.00    1.77   13.89    0.00    0.00    0.00   79.55
03:01:26 AM    0    0.00    0.00    0.00    0.00    3.00   55.00    0.00    0.00    0.00   42.00
03:01:26 AM    1    0.00    0.00    0.00    0.00    0.00    0.00    0.00    0.00    0.00  100.00
03:01:26 AM    2    2.02    0.00    8.08    0.00    2.02    0.00    0.00    0.00    0.00   87.88
03:01:26 AM    3    1.03    0.00    8.25    0.00    2.06    0.00    0.00    0.00    0.00   88.66

03:01:26 AM  CPU    %usr   %nice    %sys %iowait    %irq   %soft  %steal  %guest  %gnice   %idle
03:01:27 AM  all    0.76    0.00    3.05    0.00    1.53   13.99    0.00    0.00    0.00   80.66
03:01:27 AM    0    0.00    0.00    0.00    0.00    2.02   55.56    0.00    0.00    0.00   42.42
03:01:27 AM    1    0.00    0.00    0.00    0.00    0.00    0.00    0.00    0.00    0.00  100.00
03:01:27 AM    2    1.04    0.00    6.25    0.00    2.08    0.00    0.00    0.00    0.00   90.62
03:01:27 AM    3    2.04    0.00    6.12    0.00    2.04    0.00    0.00    0.00    0.00   89.80

03:01:27 AM  CPU    %usr   %nice    %sys %iowait    %irq   %soft  %steal  %guest  %gnice   %idle
03:01:28 AM  all    0.26    0.00    2.57    0.00    2.06   13.88    0.00    0.00    0.00   81.23
03:01:28 AM    0    0.00    0.00    0.00    0.00    3.03   54.55    0.00    0.00    0.00   42.42
03:01:28 AM    1    0.00    0.00    0.00    0.00    0.00    0.00    0.00    0.00    0.00  100.00
03:01:28 AM    2    0.00    0.00    6.45    0.00    3.23    0.00    0.00    0.00    0.00   90.32
03:01:28 AM    3    1.03    0.00    4.12    0.00    2.06    0.00    0.00    0.00    0.00   92.78

03:01:28 AM  CPU    %usr   %nice    %sys %iowait    %irq   %soft  %steal  %guest  %gnice   %idle
03:01:29 AM  all    1.26    0.00    4.27    0.00    1.51   13.82    0.00    0.00    0.00   79.15
03:01:29 AM    0    1.00    0.00    0.00    0.00    2.00   55.00    0.00    0.00    0.00   42.00
03:01:29 AM    1    0.00    0.00    0.00    0.00    0.00    0.00    0.00    0.00    0.00  100.00
03:01:29 AM    2    2.02    0.00    9.09    0.00    2.02    0.00    0.00    0.00    0.00   86.87
03:01:29 AM    3    2.02    0.00    8.08    0.00    2.02    0.00    0.00    0.00    0.00   87.88

03:01:29 AM  CPU    %usr   %nice    %sys %iowait    %irq   %soft  %steal  %guest  %gnice   %idle
03:01:30 AM  all    0.26    0.00    3.57    0.00    2.04   14.03    0.00    0.00    0.00   80.10
03:01:30 AM    0    0.00    0.00    0.00    0.00    3.03   55.56    0.00    0.00    0.00   41.41
03:01:30 AM    1    0.00    0.00    0.00    0.00    0.00    0.00    0.00    0.00    0.00  100.00
03:01:30 AM    2    0.00    0.00    7.22    0.00    3.09    0.00    0.00    0.00    0.00   89.69
03:01:30 AM    3    1.03    0.00    7.22    0.00    2.06    0.00    0.00    0.00    0.00   89.69

03:01:30 AM  CPU    %usr   %nice    %sys %iowait    %irq   %soft  %steal  %guest  %gnice   %idle
03:01:31 AM  all    0.51    0.00    3.05    0.00    2.03   13.71    0.00    0.00    0.00   80.71
03:01:31 AM    0    0.00    0.00    0.00    0.00    3.00   54.00    0.00    0.00    0.00   43.00
03:01:31 AM    1    0.00    0.00    0.00    0.00    0.00    0.00    0.00    0.00    0.00  100.00
03:01:31 AM    2    0.00    0.00    6.32    0.00    2.11    0.00    0.00    0.00    0.00   91.58
03:01:31 AM    3    2.02    0.00    6.06    0.00    3.03    0.00    0.00    0.00    0.00   88.89

03:01:31 AM  CPU    %usr   %nice    %sys %iowait    %irq   %soft  %steal  %guest  %gnice   %idle
03:01:32 AM  all    0.76    0.00    4.05    0.00    1.52   13.92    0.00    0.00    0.00   79.75
03:01:32 AM    0    0.00    0.00    0.00    0.00    2.04   56.12    0.00    0.00    0.00   41.84
03:01:32 AM    1    0.00    0.00    0.00    0.00    0.00    0.00    0.00    0.00    0.00  100.00
03:01:32 AM    2    1.01    0.00    9.09    0.00    2.02    0.00    0.00    0.00    0.00   87.88
03:01:32 AM    3    2.04    0.00    7.14    0.00    2.04    0.00    0.00    0.00    0.00   88.78

03:01:32 AM  CPU    %usr   %nice    %sys %iowait    %irq   %soft  %steal  %guest  %gnice   %idle
03:01:33 AM  all    1.25    0.00    3.51    0.00    2.01   13.78    0.00    0.00    0.00   79.45
03:01:33 AM    0    0.00    0.00    0.00    0.00    3.00   55.00    0.00    0.00    0.00   42.00
03:01:33 AM    1    0.00    0.00    0.00    0.00    0.00    0.00    0.00    0.00    0.00  100.00
03:01:33 AM    2    1.00    0.00    8.00    0.00    3.00    0.00    0.00    0.00    0.00   88.00
03:01:33 AM    3    4.04    0.00    6.06    0.00    2.02    0.00    0.00    0.00    0.00   87.88

03:01:33 AM  CPU    %usr   %nice    %sys %iowait    %irq   %soft  %steal  %guest  %gnice   %idle
03:01:34 AM  all    0.51    0.00    2.57    0.00    1.54   13.88    0.00    0.00    0.00   81.49
03:01:34 AM    0    0.00    0.00    0.00    0.00    2.04   55.10    0.00    0.00    0.00   42.86
03:01:34 AM    1    0.00    0.00    0.00    0.00    0.00    0.00    0.00    0.00    0.00  100.00
03:01:34 AM    2    2.15    0.00    2.15    0.00    2.15    0.00    0.00    0.00    0.00   93.55
03:01:34 AM    3    0.00    0.00    8.16    0.00    2.04    0.00    0.00    0.00    0.00   89.80

03:01:34 AM  CPU    %usr   %nice    %sys %iowait    %irq   %soft  %steal  %guest  %gnice   %idle
03:01:35 AM  all    0.51    0.00    3.30    0.00    2.03   13.96    0.00    0.00    0.00   80.20
03:01:35 AM    0    0.00    0.00    0.00    0.00    3.00   55.00    0.00    0.00    0.00   42.00
03:01:35 AM    1    0.00    0.00    0.00    0.00    0.00    0.00    0.00    0.00    0.00  100.00
03:01:35 AM    2    1.03    0.00    7.22    0.00    2.06    0.00    0.00    0.00    0.00   89.69
03:01:35 AM    3    1.03    0.00    6.19    0.00    3.09    0.00    0.00    0.00    0.00   89.69

03:01:35 AM  CPU    %usr   %nice    %sys %iowait    %irq   %soft  %steal  %guest  %gnice   %idle
03:01:36 AM  all    1.01    0.00    3.28    0.00    1.52   13.89    0.00    0.00    0.00   80.30
03:01:36 AM    0    0.00    0.00    0.00    0.00    2.02   55.56    0.00    0.00    0.00   42.42
03:01:36 AM    1    0.00    0.00    0.00    0.00    0.00    0.00    0.00    0.00    0.00  100.00
03:01:36 AM    2    2.00    0.00    8.00    0.00    2.00    0.00    0.00    0.00    0.00   88.00
03:01:36 AM    3    2.06    0.00    5.15    0.00    2.06    0.00    0.00    0.00    0.00   90.72

03:01:36 AM  CPU    %usr   %nice    %sys %iowait    %irq   %soft  %steal  %guest  %gnice   %idle
03:01:37 AM  all    0.00    0.00    2.83    0.00    2.06   13.88    0.00    0.00    0.00   81.23
03:01:37 AM    0    0.00    0.00    0.00    0.00    3.03   54.55    0.00    0.00    0.00   42.42
03:01:37 AM    1    0.00    0.00    0.00    0.00    0.00    0.00    0.00    0.00    0.00  100.00
03:01:37 AM    2    0.00    0.00    7.22    0.00    3.09    0.00    0.00    0.00    0.00   89.69
03:01:37 AM    3    0.00    0.00    4.30    0.00    2.15    0.00    0.00    0.00    0.00   93.55

03:01:37 AM  CPU    %usr   %nice    %sys %iowait    %irq   %soft  %steal  %guest  %gnice   %idle
03:01:38 AM  all    1.52    0.00    2.54    0.00    1.52   13.96    0.00    0.00    0.00   80.46
03:01:38 AM    0    0.00    0.00    0.00    0.00    2.02   55.56    0.00    0.00    0.00   42.42
03:01:38 AM    1    0.00    0.00    0.00    0.00    0.00    0.00    0.00    0.00    0.00  100.00
03:01:38 AM    2    2.11    0.00    4.21    0.00    2.11    0.00    0.00    0.00    0.00   91.58
03:01:38 AM    3    4.00    0.00    6.00    0.00    2.00    0.00    0.00    0.00    0.00   88.00

03:01:38 AM  CPU    %usr   %nice    %sys %iowait    %irq   %soft  %steal  %guest  %gnice   %idle
03:01:39 AM  all    1.02    0.00    2.55    0.00    2.04   13.78    0.00    0.00    0.00   80.61
03:01:39 AM    0    0.00    0.00    0.00    0.00    3.03   54.55    0.00    0.00    0.00   42.42
03:01:39 AM    1    0.00    0.00    0.00    0.00    0.00    0.00    0.00    0.00    0.00  100.00
03:01:39 AM    2    2.08    0.00    5.21    0.00    2.08    0.00    0.00    0.00    0.00   90.62
03:01:39 AM    3    2.06    0.00    5.15    0.00    3.09    0.00    0.00    0.00    0.00   89.69

03:01:39 AM  CPU    %usr   %nice    %sys %iowait    %irq   %soft  %steal  %guest  %gnice   %idle
03:01:40 AM  all    0.76    0.00    3.30    0.00    1.78   14.21    0.00    0.00    0.00   79.95
03:01:40 AM    0    0.00    0.00    0.00    0.00    3.00   55.00    0.00    0.00    0.00   42.00
03:01:40 AM    1    1.00    0.00    0.00    0.00    0.00    0.00    0.00    0.00    0.00   99.00
03:01:40 AM    2    0.00    0.00    5.26    0.00    2.11    1.05    0.00    0.00    0.00   91.58
03:01:40 AM    3    2.02    0.00    8.08    0.00    2.02    0.00    0.00    0.00    0.00   87.88

03:01:40 AM  CPU    %usr   %nice    %sys %iowait    %irq   %soft  %steal  %guest  %gnice   %idle
03:01:41 AM  all    0.77    0.00    2.57    0.26    1.80   14.14    0.00    0.00    0.00   80.46
03:01:41 AM    0    0.00    0.00    0.00    0.00    2.04   56.12    0.00    0.00    0.00   41.84
03:01:41 AM    1    0.00    0.00    0.00    0.00    0.00    0.00    0.00    0.00    0.00  100.00
03:01:41 AM    2    2.08    0.00    5.21    1.04    3.12    0.00    0.00    0.00    0.00   88.54
03:01:41 AM    3    1.05    0.00    5.26    0.00    2.11    0.00    0.00    0.00    0.00   91.58

03:01:41 AM  CPU    %usr   %nice    %sys %iowait    %irq   %soft  %steal  %guest  %gnice   %idle
03:01:42 AM  all    0.51    0.00    3.07    0.00    1.79   13.81    0.00    0.00    0.00   80.82
03:01:42 AM    0    0.00    0.00    0.00    0.00    3.03   54.55    0.00    0.00    0.00   42.42
03:01:42 AM    1    0.00    0.00    0.00    0.00    0.00    0.00    0.00    0.00    0.00  100.00
03:01:42 AM    2    0.00    0.00    5.32    0.00    2.13    0.00    0.00    0.00    0.00   92.55
03:01:42 AM    3    2.04    0.00    7.14    0.00    2.04    0.00    0.00    0.00    0.00   88.78

03:01:42 AM  CPU    %usr   %nice    %sys %iowait    %irq   %soft  %steal  %guest  %gnice   %idle
03:01:43 AM  all    0.51    0.00    3.06    0.00    1.79   13.78    0.00    0.00    0.00   80.87
03:01:43 AM    0    0.00    0.00    0.00    0.00    2.02   54.55    0.00    0.00    0.00   43.43
03:01:43 AM    1    0.00    0.00    0.00    0.00    0.00    0.00    0.00    0.00    0.00  100.00
03:01:43 AM    2    1.04    0.00    6.25    0.00    2.08    0.00    0.00    0.00    0.00   90.62
03:01:43 AM    3    1.03    0.00    6.19    0.00    3.09    0.00    0.00    0.00    0.00   89.69

03:01:43 AM  CPU    %usr   %nice    %sys %iowait    %irq   %soft  %steal  %guest  %gnice   %idle
03:01:44 AM  all    0.00    0.00    2.58    0.00    1.80   14.18    0.00    0.00    0.00   81.44
03:01:44 AM    0    0.00    0.00    0.00    0.00    3.00   55.00    0.00    0.00    0.00   42.00
03:01:44 AM    1    0.00    0.00    1.00    0.00    1.00    0.00    0.00    0.00    0.00   98.00
03:01:44 AM    2    0.00    0.00    6.32    0.00    2.11    0.00    0.00    0.00    0.00   91.58
03:01:44 AM    3    0.00    0.00    3.23    0.00    1.08    0.00    0.00    0.00    0.00   95.70

03:01:44 AM  CPU    %usr   %nice    %sys %iowait    %irq   %soft  %steal  %guest  %gnice   %idle
03:01:45 AM  all    1.01    0.00    3.27    0.00    2.02   13.85    0.00    0.00    0.00   79.85
03:01:45 AM    0    0.00    0.00    0.00    0.00    2.02   55.56    0.00    0.00    0.00   42.42
03:01:45 AM    1    0.00    0.00    3.06    0.00    1.02    0.00    0.00    0.00    0.00   95.92
03:01:45 AM    2    2.04    0.00    6.12    0.00    3.06    0.00    0.00    0.00    0.00   88.78
03:01:45 AM    3    1.96    0.00    3.92    0.00    1.96    0.00    0.00    0.00    0.00   92.16

03:01:45 AM  CPU    %usr   %nice    %sys %iowait    %irq   %soft  %steal  %guest  %gnice   %idle
03:01:46 AM  all    0.00    0.00    3.09    0.00    1.80   13.92    0.00    0.00    0.00   81.19
03:01:46 AM    0    0.00    0.00    0.00    0.00    3.03   54.55    0.00    0.00    0.00   42.42
03:01:46 AM    1    0.00    0.00    3.09    0.00    1.03    0.00    0.00    0.00    0.00   95.88
03:01:46 AM    2    0.00    0.00    5.32    0.00    2.13    0.00    0.00    0.00    0.00   92.55
03:01:46 AM    3    0.00    0.00    4.08    0.00    1.02    0.00    0.00    0.00    0.00   94.90

03:01:46 AM  CPU    %usr   %nice    %sys %iowait    %irq   %soft  %steal  %guest  %gnice   %idle
03:01:47 AM  all    1.02    0.00    2.81    0.00    1.79   14.07    0.00    0.00    0.00   80.31
03:01:47 AM    0    0.00    0.00    1.00    0.00    3.00   55.00    0.00    0.00    0.00   41.00
03:01:47 AM    1    1.02    0.00    3.06    0.00    1.02    0.00    0.00    0.00    0.00   94.90
03:01:47 AM    2    2.11    0.00    4.21    0.00    2.11    0.00    0.00    0.00    0.00   91.58
03:01:47 AM    3    1.02    0.00    3.06    0.00    1.02    0.00    0.00    0.00    0.00   94.90

03:01:47 AM  CPU    %usr   %nice    %sys %iowait    %irq   %soft  %steal  %guest  %gnice   %idle
03:01:48 AM  all    0.51    0.00    2.57    0.00    1.54   13.88    0.00    0.00    0.00   81.49
03:01:48 AM    0    0.00    0.00    0.00    0.00    2.02   54.55    0.00    0.00    0.00   43.43
03:01:48 AM    1    1.02    0.00    2.04    0.00    1.02    0.00    0.00    0.00    0.00   95.92
03:01:48 AM    2    1.05    0.00    5.26    0.00    2.11    0.00    0.00    0.00    0.00   91.58
03:01:48 AM    3    0.00    0.00    3.09    0.00    1.03    0.00    0.00    0.00    0.00   95.88

03:01:48 AM  CPU    %usr   %nice    %sys %iowait    %irq   %soft  %steal  %guest  %gnice   %idle
03:01:49 AM  all    0.51    0.00    3.54    0.00    2.28   13.92    0.00    0.00    0.00   79.75
03:01:49 AM    0    0.00    0.00    0.00    0.00    3.00   55.00    0.00    0.00    0.00   42.00
03:01:49 AM    1    0.99    0.00    4.95    0.00    1.98    0.00    0.00    0.00    0.00   92.08
03:01:49 AM    2    1.03    0.00    6.19    0.00    3.09    0.00    0.00    0.00    0.00   89.69
03:01:49 AM    3    0.00    0.00    3.09    0.00    1.03    0.00    0.00    0.00    0.00   95.88

03:01:49 AM  CPU    %usr   %nice    %sys %iowait    %irq   %soft  %steal  %guest  %gnice   %idle
03:01:50 AM  all    0.76    0.00    4.05    0.00    1.52   13.92    0.00    0.00    0.00   79.75
03:01:50 AM    0    0.00    0.00    0.00    0.00    2.04   56.12    0.00    0.00    0.00   41.84
03:01:50 AM    1    1.01    0.00    3.03    0.00    1.01    0.00    0.00    0.00    0.00   94.95
03:01:50 AM    2    2.06    0.00    5.15    0.00    1.03    0.00    0.00    0.00    0.00   91.75
03:01:50 AM    3    0.00    0.00    7.92    0.00    1.98    0.00    0.00    0.00    0.00   90.10

03:01:50 AM  CPU    %usr   %nice    %sys %iowait    %irq   %soft  %steal  %guest  %gnice   %idle
03:01:51 AM  all    0.26    0.00    2.81    0.00    2.04   14.03    0.00    0.00    0.00   80.87
03:01:51 AM    0    0.00    0.00    0.00    0.00    3.00   55.00    0.00    0.00    0.00   42.00
03:01:51 AM    1    0.00    0.00    3.09    0.00    1.03    0.00    0.00    0.00    0.00   95.88
03:01:51 AM    2    0.00    0.00    4.00    0.00    2.00    0.00    0.00    0.00    0.00   94.00
03:01:51 AM    3    1.05    0.00    4.21    0.00    2.11    0.00    0.00    0.00    0.00   92.63

03:01:51 AM  CPU    %usr   %nice    %sys %iowait    %irq   %soft  %steal  %guest  %gnice   %idle
03:01:52 AM  all    0.25    0.00    4.07    0.00    1.53   13.74    0.00    0.00    0.00   80.41
03:01:52 AM    0    0.00    0.00    0.00    0.00    2.04   55.10    0.00    0.00    0.00   42.86
03:01:52 AM    1    0.00    0.00    3.06    0.00    1.02    0.00    0.00    0.00    0.00   95.92
03:01:52 AM    2    1.00    0.00    5.00    0.00    1.00    0.00    0.00    0.00    0.00   93.00
03:01:52 AM    3    0.00    0.00    8.25    0.00    2.06    0.00    0.00    0.00    0.00   89.69

03:01:52 AM  CPU    %usr   %nice    %sys %iowait    %irq   %soft  %steal  %guest  %gnice   %idle
03:01:53 AM  all    1.00    0.00    4.01    0.00    2.01   13.78    0.00    0.00    0.00   79.20
03:01:53 AM    0    0.00    0.00    0.00    0.00    3.00   55.00    0.00    0.00    0.00   42.00
03:01:53 AM    1    1.01    0.00    4.04    0.00    1.01    0.00    0.00    0.00    0.00   93.94
03:01:53 AM    2    1.01    0.00    3.03    0.00    1.01    0.00    0.00    0.00    0.00   94.95
03:01:53 AM    3    1.98    0.00    8.91    0.00    2.97    0.00    0.00    0.00    0.00   86.14

03:01:53 AM  CPU    %usr   %nice    %sys %iowait    %irq   %soft  %steal  %guest  %gnice   %idle
03:01:54 AM  all    0.26    0.00    2.82    0.00    2.05   14.10    0.00    0.00    0.00   80.77
03:01:54 AM    0    0.00    0.00    0.00    0.00    3.00   55.00    0.00    0.00    0.00   42.00
03:01:54 AM    1    0.00    0.00    6.25    0.00    3.12    0.00    0.00    0.00    0.00   90.62
03:01:54 AM    2    1.03    0.00    2.06    0.00    1.03    0.00    0.00    0.00    0.00   95.88
03:01:54 AM    3    0.00    0.00    3.09    0.00    1.03    0.00    0.00    0.00    0.00   95.88

03:01:54 AM  CPU    %usr   %nice    %sys %iowait    %irq   %soft  %steal  %guest  %gnice   %idle
03:01:55 AM  all    0.51    0.00    4.04    0.00    1.52   13.89    0.00    0.00    0.00   80.05
03:01:55 AM    0    0.00    0.00    0.00    0.00    2.02   55.56    0.00    0.00    0.00   42.42
03:01:55 AM    1    1.00    0.00    9.00    0.00    2.00    0.00    0.00    0.00    0.00   88.00
03:01:55 AM    2    1.00    0.00    5.00    0.00    1.00    0.00    0.00    0.00    0.00   93.00
03:01:55 AM    3    0.00    0.00    2.06    0.00    1.03    0.00    0.00    0.00    0.00   96.91

03:01:55 AM  CPU    %usr   %nice    %sys %iowait    %irq   %soft  %steal  %guest  %gnice   %idle
03:01:56 AM  all    1.02    0.00    3.56    0.00    2.04   13.74    0.00    0.00    0.00   79.64
03:01:56 AM    0    0.00    0.00    0.00    0.00    3.06   55.10    0.00    0.00    0.00   41.84
03:01:56 AM    1    2.08    0.00    6.25    0.00    2.08    0.00    0.00    0.00    0.00   89.58
03:01:56 AM    2    0.99    0.00    0.00    0.00    0.99    0.00    0.00    0.00    0.00   98.02
03:01:56 AM    3    1.02    0.00    8.16    0.00    2.04    0.00    0.00    0.00    0.00   88.78

03:01:56 AM  CPU    %usr   %nice    %sys %iowait    %irq   %soft  %steal  %guest  %gnice   %idle
03:01:57 AM  all    0.25    0.00    4.03    0.00    1.76   14.11    0.00    0.00    0.00   79.85
03:01:57 AM    0    0.00    0.00    0.00    0.00    2.02   55.56    0.00    0.00    0.00   42.42
03:01:57 AM    1    0.00    0.00    9.28    0.00    3.09    0.00    0.00    0.00    0.00   87.63
03:01:57 AM    2    0.00    0.00    0.00    0.00    0.00    0.00    0.00    0.00    0.00  100.00
03:01:57 AM    3    0.99    0.00    6.93    0.00    1.98    0.99    0.00    0.00    0.00   89.11

03:01:57 AM  CPU    %usr   %nice    %sys %iowait    %irq   %soft  %steal  %guest  %gnice   %idle
03:01:58 AM  all    0.76    0.00    3.79    0.00    1.77   13.89    0.00    0.00    0.00   79.80
03:01:58 AM    0    0.00    0.00    0.00    0.00    3.00   55.00    0.00    0.00    0.00   42.00
03:01:58 AM    1    1.06    0.00    9.57    0.00    3.19    0.00    0.00    0.00    0.00   86.17
03:01:58 AM    2    0.00    0.00    0.99    0.00    0.00    0.00    0.00    0.00    0.00   99.01
03:01:58 AM    3    1.98    0.00    4.95    0.00    0.99    0.00    0.00    0.00    0.00   92.08

03:01:58 AM  CPU    %usr   %nice    %sys %iowait    %irq   %soft  %steal  %guest  %gnice   %idle
03:01:59 AM  all    0.51    0.00    3.31    0.00    1.53   13.99    0.00    0.00    0.00   80.66
03:01:59 AM    0    0.00    0.00    0.00    0.00    2.02   55.56    0.00    0.00    0.00   42.42
03:01:59 AM    1    2.06    0.00   11.34    0.00    3.09    0.00    0.00    0.00    0.00   83.51
03:01:59 AM    2    0.00    0.00    0.00    0.00    0.00    0.00    0.00    0.00    0.00  100.00
03:01:59 AM    3    0.00    0.00    2.04    0.00    1.02    0.00    0.00    0.00    0.00   96.94

03:01:59 AM  CPU    %usr   %nice    %sys %iowait    %irq   %soft  %steal  %guest  %gnice   %idle
03:02:00 AM  all    0.51    0.00    2.56    0.00    1.79   14.36    0.00    0.00    0.00   80.77
03:02:00 AM    0    0.00    0.00    1.02    0.00    3.06   56.12    0.00    0.00    0.00   39.80
03:02:00 AM    1    2.06    0.00    8.25    0.00    3.09    1.03    0.00    0.00    0.00   85.57
03:02:00 AM    2    0.00    0.00    1.03    0.00    0.00    0.00    0.00    0.00    0.00   98.97
03:02:00 AM    3    0.00    0.00    0.00    0.00    1.02    0.00    0.00    0.00    0.00   98.98

03:02:00 AM  CPU    %usr   %nice    %sys %iowait    %irq   %soft  %steal  %guest  %gnice   %idle
03:02:01 AM  all    1.01    0.00    3.77    0.00    2.01   13.57    0.00    0.00    0.00   79.65
03:02:01 AM    0    0.00    0.00    0.00    0.00    3.03   54.55    0.00    0.00    0.00   42.42
03:02:01 AM    1    2.02    0.00    6.06    0.00    3.03    0.00    0.00    0.00    0.00   88.89
03:02:01 AM    2    0.98    0.00    5.88    0.00    0.98    0.00    0.00    0.00    0.00   92.16
03:02:01 AM    3    1.02    0.00    3.06    0.00    1.02    0.00    0.00    0.00    0.00   94.90

03:02:01 AM  CPU    %usr   %nice    %sys %iowait    %irq   %soft  %steal  %guest  %gnice   %idle
03:02:02 AM  all    0.77    0.00    2.56    0.00    1.79   14.07    0.00    0.00    0.00   80.82
03:02:02 AM    0    0.00    0.00    0.00    0.00    2.02   55.56    0.00    0.00    0.00   42.42
03:02:02 AM    1    2.08    0.00    5.21    0.00    2.08    0.00    0.00    0.00    0.00   90.62
03:02:02 AM    2    1.02    0.00    2.04    0.00    2.04    0.00    0.00    0.00    0.00   94.90
03:02:02 AM    3    0.00    0.00    3.06    0.00    1.02    0.00    0.00    0.00    0.00   95.92

03:02:02 AM  CPU    %usr   %nice    %sys %iowait    %irq   %soft  %steal  %guest  %gnice   %idle
03:02:03 AM  all    0.76    0.00    3.04    0.00    1.77   13.92    0.00    0.00    0.00   80.51
03:02:03 AM    0    0.00    0.00    0.00    0.00    3.00   55.00    0.00    0.00    0.00   42.00
03:02:03 AM    1    1.03    0.00    6.19    0.00    2.06    0.00    0.00    0.00    0.00   90.72
03:02:03 AM    2    0.00    0.00    4.04    0.00    1.01    0.00    0.00    0.00    0.00   94.95
03:02:03 AM    3    2.02    0.00    2.02    0.00    1.01    0.00    0.00    0.00    0.00   94.95

03:02:03 AM  CPU    %usr   %nice    %sys %iowait    %irq   %soft  %steal  %guest  %gnice   %idle
03:02:04 AM  all    0.51    0.00    3.60    0.00    1.54   13.88    0.00    0.00    0.00   80.46
03:02:04 AM    0    0.00    0.00    0.00    0.00    2.04   55.10    0.00    0.00    0.00   42.86
03:02:04 AM    1    0.00    0.00    4.12    0.00    1.03    0.00    0.00    0.00    0.00   94.85
03:02:04 AM    2    1.02    0.00    4.08    0.00    1.02    0.00    0.00    0.00    0.00   93.88
03:02:04 AM    3    1.04    0.00    6.25    0.00    2.08    0.00    0.00    0.00    0.00   90.62

03:02:04 AM  CPU    %usr   %nice    %sys %iowait    %irq   %soft  %steal  %guest  %gnice   %idle
03:02:05 AM  all    1.00    0.00    4.01    0.00    2.01   13.78    0.00    0.00    0.00   79.20
03:02:05 AM    0    0.00    0.00    0.00    0.00    3.00   55.00    0.00    0.00    0.00   42.00
03:02:05 AM    1    2.00    0.00    3.00    0.00    2.00    0.00    0.00    0.00    0.00   93.00
03:02:05 AM    2    0.98    0.00    5.88    0.00    0.98    0.00    0.00    0.00    0.00   92.16
03:02:05 AM    3    1.03    0.00    7.22    0.00    2.06    0.00    0.00    0.00    0.00   89.69

03:02:05 AM  CPU    %usr   %nice    %sys %iowait    %irq   %soft  %steal  %guest  %gnice   %idle
03:02:06 AM  all    0.76    0.00    3.80    0.00    1.77   13.92    0.00    0.00    0.00   79.75
03:02:06 AM    0    0.00    0.00    0.00    0.00    2.04   56.12    0.00    0.00    0.00   41.84
03:02:06 AM    1    2.00    0.00    3.00    0.00    1.00    0.00    0.00    0.00    0.00   94.00
03:02:06 AM    2    0.00    0.00    5.05    0.00    1.01    0.00    0.00    0.00    0.00   93.94
03:02:06 AM    3    1.02    0.00    7.14    0.00    3.06    0.00    0.00    0.00    0.00   88.78

03:02:06 AM  CPU    %usr   %nice    %sys %iowait    %irq   %soft  %steal  %guest  %gnice   %idle
03:02:07 AM  all    0.75    0.00    3.77    0.00    2.01   13.82    0.00    0.00    0.00   79.65
03:02:07 AM    0    0.00    0.00    0.00    0.00    3.00   55.00    0.00    0.00    0.00   42.00
03:02:07 AM    1    1.02    0.00    3.06    0.00    1.02    0.00    0.00    0.00    0.00   94.90
03:02:07 AM    2    1.01    0.00    2.02    0.00    2.02    0.00    0.00    0.00    0.00   94.95
03:02:07 AM    3    0.99    0.00    9.90    0.00    1.98    0.00    0.00    0.00    0.00   87.13

03:02:07 AM  CPU    %usr   %nice    %sys %iowait    %irq   %soft  %steal  %guest  %gnice   %idle
03:02:08 AM  all    1.76    0.00    3.78    0.00    1.76   13.60    0.00    0.00    0.00   79.09
03:02:08 AM    0    1.01    0.00    0.00    0.00    3.03   54.55    0.00    0.00    0.00   41.41
03:02:08 AM    1    1.96    0.00    4.90    0.00    0.98    0.00    0.00    0.00    0.00   92.16
03:02:08 AM    2    1.01    0.00    4.04    0.00    1.01    0.00    0.00    0.00    0.00   93.94
03:02:08 AM    3    3.09    0.00    6.19    0.00    2.06    0.00    0.00    0.00    0.00   88.66

03:02:08 AM  CPU    %usr   %nice    %sys %iowait    %irq   %soft  %steal  %guest  %gnice   %idle
03:02:09 AM  all    0.76    0.00    3.56    0.00    1.53   13.99    0.00    0.00    0.00   80.15
03:02:09 AM    0    0.00    0.00    0.00    0.00    2.02   55.56    0.00    0.00    0.00   42.42
03:02:09 AM    1    1.01    0.00    4.04    0.00    1.01    0.00    0.00    0.00    0.00   93.94
03:02:09 AM    2    1.02    0.00    3.06    0.00    1.02    0.00    0.00    0.00    0.00   94.90
03:02:09 AM    3    1.03    0.00    7.22    0.00    2.06    0.00    0.00    0.00    0.00   89.69

03:02:09 AM  CPU    %usr   %nice    %sys %iowait    %irq   %soft  %steal  %guest  %gnice   %idle
03:02:10 AM  all    0.75    0.00    3.52    0.00    2.01   13.82    0.00    0.00    0.00   79.90
03:02:10 AM    0    0.00    0.00    0.00    0.00    3.00   55.00    0.00    0.00    0.00   42.00
03:02:10 AM    1    1.00    0.00    4.00    0.00    1.00    0.00    0.00    0.00    0.00   94.00
03:02:10 AM    2    1.01    0.00    3.03    0.00    1.01    0.00    0.00    0.00    0.00   94.95
03:02:10 AM    3    1.01    0.00    7.07    0.00    3.03    0.00    0.00    0.00    0.00   88.89

03:02:10 AM  CPU    %usr   %nice    %sys %iowait    %irq   %soft  %steal  %guest  %gnice   %idle
03:02:11 AM  all    1.02    0.00    4.31    0.00    1.78   13.71    0.00    0.00    0.00   79.19
03:02:11 AM    0    0.00    0.00    1.02    0.00    2.04   55.10    0.00    0.00    0.00   41.84
03:02:11 AM    1    0.99    0.00    4.95    0.00    1.98    0.00    0.00    0.00    0.00   92.08
03:02:11 AM    2    1.02    0.00    4.08    0.00    1.02    0.00    0.00    0.00    0.00   93.88
03:02:11 AM    3    2.06    0.00    7.22    0.00    2.06    0.00    0.00    0.00    0.00   88.66

03:02:11 AM  CPU    %usr   %nice    %sys %iowait    %irq   %soft  %steal  %guest  %gnice   %idle
03:02:12 AM  all    1.76    0.00    3.02    0.00    1.76   13.85    0.00    0.00    0.00   79.60
03:02:12 AM    0    0.00    0.00    0.00    0.00    3.00   55.00    0.00    0.00    0.00   42.00
03:02:12 AM    1    2.00    0.00    3.00    0.00    1.00    0.00    0.00    0.00    0.00   94.00
03:02:12 AM    2    2.00    0.00    4.00    0.00    1.00    0.00    0.00    0.00    0.00   93.00
03:02:12 AM    3    3.09    0.00    5.15    0.00    2.06    0.00    0.00    0.00    0.00   89.69

03:02:12 AM  CPU    %usr   %nice    %sys %iowait    %irq   %soft  %steal  %guest  %gnice   %idle
03:02:13 AM  all    0.76    0.00    3.78    0.00    1.76   13.85    0.00    0.00    0.00   79.85
03:02:13 AM    0    0.00    0.00    0.00    0.00    2.02   55.56    0.00    0.00    0.00   42.42
03:02:13 AM    1    1.01    0.00    4.04    0.00    1.01    0.00    0.00    0.00    0.00   93.94
03:02:13 AM    2    0.97    0.00    5.83    0.00    1.94    0.00    0.00    0.00    0.00   91.26
03:02:13 AM    3    1.04    0.00    5.21    0.00    2.08    0.00    0.00    0.00    0.00   91.67

03:02:13 AM  CPU    %usr   %nice    %sys %iowait    %irq   %soft  %steal  %guest  %gnice   %idle
03:02:14 AM  all    0.77    0.00    2.06    0.00    2.06   14.14    0.00    0.00    0.00   80.98
03:02:14 AM    0    0.00    0.00    0.00    0.00    3.00   55.00    0.00    0.00    0.00   42.00
03:02:14 AM    1    1.02    0.00    3.06    0.00    1.02    0.00    0.00    0.00    0.00   94.90
03:02:14 AM    2    0.00    0.00    2.08    0.00    1.04    0.00    0.00    0.00    0.00   96.88
03:02:14 AM    3    2.11    0.00    3.16    0.00    3.16    0.00    0.00    0.00    0.00   91.58

03:02:14 AM  CPU    %usr   %nice    %sys %iowait    %irq   %soft  %steal  %guest  %gnice   %idle
03:02:15 AM  all    0.76    0.00    3.79    0.00    1.52   13.89    0.00    0.00    0.00   80.05
03:02:15 AM    0    0.00    0.00    0.00    0.00    2.02   55.56    0.00    0.00    0.00   42.42
03:02:15 AM    1    0.99    0.00    4.95    0.00    0.99    0.00    0.00    0.00    0.00   93.07
03:02:15 AM    2    1.01    0.00    3.03    0.00    1.01    0.00    0.00    0.00    0.00   94.95
03:02:15 AM    3    1.03    0.00    7.22    0.00    2.06    0.00    0.00    0.00    0.00   89.69

03:02:15 AM  CPU    %usr   %nice    %sys %iowait    %irq   %soft  %steal  %guest  %gnice   %idle
03:02:16 AM  all    0.51    0.00    3.83    0.00    1.79   13.78    0.00    0.00    0.00   80.10
03:02:16 AM    0    0.00    0.00    0.00    0.00    3.06   55.10    0.00    0.00    0.00   41.84
03:02:16 AM    1    1.01    0.00    4.04    0.00    1.01    0.00    0.00    0.00    0.00   93.94
03:02:16 AM    2    0.00    0.00    4.08    0.00    1.02    0.00    0.00    0.00    0.00   94.90
03:02:16 AM    3    1.03    0.00    7.22    0.00    2.06    0.00    0.00    0.00    0.00   89.69

03:02:16 AM  CPU    %usr   %nice    %sys %iowait    %irq   %soft  %steal  %guest  %gnice   %idle
03:02:17 AM  all    0.77    0.00    2.30    0.00    2.05   13.81    0.00    0.00    0.00   81.07
03:02:17 AM    0    0.00    0.00    0.00    0.00    3.00   54.00    0.00    0.00    0.00   43.00
03:02:17 AM    1    1.01    0.00    3.03    0.00    2.02    0.00    0.00    0.00    0.00   93.94
03:02:17 AM    2    0.00    0.00    2.08    0.00    1.04    0.00    0.00    0.00    0.00   96.88
03:02:17 AM    3    2.08    0.00    4.17    0.00    2.08    0.00    0.00    0.00    0.00   91.67

03:02:17 AM  CPU    %usr   %nice    %sys %iowait    %irq   %soft  %steal  %guest  %gnice   %idle
03:02:18 AM  all    0.77    0.00    2.31    0.00    1.79   14.36    0.00    0.00    0.00   80.77
03:02:18 AM    0    0.00    0.00    0.00    0.00    2.02   55.56    0.00    0.00    0.00   42.42
03:02:18 AM    1    1.04    0.00    6.25    0.00    2.08    0.00    0.00    0.00    0.00   90.62
03:02:18 AM    2    1.02    0.00    1.02    0.00    2.04    1.02    0.00    0.00    0.00   94.90
03:02:18 AM    3    1.03    0.00    2.06    0.00    1.03    0.00    0.00    0.00    0.00   95.88

03:02:18 AM  CPU    %usr   %nice    %sys %iowait    %irq   %soft  %steal  %guest  %gnice   %idle
03:02:19 AM  all    0.26    0.00    2.32    0.00    1.80   14.18    0.00    0.00    0.00   81.44
03:02:19 AM    0    0.00    0.00    0.00    0.00    3.03   55.56    0.00    0.00    0.00   41.41
03:02:19 AM    1    1.04    0.00    6.25    0.00    2.08    0.00    0.00    0.00    0.00   90.62
03:02:19 AM    2    0.00    0.00    2.06    0.00    1.03    0.00    0.00    0.00    0.00   96.91
03:02:19 AM    3    0.00    0.00    1.04    0.00    1.04    0.00    0.00    0.00    0.00   97.92

03:02:19 AM  CPU    %usr   %nice    %sys %iowait    %irq   %soft  %steal  %guest  %gnice   %idle
03:02:20 AM  all    1.51    0.00    3.53    0.00    2.02   13.60    0.00    0.00    0.00   79.35
03:02:20 AM    0    0.00    0.00    0.00    0.00    2.04   55.10    0.00    0.00    0.00   42.86
03:02:20 AM    1    3.03    0.00    6.06    0.00    3.03    0.00    0.00    0.00    0.00   87.88
03:02:20 AM    2    1.03    0.00    2.06    0.00    1.03    0.00    0.00    0.00    0.00   95.88
03:02:20 AM    3    1.94    0.00    5.83    0.00    1.94    0.00    0.00    0.00    0.00   90.29

03:02:20 AM  CPU    %usr   %nice    %sys %iowait    %irq   %soft  %steal  %guest  %gnice   %idle
03:02:21 AM  all    0.76    0.00    3.05    0.00    1.52   14.21    0.00    0.00    0.00   80.46
03:02:21 AM    0    0.00    0.00    0.00    0.00    3.03   56.57    0.00    0.00    0.00   40.40
03:02:21 AM    1    1.03    0.00    5.15    0.00    1.03    0.00    0.00    0.00    0.00   92.78
03:02:21 AM    2    1.00    0.00    4.00    0.00    1.00    0.00    0.00    0.00    0.00   94.00
03:02:21 AM    3    1.02    0.00    3.06    0.00    1.02    0.00    0.00    0.00    0.00   94.90

03:02:21 AM  CPU    %usr   %nice    %sys %iowait    %irq   %soft  %steal  %guest  %gnice   %idle
03:02:22 AM  all    0.76    0.00    3.80    0.00    2.03   13.67    0.00    0.00    0.00   79.75
03:02:22 AM    0    0.00    0.00    1.01    0.00    3.03   54.55    0.00    0.00    0.00   41.41
03:02:22 AM    1    1.98    0.00    7.92    0.00    2.97    0.00    0.00    0.00    0.00   87.13
03:02:22 AM    2    0.00    0.00    4.08    0.00    1.02    0.00    0.00    0.00    0.00   94.90
03:02:22 AM    3    1.03    0.00    2.06    0.00    1.03    0.00    0.00    0.00    0.00   95.88

03:02:22 AM  CPU    %usr   %nice    %sys %iowait    %irq   %soft  %steal  %guest  %gnice   %idle
03:02:23 AM  all    1.01    0.00    3.54    0.00    1.52   13.89    0.00    0.00    0.00   80.05
03:02:23 AM    0    0.00    0.00    0.00    0.00    2.02   55.56    0.00    0.00    0.00   42.42
03:02:23 AM    1    3.03    0.00    6.06    0.00    2.02    0.00    0.00    0.00    0.00   88.89
03:02:23 AM    2    1.01    0.00    4.04    0.00    1.01    0.00    0.00    0.00    0.00   93.94
03:02:23 AM    3    0.00    0.00    4.04    0.00    1.01    0.00    0.00    0.00    0.00   94.95

03:02:23 AM  CPU    %usr   %nice    %sys %iowait    %irq   %soft  %steal  %guest  %gnice   %idle
03:02:24 AM  all    0.52    0.00    1.55    0.00    2.07   13.95    0.00    0.00    0.00   81.91
03:02:24 AM    0    0.00    0.00    0.00    0.00    3.00   54.00    0.00    0.00    0.00   43.00
03:02:24 AM    1    1.08    0.00    3.23    0.00    2.15    0.00    0.00    0.00    0.00   93.55
03:02:24 AM    2    0.00    0.00    2.04    0.00    2.04    0.00    0.00    0.00    0.00   95.92
03:02:24 AM    3    1.04    0.00    1.04    0.00    1.04    0.00    0.00    0.00    0.00   96.88

03:02:24 AM  CPU    %usr   %nice    %sys %iowait    %irq   %soft  %steal  %guest  %gnice   %idle
03:02:25 AM  all    0.76    0.00    3.79    0.00    1.77   13.89    0.00    0.00    0.00   79.80
03:02:25 AM    0    0.00    0.00    0.00    0.00    2.02   55.56    0.00    0.00    0.00   42.42
03:02:25 AM    1    1.03    0.00    7.22    0.00    2.06    0.00    0.00    0.00    0.00   89.69
03:02:25 AM    2    1.02    0.00    3.06    0.00    1.02    0.00    0.00    0.00    0.00   94.90
03:02:25 AM    3    0.98    0.00    4.90    0.00    1.96    0.00    0.00    0.00    0.00   92.16

03:02:25 AM  CPU    %usr   %nice    %sys %iowait    %irq   %soft  %steal  %guest  %gnice   %idle
03:02:26 AM  all    0.51    0.00    3.31    0.00    2.04   13.49    0.00    0.00    0.00   80.66
03:02:26 AM    0    0.00    0.00    1.00    0.00    3.00   53.00    0.00    0.00    0.00   43.00
03:02:26 AM    1    1.03    0.00    5.15    0.00    3.09    0.00    0.00    0.00    0.00   90.72
03:02:26 AM    2    1.00    0.00    5.00    0.00    1.00    0.00    0.00    0.00    0.00   93.00
03:02:26 AM    3    0.00    0.00    2.08    0.00    1.04    0.00    0.00    0.00    0.00   96.88

03:02:26 AM  CPU    %usr   %nice    %sys %iowait    %irq   %soft  %steal  %guest  %gnice   %idle
03:02:27 AM  all    0.51    0.00    2.83    0.00    1.54   14.40    0.00    0.00    0.00   80.72
03:02:27 AM    0    0.00    0.00    0.00    0.00    2.04   56.12    0.00    0.00    0.00   41.84
03:02:27 AM    1    1.05    0.00    5.26    0.00    2.11    0.00    0.00    0.00    0.00   91.58
03:02:27 AM    2    1.02    0.00    3.06    0.00    1.02    0.00    0.00    0.00    0.00   94.90
03:02:27 AM    3    0.00    0.00    3.06    0.00    1.02    1.02    0.00    0.00    0.00   94.90

03:02:27 AM  CPU    %usr   %nice    %sys %iowait    %irq   %soft  %steal  %guest  %gnice   %idle
03:02:28 AM  all    0.51    0.00    3.06    0.00    1.79   13.78    0.00    0.00    0.00   80.87
03:02:28 AM    0    0.00    0.00    0.00    0.00    3.00   54.00    0.00    0.00    0.00   43.00
03:02:28 AM    1    0.00    0.00    7.29    0.00    2.08    0.00    0.00    0.00    0.00   90.62
03:02:28 AM    2    2.04    0.00    2.04    0.00    1.02    0.00    0.00    0.00    0.00   94.90
03:02:28 AM    3    0.00    0.00    3.06    0.00    1.02    0.00    0.00    0.00    0.00   95.92

03:02:28 AM  CPU    %usr   %nice    %sys %iowait    %irq   %soft  %steal  %guest  %gnice   %idle
03:02:29 AM  all    0.51    0.00    3.32    0.00    1.79   14.03    0.00    0.00    0.00   80.36
03:02:29 AM    0    0.00    0.00    0.00    0.00    2.04   56.12    0.00    0.00    0.00   41.84
03:02:29 AM    1    1.02    0.00    7.14    0.00    3.06    0.00    0.00    0.00    0.00   88.78
03:02:29 AM    2    0.00    0.00    3.06    0.00    1.02    0.00    0.00    0.00    0.00   95.92
03:02:29 AM    3    1.02    0.00    3.06    0.00    1.02    0.00    0.00    0.00    0.00   94.90

03:02:29 AM  CPU    %usr   %nice    %sys %iowait    %irq   %soft  %steal  %guest  %gnice   %idle
03:02:30 AM  all    0.77    0.00    2.55    0.00    2.04   14.03    0.00    0.00    0.00   80.61
03:02:30 AM    0    0.00    0.00    0.00    0.00    3.00   55.00    0.00    0.00    0.00   42.00
03:02:30 AM    1    2.11    0.00    4.21    0.00    2.11    0.00    0.00    0.00    0.00   91.58
03:02:30 AM    2    1.00    0.00    4.00    0.00    2.00    0.00    0.00    0.00    0.00   93.00
03:02:30 AM    3    0.00    0.00    2.06    0.00    1.03    0.00    0.00    0.00    0.00   96.91

03:02:30 AM  CPU    %usr   %nice    %sys %iowait    %irq   %soft  %steal  %guest  %gnice   %idle
03:02:31 AM  all    1.26    0.00    3.27    0.00    2.01   14.07    0.00    0.00    0.00   79.40
03:02:31 AM    0    0.00    0.00    0.00    0.00    3.03   55.56    0.00    0.00    0.00   41.41
03:02:31 AM    1    2.02    0.00    5.05    0.00    2.02    1.01    0.00    0.00    0.00   89.90
03:02:31 AM    2    1.00    0.00    4.00    0.00    1.00    0.00    0.00    0.00    0.00   94.00
03:02:31 AM    3    2.00    0.00    4.00    0.00    2.00    0.00    0.00    0.00    0.00   92.00

03:02:31 AM  CPU    %usr   %nice    %sys %iowait    %irq   %soft  %steal  %guest  %gnice   %idle
03:02:32 AM  all    0.76    0.00    3.80    0.00    1.52   13.92    0.00    0.00    0.00   80.00
03:02:32 AM    0    0.00    0.00    0.00    0.00    2.02   55.56    0.00    0.00    0.00   42.42
03:02:32 AM    1    0.00    0.00    4.08    0.00    1.02    0.00    0.00    0.00    0.00   94.90
03:02:32 AM    2    0.00    0.00    4.08    0.00    1.02    0.00    0.00    0.00    0.00   94.90
03:02:32 AM    3    3.00    0.00    7.00    0.00    2.00    0.00    0.00    0.00    0.00   88.00

03:02:32 AM  CPU    %usr   %nice    %sys %iowait    %irq   %soft  %steal  %guest  %gnice   %idle
03:02:33 AM  all    1.02    0.00    2.80    0.00    1.78   13.74    0.00    0.00    0.00   80.66
03:02:33 AM    0    0.00    0.00    0.00    0.00    3.03   54.55    0.00    0.00    0.00   42.42
03:02:33 AM    1    0.00    0.00    3.06    0.00    1.02    0.00    0.00    0.00    0.00   95.92
03:02:33 AM    2    1.98    0.00    3.96    0.00    0.99    0.00    0.00    0.00    0.00   93.07
03:02:33 AM    3    2.11    0.00    4.21    0.00    2.11    0.00    0.00    0.00    0.00   91.58

03:02:33 AM  CPU    %usr   %nice    %sys %iowait    %irq   %soft  %steal  %guest  %gnice   %idle
03:02:34 AM  all    1.03    0.00    2.82    0.00    1.54   14.10    0.00    0.00    0.00   80.51
03:02:34 AM    0    0.00    0.00    0.00    0.00    2.02   55.56    0.00    0.00    0.00   42.42
03:02:34 AM    1    1.00    0.00    5.00    0.00    1.00    0.00    0.00    0.00    0.00   93.00
03:02:34 AM    2    1.06    0.00    0.00    0.00    1.06    0.00    0.00    0.00    0.00   97.87
03:02:34 AM    3    2.06    0.00    6.19    0.00    2.06    0.00    0.00    0.00    0.00   89.69

03:02:34 AM  CPU    %usr   %nice    %sys %iowait    %irq   %soft  %steal  %guest  %gnice   %idle
03:02:35 AM  all    0.75    0.00    3.76    0.00    2.51   13.78    0.00    0.00    0.00   79.20
03:02:35 AM    0    0.00    0.00    0.00    0.00    3.00   55.00    0.00    0.00    0.00   42.00
03:02:35 AM    1    1.01    0.00    3.03    0.00    2.02    0.00    0.00    0.00    0.00   93.94
03:02:35 AM    2    0.98    0.00    4.90    0.00    1.96    0.00    0.00    0.00    0.00   92.16
03:02:35 AM    3    1.02    0.00    7.14    0.00    3.06    0.00    0.00    0.00    0.00   88.78

03:02:35 AM  CPU    %usr   %nice    %sys %iowait    %irq   %soft  %steal  %guest  %gnice   %idle
03:02:36 AM  all    0.51    0.00    3.82    0.00    1.53   13.74    0.00    0.00    0.00   80.41
03:02:36 AM    0    0.00    0.00    0.00    0.00    2.04   55.10    0.00    0.00    0.00   42.86
03:02:36 AM    1    0.00    0.00    2.06    0.00    1.03    0.00    0.00    0.00    0.00   96.91
03:02:36 AM    2    0.00    0.00    4.08    0.00    1.02    0.00    0.00    0.00    0.00   94.90
03:02:36 AM    3    2.00    0.00    9.00    0.00    2.00    0.00    0.00    0.00    0.00   87.00

03:02:36 AM  CPU    %usr   %nice    %sys %iowait    %irq   %soft  %steal  %guest  %gnice   %idle
03:02:37 AM  all    0.51    0.00    3.07    0.00    1.79   14.07    0.00    0.00    0.00   80.56
03:02:37 AM    0    0.00    0.00    0.00    0.00    3.00   55.00    0.00    0.00    0.00   42.00
03:02:37 AM    1    1.01    0.00    4.04    0.00    1.01    0.00    0.00    0.00    0.00   93.94
03:02:37 AM    2    0.00    0.00    4.08    0.00    1.02    0.00    0.00    0.00    0.00   94.90
03:02:37 AM    3    1.06    0.00    4.26    0.00    2.13    0.00    0.00    0.00    0.00   92.55

03:02:37 AM  CPU    %usr   %nice    %sys %iowait    %irq   %soft  %steal  %guest  %gnice   %idle
03:02:38 AM  all    0.26    0.00    2.57    0.00    1.80   13.88    0.00    0.00    0.00   81.49
03:02:38 AM    0    0.00    0.00    0.00    0.00    3.03   54.55    0.00    0.00    0.00   42.42
03:02:38 AM    1    0.00    0.00    4.04    0.00    1.01    0.00    0.00    0.00    0.00   94.95
03:02:38 AM    2    0.00    0.00    2.06    0.00    1.03    0.00    0.00    0.00    0.00   96.91
03:02:38 AM    3    1.06    0.00    4.26    0.00    2.13    0.00    0.00    0.00    0.00   92.55

03:02:38 AM  CPU    %usr   %nice    %sys %iowait    %irq   %soft  %steal  %guest  %gnice   %idle
03:02:39 AM  all    1.76    0.00    3.53    0.00    1.76   13.85    0.00    0.00    0.00   79.09
03:02:39 AM    0    1.02    0.00    1.02    0.00    2.04   56.12    0.00    0.00    0.00   39.80
03:02:39 AM    1    1.03    0.00    2.06    0.00    1.03    0.00    0.00    0.00    0.00   95.88
03:02:39 AM    2    3.00    0.00    6.00    0.00    2.00    0.00    0.00    0.00    0.00   89.00
03:02:39 AM    3    1.96    0.00    4.90    0.00    1.96    0.00    0.00    0.00    0.00   91.18

03:02:39 AM  CPU    %usr   %nice    %sys %iowait    %irq   %soft  %steal  %guest  %gnice   %idle
03:02:40 AM  all    0.50    0.00    4.03    0.00    1.76   14.11    0.00    0.00    0.00   79.60
03:02:40 AM    0    0.00    0.00    1.00    0.00    3.00   56.00    0.00    0.00    0.00   40.00
03:02:40 AM    1    1.01    0.00    7.07    0.00    2.02    0.00    0.00    0.00    0.00   89.90
03:02:40 AM    2    0.00    0.00    4.08    0.00    1.02    0.00    0.00    0.00    0.00   94.90
03:02:40 AM    3    1.00    0.00    4.00    0.00    1.00    0.00    0.00    0.00    0.00   94.00

03:02:40 AM  CPU    %usr   %nice    %sys %iowait    %irq   %soft  %steal  %guest  %gnice   %idle
03:02:41 AM  all    0.00    0.00    2.84    0.00    1.55   14.18    0.00    0.00    0.00   81.44
03:02:41 AM    0    0.00    0.00    0.00    0.00    2.06   56.70    0.00    0.00    0.00   41.24
03:02:41 AM    1    0.00    0.00    4.21    0.00    2.11    0.00    0.00    0.00    0.00   93.68
03:02:41 AM    2    0.00    0.00    4.08    0.00    1.02    0.00    0.00    0.00    0.00   94.90
03:02:41 AM    3    0.00    0.00    3.06    0.00    1.02    0.00    0.00    0.00    0.00   95.92

03:02:41 AM  CPU    %usr   %nice    %sys %iowait    %irq   %soft  %steal  %guest  %gnice   %idle
03:02:42 AM  all    1.01    0.00    3.28    0.00    1.77   13.89    0.00    0.00    0.00   80.05
03:02:42 AM    0    0.00    0.00    1.02    0.00    3.06   56.12    0.00    0.00    0.00   39.80
03:02:42 AM    1    0.00    0.00    0.99    0.00    0.00    0.00    0.00    0.00    0.00   99.01
03:02:42 AM    2    2.00    0.00    3.00    0.00    1.00    0.00    0.00    0.00    0.00   94.00
03:02:42 AM    3    2.06    0.00    8.25    0.00    3.09    0.00    0.00    0.00    0.00   86.60

03:02:42 AM  CPU    %usr   %nice    %sys %iowait    %irq   %soft  %steal  %guest  %gnice   %idle
03:02:43 AM  all    1.01    0.00    4.28    0.00    1.76   13.85    0.00    0.00    0.00   79.09
03:02:43 AM    0    0.00    0.00    0.99    0.00    2.97   54.46    0.00    0.00    0.00   41.58
03:02:43 AM    1    1.00    0.00    0.00    0.00    0.00    0.00    0.00    0.00    0.00   99.00
03:02:43 AM    2    2.02    0.00    6.06    0.00    2.02    0.00    0.00    0.00    0.00   89.90
03:02:43 AM    3    1.03    0.00   10.31    0.00    2.06    0.00    0.00    0.00    0.00   86.60

03:02:43 AM  CPU    %usr   %nice    %sys %iowait    %irq   %soft  %steal  %guest  %gnice   %idle
03:02:44 AM  all    0.26    0.00    2.57    0.00    1.80   14.14    0.00    0.00    0.00   81.23
03:02:44 AM    0    0.00    0.00    0.00    0.00    2.04   56.12    0.00    0.00    0.00   41.84
03:02:44 AM    1    0.00    0.00    0.00    0.00    0.00    0.00    0.00    0.00    0.00  100.00
03:02:44 AM    2    0.00    0.00    5.26    0.00    3.16    0.00    0.00    0.00    0.00   91.58
03:02:44 AM    3    1.04    0.00    5.21    0.00    2.08    0.00    0.00    0.00    0.00   91.67

03:02:44 AM  CPU    %usr   %nice    %sys %iowait    %irq   %soft  %steal  %guest  %gnice   %idle
03:02:45 AM  all    0.51    0.00    3.79    0.00    2.02   13.64    0.00    0.00    0.00   80.05
03:02:45 AM    0    0.00    0.00    0.00    0.00    3.03   54.55    0.00    0.00    0.00   42.42
03:02:45 AM    1    0.00    0.00    0.00    0.00    0.00    0.00    0.00    0.00    0.00  100.00
03:02:45 AM    2    1.02    0.00    8.16    0.00    2.04    0.00    0.00    0.00    0.00   88.78
03:02:45 AM    3    1.01    0.00    7.07    0.00    3.03    0.00    0.00    0.00    0.00   88.89

03:02:45 AM  CPU    %usr   %nice    %sys %iowait    %irq   %soft  %steal  %guest  %gnice   %idle
03:02:46 AM  all    1.03    0.00    2.31    0.00    1.29   14.40    0.00    0.00    0.00   80.98
03:02:46 AM    0    1.02    0.00    0.00    0.00    2.04   57.14    0.00    0.00    0.00   39.80
03:02:46 AM    1    0.00    0.00    0.00    0.00    0.00    0.00    0.00    0.00    0.00  100.00
03:02:46 AM    2    1.01    0.00    4.04    0.00    1.01    0.00    0.00    0.00    0.00   93.94
03:02:46 AM    3    2.17    0.00    5.43    0.00    2.17    0.00    0.00    0.00    0.00   90.22

03:02:46 AM  CPU    %usr   %nice    %sys %iowait    %irq   %soft  %steal  %guest  %gnice   %idle
03:02:47 AM  all    0.25    0.00    3.54    0.00    2.03   13.92    0.00    0.00    0.00   80.25
03:02:47 AM    0    0.00    0.00    1.00    0.00    3.00   55.00    0.00    0.00    0.00   41.00
03:02:47 AM    1    0.00    0.00    2.02    0.00    1.01    0.00    0.00    0.00    0.00   96.97
03:02:47 AM    2    0.00    0.00    6.12    0.00    2.04    0.00    0.00    0.00    0.00   91.84
03:02:47 AM    3    1.02    0.00    5.10    0.00    2.04    0.00    0.00    0.00    0.00   91.84

03:02:47 AM  CPU    %usr   %nice    %sys %iowait    %irq   %soft  %steal  %guest  %gnice   %idle
03:02:48 AM  all    0.77    0.00    2.55    0.00    2.04   14.03    0.00    0.00    0.00   80.61
03:02:48 AM    0    0.00    0.00    0.00    0.00    3.09   56.70    0.00    0.00    0.00   40.21
03:02:48 AM    1    0.00    0.00    1.00    0.00    1.00    0.00    0.00    0.00    0.00   98.00
03:02:48 AM    2    2.06    0.00    6.19    0.00    2.06    0.00    0.00    0.00    0.00   89.69
03:02:48 AM    3    1.02    0.00    3.06    0.00    2.04    0.00    0.00    0.00    0.00   93.88

03:02:48 AM  CPU    %usr   %nice    %sys %iowait    %irq   %soft  %steal  %guest  %gnice   %idle
03:02:49 AM  all    0.76    0.00    3.80    0.25    1.52   13.92    0.00    0.00    0.00   79.75
03:02:49 AM    0    0.00    0.00    0.00    0.00    2.02   55.56    0.00    0.00    0.00   42.42
03:02:49 AM    1    1.02    0.00    3.06    0.00    1.02    0.00    0.00    0.00    0.00   94.90
03:02:49 AM    2    2.00    0.00    8.00    1.00    2.00    0.00    0.00    0.00    0.00   87.00
03:02:49 AM    3    0.00    0.00    4.08    0.00    1.02    0.00    0.00    0.00    0.00   94.90

03:02:49 AM  CPU    %usr   %nice    %sys %iowait    %irq   %soft  %steal  %guest  %gnice   %idle
03:02:50 AM  all    1.02    0.00    2.04    0.00    2.04   14.25    0.00    0.00    0.00   80.66
03:02:50 AM    0    0.00    0.00    0.00    0.00    3.00   55.00    0.00    0.00    0.00   42.00
03:02:50 AM    1    2.11    0.00    3.16    0.00    2.11    0.00    0.00    0.00    0.00   92.63
03:02:50 AM    2    1.01    0.00    2.02    0.00    2.02    1.01    0.00    0.00    0.00   93.94
03:02:50 AM    3    1.01    0.00    3.03    0.00    1.01    0.00    0.00    0.00    0.00   94.95

03:02:50 AM  CPU    %usr   %nice    %sys %iowait    %irq   %soft  %steal  %guest  %gnice   %idle
03:02:51 AM  all    0.52    0.00    2.07    0.00    1.81   13.95    0.00    0.00    0.00   81.65
03:02:51 AM    0    0.00    0.00    0.00    0.00    2.04   55.10    0.00    0.00    0.00   42.86
03:02:51 AM    1    2.15    0.00    4.30    0.00    3.23    0.00    0.00    0.00    0.00   90.32
03:02:51 AM    2    0.00    0.00    0.00    0.00    0.00    0.00    0.00    0.00    0.00  100.00
03:02:51 AM    3    0.00    0.00    4.17    0.00    2.08    0.00    0.00    0.00    0.00   93.75

03:02:51 AM  CPU    %usr   %nice    %sys %iowait    %irq   %soft  %steal  %guest  %gnice   %idle
03:02:52 AM  all    1.01    0.00    4.28    0.00    1.51   14.11    0.00    0.00    0.00   79.09
03:02:52 AM    0    0.00    0.00    1.03    0.00    3.09   57.73    0.00    0.00    0.00   38.14
03:02:52 AM    1    1.98    0.00    7.92    0.00    1.98    0.00    0.00    0.00    0.00   88.12
03:02:52 AM    2    1.00    0.00    1.00    0.00    0.00    0.00    0.00    0.00    0.00   98.00
03:02:52 AM    3    1.01    0.00    7.07    0.00    1.01    0.00    0.00    0.00    0.00   90.91

03:02:52 AM  CPU    %usr   %nice    %sys %iowait    %irq   %soft  %steal  %guest  %gnice   %idle
03:02:53 AM  all    0.00    0.00    3.81    0.00    2.03   13.96    0.00    0.00    0.00   80.20
03:02:53 AM    0    0.00    0.00    0.00    0.00    3.00   55.00    0.00    0.00    0.00   42.00
03:02:53 AM    1    0.00    0.00    2.06    0.00    1.03    0.00    0.00    0.00    0.00   96.91
03:02:53 AM    2    0.00    0.00    8.25    0.00    2.06    0.00    0.00    0.00    0.00   89.69
03:02:53 AM    3    0.00    0.00    5.00    0.00    2.00    0.00    0.00    0.00    0.00   93.00

03:02:53 AM  CPU    %usr   %nice    %sys %iowait    %irq   %soft  %steal  %guest  %gnice   %idle
03:02:54 AM  all    1.27    0.00    3.05    0.00    1.53   13.74    0.00    0.00    0.00   80.41
03:02:54 AM    0    0.00    0.00    0.00    0.00    2.04   55.10    0.00    0.00    0.00   42.86
03:02:54 AM    1    2.00    0.00    4.00    0.00    1.00    0.00    0.00    0.00    0.00   93.00
03:02:54 AM    2    2.06    0.00    6.19    0.00    2.06    0.00    0.00    0.00    0.00   89.69
03:02:54 AM    3    1.02    0.00    2.04    0.00    1.02    0.00    0.00    0.00    0.00   95.92

03:02:54 AM  CPU    %usr   %nice    %sys %iowait    %irq   %soft  %steal  %guest  %gnice   %idle
03:02:55 AM  all    0.51    0.00    3.54    0.00    2.03   13.92    0.00    0.00    0.00   80.00
03:02:55 AM    0    0.00    0.00    0.00    0.00    3.00   55.00    0.00    0.00    0.00   42.00
03:02:55 AM    1    0.00    0.00    4.04    0.00    1.01    0.00    0.00    0.00    0.00   94.95
03:02:55 AM    2    1.02    0.00    7.14    0.00    3.06    0.00    0.00    0.00    0.00   88.78
03:02:55 AM    3    1.02    0.00    3.06    0.00    1.02    0.00    0.00    0.00    0.00   94.90

03:02:55 AM  CPU    %usr   %nice    %sys %iowait    %irq   %soft  %steal  %guest  %gnice   %idle
03:02:56 AM  all    0.77    0.00    3.57    0.00    1.53   13.78    0.00    0.00    0.00   80.36
03:02:56 AM    0    0.00    0.00    1.01    0.00    2.02   54.55    0.00    0.00    0.00   42.42
03:02:56 AM    1    2.02    0.00    3.03    0.00    1.01    0.00    0.00    0.00    0.00   93.94
03:02:56 AM    2    1.04    0.00    7.29    0.00    2.08    0.00    0.00    0.00    0.00   89.58
03:02:56 AM    3    0.00    0.00    3.06    0.00    1.02    0.00    0.00    0.00    0.00   95.92

03:02:56 AM  CPU    %usr   %nice    %sys %iowait    %irq   %soft  %steal  %guest  %gnice   %idle
03:02:57 AM  all    0.25    0.00    3.80    0.00    2.03   13.92    0.00    0.00    0.00   80.00
03:02:57 AM    0    0.00    0.00    0.00    0.00    3.00   55.00    0.00    0.00    0.00   42.00
03:02:57 AM    1    0.00    0.00    2.04    0.00    2.04    0.00    0.00    0.00    0.00   95.92
03:02:57 AM    2    1.03    0.00    7.22    0.00    2.06    0.00    0.00    0.00    0.00   89.69
03:02:57 AM    3    0.00    0.00    6.00    0.00    1.00    0.00    0.00    0.00    0.00   93.00

03:02:57 AM  CPU    %usr   %nice    %sys %iowait    %irq   %soft  %steal  %guest  %gnice   %idle
03:02:58 AM  all    0.77    0.00    3.57    0.00    1.53   14.03    0.00    0.00    0.00   80.10
03:02:58 AM    0    0.00    0.00    0.00    0.00    2.04   56.12    0.00    0.00    0.00   41.84
03:02:58 AM    1    1.01    0.00    4.04    0.00    1.01    0.00    0.00    0.00    0.00   93.94
03:02:58 AM    2    1.04    0.00    6.25    0.00    2.08    0.00    0.00    0.00    0.00   90.62
03:02:58 AM    3    1.01    0.00    4.04    0.00    1.01    0.00    0.00    0.00    0.00   93.94

03:02:58 AM  CPU    %usr   %nice    %sys %iowait    %irq   %soft  %steal  %guest  %gnice   %idle
03:02:59 AM  all    0.76    0.00    4.28    0.00    2.27   13.60    0.00    0.00    0.00   79.09
03:02:59 AM    0    0.00    0.00    1.00    0.00    3.00   54.00    0.00    0.00    0.00   42.00
03:02:59 AM    1    1.01    0.00    4.04    0.00    1.01    0.00    0.00    0.00    0.00   93.94
03:02:59 AM    2    1.01    0.00    9.09    0.00    3.03    0.00    0.00    0.00    0.00   86.87
03:02:59 AM    3    1.01    0.00    3.03    0.00    2.02    0.00    0.00    0.00    0.00   93.94

03:02:59 AM  CPU    %usr   %nice    %sys %iowait    %irq   %soft  %steal  %guest  %gnice   %idle
03:03:00 AM  all    1.02    0.00    2.56    0.00    1.53   14.07    0.00    0.00    0.00   80.82
03:03:00 AM    0    0.00    0.00    0.00    0.00    2.02   55.56    0.00    0.00    0.00   42.42
03:03:00 AM    1    0.00    0.00    4.08    0.00    1.02    0.00    0.00    0.00    0.00   94.90
03:03:00 AM    2    4.26    0.00    6.38    0.00    3.19    0.00    0.00    0.00    0.00   86.17
03:03:00 AM    3    0.00    0.00    0.00    0.00    0.00    0.00    0.00    0.00    0.00  100.00

03:03:00 AM  CPU    %usr   %nice    %sys %iowait    %irq   %soft  %steal  %guest  %gnice   %idle
03:03:01 AM  all    0.77    0.00    2.56    0.00    1.79   13.81    0.00    0.00    0.00   81.07
03:03:01 AM    0    0.00    0.00    0.00    0.00    3.00   54.00    0.00    0.00    0.00   43.00
03:03:01 AM    1    1.01    0.00    3.03    0.00    1.01    0.00    0.00    0.00    0.00   94.95
03:03:01 AM    2    2.17    0.00    7.61    0.00    3.26    0.00    0.00    0.00    0.00   86.96
03:03:01 AM    3    0.00    0.00    0.00    0.00    0.00    0.00    0.00    0.00    0.00  100.00

03:03:01 AM  CPU    %usr   %nice    %sys %iowait    %irq   %soft  %steal  %guest  %gnice   %idle
03:03:02 AM  all    0.51    0.00    3.54    0.00    2.28   13.92    0.00    0.00    0.00   79.75
03:03:02 AM    0    0.00    0.00    0.99    0.00    2.97   54.46    0.00    0.00    0.00   41.58
03:03:02 AM    1    1.01    0.00    3.03    0.00    2.02    0.00    0.00    0.00    0.00   93.94
03:03:02 AM    2    1.06    0.00    9.57    0.00    4.26    0.00    0.00    0.00    0.00   85.11
03:03:02 AM    3    0.00    0.00    0.99    0.00    0.00    0.00    0.00    0.00    0.00   99.01

03:03:02 AM  CPU    %usr   %nice    %sys %iowait    %irq   %soft  %steal  %guest  %gnice   %idle
03:03:03 AM  all    0.26    0.00    3.84    0.00    1.53   13.81    0.00    0.00    0.00   80.56
03:03:03 AM    0    0.00    0.00    0.00    0.00    2.06   55.67    0.00    0.00    0.00   42.27
03:03:03 AM    1    0.00    0.00    0.00    0.00    0.00    0.00    0.00    0.00    0.00  100.00
03:03:03 AM    2    1.06    0.00   15.96    0.00    4.26    0.00    0.00    0.00    0.00   78.72
03:03:03 AM    3    0.00    0.00    0.00    0.00    0.00    0.00    0.00    0.00    0.00  100.00

03:03:03 AM  CPU    %usr   %nice    %sys %iowait    %irq   %soft  %steal  %guest  %gnice   %idle
03:03:04 AM  all    0.76    0.00    3.30    0.00    2.03   13.96    0.00    0.00    0.00   79.95
03:03:04 AM    0    0.00    0.00    0.00    0.00    3.00   55.00    0.00    0.00    0.00   42.00
03:03:04 AM    1    1.02    0.00    2.04    0.00    1.02    0.00    0.00    0.00    0.00   95.92
03:03:04 AM    2    2.08    0.00   11.46    0.00    4.17    0.00    0.00    0.00    0.00   82.29
03:03:04 AM    3    0.00    0.00    0.00    0.00    0.00    0.00    0.00    0.00    0.00  100.00

03:03:04 AM  CPU    %usr   %nice    %sys %iowait    %irq   %soft  %steal  %guest  %gnice   %idle
03:03:05 AM  all    1.02    0.00    3.07    0.00    1.53   14.07    0.00    0.00    0.00   80.31
03:03:05 AM    0    1.00    0.00    0.00    0.00    2.00   55.00    0.00    0.00    0.00   42.00
03:03:05 AM    1    1.02    0.00    3.06    0.00    1.02    0.00    0.00    0.00    0.00   94.90
03:03:05 AM    2    2.15    0.00    8.60    0.00    3.23    0.00    0.00    0.00    0.00   86.02
03:03:05 AM    3    0.00    0.00    1.00    0.00    0.00    0.00    0.00    0.00    0.00   99.00

03:03:05 AM  CPU    %usr   %nice    %sys %iowait    %irq   %soft  %steal  %guest  %gnice   %idle
03:03:06 AM  all    0.51    0.00    3.82    0.00    1.78   13.74    0.00    0.00    0.00   80.15
03:03:06 AM    0    0.00    0.00    0.00    0.00    3.03   54.55    0.00    0.00    0.00   42.42
03:03:06 AM    1    1.02    0.00    4.08    0.00    1.02    0.00    0.00    0.00    0.00   93.88
03:03:06 AM    2    1.04    0.00   11.46    0.00    3.12    0.00    0.00    0.00    0.00   84.38
03:03:06 AM    3    0.00    0.00    0.00    0.00    0.00    0.00    0.00    0.00    0.00  100.00

03:03:06 AM  CPU    %usr   %nice    %sys %iowait    %irq   %soft  %steal  %guest  %gnice   %idle
03:03:07 AM  all    0.77    0.00    2.05    0.00    1.53   14.07    0.00    0.00    0.00   81.59
03:03:07 AM    0    0.00    0.00    0.00    0.00    2.00   55.00    0.00    0.00    0.00   43.00
03:03:07 AM    1    1.05    0.00    4.21    0.00    2.11    0.00    0.00    0.00    0.00   92.63
03:03:07 AM    2    2.08    0.00    4.17    0.00    2.08    0.00    0.00    0.00    0.00   91.67
03:03:07 AM    3    0.00    0.00    0.00    0.00    0.00    0.00    0.00    0.00    0.00  100.00

03:03:07 AM  CPU    %usr   %nice    %sys %iowait    %irq   %soft  %steal  %guest  %gnice   %idle
03:03:08 AM  all    0.76    0.00    3.54    0.00    2.27   13.64    0.00    0.00    0.00   79.80
03:03:08 AM    0    0.00    0.00    0.00    0.00    3.03   54.55    0.00    0.00    0.00   42.42
03:03:08 AM    1    2.04    0.00    6.12    0.00    3.06    0.00    0.00    0.00    0.00   88.78
03:03:08 AM    2    1.01    0.00    8.08    0.00    3.03    0.00    0.00    0.00    0.00   87.88
03:03:08 AM    3    0.00    0.00    0.00    0.00    0.00    0.00    0.00    0.00    0.00  100.00

03:03:08 AM  CPU    %usr   %nice    %sys %iowait    %irq   %soft  %steal  %guest  %gnice   %idle
03:03:09 AM  all    0.51    0.00    2.56    0.00    1.79   14.10    0.00    0.00    0.00   81.03
03:03:09 AM    0    0.00    0.00    0.00    0.00    3.00   55.00    0.00    0.00    0.00   42.00
03:03:09 AM    1    0.00    0.00    6.32    0.00    2.11    0.00    0.00    0.00    0.00   91.58
03:03:09 AM    2    2.11    0.00    4.21    0.00    2.11    0.00    0.00    0.00    0.00   91.58
03:03:09 AM    3    0.00    0.00    0.00    0.00    0.00    0.00    0.00    0.00    0.00  100.00

03:03:09 AM  CPU    %usr   %nice    %sys %iowait    %irq   %soft  %steal  %guest  %gnice   %idle
03:03:10 AM  all    1.28    0.00    3.57    0.00    1.53   13.78    0.00    0.00    0.00   79.85
03:03:10 AM    0    0.00    0.00    0.00    0.00    2.06   55.67    0.00    0.00    0.00   42.27
03:03:10 AM    1    2.04    0.00    7.14    0.00    2.04    0.00    0.00    0.00    0.00   88.78
03:03:10 AM    2    2.06    0.00    7.22    0.00    2.06    0.00    0.00    0.00    0.00   88.66
03:03:10 AM    3    1.00    0.00    0.00    0.00    0.00    0.00    0.00    0.00    0.00   99.00

03:03:10 AM  CPU    %usr   %nice    %sys %iowait    %irq   %soft  %steal  %guest  %gnice   %idle
03:03:11 AM  all    1.01    0.00    3.53    0.00    1.76   13.85    0.00    0.00    0.00   79.85
03:03:11 AM    0    0.00    0.00    0.00    0.00    2.97   54.46    0.00    0.00    0.00   42.57
03:03:11 AM    1    2.06    0.00    6.19    0.00    2.06    0.00    0.00    0.00    0.00   89.69
03:03:11 AM    2    2.02    0.00    8.08    0.00    2.02    0.00    0.00    0.00    0.00   87.88
03:03:11 AM    3    0.00    0.00    0.00    0.00    0.00    0.00    0.00    0.00    0.00  100.00

03:03:11 AM  CPU    %usr   %nice    %sys %iowait    %irq   %soft  %steal  %guest  %gnice   %idle
03:03:12 AM  all    0.76    0.00    3.05    0.00    2.04   13.74    0.00    0.00    0.00   80.41
03:03:12 AM    0    0.00    0.00    0.00    0.00    2.04   55.10    0.00    0.00    0.00   42.86
03:03:12 AM    1    2.02    0.00    7.07    0.00    3.03    0.00    0.00    0.00    0.00   87.88
03:03:12 AM    2    1.04    0.00    5.21    0.00    3.12    0.00    0.00    0.00    0.00   90.62
03:03:12 AM    3    0.00    0.00    0.00    0.00    0.00    0.00    0.00    0.00    0.00  100.00

03:03:12 AM  CPU    %usr   %nice    %sys %iowait    %irq   %soft  %steal  %guest  %gnice   %idle
03:03:13 AM  all    1.02    0.00    2.55    0.00    1.79   14.29    0.00    0.00    0.00   80.36
03:03:13 AM    0    0.00    0.00    0.00    0.00    3.03   55.56    0.00    0.00    0.00   41.41
03:03:13 AM    1    2.06    0.00    4.12    0.00    2.06    1.03    0.00    0.00    0.00   90.72
03:03:13 AM    2    2.06    0.00    6.19    0.00    2.06    0.00    0.00    0.00    0.00   89.69
03:03:13 AM    3    0.00    0.00    0.00    0.00    0.00    0.00    0.00    0.00    0.00  100.00

03:03:13 AM  CPU    %usr   %nice    %sys %iowait    %irq   %soft  %steal  %guest  %gnice   %idle
03:03:14 AM  all    0.26    0.00    2.33    0.00    1.55   14.21    0.00    0.00    0.00   81.65
03:03:14 AM    0    0.00    0.00    0.00    0.00    2.02   55.56    0.00    0.00    0.00   42.42
03:03:14 AM    1    0.00    0.00    4.30    0.00    2.15    0.00    0.00    0.00    0.00   93.55
03:03:14 AM    2    1.05    0.00    5.26    0.00    2.11    0.00    0.00    0.00    0.00   91.58
03:03:14 AM    3    0.00    0.00    0.00    0.00    0.00    0.00    0.00    0.00    0.00  100.00

03:03:14 AM  CPU    %usr   %nice    %sys %iowait    %irq   %soft  %steal  %guest  %gnice   %idle
03:03:15 AM  all    1.27    0.00    2.54    0.00    2.28   13.71    0.00    0.00    0.00   80.20
03:03:15 AM    0    0.00    0.00    0.00    0.00    3.03   54.55    0.00    0.00    0.00   42.42
03:03:15 AM    1    3.03    0.00    6.06    0.00    3.03    0.00    0.00    0.00    0.00   87.88
03:03:15 AM    2    2.08    0.00    4.17    0.00    3.12    0.00    0.00    0.00    0.00   90.62
03:03:15 AM    3    0.00    0.00    0.00    0.00    0.00    0.00    0.00    0.00    0.00  100.00

03:03:15 AM  CPU    %usr   %nice    %sys %iowait    %irq   %soft  %steal  %guest  %gnice   %idle
03:03:16 AM  all    0.77    0.00    2.56    0.00    1.54   14.36    0.00    0.00    0.00   80.77
03:03:16 AM    0    0.00    0.00    1.01    0.00    3.03   55.56    0.00    0.00    0.00   40.40
03:03:16 AM    1    2.08    0.00    5.21    0.00    2.08    0.00    0.00    0.00    0.00   90.62
03:03:16 AM    2    1.05    0.00    3.16    0.00    1.05    0.00    0.00    0.00    0.00   94.74
03:03:16 AM    3    0.00    0.00    1.00    0.00    0.00    1.00    0.00    0.00    0.00   98.00

03:03:16 AM  CPU    %usr   %nice    %sys %iowait    %irq   %soft  %steal  %guest  %gnice   %idle
03:03:17 AM  all    1.01    0.00    3.54    0.00    1.77   13.89    0.00    0.00    0.00   79.80
03:03:17 AM    0    0.00    0.00    0.00    0.00    2.02   55.56    0.00    0.00    0.00   42.42
03:03:17 AM    1    2.06    0.00    5.15    0.00    2.06    0.00    0.00    0.00    0.00   90.72
03:03:17 AM    2    1.01    0.00    3.03    0.00    2.02    0.00    0.00    0.00    0.00   93.94
03:03:17 AM    3    0.99    0.00    5.94    0.00    0.99    0.00    0.00    0.00    0.00   92.08

03:03:17 AM  CPU    %usr   %nice    %sys %iowait    %irq   %soft  %steal  %guest  %gnice   %idle
03:03:18 AM  all    0.51    0.00    3.54    0.00    2.03   13.92    0.00    0.00    0.00   80.00
03:03:18 AM    0    0.00    0.00    0.00    0.00    3.00   55.00    0.00    0.00    0.00   42.00
03:03:18 AM    1    1.02    0.00    7.14    0.00    3.06    0.00    0.00    0.00    0.00   88.78
03:03:18 AM    2    1.01    0.00    4.04    0.00    1.01    0.00    0.00    0.00    0.00   93.94
03:03:18 AM    3    0.00    0.00    3.06    0.00    1.02    0.00    0.00    0.00    0.00   95.92

03:03:18 AM  CPU    %usr   %nice    %sys %iowait    %irq   %soft  %steal  %guest  %gnice   %idle
03:03:19 AM  all    1.27    0.00    3.31    0.00    1.53   13.74    0.00    0.00    0.00   80.15
03:03:19 AM    0    0.00    0.00    0.00    0.00    2.04   55.10    0.00    0.00    0.00   42.86
03:03:19 AM    1    1.02    0.00    4.08    0.00    1.02    0.00    0.00    0.00    0.00   93.88
03:03:19 AM    2    2.02    0.00    7.07    0.00    2.02    0.00    0.00    0.00    0.00   88.89
03:03:19 AM    3    2.04    0.00    2.04    0.00    1.02    0.00    0.00    0.00    0.00   94.90

03:03:19 AM  CPU    %usr   %nice    %sys %iowait    %irq   %soft  %steal  %guest  %gnice   %idle
03:03:20 AM  all    0.26    0.00    3.06    0.00    2.04   14.29    0.00    0.00    0.00   80.36
03:03:20 AM    0    0.00    0.00    0.00    0.00    3.00   55.00    0.00    0.00    0.00   42.00
03:03:20 AM    1    0.00    0.00    3.09    0.00    1.03    0.00    0.00    0.00    0.00   95.88
03:03:20 AM    2    1.03    0.00    6.19    0.00    2.06    1.03    0.00    0.00    0.00   89.69
03:03:20 AM    3    0.00    0.00    3.06    0.00    2.04    0.00    0.00    0.00    0.00   94.90

03:03:20 AM  CPU    %usr   %nice    %sys %iowait    %irq   %soft  %steal  %guest  %gnice   %idle
03:03:21 AM  all    0.76    0.00    3.55    0.00    1.52   13.96    0.00    0.00    0.00   80.20
03:03:21 AM    0    0.00    0.00    1.01    0.00    2.02   55.56    0.00    0.00    0.00   41.41
03:03:21 AM    1    1.01    0.00    3.03    0.00    1.01    0.00    0.00    0.00    0.00   94.95
03:03:21 AM    2    1.03    0.00    6.19    0.00    2.06    0.00    0.00    0.00    0.00   90.72
03:03:21 AM    3    1.01    0.00    4.04    0.00    1.01    0.00    0.00    0.00    0.00   93.94

03:03:21 AM  CPU    %usr   %nice    %sys %iowait    %irq   %soft  %steal  %guest  %gnice   %idle
03:03:22 AM  all    0.77    0.00    2.82    0.00    1.79   13.85    0.00    0.00    0.00   80.77
03:03:22 AM    0    0.00    0.00    0.00    0.00    3.03   54.55    0.00    0.00    0.00   42.42
03:03:22 AM    1    2.02    0.00    3.03    0.00    1.01    0.00    0.00    0.00    0.00   93.94
03:03:22 AM    2    0.00    0.00    6.32    0.00    2.11    0.00    0.00    0.00    0.00   91.58
03:03:22 AM    3    1.03    0.00    2.06    0.00    1.03    0.00    0.00    0.00    0.00   95.88

03:03:22 AM  CPU    %usr   %nice    %sys %iowait    %irq   %soft  %steal  %guest  %gnice   %idle
03:03:23 AM  all    0.51    0.00    3.30    0.00    2.03   13.96    0.00    0.00    0.00   80.20
03:03:23 AM    0    0.00    0.00    0.00    0.00    3.00   55.00    0.00    0.00    0.00   42.00
03:03:23 AM    1    0.00    0.00    3.03    0.00    2.02    0.00    0.00    0.00    0.00   94.95
03:03:23 AM    2    1.01    0.00    7.07    0.00    2.02    0.00    0.00    0.00    0.00   89.90
03:03:23 AM    3    1.04    0.00    3.12    0.00    1.04    0.00    0.00    0.00    0.00   94.79

03:03:23 AM  CPU    %usr   %nice    %sys %iowait    %irq   %soft  %steal  %guest  %gnice   %idle
03:03:24 AM  all    1.51    0.00    3.27    0.00    2.01   13.82    0.00    0.00    0.00   79.40
03:03:24 AM    0    0.00    0.00    0.00    0.00    2.02   55.56    0.00    0.00    0.00   42.42
03:03:24 AM    1    2.00    0.00    4.00    0.00    1.00    0.00    0.00    0.00    0.00   93.00
03:03:24 AM    2    1.01    0.00    3.03    0.00    2.02    0.00    0.00    0.00    0.00   93.94
03:03:24 AM    3    3.00    0.00    6.00    0.00    3.00    0.00    0.00    0.00    0.00   88.00

03:03:24 AM  CPU    %usr   %nice    %sys %iowait    %irq   %soft  %steal  %guest  %gnice   %idle
03:03:25 AM  all    1.25    0.00    5.01    0.00    1.75   13.53    0.00    0.00    0.00   78.45
03:03:25 AM    0    1.01    0.00    0.00    0.00    3.03   54.55    0.00    0.00    0.00   41.41
03:03:25 AM    1    1.00    0.00    5.00    0.00    1.00    0.00    0.00    0.00    0.00   93.00
03:03:25 AM    2    0.97    0.00    7.77    0.00    0.97    0.00    0.00    0.00    0.00   90.29
03:03:25 AM    3    2.06    0.00    7.22    0.00    2.06    0.00    0.00    0.00    0.00   88.66

03:03:25 AM  CPU    %usr   %nice    %sys %iowait    %irq   %soft  %steal  %guest  %gnice   %idle
03:03:26 AM  all    0.76    0.00    3.05    0.00    1.53   13.99    0.00    0.00    0.00   80.66
03:03:26 AM    0    0.00    0.00    0.00    0.00    2.02   55.56    0.00    0.00    0.00   42.42
03:03:26 AM    1    1.01    0.00    3.03    0.00    1.01    0.00    0.00    0.00    0.00   94.95
03:03:26 AM    2    1.00    0.00    4.00    0.00    1.00    0.00    0.00    0.00    0.00   94.00
03:03:26 AM    3    1.05    0.00    5.26    0.00    2.11    0.00    0.00    0.00    0.00   91.58

03:03:26 AM  CPU    %usr   %nice    %sys %iowait    %irq   %soft  %steal  %guest  %gnice   %idle
03:03:27 AM  all    1.26    0.00    3.27    0.00    1.76   13.85    0.00    0.00    0.00   79.85
03:03:27 AM    0    0.00    0.00    0.00    0.00    3.00   55.00    0.00    0.00    0.00   42.00
03:03:27 AM    1    0.00    0.00    4.04    0.00    1.01    0.00    0.00    0.00    0.00   94.95
03:03:27 AM    2    2.04    0.00    2.04    0.00    1.02    0.00    0.00    0.00    0.00   94.90
03:03:27 AM    3    3.00    0.00    7.00    0.00    2.00    0.00    0.00    0.00    0.00   88.00

03:03:27 AM  CPU    %usr   %nice    %sys %iowait    %irq   %soft  %steal  %guest  %gnice   %idle
03:03:28 AM  all    1.02    0.00    3.06    0.00    2.04   13.78    0.00    0.00    0.00   80.10
03:03:28 AM    0    0.00    0.00    1.01    0.00    2.02   54.55    0.00    0.00    0.00   42.42
03:03:28 AM    1    2.00    0.00    3.00    0.00    2.00    0.00    0.00    0.00    0.00   93.00
03:03:28 AM    2    1.03    0.00    2.06    0.00    1.03    0.00    0.00    0.00    0.00   95.88
03:03:28 AM    3    1.04    0.00    6.25    0.00    3.12    0.00    0.00    0.00    0.00   89.58

03:03:28 AM  CPU    %usr   %nice    %sys %iowait    %irq   %soft  %steal  %guest  %gnice   %idle
03:03:29 AM  all    0.25    0.00    4.05    0.00    2.03   13.92    0.00    0.00    0.00   79.75
03:03:29 AM    0    0.00    0.00    0.00    0.00    3.03   55.56    0.00    0.00    0.00   41.41
03:03:29 AM    1    0.00    0.00    3.09    0.00    1.03    0.00    0.00    0.00    0.00   95.88
03:03:29 AM    2    0.00    0.00    3.03    0.00    2.02    0.00    0.00    0.00    0.00   94.95
03:03:29 AM    3    1.00    0.00   10.00    0.00    2.00    0.00    0.00    0.00    0.00   87.00

03:03:29 AM  CPU    %usr   %nice    %sys %iowait    %irq   %soft  %steal  %guest  %gnice   %idle
03:03:30 AM  all    0.76    0.00    3.30    0.00    1.78   13.96    0.00    0.00    0.00   80.20
03:03:30 AM    0    0.00    0.00    0.00    0.00    3.00   55.00    0.00    0.00    0.00   42.00
03:03:30 AM    1    1.00    0.00    4.00    0.00    1.00    0.00    0.00    0.00    0.00   94.00
03:03:30 AM    2    1.00    0.00    5.00    0.00    1.00    0.00    0.00    0.00    0.00   93.00
03:03:30 AM    3    1.06    0.00    4.26    0.00    2.13    0.00    0.00    0.00    0.00   92.55

03:03:30 AM  CPU    %usr   %nice    %sys %iowait    %irq   %soft  %steal  %guest  %gnice   %idle
03:03:31 AM  all    0.77    0.00    3.32    0.00    1.53   13.78    0.00    0.00    0.00   80.61
03:03:31 AM    0    0.00    0.00    0.00    0.00    2.04   55.10    0.00    0.00    0.00   42.86
03:03:31 AM    1    1.04    0.00    1.04    0.00    1.04    0.00    0.00    0.00    0.00   96.88
03:03:31 AM    2    1.00    0.00    8.00    0.00    1.00    0.00    0.00    0.00    0.00   90.00
03:03:31 AM    3    1.02    0.00    4.08    0.00    2.04    0.00    0.00    0.00    0.00   92.86

03:03:31 AM  CPU    %usr   %nice    %sys %iowait    %irq   %soft  %steal  %guest  %gnice   %idle
03:03:32 AM  all    0.26    0.00    2.06    0.00    2.06   14.14    0.00    0.00    0.00   81.49
03:03:32 AM    0    0.00    0.00    0.00    0.00    2.97   54.46    0.00    0.00    0.00   42.57
03:03:32 AM    1    0.00    0.00    2.06    0.00    1.03    0.00    0.00    0.00    0.00   96.91
03:03:32 AM    2    1.06    0.00    3.19    0.00    3.19    0.00    0.00    0.00    0.00   92.55
03:03:32 AM    3    0.00    0.00    3.09    0.00    1.03    0.00    0.00    0.00    0.00   95.88

03:03:32 AM  CPU    %usr   %nice    %sys %iowait    %irq   %soft  %steal  %guest  %gnice   %idle
03:03:33 AM  all    0.52    0.00    2.32    0.00    1.55   14.18    0.00    0.00    0.00   81.44
03:03:33 AM    0    0.00    0.00    0.00    0.00    2.06   56.70    0.00    0.00    0.00   41.24
03:03:33 AM    1    0.00    0.00    4.08    0.00    2.04    0.00    0.00    0.00    0.00   93.88
03:03:33 AM    2    1.05    0.00    3.16    0.00    1.05    0.00    0.00    0.00    0.00   94.74
03:03:33 AM    3    1.02    0.00    2.04    0.00    1.02    0.00    0.00    0.00    0.00   95.92

03:03:33 AM  CPU    %usr   %nice    %sys %iowait    %irq   %soft  %steal  %guest  %gnice   %idle
03:03:34 AM  all    0.26    0.00    3.06    0.00    2.04   13.78    0.00    0.00    0.00   80.87
03:03:34 AM    0    0.00    0.00    0.00    0.00    3.03   54.55    0.00    0.00    0.00   42.42
03:03:34 AM    1    0.00    0.00    4.30    0.00    2.15    0.00    0.00    0.00    0.00   93.55
03:03:34 AM    2    0.00    0.00    3.03    0.00    2.02    0.00    0.00    0.00    0.00   94.95
03:03:34 AM    3    0.99    0.00    4.95    0.00    0.99    0.00    0.00    0.00    0.00   93.07

03:03:34 AM  CPU    %usr   %nice    %sys %iowait    %irq   %soft  %steal  %guest  %gnice   %idle
03:03:35 AM  all    0.51    0.00    2.56    0.00    1.79   14.07    0.00    0.00    0.00   81.07
03:03:35 AM    0    0.00    0.00    0.00    0.00    2.02   55.56    0.00    0.00    0.00   42.42
03:03:35 AM    1    0.00    0.00    5.26    0.00    2.11    0.00    0.00    0.00    0.00   92.63
03:03:35 AM    2    1.02    0.00    2.04    0.00    1.02    0.00    0.00    0.00    0.00   95.92
03:03:35 AM    3    1.01    0.00    3.03    0.00    2.02    0.00    0.00    0.00    0.00   93.94

03:03:35 AM  CPU    %usr   %nice    %sys %iowait    %irq   %soft  %steal  %guest  %gnice   %idle
03:03:36 AM  all    0.51    0.00    3.05    0.00    2.04   13.99    0.00    0.00    0.00   80.41
03:03:36 AM    0    0.00    0.00    0.00    0.00    3.00   55.00    0.00    0.00    0.00   42.00
03:03:36 AM    1    1.04    0.00    5.21    0.00    3.12    0.00    0.00    0.00    0.00   90.62
03:03:36 AM    2    1.01    0.00    4.04    0.00    1.01    0.00    0.00    0.00    0.00   93.94
03:03:36 AM    3    0.00    0.00    3.06    0.00    1.02    0.00    0.00    0.00    0.00   95.92

03:03:36 AM  CPU    %usr   %nice    %sys %iowait    %irq   %soft  %steal  %guest  %gnice   %idle
03:03:37 AM  all    1.03    0.00    2.57    0.00    1.80   13.88    0.00    0.00    0.00   80.72
03:03:37 AM    0    1.00    0.00    1.00    0.00    3.00   54.00    0.00    0.00    0.00   41.00
03:03:37 AM    1    2.11    0.00    4.21    0.00    2.11    0.00    0.00    0.00    0.00   91.58
03:03:37 AM    2    0.00    0.00    3.09    0.00    1.03    0.00    0.00    0.00    0.00   95.88
03:03:37 AM    3    1.03    0.00    2.06    0.00    1.03    0.00    0.00    0.00    0.00   95.88

03:03:37 AM  CPU    %usr   %nice    %sys %iowait    %irq   %soft  %steal  %guest  %gnice   %idle
03:03:38 AM  all    0.77    0.00    3.07    0.00    1.53   14.07    0.00    0.00    0.00   80.56
03:03:38 AM    0    0.00    0.00    0.00    0.00    2.02   55.56    0.00    0.00    0.00   42.42
03:03:38 AM    1    1.05    0.00    5.26    0.00    2.11    0.00    0.00    0.00    0.00   91.58
03:03:38 AM    2    2.02    0.00    3.03    0.00    1.01    0.00    0.00    0.00    0.00   93.94
03:03:38 AM    3    0.00    0.00    4.08    0.00    1.02    0.00    0.00    0.00    0.00   94.90

03:03:38 AM  CPU    %usr   %nice    %sys %iowait    %irq   %soft  %steal  %guest  %gnice   %idle
03:03:39 AM  all    0.25    0.00    3.54    0.00    2.02   13.89    0.00    0.00    0.00   80.30
03:03:39 AM    0    0.00    0.00    0.00    0.00    3.00   55.00    0.00    0.00    0.00   42.00
03:03:39 AM    1    1.02    0.00    6.12    0.00    3.06    0.00    0.00    0.00    0.00   89.80
03:03:39 AM    2    0.00    0.00    4.04    0.00    1.01    0.00    0.00    0.00    0.00   94.95
03:03:39 AM    3    0.00    0.00    4.04    0.00    1.01    0.00    0.00    0.00    0.00   94.95

03:03:39 AM  CPU    %usr   %nice    %sys %iowait    %irq   %soft  %steal  %guest  %gnice   %idle
03:03:40 AM  all    1.02    0.00    2.79    0.00    1.78   13.71    0.00    0.00    0.00   80.71
03:03:40 AM    0    0.00    0.00    0.00    0.00    2.02   54.55    0.00    0.00    0.00   43.43
03:03:40 AM    1    0.00    0.00    4.30    0.00    2.15    0.00    0.00    0.00    0.00   93.55
03:03:40 AM    2    2.94    0.00    2.94    0.00    1.96    0.00    0.00    0.00    0.00   92.16
03:03:40 AM    3    1.00    0.00    4.00    0.00    1.00    0.00    0.00    0.00    0.00   94.00

03:03:40 AM  CPU    %usr   %nice    %sys %iowait    %irq   %soft  %steal  %guest  %gnice   %idle
03:03:41 AM  all    1.03    0.00    2.56    0.00    2.05   14.10    0.00    0.00    0.00   80.26
03:03:41 AM    0    0.00    0.00    0.00    0.00    3.03   55.56    0.00    0.00    0.00   41.41
03:03:41 AM    1    1.06    0.00    5.32    0.00    2.13    0.00    0.00    0.00    0.00   91.49
03:03:41 AM    2    1.03    0.00    2.06    0.00    1.03    0.00    0.00    0.00    0.00   95.88
03:03:41 AM    3    2.00    0.00    3.00    0.00    2.00    0.00    0.00    0.00    0.00   93.00

03:03:41 AM  CPU    %usr   %nice    %sys %iowait    %irq   %soft  %steal  %guest  %gnice   %idle
03:03:42 AM  all    0.26    0.00    2.57    0.00    1.80   13.88    0.00    0.00    0.00   81.49
03:03:42 AM    0    0.00    0.00    0.00    0.00    2.04   55.10    0.00    0.00    0.00   42.86
03:03:42 AM    1    1.02    0.00    6.12    0.00    3.06    0.00    0.00    0.00    0.00   89.80
03:03:42 AM    2    0.00    0.00    2.08    0.00    1.04    0.00    0.00    0.00    0.00   96.88
03:03:42 AM    3    0.00    0.00    2.06    0.00    1.03    0.00    0.00    0.00    0.00   96.91

03:03:42 AM  CPU    %usr   %nice    %sys %iowait    %irq   %soft  %steal  %guest  %gnice   %idle
03:03:43 AM  all    0.76    0.00    3.29    0.00    1.77   13.92    0.00    0.00    0.00   80.25
03:03:43 AM    0    0.00    0.00    0.00    0.00    3.00   55.00    0.00    0.00    0.00   42.00
03:03:43 AM    1    2.02    0.00    8.08    0.00    2.02    0.00    0.00    0.00    0.00   87.88
03:03:43 AM    2    1.02    0.00    2.04    0.00    1.02    0.00    0.00    0.00    0.00   95.92
03:03:43 AM    3    0.00    0.00    3.06    0.00    1.02    0.00    0.00    0.00    0.00   95.92

03:03:43 AM  CPU    %usr   %nice    %sys %iowait    %irq   %soft  %steal  %guest  %gnice   %idle
03:03:44 AM  all    0.76    0.00    4.05    0.00    2.03   13.67    0.00    0.00    0.00   79.49
03:03:44 AM    0    0.00    0.00    1.00    0.00    3.00   54.00    0.00    0.00    0.00   42.00
03:03:44 AM    1    1.01    0.00    6.06    0.00    2.02    0.00    0.00    0.00    0.00   90.91
03:03:44 AM    2    1.02    0.00    6.12    0.00    2.04    0.00    0.00    0.00    0.00   90.82
03:03:44 AM    3    1.02    0.00    3.06    0.00    1.02    0.00    0.00    0.00    0.00   94.90

03:03:44 AM  CPU    %usr   %nice    %sys %iowait    %irq   %soft  %steal  %guest  %gnice   %idle
03:03:45 AM  all    0.76    0.00    3.30    0.00    1.52   14.21    0.00    0.00    0.00   80.20
03:03:45 AM    0    0.00    0.00    1.02    0.00    2.04   57.14    0.00    0.00    0.00   39.80
03:03:45 AM    1    0.00    0.00    0.00    0.00    0.00    0.00    0.00    0.00    0.00  100.00
03:03:45 AM    2    2.04    0.00    9.18    0.00    3.06    0.00    0.00    0.00    0.00   85.71
03:03:45 AM    3    1.02    0.00    3.06    0.00    1.02    0.00    0.00    0.00    0.00   94.90

03:03:45 AM  CPU    %usr   %nice    %sys %iowait    %irq   %soft  %steal  %guest  %gnice   %idle
03:03:46 AM  all    0.77    0.00    2.81    0.00    1.79   13.81    0.00    0.00    0.00   80.82
03:03:46 AM    0    0.00    0.00    0.00    0.00    3.03   54.55    0.00    0.00    0.00   42.42
03:03:46 AM    1    0.00    0.00    0.00    0.00    0.00    0.00    0.00    0.00    0.00  100.00
03:03:46 AM    2    2.08    0.00   11.46    0.00    3.12    0.00    0.00    0.00    0.00   83.33
03:03:46 AM    3    1.04    0.00    0.00    0.00    1.04    0.00    0.00    0.00    0.00   97.92

03:03:46 AM  CPU    %usr   %nice    %sys %iowait    %irq   %soft  %steal  %guest  %gnice   %idle
03:03:47 AM  all    0.76    0.00    3.56    0.00    1.78   14.25    0.00    0.00    0.00   79.64
03:03:47 AM    0    0.00    0.00    0.00    0.00    2.04   56.12    0.00    0.00    0.00   41.84
03:03:47 AM    1    0.00    0.00    3.03    0.00    0.00    1.01    0.00    0.00    0.00   95.96
03:03:47 AM    2    2.08    0.00    7.29    0.00    3.12    0.00    0.00    0.00    0.00   87.50
03:03:47 AM    3    1.00    0.00    4.00    0.00    2.00    0.00    0.00    0.00    0.00   93.00

03:03:47 AM  CPU    %usr   %nice    %sys %iowait    %irq   %soft  %steal  %guest  %gnice   %idle
03:03:48 AM  all    1.00    0.00    4.49    0.00    2.00   13.72    0.00    0.00    0.00   78.80
03:03:48 AM    0    0.00    0.00    0.00    0.00    3.03   55.56    0.00    0.00    0.00   41.41
03:03:48 AM    1    1.92    0.00    5.77    0.00    1.92    0.00    0.00    0.00    0.00   90.38
03:03:48 AM    2    2.04    0.00    7.14    0.00    2.04    0.00    0.00    0.00    0.00   88.78
03:03:48 AM    3    0.00    0.00    5.00    0.00    1.00    0.00    0.00    0.00    0.00   94.00

03:03:48 AM  CPU    %usr   %nice    %sys %iowait    %irq   %soft  %steal  %guest  %gnice   %idle
03:03:49 AM  all    0.00    0.00    2.58    0.00    1.55   13.95    0.00    0.00    0.00   81.91
03:03:49 AM    0    0.00    0.00    0.00    0.00    2.04   55.10    0.00    0.00    0.00   42.86
03:03:49 AM    1    0.00    0.00    3.09    0.00    1.03    0.00    0.00    0.00    0.00   95.88
03:03:49 AM    2    0.00    0.00    6.25    0.00    2.08    0.00    0.00    0.00    0.00   91.67
03:03:49 AM    3    0.00    0.00    1.04    0.00    1.04    0.00    0.00    0.00    0.00   97.92

03:03:49 AM  CPU    %usr   %nice    %sys %iowait    %irq   %soft  %steal  %guest  %gnice   %idle
03:03:50 AM  all    1.26    0.00    3.52    0.00    2.01   13.82    0.00    0.00    0.00   79.40
03:03:50 AM    0    0.00    0.00    1.00    0.00    3.00   55.00    0.00    0.00    0.00   41.00
03:03:50 AM    1    1.98    0.00    3.96    0.00    0.99    0.00    0.00    0.00    0.00   93.07
03:03:50 AM    2    2.06    0.00    5.15    0.00    3.09    0.00    0.00    0.00    0.00   89.69
03:03:50 AM    3    1.00    0.00    4.00    0.00    1.00    0.00    0.00    0.00    0.00   94.00

03:03:50 AM  CPU    %usr   %nice    %sys %iowait    %irq   %soft  %steal  %guest  %gnice   %idle
03:03:51 AM  all    0.77    0.00    2.55    0.00    1.79   14.03    0.00    0.00    0.00   80.87
03:03:51 AM    0    0.00    0.00    0.00    0.00    3.00   55.00    0.00    0.00    0.00   42.00
03:03:51 AM    1    0.00    0.00    1.04    0.00    1.04    0.00    0.00    0.00    0.00   97.92
03:03:51 AM    2    2.02    0.00    4.04    0.00    1.01    0.00    0.00    0.00    0.00   92.93
03:03:51 AM    3    1.03    0.00    5.15    0.00    2.06    0.00    0.00    0.00    0.00   91.75

03:03:51 AM  CPU    %usr   %nice    %sys %iowait    %irq   %soft  %steal  %guest  %gnice   %idle
03:03:52 AM  all    0.26    0.00    3.58    0.00    1.53   13.81    0.00    0.00    0.00   80.82
03:03:52 AM    0    0.00    0.00    0.00    0.00    2.04   55.10    0.00    0.00    0.00   42.86
03:03:52 AM    1    0.00    0.00    3.09    0.00    1.03    0.00    0.00    0.00    0.00   95.88
03:03:52 AM    2    0.00    0.00    4.04    0.00    1.01    0.00    0.00    0.00    0.00   94.95
03:03:52 AM    3    1.03    0.00    7.22    0.00    2.06    0.00    0.00    0.00    0.00   89.69

03:03:52 AM  CPU    %usr   %nice    %sys %iowait    %irq   %soft  %steal  %guest  %gnice   %idle
03:03:53 AM  all    1.01    0.00    4.02    0.00    1.76   14.07    0.00    0.00    0.00   79.15
03:03:53 AM    0    0.00    0.00    0.00    0.00    3.00   55.00    0.00    0.00    0.00   42.00
03:03:53 AM    1    0.99    0.00    4.95    0.00    0.99    0.00    0.00    0.00    0.00   93.07
03:03:53 AM    2    1.01    0.00    4.04    0.00    1.01    0.00    0.00    0.00    0.00   93.94
03:03:53 AM    3    2.04    0.00    7.14    0.00    2.04    1.02    0.00    0.00    0.00   87.76

03:03:53 AM  CPU    %usr   %nice    %sys %iowait    %irq   %soft  %steal  %guest  %gnice   %idle
03:03:54 AM  all    1.26    0.00    3.03    0.00    2.02   13.89    0.00    0.00    0.00   79.80
03:03:54 AM    0    0.00    0.00    0.00    0.00    2.02   55.56    0.00    0.00    0.00   42.42
03:03:54 AM    1    0.00    0.00    3.06    0.00    2.04    0.00    0.00    0.00    0.00   94.90
03:03:54 AM    2    2.97    0.00    3.96    0.00    1.98    0.00    0.00    0.00    0.00   91.09
03:03:54 AM    3    2.04    0.00    5.10    0.00    2.04    0.00    0.00    0.00    0.00   90.82

03:03:54 AM  CPU    %usr   %nice    %sys %iowait    %irq   %soft  %steal  %guest  %gnice   %idle
03:03:55 AM  all    0.26    0.00    2.58    0.00    1.81   13.95    0.00    0.00    0.00   81.40
03:03:55 AM    0    0.00    0.00    0.00    0.00    3.06   55.10    0.00    0.00    0.00   41.84
03:03:55 AM    1    1.02    0.00    2.04    0.00    1.02    0.00    0.00    0.00    0.00   95.92
03:03:55 AM    2    0.00    0.00    8.70    0.00    3.26    0.00    0.00    0.00    0.00   88.04
03:03:55 AM    3    0.00    0.00    0.00    0.00    0.00    0.00    0.00    0.00    0.00  100.00

03:03:55 AM  CPU    %usr   %nice    %sys %iowait    %irq   %soft  %steal  %guest  %gnice   %idle
03:03:56 AM  all    0.76    0.00    3.78    0.00    2.02   14.11    0.00    0.00    0.00   79.35
03:03:56 AM    0    0.00    0.00    1.00    0.00    3.00   55.00    0.00    0.00    0.00   41.00
03:03:56 AM    1    0.00    0.00    5.05    0.00    1.01    0.00    0.00    0.00    0.00   93.94
03:03:56 AM    2    2.06    0.00    7.22    0.00    3.09    1.03    0.00    0.00    0.00   86.60
03:03:56 AM    3    0.99    0.00    1.98    0.00    0.99    0.00    0.00    0.00    0.00   96.04

03:03:56 AM  CPU    %usr   %nice    %sys %iowait    %irq   %soft  %steal  %guest  %gnice   %idle
03:03:57 AM  all    1.02    0.00    3.05    0.00    1.53   13.99    0.00    0.00    0.00   80.41
03:03:57 AM    0    0.00    0.00    0.00    0.00    2.04   56.12    0.00    0.00    0.00   41.84
03:03:57 AM    1    1.98    0.00    3.96    0.00    0.99    0.00    0.00    0.00    0.00   93.07
03:03:57 AM    2    2.06    0.00    5.15    0.00    2.06    0.00    0.00    0.00    0.00   90.72
03:03:57 AM    3    0.00    0.00    3.09    0.00    1.03    0.00    0.00    0.00    0.00   95.88

03:03:57 AM  CPU    %usr   %nice    %sys %iowait    %irq   %soft  %steal  %guest  %gnice   %idle
03:03:58 AM  all    0.51    0.00    3.06    0.00    1.79   14.03    0.00    0.00    0.00   80.61
03:03:58 AM    0    0.00    0.00    0.00    0.00    3.00   55.00    0.00    0.00    0.00   42.00
03:03:58 AM    1    1.01    0.00    4.04    0.00    1.01    0.00    0.00    0.00    0.00   93.94
03:03:58 AM    2    1.01    0.00    4.04    0.00    1.01    0.00    0.00    0.00    0.00   93.94
03:03:58 AM    3    0.00    0.00    4.26    0.00    2.13    0.00    0.00    0.00    0.00   93.62

03:03:58 AM  CPU    %usr   %nice    %sys %iowait    %irq   %soft  %steal  %guest  %gnice   %idle
03:03:59 AM  all    1.27    0.00    3.29    0.00    1.77   13.67    0.00    0.00    0.00   80.00
03:03:59 AM    0    0.00    0.00    0.00    0.00    2.04   55.10    0.00    0.00    0.00   42.86
03:03:59 AM    1    0.99    0.00    3.96    0.00    1.98    0.00    0.00    0.00    0.00   93.07
03:03:59 AM    2    1.02    0.00    3.06    0.00    1.02    0.00    0.00    0.00    0.00   94.90
03:03:59 AM    3    3.06    0.00    6.12    0.00    2.04    0.00    0.00    0.00    0.00   88.78

03:03:59 AM  CPU    %usr   %nice    %sys %iowait    %irq   %soft  %steal  %guest  %gnice   %idle
03:04:00 AM  all    0.51    0.00    2.80    0.00    2.29   13.99    0.00    0.00    0.00   80.41
03:04:00 AM    0    0.00    0.00    0.00    0.00    3.00   55.00    0.00    0.00    0.00   42.00
03:04:00 AM    1    0.00    0.00    4.08    0.00    1.02    0.00    0.00    0.00    0.00   94.90
03:04:00 AM    2    1.00    0.00    3.00    0.00    2.00    0.00    0.00    0.00    0.00   94.00
03:04:00 AM    3    1.05    0.00    4.21    0.00    3.16    0.00    0.00    0.00    0.00   91.58

03:04:00 AM  CPU    %usr   %nice    %sys %iowait    %irq   %soft  %steal  %guest  %gnice   %idle
03:04:01 AM  all    1.01    0.00    3.79    0.00    1.52   13.89    0.00    0.00    0.00   79.80
03:04:01 AM    0    0.00    0.00    0.00    0.00    2.02   55.56    0.00    0.00    0.00   42.42
03:04:01 AM    1    2.02    0.00    2.02    0.00    1.01    0.00    0.00    0.00    0.00   94.95
03:04:01 AM    2    1.01    0.00    4.04    0.00    1.01    0.00    0.00    0.00    0.00   93.94
03:04:01 AM    3    1.01    0.00    9.09    0.00    2.02    0.00    0.00    0.00    0.00   87.88

03:04:01 AM  CPU    %usr   %nice    %sys %iowait    %irq   %soft  %steal  %guest  %gnice   %idle
03:04:02 AM  all    0.26    0.00    3.32    0.00    1.79   14.07    0.00    0.00    0.00   80.56
03:04:02 AM    0    0.00    0.00    0.00    0.00    3.00   55.00    0.00    0.00    0.00   42.00
03:04:02 AM    1    0.00    0.00    4.08    0.00    1.02    0.00    0.00    0.00    0.00   94.90
03:04:02 AM    2    0.00    0.00    2.08    0.00    1.04    0.00    0.00    0.00    0.00   96.88
03:04:02 AM    3    1.03    0.00    7.22    0.00    2.06    0.00    0.00    0.00    0.00   89.69

03:04:02 AM  CPU    %usr   %nice    %sys %iowait    %irq   %soft  %steal  %guest  %gnice   %idle
03:04:03 AM  all    0.77    0.00    2.56    0.00    1.79   14.07    0.00    0.00    0.00   80.82
03:04:03 AM    0    1.03    0.00    1.03    0.00    3.09   56.70    0.00    0.00    0.00   38.14
03:04:03 AM    1    0.00    0.00    2.02    0.00    1.01    0.00    0.00    0.00    0.00   96.97
03:04:03 AM    2    1.01    0.00    3.03    0.00    1.01    0.00    0.00    0.00    0.00   94.95
03:04:03 AM    3    1.04    0.00    4.17    0.00    2.08    0.00    0.00    0.00    0.00   92.71

03:04:03 AM  CPU    %usr   %nice    %sys %iowait    %irq   %soft  %steal  %guest  %gnice   %idle
03:04:04 AM  all    1.01    0.00    3.79    0.00    1.52   13.89    0.00    0.00    0.00   79.80
03:04:04 AM    0    0.00    0.00    0.00    0.00    2.02   55.56    0.00    0.00    0.00   42.42
03:04:04 AM    1    1.98    0.00    3.96    0.00    0.99    0.00    0.00    0.00    0.00   93.07
03:04:04 AM    2    1.00    0.00    5.00    0.00    1.00    0.00    0.00    0.00    0.00   93.00
03:04:04 AM    3    1.04    0.00    6.25    0.00    2.08    0.00    0.00    0.00    0.00   90.62

03:04:04 AM  CPU    %usr   %nice    %sys %iowait    %irq   %soft  %steal  %guest  %gnice   %idle
03:04:05 AM  all    1.02    0.00    2.54    0.00    2.03   13.96    0.00    0.00    0.00   80.46
03:04:05 AM    0    0.00    0.00    0.00    0.00    3.00   55.00    0.00    0.00    0.00   42.00
03:04:05 AM    1    0.00    0.00    1.01    0.00    0.00    0.00    0.00    0.00    0.00   98.99
03:04:05 AM    2    0.00    0.00    3.03    0.00    2.02    0.00    0.00    0.00    0.00   94.95
03:04:05 AM    3    4.17    0.00    6.25    0.00    3.12    0.00    0.00    0.00    0.00   86.46

03:04:05 AM  CPU    %usr   %nice    %sys %iowait    %irq   %soft  %steal  %guest  %gnice   %idle
03:04:06 AM  all    0.26    0.00    3.57    0.00    1.79   13.78    0.00    0.00    0.00   80.61
03:04:06 AM    0    0.00    0.00    0.00    0.00    2.04   55.10    0.00    0.00    0.00   42.86
03:04:06 AM    1    0.00    0.00    0.00    0.00    0.00    0.00    0.00    0.00    0.00  100.00
03:04:06 AM    2    0.00    0.00    3.09    0.00    1.03    0.00    0.00    0.00    0.00   95.88
03:04:06 AM    3    1.03    0.00   11.34    0.00    4.12    0.00    0.00    0.00    0.00   83.51

03:04:06 AM  CPU    %usr   %nice    %sys %iowait    %irq   %soft  %steal  %guest  %gnice   %idle
03:04:07 AM  all    0.51    0.00    3.56    0.00    1.78   13.99    0.00    0.00    0.00   80.15
03:04:07 AM    0    0.00    0.00    0.00    0.00    3.03   55.56    0.00    0.00    0.00   41.41
03:04:07 AM    1    0.00    0.00    0.00    0.00    0.00    0.00    0.00    0.00    0.00  100.00
03:04:07 AM    2    1.03    0.00    6.19    0.00    2.06    0.00    0.00    0.00    0.00   90.72
03:04:07 AM    3    1.03    0.00    8.25    0.00    2.06    0.00    0.00    0.00    0.00   88.66

03:04:07 AM  CPU    %usr   %nice    %sys %iowait    %irq   %soft  %steal  %guest  %gnice   %idle
03:04:08 AM  all    0.26    0.00    2.33    0.00    1.55   14.25    0.00    0.00    0.00   81.61
03:04:08 AM    0    0.00    0.00    0.00    0.00    2.02   55.56    0.00    0.00    0.00   42.42
03:04:08 AM    1    0.00    0.00    0.00    0.00    0.00    0.00    0.00    0.00    0.00  100.00
03:04:08 AM    2    1.08    0.00    4.30    0.00    2.15    0.00    0.00    0.00    0.00   92.47
03:04:08 AM    3    0.00    0.00    5.32    0.00    2.13    0.00    0.00    0.00    0.00   92.55

03:04:08 AM  CPU    %usr   %nice    %sys %iowait    %irq   %soft  %steal  %guest  %gnice   %idle
03:04:09 AM  all    1.00    0.00    4.76    0.00    1.75   13.78    0.00    0.00    0.00   78.70
03:04:09 AM    0    0.00    0.00    1.00    0.00    3.00   55.00    0.00    0.00    0.00   41.00
03:04:09 AM    1    0.00    0.00    0.00    0.00    0.00    0.00    0.00    0.00    0.00  100.00
03:04:09 AM    2    3.06    0.00   12.24    0.00    3.06    0.00    0.00    0.00    0.00   81.63
03:04:09 AM    3    0.99    0.00    5.94    0.00    0.99    0.00    0.00    0.00    0.00   92.08

03:04:09 AM  CPU    %usr   %nice    %sys %iowait    %irq   %soft  %steal  %guest  %gnice   %idle
03:04:10 AM  all    1.01    0.00    3.29    0.00    2.28   13.67    0.00    0.00    0.00   79.75
03:04:10 AM    0    0.00    0.00    0.00    0.00    3.03   54.55    0.00    0.00    0.00   42.42
03:04:10 AM    1    0.00    0.00    1.00    0.00    1.00    0.00    0.00    0.00    0.00   98.00
03:04:10 AM    2    3.09    0.00    8.25    0.00    4.12    0.00    0.00    0.00    0.00   84.54
03:04:10 AM    3    1.01    0.00    4.04    0.00    1.01    0.00    0.00    0.00    0.00   93.94

03:04:10 AM  CPU    %usr   %nice    %sys %iowait    %irq   %soft  %steal  %guest  %gnice   %idle
03:04:11 AM  all    1.26    0.00    3.54    0.00    1.77   13.89    0.00    0.00    0.00   79.55
03:04:11 AM    0    0.00    0.00    1.00    0.00    2.00   55.00    0.00    0.00    0.00   42.00
03:04:11 AM    1    2.00    0.00    4.00    0.00    1.00    0.00    0.00    0.00    0.00   93.00
03:04:11 AM    2    3.09    0.00    6.19    0.00    2.06    0.00    0.00    0.00    0.00   88.66
03:04:11 AM    3    0.00    0.00    3.03    0.00    2.02    0.00    0.00    0.00    0.00   94.95

03:04:11 AM  CPU    %usr   %nice    %sys %iowait    %irq   %soft  %steal  %guest  %gnice   %idle
03:04:12 AM  all    0.77    0.00    2.31    0.00    1.79   14.10    0.00    0.00    0.00   81.03
03:04:12 AM    0    0.00    0.00    0.00    0.00    3.03   55.56    0.00    0.00    0.00   41.41
03:04:12 AM    1    1.05    0.00    4.21    0.00    2.11    0.00    0.00    0.00    0.00   92.63
03:04:12 AM    2    1.05    0.00    5.26    0.00    2.11    0.00    0.00    0.00    0.00   91.58
03:04:12 AM    3    0.99    0.00    0.00    0.00    0.00    0.00    0.00    0.00    0.00   99.01

03:04:12 AM  CPU    %usr   %nice    %sys %iowait    %irq   %soft  %steal  %guest  %gnice   %idle
03:04:13 AM  all    0.77    0.00    3.08    0.00    1.54   13.85    0.00    0.00    0.00   80.77
03:04:13 AM    0    0.00    0.00    0.00    0.00    2.04   55.10    0.00    0.00    0.00   42.86
03:04:13 AM    1    1.08    0.00    4.30    0.00    2.15    0.00    0.00    0.00    0.00   92.47
03:04:13 AM    2    2.02    0.00    8.08    0.00    2.02    0.00    0.00    0.00    0.00   87.88
03:04:13 AM    3    0.00    0.00    0.00    0.00    0.00    0.00    0.00    0.00    0.00  100.00

03:04:13 AM  CPU    %usr   %nice    %sys %iowait    %irq   %soft  %steal  %guest  %gnice   %idle
03:04:14 AM  all    0.76    0.00    3.29    0.00    2.03   13.92    0.00    0.00    0.00   80.00
03:04:14 AM    0    0.00    0.00    0.00    0.00    3.00   55.00    0.00    0.00    0.00   42.00
03:04:14 AM    1    1.02    0.00    8.16    0.00    3.06    0.00    0.00    0.00    0.00   87.76
03:04:14 AM    2    1.03    0.00    5.15    0.00    2.06    0.00    0.00    0.00    0.00   91.75
03:04:14 AM    3    1.00    0.00    0.00    0.00    0.00    0.00    0.00    0.00    0.00   99.00

03:04:14 AM  CPU    %usr   %nice    %sys %iowait    %irq   %soft  %steal  %guest  %gnice   %idle
03:04:15 AM  all    0.77    0.00    2.57    0.00    1.80   14.14    0.00    0.00    0.00   80.72
03:04:15 AM    0    0.00    0.00    0.00    0.00    3.00   55.00    0.00    0.00    0.00   42.00
03:04:15 AM    1    2.20    0.00    7.69    0.00    3.30    0.00    0.00    0.00    0.00   86.81
03:04:15 AM    2    1.02    0.00    3.06    0.00    1.02    0.00    0.00    0.00    0.00   94.90
03:04:15 AM    3    0.00    0.00    0.00    0.00    0.00    0.00    0.00    0.00    0.00  100.00

03:04:15 AM  CPU    %usr   %nice    %sys %iowait    %irq   %soft  %steal  %guest  %gnice   %idle
03:04:16 AM  all    1.01    0.00    3.54    0.00    2.02   13.64    0.00    0.00    0.00   79.80
03:04:16 AM    0    0.00    0.00    0.00    0.00    2.04   55.10    0.00    0.00    0.00   42.86
03:04:16 AM    1    1.03    0.00   11.34    0.00    4.12    0.00    0.00    0.00    0.00   83.51
03:04:16 AM    2    2.00    0.00    3.00    0.00    2.00    0.00    0.00    0.00    0.00   93.00
03:04:16 AM    3    0.99    0.00    0.00    0.00    0.00    0.00    0.00    0.00    0.00   99.01

03:04:16 AM  CPU    %usr   %nice    %sys %iowait    %irq   %soft  %steal  %guest  %gnice   %idle
03:04:17 AM  all    0.76    0.00    4.03    0.00    1.76   13.85    0.00    0.00    0.00   79.60
03:04:17 AM    0    0.00    0.00    0.99    0.00    2.97   54.46    0.00    0.00    0.00   41.58
03:04:17 AM    1    1.04    0.00    7.29    0.00    2.08    0.00    0.00    0.00    0.00   89.58
03:04:17 AM    2    1.00    0.00    4.00    0.00    1.00    0.00    0.00    0.00    0.00   94.00
03:04:17 AM    3    1.00    0.00    4.00    0.00    1.00    0.00    0.00    0.00    0.00   94.00

03:04:17 AM  CPU    %usr   %nice    %sys %iowait    %irq   %soft  %steal  %guest  %gnice   %idle
03:04:18 AM  all    0.26    0.00    3.08    0.00    1.54   13.88    0.00    0.00    0.00   81.23
03:04:18 AM    0    0.00    0.00    0.00    0.00    2.04   55.10    0.00    0.00    0.00   42.86
03:04:18 AM    1    1.02    0.00    7.14    0.00    2.04    0.00    0.00    0.00    0.00   89.80
03:04:18 AM    2    0.00    0.00    1.05    0.00    1.05    0.00    0.00    0.00    0.00   97.89
03:04:18 AM    3    0.00    0.00    4.08    0.00    1.02    0.00    0.00    0.00    0.00   94.90

03:04:18 AM  CPU    %usr   %nice    %sys %iowait    %irq   %soft  %steal  %guest  %gnice   %idle
03:04:19 AM  all    1.26    0.00    3.02    0.00    2.02   13.85    0.00    0.00    0.00   79.85
03:04:19 AM    0    0.00    0.00    0.00    0.00    3.00   55.00    0.00    0.00    0.00   42.00
03:04:19 AM    1    2.06    0.00    5.15    0.00    3.09    0.00    0.00    0.00    0.00   89.69
03:04:19 AM    2    0.99    0.00    4.95    0.00    0.99    0.00    0.00    0.00    0.00   93.07
03:04:19 AM    3    2.02    0.00    2.02    0.00    1.01    0.00    0.00    0.00    0.00   94.95

03:04:19 AM  CPU    %usr   %nice    %sys %iowait    %irq   %soft  %steal  %guest  %gnice   %idle
03:04:20 AM  all    0.26    0.00    3.84    0.00    1.53   13.81    0.00    0.00    0.00   80.56
03:04:20 AM    0    0.00    0.00    0.00    0.00    2.04   55.10    0.00    0.00    0.00   42.86
03:04:20 AM    1    1.02    0.00    8.16    0.00    2.04    0.00    0.00    0.00    0.00   88.78
03:04:20 AM    2    0.00    0.00    3.09    0.00    1.03    0.00    0.00    0.00    0.00   95.88
03:04:20 AM    3    0.00    0.00    4.08    0.00    1.02    0.00    0.00    0.00    0.00   94.90

03:04:20 AM  CPU    %usr   %nice    %sys %iowait    %irq   %soft  %steal  %guest  %gnice   %idle
03:04:21 AM  all    1.00    0.00    4.01    0.00    2.01   13.78    0.00    0.00    0.00   79.20
03:04:21 AM    0    0.00    0.00    0.00    0.00    3.00   55.00    0.00    0.00    0.00   42.00
03:04:21 AM    1    1.02    0.00    8.16    0.00    2.04    0.00    0.00    0.00    0.00   88.78
03:04:21 AM    2    2.00    0.00    3.00    0.00    2.00    0.00    0.00    0.00    0.00   93.00
03:04:21 AM    3    0.99    0.00    4.95    0.00    0.99    0.00    0.00    0.00    0.00   93.07

03:04:21 AM  CPU    %usr   %nice    %sys %iowait    %irq   %soft  %steal  %guest  %gnice   %idle
03:04:22 AM  all    0.52    0.00    2.06    0.00    2.06   13.92    0.00    0.00    0.00   81.44
03:04:22 AM    0    0.00    0.00    0.00    0.00    3.03   54.55    0.00    0.00    0.00   42.42
03:04:22 AM    1    1.05    0.00    5.26    0.00    2.11    0.00    0.00    0.00    0.00   91.58
03:04:22 AM    2    0.00    0.00    2.06    0.00    1.03    0.00    0.00    0.00    0.00   96.91
03:04:22 AM    3    1.03    0.00    1.03    0.00    2.06    0.00    0.00    0.00    0.00   95.88

03:04:22 AM  CPU    %usr   %nice    %sys %iowait    %irq   %soft  %steal  %guest  %gnice   %idle
03:04:23 AM  all    0.77    0.00    2.81    0.00    1.79   14.07    0.00    0.00    0.00   80.56
03:04:23 AM    0    0.00    0.00    0.00    0.00    2.02   55.56    0.00    0.00    0.00   42.42
03:04:23 AM    1    1.04    0.00    5.21    0.00    3.12    0.00    0.00    0.00    0.00   90.62
03:04:23 AM    2    2.04    0.00    2.04    0.00    1.02    0.00    0.00    0.00    0.00   94.90
03:04:23 AM    3    0.00    0.00    4.08    0.00    1.02    0.00    0.00    0.00    0.00   94.90

03:04:23 AM  CPU    %usr   %nice    %sys %iowait    %irq   %soft  %steal  %guest  %gnice   %idle
03:04:24 AM  all    1.01    0.00    3.54    0.00    1.77   13.92    0.00    0.00    0.00   79.75
03:04:24 AM    0    0.00    0.00    0.00    0.00    3.00   55.00    0.00    0.00    0.00   42.00
03:04:24 AM    1    2.08    0.00    5.21    0.00    2.08    0.00    0.00    0.00    0.00   90.62
03:04:24 AM    2    1.02    0.00    3.06    0.00    1.02    0.00    0.00    0.00    0.00   94.90
03:04:24 AM    3    0.99    0.00    5.94    0.00    0.99    0.00    0.00    0.00    0.00   92.08

03:04:24 AM  CPU    %usr   %nice    %sys %iowait    %irq   %soft  %steal  %guest  %gnice   %idle
03:04:25 AM  all    0.51    0.00    3.08    0.00    1.54   14.10    0.00    0.00    0.00   80.77
03:04:25 AM    0    0.00    0.00    0.00    0.00    2.06   56.70    0.00    0.00    0.00   41.24
03:04:25 AM    1    1.05    0.00    5.26    0.00    2.11    0.00    0.00    0.00    0.00   91.58
03:04:25 AM    2    0.00    0.00    3.03    0.00    1.01    0.00    0.00    0.00    0.00   95.96
03:04:25 AM    3    1.01    0.00    4.04    0.00    1.01    0.00    0.00    0.00    0.00   93.94

03:04:25 AM  CPU    %usr   %nice    %sys %iowait    %irq   %soft  %steal  %guest  %gnice   %idle
03:04:26 AM  all    0.25    0.00    3.31    0.00    1.78   13.99    0.00    0.00    0.00   80.66
03:04:26 AM    0    0.00    0.00    0.00    0.00    3.00   55.00    0.00    0.00    0.00   42.00
03:04:26 AM    1    1.02    0.00    7.14    0.00    2.04    0.00    0.00    0.00    0.00   89.80
03:04:26 AM    2    0.00    0.00    4.08    0.00    1.02    0.00    0.00    0.00    0.00   94.90
03:04:26 AM    3    0.00    0.00    2.06    0.00    1.03    0.00    0.00    0.00    0.00   96.91

03:04:26 AM  CPU    %usr   %nice    %sys %iowait    %irq   %soft  %steal  %guest  %gnice   %idle
03:04:27 AM  all    0.52    0.00    2.32    0.00    1.80   13.92    0.00    0.00    0.00   81.44
03:04:27 AM    0    0.00    0.00    0.00    0.00    2.04   55.10    0.00    0.00    0.00   42.86
03:04:27 AM    1    2.17    0.00    4.35    0.00    3.26    0.00    0.00    0.00    0.00   90.22
03:04:27 AM    2    0.00    0.00    1.00    0.00    1.00    0.00    0.00    0.00    0.00   98.00
03:04:27 AM    3    0.00    0.00    4.08    0.00    1.02    0.00    0.00    0.00    0.00   94.90

03:04:27 AM  CPU    %usr   %nice    %sys %iowait    %irq   %soft  %steal  %guest  %gnice   %idle
03:04:28 AM  all    0.51    0.00    2.54    0.00    2.29   14.25    0.00    0.00    0.00   80.41
03:04:28 AM    0    0.00    0.00    0.00    0.00    3.03   55.56    0.00    0.00    0.00   41.41
03:04:28 AM    1    1.02    0.00    6.12    0.00    3.06    1.02    0.00    0.00    0.00   88.78
03:04:28 AM    2    1.02    0.00    2.04    0.00    1.02    0.00    0.00    0.00    0.00   95.92
03:04:28 AM    3    0.00    0.00    2.04    0.00    2.04    0.00    0.00    0.00    0.00   95.92

03:04:28 AM  CPU    %usr   %nice    %sys %iowait    %irq   %soft  %steal  %guest  %gnice   %idle
03:04:29 AM  all    0.51    0.00    3.05    0.00    1.78   14.25    0.00    0.00    0.00   80.41
03:04:29 AM    0    0.00    0.00    0.00    0.00    3.00   55.00    0.00    0.00    0.00   42.00
03:04:29 AM    1    1.04    0.00    5.21    0.00    2.08    0.00    0.00    0.00    0.00   91.67
03:04:29 AM    2    1.01    0.00    3.03    0.00    1.01    1.01    0.00    0.00    0.00   93.94
03:04:29 AM    3    0.00    0.00    4.08    0.00    1.02    0.00    0.00    0.00    0.00   94.90

03:04:29 AM  CPU    %usr   %nice    %sys %iowait    %irq   %soft  %steal  %guest  %gnice   %idle
03:04:30 AM  all    1.02    0.00    3.05    0.00    1.52   13.96    0.00    0.00    0.00   80.46
03:04:30 AM    0    0.00    0.00    0.00    0.00    2.02   55.56    0.00    0.00    0.00   42.42
03:04:30 AM    1    2.06    0.00    6.19    0.00    2.06    0.00    0.00    0.00    0.00   89.69
03:04:30 AM    2    0.00    0.00    2.06    0.00    1.03    0.00    0.00    0.00    0.00   96.91
03:04:30 AM    3    1.98    0.00    3.96    0.00    0.99    0.00    0.00    0.00    0.00   93.07

03:04:30 AM  CPU    %usr   %nice    %sys %iowait    %irq   %soft  %steal  %guest  %gnice   %idle
03:04:31 AM  all    0.77    0.00    3.06    0.00    2.04   13.78    0.00    0.00    0.00   80.36
03:04:31 AM    0    0.00    0.00    0.00    0.00    3.03   54.55    0.00    0.00    0.00   42.42
03:04:31 AM    1    2.04    0.00    6.12    0.00    3.06    0.00    0.00    0.00    0.00   88.78
03:04:31 AM    2    0.00    0.00    3.09    0.00    1.03    0.00    0.00    0.00    0.00   95.88
03:04:31 AM    3    1.02    0.00    3.06    0.00    1.02    0.00    0.00    0.00    0.00   94.90

03:04:31 AM  CPU    %usr   %nice    %sys %iowait    %irq   %soft  %steal  %guest  %gnice   %idle
03:04:32 AM  all    1.01    0.00    3.54    0.00    1.52   14.18    0.00    0.00    0.00   79.75
03:04:32 AM    0    0.00    0.00    0.00    0.00    2.02   55.56    0.00    0.00    0.00   42.42
03:04:32 AM    1    2.06    0.00   10.31    0.00    3.09    0.00    0.00    0.00    0.00   84.54
03:04:32 AM    2    1.00    0.00    1.00    0.00    0.00    0.00    0.00    0.00    0.00   98.00
03:04:32 AM    3    1.01    0.00    3.03    0.00    1.01    1.01    0.00    0.00    0.00   93.94

03:04:32 AM  CPU    %usr   %nice    %sys %iowait    %irq   %soft  %steal  %guest  %gnice   %idle
03:04:33 AM  all    1.00    0.00    4.00    0.00    2.00   13.75    0.00    0.00    0.00   79.25
03:04:33 AM    0    0.00    0.00    0.00    0.00    3.03   55.56    0.00    0.00    0.00   41.41
03:04:33 AM    1    2.00    0.00    9.00    0.00    2.00    0.00    0.00    0.00    0.00   87.00
03:04:33 AM    2    1.00    0.00    3.00    0.00    1.00    0.00    0.00    0.00    0.00   95.00
03:04:33 AM    3    0.99    0.00    3.96    0.00    1.98    0.00    0.00    0.00    0.00   93.07

03:04:33 AM  CPU    %usr   %nice    %sys %iowait    %irq   %soft  %steal  %guest  %gnice   %idle
03:04:34 AM  all    0.51    0.00    3.81    0.00    2.03   13.71    0.00    0.00    0.00   79.95
03:04:34 AM    0    0.00    0.00    0.00    0.00    2.04   55.10    0.00    0.00    0.00   42.86
03:04:34 AM    1    2.00    0.00    8.00    0.00    3.00    0.00    0.00    0.00    0.00   87.00
03:04:34 AM    2    0.00    0.00    4.04    0.00    2.02    0.00    0.00    0.00    0.00   93.94
03:04:34 AM    3    0.00    0.00    3.09    0.00    1.03    0.00    0.00    0.00    0.00   95.88

03:04:34 AM  CPU    %usr   %nice    %sys %iowait    %irq   %soft  %steal  %guest  %gnice   %idle
03:04:35 AM  all    1.02    0.00    2.80    0.00    1.78   13.99    0.00    0.00    0.00   80.41
03:04:35 AM    0    0.00    0.00    0.00    0.00    3.00   55.00    0.00    0.00    0.00   42.00
03:04:35 AM    1    2.11    0.00    4.21    0.00    2.11    0.00    0.00    0.00    0.00   91.58
03:04:35 AM    2    2.02    0.00    7.07    0.00    2.02    0.00    0.00    0.00    0.00   88.89
03:04:35 AM    3    0.00    0.00    0.00    0.00    0.00    0.00    0.00    0.00    0.00  100.00

03:04:35 AM  CPU    %usr   %nice    %sys %iowait    %irq   %soft  %steal  %guest  %gnice   %idle
03:04:36 AM  all    0.76    0.00    3.05    0.00    1.78   13.96    0.00    0.00    0.00   80.46
03:04:36 AM    0    0.00    0.00    0.00    0.00    3.00   55.00    0.00    0.00    0.00   42.00
03:04:36 AM    1    1.04    0.00    9.38    0.00    3.12    0.00    0.00    0.00    0.00   86.46
03:04:36 AM    2    2.04    0.00    3.06    0.00    1.02    0.00    0.00    0.00    0.00   93.88
03:04:36 AM    3    0.00    0.00    0.00    0.00    0.00    0.00    0.00    0.00    0.00  100.00

03:04:36 AM  CPU    %usr   %nice    %sys %iowait    %irq   %soft  %steal  %guest  %gnice   %idle
03:04:37 AM  all    0.26    0.00    3.57    0.00    1.53   14.03    0.00    0.00    0.00   80.61
03:04:37 AM    0    0.00    0.00    0.00    0.00    2.02   55.56    0.00    0.00    0.00   42.42
03:04:37 AM    1    1.05    0.00   10.53    0.00    3.16    0.00    0.00    0.00    0.00   85.26
03:04:37 AM    2    0.00    0.00    4.08    0.00    1.02    0.00    0.00    0.00    0.00   94.90
03:04:37 AM    3    0.00    0.00    0.00    0.00    0.00    0.00    0.00    0.00    0.00  100.00

03:04:37 AM  CPU    %usr   %nice    %sys %iowait    %irq   %soft  %steal  %guest  %gnice   %idle
03:04:38 AM  all    1.25    0.00    4.51    0.00    2.01   13.53    0.00    0.00    0.00   78.70
03:04:38 AM    0    0.00    0.00    1.00    0.00    3.00   54.00    0.00    0.00    0.00   42.00
03:04:38 AM    1    2.08    0.00    7.29    0.00    3.12    0.00    0.00    0.00    0.00   87.50
03:04:38 AM    2    0.97    0.00    6.80    0.00    0.97    0.00    0.00    0.00    0.00   91.26
03:04:38 AM    3    2.00    0.00    3.00    0.00    1.00    0.00    0.00    0.00    0.00   94.00

03:04:38 AM  CPU    %usr   %nice    %sys %iowait    %irq   %soft  %steal  %guest  %gnice   %idle
03:04:39 AM  all    0.51    0.00    3.07    0.00    1.79   14.07    0.00    0.00    0.00   80.56
03:04:39 AM    0    0.00    0.00    0.00    0.00    2.04   56.12    0.00    0.00    0.00   41.84
03:04:39 AM    1    1.02    0.00    5.10    0.00    2.04    0.00    0.00    0.00    0.00   91.84
03:04:39 AM    2    0.00    0.00    2.06    0.00    2.06    0.00    0.00    0.00    0.00   95.88
03:04:39 AM    3    1.02    0.00    5.10    0.00    1.02    0.00    0.00    0.00    0.00   92.86

03:04:39 AM  CPU    %usr   %nice    %sys %iowait    %irq   %soft  %steal  %guest  %gnice   %idle
03:04:40 AM  all    0.76    0.00    2.80    0.00    2.04   13.99    0.00    0.00    0.00   80.41
03:04:40 AM    0    0.00    0.00    0.00    0.00    3.00   55.00    0.00    0.00    0.00   42.00
03:04:40 AM    1    2.04    0.00    4.08    0.00    2.04    0.00    0.00    0.00    0.00   91.84
03:04:40 AM    2    1.01    0.00    3.03    0.00    1.01    0.00    0.00    0.00    0.00   94.95
03:04:40 AM    3    0.00    0.00    4.17    0.00    2.08    0.00    0.00    0.00    0.00   93.75

03:04:40 AM  CPU    %usr   %nice    %sys %iowait    %irq   %soft  %steal  %guest  %gnice   %idle
03:04:41 AM  all    1.02    0.00    3.82    0.00    1.53   13.74    0.00    0.00    0.00   79.90
03:04:41 AM    0    1.01    0.00    0.00    0.00    2.02   54.55    0.00    0.00    0.00   42.42
03:04:41 AM    1    1.03    0.00    7.22    0.00    2.06    0.00    0.00    0.00    0.00   89.69
03:04:41 AM    2    1.01    0.00    5.05    0.00    1.01    0.00    0.00    0.00    0.00   92.93
03:04:41 AM    3    1.02    0.00    3.06    0.00    1.02    0.00    0.00    0.00    0.00   94.90

03:04:41 AM  CPU    %usr   %nice    %sys %iowait    %irq   %soft  %steal  %guest  %gnice   %idle
03:04:42 AM  all    0.51    0.00    2.80    0.00    1.78   13.99    0.00    0.00    0.00   80.92
03:04:42 AM    0    0.00    0.00    0.00    0.00    3.00   55.00    0.00    0.00    0.00   42.00
03:04:42 AM    1    1.04    0.00    5.21    0.00    2.08    0.00    0.00    0.00    0.00   91.67
03:04:42 AM    2    0.00    0.00    3.06    0.00    1.02    0.00    0.00    0.00    0.00   95.92
03:04:42 AM    3    1.01    0.00    3.03    0.00    1.01    0.00    0.00    0.00    0.00   94.95

03:04:42 AM  CPU    %usr   %nice    %sys %iowait    %irq   %soft  %steal  %guest  %gnice   %idle
03:04:43 AM  all    0.26    0.00    3.32    0.00    1.79   13.78    0.00    0.00    0.00   80.87
03:04:43 AM    0    0.00    0.00    0.00    0.00    2.04   55.10    0.00    0.00    0.00   42.86
03:04:43 AM    1    1.03    0.00    7.22    0.00    2.06    0.00    0.00    0.00    0.00   89.69
03:04:43 AM    2    0.00    0.00    3.06    0.00    1.02    0.00    0.00    0.00    0.00   95.92
03:04:43 AM    3    0.00    0.00    3.03    0.00    2.02    0.00    0.00    0.00    0.00   94.95

03:04:43 AM  CPU    %usr   %nice    %sys %iowait    %irq   %soft  %steal  %guest  %gnice   %idle
03:04:44 AM  all    1.02    0.00    3.05    0.00    2.04   13.99    0.00    0.00    0.00   79.90
03:04:44 AM    0    0.00    0.00    0.00    0.00    3.00   55.00    0.00    0.00    0.00   42.00
03:04:44 AM    1    3.16    0.00   11.58    0.00    5.26    0.00    0.00    0.00    0.00   80.00
03:04:44 AM    2    1.01    0.00    1.01    0.00    0.00    0.00    0.00    0.00    0.00   97.98
03:04:44 AM    3    0.00    0.00    0.00    0.00    0.00    0.00    0.00    0.00    0.00  100.00

03:04:44 AM  CPU    %usr   %nice    %sys %iowait    %irq   %soft  %steal  %guest  %gnice   %idle
03:04:45 AM  all    0.76    0.00    3.54    0.00    2.02   13.64    0.00    0.00    0.00   80.05
03:04:45 AM    0    0.00    0.00    0.00    0.00    3.03   54.55    0.00    0.00    0.00   42.42
03:04:45 AM    1    3.12    0.00   14.58    0.00    4.17    0.00    0.00    0.00    0.00   78.12
03:04:45 AM    2    0.00    0.00    0.00    0.00    0.99    0.00    0.00    0.00    0.00   99.01
03:04:45 AM    3    0.00    0.00    0.00    0.00    0.00    0.00    0.00    0.00    0.00  100.00

03:04:45 AM  CPU    %usr   %nice    %sys %iowait    %irq   %soft  %steal  %guest  %gnice   %idle
03:04:46 AM  all    0.52    0.00    1.56    0.00    1.56   14.32    0.00    0.00    0.00   82.03
03:04:46 AM    0    0.00    0.00    0.00    0.00    2.02   55.56    0.00    0.00    0.00   42.42
03:04:46 AM    1    2.27    0.00    3.41    0.00    3.41    0.00    0.00    0.00    0.00   90.91
03:04:46 AM    2    0.00    0.00    3.09    0.00    1.03    0.00    0.00    0.00    0.00   95.88
03:04:46 AM    3    0.00    0.00    0.00    0.00    0.00    0.00    0.00    0.00    0.00  100.00

03:04:46 AM  CPU    %usr   %nice    %sys %iowait    %irq   %soft  %steal  %guest  %gnice   %idle
03:04:47 AM  all    0.76    0.00    3.54    0.00    2.02   13.64    0.00    0.00    0.00   80.05
03:04:47 AM    0    0.00    0.00    0.00    0.00    3.03   54.55    0.00    0.00    0.00   42.42
03:04:47 AM    1    3.06    0.00   10.20    0.00    4.08    0.00    0.00    0.00    0.00   82.65
03:04:47 AM    2    0.00    0.00    4.04    0.00    1.01    0.00    0.00    0.00    0.00   94.95
03:04:47 AM    3    0.00    0.00    0.00    0.00    0.00    0.00    0.00    0.00    0.00  100.00

03:04:47 AM  CPU    %usr   %nice    %sys %iowait    %irq   %soft  %steal  %guest  %gnice   %idle
03:04:48 AM  all    0.51    0.00    3.07    0.00    1.53   14.07    0.00    0.00    0.00   80.82
03:04:48 AM    0    0.00    0.00    0.00    0.00    2.02   55.56    0.00    0.00    0.00   42.42
03:04:48 AM    1    1.06    0.00    7.45    0.00    3.19    0.00    0.00    0.00    0.00   88.30
03:04:48 AM    2    1.02    0.00    5.10    0.00    1.02    0.00    0.00    0.00    0.00   92.86
03:04:48 AM    3    0.00    0.00    0.00    0.00    0.00    0.00    0.00    0.00    0.00  100.00

03:04:48 AM  CPU    %usr   %nice    %sys %iowait    %irq   %soft  %steal  %guest  %gnice   %idle
03:04:49 AM  all    0.76    0.00    2.79    0.00    2.03   13.96    0.00    0.00    0.00   80.46
03:04:49 AM    0    0.00    0.00    1.01    0.00    3.03   55.56    0.00    0.00    0.00   40.40
03:04:49 AM    1    1.03    0.00    4.12    0.00    2.06    0.00    0.00    0.00    0.00   92.78
03:04:49 AM    2    2.04    0.00    6.12    0.00    3.06    0.00    0.00    0.00    0.00   88.78
03:04:49 AM    3    0.00    0.00    0.00    0.00    0.00    0.00    0.00    0.00    0.00  100.00

03:04:49 AM  CPU    %usr   %nice    %sys %iowait    %irq   %soft  %steal  %guest  %gnice   %idle
03:04:50 AM  all    0.52    0.00    2.84    0.00    1.29   14.18    0.00    0.00    0.00   81.19
03:04:50 AM    0    0.00    0.00    0.00    0.00    2.06   56.70    0.00    0.00    0.00   41.24
03:04:50 AM    1    0.00    0.00    2.13    0.00    1.06    0.00    0.00    0.00    0.00   96.81
03:04:50 AM    2    2.04    0.00    7.14    0.00    2.04    0.00    0.00    0.00    0.00   88.78
03:04:50 AM    3    0.00    0.00    2.02    0.00    0.00    0.00    0.00    0.00    0.00   97.98

03:04:50 AM  CPU    %usr   %nice    %sys %iowait    %irq   %soft  %steal  %guest  %gnice   %idle
03:04:51 AM  all    0.26    0.00    2.56    0.00    1.79   14.07    0.00    0.00    0.00   81.33
03:04:51 AM    0    0.00    0.00    0.00    0.00    3.00   55.00    0.00    0.00    0.00   42.00
03:04:51 AM    1    1.06    0.00    3.19    0.00    2.13    0.00    0.00    0.00    0.00   93.62
03:04:51 AM    2    0.00    0.00    7.22    0.00    2.06    0.00    0.00    0.00    0.00   90.72
03:04:51 AM    3    0.00    0.00    0.00    0.00    0.00    0.00    0.00    0.00    0.00  100.00

03:04:51 AM  CPU    %usr   %nice    %sys %iowait    %irq   %soft  %steal  %guest  %gnice   %idle
03:04:52 AM  all    1.01    0.00    3.04    0.00    2.03   13.92    0.00    0.00    0.00   80.00
03:04:52 AM    0    0.00    0.00    0.00    0.00    3.03   55.56    0.00    0.00    0.00   41.41
03:04:52 AM    1    1.01    0.00    3.03    0.00    1.01    0.00    0.00    0.00    0.00   94.95
03:04:52 AM    2    2.04    0.00    6.12    0.00    3.06    0.00    0.00    0.00    0.00   88.78
03:04:52 AM    3    1.01    0.00    3.03    0.00    1.01    0.00    0.00    0.00    0.00   94.95

03:04:52 AM  CPU    %usr   %nice    %sys %iowait    %irq   %soft  %steal  %guest  %gnice   %idle
03:04:53 AM  all    0.26    0.00    2.83    0.00    1.80   13.88    0.00    0.00    0.00   81.23
03:04:53 AM    0    0.00    0.00    0.00    0.00    2.04   55.10    0.00    0.00    0.00   42.86
03:04:53 AM    1    0.00    0.00    3.06    0.00    2.04    0.00    0.00    0.00    0.00   94.90
03:04:53 AM    2    1.05    0.00    5.26    0.00    2.11    0.00    0.00    0.00    0.00   91.58
03:04:53 AM    3    0.00    0.00    3.06    0.00    1.02    0.00    0.00    0.00    0.00   95.92

03:04:53 AM  CPU    %usr   %nice    %sys %iowait    %irq   %soft  %steal  %guest  %gnice   %idle
03:04:54 AM  all    1.74    0.00    3.98    0.00    1.99   13.68    0.00    0.00    0.00   78.61
03:04:54 AM    0    0.00    0.00    0.99    0.00    2.97   54.46    0.00    0.00    0.00   41.58
03:04:54 AM    1    0.99    0.00    4.95    0.00    0.99    0.00    0.00    0.00    0.00   93.07
03:04:54 AM    2    4.12    0.00    7.22    0.00    3.09    0.00    0.00    0.00    0.00   85.57
03:04:54 AM    3    1.94    0.00    2.91    0.00    0.97    0.00    0.00    0.00    0.00   94.17

03:04:54 AM  CPU    %usr   %nice    %sys %iowait    %irq   %soft  %steal  %guest  %gnice   %idle
03:04:55 AM  all    0.76    0.00    3.56    0.00    1.53   13.74    0.00    0.00    0.00   80.41
03:04:55 AM    0    0.00    0.00    0.00    0.00    2.04   55.10    0.00    0.00    0.00   42.86
03:04:55 AM    1    0.00    0.00    4.08    0.00    1.02    0.00    0.00    0.00    0.00   94.90
03:04:55 AM    2    3.09    0.00   10.31    0.00    3.09    0.00    0.00    0.00    0.00   83.51
03:04:55 AM    3    0.00    0.00    0.00    0.00    0.00    0.00    0.00    0.00    0.00  100.00

03:04:55 AM  CPU    %usr   %nice    %sys %iowait    %irq   %soft  %steal  %guest  %gnice   %idle
03:04:56 AM  all    0.75    0.00    3.77    0.00    2.01   13.82    0.00    0.00    0.00   79.65
03:04:56 AM    0    0.00    0.00    0.00    0.00    3.00   55.00    0.00    0.00    0.00   42.00
03:04:56 AM    1    1.01    0.00    6.06    0.00    2.02    0.00    0.00    0.00    0.00   90.91
03:04:56 AM    2    2.02    0.00    9.09    0.00    3.03    0.00    0.00    0.00    0.00   85.86
03:04:56 AM    3    0.00    0.00    0.00    0.00    0.00    0.00    0.00    0.00    0.00  100.00

03:04:56 AM  CPU    %usr   %nice    %sys %iowait    %irq   %soft  %steal  %guest  %gnice   %idle
03:04:57 AM  all    0.76    0.00    3.31    0.00    1.53   14.25    0.00    0.00    0.00   80.15
03:04:57 AM    0    0.00    0.00    0.00    0.00    2.04   56.12    0.00    0.00    0.00   41.84
03:04:57 AM    1    0.00    0.00    8.16    0.00    2.04    1.02    0.00    0.00    0.00   88.78
03:04:57 AM    2    3.09    0.00    5.15    0.00    2.06    0.00    0.00    0.00    0.00   89.69
03:04:57 AM    3    0.00    0.00    0.00    0.00    0.00    0.00    0.00    0.00    0.00  100.00

03:04:57 AM  CPU    %usr   %nice    %sys %iowait    %irq   %soft  %steal  %guest  %gnice   %idle
03:04:58 AM  all    1.02    0.00    3.05    0.00    2.04   13.74    0.00    0.00    0.00   80.15
03:04:58 AM    0    0.00    0.00    0.00    0.00    3.00   54.00    0.00    0.00    0.00   43.00
03:04:58 AM    1    1.01    0.00    1.01    0.00    1.01    0.00    0.00    0.00    0.00   96.97
03:04:58 AM    2    3.16    0.00   11.58    0.00    4.21    0.00    0.00    0.00    0.00   81.05
03:04:58 AM    3    0.00    0.00    0.00    0.00    0.00    0.00    0.00    0.00    0.00  100.00

03:04:58 AM  CPU    %usr   %nice    %sys %iowait    %irq   %soft  %steal  %guest  %gnice   %idle
03:04:59 AM  all    0.26    0.00    2.81    0.00    1.79   14.07    0.00    0.00    0.00   81.07
03:04:59 AM    0    0.00    0.00    0.00    0.00    3.00   55.00    0.00    0.00    0.00   42.00
03:04:59 AM    1    0.00    0.00    0.00    0.00    0.00    0.00    0.00    0.00    0.00  100.00
03:04:59 AM    2    1.10    0.00   12.09    0.00    4.40    0.00    0.00    0.00    0.00   82.42
03:04:59 AM    3    0.00    0.00    0.00    0.00    0.00    0.00    0.00    0.00    0.00  100.00

03:04:59 AM  CPU    %usr   %nice    %sys %iowait    %irq   %soft  %steal  %guest  %gnice   %idle
03:05:00 AM  all    1.01    0.00    3.54    0.00    1.77   13.92    0.00    0.00    0.00   79.75
03:05:00 AM    0    0.00    0.00    0.00    0.00    2.02   55.56    0.00    0.00    0.00   42.42
03:05:00 AM    1    1.01    0.00    3.03    0.00    1.01    0.00    0.00    0.00    0.00   94.95
03:05:00 AM    2    3.09    0.00   11.34    0.00    4.12    0.00    0.00    0.00    0.00   81.44
03:05:00 AM    3    0.00    0.00    0.00    0.00    0.00    0.00    0.00    0.00    0.00  100.00

03:05:00 AM  CPU    %usr   %nice    %sys %iowait    %irq   %soft  %steal  %guest  %gnice   %idle
03:05:01 AM  all    1.28    0.00    2.31    0.00    1.79   14.10    0.00    0.00    0.00   80.51
03:05:01 AM    0    0.00    0.00    0.00    0.00    3.06   55.10    0.00    0.00    0.00   41.84
03:05:01 AM    1    1.05    0.00    5.26    0.00    2.11    0.00    0.00    0.00    0.00   91.58
03:05:01 AM    2    4.12    0.00    4.12    0.00    2.06    1.03    0.00    0.00    0.00   88.66
03:05:01 AM    3    0.00    0.00    0.00    0.00    0.00    0.00    0.00    0.00    0.00  100.00

03:05:01 AM  CPU    %usr   %nice    %sys %iowait    %irq   %soft  %steal  %guest  %gnice   %idle
03:05:02 AM  all    0.76    0.00    3.05    0.00    1.52   13.96    0.00    0.00    0.00   80.71
03:05:02 AM    0    0.00    0.00    0.00    0.00    2.02   55.56    0.00    0.00    0.00   42.42
03:05:02 AM    1    2.04    0.00    6.12    0.00    2.04    0.00    0.00    0.00    0.00   89.80
03:05:02 AM    2    1.03    0.00    6.19    0.00    2.06    0.00    0.00    0.00    0.00   90.72
03:05:02 AM    3    0.00    0.00    0.00    0.00    0.00    0.00    0.00    0.00    0.00  100.00

03:05:02 AM  CPU    %usr   %nice    %sys %iowait    %irq   %soft  %steal  %guest  %gnice   %idle
03:05:03 AM  all    0.51    0.00    2.31    0.00    2.05   14.10    0.00    0.00    0.00   81.03
03:05:03 AM    0    0.00    0.00    1.00    0.00    3.00   55.00    0.00    0.00    0.00   41.00
03:05:03 AM    1    0.00    0.00    4.26    0.00    3.19    0.00    0.00    0.00    0.00   92.55
03:05:03 AM    2    2.08    0.00    4.17    0.00    2.08    0.00    0.00    0.00    0.00   91.67
03:05:03 AM    3    0.00    0.00    0.00    0.00    0.00    0.00    0.00    0.00    0.00  100.00

03:05:03 AM  CPU    %usr   %nice    %sys %iowait    %irq   %soft  %steal  %guest  %gnice   %idle
03:05:04 AM  all    0.77    0.00    2.58    0.00    1.55   14.18    0.00    0.00    0.00   80.93
03:05:04 AM    0    0.00    0.00    0.00    0.00    2.08   57.29    0.00    0.00    0.00   40.62
03:05:04 AM    1    2.11    0.00    4.21    0.00    2.11    0.00    0.00    0.00    0.00   91.58
03:05:04 AM    2    1.01    0.00    5.05    0.00    2.02    0.00    0.00    0.00    0.00   91.92
03:05:04 AM    3    0.00    0.00    1.02    0.00    0.00    0.00    0.00    0.00    0.00   98.98

03:05:04 AM  CPU    %usr   %nice    %sys %iowait    %irq   %soft  %steal  %guest  %gnice   %idle
03:05:05 AM  all    1.02    0.00    2.05    0.00    1.79   14.07    0.00    0.00    0.00   81.07
03:05:05 AM    0    0.00    0.00    0.00    0.00    3.00   55.00    0.00    0.00    0.00   42.00
03:05:05 AM    1    1.05    0.00    4.21    0.00    2.11    0.00    0.00    0.00    0.00   92.63
03:05:05 AM    2    3.12    0.00    4.17    0.00    2.08    0.00    0.00    0.00    0.00   90.62
03:05:05 AM    3    0.00    0.00    0.00    0.00    0.00    0.00    0.00    0.00    0.00  100.00

03:05:05 AM  CPU    %usr   %nice    %sys %iowait    %irq   %soft  %steal  %guest  %gnice   %idle
03:05:06 AM  all    0.50    0.00    4.02    0.00    2.26   13.82    0.00    0.00    0.00   79.40
03:05:06 AM    0    0.00    0.00    0.00    0.00    3.00   55.00    0.00    0.00    0.00   42.00
03:05:06 AM    1    1.03    0.00    6.19    0.00    3.09    0.00    0.00    0.00    0.00   89.69
03:05:06 AM    2    0.98    0.00    9.80    0.00    2.94    0.00    0.00    0.00    0.00   86.27
03:05:06 AM    3    0.00    0.00    0.00    0.00    0.00    0.00    0.00    0.00    0.00  100.00

03:05:06 AM  CPU    %usr   %nice    %sys %iowait    %irq   %soft  %steal  %guest  %gnice   %idle
03:05:07 AM  all    1.02    0.00    3.81    0.00    1.27   13.71    0.00    0.00    0.00   80.20
03:05:07 AM    0    0.00    0.00    0.00    0.00    2.02   54.55    0.00    0.00    0.00   43.43
03:05:07 AM    1    1.03    0.00    5.15    0.00    1.03    0.00    0.00    0.00    0.00   92.78
03:05:07 AM    2    2.06    0.00   10.31    0.00    2.06    0.00    0.00    0.00    0.00   85.57
03:05:07 AM    3    0.99    0.00    0.00    0.00    0.00    0.00    0.00    0.00    0.00   99.01

03:05:07 AM  CPU    %usr   %nice    %sys %iowait    %irq   %soft  %steal  %guest  %gnice   %idle
03:05:08 AM  all    0.00    0.00    2.31    0.00    2.31   13.88    0.00    0.00    0.00   81.49
03:05:08 AM    0    0.00    0.00    0.00    0.00    3.03   54.55    0.00    0.00    0.00   42.42
03:05:08 AM    1    0.00    0.00    2.04    0.00    2.04    0.00    0.00    0.00    0.00   95.92
03:05:08 AM    2    0.00    0.00    7.61    0.00    4.35    0.00    0.00    0.00    0.00   88.04
03:05:08 AM    3    0.00    0.00    0.00    0.00    0.00    0.00    0.00    0.00    0.00  100.00

03:05:08 AM  CPU    %usr   %nice    %sys %iowait    %irq   %soft  %steal  %guest  %gnice   %idle
03:05:09 AM  all    1.02    0.00    3.05    0.00    1.53   13.74    0.00    0.00    0.00   80.66
03:05:09 AM    0    0.00    0.00    0.00    0.00    2.02   54.55    0.00    0.00    0.00   43.43
03:05:09 AM    1    2.00    0.00    4.00    0.00    1.00    0.00    0.00    0.00    0.00   93.00
03:05:09 AM    2    2.13    0.00    8.51    0.00    3.19    0.00    0.00    0.00    0.00   86.17
03:05:09 AM    3    0.00    0.00    0.00    0.00    0.00    0.00    0.00    0.00    0.00  100.00

03:05:09 AM  CPU    %usr   %nice    %sys %iowait    %irq   %soft  %steal  %guest  %gnice   %idle
03:05:10 AM  all    1.28    0.00    2.81    0.00    1.79   14.07    0.00    0.00    0.00   80.05
03:05:10 AM    0    0.00    0.00    0.00    0.00    3.03   55.56    0.00    0.00    0.00   41.41
03:05:10 AM    1    1.02    0.00    3.06    0.00    1.02    0.00    0.00    0.00    0.00   94.90
03:05:10 AM    2    4.26    0.00    7.45    0.00    3.19    0.00    0.00    0.00    0.00   85.11
03:05:10 AM    3    0.00    0.00    1.00    0.00    0.00    0.00    0.00    0.00    0.00   99.00

03:05:10 AM  CPU    %usr   %nice    %sys %iowait    %irq   %soft  %steal  %guest  %gnice   %idle
03:05:11 AM  all    1.02    0.00    3.05    0.00    1.78   13.74    0.00    0.00    0.00   80.41
03:05:11 AM    0    0.00    0.00    0.00    0.00    2.04   55.10    0.00    0.00    0.00   42.86
03:05:11 AM    1    1.00    0.00    4.00    0.00    1.00    0.00    0.00    0.00    0.00   94.00
03:05:11 AM    2    3.16    0.00    8.42    0.00    4.21    0.00    0.00    0.00    0.00   84.21
03:05:11 AM    3    0.00    0.00    0.00    0.00    0.00    0.00    0.00    0.00    0.00  100.00

03:05:11 AM  CPU    %usr   %nice    %sys %iowait    %irq   %soft  %steal  %guest  %gnice   %idle
03:05:12 AM  all    0.51    0.00    2.31    0.00    1.80   14.14    0.00    0.00    0.00   81.23
03:05:12 AM    0    0.00    0.00    0.00    0.00    3.00   55.00    0.00    0.00    0.00   42.00
03:05:12 AM    1    0.00    0.00    1.05    0.00    1.05    0.00    0.00    0.00    0.00   97.89
03:05:12 AM    2    1.06    0.00    7.45    0.00    2.13    0.00    0.00    0.00    0.00   89.36
03:05:12 AM    3    1.00    0.00    1.00    0.00    1.00    0.00    0.00    0.00    0.00   97.00

03:05:12 AM  CPU    %usr   %nice    %sys %iowait    %irq   %soft  %steal  %guest  %gnice   %idle
03:05:13 AM  all    0.51    0.00    3.81    0.00    1.78   13.96    0.00    0.00    0.00   79.95
03:05:13 AM    0    1.01    0.00    0.00    0.00    2.02   55.56    0.00    0.00    0.00   41.41
03:05:13 AM    1    1.01    0.00    5.05    0.00    2.02    0.00    0.00    0.00    0.00   91.92
03:05:13 AM    2    0.00    0.00    8.00    0.00    2.00    0.00    0.00    0.00    0.00   90.00
03:05:13 AM    3    0.00    0.00    2.08    0.00    1.04    0.00    0.00    0.00    0.00   96.88

03:05:13 AM  CPU    %usr   %nice    %sys %iowait    %irq   %soft  %steal  %guest  %gnice   %idle
03:05:14 AM  all    1.01    0.00    3.04    0.00    1.77   13.92    0.00    0.00    0.00   80.25
03:05:14 AM    0    0.00    0.00    0.00    0.00    3.00   55.00    0.00    0.00    0.00   42.00
03:05:14 AM    1    1.04    0.00    5.21    0.00    2.08    0.00    0.00    0.00    0.00   91.67
03:05:14 AM    2    1.01    0.00    3.03    0.00    1.01    0.00    0.00    0.00    0.00   94.95
03:05:14 AM    3    2.00    0.00    4.00    0.00    1.00    0.00    0.00    0.00    0.00   93.00

03:05:14 AM  CPU    %usr   %nice    %sys %iowait    %irq   %soft  %steal  %guest  %gnice   %idle
03:05:15 AM  all    0.51    0.00    3.56    0.00    2.04   13.74    0.00    0.00    0.00   80.15
03:05:15 AM    0    0.00    0.00    0.00    0.00    3.06   55.10    0.00    0.00    0.00   41.84
03:05:15 AM    1    2.02    0.00    7.07    0.00    3.03    0.00    0.00    0.00    0.00   87.88
03:05:15 AM    2    0.00    0.00    2.08    0.00    1.04    0.00    0.00    0.00    0.00   96.88
03:05:15 AM    3    0.00    0.00    5.00    0.00    1.00    0.00    0.00    0.00    0.00   94.00

03:05:15 AM  CPU    %usr   %nice    %sys %iowait    %irq   %soft  %steal  %guest  %gnice   %idle
03:05:16 AM  all    1.00    0.00    4.01    0.00    1.75   13.78    0.00    0.00    0.00   79.45
03:05:16 AM    0    0.00    0.00    0.00    0.00    2.02   55.56    0.00    0.00    0.00   42.42
03:05:16 AM    1    2.02    0.00    8.08    0.00    2.02    0.00    0.00    0.00    0.00   87.88
03:05:16 AM    2    1.98    0.00    2.97    0.00    1.98    0.00    0.00    0.00    0.00   93.07
03:05:16 AM    3    0.00    0.00    5.00    0.00    1.00    0.00    0.00    0.00    0.00   94.00

03:05:16 AM  CPU    %usr   %nice    %sys %iowait    %irq   %soft  %steal  %guest  %gnice   %idle
03:05:17 AM  all    0.51    0.00    3.31    0.00    1.78   13.99    0.00    0.00    0.00   80.41
03:05:17 AM    0    0.00    0.00    0.00    0.00    3.00   55.00    0.00    0.00    0.00   42.00
03:05:17 AM    1    1.02    0.00    7.14    0.00    2.04    0.00    0.00    0.00    0.00   89.80
03:05:17 AM    2    0.00    0.00    2.08    0.00    1.04    0.00    0.00    0.00    0.00   96.88
03:05:17 AM    3    1.01    0.00    4.04    0.00    1.01    0.00    0.00    0.00    0.00   93.94

03:05:17 AM  CPU    %usr   %nice    %sys %iowait    %irq   %soft  %steal  %guest  %gnice   %idle
03:05:18 AM  all    0.77    0.00    2.30    0.00    2.05   13.81    0.00    0.00    0.00   81.07
03:05:18 AM    0    0.00    0.00    0.00    0.00    2.04   55.10    0.00    0.00    0.00   42.86
03:05:18 AM    1    2.08    0.00    4.17    0.00    3.12    0.00    0.00    0.00    0.00   90.62
03:05:18 AM    2    1.01    0.00    3.03    0.00    1.01    0.00    0.00    0.00    0.00   94.95
03:05:18 AM    3    0.00    0.00    2.04    0.00    2.04    0.00    0.00    0.00    0.00   95.92

03:05:18 AM  CPU    %usr   %nice    %sys %iowait    %irq   %soft  %steal  %guest  %gnice   %idle
03:05:19 AM  all    1.01    0.00    4.27    0.00    1.76   13.82    0.00    0.00    0.00   79.15
03:05:19 AM    0    0.00    0.00    0.00    0.00    3.00   55.00    0.00    0.00    0.00   42.00
03:05:19 AM    1    2.04    0.00    7.14    0.00    2.04    0.00    0.00    0.00    0.00   88.78
03:05:19 AM    2    1.01    0.00    4.04    0.00    1.01    0.00    0.00    0.00    0.00   93.94
03:05:19 AM    3    0.99    0.00    5.94    0.00    0.99    0.00    0.00    0.00    0.00   92.08

03:05:19 AM  CPU    %usr   %nice    %sys %iowait    %irq   %soft  %steal  %guest  %gnice   %idle
03:05:20 AM  all    0.51    0.00    3.33    0.00    1.54   13.85    0.00    0.00    0.00   80.77
03:05:20 AM    0    0.00    0.00    1.01    0.00    2.02   54.55    0.00    0.00    0.00   42.42
03:05:20 AM    1    2.11    0.00    9.47    0.00    3.16    0.00    0.00    0.00    0.00   85.26
03:05:20 AM    2    0.00    0.00    3.09    0.00    1.03    0.00    0.00    0.00    0.00   95.88
03:05:20 AM    3    0.00    0.00    0.00    0.00    0.00    0.00    0.00    0.00    0.00  100.00

03:05:20 AM  CPU    %usr   %nice    %sys %iowait    %irq   %soft  %steal  %guest  %gnice   %idle
03:05:21 AM  all    0.76    0.00    3.54    0.00    2.02   13.89    0.00    0.00    0.00   79.80
03:05:21 AM    0    0.00    0.00    0.00    0.00    3.00   55.00    0.00    0.00    0.00   42.00
03:05:21 AM    1    2.08    0.00    9.38    0.00    4.17    0.00    0.00    0.00    0.00   84.38
03:05:21 AM    2    1.00    0.00    5.00    0.00    1.00    0.00    0.00    0.00    0.00   93.00
03:05:21 AM    3    0.00    0.00    0.00    0.00    0.00    0.00    0.00    0.00    0.00  100.00

03:05:21 AM  CPU    %usr   %nice    %sys %iowait    %irq   %soft  %steal  %guest  %gnice   %idle
03:05:22 AM  all    0.76    0.00    3.05    0.00    2.03   13.96    0.00    0.00    0.00   80.20
03:05:22 AM    0    0.00    0.00    0.00    0.00    3.00   55.00    0.00    0.00    0.00   42.00
03:05:22 AM    1    3.16    0.00    7.37    0.00    3.16    0.00    0.00    0.00    0.00   86.32
03:05:22 AM    2    0.00    0.00    5.05    0.00    2.02    0.00    0.00    0.00    0.00   92.93
03:05:22 AM    3    0.00    0.00    0.00    0.00    0.00    0.00    0.00    0.00    0.00  100.00

03:05:22 AM  CPU    %usr   %nice    %sys %iowait    %irq   %soft  %steal  %guest  %gnice   %idle
03:05:23 AM  all    1.28    0.00    3.06    0.00    1.53   13.78    0.00    0.00    0.00   80.36
03:05:23 AM    0    0.00    0.00    0.00    0.00    2.04   55.10    0.00    0.00    0.00   42.86
03:05:23 AM    1    2.08    0.00    5.21    0.00    2.08    0.00    0.00    0.00    0.00   90.62
03:05:23 AM    2    2.04    0.00    7.14    0.00    2.04    0.00    0.00    0.00    0.00   88.78
03:05:23 AM    3    1.00    0.00    0.00    0.00    0.00    0.00    0.00    0.00    0.00   99.00

03:05:23 AM  CPU    %usr   %nice    %sys %iowait    %irq   %soft  %steal  %guest  %gnice   %idle
03:05:24 AM  all    0.25    0.00    4.30    0.00    1.77   13.92    0.00    0.00    0.00   79.75
03:05:24 AM    0    0.00    0.00    0.00    0.00    3.00   55.00    0.00    0.00    0.00   42.00
03:05:24 AM    1    1.01    0.00    9.09    0.00    2.02    0.00    0.00    0.00    0.00   87.88
03:05:24 AM    2    0.00    0.00    6.19    0.00    2.06    0.00    0.00    0.00    0.00   91.75
03:05:24 AM    3    0.00    0.00    2.02    0.00    0.00    0.00    0.00    0.00    0.00   97.98

03:05:24 AM  CPU    %usr   %nice    %sys %iowait    %irq   %soft  %steal  %guest  %gnice   %idle
03:05:25 AM  all    0.26    0.00    2.83    0.00    1.80   13.88    0.00    0.00    0.00   81.23
03:05:25 AM    0    0.00    0.00    0.00    0.00    2.04   55.10    0.00    0.00    0.00   42.86
03:05:25 AM    1    0.00    0.00    7.29    0.00    2.08    0.00    0.00    0.00    0.00   90.62
03:05:25 AM    2    0.00    0.00    2.08    0.00    1.04    0.00    0.00    0.00    0.00   96.88
03:05:25 AM    3    1.01    0.00    2.02    0.00    2.02    0.00    0.00    0.00    0.00   94.95

03:05:25 AM  CPU    %usr   %nice    %sys %iowait    %irq   %soft  %steal  %guest  %gnice   %idle
03:05:26 AM  all    0.50    0.00    4.28    0.00    2.02   14.11    0.00    0.00    0.00   79.09
03:05:26 AM    0    0.00    0.00    0.99    0.00    2.97   54.46    0.00    0.00    0.00   41.58
03:05:26 AM    1    1.02    0.00   10.20    0.00    3.06    0.00    0.00    0.00    0.00   85.71
03:05:26 AM    2    0.99    0.00    2.97    0.00    0.99    0.99    0.00    0.00    0.00   94.06
03:05:26 AM    3    0.00    0.00    3.09    0.00    1.03    0.00    0.00    0.00    0.00   95.88

03:05:26 AM  CPU    %usr   %nice    %sys %iowait    %irq   %soft  %steal  %guest  %gnice   %idle
03:05:27 AM  all    0.51    0.00    3.29    0.00    1.52   14.43    0.00    0.00    0.00   80.25
03:05:27 AM    0    0.00    0.00    0.00    0.00    2.02   55.56    0.00    0.00    0.00   42.42
03:05:27 AM    1    0.00    0.00    8.16    0.00    2.04    1.02    0.00    0.00    0.00   88.78
03:05:27 AM    2    1.02    0.00    2.04    0.00    1.02    0.00    0.00    0.00    0.00   95.92
03:05:27 AM    3    1.00    0.00    3.00    0.00    1.00    1.00    0.00    0.00    0.00   94.00

03:05:27 AM  CPU    %usr   %nice    %sys %iowait    %irq   %soft  %steal  %guest  %gnice   %idle
03:05:28 AM  all    0.77    0.00    2.06    0.00    2.06   13.88    0.00    0.00    0.00   81.23
03:05:28 AM    0    0.00    0.00    0.00    0.00    3.03   54.55    0.00    0.00    0.00   42.42
03:05:28 AM    1    3.12    0.00    2.08    0.00    3.12    0.00    0.00    0.00    0.00   91.67
03:05:28 AM    2    0.00    0.00    3.09    0.00    1.03    0.00    0.00    0.00    0.00   95.88
03:05:28 AM    3    0.00    0.00    3.09    0.00    1.03    0.00    0.00    0.00    0.00   95.88

03:05:28 AM  CPU    %usr   %nice    %sys %iowait    %irq   %soft  %steal  %guest  %gnice   %idle
03:05:29 AM  all    0.25    0.00    3.82    0.00    2.04   13.99    0.00    0.00    0.00   79.90
03:05:29 AM    0    0.00    0.00    0.00    0.00    3.03   55.56    0.00    0.00    0.00   41.41
03:05:29 AM    1    0.00    0.00    8.25    0.00    2.06    0.00    0.00    0.00    0.00   89.69
03:05:29 AM    2    1.00    0.00    4.00    0.00    2.00    0.00    0.00    0.00    0.00   93.00
03:05:29 AM    3    0.00    0.00    3.09    0.00    1.03    0.00    0.00    0.00    0.00   95.88

03:05:29 AM  CPU    %usr   %nice    %sys %iowait    %irq   %soft  %steal  %guest  %gnice   %idle
03:05:30 AM  all    0.51    0.00    3.57    0.00    1.53   13.78    0.00    0.00    0.00   80.61
03:05:30 AM    0    0.00    0.00    1.01    0.00    2.02   54.55    0.00    0.00    0.00   42.42
03:05:30 AM    1    1.02    0.00    6.12    0.00    2.04    0.00    0.00    0.00    0.00   90.82
03:05:30 AM    2    0.00    0.00    1.02    0.00    0.00    0.00    0.00    0.00    0.00   98.98
03:05:30 AM    3    1.03    0.00    6.19    0.00    2.06    0.00    0.00    0.00    0.00   90.72

03:05:30 AM  CPU    %usr   %nice    %sys %iowait    %irq   %soft  %steal  %guest  %gnice   %idle
03:05:31 AM  all    0.77    0.00    2.56    0.00    1.79   14.07    0.00    0.00    0.00   80.82
03:05:31 AM    0    0.00    0.00    0.00    0.00    3.00   55.00    0.00    0.00    0.00   42.00
03:05:31 AM    1    0.00    0.00    3.12    0.00    1.04    0.00    0.00    0.00    0.00   95.83
03:05:31 AM    2    0.99    0.00    0.00    0.00    0.00    0.00    0.00    0.00    0.00   99.01
03:05:31 AM    3    2.13    0.00    7.45    0.00    3.19    0.00    0.00    0.00    0.00   87.23

03:05:31 AM  CPU    %usr   %nice    %sys %iowait    %irq   %soft  %steal  %guest  %gnice   %idle
03:05:32 AM  all    1.02    0.00    3.06    0.00    1.79   14.03    0.00    0.00    0.00   80.10
03:05:32 AM    0    0.00    0.00    0.00    0.00    2.02   55.56    0.00    0.00    0.00   42.42
03:05:32 AM    1    1.06    0.00    5.32    0.00    3.19    0.00    0.00    0.00    0.00   90.43
03:05:32 AM    2    1.00    0.00    0.00    0.00    0.00    0.00    0.00    0.00    0.00   99.00
03:05:32 AM    3    2.02    0.00    7.07    0.00    2.02    0.00    0.00    0.00    0.00   88.89

03:05:32 AM  CPU    %usr   %nice    %sys %iowait    %irq   %soft  %steal  %guest  %gnice   %idle
03:05:33 AM  all    0.76    0.00    3.31    0.00    1.78   13.74    0.00    0.00    0.00   80.41
03:05:33 AM    0    0.00    0.00    0.00    0.00    3.03   54.55    0.00    0.00    0.00   42.42
03:05:33 AM    1    3.09    0.00   11.34    0.00    3.09    0.00    0.00    0.00    0.00   82.47
03:05:33 AM    2    0.00    0.00    0.00    0.00    0.00    0.00    0.00    0.00    0.00  100.00
03:05:33 AM    3    0.00    0.00    2.06    0.00    1.03    0.00    0.00    0.00    0.00   96.91

03:05:33 AM  CPU    %usr   %nice    %sys %iowait    %irq   %soft  %steal  %guest  %gnice   %idle
03:05:34 AM  all    1.01    0.00    3.53    0.00    2.02   13.85    0.00    0.00    0.00   79.60
03:05:34 AM    0    0.00    0.00    0.00    0.00    2.02   55.56    0.00    0.00    0.00   42.42
03:05:34 AM    1    3.09    0.00    9.28    0.00    4.12    0.00    0.00    0.00    0.00   83.51
03:05:34 AM    2    0.00    0.00    0.00    0.00    0.00    0.00    0.00    0.00    0.00  100.00
03:05:34 AM    3    0.99    0.00    4.95    0.00    1.98    0.00    0.00    0.00    0.00   92.08

03:05:34 AM  CPU    %usr   %nice    %sys %iowait    %irq   %soft  %steal  %guest  %gnice   %idle
03:05:35 AM  all    0.51    0.00    4.05    0.00    1.77   13.67    0.00    0.00    0.00   80.00
03:05:35 AM    0    0.00    0.00    0.00    0.00    3.03   54.55    0.00    0.00    0.00   42.42
03:05:35 AM    1    1.06    0.00   10.64    0.00    3.19    0.00    0.00    0.00    0.00   85.11
03:05:35 AM    2    0.00    0.00    0.00    0.00    0.00    0.00    0.00    0.00    0.00  100.00
03:05:35 AM    3    0.98    0.00    5.88    0.00    0.98    0.00    0.00    0.00    0.00   92.16

03:05:35 AM  CPU    %usr   %nice    %sys %iowait    %irq   %soft  %steal  %guest  %gnice   %idle
03:05:36 AM  all    1.28    0.00    2.56    0.00    1.79   14.10    0.00    0.00    0.00   80.26
03:05:36 AM    0    0.00    0.00    0.00    0.00    3.03   55.56    0.00    0.00    0.00   41.41
03:05:36 AM    1    4.21    0.00    6.32    0.00    3.16    0.00    0.00    0.00    0.00   86.32
03:05:36 AM    2    1.00    0.00    1.00    0.00    0.00    0.00    0.00    0.00    0.00   98.00
03:05:36 AM    3    0.00    0.00    3.12    0.00    1.04    0.00    0.00    0.00    0.00   95.83

03:05:36 AM  CPU    %usr   %nice    %sys %iowait    %irq   %soft  %steal  %guest  %gnice   %idle
03:05:37 AM  all    0.26    0.00    2.82    0.00    1.79   14.10    0.00    0.00    0.00   81.03
03:05:37 AM    0    0.00    0.00    0.00    0.00    2.02   55.56    0.00    0.00    0.00   42.42
03:05:37 AM    1    0.00    0.00    5.32    0.00    2.13    0.00    0.00    0.00    0.00   92.55
03:05:37 AM    2    1.03    0.00    6.19    0.00    3.09    0.00    0.00    0.00    0.00   89.69
03:05:37 AM    3    0.00    0.00    0.00    0.00    0.00    0.00    0.00    0.00    0.00  100.00

03:05:37 AM  CPU    %usr   %nice    %sys %iowait    %irq   %soft  %steal  %guest  %gnice   %idle
03:05:38 AM  all    0.76    0.00    2.80    0.00    2.04   13.74    0.00    0.00    0.00   80.66
03:05:38 AM    0    0.00    0.00    0.00    0.00    3.03   54.55    0.00    0.00    0.00   42.42
03:05:38 AM    1    1.02    0.00    6.12    0.00    3.06    0.00    0.00    0.00    0.00   89.80
03:05:38 AM    2    2.08    0.00    5.21    0.00    2.08    0.00    0.00    0.00    0.00   90.62
03:05:38 AM    3    0.00    0.00    0.00    0.00    0.00    0.00    0.00    0.00    0.00  100.00

03:05:38 AM  CPU    %usr   %nice    %sys %iowait    %irq   %soft  %steal  %guest  %gnice   %idle
03:05:39 AM  all    1.02    0.00    2.56    0.00    1.53   14.07    0.00    0.00    0.00   80.82
03:05:39 AM    0    0.00    0.00    0.00    0.00    2.02   55.56    0.00    0.00    0.00   42.42
03:05:39 AM    1    2.06    0.00    6.19    0.00    2.06    0.00    0.00    0.00    0.00   89.69
03:05:39 AM    2    2.11    0.00    4.21    0.00    2.11    0.00    0.00    0.00    0.00   91.58
03:05:39 AM    3    0.00    0.00    0.00    0.00    0.00    0.00    0.00    0.00    0.00  100.00

03:05:39 AM  CPU    %usr   %nice    %sys %iowait    %irq   %soft  %steal  %guest  %gnice   %idle
03:05:40 AM  all    0.76    0.00    3.30    0.00    1.78   13.96    0.00    0.00    0.00   80.20
03:05:40 AM    0    0.00    0.00    0.00    0.00    3.00   55.00    0.00    0.00    0.00   42.00
03:05:40 AM    1    1.03    0.00    7.22    0.00    2.06    0.00    0.00    0.00    0.00   89.69
03:05:40 AM    2    2.06    0.00    6.19    0.00    2.06    0.00    0.00    0.00    0.00   89.69
03:05:40 AM    3    0.00    0.00    0.00    0.00    0.00    0.00    0.00    0.00    0.00  100.00

03:05:40 AM  CPU    %usr   %nice    %sys %iowait    %irq   %soft  %steal  %guest  %gnice   %idle
03:05:41 AM  all    0.51    0.00    3.83    0.00    1.79   13.78    0.00    0.00    0.00   80.10
03:05:41 AM    0    0.00    0.00    1.03    0.00    2.06   55.67    0.00    0.00    0.00   41.24
03:05:41 AM    1    0.99    0.00    4.95    0.00    1.98    0.00    0.00    0.00    0.00   92.08
03:05:41 AM    2    1.08    0.00    6.45    0.00    3.23    0.00    0.00    0.00    0.00   89.25
03:05:41 AM    3    0.00    0.00    2.97    0.00    0.00    0.00    0.00    0.00    0.00   97.03

03:05:41 AM  CPU    %usr   %nice    %sys %iowait    %irq   %soft  %steal  %guest  %gnice   %idle
03:05:42 AM  all    0.77    0.00    2.55    0.00    2.04   14.03    0.00    0.00    0.00   80.61
03:05:42 AM    0    0.99    0.00    0.00    0.00    2.97   54.46    0.00    0.00    0.00   41.58
03:05:42 AM    1    1.04    0.00    1.04    0.00    1.04    0.00    0.00    0.00    0.00   96.88
03:05:42 AM    2    1.05    0.00    9.47    0.00    4.21    0.00    0.00    0.00    0.00   85.26
03:05:42 AM    3    0.00    0.00    0.00    0.00    0.00    0.00    0.00    0.00    0.00  100.00

03:05:42 AM  CPU    %usr   %nice    %sys %iowait    %irq   %soft  %steal  %guest  %gnice   %idle
03:05:43 AM  all    0.26    0.00    3.33    0.00    1.54   14.10    0.00    0.00    0.00   80.77
03:05:43 AM    0    0.00    0.00    0.00    0.00    2.04   56.12    0.00    0.00    0.00   41.84
03:05:43 AM    1    0.00    0.00    6.25    0.00    2.08    0.00    0.00    0.00    0.00   91.67
03:05:43 AM    2    1.04    0.00    7.29    0.00    2.08    0.00    0.00    0.00    0.00   89.58
03:05:43 AM    3    0.00    0.00    0.00    0.00    0.00    0.00    0.00    0.00    0.00  100.00

03:05:43 AM  CPU    %usr   %nice    %sys %iowait    %irq   %soft  %steal  %guest  %gnice   %idle
03:05:44 AM  all    0.00    0.00    2.84    0.00    1.80   13.92    0.00    0.00    0.00   81.44
03:05:44 AM    0    0.00    0.00    0.00    0.00    3.03   54.55    0.00    0.00    0.00   42.42
03:05:44 AM    1    0.00    0.00    5.32    0.00    2.13    0.00    0.00    0.00    0.00   92.55
03:05:44 AM    2    0.00    0.00    6.32    0.00    2.11    0.00    0.00    0.00    0.00   91.58
03:05:44 AM    3    0.00    0.00    0.00    0.00    0.00    0.00    0.00    0.00    0.00  100.00

03:05:44 AM  CPU    %usr   %nice    %sys %iowait    %irq   %soft  %steal  %guest  %gnice   %idle
03:05:45 AM  all    0.77    0.00    2.56    0.00    1.79   14.07    0.00    0.00    0.00   80.82
03:05:45 AM    0    0.00    0.00    0.00    0.00    3.03   55.56    0.00    0.00    0.00   41.41
03:05:45 AM    1    1.01    0.00    4.04    0.00    1.01    0.00    0.00    0.00    0.00   93.94
03:05:45 AM    2    2.15    0.00    6.45    0.00    3.23    0.00    0.00    0.00    0.00   88.17
03:05:45 AM    3    0.00    0.00    0.00    0.00    0.00    0.00    0.00    0.00    0.00  100.00

03:05:45 AM  CPU    %usr   %nice    %sys %iowait    %irq   %soft  %steal  %guest  %gnice   %idle
03:05:46 AM  all    0.50    0.00    4.52    0.00    1.76   13.82    0.00    0.00    0.00   79.40
03:05:46 AM    0    0.00    0.00    0.00    0.00    2.02   55.56    0.00    0.00    0.00   42.42
03:05:46 AM    1    0.00    0.00    4.04    0.00    1.01    0.00    0.00    0.00    0.00   94.95
03:05:46 AM    2    2.00    0.00   14.00    0.00    4.00    0.00    0.00    0.00    0.00   80.00
03:05:46 AM    3    0.00    0.00    0.00    0.00    0.00    0.00    0.00    0.00    0.00  100.00

03:05:46 AM  CPU    %usr   %nice    %sys %iowait    %irq   %soft  %steal  %guest  %gnice   %idle
03:05:47 AM  all    0.76    0.00    4.03    0.00    2.02   13.60    0.00    0.00    0.00   79.60
03:05:47 AM    0    0.00    0.00    0.00    0.00    3.03   54.55    0.00    0.00    0.00   42.42
03:05:47 AM    1    0.00    0.00    5.00    0.00    2.00    0.00    0.00    0.00    0.00   93.00
03:05:47 AM    2    3.06    0.00   11.22    0.00    3.06    0.00    0.00    0.00    0.00   82.65
03:05:47 AM    3    0.00    0.00    0.00    0.00    0.00    0.00    0.00    0.00    0.00  100.00

03:05:47 AM  CPU    %usr   %nice    %sys %iowait    %irq   %soft  %steal  %guest  %gnice   %idle
03:05:48 AM  all    0.77    0.00    2.83    0.00    1.54   14.14    0.00    0.00    0.00   80.72
03:05:48 AM    0    0.00    0.00    1.00    0.00    2.00   55.00    0.00    0.00    0.00   42.00
03:05:48 AM    1    0.00    0.00    2.11    0.00    1.05    0.00    0.00    0.00    0.00   96.84
03:05:48 AM    2    2.13    0.00    8.51    0.00    3.19    0.00    0.00    0.00    0.00   86.17
03:05:48 AM    3    1.00    0.00    0.00    0.00    0.00    0.00    0.00    0.00    0.00   99.00

03:05:48 AM  CPU    %usr   %nice    %sys %iowait    %irq   %soft  %steal  %guest  %gnice   %idle
03:05:49 AM  all    0.51    0.00    3.80    0.00    1.77   13.92    0.00    0.00    0.00   80.00
03:05:49 AM    0    0.00    0.00    0.00    0.00    3.00   55.00    0.00    0.00    0.00   42.00
03:05:49 AM    1    1.03    0.00    7.22    0.00    2.06    0.00    0.00    0.00    0.00   89.69
03:05:49 AM    2    1.02    0.00    8.16    0.00    2.04    0.00    0.00    0.00    0.00   88.78
03:05:49 AM    3    0.00    0.00    0.00    0.00    0.00    0.00    0.00    0.00    0.00  100.00

03:05:49 AM  CPU    %usr   %nice    %sys %iowait    %irq   %soft  %steal  %guest  %gnice   %idle
03:05:50 AM  all    0.26    0.00    3.06    0.00    2.04   13.78    0.00    0.00    0.00   80.87
03:05:50 AM    0    0.00    0.00    0.00    0.00    2.04   55.10    0.00    0.00    0.00   42.86
03:05:50 AM    1    1.02    0.00    6.12    0.00    3.06    0.00    0.00    0.00    0.00   89.80
03:05:50 AM    2    0.00    0.00    6.25    0.00    3.12    0.00    0.00    0.00    0.00   90.62
03:05:50 AM    3    0.00    0.00    0.00    0.00    0.00    0.00    0.00    0.00    0.00  100.00

03:05:50 AM  CPU    %usr   %nice    %sys %iowait    %irq   %soft  %steal  %guest  %gnice   %idle
03:05:51 AM  all    1.02    0.00    3.05    0.00    1.78   13.96    0.00    0.00    0.00   80.20
03:05:51 AM    0    0.00    0.00    0.00    0.00    3.00   55.00    0.00    0.00    0.00   42.00
03:05:51 AM    1    1.03    0.00    7.22    0.00    2.06    0.00    0.00    0.00    0.00   89.69
03:05:51 AM    2    3.09    0.00    5.15    0.00    2.06    0.00    0.00    0.00    0.00   89.69
03:05:51 AM    3    0.00    0.00    0.00    0.00    0.00    0.00    0.00    0.00    0.00  100.00

03:05:51 AM  CPU    %usr   %nice    %sys %iowait    %irq   %soft  %steal  %guest  %gnice   %idle
03:05:52 AM  all    0.76    0.00    3.05    0.00    1.78   13.99    0.00    0.00    0.00   80.41
03:05:52 AM    0    0.00    0.00    0.00    0.00    3.03   55.56    0.00    0.00    0.00   41.41
03:05:52 AM    1    1.03    0.00    7.22    0.00    2.06    0.00    0.00    0.00    0.00   89.69
03:05:52 AM    2    2.06    0.00    5.15    0.00    2.06    0.00    0.00    0.00    0.00   90.72
03:05:52 AM    3    0.00    0.00    0.00    0.00    0.00    0.00    0.00    0.00    0.00  100.00

03:05:52 AM  CPU    %usr   %nice    %sys %iowait    %irq   %soft  %steal  %guest  %gnice   %idle
03:05:53 AM  all    0.77    0.00    2.81    0.00    1.79   13.78    0.00    0.00    0.00   80.87
03:05:53 AM    0    0.00    0.00    0.00    0.00    2.06   55.67    0.00    0.00    0.00   42.27
03:05:53 AM    1    1.04    0.00    5.21    0.00    3.12    0.00    0.00    0.00    0.00   90.62
03:05:53 AM    2    1.01    0.00    3.03    0.00    1.01    0.00    0.00    0.00    0.00   94.95
03:05:53 AM    3    1.00    0.00    3.00    0.00    1.00    0.00    0.00    0.00    0.00   95.00

03:05:53 AM  CPU    %usr   %nice    %sys %iowait    %irq   %soft  %steal  %guest  %gnice   %idle
03:05:54 AM  all    0.51    0.00    3.29    0.00    1.77   14.18    0.00    0.00    0.00   80.25
03:05:54 AM    0    0.00    0.00    1.00    0.00    3.00   56.00    0.00    0.00    0.00   40.00
03:05:54 AM    1    1.01    0.00    8.08    0.00    2.02    0.00    0.00    0.00    0.00   88.89
03:05:54 AM    2    1.04    0.00    4.17    0.00    2.08    0.00    0.00    0.00    0.00   92.71
03:05:54 AM    3    0.00    0.00    0.00    0.00    0.00    0.00    0.00    0.00    0.00  100.00

03:05:54 AM  CPU    %usr   %nice    %sys %iowait    %irq   %soft  %steal  %guest  %gnice   %idle
03:05:55 AM  all    1.02    0.00    3.07    0.00    1.53   13.81    0.00    0.00    0.00   80.56
03:05:55 AM    0    0.00    0.00    0.00    0.00    2.06   55.67    0.00    0.00    0.00   42.27
03:05:55 AM    1    1.04    0.00    2.08    0.00    1.04    0.00    0.00    0.00    0.00   95.83
03:05:55 AM    2    3.06    0.00   10.20    0.00    3.06    0.00    0.00    0.00    0.00   83.67
03:05:55 AM    3    0.00    0.00    0.00    0.00    0.00    0.00    0.00    0.00    0.00  100.00

03:05:55 AM  CPU    %usr   %nice    %sys %iowait    %irq   %soft  %steal  %guest  %gnice   %idle
03:05:56 AM  all    0.76    0.00    2.80    0.00    2.04   13.99    0.00    0.00    0.00   80.41
03:05:56 AM    0    0.00    0.00    0.00    0.00    3.03   55.56    0.00    0.00    0.00   41.41
03:05:56 AM    1    1.02    0.00    4.08    0.00    2.04    0.00    0.00    0.00    0.00   92.86
03:05:56 AM    2    2.08    0.00    7.29    0.00    3.12    0.00    0.00    0.00    0.00   87.50
03:05:56 AM    3    0.00    0.00    0.00    0.00    0.00    0.00    0.00    0.00    0.00  100.00

03:05:56 AM  CPU    %usr   %nice    %sys %iowait    %irq   %soft  %steal  %guest  %gnice   %idle
03:05:57 AM  all    0.51    0.00    3.56    0.00    1.78   13.99    0.00    0.00    0.00   80.15
03:05:57 AM    0    0.00    0.00    0.00    0.00    3.03   55.56    0.00    0.00    0.00   41.41
03:05:57 AM    1    0.00    0.00    3.03    0.00    1.01    0.00    0.00    0.00    0.00   95.96
03:05:57 AM    2    2.08    0.00   11.46    0.00    3.12    0.00    0.00    0.00    0.00   83.33
03:05:57 AM    3    0.00    0.00    0.00    0.00    0.00    0.00    0.00    0.00    0.00  100.00

03:05:57 AM  CPU    %usr   %nice    %sys %iowait    %irq   %soft  %steal  %guest  %gnice   %idle
03:05:58 AM  all    1.01    0.00    4.27    0.00    1.76   13.82    0.00    0.00    0.00   79.15
03:05:58 AM    0    0.00    0.00    1.01    0.00    2.02   55.56    0.00    0.00    0.00   41.41
03:05:58 AM    1    1.00    0.00    0.00    0.00    0.00    0.00    0.00    0.00    0.00   99.00
03:05:58 AM    2    2.02    0.00    9.09    0.00    3.03    0.00    0.00    0.00    0.00   85.86
03:05:58 AM    3    1.00    0.00    7.00    0.00    2.00    0.00    0.00    0.00    0.00   90.00

03:05:58 AM  CPU    %usr   %nice    %sys %iowait    %irq   %soft  %steal  %guest  %gnice   %idle
03:05:59 AM  all    1.26    0.00    3.27    0.00    1.76   13.85    0.00    0.00    0.00   79.85
03:05:59 AM    0    0.00    0.00    0.00    0.00    2.97   54.46    0.00    0.00    0.00   42.57
03:05:59 AM    1    0.00    0.00    0.00    0.00    0.00    0.00    0.00    0.00    0.00  100.00
03:05:59 AM    2    3.09    0.00    5.15    0.00    2.06    0.00    0.00    0.00    0.00   89.69
03:05:59 AM    3    2.02    0.00    8.08    0.00    2.02    0.00    0.00    0.00    0.00   87.88

03:05:59 AM  CPU    %usr   %nice    %sys %iowait    %irq   %soft  %steal  %guest  %gnice   %idle
03:06:00 AM  all    0.77    0.00    2.81    0.00    1.79   13.81    0.00    0.00    0.00   80.82
03:06:00 AM    0    0.00    0.00    0.00    0.00    2.04   55.10    0.00    0.00    0.00   42.86
03:06:00 AM    1    0.00    0.00    0.00    0.00    0.00    0.00    0.00    0.00    0.00  100.00
03:06:00 AM    2    1.03    0.00    6.19    0.00    3.09    0.00    0.00    0.00    0.00   89.69
03:06:00 AM    3    2.08    0.00    5.21    0.00    2.08    0.00    0.00    0.00    0.00   90.62

03:06:00 AM  CPU    %usr   %nice    %sys %iowait    %irq   %soft  %steal  %guest  %gnice   %idle
03:06:01 AM  all    0.26    0.00    3.32    0.00    1.79   14.29    0.00    0.00    0.00   80.36
03:06:01 AM    0    0.00    0.00    0.00    0.00    3.03   55.56    0.00    0.00    0.00   41.41
03:06:01 AM    1    0.00    0.00    1.00    0.00    0.00    1.00    0.00    0.00    0.00   98.00
03:06:01 AM    2    0.00    0.00    5.26    0.00    1.05    0.00    0.00    0.00    0.00   93.68
03:06:01 AM    3    1.02    0.00    7.14    0.00    3.06    0.00    0.00    0.00    0.00   88.78

03:06:01 AM  CPU    %usr   %nice    %sys %iowait    %irq   %soft  %steal  %guest  %gnice   %idle
03:06:02 AM  all    0.25    0.00    3.05    0.00    1.78   13.99    0.00    0.00    0.00   80.92
03:06:02 AM    0    0.00    0.00    0.00    0.00    2.02   55.56    0.00    0.00    0.00   42.42
03:06:02 AM    1    0.00    0.00    0.00    0.00    1.05    0.00    0.00    0.00    0.00   98.95
03:06:02 AM    2    0.00    0.00    4.95    0.00    1.98    0.00    0.00    0.00    0.00   93.07
03:06:02 AM    3    1.02    0.00    7.14    0.00    2.04    0.00    0.00    0.00    0.00   89.80

03:06:02 AM  CPU    %usr   %nice    %sys %iowait    %irq   %soft  %steal  %guest  %gnice   %idle
03:06:03 AM  all    0.51    0.00    3.55    0.00    1.78   13.96    0.00    0.00    0.00   80.20
03:06:03 AM    0    0.00    0.00    0.00    0.00    3.06   55.10    0.00    0.00    0.00   41.84
03:06:03 AM    1    0.00    0.00    0.00    0.00    0.00    0.00    0.00    0.00    0.00  100.00
03:06:03 AM    2    1.03    0.00    5.15    0.00    2.06    1.03    0.00    0.00    0.00   90.72
03:06:03 AM    3    1.01    0.00    9.09    0.00    2.02    0.00    0.00    0.00    0.00   87.88

03:06:03 AM  CPU    %usr   %nice    %sys %iowait    %irq   %soft  %steal  %guest  %gnice   %idle
03:06:04 AM  all    0.51    0.00    2.56    0.00    2.05   14.07    0.00    0.00    0.00   80.82
03:06:04 AM    0    0.00    0.00    0.00    0.00    3.00   55.00    0.00    0.00    0.00   42.00
03:06:04 AM    1    0.00    0.00    0.00    0.00    0.00    0.00    0.00    0.00    0.00  100.00
03:06:04 AM    2    1.04    0.00    6.25    0.00    2.08    0.00    0.00    0.00    0.00   90.62
03:06:04 AM    3    1.05    0.00    4.21    0.00    3.16    0.00    0.00    0.00    0.00   91.58

03:06:04 AM  CPU    %usr   %nice    %sys %iowait    %irq   %soft  %steal  %guest  %gnice   %idle
03:06:05 AM  all    0.51    0.00    3.56    0.00    1.53   13.99    0.00    0.00    0.00   80.41
03:06:05 AM    0    0.00    0.00    1.01    0.00    2.02   55.56    0.00    0.00    0.00   41.41
03:06:05 AM    1    0.00    0.00    4.00    0.00    1.00    0.00    0.00    0.00    0.00   95.00
03:06:05 AM    2    0.00    0.00    2.11    0.00    1.05    0.00    0.00    0.00    0.00   96.84
03:06:05 AM    3    2.02    0.00    7.07    0.00    2.02    0.00    0.00    0.00    0.00   88.89

03:06:05 AM  CPU    %usr   %nice    %sys %iowait    %irq   %soft  %steal  %guest  %gnice   %idle
03:06:06 AM  all    0.51    0.00    3.29    0.00    2.03   13.92    0.00    0.00    0.00   80.25
03:06:06 AM    0    0.00    0.00    0.00    0.00    3.06   56.12    0.00    0.00    0.00   40.82
03:06:06 AM    1    0.98    0.00    3.92    0.00    0.98    0.00    0.00    0.00    0.00   94.12
03:06:06 AM    2    0.00    0.00    2.04    0.00    2.04    0.00    0.00    0.00    0.00   95.92
03:06:06 AM    3    1.03    0.00    7.22    0.00    2.06    0.00    0.00    0.00    0.00   89.69

03:06:06 AM  CPU    %usr   %nice    %sys %iowait    %irq   %soft  %steal  %guest  %gnice   %idle
03:06:07 AM  all    0.51    0.00    3.33    0.00    1.54   14.10    0.00    0.00    0.00   80.51
03:06:07 AM    0    0.00    0.00    0.00    0.00    2.02   55.56    0.00    0.00    0.00   42.42
03:06:07 AM    1    1.01    0.00    4.04    0.00    1.01    0.00    0.00    0.00    0.00   93.94
03:06:07 AM    2    0.00    0.00    3.09    0.00    1.03    0.00    0.00    0.00    0.00   95.88
03:06:07 AM    3    1.05    0.00    6.32    0.00    2.11    0.00    0.00    0.00    0.00   90.53

03:06:07 AM  CPU    %usr   %nice    %sys %iowait    %irq   %soft  %steal  %guest  %gnice   %idle
03:06:08 AM  all    0.77    0.00    2.81    0.00    2.04   13.78    0.00    0.00    0.00   80.61
03:06:08 AM    0    0.00    0.00    0.00    0.00    3.03   54.55    0.00    0.00    0.00   42.42
03:06:08 AM    1    0.00    0.00    2.06    0.00    1.03    0.00    0.00    0.00    0.00   96.91
03:06:08 AM    2    1.02    0.00    3.06    0.00    1.02    0.00    0.00    0.00    0.00   94.90
03:06:08 AM    3    2.04    0.00    6.12    0.00    3.06    0.00    0.00    0.00    0.00   88.78

03:06:08 AM  CPU    %usr   %nice    %sys %iowait    %irq   %soft  %steal  %guest  %gnice   %idle
03:06:09 AM  all    0.51    0.00    3.30    0.00    1.78   13.96    0.00    0.00    0.00   80.46
03:06:09 AM    0    0.00    0.00    0.00    0.00    2.02   55.56    0.00    0.00    0.00   42.42
03:06:09 AM    1    0.00    0.00    3.06    0.00    2.04    0.00    0.00    0.00    0.00   94.90
03:06:09 AM    2    1.00    0.00    4.00    0.00    1.00    0.00    0.00    0.00    0.00   94.00
03:06:09 AM    3    1.03    0.00    6.19    0.00    2.06    0.00    0.00    0.00    0.00   90.72

03:06:09 AM  CPU    %usr   %nice    %sys %iowait    %irq   %soft  %steal  %guest  %gnice   %idle
03:06:10 AM  all    0.76    0.00    3.05    0.00    1.78   13.99    0.00    0.00    0.00   80.41
03:06:10 AM    0    0.00    0.00    0.00    0.00    3.00   55.00    0.00    0.00    0.00   42.00
03:06:10 AM    1    1.01    0.00    3.03    0.00    1.01    0.00    0.00    0.00    0.00   94.95
03:06:10 AM    2    1.02    0.00    3.06    0.00    1.02    0.00    0.00    0.00    0.00   94.90
03:06:10 AM    3    1.04    0.00    6.25    0.00    2.08    0.00    0.00    0.00    0.00   90.62

03:06:10 AM  CPU    %usr   %nice    %sys %iowait    %irq   %soft  %steal  %guest  %gnice   %idle
03:06:11 AM  all    0.77    0.00    3.07    0.00    1.79   14.07    0.00    0.00    0.00   80.31
03:06:11 AM    0    0.00    0.00    0.00    0.00    3.03   55.56    0.00    0.00    0.00   41.41
03:06:11 AM    1    0.00    0.00    3.09    0.00    1.03    0.00    0.00    0.00    0.00   95.88
03:06:11 AM    2    1.02    0.00    3.06    0.00    1.02    0.00    0.00    0.00    0.00   94.90
03:06:11 AM    3    2.06    0.00    6.19    0.00    2.06    0.00    0.00    0.00    0.00   89.69

03:06:11 AM  CPU    %usr   %nice    %sys %iowait    %irq   %soft  %steal  %guest  %gnice   %idle
03:06:12 AM  all    0.77    0.00    2.81    0.00    2.04   13.78    0.00    0.00    0.00   80.61
03:06:12 AM    0    0.00    0.00    0.00    0.00    2.04   55.10    0.00    0.00    0.00   42.86
03:06:12 AM    1    1.02    0.00    2.04    0.00    1.02    0.00    0.00    0.00    0.00   95.92
03:06:12 AM    2    1.01    0.00    3.03    0.00    2.02    0.00    0.00    0.00    0.00   93.94
03:06:12 AM    3    1.03    0.00    6.19    0.00    3.09    0.00    0.00    0.00    0.00   89.69

03:06:12 AM  CPU    %usr   %nice    %sys %iowait    %irq   %soft  %steal  %guest  %gnice   %idle
03:06:13 AM  all    1.02    0.00    3.05    0.00    1.78   13.99    0.00    0.00    0.00   80.15
03:06:13 AM    0    0.00    0.00    0.99    0.00    2.97   54.46    0.00    0.00    0.00   41.58
03:06:13 AM    1    0.00    0.00    2.08    0.00    1.04    0.00    0.00    0.00    0.00   96.88
03:06:13 AM    2    3.03    0.00    7.07    0.00    2.02    0.00    0.00    0.00    0.00   87.88
03:06:13 AM    3    1.03    0.00    2.06    0.00    1.03    0.00    0.00    0.00    0.00   95.88

03:06:13 AM  CPU    %usr   %nice    %sys %iowait    %irq   %soft  %steal  %guest  %gnice   %idle
03:06:14 AM  all    0.51    0.00    4.04    0.00    1.52   13.89    0.00    0.00    0.00   80.05
03:06:14 AM    0    0.00    0.00    0.00    0.00    2.02   55.56    0.00    0.00    0.00   42.42
03:06:14 AM    1    0.00    0.00    3.06    0.00    1.02    0.00    0.00    0.00    0.00   95.92
03:06:14 AM    2    1.02    0.00    8.16    0.00    2.04    0.00    0.00    0.00    0.00   88.78
03:06:14 AM    3    0.99    0.00    4.95    0.00    0.99    0.00    0.00    0.00    0.00   93.07

03:06:14 AM  CPU    %usr   %nice    %sys %iowait    %irq   %soft  %steal  %guest  %gnice   %idle
03:06:15 AM  all    0.76    0.00    3.54    0.00    2.03   13.92    0.00    0.00    0.00   79.75
03:06:15 AM    0    0.00    0.00    0.00    0.00    3.03   54.55    0.00    0.00    0.00   42.42
03:06:15 AM    1    0.00    0.00    3.06    0.00    2.04    0.00    0.00    0.00    0.00   94.90
03:06:15 AM    2    3.00    0.00    8.00    0.00    2.00    0.00    0.00    0.00    0.00   87.00
03:06:15 AM    3    0.00    0.00    3.06    0.00    1.02    1.02    0.00    0.00    0.00   94.90

03:06:15 AM  CPU    %usr   %nice    %sys %iowait    %irq   %soft  %steal  %guest  %gnice   %idle
03:06:16 AM  all    0.51    0.00    3.32    0.00    2.04   14.03    0.00    0.00    0.00   80.10
03:06:16 AM    0    0.00    0.00    0.00    0.00    3.00   55.00    0.00    0.00    0.00   42.00
03:06:16 AM    1    1.02    0.00    3.06    0.00    1.02    0.00    0.00    0.00    0.00   94.90
03:06:16 AM    2    1.04    0.00    6.25    0.00    3.12    0.00    0.00    0.00    0.00   89.58
03:06:16 AM    3    0.00    0.00    4.08    0.00    1.02    0.00    0.00    0.00    0.00   94.90

03:06:16 AM  CPU    %usr   %nice    %sys %iowait    %irq   %soft  %steal  %guest  %gnice   %idle
03:06:17 AM  all    0.76    0.00    3.56    0.00    1.53   13.74    0.00    0.00    0.00   80.41
03:06:17 AM    0    0.00    0.00    0.00    0.00    2.04   55.10    0.00    0.00    0.00   42.86
03:06:17 AM    1    0.00    0.00    5.94    0.00    0.99    0.00    0.00    0.00    0.00   93.07
03:06:17 AM    2    1.03    0.00    7.22    0.00    2.06    0.00    0.00    0.00    0.00   89.69
03:06:17 AM    3    2.06    0.00    1.03    0.00    1.03    0.00    0.00    0.00    0.00   95.88

03:06:17 AM  CPU    %usr   %nice    %sys %iowait    %irq   %soft  %steal  %guest  %gnice   %idle
03:06:18 AM  all    0.50    0.00    4.26    0.00    2.01   13.78    0.00    0.00    0.00   79.45
03:06:18 AM    0    0.00    0.00    0.00    0.00    3.00   55.00    0.00    0.00    0.00   42.00
03:06:18 AM    1    1.01    0.00    4.04    0.00    1.01    0.00    0.00    0.00    0.00   93.94
03:06:18 AM    2    1.00    0.00    9.00    0.00    2.00    0.00    0.00    0.00    0.00   88.00
03:06:18 AM    3    0.00    0.00    4.00    0.00    2.00    0.00    0.00    0.00    0.00   94.00

03:06:18 AM  CPU    %usr   %nice    %sys %iowait    %irq   %soft  %steal  %guest  %gnice   %idle
03:06:19 AM  all    0.52    0.00    1.30    0.26    1.56   14.32    0.00    0.00    0.00   82.03
03:06:19 AM    0    0.00    0.00    0.00    0.00    2.02   55.56    0.00    0.00    0.00   42.42
03:06:19 AM    1    1.03    0.00    1.03    0.00    1.03    0.00    0.00    0.00    0.00   96.91
03:06:19 AM    2    1.08    0.00    3.23    1.08    2.15    0.00    0.00    0.00    0.00   92.47
03:06:19 AM    3    0.00    0.00    1.05    0.00    1.05    0.00    0.00    0.00    0.00   97.89

03:06:19 AM  CPU    %usr   %nice    %sys %iowait    %irq   %soft  %steal  %guest  %gnice   %idle
03:06:20 AM  all    0.76    0.00    3.29    0.00    2.28   13.92    0.00    0.00    0.00   79.75
03:06:20 AM    0    0.00    0.00    1.00    0.00    3.00   55.00    0.00    0.00    0.00   41.00
03:06:20 AM    1    1.00    0.00    2.00    0.00    1.00    0.00    0.00    0.00    0.00   96.00
03:06:20 AM    2    1.02    0.00    6.12    0.00    3.06    0.00    0.00    0.00    0.00   89.80
03:06:20 AM    3    1.03    0.00    4.12    0.00    2.06    0.00    0.00    0.00    0.00   92.78

03:06:20 AM  CPU    %usr   %nice    %sys %iowait    %irq   %soft  %steal  %guest  %gnice   %idle
03:06:21 AM  all    1.03    0.00    2.56    0.00    1.54   13.85    0.00    0.00    0.00   81.03
03:06:21 AM    0    0.00    0.00    0.00    0.00    2.04   55.10    0.00    0.00    0.00   42.86
03:06:21 AM    1    1.02    0.00    3.06    0.00    1.02    0.00    0.00    0.00    0.00   94.90
03:06:21 AM    2    2.04    0.00    2.04    0.00    1.02    0.00    0.00    0.00    0.00   94.90
03:06:21 AM    3    1.04    0.00    5.21    0.00    2.08    0.00    0.00    0.00    0.00   91.67

03:06:21 AM  CPU    %usr   %nice    %sys %iowait    %irq   %soft  %steal  %guest  %gnice   %idle
03:06:22 AM  all    0.75    0.00    4.26    0.00    1.75   13.78    0.00    0.00    0.00   79.45
03:06:22 AM    0    0.00    0.00    0.00    0.00    3.00   55.00    0.00    0.00    0.00   42.00
03:06:22 AM    1    0.99    0.00    4.95    0.00    0.99    0.00    0.00    0.00    0.00   93.07
03:06:22 AM    2    1.00    0.00    4.00    0.00    1.00    0.00    0.00    0.00    0.00   94.00
03:06:22 AM    3    1.02    0.00    8.16    0.00    2.04    0.00    0.00    0.00    0.00   88.78

03:06:22 AM  CPU    %usr   %nice    %sys %iowait    %irq   %soft  %steal  %guest  %gnice   %idle
03:06:23 AM  all    0.52    0.00    2.84    0.00    1.80   14.18    0.00    0.00    0.00   80.67
03:06:23 AM    0    0.00    0.00    1.02    0.00    3.06   56.12    0.00    0.00    0.00   39.80
03:06:23 AM    1    0.00    0.00    3.09    0.00    1.03    0.00    0.00    0.00    0.00   95.88
03:06:23 AM    2    0.00    0.00    2.08    0.00    1.04    0.00    0.00    0.00    0.00   96.88
03:06:23 AM    3    2.06    0.00    5.15    0.00    2.06    0.00    0.00    0.00    0.00   90.72

03:06:23 AM  CPU    %usr   %nice    %sys %iowait    %irq   %soft  %steal  %guest  %gnice   %idle
03:06:24 AM  all    0.75    0.00    3.77    0.00    1.76   13.82    0.00    0.00    0.00   79.90
03:06:24 AM    0    0.00    0.00    0.00    0.00    2.02   55.56    0.00    0.00    0.00   42.42
03:06:24 AM    1    0.98    0.00    4.90    0.00    1.96    0.00    0.00    0.00    0.00   92.16
03:06:24 AM    2    0.00    0.00    3.06    0.00    1.02    0.00    0.00    0.00    0.00   95.92
03:06:24 AM    3    2.02    0.00    7.07    0.00    2.02    0.00    0.00    0.00    0.00   88.89

03:06:24 AM  CPU    %usr   %nice    %sys %iowait    %irq   %soft  %steal  %guest  %gnice   %idle
03:06:25 AM  all    1.02    0.00    2.81    0.00    1.79   14.03    0.00    0.00    0.00   80.36
03:06:25 AM    0    0.00    0.00    0.00    0.00    3.00   55.00    0.00    0.00    0.00   42.00
03:06:25 AM    1    1.03    0.00    2.06    0.00    1.03    0.00    0.00    0.00    0.00   95.88
03:06:25 AM    2    0.00    0.00    4.08    0.00    1.02    0.00    0.00    0.00    0.00   94.90
03:06:25 AM    3    3.09    0.00    5.15    0.00    2.06    0.00    0.00    0.00    0.00   89.69

03:06:25 AM  CPU    %usr   %nice    %sys %iowait    %irq   %soft  %steal  %guest  %gnice   %idle
03:06:26 AM  all    0.50    0.00    3.78    0.00    2.02   13.85    0.00    0.00    0.00   79.85
03:06:26 AM    0    0.00    0.00    0.00    0.00    2.02   55.56    0.00    0.00    0.00   42.42
03:06:26 AM    1    0.00    0.00    2.08    0.00    1.04    0.00    0.00    0.00    0.00   96.88
03:06:26 AM    2    0.99    0.00    3.96    0.00    1.98    0.00    0.00    0.00    0.00   93.07
03:06:26 AM    3    0.99    0.00    8.91    0.00    2.97    0.00    0.00    0.00    0.00   87.13

03:06:26 AM  CPU    %usr   %nice    %sys %iowait    %irq   %soft  %steal  %guest  %gnice   %idle
03:06:27 AM  all    0.50    0.00    4.53    0.00    1.76   13.60    0.00    0.00    0.00   79.60
03:06:27 AM    0    0.00    0.00    0.00    0.00    3.03   54.55    0.00    0.00    0.00   42.42
03:06:27 AM    1    1.94    0.00    5.83    0.00    0.97    0.00    0.00    0.00    0.00   91.26
03:06:27 AM    2    0.00    0.00    3.09    0.00    1.03    0.00    0.00    0.00    0.00   95.88
03:06:27 AM    3    0.00    0.00    9.18    0.00    2.04    0.00    0.00    0.00    0.00   88.78

03:06:27 AM  CPU    %usr   %nice    %sys %iowait    %irq   %soft  %steal  %guest  %gnice   %idle
03:06:28 AM  all    0.76    0.00    3.31    0.00    1.53   14.25    0.00    0.00    0.00   80.15
03:06:28 AM    0    0.00    0.00    0.00    0.00    2.04   56.12    0.00    0.00    0.00   41.84
03:06:28 AM    1    0.00    0.00    5.21    0.00    2.08    0.00    0.00    0.00    0.00   92.71
03:06:28 AM    2    2.00    0.00    3.00    0.00    1.00    1.00    0.00    0.00    0.00   93.00
03:06:28 AM    3    1.01    0.00    5.05    0.00    1.01    0.00    0.00    0.00    0.00   92.93

03:06:28 AM  CPU    %usr   %nice    %sys %iowait    %irq   %soft  %steal  %guest  %gnice   %idle
03:06:29 AM  all    0.51    0.00    3.32    0.00    2.04   14.03    0.00    0.00    0.00   80.10
03:06:29 AM    0    0.00    0.00    0.00    0.00    3.03   55.56    0.00    0.00    0.00   41.41
03:06:29 AM    1    0.00    0.00    6.19    0.00    2.06    0.00    0.00    0.00    0.00   91.75
03:06:29 AM    2    1.01    0.00    4.04    0.00    1.01    0.00    0.00    0.00    0.00   93.94
03:06:29 AM    3    1.03    0.00    3.09    0.00    2.06    0.00    0.00    0.00    0.00   93.81

03:06:29 AM  CPU    %usr   %nice    %sys %iowait    %irq   %soft  %steal  %guest  %gnice   %idle
03:06:30 AM  all    0.76    0.00    3.54    0.00    1.52   13.92    0.00    0.00    0.00   80.25
03:06:30 AM    0    0.00    0.00    0.00    0.00    2.02   55.56    0.00    0.00    0.00   42.42
03:06:30 AM    1    1.96    0.00    4.90    0.00    0.98    0.00    0.00    0.00    0.00   92.16
03:06:30 AM    2    0.00    0.00    4.04    0.00    1.01    0.00    0.00    0.00    0.00   94.95
03:06:30 AM    3    1.05    0.00    5.26    0.00    2.11    0.00    0.00    0.00    0.00   91.58

03:06:30 AM  CPU    %usr   %nice    %sys %iowait    %irq   %soft  %steal  %guest  %gnice   %idle
03:06:31 AM  all    1.25    0.00    4.50    0.00    1.75   13.50    0.00    0.00    0.00   79.00
03:06:31 AM    0    0.00    0.00    0.00    0.00    3.03   54.55    0.00    0.00    0.00   42.42
03:06:31 AM    1    1.00    0.00    4.00    0.00    1.00    0.00    0.00    0.00    0.00   94.00
03:06:31 AM    2    2.00    0.00    4.00    0.00    1.00    0.00    0.00    0.00    0.00   93.00
03:06:31 AM    3    1.98    0.00    9.90    0.00    1.98    0.00    0.00    0.00    0.00   86.14

03:06:31 AM  CPU    %usr   %nice    %sys %iowait    %irq   %soft  %steal  %guest  %gnice   %idle
03:06:32 AM  all    1.53    0.00    2.04    0.00    2.30   14.03    0.00    0.00    0.00   80.10
03:06:32 AM    0    0.99    0.00    0.00    0.00    2.97   54.46    0.00    0.00    0.00   41.58
03:06:32 AM    1    2.02    0.00    3.03    0.00    1.01    0.00    0.00    0.00    0.00   93.94
03:06:32 AM    2    2.04    0.00    2.04    0.00    2.04    0.00    0.00    0.00    0.00   93.88
03:06:32 AM    3    1.06    0.00    3.19    0.00    3.19    0.00    0.00    0.00    0.00   92.55

03:06:32 AM  CPU    %usr   %nice    %sys %iowait    %irq   %soft  %steal  %guest  %gnice   %idle
03:06:33 AM  all    0.51    0.00    2.54    0.00    1.78   13.99    0.00    0.00    0.00   81.17
03:06:33 AM    0    0.00    0.00    0.00    0.00    2.02   54.55    0.00    0.00    0.00   43.43
03:06:33 AM    1    0.00    0.00    3.00    0.00    2.00    1.00    0.00    0.00    0.00   94.00
03:06:33 AM    2    1.05    0.00    3.16    0.00    2.11    0.00    0.00    0.00    0.00   93.68
03:06:33 AM    3    1.01    0.00    4.04    0.00    1.01    0.00    0.00    0.00    0.00   93.94

03:06:33 AM  CPU    %usr   %nice    %sys %iowait    %irq   %soft  %steal  %guest  %gnice   %idle
03:06:34 AM  all    0.76    0.00    3.05    0.00    1.78   13.99    0.00    0.00    0.00   80.41
03:06:34 AM    0    0.00    0.00    0.00    0.00    3.00   55.00    0.00    0.00    0.00   42.00
03:06:34 AM    1    2.02    0.00    2.02    0.00    1.01    0.00    0.00    0.00    0.00   94.95
03:06:34 AM    2    0.00    0.00    7.29    0.00    2.08    0.00    0.00    0.00    0.00   90.62
03:06:34 AM    3    1.02    0.00    3.06    0.00    1.02    0.00    0.00    0.00    0.00   94.90

03:06:34 AM  CPU    %usr   %nice    %sys %iowait    %irq   %soft  %steal  %guest  %gnice   %idle
03:06:35 AM  all    0.51    0.00    3.82    0.00    1.53   13.99    0.00    0.00    0.00   80.15
03:06:35 AM    0    0.00    0.00    1.00    0.00    2.00   55.00    0.00    0.00    0.00   42.00
03:06:35 AM    1    0.00    0.00    4.08    0.00    1.02    0.00    0.00    0.00    0.00   94.90
03:06:35 AM    2    1.04    0.00    3.12    0.00    1.04    0.00    0.00    0.00    0.00   94.79
03:06:35 AM    3    1.01    0.00    7.07    0.00    2.02    0.00    0.00    0.00    0.00   89.90

03:06:35 AM  CPU    %usr   %nice    %sys %iowait    %irq   %soft  %steal  %guest  %gnice   %idle
03:06:36 AM  all    0.76    0.00    3.29    0.00    2.03   13.67    0.00    0.00    0.00   80.25
03:06:36 AM    0    0.00    0.00    0.00    0.00    3.03   54.55    0.00    0.00    0.00   42.42
03:06:36 AM    1    1.01    0.00    3.03    0.00    1.01    0.00    0.00    0.00    0.00   94.95
03:06:36 AM    2    1.00    0.00    4.00    0.00    1.00    0.00    0.00    0.00    0.00   94.00
03:06:36 AM    3    1.03    0.00    6.19    0.00    3.09    0.00    0.00    0.00    0.00   89.69

03:06:36 AM  CPU    %usr   %nice    %sys %iowait    %irq   %soft  %steal  %guest  %gnice   %idle
03:06:37 AM  all    1.01    0.00    3.78    0.00    1.76   13.85    0.00    0.00    0.00   79.60
03:06:37 AM    0    0.00    0.00    0.00    0.00    2.02   55.56    0.00    0.00    0.00   42.42
03:06:37 AM    1    1.00    0.00    4.00    0.00    1.00    0.00    0.00    0.00    0.00   94.00
03:06:37 AM    2    1.00    0.00    4.00    0.00    2.00    0.00    0.00    0.00    0.00   93.00
03:06:37 AM    3    2.04    0.00    7.14    0.00    2.04    0.00    0.00    0.00    0.00   88.78

03:06:37 AM  CPU    %usr   %nice    %sys %iowait    %irq   %soft  %steal  %guest  %gnice   %idle
03:06:38 AM  all    0.77    0.00    3.08    0.00    1.79   13.85    0.00    0.00    0.00   80.51
03:06:38 AM    0    0.00    0.00    0.00    0.00    3.06   55.10    0.00    0.00    0.00   41.84
03:06:38 AM    1    1.01    0.00    4.04    0.00    1.01    0.00    0.00    0.00    0.00   93.94
03:06:38 AM    2    1.02    0.00    3.06    0.00    1.02    0.00    0.00    0.00    0.00   94.90
03:06:38 AM    3    1.05    0.00    5.26    0.00    2.11    0.00    0.00    0.00    0.00   91.58

03:06:38 AM  CPU    %usr   %nice    %sys %iowait    %irq   %soft  %steal  %guest  %gnice   %idle
03:06:39 AM  all    0.50    0.00    4.75    0.00    1.75   13.75    0.00    0.00    0.00   79.25
03:06:39 AM    0    0.00    0.00    0.00    0.00    2.00   55.00    0.00    0.00    0.00   43.00
03:06:39 AM    1    0.98    0.00    5.88    0.00    1.96    0.00    0.00    0.00    0.00   91.18
03:06:39 AM    2    0.00    0.00    3.09    0.00    1.03    0.00    0.00    0.00    0.00   95.88
03:06:39 AM    3    0.99    0.00    9.90    0.00    1.98    0.00    0.00    0.00    0.00   87.13

03:06:39 AM  CPU    %usr   %nice    %sys %iowait    %irq   %soft  %steal  %guest  %gnice   %idle
03:06:40 AM  all    0.51    0.00    2.56    0.00    2.05   13.81    0.00    0.00    0.00   81.07
03:06:40 AM    0    0.00    0.00    0.00    0.00    3.03   54.55    0.00    0.00    0.00   42.42
03:06:40 AM    1    0.00    0.00    2.06    0.00    1.03    0.00    0.00    0.00    0.00   96.91
03:06:40 AM    2    1.00    0.00    4.00    0.00    1.00    0.00    0.00    0.00    0.00   94.00
03:06:40 AM    3    1.05    0.00    4.21    0.00    3.16    0.00    0.00    0.00    0.00   91.58

03:06:40 AM  CPU    %usr   %nice    %sys %iowait    %irq   %soft  %steal  %guest  %gnice   %idle
03:06:41 AM  all    0.51    0.00    3.58    0.00    1.79   14.07    0.00    0.00    0.00   80.05
03:06:41 AM    0    0.00    0.00    0.00    0.00    3.03   55.56    0.00    0.00    0.00   41.41
03:06:41 AM    1    0.00    0.00    6.00    0.00    1.00    0.00    0.00    0.00    0.00   93.00
03:06:41 AM    2    0.00    0.00    2.08    0.00    1.04    0.00    0.00    0.00    0.00   96.88
03:06:41 AM    3    2.08    0.00    6.25    0.00    2.08    0.00    0.00    0.00    0.00   89.58

03:06:41 AM  CPU    %usr   %nice    %sys %iowait    %irq   %soft  %steal  %guest  %gnice   %idle
03:06:42 AM  all    1.01    0.00    3.53    0.00    1.76   13.85    0.00    0.00    0.00   79.85
03:06:42 AM    0    0.00    0.00    0.00    0.00    2.02   55.56    0.00    0.00    0.00   42.42
03:06:42 AM    1    1.02    0.00    2.04    0.00    1.02    0.00    0.00    0.00    0.00   95.92
03:06:42 AM    2    0.98    0.00    4.90    0.00    1.96    0.00    0.00    0.00    0.00   92.16
03:06:42 AM    3    2.04    0.00    7.14    0.00    2.04    0.00    0.00    0.00    0.00   88.78

03:06:42 AM  CPU    %usr   %nice    %sys %iowait    %irq   %soft  %steal  %guest  %gnice   %idle
03:06:43 AM  all    1.02    0.00    2.30    0.00    2.04   13.78    0.00    0.00    0.00   80.87
03:06:43 AM    0    0.00    0.00    0.00    0.00    3.03   54.55    0.00    0.00    0.00   42.42
03:06:43 AM    1    1.03    0.00    1.03    0.00    1.03    0.00    0.00    0.00    0.00   96.91
03:06:43 AM    2    1.01    0.00    4.04    0.00    1.01    0.00    0.00    0.00    0.00   93.94
03:06:43 AM    3    2.06    0.00    4.12    0.00    3.09    0.00    0.00    0.00    0.00   90.72

03:06:43 AM  CPU    %usr   %nice    %sys %iowait    %irq   %soft  %steal  %guest  %gnice   %idle
03:06:44 AM  all    0.76    0.00    3.54    0.00    1.77   13.92    0.00    0.00    0.00   80.00
03:06:44 AM    0    0.00    0.00    0.00    0.00    2.02   55.56    0.00    0.00    0.00   42.42
03:06:44 AM    1    1.00    0.00    4.00    0.00    2.00    0.00    0.00    0.00    0.00   93.00
03:06:44 AM    2    1.00    0.00    4.00    0.00    1.00    0.00    0.00    0.00    0.00   94.00
03:06:44 AM    3    1.04    0.00    6.25    0.00    2.08    0.00    0.00    0.00    0.00   90.62

03:06:44 AM  CPU    %usr   %nice    %sys %iowait    %irq   %soft  %steal  %guest  %gnice   %idle
03:06:45 AM  all    1.01    0.00    3.29    0.00    1.77   13.92    0.00    0.00    0.00   80.00
03:06:45 AM    0    0.00    0.00    0.00    0.00    3.00   55.00    0.00    0.00    0.00   42.00
03:06:45 AM    1    1.01    0.00    3.03    0.00    1.01    0.00    0.00    0.00    0.00   94.95
03:06:45 AM    2    1.01    0.00    4.04    0.00    1.01    0.00    0.00    0.00    0.00   93.94
03:06:45 AM    3    2.06    0.00    6.19    0.00    2.06    0.00    0.00    0.00    0.00   89.69

03:06:45 AM  CPU    %usr   %nice    %sys %iowait    %irq   %soft  %steal  %guest  %gnice   %idle
03:06:46 AM  all    0.76    0.00    3.80    0.00    1.52   13.92    0.00    0.00    0.00   80.00
03:06:46 AM    0    0.00    0.00    0.00    0.00    2.04   55.10    0.00    0.00    0.00   42.86
03:06:46 AM    1    0.99    0.00    5.94    0.00    0.99    0.00    0.00    0.00    0.00   92.08
03:06:46 AM    2    0.00    0.00    4.04    0.00    1.01    0.00    0.00    0.00    0.00   94.95
03:06:46 AM    3    2.06    0.00    5.15    0.00    2.06    1.03    0.00    0.00    0.00   89.69

03:06:46 AM  CPU    %usr   %nice    %sys %iowait    %irq   %soft  %steal  %guest  %gnice   %idle
03:06:47 AM  all    0.76    0.00    3.29    0.00    1.77   13.67    0.00    0.00    0.00   80.51
03:06:47 AM    0    0.00    0.00    0.00    0.00    3.00   54.00    0.00    0.00    0.00   43.00
03:06:47 AM    1    1.02    0.00    4.08    0.00    1.02    0.00    0.00    0.00    0.00   93.88
03:06:47 AM    2    1.02    0.00    3.06    0.00    1.02    0.00    0.00    0.00    0.00   94.90
03:06:47 AM    3    1.01    0.00    6.06    0.00    2.02    0.00    0.00    0.00    0.00   90.91

03:06:47 AM  CPU    %usr   %nice    %sys %iowait    %irq   %soft  %steal  %guest  %gnice   %idle
03:06:48 AM  all    0.77    0.00    2.31    0.00    2.06   13.88    0.00    0.00    0.00   80.98
03:06:48 AM    0    0.00    0.00    1.01    0.00    2.02   54.55    0.00    0.00    0.00   42.42
03:06:48 AM    1    1.06    0.00    3.19    0.00    3.19    0.00    0.00    0.00    0.00   92.55
03:06:48 AM    2    1.01    0.00    3.03    0.00    2.02    0.00    0.00    0.00    0.00   93.94
03:06:48 AM    3    1.03    0.00    2.06    0.00    1.03    0.00    0.00    0.00    0.00   95.88

03:06:48 AM  CPU    %usr   %nice    %sys %iowait    %irq   %soft  %steal  %guest  %gnice   %idle
03:06:49 AM  all    1.01    0.00    3.04    0.00    2.03   13.92    0.00    0.00    0.00   80.00
03:06:49 AM    0    0.00    0.00    0.00    0.00    3.00   55.00    0.00    0.00    0.00   42.00
03:06:49 AM    1    1.02    0.00    2.04    0.00    1.02    0.00    0.00    0.00    0.00   95.92
03:06:49 AM    2    1.04    0.00    6.25    0.00    2.08    0.00    0.00    0.00    0.00   90.62
03:06:49 AM    3    1.98    0.00    3.96    0.00    1.98    0.00    0.00    0.00    0.00   92.08

03:06:49 AM  CPU    %usr   %nice    %sys %iowait    %irq   %soft  %steal  %guest  %gnice   %idle
03:06:50 AM  all    0.51    0.00    3.06    0.00    1.79   14.03    0.00    0.00    0.00   80.61
03:06:50 AM    0    0.00    0.00    0.00    0.00    3.00   55.00    0.00    0.00    0.00   42.00
03:06:50 AM    1    1.04    0.00    1.04    0.00    1.04    0.00    0.00    0.00    0.00   96.88
03:06:50 AM    2    1.03    0.00    7.22    0.00    2.06    0.00    0.00    0.00    0.00   89.69
03:06:50 AM    3    0.00    0.00    4.04    0.00    1.01    0.00    0.00    0.00    0.00   94.95

03:06:50 AM  CPU    %usr   %nice    %sys %iowait    %irq   %soft  %steal  %guest  %gnice   %idle
03:06:51 AM  all    0.25    0.00    4.30    0.00    1.77   13.92    0.00    0.00    0.00   79.75
03:06:51 AM    0    0.00    0.00    0.00    0.00    2.04   56.12    0.00    0.00    0.00   41.84
03:06:51 AM    1    0.00    0.00    4.04    0.00    1.01    0.00    0.00    0.00    0.00   94.95
03:06:51 AM    2    1.02    0.00    7.14    0.00    3.06    0.00    0.00    0.00    0.00   88.78
03:06:51 AM    3    0.00    0.00    6.00    0.00    1.00    0.00    0.00    0.00    0.00   93.00

03:06:51 AM  CPU    %usr   %nice    %sys %iowait    %irq   %soft  %steal  %guest  %gnice   %idle
03:06:52 AM  all    0.76    0.00    4.03    0.00    1.76   13.60    0.00    0.00    0.00   79.85
03:06:52 AM    0    0.00    0.00    0.00    0.00    3.03   54.55    0.00    0.00    0.00   42.42
03:06:52 AM    1    0.00    0.00    4.08    0.00    1.02    0.00    0.00    0.00    0.00   94.90
03:06:52 AM    2    2.02    0.00    7.07    0.00    2.02    0.00    0.00    0.00    0.00   88.89
03:06:52 AM    3    0.99    0.00    4.95    0.00    0.99    0.00    0.00    0.00    0.00   93.07

03:06:52 AM  CPU    %usr   %nice    %sys %iowait    %irq   %soft  %steal  %guest  %gnice   %idle
03:06:53 AM  all    1.01    0.00    4.77    0.00    1.51   13.82    0.00    0.00    0.00   78.89
03:06:53 AM    0    0.00    0.00    0.00    0.00    2.02   55.56    0.00    0.00    0.00   42.42
03:06:53 AM    1    2.02    0.00    6.06    0.00    2.02    0.00    0.00    0.00    0.00   89.90
03:06:53 AM    2    1.02    0.00    6.12    0.00    1.02    0.00    0.00    0.00    0.00   91.84
03:06:53 AM    3    0.98    0.00    6.86    0.00    0.98    0.00    0.00    0.00    0.00   91.18

03:06:53 AM  CPU    %usr   %nice    %sys %iowait    %irq   %soft  %steal  %guest  %gnice   %idle
03:06:54 AM  all    0.00    0.00    3.05    0.00    2.04   13.99    0.00    0.00    0.00   80.92
03:06:54 AM    0    0.00    0.00    0.00    0.00    3.00   54.00    0.00    0.00    0.00   43.00
03:06:54 AM    1    0.00    0.00    4.26    0.00    2.13    0.00    0.00    0.00    0.00   93.62
03:06:54 AM    2    0.00    0.00    3.00    0.00    2.00    1.00    0.00    0.00    0.00   94.00
03:06:54 AM    3    0.00    0.00    5.05    0.00    1.01    0.00    0.00    0.00    0.00   93.94

03:06:54 AM  CPU    %usr   %nice    %sys %iowait    %irq   %soft  %steal  %guest  %gnice   %idle
03:06:55 AM  all    1.01    0.00    3.54    0.00    2.02   13.64    0.00    0.00    0.00   79.80
03:06:55 AM    0    0.00    0.00    0.00    0.00    2.04   55.10    0.00    0.00    0.00   42.86
03:06:55 AM    1    1.01    0.00    8.08    0.00    3.03    0.00    0.00    0.00    0.00   87.88
03:06:55 AM    2    1.01    0.00    4.04    0.00    1.01    0.00    0.00    0.00    0.00   93.94
03:06:55 AM    3    2.00    0.00    2.00    0.00    2.00    0.00    0.00    0.00    0.00   94.00

03:06:55 AM  CPU    %usr   %nice    %sys %iowait    %irq   %soft  %steal  %guest  %gnice   %idle
03:06:56 AM  all    0.26    0.00    3.32    0.00    1.79   14.03    0.00    0.00    0.00   80.61
03:06:56 AM    0    0.00    0.00    0.00    0.00    3.00   55.00    0.00    0.00    0.00   42.00
03:06:56 AM    1    1.02    0.00    8.16    0.00    2.04    0.00    0.00    0.00    0.00   88.78
03:06:56 AM    2    0.00    0.00    3.06    0.00    1.02    0.00    0.00    0.00    0.00   95.92
03:06:56 AM    3    0.00    0.00    2.08    0.00    1.04    0.00    0.00    0.00    0.00   96.88

03:06:56 AM  CPU    %usr   %nice    %sys %iowait    %irq   %soft  %steal  %guest  %gnice   %idle
03:06:57 AM  all    1.27    0.00    3.30    0.00    1.78   13.96    0.00    0.00    0.00   79.70
03:06:57 AM    0    0.00    0.00    0.99    0.00    2.97   54.46    0.00    0.00    0.00   41.58
03:06:57 AM    1    2.08    0.00    5.21    0.00    2.08    0.00    0.00    0.00    0.00   90.62
03:06:57 AM    2    2.04    0.00    3.06    0.00    1.02    0.00    0.00    0.00    0.00   93.88
03:06:57 AM    3    1.01    0.00    4.04    0.00    1.01    0.00    0.00    0.00    0.00   93.94

03:06:57 AM  CPU    %usr   %nice    %sys %iowait    %irq   %soft  %steal  %guest  %gnice   %idle
03:06:58 AM  all    0.51    0.00    3.81    0.00    1.52   13.71    0.00    0.00    0.00   80.46
03:06:58 AM    0    0.00    0.00    0.00    0.00    2.04   55.10    0.00    0.00    0.00   42.86
03:06:58 AM    1    0.00    0.00   10.10    0.00    2.02    0.00    0.00    0.00    0.00   87.88
03:06:58 AM    2    1.01    0.00    3.03    0.00    1.01    0.00    0.00    0.00    0.00   94.95
03:06:58 AM    3    1.02    0.00    2.04    0.00    1.02    0.00    0.00    0.00    0.00   95.92

03:06:58 AM  CPU    %usr   %nice    %sys %iowait    %irq   %soft  %steal  %guest  %gnice   %idle
03:06:59 AM  all    0.51    0.00    3.79    0.00    2.02   13.89    0.00    0.00    0.00   79.80
03:06:59 AM    0    0.00    0.00    0.00    0.00    3.00   55.00    0.00    0.00    0.00   42.00
03:06:59 AM    1    1.02    0.00    7.14    0.00    3.06    0.00    0.00    0.00    0.00   88.78
03:06:59 AM    2    1.01    0.00    4.04    0.00    1.01    0.00    0.00    0.00    0.00   93.94
03:06:59 AM    3    0.00    0.00    4.04    0.00    1.01    0.00    0.00    0.00    0.00   94.95

03:06:59 AM  CPU    %usr   %nice    %sys %iowait    %irq   %soft  %steal  %guest  %gnice   %idle
03:07:00 AM  all    0.51    0.00    2.06    0.00    1.80   14.14    0.00    0.00    0.00   81.49
03:07:00 AM    0    0.00    0.00    0.00    0.00    2.04   56.12    0.00    0.00    0.00   41.84
03:07:00 AM    1    2.08    0.00    4.17    0.00    2.08    0.00    0.00    0.00    0.00   91.67
03:07:00 AM    2    0.00    0.00    2.04    0.00    2.04    0.00    0.00    0.00    0.00   95.92
03:07:00 AM    3    0.00    0.00    2.06    0.00    1.03    0.00    0.00    0.00    0.00   96.91

03:07:00 AM  CPU    %usr   %nice    %sys %iowait    %irq   %soft  %steal  %guest  %gnice   %idle
03:07:01 AM  all    0.25    0.00    4.31    0.00    1.78   13.96    0.00    0.00    0.00   79.70
03:07:01 AM    0    0.00    0.00    1.00    0.00    3.00   55.00    0.00    0.00    0.00   41.00
03:07:01 AM    1    0.00    0.00    7.29    0.00    2.08    0.00    0.00    0.00    0.00   90.62
03:07:01 AM    2    0.00    0.00    4.08    0.00    1.02    0.00    0.00    0.00    0.00   94.90
03:07:01 AM    3    1.00    0.00    5.00    0.00    1.00    0.00    0.00    0.00    0.00   93.00

03:07:01 AM  CPU    %usr   %nice    %sys %iowait    %irq   %soft  %steal  %guest  %gnice   %idle
03:07:02 AM  all    1.03    0.00    1.81    0.00    1.55   14.21    0.00    0.00    0.00   81.40
03:07:02 AM    0    0.00    0.00    0.00    0.00    2.06   55.67    0.00    0.00    0.00   42.27
03:07:02 AM    1    2.08    0.00    4.17    0.00    2.08    1.04    0.00    0.00    0.00   90.62
03:07:02 AM    2    1.04    0.00    1.04    0.00    1.04    0.00    0.00    0.00    0.00   96.88
03:07:02 AM    3    1.02    0.00    2.04    0.00    1.02    0.00    0.00    0.00    0.00   95.92

03:07:02 AM  CPU    %usr   %nice    %sys %iowait    %irq   %soft  %steal  %guest  %gnice   %idle
03:07:03 AM  all    0.50    0.00    4.01    0.00    2.26   13.78    0.00    0.00    0.00   79.45
03:07:03 AM    0    0.00    0.00    0.00    0.00    3.03   55.56    0.00    0.00    0.00   41.41
03:07:03 AM    1    0.97    0.00    5.83    0.00    1.94    0.00    0.00    0.00    0.00   91.26
03:07:03 AM    2    1.03    0.00    5.15    0.00    2.06    0.00    0.00    0.00    0.00   91.75
03:07:03 AM    3    0.00    0.00    5.00    0.00    2.00    0.00    0.00    0.00    0.00   93.00

03:07:03 AM  CPU    %usr   %nice    %sys %iowait    %irq   %soft  %steal  %guest  %gnice   %idle
03:07:04 AM  all    1.26    0.00    4.53    0.00    1.76   13.85    0.00    0.00    0.00   78.59
03:07:04 AM    0    0.00    0.00    0.00    0.00    3.03   55.56    0.00    0.00    0.00   41.41
03:07:04 AM    1    2.00    0.00    5.00    0.00    1.00    0.00    0.00    0.00    0.00   92.00
03:07:04 AM    2    2.00    0.00   10.00    0.00    2.00    0.00    0.00    0.00    0.00   86.00
03:07:04 AM    3    1.02    0.00    3.06    0.00    1.02    0.00    0.00    0.00    0.00   94.90

03:07:04 AM  CPU    %usr   %nice    %sys %iowait    %irq   %soft  %steal  %guest  %gnice   %idle
03:07:05 AM  all    0.51    0.00    3.79    0.00    1.77   13.89    0.00    0.00    0.00   80.05
03:07:05 AM    0    0.00    0.00    0.00    0.00    2.02   55.56    0.00    0.00    0.00   42.42
03:07:05 AM    1    0.00    0.00    3.06    0.00    1.02    0.00    0.00    0.00    0.00   95.92
03:07:05 AM    2    2.00    0.00    8.00    0.00    3.00    0.00    0.00    0.00    0.00   87.00
03:07:05 AM    3    0.00    0.00    4.04    0.00    1.01    0.00    0.00    0.00    0.00   94.95

03:07:05 AM  CPU    %usr   %nice    %sys %iowait    %irq   %soft  %steal  %guest  %gnice   %idle
03:07:06 AM  all    1.25    0.00    4.26    0.00    1.75   13.53    0.00    0.00    0.00   79.20
03:07:06 AM    0    0.00    0.00    0.00    0.00    3.00   54.00    0.00    0.00    0.00   43.00
03:07:06 AM    1    0.99    0.00    5.94    0.00    0.99    0.00    0.00    0.00    0.00   92.08
03:07:06 AM    2    2.06    0.00    6.19    0.00    2.06    0.00    0.00    0.00    0.00   89.69
03:07:06 AM    3    1.98    0.00    4.95    0.00    0.99    0.00    0.00    0.00    0.00   92.08

03:07:06 AM  CPU    %usr   %nice    %sys %iowait    %irq   %soft  %steal  %guest  %gnice   %idle
03:07:07 AM  all    1.03    0.00    1.81    0.00    1.55   13.95    0.00    0.00    0.00   81.65
03:07:07 AM    0    0.00    0.00    0.00    0.00    2.06   55.67    0.00    0.00    0.00   42.27
03:07:07 AM    1    0.00    0.00    1.04    0.00    1.04    0.00    0.00    0.00    0.00   97.92
03:07:07 AM    2    2.13    0.00    2.13    0.00    2.13    0.00    0.00    0.00    0.00   93.62
03:07:07 AM    3    2.00    0.00    4.00    0.00    1.00    0.00    0.00    0.00    0.00   93.00

03:07:07 AM  CPU    %usr   %nice    %sys %iowait    %irq   %soft  %steal  %guest  %gnice   %idle
03:07:08 AM  all    1.02    0.00    2.05    0.00    2.05   14.07    0.00    0.00    0.00   80.82
03:07:08 AM    0    0.00    0.00    0.00    0.00    3.00   55.00    0.00    0.00    0.00   42.00
03:07:08 AM    1    2.08    0.00    4.17    0.00    2.08    0.00    0.00    0.00    0.00   91.67
03:07:08 AM    2    1.04    0.00    2.08    0.00    1.04    0.00    0.00    0.00    0.00   95.83
03:07:08 AM    3    1.01    0.00    2.02    0.00    2.02    0.00    0.00    0.00    0.00   94.95

03:07:08 AM  CPU    %usr   %nice    %sys %iowait    %irq   %soft  %steal  %guest  %gnice   %idle
03:07:09 AM  all    0.26    0.00    2.83    0.00    1.80   13.88    0.00    0.00    0.00   81.23
03:07:09 AM    0    0.00    0.00    0.00    0.00    2.04   55.10    0.00    0.00    0.00   42.86
03:07:09 AM    1    1.02    0.00    7.14    0.00    3.06    0.00    0.00    0.00    0.00   88.78
03:07:09 AM    2    0.00    0.00    2.06    0.00    1.03    0.00    0.00    0.00    0.00   96.91
03:07:09 AM    3    0.00    0.00    2.08    0.00    1.04    0.00    0.00    0.00    0.00   96.88

03:07:09 AM  CPU    %usr   %nice    %sys %iowait    %irq   %soft  %steal  %guest  %gnice   %idle
03:07:10 AM  all    1.51    0.00    4.02    0.00    1.76   13.82    0.00    0.00    0.00   78.89
03:07:10 AM    0    0.98    0.00    0.98    0.00    2.94   53.92    0.00    0.00    0.00   41.18
03:07:10 AM    1    2.04    0.00    7.14    0.00    2.04    0.00    0.00    0.00    0.00   88.78
03:07:10 AM    2    3.06    0.00    6.12    0.00    2.04    0.00    0.00    0.00    0.00   88.78
03:07:10 AM    3    0.00    0.00    2.00    0.00    0.00    0.00    0.00    0.00    0.00   98.00

03:07:10 AM  CPU    %usr   %nice    %sys %iowait    %irq   %soft  %steal  %guest  %gnice   %idle
03:07:11 AM  all    0.51    0.00    3.54    0.00    2.03   13.92    0.00    0.00    0.00   80.00
03:07:11 AM    0    0.00    0.00    0.00    0.00    3.00   55.00    0.00    0.00    0.00   42.00
03:07:11 AM    1    0.00    0.00    7.29    0.00    2.08    0.00    0.00    0.00    0.00   90.62
03:07:11 AM    2    2.02    0.00    7.07    0.00    3.03    0.00    0.00    0.00    0.00   87.88
03:07:11 AM    3    0.00    0.00    0.00    0.00    0.00    0.00    0.00    0.00    0.00  100.00

03:07:11 AM  CPU    %usr   %nice    %sys %iowait    %irq   %soft  %steal  %guest  %gnice   %idle
03:07:12 AM  all    0.52    0.00    2.32    0.00    1.80   13.92    0.00    0.00    0.00   81.44
03:07:12 AM    0    0.00    0.00    0.00    0.00    2.04   55.10    0.00    0.00    0.00   42.86
03:07:12 AM    1    2.08    0.00    4.17    0.00    3.12    0.00    0.00    0.00    0.00   90.62
03:07:12 AM    2    0.00    0.00    5.32    0.00    2.13    0.00    0.00    0.00    0.00   92.55
03:07:12 AM    3    0.00    0.00    0.00    0.00    0.00    0.00    0.00    0.00    0.00  100.00

03:07:12 AM  CPU    %usr   %nice    %sys %iowait    %irq   %soft  %steal  %guest  %gnice   %idle
03:07:13 AM  all    1.01    0.00    3.54    0.00    1.77   13.89    0.00    0.00    0.00   79.80
03:07:13 AM    0    0.00    0.00    0.00    0.00    3.00   55.00    0.00    0.00    0.00   42.00
03:07:13 AM    1    1.02    0.00    8.16    0.00    2.04    0.00    0.00    0.00    0.00   88.78
03:07:13 AM    2    3.06    0.00    6.12    0.00    2.04    0.00    0.00    0.00    0.00   88.78
03:07:13 AM    3    0.00    0.00    0.00    0.00    0.00    0.00    0.00    0.00    0.00  100.00

03:07:13 AM  CPU    %usr   %nice    %sys %iowait    %irq   %soft  %steal  %guest  %gnice   %idle
03:07:14 AM  all    0.51    0.00    3.32    0.00    1.53   13.81    0.00    0.00    0.00   80.82
03:07:14 AM    0    0.00    0.00    0.00    0.00    2.04   55.10    0.00    0.00    0.00   42.86
03:07:14 AM    1    1.03    0.00    7.22    0.00    2.06    0.00    0.00    0.00    0.00   89.69
03:07:14 AM    2    1.04    0.00    6.25    0.00    2.08    0.00    0.00    0.00    0.00   90.62
03:07:14 AM    3    0.00    0.00    0.00    0.00    0.00    0.00    0.00    0.00    0.00  100.00

03:07:14 AM  CPU    %usr   %nice    %sys %iowait    %irq   %soft  %steal  %guest  %gnice   %idle
03:07:15 AM  all    0.75    0.00    4.02    0.00    2.01   13.82    0.00    0.00    0.00   79.40
03:07:15 AM    0    0.00    0.00    0.00    0.00    3.00   55.00    0.00    0.00    0.00   42.00
03:07:15 AM    1    0.99    0.00    5.94    0.00    0.99    0.00    0.00    0.00    0.00   92.08
03:07:15 AM    2    1.03    0.00    6.19    0.00    3.09    0.00    0.00    0.00    0.00   89.69
03:07:15 AM    3    1.00    0.00    4.00    0.00    1.00    0.00    0.00    0.00    0.00   94.00

03:07:15 AM  CPU    %usr   %nice    %sys %iowait    %irq   %soft  %steal  %guest  %gnice   %idle
03:07:16 AM  all    0.77    0.00    2.56    0.00    1.54   14.10    0.00    0.00    0.00   81.03
03:07:16 AM    0    0.00    0.00    0.00    0.00    2.04   55.10    0.00    0.00    0.00   42.86
03:07:16 AM    1    0.00    0.00    2.06    0.00    1.03    0.00    0.00    0.00    0.00   96.91
03:07:16 AM    2    3.12    0.00    4.17    0.00    2.08    0.00    0.00    0.00    0.00   90.62
03:07:16 AM    3    0.00    0.00    4.04    0.00    1.01    1.01    0.00    0.00    0.00   93.94

03:07:16 AM  CPU    %usr   %nice    %sys %iowait    %irq   %soft  %steal  %guest  %gnice   %idle
03:07:17 AM  all    1.01    0.00    3.54    0.00    2.28   13.92    0.00    0.00    0.00   79.24
03:07:17 AM    0    0.00    0.00    1.00    0.00    3.00   55.00    0.00    0.00    0.00   41.00
03:07:17 AM    1    0.00    0.00    3.06    0.00    2.04    0.00    0.00    0.00    0.00   94.90
03:07:17 AM    2    3.06    0.00    5.10    0.00    2.04    0.00    0.00    0.00    0.00   89.80
03:07:17 AM    3    1.01    0.00    5.05    0.00    2.02    0.00    0.00    0.00    0.00   91.92

03:07:17 AM  CPU    %usr   %nice    %sys %iowait    %irq   %soft  %steal  %guest  %gnice   %idle
03:07:18 AM  all    0.77    0.00    3.06    0.00    1.53   14.03    0.00    0.00    0.00   80.61
03:07:18 AM    0    0.00    0.00    0.00    0.00    2.02   55.56    0.00    0.00    0.00   42.42
03:07:18 AM    1    0.00    0.00    3.09    0.00    1.03    0.00    0.00    0.00    0.00   95.88
03:07:18 AM    2    2.06    0.00    5.15    0.00    2.06    0.00    0.00    0.00    0.00   90.72
03:07:18 AM    3    1.01    0.00    4.04    0.00    1.01    0.00    0.00    0.00    0.00   93.94

03:07:18 AM  CPU    %usr   %nice    %sys %iowait    %irq   %soft  %steal  %guest  %gnice   %idle
03:07:19 AM  all    0.51    0.00    2.81    0.00    1.79   13.78    0.00    0.00    0.00   81.12
03:07:19 AM    0    0.00    0.00    0.00    0.00    3.00   54.00    0.00    0.00    0.00   43.00
03:07:19 AM    1    1.01    0.00    3.03    0.00    1.01    0.00    0.00    0.00    0.00   94.95
03:07:19 AM    2    1.03    0.00    6.19    0.00    2.06    0.00    0.00    0.00    0.00   90.72
03:07:19 AM    3    0.00    0.00    2.08    0.00    1.04    0.00    0.00    0.00    0.00   96.88

03:07:19 AM  CPU    %usr   %nice    %sys %iowait    %irq   %soft  %steal  %guest  %gnice   %idle
03:07:20 AM  all    1.02    0.00    2.81    0.00    2.04   14.03    0.00    0.00    0.00   80.10
03:07:20 AM    0    0.00    0.00    0.00    0.00    3.03   54.55    0.00    0.00    0.00   42.42
03:07:20 AM    1    1.03    0.00    2.06    0.00    1.03    0.00    0.00    0.00    0.00   95.88
03:07:20 AM    2    1.04    0.00    5.21    0.00    3.12    1.04    0.00    0.00    0.00   89.58
03:07:20 AM    3    2.00    0.00    4.00    0.00    1.00    0.00    0.00    0.00    0.00   93.00

03:07:20 AM  CPU    %usr   %nice    %sys %iowait    %irq   %soft  %steal  %guest  %gnice   %idle
03:07:21 AM  all    0.77    0.00    2.56    0.00    1.79   14.07    0.00    0.00    0.00   80.82
03:07:21 AM    0    0.00    0.00    0.00    0.00    2.02   55.56    0.00    0.00    0.00   42.42
03:07:21 AM    1    0.00    0.00    2.06    0.00    1.03    0.00    0.00    0.00    0.00   96.91
03:07:21 AM    2    2.08    0.00    5.21    0.00    2.08    0.00    0.00    0.00    0.00   90.62
03:07:21 AM    3    1.01    0.00    3.03    0.00    2.02    0.00    0.00    0.00    0.00   93.94

03:07:21 AM  CPU    %usr   %nice    %sys %iowait    %irq   %soft  %steal  %guest  %gnice   %idle
03:07:22 AM  all    1.01    0.00    3.29    0.00    1.77   13.92    0.00    0.00    0.00   80.00
03:07:22 AM    0    0.00    0.00    0.00    0.00    3.00   55.00    0.00    0.00    0.00   42.00
03:07:22 AM    1    2.00    0.00    4.00    0.00    1.00    0.00    0.00    0.00    0.00   93.00
03:07:22 AM    2    1.04    0.00    6.25    0.00    2.08    0.00    0.00    0.00    0.00   90.62
03:07:22 AM    3    1.01    0.00    3.03    0.00    1.01    0.00    0.00    0.00    0.00   94.95

03:07:22 AM  CPU    %usr   %nice    %sys %iowait    %irq   %soft  %steal  %guest  %gnice   %idle
03:07:23 AM  all    0.77    0.00    2.58    0.00    1.80   13.92    0.00    0.00    0.00   80.93
03:07:23 AM    0    0.00    0.00    1.02    0.00    2.04   55.10    0.00    0.00    0.00   41.84
03:07:23 AM    1    0.00    0.00    1.03    0.00    2.06    0.00    0.00    0.00    0.00   96.91
03:07:23 AM    2    2.08    0.00    5.21    0.00    2.08    0.00    0.00    0.00    0.00   90.62
03:07:23 AM    3    1.03    0.00    3.09    0.00    1.03    0.00    0.00    0.00    0.00   94.85

03:07:23 AM  CPU    %usr   %nice    %sys %iowait    %irq   %soft  %steal  %guest  %gnice   %idle
03:07:24 AM  all    0.51    0.00    3.79    0.00    2.02   13.89    0.00    0.00    0.00   79.80
03:07:24 AM    0    0.00    0.00    0.00    0.00    3.00   55.00    0.00    0.00    0.00   42.00
03:07:24 AM    1    0.99    0.00    5.94    0.00    0.99    0.00    0.00    0.00    0.00   92.08
03:07:24 AM    2    1.04    0.00    5.21    0.00    3.12    0.00    0.00    0.00    0.00   90.62
03:07:24 AM    3    0.00    0.00    4.04    0.00    1.01    0.00    0.00    0.00    0.00   94.95

03:07:24 AM  CPU    %usr   %nice    %sys %iowait    %irq   %soft  %steal  %guest  %gnice   %idle
03:07:25 AM  all    0.51    0.00    3.08    0.00    1.54   13.85    0.00    0.00    0.00   81.03
03:07:25 AM    0    0.00    0.00    0.00    0.00    2.04   55.10    0.00    0.00    0.00   42.86
03:07:25 AM    1    1.02    0.00    2.04    0.00    1.02    0.00    0.00    0.00    0.00   95.92
03:07:25 AM    2    0.00    0.00    7.29    0.00    2.08    0.00    0.00    0.00    0.00   90.62
03:07:25 AM    3    1.02    0.00    3.06    0.00    1.02    0.00    0.00    0.00    0.00   94.90

03:07:25 AM  CPU    %usr   %nice    %sys %iowait    %irq   %soft  %steal  %guest  %gnice   %idle
03:07:26 AM  all    1.02    0.00    3.55    0.00    2.03   13.96    0.00    0.00    0.00   79.44
03:07:26 AM    0    0.99    0.00    0.00    0.00    2.97   54.46    0.00    0.00    0.00   41.58
03:07:26 AM    1    1.02    0.00    4.08    0.00    1.02    0.00    0.00    0.00    0.00   93.88
03:07:26 AM    2    2.04    0.00    7.14    0.00    2.04    0.00    0.00    0.00    0.00   88.78
03:07:26 AM    3    0.00    0.00    3.09    0.00    2.06    0.00    0.00    0.00    0.00   94.85

03:07:26 AM  CPU    %usr   %nice    %sys %iowait    %irq   %soft  %steal  %guest  %gnice   %idle
03:07:27 AM  all    1.02    0.00    3.05    0.00    1.78   13.96    0.00    0.00    0.00   80.20
03:07:27 AM    0    0.00    0.00    0.00    0.00    3.00   55.00    0.00    0.00    0.00   42.00
03:07:27 AM    1    0.00    0.00    5.05    0.00    1.01    0.00    0.00    0.00    0.00   93.94
03:07:27 AM    2    3.03    0.00    4.04    0.00    2.02    0.00    0.00    0.00    0.00   90.91
03:07:27 AM    3    1.04    0.00    3.12    0.00    1.04    0.00    0.00    0.00    0.00   94.79

03:07:27 AM  CPU    %usr   %nice    %sys %iowait    %irq   %soft  %steal  %guest  %gnice   %idle
03:07:28 AM  all    1.02    0.00    2.80    0.00    1.53   13.99    0.00    0.00    0.00   80.66
03:07:28 AM    0    0.00    0.00    0.00    0.00    2.02   55.56    0.00    0.00    0.00   42.42
03:07:28 AM    1    1.02    0.00    2.04    0.00    1.02    0.00    0.00    0.00    0.00   95.92
03:07:28 AM    2    1.02    0.00    4.08    0.00    1.02    0.00    0.00    0.00    0.00   93.88
03:07:28 AM    3    2.04    0.00    5.10    0.00    2.04    0.00    0.00    0.00    0.00   90.82

03:07:28 AM  CPU    %usr   %nice    %sys %iowait    %irq   %soft  %steal  %guest  %gnice   %idle
03:07:29 AM  all    0.51    0.00    4.06    0.00    2.03   13.71    0.00    0.00    0.00   79.70
03:07:29 AM    0    0.00    0.00    0.00    0.00    3.03   54.55    0.00    0.00    0.00   42.42
03:07:29 AM    1    0.00    0.00    5.10    0.00    2.04    0.00    0.00    0.00    0.00   92.86
03:07:29 AM    2    0.99    0.00    4.95    0.00    0.99    0.00    0.00    0.00    0.00   93.07
03:07:29 AM    3    1.04    0.00    6.25    0.00    2.08    0.00    0.00    0.00    0.00   90.62

03:07:29 AM  CPU    %usr   %nice    %sys %iowait    %irq   %soft  %steal  %guest  %gnice   %idle
03:07:30 AM  all    0.76    0.00    3.29    0.00    1.77   14.18    0.00    0.00    0.00   80.00
03:07:30 AM    0    0.00    0.00    0.00    0.00    2.02   55.56    0.00    0.00    0.00   42.42
03:07:30 AM    1    1.05    0.00   10.53    0.00    3.16    1.05    0.00    0.00    0.00   84.21
03:07:30 AM    2    0.00    0.00    0.00    0.00    0.00    0.00    0.00    0.00    0.00  100.00
03:07:30 AM    3    1.98    0.00    2.97    0.00    1.98    0.00    0.00    0.00    0.00   93.07

03:07:30 AM  CPU    %usr   %nice    %sys %iowait    %irq   %soft  %steal  %guest  %gnice   %idle
03:07:31 AM  all    0.76    0.00    3.79    0.00    2.02   13.64    0.00    0.00    0.00   79.80
03:07:31 AM    0    0.00    0.00    0.00    0.00    3.03   54.55    0.00    0.00    0.00   42.42
03:07:31 AM    1    2.04    0.00   11.22    0.00    4.08    0.00    0.00    0.00    0.00   82.65
03:07:31 AM    2    0.00    0.00    0.00    0.00    0.00    0.00    0.00    0.00    0.00  100.00
03:07:31 AM    3    1.01    0.00    4.04    0.00    1.01    0.00    0.00    0.00    0.00   93.94

03:07:31 AM  CPU    %usr   %nice    %sys %iowait    %irq   %soft  %steal  %guest  %gnice   %idle
03:07:32 AM  all    1.01    0.00    4.04    0.00    1.52   13.89    0.00    0.00    0.00   79.55
03:07:32 AM    0    0.00    0.00    0.00    0.00    2.02   55.56    0.00    0.00    0.00   42.42
03:07:32 AM    1    3.03    0.00   13.13    0.00    3.03    0.00    0.00    0.00    0.00   80.81
03:07:32 AM    2    0.00    0.00    0.00    0.00    0.00    0.00    0.00    0.00    0.00  100.00
03:07:32 AM    3    1.02    0.00    3.06    0.00    1.02    0.00    0.00    0.00    0.00   94.90

03:07:32 AM  CPU    %usr   %nice    %sys %iowait    %irq   %soft  %steal  %guest  %gnice   %idle
03:07:33 AM  all    0.77    0.00    2.83    0.00    1.80   13.88    0.00    0.00    0.00   80.72
03:07:33 AM    0    0.00    0.00    1.01    0.00    3.03   54.55    0.00    0.00    0.00   41.41
03:07:33 AM    1    2.13    0.00    7.45    0.00    3.19    0.00    0.00    0.00    0.00   87.23
03:07:33 AM    2    1.01    0.00    0.00    0.00    0.00    0.00    0.00    0.00    0.00   98.99
03:07:33 AM    3    0.00    0.00    3.09    0.00    1.03    0.00    0.00    0.00    0.00   95.88

03:07:33 AM  CPU    %usr   %nice    %sys %iowait    %irq   %soft  %steal  %guest  %gnice   %idle
03:07:34 AM  all    1.02    0.00    2.79    0.00    2.03   13.96    0.00    0.00    0.00   80.20
03:07:34 AM    0    0.00    0.00    0.00    0.00    2.97   54.46    0.00    0.00    0.00   42.57
03:07:34 AM    1    2.06    0.00    6.19    0.00    2.06    0.00    0.00    0.00    0.00   89.69
03:07:34 AM    2    1.02    0.00    3.06    0.00    2.04    0.00    0.00    0.00    0.00   93.88
03:07:34 AM    3    1.02    0.00    2.04    0.00    1.02    0.00    0.00    0.00    0.00   95.92

03:07:34 AM  CPU    %usr   %nice    %sys %iowait    %irq   %soft  %steal  %guest  %gnice   %idle
03:07:35 AM  all    0.51    0.00    3.55    0.00    1.78   13.96    0.00    0.00    0.00   80.20
03:07:35 AM    0    0.00    0.00    0.00    0.00    2.04   56.12    0.00    0.00    0.00   41.84
03:07:35 AM    1    1.01    0.00    6.06    0.00    3.03    0.00    0.00    0.00    0.00   89.90
03:07:35 AM    2    1.02    0.00    3.06    0.00    1.02    0.00    0.00    0.00    0.00   94.90
03:07:35 AM    3    0.00    0.00    5.05    0.00    1.01    0.00    0.00    0.00    0.00   93.94

03:07:35 AM  CPU    %usr   %nice    %sys %iowait    %irq   %soft  %steal  %guest  %gnice   %idle
03:07:36 AM  all    1.26    0.00    3.27    0.00    2.02   13.60    0.00    0.00    0.00   79.85
03:07:36 AM    0    0.00    0.00    0.00    0.00    3.03   54.55    0.00    0.00    0.00   42.42
03:07:36 AM    1    3.03    0.00    7.07    0.00    2.02    0.00    0.00    0.00    0.00   87.88
03:07:36 AM    2    1.98    0.00    3.96    0.00    0.99    0.00    0.00    0.00    0.00   93.07
03:07:36 AM    3    0.00    0.00    2.04    0.00    2.04    0.00    0.00    0.00    0.00   95.92

03:07:36 AM  CPU    %usr   %nice    %sys %iowait    %irq   %soft  %steal  %guest  %gnice   %idle
03:07:37 AM  all    0.26    0.00    3.33    0.00    1.54   14.10    0.00    0.00    0.00   80.77
03:07:37 AM    0    0.00    0.00    0.00    0.00    2.02   55.56    0.00    0.00    0.00   42.42
03:07:37 AM    1    1.02    0.00    8.16    0.00    2.04    0.00    0.00    0.00    0.00   88.78
03:07:37 AM    2    0.00    0.00    3.09    0.00    1.03    0.00    0.00    0.00    0.00   95.88
03:07:37 AM    3    0.00    0.00    2.08    0.00    1.04    0.00    0.00    0.00    0.00   96.88

03:07:37 AM  CPU    %usr   %nice    %sys %iowait    %irq   %soft  %steal  %guest  %gnice   %idle
03:07:38 AM  all    0.51    0.00    2.31    0.00    1.54   14.36    0.00    0.00    0.00   81.28
03:07:38 AM    0    0.00    0.00    1.04    0.00    3.12   58.33    0.00    0.00    0.00   37.50
03:07:38 AM    1    0.00    0.00    1.02    0.00    1.02    0.00    0.00    0.00    0.00   97.96
03:07:38 AM    2    2.00    0.00    3.00    0.00    1.00    0.00    0.00    0.00    0.00   94.00
03:07:38 AM    3    0.00    0.00    4.17    0.00    1.04    0.00    0.00    0.00    0.00   94.79

03:07:38 AM  CPU    %usr   %nice    %sys %iowait    %irq   %soft  %steal  %guest  %gnice   %idle
03:07:39 AM  all    0.51    0.00    2.55    0.00    2.04   14.29    0.00    0.00    0.00   80.61
03:07:39 AM    0    1.03    0.00    2.06    0.00    3.09   57.73    0.00    0.00    0.00   36.08
03:07:39 AM    1    0.00    0.00    3.03    0.00    1.01    0.00    0.00    0.00    0.00   95.96
03:07:39 AM    2    1.02    0.00    2.04    0.00    2.04    0.00    0.00    0.00    0.00   94.90
03:07:39 AM    3    0.00    0.00    3.06    0.00    2.04    0.00    0.00    0.00    0.00   94.90

03:07:39 AM  CPU    %usr   %nice    %sys %iowait    %irq   %soft  %steal  %guest  %gnice   %idle
03:07:40 AM  all    0.51    0.00    3.84    0.00    1.53   13.81    0.00    0.00    0.00   80.31
03:07:40 AM    0    0.00    0.00    1.02    0.00    2.04   55.10    0.00    0.00    0.00   41.84
03:07:40 AM    1    1.02    0.00    8.16    0.00    2.04    0.00    0.00    0.00    0.00   88.78
03:07:40 AM    2    0.00    0.00    3.09    0.00    1.03    0.00    0.00    0.00    0.00   95.88
03:07:40 AM    3    1.02    0.00    3.06    0.00    1.02    0.00    0.00    0.00    0.00   94.90

03:07:40 AM  CPU    %usr   %nice    %sys %iowait    %irq   %soft  %steal  %guest  %gnice   %idle
03:07:41 AM  all    0.51    0.00    3.54    0.00    1.77   13.92    0.00    0.00    0.00   80.25
03:07:41 AM    0    0.00    0.00    0.00    0.00    3.00   55.00    0.00    0.00    0.00   42.00
03:07:41 AM    1    1.02    0.00    7.14    0.00    2.04    0.00    0.00    0.00    0.00   89.80
03:07:41 AM    2    1.00    0.00    7.00    0.00    2.00    0.00    0.00    0.00    0.00   90.00
03:07:41 AM    3    0.00    0.00    0.00    0.00    0.00    0.00    0.00    0.00    0.00  100.00

03:07:41 AM  CPU    %usr   %nice    %sys %iowait    %irq   %soft  %steal  %guest  %gnice   %idle
03:07:42 AM  all    0.26    0.00    3.57    0.00    1.53   14.03    0.00    0.00    0.00   80.61
03:07:42 AM    0    0.00    0.00    0.00    0.00    2.02   55.56    0.00    0.00    0.00   42.42
03:07:42 AM    1    0.00    0.00    8.25    0.00    2.06    0.00    0.00    0.00    0.00   89.69
03:07:42 AM    2    1.04    0.00    6.25    0.00    2.08    0.00    0.00    0.00    0.00   90.62
03:07:42 AM    3    0.00    0.00    0.00    0.00    0.00    0.00    0.00    0.00    0.00  100.00

03:07:42 AM  CPU    %usr   %nice    %sys %iowait    %irq   %soft  %steal  %guest  %gnice   %idle
03:07:43 AM  all    1.02    0.00    3.30    0.00    2.03   13.71    0.00    0.00    0.00   79.95
03:07:43 AM    0    0.00    0.00    0.00    0.00    3.03   54.55    0.00    0.00    0.00   42.42
03:07:43 AM    1    2.08    0.00    5.21    0.00    3.12    0.00    0.00    0.00    0.00   89.58
03:07:43 AM    2    2.02    0.00    8.08    0.00    2.02    0.00    0.00    0.00    0.00   87.88
03:07:43 AM    3    0.00    0.00    0.00    0.00    0.00    0.00    0.00    0.00    0.00  100.00

03:07:43 AM  CPU    %usr   %nice    %sys %iowait    %irq   %soft  %steal  %guest  %gnice   %idle
03:07:44 AM  all    0.77    0.00    2.30    0.00    2.05   14.07    0.00    0.00    0.00   80.82
03:07:44 AM    0    0.00    0.00    0.00    0.00    3.00   55.00    0.00    0.00    0.00   42.00
03:07:44 AM    1    2.13    0.00    6.38    0.00    3.19    0.00    0.00    0.00    0.00   88.30
03:07:44 AM    2    1.03    0.00    3.09    0.00    2.06    0.00    0.00    0.00    0.00   93.81
03:07:44 AM    3    0.00    0.00    0.00    0.00    0.00    0.00    0.00    0.00    0.00  100.00

03:07:44 AM  CPU    %usr   %nice    %sys %iowait    %irq   %soft  %steal  %guest  %gnice   %idle
03:07:45 AM  all    0.51    0.00    3.08    0.00    1.54   13.85    0.00    0.00    0.00   81.03
03:07:45 AM    0    0.00    0.00    0.00    0.00    2.04   55.10    0.00    0.00    0.00   42.86
03:07:45 AM    1    1.08    0.00    8.60    0.00    3.23    0.00    0.00    0.00    0.00   87.10
03:07:45 AM    2    1.00    0.00    4.00    0.00    1.00    0.00    0.00    0.00    0.00   94.00
03:07:45 AM    3    0.00    0.00    0.00    0.00    0.00    0.00    0.00    0.00    0.00  100.00

03:07:45 AM  CPU    %usr   %nice    %sys %iowait    %irq   %soft  %steal  %guest  %gnice   %idle
03:07:46 AM  all    0.51    0.00    2.56    0.00    2.05   14.10    0.00    0.00    0.00   80.77
03:07:46 AM    0    0.00    0.00    0.00    0.00    3.00   55.00    0.00    0.00    0.00   42.00
03:07:46 AM    1    1.05    0.00    5.26    0.00    2.11    0.00    0.00    0.00    0.00   91.58
03:07:46 AM    2    0.00    0.00    2.08    0.00    1.04    0.00    0.00    0.00    0.00   96.88
03:07:46 AM    3    1.01    0.00    3.03    0.00    2.02    0.00    0.00    0.00    0.00   93.94

03:07:46 AM  CPU    %usr   %nice    %sys %iowait    %irq   %soft  %steal  %guest  %gnice   %idle
03:07:47 AM  all    1.02    0.00    3.31    0.00    1.78   13.74    0.00    0.00    0.00   80.15
03:07:47 AM    0    0.00    0.00    1.01    0.00    2.02   54.55    0.00    0.00    0.00   42.42
03:07:47 AM    1    1.04    0.00    5.21    0.00    3.12    0.00    0.00    0.00    0.00   90.62
03:07:47 AM    2    2.04    0.00    2.04    0.00    1.02    0.00    0.00    0.00    0.00   94.90
03:07:47 AM    3    1.00    0.00    5.00    0.00    1.00    0.00    0.00    0.00    0.00   93.00

03:07:47 AM  CPU    %usr   %nice    %sys %iowait    %irq   %soft  %steal  %guest  %gnice   %idle
03:07:48 AM  all    0.51    0.00    3.30    0.00    2.03   14.21    0.00    0.00    0.00   79.95
03:07:48 AM    0    0.00    0.00    0.00    0.00    3.00   55.00    0.00    0.00    0.00   42.00
03:07:48 AM    1    1.04    0.00    6.25    0.00    2.08    0.00    0.00    0.00    0.00   90.62
03:07:48 AM    2    0.00    0.00    4.04    0.00    2.02    0.00    0.00    0.00    0.00   93.94
03:07:48 AM    3    1.01    0.00    3.03    0.00    1.01    1.01    0.00    0.00    0.00   93.94

03:07:48 AM  CPU    %usr   %nice    %sys %iowait    %irq   %soft  %steal  %guest  %gnice   %idle
03:07:49 AM  all    0.77    0.00    2.06    0.00    1.55   14.18    0.00    0.00    0.00   81.44
03:07:49 AM    0    0.00    0.00    0.00    0.00    2.02   55.56    0.00    0.00    0.00   42.42
03:07:49 AM    1    1.05    0.00    5.26    0.00    2.11    0.00    0.00    0.00    0.00   91.58
03:07:49 AM    2    1.04    0.00    1.04    0.00    1.04    0.00    0.00    0.00    0.00   96.88
03:07:49 AM    3    1.02    0.00    2.04    0.00    1.02    0.00    0.00    0.00    0.00   95.92

03:07:49 AM  CPU    %usr   %nice    %sys %iowait    %irq   %soft  %steal  %guest  %gnice   %idle
03:07:50 AM  all    1.01    0.00    3.54    0.00    2.03   13.67    0.00    0.00    0.00   79.75
03:07:50 AM    0    0.00    0.00    0.00    0.00    3.03   54.55    0.00    0.00    0.00   42.42
03:07:50 AM    1    0.00    0.00    5.32    0.00    2.13    0.00    0.00    0.00    0.00   92.55
03:07:50 AM    2    1.00    0.00    3.00    0.00    1.00    0.00    0.00    0.00    0.00   95.00
03:07:50 AM    3    2.94    0.00    5.88    0.00    1.96    0.00    0.00    0.00    0.00   89.22

03:07:50 AM  CPU    %usr   %nice    %sys %iowait    %irq   %soft  %steal  %guest  %gnice   %idle
03:07:51 AM  all    0.51    0.00    2.56    0.00    2.05   14.07    0.00    0.00    0.00   80.82
03:07:51 AM    0    0.00    0.00    0.00    0.00    3.00   55.00    0.00    0.00    0.00   42.00
03:07:51 AM    1    1.03    0.00    6.19    0.00    3.09    0.00    0.00    0.00    0.00   89.69
03:07:51 AM    2    0.00    0.00    0.00    0.00    0.00    0.00    0.00    0.00    0.00  100.00
03:07:51 AM    3    1.06    0.00    4.26    0.00    2.13    0.00    0.00    0.00    0.00   92.55

03:07:51 AM  CPU    %usr   %nice    %sys %iowait    %irq   %soft  %steal  %guest  %gnice   %idle
03:07:52 AM  all    0.76    0.00    3.31    0.00    1.53   13.99    0.00    0.00    0.00   80.41
03:07:52 AM    0    0.00    0.00    0.00    0.00    2.02   55.56    0.00    0.00    0.00   42.42
03:07:52 AM    1    1.04    0.00    6.25    0.00    2.08    0.00    0.00    0.00    0.00   90.62
03:07:52 AM    2    0.00    0.00    0.00    0.00    0.00    0.00    0.00    0.00    0.00  100.00
03:07:52 AM    3    2.04    0.00    7.14    0.00    2.04    0.00    0.00    0.00    0.00   88.78

03:07:52 AM  CPU    %usr   %nice    %sys %iowait    %irq   %soft  %steal  %guest  %gnice   %idle
03:07:53 AM  all    0.75    0.00    4.77    0.00    2.01   13.57    0.00    0.00    0.00   78.89
03:07:53 AM    0    0.00    0.00    1.00    0.00    3.00   54.00    0.00    0.00    0.00   42.00
03:07:53 AM    1    1.02    0.00    7.14    0.00    2.04    0.00    0.00    0.00    0.00   89.80
03:07:53 AM    2    1.00    0.00    0.00    0.00    0.00    0.00    0.00    0.00    0.00   99.00
03:07:53 AM    3    1.00    0.00   11.00    0.00    3.00    0.00    0.00    0.00    0.00   85.00

03:07:53 AM  CPU    %usr   %nice    %sys %iowait    %irq   %soft  %steal  %guest  %gnice   %idle
03:07:54 AM  all    0.51    0.00    3.32    0.00    1.53   14.03    0.00    0.00    0.00   80.61
03:07:54 AM    0    0.00    0.00    0.00    0.00    2.02   55.56    0.00    0.00    0.00   42.42
03:07:54 AM    1    1.00    0.00    5.00    0.00    1.00    0.00    0.00    0.00    0.00   93.00
03:07:54 AM    2    0.00    0.00    0.00    0.00    0.00    0.00    0.00    0.00    0.00  100.00
03:07:54 AM    3    1.08    0.00    8.60    0.00    3.23    0.00    0.00    0.00    0.00   87.10

03:07:54 AM  CPU    %usr   %nice    %sys %iowait    %irq   %soft  %steal  %guest  %gnice   %idle
03:07:55 AM  all    0.77    0.00    3.07    0.00    1.79   13.81    0.00    0.00    0.00   80.56
03:07:55 AM    0    0.00    0.00    0.00    0.00    3.06   55.10    0.00    0.00    0.00   41.84
03:07:55 AM    1    0.00    0.00    2.06    0.00    1.03    0.00    0.00    0.00    0.00   96.91
03:07:55 AM    2    0.00    0.00    0.00    0.00    0.00    0.00    0.00    0.00    0.00  100.00
03:07:55 AM    3    3.12    0.00   10.42    0.00    3.12    0.00    0.00    0.00    0.00   83.33

03:07:55 AM  CPU    %usr   %nice    %sys %iowait    %irq   %soft  %steal  %guest  %gnice   %idle
03:07:56 AM  all    1.27    0.00    3.30    0.00    1.52   14.21    0.00    0.00    0.00   79.70
03:07:56 AM    0    0.00    0.00    1.00    0.00    2.00   55.00    0.00    0.00    0.00   42.00
03:07:56 AM    1    2.02    0.00    3.03    0.00    1.01    0.00    0.00    0.00    0.00   93.94
03:07:56 AM    2    0.00    0.00    0.00    0.00    0.00    1.00    0.00    0.00    0.00   99.00
03:07:56 AM    3    3.16    0.00    9.47    0.00    3.16    0.00    0.00    0.00    0.00   84.21

03:07:56 AM  CPU    %usr   %nice    %sys %iowait    %irq   %soft  %steal  %guest  %gnice   %idle
03:07:57 AM  all    0.51    0.00    3.54    0.00    2.27   13.89    0.00    0.00    0.00   79.80
03:07:57 AM    0    0.00    0.00    0.00    0.00    3.00   55.00    0.00    0.00    0.00   42.00
03:07:57 AM    1    0.00    0.00    3.06    0.00    2.04    0.00    0.00    0.00    0.00   94.90
03:07:57 AM    2    0.00    0.00    0.00    0.00    0.00    0.00    0.00    0.00    0.00  100.00
03:07:57 AM    3    2.04    0.00   11.22    0.00    4.08    0.00    0.00    0.00    0.00   82.65

03:07:57 AM  CPU    %usr   %nice    %sys %iowait    %irq   %soft  %steal  %guest  %gnice   %idle
03:07:58 AM  all    0.26    0.00    3.58    0.00    1.79   13.81    0.00    0.00    0.00   80.56
03:07:58 AM    0    0.00    0.00    0.00    0.00    3.03   54.55    0.00    0.00    0.00   42.42
03:07:58 AM    1    0.00    0.00    5.00    0.00    1.00    0.00    0.00    0.00    0.00   94.00
03:07:58 AM    2    1.00    0.00    0.00    0.00    0.00    0.00    0.00    0.00    0.00   99.00
03:07:58 AM    3    0.00    0.00    9.78    0.00    3.26    0.00    0.00    0.00    0.00   86.96

03:07:58 AM  CPU    %usr   %nice    %sys %iowait    %irq   %soft  %steal  %guest  %gnice   %idle
03:07:59 AM  all    1.01    0.00    3.79    0.00    1.52   13.89    0.00    0.00    0.00   79.80
03:07:59 AM    0    0.00    0.00    0.00    0.00    2.02   55.56    0.00    0.00    0.00   42.42
03:07:59 AM    1    0.00    0.00    3.09    0.00    1.03    0.00    0.00    0.00    0.00   95.88
03:07:59 AM    2    0.00    0.00    0.00    0.00    0.00    0.00    0.00    0.00    0.00  100.00
03:07:59 AM    3    4.00    0.00   12.00    0.00    3.00    0.00    0.00    0.00    0.00   81.00

03:07:59 AM  CPU    %usr   %nice    %sys %iowait    %irq   %soft  %steal  %guest  %gnice   %idle
03:08:00 AM  all    0.51    0.00    2.06    0.00    1.80   14.40    0.00    0.00    0.00   81.23
03:08:00 AM    0    0.00    0.00    0.00    0.00    3.12   58.33    0.00    0.00    0.00   38.54
03:08:00 AM    1    0.00    0.00    1.01    0.00    0.00    0.00    0.00    0.00    0.00   98.99
03:08:00 AM    2    0.00    0.00    0.00    0.00    0.00    0.00    0.00    0.00    0.00  100.00
03:08:00 AM    3    2.13    0.00    7.45    0.00    4.26    0.00    0.00    0.00    0.00   86.17

03:08:00 AM  CPU    %usr   %nice    %sys %iowait    %irq   %soft  %steal  %guest  %gnice   %idle
03:08:01 AM  all    0.51    0.00    2.82    0.00    1.54   14.10    0.00    0.00    0.00   81.03
03:08:01 AM    0    0.00    0.00    0.00    0.00    2.06   55.67    0.00    0.00    0.00   42.27
03:08:01 AM    1    0.99    0.00    2.97    0.00    0.99    0.99    0.00    0.00    0.00   94.06
03:08:01 AM    2    0.00    0.00    1.00    0.00    0.00    0.00    0.00    0.00    0.00   99.00
03:08:01 AM    3    1.09    0.00    7.61    0.00    3.26    0.00    0.00    0.00    0.00   88.04

03:08:01 AM  CPU    %usr   %nice    %sys %iowait    %irq   %soft  %steal  %guest  %gnice   %idle
03:08:02 AM  all    0.51    0.00    3.30    0.00    2.03   13.96    0.00    0.00    0.00   80.20
03:08:02 AM    0    0.00    0.00    1.00    0.00    3.00   55.00    0.00    0.00    0.00   41.00
03:08:02 AM    1    0.00    0.00    2.00    0.00    1.00    0.00    0.00    0.00    0.00   97.00
03:08:02 AM    2    1.02    0.00    2.04    0.00    1.02    0.00    0.00    0.00    0.00   95.92
03:08:02 AM    3    1.04    0.00    8.33    0.00    3.12    0.00    0.00    0.00    0.00   87.50

03:08:02 AM  CPU    %usr   %nice    %sys %iowait    %irq   %soft  %steal  %guest  %gnice   %idle
03:08:03 AM  all    0.78    0.00    2.33    0.00    1.81   13.95    0.00    0.00    0.00   81.14
03:08:03 AM    0    0.00    0.00    0.00    0.00    3.03   54.55    0.00    0.00    0.00   42.42
03:08:03 AM    1    0.99    0.00    0.00    0.00    0.00    0.00    0.00    0.00    0.00   99.01
03:08:03 AM    2    1.04    0.00    2.08    0.00    1.04    0.00    0.00    0.00    0.00   95.83
03:08:03 AM    3    1.10    0.00    7.69    0.00    3.30    0.00    0.00    0.00    0.00   87.91

03:08:03 AM  CPU    %usr   %nice    %sys %iowait    %irq   %soft  %steal  %guest  %gnice   %idle
03:08:04 AM  all    0.51    0.00    3.30    0.00    1.78   13.96    0.00    0.00    0.00   80.46
03:08:04 AM    0    0.00    0.00    0.00    0.00    2.02   55.56    0.00    0.00    0.00   42.42
03:08:04 AM    1    0.00    0.00    0.00    0.00    0.00    0.00    0.00    0.00    0.00  100.00
03:08:04 AM    2    0.00    0.00    5.00    0.00    1.00    0.00    0.00    0.00    0.00   94.00
03:08:04 AM    3    2.11    0.00    8.42    0.00    4.21    0.00    0.00    0.00    0.00   85.26

03:08:04 AM  CPU    %usr   %nice    %sys %iowait    %irq   %soft  %steal  %guest  %gnice   %idle
03:08:05 AM  all    1.02    0.00    2.56    0.00    1.79   14.07    0.00    0.00    0.00   80.56
03:08:05 AM    0    0.00    0.00    0.00    0.00    3.00   55.00    0.00    0.00    0.00   42.00
03:08:05 AM    1    0.00    0.00    0.00    0.00    0.00    0.00    0.00    0.00    0.00  100.00
03:08:05 AM    2    1.04    0.00    1.04    0.00    1.04    0.00    0.00    0.00    0.00   96.88
03:08:05 AM    3    3.16    0.00    9.47    0.00    3.16    0.00    0.00    0.00    0.00   84.21

03:08:05 AM  CPU    %usr   %nice    %sys %iowait    %irq   %soft  %steal  %guest  %gnice   %idle
03:08:06 AM  all    1.28    0.00    3.06    0.00    1.79   14.03    0.00    0.00    0.00   79.85
03:08:06 AM    0    0.00    0.00    1.01    0.00    2.02   55.56    0.00    0.00    0.00   41.41
03:08:06 AM    1    1.00    0.00    0.00    0.00    0.00    0.00    0.00    0.00    0.00   99.00
03:08:06 AM    2    1.00    0.00    4.00    0.00    2.00    0.00    0.00    0.00    0.00   93.00
03:08:06 AM    3    3.23    0.00    7.53    0.00    3.23    0.00    0.00    0.00    0.00   86.02

03:08:06 AM  CPU    %usr   %nice    %sys %iowait    %irq   %soft  %steal  %guest  %gnice   %idle
03:08:07 AM  all    0.77    0.00    2.56    0.00    1.79   14.07    0.00    0.00    0.00   80.82
03:08:07 AM    0    0.00    0.00    0.00    0.00    3.00   55.00    0.00    0.00    0.00   42.00
03:08:07 AM    1    0.00    0.00    1.01    0.00    0.00    0.00    0.00    0.00    0.00   98.99
03:08:07 AM    2    0.00    0.00    2.08    0.00    1.04    0.00    0.00    0.00    0.00   96.88
03:08:07 AM    3    3.12    0.00    7.29    0.00    3.12    0.00    0.00    0.00    0.00   86.46

03:08:07 AM  CPU    %usr   %nice    %sys %iowait    %irq   %soft  %steal  %guest  %gnice   %idle
03:08:08 AM  all    1.02    0.00    3.05    0.00    1.78   13.74    0.00    0.00    0.00   80.41
03:08:08 AM    0    0.00    0.00    0.00    0.00    2.04   55.10    0.00    0.00    0.00   42.86
03:08:08 AM    1    0.99    0.00    4.95    0.00    0.99    0.00    0.00    0.00    0.00   93.07
03:08:08 AM    2    1.03    0.00    2.06    0.00    1.03    0.00    0.00    0.00    0.00   95.88
03:08:08 AM    3    2.06    0.00    5.15    0.00    3.09    0.00    0.00    0.00    0.00   89.69

03:08:08 AM  CPU    %usr   %nice    %sys %iowait    %irq   %soft  %steal  %guest  %gnice   %idle
03:08:09 AM  all    0.51    0.00    3.05    0.00    2.04   13.99    0.00    0.00    0.00   80.41
03:08:09 AM    0    0.00    0.00    0.00    0.00    3.00   55.00    0.00    0.00    0.00   42.00
03:08:09 AM    1    1.01    0.00    3.03    0.00    2.02    0.00    0.00    0.00    0.00   93.94
03:08:09 AM    2    0.00    0.00    3.06    0.00    1.02    0.00    0.00    0.00    0.00   95.92
03:08:09 AM    3    1.04    0.00    6.25    0.00    2.08    0.00    0.00    0.00    0.00   90.62

03:08:09 AM  CPU    %usr   %nice    %sys %iowait    %irq   %soft  %steal  %guest  %gnice   %idle
03:08:10 AM  all    0.76    0.00    3.54    0.00    1.52   13.67    0.00    0.00    0.00   80.51
03:08:10 AM    0    0.00    0.00    0.00    0.00    2.04   55.10    0.00    0.00    0.00   42.86
03:08:10 AM    1    1.00    0.00    4.00    0.00    1.00    0.00    0.00    0.00    0.00   94.00
03:08:10 AM    2    1.00    0.00    4.00    0.00    1.00    0.00    0.00    0.00    0.00   94.00
03:08:10 AM    3    1.03    0.00    6.19    0.00    2.06    0.00    0.00    0.00    0.00   90.72

03:08:10 AM  CPU    %usr   %nice    %sys %iowait    %irq   %soft  %steal  %guest  %gnice   %idle
03:08:11 AM  all    1.26    0.00    3.27    0.00    2.02   13.85    0.00    0.00    0.00   79.60
03:08:11 AM    0    0.00    0.00    0.00    0.00    3.00   55.00    0.00    0.00    0.00   42.00
03:08:11 AM    1    0.00    0.00    3.06    0.00    1.02    0.00    0.00    0.00    0.00   95.92
03:08:11 AM    2    3.00    0.00    7.00    0.00    3.00    0.00    0.00    0.00    0.00   87.00
03:08:11 AM    3    2.02    0.00    3.03    0.00    1.01    0.00    0.00    0.00    0.00   93.94

03:08:11 AM  CPU    %usr   %nice    %sys %iowait    %irq   %soft  %steal  %guest  %gnice   %idle
03:08:12 AM  all    0.77    0.00    2.81    0.00    1.79   14.03    0.00    0.00    0.00   80.61
03:08:12 AM    0    0.00    0.00    0.00    0.00    3.03   55.56    0.00    0.00    0.00   41.41
03:08:12 AM    1    1.03    0.00    2.06    0.00    1.03    0.00    0.00    0.00    0.00   95.88
03:08:12 AM    2    2.04    0.00    6.12    0.00    2.04    0.00    0.00    0.00    0.00   89.80
03:08:12 AM    3    0.00    0.00    3.06    0.00    1.02    0.00    0.00    0.00    0.00   95.92

03:08:12 AM  CPU    %usr   %nice    %sys %iowait    %irq   %soft  %steal  %guest  %gnice   %idle
03:08:13 AM  all    0.52    0.00    2.84    0.00    1.80   13.92    0.00    0.00    0.00   80.93
03:08:13 AM    0    0.00    0.00    0.00    0.00    2.06   55.67    0.00    0.00    0.00   42.27
03:08:13 AM    1    0.00    0.00    1.02    0.00    1.02    0.00    0.00    0.00    0.00   97.96
03:08:13 AM    2    2.08    0.00    5.21    0.00    2.08    0.00    0.00    0.00    0.00   90.62
03:08:13 AM    3    0.00    0.00    5.15    0.00    2.06    0.00    0.00    0.00    0.00   92.78

03:08:13 AM  CPU    %usr   %nice    %sys %iowait    %irq   %soft  %steal  %guest  %gnice   %idle
03:08:14 AM  all    0.51    0.00    3.80    0.00    1.77   13.92    0.00    0.00    0.00   80.00
03:08:14 AM    0    0.00    0.00    0.99    0.00    2.97   54.46    0.00    0.00    0.00   41.58
03:08:14 AM    1    0.00    0.00    0.00    0.00    0.00    0.00    0.00    0.00    0.00  100.00
03:08:14 AM    2    1.03    0.00    7.22    0.00    2.06    0.00    0.00    0.00    0.00   89.69
03:08:14 AM    3    1.03    0.00    7.22    0.00    2.06    0.00    0.00    0.00    0.00   89.69

03:08:14 AM  CPU    %usr   %nice    %sys %iowait    %irq   %soft  %steal  %guest  %gnice   %idle
03:08:15 AM  all    0.26    0.00    2.82    0.00    1.79   14.10    0.00    0.00    0.00   81.03
03:08:15 AM    0    0.00    0.00    0.00    0.00    2.02   55.56    0.00    0.00    0.00   42.42
03:08:15 AM    1    0.00    0.00    0.00    0.00    0.00    0.00    0.00    0.00    0.00  100.00
03:08:15 AM    2    1.03    0.00    7.22    0.00    2.06    0.00    0.00    0.00    0.00   89.69
03:08:15 AM    3    0.00    0.00    4.26    0.00    3.19    0.00    0.00    0.00    0.00   92.55

03:08:15 AM  CPU    %usr   %nice    %sys %iowait    %irq   %soft  %steal  %guest  %gnice   %idle
03:08:16 AM  all    0.51    0.00    2.83    0.00    2.06   13.88    0.00    0.00    0.00   80.72
03:08:16 AM    0    0.00    0.00    0.00    0.00    3.03   54.55    0.00    0.00    0.00   42.42
03:08:16 AM    1    0.00    0.00    0.00    0.00    0.00    0.00    0.00    0.00    0.00  100.00
03:08:16 AM    2    0.00    0.00    5.26    0.00    3.16    0.00    0.00    0.00    0.00   91.58
03:08:16 AM    3    2.08    0.00    6.25    0.00    2.08    0.00    0.00    0.00    0.00   89.58

03:08:16 AM  CPU    %usr   %nice    %sys %iowait    %irq   %soft  %steal  %guest  %gnice   %idle
03:08:17 AM  all    1.01    0.00    3.54    0.00    1.52   13.92    0.00    0.00    0.00   80.00
03:08:17 AM    0    0.00    0.00    0.00    0.00    2.02   55.56    0.00    0.00    0.00   42.42
03:08:17 AM    1    0.00    0.00    0.00    0.00    0.00    0.00    0.00    0.00    0.00  100.00
03:08:17 AM    2    2.02    0.00    5.05    0.00    1.01    0.00    0.00    0.00    0.00   91.92
03:08:17 AM    3    2.06    0.00    9.28    0.00    3.09    0.00    0.00    0.00    0.00   85.57

03:08:17 AM  CPU    %usr   %nice    %sys %iowait    %irq   %soft  %steal  %guest  %gnice   %idle
03:08:18 AM  all    1.02    0.00    2.30    0.00    1.79   14.07    0.00    0.00    0.00   80.82
03:08:18 AM    0    0.00    0.00    0.00    0.00    3.03   55.56    0.00    0.00    0.00   41.41
03:08:18 AM    1    0.00    0.00    0.00    0.00    0.00    0.00    0.00    0.00    0.00  100.00
03:08:18 AM    2    2.04    0.00    4.08    0.00    2.04    0.00    0.00    0.00    0.00   91.84
03:08:18 AM    3    2.11    0.00    5.26    0.00    2.11    0.00    0.00    0.00    0.00   90.53

03:08:18 AM  CPU    %usr   %nice    %sys %iowait    %irq   %soft  %steal  %guest  %gnice   %idle
03:08:19 AM  all    1.28    0.00    2.56    0.00    1.79   13.85    0.00    0.00    0.00   80.51
03:08:19 AM    0    0.99    0.00    0.99    0.00    2.97   53.47    0.00    0.00    0.00   41.58
03:08:19 AM    1    1.03    0.00    2.06    0.00    1.03    0.00    0.00    0.00    0.00   95.88
03:08:19 AM    2    0.00    0.00    2.11    0.00    1.05    0.00    0.00    0.00    0.00   96.84
03:08:19 AM    3    3.09    0.00    5.15    0.00    2.06    0.00    0.00    0.00    0.00   89.69

03:08:19 AM  CPU    %usr   %nice    %sys %iowait    %irq   %soft  %steal  %guest  %gnice   %idle
03:08:20 AM  all    0.76    0.00    3.31    0.00    1.78   13.99    0.00    0.00    0.00   80.15
03:08:20 AM    0    0.00    0.00    0.00    0.00    2.02   55.56    0.00    0.00    0.00   42.42
03:08:20 AM    1    1.02    0.00    3.06    0.00    1.02    0.00    0.00    0.00    0.00   94.90
03:08:20 AM    2    0.00    0.00    5.05    0.00    1.01    0.00    0.00    0.00    0.00   93.94
03:08:20 AM    3    2.06    0.00    5.15    0.00    3.09    0.00    0.00    0.00    0.00   89.69

03:08:20 AM  CPU    %usr   %nice    %sys %iowait    %irq   %soft  %steal  %guest  %gnice   %idle
03:08:21 AM  all    0.25    0.00    3.30    0.00    2.03   13.96    0.00    0.00    0.00   80.46
03:08:21 AM    0    0.00    0.00    0.00    0.00    3.00   55.00    0.00    0.00    0.00   42.00
03:08:21 AM    1    0.00    0.00    3.03    0.00    2.02    0.00    0.00    0.00    0.00   94.95
03:08:21 AM    2    1.01    0.00    3.03    0.00    1.01    0.00    0.00    0.00    0.00   94.95
03:08:21 AM    3    0.00    0.00    7.29    0.00    2.08    0.00    0.00    0.00    0.00   90.62

03:08:21 AM  CPU    %usr   %nice    %sys %iowait    %irq   %soft  %steal  %guest  %gnice   %idle
03:08:22 AM  all    0.76    0.00    3.80    0.00    1.77   13.92    0.00    0.00    0.00   79.75
03:08:22 AM    0    0.00    0.00    1.01    0.00    2.02   54.55    0.00    0.00    0.00   42.42
03:08:22 AM    1    0.00    0.00    5.05    0.00    1.01    0.00    0.00    0.00    0.00   93.94
03:08:22 AM    2    1.01    0.00    3.03    0.00    2.02    0.00    0.00    0.00    0.00   93.94
03:08:22 AM    3    2.04    0.00    6.12    0.00    2.04    1.02    0.00    0.00    0.00   88.78

03:08:22 AM  CPU    %usr   %nice    %sys %iowait    %irq   %soft  %steal  %guest  %gnice   %idle
03:08:23 AM  all    1.01    0.00    3.54    0.00    1.77   13.89    0.00    0.00    0.00   79.80
03:08:23 AM    0    0.00    0.00    0.00    0.00    3.00   55.00    0.00    0.00    0.00   42.00
03:08:23 AM    1    1.98    0.00    3.96    0.00    0.99    0.00    0.00    0.00    0.00   93.07
03:08:23 AM    2    0.00    0.00    3.09    0.00    1.03    0.00    0.00    0.00    0.00   95.88
03:08:23 AM    3    2.04    0.00    7.14    0.00    2.04    0.00    0.00    0.00    0.00   88.78

03:08:23 AM  CPU    %usr   %nice    %sys %iowait    %irq   %soft  %steal  %guest  %gnice   %idle
03:08:24 AM  all    1.03    0.00    2.31    0.00    1.79   14.10    0.00    0.00    0.00   80.77
03:08:24 AM    0    0.00    0.00    0.00    0.00    2.04   56.12    0.00    0.00    0.00   41.84
03:08:24 AM    1    0.00    0.00    3.09    0.00    1.03    0.00    0.00    0.00    0.00   95.88
03:08:24 AM    2    2.02    0.00    2.02    0.00    1.01    0.00    0.00    0.00    0.00   94.95
03:08:24 AM    3    2.08    0.00    4.17    0.00    3.12    0.00    0.00    0.00    0.00   90.62

03:08:24 AM  CPU    %usr   %nice    %sys %iowait    %irq   %soft  %steal  %guest  %gnice   %idle
03:08:25 AM  all    0.26    0.00    2.57    0.00    1.80   13.88    0.00    0.00    0.00   81.49
03:08:25 AM    0    0.00    0.00    0.00    0.00    3.00   54.00    0.00    0.00    0.00   43.00
03:08:25 AM    1    0.00    0.00    2.06    0.00    1.03    0.00    0.00    0.00    0.00   96.91
03:08:25 AM    2    0.00    0.00    1.05    0.00    1.05    0.00    0.00    0.00    0.00   97.89
03:08:25 AM    3    1.03    0.00    7.22    0.00    2.06    0.00    0.00    0.00    0.00   89.69

03:08:25 AM  CPU    %usr   %nice    %sys %iowait    %irq   %soft  %steal  %guest  %gnice   %idle
03:08:26 AM  all    1.27    0.00    3.04    0.00    2.03   13.92    0.00    0.00    0.00   79.75
03:08:26 AM    0    0.00    0.00    0.00    0.00    3.00   55.00    0.00    0.00    0.00   42.00
03:08:26 AM    1    2.06    0.00    5.15    0.00    3.09    0.00    0.00    0.00    0.00   89.69
03:08:26 AM    2    1.98    0.00    0.99    0.00    0.00    0.00    0.00    0.00    0.00   97.03
03:08:26 AM    3    1.03    0.00    6.19    0.00    2.06    0.00    0.00    0.00    0.00   90.72

03:08:26 AM  CPU    %usr   %nice    %sys %iowait    %irq   %soft  %steal  %guest  %gnice   %idle
03:08:27 AM  all    0.51    0.00    3.57    0.00    1.53   14.03    0.00    0.00    0.00   80.36
03:08:27 AM    0    0.00    0.00    0.00    0.00    2.04   56.12    0.00    0.00    0.00   41.84
03:08:27 AM    1    2.11    0.00    9.47    0.00    3.16    0.00    0.00    0.00    0.00   85.26
03:08:27 AM    2    0.00    0.00    0.00    0.00    0.00    0.00    0.00    0.00    0.00  100.00
03:08:27 AM    3    0.00    0.00    5.05    0.00    1.01    0.00    0.00    0.00    0.00   93.94

03:08:27 AM  CPU    %usr   %nice    %sys %iowait    %irq   %soft  %steal  %guest  %gnice   %idle
03:08:28 AM  all    0.77    0.00    2.30    0.00    2.05   13.81    0.00    0.00    0.00   81.07
03:08:28 AM    0    0.00    0.00    0.00    0.00    3.03   54.55    0.00    0.00    0.00   42.42
03:08:28 AM    1    2.17    0.00    6.52    0.00    3.26    0.00    0.00    0.00    0.00   88.04
03:08:28 AM    2    0.00    0.00    0.00    0.00    0.00    0.00    0.00    0.00    0.00  100.00
03:08:28 AM    3    1.00    0.00    3.00    0.00    2.00    0.00    0.00    0.00    0.00   94.00

03:08:28 AM  CPU    %usr   %nice    %sys %iowait    %irq   %soft  %steal  %guest  %gnice   %idle
03:08:29 AM  all    0.52    0.00    2.06    0.00    1.80   14.18    0.00    0.00    0.00   81.44
03:08:29 AM    0    0.00    0.00    0.00    0.00    2.00   55.00    0.00    0.00    0.00   43.00
03:08:29 AM    1    2.17    0.00    6.52    0.00    4.35    0.00    0.00    0.00    0.00   86.96
03:08:29 AM    2    0.00    0.00    0.00    0.00    0.00    0.00    0.00    0.00    0.00  100.00
03:08:29 AM    3    0.00    0.00    2.08    0.00    1.04    0.00    0.00    0.00    0.00   96.88

03:08:29 AM  CPU    %usr   %nice    %sys %iowait    %irq   %soft  %steal  %guest  %gnice   %idle
03:08:30 AM  all    0.51    0.00    3.57    0.00    1.79   13.78    0.00    0.00    0.00   80.36
03:08:30 AM    0    0.00    0.00    0.00    0.00    3.06   55.10    0.00    0.00    0.00   41.84
03:08:30 AM    1    2.06    0.00   10.31    0.00    3.09    0.00    0.00    0.00    0.00   84.54
03:08:30 AM    2    0.00    0.00    0.00    0.00    0.00    0.00    0.00    0.00    0.00  100.00
03:08:30 AM    3    0.00    0.00    4.12    0.00    1.03    0.00    0.00    0.00    0.00   94.85

03:08:30 AM  CPU    %usr   %nice    %sys %iowait    %irq   %soft  %steal  %guest  %gnice   %idle
03:08:31 AM  all    0.77    0.00    2.30    0.00    1.79   14.03    0.00    0.00    0.00   81.12
03:08:31 AM    0    0.00    0.00    0.00    0.00    2.02   55.56    0.00    0.00    0.00   42.42
03:08:31 AM    1    1.01    0.00    5.05    0.00    2.02    0.00    0.00    0.00    0.00   91.92
03:08:31 AM    2    0.00    0.00    1.01    0.00    1.01    0.00    0.00    0.00    0.00   97.98
03:08:31 AM    3    2.11    0.00    3.16    0.00    2.11    0.00    0.00    0.00    0.00   92.63

03:08:31 AM  CPU    %usr   %nice    %sys %iowait    %irq   %soft  %steal  %guest  %gnice   %idle
03:08:32 AM  all    0.76    0.00    3.30    0.00    2.03   13.96    0.00    0.00    0.00   79.95
03:08:32 AM    0    0.00    0.00    0.00    0.00    3.00   55.00    0.00    0.00    0.00   42.00
03:08:32 AM    1    0.00    0.00    4.08    0.00    1.02    0.00    0.00    0.00    0.00   94.90
03:08:32 AM    2    1.02    0.00    3.06    0.00    1.02    0.00    0.00    0.00    0.00   94.90
03:08:32 AM    3    2.04    0.00    6.12    0.00    3.06    0.00    0.00    0.00    0.00   88.78

03:08:32 AM  CPU    %usr   %nice    %sys %iowait    %irq   %soft  %steal  %guest  %gnice   %idle
03:08:33 AM  all    0.26    0.00    2.57    0.00    1.80   13.88    0.00    0.00    0.00   81.49
03:08:33 AM    0    0.00    0.00    0.00    0.00    3.03   54.55    0.00    0.00    0.00   42.42
03:08:33 AM    1    1.02    0.00    2.04    0.00    1.02    0.00    0.00    0.00    0.00   95.92
03:08:33 AM    2    0.00    0.00    2.06    0.00    1.03    0.00    0.00    0.00    0.00   96.91
03:08:33 AM    3    0.00    0.00    6.32    0.00    2.11    0.00    0.00    0.00    0.00   91.58

03:08:33 AM  CPU    %usr   %nice    %sys %iowait    %irq   %soft  %steal  %guest  %gnice   %idle
03:08:34 AM  all    0.51    0.00    3.07    0.00    1.53   14.07    0.00    0.00    0.00   80.82
03:08:34 AM    0    0.00    0.00    0.00    0.00    2.00   55.00    0.00    0.00    0.00   43.00
03:08:34 AM    1    0.00    0.00    2.08    0.00    1.04    0.00    0.00    0.00    0.00   96.88
03:08:34 AM    2    1.02    0.00    7.14    0.00    2.04    0.00    0.00    0.00    0.00   89.80
03:08:34 AM    3    1.03    0.00    3.09    0.00    1.03    0.00    0.00    0.00    0.00   94.85

03:08:34 AM  CPU    %usr   %nice    %sys %iowait    %irq   %soft  %steal  %guest  %gnice   %idle
03:08:35 AM  all    0.51    0.00    2.55    0.00    2.04   13.78    0.00    0.00    0.00   81.12
03:08:35 AM    0    0.00    0.00    0.00    0.00    3.03   54.55    0.00    0.00    0.00   42.42
03:08:35 AM    1    1.01    0.00    3.03    0.00    1.01    0.00    0.00    0.00    0.00   94.95
03:08:35 AM    2    1.04    0.00    4.17    0.00    3.12    0.00    0.00    0.00    0.00   91.67
03:08:35 AM    3    0.00    0.00    3.06    0.00    1.02    0.00    0.00    0.00    0.00   95.92

03:08:35 AM  CPU    %usr   %nice    %sys %iowait    %irq   %soft  %steal  %guest  %gnice   %idle
03:08:36 AM  all    1.27    0.00    3.54    0.00    1.77   13.92    0.00    0.00    0.00   79.49
03:08:36 AM    0    0.00    0.00    1.00    0.00    2.00   55.00    0.00    0.00    0.00   42.00
03:08:36 AM    1    0.00    0.00    1.04    0.00    1.04    0.00    0.00    0.00    0.00   97.92
03:08:36 AM    2    3.03    0.00    8.08    0.00    2.02    0.00    0.00    0.00    0.00   86.87
03:08:36 AM    3    2.00    0.00    4.00    0.00    2.00    0.00    0.00    0.00    0.00   92.00

03:08:36 AM  CPU    %usr   %nice    %sys %iowait    %irq   %soft  %steal  %guest  %gnice   %idle
03:08:37 AM  all    0.51    0.00    2.80    0.00    2.04   13.99    0.00    0.00    0.00   80.66
03:08:37 AM    0    0.00    0.00    0.00    0.00    3.00   54.00    0.00    0.00    0.00   43.00
03:08:37 AM    1    0.00    0.00    0.00    0.00    1.00    0.00    0.00    0.00    0.00   99.00
03:08:37 AM    2    1.04    0.00    5.21    0.00    2.08    1.04    0.00    0.00    0.00   90.62
03:08:37 AM    3    1.03    0.00    6.19    0.00    2.06    0.00    0.00    0.00    0.00   90.72

03:08:37 AM  CPU    %usr   %nice    %sys %iowait    %irq   %soft  %steal  %guest  %gnice   %idle
03:08:38 AM  all    0.77    0.00    2.83    0.00    1.54   13.88    0.00    0.00    0.00   80.98
03:08:38 AM    0    0.00    0.00    0.00    0.00    2.06   55.67    0.00    0.00    0.00   42.27
03:08:38 AM    1    1.01    0.00    4.04    0.00    1.01    0.00    0.00    0.00    0.00   93.94
03:08:38 AM    2    1.05    0.00    5.26    0.00    2.11    0.00    0.00    0.00    0.00   91.58
03:08:38 AM    3    1.02    0.00    2.04    0.00    1.02    0.00    0.00    0.00    0.00   95.92

03:08:38 AM  CPU    %usr   %nice    %sys %iowait    %irq   %soft  %steal  %guest  %gnice   %idle
03:08:39 AM  all    1.00    0.00    4.26    0.00    2.01   14.04    0.00    0.00    0.00   78.70
03:08:39 AM    0    0.00    0.00    0.00    0.00    3.00   55.00    0.00    0.00    0.00   42.00
03:08:39 AM    1    0.98    0.00    2.94    0.00    0.00    0.98    0.00    0.00    0.00   95.10
03:08:39 AM    2    2.00    0.00    9.00    0.00    3.00    0.00    0.00    0.00    0.00   86.00
03:08:39 AM    3    1.03    0.00    5.15    0.00    2.06    0.00    0.00    0.00    0.00   91.75

03:08:39 AM  CPU    %usr   %nice    %sys %iowait    %irq   %soft  %steal  %guest  %gnice   %idle
03:08:40 AM  all    0.51    0.00    3.32    0.00    1.79   13.78    0.00    0.00    0.00   80.61
03:08:40 AM    0    0.00    0.00    0.00    0.00    3.03   54.55    0.00    0.00    0.00   42.42
03:08:40 AM    1    0.00    0.00    0.00    0.00    0.00    0.00    0.00    0.00    0.00  100.00
03:08:40 AM    2    1.03    0.00    7.22    0.00    2.06    0.00    0.00    0.00    0.00   89.69
03:08:40 AM    3    1.04    0.00    6.25    0.00    2.08    0.00    0.00    0.00    0.00   90.62

03:08:40 AM  CPU    %usr   %nice    %sys %iowait    %irq   %soft  %steal  %guest  %gnice   %idle
03:08:41 AM  all    0.77    0.00    2.81    0.00    1.53   14.32    0.00    0.00    0.00   80.56
03:08:41 AM    0    0.00    0.00    0.00    0.00    2.04   57.14    0.00    0.00    0.00   40.82
03:08:41 AM    1    0.00    0.00    0.00    0.00    0.00    0.00    0.00    0.00    0.00  100.00
03:08:41 AM    2    2.11    0.00    6.32    0.00    2.11    0.00    0.00    0.00    0.00   89.47
03:08:41 AM    3    1.02    0.00    5.10    0.00    2.04    0.00    0.00    0.00    0.00   91.84

03:08:41 AM  CPU    %usr   %nice    %sys %iowait    %irq   %soft  %steal  %guest  %gnice   %idle
03:08:42 AM  all    0.75    0.00    4.27    0.00    2.26   13.82    0.00    0.00    0.00   78.89
03:08:42 AM    0    0.00    0.00    2.02    0.00    3.03   55.56    0.00    0.00    0.00   39.39
03:08:42 AM    1    1.00    0.00    0.00    0.00    1.00    0.00    0.00    0.00    0.00   98.00
03:08:42 AM    2    1.01    0.00   12.12    0.00    4.04    0.00    0.00    0.00    0.00   82.83
03:08:42 AM    3    1.00    0.00    3.00    0.00    1.00    0.00    0.00    0.00    0.00   95.00

03:08:42 AM  CPU    %usr   %nice    %sys %iowait    %irq   %soft  %steal  %guest  %gnice   %idle
03:08:43 AM  all    0.78    0.00    2.33    0.00    1.55   13.95    0.00    0.00    0.00   81.40
03:08:43 AM    0    0.00    0.00    0.00    0.00    2.04   55.10    0.00    0.00    0.00   42.86
03:08:43 AM    1    0.00    0.00    0.00    0.00    0.00    0.00    0.00    0.00    0.00  100.00
03:08:43 AM    2    3.30    0.00    5.49    0.00    3.30    0.00    0.00    0.00    0.00   87.91
03:08:43 AM    3    0.00    0.00    4.08    0.00    1.02    0.00    0.00    0.00    0.00   94.90

03:08:43 AM  CPU    %usr   %nice    %sys %iowait    %irq   %soft  %steal  %guest  %gnice   %idle
03:08:44 AM  all    0.26    0.00    2.06    0.00    1.80   14.18    0.00    0.00    0.00   81.70
03:08:44 AM    0    0.00    0.00    0.00    0.00    3.00   55.00    0.00    0.00    0.00   42.00
03:08:44 AM    1    0.00    0.00    0.00    0.00    0.00    0.00    0.00    0.00    0.00  100.00
03:08:44 AM    2    0.00    0.00    6.59    0.00    3.30    0.00    0.00    0.00    0.00   90.11
03:08:44 AM    3    1.03    0.00    2.06    0.00    1.03    0.00    0.00    0.00    0.00   95.88

03:08:44 AM  CPU    %usr   %nice    %sys %iowait    %irq   %soft  %steal  %guest  %gnice   %idle
03:08:45 AM  all    1.02    0.00    3.56    0.00    1.78   13.74    0.00    0.00    0.00   79.90
03:08:45 AM    0    0.00    0.00    1.01    0.00    2.02   54.55    0.00    0.00    0.00   42.42
03:08:45 AM    1    0.00    0.00    0.99    0.00    0.00    0.00    0.00    0.00    0.00   99.01
03:08:45 AM    2    2.04    0.00    5.10    0.00    2.04    0.00    0.00    0.00    0.00   90.82
03:08:45 AM    3    2.11    0.00    7.37    0.00    3.16    0.00    0.00    0.00    0.00   87.37

03:08:45 AM  CPU    %usr   %nice    %sys %iowait    %irq   %soft  %steal  %guest  %gnice   %idle
03:08:46 AM  all    0.52    0.00    2.06    0.00    1.80   14.18    0.00    0.00    0.00   81.44
03:08:46 AM    0    0.00    0.00    0.00    0.00    3.00   55.00    0.00    0.00    0.00   42.00
03:08:46 AM    1    0.00    0.00    0.00    0.00    0.00    0.00    0.00    0.00    0.00  100.00
03:08:46 AM    2    0.00    0.00    3.09    0.00    1.03    0.00    0.00    0.00    0.00   95.88
03:08:46 AM    3    2.20    0.00    5.49    0.00    3.30    0.00    0.00    0.00    0.00   89.01

03:08:46 AM  CPU    %usr   %nice    %sys %iowait    %irq   %soft  %steal  %guest  %gnice   %idle
03:08:47 AM  all    0.76    0.00    3.56    0.00    1.53   13.99    0.00    0.00    0.00   80.15
03:08:47 AM    0    0.00    0.00    0.00    0.00    2.02   55.56    0.00    0.00    0.00   42.42
03:08:47 AM    1    1.00    0.00    4.00    0.00    0.00    0.00    0.00    0.00    0.00   95.00
03:08:47 AM    2    2.02    0.00    3.03    0.00    1.01    0.00    0.00    0.00    0.00   93.94
03:08:47 AM    3    0.00    0.00    7.37    0.00    3.16    0.00    0.00    0.00    0.00   89.47

03:08:47 AM  CPU    %usr   %nice    %sys %iowait    %irq   %soft  %steal  %guest  %gnice   %idle
03:08:48 AM  all    0.76    0.00    3.05    0.00    1.78   13.99    0.00    0.00    0.00   80.41
03:08:48 AM    0    1.01    0.00    1.01    0.00    3.03   55.56    0.00    0.00    0.00   39.39
03:08:48 AM    1    0.00    0.00    5.05    0.00    2.02    0.00    0.00    0.00    0.00   92.93
03:08:48 AM    2    0.00    0.00    2.06    0.00    1.03    0.00    0.00    0.00    0.00   96.91
03:08:48 AM    3    2.04    0.00    4.08    0.00    1.02    0.00    0.00    0.00    0.00   92.86

03:08:48 AM  CPU    %usr   %nice    %sys %iowait    %irq   %soft  %steal  %guest  %gnice   %idle
03:08:49 AM  all    0.75    0.00    4.75    0.00    1.75   14.00    0.00    0.00    0.00   78.75
03:08:49 AM    0    0.00    0.00    0.00    0.00    3.00   55.00    0.00    0.00    0.00   42.00
03:08:49 AM    1    0.00    0.00    3.09    0.00    1.03    0.00    0.00    0.00    0.00   95.88
03:08:49 AM    2    0.99    0.00    5.94    0.00    0.99    0.00    0.00    0.00    0.00   92.08
03:08:49 AM    3    1.96    0.00    9.80    0.00    1.96    0.98    0.00    0.00    0.00   85.29

03:08:49 AM  CPU    %usr   %nice    %sys %iowait    %irq   %soft  %steal  %guest  %gnice   %idle
03:08:50 AM  all    1.02    0.00    2.81    0.00    1.79   13.78    0.00    0.00    0.00   80.61
03:08:50 AM    0    0.00    0.00    0.00    0.00    2.06   55.67    0.00    0.00    0.00   42.27
03:08:50 AM    1    1.06    0.00    3.19    0.00    2.13    0.00    0.00    0.00    0.00   93.62
03:08:50 AM    2    0.00    0.00    0.00    0.00    0.00    0.00    0.00    0.00    0.00  100.00
03:08:50 AM    3    2.97    0.00    7.92    0.00    2.97    0.00    0.00    0.00    0.00   86.14

03:08:50 AM  CPU    %usr   %nice    %sys %iowait    %irq   %soft  %steal  %guest  %gnice   %idle
03:08:51 AM  all    0.76    0.00    3.54    0.00    2.03   13.92    0.00    0.00    0.00   79.75
03:08:51 AM    0    0.00    0.00    0.00    0.00    3.00   55.00    0.00    0.00    0.00   42.00
03:08:51 AM    1    1.01    0.00    6.06    0.00    2.02    0.00    0.00    0.00    0.00   90.91
03:08:51 AM    2    1.01    0.00    1.01    0.00    1.01    0.00    0.00    0.00    0.00   96.97
03:08:51 AM    3    1.03    0.00    7.22    0.00    2.06    0.00    0.00    0.00    0.00   89.69

03:08:51 AM  CPU    %usr   %nice    %sys %iowait    %irq   %soft  %steal  %guest  %gnice   %idle
03:08:52 AM  all    0.76    0.00    3.30    0.00    1.52   13.96    0.00    0.00    0.00   80.46
03:08:52 AM    0    0.00    0.00    0.00    0.00    2.02   55.56    0.00    0.00    0.00   42.42
03:08:52 AM    1    1.01    0.00    3.03    0.00    1.01    0.00    0.00    0.00    0.00   94.95
03:08:52 AM    2    1.00    0.00    4.00    0.00    1.00    0.00    0.00    0.00    0.00   94.00
03:08:52 AM    3    1.04    0.00    6.25    0.00    2.08    0.00    0.00    0.00    0.00   90.62

03:08:52 AM  CPU    %usr   %nice    %sys %iowait    %irq   %soft  %steal  %guest  %gnice   %idle
03:08:53 AM  all    0.76    0.00    4.05    0.00    1.77   13.67    0.00    0.00    0.00   79.75
03:08:53 AM    0    0.00    0.00    0.00    0.00    3.03   54.55    0.00    0.00    0.00   42.42
03:08:53 AM    1    1.01    0.00    4.04    0.00    1.01    0.00    0.00    0.00    0.00   93.94
03:08:53 AM    2    1.01    0.00    4.04    0.00    1.01    0.00    0.00    0.00    0.00   93.94
03:08:53 AM    3    1.02    0.00    8.16    0.00    2.04    0.00    0.00    0.00    0.00   88.78

03:08:53 AM  CPU    %usr   %nice    %sys %iowait    %irq   %soft  %steal  %guest  %gnice   %idle
03:08:54 AM  all    0.25    0.00    2.80    0.00    2.29   13.99    0.00    0.00    0.00   80.66
03:08:54 AM    0    0.00    0.00    0.00    0.00    2.02   55.56    0.00    0.00    0.00   42.42
03:08:54 AM    1    0.00    0.00    4.00    0.00    2.00    0.00    0.00    0.00    0.00   94.00
03:08:54 AM    2    0.00    0.00    2.04    0.00    2.04    0.00    0.00    0.00    0.00   95.92
03:08:54 AM    3    1.04    0.00    5.21    0.00    3.12    0.00    0.00    0.00    0.00   90.62

03:08:54 AM  CPU    %usr   %nice    %sys %iowait    %irq   %soft  %steal  %guest  %gnice   %idle
03:08:55 AM  all    0.51    0.00    3.32    0.00    1.79   14.03    0.00    0.00    0.00   80.36
03:08:55 AM    0    0.00    0.00    0.00    0.00    3.00   55.00    0.00    0.00    0.00   42.00
03:08:55 AM    1    1.01    0.00    4.04    0.00    1.01    0.00    0.00    0.00    0.00   93.94
03:08:55 AM    2    1.03    0.00    2.06    0.00    1.03    0.00    0.00    0.00    0.00   95.88
03:08:55 AM    3    0.00    0.00    7.29    0.00    2.08    0.00    0.00    0.00    0.00   90.62

03:08:55 AM  CPU    %usr   %nice    %sys %iowait    %irq   %soft  %steal  %guest  %gnice   %idle
03:08:56 AM  all    1.02    0.00    3.05    0.00    1.78   13.96    0.00    0.00    0.00   80.20
03:08:56 AM    0    0.00    0.00    0.00    0.00    3.03   55.56    0.00    0.00    0.00   41.41
03:08:56 AM    1    1.02    0.00    3.06    0.00    1.02    0.00    0.00    0.00    0.00   94.90
03:08:56 AM    2    2.02    0.00    3.03    0.00    1.01    0.00    0.00    0.00    0.00   93.94
03:08:56 AM    3    1.02    0.00    6.12    0.00    2.04    0.00    0.00    0.00    0.00   90.82

03:08:56 AM  CPU    %usr   %nice    %sys %iowait    %irq   %soft  %steal  %guest  %gnice   %idle
03:08:57 AM  all    0.51    0.00    3.34    0.00    1.54   14.14    0.00    0.00    0.00   80.46
03:08:57 AM    0    0.00    0.00    0.00    0.00    2.06   56.70    0.00    0.00    0.00   41.24
03:08:57 AM    1    0.00    0.00    4.12    0.00    1.03    0.00    0.00    0.00    0.00   94.85
03:08:57 AM    2    1.02    0.00    5.10    0.00    2.04    0.00    0.00    0.00    0.00   91.84
03:08:57 AM    3    1.03    0.00    4.12    0.00    1.03    0.00    0.00    0.00    0.00   93.81

03:08:57 AM  CPU    %usr   %nice    %sys %iowait    %irq   %soft  %steal  %guest  %gnice   %idle
03:08:58 AM  all    1.26    0.00    3.02    0.00    2.26   13.57    0.00    0.00    0.00   79.90
03:08:58 AM    0    0.00    0.00    0.00    0.00    3.00   54.00    0.00    0.00    0.00   43.00
03:08:58 AM    1    2.97    0.00    1.98    0.00    1.98    0.00    0.00    0.00    0.00   93.07
03:08:58 AM    2    2.04    0.00    7.14    0.00    2.04    0.00    0.00    0.00    0.00   88.78
03:08:58 AM    3    0.00    0.00    3.03    0.00    2.02    0.00    0.00    0.00    0.00   94.95

03:08:58 AM  CPU    %usr   %nice    %sys %iowait    %irq   %soft  %steal  %guest  %gnice   %idle
03:08:59 AM  all    0.77    0.00    3.08    0.00    1.29   14.14    0.00    0.00    0.00   80.72
03:08:59 AM    0    0.00    0.00    1.01    0.00    2.02   55.56    0.00    0.00    0.00   41.41
03:08:59 AM    1    1.02    0.00    3.06    0.00    1.02    0.00    0.00    0.00    0.00   94.90
03:08:59 AM    2    1.04    0.00    4.17    0.00    1.04    0.00    0.00    0.00    0.00   93.75
03:08:59 AM    3    1.04    0.00    4.17    0.00    1.04    0.00    0.00    0.00    0.00   93.75

03:08:59 AM  CPU    %usr   %nice    %sys %iowait    %irq   %soft  %steal  %guest  %gnice   %idle
03:09:00 AM  all    0.50    0.00    4.52    0.00    2.01   13.82    0.00    0.00    0.00   79.15
03:09:00 AM    0    0.00    0.00    0.00    0.00    3.03   55.56    0.00    0.00    0.00   41.41
03:09:00 AM    1    0.00    0.00    5.05    0.00    1.01    0.00    0.00    0.00    0.00   93.94
03:09:00 AM    2    0.99    0.00    3.96    0.00    1.98    0.00    0.00    0.00    0.00   93.07
03:09:00 AM    3    1.01    0.00    9.09    0.00    2.02    0.00    0.00    0.00    0.00   87.88

03:09:00 AM  CPU    %usr   %nice    %sys %iowait    %irq   %soft  %steal  %guest  %gnice   %idle
03:09:01 AM  all    1.02    0.00    3.30    0.00    1.78   13.71    0.00    0.00    0.00   80.20
03:09:01 AM    0    0.00    0.00    0.00    0.00    2.04   55.10    0.00    0.00    0.00   42.86
03:09:01 AM    1    0.99    0.00    4.95    0.00    0.99    0.00    0.00    0.00    0.00   93.07
03:09:01 AM    2    0.00    0.00    3.09    0.00    1.03    0.00    0.00    0.00    0.00   95.88
03:09:01 AM    3    3.06    0.00    5.10    0.00    3.06    0.00    0.00    0.00    0.00   88.78

03:09:01 AM  CPU    %usr   %nice    %sys %iowait    %irq   %soft  %steal  %guest  %gnice   %idle
03:09:02 AM  all    1.01    0.00    3.04    0.00    1.77   13.92    0.00    0.00    0.00   80.25
03:09:02 AM    0    0.00    0.00    0.00    0.00    3.00   55.00    0.00    0.00    0.00   42.00
03:09:02 AM    1    1.02    0.00    3.06    0.00    1.02    0.00    0.00    0.00    0.00   94.90
03:09:02 AM    2    1.00    0.00    4.00    0.00    1.00    0.00    0.00    0.00    0.00   94.00
03:09:02 AM    3    2.06    0.00    5.15    0.00    2.06    0.00    0.00    0.00    0.00   90.72

03:09:02 AM  CPU    %usr   %nice    %sys %iowait    %irq   %soft  %steal  %guest  %gnice   %idle
03:09:03 AM  all    0.51    0.00    3.80    0.00    2.03   13.92    0.00    0.00    0.00   79.75
03:09:03 AM    0    0.00    0.00    0.00    0.00    3.03   55.56    0.00    0.00    0.00   41.41
03:09:03 AM    1    0.00    0.00    5.00    0.00    2.00    0.00    0.00    0.00    0.00   93.00
03:09:03 AM    2    2.00    0.00    3.00    0.00    1.00    0.00    0.00    0.00    0.00   94.00
03:09:03 AM    3    0.00    0.00    7.29    0.00    2.08    0.00    0.00    0.00    0.00   90.62

03:09:03 AM  CPU    %usr   %nice    %sys %iowait    %irq   %soft  %steal  %guest  %gnice   %idle
03:09:04 AM  all    0.77    0.00    2.55    0.00    1.79   14.03    0.00    0.00    0.00   80.87
03:09:04 AM    0    0.00    0.00    0.00    0.00    2.02   55.56    0.00    0.00    0.00   42.42
03:09:04 AM    1    1.03    0.00    1.03    0.00    1.03    0.00    0.00    0.00    0.00   96.91
03:09:04 AM    2    0.00    0.00    3.06    0.00    1.02    0.00    0.00    0.00    0.00   95.92
03:09:04 AM    3    2.04    0.00    6.12    0.00    3.06    0.00    0.00    0.00    0.00   88.78

03:09:04 AM  CPU    %usr   %nice    %sys %iowait    %irq   %soft  %steal  %guest  %gnice   %idle
03:09:05 AM  all    0.00    0.00    3.83    0.00    1.79   13.78    0.00    0.00    0.00   80.61
03:09:05 AM    0    0.00    0.00    0.00    0.00    3.03   54.55    0.00    0.00    0.00   42.42
03:09:05 AM    1    0.00    0.00    4.08    0.00    1.02    0.00    0.00    0.00    0.00   94.90
03:09:05 AM    2    0.00    0.00    4.08    0.00    1.02    0.00    0.00    0.00    0.00   94.90
03:09:05 AM    3    0.00    0.00    7.22    0.00    2.06    0.00    0.00    0.00    0.00   90.72

03:09:05 AM  CPU    %usr   %nice    %sys %iowait    %irq   %soft  %steal  %guest  %gnice   %idle
03:09:06 AM  all    1.27    0.00    3.05    0.00    1.78   13.99    0.00    0.00    0.00   79.90
03:09:06 AM    0    0.00    0.00    0.00    0.00    2.04   56.12    0.00    0.00    0.00   41.84
03:09:06 AM    1    1.03    0.00    3.09    0.00    2.06    0.00    0.00    0.00    0.00   93.81
03:09:06 AM    2    2.02    0.00    3.03    0.00    1.01    0.00    0.00    0.00    0.00   93.94
03:09:06 AM    3    2.02    0.00    6.06    0.00    2.02    0.00    0.00    0.00    0.00   89.90

03:09:06 AM  CPU    %usr   %nice    %sys %iowait    %irq   %soft  %steal  %guest  %gnice   %idle
03:09:07 AM  all    1.02    0.00    2.79    0.00    2.03   13.96    0.00    0.00    0.00   80.20
03:09:07 AM    0    0.00    0.00    0.00    0.00    3.00   55.00    0.00    0.00    0.00   42.00
03:09:07 AM    1    1.03    0.00    7.22    0.00    2.06    0.00    0.00    0.00    0.00   89.69
03:09:07 AM    2    2.00    0.00    2.00    0.00    2.00    0.00    0.00    0.00    0.00   94.00
03:09:07 AM    3    1.03    0.00    2.06    0.00    1.03    0.00    0.00    0.00    0.00   95.88

03:09:07 AM  CPU    %usr   %nice    %sys %iowait    %irq   %soft  %steal  %guest  %gnice   %idle
03:09:08 AM  all    0.26    0.00    2.33    0.00    1.55   14.21    0.00    0.00    0.00   81.65
03:09:08 AM    0    0.00    0.00    0.00    0.00    2.04   55.10    0.00    0.00    0.00   42.86
03:09:08 AM    1    0.00    0.00    4.30    0.00    2.15    0.00    0.00    0.00    0.00   93.55
03:09:08 AM    2    1.02    0.00    2.04    0.00    1.02    1.02    0.00    0.00    0.00   94.90
03:09:08 AM    3    0.00    0.00    3.06    0.00    1.02    0.00    0.00    0.00    0.00   95.92

03:09:08 AM  CPU    %usr   %nice    %sys %iowait    %irq   %soft  %steal  %guest  %gnice   %idle
03:09:09 AM  all    0.76    0.00    3.55    0.00    1.78   13.96    0.00    0.00    0.00   79.95
03:09:09 AM    0    0.00    0.00    0.99    0.00    2.97   54.46    0.00    0.00    0.00   41.58
03:09:09 AM    1    0.00    0.00    7.29    0.00    2.08    0.00    0.00    0.00    0.00   90.62
03:09:09 AM    2    1.01    0.00    4.04    0.00    1.01    0.00    0.00    0.00    0.00   93.94
03:09:09 AM    3    2.04    0.00    2.04    0.00    1.02    0.00    0.00    0.00    0.00   94.90

03:09:09 AM  CPU    %usr   %nice    %sys %iowait    %irq   %soft  %steal  %guest  %gnice   %idle
03:09:10 AM  all    1.02    0.00    3.30    0.00    1.78   13.96    0.00    0.00    0.00   79.95
03:09:10 AM    0    0.00    0.00    0.00    0.00    2.02   55.56    0.00    0.00    0.00   42.42
03:09:10 AM    1    2.00    0.00    8.00    0.00    3.00    0.00    0.00    0.00    0.00   87.00
03:09:10 AM    2    1.02    0.00    3.06    0.00    1.02    0.00    0.00    0.00    0.00   94.90
03:09:10 AM    3    1.03    0.00    2.06    0.00    1.03    0.00    0.00    0.00    0.00   95.88

03:09:10 AM  CPU    %usr   %nice    %sys %iowait    %irq   %soft  %steal  %guest  %gnice   %idle
03:09:11 AM  all    0.51    0.00    3.31    0.00    1.78   13.99    0.00    0.00    0.00   80.41
03:09:11 AM    0    0.00    0.00    0.00    0.00    3.03   55.56    0.00    0.00    0.00   41.41
03:09:11 AM    1    2.00    0.00    5.00    0.00    1.00    0.00    0.00    0.00    0.00   92.00
03:09:11 AM    2    0.00    0.00    3.06    0.00    1.02    0.00    0.00    0.00    0.00   95.92
03:09:11 AM    3    0.00    0.00    5.21    0.00    2.08    0.00    0.00    0.00    0.00   92.71

03:09:11 AM  CPU    %usr   %nice    %sys %iowait    %irq   %soft  %steal  %guest  %gnice   %idle
03:09:12 AM  all    0.76    0.00    3.30    0.00    2.28   13.96    0.00    0.00    0.00   79.70
03:09:12 AM    0    0.00    0.00    0.00    0.00    3.03   54.55    0.00    0.00    0.00   42.42
03:09:12 AM    1    2.02    0.00    3.03    0.00    2.02    1.01    0.00    0.00    0.00   91.92
03:09:12 AM    2    0.00    0.00    5.05    0.00    2.02    0.00    0.00    0.00    0.00   92.93
03:09:12 AM    3    1.03    0.00    5.15    0.00    2.06    0.00    0.00    0.00    0.00   91.75

03:09:12 AM  CPU    %usr   %nice    %sys %iowait    %irq   %soft  %steal  %guest  %gnice   %idle
03:09:13 AM  all    0.76    0.00    3.05    0.00    1.53   13.99    0.00    0.00    0.00   80.66
03:09:13 AM    0    0.00    0.00    0.00    0.00    2.02   55.56    0.00    0.00    0.00   42.42
03:09:13 AM    1    0.00    0.00    7.22    0.00    2.06    0.00    0.00    0.00    0.00   90.72
03:09:13 AM    2    1.02    0.00    2.04    0.00    1.02    0.00    0.00    0.00    0.00   95.92
03:09:13 AM    3    2.02    0.00    3.03    0.00    1.01    0.00    0.00    0.00    0.00   93.94

03:09:13 AM  CPU    %usr   %nice    %sys %iowait    %irq   %soft  %steal  %guest  %gnice   %idle
03:09:14 AM  all    0.26    0.00    2.82    0.00    2.05   13.85    0.00    0.00    0.00   81.03
03:09:14 AM    0    0.00    0.00    0.00    0.00    3.03   54.55    0.00    0.00    0.00   42.42
03:09:14 AM    1    0.00    0.00    4.30    0.00    2.15    0.00    0.00    0.00    0.00   93.55
03:09:14 AM    2    1.01    0.00    4.04    0.00    1.01    0.00    0.00    0.00    0.00   93.94
03:09:14 AM    3    0.00    0.00    3.03    0.00    2.02    0.00    0.00    0.00    0.00   94.95

03:09:14 AM  CPU    %usr   %nice    %sys %iowait    %irq   %soft  %steal  %guest  %gnice   %idle
03:09:15 AM  all    1.27    0.00    3.54    0.00    1.52   13.92    0.00    0.00    0.00   79.75
03:09:15 AM    0    0.00    0.00    1.00    0.00    2.00   55.00    0.00    0.00    0.00   42.00
03:09:15 AM    1    2.04    0.00    5.10    0.00    2.04    0.00    0.00    0.00    0.00   90.82
03:09:15 AM    2    2.04    0.00    6.12    0.00    2.04    0.00    0.00    0.00    0.00   89.80
03:09:15 AM    3    1.01    0.00    2.02    0.00    0.00    0.00    0.00    0.00    0.00   96.97

03:09:15 AM  CPU    %usr   %nice    %sys %iowait    %irq   %soft  %steal  %guest  %gnice   %idle
03:09:16 AM  all    0.51    0.00    2.56    0.00    2.05   14.07    0.00    0.00    0.00   80.82
03:09:16 AM    0    0.00    0.00    0.00    0.00    3.00   55.00    0.00    0.00    0.00   42.00
03:09:16 AM    1    1.02    0.00    3.06    0.00    1.02    0.00    0.00    0.00    0.00   94.90
03:09:16 AM    2    1.06    0.00    5.32    0.00    3.19    0.00    0.00    0.00    0.00   90.43
03:09:16 AM    3    0.00    0.00    2.02    0.00    1.01    0.00    0.00    0.00    0.00   96.97

03:09:16 AM  CPU    %usr   %nice    %sys %iowait    %irq   %soft  %steal  %guest  %gnice   %idle
03:09:17 AM  all    1.01    0.00    4.28    0.00    1.51   13.60    0.00    0.00    0.00   79.60
03:09:17 AM    0    0.00    0.00    0.00    0.00    2.04   55.10    0.00    0.00    0.00   42.86
03:09:17 AM    1    0.00    0.00    5.94    0.00    0.99    0.00    0.00    0.00    0.00   93.07
03:09:17 AM    2    3.00    0.00    8.00    0.00    2.00    0.00    0.00    0.00    0.00   87.00
03:09:17 AM    3    1.02    0.00    3.06    0.00    1.02    0.00    0.00    0.00    0.00   94.90

03:09:17 AM  CPU    %usr   %nice    %sys %iowait    %irq   %soft  %steal  %guest  %gnice   %idle
03:09:18 AM  all    0.51    0.00    2.80    0.00    2.04   13.99    0.00    0.00    0.00   80.66
03:09:18 AM    0    0.00    0.00    0.00    0.00    3.00   55.00    0.00    0.00    0.00   42.00
03:09:18 AM    1    0.00    0.00    2.04    0.00    2.04    0.00    0.00    0.00    0.00   95.92
03:09:18 AM    2    2.06    0.00    6.19    0.00    2.06    0.00    0.00    0.00    0.00   89.69
03:09:18 AM    3    0.00    0.00    3.06    0.00    1.02    0.00    0.00    0.00    0.00   95.92

03:09:18 AM  CPU    %usr   %nice    %sys %iowait    %irq   %soft  %steal  %guest  %gnice   %idle
03:09:19 AM  all    0.51    0.00    3.32    0.00    1.79   13.78    0.00    0.00    0.00   80.61
03:09:19 AM    0    0.00    0.00    0.00    0.00    2.02   54.55    0.00    0.00    0.00   43.43
03:09:19 AM    1    1.01    0.00    4.04    0.00    1.01    0.00    0.00    0.00    0.00   93.94
03:09:19 AM    2    1.04    0.00    6.25    0.00    2.08    0.00    0.00    0.00    0.00   90.62
03:09:19 AM    3    0.00    0.00    3.06    0.00    2.04    0.00    0.00    0.00    0.00   94.90

03:09:19 AM  CPU    %usr   %nice    %sys %iowait    %irq   %soft  %steal  %guest  %gnice   %idle
03:09:20 AM  all    0.75    0.00    4.50    0.00    1.75   13.75    0.00    0.00    0.00   79.25
03:09:20 AM    0    0.00    0.00    0.00    0.00    3.00   55.00    0.00    0.00    0.00   42.00
03:09:20 AM    1    0.99    0.00    4.95    0.00    0.99    0.00    0.00    0.00    0.00   93.07
03:09:20 AM    2    1.00    0.00   10.00    0.00    2.00    0.00    0.00    0.00    0.00   87.00
03:09:20 AM    3    1.01    0.00    3.03    0.00    1.01    0.00    0.00    0.00    0.00   94.95

03:09:20 AM  CPU    %usr   %nice    %sys %iowait    %irq   %soft  %steal  %guest  %gnice   %idle
03:09:21 AM  all    1.01    0.00    4.03    0.00    1.76   13.85    0.00    0.00    0.00   79.35
03:09:21 AM    0    0.00    0.00    0.00    0.00    2.04   55.10    0.00    0.00    0.00   42.86
03:09:21 AM    1    2.04    0.00    2.04    0.00    1.02    0.00    0.00    0.00    0.00   94.90
03:09:21 AM    2    1.98    0.00    8.91    0.00    2.97    0.00    0.00    0.00    0.00   86.14
03:09:21 AM    3    0.00    0.00    5.00    0.00    1.00    1.00    0.00    0.00    0.00   93.00

03:09:21 AM  CPU    %usr   %nice    %sys %iowait    %irq   %soft  %steal  %guest  %gnice   %idle
03:09:22 AM  all    0.77    0.00    2.82    0.00    1.79   14.10    0.00    0.00    0.00   80.51
03:09:22 AM    0    1.00    0.00    0.00    0.00    3.00   55.00    0.00    0.00    0.00   41.00
03:09:22 AM    1    0.00    0.00    4.08    0.00    1.02    0.00    0.00    0.00    0.00   94.90
03:09:22 AM    2    1.05    0.00    5.26    0.00    2.11    0.00    0.00    0.00    0.00   91.58
03:09:22 AM    3    1.03    0.00    2.06    0.00    1.03    0.00    0.00    0.00    0.00   95.88

03:09:22 AM  CPU    %usr   %nice    %sys %iowait    %irq   %soft  %steal  %guest  %gnice   %idle
03:09:23 AM  all    0.26    0.00    2.31    0.00    2.06   14.14    0.00    0.00    0.00   81.23
03:09:23 AM    0    0.00    0.00    0.00    0.00    3.00   55.00    0.00    0.00    0.00   42.00
03:09:23 AM    1    1.02    0.00    2.04    0.00    2.04    0.00    0.00    0.00    0.00   94.90
03:09:23 AM    2    0.00    0.00    4.30    0.00    2.15    0.00    0.00    0.00    0.00   93.55
03:09:23 AM    3    0.00    0.00    3.06    0.00    1.02    0.00    0.00    0.00    0.00   95.92

03:09:23 AM  CPU    %usr   %nice    %sys %iowait    %irq   %soft  %steal  %guest  %gnice   %idle
03:09:24 AM  all    1.28    0.00    2.56    0.00    1.53   14.07    0.00    0.00    0.00   80.56
03:09:24 AM    0    0.00    0.00    0.00    0.00    2.02   55.56    0.00    0.00    0.00   42.42
03:09:24 AM    1    0.00    0.00    3.09    0.00    1.03    0.00    0.00    0.00    0.00   95.88
03:09:24 AM    2    4.08    0.00    5.10    0.00    2.04    0.00    0.00    0.00    0.00   88.78
03:09:24 AM    3    1.03    0.00    2.06    0.00    1.03    0.00    0.00    0.00    0.00   95.88

03:09:24 AM  CPU    %usr   %nice    %sys %iowait    %irq   %soft  %steal  %guest  %gnice   %idle
03:09:25 AM  all    0.76    0.00    2.28    0.00    2.28   13.96    0.00    0.00    0.00   80.71
03:09:25 AM    0    0.00    0.00    0.00    0.00    3.00   55.00    0.00    0.00    0.00   42.00
03:09:25 AM    1    1.02    0.00    2.04    0.00    1.02    0.00    0.00    0.00    0.00   95.92
03:09:25 AM    2    1.03    0.00    5.15    0.00    3.09    0.00    0.00    0.00    0.00   90.72
03:09:25 AM    3    1.01    0.00    2.02    0.00    2.02    0.00    0.00    0.00    0.00   94.95

03:09:25 AM  CPU    %usr   %nice    %sys %iowait    %irq   %soft  %steal  %guest  %gnice   %idle
03:09:26 AM  all    0.52    0.00    3.09    0.00    1.55   13.92    0.00    0.00    0.00   80.93
03:09:26 AM    0    0.00    0.00    0.00    0.00    2.06   55.67    0.00    0.00    0.00   42.27
03:09:26 AM    1    0.00    0.00    3.06    0.00    1.02    0.00    0.00    0.00    0.00   95.92
03:09:26 AM    2    2.06    0.00    5.15    0.00    2.06    0.00    0.00    0.00    0.00   90.72
03:09:26 AM    3    0.00    0.00    4.17    0.00    1.04    0.00    0.00    0.00    0.00   94.79

03:09:26 AM  CPU    %usr   %nice    %sys %iowait    %irq   %soft  %steal  %guest  %gnice   %idle
03:09:27 AM  all    0.26    0.00    2.82    0.00    1.79   14.10    0.00    0.00    0.00   81.03
03:09:27 AM    0    0.00    0.00    0.00    0.00    3.00   55.00    0.00    0.00    0.00   42.00
03:09:27 AM    1    1.03    0.00    2.06    0.00    1.03    0.00    0.00    0.00    0.00   95.88
03:09:27 AM    2    0.00    0.00    4.04    0.00    1.01    0.00    0.00    0.00    0.00   94.95
03:09:27 AM    3    0.00    0.00    5.32    0.00    2.13    0.00    0.00    0.00    0.00   92.55

03:09:27 AM  CPU    %usr   %nice    %sys %iowait    %irq   %soft  %steal  %guest  %gnice   %idle
03:09:28 AM  all    1.27    0.00    2.78    0.00    2.03   13.92    0.00    0.00    0.00   80.00
03:09:28 AM    0    0.00    0.00    0.00    0.00    2.02   55.56    0.00    0.00    0.00   42.42
03:09:28 AM    1    1.01    0.00    3.03    0.00    2.02    0.00    0.00    0.00    0.00   93.94
03:09:28 AM    2    1.04    0.00    1.04    0.00    1.04    0.00    0.00    0.00    0.00   96.88
03:09:28 AM    3    2.97    0.00    6.93    0.00    2.97    0.00    0.00    0.00    0.00   87.13

03:09:28 AM  CPU    %usr   %nice    %sys %iowait    %irq   %soft  %steal  %guest  %gnice   %idle
03:09:29 AM  all    0.51    0.00    4.06    0.00    1.78   13.96    0.00    0.00    0.00   79.70
03:09:29 AM    0    0.00    0.00    0.99    0.00    2.97   54.46    0.00    0.00    0.00   41.58
03:09:29 AM    1    0.00    0.00    0.99    0.00    0.00    0.00    0.00    0.00    0.00   99.01
03:09:29 AM    2    0.00    0.00    3.09    0.00    1.03    0.00    0.00    0.00    0.00   95.88
03:09:29 AM    3    2.11    0.00   11.58    0.00    3.16    0.00    0.00    0.00    0.00   83.16

03:09:29 AM  CPU    %usr   %nice    %sys %iowait    %irq   %soft  %steal  %guest  %gnice   %idle
03:09:30 AM  all    1.27    0.00    3.56    0.00    1.53   13.74    0.00    0.00    0.00   79.90
03:09:30 AM    0    0.00    0.00    0.00    0.00    2.06   55.67    0.00    0.00    0.00   42.27
03:09:30 AM    1    2.06    0.00    1.03    0.00    1.03    0.00    0.00    0.00    0.00   95.88
03:09:30 AM    2    0.99    0.00    5.94    0.00    0.99    0.00    0.00    0.00    0.00   92.08
03:09:30 AM    3    2.04    0.00    7.14    0.00    2.04    0.00    0.00    0.00    0.00   88.78

03:09:30 AM  CPU    %usr   %nice    %sys %iowait    %irq   %soft  %steal  %guest  %gnice   %idle
03:09:31 AM  all    0.25    0.00    3.30    0.00    2.03   13.96    0.00    0.00    0.00   80.46
03:09:31 AM    0    0.00    0.00    0.00    0.00    3.00   55.00    0.00    0.00    0.00   42.00
03:09:31 AM    1    1.01    0.00    3.03    0.00    1.01    0.00    0.00    0.00    0.00   94.95
03:09:31 AM    2    0.00    0.00    4.95    0.00    1.98    0.00    0.00    0.00    0.00   93.07
03:09:31 AM    3    0.00    0.00    5.32    0.00    2.13    0.00    0.00    0.00    0.00   92.55

03:09:31 AM  CPU    %usr   %nice    %sys %iowait    %irq   %soft  %steal  %guest  %gnice   %idle
03:09:32 AM  all    1.02    0.00    2.81    0.00    1.79   14.07    0.00    0.00    0.00   80.31
03:09:32 AM    0    0.00    0.00    1.02    0.00    3.06   56.12    0.00    0.00    0.00   39.80
03:09:32 AM    1    3.19    0.00    4.26    0.00    2.13    0.00    0.00    0.00    0.00   90.43
03:09:32 AM    2    0.00    0.00    1.00    0.00    0.00    0.00    0.00    0.00    0.00   99.00
03:09:32 AM    3    1.01    0.00    5.05    0.00    2.02    0.00    0.00    0.00    0.00   91.92

03:09:32 AM  CPU    %usr   %nice    %sys %iowait    %irq   %soft  %steal  %guest  %gnice   %idle
03:09:33 AM  all    0.77    0.00    2.31    0.00    1.79   14.36    0.00    0.00    0.00   80.77
03:09:33 AM    0    0.00    0.00    1.01    0.00    2.02   56.57    0.00    0.00    0.00   40.40
03:09:33 AM    1    1.09    0.00    5.43    0.00    4.35    0.00    0.00    0.00    0.00   89.13
03:09:33 AM    2    2.04    0.00    2.04    0.00    1.02    0.00    0.00    0.00    0.00   94.90
03:09:33 AM    3    0.00    0.00    0.99    0.00    0.00    0.00    0.00    0.00    0.00   99.01

03:09:33 AM  CPU    %usr   %nice    %sys %iowait    %irq   %soft  %steal  %guest  %gnice   %idle
03:09:34 AM  all    1.02    0.00    3.05    0.00    1.78   13.71    0.00    0.00    0.00   80.46
03:09:34 AM    0    0.00    0.00    0.00    0.00    3.03   54.55    0.00    0.00    0.00   42.42
03:09:34 AM    1    3.00    0.00    7.00    0.00    2.00    0.00    0.00    0.00    0.00   88.00
03:09:34 AM    2    1.05    0.00    5.26    0.00    2.11    0.00    0.00    0.00    0.00   91.58
03:09:34 AM    3    0.00    0.00    0.00    0.00    0.00    0.00    0.00    0.00    0.00  100.00

03:09:34 AM  CPU    %usr   %nice    %sys %iowait    %irq   %soft  %steal  %guest  %gnice   %idle
03:09:35 AM  all    1.01    0.00    4.03    0.00    1.51   13.85    0.00    0.00    0.00   79.60
03:09:35 AM    0    0.00    0.00    0.00    0.00    2.02   55.56    0.00    0.00    0.00   42.42
03:09:35 AM    1    3.00    0.00    8.00    0.00    2.00    0.00    0.00    0.00    0.00   87.00
03:09:35 AM    2    0.00    0.00    7.22    0.00    2.06    0.00    0.00    0.00    0.00   90.72
03:09:35 AM    3    0.99    0.00    0.99    0.00    0.00    0.00    0.00    0.00    0.00   98.02

03:09:35 AM  CPU    %usr   %nice    %sys %iowait    %irq   %soft  %steal  %guest  %gnice   %idle
03:09:36 AM  all    0.76    0.00    3.05    0.00    2.03   13.96    0.00    0.00    0.00   80.20
03:09:36 AM    0    0.00    0.00    0.00    0.00    3.00   55.00    0.00    0.00    0.00   42.00
03:09:36 AM    1    1.04    0.00    6.25    0.00    2.08    0.00    0.00    0.00    0.00   90.62
03:09:36 AM    2    1.03    0.00    6.19    0.00    3.09    0.00    0.00    0.00    0.00   89.69
03:09:36 AM    3    0.99    0.00    0.00    0.00    0.00    0.00    0.00    0.00    0.00   99.01

03:09:36 AM  CPU    %usr   %nice    %sys %iowait    %irq   %soft  %steal  %guest  %gnice   %idle
03:09:37 AM  all    0.51    0.00    3.08    0.00    1.79   13.85    0.00    0.00    0.00   80.77
03:09:37 AM    0    0.00    0.00    0.00    0.00    2.04   55.10    0.00    0.00    0.00   42.86
03:09:37 AM    1    1.04    0.00    5.21    0.00    3.12    0.00    0.00    0.00    0.00   90.62
03:09:37 AM    2    1.03    0.00    7.22    0.00    2.06    0.00    0.00    0.00    0.00   89.69
03:09:37 AM    3    0.00    0.00    0.00    0.00    0.00    0.00    0.00    0.00    0.00  100.00

03:09:37 AM  CPU    %usr   %nice    %sys %iowait    %irq   %soft  %steal  %guest  %gnice   %idle
03:09:38 AM  all    0.76    0.00    3.79    0.00    1.77   13.89    0.00    0.00    0.00   79.80
03:09:38 AM    0    0.00    0.00    0.99    0.00    2.97   54.46    0.00    0.00    0.00   41.58
03:09:38 AM    1    1.02    0.00    8.16    0.00    2.04    0.00    0.00    0.00    0.00   88.78
03:09:38 AM    2    1.04    0.00    6.25    0.00    2.08    0.00    0.00    0.00    0.00   90.62
03:09:38 AM    3    0.99    0.00    0.00    0.00    0.00    0.00    0.00    0.00    0.00   99.01

03:09:38 AM  CPU    %usr   %nice    %sys %iowait    %irq   %soft  %steal  %guest  %gnice   %idle
03:09:39 AM  all    0.76    0.00    2.80    0.00    1.78   14.25    0.00    0.00    0.00   80.41
03:09:39 AM    0    0.00    0.00    0.00    0.00    3.06   55.10    0.00    0.00    0.00   41.84
03:09:39 AM    1    2.04    0.00    6.12    0.00    2.04    1.02    0.00    0.00    0.00   88.78
03:09:39 AM    2    1.03    0.00    5.15    0.00    2.06    1.03    0.00    0.00    0.00   90.72
03:09:39 AM    3    0.00    0.00    0.00    0.00    0.00    0.00    0.00    0.00    0.00  100.00

03:09:39 AM  CPU    %usr   %nice    %sys %iowait    %irq   %soft  %steal  %guest  %gnice   %idle
03:09:40 AM  all    0.76    0.00    3.28    0.00    2.02   13.89    0.00    0.00    0.00   80.05
03:09:40 AM    0    0.00    0.00    0.00    0.00    2.02   55.56    0.00    0.00    0.00   42.42
03:09:40 AM    1    2.02    0.00    6.06    0.00    3.03    0.00    0.00    0.00    0.00   88.89
03:09:40 AM    2    1.02    0.00    7.14    0.00    3.06    0.00    0.00    0.00    0.00   88.78
03:09:40 AM    3    0.00    0.00    0.00    0.00    0.00    0.00    0.00    0.00    0.00  100.00

03:09:40 AM  CPU    %usr   %nice    %sys %iowait    %irq   %soft  %steal  %guest  %gnice   %idle
03:09:41 AM  all    0.77    0.00    3.06    0.00    1.79   14.03    0.00    0.00    0.00   80.36
03:09:41 AM    0    0.00    0.00    0.00    0.00    3.00   55.00    0.00    0.00    0.00   42.00
03:09:41 AM    1    2.08    0.00    5.21    0.00    2.08    0.00    0.00    0.00    0.00   90.62
03:09:41 AM    2    1.04    0.00    6.25    0.00    2.08    0.00    0.00    0.00    0.00   90.62
03:09:41 AM    3    0.00    0.00    1.00    0.00    0.00    0.00    0.00    0.00    0.00   99.00

03:09:41 AM  CPU    %usr   %nice    %sys %iowait    %irq   %soft  %steal  %guest  %gnice   %idle
03:09:42 AM  all    0.26    0.00    3.32    0.00    1.53   14.07    0.00    0.00    0.00   80.82
03:09:42 AM    0    0.00    0.00    0.00    0.00    2.02   55.56    0.00    0.00    0.00   42.42
03:09:42 AM    1    1.03    0.00    7.22    0.00    2.06    0.00    0.00    0.00    0.00   89.69
03:09:42 AM    2    0.00    0.00    6.32    0.00    2.11    0.00    0.00    0.00    0.00   91.58
03:09:42 AM    3    0.00    0.00    0.00    0.00    0.00    0.00    0.00    0.00    0.00  100.00

03:09:42 AM  CPU    %usr   %nice    %sys %iowait    %irq   %soft  %steal  %guest  %gnice   %idle
03:09:43 AM  all    1.49    0.00    3.97    0.00    2.23   13.40    0.00    0.00    0.00   78.91
03:09:43 AM    0    0.00    0.00    0.00    0.00    3.03   54.55    0.00    0.00    0.00   42.42
03:09:43 AM    1    2.97    0.00    6.93    0.00    2.97    0.00    0.00    0.00    0.00   87.13
03:09:43 AM    2    1.96    0.00    8.82    0.00    2.94    0.00    0.00    0.00    0.00   86.27
03:09:43 AM    3    0.99    0.00    0.00    0.00    0.00    0.00    0.00    0.00    0.00   99.01

03:09:43 AM  CPU    %usr   %nice    %sys %iowait    %irq   %soft  %steal  %guest  %gnice   %idle
03:09:44 AM  all    0.51    0.00    4.56    0.00    1.27   14.18    0.00    0.00    0.00   79.49
03:09:44 AM    0    0.00    0.00    0.00    0.00    2.06   57.73    0.00    0.00    0.00   40.21
03:09:44 AM    1    0.00    0.00    7.07    0.00    1.01    0.00    0.00    0.00    0.00   91.92
03:09:44 AM    2    2.02    0.00   11.11    0.00    2.02    0.00    0.00    0.00    0.00   84.85
03:09:44 AM    3    0.00    0.00    0.00    0.00    0.00    0.00    0.00    0.00    0.00  100.00

03:09:44 AM  CPU    %usr   %nice    %sys %iowait    %irq   %soft  %steal  %guest  %gnice   %idle
03:09:45 AM  all    0.51    0.00    2.81    0.00    2.30   13.81    0.00    0.00    0.00   80.56
03:09:45 AM    0    0.00    0.00    1.00    0.00    3.00   54.00    0.00    0.00    0.00   42.00
03:09:45 AM    1    1.03    0.00    3.09    0.00    2.06    0.00    0.00    0.00    0.00   93.81
03:09:45 AM    2    1.05    0.00    5.26    0.00    3.16    0.00    0.00    0.00    0.00   90.53
03:09:45 AM    3    0.00    0.00    2.02    0.00    1.01    0.00    0.00    0.00    0.00   96.97

03:09:45 AM  CPU    %usr   %nice    %sys %iowait    %irq   %soft  %steal  %guest  %gnice   %idle
03:09:46 AM  all    0.00    0.00    2.82    0.00    1.54   14.36    0.00    0.00    0.00   81.28
03:09:46 AM    0    0.00    0.00    0.00    0.00    3.06   57.14    0.00    0.00    0.00   39.80
03:09:46 AM    1    0.00    0.00    4.17    0.00    1.04    0.00    0.00    0.00    0.00   94.79
03:09:46 AM    2    0.00    0.00    6.32    0.00    2.11    0.00    0.00    0.00    0.00   91.58
03:09:46 AM    3    0.00    0.00    0.99    0.00    0.00    0.00    0.00    0.00    0.00   99.01

03:09:46 AM  CPU    %usr   %nice    %sys %iowait    %irq   %soft  %steal  %guest  %gnice   %idle
03:09:47 AM  all    0.77    0.00    3.32    0.00    1.28   14.03    0.00    0.00    0.00   80.61
03:09:47 AM    0    0.00    0.00    1.03    0.00    2.06   56.70    0.00    0.00    0.00   40.21
03:09:47 AM    1    0.00    0.00    3.09    0.00    1.03    0.00    0.00    0.00    0.00   95.88
03:09:47 AM    2    3.03    0.00    7.07    0.00    2.02    0.00    0.00    0.00    0.00   87.88
03:09:47 AM    3    0.00    0.00    2.02    0.00    0.00    0.00    0.00    0.00    0.00   97.98

03:09:47 AM  CPU    %usr   %nice    %sys %iowait    %irq   %soft  %steal  %guest  %gnice   %idle
03:09:48 AM  all    1.01    0.00    3.54    0.25    2.03   13.67    0.00    0.00    0.00   79.49
03:09:48 AM    0    1.00    0.00    0.00    0.00    3.00   54.00    0.00    0.00    0.00   42.00
03:09:48 AM    1    0.00    0.00    1.96    0.00    0.98    0.00    0.00    0.00    0.00   97.06
03:09:48 AM    2    1.08    0.00    3.23    1.08    2.15    0.00    0.00    0.00    0.00   92.47
03:09:48 AM    3    2.00    0.00    9.00    0.00    2.00    0.00    0.00    0.00    0.00   87.00

03:09:48 AM  CPU    %usr   %nice    %sys %iowait    %irq   %soft  %steal  %guest  %gnice   %idle
03:09:49 AM  all    0.51    0.00    3.30    0.00    2.03   13.96    0.00    0.00    0.00   80.20
03:09:49 AM    0    0.00    0.00    0.00    0.00    2.02   55.56    0.00    0.00    0.00   42.42
03:09:49 AM    1    0.00    0.00    0.00    0.00    0.00    0.00    0.00    0.00    0.00  100.00
03:09:49 AM    2    1.00    0.00    9.00    0.00    3.00    0.00    0.00    0.00    0.00   87.00
03:09:49 AM    3    1.05    0.00    4.21    0.00    3.16    0.00    0.00    0.00    0.00   91.58

03:09:49 AM  CPU    %usr   %nice    %sys %iowait    %irq   %soft  %steal  %guest  %gnice   %idle
03:09:50 AM  all    1.03    0.00    2.31    0.00    1.79   13.85    0.00    0.00    0.00   81.03
03:09:50 AM    0    0.00    0.00    0.00    0.00    3.03   54.55    0.00    0.00    0.00   42.42
03:09:50 AM    1    0.00    0.00    0.00    0.00    0.00    0.00    0.00    0.00    0.00  100.00
03:09:50 AM    2    2.11    0.00    4.21    0.00    2.11    0.00    0.00    0.00    0.00   91.58
03:09:50 AM    3    2.06    0.00    5.15    0.00    2.06    0.00    0.00    0.00    0.00   90.72

03:09:50 AM  CPU    %usr   %nice    %sys %iowait    %irq   %soft  %steal  %guest  %gnice   %idle
03:09:51 AM  all    0.51    0.00    3.07    0.00    1.53   13.81    0.00    0.00    0.00   81.07
03:09:51 AM    0    0.00    0.00    0.00    0.00    2.02   54.55    0.00    0.00    0.00   43.43
03:09:51 AM    1    1.00    0.00    4.00    0.00    1.00    0.00    0.00    0.00    0.00   94.00
03:09:51 AM    2    1.05    0.00    5.26    0.00    2.11    0.00    0.00    0.00    0.00   91.58
03:09:51 AM    3    0.00    0.00    3.09    0.00    1.03    0.00    0.00    0.00    0.00   95.88

03:09:51 AM  CPU    %usr   %nice    %sys %iowait    %irq   %soft  %steal  %guest  %gnice   %idle
03:09:52 AM  all    0.77    0.00    1.80    0.00    1.80   14.18    0.00    0.00    0.00   81.44
03:09:52 AM    0    0.00    0.00    0.00    0.00    3.03   55.56    0.00    0.00    0.00   41.41
03:09:52 AM    1    1.04    0.00    0.00    0.00    1.04    0.00    0.00    0.00    0.00   97.92
03:09:52 AM    2    1.08    0.00    3.23    0.00    2.15    0.00    0.00    0.00    0.00   93.55
03:09:52 AM    3    1.00    0.00    4.00    0.00    1.00    0.00    0.00    0.00    0.00   94.00

03:09:52 AM  CPU    %usr   %nice    %sys %iowait    %irq   %soft  %steal  %guest  %gnice   %idle
03:09:53 AM  all    1.02    0.00    3.05    0.00    2.03   13.96    0.00    0.00    0.00   79.95
03:09:53 AM    0    0.00    0.00    0.00    0.00    3.00   55.00    0.00    0.00    0.00   42.00
03:09:53 AM    1    1.03    0.00    2.06    0.00    1.03    0.00    0.00    0.00    0.00   95.88
03:09:53 AM    2    2.04    0.00    6.12    0.00    3.06    0.00    0.00    0.00    0.00   88.78
03:09:53 AM    3    1.01    0.00    4.04    0.00    1.01    0.00    0.00    0.00    0.00   93.94

03:09:53 AM  CPU    %usr   %nice    %sys %iowait    %irq   %soft  %steal  %guest  %gnice   %idle
03:09:54 AM  all    0.51    0.00    2.83    0.00    1.54   13.88    0.00    0.00    0.00   81.23
03:09:54 AM    0    0.00    0.00    0.00    0.00    2.04   55.10    0.00    0.00    0.00   42.86
03:09:54 AM    1    0.00    0.00    9.00    0.00    2.00    0.00    0.00    0.00    0.00   89.00
03:09:54 AM    2    0.00    0.00    1.08    0.00    1.08    0.00    0.00    0.00    0.00   97.85
03:09:54 AM    3    2.04    0.00    1.02    0.00    1.02    0.00    0.00    0.00    0.00   95.92

03:09:54 AM  CPU    %usr   %nice    %sys %iowait    %irq   %soft  %steal  %guest  %gnice   %idle
03:09:55 AM  all    1.02    0.00    2.55    0.00    2.04   14.03    0.00    0.00    0.00   80.36
03:09:55 AM    0    0.00    0.00    0.99    0.00    2.97   54.46    0.00    0.00    0.00   41.58
03:09:55 AM    1    1.00    0.00    0.00    0.00    0.00    0.00    0.00    0.00    0.00   99.00
03:09:55 AM    2    2.06    0.00    2.06    0.00    2.06    0.00    0.00    0.00    0.00   93.81
03:09:55 AM    3    1.06    0.00    7.45    0.00    3.19    0.00    0.00    0.00    0.00   88.30

03:09:55 AM  CPU    %usr   %nice    %sys %iowait    %irq   %soft  %steal  %guest  %gnice   %idle
03:09:56 AM  all    0.77    0.00    2.81    0.00    1.79   13.81    0.00    0.00    0.00   80.82
03:09:56 AM    0    0.00    0.00    0.00    0.00    2.04   55.10    0.00    0.00    0.00   42.86
03:09:56 AM    1    0.00    0.00    0.00    0.00    0.00    0.00    0.00    0.00    0.00  100.00
03:09:56 AM    2    2.13    0.00    3.19    0.00    2.13    0.00    0.00    0.00    0.00   92.55
03:09:56 AM    3    1.01    0.00    8.08    0.00    3.03    0.00    0.00    0.00    0.00   87.88

03:09:56 AM  CPU    %usr   %nice    %sys %iowait    %irq   %soft  %steal  %guest  %gnice   %idle
03:09:57 AM  all    0.51    0.00    2.81    0.00    1.79   14.03    0.00    0.00    0.00   80.87
03:09:57 AM    0    0.00    0.00    0.00    0.00    3.00   55.00    0.00    0.00    0.00   42.00
03:09:57 AM    1    0.00    0.00    0.00    0.00    0.00    0.00    0.00    0.00    0.00  100.00
03:09:57 AM    2    1.04    0.00    6.25    0.00    2.08    0.00    0.00    0.00    0.00   90.62
03:09:57 AM    3    1.04    0.00    5.21    0.00    2.08    0.00    0.00    0.00    0.00   91.67

03:09:57 AM  CPU    %usr   %nice    %sys %iowait    %irq   %soft  %steal  %guest  %gnice   %idle
03:09:58 AM  all    1.03    0.00    2.32    0.00    1.80   13.92    0.00    0.00    0.00   80.93
03:09:58 AM    0    1.02    0.00    0.00    0.00    2.04   55.10    0.00    0.00    0.00   41.84
03:09:58 AM    1    0.00    0.00    0.00    0.00    0.00    0.00    0.00    0.00    0.00  100.00
03:09:58 AM    2    2.08    0.00    4.17    0.00    3.12    0.00    0.00    0.00    0.00   90.62
03:09:58 AM    3    1.06    0.00    5.32    0.00    2.13    0.00    0.00    0.00    0.00   91.49

03:09:58 AM  CPU    %usr   %nice    %sys %iowait    %irq   %soft  %steal  %guest  %gnice   %idle
03:09:59 AM  all    1.02    0.00    2.54    0.00    1.78   13.74    0.00    0.00    0.00   80.92
03:09:59 AM    0    0.00    0.00    0.00    0.00    3.00   54.00    0.00    0.00    0.00   43.00
03:09:59 AM    1    0.00    0.00    0.00    0.00    0.00    0.00    0.00    0.00    0.00  100.00
03:09:59 AM    2    3.19    0.00    7.45    0.00    3.19    0.00    0.00    0.00    0.00   86.17
03:09:59 AM    3    1.01    0.00    3.03    0.00    1.01    0.00    0.00    0.00    0.00   94.95

03:09:59 AM  CPU    %usr   %nice    %sys %iowait    %irq   %soft  %steal  %guest  %gnice   %idle
03:10:00 AM  all    0.76    0.00    4.04    0.00    1.77   13.89    0.00    0.00    0.00   79.55
03:10:00 AM    0    0.00    0.00    0.00    0.00    2.02   55.56    0.00    0.00    0.00   42.42
03:10:00 AM    1    0.00    0.00    0.00    0.00    0.00    0.00    0.00    0.00    0.00  100.00
03:10:00 AM    2    2.02    0.00   11.11    0.00    3.03    0.00    0.00    0.00    0.00   83.84
03:10:00 AM    3    1.02    0.00    5.10    0.00    2.04    0.00    0.00    0.00    0.00   91.84

03:10:00 AM  CPU    %usr   %nice    %sys %iowait    %irq   %soft  %steal  %guest  %gnice   %idle
03:10:01 AM  all    1.01    0.00    3.79    0.00    1.77   13.89    0.00    0.00    0.00   79.55
03:10:01 AM    0    0.00    0.00    0.00    0.00    3.00   55.00    0.00    0.00    0.00   42.00
03:10:01 AM    1    0.99    0.00    0.99    0.00    0.00    0.00    0.00    0.00    0.00   98.02
03:10:01 AM    2    2.02    0.00    3.03    0.00    1.01    0.00    0.00    0.00    0.00   93.94
03:10:01 AM    3    1.04    0.00   11.46    0.00    3.12    0.00    0.00    0.00    0.00   84.38

03:10:01 AM  CPU    %usr   %nice    %sys %iowait    %irq   %soft  %steal  %guest  %gnice   %idle
03:10:02 AM  all    1.27    0.00    3.30    0.00    2.03   13.71    0.00    0.00    0.00   79.70
03:10:02 AM    0    0.00    0.00    0.00    0.00    3.06   55.10    0.00    0.00    0.00   41.84
03:10:02 AM    1    0.00    0.00    0.00    0.00    0.00    0.00    0.00    0.00    0.00  100.00
03:10:02 AM    2    2.00    0.00    4.00    0.00    1.00    0.00    0.00    0.00    0.00   93.00
03:10:02 AM    3    3.12    0.00    9.38    0.00    4.17    0.00    0.00    0.00    0.00   83.33

03:10:02 AM  CPU    %usr   %nice    %sys %iowait    %irq   %soft  %steal  %guest  %gnice   %idle
03:10:03 AM  all    0.51    0.00    3.07    0.00    1.53   14.07    0.00    0.00    0.00   80.82
03:10:03 AM    0    0.00    0.00    0.00    0.00    2.02   55.56    0.00    0.00    0.00   42.42
03:10:03 AM    1    0.00    0.00    0.00    0.00    0.00    0.00    0.00    0.00    0.00  100.00
03:10:03 AM    2    1.02    0.00    3.06    0.00    1.02    0.00    0.00    0.00    0.00   94.90
03:10:03 AM    3    1.06    0.00    9.57    0.00    3.19    0.00    0.00    0.00    0.00   86.17

03:10:03 AM  CPU    %usr   %nice    %sys %iowait    %irq   %soft  %steal  %guest  %gnice   %idle
03:10:04 AM  all    0.51    0.00    3.32    0.00    1.79   14.03    0.00    0.00    0.00   80.36
03:10:04 AM    0    0.00    0.00    0.99    0.00    2.97   54.46    0.00    0.00    0.00   41.58
03:10:04 AM    1    0.00    0.00    2.06    0.00    1.03    0.00    0.00    0.00    0.00   96.91
03:10:04 AM    2    1.01    0.00    4.04    0.00    1.01    0.00    0.00    0.00    0.00   93.94
03:10:04 AM    3    1.05    0.00    6.32    0.00    2.11    0.00    0.00    0.00    0.00   90.53

03:10:04 AM  CPU    %usr   %nice    %sys %iowait    %irq   %soft  %steal  %guest  %gnice   %idle
03:10:05 AM  all    0.75    0.00    3.27    0.00    2.26   14.07    0.00    0.00    0.00   79.65
03:10:05 AM    0    0.00    0.00    0.00    0.00    2.02   55.56    0.00    0.00    0.00   42.42
03:10:05 AM    1    1.98    0.00    3.96    0.00    1.98    0.00    0.00    0.00    0.00   92.08
03:10:05 AM    2    0.00    0.00    4.95    0.00    1.98    0.00    0.00    0.00    0.00   93.07
03:10:05 AM    3    1.03    0.00    4.12    0.00    3.09    1.03    0.00    0.00    0.00   90.72

03:10:05 AM  CPU    %usr   %nice    %sys %iowait    %irq   %soft  %steal  %guest  %gnice   %idle
03:10:06 AM  all    0.76    0.00    3.31    0.00    1.78   13.74    0.00    0.00    0.00   80.41
03:10:06 AM    0    0.00    0.00    0.00    0.00    3.03   54.55    0.00    0.00    0.00   42.42
03:10:06 AM    1    0.99    0.00    4.95    0.00    0.99    0.00    0.00    0.00    0.00   93.07
03:10:06 AM    2    1.01    0.00    4.04    0.00    1.01    0.00    0.00    0.00    0.00   93.94
03:10:06 AM    3    1.06    0.00    4.26    0.00    2.13    0.00    0.00    0.00    0.00   92.55

03:10:06 AM  CPU    %usr   %nice    %sys %iowait    %irq   %soft  %steal  %guest  %gnice   %idle
03:10:07 AM  all    0.26    0.00    1.81    0.00    1.55   14.21    0.00    0.00    0.00   82.17
03:10:07 AM    0    0.00    0.00    0.00    0.00    2.04   55.10    0.00    0.00    0.00   42.86
03:10:07 AM    1    0.00    0.00    1.04    0.00    1.04    0.00    0.00    0.00    0.00   97.92
03:10:07 AM    2    0.00    0.00    1.03    0.00    1.03    1.03    0.00    0.00    0.00   96.91
03:10:07 AM    3    1.04    0.00    5.21    0.00    2.08    0.00    0.00    0.00    0.00   91.67

03:10:07 AM  CPU    %usr   %nice    %sys %iowait    %irq   %soft  %steal  %guest  %gnice   %idle
03:10:08 AM  all    1.02    0.00    3.05    0.00    1.78   13.99    0.00    0.00    0.00   80.15
03:10:08 AM    0    0.00    0.00    0.00    0.00    3.00   55.00    0.00    0.00    0.00   42.00
03:10:08 AM    1    1.03    0.00    2.06    0.00    1.03    0.00    0.00    0.00    0.00   95.88
03:10:08 AM    2    1.01    0.00    4.04    0.00    1.01    0.00    0.00    0.00    0.00   93.94
03:10:08 AM    3    2.06    0.00    6.19    0.00    2.06    0.00    0.00    0.00    0.00   89.69

03:10:08 AM  CPU    %usr   %nice    %sys %iowait    %irq   %soft  %steal  %guest  %gnice   %idle
03:10:09 AM  all    0.77    0.00    2.56    0.00    1.79   13.81    0.00    0.00    0.00   81.07
03:10:09 AM    0    0.00    0.00    0.00    0.00    2.04   55.10    0.00    0.00    0.00   42.86
03:10:09 AM    1    1.01    0.00    3.03    0.00    1.01    0.00    0.00    0.00    0.00   94.95
03:10:09 AM    2    1.02    0.00    2.04    0.00    1.02    0.00    0.00    0.00    0.00   95.92
03:10:09 AM    3    1.04    0.00    5.21    0.00    3.12    0.00    0.00    0.00    0.00   90.62

03:10:09 AM  CPU    %usr   %nice    %sys %iowait    %irq   %soft  %steal  %guest  %gnice   %idle
03:10:10 AM  all    1.01    0.00    3.80    0.00    1.77   13.92    0.00    0.00    0.00   79.49
03:10:10 AM    0    0.00    0.00    1.00    0.00    3.00   55.00    0.00    0.00    0.00   41.00
03:10:10 AM    1    0.99    0.00    0.99    0.00    0.00    0.00    0.00    0.00    0.00   98.02
03:10:10 AM    2    2.06    0.00    6.19    0.00    2.06    0.00    0.00    0.00    0.00   89.69
03:10:10 AM    3    1.03    0.00    7.22    0.00    2.06    0.00    0.00    0.00    0.00   89.69

03:10:10 AM  CPU    %usr   %nice    %sys %iowait    %irq   %soft  %steal  %guest  %gnice   %idle
03:10:11 AM  all    0.76    0.00    3.03    0.00    2.02   13.64    0.00    0.00    0.00   80.56
03:10:11 AM    0    0.00    0.00    0.00    0.00    3.00   54.00    0.00    0.00    0.00   43.00
03:10:11 AM    1    0.00    0.00    0.00    0.00    0.00    0.00    0.00    0.00    0.00  100.00
03:10:11 AM    2    2.04    0.00    5.10    0.00    3.06    0.00    0.00    0.00    0.00   89.80
03:10:11 AM    3    1.02    0.00    7.14    0.00    2.04    0.00    0.00    0.00    0.00   89.80

03:10:11 AM  CPU    %usr   %nice    %sys %iowait    %irq   %soft  %steal  %guest  %gnice   %idle
03:10:12 AM  all    0.51    0.00    2.82    0.00    1.54   14.10    0.00    0.00    0.00   81.03
03:10:12 AM    0    0.00    0.00    0.00    0.00    2.02   55.56    0.00    0.00    0.00   42.42
03:10:12 AM    1    0.00    0.00    0.00    0.00    0.00    0.00    0.00    0.00    0.00  100.00
03:10:12 AM    2    1.05    0.00    5.26    0.00    2.11    0.00    0.00    0.00    0.00   91.58
03:10:12 AM    3    1.04    0.00    6.25    0.00    2.08    0.00    0.00    0.00    0.00   90.62

03:10:12 AM  CPU    %usr   %nice    %sys %iowait    %irq   %soft  %steal  %guest  %gnice   %idle
03:10:13 AM  all    1.02    0.00    2.79    0.00    1.78   14.21    0.00    0.00    0.00   80.20
03:10:13 AM    0    0.00    0.00    0.00    0.00    3.09   57.73    0.00    0.00    0.00   39.18
03:10:13 AM    1    0.00    0.00    0.00    0.00    0.00    0.00    0.00    0.00    0.00  100.00
03:10:13 AM    2    4.04    0.00    6.06    0.00    2.02    0.00    0.00    0.00    0.00   87.88
03:10:13 AM    3    0.00    0.00    5.10    0.00    2.04    0.00    0.00    0.00    0.00   92.86

03:10:13 AM  CPU    %usr   %nice    %sys %iowait    %irq   %soft  %steal  %guest  %gnice   %idle
03:10:14 AM  all    1.02    0.00    2.56    0.00    1.28   14.07    0.00    0.00    0.00   81.07
03:10:14 AM    0    1.04    0.00    2.08    0.00    2.08   57.29    0.00    0.00    0.00   37.50
03:10:14 AM    1    0.00    0.00    0.00    0.00    0.00    0.00    0.00    0.00    0.00  100.00
03:10:14 AM    2    0.00    0.00    4.30    0.00    2.15    0.00    0.00    0.00    0.00   93.55
03:10:14 AM    3    2.94    0.00    3.92    0.00    0.98    0.00    0.00    0.00    0.00   92.16

03:10:14 AM  CPU    %usr   %nice    %sys %iowait    %irq   %soft  %steal  %guest  %gnice   %idle
03:10:15 AM  all    0.51    0.00    3.06    0.00    1.79   14.29    0.00    0.00    0.00   80.36
03:10:15 AM    0    0.00    0.00    1.05    0.00    3.16   58.95    0.00    0.00    0.00   36.84
03:10:15 AM    1    0.00    0.00    0.00    0.00    0.00    0.00    0.00    0.00    0.00  100.00
03:10:15 AM    2    1.00    0.00    9.00    0.00    3.00    0.00    0.00    0.00    0.00   87.00
03:10:15 AM    3    1.03    0.00    2.06    0.00    1.03    0.00    0.00    0.00    0.00   95.88

03:10:15 AM  CPU    %usr   %nice    %sys %iowait    %irq   %soft  %steal  %guest  %gnice   %idle
03:10:16 AM  all    0.00    0.00    2.56    0.00    2.05   14.36    0.00    0.00    0.00   81.03
03:10:16 AM    0    0.00    0.00    1.03    0.00    3.09   57.73    0.00    0.00    0.00   38.14
03:10:16 AM    1    0.00    0.00    1.00    0.00    1.00    0.00    0.00    0.00    0.00   98.00
03:10:16 AM    2    0.00    0.00    6.19    0.00    2.06    0.00    0.00    0.00    0.00   91.75
03:10:16 AM    3    0.00    0.00    2.08    0.00    2.08    0.00    0.00    0.00    0.00   95.83

03:10:16 AM  CPU    %usr   %nice    %sys %iowait    %irq   %soft  %steal  %guest  %gnice   %idle
03:10:17 AM  all    0.26    0.00    2.82    0.00    1.54   13.85    0.00    0.00    0.00   81.54
03:10:17 AM    0    0.00    0.00    0.00    0.00    2.02   54.55    0.00    0.00    0.00   43.43
03:10:17 AM    1    0.00    0.00    2.06    0.00    1.03    0.00    0.00    0.00    0.00   96.91
03:10:17 AM    2    1.03    0.00    3.09    0.00    1.03    0.00    0.00    0.00    0.00   94.85
03:10:17 AM    3    0.00    0.00    6.19    0.00    2.06    0.00    0.00    0.00    0.00   91.75

03:10:17 AM  CPU    %usr   %nice    %sys %iowait    %irq   %soft  %steal  %guest  %gnice   %idle
03:10:18 AM  all    0.50    0.00    4.53    0.00    1.76   13.85    0.00    0.00    0.00   79.35
03:10:18 AM    0    0.00    0.00    0.00    0.00    3.00   55.00    0.00    0.00    0.00   42.00
03:10:18 AM    1    0.00    0.00    5.10    0.00    1.02    0.00    0.00    0.00    0.00   93.88
03:10:18 AM    2    1.96    0.00    8.82    0.00    1.96    0.00    0.00    0.00    0.00   87.25
03:10:18 AM    3    0.00    0.00    4.12    0.00    1.03    0.00    0.00    0.00    0.00   94.85

03:10:18 AM  CPU    %usr   %nice    %sys %iowait    %irq   %soft  %steal  %guest  %gnice   %idle
03:10:19 AM  all    1.52    0.00    3.28    0.00    1.52   13.64    0.00    0.00    0.00   80.05
03:10:19 AM    0    0.00    0.00    0.00    0.00    2.04   55.10    0.00    0.00    0.00   42.86
03:10:19 AM    1    4.04    0.00    6.06    0.00    2.02    0.00    0.00    0.00    0.00   87.88
03:10:19 AM    2    0.00    0.00    3.06    0.00    1.02    0.00    0.00    0.00    0.00   95.92
03:10:19 AM    3    1.98    0.00    3.96    0.00    0.99    0.00    0.00    0.00    0.00   93.07

03:10:19 AM  CPU    %usr   %nice    %sys %iowait    %irq   %soft  %steal  %guest  %gnice   %idle
03:10:20 AM  all    0.50    0.00    4.76    0.00    2.01   13.78    0.00    0.00    0.00   78.95
03:10:20 AM    0    0.00    0.00    0.00    0.00    3.00   55.00    0.00    0.00    0.00   42.00
03:10:20 AM    1    1.02    0.00   11.22    0.00    3.06    0.00    0.00    0.00    0.00   84.69
03:10:20 AM    2    1.00    0.00    6.00    0.00    1.00    0.00    0.00    0.00    0.00   92.00
03:10:20 AM    3    0.00    0.00    1.98    0.00    0.99    0.00    0.00    0.00    0.00   97.03

03:10:20 AM  CPU    %usr   %nice    %sys %iowait    %irq   %soft  %steal  %guest  %gnice   %idle
03:10:21 AM  all    0.76    0.00    3.05    0.00    2.04   13.99    0.00    0.00    0.00   80.15
03:10:21 AM    0    0.00    0.00    0.00    0.00    3.00   55.00    0.00    0.00    0.00   42.00
03:10:21 AM    1    2.11    0.00    8.42    0.00    3.16    0.00    0.00    0.00    0.00   86.32
03:10:21 AM    2    1.02    0.00    2.04    0.00    2.04    0.00    0.00    0.00    0.00   94.90
03:10:21 AM    3    0.00    0.00    2.00    0.00    0.00    0.00    0.00    0.00    0.00   98.00

03:10:21 AM  CPU    %usr   %nice    %sys %iowait    %irq   %soft  %steal  %guest  %gnice   %idle
03:10:22 AM  all    0.77    0.00    2.81    0.00    1.79   14.03    0.00    0.00    0.00   80.61
03:10:22 AM    0    0.00    0.00    0.00    0.00    2.04   56.12    0.00    0.00    0.00   41.84
03:10:22 AM    1    1.03    0.00    5.15    0.00    3.09    0.00    0.00    0.00    0.00   90.72
03:10:22 AM    2    1.02    0.00    2.04    0.00    1.02    0.00    0.00    0.00    0.00   95.92
03:10:22 AM    3    1.01    0.00    4.04    0.00    1.01    0.00    0.00    0.00    0.00   93.94

03:10:22 AM  CPU    %usr   %nice    %sys %iowait    %irq   %soft  %steal  %guest  %gnice   %idle
03:10:23 AM  all    0.51    0.00    3.31    0.00    1.78   13.99    0.00    0.00    0.00   80.41
03:10:23 AM    0    0.00    0.00    0.00    0.00    3.00   55.00    0.00    0.00    0.00   42.00
03:10:23 AM    1    1.04    0.00    6.25    0.00    2.08    0.00    0.00    0.00    0.00   90.62
03:10:23 AM    2    0.00    0.00    5.05    0.00    1.01    0.00    0.00    0.00    0.00   93.94
03:10:23 AM    3    1.02    0.00    2.04    0.00    1.02    0.00    0.00    0.00    0.00   95.92

03:10:23 AM  CPU    %usr   %nice    %sys %iowait    %irq   %soft  %steal  %guest  %gnice   %idle
03:10:24 AM  all    0.76    0.00    2.80    0.00    1.53   14.25    0.00    0.00    0.00   80.66
03:10:24 AM    0    0.00    0.00    0.00    0.00    2.02   55.56    0.00    0.00    0.00   42.42
03:10:24 AM    1    0.00    0.00    5.21    0.00    2.08    1.04    0.00    0.00    0.00   91.67
03:10:24 AM    2    1.02    0.00    2.04    0.00    1.02    0.00    0.00    0.00    0.00   95.92
03:10:24 AM    3    2.00    0.00    4.00    0.00    1.00    0.00    0.00    0.00    0.00   93.00

03:10:24 AM  CPU    %usr   %nice    %sys %iowait    %irq   %soft  %steal  %guest  %gnice   %idle
03:10:25 AM  all    1.02    0.00    2.80    0.00    2.04   13.74    0.00    0.00    0.00   80.41
03:10:25 AM    0    0.00    0.00    0.00    0.00    3.03   54.55    0.00    0.00    0.00   42.42
03:10:25 AM    1    4.04    0.00    6.06    0.00    2.02    0.00    0.00    0.00    0.00   87.88
03:10:25 AM    2    0.00    0.00    2.08    0.00    1.04    0.00    0.00    0.00    0.00   96.88
03:10:25 AM    3    0.00    0.00    3.03    0.00    2.02    0.00    0.00    0.00    0.00   94.95

03:10:25 AM  CPU    %usr   %nice    %sys %iowait    %irq   %soft  %steal  %guest  %gnice   %idle
03:10:26 AM  all    0.77    0.00    2.81    0.00    1.79   14.03    0.00    0.00    0.00   80.61
03:10:26 AM    0    0.00    0.00    0.00    0.00    2.04   56.12    0.00    0.00    0.00   41.84
03:10:26 AM    1    2.08    0.00    4.17    0.00    3.12    0.00    0.00    0.00    0.00   90.62
03:10:26 AM    2    1.01    0.00    3.03    0.00    1.01    0.00    0.00    0.00    0.00   94.95
03:10:26 AM    3    0.00    0.00    4.04    0.00    1.01    0.00    0.00    0.00    0.00   94.95

03:10:26 AM  CPU    %usr   %nice    %sys %iowait    %irq   %soft  %steal  %guest  %gnice   %idle
03:10:27 AM  all    1.02    0.00    1.79    0.00    2.05   14.07    0.00    0.00    0.00   81.07
03:10:27 AM    0    0.00    0.00    0.00    0.00    3.00   55.00    0.00    0.00    0.00   42.00
03:10:27 AM    1    2.08    0.00    4.17    0.00    2.08    0.00    0.00    0.00    0.00   91.67
03:10:27 AM    2    1.02    0.00    1.02    0.00    2.04    0.00    0.00    0.00    0.00   95.92
03:10:27 AM    3    1.03    0.00    2.06    0.00    1.03    0.00    0.00    0.00    0.00   95.88

03:10:27 AM  CPU    %usr   %nice    %sys %iowait    %irq   %soft  %steal  %guest  %gnice   %idle
03:10:28 AM  all    1.02    0.00    2.81    0.00    1.53   14.03    0.00    0.00    0.00   80.61
03:10:28 AM    0    0.00    0.00    0.00    0.00    2.02   55.56    0.00    0.00    0.00   42.42
03:10:28 AM    1    2.11    0.00    4.21    0.00    2.11    0.00    0.00    0.00    0.00   91.58
03:10:28 AM    2    1.01    0.00    4.04    0.00    1.01    0.00    0.00    0.00    0.00   93.94
03:10:28 AM    3    1.01    0.00    3.03    0.00    1.01    0.00    0.00    0.00    0.00   94.95

03:10:28 AM  CPU    %usr   %nice    %sys %iowait    %irq   %soft  %steal  %guest  %gnice   %idle
03:10:29 AM  all    0.26    0.00    2.81    0.00    2.04   13.78    0.00    0.00    0.00   81.12
03:10:29 AM    0    0.00    0.00    0.00    0.00    3.00   54.00    0.00    0.00    0.00   43.00
03:10:29 AM    1    1.02    0.00    6.12    0.00    3.06    0.00    0.00    0.00    0.00   89.80
03:10:29 AM    2    0.00    0.00    3.06    0.00    1.02    0.00    0.00    0.00    0.00   95.92
03:10:29 AM    3    0.00    0.00    2.08    0.00    1.04    0.00    0.00    0.00    0.00   96.88

03:10:29 AM  CPU    %usr   %nice    %sys %iowait    %irq   %soft  %steal  %guest  %gnice   %idle
03:10:30 AM  all    1.27    0.00    2.54    0.00    2.03   13.96    0.00    0.00    0.00   80.20
03:10:30 AM    0    0.00    0.00    0.00    0.00    3.03   55.56    0.00    0.00    0.00   41.41
03:10:30 AM    1    1.06    0.00    4.26    0.00    2.13    0.00    0.00    0.00    0.00   92.55
03:10:30 AM    2    1.01    0.00    3.03    0.00    1.01    0.00    0.00    0.00    0.00   94.95
03:10:30 AM    3    2.94    0.00    2.94    0.00    1.96    0.00    0.00    0.00    0.00   92.16

03:10:30 AM  CPU    %usr   %nice    %sys %iowait    %irq   %soft  %steal  %guest  %gnice   %idle
03:10:31 AM  all    1.01    0.00    3.29    0.00    1.52   13.92    0.00    0.00    0.00   80.25
03:10:31 AM    0    0.00    0.00    0.00    0.00    2.02   55.56    0.00    0.00    0.00   42.42
03:10:31 AM    1    2.02    0.00    6.06    0.00    2.02    0.00    0.00    0.00    0.00   89.90
03:10:31 AM    2    2.06    0.00    2.06    0.00    1.03    0.00    0.00    0.00    0.00   94.85
03:10:31 AM    3    0.00    0.00    5.00    0.00    1.00    0.00    0.00    0.00    0.00   94.00

03:10:31 AM  CPU    %usr   %nice    %sys %iowait    %irq   %soft  %steal  %guest  %gnice   %idle
03:10:32 AM  all    0.25    0.00    3.82    0.00    2.04   13.74    0.00    0.00    0.00   80.15
03:10:32 AM    0    0.00    0.00    0.00    0.00    3.03   54.55    0.00    0.00    0.00   42.42
03:10:32 AM    1    0.00    0.00    4.08    0.00    1.02    0.00    0.00    0.00    0.00   94.90
03:10:32 AM    2    1.01    0.00    3.03    0.00    2.02    0.00    0.00    0.00    0.00   93.94
03:10:32 AM    3    0.00    0.00    8.25    0.00    2.06    0.00    0.00    0.00    0.00   89.69

03:10:32 AM  CPU    %usr   %nice    %sys %iowait    %irq   %soft  %steal  %guest  %gnice   %idle
03:10:33 AM  all    1.52    0.00    3.05    0.00    1.52   13.96    0.00    0.00    0.00   79.95
03:10:33 AM    0    0.00    0.00    1.01    0.00    2.02   55.56    0.00    0.00    0.00   41.41
03:10:33 AM    1    1.01    0.00    3.03    0.00    1.01    0.00    0.00    0.00    0.00   94.95
03:10:33 AM    2    1.02    0.00    3.06    0.00    1.02    0.00    0.00    0.00    0.00   94.90
03:10:33 AM    3    4.08    0.00    5.10    0.00    2.04    0.00    0.00    0.00    0.00   88.78

03:10:33 AM  CPU    %usr   %nice    %sys %iowait    %irq   %soft  %steal  %guest  %gnice   %idle
03:10:34 AM  all    0.51    0.00    3.32    0.00    1.79   13.81    0.00    0.00    0.00   80.56
03:10:34 AM    0    0.00    0.00    0.00    0.00    3.03   54.55    0.00    0.00    0.00   42.42
03:10:34 AM    1    0.00    0.00    4.08    0.00    1.02    0.00    0.00    0.00    0.00   94.90
03:10:34 AM    2    0.00    0.00    3.09    0.00    1.03    0.00    0.00    0.00    0.00   95.88
03:10:34 AM    3    2.06    0.00    6.19    0.00    2.06    0.00    0.00    0.00    0.00   89.69

03:10:34 AM  CPU    %usr   %nice    %sys %iowait    %irq   %soft  %steal  %guest  %gnice   %idle
03:10:35 AM  all    0.51    0.00    2.80    0.00    1.78   14.25    0.00    0.00    0.00   80.66
03:10:35 AM    0    0.00    0.00    0.00    0.00    2.02   55.56    0.00    0.00    0.00   42.42
03:10:35 AM    1    1.02    0.00    2.04    0.00    1.02    0.00    0.00    0.00    0.00   95.92
03:10:35 AM    2    0.00    0.00    4.00    0.00    1.00    1.00    0.00    0.00    0.00   94.00
03:10:35 AM    3    1.04    0.00    5.21    0.00    3.12    0.00    0.00    0.00    0.00   90.62

03:10:35 AM  CPU    %usr   %nice    %sys %iowait    %irq   %soft  %steal  %guest  %gnice   %idle
03:10:36 AM  all    0.76    0.00    4.03    0.00    2.02   13.85    0.00    0.00    0.00   79.35
03:10:36 AM    0    0.00    0.00    0.00    0.00    3.00   55.00    0.00    0.00    0.00   42.00
03:10:36 AM    1    0.99    0.00    4.95    0.00    1.98    0.00    0.00    0.00    0.00   92.08
03:10:36 AM    2    1.03    0.00    2.06    0.00    1.03    0.00    0.00    0.00    0.00   95.88
03:10:36 AM    3    1.01    0.00    9.09    0.00    2.02    0.00    0.00    0.00    0.00   87.88

03:10:36 AM  CPU    %usr   %nice    %sys %iowait    %irq   %soft  %steal  %guest  %gnice   %idle
03:10:37 AM  all    0.76    0.00    3.03    0.00    2.02   13.89    0.00    0.00    0.00   80.30
03:10:37 AM    0    0.00    0.00    0.00    0.00    3.03   54.55    0.00    0.00    0.00   42.42
03:10:37 AM    1    0.99    0.00    4.95    0.00    0.99    0.00    0.00    0.00    0.00   93.07
03:10:37 AM    2    1.00    0.00    3.00    0.00    2.00    0.00    0.00    0.00    0.00   94.00
03:10:37 AM    3    1.04    0.00    4.17    0.00    2.08    1.04    0.00    0.00    0.00   91.67

03:10:37 AM  CPU    %usr   %nice    %sys %iowait    %irq   %soft  %steal  %guest  %gnice   %idle
03:10:38 AM  all    1.02    0.00    3.82    0.00    1.53   13.99    0.00    0.00    0.00   79.64
03:10:38 AM    0    0.00    0.00    1.00    0.00    2.00   55.00    0.00    0.00    0.00   42.00
03:10:38 AM    1    0.00    0.00    4.08    0.00    1.02    0.00    0.00    0.00    0.00   94.90
03:10:38 AM    2    0.00    0.00    1.00    0.00    0.00    0.00    0.00    0.00    0.00   99.00
03:10:38 AM    3    4.21    0.00    9.47    0.00    3.16    0.00    0.00    0.00    0.00   83.16

03:10:38 AM  CPU    %usr   %nice    %sys %iowait    %irq   %soft  %steal  %guest  %gnice   %idle
03:10:39 AM  all    1.01    0.00    3.77    0.00    2.01   13.82    0.00    0.00    0.00   79.40
03:10:39 AM    0    0.00    0.00    0.00    0.00    3.00   55.00    0.00    0.00    0.00   42.00
03:10:39 AM    1    1.00    0.00    5.00    0.00    1.00    0.00    0.00    0.00    0.00   93.00
03:10:39 AM    2    0.00    0.00    0.00    0.00    0.00    0.00    0.00    0.00    0.00  100.00
03:10:39 AM    3    3.06    0.00   10.20    0.00    4.08    0.00    0.00    0.00    0.00   82.65

03:10:39 AM  CPU    %usr   %nice    %sys %iowait    %irq   %soft  %steal  %guest  %gnice   %idle
03:10:40 AM  all    0.26    0.00    3.33    0.00    1.54   13.85    0.00    0.00    0.00   81.03
03:10:40 AM    0    0.00    0.00    0.00    0.00    2.06   55.67    0.00    0.00    0.00   42.27
03:10:40 AM    1    0.00    0.00    2.02    0.00    1.01    0.00    0.00    0.00    0.00   96.97
03:10:40 AM    2    0.00    0.00    1.00    0.00    0.00    0.00    0.00    0.00    0.00   99.00
03:10:40 AM    3    1.06    0.00   10.64    0.00    3.19    0.00    0.00    0.00    0.00   85.11

03:10:40 AM  CPU    %usr   %nice    %sys %iowait    %irq   %soft  %steal  %guest  %gnice   %idle
03:10:41 AM  all    0.51    0.00    3.55    0.00    1.78   13.96    0.00    0.00    0.00   80.20
03:10:41 AM    0    0.00    0.00    0.00    0.00    3.06   56.12    0.00    0.00    0.00   40.82
03:10:41 AM    1    0.00    0.00    0.00    0.00    0.00    0.00    0.00    0.00    0.00  100.00
03:10:41 AM    2    0.00    0.00    3.03    0.00    1.01    0.00    0.00    0.00    0.00   95.96
03:10:41 AM    3    2.06    0.00   11.34    0.00    3.09    0.00    0.00    0.00    0.00   83.51

03:10:41 AM  CPU    %usr   %nice    %sys %iowait    %irq   %soft  %steal  %guest  %gnice   %idle
03:10:42 AM  all    0.26    0.00    2.57    0.00    1.80   14.14    0.00    0.00    0.00   81.23
03:10:42 AM    0    0.00    0.00    0.00    0.00    2.02   55.56    0.00    0.00    0.00   42.42
03:10:42 AM    1    0.00    0.00    0.00    0.00    0.00    0.00    0.00    0.00    0.00  100.00
03:10:42 AM    2    0.00    0.00    0.00    0.00    1.05    0.00    0.00    0.00    0.00   98.95
03:10:42 AM    3    1.05    0.00   10.53    0.00    4.21    0.00    0.00    0.00    0.00   84.21

03:10:42 AM  CPU    %usr   %nice    %sys %iowait    %irq   %soft  %steal  %guest  %gnice   %idle
03:10:43 AM  all    1.50    0.00    4.26    0.00    1.75   13.78    0.00    0.00    0.00   78.70
03:10:43 AM    0    0.99    0.00    0.99    0.00    2.97   54.46    0.00    0.00    0.00   40.59
03:10:43 AM    1    0.00    0.00    0.00    0.00    0.00    0.00    0.00    0.00    0.00  100.00
03:10:43 AM    2    1.98    0.00    3.96    0.00    0.99    0.00    0.00    0.00    0.00   93.07
03:10:43 AM    3    3.06    0.00   12.24    0.00    3.06    0.00    0.00    0.00    0.00   81.63

03:10:43 AM  CPU    %usr   %nice    %sys %iowait    %irq   %soft  %steal  %guest  %gnice   %idle
03:10:44 AM  all    0.77    0.00    2.81    0.00    1.79   14.07    0.00    0.00    0.00   80.56
03:10:44 AM    0    0.00    0.00    0.00    0.00    3.06   56.12    0.00    0.00    0.00   40.82
03:10:44 AM    1    1.00    0.00    2.00    0.00    0.00    0.00    0.00    0.00    0.00   97.00
03:10:44 AM    2    0.00    0.00    0.00    0.00    0.00    0.00    0.00    0.00    0.00  100.00
03:10:44 AM    3    2.13    0.00    9.57    0.00    4.26    0.00    0.00    0.00    0.00   84.04

03:10:44 AM  CPU    %usr   %nice    %sys %iowait    %irq   %soft  %steal  %guest  %gnice   %idle
03:10:45 AM  all    0.77    0.00    2.81    0.00    1.79   14.03    0.00    0.00    0.00   80.61
03:10:45 AM    0    0.00    0.00    0.00    0.00    2.02   55.56    0.00    0.00    0.00   42.42
03:10:45 AM    1    0.00    0.00    3.06    0.00    2.04    0.00    0.00    0.00    0.00   94.90
03:10:45 AM    2    0.00    0.00    0.00    0.00    0.00    0.00    0.00    0.00    0.00  100.00
03:10:45 AM    3    3.16    0.00    8.42    0.00    3.16    0.00    0.00    0.00    0.00   85.26

03:10:45 AM  CPU    %usr   %nice    %sys %iowait    %irq   %soft  %steal  %guest  %gnice   %idle
03:10:46 AM  all    0.51    0.00    3.05    0.00    1.78   13.74    0.00    0.00    0.00   80.92
03:10:46 AM    0    0.00    0.00    0.00    0.00    3.00   54.00    0.00    0.00    0.00   43.00
03:10:46 AM    1    0.00    0.00    3.06    0.00    1.02    0.00    0.00    0.00    0.00   95.92
03:10:46 AM    2    0.00    0.00    0.00    0.00    0.00    0.00    0.00    0.00    0.00  100.00
03:10:46 AM    3    2.11    0.00    9.47    0.00    3.16    0.00    0.00    0.00    0.00   85.26

03:10:46 AM  CPU    %usr   %nice    %sys %iowait    %irq   %soft  %steal  %guest  %gnice   %idle
03:10:47 AM  all    0.76    0.00    4.28    0.00    1.76   13.85    0.00    0.00    0.00   79.35
03:10:47 AM    0    0.00    0.00    0.00    0.00    2.02   55.56    0.00    0.00    0.00   42.42
03:10:47 AM    1    1.00    0.00    5.00    0.00    1.00    0.00    0.00    0.00    0.00   93.00
03:10:47 AM    2    0.00    0.00    0.00    0.00    0.00    0.00    0.00    0.00    0.00  100.00
03:10:47 AM    3    2.04    0.00   12.24    0.00    4.08    0.00    0.00    0.00    0.00   81.63

03:10:47 AM  CPU    %usr   %nice    %sys %iowait    %irq   %soft  %steal  %guest  %gnice   %idle
03:10:48 AM  all    0.51    0.00    4.04    0.00    2.02   13.64    0.00    0.00    0.00   79.80
03:10:48 AM    0    0.00    0.00    0.00    0.00    3.03   54.55    0.00    0.00    0.00   42.42
03:10:48 AM    1    1.00    0.00    6.00    0.00    2.00    0.00    0.00    0.00    0.00   91.00
03:10:48 AM    2    0.00    0.00    0.00    0.00    0.00    0.00    0.00    0.00    0.00  100.00
03:10:48 AM    3    1.03    0.00   10.31    0.00    3.09    0.00    0.00    0.00    0.00   85.57

03:10:48 AM  CPU    %usr   %nice    %sys %iowait    %irq   %soft  %steal  %guest  %gnice   %idle
03:10:49 AM  all    0.77    0.00    2.83    0.00    1.54   14.14    0.00    0.00    0.00   80.72
03:10:49 AM    0    0.00    0.00    0.00    0.00    2.04   56.12    0.00    0.00    0.00   41.84
03:10:49 AM    1    1.04    0.00    6.25    0.00    2.08    0.00    0.00    0.00    0.00   90.62
03:10:49 AM    2    0.00    0.00    0.00    0.00    0.00    0.00    0.00    0.00    0.00  100.00
03:10:49 AM    3    2.04    0.00    5.10    0.00    2.04    0.00    0.00    0.00    0.00   90.82

03:10:49 AM  CPU    %usr   %nice    %sys %iowait    %irq   %soft  %steal  %guest  %gnice   %idle
03:10:50 AM  all    0.76    0.00    4.04    0.00    1.77   13.64    0.00    0.00    0.00   79.80
03:10:50 AM    0    0.00    0.00    0.00    0.00    3.03   54.55    0.00    0.00    0.00   42.42
03:10:50 AM    1    1.01    0.00    9.09    0.00    2.02    0.00    0.00    0.00    0.00   87.88
03:10:50 AM    2    0.98    0.00    5.88    0.00    0.98    0.00    0.00    0.00    0.00   92.16
03:10:50 AM    3    1.04    0.00    1.04    0.00    1.04    0.00    0.00    0.00    0.00   96.88

03:10:50 AM  CPU    %usr   %nice    %sys %iowait    %irq   %soft  %steal  %guest  %gnice   %idle
03:10:51 AM  all    0.78    0.00    1.03    0.00    2.07   14.21    0.00    0.00    0.00   81.91
03:10:51 AM    0    0.00    0.00    0.00    0.00    2.97   54.46    0.00    0.00    0.00   42.57
03:10:51 AM    1    2.15    0.00    2.15    0.00    2.15    0.00    0.00    0.00    0.00   93.55
03:10:51 AM    2    0.00    0.00    0.00    0.00    2.11    0.00    0.00    0.00    0.00   97.89
03:10:51 AM    3    1.02    0.00    2.04    0.00    1.02    0.00    0.00    0.00    0.00   95.92

03:10:51 AM  CPU    %usr   %nice    %sys %iowait    %irq   %soft  %steal  %guest  %gnice   %idle
03:10:52 AM  all    0.76    0.00    3.30    0.00    1.78   13.71    0.00    0.00    0.00   80.46
03:10:52 AM    0    0.00    0.00    0.00    0.00    2.04   55.10    0.00    0.00    0.00   42.86
03:10:52 AM    1    2.97    0.00    6.93    0.00    2.97    0.00    0.00    0.00    0.00   87.13
03:10:52 AM    2    0.00    0.00    3.06    0.00    1.02    0.00    0.00    0.00    0.00   95.92
03:10:52 AM    3    0.00    0.00    3.09    0.00    1.03    0.00    0.00    0.00    0.00   95.88

03:10:52 AM  CPU    %usr   %nice    %sys %iowait    %irq   %soft  %steal  %guest  %gnice   %idle
03:10:53 AM  all    0.25    0.00    3.80    0.00    1.77   13.92    0.00    0.00    0.00   80.25
03:10:53 AM    0    0.00    0.00    0.00    0.00    3.00   55.00    0.00    0.00    0.00   42.00
03:10:53 AM    1    0.00    0.00    8.08    0.00    2.02    0.00    0.00    0.00    0.00   89.90
03:10:53 AM    2    1.02    0.00    4.08    0.00    1.02    0.00    0.00    0.00    0.00   93.88
03:10:53 AM    3    0.00    0.00    3.06    0.00    1.02    0.00    0.00    0.00    0.00   95.92

03:10:53 AM  CPU    %usr   %nice    %sys %iowait    %irq   %soft  %steal  %guest  %gnice   %idle
03:10:54 AM  all    1.28    0.00    2.55    0.00    1.79   13.78    0.00    0.00    0.00   80.61
03:10:54 AM    0    0.00    0.00    0.00    0.00    2.04   55.10    0.00    0.00    0.00   42.86
03:10:54 AM    1    1.02    0.00    3.06    0.00    1.02    0.00    0.00    0.00    0.00   94.90
03:10:54 AM    2    3.06    0.00    5.10    0.00    3.06    0.00    0.00    0.00    0.00   88.78
03:10:54 AM    3    1.02    0.00    2.04    0.00    1.02    0.00    0.00    0.00    0.00   95.92

03:10:54 AM  CPU    %usr   %nice    %sys %iowait    %irq   %soft  %steal  %guest  %gnice   %idle
03:10:55 AM  all    0.51    0.00    3.79    0.00    2.02   14.14    0.00    0.00    0.00   79.55
03:10:55 AM    0    0.00    0.00    0.99    0.00    2.97   54.46    0.00    0.00    0.00   41.58
03:10:55 AM    1    0.00    0.00    3.06    0.00    1.02    1.02    0.00    0.00    0.00   94.90
03:10:55 AM    2    1.04    0.00    6.25    0.00    2.08    0.00    0.00    0.00    0.00   90.62
03:10:55 AM    3    0.99    0.00    4.95    0.00    1.98    0.00    0.00    0.00    0.00   92.08

03:10:55 AM  CPU    %usr   %nice    %sys %iowait    %irq   %soft  %steal  %guest  %gnice   %idle
03:10:56 AM  all    0.26    0.00    2.83    0.00    1.54   13.88    0.00    0.00    0.00   81.49
03:10:56 AM    0    0.00    0.00    0.00    0.00    2.02   54.55    0.00    0.00    0.00   43.43
03:10:56 AM    1    1.02    0.00    3.06    0.00    1.02    0.00    0.00    0.00    0.00   94.90
03:10:56 AM    2    0.00    0.00    7.29    0.00    2.08    0.00    0.00    0.00    0.00   90.62
03:10:56 AM    3    0.00    0.00    1.04    0.00    1.04    0.00    0.00    0.00    0.00   97.92

03:10:56 AM  CPU    %usr   %nice    %sys %iowait    %irq   %soft  %steal  %guest  %gnice   %idle
03:10:57 AM  all    0.51    0.00    3.07    0.00    1.79   13.81    0.00    0.00    0.00   80.82
03:10:57 AM    0    0.00    0.00    0.00    0.00    3.03   54.55    0.00    0.00    0.00   42.42
03:10:57 AM    1    0.00    0.00    2.06    0.00    1.03    0.00    0.00    0.00    0.00   96.91
03:10:57 AM    2    2.04    0.00    7.14    0.00    2.04    0.00    0.00    0.00    0.00   88.78
03:10:57 AM    3    0.00    0.00    3.09    0.00    1.03    0.00    0.00    0.00    0.00   95.88

03:10:57 AM  CPU    %usr   %nice    %sys %iowait    %irq   %soft  %steal  %guest  %gnice   %idle
03:10:58 AM  all    1.02    0.00    2.81    0.00    2.04   14.03    0.00    0.00    0.00   80.10
03:10:58 AM    0    0.00    0.00    1.01    0.00    2.02   55.56    0.00    0.00    0.00   41.41
03:10:58 AM    1    1.03    0.00    3.09    0.00    2.06    0.00    0.00    0.00    0.00   93.81
03:10:58 AM    2    2.06    0.00    5.15    0.00    3.09    0.00    0.00    0.00    0.00   89.69
03:10:58 AM    3    1.01    0.00    2.02    0.00    1.01    0.00    0.00    0.00    0.00   95.96

03:10:58 AM  CPU    %usr   %nice    %sys %iowait    %irq   %soft  %steal  %guest  %gnice   %idle
03:10:59 AM  all    0.51    0.00    3.07    0.00    1.79   14.07    0.00    0.00    0.00   80.56
03:10:59 AM    0    0.00    0.00    0.00    0.00    3.00   55.00    0.00    0.00    0.00   42.00
03:10:59 AM    1    1.05    0.00    5.26    0.00    2.11    0.00    0.00    0.00    0.00   91.58
03:10:59 AM    2    1.04    0.00    7.29    0.00    2.08    0.00    0.00    0.00    0.00   89.58
03:10:59 AM    3    0.00    0.00    0.00    0.00    0.00    0.00    0.00    0.00    0.00  100.00

03:10:59 AM  CPU    %usr   %nice    %sys %iowait    %irq   %soft  %steal  %guest  %gnice   %idle
03:11:00 AM  all    0.51    0.00    2.56    0.00    1.79   13.85    0.00    0.00    0.00   81.28
03:11:00 AM    0    0.00    0.00    0.00    0.00    3.00   54.00    0.00    0.00    0.00   43.00
03:11:00 AM    1    1.05    0.00    5.26    0.00    2.11    0.00    0.00    0.00    0.00   91.58
03:11:00 AM    2    1.05    0.00    5.26    0.00    2.11    0.00    0.00    0.00    0.00   91.58
03:11:00 AM    3    0.00    0.00    0.00    0.00    0.00    0.00    0.00    0.00    0.00  100.00

03:11:00 AM  CPU    %usr   %nice    %sys %iowait    %irq   %soft  %steal  %guest  %gnice   %idle
03:11:01 AM  all    0.77    0.00    2.81    0.00    1.79   14.03    0.00    0.00    0.00   80.61
03:11:01 AM    0    0.00    0.00    0.00    0.00    2.02   55.56    0.00    0.00    0.00   42.42
03:11:01 AM    1    0.00    0.00    5.26    0.00    3.16    0.00    0.00    0.00    0.00   91.58
03:11:01 AM    2    3.06    0.00    6.12    0.00    2.04    0.00    0.00    0.00    0.00   88.78
03:11:01 AM    3    0.00    0.00    0.00    0.00    0.00    0.00    0.00    0.00    0.00  100.00

03:11:01 AM  CPU    %usr   %nice    %sys %iowait    %irq   %soft  %steal  %guest  %gnice   %idle
03:11:02 AM  all    1.50    0.00    3.99    0.00    2.00   13.47    0.00    0.00    0.00   79.05
03:11:02 AM    0    0.00    0.00    0.00    0.00    3.03   54.55    0.00    0.00    0.00   42.42
03:11:02 AM    1    2.94    0.00    8.82    0.00    1.96    0.00    0.00    0.00    0.00   86.27
03:11:02 AM    2    3.00    0.00    7.00    0.00    3.00    0.00    0.00    0.00    0.00   87.00
03:11:02 AM    3    0.00    0.00    0.00    0.00    0.00    0.00    0.00    0.00    0.00  100.00

03:11:02 AM  CPU    %usr   %nice    %sys %iowait    %irq   %soft  %steal  %guest  %gnice   %idle
03:11:03 AM  all    0.26    0.00    3.08    0.00    1.54   14.14    0.00    0.00    0.00   80.98
03:11:03 AM    0    0.00    0.00    0.00    0.00    2.02   55.56    0.00    0.00    0.00   42.42
03:11:03 AM    1    0.00    0.00    3.09    0.00    1.03    0.00    0.00    0.00    0.00   95.88
03:11:03 AM    2    1.08    0.00    9.68    0.00    3.23    0.00    0.00    0.00    0.00   86.02
03:11:03 AM    3    0.00    0.00    0.00    0.00    0.00    0.00    0.00    0.00    0.00  100.00

03:11:03 AM  CPU    %usr   %nice    %sys %iowait    %irq   %soft  %steal  %guest  %gnice   %idle
03:11:04 AM  all    1.26    0.00    3.28    0.00    2.02   13.64    0.00    0.00    0.00   79.80
03:11:04 AM    0    0.00    0.00    0.00    0.00    3.03   54.55    0.00    0.00    0.00   42.42
03:11:04 AM    1    2.94    0.00    6.86    0.00    1.96    0.00    0.00    0.00    0.00   88.24
03:11:04 AM    2    1.05    0.00    5.26    0.00    3.16    0.00    0.00    0.00    0.00   90.53
03:11:04 AM    3    1.00    0.00    1.00    0.00    0.00    0.00    0.00    0.00    0.00   98.00

03:11:04 AM  CPU    %usr   %nice    %sys %iowait    %irq   %soft  %steal  %guest  %gnice   %idle
03:11:05 AM  all    0.51    0.00    2.57    0.00    1.54   14.14    0.00    0.00    0.00   81.23
03:11:05 AM    0    0.00    0.00    0.00    0.00    2.02   55.56    0.00    0.00    0.00   42.42
03:11:05 AM    1    0.00    0.00    2.06    0.00    1.03    0.00    0.00    0.00    0.00   96.91
03:11:05 AM    2    0.00    0.00    6.32    0.00    2.11    0.00    0.00    0.00    0.00   91.58
03:11:05 AM    3    2.04    0.00    2.04    0.00    1.02    0.00    0.00    0.00    0.00   94.90

Average:     CPU    %usr   %nice    %sys %iowait    %irq   %soft  %steal  %guest  %gnice   %idle
Average:     all    0.73    0.00    3.20    0.00    1.81   13.93    0.00    0.00    0.00   80.34
Average:       0    0.04    0.00    0.15    0.00    2.59   55.15    0.00    0.00    0.00   42.07
Average:       1    0.89    0.00    4.05    0.00    1.50    0.03    0.00    0.00    0.00   93.53
Average:       2    1.08    0.00    4.53    0.01    1.67    0.03    0.00    0.00    0.00   92.68
Average:       3    0.92    0.00    4.09    0.00    1.46    0.03    0.00    0.00    0.00   93.51
