1781172174,49.9,2400000,0xe0000
1781172175,49.9,2400000,0xe0000
1781172176,49.9,2400000,0xe0000
1781172177,49.4,2400000,0xe0000
1781172178,50.5,2400000,0xe0000
1781172179,50.5,2400000,0xe0000
1781172180,49.9,2400000,0xe0000
1781172181,50.5,2400000,0xe0000
1781172182,49.4,2400000,0xe0000
1781172183,50.5,2400000,0xe0000
1781172184,49.9,2400000,0xe0000
1781172185,50.5,2400000,0xe0000
1781172186,49.9,2400000,0xe0000
1781172187,49.9,2400000,0xe0000
1781172188,50.5,2400000,0xe0000
1781172189,49.9,2400000,0xe0000
1781172190,50.5,2400000,0xe0000
1781172191,50.5,2400000,0xe0000
1781172192,51.0,2400000,0xe0000
1781172193,50.5,2400000,0xe0000
1781172194,50.5,2400000,0xe0000
1781172195,49.9,2400000,0xe0000
1781172196,51.0,2400000,0xe0000
1781172197,50.5,2400000,0xe0000
1781172198,49.9,2400000,0xe0000
1781172199,51.0,2400000,0xe0000
1781172200,50.5,2400000,0xe0000
1781172201,49.9,2400000,0xe0000
1781172202,50.5,2400000,0xe0000
1781172203,49.9,2400000,0xe0000
1781172204,50.5,2400000,0xe0000
1781172205,50.5,2400000,0xe0000
1781172206,50.5,2400000,0xe0000
1781172207,51.0,2400000,0xe0000
1781172208,50.5,2400000,0xe0000
1781172210,50.5,2400000,0xe0000
1781172211,49.9,2400000,0xe0000
1781172212,49.9,2400000,0xe0000
1781172213,49.9,2400000,0xe0000
1781172214,50.5,2400000,0xe0000
1781172215,50.5,2400000,0xe0000
1781172216,49.9,2400000,0xe0000
1781172217,50.5,2400000,0xe0000
1781172218,50.5,2400000,0xe0000
1781172219,50.5,2400000,0xe0000
1781172220,49.9,2400000,0xe0000
1781172221,50.5,2400000,0xe0000
1781172222,49.9,2400000,0xe0000
1781172223,50.5,2400000,0xe0000
1781172224,50.5,2400000,0xe0000
1781172225,51.0,2400000,0xe0000
1781172226,50.5,2400000,0xe0000
1781172227,49.9,2400000,0xe0000
1781172228,50.5,2400000,0xe0000
1781172229,49.9,2400000,0xe0000
1781172230,50.5,2400000,0xe0000
1781172231,50.5,2400000,0xe0000
1781172232,51.0,2400000,0xe0000
1781172233,50.5,2400000,0xe0000
1781172234,49.9,2400000,0xe0000
1781172235,49.4,2400000,0xe0000
1781172236,50.5,2400000,0xe0000
1781172237,51.0,2400000,0xe0000
1781172238,50.5,2400000,0xe0000
1781172239,51.0,2400000,0xe0000
1781172240,50.5,2400000,0xe0000
1781172242,49.9,2400000,0xe0000
1781172243,51.0,2400000,0xe0000
1781172244,51.0,2400000,0xe0000
1781172245,50.5,2400000,0xe0000
1781172246,49.4,2400000,0xe0000
1781172247,50.5,2400000,0xe0000
1781172248,50.5,2400000,0xe0000
1781172249,50.5,2400000,0xe0000
1781172250,50.5,2400000,0xe0000
1781172251,51.0,2400000,0xe0000
1781172252,51.0,2400000,0xe0000
1781172253,51.0,2400000,0xe0000
1781172254,51.0,2400000,0xe0000
1781172255,51.0,2400000,0xe0000
1781172256,50.5,2400000,0xe0000
1781172257,50.5,2400000,0xe0000
1781172258,51.6,2400000,0xe0000
1781172259,50.5,2400000,0xe0000
1781172260,50.5,2400000,0xe0000
1781172261,51.0,2400000,0xe0000
1781172262,51.6,2400000,0xe0000
1781172263,50.5,2400000,0xe0000
1781172264,51.0,2400000,0xe0000
1781172265,51.0,2400000,0xe0000
1781172266,51.0,2400000,0xe0000
1781172267,50.5,2400000,0xe0000
1781172268,50.5,2400000,0xe0000
1781172269,51.6,2400000,0xe0000
1781172270,50.5,2400000,0xe0000
1781172271,51.0,2400000,0xe0000
1781172272,50.5,2400000,0xe0000
1781172273,50.5,2400000,0xe0000
1781172274,51.0,2400000,0xe0000
1781172275,51.0,2400000,0xe0000
1781172276,51.0,2400000,0xe0000
1781172277,49.9,2400000,0xe0000
1781172278,51.0,2400000,0xe0000
1781172279,50.5,2400000,0xe0000
1781172280,51.6,2400000,0xe0000
1781172282,51.0,2400000,0xe0000
1781172283,51.6,2400000,0xe0000
1781172284,50.5,2400000,0xe0000
1781172285,49.4,2400000,0xe0000
1781172286,50.5,2400000,0xe0000
1781172287,50.5,2400000,0xe0000
1781172288,50.5,2400000,0xe0000
1781172289,50.5,2400000,0xe0000
1781172290,50.5,2400000,0xe0000
1781172291,51.0,2400000,0xe0000
1781172292,50.5,2400000,0xe0000
1781172293,51.6,2400000,0xe0000
1781172294,51.0,2400000,0xe0000
1781172295,50.5,2400000,0xe0000
1781172296,51.0,2400000,0xe0000
1781172297,50.5,2400000,0xe0000
1781172298,50.5,2400000,0xe0000
1781172299,51.0,2400000,0xe0000
1781172300,51.0,2400000,0xe0000
1781172301,51.0,2400000,0xe0000
1781172302,51.0,2400000,0xe0000
1781172303,51.6,2400000,0xe0000
1781172304,50.5,2400000,0xe0000
1781172305,50.5,2400000,0xe0000
1781172306,50.5,2400000,0xe0000
1781172307,51.0,2400000,0xe0000
1781172308,50.5,2400000,0xe0000
1781172309,51.0,2400000,0xe0000
1781172310,51.0,2400000,0xe0000
1781172311,51.0,2400000,0xe0000
1781172312,51.0,2400000,0xe0000
1781172313,51.6,2400000,0xe0000
1781172314,51.0,2400000,0xe0000
1781172315,50.5,2400000,0xe0000
1781172316,51.0,2400000,0xe0000
1781172317,50.5,2400000,0xe0000
1781172318,51.0,2400000,0xe0000
1781172319,51.0,2400000,0xe0000
1781172320,51.0,2400000,0xe0000
1781172322,51.0,2400000,0xe0000
1781172323,50.5,2400000,0xe0000
1781172324,51.0,2400000,0xe0000
1781172325,50.5,2400000,0xe0000
1781172326,51.0,2400000,0xe0000
1781172327,50.5,2400000,0xe0000
1781172328,50.5,2400000,0xe0000
1781172329,51.0,2400000,0xe0000
1781172330,50.5,2400000,0xe0000
1781172331,51.0,2400000,0xe0000
1781172332,51.0,2400000,0xe0000
1781172333,51.0,2400000,0xe0000
1781172334,50.5,2400000,0xe0000
1781172335,50.5,2400000,0xe0000
1781172336,51.0,2400000,0xe0000
1781172337,51.0,2400000,0xe0000
1781172338,51.6,2400000,0xe0000
1781172339,50.5,2400000,0xe0000
1781172340,51.0,2400000,0xe0000
1781172341,51.6,2400000,0xe0000
1781172342,51.0,2400000,0xe0000
1781172343,50.5,2400000,0xe0000
1781172344,51.0,2400000,0xe0000
1781172345,51.6,2400000,0xe0000
1781172346,51.0,2400000,0xe0000
1781172347,51.0,2400000,0xe0000
1781172348,51.0,2400000,0xe0000
1781172349,51.0,2400000,0xe0000
1781172350,51.0,2400000,0xe0000
1781172351,50.5,2400000,0xe0000
1781172352,51.0,2400000,0xe0000
1781172353,50.5,2400000,0xe0000
1781172354,48.8,2400000,0xe0000
1781172355,51.0,2400000,0xe0000
1781172356,51.0,2400000,0xe0000
1781172357,51.0,2400000,0xe0000
1781172358,51.6,2400000,0xe0000
1781172359,51.0,2400000,0xe0000
1781172360,51.0,2400000,0xe0000
1781172361,51.0,2400000,0xe0000
1781172362,51.0,2400000,0xe0000
1781172363,51.0,2400000,0xe0000
1781172364,51.0,2400000,0xe0000
1781172365,51.6,2400000,0xe0000
1781172366,51.0,2400000,0xe0000
1781172368,51.0,2400000,0xe0000
1781172369,50.5,2400000,0xe0000
1781172370,50.5,2400000,0xe0000
1781172371,51.0,2400000,0xe0000
1781172372,51.0,2400000,0xe0000
1781172373,51.6,2400000,0xe0000
1781172374,51.6,2400000,0xe0000
1781172375,51.0,2400000,0xe0000
1781172376,50.5,2400000,0xe0000
1781172377,51.0,2400000,0xe0000
1781172378,51.0,2400000,0xe0000
1781172379,50.5,2400000,0xe0000
1781172380,51.0,2400000,0xe0000
1781172381,51.0,2400000,0xe0000
1781172382,51.0,2400000,0xe0000
1781172383,51.0,2400000,0xe0000
1781172384,50.5,2400000,0xe0000
1781172385,51.0,2400000,0xe0000
1781172386,51.0,2400000,0xe0000
1781172387,50.5,2400000,0xe0000
1781172388,51.0,2400000,0xe0000
1781172389,50.5,2400000,0xe0000
1781172390,50.5,2400000,0xe0000
1781172391,50.5,2400000,0xe0000
1781172392,51.0,2400000,0xe0000
1781172393,51.0,2400000,0xe0000
1781172394,50.5,2400000,0xe0000
1781172395,51.0,2400000,0xe0000
1781172396,51.0,2400000,0xe0000
1781172397,51.0,2400000,0xe0000
1781172398,49.9,2400000,0xe0000
1781172399,50.5,2400000,0xe0000
1781172400,49.9,2400000,0xe0000
1781172401,51.0,2400000,0xe0000
1781172402,51.0,2400000,0xe0000
1781172403,51.0,2400000,0xe0000
1781172404,51.0,2400000,0xe0000
1781172405,51.0,2400000,0xe0000
1781172406,51.0,2400000,0xe0000
1781172407,51.6,2400000,0xe0000
1781172408,51.0,2400000,0xe0000
1781172409,51.0,2400000,0xe0000
1781172410,51.0,2400000,0xe0000
1781172411,50.5,2400000,0xe0000
1781172412,51.0,2400000,0xe0000
1781172413,51.0,2400000,0xe0000
1781172415,50.5,2400000,0xe0000
1781172416,51.0,2400000,0xe0000
1781172417,51.0,2400000,0xe0000
1781172418,51.0,2400000,0xe0000
1781172419,50.5,2400000,0xe0000
1781172420,51.0,2400000,0xe0000
1781172421,51.0,2400000,0xe0000
1781172422,51.0,2400000,0xe0000
1781172423,51.0,2400000,0xe0000
1781172424,51.6,2400000,0xe0000
1781172425,50.5,2400000,0xe0000
1781172426,50.5,2400000,0xe0000
1781172427,51.0,2400000,0xe0000
1781172428,51.0,2400000,0xe0000
1781172429,51.6,2400000,0xe0000
1781172430,49.9,2400000,0xe0000
1781172431,51.0,2400000,0xe0000
1781172432,51.0,2400000,0xe0000
1781172433,50.5,2400000,0xe0000
1781172434,51.6,2400000,0xe0000
1781172435,51.6,2400000,0xe0000
1781172436,51.6,2400000,0xe0000
1781172437,51.6,2400000,0xe0000
1781172438,51.0,2400000,0xe0000
1781172439,51.0,2400000,0xe0000
1781172440,51.0,2400000,0xe0000
1781172441,51.0,2400000,0xe0000
1781172442,51.0,2400000,0xe0000
1781172443,51.0,2400000,0xe0000
1781172444,51.0,2400000,0xe0000
1781172446,51.0,2400000,0xe0000
1781172447,51.6,2400000,0xe0000
1781172448,50.5,2400000,0xe0000
1781172449,51.0,2400000,0xe0000
1781172450,51.0,2400000,0xe0000
1781172451,50.5,2400000,0xe0000
1781172452,51.0,2400000,0xe0000
1781172453,51.0,2400000,0xe0000
1781172454,51.0,2400000,0xe0000
1781172455,50.5,2400000,0xe0000
1781172456,51.0,2400000,0xe0000
1781172457,51.0,2400000,0xe0000
1781172458,51.0,2400000,0xe0000
1781172459,51.6,2400000,0xe0000
1781172460,51.0,2400000,0xe0000
1781172461,51.0,2400000,0xe0000
1781172462,51.0,2400000,0xe0000
1781172463,51.0,2400000,0xe0000
1781172464,51.6,2400000,0xe0000
1781172465,51.0,2400000,0xe0000
1781172466,51.0,2400000,0xe0000
1781172467,51.6,2400000,0xe0000
1781172468,51.6,2400000,0xe0000
1781172469,50.5,2400000,0xe0000
1781172470,50.5,2400000,0xe0000
1781172471,51.0,2400000,0xe0000
1781172472,50.5,2400000,0xe0000
1781172473,51.0,2400000,0xe0000
1781172474,50.5,2400000,0xe0000
1781172475,51.6,2400000,0xe0000
1781172476,51.0,2400000,0xe0000
1781172477,51.0,2400000,0xe0000
1781172478,51.6,2400000,0xe0000
1781172479,51.0,2400000,0xe0000
1781172480,51.6,2400000,0xe0000
1781172481,51.6,2400000,0xe0000
1781172482,51.0,2400000,0xe0000
1781172483,51.6,2400000,0xe0000
1781172484,51.0,2400000,0xe0000
1781172485,51.6,2400000,0xe0000
1781172486,49.9,2400000,0xe0000
1781172487,51.0,2400000,0xe0000
1781172488,51.0,2400000,0xe0000
1781172489,51.6,2400000,0xe0000
1781172490,51.6,2400000,0xe0000
1781172492,51.0,2400000,0xe0000
1781172493,51.0,2400000,0xe0000
1781172494,51.6,2400000,0xe0000
1781172495,51.6,2400000,0xe0000
1781172496,51.6,2400000,0xe0000
1781172497,51.6,2400000,0xe0000
1781172498,51.6,2400000,0xe0000
1781172499,51.6,2400000,0xe0000
1781172500,51.6,2400000,0xe0000
1781172501,49.4,2400000,0xe0000
1781172502,51.6,2400000,0xe0000
1781172503,51.6,2400000,0xe0000
1781172504,51.0,2400000,0xe0000
1781172505,51.6,2400000,0xe0000
1781172506,51.0,2400000,0xe0000
1781172507,51.6,2400000,0xe0000
1781172508,51.6,2400000,0xe0000
1781172509,51.0,2400000,0xe0000
1781172510,51.6,2400000,0xe0000
1781172511,51.0,2400000,0xe0000
1781172512,51.0,2400000,0xe0000
1781172513,51.6,2400000,0xe0000
1781172514,51.6,2400000,0xe0000
1781172515,52.1,2400000,0xe0000
1781172516,51.6,2400000,0xe0000
1781172517,49.9,2400000,0xe0000
1781172518,51.0,2400000,0xe0000
1781172519,51.0,2400000,0xe0000
1781172520,51.0,2400000,0xe0000
1781172521,51.0,2400000,0xe0000
1781172522,51.0,2400000,0xe0000
1781172523,51.6,2400000,0xe0000
1781172524,51.6,2400000,0xe0000
1781172525,51.6,2400000,0xe0000
1781172526,51.6,2400000,0xe0000
1781172528,51.6,2400000,0xe0000
1781172529,51.0,2400000,0xe0000
1781172530,51.0,2400000,0xe0000
1781172531,51.0,2400000,0xe0000
1781172532,51.0,2400000,0xe0000
1781172533,52.1,2400000,0xe0000
1781172534,51.0,2400000,0xe0000
1781172535,51.6,2400000,0xe0000
1781172536,51.0,2400000,0xe0000
1781172537,51.0,2400000,0xe0000
1781172538,51.0,2400000,0xe0000
1781172539,51.6,2400000,0xe0000
1781172540,51.0,2400000,0xe0000
1781172541,51.0,2400000,0xe0000
1781172542,51.0,2400000,0xe0000
1781172543,51.6,2400000,0xe0000
1781172544,51.6,2400000,0xe0000
1781172545,51.6,2400000,0xe0000
1781172546,51.6,2400000,0xe0000
1781172547,51.6,2400000,0xe0000
1781172548,51.0,2400000,0xe0000
1781172549,52.1,2400000,0xe0000
1781172550,51.0,2400000,0xe0000
1781172551,51.6,2400000,0xe0000
1781172552,51.0,2400000,0xe0000
1781172553,51.6,2400000,0xe0000
1781172554,51.6,2400000,0xe0000
1781172555,51.6,2400000,0xe0000
1781172557,51.6,2400000,0xe0000
1781172558,51.0,2400000,0xe0000
1781172559,51.6,2400000,0xe0000
1781172560,51.6,2400000,0xe0000
1781172561,51.0,2400000,0xe0000
1781172562,51.0,2400000,0xe0000
1781172563,51.6,2400000,0xe0000
1781172564,51.0,2400000,0xe0000
1781172565,51.0,2400000,0xe0000
1781172566,52.1,2400000,0xe0000
1781172567,52.1,2400000,0xe0000
1781172568,51.0,2400000,0xe0000
1781172569,51.6,2400000,0xe0000
1781172570,52.1,2400000,0xe0000
1781172571,51.6,2400000,0xe0000
1781172572,51.6,2400000,0xe0000
1781172573,51.6,2400000,0xe0000
1781172574,51.6,2400000,0xe0000
1781172575,51.6,2400000,0xe0000
1781172576,51.6,2400000,0xe0000
1781172577,52.1,2400000,0xe0000
1781172578,51.6,2400000,0xe0000
1781172579,51.6,2400000,0xe0000
1781172580,51.0,2400000,0xe0000
1781172581,51.6,2400000,0xe0000
1781172582,51.0,2400000,0xe0000
1781172583,51.6,2400000,0xe0000
1781172584,52.1,2400000,0xe0000
1781172585,51.6,2400000,0xe0000
1781172586,51.0,2400000,0xe0000
1781172587,51.6,2400000,0xe0000
1781172588,51.0,2400000,0xe0000
1781172589,51.6,2400000,0xe0000
1781172590,52.1,2400000,0xe0000
1781172591,51.6,2400000,0xe0000
1781172592,51.6,2400000,0xe0000
1781172593,51.6,2400000,0xe0000
1781172594,51.0,2400000,0xe0000
1781172595,51.0,2400000,0xe0000
1781172596,51.6,2400000,0xe0000
1781172597,51.6,2400000,0xe0000
1781172598,51.6,2400000,0xe0000
1781172600,51.6,2400000,0xe0000
1781172601,51.0,2400000,0xe0000
1781172602,51.6,2400000,0xe0000
1781172603,51.6,2400000,0xe0000
1781172604,52.1,2400000,0xe0000
1781172605,52.1,2400000,0xe0000
1781172606,51.6,2400000,0xe0000
1781172607,51.6,2400000,0xe0000
1781172608,52.1,2400000,0xe0000
1781172609,52.1,2400000,0xe0000
1781172610,51.6,2400000,0xe0000
1781172611,51.6,2400000,0xe0000
1781172612,52.1,2400000,0xe0000
1781172613,51.6,2400000,0xe0000
1781172614,52.1,2400000,0xe0000
1781172615,51.6,2400000,0xe0000
1781172616,52.1,2400000,0xe0000
1781172617,51.6,2400000,0xe0000
1781172618,51.0,2400000,0xe0000
1781172619,51.6,2400000,0xe0000
1781172620,52.1,2400000,0xe0000
1781172621,51.6,2400000,0xe0000
1781172622,52.1,2400000,0xe0000
1781172623,51.6,2400000,0xe0000
1781172624,52.1,2400000,0xe0000
1781172625,51.6,2400000,0xe0000
1781172626,52.1,2400000,0xe0000
1781172627,51.0,2400000,0xe0000
1781172628,51.6,2400000,0xe0000
1781172629,51.6,2400000,0xe0000
1781172630,51.0,2400000,0xe0000
1781172631,51.6,2400000,0xe0000
1781172632,51.6,2400000,0xe0000
1781172633,52.1,2400000,0xe0000
1781172634,51.0,2400000,0xe0000
1781172635,50.5,2400000,0xe0000
1781172637,52.1,2400000,0xe0000
1781172638,52.1,2400000,0xe0000
1781172639,51.6,2400000,0xe0000
1781172640,52.1,2400000,0xe0000
1781172641,52.1,2400000,0xe0000
1781172642,51.0,2400000,0xe0000
1781172643,51.6,2400000,0xe0000
1781172644,52.1,2400000,0xe0000
1781172645,51.6,2400000,0xe0000
1781172646,52.1,2400000,0xe0000
1781172647,51.0,2400000,0xe0000
1781172648,51.6,2400000,0xe0000
1781172649,52.1,2400000,0xe0000
1781172650,51.6,2400000,0xe0000
1781172651,51.6,2400000,0xe0000
1781172652,51.6,2400000,0xe0000
1781172653,52.1,2400000,0xe0000
1781172654,52.1,2400000,0xe0000
1781172655,52.1,2400000,0xe0000
1781172656,52.1,2400000,0xe0000
1781172658,51.6,2400000,0xe0000
1781172659,51.0,2400000,0xe0000
1781172660,51.6,2400000,0xe0000
1781172661,51.0,2400000,0xe0000
1781172662,51.6,2400000,0xe0000
1781172663,51.6,2400000,0xe0000
1781172664,51.0,2400000,0xe0000
1781172665,52.1,2400000,0xe0000
1781172666,51.0,2400000,0xe0000
1781172667,52.1,2400000,0xe0000
1781172668,51.6,2400000,0xe0000
1781172669,51.0,2400000,0xe0000
1781172670,51.6,2400000,0xe0000
1781172671,51.6,2400000,0xe0000
1781172672,51.0,2400000,0xe0000
1781172673,51.6,2400000,0xe0000
1781172674,51.0,2400000,0xe0000
1781172675,52.1,2400000,0xe0000
1781172676,52.1,2400000,0xe0000
1781172677,51.0,2400000,0xe0000
1781172678,52.1,2400000,0xe0000
1781172679,51.6,2400000,0xe0000
1781172680,51.6,2400000,0xe0000
1781172681,52.1,2400000,0xe0000
1781172682,51.6,2400000,0xe0000
1781172683,51.6,2400000,0xe0000
1781172684,51.0,2400000,0xe0000
1781172685,51.6,2400000,0xe0000
1781172686,51.0,2400000,0xe0000
1781172687,51.6,2400000,0xe0000
1781172688,51.6,2400000,0xe0000
1781172689,51.6,2400000,0xe0000
1781172690,51.6,2400000,0xe0000
1781172691,51.6,2400000,0xe0000
1781172692,52.1,2400000,0xe0000
1781172694,51.6,2400000,0xe0000
1781172695,51.6,2400000,0xe0000
1781172696,50.5,2400000,0xe0000
1781172697,51.6,2400000,0xe0000
1781172698,51.6,2400000,0xe0000
1781172699,52.1,2400000,0xe0000
1781172700,51.6,2400000,0xe0000
1781172701,51.6,2400000,0xe0000
1781172702,52.7,2400000,0xe0000
1781172703,50.5,2400000,0xe0000
1781172704,51.6,2400000,0xe0000
1781172705,51.6,2400000,0xe0000
1781172706,52.1,2400000,0xe0000
1781172707,51.6,2400000,0xe0000
1781172708,51.6,2400000,0xe0000
1781172709,51.6,2400000,0xe0000
1781172710,51.6,2400000,0xe0000
1781172711,52.1,2400000,0xe0000
1781172712,51.6,2400000,0xe0000
1781172713,52.1,2400000,0xe0000
1781172714,51.0,2400000,0xe0000
1781172715,52.1,2400000,0xe0000
1781172716,51.6,2400000,0xe0000
1781172717,51.6,2400000,0xe0000
1781172718,51.0,2400000,0xe0000
1781172719,52.1,2400000,0xe0000
1781172720,51.6,2400000,0xe0000
1781172721,52.1,2400000,0xe0000
1781172722,51.6,2400000,0xe0000
1781172723,51.0,2400000,0xe0000
1781172724,51.6,2400000,0xe0000
1781172725,51.6,2400000,0xe0000
1781172726,51.0,2400000,0xe0000
1781172727,52.1,2400000,0xe0000
1781172728,52.1,2400000,0xe0000
1781172730,52.1,2400000,0xe0000
1781172731,51.6,2400000,0xe0000
1781172732,51.6,2400000,0xe0000
1781172733,51.6,2400000,0xe0000
1781172734,52.1,2400000,0xe0000
1781172735,51.0,2400000,0xe0000
1781172736,51.6,2400000,0xe0000
1781172737,51.6,2400000,0xe0000
1781172738,51.6,2400000,0xe0000
1781172739,51.0,2400000,0xe0000
1781172740,52.1,2400000,0xe0000
1781172741,51.6,2400000,0xe0000
1781172742,51.0,2400000,0xe0000
1781172743,52.1,2400000,0xe0000
1781172744,52.1,2400000,0xe0000
1781172745,51.6,2400000,0xe0000
1781172746,51.6,2400000,0xe0000
1781172747,52.1,2400000,0xe0000
1781172748,52.1,2400000,0xe0000
1781172749,52.1,2400000,0xe0000
1781172750,52.7,2400000,0xe0000
1781172751,52.7,2400000,0xe0000
1781172752,51.0,2400000,0xe0000
1781172753,52.1,2400000,0xe0000
1781172754,52.1,2400000,0xe0000
1781172755,51.6,2400000,0xe0000
1781172756,51.0,2400000,0xe0000
1781172757,51.6,2400000,0xe0000
1781172758,51.0,2400000,0xe0000
1781172759,52.1,2400000,0xe0000
1781172760,51.6,2400000,0xe0000
1781172761,51.6,2400000,0xe0000
1781172762,52.1,2400000,0xe0000
1781172763,51.6,2400000,0xe0000
1781172765,51.6,2400000,0xe0000
1781172766,51.0,2400000,0xe0000
1781172767,52.1,2400000,0xe0000
1781172768,51.6,2400000,0xe0000
1781172769,51.6,2400000,0xe0000
1781172770,51.6,2400000,0xe0000
1781172771,51.6,2400000,0xe0000
1781172772,52.1,2400000,0xe0000
1781172773,52.7,2400000,0xe0000
1781172774,51.6,2400000,0xe0000
1781172775,51.6,2400000,0xe0000
1781172776,51.0,2400000,0xe0000
1781172777,52.1,2400000,0xe0000
1781172778,51.6,2400000,0xe0000
1781172779,51.0,2400000,0xe0000
1781172780,52.1,2400000,0xe0000
1781172781,52.1,2400000,0xe0000
1781172782,52.1,2400000,0xe0000
1781172783,51.6,2400000,0xe0000
1781172784,52.1,2400000,0xe0000
1781172785,51.6,2400000,0xe0000
1781172786,52.1,2400000,0xe0000
1781172787,52.1,2400000,0xe0000
1781172788,51.6,2400000,0xe0000
1781172789,52.1,2400000,0xe0000
1781172790,51.6,2400000,0xe0000
1781172791,51.6,2400000,0xe0000
1781172792,51.0,2400000,0xe0000
1781172793,52.1,2400000,0xe0000
1781172794,51.6,2400000,0xe0000
1781172795,51.6,2400000,0xe0000
1781172796,51.6,2400000,0xe0000
1781172797,51.6,2400000,0xe0000
1781172798,51.0,2400000,0xe0000
1781172799,51.6,2400000,0xe0000
1781172801,51.6,2400000,0xe0000
1781172802,51.0,2400000,0xe0000
1781172803,52.1,2400000,0xe0000
1781172804,51.6,2400000,0xe0000
1781172805,51.6,2400000,0xe0000
1781172806,52.1,2400000,0xe0000
1781172807,51.6,2400000,0xe0000
1781172808,51.6,2400000,0xe0000
1781172809,52.1,2400000,0xe0000
1781172810,52.1,2400000,0xe0000
1781172811,51.6,2400000,0xe0000
1781172812,51.6,2400000,0xe0000
1781172813,52.1,2400000,0xe0000
1781172814,51.0,2400000,0xe0000
1781172815,52.1,2400000,0xe0000
1781172816,52.1,2400000,0xe0000
1781172817,51.6,2400000,0xe0000
1781172818,52.7,2400000,0xe0000
1781172819,51.6,2400000,0xe0000
1781172820,51.6,2400000,0xe0000
1781172821,51.6,2400000,0xe0000
1781172822,52.1,2400000,0xe0000
1781172823,51.6,2400000,0xe0000
1781172824,51.6,2400000,0xe0000
1781172825,51.0,2400000,0xe0000
1781172826,51.6,2400000,0xe0000
1781172827,51.0,2400000,0xe0000
1781172828,51.0,2400000,0xe0000
1781172829,51.6,2400000,0xe0000
1781172830,52.1,2400000,0xe0000
1781172831,51.6,2400000,0xe0000
1781172832,51.6,2400000,0xe0000
1781172833,52.1,2400000,0xe0000
1781172834,51.0,2400000,0xe0000
1781172835,51.6,2400000,0xe0000
1781172837,51.6,2400000,0xe0000
1781172838,51.6,2400000,0xe0000
1781172839,52.1,2400000,0xe0000
1781172840,52.1,2400000,0xe0000
1781172841,51.6,2400000,0xe0000
1781172842,52.1,2400000,0xe0000
1781172843,52.1,2400000,0xe0000
1781172844,51.6,2400000,0xe0000
1781172845,50.5,2400000,0xe0000
1781172846,51.6,2400000,0xe0000
1781172847,51.0,2400000,0xe0000
1781172848,51.0,2400000,0xe0000
1781172849,51.6,2400000,0xe0000
1781172850,51.6,2400000,0xe0000
1781172851,51.6,2400000,0xe0000
1781172852,51.0,2400000,0xe0000
1781172853,52.1,2400000,0xe0000
1781172854,52.1,2400000,0xe0000
1781172855,52.1,2400000,0xe0000
1781172856,51.0,2400000,0xe0000
1781172857,51.0,2400000,0xe0000
1781172858,52.1,2400000,0xe0000
1781172859,51.6,2400000,0xe0000
1781172860,51.6,2400000,0xe0000
1781172861,52.1,2400000,0xe0000
1781172862,52.1,2400000,0xe0000
1781172863,52.1,2400000,0xe0000
1781172864,51.0,2400000,0xe0000
1781172865,52.1,2400000,0xe0000
1781172866,51.6,2400000,0xe0000
1781172867,52.1,2400000,0xe0000
1781172868,51.0,2400000,0xe0000
1781172869,51.6,2400000,0xe0000
1781172870,52.1,2400000,0xe0000
1781172871,51.6,2400000,0xe0000
1781172872,51.6,2400000,0xe0000
1781172873,51.6,2400000,0xe0000
1781172874,52.1,2400000,0xe0000
1781172875,51.6,2400000,0xe0000
1781172876,51.6,2400000,0xe0000
1781172877,51.6,2400000,0xe0000
1781172879,51.0,2400000,0xe0000
1781172880,52.1,2400000,0xe0000
1781172881,51.6,2400000,0xe0000
1781172882,51.6,2400000,0xe0000
1781172883,52.1,2400000,0xe0000
1781172884,51.6,2400000,0xe0000
1781172885,52.1,2400000,0xe0000
1781172886,51.6,2400000,0xe0000
1781172887,51.6,2400000,0xe0000
1781172888,51.0,2400000,0xe0000
1781172889,51.0,2400000,0xe0000
1781172890,51.6,2400000,0xe0000
1781172891,52.1,2400000,0xe0000
1781172892,52.1,2400000,0xe0000
1781172893,51.0,2400000,0xe0000
1781172894,51.6,2400000,0xe0000
1781172895,51.0,2400000,0xe0000
1781172896,51.0,2400000,0xe0000
1781172897,52.1,2400000,0xe0000
1781172898,51.6,2400000,0xe0000
1781172899,52.1,2400000,0xe0000
1781172900,52.1,2400000,0xe0000
1781172901,52.1,2400000,0xe0000
1781172902,52.1,2400000,0xe0000
1781172903,52.1,2400000,0xe0000
1781172904,50.5,2400000,0xe0000
1781172905,51.0,2400000,0xe0000
1781172906,51.6,2400000,0xe0000
1781172907,52.1,2400000,0xe0000
1781172908,52.1,2400000,0xe0000
1781172909,51.6,2400000,0xe0000
1781172910,51.6,2400000,0xe0000
1781172911,51.6,2400000,0xe0000
1781172912,51.6,2400000,0xe0000
1781172913,51.6,2400000,0xe0000
1781172915,51.6,2400000,0xe0000
1781172916,51.6,2400000,0xe0000
1781172917,52.1,2400000,0xe0000
1781172918,52.1,2400000,0xe0000
1781172919,52.1,2400000,0xe0000
1781172920,51.6,2400000,0xe0000
1781172921,52.1,2400000,0xe0000
1781172922,51.6,2400000,0xe0000
1781172923,51.6,2400000,0xe0000
1781172924,52.1,2400000,0xe0000
1781172925,51.6,2400000,0xe0000
1781172926,51.6,2400000,0xe0000
1781172927,51.6,2400000,0xe0000
1781172928,51.6,2400000,0xe0000
1781172929,52.1,2400000,0xe0000
1781172930,51.0,2400000,0xe0000
1781172931,51.6,2400000,0xe0000
1781172932,52.1,2400000,0xe0000
1781172933,51.0,2400000,0xe0000
1781172934,52.1,2400000,0xe0000
1781172935,51.6,2400000,0xe0000
1781172936,52.7,2400000,0xe0000
1781172937,51.6,2400000,0xe0000
1781172938,51.6,2400000,0xe0000
1781172939,51.0,2400000,0xe0000
1781172940,51.6,2400000,0xe0000
1781172941,52.1,2400000,0xe0000
1781172942,51.0,2400000,0xe0000
1781172943,52.7,2400000,0xe0000
1781172944,52.1,2400000,0xe0000
1781172945,51.6,2400000,0xe0000
1781172946,51.6,2400000,0xe0000
1781172947,52.1,2400000,0xe0000
1781172948,51.6,2400000,0xe0000
1781172949,51.6,2400000,0xe0000
1781172950,51.6,2400000,0xe0000
1781172951,52.1,2400000,0xe0000
1781172952,52.1,2400000,0xe0000
1781172954,51.6,2400000,0xe0000
1781172955,51.6,2400000,0xe0000
1781172956,52.1,2400000,0xe0000
1781172957,51.6,2400000,0xe0000
1781172958,52.1,2400000,0xe0000
1781172959,51.6,2400000,0xe0000
1781172960,52.1,2400000,0xe0000
1781172961,50.5,2400000,0xe0000
1781172962,51.6,2400000,0xe0000
1781172963,52.1,2400000,0xe0000
1781172964,52.1,2400000,0xe0000
1781172965,52.1,2400000,0xe0000
1781172966,52.1,2400000,0xe0000
1781172967,51.6,2400000,0xe0000
1781172968,52.1,2400000,0xe0000
1781172969,51.6,2400000,0xe0000
1781172970,51.6,2400000,0xe0000
1781172971,51.6,2400000,0xe0000
1781172972,51.0,2400000,0xe0000
1781172973,51.6,2400000,0xe0000
1781172974,52.1,2400000,0xe0000
1781172975,52.1,2400000,0xe0000
1781172976,51.6,2400000,0xe0000
1781172977,51.6,2400000,0xe0000
1781172978,52.1,2400000,0xe0000
1781172979,51.6,2400000,0xe0000
1781172980,52.1,2400000,0xe0000
1781172981,51.6,2400000,0xe0000
1781172982,52.1,2400000,0xe0000
1781172983,52.1,2400000,0xe0000
1781172984,50.5,2400000,0xe0000
1781172985,51.6,2400000,0xe0000
1781172986,51.6,2400000,0xe0000
1781172988,52.1,2400000,0xe0000
1781172989,49.9,2400000,0xe0000
1781172990,52.1,2400000,0xe0000
1781172991,51.0,2400000,0xe0000
1781172992,51.6,2400000,0xe0000
1781172993,52.1,2400000,0xe0000
1781172994,51.6,2400000,0xe0000
1781172995,52.1,2400000,0xe0000
1781172996,51.0,2400000,0xe0000
1781172997,50.5,2400000,0xe0000
1781172998,51.6,2400000,0xe0000
1781172999,51.0,2400000,0xe0000
1781173000,50.5,2400000,0xe0000
1781173001,52.1,2400000,0xe0000
1781173002,51.6,2400000,0xe0000
1781173003,52.1,2400000,0xe0000
1781173004,52.1,2400000,0xe0000
1781173005,51.6,2400000,0xe0000
1781173006,52.1,2400000,0xe0000
1781173007,52.1,2400000,0xe0000
1781173008,51.6,2400000,0xe0000
1781173009,51.6,2400000,0xe0000
1781173010,51.6,2400000,0xe0000
1781173011,51.6,2400000,0xe0000
1781173012,52.1,2400000,0xe0000
1781173013,51.6,2400000,0xe0000
1781173014,52.7,2400000,0xe0000
1781173015,51.6,2400000,0xe0000
1781173016,51.6,2400000,0xe0000
1781173017,52.1,2400000,0xe0000
1781173018,52.1,2400000,0xe0000
1781173019,52.1,2400000,0xe0000
1781173020,51.6,2400000,0xe0000
1781173021,52.1,2400000,0xe0000
1781173023,51.0,2400000,0xe0000
1781173024,52.1,2400000,0xe0000
1781173025,52.1,2400000,0xe0000
1781173026,51.6,2400000,0xe0000
1781173027,51.6,2400000,0xe0000
1781173028,52.1,2400000,0xe0000
1781173029,52.1,2400000,0xe0000
1781173030,52.1,2400000,0xe0000
1781173031,51.6,2400000,0xe0000
1781173032,51.0,2400000,0xe0000
1781173033,51.6,2400000,0xe0000
1781173034,52.1,2400000,0xe0000
1781173035,52.1,2400000,0xe0000
1781173036,51.6,2400000,0xe0000
1781173037,52.1,2400000,0xe0000
1781173038,51.6,2400000,0xe0000
1781173039,51.6,2400000,0xe0000
1781173040,51.0,2400000,0xe0000
1781173041,51.6,2400000,0xe0000
1781173042,52.1,2400000,0xe0000
1781173043,51.6,2400000,0xe0000
1781173044,51.6,2400000,0xe0000
1781173045,51.6,2400000,0xe0000
1781173046,51.0,2400000,0xe0000
1781173047,52.1,2400000,0xe0000
1781173048,52.1,2400000,0xe0000
1781173049,51.6,2400000,0xe0000
1781173050,51.6,2400000,0xe0000
1781173051,51.6,2400000,0xe0000
1781173052,50.5,2400000,0xe0000
1781173053,52.1,2400000,0xe0000
1781173054,51.0,2400000,0xe0000
1781173055,50.5,2400000,0xe0000
1781173056,52.1,2400000,0xe0000
1781173057,52.1,2400000,0xe0000
1781173058,51.0,2400000,0xe0000
1781173059,51.6,2400000,0xe0000
1781173060,52.1,2400000,0xe0000
1781173061,52.1,2400000,0xe0000
1781173062,51.6,2400000,0xe0000
1781173063,52.1,2400000,0xe0000
1781173064,51.6,2400000,0xe0000
1781173065,52.7,2400000,0xe0000
1781173066,51.6,2400000,0xe0000
1781173067,52.1,2400000,0xe0000
1781173069,52.7,2400000,0xe0000
1781173070,51.6,2400000,0xe0000
1781173071,51.6,2400000,0xe0000
1781173072,51.6,2400000,0xe0000
1781173073,52.1,2400000,0xe0000
1781173074,51.0,2400000,0xe0000
1781173075,52.1,2400000,0xe0000
1781173076,52.1,2400000,0xe0000
1781173077,52.7,2400000,0xe0000
1781173078,51.6,2400000,0xe0000
1781173079,51.6,2400000,0xe0000
1781173080,51.0,2400000,0xe0000
1781173081,52.1,2400000,0xe0000
1781173082,52.1,2400000,0xe0000
1781173083,51.0,2400000,0xe0000
1781173084,51.6,2400000,0xe0000
1781173085,51.6,2400000,0xe0000
1781173086,51.6,2400000,0xe0000
1781173087,51.6,2400000,0xe0000
1781173088,51.6,2400000,0xe0000
1781173089,52.1,2400000,0xe0000
1781173090,52.1,2400000,0xe0000
1781173091,52.1,2400000,0xe0000
1781173092,52.1,2400000,0xe0000
1781173093,52.1,2400000,0xe0000
1781173094,51.6,2400000,0xe0000
1781173095,51.6,2400000,0xe0000
1781173096,52.1,2400000,0xe0000
1781173097,51.6,2400000,0xe0000
1781173098,51.6,2400000,0xe0000
1781173099,51.6,2400000,0xe0000
1781173100,51.6,2400000,0xe0000
1781173101,52.1,2400000,0xe0000
1781173102,50.5,2400000,0xe0000
1781173103,51.0,2400000,0xe0000
1781173104,51.6,2400000,0xe0000
1781173105,52.1,2400000,0xe0000
1781173106,52.1,2400000,0xe0000
1781173108,51.6,2400000,0xe0000
1781173109,51.6,2400000,0xe0000
1781173110,52.1,2400000,0xe0000
1781173111,51.6,2400000,0xe0000
1781173112,51.0,2400000,0xe0000
1781173113,51.6,2400000,0xe0000
1781173114,52.1,2400000,0xe0000
1781173115,52.1,2400000,0xe0000
1781173116,51.0,2400000,0xe0000
1781173117,51.6,2400000,0xe0000
1781173118,52.1,2400000,0xe0000
1781173119,51.6,2400000,0xe0000
1781173120,52.1,2400000,0xe0000
1781173121,51.0,2400000,0xe0000
1781173122,51.0,2400000,0xe0000
1781173123,51.6,2400000,0xe0000
1781173124,52.1,2400000,0xe0000
1781173125,51.0,2400000,0xe0000
1781173126,52.1,2400000,0xe0000
1781173127,51.6,2400000,0xe0000
1781173128,51.6,2400000,0xe0000
1781173129,51.6,2400000,0xe0000
1781173130,51.6,2400000,0xe0000
1781173131,51.6,2400000,0xe0000
1781173132,52.1,2400000,0xe0000
1781173133,51.6,2400000,0xe0000
1781173134,52.1,2400000,0xe0000
1781173135,51.6,2400000,0xe0000
1781173136,51.6,2400000,0xe0000
1781173137,51.6,2400000,0xe0000
1781173138,52.1,2400000,0xe0000
1781173139,51.6,2400000,0xe0000
1781173140,52.1,2400000,0xe0000
1781173141,51.0,2400000,0xe0000
1781173142,51.6,2400000,0xe0000
1781173143,51.6,2400000,0xe0000
1781173144,51.6,2400000,0xe0000
1781173145,51.6,2400000,0xe0000
1781173146,51.6,2400000,0xe0000
1781173147,52.1,2400000,0xe0000
1781173148,52.1,2400000,0xe0000
1781173149,51.6,2400000,0xe0000
1781173150,52.1,2400000,0xe0000
1781173152,51.6,2400000,0xe0000
1781173153,51.6,2400000,0xe0000
1781173154,51.6,2400000,0xe0000
1781173155,51.6,2400000,0xe0000
1781173156,51.6,2400000,0xe0000
1781173157,52.1,2400000,0xe0000
1781173158,52.1,2400000,0xe0000
1781173159,50.5,2400000,0xe0000
1781173160,51.6,2400000,0xe0000
1781173161,51.6,2400000,0xe0000
1781173162,51.6,2400000,0xe0000
1781173163,51.6,2400000,0xe0000
1781173164,52.1,2400000,0xe0000
1781173165,50.5,2400000,0xe0000
1781173166,52.1,2400000,0xe0000
1781173167,52.1,2400000,0xe0000
1781173168,51.6,2400000,0xe0000
1781173169,51.6,2400000,0xe0000
1781173170,51.6,2400000,0xe0000
1781173171,52.1,2400000,0xe0000
1781173172,51.0,2400000,0xe0000
1781173173,52.1,2400000,0xe0000
1781173174,51.6,2400000,0xe0000
1781173175,51.0,2400000,0xe0000
1781173176,52.1,2400000,0xe0000
1781173177,52.1,2400000,0xe0000
1781173178,52.1,2400000,0xe0000
1781173179,51.6,2400000,0xe0000
1781173180,51.6,2400000,0xe0000
1781173181,51.6,2400000,0xe0000
1781173182,52.1,2400000,0xe0000
1781173183,51.6,2400000,0xe0000
1781173184,51.6,2400000,0xe0000
1781173185,51.6,2400000,0xe0000
1781173186,52.1,2400000,0xe0000
1781173187,51.6,2400000,0xe0000
1781173188,52.1,2400000,0xe0000
1781173189,52.1,2400000,0xe0000
1781173190,51.6,2400000,0xe0000
1781173191,52.1,2400000,0xe0000
1781173192,51.6,2400000,0xe0000
1781173193,52.1,2400000,0xe0000
1781173195,52.7,2400000,0xe0000
1781173196,49.9,2400000,0xe0000
1781173197,51.0,2400000,0xe0000
1781173198,51.0,2400000,0xe0000
1781173199,52.1,2400000,0xe0000
1781173200,51.6,2400000,0xe0000
1781173201,51.6,2400000,0xe0000
1781173202,52.7,2400000,0xe0000
1781173203,51.6,2400000,0xe0000
1781173204,52.1,2400000,0xe0000
1781173205,51.6,2400000,0xe0000
1781173206,51.6,2400000,0xe0000
1781173207,52.1,2400000,0xe0000
1781173208,52.1,2400000,0xe0000
1781173209,51.0,2400000,0xe0000
1781173210,52.1,2400000,0xe0000
1781173211,51.6,2400000,0xe0000
1781173212,52.1,2400000,0xe0000
1781173213,52.1,2400000,0xe0000
1781173214,52.1,2400000,0xe0000
1781173215,52.1,2400000,0xe0000
1781173216,51.6,2400000,0xe0000
1781173217,52.1,2400000,0xe0000
1781173219,51.0,2400000,0xe0000
1781173220,52.1,2400000,0xe0000
1781173221,51.0,2400000,0xe0000
1781173222,52.1,2400000,0xe0000
1781173223,51.6,2400000,0xe0000
1781173224,52.1,2400000,0xe0000
1781173225,52.1,2400000,0xe0000
1781173226,51.6,2400000,0xe0000
1781173227,51.6,2400000,0xe0000
1781173228,51.6,2400000,0xe0000
1781173229,51.6,2400000,0xe0000
1781173230,52.1,2400000,0xe0000
1781173231,51.6,2400000,0xe0000
1781173232,52.1,2400000,0xe0000
1781173233,51.0,2400000,0xe0000
1781173234,51.6,2400000,0xe0000
1781173235,52.1,2400000,0xe0000
1781173236,51.6,2400000,0xe0000
1781173237,51.6,2400000,0xe0000
1781173238,51.0,2400000,0xe0000
1781173239,51.6,2400000,0xe0000
1781173240,52.1,2400000,0xe0000
1781173241,51.6,2400000,0xe0000
1781173242,52.1,2400000,0xe0000
1781173243,51.0,2400000,0xe0000
1781173244,52.1,2400000,0xe0000
1781173245,51.6,2400000,0xe0000
1781173246,50.5,2400000,0xe0000
1781173247,51.6,2400000,0xe0000
1781173248,52.1,2400000,0xe0000
1781173249,52.1,2400000,0xe0000
1781173250,52.1,2400000,0xe0000
1781173251,51.6,2400000,0xe0000
1781173253,51.0,2400000,0xe0000
1781173254,51.6,2400000,0xe0000
1781173255,50.5,2400000,0xe0000
1781173256,52.1,2400000,0xe0000
1781173257,51.6,2400000,0xe0000
1781173258,51.6,2400000,0xe0000
1781173259,51.6,2400000,0xe0000
1781173260,52.1,2400000,0xe0000
1781173261,51.6,2400000,0xe0000
1781173262,51.6,2400000,0xe0000
1781173263,51.6,2400000,0xe0000
1781173264,51.6,2400000,0xe0000
1781173265,52.1,2400000,0xe0000
1781173266,51.0,2400000,0xe0000
1781173267,52.1,2400000,0xe0000
1781173268,51.6,2400000,0xe0000
1781173269,51.6,2400000,0xe0000
1781173270,51.6,2400000,0xe0000
1781173271,51.6,2400000,0xe0000
1781173272,52.1,2400000,0xe0000
1781173273,51.6,2400000,0xe0000
1781173274,51.6,2400000,0xe0000
1781173275,52.1,2400000,0xe0000
1781173276,51.6,2400000,0xe0000
1781173277,52.1,2400000,0xe0000
1781173278,51.6,2400000,0xe0000
1781173279,52.1,2400000,0xe0000
1781173280,51.6,2400000,0xe0000
1781173281,51.0,2400000,0xe0000
1781173282,52.1,2400000,0xe0000
1781173283,51.6,2400000,0xe0000
1781173284,51.6,2400000,0xe0000
1781173285,52.1,2400000,0xe0000
1781173287,52.1,2400000,0xe0000
1781173288,51.0,2400000,0xe0000
1781173289,52.1,2400000,0xe0000
1781173290,52.1,2400000,0xe0000
1781173291,52.1,2400000,0xe0000
1781173292,51.6,2400000,0xe0000
1781173293,51.6,2400000,0xe0000
1781173294,52.1,2400000,0xe0000
1781173295,51.6,2400000,0xe0000
1781173296,51.6,2400000,0xe0000
1781173297,52.7,2400000,0xe0000
1781173298,52.1,2400000,0xe0000
1781173299,51.6,2400000,0xe0000
1781173300,52.1,2400000,0xe0000
1781173301,51.6,2400000,0xe0000
1781173302,52.1,2400000,0xe0000
1781173303,51.6,2400000,0xe0000
1781173304,52.1,2400000,0xe0000
1781173305,51.6,2400000,0xe0000
1781173306,52.1,2400000,0xe0000
1781173307,50.5,2400000,0xe0000
1781173308,51.0,2400000,0xe0000
1781173309,51.0,2400000,0xe0000
1781173311,51.0,2400000,0xe0000
1781173312,51.6,2400000,0xe0000
1781173313,51.0,2400000,0xe0000
1781173314,51.6,2400000,0xe0000
1781173315,52.1,2400000,0xe0000
1781173316,52.1,2400000,0xe0000
1781173317,51.0,2400000,0xe0000
1781173318,51.6,2400000,0xe0000
1781173319,51.6,2400000,0xe0000
1781173320,51.6,2400000,0xe0000
1781173321,52.1,2400000,0xe0000
1781173322,52.7,2400000,0xe0000
1781173323,51.6,2400000,0xe0000
1781173324,52.1,2400000,0xe0000
1781173325,52.1,2400000,0xe0000
1781173326,52.1,2400000,0xe0000
1781173327,51.0,2400000,0xe0000
1781173328,51.0,2400000,0xe0000
1781173329,52.1,2400000,0xe0000
1781173330,52.1,2400000,0xe0000
1781173331,52.1,2400000,0xe0000
1781173332,51.6,2400000,0xe0000
1781173333,52.1,2400000,0xe0000
1781173334,52.1,2400000,0xe0000
1781173335,52.1,2400000,0xe0000
1781173336,52.1,2400000,0xe0000
1781173337,52.1,2400000,0xe0000
1781173338,51.6,2400000,0xe0000
1781173339,51.6,2400000,0xe0000
1781173340,51.6,2400000,0xe0000
1781173341,51.0,2400000,0xe0000
1781173342,52.1,2400000,0xe0000
1781173344,52.1,2400000,0xe0000
1781173345,51.6,2400000,0xe0000
1781173346,51.0,2400000,0xe0000
1781173347,51.6,2400000,0xe0000
1781173348,52.1,2400000,0xe0000
1781173349,51.6,2400000,0xe0000
1781173350,51.0,2400000,0xe0000
1781173351,52.7,2400000,0xe0000
1781173352,52.1,2400000,0xe0000
1781173353,51.6,2400000,0xe0000
1781173354,52.1,2400000,0xe0000
1781173355,51.6,2400000,0xe0000
1781173356,51.0,2400000,0xe0000
1781173357,51.6,2400000,0xe0000
1781173358,51.0,2400000,0xe0000
1781173359,52.1,2400000,0xe0000
1781173360,52.7,2400000,0xe0000
1781173361,51.6,2400000,0xe0000
1781173362,51.6,2400000,0xe0000
1781173363,51.6,2400000,0xe0000
1781173364,51.6,2400000,0xe0000
1781173365,51.6,2400000,0xe0000
1781173366,52.1,2400000,0xe0000
1781173367,51.6,2400000,0xe0000
1781173368,52.1,2400000,0xe0000
1781173369,50.5,2400000,0xe0000
1781173370,52.1,2400000,0xe0000
1781173371,51.6,2400000,0xe0000
1781173372,52.1,2400000,0xe0000
1781173373,51.6,2400000,0xe0000
1781173374,51.6,2400000,0xe0000
1781173375,52.1,2400000,0xe0000
1781173376,52.1,2400000,0xe0000
1781173377,51.6,2400000,0xe0000
1781173378,52.1,2400000,0xe0000
1781173379,52.1,2400000,0xe0000
1781173380,52.1,2400000,0xe0000
1781173382,52.1,2400000,0xe0000
1781173383,51.0,2400000,0xe0000
1781173384,52.1,2400000,0xe0000
1781173385,51.0,2400000,0xe0000
1781173386,52.1,2400000,0xe0000
1781173387,52.1,2400000,0xe0000
1781173388,52.1,2400000,0xe0000
1781173389,52.1,2400000,0xe0000
1781173390,51.6,2400000,0xe0000
1781173391,52.1,2400000,0xe0000
1781173392,52.1,2400000,0xe0000
1781173393,52.1,2400000,0xe0000
1781173394,51.6,2400000,0xe0000
1781173395,52.1,2400000,0xe0000
1781173396,52.1,2400000,0xe0000
1781173397,51.6,2400000,0xe0000
1781173398,51.6,2400000,0xe0000
1781173399,52.1,2400000,0xe0000
1781173400,51.0,2400000,0xe0000
1781173401,51.6,2400000,0xe0000
1781173402,51.6,2400000,0xe0000
1781173403,52.1,2400000,0xe0000
1781173404,51.6,2400000,0xe0000
1781173405,51.6,2400000,0xe0000
1781173406,51.6,2400000,0xe0000
1781173407,51.6,2400000,0xe0000
1781173408,52.1,2400000,0xe0000
1781173409,52.1,2400000,0xe0000
1781173410,51.0,2400000,0xe0000
1781173411,52.1,2400000,0xe0000
1781173412,51.6,2400000,0xe0000
1781173413,52.1,2400000,0xe0000
1781173414,52.1,2400000,0xe0000
1781173415,51.6,2400000,0xe0000
1781173416,52.1,2400000,0xe0000
1781173418,52.1,2400000,0xe0000
1781173419,52.1,2400000,0xe0000
1781173420,52.1,2400000,0xe0000
1781173421,52.1,2400000,0xe0000
1781173422,52.1,2400000,0xe0000
1781173423,51.0,2400000,0xe0000
1781173424,51.0,2400000,0xe0000
1781173425,51.6,2400000,0xe0000
1781173426,51.6,2400000,0xe0000
1781173427,51.6,2400000,0xe0000
1781173428,51.0,2400000,0xe0000
1781173429,51.6,2400000,0xe0000
1781173430,51.6,2400000,0xe0000
1781173431,52.1,2400000,0xe0000
1781173432,51.0,2400000,0xe0000
1781173433,51.6,2400000,0xe0000
1781173434,51.6,2400000,0xe0000
1781173435,51.0,2400000,0xe0000
1781173436,51.6,2400000,0xe0000
1781173437,51.6,2400000,0xe0000
1781173438,51.6,2400000,0xe0000
1781173439,51.6,2400000,0xe0000
1781173441,52.1,2400000,0xe0000
1781173442,52.1,2400000,0xe0000
1781173443,51.6,2400000,0xe0000
1781173444,51.6,2400000,0xe0000
1781173445,51.0,2400000,0xe0000
1781173446,51.6,2400000,0xe0000
1781173447,51.0,2400000,0xe0000
1781173448,51.6,2400000,0xe0000
1781173449,51.6,2400000,0xe0000
1781173450,51.6,2400000,0xe0000
1781173451,51.6,2400000,0xe0000
1781173452,52.1,2400000,0xe0000
1781173453,52.1,2400000,0xe0000
1781173454,52.1,2400000,0xe0000
1781173455,51.6,2400000,0xe0000
1781173456,51.6,2400000,0xe0000
1781173457,52.1,2400000,0xe0000
1781173458,52.1,2400000,0xe0000
1781173459,51.6,2400000,0xe0000
1781173460,52.1,2400000,0xe0000
1781173461,52.1,2400000,0xe0000
1781173462,52.1,2400000,0xe0000
1781173463,51.6,2400000,0xe0000
1781173464,51.6,2400000,0xe0000
1781173465,52.7,2400000,0xe0000
1781173466,52.1,2400000,0xe0000
1781173467,52.1,2400000,0xe0000
1781173468,51.6,2400000,0xe0000
1781173469,52.1,2400000,0xe0000
1781173470,51.6,2400000,0xe0000
1781173471,52.1,2400000,0xe0000
1781173473,51.6,2400000,0xe0000
1781173474,51.0,2400000,0xe0000
1781173475,52.1,2400000,0xe0000
1781173476,52.1,2400000,0xe0000
1781173477,51.6,2400000,0xe0000
1781173478,52.1,2400000,0xe0000
1781173479,51.6,2400000,0xe0000
1781173480,51.6,2400000,0xe0000
1781173481,51.6,2400000,0xe0000
1781173482,51.6,2400000,0xe0000
1781173483,51.6,2400000,0xe0000
1781173484,51.6,2400000,0xe0000
1781173485,52.1,2400000,0xe0000
1781173486,52.1,2400000,0xe0000
1781173487,52.1,2400000,0xe0000
1781173488,52.1,2400000,0xe0000
1781173489,51.6,2400000,0xe0000
1781173490,51.6,2400000,0xe0000
1781173491,51.6,2400000,0xe0000
1781173492,51.6,2400000,0xe0000
1781173493,52.1,2400000,0xe0000
1781173494,51.6,2400000,0xe0000
1781173495,52.1,2400000,0xe0000
1781173496,51.6,2400000,0xe0000
1781173497,52.1,2400000,0xe0000
1781173498,51.6,2400000,0xe0000
1781173499,51.6,2400000,0xe0000
1781173500,51.0,2400000,0xe0000
1781173501,51.0,2400000,0xe0000
1781173502,52.1,2400000,0xe0000
1781173504,51.6,2400000,0xe0000
1781173505,52.1,2400000,0xe0000
1781173506,51.6,2400000,0xe0000
1781173507,51.0,2400000,0xe0000
1781173508,51.6,2400000,0xe0000
1781173509,52.1,2400000,0xe0000
1781173510,52.1,2400000,0xe0000
1781173511,50.5,2400000,0xe0000
1781173512,51.6,2400000,0xe0000
1781173513,52.1,2400000,0xe0000
1781173514,51.6,2400000,0xe0000
1781173515,52.7,2400000,0xe0000
1781173516,51.6,2400000,0xe0000
1781173517,51.0,2400000,0xe0000
1781173518,51.6,2400000,0xe0000
1781173519,51.6,2400000,0xe0000
1781173520,51.6,2400000,0xe0000
1781173521,52.1,2400000,0xe0000
1781173522,51.6,2400000,0xe0000
1781173523,51.6,2400000,0xe0000
1781173524,52.1,2400000,0xe0000
1781173525,51.6,2400000,0xe0000
1781173526,52.1,2400000,0xe0000
1781173527,51.6,2400000,0xe0000
1781173528,51.6,2400000,0xe0000
1781173529,51.6,2400000,0xe0000
1781173530,51.6,2400000,0xe0000
1781173531,52.1,2400000,0xe0000
1781173532,51.6,2400000,0xe0000
1781173533,51.6,2400000,0xe0000
1781173534,52.1,2400000,0xe0000
1781173535,51.6,2400000,0xe0000
1781173536,51.6,2400000,0xe0000
1781173537,51.0,2400000,0xe0000
1781173538,51.6,2400000,0xe0000
1781173540,51.0,2400000,0xe0000
1781173541,52.1,2400000,0xe0000
1781173542,51.6,2400000,0xe0000
1781173543,51.6,2400000,0xe0000
1781173544,51.6,2400000,0xe0000
1781173545,51.6,2400000,0xe0000
1781173546,51.6,2400000,0xe0000
1781173547,52.1,2400000,0xe0000
1781173548,52.7,2400000,0xe0000
1781173549,51.6,2400000,0xe0000
1781173550,51.6,2400000,0xe0000
1781173551,51.6,2400000,0xe0000
1781173552,51.6,2400000,0xe0000
1781173553,51.6,2400000,0xe0000
1781173554,52.1,2400000,0xe0000
1781173555,52.7,2400000,0xe0000
1781173556,51.6,2400000,0xe0000
1781173557,51.6,2400000,0xe0000
1781173558,52.1,2400000,0xe0000
1781173559,50.5,2400000,0xe0000
1781173560,51.6,2400000,0xe0000
1781173561,51.6,2400000,0xe0000
1781173562,51.6,2400000,0xe0000
1781173563,51.6,2400000,0xe0000
1781173564,51.0,2400000,0xe0000
1781173565,52.1,2400000,0xe0000
1781173566,52.1,2400000,0xe0000
1781173567,51.0,2400000,0xe0000
1781173568,52.1,2400000,0xe0000
1781173570,52.1,2400000,0xe0000
1781173571,52.1,2400000,0xe0000
1781173572,52.7,2400000,0xe0000
1781173573,52.1,2400000,0xe0000
1781173574,52.1,2400000,0xe0000
1781173575,51.6,2400000,0xe0000
1781173576,52.1,2400000,0xe0000
1781173577,52.1,2400000,0xe0000
1781173578,52.1,2400000,0xe0000
1781173579,52.1,2400000,0xe0000
1781173580,52.1,2400000,0xe0000
1781173581,52.1,2400000,0xe0000
1781173582,51.6,2400000,0xe0000
1781173583,51.6,2400000,0xe0000
1781173584,52.1,2400000,0xe0000
1781173585,52.1,2400000,0xe0000
1781173586,52.1,2400000,0xe0000
1781173587,52.1,2400000,0xe0000
1781173588,51.6,2400000,0xe0000
1781173589,51.6,2400000,0xe0000
1781173590,51.0,2400000,0xe0000
1781173591,52.1,2400000,0xe0000
1781173592,51.6,2400000,0xe0000
1781173593,52.1,2400000,0xe0000
1781173594,52.1,2400000,0xe0000
1781173595,51.0,2400000,0xe0000
1781173596,51.6,2400000,0xe0000
1781173597,51.6,2400000,0xe0000
1781173598,51.6,2400000,0xe0000
1781173599,52.1,2400000,0xe0000
1781173600,52.1,2400000,0xe0000
1781173601,52.1,2400000,0xe0000
1781173602,52.1,2400000,0xe0000
1781173603,52.1,2400000,0xe0000
1781173604,51.6,2400000,0xe0000
1781173605,51.6,2400000,0xe0000
1781173606,52.1,2400000,0xe0000
1781173607,52.1,2400000,0xe0000
1781173608,51.6,2400000,0xe0000
1781173610,51.6,2400000,0xe0000
1781173611,51.6,2400000,0xe0000
1781173612,51.0,2400000,0xe0000
1781173613,52.1,2400000,0xe0000
1781173614,52.1,2400000,0xe0000
1781173615,51.0,2400000,0xe0000
1781173616,52.1,2400000,0xe0000
1781173617,51.0,2400000,0xe0000
1781173618,51.6,2400000,0xe0000
1781173619,51.6,2400000,0xe0000
1781173620,52.1,2400000,0xe0000
1781173621,51.6,2400000,0xe0000
1781173622,51.6,2400000,0xe0000
1781173623,51.6,2400000,0xe0000
1781173624,51.6,2400000,0xe0000
1781173625,52.1,2400000,0xe0000
1781173626,52.1,2400000,0xe0000
1781173627,52.1,2400000,0xe0000
1781173628,51.6,2400000,0xe0000
1781173629,51.0,2400000,0xe0000
1781173630,51.6,2400000,0xe0000
1781173632,51.6,2400000,0xe0000
1781173633,52.1,2400000,0xe0000
1781173634,51.6,2400000,0xe0000
1781173635,51.6,2400000,0xe0000
1781173636,51.0,2400000,0xe0000
1781173637,51.6,2400000,0xe0000
1781173638,52.1,2400000,0xe0000
1781173639,52.1,2400000,0xe0000
1781173640,52.1,2400000,0xe0000
1781173641,52.1,2400000,0xe0000
1781173642,51.6,2400000,0xe0000
1781173643,51.6,2400000,0xe0000
1781173644,51.6,2400000,0xe0000
1781173645,51.0,2400000,0xe0000
1781173646,51.6,2400000,0xe0000
1781173647,51.6,2400000,0xe0000
1781173648,52.1,2400000,0xe0000
1781173649,52.1,2400000,0xe0000
1781173650,52.1,2400000,0xe0000
1781173651,52.1,2400000,0xe0000
1781173652,51.6,2400000,0xe0000
1781173653,51.6,2400000,0xe0000
1781173654,51.6,2400000,0xe0000
1781173655,52.1,2400000,0xe0000
1781173656,51.6,2400000,0xe0000
1781173657,52.1,2400000,0xe0000
1781173658,51.6,2400000,0xe0000
1781173659,52.1,2400000,0xe0000
1781173660,52.1,2400000,0xe0000
1781173661,51.6,2400000,0xe0000
1781173662,51.0,2400000,0xe0000
1781173663,52.1,2400000,0xe0000
1781173664,51.6,2400000,0xe0000
1781173665,51.6,2400000,0xe0000
1781173666,52.1,2400000,0xe0000
1781173668,51.6,2400000,0xe0000
1781173669,52.7,2400000,0xe0000
1781173670,51.0,2400000,0xe0000
1781173671,51.6,2400000,0xe0000
1781173672,51.6,2400000,0xe0000
1781173673,52.1,2400000,0xe0000
1781173674,51.6,2400000,0xe0000
1781173675,51.6,2400000,0xe0000
1781173676,51.6,2400000,0xe0000
1781173677,51.6,2400000,0xe0000
1781173678,52.1,2400000,0xe0000
1781173679,51.6,2400000,0xe0000
1781173680,51.6,2400000,0xe0000
1781173681,52.1,2400000,0xe0000
1781173682,51.6,2400000,0xe0000
1781173683,52.1,2400000,0xe0000
1781173684,52.1,2400000,0xe0000
1781173685,51.6,2400000,0xe0000
1781173686,51.6,2400000,0xe0000
1781173687,51.6,2400000,0xe0000
1781173688,52.1,2400000,0xe0000
1781173689,51.6,2400000,0xe0000
1781173690,51.6,2400000,0xe0000
1781173691,51.6,2400000,0xe0000
1781173692,51.6,2400000,0xe0000
1781173693,51.6,2400000,0xe0000
1781173694,51.0,2400000,0xe0000
1781173695,51.0,2400000,0xe0000
1781173696,51.6,2400000,0xe0000
1781173697,52.1,2400000,0xe0000
1781173698,51.6,2400000,0xe0000
1781173699,52.1,2400000,0xe0000
1781173700,52.1,2400000,0xe0000
1781173701,51.6,2400000,0xe0000
1781173702,51.6,2400000,0xe0000
1781173703,51.6,2400000,0xe0000
1781173705,51.6,2400000,0xe0000
1781173706,51.6,2400000,0xe0000
1781173707,51.6,2400000,0xe0000
1781173708,52.1,2400000,0xe0000
1781173709,52.1,2400000,0xe0000
1781173710,51.6,2400000,0xe0000
1781173711,50.5,2400000,0xe0000
1781173712,52.1,2400000,0xe0000
1781173713,51.6,2400000,0xe0000
1781173714,52.1,2400000,0xe0000
1781173715,51.6,2400000,0xe0000
1781173716,51.0,2400000,0xe0000
1781173717,52.1,2400000,0xe0000
1781173718,51.0,2400000,0xe0000
1781173719,51.6,2400000,0xe0000
1781173720,52.1,2400000,0xe0000
1781173721,52.1,2400000,0xe0000
1781173722,52.1,2400000,0xe0000
1781173723,51.6,2400000,0xe0000
1781173724,52.1,2400000,0xe0000
1781173725,51.6,2400000,0xe0000
1781173726,51.6,2400000,0xe0000
1781173727,51.6,2400000,0xe0000
1781173728,51.6,2400000,0xe0000
1781173729,51.6,2400000,0xe0000
1781173730,51.0,2400000,0xe0000
1781173731,51.6,2400000,0xe0000
1781173732,51.0,2400000,0xe0000
1781173734,52.1,2400000,0xe0000
1781173735,51.6,2400000,0xe0000
1781173736,51.6,2400000,0xe0000
1781173737,51.0,2400000,0xe0000
1781173738,51.6,2400000,0xe0000
1781173739,51.6,2400000,0xe0000
1781173740,51.6,2400000,0xe0000
1781173741,51.0,2400000,0xe0000
1781173742,52.1,2400000,0xe0000
1781173743,52.1,2400000,0xe0000
1781173744,51.6,2400000,0xe0000
1781173745,50.5,2400000,0xe0000
1781173746,51.6,2400000,0xe0000
1781173747,51.6,2400000,0xe0000
1781173748,52.1,2400000,0xe0000
1781173749,52.1,2400000,0xe0000
1781173750,51.6,2400000,0xe0000
1781173751,51.6,2400000,0xe0000
1781173752,52.7,2400000,0xe0000
1781173753,52.1,2400000,0xe0000
1781173754,51.6,2400000,0xe0000
1781173755,51.6,2400000,0xe0000
1781173756,52.1,2400000,0xe0000
1781173757,52.1,2400000,0xe0000
1781173758,52.1,2400000,0xe0000
1781173759,52.1,2400000,0xe0000
1781173760,52.1,2400000,0xe0000
1781173761,52.7,2400000,0xe0000
1781173762,52.1,2400000,0xe0000
1781173763,51.6,2400000,0xe0000
1781173764,51.6,2400000,0xe0000
1781173765,52.1,2400000,0xe0000
1781173766,51.6,2400000,0xe0000
1781173767,51.0,2400000,0xe0000
1781173768,51.6,2400000,0xe0000
1781173769,51.6,2400000,0xe0000
1781173770,52.1,2400000,0xe0000
1781173772,51.6,2400000,0xe0000
1781173773,51.6,2400000,0xe0000
1781173774,52.1,2400000,0xe0000
1781173775,51.6,2400000,0xe0000
1781173776,52.1,2400000,0xe0000
1781173777,52.1,2400000,0xe0000
1781173778,52.1,2400000,0xe0000
1781173779,52.1,2400000,0xe0000
1781173780,51.6,2400000,0xe0000
1781173781,50.5,2400000,0xe0000
1781173782,51.0,2400000,0xe0000
1781173783,50.5,2400000,0xe0000
1781173784,52.1,2400000,0xe0000
1781173785,51.6,2400000,0xe0000
1781173786,50.5,2400000,0xe0000
1781173787,51.6,2400000,0xe0000
1781173788,51.6,2400000,0xe0000
1781173789,51.0,2400000,0xe0000
1781173790,52.1,2400000,0xe0000
1781173791,52.1,2400000,0xe0000
1781173792,51.6,2400000,0xe0000
1781173793,52.7,2400000,0xe0000
1781173794,51.6,2400000,0xe0000
1781173795,51.6,2400000,0xe0000
1781173796,50.5,2400000,0xe0000
1781173797,51.6,2400000,0xe0000
1781173798,51.6,2400000,0xe0000
1781173799,51.6,2400000,0xe0000
1781173800,52.1,2400000,0xe0000
1781173801,51.6,2400000,0xe0000
1781173802,52.1,2400000,0xe0000
1781173803,52.1,2400000,0xe0000
1781173804,51.6,2400000,0xe0000
1781173805,52.1,2400000,0xe0000
1781173806,52.7,2400000,0xe0000
1781173808,52.1,2400000,0xe0000
1781173809,51.6,2400000,0xe0000
1781173810,51.6,2400000,0xe0000
1781173811,51.6,2400000,0xe0000
1781173812,51.6,2400000,0xe0000
1781173813,51.0,2400000,0xe0000
1781173814,52.1,2400000,0xe0000
1781173815,51.0,2400000,0xe0000
1781173816,51.0,2400000,0xe0000
1781173817,52.1,2400000,0xe0000
1781173818,52.1,2400000,0xe0000
1781173819,52.1,2400000,0xe0000
1781173820,51.0,2400000,0xe0000
1781173821,51.6,2400000,0xe0000
1781173822,51.6,2400000,0xe0000
1781173823,52.1,2400000,0xe0000
1781173824,52.1,2400000,0xe0000
1781173825,51.6,2400000,0xe0000
1781173826,51.6,2400000,0xe0000
1781173827,52.1,2400000,0xe0000
1781173828,51.6,2400000,0xe0000
1781173829,51.6,2400000,0xe0000
1781173830,52.1,2400000,0xe0000
1781173831,52.1,2400000,0xe0000
1781173832,52.1,2400000,0xe0000
1781173834,51.6,2400000,0xe0000
1781173835,51.6,2400000,0xe0000
1781173836,52.1,2400000,0xe0000
1781173837,51.0,2400000,0xe0000
1781173838,52.7,2400000,0xe0000
1781173839,51.6,2400000,0xe0000
1781173840,51.6,2400000,0xe0000
1781173841,51.6,2400000,0xe0000
1781173842,51.6,2400000,0xe0000
1781173843,52.1,2400000,0xe0000
1781173844,52.1,2400000,0xe0000
1781173845,50.5,2400000,0xe0000
1781173846,51.6,2400000,0xe0000
1781173847,51.6,2400000,0xe0000
1781173848,52.1,2400000,0xe0000
1781173849,52.1,2400000,0xe0000
1781173850,51.6,2400000,0xe0000
1781173851,52.1,2400000,0xe0000
1781173852,51.6,2400000,0xe0000
1781173853,51.6,2400000,0xe0000
1781173854,51.6,2400000,0xe0000
1781173855,52.1,2400000,0xe0000
1781173856,51.6,2400000,0xe0000
1781173857,52.1,2400000,0xe0000
1781173858,52.1,2400000,0xe0000
1781173859,52.1,2400000,0xe0000
1781173860,52.1,2400000,0xe0000
1781173861,52.1,2400000,0xe0000
1781173862,52.1,2400000,0xe0000
1781173863,51.6,2400000,0xe0000
1781173864,52.1,2400000,0xe0000
1781173865,51.6,2400000,0xe0000
1781173866,51.6,2400000,0xe0000
1781173867,52.1,2400000,0xe0000
1781173868,52.1,2400000,0xe0000
1781173869,51.6,2400000,0xe0000
1781173870,52.1,2400000,0xe0000
1781173871,52.1,2400000,0xe0000
1781173872,52.1,2400000,0xe0000
1781173873,51.6,2400000,0xe0000
1781173874,51.6,2400000,0xe0000
1781173875,52.1,2400000,0xe0000
1781173877,51.6,2400000,0xe0000
1781173878,51.6,2400000,0xe0000
1781173879,51.6,2400000,0xe0000
1781173880,51.6,2400000,0xe0000
1781173881,52.1,2400000,0xe0000
1781173882,51.6,2400000,0xe0000
1781173883,52.1,2400000,0xe0000
1781173884,52.1,2400000,0xe0000
1781173885,51.6,2400000,0xe0000
1781173886,52.1,2400000,0xe0000
1781173887,50.5,2400000,0xe0000
1781173888,52.1,2400000,0xe0000
1781173889,52.1,2400000,0xe0000
1781173890,52.1,2400000,0xe0000
1781173891,51.6,2400000,0xe0000
1781173892,51.6,2400000,0xe0000
1781173893,51.6,2400000,0xe0000
1781173894,51.0,2400000,0xe0000
1781173895,52.1,2400000,0xe0000
1781173896,52.1,2400000,0xe0000
1781173897,51.6,2400000,0xe0000
1781173898,51.6,2400000,0xe0000
1781173899,52.1,2400000,0xe0000
1781173900,51.6,2400000,0xe0000
1781173901,52.1,2400000,0xe0000
1781173902,52.1,2400000,0xe0000
1781173903,51.0,2400000,0xe0000
1781173904,52.1,2400000,0xe0000
1781173905,52.1,2400000,0xe0000
1781173906,51.6,2400000,0xe0000
1781173907,51.0,2400000,0xe0000
1781173908,51.6,2400000,0xe0000
1781173909,52.1,2400000,0xe0000
1781173910,52.1,2400000,0xe0000
1781173911,50.5,2400000,0xe0000
1781173912,52.1,2400000,0xe0000
1781173913,51.6,2400000,0xe0000
1781173914,51.6,2400000,0xe0000
1781173915,51.6,2400000,0xe0000
1781173916,52.1,2400000,0xe0000
1781173917,51.6,2400000,0xe0000
1781173918,51.6,2400000,0xe0000
1781173920,52.1,2400000,0xe0000
1781173921,51.0,2400000,0xe0000
1781173922,51.6,2400000,0xe0000
1781173923,51.6,2400000,0xe0000
1781173924,52.1,2400000,0xe0000
1781173925,52.7,2400000,0xe0000
1781173926,52.1,2400000,0xe0000
1781173927,51.0,2400000,0xe0000
1781173928,52.1,2400000,0xe0000
1781173929,51.6,2400000,0xe0000
1781173930,51.6,2400000,0xe0000
1781173931,51.6,2400000,0xe0000
1781173932,51.6,2400000,0xe0000
1781173933,51.6,2400000,0xe0000
1781173934,51.6,2400000,0xe0000
1781173935,52.1,2400000,0xe0000
1781173936,51.6,2400000,0xe0000
1781173937,52.1,2400000,0xe0000
1781173938,52.1,2400000,0xe0000
1781173939,51.6,2400000,0xe0000
1781173940,51.6,2400000,0xe0000
1781173941,52.1,2400000,0xe0000
1781173942,52.1,2400000,0xe0000
1781173943,51.6,2400000,0xe0000
1781173944,51.6,2400000,0xe0000
1781173945,52.1,2400000,0xe0000
1781173946,52.1,2400000,0xe0000
1781173947,51.6,2400000,0xe0000
1781173948,51.6,2400000,0xe0000
1781173949,51.6,2400000,0xe0000
1781173950,52.1,2400000,0xe0000
1781173951,51.6,2400000,0xe0000
1781173952,52.1,2400000,0xe0000
1781173953,51.0,2400000,0xe0000
1781173954,51.6,2400000,0xe0000
1781173956,51.0,2400000,0xe0000
1781173957,52.1,2400000,0xe0000
1781173958,51.6,2400000,0xe0000
1781173959,52.1,2400000,0xe0000
1781173960,51.6,2400000,0xe0000
1781173961,51.0,2400000,0xe0000
1781173962,51.6,2400000,0xe0000
1781173963,51.0,2400000,0xe0000
1781173964,51.6,2400000,0xe0000
1781173965,52.1,2400000,0xe0000
1781173966,51.6,2400000,0xe0000
1781173967,51.6,2400000,0xe0000
1781173968,52.1,2400000,0xe0000
1781173969,51.6,2400000,0xe0000
1781173970,51.0,2400000,0xe0000
1781173971,51.6,2400000,0xe0000
1781173972,52.1,2400000,0xe0000
1781173973,52.1,2400000,0xe0000
1781173974,52.1,2400000,0xe0000
1781173975,52.1,2400000,0xe0000
1781173976,51.0,2400000,0xe0000
1781173977,52.1,2400000,0xe0000
1781173978,52.1,2400000,0xe0000
1781173979,52.1,2400000,0xe0000
1781173980,52.7,2400000,0xe0000
1781173982,52.1,2400000,0xe0000
1781173983,51.6,2400000,0xe0000
1781173984,52.1,2400000,0xe0000
1781173985,52.1,2400000,0xe0000
1781173986,51.6,2400000,0xe0000
1781173987,52.1,2400000,0xe0000
1781173988,52.1,2400000,0xe0000
1781173989,51.6,2400000,0xe0000
1781173990,52.1,2400000,0xe0000
1781173991,51.6,2400000,0xe0000
1781173992,52.1,2400000,0xe0000
1781173993,50.5,2400000,0xe0000
1781173994,52.1,2400000,0xe0000
1781173995,51.6,2400000,0xe0000
1781173996,52.1,2400000,0xe0000
1781173997,52.1,2400000,0xe0000
1781173998,52.1,2400000,0xe0000
1781173999,52.1,2400000,0xe0000
1781174000,52.1,2400000,0xe0000
1781174001,51.6,2400000,0xe0000
1781174002,51.6,2400000,0xe0000
1781174003,51.6,2400000,0xe0000
1781174004,52.1,2400000,0xe0000
1781174005,51.6,2400000,0xe0000
1781174006,51.6,2400000,0xe0000
1781174007,52.1,2400000,0xe0000
1781174008,51.0,2400000,0xe0000
1781174009,51.6,2400000,0xe0000
1781174010,52.1,2400000,0xe0000
1781174012,51.6,2400000,0xe0000
1781174013,52.1,2400000,0xe0000
1781174014,51.6,2400000,0xe0000
1781174015,51.6,2400000,0xe0000
1781174016,51.6,2400000,0xe0000
1781174017,52.1,2400000,0xe0000
1781174018,52.1,2400000,0xe0000
1781174019,52.1,2400000,0xe0000
1781174020,51.0,2400000,0xe0000
1781174021,51.0,2400000,0xe0000
1781174022,51.6,2400000,0xe0000
1781174023,51.6,2400000,0xe0000
1781174024,51.6,2400000,0xe0000
1781174025,52.1,2400000,0xe0000
1781174026,51.6,2400000,0xe0000
1781174027,52.1,2400000,0xe0000
1781174028,52.1,2400000,0xe0000
1781174029,52.1,2400000,0xe0000
1781174030,51.6,2400000,0xe0000
1781174031,51.6,2400000,0xe0000
1781174032,52.1,2400000,0xe0000
1781174033,52.1,2400000,0xe0000
1781174034,51.0,2400000,0xe0000
1781174035,51.6,2400000,0xe0000
1781174036,52.1,2400000,0xe0000
1781174037,51.6,2400000,0xe0000
1781174038,51.0,2400000,0xe0000
1781174039,52.1,2400000,0xe0000
1781174040,52.1,2400000,0xe0000
1781174041,52.1,2400000,0xe0000
1781174043,52.1,2400000,0xe0000
1781174044,52.1,2400000,0xe0000
1781174045,51.6,2400000,0xe0000
1781174046,52.1,2400000,0xe0000
1781174047,51.0,2400000,0xe0000
1781174048,51.0,2400000,0xe0000
1781174049,51.6,2400000,0xe0000
1781174050,51.6,2400000,0xe0000
1781174051,51.0,2400000,0xe0000
1781174052,51.0,2400000,0xe0000
1781174053,51.6,2400000,0xe0000
1781174054,52.1,2400000,0xe0000
1781174055,51.0,2400000,0xe0000
1781174056,52.1,2400000,0xe0000
1781174057,51.6,2400000,0xe0000
1781174058,51.0,2400000,0xe0000
1781174059,52.1,2400000,0xe0000
1781174060,51.6,2400000,0xe0000
1781174061,51.6,2400000,0xe0000
1781174062,50.5,2400000,0xe0000
1781174063,51.6,2400000,0xe0000
1781174064,51.6,2400000,0xe0000
1781174065,52.1,2400000,0xe0000
1781174066,51.6,2400000,0xe0000
1781174067,52.1,2400000,0xe0000
1781174068,51.6,2400000,0xe0000
1781174069,52.1,2400000,0xe0000
1781174070,51.0,2400000,0xe0000
1781174071,52.1,2400000,0xe0000
1781174072,52.1,2400000,0xe0000
1781174073,52.1,2400000,0xe0000
1781174074,52.7,2400000,0xe0000
1781174075,51.6,2400000,0xe0000
1781174076,51.0,2400000,0xe0000
1781174077,52.1,2400000,0xe0000
1781174078,52.1,2400000,0xe0000
1781174079,50.5,2400000,0xe0000
1781174080,51.6,2400000,0xe0000
1781174081,52.1,2400000,0xe0000
1781174082,52.1,2400000,0xe0000
1781174083,52.1,2400000,0xe0000
1781174084,51.0,2400000,0xe0000
1781174085,52.1,2400000,0xe0000
1781174086,51.6,2400000,0xe0000
1781174087,51.6,2400000,0xe0000
1781174088,52.1,2400000,0xe0000
1781174090,52.1,2400000,0xe0000
1781174091,51.6,2400000,0xe0000
1781174092,51.6,2400000,0xe0000
1781174093,51.6,2400000,0xe0000
1781174094,51.0,2400000,0xe0000
1781174095,52.1,2400000,0xe0000
1781174096,52.1,2400000,0xe0000
1781174097,52.1,2400000,0xe0000
1781174098,51.6,2400000,0xe0000
1781174099,52.1,2400000,0xe0000
1781174100,52.1,2400000,0xe0000
1781174101,51.0,2400000,0xe0000
1781174102,52.1,2400000,0xe0000
1781174103,52.1,2400000,0xe0000
1781174104,51.0,2400000,0xe0000
1781174105,51.6,2400000,0xe0000
1781174106,51.0,2400000,0xe0000
1781174107,52.1,2400000,0xe0000
1781174108,52.7,2400000,0xe0000
1781174109,51.6,2400000,0xe0000
1781174110,52.1,2400000,0xe0000
1781174111,52.1,2400000,0xe0000
1781174112,51.0,2400000,0xe0000
1781174113,52.1,2400000,0xe0000
1781174114,52.1,2400000,0xe0000
1781174115,51.6,2400000,0xe0000
1781174116,51.6,2400000,0xe0000
1781174117,52.7,2400000,0xe0000
1781174118,51.0,2400000,0xe0000
1781174119,51.6,2400000,0xe0000
1781174120,52.1,2400000,0xe0000
1781174121,51.6,2400000,0xe0000
1781174122,52.1,2400000,0xe0000
1781174123,52.1,2400000,0xe0000
1781174124,51.6,2400000,0xe0000
1781174125,52.1,2400000,0xe0000
1781174126,51.6,2400000,0xe0000
1781174127,51.0,2400000,0xe0000
1781174129,51.6,2400000,0xe0000
1781174130,52.1,2400000,0xe0000
1781174131,51.6,2400000,0xe0000
1781174132,51.6,2400000,0xe0000
1781174133,51.0,2400000,0xe0000
1781174134,52.1,2400000,0xe0000
1781174135,52.1,2400000,0xe0000
1781174136,52.1,2400000,0xe0000
1781174137,51.0,2400000,0xe0000
1781174138,52.1,2400000,0xe0000
1781174139,52.1,2400000,0xe0000
1781174140,52.1,2400000,0xe0000
1781174141,52.1,2400000,0xe0000
1781174142,52.1,2400000,0xe0000
1781174143,52.1,2400000,0xe0000
1781174144,52.1,2400000,0xe0000
1781174145,52.1,2400000,0xe0000
1781174146,52.1,2400000,0xe0000
1781174147,51.6,2400000,0xe0000
1781174148,52.1,2400000,0xe0000
1781174149,51.6,2400000,0xe0000
1781174150,51.6,2400000,0xe0000
1781174151,51.6,2400000,0xe0000
1781174152,51.6,2400000,0xe0000
1781174154,52.1,2400000,0xe0000
1781174155,52.1,2400000,0xe0000
1781174156,52.1,2400000,0xe0000
1781174157,49.9,2400000,0xe0000
1781174158,52.7,2400000,0xe0000
1781174159,52.1,2400000,0xe0000
1781174160,52.1,2400000,0xe0000
1781174161,51.6,2400000,0xe0000
1781174162,52.1,2400000,0xe0000
1781174163,51.6,2400000,0xe0000
1781174164,50.5,2400000,0xe0000
1781174165,52.1,2400000,0xe0000
1781174166,52.1,2400000,0xe0000
1781174167,52.1,2400000,0xe0000
1781174168,52.1,2400000,0xe0000
1781174169,51.6,2400000,0xe0000
1781174170,52.1,2400000,0xe0000
1781174171,52.7,2400000,0xe0000
1781174172,50.5,2400000,0xe0000
1781174173,51.6,2400000,0xe0000
1781174174,52.1,2400000,0xe0000
1781174175,52.1,2400000,0xe0000
1781174176,52.1,2400000,0xe0000
1781174177,51.6,2400000,0xe0000
1781174178,52.1,2400000,0xe0000
1781174179,51.6,2400000,0xe0000
1781174180,52.1,2400000,0xe0000
1781174181,51.0,2400000,0xe0000
1781174182,52.1,2400000,0xe0000
1781174183,52.7,2400000,0xe0000
1781174184,52.1,2400000,0xe0000
1781174185,51.6,2400000,0xe0000
1781174186,52.1,2400000,0xe0000
1781174187,52.1,2400000,0xe0000
1781174188,51.6,2400000,0xe0000
1781174189,52.1,2400000,0xe0000
1781174190,52.1,2400000,0xe0000
1781174192,52.1,2400000,0xe0000
1781174193,52.1,2400000,0xe0000
1781174194,51.0,2400000,0xe0000
1781174195,52.1,2400000,0xe0000
1781174196,52.1,2400000,0xe0000
1781174197,52.1,2400000,0xe0000
1781174198,51.6,2400000,0xe0000
1781174199,52.1,2400000,0xe0000
1781174200,51.0,2400000,0xe0000
1781174201,52.1,2400000,0xe0000
1781174202,50.5,2400000,0xe0000
1781174203,52.7,2400000,0xe0000
1781174204,52.1,2400000,0xe0000
1781174205,51.6,2400000,0xe0000
1781174206,51.0,2400000,0xe0000
1781174207,52.1,2400000,0xe0000
1781174208,52.1,2400000,0xe0000
1781174209,52.1,2400000,0xe0000
1781174210,52.1,2400000,0xe0000
1781174211,51.6,2400000,0xe0000
1781174212,51.6,2400000,0xe0000
1781174213,52.1,2400000,0xe0000
1781174214,52.1,2400000,0xe0000
1781174215,52.1,2400000,0xe0000
1781174216,52.1,2400000,0xe0000
1781174217,52.1,2400000,0xe0000
1781174218,52.1,2400000,0xe0000
1781174219,52.1,2400000,0xe0000
1781174220,52.1,2400000,0xe0000
1781174221,52.1,2400000,0xe0000
1781174222,52.1,2400000,0xe0000
1781174224,52.1,2400000,0xe0000
1781174225,52.1,2400000,0xe0000
1781174226,51.6,2400000,0xe0000
1781174227,51.6,2400000,0xe0000
1781174228,52.1,2400000,0xe0000
1781174229,52.1,2400000,0xe0000
1781174230,51.6,2400000,0xe0000
1781174231,52.1,2400000,0xe0000
1781174232,52.1,2400000,0xe0000
1781174233,50.5,2400000,0xe0000
1781174234,52.1,2400000,0xe0000
1781174235,51.6,2400000,0xe0000
1781174236,51.6,2400000,0xe0000
1781174237,51.6,2400000,0xe0000
1781174238,52.1,2400000,0xe0000
1781174239,51.6,2400000,0xe0000
1781174240,51.6,2400000,0xe0000
1781174241,52.1,2400000,0xe0000
1781174242,51.6,2400000,0xe0000
1781174243,51.0,2400000,0xe0000
1781174244,52.1,2400000,0xe0000
1781174245,52.1,2400000,0xe0000
1781174246,52.7,2400000,0xe0000
1781174247,52.1,2400000,0xe0000
1781174248,52.1,2400000,0xe0000
1781174249,52.1,2400000,0xe0000
1781174250,52.1,2400000,0xe0000
1781174251,52.7,2400000,0xe0000
1781174252,51.6,2400000,0xe0000
1781174253,51.6,2400000,0xe0000
1781174254,51.6,2400000,0xe0000
1781174256,51.6,2400000,0xe0000
1781174257,51.6,2400000,0xe0000
1781174258,51.6,2400000,0xe0000
1781174259,52.1,2400000,0xe0000
1781174260,51.6,2400000,0xe0000
1781174261,51.0,2400000,0xe0000
1781174262,52.1,2400000,0xe0000
1781174263,51.6,2400000,0xe0000
1781174264,52.1,2400000,0xe0000
1781174265,52.1,2400000,0xe0000
1781174266,51.6,2400000,0xe0000
1781174267,51.6,2400000,0xe0000
1781174268,51.0,2400000,0xe0000
1781174269,52.7,2400000,0xe0000
1781174270,52.1,2400000,0xe0000
1781174271,52.1,2400000,0xe0000
1781174272,52.1,2400000,0xe0000
1781174273,50.5,2400000,0xe0000
1781174274,52.7,2400000,0xe0000
1781174275,51.6,2400000,0xe0000
1781174276,52.1,2400000,0xe0000
1781174277,51.6,2400000,0xe0000
1781174278,51.6,2400000,0xe0000
1781174279,51.6,2400000,0xe0000
1781174280,52.1,2400000,0xe0000
1781174281,51.0,2400000,0xe0000
1781174282,52.1,2400000,0xe0000
1781174283,52.7,2400000,0xe0000
1781174284,51.6,2400000,0xe0000
1781174285,52.1,2400000,0xe0000
1781174286,52.1,2400000,0xe0000
1781174287,51.6,2400000,0xe0000
1781174288,51.0,2400000,0xe0000
1781174289,52.1,2400000,0xe0000
1781174290,51.6,2400000,0xe0000
1781174291,51.6,2400000,0xe0000
1781174293,51.6,2400000,0xe0000
1781174294,52.1,2400000,0xe0000
1781174295,51.6,2400000,0xe0000
1781174296,52.1,2400000,0xe0000
1781174297,51.6,2400000,0xe0000
1781174298,52.1,2400000,0xe0000
1781174299,52.1,2400000,0xe0000
1781174300,51.6,2400000,0xe0000
1781174301,52.1,2400000,0xe0000
1781174302,51.6,2400000,0xe0000
1781174303,51.6,2400000,0xe0000
1781174304,52.7,2400000,0xe0000
1781174305,52.1,2400000,0xe0000
1781174306,52.7,2400000,0xe0000
1781174307,52.1,2400000,0xe0000
1781174308,52.7,2400000,0xe0000
1781174309,52.1,2400000,0xe0000
1781174310,52.1,2400000,0xe0000
1781174311,52.1,2400000,0xe0000
1781174312,51.6,2400000,0xe0000
1781174313,52.1,2400000,0xe0000
1781174314,51.6,2400000,0xe0000
1781174315,51.6,2400000,0xe0000
1781174316,51.6,2400000,0xe0000
1781174317,52.1,2400000,0xe0000
1781174318,52.7,2400000,0xe0000
1781174319,52.1,2400000,0xe0000
1781174320,52.1,2400000,0xe0000
1781174321,52.1,2400000,0xe0000
1781174322,52.1,2400000,0xe0000
1781174323,51.6,2400000,0xe0000
1781174324,52.1,2400000,0xe0000
1781174325,52.1,2400000,0xe0000
1781174326,51.6,2400000,0xe0000
1781174327,52.1,2400000,0xe0000
1781174328,52.7,2400000,0xe0000
1781174329,52.1,2400000,0xe0000
1781174331,51.6,2400000,0xe0000
1781174332,51.6,2400000,0xe0000
1781174333,51.6,2400000,0xe0000
1781174334,51.6,2400000,0xe0000
1781174335,51.6,2400000,0xe0000
1781174336,52.1,2400000,0xe0000
1781174337,51.6,2400000,0xe0000
1781174338,52.1,2400000,0xe0000
1781174339,51.0,2400000,0xe0000
1781174340,51.0,2400000,0xe0000
1781174341,52.1,2400000,0xe0000
1781174342,51.6,2400000,0xe0000
1781174343,51.0,2400000,0xe0000
1781174344,51.6,2400000,0xe0000
1781174345,51.6,2400000,0xe0000
1781174346,52.1,2400000,0xe0000
1781174347,51.6,2400000,0xe0000
1781174348,52.1,2400000,0xe0000
1781174349,52.1,2400000,0xe0000
1781174350,52.1,2400000,0xe0000
1781174351,51.6,2400000,0xe0000
1781174352,52.1,2400000,0xe0000
1781174353,51.6,2400000,0xe0000
1781174354,52.1,2400000,0xe0000
1781174355,52.1,2400000,0xe0000
1781174356,52.1,2400000,0xe0000
1781174357,52.1,2400000,0xe0000
1781174358,51.6,2400000,0xe0000
1781174359,52.1,2400000,0xe0000
1781174360,51.6,2400000,0xe0000
1781174361,52.1,2400000,0xe0000
1781174363,51.0,2400000,0xe0000
1781174364,52.1,2400000,0xe0000
1781174365,51.6,2400000,0xe0000
1781174366,52.1,2400000,0xe0000
1781174367,52.1,2400000,0xe0000
1781174368,50.5,2400000,0xe0000
1781174369,51.6,2400000,0xe0000
1781174370,51.6,2400000,0xe0000
1781174371,52.1,2400000,0xe0000
1781174372,52.1,2400000,0xe0000
1781174373,52.1,2400000,0xe0000
1781174374,52.1,2400000,0xe0000
1781174375,51.6,2400000,0xe0000
1781174376,52.1,2400000,0xe0000
1781174377,52.1,2400000,0xe0000
1781174378,52.1,2400000,0xe0000
1781174379,51.6,2400000,0xe0000
1781174380,51.6,2400000,0xe0000
1781174381,52.7,2400000,0xe0000
1781174382,52.1,2400000,0xe0000
1781174383,52.1,2400000,0xe0000
1781174384,52.7,2400000,0xe0000
1781174385,52.1,2400000,0xe0000
1781174386,51.6,2400000,0xe0000
1781174387,51.0,2400000,0xe0000
1781174388,51.6,2400000,0xe0000
1781174389,52.1,2400000,0xe0000
1781174390,52.1,2400000,0xe0000
1781174392,52.1,2400000,0xe0000
1781174393,52.1,2400000,0xe0000
1781174394,52.1,2400000,0xe0000
1781174395,52.1,2400000,0xe0000
1781174396,51.6,2400000,0xe0000
1781174397,52.1,2400000,0xe0000
1781174398,51.6,2400000,0xe0000
1781174399,52.1,2400000,0xe0000
1781174400,51.6,2400000,0xe0000
1781174401,52.1,2400000,0xe0000
1781174402,51.0,2400000,0xe0000
1781174403,51.6,2400000,0xe0000
1781174404,52.1,2400000,0xe0000
1781174405,52.1,2400000,0xe0000
1781174406,51.6,2400000,0xe0000
1781174407,51.6,2400000,0xe0000
1781174408,52.1,2400000,0xe0000
1781174409,52.7,2400000,0xe0000
1781174410,52.7,2400000,0xe0000
1781174411,52.1,2400000,0xe0000
1781174412,51.6,2400000,0xe0000
1781174413,51.0,2400000,0xe0000
1781174414,52.1,2400000,0xe0000
1781174415,51.0,2400000,0xe0000
1781174416,51.6,2400000,0xe0000
1781174417,52.1,2400000,0xe0000
1781174418,51.6,2400000,0xe0000
1781174419,51.6,2400000,0xe0000
1781174420,51.6,2400000,0xe0000
1781174421,52.1,2400000,0xe0000
1781174422,51.6,2400000,0xe0000
1781174423,52.1,2400000,0xe0000
1781174424,52.1,2400000,0xe0000
1781174425,51.6,2400000,0xe0000
1781174426,52.1,2400000,0xe0000
1781174427,52.1,2400000,0xe0000
1781174428,52.1,2400000,0xe0000
1781174429,50.5,2400000,0xe0000
1781174430,51.6,2400000,0xe0000
1781174431,52.1,2400000,0xe0000
1781174432,51.0,2400000,0xe0000
1781174433,52.1,2400000,0xe0000
1781174435,51.6,2400000,0xe0000
1781174436,51.6,2400000,0xe0000
1781174437,52.1,2400000,0xe0000
1781174438,51.6,2400000,0xe0000
1781174439,51.6,2400000,0xe0000
1781174440,50.5,2400000,0xe0000
1781174441,51.6,2400000,0xe0000
1781174442,51.6,2400000,0xe0000
1781174443,52.1,2400000,0xe0000
1781174444,52.1,2400000,0xe0000
1781174445,51.6,2400000,0xe0000
1781174446,52.1,2400000,0xe0000
1781174447,52.1,2400000,0xe0000
1781174448,51.6,2400000,0xe0000
1781174449,51.6,2400000,0xe0000
1781174450,52.1,2400000,0xe0000
1781174451,51.6,2400000,0xe0000
1781174452,52.1,2400000,0xe0000
1781174453,52.1,2400000,0xe0000
1781174454,51.6,2400000,0xe0000
1781174455,51.6,2400000,0xe0000
1781174456,52.1,2400000,0xe0000
1781174457,52.1,2400000,0xe0000
1781174458,52.1,2400000,0xe0000
1781174459,51.6,2400000,0xe0000
1781174460,52.1,2400000,0xe0000
1781174461,51.0,2400000,0xe0000
1781174462,51.6,2400000,0xe0000
1781174463,51.6,2400000,0xe0000
1781174464,52.1,2400000,0xe0000
1781174465,51.6,2400000,0xe0000
1781174466,52.1,2400000,0xe0000
1781174467,51.6,2400000,0xe0000
1781174468,51.6,2400000,0xe0000
1781174469,51.6,2400000,0xe0000
1781174470,52.1,2400000,0xe0000
1781174471,52.1,2400000,0xe0000
1781174472,52.1,2400000,0xe0000
1781174473,52.1,2400000,0xe0000
1781174474,52.1,2400000,0xe0000
1781174475,52.7,2400000,0xe0000
1781174476,51.6,2400000,0xe0000
1781174477,52.1,2400000,0xe0000
1781174479,52.1,2400000,0xe0000
1781174480,51.6,2400000,0xe0000
1781174481,52.1,2400000,0xe0000
1781174482,52.1,2400000,0xe0000
1781174483,52.1,2400000,0xe0000
1781174484,51.6,2400000,0xe0000
1781174485,51.6,2400000,0xe0000
1781174486,52.1,2400000,0xe0000
1781174487,51.6,2400000,0xe0000
1781174488,51.6,2400000,0xe0000
1781174489,51.6,2400000,0xe0000
1781174490,52.1,2400000,0xe0000
1781174491,52.1,2400000,0xe0000
1781174492,52.1,2400000,0xe0000
1781174493,52.1,2400000,0xe0000
1781174494,51.6,2400000,0xe0000
1781174495,52.1,2400000,0xe0000
1781174496,51.0,2400000,0xe0000
1781174497,51.6,2400000,0xe0000
1781174498,51.0,2400000,0xe0000
1781174499,52.1,2400000,0xe0000
1781174501,52.1,2400000,0xe0000
1781174502,52.1,2400000,0xe0000
1781174503,51.6,2400000,0xe0000
1781174504,52.1,2400000,0xe0000
1781174505,51.6,2400000,0xe0000
1781174506,52.1,2400000,0xe0000
1781174507,52.1,2400000,0xe0000
1781174508,51.6,2400000,0xe0000
1781174509,52.1,2400000,0xe0000
1781174510,52.1,2400000,0xe0000
1781174511,52.1,2400000,0xe0000
1781174512,51.0,2400000,0xe0000
1781174513,51.0,2400000,0xe0000
1781174514,51.0,2400000,0xe0000
1781174515,52.1,2400000,0xe0000
1781174516,51.6,2400000,0xe0000
1781174517,51.6,2400000,0xe0000
1781174518,52.1,2400000,0xe0000
1781174519,52.1,2400000,0xe0000
1781174520,51.0,2400000,0xe0000
1781174521,51.0,2400000,0xe0000
1781174522,51.0,2400000,0xe0000
1781174523,51.6,2400000,0xe0000
1781174524,51.6,2400000,0xe0000
1781174525,52.1,2400000,0xe0000
1781174526,51.6,2400000,0xe0000
1781174527,52.1,2400000,0xe0000
1781174528,52.1,2400000,0xe0000
1781174529,52.1,2400000,0xe0000
1781174530,51.6,2400000,0xe0000
1781174531,52.1,2400000,0xe0000
1781174532,52.1,2400000,0xe0000
1781174533,51.6,2400000,0xe0000
1781174534,52.1,2400000,0xe0000
1781174535,51.6,2400000,0xe0000
1781174536,52.1,2400000,0xe0000
1781174537,52.1,2400000,0xe0000
1781174538,52.7,2400000,0xe0000
1781174539,52.1,2400000,0xe0000
1781174540,52.1,2400000,0xe0000
1781174541,51.6,2400000,0xe0000
1781174543,52.1,2400000,0xe0000
1781174544,52.1,2400000,0xe0000
1781174545,51.6,2400000,0xe0000
1781174546,52.1,2400000,0xe0000
1781174547,51.0,2400000,0xe0000
1781174548,51.6,2400000,0xe0000
1781174549,52.1,2400000,0xe0000
1781174550,52.1,2400000,0xe0000
1781174551,52.1,2400000,0xe0000
1781174552,51.6,2400000,0xe0000
1781174553,52.1,2400000,0xe0000
1781174554,51.6,2400000,0xe0000
1781174555,52.1,2400000,0xe0000
1781174556,52.7,2400000,0xe0000
1781174557,51.6,2400000,0xe0000
1781174558,52.1,2400000,0xe0000
1781174559,52.1,2400000,0xe0000
1781174560,52.1,2400000,0xe0000
1781174561,51.6,2400000,0xe0000
1781174562,52.1,2400000,0xe0000
1781174563,52.1,2400000,0xe0000
1781174564,51.6,2400000,0xe0000
1781174565,52.1,2400000,0xe0000
1781174566,51.6,2400000,0xe0000
1781174567,52.1,2400000,0xe0000
1781174568,51.6,2400000,0xe0000
1781174569,51.6,2400000,0xe0000
1781174570,52.1,2400000,0xe0000
1781174571,50.5,2400000,0xe0000
1781174572,52.1,2400000,0xe0000
1781174573,51.6,2400000,0xe0000
1781174574,51.6,2400000,0xe0000
1781174575,51.0,2400000,0xe0000
1781174576,52.7,2400000,0xe0000
1781174577,52.1,2400000,0xe0000
1781174579,51.6,2400000,0xe0000
1781174580,52.1,2400000,0xe0000
1781174581,52.1,2400000,0xe0000
1781174582,52.1,2400000,0xe0000
1781174583,52.1,2400000,0xe0000
1781174584,51.0,2400000,0xe0000
1781174585,52.1,2400000,0xe0000
1781174586,51.6,2400000,0xe0000
1781174587,50.5,2400000,0xe0000
1781174588,51.6,2400000,0xe0000
1781174589,51.0,2400000,0xe0000
1781174590,52.1,2400000,0xe0000
1781174591,52.1,2400000,0xe0000
1781174592,52.1,2400000,0xe0000
1781174593,51.0,2400000,0xe0000
1781174594,52.1,2400000,0xe0000
1781174595,51.6,2400000,0xe0000
1781174596,51.6,2400000,0xe0000
1781174597,51.6,2400000,0xe0000
1781174598,52.1,2400000,0xe0000
1781174599,52.7,2400000,0xe0000
1781174600,52.1,2400000,0xe0000
1781174601,51.0,2400000,0xe0000
1781174602,52.1,2400000,0xe0000
1781174603,51.6,2400000,0xe0000
1781174604,52.7,2400000,0xe0000
1781174605,52.1,2400000,0xe0000
1781174606,51.0,2400000,0xe0000
1781174608,52.1,2400000,0xe0000
1781174609,52.1,2400000,0xe0000
1781174610,52.1,2400000,0xe0000
1781174611,52.1,2400000,0xe0000
1781174612,52.1,2400000,0xe0000
1781174613,51.0,2400000,0xe0000
1781174614,52.1,2400000,0xe0000
1781174615,52.1,2400000,0xe0000
1781174616,52.1,2400000,0xe0000
1781174617,51.6,2400000,0xe0000
1781174618,52.1,2400000,0xe0000
1781174619,51.6,2400000,0xe0000
1781174620,52.1,2400000,0xe0000
1781174621,51.6,2400000,0xe0000
1781174622,52.1,2400000,0xe0000
1781174623,52.1,2400000,0xe0000
1781174624,51.0,2400000,0xe0000
1781174625,51.6,2400000,0xe0000
1781174626,52.1,2400000,0xe0000
1781174627,52.1,2400000,0xe0000
1781174628,52.1,2400000,0xe0000
1781174629,51.0,2400000,0xe0000
1781174630,51.6,2400000,0xe0000
1781174631,51.6,2400000,0xe0000
1781174632,51.0,2400000,0xe0000
1781174633,52.1,2400000,0xe0000
1781174634,51.6,2400000,0xe0000
1781174635,52.1,2400000,0xe0000
1781174636,51.0,2400000,0xe0000
1781174637,51.0,2400000,0xe0000
1781174638,52.1,2400000,0xe0000
1781174639,51.0,2400000,0xe0000
1781174640,51.6,2400000,0xe0000
1781174641,52.7,2400000,0xe0000
1781174642,51.6,2400000,0xe0000
1781174643,52.1,2400000,0xe0000
1781174644,52.1,2400000,0xe0000
1781174645,52.1,2400000,0xe0000
1781174646,52.1,2400000,0xe0000
1781174647,52.1,2400000,0xe0000
1781174648,52.1,2400000,0xe0000
1781174649,52.1,2400000,0xe0000
1781174651,52.1,2400000,0xe0000
1781174652,51.6,2400000,0xe0000
1781174653,52.1,2400000,0xe0000
1781174654,51.6,2400000,0xe0000
1781174655,52.1,2400000,0xe0000
1781174656,51.6,2400000,0xe0000
1781174657,52.1,2400000,0xe0000
1781174658,51.6,2400000,0xe0000
1781174659,52.1,2400000,0xe0000
1781174660,51.6,2400000,0xe0000
1781174661,51.6,2400000,0xe0000
1781174662,52.1,2400000,0xe0000
1781174663,52.1,2400000,0xe0000
1781174664,51.6,2400000,0xe0000
1781174665,51.6,2400000,0xe0000
1781174666,51.6,2400000,0xe0000
1781174667,52.1,2400000,0xe0000
1781174668,51.6,2400000,0xe0000
1781174669,52.1,2400000,0xe0000
1781174670,51.6,2400000,0xe0000
1781174671,52.1,2400000,0xe0000
1781174672,51.0,2400000,0xe0000
1781174673,51.6,2400000,0xe0000
1781174674,52.7,2400000,0xe0000
1781174675,52.1,2400000,0xe0000
1781174676,52.7,2400000,0xe0000
1781174677,51.6,2400000,0xe0000
1781174678,52.1,2400000,0xe0000
1781174680,51.6,2400000,0xe0000
1781174681,51.0,2400000,0xe0000
1781174682,52.1,2400000,0xe0000
1781174683,52.1,2400000,0xe0000
1781174684,52.1,2400000,0xe0000
1781174685,52.1,2400000,0xe0000
1781174686,51.6,2400000,0xe0000
1781174687,52.1,2400000,0xe0000
1781174688,52.7,2400000,0xe0000
1781174689,52.1,2400000,0xe0000
1781174690,52.1,2400000,0xe0000
1781174691,52.1,2400000,0xe0000
1781174692,52.1,2400000,0xe0000
1781174693,52.1,2400000,0xe0000
1781174694,51.6,2400000,0xe0000
1781174695,52.1,2400000,0xe0000
1781174696,52.1,2400000,0xe0000
1781174697,52.1,2400000,0xe0000
1781174698,52.1,2400000,0xe0000
1781174699,52.1,2400000,0xe0000
1781174700,52.1,2400000,0xe0000
1781174701,51.0,2400000,0xe0000
1781174702,52.1,2400000,0xe0000
1781174703,52.1,2400000,0xe0000
1781174704,52.1,2400000,0xe0000
1781174705,51.0,2400000,0xe0000
1781174706,51.6,2400000,0xe0000
1781174707,52.1,2400000,0xe0000
1781174708,51.6,2400000,0xe0000
1781174709,52.1,2400000,0xe0000
1781174710,52.1,2400000,0xe0000
1781174711,52.1,2400000,0xe0000
1781174712,52.1,2400000,0xe0000
1781174713,51.0,2400000,0xe0000
1781174714,52.1,2400000,0xe0000
1781174716,52.1,2400000,0xe0000
1781174717,51.6,2400000,0xe0000
1781174718,52.1,2400000,0xe0000
1781174719,52.1,2400000,0xe0000
1781174720,51.6,2400000,0xe0000
1781174721,51.6,2400000,0xe0000
1781174722,52.1,2400000,0xe0000
1781174723,52.1,2400000,0xe0000
1781174724,52.1,2400000,0xe0000
1781174725,52.1,2400000,0xe0000
1781174726,52.1,2400000,0xe0000
1781174727,52.1,2400000,0xe0000
1781174728,51.6,2400000,0xe0000
1781174729,52.1,2400000,0xe0000
1781174730,51.6,2400000,0xe0000
1781174731,52.1,2400000,0xe0000
1781174732,51.0,2400000,0xe0000
1781174733,52.1,2400000,0xe0000
1781174734,51.6,2400000,0xe0000
1781174735,51.6,2400000,0xe0000
1781174736,52.1,2400000,0xe0000
1781174737,52.1,2400000,0xe0000
1781174738,51.6,2400000,0xe0000
1781174739,52.1,2400000,0xe0000
1781174740,51.6,2400000,0xe0000
1781174741,51.6,2400000,0xe0000
1781174742,52.1,2400000,0xe0000
1781174743,52.1,2400000,0xe0000
1781174744,52.1,2400000,0xe0000
1781174745,52.1,2400000,0xe0000
1781174746,52.1,2400000,0xe0000
1781174747,52.7,2400000,0xe0000
1781174748,51.0,2400000,0xe0000
1781174749,52.1,2400000,0xe0000
1781174750,52.1,2400000,0xe0000
1781174752,52.1,2400000,0xe0000
1781174753,52.7,2400000,0xe0000
1781174754,51.0,2400000,0xe0000
1781174755,51.0,2400000,0xe0000
1781174756,51.6,2400000,0xe0000
1781174757,52.1,2400000,0xe0000
1781174758,52.7,2400000,0xe0000
1781174759,51.0,2400000,0xe0000
1781174760,51.6,2400000,0xe0000
1781174761,52.1,2400000,0xe0000
1781174762,52.1,2400000,0xe0000
1781174763,52.1,2400000,0xe0000
1781174764,51.6,2400000,0xe0000
1781174765,52.1,2400000,0xe0000
1781174766,52.7,2400000,0xe0000
1781174767,52.7,2400000,0xe0000
1781174768,51.0,2400000,0xe0000
1781174769,51.6,2400000,0xe0000
1781174770,51.6,2400000,0xe0000
1781174771,51.0,2400000,0xe0000
1781174772,51.6,2400000,0xe0000
1781174773,52.1,2400000,0xe0000
1781174774,51.6,2400000,0xe0000
1781174775,52.1,2400000,0xe0000
1781174776,52.1,2400000,0xe0000
1781174777,52.1,2400000,0xe0000
1781174778,49.9,2400000,0xe0000
1781174779,51.6,2400000,0xe0000
1781174780,51.6,2400000,0xe0000
1781174781,52.1,2400000,0xe0000
1781174782,52.1,2400000,0xe0000
1781174783,52.1,2400000,0xe0000
1781174784,51.6,2400000,0xe0000
1781174785,52.1,2400000,0xe0000
1781174786,52.1,2400000,0xe0000
1781174788,52.1,2400000,0xe0000
1781174789,52.1,2400000,0xe0000
1781174790,52.7,2400000,0xe0000
1781174791,51.6,2400000,0xe0000
1781174792,51.6,2400000,0xe0000
1781174793,51.6,2400000,0xe0000
1781174794,52.1,2400000,0xe0000
1781174795,51.0,2400000,0xe0000
1781174796,52.1,2400000,0xe0000
1781174797,51.6,2400000,0xe0000
1781174798,52.1,2400000,0xe0000
1781174799,51.6,2400000,0xe0000
1781174800,52.1,2400000,0xe0000
1781174801,52.7,2400000,0xe0000
1781174802,52.1,2400000,0xe0000
1781174803,51.6,2400000,0xe0000
1781174804,51.6,2400000,0xe0000
1781174805,51.6,2400000,0xe0000
1781174806,51.0,2400000,0xe0000
1781174807,51.6,2400000,0xe0000
1781174808,51.6,2400000,0xe0000
1781174810,52.1,2400000,0xe0000
1781174811,52.1,2400000,0xe0000
1781174812,51.0,2400000,0xe0000
1781174813,52.1,2400000,0xe0000
1781174814,51.6,2400000,0xe0000
1781174815,52.1,2400000,0xe0000
1781174816,52.1,2400000,0xe0000
1781174817,51.6,2400000,0xe0000
1781174818,52.1,2400000,0xe0000
1781174819,51.0,2400000,0xe0000
1781174820,52.1,2400000,0xe0000
1781174821,52.7,2400000,0xe0000
1781174822,51.6,2400000,0xe0000
1781174823,52.1,2400000,0xe0000
1781174824,52.7,2400000,0xe0000
1781174825,51.6,2400000,0xe0000
1781174826,52.1,2400000,0xe0000
1781174827,52.1,2400000,0xe0000
1781174828,51.6,2400000,0xe0000
1781174829,51.6,2400000,0xe0000
1781174830,51.6,2400000,0xe0000
1781174831,52.1,2400000,0xe0000
1781174832,52.1,2400000,0xe0000
1781174833,52.1,2400000,0xe0000
1781174834,51.6,2400000,0xe0000
1781174835,52.1,2400000,0xe0000
1781174836,52.1,2400000,0xe0000
1781174837,51.6,2400000,0xe0000
1781174838,52.1,2400000,0xe0000
1781174839,52.1,2400000,0xe0000
1781174840,51.6,2400000,0xe0000
1781174841,52.1,2400000,0xe0000
1781174842,51.6,2400000,0xe0000
1781174843,51.6,2400000,0xe0000
1781174845,51.6,2400000,0xe0000
1781174846,52.1,2400000,0xe0000
1781174847,51.6,2400000,0xe0000
1781174848,51.6,2400000,0xe0000
1781174849,52.1,2400000,0xe0000
1781174850,52.1,2400000,0xe0000
1781174851,51.0,2400000,0xe0000
1781174852,51.6,2400000,0xe0000
1781174853,52.1,2400000,0xe0000
1781174854,51.6,2400000,0xe0000
1781174855,52.1,2400000,0xe0000
1781174856,52.1,2400000,0xe0000
1781174857,52.7,2400000,0xe0000
1781174858,51.6,2400000,0xe0000
1781174859,51.6,2400000,0xe0000
1781174860,51.6,2400000,0xe0000
1781174861,52.1,2400000,0xe0000
1781174862,52.1,2400000,0xe0000
1781174863,52.1,2400000,0xe0000
1781174864,52.1,2400000,0xe0000
1781174865,52.1,2400000,0xe0000
1781174866,51.0,2400000,0xe0000
1781174867,52.1,2400000,0xe0000
1781174868,52.1,2400000,0xe0000
1781174869,52.1,2400000,0xe0000
1781174870,52.1,2400000,0xe0000
1781174871,52.1,2400000,0xe0000
1781174872,51.6,2400000,0xe0000
1781174873,52.1,2400000,0xe0000
1781174874,51.6,2400000,0xe0000
1781174875,51.6,2400000,0xe0000
1781174876,52.1,2400000,0xe0000
1781174877,52.1,2400000,0xe0000
1781174878,52.1,2400000,0xe0000
1781174879,51.6,2400000,0xe0000
1781174880,52.7,2400000,0xe0000
1781174881,52.1,2400000,0xe0000
1781174882,52.1,2400000,0xe0000
1781174883,52.1,2400000,0xe0000
1781174884,51.6,2400000,0xe0000
1781174885,52.1,2400000,0xe0000
1781174886,52.7,2400000,0xe0000
1781174888,52.1,2400000,0xe0000
1781174889,52.7,2400000,0xe0000
1781174890,52.1,2400000,0xe0000
1781174891,51.6,2400000,0xe0000
1781174892,52.1,2400000,0xe0000
1781174893,52.1,2400000,0xe0000
1781174894,51.6,2400000,0xe0000
1781174895,51.6,2400000,0xe0000
1781174896,51.0,2400000,0xe0000
1781174897,51.0,2400000,0xe0000
1781174898,51.6,2400000,0xe0000
1781174899,51.6,2400000,0xe0000
1781174900,52.1,2400000,0xe0000
1781174901,52.1,2400000,0xe0000
1781174902,52.1,2400000,0xe0000
1781174903,52.1,2400000,0xe0000
1781174904,51.6,2400000,0xe0000
1781174905,52.7,2400000,0xe0000
1781174906,51.0,2400000,0xe0000
1781174907,52.1,2400000,0xe0000
1781174908,52.1,2400000,0xe0000
1781174909,52.1,2400000,0xe0000
1781174910,52.1,2400000,0xe0000
1781174911,52.1,2400000,0xe0000
1781174912,52.1,2400000,0xe0000
1781174913,52.1,2400000,0xe0000
1781174914,52.1,2400000,0xe0000
1781174915,51.6,2400000,0xe0000
1781174917,51.6,2400000,0xe0000
1781174918,52.1,2400000,0xe0000
1781174919,52.1,2400000,0xe0000
1781174920,51.6,2400000,0xe0000
1781174921,51.0,2400000,0xe0000
1781174922,52.1,2400000,0xe0000
1781174923,52.1,2400000,0xe0000
1781174924,52.1,2400000,0xe0000
1781174925,51.6,2400000,0xe0000
1781174926,51.0,2400000,0xe0000
1781174927,51.6,2400000,0xe0000
1781174928,52.1,2400000,0xe0000
1781174929,51.0,2400000,0xe0000
1781174930,52.1,2400000,0xe0000
1781174931,52.1,2400000,0xe0000
1781174932,51.6,2400000,0xe0000
1781174933,52.1,2400000,0xe0000
1781174934,52.1,2400000,0xe0000
1781174935,52.1,2400000,0xe0000
1781174936,51.0,2400000,0xe0000
1781174937,51.0,2400000,0xe0000
1781174938,52.1,2400000,0xe0000
1781174939,52.1,2400000,0xe0000
1781174940,52.7,2400000,0xe0000
1781174941,52.1,2400000,0xe0000
1781174942,52.1,2400000,0xe0000
1781174943,51.6,2400000,0xe0000
1781174944,51.6,2400000,0xe0000
1781174945,51.0,2400000,0xe0000
1781174946,51.6,2400000,0xe0000
1781174947,51.6,2400000,0xe0000
1781174948,52.1,2400000,0xe0000
1781174949,52.1,2400000,0xe0000
1781174950,52.1,2400000,0xe0000
1781174951,51.6,2400000,0xe0000
1781174952,51.0,2400000,0xe0000
1781174953,52.1,2400000,0xe0000
1781174954,52.1,2400000,0xe0000
1781174955,52.7,2400000,0xe0000
1781174956,51.6,2400000,0xe0000
1781174957,52.1,2400000,0xe0000
1781174958,52.1,2400000,0xe0000
1781174959,51.6,2400000,0xe0000
1781174960,51.6,2400000,0xe0000
1781174961,51.6,2400000,0xe0000
1781174962,52.1,2400000,0xe0000
1781174963,51.0,2400000,0xe0000
1781174964,52.1,2400000,0xe0000
1781174965,52.1,2400000,0xe0000
1781174967,52.1,2400000,0xe0000
1781174968,51.0,2400000,0xe0000
1781174969,51.6,2400000,0xe0000
1781174970,51.6,2400000,0xe0000
1781174971,51.6,2400000,0xe0000
1781174972,52.1,2400000,0xe0000
1781174973,52.1,2400000,0xe0000
1781174974,52.1,2400000,0xe0000
1781174975,51.0,2400000,0xe0000
1781174976,51.6,2400000,0xe0000
1781174977,52.1,2400000,0xe0000
1781174978,52.1,2400000,0xe0000
1781174979,51.6,2400000,0xe0000
1781174980,52.1,2400000,0xe0000
1781174981,51.6,2400000,0xe0000
1781174982,51.6,2400000,0xe0000
1781174983,52.1,2400000,0xe0000
1781174984,52.1,2400000,0xe0000
1781174985,52.1,2400000,0xe0000
1781174986,52.1,2400000,0xe0000
1781174987,52.1,2400000,0xe0000
1781174988,52.1,2400000,0xe0000
1781174989,51.6,2400000,0xe0000
1781174990,51.6,2400000,0xe0000
1781174991,51.6,2400000,0xe0000
1781174992,52.1,2400000,0xe0000
1781174993,51.6,2400000,0xe0000
1781174994,51.0,2400000,0xe0000
1781174995,51.6,2400000,0xe0000
1781174996,52.1,2400000,0xe0000
1781174997,51.0,2400000,0xe0000
1781174998,51.6,2400000,0xe0000
1781174999,51.6,2400000,0xe0000
1781175000,52.1,2400000,0xe0000
1781175001,51.6,2400000,0xe0000
1781175003,52.1,2400000,0xe0000
1781175004,52.1,2400000,0xe0000
1781175005,52.1,2400000,0xe0000
1781175006,52.1,2400000,0xe0000
1781175007,52.1,2400000,0xe0000
1781175008,52.1,2400000,0xe0000
1781175009,51.6,2400000,0xe0000
1781175010,51.6,2400000,0xe0000
1781175011,51.6,2400000,0xe0000
1781175012,51.0,2400000,0xe0000
1781175013,51.0,2400000,0xe0000
1781175014,51.6,2400000,0xe0000
1781175015,51.0,2400000,0xe0000
1781175016,52.1,2400000,0xe0000
1781175017,52.1,2400000,0xe0000
1781175018,52.1,2400000,0xe0000
1781175019,51.6,2400000,0xe0000
1781175020,51.6,2400000,0xe0000
1781175021,51.6,2400000,0xe0000
1781175022,52.1,2400000,0xe0000
1781175023,51.6,2400000,0xe0000
1781175024,52.1,2400000,0xe0000
1781175025,51.6,2400000,0xe0000
1781175026,52.1,2400000,0xe0000
1781175027,51.6,2400000,0xe0000
1781175028,51.6,2400000,0xe0000
1781175029,51.6,2400000,0xe0000
1781175030,52.1,2400000,0xe0000
1781175031,51.6,2400000,0xe0000
1781175032,51.0,2400000,0xe0000
1781175033,52.1,2400000,0xe0000
1781175034,52.1,2400000,0xe0000
1781175035,51.6,2400000,0xe0000
1781175036,52.7,2400000,0xe0000
1781175037,51.6,2400000,0xe0000
1781175038,51.6,2400000,0xe0000
1781175039,52.1,2400000,0xe0000
1781175040,52.1,2400000,0xe0000
1781175041,52.1,2400000,0xe0000
1781175042,51.6,2400000,0xe0000
1781175043,51.6,2400000,0xe0000
1781175044,52.7,2400000,0xe0000
1781175046,51.6,2400000,0xe0000
1781175047,51.6,2400000,0xe0000
1781175048,51.6,2400000,0xe0000
1781175049,52.1,2400000,0xe0000
1781175050,52.1,2400000,0xe0000
1781175051,51.6,2400000,0xe0000
1781175052,51.6,2400000,0xe0000
1781175053,52.1,2400000,0xe0000
1781175054,51.0,2400000,0xe0000
1781175055,51.6,2400000,0xe0000
1781175056,51.0,2400000,0xe0000
1781175057,51.6,2400000,0xe0000
1781175058,51.6,2400000,0xe0000
1781175059,51.6,2400000,0xe0000
1781175060,51.0,2400000,0xe0000
1781175061,52.1,2400000,0xe0000
1781175062,51.6,2400000,0xe0000
1781175063,51.6,2400000,0xe0000
1781175064,52.1,2400000,0xe0000
1781175065,51.6,2400000,0xe0000
1781175066,51.6,2400000,0xe0000
1781175067,52.1,2400000,0xe0000
1781175068,51.6,2400000,0xe0000
1781175069,52.1,2400000,0xe0000
1781175070,51.6,2400000,0xe0000
1781175071,51.6,2400000,0xe0000
1781175072,50.5,2400000,0xe0000
1781175073,50.5,2400000,0xe0000
1781175074,51.6,2400000,0xe0000
1781175075,52.1,2400000,0xe0000
1781175076,51.0,2400000,0xe0000
1781175077,51.6,2400000,0xe0000
1781175078,52.1,2400000,0xe0000
1781175079,51.6,2400000,0xe0000
1781175080,52.1,2400000,0xe0000
1781175082,52.1,2400000,0xe0000
1781175083,51.0,2400000,0xe0000
1781175084,52.1,2400000,0xe0000
1781175085,51.6,2400000,0xe0000
1781175086,52.1,2400000,0xe0000
1781175087,52.1,2400000,0xe0000
1781175088,52.1,2400000,0xe0000
1781175089,51.6,2400000,0xe0000
1781175090,51.0,2400000,0xe0000
1781175091,52.1,2400000,0xe0000
1781175092,51.6,2400000,0xe0000
1781175093,51.6,2400000,0xe0000
1781175094,52.1,2400000,0xe0000
1781175095,51.6,2400000,0xe0000
1781175096,51.6,2400000,0xe0000
1781175097,52.1,2400000,0xe0000
1781175098,51.6,2400000,0xe0000
1781175099,52.1,2400000,0xe0000
1781175100,51.6,2400000,0xe0000
1781175101,50.5,2400000,0xe0000
1781175102,51.6,2400000,0xe0000
1781175103,52.1,2400000,0xe0000
1781175105,52.1,2400000,0xe0000
1781175106,52.1,2400000,0xe0000
1781175107,51.6,2400000,0xe0000
1781175108,51.6,2400000,0xe0000
1781175109,52.1,2400000,0xe0000
1781175110,51.0,2400000,0xe0000
1781175111,51.6,2400000,0xe0000
1781175112,52.1,2400000,0xe0000
1781175113,51.6,2400000,0xe0000
1781175114,52.7,2400000,0xe0000
1781175115,52.1,2400000,0xe0000
1781175116,51.6,2400000,0xe0000
1781175117,52.1,2400000,0xe0000
1781175118,51.6,2400000,0xe0000
1781175119,51.6,2400000,0xe0000
1781175120,51.0,2400000,0xe0000
1781175121,51.6,2400000,0xe0000
1781175122,52.1,2400000,0xe0000
1781175123,52.1,2400000,0xe0000
1781175124,52.1,2400000,0xe0000
1781175125,52.1,2400000,0xe0000
1781175126,51.6,2400000,0xe0000
1781175127,51.6,2400000,0xe0000
1781175128,52.1,2400000,0xe0000
1781175129,51.6,2400000,0xe0000
1781175130,52.7,2400000,0xe0000
1781175131,52.1,2400000,0xe0000
1781175132,52.1,2400000,0xe0000
1781175133,52.1,2400000,0xe0000
1781175134,51.6,2400000,0xe0000
1781175135,51.0,2400000,0xe0000
1781175136,51.6,2400000,0xe0000
1781175137,51.6,2400000,0xe0000
1781175139,51.6,2400000,0xe0000
1781175140,51.6,2400000,0xe0000
1781175141,52.1,2400000,0xe0000
1781175142,52.1,2400000,0xe0000
1781175143,51.6,2400000,0xe0000
1781175144,52.1,2400000,0xe0000
1781175145,52.7,2400000,0xe0000
1781175146,51.6,2400000,0xe0000
1781175147,51.6,2400000,0xe0000
1781175148,52.1,2400000,0xe0000
1781175149,51.6,2400000,0xe0000
1781175150,51.6,2400000,0xe0000
1781175151,52.1,2400000,0xe0000
1781175152,51.6,2400000,0xe0000
1781175153,52.1,2400000,0xe0000
1781175154,51.6,2400000,0xe0000
1781175155,52.1,2400000,0xe0000
1781175156,51.6,2400000,0xe0000
1781175157,52.1,2400000,0xe0000
1781175158,52.1,2400000,0xe0000
1781175159,52.1,2400000,0xe0000
1781175160,51.6,2400000,0xe0000
1781175161,52.1,2400000,0xe0000
1781175162,52.1,2400000,0xe0000
1781175163,51.6,2400000,0xe0000
1781175164,52.1,2400000,0xe0000
1781175165,51.0,2400000,0xe0000
1781175166,51.6,2400000,0xe0000
1781175167,52.1,2400000,0xe0000
1781175168,51.6,2400000,0xe0000
1781175169,51.6,2400000,0xe0000
1781175170,52.1,2400000,0xe0000
1781175171,51.0,2400000,0xe0000
1781175172,51.6,2400000,0xe0000
1781175173,51.0,2400000,0xe0000
1781175175,52.1,2400000,0xe0000
1781175176,52.1,2400000,0xe0000
1781175177,50.5,2400000,0xe0000
1781175178,51.0,2400000,0xe0000
1781175179,51.6,2400000,0xe0000
1781175180,51.6,2400000,0xe0000
1781175181,51.0,2400000,0xe0000
1781175182,51.6,2400000,0xe0000
1781175183,51.6,2400000,0xe0000
1781175184,52.7,2400000,0xe0000
1781175185,51.6,2400000,0xe0000
1781175186,51.6,2400000,0xe0000
1781175187,51.0,2400000,0xe0000
1781175188,52.1,2400000,0xe0000
1781175189,52.1,2400000,0xe0000
1781175190,52.1,2400000,0xe0000
1781175191,51.6,2400000,0xe0000
1781175192,52.1,2400000,0xe0000
1781175193,52.1,2400000,0xe0000
1781175194,51.6,2400000,0xe0000
1781175195,52.1,2400000,0xe0000
1781175196,52.1,2400000,0xe0000
1781175197,51.6,2400000,0xe0000
1781175198,52.1,2400000,0xe0000
1781175199,51.6,2400000,0xe0000
1781175200,52.1,2400000,0xe0000
1781175201,51.6,2400000,0xe0000
1781175203,52.1,2400000,0xe0000
1781175204,52.1,2400000,0xe0000
1781175205,51.6,2400000,0xe0000
1781175206,52.1,2400000,0xe0000
1781175207,51.6,2400000,0xe0000
1781175208,52.1,2400000,0xe0000
1781175209,52.7,2400000,0xe0000
1781175210,52.1,2400000,0xe0000
1781175211,51.6,2400000,0xe0000
1781175212,51.6,2400000,0xe0000
1781175213,51.0,2400000,0xe0000
1781175214,52.1,2400000,0xe0000
1781175215,51.6,2400000,0xe0000
1781175216,52.1,2400000,0xe0000
1781175217,52.1,2400000,0xe0000
1781175218,52.1,2400000,0xe0000
1781175219,52.1,2400000,0xe0000
1781175220,52.1,2400000,0xe0000
1781175221,50.5,2400000,0xe0000
1781175222,52.1,2400000,0xe0000
1781175223,52.1,2400000,0xe0000
1781175224,51.6,2400000,0xe0000
1781175225,51.6,2400000,0xe0000
1781175226,51.0,2400000,0xe0000
1781175227,51.6,2400000,0xe0000
1781175228,51.6,2400000,0xe0000
1781175229,51.6,2400000,0xe0000
1781175230,51.6,2400000,0xe0000
1781175232,52.1,2400000,0xe0000
1781175233,50.5,2400000,0xe0000
1781175234,52.1,2400000,0xe0000
1781175235,51.6,2400000,0xe0000
1781175236,52.1,2400000,0xe0000
1781175237,52.1,2400000,0xe0000
1781175238,52.1,2400000,0xe0000
1781175239,51.0,2400000,0xe0000
1781175240,51.0,2400000,0xe0000
1781175241,52.1,2400000,0xe0000
1781175242,51.6,2400000,0xe0000
1781175243,51.0,2400000,0xe0000
1781175244,51.6,2400000,0xe0000
1781175245,51.6,2400000,0xe0000
1781175246,51.6,2400000,0xe0000
1781175247,51.6,2400000,0xe0000
1781175248,52.1,2400000,0xe0000
1781175249,52.1,2400000,0xe0000
1781175250,51.6,2400000,0xe0000
1781175251,51.6,2400000,0xe0000
1781175252,52.1,2400000,0xe0000
1781175253,52.7,2400000,0xe0000
1781175254,51.6,2400000,0xe0000
1781175255,51.6,2400000,0xe0000
1781175256,51.0,2400000,0xe0000
1781175257,52.1,2400000,0xe0000
1781175258,51.6,2400000,0xe0000
1781175259,51.6,2400000,0xe0000
1781175260,52.1,2400000,0xe0000
1781175261,51.6,2400000,0xe0000
1781175262,52.1,2400000,0xe0000
1781175263,52.1,2400000,0xe0000
1781175264,51.6,2400000,0xe0000
1781175265,51.0,2400000,0xe0000
1781175266,52.1,2400000,0xe0000
1781175268,52.1,2400000,0xe0000
1781175269,51.6,2400000,0xe0000
1781175270,50.5,2400000,0xe0000
1781175271,51.6,2400000,0xe0000
1781175272,51.6,2400000,0xe0000
1781175273,51.0,2400000,0xe0000
1781175274,51.6,2400000,0xe0000
1781175275,52.1,2400000,0xe0000
1781175276,52.1,2400000,0xe0000
1781175277,51.0,2400000,0xe0000
1781175278,51.6,2400000,0xe0000
1781175279,52.1,2400000,0xe0000
1781175280,52.1,2400000,0xe0000
1781175281,51.6,2400000,0xe0000
1781175282,52.1,2400000,0xe0000
1781175283,52.1,2400000,0xe0000
1781175284,51.6,2400000,0xe0000
1781175285,51.6,2400000,0xe0000
1781175286,52.7,2400000,0xe0000
1781175287,51.6,2400000,0xe0000
1781175288,52.7,2400000,0xe0000
1781175289,52.1,2400000,0xe0000
1781175290,51.6,2400000,0xe0000
1781175291,52.7,2400000,0xe0000
1781175292,52.1,2400000,0xe0000
1781175293,51.6,2400000,0xe0000
1781175294,51.6,2400000,0xe0000
1781175295,52.1,2400000,0xe0000
1781175296,52.1,2400000,0xe0000
1781175297,51.6,2400000,0xe0000
1781175298,51.0,2400000,0xe0000
1781175299,52.1,2400000,0xe0000
1781175300,52.1,2400000,0xe0000
1781175301,52.1,2400000,0xe0000
1781175302,51.6,2400000,0xe0000
1781175304,52.1,2400000,0xe0000
1781175305,51.6,2400000,0xe0000
1781175306,52.1,2400000,0xe0000
1781175307,52.1,2400000,0xe0000
1781175308,51.6,2400000,0xe0000
1781175309,52.1,2400000,0xe0000
1781175310,52.7,2400000,0xe0000
1781175311,52.7,2400000,0xe0000
1781175312,52.1,2400000,0xe0000
1781175313,51.6,2400000,0xe0000
1781175314,52.1,2400000,0xe0000
1781175315,51.6,2400000,0xe0000
1781175316,52.1,2400000,0xe0000
1781175317,51.6,2400000,0xe0000
1781175318,52.1,2400000,0xe0000
1781175319,52.1,2400000,0xe0000
1781175320,51.6,2400000,0xe0000
1781175321,51.6,2400000,0xe0000
1781175322,52.1,2400000,0xe0000
1781175323,51.6,2400000,0xe0000
1781175324,52.1,2400000,0xe0000
1781175325,51.0,2400000,0xe0000
1781175326,52.1,2400000,0xe0000
1781175327,52.7,2400000,0xe0000
1781175328,51.0,2400000,0xe0000
1781175329,52.1,2400000,0xe0000
1781175330,51.6,2400000,0xe0000
1781175331,51.6,2400000,0xe0000
1781175333,51.6,2400000,0xe0000
1781175334,52.7,2400000,0xe0000
1781175335,52.1,2400000,0xe0000
1781175336,51.0,2400000,0xe0000
1781175337,52.1,2400000,0xe0000
1781175338,52.1,2400000,0xe0000
1781175339,52.1,2400000,0xe0000
1781175340,52.1,2400000,0xe0000
1781175341,51.6,2400000,0xe0000
1781175342,51.6,2400000,0xe0000
1781175343,52.1,2400000,0xe0000
1781175344,51.6,2400000,0xe0000
1781175345,51.6,2400000,0xe0000
1781175346,51.6,2400000,0xe0000
1781175347,52.1,2400000,0xe0000
1781175348,51.6,2400000,0xe0000
1781175349,51.0,2400000,0xe0000
1781175350,51.6,2400000,0xe0000
1781175351,51.6,2400000,0xe0000
1781175352,52.1,2400000,0xe0000
1781175353,52.1,2400000,0xe0000
1781175354,52.1,2400000,0xe0000
1781175355,51.0,2400000,0xe0000
1781175356,51.6,2400000,0xe0000
1781175357,51.6,2400000,0xe0000
1781175358,51.6,2400000,0xe0000
1781175359,51.0,2400000,0xe0000
1781175360,52.1,2400000,0xe0000
1781175361,52.1,2400000,0xe0000
1781175362,51.0,2400000,0xe0000
1781175363,52.1,2400000,0xe0000
1781175364,52.1,2400000,0xe0000
1781175365,51.6,2400000,0xe0000
1781175366,51.0,2400000,0xe0000
1781175367,51.6,2400000,0xe0000
1781175368,52.1,2400000,0xe0000
1781175369,51.6,2400000,0xe0000
1781175370,51.6,2400000,0xe0000
1781175371,51.6,2400000,0xe0000
1781175372,51.0,2400000,0xe0000
1781175373,52.1,2400000,0xe0000
1781175375,51.6,2400000,0xe0000
1781175376,51.6,2400000,0xe0000
1781175377,52.1,2400000,0xe0000
1781175378,51.0,2400000,0xe0000
1781175379,52.1,2400000,0xe0000
1781175380,52.1,2400000,0xe0000
1781175381,52.1,2400000,0xe0000
1781175382,52.1,2400000,0xe0000
1781175383,51.6,2400000,0xe0000
1781175384,51.0,2400000,0xe0000
1781175385,51.0,2400000,0xe0000
1781175386,51.6,2400000,0xe0000
1781175387,52.1,2400000,0xe0000
1781175388,52.1,2400000,0xe0000
1781175389,52.1,2400000,0xe0000
1781175390,52.1,2400000,0xe0000
1781175391,51.6,2400000,0xe0000
1781175392,51.6,2400000,0xe0000
1781175393,52.1,2400000,0xe0000
1781175394,52.1,2400000,0xe0000
1781175395,52.1,2400000,0xe0000
1781175396,52.1,2400000,0xe0000
1781175397,51.6,2400000,0xe0000
1781175398,52.1,2400000,0xe0000
1781175399,51.6,2400000,0xe0000
1781175400,51.6,2400000,0xe0000
1781175401,52.1,2400000,0xe0000
1781175402,51.6,2400000,0xe0000
1781175403,52.1,2400000,0xe0000
1781175404,52.1,2400000,0xe0000
1781175405,52.7,2400000,0xe0000
1781175406,51.6,2400000,0xe0000
1781175407,51.6,2400000,0xe0000
1781175408,52.1,2400000,0xe0000
1781175409,51.0,2400000,0xe0000
1781175410,52.1,2400000,0xe0000
1781175411,52.7,2400000,0xe0000
1781175413,52.1,2400000,0xe0000
1781175414,52.1,2400000,0xe0000
1781175415,51.0,2400000,0xe0000
1781175416,52.1,2400000,0xe0000
1781175417,52.1,2400000,0xe0000
1781175418,52.7,2400000,0xe0000
1781175419,51.0,2400000,0xe0000
1781175420,52.7,2400000,0xe0000
1781175421,51.0,2400000,0xe0000
1781175422,52.1,2400000,0xe0000
1781175423,51.6,2400000,0xe0000
1781175424,51.6,2400000,0xe0000
1781175425,51.6,2400000,0xe0000
1781175426,52.1,2400000,0xe0000
1781175427,51.0,2400000,0xe0000
1781175428,51.6,2400000,0xe0000
1781175429,51.6,2400000,0xe0000
1781175430,51.6,2400000,0xe0000
1781175431,51.0,2400000,0xe0000
1781175432,51.6,2400000,0xe0000
1781175433,51.6,2400000,0xe0000
1781175434,52.1,2400000,0xe0000
1781175436,52.1,2400000,0xe0000
1781175437,51.0,2400000,0xe0000
1781175438,52.1,2400000,0xe0000
1781175439,51.0,2400000,0xe0000
1781175440,52.1,2400000,0xe0000
1781175441,51.6,2400000,0xe0000
1781175442,51.6,2400000,0xe0000
1781175443,51.6,2400000,0xe0000
1781175444,52.1,2400000,0xe0000
1781175445,52.1,2400000,0xe0000
1781175446,52.1,2400000,0xe0000
1781175447,51.6,2400000,0xe0000
1781175448,51.6,2400000,0xe0000
1781175449,51.6,2400000,0xe0000
1781175450,52.7,2400000,0xe0000
1781175451,51.6,2400000,0xe0000
1781175452,51.6,2400000,0xe0000
1781175453,52.1,2400000,0xe0000
1781175454,52.1,2400000,0xe0000
1781175455,52.1,2400000,0xe0000
1781175456,51.6,2400000,0xe0000
1781175457,52.1,2400000,0xe0000
1781175458,51.6,2400000,0xe0000
1781175459,51.6,2400000,0xe0000
1781175460,51.6,2400000,0xe0000
1781175461,52.1,2400000,0xe0000
1781175462,51.6,2400000,0xe0000
1781175463,51.6,2400000,0xe0000
1781175464,52.1,2400000,0xe0000
1781175465,52.1,2400000,0xe0000
1781175466,52.1,2400000,0xe0000
1781175467,52.1,2400000,0xe0000
1781175468,52.1,2400000,0xe0000
1781175469,50.5,2400000,0xe0000
1781175470,51.6,2400000,0xe0000
1781175472,51.6,2400000,0xe0000
1781175473,52.1,2400000,0xe0000
1781175474,52.7,2400000,0xe0000
1781175475,51.6,2400000,0xe0000
1781175476,51.6,2400000,0xe0000
1781175477,52.1,2400000,0xe0000
1781175478,51.6,2400000,0xe0000
1781175479,52.1,2400000,0xe0000
1781175480,52.1,2400000,0xe0000
1781175481,51.6,2400000,0xe0000
1781175482,51.6,2400000,0xe0000
1781175483,51.6,2400000,0xe0000
1781175484,51.6,2400000,0xe0000
1781175485,51.6,2400000,0xe0000
1781175486,51.6,2400000,0xe0000
1781175487,51.6,2400000,0xe0000
1781175488,51.0,2400000,0xe0000
1781175489,52.1,2400000,0xe0000
1781175490,51.0,2400000,0xe0000
1781175491,51.0,2400000,0xe0000
1781175492,52.1,2400000,0xe0000
1781175493,51.0,2400000,0xe0000
1781175494,51.6,2400000,0xe0000
1781175495,52.7,2400000,0xe0000
1781175496,52.1,2400000,0xe0000
1781175497,52.1,2400000,0xe0000
1781175498,51.6,2400000,0xe0000
1781175499,51.6,2400000,0xe0000
1781175500,52.1,2400000,0xe0000
1781175501,49.9,2400000,0xe0000
1781175502,50.5,2400000,0xe0000
1781175504,52.1,2400000,0xe0000
1781175505,52.1,2400000,0xe0000
1781175506,51.6,2400000,0xe0000
1781175507,52.1,2400000,0xe0000
1781175508,51.6,2400000,0xe0000
1781175509,51.0,2400000,0xe0000
1781175510,51.0,2400000,0xe0000
1781175511,51.6,2400000,0xe0000
1781175512,51.0,2400000,0xe0000
1781175513,50.5,2400000,0xe0000
1781175514,52.1,2400000,0xe0000
1781175515,51.6,2400000,0xe0000
1781175516,50.5,2400000,0xe0000
1781175517,51.0,2400000,0xe0000
1781175518,50.5,2400000,0xe0000
1781175519,52.1,2400000,0xe0000
1781175520,51.6,2400000,0xe0000
1781175521,52.1,2400000,0xe0000
1781175522,52.1,2400000,0xe0000
1781175523,51.0,2400000,0xe0000
1781175524,50.5,2400000,0xe0000
1781175525,51.0,2400000,0xe0000
1781175526,51.0,2400000,0xe0000
1781175527,51.6,2400000,0xe0000
1781175528,52.1,2400000,0xe0000
1781175529,52.1,2400000,0xe0000
1781175530,52.1,2400000,0xe0000
1781175531,51.6,2400000,0xe0000
1781175532,52.1,2400000,0xe0000
1781175533,51.6,2400000,0xe0000
1781175534,52.1,2400000,0xe0000
1781175535,52.1,2400000,0xe0000
1781175536,51.6,2400000,0xe0000
1781175537,51.0,2400000,0xe0000
1781175538,52.1,2400000,0xe0000
1781175539,52.1,2400000,0xe0000
1781175540,51.6,2400000,0xe0000
1781175541,51.6,2400000,0xe0000
1781175543,52.1,2400000,0xe0000
1781175544,51.6,2400000,0xe0000
1781175545,51.6,2400000,0xe0000
1781175546,51.6,2400000,0xe0000
1781175547,52.1,2400000,0xe0000
1781175548,52.1,2400000,0xe0000
1781175549,51.6,2400000,0xe0000
1781175550,52.1,2400000,0xe0000
1781175551,52.7,2400000,0xe0000
1781175552,51.6,2400000,0xe0000
1781175553,52.1,2400000,0xe0000
1781175554,52.1,2400000,0xe0000
1781175555,52.1,2400000,0xe0000
1781175556,51.6,2400000,0xe0000
1781175557,51.6,2400000,0xe0000
1781175558,51.0,2400000,0xe0000
1781175559,51.6,2400000,0xe0000
1781175560,51.6,2400000,0xe0000
1781175561,51.6,2400000,0xe0000
1781175562,52.1,2400000,0xe0000
1781175563,51.6,2400000,0xe0000
1781175564,51.6,2400000,0xe0000
1781175565,52.1,2400000,0xe0000
1781175566,52.1,2400000,0xe0000
1781175567,51.6,2400000,0xe0000
1781175568,52.1,2400000,0xe0000
1781175569,52.1,2400000,0xe0000
1781175570,50.5,2400000,0xe0000
1781175571,51.6,2400000,0xe0000
1781175572,52.1,2400000,0xe0000
1781175573,51.6,2400000,0xe0000
1781175574,52.1,2400000,0xe0000
1781175575,51.6,2400000,0xe0000
1781175576,52.1,2400000,0xe0000
1781175577,52.1,2400000,0xe0000
1781175578,52.1,2400000,0xe0000
1781175579,52.7,2400000,0xe0000
1781175580,51.6,2400000,0xe0000
1781175581,52.1,2400000,0xe0000
1781175582,52.1,2400000,0xe0000
1781175583,51.6,2400000,0xe0000
1781175584,52.1,2400000,0xe0000
1781175585,52.7,2400000,0xe0000
1781175586,51.6,2400000,0xe0000
1781175587,52.1,2400000,0xe0000
1781175589,52.1,2400000,0xe0000
1781175590,50.5,2400000,0xe0000
1781175591,52.7,2400000,0xe0000
1781175592,52.1,2400000,0xe0000
1781175593,51.0,2400000,0xe0000
1781175594,51.6,2400000,0xe0000
1781175595,52.1,2400000,0xe0000
1781175596,51.6,2400000,0xe0000
1781175597,51.6,2400000,0xe0000
1781175598,51.6,2400000,0xe0000
1781175599,52.1,2400000,0xe0000
1781175600,51.6,2400000,0xe0000
1781175601,52.1,2400000,0xe0000
1781175602,52.1,2400000,0xe0000
1781175603,52.1,2400000,0xe0000
1781175604,51.6,2400000,0xe0000
1781175605,52.1,2400000,0xe0000
1781175606,52.1,2400000,0xe0000
1781175607,51.6,2400000,0xe0000
1781175608,51.6,2400000,0xe0000
1781175609,52.1,2400000,0xe0000
1781175610,52.1,2400000,0xe0000
1781175611,51.0,2400000,0xe0000
1781175612,52.1,2400000,0xe0000
1781175613,52.1,2400000,0xe0000
1781175614,52.1,2400000,0xe0000
1781175615,52.1,2400000,0xe0000
1781175616,52.1,2400000,0xe0000
1781175617,51.6,2400000,0xe0000
1781175618,51.6,2400000,0xe0000
1781175619,52.1,2400000,0xe0000
1781175620,52.1,2400000,0xe0000
1781175621,52.1,2400000,0xe0000
1781175622,51.6,2400000,0xe0000
1781175624,52.1,2400000,0xe0000
1781175625,52.1,2400000,0xe0000
1781175626,51.6,2400000,0xe0000
1781175627,51.6,2400000,0xe0000
1781175628,51.6,2400000,0xe0000
1781175629,52.1,2400000,0xe0000
1781175630,51.0,2400000,0xe0000
1781175631,51.6,2400000,0xe0000
1781175632,51.6,2400000,0xe0000
1781175633,52.1,2400000,0xe0000
1781175634,52.1,2400000,0xe0000
1781175635,51.6,2400000,0xe0000
1781175636,51.6,2400000,0xe0000
1781175637,52.1,2400000,0xe0000
1781175638,51.6,2400000,0xe0000
1781175639,51.6,2400000,0xe0000
1781175640,52.1,2400000,0xe0000
1781175641,52.1,2400000,0xe0000
1781175642,52.1,2400000,0xe0000
1781175643,51.6,2400000,0xe0000
1781175644,52.1,2400000,0xe0000
1781175645,52.1,2400000,0xe0000
1781175646,52.1,2400000,0xe0000
1781175647,51.6,2400000,0xe0000
1781175648,52.1,2400000,0xe0000
1781175649,51.0,2400000,0xe0000
1781175650,52.7,2400000,0xe0000
1781175651,51.6,2400000,0xe0000
1781175652,52.1,2400000,0xe0000
1781175654,52.1,2400000,0xe0000
1781175655,52.7,2400000,0xe0000
1781175656,51.6,2400000,0xe0000
1781175657,52.1,2400000,0xe0000
1781175658,51.6,2400000,0xe0000
1781175659,51.6,2400000,0xe0000
1781175660,51.6,2400000,0xe0000
1781175661,52.1,2400000,0xe0000
1781175662,52.1,2400000,0xe0000
1781175663,51.6,2400000,0xe0000
1781175664,52.1,2400000,0xe0000
1781175665,51.0,2400000,0xe0000
1781175666,51.6,2400000,0xe0000
1781175667,52.1,2400000,0xe0000
1781175668,52.1,2400000,0xe0000
1781175669,52.1,2400000,0xe0000
1781175670,51.6,2400000,0xe0000
1781175671,52.1,2400000,0xe0000
1781175672,51.6,2400000,0xe0000
1781175673,52.1,2400000,0xe0000
1781175674,52.7,2400000,0xe0000
1781175675,51.6,2400000,0xe0000
1781175676,52.1,2400000,0xe0000
1781175677,52.1,2400000,0xe0000
1781175678,51.6,2400000,0xe0000
1781175679,51.0,2400000,0xe0000
1781175680,51.6,2400000,0xe0000
1781175681,51.6,2400000,0xe0000
1781175682,51.0,2400000,0xe0000
1781175683,51.0,2400000,0xe0000
1781175684,51.6,2400000,0xe0000
1781175685,52.1,2400000,0xe0000
1781175686,52.1,2400000,0xe0000
1781175687,52.1,2400000,0xe0000
1781175688,51.6,2400000,0xe0000
1781175689,51.6,2400000,0xe0000
1781175690,51.6,2400000,0xe0000
1781175691,52.1,2400000,0xe0000
1781175692,52.1,2400000,0xe0000
1781175694,51.6,2400000,0xe0000
1781175695,51.6,2400000,0xe0000
1781175696,51.0,2400000,0xe0000
1781175697,51.0,2400000,0xe0000
1781175698,51.6,2400000,0xe0000
1781175699,51.6,2400000,0xe0000
1781175700,51.6,2400000,0xe0000
1781175701,52.1,2400000,0xe0000
1781175702,51.0,2400000,0xe0000
1781175703,52.1,2400000,0xe0000
1781175704,52.1,2400000,0xe0000
1781175705,52.1,2400000,0xe0000
1781175706,52.1,2400000,0xe0000
1781175707,52.1,2400000,0xe0000
1781175708,52.1,2400000,0xe0000
1781175709,52.1,2400000,0xe0000
1781175710,52.1,2400000,0xe0000
1781175711,51.6,2400000,0xe0000
1781175712,51.0,2400000,0xe0000
1781175713,52.1,2400000,0xe0000
1781175714,51.6,2400000,0xe0000
1781175715,51.6,2400000,0xe0000
1781175716,52.1,2400000,0xe0000
1781175717,52.1,2400000,0xe0000
1781175718,51.0,2400000,0xe0000
1781175719,52.1,2400000,0xe0000
1781175720,51.0,2400000,0xe0000
1781175722,51.6,2400000,0xe0000
1781175723,52.1,2400000,0xe0000
1781175724,52.1,2400000,0xe0000
1781175725,52.1,2400000,0xe0000
1781175726,51.6,2400000,0xe0000
1781175727,51.6,2400000,0xe0000
1781175728,51.6,2400000,0xe0000
1781175729,52.1,2400000,0xe0000
1781175730,51.6,2400000,0xe0000
1781175731,52.1,2400000,0xe0000
1781175732,51.6,2400000,0xe0000
1781175733,51.6,2400000,0xe0000
1781175734,51.6,2400000,0xe0000
1781175735,51.6,2400000,0xe0000
1781175736,51.6,2400000,0xe0000
1781175737,51.0,2400000,0xe0000
1781175738,51.6,2400000,0xe0000
1781175739,52.1,2400000,0xe0000
1781175740,52.1,2400000,0xe0000
1781175741,52.1,2400000,0xe0000
1781175742,51.6,2400000,0xe0000
1781175743,51.0,2400000,0xe0000
1781175744,52.1,2400000,0xe0000
1781175745,52.1,2400000,0xe0000
1781175747,51.6,2400000,0xe0000
1781175748,51.6,2400000,0xe0000
1781175749,51.6,2400000,0xe0000
1781175750,51.6,2400000,0xe0000
1781175751,52.1,2400000,0xe0000
1781175752,51.6,2400000,0xe0000
1781175753,51.6,2400000,0xe0000
1781175754,51.6,2400000,0xe0000
1781175755,51.0,2400000,0xe0000
1781175756,52.1,2400000,0xe0000
1781175757,52.1,2400000,0xe0000
1781175758,52.1,2400000,0xe0000
1781175759,51.0,2400000,0xe0000
1781175760,51.6,2400000,0xe0000
1781175761,52.1,2400000,0xe0000
1781175762,51.6,2400000,0xe0000
1781175763,51.6,2400000,0xe0000
1781175764,51.6,2400000,0xe0000
1781175765,51.6,2400000,0xe0000
1781175766,52.7,2400000,0xe0000
1781175767,51.6,2400000,0xe0000
1781175768,51.6,2400000,0xe0000
1781175769,51.6,2400000,0xe0000
1781175770,51.6,2400000,0xe0000
1781175771,51.0,2400000,0xe0000
1781175772,51.0,2400000,0xe0000
1781175773,52.1,2400000,0xe0000
1781175774,52.7,2400000,0xe0000
