1781175897,49.9,2400000,0xe0000
1781175898,50.5,2400000,0xe0000
1781175899,50.5,2400000,0xe0000
1781175900,49.9,2400000,0xe0000
1781175901,51.0,2400000,0xe0000
1781175902,51.0,2400000,0xe0000
1781175903,51.0,2400000,0xe0000
1781175904,51.0,2400000,0xe0000
1781175905,51.6,2400000,0xe0000
1781175906,51.0,2400000,0xe0000
1781175907,51.6,2400000,0xe0000
1781175908,51.0,2400000,0xe0000
1781175909,51.0,2400000,0xe0000
1781175910,51.0,2400000,0xe0000
1781175911,52.1,2400000,0xe0000
1781175912,51.0,2400000,0xe0000
1781175913,51.6,2400000,0xe0000
1781175915,51.0,2400000,0xe0000
1781175916,51.6,2400000,0xe0000
1781175917,51.6,2400000,0xe0000
1781175918,51.6,2400000,0xe0000
1781175919,51.6,2400000,0xe0000
1781175920,51.6,2400000,0xe0000
1781175921,52.1,2400000,0xe0000
1781175922,52.7,2400000,0xe0000
1781175923,51.6,2400000,0xe0000
1781175924,51.6,2400000,0xe0000
1781175925,51.6,2400000,0xe0000
1781175926,51.6,2400000,0xe0000
1781175927,51.6,2400000,0xe0000
1781175928,51.6,2400000,0xe0000
1781175929,52.1,2400000,0xe0000
1781175930,52.1,2400000,0xe0000
1781175931,52.1,2400000,0xe0000
1781175932,51.6,2400000,0xe0000
1781175933,52.1,2400000,0xe0000
1781175934,51.6,2400000,0xe0000
1781175935,52.1,2400000,0xe0000
1781175936,52.1,2400000,0xe0000
1781175937,52.1,2400000,0xe0000
1781175938,52.1,2400000,0xe0000
1781175939,52.1,2400000,0xe0000
1781175941,52.7,2400000,0xe0000
1781175942,52.1,2400000,0xe0000
1781175943,52.1,2400000,0xe0000
1781175944,52.7,2400000,0xe0000
1781175945,52.1,2400000,0xe0000
1781175946,52.1,2400000,0xe0000
1781175947,52.1,2400000,0xe0000
1781175948,52.1,2400000,0xe0000
1781175949,52.1,2400000,0xe0000
1781175950,52.7,2400000,0xe0000
1781175951,52.7,2400000,0xe0000
1781175952,52.7,2400000,0xe0000
1781175953,52.1,2400000,0xe0000
1781175954,52.7,2400000,0xe0000
1781175955,52.1,2400000,0xe0000
1781175956,52.7,2400000,0xe0000
1781175957,52.7,2400000,0xe0000
1781175958,52.7,2400000,0xe0000
1781175959,52.7,2400000,0xe0000
1781175960,52.7,2400000,0xe0000
1781175961,53.2,2400000,0xe0000
1781175962,52.7,2400000,0xe0000
1781175963,52.7,2400000,0xe0000
1781175964,53.2,2400000,0xe0000
1781175966,52.7,2400000,0xe0000
1781175967,52.7,2400000,0xe0000
1781175968,53.8,2400000,0xe0000
1781175969,52.1,2400000,0xe0000
1781175970,53.2,2400000,0xe0000
1781175971,53.8,2400000,0xe0000
1781175972,52.7,2400000,0xe0000
1781175973,53.2,2400000,0xe0000
1781175974,53.8,2400000,0xe0000
1781175975,53.2,2400000,0xe0000
1781175976,53.2,2400000,0xe0000
1781175977,52.7,2400000,0xe0000
1781175978,53.2,2400000,0xe0000
1781175979,53.8,2400000,0xe0000
1781175980,53.2,2400000,0xe0000
1781175981,52.1,2400000,0xe0000
1781175982,52.7,2400000,0xe0000
1781175983,52.1,2400000,0xe0000
1781175985,53.2,2400000,0xe0000
1781175986,53.2,2400000,0xe0000
1781175987,52.7,2400000,0xe0000
1781175988,53.8,2400000,0xe0000
1781175989,53.2,2400000,0xe0000
1781175990,53.8,2400000,0xe0000
1781175991,53.2,2400000,0xe0000
1781175992,53.8,2400000,0xe0000
1781175993,53.2,2400000,0xe0000
1781175994,52.7,2400000,0xe0000
1781175995,54.3,2400000,0xe0000
1781175996,53.2,2400000,0xe0000
1781175997,53.8,2400000,0xe0000
1781175998,53.2,2400000,0xe0000
1781175999,53.8,2400000,0xe0000
1781176000,53.8,2400000,0xe0000
1781176001,54.3,2400000,0xe0000
1781176002,53.8,2400000,0xe0000
1781176003,53.8,2400000,0xe0000
1781176004,53.2,2400000,0xe0000
1781176005,53.8,2400000,0xe0000
1781176006,53.8,2400000,0xe0000
1781176007,53.8,2400000,0xe0000
1781176008,53.2,2400000,0xe0000
1781176009,53.2,2400000,0xe0000
1781176010,53.8,2400000,0xe0000
1781176011,53.8,2400000,0xe0000
1781176012,53.8,2400000,0xe0000
1781176013,53.8,2400000,0xe0000
1781176015,53.2,2400000,0xe0000
1781176016,53.8,2400000,0xe0000
1781176017,54.3,2400000,0xe0000
1781176018,53.8,2400000,0xe0000
1781176019,54.9,2400000,0xe0000
1781176020,54.3,2400000,0xe0000
1781176021,54.3,2400000,0xe0000
1781176022,53.8,2400000,0xe0000
1781176023,53.8,2400000,0xe0000
1781176024,53.8,2400000,0xe0000
1781176025,54.9,2400000,0xe0000
1781176026,53.8,2400000,0xe0000
1781176027,54.3,2400000,0xe0000
1781176028,53.8,2400000,0xe0000
1781176029,53.8,2400000,0xe0000
1781176030,54.3,2400000,0xe0000
1781176031,53.8,2400000,0xe0000
1781176032,53.8,2400000,0xe0000
1781176033,54.3,2400000,0xe0000
1781176034,54.3,2400000,0xe0000
1781176035,54.9,2400000,0xe0000
1781176036,54.3,2400000,0xe0000
1781176037,54.3,2400000,0xe0000
1781176039,53.8,2400000,0xe0000
1781176040,54.3,2400000,0xe0000
1781176041,54.3,2400000,0xe0000
1781176042,54.3,2400000,0xe0000
1781176043,54.9,2400000,0xe0000
1781176044,53.8,2400000,0xe0000
1781176045,54.3,2400000,0xe0000
1781176046,54.9,2400000,0xe0000
1781176047,54.3,2400000,0xe0000
1781176048,54.9,2400000,0xe0000
1781176049,54.3,2400000,0xe0000
1781176050,54.3,2400000,0xe0000
1781176051,53.8,2400000,0xe0000
1781176052,54.3,2400000,0xe0000
1781176053,54.9,2400000,0xe0000
1781176054,54.3,2400000,0xe0000
1781176055,54.3,2400000,0xe0000
1781176056,54.3,2400000,0xe0000
1781176057,54.3,2400000,0xe0000
1781176058,54.9,2400000,0xe0000
1781176059,54.3,2400000,0xe0000
1781176061,53.8,2400000,0xe0000
1781176062,54.9,2400000,0xe0000
1781176063,54.3,2400000,0xe0000
1781176064,54.3,2400000,0xe0000
1781176065,54.9,2400000,0xe0000
1781176066,54.9,2400000,0xe0000
1781176067,54.3,2400000,0xe0000
1781176068,54.9,2400000,0xe0000
1781176069,54.3,2400000,0xe0000
1781176070,54.3,2400000,0xe0000
1781176071,54.3,2400000,0xe0000
1781176072,54.3,2400000,0xe0000
1781176073,54.3,2400000,0xe0000
1781176074,53.8,2400000,0xe0000
1781176075,54.3,2400000,0xe0000
1781176076,54.3,2400000,0xe0000
1781176077,53.8,2400000,0xe0000
1781176078,54.9,2400000,0xe0000
1781176079,54.3,2400000,0xe0000
1781176080,54.9,2400000,0xe0000
1781176081,53.8,2400000,0xe0000
1781176082,54.3,2400000,0xe0000
1781176083,54.9,2400000,0xe0000
1781176085,53.8,2400000,0xe0000
1781176086,54.3,2400000,0xe0000
1781176087,54.3,2400000,0xe0000
1781176088,54.9,2400000,0xe0000
1781176089,53.8,2400000,0xe0000
1781176090,54.3,2400000,0xe0000
1781176091,54.3,2400000,0xe0000
1781176092,54.9,2400000,0xe0000
1781176093,54.9,2400000,0xe0000
1781176094,54.9,2400000,0xe0000
1781176095,54.9,2400000,0xe0000
1781176096,54.9,2400000,0xe0000
1781176097,54.3,2400000,0xe0000
1781176098,54.9,2400000,0xe0000
1781176099,55.4,2400000,0xe0000
1781176100,54.9,2400000,0xe0000
1781176101,54.9,2400000,0xe0000
1781176102,54.3,2400000,0xe0000
1781176103,54.9,2400000,0xe0000
1781176104,55.4,2400000,0xe0000
1781176105,54.3,2400000,0xe0000
1781176106,54.9,2400000,0xe0000
1781176107,54.9,2400000,0xe0000
1781176108,54.9,2400000,0xe0000
1781176109,54.3,2400000,0xe0000
1781176110,54.9,2400000,0xe0000
1781176112,54.9,2400000,0xe0000
1781176113,55.4,2400000,0xe0000
1781176114,54.9,2400000,0xe0000
1781176115,54.9,2400000,0xe0000
1781176116,54.9,2400000,0xe0000
1781176117,55.4,2400000,0xe0000
1781176118,54.3,2400000,0xe0000
1781176119,54.9,2400000,0xe0000
1781176120,54.9,2400000,0xe0000
1781176121,54.9,2400000,0xe0000
1781176122,54.9,2400000,0xe0000
1781176123,55.4,2400000,0xe0000
1781176124,56.0,2400000,0xe0000
1781176125,54.9,2400000,0xe0000
1781176126,54.9,2400000,0xe0000
1781176127,55.4,2400000,0xe0000
1781176128,55.4,2400000,0xe0000
1781176129,55.4,2400000,0xe0000
1781176130,55.4,2400000,0xe0000
1781176131,54.9,2400000,0xe0000
1781176132,55.4,2400000,0xe0000
1781176133,56.0,2400000,0xe0000
1781176134,54.3,2400000,0xe0000
1781176135,56.0,2400000,0xe0000
1781176137,54.9,2400000,0xe0000
1781176138,54.9,2400000,0xe0000
1781176139,54.9,2400000,0xe0000
1781176140,53.2,2400000,0xe0000
1781176141,54.9,2400000,0xe0000
1781176142,55.4,2400000,0xe0000
1781176143,55.4,2400000,0xe0000
1781176144,55.4,2400000,0xe0000
1781176145,55.4,2400000,0xe0000
1781176146,54.9,2400000,0xe0000
1781176147,53.8,2400000,0xe0000
1781176148,56.0,2400000,0xe0000
1781176149,55.4,2400000,0xe0000
1781176150,54.9,2400000,0xe0000
1781176151,55.4,2400000,0xe0000
1781176152,54.9,2400000,0xe0000
1781176153,55.4,2400000,0xe0000
1781176154,54.9,2400000,0xe0000
1781176155,55.4,2400000,0xe0000
1781176156,54.9,2400000,0xe0000
1781176157,56.0,2400000,0xe0000
1781176158,54.3,2400000,0xe0000
1781176159,55.4,2400000,0xe0000
1781176160,54.9,2400000,0xe0000
1781176162,54.9,2400000,0xe0000
1781176163,55.4,2400000,0xe0000
1781176164,55.4,2400000,0xe0000
1781176165,55.4,2400000,0xe0000
1781176166,56.0,2400000,0xe0000
1781176167,55.4,2400000,0xe0000
1781176168,54.9,2400000,0xe0000
1781176169,54.9,2400000,0xe0000
1781176170,55.4,2400000,0xe0000
1781176171,55.4,2400000,0xe0000
1781176172,55.4,2400000,0xe0000
1781176173,54.9,2400000,0xe0000
1781176174,56.0,2400000,0xe0000
1781176175,55.4,2400000,0xe0000
1781176176,55.4,2400000,0xe0000
1781176177,54.9,2400000,0xe0000
1781176178,55.4,2400000,0xe0000
1781176179,54.3,2400000,0xe0000
1781176180,55.4,2400000,0xe0000
1781176181,55.4,2400000,0xe0000
1781176182,55.4,2400000,0xe0000
1781176183,55.4,2400000,0xe0000
1781176184,55.4,2400000,0xe0000
1781176185,54.3,2400000,0xe0000
1781176187,54.9,2400000,0xe0000
1781176188,55.4,2400000,0xe0000
1781176189,55.4,2400000,0xe0000
1781176190,54.9,2400000,0xe0000
1781176191,55.4,2400000,0xe0000
1781176192,55.4,2400000,0xe0000
1781176193,55.4,2400000,0xe0000
1781176194,55.4,2400000,0xe0000
1781176195,55.4,2400000,0xe0000
1781176196,55.4,2400000,0xe0000
1781176197,55.4,2400000,0xe0000
1781176198,54.3,2400000,0xe0000
1781176199,55.4,2400000,0xe0000
1781176200,54.9,2400000,0xe0000
1781176201,55.4,2400000,0xe0000
1781176202,55.4,2400000,0xe0000
1781176203,56.0,2400000,0xe0000
1781176204,56.0,2400000,0xe0000
1781176205,55.4,2400000,0xe0000
1781176206,55.4,2400000,0xe0000
1781176207,55.4,2400000,0xe0000
1781176208,55.4,2400000,0xe0000
1781176209,55.4,2400000,0xe0000
1781176210,54.3,2400000,0xe0000
1781176211,55.4,2400000,0xe0000
1781176212,54.9,2400000,0xe0000
1781176213,54.9,2400000,0xe0000
1781176214,54.9,2400000,0xe0000
1781176215,54.9,2400000,0xe0000
1781176217,56.0,2400000,0xe0000
1781176218,54.9,2400000,0xe0000
1781176219,55.4,2400000,0xe0000
1781176220,55.4,2400000,0xe0000
1781176221,55.4,2400000,0xe0000
1781176222,55.4,2400000,0xe0000
1781176223,54.9,2400000,0xe0000
1781176224,54.9,2400000,0xe0000
1781176225,55.4,2400000,0xe0000
1781176226,55.4,2400000,0xe0000
1781176227,55.4,2400000,0xe0000
1781176228,55.4,2400000,0xe0000
1781176229,54.9,2400000,0xe0000
1781176230,56.0,2400000,0xe0000
1781176231,55.4,2400000,0xe0000
1781176232,55.4,2400000,0xe0000
1781176233,55.4,2400000,0xe0000
1781176234,55.4,2400000,0xe0000
1781176235,55.4,2400000,0xe0000
1781176236,55.4,2400000,0xe0000
1781176237,56.0,2400000,0xe0000
1781176238,55.4,2400000,0xe0000
1781176239,55.4,2400000,0xe0000
1781176240,55.4,2400000,0xe0000
1781176241,55.4,2400000,0xe0000
1781176242,55.4,2400000,0xe0000
1781176244,55.4,2400000,0xe0000
1781176245,55.4,2400000,0xe0000
1781176246,55.4,2400000,0xe0000
1781176247,55.4,2400000,0xe0000
1781176248,56.0,2400000,0xe0000
1781176249,56.0,2400000,0xe0000
1781176250,55.4,2400000,0xe0000
1781176251,56.0,2400000,0xe0000
1781176252,54.9,2400000,0xe0000
1781176253,54.9,2400000,0xe0000
1781176254,55.4,2400000,0xe0000
1781176255,54.9,2400000,0xe0000
1781176256,55.4,2400000,0xe0000
1781176257,55.4,2400000,0xe0000
1781176258,56.0,2400000,0xe0000
1781176259,56.0,2400000,0xe0000
1781176260,56.0,2400000,0xe0000
1781176261,55.4,2400000,0xe0000
1781176262,54.9,2400000,0xe0000
1781176263,55.4,2400000,0xe0000
1781176264,55.4,2400000,0xe0000
1781176265,55.4,2400000,0xe0000
1781176266,54.9,2400000,0xe0000
1781176267,55.4,2400000,0xe0000
1781176269,56.0,2400000,0xe0000
1781176270,56.0,2400000,0xe0000
1781176271,55.4,2400000,0xe0000
1781176272,55.4,2400000,0xe0000
1781176273,54.9,2400000,0xe0000
1781176274,55.4,2400000,0xe0000
1781176275,56.0,2400000,0xe0000
1781176276,56.0,2400000,0xe0000
1781176277,55.4,2400000,0xe0000
1781176278,56.0,2400000,0xe0000
1781176279,55.4,2400000,0xe0000
1781176280,55.4,2400000,0xe0000
1781176281,54.3,2400000,0xe0000
1781176282,56.0,2400000,0xe0000
1781176283,55.4,2400000,0xe0000
1781176284,54.9,2400000,0xe0000
1781176285,54.9,2400000,0xe0000
1781176287,55.4,2400000,0xe0000
1781176288,55.4,2400000,0xe0000
1781176289,55.4,2400000,0xe0000
1781176290,55.4,2400000,0xe0000
1781176291,54.9,2400000,0xe0000
1781176292,55.4,2400000,0xe0000
1781176293,56.0,2400000,0xe0000
1781176294,56.0,2400000,0xe0000
1781176295,54.9,2400000,0xe0000
1781176296,56.0,2400000,0xe0000
1781176297,55.4,2400000,0xe0000
1781176298,55.4,2400000,0xe0000
1781176299,55.4,2400000,0xe0000
1781176300,54.9,2400000,0xe0000
1781176301,56.0,2400000,0xe0000
1781176302,55.4,2400000,0xe0000
1781176304,55.4,2400000,0xe0000
1781176305,55.4,2400000,0xe0000
1781176306,56.0,2400000,0xe0000
1781176307,56.0,2400000,0xe0000
1781176308,56.5,2400000,0xe0000
1781176309,56.0,2400000,0xe0000
1781176310,55.4,2400000,0xe0000
1781176311,55.4,2400000,0xe0000
1781176312,56.0,2400000,0xe0000
1781176313,54.9,2400000,0xe0000
1781176314,55.4,2400000,0xe0000
1781176315,55.4,2400000,0xe0000
1781176316,55.4,2400000,0xe0000
1781176317,55.4,2400000,0xe0000
1781176318,55.4,2400000,0xe0000
1781176319,55.4,2400000,0xe0000
1781176320,55.4,2400000,0xe0000
1781176321,55.4,2400000,0xe0000
1781176322,56.0,2400000,0xe0000
1781176323,56.5,2400000,0xe0000
1781176324,54.9,2400000,0xe0000
1781176326,55.4,2400000,0xe0000
1781176327,56.0,2400000,0xe0000
1781176328,55.4,2400000,0xe0000
1781176329,54.9,2400000,0xe0000
1781176330,56.0,2400000,0xe0000
1781176331,55.4,2400000,0xe0000
1781176332,56.0,2400000,0xe0000
1781176333,56.0,2400000,0xe0000
1781176334,56.5,2400000,0xe0000
1781176335,56.0,2400000,0xe0000
1781176336,56.0,2400000,0xe0000
1781176337,56.0,2400000,0xe0000
1781176338,55.4,2400000,0xe0000
1781176339,56.0,2400000,0xe0000
1781176340,56.0,2400000,0xe0000
1781176341,56.0,2400000,0xe0000
1781176342,54.9,2400000,0xe0000
1781176343,55.4,2400000,0xe0000
1781176344,55.4,2400000,0xe0000
1781176345,55.4,2400000,0xe0000
1781176346,56.0,2400000,0xe0000
1781176347,55.4,2400000,0xe0000
1781176348,54.3,2400000,0xe0000
1781176349,56.0,2400000,0xe0000
1781176350,56.0,2400000,0xe0000
1781176352,55.4,2400000,0xe0000
1781176353,56.0,2400000,0xe0000
1781176354,56.0,2400000,0xe0000
1781176355,54.9,2400000,0xe0000
1781176356,56.0,2400000,0xe0000
1781176357,56.0,2400000,0xe0000
1781176358,55.4,2400000,0xe0000
1781176359,56.0,2400000,0xe0000
1781176360,56.0,2400000,0xe0000
1781176361,55.4,2400000,0xe0000
1781176362,56.0,2400000,0xe0000
1781176363,55.4,2400000,0xe0000
1781176364,56.0,2400000,0xe0000
1781176365,56.0,2400000,0xe0000
1781176366,56.0,2400000,0xe0000
1781176367,56.0,2400000,0xe0000
1781176368,55.4,2400000,0xe0000
1781176369,56.0,2400000,0xe0000
1781176370,55.4,2400000,0xe0000
1781176371,56.0,2400000,0xe0000
1781176372,56.0,2400000,0xe0000
1781176373,55.4,2400000,0xe0000
1781176374,56.0,2400000,0xe0000
1781176375,56.0,2400000,0xe0000
1781176377,55.4,2400000,0xe0000
1781176378,55.4,2400000,0xe0000
1781176379,56.0,2400000,0xe0000
1781176380,56.0,2400000,0xe0000
1781176381,56.0,2400000,0xe0000
1781176382,55.4,2400000,0xe0000
1781176383,56.0,2400000,0xe0000
1781176384,56.0,2400000,0xe0000
1781176385,54.9,2400000,0xe0000
1781176386,55.4,2400000,0xe0000
1781176387,55.4,2400000,0xe0000
1781176388,55.4,2400000,0xe0000
1781176389,55.4,2400000,0xe0000
1781176390,55.4,2400000,0xe0000
1781176391,56.0,2400000,0xe0000
1781176392,55.4,2400000,0xe0000
1781176393,55.4,2400000,0xe0000
1781176394,56.5,2400000,0xe0000
1781176395,56.0,2400000,0xe0000
1781176397,56.0,2400000,0xe0000
1781176398,56.0,2400000,0xe0000
1781176399,56.0,2400000,0xe0000
1781176400,54.9,2400000,0xe0000
1781176401,56.5,2400000,0xe0000
1781176402,56.0,2400000,0xe0000
1781176403,55.4,2400000,0xe0000
1781176404,56.0,2400000,0xe0000
1781176405,56.0,2400000,0xe0000
1781176406,56.0,2400000,0xe0000
1781176407,56.0,2400000,0xe0000
1781176408,55.4,2400000,0xe0000
1781176409,56.0,2400000,0xe0000
1781176410,56.0,2400000,0xe0000
1781176411,56.0,2400000,0xe0000
1781176412,56.5,2400000,0xe0000
1781176413,55.4,2400000,0xe0000
1781176414,55.4,2400000,0xe0000
1781176415,56.0,2400000,0xe0000
1781176416,55.4,2400000,0xe0000
1781176417,56.0,2400000,0xe0000
1781176419,56.0,2400000,0xe0000
1781176420,56.0,2400000,0xe0000
1781176421,56.0,2400000,0xe0000
1781176422,56.0,2400000,0xe0000
1781176423,56.0,2400000,0xe0000
1781176424,55.4,2400000,0xe0000
1781176425,55.4,2400000,0xe0000
1781176426,55.4,2400000,0xe0000
1781176427,56.0,2400000,0xe0000
1781176428,55.4,2400000,0xe0000
1781176429,56.5,2400000,0xe0000
1781176430,56.0,2400000,0xe0000
1781176431,56.0,2400000,0xe0000
1781176432,56.0,2400000,0xe0000
1781176433,56.0,2400000,0xe0000
1781176434,55.4,2400000,0xe0000
1781176435,56.0,2400000,0xe0000
1781176436,54.9,2400000,0xe0000
1781176437,56.0,2400000,0xe0000
1781176439,56.0,2400000,0xe0000
1781176440,55.4,2400000,0xe0000
1781176441,55.4,2400000,0xe0000
1781176442,55.4,2400000,0xe0000
1781176443,55.4,2400000,0xe0000
1781176444,54.9,2400000,0xe0000
1781176445,56.0,2400000,0xe0000
1781176446,56.0,2400000,0xe0000
1781176447,54.3,2400000,0xe0000
1781176448,56.5,2400000,0xe0000
1781176449,56.5,2400000,0xe0000
1781176450,56.0,2400000,0xe0000
1781176451,56.0,2400000,0xe0000
1781176452,56.0,2400000,0xe0000
1781176453,55.4,2400000,0xe0000
1781176454,56.5,2400000,0xe0000
1781176455,55.4,2400000,0xe0000
1781176456,56.0,2400000,0xe0000
1781176457,56.0,2400000,0xe0000
1781176458,55.4,2400000,0xe0000
1781176459,56.0,2400000,0xe0000
1781176461,56.0,2400000,0xe0000
1781176462,56.0,2400000,0xe0000
1781176463,55.4,2400000,0xe0000
1781176464,56.0,2400000,0xe0000
1781176465,56.0,2400000,0xe0000
1781176466,55.4,2400000,0xe0000
1781176467,55.4,2400000,0xe0000
1781176468,56.0,2400000,0xe0000
1781176469,56.0,2400000,0xe0000
1781176470,56.0,2400000,0xe0000
1781176471,56.0,2400000,0xe0000
1781176472,56.0,2400000,0xe0000
1781176473,56.0,2400000,0xe0000
1781176474,56.0,2400000,0xe0000
1781176475,56.0,2400000,0xe0000
1781176476,56.0,2400000,0xe0000
1781176477,56.0,2400000,0xe0000
1781176478,56.0,2400000,0xe0000
1781176479,56.5,2400000,0xe0000
1781176480,56.0,2400000,0xe0000
1781176481,56.0,2400000,0xe0000
1781176483,54.9,2400000,0xe0000
1781176484,56.0,2400000,0xe0000
1781176485,56.0,2400000,0xe0000
1781176486,56.5,2400000,0xe0000
1781176487,56.0,2400000,0xe0000
1781176488,56.0,2400000,0xe0000
1781176489,56.0,2400000,0xe0000
1781176490,56.0,2400000,0xe0000
1781176491,55.4,2400000,0xe0000
1781176492,56.0,2400000,0xe0000
1781176493,56.0,2400000,0xe0000
1781176494,56.5,2400000,0xe0000
1781176495,55.4,2400000,0xe0000
1781176496,56.0,2400000,0xe0000
1781176497,56.0,2400000,0xe0000
1781176498,56.5,2400000,0xe0000
1781176499,55.4,2400000,0xe0000
1781176500,56.0,2400000,0xe0000
1781176501,56.0,2400000,0xe0000
1781176502,55.4,2400000,0xe0000
1781176503,56.0,2400000,0xe0000
1781176504,56.0,2400000,0xe0000
1781176506,56.5,2400000,0xe0000
1781176507,55.4,2400000,0xe0000
1781176508,56.0,2400000,0xe0000
1781176509,56.0,2400000,0xe0000
1781176510,56.0,2400000,0xe0000
1781176511,56.0,2400000,0xe0000
1781176512,55.4,2400000,0xe0000
1781176513,56.0,2400000,0xe0000
1781176514,55.4,2400000,0xe0000
1781176515,56.0,2400000,0xe0000
1781176516,55.4,2400000,0xe0000
1781176517,56.0,2400000,0xe0000
1781176518,56.0,2400000,0xe0000
1781176519,56.0,2400000,0xe0000
1781176520,56.0,2400000,0xe0000
1781176521,55.4,2400000,0xe0000
1781176522,55.4,2400000,0xe0000
1781176523,56.0,2400000,0xe0000
1781176524,54.9,2400000,0xe0000
1781176525,56.0,2400000,0xe0000
1781176526,54.9,2400000,0xe0000
1781176527,56.0,2400000,0xe0000
1781176528,56.0,2400000,0xe0000
1781176529,56.0,2400000,0xe0000
1781176531,56.0,2400000,0xe0000
1781176532,56.5,2400000,0xe0000
1781176533,56.0,2400000,0xe0000
1781176534,56.0,2400000,0xe0000
1781176535,55.4,2400000,0xe0000
1781176536,56.0,2400000,0xe0000
1781176537,56.0,2400000,0xe0000
1781176538,56.0,2400000,0xe0000
1781176539,55.4,2400000,0xe0000
1781176540,54.9,2400000,0xe0000
1781176541,56.0,2400000,0xe0000
1781176542,56.0,2400000,0xe0000
1781176543,55.4,2400000,0xe0000
1781176544,55.4,2400000,0xe0000
1781176545,56.0,2400000,0xe0000
1781176546,56.0,2400000,0xe0000
1781176547,55.4,2400000,0xe0000
1781176548,56.0,2400000,0xe0000
1781176549,56.0,2400000,0xe0000
1781176550,56.0,2400000,0xe0000
1781176552,56.0,2400000,0xe0000
1781176553,56.0,2400000,0xe0000
1781176554,54.9,2400000,0xe0000
1781176555,54.9,2400000,0xe0000
1781176556,56.0,2400000,0xe0000
1781176557,56.0,2400000,0xe0000
1781176558,55.4,2400000,0xe0000
1781176559,56.0,2400000,0xe0000
1781176560,56.0,2400000,0xe0000
1781176561,56.0,2400000,0xe0000
1781176562,56.0,2400000,0xe0000
1781176563,56.0,2400000,0xe0000
1781176564,56.0,2400000,0xe0000
1781176565,56.0,2400000,0xe0000
1781176566,56.0,2400000,0xe0000
1781176567,54.9,2400000,0xe0000
1781176568,56.0,2400000,0xe0000
1781176570,56.5,2400000,0xe0000
1781176571,56.5,2400000,0xe0000
1781176572,55.4,2400000,0xe0000
1781176573,55.4,2400000,0xe0000
1781176574,56.0,2400000,0xe0000
1781176575,56.0,2400000,0xe0000
1781176576,56.5,2400000,0xe0000
1781176577,56.5,2400000,0xe0000
1781176578,56.5,2400000,0xe0000
1781176579,56.0,2400000,0xe0000
1781176580,56.0,2400000,0xe0000
1781176581,56.0,2400000,0xe0000
1781176582,56.5,2400000,0xe0000
1781176583,56.5,2400000,0xe0000
1781176584,56.0,2400000,0xe0000
1781176585,56.0,2400000,0xe0000
1781176586,54.9,2400000,0xe0000
1781176587,55.4,2400000,0xe0000
1781176588,56.0,2400000,0xe0000
1781176589,56.0,2400000,0xe0000
1781176590,54.3,2400000,0xe0000
1781176592,56.0,2400000,0xe0000
1781176593,56.0,2400000,0xe0000
1781176594,55.4,2400000,0xe0000
1781176595,56.0,2400000,0xe0000
1781176596,56.0,2400000,0xe0000
1781176597,56.5,2400000,0xe0000
1781176598,55.4,2400000,0xe0000
1781176599,56.0,2400000,0xe0000
1781176600,55.4,2400000,0xe0000
1781176601,56.0,2400000,0xe0000
1781176602,56.0,2400000,0xe0000
1781176603,56.0,2400000,0xe0000
1781176604,56.5,2400000,0xe0000
1781176605,55.4,2400000,0xe0000
1781176606,56.0,2400000,0xe0000
1781176607,56.5,2400000,0xe0000
1781176608,55.4,2400000,0xe0000
1781176609,55.4,2400000,0xe0000
1781176610,56.0,2400000,0xe0000
1781176611,56.0,2400000,0xe0000
1781176612,56.0,2400000,0xe0000
1781176613,56.0,2400000,0xe0000
1781176615,56.0,2400000,0xe0000
1781176616,55.4,2400000,0xe0000
1781176617,55.4,2400000,0xe0000
1781176618,56.5,2400000,0xe0000
1781176619,56.0,2400000,0xe0000
1781176620,55.4,2400000,0xe0000
1781176621,56.0,2400000,0xe0000
1781176622,56.0,2400000,0xe0000
1781176623,56.0,2400000,0xe0000
1781176624,56.0,2400000,0xe0000
1781176625,55.4,2400000,0xe0000
1781176626,56.5,2400000,0xe0000
1781176627,56.5,2400000,0xe0000
1781176628,56.0,2400000,0xe0000
1781176629,55.4,2400000,0xe0000
1781176630,56.5,2400000,0xe0000
1781176631,56.5,2400000,0xe0000
1781176632,56.5,2400000,0xe0000
1781176633,56.0,2400000,0xe0000
1781176634,56.5,2400000,0xe0000
1781176635,56.0,2400000,0xe0000
1781176636,56.0,2400000,0xe0000
1781176637,56.0,2400000,0xe0000
1781176638,56.0,2400000,0xe0000
1781176640,56.0,2400000,0xe0000
1781176641,56.0,2400000,0xe0000
1781176642,56.0,2400000,0xe0000
1781176643,56.0,2400000,0xe0000
1781176644,56.0,2400000,0xe0000
1781176645,56.0,2400000,0xe0000
1781176646,56.0,2400000,0xe0000
1781176647,55.4,2400000,0xe0000
1781176648,56.5,2400000,0xe0000
1781176649,56.0,2400000,0xe0000
1781176650,56.0,2400000,0xe0000
1781176651,56.5,2400000,0xe0000
1781176652,56.5,2400000,0xe0000
1781176653,56.0,2400000,0xe0000
1781176654,56.5,2400000,0xe0000
1781176655,56.5,2400000,0xe0000
1781176656,55.4,2400000,0xe0000
1781176657,56.0,2400000,0xe0000
1781176658,55.4,2400000,0xe0000
1781176659,56.0,2400000,0xe0000
1781176660,56.0,2400000,0xe0000
1781176661,56.5,2400000,0xe0000
1781176662,55.4,2400000,0xe0000
1781176663,56.0,2400000,0xe0000
1781176665,56.0,2400000,0xe0000
1781176666,56.0,2400000,0xe0000
1781176667,56.0,2400000,0xe0000
1781176668,56.5,2400000,0xe0000
1781176669,56.0,2400000,0xe0000
1781176670,56.0,2400000,0xe0000
1781176671,55.4,2400000,0xe0000
1781176672,56.0,2400000,0xe0000
1781176673,56.0,2400000,0xe0000
1781176674,55.4,2400000,0xe0000
1781176675,56.5,2400000,0xe0000
1781176676,55.4,2400000,0xe0000
1781176677,56.5,2400000,0xe0000
1781176678,55.4,2400000,0xe0000
1781176679,56.0,2400000,0xe0000
1781176680,56.0,2400000,0xe0000
1781176681,56.5,2400000,0xe0000
1781176682,56.0,2400000,0xe0000
1781176683,56.0,2400000,0xe0000
1781176684,56.5,2400000,0xe0000
1781176685,56.0,2400000,0xe0000
1781176686,56.0,2400000,0xe0000
1781176687,56.0,2400000,0xe0000
1781176688,56.5,2400000,0xe0000
1781176689,56.5,2400000,0xe0000
1781176690,56.0,2400000,0xe0000
1781176691,55.4,2400000,0xe0000
1781176693,56.5,2400000,0xe0000
1781176694,56.0,2400000,0xe0000
1781176695,56.0,2400000,0xe0000
1781176696,56.5,2400000,0xe0000
1781176697,56.0,2400000,0xe0000
1781176698,56.5,2400000,0xe0000
1781176699,54.3,2400000,0xe0000
1781176700,55.4,2400000,0xe0000
1781176701,56.0,2400000,0xe0000
1781176702,56.5,2400000,0xe0000
1781176703,56.5,2400000,0xe0000
1781176704,56.0,2400000,0xe0000
1781176705,56.0,2400000,0xe0000
1781176706,56.5,2400000,0xe0000
1781176707,56.0,2400000,0xe0000
1781176708,55.4,2400000,0xe0000
1781176709,56.0,2400000,0xe0000
1781176710,56.0,2400000,0xe0000
1781176711,56.5,2400000,0xe0000
1781176712,55.4,2400000,0xe0000
1781176713,56.0,2400000,0xe0000
1781176714,56.0,2400000,0xe0000
1781176715,54.9,2400000,0xe0000
1781176716,56.0,2400000,0xe0000
1781176717,56.0,2400000,0xe0000
1781176718,56.0,2400000,0xe0000
1781176720,56.0,2400000,0xe0000
1781176721,56.0,2400000,0xe0000
1781176722,55.4,2400000,0xe0000
1781176723,56.0,2400000,0xe0000
1781176724,55.4,2400000,0xe0000
1781176725,55.4,2400000,0xe0000
1781176726,55.4,2400000,0xe0000
1781176727,56.0,2400000,0xe0000
1781176728,56.0,2400000,0xe0000
1781176729,56.0,2400000,0xe0000
1781176730,56.0,2400000,0xe0000
1781176731,56.0,2400000,0xe0000
1781176732,56.0,2400000,0xe0000
1781176733,56.0,2400000,0xe0000
1781176734,56.5,2400000,0xe0000
1781176735,56.0,2400000,0xe0000
1781176736,56.0,2400000,0xe0000
1781176738,56.5,2400000,0xe0000
1781176739,54.9,2400000,0xe0000
1781176740,56.0,2400000,0xe0000
1781176741,56.0,2400000,0xe0000
1781176742,55.4,2400000,0xe0000
1781176743,56.0,2400000,0xe0000
1781176744,55.4,2400000,0xe0000
1781176745,56.0,2400000,0xe0000
1781176746,55.4,2400000,0xe0000
1781176747,56.5,2400000,0xe0000
1781176748,56.0,2400000,0xe0000
1781176749,56.0,2400000,0xe0000
1781176750,55.4,2400000,0xe0000
1781176751,55.4,2400000,0xe0000
1781176752,54.3,2400000,0xe0000
1781176753,56.0,2400000,0xe0000
1781176754,55.4,2400000,0xe0000
1781176755,56.0,2400000,0xe0000
1781176756,56.0,2400000,0xe0000
1781176757,56.0,2400000,0xe0000
1781176758,56.5,2400000,0xe0000
1781176759,56.5,2400000,0xe0000
1781176760,56.0,2400000,0xe0000
1781176761,56.0,2400000,0xe0000
1781176762,56.0,2400000,0xe0000
1781176763,56.0,2400000,0xe0000
1781176764,55.4,2400000,0xe0000
1781176765,57.1,2400000,0xe0000
1781176766,56.5,2400000,0xe0000
1781176767,54.9,2400000,0xe0000
1781176768,56.5,2400000,0xe0000
1781176769,55.4,2400000,0xe0000
1781176770,56.0,2400000,0xe0000
1781176772,56.0,2400000,0xe0000
1781176773,56.5,2400000,0xe0000
1781176774,56.0,2400000,0xe0000
1781176775,56.0,2400000,0xe0000
1781176776,55.4,2400000,0xe0000
1781176777,56.5,2400000,0xe0000
1781176778,56.5,2400000,0xe0000
1781176779,55.4,2400000,0xe0000
1781176780,55.4,2400000,0xe0000
1781176781,56.0,2400000,0xe0000
1781176782,55.4,2400000,0xe0000
1781176783,56.0,2400000,0xe0000
1781176784,56.0,2400000,0xe0000
1781176785,56.5,2400000,0xe0000
1781176786,56.5,2400000,0xe0000
1781176788,56.5,2400000,0xe0000
1781176789,55.4,2400000,0xe0000
1781176790,54.3,2400000,0xe0000
1781176791,54.9,2400000,0xe0000
1781176792,55.4,2400000,0xe0000
1781176793,54.9,2400000,0xe0000
1781176794,56.0,2400000,0xe0000
1781176795,56.0,2400000,0xe0000
1781176796,56.0,2400000,0xe0000
1781176797,56.0,2400000,0xe0000
1781176798,56.5,2400000,0xe0000
1781176799,56.5,2400000,0xe0000
1781176800,55.4,2400000,0xe0000
1781176801,56.5,2400000,0xe0000
1781176802,54.9,2400000,0xe0000
1781176803,56.0,2400000,0xe0000
1781176804,56.0,2400000,0xe0000
1781176805,56.0,2400000,0xe0000
1781176806,55.4,2400000,0xe0000
1781176807,56.5,2400000,0xe0000
1781176808,56.0,2400000,0xe0000
1781176809,56.0,2400000,0xe0000
1781176810,56.0,2400000,0xe0000
1781176811,56.0,2400000,0xe0000
1781176812,55.4,2400000,0xe0000
1781176813,56.0,2400000,0xe0000
1781176814,55.4,2400000,0xe0000
1781176815,56.0,2400000,0xe0000
1781176817,56.0,2400000,0xe0000
1781176818,56.0,2400000,0xe0000
1781176819,56.5,2400000,0xe0000
1781176820,54.9,2400000,0xe0000
1781176821,55.4,2400000,0xe0000
1781176822,55.4,2400000,0xe0000
1781176823,56.0,2400000,0xe0000
1781176824,56.0,2400000,0xe0000
1781176825,54.9,2400000,0xe0000
1781176826,55.4,2400000,0xe0000
1781176827,56.0,2400000,0xe0000
1781176828,56.5,2400000,0xe0000
1781176829,57.1,2400000,0xe0000
1781176830,56.0,2400000,0xe0000
1781176831,56.0,2400000,0xe0000
1781176832,56.0,2400000,0xe0000
1781176833,56.0,2400000,0xe0000
1781176834,54.9,2400000,0xe0000
1781176835,55.4,2400000,0xe0000
1781176836,55.4,2400000,0xe0000
1781176837,56.0,2400000,0xe0000
1781176838,55.4,2400000,0xe0000
1781176839,56.0,2400000,0xe0000
1781176840,56.0,2400000,0xe0000
1781176841,55.4,2400000,0xe0000
1781176843,56.0,2400000,0xe0000
1781176844,56.5,2400000,0xe0000
1781176845,56.0,2400000,0xe0000
1781176846,55.4,2400000,0xe0000
1781176847,56.0,2400000,0xe0000
1781176848,56.0,2400000,0xe0000
1781176849,56.0,2400000,0xe0000
1781176850,56.0,2400000,0xe0000
1781176851,55.4,2400000,0xe0000
1781176852,56.5,2400000,0xe0000
1781176853,56.5,2400000,0xe0000
1781176854,56.0,2400000,0xe0000
1781176855,56.0,2400000,0xe0000
1781176856,55.4,2400000,0xe0000
1781176857,56.0,2400000,0xe0000
1781176858,55.4,2400000,0xe0000
1781176859,56.0,2400000,0xe0000
1781176860,56.0,2400000,0xe0000
1781176861,56.0,2400000,0xe0000
1781176862,55.4,2400000,0xe0000
1781176863,56.0,2400000,0xe0000
1781176865,56.0,2400000,0xe0000
1781176866,55.4,2400000,0xe0000
1781176867,55.4,2400000,0xe0000
1781176868,56.0,2400000,0xe0000
1781176869,55.4,2400000,0xe0000
1781176870,56.0,2400000,0xe0000
1781176871,55.4,2400000,0xe0000
1781176872,56.5,2400000,0xe0000
1781176873,56.0,2400000,0xe0000
1781176874,55.4,2400000,0xe0000
1781176875,56.0,2400000,0xe0000
1781176876,56.0,2400000,0xe0000
1781176877,56.0,2400000,0xe0000
1781176878,56.0,2400000,0xe0000
1781176879,56.5,2400000,0xe0000
1781176880,56.0,2400000,0xe0000
1781176881,55.4,2400000,0xe0000
1781176882,56.0,2400000,0xe0000
1781176883,56.0,2400000,0xe0000
1781176884,56.5,2400000,0xe0000
1781176885,56.0,2400000,0xe0000
1781176886,56.5,2400000,0xe0000
1781176887,56.0,2400000,0xe0000
1781176888,57.1,2400000,0xe0000
1781176889,56.0,2400000,0xe0000
1781176891,56.0,2400000,0xe0000
1781176892,56.0,2400000,0xe0000
1781176893,55.4,2400000,0xe0000
1781176894,56.5,2400000,0xe0000
1781176895,56.0,2400000,0xe0000
1781176896,56.0,2400000,0xe0000
1781176897,56.5,2400000,0xe0000
1781176898,56.0,2400000,0xe0000
1781176899,56.5,2400000,0xe0000
1781176900,55.4,2400000,0xe0000
1781176901,56.0,2400000,0xe0000
1781176902,55.4,2400000,0xe0000
1781176903,56.0,2400000,0xe0000
1781176904,55.4,2400000,0xe0000
1781176905,56.0,2400000,0xe0000
1781176906,56.5,2400000,0xe0000
1781176907,56.5,2400000,0xe0000
1781176908,56.0,2400000,0xe0000
1781176909,56.5,2400000,0xe0000
1781176910,56.0,2400000,0xe0000
1781176911,55.4,2400000,0xe0000
1781176912,56.0,2400000,0xe0000
1781176913,56.0,2400000,0xe0000
1781176914,56.5,2400000,0xe0000
1781176916,56.5,2400000,0xe0000
1781176917,56.0,2400000,0xe0000
1781176918,56.5,2400000,0xe0000
1781176919,55.4,2400000,0xe0000
1781176920,56.0,2400000,0xe0000
1781176921,56.0,2400000,0xe0000
1781176922,56.0,2400000,0xe0000
1781176923,56.5,2400000,0xe0000
1781176924,56.0,2400000,0xe0000
1781176925,55.4,2400000,0xe0000
1781176926,56.0,2400000,0xe0000
1781176927,55.4,2400000,0xe0000
1781176928,55.4,2400000,0xe0000
1781176929,56.0,2400000,0xe0000
1781176930,56.0,2400000,0xe0000
1781176931,56.5,2400000,0xe0000
1781176932,56.5,2400000,0xe0000
1781176933,56.0,2400000,0xe0000
1781176934,56.0,2400000,0xe0000
1781176935,56.5,2400000,0xe0000
1781176936,56.5,2400000,0xe0000
1781176937,56.5,2400000,0xe0000
1781176938,56.5,2400000,0xe0000
1781176939,56.0,2400000,0xe0000
1781176940,56.0,2400000,0xe0000
1781176941,55.4,2400000,0xe0000
1781176942,56.5,2400000,0xe0000
1781176943,56.0,2400000,0xe0000
1781176944,56.0,2400000,0xe0000
1781176945,56.0,2400000,0xe0000
1781176946,55.4,2400000,0xe0000
1781176948,56.0,2400000,0xe0000
1781176949,54.3,2400000,0xe0000
1781176950,56.5,2400000,0xe0000
1781176951,56.5,2400000,0xe0000
1781176952,56.0,2400000,0xe0000
1781176953,56.0,2400000,0xe0000
1781176954,54.9,2400000,0xe0000
1781176955,55.4,2400000,0xe0000
1781176956,56.0,2400000,0xe0000
1781176957,56.0,2400000,0xe0000
1781176958,55.4,2400000,0xe0000
1781176959,56.0,2400000,0xe0000
1781176960,56.0,2400000,0xe0000
1781176961,55.4,2400000,0xe0000
1781176962,56.5,2400000,0xe0000
1781176963,56.0,2400000,0xe0000
1781176964,56.0,2400000,0xe0000
1781176965,56.5,2400000,0xe0000
1781176966,55.4,2400000,0xe0000
1781176967,55.4,2400000,0xe0000
1781176968,56.5,2400000,0xe0000
1781176969,56.0,2400000,0xe0000
1781176970,56.0,2400000,0xe0000
1781176971,56.0,2400000,0xe0000
1781176972,56.5,2400000,0xe0000
1781176974,56.0,2400000,0xe0000
1781176975,56.0,2400000,0xe0000
1781176976,56.0,2400000,0xe0000
1781176977,55.4,2400000,0xe0000
1781176978,56.0,2400000,0xe0000
1781176979,56.0,2400000,0xe0000
1781176980,55.4,2400000,0xe0000
1781176981,56.5,2400000,0xe0000
1781176982,56.0,2400000,0xe0000
1781176983,56.0,2400000,0xe0000
1781176984,56.0,2400000,0xe0000
1781176985,56.0,2400000,0xe0000
1781176986,56.0,2400000,0xe0000
1781176987,56.0,2400000,0xe0000
1781176988,56.5,2400000,0xe0000
1781176989,56.0,2400000,0xe0000
1781176990,56.5,2400000,0xe0000
1781176991,56.0,2400000,0xe0000
1781176993,56.0,2400000,0xe0000
1781176994,56.0,2400000,0xe0000
1781176995,56.0,2400000,0xe0000
1781176996,55.4,2400000,0xe0000
1781176997,56.5,2400000,0xe0000
1781176998,56.5,2400000,0xe0000
1781176999,56.0,2400000,0xe0000
1781177000,56.5,2400000,0xe0000
1781177001,54.9,2400000,0xe0000
1781177002,56.5,2400000,0xe0000
1781177003,56.0,2400000,0xe0000
1781177004,55.4,2400000,0xe0000
1781177005,56.0,2400000,0xe0000
1781177006,55.4,2400000,0xe0000
1781177007,56.0,2400000,0xe0000
1781177008,56.0,2400000,0xe0000
1781177009,56.0,2400000,0xe0000
1781177010,56.0,2400000,0xe0000
1781177011,56.0,2400000,0xe0000
1781177012,55.4,2400000,0xe0000
1781177013,56.5,2400000,0xe0000
1781177015,56.5,2400000,0xe0000
1781177016,55.4,2400000,0xe0000
1781177017,55.4,2400000,0xe0000
1781177018,56.0,2400000,0xe0000
1781177019,56.5,2400000,0xe0000
1781177020,56.0,2400000,0xe0000
1781177021,56.0,2400000,0xe0000
1781177022,54.9,2400000,0xe0000
1781177023,56.0,2400000,0xe0000
1781177024,56.0,2400000,0xe0000
1781177025,56.0,2400000,0xe0000
1781177026,56.5,2400000,0xe0000
1781177027,56.0,2400000,0xe0000
1781177028,56.5,2400000,0xe0000
1781177029,55.4,2400000,0xe0000
1781177030,56.0,2400000,0xe0000
1781177031,56.0,2400000,0xe0000
1781177032,55.4,2400000,0xe0000
1781177033,55.4,2400000,0xe0000
1781177034,56.0,2400000,0xe0000
1781177035,56.0,2400000,0xe0000
1781177036,56.0,2400000,0xe0000
1781177037,55.4,2400000,0xe0000
1781177038,56.0,2400000,0xe0000
1781177039,55.4,2400000,0xe0000
1781177040,54.9,2400000,0xe0000
1781177041,56.5,2400000,0xe0000
1781177042,56.0,2400000,0xe0000
1781177044,56.0,2400000,0xe0000
1781177045,55.4,2400000,0xe0000
1781177046,56.0,2400000,0xe0000
1781177047,56.0,2400000,0xe0000
1781177048,55.4,2400000,0xe0000
1781177049,56.5,2400000,0xe0000
1781177050,55.4,2400000,0xe0000
1781177051,56.0,2400000,0xe0000
1781177052,56.0,2400000,0xe0000
1781177053,56.5,2400000,0xe0000
1781177054,56.0,2400000,0xe0000
1781177055,56.5,2400000,0xe0000
1781177056,55.4,2400000,0xe0000
1781177057,56.0,2400000,0xe0000
1781177058,55.4,2400000,0xe0000
1781177059,56.0,2400000,0xe0000
1781177060,56.0,2400000,0xe0000
1781177061,56.5,2400000,0xe0000
1781177062,56.0,2400000,0xe0000
1781177063,56.0,2400000,0xe0000
1781177064,56.5,2400000,0xe0000
1781177065,56.5,2400000,0xe0000
1781177066,55.4,2400000,0xe0000
1781177067,56.5,2400000,0xe0000
1781177069,55.4,2400000,0xe0000
1781177070,56.0,2400000,0xe0000
1781177071,56.0,2400000,0xe0000
1781177072,55.4,2400000,0xe0000
1781177073,56.0,2400000,0xe0000
1781177074,56.5,2400000,0xe0000
1781177075,55.4,2400000,0xe0000
1781177076,56.0,2400000,0xe0000
1781177077,56.0,2400000,0xe0000
1781177078,56.0,2400000,0xe0000
1781177079,56.5,2400000,0xe0000
1781177080,55.4,2400000,0xe0000
1781177081,56.0,2400000,0xe0000
1781177082,56.0,2400000,0xe0000
1781177083,56.0,2400000,0xe0000
1781177084,56.5,2400000,0xe0000
1781177085,56.0,2400000,0xe0000
1781177086,56.5,2400000,0xe0000
1781177087,56.0,2400000,0xe0000
1781177089,56.5,2400000,0xe0000
1781177090,56.5,2400000,0xe0000
1781177091,56.5,2400000,0xe0000
1781177092,56.0,2400000,0xe0000
1781177093,56.0,2400000,0xe0000
1781177094,55.4,2400000,0xe0000
1781177095,56.0,2400000,0xe0000
1781177096,55.4,2400000,0xe0000
1781177097,56.0,2400000,0xe0000
1781177098,56.0,2400000,0xe0000
1781177099,56.5,2400000,0xe0000
1781177100,56.0,2400000,0xe0000
1781177101,56.0,2400000,0xe0000
1781177102,56.0,2400000,0xe0000
1781177103,56.0,2400000,0xe0000
1781177104,56.0,2400000,0xe0000
1781177105,55.4,2400000,0xe0000
1781177106,55.4,2400000,0xe0000
1781177107,56.5,2400000,0xe0000
1781177108,56.0,2400000,0xe0000
1781177109,56.5,2400000,0xe0000
1781177110,55.4,2400000,0xe0000
1781177111,56.0,2400000,0xe0000
1781177112,56.5,2400000,0xe0000
1781177113,56.0,2400000,0xe0000
1781177115,56.5,2400000,0xe0000
1781177116,55.4,2400000,0xe0000
1781177117,56.0,2400000,0xe0000
1781177118,55.4,2400000,0xe0000
1781177119,56.0,2400000,0xe0000
1781177120,56.5,2400000,0xe0000
1781177121,56.0,2400000,0xe0000
1781177122,56.5,2400000,0xe0000
1781177123,56.0,2400000,0xe0000
1781177124,56.0,2400000,0xe0000
1781177125,56.0,2400000,0xe0000
1781177126,55.4,2400000,0xe0000
1781177127,56.0,2400000,0xe0000
1781177128,56.5,2400000,0xe0000
1781177129,55.4,2400000,0xe0000
1781177130,55.4,2400000,0xe0000
1781177131,56.0,2400000,0xe0000
1781177132,56.0,2400000,0xe0000
1781177133,56.0,2400000,0xe0000
1781177134,56.5,2400000,0xe0000
1781177135,56.0,2400000,0xe0000
1781177136,56.5,2400000,0xe0000
1781177137,56.5,2400000,0xe0000
1781177138,56.0,2400000,0xe0000
1781177140,56.0,2400000,0xe0000
1781177141,56.0,2400000,0xe0000
1781177142,56.0,2400000,0xe0000
1781177143,56.5,2400000,0xe0000
1781177144,56.0,2400000,0xe0000
1781177145,56.0,2400000,0xe0000
1781177146,56.5,2400000,0xe0000
1781177147,56.0,2400000,0xe0000
1781177148,56.0,2400000,0xe0000
1781177149,55.4,2400000,0xe0000
1781177150,56.5,2400000,0xe0000
1781177151,56.5,2400000,0xe0000
1781177152,55.4,2400000,0xe0000
1781177153,56.0,2400000,0xe0000
1781177154,56.5,2400000,0xe0000
1781177155,54.9,2400000,0xe0000
1781177156,55.4,2400000,0xe0000
1781177157,56.0,2400000,0xe0000
1781177158,56.0,2400000,0xe0000
1781177159,56.0,2400000,0xe0000
1781177160,56.0,2400000,0xe0000
1781177161,56.0,2400000,0xe0000
1781177162,55.4,2400000,0xe0000
1781177163,56.0,2400000,0xe0000
1781177164,55.4,2400000,0xe0000
1781177165,56.5,2400000,0xe0000
1781177166,56.0,2400000,0xe0000
1781177167,56.0,2400000,0xe0000
1781177168,56.0,2400000,0xe0000
1781177169,56.0,2400000,0xe0000
1781177170,56.5,2400000,0xe0000
1781177172,56.0,2400000,0xe0000
1781177173,56.0,2400000,0xe0000
1781177174,56.0,2400000,0xe0000
1781177175,56.0,2400000,0xe0000
1781177176,56.0,2400000,0xe0000
1781177177,55.4,2400000,0xe0000
1781177178,56.5,2400000,0xe0000
1781177179,56.5,2400000,0xe0000
1781177180,55.4,2400000,0xe0000
1781177181,55.4,2400000,0xe0000
1781177182,56.0,2400000,0xe0000
1781177183,56.5,2400000,0xe0000
1781177184,56.5,2400000,0xe0000
1781177185,56.0,2400000,0xe0000
1781177186,56.5,2400000,0xe0000
1781177187,56.0,2400000,0xe0000
1781177188,56.0,2400000,0xe0000
1781177189,56.0,2400000,0xe0000
1781177190,56.0,2400000,0xe0000
1781177191,56.0,2400000,0xe0000
1781177192,55.4,2400000,0xe0000
1781177194,56.0,2400000,0xe0000
1781177195,56.0,2400000,0xe0000
1781177196,56.0,2400000,0xe0000
1781177197,56.0,2400000,0xe0000
1781177198,56.0,2400000,0xe0000
1781177199,55.4,2400000,0xe0000
1781177200,56.0,2400000,0xe0000
1781177201,56.5,2400000,0xe0000
1781177202,56.5,2400000,0xe0000
1781177203,56.5,2400000,0xe0000
1781177204,56.0,2400000,0xe0000
1781177205,56.0,2400000,0xe0000
1781177206,55.4,2400000,0xe0000
1781177207,55.4,2400000,0xe0000
1781177208,56.5,2400000,0xe0000
1781177209,55.4,2400000,0xe0000
1781177210,56.5,2400000,0xe0000
1781177211,56.0,2400000,0xe0000
1781177212,56.0,2400000,0xe0000
1781177213,56.0,2400000,0xe0000
1781177214,56.5,2400000,0xe0000
1781177215,56.5,2400000,0xe0000
1781177216,56.0,2400000,0xe0000
1781177217,56.0,2400000,0xe0000
1781177218,56.5,2400000,0xe0000
1781177219,56.0,2400000,0xe0000
1781177220,56.0,2400000,0xe0000
1781177222,56.5,2400000,0xe0000
1781177223,56.0,2400000,0xe0000
1781177224,56.5,2400000,0xe0000
1781177225,56.0,2400000,0xe0000
1781177226,55.4,2400000,0xe0000
1781177227,56.0,2400000,0xe0000
1781177228,56.0,2400000,0xe0000
1781177229,57.1,2400000,0xe0000
1781177230,56.0,2400000,0xe0000
1781177231,56.5,2400000,0xe0000
1781177232,56.5,2400000,0xe0000
1781177233,56.0,2400000,0xe0000
1781177234,56.0,2400000,0xe0000
1781177235,56.0,2400000,0xe0000
1781177237,56.0,2400000,0xe0000
1781177238,54.9,2400000,0xe0000
1781177239,56.0,2400000,0xe0000
1781177240,56.5,2400000,0xe0000
1781177241,56.0,2400000,0xe0000
1781177242,55.4,2400000,0xe0000
1781177243,56.0,2400000,0xe0000
1781177244,56.5,2400000,0xe0000
1781177245,56.5,2400000,0xe0000
1781177246,56.0,2400000,0xe0000
1781177247,56.0,2400000,0xe0000
1781177248,56.0,2400000,0xe0000
1781177249,56.5,2400000,0xe0000
1781177250,55.4,2400000,0xe0000
1781177251,56.0,2400000,0xe0000
1781177252,56.0,2400000,0xe0000
1781177253,56.0,2400000,0xe0000
1781177254,56.0,2400000,0xe0000
1781177255,56.5,2400000,0xe0000
1781177257,56.0,2400000,0xe0000
1781177258,56.0,2400000,0xe0000
1781177259,56.0,2400000,0xe0000
1781177260,56.0,2400000,0xe0000
1781177261,56.0,2400000,0xe0000
1781177262,56.5,2400000,0xe0000
1781177263,56.0,2400000,0xe0000
1781177264,55.4,2400000,0xe0000
1781177265,56.5,2400000,0xe0000
1781177266,56.0,2400000,0xe0000
1781177267,55.4,2400000,0xe0000
1781177268,56.5,2400000,0xe0000
1781177269,56.0,2400000,0xe0000
1781177270,55.4,2400000,0xe0000
1781177271,56.0,2400000,0xe0000
1781177272,56.0,2400000,0xe0000
1781177273,56.0,2400000,0xe0000
1781177274,56.0,2400000,0xe0000
1781177275,56.5,2400000,0xe0000
1781177277,56.0,2400000,0xe0000
1781177278,56.0,2400000,0xe0000
1781177279,56.5,2400000,0xe0000
1781177280,55.4,2400000,0xe0000
1781177281,56.0,2400000,0xe0000
1781177282,56.0,2400000,0xe0000
1781177283,56.5,2400000,0xe0000
1781177284,56.0,2400000,0xe0000
1781177285,55.4,2400000,0xe0000
1781177286,54.9,2400000,0xe0000
1781177287,56.0,2400000,0xe0000
1781177288,56.5,2400000,0xe0000
1781177289,56.0,2400000,0xe0000
1781177290,56.0,2400000,0xe0000
1781177291,56.0,2400000,0xe0000
1781177292,56.0,2400000,0xe0000
1781177293,54.9,2400000,0xe0000
1781177295,56.0,2400000,0xe0000
1781177296,56.0,2400000,0xe0000
1781177297,56.5,2400000,0xe0000
1781177298,56.0,2400000,0xe0000
1781177299,56.0,2400000,0xe0000
1781177300,56.0,2400000,0xe0000
1781177301,56.0,2400000,0xe0000
1781177302,56.0,2400000,0xe0000
1781177303,54.3,2400000,0xe0000
1781177304,57.1,2400000,0xe0000
1781177305,56.0,2400000,0xe0000
1781177306,56.5,2400000,0xe0000
1781177307,56.0,2400000,0xe0000
1781177308,55.4,2400000,0xe0000
1781177309,57.1,2400000,0xe0000
1781177310,56.5,2400000,0xe0000
1781177311,56.0,2400000,0xe0000
1781177312,56.5,2400000,0xe0000
1781177314,55.4,2400000,0xe0000
1781177315,56.0,2400000,0xe0000
1781177316,56.0,2400000,0xe0000
1781177317,56.0,2400000,0xe0000
1781177318,56.0,2400000,0xe0000
1781177319,56.0,2400000,0xe0000
1781177320,56.0,2400000,0xe0000
1781177321,56.5,2400000,0xe0000
1781177322,56.0,2400000,0xe0000
1781177323,56.0,2400000,0xe0000
1781177324,56.5,2400000,0xe0000
1781177325,56.5,2400000,0xe0000
1781177326,56.0,2400000,0xe0000
1781177327,55.4,2400000,0xe0000
1781177328,56.0,2400000,0xe0000
1781177329,56.5,2400000,0xe0000
1781177330,56.5,2400000,0xe0000
1781177331,56.5,2400000,0xe0000
1781177332,56.0,2400000,0xe0000
1781177333,56.0,2400000,0xe0000
1781177334,56.5,2400000,0xe0000
1781177335,56.5,2400000,0xe0000
1781177336,55.4,2400000,0xe0000
1781177337,56.0,2400000,0xe0000
1781177338,56.0,2400000,0xe0000
1781177339,56.0,2400000,0xe0000
1781177340,56.5,2400000,0xe0000
1781177341,55.4,2400000,0xe0000
1781177342,56.5,2400000,0xe0000
1781177344,56.0,2400000,0xe0000
1781177345,56.5,2400000,0xe0000
1781177346,56.0,2400000,0xe0000
1781177347,55.4,2400000,0xe0000
1781177348,56.0,2400000,0xe0000
1781177349,56.5,2400000,0xe0000
1781177350,56.0,2400000,0xe0000
1781177351,56.0,2400000,0xe0000
1781177352,56.5,2400000,0xe0000
1781177353,56.0,2400000,0xe0000
1781177354,56.0,2400000,0xe0000
1781177355,55.4,2400000,0xe0000
1781177356,55.4,2400000,0xe0000
1781177357,55.4,2400000,0xe0000
1781177358,56.0,2400000,0xe0000
1781177359,55.4,2400000,0xe0000
1781177360,56.0,2400000,0xe0000
1781177361,56.0,2400000,0xe0000
1781177362,56.0,2400000,0xe0000
1781177363,56.0,2400000,0xe0000
1781177364,55.4,2400000,0xe0000
1781177365,56.5,2400000,0xe0000
1781177366,56.0,2400000,0xe0000
1781177367,56.0,2400000,0xe0000
1781177368,56.0,2400000,0xe0000
1781177369,56.0,2400000,0xe0000
1781177370,55.4,2400000,0xe0000
1781177371,56.0,2400000,0xe0000
1781177372,56.0,2400000,0xe0000
1781177373,56.5,2400000,0xe0000
1781177374,55.4,2400000,0xe0000
1781177376,56.5,2400000,0xe0000
1781177377,56.5,2400000,0xe0000
1781177378,56.0,2400000,0xe0000
1781177379,56.0,2400000,0xe0000
1781177380,55.4,2400000,0xe0000
1781177381,56.5,2400000,0xe0000
1781177382,55.4,2400000,0xe0000
1781177383,56.0,2400000,0xe0000
1781177384,56.0,2400000,0xe0000
1781177385,56.5,2400000,0xe0000
1781177386,56.0,2400000,0xe0000
1781177387,56.0,2400000,0xe0000
1781177388,56.0,2400000,0xe0000
1781177389,56.0,2400000,0xe0000
1781177390,54.9,2400000,0xe0000
1781177391,55.4,2400000,0xe0000
1781177392,56.0,2400000,0xe0000
1781177393,56.5,2400000,0xe0000
1781177394,56.0,2400000,0xe0000
1781177395,54.9,2400000,0xe0000
1781177396,56.5,2400000,0xe0000
1781177397,56.5,2400000,0xe0000
1781177398,56.5,2400000,0xe0000
1781177399,56.5,2400000,0xe0000
1781177400,56.0,2400000,0xe0000
1781177401,56.0,2400000,0xe0000
1781177402,56.0,2400000,0xe0000
1781177403,55.4,2400000,0xe0000
1781177404,56.0,2400000,0xe0000
1781177405,56.5,2400000,0xe0000
1781177407,56.0,2400000,0xe0000
1781177408,55.4,2400000,0xe0000
1781177409,54.9,2400000,0xe0000
1781177410,56.0,2400000,0xe0000
1781177411,56.5,2400000,0xe0000
1781177412,56.0,2400000,0xe0000
1781177413,55.4,2400000,0xe0000
1781177414,56.0,2400000,0xe0000
1781177415,55.4,2400000,0xe0000
1781177416,55.4,2400000,0xe0000
1781177417,56.0,2400000,0xe0000
1781177418,56.0,2400000,0xe0000
1781177419,56.0,2400000,0xe0000
1781177420,55.4,2400000,0xe0000
1781177421,56.0,2400000,0xe0000
1781177422,55.4,2400000,0xe0000
1781177423,54.9,2400000,0xe0000
1781177424,56.5,2400000,0xe0000
1781177425,56.5,2400000,0xe0000
1781177426,55.4,2400000,0xe0000
1781177427,55.4,2400000,0xe0000
1781177428,54.9,2400000,0xe0000
1781177429,56.5,2400000,0xe0000
1781177430,56.0,2400000,0xe0000
1781177431,56.0,2400000,0xe0000
1781177432,56.5,2400000,0xe0000
1781177433,56.0,2400000,0xe0000
1781177434,55.4,2400000,0xe0000
1781177435,56.0,2400000,0xe0000
1781177437,55.4,2400000,0xe0000
1781177438,56.0,2400000,0xe0000
1781177439,56.5,2400000,0xe0000
1781177440,56.0,2400000,0xe0000
1781177441,56.0,2400000,0xe0000
1781177442,56.5,2400000,0xe0000
1781177443,56.0,2400000,0xe0000
1781177444,56.5,2400000,0xe0000
1781177445,55.4,2400000,0xe0000
1781177446,56.5,2400000,0xe0000
1781177447,56.5,2400000,0xe0000
1781177448,56.5,2400000,0xe0000
1781177449,56.0,2400000,0xe0000
1781177450,56.0,2400000,0xe0000
1781177451,56.5,2400000,0xe0000
1781177452,56.0,2400000,0xe0000
1781177453,56.0,2400000,0xe0000
1781177454,56.0,2400000,0xe0000
1781177455,56.0,2400000,0xe0000
1781177456,56.5,2400000,0xe0000
1781177457,56.0,2400000,0xe0000
1781177458,55.4,2400000,0xe0000
1781177459,55.4,2400000,0xe0000
1781177460,56.0,2400000,0xe0000
1781177461,56.0,2400000,0xe0000
1781177462,56.0,2400000,0xe0000
1781177463,56.0,2400000,0xe0000
1781177464,55.4,2400000,0xe0000
1781177465,55.4,2400000,0xe0000
1781177467,56.0,2400000,0xe0000
1781177468,55.4,2400000,0xe0000
1781177469,55.4,2400000,0xe0000
1781177470,56.5,2400000,0xe0000
1781177471,56.0,2400000,0xe0000
1781177472,56.0,2400000,0xe0000
1781177473,56.0,2400000,0xe0000
1781177474,56.0,2400000,0xe0000
1781177475,56.5,2400000,0xe0000
1781177476,56.0,2400000,0xe0000
1781177477,56.5,2400000,0xe0000
1781177478,55.4,2400000,0xe0000
1781177479,56.5,2400000,0xe0000
1781177480,56.0,2400000,0xe0000
1781177481,56.0,2400000,0xe0000
1781177482,56.0,2400000,0xe0000
1781177483,56.5,2400000,0xe0000
1781177484,56.0,2400000,0xe0000
1781177485,55.4,2400000,0xe0000
1781177486,55.4,2400000,0xe0000
1781177487,56.0,2400000,0xe0000
1781177488,57.1,2400000,0xe0000
1781177490,56.5,2400000,0xe0000
1781177491,56.0,2400000,0xe0000
1781177492,56.5,2400000,0xe0000
1781177493,55.4,2400000,0xe0000
1781177494,55.4,2400000,0xe0000
1781177495,56.0,2400000,0xe0000
1781177496,56.5,2400000,0xe0000
1781177497,56.0,2400000,0xe0000
1781177498,56.5,2400000,0xe0000
1781177499,56.0,2400000,0xe0000
1781177500,55.4,2400000,0xe0000
1781177501,56.5,2400000,0xe0000
1781177502,56.0,2400000,0xe0000
1781177503,55.4,2400000,0xe0000
1781177504,56.0,2400000,0xe0000
1781177505,55.4,2400000,0xe0000
1781177506,55.4,2400000,0xe0000
1781177507,56.0,2400000,0xe0000
1781177508,56.0,2400000,0xe0000
1781177509,56.0,2400000,0xe0000
1781177510,56.0,2400000,0xe0000
1781177511,55.4,2400000,0xe0000
1781177513,55.4,2400000,0xe0000
1781177514,56.0,2400000,0xe0000
1781177515,56.0,2400000,0xe0000
1781177516,56.0,2400000,0xe0000
1781177517,56.5,2400000,0xe0000
1781177518,56.0,2400000,0xe0000
1781177519,56.0,2400000,0xe0000
1781177520,56.0,2400000,0xe0000
1781177521,56.0,2400000,0xe0000
1781177522,56.0,2400000,0xe0000
1781177523,56.0,2400000,0xe0000
1781177524,56.0,2400000,0xe0000
1781177525,56.0,2400000,0xe0000
1781177526,55.4,2400000,0xe0000
1781177527,56.5,2400000,0xe0000
1781177528,56.5,2400000,0xe0000
1781177529,56.0,2400000,0xe0000
1781177530,57.1,2400000,0xe0000
1781177531,55.4,2400000,0xe0000
1781177532,56.5,2400000,0xe0000
1781177533,56.0,2400000,0xe0000
1781177534,57.1,2400000,0xe0000
1781177535,55.4,2400000,0xe0000
1781177536,56.0,2400000,0xe0000
1781177537,54.9,2400000,0xe0000
1781177538,56.5,2400000,0xe0000
1781177539,56.0,2400000,0xe0000
1781177541,56.5,2400000,0xe0000
1781177542,55.4,2400000,0xe0000
1781177543,56.5,2400000,0xe0000
1781177544,56.0,2400000,0xe0000
1781177545,56.0,2400000,0xe0000
1781177546,56.0,2400000,0xe0000
1781177547,56.5,2400000,0xe0000
1781177548,56.0,2400000,0xe0000
1781177549,56.0,2400000,0xe0000
1781177550,56.5,2400000,0xe0000
1781177551,56.5,2400000,0xe0000
1781177552,56.0,2400000,0xe0000
1781177553,56.0,2400000,0xe0000
1781177554,56.0,2400000,0xe0000
1781177555,56.0,2400000,0xe0000
1781177556,56.0,2400000,0xe0000
1781177557,56.0,2400000,0xe0000
1781177558,56.0,2400000,0xe0000
1781177560,56.0,2400000,0xe0000
1781177561,56.0,2400000,0xe0000
1781177562,56.0,2400000,0xe0000
1781177563,56.0,2400000,0xe0000
1781177564,55.4,2400000,0xe0000
1781177565,56.5,2400000,0xe0000
1781177566,55.4,2400000,0xe0000
1781177567,56.0,2400000,0xe0000
1781177568,55.4,2400000,0xe0000
1781177569,56.0,2400000,0xe0000
1781177570,55.4,2400000,0xe0000
1781177571,56.5,2400000,0xe0000
1781177572,56.5,2400000,0xe0000
1781177573,56.5,2400000,0xe0000
1781177574,56.0,2400000,0xe0000
1781177575,56.5,2400000,0xe0000
1781177576,56.0,2400000,0xe0000
1781177577,55.4,2400000,0xe0000
1781177578,55.4,2400000,0xe0000
1781177579,55.4,2400000,0xe0000
1781177580,56.0,2400000,0xe0000
1781177582,56.5,2400000,0xe0000
1781177583,56.0,2400000,0xe0000
1781177584,55.4,2400000,0xe0000
1781177585,56.0,2400000,0xe0000
1781177586,55.4,2400000,0xe0000
1781177587,56.0,2400000,0xe0000
1781177588,56.0,2400000,0xe0000
1781177589,56.0,2400000,0xe0000
1781177590,56.0,2400000,0xe0000
1781177591,55.4,2400000,0xe0000
1781177592,56.5,2400000,0xe0000
1781177593,55.4,2400000,0xe0000
1781177594,56.0,2400000,0xe0000
1781177595,56.0,2400000,0xe0000
1781177596,56.0,2400000,0xe0000
1781177597,55.4,2400000,0xe0000
1781177598,56.0,2400000,0xe0000
1781177599,56.5,2400000,0xe0000
1781177600,55.4,2400000,0xe0000
1781177601,56.0,2400000,0xe0000
1781177602,56.5,2400000,0xe0000
1781177603,56.5,2400000,0xe0000
1781177605,56.5,2400000,0xe0000
1781177606,56.0,2400000,0xe0000
1781177607,56.5,2400000,0xe0000
1781177608,56.0,2400000,0xe0000
1781177609,56.0,2400000,0xe0000
1781177610,56.5,2400000,0xe0000
1781177611,55.4,2400000,0xe0000
1781177612,55.4,2400000,0xe0000
1781177613,56.5,2400000,0xe0000
1781177614,55.4,2400000,0xe0000
1781177615,56.0,2400000,0xe0000
1781177616,56.0,2400000,0xe0000
1781177617,56.5,2400000,0xe0000
1781177618,56.0,2400000,0xe0000
1781177619,55.4,2400000,0xe0000
1781177620,56.5,2400000,0xe0000
1781177621,56.5,2400000,0xe0000
1781177622,55.4,2400000,0xe0000
1781177623,56.0,2400000,0xe0000
1781177624,55.4,2400000,0xe0000
1781177625,56.5,2400000,0xe0000
1781177626,54.9,2400000,0xe0000
1781177627,55.4,2400000,0xe0000
1781177628,56.0,2400000,0xe0000
1781177630,56.0,2400000,0xe0000
1781177631,57.1,2400000,0xe0000
1781177632,56.5,2400000,0xe0000
1781177633,56.5,2400000,0xe0000
1781177634,56.0,2400000,0xe0000
1781177635,56.0,2400000,0xe0000
1781177636,56.5,2400000,0xe0000
1781177637,56.5,2400000,0xe0000
1781177638,56.0,2400000,0xe0000
1781177639,56.0,2400000,0xe0000
1781177640,56.0,2400000,0xe0000
1781177641,56.0,2400000,0xe0000
1781177642,56.0,2400000,0xe0000
1781177643,56.5,2400000,0xe0000
1781177644,55.4,2400000,0xe0000
1781177645,56.0,2400000,0xe0000
1781177646,56.5,2400000,0xe0000
1781177647,56.0,2400000,0xe0000
1781177649,56.5,2400000,0xe0000
1781177650,56.0,2400000,0xe0000
1781177651,56.0,2400000,0xe0000
1781177652,55.4,2400000,0xe0000
1781177653,56.0,2400000,0xe0000
1781177654,56.0,2400000,0xe0000
1781177655,56.0,2400000,0xe0000
1781177656,55.4,2400000,0xe0000
1781177657,55.4,2400000,0xe0000
1781177658,55.4,2400000,0xe0000
1781177659,55.4,2400000,0xe0000
1781177660,54.9,2400000,0xe0000
1781177661,56.0,2400000,0xe0000
1781177662,55.4,2400000,0xe0000
1781177663,56.0,2400000,0xe0000
1781177664,56.5,2400000,0xe0000
1781177665,56.0,2400000,0xe0000
1781177666,56.0,2400000,0xe0000
1781177667,56.0,2400000,0xe0000
1781177668,56.0,2400000,0xe0000
1781177669,56.0,2400000,0xe0000
1781177670,56.0,2400000,0xe0000
1781177671,56.5,2400000,0xe0000
1781177672,56.5,2400000,0xe0000
1781177673,56.0,2400000,0xe0000
1781177674,54.9,2400000,0xe0000
1781177675,56.0,2400000,0xe0000
1781177676,56.0,2400000,0xe0000
1781177677,55.4,2400000,0xe0000
1781177679,56.5,2400000,0xe0000
1781177680,56.0,2400000,0xe0000
1781177681,56.0,2400000,0xe0000
1781177682,56.5,2400000,0xe0000
1781177683,55.4,2400000,0xe0000
1781177684,56.0,2400000,0xe0000
1781177685,56.0,2400000,0xe0000
1781177686,56.0,2400000,0xe0000
1781177687,56.0,2400000,0xe0000
1781177688,56.5,2400000,0xe0000
1781177689,55.4,2400000,0xe0000
1781177690,57.1,2400000,0xe0000
1781177691,55.4,2400000,0xe0000
1781177692,56.0,2400000,0xe0000
1781177693,56.5,2400000,0xe0000
1781177694,56.0,2400000,0xe0000
1781177695,55.4,2400000,0xe0000
1781177697,56.0,2400000,0xe0000
1781177698,56.0,2400000,0xe0000
1781177699,56.0,2400000,0xe0000
1781177700,56.5,2400000,0xe0000
1781177701,56.0,2400000,0xe0000
1781177702,56.0,2400000,0xe0000
1781177703,56.5,2400000,0xe0000
1781177704,56.5,2400000,0xe0000
1781177705,56.0,2400000,0xe0000
1781177706,56.5,2400000,0xe0000
1781177707,56.0,2400000,0xe0000
1781177708,56.0,2400000,0xe0000
1781177709,56.0,2400000,0xe0000
1781177710,56.0,2400000,0xe0000
1781177711,56.0,2400000,0xe0000
1781177712,56.5,2400000,0xe0000
1781177713,56.0,2400000,0xe0000
1781177714,56.0,2400000,0xe0000
1781177715,56.5,2400000,0xe0000
1781177716,55.4,2400000,0xe0000
1781177717,56.5,2400000,0xe0000
1781177718,56.0,2400000,0xe0000
1781177719,56.0,2400000,0xe0000
1781177720,56.0,2400000,0xe0000
1781177721,56.0,2400000,0xe0000
1781177722,56.0,2400000,0xe0000
1781177723,55.4,2400000,0xe0000
1781177725,55.4,2400000,0xe0000
1781177726,56.0,2400000,0xe0000
1781177727,56.0,2400000,0xe0000
1781177728,56.0,2400000,0xe0000
1781177729,54.9,2400000,0xe0000
1781177730,56.0,2400000,0xe0000
1781177731,56.5,2400000,0xe0000
1781177732,56.0,2400000,0xe0000
1781177733,56.5,2400000,0xe0000
1781177734,55.4,2400000,0xe0000
1781177735,56.0,2400000,0xe0000
1781177736,56.0,2400000,0xe0000
1781177737,56.0,2400000,0xe0000
1781177738,56.0,2400000,0xe0000
1781177739,56.5,2400000,0xe0000
1781177740,56.5,2400000,0xe0000
1781177741,56.0,2400000,0xe0000
1781177742,56.0,2400000,0xe0000
1781177743,56.0,2400000,0xe0000
1781177744,56.0,2400000,0xe0000
1781177746,56.0,2400000,0xe0000
1781177747,56.5,2400000,0xe0000
1781177748,54.9,2400000,0xe0000
1781177749,56.0,2400000,0xe0000
1781177750,56.0,2400000,0xe0000
1781177751,56.0,2400000,0xe0000
1781177752,55.4,2400000,0xe0000
1781177753,55.4,2400000,0xe0000
1781177754,55.4,2400000,0xe0000
1781177755,56.0,2400000,0xe0000
1781177756,56.0,2400000,0xe0000
1781177757,55.4,2400000,0xe0000
1781177758,56.0,2400000,0xe0000
1781177759,55.4,2400000,0xe0000
1781177760,56.5,2400000,0xe0000
1781177761,56.0,2400000,0xe0000
1781177762,55.4,2400000,0xe0000
1781177763,56.0,2400000,0xe0000
1781177764,54.3,2400000,0xe0000
1781177765,56.5,2400000,0xe0000
1781177766,56.5,2400000,0xe0000
1781177767,56.0,2400000,0xe0000
1781177768,56.0,2400000,0xe0000
1781177769,56.5,2400000,0xe0000
1781177771,56.0,2400000,0xe0000
1781177772,56.5,2400000,0xe0000
1781177773,56.5,2400000,0xe0000
1781177774,56.5,2400000,0xe0000
1781177775,56.5,2400000,0xe0000
1781177776,55.4,2400000,0xe0000
1781177777,56.0,2400000,0xe0000
1781177778,56.5,2400000,0xe0000
1781177779,55.4,2400000,0xe0000
1781177780,54.9,2400000,0xe0000
1781177781,56.0,2400000,0xe0000
1781177782,56.0,2400000,0xe0000
1781177783,56.0,2400000,0xe0000
1781177784,56.0,2400000,0xe0000
1781177785,56.0,2400000,0xe0000
1781177786,55.4,2400000,0xe0000
1781177787,55.4,2400000,0xe0000
1781177788,55.4,2400000,0xe0000
1781177789,56.0,2400000,0xe0000
1781177790,55.4,2400000,0xe0000
1781177791,56.5,2400000,0xe0000
1781177792,56.0,2400000,0xe0000
1781177793,56.0,2400000,0xe0000
1781177794,56.0,2400000,0xe0000
1781177795,56.0,2400000,0xe0000
1781177796,56.0,2400000,0xe0000
1781177797,56.5,2400000,0xe0000
1781177798,56.0,2400000,0xe0000
1781177799,55.4,2400000,0xe0000
1781177800,56.0,2400000,0xe0000
1781177801,56.5,2400000,0xe0000
1781177802,56.5,2400000,0xe0000
1781177803,56.0,2400000,0xe0000
1781177804,56.0,2400000,0xe0000
1781177806,56.0,2400000,0xe0000
1781177807,55.4,2400000,0xe0000
1781177808,56.5,2400000,0xe0000
1781177809,56.0,2400000,0xe0000
1781177810,56.0,2400000,0xe0000
1781177811,56.5,2400000,0xe0000
1781177812,56.5,2400000,0xe0000
1781177813,55.4,2400000,0xe0000
1781177814,56.0,2400000,0xe0000
1781177815,56.0,2400000,0xe0000
1781177816,54.9,2400000,0xe0000
1781177817,55.4,2400000,0xe0000
1781177818,56.0,2400000,0xe0000
1781177819,55.4,2400000,0xe0000
1781177820,56.0,2400000,0xe0000
1781177821,54.9,2400000,0xe0000
1781177822,56.0,2400000,0xe0000
1781177823,56.5,2400000,0xe0000
1781177824,56.5,2400000,0xe0000
1781177825,56.0,2400000,0xe0000
1781177827,55.4,2400000,0xe0000
1781177828,55.4,2400000,0xe0000
1781177829,56.0,2400000,0xe0000
1781177830,55.4,2400000,0xe0000
1781177831,56.0,2400000,0xe0000
1781177832,55.4,2400000,0xe0000
1781177833,56.0,2400000,0xe0000
1781177834,56.5,2400000,0xe0000
1781177835,56.0,2400000,0xe0000
1781177836,54.9,2400000,0xe0000
1781177837,55.4,2400000,0xe0000
1781177838,56.0,2400000,0xe0000
1781177839,56.0,2400000,0xe0000
1781177840,56.0,2400000,0xe0000
1781177841,56.0,2400000,0xe0000
1781177842,56.0,2400000,0xe0000
1781177843,56.0,2400000,0xe0000
1781177844,56.0,2400000,0xe0000
1781177845,56.0,2400000,0xe0000
1781177846,56.0,2400000,0xe0000
1781177847,56.0,2400000,0xe0000
1781177848,55.4,2400000,0xe0000
1781177849,56.5,2400000,0xe0000
1781177850,56.0,2400000,0xe0000
1781177852,56.0,2400000,0xe0000
1781177853,56.0,2400000,0xe0000
1781177854,56.5,2400000,0xe0000
1781177855,55.4,2400000,0xe0000
1781177856,55.4,2400000,0xe0000
1781177857,55.4,2400000,0xe0000
1781177858,56.0,2400000,0xe0000
1781177859,55.4,2400000,0xe0000
1781177860,56.0,2400000,0xe0000
1781177861,55.4,2400000,0xe0000
1781177862,56.0,2400000,0xe0000
1781177863,56.0,2400000,0xe0000
1781177864,56.0,2400000,0xe0000
1781177865,56.0,2400000,0xe0000
1781177866,56.0,2400000,0xe0000
1781177867,56.0,2400000,0xe0000
1781177868,56.0,2400000,0xe0000
1781177869,56.0,2400000,0xe0000
1781177871,56.0,2400000,0xe0000
1781177872,56.0,2400000,0xe0000
1781177873,56.5,2400000,0xe0000
1781177874,54.9,2400000,0xe0000
1781177875,55.4,2400000,0xe0000
1781177876,56.0,2400000,0xe0000
1781177877,56.0,2400000,0xe0000
1781177878,55.4,2400000,0xe0000
1781177879,56.0,2400000,0xe0000
1781177880,56.0,2400000,0xe0000
1781177881,55.4,2400000,0xe0000
1781177882,56.0,2400000,0xe0000
1781177883,56.0,2400000,0xe0000
1781177884,56.0,2400000,0xe0000
1781177885,56.0,2400000,0xe0000
1781177886,56.0,2400000,0xe0000
1781177887,55.4,2400000,0xe0000
1781177888,56.0,2400000,0xe0000
1781177889,56.0,2400000,0xe0000
1781177890,55.4,2400000,0xe0000
1781177891,56.0,2400000,0xe0000
1781177892,56.5,2400000,0xe0000
1781177893,56.0,2400000,0xe0000
1781177894,56.0,2400000,0xe0000
1781177895,56.0,2400000,0xe0000
1781177897,56.0,2400000,0xe0000
1781177898,56.5,2400000,0xe0000
1781177899,55.4,2400000,0xe0000
1781177900,55.4,2400000,0xe0000
1781177901,56.0,2400000,0xe0000
1781177902,56.0,2400000,0xe0000
1781177903,56.5,2400000,0xe0000
1781177904,55.4,2400000,0xe0000
1781177905,54.9,2400000,0xe0000
1781177906,56.0,2400000,0xe0000
1781177907,56.0,2400000,0xe0000
1781177908,56.0,2400000,0xe0000
1781177909,56.0,2400000,0xe0000
1781177910,56.0,2400000,0xe0000
1781177911,54.9,2400000,0xe0000
1781177912,56.0,2400000,0xe0000
1781177913,55.4,2400000,0xe0000
1781177914,55.4,2400000,0xe0000
1781177915,55.4,2400000,0xe0000
1781177916,56.0,2400000,0xe0000
1781177917,55.4,2400000,0xe0000
1781177918,56.0,2400000,0xe0000
1781177919,56.5,2400000,0xe0000
1781177920,55.4,2400000,0xe0000
1781177922,56.0,2400000,0xe0000
1781177923,55.4,2400000,0xe0000
1781177924,56.0,2400000,0xe0000
1781177925,55.4,2400000,0xe0000
1781177926,56.0,2400000,0xe0000
1781177927,56.0,2400000,0xe0000
1781177928,56.0,2400000,0xe0000
1781177929,55.4,2400000,0xe0000
1781177930,54.9,2400000,0xe0000
1781177931,55.4,2400000,0xe0000
1781177932,56.0,2400000,0xe0000
1781177933,56.0,2400000,0xe0000
1781177934,56.5,2400000,0xe0000
1781177935,56.0,2400000,0xe0000
1781177936,55.4,2400000,0xe0000
1781177937,56.0,2400000,0xe0000
1781177938,56.0,2400000,0xe0000
1781177939,54.9,2400000,0xe0000
1781177940,55.4,2400000,0xe0000
1781177941,55.4,2400000,0xe0000
1781177942,56.0,2400000,0xe0000
1781177944,56.0,2400000,0xe0000
1781177945,54.9,2400000,0xe0000
1781177946,55.4,2400000,0xe0000
1781177947,56.0,2400000,0xe0000
1781177948,56.0,2400000,0xe0000
1781177949,56.0,2400000,0xe0000
1781177950,56.5,2400000,0xe0000
1781177951,56.0,2400000,0xe0000
1781177952,56.0,2400000,0xe0000
1781177953,56.0,2400000,0xe0000
1781177954,56.0,2400000,0xe0000
1781177955,55.4,2400000,0xe0000
1781177956,56.0,2400000,0xe0000
1781177957,56.0,2400000,0xe0000
1781177958,56.0,2400000,0xe0000
1781177959,56.5,2400000,0xe0000
1781177961,56.5,2400000,0xe0000
1781177962,56.0,2400000,0xe0000
1781177963,55.4,2400000,0xe0000
1781177964,55.4,2400000,0xe0000
1781177965,56.0,2400000,0xe0000
1781177966,56.0,2400000,0xe0000
1781177967,56.0,2400000,0xe0000
1781177968,55.4,2400000,0xe0000
1781177969,56.0,2400000,0xe0000
1781177970,56.0,2400000,0xe0000
1781177971,56.0,2400000,0xe0000
1781177972,54.3,2400000,0xe0000
1781177973,55.4,2400000,0xe0000
1781177974,56.0,2400000,0xe0000
1781177975,55.4,2400000,0xe0000
1781177976,55.4,2400000,0xe0000
1781177977,55.4,2400000,0xe0000
1781177978,56.0,2400000,0xe0000
1781177979,55.4,2400000,0xe0000
1781177981,55.4,2400000,0xe0000
1781177982,55.4,2400000,0xe0000
1781177983,56.0,2400000,0xe0000
1781177984,56.0,2400000,0xe0000
1781177985,56.5,2400000,0xe0000
1781177986,56.0,2400000,0xe0000
1781177987,55.4,2400000,0xe0000
1781177988,56.0,2400000,0xe0000
1781177989,56.0,2400000,0xe0000
1781177990,56.0,2400000,0xe0000
1781177991,56.0,2400000,0xe0000
1781177992,55.4,2400000,0xe0000
1781177993,56.0,2400000,0xe0000
1781177994,56.5,2400000,0xe0000
1781177995,56.0,2400000,0xe0000
1781177996,54.9,2400000,0xe0000
1781177997,55.4,2400000,0xe0000
1781177998,56.0,2400000,0xe0000
1781178000,56.0,2400000,0xe0000
1781178001,56.0,2400000,0xe0000
1781178002,56.0,2400000,0xe0000
1781178003,56.0,2400000,0xe0000
1781178004,56.5,2400000,0xe0000
1781178005,56.0,2400000,0xe0000
1781178006,56.5,2400000,0xe0000
1781178007,55.4,2400000,0xe0000
1781178008,55.4,2400000,0xe0000
1781178009,56.0,2400000,0xe0000
1781178010,56.0,2400000,0xe0000
1781178011,56.0,2400000,0xe0000
1781178012,56.0,2400000,0xe0000
1781178013,56.0,2400000,0xe0000
1781178014,54.9,2400000,0xe0000
1781178015,56.0,2400000,0xe0000
1781178016,56.0,2400000,0xe0000
1781178017,56.0,2400000,0xe0000
1781178019,56.0,2400000,0xe0000
1781178020,56.0,2400000,0xe0000
1781178021,55.4,2400000,0xe0000
1781178022,55.4,2400000,0xe0000
1781178023,55.4,2400000,0xe0000
1781178024,55.4,2400000,0xe0000
1781178025,56.0,2400000,0xe0000
1781178026,55.4,2400000,0xe0000
1781178027,55.4,2400000,0xe0000
1781178028,55.4,2400000,0xe0000
1781178029,55.4,2400000,0xe0000
1781178030,55.4,2400000,0xe0000
1781178031,54.9,2400000,0xe0000
1781178032,56.5,2400000,0xe0000
1781178033,56.0,2400000,0xe0000
1781178034,56.5,2400000,0xe0000
1781178035,56.0,2400000,0xe0000
1781178036,56.0,2400000,0xe0000
1781178037,56.0,2400000,0xe0000
1781178038,56.0,2400000,0xe0000
1781178039,57.1,2400000,0xe0000
1781178040,56.0,2400000,0xe0000
1781178041,56.0,2400000,0xe0000
1781178042,56.0,2400000,0xe0000
1781178043,55.4,2400000,0xe0000
1781178044,56.0,2400000,0xe0000
1781178045,56.0,2400000,0xe0000
1781178047,56.0,2400000,0xe0000
1781178048,56.5,2400000,0xe0000
1781178049,56.0,2400000,0xe0000
1781178050,55.4,2400000,0xe0000
1781178051,56.0,2400000,0xe0000
1781178052,56.0,2400000,0xe0000
1781178053,56.0,2400000,0xe0000
1781178054,55.4,2400000,0xe0000
1781178055,56.0,2400000,0xe0000
1781178056,56.0,2400000,0xe0000
1781178057,56.0,2400000,0xe0000
1781178058,55.4,2400000,0xe0000
1781178059,56.0,2400000,0xe0000
1781178060,56.0,2400000,0xe0000
1781178061,56.5,2400000,0xe0000
1781178062,56.0,2400000,0xe0000
1781178064,56.0,2400000,0xe0000
1781178065,56.0,2400000,0xe0000
1781178066,56.0,2400000,0xe0000
1781178067,55.4,2400000,0xe0000
1781178068,56.0,2400000,0xe0000
1781178069,56.0,2400000,0xe0000
1781178070,56.0,2400000,0xe0000
1781178071,56.0,2400000,0xe0000
1781178072,56.5,2400000,0xe0000
1781178073,56.5,2400000,0xe0000
1781178074,56.5,2400000,0xe0000
1781178075,56.0,2400000,0xe0000
1781178076,56.0,2400000,0xe0000
1781178077,55.4,2400000,0xe0000
1781178078,55.4,2400000,0xe0000
1781178079,54.9,2400000,0xe0000
1781178080,56.0,2400000,0xe0000
1781178081,56.0,2400000,0xe0000
1781178082,56.0,2400000,0xe0000
1781178083,55.4,2400000,0xe0000
1781178084,56.0,2400000,0xe0000
1781178085,56.0,2400000,0xe0000
1781178087,56.0,2400000,0xe0000
1781178088,55.4,2400000,0xe0000
1781178089,55.4,2400000,0xe0000
1781178090,56.0,2400000,0xe0000
1781178091,56.5,2400000,0xe0000
1781178092,55.4,2400000,0xe0000
1781178093,55.4,2400000,0xe0000
1781178094,56.0,2400000,0xe0000
1781178095,56.0,2400000,0xe0000
1781178096,55.4,2400000,0xe0000
1781178097,56.0,2400000,0xe0000
1781178098,56.0,2400000,0xe0000
1781178099,56.0,2400000,0xe0000
1781178100,56.5,2400000,0xe0000
1781178101,57.1,2400000,0xe0000
1781178102,57.1,2400000,0xe0000
1781178103,56.0,2400000,0xe0000
1781178104,56.0,2400000,0xe0000
1781178105,55.4,2400000,0xe0000
1781178106,54.9,2400000,0xe0000
1781178107,56.5,2400000,0xe0000
1781178108,56.0,2400000,0xe0000
1781178109,54.9,2400000,0xe0000
1781178110,55.4,2400000,0xe0000
1781178111,56.5,2400000,0xe0000
1781178112,56.0,2400000,0xe0000
1781178113,55.4,2400000,0xe0000
1781178114,56.0,2400000,0xe0000
1781178115,56.0,2400000,0xe0000
1781178116,55.4,2400000,0xe0000
1781178117,55.4,2400000,0xe0000
1781178118,55.4,2400000,0xe0000
1781178120,56.0,2400000,0xe0000
1781178121,56.0,2400000,0xe0000
1781178122,55.4,2400000,0xe0000
1781178123,55.4,2400000,0xe0000
1781178124,56.0,2400000,0xe0000
1781178125,55.4,2400000,0xe0000
1781178126,56.0,2400000,0xe0000
1781178127,56.0,2400000,0xe0000
1781178128,56.5,2400000,0xe0000
1781178129,56.0,2400000,0xe0000
1781178130,55.4,2400000,0xe0000
1781178131,56.0,2400000,0xe0000
1781178132,55.4,2400000,0xe0000
1781178133,55.4,2400000,0xe0000
1781178134,56.0,2400000,0xe0000
1781178135,56.0,2400000,0xe0000
1781178136,56.5,2400000,0xe0000
1781178137,56.0,2400000,0xe0000
1781178138,56.0,2400000,0xe0000
1781178139,56.0,2400000,0xe0000
1781178140,55.4,2400000,0xe0000
1781178141,56.0,2400000,0xe0000
1781178142,55.4,2400000,0xe0000
1781178144,55.4,2400000,0xe0000
1781178145,56.0,2400000,0xe0000
1781178146,56.0,2400000,0xe0000
1781178147,56.0,2400000,0xe0000
1781178148,56.0,2400000,0xe0000
1781178149,56.0,2400000,0xe0000
1781178150,56.0,2400000,0xe0000
1781178151,56.0,2400000,0xe0000
1781178152,56.0,2400000,0xe0000
1781178153,56.0,2400000,0xe0000
1781178154,56.0,2400000,0xe0000
1781178155,56.0,2400000,0xe0000
1781178156,56.0,2400000,0xe0000
1781178157,55.4,2400000,0xe0000
1781178158,56.0,2400000,0xe0000
1781178159,56.0,2400000,0xe0000
1781178160,56.0,2400000,0xe0000
1781178162,56.5,2400000,0xe0000
1781178163,55.4,2400000,0xe0000
1781178164,56.0,2400000,0xe0000
1781178165,55.4,2400000,0xe0000
1781178166,56.0,2400000,0xe0000
1781178167,56.0,2400000,0xe0000
1781178168,56.0,2400000,0xe0000
1781178169,56.0,2400000,0xe0000
1781178170,55.4,2400000,0xe0000
1781178171,56.0,2400000,0xe0000
1781178172,56.0,2400000,0xe0000
1781178173,54.9,2400000,0xe0000
1781178174,56.5,2400000,0xe0000
1781178175,56.0,2400000,0xe0000
1781178176,56.0,2400000,0xe0000
1781178177,54.9,2400000,0xe0000
1781178178,56.5,2400000,0xe0000
1781178179,55.4,2400000,0xe0000
1781178180,56.0,2400000,0xe0000
1781178181,56.5,2400000,0xe0000
1781178182,55.4,2400000,0xe0000
1781178183,55.4,2400000,0xe0000
1781178185,55.4,2400000,0xe0000
1781178186,56.0,2400000,0xe0000
1781178187,55.4,2400000,0xe0000
1781178188,56.0,2400000,0xe0000
1781178189,55.4,2400000,0xe0000
1781178190,56.0,2400000,0xe0000
1781178191,55.4,2400000,0xe0000
1781178192,55.4,2400000,0xe0000
1781178193,56.5,2400000,0xe0000
1781178194,56.5,2400000,0xe0000
1781178195,56.0,2400000,0xe0000
1781178196,55.4,2400000,0xe0000
1781178197,56.0,2400000,0xe0000
1781178198,56.0,2400000,0xe0000
1781178199,56.0,2400000,0xe0000
1781178200,56.0,2400000,0xe0000
1781178201,56.5,2400000,0xe0000
1781178202,56.0,2400000,0xe0000
1781178203,56.5,2400000,0xe0000
1781178204,56.0,2400000,0xe0000
1781178205,56.0,2400000,0xe0000
1781178206,56.0,2400000,0xe0000
1781178207,55.4,2400000,0xe0000
1781178208,56.0,2400000,0xe0000
1781178209,56.0,2400000,0xe0000
1781178210,55.4,2400000,0xe0000
1781178211,56.0,2400000,0xe0000
1781178212,56.5,2400000,0xe0000
1781178213,54.9,2400000,0xe0000
1781178214,56.5,2400000,0xe0000
1781178216,56.5,2400000,0xe0000
1781178217,55.4,2400000,0xe0000
1781178218,55.4,2400000,0xe0000
1781178219,56.0,2400000,0xe0000
1781178220,56.5,2400000,0xe0000
1781178221,57.1,2400000,0xe0000
1781178222,56.5,2400000,0xe0000
1781178223,56.5,2400000,0xe0000
1781178224,55.4,2400000,0xe0000
1781178225,56.0,2400000,0xe0000
1781178226,56.5,2400000,0xe0000
1781178227,56.0,2400000,0xe0000
1781178228,55.4,2400000,0xe0000
1781178229,56.0,2400000,0xe0000
1781178230,56.0,2400000,0xe0000
1781178231,56.0,2400000,0xe0000
1781178232,55.4,2400000,0xe0000
1781178233,56.0,2400000,0xe0000
1781178234,56.0,2400000,0xe0000
1781178235,55.4,2400000,0xe0000
1781178236,56.0,2400000,0xe0000
1781178237,56.5,2400000,0xe0000
1781178238,56.5,2400000,0xe0000
1781178239,54.9,2400000,0xe0000
1781178241,56.0,2400000,0xe0000
1781178242,57.1,2400000,0xe0000
1781178243,54.9,2400000,0xe0000
1781178244,56.0,2400000,0xe0000
1781178245,55.4,2400000,0xe0000
1781178246,54.9,2400000,0xe0000
1781178247,56.5,2400000,0xe0000
1781178248,56.0,2400000,0xe0000
1781178249,56.0,2400000,0xe0000
1781178250,56.0,2400000,0xe0000
1781178251,56.0,2400000,0xe0000
1781178252,56.5,2400000,0xe0000
1781178253,56.0,2400000,0xe0000
1781178254,56.0,2400000,0xe0000
1781178255,56.5,2400000,0xe0000
1781178256,56.5,2400000,0xe0000
1781178257,57.1,2400000,0xe0000
1781178258,56.5,2400000,0xe0000
1781178259,56.0,2400000,0xe0000
1781178260,56.5,2400000,0xe0000
1781178261,56.0,2400000,0xe0000
1781178262,56.0,2400000,0xe0000
1781178263,56.0,2400000,0xe0000
1781178264,54.9,2400000,0xe0000
1781178265,56.0,2400000,0xe0000
1781178266,56.0,2400000,0xe0000
1781178267,56.5,2400000,0xe0000
1781178269,56.0,2400000,0xe0000
1781178270,56.0,2400000,0xe0000
1781178271,56.5,2400000,0xe0000
1781178272,55.4,2400000,0xe0000
1781178273,56.0,2400000,0xe0000
1781178274,56.5,2400000,0xe0000
1781178275,56.0,2400000,0xe0000
1781178276,56.5,2400000,0xe0000
1781178277,56.5,2400000,0xe0000
1781178278,56.0,2400000,0xe0000
1781178279,56.0,2400000,0xe0000
1781178280,55.4,2400000,0xe0000
1781178281,56.0,2400000,0xe0000
1781178282,56.0,2400000,0xe0000
1781178283,56.0,2400000,0xe0000
1781178284,56.0,2400000,0xe0000
1781178285,56.0,2400000,0xe0000
1781178286,56.5,2400000,0xe0000
1781178287,56.0,2400000,0xe0000
1781178288,55.4,2400000,0xe0000
1781178289,56.0,2400000,0xe0000
1781178291,55.4,2400000,0xe0000
1781178292,56.5,2400000,0xe0000
1781178293,56.0,2400000,0xe0000
1781178294,56.0,2400000,0xe0000
1781178295,55.4,2400000,0xe0000
1781178296,56.0,2400000,0xe0000
1781178297,56.0,2400000,0xe0000
1781178298,54.9,2400000,0xe0000
1781178299,56.0,2400000,0xe0000
1781178300,56.0,2400000,0xe0000
1781178301,54.9,2400000,0xe0000
1781178302,56.5,2400000,0xe0000
1781178303,56.5,2400000,0xe0000
1781178304,55.4,2400000,0xe0000
1781178305,55.4,2400000,0xe0000
1781178306,56.0,2400000,0xe0000
1781178307,55.4,2400000,0xe0000
1781178308,55.4,2400000,0xe0000
1781178309,56.0,2400000,0xe0000
1781178310,55.4,2400000,0xe0000
1781178311,56.0,2400000,0xe0000
1781178312,55.4,2400000,0xe0000
1781178313,56.0,2400000,0xe0000
1781178314,56.0,2400000,0xe0000
1781178315,56.0,2400000,0xe0000
1781178316,56.0,2400000,0xe0000
1781178318,55.4,2400000,0xe0000
1781178319,57.1,2400000,0xe0000
1781178320,56.5,2400000,0xe0000
1781178321,56.0,2400000,0xe0000
1781178322,56.0,2400000,0xe0000
1781178323,56.0,2400000,0xe0000
1781178324,56.0,2400000,0xe0000
1781178325,54.3,2400000,0xe0000
1781178326,56.5,2400000,0xe0000
1781178327,56.0,2400000,0xe0000
1781178328,55.4,2400000,0xe0000
1781178329,56.0,2400000,0xe0000
1781178330,54.9,2400000,0xe0000
1781178331,56.0,2400000,0xe0000
1781178332,56.0,2400000,0xe0000
1781178333,56.0,2400000,0xe0000
1781178334,56.0,2400000,0xe0000
1781178335,55.4,2400000,0xe0000
1781178336,54.9,2400000,0xe0000
1781178337,55.4,2400000,0xe0000
1781178338,54.3,2400000,0xe0000
1781178339,56.5,2400000,0xe0000
1781178340,56.0,2400000,0xe0000
1781178341,56.0,2400000,0xe0000
1781178342,55.4,2400000,0xe0000
1781178344,55.4,2400000,0xe0000
1781178345,56.0,2400000,0xe0000
1781178346,56.0,2400000,0xe0000
1781178347,56.0,2400000,0xe0000
1781178348,56.0,2400000,0xe0000
1781178349,56.0,2400000,0xe0000
1781178350,55.4,2400000,0xe0000
1781178351,55.4,2400000,0xe0000
1781178352,56.0,2400000,0xe0000
1781178353,56.5,2400000,0xe0000
1781178354,56.0,2400000,0xe0000
1781178355,56.0,2400000,0xe0000
1781178356,55.4,2400000,0xe0000
1781178357,56.0,2400000,0xe0000
1781178358,56.0,2400000,0xe0000
1781178359,56.0,2400000,0xe0000
1781178360,55.4,2400000,0xe0000
1781178361,56.0,2400000,0xe0000
1781178362,55.4,2400000,0xe0000
1781178363,56.5,2400000,0xe0000
1781178364,56.5,2400000,0xe0000
1781178366,56.0,2400000,0xe0000
1781178367,56.0,2400000,0xe0000
1781178368,56.5,2400000,0xe0000
1781178369,56.5,2400000,0xe0000
1781178370,56.5,2400000,0xe0000
1781178371,56.0,2400000,0xe0000
1781178372,56.0,2400000,0xe0000
1781178373,54.9,2400000,0xe0000
1781178374,55.4,2400000,0xe0000
1781178375,55.4,2400000,0xe0000
1781178376,56.0,2400000,0xe0000
1781178377,56.0,2400000,0xe0000
1781178378,55.4,2400000,0xe0000
1781178379,55.4,2400000,0xe0000
1781178380,56.0,2400000,0xe0000
1781178381,55.4,2400000,0xe0000
1781178382,55.4,2400000,0xe0000
1781178383,56.0,2400000,0xe0000
1781178384,55.4,2400000,0xe0000
1781178385,56.0,2400000,0xe0000
1781178386,55.4,2400000,0xe0000
1781178387,55.4,2400000,0xe0000
1781178388,56.0,2400000,0xe0000
1781178389,56.0,2400000,0xe0000
1781178390,54.9,2400000,0xe0000
1781178391,56.0,2400000,0xe0000
1781178392,56.5,2400000,0xe0000
1781178394,56.0,2400000,0xe0000
1781178395,56.5,2400000,0xe0000
1781178396,55.4,2400000,0xe0000
1781178397,56.5,2400000,0xe0000
1781178398,56.0,2400000,0xe0000
1781178399,56.0,2400000,0xe0000
1781178400,54.3,2400000,0xe0000
1781178401,55.4,2400000,0xe0000
1781178402,56.0,2400000,0xe0000
1781178403,55.4,2400000,0xe0000
1781178404,54.9,2400000,0xe0000
1781178405,55.4,2400000,0xe0000
1781178406,56.0,2400000,0xe0000
1781178407,56.5,2400000,0xe0000
1781178408,56.0,2400000,0xe0000
1781178409,56.0,2400000,0xe0000
1781178410,55.4,2400000,0xe0000
1781178411,55.4,2400000,0xe0000
1781178412,56.0,2400000,0xe0000
1781178414,55.4,2400000,0xe0000
1781178415,56.0,2400000,0xe0000
1781178416,56.0,2400000,0xe0000
1781178417,56.5,2400000,0xe0000
1781178418,56.0,2400000,0xe0000
1781178419,54.9,2400000,0xe0000
1781178420,56.0,2400000,0xe0000
1781178421,56.0,2400000,0xe0000
1781178422,56.5,2400000,0xe0000
1781178423,56.0,2400000,0xe0000
1781178424,56.5,2400000,0xe0000
1781178425,55.4,2400000,0xe0000
1781178426,56.0,2400000,0xe0000
1781178427,56.0,2400000,0xe0000
1781178428,56.0,2400000,0xe0000
1781178429,56.0,2400000,0xe0000
1781178430,56.0,2400000,0xe0000
1781178432,56.0,2400000,0xe0000
1781178433,56.0,2400000,0xe0000
1781178434,56.0,2400000,0xe0000
1781178435,56.5,2400000,0xe0000
1781178436,56.5,2400000,0xe0000
1781178437,56.0,2400000,0xe0000
1781178438,55.4,2400000,0xe0000
1781178439,56.0,2400000,0xe0000
1781178440,55.4,2400000,0xe0000
1781178441,56.5,2400000,0xe0000
1781178442,55.4,2400000,0xe0000
1781178443,54.9,2400000,0xe0000
1781178444,56.0,2400000,0xe0000
1781178445,56.0,2400000,0xe0000
1781178446,55.4,2400000,0xe0000
1781178447,56.0,2400000,0xe0000
1781178448,56.5,2400000,0xe0000
1781178449,55.4,2400000,0xe0000
1781178450,56.0,2400000,0xe0000
1781178451,56.0,2400000,0xe0000
1781178452,56.5,2400000,0xe0000
1781178453,56.0,2400000,0xe0000
1781178455,56.0,2400000,0xe0000
1781178456,55.4,2400000,0xe0000
1781178457,55.4,2400000,0xe0000
1781178458,56.0,2400000,0xe0000
1781178459,56.0,2400000,0xe0000
1781178460,56.5,2400000,0xe0000
1781178461,54.9,2400000,0xe0000
1781178462,56.0,2400000,0xe0000
1781178463,56.5,2400000,0xe0000
1781178464,56.0,2400000,0xe0000
1781178465,56.0,2400000,0xe0000
1781178466,56.0,2400000,0xe0000
1781178467,56.0,2400000,0xe0000
1781178468,56.0,2400000,0xe0000
1781178469,55.4,2400000,0xe0000
1781178470,56.0,2400000,0xe0000
1781178471,54.9,2400000,0xe0000
1781178472,56.0,2400000,0xe0000
1781178473,56.5,2400000,0xe0000
1781178474,56.0,2400000,0xe0000
1781178475,56.0,2400000,0xe0000
1781178476,55.4,2400000,0xe0000
1781178477,54.3,2400000,0xe0000
1781178478,54.9,2400000,0xe0000
1781178479,56.0,2400000,0xe0000
1781178480,56.0,2400000,0xe0000
1781178481,56.0,2400000,0xe0000
1781178482,55.4,2400000,0xe0000
1781178483,56.0,2400000,0xe0000
1781178485,55.4,2400000,0xe0000
1781178486,54.9,2400000,0xe0000
1781178487,56.0,2400000,0xe0000
1781178488,56.0,2400000,0xe0000
1781178489,55.4,2400000,0xe0000
1781178490,56.0,2400000,0xe0000
1781178491,56.0,2400000,0xe0000
1781178492,56.0,2400000,0xe0000
1781178493,56.5,2400000,0xe0000
1781178494,56.0,2400000,0xe0000
1781178495,55.4,2400000,0xe0000
1781178496,56.0,2400000,0xe0000
1781178497,56.0,2400000,0xe0000
1781178498,56.0,2400000,0xe0000
1781178499,54.9,2400000,0xe0000
1781178500,56.0,2400000,0xe0000
1781178501,56.0,2400000,0xe0000
1781178502,55.4,2400000,0xe0000
1781178503,56.0,2400000,0xe0000
1781178505,56.0,2400000,0xe0000
1781178506,56.0,2400000,0xe0000
1781178507,56.0,2400000,0xe0000
1781178508,56.5,2400000,0xe0000
1781178509,56.0,2400000,0xe0000
1781178510,56.0,2400000,0xe0000
1781178511,56.5,2400000,0xe0000
1781178512,56.0,2400000,0xe0000
1781178513,55.4,2400000,0xe0000
1781178514,56.5,2400000,0xe0000
1781178515,56.0,2400000,0xe0000
1781178516,56.0,2400000,0xe0000
1781178517,55.4,2400000,0xe0000
1781178518,56.0,2400000,0xe0000
1781178519,56.0,2400000,0xe0000
1781178520,55.4,2400000,0xe0000
1781178521,56.0,2400000,0xe0000
1781178522,55.4,2400000,0xe0000
1781178523,55.4,2400000,0xe0000
1781178524,56.0,2400000,0xe0000
1781178525,56.0,2400000,0xe0000
1781178526,55.4,2400000,0xe0000
1781178527,56.0,2400000,0xe0000
1781178529,56.0,2400000,0xe0000
1781178530,56.0,2400000,0xe0000
1781178531,55.4,2400000,0xe0000
1781178532,56.0,2400000,0xe0000
1781178533,56.0,2400000,0xe0000
1781178534,56.0,2400000,0xe0000
1781178535,55.4,2400000,0xe0000
1781178536,56.5,2400000,0xe0000
1781178537,56.0,2400000,0xe0000
1781178538,56.0,2400000,0xe0000
1781178539,56.5,2400000,0xe0000
1781178540,56.0,2400000,0xe0000
1781178541,56.0,2400000,0xe0000
1781178542,55.4,2400000,0xe0000
1781178543,55.4,2400000,0xe0000
1781178544,54.9,2400000,0xe0000
1781178545,56.5,2400000,0xe0000
1781178546,56.0,2400000,0xe0000
1781178548,56.0,2400000,0xe0000
1781178549,56.5,2400000,0xe0000
1781178550,56.0,2400000,0xe0000
1781178551,56.0,2400000,0xe0000
1781178552,56.5,2400000,0xe0000
1781178553,55.4,2400000,0xe0000
1781178554,56.0,2400000,0xe0000
1781178555,56.0,2400000,0xe0000
1781178556,56.5,2400000,0xe0000
1781178557,55.4,2400000,0xe0000
1781178558,55.4,2400000,0xe0000
1781178559,56.0,2400000,0xe0000
1781178560,56.0,2400000,0xe0000
1781178561,55.4,2400000,0xe0000
1781178562,56.0,2400000,0xe0000
1781178563,56.5,2400000,0xe0000
1781178564,56.0,2400000,0xe0000
1781178565,56.0,2400000,0xe0000
1781178566,55.4,2400000,0xe0000
1781178568,56.5,2400000,0xe0000
1781178569,56.0,2400000,0xe0000
1781178570,56.5,2400000,0xe0000
1781178571,56.0,2400000,0xe0000
1781178572,56.0,2400000,0xe0000
1781178573,56.0,2400000,0xe0000
1781178574,56.5,2400000,0xe0000
1781178575,56.0,2400000,0xe0000
1781178576,56.0,2400000,0xe0000
1781178577,55.4,2400000,0xe0000
1781178578,56.0,2400000,0xe0000
1781178579,55.4,2400000,0xe0000
1781178580,55.4,2400000,0xe0000
1781178581,56.0,2400000,0xe0000
1781178582,56.0,2400000,0xe0000
1781178583,56.0,2400000,0xe0000
1781178584,55.4,2400000,0xe0000
1781178585,55.4,2400000,0xe0000
1781178586,55.4,2400000,0xe0000
1781178587,55.4,2400000,0xe0000
1781178588,56.0,2400000,0xe0000
1781178589,56.0,2400000,0xe0000
1781178590,56.0,2400000,0xe0000
1781178592,56.5,2400000,0xe0000
1781178593,55.4,2400000,0xe0000
1781178594,56.0,2400000,0xe0000
1781178595,56.0,2400000,0xe0000
1781178596,56.0,2400000,0xe0000
1781178597,56.0,2400000,0xe0000
1781178598,56.0,2400000,0xe0000
1781178599,55.4,2400000,0xe0000
1781178600,56.0,2400000,0xe0000
1781178601,56.0,2400000,0xe0000
1781178602,56.0,2400000,0xe0000
1781178603,55.4,2400000,0xe0000
1781178604,56.5,2400000,0xe0000
1781178605,55.4,2400000,0xe0000
1781178607,55.4,2400000,0xe0000
1781178608,56.0,2400000,0xe0000
1781178609,56.0,2400000,0xe0000
1781178610,56.0,2400000,0xe0000
1781178611,56.0,2400000,0xe0000
1781178612,55.4,2400000,0xe0000
1781178613,56.5,2400000,0xe0000
1781178614,55.4,2400000,0xe0000
1781178615,56.0,2400000,0xe0000
1781178616,56.0,2400000,0xe0000
1781178617,55.4,2400000,0xe0000
1781178618,55.4,2400000,0xe0000
1781178619,56.0,2400000,0xe0000
1781178620,56.5,2400000,0xe0000
1781178621,56.0,2400000,0xe0000
1781178622,56.0,2400000,0xe0000
1781178623,55.4,2400000,0xe0000
1781178624,56.0,2400000,0xe0000
1781178625,54.9,2400000,0xe0000
1781178626,54.9,2400000,0xe0000
1781178627,56.0,2400000,0xe0000
1781178628,56.0,2400000,0xe0000
1781178629,56.0,2400000,0xe0000
1781178630,55.4,2400000,0xe0000
1781178632,56.0,2400000,0xe0000
1781178633,56.0,2400000,0xe0000
1781178634,56.0,2400000,0xe0000
1781178635,56.0,2400000,0xe0000
1781178636,55.4,2400000,0xe0000
1781178637,56.0,2400000,0xe0000
1781178638,56.0,2400000,0xe0000
1781178639,54.9,2400000,0xe0000
1781178640,55.4,2400000,0xe0000
1781178641,56.0,2400000,0xe0000
1781178642,56.0,2400000,0xe0000
1781178643,56.0,2400000,0xe0000
1781178644,56.0,2400000,0xe0000
1781178645,55.4,2400000,0xe0000
1781178646,56.0,2400000,0xe0000
1781178647,56.5,2400000,0xe0000
1781178648,55.4,2400000,0xe0000
1781178649,55.4,2400000,0xe0000
1781178650,56.0,2400000,0xe0000
1781178651,55.4,2400000,0xe0000
1781178652,54.9,2400000,0xe0000
1781178653,56.0,2400000,0xe0000
1781178654,56.0,2400000,0xe0000
1781178655,56.0,2400000,0xe0000
1781178656,56.5,2400000,0xe0000
1781178658,55.4,2400000,0xe0000
1781178659,56.5,2400000,0xe0000
1781178660,56.0,2400000,0xe0000
1781178661,55.4,2400000,0xe0000
1781178662,55.4,2400000,0xe0000
1781178663,56.0,2400000,0xe0000
1781178664,56.5,2400000,0xe0000
1781178665,56.0,2400000,0xe0000
1781178666,56.0,2400000,0xe0000
1781178667,56.0,2400000,0xe0000
1781178668,55.4,2400000,0xe0000
1781178669,56.0,2400000,0xe0000
1781178670,56.0,2400000,0xe0000
1781178671,56.5,2400000,0xe0000
1781178672,55.4,2400000,0xe0000
1781178673,55.4,2400000,0xe0000
1781178675,56.0,2400000,0xe0000
1781178676,56.5,2400000,0xe0000
1781178677,55.4,2400000,0xe0000
1781178678,56.0,2400000,0xe0000
1781178679,56.5,2400000,0xe0000
1781178680,56.5,2400000,0xe0000
1781178681,55.4,2400000,0xe0000
1781178682,56.0,2400000,0xe0000
1781178683,56.5,2400000,0xe0000
1781178684,56.5,2400000,0xe0000
1781178685,57.1,2400000,0xe0000
1781178686,54.3,2400000,0xe0000
1781178687,56.0,2400000,0xe0000
1781178688,56.5,2400000,0xe0000
1781178689,56.0,2400000,0xe0000
1781178690,56.0,2400000,0xe0000
1781178691,55.4,2400000,0xe0000
1781178692,56.0,2400000,0xe0000
1781178693,56.5,2400000,0xe0000
1781178695,56.5,2400000,0xe0000
1781178696,56.0,2400000,0xe0000
1781178697,56.0,2400000,0xe0000
1781178698,56.5,2400000,0xe0000
1781178699,56.0,2400000,0xe0000
1781178700,56.5,2400000,0xe0000
1781178701,55.4,2400000,0xe0000
1781178702,56.0,2400000,0xe0000
1781178703,56.0,2400000,0xe0000
1781178704,56.0,2400000,0xe0000
1781178705,54.3,2400000,0xe0000
1781178706,56.0,2400000,0xe0000
1781178707,56.0,2400000,0xe0000
1781178708,56.0,2400000,0xe0000
1781178709,56.0,2400000,0xe0000
1781178710,56.0,2400000,0xe0000
1781178711,56.5,2400000,0xe0000
1781178712,56.0,2400000,0xe0000
1781178713,55.4,2400000,0xe0000
1781178714,55.4,2400000,0xe0000
1781178715,56.0,2400000,0xe0000
1781178716,55.4,2400000,0xe0000
1781178717,56.0,2400000,0xe0000
1781178719,55.4,2400000,0xe0000
1781178720,54.9,2400000,0xe0000
1781178721,55.4,2400000,0xe0000
1781178722,56.0,2400000,0xe0000
1781178723,55.4,2400000,0xe0000
1781178724,56.5,2400000,0xe0000
1781178725,56.0,2400000,0xe0000
1781178726,55.4,2400000,0xe0000
1781178727,56.0,2400000,0xe0000
1781178728,56.5,2400000,0xe0000
1781178729,56.0,2400000,0xe0000
1781178730,56.0,2400000,0xe0000
1781178731,56.0,2400000,0xe0000
1781178732,56.0,2400000,0xe0000
1781178733,56.5,2400000,0xe0000
1781178734,56.0,2400000,0xe0000
1781178735,55.4,2400000,0xe0000
1781178736,55.4,2400000,0xe0000
1781178737,56.5,2400000,0xe0000
1781178738,56.5,2400000,0xe0000
1781178739,56.0,2400000,0xe0000
1781178740,56.5,2400000,0xe0000
1781178741,55.4,2400000,0xe0000
1781178742,55.4,2400000,0xe0000
1781178743,56.0,2400000,0xe0000
1781178745,55.4,2400000,0xe0000
1781178746,56.0,2400000,0xe0000
1781178747,56.5,2400000,0xe0000
1781178748,56.0,2400000,0xe0000
1781178749,55.4,2400000,0xe0000
1781178750,55.4,2400000,0xe0000
1781178751,56.0,2400000,0xe0000
1781178752,56.0,2400000,0xe0000
1781178753,56.0,2400000,0xe0000
1781178754,54.9,2400000,0xe0000
1781178755,55.4,2400000,0xe0000
1781178756,56.5,2400000,0xe0000
1781178757,56.0,2400000,0xe0000
1781178758,55.4,2400000,0xe0000
1781178759,56.0,2400000,0xe0000
1781178760,56.0,2400000,0xe0000
1781178761,56.0,2400000,0xe0000
1781178762,55.4,2400000,0xe0000
1781178763,56.5,2400000,0xe0000
1781178764,56.0,2400000,0xe0000
1781178765,55.4,2400000,0xe0000
1781178766,56.0,2400000,0xe0000
1781178767,56.0,2400000,0xe0000
1781178768,56.0,2400000,0xe0000
1781178769,55.4,2400000,0xe0000
1781178770,56.0,2400000,0xe0000
1781178772,56.0,2400000,0xe0000
1781178773,55.4,2400000,0xe0000
1781178774,55.4,2400000,0xe0000
1781178775,56.5,2400000,0xe0000
1781178776,56.0,2400000,0xe0000
1781178777,56.0,2400000,0xe0000
1781178778,56.0,2400000,0xe0000
1781178779,56.5,2400000,0xe0000
1781178780,55.4,2400000,0xe0000
1781178781,56.0,2400000,0xe0000
1781178782,56.0,2400000,0xe0000
1781178783,55.4,2400000,0xe0000
1781178784,55.4,2400000,0xe0000
1781178785,54.9,2400000,0xe0000
1781178786,56.5,2400000,0xe0000
1781178787,56.0,2400000,0xe0000
1781178788,56.0,2400000,0xe0000
1781178789,55.4,2400000,0xe0000
1781178790,56.0,2400000,0xe0000
1781178791,55.4,2400000,0xe0000
1781178792,56.0,2400000,0xe0000
1781178794,55.4,2400000,0xe0000
1781178795,56.0,2400000,0xe0000
1781178796,56.0,2400000,0xe0000
1781178797,56.0,2400000,0xe0000
1781178798,56.0,2400000,0xe0000
1781178799,56.5,2400000,0xe0000
1781178800,56.0,2400000,0xe0000
1781178801,55.4,2400000,0xe0000
1781178802,56.0,2400000,0xe0000
1781178803,56.0,2400000,0xe0000
1781178804,56.0,2400000,0xe0000
1781178805,56.0,2400000,0xe0000
1781178806,56.0,2400000,0xe0000
1781178807,56.0,2400000,0xe0000
1781178808,54.3,2400000,0xe0000
1781178809,56.0,2400000,0xe0000
1781178810,56.5,2400000,0xe0000
1781178811,56.0,2400000,0xe0000
1781178812,55.4,2400000,0xe0000
1781178813,56.0,2400000,0xe0000
1781178814,56.0,2400000,0xe0000
1781178815,56.0,2400000,0xe0000
1781178816,54.9,2400000,0xe0000
1781178818,55.4,2400000,0xe0000
1781178819,56.5,2400000,0xe0000
1781178820,56.0,2400000,0xe0000
1781178821,56.0,2400000,0xe0000
1781178822,56.0,2400000,0xe0000
1781178823,55.4,2400000,0xe0000
1781178824,56.0,2400000,0xe0000
1781178825,55.4,2400000,0xe0000
1781178826,56.0,2400000,0xe0000
1781178827,56.0,2400000,0xe0000
1781178828,56.5,2400000,0xe0000
1781178829,56.0,2400000,0xe0000
1781178830,55.4,2400000,0xe0000
1781178831,55.4,2400000,0xe0000
1781178832,56.0,2400000,0xe0000
1781178833,56.5,2400000,0xe0000
1781178834,56.5,2400000,0xe0000
1781178835,56.0,2400000,0xe0000
1781178837,56.5,2400000,0xe0000
1781178838,55.4,2400000,0xe0000
1781178839,56.5,2400000,0xe0000
1781178840,56.0,2400000,0xe0000
1781178841,56.0,2400000,0xe0000
1781178842,56.0,2400000,0xe0000
1781178843,56.5,2400000,0xe0000
1781178844,56.0,2400000,0xe0000
1781178845,54.9,2400000,0xe0000
1781178846,54.9,2400000,0xe0000
1781178847,55.4,2400000,0xe0000
1781178848,56.0,2400000,0xe0000
1781178849,56.0,2400000,0xe0000
1781178850,56.0,2400000,0xe0000
1781178851,56.0,2400000,0xe0000
1781178852,56.0,2400000,0xe0000
1781178853,56.0,2400000,0xe0000
1781178854,56.5,2400000,0xe0000
1781178855,55.4,2400000,0xe0000
1781178856,55.4,2400000,0xe0000
1781178857,56.5,2400000,0xe0000
1781178858,54.9,2400000,0xe0000
1781178859,54.9,2400000,0xe0000
1781178861,56.0,2400000,0xe0000
1781178862,56.5,2400000,0xe0000
1781178863,56.0,2400000,0xe0000
1781178864,56.0,2400000,0xe0000
1781178865,56.5,2400000,0xe0000
1781178866,56.5,2400000,0xe0000
1781178867,56.0,2400000,0xe0000
1781178868,55.4,2400000,0xe0000
1781178869,56.0,2400000,0xe0000
1781178870,56.5,2400000,0xe0000
1781178871,55.4,2400000,0xe0000
1781178872,55.4,2400000,0xe0000
1781178873,55.4,2400000,0xe0000
1781178874,55.4,2400000,0xe0000
1781178875,56.0,2400000,0xe0000
1781178876,55.4,2400000,0xe0000
1781178877,56.0,2400000,0xe0000
1781178878,55.4,2400000,0xe0000
1781178879,56.0,2400000,0xe0000
1781178880,56.5,2400000,0xe0000
1781178881,55.4,2400000,0xe0000
1781178882,56.0,2400000,0xe0000
1781178883,56.0,2400000,0xe0000
1781178884,56.0,2400000,0xe0000
1781178885,56.0,2400000,0xe0000
1781178886,56.0,2400000,0xe0000
1781178887,56.5,2400000,0xe0000
1781178888,55.4,2400000,0xe0000
1781178889,56.0,2400000,0xe0000
1781178890,56.0,2400000,0xe0000
1781178891,55.4,2400000,0xe0000
1781178892,56.0,2400000,0xe0000
1781178893,55.4,2400000,0xe0000
1781178894,56.0,2400000,0xe0000
1781178895,54.9,2400000,0xe0000
1781178897,55.4,2400000,0xe0000
1781178898,55.4,2400000,0xe0000
1781178899,56.5,2400000,0xe0000
1781178900,56.5,2400000,0xe0000
1781178901,55.4,2400000,0xe0000
1781178902,56.0,2400000,0xe0000
1781178903,56.0,2400000,0xe0000
1781178904,56.0,2400000,0xe0000
1781178905,56.0,2400000,0xe0000
1781178906,56.0,2400000,0xe0000
1781178907,56.0,2400000,0xe0000
1781178908,56.0,2400000,0xe0000
1781178909,56.0,2400000,0xe0000
1781178910,55.4,2400000,0xe0000
1781178911,56.0,2400000,0xe0000
1781178912,56.0,2400000,0xe0000
1781178913,54.9,2400000,0xe0000
1781178915,56.5,2400000,0xe0000
1781178916,55.4,2400000,0xe0000
1781178917,55.4,2400000,0xe0000
1781178918,55.4,2400000,0xe0000
1781178919,56.0,2400000,0xe0000
1781178920,56.0,2400000,0xe0000
1781178921,56.5,2400000,0xe0000
1781178922,56.0,2400000,0xe0000
1781178923,56.5,2400000,0xe0000
1781178924,55.4,2400000,0xe0000
1781178925,56.0,2400000,0xe0000
1781178926,55.4,2400000,0xe0000
1781178927,56.0,2400000,0xe0000
1781178928,56.5,2400000,0xe0000
1781178929,56.0,2400000,0xe0000
1781178930,56.0,2400000,0xe0000
1781178931,56.0,2400000,0xe0000
1781178932,56.0,2400000,0xe0000
1781178933,55.4,2400000,0xe0000
1781178934,54.9,2400000,0xe0000
1781178935,56.0,2400000,0xe0000
1781178936,56.0,2400000,0xe0000
1781178937,56.5,2400000,0xe0000
1781178939,56.5,2400000,0xe0000
1781178940,55.4,2400000,0xe0000
1781178941,56.0,2400000,0xe0000
1781178942,56.5,2400000,0xe0000
1781178943,56.0,2400000,0xe0000
1781178944,56.0,2400000,0xe0000
1781178945,56.5,2400000,0xe0000
1781178946,56.5,2400000,0xe0000
1781178947,56.5,2400000,0xe0000
1781178948,55.4,2400000,0xe0000
1781178949,56.5,2400000,0xe0000
1781178950,56.0,2400000,0xe0000
1781178951,55.4,2400000,0xe0000
1781178952,56.0,2400000,0xe0000
1781178953,56.0,2400000,0xe0000
1781178954,56.5,2400000,0xe0000
1781178955,55.4,2400000,0xe0000
1781178956,56.0,2400000,0xe0000
1781178957,56.0,2400000,0xe0000
1781178958,56.0,2400000,0xe0000
1781178960,56.0,2400000,0xe0000
1781178961,55.4,2400000,0xe0000
1781178962,56.0,2400000,0xe0000
1781178963,56.0,2400000,0xe0000
1781178964,56.0,2400000,0xe0000
1781178965,56.0,2400000,0xe0000
1781178966,56.0,2400000,0xe0000
1781178967,56.0,2400000,0xe0000
1781178968,56.5,2400000,0xe0000
1781178969,56.0,2400000,0xe0000
1781178970,56.5,2400000,0xe0000
1781178971,55.4,2400000,0xe0000
1781178972,55.4,2400000,0xe0000
1781178973,56.0,2400000,0xe0000
1781178975,56.5,2400000,0xe0000
1781178976,57.1,2400000,0xe0000
1781178977,54.9,2400000,0xe0000
1781178978,56.0,2400000,0xe0000
1781178979,56.5,2400000,0xe0000
1781178980,54.9,2400000,0xe0000
1781178981,56.0,2400000,0xe0000
1781178982,55.4,2400000,0xe0000
1781178983,55.4,2400000,0xe0000
1781178984,56.5,2400000,0xe0000
1781178985,56.0,2400000,0xe0000
1781178986,56.0,2400000,0xe0000
1781178988,56.0,2400000,0xe0000
1781178989,55.4,2400000,0xe0000
1781178990,54.9,2400000,0xe0000
1781178991,56.5,2400000,0xe0000
1781178992,56.0,2400000,0xe0000
1781178993,56.0,2400000,0xe0000
1781178994,55.4,2400000,0xe0000
1781178995,56.0,2400000,0xe0000
1781178996,56.0,2400000,0xe0000
1781178997,56.0,2400000,0xe0000
1781178998,56.0,2400000,0xe0000
1781178999,56.0,2400000,0xe0000
1781179000,55.4,2400000,0xe0000
1781179001,55.4,2400000,0xe0000
1781179002,56.0,2400000,0xe0000
1781179003,56.5,2400000,0xe0000
1781179004,55.4,2400000,0xe0000
1781179005,56.0,2400000,0xe0000
1781179006,56.0,2400000,0xe0000
1781179007,56.0,2400000,0xe0000
1781179008,55.4,2400000,0xe0000
1781179009,56.5,2400000,0xe0000
1781179010,54.9,2400000,0xe0000
1781179011,56.0,2400000,0xe0000
1781179012,56.5,2400000,0xe0000
1781179014,56.0,2400000,0xe0000
1781179015,56.0,2400000,0xe0000
1781179016,56.5,2400000,0xe0000
1781179017,56.0,2400000,0xe0000
1781179018,56.0,2400000,0xe0000
1781179019,55.4,2400000,0xe0000
1781179020,56.0,2400000,0xe0000
1781179021,55.4,2400000,0xe0000
1781179022,56.0,2400000,0xe0000
1781179023,56.0,2400000,0xe0000
1781179024,55.4,2400000,0xe0000
1781179025,56.5,2400000,0xe0000
1781179026,56.0,2400000,0xe0000
1781179027,56.0,2400000,0xe0000
1781179028,55.4,2400000,0xe0000
1781179030,56.0,2400000,0xe0000
1781179031,54.9,2400000,0xe0000
1781179032,56.0,2400000,0xe0000
1781179033,56.0,2400000,0xe0000
1781179034,55.4,2400000,0xe0000
1781179035,56.0,2400000,0xe0000
1781179036,56.0,2400000,0xe0000
1781179037,56.5,2400000,0xe0000
1781179038,56.0,2400000,0xe0000
1781179039,56.0,2400000,0xe0000
1781179040,56.5,2400000,0xe0000
1781179041,56.0,2400000,0xe0000
1781179042,56.0,2400000,0xe0000
1781179043,55.4,2400000,0xe0000
1781179044,56.5,2400000,0xe0000
1781179045,56.5,2400000,0xe0000
1781179046,55.4,2400000,0xe0000
1781179047,56.0,2400000,0xe0000
1781179048,56.5,2400000,0xe0000
1781179049,56.0,2400000,0xe0000
1781179050,56.0,2400000,0xe0000
1781179051,56.0,2400000,0xe0000
1781179052,56.0,2400000,0xe0000
1781179053,56.5,2400000,0xe0000
1781179055,55.4,2400000,0xe0000
1781179056,55.4,2400000,0xe0000
1781179057,56.5,2400000,0xe0000
1781179058,56.5,2400000,0xe0000
1781179059,55.4,2400000,0xe0000
1781179060,56.0,2400000,0xe0000
1781179061,56.0,2400000,0xe0000
1781179062,54.9,2400000,0xe0000
1781179063,56.5,2400000,0xe0000
1781179064,56.5,2400000,0xe0000
1781179065,56.0,2400000,0xe0000
1781179066,55.4,2400000,0xe0000
1781179067,56.5,2400000,0xe0000
1781179068,56.0,2400000,0xe0000
1781179069,56.0,2400000,0xe0000
1781179070,55.4,2400000,0xe0000
1781179071,56.0,2400000,0xe0000
1781179072,55.4,2400000,0xe0000
1781179073,56.0,2400000,0xe0000
1781179074,56.0,2400000,0xe0000
1781179075,56.0,2400000,0xe0000
1781179076,54.9,2400000,0xe0000
1781179077,56.0,2400000,0xe0000
1781179078,55.4,2400000,0xe0000
1781179079,55.4,2400000,0xe0000
1781179081,56.0,2400000,0xe0000
1781179082,56.0,2400000,0xe0000
1781179083,55.4,2400000,0xe0000
1781179084,56.0,2400000,0xe0000
1781179085,56.0,2400000,0xe0000
1781179086,56.0,2400000,0xe0000
1781179087,55.4,2400000,0xe0000
1781179088,55.4,2400000,0xe0000
1781179089,55.4,2400000,0xe0000
1781179090,56.0,2400000,0xe0000
1781179091,56.0,2400000,0xe0000
1781179092,56.0,2400000,0xe0000
1781179093,55.4,2400000,0xe0000
1781179094,56.0,2400000,0xe0000
1781179095,56.0,2400000,0xe0000
1781179096,56.0,2400000,0xe0000
1781179097,56.5,2400000,0xe0000
1781179098,56.0,2400000,0xe0000
1781179099,56.0,2400000,0xe0000
1781179100,56.0,2400000,0xe0000
1781179101,56.0,2400000,0xe0000
1781179102,55.4,2400000,0xe0000
1781179103,56.0,2400000,0xe0000
1781179105,56.0,2400000,0xe0000
1781179106,54.9,2400000,0xe0000
1781179107,56.0,2400000,0xe0000
1781179108,56.0,2400000,0xe0000
1781179109,55.4,2400000,0xe0000
1781179110,56.5,2400000,0xe0000
1781179111,56.5,2400000,0xe0000
1781179112,56.0,2400000,0xe0000
1781179113,56.0,2400000,0xe0000
1781179114,54.9,2400000,0xe0000
1781179115,54.9,2400000,0xe0000
1781179116,56.5,2400000,0xe0000
1781179117,56.0,2400000,0xe0000
1781179118,56.0,2400000,0xe0000
1781179119,56.0,2400000,0xe0000
1781179120,56.0,2400000,0xe0000
1781179121,56.5,2400000,0xe0000
1781179122,56.0,2400000,0xe0000
1781179123,56.0,2400000,0xe0000
1781179124,56.0,2400000,0xe0000
1781179125,55.4,2400000,0xe0000
1781179127,55.4,2400000,0xe0000
1781179128,55.4,2400000,0xe0000
1781179129,56.5,2400000,0xe0000
1781179130,56.0,2400000,0xe0000
1781179131,56.0,2400000,0xe0000
1781179132,56.0,2400000,0xe0000
1781179133,56.0,2400000,0xe0000
1781179134,56.0,2400000,0xe0000
1781179135,55.4,2400000,0xe0000
1781179136,56.5,2400000,0xe0000
1781179137,56.0,2400000,0xe0000
1781179138,55.4,2400000,0xe0000
1781179139,55.4,2400000,0xe0000
1781179140,56.0,2400000,0xe0000
1781179141,55.4,2400000,0xe0000
1781179142,56.0,2400000,0xe0000
1781179143,56.0,2400000,0xe0000
1781179144,56.0,2400000,0xe0000
1781179145,55.4,2400000,0xe0000
1781179146,54.9,2400000,0xe0000
1781179147,56.0,2400000,0xe0000
1781179148,56.0,2400000,0xe0000
1781179149,56.5,2400000,0xe0000
1781179150,55.4,2400000,0xe0000
1781179152,56.0,2400000,0xe0000
1781179153,56.5,2400000,0xe0000
1781179154,56.0,2400000,0xe0000
1781179155,56.0,2400000,0xe0000
1781179156,56.0,2400000,0xe0000
1781179157,56.0,2400000,0xe0000
1781179158,55.4,2400000,0xe0000
1781179159,56.5,2400000,0xe0000
1781179160,55.4,2400000,0xe0000
1781179161,56.0,2400000,0xe0000
1781179162,56.0,2400000,0xe0000
1781179163,56.0,2400000,0xe0000
1781179164,56.5,2400000,0xe0000
1781179165,56.0,2400000,0xe0000
1781179166,56.0,2400000,0xe0000
1781179167,56.0,2400000,0xe0000
1781179168,56.0,2400000,0xe0000
1781179169,56.0,2400000,0xe0000
1781179170,56.0,2400000,0xe0000
1781179171,56.0,2400000,0xe0000
1781179172,56.0,2400000,0xe0000
1781179174,56.0,2400000,0xe0000
1781179175,55.4,2400000,0xe0000
1781179176,56.0,2400000,0xe0000
1781179177,56.5,2400000,0xe0000
1781179178,56.0,2400000,0xe0000
1781179179,55.4,2400000,0xe0000
1781179180,55.4,2400000,0xe0000
1781179181,56.5,2400000,0xe0000
1781179182,55.4,2400000,0xe0000
1781179183,56.0,2400000,0xe0000
1781179184,55.4,2400000,0xe0000
1781179185,55.4,2400000,0xe0000
1781179186,55.4,2400000,0xe0000
1781179187,55.4,2400000,0xe0000
1781179188,56.0,2400000,0xe0000
1781179189,55.4,2400000,0xe0000
1781179190,56.0,2400000,0xe0000
1781179191,56.0,2400000,0xe0000
1781179192,56.0,2400000,0xe0000
1781179193,56.0,2400000,0xe0000
1781179194,56.5,2400000,0xe0000
1781179195,56.0,2400000,0xe0000
1781179196,55.4,2400000,0xe0000
1781179197,56.0,2400000,0xe0000
1781179198,54.9,2400000,0xe0000
1781179199,56.5,2400000,0xe0000
1781179200,56.0,2400000,0xe0000
1781179201,55.4,2400000,0xe0000
1781179202,55.4,2400000,0xe0000
1781179204,56.0,2400000,0xe0000
1781179205,56.5,2400000,0xe0000
1781179206,55.4,2400000,0xe0000
1781179207,56.0,2400000,0xe0000
1781179208,56.0,2400000,0xe0000
1781179209,55.4,2400000,0xe0000
1781179210,56.0,2400000,0xe0000
1781179211,55.4,2400000,0xe0000
1781179212,56.5,2400000,0xe0000
1781179213,55.4,2400000,0xe0000
1781179214,55.4,2400000,0xe0000
1781179215,56.0,2400000,0xe0000
1781179216,56.0,2400000,0xe0000
1781179217,54.9,2400000,0xe0000
1781179218,56.0,2400000,0xe0000
1781179219,55.4,2400000,0xe0000
1781179220,56.0,2400000,0xe0000
1781179221,56.0,2400000,0xe0000
1781179222,55.4,2400000,0xe0000
1781179223,56.5,2400000,0xe0000
1781179224,56.0,2400000,0xe0000
1781179226,55.4,2400000,0xe0000
1781179227,56.0,2400000,0xe0000
1781179228,56.5,2400000,0xe0000
1781179229,55.4,2400000,0xe0000
1781179230,56.0,2400000,0xe0000
1781179231,55.4,2400000,0xe0000
1781179232,56.0,2400000,0xe0000
1781179233,56.0,2400000,0xe0000
1781179234,55.4,2400000,0xe0000
1781179235,56.0,2400000,0xe0000
1781179236,55.4,2400000,0xe0000
1781179237,56.5,2400000,0xe0000
1781179238,55.4,2400000,0xe0000
1781179239,56.0,2400000,0xe0000
1781179240,56.5,2400000,0xe0000
1781179241,55.4,2400000,0xe0000
1781179242,55.4,2400000,0xe0000
1781179243,56.0,2400000,0xe0000
1781179244,55.4,2400000,0xe0000
1781179245,56.0,2400000,0xe0000
1781179246,54.3,2400000,0xe0000
1781179247,56.0,2400000,0xe0000
1781179248,56.0,2400000,0xe0000
1781179249,56.0,2400000,0xe0000
1781179250,56.0,2400000,0xe0000
1781179251,54.9,2400000,0xe0000
1781179253,56.0,2400000,0xe0000
1781179254,55.4,2400000,0xe0000
1781179255,55.4,2400000,0xe0000
1781179256,56.0,2400000,0xe0000
1781179257,55.4,2400000,0xe0000
1781179258,56.0,2400000,0xe0000
1781179259,56.0,2400000,0xe0000
1781179260,54.9,2400000,0xe0000
1781179261,56.0,2400000,0xe0000
1781179262,55.4,2400000,0xe0000
1781179263,56.0,2400000,0xe0000
1781179264,56.0,2400000,0xe0000
1781179265,55.4,2400000,0xe0000
1781179266,55.4,2400000,0xe0000
1781179267,56.5,2400000,0xe0000
1781179268,54.9,2400000,0xe0000
1781179269,56.0,2400000,0xe0000
1781179270,56.0,2400000,0xe0000
1781179271,56.5,2400000,0xe0000
1781179272,55.4,2400000,0xe0000
1781179273,55.4,2400000,0xe0000
1781179274,56.0,2400000,0xe0000
1781179275,56.0,2400000,0xe0000
1781179276,55.4,2400000,0xe0000
1781179277,56.0,2400000,0xe0000
1781179278,56.0,2400000,0xe0000
1781179279,56.0,2400000,0xe0000
1781179280,56.0,2400000,0xe0000
1781179282,56.0,2400000,0xe0000
1781179283,56.0,2400000,0xe0000
1781179284,56.0,2400000,0xe0000
1781179285,55.4,2400000,0xe0000
1781179286,56.0,2400000,0xe0000
1781179287,56.0,2400000,0xe0000
1781179288,54.9,2400000,0xe0000
1781179289,56.5,2400000,0xe0000
1781179290,56.5,2400000,0xe0000
1781179291,56.5,2400000,0xe0000
1781179292,56.5,2400000,0xe0000
1781179293,56.0,2400000,0xe0000
1781179294,56.5,2400000,0xe0000
1781179295,55.4,2400000,0xe0000
1781179296,56.5,2400000,0xe0000
1781179297,55.4,2400000,0xe0000
1781179298,56.5,2400000,0xe0000
1781179299,56.5,2400000,0xe0000
1781179300,56.0,2400000,0xe0000
1781179301,55.4,2400000,0xe0000
1781179302,55.4,2400000,0xe0000
1781179303,56.0,2400000,0xe0000
1781179304,55.4,2400000,0xe0000
1781179305,56.0,2400000,0xe0000
1781179307,56.5,2400000,0xe0000
1781179308,56.5,2400000,0xe0000
1781179309,56.0,2400000,0xe0000
1781179310,56.0,2400000,0xe0000
1781179311,55.4,2400000,0xe0000
1781179312,56.0,2400000,0xe0000
1781179313,56.0,2400000,0xe0000
1781179314,56.0,2400000,0xe0000
1781179315,56.0,2400000,0xe0000
1781179316,56.5,2400000,0xe0000
1781179317,56.0,2400000,0xe0000
1781179318,55.4,2400000,0xe0000
1781179319,55.4,2400000,0xe0000
1781179320,54.9,2400000,0xe0000
1781179321,56.5,2400000,0xe0000
1781179322,56.0,2400000,0xe0000
1781179323,54.9,2400000,0xe0000
1781179324,57.1,2400000,0xe0000
1781179325,55.4,2400000,0xe0000
1781179327,56.0,2400000,0xe0000
1781179328,55.4,2400000,0xe0000
1781179329,55.4,2400000,0xe0000
1781179330,56.0,2400000,0xe0000
1781179331,56.0,2400000,0xe0000
1781179332,56.5,2400000,0xe0000
1781179333,55.4,2400000,0xe0000
1781179334,55.4,2400000,0xe0000
1781179335,55.4,2400000,0xe0000
1781179336,54.9,2400000,0xe0000
1781179337,56.0,2400000,0xe0000
1781179338,56.0,2400000,0xe0000
1781179339,55.4,2400000,0xe0000
1781179340,56.0,2400000,0xe0000
1781179341,56.0,2400000,0xe0000
1781179342,56.0,2400000,0xe0000
1781179343,56.0,2400000,0xe0000
1781179344,56.5,2400000,0xe0000
1781179345,55.4,2400000,0xe0000
1781179346,56.0,2400000,0xe0000
1781179347,56.5,2400000,0xe0000
1781179348,56.5,2400000,0xe0000
1781179349,56.0,2400000,0xe0000
1781179350,56.0,2400000,0xe0000
1781179352,56.0,2400000,0xe0000
1781179353,55.4,2400000,0xe0000
1781179354,56.0,2400000,0xe0000
1781179355,56.0,2400000,0xe0000
1781179356,56.0,2400000,0xe0000
1781179357,56.0,2400000,0xe0000
1781179358,56.5,2400000,0xe0000
1781179359,56.5,2400000,0xe0000
1781179360,55.4,2400000,0xe0000
1781179361,55.4,2400000,0xe0000
1781179362,55.4,2400000,0xe0000
1781179363,56.0,2400000,0xe0000
1781179364,56.0,2400000,0xe0000
1781179365,56.0,2400000,0xe0000
1781179366,55.4,2400000,0xe0000
1781179367,56.0,2400000,0xe0000
1781179368,56.0,2400000,0xe0000
1781179369,55.4,2400000,0xe0000
1781179370,55.4,2400000,0xe0000
1781179371,55.4,2400000,0xe0000
1781179372,54.9,2400000,0xe0000
1781179373,56.0,2400000,0xe0000
1781179374,56.0,2400000,0xe0000
1781179375,55.4,2400000,0xe0000
1781179376,56.5,2400000,0xe0000
1781179377,56.5,2400000,0xe0000
1781179378,56.0,2400000,0xe0000
1781179380,56.5,2400000,0xe0000
1781179381,56.0,2400000,0xe0000
1781179382,54.9,2400000,0xe0000
1781179383,54.9,2400000,0xe0000
1781179384,55.4,2400000,0xe0000
1781179385,56.5,2400000,0xe0000
1781179386,56.0,2400000,0xe0000
1781179387,54.9,2400000,0xe0000
1781179388,54.9,2400000,0xe0000
1781179389,56.0,2400000,0xe0000
1781179390,54.9,2400000,0xe0000
1781179391,55.4,2400000,0xe0000
1781179392,56.0,2400000,0xe0000
1781179393,56.5,2400000,0xe0000
1781179394,56.0,2400000,0xe0000
1781179395,56.0,2400000,0xe0000
1781179396,55.4,2400000,0xe0000
1781179397,55.4,2400000,0xe0000
1781179398,55.4,2400000,0xe0000
1781179399,55.4,2400000,0xe0000
1781179400,56.0,2400000,0xe0000
1781179401,56.0,2400000,0xe0000
1781179402,56.5,2400000,0xe0000
1781179403,56.0,2400000,0xe0000
1781179404,56.0,2400000,0xe0000
1781179405,56.0,2400000,0xe0000
1781179406,56.5,2400000,0xe0000
1781179407,56.0,2400000,0xe0000
1781179408,55.4,2400000,0xe0000
1781179409,55.4,2400000,0xe0000
1781179410,56.5,2400000,0xe0000
1781179411,56.0,2400000,0xe0000
1781179412,55.4,2400000,0xe0000
1781179413,54.9,2400000,0xe0000
1781179414,56.5,2400000,0xe0000
1781179416,55.4,2400000,0xe0000
1781179417,55.4,2400000,0xe0000
1781179418,56.5,2400000,0xe0000
1781179419,56.0,2400000,0xe0000
1781179420,55.4,2400000,0xe0000
1781179421,56.0,2400000,0xe0000
1781179422,55.4,2400000,0xe0000
1781179423,56.0,2400000,0xe0000
1781179424,56.0,2400000,0xe0000
1781179425,56.0,2400000,0xe0000
1781179426,55.4,2400000,0xe0000
1781179427,56.0,2400000,0xe0000
1781179428,55.4,2400000,0xe0000
1781179429,56.0,2400000,0xe0000
1781179430,56.0,2400000,0xe0000
1781179431,56.0,2400000,0xe0000
1781179432,55.4,2400000,0xe0000
1781179434,55.4,2400000,0xe0000
1781179435,55.4,2400000,0xe0000
1781179436,56.0,2400000,0xe0000
1781179437,56.0,2400000,0xe0000
1781179438,55.4,2400000,0xe0000
1781179439,56.5,2400000,0xe0000
1781179440,55.4,2400000,0xe0000
1781179441,56.0,2400000,0xe0000
1781179442,56.0,2400000,0xe0000
1781179443,55.4,2400000,0xe0000
1781179444,56.0,2400000,0xe0000
1781179445,56.5,2400000,0xe0000
1781179446,55.4,2400000,0xe0000
1781179447,56.0,2400000,0xe0000
1781179448,55.4,2400000,0xe0000
1781179449,54.9,2400000,0xe0000
1781179450,56.0,2400000,0xe0000
1781179451,55.4,2400000,0xe0000
1781179452,55.4,2400000,0xe0000
1781179453,56.0,2400000,0xe0000
1781179454,56.5,2400000,0xe0000
1781179455,56.0,2400000,0xe0000
1781179456,56.5,2400000,0xe0000
1781179457,55.4,2400000,0xe0000
1781179459,55.4,2400000,0xe0000
1781179460,55.4,2400000,0xe0000
1781179461,56.5,2400000,0xe0000
1781179462,56.0,2400000,0xe0000
1781179463,56.5,2400000,0xe0000
1781179464,56.5,2400000,0xe0000
1781179465,55.4,2400000,0xe0000
1781179466,56.0,2400000,0xe0000
1781179467,56.0,2400000,0xe0000
1781179468,55.4,2400000,0xe0000
1781179469,56.0,2400000,0xe0000
1781179470,54.9,2400000,0xe0000
1781179471,57.1,2400000,0xe0000
1781179472,56.0,2400000,0xe0000
1781179473,56.0,2400000,0xe0000
1781179474,55.4,2400000,0xe0000
1781179475,56.0,2400000,0xe0000
1781179476,55.4,2400000,0xe0000
1781179477,56.0,2400000,0xe0000
1781179478,54.9,2400000,0xe0000
1781179479,56.0,2400000,0xe0000
1781179480,55.4,2400000,0xe0000
1781179481,55.4,2400000,0xe0000
1781179482,55.4,2400000,0xe0000
1781179483,55.4,2400000,0xe0000
1781179485,56.0,2400000,0xe0000
1781179486,56.0,2400000,0xe0000
1781179487,54.9,2400000,0xe0000
1781179488,56.0,2400000,0xe0000
1781179489,56.0,2400000,0xe0000
1781179490,55.4,2400000,0xe0000
1781179491,56.0,2400000,0xe0000
1781179492,56.0,2400000,0xe0000
1781179493,56.0,2400000,0xe0000
1781179494,56.0,2400000,0xe0000
1781179495,55.4,2400000,0xe0000
1781179496,56.0,2400000,0xe0000
1781179497,55.4,2400000,0xe0000
