Linux 7.0.12 (l2) 	06/30/2026 	_x86_64_	(24 CPU)

04:11:08 PM  CPU    %usr   %nice    %sys %iowait    %irq   %soft  %steal  %guest  %gnice   %idle
04:11:09 PM  all    0.00    0.00    0.00    0.00    0.12   11.67    0.00    0.00    0.00   88.21
04:11:09 PM    0    0.00    0.00    0.00    0.00    0.00   67.00    0.00    0.00    0.00   33.00
04:11:09 PM    1    0.00    0.00    0.00    0.00    0.00   85.15    0.00    0.00    0.00   14.85
04:11:09 PM    2    0.00    0.00    0.00    0.00    0.00   15.00    0.00    0.00    0.00   85.00
04:11:09 PM    3    0.00    0.00    0.00    0.00    0.00   32.00    0.00    0.00    0.00   68.00
04:11:09 PM    4    0.00    0.00    0.00    0.00    0.00    0.00    0.00    0.00    0.00  100.00
04:11:09 PM    5    0.00    0.00    0.00    0.00    0.00    0.00    0.00    0.00    0.00  100.00
04:11:09 PM    6    0.00    0.00    0.00    0.00    0.00    0.00    0.00    0.00    0.00  100.00
04:11:09 PM    7    0.00    0.00    0.00    0.00    0.00    0.00    0.00    0.00    0.00  100.00
04:11:09 PM    8    0.00    0.00    0.00    0.00    0.00    0.00    0.00    0.00    0.00  100.00
04:11:09 PM    9    0.00    0.00    0.00    0.00    0.00    0.00    0.00    0.00    0.00  100.00
04:11:09 PM   10    0.00    0.00    0.00    0.00    0.00    0.00    0.00    0.00    0.00  100.00
04:11:09 PM   11    0.00    0.00    0.00    0.00    0.00   14.00    0.00    0.00    0.00   86.00
04:11:09 PM   12    0.00    0.00    0.00    0.00    1.00    6.00    0.00    0.00    0.00   93.00
04:11:09 PM   13    0.00    0.00    0.00    0.00    0.00    0.00    0.00    0.00    0.00  100.00
04:11:09 PM   14    0.00    0.00    0.00    0.00    1.01   38.38    0.00    0.00    0.00   60.61
04:11:09 PM   15    0.00    0.00    0.00    0.00    0.00    0.00    0.00    0.00    0.00  100.00
04:11:09 PM   16    0.00    0.00    0.00    0.00    0.00    0.00    0.00    0.00    0.00  100.00
04:11:09 PM   17    0.00    0.00    0.00    0.00    0.00    0.00    0.00    0.00    0.00  100.00
04:11:09 PM   18    0.00    0.00    0.00    0.00    1.00   22.00    0.00    0.00    0.00   77.00
04:11:09 PM   19    0.00    0.00    0.00    0.00    0.00    0.00    0.00    0.00    0.00  100.00
04:11:09 PM   20    0.00    0.00    0.00    0.00    0.00    0.00    0.00    0.00    0.00  100.00
04:11:09 PM   21    0.00    0.00    0.00    0.00    0.00    0.00    0.00    0.00    0.00  100.00
04:11:09 PM   22    0.00    0.00    0.00    0.00    0.00    0.00    0.00    0.00    0.00  100.00
04:11:09 PM   23    0.00    0.00    0.00    0.00    0.00    0.00    0.00    0.00    0.00  100.00

04:11:09 PM  CPU    %usr   %nice    %sys %iowait    %irq   %soft  %steal  %guest  %gnice   %idle
04:11:10 PM  all    0.00    0.00    0.42    0.04    0.08   11.51    0.00    0.00    0.00   87.95
04:11:10 PM    0    0.00    0.00    0.00    0.00    0.00   39.39    0.00    0.00    0.00   60.61
04:11:10 PM    1    0.00    0.00    0.00    0.00    0.00   61.62    0.00    0.00    0.00   38.38
04:11:10 PM    2    0.00    0.00    0.00    0.00    0.00   50.00    0.00    0.00    0.00   50.00
04:11:10 PM    3    0.00    0.00    0.00    1.00    0.00   51.00    0.00    0.00    0.00   48.00
04:11:10 PM    4    0.00    0.00    0.00    0.00    0.00    0.00    0.00    0.00    0.00  100.00
04:11:10 PM    5    0.00    0.00    0.00    0.00    0.00    0.00    0.00    0.00    0.00  100.00
04:11:10 PM    6    0.00    0.00    0.00    0.00    0.00    0.00    0.00    0.00    0.00  100.00
04:11:10 PM    7    0.00    0.00    0.00    0.00    0.99    4.95    0.00    0.00    0.00   94.06
04:11:10 PM    8    0.00    0.00    0.00    0.00    0.00    0.00    0.00    0.00    0.00  100.00
04:11:10 PM    9    0.00    0.00    0.00    0.00    0.00    0.00    0.00    0.00    0.00  100.00
04:11:10 PM   10    0.00    0.00    0.00    0.00    0.00    0.00    0.00    0.00    0.00  100.00
04:11:10 PM   11    0.00    0.00    0.00    0.00    0.00    0.00    0.00    0.00    0.00  100.00
04:11:10 PM   12    0.00    0.00    0.00    0.00    0.00   16.00    0.00    0.00    0.00   84.00
04:11:10 PM   13    0.00    0.00    0.00    0.00    0.00    0.00    0.00    0.00    0.00  100.00
04:11:10 PM   14    0.00    0.00    0.00    0.00    0.00   16.16    0.00    0.00    0.00   83.84
04:11:10 PM   15    0.00    0.00    0.00    0.00    0.00    0.00    0.00    0.00    0.00  100.00
04:11:10 PM   16    0.00    0.00    0.99    0.00    0.00    5.94    0.00    0.00    0.00   93.07
04:11:10 PM   17    0.00    0.00    9.09    0.00    1.01   32.32    0.00    0.00    0.00   57.58
04:11:10 PM   18    0.00    0.00    0.00    0.00    0.00    0.00    0.00    0.00    0.00  100.00
04:11:10 PM   19    0.00    0.00    0.00    0.00    0.00    0.00    0.00    0.00    0.00  100.00
04:11:10 PM   20    0.00    0.00    0.00    0.00    0.00    0.00    0.00    0.00    0.00  100.00
04:11:10 PM   21    0.00    0.00    0.00    0.00    0.00    0.00    0.00    0.00    0.00  100.00
04:11:10 PM   22    0.00    0.00    0.00    0.00    0.00    0.00    0.00    0.00    0.00  100.00
04:11:10 PM   23    0.00    0.00    0.00    0.00    0.00    0.00    0.00    0.00    0.00  100.00

04:11:10 PM  CPU    %usr   %nice    %sys %iowait    %irq   %soft  %steal  %guest  %gnice   %idle
04:11:11 PM  all    0.00    0.00    0.08    0.00    0.12   11.96    0.00    0.00    0.00   87.83
04:11:11 PM    0    0.00    0.00    0.00    0.00    0.99   60.40    0.00    0.00    0.00   38.61
04:11:11 PM    1    0.00    0.00    0.00    0.00    0.00  100.00    0.00    0.00    0.00    0.00
04:11:11 PM    2    0.00    0.00    0.00    0.00    0.99   36.63    0.00    0.00    0.00   62.38
04:11:11 PM    3    0.00    0.00    0.00    0.00    0.00    0.00    0.00    0.00    0.00  100.00
04:11:11 PM    4    0.00    0.00    0.00    0.00    0.00    0.00    0.00    0.00    0.00  100.00
04:11:11 PM    5    0.00    0.00    0.00    0.00    0.00    0.00    0.00    0.00    0.00  100.00
04:11:11 PM    6    0.00    0.00    0.00    0.00    0.00    0.00    0.00    0.00    0.00  100.00
04:11:11 PM    7    0.00    0.00    2.02    0.00    0.00   39.39    0.00    0.00    0.00   58.59
04:11:11 PM    8    0.00    0.00    0.00    0.00    0.00    0.00    0.00    0.00    0.00  100.00
04:11:11 PM    9    0.00    0.00    0.00    0.00    0.00    0.00    0.00    0.00    0.00  100.00
04:11:11 PM   10    0.00    0.00    0.00    0.00    0.00    0.00    0.00    0.00    0.00  100.00
04:11:11 PM   11    0.00    0.00    0.00    0.00    0.00   23.23    0.00    0.00    0.00   76.77
04:11:11 PM   12    0.00    0.00    0.00    0.00    0.00    0.00    0.00    0.00    0.00  100.00
04:11:11 PM   13    0.00    0.00    0.00    0.00    0.00    0.00    0.00    0.00    0.00  100.00
04:11:11 PM   14    0.00    0.00    0.00    0.00    0.00    5.00    0.00    0.00    0.00   95.00
04:11:11 PM   15    0.00    0.00    0.00    0.00    0.00    0.00    0.00    0.00    0.00  100.00
04:11:11 PM   16    0.00    0.00    0.00    0.00    0.99   16.83    0.00    0.00    0.00   82.18
04:11:11 PM   17    0.00    0.00    0.00    0.00    0.00    0.00    0.00    0.00    0.00  100.00
04:11:11 PM   18    0.00    0.00    0.00    0.00    0.00    0.00    0.00    0.00    0.00  100.00
04:11:11 PM   19    0.00    0.00    0.00    0.00    0.00    0.00    0.00    0.00    0.00  100.00
04:11:11 PM   20    0.00    0.00    0.00    0.00    0.00    5.05    0.00    0.00    0.00   94.95
04:11:11 PM   21    0.00    0.00    0.00    0.00    0.00    0.00    0.00    0.00    0.00  100.00
04:11:11 PM   22    0.00    0.00    0.00    0.00    0.00    0.00    0.00    0.00    0.00  100.00
04:11:11 PM   23    0.00    0.00    0.00    0.00    0.00    0.00    0.00    0.00    0.00  100.00

04:11:11 PM  CPU    %usr   %nice    %sys %iowait    %irq   %soft  %steal  %guest  %gnice   %idle
04:11:12 PM  all    0.00    0.00    0.04    0.04    0.08   10.00    0.00    0.00    0.00   89.84
04:11:12 PM    0    0.00    0.00    0.00    0.00    0.00   39.00    0.00    0.00    0.00   61.00
04:11:12 PM    1    0.00    0.00    0.00    0.00    0.00   50.50    0.00    0.00    0.00   49.50
04:11:12 PM    2    0.00    0.00    0.99    0.00    0.00   65.35    0.00    0.00    0.00   33.66
04:11:12 PM    3    0.00    0.00    0.00    1.00    0.00    0.00    0.00    0.00    0.00   99.00
04:11:12 PM    4    0.00    0.00    0.00    0.00    0.00    0.00    0.00    0.00    0.00  100.00
04:11:12 PM    5    0.00    0.00    0.00    0.00    0.00   21.21    0.00    0.00    0.00   78.79
04:11:12 PM    6    0.00    0.00    0.00    0.00    0.00    7.00    0.00    0.00    0.00   93.00
04:11:12 PM    7    0.00    0.00    0.00    0.00    0.00    0.00    0.00    0.00    0.00  100.00
04:11:12 PM    8    0.00    0.00    0.00    0.00    0.00    5.00    0.00    0.00    0.00   95.00
04:11:12 PM    9    0.00    0.00    0.00    0.00    0.00    0.00    0.00    0.00    0.00  100.00
04:11:12 PM   10    0.00    0.00    0.00    0.00    0.00    0.00    0.00    0.00    0.00  100.00
04:11:12 PM   11    0.00    0.00    0.00    0.00    0.00    0.00    0.00    0.00    0.00  100.00
04:11:12 PM   12    0.00    0.00    0.00    0.00    0.00    0.00    0.00    0.00    0.00  100.00
04:11:12 PM   13    0.00    0.00    0.00    0.00    0.00    0.00    0.00    0.00    0.00  100.00
04:11:12 PM   14    0.00    0.00    0.00    0.00    1.00   12.00    0.00    0.00    0.00   87.00
04:11:12 PM   15    0.00    0.00    0.00    0.00    0.00    0.00    0.00    0.00    0.00  100.00
04:11:12 PM   16    0.00    0.00    0.00    0.00    0.00    0.00    0.00    0.00    0.00  100.00
04:11:12 PM   17    0.00    0.00    0.00    0.00    0.00    0.00    0.00    0.00    0.00  100.00
04:11:12 PM   18    0.00    0.00    0.00    0.00    0.00    0.00    0.00    0.00    0.00  100.00
04:11:12 PM   19    0.00    0.00    0.00    0.00    1.00   21.00    0.00    0.00    0.00   78.00
04:11:12 PM   20    0.00    0.00    0.00    0.00    0.00   18.00    0.00    0.00    0.00   82.00
04:11:12 PM   21    0.00    0.00    0.00    0.00    0.00    0.00    0.00    0.00    0.00  100.00
04:11:12 PM   22    0.00    0.00    0.00    0.00    0.00    0.00    0.00    0.00    0.00  100.00
04:11:12 PM   23    0.00    0.00    0.00    0.00    0.00    0.00    0.00    0.00    0.00  100.00

04:11:12 PM  CPU    %usr   %nice    %sys %iowait    %irq   %soft  %steal  %guest  %gnice   %idle
04:11:13 PM  all    0.00    0.00    0.00    0.00    0.04   11.76    0.00    0.00    0.00   88.20
04:11:13 PM    0    0.00    0.00    0.00    0.00    0.00   51.00    0.00    0.00    0.00   49.00
04:11:13 PM    1    0.00    0.00    0.00    0.00    0.00   45.45    0.00    0.00    0.00   54.55
04:11:13 PM    2    0.00    0.00    0.00    0.00    0.00  100.00    0.00    0.00    0.00    0.00
04:11:13 PM    3    0.00    0.00    0.00    0.00    0.00    0.00    0.00    0.00    0.00  100.00
04:11:13 PM    4    0.00    0.00    0.00    0.00    0.00    0.00    0.00    0.00    0.00  100.00
04:11:13 PM    5    0.00    0.00    0.00    0.00    0.00    0.00    0.00    0.00    0.00  100.00
04:11:13 PM    6    0.00    0.00    0.00    0.00    0.99   14.85    0.00    0.00    0.00   84.16
04:11:13 PM    7    0.00    0.00    0.00    0.00    0.00    7.00    0.00    0.00    0.00   93.00
04:11:13 PM    8    0.00    0.00    0.00    0.00    0.00   17.00    0.00    0.00    0.00   83.00
04:11:13 PM    9    0.00    0.00    0.00    0.00    0.00    0.00    0.00    0.00    0.00  100.00
04:11:13 PM   10    0.00    0.00    0.00    0.00    0.00    0.00    0.00    0.00    0.00  100.00
04:11:13 PM   11    0.00    0.00    0.00    0.00    0.00    0.00    0.00    0.00    0.00  100.00
04:11:13 PM   12    0.00    0.00    0.00    0.00    0.00   21.21    0.00    0.00    0.00   78.79
04:11:13 PM   13    0.00    0.00    0.00    0.00    0.00    0.00    0.00    0.00    0.00  100.00
04:11:13 PM   14    0.00    0.00    0.00    0.00    0.00    0.00    0.00    0.00    0.00  100.00
04:11:13 PM   15    0.00    0.00    0.00    0.00    0.00    0.00    0.00    0.00    0.00  100.00
04:11:13 PM   16    0.00    0.00    0.00    0.00    0.00    0.00    0.00    0.00    0.00  100.00
04:11:13 PM   17    0.00    0.00    0.00    0.00    0.00   21.00    0.00    0.00    0.00   79.00
04:11:13 PM   18    0.00    0.00    0.00    0.00    0.00    0.00    0.00    0.00    0.00  100.00
04:11:13 PM   19    0.00    0.00    0.00    0.00    0.00    0.00    0.00    0.00    0.00  100.00
04:11:13 PM   20    0.00    0.00    0.00    0.00    0.00    0.00    0.00    0.00    0.00  100.00
04:11:13 PM   21    0.00    0.00    0.00    0.00    0.00    0.00    0.00    0.00    0.00  100.00
04:11:13 PM   22    0.00    0.00    0.00    0.00    0.00    0.00    0.00    0.00    0.00  100.00
04:11:13 PM   23    0.00    0.00    0.00    0.00    0.00    5.00    0.00    0.00    0.00   95.00

04:11:13 PM  CPU    %usr   %nice    %sys %iowait    %irq   %soft  %steal  %guest  %gnice   %idle
04:11:14 PM  all    0.00    0.00    0.13    0.00    0.00   11.40    0.00    0.00    0.00   88.48
04:11:14 PM    0    0.00    0.00    0.00    0.00    0.00   59.60    0.00    0.00    0.00   40.40
04:11:14 PM    1    0.00    0.00    0.00    0.00    0.00   87.00    0.00    0.00    0.00   13.00
04:11:14 PM    2    0.00    0.00    0.00    0.00    0.00   42.42    0.00    0.00    0.00   57.58
04:11:14 PM    3    0.00    0.00    0.00    0.00    0.00    0.00    0.00    0.00    0.00  100.00
04:11:14 PM    4    0.00    0.00    0.00    0.00    0.00    0.00    0.00    0.00    0.00  100.00
04:11:14 PM    5    0.00    0.00    0.00    0.00    0.00   22.00    0.00    0.00    0.00   78.00
04:11:14 PM    6    0.00    0.00    0.00    0.00    0.00    0.00    0.00    0.00    0.00  100.00
04:11:14 PM    7    0.00    0.00    0.00    0.00    0.00   15.15    0.00    0.00    0.00   84.85
04:11:14 PM    8    0.00    0.00    0.00    0.00    0.00    0.00    0.00    0.00    0.00  100.00
04:11:14 PM    9    0.00    0.00    0.00    0.00    0.00    0.00    0.00    0.00    0.00  100.00
04:11:14 PM   10    0.00    0.00    0.00    0.00    0.00    0.00    0.00    0.00    0.00  100.00
04:11:14 PM   11    0.00    0.00    3.00    0.00    0.00   26.00    0.00    0.00    0.00   71.00
04:11:14 PM   12    0.00    0.00    0.00    0.00    0.00    0.00    0.00    0.00    0.00  100.00
04:11:14 PM   13    0.00    0.00    0.00    0.00    0.00    0.00    0.00    0.00    0.00  100.00
04:11:14 PM   14    0.00    0.00    0.00    0.00    0.00    0.00    0.00    0.00    0.00  100.00
04:11:14 PM   15    0.00    0.00    0.00    0.00    0.00    0.00    0.00    0.00    0.00  100.00
04:11:14 PM   16    0.00    0.00    0.00    0.00    0.00    0.00    0.00    0.00    0.00  100.00
04:11:14 PM   17    0.00    0.00    0.00    0.00    0.00    0.00    0.00    0.00    0.00  100.00
04:11:14 PM   18    0.00    0.00    0.00    0.00    0.00    0.00    0.00    0.00    0.00  100.00
04:11:14 PM   19    0.00    0.00    0.00    0.00    0.00    4.00    0.00    0.00    0.00   96.00
04:11:14 PM   20    0.00    0.00    0.00    0.00    0.00    0.00    0.00    0.00    0.00  100.00
04:11:14 PM   21    0.00    0.00    0.00    0.00    0.00    0.00    0.00    0.00    0.00  100.00
04:11:14 PM   22    0.00    0.00    0.00    0.00    0.00    0.00    0.00    0.00    0.00  100.00
04:11:14 PM   23    0.00    0.00    0.00    0.00    0.00   18.18    0.00    0.00    0.00   81.82

04:11:14 PM  CPU    %usr   %nice    %sys %iowait    %irq   %soft  %steal  %guest  %gnice   %idle
04:11:15 PM  all    0.00    0.00    0.00    0.00    0.04   12.33    0.00    0.00    0.00   87.63
04:11:15 PM    0    0.00    0.00    0.00    0.00    0.00   38.00    0.00    0.00    0.00   62.00
04:11:15 PM    1    0.00    0.00    0.00    0.00    0.00   56.00    0.00    0.00    0.00   44.00
04:11:15 PM    2    0.00    0.00    0.00    0.00    0.00   57.43    0.00    0.00    0.00   42.57
04:11:15 PM    3    0.00    0.00    0.00    0.00    0.00   50.50    0.00    0.00    0.00   49.50
04:11:15 PM    4    0.00    0.00    0.00    0.00    0.99    5.94    0.00    0.00    0.00   93.07
04:11:15 PM    5    0.00    0.00    0.00    0.00    0.00    0.00    0.00    0.00    0.00  100.00
04:11:15 PM    6    0.00    0.00    0.00    0.00    0.00    0.00    0.00    0.00    0.00  100.00
04:11:15 PM    7    0.00    0.00    0.00    0.00    0.00   23.00    0.00    0.00    0.00   77.00
04:11:15 PM    8    0.00    0.00    0.00    0.00    0.00    0.00    0.00    0.00    0.00  100.00
04:11:15 PM    9    0.00    0.00    0.00    0.00    0.00    0.00    0.00    0.00    0.00  100.00
04:11:15 PM   10    0.00    0.00    0.00    0.00    0.00    0.00    0.00    0.00    0.00  100.00
04:11:15 PM   11    0.00    0.00    0.00    0.00    0.00   17.00    0.00    0.00    0.00   83.00
04:11:15 PM   12    0.00    0.00    0.00    0.00    0.00    0.00    0.00    0.00    0.00  100.00
04:11:15 PM   13    0.00    0.00    0.00    0.00    0.00    0.00    0.00    0.00    0.00  100.00
04:11:15 PM   14    0.00    0.00    0.00    0.00    0.00   24.24    0.00    0.00    0.00   75.76
04:11:15 PM   15    0.00    0.00    0.00    0.00    0.00    0.00    0.00    0.00    0.00  100.00
04:11:15 PM   16    0.00    0.00    0.00    0.00    0.00    3.00    0.00    0.00    0.00   97.00
04:11:15 PM   17    0.00    0.00    0.00    0.00    0.00    0.00    0.00    0.00    0.00  100.00
04:11:15 PM   18    0.00    0.00    0.00    0.00    0.00    0.00    0.00    0.00    0.00  100.00
04:11:15 PM   19    0.00    0.00    0.00    0.00    0.00   20.20    0.00    0.00    0.00   79.80
04:11:15 PM   20    0.00    0.00    0.00    0.00    0.00    0.00    0.00    0.00    0.00  100.00
04:11:15 PM   21    0.00    0.00    0.00    0.00    0.00    0.00    0.00    0.00    0.00  100.00
04:11:15 PM   22    0.00    0.00    0.00    0.00    0.00    0.00    0.00    0.00    0.00  100.00
04:11:15 PM   23    0.00    0.00    0.00    0.00    0.00    0.00    0.00    0.00    0.00  100.00

04:11:15 PM  CPU    %usr   %nice    %sys %iowait    %irq   %soft  %steal  %guest  %gnice   %idle
04:11:16 PM  all    0.00    0.00    0.00    0.04    0.00   12.01    0.00    0.00    0.00   87.95
04:11:16 PM    0    0.00    0.00    0.00    0.00    0.00   56.00    0.00    0.00    0.00   44.00
04:11:16 PM    1    0.00    0.00    0.00    0.00    0.00   45.00    0.00    0.00    0.00   55.00
04:11:16 PM    2    0.00    0.00    0.00    0.00    0.00   93.00    0.00    0.00    0.00    7.00
04:11:16 PM    3    0.00    0.00    0.00    1.00    0.00    0.00    0.00    0.00    0.00   99.00
04:11:16 PM    4    0.00    0.00    0.00    0.00    0.00   24.00    0.00    0.00    0.00   76.00
04:11:16 PM    5    0.00    0.00    0.00    0.00    0.00    0.00    0.00    0.00    0.00  100.00
04:11:16 PM    6    0.00    0.00    0.00    0.00    0.00   22.00    0.00    0.00    0.00   78.00
04:11:16 PM    7    0.00    0.00    0.00    0.00    0.00    0.00    0.00    0.00    0.00  100.00
04:11:16 PM    8    0.00    0.00    0.00    0.00    0.00    3.00    0.00    0.00    0.00   97.00
04:11:16 PM    9    0.00    0.00    0.00    0.00    0.00    0.00    0.00    0.00    0.00  100.00
04:11:16 PM   10    0.00    0.00    0.00    0.00    0.00   24.00    0.00    0.00    0.00   76.00
04:11:16 PM   11    0.00    0.00    0.00    0.00    0.00    0.00    0.00    0.00    0.00  100.00
04:11:16 PM   12    0.00    0.00    0.00    0.00    0.00    0.00    0.00    0.00    0.00  100.00
04:11:16 PM   13    0.00    0.00    0.00    0.00    0.00    0.00    0.00    0.00    0.00  100.00
04:11:16 PM   14    0.00    0.00    0.00    0.00    0.00    0.00    0.00    0.00    0.00  100.00
04:11:16 PM   15    0.00    0.00    0.00    0.00    0.00    0.00    0.00    0.00    0.00  100.00
04:11:16 PM   16    0.00    0.00    0.00    0.00    0.00   21.43    0.00    0.00    0.00   78.57
04:11:16 PM   17    0.00    0.00    0.00    0.00    0.00    0.00    0.00    0.00    0.00  100.00
04:11:16 PM   18    0.00    0.00    0.00    0.00    0.00    0.00    0.00    0.00    0.00  100.00
04:11:16 PM   19    0.00    0.00    0.00    0.00    0.00    0.00    0.00    0.00    0.00  100.00
04:11:16 PM   20    0.00    0.00    0.00    0.00    0.00    0.00    0.00    0.00    0.00  100.00
04:11:16 PM   21    0.00    0.00    0.00    0.00    0.00    0.00    0.00    0.00    0.00  100.00
04:11:16 PM   22    0.00    0.00    0.00    0.00    0.00    0.00    0.00    0.00    0.00  100.00
04:11:16 PM   23    0.00    0.00    0.00    0.00    0.00    0.00    0.00    0.00    0.00  100.00

04:11:16 PM  CPU    %usr   %nice    %sys %iowait    %irq   %soft  %steal  %guest  %gnice   %idle
04:11:17 PM  all    0.00    0.00    0.00    0.00    0.08   12.01    0.00    0.00    0.00   87.91
04:11:17 PM    0    0.00    0.00    0.00    0.00    0.00  100.00    0.00    0.00    0.00    0.00
04:11:17 PM    1    0.00    0.00    0.00    0.00    0.00    0.00    0.00    0.00    0.00  100.00
04:11:17 PM    2    0.00    0.00    0.00    0.00    0.00   44.44    0.00    0.00    0.00   55.56
04:11:17 PM    3    0.00    0.00    0.00    0.00    0.00   56.00    0.00    0.00    0.00   44.00
04:11:17 PM    4    0.00    0.00    0.00    0.00    0.00   15.15    0.00    0.00    0.00   84.85
04:11:17 PM    5    0.00    0.00    0.00    0.00    0.00    0.00    0.00    0.00    0.00  100.00
04:11:17 PM    6    0.00    0.00    0.00    0.00    0.00    0.00    0.00    0.00    0.00  100.00
04:11:17 PM    7    0.00    0.00    0.00    0.00    0.00    0.00    0.00    0.00    0.00  100.00
04:11:17 PM    8    0.00    0.00    0.00    0.00    0.00   20.20    0.00    0.00    0.00   79.80
04:11:17 PM    9    0.00    0.00    0.00    0.00    0.00    0.00    0.00    0.00    0.00  100.00
04:11:17 PM   10    0.00    0.00    0.00    0.00    0.00    0.00    0.00    0.00    0.00  100.00
04:11:17 PM   11    0.00    0.00    0.00    0.00    0.99    1.98    0.00    0.00    0.00   97.03
04:11:17 PM   12    0.00    0.00    0.00    0.00    0.00    0.00    0.00    0.00    0.00  100.00
04:11:17 PM   13    0.00    0.00    0.00    0.00    0.00    0.00    0.00    0.00    0.00  100.00
04:11:17 PM   14    0.00    0.00    0.00    0.00    0.00    0.00    0.00    0.00    0.00  100.00
04:11:17 PM   15    0.00    0.00    0.00    0.00    0.99   29.70    0.00    0.00    0.00   69.31
04:11:17 PM   16    0.00    0.00    0.00    0.00    0.00    0.00    0.00    0.00    0.00  100.00
04:11:17 PM   17    0.00    0.00    0.00    0.00    0.00    0.00    0.00    0.00    0.00  100.00
04:11:17 PM   18    0.00    0.00    0.00    0.00    0.00    0.00    0.00    0.00    0.00  100.00
04:11:17 PM   19    0.00    0.00    0.00    0.00    0.00    0.00    0.00    0.00    0.00  100.00
04:11:17 PM   20    0.00    0.00    0.00    0.00    0.00    0.00    0.00    0.00    0.00  100.00
04:11:17 PM   21    0.00    0.00    0.00    0.00    0.00   21.00    0.00    0.00    0.00   79.00
04:11:17 PM   22    0.00    0.00    0.00    0.00    0.00    0.00    0.00    0.00    0.00  100.00
04:11:17 PM   23    0.00    0.00    0.00    0.00    0.00    0.00    0.00    0.00    0.00  100.00

04:11:17 PM  CPU    %usr   %nice    %sys %iowait    %irq   %soft  %steal  %guest  %gnice   %idle
04:11:18 PM  all    0.00    0.00    0.08    0.04    0.04   11.51    0.00    0.00    0.00   88.32
04:11:18 PM    0    0.00    0.00    0.99    0.00    0.99   57.43    0.00    0.00    0.00   40.59
04:11:18 PM    1    0.00    0.00    0.00    0.00    0.00   94.00    0.00    0.00    0.00    6.00
04:11:18 PM    2    0.00    0.00    0.00    0.00    0.00   42.00    0.00    0.00    0.00   58.00
04:11:18 PM    3    0.00    0.00    0.99    0.99    0.00    6.93    0.00    0.00    0.00   91.09
04:11:18 PM    4    0.00    0.00    0.00    0.00    0.00    0.00    0.00    0.00    0.00  100.00
04:11:18 PM    5    0.00    0.00    0.00    0.00    0.00    0.00    0.00    0.00    0.00  100.00
04:11:18 PM    6    0.00    0.00    0.00    0.00    0.00    0.00    0.00    0.00    0.00  100.00
04:11:18 PM    7    0.00    0.00    0.00    0.00    0.00    0.00    0.00    0.00    0.00  100.00
04:11:18 PM    8    0.00    0.00    0.00    0.00    0.00   15.15    0.00    0.00    0.00   84.85
04:11:18 PM    9    0.00    0.00    0.00    0.00    0.00    0.00    0.00    0.00    0.00  100.00
04:11:18 PM   10    0.00    0.00    0.00    0.00    0.00    0.00    0.00    0.00    0.00  100.00
04:11:18 PM   11    0.00    0.00    0.00    0.00    0.00   22.22    0.00    0.00    0.00   77.78
04:11:18 PM   12    0.00    0.00    0.00    0.00    0.00    0.00    0.00    0.00    0.00  100.00
04:11:18 PM   13    0.00    0.00    0.00    0.00    0.00    0.00    0.00    0.00    0.00  100.00
04:11:18 PM   14    0.00    0.00    0.00    0.00    0.00    0.00    0.00    0.00    0.00  100.00
04:11:18 PM   15    0.00    0.00    0.00    0.00    0.00    0.00    0.00    0.00    0.00  100.00
04:11:18 PM   16    0.00    0.00    0.00    0.00    0.00   24.24    0.00    0.00    0.00   75.76
04:11:18 PM   17    0.00    0.00    0.00    0.00    0.00    0.00    0.00    0.00    0.00  100.00
04:11:18 PM   18    0.00    0.00    0.00    0.00    0.00    0.00    0.00    0.00    0.00  100.00
04:11:18 PM   19    0.00    0.00    0.00    0.00    0.00   12.00    0.00    0.00    0.00   88.00
04:11:18 PM   20    0.00    0.00    0.00    0.00    0.00    0.00    0.00    0.00    0.00  100.00
04:11:18 PM   21    0.00    0.00    0.00    0.00    0.00    2.02    0.00    0.00    0.00   97.98
04:11:18 PM   22    0.00    0.00    0.00    0.00    0.00    0.00    0.00    0.00    0.00  100.00
04:11:18 PM   23    0.00    0.00    0.00    0.00    0.00    0.00    0.00    0.00    0.00  100.00

04:11:18 PM  CPU    %usr   %nice    %sys %iowait    %irq   %soft  %steal  %guest  %gnice   %idle
04:11:19 PM  all    0.00    0.00    0.00    0.00    0.00   11.63    0.00    0.00    0.00   88.37
04:11:19 PM    0    0.00    0.00    0.00    0.00    0.00   67.33    0.00    0.00    0.00   32.67
04:11:19 PM    1    0.00    0.00    0.00    0.00    0.00   50.00    0.00    0.00    0.00   50.00
04:11:19 PM    2    0.00    0.00    0.00    0.00    0.00   22.00    0.00    0.00    0.00   78.00
04:11:19 PM    3    0.00    0.00    0.00    0.00    0.00   63.64    0.00    0.00    0.00   36.36
04:11:19 PM    4    0.00    0.00    0.00    0.00    0.00   23.23    0.00    0.00    0.00   76.77
04:11:19 PM    5    0.00    0.00    0.00    0.00    0.00    0.00    0.00    0.00    0.00  100.00
04:11:19 PM    6    0.00    0.00    0.00    0.00    0.00    0.00    0.00    0.00    0.00  100.00
04:11:19 PM    7    0.00    0.00    0.00    0.00    0.00    0.00    0.00    0.00    0.00  100.00
04:11:19 PM    8    0.00    0.00    0.00    0.00    0.00   32.00    0.00    0.00    0.00   68.00
04:11:19 PM    9    0.00    0.00    0.00    0.00    0.00    0.00    0.00    0.00    0.00  100.00
04:11:19 PM   10    0.00    0.00    0.00    0.00    0.00    0.00    0.00    0.00    0.00  100.00
04:11:19 PM   11    0.00    0.00    0.00    0.00    0.00    6.06    0.00    0.00    0.00   93.94
04:11:19 PM   12    0.00    0.00    0.00    0.00    0.00    0.00    0.00    0.00    0.00  100.00
04:11:19 PM   13    0.00    0.00    0.00    0.00    0.00    0.00    0.00    0.00    0.00  100.00
04:11:19 PM   14    0.00    0.00    0.00    0.00    0.00    0.00    0.00    0.00    0.00  100.00
04:11:19 PM   15    0.00    0.00    0.00    0.00    0.00    2.00    0.00    0.00    0.00   98.00
04:11:19 PM   16    0.00    0.00    0.00    0.00    0.00    0.00    0.00    0.00    0.00  100.00
04:11:19 PM   17    0.00    0.00    0.00    0.00    0.00    0.00    0.00    0.00    0.00  100.00
04:11:19 PM   18    0.00    0.00    0.00    0.00    0.00    0.00    0.00    0.00    0.00  100.00
04:11:19 PM   19    0.00    0.00    0.00    0.00    0.00   13.00    0.00    0.00    0.00   87.00
04:11:19 PM   20    0.00    0.00    0.00    0.00    0.00    0.00    0.00    0.00    0.00  100.00
04:11:19 PM   21    0.00    0.00    0.00    0.00    0.00    0.00    0.00    0.00    0.00  100.00
04:11:19 PM   22    0.00    0.00    0.00    0.00    0.00    0.00    0.00    0.00    0.00  100.00
04:11:19 PM   23    0.00    0.00    0.00    0.00    0.00    0.00    0.00    0.00    0.00  100.00

04:11:19 PM  CPU    %usr   %nice    %sys %iowait    %irq   %soft  %steal  %guest  %gnice   %idle
04:11:20 PM  all    0.04    0.00    0.00    0.04    0.08   11.58    0.00    0.00    0.00   88.25
04:11:20 PM    0    0.00    0.00    0.00    0.00    0.00  100.00    0.00    0.00    0.00    0.00
04:11:20 PM    1    0.00    0.00    0.00    0.00    1.00   47.00    0.00    0.00    0.00   52.00
04:11:20 PM    2    0.99    0.00    0.00    0.00    0.00    0.00    0.00    0.00    0.00   99.01
04:11:20 PM    3    0.00    0.00    0.00    1.00    0.00   54.00    0.00    0.00    0.00   45.00
04:11:20 PM    4    0.00    0.00    0.00    0.00    0.00    0.00    0.00    0.00    0.00  100.00
04:11:20 PM    5    0.00    0.00    0.00    0.00    0.00    0.00    0.00    0.00    0.00  100.00
04:11:20 PM    6    0.00    0.00    0.00    0.00    0.00    0.00    0.00    0.00    0.00  100.00
04:11:20 PM    7    0.00    0.00    0.00    0.00    0.00    0.00    0.00    0.00    0.00  100.00
04:11:20 PM    8    0.00    0.00    0.00    0.00    0.00    0.00    0.00    0.00    0.00  100.00
04:11:20 PM    9    0.00    0.00    0.00    0.00    0.00    0.00    0.00    0.00    0.00  100.00
04:11:20 PM   10    0.00    0.00    0.00    0.00    0.00    0.00    0.00    0.00    0.00  100.00
04:11:20 PM   11    0.00    0.00    0.00    0.00    0.00   17.00    0.00    0.00    0.00   83.00
04:11:20 PM   12    0.00    0.00    0.00    0.00    0.00    0.00    0.00    0.00    0.00  100.00
04:11:20 PM   13    0.00    0.00    0.00    0.00    0.00    0.00    0.00    0.00    0.00  100.00
04:11:20 PM   14    0.00    0.00    0.00    0.00    0.00    0.00    0.00    0.00    0.00  100.00
04:11:20 PM   15    0.00    0.00    0.00    0.00    0.00   23.23    0.00    0.00    0.00   76.77
04:11:20 PM   16    0.00    0.00    0.00    0.00    0.99   16.83    0.00    0.00    0.00   82.18
04:11:20 PM   17    0.00    0.00    0.00    0.00    0.00    0.00    0.00    0.00    0.00  100.00
04:11:20 PM   18    0.00    0.00    0.00    0.00    0.00    0.00    0.00    0.00    0.00  100.00
04:11:20 PM   19    0.00    0.00    0.00    0.00    0.00   20.20    0.00    0.00    0.00   79.80
04:11:20 PM   20    0.00    0.00    0.00    0.00    0.00    0.00    0.00    0.00    0.00  100.00
04:11:20 PM   21    0.00    0.00    0.00    0.00    0.00    0.00    0.00    0.00    0.00  100.00
04:11:20 PM   22    0.00    0.00    0.00    0.00    0.00    0.00    0.00    0.00    0.00  100.00
04:11:20 PM   23    0.00    0.00    0.00    0.00    0.00    0.00    0.00    0.00    0.00  100.00

04:11:20 PM  CPU    %usr   %nice    %sys %iowait    %irq   %soft  %steal  %guest  %gnice   %idle
04:11:21 PM  all    0.00    0.00    0.00    0.00    0.08   11.56    0.00    0.00    0.00   88.36
04:11:21 PM    0    0.00    0.00    0.00    0.00    0.00   54.55    0.00    0.00    0.00   45.45
04:11:21 PM    1    0.00    0.00    0.00    0.00    0.00   80.00    0.00    0.00    0.00   20.00
04:11:21 PM    2    0.00    0.00    0.00    0.00    0.00   60.61    0.00    0.00    0.00   39.39
04:11:21 PM    3    0.00    0.00    0.00    0.00    0.00    7.00    0.00    0.00    0.00   93.00
04:11:21 PM    4    0.00    0.00    0.00    0.00    1.00   22.00    0.00    0.00    0.00   77.00
04:11:21 PM    5    0.00    0.00    0.00    0.00    0.00    0.00    0.00    0.00    0.00  100.00
04:11:21 PM    6    0.00    0.00    0.00    0.00    0.00    0.00    0.00    0.00    0.00  100.00
04:11:21 PM    7    0.00    0.00    0.00    0.00    0.00    0.00    0.00    0.00    0.00  100.00
04:11:21 PM    8    0.00    0.00    0.00    0.00    0.00    0.00    0.00    0.00    0.00  100.00
04:11:21 PM    9    0.00    0.00    0.00    0.00    0.00    0.00    0.00    0.00    0.00  100.00
04:11:21 PM   10    0.00    0.00    0.00    0.00    0.00    0.00    0.00    0.00    0.00  100.00
04:11:21 PM   11    0.00    0.00    0.00    0.00    0.00    0.00    0.00    0.00    0.00  100.00
04:11:21 PM   12    0.00    0.00    0.00    0.00    0.00    0.00    0.00    0.00    0.00  100.00
04:11:21 PM   13    0.00    0.00    0.00    0.00    0.00    0.00    0.00    0.00    0.00  100.00
04:11:21 PM   14    0.00    0.00    0.00    0.00    0.00    0.00    0.00    0.00    0.00  100.00
04:11:21 PM   15    0.00    0.00    0.00    0.00    0.00    0.00    0.00    0.00    0.00  100.00
04:11:21 PM   16    0.00    0.00    0.00    0.00    0.00   21.43    0.00    0.00    0.00   78.57
04:11:21 PM   17    0.00    0.00    0.00    0.00    0.00   22.22    0.00    0.00    0.00   77.78
04:11:21 PM   18    0.00    0.00    0.00    0.00    0.00    0.00    0.00    0.00    0.00  100.00
04:11:21 PM   19    0.00    0.00    0.00    0.00    0.00    3.00    0.00    0.00    0.00   97.00
04:11:21 PM   20    0.00    0.00    0.00    0.00    0.00    0.00    0.00    0.00    0.00  100.00
04:11:21 PM   21    0.00    0.00    0.00    0.00    0.00    0.00    0.00    0.00    0.00  100.00
04:11:21 PM   22    0.00    0.00    0.00    0.00    0.00    0.00    0.00    0.00    0.00  100.00
04:11:21 PM   23    0.00    0.00    0.00    0.00    0.99    7.92    0.00    0.00    0.00   91.09

04:11:21 PM  CPU    %usr   %nice    %sys %iowait    %irq   %soft  %steal  %guest  %gnice   %idle
04:11:22 PM  all    0.00    0.00    0.00    0.00    0.17   11.55    0.00    0.00    0.00   88.29
04:11:22 PM    0    0.00    0.00    0.00    0.00    0.00   42.42    0.00    0.00    0.00   57.58
04:11:22 PM    1    0.00    0.00    0.00    0.00    0.00   97.98    0.00    0.00    0.00    2.02
04:11:22 PM    2    0.00    0.00    0.00    0.00    0.00   61.00    0.00    0.00    0.00   39.00
04:11:22 PM    3    0.00    0.00    0.00    0.00    0.00    0.00    0.00    0.00    0.00  100.00
04:11:22 PM    4    0.00    0.00    0.00    0.00    0.00    0.00    0.00    0.00    0.00  100.00
04:11:22 PM    5    0.00    0.00    0.00    0.00    0.99    0.00    0.00    0.00    0.00   99.01
04:11:22 PM    6    0.00    0.00    0.00    0.00    0.00    0.00    0.00    0.00    0.00  100.00
04:11:22 PM    7    0.00    0.00    0.00    0.00    0.00    0.00    0.00    0.00    0.00  100.00
04:11:22 PM    8    0.00    0.00    0.00    0.00    0.99    0.99    0.00    0.00    0.00   98.02
04:11:22 PM    9    0.00    0.00    0.00    0.00    0.00    0.00    0.00    0.00    0.00  100.00
04:11:22 PM   10    0.00    0.00    0.00    0.00    0.00    0.00    0.00    0.00    0.00  100.00
04:11:22 PM   11    0.00    0.00    0.00    0.00    0.00    7.00    0.00    0.00    0.00   93.00
04:11:22 PM   12    0.00    0.00    0.00    0.00    1.00   19.00    0.00    0.00    0.00   80.00
04:11:22 PM   13    0.00    0.00    0.00    0.00    0.00    0.00    0.00    0.00    0.00  100.00
04:11:22 PM   14    0.00    0.00    0.00    0.00    0.00    0.00    0.00    0.00    0.00  100.00
04:11:22 PM   15    0.00    0.00    0.00    0.00    0.00    0.00    0.00    0.00    0.00  100.00
04:11:22 PM   16    0.00    0.00    0.00    0.00    0.00   10.00    0.00    0.00    0.00   90.00
04:11:22 PM   17    0.00    0.00    0.00    0.00    0.00    0.00    0.00    0.00    0.00  100.00
04:11:22 PM   18    0.00    0.00    0.00    0.00    0.00    0.00    0.00    0.00    0.00  100.00
04:11:22 PM   19    0.00    0.00    0.00    0.00    1.00   24.00    0.00    0.00    0.00   75.00
04:11:22 PM   20    0.00    0.00    0.00    0.00    0.00    0.00    0.00    0.00    0.00  100.00
04:11:22 PM   21    0.00    0.00    0.00    0.00    0.00    0.00    0.00    0.00    0.00  100.00
04:11:22 PM   22    0.00    0.00    0.00    0.00    0.00    0.00    0.00    0.00    0.00  100.00
04:11:22 PM   23    0.00    0.00    0.00    0.00    0.00   16.16    0.00    0.00    0.00   83.84

04:11:22 PM  CPU    %usr   %nice    %sys %iowait    %irq   %soft  %steal  %guest  %gnice   %idle
04:11:23 PM  all    0.00    0.00    0.46    0.00    0.00   11.68    0.00    0.00    0.00   87.86
04:11:23 PM    0    0.00    0.00    0.00    0.00    0.00   47.52    0.00    0.00    0.00   52.48
04:11:23 PM    1    0.00    0.00    0.00    0.00    0.00   54.00    0.00    0.00    0.00   46.00
04:11:23 PM    2    0.00    0.00    0.00    0.00    0.00   57.00    0.00    0.00    0.00   43.00
04:11:23 PM    3    0.00    0.00    0.00    0.00    0.00   44.44    0.00    0.00    0.00   55.56
04:11:23 PM    4    0.00    0.00    0.00    0.00    0.00    0.00    0.00    0.00    0.00  100.00
04:11:23 PM    5    0.00    0.00    0.00    0.00    0.00    0.00    0.00    0.00    0.00  100.00
04:11:23 PM    6    0.00    0.00    0.00    0.00    0.00    0.00    0.00    0.00    0.00  100.00
04:11:23 PM    7    0.00    0.00    0.00    0.00    0.00    0.00    0.00    0.00    0.00  100.00
04:11:23 PM    8    0.00    0.00   11.00    0.00    0.00   36.00    0.00    0.00    0.00   53.00
04:11:23 PM    9    0.00    0.00    0.00    0.00    0.00    0.00    0.00    0.00    0.00  100.00
04:11:23 PM   10    0.00    0.00    0.00    0.00    0.00   22.22    0.00    0.00    0.00   77.78
04:11:23 PM   11    0.00    0.00    0.00    0.00    0.00   16.16    0.00    0.00    0.00   83.84
04:11:23 PM   12    0.00    0.00    0.00    0.00    0.00    0.00    0.00    0.00    0.00  100.00
04:11:23 PM   13    0.00    0.00    0.00    0.00    0.00    0.00    0.00    0.00    0.00  100.00
04:11:23 PM   14    0.00    0.00    0.00    0.00    0.00    0.00    0.00    0.00    0.00  100.00
04:11:23 PM   15    0.00    0.00    0.00    0.00    0.00    0.00    0.00    0.00    0.00  100.00
04:11:23 PM   16    0.00    0.00    0.00    0.00    0.00    0.00    0.00    0.00    0.00  100.00
04:11:23 PM   17    0.00    0.00    0.00    0.00    0.00    0.00    0.00    0.00    0.00  100.00
04:11:23 PM   18    0.00    0.00    0.00    0.00    0.00    0.00    0.00    0.00    0.00  100.00
04:11:23 PM   19    0.00    0.00    0.00    0.00    0.00    0.00    0.00    0.00    0.00  100.00
04:11:23 PM   20    0.00    0.00    0.00    0.00    0.00    3.00    0.00    0.00    0.00   97.00
04:11:23 PM   21    0.00    0.00    0.00    0.00    0.00    0.00    0.00    0.00    0.00  100.00
04:11:23 PM   22    0.00    0.00    0.00    0.00    0.00    0.00    0.00    0.00    0.00  100.00
04:11:23 PM   23    0.00    0.00    0.00    0.00    0.00    0.00    0.00    0.00    0.00  100.00

04:11:23 PM  CPU    %usr   %nice    %sys %iowait    %irq   %soft  %steal  %guest  %gnice   %idle
04:11:24 PM  all    0.00    0.00    0.00    0.04    0.04   10.63    0.00    0.00    0.00   89.28
04:11:24 PM    0    0.00    0.00    0.00    0.00    0.99   99.01    0.00    0.00    0.00    0.00
04:11:24 PM    1    0.00    0.00    0.00    0.00    0.00    0.00    0.00    0.00    0.00  100.00
04:11:24 PM    2    0.00    0.00    0.00    0.00    0.00   56.00    0.00    0.00    0.00   44.00
04:11:24 PM    3    0.00    0.00    0.00    1.00    0.00    8.00    0.00    0.00    0.00   91.00
04:11:24 PM    4    0.00    0.00    0.00    0.00    0.00    0.00    0.00    0.00    0.00  100.00
04:11:24 PM    5    0.00    0.00    0.00    0.00    0.00    0.00    0.00    0.00    0.00  100.00
04:11:24 PM    6    0.00    0.00    0.00    0.00    0.00    0.00    0.00    0.00    0.00  100.00
04:11:24 PM    7    0.00    0.00    0.00    0.00    0.00    0.00    0.00    0.00    0.00  100.00
04:11:24 PM    8    0.00    0.00    0.00    0.00    0.00   22.45    0.00    0.00    0.00   77.55
04:11:24 PM    9    0.00    0.00    0.00    0.00    0.00    0.00    0.00    0.00    0.00  100.00
04:11:24 PM   10    0.00    0.00    0.00    0.00    0.00    4.00    0.00    0.00    0.00   96.00
04:11:24 PM   11    0.00    0.00    0.00    0.00    0.00   22.00    0.00    0.00    0.00   78.00
04:11:24 PM   12    0.00    0.00    0.00    0.00    0.00    0.00    0.00    0.00    0.00  100.00
04:11:24 PM   13    0.00    0.00    0.00    0.00    0.00    0.00    0.00    0.00    0.00  100.00
04:11:24 PM   14    0.00    0.00    0.00    0.00    0.00    0.00    0.00    0.00    0.00  100.00
04:11:24 PM   15    0.00    0.00    0.00    0.00    0.00    3.00    0.00    0.00    0.00   97.00
04:11:24 PM   16    0.00    0.00    0.00    0.00    0.00    0.00    0.00    0.00    0.00  100.00
04:11:24 PM   17    0.00    0.00    0.00    0.00    0.00    0.00    0.00    0.00    0.00  100.00
04:11:24 PM   18    0.00    0.00    0.00    0.00    0.00    0.00    0.00    0.00    0.00  100.00
04:11:24 PM   19    0.00    0.00    0.00    0.00    0.00    0.00    0.00    0.00    0.00  100.00
04:11:24 PM   20    0.00    0.00    0.00    0.00    0.00   20.20    0.00    0.00    0.00   79.80
04:11:24 PM   21    0.00    0.00    0.00    0.00    0.00   20.00    0.00    0.00    0.00   80.00
04:11:24 PM   22    0.00    0.00    0.00    0.00    0.00    0.00    0.00    0.00    0.00  100.00
04:11:24 PM   23    0.00    0.00    0.00    0.00    0.00    0.00    0.00    0.00    0.00  100.00

04:11:24 PM  CPU    %usr   %nice    %sys %iowait    %irq   %soft  %steal  %guest  %gnice   %idle
04:11:25 PM  all    0.00    0.00    0.00    0.00    0.00   11.39    0.00    0.00    0.00   88.61
04:11:25 PM    0    0.00    0.00    0.00    0.00    0.00   93.94    0.00    0.00    0.00    6.06
04:11:25 PM    1    0.00    0.00    0.00    0.00    0.00    0.00    0.00    0.00    0.00  100.00
04:11:25 PM    2    0.00    0.00    0.00    0.00    0.00   51.00    0.00    0.00    0.00   49.00
04:11:25 PM    3    0.00    0.00    0.00    0.00    0.00   42.57    0.00    0.00    0.00   57.43
04:11:25 PM    4    0.00    0.00    0.00    0.00    0.00    0.00    0.00    0.00    0.00  100.00
04:11:25 PM    5    0.00    0.00    0.00    0.00    0.00    0.00    0.00    0.00    0.00  100.00
04:11:25 PM    6    0.00    0.00    0.00    0.00    0.00   20.20    0.00    0.00    0.00   79.80
04:11:25 PM    7    0.00    0.00    0.00    0.00    0.00    0.00    0.00    0.00    0.00  100.00
04:11:25 PM    8    0.00    0.00    0.00    0.00    0.00    0.00    0.00    0.00    0.00  100.00
04:11:25 PM    9    0.00    0.00    0.00    0.00    0.00    0.00    0.00    0.00    0.00  100.00
04:11:25 PM   10    0.00    0.00    0.00    0.00    0.00    0.00    0.00    0.00    0.00  100.00
04:11:25 PM   11    0.00    0.00    0.00    0.00    0.00    0.00    0.00    0.00    0.00  100.00
04:11:25 PM   12    0.00    0.00    0.00    0.00    0.00    0.00    0.00    0.00    0.00  100.00
04:11:25 PM   13    0.00    0.00    0.00    0.00    0.00   16.33    0.00    0.00    0.00   83.67
04:11:25 PM   14    0.00    0.00    0.00    0.00    0.00    0.00    0.00    0.00    0.00  100.00
04:11:25 PM   15    0.00    0.00    0.00    0.00    0.00   19.19    0.00    0.00    0.00   80.81
04:11:25 PM   16    0.00    0.00    0.00    0.00    0.00    3.96    0.00    0.00    0.00   96.04
04:11:25 PM   17    0.00    0.00    0.00    0.00    0.00    0.00    0.00    0.00    0.00  100.00
04:11:25 PM   18    0.00    0.00    0.00    0.00    0.00    0.00    0.00    0.00    0.00  100.00
04:11:25 PM   19    0.00    0.00    0.00    0.00    0.00   24.24    0.00    0.00    0.00   75.76
04:11:25 PM   20    0.00    0.00    0.00    0.00    0.00    0.00    0.00    0.00    0.00  100.00
04:11:25 PM   21    0.00    0.00    0.00    0.00    0.00    3.00    0.00    0.00    0.00   97.00
04:11:25 PM   22    0.00    0.00    0.00    0.00    0.00    0.00    0.00    0.00    0.00  100.00
04:11:25 PM   23    0.00    0.00    0.00    0.00    0.00    0.00    0.00    0.00    0.00  100.00

04:11:25 PM  CPU    %usr   %nice    %sys %iowait    %irq   %soft  %steal  %guest  %gnice   %idle
04:11:26 PM  all    0.00    0.00    0.33    0.00    0.04   11.78    0.00    0.00    0.00   87.85
04:11:26 PM    0    0.00    0.00    0.00    0.00    0.00   50.50    0.00    0.00    0.00   49.50
04:11:26 PM    1    0.00    0.00    0.00    0.00    0.00    7.92    0.00    0.00    0.00   92.08
04:11:26 PM    2    0.00    0.00    0.00    0.00    0.99   85.15    0.00    0.00    0.00   13.86
04:11:26 PM    3    0.00    0.00    0.00    0.00    0.00   59.00    0.00    0.00    0.00   41.00
04:11:26 PM    4    0.00    0.00    0.00    0.00    0.00    3.00    0.00    0.00    0.00   97.00
04:11:26 PM    5    0.00    0.00    0.00    0.00    0.00    0.00    0.00    0.00    0.00  100.00
04:11:26 PM    6    0.00    0.00    0.00    0.00    0.00    3.00    0.00    0.00    0.00   97.00
04:11:26 PM    7    0.00    0.00    0.00    0.00    0.00   19.19    0.00    0.00    0.00   80.81
04:11:26 PM    8    0.00    0.00    0.00    0.00    0.00    0.00    0.00    0.00    0.00  100.00
04:11:26 PM    9    0.00    0.00    0.00    0.00    0.00    0.00    0.00    0.00    0.00  100.00
04:11:26 PM   10    0.00    0.00    0.00    0.00    0.00    0.00    0.00    0.00    0.00  100.00
04:11:26 PM   11    0.00    0.00    0.00    0.00    0.00    0.00    0.00    0.00    0.00  100.00
04:11:26 PM   12    0.00    0.00    0.00    0.00    0.00    0.00    0.00    0.00    0.00  100.00
04:11:26 PM   13    0.00    0.00    0.00    0.00    0.00    0.00    0.00    0.00    0.00  100.00
04:11:26 PM   14    0.00    0.00    0.00    0.00    0.00    0.00    0.00    0.00    0.00  100.00
04:11:26 PM   15    0.00    0.00    0.00    0.00    0.00   25.00    0.00    0.00    0.00   75.00
04:11:26 PM   16    0.00    0.00    8.08    0.00    0.00   30.30    0.00    0.00    0.00   61.62
04:11:26 PM   17    0.00    0.00    0.00    0.00    0.00    0.00    0.00    0.00    0.00  100.00
04:11:26 PM   18    0.00    0.00    0.00    0.00    0.00    0.00    0.00    0.00    0.00  100.00
04:11:26 PM   19    0.00    0.00    0.00    0.00    0.00    0.00    0.00    0.00    0.00  100.00
04:11:26 PM   20    0.00    0.00    0.00    0.00    0.00    0.00    0.00    0.00    0.00  100.00
04:11:26 PM   21    0.00    0.00    0.00    0.00    0.00    0.00    0.00    0.00    0.00  100.00
04:11:26 PM   22    0.00    0.00    0.00    0.00    0.00    0.00    0.00    0.00    0.00  100.00
04:11:26 PM   23    0.00    0.00    0.00    0.00    0.00    0.00    0.00    0.00    0.00  100.00

04:11:26 PM  CPU    %usr   %nice    %sys %iowait    %irq   %soft  %steal  %guest  %gnice   %idle
04:11:27 PM  all    0.00    0.00    0.42    0.00    0.04   10.40    0.00    0.00    0.00   89.14
04:11:27 PM    0    0.00    0.00    0.00    0.00    0.00   58.59    0.00    0.00    0.00   41.41
04:11:27 PM    1    0.00    0.00    0.00    0.00    0.00   50.51    0.00    0.00    0.00   49.49
04:11:27 PM    2    0.00    0.00    1.01    0.00    0.00    8.08    0.00    0.00    0.00   90.91
04:11:27 PM    3    0.00    0.00    0.00    0.00    0.99   49.50    0.00    0.00    0.00   49.50
04:11:27 PM    4    0.00    0.00    0.00    0.00    0.00   19.19    0.00    0.00    0.00   80.81
04:11:27 PM    5    0.00    0.00    0.00    0.00    0.00    0.00    0.00    0.00    0.00  100.00
04:11:27 PM    6    0.00    0.00    1.00    0.00    0.00   23.00    0.00    0.00    0.00   76.00
04:11:27 PM    7    0.00    0.00    0.00    0.00    0.00    3.96    0.00    0.00    0.00   96.04
04:11:27 PM    8    0.00    0.00    8.08    0.00    0.00   14.14    0.00    0.00    0.00   77.78
04:11:27 PM    9    0.00    0.00    0.00    0.00    0.00    0.00    0.00    0.00    0.00  100.00
04:11:27 PM   10    0.00    0.00    0.00    0.00    0.00    0.00    0.00    0.00    0.00  100.00
04:11:27 PM   11    0.00    0.00    0.00    0.00    0.00    0.00    0.00    0.00    0.00  100.00
04:11:27 PM   12    0.00    0.00    0.00    0.00    0.00    0.00    0.00    0.00    0.00  100.00
04:11:27 PM   13    0.00    0.00    0.00    0.00    0.00    0.00    0.00    0.00    0.00  100.00
04:11:27 PM   14    0.00    0.00    0.00    0.00    0.00    0.00    0.00    0.00    0.00  100.00
04:11:27 PM   15    0.00    0.00    0.00    0.00    0.00    0.00    0.00    0.00    0.00  100.00
04:11:27 PM   16    0.00    0.00    0.00    0.00    0.00    0.00    0.00    0.00    0.00  100.00
04:11:27 PM   17    0.00    0.00    0.00    0.00    0.00    0.00    0.00    0.00    0.00  100.00
04:11:27 PM   18    0.00    0.00    0.00    0.00    0.00    0.00    0.00    0.00    0.00  100.00
04:11:27 PM   19    0.00    0.00    0.00    0.00    0.00   23.23    0.00    0.00    0.00   76.77
04:11:27 PM   20    0.00    0.00    0.00    0.00    0.00    0.00    0.00    0.00    0.00  100.00
04:11:27 PM   21    0.00    0.00    0.00    0.00    0.00    0.00    0.00    0.00    0.00  100.00
04:11:27 PM   22    0.00    0.00    0.00    0.00    0.00    0.00    0.00    0.00    0.00  100.00
04:11:27 PM   23    0.00    0.00    0.00    0.00    0.00    0.00    0.00    0.00    0.00  100.00

04:11:27 PM  CPU    %usr   %nice    %sys %iowait    %irq   %soft  %steal  %guest  %gnice   %idle
04:11:28 PM  all    0.00    0.00    0.33    0.00    0.08   12.24    0.00    0.00    0.00   87.34
04:11:28 PM    0    0.00    0.00    0.00    0.00    0.00    8.00    0.00    0.00    0.00   92.00
04:11:28 PM    1    0.00    0.00    0.00    0.00    0.00   41.58    0.00    0.00    0.00   58.42
04:11:28 PM    2    0.00    0.00    0.00    0.00    0.00   92.08    0.00    0.00    0.00    7.92
04:11:28 PM    3    0.00    0.00    0.00    0.00    0.00   59.60    0.00    0.00    0.00   40.40
04:11:28 PM    4    0.00    0.00    0.00    0.00    0.00    0.00    0.00    0.00    0.00  100.00
04:11:28 PM    5    0.00    0.00    0.00    0.00    0.00    0.00    0.00    0.00    0.00  100.00
04:11:28 PM    6    0.00    0.00    0.00    0.00    0.99   21.78    0.00    0.00    0.00   77.23
04:11:28 PM    7    0.00    0.00    0.00    0.00    0.00    0.00    0.00    0.00    0.00  100.00
04:11:28 PM    8    0.00    0.00    8.00    0.00    0.00   15.00    0.00    0.00    0.00   77.00
04:11:28 PM    9    0.00    0.00    0.00    0.00    0.00    0.00    0.00    0.00    0.00  100.00
04:11:28 PM   10    0.00    0.00    0.00    0.00    0.00    0.00    0.00    0.00    0.00  100.00
04:11:28 PM   11    0.00    0.00    0.00    0.00    0.00    0.00    0.00    0.00    0.00  100.00
04:11:28 PM   12    0.00    0.00    0.00    0.00    0.00    0.00    0.00    0.00    0.00  100.00
04:11:28 PM   13    0.00    0.00    0.00    0.00    0.00    0.00    0.00    0.00    0.00  100.00
04:11:28 PM   14    0.00    0.00    0.00    0.00    0.00    0.00    0.00    0.00    0.00  100.00
04:11:28 PM   15    0.00    0.00    0.00    0.00    0.99   24.75    0.00    0.00    0.00   74.26
04:11:28 PM   16    0.00    0.00    0.00    0.00    0.00    0.00    0.00    0.00    0.00  100.00
04:11:28 PM   17    0.00    0.00    0.00    0.00    0.00    0.00    0.00    0.00    0.00  100.00
04:11:28 PM   18    0.00    0.00    0.00    0.00    0.00    0.00    0.00    0.00    0.00  100.00
04:11:28 PM   19    0.00    0.00    0.00    0.00    0.00    0.00    0.00    0.00    0.00  100.00
04:11:28 PM   20    0.00    0.00    0.00    0.00    0.00    0.00    0.00    0.00    0.00  100.00
04:11:28 PM   21    0.00    0.00    0.00    0.00    0.00    0.00    0.00    0.00    0.00  100.00
04:11:28 PM   22    0.00    0.00    0.00    0.00    0.00    0.00    0.00    0.00    0.00  100.00
04:11:28 PM   23    0.00    0.00    0.00    0.00    0.00   30.30    0.00    0.00    0.00   69.70

04:11:28 PM  CPU    %usr   %nice    %sys %iowait    %irq   %soft  %steal  %guest  %gnice   %idle
04:11:29 PM  all    0.00    0.00    0.04    0.00    0.08   11.39    0.00    0.00    0.00   88.49
04:11:29 PM    0    0.00    0.00    0.00    0.00    0.00   44.44    0.00    0.00    0.00   55.56
04:11:29 PM    1    0.00    0.00    0.00    0.00    0.00   10.10    0.00    0.00    0.00   89.90
04:11:29 PM    2    0.00    0.00    0.00    0.00    0.00   89.90    0.00    0.00    0.00   10.10
04:11:29 PM    3    0.00    0.00    0.00    0.00    0.00   39.60    0.00    0.00    0.00   60.40
04:11:29 PM    4    0.00    0.00    0.00    0.00    0.00    0.00    0.00    0.00    0.00  100.00
04:11:29 PM    5    0.00    0.00    0.00    0.00    0.00    0.00    0.00    0.00    0.00  100.00
04:11:29 PM    6    0.00    0.00    0.00    0.00    0.00    7.07    0.00    0.00    0.00   92.93
04:11:29 PM    7    0.00    0.00    0.00    0.00    0.00    0.00    0.00    0.00    0.00  100.00
04:11:29 PM    8    0.00    0.00    0.00    0.00    0.00    0.00    0.00    0.00    0.00  100.00
04:11:29 PM    9    0.00    0.00    0.00    0.00    1.00   23.00    0.00    0.00    0.00   76.00
04:11:29 PM   10    0.00    0.00    0.00    0.00    0.00    0.00    0.00    0.00    0.00  100.00
04:11:29 PM   11    0.00    0.00    0.00    0.00    0.00    0.00    0.00    0.00    0.00  100.00
04:11:29 PM   12    0.00    0.00    0.00    0.00    0.00    0.00    0.00    0.00    0.00  100.00
04:11:29 PM   13    0.00    0.00    0.00    0.00    0.00    0.00    0.00    0.00    0.00  100.00
04:11:29 PM   14    0.00    0.00    0.00    0.00    0.00    0.00    0.00    0.00    0.00  100.00
04:11:29 PM   15    0.00    0.00    0.00    0.00    0.00    0.00    0.00    0.00    0.00  100.00
04:11:29 PM   16    0.00    0.00    0.00    0.00    0.00    0.00    0.00    0.00    0.00  100.00
04:11:29 PM   17    0.00    0.00    0.00    0.00    0.00    0.00    0.00    0.00    0.00  100.00
04:11:29 PM   18    0.00    0.00    0.00    0.00    0.00    0.00    0.00    0.00    0.00  100.00
04:11:29 PM   19    0.00    0.00    0.00    0.00    0.00    0.00    0.00    0.00    0.00  100.00
04:11:29 PM   20    0.00    0.00    0.00    0.00    0.00    0.00    0.00    0.00    0.00  100.00
04:11:29 PM   21    0.00    0.00    0.00    0.00    1.00   19.00    0.00    0.00    0.00   80.00
04:11:29 PM   22    0.00    0.00    1.00    0.00    0.00   21.00    0.00    0.00    0.00   78.00
04:11:29 PM   23    0.00    0.00    0.00    0.00    0.00   20.00    0.00    0.00    0.00   80.00

04:11:29 PM  CPU    %usr   %nice    %sys %iowait    %irq   %soft  %steal  %guest  %gnice   %idle
04:11:30 PM  all    0.00    0.00    0.00    0.04    0.08   12.11    0.00    0.00    0.00   87.76
04:11:30 PM    0    0.00    0.00    0.00    0.00    0.00   50.50    0.00    0.00    0.00   49.50
04:11:30 PM    1    0.00    0.00    0.00    0.00    0.00  100.00    0.00    0.00    0.00    0.00
04:11:30 PM    2    0.00    0.00    0.00    0.00    0.00   51.49    0.00    0.00    0.00   48.51
04:11:30 PM    3    0.00    0.00    0.00    1.00    0.00    0.00    0.00    0.00    0.00   99.00
04:11:30 PM    4    0.00    0.00    0.00    0.00    0.00   21.00    0.00    0.00    0.00   79.00
04:11:30 PM    5    0.00    0.00    0.00    0.00    0.00    0.00    0.00    0.00    0.00  100.00
04:11:30 PM    6    0.00    0.00    0.00    0.00    0.00   18.18    0.00    0.00    0.00   81.82
04:11:30 PM    7    0.00    0.00    0.00    0.00    0.00    0.00    0.00    0.00    0.00  100.00
04:11:30 PM    8    0.00    0.00    0.00    0.00    0.00    0.00    0.00    0.00    0.00  100.00
04:11:30 PM    9    0.00    0.00    0.00    0.00    0.00    0.00    0.00    0.00    0.00  100.00
04:11:30 PM   10    0.00    0.00    0.00    0.00    0.00    0.00    0.00    0.00    0.00  100.00
04:11:30 PM   11    0.00    0.00    0.00    0.00    0.99    3.96    0.00    0.00    0.00   95.05
04:11:30 PM   12    0.00    0.00    0.00    0.00    0.00    0.00    0.00    0.00    0.00  100.00
04:11:30 PM   13    0.00    0.00    0.00    0.00    0.00    0.00    0.00    0.00    0.00  100.00
04:11:30 PM   14    0.00    0.00    0.00    0.00    0.00    0.00    0.00    0.00    0.00  100.00
04:11:30 PM   15    0.00    0.00    0.00    0.00    0.00    0.00    0.00    0.00    0.00  100.00
04:11:30 PM   16    0.00    0.00    0.00    0.00    0.00    0.00    0.00    0.00    0.00  100.00
04:11:30 PM   17    0.00    0.00    0.00    0.00    1.00   22.00    0.00    0.00    0.00   77.00
04:11:30 PM   18    0.00    0.00    0.00    0.00    0.00    0.00    0.00    0.00    0.00  100.00
04:11:30 PM   19    0.00    0.00    0.00    0.00    0.00    0.00    0.00    0.00    0.00  100.00
04:11:30 PM   20    0.00    0.00    0.00    0.00    0.00   20.00    0.00    0.00    0.00   80.00
04:11:30 PM   21    0.00    0.00    0.00    0.00    0.00    3.00    0.00    0.00    0.00   97.00
04:11:30 PM   22    0.00    0.00    0.00    0.00    0.00    0.00    0.00    0.00    0.00  100.00
04:11:30 PM   23    0.00    0.00    0.00    0.00    0.00    0.00    0.00    0.00    0.00  100.00

04:11:30 PM  CPU    %usr   %nice    %sys %iowait    %irq   %soft  %steal  %guest  %gnice   %idle
04:11:31 PM  all    0.00    0.00    1.58    0.00    0.04    9.80    0.00    0.00    0.00   88.58
04:11:31 PM    0    0.00    0.00    0.00    0.00    1.00    8.00    0.00    0.00    0.00   91.00
04:11:31 PM    1    0.00    0.00    0.00    0.00    0.00   82.00    0.00    0.00    0.00   18.00
04:11:31 PM    2    0.00    0.00    0.00    0.00    0.00   92.00    0.00    0.00    0.00    8.00
04:11:31 PM    3    0.00    0.00    0.00    0.00    0.00    0.00    0.00    0.00    0.00  100.00
04:11:31 PM    4    0.00    0.00    0.00    0.00    0.00    0.00    0.00    0.00    0.00  100.00
04:11:31 PM    5    0.00    0.00    0.00    0.00    0.00    0.00    0.00    0.00    0.00  100.00
04:11:31 PM    6    0.00    0.00    0.00    0.00    0.00   18.00    0.00    0.00    0.00   82.00
04:11:31 PM    7    0.00    0.00    0.00    0.00    0.00    0.00    0.00    0.00    0.00  100.00
04:11:31 PM    8    0.00    0.00    0.00    0.00    0.00    0.00    0.00    0.00    0.00  100.00
04:11:31 PM    9    0.00    0.00    0.00    0.00    0.00    0.00    0.00    0.00    0.00  100.00
04:11:31 PM   10    0.00    0.00    0.00    0.00    0.00    0.00    0.00    0.00    0.00  100.00
04:11:31 PM   11    0.00    0.00   38.38    0.00    0.00   26.26    0.00    0.00    0.00   35.35
04:11:31 PM   12    0.00    0.00    0.00    0.00    0.00    0.00    0.00    0.00    0.00  100.00
04:11:31 PM   13    0.00    0.00    0.00    0.00    0.00    0.00    0.00    0.00    0.00  100.00
04:11:31 PM   14    0.00    0.00    0.00    0.00    0.00    5.00    0.00    0.00    0.00   95.00
04:11:31 PM   15    0.00    0.00    0.00    0.00    0.00    0.00    0.00    0.00    0.00  100.00
04:11:31 PM   16    0.00    0.00    0.00    0.00    0.00    0.00    0.00    0.00    0.00  100.00
04:11:31 PM   17    0.00    0.00    0.00    0.00    0.00    0.00    0.00    0.00    0.00  100.00
04:11:31 PM   18    0.00    0.00    0.00    0.00    0.00    0.00    0.00    0.00    0.00  100.00
04:11:31 PM   19    0.00    0.00    0.00    0.00    0.00    0.00    0.00    0.00    0.00  100.00
04:11:31 PM   20    0.00    0.00    0.00    0.00    0.00    4.00    0.00    0.00    0.00   96.00
04:11:31 PM   21    0.00    0.00    0.00    0.00    0.00    0.00    0.00    0.00    0.00  100.00
04:11:31 PM   22    0.00    0.00    0.00    0.00    0.00    0.00    0.00    0.00    0.00  100.00
04:11:31 PM   23    0.00    0.00    0.00    0.00    0.00    0.00    0.00    0.00    0.00  100.00

04:11:31 PM  CPU    %usr   %nice    %sys %iowait    %irq   %soft  %steal  %guest  %gnice   %idle
04:11:32 PM  all    0.00    0.00    0.00    0.00    0.08   12.31    0.00    0.00    0.00   87.61
04:11:32 PM    0    0.00    0.00    0.00    0.00    0.00    0.00    0.00    0.00    0.00  100.00
04:11:32 PM    1    0.00    0.00    0.00    0.00    0.00   70.00    0.00    0.00    0.00   30.00
04:11:32 PM    2    0.00    0.00    0.00    0.00    0.00   81.82    0.00    0.00    0.00   18.18
04:11:32 PM    3    0.00    0.00    0.00    0.00    0.00   51.00    0.00    0.00    0.00   49.00
04:11:32 PM    4    0.00    0.00    0.00    0.00    1.00   18.00    0.00    0.00    0.00   81.00
04:11:32 PM    5    0.00    0.00    0.00    0.00    0.00    0.00    0.00    0.00    0.00  100.00
04:11:32 PM    6    0.00    0.00    0.00    0.00    0.00    4.00    0.00    0.00    0.00   96.00
04:11:32 PM    7    0.00    0.00    0.00    0.00    0.00    0.00    0.00    0.00    0.00  100.00
04:11:32 PM    8    0.00    0.00    0.00    0.00    0.00    0.00    0.00    0.00    0.00  100.00
04:11:32 PM    9    0.00    0.00    0.00    0.00    0.00    0.00    0.00    0.00    0.00  100.00
04:11:32 PM   10    0.00    0.00    0.00    0.00    0.00   25.25    0.00    0.00    0.00   74.75
04:11:32 PM   11    0.00    0.00    0.00    0.00    0.00    0.00    0.00    0.00    0.00  100.00
04:11:32 PM   12    0.00    0.00    0.00    0.00    0.00    0.00    0.00    0.00    0.00  100.00
04:11:32 PM   13    0.00    0.00    0.00    0.00    0.00    0.00    0.00    0.00    0.00  100.00
04:11:32 PM   14    0.00    0.00    0.00    0.00    0.00   18.18    0.00    0.00    0.00   81.82
04:11:32 PM   15    0.00    0.00    0.00    0.00    0.00    4.04    0.00    0.00    0.00   95.96
04:11:32 PM   16    0.00    0.00    0.00    0.00    0.99   23.76    0.00    0.00    0.00   75.25
04:11:32 PM   17    0.00    0.00    0.00    0.00    0.00    0.00    0.00    0.00    0.00  100.00
04:11:32 PM   18    0.00    0.00    0.00    0.00    0.00    0.00    0.00    0.00    0.00  100.00
04:11:32 PM   19    0.00    0.00    0.00    0.00    0.00    0.00    0.00    0.00    0.00  100.00
04:11:32 PM   20    0.00    0.00    0.00    0.00    0.00    0.00    0.00    0.00    0.00  100.00
04:11:32 PM   21    0.00    0.00    0.00    0.00    0.00    0.00    0.00    0.00    0.00  100.00
04:11:32 PM   22    0.00    0.00    0.00    0.00    0.00    0.00    0.00    0.00    0.00  100.00
04:11:32 PM   23    0.00    0.00    0.00    0.00    0.00    0.00    0.00    0.00    0.00  100.00

04:11:32 PM  CPU    %usr   %nice    %sys %iowait    %irq   %soft  %steal  %guest  %gnice   %idle
04:11:33 PM  all    0.00    0.00    0.00    0.00    0.13   11.88    0.00    0.00    0.00   87.99
04:11:33 PM    0    0.00    0.00    0.00    0.00    0.00   41.00    0.00    0.00    0.00   59.00
04:11:33 PM    1    0.00    0.00    0.00    0.00    0.00   40.00    0.00    0.00    0.00   60.00
04:11:33 PM    2    0.00    0.00    0.00    0.00    0.00   60.00    0.00    0.00    0.00   40.00
04:11:33 PM    3    0.00    0.00    0.00    0.00    0.00   50.00    0.00    0.00    0.00   50.00
04:11:33 PM    4    0.00    0.00    0.00    0.00    0.00    4.04    0.00    0.00    0.00   95.96
04:11:33 PM    5    0.00    0.00    0.00    0.00    0.00    0.00    0.00    0.00    0.00  100.00
04:11:33 PM    6    0.00    0.00    0.00    0.00    0.00    0.00    0.00    0.00    0.00  100.00
04:11:33 PM    7    0.00    0.00    0.00    0.00    0.00    0.00    0.00    0.00    0.00  100.00
04:11:33 PM    8    0.00    0.00    0.00    0.00    0.99   23.76    0.00    0.00    0.00   75.25
04:11:33 PM    9    0.00    0.00    0.00    0.00    0.00    0.00    0.00    0.00    0.00  100.00
04:11:33 PM   10    0.00    0.00    0.00    0.00    0.00    0.00    0.00    0.00    0.00  100.00
04:11:33 PM   11    0.00    0.00    0.00    0.00    0.00    0.00    0.00    0.00    0.00  100.00
04:11:33 PM   12    0.00    0.00    0.00    0.00    0.00    0.00    0.00    0.00    0.00  100.00
04:11:33 PM   13    0.00    0.00    0.00    0.00    0.00    0.00    0.00    0.00    0.00  100.00
04:11:33 PM   14    0.00    0.00    0.00    0.00    0.00    0.00    0.00    0.00    0.00  100.00
04:11:33 PM   15    0.00    0.00    0.00    0.00    0.00   19.00    0.00    0.00    0.00   81.00
04:11:33 PM   16    0.00    0.00    0.00    0.00    0.00    0.00    0.00    0.00    0.00  100.00
04:11:33 PM   17    0.00    0.00    0.00    0.00    0.00   18.18    0.00    0.00    0.00   81.82
04:11:33 PM   18    0.00    0.00    0.00    0.00    0.00    0.00    0.00    0.00    0.00  100.00
04:11:33 PM   19    0.00    0.00    0.00    0.00    0.00    0.00    0.00    0.00    0.00  100.00
04:11:33 PM   20    0.00    0.00    0.00    0.00    0.00    0.00    0.00    0.00    0.00  100.00
04:11:33 PM   21    0.00    0.00    0.00    0.00    0.00    0.00    0.00    0.00    0.00  100.00
04:11:33 PM   22    0.00    0.00    0.00    0.00    0.99    4.95    0.00    0.00    0.00   94.06
04:11:33 PM   23    0.00    0.00    0.00    0.00    1.01   24.24    0.00    0.00    0.00   74.75

04:11:33 PM  CPU    %usr   %nice    %sys %iowait    %irq   %soft  %steal  %guest  %gnice   %idle
04:11:34 PM  all    0.00    0.00    0.00    0.00    0.04   10.84    0.00    0.00    0.00   89.12
04:11:34 PM    0    0.00    0.00    0.00    0.00    0.00   58.59    0.00    0.00    0.00   41.41
04:11:34 PM    1    0.00    0.00    0.00    0.00    0.00   43.00    0.00    0.00    0.00   57.00
04:11:34 PM    2    0.00    0.00    0.00    0.00    0.00   13.00    0.00    0.00    0.00   87.00
04:11:34 PM    3    0.00    0.00    0.00    0.00    0.00   50.00    0.00    0.00    0.00   50.00
04:11:34 PM    4    0.00    0.00    0.00    0.00    0.00    0.00    0.00    0.00    0.00  100.00
04:11:34 PM    5    0.00    0.00    0.00    0.00    0.00    0.00    0.00    0.00    0.00  100.00
04:11:34 PM    6    0.00    0.00    0.00    0.00    0.00    0.00    0.00    0.00    0.00  100.00
04:11:34 PM    7    0.00    0.00    0.00    0.00    0.00    0.00    0.00    0.00    0.00  100.00
04:11:34 PM    8    0.00    0.00    0.00    0.00    0.00    0.00    0.00    0.00    0.00  100.00
04:11:34 PM    9    0.00    0.00    0.00    0.00    0.00   22.00    0.00    0.00    0.00   78.00
04:11:34 PM   10    0.00    0.00    0.00    0.00    0.00    0.00    0.00    0.00    0.00  100.00
04:11:34 PM   11    0.00    0.00    0.00    0.00    0.00    0.00    0.00    0.00    0.00  100.00
04:11:34 PM   12    0.00    0.00    0.00    0.00    0.00    0.00    0.00    0.00    0.00  100.00
04:11:34 PM   13    0.00    0.00    0.00    0.00    0.00    0.00    0.00    0.00    0.00  100.00
04:11:34 PM   14    0.00    0.00    0.00    0.00    0.00    0.00    0.00    0.00    0.00  100.00
04:11:34 PM   15    0.00    0.00    0.00    0.00    0.00    0.00    0.00    0.00    0.00  100.00
04:11:34 PM   16    0.00    0.00    0.00    0.00    0.00    0.00    0.00    0.00    0.00  100.00
04:11:34 PM   17    0.00    0.00    0.00    0.00    0.00    4.00    0.00    0.00    0.00   96.00
04:11:34 PM   18    0.00    0.00    0.00    0.00    0.00   25.25    0.00    0.00    0.00   74.75
04:11:34 PM   19    0.00    0.00    0.00    0.00    0.00    0.00    0.00    0.00    0.00  100.00
04:11:34 PM   20    0.00    0.00    0.00    0.00    1.00   22.00    0.00    0.00    0.00   77.00
04:11:34 PM   21    0.00    0.00    0.00    0.00    0.00    0.00    0.00    0.00    0.00  100.00
04:11:34 PM   22    0.00    0.00    0.00    0.00    0.00   16.00    0.00    0.00    0.00   84.00
04:11:34 PM   23    0.00    0.00    0.00    0.00    0.00    6.93    0.00    0.00    0.00   93.07

04:11:34 PM  CPU    %usr   %nice    %sys %iowait    %irq   %soft  %steal  %guest  %gnice   %idle
04:11:35 PM  all    0.00    0.00    0.71    0.00    0.00   11.63    0.00    0.00    0.00   87.66
04:11:35 PM    0    0.00    0.00    0.00    0.00    0.00   15.00    0.00    0.00    0.00   85.00
04:11:35 PM    1    0.00    0.00    1.00    0.00    0.00    8.00    0.00    0.00    0.00   91.00
04:11:35 PM    2    0.00    0.00    0.00    0.00    0.00   87.00    0.00    0.00    0.00   13.00
04:11:35 PM    3    0.00    0.00    0.00    0.00    0.00   92.93    0.00    0.00    0.00    7.07
04:11:35 PM    4    0.00    0.00    0.00    0.00    0.00   19.00    0.00    0.00    0.00   81.00
04:11:35 PM    5    0.00    0.00    0.00    0.00    0.00    0.00    0.00    0.00    0.00  100.00
04:11:35 PM    6    0.00    0.00    0.00    0.00    0.00    0.00    0.00    0.00    0.00  100.00
04:11:35 PM    7    0.00    0.00    0.00    0.00    0.00    0.00    0.00    0.00    0.00  100.00
04:11:35 PM    8    0.00    0.00    0.00    0.00    0.00    0.00    0.00    0.00    0.00  100.00
04:11:35 PM    9    0.00    0.00    0.00    0.00    0.00    0.00    0.00    0.00    0.00  100.00
04:11:35 PM   10    0.00    0.00    0.99    0.00    0.00   23.76    0.00    0.00    0.00   75.25
04:11:35 PM   11    0.00    0.00    0.00    0.00    0.00    0.00    0.00    0.00    0.00  100.00
04:11:35 PM   12    0.00    0.00   15.00    0.00    0.00   13.00    0.00    0.00    0.00   72.00
04:11:35 PM   13    0.00    0.00    0.00    0.00    0.00    0.00    0.00    0.00    0.00  100.00
04:11:35 PM   14    0.00    0.00    0.00    0.00    0.00    0.00    0.00    0.00    0.00  100.00
04:11:35 PM   15    0.00    0.00    0.00    0.00    0.00    0.00    0.00    0.00    0.00  100.00
04:11:35 PM   16    0.00    0.00    0.00    0.00    0.00    0.00    0.00    0.00    0.00  100.00
04:11:35 PM   17    0.00    0.00    0.00    0.00    0.00    0.00    0.00    0.00    0.00  100.00
04:11:35 PM   18    0.00    0.00    0.00    0.00    0.00    0.00    0.00    0.00    0.00  100.00
04:11:35 PM   19    0.00    0.00    0.00    0.00    0.00    0.00    0.00    0.00    0.00  100.00
04:11:35 PM   20    0.00    0.00    0.00    0.00    0.00    3.00    0.00    0.00    0.00   97.00
04:11:35 PM   21    0.00    0.00    0.00    0.00    0.00    0.00    0.00    0.00    0.00  100.00
04:11:35 PM   22    0.00    0.00    0.00    0.00    0.00    0.00    0.00    0.00    0.00  100.00
04:11:35 PM   23    0.00    0.00    0.00    0.00    0.00   18.18    0.00    0.00    0.00   81.82

04:11:35 PM  CPU    %usr   %nice    %sys %iowait    %irq   %soft  %steal  %guest  %gnice   %idle
04:11:36 PM  all    0.00    0.00    0.33    0.00    0.04   10.93    0.00    0.00    0.00   88.69
04:11:36 PM    0    0.00    0.00    0.99    0.00    0.00   99.01    0.00    0.00    0.00    0.00
04:11:36 PM    1    0.00    0.00    0.00    0.00    0.00    0.00    0.00    0.00    0.00  100.00
04:11:36 PM    2    0.00    0.00    0.00    0.00    0.00   15.00    0.00    0.00    0.00   85.00
04:11:36 PM    3    0.00    0.00    0.00    0.00    0.00   59.00    0.00    0.00    0.00   41.00
04:11:36 PM    4    0.00    0.00    0.00    0.00    0.00    0.00    0.00    0.00    0.00  100.00
04:11:36 PM    5    0.00    0.00    0.00    0.00    0.00    0.00    0.00    0.00    0.00  100.00
04:11:36 PM    6    0.00    0.00    0.00    0.00    0.00    0.00    0.00    0.00    0.00  100.00
04:11:36 PM    7    0.00    0.00    0.00    0.00    0.00    0.00    0.00    0.00    0.00  100.00
04:11:36 PM    8    0.00    0.00    0.00    0.00    0.00    0.00    0.00    0.00    0.00  100.00
04:11:36 PM    9    0.00    0.00    0.00    0.00    0.00   23.23    0.00    0.00    0.00   76.77
04:11:36 PM   10    0.00    0.00    0.00    0.00    1.00   26.00    0.00    0.00    0.00   73.00
04:11:36 PM   11    0.00    0.00    0.00    0.00    0.00    0.00    0.00    0.00    0.00  100.00
04:11:36 PM   12    0.00    0.00    7.14    0.00    0.00   32.65    0.00    0.00    0.00   60.20
04:11:36 PM   13    0.00    0.00    0.00    0.00    0.00    0.00    0.00    0.00    0.00  100.00
04:11:36 PM   14    0.00    0.00    0.00    0.00    0.00    0.00    0.00    0.00    0.00  100.00
04:11:36 PM   15    0.00    0.00    0.00    0.00    0.00    0.00    0.00    0.00    0.00  100.00
04:11:36 PM   16    0.00    0.00    0.00    0.00    0.00    0.00    0.00    0.00    0.00  100.00
04:11:36 PM   17    0.00    0.00    0.00    0.00    0.00    0.00    0.00    0.00    0.00  100.00
04:11:36 PM   18    0.00    0.00    0.00    0.00    0.00    0.00    0.00    0.00    0.00  100.00
04:11:36 PM   19    0.00    0.00    0.00    0.00    0.00    0.00    0.00    0.00    0.00  100.00
04:11:36 PM   20    0.00    0.00    0.00    0.00    0.00    7.07    0.00    0.00    0.00   92.93
04:11:36 PM   21    0.00    0.00    0.00    0.00    0.00    0.00    0.00    0.00    0.00  100.00
04:11:36 PM   22    0.00    0.00    0.00    0.00    0.00    0.00    0.00    0.00    0.00  100.00
04:11:36 PM   23    0.00    0.00    0.00    0.00    0.00    0.00    0.00    0.00    0.00  100.00

04:11:36 PM  CPU    %usr   %nice    %sys %iowait    %irq   %soft  %steal  %guest  %gnice   %idle
04:11:37 PM  all    0.00    0.00    0.04    0.00    0.00   12.20    0.00    0.00    0.00   87.76
04:11:37 PM    0    0.00    0.00    0.00    0.00    0.00   51.52    0.00    0.00    0.00   48.48
04:11:37 PM    1    0.00    0.00    0.00    0.00    0.00   66.00    0.00    0.00    0.00   34.00
04:11:37 PM    2    0.00    0.00    0.00    0.00    0.00   35.35    0.00    0.00    0.00   64.65
04:11:37 PM    3    0.00    0.00    0.00    0.00    0.00   50.00    0.00    0.00    0.00   50.00
04:11:37 PM    4    0.00    0.00    0.00    0.00    0.00    0.00    0.00    0.00    0.00  100.00
04:11:37 PM    5    0.00    0.00    0.00    0.00    0.00    0.00    0.00    0.00    0.00  100.00
04:11:37 PM    6    0.00    0.00    0.00    0.00    0.00    0.00    0.00    0.00    0.00  100.00
04:11:37 PM    7    0.00    0.00    0.00    0.00    0.00    0.00    0.00    0.00    0.00  100.00
04:11:37 PM    8    0.00    0.00    0.00    0.00    0.00    0.00    0.00    0.00    0.00  100.00
04:11:37 PM    9    0.00    0.00    0.00    0.00    0.00    0.00    0.00    0.00    0.00  100.00
04:11:37 PM   10    0.00    0.00    0.00    0.00    0.00    0.00    0.00    0.00    0.00  100.00
04:11:37 PM   11    0.00    0.00    0.00    0.00    0.00    0.00    0.00    0.00    0.00  100.00
04:11:37 PM   12    0.00    0.00    0.00    0.00    0.00    3.03    0.00    0.00    0.00   96.97
04:11:37 PM   13    0.00    0.00    0.00    0.00    0.00    0.00    0.00    0.00    0.00  100.00
04:11:37 PM   14    0.00    0.00    0.00    0.00    0.00   15.15    0.00    0.00    0.00   84.85
04:11:37 PM   15    0.00    0.00    1.01    0.00    0.00   25.25    0.00    0.00    0.00   73.74
04:11:37 PM   16    0.00    0.00    0.00    0.00    0.00    0.00    0.00    0.00    0.00  100.00
04:11:37 PM   17    0.00    0.00    0.00    0.00    0.00    7.00    0.00    0.00    0.00   93.00
04:11:37 PM   18    0.00    0.00    0.00    0.00    0.00    0.00    0.00    0.00    0.00  100.00
04:11:37 PM   19    0.00    0.00    0.00    0.00    0.00    0.00    0.00    0.00    0.00  100.00
04:11:37 PM   20    0.00    0.00    0.00    0.00    0.00   16.83    0.00    0.00    0.00   83.17
04:11:37 PM   21    0.00    0.00    0.00    0.00    0.00    0.00    0.00    0.00    0.00  100.00
04:11:37 PM   22    0.00    0.00    0.00    0.00    0.00   23.47    0.00    0.00    0.00   76.53
04:11:37 PM   23    0.00    0.00    0.00    0.00    0.00    0.00    0.00    0.00    0.00  100.00

04:11:37 PM  CPU    %usr   %nice    %sys %iowait    %irq   %soft  %steal  %guest  %gnice   %idle
04:11:38 PM  all    0.00    0.00    0.04    0.00    0.08   11.62    0.00    0.00    0.00   88.25
04:11:38 PM    0    0.00    0.00    0.00    0.00    0.99    7.92    0.00    0.00    0.00   91.09
04:11:38 PM    1    0.00    0.00    0.00    0.00    0.00   83.00    0.00    0.00    0.00   17.00
04:11:38 PM    2    0.00    0.00    0.00    0.00    0.00   49.50    0.00    0.00    0.00   50.50
04:11:38 PM    3    0.00    0.00    0.00    0.00    0.00   43.43    0.00    0.00    0.00   56.57
04:11:38 PM    4    0.00    0.00    0.00    0.00    0.00    0.00    0.00    0.00    0.00  100.00
04:11:38 PM    5    0.00    0.00    0.00    0.00    0.00    0.00    0.00    0.00    0.00  100.00
04:11:38 PM    6    0.00    0.00    0.00    0.00    0.00    0.00    0.00    0.00    0.00  100.00
04:11:38 PM    7    0.00    0.00    0.00    0.00    1.00   21.00    0.00    0.00    0.00   78.00
04:11:38 PM    8    0.00    0.00    0.00    0.00    0.00    0.00    0.00    0.00    0.00  100.00
04:11:38 PM    9    0.00    0.00    0.00    0.00    0.00    0.00    0.00    0.00    0.00  100.00
04:11:38 PM   10    0.00    0.00    0.00    0.00    0.00    0.00    0.00    0.00    0.00  100.00
04:11:38 PM   11    0.00    0.00    0.00    0.00    0.00   25.00    0.00    0.00    0.00   75.00
04:11:38 PM   12    0.00    0.00    0.00    0.00    0.00    0.00    0.00    0.00    0.00  100.00
04:11:38 PM   13    0.00    0.00    0.00    0.00    0.00    0.00    0.00    0.00    0.00  100.00
04:11:38 PM   14    0.00    0.00    0.00    0.00    0.00   10.00    0.00    0.00    0.00   90.00
04:11:38 PM   15    0.00    0.00    0.00    0.00    0.00    0.00    0.00    0.00    0.00  100.00
04:11:38 PM   16    0.00    0.00    0.00    0.00    0.00    0.00    0.00    0.00    0.00  100.00
04:11:38 PM   17    0.00    0.00    0.00    0.00    0.00   14.14    0.00    0.00    0.00   85.86
04:11:38 PM   18    0.00    0.00    0.00    0.00    0.00    0.00    0.00    0.00    0.00  100.00
04:11:38 PM   19    0.00    0.00    0.00    0.00    0.00    0.00    0.00    0.00    0.00  100.00
04:11:38 PM   20    0.00    0.00    0.00    0.00    0.00    0.00    0.00    0.00    0.00  100.00
04:11:38 PM   21    0.00    0.00    0.00    0.00    0.00    0.00    0.00    0.00    0.00  100.00
04:11:38 PM   22    0.00    0.00    0.00    0.00    0.00    0.00    0.00    0.00    0.00  100.00
04:11:38 PM   23    0.00    0.00    1.00    0.00    0.00   25.00    0.00    0.00    0.00   74.00

04:11:38 PM  CPU    %usr   %nice    %sys %iowait    %irq   %soft  %steal  %guest  %gnice   %idle
04:11:39 PM  all    0.00    0.00    0.00    0.00    0.12   11.96    0.00    0.00    0.00   87.92
04:11:39 PM    0    0.00    0.00    0.00    0.00    0.00    0.00    0.00    0.00    0.00  100.00
04:11:39 PM    1    0.00    0.00    0.00    0.00    0.99   93.07    0.00    0.00    0.00    5.94
04:11:39 PM    2    0.00    0.00    0.00    0.00    0.00   69.00    0.00    0.00    0.00   31.00
04:11:39 PM    3    0.00    0.00    0.00    0.00    0.00   32.00    0.00    0.00    0.00   68.00
04:11:39 PM    4    0.00    0.00    0.00    0.00    0.00    0.00    0.00    0.00    0.00  100.00
04:11:39 PM    5    0.00    0.00    0.00    0.00    0.00    0.00    0.00    0.00    0.00  100.00
04:11:39 PM    6    0.00    0.00    0.00    0.00    0.00    0.00    0.00    0.00    0.00  100.00
04:11:39 PM    7    0.00    0.00    0.00    0.00    0.00    2.00    0.00    0.00    0.00   98.00
04:11:39 PM    8    0.00    0.00    0.00    0.00    0.00   20.00    0.00    0.00    0.00   80.00
04:11:39 PM    9    0.00    0.00    0.00    0.00    0.00    0.00    0.00    0.00    0.00  100.00
04:11:39 PM   10    0.00    0.00    0.00    0.00    0.00   23.47    0.00    0.00    0.00   76.53
04:11:39 PM   11    0.00    0.00    0.00    0.00    0.00    0.00    0.00    0.00    0.00  100.00
04:11:39 PM   12    0.00    0.00    0.00    0.00    0.00    0.00    0.00    0.00    0.00  100.00
04:11:39 PM   13    0.00    0.00    0.00    0.00    0.00    0.00    0.00    0.00    0.00  100.00
04:11:39 PM   14    0.00    0.00    0.00    0.00    0.99   23.76    0.00    0.00    0.00   75.25
04:11:39 PM   15    0.00    0.00    0.00    0.00    0.00    0.00    0.00    0.00    0.00  100.00
04:11:39 PM   16    0.00    0.00    0.00    0.00    0.00    0.00    0.00    0.00    0.00  100.00
04:11:39 PM   17    0.00    0.00    0.00    0.00    0.00    0.00    0.00    0.00    0.00  100.00
04:11:39 PM   18    0.00    0.00    0.00    0.00    0.00    0.00    0.00    0.00    0.00  100.00
04:11:39 PM   19    0.00    0.00    0.00    0.00    0.00    0.00    0.00    0.00    0.00  100.00
04:11:39 PM   20    0.00    0.00    0.00    0.00    0.00    0.00    0.00    0.00    0.00  100.00
04:11:39 PM   21    0.00    0.00    0.00    0.00    0.00    0.00    0.00    0.00    0.00  100.00
04:11:39 PM   22    0.00    0.00    0.00    0.00    0.00    0.00    0.00    0.00    0.00  100.00
04:11:39 PM   23    0.00    0.00    0.00    0.00    1.00   23.00    0.00    0.00    0.00   76.00

04:11:39 PM  CPU    %usr   %nice    %sys %iowait    %irq   %soft  %steal  %guest  %gnice   %idle
04:11:40 PM  all    0.00    0.00    0.00    0.04    0.04   11.23    0.00    0.00    0.00   88.69
04:11:40 PM    0    0.00    0.00    0.00    1.00    0.00    0.00    0.00    0.00    0.00   99.00
04:11:40 PM    1    0.00    0.00    0.00    0.00    0.00    5.05    0.00    0.00    0.00   94.95
04:11:40 PM    2    0.00    0.00    0.00    0.00    1.00   99.00    0.00    0.00    0.00    0.00
04:11:40 PM    3    0.00    0.00    0.00    0.00    0.00   71.00    0.00    0.00    0.00   29.00
04:11:40 PM    4    0.00    0.00    0.00    0.00    0.00    0.00    0.00    0.00    0.00  100.00
04:11:40 PM    5    0.00    0.00    0.00    0.00    0.00    0.00    0.00    0.00    0.00  100.00
04:11:40 PM    6    0.00    0.00    0.00    0.00    0.00    0.00    0.00    0.00    0.00  100.00
04:11:40 PM    7    0.00    0.00    0.00    0.00    0.00    0.00    0.00    0.00    0.00  100.00
04:11:40 PM    8    0.00    0.00    0.00    0.00    0.00    2.02    0.00    0.00    0.00   97.98
04:11:40 PM    9    0.00    0.00    0.00    0.00    0.00    0.00    0.00    0.00    0.00  100.00
04:11:40 PM   10    0.00    0.00    0.00    0.00    0.00    0.00    0.00    0.00    0.00  100.00
04:11:40 PM   11    0.00    0.00    0.00    0.00    0.00   11.00    0.00    0.00    0.00   89.00
04:11:40 PM   12    0.00    0.00    0.00    0.00    0.00    0.00    0.00    0.00    0.00  100.00
04:11:40 PM   13    0.00    0.00    0.00    0.00    0.00    0.00    0.00    0.00    0.00  100.00
04:11:40 PM   14    0.00    0.00    0.00    0.00    0.00   35.35    0.00    0.00    0.00   64.65
04:11:40 PM   15    0.00    0.00    0.00    0.00    0.00   23.00    0.00    0.00    0.00   77.00
04:11:40 PM   16    0.00    0.00    0.00    0.00    0.00    0.00    0.00    0.00    0.00  100.00
04:11:40 PM   17    0.00    0.00    0.00    0.00    0.00    0.00    0.00    0.00    0.00  100.00
04:11:40 PM   18    0.00    0.00    0.00    0.00    0.00    0.00    0.00    0.00    0.00  100.00
04:11:40 PM   19    0.00    0.00    0.00    0.00    0.00    0.00    0.00    0.00    0.00  100.00
04:11:40 PM   20    0.00    0.00    0.00    0.00    0.00    0.00    0.00    0.00    0.00  100.00
04:11:40 PM   21    0.00    0.00    0.00    0.00    0.00    0.00    0.00    0.00    0.00  100.00
04:11:40 PM   22    0.00    0.00    0.00    0.00    0.00    0.00    0.00    0.00    0.00  100.00
04:11:40 PM   23    0.00    0.00    0.00    0.00    0.00   23.23    0.00    0.00    0.00   76.77

04:11:40 PM  CPU    %usr   %nice    %sys %iowait    %irq   %soft  %steal  %guest  %gnice   %idle
04:11:41 PM  all    0.00    0.00    0.08    0.00    0.00   12.27    0.00    0.00    0.00   87.65
04:11:41 PM    0    0.00    0.00    0.00    0.00    0.00    0.00    0.00    0.00    0.00  100.00
04:11:41 PM    1    0.00    0.00    0.00    0.00    0.00   73.00    0.00    0.00    0.00   27.00
04:11:41 PM    2    0.00    0.00    0.00    0.00    0.00  100.00    0.00    0.00    0.00    0.00
04:11:41 PM    3    0.00    0.00    0.99    0.00    0.00   27.72    0.00    0.00    0.00   71.29
04:11:41 PM    4    0.00    0.00    0.00    0.00    0.00   20.20    0.00    0.00    0.00   79.80
04:11:41 PM    5    0.00    0.00    0.00    0.00    0.00    0.00    0.00    0.00    0.00  100.00
04:11:41 PM    6    0.00    0.00    0.00    0.00    0.00    0.00    0.00    0.00    0.00  100.00
04:11:41 PM    7    0.00    0.00    0.00    0.00    0.00    0.00    0.00    0.00    0.00  100.00
04:11:41 PM    8    0.00    0.00    0.00    0.00    0.00    0.00    0.00    0.00    0.00  100.00
04:11:41 PM    9    0.00    0.00    1.00    0.00    0.00   23.00    0.00    0.00    0.00   76.00
04:11:41 PM   10    0.00    0.00    0.00    0.00    0.00   23.23    0.00    0.00    0.00   76.77
04:11:41 PM   11    0.00    0.00    0.00    0.00    0.00   25.25    0.00    0.00    0.00   74.75
04:11:41 PM   12    0.00    0.00    0.00    0.00    0.00    0.00    0.00    0.00    0.00  100.00
04:11:41 PM   13    0.00    0.00    0.00    0.00    0.00    0.00    0.00    0.00    0.00  100.00
04:11:41 PM   14    0.00    0.00    0.00    0.00    0.00    2.00    0.00    0.00    0.00   98.00
04:11:41 PM   15    0.00    0.00    0.00    0.00    0.00    0.00    0.00    0.00    0.00  100.00
04:11:41 PM   16    0.00    0.00    0.00    0.00    0.00    0.00    0.00    0.00    0.00  100.00
04:11:41 PM   17    0.00    0.00    0.00    0.00    0.00    0.00    0.00    0.00    0.00  100.00
04:11:41 PM   18    0.00    0.00    0.00    0.00    0.00    0.00    0.00    0.00    0.00  100.00
04:11:41 PM   19    0.00    0.00    0.00    0.00    0.00    0.00    0.00    0.00    0.00  100.00
04:11:41 PM   20    0.00    0.00    0.00    0.00    0.00    0.00    0.00    0.00    0.00  100.00
04:11:41 PM   21    0.00    0.00    0.00    0.00    0.00    0.00    0.00    0.00    0.00  100.00
04:11:41 PM   22    0.00    0.00    0.00    0.00    0.00    0.00    0.00    0.00    0.00  100.00
04:11:41 PM   23    0.00    0.00    0.00    0.00    0.00    0.00    0.00    0.00    0.00  100.00

04:11:41 PM  CPU    %usr   %nice    %sys %iowait    %irq   %soft  %steal  %guest  %gnice   %idle
04:11:42 PM  all    0.00    0.00    0.00    0.00    0.12   10.05    0.00    0.00    0.00   89.82
04:11:42 PM    0    0.00    0.00    0.00    0.00    0.00   48.51    0.00    0.00    0.00   51.49
04:11:42 PM    1    0.00    0.00    0.00    0.00    0.00   75.00    0.00    0.00    0.00   25.00
04:11:42 PM    2    0.00    0.00    0.00    0.00    0.00   28.71    0.00    0.00    0.00   71.29
04:11:42 PM    3    0.00    0.00    0.00    0.00    0.00    0.00    0.00    0.00    0.00  100.00
04:11:42 PM    4    0.00    0.00    0.00    0.00    0.99   20.79    0.00    0.00    0.00   78.22
04:11:42 PM    5    0.00    0.00    0.00    0.00    0.00    0.00    0.00    0.00    0.00  100.00
04:11:42 PM    6    0.00    0.00    0.00    0.00    0.00    0.00    0.00    0.00    0.00  100.00
04:11:42 PM    7    0.00    0.00    0.00    0.00    0.00    0.00    0.00    0.00    0.00  100.00
04:11:42 PM    8    0.00    0.00    0.00    0.00    0.00    0.00    0.00    0.00    0.00  100.00
04:11:42 PM    9    0.00    0.00    0.00    0.00    0.00    0.00    0.00    0.00    0.00  100.00
04:11:42 PM   10    0.00    0.00    0.00    0.00    0.00    0.00    0.00    0.00    0.00  100.00
04:11:42 PM   11    0.00    0.00    0.00    0.00    1.00   11.00    0.00    0.00    0.00   88.00
04:11:42 PM   12    0.00    0.00    0.00    0.00    0.00    0.00    0.00    0.00    0.00  100.00
04:11:42 PM   13    0.00    0.00    0.00    0.00    0.00    0.00    0.00    0.00    0.00  100.00
04:11:42 PM   14    0.00    0.00    0.00    0.00    0.00    0.00    0.00    0.00    0.00  100.00
04:11:42 PM   15    0.00    0.00    0.00    0.00    0.99   11.88    0.00    0.00    0.00   87.13
04:11:42 PM   16    0.00    0.00    0.00    0.00    0.00    0.00    0.00    0.00    0.00  100.00
04:11:42 PM   17    0.00    0.00    0.00    0.00    0.00    0.00    0.00    0.00    0.00  100.00
04:11:42 PM   18    0.00    0.00    0.00    0.00    0.00    0.00    0.00    0.00    0.00  100.00
04:11:42 PM   19    0.00    0.00    0.00    0.00    0.00    0.00    0.00    0.00    0.00  100.00
04:11:42 PM   20    0.00    0.00    0.00    0.00    0.00   23.23    0.00    0.00    0.00   76.77
04:11:42 PM   21    0.00    0.00    0.00    0.00    0.00    0.00    0.00    0.00    0.00  100.00
04:11:42 PM   22    0.00    0.00    0.00    0.00    0.00   22.00    0.00    0.00    0.00   78.00
04:11:42 PM   23    0.00    0.00    0.00    0.00    0.00    0.00    0.00    0.00    0.00  100.00

04:11:42 PM  CPU    %usr   %nice    %sys %iowait    %irq   %soft  %steal  %guest  %gnice   %idle
04:11:43 PM  all    0.00    0.00    1.13    0.00    0.00   11.24    0.00    0.00    0.00   87.63
04:11:43 PM    0    0.00    0.00    0.00    0.00    0.00   51.52    0.00    0.00    0.00   48.48
04:11:43 PM    1    0.00    0.00    0.00    0.00    0.00   49.50    0.00    0.00    0.00   50.50
04:11:43 PM    2    0.00    0.00    0.00    0.00    0.00   51.52    0.00    0.00    0.00   48.48
04:11:43 PM    3    0.00    0.00    0.00    0.00    0.00   50.00    0.00    0.00    0.00   50.00
04:11:43 PM    4    0.00    0.00    0.00    0.00    0.00    0.00    0.00    0.00    0.00  100.00
04:11:43 PM    5    0.00    0.00    0.00    0.00    0.00    0.00    0.00    0.00    0.00  100.00
04:11:43 PM    6    0.00    0.00    0.00    0.00    0.00    0.00    0.00    0.00    0.00  100.00
04:11:43 PM    7    0.00    0.00    0.00    0.00    0.00    0.00    0.00    0.00    0.00  100.00
04:11:43 PM    8    0.00    0.00    0.00    0.00    0.00   13.13    0.00    0.00    0.00   86.87
04:11:43 PM    9    0.00    0.00    0.00    0.00    0.00    0.00    0.00    0.00    0.00  100.00
04:11:43 PM   10    0.00    0.00    0.00    0.00    0.00    0.00    0.00    0.00    0.00  100.00
04:11:43 PM   11    0.00    0.00    0.00    0.00    0.00    0.00    0.00    0.00    0.00  100.00
04:11:43 PM   12    0.00    0.00    0.00    0.00    0.00    0.00    0.00    0.00    0.00  100.00
04:11:43 PM   13    0.00    0.00    0.00    0.00    0.00    0.00    0.00    0.00    0.00  100.00
04:11:43 PM   14    0.00    0.00    0.00    0.00    0.00    0.00    0.00    0.00    0.00  100.00
04:11:43 PM   15    0.00    0.00    0.00    0.00    0.00   11.00    0.00    0.00    0.00   89.00
04:11:43 PM   16    0.00    0.00    0.00    0.00    0.00   23.23    0.00    0.00    0.00   76.77
04:11:43 PM   17    0.00    0.00    0.00    0.00    0.00    0.00    0.00    0.00    0.00  100.00
04:11:43 PM   18    0.00    0.00   27.55    0.00    0.00   20.41    0.00    0.00    0.00   52.04
04:11:43 PM   19    0.00    0.00    0.00    0.00    0.00    0.00    0.00    0.00    0.00  100.00
04:11:43 PM   20    0.00    0.00    0.00    0.00    0.00    0.00    0.00    0.00    0.00  100.00
04:11:43 PM   21    0.00    0.00    0.00    0.00    0.00    0.00    0.00    0.00    0.00  100.00
04:11:43 PM   22    0.00    0.00    0.00    0.00    0.00    0.00    0.00    0.00    0.00  100.00
04:11:43 PM   23    0.00    0.00    0.00    0.00    0.00    0.00    0.00    0.00    0.00  100.00

04:11:43 PM  CPU    %usr   %nice    %sys %iowait    %irq   %soft  %steal  %guest  %gnice   %idle
04:11:44 PM  all    0.00    0.00    2.09    0.04    0.04    9.05    0.00    0.00    0.00   88.78
04:11:44 PM    0    0.00    0.00    0.00    0.00    0.00   50.00    0.00    0.00    0.00   50.00
04:11:44 PM    1    0.00    0.00    0.00    0.00    0.00    1.01    0.00    0.00    0.00   98.99
04:11:44 PM    2    0.00    0.00    0.00    1.00    0.00   23.00    0.00    0.00    0.00   76.00
04:11:44 PM    3    0.00    0.00    0.00    0.00    0.99   99.01    0.00    0.00    0.00    0.00
04:11:44 PM    4    0.00    0.00    0.00    0.00    0.00    0.00    0.00    0.00    0.00  100.00
04:11:44 PM    5    0.00    0.00    0.00    0.00    0.00    0.00    0.00    0.00    0.00  100.00
04:11:44 PM    6    0.00    0.00    0.00    0.00    0.00    0.00    0.00    0.00    0.00  100.00
04:11:44 PM    7    0.00    0.00    0.00    0.00    0.00    0.00    0.00    0.00    0.00  100.00
04:11:44 PM    8    0.00    0.00   50.51    0.00    0.00   21.21    0.00    0.00    0.00   28.28
04:11:44 PM    9    0.00    0.00    0.00    0.00    0.00    0.00    0.00    0.00    0.00  100.00
04:11:44 PM   10    0.00    0.00    0.00    0.00    0.00    0.00    0.00    0.00    0.00  100.00
04:11:44 PM   11    0.00    0.00    0.00    0.00    0.00    0.00    0.00    0.00    0.00  100.00
04:11:44 PM   12    0.00    0.00    0.00    0.00    0.00    0.00    0.00    0.00    0.00  100.00
04:11:44 PM   13    0.00    0.00    0.00    0.00    0.00    0.00    0.00    0.00    0.00  100.00
04:11:44 PM   14    0.00    0.00    0.00    0.00    0.00    0.00    0.00    0.00    0.00  100.00
04:11:44 PM   15    0.00    0.00    0.00    0.00    0.00    0.00    0.00    0.00    0.00  100.00
04:11:44 PM   16    0.00    0.00    0.00    0.00    0.00    0.00    0.00    0.00    0.00  100.00
04:11:44 PM   17    0.00    0.00    0.00    0.00    0.00    0.00    0.00    0.00    0.00  100.00
04:11:44 PM   18    0.00    0.00    0.00    0.00    0.00    0.00    0.00    0.00    0.00  100.00
04:11:44 PM   19    0.00    0.00    0.00    0.00    0.00   22.22    0.00    0.00    0.00   77.78
04:11:44 PM   20    0.00    0.00    0.00    0.00    0.00    0.00    0.00    0.00    0.00  100.00
04:11:44 PM   21    0.00    0.00    0.00    0.00    0.00    0.00    0.00    0.00    0.00  100.00
04:11:44 PM   22    0.00    0.00    0.00    0.00    0.00    0.00    0.00    0.00    0.00  100.00
04:11:44 PM   23    0.00    0.00    0.00    0.00    0.00    0.00    0.00    0.00    0.00  100.00

04:11:44 PM  CPU    %usr   %nice    %sys %iowait    %irq   %soft  %steal  %guest  %gnice   %idle
04:11:45 PM  all    0.00    0.00    0.00    0.00    0.04   10.85    0.00    0.00    0.00   89.11
04:11:45 PM    0    0.00    0.00    0.00    0.00    0.99   79.21    0.00    0.00    0.00   19.80
04:11:45 PM    1    0.00    0.00    0.00    0.00    0.00    0.00    0.00    0.00    0.00  100.00
04:11:45 PM    2    0.00    0.00    0.00    0.00    0.00   80.00    0.00    0.00    0.00   20.00
04:11:45 PM    3    0.00    0.00    0.00    0.00    0.00   22.22    0.00    0.00    0.00   77.78
04:11:45 PM    4    0.00    0.00    0.00    0.00    0.00    0.00    0.00    0.00    0.00  100.00
04:11:45 PM    5    0.00    0.00    0.00    0.00    0.00    0.00    0.00    0.00    0.00  100.00
04:11:45 PM    6    0.00    0.00    0.00    0.00    0.00    0.00    0.00    0.00    0.00  100.00
04:11:45 PM    7    0.00    0.00    0.00    0.00    0.00    0.00    0.00    0.00    0.00  100.00
04:11:45 PM    8    0.00    0.00    0.00    0.00    0.00    9.00    0.00    0.00    0.00   91.00
04:11:45 PM    9    0.00    0.00    0.00    0.00    0.00    0.00    0.00    0.00    0.00  100.00
04:11:45 PM   10    0.00    0.00    0.00    0.00    0.00    0.00    0.00    0.00    0.00  100.00
04:11:45 PM   11    0.00    0.00    0.00    0.00    0.00   22.22    0.00    0.00    0.00   77.78
04:11:45 PM   12    0.00    0.00    0.00    0.00    0.00    0.00    0.00    0.00    0.00  100.00
04:11:45 PM   13    0.00    0.00    0.00    0.00    0.00   34.34    0.00    0.00    0.00   65.66
04:11:45 PM   14    0.00    0.00    0.00    0.00    0.00    0.00    0.00    0.00    0.00  100.00
04:11:45 PM   15    0.00    0.00    0.00    0.00    0.00    0.00    0.00    0.00    0.00  100.00
04:11:45 PM   16    0.00    0.00    0.00    0.00    0.00    0.00    0.00    0.00    0.00  100.00
04:11:45 PM   17    0.00    0.00    0.00    0.00    0.00    0.00    0.00    0.00    0.00  100.00
04:11:45 PM   18    0.00    0.00    0.00    0.00    0.00   13.00    0.00    0.00    0.00   87.00
04:11:45 PM   19    0.00    0.00    0.00    0.00    0.00    0.00    0.00    0.00    0.00  100.00
04:11:45 PM   20    0.00    0.00    0.00    0.00    0.00    0.00    0.00    0.00    0.00  100.00
04:11:45 PM   21    0.00    0.00    0.00    0.00    0.00    0.00    0.00    0.00    0.00  100.00
04:11:45 PM   22    0.00    0.00    0.00    0.00    0.00    0.00    0.00    0.00    0.00  100.00
04:11:45 PM   23    0.00    0.00    0.00    0.00    0.00    0.00    0.00    0.00    0.00  100.00

04:11:45 PM  CPU    %usr   %nice    %sys %iowait    %irq   %soft  %steal  %guest  %gnice   %idle
04:11:46 PM  all    0.00    0.00    0.00    0.04    0.04   12.25    0.00    0.00    0.00   87.67
04:11:46 PM    0    0.00    0.00    0.00    0.00    0.00   31.00    0.00    0.00    0.00   69.00
04:11:46 PM    1    0.00    0.00    0.00    0.99    0.00   49.50    0.00    0.00    0.00   49.50
04:11:46 PM    2    0.00    0.00    0.00    0.00    0.00   71.00    0.00    0.00    0.00   29.00
04:11:46 PM    3    0.00    0.00    0.00    0.00    0.00   50.00    0.00    0.00    0.00   50.00
04:11:46 PM    4    0.00    0.00    0.00    0.00    0.00   22.00    0.00    0.00    0.00   78.00
04:11:46 PM    5    0.00    0.00    0.00    0.00    0.00    0.00    0.00    0.00    0.00  100.00
04:11:46 PM    6    0.00    0.00    0.00    0.00    0.00    0.00    0.00    0.00    0.00  100.00
04:11:46 PM    7    0.00    0.00    0.00    0.00    0.00   14.14    0.00    0.00    0.00   85.86
04:11:46 PM    8    0.00    0.00    0.00    0.00    0.00    0.00    0.00    0.00    0.00  100.00
04:11:46 PM    9    0.00    0.00    0.00    0.00    0.00    0.00    0.00    0.00    0.00  100.00
04:11:46 PM   10    0.00    0.00    0.00    0.00    0.00    0.00    0.00    0.00    0.00  100.00
04:11:46 PM   11    0.00    0.00    0.00    0.00    0.00    0.00    0.00    0.00    0.00  100.00
04:11:46 PM   12    0.00    0.00    0.00    0.00    0.00    0.00    0.00    0.00    0.00  100.00
04:11:46 PM   13    0.00    0.00    0.00    0.00    0.00    0.00    0.00    0.00    0.00  100.00
04:11:46 PM   14    0.00    0.00    0.00    0.00    0.00    0.00    0.00    0.00    0.00  100.00
04:11:46 PM   15    0.00    0.00    0.00    0.00    0.00   23.23    0.00    0.00    0.00   76.77
04:11:46 PM   16    0.00    0.00    0.00    0.00    0.00    0.00    0.00    0.00    0.00  100.00
04:11:46 PM   17    0.00    0.00    0.00    0.00    0.00   22.00    0.00    0.00    0.00   78.00
04:11:46 PM   18    0.00    0.00    0.00    0.00    0.99    9.90    0.00    0.00    0.00   89.11
04:11:46 PM   19    0.00    0.00    0.00    0.00    0.00    1.00    0.00    0.00    0.00   99.00
04:11:46 PM   20    0.00    0.00    0.00    0.00    0.00    0.00    0.00    0.00    0.00  100.00
04:11:46 PM   21    0.00    0.00    0.00    0.00    0.00    0.00    0.00    0.00    0.00  100.00
04:11:46 PM   22    0.00    0.00    0.00    0.00    0.00    0.00    0.00    0.00    0.00  100.00
04:11:46 PM   23    0.00    0.00    0.00    0.00    0.00    0.00    0.00    0.00    0.00  100.00

04:11:46 PM  CPU    %usr   %nice    %sys %iowait    %irq   %soft  %steal  %guest  %gnice   %idle
04:11:47 PM  all    0.00    0.00    0.00    0.00    0.04    9.09    0.00    0.00    0.00   90.87
04:11:47 PM    0    0.00    0.00    0.00    0.00    0.00   50.00    0.00    0.00    0.00   50.00
04:11:47 PM    1    0.00    0.00    0.00    0.00    0.00   81.82    0.00    0.00    0.00   18.18
04:11:47 PM    2    0.00    0.00    0.00    0.00    0.00    0.00    0.00    0.00    0.00  100.00
04:11:47 PM    3    0.00    0.00    0.00    0.00    0.00    0.00    0.00    0.00    0.00  100.00
04:11:47 PM    4    0.00    0.00    0.00    0.00    0.00    0.00    0.00    0.00    0.00  100.00
04:11:47 PM    5    0.00    0.00    0.00    0.00    0.00    0.00    0.00    0.00    0.00  100.00
04:11:47 PM    6    0.00    0.00    0.00    0.00    0.00    0.00    0.00    0.00    0.00  100.00
04:11:47 PM    7    0.00    0.00    0.00    0.00    0.00    8.91    0.00    0.00    0.00   91.09
04:11:47 PM    8    0.00    0.00    0.00    0.00    0.00   21.21    0.00    0.00    0.00   78.79
04:11:47 PM    9    0.00    0.00    0.00    0.00    0.00    0.00    0.00    0.00    0.00  100.00
04:11:47 PM   10    0.00    0.00    0.00    0.00    0.00    0.00    0.00    0.00    0.00  100.00
04:11:47 PM   11    0.00    0.00    0.00    0.00    0.00    0.00    0.00    0.00    0.00  100.00
04:11:47 PM   12    0.00    0.00    0.00    0.00    0.00    0.00    0.00    0.00    0.00  100.00
04:11:47 PM   13    0.00    0.00    0.00    0.00    0.00    0.00    0.00    0.00    0.00  100.00
04:11:47 PM   14    0.00    0.00    0.00    0.00    0.00    0.00    0.00    0.00    0.00  100.00
04:11:47 PM   15    0.00    0.00    0.00    0.00    0.00   13.00    0.00    0.00    0.00   87.00
04:11:47 PM   16    0.00    0.00    0.00    0.00    0.00    0.00    0.00    0.00    0.00  100.00
04:11:47 PM   17    0.00    0.00    0.00    0.00    0.00    0.00    0.00    0.00    0.00  100.00
04:11:47 PM   18    0.00    0.00    0.00    0.00    0.00    0.00    0.00    0.00    0.00  100.00
04:11:47 PM   19    0.00    0.00    0.00    0.00    1.00   44.00    0.00    0.00    0.00   55.00
04:11:47 PM   20    0.00    0.00    0.00    0.00    0.00    0.00    0.00    0.00    0.00  100.00
04:11:47 PM   21    0.00    0.00    0.00    0.00    0.00    0.00    0.00    0.00    0.00  100.00
04:11:47 PM   22    0.00    0.00    0.00    0.00    0.00    0.00    0.00    0.00    0.00  100.00
04:11:47 PM   23    0.00    0.00    0.00    0.00    0.00    0.00    0.00    0.00    0.00  100.00

04:11:47 PM  CPU    %usr   %nice    %sys %iowait    %irq   %soft  %steal  %guest  %gnice   %idle
04:11:48 PM  all    0.00    0.00    0.04    0.04    0.04   10.10    0.00    0.00    0.00   89.78
04:11:48 PM    0    0.00    0.00    0.00    0.00    0.00   34.34    0.00    0.00    0.00   65.66
04:11:48 PM    1    0.00    0.00    0.00    0.00    0.00   66.00    0.00    0.00    0.00   34.00
04:11:48 PM    2    0.00    0.00    0.00    1.00    0.00    0.00    0.00    0.00    0.00   99.00
04:11:48 PM    3    0.00    0.00    0.00    0.00    0.00   52.00    0.00    0.00    0.00   48.00
04:11:48 PM    4    0.00    0.00    0.00    0.00    0.00    0.00    0.00    0.00    0.00  100.00
04:11:48 PM    5    0.00    0.00    0.00    0.00    0.00    0.00    0.00    0.00    0.00  100.00
04:11:48 PM    6    0.00    0.00    0.00    0.00    0.00    0.00    0.00    0.00    0.00  100.00
04:11:48 PM    7    0.00    0.00    0.00    0.00    0.00    0.00    0.00    0.00    0.00  100.00
04:11:48 PM    8    0.00    0.00    0.00    0.00    0.99   22.77    0.00    0.00    0.00   76.24
04:11:48 PM    9    0.00    0.00    0.00    0.00    0.00    0.00    0.00    0.00    0.00  100.00
04:11:48 PM   10    0.00    0.00    0.00    0.00    0.00    0.00    0.00    0.00    0.00  100.00
04:11:48 PM   11    0.00    0.00    0.00    0.00    0.00    0.00    0.00    0.00    0.00  100.00
04:11:48 PM   12    0.00    0.00    0.00    0.00    0.00   16.16    0.00    0.00    0.00   83.84
04:11:48 PM   13    0.00    0.00    0.00    0.00    0.00    0.00    0.00    0.00    0.00  100.00
04:11:48 PM   14    0.00    0.00    0.00    0.00    0.00   17.17    0.00    0.00    0.00   82.83
04:11:48 PM   15    0.00    0.00    0.00    0.00    0.00    7.07    0.00    0.00    0.00   92.93
04:11:48 PM   16    0.00    0.00    0.00    0.00    0.00    0.00    0.00    0.00    0.00  100.00
04:11:48 PM   17    0.00    0.00    0.00    0.00    0.00    1.00    0.00    0.00    0.00   99.00
04:11:48 PM   18    0.00    0.00    0.00    0.00    0.00    0.00    0.00    0.00    0.00  100.00
04:11:48 PM   19    0.00    0.00    1.00    0.00    0.00   26.00    0.00    0.00    0.00   73.00
04:11:48 PM   20    0.00    0.00    0.00    0.00    0.00    0.00    0.00    0.00    0.00  100.00
04:11:48 PM   21    0.00    0.00    0.00    0.00    0.00    0.00    0.00    0.00    0.00  100.00
04:11:48 PM   22    0.00    0.00    0.00    0.00    0.00    0.00    0.00    0.00    0.00  100.00
04:11:48 PM   23    0.00    0.00    0.00    0.00    0.00    0.00    0.00    0.00    0.00  100.00

04:11:48 PM  CPU    %usr   %nice    %sys %iowait    %irq   %soft  %steal  %guest  %gnice   %idle
04:11:49 PM  all    0.00    0.00    0.00    0.00    0.12   10.62    0.00    0.00    0.00   89.25
04:11:49 PM    0    0.00    0.00    0.00    0.00    0.00   65.00    0.00    0.00    0.00   35.00
04:11:49 PM    1    0.00    0.00    0.00    0.00    0.00   37.00    0.00    0.00    0.00   63.00
04:11:49 PM    2    0.00    0.00    0.00    0.00    0.00    0.00    0.00    0.00    0.00  100.00
04:11:49 PM    3    0.00    0.00    0.00    0.00    0.00   64.00    0.00    0.00    0.00   36.00
04:11:49 PM    4    0.00    0.00    0.00    0.00    0.00    0.00    0.00    0.00    0.00  100.00
04:11:49 PM    5    0.00    0.00    0.00    0.00    0.00    0.00    0.00    0.00    0.00  100.00
04:11:49 PM    6    0.00    0.00    0.00    0.00    0.00    0.00    0.00    0.00    0.00  100.00
04:11:49 PM    7    0.00    0.00    0.00    0.00    0.00    0.00    0.00    0.00    0.00  100.00
04:11:49 PM    8    0.00    0.00    0.00    0.00    0.00    0.00    0.00    0.00    0.00  100.00
04:11:49 PM    9    0.00    0.00    0.00    0.00    0.99   22.77    0.00    0.00    0.00   76.24
04:11:49 PM   10    0.00    0.00    0.00    0.00    0.00    0.00    0.00    0.00    0.00  100.00
04:11:49 PM   11    0.00    0.00    0.00    0.00    0.00    0.00    0.00    0.00    0.00  100.00
04:11:49 PM   12    0.00    0.00    0.00    0.00    0.99    6.93    0.00    0.00    0.00   92.08
04:11:49 PM   13    0.00    0.00    0.00    0.00    0.00    0.00    0.00    0.00    0.00  100.00
04:11:49 PM   14    0.00    0.00    0.00    0.00    0.00    0.00    0.00    0.00    0.00  100.00
04:11:49 PM   15    0.00    0.00    0.00    0.00    0.00   17.00    0.00    0.00    0.00   83.00
04:11:49 PM   16    0.00    0.00    0.00    0.00    0.00    0.00    0.00    0.00    0.00  100.00
04:11:49 PM   17    0.00    0.00    0.00    0.00    1.01   18.18    0.00    0.00    0.00   80.81
04:11:49 PM   18    0.00    0.00    0.00    0.00    0.00    0.00    0.00    0.00    0.00  100.00
04:11:49 PM   19    0.00    0.00    0.00    0.00    0.00    0.00    0.00    0.00    0.00  100.00
04:11:49 PM   20    0.00    0.00    0.00    0.00    0.00    0.00    0.00    0.00    0.00  100.00
04:11:49 PM   21    0.00    0.00    0.00    0.00    0.00    0.00    0.00    0.00    0.00  100.00
04:11:49 PM   22    0.00    0.00    0.00    0.00    0.00    0.00    0.00    0.00    0.00  100.00
04:11:49 PM   23    0.00    0.00    0.00    0.00    0.00   24.00    0.00    0.00    0.00   76.00

04:11:49 PM  CPU    %usr   %nice    %sys %iowait    %irq   %soft  %steal  %guest  %gnice   %idle
04:11:50 PM  all    0.00    0.00    0.00    0.04    0.04   11.68    0.00    0.00    0.00   88.24
04:11:50 PM    0    0.00    0.00    0.00    0.00    0.00    6.06    0.00    0.00    0.00   93.94
04:11:50 PM    1    0.00    0.00    0.00    1.00    0.00   94.00    0.00    0.00    0.00    5.00
04:11:50 PM    2    0.00    0.00    0.00    0.00    0.00   39.39    0.00    0.00    0.00   60.61
04:11:50 PM    3    0.00    0.00    0.00    0.00    0.00   50.00    0.00    0.00    0.00   50.00
04:11:50 PM    4    0.00    0.00    0.00    0.00    0.00    0.00    0.00    0.00    0.00  100.00
04:11:50 PM    5    0.00    0.00    0.00    0.00    0.00    0.00    0.00    0.00    0.00  100.00
04:11:50 PM    6    0.00    0.00    0.00    0.00    0.00    0.00    0.00    0.00    0.00  100.00
04:11:50 PM    7    0.00    0.00    0.00    0.00    0.00    0.00    0.00    0.00    0.00  100.00
04:11:50 PM    8    0.00    0.00    0.00    0.00    0.00    0.00    0.00    0.00    0.00  100.00
04:11:50 PM    9    0.00    0.00    0.00    0.00    0.00    0.00    0.00    0.00    0.00  100.00
04:11:50 PM   10    0.00    0.00    0.00    0.00    0.00    0.00    0.00    0.00    0.00  100.00
04:11:50 PM   11    0.00    0.00    0.00    0.00    0.00    0.00    0.00    0.00    0.00  100.00
04:11:50 PM   12    0.00    0.00    0.00    0.00    0.00    3.00    0.00    0.00    0.00   97.00
04:11:50 PM   13    0.00    0.00    0.00    0.00    0.00    0.00    0.00    0.00    0.00  100.00
04:11:50 PM   14    0.00    0.00    0.00    0.00    0.00    0.00    0.00    0.00    0.00  100.00
04:11:50 PM   15    0.00    0.00    0.00    0.00    1.00   46.00    0.00    0.00    0.00   53.00
04:11:50 PM   16    0.00    0.00    0.00    0.00    0.00    0.00    0.00    0.00    0.00  100.00
04:11:50 PM   17    0.00    0.00    0.00    0.00    0.00   42.00    0.00    0.00    0.00   58.00
04:11:50 PM   18    0.00    0.00    0.00    0.00    0.00    0.00    0.00    0.00    0.00  100.00
04:11:50 PM   19    0.00    0.00    0.00    0.00    0.00    0.00    0.00    0.00    0.00  100.00
04:11:50 PM   20    0.00    0.00    0.00    0.00    0.00    0.00    0.00    0.00    0.00  100.00
04:11:50 PM   21    0.00    0.00    0.00    0.00    0.00    0.00    0.00    0.00    0.00  100.00
04:11:50 PM   22    0.00    0.00    0.00    0.00    0.00    0.00    0.00    0.00    0.00  100.00
04:11:50 PM   23    0.00    0.00    0.00    0.00    0.00    0.00    0.00    0.00    0.00  100.00

04:11:50 PM  CPU    %usr   %nice    %sys %iowait    %irq   %soft  %steal  %guest  %gnice   %idle
04:11:51 PM  all    0.00    0.00    0.00    0.00    0.00   10.01    0.00    0.00    0.00   89.99
04:11:51 PM    0    0.00    0.00    0.00    0.00    0.00  100.00    0.00    0.00    0.00    0.00
04:11:51 PM    1    0.00    0.00    0.00    0.00    0.00   42.00    0.00    0.00    0.00   58.00
04:11:51 PM    2    0.00    0.00    0.00    0.00    0.00   10.00    0.00    0.00    0.00   90.00
04:11:51 PM    3    0.00    0.00    0.00    0.00    0.00    0.00    0.00    0.00    0.00  100.00
04:11:51 PM    4    0.00    0.00    0.00    0.00    0.00   18.00    0.00    0.00    0.00   82.00
04:11:51 PM    5    0.00    0.00    0.00    0.00    0.00    0.00    0.00    0.00    0.00  100.00
04:11:51 PM    6    0.00    0.00    0.00    0.00    0.00    0.00    0.00    0.00    0.00  100.00
04:11:51 PM    7    0.00    0.00    0.00    0.00    0.00    0.00    0.00    0.00    0.00  100.00
04:11:51 PM    8    0.00    0.00    0.00    0.00    0.00    0.00    0.00    0.00    0.00  100.00
04:11:51 PM    9    0.00    0.00    0.00    0.00    0.00    0.00    0.00    0.00    0.00  100.00
04:11:51 PM   10    0.00    0.00    0.00    0.00    0.00    0.00    0.00    0.00    0.00  100.00
04:11:51 PM   11    0.00    0.00    0.00    0.00    0.00    0.00    0.00    0.00    0.00  100.00
04:11:51 PM   12    0.00    0.00    0.00    0.00    0.00   20.00    0.00    0.00    0.00   80.00
04:11:51 PM   13    0.00    0.00    0.00    0.00    0.00    0.00    0.00    0.00    0.00  100.00
04:11:51 PM   14    0.00    0.00    0.00    0.00    0.00    0.00    0.00    0.00    0.00  100.00
04:11:51 PM   15    0.00    0.00    0.00    0.00    0.00    4.00    0.00    0.00    0.00   96.00
04:11:51 PM   16    0.00    0.00    0.00    0.00    0.00    0.00    0.00    0.00    0.00  100.00
04:11:51 PM   17    0.00    0.00    0.00    0.00    0.00   20.41    0.00    0.00    0.00   79.59
04:11:51 PM   18    0.00    0.00    0.00    0.00    0.00    0.00    0.00    0.00    0.00  100.00
04:11:51 PM   19    0.00    0.00    0.00    0.00    0.00    0.00    0.00    0.00    0.00  100.00
04:11:51 PM   20    0.00    0.00    0.00    0.00    0.00    0.00    0.00    0.00    0.00  100.00
04:11:51 PM   21    0.00    0.00    0.00    0.00    0.00    0.00    0.00    0.00    0.00  100.00
04:11:51 PM   22    0.00    0.00    0.00    0.00    0.00    0.00    0.00    0.00    0.00  100.00
04:11:51 PM   23    0.00    0.00    0.00    0.00    0.00   26.26    0.00    0.00    0.00   73.74

04:11:51 PM  CPU    %usr   %nice    %sys %iowait    %irq   %soft  %steal  %guest  %gnice   %idle
04:11:52 PM  all    0.00    0.00    0.00    0.00    0.08   11.83    0.00    0.00    0.00   88.09
04:11:52 PM    0    0.00    0.00    0.00    0.00    0.98   40.20    0.00    0.00    0.00   58.82
04:11:52 PM    1    0.00    0.00    0.00    0.00    0.00   53.00    0.00    0.00    0.00   47.00
04:11:52 PM    2    0.00    0.00    0.00    0.00    0.00   11.00    0.00    0.00    0.00   89.00
04:11:52 PM    3    0.00    0.00    0.00    0.00    0.00   84.00    0.00    0.00    0.00   16.00
04:11:52 PM    4    0.00    0.00    0.00    0.00    0.00    3.00    0.00    0.00    0.00   97.00
04:11:52 PM    5    0.00    0.00    0.00    0.00    0.00    0.00    0.00    0.00    0.00  100.00
04:11:52 PM    6    0.00    0.00    0.00    0.00    0.00   23.23    0.00    0.00    0.00   76.77
04:11:52 PM    7    0.00    0.00    0.00    0.00    0.00    0.00    0.00    0.00    0.00  100.00
04:11:52 PM    8    0.00    0.00    0.00    0.00    0.00    0.00    0.00    0.00    0.00  100.00
04:11:52 PM    9    0.00    0.00    0.00    0.00    0.00    0.00    0.00    0.00    0.00  100.00
04:11:52 PM   10    0.00    0.00    0.00    0.00    0.00    0.00    0.00    0.00    0.00  100.00
04:11:52 PM   11    0.00    0.00    0.00    0.00    0.00   23.00    0.00    0.00    0.00   77.00
04:11:52 PM   12    0.00    0.00    0.00    0.00    0.00    0.00    0.00    0.00    0.00  100.00
04:11:52 PM   13    0.00    0.00    0.00    0.00    0.00    0.00    0.00    0.00    0.00  100.00
04:11:52 PM   14    0.00    0.00    0.00    0.00    0.00   23.00    0.00    0.00    0.00   77.00
04:11:52 PM   15    0.00    0.00    0.00    0.00    0.00    0.00    0.00    0.00    0.00  100.00
04:11:52 PM   16    0.00    0.00    0.00    0.00    0.00    0.00    0.00    0.00    0.00  100.00
04:11:52 PM   17    0.00    0.00    0.00    0.00    0.00    0.00    0.00    0.00    0.00  100.00
04:11:52 PM   18    0.00    0.00    0.00    0.00    0.00    0.00    0.00    0.00    0.00  100.00
04:11:52 PM   19    0.00    0.00    0.00    0.00    0.00    0.00    0.00    0.00    0.00  100.00
04:11:52 PM   20    0.00    0.00    0.00    0.00    0.00    5.00    0.00    0.00    0.00   95.00
04:11:52 PM   21    0.00    0.00    0.00    0.00    0.00    0.00    0.00    0.00    0.00  100.00
04:11:52 PM   22    0.00    0.00    0.00    0.00    0.00    0.00    0.00    0.00    0.00  100.00
04:11:52 PM   23    0.00    0.00    0.00    0.00    1.00   18.00    0.00    0.00    0.00   81.00

04:11:52 PM  CPU    %usr   %nice    %sys %iowait    %irq   %soft  %steal  %guest  %gnice   %idle
04:11:53 PM  all    0.00    0.00    0.00    0.04    0.00    9.97    0.00    0.00    0.00   89.99
04:11:53 PM    0    0.00    0.00    0.00    1.00    0.00    0.00    0.00    0.00    0.00   99.00
04:11:53 PM    1    0.00    0.00    0.00    0.00    0.00   16.00    0.00    0.00    0.00   84.00
04:11:53 PM    2    0.00    0.00    0.00    0.00    0.00   88.00    0.00    0.00    0.00   12.00
04:11:53 PM    3    0.00    0.00    0.00    0.00    0.00   48.00    0.00    0.00    0.00   52.00
04:11:53 PM    4    0.00    0.00    0.00    0.00    0.00    0.00    0.00    0.00    0.00  100.00
04:11:53 PM    5    0.00    0.00    0.00    0.00    0.00    0.00    0.00    0.00    0.00  100.00
04:11:53 PM    6    0.00    0.00    0.00    0.00    0.00    0.00    0.00    0.00    0.00  100.00
04:11:53 PM    7    0.00    0.00    0.00    0.00    0.00    0.00    0.00    0.00    0.00  100.00
04:11:53 PM    8    0.00    0.00    0.00    0.00    0.00   23.23    0.00    0.00    0.00   76.77
04:11:53 PM    9    0.00    0.00    0.00    0.00    0.00    0.00    0.00    0.00    0.00  100.00
04:11:53 PM   10    0.00    0.00    0.00    0.00    0.00    0.00    0.00    0.00    0.00  100.00
04:11:53 PM   11    0.00    0.00    0.00    0.00    0.00    1.01    0.00    0.00    0.00   98.99
04:11:53 PM   12    0.00    0.00    0.00    0.00    0.00    0.00    0.00    0.00    0.00  100.00
04:11:53 PM   13    0.00    0.00    0.00    0.00    0.00    0.00    0.00    0.00    0.00  100.00
04:11:53 PM   14    0.00    0.00    0.00    0.00    0.00    0.00    0.00    0.00    0.00  100.00
04:11:53 PM   15    0.00    0.00    0.00    0.00    0.00    0.00    0.00    0.00    0.00  100.00
04:11:53 PM   16    0.00    0.00    0.00    0.00    0.00    0.00    0.00    0.00    0.00  100.00
04:11:53 PM   17    0.00    0.00    0.00    0.00    0.00   19.00    0.00    0.00    0.00   81.00
04:11:53 PM   18    0.00    0.00    0.00    0.00    0.00    6.00    0.00    0.00    0.00   94.00
04:11:53 PM   19    0.00    0.00    0.00    0.00    0.00    0.00    0.00    0.00    0.00  100.00
04:11:53 PM   20    0.00    0.00    0.00    0.00    0.00   17.00    0.00    0.00    0.00   83.00
04:11:53 PM   21    0.00    0.00    0.00    0.00    0.00   21.21    0.00    0.00    0.00   78.79
04:11:53 PM   22    0.00    0.00    0.00    0.00    0.00    0.00    0.00    0.00    0.00  100.00
04:11:53 PM   23    0.00    0.00    0.00    0.00    0.00    0.00    0.00    0.00    0.00  100.00

04:11:53 PM  CPU    %usr   %nice    %sys %iowait    %irq   %soft  %steal  %guest  %gnice   %idle
04:11:54 PM  all    0.04    0.00    0.04    0.00    0.00   12.13    0.00    0.00    0.00   87.79
04:11:54 PM    0    0.99    0.00    0.00    0.00    0.00   49.50    0.00    0.00    0.00   49.50
04:11:54 PM    1    0.00    0.00    0.00    0.00    0.00   87.00    0.00    0.00    0.00   13.00
04:11:54 PM    2    0.00    0.00    0.99    0.00    0.00   13.86    0.00    0.00    0.00   85.15
04:11:54 PM    3    0.00    0.00    0.00    0.00    0.00   51.49    0.00    0.00    0.00   48.51
04:11:54 PM    4    0.00    0.00    0.00    0.00    0.00    0.00    0.00    0.00    0.00  100.00
04:11:54 PM    5    0.00    0.00    0.00    0.00    0.00   18.00    0.00    0.00    0.00   82.00
04:11:54 PM    6    0.00    0.00    0.00    0.00    0.00    0.00    0.00    0.00    0.00  100.00
04:11:54 PM    7    0.00    0.00    0.00    0.00    0.00    0.00    0.00    0.00    0.00  100.00
04:11:54 PM    8    0.00    0.00    0.00    0.00    0.00    0.00    0.00    0.00    0.00  100.00
04:11:54 PM    9    0.00    0.00    0.00    0.00    0.00   23.23    0.00    0.00    0.00   76.77
04:11:54 PM   10    0.00    0.00    0.00    0.00    0.00    0.00    0.00    0.00    0.00  100.00
04:11:54 PM   11    0.00    0.00    0.00    0.00    0.00    0.00    0.00    0.00    0.00  100.00
04:11:54 PM   12    0.00    0.00    0.00    0.00    0.00    0.00    0.00    0.00    0.00  100.00
04:11:54 PM   13    0.00    0.00    0.00    0.00    0.00    0.00    0.00    0.00    0.00  100.00
04:11:54 PM   14    0.00    0.00    0.00    0.00    0.00    0.00    0.00    0.00    0.00  100.00
04:11:54 PM   15    0.00    0.00    0.00    0.00    0.00    0.00    0.00    0.00    0.00  100.00
04:11:54 PM   16    0.00    0.00    0.00    0.00    0.00    0.00    0.00    0.00    0.00  100.00
04:11:54 PM   17    0.00    0.00    0.00    0.00    0.00    0.00    0.00    0.00    0.00  100.00
04:11:54 PM   18    0.00    0.00    0.00    0.00    0.00   19.00    0.00    0.00    0.00   81.00
04:11:54 PM   19    0.00    0.00    0.00    0.00    0.00    6.00    0.00    0.00    0.00   94.00
04:11:54 PM   20    0.00    0.00    0.00    0.00    0.00    0.00    0.00    0.00    0.00  100.00
04:11:54 PM   21    0.00    0.00    0.00    0.00    0.00    0.00    0.00    0.00    0.00  100.00
04:11:54 PM   22    0.00    0.00    0.00    0.00    0.00    0.00    0.00    0.00    0.00  100.00
04:11:54 PM   23    0.00    0.00    0.00    0.00    0.00   23.00    0.00    0.00    0.00   77.00

04:11:54 PM  CPU    %usr   %nice    %sys %iowait    %irq   %soft  %steal  %guest  %gnice   %idle
04:11:55 PM  all    0.00    0.00    0.04    0.00    0.08   11.90    0.00    0.00    0.00   87.97
04:11:55 PM    0    0.00    0.00    0.00    0.00    0.00    3.06    0.00    0.00    0.00   96.94
04:11:55 PM    1    0.00    0.00    0.00    0.00    0.00    0.00    0.00    0.00    0.00  100.00
04:11:55 PM    2    0.00    0.00    0.00    0.00    0.99   85.15    0.00    0.00    0.00   13.86
04:11:55 PM    3    0.00    0.00    0.00    0.00    0.00  100.00    0.00    0.00    0.00    0.00
04:11:55 PM    4    0.00    0.00    0.00    0.00    0.00    0.00    0.00    0.00    0.00  100.00
04:11:55 PM    5    0.00    0.00    0.00    0.00    0.00    0.00    0.00    0.00    0.00  100.00
04:11:55 PM    6    0.00    0.00    0.00    0.00    0.00    0.00    0.00    0.00    0.00  100.00
04:11:55 PM    7    0.00    0.00    0.00    0.00    0.00    0.00    0.00    0.00    0.00  100.00
04:11:55 PM    8    0.00    0.00    0.00    0.00    0.00    0.00    0.00    0.00    0.00  100.00
04:11:55 PM    9    0.00    0.00    0.00    0.00    0.00   24.49    0.00    0.00    0.00   75.51
04:11:55 PM   10    0.00    0.00    0.00    0.00    0.00    0.00    0.00    0.00    0.00  100.00
04:11:55 PM   11    0.00    0.00    0.00    0.00    0.00    0.00    0.00    0.00    0.00  100.00
04:11:55 PM   12    0.00    0.00    0.00    0.00    0.00    0.00    0.00    0.00    0.00  100.00
04:11:55 PM   13    0.00    0.00    0.00    0.00    0.00    0.00    0.00    0.00    0.00  100.00
04:11:55 PM   14    0.00    0.00    0.98    0.00    0.98   23.53    0.00    0.00    0.00   74.51
04:11:55 PM   15    0.00    0.00    0.00    0.00    0.00    0.00    0.00    0.00    0.00  100.00
04:11:55 PM   16    0.00    0.00    0.00    0.00    0.00    0.00    0.00    0.00    0.00  100.00
04:11:55 PM   17    0.00    0.00    0.00    0.00    0.00    0.00    0.00    0.00    0.00  100.00
04:11:55 PM   18    0.00    0.00    0.00    0.00    0.00    0.00    0.00    0.00    0.00  100.00
04:11:55 PM   19    0.00    0.00    0.00    0.00    0.00   25.25    0.00    0.00    0.00   74.75
04:11:55 PM   20    0.00    0.00    0.00    0.00    0.00    0.00    0.00    0.00    0.00  100.00
04:11:55 PM   21    0.00    0.00    0.00    0.00    0.00    0.00    0.00    0.00    0.00  100.00
04:11:55 PM   22    0.00    0.00    0.00    0.00    0.00    0.00    0.00    0.00    0.00  100.00
04:11:55 PM   23    0.00    0.00    0.00    0.00    0.00   24.24    0.00    0.00    0.00   75.76

04:11:55 PM  CPU    %usr   %nice    %sys %iowait    %irq   %soft  %steal  %guest  %gnice   %idle
04:11:56 PM  all    0.00    0.00    0.04    0.00    0.00   10.35    0.00    0.00    0.00   89.61
04:11:56 PM    0    0.00    0.00    0.00    0.00    0.00   46.00    0.00    0.00    0.00   54.00
04:11:56 PM    1    0.00    0.00    0.99    0.00    0.00    4.95    0.00    0.00    0.00   94.06
04:11:56 PM    2    0.00    0.00    0.00    0.00    0.00   61.62    0.00    0.00    0.00   38.38
04:11:56 PM    3    0.00    0.00    0.00    0.00    0.00   51.49    0.00    0.00    0.00   48.51
04:11:56 PM    4    0.00    0.00    0.00    0.00    0.00    0.00    0.00    0.00    0.00  100.00
04:11:56 PM    5    0.00    0.00    0.00    0.00    0.00    0.00    0.00    0.00    0.00  100.00
04:11:56 PM    6    0.00    0.00    0.00    0.00    0.00    0.00    0.00    0.00    0.00  100.00
04:11:56 PM    7    0.00    0.00    0.00    0.00    0.00    7.07    0.00    0.00    0.00   92.93
04:11:56 PM    8    0.00    0.00    0.00    0.00    0.00    0.00    0.00    0.00    0.00  100.00
04:11:56 PM    9    0.00    0.00    0.00    0.00    0.00    0.00    0.00    0.00    0.00  100.00
04:11:56 PM   10    0.00    0.00    0.00    0.00    0.00    0.00    0.00    0.00    0.00  100.00
04:11:56 PM   11    0.00    0.00    0.00    0.00    0.00    0.00    0.00    0.00    0.00  100.00
04:11:56 PM   12    0.00    0.00    0.00    0.00    0.00    0.00    0.00    0.00    0.00  100.00
04:11:56 PM   13    0.00    0.00    0.00    0.00    0.00    0.00    0.00    0.00    0.00  100.00
04:11:56 PM   14    0.00    0.00    0.00    0.00    0.00   17.35    0.00    0.00    0.00   82.65
04:11:56 PM   15    0.00    0.00    0.00    0.00    0.00    0.00    0.00    0.00    0.00  100.00
04:11:56 PM   16    0.00    0.00    0.00    0.00    0.00   19.19    0.00    0.00    0.00   80.81
04:11:56 PM   17    0.00    0.00    0.00    0.00    0.00   21.00    0.00    0.00    0.00   79.00
04:11:56 PM   18    0.00    0.00    0.00    0.00    0.00    2.00    0.00    0.00    0.00   98.00
04:11:56 PM   19    0.00    0.00    0.00    0.00    0.00   18.00    0.00    0.00    0.00   82.00
04:11:56 PM   20    0.00    0.00    0.00    0.00    0.00    0.00    0.00    0.00    0.00  100.00
04:11:56 PM   21    0.00    0.00    0.00    0.00    0.00    0.00    0.00    0.00    0.00  100.00
04:11:56 PM   22    0.00    0.00    0.00    0.00    0.00    0.00    0.00    0.00    0.00  100.00
04:11:56 PM   23    0.00    0.00    0.00    0.00    0.00    0.00    0.00    0.00    0.00  100.00

04:11:56 PM  CPU    %usr   %nice    %sys %iowait    %irq   %soft  %steal  %guest  %gnice   %idle
04:11:57 PM  all    0.00    0.00    0.00    0.04    0.00   12.39    0.00    0.00    0.00   87.57
04:11:57 PM    0    0.00    0.00    0.00    1.00    0.00   55.00    0.00    0.00    0.00   44.00
04:11:57 PM    1    0.00    0.00    0.00    0.00    0.00   62.00    0.00    0.00    0.00   38.00
04:11:57 PM    2    0.00    0.00    0.00    0.00    0.00   50.00    0.00    0.00    0.00   50.00
04:11:57 PM    3    0.00    0.00    0.00    0.00    0.00   34.34    0.00    0.00    0.00   65.66
04:11:57 PM    4    0.00    0.00    0.00    0.00    0.00    0.00    0.00    0.00    0.00  100.00
04:11:57 PM    5    0.00    0.00    0.00    0.00    0.00    0.00    0.00    0.00    0.00  100.00
04:11:57 PM    6    0.00    0.00    0.00    0.00    0.00    0.00    0.00    0.00    0.00  100.00
04:11:57 PM    7    0.00    0.00    0.00    0.00    0.00   18.00    0.00    0.00    0.00   82.00
04:11:57 PM    8    0.00    0.00    0.00    0.00    0.00    8.00    0.00    0.00    0.00   92.00
04:11:57 PM    9    0.00    0.00    0.00    0.00    0.00    0.00    0.00    0.00    0.00  100.00
04:11:57 PM   10    0.00    0.00    0.00    0.00    0.00    0.00    0.00    0.00    0.00  100.00
04:11:57 PM   11    0.00    0.00    0.00    0.00    0.00    0.00    0.00    0.00    0.00  100.00
04:11:57 PM   12    0.00    0.00    0.00    0.00    0.00    0.00    0.00    0.00    0.00  100.00
04:11:57 PM   13    0.00    0.00    0.00    0.00    0.00    0.00    0.00    0.00    0.00  100.00
04:11:57 PM   14    0.00    0.00    0.00    0.00    0.00    0.00    0.00    0.00    0.00  100.00
04:11:57 PM   15    0.00    0.00    0.00    0.00    0.00    0.00    0.00    0.00    0.00  100.00
04:11:57 PM   16    0.00    0.00    0.00    0.00    0.00   22.00    0.00    0.00    0.00   78.00
04:11:57 PM   17    0.00    0.00    0.00    0.00    0.00    0.00    0.00    0.00    0.00  100.00
04:11:57 PM   18    0.00    0.00    0.00    0.00    0.00   22.22    0.00    0.00    0.00   77.78
04:11:57 PM   19    0.00    0.00    0.00    0.00    0.00    0.00    0.00    0.00    0.00  100.00
04:11:57 PM   20    0.00    0.00    0.00    0.00    0.00    0.00    0.00    0.00    0.00  100.00
04:11:57 PM   21    0.00    0.00    0.00    0.00    0.00    3.00    0.00    0.00    0.00   97.00
04:11:57 PM   22    0.00    0.00    0.00    0.00    0.00    0.00    0.00    0.00    0.00  100.00
04:11:57 PM   23    0.00    0.00    0.00    0.00    0.00   23.23    0.00    0.00    0.00   76.77

04:11:57 PM  CPU    %usr   %nice    %sys %iowait    %irq   %soft  %steal  %guest  %gnice   %idle
04:11:58 PM  all    0.00    0.00    0.04    0.00    0.12   12.32    0.00    0.00    0.00   87.51
04:11:58 PM    0    0.00    0.00    0.00    0.00    0.00   61.00    0.00    0.00    0.00   39.00
04:11:58 PM    1    0.00    0.00    0.00    0.00    0.99   82.18    0.00    0.00    0.00   16.83
04:11:58 PM    2    0.00    0.00    0.00    0.00    0.00   50.00    0.00    0.00    0.00   50.00
04:11:58 PM    3    0.00    0.00    0.00    0.00    0.00    9.00    0.00    0.00    0.00   91.00
04:11:58 PM    4    0.00    0.00    0.00    0.00    0.00    0.00    0.00    0.00    0.00  100.00
04:11:58 PM    5    0.00    0.00    0.00    0.00    0.00    8.08    0.00    0.00    0.00   91.92
04:11:58 PM    6    0.00    0.00    0.00    0.00    0.00    0.00    0.00    0.00    0.00  100.00
04:11:58 PM    7    0.00    0.00    0.00    0.00    0.00    0.00    0.00    0.00    0.00  100.00
04:11:58 PM    8    0.00    0.00    0.99    0.00    0.00   14.85    0.00    0.00    0.00   84.16
04:11:58 PM    9    0.00    0.00    0.00    0.00    0.00    0.00    0.00    0.00    0.00  100.00
04:11:58 PM   10    0.00    0.00    0.00    0.00    0.00    0.00    0.00    0.00    0.00  100.00
04:11:58 PM   11    0.00    0.00    0.00    0.00    0.00    0.00    0.00    0.00    0.00  100.00
04:11:58 PM   12    0.00    0.00    0.00    0.00    0.00    0.00    0.00    0.00    0.00  100.00
04:11:58 PM   13    0.00    0.00    0.00    0.00    0.00    0.00    0.00    0.00    0.00  100.00
04:11:58 PM   14    0.00    0.00    0.00    0.00    0.00    0.00    0.00    0.00    0.00  100.00
04:11:58 PM   15    0.00    0.00    0.00    0.00    0.00    0.00    0.00    0.00    0.00  100.00
04:11:58 PM   16    0.00    0.00    0.00    0.00    0.00    0.00    0.00    0.00    0.00  100.00
04:11:58 PM   17    0.00    0.00    0.00    0.00    0.00    0.00    0.00    0.00    0.00  100.00
04:11:58 PM   18    0.00    0.00    0.00    0.00    0.00    0.00    0.00    0.00    0.00  100.00
04:11:58 PM   19    0.00    0.00    0.00    0.00    1.00   27.00    0.00    0.00    0.00   72.00
04:11:58 PM   20    0.00    0.00    0.00    0.00    0.00    0.00    0.00    0.00    0.00  100.00
04:11:58 PM   21    0.00    0.00    0.00    0.00    0.00   20.20    0.00    0.00    0.00   79.80
04:11:58 PM   22    0.00    0.00    0.00    0.00    0.98   22.55    0.00    0.00    0.00   76.47
04:11:58 PM   23    0.00    0.00    0.00    0.00    0.00    0.00    0.00    0.00    0.00  100.00

04:11:58 PM  CPU    %usr   %nice    %sys %iowait    %irq   %soft  %steal  %guest  %gnice   %idle
04:11:59 PM  all    0.00    0.00    0.54    0.00    0.04   11.25    0.00    0.00    0.00   88.17
04:11:59 PM    0    0.00    0.00    0.00    0.00    0.99   42.57    0.00    0.00    0.00   56.44
04:11:59 PM    1    0.00    0.00    0.00    0.00    0.00    0.00    0.00    0.00    0.00  100.00
04:11:59 PM    2    0.00    0.00    0.00    0.00    0.00   50.00    0.00    0.00    0.00   50.00
04:11:59 PM    3    0.00    0.00    0.00    0.00    0.00  100.00    0.00    0.00    0.00    0.00
04:11:59 PM    4    0.00    0.00    0.00    0.00    0.00    0.00    0.00    0.00    0.00  100.00
04:11:59 PM    5    0.00    0.00   13.00    0.00    0.00   44.00    0.00    0.00    0.00   43.00
04:11:59 PM    6    0.00    0.00    0.00    0.00    0.00    0.00    0.00    0.00    0.00  100.00
04:11:59 PM    7    0.00    0.00    0.00    0.00    0.00    5.00    0.00    0.00    0.00   95.00
04:11:59 PM    8    0.00    0.00    0.00    0.00    0.00    9.00    0.00    0.00    0.00   91.00
04:11:59 PM    9    0.00    0.00    0.00    0.00    0.00    0.00    0.00    0.00    0.00  100.00
04:11:59 PM   10    0.00    0.00    0.00    0.00    0.00    0.00    0.00    0.00    0.00  100.00
04:11:59 PM   11    0.00    0.00    0.00    0.00    0.00    0.00    0.00    0.00    0.00  100.00
04:11:59 PM   12    0.00    0.00    0.00    0.00    0.00    0.00    0.00    0.00    0.00  100.00
04:11:59 PM   13    0.00    0.00    0.00    0.00    0.00    0.00    0.00    0.00    0.00  100.00
04:11:59 PM   14    0.00    0.00    0.00    0.00    0.00    0.00    0.00    0.00    0.00  100.00
04:11:59 PM   15    0.00    0.00    0.00    0.00    0.00    0.00    0.00    0.00    0.00  100.00
04:11:59 PM   16    0.00    0.00    0.00    0.00    0.00    0.00    0.00    0.00    0.00  100.00
04:11:59 PM   17    0.00    0.00    0.00    0.00    0.00    0.00    0.00    0.00    0.00  100.00
04:11:59 PM   18    0.00    0.00    0.00    0.00    0.00    0.00    0.00    0.00    0.00  100.00
04:11:59 PM   19    0.00    0.00    0.00    0.00    0.00   19.00    0.00    0.00    0.00   81.00
04:11:59 PM   20    0.00    0.00    0.00    0.00    0.00    0.00    0.00    0.00    0.00  100.00
04:11:59 PM   21    0.00    0.00    0.00    0.00    0.00    0.00    0.00    0.00    0.00  100.00
04:11:59 PM   22    0.00    0.00    0.00    0.00    0.00    0.00    0.00    0.00    0.00  100.00
04:11:59 PM   23    0.00    0.00    0.00    0.00    0.00    0.00    0.00    0.00    0.00  100.00

04:11:59 PM  CPU    %usr   %nice    %sys %iowait    %irq   %soft  %steal  %guest  %gnice   %idle
04:12:00 PM  all    0.00    0.00    1.71    0.00    0.00   10.46    0.00    0.00    0.00   87.83
04:12:00 PM    0    0.00    0.00    0.00    0.00    0.00  100.00    0.00    0.00    0.00    0.00
04:12:00 PM    1    0.00    0.00    0.00    0.00    0.00   50.00    0.00    0.00    0.00   50.00
04:12:00 PM    2    0.00    0.00    0.00    0.00    0.00   14.00    0.00    0.00    0.00   86.00
04:12:00 PM    3    0.00    0.00    0.00    0.00    0.00   30.00    0.00    0.00    0.00   70.00
04:12:00 PM    4    0.00    0.00    0.00    0.00    0.00    0.00    0.00    0.00    0.00  100.00
04:12:00 PM    5    0.00    0.00    0.00    0.00    0.00    0.00    0.00    0.00    0.00  100.00
04:12:00 PM    6    0.00    0.00    0.00    0.00    0.00    0.00    0.00    0.00    0.00  100.00
04:12:00 PM    7    0.00    0.00    0.00    0.00    0.00   20.00    0.00    0.00    0.00   80.00
04:12:00 PM    8    0.00    0.00    0.00    0.00    0.00   14.14    0.00    0.00    0.00   85.86
04:12:00 PM    9    0.00    0.00    0.00    0.00    0.00    0.00    0.00    0.00    0.00  100.00
04:12:00 PM   10    0.00    0.00    0.00    0.00    0.00    0.00    0.00    0.00    0.00  100.00
04:12:00 PM   11    0.00    0.00   40.59    0.00    0.00   13.86    0.00    0.00    0.00   45.54
04:12:00 PM   12    0.00    0.00    0.00    0.00    0.00    0.00    0.00    0.00    0.00  100.00
04:12:00 PM   13    0.00    0.00    0.00    0.00    0.00    0.00    0.00    0.00    0.00  100.00
04:12:00 PM   14    0.00    0.00    0.00    0.00    0.00    0.00    0.00    0.00    0.00  100.00
04:12:00 PM   15    0.00    0.00    0.00    0.00    0.00    0.00    0.00    0.00    0.00  100.00
04:12:00 PM   16    0.00    0.00    0.00    0.00    0.00    0.00    0.00    0.00    0.00  100.00
04:12:00 PM   17    0.00    0.00    0.00    0.00    0.00    0.00    0.00    0.00    0.00  100.00
04:12:00 PM   18    0.00    0.00    0.00    0.00    0.00    0.00    0.00    0.00    0.00  100.00
04:12:00 PM   19    0.00    0.00    0.00    0.00    0.00    0.00    0.00    0.00    0.00  100.00
04:12:00 PM   20    0.00    0.00    0.00    0.00    0.00   10.00    0.00    0.00    0.00   90.00
04:12:00 PM   21    0.00    0.00    0.00    0.00    0.00    0.00    0.00    0.00    0.00  100.00
04:12:00 PM   22    0.00    0.00    0.00    0.00    0.00    0.00    0.00    0.00    0.00  100.00
04:12:00 PM   23    0.00    0.00    0.00    0.00    0.00    0.00    0.00    0.00    0.00  100.00

04:12:00 PM  CPU    %usr   %nice    %sys %iowait    %irq   %soft  %steal  %guest  %gnice   %idle
04:12:01 PM  all    0.00    0.00    0.67    0.04    0.08   11.38    0.00    0.00    0.00   87.83
04:12:01 PM    0    0.00    0.00    0.00    0.00    0.00   93.00    0.00    0.00    0.00    7.00
04:12:01 PM    1    0.00    0.00    0.00    1.00    0.00    0.00    0.00    0.00    0.00   99.00
04:12:01 PM    2    0.00    0.00    0.00    0.00    0.00   52.00    0.00    0.00    0.00   48.00
04:12:01 PM    3    0.00    0.00    0.00    0.00    0.99   48.51    0.00    0.00    0.00   50.50
04:12:01 PM    4    0.00    0.00    0.00    0.00    0.00    0.00    0.00    0.00    0.00  100.00
04:12:01 PM    5    0.00    0.00    0.00    0.00    0.00    0.00    0.00    0.00    0.00  100.00
04:12:01 PM    6    0.00    0.00    0.00    0.00    0.00    0.00    0.00    0.00    0.00  100.00
04:12:01 PM    7    0.00    0.00    0.00    0.00    0.00    0.00    0.00    0.00    0.00  100.00
04:12:01 PM    8    0.00    0.00    0.00    0.00    0.00    0.00    0.00    0.00    0.00  100.00
04:12:01 PM    9    0.00    0.00    0.00    0.00    0.00    0.00    0.00    0.00    0.00  100.00
04:12:01 PM   10    0.00    0.00    0.00    0.00    0.00    0.00    0.00    0.00    0.00  100.00
04:12:01 PM   11    0.00    0.00    0.00    0.00    1.00   38.00    0.00    0.00    0.00   61.00
04:12:01 PM   12    0.00    0.00    0.00    0.00    0.00    0.00    0.00    0.00    0.00  100.00
04:12:01 PM   13    0.00    0.00    0.00    0.00    0.00    0.00    0.00    0.00    0.00  100.00
04:12:01 PM   14    0.00    0.00    0.00    0.00    0.00    0.00    0.00    0.00    0.00  100.00
04:12:01 PM   15    0.00    0.00    0.00    0.00    0.00    0.00    0.00    0.00    0.00  100.00
04:12:01 PM   16    0.00    0.00    0.00    0.00    0.00    0.00    0.00    0.00    0.00  100.00
04:12:01 PM   17    0.00    0.00    0.00    0.00    0.00    0.00    0.00    0.00    0.00  100.00
04:12:01 PM   18    0.00    0.00   16.16    0.00    0.00   28.28    0.00    0.00    0.00   55.56
04:12:01 PM   19    0.00    0.00    0.00    0.00    0.00    0.00    0.00    0.00    0.00  100.00
04:12:01 PM   20    0.00    0.00    0.00    0.00    0.00   13.13    0.00    0.00    0.00   86.87
04:12:01 PM   21    0.00    0.00    0.00    0.00    0.00    0.00    0.00    0.00    0.00  100.00
04:12:01 PM   22    0.00    0.00    0.00    0.00    0.00    0.00    0.00    0.00    0.00  100.00
04:12:01 PM   23    0.00    0.00    0.00    0.00    0.00    0.00    0.00    0.00    0.00  100.00

04:12:01 PM  CPU    %usr   %nice    %sys %iowait    %irq   %soft  %steal  %guest  %gnice   %idle
04:12:02 PM  all    0.04    0.00    2.70    0.00    0.00    9.82    0.00    0.00    0.00   87.43
04:12:02 PM    0    0.00    0.00    0.00    0.00    0.00   52.00    0.00    0.00    0.00   48.00
04:12:02 PM    1    0.99    0.00    0.00    0.00    0.00    0.00    0.00    0.00    0.00   99.01
04:12:02 PM    2    0.00    0.00    0.00    0.00    0.00  100.00    0.00    0.00    0.00    0.00
04:12:02 PM    3    0.00    0.00    0.00    0.00    0.00   50.00    0.00    0.00    0.00   50.00
04:12:02 PM    4    0.00    0.00    0.00    0.00    0.00    0.00    0.00    0.00    0.00  100.00
04:12:02 PM    5    0.00    0.00    0.00    0.00    0.00    0.00    0.00    0.00    0.00  100.00
04:12:02 PM    6    0.00    0.00    0.00    0.00    0.00    0.00    0.00    0.00    0.00  100.00
04:12:02 PM    7    0.00    0.00    0.00    0.00    0.00    0.00    0.00    0.00    0.00  100.00
04:12:02 PM    8    0.00    0.00    0.00    0.00    0.00    0.00    0.00    0.00    0.00  100.00
04:12:02 PM    9    0.00    0.00    0.00    0.00    0.00    0.00    0.00    0.00    0.00  100.00
04:12:02 PM   10    0.00    0.00   41.00    0.00    0.00    8.00    0.00    0.00    0.00   51.00
04:12:02 PM   11    0.00    0.00    0.00    0.00    0.00    0.00    0.00    0.00    0.00  100.00
04:12:02 PM   12    0.00    0.00    0.00    0.00    0.00    0.00    0.00    0.00    0.00  100.00
04:12:02 PM   13    0.00    0.00    0.00    0.00    0.00    0.00    0.00    0.00    0.00  100.00
04:12:02 PM   14    0.00    0.00    0.00    0.00    0.00    0.00    0.00    0.00    0.00  100.00
04:12:02 PM   15    0.00    0.00    0.00    0.00    0.00    9.00    0.00    0.00    0.00   91.00
04:12:02 PM   16    0.00    0.00    0.00    0.00    0.00    0.00    0.00    0.00    0.00  100.00
04:12:02 PM   17    0.00    0.00    0.00    0.00    0.00    0.00    0.00    0.00    0.00  100.00
04:12:02 PM   18    0.00    0.00   23.53    0.00    0.00    4.90    0.00    0.00    0.00   71.57
04:12:02 PM   19    0.00    0.00    0.00    0.00    0.00    0.00    0.00    0.00    0.00  100.00
04:12:02 PM   20    0.00    0.00    0.00    0.00    0.00    0.00    0.00    0.00    0.00  100.00
04:12:02 PM   21    0.00    0.00    0.00    0.00    0.00   12.00    0.00    0.00    0.00   88.00
04:12:02 PM   22    0.00    0.00    0.00    0.00    0.00    0.00    0.00    0.00    0.00  100.00
04:12:02 PM   23    0.00    0.00    0.00    0.00    0.00    0.00    0.00    0.00    0.00  100.00

04:12:02 PM  CPU    %usr   %nice    %sys %iowait    %irq   %soft  %steal  %guest  %gnice   %idle
04:12:03 PM  all    0.00    0.00    0.42    0.04    0.08    9.20    0.00    0.00    0.00   90.26
04:12:03 PM    0    0.00    0.00    0.99    0.99    0.00   23.76    0.00    0.00    0.00   74.26
04:12:03 PM    1    0.00    0.00    0.00    0.00    0.00   55.56    0.00    0.00    0.00   44.44
04:12:03 PM    2    0.00    0.00    0.00    0.00    0.00   58.00    0.00    0.00    0.00   42.00
04:12:03 PM    3    0.00    0.00    0.00    0.00    0.00    0.00    0.00    0.00    0.00  100.00
04:12:03 PM    4    0.00    0.00    1.00    0.00    0.00   20.00    0.00    0.00    0.00   79.00
04:12:03 PM    5    0.00    0.00    0.00    0.00    0.00    0.00    0.00    0.00    0.00  100.00
04:12:03 PM    6    0.00    0.00    0.00    0.00    0.00    0.00    0.00    0.00    0.00  100.00
04:12:03 PM    7    0.00    0.00    0.00    0.00    0.00    0.00    0.00    0.00    0.00  100.00
04:12:03 PM    8    0.00    0.00    0.00    0.00    0.00    0.00    0.00    0.00    0.00  100.00
04:12:03 PM    9    0.00    0.00    0.00    0.00    0.00    0.00    0.00    0.00    0.00  100.00
04:12:03 PM   10    0.00    0.00    0.00    0.00    0.00    0.00    0.00    0.00    0.00  100.00
04:12:03 PM   11    0.00    0.00    0.00    0.00    0.00    0.00    0.00    0.00    0.00  100.00
04:12:03 PM   12    0.00    0.00    0.00    0.00    0.00    0.00    0.00    0.00    0.00  100.00
04:12:03 PM   13    0.00    0.00    0.00    0.00    0.00    0.00    0.00    0.00    0.00  100.00
04:12:03 PM   14    0.00    0.00    0.00    0.00    0.00   11.00    0.00    0.00    0.00   89.00
04:12:03 PM   15    0.00    0.00    0.00    0.00    0.00   13.13    0.00    0.00    0.00   86.87
04:12:03 PM   16    0.00    0.00    0.00    0.00    0.00    0.00    0.00    0.00    0.00  100.00
04:12:03 PM   17    0.00    0.00    0.00    0.00    0.00    0.00    0.00    0.00    0.00  100.00
04:12:03 PM   18    0.00    0.00    0.00    0.00    0.00    0.00    0.00    0.00    0.00  100.00
04:12:03 PM   19    0.00    0.00    0.00    0.00    0.00    0.00    0.00    0.00    0.00  100.00
04:12:03 PM   20    0.00    0.00    6.86    0.00    0.98   28.43    0.00    0.00    0.00   63.73
04:12:03 PM   21    0.00    0.00    0.98    0.00    0.98   10.78    0.00    0.00    0.00   87.25
04:12:03 PM   22    0.00    0.00    0.00    0.00    0.00    0.00    0.00    0.00    0.00  100.00
04:12:03 PM   23    0.00    0.00    0.00    0.00    0.00    0.00    0.00    0.00    0.00  100.00

04:12:03 PM  CPU    %usr   %nice    %sys %iowait    %irq   %soft  %steal  %guest  %gnice   %idle
04:12:04 PM  all    0.00    0.00    0.00    0.00    0.08    9.92    0.00    0.00    0.00   89.99
04:12:04 PM    0    0.00    0.00    0.00    0.00    0.00   49.00    0.00    0.00    0.00   51.00
04:12:04 PM    1    0.00    0.00    0.00    0.00    0.00   30.69    0.00    0.00    0.00   69.31
04:12:04 PM    2    0.00    0.00    0.00    0.00    0.00   75.76    0.00    0.00    0.00   24.24
04:12:04 PM    3    0.00    0.00    0.00    0.00    0.00    0.00    0.00    0.00    0.00  100.00
04:12:04 PM    4    0.00    0.00    0.00    0.00    0.99    0.00    0.00    0.00    0.00   99.01
04:12:04 PM    5    0.00    0.00    0.00    0.00    0.00    0.00    0.00    0.00    0.00  100.00
04:12:04 PM    6    0.00    0.00    0.00    0.00    0.00   22.00    0.00    0.00    0.00   78.00
04:12:04 PM    7    0.00    0.00    0.00    0.00    0.00    0.00    0.00    0.00    0.00  100.00
04:12:04 PM    8    0.00    0.00    0.00    0.00    0.00    0.00    0.00    0.00    0.00  100.00
04:12:04 PM    9    0.00    0.00    0.00    0.00    0.00    0.00    0.00    0.00    0.00  100.00
04:12:04 PM   10    0.00    0.00    0.00    0.00    0.00    0.00    0.00    0.00    0.00  100.00
04:12:04 PM   11    0.00    0.00    0.00    0.00    0.00    0.00    0.00    0.00    0.00  100.00
04:12:04 PM   12    0.00    0.00    0.00    0.00    0.00    0.00    0.00    0.00    0.00  100.00
04:12:04 PM   13    0.00    0.00    0.00    0.00    1.01   17.17    0.00    0.00    0.00   81.82
04:12:04 PM   14    0.00    0.00    0.00    0.00    0.00   22.00    0.00    0.00    0.00   78.00
04:12:04 PM   15    0.00    0.00    0.00    0.00    0.00    0.00    0.00    0.00    0.00  100.00
04:12:04 PM   16    0.00    0.00    0.00    0.00    0.00    0.00    0.00    0.00    0.00  100.00
04:12:04 PM   17    0.00    0.00    0.00    0.00    0.00    0.00    0.00    0.00    0.00  100.00
04:12:04 PM   18    0.00    0.00    0.00    0.00    0.00    0.00    0.00    0.00    0.00  100.00
04:12:04 PM   19    0.00    0.00    0.00    0.00    0.00    0.00    0.00    0.00    0.00  100.00
04:12:04 PM   20    0.00    0.00    0.00    0.00    0.00    9.09    0.00    0.00    0.00   90.91
04:12:04 PM   21    0.00    0.00    0.00    0.00    0.00    0.00    0.00    0.00    0.00  100.00
04:12:04 PM   22    0.00    0.00    0.00    0.00    0.00   13.13    0.00    0.00    0.00   86.87
04:12:04 PM   23    0.00    0.00    0.00    0.00    0.00    0.00    0.00    0.00    0.00  100.00

04:12:04 PM  CPU    %usr   %nice    %sys %iowait    %irq   %soft  %steal  %guest  %gnice   %idle
04:12:05 PM  all    0.04    0.00    0.00    0.00    0.04    9.60    0.00    0.00    0.00   90.31
04:12:05 PM    0    0.00    0.00    0.00    0.00    0.00    0.00    0.00    0.00    0.00  100.00
04:12:05 PM    1    0.00    0.00    0.00    0.00    0.00   67.68    0.00    0.00    0.00   32.32
04:12:05 PM    2    0.98    0.00    0.00    0.00    0.00   75.49    0.00    0.00    0.00   23.53
04:12:05 PM    3    0.00    0.00    0.00    0.00    0.00    0.00    0.00    0.00    0.00  100.00
04:12:05 PM    4    0.00    0.00    0.00    0.00    0.00    0.00    0.00    0.00    0.00  100.00
04:12:05 PM    5    0.00    0.00    0.00    0.00    0.00   14.14    0.00    0.00    0.00   85.86
04:12:05 PM    6    0.00    0.00    0.00    0.00    0.00    0.00    0.00    0.00    0.00  100.00
04:12:05 PM    7    0.00    0.00    0.00    0.00    0.00    0.00    0.00    0.00    0.00  100.00
04:12:05 PM    8    0.00    0.00    0.00    0.00    0.00   13.00    0.00    0.00    0.00   87.00
04:12:05 PM    9    0.00    0.00    0.00    0.00    1.00   22.00    0.00    0.00    0.00   77.00
04:12:05 PM   10    0.00    0.00    0.00    0.00    0.00    0.00    0.00    0.00    0.00  100.00
04:12:05 PM   11    0.00    0.00    0.00    0.00    0.00    0.00    0.00    0.00    0.00  100.00
04:12:05 PM   12    0.00    0.00    0.00    0.00    0.00    0.00    0.00    0.00    0.00  100.00
04:12:05 PM   13    0.00    0.00    0.00    0.00    0.00    0.00    0.00    0.00    0.00  100.00
04:12:05 PM   14    0.00    0.00    0.00    0.00    0.00    8.08    0.00    0.00    0.00   91.92
04:12:05 PM   15    0.00    0.00    0.00    0.00    0.00    0.00    0.00    0.00    0.00  100.00
04:12:05 PM   16    0.00    0.00    0.00    0.00    0.00    0.00    0.00    0.00    0.00  100.00
04:12:05 PM   17    0.00    0.00    0.00    0.00    0.00    0.00    0.00    0.00    0.00  100.00
04:12:05 PM   18    0.00    0.00    0.00    0.00    0.00   21.43    0.00    0.00    0.00   78.57
04:12:05 PM   19    0.00    0.00    0.00    0.00    0.00    0.00    0.00    0.00    0.00  100.00
04:12:05 PM   20    0.00    0.00    0.00    0.00    0.00    0.00    0.00    0.00    0.00  100.00
04:12:05 PM   21    0.00    0.00    0.00    0.00    0.00    0.00    0.00    0.00    0.00  100.00
04:12:05 PM   22    0.00    0.00    0.00    0.00    0.00    8.08    0.00    0.00    0.00   91.92
04:12:05 PM   23    0.00    0.00    0.00    0.00    0.00    0.00    0.00    0.00    0.00  100.00

04:12:05 PM  CPU    %usr   %nice    %sys %iowait    %irq   %soft  %steal  %guest  %gnice   %idle
04:12:06 PM  all    0.00    0.00    0.04    0.00    0.12   10.12    0.00    0.00    0.00   89.71
04:12:06 PM    0    0.00    0.00    0.00    0.00    0.99   49.50    0.00    0.00    0.00   49.50
04:12:06 PM    1    0.00    0.00    0.00    0.00    0.00   50.00    0.00    0.00    0.00   50.00
04:12:06 PM    2    0.00    0.00    0.00    0.00    0.00   21.00    0.00    0.00    0.00   79.00
04:12:06 PM    3    0.00    0.00    0.00    0.00    0.00   35.00    0.00    0.00    0.00   65.00
04:12:06 PM    4    0.00    0.00    0.00    0.00    0.00    0.00    0.00    0.00    0.00  100.00
04:12:06 PM    5    0.00    0.00    0.00    0.00    0.00    6.06    0.00    0.00    0.00   93.94
04:12:06 PM    6    0.00    0.00    0.00    0.00    0.00    0.00    0.00    0.00    0.00  100.00
04:12:06 PM    7    0.00    0.00    0.00    0.00    0.00    0.00    0.00    0.00    0.00  100.00
04:12:06 PM    8    0.00    0.00    0.00    0.00    1.00   31.00    0.00    0.00    0.00   68.00
04:12:06 PM    9    0.00    0.00    0.00    0.00    0.00   16.00    0.00    0.00    0.00   84.00
04:12:06 PM   10    0.00    0.00    0.00    0.00    0.00    0.00    0.00    0.00    0.00  100.00
04:12:06 PM   11    0.00    0.00    0.00    0.00    0.00    0.00    0.00    0.00    0.00  100.00
04:12:06 PM   12    0.00    0.00    0.99    0.00    0.00   22.77    0.00    0.00    0.00   76.24
04:12:06 PM   13    0.00    0.00    0.00    0.00    0.00    0.00    0.00    0.00    0.00  100.00
04:12:06 PM   14    0.00    0.00    0.00    0.00    0.00    0.00    0.00    0.00    0.00  100.00
04:12:06 PM   15    0.00    0.00    0.00    0.00    0.00    0.00    0.00    0.00    0.00  100.00
04:12:06 PM   16    0.00    0.00    0.00    0.00    0.00    0.00    0.00    0.00    0.00  100.00
04:12:06 PM   17    0.00    0.00    0.00    0.00    1.00   11.00    0.00    0.00    0.00   88.00
04:12:06 PM   18    0.00    0.00    0.00    0.00    0.00    0.00    0.00    0.00    0.00  100.00
04:12:06 PM   19    0.00    0.00    0.00    0.00    0.00    0.00    0.00    0.00    0.00  100.00
04:12:06 PM   20    0.00    0.00    0.00    0.00    0.00    0.00    0.00    0.00    0.00  100.00
04:12:06 PM   21    0.00    0.00    0.00    0.00    0.00    0.00    0.00    0.00    0.00  100.00
04:12:06 PM   22    0.00    0.00    0.00    0.00    0.00    0.00    0.00    0.00    0.00  100.00
04:12:06 PM   23    0.00    0.00    0.00    0.00    0.00    0.00    0.00    0.00    0.00  100.00

04:12:06 PM  CPU    %usr   %nice    %sys %iowait    %irq   %soft  %steal  %guest  %gnice   %idle
04:12:07 PM  all    0.00    0.00    0.04    0.08    0.04    9.42    0.00    0.00    0.00   90.41
04:12:07 PM    0    0.00    0.00    0.00    1.00    0.00    0.00    0.00    0.00    0.00   99.00
04:12:07 PM    1    0.00    0.00    0.00    1.00    0.00   37.00    0.00    0.00    0.00   62.00
04:12:07 PM    2    0.00    0.00    0.00    0.00    0.00    0.00    0.00    0.00    0.00  100.00
04:12:07 PM    3    0.00    0.00    0.00    0.00    0.00  100.00    0.00    0.00    0.00    0.00
04:12:07 PM    4    0.00    0.00    0.00    0.00    0.00    0.00    0.00    0.00    0.00  100.00
04:12:07 PM    5    0.00    0.00    0.00    0.00    0.99   17.82    0.00    0.00    0.00   81.19
04:12:07 PM    6    0.00    0.00    0.00    0.00    0.00    0.00    0.00    0.00    0.00  100.00
04:12:07 PM    7    0.00    0.00    0.00    0.00    0.00    0.00    0.00    0.00    0.00  100.00
04:12:07 PM    8    0.00    0.00    0.00    0.00    0.00    0.00    0.00    0.00    0.00  100.00
04:12:07 PM    9    0.00    0.00    0.00    0.00    0.00    6.00    0.00    0.00    0.00   94.00
04:12:07 PM   10    0.00    0.00    0.00    0.00    0.00    0.00    0.00    0.00    0.00  100.00
04:12:07 PM   11    0.00    0.00    0.00    0.00    0.00   19.00    0.00    0.00    0.00   81.00
04:12:07 PM   12    0.00    0.00    0.00    0.00    0.00    0.00    0.00    0.00    0.00  100.00
04:12:07 PM   13    0.00    0.00    0.00    0.00    0.00    0.00    0.00    0.00    0.00  100.00
04:12:07 PM   14    0.00    0.00    0.00    0.00    0.00    0.00    0.00    0.00    0.00  100.00
04:12:07 PM   15    0.00    0.00    0.00    0.00    0.00    0.00    0.00    0.00    0.00  100.00
04:12:07 PM   16    0.00    0.00    0.00    0.00    0.00    0.00    0.00    0.00    0.00  100.00
04:12:07 PM   17    0.00    0.00    0.99    0.00    0.00    6.93    0.00    0.00    0.00   92.08
04:12:07 PM   18    0.00    0.00    0.00    0.00    0.00    0.00    0.00    0.00    0.00  100.00
04:12:07 PM   19    0.00    0.00    0.00    0.00    0.00   22.22    0.00    0.00    0.00   77.78
04:12:07 PM   20    0.00    0.00    0.00    0.00    0.00    0.00    0.00    0.00    0.00  100.00
04:12:07 PM   21    0.00    0.00    0.00    0.00    0.00   17.17    0.00    0.00    0.00   82.83
04:12:07 PM   22    0.00    0.00    0.00    0.00    0.00    0.00    0.00    0.00    0.00  100.00
04:12:07 PM   23    0.00    0.00    0.00    0.00    0.00    0.00    0.00    0.00    0.00  100.00

04:12:07 PM  CPU    %usr   %nice    %sys %iowait    %irq   %soft  %steal  %guest  %gnice   %idle
04:12:08 PM  all    0.00    0.00    0.00    0.00    0.04   12.18    0.00    0.00    0.00   87.78
04:12:08 PM    0    0.00    0.00    0.00    0.00    0.00   50.00    0.00    0.00    0.00   50.00
04:12:08 PM    1    0.00    0.00    0.00    0.00    0.00   52.00    0.00    0.00    0.00   48.00
04:12:08 PM    2    0.00    0.00    0.00    0.00    0.00    0.00    0.00    0.00    0.00  100.00
04:12:08 PM    3    0.00    0.00    0.00    0.00    0.00  100.00    0.00    0.00    0.00    0.00
04:12:08 PM    4    0.00    0.00    0.00    0.00    0.00    0.00    0.00    0.00    0.00  100.00
04:12:08 PM    5    0.00    0.00    0.00    0.00    0.00    0.00    0.00    0.00    0.00  100.00
04:12:08 PM    6    0.00    0.00    0.00    0.00    0.00    0.00    0.00    0.00    0.00  100.00
04:12:08 PM    7    0.00    0.00    0.00    0.00    0.00    0.00    0.00    0.00    0.00  100.00
04:12:08 PM    8    0.00    0.00    0.00    0.00    0.00    0.00    0.00    0.00    0.00  100.00
04:12:08 PM    9    0.00    0.00    0.00    0.00    0.00    0.00    0.00    0.00    0.00  100.00
04:12:08 PM   10    0.00    0.00    0.00    0.00    0.00    0.00    0.00    0.00    0.00  100.00
04:12:08 PM   11    0.00    0.00    0.00    0.00    0.00    6.06    0.00    0.00    0.00   93.94
04:12:08 PM   12    0.00    0.00    0.00    0.00    0.00    0.00    0.00    0.00    0.00  100.00
04:12:08 PM   13    0.00    0.00    0.00    0.00    0.00   18.18    0.00    0.00    0.00   81.82
04:12:08 PM   14    0.00    0.00    0.00    0.00    0.00    0.00    0.00    0.00    0.00  100.00
04:12:08 PM   15    0.00    0.00    0.00    0.00    0.00    0.00    0.00    0.00    0.00  100.00
04:12:08 PM   16    0.00    0.00    0.00    0.00    0.00    0.00    0.00    0.00    0.00  100.00
04:12:08 PM   17    0.00    0.00    0.00    0.00    0.00   13.13    0.00    0.00    0.00   86.87
04:12:08 PM   18    0.00    0.00    0.00    0.00    0.99   19.80    0.00    0.00    0.00   79.21
04:12:08 PM   19    0.00    0.00    0.00    0.00    0.00    0.00    0.00    0.00    0.00  100.00
04:12:08 PM   20    0.00    0.00    0.00    0.00    0.00    0.00    0.00    0.00    0.00  100.00
04:12:08 PM   21    0.00    0.00    0.00    0.00    0.00    8.00    0.00    0.00    0.00   92.00
04:12:08 PM   22    0.00    0.00    0.00    0.00    0.00   25.00    0.00    0.00    0.00   75.00
04:12:08 PM   23    0.00    0.00    0.00    0.00    0.00    0.00    0.00    0.00    0.00  100.00

Average:     CPU    %usr   %nice    %sys %iowait    %irq   %soft  %steal  %guest  %gnice   %idle
Average:     all    0.00    0.00    0.24    0.01    0.05   11.17    0.00    0.00    0.00   88.52
Average:       0    0.02    0.00    0.05    0.08    0.15   46.63    0.00    0.00    0.00   53.07
Average:       1    0.02    0.00    0.03    0.07    0.05   47.86    0.00    0.00    0.00   51.98
Average:       2    0.03    0.00    0.05    0.03    0.07   49.88    0.00    0.00    0.00   49.94
Average:       3    0.00    0.00    0.03    0.12    0.05   39.67    0.00    0.00    0.00   60.13
Average:       4    0.00    0.00    0.02    0.00    0.08    4.64    0.00    0.00    0.00   95.26
Average:       5    0.00    0.00    0.22    0.00    0.03    2.52    0.00    0.00    0.00   97.23
Average:       6    0.00    0.00    0.02    0.00    0.03    3.40    0.00    0.00    0.00   96.55
Average:       7    0.00    0.00    0.03    0.00    0.03    3.47    0.00    0.00    0.00   96.47
Average:       8    0.00    0.00    1.30    0.00    0.07    7.11    0.00    0.00    0.00   91.53
Average:       9    0.00    0.00    0.02    0.00    0.05    3.42    0.00    0.00    0.00   96.51
Average:      10    0.00    0.00    0.70    0.00    0.02    2.98    0.00    0.00    0.00   96.30
Average:      11    0.00    0.00    1.37    0.00    0.07    6.62    0.00    0.00    0.00   91.94
Average:      12    0.00    0.00    0.38    0.00    0.05    2.98    0.00    0.00    0.00   96.58
Average:      13    0.00    0.00    0.00    0.00    0.02    1.42    0.00    0.00    0.00   98.57
Average:      14    0.00    0.00    0.02    0.00    0.07    5.44    0.00    0.00    0.00   94.48
Average:      15    0.00    0.00    0.02    0.00    0.07    5.89    0.00    0.00    0.00   94.03
Average:      16    0.00    0.00    0.15    0.00    0.05    4.02    0.00    0.00    0.00   95.78
Average:      17    0.00    0.00    0.17    0.00    0.07    5.24    0.00    0.00    0.00   94.53
Average:      18    0.00    0.00    1.12    0.00    0.05    3.55    0.00    0.00    0.00   95.28
Average:      19    0.00    0.00    0.02    0.00    0.07    6.24    0.00    0.00    0.00   93.68
Average:      20    0.00    0.00    0.12    0.00    0.03    3.75    0.00    0.00    0.00   96.10
Average:      21    0.00    0.00    0.02    0.00    0.03    2.67    0.00    0.00    0.00   97.28
Average:      22    0.00    0.00    0.02    0.00    0.03    2.60    0.00    0.00    0.00   97.35
Average:      23    0.00    0.00    0.02    0.00    0.07    5.92    0.00    0.00    0.00   93.99
