1781236483,54.9,2400000,0xe0000
1781236484,54.3,2400000,0xe0000
1781236485,54.3,2400000,0xe0000
1781236486,54.9,2400000,0xe0000
1781236487,55.4,2400000,0xe0000
1781236488,54.9,2400000,0xe0000
1781236489,54.9,2400000,0xe0000
1781236490,55.4,2400000,0xe0000
1781236491,55.4,2400000,0xe0000
1781236492,54.9,2400000,0xe0000
1781236493,54.9,2400000,0xe0000
1781236494,55.4,2400000,0xe0000
1781236495,55.4,2400000,0xe0000
1781236496,56.0,2400000,0xe0000
1781236497,55.4,2400000,0xe0000
1781236499,55.4,2400000,0xe0000
1781236500,56.0,2400000,0xe0000
1781236501,56.0,2400000,0xe0000
1781236502,54.9,2400000,0xe0000
1781236503,55.4,2400000,0xe0000
1781236504,55.4,2400000,0xe0000
1781236505,56.0,2400000,0xe0000
1781236506,56.0,2400000,0xe0000
1781236507,54.3,2400000,0xe0000
1781236508,56.0,2400000,0xe0000
1781236509,54.9,2400000,0xe0000
1781236510,56.0,2400000,0xe0000
1781236511,56.0,2400000,0xe0000
1781236512,54.3,2400000,0xe0000
1781236513,56.0,2400000,0xe0000
1781236514,56.5,2400000,0xe0000
1781236515,56.0,2400000,0xe0000
1781236516,56.0,2400000,0xe0000
1781236517,55.4,2400000,0xe0000
1781236519,56.0,2400000,0xe0000
1781236520,56.0,2400000,0xe0000
1781236521,56.5,2400000,0xe0000
1781236522,56.5,2400000,0xe0000
1781236523,56.0,2400000,0xe0000
1781236524,57.1,2400000,0xe0000
1781236525,56.0,2400000,0xe0000
1781236526,56.0,2400000,0xe0000
1781236527,56.0,2400000,0xe0000
1781236528,56.5,2400000,0xe0000
1781236529,56.0,2400000,0xe0000
1781236530,56.5,2400000,0xe0000
1781236531,56.0,2400000,0xe0000
1781236532,56.5,2400000,0xe0000
1781236533,56.0,2400000,0xe0000
1781236534,56.0,2400000,0xe0000
1781236535,56.5,2400000,0xe0000
1781236536,56.0,2400000,0xe0000
1781236537,56.0,2400000,0xe0000
1781236539,56.0,2400000,0xe0000
1781236540,56.5,2400000,0xe0000
1781236541,56.0,2400000,0xe0000
1781236542,56.5,2400000,0xe0000
1781236543,56.5,2400000,0xe0000
1781236544,56.5,2400000,0xe0000
1781236545,55.4,2400000,0xe0000
1781236546,56.0,2400000,0xe0000
1781236547,56.5,2400000,0xe0000
1781236548,57.1,2400000,0xe0000
1781236549,56.5,2400000,0xe0000
1781236550,56.5,2400000,0xe0000
1781236551,56.5,2400000,0xe0000
1781236552,56.0,2400000,0xe0000
1781236553,56.5,2400000,0xe0000
1781236554,56.5,2400000,0xe0000
1781236555,56.5,2400000,0xe0000
1781236556,57.1,2400000,0xe0000
1781236557,56.5,2400000,0xe0000
1781236558,56.5,2400000,0xe0000
1781236559,57.1,2400000,0xe0000
1781236560,57.1,2400000,0xe0000
1781236561,56.5,2400000,0xe0000
1781236562,54.9,2400000,0xe0000
1781236563,56.5,2400000,0xe0000
1781236565,56.5,2400000,0xe0000
1781236566,57.1,2400000,0xe0000
1781236567,57.1,2400000,0xe0000
1781236568,56.5,2400000,0xe0000
1781236569,56.5,2400000,0xe0000
1781236570,57.1,2400000,0xe0000
1781236571,56.5,2400000,0xe0000
1781236572,57.1,2400000,0xe0000
1781236573,57.1,2400000,0xe0000
1781236574,56.5,2400000,0xe0000
1781236575,56.5,2400000,0xe0000
1781236576,56.0,2400000,0xe0000
1781236577,56.5,2400000,0xe0000
1781236578,57.1,2400000,0xe0000
1781236579,56.0,2400000,0xe0000
1781236580,57.1,2400000,0xe0000
1781236581,57.1,2400000,0xe0000
1781236582,56.0,2400000,0xe0000
1781236583,56.5,2400000,0xe0000
1781236584,57.1,2400000,0xe0000
1781236585,57.1,2400000,0xe0000
1781236586,56.5,2400000,0xe0000
1781236587,57.1,2400000,0xe0000
1781236588,57.1,2400000,0xe0000
1781236589,57.1,2400000,0xe0000
1781236590,56.5,2400000,0xe0000
1781236591,56.5,2400000,0xe0000
1781236592,56.5,2400000,0xe0000
1781236593,57.1,2400000,0xe0000
1781236594,57.1,2400000,0xe0000
1781236595,57.1,2400000,0xe0000
1781236596,57.1,2400000,0xe0000
1781236597,57.1,2400000,0xe0000
1781236598,55.4,2400000,0xe0000
1781236599,57.1,2400000,0xe0000
1781236600,57.1,2400000,0xe0000
1781236602,57.1,2400000,0xe0000
1781236603,57.1,2400000,0xe0000
1781236604,57.1,2400000,0xe0000
1781236605,57.1,2400000,0xe0000
1781236606,56.5,2400000,0xe0000
1781236607,56.5,2400000,0xe0000
1781236608,57.6,2400000,0xe0000
1781236609,57.1,2400000,0xe0000
1781236610,58.2,2400000,0xe0000
1781236611,56.0,2400000,0xe0000
1781236612,57.6,2400000,0xe0000
1781236613,57.1,2400000,0xe0000
1781236614,57.1,2400000,0xe0000
1781236615,57.1,2400000,0xe0000
1781236616,57.6,2400000,0xe0000
1781236617,56.5,2400000,0xe0000
1781236618,56.5,2400000,0xe0000
1781236619,57.1,2400000,0xe0000
1781236620,57.1,2400000,0xe0000
1781236621,57.6,2400000,0xe0000
1781236622,57.1,2400000,0xe0000
1781236623,57.1,2400000,0xe0000
1781236624,57.1,2400000,0xe0000
1781236626,57.1,2400000,0xe0000
1781236627,56.5,2400000,0xe0000
1781236628,57.1,2400000,0xe0000
1781236629,57.1,2400000,0xe0000
1781236630,57.6,2400000,0xe0000
1781236631,57.1,2400000,0xe0000
1781236632,57.6,2400000,0xe0000
1781236633,57.6,2400000,0xe0000
1781236634,56.5,2400000,0xe0000
1781236635,57.1,2400000,0xe0000
1781236636,57.1,2400000,0xe0000
1781236637,57.6,2400000,0xe0000
1781236638,58.2,2400000,0xe0000
1781236639,57.1,2400000,0xe0000
1781236640,57.6,2400000,0xe0000
1781236641,57.1,2400000,0xe0000
1781236642,57.1,2400000,0xe0000
1781236643,57.1,2400000,0xe0000
1781236644,57.6,2400000,0xe0000
1781236646,57.6,2400000,0xe0000
1781236647,57.6,2400000,0xe0000
1781236648,57.6,2400000,0xe0000
1781236649,57.1,2400000,0xe0000
1781236650,57.1,2400000,0xe0000
1781236651,57.6,2400000,0xe0000
1781236652,57.6,2400000,0xe0000
1781236653,57.6,2400000,0xe0000
1781236654,58.2,2400000,0xe0000
1781236655,57.6,2400000,0xe0000
1781236656,57.6,2400000,0xe0000
1781236657,57.1,2400000,0xe0000
1781236658,57.1,2400000,0xe0000
1781236659,57.6,2400000,0xe0000
1781236660,57.1,2400000,0xe0000
1781236661,57.6,2400000,0xe0000
1781236662,57.6,2400000,0xe0000
1781236663,57.1,2400000,0xe0000
1781236664,58.2,2400000,0xe0000
1781236665,57.1,2400000,0xe0000
1781236666,58.2,2400000,0xe0000
1781236667,57.6,2400000,0xe0000
1781236668,57.1,2400000,0xe0000
1781236669,57.1,2400000,0xe0000
1781236670,57.1,2400000,0xe0000
1781236671,58.2,2400000,0xe0000
1781236672,57.6,2400000,0xe0000
1781236673,56.5,2400000,0xe0000
1781236674,57.6,2400000,0xe0000
1781236676,57.6,2400000,0xe0000
1781236677,57.6,2400000,0xe0000
1781236678,57.6,2400000,0xe0000
1781236679,58.2,2400000,0xe0000
1781236680,57.6,2400000,0xe0000
1781236681,57.6,2400000,0xe0000
1781236682,57.6,2400000,0xe0000
1781236683,57.6,2400000,0xe0000
1781236684,58.2,2400000,0xe0000
1781236685,57.1,2400000,0xe0000
1781236686,57.1,2400000,0xe0000
1781236687,57.1,2400000,0xe0000
1781236688,57.1,2400000,0xe0000
1781236689,57.6,2400000,0xe0000
1781236690,57.6,2400000,0xe0000
1781236691,57.6,2400000,0xe0000
1781236692,57.6,2400000,0xe0000
1781236693,57.6,2400000,0xe0000
1781236694,58.2,2400000,0xe0000
1781236696,57.6,2400000,0xe0000
1781236697,57.6,2400000,0xe0000
1781236698,58.2,2400000,0xe0000
1781236699,57.1,2400000,0xe0000
1781236700,57.1,2400000,0xe0000
1781236701,58.2,2400000,0xe0000
1781236702,57.6,2400000,0xe0000
1781236703,57.6,2400000,0xe0000
1781236704,57.6,2400000,0xe0000
1781236705,57.6,2400000,0xe0000
1781236706,57.6,2400000,0xe0000
1781236707,57.6,2400000,0xe0000
1781236708,57.6,2400000,0xe0000
1781236709,57.6,2400000,0xe0000
1781236710,57.1,2400000,0xe0000
1781236711,57.1,2400000,0xe0000
1781236712,57.6,2400000,0xe0000
1781236713,58.2,2400000,0xe0000
1781236714,57.6,2400000,0xe0000
1781236715,57.6,2400000,0xe0000
1781236716,57.1,2400000,0xe0000
1781236717,57.6,2400000,0xe0000
1781236719,58.2,2400000,0xe0000
1781236720,57.6,2400000,0xe0000
1781236721,57.6,2400000,0xe0000
1781236722,57.6,2400000,0xe0000
1781236723,57.6,2400000,0xe0000
1781236724,58.2,2400000,0xe0000
1781236725,57.6,2400000,0xe0000
1781236726,57.6,2400000,0xe0000
1781236727,58.2,2400000,0xe0000
1781236728,57.6,2400000,0xe0000
1781236729,58.2,2400000,0xe0000
1781236730,57.1,2400000,0xe0000
1781236731,57.6,2400000,0xe0000
1781236732,57.1,2400000,0xe0000
1781236733,56.5,2400000,0xe0000
1781236734,56.5,2400000,0xe0000
1781236735,58.2,2400000,0xe0000
1781236736,57.6,2400000,0xe0000
1781236737,57.6,2400000,0xe0000
1781236738,57.6,2400000,0xe0000
1781236739,58.2,2400000,0xe0000
1781236741,58.2,2400000,0xe0000
1781236742,58.2,2400000,0xe0000
1781236743,57.6,2400000,0xe0000
1781236744,58.2,2400000,0xe0000
1781236745,58.2,2400000,0xe0000
1781236746,57.6,2400000,0xe0000
1781236747,58.2,2400000,0xe0000
1781236748,57.6,2400000,0xe0000
1781236749,58.2,2400000,0xe0000
1781236750,58.2,2400000,0xe0000
1781236751,57.6,2400000,0xe0000
1781236752,57.6,2400000,0xe0000
1781236753,57.6,2400000,0xe0000
1781236754,58.7,2400000,0xe0000
1781236755,57.1,2400000,0xe0000
1781236756,58.2,2400000,0xe0000
1781236757,57.6,2400000,0xe0000
1781236758,58.2,2400000,0xe0000
1781236759,58.2,2400000,0xe0000
1781236760,57.6,2400000,0xe0000
1781236761,57.6,2400000,0xe0000
1781236762,58.2,2400000,0xe0000
1781236763,58.2,2400000,0xe0000
1781236764,57.6,2400000,0xe0000
1781236765,58.2,2400000,0xe0000
1781236766,58.2,2400000,0xe0000
1781236767,57.1,2400000,0xe0000
1781236768,57.6,2400000,0xe0000
1781236769,57.6,2400000,0xe0000
1781236770,58.2,2400000,0xe0000
1781236772,58.2,2400000,0xe0000
1781236773,58.2,2400000,0xe0000
1781236774,58.2,2400000,0xe0000
1781236775,58.7,2400000,0xe0000
1781236776,58.2,2400000,0xe0000
1781236777,58.2,2400000,0xe0000
1781236778,57.6,2400000,0xe0000
1781236779,57.6,2400000,0xe0000
1781236780,57.6,2400000,0xe0000
1781236781,57.6,2400000,0xe0000
1781236782,58.2,2400000,0xe0000
1781236783,58.7,2400000,0xe0000
1781236784,58.2,2400000,0xe0000
1781236785,57.6,2400000,0xe0000
1781236786,58.2,2400000,0xe0000
1781236787,57.1,2400000,0xe0000
1781236788,57.6,2400000,0xe0000
1781236789,58.7,2400000,0xe0000
1781236790,58.2,2400000,0xe0000
1781236791,57.6,2400000,0xe0000
1781236792,58.2,2400000,0xe0000
1781236793,57.1,2400000,0xe0000
1781236794,58.7,2400000,0xe0000
1781236795,58.2,2400000,0xe0000
1781236796,58.2,2400000,0xe0000
1781236797,58.2,2400000,0xe0000
1781236798,57.6,2400000,0xe0000
1781236799,57.6,2400000,0xe0000
1781236800,58.2,2400000,0xe0000
1781236801,58.7,2400000,0xe0000
1781236803,58.7,2400000,0xe0000
1781236804,58.2,2400000,0xe0000
1781236805,58.2,2400000,0xe0000
1781236806,57.6,2400000,0xe0000
1781236807,58.2,2400000,0xe0000
1781236808,57.6,2400000,0xe0000
1781236809,57.6,2400000,0xe0000
1781236810,58.2,2400000,0xe0000
1781236811,58.7,2400000,0xe0000
1781236812,57.6,2400000,0xe0000
1781236813,57.6,2400000,0xe0000
1781236814,57.6,2400000,0xe0000
1781236815,58.2,2400000,0xe0000
1781236816,57.6,2400000,0xe0000
1781236817,58.2,2400000,0xe0000
1781236818,58.7,2400000,0xe0000
1781236819,58.7,2400000,0xe0000
1781236820,58.2,2400000,0xe0000
1781236821,57.6,2400000,0xe0000
1781236822,58.2,2400000,0xe0000
1781236823,57.6,2400000,0xe0000
1781236824,58.2,2400000,0xe0000
1781236825,57.1,2400000,0xe0000
1781236826,57.6,2400000,0xe0000
1781236827,57.6,2400000,0xe0000
1781236828,58.2,2400000,0xe0000
1781236829,58.2,2400000,0xe0000
1781236830,57.6,2400000,0xe0000
1781236832,57.6,2400000,0xe0000
1781236833,57.6,2400000,0xe0000
1781236834,58.2,2400000,0xe0000
1781236835,57.1,2400000,0xe0000
1781236836,58.2,2400000,0xe0000
1781236837,57.6,2400000,0xe0000
1781236838,57.6,2400000,0xe0000
1781236839,58.7,2400000,0xe0000
1781236840,58.2,2400000,0xe0000
1781236841,57.6,2400000,0xe0000
1781236842,58.2,2400000,0xe0000
1781236843,58.2,2400000,0xe0000
1781236844,58.2,2400000,0xe0000
1781236845,58.2,2400000,0xe0000
1781236846,57.6,2400000,0xe0000
1781236847,58.2,2400000,0xe0000
1781236848,58.7,2400000,0xe0000
1781236849,58.2,2400000,0xe0000
1781236850,58.2,2400000,0xe0000
1781236852,57.6,2400000,0xe0000
1781236853,57.6,2400000,0xe0000
1781236854,58.2,2400000,0xe0000
1781236855,58.2,2400000,0xe0000
1781236856,57.6,2400000,0xe0000
1781236857,58.7,2400000,0xe0000
1781236858,58.7,2400000,0xe0000
1781236859,58.2,2400000,0xe0000
1781236860,57.6,2400000,0xe0000
1781236861,58.2,2400000,0xe0000
1781236862,58.2,2400000,0xe0000
1781236863,58.2,2400000,0xe0000
1781236864,57.6,2400000,0xe0000
1781236865,58.2,2400000,0xe0000
1781236866,58.7,2400000,0xe0000
1781236867,58.7,2400000,0xe0000
1781236868,58.2,2400000,0xe0000
1781236869,58.7,2400000,0xe0000
1781236870,58.2,2400000,0xe0000
1781236871,58.2,2400000,0xe0000
1781236872,58.7,2400000,0xe0000
1781236873,57.6,2400000,0xe0000
1781236874,58.7,2400000,0xe0000
1781236876,58.2,2400000,0xe0000
1781236877,58.2,2400000,0xe0000
1781236878,58.2,2400000,0xe0000
1781236879,58.7,2400000,0xe0000
1781236880,57.6,2400000,0xe0000
1781236881,58.2,2400000,0xe0000
1781236882,58.2,2400000,0xe0000
1781236883,58.2,2400000,0xe0000
1781236884,58.2,2400000,0xe0000
1781236885,58.2,2400000,0xe0000
1781236886,58.2,2400000,0xe0000
1781236887,58.2,2400000,0xe0000
1781236888,57.6,2400000,0xe0000
1781236889,58.2,2400000,0xe0000
1781236890,58.7,2400000,0xe0000
1781236891,58.2,2400000,0xe0000
1781236892,58.7,2400000,0xe0000
1781236893,58.2,2400000,0xe0000
1781236894,58.2,2400000,0xe0000
1781236895,57.6,2400000,0xe0000
1781236896,58.7,2400000,0xe0000
1781236897,58.2,2400000,0xe0000
1781236898,58.2,2400000,0xe0000
1781236899,57.6,2400000,0xe0000
1781236900,58.7,2400000,0xe0000
1781236901,58.2,2400000,0xe0000
1781236902,58.2,2400000,0xe0000
1781236903,57.6,2400000,0xe0000
1781236905,58.7,2400000,0xe0000
1781236906,58.2,2400000,0xe0000
1781236907,58.2,2400000,0xe0000
1781236908,58.7,2400000,0xe0000
1781236909,58.2,2400000,0xe0000
1781236910,58.2,2400000,0xe0000
1781236911,58.2,2400000,0xe0000
1781236912,58.7,2400000,0xe0000
1781236913,57.6,2400000,0xe0000
1781236914,58.2,2400000,0xe0000
1781236915,57.6,2400000,0xe0000
1781236916,58.2,2400000,0xe0000
1781236917,58.2,2400000,0xe0000
1781236918,58.7,2400000,0xe0000
1781236919,58.2,2400000,0xe0000
1781236920,58.2,2400000,0xe0000
1781236921,58.2,2400000,0xe0000
1781236922,58.2,2400000,0xe0000
1781236923,57.6,2400000,0xe0000
1781236924,58.7,2400000,0xe0000
1781236925,58.2,2400000,0xe0000
1781236926,58.2,2400000,0xe0000
1781236927,58.7,2400000,0xe0000
1781236928,58.2,2400000,0xe0000
1781236929,58.7,2400000,0xe0000
1781236930,58.2,2400000,0xe0000
1781236931,58.7,2400000,0xe0000
1781236933,58.2,2400000,0xe0000
1781236934,58.2,2400000,0xe0000
1781236935,58.7,2400000,0xe0000
1781236936,58.2,2400000,0xe0000
1781236937,58.2,2400000,0xe0000
1781236938,58.2,2400000,0xe0000
1781236939,58.2,2400000,0xe0000
1781236940,58.2,2400000,0xe0000
1781236941,58.2,2400000,0xe0000
1781236942,58.2,2400000,0xe0000
1781236943,58.2,2400000,0xe0000
1781236944,58.7,2400000,0xe0000
1781236945,57.6,2400000,0xe0000
1781236946,58.7,2400000,0xe0000
1781236947,58.7,2400000,0xe0000
1781236948,58.7,2400000,0xe0000
1781236949,57.6,2400000,0xe0000
1781236950,58.2,2400000,0xe0000
1781236951,58.7,2400000,0xe0000
1781236952,58.2,2400000,0xe0000
1781236953,58.7,2400000,0xe0000
1781236954,57.6,2400000,0xe0000
1781236955,58.2,2400000,0xe0000
1781236956,57.6,2400000,0xe0000
1781236957,57.6,2400000,0xe0000
1781236958,58.7,2400000,0xe0000
1781236959,58.2,2400000,0xe0000
1781236960,58.2,2400000,0xe0000
1781236961,58.7,2400000,0xe0000
1781236962,58.2,2400000,0xe0000
1781236963,58.2,2400000,0xe0000
1781236965,57.6,2400000,0xe0000
1781236966,58.7,2400000,0xe0000
1781236967,58.7,2400000,0xe0000
1781236968,58.7,2400000,0xe0000
1781236969,58.7,2400000,0xe0000
1781236970,58.7,2400000,0xe0000
1781236971,58.2,2400000,0xe0000
1781236972,58.7,2400000,0xe0000
1781236973,58.7,2400000,0xe0000
1781236974,58.7,2400000,0xe0000
1781236975,58.2,2400000,0xe0000
1781236976,58.2,2400000,0xe0000
1781236977,58.7,2400000,0xe0000
1781236978,58.2,2400000,0xe0000
1781236979,59.3,2400000,0xe0000
1781236980,58.7,2400000,0xe0000
1781236981,58.2,2400000,0xe0000
1781236982,58.2,2400000,0xe0000
1781236983,58.2,2400000,0xe0000
1781236985,57.6,2400000,0xe0000
1781236986,58.7,2400000,0xe0000
1781236987,58.7,2400000,0xe0000
1781236988,58.7,2400000,0xe0000
1781236989,57.1,2400000,0xe0000
1781236990,57.6,2400000,0xe0000
1781236991,58.2,2400000,0xe0000
1781236992,58.2,2400000,0xe0000
1781236993,58.2,2400000,0xe0000
1781236994,58.2,2400000,0xe0000
1781236995,58.2,2400000,0xe0000
1781236996,57.6,2400000,0xe0000
1781236997,58.2,2400000,0xe0000
1781236998,58.7,2400000,0xe0000
1781236999,58.2,2400000,0xe0000
1781237000,58.7,2400000,0xe0000
1781237001,57.6,2400000,0xe0000
1781237002,58.2,2400000,0xe0000
1781237003,58.2,2400000,0xe0000
1781237004,57.6,2400000,0xe0000
1781237005,58.7,2400000,0xe0000
1781237006,58.7,2400000,0xe0000
1781237007,58.2,2400000,0xe0000
1781237008,58.7,2400000,0xe0000
1781237009,58.7,2400000,0xe0000
1781237010,58.2,2400000,0xe0000
1781237011,57.1,2400000,0xe0000
1781237012,58.7,2400000,0xe0000
1781237013,58.7,2400000,0xe0000
1781237015,58.2,2400000,0xe0000
1781237016,58.2,2400000,0xe0000
1781237017,58.7,2400000,0xe0000
1781237018,57.6,2400000,0xe0000
1781237019,57.6,2400000,0xe0000
1781237020,58.7,2400000,0xe0000
1781237021,58.7,2400000,0xe0000
1781237022,58.2,2400000,0xe0000
1781237023,58.7,2400000,0xe0000
1781237024,58.2,2400000,0xe0000
1781237025,59.3,2400000,0xe0000
1781237026,58.7,2400000,0xe0000
1781237027,58.2,2400000,0xe0000
1781237028,58.7,2400000,0xe0000
1781237029,58.7,2400000,0xe0000
1781237030,57.6,2400000,0xe0000
1781237031,58.7,2400000,0xe0000
1781237032,58.2,2400000,0xe0000
1781237033,58.2,2400000,0xe0000
1781237034,58.2,2400000,0xe0000
1781237035,58.7,2400000,0xe0000
1781237036,57.6,2400000,0xe0000
1781237037,58.2,2400000,0xe0000
1781237038,58.7,2400000,0xe0000
1781237039,58.7,2400000,0xe0000
1781237040,58.7,2400000,0xe0000
1781237041,58.2,2400000,0xe0000
1781237042,57.6,2400000,0xe0000
1781237044,58.2,2400000,0xe0000
1781237045,58.2,2400000,0xe0000
1781237046,59.3,2400000,0xe0000
1781237047,58.2,2400000,0xe0000
1781237048,57.6,2400000,0xe0000
1781237049,56.5,2400000,0xe0000
1781237050,57.6,2400000,0xe0000
1781237051,57.1,2400000,0xe0000
1781237052,58.2,2400000,0xe0000
1781237053,57.6,2400000,0xe0000
1781237054,58.7,2400000,0xe0000
1781237055,58.7,2400000,0xe0000
1781237056,58.7,2400000,0xe0000
1781237057,58.7,2400000,0xe0000
1781237058,58.2,2400000,0xe0000
1781237059,59.3,2400000,0xe0000
1781237060,58.7,2400000,0xe0000
1781237061,57.6,2400000,0xe0000
1781237062,58.7,2400000,0xe0000
1781237063,58.2,2400000,0xe0000
1781237064,57.6,2400000,0xe0000
1781237065,58.2,2400000,0xe0000
1781237066,58.2,2400000,0xe0000
1781237067,57.6,2400000,0xe0000
1781237068,58.2,2400000,0xe0000
1781237070,58.2,2400000,0xe0000
1781237071,58.2,2400000,0xe0000
1781237072,58.7,2400000,0xe0000
1781237073,57.6,2400000,0xe0000
1781237074,58.7,2400000,0xe0000
1781237075,58.2,2400000,0xe0000
1781237076,58.2,2400000,0xe0000
1781237077,58.7,2400000,0xe0000
1781237078,58.2,2400000,0xe0000
1781237079,58.7,2400000,0xe0000
1781237080,59.3,2400000,0xe0000
1781237081,58.7,2400000,0xe0000
1781237082,58.2,2400000,0xe0000
1781237083,57.6,2400000,0xe0000
1781237084,59.3,2400000,0xe0000
1781237085,58.2,2400000,0xe0000
1781237086,57.6,2400000,0xe0000
1781237087,58.7,2400000,0xe0000
1781237088,57.6,2400000,0xe0000
1781237089,58.7,2400000,0xe0000
1781237090,58.7,2400000,0xe0000
1781237091,57.6,2400000,0xe0000
1781237092,57.6,2400000,0xe0000
1781237093,58.2,2400000,0xe0000
1781237094,58.2,2400000,0xe0000
1781237095,58.7,2400000,0xe0000
1781237096,57.6,2400000,0xe0000
1781237097,57.6,2400000,0xe0000
1781237098,57.6,2400000,0xe0000
1781237100,58.2,2400000,0xe0000
1781237101,58.7,2400000,0xe0000
1781237102,58.7,2400000,0xe0000
1781237103,57.6,2400000,0xe0000
1781237104,58.2,2400000,0xe0000
1781237105,58.7,2400000,0xe0000
1781237106,58.2,2400000,0xe0000
1781237107,58.2,2400000,0xe0000
1781237108,57.6,2400000,0xe0000
1781237109,58.7,2400000,0xe0000
1781237110,58.2,2400000,0xe0000
1781237111,58.2,2400000,0xe0000
1781237112,59.3,2400000,0xe0000
1781237113,58.7,2400000,0xe0000
1781237114,58.2,2400000,0xe0000
1781237115,58.2,2400000,0xe0000
1781237116,58.2,2400000,0xe0000
1781237117,58.2,2400000,0xe0000
1781237118,58.2,2400000,0xe0000
1781237120,58.2,2400000,0xe0000
1781237121,58.2,2400000,0xe0000
1781237122,58.2,2400000,0xe0000
1781237123,58.7,2400000,0xe0000
1781237124,57.6,2400000,0xe0000
1781237125,58.2,2400000,0xe0000
1781237126,58.7,2400000,0xe0000
1781237127,58.2,2400000,0xe0000
1781237128,58.2,2400000,0xe0000
1781237129,58.7,2400000,0xe0000
1781237130,58.7,2400000,0xe0000
1781237131,58.2,2400000,0xe0000
1781237132,57.6,2400000,0xe0000
1781237133,58.7,2400000,0xe0000
1781237134,58.7,2400000,0xe0000
1781237135,58.2,2400000,0xe0000
1781237136,58.2,2400000,0xe0000
1781237137,58.2,2400000,0xe0000
1781237138,57.1,2400000,0xe0000
1781237139,58.7,2400000,0xe0000
1781237140,57.6,2400000,0xe0000
1781237141,58.7,2400000,0xe0000
1781237143,58.2,2400000,0xe0000
1781237144,58.7,2400000,0xe0000
1781237145,58.2,2400000,0xe0000
1781237146,58.2,2400000,0xe0000
1781237147,58.2,2400000,0xe0000
1781237148,58.7,2400000,0xe0000
1781237149,58.2,2400000,0xe0000
1781237150,58.2,2400000,0xe0000
1781237151,58.2,2400000,0xe0000
1781237152,57.1,2400000,0xe0000
1781237153,58.2,2400000,0xe0000
1781237154,58.2,2400000,0xe0000
1781237155,58.2,2400000,0xe0000
1781237156,58.7,2400000,0xe0000
1781237157,58.7,2400000,0xe0000
1781237158,58.7,2400000,0xe0000
1781237159,58.2,2400000,0xe0000
1781237160,58.2,2400000,0xe0000
1781237161,58.2,2400000,0xe0000
1781237162,59.3,2400000,0xe0000
1781237163,58.2,2400000,0xe0000
1781237164,58.7,2400000,0xe0000
1781237165,58.2,2400000,0xe0000
1781237166,58.2,2400000,0xe0000
1781237168,58.2,2400000,0xe0000
1781237169,58.7,2400000,0xe0000
1781237170,58.7,2400000,0xe0000
1781237171,57.1,2400000,0xe0000
1781237172,58.2,2400000,0xe0000
1781237173,58.7,2400000,0xe0000
1781237174,57.1,2400000,0xe0000
1781237175,57.6,2400000,0xe0000
1781237176,57.6,2400000,0xe0000
1781237177,58.2,2400000,0xe0000
1781237178,58.2,2400000,0xe0000
1781237179,58.7,2400000,0xe0000
1781237180,58.2,2400000,0xe0000
1781237181,58.7,2400000,0xe0000
1781237182,57.6,2400000,0xe0000
1781237183,58.2,2400000,0xe0000
1781237184,58.7,2400000,0xe0000
1781237185,58.2,2400000,0xe0000
1781237186,58.2,2400000,0xe0000
1781237187,58.2,2400000,0xe0000
1781237189,57.6,2400000,0xe0000
1781237190,58.7,2400000,0xe0000
1781237191,58.7,2400000,0xe0000
1781237192,58.2,2400000,0xe0000
1781237193,58.2,2400000,0xe0000
1781237194,58.2,2400000,0xe0000
1781237195,58.2,2400000,0xe0000
1781237196,58.2,2400000,0xe0000
1781237197,58.2,2400000,0xe0000
1781237198,57.6,2400000,0xe0000
1781237199,58.2,2400000,0xe0000
1781237200,58.2,2400000,0xe0000
1781237201,59.3,2400000,0xe0000
1781237202,58.2,2400000,0xe0000
1781237203,58.2,2400000,0xe0000
1781237204,57.6,2400000,0xe0000
1781237205,57.6,2400000,0xe0000
1781237206,58.7,2400000,0xe0000
1781237207,58.7,2400000,0xe0000
1781237208,58.2,2400000,0xe0000
1781237209,58.2,2400000,0xe0000
1781237210,58.2,2400000,0xe0000
1781237211,58.2,2400000,0xe0000
1781237212,58.2,2400000,0xe0000
1781237213,58.7,2400000,0xe0000
1781237214,58.7,2400000,0xe0000
1781237215,58.7,2400000,0xe0000
1781237216,57.6,2400000,0xe0000
1781237217,58.7,2400000,0xe0000
1781237218,57.6,2400000,0xe0000
1781237219,58.7,2400000,0xe0000
1781237221,58.2,2400000,0xe0000
1781237222,58.7,2400000,0xe0000
1781237223,58.7,2400000,0xe0000
1781237224,58.2,2400000,0xe0000
1781237225,58.2,2400000,0xe0000
1781237226,58.7,2400000,0xe0000
1781237227,58.2,2400000,0xe0000
1781237228,57.6,2400000,0xe0000
1781237229,58.7,2400000,0xe0000
1781237230,58.2,2400000,0xe0000
1781237231,58.7,2400000,0xe0000
1781237232,58.7,2400000,0xe0000
1781237233,58.2,2400000,0xe0000
1781237234,58.7,2400000,0xe0000
1781237235,58.7,2400000,0xe0000
1781237236,58.2,2400000,0xe0000
1781237237,58.7,2400000,0xe0000
1781237238,58.7,2400000,0xe0000
1781237239,58.7,2400000,0xe0000
1781237240,59.3,2400000,0xe0000
1781237241,58.2,2400000,0xe0000
1781237242,58.2,2400000,0xe0000
1781237243,58.7,2400000,0xe0000
1781237244,57.6,2400000,0xe0000
1781237245,58.2,2400000,0xe0000
1781237247,58.7,2400000,0xe0000
1781237248,58.2,2400000,0xe0000
1781237249,57.6,2400000,0xe0000
1781237250,59.3,2400000,0xe0000
1781237251,58.2,2400000,0xe0000
1781237252,58.2,2400000,0xe0000
1781237253,58.7,2400000,0xe0000
1781237254,58.2,2400000,0xe0000
1781237255,59.3,2400000,0xe0000
1781237256,58.7,2400000,0xe0000
1781237257,57.6,2400000,0xe0000
1781237258,58.2,2400000,0xe0000
1781237259,58.2,2400000,0xe0000
1781237260,58.2,2400000,0xe0000
1781237261,57.6,2400000,0xe0000
1781237262,59.3,2400000,0xe0000
1781237263,58.2,2400000,0xe0000
1781237264,59.3,2400000,0xe0000
1781237266,58.2,2400000,0xe0000
1781237267,58.2,2400000,0xe0000
1781237268,58.2,2400000,0xe0000
1781237269,58.7,2400000,0xe0000
1781237270,58.2,2400000,0xe0000
1781237271,58.7,2400000,0xe0000
1781237272,58.7,2400000,0xe0000
1781237273,58.2,2400000,0xe0000
1781237274,58.7,2400000,0xe0000
1781237275,58.7,2400000,0xe0000
1781237276,58.7,2400000,0xe0000
1781237277,58.2,2400000,0xe0000
1781237278,58.7,2400000,0xe0000
1781237279,58.7,2400000,0xe0000
1781237280,58.2,2400000,0xe0000
1781237281,58.2,2400000,0xe0000
1781237282,58.7,2400000,0xe0000
1781237283,58.2,2400000,0xe0000
1781237284,58.2,2400000,0xe0000
1781237285,58.2,2400000,0xe0000
1781237286,58.7,2400000,0xe0000
1781237287,58.2,2400000,0xe0000
1781237288,58.2,2400000,0xe0000
1781237290,58.2,2400000,0xe0000
1781237291,58.2,2400000,0xe0000
1781237292,58.2,2400000,0xe0000
1781237293,58.2,2400000,0xe0000
1781237294,58.2,2400000,0xe0000
1781237295,58.7,2400000,0xe0000
1781237296,58.2,2400000,0xe0000
1781237297,58.2,2400000,0xe0000
1781237298,58.7,2400000,0xe0000
1781237299,58.7,2400000,0xe0000
1781237300,58.7,2400000,0xe0000
1781237301,58.2,2400000,0xe0000
1781237302,58.2,2400000,0xe0000
1781237303,58.7,2400000,0xe0000
1781237304,58.7,2400000,0xe0000
1781237305,59.3,2400000,0xe0000
1781237306,58.2,2400000,0xe0000
1781237307,58.7,2400000,0xe0000
1781237308,57.1,2400000,0xe0000
1781237309,58.2,2400000,0xe0000
1781237310,58.7,2400000,0xe0000
1781237311,58.7,2400000,0xe0000
1781237312,57.6,2400000,0xe0000
1781237313,58.7,2400000,0xe0000
1781237314,58.7,2400000,0xe0000
1781237315,57.6,2400000,0xe0000
1781237316,58.2,2400000,0xe0000
1781237317,58.7,2400000,0xe0000
1781237318,58.7,2400000,0xe0000
1781237320,58.2,2400000,0xe0000
1781237321,58.2,2400000,0xe0000
1781237322,58.7,2400000,0xe0000
1781237323,58.2,2400000,0xe0000
1781237324,57.6,2400000,0xe0000
1781237325,58.7,2400000,0xe0000
1781237326,58.7,2400000,0xe0000
1781237327,58.2,2400000,0xe0000
1781237328,58.7,2400000,0xe0000
1781237329,58.7,2400000,0xe0000
1781237330,58.2,2400000,0xe0000
1781237331,58.7,2400000,0xe0000
1781237332,58.7,2400000,0xe0000
1781237333,58.2,2400000,0xe0000
1781237334,58.2,2400000,0xe0000
1781237335,58.2,2400000,0xe0000
1781237336,56.5,2400000,0xe0000
1781237337,58.2,2400000,0xe0000
1781237338,58.7,2400000,0xe0000
1781237339,58.7,2400000,0xe0000
1781237340,57.6,2400000,0xe0000
1781237341,58.7,2400000,0xe0000
1781237342,58.2,2400000,0xe0000
1781237343,58.2,2400000,0xe0000
1781237344,58.2,2400000,0xe0000
1781237345,58.7,2400000,0xe0000
1781237346,58.2,2400000,0xe0000
1781237347,58.2,2400000,0xe0000
1781237348,58.2,2400000,0xe0000
1781237349,59.3,2400000,0xe0000
1781237351,58.2,2400000,0xe0000
1781237352,57.6,2400000,0xe0000
1781237353,58.7,2400000,0xe0000
1781237354,58.7,2400000,0xe0000
1781237355,57.6,2400000,0xe0000
1781237356,57.6,2400000,0xe0000
1781237357,58.2,2400000,0xe0000
1781237358,58.2,2400000,0xe0000
1781237359,58.7,2400000,0xe0000
1781237360,58.7,2400000,0xe0000
1781237361,57.6,2400000,0xe0000
1781237362,58.7,2400000,0xe0000
1781237363,58.7,2400000,0xe0000
1781237364,58.2,2400000,0xe0000
1781237365,58.7,2400000,0xe0000
1781237366,58.2,2400000,0xe0000
1781237367,58.2,2400000,0xe0000
1781237368,57.6,2400000,0xe0000
1781237369,58.2,2400000,0xe0000
1781237370,58.2,2400000,0xe0000
1781237371,57.1,2400000,0xe0000
1781237372,58.2,2400000,0xe0000
1781237373,58.7,2400000,0xe0000
1781237374,59.3,2400000,0xe0000
1781237375,58.2,2400000,0xe0000
1781237376,58.2,2400000,0xe0000
1781237377,58.7,2400000,0xe0000
1781237379,58.2,2400000,0xe0000
1781237380,58.2,2400000,0xe0000
1781237381,58.2,2400000,0xe0000
1781237382,58.7,2400000,0xe0000
1781237383,58.7,2400000,0xe0000
1781237384,58.7,2400000,0xe0000
1781237385,58.2,2400000,0xe0000
1781237386,59.3,2400000,0xe0000
1781237387,58.7,2400000,0xe0000
1781237388,58.2,2400000,0xe0000
1781237389,58.7,2400000,0xe0000
1781237390,58.2,2400000,0xe0000
1781237391,58.7,2400000,0xe0000
1781237392,58.7,2400000,0xe0000
1781237393,58.7,2400000,0xe0000
1781237394,58.2,2400000,0xe0000
1781237395,58.2,2400000,0xe0000
1781237396,58.2,2400000,0xe0000
1781237397,58.2,2400000,0xe0000
1781237398,58.7,2400000,0xe0000
1781237399,58.2,2400000,0xe0000
1781237400,58.7,2400000,0xe0000
1781237401,59.3,2400000,0xe0000
1781237402,58.7,2400000,0xe0000
1781237403,58.2,2400000,0xe0000
1781237404,58.2,2400000,0xe0000
1781237406,58.7,2400000,0xe0000
1781237407,58.2,2400000,0xe0000
1781237408,58.2,2400000,0xe0000
1781237409,58.7,2400000,0xe0000
1781237410,58.2,2400000,0xe0000
1781237411,58.2,2400000,0xe0000
1781237412,58.2,2400000,0xe0000
1781237413,58.7,2400000,0xe0000
1781237414,58.2,2400000,0xe0000
1781237415,58.2,2400000,0xe0000
1781237416,58.2,2400000,0xe0000
1781237417,58.2,2400000,0xe0000
1781237418,58.7,2400000,0xe0000
1781237419,58.2,2400000,0xe0000
1781237420,58.7,2400000,0xe0000
1781237421,58.2,2400000,0xe0000
1781237422,58.2,2400000,0xe0000
1781237423,58.7,2400000,0xe0000
1781237424,58.7,2400000,0xe0000
1781237425,58.7,2400000,0xe0000
1781237426,58.2,2400000,0xe0000
1781237427,58.7,2400000,0xe0000
1781237428,58.7,2400000,0xe0000
1781237429,57.1,2400000,0xe0000
1781237430,58.7,2400000,0xe0000
1781237431,58.7,2400000,0xe0000
1781237433,58.2,2400000,0xe0000
1781237434,58.2,2400000,0xe0000
1781237435,58.2,2400000,0xe0000
1781237436,58.2,2400000,0xe0000
1781237437,58.7,2400000,0xe0000
1781237438,58.2,2400000,0xe0000
1781237439,58.7,2400000,0xe0000
1781237440,58.2,2400000,0xe0000
1781237441,57.1,2400000,0xe0000
1781237442,57.6,2400000,0xe0000
1781237443,58.7,2400000,0xe0000
1781237444,58.7,2400000,0xe0000
1781237445,57.6,2400000,0xe0000
1781237446,58.2,2400000,0xe0000
1781237447,58.2,2400000,0xe0000
1781237448,59.3,2400000,0xe0000
1781237449,58.7,2400000,0xe0000
1781237450,58.2,2400000,0xe0000
1781237451,58.7,2400000,0xe0000
1781237452,58.2,2400000,0xe0000
1781237453,58.2,2400000,0xe0000
1781237454,57.6,2400000,0xe0000
1781237455,58.2,2400000,0xe0000
1781237456,58.7,2400000,0xe0000
1781237457,58.2,2400000,0xe0000
1781237458,58.2,2400000,0xe0000
1781237459,58.7,2400000,0xe0000
1781237460,59.3,2400000,0xe0000
1781237462,57.6,2400000,0xe0000
1781237463,58.2,2400000,0xe0000
1781237464,58.2,2400000,0xe0000
1781237465,58.2,2400000,0xe0000
1781237466,58.2,2400000,0xe0000
1781237467,58.2,2400000,0xe0000
1781237468,58.7,2400000,0xe0000
1781237469,58.7,2400000,0xe0000
1781237470,58.7,2400000,0xe0000
1781237471,57.6,2400000,0xe0000
1781237472,58.2,2400000,0xe0000
1781237473,57.1,2400000,0xe0000
1781237474,58.7,2400000,0xe0000
1781237475,58.7,2400000,0xe0000
1781237476,58.7,2400000,0xe0000
1781237477,58.7,2400000,0xe0000
1781237478,59.3,2400000,0xe0000
1781237479,58.7,2400000,0xe0000
1781237480,58.2,2400000,0xe0000
1781237481,58.2,2400000,0xe0000
1781237482,58.2,2400000,0xe0000
1781237483,58.7,2400000,0xe0000
1781237484,58.2,2400000,0xe0000
1781237485,58.2,2400000,0xe0000
1781237486,58.7,2400000,0xe0000
1781237487,58.2,2400000,0xe0000
1781237488,58.2,2400000,0xe0000
1781237489,58.2,2400000,0xe0000
1781237490,58.2,2400000,0xe0000
1781237492,58.7,2400000,0xe0000
1781237493,58.2,2400000,0xe0000
1781237494,58.7,2400000,0xe0000
1781237495,57.6,2400000,0xe0000
1781237496,58.7,2400000,0xe0000
1781237497,58.7,2400000,0xe0000
1781237498,58.7,2400000,0xe0000
1781237499,58.7,2400000,0xe0000
1781237500,58.2,2400000,0xe0000
1781237501,57.6,2400000,0xe0000
1781237502,58.2,2400000,0xe0000
1781237503,58.2,2400000,0xe0000
1781237504,58.2,2400000,0xe0000
1781237505,58.7,2400000,0xe0000
1781237506,58.7,2400000,0xe0000
1781237507,58.2,2400000,0xe0000
1781237508,58.2,2400000,0xe0000
1781237509,58.7,2400000,0xe0000
1781237510,58.2,2400000,0xe0000
1781237511,58.7,2400000,0xe0000
1781237512,58.2,2400000,0xe0000
1781237513,58.7,2400000,0xe0000
1781237514,58.2,2400000,0xe0000
1781237515,59.3,2400000,0xe0000
1781237516,58.7,2400000,0xe0000
1781237517,58.7,2400000,0xe0000
1781237518,58.7,2400000,0xe0000
1781237519,58.7,2400000,0xe0000
1781237521,57.6,2400000,0xe0000
1781237522,58.7,2400000,0xe0000
1781237523,58.7,2400000,0xe0000
1781237524,58.7,2400000,0xe0000
1781237525,59.3,2400000,0xe0000
1781237526,59.3,2400000,0xe0000
1781237527,58.7,2400000,0xe0000
1781237528,58.7,2400000,0xe0000
1781237529,58.7,2400000,0xe0000
1781237530,58.7,2400000,0xe0000
1781237531,58.7,2400000,0xe0000
1781237532,57.6,2400000,0xe0000
1781237533,57.6,2400000,0xe0000
1781237534,58.2,2400000,0xe0000
1781237535,58.7,2400000,0xe0000
1781237536,58.2,2400000,0xe0000
1781237537,58.7,2400000,0xe0000
1781237538,57.6,2400000,0xe0000
1781237539,58.7,2400000,0xe0000
1781237540,58.2,2400000,0xe0000
1781237541,58.7,2400000,0xe0000
1781237542,58.7,2400000,0xe0000
1781237543,58.7,2400000,0xe0000
1781237544,58.2,2400000,0xe0000
1781237545,58.7,2400000,0xe0000
1781237546,58.7,2400000,0xe0000
1781237547,58.7,2400000,0xe0000
1781237548,58.2,2400000,0xe0000
1781237549,58.7,2400000,0xe0000
1781237550,58.2,2400000,0xe0000
1781237551,58.7,2400000,0xe0000
1781237552,58.7,2400000,0xe0000
1781237554,58.7,2400000,0xe0000
1781237555,58.7,2400000,0xe0000
1781237556,58.2,2400000,0xe0000
1781237557,58.7,2400000,0xe0000
1781237558,58.2,2400000,0xe0000
1781237559,59.3,2400000,0xe0000
1781237560,58.2,2400000,0xe0000
1781237561,58.7,2400000,0xe0000
1781237562,58.7,2400000,0xe0000
1781237563,58.2,2400000,0xe0000
1781237564,58.2,2400000,0xe0000
1781237565,58.7,2400000,0xe0000
1781237566,58.7,2400000,0xe0000
1781237567,58.2,2400000,0xe0000
1781237568,58.7,2400000,0xe0000
1781237569,58.2,2400000,0xe0000
1781237570,58.7,2400000,0xe0000
1781237571,58.7,2400000,0xe0000
1781237572,58.7,2400000,0xe0000
1781237573,58.7,2400000,0xe0000
1781237574,58.7,2400000,0xe0000
1781237575,58.7,2400000,0xe0000
1781237576,58.7,2400000,0xe0000
1781237577,58.7,2400000,0xe0000
1781237578,58.7,2400000,0xe0000
1781237579,58.7,2400000,0xe0000
1781237580,58.7,2400000,0xe0000
1781237581,58.7,2400000,0xe0000
1781237583,58.2,2400000,0xe0000
1781237584,57.1,2400000,0xe0000
1781237585,58.2,2400000,0xe0000
1781237586,58.7,2400000,0xe0000
1781237587,58.7,2400000,0xe0000
1781237588,58.7,2400000,0xe0000
1781237589,58.7,2400000,0xe0000
1781237590,59.3,2400000,0xe0000
1781237591,58.7,2400000,0xe0000
1781237592,58.7,2400000,0xe0000
1781237593,58.7,2400000,0xe0000
1781237594,58.2,2400000,0xe0000
1781237595,58.7,2400000,0xe0000
1781237596,58.2,2400000,0xe0000
1781237597,58.7,2400000,0xe0000
1781237598,58.7,2400000,0xe0000
1781237599,58.7,2400000,0xe0000
1781237600,58.7,2400000,0xe0000
1781237601,59.3,2400000,0xe0000
1781237602,59.3,2400000,0xe0000
1781237603,58.7,2400000,0xe0000
1781237604,58.2,2400000,0xe0000
1781237605,58.7,2400000,0xe0000
1781237606,58.7,2400000,0xe0000
1781237608,58.7,2400000,0xe0000
1781237609,58.2,2400000,0xe0000
1781237610,58.7,2400000,0xe0000
1781237611,58.2,2400000,0xe0000
1781237612,58.7,2400000,0xe0000
1781237613,58.7,2400000,0xe0000
1781237614,58.7,2400000,0xe0000
1781237615,58.7,2400000,0xe0000
1781237616,58.7,2400000,0xe0000
1781237617,58.7,2400000,0xe0000
1781237618,58.7,2400000,0xe0000
1781237619,59.3,2400000,0xe0000
1781237620,58.2,2400000,0xe0000
1781237621,58.2,2400000,0xe0000
1781237622,58.7,2400000,0xe0000
1781237623,57.6,2400000,0xe0000
1781237624,59.3,2400000,0xe0000
1781237625,58.7,2400000,0xe0000
1781237626,57.6,2400000,0xe0000
1781237627,58.2,2400000,0xe0000
1781237628,58.2,2400000,0xe0000
1781237629,58.2,2400000,0xe0000
1781237630,58.2,2400000,0xe0000
1781237631,58.7,2400000,0xe0000
1781237632,58.7,2400000,0xe0000
1781237633,58.2,2400000,0xe0000
1781237634,58.7,2400000,0xe0000
1781237635,57.6,2400000,0xe0000
1781237636,58.2,2400000,0xe0000
1781237637,58.7,2400000,0xe0000
1781237638,58.7,2400000,0xe0000
1781237639,58.7,2400000,0xe0000
1781237640,58.7,2400000,0xe0000
1781237641,59.3,2400000,0xe0000
1781237642,57.6,2400000,0xe0000
1781237643,58.2,2400000,0xe0000
1781237644,58.2,2400000,0xe0000
1781237645,58.2,2400000,0xe0000
1781237647,58.7,2400000,0xe0000
1781237648,58.7,2400000,0xe0000
1781237649,58.7,2400000,0xe0000
1781237650,58.2,2400000,0xe0000
1781237651,58.7,2400000,0xe0000
1781237652,58.2,2400000,0xe0000
1781237653,58.7,2400000,0xe0000
1781237654,58.7,2400000,0xe0000
1781237655,58.2,2400000,0xe0000
1781237656,58.2,2400000,0xe0000
1781237657,58.7,2400000,0xe0000
1781237658,58.7,2400000,0xe0000
1781237659,58.2,2400000,0xe0000
1781237660,58.7,2400000,0xe0000
1781237661,58.2,2400000,0xe0000
1781237662,59.3,2400000,0xe0000
1781237663,58.7,2400000,0xe0000
1781237664,58.2,2400000,0xe0000
1781237665,58.7,2400000,0xe0000
1781237666,58.7,2400000,0xe0000
1781237668,58.2,2400000,0xe0000
1781237669,58.7,2400000,0xe0000
1781237670,58.7,2400000,0xe0000
1781237671,58.7,2400000,0xe0000
1781237672,58.7,2400000,0xe0000
1781237673,58.2,2400000,0xe0000
1781237674,59.3,2400000,0xe0000
1781237675,58.7,2400000,0xe0000
1781237676,58.7,2400000,0xe0000
1781237677,57.6,2400000,0xe0000
1781237678,58.7,2400000,0xe0000
1781237679,58.2,2400000,0xe0000
1781237680,58.7,2400000,0xe0000
1781237681,58.7,2400000,0xe0000
1781237682,58.7,2400000,0xe0000
1781237683,58.7,2400000,0xe0000
1781237684,58.7,2400000,0xe0000
1781237685,58.7,2400000,0xe0000
1781237686,58.7,2400000,0xe0000
1781237687,58.7,2400000,0xe0000
1781237688,59.3,2400000,0xe0000
1781237689,58.7,2400000,0xe0000
1781237690,58.7,2400000,0xe0000
1781237691,57.6,2400000,0xe0000
1781237692,58.7,2400000,0xe0000
1781237694,57.6,2400000,0xe0000
1781237695,58.2,2400000,0xe0000
1781237696,58.7,2400000,0xe0000
1781237697,58.7,2400000,0xe0000
1781237698,58.7,2400000,0xe0000
1781237699,58.7,2400000,0xe0000
1781237700,58.7,2400000,0xe0000
1781237701,59.3,2400000,0xe0000
1781237702,58.2,2400000,0xe0000
1781237703,58.2,2400000,0xe0000
1781237704,58.7,2400000,0xe0000
1781237705,57.6,2400000,0xe0000
1781237706,57.6,2400000,0xe0000
1781237707,58.7,2400000,0xe0000
1781237708,58.2,2400000,0xe0000
1781237709,57.6,2400000,0xe0000
1781237710,58.2,2400000,0xe0000
1781237711,58.7,2400000,0xe0000
1781237712,58.7,2400000,0xe0000
1781237713,57.6,2400000,0xe0000
1781237714,58.7,2400000,0xe0000
1781237715,58.7,2400000,0xe0000
1781237716,58.7,2400000,0xe0000
1781237718,58.2,2400000,0xe0000
1781237719,58.2,2400000,0xe0000
1781237720,59.3,2400000,0xe0000
1781237721,58.7,2400000,0xe0000
1781237722,59.3,2400000,0xe0000
1781237723,58.7,2400000,0xe0000
1781237724,58.7,2400000,0xe0000
1781237725,58.2,2400000,0xe0000
1781237726,58.2,2400000,0xe0000
1781237727,58.7,2400000,0xe0000
1781237728,58.7,2400000,0xe0000
1781237729,58.2,2400000,0xe0000
1781237730,58.2,2400000,0xe0000
1781237731,58.7,2400000,0xe0000
1781237732,58.7,2400000,0xe0000
1781237733,58.7,2400000,0xe0000
1781237734,58.2,2400000,0xe0000
1781237735,58.2,2400000,0xe0000
1781237736,59.3,2400000,0xe0000
1781237737,58.7,2400000,0xe0000
1781237738,58.7,2400000,0xe0000
1781237740,58.7,2400000,0xe0000
1781237741,58.2,2400000,0xe0000
1781237742,58.7,2400000,0xe0000
1781237743,58.7,2400000,0xe0000
1781237744,58.2,2400000,0xe0000
1781237745,58.7,2400000,0xe0000
1781237746,58.7,2400000,0xe0000
1781237747,58.7,2400000,0xe0000
1781237748,58.7,2400000,0xe0000
1781237749,58.7,2400000,0xe0000
1781237750,58.7,2400000,0xe0000
1781237751,57.1,2400000,0xe0000
1781237752,57.6,2400000,0xe0000
1781237753,58.2,2400000,0xe0000
1781237754,57.6,2400000,0xe0000
1781237755,57.6,2400000,0xe0000
1781237756,58.2,2400000,0xe0000
1781237757,58.7,2400000,0xe0000
1781237758,58.2,2400000,0xe0000
1781237760,58.2,2400000,0xe0000
1781237761,57.6,2400000,0xe0000
1781237762,58.2,2400000,0xe0000
1781237763,59.3,2400000,0xe0000
1781237764,58.2,2400000,0xe0000
1781237765,58.7,2400000,0xe0000
1781237766,58.2,2400000,0xe0000
1781237767,58.2,2400000,0xe0000
1781237768,59.3,2400000,0xe0000
1781237769,58.7,2400000,0xe0000
1781237770,58.7,2400000,0xe0000
1781237771,58.7,2400000,0xe0000
1781237772,57.6,2400000,0xe0000
1781237773,58.2,2400000,0xe0000
1781237774,58.7,2400000,0xe0000
1781237775,58.7,2400000,0xe0000
1781237776,58.7,2400000,0xe0000
1781237777,58.7,2400000,0xe0000
1781237778,58.2,2400000,0xe0000
1781237779,58.7,2400000,0xe0000
1781237780,58.2,2400000,0xe0000
1781237781,58.7,2400000,0xe0000
1781237782,58.7,2400000,0xe0000
1781237783,58.7,2400000,0xe0000
1781237784,58.7,2400000,0xe0000
1781237785,57.6,2400000,0xe0000
1781237786,58.7,2400000,0xe0000
1781237787,58.7,2400000,0xe0000
1781237789,58.7,2400000,0xe0000
1781237790,58.2,2400000,0xe0000
1781237791,58.7,2400000,0xe0000
1781237792,59.3,2400000,0xe0000
1781237793,58.2,2400000,0xe0000
1781237794,58.7,2400000,0xe0000
1781237795,58.2,2400000,0xe0000
1781237796,58.2,2400000,0xe0000
1781237797,58.7,2400000,0xe0000
1781237798,58.7,2400000,0xe0000
1781237799,58.7,2400000,0xe0000
1781237800,59.3,2400000,0xe0000
1781237801,59.3,2400000,0xe0000
1781237802,58.7,2400000,0xe0000
1781237803,58.7,2400000,0xe0000
1781237804,58.7,2400000,0xe0000
1781237805,58.2,2400000,0xe0000
1781237807,58.7,2400000,0xe0000
1781237808,58.2,2400000,0xe0000
1781237809,58.2,2400000,0xe0000
1781237810,58.7,2400000,0xe0000
1781237811,57.6,2400000,0xe0000
1781237812,58.7,2400000,0xe0000
1781237813,58.7,2400000,0xe0000
1781237814,58.2,2400000,0xe0000
1781237815,58.7,2400000,0xe0000
1781237816,57.6,2400000,0xe0000
1781237817,58.2,2400000,0xe0000
1781237818,58.7,2400000,0xe0000
1781237819,58.2,2400000,0xe0000
1781237820,58.2,2400000,0xe0000
1781237821,58.2,2400000,0xe0000
1781237822,58.2,2400000,0xe0000
1781237823,58.7,2400000,0xe0000
1781237824,58.7,2400000,0xe0000
1781237825,58.2,2400000,0xe0000
1781237826,58.2,2400000,0xe0000
1781237827,58.2,2400000,0xe0000
1781237828,57.6,2400000,0xe0000
1781237829,57.6,2400000,0xe0000
1781237831,58.7,2400000,0xe0000
1781237832,58.7,2400000,0xe0000
1781237833,58.2,2400000,0xe0000
1781237834,58.2,2400000,0xe0000
1781237835,58.7,2400000,0xe0000
1781237836,58.7,2400000,0xe0000
1781237837,59.3,2400000,0xe0000
1781237838,58.7,2400000,0xe0000
1781237839,58.7,2400000,0xe0000
1781237840,57.6,2400000,0xe0000
1781237841,59.3,2400000,0xe0000
1781237842,58.7,2400000,0xe0000
1781237843,59.3,2400000,0xe0000
1781237844,58.7,2400000,0xe0000
1781237845,58.2,2400000,0xe0000
1781237846,58.7,2400000,0xe0000
1781237847,58.7,2400000,0xe0000
1781237848,58.2,2400000,0xe0000
1781237849,58.7,2400000,0xe0000
1781237850,58.7,2400000,0xe0000
1781237851,58.2,2400000,0xe0000
1781237852,58.7,2400000,0xe0000
1781237853,58.2,2400000,0xe0000
1781237854,58.2,2400000,0xe0000
1781237855,58.7,2400000,0xe0000
1781237856,57.6,2400000,0xe0000
1781237858,58.7,2400000,0xe0000
1781237859,58.2,2400000,0xe0000
1781237860,58.7,2400000,0xe0000
1781237861,58.7,2400000,0xe0000
1781237862,58.7,2400000,0xe0000
1781237863,58.7,2400000,0xe0000
1781237864,58.7,2400000,0xe0000
1781237865,58.2,2400000,0xe0000
1781237866,58.2,2400000,0xe0000
1781237867,57.1,2400000,0xe0000
1781237868,58.2,2400000,0xe0000
1781237869,58.2,2400000,0xe0000
1781237870,58.2,2400000,0xe0000
1781237871,58.2,2400000,0xe0000
1781237872,58.7,2400000,0xe0000
1781237873,58.7,2400000,0xe0000
1781237874,57.6,2400000,0xe0000
1781237875,58.2,2400000,0xe0000
1781237876,59.3,2400000,0xe0000
1781237877,58.2,2400000,0xe0000
1781237878,58.7,2400000,0xe0000
1781237879,58.7,2400000,0xe0000
1781237880,57.6,2400000,0xe0000
1781237882,59.3,2400000,0xe0000
1781237883,57.6,2400000,0xe0000
1781237884,58.7,2400000,0xe0000
1781237885,58.7,2400000,0xe0000
1781237886,58.7,2400000,0xe0000
1781237887,58.2,2400000,0xe0000
1781237888,58.7,2400000,0xe0000
1781237889,58.7,2400000,0xe0000
1781237890,58.2,2400000,0xe0000
1781237891,58.7,2400000,0xe0000
1781237892,58.2,2400000,0xe0000
1781237893,58.7,2400000,0xe0000
1781237894,58.2,2400000,0xe0000
1781237895,58.2,2400000,0xe0000
1781237896,57.6,2400000,0xe0000
1781237897,58.7,2400000,0xe0000
1781237898,58.7,2400000,0xe0000
1781237899,58.7,2400000,0xe0000
1781237900,57.6,2400000,0xe0000
1781237901,59.3,2400000,0xe0000
1781237902,58.7,2400000,0xe0000
1781237903,58.7,2400000,0xe0000
1781237904,58.7,2400000,0xe0000
1781237905,58.7,2400000,0xe0000
1781237906,58.7,2400000,0xe0000
1781237907,58.7,2400000,0xe0000
1781237908,57.6,2400000,0xe0000
1781237910,58.2,2400000,0xe0000
1781237911,59.3,2400000,0xe0000
1781237912,57.6,2400000,0xe0000
1781237913,58.7,2400000,0xe0000
1781237914,58.2,2400000,0xe0000
1781237915,58.2,2400000,0xe0000
1781237916,58.7,2400000,0xe0000
1781237917,58.7,2400000,0xe0000
1781237918,58.2,2400000,0xe0000
1781237919,58.2,2400000,0xe0000
1781237920,58.7,2400000,0xe0000
1781237921,58.7,2400000,0xe0000
1781237922,58.7,2400000,0xe0000
1781237923,58.2,2400000,0xe0000
1781237924,58.2,2400000,0xe0000
1781237925,58.2,2400000,0xe0000
1781237926,58.7,2400000,0xe0000
1781237927,58.7,2400000,0xe0000
1781237928,58.2,2400000,0xe0000
1781237929,58.7,2400000,0xe0000
1781237930,58.7,2400000,0xe0000
1781237931,57.6,2400000,0xe0000
1781237932,58.2,2400000,0xe0000
1781237933,58.2,2400000,0xe0000
1781237934,57.6,2400000,0xe0000
1781237935,58.2,2400000,0xe0000
1781237936,58.7,2400000,0xe0000
1781237937,58.7,2400000,0xe0000
1781237938,58.2,2400000,0xe0000
1781237939,58.2,2400000,0xe0000
1781237940,58.2,2400000,0xe0000
1781237941,58.7,2400000,0xe0000
1781237942,58.7,2400000,0xe0000
1781237944,58.7,2400000,0xe0000
1781237945,58.2,2400000,0xe0000
1781237946,58.7,2400000,0xe0000
1781237947,58.7,2400000,0xe0000
1781237948,59.3,2400000,0xe0000
1781237949,58.2,2400000,0xe0000
1781237950,58.2,2400000,0xe0000
1781237951,58.2,2400000,0xe0000
1781237952,57.6,2400000,0xe0000
1781237953,58.7,2400000,0xe0000
1781237954,58.2,2400000,0xe0000
1781237955,58.2,2400000,0xe0000
1781237956,58.7,2400000,0xe0000
1781237957,57.6,2400000,0xe0000
1781237958,58.7,2400000,0xe0000
1781237959,57.6,2400000,0xe0000
1781237960,58.7,2400000,0xe0000
1781237961,58.2,2400000,0xe0000
1781237962,58.2,2400000,0xe0000
1781237963,58.2,2400000,0xe0000
1781237964,58.7,2400000,0xe0000
1781237965,58.2,2400000,0xe0000
1781237966,59.3,2400000,0xe0000
1781237967,59.3,2400000,0xe0000
1781237968,57.6,2400000,0xe0000
1781237969,58.7,2400000,0xe0000
1781237971,59.3,2400000,0xe0000
1781237972,58.7,2400000,0xe0000
1781237973,58.7,2400000,0xe0000
1781237974,58.7,2400000,0xe0000
1781237975,58.7,2400000,0xe0000
1781237976,58.7,2400000,0xe0000
1781237977,58.7,2400000,0xe0000
1781237978,58.7,2400000,0xe0000
1781237979,58.7,2400000,0xe0000
1781237980,58.7,2400000,0xe0000
1781237981,58.7,2400000,0xe0000
1781237982,58.7,2400000,0xe0000
1781237983,58.7,2400000,0xe0000
1781237984,58.2,2400000,0xe0000
1781237985,58.2,2400000,0xe0000
1781237986,58.7,2400000,0xe0000
1781237987,59.3,2400000,0xe0000
1781237988,58.7,2400000,0xe0000
1781237989,58.2,2400000,0xe0000
1781237990,58.2,2400000,0xe0000
1781237991,58.2,2400000,0xe0000
1781237992,57.1,2400000,0xe0000
1781237993,59.3,2400000,0xe0000
1781237995,58.2,2400000,0xe0000
1781237996,59.3,2400000,0xe0000
1781237997,59.3,2400000,0xe0000
1781237998,58.7,2400000,0xe0000
1781237999,58.2,2400000,0xe0000
1781238000,58.7,2400000,0xe0000
1781238001,57.6,2400000,0xe0000
1781238002,58.2,2400000,0xe0000
1781238003,59.3,2400000,0xe0000
1781238004,59.3,2400000,0xe0000
1781238005,58.7,2400000,0xe0000
1781238006,58.7,2400000,0xe0000
1781238007,58.7,2400000,0xe0000
1781238008,58.2,2400000,0xe0000
1781238009,58.2,2400000,0xe0000
1781238010,58.2,2400000,0xe0000
1781238011,58.7,2400000,0xe0000
1781238012,58.7,2400000,0xe0000
1781238013,58.7,2400000,0xe0000
1781238014,58.7,2400000,0xe0000
1781238015,57.1,2400000,0xe0000
1781238017,59.3,2400000,0xe0000
1781238018,58.7,2400000,0xe0000
1781238019,58.2,2400000,0xe0000
1781238020,58.7,2400000,0xe0000
1781238021,58.7,2400000,0xe0000
1781238022,59.3,2400000,0xe0000
1781238023,58.7,2400000,0xe0000
1781238024,58.7,2400000,0xe0000
1781238025,58.2,2400000,0xe0000
1781238026,58.7,2400000,0xe0000
1781238027,58.7,2400000,0xe0000
1781238028,58.2,2400000,0xe0000
1781238029,59.3,2400000,0xe0000
1781238030,59.3,2400000,0xe0000
1781238031,58.7,2400000,0xe0000
1781238032,58.7,2400000,0xe0000
1781238033,59.3,2400000,0xe0000
1781238034,57.6,2400000,0xe0000
1781238035,58.7,2400000,0xe0000
1781238036,58.2,2400000,0xe0000
1781238038,58.7,2400000,0xe0000
1781238039,58.2,2400000,0xe0000
1781238040,58.7,2400000,0xe0000
1781238041,58.2,2400000,0xe0000
1781238042,58.7,2400000,0xe0000
1781238043,58.7,2400000,0xe0000
1781238044,58.2,2400000,0xe0000
1781238045,58.7,2400000,0xe0000
1781238046,58.7,2400000,0xe0000
1781238047,58.7,2400000,0xe0000
1781238048,57.6,2400000,0xe0000
1781238049,58.2,2400000,0xe0000
1781238050,58.7,2400000,0xe0000
1781238051,58.2,2400000,0xe0000
1781238052,58.2,2400000,0xe0000
1781238053,58.2,2400000,0xe0000
1781238054,57.6,2400000,0xe0000
1781238055,58.2,2400000,0xe0000
1781238056,58.2,2400000,0xe0000
1781238057,59.3,2400000,0xe0000
1781238058,57.6,2400000,0xe0000
1781238059,58.7,2400000,0xe0000
1781238060,58.2,2400000,0xe0000
1781238061,57.6,2400000,0xe0000
1781238062,58.7,2400000,0xe0000
1781238064,58.7,2400000,0xe0000
1781238065,58.2,2400000,0xe0000
1781238066,57.6,2400000,0xe0000
1781238067,58.7,2400000,0xe0000
1781238068,58.7,2400000,0xe0000
1781238069,58.2,2400000,0xe0000
1781238070,58.2,2400000,0xe0000
1781238071,58.2,2400000,0xe0000
1781238072,58.2,2400000,0xe0000
1781238073,58.7,2400000,0xe0000
1781238074,58.2,2400000,0xe0000
1781238075,58.2,2400000,0xe0000
1781238076,58.7,2400000,0xe0000
1781238077,58.2,2400000,0xe0000
1781238078,58.2,2400000,0xe0000
1781238079,58.7,2400000,0xe0000
1781238080,58.7,2400000,0xe0000
1781238081,58.7,2400000,0xe0000
1781238082,58.2,2400000,0xe0000
1781238083,58.7,2400000,0xe0000
1781238084,58.7,2400000,0xe0000
1781238085,58.7,2400000,0xe0000
1781238086,58.7,2400000,0xe0000
1781238087,58.2,2400000,0xe0000
1781238088,58.7,2400000,0xe0000
1781238089,58.7,2400000,0xe0000
1781238090,58.7,2400000,0xe0000
1781238091,58.2,2400000,0xe0000
1781238092,58.7,2400000,0xe0000
1781238093,58.7,2400000,0xe0000
1781238094,58.2,2400000,0xe0000
1781238095,58.2,2400000,0xe0000
1781238097,58.7,2400000,0xe0000
1781238098,58.2,2400000,0xe0000
1781238099,57.6,2400000,0xe0000
1781238100,58.7,2400000,0xe0000
1781238101,58.2,2400000,0xe0000
1781238102,57.6,2400000,0xe0000
1781238103,58.7,2400000,0xe0000
1781238104,58.2,2400000,0xe0000
1781238105,58.2,2400000,0xe0000
1781238106,58.2,2400000,0xe0000
1781238107,58.7,2400000,0xe0000
1781238108,57.6,2400000,0xe0000
1781238109,58.7,2400000,0xe0000
1781238110,58.7,2400000,0xe0000
1781238111,58.2,2400000,0xe0000
1781238112,58.2,2400000,0xe0000
1781238113,57.6,2400000,0xe0000
1781238114,59.3,2400000,0xe0000
1781238115,57.6,2400000,0xe0000
1781238116,58.7,2400000,0xe0000
1781238118,58.2,2400000,0xe0000
1781238119,57.6,2400000,0xe0000
1781238120,57.6,2400000,0xe0000
1781238121,58.7,2400000,0xe0000
1781238122,58.7,2400000,0xe0000
1781238123,58.7,2400000,0xe0000
1781238124,58.2,2400000,0xe0000
1781238125,58.7,2400000,0xe0000
1781238126,58.7,2400000,0xe0000
1781238127,58.2,2400000,0xe0000
1781238128,57.6,2400000,0xe0000
1781238129,58.2,2400000,0xe0000
1781238130,57.6,2400000,0xe0000
1781238131,58.7,2400000,0xe0000
1781238132,58.2,2400000,0xe0000
1781238133,58.2,2400000,0xe0000
1781238134,58.2,2400000,0xe0000
1781238135,58.2,2400000,0xe0000
1781238137,58.2,2400000,0xe0000
1781238138,58.7,2400000,0xe0000
1781238139,58.2,2400000,0xe0000
1781238140,58.2,2400000,0xe0000
1781238141,58.2,2400000,0xe0000
1781238142,58.7,2400000,0xe0000
1781238143,58.7,2400000,0xe0000
1781238144,58.2,2400000,0xe0000
1781238145,58.2,2400000,0xe0000
1781238146,58.7,2400000,0xe0000
1781238147,58.2,2400000,0xe0000
1781238148,58.7,2400000,0xe0000
1781238149,58.7,2400000,0xe0000
1781238150,58.2,2400000,0xe0000
1781238151,58.7,2400000,0xe0000
1781238152,58.2,2400000,0xe0000
1781238153,58.7,2400000,0xe0000
1781238154,58.7,2400000,0xe0000
1781238155,58.2,2400000,0xe0000
1781238156,57.6,2400000,0xe0000
1781238157,58.7,2400000,0xe0000
1781238158,58.2,2400000,0xe0000
1781238159,58.7,2400000,0xe0000
1781238161,58.7,2400000,0xe0000
1781238162,57.6,2400000,0xe0000
1781238163,58.2,2400000,0xe0000
1781238164,58.7,2400000,0xe0000
1781238165,58.2,2400000,0xe0000
1781238166,58.2,2400000,0xe0000
1781238167,58.2,2400000,0xe0000
1781238168,58.7,2400000,0xe0000
1781238169,58.2,2400000,0xe0000
1781238170,58.7,2400000,0xe0000
1781238171,57.6,2400000,0xe0000
1781238172,58.7,2400000,0xe0000
1781238173,58.7,2400000,0xe0000
1781238174,58.2,2400000,0xe0000
1781238175,59.3,2400000,0xe0000
1781238176,58.7,2400000,0xe0000
1781238177,58.2,2400000,0xe0000
1781238178,58.2,2400000,0xe0000
1781238179,58.2,2400000,0xe0000
1781238180,58.7,2400000,0xe0000
1781238181,58.7,2400000,0xe0000
1781238182,59.3,2400000,0xe0000
1781238183,58.7,2400000,0xe0000
1781238184,58.7,2400000,0xe0000
1781238185,58.2,2400000,0xe0000
1781238187,57.6,2400000,0xe0000
1781238188,58.7,2400000,0xe0000
1781238189,58.7,2400000,0xe0000
1781238190,58.7,2400000,0xe0000
1781238191,58.2,2400000,0xe0000
1781238192,58.2,2400000,0xe0000
1781238193,58.2,2400000,0xe0000
1781238194,58.2,2400000,0xe0000
1781238195,58.7,2400000,0xe0000
1781238196,58.7,2400000,0xe0000
1781238197,57.6,2400000,0xe0000
1781238198,58.2,2400000,0xe0000
1781238199,57.6,2400000,0xe0000
1781238200,58.2,2400000,0xe0000
1781238201,58.7,2400000,0xe0000
1781238202,58.7,2400000,0xe0000
1781238204,58.7,2400000,0xe0000
1781238205,58.2,2400000,0xe0000
1781238206,58.2,2400000,0xe0000
1781238207,58.2,2400000,0xe0000
1781238208,58.7,2400000,0xe0000
1781238209,58.7,2400000,0xe0000
1781238210,58.2,2400000,0xe0000
1781238211,58.7,2400000,0xe0000
1781238212,58.2,2400000,0xe0000
1781238213,58.7,2400000,0xe0000
1781238214,58.2,2400000,0xe0000
1781238215,58.2,2400000,0xe0000
1781238216,58.7,2400000,0xe0000
1781238217,58.2,2400000,0xe0000
1781238218,58.7,2400000,0xe0000
1781238219,58.7,2400000,0xe0000
1781238220,58.7,2400000,0xe0000
1781238221,58.2,2400000,0xe0000
1781238223,57.6,2400000,0xe0000
1781238224,58.2,2400000,0xe0000
1781238225,58.7,2400000,0xe0000
1781238226,58.7,2400000,0xe0000
1781238227,58.7,2400000,0xe0000
1781238228,58.7,2400000,0xe0000
1781238229,58.2,2400000,0xe0000
1781238230,58.7,2400000,0xe0000
1781238231,58.7,2400000,0xe0000
1781238232,59.3,2400000,0xe0000
1781238233,58.7,2400000,0xe0000
1781238234,58.7,2400000,0xe0000
1781238235,58.7,2400000,0xe0000
1781238236,57.6,2400000,0xe0000
1781238237,57.6,2400000,0xe0000
1781238238,59.3,2400000,0xe0000
1781238239,58.2,2400000,0xe0000
1781238240,58.7,2400000,0xe0000
1781238241,57.6,2400000,0xe0000
1781238242,58.2,2400000,0xe0000
1781238243,58.7,2400000,0xe0000
1781238244,58.7,2400000,0xe0000
1781238245,58.7,2400000,0xe0000
1781238246,58.7,2400000,0xe0000
1781238247,58.7,2400000,0xe0000
1781238248,58.2,2400000,0xe0000
1781238250,58.7,2400000,0xe0000
1781238251,58.2,2400000,0xe0000
1781238252,59.3,2400000,0xe0000
1781238253,58.2,2400000,0xe0000
1781238254,58.7,2400000,0xe0000
1781238255,58.7,2400000,0xe0000
1781238256,58.2,2400000,0xe0000
1781238257,58.2,2400000,0xe0000
1781238258,58.2,2400000,0xe0000
1781238259,57.6,2400000,0xe0000
1781238260,58.2,2400000,0xe0000
1781238261,58.7,2400000,0xe0000
1781238262,59.3,2400000,0xe0000
1781238263,58.7,2400000,0xe0000
1781238264,58.7,2400000,0xe0000
1781238265,58.7,2400000,0xe0000
1781238266,58.2,2400000,0xe0000
1781238267,58.7,2400000,0xe0000
1781238268,58.7,2400000,0xe0000
1781238269,58.7,2400000,0xe0000
1781238270,58.7,2400000,0xe0000
1781238271,57.6,2400000,0xe0000
1781238272,58.2,2400000,0xe0000
1781238273,58.7,2400000,0xe0000
1781238274,57.6,2400000,0xe0000
1781238275,58.7,2400000,0xe0000
1781238276,58.2,2400000,0xe0000
1781238277,58.7,2400000,0xe0000
1781238278,58.7,2400000,0xe0000
1781238280,58.7,2400000,0xe0000
1781238281,58.7,2400000,0xe0000
1781238282,58.2,2400000,0xe0000
1781238283,58.2,2400000,0xe0000
1781238284,58.2,2400000,0xe0000
1781238285,58.7,2400000,0xe0000
1781238286,58.7,2400000,0xe0000
1781238287,58.2,2400000,0xe0000
1781238288,58.7,2400000,0xe0000
1781238289,58.7,2400000,0xe0000
1781238290,58.7,2400000,0xe0000
1781238291,58.2,2400000,0xe0000
1781238292,58.7,2400000,0xe0000
1781238294,58.2,2400000,0xe0000
1781238295,58.7,2400000,0xe0000
1781238296,58.2,2400000,0xe0000
1781238297,58.2,2400000,0xe0000
1781238298,58.2,2400000,0xe0000
1781238299,58.7,2400000,0xe0000
1781238300,58.2,2400000,0xe0000
1781238301,57.6,2400000,0xe0000
1781238302,58.2,2400000,0xe0000
1781238303,58.7,2400000,0xe0000
1781238304,58.7,2400000,0xe0000
1781238305,58.7,2400000,0xe0000
1781238306,57.1,2400000,0xe0000
1781238307,58.2,2400000,0xe0000
1781238308,58.2,2400000,0xe0000
1781238309,58.2,2400000,0xe0000
1781238310,58.7,2400000,0xe0000
1781238311,58.7,2400000,0xe0000
1781238312,58.2,2400000,0xe0000
1781238313,58.2,2400000,0xe0000
1781238314,58.7,2400000,0xe0000
1781238315,57.6,2400000,0xe0000
1781238316,59.3,2400000,0xe0000
1781238318,58.7,2400000,0xe0000
1781238319,57.1,2400000,0xe0000
1781238320,58.7,2400000,0xe0000
1781238321,58.2,2400000,0xe0000
1781238322,58.7,2400000,0xe0000
1781238323,58.7,2400000,0xe0000
1781238324,56.5,2400000,0xe0000
1781238325,57.6,2400000,0xe0000
1781238326,57.6,2400000,0xe0000
1781238327,58.2,2400000,0xe0000
1781238328,58.7,2400000,0xe0000
1781238329,58.7,2400000,0xe0000
1781238330,58.7,2400000,0xe0000
1781238331,58.7,2400000,0xe0000
1781238332,58.7,2400000,0xe0000
1781238333,58.7,2400000,0xe0000
1781238334,58.2,2400000,0xe0000
1781238335,58.7,2400000,0xe0000
1781238336,58.2,2400000,0xe0000
1781238337,58.7,2400000,0xe0000
1781238338,58.7,2400000,0xe0000
1781238339,58.7,2400000,0xe0000
1781238340,58.2,2400000,0xe0000
1781238341,57.1,2400000,0xe0000
1781238342,58.7,2400000,0xe0000
1781238343,58.7,2400000,0xe0000
1781238344,57.6,2400000,0xe0000
1781238345,57.6,2400000,0xe0000
1781238346,58.2,2400000,0xe0000
1781238347,58.2,2400000,0xe0000
1781238349,58.7,2400000,0xe0000
1781238350,58.2,2400000,0xe0000
1781238351,57.1,2400000,0xe0000
1781238352,58.2,2400000,0xe0000
1781238353,58.2,2400000,0xe0000
1781238354,58.2,2400000,0xe0000
1781238355,58.7,2400000,0xe0000
1781238356,58.7,2400000,0xe0000
1781238357,58.7,2400000,0xe0000
1781238358,58.2,2400000,0xe0000
1781238359,58.2,2400000,0xe0000
1781238360,58.2,2400000,0xe0000
1781238361,58.7,2400000,0xe0000
1781238362,58.2,2400000,0xe0000
1781238363,58.2,2400000,0xe0000
1781238364,58.2,2400000,0xe0000
1781238365,58.2,2400000,0xe0000
1781238366,59.3,2400000,0xe0000
1781238367,57.6,2400000,0xe0000
1781238368,58.2,2400000,0xe0000
1781238369,58.7,2400000,0xe0000
1781238370,58.2,2400000,0xe0000
1781238371,58.2,2400000,0xe0000
1781238372,58.2,2400000,0xe0000
1781238373,57.6,2400000,0xe0000
1781238374,57.6,2400000,0xe0000
1781238375,57.6,2400000,0xe0000
1781238376,58.7,2400000,0xe0000
1781238377,58.7,2400000,0xe0000
1781238378,57.6,2400000,0xe0000
1781238379,58.2,2400000,0xe0000
1781238381,58.2,2400000,0xe0000
1781238382,58.2,2400000,0xe0000
1781238383,58.7,2400000,0xe0000
1781238384,57.6,2400000,0xe0000
1781238385,59.3,2400000,0xe0000
1781238386,58.7,2400000,0xe0000
1781238387,58.2,2400000,0xe0000
1781238388,58.2,2400000,0xe0000
1781238389,57.6,2400000,0xe0000
1781238390,57.6,2400000,0xe0000
1781238391,58.2,2400000,0xe0000
1781238392,58.2,2400000,0xe0000
1781238393,57.6,2400000,0xe0000
1781238394,58.7,2400000,0xe0000
1781238395,57.6,2400000,0xe0000
1781238396,57.6,2400000,0xe0000
1781238397,58.7,2400000,0xe0000
1781238398,59.3,2400000,0xe0000
1781238399,58.7,2400000,0xe0000
1781238400,57.6,2400000,0xe0000
1781238401,58.2,2400000,0xe0000
1781238402,57.6,2400000,0xe0000
1781238403,58.2,2400000,0xe0000
1781238404,58.2,2400000,0xe0000
1781238405,58.7,2400000,0xe0000
1781238406,57.6,2400000,0xe0000
1781238407,58.7,2400000,0xe0000
1781238408,57.1,2400000,0xe0000
1781238409,58.7,2400000,0xe0000
1781238410,58.7,2400000,0xe0000
1781238411,57.6,2400000,0xe0000
1781238413,58.2,2400000,0xe0000
1781238414,59.3,2400000,0xe0000
1781238415,58.2,2400000,0xe0000
1781238416,58.2,2400000,0xe0000
1781238417,58.7,2400000,0xe0000
1781238418,58.7,2400000,0xe0000
1781238419,58.7,2400000,0xe0000
1781238420,57.6,2400000,0xe0000
1781238421,58.2,2400000,0xe0000
1781238422,58.2,2400000,0xe0000
1781238423,58.2,2400000,0xe0000
1781238424,58.2,2400000,0xe0000
1781238425,58.2,2400000,0xe0000
1781238426,58.2,2400000,0xe0000
1781238427,58.2,2400000,0xe0000
1781238428,58.7,2400000,0xe0000
1781238429,58.2,2400000,0xe0000
1781238430,58.7,2400000,0xe0000
1781238431,58.2,2400000,0xe0000
1781238432,58.2,2400000,0xe0000
1781238433,58.7,2400000,0xe0000
1781238434,58.2,2400000,0xe0000
1781238436,58.2,2400000,0xe0000
1781238437,58.2,2400000,0xe0000
1781238438,58.7,2400000,0xe0000
1781238439,58.2,2400000,0xe0000
1781238440,57.1,2400000,0xe0000
1781238441,58.2,2400000,0xe0000
1781238442,58.2,2400000,0xe0000
1781238443,58.2,2400000,0xe0000
1781238444,57.6,2400000,0xe0000
1781238445,58.2,2400000,0xe0000
1781238446,58.7,2400000,0xe0000
1781238447,58.2,2400000,0xe0000
1781238448,58.7,2400000,0xe0000
1781238449,58.7,2400000,0xe0000
1781238450,59.3,2400000,0xe0000
1781238451,58.2,2400000,0xe0000
1781238452,58.2,2400000,0xe0000
1781238453,58.2,2400000,0xe0000
1781238454,58.2,2400000,0xe0000
1781238455,58.2,2400000,0xe0000
1781238456,58.2,2400000,0xe0000
1781238458,58.2,2400000,0xe0000
1781238459,58.2,2400000,0xe0000
1781238460,58.2,2400000,0xe0000
1781238461,58.7,2400000,0xe0000
1781238462,57.6,2400000,0xe0000
1781238463,58.2,2400000,0xe0000
1781238464,58.7,2400000,0xe0000
1781238465,57.6,2400000,0xe0000
1781238466,58.2,2400000,0xe0000
1781238467,58.7,2400000,0xe0000
1781238468,57.6,2400000,0xe0000
1781238469,57.6,2400000,0xe0000
1781238470,58.2,2400000,0xe0000
1781238471,57.6,2400000,0xe0000
1781238472,57.6,2400000,0xe0000
1781238473,58.2,2400000,0xe0000
1781238474,58.2,2400000,0xe0000
1781238475,58.2,2400000,0xe0000
1781238476,57.6,2400000,0xe0000
1781238477,58.2,2400000,0xe0000
1781238478,58.7,2400000,0xe0000
1781238479,58.2,2400000,0xe0000
1781238480,57.6,2400000,0xe0000
1781238481,57.6,2400000,0xe0000
1781238482,57.6,2400000,0xe0000
1781238483,58.7,2400000,0xe0000
1781238484,58.2,2400000,0xe0000
1781238485,58.2,2400000,0xe0000
1781238486,58.2,2400000,0xe0000
1781238487,58.7,2400000,0xe0000
1781238488,58.7,2400000,0xe0000
1781238489,58.7,2400000,0xe0000
1781238490,58.7,2400000,0xe0000
1781238492,58.2,2400000,0xe0000
1781238493,58.7,2400000,0xe0000
1781238494,58.2,2400000,0xe0000
1781238495,57.6,2400000,0xe0000
1781238496,58.2,2400000,0xe0000
1781238497,58.2,2400000,0xe0000
1781238498,58.7,2400000,0xe0000
1781238499,57.6,2400000,0xe0000
1781238500,58.2,2400000,0xe0000
1781238501,57.6,2400000,0xe0000
1781238502,58.2,2400000,0xe0000
1781238503,57.6,2400000,0xe0000
1781238504,58.2,2400000,0xe0000
1781238505,58.2,2400000,0xe0000
1781238506,58.2,2400000,0xe0000
1781238507,57.6,2400000,0xe0000
1781238508,58.7,2400000,0xe0000
1781238509,58.7,2400000,0xe0000
1781238510,58.7,2400000,0xe0000
1781238512,58.2,2400000,0xe0000
1781238513,58.2,2400000,0xe0000
1781238514,58.2,2400000,0xe0000
1781238515,58.2,2400000,0xe0000
1781238516,58.7,2400000,0xe0000
1781238517,58.2,2400000,0xe0000
1781238518,58.2,2400000,0xe0000
1781238519,58.7,2400000,0xe0000
1781238520,58.2,2400000,0xe0000
1781238521,57.6,2400000,0xe0000
1781238522,58.2,2400000,0xe0000
1781238523,57.6,2400000,0xe0000
1781238524,59.3,2400000,0xe0000
1781238525,58.7,2400000,0xe0000
1781238526,57.6,2400000,0xe0000
1781238527,58.7,2400000,0xe0000
1781238528,58.7,2400000,0xe0000
1781238529,58.2,2400000,0xe0000
1781238530,58.7,2400000,0xe0000
1781238531,58.2,2400000,0xe0000
1781238532,58.2,2400000,0xe0000
1781238534,58.2,2400000,0xe0000
1781238535,58.7,2400000,0xe0000
1781238536,58.2,2400000,0xe0000
1781238537,58.2,2400000,0xe0000
1781238538,58.2,2400000,0xe0000
1781238539,58.2,2400000,0xe0000
1781238540,58.2,2400000,0xe0000
1781238541,58.2,2400000,0xe0000
1781238542,58.2,2400000,0xe0000
1781238543,58.7,2400000,0xe0000
1781238544,57.6,2400000,0xe0000
1781238545,57.6,2400000,0xe0000
1781238546,57.6,2400000,0xe0000
1781238547,58.2,2400000,0xe0000
1781238548,58.2,2400000,0xe0000
1781238549,58.7,2400000,0xe0000
1781238550,58.2,2400000,0xe0000
1781238551,57.6,2400000,0xe0000
1781238552,58.2,2400000,0xe0000
1781238553,58.2,2400000,0xe0000
1781238554,58.2,2400000,0xe0000
1781238555,58.7,2400000,0xe0000
1781238556,58.2,2400000,0xe0000
1781238557,58.7,2400000,0xe0000
1781238558,58.2,2400000,0xe0000
1781238559,58.2,2400000,0xe0000
1781238560,58.7,2400000,0xe0000
1781238562,58.2,2400000,0xe0000
1781238563,58.2,2400000,0xe0000
1781238564,57.6,2400000,0xe0000
1781238565,58.2,2400000,0xe0000
1781238566,58.2,2400000,0xe0000
1781238567,58.2,2400000,0xe0000
1781238568,58.2,2400000,0xe0000
1781238569,57.6,2400000,0xe0000
1781238570,57.6,2400000,0xe0000
1781238571,58.2,2400000,0xe0000
1781238572,58.2,2400000,0xe0000
1781238573,58.2,2400000,0xe0000
1781238574,58.7,2400000,0xe0000
1781238575,58.2,2400000,0xe0000
1781238576,58.7,2400000,0xe0000
1781238577,57.6,2400000,0xe0000
1781238578,58.2,2400000,0xe0000
1781238579,58.7,2400000,0xe0000
1781238580,58.2,2400000,0xe0000
1781238581,58.2,2400000,0xe0000
1781238582,58.2,2400000,0xe0000
1781238583,58.7,2400000,0xe0000
1781238584,58.2,2400000,0xe0000
1781238585,58.2,2400000,0xe0000
1781238586,58.7,2400000,0xe0000
1781238588,58.2,2400000,0xe0000
1781238589,58.2,2400000,0xe0000
1781238590,58.7,2400000,0xe0000
1781238591,58.7,2400000,0xe0000
1781238592,59.3,2400000,0xe0000
1781238593,58.2,2400000,0xe0000
1781238594,58.2,2400000,0xe0000
1781238595,58.7,2400000,0xe0000
1781238596,58.2,2400000,0xe0000
1781238597,58.2,2400000,0xe0000
1781238598,58.7,2400000,0xe0000
1781238599,57.6,2400000,0xe0000
1781238600,58.2,2400000,0xe0000
1781238601,58.7,2400000,0xe0000
1781238602,58.2,2400000,0xe0000
1781238603,58.7,2400000,0xe0000
1781238604,59.3,2400000,0xe0000
1781238605,58.2,2400000,0xe0000
1781238607,58.2,2400000,0xe0000
1781238608,58.7,2400000,0xe0000
1781238609,58.7,2400000,0xe0000
1781238610,58.7,2400000,0xe0000
1781238611,58.2,2400000,0xe0000
1781238612,58.2,2400000,0xe0000
1781238613,57.6,2400000,0xe0000
1781238614,58.7,2400000,0xe0000
1781238615,57.6,2400000,0xe0000
1781238616,58.2,2400000,0xe0000
1781238617,58.7,2400000,0xe0000
1781238618,57.6,2400000,0xe0000
1781238619,58.7,2400000,0xe0000
1781238620,58.2,2400000,0xe0000
1781238621,58.2,2400000,0xe0000
1781238622,58.2,2400000,0xe0000
1781238623,58.2,2400000,0xe0000
1781238624,58.2,2400000,0xe0000
1781238625,58.2,2400000,0xe0000
1781238626,58.2,2400000,0xe0000
1781238627,58.7,2400000,0xe0000
1781238628,58.2,2400000,0xe0000
1781238629,58.2,2400000,0xe0000
1781238631,58.7,2400000,0xe0000
1781238632,58.7,2400000,0xe0000
1781238633,58.2,2400000,0xe0000
1781238634,57.6,2400000,0xe0000
1781238635,58.2,2400000,0xe0000
1781238636,58.2,2400000,0xe0000
1781238637,56.5,2400000,0xe0000
1781238638,58.2,2400000,0xe0000
1781238639,57.6,2400000,0xe0000
1781238640,58.2,2400000,0xe0000
1781238641,58.7,2400000,0xe0000
1781238642,58.7,2400000,0xe0000
1781238643,58.7,2400000,0xe0000
1781238644,58.7,2400000,0xe0000
1781238645,58.7,2400000,0xe0000
1781238646,58.2,2400000,0xe0000
1781238648,57.6,2400000,0xe0000
1781238649,58.7,2400000,0xe0000
1781238650,57.1,2400000,0xe0000
1781238651,58.2,2400000,0xe0000
1781238652,57.6,2400000,0xe0000
1781238653,58.7,2400000,0xe0000
1781238654,58.2,2400000,0xe0000
1781238655,57.6,2400000,0xe0000
1781238656,57.6,2400000,0xe0000
1781238657,58.7,2400000,0xe0000
1781238658,59.3,2400000,0xe0000
1781238659,58.7,2400000,0xe0000
1781238660,59.3,2400000,0xe0000
1781238661,58.2,2400000,0xe0000
1781238662,57.6,2400000,0xe0000
1781238663,57.1,2400000,0xe0000
1781238664,58.2,2400000,0xe0000
1781238665,57.6,2400000,0xe0000
1781238666,57.6,2400000,0xe0000
1781238667,58.2,2400000,0xe0000
1781238668,58.2,2400000,0xe0000
1781238669,58.2,2400000,0xe0000
1781238670,58.2,2400000,0xe0000
1781238671,57.6,2400000,0xe0000
1781238672,58.2,2400000,0xe0000
1781238673,58.2,2400000,0xe0000
1781238675,58.2,2400000,0xe0000
1781238676,57.6,2400000,0xe0000
1781238677,58.7,2400000,0xe0000
1781238678,57.6,2400000,0xe0000
1781238679,58.2,2400000,0xe0000
1781238680,58.2,2400000,0xe0000
1781238681,58.2,2400000,0xe0000
1781238682,58.7,2400000,0xe0000
1781238683,58.2,2400000,0xe0000
1781238684,57.6,2400000,0xe0000
1781238685,58.2,2400000,0xe0000
1781238686,58.2,2400000,0xe0000
1781238687,58.2,2400000,0xe0000
1781238688,58.7,2400000,0xe0000
1781238689,57.6,2400000,0xe0000
1781238690,58.7,2400000,0xe0000
1781238691,58.2,2400000,0xe0000
1781238692,58.2,2400000,0xe0000
1781238693,58.2,2400000,0xe0000
1781238695,57.6,2400000,0xe0000
1781238696,59.3,2400000,0xe0000
1781238697,58.2,2400000,0xe0000
1781238698,58.2,2400000,0xe0000
1781238699,58.2,2400000,0xe0000
1781238700,57.6,2400000,0xe0000
1781238701,58.2,2400000,0xe0000
1781238702,57.6,2400000,0xe0000
1781238703,58.2,2400000,0xe0000
1781238704,58.2,2400000,0xe0000
1781238705,58.2,2400000,0xe0000
1781238706,57.6,2400000,0xe0000
1781238707,58.2,2400000,0xe0000
1781238708,58.2,2400000,0xe0000
1781238709,58.2,2400000,0xe0000
1781238710,58.2,2400000,0xe0000
1781238711,57.6,2400000,0xe0000
1781238712,58.2,2400000,0xe0000
1781238713,58.2,2400000,0xe0000
1781238714,58.7,2400000,0xe0000
1781238715,58.7,2400000,0xe0000
1781238716,58.2,2400000,0xe0000
1781238717,58.2,2400000,0xe0000
1781238718,58.2,2400000,0xe0000
1781238719,57.6,2400000,0xe0000
1781238720,58.7,2400000,0xe0000
1781238721,58.7,2400000,0xe0000
1781238722,58.7,2400000,0xe0000
1781238723,58.2,2400000,0xe0000
1781238724,58.2,2400000,0xe0000
1781238725,56.5,2400000,0xe0000
1781238727,57.6,2400000,0xe0000
1781238728,57.6,2400000,0xe0000
1781238729,58.2,2400000,0xe0000
1781238730,58.2,2400000,0xe0000
1781238731,57.6,2400000,0xe0000
1781238732,57.6,2400000,0xe0000
1781238733,58.7,2400000,0xe0000
1781238734,58.2,2400000,0xe0000
1781238735,57.6,2400000,0xe0000
1781238736,57.1,2400000,0xe0000
1781238737,58.2,2400000,0xe0000
1781238738,57.6,2400000,0xe0000
1781238739,57.1,2400000,0xe0000
1781238740,58.2,2400000,0xe0000
1781238741,58.7,2400000,0xe0000
1781238742,57.6,2400000,0xe0000
1781238743,58.2,2400000,0xe0000
1781238744,58.7,2400000,0xe0000
1781238745,58.2,2400000,0xe0000
1781238746,58.2,2400000,0xe0000
1781238747,59.3,2400000,0xe0000
1781238749,58.2,2400000,0xe0000
1781238750,58.2,2400000,0xe0000
1781238751,59.3,2400000,0xe0000
1781238752,58.2,2400000,0xe0000
1781238753,58.2,2400000,0xe0000
1781238754,58.7,2400000,0xe0000
1781238755,58.7,2400000,0xe0000
1781238756,58.2,2400000,0xe0000
1781238757,58.7,2400000,0xe0000
1781238758,58.2,2400000,0xe0000
1781238759,58.7,2400000,0xe0000
1781238760,58.2,2400000,0xe0000
1781238761,58.2,2400000,0xe0000
1781238762,58.2,2400000,0xe0000
1781238763,58.7,2400000,0xe0000
1781238764,57.6,2400000,0xe0000
1781238765,58.7,2400000,0xe0000
1781238766,58.7,2400000,0xe0000
1781238767,58.7,2400000,0xe0000
1781238769,58.2,2400000,0xe0000
1781238770,58.2,2400000,0xe0000
1781238771,58.2,2400000,0xe0000
1781238772,57.6,2400000,0xe0000
1781238773,58.2,2400000,0xe0000
1781238774,57.6,2400000,0xe0000
1781238775,58.7,2400000,0xe0000
1781238776,58.7,2400000,0xe0000
1781238777,57.1,2400000,0xe0000
1781238778,57.6,2400000,0xe0000
1781238779,58.2,2400000,0xe0000
1781238780,58.7,2400000,0xe0000
1781238781,58.2,2400000,0xe0000
1781238782,58.7,2400000,0xe0000
1781238783,57.1,2400000,0xe0000
1781238784,57.6,2400000,0xe0000
1781238785,58.7,2400000,0xe0000
1781238786,57.6,2400000,0xe0000
1781238787,57.6,2400000,0xe0000
1781238788,58.2,2400000,0xe0000
1781238789,57.6,2400000,0xe0000
1781238791,58.2,2400000,0xe0000
1781238792,58.7,2400000,0xe0000
1781238793,57.6,2400000,0xe0000
1781238794,58.2,2400000,0xe0000
1781238795,58.2,2400000,0xe0000
1781238796,58.2,2400000,0xe0000
1781238797,57.6,2400000,0xe0000
1781238798,58.2,2400000,0xe0000
1781238799,58.2,2400000,0xe0000
1781238800,58.2,2400000,0xe0000
1781238801,58.2,2400000,0xe0000
1781238802,58.7,2400000,0xe0000
1781238803,58.2,2400000,0xe0000
1781238804,58.7,2400000,0xe0000
1781238805,57.6,2400000,0xe0000
1781238806,57.6,2400000,0xe0000
1781238807,58.2,2400000,0xe0000
1781238808,58.2,2400000,0xe0000
1781238809,57.6,2400000,0xe0000
1781238810,57.6,2400000,0xe0000
1781238811,58.2,2400000,0xe0000
1781238812,58.2,2400000,0xe0000
1781238813,57.6,2400000,0xe0000
1781238814,57.6,2400000,0xe0000
1781238815,57.6,2400000,0xe0000
1781238816,58.2,2400000,0xe0000
1781238817,57.6,2400000,0xe0000
1781238818,58.7,2400000,0xe0000
1781238820,57.6,2400000,0xe0000
1781238821,58.2,2400000,0xe0000
1781238822,57.1,2400000,0xe0000
1781238823,57.6,2400000,0xe0000
1781238824,58.7,2400000,0xe0000
1781238825,58.2,2400000,0xe0000
1781238826,58.7,2400000,0xe0000
1781238827,58.2,2400000,0xe0000
1781238828,58.2,2400000,0xe0000
1781238829,58.2,2400000,0xe0000
1781238830,58.7,2400000,0xe0000
1781238831,58.7,2400000,0xe0000
1781238832,58.2,2400000,0xe0000
1781238833,58.2,2400000,0xe0000
1781238834,58.7,2400000,0xe0000
1781238835,57.6,2400000,0xe0000
1781238836,58.2,2400000,0xe0000
1781238837,57.6,2400000,0xe0000
1781238838,57.6,2400000,0xe0000
1781238839,58.2,2400000,0xe0000
1781238840,57.6,2400000,0xe0000
1781238841,58.2,2400000,0xe0000
1781238842,58.2,2400000,0xe0000
1781238844,58.7,2400000,0xe0000
1781238845,58.7,2400000,0xe0000
1781238846,58.2,2400000,0xe0000
1781238847,57.6,2400000,0xe0000
1781238848,58.2,2400000,0xe0000
1781238849,58.7,2400000,0xe0000
1781238850,58.2,2400000,0xe0000
1781238851,57.6,2400000,0xe0000
1781238852,58.7,2400000,0xe0000
1781238853,58.2,2400000,0xe0000
1781238854,57.6,2400000,0xe0000
1781238855,58.2,2400000,0xe0000
1781238856,57.6,2400000,0xe0000
1781238857,57.6,2400000,0xe0000
1781238858,58.2,2400000,0xe0000
1781238859,58.2,2400000,0xe0000
1781238860,59.3,2400000,0xe0000
1781238861,57.6,2400000,0xe0000
1781238862,57.6,2400000,0xe0000
1781238863,58.2,2400000,0xe0000
1781238864,57.6,2400000,0xe0000
1781238865,57.6,2400000,0xe0000
1781238867,58.2,2400000,0xe0000
1781238868,58.2,2400000,0xe0000
1781238869,58.7,2400000,0xe0000
1781238870,57.6,2400000,0xe0000
1781238871,58.2,2400000,0xe0000
1781238872,57.6,2400000,0xe0000
1781238873,58.7,2400000,0xe0000
1781238874,58.2,2400000,0xe0000
1781238875,58.7,2400000,0xe0000
1781238876,58.7,2400000,0xe0000
1781238877,58.2,2400000,0xe0000
1781238878,58.2,2400000,0xe0000
1781238879,58.2,2400000,0xe0000
1781238880,58.2,2400000,0xe0000
1781238881,58.2,2400000,0xe0000
1781238882,58.2,2400000,0xe0000
1781238883,58.2,2400000,0xe0000
1781238884,58.2,2400000,0xe0000
1781238885,58.7,2400000,0xe0000
1781238886,58.7,2400000,0xe0000
1781238887,58.2,2400000,0xe0000
1781238888,58.2,2400000,0xe0000
1781238889,58.7,2400000,0xe0000
1781238890,58.2,2400000,0xe0000
1781238891,58.2,2400000,0xe0000
1781238893,58.7,2400000,0xe0000
1781238894,58.7,2400000,0xe0000
1781238895,58.2,2400000,0xe0000
1781238896,58.2,2400000,0xe0000
1781238897,58.2,2400000,0xe0000
1781238898,58.7,2400000,0xe0000
1781238899,58.2,2400000,0xe0000
1781238900,58.2,2400000,0xe0000
1781238901,57.1,2400000,0xe0000
1781238902,57.1,2400000,0xe0000
1781238903,58.2,2400000,0xe0000
1781238904,58.2,2400000,0xe0000
1781238905,58.2,2400000,0xe0000
1781238906,58.7,2400000,0xe0000
1781238907,58.2,2400000,0xe0000
1781238908,58.2,2400000,0xe0000
1781238909,58.7,2400000,0xe0000
1781238910,58.2,2400000,0xe0000
1781238911,57.6,2400000,0xe0000
1781238912,57.6,2400000,0xe0000
1781238914,58.7,2400000,0xe0000
1781238915,57.6,2400000,0xe0000
1781238916,58.2,2400000,0xe0000
1781238917,58.7,2400000,0xe0000
1781238918,57.6,2400000,0xe0000
1781238919,57.6,2400000,0xe0000
1781238920,58.7,2400000,0xe0000
1781238921,57.6,2400000,0xe0000
1781238922,58.2,2400000,0xe0000
1781238923,58.2,2400000,0xe0000
1781238924,56.5,2400000,0xe0000
1781238925,58.2,2400000,0xe0000
1781238926,58.2,2400000,0xe0000
1781238927,58.2,2400000,0xe0000
1781238928,58.2,2400000,0xe0000
1781238929,58.2,2400000,0xe0000
1781238930,57.1,2400000,0xe0000
1781238931,58.7,2400000,0xe0000
1781238932,58.2,2400000,0xe0000
1781238933,58.2,2400000,0xe0000
1781238934,58.7,2400000,0xe0000
1781238935,58.2,2400000,0xe0000
1781238936,57.6,2400000,0xe0000
1781238937,58.2,2400000,0xe0000
1781238938,57.6,2400000,0xe0000
1781238939,58.7,2400000,0xe0000
1781238940,58.7,2400000,0xe0000
1781238941,57.6,2400000,0xe0000
1781238942,58.7,2400000,0xe0000
1781238943,57.6,2400000,0xe0000
1781238945,57.6,2400000,0xe0000
1781238946,58.2,2400000,0xe0000
1781238947,58.2,2400000,0xe0000
1781238948,57.6,2400000,0xe0000
1781238949,58.2,2400000,0xe0000
1781238950,56.5,2400000,0xe0000
1781238951,58.2,2400000,0xe0000
1781238952,57.6,2400000,0xe0000
1781238953,57.6,2400000,0xe0000
1781238954,58.2,2400000,0xe0000
1781238955,58.2,2400000,0xe0000
1781238956,58.7,2400000,0xe0000
1781238957,58.2,2400000,0xe0000
1781238958,58.2,2400000,0xe0000
1781238959,58.2,2400000,0xe0000
1781238960,58.2,2400000,0xe0000
1781238961,58.2,2400000,0xe0000
1781238963,58.2,2400000,0xe0000
1781238964,58.2,2400000,0xe0000
1781238965,58.2,2400000,0xe0000
1781238966,57.6,2400000,0xe0000
1781238967,57.1,2400000,0xe0000
1781238968,58.2,2400000,0xe0000
1781238969,58.7,2400000,0xe0000
1781238970,58.2,2400000,0xe0000
1781238971,58.7,2400000,0xe0000
1781238972,58.2,2400000,0xe0000
1781238973,58.7,2400000,0xe0000
1781238974,57.6,2400000,0xe0000
1781238975,57.6,2400000,0xe0000
1781238976,58.7,2400000,0xe0000
1781238977,57.6,2400000,0xe0000
1781238978,57.6,2400000,0xe0000
1781238979,57.6,2400000,0xe0000
1781238980,58.2,2400000,0xe0000
1781238981,56.5,2400000,0xe0000
1781238982,57.6,2400000,0xe0000
1781238983,58.2,2400000,0xe0000
1781238985,57.6,2400000,0xe0000
1781238986,57.6,2400000,0xe0000
1781238987,58.2,2400000,0xe0000
1781238988,57.6,2400000,0xe0000
1781238989,58.2,2400000,0xe0000
1781238990,58.2,2400000,0xe0000
1781238991,58.7,2400000,0xe0000
1781238992,58.2,2400000,0xe0000
1781238993,58.2,2400000,0xe0000
1781238994,58.2,2400000,0xe0000
1781238995,58.2,2400000,0xe0000
1781238996,58.2,2400000,0xe0000
1781238997,57.6,2400000,0xe0000
1781238998,58.2,2400000,0xe0000
1781238999,58.2,2400000,0xe0000
1781239000,58.2,2400000,0xe0000
1781239001,58.2,2400000,0xe0000
1781239002,57.6,2400000,0xe0000
1781239003,58.2,2400000,0xe0000
1781239004,58.2,2400000,0xe0000
1781239006,58.7,2400000,0xe0000
1781239007,58.2,2400000,0xe0000
1781239008,57.6,2400000,0xe0000
1781239009,58.2,2400000,0xe0000
1781239010,58.2,2400000,0xe0000
1781239011,57.6,2400000,0xe0000
1781239012,58.2,2400000,0xe0000
1781239013,58.2,2400000,0xe0000
1781239014,58.2,2400000,0xe0000
1781239015,58.2,2400000,0xe0000
1781239016,57.1,2400000,0xe0000
1781239017,57.6,2400000,0xe0000
1781239018,58.7,2400000,0xe0000
1781239019,57.1,2400000,0xe0000
1781239020,58.7,2400000,0xe0000
1781239021,58.2,2400000,0xe0000
1781239022,58.2,2400000,0xe0000
1781239023,57.6,2400000,0xe0000
1781239024,58.2,2400000,0xe0000
1781239025,58.7,2400000,0xe0000
1781239026,57.6,2400000,0xe0000
1781239027,57.6,2400000,0xe0000
1781239028,58.2,2400000,0xe0000
1781239029,58.2,2400000,0xe0000
1781239030,58.7,2400000,0xe0000
1781239031,58.7,2400000,0xe0000
1781239033,58.2,2400000,0xe0000
1781239034,57.6,2400000,0xe0000
1781239035,58.2,2400000,0xe0000
1781239036,58.7,2400000,0xe0000
1781239037,59.3,2400000,0xe0000
1781239038,58.2,2400000,0xe0000
1781239039,58.2,2400000,0xe0000
1781239040,57.1,2400000,0xe0000
1781239041,57.6,2400000,0xe0000
1781239042,58.2,2400000,0xe0000
1781239043,58.2,2400000,0xe0000
1781239044,57.6,2400000,0xe0000
1781239045,57.1,2400000,0xe0000
1781239046,58.7,2400000,0xe0000
1781239047,58.2,2400000,0xe0000
1781239048,57.6,2400000,0xe0000
1781239049,57.6,2400000,0xe0000
1781239050,58.2,2400000,0xe0000
1781239051,58.2,2400000,0xe0000
1781239052,57.6,2400000,0xe0000
1781239053,57.6,2400000,0xe0000
1781239054,58.2,2400000,0xe0000
1781239055,57.6,2400000,0xe0000
1781239056,57.6,2400000,0xe0000
1781239058,58.2,2400000,0xe0000
1781239059,58.2,2400000,0xe0000
1781239060,57.1,2400000,0xe0000
1781239061,58.7,2400000,0xe0000
1781239062,58.7,2400000,0xe0000
1781239063,58.7,2400000,0xe0000
1781239064,57.6,2400000,0xe0000
1781239065,58.2,2400000,0xe0000
1781239066,58.2,2400000,0xe0000
1781239067,58.2,2400000,0xe0000
1781239068,58.2,2400000,0xe0000
1781239069,58.2,2400000,0xe0000
1781239070,57.6,2400000,0xe0000
1781239071,57.6,2400000,0xe0000
1781239072,57.6,2400000,0xe0000
1781239073,58.2,2400000,0xe0000
1781239074,57.6,2400000,0xe0000
1781239076,57.6,2400000,0xe0000
1781239077,58.2,2400000,0xe0000
1781239078,58.2,2400000,0xe0000
1781239079,58.2,2400000,0xe0000
1781239080,58.2,2400000,0xe0000
1781239081,58.2,2400000,0xe0000
1781239082,57.6,2400000,0xe0000
1781239083,58.2,2400000,0xe0000
1781239084,58.2,2400000,0xe0000
1781239085,57.6,2400000,0xe0000
1781239086,58.2,2400000,0xe0000
1781239087,57.6,2400000,0xe0000
1781239088,58.2,2400000,0xe0000
1781239089,57.6,2400000,0xe0000
1781239090,58.2,2400000,0xe0000
1781239091,57.6,2400000,0xe0000
1781239092,58.2,2400000,0xe0000
1781239093,57.1,2400000,0xe0000
1781239094,57.6,2400000,0xe0000
1781239095,57.1,2400000,0xe0000
1781239096,57.1,2400000,0xe0000
1781239097,58.2,2400000,0xe0000
1781239098,58.2,2400000,0xe0000
1781239099,58.2,2400000,0xe0000
1781239100,58.2,2400000,0xe0000
1781239101,58.2,2400000,0xe0000
1781239102,58.2,2400000,0xe0000
1781239103,58.7,2400000,0xe0000
1781239104,57.6,2400000,0xe0000
1781239105,57.6,2400000,0xe0000
1781239106,58.2,2400000,0xe0000
1781239107,58.7,2400000,0xe0000
1781239108,58.2,2400000,0xe0000
1781239110,58.2,2400000,0xe0000
1781239111,57.6,2400000,0xe0000
1781239112,57.6,2400000,0xe0000
1781239113,58.2,2400000,0xe0000
1781239114,58.7,2400000,0xe0000
1781239115,58.2,2400000,0xe0000
1781239116,58.2,2400000,0xe0000
1781239117,58.2,2400000,0xe0000
1781239118,58.2,2400000,0xe0000
1781239119,57.6,2400000,0xe0000
1781239120,57.6,2400000,0xe0000
1781239121,57.6,2400000,0xe0000
1781239122,58.7,2400000,0xe0000
1781239123,57.6,2400000,0xe0000
1781239124,57.6,2400000,0xe0000
1781239125,58.2,2400000,0xe0000
1781239126,58.2,2400000,0xe0000
1781239127,57.6,2400000,0xe0000
1781239128,58.2,2400000,0xe0000
1781239129,58.2,2400000,0xe0000
1781239130,57.1,2400000,0xe0000
1781239131,57.6,2400000,0xe0000
1781239132,57.1,2400000,0xe0000
1781239134,57.6,2400000,0xe0000
1781239135,58.2,2400000,0xe0000
1781239136,57.6,2400000,0xe0000
1781239137,57.6,2400000,0xe0000
1781239138,58.2,2400000,0xe0000
1781239139,58.2,2400000,0xe0000
1781239140,58.2,2400000,0xe0000
1781239141,58.7,2400000,0xe0000
1781239142,58.7,2400000,0xe0000
1781239143,58.2,2400000,0xe0000
1781239144,57.1,2400000,0xe0000
1781239145,58.2,2400000,0xe0000
1781239146,58.2,2400000,0xe0000
1781239147,58.2,2400000,0xe0000
1781239148,57.1,2400000,0xe0000
1781239149,57.6,2400000,0xe0000
1781239150,58.2,2400000,0xe0000
1781239151,57.6,2400000,0xe0000
1781239152,57.6,2400000,0xe0000
1781239154,58.7,2400000,0xe0000
1781239155,58.2,2400000,0xe0000
1781239156,58.2,2400000,0xe0000
1781239157,58.2,2400000,0xe0000
1781239158,58.7,2400000,0xe0000
1781239159,57.6,2400000,0xe0000
1781239160,56.5,2400000,0xe0000
1781239161,58.2,2400000,0xe0000
1781239162,58.2,2400000,0xe0000
1781239163,58.2,2400000,0xe0000
1781239164,58.2,2400000,0xe0000
1781239165,57.6,2400000,0xe0000
1781239166,58.2,2400000,0xe0000
1781239167,58.2,2400000,0xe0000
1781239168,57.1,2400000,0xe0000
1781239169,58.2,2400000,0xe0000
1781239170,57.6,2400000,0xe0000
1781239171,58.2,2400000,0xe0000
1781239172,57.6,2400000,0xe0000
1781239173,58.2,2400000,0xe0000
1781239174,58.2,2400000,0xe0000
1781239175,58.2,2400000,0xe0000
1781239176,57.6,2400000,0xe0000
1781239177,58.2,2400000,0xe0000
1781239178,57.6,2400000,0xe0000
1781239179,57.6,2400000,0xe0000
1781239180,58.2,2400000,0xe0000
1781239181,58.2,2400000,0xe0000
1781239183,58.2,2400000,0xe0000
1781239184,58.2,2400000,0xe0000
1781239185,58.2,2400000,0xe0000
1781239186,57.1,2400000,0xe0000
1781239187,57.6,2400000,0xe0000
1781239188,57.6,2400000,0xe0000
1781239189,57.6,2400000,0xe0000
1781239190,58.7,2400000,0xe0000
1781239191,57.6,2400000,0xe0000
1781239192,57.6,2400000,0xe0000
1781239193,57.6,2400000,0xe0000
1781239194,58.2,2400000,0xe0000
1781239195,57.6,2400000,0xe0000
1781239196,57.6,2400000,0xe0000
1781239197,58.2,2400000,0xe0000
1781239198,57.6,2400000,0xe0000
1781239199,58.2,2400000,0xe0000
1781239200,57.6,2400000,0xe0000
1781239201,58.2,2400000,0xe0000
1781239202,58.2,2400000,0xe0000
1781239203,58.7,2400000,0xe0000
1781239204,57.6,2400000,0xe0000
1781239205,58.2,2400000,0xe0000
1781239206,58.2,2400000,0xe0000
1781239207,58.2,2400000,0xe0000
1781239208,57.6,2400000,0xe0000
1781239209,58.2,2400000,0xe0000
1781239211,57.6,2400000,0xe0000
1781239212,58.2,2400000,0xe0000
1781239213,58.2,2400000,0xe0000
1781239214,58.2,2400000,0xe0000
1781239215,57.6,2400000,0xe0000
1781239216,57.6,2400000,0xe0000
1781239217,57.6,2400000,0xe0000
1781239218,58.2,2400000,0xe0000
1781239219,58.2,2400000,0xe0000
1781239220,58.7,2400000,0xe0000
1781239221,57.6,2400000,0xe0000
1781239222,58.2,2400000,0xe0000
1781239223,58.2,2400000,0xe0000
1781239224,58.2,2400000,0xe0000
1781239225,57.6,2400000,0xe0000
1781239226,58.7,2400000,0xe0000
1781239227,58.7,2400000,0xe0000
1781239228,57.6,2400000,0xe0000
1781239229,58.2,2400000,0xe0000
1781239231,57.6,2400000,0xe0000
1781239232,58.2,2400000,0xe0000
1781239233,58.2,2400000,0xe0000
1781239234,57.6,2400000,0xe0000
1781239235,57.6,2400000,0xe0000
1781239236,58.2,2400000,0xe0000
1781239237,57.6,2400000,0xe0000
1781239238,58.2,2400000,0xe0000
1781239239,58.2,2400000,0xe0000
1781239240,58.2,2400000,0xe0000
1781239241,58.2,2400000,0xe0000
1781239242,58.2,2400000,0xe0000
1781239243,57.6,2400000,0xe0000
1781239244,58.7,2400000,0xe0000
1781239245,58.2,2400000,0xe0000
1781239246,58.2,2400000,0xe0000
1781239247,58.2,2400000,0xe0000
1781239248,58.2,2400000,0xe0000
1781239249,57.1,2400000,0xe0000
1781239250,58.2,2400000,0xe0000
1781239252,58.2,2400000,0xe0000
1781239253,57.6,2400000,0xe0000
1781239254,57.6,2400000,0xe0000
1781239255,58.2,2400000,0xe0000
1781239256,59.3,2400000,0xe0000
1781239257,57.6,2400000,0xe0000
1781239258,58.2,2400000,0xe0000
1781239259,58.2,2400000,0xe0000
1781239260,58.7,2400000,0xe0000
1781239261,58.2,2400000,0xe0000
1781239262,57.6,2400000,0xe0000
1781239263,58.2,2400000,0xe0000
1781239264,57.6,2400000,0xe0000
1781239265,58.7,2400000,0xe0000
1781239266,58.7,2400000,0xe0000
1781239267,58.2,2400000,0xe0000
1781239268,57.6,2400000,0xe0000
1781239269,58.7,2400000,0xe0000
1781239270,56.5,2400000,0xe0000
1781239271,58.7,2400000,0xe0000
1781239272,58.7,2400000,0xe0000
1781239273,58.2,2400000,0xe0000
1781239274,57.6,2400000,0xe0000
1781239275,58.2,2400000,0xe0000
1781239276,58.7,2400000,0xe0000
1781239277,58.2,2400000,0xe0000
1781239278,58.2,2400000,0xe0000
1781239280,58.2,2400000,0xe0000
1781239281,58.2,2400000,0xe0000
1781239282,58.2,2400000,0xe0000
1781239283,58.7,2400000,0xe0000
1781239284,57.6,2400000,0xe0000
1781239285,58.2,2400000,0xe0000
1781239286,58.2,2400000,0xe0000
1781239287,58.7,2400000,0xe0000
1781239288,58.2,2400000,0xe0000
1781239289,58.2,2400000,0xe0000
1781239290,58.2,2400000,0xe0000
1781239291,58.2,2400000,0xe0000
1781239292,58.7,2400000,0xe0000
1781239293,58.2,2400000,0xe0000
1781239294,58.7,2400000,0xe0000
1781239295,58.2,2400000,0xe0000
1781239296,58.2,2400000,0xe0000
1781239297,58.2,2400000,0xe0000
1781239298,57.6,2400000,0xe0000
1781239300,58.2,2400000,0xe0000
1781239301,58.2,2400000,0xe0000
1781239302,57.6,2400000,0xe0000
1781239303,57.1,2400000,0xe0000
1781239304,58.2,2400000,0xe0000
1781239305,58.2,2400000,0xe0000
1781239306,58.7,2400000,0xe0000
1781239307,57.6,2400000,0xe0000
1781239308,58.2,2400000,0xe0000
1781239309,58.2,2400000,0xe0000
1781239310,58.7,2400000,0xe0000
1781239311,58.2,2400000,0xe0000
1781239312,57.6,2400000,0xe0000
1781239313,57.6,2400000,0xe0000
1781239314,56.5,2400000,0xe0000
1781239315,57.6,2400000,0xe0000
1781239316,58.7,2400000,0xe0000
1781239317,57.6,2400000,0xe0000
1781239318,58.2,2400000,0xe0000
1781239319,57.6,2400000,0xe0000
1781239320,58.7,2400000,0xe0000
1781239321,58.7,2400000,0xe0000
1781239322,58.2,2400000,0xe0000
1781239323,58.2,2400000,0xe0000
1781239324,57.6,2400000,0xe0000
1781239326,58.2,2400000,0xe0000
1781239327,58.2,2400000,0xe0000
1781239328,58.2,2400000,0xe0000
1781239329,57.6,2400000,0xe0000
1781239330,58.2,2400000,0xe0000
1781239331,57.6,2400000,0xe0000
1781239332,58.2,2400000,0xe0000
1781239333,57.6,2400000,0xe0000
1781239334,58.2,2400000,0xe0000
1781239335,58.2,2400000,0xe0000
1781239336,58.7,2400000,0xe0000
1781239337,57.1,2400000,0xe0000
1781239338,58.7,2400000,0xe0000
1781239339,58.7,2400000,0xe0000
1781239340,58.7,2400000,0xe0000
1781239341,58.2,2400000,0xe0000
1781239342,58.7,2400000,0xe0000
1781239343,57.6,2400000,0xe0000
1781239344,58.2,2400000,0xe0000
1781239346,58.2,2400000,0xe0000
1781239347,58.2,2400000,0xe0000
1781239348,57.6,2400000,0xe0000
1781239349,58.2,2400000,0xe0000
1781239350,57.6,2400000,0xe0000
1781239351,56.5,2400000,0xe0000
1781239352,57.6,2400000,0xe0000
1781239353,58.2,2400000,0xe0000
1781239354,57.6,2400000,0xe0000
1781239355,58.2,2400000,0xe0000
1781239356,58.7,2400000,0xe0000
1781239357,58.2,2400000,0xe0000
1781239358,58.2,2400000,0xe0000
1781239359,58.7,2400000,0xe0000
1781239360,58.7,2400000,0xe0000
1781239361,57.6,2400000,0xe0000
1781239362,58.7,2400000,0xe0000
1781239363,58.2,2400000,0xe0000
1781239364,57.6,2400000,0xe0000
1781239365,58.7,2400000,0xe0000
1781239366,58.2,2400000,0xe0000
1781239367,58.2,2400000,0xe0000
1781239369,58.7,2400000,0xe0000
1781239370,58.2,2400000,0xe0000
1781239371,57.6,2400000,0xe0000
1781239372,58.7,2400000,0xe0000
1781239373,59.3,2400000,0xe0000
1781239374,58.7,2400000,0xe0000
1781239375,58.2,2400000,0xe0000
1781239376,58.7,2400000,0xe0000
1781239377,58.2,2400000,0xe0000
1781239378,57.6,2400000,0xe0000
1781239379,57.6,2400000,0xe0000
1781239380,58.2,2400000,0xe0000
1781239381,58.2,2400000,0xe0000
1781239382,58.7,2400000,0xe0000
1781239383,57.6,2400000,0xe0000
1781239384,58.2,2400000,0xe0000
1781239385,58.7,2400000,0xe0000
1781239386,57.6,2400000,0xe0000
1781239387,58.2,2400000,0xe0000
1781239388,57.6,2400000,0xe0000
1781239389,57.6,2400000,0xe0000
1781239391,57.6,2400000,0xe0000
1781239392,57.6,2400000,0xe0000
1781239393,57.6,2400000,0xe0000
1781239394,58.2,2400000,0xe0000
1781239395,58.2,2400000,0xe0000
1781239396,58.2,2400000,0xe0000
1781239397,57.6,2400000,0xe0000
1781239398,58.2,2400000,0xe0000
1781239399,58.2,2400000,0xe0000
1781239400,57.6,2400000,0xe0000
1781239401,58.2,2400000,0xe0000
1781239402,58.2,2400000,0xe0000
1781239403,57.6,2400000,0xe0000
1781239404,58.2,2400000,0xe0000
1781239405,58.2,2400000,0xe0000
1781239406,58.2,2400000,0xe0000
1781239407,58.7,2400000,0xe0000
1781239408,57.6,2400000,0xe0000
1781239409,58.2,2400000,0xe0000
1781239410,58.2,2400000,0xe0000
1781239411,58.2,2400000,0xe0000
1781239412,57.1,2400000,0xe0000
1781239413,57.6,2400000,0xe0000
1781239414,57.1,2400000,0xe0000
1781239415,58.2,2400000,0xe0000
1781239416,58.2,2400000,0xe0000
1781239417,58.7,2400000,0xe0000
1781239419,58.2,2400000,0xe0000
1781239420,57.6,2400000,0xe0000
1781239421,58.2,2400000,0xe0000
1781239422,58.2,2400000,0xe0000
1781239423,57.1,2400000,0xe0000
1781239424,58.7,2400000,0xe0000
1781239425,58.2,2400000,0xe0000
1781239426,58.7,2400000,0xe0000
1781239427,58.2,2400000,0xe0000
1781239428,57.6,2400000,0xe0000
1781239429,58.2,2400000,0xe0000
1781239430,57.6,2400000,0xe0000
1781239431,57.6,2400000,0xe0000
1781239432,57.6,2400000,0xe0000
1781239433,58.7,2400000,0xe0000
1781239434,57.6,2400000,0xe0000
1781239435,57.6,2400000,0xe0000
1781239436,58.2,2400000,0xe0000
1781239437,57.6,2400000,0xe0000
1781239438,57.6,2400000,0xe0000
1781239439,58.2,2400000,0xe0000
1781239440,57.6,2400000,0xe0000
1781239441,59.3,2400000,0xe0000
1781239443,58.7,2400000,0xe0000
1781239444,57.6,2400000,0xe0000
1781239445,58.2,2400000,0xe0000
1781239446,58.7,2400000,0xe0000
1781239447,58.2,2400000,0xe0000
1781239448,57.6,2400000,0xe0000
1781239449,57.6,2400000,0xe0000
1781239450,57.6,2400000,0xe0000
1781239451,57.6,2400000,0xe0000
1781239452,58.2,2400000,0xe0000
1781239453,58.2,2400000,0xe0000
1781239454,58.2,2400000,0xe0000
1781239455,58.2,2400000,0xe0000
1781239456,58.2,2400000,0xe0000
1781239457,57.6,2400000,0xe0000
1781239458,58.2,2400000,0xe0000
1781239459,57.6,2400000,0xe0000
1781239460,58.2,2400000,0xe0000
1781239462,58.2,2400000,0xe0000
1781239463,58.7,2400000,0xe0000
1781239464,58.7,2400000,0xe0000
1781239465,58.2,2400000,0xe0000
1781239466,57.6,2400000,0xe0000
1781239467,57.6,2400000,0xe0000
1781239468,58.2,2400000,0xe0000
1781239469,57.6,2400000,0xe0000
1781239470,57.6,2400000,0xe0000
1781239471,58.7,2400000,0xe0000
1781239472,58.7,2400000,0xe0000
1781239473,58.2,2400000,0xe0000
1781239474,58.2,2400000,0xe0000
1781239475,58.2,2400000,0xe0000
1781239476,58.7,2400000,0xe0000
1781239477,58.2,2400000,0xe0000
1781239478,58.7,2400000,0xe0000
1781239479,57.6,2400000,0xe0000
1781239480,57.6,2400000,0xe0000
1781239481,57.6,2400000,0xe0000
1781239482,58.2,2400000,0xe0000
1781239483,58.2,2400000,0xe0000
1781239484,58.2,2400000,0xe0000
1781239485,57.6,2400000,0xe0000
1781239486,58.2,2400000,0xe0000
1781239488,58.2,2400000,0xe0000
1781239489,57.6,2400000,0xe0000
1781239490,59.3,2400000,0xe0000
1781239491,58.2,2400000,0xe0000
1781239492,58.7,2400000,0xe0000
1781239493,57.6,2400000,0xe0000
1781239494,57.6,2400000,0xe0000
1781239495,58.2,2400000,0xe0000
1781239496,57.6,2400000,0xe0000
1781239497,58.2,2400000,0xe0000
1781239498,58.2,2400000,0xe0000
1781239499,58.7,2400000,0xe0000
1781239500,58.2,2400000,0xe0000
1781239501,58.2,2400000,0xe0000
1781239502,57.6,2400000,0xe0000
1781239503,57.6,2400000,0xe0000
1781239504,57.6,2400000,0xe0000
1781239505,57.6,2400000,0xe0000
1781239506,58.2,2400000,0xe0000
1781239507,57.6,2400000,0xe0000
1781239508,58.2,2400000,0xe0000
1781239510,58.2,2400000,0xe0000
1781239511,57.6,2400000,0xe0000
1781239512,58.2,2400000,0xe0000
1781239513,58.2,2400000,0xe0000
1781239514,57.6,2400000,0xe0000
1781239515,58.7,2400000,0xe0000
1781239516,58.2,2400000,0xe0000
1781239517,58.2,2400000,0xe0000
1781239518,58.7,2400000,0xe0000
1781239519,58.2,2400000,0xe0000
1781239520,57.6,2400000,0xe0000
1781239521,58.2,2400000,0xe0000
1781239522,58.7,2400000,0xe0000
1781239523,57.6,2400000,0xe0000
1781239524,58.2,2400000,0xe0000
1781239525,58.7,2400000,0xe0000
1781239526,57.6,2400000,0xe0000
1781239527,57.6,2400000,0xe0000
1781239528,58.2,2400000,0xe0000
1781239530,57.6,2400000,0xe0000
1781239531,58.2,2400000,0xe0000
1781239532,57.6,2400000,0xe0000
1781239533,58.2,2400000,0xe0000
1781239534,58.2,2400000,0xe0000
1781239535,58.2,2400000,0xe0000
1781239536,57.6,2400000,0xe0000
1781239537,58.7,2400000,0xe0000
1781239538,57.6,2400000,0xe0000
1781239539,58.7,2400000,0xe0000
1781239540,58.2,2400000,0xe0000
1781239541,57.6,2400000,0xe0000
1781239542,57.6,2400000,0xe0000
1781239543,58.7,2400000,0xe0000
1781239544,58.2,2400000,0xe0000
1781239545,57.6,2400000,0xe0000
1781239546,58.2,2400000,0xe0000
1781239547,57.6,2400000,0xe0000
1781239548,58.2,2400000,0xe0000
1781239549,57.6,2400000,0xe0000
1781239550,58.2,2400000,0xe0000
1781239551,58.7,2400000,0xe0000
1781239552,57.6,2400000,0xe0000
1781239553,57.6,2400000,0xe0000
1781239554,58.2,2400000,0xe0000
1781239555,57.6,2400000,0xe0000
1781239556,58.7,2400000,0xe0000
1781239558,58.2,2400000,0xe0000
1781239559,58.2,2400000,0xe0000
1781239560,58.7,2400000,0xe0000
1781239561,57.6,2400000,0xe0000
1781239562,58.2,2400000,0xe0000
1781239563,57.6,2400000,0xe0000
1781239564,58.2,2400000,0xe0000
1781239565,58.7,2400000,0xe0000
1781239566,57.6,2400000,0xe0000
1781239567,58.7,2400000,0xe0000
1781239568,57.6,2400000,0xe0000
1781239569,58.7,2400000,0xe0000
1781239570,57.6,2400000,0xe0000
1781239571,58.2,2400000,0xe0000
1781239572,58.2,2400000,0xe0000
1781239573,57.6,2400000,0xe0000
1781239574,58.7,2400000,0xe0000
1781239575,58.2,2400000,0xe0000
1781239576,58.7,2400000,0xe0000
1781239577,57.6,2400000,0xe0000
1781239578,58.2,2400000,0xe0000
1781239579,58.7,2400000,0xe0000
1781239580,58.2,2400000,0xe0000
1781239581,57.6,2400000,0xe0000
1781239582,57.6,2400000,0xe0000
1781239583,58.2,2400000,0xe0000
1781239584,58.2,2400000,0xe0000
1781239585,58.7,2400000,0xe0000
1781239586,57.6,2400000,0xe0000
1781239587,58.2,2400000,0xe0000
1781239588,58.2,2400000,0xe0000
1781239589,58.7,2400000,0xe0000
1781239591,58.2,2400000,0xe0000
1781239592,58.7,2400000,0xe0000
1781239593,58.2,2400000,0xe0000
1781239594,58.2,2400000,0xe0000
1781239595,58.7,2400000,0xe0000
1781239596,57.6,2400000,0xe0000
1781239597,58.7,2400000,0xe0000
1781239598,58.7,2400000,0xe0000
1781239599,58.2,2400000,0xe0000
1781239600,58.7,2400000,0xe0000
1781239601,57.6,2400000,0xe0000
1781239602,57.6,2400000,0xe0000
1781239603,58.2,2400000,0xe0000
1781239604,58.7,2400000,0xe0000
1781239605,58.7,2400000,0xe0000
1781239606,58.2,2400000,0xe0000
1781239607,57.6,2400000,0xe0000
1781239608,57.1,2400000,0xe0000
1781239609,58.7,2400000,0xe0000
1781239610,58.2,2400000,0xe0000
1781239611,58.7,2400000,0xe0000
1781239613,58.2,2400000,0xe0000
1781239614,58.7,2400000,0xe0000
1781239615,58.7,2400000,0xe0000
1781239616,58.7,2400000,0xe0000
1781239617,58.7,2400000,0xe0000
1781239618,58.7,2400000,0xe0000
1781239619,57.6,2400000,0xe0000
1781239620,58.2,2400000,0xe0000
1781239621,58.7,2400000,0xe0000
1781239622,58.7,2400000,0xe0000
1781239623,58.7,2400000,0xe0000
1781239624,58.7,2400000,0xe0000
1781239625,58.2,2400000,0xe0000
1781239626,58.2,2400000,0xe0000
1781239627,58.2,2400000,0xe0000
1781239628,57.6,2400000,0xe0000
1781239629,57.6,2400000,0xe0000
1781239630,59.3,2400000,0xe0000
1781239631,58.7,2400000,0xe0000
1781239632,58.2,2400000,0xe0000
1781239633,58.7,2400000,0xe0000
1781239634,58.2,2400000,0xe0000
1781239635,58.2,2400000,0xe0000
1781239636,58.7,2400000,0xe0000
1781239637,58.2,2400000,0xe0000
1781239638,58.7,2400000,0xe0000
1781239639,58.2,2400000,0xe0000
1781239640,58.2,2400000,0xe0000
1781239641,58.2,2400000,0xe0000
1781239643,57.1,2400000,0xe0000
1781239644,58.7,2400000,0xe0000
1781239645,58.2,2400000,0xe0000
1781239646,58.7,2400000,0xe0000
1781239647,58.2,2400000,0xe0000
1781239648,58.7,2400000,0xe0000
1781239649,59.3,2400000,0xe0000
1781239650,58.2,2400000,0xe0000
1781239651,58.7,2400000,0xe0000
1781239652,57.1,2400000,0xe0000
1781239653,58.2,2400000,0xe0000
1781239654,58.7,2400000,0xe0000
1781239655,58.2,2400000,0xe0000
1781239656,58.2,2400000,0xe0000
1781239657,59.3,2400000,0xe0000
1781239658,58.7,2400000,0xe0000
1781239659,58.2,2400000,0xe0000
1781239660,58.2,2400000,0xe0000
1781239661,58.7,2400000,0xe0000
1781239662,58.2,2400000,0xe0000
1781239663,58.7,2400000,0xe0000
1781239664,58.2,2400000,0xe0000
1781239666,58.2,2400000,0xe0000
1781239667,57.6,2400000,0xe0000
1781239668,58.7,2400000,0xe0000
1781239669,58.2,2400000,0xe0000
1781239670,58.2,2400000,0xe0000
1781239671,57.6,2400000,0xe0000
1781239672,58.7,2400000,0xe0000
1781239673,57.6,2400000,0xe0000
1781239674,58.2,2400000,0xe0000
1781239675,58.2,2400000,0xe0000
1781239676,58.7,2400000,0xe0000
1781239677,58.7,2400000,0xe0000
1781239678,58.2,2400000,0xe0000
1781239679,58.7,2400000,0xe0000
1781239680,58.2,2400000,0xe0000
1781239681,58.2,2400000,0xe0000
1781239682,57.6,2400000,0xe0000
1781239683,58.2,2400000,0xe0000
1781239684,57.6,2400000,0xe0000
1781239685,58.2,2400000,0xe0000
1781239686,58.2,2400000,0xe0000
1781239687,57.6,2400000,0xe0000
1781239688,58.7,2400000,0xe0000
1781239689,57.6,2400000,0xe0000
1781239690,57.6,2400000,0xe0000
1781239691,58.2,2400000,0xe0000
1781239692,58.2,2400000,0xe0000
1781239694,58.2,2400000,0xe0000
1781239695,58.7,2400000,0xe0000
1781239696,58.2,2400000,0xe0000
1781239697,58.2,2400000,0xe0000
1781239698,57.6,2400000,0xe0000
1781239699,58.2,2400000,0xe0000
1781239700,58.2,2400000,0xe0000
1781239701,58.7,2400000,0xe0000
1781239702,57.6,2400000,0xe0000
1781239703,58.2,2400000,0xe0000
1781239704,58.2,2400000,0xe0000
1781239705,58.2,2400000,0xe0000
1781239706,58.2,2400000,0xe0000
1781239707,58.7,2400000,0xe0000
1781239708,58.7,2400000,0xe0000
1781239709,58.2,2400000,0xe0000
1781239710,57.6,2400000,0xe0000
1781239711,58.2,2400000,0xe0000
1781239712,58.2,2400000,0xe0000
1781239713,57.6,2400000,0xe0000
1781239714,57.6,2400000,0xe0000
1781239715,58.7,2400000,0xe0000
1781239717,58.2,2400000,0xe0000
1781239718,57.6,2400000,0xe0000
1781239719,58.7,2400000,0xe0000
1781239720,58.7,2400000,0xe0000
1781239721,58.2,2400000,0xe0000
1781239722,58.7,2400000,0xe0000
1781239723,59.3,2400000,0xe0000
1781239724,58.7,2400000,0xe0000
1781239725,58.2,2400000,0xe0000
1781239726,58.7,2400000,0xe0000
1781239727,58.2,2400000,0xe0000
1781239728,58.7,2400000,0xe0000
1781239729,58.7,2400000,0xe0000
1781239730,58.2,2400000,0xe0000
1781239731,58.2,2400000,0xe0000
1781239732,58.7,2400000,0xe0000
1781239733,58.2,2400000,0xe0000
1781239734,58.2,2400000,0xe0000
1781239735,58.2,2400000,0xe0000
1781239736,58.2,2400000,0xe0000
1781239737,58.2,2400000,0xe0000
1781239738,57.6,2400000,0xe0000
1781239739,57.1,2400000,0xe0000
1781239740,58.2,2400000,0xe0000
1781239741,58.2,2400000,0xe0000
1781239743,58.7,2400000,0xe0000
1781239744,58.2,2400000,0xe0000
1781239745,57.6,2400000,0xe0000
1781239746,57.6,2400000,0xe0000
1781239747,58.7,2400000,0xe0000
1781239748,57.1,2400000,0xe0000
1781239749,58.7,2400000,0xe0000
1781239750,58.2,2400000,0xe0000
1781239751,58.7,2400000,0xe0000
1781239752,58.2,2400000,0xe0000
1781239753,58.7,2400000,0xe0000
1781239754,58.2,2400000,0xe0000
1781239755,58.2,2400000,0xe0000
1781239756,58.2,2400000,0xe0000
1781239757,59.3,2400000,0xe0000
1781239758,57.6,2400000,0xe0000
1781239759,57.6,2400000,0xe0000
1781239760,58.2,2400000,0xe0000
1781239761,57.6,2400000,0xe0000
1781239763,57.6,2400000,0xe0000
1781239764,58.2,2400000,0xe0000
1781239765,58.7,2400000,0xe0000
1781239766,59.3,2400000,0xe0000
1781239767,57.6,2400000,0xe0000
1781239768,58.2,2400000,0xe0000
1781239769,58.2,2400000,0xe0000
1781239770,57.6,2400000,0xe0000
1781239771,58.2,2400000,0xe0000
1781239772,58.2,2400000,0xe0000
1781239773,58.2,2400000,0xe0000
1781239774,58.7,2400000,0xe0000
1781239775,58.2,2400000,0xe0000
1781239776,57.6,2400000,0xe0000
1781239777,58.2,2400000,0xe0000
1781239778,58.7,2400000,0xe0000
1781239779,58.2,2400000,0xe0000
1781239780,57.6,2400000,0xe0000
1781239781,58.2,2400000,0xe0000
1781239782,58.7,2400000,0xe0000
1781239783,57.1,2400000,0xe0000
1781239784,57.6,2400000,0xe0000
1781239785,59.3,2400000,0xe0000
1781239786,58.2,2400000,0xe0000
1781239787,57.6,2400000,0xe0000
1781239789,57.6,2400000,0xe0000
1781239790,58.2,2400000,0xe0000
1781239791,58.2,2400000,0xe0000
1781239792,57.6,2400000,0xe0000
1781239793,58.7,2400000,0xe0000
1781239794,58.7,2400000,0xe0000
1781239795,57.6,2400000,0xe0000
1781239796,58.7,2400000,0xe0000
1781239797,58.2,2400000,0xe0000
1781239798,58.7,2400000,0xe0000
1781239799,58.2,2400000,0xe0000
1781239800,57.1,2400000,0xe0000
1781239801,58.7,2400000,0xe0000
1781239802,58.2,2400000,0xe0000
1781239803,58.7,2400000,0xe0000
1781239804,58.2,2400000,0xe0000
1781239805,58.2,2400000,0xe0000
1781239807,58.7,2400000,0xe0000
1781239808,58.2,2400000,0xe0000
1781239809,58.7,2400000,0xe0000
1781239810,58.7,2400000,0xe0000
1781239811,58.2,2400000,0xe0000
1781239812,58.7,2400000,0xe0000
1781239813,59.3,2400000,0xe0000
1781239814,57.6,2400000,0xe0000
1781239815,58.7,2400000,0xe0000
1781239816,58.2,2400000,0xe0000
1781239817,57.6,2400000,0xe0000
1781239818,58.2,2400000,0xe0000
1781239819,58.7,2400000,0xe0000
1781239820,58.2,2400000,0xe0000
1781239821,58.7,2400000,0xe0000
1781239822,58.7,2400000,0xe0000
1781239823,57.6,2400000,0xe0000
1781239824,57.6,2400000,0xe0000
1781239825,58.7,2400000,0xe0000
1781239826,58.2,2400000,0xe0000
1781239827,58.2,2400000,0xe0000
1781239828,58.2,2400000,0xe0000
1781239830,58.2,2400000,0xe0000
1781239831,57.1,2400000,0xe0000
1781239832,58.7,2400000,0xe0000
1781239833,57.6,2400000,0xe0000
1781239834,57.6,2400000,0xe0000
1781239835,58.2,2400000,0xe0000
1781239836,58.2,2400000,0xe0000
1781239837,58.2,2400000,0xe0000
1781239838,59.3,2400000,0xe0000
1781239839,57.1,2400000,0xe0000
1781239840,58.2,2400000,0xe0000
1781239841,58.2,2400000,0xe0000
1781239842,58.2,2400000,0xe0000
1781239843,58.7,2400000,0xe0000
1781239844,58.7,2400000,0xe0000
1781239845,58.7,2400000,0xe0000
1781239846,58.7,2400000,0xe0000
1781239847,58.7,2400000,0xe0000
1781239848,58.2,2400000,0xe0000
1781239849,57.6,2400000,0xe0000
1781239850,58.7,2400000,0xe0000
1781239851,57.6,2400000,0xe0000
1781239852,58.7,2400000,0xe0000
1781239853,58.2,2400000,0xe0000
1781239854,58.2,2400000,0xe0000
1781239855,58.2,2400000,0xe0000
1781239856,58.7,2400000,0xe0000
1781239857,57.6,2400000,0xe0000
1781239858,58.2,2400000,0xe0000
1781239860,58.7,2400000,0xe0000
1781239861,59.3,2400000,0xe0000
1781239862,57.6,2400000,0xe0000
1781239863,58.7,2400000,0xe0000
1781239864,58.2,2400000,0xe0000
1781239865,58.2,2400000,0xe0000
1781239866,58.2,2400000,0xe0000
1781239867,58.2,2400000,0xe0000
1781239868,58.7,2400000,0xe0000
1781239869,57.6,2400000,0xe0000
1781239870,58.7,2400000,0xe0000
1781239871,58.7,2400000,0xe0000
1781239872,57.6,2400000,0xe0000
1781239873,58.2,2400000,0xe0000
1781239874,58.2,2400000,0xe0000
1781239875,58.2,2400000,0xe0000
1781239876,58.7,2400000,0xe0000
1781239877,57.6,2400000,0xe0000
1781239878,58.2,2400000,0xe0000
1781239879,58.7,2400000,0xe0000
1781239880,58.2,2400000,0xe0000
1781239881,58.2,2400000,0xe0000
1781239882,58.7,2400000,0xe0000
1781239883,58.2,2400000,0xe0000
1781239884,58.2,2400000,0xe0000
1781239885,57.6,2400000,0xe0000
1781239886,58.2,2400000,0xe0000
1781239887,57.6,2400000,0xe0000
1781239889,58.2,2400000,0xe0000
1781239890,58.2,2400000,0xe0000
1781239891,57.6,2400000,0xe0000
1781239892,58.7,2400000,0xe0000
1781239893,58.2,2400000,0xe0000
1781239894,58.2,2400000,0xe0000
1781239895,58.7,2400000,0xe0000
1781239896,57.6,2400000,0xe0000
1781239897,59.3,2400000,0xe0000
1781239898,58.2,2400000,0xe0000
1781239899,57.6,2400000,0xe0000
1781239900,57.6,2400000,0xe0000
1781239901,58.2,2400000,0xe0000
1781239902,57.6,2400000,0xe0000
1781239903,58.7,2400000,0xe0000
1781239904,57.6,2400000,0xe0000
1781239905,58.7,2400000,0xe0000
1781239906,58.2,2400000,0xe0000
1781239907,58.7,2400000,0xe0000
1781239908,58.7,2400000,0xe0000
1781239909,58.2,2400000,0xe0000
1781239910,59.3,2400000,0xe0000
1781239911,58.2,2400000,0xe0000
1781239912,58.7,2400000,0xe0000
1781239914,58.2,2400000,0xe0000
1781239915,58.2,2400000,0xe0000
1781239916,57.6,2400000,0xe0000
1781239917,57.6,2400000,0xe0000
1781239918,58.7,2400000,0xe0000
1781239919,57.6,2400000,0xe0000
1781239920,58.2,2400000,0xe0000
1781239921,58.7,2400000,0xe0000
1781239922,57.1,2400000,0xe0000
1781239923,58.7,2400000,0xe0000
1781239924,58.7,2400000,0xe0000
1781239925,58.2,2400000,0xe0000
1781239926,58.7,2400000,0xe0000
1781239927,58.7,2400000,0xe0000
1781239928,58.2,2400000,0xe0000
1781239929,58.7,2400000,0xe0000
1781239930,58.2,2400000,0xe0000
1781239931,58.2,2400000,0xe0000
1781239932,58.7,2400000,0xe0000
1781239933,57.6,2400000,0xe0000
1781239934,58.2,2400000,0xe0000
1781239935,58.2,2400000,0xe0000
1781239936,57.1,2400000,0xe0000
1781239937,58.2,2400000,0xe0000
1781239939,57.6,2400000,0xe0000
1781239940,58.7,2400000,0xe0000
1781239941,57.1,2400000,0xe0000
1781239942,58.2,2400000,0xe0000
1781239943,58.2,2400000,0xe0000
1781239944,58.7,2400000,0xe0000
1781239945,57.6,2400000,0xe0000
1781239946,57.6,2400000,0xe0000
1781239947,58.7,2400000,0xe0000
1781239948,58.2,2400000,0xe0000
1781239949,58.2,2400000,0xe0000
1781239950,58.7,2400000,0xe0000
1781239951,58.2,2400000,0xe0000
1781239952,58.2,2400000,0xe0000
1781239953,58.2,2400000,0xe0000
1781239954,57.6,2400000,0xe0000
1781239955,58.2,2400000,0xe0000
1781239956,57.6,2400000,0xe0000
1781239957,58.7,2400000,0xe0000
1781239958,58.2,2400000,0xe0000
1781239959,58.7,2400000,0xe0000
1781239960,57.6,2400000,0xe0000
1781239961,58.7,2400000,0xe0000
1781239963,58.7,2400000,0xe0000
1781239964,57.6,2400000,0xe0000
1781239965,58.7,2400000,0xe0000
1781239966,58.2,2400000,0xe0000
1781239967,58.7,2400000,0xe0000
1781239968,58.7,2400000,0xe0000
1781239969,58.2,2400000,0xe0000
1781239970,58.2,2400000,0xe0000
1781239971,57.6,2400000,0xe0000
1781239972,58.7,2400000,0xe0000
1781239973,59.3,2400000,0xe0000
1781239974,58.2,2400000,0xe0000
1781239975,58.2,2400000,0xe0000
1781239976,58.7,2400000,0xe0000
1781239977,59.3,2400000,0xe0000
1781239978,58.2,2400000,0xe0000
1781239979,57.6,2400000,0xe0000
1781239980,58.7,2400000,0xe0000
1781239981,58.2,2400000,0xe0000
1781239982,57.6,2400000,0xe0000
1781239983,58.7,2400000,0xe0000
1781239984,58.2,2400000,0xe0000
1781239985,59.3,2400000,0xe0000
1781239987,58.2,2400000,0xe0000
1781239988,58.2,2400000,0xe0000
1781239989,58.2,2400000,0xe0000
1781239990,58.2,2400000,0xe0000
1781239991,57.6,2400000,0xe0000
1781239992,57.1,2400000,0xe0000
1781239993,58.2,2400000,0xe0000
1781239994,58.7,2400000,0xe0000
1781239995,58.7,2400000,0xe0000
1781239996,58.7,2400000,0xe0000
1781239997,58.2,2400000,0xe0000
1781239998,58.2,2400000,0xe0000
1781239999,58.2,2400000,0xe0000
1781240000,57.1,2400000,0xe0000
1781240001,58.2,2400000,0xe0000
1781240002,57.6,2400000,0xe0000
1781240003,58.2,2400000,0xe0000
1781240005,58.2,2400000,0xe0000
1781240006,58.7,2400000,0xe0000
1781240007,58.2,2400000,0xe0000
1781240008,57.6,2400000,0xe0000
1781240009,58.7,2400000,0xe0000
1781240010,58.2,2400000,0xe0000
1781240011,57.6,2400000,0xe0000
1781240012,58.2,2400000,0xe0000
1781240013,58.7,2400000,0xe0000
1781240014,58.7,2400000,0xe0000
1781240015,58.7,2400000,0xe0000
1781240016,57.1,2400000,0xe0000
1781240017,58.7,2400000,0xe0000
1781240018,58.7,2400000,0xe0000
1781240019,58.2,2400000,0xe0000
1781240020,58.7,2400000,0xe0000
1781240021,57.6,2400000,0xe0000
1781240022,58.7,2400000,0xe0000
1781240023,57.6,2400000,0xe0000
1781240024,58.7,2400000,0xe0000
1781240025,57.1,2400000,0xe0000
1781240026,58.2,2400000,0xe0000
1781240027,57.6,2400000,0xe0000
1781240028,58.2,2400000,0xe0000
1781240029,58.7,2400000,0xe0000
1781240030,58.2,2400000,0xe0000
1781240031,58.2,2400000,0xe0000
1781240032,58.2,2400000,0xe0000
1781240033,58.2,2400000,0xe0000
1781240035,59.3,2400000,0xe0000
1781240036,58.2,2400000,0xe0000
1781240037,58.2,2400000,0xe0000
1781240038,58.2,2400000,0xe0000
1781240039,58.2,2400000,0xe0000
1781240040,56.5,2400000,0xe0000
1781240041,58.7,2400000,0xe0000
1781240042,57.6,2400000,0xe0000
1781240043,58.7,2400000,0xe0000
1781240044,57.6,2400000,0xe0000
1781240045,58.2,2400000,0xe0000
1781240046,58.7,2400000,0xe0000
1781240047,57.6,2400000,0xe0000
1781240048,58.2,2400000,0xe0000
1781240049,58.7,2400000,0xe0000
1781240050,58.7,2400000,0xe0000
1781240051,56.5,2400000,0xe0000
1781240052,58.2,2400000,0xe0000
1781240053,58.7,2400000,0xe0000
1781240054,57.6,2400000,0xe0000
1781240055,57.6,2400000,0xe0000
1781240056,58.2,2400000,0xe0000
1781240057,58.2,2400000,0xe0000
1781240058,57.6,2400000,0xe0000
1781240059,58.7,2400000,0xe0000
1781240060,58.2,2400000,0xe0000
1781240062,58.7,2400000,0xe0000
1781240063,58.2,2400000,0xe0000
1781240064,58.2,2400000,0xe0000
1781240065,58.2,2400000,0xe0000
1781240066,59.3,2400000,0xe0000
1781240067,58.2,2400000,0xe0000
1781240068,57.6,2400000,0xe0000
1781240069,58.7,2400000,0xe0000
1781240070,58.7,2400000,0xe0000
1781240071,58.7,2400000,0xe0000
1781240072,57.6,2400000,0xe0000
1781240073,58.2,2400000,0xe0000
1781240074,58.2,2400000,0xe0000
1781240075,58.2,2400000,0xe0000
1781240076,57.6,2400000,0xe0000
1781240077,57.6,2400000,0xe0000
1781240078,58.7,2400000,0xe0000
1781240079,57.6,2400000,0xe0000
1781240080,58.7,2400000,0xe0000
1781240081,58.2,2400000,0xe0000
1781240082,58.2,2400000,0xe0000
1781240083,58.7,2400000,0xe0000
