1781232761,53.2,2400000,0xe0000
1781232762,52.1,2400000,0xe0000
1781232763,54.3,2400000,0xe0000
1781232764,54.3,2400000,0xe0000
1781232765,54.3,2400000,0xe0000
1781232766,53.2,2400000,0xe0000
1781232767,54.3,2400000,0xe0000
1781232768,54.3,2400000,0xe0000
1781232769,53.2,2400000,0xe0000
1781232770,54.3,2400000,0xe0000
1781232771,53.2,2400000,0xe0000
1781232772,53.8,2400000,0xe0000
1781232773,54.3,2400000,0xe0000
1781232774,54.9,2400000,0xe0000
1781232775,53.8,2400000,0xe0000
1781232776,54.3,2400000,0xe0000
1781232777,54.3,2400000,0xe0000
1781232778,53.8,2400000,0xe0000
1781232779,54.3,2400000,0xe0000
1781232780,54.9,2400000,0xe0000
1781232781,54.9,2400000,0xe0000
1781232782,54.3,2400000,0xe0000
1781232783,54.9,2400000,0xe0000
1781232784,54.9,2400000,0xe0000
1781232785,54.9,2400000,0xe0000
1781232787,53.8,2400000,0xe0000
1781232788,54.9,2400000,0xe0000
1781232789,54.3,2400000,0xe0000
1781232790,54.3,2400000,0xe0000
1781232791,54.9,2400000,0xe0000
1781232792,54.9,2400000,0xe0000
1781232793,54.9,2400000,0xe0000
1781232794,55.4,2400000,0xe0000
1781232795,54.9,2400000,0xe0000
1781232796,54.3,2400000,0xe0000
1781232797,54.9,2400000,0xe0000
1781232798,55.4,2400000,0xe0000
1781232799,54.9,2400000,0xe0000
1781232800,54.9,2400000,0xe0000
1781232801,54.3,2400000,0xe0000
1781232802,55.4,2400000,0xe0000
1781232803,54.3,2400000,0xe0000
1781232804,55.4,2400000,0xe0000
1781232805,54.9,2400000,0xe0000
1781232807,54.9,2400000,0xe0000
1781232808,54.9,2400000,0xe0000
1781232809,55.4,2400000,0xe0000
1781232810,54.9,2400000,0xe0000
1781232811,56.0,2400000,0xe0000
1781232812,54.9,2400000,0xe0000
1781232813,55.4,2400000,0xe0000
1781232814,55.4,2400000,0xe0000
1781232815,55.4,2400000,0xe0000
1781232816,55.4,2400000,0xe0000
1781232817,56.0,2400000,0xe0000
1781232818,56.0,2400000,0xe0000
1781232819,54.9,2400000,0xe0000
1781232820,55.4,2400000,0xe0000
1781232821,55.4,2400000,0xe0000
1781232822,54.9,2400000,0xe0000
1781232823,55.4,2400000,0xe0000
1781232824,55.4,2400000,0xe0000
1781232825,54.9,2400000,0xe0000
1781232826,55.4,2400000,0xe0000
1781232827,56.0,2400000,0xe0000
1781232828,55.4,2400000,0xe0000
1781232829,56.0,2400000,0xe0000
1781232830,55.4,2400000,0xe0000
1781232831,55.4,2400000,0xe0000
1781232832,56.0,2400000,0xe0000
1781232833,55.4,2400000,0xe0000
1781232835,55.4,2400000,0xe0000
1781232836,56.0,2400000,0xe0000
1781232837,56.0,2400000,0xe0000
1781232838,55.4,2400000,0xe0000
1781232839,56.5,2400000,0xe0000
1781232840,56.0,2400000,0xe0000
1781232841,55.4,2400000,0xe0000
1781232842,56.0,2400000,0xe0000
1781232843,55.4,2400000,0xe0000
1781232844,56.5,2400000,0xe0000
1781232845,55.4,2400000,0xe0000
1781232846,56.5,2400000,0xe0000
1781232847,55.4,2400000,0xe0000
1781232848,54.9,2400000,0xe0000
1781232849,55.4,2400000,0xe0000
1781232850,56.0,2400000,0xe0000
1781232851,54.9,2400000,0xe0000
1781232852,56.5,2400000,0xe0000
1781232853,56.5,2400000,0xe0000
1781232854,56.0,2400000,0xe0000
1781232855,56.5,2400000,0xe0000
1781232856,55.4,2400000,0xe0000
1781232857,55.4,2400000,0xe0000
1781232858,56.0,2400000,0xe0000
1781232860,56.0,2400000,0xe0000
1781232861,56.0,2400000,0xe0000
1781232862,56.0,2400000,0xe0000
1781232863,55.4,2400000,0xe0000
1781232864,56.0,2400000,0xe0000
1781232865,56.0,2400000,0xe0000
1781232866,56.5,2400000,0xe0000
1781232867,56.0,2400000,0xe0000
1781232868,56.0,2400000,0xe0000
1781232869,56.0,2400000,0xe0000
1781232870,56.0,2400000,0xe0000
1781232871,56.5,2400000,0xe0000
1781232872,56.5,2400000,0xe0000
1781232873,56.0,2400000,0xe0000
1781232874,56.5,2400000,0xe0000
1781232875,56.5,2400000,0xe0000
1781232876,56.5,2400000,0xe0000
1781232877,56.0,2400000,0xe0000
1781232878,56.0,2400000,0xe0000
1781232879,57.1,2400000,0xe0000
1781232880,56.0,2400000,0xe0000
1781232881,56.0,2400000,0xe0000
1781232882,56.5,2400000,0xe0000
1781232883,56.5,2400000,0xe0000
1781232884,55.4,2400000,0xe0000
1781232885,56.5,2400000,0xe0000
1781232886,56.0,2400000,0xe0000
1781232887,56.0,2400000,0xe0000
1781232888,56.5,2400000,0xe0000
1781232890,56.5,2400000,0xe0000
1781232891,56.5,2400000,0xe0000
1781232892,56.5,2400000,0xe0000
1781232893,56.0,2400000,0xe0000
1781232894,56.5,2400000,0xe0000
1781232895,56.5,2400000,0xe0000
1781232896,56.0,2400000,0xe0000
1781232897,56.5,2400000,0xe0000
1781232898,57.1,2400000,0xe0000
1781232899,56.5,2400000,0xe0000
1781232900,56.0,2400000,0xe0000
1781232901,56.0,2400000,0xe0000
1781232902,56.5,2400000,0xe0000
1781232903,56.5,2400000,0xe0000
1781232904,56.5,2400000,0xe0000
1781232905,56.0,2400000,0xe0000
1781232906,57.1,2400000,0xe0000
1781232907,56.5,2400000,0xe0000
1781232908,56.0,2400000,0xe0000
1781232909,56.0,2400000,0xe0000
1781232910,56.5,2400000,0xe0000
1781232911,55.4,2400000,0xe0000
1781232912,56.5,2400000,0xe0000
1781232913,56.5,2400000,0xe0000
1781232914,56.0,2400000,0xe0000
1781232915,57.1,2400000,0xe0000
1781232917,56.5,2400000,0xe0000
1781232918,56.5,2400000,0xe0000
1781232919,56.5,2400000,0xe0000
1781232920,56.5,2400000,0xe0000
1781232921,56.5,2400000,0xe0000
1781232922,56.5,2400000,0xe0000
1781232923,56.5,2400000,0xe0000
1781232924,57.1,2400000,0xe0000
1781232925,57.1,2400000,0xe0000
1781232926,56.5,2400000,0xe0000
1781232927,56.5,2400000,0xe0000
1781232928,56.5,2400000,0xe0000
1781232929,56.0,2400000,0xe0000
1781232930,56.5,2400000,0xe0000
1781232931,56.5,2400000,0xe0000
1781232932,56.5,2400000,0xe0000
1781232933,57.1,2400000,0xe0000
1781232934,56.5,2400000,0xe0000
1781232935,57.1,2400000,0xe0000
1781232936,57.1,2400000,0xe0000
1781232937,55.4,2400000,0xe0000
1781232938,56.0,2400000,0xe0000
1781232939,57.1,2400000,0xe0000
1781232940,56.5,2400000,0xe0000
1781232941,57.1,2400000,0xe0000
1781232942,56.5,2400000,0xe0000
1781232943,57.1,2400000,0xe0000
1781232944,56.0,2400000,0xe0000
1781232945,56.5,2400000,0xe0000
1781232947,57.1,2400000,0xe0000
1781232948,57.1,2400000,0xe0000
1781232949,57.1,2400000,0xe0000
1781232950,57.1,2400000,0xe0000
1781232951,57.6,2400000,0xe0000
1781232952,57.1,2400000,0xe0000
1781232953,57.1,2400000,0xe0000
1781232954,56.5,2400000,0xe0000
1781232955,56.5,2400000,0xe0000
1781232956,56.5,2400000,0xe0000
1781232957,57.1,2400000,0xe0000
1781232958,57.1,2400000,0xe0000
1781232959,55.4,2400000,0xe0000
1781232960,57.1,2400000,0xe0000
1781232961,57.1,2400000,0xe0000
1781232962,57.1,2400000,0xe0000
1781232963,57.1,2400000,0xe0000
1781232964,56.0,2400000,0xe0000
1781232965,57.1,2400000,0xe0000
1781232966,57.1,2400000,0xe0000
1781232967,56.5,2400000,0xe0000
1781232968,57.1,2400000,0xe0000
1781232969,56.5,2400000,0xe0000
1781232970,57.1,2400000,0xe0000
1781232971,57.1,2400000,0xe0000
1781232973,57.1,2400000,0xe0000
1781232974,57.1,2400000,0xe0000
1781232975,57.1,2400000,0xe0000
1781232976,57.6,2400000,0xe0000
1781232977,57.1,2400000,0xe0000
1781232978,56.5,2400000,0xe0000
1781232979,57.1,2400000,0xe0000
1781232980,57.6,2400000,0xe0000
1781232981,57.1,2400000,0xe0000
1781232982,57.6,2400000,0xe0000
1781232983,57.6,2400000,0xe0000
1781232984,56.5,2400000,0xe0000
1781232985,57.1,2400000,0xe0000
1781232986,57.6,2400000,0xe0000
1781232987,57.1,2400000,0xe0000
1781232988,56.5,2400000,0xe0000
1781232989,56.5,2400000,0xe0000
1781232990,57.1,2400000,0xe0000
1781232991,57.1,2400000,0xe0000
1781232992,57.1,2400000,0xe0000
1781232993,58.2,2400000,0xe0000
1781232995,57.1,2400000,0xe0000
1781232996,56.5,2400000,0xe0000
1781232997,57.1,2400000,0xe0000
1781232998,57.1,2400000,0xe0000
1781232999,56.5,2400000,0xe0000
1781233000,57.1,2400000,0xe0000
1781233001,57.6,2400000,0xe0000
1781233002,57.1,2400000,0xe0000
1781233003,56.0,2400000,0xe0000
1781233004,57.6,2400000,0xe0000
1781233005,56.0,2400000,0xe0000
1781233006,57.1,2400000,0xe0000
1781233007,57.1,2400000,0xe0000
1781233008,56.5,2400000,0xe0000
1781233009,56.5,2400000,0xe0000
1781233010,57.1,2400000,0xe0000
1781233011,57.6,2400000,0xe0000
1781233012,56.5,2400000,0xe0000
1781233013,56.5,2400000,0xe0000
1781233014,56.0,2400000,0xe0000
1781233015,57.1,2400000,0xe0000
1781233016,57.1,2400000,0xe0000
1781233017,56.5,2400000,0xe0000
1781233018,57.1,2400000,0xe0000
1781233019,57.1,2400000,0xe0000
1781233020,57.1,2400000,0xe0000
1781233021,57.6,2400000,0xe0000
1781233022,56.5,2400000,0xe0000
1781233023,57.1,2400000,0xe0000
1781233024,57.1,2400000,0xe0000
1781233025,57.1,2400000,0xe0000
1781233026,57.6,2400000,0xe0000
1781233027,57.6,2400000,0xe0000
1781233028,56.5,2400000,0xe0000
1781233029,57.1,2400000,0xe0000
1781233030,57.6,2400000,0xe0000
1781233031,57.6,2400000,0xe0000
1781233032,57.6,2400000,0xe0000
1781233034,57.1,2400000,0xe0000
1781233035,57.1,2400000,0xe0000
1781233036,56.5,2400000,0xe0000
1781233037,57.1,2400000,0xe0000
1781233038,57.1,2400000,0xe0000
1781233039,56.5,2400000,0xe0000
1781233040,57.1,2400000,0xe0000
1781233041,57.1,2400000,0xe0000
1781233042,57.1,2400000,0xe0000
1781233043,57.1,2400000,0xe0000
1781233044,57.6,2400000,0xe0000
1781233045,57.6,2400000,0xe0000
1781233046,56.5,2400000,0xe0000
1781233047,57.1,2400000,0xe0000
1781233048,57.1,2400000,0xe0000
1781233049,57.1,2400000,0xe0000
1781233050,57.6,2400000,0xe0000
1781233051,57.1,2400000,0xe0000
1781233052,57.1,2400000,0xe0000
1781233053,56.0,2400000,0xe0000
1781233054,57.6,2400000,0xe0000
1781233055,57.1,2400000,0xe0000
1781233056,57.6,2400000,0xe0000
1781233057,57.1,2400000,0xe0000
1781233059,57.1,2400000,0xe0000
1781233060,57.6,2400000,0xe0000
1781233061,57.6,2400000,0xe0000
1781233062,57.6,2400000,0xe0000
1781233063,58.2,2400000,0xe0000
1781233064,57.1,2400000,0xe0000
1781233065,57.6,2400000,0xe0000
1781233066,57.6,2400000,0xe0000
1781233067,57.1,2400000,0xe0000
1781233068,57.6,2400000,0xe0000
1781233069,57.1,2400000,0xe0000
1781233070,57.6,2400000,0xe0000
1781233071,58.2,2400000,0xe0000
1781233072,57.6,2400000,0xe0000
1781233073,56.5,2400000,0xe0000
1781233074,56.5,2400000,0xe0000
1781233075,57.1,2400000,0xe0000
1781233076,57.6,2400000,0xe0000
1781233078,57.6,2400000,0xe0000
1781233079,57.1,2400000,0xe0000
1781233080,57.1,2400000,0xe0000
1781233081,57.6,2400000,0xe0000
1781233082,57.1,2400000,0xe0000
1781233083,57.6,2400000,0xe0000
1781233084,57.6,2400000,0xe0000
1781233085,57.6,2400000,0xe0000
1781233086,57.1,2400000,0xe0000
1781233087,57.6,2400000,0xe0000
1781233088,57.6,2400000,0xe0000
1781233089,57.1,2400000,0xe0000
1781233090,57.6,2400000,0xe0000
1781233091,57.6,2400000,0xe0000
1781233092,58.2,2400000,0xe0000
1781233093,57.1,2400000,0xe0000
1781233094,57.6,2400000,0xe0000
1781233095,57.1,2400000,0xe0000
1781233096,57.6,2400000,0xe0000
1781233098,57.6,2400000,0xe0000
1781233099,56.5,2400000,0xe0000
1781233100,57.6,2400000,0xe0000
1781233101,58.2,2400000,0xe0000
1781233102,57.6,2400000,0xe0000
1781233103,57.1,2400000,0xe0000
1781233104,57.6,2400000,0xe0000
1781233105,57.6,2400000,0xe0000
1781233106,57.6,2400000,0xe0000
1781233107,57.6,2400000,0xe0000
1781233108,56.0,2400000,0xe0000
1781233109,57.1,2400000,0xe0000
1781233110,57.6,2400000,0xe0000
1781233111,58.2,2400000,0xe0000
1781233112,57.1,2400000,0xe0000
1781233113,57.6,2400000,0xe0000
1781233114,57.6,2400000,0xe0000
1781233115,57.1,2400000,0xe0000
1781233116,57.1,2400000,0xe0000
1781233117,58.2,2400000,0xe0000
1781233118,57.1,2400000,0xe0000
1781233119,57.1,2400000,0xe0000
1781233120,57.6,2400000,0xe0000
1781233121,57.6,2400000,0xe0000
1781233122,58.2,2400000,0xe0000
1781233123,57.1,2400000,0xe0000
1781233124,57.6,2400000,0xe0000
1781233125,57.6,2400000,0xe0000
1781233126,58.2,2400000,0xe0000
1781233127,57.6,2400000,0xe0000
1781233128,58.2,2400000,0xe0000
1781233130,57.6,2400000,0xe0000
1781233131,57.6,2400000,0xe0000
1781233132,57.6,2400000,0xe0000
1781233133,57.6,2400000,0xe0000
1781233134,57.6,2400000,0xe0000
1781233135,57.6,2400000,0xe0000
1781233136,58.2,2400000,0xe0000
1781233137,57.6,2400000,0xe0000
1781233138,58.2,2400000,0xe0000
1781233139,57.6,2400000,0xe0000
1781233140,57.6,2400000,0xe0000
1781233141,58.2,2400000,0xe0000
1781233142,57.6,2400000,0xe0000
1781233143,57.6,2400000,0xe0000
1781233144,57.6,2400000,0xe0000
1781233145,57.6,2400000,0xe0000
1781233146,57.1,2400000,0xe0000
1781233147,57.1,2400000,0xe0000
1781233148,57.1,2400000,0xe0000
1781233149,57.6,2400000,0xe0000
1781233150,58.2,2400000,0xe0000
1781233151,58.2,2400000,0xe0000
1781233152,57.6,2400000,0xe0000
1781233153,58.2,2400000,0xe0000
1781233155,57.6,2400000,0xe0000
1781233156,58.2,2400000,0xe0000
1781233157,57.6,2400000,0xe0000
1781233158,57.1,2400000,0xe0000
1781233159,58.2,2400000,0xe0000
1781233160,57.1,2400000,0xe0000
1781233161,57.6,2400000,0xe0000
1781233162,57.1,2400000,0xe0000
1781233163,57.1,2400000,0xe0000
1781233164,58.2,2400000,0xe0000
1781233165,57.6,2400000,0xe0000
1781233166,57.6,2400000,0xe0000
1781233167,57.6,2400000,0xe0000
1781233168,58.2,2400000,0xe0000
1781233169,57.6,2400000,0xe0000
1781233170,57.1,2400000,0xe0000
1781233171,57.6,2400000,0xe0000
1781233172,57.6,2400000,0xe0000
1781233173,57.6,2400000,0xe0000
1781233174,58.2,2400000,0xe0000
1781233175,58.7,2400000,0xe0000
1781233176,57.6,2400000,0xe0000
1781233177,57.6,2400000,0xe0000
1781233179,58.2,2400000,0xe0000
1781233180,56.5,2400000,0xe0000
1781233181,57.6,2400000,0xe0000
1781233182,58.7,2400000,0xe0000
1781233183,58.2,2400000,0xe0000
1781233184,57.6,2400000,0xe0000
1781233185,57.6,2400000,0xe0000
1781233186,58.2,2400000,0xe0000
1781233187,58.2,2400000,0xe0000
1781233188,57.6,2400000,0xe0000
1781233189,57.6,2400000,0xe0000
1781233190,58.2,2400000,0xe0000
1781233191,58.7,2400000,0xe0000
1781233192,58.2,2400000,0xe0000
1781233193,58.2,2400000,0xe0000
1781233195,57.6,2400000,0xe0000
1781233196,57.6,2400000,0xe0000
1781233197,57.1,2400000,0xe0000
1781233198,58.2,2400000,0xe0000
1781233199,57.6,2400000,0xe0000
1781233200,58.2,2400000,0xe0000
1781233201,57.6,2400000,0xe0000
1781233202,57.6,2400000,0xe0000
1781233203,57.6,2400000,0xe0000
1781233204,57.6,2400000,0xe0000
1781233205,57.6,2400000,0xe0000
1781233206,58.2,2400000,0xe0000
1781233207,57.6,2400000,0xe0000
1781233208,57.6,2400000,0xe0000
1781233209,57.6,2400000,0xe0000
1781233210,58.2,2400000,0xe0000
1781233211,57.6,2400000,0xe0000
1781233212,57.1,2400000,0xe0000
1781233213,58.2,2400000,0xe0000
1781233215,57.1,2400000,0xe0000
1781233216,58.2,2400000,0xe0000
1781233217,58.2,2400000,0xe0000
1781233218,58.2,2400000,0xe0000
1781233219,58.2,2400000,0xe0000
1781233220,57.6,2400000,0xe0000
1781233221,57.6,2400000,0xe0000
1781233222,58.2,2400000,0xe0000
1781233223,58.2,2400000,0xe0000
1781233224,57.6,2400000,0xe0000
1781233225,57.6,2400000,0xe0000
1781233226,58.2,2400000,0xe0000
1781233227,58.2,2400000,0xe0000
1781233228,57.6,2400000,0xe0000
1781233229,58.2,2400000,0xe0000
1781233230,58.7,2400000,0xe0000
1781233231,58.2,2400000,0xe0000
1781233232,57.6,2400000,0xe0000
1781233233,57.6,2400000,0xe0000
1781233234,58.2,2400000,0xe0000
1781233236,57.6,2400000,0xe0000
1781233237,57.6,2400000,0xe0000
1781233238,58.2,2400000,0xe0000
1781233239,57.6,2400000,0xe0000
1781233240,58.2,2400000,0xe0000
1781233241,58.2,2400000,0xe0000
1781233242,57.6,2400000,0xe0000
1781233243,58.7,2400000,0xe0000
1781233244,57.6,2400000,0xe0000
1781233245,58.2,2400000,0xe0000
1781233246,58.2,2400000,0xe0000
1781233247,57.6,2400000,0xe0000
1781233248,58.2,2400000,0xe0000
1781233249,58.7,2400000,0xe0000
1781233250,56.5,2400000,0xe0000
1781233251,58.7,2400000,0xe0000
1781233252,58.2,2400000,0xe0000
1781233253,58.2,2400000,0xe0000
1781233254,58.2,2400000,0xe0000
1781233255,58.2,2400000,0xe0000
1781233256,58.2,2400000,0xe0000
1781233257,58.2,2400000,0xe0000
1781233258,57.6,2400000,0xe0000
1781233259,57.1,2400000,0xe0000
1781233260,58.2,2400000,0xe0000
1781233262,57.6,2400000,0xe0000
1781233263,58.2,2400000,0xe0000
1781233264,58.2,2400000,0xe0000
1781233265,58.2,2400000,0xe0000
1781233266,57.6,2400000,0xe0000
1781233267,57.6,2400000,0xe0000
1781233268,58.2,2400000,0xe0000
1781233269,57.6,2400000,0xe0000
1781233270,58.2,2400000,0xe0000
1781233271,57.6,2400000,0xe0000
1781233272,57.6,2400000,0xe0000
1781233273,58.2,2400000,0xe0000
1781233274,58.2,2400000,0xe0000
1781233275,57.6,2400000,0xe0000
1781233276,58.2,2400000,0xe0000
1781233277,58.2,2400000,0xe0000
1781233278,57.1,2400000,0xe0000
1781233279,57.6,2400000,0xe0000
1781233280,58.2,2400000,0xe0000
1781233281,58.2,2400000,0xe0000
1781233282,58.2,2400000,0xe0000
1781233283,58.2,2400000,0xe0000
1781233284,58.2,2400000,0xe0000
1781233285,57.6,2400000,0xe0000
1781233286,58.7,2400000,0xe0000
1781233287,58.2,2400000,0xe0000
1781233288,58.2,2400000,0xe0000
1781233290,58.7,2400000,0xe0000
1781233291,58.2,2400000,0xe0000
1781233292,57.6,2400000,0xe0000
1781233293,58.2,2400000,0xe0000
1781233294,58.2,2400000,0xe0000
1781233295,58.7,2400000,0xe0000
1781233296,58.7,2400000,0xe0000
1781233297,58.2,2400000,0xe0000
1781233298,58.2,2400000,0xe0000
1781233299,58.2,2400000,0xe0000
1781233300,58.2,2400000,0xe0000
1781233301,58.2,2400000,0xe0000
1781233302,58.7,2400000,0xe0000
1781233303,57.6,2400000,0xe0000
1781233304,58.2,2400000,0xe0000
1781233305,58.7,2400000,0xe0000
1781233306,58.2,2400000,0xe0000
1781233307,58.7,2400000,0xe0000
1781233308,57.6,2400000,0xe0000
1781233309,58.2,2400000,0xe0000
1781233310,58.2,2400000,0xe0000
1781233311,57.1,2400000,0xe0000
1781233312,58.2,2400000,0xe0000
1781233314,58.7,2400000,0xe0000
1781233315,57.6,2400000,0xe0000
1781233316,57.6,2400000,0xe0000
1781233317,58.2,2400000,0xe0000
1781233318,58.7,2400000,0xe0000
1781233319,58.7,2400000,0xe0000
1781233320,58.2,2400000,0xe0000
1781233321,57.6,2400000,0xe0000
1781233322,58.2,2400000,0xe0000
1781233323,58.7,2400000,0xe0000
1781233324,58.2,2400000,0xe0000
1781233325,57.6,2400000,0xe0000
1781233326,57.6,2400000,0xe0000
1781233327,58.2,2400000,0xe0000
1781233328,58.7,2400000,0xe0000
1781233329,58.2,2400000,0xe0000
1781233330,58.2,2400000,0xe0000
1781233331,58.2,2400000,0xe0000
1781233332,58.2,2400000,0xe0000
1781233333,58.7,2400000,0xe0000
1781233334,57.6,2400000,0xe0000
1781233335,58.2,2400000,0xe0000
1781233336,58.2,2400000,0xe0000
1781233337,56.5,2400000,0xe0000
1781233338,58.2,2400000,0xe0000
1781233340,57.1,2400000,0xe0000
1781233341,57.6,2400000,0xe0000
1781233342,58.7,2400000,0xe0000
1781233343,58.2,2400000,0xe0000
1781233344,58.2,2400000,0xe0000
1781233345,58.7,2400000,0xe0000
1781233346,57.1,2400000,0xe0000
1781233347,57.6,2400000,0xe0000
1781233348,58.2,2400000,0xe0000
1781233349,58.7,2400000,0xe0000
1781233350,58.2,2400000,0xe0000
1781233351,58.7,2400000,0xe0000
1781233352,58.2,2400000,0xe0000
1781233353,58.7,2400000,0xe0000
1781233354,57.6,2400000,0xe0000
1781233355,58.7,2400000,0xe0000
1781233356,58.2,2400000,0xe0000
1781233357,58.2,2400000,0xe0000
1781233358,58.2,2400000,0xe0000
1781233359,57.6,2400000,0xe0000
1781233361,58.2,2400000,0xe0000
1781233362,58.7,2400000,0xe0000
1781233363,58.2,2400000,0xe0000
1781233364,58.2,2400000,0xe0000
1781233365,58.7,2400000,0xe0000
1781233366,57.6,2400000,0xe0000
1781233367,57.6,2400000,0xe0000
1781233368,57.6,2400000,0xe0000
1781233369,58.2,2400000,0xe0000
1781233370,57.6,2400000,0xe0000
1781233371,58.2,2400000,0xe0000
1781233372,57.6,2400000,0xe0000
1781233373,58.2,2400000,0xe0000
1781233374,57.1,2400000,0xe0000
1781233375,57.1,2400000,0xe0000
1781233376,57.6,2400000,0xe0000
1781233377,57.6,2400000,0xe0000
1781233378,58.2,2400000,0xe0000
1781233379,58.2,2400000,0xe0000
1781233380,58.7,2400000,0xe0000
1781233381,58.2,2400000,0xe0000
1781233382,58.7,2400000,0xe0000
1781233383,58.2,2400000,0xe0000
1781233384,57.6,2400000,0xe0000
1781233385,58.7,2400000,0xe0000
1781233386,58.2,2400000,0xe0000
1781233387,58.2,2400000,0xe0000
1781233388,58.2,2400000,0xe0000
1781233389,58.7,2400000,0xe0000
1781233391,58.2,2400000,0xe0000
1781233392,57.6,2400000,0xe0000
1781233393,57.6,2400000,0xe0000
1781233394,58.2,2400000,0xe0000
1781233395,58.2,2400000,0xe0000
1781233396,57.6,2400000,0xe0000
1781233397,57.6,2400000,0xe0000
1781233398,58.2,2400000,0xe0000
1781233399,58.7,2400000,0xe0000
1781233400,59.3,2400000,0xe0000
1781233401,58.2,2400000,0xe0000
1781233402,57.6,2400000,0xe0000
1781233403,57.1,2400000,0xe0000
1781233404,58.7,2400000,0xe0000
1781233405,58.7,2400000,0xe0000
1781233406,59.3,2400000,0xe0000
1781233407,58.7,2400000,0xe0000
1781233408,59.3,2400000,0xe0000
1781233409,57.6,2400000,0xe0000
1781233410,58.2,2400000,0xe0000
1781233411,58.2,2400000,0xe0000
1781233412,59.3,2400000,0xe0000
1781233414,58.2,2400000,0xe0000
1781233415,58.2,2400000,0xe0000
1781233416,58.7,2400000,0xe0000
1781233417,57.6,2400000,0xe0000
1781233418,58.2,2400000,0xe0000
1781233419,58.2,2400000,0xe0000
1781233420,57.1,2400000,0xe0000
1781233421,58.2,2400000,0xe0000
1781233422,58.7,2400000,0xe0000
1781233423,58.2,2400000,0xe0000
1781233424,58.2,2400000,0xe0000
1781233425,58.2,2400000,0xe0000
1781233426,57.6,2400000,0xe0000
1781233427,58.7,2400000,0xe0000
1781233428,57.6,2400000,0xe0000
1781233429,58.7,2400000,0xe0000
1781233431,58.7,2400000,0xe0000
1781233432,58.2,2400000,0xe0000
1781233433,58.2,2400000,0xe0000
1781233434,58.7,2400000,0xe0000
1781233435,58.7,2400000,0xe0000
1781233436,57.6,2400000,0xe0000
1781233437,57.6,2400000,0xe0000
1781233438,58.7,2400000,0xe0000
1781233439,58.7,2400000,0xe0000
1781233440,59.3,2400000,0xe0000
1781233441,58.7,2400000,0xe0000
1781233442,58.7,2400000,0xe0000
1781233443,58.2,2400000,0xe0000
1781233444,58.7,2400000,0xe0000
1781233445,58.2,2400000,0xe0000
1781233446,58.7,2400000,0xe0000
1781233447,57.1,2400000,0xe0000
1781233448,58.7,2400000,0xe0000
1781233449,58.2,2400000,0xe0000
1781233450,58.2,2400000,0xe0000
1781233451,58.2,2400000,0xe0000
1781233452,58.2,2400000,0xe0000
1781233453,58.2,2400000,0xe0000
1781233455,58.2,2400000,0xe0000
1781233456,58.2,2400000,0xe0000
1781233457,58.7,2400000,0xe0000
1781233458,58.2,2400000,0xe0000
1781233459,58.2,2400000,0xe0000
1781233460,58.7,2400000,0xe0000
1781233461,58.2,2400000,0xe0000
1781233462,58.2,2400000,0xe0000
1781233463,57.6,2400000,0xe0000
1781233464,58.7,2400000,0xe0000
1781233465,58.7,2400000,0xe0000
1781233466,58.7,2400000,0xe0000
1781233467,58.7,2400000,0xe0000
1781233468,58.7,2400000,0xe0000
1781233469,57.6,2400000,0xe0000
1781233470,58.2,2400000,0xe0000
1781233471,58.2,2400000,0xe0000
1781233472,58.2,2400000,0xe0000
1781233474,58.2,2400000,0xe0000
1781233475,57.6,2400000,0xe0000
1781233476,58.7,2400000,0xe0000
1781233477,58.7,2400000,0xe0000
1781233478,58.2,2400000,0xe0000
1781233479,58.7,2400000,0xe0000
1781233480,58.2,2400000,0xe0000
1781233481,58.2,2400000,0xe0000
1781233482,58.2,2400000,0xe0000
1781233483,58.2,2400000,0xe0000
1781233484,58.7,2400000,0xe0000
1781233485,58.2,2400000,0xe0000
1781233486,58.7,2400000,0xe0000
1781233487,57.6,2400000,0xe0000
1781233488,58.7,2400000,0xe0000
1781233489,58.2,2400000,0xe0000
1781233490,58.7,2400000,0xe0000
1781233491,58.7,2400000,0xe0000
1781233492,58.7,2400000,0xe0000
1781233494,58.7,2400000,0xe0000
1781233495,58.7,2400000,0xe0000
1781233496,58.2,2400000,0xe0000
1781233497,58.7,2400000,0xe0000
1781233498,58.2,2400000,0xe0000
1781233499,58.7,2400000,0xe0000
1781233500,58.7,2400000,0xe0000
1781233501,58.2,2400000,0xe0000
1781233502,58.2,2400000,0xe0000
1781233503,57.6,2400000,0xe0000
1781233504,58.7,2400000,0xe0000
1781233505,58.7,2400000,0xe0000
1781233506,58.7,2400000,0xe0000
1781233507,59.3,2400000,0xe0000
1781233508,58.7,2400000,0xe0000
1781233509,58.7,2400000,0xe0000
1781233510,58.2,2400000,0xe0000
1781233511,59.3,2400000,0xe0000
1781233513,59.3,2400000,0xe0000
1781233514,58.2,2400000,0xe0000
1781233515,57.6,2400000,0xe0000
1781233516,58.7,2400000,0xe0000
1781233517,58.7,2400000,0xe0000
1781233518,58.2,2400000,0xe0000
1781233519,58.2,2400000,0xe0000
1781233520,58.7,2400000,0xe0000
1781233521,58.7,2400000,0xe0000
1781233522,58.2,2400000,0xe0000
1781233523,58.7,2400000,0xe0000
1781233524,57.6,2400000,0xe0000
1781233525,58.2,2400000,0xe0000
1781233526,57.6,2400000,0xe0000
1781233527,58.2,2400000,0xe0000
1781233528,58.2,2400000,0xe0000
1781233529,58.2,2400000,0xe0000
1781233530,58.2,2400000,0xe0000
1781233531,58.2,2400000,0xe0000
1781233532,58.7,2400000,0xe0000
1781233533,58.7,2400000,0xe0000
1781233534,58.2,2400000,0xe0000
1781233535,58.2,2400000,0xe0000
1781233536,57.6,2400000,0xe0000
1781233537,58.2,2400000,0xe0000
1781233538,58.7,2400000,0xe0000
1781233539,58.7,2400000,0xe0000
1781233540,58.2,2400000,0xe0000
1781233541,58.2,2400000,0xe0000
1781233542,58.7,2400000,0xe0000
1781233543,59.3,2400000,0xe0000
1781233544,58.2,2400000,0xe0000
1781233546,58.7,2400000,0xe0000
1781233547,58.2,2400000,0xe0000
1781233548,58.2,2400000,0xe0000
1781233549,58.7,2400000,0xe0000
1781233550,58.2,2400000,0xe0000
1781233551,58.7,2400000,0xe0000
1781233552,58.2,2400000,0xe0000
1781233553,58.7,2400000,0xe0000
1781233554,58.2,2400000,0xe0000
1781233555,57.6,2400000,0xe0000
1781233556,58.7,2400000,0xe0000
1781233557,58.2,2400000,0xe0000
1781233558,59.3,2400000,0xe0000
1781233559,59.3,2400000,0xe0000
1781233560,58.7,2400000,0xe0000
1781233561,59.3,2400000,0xe0000
1781233562,58.7,2400000,0xe0000
1781233564,58.7,2400000,0xe0000
1781233565,58.7,2400000,0xe0000
1781233566,58.2,2400000,0xe0000
1781233567,58.2,2400000,0xe0000
1781233568,58.2,2400000,0xe0000
1781233569,58.2,2400000,0xe0000
1781233570,57.6,2400000,0xe0000
1781233571,59.3,2400000,0xe0000
1781233572,58.2,2400000,0xe0000
1781233573,58.2,2400000,0xe0000
1781233574,58.2,2400000,0xe0000
1781233575,58.2,2400000,0xe0000
1781233576,58.2,2400000,0xe0000
1781233577,58.7,2400000,0xe0000
1781233578,58.7,2400000,0xe0000
1781233579,58.7,2400000,0xe0000
1781233580,58.2,2400000,0xe0000
1781233581,58.7,2400000,0xe0000
1781233582,58.7,2400000,0xe0000
1781233583,57.1,2400000,0xe0000
1781233584,58.2,2400000,0xe0000
1781233585,58.7,2400000,0xe0000
1781233586,58.2,2400000,0xe0000
1781233587,58.7,2400000,0xe0000
1781233588,58.7,2400000,0xe0000
1781233589,58.7,2400000,0xe0000
1781233591,58.7,2400000,0xe0000
1781233592,58.2,2400000,0xe0000
1781233593,57.6,2400000,0xe0000
1781233594,59.3,2400000,0xe0000
1781233595,59.3,2400000,0xe0000
1781233596,57.6,2400000,0xe0000
1781233597,58.2,2400000,0xe0000
1781233598,58.2,2400000,0xe0000
1781233599,59.3,2400000,0xe0000
1781233600,58.7,2400000,0xe0000
1781233601,58.2,2400000,0xe0000
1781233602,58.7,2400000,0xe0000
1781233603,58.2,2400000,0xe0000
1781233604,58.7,2400000,0xe0000
1781233605,58.7,2400000,0xe0000
1781233606,56.5,2400000,0xe0000
1781233607,58.2,2400000,0xe0000
1781233608,59.3,2400000,0xe0000
1781233609,58.7,2400000,0xe0000
1781233611,59.3,2400000,0xe0000
1781233612,58.7,2400000,0xe0000
1781233613,58.7,2400000,0xe0000
1781233614,58.7,2400000,0xe0000
1781233615,58.2,2400000,0xe0000
1781233616,59.3,2400000,0xe0000
1781233617,58.7,2400000,0xe0000
1781233618,58.7,2400000,0xe0000
1781233619,58.7,2400000,0xe0000
1781233620,58.7,2400000,0xe0000
1781233621,58.2,2400000,0xe0000
1781233622,58.7,2400000,0xe0000
1781233623,58.7,2400000,0xe0000
1781233624,58.2,2400000,0xe0000
1781233625,58.7,2400000,0xe0000
1781233626,59.3,2400000,0xe0000
1781233627,58.7,2400000,0xe0000
1781233628,59.3,2400000,0xe0000
1781233629,57.6,2400000,0xe0000
1781233630,59.3,2400000,0xe0000
1781233631,58.2,2400000,0xe0000
1781233633,58.7,2400000,0xe0000
1781233634,58.7,2400000,0xe0000
1781233635,58.7,2400000,0xe0000
1781233636,58.2,2400000,0xe0000
1781233637,58.7,2400000,0xe0000
1781233638,58.2,2400000,0xe0000
1781233639,58.7,2400000,0xe0000
1781233640,57.6,2400000,0xe0000
1781233641,58.2,2400000,0xe0000
1781233642,59.3,2400000,0xe0000
1781233643,59.3,2400000,0xe0000
1781233644,58.7,2400000,0xe0000
1781233645,58.7,2400000,0xe0000
1781233646,58.7,2400000,0xe0000
1781233647,58.7,2400000,0xe0000
1781233648,59.3,2400000,0xe0000
1781233649,58.2,2400000,0xe0000
1781233650,58.7,2400000,0xe0000
1781233651,58.7,2400000,0xe0000
1781233652,58.7,2400000,0xe0000
1781233653,58.2,2400000,0xe0000
1781233654,58.7,2400000,0xe0000
1781233655,58.7,2400000,0xe0000
1781233656,57.6,2400000,0xe0000
1781233657,58.7,2400000,0xe0000
1781233658,59.3,2400000,0xe0000
1781233659,58.7,2400000,0xe0000
1781233661,58.7,2400000,0xe0000
1781233662,58.7,2400000,0xe0000
1781233663,58.2,2400000,0xe0000
1781233664,59.3,2400000,0xe0000
1781233665,58.2,2400000,0xe0000
1781233666,59.3,2400000,0xe0000
1781233667,58.7,2400000,0xe0000
1781233668,58.2,2400000,0xe0000
1781233669,58.7,2400000,0xe0000
1781233670,58.7,2400000,0xe0000
1781233671,58.7,2400000,0xe0000
1781233672,58.7,2400000,0xe0000
1781233673,57.6,2400000,0xe0000
1781233674,58.7,2400000,0xe0000
1781233675,58.7,2400000,0xe0000
1781233676,59.3,2400000,0xe0000
1781233677,58.7,2400000,0xe0000
1781233678,58.7,2400000,0xe0000
1781233679,58.7,2400000,0xe0000
1781233681,58.2,2400000,0xe0000
1781233682,59.3,2400000,0xe0000
1781233683,58.7,2400000,0xe0000
1781233684,59.3,2400000,0xe0000
1781233685,58.7,2400000,0xe0000
1781233686,58.7,2400000,0xe0000
1781233687,58.7,2400000,0xe0000
1781233688,58.7,2400000,0xe0000
1781233689,59.3,2400000,0xe0000
1781233690,58.7,2400000,0xe0000
1781233691,58.7,2400000,0xe0000
1781233692,58.7,2400000,0xe0000
1781233693,57.1,2400000,0xe0000
1781233694,58.2,2400000,0xe0000
1781233695,58.2,2400000,0xe0000
1781233696,58.7,2400000,0xe0000
1781233697,58.7,2400000,0xe0000
1781233698,58.7,2400000,0xe0000
1781233699,58.7,2400000,0xe0000
1781233700,58.2,2400000,0xe0000
1781233701,59.3,2400000,0xe0000
1781233702,58.7,2400000,0xe0000
1781233703,58.7,2400000,0xe0000
1781233704,57.6,2400000,0xe0000
1781233705,58.7,2400000,0xe0000
1781233706,59.3,2400000,0xe0000
1781233708,58.7,2400000,0xe0000
1781233709,58.2,2400000,0xe0000
1781233710,59.3,2400000,0xe0000
1781233711,58.2,2400000,0xe0000
1781233712,58.7,2400000,0xe0000
1781233713,58.7,2400000,0xe0000
1781233714,58.7,2400000,0xe0000
1781233715,58.2,2400000,0xe0000
1781233716,58.7,2400000,0xe0000
1781233717,59.3,2400000,0xe0000
1781233718,59.3,2400000,0xe0000
1781233719,58.7,2400000,0xe0000
1781233720,58.2,2400000,0xe0000
1781233721,58.7,2400000,0xe0000
1781233722,59.3,2400000,0xe0000
1781233723,59.3,2400000,0xe0000
1781233724,58.7,2400000,0xe0000
1781233725,58.7,2400000,0xe0000
1781233726,58.7,2400000,0xe0000
1781233727,58.2,2400000,0xe0000
1781233728,59.3,2400000,0xe0000
1781233729,58.2,2400000,0xe0000
1781233731,59.3,2400000,0xe0000
1781233732,59.3,2400000,0xe0000
1781233733,58.2,2400000,0xe0000
1781233734,59.3,2400000,0xe0000
1781233735,59.3,2400000,0xe0000
1781233736,58.7,2400000,0xe0000
1781233737,58.7,2400000,0xe0000
1781233738,58.7,2400000,0xe0000
1781233739,58.7,2400000,0xe0000
1781233740,58.7,2400000,0xe0000
1781233741,58.7,2400000,0xe0000
1781233742,58.7,2400000,0xe0000
1781233743,58.2,2400000,0xe0000
1781233744,58.7,2400000,0xe0000
1781233745,59.3,2400000,0xe0000
1781233746,59.3,2400000,0xe0000
1781233747,58.7,2400000,0xe0000
1781233748,58.7,2400000,0xe0000
1781233749,57.6,2400000,0xe0000
1781233750,58.2,2400000,0xe0000
1781233751,58.7,2400000,0xe0000
1781233752,59.3,2400000,0xe0000
1781233753,57.1,2400000,0xe0000
1781233754,58.7,2400000,0xe0000
1781233755,59.3,2400000,0xe0000
1781233756,58.7,2400000,0xe0000
1781233757,57.6,2400000,0xe0000
1781233758,58.7,2400000,0xe0000
1781233759,58.7,2400000,0xe0000
1781233760,57.6,2400000,0xe0000
1781233761,58.2,2400000,0xe0000
1781233762,58.7,2400000,0xe0000
1781233764,58.7,2400000,0xe0000
1781233765,58.2,2400000,0xe0000
1781233766,58.7,2400000,0xe0000
1781233767,58.2,2400000,0xe0000
1781233768,59.3,2400000,0xe0000
1781233769,58.7,2400000,0xe0000
1781233770,58.7,2400000,0xe0000
1781233771,58.2,2400000,0xe0000
1781233772,58.7,2400000,0xe0000
1781233773,58.7,2400000,0xe0000
1781233774,58.7,2400000,0xe0000
1781233775,58.2,2400000,0xe0000
1781233776,58.2,2400000,0xe0000
1781233777,58.7,2400000,0xe0000
1781233778,59.3,2400000,0xe0000
1781233779,58.7,2400000,0xe0000
1781233780,58.2,2400000,0xe0000
1781233781,58.7,2400000,0xe0000
1781233782,58.7,2400000,0xe0000
1781233783,58.7,2400000,0xe0000
1781233784,56.5,2400000,0xe0000
1781233785,58.7,2400000,0xe0000
1781233787,59.3,2400000,0xe0000
1781233788,58.2,2400000,0xe0000
1781233789,58.2,2400000,0xe0000
1781233790,58.7,2400000,0xe0000
1781233791,58.7,2400000,0xe0000
1781233792,58.7,2400000,0xe0000
1781233793,58.7,2400000,0xe0000
1781233794,59.3,2400000,0xe0000
1781233795,59.3,2400000,0xe0000
1781233796,58.7,2400000,0xe0000
1781233797,58.2,2400000,0xe0000
1781233798,58.7,2400000,0xe0000
1781233799,58.7,2400000,0xe0000
1781233800,59.3,2400000,0xe0000
1781233801,58.2,2400000,0xe0000
1781233802,58.7,2400000,0xe0000
1781233803,58.7,2400000,0xe0000
1781233804,58.7,2400000,0xe0000
1781233805,58.7,2400000,0xe0000
1781233806,58.7,2400000,0xe0000
1781233807,58.7,2400000,0xe0000
1781233808,59.3,2400000,0xe0000
1781233809,58.7,2400000,0xe0000
1781233810,58.7,2400000,0xe0000
1781233811,58.2,2400000,0xe0000
1781233813,58.7,2400000,0xe0000
1781233814,58.2,2400000,0xe0000
1781233815,58.7,2400000,0xe0000
1781233816,58.7,2400000,0xe0000
1781233817,58.7,2400000,0xe0000
1781233818,58.7,2400000,0xe0000
1781233819,58.7,2400000,0xe0000
1781233820,58.7,2400000,0xe0000
1781233821,59.3,2400000,0xe0000
1781233822,58.7,2400000,0xe0000
1781233823,59.3,2400000,0xe0000
1781233824,58.7,2400000,0xe0000
1781233825,59.3,2400000,0xe0000
1781233826,57.1,2400000,0xe0000
1781233827,57.6,2400000,0xe0000
1781233828,58.7,2400000,0xe0000
1781233829,58.7,2400000,0xe0000
1781233830,59.3,2400000,0xe0000
1781233831,58.7,2400000,0xe0000
1781233832,58.7,2400000,0xe0000
1781233833,58.2,2400000,0xe0000
1781233834,58.7,2400000,0xe0000
1781233835,58.7,2400000,0xe0000
1781233836,58.2,2400000,0xe0000
1781233837,58.7,2400000,0xe0000
1781233838,58.7,2400000,0xe0000
1781233839,58.7,2400000,0xe0000
1781233840,58.7,2400000,0xe0000
1781233841,58.7,2400000,0xe0000
1781233842,59.3,2400000,0xe0000
1781233844,58.7,2400000,0xe0000
1781233845,59.3,2400000,0xe0000
1781233846,58.7,2400000,0xe0000
1781233847,58.7,2400000,0xe0000
1781233848,58.7,2400000,0xe0000
1781233849,58.7,2400000,0xe0000
1781233850,58.7,2400000,0xe0000
1781233851,59.3,2400000,0xe0000
1781233852,58.7,2400000,0xe0000
1781233853,58.2,2400000,0xe0000
1781233854,59.3,2400000,0xe0000
1781233855,57.1,2400000,0xe0000
1781233856,58.7,2400000,0xe0000
1781233857,58.2,2400000,0xe0000
1781233858,58.7,2400000,0xe0000
1781233859,58.2,2400000,0xe0000
1781233860,59.3,2400000,0xe0000
1781233861,58.7,2400000,0xe0000
1781233862,59.3,2400000,0xe0000
1781233863,58.7,2400000,0xe0000
1781233865,58.7,2400000,0xe0000
1781233866,58.7,2400000,0xe0000
1781233867,58.2,2400000,0xe0000
1781233868,59.3,2400000,0xe0000
1781233869,58.2,2400000,0xe0000
1781233870,58.2,2400000,0xe0000
1781233871,58.7,2400000,0xe0000
1781233872,58.7,2400000,0xe0000
1781233873,58.7,2400000,0xe0000
1781233874,58.2,2400000,0xe0000
1781233875,58.2,2400000,0xe0000
1781233876,58.2,2400000,0xe0000
1781233877,58.7,2400000,0xe0000
1781233878,59.3,2400000,0xe0000
1781233879,58.7,2400000,0xe0000
1781233880,59.3,2400000,0xe0000
1781233881,58.7,2400000,0xe0000
1781233882,59.3,2400000,0xe0000
1781233883,59.3,2400000,0xe0000
1781233884,58.7,2400000,0xe0000
1781233885,58.7,2400000,0xe0000
1781233886,58.7,2400000,0xe0000
1781233888,58.7,2400000,0xe0000
1781233889,58.7,2400000,0xe0000
1781233890,59.3,2400000,0xe0000
1781233891,58.7,2400000,0xe0000
1781233892,59.3,2400000,0xe0000
1781233893,58.7,2400000,0xe0000
1781233894,58.7,2400000,0xe0000
1781233895,58.2,2400000,0xe0000
1781233896,58.7,2400000,0xe0000
1781233897,58.7,2400000,0xe0000
1781233898,58.2,2400000,0xe0000
1781233899,58.7,2400000,0xe0000
1781233900,58.7,2400000,0xe0000
1781233901,58.7,2400000,0xe0000
1781233902,59.3,2400000,0xe0000
1781233903,58.2,2400000,0xe0000
1781233904,58.7,2400000,0xe0000
1781233905,58.7,2400000,0xe0000
1781233906,58.7,2400000,0xe0000
1781233907,58.2,2400000,0xe0000
1781233908,58.7,2400000,0xe0000
1781233909,58.7,2400000,0xe0000
1781233910,58.7,2400000,0xe0000
1781233911,58.7,2400000,0xe0000
1781233913,58.7,2400000,0xe0000
1781233914,58.7,2400000,0xe0000
1781233915,59.3,2400000,0xe0000
1781233916,59.3,2400000,0xe0000
1781233917,58.7,2400000,0xe0000
1781233918,59.3,2400000,0xe0000
1781233919,58.7,2400000,0xe0000
1781233920,58.7,2400000,0xe0000
1781233921,59.3,2400000,0xe0000
1781233922,58.7,2400000,0xe0000
1781233923,58.2,2400000,0xe0000
1781233924,58.7,2400000,0xe0000
1781233925,58.7,2400000,0xe0000
1781233926,59.8,2400000,0xe0000
1781233927,58.7,2400000,0xe0000
1781233928,57.6,2400000,0xe0000
1781233929,59.3,2400000,0xe0000
1781233930,58.7,2400000,0xe0000
1781233931,58.7,2400000,0xe0000
1781233933,59.3,2400000,0xe0000
1781233934,58.7,2400000,0xe0000
1781233935,58.2,2400000,0xe0000
1781233936,59.3,2400000,0xe0000
1781233937,59.3,2400000,0xe0000
1781233938,58.7,2400000,0xe0000
1781233939,59.3,2400000,0xe0000
1781233940,59.3,2400000,0xe0000
1781233941,59.3,2400000,0xe0000
1781233942,59.3,2400000,0xe0000
1781233943,59.3,2400000,0xe0000
1781233944,58.7,2400000,0xe0000
1781233945,58.7,2400000,0xe0000
1781233946,59.3,2400000,0xe0000
1781233947,59.8,2400000,0xe0000
1781233948,58.2,2400000,0xe0000
1781233949,58.2,2400000,0xe0000
1781233950,58.7,2400000,0xe0000
1781233952,58.7,2400000,0xe0000
1781233953,58.7,2400000,0xe0000
1781233954,59.8,2400000,0xe0000
1781233955,59.3,2400000,0xe0000
1781233956,58.7,2400000,0xe0000
1781233957,59.3,2400000,0xe0000
1781233958,58.7,2400000,0xe0000
1781233959,59.3,2400000,0xe0000
1781233960,58.2,2400000,0xe0000
1781233961,58.7,2400000,0xe0000
1781233962,58.7,2400000,0xe0000
1781233963,58.7,2400000,0xe0000
1781233964,58.2,2400000,0xe0000
1781233965,58.7,2400000,0xe0000
1781233966,57.6,2400000,0xe0000
1781233967,58.2,2400000,0xe0000
1781233968,58.7,2400000,0xe0000
1781233969,58.7,2400000,0xe0000
1781233970,58.7,2400000,0xe0000
1781233971,58.2,2400000,0xe0000
1781233972,59.3,2400000,0xe0000
1781233973,58.7,2400000,0xe0000
1781233974,58.7,2400000,0xe0000
1781233975,58.7,2400000,0xe0000
1781233976,58.7,2400000,0xe0000
1781233978,58.7,2400000,0xe0000
1781233979,58.7,2400000,0xe0000
1781233980,59.3,2400000,0xe0000
1781233981,59.3,2400000,0xe0000
1781233982,59.3,2400000,0xe0000
1781233983,59.3,2400000,0xe0000
1781233984,58.2,2400000,0xe0000
1781233985,59.3,2400000,0xe0000
1781233986,58.2,2400000,0xe0000
1781233987,59.3,2400000,0xe0000
1781233988,59.3,2400000,0xe0000
1781233989,58.7,2400000,0xe0000
1781233990,58.2,2400000,0xe0000
1781233991,59.3,2400000,0xe0000
1781233992,58.7,2400000,0xe0000
1781233993,58.7,2400000,0xe0000
1781233994,59.3,2400000,0xe0000
1781233995,58.7,2400000,0xe0000
1781233996,58.7,2400000,0xe0000
1781233997,59.3,2400000,0xe0000
1781233998,58.7,2400000,0xe0000
1781233999,59.3,2400000,0xe0000
1781234001,59.3,2400000,0xe0000
1781234002,58.2,2400000,0xe0000
1781234003,58.2,2400000,0xe0000
1781234004,58.7,2400000,0xe0000
1781234005,59.3,2400000,0xe0000
1781234006,58.7,2400000,0xe0000
1781234007,58.7,2400000,0xe0000
1781234008,58.7,2400000,0xe0000
1781234009,58.7,2400000,0xe0000
1781234010,58.7,2400000,0xe0000
1781234011,58.7,2400000,0xe0000
1781234012,58.7,2400000,0xe0000
1781234013,58.2,2400000,0xe0000
1781234014,59.3,2400000,0xe0000
1781234015,59.3,2400000,0xe0000
1781234016,58.2,2400000,0xe0000
1781234017,58.2,2400000,0xe0000
1781234018,59.3,2400000,0xe0000
1781234019,58.2,2400000,0xe0000
1781234021,59.3,2400000,0xe0000
1781234022,59.3,2400000,0xe0000
1781234023,58.2,2400000,0xe0000
1781234024,58.2,2400000,0xe0000
1781234025,58.7,2400000,0xe0000
1781234026,58.2,2400000,0xe0000
1781234027,59.3,2400000,0xe0000
1781234028,58.2,2400000,0xe0000
1781234029,57.6,2400000,0xe0000
1781234030,58.2,2400000,0xe0000
1781234031,58.7,2400000,0xe0000
1781234032,58.7,2400000,0xe0000
1781234033,57.6,2400000,0xe0000
1781234034,59.3,2400000,0xe0000
1781234035,58.7,2400000,0xe0000
1781234036,58.7,2400000,0xe0000
1781234037,58.7,2400000,0xe0000
1781234038,58.7,2400000,0xe0000
1781234039,59.3,2400000,0xe0000
1781234040,58.7,2400000,0xe0000
1781234041,59.3,2400000,0xe0000
1781234042,58.7,2400000,0xe0000
1781234043,58.7,2400000,0xe0000
1781234044,59.3,2400000,0xe0000
1781234046,58.7,2400000,0xe0000
1781234047,58.2,2400000,0xe0000
1781234048,58.7,2400000,0xe0000
1781234049,58.7,2400000,0xe0000
1781234050,58.7,2400000,0xe0000
1781234051,59.3,2400000,0xe0000
1781234052,59.3,2400000,0xe0000
1781234053,58.7,2400000,0xe0000
1781234054,59.3,2400000,0xe0000
1781234055,58.7,2400000,0xe0000
1781234056,59.3,2400000,0xe0000
1781234057,58.7,2400000,0xe0000
1781234058,58.7,2400000,0xe0000
1781234059,59.3,2400000,0xe0000
1781234060,58.7,2400000,0xe0000
1781234061,58.7,2400000,0xe0000
1781234062,59.8,2400000,0xe0000
1781234063,59.3,2400000,0xe0000
1781234064,59.3,2400000,0xe0000
1781234065,59.3,2400000,0xe0000
1781234067,59.3,2400000,0xe0000
1781234068,59.3,2400000,0xe0000
1781234069,59.3,2400000,0xe0000
1781234070,58.7,2400000,0xe0000
1781234071,59.3,2400000,0xe0000
1781234072,58.7,2400000,0xe0000
1781234073,58.7,2400000,0xe0000
1781234074,59.3,2400000,0xe0000
1781234075,59.3,2400000,0xe0000
1781234076,59.3,2400000,0xe0000
1781234077,58.2,2400000,0xe0000
1781234078,58.7,2400000,0xe0000
1781234079,59.3,2400000,0xe0000
1781234080,59.3,2400000,0xe0000
1781234081,59.3,2400000,0xe0000
1781234082,58.2,2400000,0xe0000
1781234083,58.7,2400000,0xe0000
1781234084,58.7,2400000,0xe0000
1781234085,59.3,2400000,0xe0000
1781234086,59.3,2400000,0xe0000
1781234087,58.7,2400000,0xe0000
1781234088,59.3,2400000,0xe0000
1781234090,58.7,2400000,0xe0000
1781234091,58.7,2400000,0xe0000
1781234092,59.3,2400000,0xe0000
1781234093,58.7,2400000,0xe0000
1781234094,58.7,2400000,0xe0000
1781234095,58.7,2400000,0xe0000
1781234096,57.6,2400000,0xe0000
1781234097,58.7,2400000,0xe0000
1781234098,58.7,2400000,0xe0000
1781234099,59.3,2400000,0xe0000
1781234100,59.8,2400000,0xe0000
1781234101,58.7,2400000,0xe0000
1781234102,59.3,2400000,0xe0000
1781234103,58.7,2400000,0xe0000
1781234104,59.3,2400000,0xe0000
1781234105,59.3,2400000,0xe0000
1781234106,59.3,2400000,0xe0000
1781234107,59.3,2400000,0xe0000
1781234108,59.3,2400000,0xe0000
1781234109,59.3,2400000,0xe0000
1781234110,58.7,2400000,0xe0000
1781234111,58.2,2400000,0xe0000
1781234112,59.3,2400000,0xe0000
1781234113,58.2,2400000,0xe0000
1781234115,58.7,2400000,0xe0000
1781234116,58.7,2400000,0xe0000
1781234117,59.3,2400000,0xe0000
1781234118,58.7,2400000,0xe0000
1781234119,58.7,2400000,0xe0000
1781234120,58.7,2400000,0xe0000
1781234121,59.3,2400000,0xe0000
1781234122,58.7,2400000,0xe0000
1781234123,59.3,2400000,0xe0000
1781234124,58.2,2400000,0xe0000
1781234125,59.3,2400000,0xe0000
1781234126,58.7,2400000,0xe0000
1781234127,59.3,2400000,0xe0000
1781234128,58.7,2400000,0xe0000
1781234129,59.3,2400000,0xe0000
1781234130,58.7,2400000,0xe0000
1781234131,59.3,2400000,0xe0000
1781234132,58.7,2400000,0xe0000
1781234133,58.7,2400000,0xe0000
1781234134,58.7,2400000,0xe0000
1781234135,58.7,2400000,0xe0000
1781234136,58.7,2400000,0xe0000
1781234137,59.3,2400000,0xe0000
1781234138,58.7,2400000,0xe0000
1781234139,58.7,2400000,0xe0000
1781234140,59.8,2400000,0xe0000
1781234141,59.3,2400000,0xe0000
1781234142,58.2,2400000,0xe0000
1781234143,58.7,2400000,0xe0000
1781234144,58.2,2400000,0xe0000
1781234146,59.3,2400000,0xe0000
1781234147,58.7,2400000,0xe0000
1781234148,58.7,2400000,0xe0000
1781234149,59.3,2400000,0xe0000
1781234150,58.7,2400000,0xe0000
1781234151,58.7,2400000,0xe0000
1781234152,58.7,2400000,0xe0000
1781234153,58.7,2400000,0xe0000
1781234154,58.2,2400000,0xe0000
1781234155,58.7,2400000,0xe0000
1781234156,59.3,2400000,0xe0000
1781234157,58.7,2400000,0xe0000
1781234158,58.7,2400000,0xe0000
1781234159,59.3,2400000,0xe0000
1781234160,59.3,2400000,0xe0000
1781234161,59.3,2400000,0xe0000
1781234162,59.3,2400000,0xe0000
1781234163,59.3,2400000,0xe0000
1781234164,59.3,2400000,0xe0000
1781234165,58.7,2400000,0xe0000
1781234166,59.3,2400000,0xe0000
1781234167,59.3,2400000,0xe0000
1781234168,59.3,2400000,0xe0000
1781234169,58.2,2400000,0xe0000
1781234171,59.3,2400000,0xe0000
1781234172,58.7,2400000,0xe0000
1781234173,59.3,2400000,0xe0000
1781234174,58.2,2400000,0xe0000
1781234175,59.3,2400000,0xe0000
1781234176,58.7,2400000,0xe0000
1781234177,59.3,2400000,0xe0000
1781234178,58.2,2400000,0xe0000
1781234179,59.3,2400000,0xe0000
1781234180,58.2,2400000,0xe0000
1781234181,59.3,2400000,0xe0000
1781234182,59.3,2400000,0xe0000
1781234183,59.3,2400000,0xe0000
1781234184,59.3,2400000,0xe0000
1781234185,58.7,2400000,0xe0000
1781234186,59.3,2400000,0xe0000
1781234187,59.3,2400000,0xe0000
1781234188,59.3,2400000,0xe0000
1781234189,58.7,2400000,0xe0000
1781234190,58.7,2400000,0xe0000
1781234191,58.7,2400000,0xe0000
1781234192,58.7,2400000,0xe0000
1781234193,58.7,2400000,0xe0000
1781234194,58.7,2400000,0xe0000
1781234195,58.7,2400000,0xe0000
1781234196,59.3,2400000,0xe0000
1781234197,59.3,2400000,0xe0000
1781234198,58.7,2400000,0xe0000
1781234199,58.7,2400000,0xe0000
1781234200,58.7,2400000,0xe0000
1781234202,58.7,2400000,0xe0000
1781234203,59.3,2400000,0xe0000
1781234204,58.7,2400000,0xe0000
1781234205,58.7,2400000,0xe0000
1781234206,59.3,2400000,0xe0000
1781234207,58.7,2400000,0xe0000
1781234208,59.3,2400000,0xe0000
1781234209,59.3,2400000,0xe0000
1781234210,58.7,2400000,0xe0000
1781234211,58.7,2400000,0xe0000
1781234212,58.7,2400000,0xe0000
1781234213,59.3,2400000,0xe0000
1781234214,58.7,2400000,0xe0000
1781234215,58.7,2400000,0xe0000
1781234216,58.7,2400000,0xe0000
1781234217,58.7,2400000,0xe0000
1781234218,58.7,2400000,0xe0000
1781234219,59.3,2400000,0xe0000
1781234220,59.3,2400000,0xe0000
1781234221,58.7,2400000,0xe0000
1781234222,58.2,2400000,0xe0000
1781234223,58.7,2400000,0xe0000
1781234224,58.7,2400000,0xe0000
1781234225,59.3,2400000,0xe0000
1781234226,58.7,2400000,0xe0000
1781234227,59.3,2400000,0xe0000
1781234228,59.3,2400000,0xe0000
1781234229,59.3,2400000,0xe0000
1781234230,58.7,2400000,0xe0000
1781234231,58.7,2400000,0xe0000
1781234233,59.3,2400000,0xe0000
1781234234,58.2,2400000,0xe0000
1781234235,58.7,2400000,0xe0000
1781234236,58.7,2400000,0xe0000
1781234237,58.2,2400000,0xe0000
1781234238,58.7,2400000,0xe0000
1781234239,59.3,2400000,0xe0000
1781234240,58.2,2400000,0xe0000
1781234241,58.7,2400000,0xe0000
1781234242,59.3,2400000,0xe0000
1781234243,58.7,2400000,0xe0000
1781234244,59.3,2400000,0xe0000
1781234245,58.7,2400000,0xe0000
1781234246,58.7,2400000,0xe0000
1781234247,59.3,2400000,0xe0000
1781234248,58.7,2400000,0xe0000
1781234249,59.3,2400000,0xe0000
1781234250,58.2,2400000,0xe0000
1781234251,58.7,2400000,0xe0000
1781234252,58.7,2400000,0xe0000
1781234253,59.3,2400000,0xe0000
1781234254,59.8,2400000,0xe0000
1781234255,58.7,2400000,0xe0000
1781234256,59.3,2400000,0xe0000
1781234257,58.2,2400000,0xe0000
1781234258,59.3,2400000,0xe0000
1781234259,58.7,2400000,0xe0000
1781234260,59.3,2400000,0xe0000
1781234261,59.3,2400000,0xe0000
1781234262,59.3,2400000,0xe0000
1781234263,58.7,2400000,0xe0000
1781234265,58.2,2400000,0xe0000
1781234266,58.7,2400000,0xe0000
1781234267,58.7,2400000,0xe0000
1781234268,58.7,2400000,0xe0000
1781234269,58.7,2400000,0xe0000
1781234270,58.7,2400000,0xe0000
1781234271,58.7,2400000,0xe0000
1781234272,59.3,2400000,0xe0000
1781234273,58.7,2400000,0xe0000
1781234274,59.3,2400000,0xe0000
1781234275,59.3,2400000,0xe0000
1781234276,58.7,2400000,0xe0000
1781234277,58.7,2400000,0xe0000
1781234278,59.3,2400000,0xe0000
1781234279,59.3,2400000,0xe0000
1781234280,58.7,2400000,0xe0000
1781234281,58.7,2400000,0xe0000
1781234282,59.3,2400000,0xe0000
1781234283,59.3,2400000,0xe0000
1781234284,59.3,2400000,0xe0000
1781234285,57.6,2400000,0xe0000
1781234286,58.7,2400000,0xe0000
1781234287,58.7,2400000,0xe0000
1781234288,59.3,2400000,0xe0000
1781234289,58.7,2400000,0xe0000
1781234290,59.3,2400000,0xe0000
1781234291,59.3,2400000,0xe0000
1781234293,59.3,2400000,0xe0000
1781234294,58.7,2400000,0xe0000
1781234295,59.3,2400000,0xe0000
1781234296,58.7,2400000,0xe0000
1781234297,59.3,2400000,0xe0000
1781234298,59.3,2400000,0xe0000
1781234299,59.3,2400000,0xe0000
1781234300,58.7,2400000,0xe0000
1781234301,58.7,2400000,0xe0000
1781234302,58.7,2400000,0xe0000
1781234303,59.3,2400000,0xe0000
1781234304,58.7,2400000,0xe0000
1781234305,58.7,2400000,0xe0000
1781234306,58.2,2400000,0xe0000
1781234307,58.7,2400000,0xe0000
1781234308,59.3,2400000,0xe0000
1781234309,59.3,2400000,0xe0000
1781234310,59.3,2400000,0xe0000
1781234311,59.3,2400000,0xe0000
1781234312,59.3,2400000,0xe0000
1781234314,59.3,2400000,0xe0000
1781234315,59.8,2400000,0xe0000
1781234316,58.7,2400000,0xe0000
1781234317,59.3,2400000,0xe0000
1781234318,58.2,2400000,0xe0000
1781234319,59.3,2400000,0xe0000
1781234320,59.3,2400000,0xe0000
1781234321,59.3,2400000,0xe0000
1781234322,58.7,2400000,0xe0000
1781234323,59.3,2400000,0xe0000
1781234324,59.8,2400000,0xe0000
1781234325,58.7,2400000,0xe0000
1781234326,59.3,2400000,0xe0000
1781234327,59.3,2400000,0xe0000
1781234328,59.3,2400000,0xe0000
1781234330,59.3,2400000,0xe0000
1781234331,58.7,2400000,0xe0000
1781234332,58.7,2400000,0xe0000
1781234333,58.7,2400000,0xe0000
1781234334,59.3,2400000,0xe0000
1781234335,59.3,2400000,0xe0000
1781234336,59.3,2400000,0xe0000
1781234337,59.3,2400000,0xe0000
1781234338,58.7,2400000,0xe0000
1781234339,59.3,2400000,0xe0000
1781234340,59.8,2400000,0xe0000
1781234341,58.7,2400000,0xe0000
1781234342,58.7,2400000,0xe0000
1781234343,59.3,2400000,0xe0000
1781234344,59.3,2400000,0xe0000
1781234345,59.3,2400000,0xe0000
1781234346,59.3,2400000,0xe0000
1781234348,58.7,2400000,0xe0000
1781234349,58.7,2400000,0xe0000
1781234350,59.3,2400000,0xe0000
1781234351,59.3,2400000,0xe0000
1781234352,58.7,2400000,0xe0000
1781234353,58.7,2400000,0xe0000
1781234354,58.2,2400000,0xe0000
1781234355,59.3,2400000,0xe0000
1781234356,58.7,2400000,0xe0000
1781234357,59.3,2400000,0xe0000
1781234358,59.3,2400000,0xe0000
1781234359,59.3,2400000,0xe0000
1781234360,59.3,2400000,0xe0000
1781234361,58.2,2400000,0xe0000
1781234362,59.3,2400000,0xe0000
1781234363,58.7,2400000,0xe0000
1781234364,58.7,2400000,0xe0000
1781234365,59.3,2400000,0xe0000
1781234366,58.7,2400000,0xe0000
1781234367,58.7,2400000,0xe0000
1781234368,58.7,2400000,0xe0000
1781234369,58.7,2400000,0xe0000
1781234370,59.3,2400000,0xe0000
1781234371,59.3,2400000,0xe0000
1781234372,57.6,2400000,0xe0000
1781234373,58.7,2400000,0xe0000
1781234374,59.3,2400000,0xe0000
1781234375,58.7,2400000,0xe0000
1781234376,59.3,2400000,0xe0000
1781234378,58.7,2400000,0xe0000
1781234379,58.7,2400000,0xe0000
1781234380,59.3,2400000,0xe0000
1781234381,59.3,2400000,0xe0000
1781234382,59.8,2400000,0xe0000
1781234383,59.3,2400000,0xe0000
1781234384,58.7,2400000,0xe0000
1781234385,59.3,2400000,0xe0000
1781234386,58.7,2400000,0xe0000
1781234387,58.7,2400000,0xe0000
1781234388,59.3,2400000,0xe0000
1781234389,59.3,2400000,0xe0000
1781234390,59.8,2400000,0xe0000
1781234391,58.7,2400000,0xe0000
1781234392,58.7,2400000,0xe0000
1781234393,59.3,2400000,0xe0000
1781234394,59.3,2400000,0xe0000
1781234395,58.7,2400000,0xe0000
1781234396,58.7,2400000,0xe0000
1781234397,58.7,2400000,0xe0000
1781234398,59.3,2400000,0xe0000
1781234400,59.3,2400000,0xe0000
1781234401,59.3,2400000,0xe0000
1781234402,59.3,2400000,0xe0000
1781234403,59.3,2400000,0xe0000
1781234404,58.7,2400000,0xe0000
1781234405,58.7,2400000,0xe0000
1781234406,59.3,2400000,0xe0000
1781234407,58.7,2400000,0xe0000
1781234408,59.3,2400000,0xe0000
1781234409,58.7,2400000,0xe0000
1781234410,57.6,2400000,0xe0000
1781234411,58.7,2400000,0xe0000
1781234412,59.3,2400000,0xe0000
1781234413,59.3,2400000,0xe0000
1781234414,58.2,2400000,0xe0000
1781234415,58.7,2400000,0xe0000
1781234416,59.3,2400000,0xe0000
1781234417,58.7,2400000,0xe0000
1781234418,58.7,2400000,0xe0000
1781234419,59.3,2400000,0xe0000
1781234420,59.3,2400000,0xe0000
1781234421,59.3,2400000,0xe0000
1781234423,58.7,2400000,0xe0000
1781234424,58.7,2400000,0xe0000
1781234425,59.8,2400000,0xe0000
1781234426,59.3,2400000,0xe0000
1781234427,59.3,2400000,0xe0000
1781234428,59.3,2400000,0xe0000
1781234429,59.3,2400000,0xe0000
1781234430,59.3,2400000,0xe0000
1781234431,58.7,2400000,0xe0000
1781234432,59.3,2400000,0xe0000
1781234433,59.3,2400000,0xe0000
1781234434,59.3,2400000,0xe0000
1781234435,59.3,2400000,0xe0000
1781234436,59.3,2400000,0xe0000
1781234437,58.2,2400000,0xe0000
1781234438,58.7,2400000,0xe0000
1781234439,59.3,2400000,0xe0000
1781234440,59.3,2400000,0xe0000
1781234441,59.3,2400000,0xe0000
1781234442,58.7,2400000,0xe0000
1781234443,59.3,2400000,0xe0000
1781234444,59.3,2400000,0xe0000
1781234445,59.3,2400000,0xe0000
1781234446,59.3,2400000,0xe0000
1781234447,58.7,2400000,0xe0000
1781234448,59.3,2400000,0xe0000
1781234449,59.3,2400000,0xe0000
1781234450,59.3,2400000,0xe0000
1781234451,58.7,2400000,0xe0000
1781234452,58.7,2400000,0xe0000
1781234453,58.7,2400000,0xe0000
1781234455,59.3,2400000,0xe0000
1781234456,58.7,2400000,0xe0000
1781234457,58.7,2400000,0xe0000
1781234458,58.7,2400000,0xe0000
1781234459,59.3,2400000,0xe0000
1781234460,59.8,2400000,0xe0000
1781234461,59.3,2400000,0xe0000
1781234462,58.7,2400000,0xe0000
1781234463,58.7,2400000,0xe0000
1781234464,59.3,2400000,0xe0000
1781234465,59.3,2400000,0xe0000
1781234466,59.3,2400000,0xe0000
1781234467,59.3,2400000,0xe0000
1781234468,58.7,2400000,0xe0000
1781234469,58.7,2400000,0xe0000
1781234470,58.7,2400000,0xe0000
1781234471,59.3,2400000,0xe0000
1781234472,58.2,2400000,0xe0000
1781234473,58.7,2400000,0xe0000
1781234474,58.7,2400000,0xe0000
1781234475,58.7,2400000,0xe0000
1781234476,58.7,2400000,0xe0000
1781234477,59.3,2400000,0xe0000
1781234478,58.7,2400000,0xe0000
1781234479,59.3,2400000,0xe0000
1781234480,58.2,2400000,0xe0000
1781234481,58.7,2400000,0xe0000
1781234482,59.3,2400000,0xe0000
1781234483,59.3,2400000,0xe0000
1781234484,59.8,2400000,0xe0000
1781234485,58.2,2400000,0xe0000
1781234486,59.3,2400000,0xe0000
1781234487,59.3,2400000,0xe0000
1781234488,58.2,2400000,0xe0000
1781234490,59.3,2400000,0xe0000
1781234491,58.7,2400000,0xe0000
1781234492,59.3,2400000,0xe0000
1781234493,59.3,2400000,0xe0000
1781234494,58.7,2400000,0xe0000
1781234495,58.2,2400000,0xe0000
1781234496,59.3,2400000,0xe0000
1781234497,58.7,2400000,0xe0000
1781234498,58.7,2400000,0xe0000
1781234499,59.3,2400000,0xe0000
1781234500,58.7,2400000,0xe0000
1781234501,59.3,2400000,0xe0000
1781234502,58.7,2400000,0xe0000
1781234503,59.3,2400000,0xe0000
1781234504,59.3,2400000,0xe0000
1781234505,58.7,2400000,0xe0000
1781234506,58.7,2400000,0xe0000
1781234507,58.7,2400000,0xe0000
1781234509,58.7,2400000,0xe0000
1781234510,58.7,2400000,0xe0000
1781234511,59.3,2400000,0xe0000
1781234512,59.3,2400000,0xe0000
1781234513,59.3,2400000,0xe0000
1781234514,59.3,2400000,0xe0000
1781234515,59.3,2400000,0xe0000
1781234516,58.2,2400000,0xe0000
1781234517,59.3,2400000,0xe0000
1781234518,57.6,2400000,0xe0000
1781234519,59.3,2400000,0xe0000
1781234520,58.7,2400000,0xe0000
1781234521,58.2,2400000,0xe0000
1781234522,59.8,2400000,0xe0000
1781234523,58.7,2400000,0xe0000
1781234524,59.3,2400000,0xe0000
1781234525,59.8,2400000,0xe0000
1781234526,58.7,2400000,0xe0000
1781234527,59.3,2400000,0xe0000
1781234528,58.7,2400000,0xe0000
1781234529,59.3,2400000,0xe0000
1781234530,58.7,2400000,0xe0000
1781234531,59.3,2400000,0xe0000
1781234532,59.8,2400000,0xe0000
1781234533,58.7,2400000,0xe0000
1781234534,58.7,2400000,0xe0000
1781234536,59.3,2400000,0xe0000
1781234537,58.7,2400000,0xe0000
1781234538,59.3,2400000,0xe0000
1781234539,59.3,2400000,0xe0000
1781234540,58.7,2400000,0xe0000
1781234541,58.7,2400000,0xe0000
1781234542,58.7,2400000,0xe0000
1781234543,59.3,2400000,0xe0000
1781234544,59.3,2400000,0xe0000
1781234545,58.7,2400000,0xe0000
1781234546,59.3,2400000,0xe0000
1781234547,59.3,2400000,0xe0000
1781234548,59.3,2400000,0xe0000
1781234549,59.3,2400000,0xe0000
1781234550,59.3,2400000,0xe0000
1781234551,59.3,2400000,0xe0000
1781234552,59.3,2400000,0xe0000
1781234553,58.7,2400000,0xe0000
1781234554,59.8,2400000,0xe0000
1781234555,58.7,2400000,0xe0000
1781234556,59.3,2400000,0xe0000
1781234557,59.3,2400000,0xe0000
1781234558,58.7,2400000,0xe0000
1781234559,58.7,2400000,0xe0000
1781234560,58.7,2400000,0xe0000
1781234561,58.2,2400000,0xe0000
1781234562,58.7,2400000,0xe0000
1781234563,58.7,2400000,0xe0000
1781234564,59.3,2400000,0xe0000
1781234566,58.2,2400000,0xe0000
1781234567,58.7,2400000,0xe0000
1781234568,58.7,2400000,0xe0000
1781234569,58.7,2400000,0xe0000
1781234570,58.7,2400000,0xe0000
1781234571,59.3,2400000,0xe0000
1781234572,58.7,2400000,0xe0000
1781234573,59.8,2400000,0xe0000
1781234574,59.3,2400000,0xe0000
1781234575,58.7,2400000,0xe0000
1781234576,59.3,2400000,0xe0000
1781234577,59.3,2400000,0xe0000
1781234578,58.7,2400000,0xe0000
1781234579,59.3,2400000,0xe0000
1781234580,58.7,2400000,0xe0000
1781234581,58.7,2400000,0xe0000
1781234582,58.2,2400000,0xe0000
1781234583,59.3,2400000,0xe0000
1781234584,59.3,2400000,0xe0000
1781234585,59.3,2400000,0xe0000
1781234586,59.3,2400000,0xe0000
1781234587,58.7,2400000,0xe0000
1781234588,59.3,2400000,0xe0000
1781234589,58.7,2400000,0xe0000
1781234590,58.7,2400000,0xe0000
1781234592,59.3,2400000,0xe0000
1781234593,58.7,2400000,0xe0000
1781234594,59.3,2400000,0xe0000
1781234595,58.7,2400000,0xe0000
1781234596,58.7,2400000,0xe0000
1781234597,58.7,2400000,0xe0000
1781234598,58.7,2400000,0xe0000
1781234599,58.7,2400000,0xe0000
1781234600,59.3,2400000,0xe0000
1781234601,59.3,2400000,0xe0000
1781234602,58.7,2400000,0xe0000
1781234603,59.3,2400000,0xe0000
1781234604,58.7,2400000,0xe0000
1781234605,59.3,2400000,0xe0000
1781234606,59.3,2400000,0xe0000
1781234607,58.7,2400000,0xe0000
1781234608,58.7,2400000,0xe0000
1781234609,59.3,2400000,0xe0000
1781234610,59.3,2400000,0xe0000
1781234611,59.3,2400000,0xe0000
1781234612,58.7,2400000,0xe0000
1781234613,59.3,2400000,0xe0000
1781234614,59.3,2400000,0xe0000
1781234615,59.3,2400000,0xe0000
1781234616,58.7,2400000,0xe0000
1781234617,59.3,2400000,0xe0000
1781234618,58.2,2400000,0xe0000
1781234619,58.7,2400000,0xe0000
1781234620,59.3,2400000,0xe0000
1781234621,59.3,2400000,0xe0000
1781234622,58.2,2400000,0xe0000
1781234623,59.3,2400000,0xe0000
1781234624,58.7,2400000,0xe0000
1781234625,59.3,2400000,0xe0000
1781234626,58.7,2400000,0xe0000
1781234627,59.3,2400000,0xe0000
1781234629,59.3,2400000,0xe0000
1781234630,59.3,2400000,0xe0000
1781234631,59.3,2400000,0xe0000
1781234632,59.3,2400000,0xe0000
1781234633,58.2,2400000,0xe0000
1781234634,58.7,2400000,0xe0000
1781234635,59.3,2400000,0xe0000
1781234636,59.8,2400000,0xe0000
1781234637,58.2,2400000,0xe0000
1781234638,59.3,2400000,0xe0000
1781234639,59.3,2400000,0xe0000
1781234640,58.7,2400000,0xe0000
1781234641,59.3,2400000,0xe0000
1781234642,58.7,2400000,0xe0000
1781234643,58.2,2400000,0xe0000
1781234644,59.3,2400000,0xe0000
1781234645,59.3,2400000,0xe0000
1781234646,58.7,2400000,0xe0000
1781234647,58.7,2400000,0xe0000
1781234648,58.7,2400000,0xe0000
1781234649,58.7,2400000,0xe0000
1781234650,58.7,2400000,0xe0000
1781234651,58.7,2400000,0xe0000
1781234652,59.3,2400000,0xe0000
1781234653,58.2,2400000,0xe0000
1781234654,59.3,2400000,0xe0000
1781234655,59.3,2400000,0xe0000
1781234656,59.3,2400000,0xe0000
1781234657,59.3,2400000,0xe0000
1781234658,58.2,2400000,0xe0000
1781234660,59.3,2400000,0xe0000
1781234661,59.3,2400000,0xe0000
1781234662,59.3,2400000,0xe0000
1781234663,58.7,2400000,0xe0000
1781234664,58.7,2400000,0xe0000
1781234665,58.7,2400000,0xe0000
1781234666,59.3,2400000,0xe0000
1781234667,58.2,2400000,0xe0000
1781234668,58.7,2400000,0xe0000
1781234669,59.3,2400000,0xe0000
1781234670,59.3,2400000,0xe0000
1781234671,58.2,2400000,0xe0000
1781234672,58.7,2400000,0xe0000
1781234673,58.7,2400000,0xe0000
1781234674,58.7,2400000,0xe0000
1781234675,58.7,2400000,0xe0000
1781234676,59.3,2400000,0xe0000
1781234677,58.7,2400000,0xe0000
1781234678,58.7,2400000,0xe0000
1781234679,59.3,2400000,0xe0000
1781234680,59.3,2400000,0xe0000
1781234681,58.7,2400000,0xe0000
1781234682,59.3,2400000,0xe0000
1781234683,59.3,2400000,0xe0000
1781234685,58.7,2400000,0xe0000
1781234686,58.7,2400000,0xe0000
1781234687,59.3,2400000,0xe0000
1781234688,58.2,2400000,0xe0000
1781234689,58.7,2400000,0xe0000
1781234690,59.3,2400000,0xe0000
1781234691,59.3,2400000,0xe0000
1781234692,58.2,2400000,0xe0000
1781234693,59.3,2400000,0xe0000
1781234694,59.3,2400000,0xe0000
1781234695,59.3,2400000,0xe0000
1781234696,59.8,2400000,0xe0000
1781234697,59.3,2400000,0xe0000
1781234698,59.3,2400000,0xe0000
1781234699,58.7,2400000,0xe0000
1781234700,59.3,2400000,0xe0000
1781234701,58.2,2400000,0xe0000
1781234703,58.7,2400000,0xe0000
1781234704,58.2,2400000,0xe0000
1781234705,59.3,2400000,0xe0000
1781234706,59.3,2400000,0xe0000
1781234707,59.8,2400000,0xe0000
1781234708,59.3,2400000,0xe0000
1781234709,58.7,2400000,0xe0000
1781234710,58.7,2400000,0xe0000
1781234711,59.3,2400000,0xe0000
1781234712,59.3,2400000,0xe0000
1781234713,59.3,2400000,0xe0000
1781234714,58.7,2400000,0xe0000
1781234715,58.2,2400000,0xe0000
1781234716,59.3,2400000,0xe0000
1781234717,59.8,2400000,0xe0000
1781234718,59.3,2400000,0xe0000
1781234719,58.7,2400000,0xe0000
1781234720,58.7,2400000,0xe0000
1781234721,59.3,2400000,0xe0000
1781234722,58.7,2400000,0xe0000
1781234723,59.3,2400000,0xe0000
1781234724,59.3,2400000,0xe0000
1781234726,59.8,2400000,0xe0000
1781234727,59.3,2400000,0xe0000
1781234728,59.3,2400000,0xe0000
1781234729,58.7,2400000,0xe0000
1781234730,58.7,2400000,0xe0000
1781234731,59.8,2400000,0xe0000
1781234732,59.3,2400000,0xe0000
1781234733,58.7,2400000,0xe0000
1781234734,59.3,2400000,0xe0000
1781234735,58.7,2400000,0xe0000
1781234736,58.7,2400000,0xe0000
1781234737,57.6,2400000,0xe0000
1781234738,59.3,2400000,0xe0000
1781234739,59.3,2400000,0xe0000
1781234740,59.3,2400000,0xe0000
1781234741,58.7,2400000,0xe0000
1781234742,58.7,2400000,0xe0000
1781234743,59.3,2400000,0xe0000
1781234744,58.7,2400000,0xe0000
1781234745,59.3,2400000,0xe0000
1781234746,59.3,2400000,0xe0000
1781234747,59.3,2400000,0xe0000
1781234748,58.7,2400000,0xe0000
1781234749,59.3,2400000,0xe0000
1781234750,59.3,2400000,0xe0000
1781234751,58.7,2400000,0xe0000
1781234752,59.3,2400000,0xe0000
1781234753,59.3,2400000,0xe0000
1781234755,59.3,2400000,0xe0000
1781234756,58.7,2400000,0xe0000
1781234757,58.7,2400000,0xe0000
1781234758,59.3,2400000,0xe0000
1781234759,58.7,2400000,0xe0000
1781234760,58.7,2400000,0xe0000
1781234761,58.7,2400000,0xe0000
1781234762,59.3,2400000,0xe0000
1781234763,58.7,2400000,0xe0000
1781234764,58.7,2400000,0xe0000
1781234765,59.3,2400000,0xe0000
1781234766,59.3,2400000,0xe0000
1781234767,58.2,2400000,0xe0000
1781234768,59.3,2400000,0xe0000
1781234769,58.7,2400000,0xe0000
1781234770,58.7,2400000,0xe0000
1781234771,59.3,2400000,0xe0000
1781234772,58.7,2400000,0xe0000
1781234774,58.7,2400000,0xe0000
1781234775,58.7,2400000,0xe0000
1781234776,58.7,2400000,0xe0000
1781234777,58.7,2400000,0xe0000
1781234778,58.7,2400000,0xe0000
1781234779,59.3,2400000,0xe0000
1781234780,59.3,2400000,0xe0000
1781234781,58.7,2400000,0xe0000
1781234782,59.3,2400000,0xe0000
1781234783,58.7,2400000,0xe0000
1781234784,59.3,2400000,0xe0000
1781234785,59.3,2400000,0xe0000
1781234786,59.3,2400000,0xe0000
1781234787,58.2,2400000,0xe0000
1781234788,58.7,2400000,0xe0000
1781234789,59.3,2400000,0xe0000
1781234790,58.7,2400000,0xe0000
1781234791,59.8,2400000,0xe0000
1781234792,59.3,2400000,0xe0000
1781234793,59.3,2400000,0xe0000
1781234794,59.3,2400000,0xe0000
1781234795,58.7,2400000,0xe0000
1781234796,59.3,2400000,0xe0000
1781234797,59.8,2400000,0xe0000
1781234799,57.6,2400000,0xe0000
1781234800,59.3,2400000,0xe0000
1781234801,59.3,2400000,0xe0000
1781234802,59.3,2400000,0xe0000
1781234803,59.3,2400000,0xe0000
1781234804,59.3,2400000,0xe0000
1781234805,59.3,2400000,0xe0000
1781234806,59.3,2400000,0xe0000
1781234807,59.3,2400000,0xe0000
1781234808,58.7,2400000,0xe0000
1781234809,59.3,2400000,0xe0000
1781234810,59.3,2400000,0xe0000
1781234811,58.7,2400000,0xe0000
1781234812,59.3,2400000,0xe0000
1781234813,59.3,2400000,0xe0000
1781234814,59.3,2400000,0xe0000
1781234815,59.3,2400000,0xe0000
1781234816,58.7,2400000,0xe0000
1781234817,58.7,2400000,0xe0000
1781234818,59.3,2400000,0xe0000
1781234819,58.2,2400000,0xe0000
1781234820,58.7,2400000,0xe0000
1781234821,58.7,2400000,0xe0000
1781234822,59.3,2400000,0xe0000
1781234823,58.7,2400000,0xe0000
1781234824,59.3,2400000,0xe0000
1781234825,59.3,2400000,0xe0000
1781234826,58.7,2400000,0xe0000
1781234827,59.3,2400000,0xe0000
1781234828,58.7,2400000,0xe0000
1781234829,59.3,2400000,0xe0000
1781234831,59.3,2400000,0xe0000
1781234832,58.2,2400000,0xe0000
1781234833,59.3,2400000,0xe0000
1781234834,58.7,2400000,0xe0000
1781234835,59.3,2400000,0xe0000
1781234836,59.3,2400000,0xe0000
1781234837,59.3,2400000,0xe0000
1781234838,58.7,2400000,0xe0000
1781234839,59.3,2400000,0xe0000
1781234840,58.2,2400000,0xe0000
1781234841,58.7,2400000,0xe0000
1781234842,59.3,2400000,0xe0000
1781234843,59.3,2400000,0xe0000
1781234844,58.7,2400000,0xe0000
1781234845,59.3,2400000,0xe0000
1781234846,59.3,2400000,0xe0000
1781234847,59.3,2400000,0xe0000
1781234848,58.7,2400000,0xe0000
1781234849,59.3,2400000,0xe0000
1781234850,58.7,2400000,0xe0000
1781234851,59.3,2400000,0xe0000
1781234853,59.3,2400000,0xe0000
1781234854,59.3,2400000,0xe0000
1781234855,58.2,2400000,0xe0000
1781234856,58.7,2400000,0xe0000
1781234857,59.3,2400000,0xe0000
1781234858,59.3,2400000,0xe0000
1781234859,58.2,2400000,0xe0000
1781234860,58.7,2400000,0xe0000
1781234861,58.2,2400000,0xe0000
1781234862,59.3,2400000,0xe0000
1781234863,59.3,2400000,0xe0000
1781234864,59.3,2400000,0xe0000
1781234865,59.3,2400000,0xe0000
1781234866,58.7,2400000,0xe0000
1781234867,58.7,2400000,0xe0000
1781234868,58.7,2400000,0xe0000
1781234869,59.3,2400000,0xe0000
1781234870,59.8,2400000,0xe0000
1781234871,59.3,2400000,0xe0000
1781234872,59.3,2400000,0xe0000
1781234873,59.3,2400000,0xe0000
1781234874,59.3,2400000,0xe0000
1781234875,59.3,2400000,0xe0000
1781234876,59.3,2400000,0xe0000
1781234877,59.3,2400000,0xe0000
1781234878,58.7,2400000,0xe0000
1781234879,59.3,2400000,0xe0000
1781234880,59.3,2400000,0xe0000
1781234881,58.7,2400000,0xe0000
1781234882,59.8,2400000,0xe0000
1781234883,58.7,2400000,0xe0000
1781234884,59.3,2400000,0xe0000
1781234885,59.3,2400000,0xe0000
1781234886,58.2,2400000,0xe0000
1781234887,59.3,2400000,0xe0000
1781234888,59.3,2400000,0xe0000
1781234889,58.7,2400000,0xe0000
1781234891,59.8,2400000,0xe0000
1781234892,59.3,2400000,0xe0000
1781234893,58.2,2400000,0xe0000
1781234894,59.3,2400000,0xe0000
1781234895,58.2,2400000,0xe0000
1781234896,59.3,2400000,0xe0000
1781234897,59.3,2400000,0xe0000
1781234898,58.7,2400000,0xe0000
1781234899,59.3,2400000,0xe0000
1781234900,58.2,2400000,0xe0000
1781234901,58.2,2400000,0xe0000
1781234902,59.3,2400000,0xe0000
1781234903,59.3,2400000,0xe0000
1781234904,58.7,2400000,0xe0000
1781234905,59.8,2400000,0xe0000
1781234906,58.7,2400000,0xe0000
1781234907,58.7,2400000,0xe0000
1781234909,58.7,2400000,0xe0000
1781234910,58.7,2400000,0xe0000
1781234911,59.3,2400000,0xe0000
1781234912,58.7,2400000,0xe0000
1781234913,59.3,2400000,0xe0000
1781234914,58.7,2400000,0xe0000
1781234915,58.7,2400000,0xe0000
1781234916,58.7,2400000,0xe0000
1781234917,58.7,2400000,0xe0000
1781234918,58.7,2400000,0xe0000
1781234919,58.7,2400000,0xe0000
1781234920,59.3,2400000,0xe0000
1781234921,59.3,2400000,0xe0000
1781234922,59.3,2400000,0xe0000
1781234923,59.3,2400000,0xe0000
1781234924,58.7,2400000,0xe0000
1781234925,59.3,2400000,0xe0000
1781234926,59.3,2400000,0xe0000
1781234927,59.3,2400000,0xe0000
1781234928,59.3,2400000,0xe0000
1781234930,57.6,2400000,0xe0000
1781234931,59.3,2400000,0xe0000
1781234932,59.3,2400000,0xe0000
1781234933,59.8,2400000,0xe0000
1781234934,58.7,2400000,0xe0000
1781234935,59.3,2400000,0xe0000
1781234936,59.3,2400000,0xe0000
1781234937,59.3,2400000,0xe0000
1781234938,58.2,2400000,0xe0000
1781234939,58.7,2400000,0xe0000
1781234940,59.3,2400000,0xe0000
1781234941,59.3,2400000,0xe0000
1781234942,59.3,2400000,0xe0000
1781234943,58.2,2400000,0xe0000
1781234944,59.3,2400000,0xe0000
1781234945,59.3,2400000,0xe0000
1781234946,59.8,2400000,0xe0000
1781234947,59.3,2400000,0xe0000
1781234948,58.7,2400000,0xe0000
1781234949,58.7,2400000,0xe0000
1781234950,59.8,2400000,0xe0000
1781234951,59.3,2400000,0xe0000
1781234952,59.3,2400000,0xe0000
1781234954,58.2,2400000,0xe0000
1781234955,58.7,2400000,0xe0000
1781234956,59.3,2400000,0xe0000
1781234957,58.7,2400000,0xe0000
1781234958,59.3,2400000,0xe0000
1781234959,58.7,2400000,0xe0000
1781234960,58.7,2400000,0xe0000
1781234961,59.3,2400000,0xe0000
1781234962,58.2,2400000,0xe0000
1781234963,59.3,2400000,0xe0000
1781234964,58.7,2400000,0xe0000
1781234965,59.3,2400000,0xe0000
1781234966,58.2,2400000,0xe0000
1781234967,59.3,2400000,0xe0000
1781234968,59.3,2400000,0xe0000
1781234969,58.7,2400000,0xe0000
1781234970,57.6,2400000,0xe0000
1781234971,59.8,2400000,0xe0000
1781234972,59.3,2400000,0xe0000
1781234974,58.7,2400000,0xe0000
1781234975,59.3,2400000,0xe0000
1781234976,58.7,2400000,0xe0000
1781234977,59.3,2400000,0xe0000
1781234978,59.3,2400000,0xe0000
1781234979,59.3,2400000,0xe0000
1781234980,58.7,2400000,0xe0000
1781234981,59.8,2400000,0xe0000
1781234982,59.3,2400000,0xe0000
1781234983,59.3,2400000,0xe0000
1781234984,59.3,2400000,0xe0000
1781234985,59.3,2400000,0xe0000
1781234986,58.2,2400000,0xe0000
1781234987,59.3,2400000,0xe0000
1781234988,59.3,2400000,0xe0000
1781234989,58.7,2400000,0xe0000
1781234990,59.3,2400000,0xe0000
1781234991,58.7,2400000,0xe0000
1781234992,58.7,2400000,0xe0000
1781234994,59.3,2400000,0xe0000
1781234995,59.3,2400000,0xe0000
1781234996,59.3,2400000,0xe0000
1781234997,59.3,2400000,0xe0000
1781234998,58.2,2400000,0xe0000
1781234999,58.7,2400000,0xe0000
1781235000,59.3,2400000,0xe0000
1781235001,58.7,2400000,0xe0000
1781235002,58.7,2400000,0xe0000
1781235003,59.8,2400000,0xe0000
1781235004,58.7,2400000,0xe0000
1781235005,59.3,2400000,0xe0000
1781235006,58.7,2400000,0xe0000
1781235007,59.3,2400000,0xe0000
1781235008,59.3,2400000,0xe0000
1781235009,58.7,2400000,0xe0000
1781235010,59.3,2400000,0xe0000
1781235012,59.3,2400000,0xe0000
1781235013,59.3,2400000,0xe0000
1781235014,59.3,2400000,0xe0000
1781235015,59.3,2400000,0xe0000
1781235016,59.3,2400000,0xe0000
1781235017,59.3,2400000,0xe0000
1781235018,58.7,2400000,0xe0000
1781235019,59.3,2400000,0xe0000
1781235020,59.3,2400000,0xe0000
1781235021,59.3,2400000,0xe0000
1781235022,59.3,2400000,0xe0000
1781235023,58.7,2400000,0xe0000
1781235024,59.3,2400000,0xe0000
1781235025,59.3,2400000,0xe0000
1781235026,59.3,2400000,0xe0000
1781235027,59.3,2400000,0xe0000
1781235028,59.3,2400000,0xe0000
1781235029,58.7,2400000,0xe0000
1781235030,59.3,2400000,0xe0000
1781235031,59.8,2400000,0xe0000
1781235032,59.3,2400000,0xe0000
1781235033,58.7,2400000,0xe0000
1781235035,59.3,2400000,0xe0000
1781235036,58.2,2400000,0xe0000
1781235037,58.7,2400000,0xe0000
1781235038,58.7,2400000,0xe0000
1781235039,59.3,2400000,0xe0000
1781235040,59.3,2400000,0xe0000
1781235041,59.3,2400000,0xe0000
1781235042,58.7,2400000,0xe0000
1781235043,59.3,2400000,0xe0000
1781235044,58.7,2400000,0xe0000
1781235045,59.3,2400000,0xe0000
1781235046,59.3,2400000,0xe0000
1781235047,58.7,2400000,0xe0000
1781235048,59.3,2400000,0xe0000
1781235049,59.3,2400000,0xe0000
1781235050,59.3,2400000,0xe0000
1781235051,58.7,2400000,0xe0000
1781235052,59.3,2400000,0xe0000
1781235053,59.3,2400000,0xe0000
1781235054,59.3,2400000,0xe0000
1781235055,58.7,2400000,0xe0000
1781235056,59.3,2400000,0xe0000
1781235057,59.3,2400000,0xe0000
1781235059,58.2,2400000,0xe0000
1781235060,59.3,2400000,0xe0000
1781235061,58.7,2400000,0xe0000
1781235062,59.3,2400000,0xe0000
1781235063,59.3,2400000,0xe0000
1781235064,58.7,2400000,0xe0000
1781235065,59.3,2400000,0xe0000
1781235066,58.2,2400000,0xe0000
1781235067,59.3,2400000,0xe0000
1781235068,59.3,2400000,0xe0000
1781235069,59.8,2400000,0xe0000
1781235070,59.8,2400000,0xe0000
1781235071,59.8,2400000,0xe0000
1781235072,59.8,2400000,0xe0000
1781235073,59.3,2400000,0xe0000
1781235074,59.3,2400000,0xe0000
1781235075,59.8,2400000,0xe0000
1781235076,58.7,2400000,0xe0000
1781235077,58.7,2400000,0xe0000
1781235078,59.3,2400000,0xe0000
1781235079,59.8,2400000,0xe0000
1781235080,59.8,2400000,0xe0000
1781235081,59.3,2400000,0xe0000
1781235082,58.7,2400000,0xe0000
1781235083,59.3,2400000,0xe0000
1781235084,59.3,2400000,0xe0000
1781235085,59.8,2400000,0xe0000
1781235086,59.8,2400000,0xe0000
1781235088,58.7,2400000,0xe0000
1781235089,58.7,2400000,0xe0000
1781235090,59.3,2400000,0xe0000
1781235091,59.3,2400000,0xe0000
1781235092,58.7,2400000,0xe0000
1781235093,58.7,2400000,0xe0000
1781235094,59.3,2400000,0xe0000
1781235095,59.3,2400000,0xe0000
1781235096,58.7,2400000,0xe0000
1781235097,59.3,2400000,0xe0000
1781235098,59.3,2400000,0xe0000
1781235099,58.7,2400000,0xe0000
1781235100,58.7,2400000,0xe0000
1781235101,59.3,2400000,0xe0000
1781235102,58.7,2400000,0xe0000
1781235103,58.7,2400000,0xe0000
1781235104,59.3,2400000,0xe0000
1781235105,59.3,2400000,0xe0000
1781235106,58.2,2400000,0xe0000
1781235107,59.3,2400000,0xe0000
1781235108,58.7,2400000,0xe0000
1781235109,58.7,2400000,0xe0000
1781235110,59.3,2400000,0xe0000
1781235111,58.7,2400000,0xe0000
1781235112,59.8,2400000,0xe0000
1781235113,59.3,2400000,0xe0000
1781235114,59.3,2400000,0xe0000
1781235115,59.3,2400000,0xe0000
1781235117,58.7,2400000,0xe0000
1781235118,59.3,2400000,0xe0000
1781235119,58.7,2400000,0xe0000
1781235120,58.2,2400000,0xe0000
1781235121,58.7,2400000,0xe0000
1781235122,59.3,2400000,0xe0000
1781235123,59.3,2400000,0xe0000
1781235124,58.7,2400000,0xe0000
1781235125,59.8,2400000,0xe0000
1781235126,59.8,2400000,0xe0000
1781235127,59.3,2400000,0xe0000
1781235128,58.7,2400000,0xe0000
1781235129,59.3,2400000,0xe0000
1781235130,58.2,2400000,0xe0000
1781235131,59.3,2400000,0xe0000
1781235132,58.7,2400000,0xe0000
1781235133,59.3,2400000,0xe0000
1781235134,59.3,2400000,0xe0000
1781235135,59.3,2400000,0xe0000
1781235136,59.3,2400000,0xe0000
1781235137,59.3,2400000,0xe0000
1781235138,59.3,2400000,0xe0000
1781235139,59.3,2400000,0xe0000
1781235140,59.3,2400000,0xe0000
1781235141,58.7,2400000,0xe0000
1781235142,58.7,2400000,0xe0000
1781235144,59.3,2400000,0xe0000
1781235145,59.3,2400000,0xe0000
1781235146,59.3,2400000,0xe0000
1781235147,59.3,2400000,0xe0000
1781235148,59.3,2400000,0xe0000
1781235149,58.7,2400000,0xe0000
1781235150,59.3,2400000,0xe0000
1781235151,59.3,2400000,0xe0000
1781235152,58.7,2400000,0xe0000
1781235153,59.8,2400000,0xe0000
1781235154,58.2,2400000,0xe0000
1781235155,59.3,2400000,0xe0000
1781235156,59.8,2400000,0xe0000
1781235157,59.3,2400000,0xe0000
1781235158,58.7,2400000,0xe0000
1781235159,59.3,2400000,0xe0000
1781235160,59.3,2400000,0xe0000
1781235161,58.7,2400000,0xe0000
1781235162,59.8,2400000,0xe0000
1781235163,58.7,2400000,0xe0000
1781235164,58.7,2400000,0xe0000
1781235165,58.7,2400000,0xe0000
1781235166,59.8,2400000,0xe0000
1781235168,59.3,2400000,0xe0000
1781235169,59.3,2400000,0xe0000
1781235170,59.8,2400000,0xe0000
1781235171,58.7,2400000,0xe0000
1781235172,57.6,2400000,0xe0000
1781235173,59.3,2400000,0xe0000
1781235174,58.7,2400000,0xe0000
1781235175,59.3,2400000,0xe0000
1781235176,58.7,2400000,0xe0000
1781235177,58.7,2400000,0xe0000
1781235178,59.3,2400000,0xe0000
1781235179,59.3,2400000,0xe0000
1781235180,59.3,2400000,0xe0000
1781235181,58.7,2400000,0xe0000
1781235182,58.7,2400000,0xe0000
1781235183,58.7,2400000,0xe0000
1781235184,58.7,2400000,0xe0000
1781235185,59.3,2400000,0xe0000
1781235186,58.7,2400000,0xe0000
1781235187,58.2,2400000,0xe0000
1781235188,58.7,2400000,0xe0000
1781235189,58.7,2400000,0xe0000
1781235190,58.7,2400000,0xe0000
1781235192,59.3,2400000,0xe0000
1781235193,58.7,2400000,0xe0000
1781235194,59.3,2400000,0xe0000
1781235195,59.3,2400000,0xe0000
1781235196,59.3,2400000,0xe0000
1781235197,59.3,2400000,0xe0000
1781235198,58.7,2400000,0xe0000
1781235199,58.7,2400000,0xe0000
1781235200,58.7,2400000,0xe0000
1781235201,59.3,2400000,0xe0000
1781235202,59.8,2400000,0xe0000
1781235203,59.8,2400000,0xe0000
1781235204,58.7,2400000,0xe0000
1781235205,58.7,2400000,0xe0000
1781235206,59.3,2400000,0xe0000
1781235207,59.3,2400000,0xe0000
1781235208,58.7,2400000,0xe0000
1781235209,58.7,2400000,0xe0000
1781235210,59.3,2400000,0xe0000
1781235211,59.3,2400000,0xe0000
1781235212,58.7,2400000,0xe0000
1781235213,59.8,2400000,0xe0000
1781235214,59.3,2400000,0xe0000
1781235215,59.3,2400000,0xe0000
1781235216,59.3,2400000,0xe0000
1781235217,59.8,2400000,0xe0000
1781235218,58.7,2400000,0xe0000
1781235220,59.3,2400000,0xe0000
1781235221,59.3,2400000,0xe0000
1781235222,59.3,2400000,0xe0000
1781235223,58.7,2400000,0xe0000
1781235224,58.7,2400000,0xe0000
1781235225,58.7,2400000,0xe0000
1781235226,59.8,2400000,0xe0000
1781235227,59.3,2400000,0xe0000
1781235228,59.3,2400000,0xe0000
1781235229,58.7,2400000,0xe0000
1781235230,59.3,2400000,0xe0000
1781235231,59.3,2400000,0xe0000
1781235232,58.7,2400000,0xe0000
1781235233,59.3,2400000,0xe0000
1781235234,58.2,2400000,0xe0000
1781235235,59.3,2400000,0xe0000
1781235236,59.8,2400000,0xe0000
1781235237,59.8,2400000,0xe0000
1781235238,59.3,2400000,0xe0000
1781235239,59.3,2400000,0xe0000
1781235240,58.7,2400000,0xe0000
1781235241,59.3,2400000,0xe0000
1781235242,59.8,2400000,0xe0000
1781235243,59.3,2400000,0xe0000
1781235244,58.7,2400000,0xe0000
1781235245,59.3,2400000,0xe0000
1781235246,58.7,2400000,0xe0000
1781235247,58.7,2400000,0xe0000
1781235249,59.3,2400000,0xe0000
1781235250,59.3,2400000,0xe0000
1781235251,59.3,2400000,0xe0000
1781235252,59.3,2400000,0xe0000
1781235253,58.7,2400000,0xe0000
1781235254,58.2,2400000,0xe0000
1781235255,59.3,2400000,0xe0000
1781235256,58.7,2400000,0xe0000
1781235257,59.3,2400000,0xe0000
1781235258,59.3,2400000,0xe0000
1781235259,59.3,2400000,0xe0000
1781235260,59.3,2400000,0xe0000
1781235261,59.3,2400000,0xe0000
1781235262,59.8,2400000,0xe0000
1781235263,58.7,2400000,0xe0000
1781235264,59.8,2400000,0xe0000
1781235265,59.3,2400000,0xe0000
1781235266,59.3,2400000,0xe0000
1781235267,59.3,2400000,0xe0000
1781235269,58.7,2400000,0xe0000
1781235270,59.3,2400000,0xe0000
1781235271,59.3,2400000,0xe0000
1781235272,59.3,2400000,0xe0000
1781235273,59.3,2400000,0xe0000
1781235274,59.3,2400000,0xe0000
1781235275,59.3,2400000,0xe0000
1781235276,59.3,2400000,0xe0000
1781235277,59.3,2400000,0xe0000
1781235278,59.3,2400000,0xe0000
1781235279,59.3,2400000,0xe0000
1781235280,59.3,2400000,0xe0000
1781235281,58.2,2400000,0xe0000
1781235282,59.3,2400000,0xe0000
1781235283,59.3,2400000,0xe0000
1781235284,58.7,2400000,0xe0000
1781235285,59.3,2400000,0xe0000
1781235286,59.3,2400000,0xe0000
1781235287,58.7,2400000,0xe0000
1781235288,59.3,2400000,0xe0000
1781235289,59.8,2400000,0xe0000
1781235290,58.7,2400000,0xe0000
1781235291,59.8,2400000,0xe0000
1781235292,59.3,2400000,0xe0000
1781235293,59.3,2400000,0xe0000
1781235294,59.3,2400000,0xe0000
1781235295,59.3,2400000,0xe0000
1781235297,59.3,2400000,0xe0000
1781235298,59.3,2400000,0xe0000
1781235299,59.3,2400000,0xe0000
1781235300,58.7,2400000,0xe0000
1781235301,58.7,2400000,0xe0000
1781235302,58.7,2400000,0xe0000
1781235303,59.8,2400000,0xe0000
1781235304,58.7,2400000,0xe0000
1781235305,59.3,2400000,0xe0000
1781235306,58.7,2400000,0xe0000
1781235307,59.3,2400000,0xe0000
1781235308,58.7,2400000,0xe0000
1781235309,58.7,2400000,0xe0000
1781235310,58.2,2400000,0xe0000
1781235311,59.3,2400000,0xe0000
1781235312,59.3,2400000,0xe0000
1781235313,59.3,2400000,0xe0000
1781235314,58.7,2400000,0xe0000
1781235315,58.7,2400000,0xe0000
1781235316,59.8,2400000,0xe0000
1781235317,59.3,2400000,0xe0000
1781235318,59.3,2400000,0xe0000
1781235320,59.8,2400000,0xe0000
1781235321,59.3,2400000,0xe0000
1781235322,59.3,2400000,0xe0000
1781235323,59.3,2400000,0xe0000
1781235324,59.3,2400000,0xe0000
1781235325,59.3,2400000,0xe0000
1781235326,58.7,2400000,0xe0000
1781235327,59.3,2400000,0xe0000
1781235328,59.3,2400000,0xe0000
1781235329,59.3,2400000,0xe0000
1781235330,59.3,2400000,0xe0000
1781235331,58.2,2400000,0xe0000
1781235332,59.3,2400000,0xe0000
1781235333,58.2,2400000,0xe0000
1781235334,59.3,2400000,0xe0000
1781235335,58.7,2400000,0xe0000
1781235336,59.3,2400000,0xe0000
1781235337,58.7,2400000,0xe0000
1781235338,59.3,2400000,0xe0000
1781235340,59.3,2400000,0xe0000
1781235341,58.7,2400000,0xe0000
1781235342,59.8,2400000,0xe0000
1781235343,59.3,2400000,0xe0000
1781235344,59.8,2400000,0xe0000
1781235345,58.7,2400000,0xe0000
1781235346,59.3,2400000,0xe0000
1781235347,58.7,2400000,0xe0000
1781235348,59.8,2400000,0xe0000
1781235349,59.3,2400000,0xe0000
1781235350,59.3,2400000,0xe0000
1781235351,59.3,2400000,0xe0000
1781235352,59.3,2400000,0xe0000
1781235353,59.3,2400000,0xe0000
1781235354,59.3,2400000,0xe0000
1781235355,59.3,2400000,0xe0000
1781235356,58.7,2400000,0xe0000
1781235357,57.6,2400000,0xe0000
1781235359,58.7,2400000,0xe0000
1781235360,58.7,2400000,0xe0000
1781235361,58.7,2400000,0xe0000
1781235362,59.3,2400000,0xe0000
1781235363,59.3,2400000,0xe0000
1781235364,59.8,2400000,0xe0000
1781235365,59.3,2400000,0xe0000
1781235366,59.3,2400000,0xe0000
1781235367,58.7,2400000,0xe0000
1781235368,58.7,2400000,0xe0000
1781235369,59.3,2400000,0xe0000
1781235370,59.3,2400000,0xe0000
1781235371,58.7,2400000,0xe0000
1781235372,59.8,2400000,0xe0000
1781235373,58.7,2400000,0xe0000
1781235374,58.7,2400000,0xe0000
1781235375,59.3,2400000,0xe0000
1781235376,58.7,2400000,0xe0000
1781235377,59.3,2400000,0xe0000
1781235378,59.3,2400000,0xe0000
1781235380,59.3,2400000,0xe0000
1781235381,59.3,2400000,0xe0000
1781235382,59.8,2400000,0xe0000
1781235383,59.3,2400000,0xe0000
1781235384,58.7,2400000,0xe0000
1781235385,58.7,2400000,0xe0000
1781235386,59.3,2400000,0xe0000
1781235387,59.8,2400000,0xe0000
1781235388,58.7,2400000,0xe0000
1781235389,59.3,2400000,0xe0000
1781235390,59.8,2400000,0xe0000
1781235391,58.7,2400000,0xe0000
1781235392,59.3,2400000,0xe0000
1781235393,58.7,2400000,0xe0000
1781235394,59.8,2400000,0xe0000
1781235395,59.3,2400000,0xe0000
1781235396,59.3,2400000,0xe0000
1781235397,59.3,2400000,0xe0000
1781235398,59.3,2400000,0xe0000
1781235399,59.8,2400000,0xe0000
1781235400,58.7,2400000,0xe0000
1781235402,59.3,2400000,0xe0000
1781235403,59.3,2400000,0xe0000
1781235404,59.3,2400000,0xe0000
1781235405,59.3,2400000,0xe0000
1781235406,59.3,2400000,0xe0000
1781235407,59.3,2400000,0xe0000
1781235408,58.7,2400000,0xe0000
1781235409,59.3,2400000,0xe0000
1781235410,59.8,2400000,0xe0000
1781235411,59.3,2400000,0xe0000
1781235412,59.3,2400000,0xe0000
1781235413,59.3,2400000,0xe0000
1781235414,59.8,2400000,0xe0000
1781235415,59.3,2400000,0xe0000
1781235416,58.7,2400000,0xe0000
1781235417,59.8,2400000,0xe0000
1781235418,58.7,2400000,0xe0000
1781235419,59.8,2400000,0xe0000
1781235421,59.8,2400000,0xe0000
1781235422,58.7,2400000,0xe0000
1781235423,59.8,2400000,0xe0000
1781235424,58.7,2400000,0xe0000
1781235425,59.3,2400000,0xe0000
1781235426,58.7,2400000,0xe0000
1781235427,59.3,2400000,0xe0000
1781235428,59.3,2400000,0xe0000
1781235429,59.8,2400000,0xe0000
1781235430,58.2,2400000,0xe0000
1781235431,59.3,2400000,0xe0000
1781235432,59.3,2400000,0xe0000
1781235433,59.3,2400000,0xe0000
1781235434,59.8,2400000,0xe0000
1781235435,59.3,2400000,0xe0000
1781235436,59.3,2400000,0xe0000
1781235437,59.3,2400000,0xe0000
1781235438,58.7,2400000,0xe0000
1781235439,59.3,2400000,0xe0000
1781235440,59.3,2400000,0xe0000
1781235441,59.3,2400000,0xe0000
1781235442,59.3,2400000,0xe0000
1781235443,59.3,2400000,0xe0000
1781235444,59.3,2400000,0xe0000
1781235445,59.8,2400000,0xe0000
1781235446,59.3,2400000,0xe0000
1781235448,58.7,2400000,0xe0000
1781235449,58.7,2400000,0xe0000
1781235450,59.3,2400000,0xe0000
1781235451,59.3,2400000,0xe0000
1781235452,59.8,2400000,0xe0000
1781235453,59.3,2400000,0xe0000
1781235454,59.3,2400000,0xe0000
1781235455,58.7,2400000,0xe0000
1781235456,59.3,2400000,0xe0000
1781235457,59.3,2400000,0xe0000
1781235458,58.7,2400000,0xe0000
1781235459,59.3,2400000,0xe0000
1781235460,59.3,2400000,0xe0000
1781235461,58.7,2400000,0xe0000
1781235462,59.8,2400000,0xe0000
1781235463,59.8,2400000,0xe0000
1781235464,59.3,2400000,0xe0000
1781235465,59.3,2400000,0xe0000
1781235466,59.8,2400000,0xe0000
1781235467,58.7,2400000,0xe0000
1781235468,58.7,2400000,0xe0000
1781235469,59.3,2400000,0xe0000
1781235470,58.7,2400000,0xe0000
1781235471,59.8,2400000,0xe0000
1781235473,59.3,2400000,0xe0000
1781235474,59.8,2400000,0xe0000
1781235475,58.7,2400000,0xe0000
1781235476,59.3,2400000,0xe0000
1781235477,59.3,2400000,0xe0000
1781235478,58.7,2400000,0xe0000
1781235479,59.3,2400000,0xe0000
1781235480,59.3,2400000,0xe0000
1781235481,58.2,2400000,0xe0000
1781235482,59.8,2400000,0xe0000
1781235483,58.7,2400000,0xe0000
1781235484,58.7,2400000,0xe0000
1781235485,59.3,2400000,0xe0000
1781235486,59.8,2400000,0xe0000
1781235487,58.7,2400000,0xe0000
1781235488,59.3,2400000,0xe0000
1781235489,58.2,2400000,0xe0000
1781235490,58.2,2400000,0xe0000
1781235491,59.3,2400000,0xe0000
1781235492,58.7,2400000,0xe0000
1781235493,59.3,2400000,0xe0000
1781235495,58.7,2400000,0xe0000
1781235496,59.3,2400000,0xe0000
1781235497,59.3,2400000,0xe0000
1781235498,59.3,2400000,0xe0000
1781235499,59.3,2400000,0xe0000
1781235500,59.3,2400000,0xe0000
1781235501,59.3,2400000,0xe0000
1781235502,59.3,2400000,0xe0000
1781235503,59.3,2400000,0xe0000
1781235504,59.3,2400000,0xe0000
1781235505,58.2,2400000,0xe0000
1781235506,59.3,2400000,0xe0000
1781235507,59.3,2400000,0xe0000
1781235508,59.3,2400000,0xe0000
1781235509,58.7,2400000,0xe0000
1781235510,58.7,2400000,0xe0000
1781235511,59.3,2400000,0xe0000
1781235512,59.3,2400000,0xe0000
1781235513,59.3,2400000,0xe0000
1781235514,58.7,2400000,0xe0000
1781235515,59.3,2400000,0xe0000
1781235516,59.3,2400000,0xe0000
1781235517,58.7,2400000,0xe0000
1781235518,58.7,2400000,0xe0000
1781235519,59.3,2400000,0xe0000
1781235520,59.3,2400000,0xe0000
1781235522,58.7,2400000,0xe0000
1781235523,59.3,2400000,0xe0000
1781235524,59.8,2400000,0xe0000
1781235525,59.8,2400000,0xe0000
1781235526,58.7,2400000,0xe0000
1781235527,59.3,2400000,0xe0000
1781235528,58.7,2400000,0xe0000
1781235529,59.3,2400000,0xe0000
1781235530,59.3,2400000,0xe0000
1781235531,59.3,2400000,0xe0000
1781235532,59.3,2400000,0xe0000
1781235533,58.7,2400000,0xe0000
1781235534,59.3,2400000,0xe0000
1781235535,59.3,2400000,0xe0000
1781235536,58.7,2400000,0xe0000
1781235537,59.3,2400000,0xe0000
1781235538,58.7,2400000,0xe0000
1781235539,57.6,2400000,0xe0000
1781235540,59.8,2400000,0xe0000
1781235542,58.7,2400000,0xe0000
1781235543,58.7,2400000,0xe0000
1781235544,59.3,2400000,0xe0000
1781235545,59.8,2400000,0xe0000
1781235546,57.6,2400000,0xe0000
1781235547,59.3,2400000,0xe0000
1781235548,59.8,2400000,0xe0000
1781235549,59.3,2400000,0xe0000
1781235550,59.3,2400000,0xe0000
1781235551,59.3,2400000,0xe0000
1781235552,58.7,2400000,0xe0000
1781235553,59.3,2400000,0xe0000
1781235554,59.8,2400000,0xe0000
1781235555,58.7,2400000,0xe0000
1781235556,59.3,2400000,0xe0000
1781235557,59.3,2400000,0xe0000
1781235558,58.7,2400000,0xe0000
1781235559,59.3,2400000,0xe0000
1781235560,59.3,2400000,0xe0000
1781235561,59.3,2400000,0xe0000
1781235562,59.8,2400000,0xe0000
1781235564,59.3,2400000,0xe0000
1781235565,58.2,2400000,0xe0000
1781235566,59.3,2400000,0xe0000
1781235567,59.3,2400000,0xe0000
1781235568,58.7,2400000,0xe0000
1781235569,58.2,2400000,0xe0000
1781235570,59.8,2400000,0xe0000
1781235571,58.7,2400000,0xe0000
1781235572,58.7,2400000,0xe0000
1781235573,59.3,2400000,0xe0000
1781235574,58.7,2400000,0xe0000
1781235575,59.3,2400000,0xe0000
1781235576,59.3,2400000,0xe0000
1781235577,58.7,2400000,0xe0000
1781235578,58.7,2400000,0xe0000
1781235579,59.8,2400000,0xe0000
1781235580,59.3,2400000,0xe0000
1781235581,59.3,2400000,0xe0000
1781235582,58.7,2400000,0xe0000
1781235583,59.3,2400000,0xe0000
1781235584,59.3,2400000,0xe0000
1781235586,59.3,2400000,0xe0000
1781235587,59.3,2400000,0xe0000
1781235588,59.3,2400000,0xe0000
1781235589,59.3,2400000,0xe0000
1781235590,59.3,2400000,0xe0000
1781235591,58.7,2400000,0xe0000
1781235592,58.2,2400000,0xe0000
1781235593,59.8,2400000,0xe0000
1781235594,59.3,2400000,0xe0000
1781235595,59.8,2400000,0xe0000
1781235596,59.3,2400000,0xe0000
1781235597,59.8,2400000,0xe0000
1781235598,59.3,2400000,0xe0000
1781235599,59.3,2400000,0xe0000
1781235600,58.7,2400000,0xe0000
1781235601,59.3,2400000,0xe0000
1781235602,59.3,2400000,0xe0000
1781235603,58.2,2400000,0xe0000
1781235604,59.3,2400000,0xe0000
1781235605,58.2,2400000,0xe0000
1781235606,59.3,2400000,0xe0000
1781235607,59.3,2400000,0xe0000
1781235608,58.7,2400000,0xe0000
1781235609,59.8,2400000,0xe0000
1781235611,59.8,2400000,0xe0000
1781235612,59.3,2400000,0xe0000
1781235613,59.3,2400000,0xe0000
1781235614,59.3,2400000,0xe0000
1781235615,59.8,2400000,0xe0000
1781235616,59.3,2400000,0xe0000
1781235617,59.3,2400000,0xe0000
1781235618,59.3,2400000,0xe0000
1781235619,59.3,2400000,0xe0000
1781235620,59.3,2400000,0xe0000
1781235621,59.3,2400000,0xe0000
1781235622,59.8,2400000,0xe0000
1781235623,59.8,2400000,0xe0000
1781235624,59.3,2400000,0xe0000
1781235625,59.3,2400000,0xe0000
1781235626,59.3,2400000,0xe0000
1781235627,58.7,2400000,0xe0000
1781235628,58.7,2400000,0xe0000
1781235629,59.3,2400000,0xe0000
1781235630,59.3,2400000,0xe0000
1781235631,59.3,2400000,0xe0000
1781235632,59.3,2400000,0xe0000
1781235633,59.8,2400000,0xe0000
1781235634,59.3,2400000,0xe0000
1781235635,59.3,2400000,0xe0000
1781235636,59.3,2400000,0xe0000
1781235637,59.3,2400000,0xe0000
1781235638,59.3,2400000,0xe0000
1781235639,58.7,2400000,0xe0000
1781235641,59.3,2400000,0xe0000
1781235642,59.3,2400000,0xe0000
1781235643,59.3,2400000,0xe0000
1781235644,58.7,2400000,0xe0000
1781235645,59.3,2400000,0xe0000
1781235646,59.3,2400000,0xe0000
1781235647,59.3,2400000,0xe0000
1781235648,59.3,2400000,0xe0000
1781235649,58.7,2400000,0xe0000
1781235650,59.3,2400000,0xe0000
1781235651,59.8,2400000,0xe0000
1781235652,58.7,2400000,0xe0000
1781235653,59.3,2400000,0xe0000
1781235654,59.8,2400000,0xe0000
1781235655,59.3,2400000,0xe0000
1781235656,59.8,2400000,0xe0000
1781235657,59.3,2400000,0xe0000
1781235658,59.3,2400000,0xe0000
1781235659,58.7,2400000,0xe0000
1781235660,58.7,2400000,0xe0000
1781235661,59.3,2400000,0xe0000
1781235662,59.8,2400000,0xe0000
1781235663,59.3,2400000,0xe0000
1781235664,59.8,2400000,0xe0000
1781235665,59.3,2400000,0xe0000
1781235667,58.7,2400000,0xe0000
1781235668,59.3,2400000,0xe0000
1781235669,58.7,2400000,0xe0000
1781235670,58.2,2400000,0xe0000
1781235671,59.3,2400000,0xe0000
1781235672,59.3,2400000,0xe0000
1781235673,59.3,2400000,0xe0000
1781235674,59.8,2400000,0xe0000
1781235675,59.3,2400000,0xe0000
1781235676,59.3,2400000,0xe0000
1781235677,59.3,2400000,0xe0000
1781235678,58.7,2400000,0xe0000
1781235679,58.2,2400000,0xe0000
1781235680,59.3,2400000,0xe0000
1781235681,58.2,2400000,0xe0000
1781235682,59.8,2400000,0xe0000
1781235683,59.3,2400000,0xe0000
1781235684,59.3,2400000,0xe0000
1781235685,59.3,2400000,0xe0000
1781235686,59.3,2400000,0xe0000
1781235687,59.3,2400000,0xe0000
1781235688,58.2,2400000,0xe0000
1781235689,59.8,2400000,0xe0000
1781235690,59.3,2400000,0xe0000
1781235692,59.3,2400000,0xe0000
1781235693,59.3,2400000,0xe0000
1781235694,58.7,2400000,0xe0000
1781235695,58.2,2400000,0xe0000
1781235696,59.3,2400000,0xe0000
1781235697,58.7,2400000,0xe0000
1781235698,59.3,2400000,0xe0000
1781235699,58.7,2400000,0xe0000
1781235700,58.7,2400000,0xe0000
1781235701,58.2,2400000,0xe0000
1781235702,59.3,2400000,0xe0000
1781235703,59.3,2400000,0xe0000
1781235704,58.7,2400000,0xe0000
1781235705,59.3,2400000,0xe0000
1781235706,59.8,2400000,0xe0000
1781235707,59.3,2400000,0xe0000
1781235708,59.8,2400000,0xe0000
1781235709,59.3,2400000,0xe0000
1781235710,58.2,2400000,0xe0000
1781235712,59.3,2400000,0xe0000
1781235713,59.3,2400000,0xe0000
1781235714,59.3,2400000,0xe0000
1781235715,59.3,2400000,0xe0000
1781235716,59.8,2400000,0xe0000
1781235717,59.3,2400000,0xe0000
1781235718,59.3,2400000,0xe0000
1781235719,59.3,2400000,0xe0000
1781235720,59.3,2400000,0xe0000
1781235721,59.3,2400000,0xe0000
1781235722,59.3,2400000,0xe0000
1781235723,59.3,2400000,0xe0000
1781235724,59.3,2400000,0xe0000
1781235725,58.7,2400000,0xe0000
1781235726,59.8,2400000,0xe0000
1781235727,59.3,2400000,0xe0000
1781235728,59.3,2400000,0xe0000
1781235729,58.2,2400000,0xe0000
1781235730,59.3,2400000,0xe0000
1781235731,59.3,2400000,0xe0000
1781235732,59.3,2400000,0xe0000
1781235733,58.7,2400000,0xe0000
1781235735,59.3,2400000,0xe0000
1781235736,58.7,2400000,0xe0000
1781235737,59.3,2400000,0xe0000
1781235738,59.3,2400000,0xe0000
1781235739,59.3,2400000,0xe0000
1781235740,59.3,2400000,0xe0000
1781235741,59.3,2400000,0xe0000
1781235742,58.7,2400000,0xe0000
1781235743,59.3,2400000,0xe0000
1781235744,59.8,2400000,0xe0000
1781235745,59.3,2400000,0xe0000
1781235746,59.3,2400000,0xe0000
1781235747,59.3,2400000,0xe0000
1781235748,59.3,2400000,0xe0000
1781235749,58.2,2400000,0xe0000
1781235750,59.3,2400000,0xe0000
1781235751,59.3,2400000,0xe0000
1781235752,59.3,2400000,0xe0000
1781235753,59.3,2400000,0xe0000
1781235754,59.3,2400000,0xe0000
1781235755,59.3,2400000,0xe0000
1781235756,59.3,2400000,0xe0000
1781235758,59.3,2400000,0xe0000
1781235759,59.3,2400000,0xe0000
1781235760,59.3,2400000,0xe0000
1781235761,58.7,2400000,0xe0000
1781235762,59.3,2400000,0xe0000
1781235763,59.3,2400000,0xe0000
1781235764,59.3,2400000,0xe0000
1781235765,59.3,2400000,0xe0000
1781235766,58.7,2400000,0xe0000
1781235767,58.7,2400000,0xe0000
1781235768,59.3,2400000,0xe0000
1781235769,59.3,2400000,0xe0000
1781235770,59.3,2400000,0xe0000
1781235771,59.3,2400000,0xe0000
1781235772,58.7,2400000,0xe0000
1781235773,59.8,2400000,0xe0000
1781235774,59.3,2400000,0xe0000
1781235775,58.7,2400000,0xe0000
1781235776,59.8,2400000,0xe0000
1781235777,59.3,2400000,0xe0000
1781235778,59.3,2400000,0xe0000
1781235779,59.3,2400000,0xe0000
1781235780,59.8,2400000,0xe0000
1781235781,59.8,2400000,0xe0000
1781235782,59.3,2400000,0xe0000
1781235783,59.3,2400000,0xe0000
1781235784,59.8,2400000,0xe0000
1781235785,59.3,2400000,0xe0000
1781235787,58.7,2400000,0xe0000
1781235788,59.3,2400000,0xe0000
1781235789,59.3,2400000,0xe0000
1781235790,58.7,2400000,0xe0000
1781235791,59.3,2400000,0xe0000
1781235792,59.3,2400000,0xe0000
1781235793,59.3,2400000,0xe0000
1781235794,58.7,2400000,0xe0000
1781235795,59.3,2400000,0xe0000
1781235796,59.3,2400000,0xe0000
1781235797,59.8,2400000,0xe0000
1781235798,59.3,2400000,0xe0000
1781235799,59.3,2400000,0xe0000
1781235800,59.3,2400000,0xe0000
1781235801,59.8,2400000,0xe0000
1781235802,59.8,2400000,0xe0000
1781235803,57.6,2400000,0xe0000
1781235804,59.8,2400000,0xe0000
1781235806,59.3,2400000,0xe0000
1781235807,58.7,2400000,0xe0000
1781235808,59.3,2400000,0xe0000
1781235809,59.3,2400000,0xe0000
1781235810,59.3,2400000,0xe0000
1781235811,59.3,2400000,0xe0000
1781235812,59.3,2400000,0xe0000
1781235813,58.7,2400000,0xe0000
1781235814,59.3,2400000,0xe0000
1781235815,58.2,2400000,0xe0000
1781235816,58.7,2400000,0xe0000
1781235817,59.3,2400000,0xe0000
1781235818,59.3,2400000,0xe0000
1781235819,59.8,2400000,0xe0000
1781235820,59.3,2400000,0xe0000
1781235821,59.3,2400000,0xe0000
1781235822,59.3,2400000,0xe0000
1781235823,59.8,2400000,0xe0000
1781235824,58.7,2400000,0xe0000
1781235825,59.3,2400000,0xe0000
1781235826,59.3,2400000,0xe0000
1781235827,59.3,2400000,0xe0000
1781235828,59.3,2400000,0xe0000
1781235829,59.3,2400000,0xe0000
1781235830,59.3,2400000,0xe0000
1781235831,59.3,2400000,0xe0000
1781235832,59.3,2400000,0xe0000
1781235833,58.7,2400000,0xe0000
1781235834,59.3,2400000,0xe0000
1781235835,59.8,2400000,0xe0000
1781235836,59.3,2400000,0xe0000
1781235838,59.3,2400000,0xe0000
1781235839,59.3,2400000,0xe0000
1781235840,59.3,2400000,0xe0000
1781235841,58.7,2400000,0xe0000
1781235842,58.7,2400000,0xe0000
1781235843,59.8,2400000,0xe0000
1781235844,59.3,2400000,0xe0000
1781235845,58.7,2400000,0xe0000
1781235846,59.3,2400000,0xe0000
1781235847,58.7,2400000,0xe0000
1781235848,59.3,2400000,0xe0000
1781235849,58.7,2400000,0xe0000
1781235850,59.3,2400000,0xe0000
1781235851,59.3,2400000,0xe0000
1781235852,58.7,2400000,0xe0000
1781235853,59.3,2400000,0xe0000
1781235854,58.7,2400000,0xe0000
1781235855,58.7,2400000,0xe0000
1781235856,58.2,2400000,0xe0000
1781235857,59.3,2400000,0xe0000
1781235858,59.3,2400000,0xe0000
1781235859,59.8,2400000,0xe0000
1781235860,59.3,2400000,0xe0000
1781235861,58.7,2400000,0xe0000
1781235862,59.3,2400000,0xe0000
1781235863,59.3,2400000,0xe0000
1781235865,59.3,2400000,0xe0000
1781235866,59.3,2400000,0xe0000
1781235867,59.3,2400000,0xe0000
1781235868,59.8,2400000,0xe0000
1781235869,58.2,2400000,0xe0000
1781235870,59.3,2400000,0xe0000
1781235871,59.8,2400000,0xe0000
1781235872,59.8,2400000,0xe0000
1781235873,59.8,2400000,0xe0000
1781235874,59.3,2400000,0xe0000
1781235875,58.7,2400000,0xe0000
1781235876,59.3,2400000,0xe0000
1781235877,59.3,2400000,0xe0000
1781235878,59.3,2400000,0xe0000
1781235879,58.7,2400000,0xe0000
1781235880,59.3,2400000,0xe0000
1781235881,59.8,2400000,0xe0000
1781235882,59.3,2400000,0xe0000
1781235883,60.4,2400000,0xe0000
1781235884,59.3,2400000,0xe0000
1781235885,59.3,2400000,0xe0000
1781235886,59.3,2400000,0xe0000
1781235888,59.8,2400000,0xe0000
1781235889,59.8,2400000,0xe0000
1781235890,59.3,2400000,0xe0000
1781235891,59.3,2400000,0xe0000
1781235892,59.3,2400000,0xe0000
1781235893,59.8,2400000,0xe0000
1781235894,59.3,2400000,0xe0000
1781235895,59.3,2400000,0xe0000
1781235896,59.3,2400000,0xe0000
1781235897,59.3,2400000,0xe0000
1781235898,59.3,2400000,0xe0000
1781235899,58.7,2400000,0xe0000
1781235900,59.3,2400000,0xe0000
1781235901,59.3,2400000,0xe0000
1781235902,59.3,2400000,0xe0000
1781235903,59.3,2400000,0xe0000
1781235904,59.3,2400000,0xe0000
1781235905,59.3,2400000,0xe0000
1781235907,59.3,2400000,0xe0000
1781235908,58.7,2400000,0xe0000
1781235909,59.8,2400000,0xe0000
1781235910,59.3,2400000,0xe0000
1781235911,59.3,2400000,0xe0000
1781235912,59.3,2400000,0xe0000
1781235913,58.7,2400000,0xe0000
1781235914,59.3,2400000,0xe0000
1781235915,59.8,2400000,0xe0000
1781235916,59.8,2400000,0xe0000
1781235917,59.3,2400000,0xe0000
1781235918,59.8,2400000,0xe0000
1781235919,59.3,2400000,0xe0000
1781235920,59.3,2400000,0xe0000
1781235921,59.3,2400000,0xe0000
1781235922,58.7,2400000,0xe0000
1781235923,59.3,2400000,0xe0000
1781235925,59.3,2400000,0xe0000
1781235926,59.8,2400000,0xe0000
1781235927,59.3,2400000,0xe0000
1781235928,59.3,2400000,0xe0000
1781235929,59.3,2400000,0xe0000
1781235930,59.3,2400000,0xe0000
1781235931,59.8,2400000,0xe0000
1781235932,58.7,2400000,0xe0000
1781235933,59.3,2400000,0xe0000
1781235934,59.8,2400000,0xe0000
1781235935,58.7,2400000,0xe0000
1781235936,59.3,2400000,0xe0000
1781235937,59.3,2400000,0xe0000
1781235938,58.7,2400000,0xe0000
1781235939,59.8,2400000,0xe0000
1781235940,58.7,2400000,0xe0000
1781235941,59.3,2400000,0xe0000
1781235942,58.2,2400000,0xe0000
1781235943,59.3,2400000,0xe0000
1781235945,59.3,2400000,0xe0000
1781235946,59.8,2400000,0xe0000
1781235947,59.3,2400000,0xe0000
1781235948,58.2,2400000,0xe0000
1781235949,59.3,2400000,0xe0000
1781235950,59.3,2400000,0xe0000
1781235951,58.7,2400000,0xe0000
1781235952,59.3,2400000,0xe0000
1781235953,59.3,2400000,0xe0000
1781235954,59.8,2400000,0xe0000
1781235955,59.3,2400000,0xe0000
1781235956,59.8,2400000,0xe0000
1781235957,59.3,2400000,0xe0000
1781235958,59.3,2400000,0xe0000
1781235959,59.3,2400000,0xe0000
1781235960,59.3,2400000,0xe0000
1781235961,58.7,2400000,0xe0000
1781235962,59.3,2400000,0xe0000
1781235964,59.3,2400000,0xe0000
1781235965,58.7,2400000,0xe0000
1781235966,59.3,2400000,0xe0000
1781235967,59.3,2400000,0xe0000
1781235968,58.7,2400000,0xe0000
1781235969,59.8,2400000,0xe0000
1781235970,59.8,2400000,0xe0000
1781235971,58.7,2400000,0xe0000
1781235972,59.3,2400000,0xe0000
1781235973,59.3,2400000,0xe0000
1781235974,59.3,2400000,0xe0000
1781235975,59.3,2400000,0xe0000
1781235976,58.7,2400000,0xe0000
1781235977,59.3,2400000,0xe0000
1781235978,59.8,2400000,0xe0000
1781235979,59.3,2400000,0xe0000
1781235980,59.3,2400000,0xe0000
1781235981,59.3,2400000,0xe0000
1781235982,58.7,2400000,0xe0000
1781235983,58.7,2400000,0xe0000
1781235984,59.3,2400000,0xe0000
1781235985,58.7,2400000,0xe0000
1781235986,59.3,2400000,0xe0000
1781235987,58.7,2400000,0xe0000
1781235988,59.3,2400000,0xe0000
1781235990,59.3,2400000,0xe0000
1781235991,60.4,2400000,0xe0000
1781235992,59.3,2400000,0xe0000
1781235993,59.3,2400000,0xe0000
1781235994,59.3,2400000,0xe0000
1781235995,58.7,2400000,0xe0000
1781235996,58.7,2400000,0xe0000
1781235997,59.3,2400000,0xe0000
1781235998,59.3,2400000,0xe0000
1781235999,59.3,2400000,0xe0000
1781236000,59.3,2400000,0xe0000
1781236001,59.3,2400000,0xe0000
1781236002,58.7,2400000,0xe0000
1781236003,59.3,2400000,0xe0000
1781236004,59.3,2400000,0xe0000
1781236005,59.3,2400000,0xe0000
1781236006,58.7,2400000,0xe0000
1781236007,59.3,2400000,0xe0000
1781236008,59.3,2400000,0xe0000
1781236010,58.7,2400000,0xe0000
1781236011,58.7,2400000,0xe0000
1781236012,58.7,2400000,0xe0000
1781236013,59.3,2400000,0xe0000
1781236014,59.8,2400000,0xe0000
1781236015,58.7,2400000,0xe0000
1781236016,59.3,2400000,0xe0000
1781236017,59.8,2400000,0xe0000
1781236018,59.3,2400000,0xe0000
1781236019,58.7,2400000,0xe0000
1781236020,59.8,2400000,0xe0000
1781236021,58.7,2400000,0xe0000
1781236022,59.3,2400000,0xe0000
1781236023,59.8,2400000,0xe0000
1781236024,59.3,2400000,0xe0000
1781236025,59.3,2400000,0xe0000
1781236026,59.3,2400000,0xe0000
1781236027,59.3,2400000,0xe0000
1781236028,59.8,2400000,0xe0000
1781236029,59.3,2400000,0xe0000
1781236030,58.7,2400000,0xe0000
1781236031,58.7,2400000,0xe0000
1781236032,59.3,2400000,0xe0000
1781236034,59.8,2400000,0xe0000
1781236035,59.3,2400000,0xe0000
1781236036,59.8,2400000,0xe0000
1781236037,59.3,2400000,0xe0000
1781236038,59.3,2400000,0xe0000
1781236039,59.3,2400000,0xe0000
1781236040,59.3,2400000,0xe0000
1781236041,59.3,2400000,0xe0000
1781236042,59.3,2400000,0xe0000
1781236043,59.3,2400000,0xe0000
1781236044,59.3,2400000,0xe0000
1781236045,59.8,2400000,0xe0000
1781236046,58.7,2400000,0xe0000
1781236047,59.8,2400000,0xe0000
1781236048,59.3,2400000,0xe0000
1781236049,59.3,2400000,0xe0000
1781236050,59.3,2400000,0xe0000
1781236051,59.3,2400000,0xe0000
1781236052,59.3,2400000,0xe0000
1781236053,59.3,2400000,0xe0000
1781236054,59.3,2400000,0xe0000
1781236055,59.3,2400000,0xe0000
1781236056,59.3,2400000,0xe0000
1781236057,59.3,2400000,0xe0000
1781236058,58.7,2400000,0xe0000
1781236059,59.3,2400000,0xe0000
1781236060,59.3,2400000,0xe0000
1781236061,59.3,2400000,0xe0000
1781236063,59.3,2400000,0xe0000
1781236064,59.3,2400000,0xe0000
1781236065,59.3,2400000,0xe0000
1781236066,59.3,2400000,0xe0000
1781236067,59.3,2400000,0xe0000
1781236068,59.3,2400000,0xe0000
1781236069,59.3,2400000,0xe0000
1781236070,59.8,2400000,0xe0000
1781236071,58.7,2400000,0xe0000
1781236072,58.7,2400000,0xe0000
1781236073,58.7,2400000,0xe0000
1781236074,59.3,2400000,0xe0000
1781236075,58.7,2400000,0xe0000
1781236076,58.7,2400000,0xe0000
1781236077,60.4,2400000,0xe0000
1781236078,59.3,2400000,0xe0000
1781236079,58.7,2400000,0xe0000
1781236080,59.3,2400000,0xe0000
1781236081,59.3,2400000,0xe0000
1781236082,59.8,2400000,0xe0000
1781236083,59.8,2400000,0xe0000
1781236084,59.3,2400000,0xe0000
1781236085,59.3,2400000,0xe0000
1781236086,59.3,2400000,0xe0000
1781236087,59.3,2400000,0xe0000
1781236089,58.7,2400000,0xe0000
1781236090,59.3,2400000,0xe0000
1781236091,59.3,2400000,0xe0000
1781236092,59.8,2400000,0xe0000
1781236093,59.8,2400000,0xe0000
1781236094,59.3,2400000,0xe0000
1781236095,59.3,2400000,0xe0000
1781236096,59.3,2400000,0xe0000
1781236097,58.7,2400000,0xe0000
1781236098,59.3,2400000,0xe0000
1781236099,58.7,2400000,0xe0000
1781236100,59.3,2400000,0xe0000
1781236101,59.3,2400000,0xe0000
1781236102,59.8,2400000,0xe0000
1781236103,59.3,2400000,0xe0000
1781236104,59.3,2400000,0xe0000
1781236105,59.3,2400000,0xe0000
1781236106,59.3,2400000,0xe0000
1781236107,59.3,2400000,0xe0000
1781236108,59.8,2400000,0xe0000
1781236109,58.2,2400000,0xe0000
1781236110,59.3,2400000,0xe0000
1781236111,58.7,2400000,0xe0000
1781236112,58.7,2400000,0xe0000
1781236113,58.7,2400000,0xe0000
1781236115,58.7,2400000,0xe0000
1781236116,58.7,2400000,0xe0000
1781236117,58.7,2400000,0xe0000
1781236118,58.7,2400000,0xe0000
1781236119,59.8,2400000,0xe0000
1781236120,59.3,2400000,0xe0000
1781236121,59.3,2400000,0xe0000
1781236122,58.7,2400000,0xe0000
1781236123,59.8,2400000,0xe0000
1781236124,59.8,2400000,0xe0000
1781236125,59.3,2400000,0xe0000
1781236126,59.3,2400000,0xe0000
1781236127,59.3,2400000,0xe0000
1781236128,59.3,2400000,0xe0000
1781236129,58.7,2400000,0xe0000
1781236130,58.7,2400000,0xe0000
1781236131,59.3,2400000,0xe0000
1781236132,58.2,2400000,0xe0000
1781236133,60.4,2400000,0xe0000
1781236134,59.3,2400000,0xe0000
1781236135,59.3,2400000,0xe0000
1781236136,58.7,2400000,0xe0000
1781236137,58.7,2400000,0xe0000
1781236139,59.3,2400000,0xe0000
1781236140,59.3,2400000,0xe0000
1781236141,59.3,2400000,0xe0000
1781236142,58.7,2400000,0xe0000
1781236143,58.2,2400000,0xe0000
1781236144,59.3,2400000,0xe0000
1781236145,59.8,2400000,0xe0000
1781236146,59.3,2400000,0xe0000
1781236147,59.3,2400000,0xe0000
1781236148,58.2,2400000,0xe0000
1781236149,58.7,2400000,0xe0000
1781236150,59.3,2400000,0xe0000
1781236151,58.7,2400000,0xe0000
1781236152,58.2,2400000,0xe0000
1781236153,59.8,2400000,0xe0000
1781236154,59.8,2400000,0xe0000
1781236155,59.3,2400000,0xe0000
1781236156,59.3,2400000,0xe0000
1781236157,57.6,2400000,0xe0000
1781236158,59.3,2400000,0xe0000
1781236159,59.3,2400000,0xe0000
1781236160,59.3,2400000,0xe0000
1781236161,59.3,2400000,0xe0000
1781236162,59.8,2400000,0xe0000
1781236163,59.3,2400000,0xe0000
1781236164,59.3,2400000,0xe0000
1781236166,59.3,2400000,0xe0000
1781236167,58.7,2400000,0xe0000
1781236168,59.3,2400000,0xe0000
1781236169,59.3,2400000,0xe0000
1781236170,59.3,2400000,0xe0000
1781236171,58.7,2400000,0xe0000
1781236172,59.3,2400000,0xe0000
1781236173,59.3,2400000,0xe0000
1781236174,59.8,2400000,0xe0000
1781236175,58.2,2400000,0xe0000
1781236176,59.3,2400000,0xe0000
1781236177,59.3,2400000,0xe0000
1781236178,59.3,2400000,0xe0000
1781236179,59.8,2400000,0xe0000
1781236180,59.8,2400000,0xe0000
1781236181,59.3,2400000,0xe0000
1781236182,59.8,2400000,0xe0000
1781236183,59.3,2400000,0xe0000
1781236184,59.3,2400000,0xe0000
1781236185,58.7,2400000,0xe0000
1781236186,59.3,2400000,0xe0000
1781236187,59.3,2400000,0xe0000
1781236188,59.3,2400000,0xe0000
1781236189,59.8,2400000,0xe0000
1781236191,59.3,2400000,0xe0000
1781236192,59.3,2400000,0xe0000
1781236193,59.3,2400000,0xe0000
1781236194,59.3,2400000,0xe0000
1781236195,59.8,2400000,0xe0000
1781236196,58.7,2400000,0xe0000
1781236197,59.3,2400000,0xe0000
1781236198,59.3,2400000,0xe0000
1781236199,58.2,2400000,0xe0000
1781236200,59.3,2400000,0xe0000
1781236201,59.3,2400000,0xe0000
1781236202,59.3,2400000,0xe0000
1781236203,59.3,2400000,0xe0000
1781236204,58.7,2400000,0xe0000
1781236205,59.3,2400000,0xe0000
1781236206,59.3,2400000,0xe0000
1781236207,58.7,2400000,0xe0000
1781236208,59.3,2400000,0xe0000
1781236209,59.3,2400000,0xe0000
1781236210,59.3,2400000,0xe0000
1781236211,59.3,2400000,0xe0000
1781236212,58.7,2400000,0xe0000
1781236213,59.8,2400000,0xe0000
1781236215,59.3,2400000,0xe0000
1781236216,58.2,2400000,0xe0000
1781236217,59.3,2400000,0xe0000
1781236218,58.2,2400000,0xe0000
1781236219,59.3,2400000,0xe0000
1781236220,59.3,2400000,0xe0000
1781236221,58.7,2400000,0xe0000
1781236222,59.8,2400000,0xe0000
1781236223,59.3,2400000,0xe0000
1781236224,59.3,2400000,0xe0000
1781236225,59.3,2400000,0xe0000
1781236226,58.7,2400000,0xe0000
1781236227,58.7,2400000,0xe0000
1781236228,58.2,2400000,0xe0000
1781236229,59.3,2400000,0xe0000
1781236230,59.3,2400000,0xe0000
1781236231,58.7,2400000,0xe0000
1781236232,59.3,2400000,0xe0000
1781236233,59.8,2400000,0xe0000
1781236234,58.7,2400000,0xe0000
1781236235,59.3,2400000,0xe0000
1781236236,59.3,2400000,0xe0000
1781236237,59.3,2400000,0xe0000
1781236238,59.3,2400000,0xe0000
1781236239,59.3,2400000,0xe0000
1781236240,59.3,2400000,0xe0000
1781236241,59.8,2400000,0xe0000
1781236242,59.3,2400000,0xe0000
1781236243,59.3,2400000,0xe0000
1781236244,59.3,2400000,0xe0000
1781236246,59.3,2400000,0xe0000
1781236247,59.8,2400000,0xe0000
1781236248,59.8,2400000,0xe0000
1781236249,59.3,2400000,0xe0000
1781236250,59.3,2400000,0xe0000
1781236251,59.8,2400000,0xe0000
1781236252,59.3,2400000,0xe0000
1781236253,58.7,2400000,0xe0000
1781236254,58.7,2400000,0xe0000
1781236255,58.7,2400000,0xe0000
1781236256,59.8,2400000,0xe0000
1781236257,58.7,2400000,0xe0000
1781236258,59.3,2400000,0xe0000
1781236259,59.8,2400000,0xe0000
1781236260,58.7,2400000,0xe0000
1781236261,58.7,2400000,0xe0000
1781236262,59.3,2400000,0xe0000
1781236263,58.7,2400000,0xe0000
1781236264,59.3,2400000,0xe0000
1781236265,59.3,2400000,0xe0000
1781236266,59.3,2400000,0xe0000
1781236267,59.8,2400000,0xe0000
1781236268,59.3,2400000,0xe0000
1781236269,59.8,2400000,0xe0000
1781236271,59.8,2400000,0xe0000
1781236272,59.8,2400000,0xe0000
1781236273,58.7,2400000,0xe0000
1781236274,58.7,2400000,0xe0000
1781236275,58.7,2400000,0xe0000
1781236276,59.3,2400000,0xe0000
1781236277,59.3,2400000,0xe0000
1781236278,59.3,2400000,0xe0000
1781236279,59.3,2400000,0xe0000
1781236280,59.3,2400000,0xe0000
1781236281,58.7,2400000,0xe0000
1781236282,58.2,2400000,0xe0000
1781236283,59.3,2400000,0xe0000
1781236284,59.3,2400000,0xe0000
1781236285,59.3,2400000,0xe0000
1781236286,59.3,2400000,0xe0000
1781236287,59.8,2400000,0xe0000
1781236288,58.7,2400000,0xe0000
1781236289,58.7,2400000,0xe0000
1781236290,59.3,2400000,0xe0000
1781236291,58.7,2400000,0xe0000
1781236292,59.3,2400000,0xe0000
1781236293,59.8,2400000,0xe0000
1781236294,59.3,2400000,0xe0000
1781236295,59.3,2400000,0xe0000
1781236296,59.3,2400000,0xe0000
1781236297,59.8,2400000,0xe0000
1781236299,59.3,2400000,0xe0000
1781236300,59.8,2400000,0xe0000
1781236301,59.3,2400000,0xe0000
1781236302,58.7,2400000,0xe0000
1781236303,58.2,2400000,0xe0000
1781236304,59.3,2400000,0xe0000
1781236305,59.3,2400000,0xe0000
1781236306,59.3,2400000,0xe0000
1781236307,59.3,2400000,0xe0000
1781236308,59.3,2400000,0xe0000
1781236309,59.3,2400000,0xe0000
1781236310,59.3,2400000,0xe0000
1781236311,59.3,2400000,0xe0000
1781236312,59.3,2400000,0xe0000
1781236313,59.3,2400000,0xe0000
1781236314,59.3,2400000,0xe0000
1781236315,58.2,2400000,0xe0000
1781236316,59.3,2400000,0xe0000
1781236317,58.7,2400000,0xe0000
1781236318,58.2,2400000,0xe0000
1781236319,59.3,2400000,0xe0000
1781236320,59.3,2400000,0xe0000
1781236321,58.2,2400000,0xe0000
1781236322,58.7,2400000,0xe0000
1781236323,59.3,2400000,0xe0000
1781236325,58.7,2400000,0xe0000
1781236326,59.3,2400000,0xe0000
1781236327,59.8,2400000,0xe0000
1781236328,59.8,2400000,0xe0000
1781236329,59.3,2400000,0xe0000
1781236330,58.7,2400000,0xe0000
1781236331,58.7,2400000,0xe0000
1781236332,59.8,2400000,0xe0000
1781236333,59.8,2400000,0xe0000
1781236334,59.3,2400000,0xe0000
1781236335,59.3,2400000,0xe0000
1781236336,59.3,2400000,0xe0000
1781236337,59.3,2400000,0xe0000
1781236338,59.3,2400000,0xe0000
1781236339,59.3,2400000,0xe0000
1781236340,59.3,2400000,0xe0000
1781236341,59.3,2400000,0xe0000
1781236342,59.8,2400000,0xe0000
1781236343,59.3,2400000,0xe0000
1781236344,59.3,2400000,0xe0000
1781236345,58.2,2400000,0xe0000
1781236346,59.3,2400000,0xe0000
1781236347,58.7,2400000,0xe0000
1781236348,58.7,2400000,0xe0000
1781236349,59.3,2400000,0xe0000
1781236350,59.8,2400000,0xe0000
1781236352,59.3,2400000,0xe0000
1781236353,58.2,2400000,0xe0000
1781236354,59.3,2400000,0xe0000
1781236355,59.3,2400000,0xe0000
1781236356,59.8,2400000,0xe0000
1781236357,59.3,2400000,0xe0000
1781236358,59.3,2400000,0xe0000
1781236359,59.3,2400000,0xe0000
1781236360,59.3,2400000,0xe0000
1781236361,58.7,2400000,0xe0000
