1781258817,53.2,2400000,0xe0000
1781258818,53.2,2400000,0xe0000
1781258819,54.9,2400000,0xe0000
1781258820,55.4,2400000,0xe0000
1781258821,56.0,2400000,0xe0000
1781258822,56.5,2400000,0xe0000
1781258823,56.5,2400000,0xe0000
1781258824,57.1,2400000,0xe0000
1781258825,56.5,2400000,0xe0000
1781258826,56.5,2400000,0xe0000
1781258827,57.1,2400000,0xe0000
1781258828,57.1,2400000,0xe0000
1781258829,57.6,2400000,0xe0000
1781258830,57.6,2400000,0xe0000
1781258831,58.2,2400000,0xe0000
1781258832,57.6,2400000,0xe0000
1781258833,57.6,2400000,0xe0000
1781258834,57.6,2400000,0xe0000
1781258835,57.1,2400000,0xe0000
1781258837,57.6,2400000,0xe0000
1781258838,57.6,2400000,0xe0000
1781258839,58.2,2400000,0xe0000
1781258840,57.6,2400000,0xe0000
1781258841,57.6,2400000,0xe0000
1781258842,58.2,2400000,0xe0000
1781258843,58.2,2400000,0xe0000
1781258844,58.2,2400000,0xe0000
1781258845,58.2,2400000,0xe0000
1781258846,58.2,2400000,0xe0000
1781258847,58.2,2400000,0xe0000
1781258848,58.2,2400000,0xe0000
1781258849,57.6,2400000,0xe0000
1781258850,58.7,2400000,0xe0000
1781258851,58.7,2400000,0xe0000
1781258852,58.7,2400000,0xe0000
1781258853,58.7,2400000,0xe0000
1781258854,58.7,2400000,0xe0000
1781258855,58.7,2400000,0xe0000
1781258856,59.3,2400000,0xe0000
1781258857,59.3,2400000,0xe0000
1781258858,58.7,2400000,0xe0000
1781258859,58.7,2400000,0xe0000
1781258860,58.7,2400000,0xe0000
1781258861,59.3,2400000,0xe0000
1781258862,58.7,2400000,0xe0000
1781258863,58.2,2400000,0xe0000
1781258864,58.2,2400000,0xe0000
1781258865,59.3,2400000,0xe0000
1781258866,58.7,2400000,0xe0000
1781258867,59.8,2400000,0xe0000
1781258868,59.3,2400000,0xe0000
1781258869,59.3,2400000,0xe0000
1781258870,59.8,2400000,0xe0000
1781258871,59.8,2400000,0xe0000
1781258872,59.3,2400000,0xe0000
1781258873,59.8,2400000,0xe0000
1781258874,59.3,2400000,0xe0000
1781258875,59.8,2400000,0xe0000
1781258876,59.3,2400000,0xe0000
1781258877,59.3,2400000,0xe0000
1781258878,59.8,2400000,0xe0000
1781258879,59.3,2400000,0xe0000
1781258880,60.4,2400000,0xe0000
1781258881,59.3,2400000,0xe0000
1781258882,59.8,2400000,0xe0000
1781258883,59.8,2400000,0xe0000
1781258884,59.3,2400000,0xe0000
1781258885,59.8,2400000,0xe0000
1781258886,59.8,2400000,0xe0000
1781258887,59.8,2400000,0xe0000
1781258888,59.8,2400000,0xe0000
1781258889,60.4,2400000,0xe0000
1781258890,60.4,2400000,0xe0000
1781258891,59.8,2400000,0xe0000
1781258892,60.4,2400000,0xe0000
1781258893,59.8,2400000,0xe0000
1781258894,59.3,2400000,0xe0000
1781258895,59.8,2400000,0xe0000
1781258896,60.9,2400000,0xe0000
1781258897,60.4,2400000,0xe0000
1781258898,60.4,2400000,0xe0000
1781258899,59.8,2400000,0xe0000
1781258900,60.4,2400000,0xe0000
1781258901,60.4,2400000,0xe0000
1781258902,59.8,2400000,0xe0000
1781258903,59.8,2400000,0xe0000
1781258904,60.9,2400000,0xe0000
1781258905,60.4,2400000,0xe0000
1781258906,59.8,2400000,0xe0000
1781258907,60.4,2400000,0xe0000
1781258908,59.8,2400000,0xe0000
1781258910,60.4,2400000,0xe0000
1781258911,60.4,2400000,0xe0000
1781258912,60.9,2400000,0xe0000
1781258913,60.4,2400000,0xe0000
1781258914,60.9,2400000,0xe0000
1781258915,60.9,2400000,0xe0000
1781258916,60.4,2400000,0xe0000
1781258917,60.9,2400000,0xe0000
1781258918,60.9,2400000,0xe0000
1781258919,60.9,2400000,0xe0000
1781258920,60.9,2400000,0xe0000
1781258921,60.9,2400000,0xe0000
1781258922,59.8,2400000,0xe0000
1781258923,60.9,2400000,0xe0000
1781258924,61.5,2400000,0xe0000
1781258925,60.9,2400000,0xe0000
1781258926,61.5,2400000,0xe0000
1781258927,60.9,2400000,0xe0000
1781258928,60.9,2400000,0xe0000
1781258929,60.9,2400000,0xe0000
1781258930,61.5,2400000,0xe0000
1781258931,60.9,2400000,0xe0000
1781258932,61.5,2400000,0xe0000
1781258933,60.9,2400000,0xe0000
1781258934,60.9,2400000,0xe0000
1781258935,60.9,2400000,0xe0000
1781258936,61.5,2400000,0xe0000
1781258937,59.8,2400000,0xe0000
1781258938,61.5,2400000,0xe0000
1781258939,60.9,2400000,0xe0000
1781258940,61.5,2400000,0xe0000
1781258941,60.9,2400000,0xe0000
1781258942,61.5,2400000,0xe0000
1781258943,61.5,2400000,0xe0000
1781258944,60.9,2400000,0xe0000
1781258945,61.5,2400000,0xe0000
1781258946,60.9,2400000,0xe0000
1781258947,60.9,2400000,0xe0000
1781258948,61.5,2400000,0xe0000
1781258949,60.4,2400000,0xe0000
1781258950,60.9,2400000,0xe0000
1781258951,60.4,2400000,0xe0000
1781258952,61.5,2400000,0xe0000
1781258953,60.9,2400000,0xe0000
1781258954,60.9,2400000,0xe0000
1781258955,60.4,2400000,0xe0000
1781258956,62.0,2400000,0xe0000
1781258957,62.0,2400000,0xe0000
1781258958,61.5,2400000,0xe0000
1781258959,60.9,2400000,0xe0000
1781258960,61.5,2400000,0xe0000
1781258961,61.5,2400000,0xe0000
1781258963,61.5,2400000,0xe0000
1781258964,61.5,2400000,0xe0000
1781258965,61.5,2400000,0xe0000
1781258966,61.5,2400000,0xe0000
1781258967,61.5,2400000,0xe0000
1781258968,62.0,2400000,0xe0000
1781258969,61.5,2400000,0xe0000
1781258970,62.0,2400000,0xe0000
1781258971,62.0,2400000,0xe0000
1781258972,60.9,2400000,0xe0000
1781258973,60.9,2400000,0xe0000
1781258974,62.0,2400000,0xe0000
1781258975,62.0,2400000,0xe0000
1781258976,61.5,2400000,0xe0000
1781258977,62.0,2400000,0xe0000
1781258978,61.5,2400000,0xe0000
1781258979,61.5,2400000,0xe0000
1781258980,62.0,2400000,0xe0000
1781258981,60.4,2400000,0xe0000
1781258982,61.5,2400000,0xe0000
1781258983,62.0,2400000,0xe0000
1781258984,61.5,2400000,0xe0000
1781258985,62.0,2400000,0xe0000
1781258986,61.5,2400000,0xe0000
1781258987,61.5,2400000,0xe0000
1781258988,61.5,2400000,0xe0000
1781258989,62.0,2400000,0xe0000
1781258990,61.5,2400000,0xe0000
1781258991,61.5,2400000,0xe0000
1781258992,61.5,2400000,0xe0000
1781258993,61.5,2400000,0xe0000
1781258994,61.5,2400000,0xe0000
1781258995,61.5,2400000,0xe0000
1781258996,61.5,2400000,0xe0000
1781258997,59.8,2400000,0xe0000
1781258998,62.6,2400000,0xe0000
1781258999,61.5,2400000,0xe0000
1781259000,62.6,2400000,0xe0000
1781259001,61.5,2400000,0xe0000
1781259002,62.0,2400000,0xe0000
1781259003,62.0,2400000,0xe0000
1781259004,62.6,2400000,0xe0000
1781259005,62.0,2400000,0xe0000
1781259006,61.5,2400000,0xe0000
1781259007,62.0,2400000,0xe0000
1781259008,61.5,2400000,0xe0000
1781259009,61.5,2400000,0xe0000
1781259010,62.0,2400000,0xe0000
1781259011,62.6,2400000,0xe0000
1781259012,62.0,2400000,0xe0000
1781259013,61.5,2400000,0xe0000
1781259014,62.0,2400000,0xe0000
1781259015,63.1,2400000,0xe0000
1781259016,62.6,2400000,0xe0000
1781259017,63.1,2400000,0xe0000
1781259018,61.5,2400000,0xe0000
1781259019,62.6,2400000,0xe0000
1781259020,62.6,2400000,0xe0000
1781259021,63.1,2400000,0xe0000
1781259023,62.0,2400000,0xe0000
1781259024,62.0,2400000,0xe0000
1781259025,62.0,2400000,0xe0000
1781259026,62.0,2400000,0xe0000
1781259027,62.6,2400000,0xe0000
1781259028,63.1,2400000,0xe0000
1781259029,62.0,2400000,0xe0000
1781259030,62.0,2400000,0xe0000
1781259031,62.0,2400000,0xe0000
1781259032,62.0,2400000,0xe0000
1781259033,63.1,2400000,0xe0000
1781259034,62.0,2400000,0xe0000
1781259035,61.5,2400000,0xe0000
1781259036,62.6,2400000,0xe0000
1781259037,62.6,2400000,0xe0000
1781259038,63.1,2400000,0xe0000
1781259039,62.6,2400000,0xe0000
1781259040,61.5,2400000,0xe0000
1781259041,61.5,2400000,0xe0000
1781259042,62.0,2400000,0xe0000
1781259043,62.0,2400000,0xe0000
1781259044,62.0,2400000,0xe0000
1781259045,63.1,2400000,0xe0000
1781259046,61.5,2400000,0xe0000
1781259047,62.0,2400000,0xe0000
1781259048,62.6,2400000,0xe0000
1781259049,62.6,2400000,0xe0000
1781259050,61.5,2400000,0xe0000
1781259051,61.5,2400000,0xe0000
1781259052,61.5,2400000,0xe0000
1781259053,63.1,2400000,0xe0000
1781259054,62.0,2400000,0xe0000
1781259055,62.0,2400000,0xe0000
1781259056,62.0,2400000,0xe0000
1781259057,62.0,2400000,0xe0000
1781259058,62.6,2400000,0xe0000
1781259060,61.5,2400000,0xe0000
1781259061,62.0,2400000,0xe0000
1781259062,62.6,2400000,0xe0000
1781259063,62.0,2400000,0xe0000
1781259064,61.5,2400000,0xe0000
1781259065,61.5,2400000,0xe0000
1781259066,62.0,2400000,0xe0000
1781259067,61.5,2400000,0xe0000
1781259068,62.0,2400000,0xe0000
1781259069,61.5,2400000,0xe0000
1781259070,62.6,2400000,0xe0000
1781259071,60.9,2400000,0xe0000
1781259072,61.5,2400000,0xe0000
1781259073,61.5,2400000,0xe0000
1781259074,61.5,2400000,0xe0000
1781259075,62.0,2400000,0xe0000
1781259076,62.0,2400000,0xe0000
1781259077,62.0,2400000,0xe0000
1781259078,62.6,2400000,0xe0000
1781259079,62.0,2400000,0xe0000
1781259080,62.0,2400000,0xe0000
1781259081,62.0,2400000,0xe0000
1781259082,62.0,2400000,0xe0000
1781259083,62.0,2400000,0xe0000
1781259085,62.0,2400000,0xe0000
1781259086,62.0,2400000,0xe0000
1781259087,62.0,2400000,0xe0000
1781259088,62.0,2400000,0xe0000
1781259089,62.0,2400000,0xe0000
1781259090,62.6,2400000,0xe0000
1781259091,62.0,2400000,0xe0000
1781259092,62.0,2400000,0xe0000
1781259093,62.6,2400000,0xe0000
1781259094,62.6,2400000,0xe0000
1781259095,63.1,2400000,0xe0000
1781259096,62.0,2400000,0xe0000
1781259097,63.1,2400000,0xe0000
1781259098,62.6,2400000,0xe0000
1781259099,63.1,2400000,0xe0000
1781259100,62.6,2400000,0xe0000
1781259101,61.5,2400000,0xe0000
1781259102,61.5,2400000,0xe0000
1781259103,61.5,2400000,0xe0000
1781259105,62.6,2400000,0xe0000
1781259106,62.6,2400000,0xe0000
1781259107,62.0,2400000,0xe0000
1781259108,62.6,2400000,0xe0000
1781259109,62.6,2400000,0xe0000
1781259110,62.0,2400000,0xe0000
1781259111,63.1,2400000,0xe0000
1781259112,62.0,2400000,0xe0000
1781259113,61.5,2400000,0xe0000
1781259114,62.0,2400000,0xe0000
1781259115,62.6,2400000,0xe0000
1781259116,62.6,2400000,0xe0000
1781259117,62.6,2400000,0xe0000
1781259118,62.0,2400000,0xe0000
1781259119,63.1,2400000,0xe0000
1781259121,62.0,2400000,0xe0000
1781259122,62.6,2400000,0xe0000
1781259123,61.5,2400000,0xe0000
1781259124,62.0,2400000,0xe0000
1781259125,62.6,2400000,0xe0000
1781259126,62.6,2400000,0xe0000
1781259127,62.6,2400000,0xe0000
1781259128,62.0,2400000,0xe0000
1781259129,61.5,2400000,0xe0000
1781259130,62.0,2400000,0xe0000
1781259131,62.0,2400000,0xe0000
1781259132,62.0,2400000,0xe0000
1781259133,62.6,2400000,0xe0000
1781259134,62.6,2400000,0xe0000
1781259135,62.0,2400000,0xe0000
1781259136,63.1,2400000,0xe0000
1781259137,62.6,2400000,0xe0000
1781259138,63.7,2400000,0xe0000
1781259139,63.1,2400000,0xe0000
1781259140,62.6,2400000,0xe0000
1781259141,62.6,2400000,0xe0000
1781259142,63.1,2400000,0xe0000
1781259144,62.6,2400000,0xe0000
1781259145,62.6,2400000,0xe0000
1781259146,62.0,2400000,0xe0000
1781259147,62.6,2400000,0xe0000
1781259148,62.0,2400000,0xe0000
1781259149,62.6,2400000,0xe0000
1781259150,61.5,2400000,0xe0000
1781259151,62.6,2400000,0xe0000
1781259152,62.0,2400000,0xe0000
1781259153,62.0,2400000,0xe0000
1781259154,63.1,2400000,0xe0000
1781259155,62.6,2400000,0xe0000
1781259156,62.6,2400000,0xe0000
1781259157,62.0,2400000,0xe0000
1781259158,62.6,2400000,0xe0000
1781259159,61.5,2400000,0xe0000
1781259160,61.5,2400000,0xe0000
1781259161,62.6,2400000,0xe0000
1781259162,62.0,2400000,0xe0000
1781259163,63.1,2400000,0xe0000
1781259164,62.6,2400000,0xe0000
1781259165,62.6,2400000,0xe0000
1781259166,62.6,2400000,0xe0000
1781259167,63.1,2400000,0xe0000
1781259168,62.6,2400000,0xe0000
1781259169,60.9,2400000,0xe0000
1781259171,63.1,2400000,0xe0000
1781259172,61.5,2400000,0xe0000
1781259173,62.0,2400000,0xe0000
1781259174,62.0,2400000,0xe0000
1781259175,62.0,2400000,0xe0000
1781259176,62.0,2400000,0xe0000
1781259177,62.6,2400000,0xe0000
1781259178,62.0,2400000,0xe0000
1781259179,63.1,2400000,0xe0000
1781259180,62.6,2400000,0xe0000
1781259181,62.6,2400000,0xe0000
1781259182,63.1,2400000,0xe0000
1781259183,62.0,2400000,0xe0000
1781259184,62.6,2400000,0xe0000
1781259185,62.0,2400000,0xe0000
1781259186,62.0,2400000,0xe0000
1781259187,62.6,2400000,0xe0000
1781259188,62.6,2400000,0xe0000
1781259189,61.5,2400000,0xe0000
1781259190,63.1,2400000,0xe0000
1781259191,61.5,2400000,0xe0000
1781259192,63.1,2400000,0xe0000
1781259193,62.6,2400000,0xe0000
1781259194,63.1,2400000,0xe0000
1781259195,62.0,2400000,0xe0000
1781259196,62.0,2400000,0xe0000
1781259197,62.6,2400000,0xe0000
1781259198,62.6,2400000,0xe0000
1781259199,62.0,2400000,0xe0000
1781259200,63.1,2400000,0xe0000
1781259201,62.6,2400000,0xe0000
1781259202,63.1,2400000,0xe0000
1781259203,62.6,2400000,0xe0000
1781259204,63.1,2400000,0xe0000
1781259205,62.0,2400000,0xe0000
1781259206,62.6,2400000,0xe0000
1781259208,63.1,2400000,0xe0000
1781259209,62.0,2400000,0xe0000
1781259210,63.1,2400000,0xe0000
1781259211,63.1,2400000,0xe0000
1781259212,62.6,2400000,0xe0000
1781259213,62.6,2400000,0xe0000
1781259214,63.7,2400000,0xe0000
1781259215,63.1,2400000,0xe0000
1781259216,63.1,2400000,0xe0000
1781259217,62.0,2400000,0xe0000
1781259218,62.6,2400000,0xe0000
1781259219,62.6,2400000,0xe0000
1781259220,62.6,2400000,0xe0000
1781259221,62.0,2400000,0xe0000
1781259222,62.6,2400000,0xe0000
1781259223,62.6,2400000,0xe0000
1781259224,63.1,2400000,0xe0000
1781259225,62.0,2400000,0xe0000
1781259226,63.1,2400000,0xe0000
1781259227,62.6,2400000,0xe0000
1781259228,63.1,2400000,0xe0000
1781259229,63.1,2400000,0xe0000
1781259230,62.0,2400000,0xe0000
1781259231,63.1,2400000,0xe0000
1781259232,63.1,2400000,0xe0000
1781259233,62.6,2400000,0xe0000
1781259234,63.1,2400000,0xe0000
1781259235,62.6,2400000,0xe0000
1781259236,63.1,2400000,0xe0000
1781259238,63.1,2400000,0xe0000
1781259239,63.1,2400000,0xe0000
1781259240,63.7,2400000,0xe0000
1781259241,63.7,2400000,0xe0000
1781259242,63.1,2400000,0xe0000
1781259243,63.1,2400000,0xe0000
1781259244,63.7,2400000,0xe0000
1781259245,63.1,2400000,0xe0000
1781259246,63.1,2400000,0xe0000
1781259247,62.6,2400000,0xe0000
1781259248,63.1,2400000,0xe0000
1781259249,62.6,2400000,0xe0000
1781259250,62.6,2400000,0xe0000
1781259251,63.1,2400000,0xe0000
1781259252,63.7,2400000,0xe0000
1781259253,63.7,2400000,0xe0000
1781259254,62.6,2400000,0xe0000
1781259255,63.1,2400000,0xe0000
1781259256,62.6,2400000,0xe0000
1781259258,63.7,2400000,0xe0000
1781259259,64.2,2400000,0xe0000
1781259260,63.7,2400000,0xe0000
1781259261,63.1,2400000,0xe0000
1781259262,63.7,2400000,0xe0000
1781259263,63.7,2400000,0xe0000
1781259264,63.7,2400000,0xe0000
1781259265,63.7,2400000,0xe0000
1781259266,63.1,2400000,0xe0000
1781259267,63.7,2400000,0xe0000
1781259268,63.1,2400000,0xe0000
1781259269,63.1,2400000,0xe0000
1781259270,63.1,2400000,0xe0000
1781259271,63.1,2400000,0xe0000
1781259272,63.7,2400000,0xe0000
1781259273,63.7,2400000,0xe0000
1781259274,63.1,2400000,0xe0000
1781259275,63.7,2400000,0xe0000
1781259277,63.7,2400000,0xe0000
1781259278,63.7,2400000,0xe0000
1781259279,63.1,2400000,0xe0000
1781259280,63.7,2400000,0xe0000
1781259281,64.2,2400000,0xe0000
1781259282,63.7,2400000,0xe0000
1781259283,63.7,2400000,0xe0000
1781259284,63.1,2400000,0xe0000
1781259285,63.1,2400000,0xe0000
1781259286,63.7,2400000,0xe0000
1781259287,63.7,2400000,0xe0000
1781259288,63.1,2400000,0xe0000
1781259289,63.7,2400000,0xe0000
1781259290,63.1,2400000,0xe0000
1781259291,63.7,2400000,0xe0000
1781259292,62.6,2400000,0xe0000
1781259293,64.2,2400000,0xe0000
1781259295,63.1,2400000,0xe0000
1781259296,63.1,2400000,0xe0000
1781259297,63.7,2400000,0xe0000
1781259298,64.2,2400000,0xe0000
1781259299,63.7,2400000,0xe0000
1781259300,62.6,2400000,0xe0000
1781259301,62.6,2400000,0xe0000
1781259302,63.1,2400000,0xe0000
1781259303,62.6,2400000,0xe0000
1781259304,63.1,2400000,0xe0000
1781259305,62.6,2400000,0xe0000
1781259306,62.6,2400000,0xe0000
1781259307,63.1,2400000,0xe0000
1781259308,63.1,2400000,0xe0000
1781259309,63.7,2400000,0xe0000
1781259310,63.1,2400000,0xe0000
1781259311,63.1,2400000,0xe0000
1781259312,63.1,2400000,0xe0000
1781259313,63.7,2400000,0xe0000
1781259314,63.1,2400000,0xe0000
1781259315,63.7,2400000,0xe0000
1781259316,63.7,2400000,0xe0000
1781259317,63.7,2400000,0xe0000
1781259318,62.6,2400000,0xe0000
1781259319,63.1,2400000,0xe0000
1781259320,63.1,2400000,0xe0000
1781259321,63.1,2400000,0xe0000
1781259322,63.1,2400000,0xe0000
1781259323,63.1,2400000,0xe0000
1781259324,63.1,2400000,0xe0000
1781259325,63.7,2400000,0xe0000
1781259326,62.0,2400000,0xe0000
1781259328,63.1,2400000,0xe0000
1781259329,62.6,2400000,0xe0000
1781259330,63.1,2400000,0xe0000
1781259331,63.7,2400000,0xe0000
1781259332,63.1,2400000,0xe0000
1781259333,63.1,2400000,0xe0000
1781259334,63.1,2400000,0xe0000
1781259335,62.6,2400000,0xe0000
1781259336,63.7,2400000,0xe0000
1781259337,63.1,2400000,0xe0000
1781259338,62.6,2400000,0xe0000
1781259339,63.1,2400000,0xe0000
1781259340,63.7,2400000,0xe0000
1781259341,63.1,2400000,0xe0000
1781259342,62.6,2400000,0xe0000
1781259343,63.1,2400000,0xe0000
1781259344,62.6,2400000,0xe0000
1781259345,63.1,2400000,0xe0000
1781259346,63.1,2400000,0xe0000
1781259347,63.7,2400000,0xe0000
1781259349,63.1,2400000,0xe0000
1781259350,63.7,2400000,0xe0000
1781259351,63.7,2400000,0xe0000
1781259352,63.7,2400000,0xe0000
1781259353,63.7,2400000,0xe0000
1781259354,63.1,2400000,0xe0000
1781259355,63.1,2400000,0xe0000
1781259356,63.1,2400000,0xe0000
1781259357,62.6,2400000,0xe0000
1781259358,63.1,2400000,0xe0000
1781259359,63.7,2400000,0xe0000
1781259360,63.1,2400000,0xe0000
1781259361,63.1,2400000,0xe0000
1781259362,63.1,2400000,0xe0000
1781259363,63.1,2400000,0xe0000
1781259364,63.1,2400000,0xe0000
1781259365,62.6,2400000,0xe0000
1781259366,63.7,2400000,0xe0000
1781259367,63.7,2400000,0xe0000
1781259368,63.1,2400000,0xe0000
1781259369,62.6,2400000,0xe0000
1781259370,63.7,2400000,0xe0000
1781259371,63.7,2400000,0xe0000
1781259372,63.1,2400000,0xe0000
1781259374,63.7,2400000,0xe0000
1781259375,62.6,2400000,0xe0000
1781259376,63.7,2400000,0xe0000
1781259377,63.1,2400000,0xe0000
1781259378,63.7,2400000,0xe0000
1781259379,62.0,2400000,0xe0000
1781259380,62.6,2400000,0xe0000
1781259381,63.1,2400000,0xe0000
1781259382,63.7,2400000,0xe0000
1781259383,62.6,2400000,0xe0000
1781259384,63.1,2400000,0xe0000
1781259385,63.1,2400000,0xe0000
1781259386,62.6,2400000,0xe0000
1781259387,63.1,2400000,0xe0000
1781259388,63.1,2400000,0xe0000
1781259389,63.1,2400000,0xe0000
1781259390,63.1,2400000,0xe0000
1781259391,63.1,2400000,0xe0000
1781259392,63.7,2400000,0xe0000
1781259393,62.6,2400000,0xe0000
1781259394,63.1,2400000,0xe0000
1781259395,62.0,2400000,0xe0000
1781259396,62.6,2400000,0xe0000
1781259397,62.6,2400000,0xe0000
1781259398,63.1,2400000,0xe0000
1781259399,63.7,2400000,0xe0000
1781259401,62.6,2400000,0xe0000
1781259402,63.1,2400000,0xe0000
1781259403,63.1,2400000,0xe0000
1781259404,62.6,2400000,0xe0000
1781259405,62.6,2400000,0xe0000
1781259406,63.1,2400000,0xe0000
1781259407,62.6,2400000,0xe0000
1781259408,63.1,2400000,0xe0000
1781259409,63.7,2400000,0xe0000
1781259410,63.7,2400000,0xe0000
1781259411,63.7,2400000,0xe0000
1781259412,63.7,2400000,0xe0000
1781259413,63.7,2400000,0xe0000
1781259414,62.6,2400000,0xe0000
1781259415,63.7,2400000,0xe0000
1781259416,62.6,2400000,0xe0000
1781259417,62.6,2400000,0xe0000
1781259418,63.7,2400000,0xe0000
1781259419,63.7,2400000,0xe0000
1781259420,63.1,2400000,0xe0000
1781259422,63.1,2400000,0xe0000
1781259423,63.7,2400000,0xe0000
1781259424,63.7,2400000,0xe0000
1781259425,63.1,2400000,0xe0000
1781259426,63.1,2400000,0xe0000
1781259427,63.7,2400000,0xe0000
1781259428,63.7,2400000,0xe0000
1781259429,63.1,2400000,0xe0000
1781259430,63.1,2400000,0xe0000
1781259431,63.1,2400000,0xe0000
1781259432,63.7,2400000,0xe0000
1781259433,63.1,2400000,0xe0000
1781259434,63.1,2400000,0xe0000
1781259435,63.1,2400000,0xe0000
1781259436,63.1,2400000,0xe0000
1781259437,62.6,2400000,0xe0000
1781259438,63.1,2400000,0xe0000
1781259439,63.7,2400000,0xe0000
1781259440,63.1,2400000,0xe0000
1781259441,63.1,2400000,0xe0000
1781259442,62.0,2400000,0xe0000
1781259443,63.7,2400000,0xe0000
1781259444,63.1,2400000,0xe0000
1781259445,63.7,2400000,0xe0000
1781259446,63.1,2400000,0xe0000
1781259447,63.1,2400000,0xe0000
1781259448,63.7,2400000,0xe0000
1781259449,63.7,2400000,0xe0000
1781259450,63.1,2400000,0xe0000
1781259452,63.7,2400000,0xe0000
1781259453,63.7,2400000,0xe0000
1781259454,63.1,2400000,0xe0000
1781259455,63.1,2400000,0xe0000
1781259456,63.1,2400000,0xe0000
1781259457,63.1,2400000,0xe0000
1781259458,63.1,2400000,0xe0000
1781259459,63.1,2400000,0xe0000
1781259460,63.7,2400000,0xe0000
1781259461,63.7,2400000,0xe0000
1781259462,64.2,2400000,0xe0000
1781259463,63.1,2400000,0xe0000
1781259464,63.1,2400000,0xe0000
1781259465,62.0,2400000,0xe0000
1781259466,63.1,2400000,0xe0000
1781259467,62.6,2400000,0xe0000
1781259468,63.1,2400000,0xe0000
1781259469,63.1,2400000,0xe0000
1781259470,63.1,2400000,0xe0000
1781259471,62.0,2400000,0xe0000
1781259472,63.7,2400000,0xe0000
1781259473,63.1,2400000,0xe0000
1781259474,63.7,2400000,0xe0000
1781259475,63.1,2400000,0xe0000
1781259476,63.1,2400000,0xe0000
1781259477,63.1,2400000,0xe0000
1781259478,63.7,2400000,0xe0000
1781259479,63.1,2400000,0xe0000
1781259480,63.1,2400000,0xe0000
1781259481,63.1,2400000,0xe0000
1781259482,62.6,2400000,0xe0000
1781259483,63.1,2400000,0xe0000
1781259484,63.1,2400000,0xe0000
1781259485,63.1,2400000,0xe0000
1781259487,62.6,2400000,0xe0000
1781259488,63.1,2400000,0xe0000
1781259489,63.7,2400000,0xe0000
1781259490,63.7,2400000,0xe0000
1781259491,63.7,2400000,0xe0000
1781259492,62.6,2400000,0xe0000
1781259493,63.1,2400000,0xe0000
1781259494,63.7,2400000,0xe0000
1781259495,63.7,2400000,0xe0000
1781259496,63.7,2400000,0xe0000
1781259497,63.7,2400000,0xe0000
1781259498,63.1,2400000,0xe0000
1781259499,62.6,2400000,0xe0000
1781259500,63.7,2400000,0xe0000
1781259501,62.6,2400000,0xe0000
1781259502,63.7,2400000,0xe0000
1781259503,63.7,2400000,0xe0000
1781259505,63.7,2400000,0xe0000
1781259506,63.1,2400000,0xe0000
1781259507,63.7,2400000,0xe0000
1781259508,63.7,2400000,0xe0000
1781259509,63.7,2400000,0xe0000
1781259510,63.7,2400000,0xe0000
1781259511,63.7,2400000,0xe0000
1781259512,63.7,2400000,0xe0000
1781259513,63.7,2400000,0xe0000
1781259514,63.1,2400000,0xe0000
1781259515,63.7,2400000,0xe0000
1781259516,63.1,2400000,0xe0000
1781259517,63.1,2400000,0xe0000
1781259518,62.6,2400000,0xe0000
1781259519,63.1,2400000,0xe0000
1781259520,63.1,2400000,0xe0000
1781259521,63.1,2400000,0xe0000
1781259522,63.7,2400000,0xe0000
1781259523,63.1,2400000,0xe0000
1781259524,63.7,2400000,0xe0000
1781259525,63.1,2400000,0xe0000
1781259526,63.7,2400000,0xe0000
1781259527,63.7,2400000,0xe0000
1781259528,63.1,2400000,0xe0000
1781259529,63.7,2400000,0xe0000
1781259530,63.7,2400000,0xe0000
1781259531,63.1,2400000,0xe0000
1781259532,63.7,2400000,0xe0000
1781259533,63.7,2400000,0xe0000
1781259534,63.7,2400000,0xe0000
1781259535,62.6,2400000,0xe0000
1781259536,62.6,2400000,0xe0000
1781259538,63.7,2400000,0xe0000
1781259539,64.2,2400000,0xe0000
1781259540,63.7,2400000,0xe0000
1781259541,63.1,2400000,0xe0000
1781259542,63.7,2400000,0xe0000
1781259543,63.7,2400000,0xe0000
1781259544,63.1,2400000,0xe0000
1781259545,63.7,2400000,0xe0000
1781259546,63.7,2400000,0xe0000
1781259547,64.2,2400000,0xe0000
1781259548,63.7,2400000,0xe0000
1781259549,63.7,2400000,0xe0000
1781259550,63.7,2400000,0xe0000
1781259551,63.7,2400000,0xe0000
1781259552,63.7,2400000,0xe0000
1781259553,63.1,2400000,0xe0000
1781259554,63.1,2400000,0xe0000
1781259555,63.7,2400000,0xe0000
1781259556,63.1,2400000,0xe0000
1781259558,63.7,2400000,0xe0000
1781259559,64.2,2400000,0xe0000
1781259560,63.7,2400000,0xe0000
1781259561,63.1,2400000,0xe0000
1781259562,62.6,2400000,0xe0000
1781259563,63.1,2400000,0xe0000
1781259564,63.7,2400000,0xe0000
1781259565,63.1,2400000,0xe0000
1781259566,63.1,2400000,0xe0000
1781259567,63.7,2400000,0xe0000
1781259568,63.1,2400000,0xe0000
1781259569,63.1,2400000,0xe0000
1781259570,63.1,2400000,0xe0000
1781259571,63.1,2400000,0xe0000
1781259572,63.1,2400000,0xe0000
1781259573,63.7,2400000,0xe0000
1781259574,63.7,2400000,0xe0000
1781259575,63.7,2400000,0xe0000
1781259576,62.6,2400000,0xe0000
1781259578,62.6,2400000,0xe0000
1781259579,62.6,2400000,0xe0000
1781259580,63.1,2400000,0xe0000
1781259581,63.1,2400000,0xe0000
1781259582,63.7,2400000,0xe0000
1781259583,63.7,2400000,0xe0000
1781259584,63.7,2400000,0xe0000
1781259585,63.1,2400000,0xe0000
1781259586,63.1,2400000,0xe0000
1781259587,63.1,2400000,0xe0000
1781259588,63.7,2400000,0xe0000
1781259589,62.0,2400000,0xe0000
1781259590,63.7,2400000,0xe0000
1781259591,63.7,2400000,0xe0000
1781259592,63.1,2400000,0xe0000
1781259593,63.7,2400000,0xe0000
1781259594,62.0,2400000,0xe0000
1781259595,63.1,2400000,0xe0000
1781259596,63.1,2400000,0xe0000
1781259597,63.7,2400000,0xe0000
1781259598,63.1,2400000,0xe0000
1781259599,63.1,2400000,0xe0000
1781259600,63.1,2400000,0xe0000
1781259601,62.6,2400000,0xe0000
1781259602,63.7,2400000,0xe0000
1781259603,63.7,2400000,0xe0000
1781259604,63.7,2400000,0xe0000
1781259605,63.1,2400000,0xe0000
1781259606,63.1,2400000,0xe0000
1781259607,63.1,2400000,0xe0000
1781259608,64.2,2400000,0xe0000
1781259609,63.1,2400000,0xe0000
1781259610,63.1,2400000,0xe0000
1781259611,63.7,2400000,0xe0000
1781259612,63.1,2400000,0xe0000
1781259613,63.7,2400000,0xe0000
1781259614,64.2,2400000,0xe0000
1781259615,62.6,2400000,0xe0000
1781259616,63.7,2400000,0xe0000
1781259617,63.7,2400000,0xe0000
1781259618,63.7,2400000,0xe0000
1781259619,63.1,2400000,0xe0000
1781259620,62.6,2400000,0xe0000
1781259621,63.1,2400000,0xe0000
1781259622,63.1,2400000,0xe0000
1781259623,63.7,2400000,0xe0000
1781259625,63.1,2400000,0xe0000
1781259626,63.1,2400000,0xe0000
1781259627,63.1,2400000,0xe0000
1781259628,62.0,2400000,0xe0000
1781259629,63.7,2400000,0xe0000
1781259630,63.1,2400000,0xe0000
1781259631,63.7,2400000,0xe0000
1781259632,62.6,2400000,0xe0000
1781259633,63.7,2400000,0xe0000
1781259634,63.1,2400000,0xe0000
1781259635,63.1,2400000,0xe0000
1781259636,63.7,2400000,0xe0000
1781259637,63.7,2400000,0xe0000
1781259638,63.7,2400000,0xe0000
1781259639,63.1,2400000,0xe0000
1781259640,63.7,2400000,0xe0000
1781259641,63.7,2400000,0xe0000
1781259642,63.7,2400000,0xe0000
1781259643,62.6,2400000,0xe0000
1781259644,63.1,2400000,0xe0000
1781259645,63.7,2400000,0xe0000
1781259646,63.7,2400000,0xe0000
1781259647,63.7,2400000,0xe0000
1781259648,63.7,2400000,0xe0000
1781259649,63.7,2400000,0xe0000
1781259650,63.1,2400000,0xe0000
1781259652,63.7,2400000,0xe0000
1781259653,63.7,2400000,0xe0000
1781259654,63.7,2400000,0xe0000
1781259655,63.1,2400000,0xe0000
1781259656,63.1,2400000,0xe0000
1781259657,63.7,2400000,0xe0000
1781259658,63.1,2400000,0xe0000
1781259659,63.7,2400000,0xe0000
1781259660,62.0,2400000,0xe0000
1781259661,63.7,2400000,0xe0000
1781259662,63.1,2400000,0xe0000
1781259663,63.7,2400000,0xe0000
1781259664,63.7,2400000,0xe0000
1781259665,62.6,2400000,0xe0000
1781259666,63.1,2400000,0xe0000
1781259667,64.2,2400000,0xe0000
1781259668,63.1,2400000,0xe0000
1781259669,63.1,2400000,0xe0000
1781259670,63.1,2400000,0xe0000
1781259671,63.1,2400000,0xe0000
1781259672,62.6,2400000,0xe0000
1781259673,63.1,2400000,0xe0000
1781259674,63.1,2400000,0xe0000
1781259675,63.7,2400000,0xe0000
1781259676,63.7,2400000,0xe0000
1781259678,63.7,2400000,0xe0000
1781259679,63.1,2400000,0xe0000
1781259680,63.1,2400000,0xe0000
1781259681,63.7,2400000,0xe0000
1781259682,63.7,2400000,0xe0000
1781259683,63.7,2400000,0xe0000
1781259684,63.7,2400000,0xe0000
1781259685,63.7,2400000,0xe0000
1781259686,63.1,2400000,0xe0000
1781259687,63.1,2400000,0xe0000
1781259688,63.1,2400000,0xe0000
1781259689,64.2,2400000,0xe0000
1781259690,63.7,2400000,0xe0000
1781259691,64.2,2400000,0xe0000
1781259692,63.7,2400000,0xe0000
1781259693,63.7,2400000,0xe0000
1781259694,63.7,2400000,0xe0000
1781259695,64.2,2400000,0xe0000
1781259696,64.2,2400000,0xe0000
1781259697,64.2,2400000,0xe0000
1781259698,64.2,2400000,0xe0000
1781259699,64.2,2400000,0xe0000
1781259700,63.1,2400000,0xe0000
1781259701,63.7,2400000,0xe0000
1781259702,63.7,2400000,0xe0000
1781259703,63.1,2400000,0xe0000
1781259705,63.7,2400000,0xe0000
1781259706,62.6,2400000,0xe0000
1781259707,63.7,2400000,0xe0000
1781259708,63.7,2400000,0xe0000
1781259709,63.1,2400000,0xe0000
1781259710,63.7,2400000,0xe0000
1781259711,63.7,2400000,0xe0000
1781259712,63.1,2400000,0xe0000
1781259713,63.7,2400000,0xe0000
1781259714,62.6,2400000,0xe0000
1781259715,63.1,2400000,0xe0000
1781259716,64.2,2400000,0xe0000
1781259717,64.2,2400000,0xe0000
1781259718,63.7,2400000,0xe0000
1781259719,63.7,2400000,0xe0000
1781259720,63.1,2400000,0xe0000
1781259721,63.7,2400000,0xe0000
1781259722,63.1,2400000,0xe0000
1781259723,64.2,2400000,0xe0000
1781259724,63.1,2400000,0xe0000
1781259725,63.7,2400000,0xe0000
1781259726,63.7,2400000,0xe0000
1781259727,63.7,2400000,0xe0000
1781259728,63.1,2400000,0xe0000
1781259729,63.7,2400000,0xe0000
1781259731,63.7,2400000,0xe0000
1781259732,64.2,2400000,0xe0000
1781259733,63.1,2400000,0xe0000
1781259734,63.1,2400000,0xe0000
1781259735,63.1,2400000,0xe0000
1781259736,63.7,2400000,0xe0000
1781259737,63.1,2400000,0xe0000
1781259738,63.7,2400000,0xe0000
1781259739,64.2,2400000,0xe0000
1781259740,63.7,2400000,0xe0000
1781259741,63.7,2400000,0xe0000
1781259742,63.7,2400000,0xe0000
1781259743,63.7,2400000,0xe0000
1781259744,63.7,2400000,0xe0000
1781259745,63.7,2400000,0xe0000
1781259746,63.1,2400000,0xe0000
1781259747,63.1,2400000,0xe0000
1781259748,62.6,2400000,0xe0000
1781259749,62.6,2400000,0xe0000
1781259750,63.1,2400000,0xe0000
1781259751,63.7,2400000,0xe0000
1781259752,63.7,2400000,0xe0000
1781259753,63.7,2400000,0xe0000
1781259754,63.7,2400000,0xe0000
1781259755,63.7,2400000,0xe0000
1781259756,64.2,2400000,0xe0000
1781259757,63.7,2400000,0xe0000
1781259759,63.1,2400000,0xe0000
1781259760,63.7,2400000,0xe0000
1781259761,63.1,2400000,0xe0000
1781259762,63.7,2400000,0xe0000
1781259763,63.7,2400000,0xe0000
1781259764,64.2,2400000,0xe0000
1781259765,62.6,2400000,0xe0000
1781259766,63.7,2400000,0xe0000
1781259767,62.6,2400000,0xe0000
1781259768,63.7,2400000,0xe0000
1781259769,63.7,2400000,0xe0000
1781259770,63.7,2400000,0xe0000
1781259771,63.7,2400000,0xe0000
1781259772,63.7,2400000,0xe0000
1781259773,63.1,2400000,0xe0000
1781259774,64.2,2400000,0xe0000
1781259775,63.7,2400000,0xe0000
1781259776,63.7,2400000,0xe0000
1781259777,63.7,2400000,0xe0000
1781259778,63.7,2400000,0xe0000
1781259779,64.2,2400000,0xe0000
1781259780,63.1,2400000,0xe0000
1781259781,63.1,2400000,0xe0000
1781259782,63.7,2400000,0xe0000
1781259784,63.7,2400000,0xe0000
1781259785,63.7,2400000,0xe0000
1781259786,63.7,2400000,0xe0000
1781259787,63.7,2400000,0xe0000
1781259788,64.2,2400000,0xe0000
1781259789,64.2,2400000,0xe0000
1781259790,63.7,2400000,0xe0000
1781259791,63.1,2400000,0xe0000
1781259792,63.7,2400000,0xe0000
1781259793,63.7,2400000,0xe0000
1781259794,63.1,2400000,0xe0000
1781259795,63.1,2400000,0xe0000
1781259796,63.7,2400000,0xe0000
1781259797,63.1,2400000,0xe0000
1781259798,62.0,2400000,0xe0000
1781259799,63.7,2400000,0xe0000
1781259800,63.7,2400000,0xe0000
1781259801,62.0,2400000,0xe0000
1781259802,63.1,2400000,0xe0000
1781259803,63.1,2400000,0xe0000
1781259804,63.7,2400000,0xe0000
1781259806,63.7,2400000,0xe0000
1781259807,65.3,2400000,0xe0000
1781259808,62.6,2400000,0xe0000
1781259809,63.7,2400000,0xe0000
1781259810,63.7,2400000,0xe0000
1781259811,64.2,2400000,0xe0000
1781259812,63.7,2400000,0xe0000
1781259813,63.7,2400000,0xe0000
1781259814,63.7,2400000,0xe0000
1781259815,63.7,2400000,0xe0000
1781259816,63.7,2400000,0xe0000
1781259817,64.2,2400000,0xe0000
1781259818,62.6,2400000,0xe0000
1781259819,64.2,2400000,0xe0000
1781259820,63.7,2400000,0xe0000
1781259821,63.1,2400000,0xe0000
1781259822,63.1,2400000,0xe0000
1781259823,63.7,2400000,0xe0000
1781259824,63.7,2400000,0xe0000
1781259825,63.1,2400000,0xe0000
1781259826,63.7,2400000,0xe0000
1781259827,63.7,2400000,0xe0000
1781259828,62.6,2400000,0xe0000
1781259829,63.7,2400000,0xe0000
1781259830,64.2,2400000,0xe0000
1781259831,64.2,2400000,0xe0000
1781259832,63.7,2400000,0xe0000
1781259834,63.7,2400000,0xe0000
1781259835,64.2,2400000,0xe0000
1781259836,64.2,2400000,0xe0000
1781259837,63.7,2400000,0xe0000
1781259838,63.1,2400000,0xe0000
1781259839,63.7,2400000,0xe0000
1781259840,63.7,2400000,0xe0000
1781259841,63.7,2400000,0xe0000
1781259842,63.7,2400000,0xe0000
1781259843,63.7,2400000,0xe0000
1781259844,63.7,2400000,0xe0000
1781259845,63.1,2400000,0xe0000
1781259846,63.1,2400000,0xe0000
1781259847,63.7,2400000,0xe0000
1781259848,64.2,2400000,0xe0000
1781259850,63.7,2400000,0xe0000
1781259851,63.7,2400000,0xe0000
1781259852,63.7,2400000,0xe0000
1781259853,63.7,2400000,0xe0000
1781259854,63.7,2400000,0xe0000
1781259855,63.7,2400000,0xe0000
1781259856,64.2,2400000,0xe0000
1781259857,63.1,2400000,0xe0000
1781259858,62.6,2400000,0xe0000
1781259859,62.0,2400000,0xe0000
1781259860,63.7,2400000,0xe0000
1781259861,63.7,2400000,0xe0000
1781259862,63.7,2400000,0xe0000
1781259863,63.1,2400000,0xe0000
1781259864,63.7,2400000,0xe0000
1781259865,62.0,2400000,0xe0000
1781259866,63.7,2400000,0xe0000
1781259868,63.7,2400000,0xe0000
1781259869,63.1,2400000,0xe0000
1781259870,62.6,2400000,0xe0000
1781259871,63.1,2400000,0xe0000
1781259872,63.7,2400000,0xe0000
1781259873,63.7,2400000,0xe0000
1781259874,63.1,2400000,0xe0000
1781259875,63.7,2400000,0xe0000
1781259876,63.7,2400000,0xe0000
1781259877,63.1,2400000,0xe0000
1781259878,64.2,2400000,0xe0000
1781259879,63.7,2400000,0xe0000
1781259880,63.7,2400000,0xe0000
1781259881,62.6,2400000,0xe0000
1781259882,63.1,2400000,0xe0000
1781259883,64.2,2400000,0xe0000
1781259884,63.7,2400000,0xe0000
1781259885,63.7,2400000,0xe0000
1781259886,63.7,2400000,0xe0000
1781259887,63.7,2400000,0xe0000
1781259888,63.1,2400000,0xe0000
1781259889,62.6,2400000,0xe0000
1781259891,63.7,2400000,0xe0000
1781259892,63.1,2400000,0xe0000
1781259893,63.7,2400000,0xe0000
1781259894,64.2,2400000,0xe0000
1781259895,63.1,2400000,0xe0000
1781259896,63.7,2400000,0xe0000
1781259897,63.7,2400000,0xe0000
1781259898,63.1,2400000,0xe0000
1781259899,63.7,2400000,0xe0000
1781259900,63.7,2400000,0xe0000
1781259901,63.1,2400000,0xe0000
1781259902,63.7,2400000,0xe0000
1781259903,63.7,2400000,0xe0000
1781259904,63.7,2400000,0xe0000
1781259905,63.7,2400000,0xe0000
1781259906,63.7,2400000,0xe0000
1781259907,63.7,2400000,0xe0000
1781259908,63.7,2400000,0xe0000
1781259910,63.1,2400000,0xe0000
1781259911,62.0,2400000,0xe0000
1781259912,63.1,2400000,0xe0000
1781259913,63.7,2400000,0xe0000
1781259914,63.7,2400000,0xe0000
1781259915,63.7,2400000,0xe0000
1781259916,63.7,2400000,0xe0000
1781259917,63.7,2400000,0xe0000
1781259918,63.7,2400000,0xe0000
1781259919,63.1,2400000,0xe0000
1781259920,63.7,2400000,0xe0000
1781259921,63.7,2400000,0xe0000
1781259922,63.7,2400000,0xe0000
1781259923,63.7,2400000,0xe0000
1781259924,63.7,2400000,0xe0000
1781259925,63.1,2400000,0xe0000
1781259926,63.1,2400000,0xe0000
1781259927,63.7,2400000,0xe0000
1781259928,63.1,2400000,0xe0000
1781259929,63.1,2400000,0xe0000
1781259930,63.7,2400000,0xe0000
1781259931,63.7,2400000,0xe0000
1781259932,63.1,2400000,0xe0000
1781259933,63.7,2400000,0xe0000
1781259934,63.1,2400000,0xe0000
1781259935,63.7,2400000,0xe0000
1781259936,63.7,2400000,0xe0000
1781259937,63.1,2400000,0xe0000
1781259938,63.7,2400000,0xe0000
1781259939,63.7,2400000,0xe0000
1781259941,63.7,2400000,0xe0000
1781259942,63.7,2400000,0xe0000
1781259943,63.7,2400000,0xe0000
1781259944,63.7,2400000,0xe0000
1781259945,62.6,2400000,0xe0000
1781259946,63.1,2400000,0xe0000
1781259947,63.1,2400000,0xe0000
1781259948,63.7,2400000,0xe0000
1781259949,63.7,2400000,0xe0000
1781259950,63.7,2400000,0xe0000
1781259951,63.1,2400000,0xe0000
1781259952,63.7,2400000,0xe0000
1781259953,63.7,2400000,0xe0000
1781259954,63.7,2400000,0xe0000
1781259955,62.6,2400000,0xe0000
1781259956,63.7,2400000,0xe0000
1781259957,63.7,2400000,0xe0000
1781259958,63.1,2400000,0xe0000
1781259959,64.2,2400000,0xe0000
1781259960,64.2,2400000,0xe0000
1781259961,63.7,2400000,0xe0000
1781259963,63.7,2400000,0xe0000
1781259964,63.1,2400000,0xe0000
1781259965,63.7,2400000,0xe0000
1781259966,63.7,2400000,0xe0000
1781259967,63.7,2400000,0xe0000
1781259968,63.7,2400000,0xe0000
1781259969,63.7,2400000,0xe0000
1781259970,64.8,2400000,0xe0000
1781259971,63.1,2400000,0xe0000
1781259972,63.7,2400000,0xe0000
1781259973,63.7,2400000,0xe0000
1781259974,63.7,2400000,0xe0000
1781259975,63.7,2400000,0xe0000
1781259976,63.1,2400000,0xe0000
1781259977,64.2,2400000,0xe0000
1781259978,63.7,2400000,0xe0000
1781259979,62.6,2400000,0xe0000
1781259980,63.1,2400000,0xe0000
1781259981,63.1,2400000,0xe0000
1781259982,63.1,2400000,0xe0000
1781259983,63.7,2400000,0xe0000
1781259984,63.1,2400000,0xe0000
1781259985,62.6,2400000,0xe0000
1781259986,62.6,2400000,0xe0000
1781259987,63.7,2400000,0xe0000
1781259988,63.1,2400000,0xe0000
1781259990,64.2,2400000,0xe0000
1781259991,63.7,2400000,0xe0000
1781259992,63.1,2400000,0xe0000
1781259993,63.1,2400000,0xe0000
1781259994,63.7,2400000,0xe0000
1781259995,63.7,2400000,0xe0000
1781259996,63.7,2400000,0xe0000
1781259997,63.7,2400000,0xe0000
1781259998,63.7,2400000,0xe0000
1781259999,63.7,2400000,0xe0000
1781260000,63.7,2400000,0xe0000
1781260001,62.6,2400000,0xe0000
1781260002,63.7,2400000,0xe0000
1781260003,63.1,2400000,0xe0000
1781260004,63.7,2400000,0xe0000
1781260005,63.1,2400000,0xe0000
1781260006,62.6,2400000,0xe0000
1781260007,63.7,2400000,0xe0000
1781260008,63.1,2400000,0xe0000
1781260009,63.1,2400000,0xe0000
1781260010,63.7,2400000,0xe0000
1781260011,63.1,2400000,0xe0000
1781260012,62.0,2400000,0xe0000
1781260013,62.6,2400000,0xe0000
1781260014,63.7,2400000,0xe0000
1781260015,62.0,2400000,0xe0000
1781260016,63.7,2400000,0xe0000
1781260017,63.7,2400000,0xe0000
1781260018,63.1,2400000,0xe0000
1781260020,63.7,2400000,0xe0000
1781260021,63.1,2400000,0xe0000
1781260022,63.1,2400000,0xe0000
1781260023,64.2,2400000,0xe0000
1781260024,63.7,2400000,0xe0000
1781260025,64.2,2400000,0xe0000
1781260026,64.2,2400000,0xe0000
1781260027,63.7,2400000,0xe0000
1781260028,64.2,2400000,0xe0000
1781260029,63.7,2400000,0xe0000
1781260030,63.1,2400000,0xe0000
1781260031,63.1,2400000,0xe0000
1781260032,63.7,2400000,0xe0000
1781260033,64.8,2400000,0xe0000
1781260034,64.2,2400000,0xe0000
1781260035,64.2,2400000,0xe0000
1781260036,63.7,2400000,0xe0000
1781260037,63.7,2400000,0xe0000
1781260038,63.7,2400000,0xe0000
1781260039,63.7,2400000,0xe0000
1781260040,63.7,2400000,0xe0000
1781260041,64.2,2400000,0xe0000
1781260043,64.2,2400000,0xe0000
1781260044,63.7,2400000,0xe0000
1781260045,64.8,2400000,0xe0000
1781260046,62.0,2400000,0xe0000
1781260047,63.7,2400000,0xe0000
1781260048,63.1,2400000,0xe0000
1781260049,63.7,2400000,0xe0000
1781260050,62.6,2400000,0xe0000
1781260051,63.7,2400000,0xe0000
1781260052,63.7,2400000,0xe0000
1781260053,63.7,2400000,0xe0000
1781260054,64.2,2400000,0xe0000
1781260055,63.1,2400000,0xe0000
1781260056,63.1,2400000,0xe0000
1781260057,62.6,2400000,0xe0000
1781260058,63.7,2400000,0xe0000
1781260059,64.2,2400000,0xe0000
1781260060,63.1,2400000,0xe0000
1781260061,63.7,2400000,0xe0000
1781260062,63.7,2400000,0xe0000
1781260063,63.7,2400000,0xe0000
1781260064,63.1,2400000,0xe0000
1781260065,62.6,2400000,0xe0000
1781260066,63.1,2400000,0xe0000
1781260068,62.6,2400000,0xe0000
1781260069,63.1,2400000,0xe0000
1781260070,63.7,2400000,0xe0000
1781260071,63.1,2400000,0xe0000
1781260072,63.1,2400000,0xe0000
1781260073,63.7,2400000,0xe0000
1781260074,64.2,2400000,0xe0000
1781260075,63.7,2400000,0xe0000
1781260076,64.2,2400000,0xe0000
1781260077,63.7,2400000,0xe0000
1781260078,63.7,2400000,0xe0000
1781260079,64.2,2400000,0xe0000
1781260080,63.7,2400000,0xe0000
1781260081,63.7,2400000,0xe0000
1781260082,63.7,2400000,0xe0000
1781260083,63.7,2400000,0xe0000
1781260084,63.7,2400000,0xe0000
1781260085,63.7,2400000,0xe0000
1781260086,63.7,2400000,0xe0000
1781260087,64.2,2400000,0xe0000
1781260088,63.7,2400000,0xe0000
1781260089,63.7,2400000,0xe0000
1781260090,62.6,2400000,0xe0000
1781260091,63.7,2400000,0xe0000
1781260092,63.7,2400000,0xe0000
1781260093,63.7,2400000,0xe0000
1781260095,63.7,2400000,0xe0000
1781260096,63.7,2400000,0xe0000
1781260097,63.7,2400000,0xe0000
1781260098,63.7,2400000,0xe0000
1781260099,63.7,2400000,0xe0000
1781260100,63.7,2400000,0xe0000
1781260101,63.7,2400000,0xe0000
1781260102,63.1,2400000,0xe0000
1781260103,63.1,2400000,0xe0000
1781260104,63.7,2400000,0xe0000
1781260105,63.7,2400000,0xe0000
1781260106,63.7,2400000,0xe0000
1781260107,63.7,2400000,0xe0000
1781260108,63.7,2400000,0xe0000
1781260109,63.7,2400000,0xe0000
1781260110,63.1,2400000,0xe0000
1781260111,63.7,2400000,0xe0000
1781260113,63.7,2400000,0xe0000
1781260114,63.7,2400000,0xe0000
1781260115,63.7,2400000,0xe0000
1781260116,64.2,2400000,0xe0000
1781260117,64.2,2400000,0xe0000
1781260118,64.8,2400000,0xe0000
1781260119,64.2,2400000,0xe0000
1781260120,64.2,2400000,0xe0000
1781260121,64.2,2400000,0xe0000
1781260122,63.7,2400000,0xe0000
1781260123,64.2,2400000,0xe0000
1781260124,64.2,2400000,0xe0000
1781260125,63.7,2400000,0xe0000
1781260126,64.2,2400000,0xe0000
1781260127,64.2,2400000,0xe0000
1781260128,63.7,2400000,0xe0000
1781260129,64.2,2400000,0xe0000
1781260130,64.2,2400000,0xe0000
1781260131,62.6,2400000,0xe0000
1781260133,63.7,2400000,0xe0000
1781260134,63.7,2400000,0xe0000
1781260135,64.2,2400000,0xe0000
1781260136,63.7,2400000,0xe0000
1781260137,64.2,2400000,0xe0000
1781260138,63.7,2400000,0xe0000
1781260139,63.1,2400000,0xe0000
1781260140,63.1,2400000,0xe0000
1781260141,63.1,2400000,0xe0000
1781260142,63.7,2400000,0xe0000
1781260143,63.1,2400000,0xe0000
1781260144,63.1,2400000,0xe0000
1781260145,62.6,2400000,0xe0000
1781260146,63.7,2400000,0xe0000
1781260147,63.7,2400000,0xe0000
1781260148,63.1,2400000,0xe0000
1781260149,63.7,2400000,0xe0000
1781260150,63.1,2400000,0xe0000
1781260151,62.6,2400000,0xe0000
1781260152,63.1,2400000,0xe0000
1781260153,63.1,2400000,0xe0000
1781260154,63.7,2400000,0xe0000
1781260155,63.7,2400000,0xe0000
1781260156,64.2,2400000,0xe0000
1781260157,63.7,2400000,0xe0000
1781260158,63.7,2400000,0xe0000
1781260159,62.6,2400000,0xe0000
1781260160,63.7,2400000,0xe0000
1781260161,63.7,2400000,0xe0000
1781260162,63.7,2400000,0xe0000
1781260163,63.1,2400000,0xe0000
1781260164,63.1,2400000,0xe0000
1781260165,64.2,2400000,0xe0000
1781260166,64.2,2400000,0xe0000
1781260168,63.1,2400000,0xe0000
1781260169,64.2,2400000,0xe0000
1781260170,64.2,2400000,0xe0000
1781260171,64.2,2400000,0xe0000
1781260172,63.7,2400000,0xe0000
1781260173,64.2,2400000,0xe0000
1781260174,64.2,2400000,0xe0000
1781260175,64.2,2400000,0xe0000
1781260176,63.7,2400000,0xe0000
1781260177,63.7,2400000,0xe0000
1781260178,64.2,2400000,0xe0000
1781260179,63.7,2400000,0xe0000
1781260180,64.8,2400000,0xe0000
1781260181,63.7,2400000,0xe0000
1781260182,64.2,2400000,0xe0000
1781260183,63.7,2400000,0xe0000
1781260184,63.7,2400000,0xe0000
1781260185,64.2,2400000,0xe0000
1781260186,64.2,2400000,0xe0000
1781260187,64.8,2400000,0xe0000
1781260188,64.2,2400000,0xe0000
1781260189,62.6,2400000,0xe0000
1781260190,63.7,2400000,0xe0000
1781260191,64.2,2400000,0xe0000
1781260192,64.8,2400000,0xe0000
1781260194,63.7,2400000,0xe0000
1781260195,64.8,2400000,0xe0000
1781260196,64.2,2400000,0xe0000
1781260197,64.8,2400000,0xe0000
1781260198,63.7,2400000,0xe0000
1781260199,64.2,2400000,0xe0000
1781260200,62.6,2400000,0xe0000
1781260201,63.7,2400000,0xe0000
1781260202,64.2,2400000,0xe0000
1781260203,63.7,2400000,0xe0000
1781260204,63.7,2400000,0xe0000
1781260205,64.2,2400000,0xe0000
1781260206,63.7,2400000,0xe0000
1781260207,63.7,2400000,0xe0000
1781260208,63.7,2400000,0xe0000
1781260209,64.2,2400000,0xe0000
1781260210,64.2,2400000,0xe0000
1781260211,64.2,2400000,0xe0000
1781260212,64.2,2400000,0xe0000
1781260213,64.2,2400000,0xe0000
1781260214,64.2,2400000,0xe0000
1781260215,63.7,2400000,0xe0000
1781260216,63.7,2400000,0xe0000
1781260217,63.7,2400000,0xe0000
1781260218,63.7,2400000,0xe0000
1781260219,63.7,2400000,0xe0000
1781260220,63.7,2400000,0xe0000
1781260221,64.2,2400000,0xe0000
1781260222,63.7,2400000,0xe0000
1781260223,63.7,2400000,0xe0000
1781260224,63.7,2400000,0xe0000
1781260225,63.7,2400000,0xe0000
1781260226,63.7,2400000,0xe0000
1781260227,63.7,2400000,0xe0000
1781260228,63.7,2400000,0xe0000
1781260230,63.1,2400000,0xe0000
1781260231,63.7,2400000,0xe0000
1781260232,63.7,2400000,0xe0000
1781260233,63.7,2400000,0xe0000
1781260234,63.7,2400000,0xe0000
1781260235,63.1,2400000,0xe0000
1781260236,63.1,2400000,0xe0000
1781260237,63.7,2400000,0xe0000
1781260238,63.7,2400000,0xe0000
1781260239,63.7,2400000,0xe0000
1781260240,63.7,2400000,0xe0000
1781260241,62.0,2400000,0xe0000
1781260242,63.1,2400000,0xe0000
1781260243,63.1,2400000,0xe0000
1781260244,63.7,2400000,0xe0000
1781260245,63.7,2400000,0xe0000
1781260246,63.7,2400000,0xe0000
1781260247,63.1,2400000,0xe0000
1781260248,63.7,2400000,0xe0000
1781260249,63.1,2400000,0xe0000
1781260250,63.1,2400000,0xe0000
1781260251,63.1,2400000,0xe0000
1781260253,63.1,2400000,0xe0000
1781260254,63.1,2400000,0xe0000
1781260255,63.1,2400000,0xe0000
1781260256,63.1,2400000,0xe0000
1781260257,63.1,2400000,0xe0000
1781260258,63.1,2400000,0xe0000
1781260259,63.1,2400000,0xe0000
1781260260,63.7,2400000,0xe0000
1781260261,63.1,2400000,0xe0000
1781260262,63.7,2400000,0xe0000
1781260263,63.7,2400000,0xe0000
1781260264,63.7,2400000,0xe0000
1781260265,63.7,2400000,0xe0000
1781260266,63.7,2400000,0xe0000
1781260267,64.2,2400000,0xe0000
1781260268,64.2,2400000,0xe0000
1781260269,64.2,2400000,0xe0000
1781260270,63.7,2400000,0xe0000
1781260271,63.1,2400000,0xe0000
1781260272,63.7,2400000,0xe0000
1781260273,63.7,2400000,0xe0000
1781260274,63.7,2400000,0xe0000
1781260275,63.7,2400000,0xe0000
1781260276,63.1,2400000,0xe0000
1781260277,63.7,2400000,0xe0000
1781260278,63.1,2400000,0xe0000
1781260279,63.1,2400000,0xe0000
1781260281,63.7,2400000,0xe0000
1781260282,63.1,2400000,0xe0000
1781260283,63.7,2400000,0xe0000
1781260284,64.2,2400000,0xe0000
1781260285,64.2,2400000,0xe0000
1781260286,63.7,2400000,0xe0000
1781260287,63.7,2400000,0xe0000
1781260288,64.2,2400000,0xe0000
1781260289,63.7,2400000,0xe0000
1781260290,63.7,2400000,0xe0000
1781260291,64.8,2400000,0xe0000
1781260292,64.2,2400000,0xe0000
1781260293,64.2,2400000,0xe0000
1781260294,63.7,2400000,0xe0000
1781260295,64.2,2400000,0xe0000
1781260296,63.7,2400000,0xe0000
1781260297,64.2,2400000,0xe0000
1781260298,63.7,2400000,0xe0000
1781260299,64.2,2400000,0xe0000
1781260300,64.8,2400000,0xe0000
1781260301,64.2,2400000,0xe0000
1781260302,64.2,2400000,0xe0000
1781260303,63.7,2400000,0xe0000
1781260304,64.2,2400000,0xe0000
1781260305,64.8,2400000,0xe0000
1781260306,63.7,2400000,0xe0000
1781260307,63.7,2400000,0xe0000
1781260308,64.2,2400000,0xe0000
1781260309,64.2,2400000,0xe0000
1781260311,63.7,2400000,0xe0000
1781260312,64.2,2400000,0xe0000
1781260313,64.2,2400000,0xe0000
1781260314,64.2,2400000,0xe0000
1781260315,64.8,2400000,0xe0000
1781260316,64.2,2400000,0xe0000
1781260317,63.1,2400000,0xe0000
1781260318,63.7,2400000,0xe0000
1781260319,64.2,2400000,0xe0000
1781260320,64.2,2400000,0xe0000
1781260321,64.2,2400000,0xe0000
1781260322,64.2,2400000,0xe0000
1781260323,63.7,2400000,0xe0000
1781260324,63.7,2400000,0xe0000
1781260325,64.8,2400000,0xe0000
1781260326,64.2,2400000,0xe0000
1781260327,64.2,2400000,0xe0000
1781260328,64.2,2400000,0xe0000
1781260329,63.7,2400000,0xe0000
1781260330,63.7,2400000,0xe0000
1781260332,63.7,2400000,0xe0000
1781260333,63.7,2400000,0xe0000
1781260334,63.1,2400000,0xe0000
1781260335,63.7,2400000,0xe0000
1781260336,63.7,2400000,0xe0000
1781260337,63.7,2400000,0xe0000
1781260338,63.7,2400000,0xe0000
1781260339,63.1,2400000,0xe0000
1781260340,63.7,2400000,0xe0000
1781260341,63.7,2400000,0xe0000
1781260342,63.1,2400000,0xe0000
1781260343,63.1,2400000,0xe0000
1781260344,63.7,2400000,0xe0000
1781260345,63.1,2400000,0xe0000
1781260346,63.7,2400000,0xe0000
1781260347,63.7,2400000,0xe0000
1781260348,63.7,2400000,0xe0000
1781260349,63.7,2400000,0xe0000
1781260350,64.2,2400000,0xe0000
1781260351,63.7,2400000,0xe0000
1781260352,63.1,2400000,0xe0000
1781260353,62.6,2400000,0xe0000
1781260354,63.1,2400000,0xe0000
1781260355,63.7,2400000,0xe0000
1781260356,63.1,2400000,0xe0000
1781260357,64.2,2400000,0xe0000
1781260358,63.7,2400000,0xe0000
1781260359,63.7,2400000,0xe0000
1781260360,62.6,2400000,0xe0000
1781260361,63.7,2400000,0xe0000
1781260363,63.7,2400000,0xe0000
1781260364,63.7,2400000,0xe0000
1781260365,63.1,2400000,0xe0000
1781260366,63.1,2400000,0xe0000
1781260367,63.7,2400000,0xe0000
1781260368,62.6,2400000,0xe0000
1781260369,63.7,2400000,0xe0000
1781260370,63.7,2400000,0xe0000
1781260371,63.1,2400000,0xe0000
1781260372,63.7,2400000,0xe0000
1781260373,63.7,2400000,0xe0000
1781260374,63.1,2400000,0xe0000
1781260375,63.7,2400000,0xe0000
1781260376,63.7,2400000,0xe0000
1781260378,63.7,2400000,0xe0000
1781260379,63.7,2400000,0xe0000
1781260380,63.1,2400000,0xe0000
1781260381,63.1,2400000,0xe0000
1781260382,63.7,2400000,0xe0000
1781260383,63.7,2400000,0xe0000
1781260384,63.7,2400000,0xe0000
1781260385,63.7,2400000,0xe0000
1781260386,64.2,2400000,0xe0000
1781260387,63.7,2400000,0xe0000
1781260388,64.2,2400000,0xe0000
1781260389,62.6,2400000,0xe0000
1781260390,63.7,2400000,0xe0000
1781260391,63.7,2400000,0xe0000
1781260392,63.7,2400000,0xe0000
1781260393,63.1,2400000,0xe0000
1781260394,63.7,2400000,0xe0000
1781260395,63.7,2400000,0xe0000
1781260396,63.7,2400000,0xe0000
1781260397,63.7,2400000,0xe0000
1781260398,64.2,2400000,0xe0000
1781260399,63.7,2400000,0xe0000
1781260400,62.6,2400000,0xe0000
1781260401,63.7,2400000,0xe0000
1781260402,63.7,2400000,0xe0000
1781260403,60.9,2400000,0xe0000
1781260404,63.7,2400000,0xe0000
1781260405,64.2,2400000,0xe0000
1781260406,63.7,2400000,0xe0000
1781260407,63.7,2400000,0xe0000
1781260408,62.6,2400000,0xe0000
1781260409,63.7,2400000,0xe0000
1781260410,63.7,2400000,0xe0000
1781260412,63.7,2400000,0xe0000
1781260413,64.2,2400000,0xe0000
1781260414,63.7,2400000,0xe0000
1781260415,63.7,2400000,0xe0000
1781260416,63.1,2400000,0xe0000
1781260417,64.2,2400000,0xe0000
1781260418,64.2,2400000,0xe0000
1781260419,63.7,2400000,0xe0000
1781260420,62.6,2400000,0xe0000
1781260421,63.7,2400000,0xe0000
1781260422,64.2,2400000,0xe0000
1781260423,63.7,2400000,0xe0000
1781260424,63.7,2400000,0xe0000
1781260425,63.7,2400000,0xe0000
1781260426,63.7,2400000,0xe0000
1781260427,63.1,2400000,0xe0000
1781260428,63.7,2400000,0xe0000
1781260429,63.1,2400000,0xe0000
1781260430,64.2,2400000,0xe0000
1781260431,63.7,2400000,0xe0000
1781260432,63.7,2400000,0xe0000
1781260433,64.8,2400000,0xe0000
1781260434,64.2,2400000,0xe0000
1781260435,63.7,2400000,0xe0000
1781260437,64.2,2400000,0xe0000
1781260438,62.6,2400000,0xe0000
1781260439,63.7,2400000,0xe0000
1781260440,63.7,2400000,0xe0000
1781260441,63.7,2400000,0xe0000
1781260442,63.7,2400000,0xe0000
1781260443,63.7,2400000,0xe0000
1781260444,63.7,2400000,0xe0000
1781260445,63.1,2400000,0xe0000
1781260446,63.1,2400000,0xe0000
1781260447,63.1,2400000,0xe0000
1781260448,63.1,2400000,0xe0000
1781260449,63.7,2400000,0xe0000
1781260450,62.6,2400000,0xe0000
1781260451,63.7,2400000,0xe0000
1781260452,63.7,2400000,0xe0000
1781260453,63.7,2400000,0xe0000
1781260454,62.6,2400000,0xe0000
1781260455,63.1,2400000,0xe0000
1781260456,63.7,2400000,0xe0000
1781260457,64.2,2400000,0xe0000
1781260458,62.6,2400000,0xe0000
1781260459,63.7,2400000,0xe0000
1781260460,63.7,2400000,0xe0000
1781260461,63.1,2400000,0xe0000
1781260462,63.7,2400000,0xe0000
1781260463,63.7,2400000,0xe0000
1781260464,63.1,2400000,0xe0000
1781260465,63.7,2400000,0xe0000
1781260466,63.1,2400000,0xe0000
1781260467,64.2,2400000,0xe0000
1781260468,63.7,2400000,0xe0000
1781260469,63.7,2400000,0xe0000
1781260470,63.7,2400000,0xe0000
1781260471,63.1,2400000,0xe0000
1781260473,63.7,2400000,0xe0000
1781260474,63.7,2400000,0xe0000
1781260475,63.7,2400000,0xe0000
1781260476,63.7,2400000,0xe0000
1781260477,63.7,2400000,0xe0000
1781260478,63.1,2400000,0xe0000
1781260479,63.7,2400000,0xe0000
1781260480,62.6,2400000,0xe0000
1781260481,63.1,2400000,0xe0000
1781260482,63.1,2400000,0xe0000
1781260483,63.1,2400000,0xe0000
1781260484,63.7,2400000,0xe0000
1781260485,63.1,2400000,0xe0000
1781260486,63.7,2400000,0xe0000
1781260487,63.1,2400000,0xe0000
1781260488,63.7,2400000,0xe0000
1781260489,63.7,2400000,0xe0000
1781260490,63.1,2400000,0xe0000
1781260491,63.7,2400000,0xe0000
1781260492,63.7,2400000,0xe0000
1781260493,63.1,2400000,0xe0000
1781260494,64.2,2400000,0xe0000
1781260496,63.7,2400000,0xe0000
1781260497,63.7,2400000,0xe0000
1781260498,63.7,2400000,0xe0000
1781260499,63.1,2400000,0xe0000
1781260500,63.7,2400000,0xe0000
1781260501,63.7,2400000,0xe0000
1781260502,63.1,2400000,0xe0000
1781260503,63.7,2400000,0xe0000
1781260504,63.1,2400000,0xe0000
1781260505,63.1,2400000,0xe0000
1781260506,63.1,2400000,0xe0000
1781260507,63.1,2400000,0xe0000
1781260508,62.6,2400000,0xe0000
1781260509,62.6,2400000,0xe0000
1781260510,62.6,2400000,0xe0000
1781260511,63.1,2400000,0xe0000
1781260512,63.1,2400000,0xe0000
1781260513,63.7,2400000,0xe0000
1781260514,63.7,2400000,0xe0000
1781260515,63.7,2400000,0xe0000
1781260516,63.1,2400000,0xe0000
1781260517,63.1,2400000,0xe0000
1781260518,63.7,2400000,0xe0000
1781260519,63.1,2400000,0xe0000
1781260520,63.7,2400000,0xe0000
1781260521,63.7,2400000,0xe0000
1781260522,63.1,2400000,0xe0000
1781260523,63.1,2400000,0xe0000
1781260524,63.1,2400000,0xe0000
1781260525,63.1,2400000,0xe0000
1781260527,63.7,2400000,0xe0000
1781260528,63.1,2400000,0xe0000
1781260529,63.7,2400000,0xe0000
1781260530,63.1,2400000,0xe0000
1781260531,63.1,2400000,0xe0000
1781260532,63.1,2400000,0xe0000
1781260533,63.7,2400000,0xe0000
1781260534,63.7,2400000,0xe0000
1781260535,63.1,2400000,0xe0000
1781260536,63.1,2400000,0xe0000
1781260537,63.1,2400000,0xe0000
1781260538,63.7,2400000,0xe0000
1781260539,63.7,2400000,0xe0000
1781260540,63.1,2400000,0xe0000
1781260541,63.7,2400000,0xe0000
1781260542,63.7,2400000,0xe0000
1781260543,62.0,2400000,0xe0000
1781260544,63.7,2400000,0xe0000
1781260545,63.7,2400000,0xe0000
1781260546,63.7,2400000,0xe0000
1781260547,63.1,2400000,0xe0000
1781260549,63.1,2400000,0xe0000
1781260550,63.7,2400000,0xe0000
1781260551,63.1,2400000,0xe0000
1781260552,63.1,2400000,0xe0000
1781260553,63.1,2400000,0xe0000
1781260554,63.1,2400000,0xe0000
1781260555,63.1,2400000,0xe0000
1781260556,62.6,2400000,0xe0000
1781260557,63.1,2400000,0xe0000
1781260558,63.7,2400000,0xe0000
1781260559,63.7,2400000,0xe0000
1781260560,63.1,2400000,0xe0000
1781260561,63.1,2400000,0xe0000
1781260562,63.1,2400000,0xe0000
1781260563,63.7,2400000,0xe0000
1781260564,63.7,2400000,0xe0000
1781260565,63.1,2400000,0xe0000
1781260566,63.1,2400000,0xe0000
1781260567,63.7,2400000,0xe0000
1781260568,63.7,2400000,0xe0000
1781260569,63.7,2400000,0xe0000
1781260570,63.7,2400000,0xe0000
1781260571,63.7,2400000,0xe0000
1781260572,63.1,2400000,0xe0000
1781260573,63.7,2400000,0xe0000
1781260574,63.7,2400000,0xe0000
1781260575,62.6,2400000,0xe0000
1781260576,63.7,2400000,0xe0000
1781260578,64.2,2400000,0xe0000
1781260579,63.1,2400000,0xe0000
1781260580,62.0,2400000,0xe0000
1781260581,63.7,2400000,0xe0000
1781260582,63.7,2400000,0xe0000
1781260583,63.1,2400000,0xe0000
1781260584,63.1,2400000,0xe0000
1781260585,63.1,2400000,0xe0000
1781260586,63.1,2400000,0xe0000
1781260587,63.1,2400000,0xe0000
1781260588,63.7,2400000,0xe0000
1781260589,63.7,2400000,0xe0000
1781260590,63.7,2400000,0xe0000
1781260591,64.2,2400000,0xe0000
1781260592,62.6,2400000,0xe0000
1781260593,63.7,2400000,0xe0000
1781260594,63.1,2400000,0xe0000
1781260595,64.2,2400000,0xe0000
1781260596,62.6,2400000,0xe0000
1781260597,63.7,2400000,0xe0000
1781260598,63.7,2400000,0xe0000
1781260599,63.7,2400000,0xe0000
1781260600,63.1,2400000,0xe0000
1781260601,63.7,2400000,0xe0000
1781260602,63.7,2400000,0xe0000
1781260603,63.1,2400000,0xe0000
1781260604,63.7,2400000,0xe0000
1781260605,63.7,2400000,0xe0000
1781260606,62.0,2400000,0xe0000
1781260608,63.7,2400000,0xe0000
1781260609,63.7,2400000,0xe0000
1781260610,63.1,2400000,0xe0000
1781260611,63.7,2400000,0xe0000
1781260612,63.1,2400000,0xe0000
1781260613,63.7,2400000,0xe0000
1781260614,63.1,2400000,0xe0000
1781260615,64.2,2400000,0xe0000
1781260616,64.8,2400000,0xe0000
1781260617,63.7,2400000,0xe0000
1781260618,62.6,2400000,0xe0000
1781260619,63.7,2400000,0xe0000
1781260620,64.2,2400000,0xe0000
1781260621,63.7,2400000,0xe0000
1781260622,63.7,2400000,0xe0000
1781260623,63.7,2400000,0xe0000
1781260624,64.2,2400000,0xe0000
1781260625,63.7,2400000,0xe0000
1781260626,64.2,2400000,0xe0000
1781260627,64.8,2400000,0xe0000
1781260628,63.7,2400000,0xe0000
1781260630,63.1,2400000,0xe0000
1781260631,63.7,2400000,0xe0000
1781260632,64.2,2400000,0xe0000
1781260633,64.8,2400000,0xe0000
1781260634,64.2,2400000,0xe0000
1781260635,64.2,2400000,0xe0000
1781260636,63.7,2400000,0xe0000
1781260637,63.7,2400000,0xe0000
1781260638,62.6,2400000,0xe0000
1781260639,63.1,2400000,0xe0000
1781260640,63.7,2400000,0xe0000
1781260641,63.7,2400000,0xe0000
1781260642,63.7,2400000,0xe0000
1781260643,63.1,2400000,0xe0000
1781260644,63.7,2400000,0xe0000
1781260645,63.1,2400000,0xe0000
1781260646,63.7,2400000,0xe0000
1781260647,63.1,2400000,0xe0000
1781260648,63.7,2400000,0xe0000
1781260649,63.7,2400000,0xe0000
1781260650,63.7,2400000,0xe0000
1781260651,63.7,2400000,0xe0000
1781260652,63.7,2400000,0xe0000
1781260653,63.7,2400000,0xe0000
1781260655,63.1,2400000,0xe0000
1781260656,64.2,2400000,0xe0000
1781260657,63.7,2400000,0xe0000
1781260658,64.8,2400000,0xe0000
1781260659,63.1,2400000,0xe0000
1781260660,64.2,2400000,0xe0000
1781260661,62.6,2400000,0xe0000
1781260662,63.7,2400000,0xe0000
1781260663,63.7,2400000,0xe0000
1781260664,63.7,2400000,0xe0000
1781260665,63.1,2400000,0xe0000
1781260666,63.1,2400000,0xe0000
1781260667,63.7,2400000,0xe0000
1781260668,62.6,2400000,0xe0000
1781260669,63.7,2400000,0xe0000
1781260670,63.7,2400000,0xe0000
1781260671,63.1,2400000,0xe0000
1781260672,63.1,2400000,0xe0000
1781260673,63.7,2400000,0xe0000
1781260674,63.1,2400000,0xe0000
1781260675,63.7,2400000,0xe0000
1781260676,64.8,2400000,0xe0000
1781260677,63.7,2400000,0xe0000
1781260678,64.2,2400000,0xe0000
1781260679,64.2,2400000,0xe0000
1781260680,64.2,2400000,0xe0000
1781260681,64.2,2400000,0xe0000
1781260682,63.7,2400000,0xe0000
1781260683,64.2,2400000,0xe0000
1781260685,63.7,2400000,0xe0000
1781260686,64.2,2400000,0xe0000
1781260687,63.7,2400000,0xe0000
1781260688,64.2,2400000,0xe0000
1781260689,62.6,2400000,0xe0000
1781260690,64.2,2400000,0xe0000
1781260691,64.2,2400000,0xe0000
1781260692,63.7,2400000,0xe0000
1781260693,63.7,2400000,0xe0000
1781260694,64.2,2400000,0xe0000
1781260695,63.7,2400000,0xe0000
1781260696,63.7,2400000,0xe0000
1781260697,63.7,2400000,0xe0000
1781260698,63.7,2400000,0xe0000
1781260699,64.2,2400000,0xe0000
1781260700,64.2,2400000,0xe0000
1781260701,64.2,2400000,0xe0000
1781260702,63.7,2400000,0xe0000
1781260703,62.6,2400000,0xe0000
1781260704,63.7,2400000,0xe0000
1781260705,63.7,2400000,0xe0000
1781260706,63.7,2400000,0xe0000
1781260707,64.2,2400000,0xe0000
1781260708,64.2,2400000,0xe0000
1781260709,64.2,2400000,0xe0000
1781260710,63.7,2400000,0xe0000
1781260711,64.2,2400000,0xe0000
1781260713,64.2,2400000,0xe0000
1781260714,64.8,2400000,0xe0000
1781260715,63.1,2400000,0xe0000
1781260716,64.8,2400000,0xe0000
1781260717,63.7,2400000,0xe0000
1781260718,64.2,2400000,0xe0000
1781260719,64.2,2400000,0xe0000
1781260720,64.2,2400000,0xe0000
1781260721,64.2,2400000,0xe0000
1781260722,63.7,2400000,0xe0000
1781260723,64.2,2400000,0xe0000
1781260724,64.8,2400000,0xe0000
1781260725,64.2,2400000,0xe0000
1781260726,64.2,2400000,0xe0000
1781260727,64.2,2400000,0xe0000
1781260728,64.2,2400000,0xe0000
1781260729,63.7,2400000,0xe0000
1781260730,63.7,2400000,0xe0000
1781260731,63.7,2400000,0xe0000
1781260732,64.2,2400000,0xe0000
1781260733,63.7,2400000,0xe0000
1781260735,63.7,2400000,0xe0000
1781260736,63.7,2400000,0xe0000
1781260737,63.7,2400000,0xe0000
1781260738,63.7,2400000,0xe0000
1781260739,63.7,2400000,0xe0000
1781260740,63.7,2400000,0xe0000
1781260741,62.6,2400000,0xe0000
1781260742,63.7,2400000,0xe0000
1781260743,63.1,2400000,0xe0000
1781260744,63.7,2400000,0xe0000
1781260745,63.7,2400000,0xe0000
1781260746,63.1,2400000,0xe0000
1781260747,63.1,2400000,0xe0000
1781260748,63.7,2400000,0xe0000
1781260749,63.1,2400000,0xe0000
1781260750,63.1,2400000,0xe0000
1781260751,63.1,2400000,0xe0000
1781260752,62.6,2400000,0xe0000
1781260753,63.7,2400000,0xe0000
1781260754,63.1,2400000,0xe0000
1781260755,63.7,2400000,0xe0000
1781260756,63.7,2400000,0xe0000
1781260757,63.7,2400000,0xe0000
1781260758,62.0,2400000,0xe0000
1781260760,63.7,2400000,0xe0000
1781260761,63.7,2400000,0xe0000
1781260762,63.7,2400000,0xe0000
1781260763,63.1,2400000,0xe0000
1781260764,63.7,2400000,0xe0000
1781260765,64.2,2400000,0xe0000
1781260766,63.7,2400000,0xe0000
1781260767,63.1,2400000,0xe0000
1781260768,63.7,2400000,0xe0000
1781260769,63.7,2400000,0xe0000
1781260770,63.7,2400000,0xe0000
1781260771,63.7,2400000,0xe0000
1781260772,63.1,2400000,0xe0000
1781260773,64.2,2400000,0xe0000
1781260774,63.7,2400000,0xe0000
1781260776,63.7,2400000,0xe0000
1781260777,63.7,2400000,0xe0000
1781260778,63.7,2400000,0xe0000
1781260779,63.1,2400000,0xe0000
1781260780,62.6,2400000,0xe0000
1781260781,64.2,2400000,0xe0000
1781260782,63.7,2400000,0xe0000
1781260783,63.7,2400000,0xe0000
1781260784,63.7,2400000,0xe0000
1781260785,63.1,2400000,0xe0000
1781260786,63.7,2400000,0xe0000
1781260787,64.2,2400000,0xe0000
1781260788,63.7,2400000,0xe0000
1781260789,63.1,2400000,0xe0000
1781260790,63.7,2400000,0xe0000
1781260791,63.7,2400000,0xe0000
1781260792,63.1,2400000,0xe0000
1781260793,63.7,2400000,0xe0000
1781260794,63.7,2400000,0xe0000
1781260795,63.7,2400000,0xe0000
1781260796,63.7,2400000,0xe0000
1781260797,63.7,2400000,0xe0000
1781260798,64.2,2400000,0xe0000
1781260799,63.7,2400000,0xe0000
1781260800,63.1,2400000,0xe0000
1781260801,63.7,2400000,0xe0000
1781260802,63.1,2400000,0xe0000
1781260803,63.7,2400000,0xe0000
1781260804,63.7,2400000,0xe0000
1781260806,62.6,2400000,0xe0000
1781260807,64.2,2400000,0xe0000
1781260808,63.1,2400000,0xe0000
1781260809,63.7,2400000,0xe0000
1781260810,62.6,2400000,0xe0000
1781260811,63.7,2400000,0xe0000
1781260812,63.1,2400000,0xe0000
1781260813,63.7,2400000,0xe0000
1781260814,64.2,2400000,0xe0000
1781260815,63.7,2400000,0xe0000
1781260816,63.7,2400000,0xe0000
1781260817,63.7,2400000,0xe0000
1781260818,63.1,2400000,0xe0000
1781260819,63.7,2400000,0xe0000
1781260820,63.7,2400000,0xe0000
1781260821,63.7,2400000,0xe0000
1781260822,63.7,2400000,0xe0000
1781260823,62.6,2400000,0xe0000
1781260824,63.1,2400000,0xe0000
1781260825,63.7,2400000,0xe0000
1781260826,64.2,2400000,0xe0000
1781260827,63.7,2400000,0xe0000
1781260828,63.1,2400000,0xe0000
1781260829,63.1,2400000,0xe0000
1781260830,63.1,2400000,0xe0000
1781260832,63.7,2400000,0xe0000
1781260833,63.7,2400000,0xe0000
1781260834,63.1,2400000,0xe0000
1781260835,64.2,2400000,0xe0000
1781260836,63.7,2400000,0xe0000
1781260837,63.1,2400000,0xe0000
1781260838,63.7,2400000,0xe0000
1781260839,62.6,2400000,0xe0000
1781260840,63.1,2400000,0xe0000
1781260841,63.7,2400000,0xe0000
1781260842,63.1,2400000,0xe0000
1781260843,63.1,2400000,0xe0000
1781260844,63.7,2400000,0xe0000
1781260845,63.7,2400000,0xe0000
1781260846,63.7,2400000,0xe0000
1781260847,63.7,2400000,0xe0000
1781260848,63.7,2400000,0xe0000
1781260849,63.7,2400000,0xe0000
1781260850,63.7,2400000,0xe0000
1781260852,63.7,2400000,0xe0000
1781260853,63.7,2400000,0xe0000
1781260854,63.7,2400000,0xe0000
1781260855,63.1,2400000,0xe0000
1781260856,63.1,2400000,0xe0000
1781260857,63.7,2400000,0xe0000
1781260858,63.7,2400000,0xe0000
1781260859,64.2,2400000,0xe0000
1781260860,63.7,2400000,0xe0000
1781260861,64.2,2400000,0xe0000
1781260862,63.7,2400000,0xe0000
1781260863,64.2,2400000,0xe0000
1781260864,63.7,2400000,0xe0000
1781260865,63.7,2400000,0xe0000
1781260866,63.7,2400000,0xe0000
1781260867,64.2,2400000,0xe0000
1781260868,63.1,2400000,0xe0000
1781260869,63.7,2400000,0xe0000
1781260870,63.1,2400000,0xe0000
1781260871,63.1,2400000,0xe0000
1781260872,63.7,2400000,0xe0000
1781260873,63.1,2400000,0xe0000
1781260874,63.7,2400000,0xe0000
1781260875,63.1,2400000,0xe0000
1781260876,64.2,2400000,0xe0000
1781260877,64.2,2400000,0xe0000
1781260878,64.2,2400000,0xe0000
1781260879,63.1,2400000,0xe0000
1781260881,63.1,2400000,0xe0000
1781260882,63.7,2400000,0xe0000
1781260883,62.0,2400000,0xe0000
1781260884,63.7,2400000,0xe0000
1781260885,63.7,2400000,0xe0000
1781260886,63.7,2400000,0xe0000
1781260887,63.1,2400000,0xe0000
1781260888,63.1,2400000,0xe0000
1781260889,63.7,2400000,0xe0000
1781260890,63.7,2400000,0xe0000
1781260891,63.7,2400000,0xe0000
1781260892,63.1,2400000,0xe0000
1781260893,63.1,2400000,0xe0000
1781260894,63.1,2400000,0xe0000
1781260895,63.1,2400000,0xe0000
1781260896,63.7,2400000,0xe0000
1781260897,63.7,2400000,0xe0000
1781260898,63.1,2400000,0xe0000
1781260899,63.7,2400000,0xe0000
1781260900,63.1,2400000,0xe0000
1781260901,63.7,2400000,0xe0000
1781260902,63.1,2400000,0xe0000
1781260903,63.1,2400000,0xe0000
1781260904,63.1,2400000,0xe0000
1781260905,62.6,2400000,0xe0000
1781260906,63.7,2400000,0xe0000
1781260907,63.7,2400000,0xe0000
1781260908,63.1,2400000,0xe0000
1781260909,63.1,2400000,0xe0000
1781260911,63.7,2400000,0xe0000
1781260912,63.1,2400000,0xe0000
1781260913,62.0,2400000,0xe0000
1781260914,63.7,2400000,0xe0000
1781260915,63.7,2400000,0xe0000
1781260916,64.2,2400000,0xe0000
1781260917,63.7,2400000,0xe0000
1781260918,63.7,2400000,0xe0000
1781260919,63.7,2400000,0xe0000
1781260920,63.7,2400000,0xe0000
1781260921,63.7,2400000,0xe0000
1781260922,63.7,2400000,0xe0000
1781260923,64.8,2400000,0xe0000
1781260924,63.7,2400000,0xe0000
1781260925,64.8,2400000,0xe0000
1781260927,64.2,2400000,0xe0000
1781260928,63.7,2400000,0xe0000
1781260929,63.7,2400000,0xe0000
1781260930,63.1,2400000,0xe0000
1781260931,64.2,2400000,0xe0000
1781260932,64.2,2400000,0xe0000
1781260933,63.7,2400000,0xe0000
1781260934,64.2,2400000,0xe0000
1781260935,63.7,2400000,0xe0000
1781260936,64.2,2400000,0xe0000
1781260937,62.6,2400000,0xe0000
1781260938,63.7,2400000,0xe0000
1781260939,63.7,2400000,0xe0000
1781260940,63.7,2400000,0xe0000
1781260941,64.2,2400000,0xe0000
1781260942,63.7,2400000,0xe0000
1781260943,63.7,2400000,0xe0000
1781260944,64.2,2400000,0xe0000
1781260945,64.2,2400000,0xe0000
1781260946,63.7,2400000,0xe0000
1781260947,63.7,2400000,0xe0000
1781260948,64.2,2400000,0xe0000
1781260949,64.2,2400000,0xe0000
1781260951,63.7,2400000,0xe0000
1781260952,63.7,2400000,0xe0000
1781260953,64.8,2400000,0xe0000
1781260954,63.7,2400000,0xe0000
1781260955,63.7,2400000,0xe0000
1781260956,63.7,2400000,0xe0000
1781260957,64.2,2400000,0xe0000
1781260958,63.7,2400000,0xe0000
1781260959,64.2,2400000,0xe0000
1781260960,64.2,2400000,0xe0000
1781260961,64.2,2400000,0xe0000
1781260962,63.1,2400000,0xe0000
1781260963,64.2,2400000,0xe0000
1781260964,64.2,2400000,0xe0000
1781260965,63.1,2400000,0xe0000
1781260966,64.2,2400000,0xe0000
1781260967,64.2,2400000,0xe0000
1781260968,63.7,2400000,0xe0000
1781260969,63.7,2400000,0xe0000
1781260970,64.2,2400000,0xe0000
1781260972,63.7,2400000,0xe0000
1781260973,64.2,2400000,0xe0000
1781260974,64.2,2400000,0xe0000
1781260975,63.7,2400000,0xe0000
1781260976,64.2,2400000,0xe0000
1781260977,63.7,2400000,0xe0000
1781260978,63.7,2400000,0xe0000
1781260979,63.7,2400000,0xe0000
1781260980,63.7,2400000,0xe0000
1781260981,63.7,2400000,0xe0000
1781260982,63.7,2400000,0xe0000
1781260983,64.2,2400000,0xe0000
1781260984,63.7,2400000,0xe0000
1781260985,63.7,2400000,0xe0000
1781260986,64.2,2400000,0xe0000
1781260987,63.1,2400000,0xe0000
1781260988,64.2,2400000,0xe0000
1781260989,63.7,2400000,0xe0000
1781260990,64.2,2400000,0xe0000
1781260991,63.7,2400000,0xe0000
1781260992,64.2,2400000,0xe0000
1781260993,63.7,2400000,0xe0000
1781260994,63.1,2400000,0xe0000
1781260995,63.7,2400000,0xe0000
1781260996,63.7,2400000,0xe0000
1781260997,63.7,2400000,0xe0000
1781260998,64.2,2400000,0xe0000
1781260999,63.1,2400000,0xe0000
1781261000,64.2,2400000,0xe0000
1781261001,63.1,2400000,0xe0000
1781261002,64.2,2400000,0xe0000
1781261004,63.1,2400000,0xe0000
1781261005,63.7,2400000,0xe0000
1781261006,63.7,2400000,0xe0000
1781261007,62.6,2400000,0xe0000
1781261008,62.6,2400000,0xe0000
1781261009,64.8,2400000,0xe0000
1781261010,64.2,2400000,0xe0000
1781261011,63.7,2400000,0xe0000
1781261012,63.7,2400000,0xe0000
1781261013,64.2,2400000,0xe0000
1781261014,64.2,2400000,0xe0000
1781261015,64.2,2400000,0xe0000
1781261016,64.2,2400000,0xe0000
1781261017,64.2,2400000,0xe0000
1781261018,63.7,2400000,0xe0000
1781261019,63.7,2400000,0xe0000
1781261020,63.7,2400000,0xe0000
1781261021,63.7,2400000,0xe0000
1781261022,63.7,2400000,0xe0000
1781261023,63.1,2400000,0xe0000
1781261024,64.2,2400000,0xe0000
1781261025,63.1,2400000,0xe0000
1781261026,63.1,2400000,0xe0000
1781261027,64.2,2400000,0xe0000
1781261028,63.7,2400000,0xe0000
1781261030,63.7,2400000,0xe0000
1781261031,63.7,2400000,0xe0000
1781261032,63.7,2400000,0xe0000
1781261033,64.2,2400000,0xe0000
1781261034,63.7,2400000,0xe0000
1781261035,63.7,2400000,0xe0000
1781261036,64.2,2400000,0xe0000
1781261037,63.7,2400000,0xe0000
1781261038,63.7,2400000,0xe0000
1781261039,64.2,2400000,0xe0000
1781261040,64.2,2400000,0xe0000
1781261041,63.7,2400000,0xe0000
1781261042,64.2,2400000,0xe0000
1781261043,63.1,2400000,0xe0000
1781261044,63.1,2400000,0xe0000
1781261045,63.1,2400000,0xe0000
1781261046,63.1,2400000,0xe0000
1781261047,63.7,2400000,0xe0000
1781261048,63.7,2400000,0xe0000
1781261049,62.6,2400000,0xe0000
1781261050,63.7,2400000,0xe0000
1781261051,63.1,2400000,0xe0000
1781261052,63.1,2400000,0xe0000
1781261053,63.7,2400000,0xe0000
1781261054,63.7,2400000,0xe0000
1781261055,63.1,2400000,0xe0000
1781261056,63.1,2400000,0xe0000
1781261058,63.1,2400000,0xe0000
1781261059,62.6,2400000,0xe0000
1781261060,63.7,2400000,0xe0000
1781261061,63.7,2400000,0xe0000
1781261062,63.1,2400000,0xe0000
1781261063,63.1,2400000,0xe0000
1781261064,62.0,2400000,0xe0000
1781261065,63.7,2400000,0xe0000
1781261066,63.1,2400000,0xe0000
1781261067,63.7,2400000,0xe0000
1781261068,63.7,2400000,0xe0000
1781261069,63.1,2400000,0xe0000
1781261070,63.7,2400000,0xe0000
1781261071,63.1,2400000,0xe0000
1781261072,63.1,2400000,0xe0000
1781261073,63.7,2400000,0xe0000
1781261074,63.1,2400000,0xe0000
1781261075,62.6,2400000,0xe0000
1781261076,63.7,2400000,0xe0000
1781261077,62.6,2400000,0xe0000
1781261078,62.6,2400000,0xe0000
1781261079,63.7,2400000,0xe0000
1781261080,63.7,2400000,0xe0000
1781261081,63.7,2400000,0xe0000
1781261083,63.1,2400000,0xe0000
1781261084,63.7,2400000,0xe0000
1781261085,63.7,2400000,0xe0000
1781261086,63.1,2400000,0xe0000
1781261087,62.6,2400000,0xe0000
1781261088,63.7,2400000,0xe0000
1781261089,63.1,2400000,0xe0000
1781261090,63.1,2400000,0xe0000
1781261091,63.1,2400000,0xe0000
1781261092,63.1,2400000,0xe0000
1781261093,62.6,2400000,0xe0000
1781261094,63.1,2400000,0xe0000
1781261095,63.1,2400000,0xe0000
1781261096,63.7,2400000,0xe0000
1781261097,63.1,2400000,0xe0000
1781261098,63.1,2400000,0xe0000
1781261099,63.1,2400000,0xe0000
1781261100,63.1,2400000,0xe0000
1781261101,63.1,2400000,0xe0000
1781261102,63.7,2400000,0xe0000
1781261103,63.1,2400000,0xe0000
1781261104,62.6,2400000,0xe0000
1781261105,63.7,2400000,0xe0000
1781261106,63.7,2400000,0xe0000
1781261107,63.7,2400000,0xe0000
1781261108,63.1,2400000,0xe0000
1781261109,63.1,2400000,0xe0000
1781261111,63.1,2400000,0xe0000
1781261112,63.1,2400000,0xe0000
1781261113,63.1,2400000,0xe0000
1781261114,63.7,2400000,0xe0000
1781261115,63.7,2400000,0xe0000
1781261116,63.1,2400000,0xe0000
1781261117,63.7,2400000,0xe0000
1781261118,63.7,2400000,0xe0000
1781261119,63.7,2400000,0xe0000
1781261120,63.7,2400000,0xe0000
1781261121,63.7,2400000,0xe0000
1781261122,63.1,2400000,0xe0000
1781261123,63.7,2400000,0xe0000
1781261124,63.1,2400000,0xe0000
1781261125,63.7,2400000,0xe0000
1781261126,62.6,2400000,0xe0000
1781261127,63.1,2400000,0xe0000
1781261128,63.7,2400000,0xe0000
1781261129,63.1,2400000,0xe0000
1781261130,63.1,2400000,0xe0000
1781261131,63.1,2400000,0xe0000
1781261132,62.0,2400000,0xe0000
1781261133,63.1,2400000,0xe0000
1781261134,62.6,2400000,0xe0000
1781261135,63.7,2400000,0xe0000
1781261136,63.7,2400000,0xe0000
1781261137,63.7,2400000,0xe0000
1781261139,63.1,2400000,0xe0000
1781261140,63.1,2400000,0xe0000
1781261141,63.1,2400000,0xe0000
1781261142,63.7,2400000,0xe0000
1781261143,63.7,2400000,0xe0000
1781261144,62.6,2400000,0xe0000
1781261145,63.1,2400000,0xe0000
1781261146,62.6,2400000,0xe0000
1781261147,63.1,2400000,0xe0000
1781261148,62.6,2400000,0xe0000
1781261149,63.7,2400000,0xe0000
1781261150,62.6,2400000,0xe0000
1781261151,63.7,2400000,0xe0000
1781261152,63.1,2400000,0xe0000
1781261153,63.1,2400000,0xe0000
1781261154,63.1,2400000,0xe0000
1781261155,63.1,2400000,0xe0000
1781261156,62.6,2400000,0xe0000
1781261157,63.7,2400000,0xe0000
1781261158,63.1,2400000,0xe0000
1781261159,63.7,2400000,0xe0000
1781261160,63.1,2400000,0xe0000
1781261161,62.6,2400000,0xe0000
1781261163,62.6,2400000,0xe0000
1781261164,62.6,2400000,0xe0000
1781261165,63.1,2400000,0xe0000
1781261166,63.7,2400000,0xe0000
1781261167,63.1,2400000,0xe0000
1781261168,63.1,2400000,0xe0000
1781261169,63.1,2400000,0xe0000
1781261170,63.1,2400000,0xe0000
1781261171,63.1,2400000,0xe0000
1781261172,63.7,2400000,0xe0000
1781261173,62.6,2400000,0xe0000
1781261174,63.7,2400000,0xe0000
1781261175,63.1,2400000,0xe0000
1781261176,63.1,2400000,0xe0000
1781261177,63.1,2400000,0xe0000
1781261178,63.1,2400000,0xe0000
1781261179,63.7,2400000,0xe0000
1781261180,62.0,2400000,0xe0000
1781261181,63.7,2400000,0xe0000
1781261182,63.1,2400000,0xe0000
1781261183,63.1,2400000,0xe0000
1781261184,63.7,2400000,0xe0000
1781261186,63.7,2400000,0xe0000
1781261187,63.7,2400000,0xe0000
1781261188,63.1,2400000,0xe0000
1781261189,63.1,2400000,0xe0000
1781261190,62.6,2400000,0xe0000
1781261191,63.1,2400000,0xe0000
1781261192,63.1,2400000,0xe0000
1781261193,63.1,2400000,0xe0000
1781261194,63.1,2400000,0xe0000
1781261195,62.6,2400000,0xe0000
1781261196,63.7,2400000,0xe0000
1781261197,63.1,2400000,0xe0000
1781261198,63.7,2400000,0xe0000
1781261199,63.1,2400000,0xe0000
1781261200,63.7,2400000,0xe0000
1781261201,63.1,2400000,0xe0000
1781261202,63.1,2400000,0xe0000
1781261203,63.7,2400000,0xe0000
1781261204,63.7,2400000,0xe0000
1781261205,63.1,2400000,0xe0000
1781261206,63.1,2400000,0xe0000
1781261207,63.1,2400000,0xe0000
1781261208,63.1,2400000,0xe0000
1781261209,63.1,2400000,0xe0000
1781261210,63.1,2400000,0xe0000
1781261211,63.1,2400000,0xe0000
1781261212,63.1,2400000,0xe0000
1781261214,62.6,2400000,0xe0000
1781261215,63.7,2400000,0xe0000
1781261216,63.7,2400000,0xe0000
1781261217,64.2,2400000,0xe0000
1781261218,63.7,2400000,0xe0000
1781261219,63.7,2400000,0xe0000
1781261220,63.7,2400000,0xe0000
1781261221,63.7,2400000,0xe0000
1781261222,63.7,2400000,0xe0000
1781261223,64.2,2400000,0xe0000
1781261224,64.2,2400000,0xe0000
1781261225,63.7,2400000,0xe0000
1781261226,63.7,2400000,0xe0000
1781261227,63.7,2400000,0xe0000
1781261228,64.2,2400000,0xe0000
1781261229,63.7,2400000,0xe0000
1781261230,63.7,2400000,0xe0000
1781261231,63.7,2400000,0xe0000
1781261232,63.7,2400000,0xe0000
1781261234,63.1,2400000,0xe0000
1781261235,63.7,2400000,0xe0000
1781261236,63.7,2400000,0xe0000
1781261237,63.7,2400000,0xe0000
1781261238,63.7,2400000,0xe0000
1781261239,63.7,2400000,0xe0000
1781261240,63.7,2400000,0xe0000
1781261241,63.7,2400000,0xe0000
1781261242,64.2,2400000,0xe0000
1781261243,63.7,2400000,0xe0000
1781261244,63.7,2400000,0xe0000
1781261245,64.2,2400000,0xe0000
1781261246,63.7,2400000,0xe0000
1781261247,64.2,2400000,0xe0000
1781261248,63.7,2400000,0xe0000
1781261249,64.2,2400000,0xe0000
1781261250,64.8,2400000,0xe0000
1781261251,63.7,2400000,0xe0000
1781261252,64.2,2400000,0xe0000
1781261253,62.6,2400000,0xe0000
1781261254,63.7,2400000,0xe0000
1781261255,63.7,2400000,0xe0000
1781261257,63.1,2400000,0xe0000
1781261258,63.7,2400000,0xe0000
1781261259,63.1,2400000,0xe0000
1781261260,62.6,2400000,0xe0000
1781261261,64.2,2400000,0xe0000
1781261262,64.2,2400000,0xe0000
1781261263,62.6,2400000,0xe0000
1781261264,63.7,2400000,0xe0000
1781261265,63.7,2400000,0xe0000
1781261266,63.1,2400000,0xe0000
1781261267,63.7,2400000,0xe0000
1781261268,63.7,2400000,0xe0000
1781261269,62.6,2400000,0xe0000
1781261270,63.7,2400000,0xe0000
1781261271,63.1,2400000,0xe0000
1781261272,62.6,2400000,0xe0000
1781261273,63.7,2400000,0xe0000
1781261274,63.7,2400000,0xe0000
1781261275,63.7,2400000,0xe0000
1781261277,63.7,2400000,0xe0000
1781261278,63.1,2400000,0xe0000
1781261279,63.7,2400000,0xe0000
1781261280,63.1,2400000,0xe0000
1781261281,63.1,2400000,0xe0000
1781261282,63.7,2400000,0xe0000
1781261283,63.1,2400000,0xe0000
1781261284,62.6,2400000,0xe0000
1781261285,63.7,2400000,0xe0000
1781261286,63.1,2400000,0xe0000
1781261287,63.1,2400000,0xe0000
1781261288,63.1,2400000,0xe0000
1781261289,63.1,2400000,0xe0000
1781261290,63.7,2400000,0xe0000
1781261291,62.6,2400000,0xe0000
1781261292,63.1,2400000,0xe0000
1781261293,63.7,2400000,0xe0000
1781261294,63.7,2400000,0xe0000
1781261295,63.7,2400000,0xe0000
1781261296,63.1,2400000,0xe0000
1781261297,63.7,2400000,0xe0000
1781261298,63.7,2400000,0xe0000
1781261299,63.7,2400000,0xe0000
1781261300,63.7,2400000,0xe0000
1781261301,62.6,2400000,0xe0000
1781261303,63.1,2400000,0xe0000
1781261304,63.1,2400000,0xe0000
1781261305,63.1,2400000,0xe0000
1781261306,63.1,2400000,0xe0000
1781261307,63.1,2400000,0xe0000
1781261308,63.1,2400000,0xe0000
1781261309,63.1,2400000,0xe0000
1781261310,63.7,2400000,0xe0000
1781261311,63.1,2400000,0xe0000
1781261312,63.7,2400000,0xe0000
1781261313,63.1,2400000,0xe0000
1781261314,63.1,2400000,0xe0000
1781261315,64.2,2400000,0xe0000
1781261316,63.1,2400000,0xe0000
1781261317,63.1,2400000,0xe0000
1781261318,63.7,2400000,0xe0000
1781261319,63.1,2400000,0xe0000
1781261320,63.7,2400000,0xe0000
1781261321,63.7,2400000,0xe0000
1781261322,63.7,2400000,0xe0000
1781261323,64.2,2400000,0xe0000
1781261324,63.7,2400000,0xe0000
1781261325,63.7,2400000,0xe0000
1781261326,63.1,2400000,0xe0000
1781261327,63.7,2400000,0xe0000
1781261328,63.7,2400000,0xe0000
1781261329,63.7,2400000,0xe0000
1781261330,63.7,2400000,0xe0000
1781261331,63.7,2400000,0xe0000
1781261332,62.0,2400000,0xe0000
1781261333,63.1,2400000,0xe0000
1781261334,63.1,2400000,0xe0000
1781261335,64.2,2400000,0xe0000
1781261336,64.2,2400000,0xe0000
1781261337,63.1,2400000,0xe0000
1781261338,63.1,2400000,0xe0000
1781261339,60.9,2400000,0xe0000
1781261340,63.7,2400000,0xe0000
1781261341,63.1,2400000,0xe0000
1781261342,62.6,2400000,0xe0000
1781261343,62.6,2400000,0xe0000
1781261344,62.0,2400000,0xe0000
1781261346,62.0,2400000,0xe0000
1781261347,63.7,2400000,0xe0000
1781261348,63.1,2400000,0xe0000
1781261349,62.6,2400000,0xe0000
1781261350,63.1,2400000,0xe0000
1781261351,63.1,2400000,0xe0000
1781261352,63.1,2400000,0xe0000
1781261353,62.0,2400000,0xe0000
1781261354,63.7,2400000,0xe0000
1781261355,62.6,2400000,0xe0000
1781261356,63.7,2400000,0xe0000
1781261357,63.1,2400000,0xe0000
1781261358,62.6,2400000,0xe0000
1781261359,62.6,2400000,0xe0000
1781261360,63.1,2400000,0xe0000
1781261361,63.1,2400000,0xe0000
1781261362,62.0,2400000,0xe0000
1781261363,62.6,2400000,0xe0000
1781261364,62.6,2400000,0xe0000
1781261365,62.6,2400000,0xe0000
1781261366,61.5,2400000,0xe0000
1781261367,62.6,2400000,0xe0000
1781261368,60.9,2400000,0xe0000
1781261369,62.6,2400000,0xe0000
1781261370,63.1,2400000,0xe0000
1781261371,62.0,2400000,0xe0000
1781261372,62.6,2400000,0xe0000
1781261373,62.6,2400000,0xe0000
1781261374,62.0,2400000,0xe0000
1781261375,62.0,2400000,0xe0000
1781261376,62.0,2400000,0xe0000
1781261377,62.6,2400000,0xe0000
1781261378,62.6,2400000,0xe0000
1781261379,62.0,2400000,0xe0000
1781261380,60.9,2400000,0xe0000
1781261381,62.0,2400000,0xe0000
1781261382,62.6,2400000,0xe0000
1781261383,62.0,2400000,0xe0000
1781261384,62.0,2400000,0xe0000
1781261385,60.9,2400000,0xe0000
1781261386,62.6,2400000,0xe0000
1781261387,61.5,2400000,0xe0000
1781261388,61.5,2400000,0xe0000
1781261389,62.0,2400000,0xe0000
1781261390,62.0,2400000,0xe0000
1781261391,62.0,2400000,0xe0000
1781261392,62.0,2400000,0xe0000
1781261393,62.0,2400000,0xe0000
1781261394,62.0,2400000,0xe0000
1781261395,62.6,2400000,0xe0000
1781261396,62.0,2400000,0xe0000
1781261397,62.6,2400000,0xe0000
1781261398,60.9,2400000,0xe0000
1781261399,61.5,2400000,0xe0000
1781261400,60.9,2400000,0xe0000
1781261401,61.5,2400000,0xe0000
1781261402,62.0,2400000,0xe0000
1781261403,61.5,2400000,0xe0000
1781261404,61.5,2400000,0xe0000
1781261405,61.5,2400000,0xe0000
1781261406,61.5,2400000,0xe0000
1781261407,62.0,2400000,0xe0000
1781261408,61.5,2400000,0xe0000
1781261409,62.0,2400000,0xe0000
1781261410,61.5,2400000,0xe0000
1781261412,61.5,2400000,0xe0000
1781261413,61.5,2400000,0xe0000
1781261414,62.0,2400000,0xe0000
1781261415,61.5,2400000,0xe0000
1781261416,61.5,2400000,0xe0000
1781261417,62.0,2400000,0xe0000
1781261418,62.0,2400000,0xe0000
1781261419,62.0,2400000,0xe0000
1781261420,61.5,2400000,0xe0000
1781261421,62.0,2400000,0xe0000
1781261422,62.0,2400000,0xe0000
1781261423,60.9,2400000,0xe0000
1781261424,62.6,2400000,0xe0000
1781261425,62.0,2400000,0xe0000
1781261426,62.0,2400000,0xe0000
1781261427,61.5,2400000,0xe0000
1781261428,61.5,2400000,0xe0000
1781261429,61.5,2400000,0xe0000
1781261430,61.5,2400000,0xe0000
1781261431,61.5,2400000,0xe0000
1781261432,61.5,2400000,0xe0000
1781261433,62.0,2400000,0xe0000
1781261434,60.9,2400000,0xe0000
1781261435,61.5,2400000,0xe0000
1781261436,61.5,2400000,0xe0000
1781261437,62.0,2400000,0xe0000
1781261438,60.9,2400000,0xe0000
1781261439,60.9,2400000,0xe0000
1781261440,61.5,2400000,0xe0000
1781261441,60.9,2400000,0xe0000
1781261442,61.5,2400000,0xe0000
1781261443,62.0,2400000,0xe0000
1781261444,60.9,2400000,0xe0000
1781261445,60.9,2400000,0xe0000
1781261446,61.5,2400000,0xe0000
1781261447,61.5,2400000,0xe0000
1781261448,61.5,2400000,0xe0000
1781261449,61.5,2400000,0xe0000
1781261450,61.5,2400000,0xe0000
1781261451,60.9,2400000,0xe0000
1781261452,62.0,2400000,0xe0000
1781261453,61.5,2400000,0xe0000
1781261454,60.9,2400000,0xe0000
1781261455,61.5,2400000,0xe0000
1781261456,62.0,2400000,0xe0000
1781261457,59.8,2400000,0xe0000
1781261458,61.5,2400000,0xe0000
1781261459,61.5,2400000,0xe0000
1781261460,60.9,2400000,0xe0000
1781261461,61.5,2400000,0xe0000
1781261462,61.5,2400000,0xe0000
1781261463,60.9,2400000,0xe0000
1781261464,60.9,2400000,0xe0000
1781261465,61.5,2400000,0xe0000
1781261466,61.5,2400000,0xe0000
1781261467,60.9,2400000,0xe0000
1781261469,60.4,2400000,0xe0000
1781261470,60.9,2400000,0xe0000
1781261471,60.9,2400000,0xe0000
1781261472,60.9,2400000,0xe0000
1781261473,61.5,2400000,0xe0000
1781261474,60.9,2400000,0xe0000
1781261475,61.5,2400000,0xe0000
1781261476,60.9,2400000,0xe0000
1781261477,60.9,2400000,0xe0000
1781261478,60.9,2400000,0xe0000
1781261479,60.9,2400000,0xe0000
1781261480,60.9,2400000,0xe0000
1781261481,60.9,2400000,0xe0000
1781261482,61.5,2400000,0xe0000
1781261483,59.3,2400000,0xe0000
1781261484,61.5,2400000,0xe0000
1781261485,60.4,2400000,0xe0000
1781261486,60.9,2400000,0xe0000
1781261487,60.4,2400000,0xe0000
1781261488,61.5,2400000,0xe0000
1781261489,60.4,2400000,0xe0000
1781261490,60.4,2400000,0xe0000
1781261491,60.4,2400000,0xe0000
1781261492,60.4,2400000,0xe0000
1781261493,60.4,2400000,0xe0000
1781261494,60.9,2400000,0xe0000
1781261495,60.4,2400000,0xe0000
1781261496,60.9,2400000,0xe0000
1781261497,60.4,2400000,0xe0000
1781261498,60.9,2400000,0xe0000
1781261499,61.5,2400000,0xe0000
1781261500,60.9,2400000,0xe0000
1781261501,60.4,2400000,0xe0000
1781261502,59.3,2400000,0xe0000
1781261503,61.5,2400000,0xe0000
1781261504,61.5,2400000,0xe0000
1781261505,60.9,2400000,0xe0000
1781261506,60.9,2400000,0xe0000
1781261507,60.9,2400000,0xe0000
1781261508,60.9,2400000,0xe0000
1781261509,60.9,2400000,0xe0000
1781261510,60.9,2400000,0xe0000
1781261511,60.4,2400000,0xe0000
1781261512,60.9,2400000,0xe0000
1781261513,60.9,2400000,0xe0000
1781261514,60.9,2400000,0xe0000
1781261515,60.9,2400000,0xe0000
1781261516,60.4,2400000,0xe0000
1781261517,60.9,2400000,0xe0000
1781261518,60.4,2400000,0xe0000
1781261519,60.9,2400000,0xe0000
1781261520,60.9,2400000,0xe0000
1781261521,60.9,2400000,0xe0000
1781261523,60.4,2400000,0xe0000
1781261524,60.4,2400000,0xe0000
1781261525,60.9,2400000,0xe0000
1781261526,60.4,2400000,0xe0000
1781261527,60.9,2400000,0xe0000
1781261528,58.7,2400000,0xe0000
1781261529,60.4,2400000,0xe0000
1781261530,60.9,2400000,0xe0000
1781261531,59.8,2400000,0xe0000
1781261532,60.9,2400000,0xe0000
1781261533,60.4,2400000,0xe0000
1781261534,59.8,2400000,0xe0000
1781261535,60.4,2400000,0xe0000
1781261536,60.9,2400000,0xe0000
1781261537,60.4,2400000,0xe0000
1781261538,59.8,2400000,0xe0000
1781261539,59.8,2400000,0xe0000
1781261540,60.9,2400000,0xe0000
1781261541,60.4,2400000,0xe0000
1781261542,60.4,2400000,0xe0000
1781261543,59.3,2400000,0xe0000
1781261544,60.9,2400000,0xe0000
1781261545,61.5,2400000,0xe0000
1781261546,60.4,2400000,0xe0000
1781261547,60.9,2400000,0xe0000
1781261548,60.9,2400000,0xe0000
1781261549,59.3,2400000,0xe0000
1781261550,60.9,2400000,0xe0000
1781261551,60.4,2400000,0xe0000
1781261552,59.8,2400000,0xe0000
1781261553,60.9,2400000,0xe0000
1781261554,60.4,2400000,0xe0000
1781261555,60.9,2400000,0xe0000
1781261556,60.4,2400000,0xe0000
1781261557,60.4,2400000,0xe0000
1781261558,59.3,2400000,0xe0000
1781261559,60.9,2400000,0xe0000
1781261560,60.9,2400000,0xe0000
1781261561,60.4,2400000,0xe0000
1781261562,60.4,2400000,0xe0000
1781261563,61.5,2400000,0xe0000
1781261564,60.4,2400000,0xe0000
1781261565,59.8,2400000,0xe0000
1781261566,60.4,2400000,0xe0000
1781261567,59.8,2400000,0xe0000
1781261568,60.4,2400000,0xe0000
1781261569,59.3,2400000,0xe0000
1781261570,60.9,2400000,0xe0000
1781261571,60.4,2400000,0xe0000
1781261572,60.4,2400000,0xe0000
1781261573,60.4,2400000,0xe0000
1781261574,60.4,2400000,0xe0000
1781261575,60.4,2400000,0xe0000
1781261576,59.8,2400000,0xe0000
1781261577,60.4,2400000,0xe0000
1781261578,60.4,2400000,0xe0000
1781261579,60.9,2400000,0xe0000
1781261580,60.9,2400000,0xe0000
1781261581,60.4,2400000,0xe0000
1781261582,61.5,2400000,0xe0000
1781261583,59.8,2400000,0xe0000
1781261584,60.9,2400000,0xe0000
1781261586,60.4,2400000,0xe0000
1781261587,60.9,2400000,0xe0000
1781261588,60.4,2400000,0xe0000
1781261589,60.4,2400000,0xe0000
1781261590,60.4,2400000,0xe0000
1781261591,59.3,2400000,0xe0000
1781261592,60.4,2400000,0xe0000
1781261593,60.9,2400000,0xe0000
1781261594,59.8,2400000,0xe0000
1781261595,59.8,2400000,0xe0000
1781261596,59.8,2400000,0xe0000
1781261597,59.8,2400000,0xe0000
1781261598,60.9,2400000,0xe0000
1781261599,60.4,2400000,0xe0000
1781261600,59.8,2400000,0xe0000
1781261601,59.8,2400000,0xe0000
1781261602,59.8,2400000,0xe0000
1781261603,60.4,2400000,0xe0000
1781261604,60.4,2400000,0xe0000
1781261605,59.3,2400000,0xe0000
1781261606,59.8,2400000,0xe0000
1781261607,59.8,2400000,0xe0000
1781261608,59.3,2400000,0xe0000
1781261609,60.4,2400000,0xe0000
1781261610,60.4,2400000,0xe0000
1781261611,59.8,2400000,0xe0000
1781261612,60.4,2400000,0xe0000
1781261613,60.4,2400000,0xe0000
1781261614,60.9,2400000,0xe0000
1781261615,59.8,2400000,0xe0000
1781261616,59.8,2400000,0xe0000
1781261617,60.9,2400000,0xe0000
1781261618,60.4,2400000,0xe0000
1781261619,60.4,2400000,0xe0000
1781261620,60.4,2400000,0xe0000
1781261621,60.4,2400000,0xe0000
1781261622,60.4,2400000,0xe0000
1781261623,59.8,2400000,0xe0000
1781261624,59.8,2400000,0xe0000
1781261625,60.4,2400000,0xe0000
1781261626,59.8,2400000,0xe0000
1781261627,60.4,2400000,0xe0000
1781261628,59.8,2400000,0xe0000
1781261629,60.4,2400000,0xe0000
1781261630,60.4,2400000,0xe0000
1781261631,59.8,2400000,0xe0000
1781261632,60.4,2400000,0xe0000
1781261633,60.9,2400000,0xe0000
1781261634,59.8,2400000,0xe0000
1781261635,59.8,2400000,0xe0000
1781261636,59.8,2400000,0xe0000
1781261637,60.4,2400000,0xe0000
1781261638,60.4,2400000,0xe0000
1781261639,60.4,2400000,0xe0000
1781261640,59.8,2400000,0xe0000
1781261641,60.4,2400000,0xe0000
1781261642,59.3,2400000,0xe0000
1781261643,60.4,2400000,0xe0000
1781261644,58.7,2400000,0xe0000
1781261645,59.8,2400000,0xe0000
1781261646,60.4,2400000,0xe0000
1781261648,59.8,2400000,0xe0000
1781261649,59.8,2400000,0xe0000
1781261650,60.9,2400000,0xe0000
1781261651,60.4,2400000,0xe0000
1781261652,59.8,2400000,0xe0000
1781261653,59.3,2400000,0xe0000
1781261654,59.8,2400000,0xe0000
1781261655,60.4,2400000,0xe0000
1781261656,59.3,2400000,0xe0000
1781261657,60.4,2400000,0xe0000
1781261658,60.4,2400000,0xe0000
1781261659,59.8,2400000,0xe0000
1781261660,60.4,2400000,0xe0000
1781261661,60.4,2400000,0xe0000
1781261662,59.8,2400000,0xe0000
1781261663,60.4,2400000,0xe0000
1781261664,59.8,2400000,0xe0000
1781261665,60.4,2400000,0xe0000
1781261666,60.4,2400000,0xe0000
1781261667,59.8,2400000,0xe0000
1781261668,59.8,2400000,0xe0000
1781261669,59.8,2400000,0xe0000
1781261670,59.8,2400000,0xe0000
1781261671,60.4,2400000,0xe0000
1781261672,60.4,2400000,0xe0000
1781261673,58.7,2400000,0xe0000
1781261674,59.3,2400000,0xe0000
1781261675,59.3,2400000,0xe0000
1781261676,60.4,2400000,0xe0000
1781261677,59.3,2400000,0xe0000
1781261678,59.8,2400000,0xe0000
1781261679,59.3,2400000,0xe0000
1781261680,59.3,2400000,0xe0000
1781261681,59.8,2400000,0xe0000
1781261682,60.4,2400000,0xe0000
1781261683,60.4,2400000,0xe0000
1781261684,59.8,2400000,0xe0000
1781261685,60.4,2400000,0xe0000
1781261686,59.3,2400000,0xe0000
1781261687,58.7,2400000,0xe0000
1781261688,59.8,2400000,0xe0000
1781261689,58.7,2400000,0xe0000
1781261690,59.8,2400000,0xe0000
1781261691,59.8,2400000,0xe0000
1781261692,59.8,2400000,0xe0000
1781261693,59.8,2400000,0xe0000
1781261694,59.8,2400000,0xe0000
1781261695,59.8,2400000,0xe0000
1781261696,60.4,2400000,0xe0000
1781261697,59.8,2400000,0xe0000
1781261698,59.8,2400000,0xe0000
1781261699,59.8,2400000,0xe0000
1781261700,59.8,2400000,0xe0000
1781261701,59.8,2400000,0xe0000
1781261702,59.8,2400000,0xe0000
1781261703,59.8,2400000,0xe0000
1781261704,58.7,2400000,0xe0000
1781261705,59.3,2400000,0xe0000
1781261706,59.8,2400000,0xe0000
1781261707,60.4,2400000,0xe0000
1781261708,59.8,2400000,0xe0000
1781261709,59.3,2400000,0xe0000
1781261710,60.4,2400000,0xe0000
1781261712,59.8,2400000,0xe0000
1781261713,60.4,2400000,0xe0000
1781261714,59.8,2400000,0xe0000
1781261715,59.8,2400000,0xe0000
1781261716,59.3,2400000,0xe0000
1781261717,59.8,2400000,0xe0000
1781261718,59.8,2400000,0xe0000
1781261719,60.4,2400000,0xe0000
1781261720,60.4,2400000,0xe0000
1781261721,59.8,2400000,0xe0000
1781261722,60.4,2400000,0xe0000
1781261723,60.4,2400000,0xe0000
1781261724,59.8,2400000,0xe0000
1781261725,59.8,2400000,0xe0000
1781261726,59.8,2400000,0xe0000
1781261727,59.8,2400000,0xe0000
1781261728,60.4,2400000,0xe0000
1781261729,59.8,2400000,0xe0000
1781261730,59.3,2400000,0xe0000
1781261731,59.3,2400000,0xe0000
1781261732,58.2,2400000,0xe0000
1781261733,59.3,2400000,0xe0000
1781261734,59.8,2400000,0xe0000
1781261735,59.8,2400000,0xe0000
1781261736,60.4,2400000,0xe0000
1781261737,59.8,2400000,0xe0000
1781261738,59.8,2400000,0xe0000
1781261739,59.8,2400000,0xe0000
1781261740,59.3,2400000,0xe0000
1781261741,58.7,2400000,0xe0000
1781261742,58.7,2400000,0xe0000
1781261743,60.4,2400000,0xe0000
1781261744,59.8,2400000,0xe0000
1781261745,59.3,2400000,0xe0000
1781261746,59.8,2400000,0xe0000
1781261747,59.8,2400000,0xe0000
1781261748,59.3,2400000,0xe0000
1781261749,59.8,2400000,0xe0000
1781261750,59.3,2400000,0xe0000
1781261751,59.8,2400000,0xe0000
1781261752,58.7,2400000,0xe0000
1781261753,58.2,2400000,0xe0000
1781261754,60.4,2400000,0xe0000
1781261755,59.8,2400000,0xe0000
1781261756,58.7,2400000,0xe0000
1781261757,60.4,2400000,0xe0000
1781261758,59.3,2400000,0xe0000
1781261759,59.3,2400000,0xe0000
1781261760,59.3,2400000,0xe0000
1781261761,59.8,2400000,0xe0000
1781261762,59.8,2400000,0xe0000
1781261763,59.8,2400000,0xe0000
1781261764,59.3,2400000,0xe0000
1781261765,59.3,2400000,0xe0000
1781261766,59.8,2400000,0xe0000
1781261767,59.8,2400000,0xe0000
1781261768,59.3,2400000,0xe0000
1781261769,59.8,2400000,0xe0000
1781261770,59.8,2400000,0xe0000
1781261771,59.8,2400000,0xe0000
1781261772,59.3,2400000,0xe0000
1781261774,59.3,2400000,0xe0000
1781261775,59.3,2400000,0xe0000
1781261776,59.8,2400000,0xe0000
1781261777,59.8,2400000,0xe0000
1781261778,59.3,2400000,0xe0000
1781261779,59.8,2400000,0xe0000
1781261780,60.4,2400000,0xe0000
1781261781,59.3,2400000,0xe0000
1781261782,59.3,2400000,0xe0000
1781261783,59.8,2400000,0xe0000
1781261784,59.8,2400000,0xe0000
1781261785,59.8,2400000,0xe0000
1781261786,59.3,2400000,0xe0000
1781261787,58.7,2400000,0xe0000
1781261788,59.8,2400000,0xe0000
1781261789,59.8,2400000,0xe0000
1781261790,58.7,2400000,0xe0000
1781261791,59.3,2400000,0xe0000
1781261792,59.3,2400000,0xe0000
1781261793,60.4,2400000,0xe0000
1781261794,59.8,2400000,0xe0000
1781261795,60.4,2400000,0xe0000
1781261796,59.8,2400000,0xe0000
1781261797,59.3,2400000,0xe0000
1781261798,59.8,2400000,0xe0000
1781261799,60.4,2400000,0xe0000
1781261800,59.3,2400000,0xe0000
1781261801,59.8,2400000,0xe0000
1781261802,59.8,2400000,0xe0000
1781261803,59.3,2400000,0xe0000
1781261804,59.8,2400000,0xe0000
1781261805,59.3,2400000,0xe0000
1781261806,59.8,2400000,0xe0000
1781261807,59.3,2400000,0xe0000
1781261808,60.4,2400000,0xe0000
1781261809,59.8,2400000,0xe0000
1781261810,59.3,2400000,0xe0000
1781261811,60.4,2400000,0xe0000
1781261812,59.8,2400000,0xe0000
1781261813,59.3,2400000,0xe0000
1781261814,59.3,2400000,0xe0000
1781261815,58.7,2400000,0xe0000
1781261816,58.7,2400000,0xe0000
1781261817,59.3,2400000,0xe0000
1781261818,59.3,2400000,0xe0000
1781261819,59.3,2400000,0xe0000
1781261820,58.2,2400000,0xe0000
1781261821,59.8,2400000,0xe0000
1781261822,59.3,2400000,0xe0000
1781261823,59.8,2400000,0xe0000
1781261824,59.8,2400000,0xe0000
1781261825,59.8,2400000,0xe0000
1781261826,59.8,2400000,0xe0000
1781261828,59.8,2400000,0xe0000
1781261829,59.8,2400000,0xe0000
1781261830,59.3,2400000,0xe0000
1781261831,59.8,2400000,0xe0000
1781261832,59.3,2400000,0xe0000
1781261833,59.3,2400000,0xe0000
1781261834,60.4,2400000,0xe0000
1781261835,59.8,2400000,0xe0000
1781261836,59.3,2400000,0xe0000
1781261837,59.8,2400000,0xe0000
1781261838,59.3,2400000,0xe0000
1781261839,59.8,2400000,0xe0000
1781261840,59.8,2400000,0xe0000
1781261841,59.8,2400000,0xe0000
1781261842,59.8,2400000,0xe0000
1781261843,60.4,2400000,0xe0000
1781261844,59.3,2400000,0xe0000
1781261845,59.3,2400000,0xe0000
1781261846,59.8,2400000,0xe0000
1781261847,60.4,2400000,0xe0000
1781261848,59.3,2400000,0xe0000
1781261849,59.3,2400000,0xe0000
1781261850,59.3,2400000,0xe0000
1781261851,59.3,2400000,0xe0000
1781261852,59.8,2400000,0xe0000
1781261853,59.8,2400000,0xe0000
1781261854,59.3,2400000,0xe0000
1781261855,59.8,2400000,0xe0000
1781261856,59.8,2400000,0xe0000
1781261857,59.3,2400000,0xe0000
1781261858,59.8,2400000,0xe0000
1781261859,59.8,2400000,0xe0000
1781261860,59.3,2400000,0xe0000
1781261861,59.3,2400000,0xe0000
1781261862,59.3,2400000,0xe0000
1781261863,58.7,2400000,0xe0000
1781261864,59.8,2400000,0xe0000
1781261865,58.7,2400000,0xe0000
1781261866,59.3,2400000,0xe0000
1781261867,59.8,2400000,0xe0000
1781261868,59.3,2400000,0xe0000
1781261869,59.8,2400000,0xe0000
1781261870,59.3,2400000,0xe0000
1781261871,59.8,2400000,0xe0000
1781261872,59.8,2400000,0xe0000
1781261873,59.3,2400000,0xe0000
1781261874,59.3,2400000,0xe0000
1781261875,60.4,2400000,0xe0000
1781261876,59.3,2400000,0xe0000
1781261877,59.8,2400000,0xe0000
1781261878,59.8,2400000,0xe0000
1781261879,59.3,2400000,0xe0000
1781261880,59.3,2400000,0xe0000
1781261881,59.3,2400000,0xe0000
1781261882,59.3,2400000,0xe0000
1781261883,59.8,2400000,0xe0000
1781261884,58.7,2400000,0xe0000
1781261885,59.3,2400000,0xe0000
1781261886,58.7,2400000,0xe0000
1781261887,58.7,2400000,0xe0000
1781261888,59.8,2400000,0xe0000
1781261889,59.3,2400000,0xe0000
1781261890,59.3,2400000,0xe0000
1781261891,59.3,2400000,0xe0000
1781261892,58.7,2400000,0xe0000
1781261893,59.3,2400000,0xe0000
1781261894,59.3,2400000,0xe0000
1781261896,59.3,2400000,0xe0000
1781261897,58.7,2400000,0xe0000
1781261898,59.3,2400000,0xe0000
1781261899,59.8,2400000,0xe0000
1781261900,59.3,2400000,0xe0000
1781261901,59.8,2400000,0xe0000
1781261902,59.8,2400000,0xe0000
1781261903,58.7,2400000,0xe0000
1781261904,59.3,2400000,0xe0000
1781261905,59.8,2400000,0xe0000
1781261906,59.3,2400000,0xe0000
1781261907,59.3,2400000,0xe0000
1781261908,59.8,2400000,0xe0000
1781261909,58.7,2400000,0xe0000
1781261910,58.2,2400000,0xe0000
1781261911,59.3,2400000,0xe0000
1781261912,59.3,2400000,0xe0000
1781261913,59.8,2400000,0xe0000
1781261914,59.3,2400000,0xe0000
1781261915,59.3,2400000,0xe0000
1781261916,59.3,2400000,0xe0000
1781261917,58.7,2400000,0xe0000
1781261918,59.8,2400000,0xe0000
1781261919,59.3,2400000,0xe0000
1781261920,59.8,2400000,0xe0000
1781261921,59.3,2400000,0xe0000
1781261922,59.3,2400000,0xe0000
1781261923,58.7,2400000,0xe0000
1781261924,59.3,2400000,0xe0000
1781261925,59.8,2400000,0xe0000
1781261926,59.3,2400000,0xe0000
1781261927,59.3,2400000,0xe0000
1781261928,59.3,2400000,0xe0000
1781261929,59.3,2400000,0xe0000
1781261930,59.8,2400000,0xe0000
1781261931,58.2,2400000,0xe0000
1781261932,59.3,2400000,0xe0000
1781261933,59.3,2400000,0xe0000
1781261934,59.3,2400000,0xe0000
1781261935,58.7,2400000,0xe0000
1781261936,59.3,2400000,0xe0000
1781261937,59.3,2400000,0xe0000
1781261938,59.3,2400000,0xe0000
1781261939,59.8,2400000,0xe0000
1781261940,59.3,2400000,0xe0000
1781261941,58.7,2400000,0xe0000
1781261942,59.3,2400000,0xe0000
1781261943,59.3,2400000,0xe0000
1781261944,59.3,2400000,0xe0000
1781261945,58.7,2400000,0xe0000
1781261946,59.3,2400000,0xe0000
1781261947,57.6,2400000,0xe0000
1781261948,59.3,2400000,0xe0000
1781261949,59.3,2400000,0xe0000
1781261950,59.8,2400000,0xe0000
1781261951,59.8,2400000,0xe0000
1781261952,59.8,2400000,0xe0000
1781261953,58.7,2400000,0xe0000
1781261954,59.3,2400000,0xe0000
1781261956,59.8,2400000,0xe0000
1781261957,58.7,2400000,0xe0000
1781261958,59.3,2400000,0xe0000
1781261959,58.7,2400000,0xe0000
1781261960,59.8,2400000,0xe0000
1781261961,59.8,2400000,0xe0000
1781261962,59.3,2400000,0xe0000
1781261963,59.8,2400000,0xe0000
1781261964,58.7,2400000,0xe0000
1781261965,59.3,2400000,0xe0000
1781261966,59.8,2400000,0xe0000
1781261967,59.8,2400000,0xe0000
1781261968,59.8,2400000,0xe0000
1781261969,59.3,2400000,0xe0000
1781261970,59.3,2400000,0xe0000
1781261971,59.3,2400000,0xe0000
1781261972,59.3,2400000,0xe0000
1781261973,59.3,2400000,0xe0000
1781261974,59.3,2400000,0xe0000
1781261975,59.3,2400000,0xe0000
1781261976,59.8,2400000,0xe0000
1781261977,59.3,2400000,0xe0000
1781261978,59.3,2400000,0xe0000
1781261979,59.3,2400000,0xe0000
1781261980,59.8,2400000,0xe0000
1781261981,58.7,2400000,0xe0000
1781261982,59.3,2400000,0xe0000
1781261983,59.3,2400000,0xe0000
1781261984,59.8,2400000,0xe0000
1781261985,59.3,2400000,0xe0000
1781261986,59.3,2400000,0xe0000
1781261987,59.3,2400000,0xe0000
1781261988,58.7,2400000,0xe0000
1781261989,59.8,2400000,0xe0000
1781261990,59.8,2400000,0xe0000
1781261991,59.3,2400000,0xe0000
1781261992,59.8,2400000,0xe0000
1781261993,58.7,2400000,0xe0000
1781261994,58.7,2400000,0xe0000
1781261995,59.3,2400000,0xe0000
1781261996,58.7,2400000,0xe0000
1781261997,58.7,2400000,0xe0000
1781261998,59.3,2400000,0xe0000
1781261999,59.8,2400000,0xe0000
1781262000,59.3,2400000,0xe0000
1781262001,59.3,2400000,0xe0000
1781262002,59.3,2400000,0xe0000
1781262003,59.3,2400000,0xe0000
1781262004,59.3,2400000,0xe0000
1781262005,59.3,2400000,0xe0000
1781262006,59.3,2400000,0xe0000
1781262007,59.8,2400000,0xe0000
1781262008,59.3,2400000,0xe0000
1781262009,59.8,2400000,0xe0000
1781262010,59.8,2400000,0xe0000
1781262011,58.2,2400000,0xe0000
1781262012,58.2,2400000,0xe0000
1781262013,59.3,2400000,0xe0000
1781262014,59.3,2400000,0xe0000
1781262015,59.3,2400000,0xe0000
1781262016,59.3,2400000,0xe0000
1781262017,59.3,2400000,0xe0000
1781262018,59.3,2400000,0xe0000
1781262019,59.3,2400000,0xe0000
1781262020,59.8,2400000,0xe0000
1781262021,59.3,2400000,0xe0000
1781262022,59.3,2400000,0xe0000
1781262024,59.3,2400000,0xe0000
1781262025,59.3,2400000,0xe0000
1781262026,59.8,2400000,0xe0000
1781262027,59.8,2400000,0xe0000
1781262028,59.3,2400000,0xe0000
1781262029,59.8,2400000,0xe0000
1781262030,59.3,2400000,0xe0000
1781262031,59.8,2400000,0xe0000
1781262032,59.3,2400000,0xe0000
1781262033,58.7,2400000,0xe0000
1781262034,59.3,2400000,0xe0000
1781262035,59.3,2400000,0xe0000
1781262036,59.3,2400000,0xe0000
1781262037,59.3,2400000,0xe0000
1781262038,59.3,2400000,0xe0000
1781262039,58.7,2400000,0xe0000
1781262040,58.2,2400000,0xe0000
1781262041,59.3,2400000,0xe0000
1781262042,59.3,2400000,0xe0000
1781262043,59.3,2400000,0xe0000
1781262044,58.7,2400000,0xe0000
1781262045,59.3,2400000,0xe0000
1781262046,58.7,2400000,0xe0000
1781262047,58.2,2400000,0xe0000
1781262048,59.8,2400000,0xe0000
1781262049,59.8,2400000,0xe0000
1781262050,58.2,2400000,0xe0000
1781262051,59.3,2400000,0xe0000
1781262052,59.3,2400000,0xe0000
1781262053,59.8,2400000,0xe0000
1781262054,59.8,2400000,0xe0000
1781262055,59.3,2400000,0xe0000
1781262056,59.3,2400000,0xe0000
1781262057,58.7,2400000,0xe0000
1781262058,59.3,2400000,0xe0000
1781262059,58.7,2400000,0xe0000
1781262060,59.8,2400000,0xe0000
1781262061,59.3,2400000,0xe0000
1781262062,58.7,2400000,0xe0000
1781262063,59.8,2400000,0xe0000
1781262064,59.8,2400000,0xe0000
1781262065,58.2,2400000,0xe0000
1781262066,58.2,2400000,0xe0000
1781262067,58.2,2400000,0xe0000
1781262068,59.8,2400000,0xe0000
1781262069,58.7,2400000,0xe0000
1781262070,59.3,2400000,0xe0000
1781262071,58.7,2400000,0xe0000
1781262072,59.8,2400000,0xe0000
1781262073,58.7,2400000,0xe0000
1781262074,58.7,2400000,0xe0000
1781262075,59.3,2400000,0xe0000
1781262077,59.3,2400000,0xe0000
1781262078,58.7,2400000,0xe0000
1781262079,58.7,2400000,0xe0000
1781262080,59.8,2400000,0xe0000
1781262081,59.8,2400000,0xe0000
1781262082,58.7,2400000,0xe0000
1781262083,58.7,2400000,0xe0000
1781262084,59.3,2400000,0xe0000
1781262085,58.7,2400000,0xe0000
1781262086,59.8,2400000,0xe0000
1781262087,58.2,2400000,0xe0000
1781262088,59.8,2400000,0xe0000
1781262089,59.3,2400000,0xe0000
1781262090,59.3,2400000,0xe0000
1781262091,57.6,2400000,0xe0000
1781262092,59.8,2400000,0xe0000
1781262093,59.3,2400000,0xe0000
1781262094,59.3,2400000,0xe0000
1781262095,59.3,2400000,0xe0000
1781262096,59.3,2400000,0xe0000
1781262097,58.7,2400000,0xe0000
1781262098,60.4,2400000,0xe0000
1781262099,59.3,2400000,0xe0000
1781262100,59.3,2400000,0xe0000
1781262101,59.3,2400000,0xe0000
1781262102,58.7,2400000,0xe0000
1781262103,58.7,2400000,0xe0000
1781262104,58.2,2400000,0xe0000
1781262105,59.8,2400000,0xe0000
1781262106,58.7,2400000,0xe0000
1781262107,58.7,2400000,0xe0000
1781262108,59.3,2400000,0xe0000
1781262109,59.3,2400000,0xe0000
1781262110,59.3,2400000,0xe0000
1781262111,59.3,2400000,0xe0000
1781262112,59.8,2400000,0xe0000
1781262113,59.3,2400000,0xe0000
1781262114,59.3,2400000,0xe0000
1781262115,59.8,2400000,0xe0000
1781262116,59.3,2400000,0xe0000
1781262117,58.7,2400000,0xe0000
1781262118,58.7,2400000,0xe0000
1781262119,59.8,2400000,0xe0000
1781262120,59.8,2400000,0xe0000
1781262121,59.8,2400000,0xe0000
1781262122,59.3,2400000,0xe0000
1781262123,58.7,2400000,0xe0000
1781262124,59.8,2400000,0xe0000
1781262125,59.8,2400000,0xe0000
1781262126,59.8,2400000,0xe0000
1781262127,59.3,2400000,0xe0000
1781262128,57.6,2400000,0xe0000
1781262129,58.7,2400000,0xe0000
1781262130,59.3,2400000,0xe0000
1781262131,59.8,2400000,0xe0000
1781262132,58.7,2400000,0xe0000
1781262133,59.3,2400000,0xe0000
1781262134,59.8,2400000,0xe0000
1781262135,59.3,2400000,0xe0000
1781262136,59.3,2400000,0xe0000
1781262138,59.3,2400000,0xe0000
1781262139,59.3,2400000,0xe0000
1781262140,58.7,2400000,0xe0000
1781262141,59.3,2400000,0xe0000
1781262142,59.3,2400000,0xe0000
1781262143,59.8,2400000,0xe0000
1781262144,59.8,2400000,0xe0000
1781262145,59.3,2400000,0xe0000
1781262146,59.3,2400000,0xe0000
1781262147,59.3,2400000,0xe0000
1781262148,59.3,2400000,0xe0000
1781262149,59.8,2400000,0xe0000
1781262150,58.7,2400000,0xe0000
1781262151,58.7,2400000,0xe0000
1781262152,59.3,2400000,0xe0000
1781262153,58.7,2400000,0xe0000
1781262154,58.7,2400000,0xe0000
1781262155,59.3,2400000,0xe0000
1781262156,59.3,2400000,0xe0000
1781262157,59.3,2400000,0xe0000
1781262158,58.7,2400000,0xe0000
1781262159,59.3,2400000,0xe0000
1781262160,59.3,2400000,0xe0000
1781262161,59.8,2400000,0xe0000
1781262162,59.3,2400000,0xe0000
1781262163,59.3,2400000,0xe0000
1781262164,59.3,2400000,0xe0000
1781262165,59.8,2400000,0xe0000
1781262166,59.3,2400000,0xe0000
1781262167,57.6,2400000,0xe0000
1781262168,59.8,2400000,0xe0000
1781262169,58.7,2400000,0xe0000
1781262170,58.7,2400000,0xe0000
1781262171,59.3,2400000,0xe0000
1781262172,59.3,2400000,0xe0000
1781262173,58.7,2400000,0xe0000
1781262174,59.3,2400000,0xe0000
1781262175,59.3,2400000,0xe0000
1781262176,59.8,2400000,0xe0000
1781262177,58.7,2400000,0xe0000
1781262178,59.3,2400000,0xe0000
1781262179,58.7,2400000,0xe0000
1781262180,58.7,2400000,0xe0000
1781262181,58.7,2400000,0xe0000
1781262182,58.2,2400000,0xe0000
1781262183,59.3,2400000,0xe0000
1781262184,58.7,2400000,0xe0000
1781262185,59.3,2400000,0xe0000
1781262186,59.3,2400000,0xe0000
1781262187,57.6,2400000,0xe0000
1781262188,59.3,2400000,0xe0000
1781262189,59.3,2400000,0xe0000
1781262190,58.7,2400000,0xe0000
1781262191,58.7,2400000,0xe0000
1781262192,59.3,2400000,0xe0000
1781262193,58.7,2400000,0xe0000
1781262194,59.8,2400000,0xe0000
1781262195,58.7,2400000,0xe0000
1781262196,59.3,2400000,0xe0000
1781262197,59.8,2400000,0xe0000
1781262198,59.3,2400000,0xe0000
1781262199,59.3,2400000,0xe0000
1781262200,59.3,2400000,0xe0000
1781262201,59.3,2400000,0xe0000
1781262202,59.3,2400000,0xe0000
1781262203,59.3,2400000,0xe0000
1781262204,58.7,2400000,0xe0000
1781262205,59.3,2400000,0xe0000
1781262206,59.8,2400000,0xe0000
1781262208,59.3,2400000,0xe0000
1781262209,59.3,2400000,0xe0000
1781262210,59.3,2400000,0xe0000
1781262211,58.2,2400000,0xe0000
1781262212,58.7,2400000,0xe0000
1781262213,59.3,2400000,0xe0000
1781262214,59.3,2400000,0xe0000
1781262215,59.3,2400000,0xe0000
1781262216,59.3,2400000,0xe0000
1781262217,59.3,2400000,0xe0000
1781262218,59.3,2400000,0xe0000
1781262219,59.3,2400000,0xe0000
1781262220,59.3,2400000,0xe0000
1781262221,59.3,2400000,0xe0000
1781262222,59.3,2400000,0xe0000
1781262223,59.3,2400000,0xe0000
1781262224,59.3,2400000,0xe0000
1781262225,59.3,2400000,0xe0000
1781262226,59.3,2400000,0xe0000
1781262227,59.3,2400000,0xe0000
1781262228,58.7,2400000,0xe0000
1781262229,59.3,2400000,0xe0000
1781262230,58.7,2400000,0xe0000
1781262231,59.3,2400000,0xe0000
1781262232,58.7,2400000,0xe0000
1781262233,59.3,2400000,0xe0000
1781262234,59.3,2400000,0xe0000
1781262235,57.6,2400000,0xe0000
1781262236,58.7,2400000,0xe0000
1781262237,58.7,2400000,0xe0000
1781262238,59.3,2400000,0xe0000
1781262239,59.8,2400000,0xe0000
1781262240,58.7,2400000,0xe0000
1781262241,59.3,2400000,0xe0000
1781262242,59.3,2400000,0xe0000
1781262243,59.3,2400000,0xe0000
1781262244,59.3,2400000,0xe0000
1781262245,59.3,2400000,0xe0000
1781262246,59.8,2400000,0xe0000
1781262247,59.3,2400000,0xe0000
1781262248,59.8,2400000,0xe0000
1781262249,59.3,2400000,0xe0000
1781262250,58.7,2400000,0xe0000
1781262251,59.8,2400000,0xe0000
1781262252,58.7,2400000,0xe0000
1781262253,59.8,2400000,0xe0000
1781262254,59.3,2400000,0xe0000
1781262255,59.3,2400000,0xe0000
1781262256,58.7,2400000,0xe0000
1781262257,58.7,2400000,0xe0000
1781262258,59.3,2400000,0xe0000
1781262259,59.3,2400000,0xe0000
1781262260,59.3,2400000,0xe0000
1781262261,59.3,2400000,0xe0000
1781262262,59.3,2400000,0xe0000
1781262263,59.3,2400000,0xe0000
1781262264,59.3,2400000,0xe0000
1781262265,59.8,2400000,0xe0000
1781262266,59.3,2400000,0xe0000
1781262268,58.2,2400000,0xe0000
1781262269,59.3,2400000,0xe0000
1781262270,59.3,2400000,0xe0000
1781262271,58.7,2400000,0xe0000
1781262272,58.7,2400000,0xe0000
1781262273,58.7,2400000,0xe0000
1781262274,59.3,2400000,0xe0000
1781262275,59.8,2400000,0xe0000
1781262276,59.3,2400000,0xe0000
1781262277,59.3,2400000,0xe0000
1781262278,59.3,2400000,0xe0000
1781262279,59.3,2400000,0xe0000
1781262280,58.7,2400000,0xe0000
1781262281,59.8,2400000,0xe0000
1781262282,59.8,2400000,0xe0000
1781262283,58.7,2400000,0xe0000
1781262284,59.3,2400000,0xe0000
1781262285,59.3,2400000,0xe0000
1781262286,59.3,2400000,0xe0000
1781262287,58.7,2400000,0xe0000
1781262288,59.3,2400000,0xe0000
1781262289,59.8,2400000,0xe0000
1781262290,58.7,2400000,0xe0000
1781262291,59.3,2400000,0xe0000
1781262292,59.3,2400000,0xe0000
1781262293,59.3,2400000,0xe0000
1781262294,58.2,2400000,0xe0000
1781262295,59.3,2400000,0xe0000
1781262296,59.3,2400000,0xe0000
1781262297,59.3,2400000,0xe0000
1781262298,59.3,2400000,0xe0000
1781262299,58.7,2400000,0xe0000
1781262300,59.8,2400000,0xe0000
1781262301,58.7,2400000,0xe0000
1781262302,58.7,2400000,0xe0000
1781262303,59.3,2400000,0xe0000
1781262304,58.2,2400000,0xe0000
1781262305,59.8,2400000,0xe0000
1781262306,59.8,2400000,0xe0000
1781262307,59.3,2400000,0xe0000
1781262308,59.3,2400000,0xe0000
1781262309,59.8,2400000,0xe0000
1781262310,59.3,2400000,0xe0000
1781262311,60.4,2400000,0xe0000
1781262312,58.7,2400000,0xe0000
1781262313,59.3,2400000,0xe0000
1781262314,59.3,2400000,0xe0000
1781262316,58.2,2400000,0xe0000
1781262317,59.8,2400000,0xe0000
1781262318,58.7,2400000,0xe0000
1781262319,59.3,2400000,0xe0000
1781262320,58.2,2400000,0xe0000
1781262321,58.7,2400000,0xe0000
1781262322,59.3,2400000,0xe0000
1781262323,58.7,2400000,0xe0000
1781262324,59.3,2400000,0xe0000
1781262325,59.3,2400000,0xe0000
1781262326,58.7,2400000,0xe0000
1781262327,59.3,2400000,0xe0000
1781262328,59.3,2400000,0xe0000
1781262329,59.3,2400000,0xe0000
1781262330,59.3,2400000,0xe0000
1781262331,59.3,2400000,0xe0000
1781262332,58.2,2400000,0xe0000
1781262333,59.3,2400000,0xe0000
1781262334,58.2,2400000,0xe0000
1781262335,59.3,2400000,0xe0000
1781262336,59.3,2400000,0xe0000
1781262337,59.3,2400000,0xe0000
1781262338,59.3,2400000,0xe0000
1781262339,60.4,2400000,0xe0000
1781262340,59.8,2400000,0xe0000
1781262341,59.3,2400000,0xe0000
1781262342,58.7,2400000,0xe0000
1781262343,59.8,2400000,0xe0000
1781262344,58.2,2400000,0xe0000
1781262345,59.8,2400000,0xe0000
1781262346,58.7,2400000,0xe0000
1781262347,59.3,2400000,0xe0000
1781262348,59.8,2400000,0xe0000
1781262349,59.3,2400000,0xe0000
1781262350,58.7,2400000,0xe0000
1781262351,59.3,2400000,0xe0000
1781262352,58.7,2400000,0xe0000
1781262353,60.4,2400000,0xe0000
1781262354,59.3,2400000,0xe0000
1781262355,59.3,2400000,0xe0000
1781262356,59.3,2400000,0xe0000
1781262357,59.3,2400000,0xe0000
1781262358,58.7,2400000,0xe0000
1781262359,58.7,2400000,0xe0000
1781262360,59.3,2400000,0xe0000
1781262361,59.3,2400000,0xe0000
1781262362,59.3,2400000,0xe0000
1781262363,59.3,2400000,0xe0000
1781262364,59.8,2400000,0xe0000
1781262365,59.8,2400000,0xe0000
1781262366,59.3,2400000,0xe0000
1781262368,59.3,2400000,0xe0000
1781262369,58.7,2400000,0xe0000
1781262370,59.3,2400000,0xe0000
1781262371,59.8,2400000,0xe0000
1781262372,58.7,2400000,0xe0000
1781262373,59.3,2400000,0xe0000
1781262374,58.2,2400000,0xe0000
1781262375,59.3,2400000,0xe0000
1781262376,59.8,2400000,0xe0000
1781262377,59.3,2400000,0xe0000
1781262378,59.8,2400000,0xe0000
1781262379,59.8,2400000,0xe0000
1781262380,59.3,2400000,0xe0000
1781262381,59.3,2400000,0xe0000
1781262382,59.3,2400000,0xe0000
1781262383,59.3,2400000,0xe0000
1781262384,59.3,2400000,0xe0000
1781262385,59.3,2400000,0xe0000
1781262386,59.3,2400000,0xe0000
1781262387,59.3,2400000,0xe0000
1781262388,58.7,2400000,0xe0000
1781262389,59.3,2400000,0xe0000
1781262390,59.3,2400000,0xe0000
1781262391,59.3,2400000,0xe0000
1781262392,59.8,2400000,0xe0000
1781262393,59.3,2400000,0xe0000
1781262394,59.3,2400000,0xe0000
1781262395,59.8,2400000,0xe0000
1781262396,59.3,2400000,0xe0000
1781262397,59.3,2400000,0xe0000
1781262398,59.3,2400000,0xe0000
1781262399,59.3,2400000,0xe0000
1781262400,58.7,2400000,0xe0000
1781262401,59.3,2400000,0xe0000
1781262402,58.7,2400000,0xe0000
1781262403,59.3,2400000,0xe0000
1781262404,59.3,2400000,0xe0000
1781262405,59.3,2400000,0xe0000
1781262406,58.7,2400000,0xe0000
1781262407,58.7,2400000,0xe0000
1781262408,59.3,2400000,0xe0000
1781262409,59.3,2400000,0xe0000
1781262410,58.7,2400000,0xe0000
1781262411,59.8,2400000,0xe0000
1781262412,59.3,2400000,0xe0000
1781262413,59.3,2400000,0xe0000
1781262414,58.7,2400000,0xe0000
1781262415,59.3,2400000,0xe0000
1781262416,58.2,2400000,0xe0000
1781262417,59.3,2400000,0xe0000
1781262418,59.8,2400000,0xe0000
1781262419,59.3,2400000,0xe0000
1781262420,59.3,2400000,0xe0000
1781262422,59.3,2400000,0xe0000
1781262423,59.8,2400000,0xe0000
1781262424,59.3,2400000,0xe0000
1781262425,58.7,2400000,0xe0000
1781262426,58.7,2400000,0xe0000
1781262427,59.3,2400000,0xe0000
1781262428,59.3,2400000,0xe0000
1781262429,59.3,2400000,0xe0000
1781262430,59.3,2400000,0xe0000
1781262431,59.3,2400000,0xe0000
1781262432,59.3,2400000,0xe0000
1781262433,59.8,2400000,0xe0000
1781262434,59.3,2400000,0xe0000
1781262435,59.3,2400000,0xe0000
1781262436,59.8,2400000,0xe0000
1781262437,59.3,2400000,0xe0000
1781262438,59.3,2400000,0xe0000
1781262439,59.3,2400000,0xe0000
1781262440,59.8,2400000,0xe0000
1781262441,59.3,2400000,0xe0000
1781262442,59.3,2400000,0xe0000
1781262443,59.8,2400000,0xe0000
1781262444,58.7,2400000,0xe0000
1781262445,57.6,2400000,0xe0000
1781262446,59.3,2400000,0xe0000
1781262447,60.4,2400000,0xe0000
1781262448,59.3,2400000,0xe0000
1781262449,59.3,2400000,0xe0000
1781262450,58.2,2400000,0xe0000
1781262451,59.8,2400000,0xe0000
1781262452,59.3,2400000,0xe0000
1781262453,59.3,2400000,0xe0000
1781262454,59.8,2400000,0xe0000
1781262455,59.8,2400000,0xe0000
1781262456,59.3,2400000,0xe0000
1781262457,59.8,2400000,0xe0000
1781262458,58.7,2400000,0xe0000
1781262459,59.8,2400000,0xe0000
1781262460,59.3,2400000,0xe0000
1781262461,59.3,2400000,0xe0000
1781262462,59.3,2400000,0xe0000
1781262463,59.8,2400000,0xe0000
1781262464,59.3,2400000,0xe0000
1781262465,59.8,2400000,0xe0000
1781262466,59.3,2400000,0xe0000
1781262467,59.3,2400000,0xe0000
1781262468,58.7,2400000,0xe0000
1781262469,59.3,2400000,0xe0000
1781262470,59.3,2400000,0xe0000
1781262471,59.3,2400000,0xe0000
1781262472,58.2,2400000,0xe0000
1781262473,59.3,2400000,0xe0000
1781262474,59.3,2400000,0xe0000
1781262475,59.3,2400000,0xe0000
1781262476,59.8,2400000,0xe0000
1781262477,59.3,2400000,0xe0000
1781262478,59.3,2400000,0xe0000
