1781190493,51.0,2400000,0xe0000
1781190494,51.0,2400000,0xe0000
1781190495,52.1,2400000,0xe0000
1781190496,52.7,2400000,0xe0000
1781190497,53.8,2400000,0xe0000
1781190498,53.8,2400000,0xe0000
1781190499,52.7,2400000,0xe0000
1781190500,52.7,2400000,0xe0000
1781190501,54.3,2400000,0xe0000
1781190502,52.7,2400000,0xe0000
1781190503,53.2,2400000,0xe0000
1781190504,54.3,2400000,0xe0000
1781190505,53.8,2400000,0xe0000
1781190506,54.9,2400000,0xe0000
1781190507,54.9,2400000,0xe0000
1781190508,54.9,2400000,0xe0000
1781190509,55.4,2400000,0xe0000
1781190510,55.4,2400000,0xe0000
1781190511,54.9,2400000,0xe0000
1781190512,54.9,2400000,0xe0000
1781190513,55.4,2400000,0xe0000
1781190514,53.8,2400000,0xe0000
1781190515,55.4,2400000,0xe0000
1781190516,56.0,2400000,0xe0000
1781190517,54.9,2400000,0xe0000
1781190518,55.4,2400000,0xe0000
1781190519,55.4,2400000,0xe0000
1781190520,55.4,2400000,0xe0000
1781190521,54.9,2400000,0xe0000
1781190522,55.4,2400000,0xe0000
1781190524,56.0,2400000,0xe0000
1781190525,55.4,2400000,0xe0000
1781190526,55.4,2400000,0xe0000
1781190527,55.4,2400000,0xe0000
1781190528,55.4,2400000,0xe0000
1781190529,54.9,2400000,0xe0000
1781190530,56.0,2400000,0xe0000
1781190531,56.0,2400000,0xe0000
1781190532,55.4,2400000,0xe0000
1781190533,56.0,2400000,0xe0000
1781190534,56.5,2400000,0xe0000
1781190535,56.0,2400000,0xe0000
1781190536,56.0,2400000,0xe0000
1781190537,54.9,2400000,0xe0000
1781190538,57.1,2400000,0xe0000
1781190539,56.0,2400000,0xe0000
1781190540,56.5,2400000,0xe0000
1781190541,57.1,2400000,0xe0000
1781190542,57.1,2400000,0xe0000
1781190543,56.5,2400000,0xe0000
1781190544,56.5,2400000,0xe0000
1781190545,56.5,2400000,0xe0000
1781190546,56.5,2400000,0xe0000
1781190547,57.1,2400000,0xe0000
1781190548,55.4,2400000,0xe0000
1781190549,55.4,2400000,0xe0000
1781190550,56.0,2400000,0xe0000
1781190551,56.5,2400000,0xe0000
1781190552,56.5,2400000,0xe0000
1781190553,56.5,2400000,0xe0000
1781190554,56.5,2400000,0xe0000
1781190555,57.1,2400000,0xe0000
1781190556,56.5,2400000,0xe0000
1781190557,56.5,2400000,0xe0000
1781190558,57.1,2400000,0xe0000
1781190559,57.1,2400000,0xe0000
1781190560,58.2,2400000,0xe0000
1781190561,56.5,2400000,0xe0000
1781190562,56.5,2400000,0xe0000
1781190563,57.6,2400000,0xe0000
1781190564,57.6,2400000,0xe0000
1781190565,58.2,2400000,0xe0000
1781190566,57.6,2400000,0xe0000
1781190567,57.6,2400000,0xe0000
1781190568,57.6,2400000,0xe0000
1781190569,58.2,2400000,0xe0000
1781190570,57.1,2400000,0xe0000
1781190571,57.6,2400000,0xe0000
1781190572,57.1,2400000,0xe0000
1781190574,56.5,2400000,0xe0000
1781190575,57.1,2400000,0xe0000
1781190576,57.6,2400000,0xe0000
1781190577,56.5,2400000,0xe0000
1781190578,56.5,2400000,0xe0000
1781190579,57.6,2400000,0xe0000
1781190580,56.5,2400000,0xe0000
1781190581,57.6,2400000,0xe0000
1781190582,58.2,2400000,0xe0000
1781190583,57.6,2400000,0xe0000
1781190584,58.2,2400000,0xe0000
1781190585,57.6,2400000,0xe0000
1781190586,57.6,2400000,0xe0000
1781190587,58.7,2400000,0xe0000
1781190588,57.6,2400000,0xe0000
1781190589,59.3,2400000,0xe0000
1781190590,58.7,2400000,0xe0000
1781190591,58.7,2400000,0xe0000
1781190592,58.2,2400000,0xe0000
1781190593,59.3,2400000,0xe0000
1781190594,58.7,2400000,0xe0000
1781190595,58.7,2400000,0xe0000
1781190596,58.2,2400000,0xe0000
1781190597,58.7,2400000,0xe0000
1781190598,58.2,2400000,0xe0000
1781190599,58.7,2400000,0xe0000
1781190600,57.6,2400000,0xe0000
1781190601,58.2,2400000,0xe0000
1781190602,58.7,2400000,0xe0000
1781190603,57.6,2400000,0xe0000
1781190605,57.6,2400000,0xe0000
1781190606,58.2,2400000,0xe0000
1781190607,57.6,2400000,0xe0000
1781190608,58.7,2400000,0xe0000
1781190609,58.7,2400000,0xe0000
1781190610,59.3,2400000,0xe0000
1781190611,58.2,2400000,0xe0000
1781190612,59.3,2400000,0xe0000
1781190613,58.7,2400000,0xe0000
1781190614,58.7,2400000,0xe0000
1781190615,58.7,2400000,0xe0000
1781190616,58.2,2400000,0xe0000
1781190617,58.2,2400000,0xe0000
1781190618,58.2,2400000,0xe0000
1781190619,58.2,2400000,0xe0000
1781190620,58.7,2400000,0xe0000
1781190621,58.7,2400000,0xe0000
1781190622,59.3,2400000,0xe0000
1781190623,59.3,2400000,0xe0000
1781190624,58.7,2400000,0xe0000
1781190625,59.3,2400000,0xe0000
1781190626,59.3,2400000,0xe0000
1781190627,59.3,2400000,0xe0000
1781190628,58.2,2400000,0xe0000
1781190629,58.7,2400000,0xe0000
1781190630,59.3,2400000,0xe0000
1781190631,59.3,2400000,0xe0000
1781190632,58.7,2400000,0xe0000
1781190633,59.3,2400000,0xe0000
1781190634,58.7,2400000,0xe0000
1781190635,59.3,2400000,0xe0000
1781190636,59.3,2400000,0xe0000
1781190637,59.3,2400000,0xe0000
1781190638,59.3,2400000,0xe0000
1781190639,59.3,2400000,0xe0000
1781190640,59.3,2400000,0xe0000
1781190641,59.3,2400000,0xe0000
1781190642,58.7,2400000,0xe0000
1781190643,58.7,2400000,0xe0000
1781190645,59.3,2400000,0xe0000
1781190646,59.3,2400000,0xe0000
1781190647,59.3,2400000,0xe0000
1781190648,59.3,2400000,0xe0000
1781190649,58.7,2400000,0xe0000
1781190650,58.2,2400000,0xe0000
1781190651,58.7,2400000,0xe0000
1781190652,58.2,2400000,0xe0000
1781190653,59.3,2400000,0xe0000
1781190654,58.7,2400000,0xe0000
1781190655,59.3,2400000,0xe0000
1781190656,58.7,2400000,0xe0000
1781190657,57.6,2400000,0xe0000
1781190658,58.7,2400000,0xe0000
1781190659,59.3,2400000,0xe0000
1781190660,59.3,2400000,0xe0000
1781190661,59.3,2400000,0xe0000
1781190662,59.8,2400000,0xe0000
1781190663,59.8,2400000,0xe0000
1781190664,59.8,2400000,0xe0000
1781190665,59.3,2400000,0xe0000
1781190666,59.3,2400000,0xe0000
1781190667,59.3,2400000,0xe0000
1781190668,59.3,2400000,0xe0000
1781190669,59.3,2400000,0xe0000
1781190670,59.3,2400000,0xe0000
1781190671,59.8,2400000,0xe0000
1781190672,59.3,2400000,0xe0000
1781190673,60.4,2400000,0xe0000
1781190674,59.8,2400000,0xe0000
1781190675,59.8,2400000,0xe0000
1781190676,59.8,2400000,0xe0000
1781190677,59.3,2400000,0xe0000
1781190678,59.8,2400000,0xe0000
1781190679,59.3,2400000,0xe0000
1781190680,59.3,2400000,0xe0000
1781190681,59.8,2400000,0xe0000
1781190682,59.8,2400000,0xe0000
1781190683,59.8,2400000,0xe0000
1781190684,59.8,2400000,0xe0000
1781190685,60.4,2400000,0xe0000
1781190686,59.8,2400000,0xe0000
1781190687,60.4,2400000,0xe0000
1781190689,59.8,2400000,0xe0000
1781190690,59.8,2400000,0xe0000
1781190691,59.3,2400000,0xe0000
1781190692,59.3,2400000,0xe0000
1781190693,59.3,2400000,0xe0000
1781190694,59.3,2400000,0xe0000
1781190695,60.4,2400000,0xe0000
1781190696,59.3,2400000,0xe0000
1781190697,59.3,2400000,0xe0000
1781190698,60.4,2400000,0xe0000
1781190699,59.3,2400000,0xe0000
1781190700,58.2,2400000,0xe0000
1781190701,59.8,2400000,0xe0000
1781190702,60.4,2400000,0xe0000
1781190703,59.8,2400000,0xe0000
1781190704,59.8,2400000,0xe0000
1781190705,59.8,2400000,0xe0000
1781190706,59.8,2400000,0xe0000
1781190707,59.8,2400000,0xe0000
1781190708,59.8,2400000,0xe0000
1781190709,59.3,2400000,0xe0000
1781190710,59.8,2400000,0xe0000
1781190711,59.8,2400000,0xe0000
1781190712,60.4,2400000,0xe0000
1781190713,60.4,2400000,0xe0000
1781190714,59.8,2400000,0xe0000
1781190715,60.4,2400000,0xe0000
1781190716,60.4,2400000,0xe0000
1781190717,59.3,2400000,0xe0000
1781190718,60.4,2400000,0xe0000
1781190719,59.8,2400000,0xe0000
1781190720,59.8,2400000,0xe0000
1781190721,60.4,2400000,0xe0000
1781190722,60.4,2400000,0xe0000
1781190723,59.8,2400000,0xe0000
1781190724,60.4,2400000,0xe0000
1781190725,59.3,2400000,0xe0000
1781190726,59.8,2400000,0xe0000
1781190727,59.8,2400000,0xe0000
1781190728,59.8,2400000,0xe0000
1781190730,60.4,2400000,0xe0000
1781190731,60.4,2400000,0xe0000
1781190732,60.4,2400000,0xe0000
1781190733,59.3,2400000,0xe0000
1781190734,59.8,2400000,0xe0000
1781190735,59.3,2400000,0xe0000
1781190736,60.4,2400000,0xe0000
1781190737,59.8,2400000,0xe0000
1781190738,60.4,2400000,0xe0000
1781190739,60.4,2400000,0xe0000
1781190740,60.4,2400000,0xe0000
1781190741,60.4,2400000,0xe0000
1781190742,60.4,2400000,0xe0000
1781190743,59.8,2400000,0xe0000
1781190744,59.8,2400000,0xe0000
1781190745,59.8,2400000,0xe0000
1781190746,59.8,2400000,0xe0000
1781190747,60.4,2400000,0xe0000
1781190748,60.9,2400000,0xe0000
1781190749,59.8,2400000,0xe0000
1781190750,59.8,2400000,0xe0000
1781190751,59.3,2400000,0xe0000
1781190752,59.8,2400000,0xe0000
1781190753,60.4,2400000,0xe0000
1781190754,60.4,2400000,0xe0000
1781190755,60.4,2400000,0xe0000
1781190756,60.4,2400000,0xe0000
1781190757,60.4,2400000,0xe0000
1781190758,59.8,2400000,0xe0000
1781190759,59.8,2400000,0xe0000
1781190760,60.4,2400000,0xe0000
1781190761,60.4,2400000,0xe0000
1781190762,60.4,2400000,0xe0000
1781190763,60.9,2400000,0xe0000
1781190764,60.9,2400000,0xe0000
1781190765,60.4,2400000,0xe0000
1781190766,60.9,2400000,0xe0000
1781190767,60.4,2400000,0xe0000
1781190768,59.3,2400000,0xe0000
1781190769,60.4,2400000,0xe0000
1781190770,60.9,2400000,0xe0000
1781190772,60.9,2400000,0xe0000
1781190773,59.8,2400000,0xe0000
1781190774,60.4,2400000,0xe0000
1781190775,60.9,2400000,0xe0000
1781190776,61.5,2400000,0xe0000
1781190777,61.5,2400000,0xe0000
1781190778,59.8,2400000,0xe0000
1781190779,59.8,2400000,0xe0000
1781190780,60.4,2400000,0xe0000
1781190781,60.9,2400000,0xe0000
1781190782,60.4,2400000,0xe0000
1781190783,60.9,2400000,0xe0000
1781190784,61.5,2400000,0xe0000
1781190785,60.9,2400000,0xe0000
1781190786,61.5,2400000,0xe0000
1781190787,60.9,2400000,0xe0000
1781190788,60.9,2400000,0xe0000
1781190789,60.9,2400000,0xe0000
1781190790,61.5,2400000,0xe0000
1781190791,60.9,2400000,0xe0000
1781190792,61.5,2400000,0xe0000
1781190793,60.4,2400000,0xe0000
1781190794,60.9,2400000,0xe0000
1781190795,60.4,2400000,0xe0000
1781190796,60.9,2400000,0xe0000
1781190797,60.9,2400000,0xe0000
1781190798,60.9,2400000,0xe0000
1781190799,61.5,2400000,0xe0000
1781190800,61.5,2400000,0xe0000
1781190801,62.0,2400000,0xe0000
1781190802,62.0,2400000,0xe0000
1781190804,60.9,2400000,0xe0000
1781190805,61.5,2400000,0xe0000
1781190806,60.9,2400000,0xe0000
1781190807,60.9,2400000,0xe0000
1781190808,62.0,2400000,0xe0000
1781190809,61.5,2400000,0xe0000
1781190810,61.5,2400000,0xe0000
1781190811,60.9,2400000,0xe0000
1781190812,61.5,2400000,0xe0000
1781190813,61.5,2400000,0xe0000
1781190814,59.8,2400000,0xe0000
1781190815,61.5,2400000,0xe0000
1781190816,60.9,2400000,0xe0000
1781190817,60.4,2400000,0xe0000
1781190818,61.5,2400000,0xe0000
1781190819,62.0,2400000,0xe0000
1781190820,61.5,2400000,0xe0000
1781190821,62.0,2400000,0xe0000
1781190822,61.5,2400000,0xe0000
1781190823,61.5,2400000,0xe0000
1781190824,61.5,2400000,0xe0000
1781190825,62.0,2400000,0xe0000
1781190826,61.5,2400000,0xe0000
1781190827,62.0,2400000,0xe0000
1781190828,62.0,2400000,0xe0000
1781190829,61.5,2400000,0xe0000
1781190830,61.5,2400000,0xe0000
1781190831,61.5,2400000,0xe0000
1781190832,62.0,2400000,0xe0000
1781190833,61.5,2400000,0xe0000
1781190835,61.5,2400000,0xe0000
1781190836,60.9,2400000,0xe0000
1781190837,60.9,2400000,0xe0000
1781190838,61.5,2400000,0xe0000
1781190839,61.5,2400000,0xe0000
1781190840,61.5,2400000,0xe0000
1781190841,61.5,2400000,0xe0000
1781190842,61.5,2400000,0xe0000
1781190843,62.0,2400000,0xe0000
1781190844,62.0,2400000,0xe0000
1781190845,61.5,2400000,0xe0000
1781190846,61.5,2400000,0xe0000
1781190847,60.4,2400000,0xe0000
1781190848,61.5,2400000,0xe0000
1781190849,62.0,2400000,0xe0000
1781190850,61.5,2400000,0xe0000
1781190851,62.0,2400000,0xe0000
1781190852,61.5,2400000,0xe0000
1781190853,61.5,2400000,0xe0000
1781190854,60.4,2400000,0xe0000
1781190855,60.9,2400000,0xe0000
1781190856,60.9,2400000,0xe0000
1781190857,61.5,2400000,0xe0000
1781190858,62.0,2400000,0xe0000
1781190859,61.5,2400000,0xe0000
1781190860,62.0,2400000,0xe0000
1781190861,62.0,2400000,0xe0000
1781190862,61.5,2400000,0xe0000
1781190864,62.6,2400000,0xe0000
1781190865,61.5,2400000,0xe0000
1781190866,61.5,2400000,0xe0000
1781190867,62.0,2400000,0xe0000
1781190868,61.5,2400000,0xe0000
1781190869,62.6,2400000,0xe0000
1781190870,60.9,2400000,0xe0000
1781190871,61.5,2400000,0xe0000
1781190872,62.0,2400000,0xe0000
1781190873,62.0,2400000,0xe0000
1781190874,62.6,2400000,0xe0000
1781190875,62.0,2400000,0xe0000
1781190876,62.0,2400000,0xe0000
1781190877,62.0,2400000,0xe0000
1781190878,61.5,2400000,0xe0000
1781190879,62.6,2400000,0xe0000
1781190880,60.9,2400000,0xe0000
1781190881,62.6,2400000,0xe0000
1781190882,62.0,2400000,0xe0000
1781190883,62.6,2400000,0xe0000
1781190884,61.5,2400000,0xe0000
1781190885,62.0,2400000,0xe0000
1781190886,62.0,2400000,0xe0000
1781190887,62.0,2400000,0xe0000
1781190888,62.6,2400000,0xe0000
1781190889,62.6,2400000,0xe0000
1781190890,62.6,2400000,0xe0000
1781190891,62.6,2400000,0xe0000
1781190892,62.0,2400000,0xe0000
1781190893,62.6,2400000,0xe0000
1781190894,62.6,2400000,0xe0000
1781190896,62.6,2400000,0xe0000
1781190897,62.0,2400000,0xe0000
1781190898,62.6,2400000,0xe0000
1781190899,62.6,2400000,0xe0000
1781190900,62.6,2400000,0xe0000
1781190901,61.5,2400000,0xe0000
1781190902,62.0,2400000,0xe0000
1781190903,62.0,2400000,0xe0000
1781190904,61.5,2400000,0xe0000
1781190905,62.0,2400000,0xe0000
1781190906,61.5,2400000,0xe0000
1781190907,61.5,2400000,0xe0000
1781190908,62.0,2400000,0xe0000
1781190909,62.6,2400000,0xe0000
1781190910,62.0,2400000,0xe0000
1781190911,62.0,2400000,0xe0000
1781190912,61.5,2400000,0xe0000
1781190913,62.0,2400000,0xe0000
1781190914,62.0,2400000,0xe0000
1781190915,62.0,2400000,0xe0000
1781190916,62.0,2400000,0xe0000
1781190917,62.0,2400000,0xe0000
1781190918,62.0,2400000,0xe0000
1781190919,61.5,2400000,0xe0000
1781190920,61.5,2400000,0xe0000
1781190921,62.6,2400000,0xe0000
1781190922,62.6,2400000,0xe0000
1781190923,62.0,2400000,0xe0000
1781190924,62.0,2400000,0xe0000
1781190926,62.0,2400000,0xe0000
1781190927,63.7,2400000,0xe0000
1781190928,62.0,2400000,0xe0000
1781190929,62.6,2400000,0xe0000
1781190930,62.0,2400000,0xe0000
1781190931,61.5,2400000,0xe0000
1781190932,62.0,2400000,0xe0000
1781190933,62.6,2400000,0xe0000
1781190934,62.6,2400000,0xe0000
1781190935,62.6,2400000,0xe0000
1781190936,62.0,2400000,0xe0000
1781190937,62.6,2400000,0xe0000
1781190938,62.6,2400000,0xe0000
1781190939,61.5,2400000,0xe0000
1781190940,62.0,2400000,0xe0000
1781190941,63.1,2400000,0xe0000
1781190942,62.6,2400000,0xe0000
1781190943,62.0,2400000,0xe0000
1781190944,62.6,2400000,0xe0000
1781190945,62.6,2400000,0xe0000
1781190946,61.5,2400000,0xe0000
1781190947,62.0,2400000,0xe0000
1781190948,62.6,2400000,0xe0000
1781190949,62.0,2400000,0xe0000
1781190950,63.1,2400000,0xe0000
1781190951,62.6,2400000,0xe0000
1781190952,63.1,2400000,0xe0000
1781190953,62.0,2400000,0xe0000
1781190954,60.9,2400000,0xe0000
1781190956,62.0,2400000,0xe0000
1781190957,62.6,2400000,0xe0000
1781190958,62.6,2400000,0xe0000
1781190959,62.0,2400000,0xe0000
1781190960,61.5,2400000,0xe0000
1781190961,62.0,2400000,0xe0000
1781190962,62.6,2400000,0xe0000
1781190963,62.0,2400000,0xe0000
1781190964,62.6,2400000,0xe0000
1781190965,61.5,2400000,0xe0000
1781190966,62.6,2400000,0xe0000
1781190967,62.6,2400000,0xe0000
1781190968,63.1,2400000,0xe0000
1781190969,61.5,2400000,0xe0000
1781190970,63.1,2400000,0xe0000
1781190971,62.0,2400000,0xe0000
1781190972,63.1,2400000,0xe0000
1781190973,62.6,2400000,0xe0000
1781190974,63.1,2400000,0xe0000
1781190975,62.6,2400000,0xe0000
1781190976,63.1,2400000,0xe0000
1781190977,62.6,2400000,0xe0000
1781190978,63.1,2400000,0xe0000
1781190980,62.6,2400000,0xe0000
1781190981,60.9,2400000,0xe0000
1781190982,62.6,2400000,0xe0000
1781190983,62.6,2400000,0xe0000
1781190984,62.6,2400000,0xe0000
1781190985,60.9,2400000,0xe0000
1781190986,61.5,2400000,0xe0000
1781190987,62.0,2400000,0xe0000
1781190988,62.0,2400000,0xe0000
1781190989,62.6,2400000,0xe0000
1781190990,62.0,2400000,0xe0000
1781190991,62.6,2400000,0xe0000
1781190992,62.0,2400000,0xe0000
1781190993,63.1,2400000,0xe0000
1781190994,63.1,2400000,0xe0000
1781190995,62.0,2400000,0xe0000
1781190996,61.5,2400000,0xe0000
1781190997,62.6,2400000,0xe0000
1781190998,63.1,2400000,0xe0000
1781190999,62.6,2400000,0xe0000
1781191000,61.5,2400000,0xe0000
1781191001,63.1,2400000,0xe0000
1781191002,62.6,2400000,0xe0000
1781191003,62.6,2400000,0xe0000
1781191004,62.6,2400000,0xe0000
1781191006,62.6,2400000,0xe0000
1781191007,63.1,2400000,0xe0000
1781191008,61.5,2400000,0xe0000
1781191009,62.0,2400000,0xe0000
1781191010,62.6,2400000,0xe0000
1781191011,62.6,2400000,0xe0000
1781191012,62.6,2400000,0xe0000
1781191013,63.1,2400000,0xe0000
1781191014,63.1,2400000,0xe0000
1781191015,62.6,2400000,0xe0000
1781191016,63.1,2400000,0xe0000
1781191017,63.7,2400000,0xe0000
1781191018,63.7,2400000,0xe0000
1781191019,62.0,2400000,0xe0000
1781191020,63.1,2400000,0xe0000
1781191021,63.1,2400000,0xe0000
1781191022,63.1,2400000,0xe0000
1781191023,63.1,2400000,0xe0000
1781191024,62.6,2400000,0xe0000
1781191025,63.1,2400000,0xe0000
1781191026,62.0,2400000,0xe0000
1781191027,63.7,2400000,0xe0000
1781191028,62.0,2400000,0xe0000
1781191029,62.6,2400000,0xe0000
1781191030,62.6,2400000,0xe0000
1781191031,63.1,2400000,0xe0000
1781191032,63.7,2400000,0xe0000
1781191033,63.1,2400000,0xe0000
1781191034,62.0,2400000,0xe0000
1781191035,62.6,2400000,0xe0000
1781191036,62.6,2400000,0xe0000
1781191037,63.1,2400000,0xe0000
1781191039,62.6,2400000,0xe0000
1781191040,63.1,2400000,0xe0000
1781191041,62.6,2400000,0xe0000
1781191042,62.6,2400000,0xe0000
1781191043,63.1,2400000,0xe0000
1781191044,63.7,2400000,0xe0000
1781191045,62.0,2400000,0xe0000
1781191046,63.1,2400000,0xe0000
1781191047,62.6,2400000,0xe0000
1781191048,63.1,2400000,0xe0000
1781191049,63.1,2400000,0xe0000
1781191050,62.0,2400000,0xe0000
1781191051,63.1,2400000,0xe0000
1781191052,63.1,2400000,0xe0000
1781191053,63.1,2400000,0xe0000
1781191054,62.6,2400000,0xe0000
1781191055,63.1,2400000,0xe0000
1781191056,62.6,2400000,0xe0000
1781191057,63.1,2400000,0xe0000
1781191058,62.6,2400000,0xe0000
1781191059,63.1,2400000,0xe0000
1781191060,63.1,2400000,0xe0000
1781191061,62.6,2400000,0xe0000
1781191062,62.6,2400000,0xe0000
1781191063,62.6,2400000,0xe0000
1781191064,63.7,2400000,0xe0000
1781191065,63.1,2400000,0xe0000
1781191066,63.7,2400000,0xe0000
1781191067,63.1,2400000,0xe0000
1781191068,63.1,2400000,0xe0000
1781191070,62.6,2400000,0xe0000
1781191071,61.5,2400000,0xe0000
1781191072,63.1,2400000,0xe0000
1781191073,63.1,2400000,0xe0000
1781191074,63.1,2400000,0xe0000
1781191075,62.6,2400000,0xe0000
1781191076,62.6,2400000,0xe0000
1781191077,63.7,2400000,0xe0000
1781191078,63.7,2400000,0xe0000
1781191079,63.1,2400000,0xe0000
1781191080,63.1,2400000,0xe0000
1781191081,62.6,2400000,0xe0000
1781191082,63.1,2400000,0xe0000
1781191083,63.7,2400000,0xe0000
1781191084,63.1,2400000,0xe0000
1781191085,62.6,2400000,0xe0000
1781191086,63.7,2400000,0xe0000
1781191087,63.1,2400000,0xe0000
1781191088,63.1,2400000,0xe0000
1781191089,62.6,2400000,0xe0000
1781191090,62.6,2400000,0xe0000
1781191091,62.6,2400000,0xe0000
1781191092,63.1,2400000,0xe0000
1781191093,62.6,2400000,0xe0000
1781191094,63.1,2400000,0xe0000
1781191095,63.1,2400000,0xe0000
1781191096,62.6,2400000,0xe0000
1781191097,61.5,2400000,0xe0000
1781191098,62.0,2400000,0xe0000
1781191099,62.6,2400000,0xe0000
1781191100,63.1,2400000,0xe0000
1781191101,62.6,2400000,0xe0000
1781191103,63.1,2400000,0xe0000
1781191104,62.6,2400000,0xe0000
1781191105,62.6,2400000,0xe0000
1781191106,62.6,2400000,0xe0000
1781191107,63.1,2400000,0xe0000
1781191108,63.1,2400000,0xe0000
1781191109,63.1,2400000,0xe0000
1781191110,62.0,2400000,0xe0000
1781191111,63.1,2400000,0xe0000
1781191112,63.1,2400000,0xe0000
1781191113,63.7,2400000,0xe0000
1781191114,63.7,2400000,0xe0000
1781191115,63.7,2400000,0xe0000
1781191116,63.1,2400000,0xe0000
1781191117,62.6,2400000,0xe0000
1781191118,63.1,2400000,0xe0000
1781191119,62.0,2400000,0xe0000
1781191120,63.1,2400000,0xe0000
1781191121,63.1,2400000,0xe0000
1781191122,63.1,2400000,0xe0000
1781191123,63.7,2400000,0xe0000
1781191124,63.7,2400000,0xe0000
1781191125,62.6,2400000,0xe0000
1781191126,62.6,2400000,0xe0000
1781191127,63.1,2400000,0xe0000
1781191128,63.7,2400000,0xe0000
1781191130,62.6,2400000,0xe0000
1781191131,63.1,2400000,0xe0000
1781191132,62.0,2400000,0xe0000
1781191133,63.1,2400000,0xe0000
1781191134,62.6,2400000,0xe0000
1781191135,62.6,2400000,0xe0000
1781191136,63.1,2400000,0xe0000
1781191137,62.6,2400000,0xe0000
1781191138,63.1,2400000,0xe0000
1781191139,63.1,2400000,0xe0000
1781191140,63.1,2400000,0xe0000
1781191141,63.1,2400000,0xe0000
1781191142,62.6,2400000,0xe0000
1781191143,63.1,2400000,0xe0000
1781191144,62.6,2400000,0xe0000
1781191145,62.6,2400000,0xe0000
1781191146,62.6,2400000,0xe0000
1781191147,62.6,2400000,0xe0000
1781191148,63.1,2400000,0xe0000
1781191149,63.7,2400000,0xe0000
1781191150,63.7,2400000,0xe0000
1781191151,63.1,2400000,0xe0000
1781191152,63.1,2400000,0xe0000
1781191153,63.1,2400000,0xe0000
1781191154,63.1,2400000,0xe0000
1781191155,63.7,2400000,0xe0000
1781191156,63.1,2400000,0xe0000
1781191158,62.0,2400000,0xe0000
1781191159,62.6,2400000,0xe0000
1781191160,63.1,2400000,0xe0000
1781191161,63.1,2400000,0xe0000
1781191162,63.1,2400000,0xe0000
1781191163,63.1,2400000,0xe0000
1781191164,62.6,2400000,0xe0000
1781191165,63.7,2400000,0xe0000
1781191166,63.1,2400000,0xe0000
1781191167,63.1,2400000,0xe0000
1781191168,62.6,2400000,0xe0000
1781191169,62.0,2400000,0xe0000
1781191170,63.1,2400000,0xe0000
1781191171,63.1,2400000,0xe0000
1781191172,63.7,2400000,0xe0000
1781191173,63.1,2400000,0xe0000
1781191174,62.6,2400000,0xe0000
1781191175,62.6,2400000,0xe0000
1781191176,62.6,2400000,0xe0000
1781191177,62.6,2400000,0xe0000
1781191178,63.1,2400000,0xe0000
1781191179,63.1,2400000,0xe0000
1781191180,62.6,2400000,0xe0000
1781191181,62.0,2400000,0xe0000
1781191182,63.7,2400000,0xe0000
1781191183,63.7,2400000,0xe0000
1781191184,63.1,2400000,0xe0000
1781191185,63.1,2400000,0xe0000
1781191186,63.1,2400000,0xe0000
1781191187,63.1,2400000,0xe0000
1781191188,63.1,2400000,0xe0000
1781191189,63.1,2400000,0xe0000
1781191190,62.6,2400000,0xe0000
1781191191,63.7,2400000,0xe0000
1781191192,62.6,2400000,0xe0000
1781191194,62.6,2400000,0xe0000
1781191195,62.0,2400000,0xe0000
1781191196,63.7,2400000,0xe0000
1781191197,63.7,2400000,0xe0000
1781191198,62.6,2400000,0xe0000
1781191199,63.1,2400000,0xe0000
1781191200,63.1,2400000,0xe0000
1781191201,62.6,2400000,0xe0000
1781191202,63.1,2400000,0xe0000
1781191203,62.6,2400000,0xe0000
1781191204,63.1,2400000,0xe0000
1781191205,63.7,2400000,0xe0000
1781191206,61.5,2400000,0xe0000
1781191207,63.1,2400000,0xe0000
1781191208,63.1,2400000,0xe0000
1781191209,62.6,2400000,0xe0000
1781191210,63.1,2400000,0xe0000
1781191211,62.6,2400000,0xe0000
1781191212,62.0,2400000,0xe0000
1781191213,63.1,2400000,0xe0000
1781191214,62.6,2400000,0xe0000
1781191215,63.1,2400000,0xe0000
1781191216,62.6,2400000,0xe0000
1781191217,63.1,2400000,0xe0000
1781191218,63.7,2400000,0xe0000
1781191219,62.0,2400000,0xe0000
1781191220,63.1,2400000,0xe0000
1781191222,62.6,2400000,0xe0000
1781191223,63.7,2400000,0xe0000
1781191224,62.6,2400000,0xe0000
1781191225,63.7,2400000,0xe0000
1781191226,63.1,2400000,0xe0000
1781191227,63.1,2400000,0xe0000
1781191228,63.7,2400000,0xe0000
1781191229,62.6,2400000,0xe0000
1781191230,63.1,2400000,0xe0000
1781191231,63.1,2400000,0xe0000
1781191232,62.6,2400000,0xe0000
1781191233,63.1,2400000,0xe0000
1781191234,63.7,2400000,0xe0000
1781191235,63.1,2400000,0xe0000
1781191236,63.1,2400000,0xe0000
1781191237,63.1,2400000,0xe0000
1781191238,63.7,2400000,0xe0000
1781191239,63.7,2400000,0xe0000
1781191240,62.6,2400000,0xe0000
1781191241,63.1,2400000,0xe0000
1781191242,62.6,2400000,0xe0000
1781191243,63.7,2400000,0xe0000
1781191244,62.6,2400000,0xe0000
1781191245,63.1,2400000,0xe0000
1781191246,63.1,2400000,0xe0000
1781191247,63.1,2400000,0xe0000
1781191248,63.1,2400000,0xe0000
1781191249,63.1,2400000,0xe0000
1781191250,62.6,2400000,0xe0000
1781191251,63.7,2400000,0xe0000
1781191253,63.7,2400000,0xe0000
1781191254,63.1,2400000,0xe0000
1781191255,62.0,2400000,0xe0000
1781191256,62.6,2400000,0xe0000
1781191257,63.1,2400000,0xe0000
1781191258,63.1,2400000,0xe0000
1781191259,63.1,2400000,0xe0000
1781191260,63.1,2400000,0xe0000
1781191261,62.6,2400000,0xe0000
1781191262,63.1,2400000,0xe0000
1781191263,62.0,2400000,0xe0000
1781191264,61.5,2400000,0xe0000
1781191265,63.1,2400000,0xe0000
1781191266,63.7,2400000,0xe0000
1781191267,62.6,2400000,0xe0000
1781191268,63.1,2400000,0xe0000
1781191269,63.1,2400000,0xe0000
1781191270,63.7,2400000,0xe0000
1781191271,63.1,2400000,0xe0000
1781191272,63.1,2400000,0xe0000
1781191273,63.7,2400000,0xe0000
1781191274,63.1,2400000,0xe0000
1781191275,63.1,2400000,0xe0000
1781191276,63.1,2400000,0xe0000
1781191277,62.0,2400000,0xe0000
1781191278,63.1,2400000,0xe0000
1781191279,63.7,2400000,0xe0000
1781191281,62.6,2400000,0xe0000
1781191282,63.7,2400000,0xe0000
1781191283,63.1,2400000,0xe0000
1781191284,62.6,2400000,0xe0000
1781191285,63.1,2400000,0xe0000
1781191286,63.1,2400000,0xe0000
1781191287,63.1,2400000,0xe0000
1781191288,63.1,2400000,0xe0000
1781191289,63.1,2400000,0xe0000
1781191290,62.6,2400000,0xe0000
1781191291,62.0,2400000,0xe0000
1781191292,63.7,2400000,0xe0000
1781191293,63.1,2400000,0xe0000
1781191294,63.7,2400000,0xe0000
1781191295,63.7,2400000,0xe0000
1781191296,63.1,2400000,0xe0000
1781191297,62.6,2400000,0xe0000
1781191298,63.1,2400000,0xe0000
1781191299,63.7,2400000,0xe0000
1781191300,63.1,2400000,0xe0000
1781191301,63.1,2400000,0xe0000
1781191302,63.1,2400000,0xe0000
1781191303,63.7,2400000,0xe0000
1781191304,63.1,2400000,0xe0000
1781191305,63.1,2400000,0xe0000
1781191306,63.1,2400000,0xe0000
1781191307,63.1,2400000,0xe0000
1781191308,62.6,2400000,0xe0000
1781191309,63.7,2400000,0xe0000
1781191310,62.6,2400000,0xe0000
1781191311,62.0,2400000,0xe0000
1781191312,62.6,2400000,0xe0000
1781191313,63.1,2400000,0xe0000
1781191314,63.1,2400000,0xe0000
1781191315,63.1,2400000,0xe0000
1781191317,63.1,2400000,0xe0000
1781191318,63.1,2400000,0xe0000
1781191319,63.1,2400000,0xe0000
1781191320,62.6,2400000,0xe0000
1781191321,63.1,2400000,0xe0000
1781191322,62.6,2400000,0xe0000
1781191323,63.1,2400000,0xe0000
1781191324,63.1,2400000,0xe0000
1781191325,63.1,2400000,0xe0000
1781191326,62.6,2400000,0xe0000
1781191327,62.6,2400000,0xe0000
1781191328,62.0,2400000,0xe0000
1781191329,62.0,2400000,0xe0000
1781191330,62.6,2400000,0xe0000
1781191331,63.1,2400000,0xe0000
1781191332,62.6,2400000,0xe0000
1781191333,63.1,2400000,0xe0000
1781191334,63.7,2400000,0xe0000
1781191335,63.1,2400000,0xe0000
1781191336,62.6,2400000,0xe0000
1781191337,63.1,2400000,0xe0000
1781191338,63.7,2400000,0xe0000
1781191339,63.7,2400000,0xe0000
1781191340,62.6,2400000,0xe0000
1781191341,63.1,2400000,0xe0000
1781191342,63.1,2400000,0xe0000
1781191343,62.6,2400000,0xe0000
1781191344,63.7,2400000,0xe0000
1781191345,62.6,2400000,0xe0000
1781191346,61.5,2400000,0xe0000
1781191347,62.6,2400000,0xe0000
1781191348,63.1,2400000,0xe0000
1781191349,62.0,2400000,0xe0000
1781191350,63.1,2400000,0xe0000
1781191352,63.7,2400000,0xe0000
1781191353,62.6,2400000,0xe0000
1781191354,63.1,2400000,0xe0000
1781191355,63.1,2400000,0xe0000
1781191356,63.1,2400000,0xe0000
1781191357,63.1,2400000,0xe0000
1781191358,62.6,2400000,0xe0000
1781191359,63.1,2400000,0xe0000
1781191360,62.6,2400000,0xe0000
1781191361,62.6,2400000,0xe0000
1781191362,63.1,2400000,0xe0000
1781191363,63.7,2400000,0xe0000
1781191364,62.6,2400000,0xe0000
1781191365,62.6,2400000,0xe0000
1781191366,63.1,2400000,0xe0000
1781191367,62.6,2400000,0xe0000
1781191368,62.0,2400000,0xe0000
1781191369,63.1,2400000,0xe0000
1781191370,62.6,2400000,0xe0000
1781191371,62.0,2400000,0xe0000
1781191372,63.1,2400000,0xe0000
1781191373,62.0,2400000,0xe0000
1781191374,63.1,2400000,0xe0000
1781191375,63.1,2400000,0xe0000
1781191376,62.0,2400000,0xe0000
1781191377,63.7,2400000,0xe0000
1781191378,63.1,2400000,0xe0000
1781191379,63.1,2400000,0xe0000
1781191380,63.1,2400000,0xe0000
1781191381,62.6,2400000,0xe0000
1781191382,62.6,2400000,0xe0000
1781191383,63.7,2400000,0xe0000
1781191384,63.1,2400000,0xe0000
1781191385,63.1,2400000,0xe0000
1781191386,62.0,2400000,0xe0000
1781191387,63.7,2400000,0xe0000
1781191388,62.6,2400000,0xe0000
1781191389,63.1,2400000,0xe0000
1781191391,63.7,2400000,0xe0000
1781191392,63.1,2400000,0xe0000
1781191393,63.1,2400000,0xe0000
1781191394,61.5,2400000,0xe0000
1781191395,63.1,2400000,0xe0000
1781191396,62.0,2400000,0xe0000
1781191397,62.6,2400000,0xe0000
1781191398,62.6,2400000,0xe0000
1781191399,63.1,2400000,0xe0000
1781191400,62.6,2400000,0xe0000
1781191401,62.6,2400000,0xe0000
1781191402,63.1,2400000,0xe0000
1781191403,63.1,2400000,0xe0000
1781191404,63.7,2400000,0xe0000
1781191405,62.6,2400000,0xe0000
1781191406,63.7,2400000,0xe0000
1781191407,62.6,2400000,0xe0000
1781191408,63.1,2400000,0xe0000
1781191409,62.0,2400000,0xe0000
1781191410,62.6,2400000,0xe0000
1781191411,62.6,2400000,0xe0000
1781191412,62.6,2400000,0xe0000
1781191413,62.6,2400000,0xe0000
1781191414,63.1,2400000,0xe0000
1781191415,63.1,2400000,0xe0000
1781191416,63.1,2400000,0xe0000
1781191417,63.1,2400000,0xe0000
1781191419,63.1,2400000,0xe0000
1781191420,62.6,2400000,0xe0000
1781191421,63.7,2400000,0xe0000
1781191422,63.7,2400000,0xe0000
1781191423,62.0,2400000,0xe0000
1781191424,63.1,2400000,0xe0000
1781191425,62.6,2400000,0xe0000
1781191426,63.1,2400000,0xe0000
1781191427,62.6,2400000,0xe0000
1781191428,62.6,2400000,0xe0000
1781191429,62.6,2400000,0xe0000
1781191430,63.1,2400000,0xe0000
1781191431,63.1,2400000,0xe0000
1781191432,63.7,2400000,0xe0000
1781191433,63.7,2400000,0xe0000
1781191434,63.1,2400000,0xe0000
1781191435,63.7,2400000,0xe0000
1781191436,63.7,2400000,0xe0000
1781191437,63.1,2400000,0xe0000
1781191438,63.1,2400000,0xe0000
1781191439,63.1,2400000,0xe0000
1781191440,62.6,2400000,0xe0000
1781191441,62.6,2400000,0xe0000
1781191442,63.1,2400000,0xe0000
1781191443,62.6,2400000,0xe0000
1781191444,63.7,2400000,0xe0000
1781191445,63.1,2400000,0xe0000
1781191446,63.1,2400000,0xe0000
1781191447,63.7,2400000,0xe0000
1781191448,63.1,2400000,0xe0000
1781191450,63.1,2400000,0xe0000
1781191451,63.1,2400000,0xe0000
1781191452,63.1,2400000,0xe0000
1781191453,61.5,2400000,0xe0000
1781191454,62.0,2400000,0xe0000
1781191455,62.0,2400000,0xe0000
1781191456,63.1,2400000,0xe0000
1781191457,63.1,2400000,0xe0000
1781191458,63.1,2400000,0xe0000
1781191459,62.6,2400000,0xe0000
1781191460,62.0,2400000,0xe0000
1781191461,63.1,2400000,0xe0000
1781191462,62.6,2400000,0xe0000
1781191463,63.1,2400000,0xe0000
1781191464,63.1,2400000,0xe0000
1781191465,63.7,2400000,0xe0000
1781191466,63.7,2400000,0xe0000
1781191467,63.1,2400000,0xe0000
1781191468,63.7,2400000,0xe0000
1781191469,63.1,2400000,0xe0000
1781191470,62.6,2400000,0xe0000
1781191471,63.1,2400000,0xe0000
1781191472,63.7,2400000,0xe0000
1781191473,63.7,2400000,0xe0000
1781191474,63.7,2400000,0xe0000
1781191475,63.7,2400000,0xe0000
1781191476,63.1,2400000,0xe0000
1781191477,63.1,2400000,0xe0000
1781191478,62.6,2400000,0xe0000
1781191479,62.6,2400000,0xe0000
1781191480,62.6,2400000,0xe0000
1781191482,63.1,2400000,0xe0000
1781191483,62.6,2400000,0xe0000
1781191484,63.1,2400000,0xe0000
1781191485,63.1,2400000,0xe0000
1781191486,63.1,2400000,0xe0000
1781191487,63.1,2400000,0xe0000
1781191488,63.1,2400000,0xe0000
1781191489,63.7,2400000,0xe0000
1781191490,63.1,2400000,0xe0000
1781191491,63.1,2400000,0xe0000
1781191492,62.6,2400000,0xe0000
1781191493,63.1,2400000,0xe0000
1781191494,63.1,2400000,0xe0000
1781191495,63.1,2400000,0xe0000
1781191496,62.6,2400000,0xe0000
1781191497,62.6,2400000,0xe0000
1781191498,62.6,2400000,0xe0000
1781191499,63.1,2400000,0xe0000
1781191500,63.1,2400000,0xe0000
1781191501,63.1,2400000,0xe0000
1781191502,62.0,2400000,0xe0000
1781191503,63.1,2400000,0xe0000
1781191504,63.1,2400000,0xe0000
1781191505,62.6,2400000,0xe0000
1781191506,63.1,2400000,0xe0000
1781191507,62.0,2400000,0xe0000
1781191508,63.1,2400000,0xe0000
1781191509,62.0,2400000,0xe0000
1781191510,63.1,2400000,0xe0000
1781191511,62.6,2400000,0xe0000
1781191512,62.6,2400000,0xe0000
1781191514,63.1,2400000,0xe0000
1781191515,63.1,2400000,0xe0000
1781191516,62.6,2400000,0xe0000
1781191517,63.1,2400000,0xe0000
1781191518,63.1,2400000,0xe0000
1781191519,63.7,2400000,0xe0000
1781191520,63.7,2400000,0xe0000
1781191521,62.6,2400000,0xe0000
1781191522,63.1,2400000,0xe0000
1781191523,63.7,2400000,0xe0000
1781191524,63.7,2400000,0xe0000
1781191525,62.6,2400000,0xe0000
1781191526,63.1,2400000,0xe0000
1781191527,63.1,2400000,0xe0000
1781191528,63.7,2400000,0xe0000
1781191529,62.0,2400000,0xe0000
1781191530,62.6,2400000,0xe0000
1781191531,63.1,2400000,0xe0000
1781191532,63.1,2400000,0xe0000
1781191533,62.6,2400000,0xe0000
1781191534,62.6,2400000,0xe0000
1781191535,63.1,2400000,0xe0000
1781191537,63.1,2400000,0xe0000
1781191538,62.0,2400000,0xe0000
1781191539,63.1,2400000,0xe0000
1781191540,63.7,2400000,0xe0000
1781191541,62.6,2400000,0xe0000
1781191542,62.0,2400000,0xe0000
1781191543,62.6,2400000,0xe0000
1781191544,63.7,2400000,0xe0000
1781191545,63.7,2400000,0xe0000
1781191546,63.7,2400000,0xe0000
1781191547,63.1,2400000,0xe0000
1781191548,62.6,2400000,0xe0000
1781191549,63.1,2400000,0xe0000
1781191550,61.5,2400000,0xe0000
1781191551,62.0,2400000,0xe0000
1781191552,63.7,2400000,0xe0000
1781191553,62.0,2400000,0xe0000
1781191554,62.6,2400000,0xe0000
1781191555,63.7,2400000,0xe0000
1781191556,63.7,2400000,0xe0000
1781191557,63.7,2400000,0xe0000
1781191558,62.6,2400000,0xe0000
1781191559,63.7,2400000,0xe0000
1781191560,63.7,2400000,0xe0000
1781191561,62.6,2400000,0xe0000
1781191562,62.6,2400000,0xe0000
1781191563,62.6,2400000,0xe0000
1781191564,63.7,2400000,0xe0000
1781191565,63.1,2400000,0xe0000
1781191566,63.7,2400000,0xe0000
1781191567,62.0,2400000,0xe0000
1781191568,63.7,2400000,0xe0000
1781191569,63.7,2400000,0xe0000
1781191570,63.1,2400000,0xe0000
1781191571,63.1,2400000,0xe0000
1781191572,63.7,2400000,0xe0000
1781191574,63.7,2400000,0xe0000
1781191575,62.0,2400000,0xe0000
1781191576,63.1,2400000,0xe0000
1781191577,63.7,2400000,0xe0000
1781191578,63.7,2400000,0xe0000
1781191579,62.6,2400000,0xe0000
1781191580,62.0,2400000,0xe0000
1781191581,63.1,2400000,0xe0000
1781191582,63.1,2400000,0xe0000
1781191583,62.6,2400000,0xe0000
1781191584,62.6,2400000,0xe0000
1781191585,63.1,2400000,0xe0000
1781191586,63.1,2400000,0xe0000
1781191587,63.1,2400000,0xe0000
1781191588,62.6,2400000,0xe0000
1781191589,63.1,2400000,0xe0000
1781191590,62.6,2400000,0xe0000
1781191591,63.1,2400000,0xe0000
1781191592,63.1,2400000,0xe0000
1781191593,63.7,2400000,0xe0000
1781191594,63.7,2400000,0xe0000
1781191595,62.6,2400000,0xe0000
1781191596,62.6,2400000,0xe0000
1781191597,62.0,2400000,0xe0000
1781191598,62.6,2400000,0xe0000
1781191599,62.6,2400000,0xe0000
1781191600,62.0,2400000,0xe0000
1781191601,62.6,2400000,0xe0000
1781191602,62.6,2400000,0xe0000
1781191604,62.6,2400000,0xe0000
1781191605,63.1,2400000,0xe0000
1781191606,63.1,2400000,0xe0000
1781191607,63.1,2400000,0xe0000
1781191608,62.6,2400000,0xe0000
1781191609,63.1,2400000,0xe0000
1781191610,63.7,2400000,0xe0000
1781191611,63.1,2400000,0xe0000
1781191612,62.6,2400000,0xe0000
1781191613,63.1,2400000,0xe0000
1781191614,63.1,2400000,0xe0000
1781191615,63.1,2400000,0xe0000
1781191616,62.0,2400000,0xe0000
1781191617,63.1,2400000,0xe0000
1781191618,63.1,2400000,0xe0000
1781191619,62.6,2400000,0xe0000
1781191620,62.0,2400000,0xe0000
1781191621,63.1,2400000,0xe0000
1781191622,63.1,2400000,0xe0000
1781191623,63.1,2400000,0xe0000
1781191624,63.1,2400000,0xe0000
1781191625,63.1,2400000,0xe0000
1781191626,63.1,2400000,0xe0000
1781191627,63.1,2400000,0xe0000
1781191628,62.6,2400000,0xe0000
1781191629,62.6,2400000,0xe0000
1781191630,63.1,2400000,0xe0000
1781191632,62.6,2400000,0xe0000
1781191633,62.6,2400000,0xe0000
1781191634,63.1,2400000,0xe0000
1781191635,63.1,2400000,0xe0000
1781191636,63.1,2400000,0xe0000
1781191637,62.6,2400000,0xe0000
1781191638,62.6,2400000,0xe0000
1781191639,62.6,2400000,0xe0000
1781191640,62.0,2400000,0xe0000
1781191641,62.0,2400000,0xe0000
1781191642,62.6,2400000,0xe0000
1781191643,63.1,2400000,0xe0000
1781191644,62.6,2400000,0xe0000
1781191645,63.1,2400000,0xe0000
1781191646,62.6,2400000,0xe0000
1781191647,63.1,2400000,0xe0000
1781191648,63.1,2400000,0xe0000
1781191649,62.6,2400000,0xe0000
1781191650,62.6,2400000,0xe0000
1781191651,63.1,2400000,0xe0000
1781191652,62.6,2400000,0xe0000
1781191653,63.7,2400000,0xe0000
1781191654,63.7,2400000,0xe0000
1781191655,63.1,2400000,0xe0000
1781191656,63.1,2400000,0xe0000
1781191657,62.0,2400000,0xe0000
1781191658,62.6,2400000,0xe0000
1781191659,62.6,2400000,0xe0000
1781191660,63.7,2400000,0xe0000
1781191661,62.6,2400000,0xe0000
1781191662,63.1,2400000,0xe0000
1781191664,63.1,2400000,0xe0000
1781191665,63.1,2400000,0xe0000
1781191666,62.6,2400000,0xe0000
1781191667,63.7,2400000,0xe0000
1781191668,63.1,2400000,0xe0000
1781191669,63.1,2400000,0xe0000
1781191670,63.7,2400000,0xe0000
1781191671,63.1,2400000,0xe0000
1781191672,62.6,2400000,0xe0000
1781191673,62.6,2400000,0xe0000
1781191674,62.6,2400000,0xe0000
1781191675,63.1,2400000,0xe0000
1781191676,62.6,2400000,0xe0000
1781191677,62.6,2400000,0xe0000
1781191678,62.6,2400000,0xe0000
1781191679,62.6,2400000,0xe0000
1781191680,63.1,2400000,0xe0000
1781191681,63.1,2400000,0xe0000
1781191682,62.6,2400000,0xe0000
1781191683,61.5,2400000,0xe0000
1781191684,63.1,2400000,0xe0000
1781191685,62.6,2400000,0xe0000
1781191686,63.1,2400000,0xe0000
1781191687,63.1,2400000,0xe0000
1781191688,63.1,2400000,0xe0000
1781191690,63.1,2400000,0xe0000
1781191691,62.6,2400000,0xe0000
1781191692,62.6,2400000,0xe0000
1781191693,62.6,2400000,0xe0000
1781191694,63.1,2400000,0xe0000
1781191695,62.6,2400000,0xe0000
1781191696,62.6,2400000,0xe0000
1781191697,63.1,2400000,0xe0000
1781191698,63.7,2400000,0xe0000
1781191699,63.1,2400000,0xe0000
1781191700,62.6,2400000,0xe0000
1781191701,63.1,2400000,0xe0000
1781191702,63.1,2400000,0xe0000
1781191703,63.7,2400000,0xe0000
1781191704,63.7,2400000,0xe0000
1781191705,63.1,2400000,0xe0000
1781191706,63.1,2400000,0xe0000
1781191707,63.1,2400000,0xe0000
1781191708,63.7,2400000,0xe0000
1781191709,63.1,2400000,0xe0000
1781191710,63.7,2400000,0xe0000
1781191711,62.0,2400000,0xe0000
1781191712,62.6,2400000,0xe0000
1781191713,63.7,2400000,0xe0000
1781191714,63.1,2400000,0xe0000
1781191715,63.1,2400000,0xe0000
1781191716,63.7,2400000,0xe0000
1781191718,63.1,2400000,0xe0000
1781191719,63.1,2400000,0xe0000
1781191720,63.7,2400000,0xe0000
1781191721,63.7,2400000,0xe0000
1781191722,62.6,2400000,0xe0000
1781191723,63.1,2400000,0xe0000
1781191724,63.1,2400000,0xe0000
1781191725,63.7,2400000,0xe0000
1781191726,63.1,2400000,0xe0000
1781191727,62.6,2400000,0xe0000
1781191728,63.1,2400000,0xe0000
1781191729,63.1,2400000,0xe0000
1781191730,63.1,2400000,0xe0000
1781191731,63.1,2400000,0xe0000
1781191732,63.7,2400000,0xe0000
1781191733,63.1,2400000,0xe0000
1781191734,63.1,2400000,0xe0000
1781191735,63.1,2400000,0xe0000
1781191736,62.6,2400000,0xe0000
1781191737,63.7,2400000,0xe0000
1781191738,63.1,2400000,0xe0000
1781191739,62.6,2400000,0xe0000
1781191740,63.1,2400000,0xe0000
1781191741,63.1,2400000,0xe0000
1781191742,62.6,2400000,0xe0000
1781191743,63.7,2400000,0xe0000
1781191744,62.6,2400000,0xe0000
1781191745,63.1,2400000,0xe0000
1781191746,63.1,2400000,0xe0000
1781191747,63.1,2400000,0xe0000
1781191748,62.6,2400000,0xe0000
1781191750,62.0,2400000,0xe0000
1781191751,63.1,2400000,0xe0000
1781191752,62.6,2400000,0xe0000
1781191753,62.0,2400000,0xe0000
1781191754,62.0,2400000,0xe0000
1781191755,62.0,2400000,0xe0000
1781191756,63.7,2400000,0xe0000
1781191757,63.1,2400000,0xe0000
1781191758,63.7,2400000,0xe0000
1781191759,63.1,2400000,0xe0000
1781191760,62.6,2400000,0xe0000
1781191761,63.7,2400000,0xe0000
1781191762,63.1,2400000,0xe0000
1781191763,63.1,2400000,0xe0000
1781191764,63.1,2400000,0xe0000
1781191765,63.1,2400000,0xe0000
1781191766,63.1,2400000,0xe0000
1781191767,63.1,2400000,0xe0000
1781191768,63.7,2400000,0xe0000
1781191769,62.6,2400000,0xe0000
1781191770,63.7,2400000,0xe0000
1781191771,62.6,2400000,0xe0000
1781191772,63.1,2400000,0xe0000
1781191773,63.1,2400000,0xe0000
1781191774,62.6,2400000,0xe0000
1781191775,63.1,2400000,0xe0000
1781191777,63.1,2400000,0xe0000
1781191778,62.6,2400000,0xe0000
1781191779,63.1,2400000,0xe0000
1781191780,63.1,2400000,0xe0000
1781191781,63.1,2400000,0xe0000
1781191782,62.6,2400000,0xe0000
1781191783,62.6,2400000,0xe0000
1781191784,62.0,2400000,0xe0000
1781191785,63.1,2400000,0xe0000
1781191786,62.0,2400000,0xe0000
1781191787,62.0,2400000,0xe0000
1781191788,62.6,2400000,0xe0000
1781191789,62.6,2400000,0xe0000
1781191790,62.0,2400000,0xe0000
1781191791,62.0,2400000,0xe0000
1781191792,63.1,2400000,0xe0000
1781191793,61.5,2400000,0xe0000
1781191794,62.0,2400000,0xe0000
1781191795,62.6,2400000,0xe0000
1781191796,63.1,2400000,0xe0000
1781191797,62.0,2400000,0xe0000
1781191798,63.1,2400000,0xe0000
1781191799,62.6,2400000,0xe0000
1781191800,63.1,2400000,0xe0000
1781191801,62.0,2400000,0xe0000
1781191802,62.6,2400000,0xe0000
1781191804,63.1,2400000,0xe0000
1781191805,63.1,2400000,0xe0000
1781191806,63.1,2400000,0xe0000
1781191807,63.1,2400000,0xe0000
1781191808,63.1,2400000,0xe0000
1781191809,63.7,2400000,0xe0000
1781191810,62.6,2400000,0xe0000
1781191811,62.6,2400000,0xe0000
1781191812,62.0,2400000,0xe0000
1781191813,62.6,2400000,0xe0000
1781191814,63.1,2400000,0xe0000
1781191815,62.6,2400000,0xe0000
1781191816,63.1,2400000,0xe0000
1781191817,63.1,2400000,0xe0000
1781191818,62.6,2400000,0xe0000
1781191819,62.6,2400000,0xe0000
1781191820,63.1,2400000,0xe0000
1781191821,63.1,2400000,0xe0000
1781191822,63.1,2400000,0xe0000
1781191823,63.1,2400000,0xe0000
1781191824,63.1,2400000,0xe0000
1781191825,63.1,2400000,0xe0000
1781191826,62.6,2400000,0xe0000
1781191827,63.1,2400000,0xe0000
1781191828,62.6,2400000,0xe0000
1781191829,63.1,2400000,0xe0000
1781191830,62.0,2400000,0xe0000
1781191831,63.1,2400000,0xe0000
1781191832,63.1,2400000,0xe0000
1781191834,63.1,2400000,0xe0000
1781191835,63.7,2400000,0xe0000
1781191836,63.1,2400000,0xe0000
1781191837,63.1,2400000,0xe0000
1781191838,63.7,2400000,0xe0000
1781191839,63.1,2400000,0xe0000
1781191840,63.1,2400000,0xe0000
1781191841,63.1,2400000,0xe0000
1781191842,63.1,2400000,0xe0000
1781191843,63.1,2400000,0xe0000
1781191844,62.6,2400000,0xe0000
1781191845,62.6,2400000,0xe0000
1781191846,62.6,2400000,0xe0000
1781191847,62.6,2400000,0xe0000
1781191848,63.1,2400000,0xe0000
1781191849,62.0,2400000,0xe0000
1781191850,63.1,2400000,0xe0000
1781191851,63.1,2400000,0xe0000
1781191852,62.0,2400000,0xe0000
1781191853,62.6,2400000,0xe0000
1781191854,62.0,2400000,0xe0000
1781191855,62.0,2400000,0xe0000
1781191856,63.1,2400000,0xe0000
1781191857,62.0,2400000,0xe0000
1781191858,63.1,2400000,0xe0000
1781191859,63.1,2400000,0xe0000
1781191860,62.6,2400000,0xe0000
1781191861,63.1,2400000,0xe0000
1781191862,62.6,2400000,0xe0000
1781191863,63.7,2400000,0xe0000
1781191864,63.7,2400000,0xe0000
1781191865,63.1,2400000,0xe0000
1781191866,63.1,2400000,0xe0000
1781191867,62.6,2400000,0xe0000
1781191868,62.6,2400000,0xe0000
1781191869,62.0,2400000,0xe0000
1781191870,63.1,2400000,0xe0000
1781191872,63.1,2400000,0xe0000
1781191873,62.6,2400000,0xe0000
1781191874,63.1,2400000,0xe0000
1781191875,62.0,2400000,0xe0000
1781191876,62.6,2400000,0xe0000
1781191877,63.7,2400000,0xe0000
1781191878,62.6,2400000,0xe0000
1781191879,62.6,2400000,0xe0000
1781191880,63.7,2400000,0xe0000
1781191881,62.6,2400000,0xe0000
1781191882,61.5,2400000,0xe0000
1781191883,63.1,2400000,0xe0000
1781191884,62.0,2400000,0xe0000
1781191885,62.6,2400000,0xe0000
1781191886,63.1,2400000,0xe0000
1781191887,63.1,2400000,0xe0000
1781191888,63.7,2400000,0xe0000
1781191889,63.1,2400000,0xe0000
1781191890,63.7,2400000,0xe0000
1781191891,63.1,2400000,0xe0000
1781191892,63.1,2400000,0xe0000
1781191893,63.1,2400000,0xe0000
1781191895,63.7,2400000,0xe0000
1781191896,62.0,2400000,0xe0000
1781191897,61.5,2400000,0xe0000
1781191898,62.0,2400000,0xe0000
1781191899,63.1,2400000,0xe0000
1781191900,62.6,2400000,0xe0000
1781191901,62.6,2400000,0xe0000
1781191902,62.6,2400000,0xe0000
1781191903,63.1,2400000,0xe0000
1781191904,63.1,2400000,0xe0000
1781191905,62.0,2400000,0xe0000
1781191906,62.6,2400000,0xe0000
1781191907,63.1,2400000,0xe0000
1781191908,62.6,2400000,0xe0000
1781191909,63.1,2400000,0xe0000
1781191910,63.1,2400000,0xe0000
1781191911,63.1,2400000,0xe0000
1781191912,63.1,2400000,0xe0000
1781191913,63.1,2400000,0xe0000
1781191914,63.7,2400000,0xe0000
1781191915,63.1,2400000,0xe0000
1781191916,63.1,2400000,0xe0000
1781191917,63.1,2400000,0xe0000
1781191918,63.7,2400000,0xe0000
1781191919,63.1,2400000,0xe0000
1781191920,62.0,2400000,0xe0000
1781191921,63.7,2400000,0xe0000
1781191922,63.1,2400000,0xe0000
1781191923,63.1,2400000,0xe0000
1781191924,60.9,2400000,0xe0000
1781191925,62.6,2400000,0xe0000
1781191926,62.0,2400000,0xe0000
1781191927,63.1,2400000,0xe0000
1781191928,63.1,2400000,0xe0000
1781191929,63.1,2400000,0xe0000
1781191931,62.6,2400000,0xe0000
1781191932,62.0,2400000,0xe0000
1781191933,63.1,2400000,0xe0000
1781191934,63.1,2400000,0xe0000
1781191935,62.6,2400000,0xe0000
1781191936,63.1,2400000,0xe0000
1781191937,63.1,2400000,0xe0000
1781191938,62.6,2400000,0xe0000
1781191939,63.1,2400000,0xe0000
1781191940,62.0,2400000,0xe0000
1781191941,62.0,2400000,0xe0000
1781191942,63.1,2400000,0xe0000
1781191943,62.6,2400000,0xe0000
1781191944,63.1,2400000,0xe0000
1781191945,61.5,2400000,0xe0000
1781191946,63.7,2400000,0xe0000
1781191947,62.6,2400000,0xe0000
1781191948,63.1,2400000,0xe0000
1781191949,63.7,2400000,0xe0000
1781191950,63.1,2400000,0xe0000
1781191951,62.6,2400000,0xe0000
1781191952,62.0,2400000,0xe0000
1781191953,62.6,2400000,0xe0000
1781191954,63.1,2400000,0xe0000
1781191955,63.1,2400000,0xe0000
1781191957,62.0,2400000,0xe0000
1781191958,63.1,2400000,0xe0000
1781191959,63.7,2400000,0xe0000
1781191960,62.6,2400000,0xe0000
1781191961,62.6,2400000,0xe0000
1781191962,63.1,2400000,0xe0000
1781191963,62.6,2400000,0xe0000
1781191964,63.1,2400000,0xe0000
1781191965,63.1,2400000,0xe0000
1781191966,62.6,2400000,0xe0000
1781191967,62.6,2400000,0xe0000
1781191968,62.6,2400000,0xe0000
1781191969,63.1,2400000,0xe0000
1781191970,63.1,2400000,0xe0000
1781191971,62.0,2400000,0xe0000
1781191972,63.7,2400000,0xe0000
1781191973,62.6,2400000,0xe0000
1781191974,62.0,2400000,0xe0000
1781191975,63.1,2400000,0xe0000
1781191976,62.6,2400000,0xe0000
1781191977,63.7,2400000,0xe0000
1781191978,63.1,2400000,0xe0000
1781191979,63.1,2400000,0xe0000
1781191980,63.7,2400000,0xe0000
1781191981,62.0,2400000,0xe0000
1781191982,63.7,2400000,0xe0000
1781191983,63.1,2400000,0xe0000
1781191984,63.1,2400000,0xe0000
1781191985,63.1,2400000,0xe0000
1781191986,63.1,2400000,0xe0000
1781191987,63.1,2400000,0xe0000
1781191988,62.6,2400000,0xe0000
1781191990,62.6,2400000,0xe0000
1781191991,62.0,2400000,0xe0000
1781191992,62.0,2400000,0xe0000
1781191993,63.1,2400000,0xe0000
1781191994,62.6,2400000,0xe0000
1781191995,63.7,2400000,0xe0000
1781191996,62.0,2400000,0xe0000
1781191997,62.0,2400000,0xe0000
1781191998,62.0,2400000,0xe0000
1781191999,63.1,2400000,0xe0000
1781192000,63.1,2400000,0xe0000
1781192001,63.1,2400000,0xe0000
1781192002,63.1,2400000,0xe0000
1781192003,63.1,2400000,0xe0000
1781192004,63.1,2400000,0xe0000
1781192005,62.6,2400000,0xe0000
1781192006,62.6,2400000,0xe0000
1781192007,63.1,2400000,0xe0000
1781192008,62.0,2400000,0xe0000
1781192009,62.0,2400000,0xe0000
1781192010,62.0,2400000,0xe0000
1781192011,62.0,2400000,0xe0000
1781192012,62.0,2400000,0xe0000
1781192013,62.6,2400000,0xe0000
1781192014,63.1,2400000,0xe0000
1781192015,63.1,2400000,0xe0000
1781192016,62.0,2400000,0xe0000
1781192017,63.1,2400000,0xe0000
1781192018,63.1,2400000,0xe0000
1781192019,61.5,2400000,0xe0000
1781192020,62.6,2400000,0xe0000
1781192022,61.5,2400000,0xe0000
1781192023,63.7,2400000,0xe0000
1781192024,63.1,2400000,0xe0000
1781192025,63.1,2400000,0xe0000
1781192026,63.1,2400000,0xe0000
1781192027,63.1,2400000,0xe0000
1781192028,62.6,2400000,0xe0000
1781192029,62.0,2400000,0xe0000
1781192030,62.6,2400000,0xe0000
1781192031,63.1,2400000,0xe0000
1781192032,62.6,2400000,0xe0000
1781192033,62.6,2400000,0xe0000
1781192034,63.1,2400000,0xe0000
1781192035,62.6,2400000,0xe0000
1781192036,63.7,2400000,0xe0000
1781192037,62.6,2400000,0xe0000
1781192038,63.1,2400000,0xe0000
1781192039,62.6,2400000,0xe0000
1781192040,63.1,2400000,0xe0000
1781192041,62.0,2400000,0xe0000
1781192042,62.0,2400000,0xe0000
1781192044,61.5,2400000,0xe0000
1781192045,62.0,2400000,0xe0000
1781192046,63.7,2400000,0xe0000
1781192047,62.6,2400000,0xe0000
1781192048,62.0,2400000,0xe0000
1781192049,63.1,2400000,0xe0000
1781192050,62.6,2400000,0xe0000
1781192051,63.7,2400000,0xe0000
1781192052,63.1,2400000,0xe0000
1781192053,62.6,2400000,0xe0000
1781192054,62.6,2400000,0xe0000
1781192055,62.0,2400000,0xe0000
1781192056,62.0,2400000,0xe0000
1781192057,62.0,2400000,0xe0000
1781192058,62.6,2400000,0xe0000
1781192059,63.1,2400000,0xe0000
1781192060,63.1,2400000,0xe0000
1781192061,63.1,2400000,0xe0000
1781192062,62.6,2400000,0xe0000
1781192063,62.6,2400000,0xe0000
1781192064,63.1,2400000,0xe0000
1781192065,63.1,2400000,0xe0000
1781192066,62.6,2400000,0xe0000
1781192067,62.6,2400000,0xe0000
1781192068,63.1,2400000,0xe0000
1781192069,63.1,2400000,0xe0000
1781192070,62.0,2400000,0xe0000
1781192071,62.0,2400000,0xe0000
1781192072,62.6,2400000,0xe0000
1781192073,62.6,2400000,0xe0000
1781192074,63.1,2400000,0xe0000
1781192076,62.6,2400000,0xe0000
1781192077,62.6,2400000,0xe0000
1781192078,63.1,2400000,0xe0000
1781192079,62.0,2400000,0xe0000
1781192080,62.6,2400000,0xe0000
1781192081,63.1,2400000,0xe0000
1781192082,62.6,2400000,0xe0000
1781192083,61.5,2400000,0xe0000
1781192084,63.1,2400000,0xe0000
1781192085,62.6,2400000,0xe0000
1781192086,62.6,2400000,0xe0000
1781192087,62.0,2400000,0xe0000
1781192088,62.6,2400000,0xe0000
1781192089,62.6,2400000,0xe0000
1781192090,63.1,2400000,0xe0000
1781192091,62.0,2400000,0xe0000
1781192092,62.0,2400000,0xe0000
1781192093,62.6,2400000,0xe0000
1781192094,62.0,2400000,0xe0000
1781192095,63.1,2400000,0xe0000
1781192096,62.0,2400000,0xe0000
1781192097,63.1,2400000,0xe0000
1781192098,62.0,2400000,0xe0000
1781192099,63.1,2400000,0xe0000
1781192100,63.1,2400000,0xe0000
1781192101,62.6,2400000,0xe0000
1781192103,63.1,2400000,0xe0000
1781192104,62.0,2400000,0xe0000
1781192105,62.0,2400000,0xe0000
1781192106,63.1,2400000,0xe0000
1781192107,62.6,2400000,0xe0000
1781192108,63.7,2400000,0xe0000
1781192109,62.0,2400000,0xe0000
1781192110,62.6,2400000,0xe0000
1781192111,62.6,2400000,0xe0000
1781192112,63.1,2400000,0xe0000
1781192113,62.6,2400000,0xe0000
1781192114,63.7,2400000,0xe0000
1781192115,62.0,2400000,0xe0000
1781192116,62.0,2400000,0xe0000
1781192117,63.1,2400000,0xe0000
1781192118,62.6,2400000,0xe0000
1781192119,62.6,2400000,0xe0000
1781192120,62.6,2400000,0xe0000
1781192121,63.1,2400000,0xe0000
1781192122,62.6,2400000,0xe0000
1781192123,62.6,2400000,0xe0000
1781192124,63.1,2400000,0xe0000
1781192125,62.6,2400000,0xe0000
1781192126,63.1,2400000,0xe0000
1781192127,63.7,2400000,0xe0000
1781192128,63.1,2400000,0xe0000
1781192129,62.6,2400000,0xe0000
1781192131,63.1,2400000,0xe0000
1781192132,62.0,2400000,0xe0000
1781192133,63.1,2400000,0xe0000
1781192134,62.0,2400000,0xe0000
1781192135,62.6,2400000,0xe0000
1781192136,62.0,2400000,0xe0000
1781192137,62.0,2400000,0xe0000
1781192138,62.6,2400000,0xe0000
1781192139,62.0,2400000,0xe0000
1781192140,62.0,2400000,0xe0000
1781192141,62.0,2400000,0xe0000
1781192142,62.6,2400000,0xe0000
1781192143,62.6,2400000,0xe0000
1781192144,62.6,2400000,0xe0000
1781192145,62.6,2400000,0xe0000
1781192146,63.1,2400000,0xe0000
1781192147,62.0,2400000,0xe0000
1781192148,62.6,2400000,0xe0000
1781192149,62.6,2400000,0xe0000
1781192150,62.0,2400000,0xe0000
1781192151,62.6,2400000,0xe0000
1781192152,62.6,2400000,0xe0000
1781192153,62.6,2400000,0xe0000
1781192154,63.1,2400000,0xe0000
1781192155,62.0,2400000,0xe0000
1781192156,62.6,2400000,0xe0000
1781192157,62.6,2400000,0xe0000
1781192158,62.6,2400000,0xe0000
1781192159,62.6,2400000,0xe0000
1781192160,62.6,2400000,0xe0000
1781192161,62.6,2400000,0xe0000
1781192162,62.6,2400000,0xe0000
1781192164,62.0,2400000,0xe0000
1781192165,61.5,2400000,0xe0000
1781192166,60.9,2400000,0xe0000
1781192167,61.5,2400000,0xe0000
1781192168,62.6,2400000,0xe0000
1781192169,63.1,2400000,0xe0000
1781192170,63.1,2400000,0xe0000
1781192171,62.0,2400000,0xe0000
1781192172,63.1,2400000,0xe0000
1781192173,62.6,2400000,0xe0000
1781192174,63.1,2400000,0xe0000
1781192175,62.6,2400000,0xe0000
1781192176,62.0,2400000,0xe0000
1781192177,63.1,2400000,0xe0000
1781192178,63.1,2400000,0xe0000
1781192179,62.0,2400000,0xe0000
1781192180,63.7,2400000,0xe0000
1781192181,62.0,2400000,0xe0000
1781192182,63.1,2400000,0xe0000
1781192183,62.6,2400000,0xe0000
1781192184,62.6,2400000,0xe0000
1781192185,62.0,2400000,0xe0000
1781192186,62.6,2400000,0xe0000
1781192187,62.0,2400000,0xe0000
1781192188,62.6,2400000,0xe0000
1781192189,62.6,2400000,0xe0000
1781192190,63.7,2400000,0xe0000
1781192191,63.1,2400000,0xe0000
1781192192,62.6,2400000,0xe0000
1781192194,62.6,2400000,0xe0000
1781192195,62.6,2400000,0xe0000
1781192196,62.6,2400000,0xe0000
1781192197,63.1,2400000,0xe0000
1781192198,63.1,2400000,0xe0000
1781192199,63.1,2400000,0xe0000
1781192200,63.1,2400000,0xe0000
1781192201,63.1,2400000,0xe0000
1781192202,62.6,2400000,0xe0000
1781192203,62.6,2400000,0xe0000
1781192204,63.1,2400000,0xe0000
1781192205,62.0,2400000,0xe0000
1781192206,63.1,2400000,0xe0000
1781192207,63.1,2400000,0xe0000
1781192208,63.1,2400000,0xe0000
1781192209,62.0,2400000,0xe0000
1781192210,62.0,2400000,0xe0000
1781192211,62.0,2400000,0xe0000
1781192212,62.6,2400000,0xe0000
1781192213,63.1,2400000,0xe0000
1781192214,63.1,2400000,0xe0000
1781192215,62.6,2400000,0xe0000
1781192216,62.6,2400000,0xe0000
1781192217,62.6,2400000,0xe0000
1781192218,63.1,2400000,0xe0000
1781192219,62.6,2400000,0xe0000
1781192220,62.6,2400000,0xe0000
1781192221,62.6,2400000,0xe0000
1781192222,62.6,2400000,0xe0000
1781192223,62.6,2400000,0xe0000
1781192224,62.6,2400000,0xe0000
1781192225,63.1,2400000,0xe0000
1781192226,62.6,2400000,0xe0000
1781192228,62.0,2400000,0xe0000
1781192229,62.6,2400000,0xe0000
1781192230,62.0,2400000,0xe0000
1781192231,62.0,2400000,0xe0000
1781192232,62.6,2400000,0xe0000
1781192233,62.0,2400000,0xe0000
1781192234,63.1,2400000,0xe0000
1781192235,62.0,2400000,0xe0000
1781192236,62.6,2400000,0xe0000
1781192237,62.6,2400000,0xe0000
1781192238,62.0,2400000,0xe0000
1781192239,61.5,2400000,0xe0000
1781192240,63.1,2400000,0xe0000
1781192241,62.6,2400000,0xe0000
1781192242,62.0,2400000,0xe0000
1781192243,62.6,2400000,0xe0000
1781192244,62.0,2400000,0xe0000
1781192245,62.6,2400000,0xe0000
1781192246,63.1,2400000,0xe0000
1781192247,62.6,2400000,0xe0000
1781192248,62.6,2400000,0xe0000
1781192249,62.0,2400000,0xe0000
1781192250,62.0,2400000,0xe0000
1781192251,62.6,2400000,0xe0000
1781192253,63.1,2400000,0xe0000
1781192254,63.1,2400000,0xe0000
1781192255,62.0,2400000,0xe0000
1781192256,62.6,2400000,0xe0000
1781192257,62.0,2400000,0xe0000
1781192258,62.6,2400000,0xe0000
1781192259,62.0,2400000,0xe0000
1781192260,62.6,2400000,0xe0000
1781192261,62.6,2400000,0xe0000
1781192262,63.1,2400000,0xe0000
1781192263,61.5,2400000,0xe0000
1781192264,63.1,2400000,0xe0000
1781192265,63.1,2400000,0xe0000
1781192266,62.0,2400000,0xe0000
1781192267,63.7,2400000,0xe0000
1781192268,62.6,2400000,0xe0000
1781192269,63.1,2400000,0xe0000
1781192270,63.1,2400000,0xe0000
1781192271,62.0,2400000,0xe0000
1781192272,62.0,2400000,0xe0000
1781192273,61.5,2400000,0xe0000
1781192274,62.6,2400000,0xe0000
1781192275,63.7,2400000,0xe0000
1781192276,63.1,2400000,0xe0000
1781192277,63.1,2400000,0xe0000
1781192278,63.1,2400000,0xe0000
1781192279,63.1,2400000,0xe0000
1781192281,63.1,2400000,0xe0000
1781192282,62.0,2400000,0xe0000
1781192283,62.6,2400000,0xe0000
1781192284,62.0,2400000,0xe0000
1781192285,62.0,2400000,0xe0000
1781192286,62.6,2400000,0xe0000
1781192287,62.6,2400000,0xe0000
1781192288,63.1,2400000,0xe0000
1781192289,63.7,2400000,0xe0000
1781192290,63.1,2400000,0xe0000
1781192291,62.0,2400000,0xe0000
1781192292,62.6,2400000,0xe0000
1781192293,62.6,2400000,0xe0000
1781192294,62.0,2400000,0xe0000
1781192295,62.0,2400000,0xe0000
1781192296,62.6,2400000,0xe0000
1781192297,62.6,2400000,0xe0000
1781192298,63.1,2400000,0xe0000
1781192299,62.6,2400000,0xe0000
1781192300,62.0,2400000,0xe0000
1781192301,61.5,2400000,0xe0000
1781192302,63.1,2400000,0xe0000
1781192303,63.1,2400000,0xe0000
1781192304,62.6,2400000,0xe0000
1781192305,63.1,2400000,0xe0000
1781192306,62.0,2400000,0xe0000
1781192307,63.1,2400000,0xe0000
1781192308,62.0,2400000,0xe0000
1781192309,62.6,2400000,0xe0000
1781192311,63.1,2400000,0xe0000
1781192312,63.1,2400000,0xe0000
1781192313,62.0,2400000,0xe0000
1781192314,63.1,2400000,0xe0000
1781192315,63.1,2400000,0xe0000
1781192316,63.1,2400000,0xe0000
1781192317,63.1,2400000,0xe0000
1781192318,62.0,2400000,0xe0000
1781192319,62.0,2400000,0xe0000
1781192320,61.5,2400000,0xe0000
1781192321,63.1,2400000,0xe0000
1781192322,62.6,2400000,0xe0000
1781192323,63.1,2400000,0xe0000
1781192324,63.1,2400000,0xe0000
1781192325,63.1,2400000,0xe0000
1781192326,62.0,2400000,0xe0000
1781192327,62.0,2400000,0xe0000
1781192328,62.6,2400000,0xe0000
1781192329,62.0,2400000,0xe0000
1781192330,62.6,2400000,0xe0000
1781192331,63.1,2400000,0xe0000
1781192332,62.0,2400000,0xe0000
1781192333,62.6,2400000,0xe0000
1781192334,62.6,2400000,0xe0000
1781192335,63.7,2400000,0xe0000
1781192336,62.6,2400000,0xe0000
1781192337,63.7,2400000,0xe0000
1781192338,62.0,2400000,0xe0000
1781192339,62.6,2400000,0xe0000
1781192340,63.1,2400000,0xe0000
1781192341,62.6,2400000,0xe0000
1781192342,62.6,2400000,0xe0000
1781192343,62.6,2400000,0xe0000
1781192344,62.0,2400000,0xe0000
1781192345,62.6,2400000,0xe0000
1781192347,62.6,2400000,0xe0000
1781192348,62.6,2400000,0xe0000
1781192349,62.6,2400000,0xe0000
1781192350,63.1,2400000,0xe0000
1781192351,62.0,2400000,0xe0000
1781192352,62.6,2400000,0xe0000
1781192353,62.0,2400000,0xe0000
1781192354,62.6,2400000,0xe0000
1781192355,62.6,2400000,0xe0000
1781192356,62.0,2400000,0xe0000
1781192357,63.1,2400000,0xe0000
1781192358,62.0,2400000,0xe0000
1781192359,62.6,2400000,0xe0000
1781192360,63.7,2400000,0xe0000
1781192361,62.6,2400000,0xe0000
1781192362,62.6,2400000,0xe0000
1781192363,62.0,2400000,0xe0000
1781192364,62.6,2400000,0xe0000
1781192365,61.5,2400000,0xe0000
1781192366,62.0,2400000,0xe0000
1781192367,63.1,2400000,0xe0000
1781192369,63.7,2400000,0xe0000
1781192370,63.1,2400000,0xe0000
1781192371,62.6,2400000,0xe0000
1781192372,63.1,2400000,0xe0000
1781192373,62.6,2400000,0xe0000
1781192374,62.0,2400000,0xe0000
1781192375,62.0,2400000,0xe0000
1781192376,63.1,2400000,0xe0000
1781192377,62.6,2400000,0xe0000
1781192378,63.1,2400000,0xe0000
1781192379,62.6,2400000,0xe0000
1781192380,63.1,2400000,0xe0000
1781192381,63.1,2400000,0xe0000
1781192382,62.0,2400000,0xe0000
1781192383,62.0,2400000,0xe0000
1781192384,63.1,2400000,0xe0000
1781192385,63.7,2400000,0xe0000
1781192386,63.1,2400000,0xe0000
1781192387,62.6,2400000,0xe0000
1781192388,62.6,2400000,0xe0000
1781192389,63.7,2400000,0xe0000
1781192390,62.6,2400000,0xe0000
1781192391,63.1,2400000,0xe0000
1781192392,63.1,2400000,0xe0000
1781192393,62.0,2400000,0xe0000
1781192394,63.1,2400000,0xe0000
1781192395,63.1,2400000,0xe0000
1781192396,63.1,2400000,0xe0000
1781192397,62.6,2400000,0xe0000
1781192398,63.7,2400000,0xe0000
1781192399,63.1,2400000,0xe0000
1781192400,62.0,2400000,0xe0000
1781192401,62.6,2400000,0xe0000
1781192402,62.6,2400000,0xe0000
1781192403,62.0,2400000,0xe0000
1781192404,62.0,2400000,0xe0000
1781192405,62.6,2400000,0xe0000
1781192406,62.0,2400000,0xe0000
1781192408,63.1,2400000,0xe0000
1781192409,62.0,2400000,0xe0000
1781192410,62.6,2400000,0xe0000
1781192411,62.6,2400000,0xe0000
1781192412,62.6,2400000,0xe0000
1781192413,63.1,2400000,0xe0000
1781192414,61.5,2400000,0xe0000
1781192415,62.0,2400000,0xe0000
1781192416,63.1,2400000,0xe0000
1781192417,62.0,2400000,0xe0000
1781192418,62.6,2400000,0xe0000
1781192419,61.5,2400000,0xe0000
1781192420,62.6,2400000,0xe0000
1781192421,62.0,2400000,0xe0000
1781192422,62.6,2400000,0xe0000
1781192423,62.0,2400000,0xe0000
1781192424,62.0,2400000,0xe0000
1781192425,62.6,2400000,0xe0000
1781192426,62.6,2400000,0xe0000
1781192427,62.0,2400000,0xe0000
1781192428,62.6,2400000,0xe0000
1781192429,62.6,2400000,0xe0000
1781192430,62.0,2400000,0xe0000
1781192431,63.1,2400000,0xe0000
1781192432,62.0,2400000,0xe0000
1781192433,62.6,2400000,0xe0000
1781192434,63.7,2400000,0xe0000
1781192435,62.6,2400000,0xe0000
1781192436,61.5,2400000,0xe0000
1781192437,62.0,2400000,0xe0000
1781192438,62.6,2400000,0xe0000
1781192439,63.1,2400000,0xe0000
1781192440,62.6,2400000,0xe0000
1781192441,62.6,2400000,0xe0000
1781192442,62.0,2400000,0xe0000
1781192444,62.6,2400000,0xe0000
1781192445,62.6,2400000,0xe0000
1781192446,62.6,2400000,0xe0000
1781192447,63.1,2400000,0xe0000
1781192448,62.0,2400000,0xe0000
1781192449,62.6,2400000,0xe0000
1781192450,63.1,2400000,0xe0000
1781192451,62.6,2400000,0xe0000
1781192452,62.0,2400000,0xe0000
1781192453,62.6,2400000,0xe0000
1781192454,62.0,2400000,0xe0000
1781192455,62.6,2400000,0xe0000
1781192456,62.0,2400000,0xe0000
1781192457,62.0,2400000,0xe0000
1781192458,63.1,2400000,0xe0000
1781192459,62.6,2400000,0xe0000
1781192460,62.0,2400000,0xe0000
1781192461,62.0,2400000,0xe0000
1781192462,62.0,2400000,0xe0000
1781192463,62.6,2400000,0xe0000
1781192464,63.1,2400000,0xe0000
1781192465,61.5,2400000,0xe0000
1781192466,62.6,2400000,0xe0000
1781192467,62.6,2400000,0xe0000
1781192468,62.6,2400000,0xe0000
1781192469,62.0,2400000,0xe0000
1781192470,62.6,2400000,0xe0000
1781192471,62.0,2400000,0xe0000
1781192472,62.0,2400000,0xe0000
1781192474,61.5,2400000,0xe0000
1781192475,62.0,2400000,0xe0000
1781192476,63.1,2400000,0xe0000
1781192477,63.1,2400000,0xe0000
1781192478,63.1,2400000,0xe0000
1781192479,61.5,2400000,0xe0000
1781192480,62.0,2400000,0xe0000
1781192481,62.6,2400000,0xe0000
1781192482,61.5,2400000,0xe0000
1781192483,62.6,2400000,0xe0000
1781192484,62.0,2400000,0xe0000
1781192485,60.9,2400000,0xe0000
1781192486,61.5,2400000,0xe0000
1781192487,62.6,2400000,0xe0000
1781192488,62.0,2400000,0xe0000
1781192489,63.1,2400000,0xe0000
1781192490,62.6,2400000,0xe0000
1781192491,63.1,2400000,0xe0000
1781192492,63.1,2400000,0xe0000
1781192493,62.6,2400000,0xe0000
1781192495,62.6,2400000,0xe0000
1781192496,62.6,2400000,0xe0000
1781192497,63.7,2400000,0xe0000
1781192498,62.0,2400000,0xe0000
1781192499,62.0,2400000,0xe0000
1781192500,62.0,2400000,0xe0000
1781192501,62.0,2400000,0xe0000
1781192502,62.6,2400000,0xe0000
1781192503,62.0,2400000,0xe0000
1781192504,62.0,2400000,0xe0000
1781192505,63.1,2400000,0xe0000
1781192506,63.1,2400000,0xe0000
1781192507,63.1,2400000,0xe0000
1781192508,63.1,2400000,0xe0000
1781192509,63.1,2400000,0xe0000
1781192510,62.0,2400000,0xe0000
1781192511,62.0,2400000,0xe0000
1781192512,62.6,2400000,0xe0000
1781192513,62.6,2400000,0xe0000
1781192514,62.0,2400000,0xe0000
1781192515,62.6,2400000,0xe0000
1781192516,62.0,2400000,0xe0000
1781192517,62.0,2400000,0xe0000
1781192518,62.6,2400000,0xe0000
1781192519,62.6,2400000,0xe0000
1781192520,62.6,2400000,0xe0000
1781192521,63.7,2400000,0xe0000
1781192522,61.5,2400000,0xe0000
1781192523,62.0,2400000,0xe0000
1781192524,62.6,2400000,0xe0000
1781192525,62.0,2400000,0xe0000
1781192526,62.0,2400000,0xe0000
1781192527,62.6,2400000,0xe0000
1781192529,60.4,2400000,0xe0000
1781192530,62.6,2400000,0xe0000
1781192531,62.6,2400000,0xe0000
1781192532,62.6,2400000,0xe0000
1781192533,62.6,2400000,0xe0000
1781192534,63.1,2400000,0xe0000
1781192535,61.5,2400000,0xe0000
1781192536,63.1,2400000,0xe0000
1781192537,62.0,2400000,0xe0000
1781192538,62.6,2400000,0xe0000
1781192539,63.7,2400000,0xe0000
1781192540,62.0,2400000,0xe0000
1781192541,63.1,2400000,0xe0000
1781192542,63.1,2400000,0xe0000
1781192543,63.1,2400000,0xe0000
1781192544,62.6,2400000,0xe0000
1781192545,62.0,2400000,0xe0000
1781192546,62.6,2400000,0xe0000
1781192547,63.1,2400000,0xe0000
1781192548,62.6,2400000,0xe0000
1781192549,62.0,2400000,0xe0000
1781192550,62.6,2400000,0xe0000
1781192551,63.1,2400000,0xe0000
1781192552,62.0,2400000,0xe0000
1781192553,62.0,2400000,0xe0000
1781192554,62.0,2400000,0xe0000
1781192555,62.0,2400000,0xe0000
1781192556,62.0,2400000,0xe0000
1781192557,62.6,2400000,0xe0000
1781192558,62.6,2400000,0xe0000
1781192559,62.6,2400000,0xe0000
1781192560,63.1,2400000,0xe0000
1781192561,62.6,2400000,0xe0000
1781192562,61.5,2400000,0xe0000
1781192563,62.6,2400000,0xe0000
1781192564,62.6,2400000,0xe0000
1781192565,61.5,2400000,0xe0000
1781192566,61.5,2400000,0xe0000
1781192567,62.0,2400000,0xe0000
1781192568,62.0,2400000,0xe0000
1781192569,63.1,2400000,0xe0000
1781192570,62.6,2400000,0xe0000
1781192572,63.1,2400000,0xe0000
1781192573,62.6,2400000,0xe0000
1781192574,62.0,2400000,0xe0000
1781192575,63.1,2400000,0xe0000
1781192576,62.6,2400000,0xe0000
1781192577,62.6,2400000,0xe0000
1781192578,62.0,2400000,0xe0000
1781192579,62.0,2400000,0xe0000
1781192580,63.1,2400000,0xe0000
1781192581,60.9,2400000,0xe0000
1781192582,62.6,2400000,0xe0000
1781192583,63.1,2400000,0xe0000
1781192584,62.0,2400000,0xe0000
1781192585,62.0,2400000,0xe0000
1781192586,63.1,2400000,0xe0000
1781192587,62.0,2400000,0xe0000
1781192588,61.5,2400000,0xe0000
1781192589,62.0,2400000,0xe0000
1781192590,62.0,2400000,0xe0000
1781192591,62.0,2400000,0xe0000
1781192592,61.5,2400000,0xe0000
1781192593,61.5,2400000,0xe0000
1781192594,62.0,2400000,0xe0000
1781192595,61.5,2400000,0xe0000
1781192596,62.6,2400000,0xe0000
1781192597,62.6,2400000,0xe0000
1781192598,62.6,2400000,0xe0000
1781192600,61.5,2400000,0xe0000
1781192601,62.6,2400000,0xe0000
1781192602,62.6,2400000,0xe0000
1781192603,62.6,2400000,0xe0000
1781192604,62.6,2400000,0xe0000
1781192605,62.0,2400000,0xe0000
1781192606,62.0,2400000,0xe0000
1781192607,62.6,2400000,0xe0000
1781192608,63.1,2400000,0xe0000
1781192609,62.6,2400000,0xe0000
1781192610,63.1,2400000,0xe0000
1781192611,63.1,2400000,0xe0000
1781192612,62.6,2400000,0xe0000
1781192613,62.0,2400000,0xe0000
1781192614,62.6,2400000,0xe0000
1781192615,62.6,2400000,0xe0000
1781192616,63.1,2400000,0xe0000
1781192617,62.6,2400000,0xe0000
1781192618,62.0,2400000,0xe0000
1781192619,62.0,2400000,0xe0000
1781192620,62.6,2400000,0xe0000
1781192621,62.6,2400000,0xe0000
1781192622,62.6,2400000,0xe0000
1781192623,62.0,2400000,0xe0000
1781192624,62.6,2400000,0xe0000
1781192626,61.5,2400000,0xe0000
1781192627,61.5,2400000,0xe0000
1781192628,62.0,2400000,0xe0000
1781192629,62.0,2400000,0xe0000
1781192630,62.6,2400000,0xe0000
1781192631,62.0,2400000,0xe0000
1781192632,62.6,2400000,0xe0000
1781192633,63.1,2400000,0xe0000
1781192634,62.6,2400000,0xe0000
1781192635,63.1,2400000,0xe0000
1781192636,62.6,2400000,0xe0000
1781192637,62.6,2400000,0xe0000
1781192638,63.1,2400000,0xe0000
1781192639,62.0,2400000,0xe0000
1781192640,62.6,2400000,0xe0000
1781192641,62.6,2400000,0xe0000
1781192642,62.6,2400000,0xe0000
1781192643,62.6,2400000,0xe0000
1781192644,62.6,2400000,0xe0000
1781192645,63.1,2400000,0xe0000
1781192646,62.6,2400000,0xe0000
1781192647,62.6,2400000,0xe0000
1781192648,62.0,2400000,0xe0000
1781192649,63.1,2400000,0xe0000
1781192650,63.1,2400000,0xe0000
1781192651,63.1,2400000,0xe0000
1781192652,62.6,2400000,0xe0000
1781192653,63.1,2400000,0xe0000
1781192654,63.1,2400000,0xe0000
1781192655,63.1,2400000,0xe0000
1781192656,63.1,2400000,0xe0000
1781192657,63.1,2400000,0xe0000
1781192658,62.0,2400000,0xe0000
1781192659,62.6,2400000,0xe0000
1781192660,63.1,2400000,0xe0000
1781192661,62.6,2400000,0xe0000
1781192662,62.6,2400000,0xe0000
1781192663,62.6,2400000,0xe0000
1781192664,62.6,2400000,0xe0000
1781192665,63.1,2400000,0xe0000
1781192667,62.6,2400000,0xe0000
1781192668,62.6,2400000,0xe0000
1781192669,62.6,2400000,0xe0000
1781192670,62.6,2400000,0xe0000
1781192671,62.0,2400000,0xe0000
1781192672,62.0,2400000,0xe0000
1781192673,62.6,2400000,0xe0000
1781192674,62.6,2400000,0xe0000
1781192675,61.5,2400000,0xe0000
1781192676,61.5,2400000,0xe0000
1781192677,62.6,2400000,0xe0000
1781192678,61.5,2400000,0xe0000
1781192679,62.6,2400000,0xe0000
1781192680,62.0,2400000,0xe0000
1781192681,62.6,2400000,0xe0000
1781192682,62.6,2400000,0xe0000
1781192683,63.1,2400000,0xe0000
1781192684,63.1,2400000,0xe0000
1781192685,60.9,2400000,0xe0000
1781192686,62.6,2400000,0xe0000
1781192687,61.5,2400000,0xe0000
1781192688,62.6,2400000,0xe0000
1781192689,62.0,2400000,0xe0000
1781192690,63.1,2400000,0xe0000
1781192691,63.1,2400000,0xe0000
1781192692,62.0,2400000,0xe0000
1781192693,62.6,2400000,0xe0000
1781192694,62.0,2400000,0xe0000
1781192695,62.6,2400000,0xe0000
1781192696,63.1,2400000,0xe0000
1781192698,62.6,2400000,0xe0000
1781192699,62.6,2400000,0xe0000
1781192700,63.1,2400000,0xe0000
1781192701,62.6,2400000,0xe0000
1781192702,63.1,2400000,0xe0000
1781192703,62.6,2400000,0xe0000
1781192704,63.1,2400000,0xe0000
1781192705,62.0,2400000,0xe0000
1781192706,63.1,2400000,0xe0000
1781192707,62.6,2400000,0xe0000
1781192708,62.6,2400000,0xe0000
1781192709,62.6,2400000,0xe0000
1781192710,62.6,2400000,0xe0000
1781192711,62.6,2400000,0xe0000
1781192712,63.1,2400000,0xe0000
1781192713,62.6,2400000,0xe0000
1781192714,62.6,2400000,0xe0000
1781192715,63.1,2400000,0xe0000
1781192716,61.5,2400000,0xe0000
1781192717,62.0,2400000,0xe0000
1781192718,62.6,2400000,0xe0000
1781192719,63.1,2400000,0xe0000
1781192720,62.6,2400000,0xe0000
1781192721,62.6,2400000,0xe0000
1781192723,63.1,2400000,0xe0000
1781192724,62.0,2400000,0xe0000
1781192725,62.6,2400000,0xe0000
1781192726,62.0,2400000,0xe0000
1781192727,62.6,2400000,0xe0000
1781192728,62.0,2400000,0xe0000
1781192729,63.1,2400000,0xe0000
1781192730,62.6,2400000,0xe0000
1781192731,62.0,2400000,0xe0000
1781192732,62.0,2400000,0xe0000
1781192733,62.6,2400000,0xe0000
1781192734,62.0,2400000,0xe0000
1781192735,62.6,2400000,0xe0000
1781192736,62.6,2400000,0xe0000
1781192737,62.0,2400000,0xe0000
1781192738,61.5,2400000,0xe0000
1781192739,62.6,2400000,0xe0000
1781192740,62.6,2400000,0xe0000
1781192741,63.1,2400000,0xe0000
1781192742,62.6,2400000,0xe0000
1781192743,62.6,2400000,0xe0000
1781192744,63.1,2400000,0xe0000
1781192745,62.0,2400000,0xe0000
1781192746,62.0,2400000,0xe0000
1781192747,62.0,2400000,0xe0000
1781192748,62.6,2400000,0xe0000
1781192750,62.6,2400000,0xe0000
1781192751,62.0,2400000,0xe0000
1781192752,62.0,2400000,0xe0000
1781192753,62.0,2400000,0xe0000
1781192754,62.0,2400000,0xe0000
1781192755,63.7,2400000,0xe0000
1781192756,62.6,2400000,0xe0000
1781192757,63.7,2400000,0xe0000
1781192758,63.1,2400000,0xe0000
1781192759,63.1,2400000,0xe0000
1781192760,62.6,2400000,0xe0000
1781192761,62.6,2400000,0xe0000
1781192762,62.6,2400000,0xe0000
1781192763,62.0,2400000,0xe0000
1781192764,63.1,2400000,0xe0000
1781192765,63.1,2400000,0xe0000
1781192766,63.1,2400000,0xe0000
1781192767,62.6,2400000,0xe0000
1781192768,61.5,2400000,0xe0000
1781192769,62.6,2400000,0xe0000
1781192770,62.6,2400000,0xe0000
1781192771,62.0,2400000,0xe0000
1781192773,62.0,2400000,0xe0000
1781192774,62.6,2400000,0xe0000
1781192775,62.6,2400000,0xe0000
1781192776,63.1,2400000,0xe0000
1781192777,62.6,2400000,0xe0000
1781192778,62.6,2400000,0xe0000
1781192779,62.6,2400000,0xe0000
1781192780,62.6,2400000,0xe0000
1781192781,62.0,2400000,0xe0000
1781192782,62.6,2400000,0xe0000
1781192783,62.0,2400000,0xe0000
1781192784,63.7,2400000,0xe0000
1781192785,62.6,2400000,0xe0000
1781192786,62.6,2400000,0xe0000
1781192787,62.6,2400000,0xe0000
1781192788,62.6,2400000,0xe0000
1781192789,62.6,2400000,0xe0000
1781192790,63.1,2400000,0xe0000
1781192791,61.5,2400000,0xe0000
1781192792,62.6,2400000,0xe0000
1781192793,62.6,2400000,0xe0000
1781192794,63.1,2400000,0xe0000
1781192795,63.1,2400000,0xe0000
1781192796,63.1,2400000,0xe0000
1781192797,63.1,2400000,0xe0000
1781192798,63.1,2400000,0xe0000
1781192799,62.6,2400000,0xe0000
1781192800,63.1,2400000,0xe0000
1781192801,62.0,2400000,0xe0000
1781192802,62.6,2400000,0xe0000
1781192803,61.5,2400000,0xe0000
1781192804,62.6,2400000,0xe0000
1781192805,63.1,2400000,0xe0000
1781192806,62.0,2400000,0xe0000
1781192807,62.6,2400000,0xe0000
1781192808,62.6,2400000,0xe0000
1781192809,62.0,2400000,0xe0000
1781192811,62.0,2400000,0xe0000
1781192812,62.0,2400000,0xe0000
1781192813,62.6,2400000,0xe0000
1781192814,60.9,2400000,0xe0000
1781192815,62.0,2400000,0xe0000
1781192816,62.0,2400000,0xe0000
1781192817,62.0,2400000,0xe0000
1781192818,62.0,2400000,0xe0000
1781192819,62.6,2400000,0xe0000
1781192820,63.1,2400000,0xe0000
1781192821,62.0,2400000,0xe0000
1781192822,62.0,2400000,0xe0000
1781192823,63.1,2400000,0xe0000
1781192824,63.1,2400000,0xe0000
1781192825,63.1,2400000,0xe0000
1781192826,63.1,2400000,0xe0000
1781192827,62.6,2400000,0xe0000
1781192828,63.1,2400000,0xe0000
1781192829,63.1,2400000,0xe0000
1781192830,63.1,2400000,0xe0000
1781192832,63.1,2400000,0xe0000
1781192833,63.7,2400000,0xe0000
1781192834,63.7,2400000,0xe0000
1781192835,63.1,2400000,0xe0000
1781192836,63.1,2400000,0xe0000
1781192837,62.6,2400000,0xe0000
1781192838,63.1,2400000,0xe0000
1781192839,63.1,2400000,0xe0000
1781192840,63.1,2400000,0xe0000
1781192841,62.6,2400000,0xe0000
1781192842,62.0,2400000,0xe0000
1781192843,63.7,2400000,0xe0000
1781192844,63.1,2400000,0xe0000
1781192845,63.1,2400000,0xe0000
1781192846,62.6,2400000,0xe0000
1781192847,62.0,2400000,0xe0000
1781192848,63.1,2400000,0xe0000
1781192849,63.1,2400000,0xe0000
1781192850,63.7,2400000,0xe0000
1781192851,63.1,2400000,0xe0000
1781192852,62.6,2400000,0xe0000
1781192853,62.0,2400000,0xe0000
1781192854,63.1,2400000,0xe0000
1781192855,61.5,2400000,0xe0000
1781192856,61.5,2400000,0xe0000
1781192857,62.0,2400000,0xe0000
1781192858,62.0,2400000,0xe0000
1781192859,62.6,2400000,0xe0000
1781192860,63.1,2400000,0xe0000
1781192861,63.7,2400000,0xe0000
1781192862,63.1,2400000,0xe0000
1781192863,63.1,2400000,0xe0000
1781192864,63.1,2400000,0xe0000
1781192865,62.6,2400000,0xe0000
1781192867,62.0,2400000,0xe0000
1781192868,62.6,2400000,0xe0000
1781192869,62.0,2400000,0xe0000
1781192870,62.6,2400000,0xe0000
1781192871,63.1,2400000,0xe0000
1781192872,62.0,2400000,0xe0000
1781192873,63.1,2400000,0xe0000
1781192874,63.1,2400000,0xe0000
1781192875,63.7,2400000,0xe0000
1781192876,63.1,2400000,0xe0000
1781192877,63.1,2400000,0xe0000
1781192878,62.6,2400000,0xe0000
1781192879,63.1,2400000,0xe0000
1781192880,62.0,2400000,0xe0000
1781192881,63.7,2400000,0xe0000
1781192882,63.1,2400000,0xe0000
1781192883,63.1,2400000,0xe0000
1781192884,63.1,2400000,0xe0000
1781192885,62.6,2400000,0xe0000
1781192886,63.1,2400000,0xe0000
1781192887,62.0,2400000,0xe0000
1781192888,63.1,2400000,0xe0000
1781192889,63.1,2400000,0xe0000
1781192890,63.1,2400000,0xe0000
1781192891,62.0,2400000,0xe0000
1781192892,63.7,2400000,0xe0000
1781192894,62.0,2400000,0xe0000
1781192895,62.0,2400000,0xe0000
1781192896,63.1,2400000,0xe0000
1781192897,62.6,2400000,0xe0000
1781192898,62.6,2400000,0xe0000
1781192899,61.5,2400000,0xe0000
1781192900,62.6,2400000,0xe0000
1781192901,62.6,2400000,0xe0000
1781192902,62.0,2400000,0xe0000
1781192903,63.1,2400000,0xe0000
1781192904,63.1,2400000,0xe0000
1781192905,63.1,2400000,0xe0000
1781192906,62.6,2400000,0xe0000
1781192907,62.6,2400000,0xe0000
1781192908,62.6,2400000,0xe0000
1781192909,63.1,2400000,0xe0000
1781192910,63.1,2400000,0xe0000
1781192911,63.1,2400000,0xe0000
1781192912,62.0,2400000,0xe0000
1781192913,62.0,2400000,0xe0000
1781192914,62.6,2400000,0xe0000
1781192915,62.6,2400000,0xe0000
1781192916,62.0,2400000,0xe0000
1781192917,62.0,2400000,0xe0000
1781192918,61.5,2400000,0xe0000
1781192919,62.6,2400000,0xe0000
1781192920,62.0,2400000,0xe0000
1781192921,62.0,2400000,0xe0000
1781192922,62.0,2400000,0xe0000
1781192923,63.1,2400000,0xe0000
1781192924,62.6,2400000,0xe0000
1781192925,63.1,2400000,0xe0000
1781192926,62.6,2400000,0xe0000
1781192927,63.7,2400000,0xe0000
1781192928,62.0,2400000,0xe0000
1781192929,62.0,2400000,0xe0000
1781192931,63.1,2400000,0xe0000
1781192932,62.6,2400000,0xe0000
1781192933,63.1,2400000,0xe0000
1781192934,62.6,2400000,0xe0000
1781192935,63.1,2400000,0xe0000
1781192936,63.1,2400000,0xe0000
1781192937,63.1,2400000,0xe0000
1781192938,62.0,2400000,0xe0000
1781192939,62.6,2400000,0xe0000
1781192940,62.0,2400000,0xe0000
1781192941,62.6,2400000,0xe0000
1781192942,62.0,2400000,0xe0000
1781192943,62.0,2400000,0xe0000
1781192944,61.5,2400000,0xe0000
1781192945,61.5,2400000,0xe0000
1781192946,63.1,2400000,0xe0000
1781192947,61.5,2400000,0xe0000
1781192948,63.1,2400000,0xe0000
1781192949,62.6,2400000,0xe0000
1781192950,63.1,2400000,0xe0000
1781192951,62.6,2400000,0xe0000
1781192952,62.6,2400000,0xe0000
1781192953,62.6,2400000,0xe0000
1781192954,63.1,2400000,0xe0000
1781192955,62.0,2400000,0xe0000
1781192956,62.6,2400000,0xe0000
1781192957,62.6,2400000,0xe0000
1781192958,62.6,2400000,0xe0000
1781192959,62.6,2400000,0xe0000
1781192960,62.6,2400000,0xe0000
1781192961,62.0,2400000,0xe0000
1781192962,62.6,2400000,0xe0000
1781192963,63.7,2400000,0xe0000
1781192964,62.6,2400000,0xe0000
1781192965,63.1,2400000,0xe0000
1781192966,63.1,2400000,0xe0000
1781192968,62.6,2400000,0xe0000
1781192969,62.6,2400000,0xe0000
1781192970,63.1,2400000,0xe0000
1781192971,62.0,2400000,0xe0000
1781192972,62.6,2400000,0xe0000
1781192973,62.6,2400000,0xe0000
1781192974,61.5,2400000,0xe0000
1781192975,63.1,2400000,0xe0000
1781192976,60.9,2400000,0xe0000
1781192977,63.1,2400000,0xe0000
1781192978,62.0,2400000,0xe0000
1781192979,63.1,2400000,0xe0000
1781192980,62.6,2400000,0xe0000
1781192981,62.6,2400000,0xe0000
1781192982,62.0,2400000,0xe0000
1781192983,63.1,2400000,0xe0000
1781192984,63.7,2400000,0xe0000
1781192985,62.0,2400000,0xe0000
1781192986,62.6,2400000,0xe0000
1781192987,62.0,2400000,0xe0000
1781192988,62.0,2400000,0xe0000
1781192990,63.1,2400000,0xe0000
1781192991,63.1,2400000,0xe0000
1781192992,62.0,2400000,0xe0000
1781192993,63.1,2400000,0xe0000
1781192994,63.7,2400000,0xe0000
1781192995,62.0,2400000,0xe0000
1781192996,62.0,2400000,0xe0000
1781192997,62.6,2400000,0xe0000
1781192998,62.6,2400000,0xe0000
1781192999,62.6,2400000,0xe0000
1781193000,62.6,2400000,0xe0000
1781193001,62.6,2400000,0xe0000
1781193002,62.0,2400000,0xe0000
1781193003,62.0,2400000,0xe0000
1781193004,62.6,2400000,0xe0000
1781193005,62.0,2400000,0xe0000
1781193006,63.1,2400000,0xe0000
1781193007,62.0,2400000,0xe0000
1781193008,62.0,2400000,0xe0000
1781193009,62.0,2400000,0xe0000
1781193010,62.6,2400000,0xe0000
1781193011,62.6,2400000,0xe0000
1781193012,62.0,2400000,0xe0000
1781193013,62.0,2400000,0xe0000
1781193014,61.5,2400000,0xe0000
1781193015,61.5,2400000,0xe0000
1781193016,60.9,2400000,0xe0000
1781193017,61.5,2400000,0xe0000
1781193018,61.5,2400000,0xe0000
1781193019,61.5,2400000,0xe0000
1781193020,60.9,2400000,0xe0000
1781193021,61.5,2400000,0xe0000
1781193022,60.9,2400000,0xe0000
1781193023,59.3,2400000,0xe0000
1781193024,60.9,2400000,0xe0000
1781193025,60.9,2400000,0xe0000
1781193026,60.9,2400000,0xe0000
1781193028,59.8,2400000,0xe0000
1781193029,60.9,2400000,0xe0000
1781193030,60.9,2400000,0xe0000
1781193031,59.8,2400000,0xe0000
1781193032,60.9,2400000,0xe0000
1781193033,60.9,2400000,0xe0000
1781193034,60.4,2400000,0xe0000
1781193035,60.9,2400000,0xe0000
1781193036,60.4,2400000,0xe0000
1781193037,60.4,2400000,0xe0000
1781193038,60.4,2400000,0xe0000
1781193039,60.4,2400000,0xe0000
1781193040,59.8,2400000,0xe0000
1781193041,60.9,2400000,0xe0000
1781193042,59.8,2400000,0xe0000
1781193043,60.4,2400000,0xe0000
1781193044,59.8,2400000,0xe0000
1781193045,59.8,2400000,0xe0000
1781193046,60.4,2400000,0xe0000
1781193047,60.4,2400000,0xe0000
1781193048,59.8,2400000,0xe0000
1781193049,60.4,2400000,0xe0000
1781193050,60.9,2400000,0xe0000
1781193051,59.8,2400000,0xe0000
1781193052,59.8,2400000,0xe0000
1781193053,59.8,2400000,0xe0000
1781193054,59.8,2400000,0xe0000
1781193055,59.8,2400000,0xe0000
1781193056,60.4,2400000,0xe0000
1781193057,59.3,2400000,0xe0000
1781193058,59.3,2400000,0xe0000
1781193059,59.8,2400000,0xe0000
1781193060,59.8,2400000,0xe0000
1781193061,60.4,2400000,0xe0000
1781193062,59.8,2400000,0xe0000
1781193063,59.8,2400000,0xe0000
1781193064,59.3,2400000,0xe0000
1781193065,59.8,2400000,0xe0000
1781193066,59.8,2400000,0xe0000
1781193067,59.8,2400000,0xe0000
1781193068,59.3,2400000,0xe0000
1781193069,59.3,2400000,0xe0000
1781193070,59.8,2400000,0xe0000
1781193071,59.3,2400000,0xe0000
1781193072,59.3,2400000,0xe0000
1781193073,59.3,2400000,0xe0000
1781193074,59.3,2400000,0xe0000
1781193075,59.3,2400000,0xe0000
1781193076,60.4,2400000,0xe0000
1781193077,58.7,2400000,0xe0000
1781193078,59.3,2400000,0xe0000
1781193079,59.3,2400000,0xe0000
1781193080,58.7,2400000,0xe0000
1781193081,59.8,2400000,0xe0000
1781193082,59.3,2400000,0xe0000
1781193083,59.3,2400000,0xe0000
1781193084,59.3,2400000,0xe0000
1781193085,59.8,2400000,0xe0000
1781193086,58.7,2400000,0xe0000
1781193087,58.2,2400000,0xe0000
1781193089,59.3,2400000,0xe0000
1781193090,58.7,2400000,0xe0000
1781193091,58.7,2400000,0xe0000
1781193092,58.7,2400000,0xe0000
1781193093,58.7,2400000,0xe0000
1781193094,58.7,2400000,0xe0000
1781193095,58.2,2400000,0xe0000
1781193096,59.3,2400000,0xe0000
1781193097,58.7,2400000,0xe0000
1781193098,58.7,2400000,0xe0000
1781193099,58.7,2400000,0xe0000
1781193100,58.7,2400000,0xe0000
1781193101,58.7,2400000,0xe0000
1781193102,58.7,2400000,0xe0000
1781193103,58.7,2400000,0xe0000
1781193104,58.7,2400000,0xe0000
1781193105,58.2,2400000,0xe0000
1781193106,59.3,2400000,0xe0000
1781193107,58.2,2400000,0xe0000
1781193108,58.2,2400000,0xe0000
1781193109,58.7,2400000,0xe0000
1781193110,59.3,2400000,0xe0000
1781193111,58.2,2400000,0xe0000
1781193112,58.2,2400000,0xe0000
1781193113,59.3,2400000,0xe0000
1781193114,58.2,2400000,0xe0000
1781193115,58.2,2400000,0xe0000
1781193116,59.3,2400000,0xe0000
1781193117,58.7,2400000,0xe0000
1781193118,58.7,2400000,0xe0000
1781193119,59.3,2400000,0xe0000
1781193120,57.1,2400000,0xe0000
1781193121,58.7,2400000,0xe0000
1781193122,58.7,2400000,0xe0000
1781193123,58.2,2400000,0xe0000
1781193124,58.2,2400000,0xe0000
1781193125,58.2,2400000,0xe0000
1781193126,57.6,2400000,0xe0000
1781193127,58.2,2400000,0xe0000
1781193128,57.6,2400000,0xe0000
1781193129,57.1,2400000,0xe0000
1781193130,57.6,2400000,0xe0000
1781193131,58.7,2400000,0xe0000
1781193132,58.2,2400000,0xe0000
1781193133,58.2,2400000,0xe0000
1781193134,57.6,2400000,0xe0000
1781193135,58.2,2400000,0xe0000
1781193136,57.6,2400000,0xe0000
1781193137,58.2,2400000,0xe0000
1781193138,58.2,2400000,0xe0000
1781193139,57.6,2400000,0xe0000
1781193140,57.6,2400000,0xe0000
1781193141,58.2,2400000,0xe0000
1781193142,57.6,2400000,0xe0000
1781193143,57.6,2400000,0xe0000
1781193144,58.2,2400000,0xe0000
1781193145,58.2,2400000,0xe0000
1781193146,57.6,2400000,0xe0000
1781193147,58.2,2400000,0xe0000
1781193148,57.6,2400000,0xe0000
1781193149,57.1,2400000,0xe0000
1781193150,57.1,2400000,0xe0000
1781193151,57.6,2400000,0xe0000
1781193152,57.1,2400000,0xe0000
1781193153,57.6,2400000,0xe0000
1781193154,57.6,2400000,0xe0000
1781193155,57.6,2400000,0xe0000
1781193156,58.2,2400000,0xe0000
1781193158,57.1,2400000,0xe0000
1781193159,57.6,2400000,0xe0000
1781193160,56.5,2400000,0xe0000
1781193161,58.2,2400000,0xe0000
1781193162,57.6,2400000,0xe0000
1781193163,57.6,2400000,0xe0000
1781193164,58.2,2400000,0xe0000
1781193165,58.2,2400000,0xe0000
1781193166,57.6,2400000,0xe0000
1781193167,57.6,2400000,0xe0000
1781193168,58.2,2400000,0xe0000
1781193169,58.2,2400000,0xe0000
1781193170,57.6,2400000,0xe0000
1781193171,57.6,2400000,0xe0000
1781193172,57.6,2400000,0xe0000
1781193173,58.2,2400000,0xe0000
1781193174,57.6,2400000,0xe0000
1781193175,57.1,2400000,0xe0000
1781193176,57.6,2400000,0xe0000
1781193177,57.6,2400000,0xe0000
1781193178,57.1,2400000,0xe0000
1781193179,57.6,2400000,0xe0000
1781193180,56.5,2400000,0xe0000
1781193181,57.6,2400000,0xe0000
1781193182,57.6,2400000,0xe0000
1781193183,57.1,2400000,0xe0000
1781193184,57.6,2400000,0xe0000
1781193185,57.6,2400000,0xe0000
1781193186,58.2,2400000,0xe0000
1781193187,57.1,2400000,0xe0000
1781193188,57.1,2400000,0xe0000
1781193189,57.6,2400000,0xe0000
1781193190,57.1,2400000,0xe0000
1781193191,57.1,2400000,0xe0000
1781193192,56.5,2400000,0xe0000
1781193193,57.1,2400000,0xe0000
1781193194,57.1,2400000,0xe0000
1781193195,57.1,2400000,0xe0000
1781193196,57.6,2400000,0xe0000
1781193197,57.1,2400000,0xe0000
1781193198,57.1,2400000,0xe0000
1781193199,56.5,2400000,0xe0000
1781193200,57.1,2400000,0xe0000
1781193201,57.6,2400000,0xe0000
1781193202,56.0,2400000,0xe0000
1781193203,57.6,2400000,0xe0000
1781193204,57.1,2400000,0xe0000
1781193205,57.1,2400000,0xe0000
1781193206,57.6,2400000,0xe0000
1781193207,57.6,2400000,0xe0000
1781193208,57.1,2400000,0xe0000
1781193209,57.1,2400000,0xe0000
1781193210,57.1,2400000,0xe0000
1781193211,57.1,2400000,0xe0000
1781193212,57.1,2400000,0xe0000
1781193213,57.6,2400000,0xe0000
1781193214,57.1,2400000,0xe0000
1781193215,58.2,2400000,0xe0000
1781193216,57.1,2400000,0xe0000
1781193217,56.5,2400000,0xe0000
1781193218,56.5,2400000,0xe0000
1781193219,56.5,2400000,0xe0000
1781193220,57.1,2400000,0xe0000
1781193221,57.1,2400000,0xe0000
1781193223,57.1,2400000,0xe0000
1781193224,56.5,2400000,0xe0000
1781193225,57.1,2400000,0xe0000
1781193226,57.1,2400000,0xe0000
1781193227,56.0,2400000,0xe0000
1781193228,57.1,2400000,0xe0000
1781193229,56.5,2400000,0xe0000
1781193230,57.1,2400000,0xe0000
1781193231,57.1,2400000,0xe0000
1781193232,57.1,2400000,0xe0000
1781193233,57.6,2400000,0xe0000
1781193234,57.1,2400000,0xe0000
1781193235,57.1,2400000,0xe0000
1781193236,57.1,2400000,0xe0000
1781193237,57.1,2400000,0xe0000
1781193238,57.1,2400000,0xe0000
1781193239,57.1,2400000,0xe0000
1781193240,56.5,2400000,0xe0000
1781193241,56.5,2400000,0xe0000
1781193242,57.1,2400000,0xe0000
1781193243,57.1,2400000,0xe0000
1781193244,57.1,2400000,0xe0000
1781193245,56.5,2400000,0xe0000
1781193246,56.5,2400000,0xe0000
1781193247,57.1,2400000,0xe0000
1781193248,56.5,2400000,0xe0000
1781193249,55.4,2400000,0xe0000
1781193250,56.5,2400000,0xe0000
1781193251,57.1,2400000,0xe0000
1781193252,57.1,2400000,0xe0000
1781193253,57.1,2400000,0xe0000
1781193254,56.5,2400000,0xe0000
1781193255,56.5,2400000,0xe0000
1781193256,57.1,2400000,0xe0000
1781193257,57.1,2400000,0xe0000
1781193258,56.0,2400000,0xe0000
1781193259,57.1,2400000,0xe0000
1781193260,57.1,2400000,0xe0000
1781193261,57.1,2400000,0xe0000
1781193262,57.1,2400000,0xe0000
1781193263,56.5,2400000,0xe0000
1781193264,56.5,2400000,0xe0000
1781193265,56.5,2400000,0xe0000
1781193266,57.1,2400000,0xe0000
1781193267,56.5,2400000,0xe0000
1781193268,56.5,2400000,0xe0000
1781193269,56.0,2400000,0xe0000
1781193270,56.5,2400000,0xe0000
1781193271,56.5,2400000,0xe0000
1781193272,56.5,2400000,0xe0000
1781193273,57.1,2400000,0xe0000
1781193274,56.5,2400000,0xe0000
1781193275,56.5,2400000,0xe0000
1781193276,57.1,2400000,0xe0000
1781193277,56.5,2400000,0xe0000
1781193278,56.0,2400000,0xe0000
1781193279,56.5,2400000,0xe0000
1781193280,56.5,2400000,0xe0000
1781193281,56.5,2400000,0xe0000
1781193282,57.1,2400000,0xe0000
1781193283,57.1,2400000,0xe0000
1781193284,56.0,2400000,0xe0000
1781193285,56.5,2400000,0xe0000
1781193286,56.5,2400000,0xe0000
1781193288,56.5,2400000,0xe0000
1781193289,56.5,2400000,0xe0000
1781193290,56.5,2400000,0xe0000
1781193291,57.1,2400000,0xe0000
1781193292,57.1,2400000,0xe0000
1781193293,56.5,2400000,0xe0000
1781193294,56.5,2400000,0xe0000
1781193295,56.5,2400000,0xe0000
1781193296,56.5,2400000,0xe0000
1781193297,56.5,2400000,0xe0000
1781193298,56.5,2400000,0xe0000
1781193299,57.1,2400000,0xe0000
1781193300,55.4,2400000,0xe0000
1781193301,56.0,2400000,0xe0000
1781193302,56.5,2400000,0xe0000
1781193303,56.5,2400000,0xe0000
1781193304,57.1,2400000,0xe0000
1781193305,56.5,2400000,0xe0000
1781193306,56.5,2400000,0xe0000
1781193307,56.5,2400000,0xe0000
1781193308,56.5,2400000,0xe0000
1781193309,57.1,2400000,0xe0000
1781193310,56.5,2400000,0xe0000
1781193311,57.1,2400000,0xe0000
1781193312,56.5,2400000,0xe0000
1781193313,56.5,2400000,0xe0000
1781193314,57.1,2400000,0xe0000
1781193315,56.0,2400000,0xe0000
1781193316,56.5,2400000,0xe0000
1781193317,56.0,2400000,0xe0000
1781193318,56.0,2400000,0xe0000
1781193319,56.5,2400000,0xe0000
1781193320,57.1,2400000,0xe0000
1781193321,56.5,2400000,0xe0000
1781193322,56.5,2400000,0xe0000
1781193323,57.1,2400000,0xe0000
1781193324,57.1,2400000,0xe0000
1781193325,56.5,2400000,0xe0000
1781193326,56.5,2400000,0xe0000
1781193327,56.5,2400000,0xe0000
1781193328,55.4,2400000,0xe0000
1781193329,54.9,2400000,0xe0000
1781193330,56.0,2400000,0xe0000
1781193331,56.5,2400000,0xe0000
1781193332,57.1,2400000,0xe0000
1781193333,55.4,2400000,0xe0000
1781193334,56.0,2400000,0xe0000
1781193335,56.5,2400000,0xe0000
1781193336,56.5,2400000,0xe0000
1781193337,56.5,2400000,0xe0000
1781193338,56.5,2400000,0xe0000
1781193339,56.5,2400000,0xe0000
1781193340,56.0,2400000,0xe0000
1781193341,56.5,2400000,0xe0000
1781193342,56.5,2400000,0xe0000
1781193343,56.5,2400000,0xe0000
1781193344,56.5,2400000,0xe0000
1781193345,56.5,2400000,0xe0000
1781193346,56.0,2400000,0xe0000
1781193347,55.4,2400000,0xe0000
1781193348,56.0,2400000,0xe0000
1781193349,57.1,2400000,0xe0000
1781193350,57.1,2400000,0xe0000
1781193351,57.1,2400000,0xe0000
1781193352,56.5,2400000,0xe0000
1781193353,57.1,2400000,0xe0000
1781193354,56.5,2400000,0xe0000
1781193355,56.0,2400000,0xe0000
1781193356,56.5,2400000,0xe0000
1781193358,56.0,2400000,0xe0000
1781193359,57.1,2400000,0xe0000
1781193360,56.5,2400000,0xe0000
1781193361,55.4,2400000,0xe0000
1781193362,56.0,2400000,0xe0000
1781193363,56.5,2400000,0xe0000
1781193364,56.0,2400000,0xe0000
1781193365,56.0,2400000,0xe0000
1781193366,57.1,2400000,0xe0000
1781193367,56.0,2400000,0xe0000
1781193368,56.0,2400000,0xe0000
1781193369,56.0,2400000,0xe0000
1781193370,56.0,2400000,0xe0000
1781193371,56.0,2400000,0xe0000
1781193372,55.4,2400000,0xe0000
1781193373,56.5,2400000,0xe0000
1781193374,56.5,2400000,0xe0000
1781193375,56.5,2400000,0xe0000
1781193376,56.0,2400000,0xe0000
1781193377,56.5,2400000,0xe0000
1781193378,55.4,2400000,0xe0000
1781193379,56.0,2400000,0xe0000
1781193380,56.5,2400000,0xe0000
1781193381,56.5,2400000,0xe0000
1781193382,56.0,2400000,0xe0000
1781193383,57.1,2400000,0xe0000
1781193384,56.5,2400000,0xe0000
1781193385,56.5,2400000,0xe0000
1781193386,56.5,2400000,0xe0000
1781193387,56.5,2400000,0xe0000
1781193388,56.0,2400000,0xe0000
1781193389,56.5,2400000,0xe0000
1781193390,56.5,2400000,0xe0000
1781193391,56.0,2400000,0xe0000
1781193392,56.0,2400000,0xe0000
1781193393,56.5,2400000,0xe0000
1781193394,56.5,2400000,0xe0000
1781193395,56.0,2400000,0xe0000
1781193396,55.4,2400000,0xe0000
1781193397,55.4,2400000,0xe0000
1781193398,56.5,2400000,0xe0000
1781193399,56.5,2400000,0xe0000
1781193400,54.9,2400000,0xe0000
1781193401,56.5,2400000,0xe0000
1781193402,54.9,2400000,0xe0000
1781193403,56.5,2400000,0xe0000
1781193404,56.0,2400000,0xe0000
1781193405,56.5,2400000,0xe0000
1781193406,55.4,2400000,0xe0000
1781193407,56.5,2400000,0xe0000
1781193408,56.0,2400000,0xe0000
1781193409,55.4,2400000,0xe0000
1781193410,54.9,2400000,0xe0000
1781193411,56.0,2400000,0xe0000
1781193412,56.0,2400000,0xe0000
1781193413,56.0,2400000,0xe0000
1781193414,55.4,2400000,0xe0000
1781193415,56.0,2400000,0xe0000
1781193416,56.0,2400000,0xe0000
1781193417,57.1,2400000,0xe0000
1781193419,56.0,2400000,0xe0000
1781193420,56.0,2400000,0xe0000
1781193421,56.0,2400000,0xe0000
1781193422,56.5,2400000,0xe0000
1781193423,55.4,2400000,0xe0000
1781193424,55.4,2400000,0xe0000
1781193425,56.5,2400000,0xe0000
1781193426,56.5,2400000,0xe0000
1781193427,56.0,2400000,0xe0000
1781193428,56.5,2400000,0xe0000
1781193429,56.5,2400000,0xe0000
1781193430,56.0,2400000,0xe0000
1781193431,56.0,2400000,0xe0000
1781193432,56.0,2400000,0xe0000
1781193433,55.4,2400000,0xe0000
1781193434,56.0,2400000,0xe0000
1781193435,56.5,2400000,0xe0000
1781193436,56.5,2400000,0xe0000
1781193437,56.5,2400000,0xe0000
1781193438,56.0,2400000,0xe0000
1781193439,56.0,2400000,0xe0000
1781193440,56.0,2400000,0xe0000
1781193441,56.5,2400000,0xe0000
1781193442,55.4,2400000,0xe0000
1781193443,56.0,2400000,0xe0000
1781193444,56.0,2400000,0xe0000
1781193445,56.0,2400000,0xe0000
1781193446,55.4,2400000,0xe0000
1781193447,56.5,2400000,0xe0000
1781193448,55.4,2400000,0xe0000
1781193449,56.0,2400000,0xe0000
1781193450,56.0,2400000,0xe0000
1781193451,56.0,2400000,0xe0000
1781193452,54.9,2400000,0xe0000
1781193453,56.5,2400000,0xe0000
1781193454,56.0,2400000,0xe0000
1781193455,55.4,2400000,0xe0000
1781193456,56.5,2400000,0xe0000
1781193457,56.5,2400000,0xe0000
1781193458,55.4,2400000,0xe0000
1781193459,54.9,2400000,0xe0000
1781193460,55.4,2400000,0xe0000
1781193461,56.0,2400000,0xe0000
1781193462,56.0,2400000,0xe0000
1781193463,56.0,2400000,0xe0000
1781193464,56.0,2400000,0xe0000
1781193465,56.0,2400000,0xe0000
1781193466,56.0,2400000,0xe0000
1781193467,55.4,2400000,0xe0000
1781193468,56.0,2400000,0xe0000
1781193469,55.4,2400000,0xe0000
1781193470,54.9,2400000,0xe0000
1781193471,56.0,2400000,0xe0000
1781193472,56.0,2400000,0xe0000
1781193473,55.4,2400000,0xe0000
1781193474,56.0,2400000,0xe0000
1781193475,56.0,2400000,0xe0000
1781193476,56.5,2400000,0xe0000
1781193477,54.9,2400000,0xe0000
1781193478,55.4,2400000,0xe0000
1781193479,55.4,2400000,0xe0000
1781193480,56.0,2400000,0xe0000
1781193481,56.0,2400000,0xe0000
1781193482,55.4,2400000,0xe0000
1781193483,56.0,2400000,0xe0000
1781193484,56.5,2400000,0xe0000
1781193485,56.0,2400000,0xe0000
1781193486,56.5,2400000,0xe0000
1781193487,56.0,2400000,0xe0000
1781193489,56.0,2400000,0xe0000
1781193490,56.0,2400000,0xe0000
1781193491,56.0,2400000,0xe0000
1781193492,56.0,2400000,0xe0000
1781193493,56.0,2400000,0xe0000
1781193494,56.5,2400000,0xe0000
1781193495,56.0,2400000,0xe0000
1781193496,56.0,2400000,0xe0000
1781193497,56.0,2400000,0xe0000
1781193498,55.4,2400000,0xe0000
1781193499,56.5,2400000,0xe0000
1781193500,56.0,2400000,0xe0000
1781193501,55.4,2400000,0xe0000
1781193502,56.0,2400000,0xe0000
1781193503,56.5,2400000,0xe0000
1781193504,55.4,2400000,0xe0000
1781193505,56.0,2400000,0xe0000
1781193506,54.9,2400000,0xe0000
1781193507,56.0,2400000,0xe0000
1781193508,55.4,2400000,0xe0000
1781193509,56.5,2400000,0xe0000
1781193510,56.0,2400000,0xe0000
1781193511,56.0,2400000,0xe0000
1781193512,56.0,2400000,0xe0000
1781193513,56.0,2400000,0xe0000
1781193514,55.4,2400000,0xe0000
1781193515,56.0,2400000,0xe0000
1781193516,56.0,2400000,0xe0000
1781193517,55.4,2400000,0xe0000
1781193518,56.5,2400000,0xe0000
1781193519,56.0,2400000,0xe0000
1781193520,56.0,2400000,0xe0000
1781193521,55.4,2400000,0xe0000
1781193522,56.0,2400000,0xe0000
1781193523,55.4,2400000,0xe0000
1781193524,56.0,2400000,0xe0000
1781193525,56.0,2400000,0xe0000
1781193526,56.0,2400000,0xe0000
1781193527,56.5,2400000,0xe0000
1781193528,55.4,2400000,0xe0000
1781193529,55.4,2400000,0xe0000
1781193530,56.0,2400000,0xe0000
1781193531,56.0,2400000,0xe0000
1781193532,56.5,2400000,0xe0000
1781193533,55.4,2400000,0xe0000
1781193534,55.4,2400000,0xe0000
1781193535,55.4,2400000,0xe0000
1781193536,54.9,2400000,0xe0000
1781193537,55.4,2400000,0xe0000
1781193538,55.4,2400000,0xe0000
1781193540,56.5,2400000,0xe0000
1781193541,56.0,2400000,0xe0000
1781193542,56.0,2400000,0xe0000
1781193543,56.0,2400000,0xe0000
1781193544,56.0,2400000,0xe0000
1781193545,55.4,2400000,0xe0000
1781193546,55.4,2400000,0xe0000
1781193547,55.4,2400000,0xe0000
1781193548,56.5,2400000,0xe0000
1781193549,55.4,2400000,0xe0000
1781193550,55.4,2400000,0xe0000
1781193551,56.0,2400000,0xe0000
1781193552,56.0,2400000,0xe0000
1781193553,56.0,2400000,0xe0000
1781193554,56.0,2400000,0xe0000
1781193555,56.0,2400000,0xe0000
1781193556,56.0,2400000,0xe0000
1781193557,55.4,2400000,0xe0000
1781193558,55.4,2400000,0xe0000
1781193559,55.4,2400000,0xe0000
1781193560,56.0,2400000,0xe0000
1781193561,55.4,2400000,0xe0000
1781193562,56.0,2400000,0xe0000
1781193563,55.4,2400000,0xe0000
1781193564,55.4,2400000,0xe0000
1781193565,56.0,2400000,0xe0000
1781193566,55.4,2400000,0xe0000
1781193567,55.4,2400000,0xe0000
1781193568,56.5,2400000,0xe0000
1781193569,56.0,2400000,0xe0000
1781193570,56.0,2400000,0xe0000
1781193571,56.0,2400000,0xe0000
1781193572,56.0,2400000,0xe0000
1781193573,54.3,2400000,0xe0000
1781193574,56.5,2400000,0xe0000
1781193575,55.4,2400000,0xe0000
1781193576,56.5,2400000,0xe0000
1781193577,55.4,2400000,0xe0000
1781193578,56.0,2400000,0xe0000
1781193579,55.4,2400000,0xe0000
1781193580,55.4,2400000,0xe0000
1781193581,56.0,2400000,0xe0000
1781193582,55.4,2400000,0xe0000
1781193583,55.4,2400000,0xe0000
1781193584,55.4,2400000,0xe0000
1781193585,55.4,2400000,0xe0000
1781193586,55.4,2400000,0xe0000
1781193587,56.5,2400000,0xe0000
1781193588,56.0,2400000,0xe0000
1781193589,56.5,2400000,0xe0000
1781193590,56.0,2400000,0xe0000
1781193591,56.5,2400000,0xe0000
1781193592,56.0,2400000,0xe0000
1781193593,56.0,2400000,0xe0000
1781193594,56.0,2400000,0xe0000
1781193595,56.0,2400000,0xe0000
1781193596,56.0,2400000,0xe0000
1781193597,56.0,2400000,0xe0000
1781193598,56.0,2400000,0xe0000
1781193600,56.0,2400000,0xe0000
1781193601,55.4,2400000,0xe0000
1781193602,56.0,2400000,0xe0000
1781193603,55.4,2400000,0xe0000
1781193604,55.4,2400000,0xe0000
1781193605,56.0,2400000,0xe0000
1781193606,56.0,2400000,0xe0000
1781193607,56.0,2400000,0xe0000
1781193608,55.4,2400000,0xe0000
1781193609,54.9,2400000,0xe0000
1781193610,55.4,2400000,0xe0000
1781193611,56.0,2400000,0xe0000
1781193612,55.4,2400000,0xe0000
1781193613,56.0,2400000,0xe0000
1781193614,55.4,2400000,0xe0000
1781193615,55.4,2400000,0xe0000
1781193616,56.0,2400000,0xe0000
1781193617,56.0,2400000,0xe0000
1781193618,55.4,2400000,0xe0000
1781193619,56.5,2400000,0xe0000
1781193620,56.0,2400000,0xe0000
1781193621,56.0,2400000,0xe0000
1781193622,54.9,2400000,0xe0000
1781193623,55.4,2400000,0xe0000
1781193624,56.0,2400000,0xe0000
1781193625,55.4,2400000,0xe0000
1781193626,56.0,2400000,0xe0000
1781193627,56.0,2400000,0xe0000
1781193628,55.4,2400000,0xe0000
1781193629,56.0,2400000,0xe0000
1781193630,56.0,2400000,0xe0000
1781193631,56.0,2400000,0xe0000
1781193632,55.4,2400000,0xe0000
1781193633,56.0,2400000,0xe0000
1781193634,56.0,2400000,0xe0000
1781193635,55.4,2400000,0xe0000
1781193636,56.0,2400000,0xe0000
1781193637,56.5,2400000,0xe0000
1781193638,56.5,2400000,0xe0000
1781193639,56.0,2400000,0xe0000
1781193640,55.4,2400000,0xe0000
1781193641,56.0,2400000,0xe0000
1781193642,55.4,2400000,0xe0000
1781193643,55.4,2400000,0xe0000
1781193644,55.4,2400000,0xe0000
1781193645,56.0,2400000,0xe0000
1781193646,54.9,2400000,0xe0000
1781193647,56.5,2400000,0xe0000
1781193648,55.4,2400000,0xe0000
1781193649,54.9,2400000,0xe0000
1781193650,54.9,2400000,0xe0000
1781193651,56.5,2400000,0xe0000
1781193652,55.4,2400000,0xe0000
1781193653,56.0,2400000,0xe0000
1781193654,55.4,2400000,0xe0000
1781193655,54.9,2400000,0xe0000
1781193656,55.4,2400000,0xe0000
1781193657,55.4,2400000,0xe0000
1781193658,56.0,2400000,0xe0000
1781193659,54.9,2400000,0xe0000
1781193660,54.9,2400000,0xe0000
1781193661,56.0,2400000,0xe0000
1781193662,54.9,2400000,0xe0000
1781193663,55.4,2400000,0xe0000
1781193665,54.9,2400000,0xe0000
1781193666,55.4,2400000,0xe0000
1781193667,54.9,2400000,0xe0000
1781193668,56.0,2400000,0xe0000
1781193669,55.4,2400000,0xe0000
1781193670,55.4,2400000,0xe0000
1781193671,55.4,2400000,0xe0000
1781193672,56.0,2400000,0xe0000
1781193673,55.4,2400000,0xe0000
1781193674,56.0,2400000,0xe0000
1781193675,56.0,2400000,0xe0000
1781193676,56.0,2400000,0xe0000
1781193677,56.0,2400000,0xe0000
1781193678,55.4,2400000,0xe0000
1781193679,56.0,2400000,0xe0000
1781193680,55.4,2400000,0xe0000
1781193681,56.0,2400000,0xe0000
1781193682,56.0,2400000,0xe0000
1781193683,56.0,2400000,0xe0000
1781193684,55.4,2400000,0xe0000
1781193685,55.4,2400000,0xe0000
1781193686,56.5,2400000,0xe0000
1781193687,55.4,2400000,0xe0000
1781193688,54.9,2400000,0xe0000
1781193689,56.0,2400000,0xe0000
1781193690,55.4,2400000,0xe0000
1781193691,56.0,2400000,0xe0000
1781193692,55.4,2400000,0xe0000
1781193693,56.0,2400000,0xe0000
1781193694,56.0,2400000,0xe0000
1781193695,56.0,2400000,0xe0000
1781193696,55.4,2400000,0xe0000
1781193697,55.4,2400000,0xe0000
1781193698,56.0,2400000,0xe0000
1781193699,55.4,2400000,0xe0000
1781193700,55.4,2400000,0xe0000
1781193701,55.4,2400000,0xe0000
1781193702,56.0,2400000,0xe0000
1781193703,56.0,2400000,0xe0000
1781193704,56.0,2400000,0xe0000
1781193705,55.4,2400000,0xe0000
1781193706,55.4,2400000,0xe0000
1781193707,56.0,2400000,0xe0000
1781193708,55.4,2400000,0xe0000
1781193709,56.0,2400000,0xe0000
1781193710,56.0,2400000,0xe0000
1781193711,54.9,2400000,0xe0000
1781193712,56.5,2400000,0xe0000
1781193713,55.4,2400000,0xe0000
1781193714,55.4,2400000,0xe0000
1781193715,55.4,2400000,0xe0000
1781193716,56.5,2400000,0xe0000
1781193718,56.0,2400000,0xe0000
1781193719,56.0,2400000,0xe0000
1781193720,56.0,2400000,0xe0000
1781193721,56.0,2400000,0xe0000
1781193722,56.0,2400000,0xe0000
1781193723,56.0,2400000,0xe0000
1781193724,55.4,2400000,0xe0000
1781193725,55.4,2400000,0xe0000
1781193726,56.0,2400000,0xe0000
1781193727,56.0,2400000,0xe0000
1781193728,56.0,2400000,0xe0000
1781193729,56.0,2400000,0xe0000
1781193730,56.0,2400000,0xe0000
1781193731,56.0,2400000,0xe0000
1781193732,55.4,2400000,0xe0000
1781193733,55.4,2400000,0xe0000
1781193734,55.4,2400000,0xe0000
1781193735,55.4,2400000,0xe0000
1781193736,56.0,2400000,0xe0000
1781193737,56.0,2400000,0xe0000
1781193738,56.5,2400000,0xe0000
1781193739,56.0,2400000,0xe0000
1781193740,55.4,2400000,0xe0000
1781193741,56.0,2400000,0xe0000
1781193742,55.4,2400000,0xe0000
1781193743,54.9,2400000,0xe0000
1781193744,56.0,2400000,0xe0000
1781193745,56.0,2400000,0xe0000
1781193746,56.0,2400000,0xe0000
1781193747,55.4,2400000,0xe0000
1781193748,55.4,2400000,0xe0000
1781193749,55.4,2400000,0xe0000
1781193750,55.4,2400000,0xe0000
1781193751,56.0,2400000,0xe0000
1781193752,55.4,2400000,0xe0000
1781193753,55.4,2400000,0xe0000
1781193754,54.9,2400000,0xe0000
1781193755,56.0,2400000,0xe0000
1781193756,55.4,2400000,0xe0000
1781193757,55.4,2400000,0xe0000
1781193758,56.0,2400000,0xe0000
1781193759,56.0,2400000,0xe0000
1781193760,56.0,2400000,0xe0000
1781193761,55.4,2400000,0xe0000
1781193762,55.4,2400000,0xe0000
1781193763,55.4,2400000,0xe0000
1781193764,54.9,2400000,0xe0000
1781193765,56.0,2400000,0xe0000
1781193766,56.0,2400000,0xe0000
1781193767,56.0,2400000,0xe0000
1781193768,56.0,2400000,0xe0000
1781193769,54.9,2400000,0xe0000
1781193770,56.0,2400000,0xe0000
1781193771,55.4,2400000,0xe0000
1781193772,56.0,2400000,0xe0000
1781193773,55.4,2400000,0xe0000
1781193774,55.4,2400000,0xe0000
1781193775,55.4,2400000,0xe0000
1781193776,55.4,2400000,0xe0000
1781193777,55.4,2400000,0xe0000
1781193778,56.0,2400000,0xe0000
1781193779,56.0,2400000,0xe0000
1781193780,56.0,2400000,0xe0000
1781193781,55.4,2400000,0xe0000
1781193782,56.0,2400000,0xe0000
1781193783,57.1,2400000,0xe0000
1781193784,56.5,2400000,0xe0000
1781193785,55.4,2400000,0xe0000
1781193786,54.9,2400000,0xe0000
1781193787,56.0,2400000,0xe0000
1781193788,56.0,2400000,0xe0000
1781193789,55.4,2400000,0xe0000
1781193790,55.4,2400000,0xe0000
1781193791,55.4,2400000,0xe0000
1781193792,56.0,2400000,0xe0000
1781193793,55.4,2400000,0xe0000
1781193795,56.0,2400000,0xe0000
1781193796,56.0,2400000,0xe0000
1781193797,56.0,2400000,0xe0000
1781193798,55.4,2400000,0xe0000
1781193799,56.0,2400000,0xe0000
1781193800,56.0,2400000,0xe0000
1781193801,55.4,2400000,0xe0000
1781193802,55.4,2400000,0xe0000
1781193803,56.0,2400000,0xe0000
1781193804,55.4,2400000,0xe0000
1781193805,56.0,2400000,0xe0000
1781193806,55.4,2400000,0xe0000
1781193807,56.0,2400000,0xe0000
1781193808,56.5,2400000,0xe0000
1781193809,56.0,2400000,0xe0000
1781193810,55.4,2400000,0xe0000
1781193811,56.0,2400000,0xe0000
1781193812,56.0,2400000,0xe0000
1781193813,54.9,2400000,0xe0000
1781193814,56.0,2400000,0xe0000
1781193815,55.4,2400000,0xe0000
1781193816,55.4,2400000,0xe0000
1781193817,55.4,2400000,0xe0000
1781193818,55.4,2400000,0xe0000
1781193819,56.0,2400000,0xe0000
1781193820,55.4,2400000,0xe0000
1781193821,55.4,2400000,0xe0000
1781193822,55.4,2400000,0xe0000
1781193823,55.4,2400000,0xe0000
1781193824,56.0,2400000,0xe0000
1781193825,56.0,2400000,0xe0000
1781193826,55.4,2400000,0xe0000
1781193827,56.0,2400000,0xe0000
1781193828,55.4,2400000,0xe0000
1781193829,56.0,2400000,0xe0000
1781193830,55.4,2400000,0xe0000
1781193831,55.4,2400000,0xe0000
1781193832,54.9,2400000,0xe0000
1781193833,55.4,2400000,0xe0000
1781193834,56.0,2400000,0xe0000
1781193835,55.4,2400000,0xe0000
1781193836,55.4,2400000,0xe0000
1781193837,56.0,2400000,0xe0000
1781193838,55.4,2400000,0xe0000
1781193839,56.0,2400000,0xe0000
1781193840,56.0,2400000,0xe0000
1781193841,55.4,2400000,0xe0000
1781193842,55.4,2400000,0xe0000
1781193843,56.0,2400000,0xe0000
1781193844,56.0,2400000,0xe0000
1781193845,55.4,2400000,0xe0000
1781193846,54.3,2400000,0xe0000
1781193847,56.0,2400000,0xe0000
1781193848,55.4,2400000,0xe0000
1781193849,55.4,2400000,0xe0000
1781193850,54.9,2400000,0xe0000
1781193851,54.3,2400000,0xe0000
1781193852,55.4,2400000,0xe0000
1781193853,54.3,2400000,0xe0000
1781193854,54.9,2400000,0xe0000
1781193855,55.4,2400000,0xe0000
1781193856,56.0,2400000,0xe0000
1781193857,54.9,2400000,0xe0000
1781193858,56.0,2400000,0xe0000
1781193859,56.0,2400000,0xe0000
1781193860,55.4,2400000,0xe0000
1781193861,56.0,2400000,0xe0000
1781193862,56.0,2400000,0xe0000
1781193863,56.0,2400000,0xe0000
1781193865,56.0,2400000,0xe0000
1781193866,55.4,2400000,0xe0000
1781193867,55.4,2400000,0xe0000
1781193868,55.4,2400000,0xe0000
1781193869,54.9,2400000,0xe0000
1781193870,55.4,2400000,0xe0000
1781193871,54.9,2400000,0xe0000
1781193872,56.0,2400000,0xe0000
1781193873,55.4,2400000,0xe0000
1781193874,54.9,2400000,0xe0000
1781193875,54.9,2400000,0xe0000
1781193876,55.4,2400000,0xe0000
1781193877,54.9,2400000,0xe0000
1781193878,55.4,2400000,0xe0000
1781193879,55.4,2400000,0xe0000
1781193880,56.0,2400000,0xe0000
1781193881,55.4,2400000,0xe0000
1781193882,55.4,2400000,0xe0000
1781193883,55.4,2400000,0xe0000
1781193884,56.0,2400000,0xe0000
1781193885,55.4,2400000,0xe0000
1781193886,56.5,2400000,0xe0000
1781193887,56.0,2400000,0xe0000
1781193888,56.0,2400000,0xe0000
1781193889,54.3,2400000,0xe0000
1781193890,55.4,2400000,0xe0000
1781193891,55.4,2400000,0xe0000
1781193892,55.4,2400000,0xe0000
1781193893,55.4,2400000,0xe0000
1781193894,55.4,2400000,0xe0000
1781193895,55.4,2400000,0xe0000
1781193896,55.4,2400000,0xe0000
1781193897,56.0,2400000,0xe0000
1781193898,55.4,2400000,0xe0000
1781193899,54.9,2400000,0xe0000
1781193900,56.0,2400000,0xe0000
1781193901,56.0,2400000,0xe0000
1781193902,56.0,2400000,0xe0000
1781193903,56.0,2400000,0xe0000
1781193904,55.4,2400000,0xe0000
1781193905,56.0,2400000,0xe0000
1781193906,54.9,2400000,0xe0000
1781193907,56.0,2400000,0xe0000
1781193908,56.0,2400000,0xe0000
1781193909,54.9,2400000,0xe0000
1781193910,56.0,2400000,0xe0000
1781193911,55.4,2400000,0xe0000
1781193912,54.9,2400000,0xe0000
1781193913,55.4,2400000,0xe0000
1781193914,55.4,2400000,0xe0000
1781193915,54.9,2400000,0xe0000
1781193916,55.4,2400000,0xe0000
1781193918,55.4,2400000,0xe0000
1781193919,56.0,2400000,0xe0000
1781193920,55.4,2400000,0xe0000
1781193921,56.0,2400000,0xe0000
1781193922,54.3,2400000,0xe0000
1781193923,55.4,2400000,0xe0000
1781193924,56.0,2400000,0xe0000
1781193925,56.0,2400000,0xe0000
1781193926,54.9,2400000,0xe0000
1781193927,54.9,2400000,0xe0000
1781193928,55.4,2400000,0xe0000
1781193929,55.4,2400000,0xe0000
1781193930,56.0,2400000,0xe0000
1781193931,54.3,2400000,0xe0000
1781193932,54.9,2400000,0xe0000
1781193933,55.4,2400000,0xe0000
1781193934,55.4,2400000,0xe0000
1781193935,56.0,2400000,0xe0000
1781193936,56.0,2400000,0xe0000
1781193937,55.4,2400000,0xe0000
1781193938,56.0,2400000,0xe0000
1781193939,56.0,2400000,0xe0000
1781193940,55.4,2400000,0xe0000
1781193941,55.4,2400000,0xe0000
1781193942,56.0,2400000,0xe0000
1781193943,55.4,2400000,0xe0000
1781193944,55.4,2400000,0xe0000
1781193945,54.9,2400000,0xe0000
1781193946,55.4,2400000,0xe0000
1781193947,56.0,2400000,0xe0000
1781193948,56.0,2400000,0xe0000
1781193949,56.5,2400000,0xe0000
1781193950,56.0,2400000,0xe0000
1781193951,54.3,2400000,0xe0000
1781193952,54.9,2400000,0xe0000
1781193953,55.4,2400000,0xe0000
1781193954,55.4,2400000,0xe0000
1781193955,55.4,2400000,0xe0000
1781193956,55.4,2400000,0xe0000
1781193957,54.9,2400000,0xe0000
1781193958,56.5,2400000,0xe0000
1781193959,54.9,2400000,0xe0000
1781193960,55.4,2400000,0xe0000
1781193961,56.0,2400000,0xe0000
1781193962,55.4,2400000,0xe0000
1781193963,56.0,2400000,0xe0000
1781193964,56.0,2400000,0xe0000
1781193965,56.0,2400000,0xe0000
1781193967,56.0,2400000,0xe0000
1781193968,56.0,2400000,0xe0000
1781193969,56.0,2400000,0xe0000
1781193970,55.4,2400000,0xe0000
1781193971,55.4,2400000,0xe0000
1781193972,56.0,2400000,0xe0000
1781193973,55.4,2400000,0xe0000
1781193974,56.0,2400000,0xe0000
1781193975,54.9,2400000,0xe0000
1781193976,54.3,2400000,0xe0000
1781193977,56.0,2400000,0xe0000
1781193978,56.0,2400000,0xe0000
1781193979,55.4,2400000,0xe0000
1781193980,54.9,2400000,0xe0000
1781193981,55.4,2400000,0xe0000
1781193982,56.0,2400000,0xe0000
1781193983,56.0,2400000,0xe0000
1781193984,55.4,2400000,0xe0000
1781193985,55.4,2400000,0xe0000
1781193986,56.0,2400000,0xe0000
1781193987,56.0,2400000,0xe0000
1781193988,56.0,2400000,0xe0000
1781193989,55.4,2400000,0xe0000
1781193990,56.0,2400000,0xe0000
1781193991,56.0,2400000,0xe0000
1781193992,54.9,2400000,0xe0000
1781193993,56.0,2400000,0xe0000
1781193994,55.4,2400000,0xe0000
1781193995,55.4,2400000,0xe0000
1781193996,55.4,2400000,0xe0000
1781193997,55.4,2400000,0xe0000
1781193998,56.0,2400000,0xe0000
1781193999,54.9,2400000,0xe0000
1781194000,56.0,2400000,0xe0000
1781194001,55.4,2400000,0xe0000
1781194002,55.4,2400000,0xe0000
1781194003,56.0,2400000,0xe0000
1781194004,55.4,2400000,0xe0000
1781194005,56.0,2400000,0xe0000
1781194006,54.3,2400000,0xe0000
1781194007,55.4,2400000,0xe0000
1781194008,55.4,2400000,0xe0000
1781194009,55.4,2400000,0xe0000
1781194010,56.0,2400000,0xe0000
1781194011,56.0,2400000,0xe0000
1781194012,55.4,2400000,0xe0000
1781194013,54.9,2400000,0xe0000
1781194014,54.9,2400000,0xe0000
1781194015,56.0,2400000,0xe0000
1781194016,54.9,2400000,0xe0000
1781194017,56.0,2400000,0xe0000
1781194018,55.4,2400000,0xe0000
1781194019,56.0,2400000,0xe0000
1781194020,55.4,2400000,0xe0000
1781194021,55.4,2400000,0xe0000
1781194022,55.4,2400000,0xe0000
1781194023,56.0,2400000,0xe0000
1781194024,56.0,2400000,0xe0000
1781194026,55.4,2400000,0xe0000
1781194027,54.9,2400000,0xe0000
1781194028,56.0,2400000,0xe0000
1781194029,54.9,2400000,0xe0000
1781194030,55.4,2400000,0xe0000
1781194031,56.5,2400000,0xe0000
1781194032,55.4,2400000,0xe0000
1781194033,56.0,2400000,0xe0000
1781194034,55.4,2400000,0xe0000
1781194035,55.4,2400000,0xe0000
1781194036,55.4,2400000,0xe0000
1781194037,56.0,2400000,0xe0000
1781194038,55.4,2400000,0xe0000
1781194039,56.0,2400000,0xe0000
1781194040,55.4,2400000,0xe0000
1781194041,55.4,2400000,0xe0000
1781194042,55.4,2400000,0xe0000
1781194043,54.9,2400000,0xe0000
1781194044,56.0,2400000,0xe0000
1781194045,55.4,2400000,0xe0000
1781194046,55.4,2400000,0xe0000
1781194047,55.4,2400000,0xe0000
1781194048,55.4,2400000,0xe0000
1781194049,55.4,2400000,0xe0000
1781194050,55.4,2400000,0xe0000
1781194051,55.4,2400000,0xe0000
1781194052,56.0,2400000,0xe0000
1781194053,55.4,2400000,0xe0000
1781194054,56.0,2400000,0xe0000
1781194055,55.4,2400000,0xe0000
1781194056,55.4,2400000,0xe0000
1781194057,56.0,2400000,0xe0000
1781194058,55.4,2400000,0xe0000
1781194059,56.0,2400000,0xe0000
1781194060,54.9,2400000,0xe0000
1781194061,55.4,2400000,0xe0000
1781194062,56.0,2400000,0xe0000
1781194063,56.0,2400000,0xe0000
1781194064,55.4,2400000,0xe0000
1781194065,55.4,2400000,0xe0000
1781194066,55.4,2400000,0xe0000
1781194067,55.4,2400000,0xe0000
1781194068,55.4,2400000,0xe0000
1781194069,55.4,2400000,0xe0000
1781194070,55.4,2400000,0xe0000
1781194071,56.0,2400000,0xe0000
1781194072,55.4,2400000,0xe0000
1781194073,56.0,2400000,0xe0000
1781194074,54.9,2400000,0xe0000
1781194075,54.9,2400000,0xe0000
1781194076,55.4,2400000,0xe0000
1781194077,55.4,2400000,0xe0000
1781194078,54.9,2400000,0xe0000
1781194079,56.0,2400000,0xe0000
1781194081,55.4,2400000,0xe0000
1781194082,55.4,2400000,0xe0000
1781194083,55.4,2400000,0xe0000
1781194084,55.4,2400000,0xe0000
1781194085,56.0,2400000,0xe0000
1781194086,54.9,2400000,0xe0000
1781194087,53.8,2400000,0xe0000
1781194088,56.5,2400000,0xe0000
1781194089,54.9,2400000,0xe0000
1781194090,54.3,2400000,0xe0000
1781194091,56.0,2400000,0xe0000
1781194092,56.0,2400000,0xe0000
1781194093,56.0,2400000,0xe0000
1781194094,56.0,2400000,0xe0000
1781194095,56.0,2400000,0xe0000
1781194096,56.0,2400000,0xe0000
1781194097,56.0,2400000,0xe0000
1781194098,54.9,2400000,0xe0000
1781194099,55.4,2400000,0xe0000
1781194100,54.9,2400000,0xe0000
1781194101,56.0,2400000,0xe0000
1781194102,56.0,2400000,0xe0000
1781194103,56.0,2400000,0xe0000
1781194104,56.0,2400000,0xe0000
1781194105,56.0,2400000,0xe0000
1781194106,54.9,2400000,0xe0000
1781194107,54.9,2400000,0xe0000
1781194108,56.0,2400000,0xe0000
1781194109,55.4,2400000,0xe0000
1781194110,55.4,2400000,0xe0000
1781194111,55.4,2400000,0xe0000
1781194112,55.4,2400000,0xe0000
1781194113,55.4,2400000,0xe0000
1781194114,55.4,2400000,0xe0000
1781194115,55.4,2400000,0xe0000
1781194116,56.0,2400000,0xe0000
1781194117,55.4,2400000,0xe0000
1781194118,55.4,2400000,0xe0000
1781194119,55.4,2400000,0xe0000
1781194120,56.0,2400000,0xe0000
1781194121,56.5,2400000,0xe0000
1781194122,55.4,2400000,0xe0000
1781194123,54.9,2400000,0xe0000
1781194124,56.0,2400000,0xe0000
1781194125,55.4,2400000,0xe0000
1781194126,55.4,2400000,0xe0000
1781194127,56.0,2400000,0xe0000
1781194128,55.4,2400000,0xe0000
1781194129,56.0,2400000,0xe0000
1781194130,55.4,2400000,0xe0000
1781194131,54.9,2400000,0xe0000
1781194132,56.0,2400000,0xe0000
1781194133,55.4,2400000,0xe0000
1781194134,55.4,2400000,0xe0000
1781194135,56.0,2400000,0xe0000
1781194136,56.0,2400000,0xe0000
1781194137,56.0,2400000,0xe0000
1781194138,54.9,2400000,0xe0000
1781194139,55.4,2400000,0xe0000
1781194140,54.9,2400000,0xe0000
1781194142,55.4,2400000,0xe0000
1781194143,54.9,2400000,0xe0000
1781194144,55.4,2400000,0xe0000
1781194145,55.4,2400000,0xe0000
1781194146,56.0,2400000,0xe0000
1781194147,56.0,2400000,0xe0000
1781194148,55.4,2400000,0xe0000
1781194149,55.4,2400000,0xe0000
1781194150,55.4,2400000,0xe0000
1781194151,56.0,2400000,0xe0000
1781194152,54.9,2400000,0xe0000
1781194153,56.0,2400000,0xe0000
1781194154,55.4,2400000,0xe0000
1781194155,55.4,2400000,0xe0000
1781194156,56.0,2400000,0xe0000
1781194157,55.4,2400000,0xe0000
1781194158,56.0,2400000,0xe0000
1781194159,55.4,2400000,0xe0000
1781194160,56.0,2400000,0xe0000
1781194161,54.9,2400000,0xe0000
1781194162,54.9,2400000,0xe0000
