protocol,parser,accepted,n_packets,n_accepted,reject_reason,field_disagreements,expected,classification
ah,c-flowdis-usp,True,1,1,,0,accept,OK
ah,c-xdp2-usp,False,1,0,parse-error,0,reject:parse-error,REJ-expected
ah,c-xdp2-parse-only,False,1,0,parse-error,0,reject:parse-error,REJ-expected
ah,c-xdp2-mono,False,1,0,parse-error,0,reject:parse-error,REJ-expected
ah,c-bpf-xdp2,False,1,0,verifier,0,reject:verifier,REJ-expected
ah,rust-graph,False,1,0,parse-error,0,reject:parse-error,REJ-expected
ah,rust-graph-enum,False,1,0,ipv4-only,0,reject:ipv4-only,REJ-expected
ah,rust-mono,False,1,0,parse-error,0,reject:parse-error,REJ-expected
ah,rust-mono-x4,False,1,0,parse-error,0,reject:parse-error,REJ-expected
ah,rust-compiled,False,1,0,parse-error,0,reject:parse-error,REJ-expected
ah,rust-simd,False,1,0,parse-error,0,reject:parse-error,REJ-expected
ah,rust-template,True,1,1,,0,accept,OK
ah,rust-template-simd,True,1,1,,0,accept,OK
amqp,c-flowdis-usp,True,1,1,,0,accept,OK
amqp,c-xdp2-usp,True,1,1,,0,accept,OK
amqp,c-xdp2-parse-only,True,1,1,,0,accept,OK
amqp,c-xdp2-mono,True,1,1,,0,accept,OK
amqp,c-bpf-xdp2,False,1,0,verifier,0,reject:verifier,REJ-expected
amqp,rust-graph,True,1,1,,0,accept,OK
amqp,rust-graph-enum,True,1,1,,0,accept,OK
amqp,rust-mono,True,1,1,,0,accept,OK
amqp,rust-mono-x4,True,1,1,,0,accept,OK
amqp,rust-compiled,True,1,1,,0,accept,OK
amqp,rust-simd,True,1,1,,0,accept,OK
amqp,rust-template,True,1,1,,0,accept,OK
amqp,rust-template-simd,True,1,1,,0,accept,OK
amt,c-flowdis-usp,True,1,1,,0,accept,OK
amt,c-xdp2-usp,True,1,1,,0,accept,OK
amt,c-xdp2-parse-only,True,1,1,,0,accept,OK
amt,c-xdp2-mono,True,1,1,,0,accept,OK
amt,c-bpf-xdp2,False,1,0,verifier,0,reject:verifier,REJ-expected
amt,rust-graph,True,1,1,,0,accept,OK
amt,rust-graph-enum,True,1,1,,0,accept,OK
amt,rust-mono,True,1,1,,0,accept,OK
amt,rust-mono-x4,True,1,1,,0,accept,OK
amt,rust-compiled,True,1,1,,0,accept,OK
amt,rust-simd,True,1,1,,0,accept,OK
amt,rust-template,True,1,1,,0,accept,OK
amt,rust-template-simd,True,1,1,,0,accept,OK
aoe,c-flowdis-usp,False,1,0,parse-error,0,reject:parse-error,REJ-expected
aoe,c-xdp2-usp,True,1,1,,0,accept,OK
aoe,c-xdp2-parse-only,True,1,1,,0,accept,OK
aoe,c-xdp2-mono,True,1,1,,0,accept,OK
aoe,c-bpf-xdp2,False,1,0,verifier,0,reject:verifier,REJ-expected
aoe,rust-graph,True,1,1,,0,accept,OK
aoe,rust-graph-enum,False,1,0,ipv4-only,0,reject:ipv4-only,REJ-expected
aoe,rust-mono,True,1,1,,0,accept,OK
aoe,rust-mono-x4,True,1,1,,0,accept,OK
aoe,rust-compiled,True,1,1,,0,accept,OK
aoe,rust-simd,True,1,1,,0,accept,OK
aoe,rust-template,False,1,0,no-template,0,reject:no-template,REJ-expected
aoe,rust-template-simd,False,1,0,no-template,0,reject:no-template,REJ-expected
appletalk,c-flowdis-usp,False,1,0,parse-error,0,reject:parse-error,REJ-expected
appletalk,c-xdp2-usp,True,1,1,,0,accept,OK
appletalk,c-xdp2-parse-only,True,1,1,,0,accept,OK
appletalk,c-xdp2-mono,True,1,1,,0,accept,OK
appletalk,c-bpf-xdp2,False,1,0,verifier,0,reject:verifier,REJ-expected
appletalk,rust-graph,True,1,1,,0,accept,OK
appletalk,rust-graph-enum,False,1,0,ipv4-only,0,reject:ipv4-only,REJ-expected
appletalk,rust-mono,True,1,1,,0,accept,OK
appletalk,rust-mono-x4,True,1,1,,0,accept,OK
appletalk,rust-compiled,True,1,1,,0,accept,OK
appletalk,rust-simd,True,1,1,,0,accept,OK
appletalk,rust-template,False,1,0,no-template,0,reject:no-template,REJ-expected
appletalk,rust-template-simd,False,1,0,no-template,0,reject:no-template,REJ-expected
arp,c-flowdis-usp,False,1,0,parse-error,0,reject:parse-error,REJ-expected
arp,c-xdp2-usp,False,1,0,parse-error,0,reject:parse-error,REJ-expected
arp,c-xdp2-parse-only,False,1,0,parse-error,0,reject:parse-error,REJ-expected
arp,c-xdp2-mono,False,1,0,parse-error,0,reject:parse-error,REJ-expected
arp,c-bpf-xdp2,False,1,0,verifier,0,reject:verifier,REJ-expected
arp,rust-graph,False,1,0,parse-error,0,reject:parse-error,REJ-expected
arp,rust-graph-enum,False,1,0,ipv4-only,0,reject:ipv4-only,REJ-expected
arp,rust-mono,False,1,0,parse-error,0,reject:parse-error,REJ-expected
arp,rust-mono-x4,False,1,0,parse-error,0,reject:parse-error,REJ-expected
arp,rust-compiled,False,1,0,parse-error,0,reject:parse-error,REJ-expected
arp,rust-simd,False,1,0,parse-error,0,reject:parse-error,REJ-expected
arp,rust-template,False,1,0,no-template,0,reject:no-template,REJ-expected
arp,rust-template-simd,False,1,0,no-template,0,reject:no-template,REJ-expected
ata_d2h_fis,c-flowdis-usp,False,1,0,parse-error,0,reject:parse-error,REJ-expected
ata_d2h_fis,c-xdp2-usp,False,1,0,parse-error,0,reject:parse-error,REJ-expected
ata_d2h_fis,c-xdp2-parse-only,False,1,0,parse-error,0,reject:parse-error,REJ-expected
ata_d2h_fis,c-xdp2-mono,False,1,0,parse-error,0,reject:parse-error,REJ-expected
ata_d2h_fis,c-bpf-xdp2,False,1,0,verifier,0,reject:verifier,REJ-expected
ata_d2h_fis,rust-graph,False,1,0,parse-error,0,reject:parse-error,REJ-expected
ata_d2h_fis,rust-graph-enum,False,1,0,ipv4-only,0,reject:ipv4-only,REJ-expected
ata_d2h_fis,rust-mono,False,1,0,parse-error,0,reject:parse-error,REJ-expected
ata_d2h_fis,rust-mono-x4,False,1,0,parse-error,0,reject:parse-error,REJ-expected
ata_d2h_fis,rust-compiled,False,1,0,parse-error,0,reject:parse-error,REJ-expected
ata_d2h_fis,rust-simd,False,1,0,parse-error,0,reject:parse-error,REJ-expected
ata_d2h_fis,rust-template,False,1,0,no-template,0,reject:no-template,REJ-expected
ata_d2h_fis,rust-template-simd,False,1,0,no-template,0,reject:no-template,REJ-expected
ata_h2d_fis,c-flowdis-usp,False,1,0,parse-error,0,reject:parse-error,REJ-expected
ata_h2d_fis,c-xdp2-usp,False,1,0,parse-error,0,reject:parse-error,REJ-expected
ata_h2d_fis,c-xdp2-parse-only,False,1,0,parse-error,0,reject:parse-error,REJ-expected
ata_h2d_fis,c-xdp2-mono,False,1,0,parse-error,0,reject:parse-error,REJ-expected
ata_h2d_fis,c-bpf-xdp2,False,1,0,verifier,0,reject:verifier,REJ-expected
ata_h2d_fis,rust-graph,False,1,0,parse-error,0,reject:parse-error,REJ-expected
ata_h2d_fis,rust-graph-enum,False,1,0,ipv4-only,0,reject:ipv4-only,REJ-expected
ata_h2d_fis,rust-mono,False,1,0,parse-error,0,reject:parse-error,REJ-expected
ata_h2d_fis,rust-mono-x4,False,1,0,parse-error,0,reject:parse-error,REJ-expected
ata_h2d_fis,rust-compiled,False,1,0,parse-error,0,reject:parse-error,REJ-expected
ata_h2d_fis,rust-simd,False,1,0,parse-error,0,reject:parse-error,REJ-expected
ata_h2d_fis,rust-template,False,1,0,no-template,0,reject:no-template,REJ-expected
ata_h2d_fis,rust-template-simd,False,1,0,no-template,0,reject:no-template,REJ-expected
avtp,c-flowdis-usp,False,1,0,parse-error,0,reject:parse-error,REJ-expected
avtp,c-xdp2-usp,True,1,1,,0,accept,OK
avtp,c-xdp2-parse-only,True,1,1,,0,accept,OK
avtp,c-xdp2-mono,True,1,1,,0,accept,OK
avtp,c-bpf-xdp2,False,1,0,verifier,0,reject:verifier,REJ-expected
avtp,rust-graph,True,1,1,,0,accept,OK
avtp,rust-graph-enum,False,1,0,ipv4-only,0,reject:ipv4-only,REJ-expected
avtp,rust-mono,True,1,1,,0,accept,OK
avtp,rust-mono-x4,True,1,1,,0,accept,OK
avtp,rust-compiled,True,1,1,,0,accept,OK
avtp,rust-simd,True,1,1,,0,accept,OK
avtp,rust-template,False,1,0,no-template,0,reject:no-template,REJ-expected
avtp,rust-template-simd,False,1,0,no-template,0,reject:no-template,REJ-expected
ayiya,c-flowdis-usp,True,1,1,,0,accept,OK
ayiya,c-xdp2-usp,True,1,1,,0,accept,OK
ayiya,c-xdp2-parse-only,True,1,1,,0,accept,OK
ayiya,c-xdp2-mono,True,1,1,,0,accept,OK
ayiya,c-bpf-xdp2,False,1,0,verifier,0,reject:verifier,REJ-expected
ayiya,rust-graph,True,1,1,,0,accept,OK
ayiya,rust-graph-enum,True,1,1,,0,accept,OK
ayiya,rust-mono,True,1,1,,0,accept,OK
ayiya,rust-mono-x4,True,1,1,,0,accept,OK
ayiya,rust-compiled,True,1,1,,0,accept,OK
ayiya,rust-simd,True,1,1,,0,accept,OK
ayiya,rust-template,True,1,1,,0,accept,OK
ayiya,rust-template-simd,True,1,1,,0,accept,OK
babel,c-flowdis-usp,True,1,1,,0,accept,OK
babel,c-xdp2-usp,True,1,1,,0,accept,OK
babel,c-xdp2-parse-only,True,1,1,,0,accept,OK
babel,c-xdp2-mono,True,1,1,,0,accept,OK
babel,c-bpf-xdp2,False,1,0,verifier,0,reject:verifier,REJ-expected
babel,rust-graph,True,1,1,,0,accept,OK
babel,rust-graph-enum,True,1,1,,0,accept,OK
babel,rust-mono,True,1,1,,0,accept,OK
babel,rust-mono-x4,True,1,1,,0,accept,OK
babel,rust-compiled,True,1,1,,0,accept,OK
babel,rust-simd,True,1,1,,0,accept,OK
babel,rust-template,True,1,1,,0,accept,OK
babel,rust-template-simd,True,1,1,,0,accept,OK
bacnet,c-flowdis-usp,True,1,1,,0,accept,OK
bacnet,c-xdp2-usp,True,1,1,,0,accept,OK
bacnet,c-xdp2-parse-only,True,1,1,,0,accept,OK
bacnet,c-xdp2-mono,True,1,1,,0,accept,OK
bacnet,c-bpf-xdp2,False,1,0,verifier,0,reject:verifier,REJ-expected
bacnet,rust-graph,True,1,1,,0,accept,OK
bacnet,rust-graph-enum,True,1,1,,0,accept,OK
bacnet,rust-mono,True,1,1,,0,accept,OK
bacnet,rust-mono-x4,True,1,1,,0,accept,OK
bacnet,rust-compiled,True,1,1,,0,accept,OK
bacnet,rust-simd,True,1,1,,0,accept,OK
bacnet,rust-template,True,1,1,,0,accept,OK
bacnet,rust-template-simd,True,1,1,,0,accept,OK
batman,c-flowdis-usp,False,1,0,parse-error,0,reject:parse-error,REJ-expected
batman,c-xdp2-usp,False,1,0,parse-error,0,reject:parse-error,REJ-expected
batman,c-xdp2-parse-only,False,1,0,parse-error,0,reject:parse-error,REJ-expected
batman,c-xdp2-mono,False,1,0,parse-error,0,reject:parse-error,REJ-expected
batman,c-bpf-xdp2,False,1,0,verifier,0,reject:verifier,REJ-expected
batman,rust-graph,False,1,0,parse-error,0,reject:parse-error,REJ-expected
batman,rust-graph-enum,False,1,0,ipv4-only,0,reject:ipv4-only,REJ-expected
batman,rust-mono,True,1,1,,0,accept,OK
batman,rust-mono-x4,True,1,1,,0,accept,OK
batman,rust-compiled,True,1,1,,0,accept,OK
batman,rust-simd,True,1,1,,0,accept,OK
batman,rust-template,False,1,0,no-template,0,reject:no-template,REJ-expected
batman,rust-template-simd,False,1,0,no-template,0,reject:no-template,REJ-expected
bfd,c-flowdis-usp,True,1,1,,0,accept,OK
bfd,c-xdp2-usp,True,1,1,,0,accept,OK
bfd,c-xdp2-parse-only,True,1,1,,0,accept,OK
bfd,c-xdp2-mono,True,1,1,,0,accept,OK
bfd,c-bpf-xdp2,False,1,0,verifier,0,reject:verifier,REJ-expected
bfd,rust-graph,True,1,1,,0,accept,OK
bfd,rust-graph-enum,True,1,1,,0,accept,OK
bfd,rust-mono,True,1,1,,0,accept,OK
bfd,rust-mono-x4,True,1,1,,0,accept,OK
bfd,rust-compiled,True,1,1,,0,accept,OK
bfd,rust-simd,True,1,1,,0,accept,OK
bfd,rust-template,True,1,1,,0,accept,OK
bfd,rust-template-simd,True,1,1,,0,accept,OK
bgp,c-flowdis-usp,True,1,1,,0,accept,OK
bgp,c-xdp2-usp,True,1,1,,0,accept,OK
bgp,c-xdp2-parse-only,True,1,1,,0,accept,OK
bgp,c-xdp2-mono,True,1,1,,0,accept,OK
bgp,c-bpf-xdp2,False,1,0,verifier,0,reject:verifier,REJ-expected
bgp,rust-graph,True,1,1,,0,accept,OK
bgp,rust-graph-enum,True,1,1,,0,accept,OK
bgp,rust-mono,True,1,1,,0,accept,OK
bgp,rust-mono-x4,True,1,1,,0,accept,OK
bgp,rust-compiled,True,1,1,,0,accept,OK
bgp,rust-simd,True,1,1,,0,accept,OK
bgp,rust-template,True,1,1,,0,accept,OK
bgp,rust-template-simd,True,1,1,,0,accept,OK
ble_ll,c-flowdis-usp,False,1,0,parse-error,0,reject:parse-error,REJ-expected
ble_ll,c-xdp2-usp,True,1,1,,0,accept,OK
ble_ll,c-xdp2-parse-only,True,1,1,,0,accept,OK
ble_ll,c-xdp2-mono,True,1,1,,0,accept,OK
ble_ll,c-bpf-xdp2,False,1,0,verifier,0,reject:verifier,REJ-expected
ble_ll,rust-graph,True,1,1,,0,accept,OK
ble_ll,rust-graph-enum,False,1,0,ipv4-only,0,reject:ipv4-only,REJ-expected
ble_ll,rust-mono,True,1,1,,0,accept,OK
ble_ll,rust-mono-x4,True,1,1,,0,accept,OK
ble_ll,rust-compiled,True,1,1,,0,accept,OK
ble_ll,rust-simd,True,1,1,,0,accept,OK
ble_ll,rust-template,False,1,0,no-template,0,reject:no-template,REJ-expected
ble_ll,rust-template-simd,False,1,0,no-template,0,reject:no-template,REJ-expected
bmp,c-flowdis-usp,True,1,1,,0,accept,OK
bmp,c-xdp2-usp,True,1,1,,0,accept,OK
bmp,c-xdp2-parse-only,True,1,1,,0,accept,OK
bmp,c-xdp2-mono,True,1,1,,0,accept,OK
bmp,c-bpf-xdp2,False,1,0,verifier,0,reject:verifier,REJ-expected
bmp,rust-graph,True,1,1,,0,accept,OK
bmp,rust-graph-enum,True,1,1,,0,accept,OK
bmp,rust-mono,True,1,1,,0,accept,OK
bmp,rust-mono-x4,True,1,1,,0,accept,OK
bmp,rust-compiled,True,1,1,,0,accept,OK
bmp,rust-simd,True,1,1,,0,accept,OK
bmp,rust-template,True,1,1,,0,accept,OK
bmp,rust-template-simd,True,1,1,,0,accept,OK
bt_att,c-flowdis-usp,False,1,0,parse-error,0,reject:parse-error,REJ-expected
bt_att,c-xdp2-usp,True,1,1,,0,accept,OK
bt_att,c-xdp2-parse-only,True,1,1,,0,accept,OK
bt_att,c-xdp2-mono,True,1,1,,0,accept,OK
bt_att,c-bpf-xdp2,False,1,0,verifier,0,reject:verifier,REJ-expected
bt_att,rust-graph,True,1,1,,0,accept,OK
bt_att,rust-graph-enum,False,1,0,ipv4-only,0,reject:ipv4-only,REJ-expected
bt_att,rust-mono,True,1,1,,0,accept,OK
bt_att,rust-mono-x4,True,1,1,,0,accept,OK
bt_att,rust-compiled,True,1,1,,0,accept,OK
bt_att,rust-simd,True,1,1,,0,accept,OK
bt_att,rust-template,False,1,0,no-template,0,reject:no-template,REJ-expected
bt_att,rust-template-simd,False,1,0,no-template,0,reject:no-template,REJ-expected
bt_bnep,c-flowdis-usp,False,1,0,parse-error,0,reject:parse-error,REJ-expected
bt_bnep,c-xdp2-usp,True,1,1,,0,accept,OK
bt_bnep,c-xdp2-parse-only,True,1,1,,0,accept,OK
bt_bnep,c-xdp2-mono,True,1,1,,0,accept,OK
bt_bnep,c-bpf-xdp2,False,1,0,verifier,0,reject:verifier,REJ-expected
bt_bnep,rust-graph,True,1,1,,0,accept,OK
bt_bnep,rust-graph-enum,False,1,0,ipv4-only,0,reject:ipv4-only,REJ-expected
bt_bnep,rust-mono,True,1,1,,0,accept,OK
bt_bnep,rust-mono-x4,True,1,1,,0,accept,OK
bt_bnep,rust-compiled,True,1,1,,0,accept,OK
bt_bnep,rust-simd,True,1,1,,0,accept,OK
bt_bnep,rust-template,False,1,0,no-template,0,reject:no-template,REJ-expected
bt_bnep,rust-template-simd,False,1,0,no-template,0,reject:no-template,REJ-expected
bt_smp,c-flowdis-usp,False,1,0,parse-error,0,reject:parse-error,REJ-expected
bt_smp,c-xdp2-usp,True,1,1,,0,accept,OK
bt_smp,c-xdp2-parse-only,True,1,1,,0,accept,OK
bt_smp,c-xdp2-mono,True,1,1,,0,accept,OK
bt_smp,c-bpf-xdp2,False,1,0,verifier,0,reject:verifier,REJ-expected
bt_smp,rust-graph,True,1,1,,0,accept,OK
bt_smp,rust-graph-enum,False,1,0,ipv4-only,0,reject:ipv4-only,REJ-expected
bt_smp,rust-mono,True,1,1,,0,accept,OK
bt_smp,rust-mono-x4,True,1,1,,0,accept,OK
bt_smp,rust-compiled,True,1,1,,0,accept,OK
bt_smp,rust-simd,True,1,1,,0,accept,OK
bt_smp,rust-template,False,1,0,no-template,0,reject:no-template,REJ-expected
bt_smp,rust-template-simd,False,1,0,no-template,0,reject:no-template,REJ-expected
can,c-flowdis-usp,False,1,0,parse-error,0,reject:parse-error,REJ-expected
can,c-xdp2-usp,False,1,0,parse-error,0,reject:parse-error,REJ-expected
can,c-xdp2-parse-only,False,1,0,parse-error,0,reject:parse-error,REJ-expected
can,c-xdp2-mono,False,1,0,parse-error,0,reject:parse-error,REJ-expected
can,c-bpf-xdp2,False,1,0,verifier,0,reject:verifier,REJ-expected
can,rust-graph,False,1,0,parse-error,0,reject:parse-error,REJ-expected
can,rust-graph-enum,False,1,0,ipv4-only,0,reject:ipv4-only,REJ-expected
can,rust-mono,True,1,1,,0,accept,OK
can,rust-mono-x4,True,1,1,,0,accept,OK
can,rust-compiled,True,1,1,,0,accept,OK
can,rust-simd,True,1,1,,0,accept,OK
can,rust-template,False,1,0,no-template,0,reject:no-template,REJ-expected
can,rust-template-simd,False,1,0,no-template,0,reject:no-template,REJ-expected
can_xl,c-flowdis-usp,False,1,0,parse-error,0,reject:parse-error,REJ-expected
can_xl,c-xdp2-usp,False,1,0,parse-error,0,reject:parse-error,REJ-expected
can_xl,c-xdp2-parse-only,False,1,0,parse-error,0,reject:parse-error,REJ-expected
can_xl,c-xdp2-mono,False,1,0,parse-error,0,reject:parse-error,REJ-expected
can_xl,c-bpf-xdp2,False,1,0,verifier,0,reject:verifier,REJ-expected
can_xl,rust-graph,False,1,0,parse-error,0,reject:parse-error,REJ-expected
can_xl,rust-graph-enum,False,1,0,ipv4-only,0,reject:ipv4-only,REJ-expected
can_xl,rust-mono,True,1,1,,0,accept,OK
can_xl,rust-mono-x4,True,1,1,,0,accept,OK
can_xl,rust-compiled,True,1,1,,0,accept,OK
can_xl,rust-simd,True,1,1,,0,accept,OK
can_xl,rust-template,False,1,0,no-template,0,reject:no-template,REJ-expected
can_xl,rust-template-simd,False,1,0,no-template,0,reject:no-template,REJ-expected
capwap,c-flowdis-usp,True,1,1,,0,accept,OK
capwap,c-xdp2-usp,False,1,0,parse-error,0,reject:parse-error,REJ-expected
capwap,c-xdp2-parse-only,False,1,0,parse-error,0,reject:parse-error,REJ-expected
capwap,c-xdp2-mono,False,1,0,parse-error,0,reject:parse-error,REJ-expected
capwap,c-bpf-xdp2,False,1,0,verifier,0,reject:verifier,REJ-expected
capwap,rust-graph,False,1,0,parse-error,0,reject:parse-error,REJ-expected
capwap,rust-graph-enum,False,1,0,ipv4-only,0,reject:ipv4-only,REJ-expected
capwap,rust-mono,True,1,1,,0,accept,OK
capwap,rust-mono-x4,True,1,1,,0,accept,OK
capwap,rust-compiled,True,1,1,,0,accept,OK
capwap,rust-simd,True,1,1,,0,accept,OK
capwap,rust-template,True,1,1,,0,accept,OK
capwap,rust-template-simd,True,1,1,,0,accept,OK
carp,c-flowdis-usp,True,1,1,,0,accept,OK
carp,c-xdp2-usp,True,1,1,,0,accept,OK
carp,c-xdp2-parse-only,True,1,1,,0,accept,OK
carp,c-xdp2-mono,True,1,1,,0,accept,OK
carp,c-bpf-xdp2,False,1,0,verifier,0,reject:verifier,REJ-expected
carp,rust-graph,True,1,1,,0,accept,OK
carp,rust-graph-enum,False,1,0,ipv4-only,0,reject:ipv4-only,REJ-expected
carp,rust-mono,True,1,1,,0,accept,OK
carp,rust-mono-x4,True,1,1,,0,accept,OK
carp,rust-compiled,True,1,1,,0,accept,OK
carp,rust-simd,True,1,1,,0,accept,OK
carp,rust-template,True,1,1,,0,accept,OK
carp,rust-template-simd,True,1,1,,0,accept,OK
cassandra,c-flowdis-usp,True,1,1,,0,accept,OK
cassandra,c-xdp2-usp,True,1,1,,0,accept,OK
cassandra,c-xdp2-parse-only,True,1,1,,0,accept,OK
cassandra,c-xdp2-mono,True,1,1,,0,accept,OK
cassandra,c-bpf-xdp2,False,1,0,verifier,0,reject:verifier,REJ-expected
cassandra,rust-graph,True,1,1,,0,accept,OK
cassandra,rust-graph-enum,True,1,1,,0,accept,OK
cassandra,rust-mono,True,1,1,,0,accept,OK
cassandra,rust-mono-x4,True,1,1,,0,accept,OK
cassandra,rust-compiled,True,1,1,,0,accept,OK
cassandra,rust-simd,True,1,1,,0,accept,OK
cassandra,rust-template,True,1,1,,0,accept,OK
cassandra,rust-template-simd,True,1,1,,0,accept,OK
cdp,c-flowdis-usp,False,1,0,parse-error,0,reject:parse-error,REJ-expected
cdp,c-xdp2-usp,True,1,1,,0,accept,OK
cdp,c-xdp2-parse-only,True,1,1,,0,accept,OK
cdp,c-xdp2-mono,True,1,1,,0,accept,OK
cdp,c-bpf-xdp2,False,1,0,verifier,0,reject:verifier,REJ-expected
cdp,rust-graph,True,1,1,,0,accept,OK
cdp,rust-graph-enum,False,1,0,ipv4-only,0,reject:ipv4-only,REJ-expected
cdp,rust-mono,True,1,1,,0,accept,OK
cdp,rust-mono-x4,True,1,1,,0,accept,OK
cdp,rust-compiled,True,1,1,,0,accept,OK
cdp,rust-simd,True,1,1,,0,accept,OK
cdp,rust-template,False,1,0,no-template,0,reject:no-template,REJ-expected
cdp,rust-template-simd,False,1,0,no-template,0,reject:no-template,REJ-expected
cflow,c-flowdis-usp,True,1,1,,0,accept,OK
cflow,c-xdp2-usp,True,1,1,,0,accept,OK
cflow,c-xdp2-parse-only,True,1,1,,0,accept,OK
cflow,c-xdp2-mono,True,1,1,,0,accept,OK
cflow,c-bpf-xdp2,False,1,0,verifier,0,reject:verifier,REJ-expected
cflow,rust-graph,True,1,1,,0,accept,OK
cflow,rust-graph-enum,True,1,1,,0,accept,OK
cflow,rust-mono,True,1,1,,0,accept,OK
cflow,rust-mono-x4,True,1,1,,0,accept,OK
cflow,rust-compiled,True,1,1,,0,accept,OK
cflow,rust-simd,True,1,1,,0,accept,OK
cflow,rust-template,True,1,1,,0,accept,OK
cflow,rust-template-simd,True,1,1,,0,accept,OK
cfm,c-flowdis-usp,False,1,0,parse-error,0,reject:parse-error,REJ-expected
cfm,c-xdp2-usp,True,1,1,,0,accept,OK
cfm,c-xdp2-parse-only,True,1,1,,0,accept,OK
cfm,c-xdp2-mono,True,1,1,,0,accept,OK
cfm,c-bpf-xdp2,False,1,0,verifier,0,reject:verifier,REJ-expected
cfm,rust-graph,True,1,1,,0,accept,OK
cfm,rust-graph-enum,False,1,0,ipv4-only,0,reject:ipv4-only,REJ-expected
cfm,rust-mono,True,1,1,,0,accept,OK
cfm,rust-mono-x4,True,1,1,,0,accept,OK
cfm,rust-compiled,True,1,1,,0,accept,OK
cfm,rust-simd,True,1,1,,0,accept,OK
cfm,rust-template,False,1,0,no-template,0,reject:no-template,REJ-expected
cfm,rust-template-simd,False,1,0,no-template,0,reject:no-template,REJ-expected
chargen,c-flowdis-usp,True,1,1,,0,accept,OK
chargen,c-xdp2-usp,True,1,1,,0,accept,OK
chargen,c-xdp2-parse-only,True,1,1,,0,accept,OK
chargen,c-xdp2-mono,True,1,1,,0,accept,OK
chargen,c-bpf-xdp2,False,1,0,verifier,0,reject:verifier,REJ-expected
chargen,rust-graph,True,1,1,,0,accept,OK
chargen,rust-graph-enum,True,1,1,,0,accept,OK
chargen,rust-mono,True,1,1,,0,accept,OK
chargen,rust-mono-x4,True,1,1,,0,accept,OK
chargen,rust-compiled,True,1,1,,0,accept,OK
chargen,rust-simd,True,1,1,,0,accept,OK
chargen,rust-template,True,1,1,,0,accept,OK
chargen,rust-template-simd,True,1,1,,0,accept,OK
cifs,c-flowdis-usp,True,1,1,,0,accept,OK
cifs,c-xdp2-usp,True,1,1,,0,accept,OK
cifs,c-xdp2-parse-only,True,1,1,,0,accept,OK
cifs,c-xdp2-mono,True,1,1,,0,accept,OK
cifs,c-bpf-xdp2,False,1,0,verifier,0,reject:verifier,REJ-expected
cifs,rust-graph,True,1,1,,0,accept,OK
cifs,rust-graph-enum,True,1,1,,0,accept,OK
cifs,rust-mono,True,1,1,,0,accept,OK
cifs,rust-mono-x4,True,1,1,,0,accept,OK
cifs,rust-compiled,True,1,1,,0,accept,OK
cifs,rust-simd,True,1,1,,0,accept,OK
cifs,rust-template,True,1,1,,0,accept,OK
cifs,rust-template-simd,True,1,1,,0,accept,OK
cmp,c-flowdis-usp,True,1,1,,0,accept,OK
cmp,c-xdp2-usp,True,1,1,,0,accept,OK
cmp,c-xdp2-parse-only,True,1,1,,0,accept,OK
cmp,c-xdp2-mono,True,1,1,,0,accept,OK
cmp,c-bpf-xdp2,False,1,0,verifier,0,reject:verifier,REJ-expected
cmp,rust-graph,True,1,1,,0,accept,OK
cmp,rust-graph-enum,True,1,1,,0,accept,OK
cmp,rust-mono,True,1,1,,0,accept,OK
cmp,rust-mono-x4,True,1,1,,0,accept,OK
cmp,rust-compiled,True,1,1,,0,accept,OK
cmp,rust-simd,True,1,1,,0,accept,OK
cmp,rust-template,True,1,1,,0,accept,OK
cmp,rust-template-simd,True,1,1,,0,accept,OK
cnp,c-flowdis-usp,True,1,1,,0,accept,OK
cnp,c-xdp2-usp,True,1,1,,0,accept,OK
cnp,c-xdp2-parse-only,True,1,1,,0,accept,OK
cnp,c-xdp2-mono,True,1,1,,0,accept,OK
cnp,c-bpf-xdp2,False,1,0,verifier,0,reject:verifier,REJ-expected
cnp,rust-graph,True,1,1,,0,accept,OK
cnp,rust-graph-enum,True,1,1,,0,accept,OK
cnp,rust-mono,True,1,1,,0,accept,OK
cnp,rust-mono-x4,True,1,1,,0,accept,OK
cnp,rust-compiled,True,1,1,,0,accept,OK
cnp,rust-simd,True,1,1,,0,accept,OK
cnp,rust-template,True,1,1,,0,accept,OK
cnp,rust-template-simd,True,1,1,,0,accept,OK
coap,c-flowdis-usp,True,1,1,,0,accept,OK
coap,c-xdp2-usp,True,1,1,,0,accept,OK
coap,c-xdp2-parse-only,True,1,1,,0,accept,OK
coap,c-xdp2-mono,True,1,1,,0,accept,OK
coap,c-bpf-xdp2,False,1,0,verifier,0,reject:verifier,REJ-expected
coap,rust-graph,True,1,1,,0,accept,OK
coap,rust-graph-enum,True,1,1,,0,accept,OK
coap,rust-mono,True,1,1,,0,accept,OK
coap,rust-mono-x4,True,1,1,,0,accept,OK
coap,rust-compiled,True,1,1,,0,accept,OK
coap,rust-simd,True,1,1,,0,accept,OK
coap,rust-template,True,1,1,,0,accept,OK
coap,rust-template-simd,True,1,1,,0,accept,OK
collectd,c-flowdis-usp,True,1,1,,0,accept,OK
collectd,c-xdp2-usp,True,1,1,,0,accept,OK
collectd,c-xdp2-parse-only,True,1,1,,0,accept,OK
collectd,c-xdp2-mono,True,1,1,,0,accept,OK
collectd,c-bpf-xdp2,False,1,0,verifier,0,reject:verifier,REJ-expected
collectd,rust-graph,True,1,1,,0,accept,OK
collectd,rust-graph-enum,True,1,1,,0,accept,OK
collectd,rust-mono,True,1,1,,0,accept,OK
collectd,rust-mono-x4,True,1,1,,0,accept,OK
collectd,rust-compiled,True,1,1,,0,accept,OK
collectd,rust-simd,True,1,1,,0,accept,OK
collectd,rust-template,True,1,1,,0,accept,OK
collectd,rust-template-simd,True,1,1,,0,accept,OK
cops,c-flowdis-usp,True,1,1,,0,accept,OK
cops,c-xdp2-usp,True,1,1,,0,accept,OK
cops,c-xdp2-parse-only,True,1,1,,0,accept,OK
cops,c-xdp2-mono,True,1,1,,0,accept,OK
cops,c-bpf-xdp2,False,1,0,verifier,0,reject:verifier,REJ-expected
cops,rust-graph,True,1,1,,0,accept,OK
cops,rust-graph-enum,True,1,1,,0,accept,OK
cops,rust-mono,True,1,1,,0,accept,OK
cops,rust-mono-x4,True,1,1,,0,accept,OK
cops,rust-compiled,True,1,1,,0,accept,OK
cops,rust-simd,True,1,1,,0,accept,OK
cops,rust-template,True,1,1,,0,accept,OK
cops,rust-template-simd,True,1,1,,0,accept,OK
daytime,c-flowdis-usp,True,1,1,,0,accept,OK
daytime,c-xdp2-usp,True,1,1,,0,accept,OK
daytime,c-xdp2-parse-only,True,1,1,,0,accept,OK
daytime,c-xdp2-mono,True,1,1,,0,accept,OK
daytime,c-bpf-xdp2,False,1,0,verifier,0,reject:verifier,REJ-expected
daytime,rust-graph,True,1,1,,0,accept,OK
daytime,rust-graph-enum,True,1,1,,0,accept,OK
daytime,rust-mono,True,1,1,,0,accept,OK
daytime,rust-mono-x4,True,1,1,,0,accept,OK
daytime,rust-compiled,True,1,1,,0,accept,OK
daytime,rust-simd,True,1,1,,0,accept,OK
daytime,rust-template,True,1,1,,0,accept,OK
daytime,rust-template-simd,True,1,1,,0,accept,OK
dccp,c-flowdis-usp,True,1,1,,0,accept,OK
dccp,c-xdp2-usp,True,1,1,,0,accept,OK
dccp,c-xdp2-parse-only,True,1,1,,0,accept,OK
dccp,c-xdp2-mono,True,1,1,,0,accept,OK
dccp,c-bpf-xdp2,False,1,0,verifier,0,reject:verifier,REJ-expected
dccp,rust-graph,True,1,1,,0,accept,OK
dccp,rust-graph-enum,False,1,0,ipv4-only,0,reject:ipv4-only,REJ-expected
dccp,rust-mono,True,1,1,,0,accept,OK
dccp,rust-mono-x4,True,1,1,,0,accept,OK
dccp,rust-compiled,True,1,1,,0,accept,OK
dccp,rust-simd,True,1,1,,0,accept,OK
dccp,rust-template,True,1,1,,0,accept,OK
dccp,rust-template-simd,True,1,1,,0,accept,OK
dhcp,c-flowdis-usp,True,1,1,,0,accept,OK
dhcp,c-xdp2-usp,True,1,1,,0,accept,OK
dhcp,c-xdp2-parse-only,True,1,1,,0,accept,OK
dhcp,c-xdp2-mono,True,1,1,,0,accept,OK
dhcp,c-bpf-xdp2,False,1,0,verifier,0,reject:verifier,REJ-expected
dhcp,rust-graph,True,1,1,,0,accept,OK
dhcp,rust-graph-enum,True,1,1,,0,accept,OK
dhcp,rust-mono,True,1,1,,0,accept,OK
dhcp,rust-mono-x4,True,1,1,,0,accept,OK
dhcp,rust-compiled,True,1,1,,0,accept,OK
dhcp,rust-simd,True,1,1,,0,accept,OK
dhcp,rust-template,True,1,1,,0,accept,OK
dhcp,rust-template-simd,True,1,1,,0,accept,OK
dhcp_option,c-flowdis-usp,True,1,1,,0,accept,OK
dhcp_option,c-xdp2-usp,True,1,1,,0,accept,OK
dhcp_option,c-xdp2-parse-only,True,1,1,,0,accept,OK
dhcp_option,c-xdp2-mono,True,1,1,,0,accept,OK
dhcp_option,c-bpf-xdp2,False,1,0,verifier,0,reject:verifier,REJ-expected
dhcp_option,rust-graph,True,1,1,,0,accept,OK
dhcp_option,rust-graph-enum,True,1,1,,0,accept,OK
dhcp_option,rust-mono,True,1,1,,0,accept,OK
dhcp_option,rust-mono-x4,True,1,1,,0,accept,OK
dhcp_option,rust-compiled,True,1,1,,0,accept,OK
dhcp_option,rust-simd,True,1,1,,0,accept,OK
dhcp_option,rust-template,True,1,1,,0,accept,OK
dhcp_option,rust-template-simd,True,1,1,,0,accept,OK
dhcpv6,c-flowdis-usp,True,1,1,,0,accept,OK
dhcpv6,c-xdp2-usp,True,1,1,,0,accept,OK
dhcpv6,c-xdp2-parse-only,True,1,1,,0,accept,OK
dhcpv6,c-xdp2-mono,True,1,1,,0,accept,OK
dhcpv6,c-bpf-xdp2,False,1,0,verifier,0,reject:verifier,REJ-expected
dhcpv6,rust-graph,True,1,1,,0,accept,OK
dhcpv6,rust-graph-enum,False,1,0,ipv4-only,0,reject:ipv4-only,REJ-expected
dhcpv6,rust-mono,True,1,1,,0,accept,OK
dhcpv6,rust-mono-x4,True,1,1,,0,accept,OK
dhcpv6,rust-compiled,True,1,1,,0,accept,OK
dhcpv6,rust-simd,True,1,1,,0,accept,OK
dhcpv6,rust-template,True,1,1,,0,accept,OK
dhcpv6,rust-template-simd,True,1,1,,0,accept,OK
dhcpv6_option,c-flowdis-usp,True,1,1,,0,accept,OK
dhcpv6_option,c-xdp2-usp,True,1,1,,0,accept,OK
dhcpv6_option,c-xdp2-parse-only,True,1,1,,0,accept,OK
dhcpv6_option,c-xdp2-mono,True,1,1,,0,accept,OK
dhcpv6_option,c-bpf-xdp2,False,1,0,verifier,0,reject:verifier,REJ-expected
dhcpv6_option,rust-graph,True,1,1,,0,accept,OK
dhcpv6_option,rust-graph-enum,True,1,1,,0,accept,OK
dhcpv6_option,rust-mono,True,1,1,,0,accept,OK
dhcpv6_option,rust-mono-x4,True,1,1,,0,accept,OK
dhcpv6_option,rust-compiled,True,1,1,,0,accept,OK
dhcpv6_option,rust-simd,True,1,1,,0,accept,OK
dhcpv6_option,rust-template,True,1,1,,0,accept,OK
dhcpv6_option,rust-template-simd,True,1,1,,0,accept,OK
diameter,c-flowdis-usp,True,1,1,,0,accept,OK
diameter,c-xdp2-usp,True,1,1,,0,accept,OK
diameter,c-xdp2-parse-only,True,1,1,,0,accept,OK
diameter,c-xdp2-mono,True,1,1,,0,accept,OK
diameter,c-bpf-xdp2,False,1,0,verifier,0,reject:verifier,REJ-expected
diameter,rust-graph,True,1,1,,0,accept,OK
diameter,rust-graph-enum,True,1,1,,0,accept,OK
diameter,rust-mono,True,1,1,,0,accept,OK
diameter,rust-mono-x4,True,1,1,,0,accept,OK
diameter,rust-compiled,True,1,1,,0,accept,OK
diameter,rust-simd,True,1,1,,0,accept,OK
diameter,rust-template,True,1,1,,0,accept,OK
diameter,rust-template-simd,True,1,1,,0,accept,OK
discard,c-flowdis-usp,True,1,1,,0,accept,OK
discard,c-xdp2-usp,True,1,1,,0,accept,OK
discard,c-xdp2-parse-only,True,1,1,,0,accept,OK
discard,c-xdp2-mono,True,1,1,,0,accept,OK
discard,c-bpf-xdp2,False,1,0,verifier,0,reject:verifier,REJ-expected
discard,rust-graph,True,1,1,,0,accept,OK
discard,rust-graph-enum,True,1,1,,0,accept,OK
discard,rust-mono,True,1,1,,0,accept,OK
discard,rust-mono-x4,True,1,1,,0,accept,OK
discard,rust-compiled,True,1,1,,0,accept,OK
discard,rust-simd,True,1,1,,0,accept,OK
discard,rust-template,True,1,1,,0,accept,OK
discard,rust-template-simd,True,1,1,,0,accept,OK
dnp3,c-flowdis-usp,True,1,1,,0,accept,OK
dnp3,c-xdp2-usp,True,1,1,,0,accept,OK
dnp3,c-xdp2-parse-only,True,1,1,,0,accept,OK
dnp3,c-xdp2-mono,True,1,1,,0,accept,OK
dnp3,c-bpf-xdp2,False,1,0,verifier,0,reject:verifier,REJ-expected
dnp3,rust-graph,True,1,1,,0,accept,OK
dnp3,rust-graph-enum,True,1,1,,0,accept,OK
dnp3,rust-mono,True,1,1,,0,accept,OK
dnp3,rust-mono-x4,True,1,1,,0,accept,OK
dnp3,rust-compiled,True,1,1,,0,accept,OK
dnp3,rust-simd,True,1,1,,0,accept,OK
dnp3,rust-template,True,1,1,,0,accept,OK
dnp3,rust-template-simd,True,1,1,,0,accept,OK
dns,c-flowdis-usp,True,1,1,,0,accept,OK
dns,c-xdp2-usp,True,1,1,,0,accept,OK
dns,c-xdp2-parse-only,True,1,1,,0,accept,OK
dns,c-xdp2-mono,True,1,1,,0,accept,OK
dns,c-bpf-xdp2,False,1,0,verifier,0,reject:verifier,REJ-expected
dns,rust-graph,True,1,1,,0,accept,OK
dns,rust-graph-enum,True,1,1,,0,accept,OK
dns,rust-mono,True,1,1,,0,accept,OK
dns,rust-mono-x4,True,1,1,,0,accept,OK
dns,rust-compiled,True,1,1,,0,accept,OK
dns,rust-simd,True,1,1,,0,accept,OK
dns,rust-template,True,1,1,,0,accept,OK
dns,rust-template-simd,True,1,1,,0,accept,OK
dns_tcp,c-flowdis-usp,True,1,1,,0,accept,OK
dns_tcp,c-xdp2-usp,True,1,1,,0,accept,OK
dns_tcp,c-xdp2-parse-only,True,1,1,,0,accept,OK
dns_tcp,c-xdp2-mono,True,1,1,,0,accept,OK
dns_tcp,c-bpf-xdp2,False,1,0,verifier,0,reject:verifier,REJ-expected
dns_tcp,rust-graph,True,1,1,,0,accept,OK
dns_tcp,rust-graph-enum,True,1,1,,0,accept,OK
dns_tcp,rust-mono,True,1,1,,0,accept,OK
dns_tcp,rust-mono-x4,True,1,1,,0,accept,OK
dns_tcp,rust-compiled,True,1,1,,0,accept,OK
dns_tcp,rust-simd,True,1,1,,0,accept,OK
dns_tcp,rust-template,True,1,1,,0,accept,OK
dns_tcp,rust-template-simd,True,1,1,,0,accept,OK
doh,c-flowdis-usp,True,1,1,,0,accept,OK
doh,c-xdp2-usp,True,1,1,,0,accept,OK
doh,c-xdp2-parse-only,True,1,1,,0,accept,OK
doh,c-xdp2-mono,True,1,1,,0,accept,OK
doh,c-bpf-xdp2,False,1,0,verifier,0,reject:verifier,REJ-expected
doh,rust-graph,True,1,1,,0,accept,OK
doh,rust-graph-enum,True,1,1,,0,accept,OK
doh,rust-mono,True,1,1,,0,accept,OK
doh,rust-mono-x4,True,1,1,,0,accept,OK
doh,rust-compiled,True,1,1,,0,accept,OK
doh,rust-simd,True,1,1,,0,accept,OK
doh,rust-template,True,1,1,,0,accept,OK
doh,rust-template-simd,True,1,1,,0,accept,OK
doip,c-flowdis-usp,True,1,1,,0,accept,OK
doip,c-xdp2-usp,True,1,1,,0,accept,OK
doip,c-xdp2-parse-only,True,1,1,,0,accept,OK
doip,c-xdp2-mono,True,1,1,,0,accept,OK
doip,c-bpf-xdp2,False,1,0,verifier,0,reject:verifier,REJ-expected
doip,rust-graph,True,1,1,,0,accept,OK
doip,rust-graph-enum,True,1,1,,0,accept,OK
doip,rust-mono,True,1,1,,0,accept,OK
doip,rust-mono-x4,True,1,1,,0,accept,OK
doip,rust-compiled,True,1,1,,0,accept,OK
doip,rust-simd,True,1,1,,0,accept,OK
doip,rust-template,True,1,1,,0,accept,OK
doip,rust-template-simd,True,1,1,,0,accept,OK
dot,c-flowdis-usp,True,1,1,,0,accept,OK
dot,c-xdp2-usp,True,1,1,,0,accept,OK
dot,c-xdp2-parse-only,True,1,1,,0,accept,OK
dot,c-xdp2-mono,True,1,1,,0,accept,OK
dot,c-bpf-xdp2,False,1,0,verifier,0,reject:verifier,REJ-expected
dot,rust-graph,True,1,1,,0,accept,OK
dot,rust-graph-enum,True,1,1,,0,accept,OK
dot,rust-mono,True,1,1,,0,accept,OK
dot,rust-mono-x4,True,1,1,,0,accept,OK
dot,rust-compiled,True,1,1,,0,accept,OK
dot,rust-simd,True,1,1,,0,accept,OK
dot,rust-template,True,1,1,,0,accept,OK
dot,rust-template-simd,True,1,1,,0,accept,OK
dtls,c-flowdis-usp,True,1,1,,0,accept,OK
dtls,c-xdp2-usp,True,1,1,,0,accept,OK
dtls,c-xdp2-parse-only,True,1,1,,0,accept,OK
dtls,c-xdp2-mono,True,1,1,,0,accept,OK
dtls,c-bpf-xdp2,False,1,0,verifier,0,reject:verifier,REJ-expected
dtls,rust-graph,True,1,1,,0,accept,OK
dtls,rust-graph-enum,True,1,1,,0,accept,OK
dtls,rust-mono,True,1,1,,0,accept,OK
dtls,rust-mono-x4,True,1,1,,0,accept,OK
dtls,rust-compiled,True,1,1,,0,accept,OK
dtls,rust-simd,True,1,1,,0,accept,OK
dtls,rust-template,True,1,1,,0,accept,OK
dtls,rust-template-simd,True,1,1,,0,accept,OK
dtls_13,c-flowdis-usp,True,1,1,,0,accept,OK
dtls_13,c-xdp2-usp,True,1,1,,0,accept,OK
dtls_13,c-xdp2-parse-only,True,1,1,,0,accept,OK
dtls_13,c-xdp2-mono,True,1,1,,0,accept,OK
dtls_13,c-bpf-xdp2,False,1,0,verifier,0,reject:verifier,REJ-expected
dtls_13,rust-graph,True,1,1,,0,accept,OK
dtls_13,rust-graph-enum,True,1,1,,0,accept,OK
dtls_13,rust-mono,True,1,1,,0,accept,OK
dtls_13,rust-mono-x4,True,1,1,,0,accept,OK
dtls_13,rust-compiled,True,1,1,,0,accept,OK
dtls_13,rust-simd,True,1,1,,0,accept,OK
dtls_13,rust-template,True,1,1,,0,accept,OK
dtls_13,rust-template-simd,True,1,1,,0,accept,OK
eap,c-flowdis-usp,False,1,0,parse-error,0,reject:parse-error,REJ-expected
eap,c-xdp2-usp,True,1,1,,0,accept,OK
eap,c-xdp2-parse-only,True,1,1,,0,accept,OK
eap,c-xdp2-mono,True,1,1,,0,accept,OK
eap,c-bpf-xdp2,False,1,0,verifier,0,reject:verifier,REJ-expected
eap,rust-graph,True,1,1,,0,accept,OK
eap,rust-graph-enum,False,1,0,ipv4-only,0,reject:ipv4-only,REJ-expected
eap,rust-mono,True,1,1,,0,accept,OK
eap,rust-mono-x4,True,1,1,,0,accept,OK
eap,rust-compiled,True,1,1,,0,accept,OK
eap,rust-simd,True,1,1,,0,accept,OK
eap,rust-template,False,1,0,no-template,0,reject:no-template,REJ-expected
eap,rust-template-simd,False,1,0,no-template,0,reject:no-template,REJ-expected
eapol,c-flowdis-usp,False,1,0,parse-error,0,reject:parse-error,REJ-expected
eapol,c-xdp2-usp,True,1,1,,0,accept,OK
eapol,c-xdp2-parse-only,True,1,1,,0,accept,OK
eapol,c-xdp2-mono,True,1,1,,0,accept,OK
eapol,c-bpf-xdp2,False,1,0,verifier,0,reject:verifier,REJ-expected
eapol,rust-graph,True,1,1,,0,accept,OK
eapol,rust-graph-enum,False,1,0,ipv4-only,0,reject:ipv4-only,REJ-expected
eapol,rust-mono,True,1,1,,0,accept,OK
eapol,rust-mono-x4,True,1,1,,0,accept,OK
eapol,rust-compiled,True,1,1,,0,accept,OK
eapol,rust-simd,True,1,1,,0,accept,OK
eapol,rust-template,False,1,0,no-template,0,reject:no-template,REJ-expected
eapol,rust-template-simd,False,1,0,no-template,0,reject:no-template,REJ-expected
echo,c-flowdis-usp,True,1,1,,0,accept,OK
echo,c-xdp2-usp,True,1,1,,0,accept,OK
echo,c-xdp2-parse-only,True,1,1,,0,accept,OK
echo,c-xdp2-mono,True,1,1,,0,accept,OK
echo,c-bpf-xdp2,False,1,0,verifier,0,reject:verifier,REJ-expected
echo,rust-graph,True,1,1,,0,accept,OK
echo,rust-graph-enum,True,1,1,,0,accept,OK
echo,rust-mono,True,1,1,,0,accept,OK
echo,rust-mono-x4,True,1,1,,0,accept,OK
echo,rust-compiled,True,1,1,,0,accept,OK
echo,rust-simd,True,1,1,,0,accept,OK
echo,rust-template,True,1,1,,0,accept,OK
echo,rust-template-simd,True,1,1,,0,accept,OK
ecpri,c-flowdis-usp,False,1,0,parse-error,0,reject:parse-error,REJ-expected
ecpri,c-xdp2-usp,True,1,1,,0,accept,OK
ecpri,c-xdp2-parse-only,True,1,1,,0,accept,OK
ecpri,c-xdp2-mono,True,1,1,,0,accept,OK
ecpri,c-bpf-xdp2,False,1,0,verifier,0,reject:verifier,REJ-expected
ecpri,rust-graph,True,1,1,,0,accept,OK
ecpri,rust-graph-enum,False,1,0,ipv4-only,0,reject:ipv4-only,REJ-expected
ecpri,rust-mono,True,1,1,,0,accept,OK
ecpri,rust-mono-x4,True,1,1,,0,accept,OK
ecpri,rust-compiled,True,1,1,,0,accept,OK
ecpri,rust-simd,True,1,1,,0,accept,OK
ecpri,rust-template,False,1,0,no-template,0,reject:no-template,REJ-expected
ecpri,rust-template-simd,False,1,0,no-template,0,reject:no-template,REJ-expected
edsa,c-flowdis-usp,False,1,0,parse-error,0,reject:parse-error,REJ-expected
edsa,c-xdp2-usp,True,1,1,,0,accept,OK
edsa,c-xdp2-parse-only,True,1,1,,0,accept,OK
edsa,c-xdp2-mono,True,1,1,,0,accept,OK
edsa,c-bpf-xdp2,False,1,0,verifier,0,reject:verifier,REJ-expected
edsa,rust-graph,True,1,1,,0,accept,OK
edsa,rust-graph-enum,False,1,0,ipv4-only,0,reject:ipv4-only,REJ-expected
edsa,rust-mono,True,1,1,,0,accept,OK
edsa,rust-mono-x4,True,1,1,,0,accept,OK
edsa,rust-compiled,True,1,1,,0,accept,OK
edsa,rust-simd,True,1,1,,0,accept,OK
edsa,rust-template,False,1,0,no-template,0,reject:no-template,REJ-expected
edsa,rust-template-simd,False,1,0,no-template,0,reject:no-template,REJ-expected
eigrp,c-flowdis-usp,True,1,1,,0,accept,OK
eigrp,c-xdp2-usp,True,1,1,,0,accept,OK
eigrp,c-xdp2-parse-only,True,1,1,,0,accept,OK
eigrp,c-xdp2-mono,True,1,1,,0,accept,OK
eigrp,c-bpf-xdp2,False,1,0,verifier,0,reject:verifier,REJ-expected
eigrp,rust-graph,True,1,1,,0,accept,OK
eigrp,rust-graph-enum,False,1,0,ipv4-only,0,reject:ipv4-only,REJ-expected
eigrp,rust-mono,True,1,1,,0,accept,OK
eigrp,rust-mono-x4,True,1,1,,0,accept,OK
eigrp,rust-compiled,True,1,1,,0,accept,OK
eigrp,rust-simd,True,1,1,,0,accept,OK
eigrp,rust-template,True,1,1,,0,accept,OK
eigrp,rust-template-simd,True,1,1,,0,accept,OK
elasticsearch,c-flowdis-usp,True,1,1,,0,accept,OK
elasticsearch,c-xdp2-usp,True,1,1,,0,accept,OK
elasticsearch,c-xdp2-parse-only,True,1,1,,0,accept,OK
elasticsearch,c-xdp2-mono,True,1,1,,0,accept,OK
elasticsearch,c-bpf-xdp2,False,1,0,verifier,0,reject:verifier,REJ-expected
elasticsearch,rust-graph,True,1,1,,0,accept,OK
elasticsearch,rust-graph-enum,True,1,1,,0,accept,OK
elasticsearch,rust-mono,True,1,1,,0,accept,OK
elasticsearch,rust-mono-x4,True,1,1,,0,accept,OK
elasticsearch,rust-compiled,True,1,1,,0,accept,OK
elasticsearch,rust-simd,True,1,1,,0,accept,OK
elasticsearch,rust-template,True,1,1,,0,accept,OK
elasticsearch,rust-template-simd,True,1,1,,0,accept,OK
enip,c-flowdis-usp,True,1,1,,0,accept,OK
enip,c-xdp2-usp,True,1,1,,0,accept,OK
enip,c-xdp2-parse-only,True,1,1,,0,accept,OK
enip,c-xdp2-mono,True,1,1,,0,accept,OK
enip,c-bpf-xdp2,False,1,0,verifier,0,reject:verifier,REJ-expected
enip,rust-graph,True,1,1,,0,accept,OK
enip,rust-graph-enum,True,1,1,,0,accept,OK
enip,rust-mono,True,1,1,,0,accept,OK
enip,rust-mono-x4,True,1,1,,0,accept,OK
enip,rust-compiled,True,1,1,,0,accept,OK
enip,rust-simd,True,1,1,,0,accept,OK
enip,rust-template,True,1,1,,0,accept,OK
enip,rust-template-simd,True,1,1,,0,accept,OK
erf,c-flowdis-usp,False,1,0,parse-error,0,reject:parse-error,REJ-expected
erf,c-xdp2-usp,False,1,0,parse-error,0,reject:parse-error,REJ-expected
erf,c-xdp2-parse-only,False,1,0,parse-error,0,reject:parse-error,REJ-expected
erf,c-xdp2-mono,False,1,0,parse-error,0,reject:parse-error,REJ-expected
erf,c-bpf-xdp2,False,1,0,verifier,0,reject:verifier,REJ-expected
erf,rust-graph,False,1,0,parse-error,0,reject:parse-error,REJ-expected
erf,rust-graph-enum,False,1,0,ipv4-only,0,reject:ipv4-only,REJ-expected
erf,rust-mono,True,1,1,,0,accept,OK
erf,rust-mono-x4,True,1,1,,0,accept,OK
erf,rust-compiled,True,1,1,,0,accept,OK
erf,rust-simd,True,1,1,,0,accept,OK
erf,rust-template,False,1,0,no-template,0,reject:no-template,REJ-expected
erf,rust-template-simd,False,1,0,no-template,0,reject:no-template,REJ-expected
erspan_v3,c-flowdis-usp,False,1,0,parse-error,0,reject:parse-error,REJ-expected
erspan_v3,c-xdp2-usp,True,1,1,,0,accept,OK
erspan_v3,c-xdp2-parse-only,True,1,1,,0,accept,OK
erspan_v3,c-xdp2-mono,True,1,1,,0,accept,OK
erspan_v3,c-bpf-xdp2,False,1,0,verifier,0,reject:verifier,REJ-expected
erspan_v3,rust-graph,True,1,1,,0,accept,OK
erspan_v3,rust-graph-enum,False,1,0,ipv4-only,0,reject:ipv4-only,REJ-expected
erspan_v3,rust-mono,True,1,1,,0,accept,OK
erspan_v3,rust-mono-x4,True,1,1,,0,accept,OK
erspan_v3,rust-compiled,True,1,1,,0,accept,OK
erspan_v3,rust-simd,True,1,1,,0,accept,OK
erspan_v3,rust-template,False,1,0,no-template,0,reject:no-template,REJ-expected
erspan_v3,rust-template-simd,False,1,0,no-template,0,reject:no-template,REJ-expected
esp,c-flowdis-usp,True,1,1,,0,accept,OK
esp,c-xdp2-usp,True,1,1,,0,accept,OK
esp,c-xdp2-parse-only,True,1,1,,0,accept,OK
esp,c-xdp2-mono,True,1,1,,0,accept,OK
esp,c-bpf-xdp2,False,1,0,verifier,0,reject:verifier,REJ-expected
esp,rust-graph,True,1,1,,0,accept,OK
esp,rust-graph-enum,False,1,0,ipv4-only,0,reject:ipv4-only,REJ-expected
esp,rust-mono,True,1,1,,0,accept,OK
esp,rust-mono-x4,True,1,1,,0,accept,OK
esp,rust-compiled,True,1,1,,0,accept,OK
esp,rust-simd,True,1,1,,0,accept,OK
esp,rust-template,True,1,1,,0,accept,OK
esp,rust-template-simd,True,1,1,,0,accept,OK
esp_null,c-flowdis-usp,True,1,1,,0,accept,OK
esp_null,c-xdp2-usp,True,1,1,,0,accept,OK
esp_null,c-xdp2-parse-only,True,1,1,,0,accept,OK
esp_null,c-xdp2-mono,True,1,1,,0,accept,OK
esp_null,c-bpf-xdp2,False,1,0,verifier,0,reject:verifier,REJ-expected
esp_null,rust-graph,True,1,1,,0,accept,OK
esp_null,rust-graph-enum,False,1,0,ipv4-only,0,reject:ipv4-only,REJ-expected
esp_null,rust-mono,True,1,1,,0,accept,OK
esp_null,rust-mono-x4,True,1,1,,0,accept,OK
esp_null,rust-compiled,True,1,1,,0,accept,OK
esp_null,rust-simd,True,1,1,,0,accept,OK
esp_null,rust-template,True,1,1,,0,accept,OK
esp_null,rust-template-simd,True,1,1,,0,accept,OK
ethercat,c-flowdis-usp,False,1,0,parse-error,0,reject:parse-error,REJ-expected
ethercat,c-xdp2-usp,True,1,1,,0,accept,OK
ethercat,c-xdp2-parse-only,True,1,1,,0,accept,OK
ethercat,c-xdp2-mono,True,1,1,,0,accept,OK
ethercat,c-bpf-xdp2,False,1,0,verifier,0,reject:verifier,REJ-expected
ethercat,rust-graph,True,1,1,,0,accept,OK
ethercat,rust-graph-enum,False,1,0,ipv4-only,0,reject:ipv4-only,REJ-expected
ethercat,rust-mono,True,1,1,,0,accept,OK
ethercat,rust-mono-x4,True,1,1,,0,accept,OK
ethercat,rust-compiled,True,1,1,,0,accept,OK
ethercat,rust-simd,True,1,1,,0,accept,OK
ethercat,rust-template,False,1,0,no-template,0,reject:no-template,REJ-expected
ethercat,rust-template-simd,False,1,0,no-template,0,reject:no-template,REJ-expected
etherip,c-flowdis-usp,True,1,1,,0,accept,OK
etherip,c-xdp2-usp,True,1,1,,0,accept,OK
etherip,c-xdp2-parse-only,True,1,1,,0,accept,OK
etherip,c-xdp2-mono,True,1,1,,0,accept,OK
etherip,c-bpf-xdp2,False,1,0,verifier,0,reject:verifier,REJ-expected
etherip,rust-graph,True,1,1,,0,accept,OK
etherip,rust-graph-enum,False,1,0,ipv4-only,0,reject:ipv4-only,REJ-expected
etherip,rust-mono,True,1,1,,0,accept,OK
etherip,rust-mono-x4,True,1,1,,0,accept,OK
etherip,rust-compiled,True,1,1,,0,accept,OK
etherip,rust-simd,True,1,1,,0,accept,OK
etherip,rust-template,True,1,1,,0,accept,OK
etherip,rust-template-simd,True,1,1,,0,accept,OK
ethernet,c-flowdis-usp,False,1,0,parse-error,0,reject:parse-error,REJ-expected
ethernet,c-xdp2-usp,False,1,0,parse-error,0,reject:parse-error,REJ-expected
ethernet,c-xdp2-parse-only,False,1,0,parse-error,0,reject:parse-error,REJ-expected
ethernet,c-xdp2-mono,False,1,0,parse-error,0,reject:parse-error,REJ-expected
ethernet,c-bpf-xdp2,False,1,0,verifier,0,reject:verifier,REJ-expected
ethernet,rust-graph,False,1,0,parse-error,0,reject:parse-error,REJ-expected
ethernet,rust-graph-enum,False,1,0,ipv4-only,0,reject:ipv4-only,REJ-expected
ethernet,rust-mono,True,1,1,,0,accept,OK
ethernet,rust-mono-x4,True,1,1,,0,accept,OK
ethernet,rust-compiled,True,1,1,,0,accept,OK
ethernet,rust-simd,True,1,1,,0,accept,OK
ethernet,rust-template,False,1,0,no-template,0,reject:no-template,REJ-expected
ethernet,rust-template-simd,False,1,0,no-template,0,reject:no-template,REJ-expected
ethertype_tsn,c-flowdis-usp,False,1,0,parse-error,0,reject:parse-error,REJ-expected
ethertype_tsn,c-xdp2-usp,True,1,1,,0,accept,OK
ethertype_tsn,c-xdp2-parse-only,True,1,1,,0,accept,OK
ethertype_tsn,c-xdp2-mono,True,1,1,,0,accept,OK
ethertype_tsn,c-bpf-xdp2,False,1,0,verifier,0,reject:verifier,REJ-expected
ethertype_tsn,rust-graph,True,1,1,,0,accept,OK
ethertype_tsn,rust-graph-enum,False,1,0,ipv4-only,0,reject:ipv4-only,REJ-expected
ethertype_tsn,rust-mono,True,1,1,,0,accept,OK
ethertype_tsn,rust-mono-x4,True,1,1,,0,accept,OK
ethertype_tsn,rust-compiled,True,1,1,,0,accept,OK
ethertype_tsn,rust-simd,True,1,1,,0,accept,OK
ethertype_tsn,rust-template,False,1,0,no-template,0,reject:no-template,REJ-expected
ethertype_tsn,rust-template-simd,False,1,0,no-template,0,reject:no-template,REJ-expected
falcon_base_ack,c-flowdis-usp,True,1,1,,0,accept,OK
falcon_base_ack,c-xdp2-usp,True,1,1,,0,accept,OK
falcon_base_ack,c-xdp2-parse-only,True,1,1,,0,accept,OK
falcon_base_ack,c-xdp2-mono,True,1,1,,0,accept,OK
falcon_base_ack,c-bpf-xdp2,False,1,0,verifier,0,reject:verifier,REJ-expected
falcon_base_ack,rust-graph,True,1,1,,0,accept,OK
falcon_base_ack,rust-graph-enum,True,1,1,,0,accept,OK
falcon_base_ack,rust-mono,True,1,1,,0,accept,OK
falcon_base_ack,rust-mono-x4,True,1,1,,0,accept,OK
falcon_base_ack,rust-compiled,True,1,1,,0,accept,OK
falcon_base_ack,rust-simd,True,1,1,,0,accept,OK
falcon_base_ack,rust-template,True,1,1,,0,accept,OK
falcon_base_ack,rust-template-simd,True,1,1,,0,accept,OK
falcon_ext_ack,c-flowdis-usp,True,1,1,,0,accept,OK
falcon_ext_ack,c-xdp2-usp,True,1,1,,0,accept,OK
falcon_ext_ack,c-xdp2-parse-only,True,1,1,,0,accept,OK
falcon_ext_ack,c-xdp2-mono,True,1,1,,0,accept,OK
falcon_ext_ack,c-bpf-xdp2,False,1,0,verifier,0,reject:verifier,REJ-expected
falcon_ext_ack,rust-graph,True,1,1,,0,accept,OK
falcon_ext_ack,rust-graph-enum,True,1,1,,0,accept,OK
falcon_ext_ack,rust-mono,True,1,1,,0,accept,OK
falcon_ext_ack,rust-mono-x4,True,1,1,,0,accept,OK
falcon_ext_ack,rust-compiled,True,1,1,,0,accept,OK
falcon_ext_ack,rust-simd,True,1,1,,0,accept,OK
falcon_ext_ack,rust-template,True,1,1,,0,accept,OK
falcon_ext_ack,rust-template-simd,True,1,1,,0,accept,OK
falcon_nack,c-flowdis-usp,True,1,1,,0,accept,OK
falcon_nack,c-xdp2-usp,True,1,1,,0,accept,OK
falcon_nack,c-xdp2-parse-only,True,1,1,,0,accept,OK
falcon_nack,c-xdp2-mono,True,1,1,,0,accept,OK
falcon_nack,c-bpf-xdp2,False,1,0,verifier,0,reject:verifier,REJ-expected
falcon_nack,rust-graph,True,1,1,,0,accept,OK
falcon_nack,rust-graph-enum,True,1,1,,0,accept,OK
falcon_nack,rust-mono,True,1,1,,0,accept,OK
falcon_nack,rust-mono-x4,True,1,1,,0,accept,OK
falcon_nack,rust-compiled,True,1,1,,0,accept,OK
falcon_nack,rust-simd,True,1,1,,0,accept,OK
falcon_nack,rust-template,True,1,1,,0,accept,OK
falcon_nack,rust-template-simd,True,1,1,,0,accept,OK
falcon_pull_data,c-flowdis-usp,True,1,1,,0,accept,OK
falcon_pull_data,c-xdp2-usp,True,1,1,,0,accept,OK
falcon_pull_data,c-xdp2-parse-only,True,1,1,,0,accept,OK
falcon_pull_data,c-xdp2-mono,True,1,1,,0,accept,OK
falcon_pull_data,c-bpf-xdp2,False,1,0,verifier,0,reject:verifier,REJ-expected
falcon_pull_data,rust-graph,True,1,1,,0,accept,OK
falcon_pull_data,rust-graph-enum,True,1,1,,0,accept,OK
falcon_pull_data,rust-mono,True,1,1,,0,accept,OK
falcon_pull_data,rust-mono-x4,True,1,1,,0,accept,OK
falcon_pull_data,rust-compiled,True,1,1,,0,accept,OK
falcon_pull_data,rust-simd,True,1,1,,0,accept,OK
falcon_pull_data,rust-template,True,1,1,,0,accept,OK
falcon_pull_data,rust-template-simd,True,1,1,,0,accept,OK
falcon_pull_request,c-flowdis-usp,True,1,1,,0,accept,OK
falcon_pull_request,c-xdp2-usp,True,1,1,,0,accept,OK
falcon_pull_request,c-xdp2-parse-only,True,1,1,,0,accept,OK
falcon_pull_request,c-xdp2-mono,True,1,1,,0,accept,OK
falcon_pull_request,c-bpf-xdp2,False,1,0,verifier,0,reject:verifier,REJ-expected
falcon_pull_request,rust-graph,True,1,1,,0,accept,OK
falcon_pull_request,rust-graph-enum,True,1,1,,0,accept,OK
falcon_pull_request,rust-mono,True,1,1,,0,accept,OK
falcon_pull_request,rust-mono-x4,True,1,1,,0,accept,OK
falcon_pull_request,rust-compiled,True,1,1,,0,accept,OK
falcon_pull_request,rust-simd,True,1,1,,0,accept,OK
falcon_pull_request,rust-template,True,1,1,,0,accept,OK
falcon_pull_request,rust-template-simd,True,1,1,,0,accept,OK
falcon_push_data,c-flowdis-usp,True,1,1,,0,accept,OK
falcon_push_data,c-xdp2-usp,True,1,1,,0,accept,OK
falcon_push_data,c-xdp2-parse-only,True,1,1,,0,accept,OK
falcon_push_data,c-xdp2-mono,True,1,1,,0,accept,OK
falcon_push_data,c-bpf-xdp2,False,1,0,verifier,0,reject:verifier,REJ-expected
falcon_push_data,rust-graph,True,1,1,,0,accept,OK
falcon_push_data,rust-graph-enum,True,1,1,,0,accept,OK
falcon_push_data,rust-mono,True,1,1,,0,accept,OK
falcon_push_data,rust-mono-x4,True,1,1,,0,accept,OK
falcon_push_data,rust-compiled,True,1,1,,0,accept,OK
falcon_push_data,rust-simd,True,1,1,,0,accept,OK
falcon_push_data,rust-template,True,1,1,,0,accept,OK
falcon_push_data,rust-template-simd,True,1,1,,0,accept,OK
falcon_resync,c-flowdis-usp,True,1,1,,0,accept,OK
falcon_resync,c-xdp2-usp,True,1,1,,0,accept,OK
falcon_resync,c-xdp2-parse-only,True,1,1,,0,accept,OK
falcon_resync,c-xdp2-mono,True,1,1,,0,accept,OK
falcon_resync,c-bpf-xdp2,False,1,0,verifier,0,reject:verifier,REJ-expected
falcon_resync,rust-graph,True,1,1,,0,accept,OK
falcon_resync,rust-graph-enum,True,1,1,,0,accept,OK
falcon_resync,rust-mono,True,1,1,,0,accept,OK
falcon_resync,rust-mono-x4,True,1,1,,0,accept,OK
falcon_resync,rust-compiled,True,1,1,,0,accept,OK
falcon_resync,rust-simd,True,1,1,,0,accept,OK
falcon_resync,rust-template,True,1,1,,0,accept,OK
falcon_resync,rust-template-simd,True,1,1,,0,accept,OK
fc,c-flowdis-usp,False,1,0,parse-error,0,reject:parse-error,REJ-expected
fc,c-xdp2-usp,True,1,1,,0,accept,OK
fc,c-xdp2-parse-only,True,1,1,,0,accept,OK
fc,c-xdp2-mono,True,1,1,,0,accept,OK
fc,c-bpf-xdp2,False,1,0,verifier,0,reject:verifier,REJ-expected
fc,rust-graph,True,1,1,,0,accept,OK
fc,rust-graph-enum,False,1,0,ipv4-only,0,reject:ipv4-only,REJ-expected
fc,rust-mono,True,1,1,,0,accept,OK
fc,rust-mono-x4,True,1,1,,0,accept,OK
fc,rust-compiled,True,1,1,,0,accept,OK
fc,rust-simd,True,1,1,,0,accept,OK
fc,rust-template,False,1,0,no-template,0,reject:no-template,REJ-expected
fc,rust-template-simd,False,1,0,no-template,0,reject:no-template,REJ-expected
fc_ct_hdr,c-flowdis-usp,False,1,0,parse-error,0,reject:parse-error,REJ-expected
fc_ct_hdr,c-xdp2-usp,False,1,0,parse-error,0,reject:parse-error,REJ-expected
fc_ct_hdr,c-xdp2-parse-only,False,1,0,parse-error,0,reject:parse-error,REJ-expected
fc_ct_hdr,c-xdp2-mono,False,1,0,parse-error,0,reject:parse-error,REJ-expected
fc_ct_hdr,c-bpf-xdp2,False,1,0,verifier,0,reject:verifier,REJ-expected
fc_ct_hdr,rust-graph,False,1,0,parse-error,0,reject:parse-error,REJ-expected
fc_ct_hdr,rust-graph-enum,False,1,0,ipv4-only,0,reject:ipv4-only,REJ-expected
fc_ct_hdr,rust-mono,True,1,1,,0,accept,OK
fc_ct_hdr,rust-mono-x4,True,1,1,,0,accept,OK
fc_ct_hdr,rust-compiled,True,1,1,,0,accept,OK
fc_ct_hdr,rust-simd,True,1,1,,0,accept,OK
fc_ct_hdr,rust-template,False,1,0,no-template,0,reject:no-template,REJ-expected
fc_ct_hdr,rust-template-simd,False,1,0,no-template,0,reject:no-template,REJ-expected
fc_els_adisc,c-flowdis-usp,False,1,0,parse-error,0,reject:parse-error,REJ-expected
fc_els_adisc,c-xdp2-usp,False,1,0,parse-error,0,reject:parse-error,REJ-expected
fc_els_adisc,c-xdp2-parse-only,False,1,0,parse-error,0,reject:parse-error,REJ-expected
fc_els_adisc,c-xdp2-mono,False,1,0,parse-error,0,reject:parse-error,REJ-expected
fc_els_adisc,c-bpf-xdp2,False,1,0,verifier,0,reject:verifier,REJ-expected
fc_els_adisc,rust-graph,False,1,0,parse-error,0,reject:parse-error,REJ-expected
fc_els_adisc,rust-graph-enum,False,1,0,ipv4-only,0,reject:ipv4-only,REJ-expected
fc_els_adisc,rust-mono,True,1,1,,0,accept,OK
fc_els_adisc,rust-mono-x4,True,1,1,,0,accept,OK
fc_els_adisc,rust-compiled,True,1,1,,0,accept,OK
fc_els_adisc,rust-simd,True,1,1,,0,accept,OK
fc_els_adisc,rust-template,False,1,0,no-template,0,reject:no-template,REJ-expected
fc_els_adisc,rust-template-simd,False,1,0,no-template,0,reject:no-template,REJ-expected
fc_els_flogi,c-flowdis-usp,False,1,0,parse-error,0,reject:parse-error,REJ-expected
fc_els_flogi,c-xdp2-usp,False,1,0,parse-error,0,reject:parse-error,REJ-expected
fc_els_flogi,c-xdp2-parse-only,False,1,0,parse-error,0,reject:parse-error,REJ-expected
fc_els_flogi,c-xdp2-mono,False,1,0,parse-error,0,reject:parse-error,REJ-expected
fc_els_flogi,c-bpf-xdp2,False,1,0,verifier,0,reject:verifier,REJ-expected
fc_els_flogi,rust-graph,False,1,0,parse-error,0,reject:parse-error,REJ-expected
fc_els_flogi,rust-graph-enum,False,1,0,ipv4-only,0,reject:ipv4-only,REJ-expected
fc_els_flogi,rust-mono,True,1,1,,0,accept,OK
fc_els_flogi,rust-mono-x4,True,1,1,,0,accept,OK
fc_els_flogi,rust-compiled,True,1,1,,0,accept,OK
fc_els_flogi,rust-simd,True,1,1,,0,accept,OK
fc_els_flogi,rust-template,False,1,0,no-template,0,reject:no-template,REJ-expected
fc_els_flogi,rust-template-simd,False,1,0,no-template,0,reject:no-template,REJ-expected
fc_els_logo,c-flowdis-usp,False,1,0,parse-error,0,reject:parse-error,REJ-expected
fc_els_logo,c-xdp2-usp,False,1,0,parse-error,0,reject:parse-error,REJ-expected
fc_els_logo,c-xdp2-parse-only,False,1,0,parse-error,0,reject:parse-error,REJ-expected
fc_els_logo,c-xdp2-mono,False,1,0,parse-error,0,reject:parse-error,REJ-expected
fc_els_logo,c-bpf-xdp2,False,1,0,verifier,0,reject:verifier,REJ-expected
fc_els_logo,rust-graph,False,1,0,parse-error,0,reject:parse-error,REJ-expected
fc_els_logo,rust-graph-enum,False,1,0,ipv4-only,0,reject:ipv4-only,REJ-expected
fc_els_logo,rust-mono,True,1,1,,0,accept,OK
fc_els_logo,rust-mono-x4,True,1,1,,0,accept,OK
fc_els_logo,rust-compiled,True,1,1,,0,accept,OK
fc_els_logo,rust-simd,True,1,1,,0,accept,OK
fc_els_logo,rust-template,False,1,0,no-template,0,reject:no-template,REJ-expected
fc_els_logo,rust-template-simd,False,1,0,no-template,0,reject:no-template,REJ-expected
fc_els_ls_acc,c-flowdis-usp,False,1,0,parse-error,0,reject:parse-error,REJ-expected
fc_els_ls_acc,c-xdp2-usp,False,1,0,parse-error,0,reject:parse-error,REJ-expected
fc_els_ls_acc,c-xdp2-parse-only,False,1,0,parse-error,0,reject:parse-error,REJ-expected
fc_els_ls_acc,c-xdp2-mono,False,1,0,parse-error,0,reject:parse-error,REJ-expected
fc_els_ls_acc,c-bpf-xdp2,False,1,0,verifier,0,reject:verifier,REJ-expected
fc_els_ls_acc,rust-graph,False,1,0,parse-error,0,reject:parse-error,REJ-expected
fc_els_ls_acc,rust-graph-enum,False,1,0,ipv4-only,0,reject:ipv4-only,REJ-expected
fc_els_ls_acc,rust-mono,True,1,1,,0,accept,OK
fc_els_ls_acc,rust-mono-x4,True,1,1,,0,accept,OK
fc_els_ls_acc,rust-compiled,True,1,1,,0,accept,OK
fc_els_ls_acc,rust-simd,True,1,1,,0,accept,OK
fc_els_ls_acc,rust-template,False,1,0,no-template,0,reject:no-template,REJ-expected
fc_els_ls_acc,rust-template-simd,False,1,0,no-template,0,reject:no-template,REJ-expected
fc_els_ls_rjt,c-flowdis-usp,False,1,0,parse-error,0,reject:parse-error,REJ-expected
fc_els_ls_rjt,c-xdp2-usp,False,1,0,parse-error,0,reject:parse-error,REJ-expected
fc_els_ls_rjt,c-xdp2-parse-only,False,1,0,parse-error,0,reject:parse-error,REJ-expected
fc_els_ls_rjt,c-xdp2-mono,False,1,0,parse-error,0,reject:parse-error,REJ-expected
fc_els_ls_rjt,c-bpf-xdp2,False,1,0,verifier,0,reject:verifier,REJ-expected
fc_els_ls_rjt,rust-graph,False,1,0,parse-error,0,reject:parse-error,REJ-expected
fc_els_ls_rjt,rust-graph-enum,False,1,0,ipv4-only,0,reject:ipv4-only,REJ-expected
fc_els_ls_rjt,rust-mono,True,1,1,,0,accept,OK
fc_els_ls_rjt,rust-mono-x4,True,1,1,,0,accept,OK
fc_els_ls_rjt,rust-compiled,True,1,1,,0,accept,OK
fc_els_ls_rjt,rust-simd,True,1,1,,0,accept,OK
fc_els_ls_rjt,rust-template,False,1,0,no-template,0,reject:no-template,REJ-expected
fc_els_ls_rjt,rust-template-simd,False,1,0,no-template,0,reject:no-template,REJ-expected
fc_els_prli,c-flowdis-usp,False,1,0,parse-error,0,reject:parse-error,REJ-expected
fc_els_prli,c-xdp2-usp,False,1,0,parse-error,0,reject:parse-error,REJ-expected
fc_els_prli,c-xdp2-parse-only,False,1,0,parse-error,0,reject:parse-error,REJ-expected
fc_els_prli,c-xdp2-mono,False,1,0,parse-error,0,reject:parse-error,REJ-expected
fc_els_prli,c-bpf-xdp2,False,1,0,verifier,0,reject:verifier,REJ-expected
fc_els_prli,rust-graph,False,1,0,parse-error,0,reject:parse-error,REJ-expected
fc_els_prli,rust-graph-enum,False,1,0,ipv4-only,0,reject:ipv4-only,REJ-expected
fc_els_prli,rust-mono,True,1,1,,0,accept,OK
fc_els_prli,rust-mono-x4,True,1,1,,0,accept,OK
fc_els_prli,rust-compiled,True,1,1,,0,accept,OK
fc_els_prli,rust-simd,True,1,1,,0,accept,OK
fc_els_prli,rust-template,False,1,0,no-template,0,reject:no-template,REJ-expected
fc_els_prli,rust-template-simd,False,1,0,no-template,0,reject:no-template,REJ-expected
fc_els_rscn,c-flowdis-usp,False,1,0,parse-error,0,reject:parse-error,REJ-expected
fc_els_rscn,c-xdp2-usp,False,1,0,parse-error,0,reject:parse-error,REJ-expected
fc_els_rscn,c-xdp2-parse-only,False,1,0,parse-error,0,reject:parse-error,REJ-expected
fc_els_rscn,c-xdp2-mono,False,1,0,parse-error,0,reject:parse-error,REJ-expected
fc_els_rscn,c-bpf-xdp2,False,1,0,verifier,0,reject:verifier,REJ-expected
fc_els_rscn,rust-graph,False,1,0,parse-error,0,reject:parse-error,REJ-expected
fc_els_rscn,rust-graph-enum,False,1,0,ipv4-only,0,reject:ipv4-only,REJ-expected
fc_els_rscn,rust-mono,True,1,1,,0,accept,OK
fc_els_rscn,rust-mono-x4,True,1,1,,0,accept,OK
fc_els_rscn,rust-compiled,True,1,1,,0,accept,OK
fc_els_rscn,rust-simd,True,1,1,,0,accept,OK
fc_els_rscn,rust-template,False,1,0,no-template,0,reject:no-template,REJ-expected
fc_els_rscn,rust-template-simd,False,1,0,no-template,0,reject:no-template,REJ-expected
fc_els_scr,c-flowdis-usp,False,1,0,parse-error,0,reject:parse-error,REJ-expected
fc_els_scr,c-xdp2-usp,False,1,0,parse-error,0,reject:parse-error,REJ-expected
fc_els_scr,c-xdp2-parse-only,False,1,0,parse-error,0,reject:parse-error,REJ-expected
fc_els_scr,c-xdp2-mono,False,1,0,parse-error,0,reject:parse-error,REJ-expected
fc_els_scr,c-bpf-xdp2,False,1,0,verifier,0,reject:verifier,REJ-expected
fc_els_scr,rust-graph,False,1,0,parse-error,0,reject:parse-error,REJ-expected
fc_els_scr,rust-graph-enum,False,1,0,ipv4-only,0,reject:ipv4-only,REJ-expected
fc_els_scr,rust-mono,True,1,1,,0,accept,OK
fc_els_scr,rust-mono-x4,True,1,1,,0,accept,OK
fc_els_scr,rust-compiled,True,1,1,,0,accept,OK
fc_els_scr,rust-simd,True,1,1,,0,accept,OK
fc_els_scr,rust-template,False,1,0,no-template,0,reject:no-template,REJ-expected
fc_els_scr,rust-template-simd,False,1,0,no-template,0,reject:no-template,REJ-expected
fc_ns_gid_ft,c-flowdis-usp,False,1,0,parse-error,0,reject:parse-error,REJ-expected
fc_ns_gid_ft,c-xdp2-usp,False,1,0,parse-error,0,reject:parse-error,REJ-expected
fc_ns_gid_ft,c-xdp2-parse-only,False,1,0,parse-error,0,reject:parse-error,REJ-expected
fc_ns_gid_ft,c-xdp2-mono,False,1,0,parse-error,0,reject:parse-error,REJ-expected
fc_ns_gid_ft,c-bpf-xdp2,False,1,0,verifier,0,reject:verifier,REJ-expected
fc_ns_gid_ft,rust-graph,False,1,0,parse-error,0,reject:parse-error,REJ-expected
fc_ns_gid_ft,rust-graph-enum,False,1,0,ipv4-only,0,reject:ipv4-only,REJ-expected
fc_ns_gid_ft,rust-mono,True,1,1,,0,accept,OK
fc_ns_gid_ft,rust-mono-x4,True,1,1,,0,accept,OK
fc_ns_gid_ft,rust-compiled,True,1,1,,0,accept,OK
fc_ns_gid_ft,rust-simd,True,1,1,,0,accept,OK
fc_ns_gid_ft,rust-template,False,1,0,no-template,0,reject:no-template,REJ-expected
fc_ns_gid_ft,rust-template-simd,False,1,0,no-template,0,reject:no-template,REJ-expected
fc_ns_gpn_ft_rsp,c-flowdis-usp,False,1,0,parse-error,0,reject:parse-error,REJ-expected
fc_ns_gpn_ft_rsp,c-xdp2-usp,False,1,0,parse-error,0,reject:parse-error,REJ-expected
fc_ns_gpn_ft_rsp,c-xdp2-parse-only,False,1,0,parse-error,0,reject:parse-error,REJ-expected
fc_ns_gpn_ft_rsp,c-xdp2-mono,False,1,0,parse-error,0,reject:parse-error,REJ-expected
fc_ns_gpn_ft_rsp,c-bpf-xdp2,False,1,0,verifier,0,reject:verifier,REJ-expected
fc_ns_gpn_ft_rsp,rust-graph,False,1,0,parse-error,0,reject:parse-error,REJ-expected
fc_ns_gpn_ft_rsp,rust-graph-enum,False,1,0,ipv4-only,0,reject:ipv4-only,REJ-expected
fc_ns_gpn_ft_rsp,rust-mono,True,1,1,,0,accept,OK
fc_ns_gpn_ft_rsp,rust-mono-x4,True,1,1,,0,accept,OK
fc_ns_gpn_ft_rsp,rust-compiled,True,1,1,,0,accept,OK
fc_ns_gpn_ft_rsp,rust-simd,True,1,1,,0,accept,OK
fc_ns_gpn_ft_rsp,rust-template,False,1,0,no-template,0,reject:no-template,REJ-expected
fc_ns_gpn_ft_rsp,rust-template-simd,False,1,0,no-template,0,reject:no-template,REJ-expected
fcoe_init,c-flowdis-usp,False,1,0,parse-error,0,reject:parse-error,REJ-expected
fcoe_init,c-xdp2-usp,False,1,0,parse-error,0,reject:parse-error,REJ-expected
fcoe_init,c-xdp2-parse-only,False,1,0,parse-error,0,reject:parse-error,REJ-expected
fcoe_init,c-xdp2-mono,False,1,0,parse-error,0,reject:parse-error,REJ-expected
fcoe_init,c-bpf-xdp2,False,1,0,verifier,0,reject:verifier,REJ-expected
fcoe_init,rust-graph,False,1,0,parse-error,0,reject:parse-error,REJ-expected
fcoe_init,rust-graph-enum,False,1,0,ipv4-only,0,reject:ipv4-only,REJ-expected
fcoe_init,rust-mono,False,1,0,parse-error,0,reject:parse-error,REJ-expected
fcoe_init,rust-mono-x4,False,1,0,parse-error,0,reject:parse-error,REJ-expected
fcoe_init,rust-compiled,False,1,0,parse-error,0,reject:parse-error,REJ-expected
fcoe_init,rust-simd,False,1,0,parse-error,0,reject:parse-error,REJ-expected
fcoe_init,rust-template,False,1,0,no-template,0,reject:no-template,REJ-expected
fcoe_init,rust-template-simd,False,1,0,no-template,0,reject:no-template,REJ-expected
fcp_cmnd,c-flowdis-usp,False,1,0,parse-error,0,reject:parse-error,REJ-expected
fcp_cmnd,c-xdp2-usp,False,1,0,parse-error,0,reject:parse-error,REJ-expected
fcp_cmnd,c-xdp2-parse-only,False,1,0,parse-error,0,reject:parse-error,REJ-expected
fcp_cmnd,c-xdp2-mono,False,1,0,parse-error,0,reject:parse-error,REJ-expected
fcp_cmnd,c-bpf-xdp2,False,1,0,verifier,0,reject:verifier,REJ-expected
fcp_cmnd,rust-graph,False,1,0,parse-error,0,reject:parse-error,REJ-expected
fcp_cmnd,rust-graph-enum,False,1,0,ipv4-only,0,reject:ipv4-only,REJ-expected
fcp_cmnd,rust-mono,False,1,0,parse-error,0,reject:parse-error,REJ-expected
fcp_cmnd,rust-mono-x4,False,1,0,parse-error,0,reject:parse-error,REJ-expected
fcp_cmnd,rust-compiled,False,1,0,parse-error,0,reject:parse-error,REJ-expected
fcp_cmnd,rust-simd,False,1,0,parse-error,0,reject:parse-error,REJ-expected
fcp_cmnd,rust-template,False,1,0,no-template,0,reject:no-template,REJ-expected
fcp_cmnd,rust-template-simd,False,1,0,no-template,0,reject:no-template,REJ-expected
fcp_rsp,c-flowdis-usp,False,1,0,parse-error,0,reject:parse-error,REJ-expected
fcp_rsp,c-xdp2-usp,False,1,0,parse-error,0,reject:parse-error,REJ-expected
fcp_rsp,c-xdp2-parse-only,False,1,0,parse-error,0,reject:parse-error,REJ-expected
fcp_rsp,c-xdp2-mono,False,1,0,parse-error,0,reject:parse-error,REJ-expected
fcp_rsp,c-bpf-xdp2,False,1,0,verifier,0,reject:verifier,REJ-expected
fcp_rsp,rust-graph,False,1,0,parse-error,0,reject:parse-error,REJ-expected
fcp_rsp,rust-graph-enum,False,1,0,ipv4-only,0,reject:ipv4-only,REJ-expected
fcp_rsp,rust-mono,False,1,0,parse-error,0,reject:parse-error,REJ-expected
fcp_rsp,rust-mono-x4,False,1,0,parse-error,0,reject:parse-error,REJ-expected
fcp_rsp,rust-compiled,False,1,0,parse-error,0,reject:parse-error,REJ-expected
fcp_rsp,rust-simd,False,1,0,parse-error,0,reject:parse-error,REJ-expected
fcp_rsp,rust-template,False,1,0,no-template,0,reject:no-template,REJ-expected
fcp_rsp,rust-template-simd,False,1,0,no-template,0,reject:no-template,REJ-expected
fcp_rsp_ext,c-flowdis-usp,False,1,0,parse-error,0,reject:parse-error,REJ-expected
fcp_rsp_ext,c-xdp2-usp,False,1,0,parse-error,0,reject:parse-error,REJ-expected
fcp_rsp_ext,c-xdp2-parse-only,False,1,0,parse-error,0,reject:parse-error,REJ-expected
fcp_rsp_ext,c-xdp2-mono,False,1,0,parse-error,0,reject:parse-error,REJ-expected
fcp_rsp_ext,c-bpf-xdp2,False,1,0,verifier,0,reject:verifier,REJ-expected
fcp_rsp_ext,rust-graph,False,1,0,parse-error,0,reject:parse-error,REJ-expected
fcp_rsp_ext,rust-graph-enum,False,1,0,ipv4-only,0,reject:ipv4-only,REJ-expected
fcp_rsp_ext,rust-mono,False,1,0,parse-error,0,reject:parse-error,REJ-expected
fcp_rsp_ext,rust-mono-x4,False,1,0,parse-error,0,reject:parse-error,REJ-expected
fcp_rsp_ext,rust-compiled,False,1,0,parse-error,0,reject:parse-error,REJ-expected
fcp_rsp_ext,rust-simd,False,1,0,parse-error,0,reject:parse-error,REJ-expected
fcp_rsp_ext,rust-template,False,1,0,no-template,0,reject:no-template,REJ-expected
fcp_rsp_ext,rust-template-simd,False,1,0,no-template,0,reject:no-template,REJ-expected
fcp_srr,c-flowdis-usp,False,1,0,parse-error,0,reject:parse-error,REJ-expected
fcp_srr,c-xdp2-usp,False,1,0,parse-error,0,reject:parse-error,REJ-expected
fcp_srr,c-xdp2-parse-only,False,1,0,parse-error,0,reject:parse-error,REJ-expected
fcp_srr,c-xdp2-mono,False,1,0,parse-error,0,reject:parse-error,REJ-expected
fcp_srr,c-bpf-xdp2,False,1,0,verifier,0,reject:verifier,REJ-expected
fcp_srr,rust-graph,False,1,0,parse-error,0,reject:parse-error,REJ-expected
fcp_srr,rust-graph-enum,False,1,0,ipv4-only,0,reject:ipv4-only,REJ-expected
fcp_srr,rust-mono,False,1,0,parse-error,0,reject:parse-error,REJ-expected
fcp_srr,rust-mono-x4,False,1,0,parse-error,0,reject:parse-error,REJ-expected
fcp_srr,rust-compiled,False,1,0,parse-error,0,reject:parse-error,REJ-expected
fcp_srr,rust-simd,False,1,0,parse-error,0,reject:parse-error,REJ-expected
fcp_srr,rust-template,False,1,0,no-template,0,reject:no-template,REJ-expected
fcp_srr,rust-template-simd,False,1,0,no-template,0,reject:no-template,REJ-expected
fcp_txrdy,c-flowdis-usp,False,1,0,parse-error,0,reject:parse-error,REJ-expected
fcp_txrdy,c-xdp2-usp,False,1,0,parse-error,0,reject:parse-error,REJ-expected
fcp_txrdy,c-xdp2-parse-only,False,1,0,parse-error,0,reject:parse-error,REJ-expected
fcp_txrdy,c-xdp2-mono,False,1,0,parse-error,0,reject:parse-error,REJ-expected
fcp_txrdy,c-bpf-xdp2,False,1,0,verifier,0,reject:verifier,REJ-expected
fcp_txrdy,rust-graph,False,1,0,parse-error,0,reject:parse-error,REJ-expected
fcp_txrdy,rust-graph-enum,False,1,0,ipv4-only,0,reject:ipv4-only,REJ-expected
fcp_txrdy,rust-mono,False,1,0,parse-error,0,reject:parse-error,REJ-expected
fcp_txrdy,rust-mono-x4,False,1,0,parse-error,0,reject:parse-error,REJ-expected
fcp_txrdy,rust-compiled,False,1,0,parse-error,0,reject:parse-error,REJ-expected
fcp_txrdy,rust-simd,False,1,0,parse-error,0,reject:parse-error,REJ-expected
fcp_txrdy,rust-template,False,1,0,no-template,0,reject:no-template,REJ-expected
fcp_txrdy,rust-template-simd,False,1,0,no-template,0,reject:no-template,REJ-expected
fddi,c-flowdis-usp,False,1,0,parse-error,0,reject:parse-error,REJ-expected
fddi,c-xdp2-usp,True,1,1,,0,accept,OK
fddi,c-xdp2-parse-only,True,1,1,,0,accept,OK
fddi,c-xdp2-mono,True,1,1,,0,accept,OK
fddi,c-bpf-xdp2,False,1,0,verifier,0,reject:verifier,REJ-expected
fddi,rust-graph,True,1,1,,0,accept,OK
fddi,rust-graph-enum,False,1,0,ipv4-only,0,reject:ipv4-only,REJ-expected
fddi,rust-mono,True,1,1,,0,accept,OK
fddi,rust-mono-x4,True,1,1,,0,accept,OK
fddi,rust-compiled,True,1,1,,0,accept,OK
fddi,rust-simd,True,1,1,,0,accept,OK
fddi,rust-template,False,1,0,no-template,0,reject:no-template,REJ-expected
fddi,rust-template-simd,False,1,0,no-template,0,reject:no-template,REJ-expected
fip,c-flowdis-usp,False,1,0,parse-error,0,reject:parse-error,REJ-expected
fip,c-xdp2-usp,True,1,1,,0,accept,OK
fip,c-xdp2-parse-only,True,1,1,,0,accept,OK
fip,c-xdp2-mono,True,1,1,,0,accept,OK
fip,c-bpf-xdp2,False,1,0,verifier,0,reject:verifier,REJ-expected
fip,rust-graph,True,1,1,,0,accept,OK
fip,rust-graph-enum,False,1,0,ipv4-only,0,reject:ipv4-only,REJ-expected
fip,rust-mono,True,1,1,,0,accept,OK
fip,rust-mono-x4,True,1,1,,0,accept,OK
fip,rust-compiled,True,1,1,,0,accept,OK
fip,rust-simd,True,1,1,,0,accept,OK
fip,rust-template,False,1,0,no-template,0,reject:no-template,REJ-expected
fip,rust-template-simd,False,1,0,no-template,0,reject:no-template,REJ-expected
ftp,c-flowdis-usp,True,1,1,,0,accept,OK
ftp,c-xdp2-usp,True,1,1,,0,accept,OK
ftp,c-xdp2-parse-only,True,1,1,,0,accept,OK
ftp,c-xdp2-mono,True,1,1,,0,accept,OK
ftp,c-bpf-xdp2,False,1,0,verifier,0,reject:verifier,REJ-expected
ftp,rust-graph,True,1,1,,0,accept,OK
ftp,rust-graph-enum,True,1,1,,0,accept,OK
ftp,rust-mono,True,1,1,,0,accept,OK
ftp,rust-mono-x4,True,1,1,,0,accept,OK
ftp,rust-compiled,True,1,1,,0,accept,OK
ftp,rust-simd,True,1,1,,0,accept,OK
ftp,rust-template,True,1,1,,0,accept,OK
ftp,rust-template-simd,True,1,1,,0,accept,OK
geneve,c-flowdis-usp,True,1,1,,0,accept,OK
geneve,c-xdp2-usp,True,1,1,,0,accept,OK
geneve,c-xdp2-parse-only,True,1,1,,0,accept,OK
geneve,c-xdp2-mono,True,1,1,,0,accept,OK
geneve,c-bpf-xdp2,False,1,0,verifier,0,reject:verifier,REJ-expected
geneve,rust-graph,True,1,1,,0,accept,OK
geneve,rust-graph-enum,True,1,1,,0,accept,OK
geneve,rust-mono,True,1,1,,0,accept,OK
geneve,rust-mono-x4,True,1,1,,0,accept,OK
geneve,rust-compiled,True,1,1,,0,accept,OK
geneve,rust-simd,True,1,1,,0,accept,OK
geneve,rust-template,True,1,1,,0,accept,OK
geneve,rust-template-simd,True,1,1,,0,accept,OK
geneve_opt,c-flowdis-usp,True,1,1,,0,accept,OK
geneve_opt,c-xdp2-usp,True,1,1,,0,accept,OK
geneve_opt,c-xdp2-parse-only,True,1,1,,0,accept,OK
geneve_opt,c-xdp2-mono,True,1,1,,0,accept,OK
geneve_opt,c-bpf-xdp2,False,1,0,verifier,0,reject:verifier,REJ-expected
geneve_opt,rust-graph,True,1,1,,0,accept,OK
geneve_opt,rust-graph-enum,True,1,1,,0,accept,OK
geneve_opt,rust-mono,True,1,1,,0,accept,OK
geneve_opt,rust-mono-x4,True,1,1,,0,accept,OK
geneve_opt,rust-compiled,True,1,1,,0,accept,OK
geneve_opt,rust-simd,True,1,1,,0,accept,OK
geneve_opt,rust-template,True,1,1,,0,accept,OK
geneve_opt,rust-template-simd,True,1,1,,0,accept,OK
glbp,c-flowdis-usp,True,1,1,,0,accept,OK
glbp,c-xdp2-usp,True,1,1,,0,accept,OK
glbp,c-xdp2-parse-only,True,1,1,,0,accept,OK
glbp,c-xdp2-mono,True,1,1,,0,accept,OK
glbp,c-bpf-xdp2,False,1,0,verifier,0,reject:verifier,REJ-expected
glbp,rust-graph,True,1,1,,0,accept,OK
glbp,rust-graph-enum,True,1,1,,0,accept,OK
glbp,rust-mono,True,1,1,,0,accept,OK
glbp,rust-mono-x4,True,1,1,,0,accept,OK
glbp,rust-compiled,True,1,1,,0,accept,OK
glbp,rust-simd,True,1,1,,0,accept,OK
glbp,rust-template,True,1,1,,0,accept,OK
glbp,rust-template-simd,True,1,1,,0,accept,OK
gnmi,c-flowdis-usp,True,1,1,,0,accept,OK
gnmi,c-xdp2-usp,True,1,1,,0,accept,OK
gnmi,c-xdp2-parse-only,True,1,1,,0,accept,OK
gnmi,c-xdp2-mono,True,1,1,,0,accept,OK
gnmi,c-bpf-xdp2,False,1,0,verifier,0,reject:verifier,REJ-expected
gnmi,rust-graph,True,1,1,,0,accept,OK
gnmi,rust-graph-enum,True,1,1,,0,accept,OK
gnmi,rust-mono,True,1,1,,0,accept,OK
gnmi,rust-mono-x4,True,1,1,,0,accept,OK
gnmi,rust-compiled,True,1,1,,0,accept,OK
gnmi,rust-simd,True,1,1,,0,accept,OK
gnmi,rust-template,True,1,1,,0,accept,OK
gnmi,rust-template-simd,True,1,1,,0,accept,OK
gnoi,c-flowdis-usp,True,1,1,,0,accept,OK
gnoi,c-xdp2-usp,True,1,1,,0,accept,OK
gnoi,c-xdp2-parse-only,True,1,1,,0,accept,OK
gnoi,c-xdp2-mono,True,1,1,,0,accept,OK
gnoi,c-bpf-xdp2,False,1,0,verifier,0,reject:verifier,REJ-expected
gnoi,rust-graph,True,1,1,,0,accept,OK
gnoi,rust-graph-enum,True,1,1,,0,accept,OK
gnoi,rust-mono,True,1,1,,0,accept,OK
gnoi,rust-mono-x4,True,1,1,,0,accept,OK
gnoi,rust-compiled,True,1,1,,0,accept,OK
gnoi,rust-simd,True,1,1,,0,accept,OK
gnoi,rust-template,True,1,1,,0,accept,OK
gnoi,rust-template-simd,True,1,1,,0,accept,OK
gptp,c-flowdis-usp,False,1,0,parse-error,0,reject:parse-error,REJ-expected
gptp,c-xdp2-usp,True,1,1,,0,accept,OK
gptp,c-xdp2-parse-only,True,1,1,,0,accept,OK
gptp,c-xdp2-mono,True,1,1,,0,accept,OK
gptp,c-bpf-xdp2,False,1,0,verifier,0,reject:verifier,REJ-expected
gptp,rust-graph,True,1,1,,0,accept,OK
gptp,rust-graph-enum,False,1,0,ipv4-only,0,reject:ipv4-only,REJ-expected
gptp,rust-mono,True,1,1,,0,accept,OK
gptp,rust-mono-x4,True,1,1,,0,accept,OK
gptp,rust-compiled,True,1,1,,0,accept,OK
gptp,rust-simd,True,1,1,,0,accept,OK
gptp,rust-template,False,1,0,no-template,0,reject:no-template,REJ-expected
gptp,rust-template-simd,False,1,0,no-template,0,reject:no-template,REJ-expected
gre,c-flowdis-usp,False,1,0,parse-error,0,reject:parse-error,REJ-expected
gre,c-xdp2-usp,True,1,1,,0,accept,OK
gre,c-xdp2-parse-only,True,1,1,,0,accept,OK
gre,c-xdp2-mono,True,1,1,,0,accept,OK
gre,c-bpf-xdp2,False,1,0,verifier,0,reject:verifier,REJ-expected
gre,rust-graph,True,1,1,,0,accept,OK
gre,rust-graph-enum,False,1,0,ipv4-only,0,reject:ipv4-only,REJ-expected
gre,rust-mono,True,1,1,,0,accept,OK
gre,rust-mono-x4,True,1,1,,0,accept,OK
gre,rust-compiled,True,1,1,,0,accept,OK
gre,rust-simd,True,1,1,,0,accept,OK
gre,rust-template,False,1,0,no-template,0,reject:no-template,REJ-expected
gre,rust-template-simd,False,1,0,no-template,0,reject:no-template,REJ-expected
gre6,c-flowdis-usp,False,1,0,parse-error,0,reject:parse-error,REJ-expected
gre6,c-xdp2-usp,False,1,0,parse-error,0,reject:parse-error,REJ-expected
gre6,c-xdp2-parse-only,False,1,0,parse-error,0,reject:parse-error,REJ-expected
gre6,c-xdp2-mono,False,1,0,parse-error,0,reject:parse-error,REJ-expected
gre6,c-bpf-xdp2,False,1,0,verifier,0,reject:verifier,REJ-expected
gre6,rust-graph,False,1,0,parse-error,0,reject:parse-error,REJ-expected
gre6,rust-graph-enum,False,1,0,ipv4-only,0,reject:ipv4-only,REJ-expected
gre6,rust-mono,False,1,0,parse-error,0,reject:parse-error,REJ-expected
gre6,rust-mono-x4,False,1,0,parse-error,0,reject:parse-error,REJ-expected
gre6,rust-compiled,False,1,0,parse-error,0,reject:parse-error,REJ-expected
gre6,rust-simd,False,1,0,parse-error,0,reject:parse-error,REJ-expected
gre6,rust-template,True,1,1,,0,accept,OK
gre6,rust-template-simd,True,1,1,,0,accept,OK
gre_cisco,c-flowdis-usp,False,1,0,parse-error,0,reject:parse-error,REJ-expected
gre_cisco,c-xdp2-usp,True,1,1,,0,accept,OK
gre_cisco,c-xdp2-parse-only,True,1,1,,0,accept,OK
gre_cisco,c-xdp2-mono,True,1,1,,0,accept,OK
gre_cisco,c-bpf-xdp2,False,1,0,verifier,0,reject:verifier,REJ-expected
gre_cisco,rust-graph,True,1,1,,0,accept,OK
gre_cisco,rust-graph-enum,False,1,0,ipv4-only,0,reject:ipv4-only,REJ-expected
gre_cisco,rust-mono,True,1,1,,0,accept,OK
gre_cisco,rust-mono-x4,True,1,1,,0,accept,OK
gre_cisco,rust-compiled,True,1,1,,0,accept,OK
gre_cisco,rust-simd,True,1,1,,0,accept,OK
gre_cisco,rust-template,False,1,0,no-template,0,reject:no-template,REJ-expected
gre_cisco,rust-template-simd,False,1,0,no-template,0,reject:no-template,REJ-expected
gre_pptp,c-flowdis-usp,False,1,0,parse-error,0,reject:parse-error,REJ-expected
gre_pptp,c-xdp2-usp,True,1,1,,0,accept,OK
gre_pptp,c-xdp2-parse-only,True,1,1,,0,accept,OK
gre_pptp,c-xdp2-mono,True,1,1,,0,accept,OK
gre_pptp,c-bpf-xdp2,False,1,0,verifier,0,reject:verifier,REJ-expected
gre_pptp,rust-graph,True,1,1,,0,accept,OK
gre_pptp,rust-graph-enum,False,1,0,ipv4-only,0,reject:ipv4-only,REJ-expected
gre_pptp,rust-mono,True,1,1,,0,accept,OK
gre_pptp,rust-mono-x4,True,1,1,,0,accept,OK
gre_pptp,rust-compiled,True,1,1,,0,accept,OK
gre_pptp,rust-simd,True,1,1,,0,accept,OK
gre_pptp,rust-template,False,1,0,no-template,0,reject:no-template,REJ-expected
gre_pptp,rust-template-simd,False,1,0,no-template,0,reject:no-template,REJ-expected
gre_wccpv2,c-flowdis-usp,False,1,0,parse-error,0,reject:parse-error,REJ-expected
gre_wccpv2,c-xdp2-usp,True,1,1,,0,accept,OK
gre_wccpv2,c-xdp2-parse-only,True,1,1,,0,accept,OK
gre_wccpv2,c-xdp2-mono,True,1,1,,0,accept,OK
gre_wccpv2,c-bpf-xdp2,False,1,0,verifier,0,reject:verifier,REJ-expected
gre_wccpv2,rust-graph,True,1,1,,0,accept,OK
gre_wccpv2,rust-graph-enum,False,1,0,ipv4-only,0,reject:ipv4-only,REJ-expected
gre_wccpv2,rust-mono,True,1,1,,0,accept,OK
gre_wccpv2,rust-mono-x4,True,1,1,,0,accept,OK
gre_wccpv2,rust-compiled,True,1,1,,0,accept,OK
gre_wccpv2,rust-simd,True,1,1,,0,accept,OK
gre_wccpv2,rust-template,False,1,0,no-template,0,reject:no-template,REJ-expected
gre_wccpv2,rust-template-simd,False,1,0,no-template,0,reject:no-template,REJ-expected
grpc,c-flowdis-usp,True,1,1,,0,accept,OK
grpc,c-xdp2-usp,True,1,1,,0,accept,OK
grpc,c-xdp2-parse-only,True,1,1,,0,accept,OK
grpc,c-xdp2-mono,True,1,1,,0,accept,OK
grpc,c-bpf-xdp2,False,1,0,verifier,0,reject:verifier,REJ-expected
grpc,rust-graph,True,1,1,,0,accept,OK
grpc,rust-graph-enum,True,1,1,,0,accept,OK
grpc,rust-mono,True,1,1,,0,accept,OK
grpc,rust-mono-x4,True,1,1,,0,accept,OK
grpc,rust-compiled,True,1,1,,0,accept,OK
grpc,rust-simd,True,1,1,,0,accept,OK
grpc,rust-template,True,1,1,,0,accept,OK
grpc,rust-template-simd,True,1,1,,0,accept,OK
gtp_c,c-flowdis-usp,True,1,1,,0,accept,OK
gtp_c,c-xdp2-usp,True,1,1,,0,accept,OK
gtp_c,c-xdp2-parse-only,True,1,1,,0,accept,OK
gtp_c,c-xdp2-mono,True,1,1,,0,accept,OK
gtp_c,c-bpf-xdp2,False,1,0,verifier,0,reject:verifier,REJ-expected
gtp_c,rust-graph,True,1,1,,0,accept,OK
gtp_c,rust-graph-enum,True,1,1,,0,accept,OK
gtp_c,rust-mono,True,1,1,,0,accept,OK
gtp_c,rust-mono-x4,True,1,1,,0,accept,OK
gtp_c,rust-compiled,True,1,1,,0,accept,OK
gtp_c,rust-simd,True,1,1,,0,accept,OK
gtp_c,rust-template,True,1,1,,0,accept,OK
gtp_c,rust-template-simd,True,1,1,,0,accept,OK
gtp_u,c-flowdis-usp,True,1,1,,0,accept,OK
gtp_u,c-xdp2-usp,True,1,1,,0,accept,OK
gtp_u,c-xdp2-parse-only,True,1,1,,0,accept,OK
gtp_u,c-xdp2-mono,True,1,1,,0,accept,OK
gtp_u,c-bpf-xdp2,False,1,0,verifier,0,reject:verifier,REJ-expected
gtp_u,rust-graph,False,1,0,parse-error,0,reject:parse-error,REJ-expected
gtp_u,rust-graph-enum,False,1,0,ipv4-only,0,reject:ipv4-only,REJ-expected
gtp_u,rust-mono,True,1,1,,0,accept,OK
gtp_u,rust-mono-x4,True,1,1,,0,accept,OK
gtp_u,rust-compiled,False,1,0,parse-error,0,reject:parse-error,REJ-expected
gtp_u,rust-simd,False,1,0,parse-error,0,reject:parse-error,REJ-expected
gtp_u,rust-template,True,1,1,,0,accept,OK
gtp_u,rust-template-simd,True,1,1,,0,accept,OK
gtp_v0,c-flowdis-usp,True,1,1,,0,accept,OK
gtp_v0,c-xdp2-usp,True,1,1,,0,accept,OK
gtp_v0,c-xdp2-parse-only,True,1,1,,0,accept,OK
gtp_v0,c-xdp2-mono,True,1,1,,0,accept,OK
gtp_v0,c-bpf-xdp2,False,1,0,verifier,0,reject:verifier,REJ-expected
gtp_v0,rust-graph,True,1,1,,0,accept,OK
gtp_v0,rust-graph-enum,True,1,1,,0,accept,OK
gtp_v0,rust-mono,True,1,1,,0,accept,OK
gtp_v0,rust-mono-x4,True,1,1,,0,accept,OK
gtp_v0,rust-compiled,True,1,1,,0,accept,OK
gtp_v0,rust-simd,True,1,1,,0,accept,OK
gtp_v0,rust-template,True,1,1,,0,accept,OK
gtp_v0,rust-template-simd,True,1,1,,0,accept,OK
gtpv2_c,c-flowdis-usp,True,1,1,,0,accept,OK
gtpv2_c,c-xdp2-usp,True,1,1,,0,accept,OK
gtpv2_c,c-xdp2-parse-only,True,1,1,,0,accept,OK
gtpv2_c,c-xdp2-mono,True,1,1,,0,accept,OK
gtpv2_c,c-bpf-xdp2,False,1,0,verifier,0,reject:verifier,REJ-expected
gtpv2_c,rust-graph,True,1,1,,0,accept,OK
gtpv2_c,rust-graph-enum,True,1,1,,0,accept,OK
gtpv2_c,rust-mono,True,1,1,,0,accept,OK
gtpv2_c,rust-mono-x4,True,1,1,,0,accept,OK
gtpv2_c,rust-compiled,True,1,1,,0,accept,OK
gtpv2_c,rust-simd,True,1,1,,0,accept,OK
gtpv2_c,rust-template,True,1,1,,0,accept,OK
gtpv2_c,rust-template-simd,True,1,1,,0,accept,OK
gvrp,c-flowdis-usp,False,1,0,parse-error,0,reject:parse-error,REJ-expected
gvrp,c-xdp2-usp,True,1,1,,0,accept,OK
gvrp,c-xdp2-parse-only,True,1,1,,0,accept,OK
gvrp,c-xdp2-mono,True,1,1,,0,accept,OK
gvrp,c-bpf-xdp2,False,1,0,verifier,0,reject:verifier,REJ-expected
gvrp,rust-graph,True,1,1,,0,accept,OK
gvrp,rust-graph-enum,False,1,0,ipv4-only,0,reject:ipv4-only,REJ-expected
gvrp,rust-mono,True,1,1,,0,accept,OK
gvrp,rust-mono-x4,True,1,1,,0,accept,OK
gvrp,rust-compiled,True,1,1,,0,accept,OK
gvrp,rust-simd,True,1,1,,0,accept,OK
gvrp,rust-template,False,1,0,no-template,0,reject:no-template,REJ-expected
gvrp,rust-template-simd,False,1,0,no-template,0,reject:no-template,REJ-expected
h323,c-flowdis-usp,True,1,1,,0,accept,OK
h323,c-xdp2-usp,True,1,1,,0,accept,OK
h323,c-xdp2-parse-only,True,1,1,,0,accept,OK
h323,c-xdp2-mono,True,1,1,,0,accept,OK
h323,c-bpf-xdp2,False,1,0,verifier,0,reject:verifier,REJ-expected
h323,rust-graph,True,1,1,,0,accept,OK
h323,rust-graph-enum,True,1,1,,0,accept,OK
h323,rust-mono,True,1,1,,0,accept,OK
h323,rust-mono-x4,True,1,1,,0,accept,OK
h323,rust-compiled,True,1,1,,0,accept,OK
h323,rust-simd,True,1,1,,0,accept,OK
h323,rust-template,True,1,1,,0,accept,OK
h323,rust-template-simd,True,1,1,,0,accept,OK
hci,c-flowdis-usp,False,1,0,parse-error,0,reject:parse-error,REJ-expected
hci,c-xdp2-usp,False,1,0,parse-error,0,reject:parse-error,REJ-expected
hci,c-xdp2-parse-only,False,1,0,parse-error,0,reject:parse-error,REJ-expected
hci,c-xdp2-mono,False,1,0,parse-error,0,reject:parse-error,REJ-expected
hci,c-bpf-xdp2,False,1,0,verifier,0,reject:verifier,REJ-expected
hci,rust-graph,False,1,0,parse-error,0,reject:parse-error,REJ-expected
hci,rust-graph-enum,False,1,0,ipv4-only,0,reject:ipv4-only,REJ-expected
hci,rust-mono,False,1,0,parse-error,0,reject:parse-error,REJ-expected
hci,rust-mono-x4,False,1,0,parse-error,0,reject:parse-error,REJ-expected
hci,rust-compiled,False,1,0,parse-error,0,reject:parse-error,REJ-expected
hci,rust-simd,False,1,0,parse-error,0,reject:parse-error,REJ-expected
hci,rust-template,False,1,0,no-template,0,reject:no-template,REJ-expected
hci,rust-template-simd,False,1,0,no-template,0,reject:no-template,REJ-expected
hci_acl,c-flowdis-usp,False,1,0,parse-error,0,reject:parse-error,REJ-expected
hci_acl,c-xdp2-usp,False,1,0,parse-error,0,reject:parse-error,REJ-expected
hci_acl,c-xdp2-parse-only,False,1,0,parse-error,0,reject:parse-error,REJ-expected
hci_acl,c-xdp2-mono,False,1,0,parse-error,0,reject:parse-error,REJ-expected
hci_acl,c-bpf-xdp2,False,1,0,verifier,0,reject:verifier,REJ-expected
hci_acl,rust-graph,False,1,0,parse-error,0,reject:parse-error,REJ-expected
hci_acl,rust-graph-enum,False,1,0,ipv4-only,0,reject:ipv4-only,REJ-expected
hci_acl,rust-mono,False,1,0,parse-error,0,reject:parse-error,REJ-expected
hci_acl,rust-mono-x4,False,1,0,parse-error,0,reject:parse-error,REJ-expected
hci_acl,rust-compiled,False,1,0,parse-error,0,reject:parse-error,REJ-expected
hci_acl,rust-simd,False,1,0,parse-error,0,reject:parse-error,REJ-expected
hci_acl,rust-template,False,1,0,no-template,0,reject:no-template,REJ-expected
hci_acl,rust-template-simd,False,1,0,no-template,0,reject:no-template,REJ-expected
hci_cmd,c-flowdis-usp,False,1,0,parse-error,0,reject:parse-error,REJ-expected
hci_cmd,c-xdp2-usp,False,1,0,parse-error,0,reject:parse-error,REJ-expected
hci_cmd,c-xdp2-parse-only,False,1,0,parse-error,0,reject:parse-error,REJ-expected
hci_cmd,c-xdp2-mono,False,1,0,parse-error,0,reject:parse-error,REJ-expected
hci_cmd,c-bpf-xdp2,False,1,0,verifier,0,reject:verifier,REJ-expected
hci_cmd,rust-graph,False,1,0,parse-error,0,reject:parse-error,REJ-expected
hci_cmd,rust-graph-enum,False,1,0,ipv4-only,0,reject:ipv4-only,REJ-expected
hci_cmd,rust-mono,False,1,0,parse-error,0,reject:parse-error,REJ-expected
hci_cmd,rust-mono-x4,False,1,0,parse-error,0,reject:parse-error,REJ-expected
hci_cmd,rust-compiled,False,1,0,parse-error,0,reject:parse-error,REJ-expected
hci_cmd,rust-simd,False,1,0,parse-error,0,reject:parse-error,REJ-expected
hci_cmd,rust-template,False,1,0,no-template,0,reject:no-template,REJ-expected
hci_cmd,rust-template-simd,False,1,0,no-template,0,reject:no-template,REJ-expected
hci_event,c-flowdis-usp,False,1,0,parse-error,0,reject:parse-error,REJ-expected
hci_event,c-xdp2-usp,False,1,0,parse-error,0,reject:parse-error,REJ-expected
hci_event,c-xdp2-parse-only,False,1,0,parse-error,0,reject:parse-error,REJ-expected
hci_event,c-xdp2-mono,False,1,0,parse-error,0,reject:parse-error,REJ-expected
hci_event,c-bpf-xdp2,False,1,0,verifier,0,reject:verifier,REJ-expected
hci_event,rust-graph,False,1,0,parse-error,0,reject:parse-error,REJ-expected
hci_event,rust-graph-enum,False,1,0,ipv4-only,0,reject:ipv4-only,REJ-expected
hci_event,rust-mono,False,1,0,parse-error,0,reject:parse-error,REJ-expected
hci_event,rust-mono-x4,False,1,0,parse-error,0,reject:parse-error,REJ-expected
hci_event,rust-compiled,False,1,0,parse-error,0,reject:parse-error,REJ-expected
hci_event,rust-simd,False,1,0,parse-error,0,reject:parse-error,REJ-expected
hci_event,rust-template,False,1,0,no-template,0,reject:no-template,REJ-expected
hci_event,rust-template-simd,False,1,0,no-template,0,reject:no-template,REJ-expected
hci_iso,c-flowdis-usp,False,1,0,parse-error,0,reject:parse-error,REJ-expected
hci_iso,c-xdp2-usp,False,1,0,parse-error,0,reject:parse-error,REJ-expected
hci_iso,c-xdp2-parse-only,False,1,0,parse-error,0,reject:parse-error,REJ-expected
hci_iso,c-xdp2-mono,False,1,0,parse-error,0,reject:parse-error,REJ-expected
hci_iso,c-bpf-xdp2,False,1,0,verifier,0,reject:verifier,REJ-expected
hci_iso,rust-graph,False,1,0,parse-error,0,reject:parse-error,REJ-expected
hci_iso,rust-graph-enum,False,1,0,ipv4-only,0,reject:ipv4-only,REJ-expected
hci_iso,rust-mono,False,1,0,parse-error,0,reject:parse-error,REJ-expected
hci_iso,rust-mono-x4,False,1,0,parse-error,0,reject:parse-error,REJ-expected
hci_iso,rust-compiled,False,1,0,parse-error,0,reject:parse-error,REJ-expected
hci_iso,rust-simd,False,1,0,parse-error,0,reject:parse-error,REJ-expected
hci_iso,rust-template,False,1,0,no-template,0,reject:no-template,REJ-expected
hci_iso,rust-template-simd,False,1,0,no-template,0,reject:no-template,REJ-expected
hci_sco,c-flowdis-usp,False,1,0,parse-error,0,reject:parse-error,REJ-expected
hci_sco,c-xdp2-usp,False,1,0,parse-error,0,reject:parse-error,REJ-expected
hci_sco,c-xdp2-parse-only,False,1,0,parse-error,0,reject:parse-error,REJ-expected
hci_sco,c-xdp2-mono,False,1,0,parse-error,0,reject:parse-error,REJ-expected
hci_sco,c-bpf-xdp2,False,1,0,verifier,0,reject:verifier,REJ-expected
hci_sco,rust-graph,False,1,0,parse-error,0,reject:parse-error,REJ-expected
hci_sco,rust-graph-enum,False,1,0,ipv4-only,0,reject:ipv4-only,REJ-expected
hci_sco,rust-mono,False,1,0,parse-error,0,reject:parse-error,REJ-expected
hci_sco,rust-mono-x4,False,1,0,parse-error,0,reject:parse-error,REJ-expected
hci_sco,rust-compiled,False,1,0,parse-error,0,reject:parse-error,REJ-expected
hci_sco,rust-simd,False,1,0,parse-error,0,reject:parse-error,REJ-expected
hci_sco,rust-template,False,1,0,no-template,0,reject:no-template,REJ-expected
hci_sco,rust-template-simd,False,1,0,no-template,0,reject:no-template,REJ-expected
homeplug_av,c-flowdis-usp,False,1,0,parse-error,0,reject:parse-error,REJ-expected
homeplug_av,c-xdp2-usp,True,1,1,,0,accept,OK
homeplug_av,c-xdp2-parse-only,True,1,1,,0,accept,OK
homeplug_av,c-xdp2-mono,True,1,1,,0,accept,OK
homeplug_av,c-bpf-xdp2,False,1,0,verifier,0,reject:verifier,REJ-expected
homeplug_av,rust-graph,True,1,1,,0,accept,OK
homeplug_av,rust-graph-enum,False,1,0,ipv4-only,0,reject:ipv4-only,REJ-expected
homeplug_av,rust-mono,True,1,1,,0,accept,OK
homeplug_av,rust-mono-x4,True,1,1,,0,accept,OK
homeplug_av,rust-compiled,True,1,1,,0,accept,OK
homeplug_av,rust-simd,True,1,1,,0,accept,OK
homeplug_av,rust-template,False,1,0,no-template,0,reject:no-template,REJ-expected
homeplug_av,rust-template-simd,False,1,0,no-template,0,reject:no-template,REJ-expected
hsr,c-flowdis-usp,False,1,0,parse-error,0,reject:parse-error,REJ-expected
hsr,c-xdp2-usp,True,1,1,,0,accept,OK
hsr,c-xdp2-parse-only,True,1,1,,0,accept,OK
hsr,c-xdp2-mono,True,1,1,,0,accept,OK
hsr,c-bpf-xdp2,False,1,0,verifier,0,reject:verifier,REJ-expected
hsr,rust-graph,False,1,0,parse-error,0,reject:parse-error,REJ-expected
hsr,rust-graph-enum,False,1,0,ipv4-only,0,reject:ipv4-only,REJ-expected
hsr,rust-mono,True,1,1,,0,accept,OK
hsr,rust-mono-x4,True,1,1,,0,accept,OK
hsr,rust-compiled,True,1,1,,0,accept,OK
hsr,rust-simd,True,1,1,,0,accept,OK
hsr,rust-template,False,1,0,no-template,0,reject:no-template,REJ-expected
hsr,rust-template-simd,False,1,0,no-template,0,reject:no-template,REJ-expected
hsrp,c-flowdis-usp,True,1,1,,0,accept,OK
hsrp,c-xdp2-usp,True,1,1,,0,accept,OK
hsrp,c-xdp2-parse-only,True,1,1,,0,accept,OK
hsrp,c-xdp2-mono,True,1,1,,0,accept,OK
hsrp,c-bpf-xdp2,False,1,0,verifier,0,reject:verifier,REJ-expected
hsrp,rust-graph,True,1,1,,0,accept,OK
hsrp,rust-graph-enum,True,1,1,,0,accept,OK
hsrp,rust-mono,True,1,1,,0,accept,OK
hsrp,rust-mono-x4,True,1,1,,0,accept,OK
hsrp,rust-compiled,True,1,1,,0,accept,OK
hsrp,rust-simd,True,1,1,,0,accept,OK
hsrp,rust-template,True,1,1,,0,accept,OK
hsrp,rust-template-simd,True,1,1,,0,accept,OK
http,c-flowdis-usp,True,1,1,,0,accept,OK
http,c-xdp2-usp,True,1,1,,0,accept,OK
http,c-xdp2-parse-only,True,1,1,,0,accept,OK
http,c-xdp2-mono,True,1,1,,0,accept,OK
http,c-bpf-xdp2,False,1,0,verifier,0,reject:verifier,REJ-expected
http,rust-graph,True,1,1,,0,accept,OK
http,rust-graph-enum,True,1,1,,0,accept,OK
http,rust-mono,True,1,1,,0,accept,OK
http,rust-mono-x4,True,1,1,,0,accept,OK
http,rust-compiled,True,1,1,,0,accept,OK
http,rust-simd,True,1,1,,0,accept,OK
http,rust-template,True,1,1,,0,accept,OK
http,rust-template-simd,True,1,1,,0,accept,OK
http2,c-flowdis-usp,True,1,1,,0,accept,OK
http2,c-xdp2-usp,True,1,1,,0,accept,OK
http2,c-xdp2-parse-only,True,1,1,,0,accept,OK
http2,c-xdp2-mono,True,1,1,,0,accept,OK
http2,c-bpf-xdp2,False,1,0,verifier,0,reject:verifier,REJ-expected
http2,rust-graph,True,1,1,,0,accept,OK
http2,rust-graph-enum,True,1,1,,0,accept,OK
http2,rust-mono,True,1,1,,0,accept,OK
http2,rust-mono-x4,True,1,1,,0,accept,OK
http2,rust-compiled,True,1,1,,0,accept,OK
http2,rust-simd,True,1,1,,0,accept,OK
http2,rust-template,True,1,1,,0,accept,OK
http2,rust-template-simd,True,1,1,,0,accept,OK
ib_lrh,c-flowdis-usp,False,1,0,parse-error,0,reject:parse-error,REJ-expected
ib_lrh,c-xdp2-usp,True,1,1,,0,accept,OK
ib_lrh,c-xdp2-parse-only,True,1,1,,0,accept,OK
ib_lrh,c-xdp2-mono,True,1,1,,0,accept,OK
ib_lrh,c-bpf-xdp2,False,1,0,verifier,0,reject:verifier,REJ-expected
ib_lrh,rust-graph,True,1,1,,0,accept,OK
ib_lrh,rust-graph-enum,False,1,0,ipv4-only,0,reject:ipv4-only,REJ-expected
ib_lrh,rust-mono,True,1,1,,0,accept,OK
ib_lrh,rust-mono-x4,True,1,1,,0,accept,OK
ib_lrh,rust-compiled,True,1,1,,0,accept,OK
ib_lrh,rust-simd,True,1,1,,0,accept,OK
ib_lrh,rust-template,False,1,0,no-template,0,reject:no-template,REJ-expected
ib_lrh,rust-template-simd,False,1,0,no-template,0,reject:no-template,REJ-expected
icmpv4,c-flowdis-usp,True,1,1,,0,accept,OK
icmpv4,c-xdp2-usp,True,1,1,,0,accept,OK
icmpv4,c-xdp2-parse-only,True,1,1,,0,accept,OK
icmpv4,c-xdp2-mono,True,1,1,,0,accept,OK
icmpv4,c-bpf-xdp2,False,1,0,verifier,0,reject:verifier,REJ-expected
icmpv4,rust-graph,True,1,1,,0,accept,OK
icmpv4,rust-graph-enum,True,1,1,,0,accept,OK
icmpv4,rust-mono,True,1,1,,0,accept,OK
icmpv4,rust-mono-x4,True,1,1,,0,accept,OK
icmpv4,rust-compiled,True,1,1,,0,accept,OK
icmpv4,rust-simd,True,1,1,,0,accept,OK
icmpv4,rust-template,True,1,1,,0,accept,OK
icmpv4,rust-template-simd,True,1,1,,0,accept,OK
icmpv6,c-flowdis-usp,True,1,1,,0,accept,OK
icmpv6,c-xdp2-usp,False,1,0,parse-error,0,reject:parse-error,REJ-expected
icmpv6,c-xdp2-parse-only,False,1,0,parse-error,0,reject:parse-error,REJ-expected
icmpv6,c-xdp2-mono,False,1,0,parse-error,0,reject:parse-error,REJ-expected
icmpv6,c-bpf-xdp2,False,1,0,verifier,0,reject:verifier,REJ-expected
icmpv6,rust-graph,False,1,0,parse-error,0,reject:parse-error,REJ-expected
icmpv6,rust-graph-enum,False,1,0,ipv4-only,0,reject:ipv4-only,REJ-expected
icmpv6,rust-mono,False,1,0,parse-error,0,reject:parse-error,REJ-expected
icmpv6,rust-mono-x4,False,1,0,parse-error,0,reject:parse-error,REJ-expected
icmpv6,rust-compiled,False,1,0,parse-error,0,reject:parse-error,REJ-expected
icmpv6,rust-simd,False,1,0,parse-error,0,reject:parse-error,REJ-expected
icmpv6,rust-template,False,1,0,parse-error,0,reject:parse-error,REJ-expected
icmpv6,rust-template-simd,False,1,0,parse-error,0,reject:parse-error,REJ-expected
iec_104,c-flowdis-usp,True,1,1,,0,accept,OK
iec_104,c-xdp2-usp,True,1,1,,0,accept,OK
iec_104,c-xdp2-parse-only,True,1,1,,0,accept,OK
iec_104,c-xdp2-mono,True,1,1,,0,accept,OK
iec_104,c-bpf-xdp2,False,1,0,verifier,0,reject:verifier,REJ-expected
iec_104,rust-graph,True,1,1,,0,accept,OK
iec_104,rust-graph-enum,True,1,1,,0,accept,OK
iec_104,rust-mono,True,1,1,,0,accept,OK
iec_104,rust-mono-x4,True,1,1,,0,accept,OK
iec_104,rust-compiled,True,1,1,,0,accept,OK
iec_104,rust-simd,True,1,1,,0,accept,OK
iec_104,rust-template,True,1,1,,0,accept,OK
iec_104,rust-template-simd,True,1,1,,0,accept,OK
iec_goose,c-flowdis-usp,False,1,0,parse-error,0,reject:parse-error,REJ-expected
iec_goose,c-xdp2-usp,False,1,0,parse-error,0,reject:parse-error,REJ-expected
iec_goose,c-xdp2-parse-only,False,1,0,parse-error,0,reject:parse-error,REJ-expected
iec_goose,c-xdp2-mono,False,1,0,parse-error,0,reject:parse-error,REJ-expected
iec_goose,c-bpf-xdp2,False,1,0,verifier,0,reject:verifier,REJ-expected
iec_goose,rust-graph,True,1,1,,0,accept,OK
iec_goose,rust-graph-enum,False,1,0,ipv4-only,0,reject:ipv4-only,REJ-expected
iec_goose,rust-mono,True,1,1,,0,accept,OK
iec_goose,rust-mono-x4,True,1,1,,0,accept,OK
iec_goose,rust-compiled,True,1,1,,0,accept,OK
iec_goose,rust-simd,True,1,1,,0,accept,OK
iec_goose,rust-template,False,1,0,no-template,0,reject:no-template,REJ-expected
iec_goose,rust-template-simd,False,1,0,no-template,0,reject:no-template,REJ-expected
iec_mms,c-flowdis-usp,True,1,1,,0,accept,OK
iec_mms,c-xdp2-usp,True,1,1,,0,accept,OK
iec_mms,c-xdp2-parse-only,True,1,1,,0,accept,OK
iec_mms,c-xdp2-mono,True,1,1,,0,accept,OK
iec_mms,c-bpf-xdp2,False,1,0,verifier,0,reject:verifier,REJ-expected
iec_mms,rust-graph,True,1,1,,0,accept,OK
iec_mms,rust-graph-enum,True,1,1,,0,accept,OK
iec_mms,rust-mono,True,1,1,,0,accept,OK
iec_mms,rust-mono-x4,True,1,1,,0,accept,OK
iec_mms,rust-compiled,True,1,1,,0,accept,OK
iec_mms,rust-simd,True,1,1,,0,accept,OK
iec_mms,rust-template,True,1,1,,0,accept,OK
iec_mms,rust-template-simd,True,1,1,,0,accept,OK
iec_sv,c-flowdis-usp,False,1,0,parse-error,0,reject:parse-error,REJ-expected
iec_sv,c-xdp2-usp,False,1,0,parse-error,0,reject:parse-error,REJ-expected
iec_sv,c-xdp2-parse-only,False,1,0,parse-error,0,reject:parse-error,REJ-expected
iec_sv,c-xdp2-mono,False,1,0,parse-error,0,reject:parse-error,REJ-expected
iec_sv,c-bpf-xdp2,False,1,0,verifier,0,reject:verifier,REJ-expected
iec_sv,rust-graph,True,1,1,,0,accept,OK
iec_sv,rust-graph-enum,False,1,0,ipv4-only,0,reject:ipv4-only,REJ-expected
iec_sv,rust-mono,True,1,1,,0,accept,OK
iec_sv,rust-mono-x4,True,1,1,,0,accept,OK
iec_sv,rust-compiled,True,1,1,,0,accept,OK
iec_sv,rust-simd,True,1,1,,0,accept,OK
iec_sv,rust-template,False,1,0,no-template,0,reject:no-template,REJ-expected
iec_sv,rust-template-simd,False,1,0,no-template,0,reject:no-template,REJ-expected
ieee802.11,c-flowdis-usp,False,1,0,parse-error,0,reject:parse-error,REJ-expected
ieee802.11,c-xdp2-usp,True,1,1,,0,accept,OK
ieee802.11,c-xdp2-parse-only,True,1,1,,0,accept,OK
ieee802.11,c-xdp2-mono,True,1,1,,0,accept,OK
ieee802.11,c-bpf-xdp2,False,1,0,verifier,0,reject:verifier,REJ-expected
ieee802.11,rust-graph,True,1,1,,0,accept,OK
ieee802.11,rust-graph-enum,False,1,0,ipv4-only,0,reject:ipv4-only,REJ-expected
ieee802.11,rust-mono,True,1,1,,0,accept,OK
ieee802.11,rust-mono-x4,True,1,1,,0,accept,OK
ieee802.11,rust-compiled,True,1,1,,0,accept,OK
ieee802.11,rust-simd,True,1,1,,0,accept,OK
ieee802.11,rust-template,False,1,0,no-template,0,reject:no-template,REJ-expected
ieee802.11,rust-template-simd,False,1,0,no-template,0,reject:no-template,REJ-expected
ieee802154,c-flowdis-usp,False,1,0,parse-error,0,reject:parse-error,REJ-expected
ieee802154,c-xdp2-usp,False,1,0,parse-error,0,reject:parse-error,REJ-expected
ieee802154,c-xdp2-parse-only,False,1,0,parse-error,0,reject:parse-error,REJ-expected
ieee802154,c-xdp2-mono,False,1,0,parse-error,0,reject:parse-error,REJ-expected
ieee802154,c-bpf-xdp2,False,1,0,verifier,0,reject:verifier,REJ-expected
ieee802154,rust-graph,False,1,0,parse-error,0,reject:parse-error,REJ-expected
ieee802154,rust-graph-enum,False,1,0,ipv4-only,0,reject:ipv4-only,REJ-expected
ieee802154,rust-mono,False,1,0,parse-error,0,reject:parse-error,REJ-expected
ieee802154,rust-mono-x4,False,1,0,parse-error,0,reject:parse-error,REJ-expected
ieee802154,rust-compiled,False,1,0,parse-error,0,reject:parse-error,REJ-expected
ieee802154,rust-simd,False,1,0,parse-error,0,reject:parse-error,REJ-expected
ieee802154,rust-template,False,1,0,no-template,0,reject:no-template,REJ-expected
ieee802154,rust-template-simd,False,1,0,no-template,0,reject:no-template,REJ-expected
igmp,c-flowdis-usp,True,1,1,,0,accept,OK
igmp,c-xdp2-usp,True,1,1,,0,accept,OK
igmp,c-xdp2-parse-only,True,1,1,,0,accept,OK
igmp,c-xdp2-mono,True,1,1,,0,accept,OK
igmp,c-bpf-xdp2,False,1,0,verifier,0,reject:verifier,REJ-expected
igmp,rust-graph,True,1,1,,0,accept,OK
igmp,rust-graph-enum,False,1,0,ipv4-only,0,reject:ipv4-only,REJ-expected
igmp,rust-mono,True,1,1,,0,accept,OK
igmp,rust-mono-x4,True,1,1,,0,accept,OK
igmp,rust-compiled,True,1,1,,0,accept,OK
igmp,rust-simd,True,1,1,,0,accept,OK
igmp,rust-template,True,1,1,,0,accept,OK
igmp,rust-template-simd,True,1,1,,0,accept,OK
igmpv3_query,c-flowdis-usp,True,1,1,,0,accept,OK
igmpv3_query,c-xdp2-usp,True,1,1,,0,accept,OK
igmpv3_query,c-xdp2-parse-only,True,1,1,,0,accept,OK
igmpv3_query,c-xdp2-mono,True,1,1,,0,accept,OK
igmpv3_query,c-bpf-xdp2,False,1,0,verifier,0,reject:verifier,REJ-expected
igmpv3_query,rust-graph,True,1,1,,0,accept,OK
igmpv3_query,rust-graph-enum,False,1,0,ipv4-only,0,reject:ipv4-only,REJ-expected
igmpv3_query,rust-mono,True,1,1,,0,accept,OK
igmpv3_query,rust-mono-x4,True,1,1,,0,accept,OK
igmpv3_query,rust-compiled,True,1,1,,0,accept,OK
igmpv3_query,rust-simd,True,1,1,,0,accept,OK
igmpv3_query,rust-template,True,1,1,,0,accept,OK
igmpv3_query,rust-template-simd,True,1,1,,0,accept,OK
igmpv3_report,c-flowdis-usp,True,1,1,,0,accept,OK
igmpv3_report,c-xdp2-usp,True,1,1,,0,accept,OK
igmpv3_report,c-xdp2-parse-only,True,1,1,,0,accept,OK
igmpv3_report,c-xdp2-mono,True,1,1,,0,accept,OK
igmpv3_report,c-bpf-xdp2,False,1,0,verifier,0,reject:verifier,REJ-expected
igmpv3_report,rust-graph,True,1,1,,0,accept,OK
igmpv3_report,rust-graph-enum,False,1,0,ipv4-only,0,reject:ipv4-only,REJ-expected
igmpv3_report,rust-mono,True,1,1,,0,accept,OK
igmpv3_report,rust-mono-x4,True,1,1,,0,accept,OK
igmpv3_report,rust-compiled,True,1,1,,0,accept,OK
igmpv3_report,rust-simd,True,1,1,,0,accept,OK
igmpv3_report,rust-template,True,1,1,,0,accept,OK
igmpv3_report,rust-template-simd,True,1,1,,0,accept,OK
ikev1,c-flowdis-usp,True,1,1,,0,accept,OK
ikev1,c-xdp2-usp,True,1,1,,0,accept,OK
ikev1,c-xdp2-parse-only,True,1,1,,0,accept,OK
ikev1,c-xdp2-mono,True,1,1,,0,accept,OK
ikev1,c-bpf-xdp2,False,1,0,verifier,0,reject:verifier,REJ-expected
ikev1,rust-graph,True,1,1,,0,accept,OK
ikev1,rust-graph-enum,True,1,1,,0,accept,OK
ikev1,rust-mono,True,1,1,,0,accept,OK
ikev1,rust-mono-x4,True,1,1,,0,accept,OK
ikev1,rust-compiled,True,1,1,,0,accept,OK
ikev1,rust-simd,True,1,1,,0,accept,OK
ikev1,rust-template,True,1,1,,0,accept,OK
ikev1,rust-template-simd,True,1,1,,0,accept,OK
ikev2,c-flowdis-usp,True,1,1,,0,accept,OK
ikev2,c-xdp2-usp,True,1,1,,0,accept,OK
ikev2,c-xdp2-parse-only,True,1,1,,0,accept,OK
ikev2,c-xdp2-mono,True,1,1,,0,accept,OK
ikev2,c-bpf-xdp2,False,1,0,verifier,0,reject:verifier,REJ-expected
ikev2,rust-graph,True,1,1,,0,accept,OK
ikev2,rust-graph-enum,True,1,1,,0,accept,OK
ikev2,rust-mono,True,1,1,,0,accept,OK
ikev2,rust-mono-x4,True,1,1,,0,accept,OK
ikev2,rust-compiled,True,1,1,,0,accept,OK
ikev2,rust-simd,True,1,1,,0,accept,OK
ikev2,rust-template,True,1,1,,0,accept,OK
ikev2,rust-template-simd,True,1,1,,0,accept,OK
imap,c-flowdis-usp,True,1,1,,0,accept,OK
imap,c-xdp2-usp,True,1,1,,0,accept,OK
imap,c-xdp2-parse-only,True,1,1,,0,accept,OK
imap,c-xdp2-mono,True,1,1,,0,accept,OK
imap,c-bpf-xdp2,False,1,0,verifier,0,reject:verifier,REJ-expected
imap,rust-graph,True,1,1,,0,accept,OK
imap,rust-graph-enum,True,1,1,,0,accept,OK
imap,rust-mono,True,1,1,,0,accept,OK
imap,rust-mono-x4,True,1,1,,0,accept,OK
imap,rust-compiled,True,1,1,,0,accept,OK
imap,rust-simd,True,1,1,,0,accept,OK
imap,rust-template,True,1,1,,0,accept,OK
imap,rust-template-simd,True,1,1,,0,accept,OK
ip_in_ip,c-flowdis-usp,False,1,0,parse-error,0,reject:parse-error,REJ-expected
ip_in_ip,c-xdp2-usp,False,1,0,parse-error,0,reject:parse-error,REJ-expected
ip_in_ip,c-xdp2-parse-only,False,1,0,parse-error,0,reject:parse-error,REJ-expected
ip_in_ip,c-xdp2-mono,False,1,0,parse-error,0,reject:parse-error,REJ-expected
ip_in_ip,c-bpf-xdp2,False,1,0,verifier,0,reject:verifier,REJ-expected
ip_in_ip,rust-graph,False,1,0,parse-error,0,reject:parse-error,REJ-expected
ip_in_ip,rust-graph-enum,False,1,0,ipv4-only,0,reject:ipv4-only,REJ-expected
ip_in_ip,rust-mono,False,1,0,parse-error,0,reject:parse-error,REJ-expected
ip_in_ip,rust-mono-x4,False,1,0,parse-error,0,reject:parse-error,REJ-expected
ip_in_ip,rust-compiled,False,1,0,parse-error,0,reject:parse-error,REJ-expected
ip_in_ip,rust-simd,False,1,0,parse-error,0,reject:parse-error,REJ-expected
ip_in_ip,rust-template,False,1,0,no-template,0,reject:no-template,REJ-expected
ip_in_ip,rust-template-simd,False,1,0,no-template,0,reject:no-template,REJ-expected
ipcomp,c-flowdis-usp,True,1,1,,0,accept,OK
ipcomp,c-xdp2-usp,True,1,1,,0,accept,OK
ipcomp,c-xdp2-parse-only,True,1,1,,0,accept,OK
ipcomp,c-xdp2-mono,True,1,1,,0,accept,OK
ipcomp,c-bpf-xdp2,False,1,0,verifier,0,reject:verifier,REJ-expected
ipcomp,rust-graph,True,1,1,,0,accept,OK
ipcomp,rust-graph-enum,False,1,0,ipv4-only,0,reject:ipv4-only,REJ-expected
ipcomp,rust-mono,True,1,1,,0,accept,OK
ipcomp,rust-mono-x4,True,1,1,,0,accept,OK
ipcomp,rust-compiled,True,1,1,,0,accept,OK
ipcomp,rust-simd,True,1,1,,0,accept,OK
ipcomp,rust-template,True,1,1,,0,accept,OK
ipcomp,rust-template-simd,True,1,1,,0,accept,OK
ipfix,c-flowdis-usp,True,1,1,,0,accept,OK
ipfix,c-xdp2-usp,True,1,1,,0,accept,OK
ipfix,c-xdp2-parse-only,True,1,1,,0,accept,OK
ipfix,c-xdp2-mono,True,1,1,,0,accept,OK
ipfix,c-bpf-xdp2,False,1,0,verifier,0,reject:verifier,REJ-expected
ipfix,rust-graph,True,1,1,,0,accept,OK
ipfix,rust-graph-enum,True,1,1,,0,accept,OK
ipfix,rust-mono,True,1,1,,0,accept,OK
ipfix,rust-mono-x4,True,1,1,,0,accept,OK
ipfix,rust-compiled,True,1,1,,0,accept,OK
ipfix,rust-simd,True,1,1,,0,accept,OK
ipfix,rust-template,True,1,1,,0,accept,OK
ipfix,rust-template-simd,True,1,1,,0,accept,OK
ipv4,c-flowdis-usp,True,1,1,,0,accept,OK
ipv4,c-xdp2-usp,True,1,1,,0,accept,OK
ipv4,c-xdp2-parse-only,True,1,1,,0,accept,OK
ipv4,c-xdp2-mono,True,1,1,,0,accept,OK
ipv4,c-bpf-xdp2,False,1,0,verifier,0,reject:verifier,REJ-expected
ipv4,rust-graph,True,1,1,,0,accept,OK
ipv4,rust-graph-enum,False,1,0,ipv4-only,0,reject:ipv4-only,REJ-expected
ipv4,rust-mono,True,1,1,,0,accept,OK
ipv4,rust-mono-x4,True,1,1,,0,accept,OK
ipv4,rust-compiled,True,1,1,,0,accept,OK
ipv4,rust-simd,True,1,1,,0,accept,OK
ipv4,rust-template,True,1,1,,0,accept,OK
ipv4,rust-template-simd,True,1,1,,0,accept,OK
ipv6,c-flowdis-usp,True,1,1,,0,accept,OK
ipv6,c-xdp2-usp,False,1,0,parse-error,0,reject:parse-error,REJ-expected
ipv6,c-xdp2-parse-only,False,1,0,parse-error,0,reject:parse-error,REJ-expected
ipv6,c-xdp2-mono,False,1,0,parse-error,0,reject:parse-error,REJ-expected
ipv6,c-bpf-xdp2,False,1,0,verifier,0,reject:verifier,REJ-expected
ipv6,rust-graph,False,1,0,parse-error,0,reject:parse-error,REJ-expected
ipv6,rust-graph-enum,False,1,0,ipv4-only,0,reject:ipv4-only,REJ-expected
ipv6,rust-mono,False,1,0,parse-error,0,reject:parse-error,REJ-expected
ipv6,rust-mono-x4,False,1,0,parse-error,0,reject:parse-error,REJ-expected
ipv6,rust-compiled,False,1,0,parse-error,0,reject:parse-error,REJ-expected
ipv6,rust-simd,False,1,0,parse-error,0,reject:parse-error,REJ-expected
ipv6,rust-template,False,1,0,no-template,0,reject:no-template,REJ-expected
ipv6,rust-template-simd,False,1,0,no-template,0,reject:no-template,REJ-expected
ipv6_destopts,c-flowdis-usp,True,1,1,,0,accept,OK
ipv6_destopts,c-xdp2-usp,False,1,0,parse-error,0,reject:parse-error,REJ-expected
ipv6_destopts,c-xdp2-parse-only,False,1,0,parse-error,0,reject:parse-error,REJ-expected
ipv6_destopts,c-xdp2-mono,False,1,0,parse-error,0,reject:parse-error,REJ-expected
ipv6_destopts,c-bpf-xdp2,False,1,0,verifier,0,reject:verifier,REJ-expected
ipv6_destopts,rust-graph,False,1,0,parse-error,0,reject:parse-error,REJ-expected
ipv6_destopts,rust-graph-enum,False,1,0,ipv4-only,0,reject:ipv4-only,REJ-expected
ipv6_destopts,rust-mono,False,1,0,parse-error,0,reject:parse-error,REJ-expected
ipv6_destopts,rust-mono-x4,False,1,0,parse-error,0,reject:parse-error,REJ-expected
ipv6_destopts,rust-compiled,False,1,0,parse-error,0,reject:parse-error,REJ-expected
ipv6_destopts,rust-simd,False,1,0,parse-error,0,reject:parse-error,REJ-expected
ipv6_destopts,rust-template,False,1,0,no-template,0,reject:no-template,REJ-expected
ipv6_destopts,rust-template-simd,False,1,0,no-template,0,reject:no-template,REJ-expected
ipv6_eh,c-flowdis-usp,True,1,1,,0,accept,OK
ipv6_eh,c-xdp2-usp,False,1,0,parse-error,0,reject:parse-error,REJ-expected
ipv6_eh,c-xdp2-parse-only,False,1,0,parse-error,0,reject:parse-error,REJ-expected
ipv6_eh,c-xdp2-mono,False,1,0,parse-error,0,reject:parse-error,REJ-expected
ipv6_eh,c-bpf-xdp2,False,1,0,verifier,0,reject:verifier,REJ-expected
ipv6_eh,rust-graph,False,1,0,parse-error,0,reject:parse-error,REJ-expected
ipv6_eh,rust-graph-enum,False,1,0,ipv4-only,0,reject:ipv4-only,REJ-expected
ipv6_eh,rust-mono,False,1,0,parse-error,0,reject:parse-error,REJ-expected
ipv6_eh,rust-mono-x4,False,1,0,parse-error,0,reject:parse-error,REJ-expected
ipv6_eh,rust-compiled,False,1,0,parse-error,0,reject:parse-error,REJ-expected
ipv6_eh,rust-simd,False,1,0,parse-error,0,reject:parse-error,REJ-expected
ipv6_eh,rust-template,False,1,0,no-template,0,reject:no-template,REJ-expected
ipv6_eh,rust-template-simd,False,1,0,no-template,0,reject:no-template,REJ-expected
ipv6_fragment,c-flowdis-usp,True,1,1,,0,accept,OK
ipv6_fragment,c-xdp2-usp,True,1,1,,0,accept,OK
ipv6_fragment,c-xdp2-parse-only,True,1,1,,0,accept,OK
ipv6_fragment,c-xdp2-mono,True,1,1,,0,accept,OK
ipv6_fragment,c-bpf-xdp2,False,1,0,verifier,0,reject:verifier,REJ-expected
ipv6_fragment,rust-graph,True,1,1,,0,accept,OK
ipv6_fragment,rust-graph-enum,False,1,0,ipv4-only,0,reject:ipv4-only,REJ-expected
ipv6_fragment,rust-mono,True,1,1,,0,accept,OK
ipv6_fragment,rust-mono-x4,True,1,1,,0,accept,OK
ipv6_fragment,rust-compiled,True,1,1,,0,accept,OK
ipv6_fragment,rust-simd,True,1,1,,0,accept,OK
ipv6_fragment,rust-template,False,1,0,no-template,0,reject:no-template,REJ-expected
ipv6_fragment,rust-template-simd,False,1,0,no-template,0,reject:no-template,REJ-expected
ipv6_hopbyhop,c-flowdis-usp,True,1,1,,0,accept,OK
ipv6_hopbyhop,c-xdp2-usp,False,1,0,parse-error,0,reject:parse-error,REJ-expected
ipv6_hopbyhop,c-xdp2-parse-only,False,1,0,parse-error,0,reject:parse-error,REJ-expected
ipv6_hopbyhop,c-xdp2-mono,False,1,0,parse-error,0,reject:parse-error,REJ-expected
ipv6_hopbyhop,c-bpf-xdp2,False,1,0,verifier,0,reject:verifier,REJ-expected
ipv6_hopbyhop,rust-graph,False,1,0,parse-error,0,reject:parse-error,REJ-expected
ipv6_hopbyhop,rust-graph-enum,False,1,0,ipv4-only,0,reject:ipv4-only,REJ-expected
ipv6_hopbyhop,rust-mono,False,1,0,parse-error,0,reject:parse-error,REJ-expected
ipv6_hopbyhop,rust-mono-x4,False,1,0,parse-error,0,reject:parse-error,REJ-expected
ipv6_hopbyhop,rust-compiled,False,1,0,parse-error,0,reject:parse-error,REJ-expected
ipv6_hopbyhop,rust-simd,False,1,0,parse-error,0,reject:parse-error,REJ-expected
ipv6_hopbyhop,rust-template,False,1,0,no-template,0,reject:no-template,REJ-expected
ipv6_hopbyhop,rust-template-simd,False,1,0,no-template,0,reject:no-template,REJ-expected
ipv6_nd,c-flowdis-usp,True,1,1,,0,accept,OK
ipv6_nd,c-xdp2-usp,True,1,1,,0,accept,OK
ipv6_nd,c-xdp2-parse-only,True,1,1,,0,accept,OK
ipv6_nd,c-xdp2-mono,True,1,1,,0,accept,OK
ipv6_nd,c-bpf-xdp2,False,1,0,verifier,0,reject:verifier,REJ-expected
ipv6_nd,rust-graph,True,1,1,,0,accept,OK
ipv6_nd,rust-graph-enum,False,1,0,ipv4-only,0,reject:ipv4-only,REJ-expected
ipv6_nd,rust-mono,True,1,1,,0,accept,OK
ipv6_nd,rust-mono-x4,True,1,1,,0,accept,OK
ipv6_nd,rust-compiled,True,1,1,,0,accept,OK
ipv6_nd,rust-simd,True,1,1,,0,accept,OK
ipv6_nd,rust-template,True,1,1,,0,accept,OK
ipv6_nd,rust-template-simd,True,1,1,,0,accept,OK
ipv6_routing,c-flowdis-usp,True,1,1,,0,accept,OK
ipv6_routing,c-xdp2-usp,True,1,1,,0,accept,OK
ipv6_routing,c-xdp2-parse-only,True,1,1,,0,accept,OK
ipv6_routing,c-xdp2-mono,True,1,1,,0,accept,OK
ipv6_routing,c-bpf-xdp2,False,1,0,verifier,0,reject:verifier,REJ-expected
ipv6_routing,rust-graph,True,1,1,,0,accept,OK
ipv6_routing,rust-graph-enum,False,1,0,ipv4-only,0,reject:ipv4-only,REJ-expected
ipv6_routing,rust-mono,True,1,1,,0,accept,OK
ipv6_routing,rust-mono-x4,True,1,1,,0,accept,OK
ipv6_routing,rust-compiled,True,1,1,,0,accept,OK
ipv6_routing,rust-simd,True,1,1,,0,accept,OK
ipv6_routing,rust-template,False,1,0,no-template,0,reject:no-template,REJ-expected
ipv6_routing,rust-template-simd,False,1,0,no-template,0,reject:no-template,REJ-expected
ipv6_rpl,c-flowdis-usp,True,1,1,,0,accept,OK
ipv6_rpl,c-xdp2-usp,True,1,1,,0,accept,OK
ipv6_rpl,c-xdp2-parse-only,True,1,1,,0,accept,OK
ipv6_rpl,c-xdp2-mono,True,1,1,,0,accept,OK
ipv6_rpl,c-bpf-xdp2,False,1,0,verifier,0,reject:verifier,REJ-expected
ipv6_rpl,rust-graph,True,1,1,,0,accept,OK
ipv6_rpl,rust-graph-enum,False,1,0,ipv4-only,0,reject:ipv4-only,REJ-expected
ipv6_rpl,rust-mono,True,1,1,,0,accept,OK
ipv6_rpl,rust-mono-x4,True,1,1,,0,accept,OK
ipv6_rpl,rust-compiled,True,1,1,,0,accept,OK
ipv6_rpl,rust-simd,True,1,1,,0,accept,OK
ipv6_rpl,rust-template,True,1,1,,0,accept,OK
ipv6_rpl,rust-template-simd,True,1,1,,0,accept,OK
ipx,c-flowdis-usp,False,1,0,parse-error,0,reject:parse-error,REJ-expected
ipx,c-xdp2-usp,True,1,1,,0,accept,OK
ipx,c-xdp2-parse-only,True,1,1,,0,accept,OK
ipx,c-xdp2-mono,True,1,1,,0,accept,OK
ipx,c-bpf-xdp2,False,1,0,verifier,0,reject:verifier,REJ-expected
ipx,rust-graph,True,1,1,,0,accept,OK
ipx,rust-graph-enum,False,1,0,ipv4-only,0,reject:ipv4-only,REJ-expected
ipx,rust-mono,True,1,1,,0,accept,OK
ipx,rust-mono-x4,True,1,1,,0,accept,OK
ipx,rust-compiled,True,1,1,,0,accept,OK
ipx,rust-simd,True,1,1,,0,accept,OK
ipx,rust-template,False,1,0,no-template,0,reject:no-template,REJ-expected
ipx,rust-template-simd,False,1,0,no-template,0,reject:no-template,REJ-expected
irc,c-flowdis-usp,True,1,1,,0,accept,OK
irc,c-xdp2-usp,True,1,1,,0,accept,OK
irc,c-xdp2-parse-only,True,1,1,,0,accept,OK
irc,c-xdp2-mono,True,1,1,,0,accept,OK
irc,c-bpf-xdp2,False,1,0,verifier,0,reject:verifier,REJ-expected
irc,rust-graph,True,1,1,,0,accept,OK
irc,rust-graph-enum,True,1,1,,0,accept,OK
irc,rust-mono,True,1,1,,0,accept,OK
irc,rust-mono-x4,True,1,1,,0,accept,OK
irc,rust-compiled,True,1,1,,0,accept,OK
irc,rust-simd,True,1,1,,0,accept,OK
irc,rust-template,True,1,1,,0,accept,OK
irc,rust-template-simd,True,1,1,,0,accept,OK
iscsi,c-flowdis-usp,True,1,1,,0,accept,OK
iscsi,c-xdp2-usp,True,1,1,,0,accept,OK
iscsi,c-xdp2-parse-only,True,1,1,,0,accept,OK
iscsi,c-xdp2-mono,True,1,1,,0,accept,OK
iscsi,c-bpf-xdp2,False,1,0,verifier,0,reject:verifier,REJ-expected
iscsi,rust-graph,True,1,1,,0,accept,OK
iscsi,rust-graph-enum,True,1,1,,0,accept,OK
iscsi,rust-mono,True,1,1,,0,accept,OK
iscsi,rust-mono-x4,True,1,1,,0,accept,OK
iscsi,rust-compiled,True,1,1,,0,accept,OK
iscsi,rust-simd,True,1,1,,0,accept,OK
iscsi,rust-template,True,1,1,,0,accept,OK
iscsi,rust-template-simd,True,1,1,,0,accept,OK
iscsi_async,c-flowdis-usp,True,1,1,,0,accept,OK
iscsi_async,c-xdp2-usp,True,1,1,,0,accept,OK
iscsi_async,c-xdp2-parse-only,True,1,1,,0,accept,OK
iscsi_async,c-xdp2-mono,True,1,1,,0,accept,OK
iscsi_async,c-bpf-xdp2,False,1,0,verifier,0,reject:verifier,REJ-expected
iscsi_async,rust-graph,True,1,1,,0,accept,OK
iscsi_async,rust-graph-enum,True,1,1,,0,accept,OK
iscsi_async,rust-mono,True,1,1,,0,accept,OK
iscsi_async,rust-mono-x4,True,1,1,,0,accept,OK
iscsi_async,rust-compiled,True,1,1,,0,accept,OK
iscsi_async,rust-simd,True,1,1,,0,accept,OK
iscsi_async,rust-template,True,1,1,,0,accept,OK
iscsi_async,rust-template-simd,True,1,1,,0,accept,OK
iscsi_data_in,c-flowdis-usp,True,1,1,,0,accept,OK
iscsi_data_in,c-xdp2-usp,True,1,1,,0,accept,OK
iscsi_data_in,c-xdp2-parse-only,True,1,1,,0,accept,OK
iscsi_data_in,c-xdp2-mono,True,1,1,,0,accept,OK
iscsi_data_in,c-bpf-xdp2,False,1,0,verifier,0,reject:verifier,REJ-expected
iscsi_data_in,rust-graph,True,1,1,,0,accept,OK
iscsi_data_in,rust-graph-enum,True,1,1,,0,accept,OK
iscsi_data_in,rust-mono,True,1,1,,0,accept,OK
iscsi_data_in,rust-mono-x4,True,1,1,,0,accept,OK
iscsi_data_in,rust-compiled,True,1,1,,0,accept,OK
iscsi_data_in,rust-simd,True,1,1,,0,accept,OK
iscsi_data_in,rust-template,True,1,1,,0,accept,OK
iscsi_data_in,rust-template-simd,True,1,1,,0,accept,OK
iscsi_data_out,c-flowdis-usp,True,1,1,,0,accept,OK
iscsi_data_out,c-xdp2-usp,True,1,1,,0,accept,OK
iscsi_data_out,c-xdp2-parse-only,True,1,1,,0,accept,OK
iscsi_data_out,c-xdp2-mono,True,1,1,,0,accept,OK
iscsi_data_out,c-bpf-xdp2,False,1,0,verifier,0,reject:verifier,REJ-expected
iscsi_data_out,rust-graph,True,1,1,,0,accept,OK
iscsi_data_out,rust-graph-enum,True,1,1,,0,accept,OK
iscsi_data_out,rust-mono,True,1,1,,0,accept,OK
iscsi_data_out,rust-mono-x4,True,1,1,,0,accept,OK
iscsi_data_out,rust-compiled,True,1,1,,0,accept,OK
iscsi_data_out,rust-simd,True,1,1,,0,accept,OK
iscsi_data_out,rust-template,True,1,1,,0,accept,OK
iscsi_data_out,rust-template-simd,True,1,1,,0,accept,OK
iscsi_login_req,c-flowdis-usp,True,1,1,,0,accept,OK
iscsi_login_req,c-xdp2-usp,True,1,1,,0,accept,OK
iscsi_login_req,c-xdp2-parse-only,True,1,1,,0,accept,OK
iscsi_login_req,c-xdp2-mono,True,1,1,,0,accept,OK
iscsi_login_req,c-bpf-xdp2,False,1,0,verifier,0,reject:verifier,REJ-expected
iscsi_login_req,rust-graph,True,1,1,,0,accept,OK
iscsi_login_req,rust-graph-enum,True,1,1,,0,accept,OK
iscsi_login_req,rust-mono,True,1,1,,0,accept,OK
iscsi_login_req,rust-mono-x4,True,1,1,,0,accept,OK
iscsi_login_req,rust-compiled,True,1,1,,0,accept,OK
iscsi_login_req,rust-simd,True,1,1,,0,accept,OK
iscsi_login_req,rust-template,True,1,1,,0,accept,OK
iscsi_login_req,rust-template-simd,True,1,1,,0,accept,OK
iscsi_login_rsp,c-flowdis-usp,True,1,1,,0,accept,OK
iscsi_login_rsp,c-xdp2-usp,True,1,1,,0,accept,OK
iscsi_login_rsp,c-xdp2-parse-only,True,1,1,,0,accept,OK
iscsi_login_rsp,c-xdp2-mono,True,1,1,,0,accept,OK
iscsi_login_rsp,c-bpf-xdp2,False,1,0,verifier,0,reject:verifier,REJ-expected
iscsi_login_rsp,rust-graph,True,1,1,,0,accept,OK
iscsi_login_rsp,rust-graph-enum,True,1,1,,0,accept,OK
iscsi_login_rsp,rust-mono,True,1,1,,0,accept,OK
iscsi_login_rsp,rust-mono-x4,True,1,1,,0,accept,OK
iscsi_login_rsp,rust-compiled,True,1,1,,0,accept,OK
iscsi_login_rsp,rust-simd,True,1,1,,0,accept,OK
iscsi_login_rsp,rust-template,True,1,1,,0,accept,OK
iscsi_login_rsp,rust-template-simd,True,1,1,,0,accept,OK
iscsi_logout,c-flowdis-usp,True,1,1,,0,accept,OK
iscsi_logout,c-xdp2-usp,True,1,1,,0,accept,OK
iscsi_logout,c-xdp2-parse-only,True,1,1,,0,accept,OK
iscsi_logout,c-xdp2-mono,True,1,1,,0,accept,OK
iscsi_logout,c-bpf-xdp2,False,1,0,verifier,0,reject:verifier,REJ-expected
iscsi_logout,rust-graph,True,1,1,,0,accept,OK
iscsi_logout,rust-graph-enum,True,1,1,,0,accept,OK
iscsi_logout,rust-mono,True,1,1,,0,accept,OK
iscsi_logout,rust-mono-x4,True,1,1,,0,accept,OK
iscsi_logout,rust-compiled,True,1,1,,0,accept,OK
iscsi_logout,rust-simd,True,1,1,,0,accept,OK
iscsi_logout,rust-template,True,1,1,,0,accept,OK
iscsi_logout,rust-template-simd,True,1,1,,0,accept,OK
iscsi_logout_rsp,c-flowdis-usp,True,1,1,,0,accept,OK
iscsi_logout_rsp,c-xdp2-usp,True,1,1,,0,accept,OK
iscsi_logout_rsp,c-xdp2-parse-only,True,1,1,,0,accept,OK
iscsi_logout_rsp,c-xdp2-mono,True,1,1,,0,accept,OK
iscsi_logout_rsp,c-bpf-xdp2,False,1,0,verifier,0,reject:verifier,REJ-expected
iscsi_logout_rsp,rust-graph,True,1,1,,0,accept,OK
iscsi_logout_rsp,rust-graph-enum,True,1,1,,0,accept,OK
iscsi_logout_rsp,rust-mono,True,1,1,,0,accept,OK
iscsi_logout_rsp,rust-mono-x4,True,1,1,,0,accept,OK
iscsi_logout_rsp,rust-compiled,True,1,1,,0,accept,OK
iscsi_logout_rsp,rust-simd,True,1,1,,0,accept,OK
iscsi_logout_rsp,rust-template,True,1,1,,0,accept,OK
iscsi_logout_rsp,rust-template-simd,True,1,1,,0,accept,OK
iscsi_nop_in,c-flowdis-usp,True,1,1,,0,accept,OK
iscsi_nop_in,c-xdp2-usp,True,1,1,,0,accept,OK
iscsi_nop_in,c-xdp2-parse-only,True,1,1,,0,accept,OK
iscsi_nop_in,c-xdp2-mono,True,1,1,,0,accept,OK
iscsi_nop_in,c-bpf-xdp2,False,1,0,verifier,0,reject:verifier,REJ-expected
iscsi_nop_in,rust-graph,True,1,1,,0,accept,OK
iscsi_nop_in,rust-graph-enum,True,1,1,,0,accept,OK
iscsi_nop_in,rust-mono,True,1,1,,0,accept,OK
iscsi_nop_in,rust-mono-x4,True,1,1,,0,accept,OK
iscsi_nop_in,rust-compiled,True,1,1,,0,accept,OK
iscsi_nop_in,rust-simd,True,1,1,,0,accept,OK
iscsi_nop_in,rust-template,True,1,1,,0,accept,OK
iscsi_nop_in,rust-template-simd,True,1,1,,0,accept,OK
iscsi_nop_out,c-flowdis-usp,True,1,1,,0,accept,OK
iscsi_nop_out,c-xdp2-usp,True,1,1,,0,accept,OK
iscsi_nop_out,c-xdp2-parse-only,True,1,1,,0,accept,OK
iscsi_nop_out,c-xdp2-mono,True,1,1,,0,accept,OK
iscsi_nop_out,c-bpf-xdp2,False,1,0,verifier,0,reject:verifier,REJ-expected
iscsi_nop_out,rust-graph,True,1,1,,0,accept,OK
iscsi_nop_out,rust-graph-enum,True,1,1,,0,accept,OK
iscsi_nop_out,rust-mono,True,1,1,,0,accept,OK
iscsi_nop_out,rust-mono-x4,True,1,1,,0,accept,OK
iscsi_nop_out,rust-compiled,True,1,1,,0,accept,OK
iscsi_nop_out,rust-simd,True,1,1,,0,accept,OK
iscsi_nop_out,rust-template,True,1,1,,0,accept,OK
iscsi_nop_out,rust-template-simd,True,1,1,,0,accept,OK
iscsi_r2t,c-flowdis-usp,True,1,1,,0,accept,OK
iscsi_r2t,c-xdp2-usp,True,1,1,,0,accept,OK
iscsi_r2t,c-xdp2-parse-only,True,1,1,,0,accept,OK
iscsi_r2t,c-xdp2-mono,True,1,1,,0,accept,OK
iscsi_r2t,c-bpf-xdp2,False,1,0,verifier,0,reject:verifier,REJ-expected
iscsi_r2t,rust-graph,True,1,1,,0,accept,OK
iscsi_r2t,rust-graph-enum,True,1,1,,0,accept,OK
iscsi_r2t,rust-mono,True,1,1,,0,accept,OK
iscsi_r2t,rust-mono-x4,True,1,1,,0,accept,OK
iscsi_r2t,rust-compiled,True,1,1,,0,accept,OK
iscsi_r2t,rust-simd,True,1,1,,0,accept,OK
iscsi_r2t,rust-template,True,1,1,,0,accept,OK
iscsi_r2t,rust-template-simd,True,1,1,,0,accept,OK
iscsi_reject,c-flowdis-usp,True,1,1,,0,accept,OK
iscsi_reject,c-xdp2-usp,True,1,1,,0,accept,OK
iscsi_reject,c-xdp2-parse-only,True,1,1,,0,accept,OK
iscsi_reject,c-xdp2-mono,True,1,1,,0,accept,OK
iscsi_reject,c-bpf-xdp2,False,1,0,verifier,0,reject:verifier,REJ-expected
iscsi_reject,rust-graph,True,1,1,,0,accept,OK
iscsi_reject,rust-graph-enum,True,1,1,,0,accept,OK
iscsi_reject,rust-mono,True,1,1,,0,accept,OK
iscsi_reject,rust-mono-x4,True,1,1,,0,accept,OK
iscsi_reject,rust-compiled,True,1,1,,0,accept,OK
iscsi_reject,rust-simd,True,1,1,,0,accept,OK
iscsi_reject,rust-template,True,1,1,,0,accept,OK
iscsi_reject,rust-template-simd,True,1,1,,0,accept,OK
iscsi_scsi_cmd,c-flowdis-usp,True,1,1,,0,accept,OK
iscsi_scsi_cmd,c-xdp2-usp,True,1,1,,0,accept,OK
iscsi_scsi_cmd,c-xdp2-parse-only,True,1,1,,0,accept,OK
iscsi_scsi_cmd,c-xdp2-mono,True,1,1,,0,accept,OK
iscsi_scsi_cmd,c-bpf-xdp2,False,1,0,verifier,0,reject:verifier,REJ-expected
iscsi_scsi_cmd,rust-graph,True,1,1,,0,accept,OK
iscsi_scsi_cmd,rust-graph-enum,True,1,1,,0,accept,OK
iscsi_scsi_cmd,rust-mono,True,1,1,,0,accept,OK
iscsi_scsi_cmd,rust-mono-x4,True,1,1,,0,accept,OK
iscsi_scsi_cmd,rust-compiled,True,1,1,,0,accept,OK
iscsi_scsi_cmd,rust-simd,True,1,1,,0,accept,OK
iscsi_scsi_cmd,rust-template,True,1,1,,0,accept,OK
iscsi_scsi_cmd,rust-template-simd,True,1,1,,0,accept,OK
iscsi_scsi_rsp,c-flowdis-usp,True,1,1,,0,accept,OK
iscsi_scsi_rsp,c-xdp2-usp,True,1,1,,0,accept,OK
iscsi_scsi_rsp,c-xdp2-parse-only,True,1,1,,0,accept,OK
iscsi_scsi_rsp,c-xdp2-mono,True,1,1,,0,accept,OK
iscsi_scsi_rsp,c-bpf-xdp2,False,1,0,verifier,0,reject:verifier,REJ-expected
iscsi_scsi_rsp,rust-graph,True,1,1,,0,accept,OK
iscsi_scsi_rsp,rust-graph-enum,True,1,1,,0,accept,OK
iscsi_scsi_rsp,rust-mono,True,1,1,,0,accept,OK
iscsi_scsi_rsp,rust-mono-x4,True,1,1,,0,accept,OK
iscsi_scsi_rsp,rust-compiled,True,1,1,,0,accept,OK
iscsi_scsi_rsp,rust-simd,True,1,1,,0,accept,OK
iscsi_scsi_rsp,rust-template,True,1,1,,0,accept,OK
iscsi_scsi_rsp,rust-template-simd,True,1,1,,0,accept,OK
iscsi_text,c-flowdis-usp,True,1,1,,0,accept,OK
iscsi_text,c-xdp2-usp,True,1,1,,0,accept,OK
iscsi_text,c-xdp2-parse-only,True,1,1,,0,accept,OK
iscsi_text,c-xdp2-mono,True,1,1,,0,accept,OK
iscsi_text,c-bpf-xdp2,False,1,0,verifier,0,reject:verifier,REJ-expected
iscsi_text,rust-graph,True,1,1,,0,accept,OK
iscsi_text,rust-graph-enum,True,1,1,,0,accept,OK
iscsi_text,rust-mono,True,1,1,,0,accept,OK
iscsi_text,rust-mono-x4,True,1,1,,0,accept,OK
iscsi_text,rust-compiled,True,1,1,,0,accept,OK
iscsi_text,rust-simd,True,1,1,,0,accept,OK
iscsi_text,rust-template,True,1,1,,0,accept,OK
iscsi_text,rust-template-simd,True,1,1,,0,accept,OK
iscsi_text_rsp,c-flowdis-usp,True,1,1,,0,accept,OK
iscsi_text_rsp,c-xdp2-usp,True,1,1,,0,accept,OK
iscsi_text_rsp,c-xdp2-parse-only,True,1,1,,0,accept,OK
iscsi_text_rsp,c-xdp2-mono,True,1,1,,0,accept,OK
iscsi_text_rsp,c-bpf-xdp2,False,1,0,verifier,0,reject:verifier,REJ-expected
iscsi_text_rsp,rust-graph,True,1,1,,0,accept,OK
iscsi_text_rsp,rust-graph-enum,True,1,1,,0,accept,OK
iscsi_text_rsp,rust-mono,True,1,1,,0,accept,OK
iscsi_text_rsp,rust-mono-x4,True,1,1,,0,accept,OK
iscsi_text_rsp,rust-compiled,True,1,1,,0,accept,OK
iscsi_text_rsp,rust-simd,True,1,1,,0,accept,OK
iscsi_text_rsp,rust-template,True,1,1,,0,accept,OK
iscsi_text_rsp,rust-template-simd,True,1,1,,0,accept,OK
iscsi_tmf,c-flowdis-usp,True,1,1,,0,accept,OK
iscsi_tmf,c-xdp2-usp,True,1,1,,0,accept,OK
iscsi_tmf,c-xdp2-parse-only,True,1,1,,0,accept,OK
iscsi_tmf,c-xdp2-mono,True,1,1,,0,accept,OK
iscsi_tmf,c-bpf-xdp2,False,1,0,verifier,0,reject:verifier,REJ-expected
iscsi_tmf,rust-graph,True,1,1,,0,accept,OK
iscsi_tmf,rust-graph-enum,True,1,1,,0,accept,OK
iscsi_tmf,rust-mono,True,1,1,,0,accept,OK
iscsi_tmf,rust-mono-x4,True,1,1,,0,accept,OK
iscsi_tmf,rust-compiled,True,1,1,,0,accept,OK
iscsi_tmf,rust-simd,True,1,1,,0,accept,OK
iscsi_tmf,rust-template,True,1,1,,0,accept,OK
iscsi_tmf,rust-template-simd,True,1,1,,0,accept,OK
iscsi_tmf_rsp,c-flowdis-usp,True,1,1,,0,accept,OK
iscsi_tmf_rsp,c-xdp2-usp,True,1,1,,0,accept,OK
iscsi_tmf_rsp,c-xdp2-parse-only,True,1,1,,0,accept,OK
iscsi_tmf_rsp,c-xdp2-mono,True,1,1,,0,accept,OK
iscsi_tmf_rsp,c-bpf-xdp2,False,1,0,verifier,0,reject:verifier,REJ-expected
iscsi_tmf_rsp,rust-graph,True,1,1,,0,accept,OK
iscsi_tmf_rsp,rust-graph-enum,True,1,1,,0,accept,OK
iscsi_tmf_rsp,rust-mono,True,1,1,,0,accept,OK
iscsi_tmf_rsp,rust-mono-x4,True,1,1,,0,accept,OK
iscsi_tmf_rsp,rust-compiled,True,1,1,,0,accept,OK
iscsi_tmf_rsp,rust-simd,True,1,1,,0,accept,OK
iscsi_tmf_rsp,rust-template,True,1,1,,0,accept,OK
iscsi_tmf_rsp,rust-template-simd,True,1,1,,0,accept,OK
isis,c-flowdis-usp,False,1,0,parse-error,0,reject:parse-error,REJ-expected
isis,c-xdp2-usp,True,1,1,,0,accept,OK
isis,c-xdp2-parse-only,True,1,1,,0,accept,OK
isis,c-xdp2-mono,True,1,1,,0,accept,OK
isis,c-bpf-xdp2,False,1,0,verifier,0,reject:verifier,REJ-expected
isis,rust-graph,True,1,1,,0,accept,OK
isis,rust-graph-enum,False,1,0,ipv4-only,0,reject:ipv4-only,REJ-expected
isis,rust-mono,True,1,1,,0,accept,OK
isis,rust-mono-x4,True,1,1,,0,accept,OK
isis,rust-compiled,True,1,1,,0,accept,OK
isis,rust-simd,True,1,1,,0,accept,OK
isis,rust-template,False,1,0,no-template,0,reject:no-template,REJ-expected
isis,rust-template-simd,False,1,0,no-template,0,reject:no-template,REJ-expected
kafka,c-flowdis-usp,True,1,1,,0,accept,OK
kafka,c-xdp2-usp,True,1,1,,0,accept,OK
kafka,c-xdp2-parse-only,True,1,1,,0,accept,OK
kafka,c-xdp2-mono,True,1,1,,0,accept,OK
kafka,c-bpf-xdp2,False,1,0,verifier,0,reject:verifier,REJ-expected
kafka,rust-graph,True,1,1,,0,accept,OK
kafka,rust-graph-enum,True,1,1,,0,accept,OK
kafka,rust-mono,True,1,1,,0,accept,OK
kafka,rust-mono-x4,True,1,1,,0,accept,OK
kafka,rust-compiled,True,1,1,,0,accept,OK
kafka,rust-simd,True,1,1,,0,accept,OK
kafka,rust-template,True,1,1,,0,accept,OK
kafka,rust-template-simd,True,1,1,,0,accept,OK
kerberos,c-flowdis-usp,True,1,1,,0,accept,OK
kerberos,c-xdp2-usp,True,1,1,,0,accept,OK
kerberos,c-xdp2-parse-only,True,1,1,,0,accept,OK
kerberos,c-xdp2-mono,True,1,1,,0,accept,OK
kerberos,c-bpf-xdp2,False,1,0,verifier,0,reject:verifier,REJ-expected
kerberos,rust-graph,True,1,1,,0,accept,OK
kerberos,rust-graph-enum,True,1,1,,0,accept,OK
kerberos,rust-mono,True,1,1,,0,accept,OK
kerberos,rust-mono-x4,True,1,1,,0,accept,OK
kerberos,rust-compiled,True,1,1,,0,accept,OK
kerberos,rust-simd,True,1,1,,0,accept,OK
kerberos,rust-template,True,1,1,,0,accept,OK
kerberos,rust-template-simd,True,1,1,,0,accept,OK
l2cap,c-flowdis-usp,False,1,0,parse-error,0,reject:parse-error,REJ-expected
l2cap,c-xdp2-usp,True,1,1,,0,accept,OK
l2cap,c-xdp2-parse-only,True,1,1,,0,accept,OK
l2cap,c-xdp2-mono,True,1,1,,0,accept,OK
l2cap,c-bpf-xdp2,False,1,0,verifier,0,reject:verifier,REJ-expected
l2cap,rust-graph,True,1,1,,0,accept,OK
l2cap,rust-graph-enum,False,1,0,ipv4-only,0,reject:ipv4-only,REJ-expected
l2cap,rust-mono,True,1,1,,0,accept,OK
l2cap,rust-mono-x4,True,1,1,,0,accept,OK
l2cap,rust-compiled,True,1,1,,0,accept,OK
l2cap,rust-simd,True,1,1,,0,accept,OK
l2cap,rust-template,False,1,0,no-template,0,reject:no-template,REJ-expected
l2cap,rust-template-simd,False,1,0,no-template,0,reject:no-template,REJ-expected
l2tp,c-flowdis-usp,True,1,1,,0,accept,OK
l2tp,c-xdp2-usp,True,1,1,,0,accept,OK
l2tp,c-xdp2-parse-only,True,1,1,,0,accept,OK
l2tp,c-xdp2-mono,True,1,1,,0,accept,OK
l2tp,c-bpf-xdp2,False,1,0,verifier,0,reject:verifier,REJ-expected
l2tp,rust-graph,True,1,1,,0,accept,OK
l2tp,rust-graph-enum,False,1,0,ipv4-only,0,reject:ipv4-only,REJ-expected
l2tp,rust-mono,True,1,1,,0,accept,OK
l2tp,rust-mono-x4,True,1,1,,0,accept,OK
l2tp,rust-compiled,True,1,1,,0,accept,OK
l2tp,rust-simd,True,1,1,,0,accept,OK
l2tp,rust-template,True,1,1,,0,accept,OK
l2tp,rust-template-simd,True,1,1,,0,accept,OK
l2tpv3,c-flowdis-usp,True,1,1,,0,accept,OK
l2tpv3,c-xdp2-usp,True,1,1,,0,accept,OK
l2tpv3,c-xdp2-parse-only,True,1,1,,0,accept,OK
l2tpv3,c-xdp2-mono,True,1,1,,0,accept,OK
l2tpv3,c-bpf-xdp2,False,1,0,verifier,0,reject:verifier,REJ-expected
l2tpv3,rust-graph,True,1,1,,0,accept,OK
l2tpv3,rust-graph-enum,False,1,0,ipv4-only,0,reject:ipv4-only,REJ-expected
l2tpv3,rust-mono,True,1,1,,0,accept,OK
l2tpv3,rust-mono-x4,True,1,1,,0,accept,OK
l2tpv3,rust-compiled,True,1,1,,0,accept,OK
l2tpv3,rust-simd,True,1,1,,0,accept,OK
l2tpv3,rust-template,True,1,1,,0,accept,OK
l2tpv3,rust-template-simd,True,1,1,,0,accept,OK
lacp,c-flowdis-usp,False,1,0,parse-error,0,reject:parse-error,REJ-expected
lacp,c-xdp2-usp,False,1,0,parse-error,0,reject:parse-error,REJ-expected
lacp,c-xdp2-parse-only,False,1,0,parse-error,0,reject:parse-error,REJ-expected
lacp,c-xdp2-mono,False,1,0,parse-error,0,reject:parse-error,REJ-expected
lacp,c-bpf-xdp2,False,1,0,verifier,0,reject:verifier,REJ-expected
lacp,rust-graph,True,1,1,,0,accept,OK
lacp,rust-graph-enum,False,1,0,ipv4-only,0,reject:ipv4-only,REJ-expected
lacp,rust-mono,True,1,1,,0,accept,OK
lacp,rust-mono-x4,True,1,1,,0,accept,OK
lacp,rust-compiled,True,1,1,,0,accept,OK
lacp,rust-simd,True,1,1,,0,accept,OK
lacp,rust-template,False,1,0,no-template,0,reject:no-template,REJ-expected
lacp,rust-template-simd,False,1,0,no-template,0,reject:no-template,REJ-expected
ldap,c-flowdis-usp,True,1,1,,0,accept,OK
ldap,c-xdp2-usp,True,1,1,,0,accept,OK
ldap,c-xdp2-parse-only,True,1,1,,0,accept,OK
ldap,c-xdp2-mono,True,1,1,,0,accept,OK
ldap,c-bpf-xdp2,False,1,0,verifier,0,reject:verifier,REJ-expected
ldap,rust-graph,True,1,1,,0,accept,OK
ldap,rust-graph-enum,True,1,1,,0,accept,OK
ldap,rust-mono,True,1,1,,0,accept,OK
ldap,rust-mono-x4,True,1,1,,0,accept,OK
ldap,rust-compiled,True,1,1,,0,accept,OK
ldap,rust-simd,True,1,1,,0,accept,OK
ldap,rust-template,True,1,1,,0,accept,OK
ldap,rust-template-simd,True,1,1,,0,accept,OK
ldp,c-flowdis-usp,True,1,1,,0,accept,OK
ldp,c-xdp2-usp,True,1,1,,0,reject:parse-error,OK
ldp,c-xdp2-parse-only,True,1,1,,0,reject:parse-error,OK
ldp,c-xdp2-mono,True,1,1,,0,accept,OK
ldp,c-bpf-xdp2,False,1,0,verifier,0,reject:verifier,REJ-expected
ldp,rust-graph,True,1,1,,0,accept,OK
ldp,rust-graph-enum,True,1,1,,0,accept,OK
ldp,rust-mono,True,1,1,,0,accept,OK
ldp,rust-mono-x4,True,1,1,,0,accept,OK
ldp,rust-compiled,True,1,1,,0,accept,OK
ldp,rust-simd,True,1,1,,0,accept,OK
ldp,rust-template,True,1,1,,0,accept,OK
ldp,rust-template-simd,True,1,1,,0,accept,OK
lisp,c-flowdis-usp,True,1,1,,0,accept,OK
lisp,c-xdp2-usp,True,1,1,,0,accept,OK
lisp,c-xdp2-parse-only,True,1,1,,0,accept,OK
lisp,c-xdp2-mono,True,1,1,,0,accept,OK
lisp,c-bpf-xdp2,False,1,0,verifier,0,reject:verifier,REJ-expected
lisp,rust-graph,True,1,1,,0,accept,OK
lisp,rust-graph-enum,True,1,1,,0,accept,OK
lisp,rust-mono,True,1,1,,0,accept,OK
lisp,rust-mono-x4,True,1,1,,0,accept,OK
lisp,rust-compiled,True,1,1,,0,accept,OK
lisp,rust-simd,True,1,1,,0,accept,OK
lisp,rust-template,True,1,1,,0,accept,OK
lisp,rust-template-simd,True,1,1,,0,accept,OK
lisp_control,c-flowdis-usp,True,1,1,,0,accept,OK
lisp_control,c-xdp2-usp,True,1,1,,0,accept,OK
lisp_control,c-xdp2-parse-only,True,1,1,,0,accept,OK
lisp_control,c-xdp2-mono,True,1,1,,0,accept,OK
lisp_control,c-bpf-xdp2,False,1,0,verifier,0,reject:verifier,REJ-expected
lisp_control,rust-graph,True,1,1,,0,accept,OK
lisp_control,rust-graph-enum,True,1,1,,0,accept,OK
lisp_control,rust-mono,True,1,1,,0,accept,OK
lisp_control,rust-mono-x4,True,1,1,,0,accept,OK
lisp_control,rust-compiled,True,1,1,,0,accept,OK
lisp_control,rust-simd,True,1,1,,0,accept,OK
lisp_control,rust-template,True,1,1,,0,accept,OK
lisp_control,rust-template-simd,True,1,1,,0,accept,OK
llc,c-flowdis-usp,False,1,0,parse-error,0,reject:parse-error,REJ-expected
llc,c-xdp2-usp,True,1,1,,0,accept,OK
llc,c-xdp2-parse-only,True,1,1,,0,accept,OK
llc,c-xdp2-mono,True,1,1,,0,accept,OK
llc,c-bpf-xdp2,False,1,0,verifier,0,reject:verifier,REJ-expected
llc,rust-graph,True,1,1,,0,accept,OK
llc,rust-graph-enum,False,1,0,ipv4-only,0,reject:ipv4-only,REJ-expected
llc,rust-mono,True,1,1,,0,accept,OK
llc,rust-mono-x4,True,1,1,,0,accept,OK
llc,rust-compiled,True,1,1,,0,accept,OK
llc,rust-simd,True,1,1,,0,accept,OK
llc,rust-template,False,1,0,no-template,0,reject:no-template,REJ-expected
llc,rust-template-simd,False,1,0,no-template,0,reject:no-template,REJ-expected
lldp,c-flowdis-usp,False,1,0,parse-error,0,reject:parse-error,REJ-expected
lldp,c-xdp2-usp,True,1,1,,0,accept,OK
lldp,c-xdp2-parse-only,True,1,1,,0,accept,OK
lldp,c-xdp2-mono,True,1,1,,0,accept,OK
lldp,c-bpf-xdp2,False,1,0,verifier,0,reject:verifier,REJ-expected
lldp,rust-graph,True,1,1,,0,accept,OK
lldp,rust-graph-enum,False,1,0,ipv4-only,0,reject:ipv4-only,REJ-expected
lldp,rust-mono,True,1,1,,0,accept,OK
lldp,rust-mono-x4,True,1,1,,0,accept,OK
lldp,rust-compiled,True,1,1,,0,accept,OK
lldp,rust-simd,True,1,1,,0,accept,OK
lldp,rust-template,False,1,0,no-template,0,reject:no-template,REJ-expected
lldp,rust-template-simd,False,1,0,no-template,0,reject:no-template,REJ-expected
lldp_cdp,c-flowdis-usp,False,1,0,parse-error,0,reject:parse-error,REJ-expected
lldp_cdp,c-xdp2-usp,True,1,1,,0,accept,OK
lldp_cdp,c-xdp2-parse-only,True,1,1,,0,accept,OK
lldp_cdp,c-xdp2-mono,True,1,1,,0,accept,OK
lldp_cdp,c-bpf-xdp2,False,1,0,verifier,0,reject:verifier,REJ-expected
lldp_cdp,rust-graph,True,1,1,,0,accept,OK
lldp_cdp,rust-graph-enum,False,1,0,ipv4-only,0,reject:ipv4-only,REJ-expected
lldp_cdp,rust-mono,True,1,1,,0,accept,OK
lldp_cdp,rust-mono-x4,True,1,1,,0,accept,OK
lldp_cdp,rust-compiled,True,1,1,,0,accept,OK
lldp_cdp,rust-simd,True,1,1,,0,accept,OK
lldp_cdp,rust-template,False,1,0,no-template,0,reject:no-template,REJ-expected
lldp_cdp,rust-template-simd,False,1,0,no-template,0,reject:no-template,REJ-expected
llmnr,c-flowdis-usp,True,1,1,,0,accept,OK
llmnr,c-xdp2-usp,True,1,1,,0,accept,OK
llmnr,c-xdp2-parse-only,True,1,1,,0,accept,OK
llmnr,c-xdp2-mono,True,1,1,,0,accept,OK
llmnr,c-bpf-xdp2,False,1,0,verifier,0,reject:verifier,REJ-expected
llmnr,rust-graph,True,1,1,,0,accept,OK
llmnr,rust-graph-enum,True,1,1,,0,accept,OK
llmnr,rust-mono,True,1,1,,0,accept,OK
llmnr,rust-mono-x4,True,1,1,,0,accept,OK
llmnr,rust-compiled,True,1,1,,0,accept,OK
llmnr,rust-simd,True,1,1,,0,accept,OK
llmnr,rust-template,True,1,1,,0,accept,OK
llmnr,rust-template-simd,True,1,1,,0,accept,OK
lltd,c-flowdis-usp,False,1,0,parse-error,0,reject:parse-error,REJ-expected
lltd,c-xdp2-usp,True,1,1,,0,accept,OK
lltd,c-xdp2-parse-only,True,1,1,,0,accept,OK
lltd,c-xdp2-mono,True,1,1,,0,accept,OK
lltd,c-bpf-xdp2,False,1,0,verifier,0,reject:verifier,REJ-expected
lltd,rust-graph,True,1,1,,0,accept,OK
lltd,rust-graph-enum,False,1,0,ipv4-only,0,reject:ipv4-only,REJ-expected
lltd,rust-mono,True,1,1,,0,accept,OK
lltd,rust-mono-x4,True,1,1,,0,accept,OK
lltd,rust-compiled,True,1,1,,0,accept,OK
lltd,rust-simd,True,1,1,,0,accept,OK
lltd,rust-template,False,1,0,no-template,0,reject:no-template,REJ-expected
lltd,rust-template-simd,False,1,0,no-template,0,reject:no-template,REJ-expected
lmp,c-flowdis-usp,True,1,1,,0,accept,OK
lmp,c-xdp2-usp,True,1,1,,0,accept,OK
lmp,c-xdp2-parse-only,True,1,1,,0,accept,OK
lmp,c-xdp2-mono,True,1,1,,0,accept,OK
lmp,c-bpf-xdp2,False,1,0,verifier,0,reject:verifier,REJ-expected
lmp,rust-graph,True,1,1,,0,accept,OK
lmp,rust-graph-enum,True,1,1,,0,accept,OK
lmp,rust-mono,True,1,1,,0,accept,OK
lmp,rust-mono-x4,True,1,1,,0,accept,OK
lmp,rust-compiled,True,1,1,,0,accept,OK
lmp,rust-simd,True,1,1,,0,accept,OK
lmp,rust-template,True,1,1,,0,accept,OK
lmp,rust-template-simd,True,1,1,,0,accept,OK
lwapp,c-flowdis-usp,True,1,1,,0,accept,OK
lwapp,c-xdp2-usp,True,1,1,,0,accept,OK
lwapp,c-xdp2-parse-only,True,1,1,,0,accept,OK
lwapp,c-xdp2-mono,True,1,1,,0,accept,OK
lwapp,c-bpf-xdp2,False,1,0,verifier,0,reject:verifier,REJ-expected
lwapp,rust-graph,True,1,1,,0,accept,OK
lwapp,rust-graph-enum,True,1,1,,0,accept,OK
lwapp,rust-mono,True,1,1,,0,accept,OK
lwapp,rust-mono-x4,True,1,1,,0,accept,OK
lwapp,rust-compiled,True,1,1,,0,accept,OK
lwapp,rust-simd,True,1,1,,0,accept,OK
lwapp,rust-template,True,1,1,,0,accept,OK
lwapp,rust-template-simd,True,1,1,,0,accept,OK
m2pa,c-flowdis-usp,True,1,1,,0,accept,OK
m2pa,c-xdp2-usp,True,1,1,,0,accept,OK
m2pa,c-xdp2-parse-only,True,1,1,,0,accept,OK
m2pa,c-xdp2-mono,True,1,1,,0,accept,OK
m2pa,c-bpf-xdp2,False,1,0,verifier,0,reject:verifier,REJ-expected
m2pa,rust-graph,True,1,1,,0,accept,OK
m2pa,rust-graph-enum,False,1,0,ipv4-only,0,reject:ipv4-only,REJ-expected
m2pa,rust-mono,True,1,1,,0,accept,OK
m2pa,rust-mono-x4,True,1,1,,0,accept,OK
m2pa,rust-compiled,True,1,1,,0,accept,OK
m2pa,rust-simd,True,1,1,,0,accept,OK
m2pa,rust-template,True,1,1,,0,accept,OK
m2pa,rust-template-simd,True,1,1,,0,accept,OK
m3ua,c-flowdis-usp,True,1,1,,0,accept,OK
m3ua,c-xdp2-usp,True,1,1,,0,accept,OK
m3ua,c-xdp2-parse-only,True,1,1,,0,accept,OK
m3ua,c-xdp2-mono,True,1,1,,0,accept,OK
m3ua,c-bpf-xdp2,False,1,0,verifier,0,reject:verifier,REJ-expected
m3ua,rust-graph,True,1,1,,0,accept,OK
m3ua,rust-graph-enum,False,1,0,ipv4-only,0,reject:ipv4-only,REJ-expected
m3ua,rust-mono,True,1,1,,0,accept,OK
m3ua,rust-mono-x4,True,1,1,,0,accept,OK
m3ua,rust-compiled,True,1,1,,0,accept,OK
m3ua,rust-simd,True,1,1,,0,accept,OK
m3ua,rust-template,True,1,1,,0,accept,OK
m3ua,rust-template-simd,True,1,1,,0,accept,OK
mac_control,c-flowdis-usp,False,1,0,parse-error,0,reject:parse-error,REJ-expected
mac_control,c-xdp2-usp,True,1,1,,0,accept,OK
mac_control,c-xdp2-parse-only,True,1,1,,0,accept,OK
mac_control,c-xdp2-mono,True,1,1,,0,accept,OK
mac_control,c-bpf-xdp2,False,1,0,verifier,0,reject:verifier,REJ-expected
mac_control,rust-graph,True,1,1,,0,accept,OK
mac_control,rust-graph-enum,False,1,0,ipv4-only,0,reject:ipv4-only,REJ-expected
mac_control,rust-mono,True,1,1,,0,accept,OK
mac_control,rust-mono-x4,True,1,1,,0,accept,OK
mac_control,rust-compiled,True,1,1,,0,accept,OK
mac_control,rust-simd,True,1,1,,0,accept,OK
mac_control,rust-template,False,1,0,no-template,0,reject:no-template,REJ-expected
mac_control,rust-template-simd,False,1,0,no-template,0,reject:no-template,REJ-expected
macsec,c-flowdis-usp,False,1,0,parse-error,0,reject:parse-error,REJ-expected
macsec,c-xdp2-usp,True,1,1,,0,accept,OK
macsec,c-xdp2-parse-only,True,1,1,,0,accept,OK
macsec,c-xdp2-mono,True,1,1,,0,accept,OK
macsec,c-bpf-xdp2,False,1,0,verifier,0,reject:verifier,REJ-expected
macsec,rust-graph,True,1,1,,0,accept,OK
macsec,rust-graph-enum,False,1,0,ipv4-only,0,reject:ipv4-only,REJ-expected
macsec,rust-mono,True,1,1,,0,accept,OK
macsec,rust-mono-x4,True,1,1,,0,accept,OK
macsec,rust-compiled,True,1,1,,0,accept,OK
macsec,rust-simd,True,1,1,,0,accept,OK
macsec,rust-template,False,1,0,no-template,0,reject:no-template,REJ-expected
macsec,rust-template-simd,False,1,0,no-template,0,reject:no-template,REJ-expected
marker,c-flowdis-usp,False,1,0,parse-error,0,reject:parse-error,REJ-expected
marker,c-xdp2-usp,True,1,1,,0,accept,OK
marker,c-xdp2-parse-only,True,1,1,,0,accept,OK
marker,c-xdp2-mono,True,1,1,,0,accept,OK
marker,c-bpf-xdp2,False,1,0,verifier,0,reject:verifier,REJ-expected
marker,rust-graph,True,1,1,,0,accept,OK
marker,rust-graph-enum,False,1,0,ipv4-only,0,reject:ipv4-only,REJ-expected
marker,rust-mono,True,1,1,,0,accept,OK
marker,rust-mono-x4,True,1,1,,0,accept,OK
marker,rust-compiled,True,1,1,,0,accept,OK
marker,rust-simd,True,1,1,,0,accept,OK
marker,rust-template,False,1,0,no-template,0,reject:no-template,REJ-expected
marker,rust-template-simd,False,1,0,no-template,0,reject:no-template,REJ-expected
mdns,c-flowdis-usp,True,1,1,,0,accept,OK
mdns,c-xdp2-usp,True,1,1,,0,accept,OK
mdns,c-xdp2-parse-only,True,1,1,,0,accept,OK
mdns,c-xdp2-mono,True,1,1,,0,accept,OK
mdns,c-bpf-xdp2,False,1,0,verifier,0,reject:verifier,REJ-expected
mdns,rust-graph,True,1,1,,0,accept,OK
mdns,rust-graph-enum,True,1,1,,0,accept,OK
mdns,rust-mono,True,1,1,,0,accept,OK
mdns,rust-mono-x4,True,1,1,,0,accept,OK
mdns,rust-compiled,True,1,1,,0,accept,OK
mdns,rust-simd,True,1,1,,0,accept,OK
mdns,rust-template,True,1,1,,0,accept,OK
mdns,rust-template-simd,True,1,1,,0,accept,OK
megaco,c-flowdis-usp,True,1,1,,0,accept,OK
megaco,c-xdp2-usp,True,1,1,,0,accept,OK
megaco,c-xdp2-parse-only,True,1,1,,0,accept,OK
megaco,c-xdp2-mono,True,1,1,,0,accept,OK
megaco,c-bpf-xdp2,False,1,0,verifier,0,reject:verifier,REJ-expected
megaco,rust-graph,True,1,1,,0,accept,OK
megaco,rust-graph-enum,True,1,1,,0,accept,OK
megaco,rust-mono,True,1,1,,0,accept,OK
megaco,rust-mono-x4,True,1,1,,0,accept,OK
megaco,rust-compiled,True,1,1,,0,accept,OK
megaco,rust-simd,True,1,1,,0,accept,OK
megaco,rust-template,True,1,1,,0,accept,OK
megaco,rust-template-simd,True,1,1,,0,accept,OK
memcache,c-flowdis-usp,True,1,1,,0,accept,OK
memcache,c-xdp2-usp,True,1,1,,0,reject:parse-error,OK
memcache,c-xdp2-parse-only,True,1,1,,0,reject:parse-error,OK
memcache,c-xdp2-mono,True,1,1,,0,accept,OK
memcache,c-bpf-xdp2,False,1,0,verifier,0,reject:verifier,REJ-expected
memcache,rust-graph,False,1,0,parse-error,0,reject:parse-error,REJ-expected
memcache,rust-graph-enum,False,1,0,ipv4-only,0,reject:ipv4-only,REJ-expected
memcache,rust-mono,True,1,1,,0,accept,OK
memcache,rust-mono-x4,True,1,1,,0,accept,OK
memcache,rust-compiled,True,1,1,,0,accept,OK
memcache,rust-simd,True,1,1,,0,accept,OK
memcache,rust-template,True,1,1,,0,accept,OK
memcache,rust-template-simd,True,1,1,,0,accept,OK
mgcp,c-flowdis-usp,True,1,1,,0,accept,OK
mgcp,c-xdp2-usp,True,1,1,,0,accept,OK
mgcp,c-xdp2-parse-only,True,1,1,,0,accept,OK
mgcp,c-xdp2-mono,True,1,1,,0,accept,OK
mgcp,c-bpf-xdp2,False,1,0,verifier,0,reject:verifier,REJ-expected
mgcp,rust-graph,True,1,1,,0,accept,OK
mgcp,rust-graph-enum,True,1,1,,0,accept,OK
mgcp,rust-mono,True,1,1,,0,accept,OK
mgcp,rust-mono-x4,True,1,1,,0,accept,OK
mgcp,rust-compiled,True,1,1,,0,accept,OK
mgcp,rust-simd,True,1,1,,0,accept,OK
mgcp,rust-template,True,1,1,,0,accept,OK
mgcp,rust-template-simd,True,1,1,,0,accept,OK
mgcp_ncs,c-flowdis-usp,True,1,1,,0,accept,OK
mgcp_ncs,c-xdp2-usp,True,1,1,,0,accept,OK
mgcp_ncs,c-xdp2-parse-only,True,1,1,,0,accept,OK
mgcp_ncs,c-xdp2-mono,True,1,1,,0,accept,OK
mgcp_ncs,c-bpf-xdp2,False,1,0,verifier,0,reject:verifier,REJ-expected
mgcp_ncs,rust-graph,True,1,1,,0,accept,OK
mgcp_ncs,rust-graph-enum,True,1,1,,0,accept,OK
mgcp_ncs,rust-mono,True,1,1,,0,accept,OK
mgcp_ncs,rust-mono-x4,True,1,1,,0,accept,OK
mgcp_ncs,rust-compiled,True,1,1,,0,accept,OK
mgcp_ncs,rust-simd,True,1,1,,0,accept,OK
mgcp_ncs,rust-template,True,1,1,,0,accept,OK
mgcp_ncs,rust-template-simd,True,1,1,,0,accept,OK
mld,c-flowdis-usp,True,1,1,,0,accept,OK
mld,c-xdp2-usp,True,1,1,,0,accept,OK
mld,c-xdp2-parse-only,True,1,1,,0,accept,OK
mld,c-xdp2-mono,True,1,1,,0,accept,OK
mld,c-bpf-xdp2,False,1,0,verifier,0,reject:verifier,REJ-expected
mld,rust-graph,True,1,1,,0,accept,OK
mld,rust-graph-enum,False,1,0,ipv4-only,0,reject:ipv4-only,REJ-expected
mld,rust-mono,True,1,1,,0,accept,OK
mld,rust-mono-x4,True,1,1,,0,accept,OK
mld,rust-compiled,True,1,1,,0,accept,OK
mld,rust-simd,True,1,1,,0,accept,OK
mld,rust-template,True,1,1,,0,accept,OK
mld,rust-template-simd,True,1,1,,0,accept,OK
mld_report_v1,c-flowdis-usp,True,1,1,,0,accept,OK
mld_report_v1,c-xdp2-usp,True,1,1,,0,accept,OK
mld_report_v1,c-xdp2-parse-only,True,1,1,,0,accept,OK
mld_report_v1,c-xdp2-mono,True,1,1,,0,accept,OK
mld_report_v1,c-bpf-xdp2,False,1,0,verifier,0,reject:verifier,REJ-expected
mld_report_v1,rust-graph,True,1,1,,0,accept,OK
mld_report_v1,rust-graph-enum,False,1,0,ipv4-only,0,reject:ipv4-only,REJ-expected
mld_report_v1,rust-mono,True,1,1,,0,accept,OK
mld_report_v1,rust-mono-x4,True,1,1,,0,accept,OK
mld_report_v1,rust-compiled,True,1,1,,0,accept,OK
mld_report_v1,rust-simd,True,1,1,,0,accept,OK
mld_report_v1,rust-template,True,1,1,,0,accept,OK
mld_report_v1,rust-template-simd,True,1,1,,0,accept,OK
mldv2_query,c-flowdis-usp,True,1,1,,0,accept,OK
mldv2_query,c-xdp2-usp,True,1,1,,0,accept,OK
mldv2_query,c-xdp2-parse-only,True,1,1,,0,accept,OK
mldv2_query,c-xdp2-mono,True,1,1,,0,accept,OK
mldv2_query,c-bpf-xdp2,False,1,0,verifier,0,reject:verifier,REJ-expected
mldv2_query,rust-graph,True,1,1,,0,accept,OK
mldv2_query,rust-graph-enum,False,1,0,ipv4-only,0,reject:ipv4-only,REJ-expected
mldv2_query,rust-mono,True,1,1,,0,accept,OK
mldv2_query,rust-mono-x4,True,1,1,,0,accept,OK
mldv2_query,rust-compiled,True,1,1,,0,accept,OK
mldv2_query,rust-simd,True,1,1,,0,accept,OK
mldv2_query,rust-template,True,1,1,,0,accept,OK
mldv2_query,rust-template-simd,True,1,1,,0,accept,OK
mldv2_report,c-flowdis-usp,True,1,1,,0,accept,OK
mldv2_report,c-xdp2-usp,True,1,1,,0,accept,OK
mldv2_report,c-xdp2-parse-only,True,1,1,,0,accept,OK
mldv2_report,c-xdp2-mono,True,1,1,,0,accept,OK
mldv2_report,c-bpf-xdp2,False,1,0,verifier,0,reject:verifier,REJ-expected
mldv2_report,rust-graph,True,1,1,,0,accept,OK
mldv2_report,rust-graph-enum,False,1,0,ipv4-only,0,reject:ipv4-only,REJ-expected
mldv2_report,rust-mono,True,1,1,,0,accept,OK
mldv2_report,rust-mono-x4,True,1,1,,0,accept,OK
mldv2_report,rust-compiled,True,1,1,,0,accept,OK
mldv2_report,rust-simd,True,1,1,,0,accept,OK
mldv2_report,rust-template,True,1,1,,0,accept,OK
mldv2_report,rust-template-simd,True,1,1,,0,accept,OK
mmrp,c-flowdis-usp,False,1,0,parse-error,0,reject:parse-error,REJ-expected
mmrp,c-xdp2-usp,True,1,1,,0,accept,OK
mmrp,c-xdp2-parse-only,True,1,1,,0,accept,OK
mmrp,c-xdp2-mono,True,1,1,,0,accept,OK
mmrp,c-bpf-xdp2,False,1,0,verifier,0,reject:verifier,REJ-expected
mmrp,rust-graph,True,1,1,,0,accept,OK
mmrp,rust-graph-enum,False,1,0,ipv4-only,0,reject:ipv4-only,REJ-expected
mmrp,rust-mono,True,1,1,,0,accept,OK
mmrp,rust-mono-x4,True,1,1,,0,accept,OK
mmrp,rust-compiled,True,1,1,,0,accept,OK
mmrp,rust-simd,True,1,1,,0,accept,OK
mmrp,rust-template,False,1,0,no-template,0,reject:no-template,REJ-expected
mmrp,rust-template-simd,False,1,0,no-template,0,reject:no-template,REJ-expected
modbus_tcp,c-flowdis-usp,True,1,1,,0,accept,OK
modbus_tcp,c-xdp2-usp,True,1,1,,0,accept,OK
modbus_tcp,c-xdp2-parse-only,True,1,1,,0,accept,OK
modbus_tcp,c-xdp2-mono,True,1,1,,0,accept,OK
modbus_tcp,c-bpf-xdp2,False,1,0,verifier,0,reject:verifier,REJ-expected
modbus_tcp,rust-graph,True,1,1,,0,accept,OK
modbus_tcp,rust-graph-enum,True,1,1,,0,accept,OK
modbus_tcp,rust-mono,True,1,1,,0,accept,OK
modbus_tcp,rust-mono-x4,True,1,1,,0,accept,OK
modbus_tcp,rust-compiled,True,1,1,,0,accept,OK
modbus_tcp,rust-simd,True,1,1,,0,accept,OK
modbus_tcp,rust-template,True,1,1,,0,accept,OK
modbus_tcp,rust-template-simd,True,1,1,,0,accept,OK
mongodb,c-flowdis-usp,True,1,1,,0,accept,OK
mongodb,c-xdp2-usp,True,1,1,,0,accept,OK
mongodb,c-xdp2-parse-only,True,1,1,,0,accept,OK
mongodb,c-xdp2-mono,True,1,1,,0,accept,OK
mongodb,c-bpf-xdp2,False,1,0,verifier,0,reject:verifier,REJ-expected
mongodb,rust-graph,True,1,1,,0,accept,OK
mongodb,rust-graph-enum,True,1,1,,0,accept,OK
mongodb,rust-mono,True,1,1,,0,accept,OK
mongodb,rust-mono-x4,True,1,1,,0,accept,OK
mongodb,rust-compiled,True,1,1,,0,accept,OK
mongodb,rust-simd,True,1,1,,0,accept,OK
mongodb,rust-template,True,1,1,,0,accept,OK
mongodb,rust-template-simd,True,1,1,,0,accept,OK
mpeg_ts,c-flowdis-usp,False,1,0,parse-error,0,reject:parse-error,REJ-expected
mpeg_ts,c-xdp2-usp,True,1,1,,0,accept,OK
mpeg_ts,c-xdp2-parse-only,True,1,1,,0,accept,OK
mpeg_ts,c-xdp2-mono,True,1,1,,0,accept,OK
mpeg_ts,c-bpf-xdp2,False,1,0,verifier,0,reject:verifier,REJ-expected
mpeg_ts,rust-graph,True,1,1,,0,accept,OK
mpeg_ts,rust-graph-enum,False,1,0,ipv4-only,0,reject:ipv4-only,REJ-expected
mpeg_ts,rust-mono,True,1,1,,0,accept,OK
mpeg_ts,rust-mono-x4,True,1,1,,0,accept,OK
mpeg_ts,rust-compiled,True,1,1,,0,accept,OK
mpeg_ts,rust-simd,True,1,1,,0,accept,OK
mpeg_ts,rust-template,False,1,0,no-template,0,reject:no-template,REJ-expected
mpeg_ts,rust-template-simd,False,1,0,no-template,0,reject:no-template,REJ-expected
mpls,c-flowdis-usp,True,1,1,,0,accept,OK
mpls,c-xdp2-usp,False,1,0,parse-error,0,reject:parse-error,REJ-expected
mpls,c-xdp2-parse-only,False,1,0,parse-error,0,reject:parse-error,REJ-expected
mpls,c-xdp2-mono,False,1,0,parse-error,0,reject:parse-error,REJ-expected
mpls,c-bpf-xdp2,False,1,0,verifier,0,reject:verifier,REJ-expected
mpls,rust-graph,False,1,0,parse-error,0,reject:parse-error,REJ-expected
mpls,rust-graph-enum,False,1,0,ipv4-only,0,reject:ipv4-only,REJ-expected
mpls,rust-mono,False,1,0,parse-error,0,reject:parse-error,REJ-expected
mpls,rust-mono-x4,False,1,0,parse-error,0,reject:parse-error,REJ-expected
mpls,rust-compiled,True,1,1,,0,accept,OK
mpls,rust-simd,True,1,1,,0,accept,OK
mpls,rust-template,False,1,0,no-template,0,reject:no-template,REJ-expected
mpls,rust-template-simd,False,1,0,no-template,0,reject:no-template,REJ-expected
mpls_echo,c-flowdis-usp,True,1,1,,0,accept,OK
mpls_echo,c-xdp2-usp,True,1,1,,0,accept,OK
mpls_echo,c-xdp2-parse-only,True,1,1,,0,accept,OK
mpls_echo,c-xdp2-mono,True,1,1,,0,accept,OK
mpls_echo,c-bpf-xdp2,False,1,0,verifier,0,reject:verifier,REJ-expected
mpls_echo,rust-graph,True,1,1,,0,accept,OK
mpls_echo,rust-graph-enum,True,1,1,,0,accept,OK
mpls_echo,rust-mono,True,1,1,,0,accept,OK
mpls_echo,rust-mono-x4,True,1,1,,0,accept,OK
mpls_echo,rust-compiled,True,1,1,,0,accept,OK
mpls_echo,rust-simd,True,1,1,,0,accept,OK
mpls_echo,rust-template,True,1,1,,0,accept,OK
mpls_echo,rust-template-simd,True,1,1,,0,accept,OK
mpls_oam,c-flowdis-usp,True,1,1,,0,accept,OK
mpls_oam,c-xdp2-usp,True,1,1,,0,accept,OK
mpls_oam,c-xdp2-parse-only,True,1,1,,0,accept,OK
mpls_oam,c-xdp2-mono,True,1,1,,0,accept,OK
mpls_oam,c-bpf-xdp2,False,1,0,verifier,0,reject:verifier,REJ-expected
mpls_oam,rust-graph,True,1,1,,0,accept,OK
mpls_oam,rust-graph-enum,True,1,1,,0,accept,OK
mpls_oam,rust-mono,True,1,1,,0,accept,OK
mpls_oam,rust-mono-x4,True,1,1,,0,accept,OK
mpls_oam,rust-compiled,True,1,1,,0,accept,OK
mpls_oam,rust-simd,True,1,1,,0,accept,OK
mpls_oam,rust-template,True,1,1,,0,accept,OK
mpls_oam,rust-template-simd,True,1,1,,0,accept,OK
mpls_tp,c-flowdis-usp,True,1,1,,0,accept,OK
mpls_tp,c-xdp2-usp,True,1,1,,0,accept,OK
mpls_tp,c-xdp2-parse-only,True,1,1,,0,accept,OK
mpls_tp,c-xdp2-mono,True,1,1,,0,accept,OK
mpls_tp,c-bpf-xdp2,False,1,0,verifier,0,reject:verifier,REJ-expected
mpls_tp,rust-graph,True,1,1,,0,accept,OK
mpls_tp,rust-graph-enum,False,1,0,ipv4-only,0,reject:ipv4-only,REJ-expected
mpls_tp,rust-mono,True,1,1,,0,accept,OK
mpls_tp,rust-mono-x4,True,1,1,,0,accept,OK
mpls_tp,rust-compiled,True,1,1,,0,accept,OK
mpls_tp,rust-simd,True,1,1,,0,accept,OK
mpls_tp,rust-template,False,1,0,no-template,0,reject:no-template,REJ-expected
mpls_tp,rust-template-simd,False,1,0,no-template,0,reject:no-template,REJ-expected
mqtt,c-flowdis-usp,True,1,1,,0,accept,OK
mqtt,c-xdp2-usp,True,1,1,,0,accept,OK
mqtt,c-xdp2-parse-only,True,1,1,,0,accept,OK
mqtt,c-xdp2-mono,True,1,1,,0,accept,OK
mqtt,c-bpf-xdp2,False,1,0,verifier,0,reject:verifier,REJ-expected
mqtt,rust-graph,True,1,1,,0,accept,OK
mqtt,rust-graph-enum,True,1,1,,0,accept,OK
mqtt,rust-mono,True,1,1,,0,accept,OK
mqtt,rust-mono-x4,True,1,1,,0,accept,OK
mqtt,rust-compiled,True,1,1,,0,accept,OK
mqtt,rust-simd,True,1,1,,0,accept,OK
mqtt,rust-template,True,1,1,,0,accept,OK
mqtt,rust-template-simd,True,1,1,,0,accept,OK
mrp,c-flowdis-usp,False,1,0,parse-error,0,reject:parse-error,REJ-expected
mrp,c-xdp2-usp,True,1,1,,0,accept,OK
mrp,c-xdp2-parse-only,True,1,1,,0,accept,OK
mrp,c-xdp2-mono,True,1,1,,0,accept,OK
mrp,c-bpf-xdp2,False,1,0,verifier,0,reject:verifier,REJ-expected
mrp,rust-graph,True,1,1,,0,accept,OK
mrp,rust-graph-enum,False,1,0,ipv4-only,0,reject:ipv4-only,REJ-expected
mrp,rust-mono,True,1,1,,0,accept,OK
mrp,rust-mono-x4,True,1,1,,0,accept,OK
mrp,rust-compiled,True,1,1,,0,accept,OK
mrp,rust-simd,True,1,1,,0,accept,OK
mrp,rust-template,False,1,0,no-template,0,reject:no-template,REJ-expected
mrp,rust-template-simd,False,1,0,no-template,0,reject:no-template,REJ-expected
msdp,c-flowdis-usp,True,1,1,,0,accept,OK
msdp,c-xdp2-usp,True,1,1,,0,accept,OK
msdp,c-xdp2-parse-only,True,1,1,,0,accept,OK
msdp,c-xdp2-mono,True,1,1,,0,accept,OK
msdp,c-bpf-xdp2,False,1,0,verifier,0,reject:verifier,REJ-expected
msdp,rust-graph,True,1,1,,0,accept,OK
msdp,rust-graph-enum,True,1,1,,0,accept,OK
msdp,rust-mono,True,1,1,,0,accept,OK
msdp,rust-mono-x4,True,1,1,,0,accept,OK
msdp,rust-compiled,True,1,1,,0,accept,OK
msdp,rust-simd,True,1,1,,0,accept,OK
msdp,rust-template,True,1,1,,0,accept,OK
msdp,rust-template-simd,True,1,1,,0,accept,OK
msdp_sa,c-flowdis-usp,True,1,1,,0,accept,OK
msdp_sa,c-xdp2-usp,True,1,1,,0,accept,OK
msdp_sa,c-xdp2-parse-only,True,1,1,,0,accept,OK
msdp_sa,c-xdp2-mono,True,1,1,,0,accept,OK
msdp_sa,c-bpf-xdp2,False,1,0,verifier,0,reject:verifier,REJ-expected
msdp_sa,rust-graph,True,1,1,,0,accept,OK
msdp_sa,rust-graph-enum,True,1,1,,0,accept,OK
msdp_sa,rust-mono,True,1,1,,0,accept,OK
msdp_sa,rust-mono-x4,True,1,1,,0,accept,OK
msdp_sa,rust-compiled,True,1,1,,0,accept,OK
msdp_sa,rust-simd,True,1,1,,0,accept,OK
msdp_sa,rust-template,True,1,1,,0,accept,OK
msdp_sa,rust-template-simd,True,1,1,,0,accept,OK
mstp,c-flowdis-usp,False,1,0,parse-error,0,reject:parse-error,REJ-expected
mstp,c-xdp2-usp,True,1,1,,0,accept,OK
mstp,c-xdp2-parse-only,True,1,1,,0,accept,OK
mstp,c-xdp2-mono,True,1,1,,0,accept,OK
mstp,c-bpf-xdp2,False,1,0,verifier,0,reject:verifier,REJ-expected
mstp,rust-graph,True,1,1,,0,accept,OK
mstp,rust-graph-enum,False,1,0,ipv4-only,0,reject:ipv4-only,REJ-expected
mstp,rust-mono,True,1,1,,0,accept,OK
mstp,rust-mono-x4,True,1,1,,0,accept,OK
mstp,rust-compiled,True,1,1,,0,accept,OK
mstp,rust-simd,True,1,1,,0,accept,OK
mstp,rust-template,False,1,0,no-template,0,reject:no-template,REJ-expected
mstp,rust-template-simd,False,1,0,no-template,0,reject:no-template,REJ-expected
mvrp,c-flowdis-usp,False,1,0,parse-error,0,reject:parse-error,REJ-expected
mvrp,c-xdp2-usp,True,1,1,,0,accept,OK
mvrp,c-xdp2-parse-only,True,1,1,,0,accept,OK
mvrp,c-xdp2-mono,True,1,1,,0,accept,OK
mvrp,c-bpf-xdp2,False,1,0,verifier,0,reject:verifier,REJ-expected
mvrp,rust-graph,True,1,1,,0,accept,OK
mvrp,rust-graph-enum,False,1,0,ipv4-only,0,reject:ipv4-only,REJ-expected
mvrp,rust-mono,True,1,1,,0,accept,OK
mvrp,rust-mono-x4,True,1,1,,0,accept,OK
mvrp,rust-compiled,True,1,1,,0,accept,OK
mvrp,rust-simd,True,1,1,,0,accept,OK
mvrp,rust-template,False,1,0,no-template,0,reject:no-template,REJ-expected
mvrp,rust-template-simd,False,1,0,no-template,0,reject:no-template,REJ-expected
mysql,c-flowdis-usp,True,1,1,,0,accept,OK
mysql,c-xdp2-usp,True,1,1,,0,accept,OK
mysql,c-xdp2-parse-only,True,1,1,,0,accept,OK
mysql,c-xdp2-mono,True,1,1,,0,accept,OK
mysql,c-bpf-xdp2,False,1,0,verifier,0,reject:verifier,REJ-expected
mysql,rust-graph,True,1,1,,0,accept,OK
mysql,rust-graph-enum,True,1,1,,0,accept,OK
mysql,rust-mono,True,1,1,,0,accept,OK
mysql,rust-mono-x4,True,1,1,,0,accept,OK
mysql,rust-compiled,True,1,1,,0,accept,OK
mysql,rust-simd,True,1,1,,0,accept,OK
mysql,rust-template,True,1,1,,0,accept,OK
mysql,rust-template-simd,True,1,1,,0,accept,OK
nats,c-flowdis-usp,True,1,1,,0,accept,OK
nats,c-xdp2-usp,True,1,1,,0,accept,OK
nats,c-xdp2-parse-only,True,1,1,,0,accept,OK
nats,c-xdp2-mono,True,1,1,,0,accept,OK
nats,c-bpf-xdp2,False,1,0,verifier,0,reject:verifier,REJ-expected
nats,rust-graph,True,1,1,,0,accept,OK
nats,rust-graph-enum,True,1,1,,0,accept,OK
nats,rust-mono,True,1,1,,0,accept,OK
nats,rust-mono-x4,True,1,1,,0,accept,OK
nats,rust-compiled,True,1,1,,0,accept,OK
nats,rust-simd,True,1,1,,0,accept,OK
nats,rust-template,True,1,1,,0,accept,OK
nats,rust-template-simd,True,1,1,,0,accept,OK
nbns,c-flowdis-usp,True,1,1,,0,accept,OK
nbns,c-xdp2-usp,True,1,1,,0,accept,OK
nbns,c-xdp2-parse-only,True,1,1,,0,accept,OK
nbns,c-xdp2-mono,True,1,1,,0,accept,OK
nbns,c-bpf-xdp2,False,1,0,verifier,0,reject:verifier,REJ-expected
nbns,rust-graph,True,1,1,,0,accept,OK
nbns,rust-graph-enum,True,1,1,,0,accept,OK
nbns,rust-mono,True,1,1,,0,accept,OK
nbns,rust-mono-x4,True,1,1,,0,accept,OK
nbns,rust-compiled,True,1,1,,0,accept,OK
nbns,rust-simd,True,1,1,,0,accept,OK
nbns,rust-template,True,1,1,,0,accept,OK
nbns,rust-template-simd,True,1,1,,0,accept,OK
nc_si,c-flowdis-usp,False,1,0,parse-error,0,reject:parse-error,REJ-expected
nc_si,c-xdp2-usp,True,1,1,,0,accept,OK
nc_si,c-xdp2-parse-only,True,1,1,,0,accept,OK
nc_si,c-xdp2-mono,True,1,1,,0,accept,OK
nc_si,c-bpf-xdp2,False,1,0,verifier,0,reject:verifier,REJ-expected
nc_si,rust-graph,True,1,1,,0,accept,OK
nc_si,rust-graph-enum,False,1,0,ipv4-only,0,reject:ipv4-only,REJ-expected
nc_si,rust-mono,True,1,1,,0,accept,OK
nc_si,rust-mono-x4,True,1,1,,0,accept,OK
nc_si,rust-compiled,True,1,1,,0,accept,OK
nc_si,rust-simd,True,1,1,,0,accept,OK
nc_si,rust-template,False,1,0,no-template,0,reject:no-template,REJ-expected
nc_si,rust-template-simd,False,1,0,no-template,0,reject:no-template,REJ-expected
netconf,c-flowdis-usp,True,1,1,,0,accept,OK
netconf,c-xdp2-usp,True,1,1,,0,accept,OK
netconf,c-xdp2-parse-only,True,1,1,,0,accept,OK
netconf,c-xdp2-mono,True,1,1,,0,accept,OK
netconf,c-bpf-xdp2,False,1,0,verifier,0,reject:verifier,REJ-expected
netconf,rust-graph,True,1,1,,0,accept,OK
netconf,rust-graph-enum,True,1,1,,0,accept,OK
netconf,rust-mono,True,1,1,,0,accept,OK
netconf,rust-mono-x4,True,1,1,,0,accept,OK
netconf,rust-compiled,True,1,1,,0,accept,OK
netconf,rust-simd,True,1,1,,0,accept,OK
netconf,rust-template,True,1,1,,0,accept,OK
netconf,rust-template-simd,True,1,1,,0,accept,OK
netflow_v5,c-flowdis-usp,True,1,1,,0,accept,OK
netflow_v5,c-xdp2-usp,True,1,1,,0,accept,OK
netflow_v5,c-xdp2-parse-only,True,1,1,,0,accept,OK
netflow_v5,c-xdp2-mono,True,1,1,,0,accept,OK
netflow_v5,c-bpf-xdp2,False,1,0,verifier,0,reject:verifier,REJ-expected
netflow_v5,rust-graph,True,1,1,,0,accept,OK
netflow_v5,rust-graph-enum,True,1,1,,0,accept,OK
netflow_v5,rust-mono,True,1,1,,0,accept,OK
netflow_v5,rust-mono-x4,True,1,1,,0,accept,OK
netflow_v5,rust-compiled,True,1,1,,0,accept,OK
netflow_v5,rust-simd,True,1,1,,0,accept,OK
netflow_v5,rust-template,True,1,1,,0,accept,OK
netflow_v5,rust-template-simd,True,1,1,,0,accept,OK
netflow_v9,c-flowdis-usp,True,1,1,,0,accept,OK
netflow_v9,c-xdp2-usp,True,1,1,,0,accept,OK
netflow_v9,c-xdp2-parse-only,True,1,1,,0,accept,OK
netflow_v9,c-xdp2-mono,True,1,1,,0,accept,OK
netflow_v9,c-bpf-xdp2,False,1,0,verifier,0,reject:verifier,REJ-expected
netflow_v9,rust-graph,True,1,1,,0,accept,OK
netflow_v9,rust-graph-enum,True,1,1,,0,accept,OK
netflow_v9,rust-mono,True,1,1,,0,accept,OK
netflow_v9,rust-mono-x4,True,1,1,,0,accept,OK
netflow_v9,rust-compiled,True,1,1,,0,accept,OK
netflow_v9,rust-simd,True,1,1,,0,accept,OK
netflow_v9,rust-template,True,1,1,,0,accept,OK
netflow_v9,rust-template-simd,True,1,1,,0,accept,OK
nfs,c-flowdis-usp,False,1,0,parse-error,0,reject:parse-error,REJ-expected
nfs,c-xdp2-usp,True,1,1,,0,accept,OK
nfs,c-xdp2-parse-only,True,1,1,,0,accept,OK
nfs,c-xdp2-mono,True,1,1,,0,accept,OK
nfs,c-bpf-xdp2,False,1,0,verifier,0,reject:verifier,REJ-expected
nfs,rust-graph,True,1,1,,0,accept,OK
nfs,rust-graph-enum,False,1,0,ipv4-only,0,reject:ipv4-only,REJ-expected
nfs,rust-mono,True,1,1,,0,accept,OK
nfs,rust-mono-x4,True,1,1,,0,accept,OK
nfs,rust-compiled,True,1,1,,0,accept,OK
nfs,rust-simd,True,1,1,,0,accept,OK
nfs,rust-template,False,1,0,no-template,0,reject:no-template,REJ-expected
nfs,rust-template-simd,False,1,0,no-template,0,reject:no-template,REJ-expected
nfsv4,c-flowdis-usp,True,1,1,,0,accept,OK
nfsv4,c-xdp2-usp,True,1,1,,0,accept,OK
nfsv4,c-xdp2-parse-only,True,1,1,,0,accept,OK
nfsv4,c-xdp2-mono,True,1,1,,0,accept,OK
nfsv4,c-bpf-xdp2,False,1,0,verifier,0,reject:verifier,REJ-expected
nfsv4,rust-graph,True,1,1,,0,accept,OK
nfsv4,rust-graph-enum,True,1,1,,0,accept,OK
nfsv4,rust-mono,True,1,1,,0,accept,OK
nfsv4,rust-mono-x4,True,1,1,,0,accept,OK
nfsv4,rust-compiled,True,1,1,,0,accept,OK
nfsv4,rust-simd,True,1,1,,0,accept,OK
nfsv4,rust-template,True,1,1,,0,accept,OK
nfsv4,rust-template-simd,True,1,1,,0,accept,OK
ngap,c-flowdis-usp,True,1,1,,0,accept,OK
ngap,c-xdp2-usp,True,1,1,,0,accept,OK
ngap,c-xdp2-parse-only,True,1,1,,0,accept,OK
ngap,c-xdp2-mono,True,1,1,,0,accept,OK
ngap,c-bpf-xdp2,False,1,0,verifier,0,reject:verifier,REJ-expected
ngap,rust-graph,True,1,1,,0,accept,OK
ngap,rust-graph-enum,False,1,0,ipv4-only,0,reject:ipv4-only,REJ-expected
ngap,rust-mono,True,1,1,,0,accept,OK
ngap,rust-mono-x4,True,1,1,,0,accept,OK
ngap,rust-compiled,True,1,1,,0,accept,OK
ngap,rust-simd,True,1,1,,0,accept,OK
ngap,rust-template,True,1,1,,0,accept,OK
ngap,rust-template-simd,True,1,1,,0,accept,OK
nntp,c-flowdis-usp,True,1,1,,0,accept,OK
nntp,c-xdp2-usp,True,1,1,,0,accept,OK
nntp,c-xdp2-parse-only,True,1,1,,0,accept,OK
nntp,c-xdp2-mono,True,1,1,,0,accept,OK
nntp,c-bpf-xdp2,False,1,0,verifier,0,reject:verifier,REJ-expected
nntp,rust-graph,True,1,1,,0,accept,OK
nntp,rust-graph-enum,True,1,1,,0,accept,OK
nntp,rust-mono,True,1,1,,0,accept,OK
nntp,rust-mono-x4,True,1,1,,0,accept,OK
nntp,rust-compiled,True,1,1,,0,accept,OK
nntp,rust-simd,True,1,1,,0,accept,OK
nntp,rust-template,True,1,1,,0,accept,OK
nntp,rust-template-simd,True,1,1,,0,accept,OK
nsh,c-flowdis-usp,False,1,0,parse-error,0,reject:parse-error,REJ-expected
nsh,c-xdp2-usp,True,1,1,,0,accept,OK
nsh,c-xdp2-parse-only,True,1,1,,0,accept,OK
nsh,c-xdp2-mono,True,1,1,,0,accept,OK
nsh,c-bpf-xdp2,False,1,0,verifier,0,reject:verifier,REJ-expected
nsh,rust-graph,True,1,1,,0,accept,OK
nsh,rust-graph-enum,False,1,0,ipv4-only,0,reject:ipv4-only,REJ-expected
nsh,rust-mono,True,1,1,,0,accept,OK
nsh,rust-mono-x4,True,1,1,,0,accept,OK
nsh,rust-compiled,True,1,1,,0,accept,OK
nsh,rust-simd,True,1,1,,0,accept,OK
nsh,rust-template,False,1,0,no-template,0,reject:no-template,REJ-expected
nsh,rust-template-simd,False,1,0,no-template,0,reject:no-template,REJ-expected
ntlmssp,c-flowdis-usp,False,1,0,parse-error,0,reject:parse-error,REJ-expected
ntlmssp,c-xdp2-usp,True,1,1,,0,accept,OK
ntlmssp,c-xdp2-parse-only,True,1,1,,0,accept,OK
ntlmssp,c-xdp2-mono,True,1,1,,0,accept,OK
ntlmssp,c-bpf-xdp2,False,1,0,verifier,0,reject:verifier,REJ-expected
ntlmssp,rust-graph,True,1,1,,0,accept,OK
ntlmssp,rust-graph-enum,False,1,0,ipv4-only,0,reject:ipv4-only,REJ-expected
ntlmssp,rust-mono,True,1,1,,0,accept,OK
ntlmssp,rust-mono-x4,True,1,1,,0,accept,OK
ntlmssp,rust-compiled,True,1,1,,0,accept,OK
ntlmssp,rust-simd,True,1,1,,0,accept,OK
ntlmssp,rust-template,False,1,0,no-template,0,reject:no-template,REJ-expected
ntlmssp,rust-template-simd,False,1,0,no-template,0,reject:no-template,REJ-expected
ntp,c-flowdis-usp,True,1,1,,0,accept,OK
ntp,c-xdp2-usp,True,1,1,,0,accept,OK
ntp,c-xdp2-parse-only,True,1,1,,0,accept,OK
ntp,c-xdp2-mono,True,1,1,,0,accept,OK
ntp,c-bpf-xdp2,False,1,0,verifier,0,reject:verifier,REJ-expected
ntp,rust-graph,True,1,1,,0,accept,OK
ntp,rust-graph-enum,True,1,1,,0,accept,OK
ntp,rust-mono,True,1,1,,0,accept,OK
ntp,rust-mono-x4,True,1,1,,0,accept,OK
ntp,rust-compiled,True,1,1,,0,accept,OK
ntp,rust-simd,True,1,1,,0,accept,OK
ntp,rust-template,True,1,1,,0,accept,OK
ntp,rust-template-simd,True,1,1,,0,accept,OK
nts,c-flowdis-usp,True,1,1,,0,accept,OK
nts,c-xdp2-usp,True,1,1,,0,accept,OK
nts,c-xdp2-parse-only,True,1,1,,0,accept,OK
nts,c-xdp2-mono,True,1,1,,0,accept,OK
nts,c-bpf-xdp2,False,1,0,verifier,0,reject:verifier,REJ-expected
nts,rust-graph,True,1,1,,0,accept,OK
nts,rust-graph-enum,True,1,1,,0,accept,OK
nts,rust-mono,True,1,1,,0,accept,OK
nts,rust-mono-x4,True,1,1,,0,accept,OK
nts,rust-compiled,True,1,1,,0,accept,OK
nts,rust-simd,True,1,1,,0,accept,OK
nts,rust-template,True,1,1,,0,accept,OK
nts,rust-template-simd,True,1,1,,0,accept,OK
nvgre,c-flowdis-usp,False,1,0,parse-error,0,reject:parse-error,REJ-expected
nvgre,c-xdp2-usp,False,1,0,parse-error,0,reject:parse-error,REJ-expected
nvgre,c-xdp2-parse-only,False,1,0,parse-error,0,reject:parse-error,REJ-expected
nvgre,c-xdp2-mono,False,1,0,parse-error,0,reject:parse-error,REJ-expected
nvgre,c-bpf-xdp2,False,1,0,verifier,0,reject:verifier,REJ-expected
nvgre,rust-graph,False,1,0,parse-error,0,reject:parse-error,REJ-expected
nvgre,rust-graph-enum,False,1,0,ipv4-only,0,reject:ipv4-only,REJ-expected
nvgre,rust-mono,False,1,0,parse-error,0,reject:parse-error,REJ-expected
nvgre,rust-mono-x4,False,1,0,parse-error,0,reject:parse-error,REJ-expected
nvgre,rust-compiled,False,1,0,parse-error,0,reject:parse-error,REJ-expected
nvgre,rust-simd,False,1,0,parse-error,0,reject:parse-error,REJ-expected
nvgre,rust-template,False,1,0,no-template,0,reject:no-template,REJ-expected
nvgre,rust-template-simd,False,1,0,no-template,0,reject:no-template,REJ-expected
nvme_rdma_cm_rej,c-flowdis-usp,False,1,0,parse-error,0,reject:parse-error,REJ-expected
nvme_rdma_cm_rej,c-xdp2-usp,False,1,0,parse-error,0,reject:parse-error,REJ-expected
nvme_rdma_cm_rej,c-xdp2-parse-only,False,1,0,parse-error,0,reject:parse-error,REJ-expected
nvme_rdma_cm_rej,c-xdp2-mono,False,1,0,parse-error,0,reject:parse-error,REJ-expected
nvme_rdma_cm_rej,c-bpf-xdp2,False,1,0,verifier,0,reject:verifier,REJ-expected
nvme_rdma_cm_rej,rust-graph,False,1,0,parse-error,0,reject:parse-error,REJ-expected
nvme_rdma_cm_rej,rust-graph-enum,False,1,0,ipv4-only,0,reject:ipv4-only,REJ-expected
nvme_rdma_cm_rej,rust-mono,False,1,0,parse-error,0,reject:parse-error,REJ-expected
nvme_rdma_cm_rej,rust-mono-x4,False,1,0,parse-error,0,reject:parse-error,REJ-expected
nvme_rdma_cm_rej,rust-compiled,False,1,0,parse-error,0,reject:parse-error,REJ-expected
nvme_rdma_cm_rej,rust-simd,False,1,0,parse-error,0,reject:parse-error,REJ-expected
nvme_rdma_cm_rej,rust-template,False,1,0,no-template,0,reject:no-template,REJ-expected
nvme_rdma_cm_rej,rust-template-simd,False,1,0,no-template,0,reject:no-template,REJ-expected
nvme_rdma_cm_rep,c-flowdis-usp,False,1,0,parse-error,0,reject:parse-error,REJ-expected
nvme_rdma_cm_rep,c-xdp2-usp,False,1,0,parse-error,0,reject:parse-error,REJ-expected
nvme_rdma_cm_rep,c-xdp2-parse-only,False,1,0,parse-error,0,reject:parse-error,REJ-expected
nvme_rdma_cm_rep,c-xdp2-mono,False,1,0,parse-error,0,reject:parse-error,REJ-expected
nvme_rdma_cm_rep,c-bpf-xdp2,False,1,0,verifier,0,reject:verifier,REJ-expected
nvme_rdma_cm_rep,rust-graph,False,1,0,parse-error,0,reject:parse-error,REJ-expected
nvme_rdma_cm_rep,rust-graph-enum,False,1,0,ipv4-only,0,reject:ipv4-only,REJ-expected
nvme_rdma_cm_rep,rust-mono,False,1,0,parse-error,0,reject:parse-error,REJ-expected
nvme_rdma_cm_rep,rust-mono-x4,False,1,0,parse-error,0,reject:parse-error,REJ-expected
nvme_rdma_cm_rep,rust-compiled,False,1,0,parse-error,0,reject:parse-error,REJ-expected
nvme_rdma_cm_rep,rust-simd,False,1,0,parse-error,0,reject:parse-error,REJ-expected
nvme_rdma_cm_rep,rust-template,False,1,0,no-template,0,reject:no-template,REJ-expected
nvme_rdma_cm_rep,rust-template-simd,False,1,0,no-template,0,reject:no-template,REJ-expected
nvme_rdma_cm_req,c-flowdis-usp,False,1,0,parse-error,0,reject:parse-error,REJ-expected
nvme_rdma_cm_req,c-xdp2-usp,False,1,0,parse-error,0,reject:parse-error,REJ-expected
nvme_rdma_cm_req,c-xdp2-parse-only,False,1,0,parse-error,0,reject:parse-error,REJ-expected
nvme_rdma_cm_req,c-xdp2-mono,False,1,0,parse-error,0,reject:parse-error,REJ-expected
nvme_rdma_cm_req,c-bpf-xdp2,False,1,0,verifier,0,reject:verifier,REJ-expected
nvme_rdma_cm_req,rust-graph,False,1,0,parse-error,0,reject:parse-error,REJ-expected
nvme_rdma_cm_req,rust-graph-enum,False,1,0,ipv4-only,0,reject:ipv4-only,REJ-expected
nvme_rdma_cm_req,rust-mono,False,1,0,parse-error,0,reject:parse-error,REJ-expected
nvme_rdma_cm_req,rust-mono-x4,False,1,0,parse-error,0,reject:parse-error,REJ-expected
nvme_rdma_cm_req,rust-compiled,False,1,0,parse-error,0,reject:parse-error,REJ-expected
nvme_rdma_cm_req,rust-simd,False,1,0,parse-error,0,reject:parse-error,REJ-expected
nvme_rdma_cm_req,rust-template,False,1,0,no-template,0,reject:no-template,REJ-expected
nvme_rdma_cm_req,rust-template-simd,False,1,0,no-template,0,reject:no-template,REJ-expected
nvme_tcp,c-flowdis-usp,True,1,1,,0,accept,OK
nvme_tcp,c-xdp2-usp,True,1,1,,0,accept,OK
nvme_tcp,c-xdp2-parse-only,True,1,1,,0,accept,OK
nvme_tcp,c-xdp2-mono,True,1,1,,0,accept,OK
nvme_tcp,c-bpf-xdp2,False,1,0,verifier,0,reject:verifier,REJ-expected
nvme_tcp,rust-graph,True,1,1,,0,accept,OK
nvme_tcp,rust-graph-enum,True,1,1,,0,accept,OK
nvme_tcp,rust-mono,True,1,1,,0,accept,OK
nvme_tcp,rust-mono-x4,True,1,1,,0,accept,OK
nvme_tcp,rust-compiled,True,1,1,,0,accept,OK
nvme_tcp,rust-simd,True,1,1,,0,accept,OK
nvme_tcp,rust-template,True,1,1,,0,accept,OK
nvme_tcp,rust-template-simd,True,1,1,,0,accept,OK
nvme_tcp_data,c-flowdis-usp,True,1,1,,0,accept,OK
nvme_tcp_data,c-xdp2-usp,True,1,1,,0,reject:parse-error,OK
nvme_tcp_data,c-xdp2-parse-only,True,1,1,,0,reject:parse-error,OK
nvme_tcp_data,c-xdp2-mono,True,1,1,,0,accept,OK
nvme_tcp_data,c-bpf-xdp2,False,1,0,verifier,0,reject:verifier,REJ-expected
nvme_tcp_data,rust-graph,False,1,0,parse-error,0,reject:parse-error,REJ-expected
nvme_tcp_data,rust-graph-enum,False,1,0,ipv4-only,0,reject:ipv4-only,REJ-expected
nvme_tcp_data,rust-mono,True,1,1,,0,accept,OK
nvme_tcp_data,rust-mono-x4,True,1,1,,0,accept,OK
nvme_tcp_data,rust-compiled,True,1,1,,0,accept,OK
nvme_tcp_data,rust-simd,True,1,1,,0,accept,OK
nvme_tcp_data,rust-template,True,1,1,,0,accept,OK
nvme_tcp_data,rust-template-simd,True,1,1,,0,accept,OK
nvme_tcp_icreq,c-flowdis-usp,True,1,1,,0,accept,OK
nvme_tcp_icreq,c-xdp2-usp,True,1,1,,0,reject:parse-error,OK
nvme_tcp_icreq,c-xdp2-parse-only,True,1,1,,0,reject:parse-error,OK
nvme_tcp_icreq,c-xdp2-mono,True,1,1,,0,accept,OK
nvme_tcp_icreq,c-bpf-xdp2,False,1,0,verifier,0,reject:verifier,REJ-expected
nvme_tcp_icreq,rust-graph,False,1,0,parse-error,0,reject:parse-error,REJ-expected
nvme_tcp_icreq,rust-graph-enum,False,1,0,ipv4-only,0,reject:ipv4-only,REJ-expected
nvme_tcp_icreq,rust-mono,True,1,1,,0,accept,OK
nvme_tcp_icreq,rust-mono-x4,True,1,1,,0,accept,OK
nvme_tcp_icreq,rust-compiled,True,1,1,,0,accept,OK
nvme_tcp_icreq,rust-simd,True,1,1,,0,accept,OK
nvme_tcp_icreq,rust-template,True,1,1,,0,accept,OK
nvme_tcp_icreq,rust-template-simd,True,1,1,,0,accept,OK
nvme_tcp_icresp,c-flowdis-usp,True,1,1,,0,accept,OK
nvme_tcp_icresp,c-xdp2-usp,True,1,1,,0,reject:parse-error,OK
nvme_tcp_icresp,c-xdp2-parse-only,True,1,1,,0,reject:parse-error,OK
nvme_tcp_icresp,c-xdp2-mono,True,1,1,,0,accept,OK
nvme_tcp_icresp,c-bpf-xdp2,False,1,0,verifier,0,reject:verifier,REJ-expected
nvme_tcp_icresp,rust-graph,False,1,0,parse-error,0,reject:parse-error,REJ-expected
nvme_tcp_icresp,rust-graph-enum,False,1,0,ipv4-only,0,reject:ipv4-only,REJ-expected
nvme_tcp_icresp,rust-mono,True,1,1,,0,accept,OK
nvme_tcp_icresp,rust-mono-x4,True,1,1,,0,accept,OK
nvme_tcp_icresp,rust-compiled,True,1,1,,0,accept,OK
nvme_tcp_icresp,rust-simd,True,1,1,,0,accept,OK
nvme_tcp_icresp,rust-template,True,1,1,,0,accept,OK
nvme_tcp_icresp,rust-template-simd,True,1,1,,0,accept,OK
nvme_tcp_r2t,c-flowdis-usp,True,1,1,,0,accept,OK
nvme_tcp_r2t,c-xdp2-usp,True,1,1,,0,reject:parse-error,OK
nvme_tcp_r2t,c-xdp2-parse-only,True,1,1,,0,reject:parse-error,OK
nvme_tcp_r2t,c-xdp2-mono,True,1,1,,0,accept,OK
nvme_tcp_r2t,c-bpf-xdp2,False,1,0,verifier,0,reject:verifier,REJ-expected
nvme_tcp_r2t,rust-graph,False,1,0,parse-error,0,reject:parse-error,REJ-expected
nvme_tcp_r2t,rust-graph-enum,False,1,0,ipv4-only,0,reject:ipv4-only,REJ-expected
nvme_tcp_r2t,rust-mono,True,1,1,,0,accept,OK
nvme_tcp_r2t,rust-mono-x4,True,1,1,,0,accept,OK
nvme_tcp_r2t,rust-compiled,True,1,1,,0,accept,OK
nvme_tcp_r2t,rust-simd,True,1,1,,0,accept,OK
nvme_tcp_r2t,rust-template,True,1,1,,0,accept,OK
nvme_tcp_r2t,rust-template-simd,True,1,1,,0,accept,OK
nvme_tcp_rsp,c-flowdis-usp,True,1,1,,0,accept,OK
nvme_tcp_rsp,c-xdp2-usp,True,1,1,,0,reject:parse-error,OK
nvme_tcp_rsp,c-xdp2-parse-only,True,1,1,,0,reject:parse-error,OK
nvme_tcp_rsp,c-xdp2-mono,True,1,1,,0,accept,OK
nvme_tcp_rsp,c-bpf-xdp2,False,1,0,verifier,0,reject:verifier,REJ-expected
nvme_tcp_rsp,rust-graph,False,1,0,parse-error,0,reject:parse-error,REJ-expected
nvme_tcp_rsp,rust-graph-enum,False,1,0,ipv4-only,0,reject:ipv4-only,REJ-expected
nvme_tcp_rsp,rust-mono,True,1,1,,0,accept,OK
nvme_tcp_rsp,rust-mono-x4,True,1,1,,0,accept,OK
nvme_tcp_rsp,rust-compiled,True,1,1,,0,accept,OK
nvme_tcp_rsp,rust-simd,True,1,1,,0,accept,OK
nvme_tcp_rsp,rust-template,True,1,1,,0,accept,OK
nvme_tcp_rsp,rust-template-simd,True,1,1,,0,accept,OK
oam_lbm,c-flowdis-usp,False,1,0,parse-error,0,reject:parse-error,REJ-expected
oam_lbm,c-xdp2-usp,True,1,1,,0,accept,OK
oam_lbm,c-xdp2-parse-only,True,1,1,,0,accept,OK
oam_lbm,c-xdp2-mono,True,1,1,,0,accept,OK
oam_lbm,c-bpf-xdp2,False,1,0,verifier,0,reject:verifier,REJ-expected
oam_lbm,rust-graph,True,1,1,,0,accept,OK
oam_lbm,rust-graph-enum,False,1,0,ipv4-only,0,reject:ipv4-only,REJ-expected
oam_lbm,rust-mono,True,1,1,,0,accept,OK
oam_lbm,rust-mono-x4,True,1,1,,0,accept,OK
oam_lbm,rust-compiled,True,1,1,,0,accept,OK
oam_lbm,rust-simd,True,1,1,,0,accept,OK
oam_lbm,rust-template,False,1,0,no-template,0,reject:no-template,REJ-expected
oam_lbm,rust-template-simd,False,1,0,no-template,0,reject:no-template,REJ-expected
oam_ltm,c-flowdis-usp,False,1,0,parse-error,0,reject:parse-error,REJ-expected
oam_ltm,c-xdp2-usp,True,1,1,,0,accept,OK
oam_ltm,c-xdp2-parse-only,True,1,1,,0,accept,OK
oam_ltm,c-xdp2-mono,True,1,1,,0,accept,OK
oam_ltm,c-bpf-xdp2,False,1,0,verifier,0,reject:verifier,REJ-expected
oam_ltm,rust-graph,True,1,1,,0,accept,OK
oam_ltm,rust-graph-enum,False,1,0,ipv4-only,0,reject:ipv4-only,REJ-expected
oam_ltm,rust-mono,True,1,1,,0,accept,OK
oam_ltm,rust-mono-x4,True,1,1,,0,accept,OK
oam_ltm,rust-compiled,True,1,1,,0,accept,OK
oam_ltm,rust-simd,True,1,1,,0,accept,OK
oam_ltm,rust-template,False,1,0,no-template,0,reject:no-template,REJ-expected
oam_ltm,rust-template-simd,False,1,0,no-template,0,reject:no-template,REJ-expected
ocsp,c-flowdis-usp,False,1,0,parse-error,0,reject:parse-error,REJ-expected
ocsp,c-xdp2-usp,True,1,1,,0,accept,OK
ocsp,c-xdp2-parse-only,True,1,1,,0,accept,OK
ocsp,c-xdp2-mono,True,1,1,,0,accept,OK
ocsp,c-bpf-xdp2,False,1,0,verifier,0,reject:verifier,REJ-expected
ocsp,rust-graph,True,1,1,,0,accept,OK
ocsp,rust-graph-enum,False,1,0,ipv4-only,0,reject:ipv4-only,REJ-expected
ocsp,rust-mono,True,1,1,,0,accept,OK
ocsp,rust-mono-x4,True,1,1,,0,accept,OK
ocsp,rust-compiled,True,1,1,,0,accept,OK
ocsp,rust-simd,True,1,1,,0,accept,OK
ocsp,rust-template,False,1,0,no-template,0,reject:no-template,REJ-expected
ocsp,rust-template-simd,False,1,0,no-template,0,reject:no-template,REJ-expected
onc_rpc,c-flowdis-usp,True,1,1,,0,accept,OK
onc_rpc,c-xdp2-usp,True,1,1,,0,accept,OK
onc_rpc,c-xdp2-parse-only,True,1,1,,0,accept,OK
onc_rpc,c-xdp2-mono,True,1,1,,0,accept,OK
onc_rpc,c-bpf-xdp2,False,1,0,verifier,0,reject:verifier,REJ-expected
onc_rpc,rust-graph,True,1,1,,0,accept,OK
onc_rpc,rust-graph-enum,True,1,1,,0,accept,OK
onc_rpc,rust-mono,True,1,1,,0,accept,OK
onc_rpc,rust-mono-x4,True,1,1,,0,accept,OK
onc_rpc,rust-compiled,True,1,1,,0,accept,OK
onc_rpc,rust-simd,True,1,1,,0,accept,OK
onc_rpc,rust-template,True,1,1,,0,accept,OK
onc_rpc,rust-template-simd,True,1,1,,0,accept,OK
opc_ua,c-flowdis-usp,True,1,1,,0,accept,OK
opc_ua,c-xdp2-usp,True,1,1,,0,accept,OK
opc_ua,c-xdp2-parse-only,True,1,1,,0,accept,OK
opc_ua,c-xdp2-mono,True,1,1,,0,accept,OK
opc_ua,c-bpf-xdp2,False,1,0,verifier,0,reject:verifier,REJ-expected
opc_ua,rust-graph,True,1,1,,0,accept,OK
opc_ua,rust-graph-enum,True,1,1,,0,accept,OK
opc_ua,rust-mono,True,1,1,,0,accept,OK
opc_ua,rust-mono-x4,True,1,1,,0,accept,OK
opc_ua,rust-compiled,True,1,1,,0,accept,OK
opc_ua,rust-simd,True,1,1,,0,accept,OK
opc_ua,rust-template,True,1,1,,0,accept,OK
opc_ua,rust-template-simd,True,1,1,,0,accept,OK
openflow,c-flowdis-usp,True,1,1,,0,accept,OK
openflow,c-xdp2-usp,True,1,1,,0,accept,OK
openflow,c-xdp2-parse-only,True,1,1,,0,accept,OK
openflow,c-xdp2-mono,True,1,1,,0,accept,OK
openflow,c-bpf-xdp2,False,1,0,verifier,0,reject:verifier,REJ-expected
openflow,rust-graph,True,1,1,,0,accept,OK
openflow,rust-graph-enum,True,1,1,,0,accept,OK
openflow,rust-mono,True,1,1,,0,accept,OK
openflow,rust-mono-x4,True,1,1,,0,accept,OK
openflow,rust-compiled,True,1,1,,0,accept,OK
openflow,rust-simd,True,1,1,,0,accept,OK
openflow,rust-template,True,1,1,,0,accept,OK
openflow,rust-template-simd,True,1,1,,0,accept,OK
ospf,c-flowdis-usp,True,1,1,,0,accept,OK
ospf,c-xdp2-usp,True,1,1,,0,accept,OK
ospf,c-xdp2-parse-only,True,1,1,,0,accept,OK
ospf,c-xdp2-mono,True,1,1,,0,accept,OK
ospf,c-bpf-xdp2,False,1,0,verifier,0,reject:verifier,REJ-expected
ospf,rust-graph,True,1,1,,0,accept,OK
ospf,rust-graph-enum,False,1,0,ipv4-only,0,reject:ipv4-only,REJ-expected
ospf,rust-mono,True,1,1,,0,accept,OK
ospf,rust-mono-x4,True,1,1,,0,accept,OK
ospf,rust-compiled,True,1,1,,0,accept,OK
ospf,rust-simd,True,1,1,,0,accept,OK
ospf,rust-template,True,1,1,,0,accept,OK
ospf,rust-template-simd,True,1,1,,0,accept,OK
ospfv3,c-flowdis-usp,True,1,1,,0,accept,OK
ospfv3,c-xdp2-usp,True,1,1,,0,accept,OK
ospfv3,c-xdp2-parse-only,True,1,1,,0,accept,OK
ospfv3,c-xdp2-mono,True,1,1,,0,accept,OK
ospfv3,c-bpf-xdp2,False,1,0,verifier,0,reject:verifier,REJ-expected
ospfv3,rust-graph,True,1,1,,0,accept,OK
ospfv3,rust-graph-enum,False,1,0,ipv4-only,0,reject:ipv4-only,REJ-expected
ospfv3,rust-mono,True,1,1,,0,accept,OK
ospfv3,rust-mono-x4,True,1,1,,0,accept,OK
ospfv3,rust-compiled,True,1,1,,0,accept,OK
ospfv3,rust-simd,True,1,1,,0,accept,OK
ospfv3,rust-template,True,1,1,,0,accept,OK
ospfv3,rust-template-simd,True,1,1,,0,accept,OK
owamp,c-flowdis-usp,True,1,1,,0,accept,OK
owamp,c-xdp2-usp,True,1,1,,0,accept,OK
owamp,c-xdp2-parse-only,True,1,1,,0,accept,OK
owamp,c-xdp2-mono,True,1,1,,0,accept,OK
owamp,c-bpf-xdp2,False,1,0,verifier,0,reject:verifier,REJ-expected
owamp,rust-graph,True,1,1,,0,accept,OK
owamp,rust-graph-enum,True,1,1,,0,accept,OK
owamp,rust-mono,True,1,1,,0,accept,OK
owamp,rust-mono-x4,True,1,1,,0,accept,OK
owamp,rust-compiled,True,1,1,,0,accept,OK
owamp,rust-simd,True,1,1,,0,accept,OK
owamp,rust-template,True,1,1,,0,accept,OK
owamp,rust-template-simd,True,1,1,,0,accept,OK
pbb,c-flowdis-usp,False,1,0,parse-error,0,reject:parse-error,REJ-expected
pbb,c-xdp2-usp,False,1,0,parse-error,0,reject:parse-error,REJ-expected
pbb,c-xdp2-parse-only,False,1,0,parse-error,0,reject:parse-error,REJ-expected
pbb,c-xdp2-mono,False,1,0,parse-error,0,reject:parse-error,REJ-expected
pbb,c-bpf-xdp2,False,1,0,verifier,0,reject:verifier,REJ-expected
pbb,rust-graph,False,1,0,parse-error,0,reject:parse-error,REJ-expected
pbb,rust-graph-enum,False,1,0,ipv4-only,0,reject:ipv4-only,REJ-expected
pbb,rust-mono,False,1,0,parse-error,0,reject:parse-error,REJ-expected
pbb,rust-mono-x4,False,1,0,parse-error,0,reject:parse-error,REJ-expected
pbb,rust-compiled,False,1,0,parse-error,0,reject:parse-error,REJ-expected
pbb,rust-simd,False,1,0,parse-error,0,reject:parse-error,REJ-expected
pbb,rust-template,False,1,0,no-template,0,reject:no-template,REJ-expected
pbb,rust-template-simd,False,1,0,no-template,0,reject:no-template,REJ-expected
pcep,c-flowdis-usp,True,1,1,,0,accept,OK
pcep,c-xdp2-usp,True,1,1,,0,accept,OK
pcep,c-xdp2-parse-only,True,1,1,,0,accept,OK
pcep,c-xdp2-mono,True,1,1,,0,accept,OK
pcep,c-bpf-xdp2,False,1,0,verifier,0,reject:verifier,REJ-expected
pcep,rust-graph,True,1,1,,0,accept,OK
pcep,rust-graph-enum,True,1,1,,0,accept,OK
pcep,rust-mono,True,1,1,,0,accept,OK
pcep,rust-mono-x4,True,1,1,,0,accept,OK
pcep,rust-compiled,True,1,1,,0,accept,OK
pcep,rust-simd,True,1,1,,0,accept,OK
pcep,rust-template,True,1,1,,0,accept,OK
pcep,rust-template-simd,True,1,1,,0,accept,OK
pcp,c-flowdis-usp,True,1,1,,0,accept,OK
pcp,c-xdp2-usp,True,1,1,,0,accept,OK
pcp,c-xdp2-parse-only,True,1,1,,0,accept,OK
pcp,c-xdp2-mono,True,1,1,,0,accept,OK
pcp,c-bpf-xdp2,False,1,0,verifier,0,reject:verifier,REJ-expected
pcp,rust-graph,True,1,1,,0,accept,OK
pcp,rust-graph-enum,True,1,1,,0,accept,OK
pcp,rust-mono,True,1,1,,0,accept,OK
pcp,rust-mono-x4,True,1,1,,0,accept,OK
pcp,rust-compiled,True,1,1,,0,accept,OK
pcp,rust-simd,True,1,1,,0,accept,OK
pcp,rust-template,True,1,1,,0,accept,OK
pcp,rust-template-simd,True,1,1,,0,accept,OK
pfcp,c-flowdis-usp,True,1,1,,0,accept,OK
pfcp,c-xdp2-usp,True,1,1,,0,accept,OK
pfcp,c-xdp2-parse-only,True,1,1,,0,accept,OK
pfcp,c-xdp2-mono,True,1,1,,0,accept,OK
pfcp,c-bpf-xdp2,False,1,0,verifier,0,reject:verifier,REJ-expected
pfcp,rust-graph,True,1,1,,0,accept,OK
pfcp,rust-graph-enum,True,1,1,,0,accept,OK
pfcp,rust-mono,True,1,1,,0,accept,OK
pfcp,rust-mono-x4,True,1,1,,0,accept,OK
pfcp,rust-compiled,True,1,1,,0,accept,OK
pfcp,rust-simd,True,1,1,,0,accept,OK
pfcp,rust-template,True,1,1,,0,accept,OK
pfcp,rust-template-simd,True,1,1,,0,accept,OK
pgm,c-flowdis-usp,True,1,1,,0,accept,OK
pgm,c-xdp2-usp,True,1,1,,0,accept,OK
pgm,c-xdp2-parse-only,True,1,1,,0,accept,OK
pgm,c-xdp2-mono,True,1,1,,0,accept,OK
pgm,c-bpf-xdp2,False,1,0,verifier,0,reject:verifier,REJ-expected
pgm,rust-graph,True,1,1,,0,accept,OK
pgm,rust-graph-enum,False,1,0,ipv4-only,0,reject:ipv4-only,REJ-expected
pgm,rust-mono,True,1,1,,0,accept,OK
pgm,rust-mono-x4,True,1,1,,0,accept,OK
pgm,rust-compiled,True,1,1,,0,accept,OK
pgm,rust-simd,True,1,1,,0,accept,OK
pgm,rust-template,True,1,1,,0,accept,OK
pgm,rust-template-simd,True,1,1,,0,accept,OK
pim,c-flowdis-usp,True,1,1,,0,accept,OK
pim,c-xdp2-usp,True,1,1,,0,accept,OK
pim,c-xdp2-parse-only,True,1,1,,0,accept,OK
pim,c-xdp2-mono,True,1,1,,0,accept,OK
pim,c-bpf-xdp2,False,1,0,verifier,0,reject:verifier,REJ-expected
pim,rust-graph,True,1,1,,0,accept,OK
pim,rust-graph-enum,False,1,0,ipv4-only,0,reject:ipv4-only,REJ-expected
pim,rust-mono,True,1,1,,0,accept,OK
pim,rust-mono-x4,True,1,1,,0,accept,OK
pim,rust-compiled,True,1,1,,0,accept,OK
pim,rust-simd,True,1,1,,0,accept,OK
pim,rust-template,True,1,1,,0,accept,OK
pim,rust-template-simd,True,1,1,,0,accept,OK
pim_assert,c-flowdis-usp,True,1,1,,0,accept,OK
pim_assert,c-xdp2-usp,True,1,1,,0,accept,OK
pim_assert,c-xdp2-parse-only,True,1,1,,0,accept,OK
pim_assert,c-xdp2-mono,True,1,1,,0,accept,OK
pim_assert,c-bpf-xdp2,False,1,0,verifier,0,reject:verifier,REJ-expected
pim_assert,rust-graph,True,1,1,,0,accept,OK
pim_assert,rust-graph-enum,False,1,0,ipv4-only,0,reject:ipv4-only,REJ-expected
pim_assert,rust-mono,True,1,1,,0,accept,OK
pim_assert,rust-mono-x4,True,1,1,,0,accept,OK
pim_assert,rust-compiled,True,1,1,,0,accept,OK
pim_assert,rust-simd,True,1,1,,0,accept,OK
pim_assert,rust-template,True,1,1,,0,accept,OK
pim_assert,rust-template-simd,True,1,1,,0,accept,OK
pim_bsr,c-flowdis-usp,True,1,1,,0,accept,OK
pim_bsr,c-xdp2-usp,True,1,1,,0,accept,OK
pim_bsr,c-xdp2-parse-only,True,1,1,,0,accept,OK
pim_bsr,c-xdp2-mono,True,1,1,,0,accept,OK
pim_bsr,c-bpf-xdp2,False,1,0,verifier,0,reject:verifier,REJ-expected
pim_bsr,rust-graph,True,1,1,,0,accept,OK
pim_bsr,rust-graph-enum,False,1,0,ipv4-only,0,reject:ipv4-only,REJ-expected
pim_bsr,rust-mono,True,1,1,,0,accept,OK
pim_bsr,rust-mono-x4,True,1,1,,0,accept,OK
pim_bsr,rust-compiled,True,1,1,,0,accept,OK
pim_bsr,rust-simd,True,1,1,,0,accept,OK
pim_bsr,rust-template,True,1,1,,0,accept,OK
pim_bsr,rust-template-simd,True,1,1,,0,accept,OK
pimv6,c-flowdis-usp,True,1,1,,0,accept,OK
pimv6,c-xdp2-usp,True,1,1,,0,accept,OK
pimv6,c-xdp2-parse-only,True,1,1,,0,accept,OK
pimv6,c-xdp2-mono,True,1,1,,0,accept,OK
pimv6,c-bpf-xdp2,False,1,0,verifier,0,reject:verifier,REJ-expected
pimv6,rust-graph,True,1,1,,0,accept,OK
pimv6,rust-graph-enum,False,1,0,ipv4-only,0,reject:ipv4-only,REJ-expected
pimv6,rust-mono,True,1,1,,0,accept,OK
pimv6,rust-mono-x4,True,1,1,,0,accept,OK
pimv6,rust-compiled,True,1,1,,0,accept,OK
pimv6,rust-simd,True,1,1,,0,accept,OK
pimv6,rust-template,True,1,1,,0,accept,OK
pimv6,rust-template-simd,True,1,1,,0,accept,OK
pop3,c-flowdis-usp,True,1,1,,0,accept,OK
pop3,c-xdp2-usp,True,1,1,,0,accept,OK
pop3,c-xdp2-parse-only,True,1,1,,0,accept,OK
pop3,c-xdp2-mono,True,1,1,,0,accept,OK
pop3,c-bpf-xdp2,False,1,0,verifier,0,reject:verifier,REJ-expected
pop3,rust-graph,True,1,1,,0,accept,OK
pop3,rust-graph-enum,True,1,1,,0,accept,OK
pop3,rust-mono,True,1,1,,0,accept,OK
pop3,rust-mono-x4,True,1,1,,0,accept,OK
pop3,rust-compiled,True,1,1,,0,accept,OK
pop3,rust-simd,True,1,1,,0,accept,OK
pop3,rust-template,True,1,1,,0,accept,OK
pop3,rust-template-simd,True,1,1,,0,accept,OK
postgresql,c-flowdis-usp,True,1,1,,0,accept,OK
postgresql,c-xdp2-usp,True,1,1,,0,accept,OK
postgresql,c-xdp2-parse-only,True,1,1,,0,accept,OK
postgresql,c-xdp2-mono,True,1,1,,0,accept,OK
postgresql,c-bpf-xdp2,False,1,0,verifier,0,reject:verifier,REJ-expected
postgresql,rust-graph,True,1,1,,0,accept,OK
postgresql,rust-graph-enum,True,1,1,,0,accept,OK
postgresql,rust-mono,True,1,1,,0,accept,OK
postgresql,rust-mono-x4,True,1,1,,0,accept,OK
postgresql,rust-compiled,True,1,1,,0,accept,OK
postgresql,rust-simd,True,1,1,,0,accept,OK
postgresql,rust-template,True,1,1,,0,accept,OK
postgresql,rust-template-simd,True,1,1,,0,accept,OK
ppp,c-flowdis-usp,False,1,0,parse-error,0,reject:parse-error,REJ-expected
ppp,c-xdp2-usp,False,1,0,parse-error,0,reject:parse-error,REJ-expected
ppp,c-xdp2-parse-only,False,1,0,parse-error,0,reject:parse-error,REJ-expected
ppp,c-xdp2-mono,False,1,0,parse-error,0,reject:parse-error,REJ-expected
ppp,c-bpf-xdp2,False,1,0,verifier,0,reject:verifier,REJ-expected
ppp,rust-graph,False,1,0,parse-error,0,reject:parse-error,REJ-expected
ppp,rust-graph-enum,False,1,0,ipv4-only,0,reject:ipv4-only,REJ-expected
ppp,rust-mono,False,1,0,parse-error,0,reject:parse-error,REJ-expected
ppp,rust-mono-x4,False,1,0,parse-error,0,reject:parse-error,REJ-expected
ppp,rust-compiled,False,1,0,parse-error,0,reject:parse-error,REJ-expected
ppp,rust-simd,False,1,0,parse-error,0,reject:parse-error,REJ-expected
ppp,rust-template,False,1,0,no-template,0,reject:no-template,REJ-expected
ppp,rust-template-simd,False,1,0,no-template,0,reject:no-template,REJ-expected
ppp_ccp,c-flowdis-usp,False,1,0,parse-error,0,reject:parse-error,REJ-expected
ppp_ccp,c-xdp2-usp,False,1,0,parse-error,0,reject:parse-error,REJ-expected
ppp_ccp,c-xdp2-parse-only,False,1,0,parse-error,0,reject:parse-error,REJ-expected
ppp_ccp,c-xdp2-mono,False,1,0,parse-error,0,reject:parse-error,REJ-expected
ppp_ccp,c-bpf-xdp2,False,1,0,verifier,0,reject:verifier,REJ-expected
ppp_ccp,rust-graph,False,1,0,parse-error,0,reject:parse-error,REJ-expected
ppp_ccp,rust-graph-enum,False,1,0,ipv4-only,0,reject:ipv4-only,REJ-expected
ppp_ccp,rust-mono,False,1,0,parse-error,0,reject:parse-error,REJ-expected
ppp_ccp,rust-mono-x4,False,1,0,parse-error,0,reject:parse-error,REJ-expected
ppp_ccp,rust-compiled,False,1,0,parse-error,0,reject:parse-error,REJ-expected
ppp_ccp,rust-simd,False,1,0,parse-error,0,reject:parse-error,REJ-expected
ppp_ccp,rust-template,False,1,0,no-template,0,reject:no-template,REJ-expected
ppp_ccp,rust-template-simd,False,1,0,no-template,0,reject:no-template,REJ-expected
ppp_chap,c-flowdis-usp,False,1,0,parse-error,0,reject:parse-error,REJ-expected
ppp_chap,c-xdp2-usp,False,1,0,parse-error,0,reject:parse-error,REJ-expected
ppp_chap,c-xdp2-parse-only,False,1,0,parse-error,0,reject:parse-error,REJ-expected
ppp_chap,c-xdp2-mono,False,1,0,parse-error,0,reject:parse-error,REJ-expected
ppp_chap,c-bpf-xdp2,False,1,0,verifier,0,reject:verifier,REJ-expected
ppp_chap,rust-graph,False,1,0,parse-error,0,reject:parse-error,REJ-expected
ppp_chap,rust-graph-enum,False,1,0,ipv4-only,0,reject:ipv4-only,REJ-expected
ppp_chap,rust-mono,False,1,0,parse-error,0,reject:parse-error,REJ-expected
ppp_chap,rust-mono-x4,False,1,0,parse-error,0,reject:parse-error,REJ-expected
ppp_chap,rust-compiled,False,1,0,parse-error,0,reject:parse-error,REJ-expected
ppp_chap,rust-simd,False,1,0,parse-error,0,reject:parse-error,REJ-expected
ppp_chap,rust-template,False,1,0,no-template,0,reject:no-template,REJ-expected
ppp_chap,rust-template-simd,False,1,0,no-template,0,reject:no-template,REJ-expected
ppp_ipcp,c-flowdis-usp,False,1,0,parse-error,0,reject:parse-error,REJ-expected
ppp_ipcp,c-xdp2-usp,False,1,0,parse-error,0,reject:parse-error,REJ-expected
ppp_ipcp,c-xdp2-parse-only,False,1,0,parse-error,0,reject:parse-error,REJ-expected
ppp_ipcp,c-xdp2-mono,False,1,0,parse-error,0,reject:parse-error,REJ-expected
ppp_ipcp,c-bpf-xdp2,False,1,0,verifier,0,reject:verifier,REJ-expected
ppp_ipcp,rust-graph,False,1,0,parse-error,0,reject:parse-error,REJ-expected
ppp_ipcp,rust-graph-enum,False,1,0,ipv4-only,0,reject:ipv4-only,REJ-expected
ppp_ipcp,rust-mono,False,1,0,parse-error,0,reject:parse-error,REJ-expected
ppp_ipcp,rust-mono-x4,False,1,0,parse-error,0,reject:parse-error,REJ-expected
ppp_ipcp,rust-compiled,False,1,0,parse-error,0,reject:parse-error,REJ-expected
ppp_ipcp,rust-simd,False,1,0,parse-error,0,reject:parse-error,REJ-expected
ppp_ipcp,rust-template,False,1,0,no-template,0,reject:no-template,REJ-expected
ppp_ipcp,rust-template-simd,False,1,0,no-template,0,reject:no-template,REJ-expected
ppp_ipv6cp,c-flowdis-usp,False,1,0,parse-error,0,reject:parse-error,REJ-expected
ppp_ipv6cp,c-xdp2-usp,False,1,0,parse-error,0,reject:parse-error,REJ-expected
ppp_ipv6cp,c-xdp2-parse-only,False,1,0,parse-error,0,reject:parse-error,REJ-expected
ppp_ipv6cp,c-xdp2-mono,False,1,0,parse-error,0,reject:parse-error,REJ-expected
ppp_ipv6cp,c-bpf-xdp2,False,1,0,verifier,0,reject:verifier,REJ-expected
ppp_ipv6cp,rust-graph,False,1,0,parse-error,0,reject:parse-error,REJ-expected
ppp_ipv6cp,rust-graph-enum,False,1,0,ipv4-only,0,reject:ipv4-only,REJ-expected
ppp_ipv6cp,rust-mono,False,1,0,parse-error,0,reject:parse-error,REJ-expected
ppp_ipv6cp,rust-mono-x4,False,1,0,parse-error,0,reject:parse-error,REJ-expected
ppp_ipv6cp,rust-compiled,False,1,0,parse-error,0,reject:parse-error,REJ-expected
ppp_ipv6cp,rust-simd,False,1,0,parse-error,0,reject:parse-error,REJ-expected
ppp_ipv6cp,rust-template,False,1,0,no-template,0,reject:no-template,REJ-expected
ppp_ipv6cp,rust-template-simd,False,1,0,no-template,0,reject:no-template,REJ-expected
ppp_lcp,c-flowdis-usp,False,1,0,parse-error,0,reject:parse-error,REJ-expected
ppp_lcp,c-xdp2-usp,False,1,0,parse-error,0,reject:parse-error,REJ-expected
ppp_lcp,c-xdp2-parse-only,False,1,0,parse-error,0,reject:parse-error,REJ-expected
ppp_lcp,c-xdp2-mono,False,1,0,parse-error,0,reject:parse-error,REJ-expected
ppp_lcp,c-bpf-xdp2,False,1,0,verifier,0,reject:verifier,REJ-expected
ppp_lcp,rust-graph,False,1,0,parse-error,0,reject:parse-error,REJ-expected
ppp_lcp,rust-graph-enum,False,1,0,ipv4-only,0,reject:ipv4-only,REJ-expected
ppp_lcp,rust-mono,False,1,0,parse-error,0,reject:parse-error,REJ-expected
ppp_lcp,rust-mono-x4,False,1,0,parse-error,0,reject:parse-error,REJ-expected
ppp_lcp,rust-compiled,False,1,0,parse-error,0,reject:parse-error,REJ-expected
ppp_lcp,rust-simd,False,1,0,parse-error,0,reject:parse-error,REJ-expected
ppp_lcp,rust-template,False,1,0,no-template,0,reject:no-template,REJ-expected
ppp_lcp,rust-template-simd,False,1,0,no-template,0,reject:no-template,REJ-expected
ppp_pap,c-flowdis-usp,False,1,0,parse-error,0,reject:parse-error,REJ-expected
ppp_pap,c-xdp2-usp,False,1,0,parse-error,0,reject:parse-error,REJ-expected
ppp_pap,c-xdp2-parse-only,False,1,0,parse-error,0,reject:parse-error,REJ-expected
ppp_pap,c-xdp2-mono,False,1,0,parse-error,0,reject:parse-error,REJ-expected
ppp_pap,c-bpf-xdp2,False,1,0,verifier,0,reject:verifier,REJ-expected
ppp_pap,rust-graph,False,1,0,parse-error,0,reject:parse-error,REJ-expected
ppp_pap,rust-graph-enum,False,1,0,ipv4-only,0,reject:ipv4-only,REJ-expected
ppp_pap,rust-mono,False,1,0,parse-error,0,reject:parse-error,REJ-expected
ppp_pap,rust-mono-x4,False,1,0,parse-error,0,reject:parse-error,REJ-expected
ppp_pap,rust-compiled,False,1,0,parse-error,0,reject:parse-error,REJ-expected
ppp_pap,rust-simd,False,1,0,parse-error,0,reject:parse-error,REJ-expected
ppp_pap,rust-template,False,1,0,no-template,0,reject:no-template,REJ-expected
ppp_pap,rust-template-simd,False,1,0,no-template,0,reject:no-template,REJ-expected
pppoe,c-flowdis-usp,False,1,0,parse-error,0,reject:parse-error,REJ-expected
pppoe,c-xdp2-usp,False,1,0,parse-error,0,reject:parse-error,REJ-expected
pppoe,c-xdp2-parse-only,False,1,0,parse-error,0,reject:parse-error,REJ-expected
pppoe,c-xdp2-mono,False,1,0,parse-error,0,reject:parse-error,REJ-expected
pppoe,c-bpf-xdp2,False,1,0,verifier,0,reject:verifier,REJ-expected
pppoe,rust-graph,False,1,0,parse-error,0,reject:parse-error,REJ-expected
pppoe,rust-graph-enum,False,1,0,ipv4-only,0,reject:ipv4-only,REJ-expected
pppoe,rust-mono,False,1,0,parse-error,0,reject:parse-error,REJ-expected
pppoe,rust-mono-x4,False,1,0,parse-error,0,reject:parse-error,REJ-expected
pppoe,rust-compiled,False,1,0,parse-error,0,reject:parse-error,REJ-expected
pppoe,rust-simd,False,1,0,parse-error,0,reject:parse-error,REJ-expected
pppoe,rust-template,False,1,0,no-template,0,reject:no-template,REJ-expected
pppoe,rust-template-simd,False,1,0,no-template,0,reject:no-template,REJ-expected
pppoed,c-flowdis-usp,False,1,0,parse-error,0,reject:parse-error,REJ-expected
pppoed,c-xdp2-usp,True,1,1,,0,accept,OK
pppoed,c-xdp2-parse-only,True,1,1,,0,accept,OK
pppoed,c-xdp2-mono,True,1,1,,0,accept,OK
pppoed,c-bpf-xdp2,False,1,0,verifier,0,reject:verifier,REJ-expected
pppoed,rust-graph,True,1,1,,0,accept,OK
pppoed,rust-graph-enum,False,1,0,ipv4-only,0,reject:ipv4-only,REJ-expected
pppoed,rust-mono,True,1,1,,0,accept,OK
pppoed,rust-mono-x4,True,1,1,,0,accept,OK
pppoed,rust-compiled,True,1,1,,0,accept,OK
pppoed,rust-simd,True,1,1,,0,accept,OK
pppoed,rust-template,False,1,0,no-template,0,reject:no-template,REJ-expected
pppoed,rust-template-simd,False,1,0,no-template,0,reject:no-template,REJ-expected
pptp,c-flowdis-usp,True,1,1,,0,accept,OK
pptp,c-xdp2-usp,True,1,1,,0,accept,OK
pptp,c-xdp2-parse-only,True,1,1,,0,accept,OK
pptp,c-xdp2-mono,True,1,1,,0,accept,OK
pptp,c-bpf-xdp2,False,1,0,verifier,0,reject:verifier,REJ-expected
pptp,rust-graph,True,1,1,,0,accept,OK
pptp,rust-graph-enum,True,1,1,,0,accept,OK
pptp,rust-mono,True,1,1,,0,accept,OK
pptp,rust-mono-x4,True,1,1,,0,accept,OK
pptp,rust-compiled,True,1,1,,0,accept,OK
pptp,rust-simd,True,1,1,,0,accept,OK
pptp,rust-template,True,1,1,,0,accept,OK
pptp,rust-template-simd,True,1,1,,0,accept,OK
profinet_dcp,c-flowdis-usp,False,1,0,parse-error,0,reject:parse-error,REJ-expected
profinet_dcp,c-xdp2-usp,True,1,1,,0,accept,OK
profinet_dcp,c-xdp2-parse-only,True,1,1,,0,accept,OK
profinet_dcp,c-xdp2-mono,True,1,1,,0,accept,OK
profinet_dcp,c-bpf-xdp2,False,1,0,verifier,0,reject:verifier,REJ-expected
profinet_dcp,rust-graph,True,1,1,,0,accept,OK
profinet_dcp,rust-graph-enum,False,1,0,ipv4-only,0,reject:ipv4-only,REJ-expected
profinet_dcp,rust-mono,True,1,1,,0,accept,OK
profinet_dcp,rust-mono-x4,True,1,1,,0,accept,OK
profinet_dcp,rust-compiled,True,1,1,,0,accept,OK
profinet_dcp,rust-simd,True,1,1,,0,accept,OK
profinet_dcp,rust-template,False,1,0,no-template,0,reject:no-template,REJ-expected
profinet_dcp,rust-template-simd,False,1,0,no-template,0,reject:no-template,REJ-expected
ptp,c-flowdis-usp,False,1,0,parse-error,0,reject:parse-error,REJ-expected
ptp,c-xdp2-usp,True,1,1,,0,accept,OK
ptp,c-xdp2-parse-only,True,1,1,,0,accept,OK
ptp,c-xdp2-mono,True,1,1,,0,accept,OK
ptp,c-bpf-xdp2,False,1,0,verifier,0,reject:verifier,REJ-expected
ptp,rust-graph,True,1,1,,0,accept,OK
ptp,rust-graph-enum,False,1,0,ipv4-only,0,reject:ipv4-only,REJ-expected
ptp,rust-mono,True,1,1,,0,accept,OK
ptp,rust-mono-x4,True,1,1,,0,accept,OK
ptp,rust-compiled,True,1,1,,0,accept,OK
ptp,rust-simd,True,1,1,,0,accept,OK
ptp,rust-template,False,1,0,no-template,0,reject:no-template,REJ-expected
ptp,rust-template-simd,False,1,0,no-template,0,reject:no-template,REJ-expected
ptp_v1,c-flowdis-usp,False,1,0,parse-error,0,reject:parse-error,REJ-expected
ptp_v1,c-xdp2-usp,True,1,1,,0,accept,OK
ptp_v1,c-xdp2-parse-only,True,1,1,,0,accept,OK
ptp_v1,c-xdp2-mono,True,1,1,,0,accept,OK
ptp_v1,c-bpf-xdp2,False,1,0,verifier,0,reject:verifier,REJ-expected
ptp_v1,rust-graph,True,1,1,,0,accept,OK
ptp_v1,rust-graph-enum,False,1,0,ipv4-only,0,reject:ipv4-only,REJ-expected
ptp_v1,rust-mono,True,1,1,,0,accept,OK
ptp_v1,rust-mono-x4,True,1,1,,0,accept,OK
ptp_v1,rust-compiled,True,1,1,,0,accept,OK
ptp_v1,rust-simd,True,1,1,,0,accept,OK
ptp_v1,rust-template,False,1,0,no-template,0,reject:no-template,REJ-expected
ptp_v1,rust-template-simd,False,1,0,no-template,0,reject:no-template,REJ-expected
pvst,c-flowdis-usp,False,1,0,parse-error,0,reject:parse-error,REJ-expected
pvst,c-xdp2-usp,True,1,1,,0,accept,OK
pvst,c-xdp2-parse-only,True,1,1,,0,accept,OK
pvst,c-xdp2-mono,True,1,1,,0,accept,OK
pvst,c-bpf-xdp2,False,1,0,verifier,0,reject:verifier,REJ-expected
pvst,rust-graph,True,1,1,,0,accept,OK
pvst,rust-graph-enum,False,1,0,ipv4-only,0,reject:ipv4-only,REJ-expected
pvst,rust-mono,True,1,1,,0,accept,OK
pvst,rust-mono-x4,True,1,1,,0,accept,OK
pvst,rust-compiled,True,1,1,,0,accept,OK
pvst,rust-simd,True,1,1,,0,accept,OK
pvst,rust-template,False,1,0,no-template,0,reject:no-template,REJ-expected
pvst,rust-template-simd,False,1,0,no-template,0,reject:no-template,REJ-expected
qinq,c-flowdis-usp,False,1,0,parse-error,0,reject:parse-error,REJ-expected
qinq,c-xdp2-usp,False,1,0,parse-error,0,reject:parse-error,REJ-expected
qinq,c-xdp2-parse-only,False,1,0,parse-error,0,reject:parse-error,REJ-expected
qinq,c-xdp2-mono,False,1,0,parse-error,0,reject:parse-error,REJ-expected
qinq,c-bpf-xdp2,False,1,0,verifier,0,reject:verifier,REJ-expected
qinq,rust-graph,False,1,0,parse-error,0,reject:parse-error,REJ-expected
qinq,rust-graph-enum,False,1,0,ipv4-only,0,reject:ipv4-only,REJ-expected
qinq,rust-mono,True,1,1,,0,accept,OK
qinq,rust-mono-x4,True,1,1,,0,accept,OK
qinq,rust-compiled,True,1,1,,0,accept,OK
qinq,rust-simd,True,1,1,,0,accept,OK
qinq,rust-template,False,1,0,no-template,0,reject:no-template,REJ-expected
qinq,rust-template-simd,False,1,0,no-template,0,reject:no-template,REJ-expected
quic,c-flowdis-usp,True,1,1,,0,accept,OK
quic,c-xdp2-usp,True,1,1,,0,accept,OK
quic,c-xdp2-parse-only,True,1,1,,0,accept,OK
quic,c-xdp2-mono,True,1,1,,0,accept,OK
quic,c-bpf-xdp2,False,1,0,verifier,0,reject:verifier,REJ-expected
quic,rust-graph,True,1,1,,0,accept,OK
quic,rust-graph-enum,True,1,1,,0,accept,OK
quic,rust-mono,True,1,1,,0,accept,OK
quic,rust-mono-x4,True,1,1,,0,accept,OK
quic,rust-compiled,True,1,1,,0,accept,OK
quic,rust-simd,True,1,1,,0,accept,OK
quic,rust-template,True,1,1,,0,accept,OK
quic,rust-template-simd,True,1,1,,0,accept,OK
quic_initial,c-flowdis-usp,True,1,1,,0,accept,OK
quic_initial,c-xdp2-usp,True,1,1,,0,accept,OK
quic_initial,c-xdp2-parse-only,True,1,1,,0,accept,OK
quic_initial,c-xdp2-mono,True,1,1,,0,accept,OK
quic_initial,c-bpf-xdp2,False,1,0,verifier,0,reject:verifier,REJ-expected
quic_initial,rust-graph,True,1,1,,0,accept,OK
quic_initial,rust-graph-enum,True,1,1,,0,accept,OK
quic_initial,rust-mono,True,1,1,,0,accept,OK
quic_initial,rust-mono-x4,True,1,1,,0,accept,OK
quic_initial,rust-compiled,True,1,1,,0,accept,OK
quic_initial,rust-simd,True,1,1,,0,accept,OK
quic_initial,rust-template,True,1,1,,0,accept,OK
quic_initial,rust-template-simd,True,1,1,,0,accept,OK
quic_retry,c-flowdis-usp,True,1,1,,0,accept,OK
quic_retry,c-xdp2-usp,True,1,1,,0,accept,OK
quic_retry,c-xdp2-parse-only,True,1,1,,0,accept,OK
quic_retry,c-xdp2-mono,True,1,1,,0,accept,OK
quic_retry,c-bpf-xdp2,False,1,0,verifier,0,reject:verifier,REJ-expected
quic_retry,rust-graph,True,1,1,,0,accept,OK
quic_retry,rust-graph-enum,True,1,1,,0,accept,OK
quic_retry,rust-mono,True,1,1,,0,accept,OK
quic_retry,rust-mono-x4,True,1,1,,0,accept,OK
quic_retry,rust-compiled,True,1,1,,0,accept,OK
quic_retry,rust-simd,True,1,1,,0,accept,OK
quic_retry,rust-template,True,1,1,,0,accept,OK
quic_retry,rust-template-simd,True,1,1,,0,accept,OK
radiotap,c-flowdis-usp,False,1,0,parse-error,0,reject:parse-error,REJ-expected
radiotap,c-xdp2-usp,True,1,1,,0,accept,OK
radiotap,c-xdp2-parse-only,True,1,1,,0,accept,OK
radiotap,c-xdp2-mono,True,1,1,,0,accept,OK
radiotap,c-bpf-xdp2,False,1,0,verifier,0,reject:verifier,REJ-expected
radiotap,rust-graph,True,1,1,,0,accept,OK
radiotap,rust-graph-enum,False,1,0,ipv4-only,0,reject:ipv4-only,REJ-expected
radiotap,rust-mono,True,1,1,,0,accept,OK
radiotap,rust-mono-x4,True,1,1,,0,accept,OK
radiotap,rust-compiled,True,1,1,,0,accept,OK
radiotap,rust-simd,True,1,1,,0,accept,OK
radiotap,rust-template,False,1,0,no-template,0,reject:no-template,REJ-expected
radiotap,rust-template-simd,False,1,0,no-template,0,reject:no-template,REJ-expected
radius,c-flowdis-usp,True,1,1,,0,accept,OK
radius,c-xdp2-usp,True,1,1,,0,accept,OK
radius,c-xdp2-parse-only,True,1,1,,0,accept,OK
radius,c-xdp2-mono,True,1,1,,0,accept,OK
radius,c-bpf-xdp2,False,1,0,verifier,0,reject:verifier,REJ-expected
radius,rust-graph,True,1,1,,0,accept,OK
radius,rust-graph-enum,True,1,1,,0,accept,OK
radius,rust-mono,True,1,1,,0,accept,OK
radius,rust-mono-x4,True,1,1,,0,accept,OK
radius,rust-compiled,True,1,1,,0,accept,OK
radius,rust-simd,True,1,1,,0,accept,OK
radius,rust-template,True,1,1,,0,accept,OK
radius,rust-template-simd,True,1,1,,0,accept,OK
radius_acct,c-flowdis-usp,True,1,1,,0,accept,OK
radius_acct,c-xdp2-usp,True,1,1,,0,accept,OK
radius_acct,c-xdp2-parse-only,True,1,1,,0,accept,OK
radius_acct,c-xdp2-mono,True,1,1,,0,accept,OK
radius_acct,c-bpf-xdp2,False,1,0,verifier,0,reject:verifier,REJ-expected
radius_acct,rust-graph,True,1,1,,0,accept,OK
radius_acct,rust-graph-enum,True,1,1,,0,accept,OK
radius_acct,rust-mono,True,1,1,,0,accept,OK
radius_acct,rust-mono-x4,True,1,1,,0,accept,OK
radius_acct,rust-compiled,True,1,1,,0,accept,OK
radius_acct,rust-simd,True,1,1,,0,accept,OK
radius_acct,rust-template,True,1,1,,0,accept,OK
radius_acct,rust-template-simd,True,1,1,,0,accept,OK
radius_coa,c-flowdis-usp,True,1,1,,0,accept,OK
radius_coa,c-xdp2-usp,True,1,1,,0,accept,OK
radius_coa,c-xdp2-parse-only,True,1,1,,0,accept,OK
radius_coa,c-xdp2-mono,True,1,1,,0,accept,OK
radius_coa,c-bpf-xdp2,False,1,0,verifier,0,reject:verifier,REJ-expected
radius_coa,rust-graph,True,1,1,,0,accept,OK
radius_coa,rust-graph-enum,True,1,1,,0,accept,OK
radius_coa,rust-mono,True,1,1,,0,accept,OK
radius_coa,rust-mono-x4,True,1,1,,0,accept,OK
radius_coa,rust-compiled,True,1,1,,0,accept,OK
radius_coa,rust-simd,True,1,1,,0,accept,OK
radius_coa,rust-template,True,1,1,,0,accept,OK
radius_coa,rust-template-simd,True,1,1,,0,accept,OK
rarp,c-flowdis-usp,False,1,0,parse-error,0,reject:parse-error,REJ-expected
rarp,c-xdp2-usp,False,1,0,parse-error,0,reject:parse-error,REJ-expected
rarp,c-xdp2-parse-only,False,1,0,parse-error,0,reject:parse-error,REJ-expected
rarp,c-xdp2-mono,False,1,0,parse-error,0,reject:parse-error,REJ-expected
rarp,c-bpf-xdp2,False,1,0,verifier,0,reject:verifier,REJ-expected
rarp,rust-graph,False,1,0,parse-error,0,reject:parse-error,REJ-expected
rarp,rust-graph-enum,False,1,0,ipv4-only,0,reject:ipv4-only,REJ-expected
rarp,rust-mono,False,1,0,parse-error,0,reject:parse-error,REJ-expected
rarp,rust-mono-x4,False,1,0,parse-error,0,reject:parse-error,REJ-expected
rarp,rust-compiled,False,1,0,parse-error,0,reject:parse-error,REJ-expected
rarp,rust-simd,False,1,0,parse-error,0,reject:parse-error,REJ-expected
rarp,rust-template,False,1,0,no-template,0,reject:no-template,REJ-expected
rarp,rust-template-simd,False,1,0,no-template,0,reject:no-template,REJ-expected
redis,c-flowdis-usp,True,1,1,,0,accept,OK
redis,c-xdp2-usp,True,1,1,,0,accept,OK
redis,c-xdp2-parse-only,True,1,1,,0,accept,OK
redis,c-xdp2-mono,True,1,1,,0,accept,OK
redis,c-bpf-xdp2,False,1,0,verifier,0,reject:verifier,REJ-expected
redis,rust-graph,True,1,1,,0,accept,OK
redis,rust-graph-enum,True,1,1,,0,accept,OK
redis,rust-mono,True,1,1,,0,accept,OK
redis,rust-mono-x4,True,1,1,,0,accept,OK
redis,rust-compiled,True,1,1,,0,accept,OK
redis,rust-simd,True,1,1,,0,accept,OK
redis,rust-template,True,1,1,,0,accept,OK
redis,rust-template-simd,True,1,1,,0,accept,OK
rip,c-flowdis-usp,True,1,1,,0,accept,OK
rip,c-xdp2-usp,True,1,1,,0,accept,OK
rip,c-xdp2-parse-only,True,1,1,,0,accept,OK
rip,c-xdp2-mono,True,1,1,,0,accept,OK
rip,c-bpf-xdp2,False,1,0,verifier,0,reject:verifier,REJ-expected
rip,rust-graph,True,1,1,,0,accept,OK
rip,rust-graph-enum,True,1,1,,0,accept,OK
rip,rust-mono,True,1,1,,0,accept,OK
rip,rust-mono-x4,True,1,1,,0,accept,OK
rip,rust-compiled,True,1,1,,0,accept,OK
rip,rust-simd,True,1,1,,0,accept,OK
rip,rust-template,True,1,1,,0,accept,OK
rip,rust-template-simd,True,1,1,,0,accept,OK
ripng,c-flowdis-usp,True,1,1,,0,accept,OK
ripng,c-xdp2-usp,True,1,1,,0,accept,OK
ripng,c-xdp2-parse-only,True,1,1,,0,accept,OK
ripng,c-xdp2-mono,True,1,1,,0,accept,OK
ripng,c-bpf-xdp2,False,1,0,verifier,0,reject:verifier,REJ-expected
ripng,rust-graph,True,1,1,,0,accept,OK
ripng,rust-graph-enum,True,1,1,,0,accept,OK
ripng,rust-mono,True,1,1,,0,accept,OK
ripng,rust-mono-x4,True,1,1,,0,accept,OK
ripng,rust-compiled,True,1,1,,0,accept,OK
ripng,rust-simd,True,1,1,,0,accept,OK
ripng,rust-template,True,1,1,,0,accept,OK
ripng,rust-template-simd,True,1,1,,0,accept,OK
rocev2,c-flowdis-usp,True,1,1,,0,accept,OK
rocev2,c-xdp2-usp,True,1,1,,0,accept,OK
rocev2,c-xdp2-parse-only,True,1,1,,0,accept,OK
rocev2,c-xdp2-mono,True,1,1,,0,accept,OK
rocev2,c-bpf-xdp2,False,1,0,verifier,0,reject:verifier,REJ-expected
rocev2,rust-graph,True,1,1,,0,accept,OK
rocev2,rust-graph-enum,True,1,1,,0,accept,OK
rocev2,rust-mono,True,1,1,,0,accept,OK
rocev2,rust-mono-x4,True,1,1,,0,accept,OK
rocev2,rust-compiled,True,1,1,,0,accept,OK
rocev2,rust-simd,True,1,1,,0,accept,OK
rocev2,rust-template,True,1,1,,0,accept,OK
rocev2,rust-template-simd,True,1,1,,0,accept,OK
rpki_rtr,c-flowdis-usp,True,1,1,,0,accept,OK
rpki_rtr,c-xdp2-usp,True,1,1,,0,accept,OK
rpki_rtr,c-xdp2-parse-only,True,1,1,,0,accept,OK
rpki_rtr,c-xdp2-mono,True,1,1,,0,accept,OK
rpki_rtr,c-bpf-xdp2,False,1,0,verifier,0,reject:verifier,REJ-expected
rpki_rtr,rust-graph,True,1,1,,0,accept,OK
rpki_rtr,rust-graph-enum,True,1,1,,0,accept,OK
rpki_rtr,rust-mono,True,1,1,,0,accept,OK
rpki_rtr,rust-mono-x4,True,1,1,,0,accept,OK
rpki_rtr,rust-compiled,True,1,1,,0,accept,OK
rpki_rtr,rust-simd,True,1,1,,0,accept,OK
rpki_rtr,rust-template,True,1,1,,0,accept,OK
rpki_rtr,rust-template-simd,True,1,1,,0,accept,OK
rstp,c-flowdis-usp,False,1,0,parse-error,0,reject:parse-error,REJ-expected
rstp,c-xdp2-usp,True,1,1,,0,accept,OK
rstp,c-xdp2-parse-only,True,1,1,,0,accept,OK
rstp,c-xdp2-mono,True,1,1,,0,accept,OK
rstp,c-bpf-xdp2,False,1,0,verifier,0,reject:verifier,REJ-expected
rstp,rust-graph,True,1,1,,0,accept,OK
rstp,rust-graph-enum,False,1,0,ipv4-only,0,reject:ipv4-only,REJ-expected
rstp,rust-mono,True,1,1,,0,accept,OK
rstp,rust-mono-x4,True,1,1,,0,accept,OK
rstp,rust-compiled,True,1,1,,0,accept,OK
rstp,rust-simd,True,1,1,,0,accept,OK
rstp,rust-template,False,1,0,no-template,0,reject:no-template,REJ-expected
rstp,rust-template-simd,False,1,0,no-template,0,reject:no-template,REJ-expected
rsvp,c-flowdis-usp,True,1,1,,0,accept,OK
rsvp,c-xdp2-usp,True,1,1,,0,accept,OK
rsvp,c-xdp2-parse-only,True,1,1,,0,accept,OK
rsvp,c-xdp2-mono,True,1,1,,0,accept,OK
rsvp,c-bpf-xdp2,False,1,0,verifier,0,reject:verifier,REJ-expected
rsvp,rust-graph,True,1,1,,0,accept,OK
rsvp,rust-graph-enum,False,1,0,ipv4-only,0,reject:ipv4-only,REJ-expected
rsvp,rust-mono,True,1,1,,0,accept,OK
rsvp,rust-mono-x4,True,1,1,,0,accept,OK
rsvp,rust-compiled,True,1,1,,0,accept,OK
rsvp,rust-simd,True,1,1,,0,accept,OK
rsvp,rust-template,True,1,1,,0,accept,OK
rsvp,rust-template-simd,True,1,1,,0,accept,OK
rtcp,c-flowdis-usp,True,1,1,,0,accept,OK
rtcp,c-xdp2-usp,True,1,1,,0,accept,OK
rtcp,c-xdp2-parse-only,True,1,1,,0,accept,OK
rtcp,c-xdp2-mono,True,1,1,,0,accept,OK
rtcp,c-bpf-xdp2,False,1,0,verifier,0,reject:verifier,REJ-expected
rtcp,rust-graph,True,1,1,,0,accept,OK
rtcp,rust-graph-enum,True,1,1,,0,accept,OK
rtcp,rust-mono,True,1,1,,0,accept,OK
rtcp,rust-mono-x4,True,1,1,,0,accept,OK
rtcp,rust-compiled,True,1,1,,0,accept,OK
rtcp,rust-simd,True,1,1,,0,accept,OK
rtcp,rust-template,True,1,1,,0,accept,OK
rtcp,rust-template-simd,True,1,1,,0,accept,OK
rtcp_sr,c-flowdis-usp,True,1,1,,0,accept,OK
rtcp_sr,c-xdp2-usp,True,1,1,,0,accept,OK
rtcp_sr,c-xdp2-parse-only,True,1,1,,0,accept,OK
rtcp_sr,c-xdp2-mono,True,1,1,,0,accept,OK
rtcp_sr,c-bpf-xdp2,False,1,0,verifier,0,reject:verifier,REJ-expected
rtcp_sr,rust-graph,True,1,1,,0,accept,OK
rtcp_sr,rust-graph-enum,True,1,1,,0,accept,OK
rtcp_sr,rust-mono,True,1,1,,0,accept,OK
rtcp_sr,rust-mono-x4,True,1,1,,0,accept,OK
rtcp_sr,rust-compiled,True,1,1,,0,accept,OK
rtcp_sr,rust-simd,True,1,1,,0,accept,OK
rtcp_sr,rust-template,True,1,1,,0,accept,OK
rtcp_sr,rust-template-simd,True,1,1,,0,accept,OK
rtmp,c-flowdis-usp,True,1,1,,0,accept,OK
rtmp,c-xdp2-usp,True,1,1,,0,accept,OK
rtmp,c-xdp2-parse-only,True,1,1,,0,accept,OK
rtmp,c-xdp2-mono,True,1,1,,0,accept,OK
rtmp,c-bpf-xdp2,False,1,0,verifier,0,reject:verifier,REJ-expected
rtmp,rust-graph,True,1,1,,0,accept,OK
rtmp,rust-graph-enum,True,1,1,,0,accept,OK
rtmp,rust-mono,True,1,1,,0,accept,OK
rtmp,rust-mono-x4,True,1,1,,0,accept,OK
rtmp,rust-compiled,True,1,1,,0,accept,OK
rtmp,rust-simd,True,1,1,,0,accept,OK
rtmp,rust-template,True,1,1,,0,accept,OK
rtmp,rust-template-simd,True,1,1,,0,accept,OK
rtp,c-flowdis-usp,True,1,1,,0,accept,OK
rtp,c-xdp2-usp,True,1,1,,0,accept,OK
rtp,c-xdp2-parse-only,True,1,1,,0,accept,OK
rtp,c-xdp2-mono,True,1,1,,0,accept,OK
rtp,c-bpf-xdp2,False,1,0,verifier,0,reject:verifier,REJ-expected
rtp,rust-graph,True,1,1,,0,accept,OK
rtp,rust-graph-enum,True,1,1,,0,accept,OK
rtp,rust-mono,True,1,1,,0,accept,OK
rtp,rust-mono-x4,True,1,1,,0,accept,OK
rtp,rust-compiled,True,1,1,,0,accept,OK
rtp,rust-simd,True,1,1,,0,accept,OK
rtp,rust-template,True,1,1,,0,accept,OK
rtp,rust-template-simd,True,1,1,,0,accept,OK
rtp_h264,c-flowdis-usp,True,1,1,,0,accept,OK
rtp_h264,c-xdp2-usp,True,1,1,,0,accept,OK
rtp_h264,c-xdp2-parse-only,True,1,1,,0,accept,OK
rtp_h264,c-xdp2-mono,True,1,1,,0,accept,OK
rtp_h264,c-bpf-xdp2,False,1,0,verifier,0,reject:verifier,REJ-expected
rtp_h264,rust-graph,True,1,1,,0,accept,OK
rtp_h264,rust-graph-enum,True,1,1,,0,accept,OK
rtp_h264,rust-mono,True,1,1,,0,accept,OK
rtp_h264,rust-mono-x4,True,1,1,,0,accept,OK
rtp_h264,rust-compiled,True,1,1,,0,accept,OK
rtp_h264,rust-simd,True,1,1,,0,accept,OK
rtp_h264,rust-template,True,1,1,,0,accept,OK
rtp_h264,rust-template-simd,True,1,1,,0,accept,OK
rtp_h265,c-flowdis-usp,True,1,1,,0,accept,OK
rtp_h265,c-xdp2-usp,True,1,1,,0,accept,OK
rtp_h265,c-xdp2-parse-only,True,1,1,,0,accept,OK
rtp_h265,c-xdp2-mono,True,1,1,,0,accept,OK
rtp_h265,c-bpf-xdp2,False,1,0,verifier,0,reject:verifier,REJ-expected
rtp_h265,rust-graph,True,1,1,,0,accept,OK
rtp_h265,rust-graph-enum,True,1,1,,0,accept,OK
rtp_h265,rust-mono,True,1,1,,0,accept,OK
rtp_h265,rust-mono-x4,True,1,1,,0,accept,OK
rtp_h265,rust-compiled,True,1,1,,0,accept,OK
rtp_h265,rust-simd,True,1,1,,0,accept,OK
rtp_h265,rust-template,True,1,1,,0,accept,OK
rtp_h265,rust-template-simd,True,1,1,,0,accept,OK
rtp_mpeg,c-flowdis-usp,True,1,1,,0,accept,OK
rtp_mpeg,c-xdp2-usp,True,1,1,,0,accept,OK
rtp_mpeg,c-xdp2-parse-only,True,1,1,,0,accept,OK
rtp_mpeg,c-xdp2-mono,True,1,1,,0,accept,OK
rtp_mpeg,c-bpf-xdp2,False,1,0,verifier,0,reject:verifier,REJ-expected
rtp_mpeg,rust-graph,True,1,1,,0,accept,OK
rtp_mpeg,rust-graph-enum,True,1,1,,0,accept,OK
rtp_mpeg,rust-mono,True,1,1,,0,accept,OK
rtp_mpeg,rust-mono-x4,True,1,1,,0,accept,OK
rtp_mpeg,rust-compiled,True,1,1,,0,accept,OK
rtp_mpeg,rust-simd,True,1,1,,0,accept,OK
rtp_mpeg,rust-template,True,1,1,,0,accept,OK
rtp_mpeg,rust-template-simd,True,1,1,,0,accept,OK
rtp_opus,c-flowdis-usp,True,1,1,,0,accept,OK
rtp_opus,c-xdp2-usp,True,1,1,,0,accept,OK
rtp_opus,c-xdp2-parse-only,True,1,1,,0,accept,OK
rtp_opus,c-xdp2-mono,True,1,1,,0,accept,OK
rtp_opus,c-bpf-xdp2,False,1,0,verifier,0,reject:verifier,REJ-expected
rtp_opus,rust-graph,True,1,1,,0,accept,OK
rtp_opus,rust-graph-enum,True,1,1,,0,accept,OK
rtp_opus,rust-mono,True,1,1,,0,accept,OK
rtp_opus,rust-mono-x4,True,1,1,,0,accept,OK
rtp_opus,rust-compiled,True,1,1,,0,accept,OK
rtp_opus,rust-simd,True,1,1,,0,accept,OK
rtp_opus,rust-template,True,1,1,,0,accept,OK
rtp_opus,rust-template-simd,True,1,1,,0,accept,OK
rtsp,c-flowdis-usp,True,1,1,,0,accept,OK
rtsp,c-xdp2-usp,True,1,1,,0,accept,OK
rtsp,c-xdp2-parse-only,True,1,1,,0,accept,OK
rtsp,c-xdp2-mono,True,1,1,,0,accept,OK
rtsp,c-bpf-xdp2,False,1,0,verifier,0,reject:verifier,REJ-expected
rtsp,rust-graph,True,1,1,,0,accept,OK
rtsp,rust-graph-enum,True,1,1,,0,accept,OK
rtsp,rust-mono,True,1,1,,0,accept,OK
rtsp,rust-mono-x4,True,1,1,,0,accept,OK
rtsp,rust-compiled,True,1,1,,0,accept,OK
rtsp,rust-simd,True,1,1,,0,accept,OK
rtsp,rust-template,True,1,1,,0,accept,OK
rtsp,rust-template-simd,True,1,1,,0,accept,OK
s1ap,c-flowdis-usp,True,1,1,,0,accept,OK
s1ap,c-xdp2-usp,True,1,1,,0,accept,OK
s1ap,c-xdp2-parse-only,True,1,1,,0,accept,OK
s1ap,c-xdp2-mono,True,1,1,,0,accept,OK
s1ap,c-bpf-xdp2,False,1,0,verifier,0,reject:verifier,REJ-expected
s1ap,rust-graph,True,1,1,,0,accept,OK
s1ap,rust-graph-enum,False,1,0,ipv4-only,0,reject:ipv4-only,REJ-expected
s1ap,rust-mono,True,1,1,,0,accept,OK
s1ap,rust-mono-x4,True,1,1,,0,accept,OK
s1ap,rust-compiled,True,1,1,,0,accept,OK
s1ap,rust-simd,True,1,1,,0,accept,OK
s1ap,rust-template,True,1,1,,0,accept,OK
s1ap,rust-template-simd,True,1,1,,0,accept,OK
s7comm,c-flowdis-usp,True,1,1,,0,accept,OK
s7comm,c-xdp2-usp,True,1,1,,0,accept,OK
s7comm,c-xdp2-parse-only,True,1,1,,0,accept,OK
s7comm,c-xdp2-mono,True,1,1,,0,accept,OK
s7comm,c-bpf-xdp2,False,1,0,verifier,0,reject:verifier,REJ-expected
s7comm,rust-graph,True,1,1,,0,accept,OK
s7comm,rust-graph-enum,True,1,1,,0,accept,OK
s7comm,rust-mono,True,1,1,,0,accept,OK
s7comm,rust-mono-x4,True,1,1,,0,accept,OK
s7comm,rust-compiled,True,1,1,,0,accept,OK
s7comm,rust-simd,True,1,1,,0,accept,OK
s7comm,rust-template,True,1,1,,0,accept,OK
s7comm,rust-template-simd,True,1,1,,0,accept,OK
sas_identify,c-flowdis-usp,False,1,0,parse-error,0,reject:parse-error,REJ-expected
sas_identify,c-xdp2-usp,False,1,0,parse-error,0,reject:parse-error,REJ-expected
sas_identify,c-xdp2-parse-only,False,1,0,parse-error,0,reject:parse-error,REJ-expected
sas_identify,c-xdp2-mono,False,1,0,parse-error,0,reject:parse-error,REJ-expected
sas_identify,c-bpf-xdp2,False,1,0,verifier,0,reject:verifier,REJ-expected
sas_identify,rust-graph,False,1,0,parse-error,0,reject:parse-error,REJ-expected
sas_identify,rust-graph-enum,False,1,0,ipv4-only,0,reject:ipv4-only,REJ-expected
sas_identify,rust-mono,False,1,0,parse-error,0,reject:parse-error,REJ-expected
sas_identify,rust-mono-x4,False,1,0,parse-error,0,reject:parse-error,REJ-expected
sas_identify,rust-compiled,False,1,0,parse-error,0,reject:parse-error,REJ-expected
sas_identify,rust-simd,False,1,0,parse-error,0,reject:parse-error,REJ-expected
sas_identify,rust-template,False,1,0,no-template,0,reject:no-template,REJ-expected
sas_identify,rust-template-simd,False,1,0,no-template,0,reject:no-template,REJ-expected
sctp,c-flowdis-usp,True,1,1,,0,accept,OK
sctp,c-xdp2-usp,True,1,1,,0,accept,OK
sctp,c-xdp2-parse-only,True,1,1,,0,accept,OK
sctp,c-xdp2-mono,True,1,1,,0,accept,OK
sctp,c-bpf-xdp2,False,1,0,verifier,0,reject:verifier,REJ-expected
sctp,rust-graph,True,1,1,,0,accept,OK
sctp,rust-graph-enum,False,1,0,ipv4-only,0,reject:ipv4-only,REJ-expected
sctp,rust-mono,True,1,1,,0,accept,OK
sctp,rust-mono-x4,True,1,1,,0,accept,OK
sctp,rust-compiled,True,1,1,,0,accept,OK
sctp,rust-simd,True,1,1,,0,accept,OK
sctp,rust-template,True,1,1,,0,accept,OK
sctp,rust-template-simd,True,1,1,,0,accept,OK
sctp_chunk,c-flowdis-usp,True,1,1,,0,accept,OK
sctp_chunk,c-xdp2-usp,True,1,1,,0,accept,OK
sctp_chunk,c-xdp2-parse-only,True,1,1,,0,accept,OK
sctp_chunk,c-xdp2-mono,True,1,1,,0,accept,OK
sctp_chunk,c-bpf-xdp2,False,1,0,verifier,0,reject:verifier,REJ-expected
sctp_chunk,rust-graph,True,1,1,,0,accept,OK
sctp_chunk,rust-graph-enum,False,1,0,ipv4-only,0,reject:ipv4-only,REJ-expected
sctp_chunk,rust-mono,True,1,1,,0,accept,OK
sctp_chunk,rust-mono-x4,True,1,1,,0,accept,OK
sctp_chunk,rust-compiled,True,1,1,,0,accept,OK
sctp_chunk,rust-simd,True,1,1,,0,accept,OK
sctp_chunk,rust-template,True,1,1,,0,accept,OK
sctp_chunk,rust-template-simd,True,1,1,,0,accept,OK
sctp_data,c-flowdis-usp,True,1,1,,0,accept,OK
sctp_data,c-xdp2-usp,True,1,1,,0,accept,OK
sctp_data,c-xdp2-parse-only,True,1,1,,0,accept,OK
sctp_data,c-xdp2-mono,True,1,1,,0,accept,OK
sctp_data,c-bpf-xdp2,False,1,0,verifier,0,reject:verifier,REJ-expected
sctp_data,rust-graph,True,1,1,,0,accept,OK
sctp_data,rust-graph-enum,False,1,0,ipv4-only,0,reject:ipv4-only,REJ-expected
sctp_data,rust-mono,True,1,1,,0,accept,OK
sctp_data,rust-mono-x4,True,1,1,,0,accept,OK
sctp_data,rust-compiled,True,1,1,,0,accept,OK
sctp_data,rust-simd,True,1,1,,0,accept,OK
sctp_data,rust-template,True,1,1,,0,accept,OK
sctp_data,rust-template-simd,True,1,1,,0,accept,OK
sctp_init,c-flowdis-usp,True,1,1,,0,accept,OK
sctp_init,c-xdp2-usp,True,1,1,,0,accept,OK
sctp_init,c-xdp2-parse-only,True,1,1,,0,accept,OK
sctp_init,c-xdp2-mono,True,1,1,,0,accept,OK
sctp_init,c-bpf-xdp2,False,1,0,verifier,0,reject:verifier,REJ-expected
sctp_init,rust-graph,True,1,1,,0,accept,OK
sctp_init,rust-graph-enum,False,1,0,ipv4-only,0,reject:ipv4-only,REJ-expected
sctp_init,rust-mono,True,1,1,,0,accept,OK
sctp_init,rust-mono-x4,True,1,1,,0,accept,OK
sctp_init,rust-compiled,True,1,1,,0,accept,OK
sctp_init,rust-simd,True,1,1,,0,accept,OK
sctp_init,rust-template,True,1,1,,0,accept,OK
sctp_init,rust-template-simd,True,1,1,,0,accept,OK
sctp_sack,c-flowdis-usp,True,1,1,,0,accept,OK
sctp_sack,c-xdp2-usp,True,1,1,,0,accept,OK
sctp_sack,c-xdp2-parse-only,True,1,1,,0,accept,OK
sctp_sack,c-xdp2-mono,True,1,1,,0,accept,OK
sctp_sack,c-bpf-xdp2,False,1,0,verifier,0,reject:verifier,REJ-expected
sctp_sack,rust-graph,True,1,1,,0,accept,OK
sctp_sack,rust-graph-enum,False,1,0,ipv4-only,0,reject:ipv4-only,REJ-expected
sctp_sack,rust-mono,True,1,1,,0,accept,OK
sctp_sack,rust-mono-x4,True,1,1,,0,accept,OK
sctp_sack,rust-compiled,True,1,1,,0,accept,OK
sctp_sack,rust-simd,True,1,1,,0,accept,OK
sctp_sack,rust-template,True,1,1,,0,accept,OK
sctp_sack,rust-template-simd,True,1,1,,0,accept,OK
sdp,c-flowdis-usp,False,1,0,parse-error,0,reject:parse-error,REJ-expected
sdp,c-xdp2-usp,False,1,0,parse-error,0,reject:parse-error,REJ-expected
sdp,c-xdp2-parse-only,False,1,0,parse-error,0,reject:parse-error,REJ-expected
sdp,c-xdp2-mono,False,1,0,parse-error,0,reject:parse-error,REJ-expected
sdp,c-bpf-xdp2,False,1,0,verifier,0,reject:verifier,REJ-expected
sdp,rust-graph,False,1,0,parse-error,0,reject:parse-error,REJ-expected
sdp,rust-graph-enum,False,1,0,ipv4-only,0,reject:ipv4-only,REJ-expected
sdp,rust-mono,False,1,0,parse-error,0,reject:parse-error,REJ-expected
sdp,rust-mono-x4,False,1,0,parse-error,0,reject:parse-error,REJ-expected
sdp,rust-compiled,False,1,0,parse-error,0,reject:parse-error,REJ-expected
sdp,rust-simd,False,1,0,parse-error,0,reject:parse-error,REJ-expected
sdp,rust-template,False,1,0,no-template,0,reject:no-template,REJ-expected
sdp,rust-template-simd,False,1,0,no-template,0,reject:no-template,REJ-expected
sflow,c-flowdis-usp,True,1,1,,0,accept,OK
sflow,c-xdp2-usp,True,1,1,,0,accept,OK
sflow,c-xdp2-parse-only,True,1,1,,0,accept,OK
sflow,c-xdp2-mono,True,1,1,,0,accept,OK
sflow,c-bpf-xdp2,False,1,0,verifier,0,reject:verifier,REJ-expected
sflow,rust-graph,True,1,1,,0,accept,OK
sflow,rust-graph-enum,True,1,1,,0,accept,OK
sflow,rust-mono,True,1,1,,0,accept,OK
sflow,rust-mono-x4,True,1,1,,0,accept,OK
sflow,rust-compiled,True,1,1,,0,accept,OK
sflow,rust-simd,True,1,1,,0,accept,OK
sflow,rust-template,True,1,1,,0,accept,OK
sflow,rust-template-simd,True,1,1,,0,accept,OK
sflow_v5,c-flowdis-usp,True,1,1,,0,accept,OK
sflow_v5,c-xdp2-usp,True,1,1,,0,accept,OK
sflow_v5,c-xdp2-parse-only,True,1,1,,0,accept,OK
sflow_v5,c-xdp2-mono,True,1,1,,0,accept,OK
sflow_v5,c-bpf-xdp2,False,1,0,verifier,0,reject:verifier,REJ-expected
sflow_v5,rust-graph,True,1,1,,0,accept,OK
sflow_v5,rust-graph-enum,True,1,1,,0,accept,OK
sflow_v5,rust-mono,True,1,1,,0,accept,OK
sflow_v5,rust-mono-x4,True,1,1,,0,accept,OK
sflow_v5,rust-compiled,True,1,1,,0,accept,OK
sflow_v5,rust-simd,True,1,1,,0,accept,OK
sflow_v5,rust-template,True,1,1,,0,accept,OK
sflow_v5,rust-template-simd,True,1,1,,0,accept,OK
sip,c-flowdis-usp,True,1,1,,0,accept,OK
sip,c-xdp2-usp,True,1,1,,0,accept,OK
sip,c-xdp2-parse-only,True,1,1,,0,accept,OK
sip,c-xdp2-mono,True,1,1,,0,accept,OK
sip,c-bpf-xdp2,False,1,0,verifier,0,reject:verifier,REJ-expected
sip,rust-graph,True,1,1,,0,accept,OK
sip,rust-graph-enum,True,1,1,,0,accept,OK
sip,rust-mono,True,1,1,,0,accept,OK
sip,rust-mono-x4,True,1,1,,0,accept,OK
sip,rust-compiled,True,1,1,,0,accept,OK
sip,rust-simd,True,1,1,,0,accept,OK
sip,rust-template,True,1,1,,0,accept,OK
sip,rust-template-simd,True,1,1,,0,accept,OK
skinny,c-flowdis-usp,True,1,1,,0,accept,OK
skinny,c-xdp2-usp,True,1,1,,0,accept,OK
skinny,c-xdp2-parse-only,True,1,1,,0,accept,OK
skinny,c-xdp2-mono,True,1,1,,0,accept,OK
skinny,c-bpf-xdp2,False,1,0,verifier,0,reject:verifier,REJ-expected
skinny,rust-graph,True,1,1,,0,accept,OK
skinny,rust-graph-enum,True,1,1,,0,accept,OK
skinny,rust-mono,True,1,1,,0,accept,OK
skinny,rust-mono-x4,True,1,1,,0,accept,OK
skinny,rust-compiled,True,1,1,,0,accept,OK
skinny,rust-simd,True,1,1,,0,accept,OK
skinny,rust-template,True,1,1,,0,accept,OK
skinny,rust-template-simd,True,1,1,,0,accept,OK
sll,c-flowdis-usp,False,1,0,parse-error,0,reject:parse-error,REJ-expected
sll,c-xdp2-usp,False,1,0,parse-error,0,reject:parse-error,REJ-expected
sll,c-xdp2-parse-only,False,1,0,parse-error,0,reject:parse-error,REJ-expected
sll,c-xdp2-mono,False,1,0,parse-error,0,reject:parse-error,REJ-expected
sll,c-bpf-xdp2,False,1,0,verifier,0,reject:verifier,REJ-expected
sll,rust-graph,False,1,0,parse-error,0,reject:parse-error,REJ-expected
sll,rust-graph-enum,False,1,0,ipv4-only,0,reject:ipv4-only,REJ-expected
sll,rust-mono,True,1,1,,0,accept,OK
sll,rust-mono-x4,True,1,1,,0,accept,OK
sll,rust-compiled,True,1,1,,0,accept,OK
sll,rust-simd,True,1,1,,0,accept,OK
sll,rust-template,False,1,0,no-template,0,reject:no-template,REJ-expected
sll,rust-template-simd,False,1,0,no-template,0,reject:no-template,REJ-expected
sll2,c-flowdis-usp,False,1,0,parse-error,0,reject:parse-error,REJ-expected
sll2,c-xdp2-usp,True,1,1,,0,accept,OK
sll2,c-xdp2-parse-only,True,1,1,,0,accept,OK
sll2,c-xdp2-mono,True,1,1,,0,accept,OK
sll2,c-bpf-xdp2,False,1,0,verifier,0,reject:verifier,REJ-expected
sll2,rust-graph,True,1,1,,0,accept,OK
sll2,rust-graph-enum,False,1,0,ipv4-only,0,reject:ipv4-only,REJ-expected
sll2,rust-mono,True,1,1,,0,accept,OK
sll2,rust-mono-x4,True,1,1,,0,accept,OK
sll2,rust-compiled,True,1,1,,0,accept,OK
sll2,rust-simd,True,1,1,,0,accept,OK
sll2,rust-template,False,1,0,no-template,0,reject:no-template,REJ-expected
sll2,rust-template-simd,False,1,0,no-template,0,reject:no-template,REJ-expected
slow_protocols,c-flowdis-usp,False,1,0,parse-error,0,reject:parse-error,REJ-expected
slow_protocols,c-xdp2-usp,False,1,0,parse-error,0,reject:parse-error,REJ-expected
slow_protocols,c-xdp2-parse-only,False,1,0,parse-error,0,reject:parse-error,REJ-expected
slow_protocols,c-xdp2-mono,False,1,0,parse-error,0,reject:parse-error,REJ-expected
slow_protocols,c-bpf-xdp2,False,1,0,verifier,0,reject:verifier,REJ-expected
slow_protocols,rust-graph,True,1,1,,0,accept,OK
slow_protocols,rust-graph-enum,False,1,0,ipv4-only,0,reject:ipv4-only,REJ-expected
slow_protocols,rust-mono,True,1,1,,0,accept,OK
slow_protocols,rust-mono-x4,True,1,1,,0,accept,OK
slow_protocols,rust-compiled,True,1,1,,0,accept,OK
slow_protocols,rust-simd,True,1,1,,0,accept,OK
slow_protocols,rust-template,False,1,0,no-template,0,reject:no-template,REJ-expected
slow_protocols,rust-template-simd,False,1,0,no-template,0,reject:no-template,REJ-expected
smb,c-flowdis-usp,True,1,1,,0,accept,OK
smb,c-xdp2-usp,True,1,1,,0,accept,OK
smb,c-xdp2-parse-only,True,1,1,,0,accept,OK
smb,c-xdp2-mono,True,1,1,,0,accept,OK
smb,c-bpf-xdp2,False,1,0,verifier,0,reject:verifier,REJ-expected
smb,rust-graph,True,1,1,,0,accept,OK
smb,rust-graph-enum,True,1,1,,0,accept,OK
smb,rust-mono,True,1,1,,0,accept,OK
smb,rust-mono-x4,True,1,1,,0,accept,OK
smb,rust-compiled,True,1,1,,0,accept,OK
smb,rust-simd,True,1,1,,0,accept,OK
smb,rust-template,True,1,1,,0,accept,OK
smb,rust-template-simd,True,1,1,,0,accept,OK
smb2,c-flowdis-usp,True,1,1,,0,accept,OK
smb2,c-xdp2-usp,True,1,1,,0,accept,OK
smb2,c-xdp2-parse-only,True,1,1,,0,accept,OK
smb2,c-xdp2-mono,True,1,1,,0,accept,OK
smb2,c-bpf-xdp2,False,1,0,verifier,0,reject:verifier,REJ-expected
smb2,rust-graph,True,1,1,,0,accept,OK
smb2,rust-graph-enum,True,1,1,,0,accept,OK
smb2,rust-mono,True,1,1,,0,accept,OK
smb2,rust-mono-x4,True,1,1,,0,accept,OK
smb2,rust-compiled,True,1,1,,0,accept,OK
smb2,rust-simd,True,1,1,,0,accept,OK
smb2,rust-template,True,1,1,,0,accept,OK
smb2,rust-template-simd,True,1,1,,0,accept,OK
smtp,c-flowdis-usp,True,1,1,,0,accept,OK
smtp,c-xdp2-usp,True,1,1,,0,accept,OK
smtp,c-xdp2-parse-only,True,1,1,,0,accept,OK
smtp,c-xdp2-mono,True,1,1,,0,accept,OK
smtp,c-bpf-xdp2,False,1,0,verifier,0,reject:verifier,REJ-expected
smtp,rust-graph,True,1,1,,0,accept,OK
smtp,rust-graph-enum,True,1,1,,0,accept,OK
smtp,rust-mono,True,1,1,,0,accept,OK
smtp,rust-mono-x4,True,1,1,,0,accept,OK
smtp,rust-compiled,True,1,1,,0,accept,OK
smtp,rust-simd,True,1,1,,0,accept,OK
smtp,rust-template,True,1,1,,0,accept,OK
smtp,rust-template-simd,True,1,1,,0,accept,OK
snap,c-flowdis-usp,False,1,0,parse-error,0,reject:parse-error,REJ-expected
snap,c-xdp2-usp,False,1,0,parse-error,0,reject:parse-error,REJ-expected
snap,c-xdp2-parse-only,False,1,0,parse-error,0,reject:parse-error,REJ-expected
snap,c-xdp2-mono,False,1,0,parse-error,0,reject:parse-error,REJ-expected
snap,c-bpf-xdp2,False,1,0,verifier,0,reject:verifier,REJ-expected
snap,rust-graph,False,1,0,parse-error,0,reject:parse-error,REJ-expected
snap,rust-graph-enum,False,1,0,ipv4-only,0,reject:ipv4-only,REJ-expected
snap,rust-mono,True,1,1,,0,accept,OK
snap,rust-mono-x4,True,1,1,,0,accept,OK
snap,rust-compiled,True,1,1,,0,accept,OK
snap,rust-simd,True,1,1,,0,accept,OK
snap,rust-template,False,1,0,no-template,0,reject:no-template,REJ-expected
snap,rust-template-simd,False,1,0,no-template,0,reject:no-template,REJ-expected
snmp,c-flowdis-usp,True,1,1,,0,accept,OK
snmp,c-xdp2-usp,True,1,1,,0,accept,OK
snmp,c-xdp2-parse-only,True,1,1,,0,accept,OK
snmp,c-xdp2-mono,True,1,1,,0,accept,OK
snmp,c-bpf-xdp2,False,1,0,verifier,0,reject:verifier,REJ-expected
snmp,rust-graph,True,1,1,,0,accept,OK
snmp,rust-graph-enum,True,1,1,,0,accept,OK
snmp,rust-mono,True,1,1,,0,accept,OK
snmp,rust-mono-x4,True,1,1,,0,accept,OK
snmp,rust-compiled,True,1,1,,0,accept,OK
snmp,rust-simd,True,1,1,,0,accept,OK
snmp,rust-template,True,1,1,,0,accept,OK
snmp,rust-template-simd,True,1,1,,0,accept,OK
snmp_trap,c-flowdis-usp,True,1,1,,0,accept,OK
snmp_trap,c-xdp2-usp,True,1,1,,0,accept,OK
snmp_trap,c-xdp2-parse-only,True,1,1,,0,accept,OK
snmp_trap,c-xdp2-mono,True,1,1,,0,accept,OK
snmp_trap,c-bpf-xdp2,False,1,0,verifier,0,reject:verifier,REJ-expected
snmp_trap,rust-graph,True,1,1,,0,accept,OK
snmp_trap,rust-graph-enum,True,1,1,,0,accept,OK
snmp_trap,rust-mono,True,1,1,,0,accept,OK
snmp_trap,rust-mono-x4,True,1,1,,0,accept,OK
snmp_trap,rust-compiled,True,1,1,,0,accept,OK
snmp_trap,rust-simd,True,1,1,,0,accept,OK
snmp_trap,rust-template,True,1,1,,0,accept,OK
snmp_trap,rust-template-simd,True,1,1,,0,accept,OK
snmpv3,c-flowdis-usp,True,1,1,,0,accept,OK
snmpv3,c-xdp2-usp,True,1,1,,0,accept,OK
snmpv3,c-xdp2-parse-only,True,1,1,,0,accept,OK
snmpv3,c-xdp2-mono,True,1,1,,0,accept,OK
snmpv3,c-bpf-xdp2,False,1,0,verifier,0,reject:verifier,REJ-expected
snmpv3,rust-graph,True,1,1,,0,accept,OK
snmpv3,rust-graph-enum,True,1,1,,0,accept,OK
snmpv3,rust-mono,True,1,1,,0,accept,OK
snmpv3,rust-mono-x4,True,1,1,,0,accept,OK
snmpv3,rust-compiled,True,1,1,,0,accept,OK
snmpv3,rust-simd,True,1,1,,0,accept,OK
snmpv3,rust-template,True,1,1,,0,accept,OK
snmpv3,rust-template-simd,True,1,1,,0,accept,OK
socks,c-flowdis-usp,True,1,1,,0,accept,OK
socks,c-xdp2-usp,True,1,1,,0,accept,OK
socks,c-xdp2-parse-only,True,1,1,,0,accept,OK
socks,c-xdp2-mono,True,1,1,,0,accept,OK
socks,c-bpf-xdp2,False,1,0,verifier,0,reject:verifier,REJ-expected
socks,rust-graph,True,1,1,,0,accept,OK
socks,rust-graph-enum,True,1,1,,0,accept,OK
socks,rust-mono,True,1,1,,0,accept,OK
socks,rust-mono-x4,True,1,1,,0,accept,OK
socks,rust-compiled,True,1,1,,0,accept,OK
socks,rust-simd,True,1,1,,0,accept,OK
socks,rust-template,True,1,1,,0,accept,OK
socks,rust-template-simd,True,1,1,,0,accept,OK
some_ip,c-flowdis-usp,True,1,1,,0,accept,OK
some_ip,c-xdp2-usp,True,1,1,,0,accept,OK
some_ip,c-xdp2-parse-only,True,1,1,,0,accept,OK
some_ip,c-xdp2-mono,True,1,1,,0,accept,OK
some_ip,c-bpf-xdp2,False,1,0,verifier,0,reject:verifier,REJ-expected
some_ip,rust-graph,True,1,1,,0,accept,OK
some_ip,rust-graph-enum,True,1,1,,0,accept,OK
some_ip,rust-mono,True,1,1,,0,accept,OK
some_ip,rust-mono-x4,True,1,1,,0,accept,OK
some_ip,rust-compiled,True,1,1,,0,accept,OK
some_ip,rust-simd,True,1,1,,0,accept,OK
some_ip,rust-template,True,1,1,,0,accept,OK
some_ip,rust-template-simd,True,1,1,,0,accept,OK
srp_cmd,c-flowdis-usp,False,1,0,parse-error,0,reject:parse-error,REJ-expected
srp_cmd,c-xdp2-usp,False,1,0,parse-error,0,reject:parse-error,REJ-expected
srp_cmd,c-xdp2-parse-only,False,1,0,parse-error,0,reject:parse-error,REJ-expected
srp_cmd,c-xdp2-mono,False,1,0,parse-error,0,reject:parse-error,REJ-expected
srp_cmd,c-bpf-xdp2,False,1,0,verifier,0,reject:verifier,REJ-expected
srp_cmd,rust-graph,False,1,0,parse-error,0,reject:parse-error,REJ-expected
srp_cmd,rust-graph-enum,False,1,0,ipv4-only,0,reject:ipv4-only,REJ-expected
srp_cmd,rust-mono,True,1,1,,0,accept,OK
srp_cmd,rust-mono-x4,True,1,1,,0,accept,OK
srp_cmd,rust-compiled,True,1,1,,0,accept,OK
srp_cmd,rust-simd,True,1,1,,0,accept,OK
srp_cmd,rust-template,False,1,0,no-template,0,reject:no-template,REJ-expected
srp_cmd,rust-template-simd,False,1,0,no-template,0,reject:no-template,REJ-expected
srp_cred_req,c-flowdis-usp,False,1,0,parse-error,0,reject:parse-error,REJ-expected
srp_cred_req,c-xdp2-usp,False,1,0,parse-error,0,reject:parse-error,REJ-expected
srp_cred_req,c-xdp2-parse-only,False,1,0,parse-error,0,reject:parse-error,REJ-expected
srp_cred_req,c-xdp2-mono,False,1,0,parse-error,0,reject:parse-error,REJ-expected
srp_cred_req,c-bpf-xdp2,False,1,0,verifier,0,reject:verifier,REJ-expected
srp_cred_req,rust-graph,False,1,0,parse-error,0,reject:parse-error,REJ-expected
srp_cred_req,rust-graph-enum,False,1,0,ipv4-only,0,reject:ipv4-only,REJ-expected
srp_cred_req,rust-mono,True,1,1,,0,accept,OK
srp_cred_req,rust-mono-x4,True,1,1,,0,accept,OK
srp_cred_req,rust-compiled,True,1,1,,0,accept,OK
srp_cred_req,rust-simd,True,1,1,,0,accept,OK
srp_cred_req,rust-template,False,1,0,no-template,0,reject:no-template,REJ-expected
srp_cred_req,rust-template-simd,False,1,0,no-template,0,reject:no-template,REJ-expected
srp_cred_rsp,c-flowdis-usp,False,1,0,parse-error,0,reject:parse-error,REJ-expected
srp_cred_rsp,c-xdp2-usp,False,1,0,parse-error,0,reject:parse-error,REJ-expected
srp_cred_rsp,c-xdp2-parse-only,False,1,0,parse-error,0,reject:parse-error,REJ-expected
srp_cred_rsp,c-xdp2-mono,False,1,0,parse-error,0,reject:parse-error,REJ-expected
srp_cred_rsp,c-bpf-xdp2,False,1,0,verifier,0,reject:verifier,REJ-expected
srp_cred_rsp,rust-graph,False,1,0,parse-error,0,reject:parse-error,REJ-expected
srp_cred_rsp,rust-graph-enum,False,1,0,ipv4-only,0,reject:ipv4-only,REJ-expected
srp_cred_rsp,rust-mono,True,1,1,,0,accept,OK
srp_cred_rsp,rust-mono-x4,True,1,1,,0,accept,OK
srp_cred_rsp,rust-compiled,True,1,1,,0,accept,OK
srp_cred_rsp,rust-simd,True,1,1,,0,accept,OK
srp_cred_rsp,rust-template,False,1,0,no-template,0,reject:no-template,REJ-expected
srp_cred_rsp,rust-template-simd,False,1,0,no-template,0,reject:no-template,REJ-expected
srp_i_logout,c-flowdis-usp,False,1,0,parse-error,0,reject:parse-error,REJ-expected
srp_i_logout,c-xdp2-usp,False,1,0,parse-error,0,reject:parse-error,REJ-expected
srp_i_logout,c-xdp2-parse-only,False,1,0,parse-error,0,reject:parse-error,REJ-expected
srp_i_logout,c-xdp2-mono,False,1,0,parse-error,0,reject:parse-error,REJ-expected
srp_i_logout,c-bpf-xdp2,False,1,0,verifier,0,reject:verifier,REJ-expected
srp_i_logout,rust-graph,False,1,0,parse-error,0,reject:parse-error,REJ-expected
srp_i_logout,rust-graph-enum,False,1,0,ipv4-only,0,reject:ipv4-only,REJ-expected
srp_i_logout,rust-mono,True,1,1,,0,accept,OK
srp_i_logout,rust-mono-x4,True,1,1,,0,accept,OK
srp_i_logout,rust-compiled,True,1,1,,0,accept,OK
srp_i_logout,rust-simd,True,1,1,,0,accept,OK
srp_i_logout,rust-template,False,1,0,no-template,0,reject:no-template,REJ-expected
srp_i_logout,rust-template-simd,False,1,0,no-template,0,reject:no-template,REJ-expected
srp_login_rej,c-flowdis-usp,False,1,0,parse-error,0,reject:parse-error,REJ-expected
srp_login_rej,c-xdp2-usp,False,1,0,parse-error,0,reject:parse-error,REJ-expected
srp_login_rej,c-xdp2-parse-only,False,1,0,parse-error,0,reject:parse-error,REJ-expected
srp_login_rej,c-xdp2-mono,False,1,0,parse-error,0,reject:parse-error,REJ-expected
srp_login_rej,c-bpf-xdp2,False,1,0,verifier,0,reject:verifier,REJ-expected
srp_login_rej,rust-graph,False,1,0,parse-error,0,reject:parse-error,REJ-expected
srp_login_rej,rust-graph-enum,False,1,0,ipv4-only,0,reject:ipv4-only,REJ-expected
srp_login_rej,rust-mono,True,1,1,,0,accept,OK
srp_login_rej,rust-mono-x4,True,1,1,,0,accept,OK
srp_login_rej,rust-compiled,True,1,1,,0,accept,OK
srp_login_rej,rust-simd,True,1,1,,0,accept,OK
srp_login_rej,rust-template,False,1,0,no-template,0,reject:no-template,REJ-expected
srp_login_rej,rust-template-simd,False,1,0,no-template,0,reject:no-template,REJ-expected
srp_login_req,c-flowdis-usp,False,1,0,parse-error,0,reject:parse-error,REJ-expected
srp_login_req,c-xdp2-usp,False,1,0,parse-error,0,reject:parse-error,REJ-expected
srp_login_req,c-xdp2-parse-only,False,1,0,parse-error,0,reject:parse-error,REJ-expected
srp_login_req,c-xdp2-mono,False,1,0,parse-error,0,reject:parse-error,REJ-expected
srp_login_req,c-bpf-xdp2,False,1,0,verifier,0,reject:verifier,REJ-expected
srp_login_req,rust-graph,False,1,0,parse-error,0,reject:parse-error,REJ-expected
srp_login_req,rust-graph-enum,False,1,0,ipv4-only,0,reject:ipv4-only,REJ-expected
srp_login_req,rust-mono,True,1,1,,0,accept,OK
srp_login_req,rust-mono-x4,True,1,1,,0,accept,OK
srp_login_req,rust-compiled,True,1,1,,0,accept,OK
srp_login_req,rust-simd,True,1,1,,0,accept,OK
srp_login_req,rust-template,False,1,0,no-template,0,reject:no-template,REJ-expected
srp_login_req,rust-template-simd,False,1,0,no-template,0,reject:no-template,REJ-expected
srp_login_rsp,c-flowdis-usp,False,1,0,parse-error,0,reject:parse-error,REJ-expected
srp_login_rsp,c-xdp2-usp,False,1,0,parse-error,0,reject:parse-error,REJ-expected
srp_login_rsp,c-xdp2-parse-only,False,1,0,parse-error,0,reject:parse-error,REJ-expected
srp_login_rsp,c-xdp2-mono,False,1,0,parse-error,0,reject:parse-error,REJ-expected
srp_login_rsp,c-bpf-xdp2,False,1,0,verifier,0,reject:verifier,REJ-expected
srp_login_rsp,rust-graph,False,1,0,parse-error,0,reject:parse-error,REJ-expected
srp_login_rsp,rust-graph-enum,False,1,0,ipv4-only,0,reject:ipv4-only,REJ-expected
srp_login_rsp,rust-mono,True,1,1,,0,accept,OK
srp_login_rsp,rust-mono-x4,True,1,1,,0,accept,OK
srp_login_rsp,rust-compiled,True,1,1,,0,accept,OK
srp_login_rsp,rust-simd,True,1,1,,0,accept,OK
srp_login_rsp,rust-template,False,1,0,no-template,0,reject:no-template,REJ-expected
srp_login_rsp,rust-template-simd,False,1,0,no-template,0,reject:no-template,REJ-expected
srp_rsp,c-flowdis-usp,False,1,0,parse-error,0,reject:parse-error,REJ-expected
srp_rsp,c-xdp2-usp,False,1,0,parse-error,0,reject:parse-error,REJ-expected
srp_rsp,c-xdp2-parse-only,False,1,0,parse-error,0,reject:parse-error,REJ-expected
srp_rsp,c-xdp2-mono,False,1,0,parse-error,0,reject:parse-error,REJ-expected
srp_rsp,c-bpf-xdp2,False,1,0,verifier,0,reject:verifier,REJ-expected
srp_rsp,rust-graph,False,1,0,parse-error,0,reject:parse-error,REJ-expected
srp_rsp,rust-graph-enum,False,1,0,ipv4-only,0,reject:ipv4-only,REJ-expected
srp_rsp,rust-mono,True,1,1,,0,accept,OK
srp_rsp,rust-mono-x4,True,1,1,,0,accept,OK
srp_rsp,rust-compiled,True,1,1,,0,accept,OK
srp_rsp,rust-simd,True,1,1,,0,accept,OK
srp_rsp,rust-template,False,1,0,no-template,0,reject:no-template,REJ-expected
srp_rsp,rust-template-simd,False,1,0,no-template,0,reject:no-template,REJ-expected
srp_t_logout,c-flowdis-usp,False,1,0,parse-error,0,reject:parse-error,REJ-expected
srp_t_logout,c-xdp2-usp,False,1,0,parse-error,0,reject:parse-error,REJ-expected
srp_t_logout,c-xdp2-parse-only,False,1,0,parse-error,0,reject:parse-error,REJ-expected
srp_t_logout,c-xdp2-mono,False,1,0,parse-error,0,reject:parse-error,REJ-expected
srp_t_logout,c-bpf-xdp2,False,1,0,verifier,0,reject:verifier,REJ-expected
srp_t_logout,rust-graph,False,1,0,parse-error,0,reject:parse-error,REJ-expected
srp_t_logout,rust-graph-enum,False,1,0,ipv4-only,0,reject:ipv4-only,REJ-expected
srp_t_logout,rust-mono,True,1,1,,0,accept,OK
srp_t_logout,rust-mono-x4,True,1,1,,0,accept,OK
srp_t_logout,rust-compiled,True,1,1,,0,accept,OK
srp_t_logout,rust-simd,True,1,1,,0,accept,OK
srp_t_logout,rust-template,False,1,0,no-template,0,reject:no-template,REJ-expected
srp_t_logout,rust-template-simd,False,1,0,no-template,0,reject:no-template,REJ-expected
srp_tsk_mgmt,c-flowdis-usp,False,1,0,parse-error,0,reject:parse-error,REJ-expected
srp_tsk_mgmt,c-xdp2-usp,False,1,0,parse-error,0,reject:parse-error,REJ-expected
srp_tsk_mgmt,c-xdp2-parse-only,False,1,0,parse-error,0,reject:parse-error,REJ-expected
srp_tsk_mgmt,c-xdp2-mono,False,1,0,parse-error,0,reject:parse-error,REJ-expected
srp_tsk_mgmt,c-bpf-xdp2,False,1,0,verifier,0,reject:verifier,REJ-expected
srp_tsk_mgmt,rust-graph,False,1,0,parse-error,0,reject:parse-error,REJ-expected
srp_tsk_mgmt,rust-graph-enum,False,1,0,ipv4-only,0,reject:ipv4-only,REJ-expected
srp_tsk_mgmt,rust-mono,True,1,1,,0,accept,OK
srp_tsk_mgmt,rust-mono-x4,True,1,1,,0,accept,OK
srp_tsk_mgmt,rust-compiled,True,1,1,,0,accept,OK
srp_tsk_mgmt,rust-simd,True,1,1,,0,accept,OK
srp_tsk_mgmt,rust-template,False,1,0,no-template,0,reject:no-template,REJ-expected
srp_tsk_mgmt,rust-template-simd,False,1,0,no-template,0,reject:no-template,REJ-expected
srt,c-flowdis-usp,True,1,1,,0,accept,OK
srt,c-xdp2-usp,True,1,1,,0,accept,OK
srt,c-xdp2-parse-only,True,1,1,,0,accept,OK
srt,c-xdp2-mono,True,1,1,,0,accept,OK
srt,c-bpf-xdp2,False,1,0,verifier,0,reject:verifier,REJ-expected
srt,rust-graph,True,1,1,,0,accept,OK
srt,rust-graph-enum,True,1,1,,0,accept,OK
srt,rust-mono,True,1,1,,0,accept,OK
srt,rust-mono-x4,True,1,1,,0,accept,OK
srt,rust-compiled,True,1,1,,0,accept,OK
srt,rust-simd,True,1,1,,0,accept,OK
srt,rust-template,True,1,1,,0,accept,OK
srt,rust-template-simd,True,1,1,,0,accept,OK
srv6,c-flowdis-usp,True,1,1,,0,accept,OK
srv6,c-xdp2-usp,True,1,1,,0,accept,OK
srv6,c-xdp2-parse-only,True,1,1,,0,accept,OK
srv6,c-xdp2-mono,True,1,1,,0,accept,OK
srv6,c-bpf-xdp2,False,1,0,verifier,0,reject:verifier,REJ-expected
srv6,rust-graph,True,1,1,,0,accept,OK
srv6,rust-graph-enum,False,1,0,ipv4-only,0,reject:ipv4-only,REJ-expected
srv6,rust-mono,True,1,1,,0,accept,OK
srv6,rust-mono-x4,True,1,1,,0,accept,OK
srv6,rust-compiled,True,1,1,,0,accept,OK
srv6,rust-simd,True,1,1,,0,accept,OK
srv6,rust-template,False,1,0,no-template,0,reject:no-template,REJ-expected
srv6,rust-template-simd,False,1,0,no-template,0,reject:no-template,REJ-expected
ssh,c-flowdis-usp,True,1,1,,0,accept,OK
ssh,c-xdp2-usp,True,1,1,,0,accept,OK
ssh,c-xdp2-parse-only,True,1,1,,0,accept,OK
ssh,c-xdp2-mono,True,1,1,,0,accept,OK
ssh,c-bpf-xdp2,False,1,0,verifier,0,reject:verifier,REJ-expected
ssh,rust-graph,True,1,1,,0,accept,OK
ssh,rust-graph-enum,True,1,1,,0,accept,OK
ssh,rust-mono,True,1,1,,0,accept,OK
ssh,rust-mono-x4,True,1,1,,0,accept,OK
ssh,rust-compiled,True,1,1,,0,accept,OK
ssh,rust-simd,True,1,1,,0,accept,OK
ssh,rust-template,True,1,1,,0,accept,OK
ssh,rust-template-simd,True,1,1,,0,accept,OK
ssp_command_iu,c-flowdis-usp,False,1,0,parse-error,0,reject:parse-error,REJ-expected
ssp_command_iu,c-xdp2-usp,False,1,0,parse-error,0,reject:parse-error,REJ-expected
ssp_command_iu,c-xdp2-parse-only,False,1,0,parse-error,0,reject:parse-error,REJ-expected
ssp_command_iu,c-xdp2-mono,False,1,0,parse-error,0,reject:parse-error,REJ-expected
ssp_command_iu,c-bpf-xdp2,False,1,0,verifier,0,reject:verifier,REJ-expected
ssp_command_iu,rust-graph,False,1,0,parse-error,0,reject:parse-error,REJ-expected
ssp_command_iu,rust-graph-enum,False,1,0,ipv4-only,0,reject:ipv4-only,REJ-expected
ssp_command_iu,rust-mono,False,1,0,parse-error,0,reject:parse-error,REJ-expected
ssp_command_iu,rust-mono-x4,False,1,0,parse-error,0,reject:parse-error,REJ-expected
ssp_command_iu,rust-compiled,False,1,0,parse-error,0,reject:parse-error,REJ-expected
ssp_command_iu,rust-simd,False,1,0,parse-error,0,reject:parse-error,REJ-expected
ssp_command_iu,rust-template,False,1,0,no-template,0,reject:no-template,REJ-expected
ssp_command_iu,rust-template-simd,False,1,0,no-template,0,reject:no-template,REJ-expected
ssp_frame_hdr,c-flowdis-usp,False,1,0,parse-error,0,reject:parse-error,REJ-expected
ssp_frame_hdr,c-xdp2-usp,False,1,0,parse-error,0,reject:parse-error,REJ-expected
ssp_frame_hdr,c-xdp2-parse-only,False,1,0,parse-error,0,reject:parse-error,REJ-expected
ssp_frame_hdr,c-xdp2-mono,False,1,0,parse-error,0,reject:parse-error,REJ-expected
ssp_frame_hdr,c-bpf-xdp2,False,1,0,verifier,0,reject:verifier,REJ-expected
ssp_frame_hdr,rust-graph,False,1,0,parse-error,0,reject:parse-error,REJ-expected
ssp_frame_hdr,rust-graph-enum,False,1,0,ipv4-only,0,reject:ipv4-only,REJ-expected
ssp_frame_hdr,rust-mono,False,1,0,parse-error,0,reject:parse-error,REJ-expected
ssp_frame_hdr,rust-mono-x4,False,1,0,parse-error,0,reject:parse-error,REJ-expected
ssp_frame_hdr,rust-compiled,False,1,0,parse-error,0,reject:parse-error,REJ-expected
ssp_frame_hdr,rust-simd,False,1,0,parse-error,0,reject:parse-error,REJ-expected
ssp_frame_hdr,rust-template,False,1,0,no-template,0,reject:no-template,REJ-expected
ssp_frame_hdr,rust-template-simd,False,1,0,no-template,0,reject:no-template,REJ-expected
ssp_response_iu,c-flowdis-usp,False,1,0,parse-error,0,reject:parse-error,REJ-expected
ssp_response_iu,c-xdp2-usp,False,1,0,parse-error,0,reject:parse-error,REJ-expected
ssp_response_iu,c-xdp2-parse-only,False,1,0,parse-error,0,reject:parse-error,REJ-expected
ssp_response_iu,c-xdp2-mono,False,1,0,parse-error,0,reject:parse-error,REJ-expected
ssp_response_iu,c-bpf-xdp2,False,1,0,verifier,0,reject:verifier,REJ-expected
ssp_response_iu,rust-graph,False,1,0,parse-error,0,reject:parse-error,REJ-expected
ssp_response_iu,rust-graph-enum,False,1,0,ipv4-only,0,reject:ipv4-only,REJ-expected
ssp_response_iu,rust-mono,False,1,0,parse-error,0,reject:parse-error,REJ-expected
ssp_response_iu,rust-mono-x4,False,1,0,parse-error,0,reject:parse-error,REJ-expected
ssp_response_iu,rust-compiled,False,1,0,parse-error,0,reject:parse-error,REJ-expected
ssp_response_iu,rust-simd,False,1,0,parse-error,0,reject:parse-error,REJ-expected
ssp_response_iu,rust-template,False,1,0,no-template,0,reject:no-template,REJ-expected
ssp_response_iu,rust-template-simd,False,1,0,no-template,0,reject:no-template,REJ-expected
ssp_tmf_iu,c-flowdis-usp,False,1,0,parse-error,0,reject:parse-error,REJ-expected
ssp_tmf_iu,c-xdp2-usp,False,1,0,parse-error,0,reject:parse-error,REJ-expected
ssp_tmf_iu,c-xdp2-parse-only,False,1,0,parse-error,0,reject:parse-error,REJ-expected
ssp_tmf_iu,c-xdp2-mono,False,1,0,parse-error,0,reject:parse-error,REJ-expected
ssp_tmf_iu,c-bpf-xdp2,False,1,0,verifier,0,reject:verifier,REJ-expected
ssp_tmf_iu,rust-graph,False,1,0,parse-error,0,reject:parse-error,REJ-expected
ssp_tmf_iu,rust-graph-enum,False,1,0,ipv4-only,0,reject:ipv4-only,REJ-expected
ssp_tmf_iu,rust-mono,False,1,0,parse-error,0,reject:parse-error,REJ-expected
ssp_tmf_iu,rust-mono-x4,False,1,0,parse-error,0,reject:parse-error,REJ-expected
ssp_tmf_iu,rust-compiled,False,1,0,parse-error,0,reject:parse-error,REJ-expected
ssp_tmf_iu,rust-simd,False,1,0,parse-error,0,reject:parse-error,REJ-expected
ssp_tmf_iu,rust-template,False,1,0,no-template,0,reject:no-template,REJ-expected
ssp_tmf_iu,rust-template-simd,False,1,0,no-template,0,reject:no-template,REJ-expected
ssp_xfer_rdy,c-flowdis-usp,False,1,0,parse-error,0,reject:parse-error,REJ-expected
ssp_xfer_rdy,c-xdp2-usp,False,1,0,parse-error,0,reject:parse-error,REJ-expected
ssp_xfer_rdy,c-xdp2-parse-only,False,1,0,parse-error,0,reject:parse-error,REJ-expected
ssp_xfer_rdy,c-xdp2-mono,False,1,0,parse-error,0,reject:parse-error,REJ-expected
ssp_xfer_rdy,c-bpf-xdp2,False,1,0,verifier,0,reject:verifier,REJ-expected
ssp_xfer_rdy,rust-graph,False,1,0,parse-error,0,reject:parse-error,REJ-expected
ssp_xfer_rdy,rust-graph-enum,False,1,0,ipv4-only,0,reject:ipv4-only,REJ-expected
ssp_xfer_rdy,rust-mono,False,1,0,parse-error,0,reject:parse-error,REJ-expected
ssp_xfer_rdy,rust-mono-x4,False,1,0,parse-error,0,reject:parse-error,REJ-expected
ssp_xfer_rdy,rust-compiled,False,1,0,parse-error,0,reject:parse-error,REJ-expected
ssp_xfer_rdy,rust-simd,False,1,0,parse-error,0,reject:parse-error,REJ-expected
ssp_xfer_rdy,rust-template,False,1,0,no-template,0,reject:no-template,REJ-expected
ssp_xfer_rdy,rust-template-simd,False,1,0,no-template,0,reject:no-template,REJ-expected
stp,c-flowdis-usp,False,1,0,parse-error,0,reject:parse-error,REJ-expected
stp,c-xdp2-usp,True,1,1,,0,accept,OK
stp,c-xdp2-parse-only,True,1,1,,0,accept,OK
stp,c-xdp2-mono,True,1,1,,0,accept,OK
stp,c-bpf-xdp2,False,1,0,verifier,0,reject:verifier,REJ-expected
stp,rust-graph,True,1,1,,0,accept,OK
stp,rust-graph-enum,False,1,0,ipv4-only,0,reject:ipv4-only,REJ-expected
stp,rust-mono,True,1,1,,0,accept,OK
stp,rust-mono-x4,True,1,1,,0,accept,OK
stp,rust-compiled,True,1,1,,0,accept,OK
stp,rust-simd,True,1,1,,0,accept,OK
stp,rust-template,False,1,0,no-template,0,reject:no-template,REJ-expected
stp,rust-template-simd,False,1,0,no-template,0,reject:no-template,REJ-expected
stun,c-flowdis-usp,True,1,1,,0,accept,OK
stun,c-xdp2-usp,True,1,1,,0,accept,OK
stun,c-xdp2-parse-only,True,1,1,,0,accept,OK
stun,c-xdp2-mono,True,1,1,,0,accept,OK
stun,c-bpf-xdp2,False,1,0,verifier,0,reject:verifier,REJ-expected
stun,rust-graph,True,1,1,,0,accept,OK
stun,rust-graph-enum,True,1,1,,0,accept,OK
stun,rust-mono,True,1,1,,0,accept,OK
stun,rust-mono-x4,True,1,1,,0,accept,OK
stun,rust-compiled,True,1,1,,0,accept,OK
stun,rust-simd,True,1,1,,0,accept,OK
stun,rust-template,True,1,1,,0,accept,OK
stun,rust-template-simd,True,1,1,,0,accept,OK
sua,c-flowdis-usp,True,1,1,,0,accept,OK
sua,c-xdp2-usp,True,1,1,,0,accept,OK
sua,c-xdp2-parse-only,True,1,1,,0,accept,OK
sua,c-xdp2-mono,True,1,1,,0,accept,OK
sua,c-bpf-xdp2,False,1,0,verifier,0,reject:verifier,REJ-expected
sua,rust-graph,True,1,1,,0,accept,OK
sua,rust-graph-enum,False,1,0,ipv4-only,0,reject:ipv4-only,REJ-expected
sua,rust-mono,True,1,1,,0,accept,OK
sua,rust-mono-x4,True,1,1,,0,accept,OK
sua,rust-compiled,True,1,1,,0,accept,OK
sua,rust-simd,True,1,1,,0,accept,OK
sua,rust-template,True,1,1,,0,accept,OK
sua,rust-template-simd,True,1,1,,0,accept,OK
syslog,c-flowdis-usp,True,1,1,,0,accept,OK
syslog,c-xdp2-usp,True,1,1,,0,accept,OK
syslog,c-xdp2-parse-only,True,1,1,,0,accept,OK
syslog,c-xdp2-mono,True,1,1,,0,accept,OK
syslog,c-bpf-xdp2,False,1,0,verifier,0,reject:verifier,REJ-expected
syslog,rust-graph,True,1,1,,0,accept,OK
syslog,rust-graph-enum,True,1,1,,0,accept,OK
syslog,rust-mono,True,1,1,,0,accept,OK
syslog,rust-mono-x4,True,1,1,,0,accept,OK
syslog,rust-compiled,True,1,1,,0,accept,OK
syslog,rust-simd,True,1,1,,0,accept,OK
syslog,rust-template,True,1,1,,0,accept,OK
syslog,rust-template-simd,True,1,1,,0,accept,OK
t38,c-flowdis-usp,True,1,1,,0,accept,OK
t38,c-xdp2-usp,True,1,1,,0,accept,OK
t38,c-xdp2-parse-only,True,1,1,,0,accept,OK
t38,c-xdp2-mono,True,1,1,,0,accept,OK
t38,c-bpf-xdp2,False,1,0,verifier,0,reject:verifier,REJ-expected
t38,rust-graph,True,1,1,,0,accept,OK
t38,rust-graph-enum,True,1,1,,0,accept,OK
t38,rust-mono,True,1,1,,0,accept,OK
t38,rust-mono-x4,True,1,1,,0,accept,OK
t38,rust-compiled,True,1,1,,0,accept,OK
t38,rust-simd,True,1,1,,0,accept,OK
t38,rust-template,True,1,1,,0,accept,OK
t38,rust-template-simd,True,1,1,,0,accept,OK
tacacs,c-flowdis-usp,True,1,1,,0,accept,OK
tacacs,c-xdp2-usp,True,1,1,,0,accept,OK
tacacs,c-xdp2-parse-only,True,1,1,,0,accept,OK
tacacs,c-xdp2-mono,True,1,1,,0,accept,OK
tacacs,c-bpf-xdp2,False,1,0,verifier,0,reject:verifier,REJ-expected
tacacs,rust-graph,True,1,1,,0,accept,OK
tacacs,rust-graph-enum,True,1,1,,0,accept,OK
tacacs,rust-mono,True,1,1,,0,accept,OK
tacacs,rust-mono-x4,True,1,1,,0,accept,OK
tacacs,rust-compiled,True,1,1,,0,accept,OK
tacacs,rust-simd,True,1,1,,0,accept,OK
tacacs,rust-template,True,1,1,,0,accept,OK
tacacs,rust-template-simd,True,1,1,,0,accept,OK
tcp,c-flowdis-usp,True,1,1,,0,accept,OK
tcp,c-xdp2-usp,True,1,1,,0,accept,OK
tcp,c-xdp2-parse-only,True,1,1,,0,accept,OK
tcp,c-xdp2-mono,True,1,1,,0,accept,OK
tcp,c-bpf-xdp2,False,1,0,verifier,0,reject:verifier,REJ-expected
tcp,rust-graph,True,1,1,,0,accept,OK
tcp,rust-graph-enum,True,1,1,,0,accept,OK
tcp,rust-mono,True,1,1,,0,accept,OK
tcp,rust-mono-x4,True,1,1,,0,accept,OK
tcp,rust-compiled,True,1,1,,0,accept,OK
tcp,rust-simd,True,1,1,,0,accept,OK
tcp,rust-template,True,1,1,,0,accept,OK
tcp,rust-template-simd,True,1,1,,0,accept,OK
telnet,c-flowdis-usp,True,1,1,,0,accept,OK
telnet,c-xdp2-usp,True,1,1,,0,accept,OK
telnet,c-xdp2-parse-only,True,1,1,,0,accept,OK
telnet,c-xdp2-mono,True,1,1,,0,accept,OK
telnet,c-bpf-xdp2,False,1,0,verifier,0,reject:verifier,REJ-expected
telnet,rust-graph,True,1,1,,0,accept,OK
telnet,rust-graph-enum,True,1,1,,0,accept,OK
telnet,rust-mono,True,1,1,,0,accept,OK
telnet,rust-mono-x4,True,1,1,,0,accept,OK
telnet,rust-compiled,True,1,1,,0,accept,OK
telnet,rust-simd,True,1,1,,0,accept,OK
telnet,rust-template,True,1,1,,0,accept,OK
telnet,rust-template-simd,True,1,1,,0,accept,OK
tftp,c-flowdis-usp,True,1,1,,0,accept,OK
tftp,c-xdp2-usp,True,1,1,,0,accept,OK
tftp,c-xdp2-parse-only,True,1,1,,0,accept,OK
tftp,c-xdp2-mono,True,1,1,,0,accept,OK
tftp,c-bpf-xdp2,False,1,0,verifier,0,reject:verifier,REJ-expected
tftp,rust-graph,True,1,1,,0,accept,OK
tftp,rust-graph-enum,True,1,1,,0,accept,OK
tftp,rust-mono,True,1,1,,0,accept,OK
tftp,rust-mono-x4,True,1,1,,0,accept,OK
tftp,rust-compiled,True,1,1,,0,accept,OK
tftp,rust-simd,True,1,1,,0,accept,OK
tftp,rust-template,True,1,1,,0,accept,OK
tftp,rust-template-simd,True,1,1,,0,accept,OK
time,c-flowdis-usp,True,1,1,,0,accept,OK
time,c-xdp2-usp,True,1,1,,0,accept,OK
time,c-xdp2-parse-only,True,1,1,,0,accept,OK
time,c-xdp2-mono,True,1,1,,0,accept,OK
time,c-bpf-xdp2,False,1,0,verifier,0,reject:verifier,REJ-expected
time,rust-graph,True,1,1,,0,accept,OK
time,rust-graph-enum,True,1,1,,0,accept,OK
time,rust-mono,True,1,1,,0,accept,OK
time,rust-mono-x4,True,1,1,,0,accept,OK
time,rust-compiled,True,1,1,,0,accept,OK
time,rust-simd,True,1,1,,0,accept,OK
time,rust-template,True,1,1,,0,accept,OK
time,rust-template-simd,True,1,1,,0,accept,OK
tipc,c-flowdis-usp,True,1,1,,0,accept,OK
tipc,c-xdp2-usp,True,1,1,,0,accept,OK
tipc,c-xdp2-parse-only,True,1,1,,0,accept,OK
tipc,c-xdp2-mono,True,1,1,,0,accept,OK
tipc,c-bpf-xdp2,False,1,0,verifier,0,reject:verifier,REJ-expected
tipc,rust-graph,True,1,1,,0,accept,OK
tipc,rust-graph-enum,False,1,0,ipv4-only,0,reject:ipv4-only,REJ-expected
tipc,rust-mono,True,1,1,,0,accept,OK
tipc,rust-mono-x4,True,1,1,,0,accept,OK
tipc,rust-compiled,True,1,1,,0,accept,OK
tipc,rust-simd,True,1,1,,0,accept,OK
tipc,rust-template,False,1,0,no-template,0,reject:no-template,REJ-expected
tipc,rust-template-simd,False,1,0,no-template,0,reject:no-template,REJ-expected
tls,c-flowdis-usp,True,1,1,,0,accept,OK
tls,c-xdp2-usp,True,1,1,,0,accept,OK
tls,c-xdp2-parse-only,True,1,1,,0,accept,OK
tls,c-xdp2-mono,True,1,1,,0,accept,OK
tls,c-bpf-xdp2,False,1,0,verifier,0,reject:verifier,REJ-expected
tls,rust-graph,True,1,1,,0,accept,OK
tls,rust-graph-enum,True,1,1,,0,accept,OK
tls,rust-mono,True,1,1,,0,accept,OK
tls,rust-mono-x4,True,1,1,,0,accept,OK
tls,rust-compiled,True,1,1,,0,accept,OK
tls,rust-simd,True,1,1,,0,accept,OK
tls,rust-template,True,1,1,,0,accept,OK
tls,rust-template-simd,True,1,1,,0,accept,OK
tplink_smarthome,c-flowdis-usp,True,1,1,,0,accept,OK
tplink_smarthome,c-xdp2-usp,True,1,1,,0,accept,OK
tplink_smarthome,c-xdp2-parse-only,True,1,1,,0,accept,OK
tplink_smarthome,c-xdp2-mono,True,1,1,,0,accept,OK
tplink_smarthome,c-bpf-xdp2,False,1,0,verifier,0,reject:verifier,REJ-expected
tplink_smarthome,rust-graph,True,1,1,,0,accept,OK
tplink_smarthome,rust-graph-enum,True,1,1,,0,accept,OK
tplink_smarthome,rust-mono,True,1,1,,0,accept,OK
tplink_smarthome,rust-mono-x4,True,1,1,,0,accept,OK
tplink_smarthome,rust-compiled,True,1,1,,0,accept,OK
tplink_smarthome,rust-simd,True,1,1,,0,accept,OK
tplink_smarthome,rust-template,True,1,1,,0,accept,OK
tplink_smarthome,rust-template-simd,True,1,1,,0,accept,OK
trill,c-flowdis-usp,False,1,0,parse-error,0,reject:parse-error,REJ-expected
trill,c-xdp2-usp,False,1,0,parse-error,0,reject:parse-error,REJ-expected
trill,c-xdp2-parse-only,False,1,0,parse-error,0,reject:parse-error,REJ-expected
trill,c-xdp2-mono,False,1,0,parse-error,0,reject:parse-error,REJ-expected
trill,c-bpf-xdp2,False,1,0,verifier,0,reject:verifier,REJ-expected
trill,rust-graph,False,1,0,parse-error,0,reject:parse-error,REJ-expected
trill,rust-graph-enum,False,1,0,ipv4-only,0,reject:ipv4-only,REJ-expected
trill,rust-mono,False,1,0,parse-error,0,reject:parse-error,REJ-expected
trill,rust-mono-x4,False,1,0,parse-error,0,reject:parse-error,REJ-expected
trill,rust-compiled,False,1,0,parse-error,0,reject:parse-error,REJ-expected
trill,rust-simd,False,1,0,parse-error,0,reject:parse-error,REJ-expected
trill,rust-template,False,1,0,no-template,0,reject:no-template,REJ-expected
trill,rust-template-simd,False,1,0,no-template,0,reject:no-template,REJ-expected
twamp,c-flowdis-usp,True,1,1,,0,accept,OK
twamp,c-xdp2-usp,False,1,0,parse-error,0,reject:parse-error,REJ-expected
twamp,c-xdp2-parse-only,False,1,0,parse-error,0,reject:parse-error,REJ-expected
twamp,c-xdp2-mono,False,1,0,parse-error,0,reject:parse-error,REJ-expected
twamp,c-bpf-xdp2,False,1,0,verifier,0,reject:verifier,REJ-expected
twamp,rust-graph,False,1,0,parse-error,0,reject:parse-error,REJ-expected
twamp,rust-graph-enum,False,1,0,ipv4-only,0,reject:ipv4-only,REJ-expected
twamp,rust-mono,True,1,1,,0,accept,OK
twamp,rust-mono-x4,True,1,1,,0,accept,OK
twamp,rust-compiled,True,1,1,,0,accept,OK
twamp,rust-simd,True,1,1,,0,accept,OK
twamp,rust-template,True,1,1,,0,accept,OK
twamp,rust-template-simd,True,1,1,,0,accept,OK
tzsp,c-flowdis-usp,True,1,1,,0,accept,OK
tzsp,c-xdp2-usp,True,1,1,,0,accept,OK
tzsp,c-xdp2-parse-only,True,1,1,,0,accept,OK
tzsp,c-xdp2-mono,True,1,1,,0,accept,OK
tzsp,c-bpf-xdp2,False,1,0,verifier,0,reject:verifier,REJ-expected
tzsp,rust-graph,True,1,1,,0,accept,OK
tzsp,rust-graph-enum,True,1,1,,0,accept,OK
tzsp,rust-mono,True,1,1,,0,accept,OK
tzsp,rust-mono-x4,True,1,1,,0,accept,OK
tzsp,rust-compiled,True,1,1,,0,accept,OK
tzsp,rust-simd,True,1,1,,0,accept,OK
tzsp,rust-template,True,1,1,,0,accept,OK
tzsp,rust-template-simd,True,1,1,,0,accept,OK
tzsp_v2,c-flowdis-usp,True,1,1,,0,accept,OK
tzsp_v2,c-xdp2-usp,True,1,1,,0,accept,OK
tzsp_v2,c-xdp2-parse-only,True,1,1,,0,accept,OK
tzsp_v2,c-xdp2-mono,True,1,1,,0,accept,OK
tzsp_v2,c-bpf-xdp2,False,1,0,verifier,0,reject:verifier,REJ-expected
tzsp_v2,rust-graph,True,1,1,,0,accept,OK
tzsp_v2,rust-graph-enum,True,1,1,,0,accept,OK
tzsp_v2,rust-mono,True,1,1,,0,accept,OK
tzsp_v2,rust-mono-x4,True,1,1,,0,accept,OK
tzsp_v2,rust-compiled,True,1,1,,0,accept,OK
tzsp_v2,rust-simd,True,1,1,,0,accept,OK
tzsp_v2,rust-template,True,1,1,,0,accept,OK
tzsp_v2,rust-template-simd,True,1,1,,0,accept,OK
udp,c-flowdis-usp,True,1,1,,0,accept,OK
udp,c-xdp2-usp,True,1,1,,0,accept,OK
udp,c-xdp2-parse-only,True,1,1,,0,accept,OK
udp,c-xdp2-mono,True,1,1,,0,accept,OK
udp,c-bpf-xdp2,False,1,0,verifier,0,reject:verifier,REJ-expected
udp,rust-graph,True,1,1,,0,accept,OK
udp,rust-graph-enum,True,1,1,,0,accept,OK
udp,rust-mono,True,1,1,,0,accept,OK
udp,rust-mono-x4,True,1,1,,0,accept,OK
udp,rust-compiled,True,1,1,,0,accept,OK
udp,rust-simd,True,1,1,,0,accept,OK
udp,rust-template,True,1,1,,0,accept,OK
udp,rust-template-simd,True,1,1,,0,accept,OK
udplite,c-flowdis-usp,True,1,1,,0,accept,OK
udplite,c-xdp2-usp,True,1,1,,0,accept,OK
udplite,c-xdp2-parse-only,True,1,1,,0,accept,OK
udplite,c-xdp2-mono,True,1,1,,0,accept,OK
udplite,c-bpf-xdp2,False,1,0,verifier,0,reject:verifier,REJ-expected
udplite,rust-graph,True,1,1,,0,accept,OK
udplite,rust-graph-enum,False,1,0,ipv4-only,0,reject:ipv4-only,REJ-expected
udplite,rust-mono,True,1,1,,0,accept,OK
udplite,rust-mono-x4,True,1,1,,0,accept,OK
udplite,rust-compiled,True,1,1,,0,accept,OK
udplite,rust-simd,True,1,1,,0,accept,OK
udplite,rust-template,True,1,1,,0,accept,OK
udplite,rust-template-simd,True,1,1,,0,accept,OK
vlan,c-flowdis-usp,False,1,0,parse-error,0,reject:parse-error,REJ-expected
vlan,c-xdp2-usp,False,1,0,parse-error,0,reject:parse-error,REJ-expected
vlan,c-xdp2-parse-only,False,1,0,parse-error,0,reject:parse-error,REJ-expected
vlan,c-xdp2-mono,False,1,0,parse-error,0,reject:parse-error,REJ-expected
vlan,c-bpf-xdp2,False,1,0,verifier,0,reject:verifier,REJ-expected
vlan,rust-graph,False,1,0,parse-error,0,reject:parse-error,REJ-expected
vlan,rust-graph-enum,False,1,0,ipv4-only,0,reject:ipv4-only,REJ-expected
vlan,rust-mono,True,1,1,,0,accept,OK
vlan,rust-mono-x4,True,1,1,,0,accept,OK
vlan,rust-compiled,True,1,1,,0,accept,OK
vlan,rust-simd,True,1,1,,0,accept,OK
vlan,rust-template,False,1,0,no-template,0,reject:no-template,REJ-expected
vlan,rust-template-simd,False,1,0,no-template,0,reject:no-template,REJ-expected
vrrp,c-flowdis-usp,True,1,1,,0,accept,OK
vrrp,c-xdp2-usp,True,1,1,,0,accept,OK
vrrp,c-xdp2-parse-only,True,1,1,,0,accept,OK
vrrp,c-xdp2-mono,True,1,1,,0,accept,OK
vrrp,c-bpf-xdp2,False,1,0,verifier,0,reject:verifier,REJ-expected
vrrp,rust-graph,True,1,1,,0,accept,OK
vrrp,rust-graph-enum,False,1,0,ipv4-only,0,reject:ipv4-only,REJ-expected
vrrp,rust-mono,True,1,1,,0,accept,OK
vrrp,rust-mono-x4,True,1,1,,0,accept,OK
vrrp,rust-compiled,True,1,1,,0,accept,OK
vrrp,rust-simd,True,1,1,,0,accept,OK
vrrp,rust-template,True,1,1,,0,accept,OK
vrrp,rust-template-simd,True,1,1,,0,accept,OK
vrrp3,c-flowdis-usp,True,1,1,,0,accept,OK
vrrp3,c-xdp2-usp,True,1,1,,0,accept,OK
vrrp3,c-xdp2-parse-only,True,1,1,,0,accept,OK
vrrp3,c-xdp2-mono,True,1,1,,0,accept,OK
vrrp3,c-bpf-xdp2,False,1,0,verifier,0,reject:verifier,REJ-expected
vrrp3,rust-graph,True,1,1,,0,accept,OK
vrrp3,rust-graph-enum,False,1,0,ipv4-only,0,reject:ipv4-only,REJ-expected
vrrp3,rust-mono,True,1,1,,0,accept,OK
vrrp3,rust-mono-x4,True,1,1,,0,accept,OK
vrrp3,rust-compiled,True,1,1,,0,accept,OK
vrrp3,rust-simd,True,1,1,,0,accept,OK
vrrp3,rust-template,True,1,1,,0,accept,OK
vrrp3,rust-template-simd,True,1,1,,0,accept,OK
vrrp_ipv6,c-flowdis-usp,True,1,1,,0,accept,OK
vrrp_ipv6,c-xdp2-usp,True,1,1,,0,accept,OK
vrrp_ipv6,c-xdp2-parse-only,True,1,1,,0,accept,OK
vrrp_ipv6,c-xdp2-mono,True,1,1,,0,accept,OK
vrrp_ipv6,c-bpf-xdp2,False,1,0,verifier,0,reject:verifier,REJ-expected
vrrp_ipv6,rust-graph,True,1,1,,0,accept,OK
vrrp_ipv6,rust-graph-enum,False,1,0,ipv4-only,0,reject:ipv4-only,REJ-expected
vrrp_ipv6,rust-mono,True,1,1,,0,accept,OK
vrrp_ipv6,rust-mono-x4,True,1,1,,0,accept,OK
vrrp_ipv6,rust-compiled,True,1,1,,0,accept,OK
vrrp_ipv6,rust-simd,True,1,1,,0,accept,OK
vrrp_ipv6,rust-template,True,1,1,,0,accept,OK
vrrp_ipv6,rust-template-simd,True,1,1,,0,accept,OK
vxlan,c-flowdis-usp,True,1,1,,0,accept,OK
vxlan,c-xdp2-usp,True,1,1,,0,accept,OK
vxlan,c-xdp2-parse-only,True,1,1,,0,accept,OK
vxlan,c-xdp2-mono,True,1,1,,0,accept,OK
vxlan,c-bpf-xdp2,False,1,0,verifier,0,reject:verifier,REJ-expected
vxlan,rust-graph,True,1,1,,0,accept,OK
vxlan,rust-graph-enum,True,1,1,,0,accept,OK
vxlan,rust-mono,True,1,1,,0,accept,OK
vxlan,rust-mono-x4,True,1,1,,0,accept,OK
vxlan,rust-compiled,True,1,1,,0,accept,OK
vxlan,rust-simd,True,1,1,,0,accept,OK
vxlan,rust-template,True,1,1,,0,accept,OK
vxlan,rust-template-simd,True,1,1,,0,accept,OK
vxlan_gbp,c-flowdis-usp,True,1,1,,0,accept,OK
vxlan_gbp,c-xdp2-usp,False,1,0,parse-error,0,reject:parse-error,REJ-expected
vxlan_gbp,c-xdp2-parse-only,False,1,0,parse-error,0,reject:parse-error,REJ-expected
vxlan_gbp,c-xdp2-mono,False,1,0,parse-error,0,reject:parse-error,REJ-expected
vxlan_gbp,c-bpf-xdp2,False,1,0,verifier,0,reject:verifier,REJ-expected
vxlan_gbp,rust-graph,False,1,0,parse-error,0,reject:parse-error,REJ-expected
vxlan_gbp,rust-graph-enum,False,1,0,ipv4-only,0,reject:ipv4-only,REJ-expected
vxlan_gbp,rust-mono,False,1,0,parse-error,0,reject:parse-error,REJ-expected
vxlan_gbp,rust-mono-x4,False,1,0,parse-error,0,reject:parse-error,REJ-expected
vxlan_gbp,rust-compiled,False,1,0,parse-error,0,reject:parse-error,REJ-expected
vxlan_gbp,rust-simd,False,1,0,parse-error,0,reject:parse-error,REJ-expected
vxlan_gbp,rust-template,True,1,1,,0,accept,OK
vxlan_gbp,rust-template-simd,True,1,1,,0,accept,OK
vxlan_gpb,c-flowdis-usp,True,1,1,,0,accept,OK
vxlan_gpb,c-xdp2-usp,False,1,0,parse-error,0,reject:parse-error,REJ-expected
vxlan_gpb,c-xdp2-parse-only,False,1,0,parse-error,0,reject:parse-error,REJ-expected
vxlan_gpb,c-xdp2-mono,False,1,0,parse-error,0,reject:parse-error,REJ-expected
vxlan_gpb,c-bpf-xdp2,False,1,0,verifier,0,reject:verifier,REJ-expected
vxlan_gpb,rust-graph,False,1,0,parse-error,0,reject:parse-error,REJ-expected
vxlan_gpb,rust-graph-enum,False,1,0,ipv4-only,0,reject:ipv4-only,REJ-expected
vxlan_gpb,rust-mono,False,1,0,parse-error,0,reject:parse-error,REJ-expected
vxlan_gpb,rust-mono-x4,False,1,0,parse-error,0,reject:parse-error,REJ-expected
vxlan_gpb,rust-compiled,False,1,0,parse-error,0,reject:parse-error,REJ-expected
vxlan_gpb,rust-simd,False,1,0,parse-error,0,reject:parse-error,REJ-expected
vxlan_gpb,rust-template,True,1,1,,0,accept,OK
vxlan_gpb,rust-template-simd,True,1,1,,0,accept,OK
vxlan_gpe,c-flowdis-usp,True,1,1,,0,accept,OK
vxlan_gpe,c-xdp2-usp,False,1,0,parse-error,0,reject:parse-error,REJ-expected
vxlan_gpe,c-xdp2-parse-only,False,1,0,parse-error,0,reject:parse-error,REJ-expected
vxlan_gpe,c-xdp2-mono,False,1,0,parse-error,0,reject:parse-error,REJ-expected
vxlan_gpe,c-bpf-xdp2,False,1,0,verifier,0,reject:verifier,REJ-expected
vxlan_gpe,rust-graph,False,1,0,parse-error,0,reject:parse-error,REJ-expected
vxlan_gpe,rust-graph-enum,False,1,0,ipv4-only,0,reject:ipv4-only,REJ-expected
vxlan_gpe,rust-mono,True,1,1,,0,accept,OK
vxlan_gpe,rust-mono-x4,True,1,1,,0,accept,OK
vxlan_gpe,rust-compiled,True,1,1,,0,accept,OK
vxlan_gpe,rust-simd,True,1,1,,0,accept,OK
vxlan_gpe,rust-template,True,1,1,,0,accept,OK
vxlan_gpe,rust-template-simd,True,1,1,,0,accept,OK
whois,c-flowdis-usp,True,1,1,,0,accept,OK
whois,c-xdp2-usp,True,1,1,,0,accept,OK
whois,c-xdp2-parse-only,True,1,1,,0,accept,OK
whois,c-xdp2-mono,True,1,1,,0,accept,OK
whois,c-bpf-xdp2,False,1,0,verifier,0,reject:verifier,REJ-expected
whois,rust-graph,True,1,1,,0,accept,OK
whois,rust-graph-enum,True,1,1,,0,accept,OK
whois,rust-mono,True,1,1,,0,accept,OK
whois,rust-mono-x4,True,1,1,,0,accept,OK
whois,rust-compiled,True,1,1,,0,accept,OK
whois,rust-simd,True,1,1,,0,accept,OK
whois,rust-template,True,1,1,,0,accept,OK
whois,rust-template-simd,True,1,1,,0,accept,OK
wireguard,c-flowdis-usp,True,1,1,,0,accept,OK
wireguard,c-xdp2-usp,True,1,1,,0,accept,OK
wireguard,c-xdp2-parse-only,True,1,1,,0,accept,OK
wireguard,c-xdp2-mono,True,1,1,,0,accept,OK
wireguard,c-bpf-xdp2,False,1,0,verifier,0,reject:verifier,REJ-expected
wireguard,rust-graph,True,1,1,,0,accept,OK
wireguard,rust-graph-enum,True,1,1,,0,accept,OK
wireguard,rust-mono,True,1,1,,0,accept,OK
wireguard,rust-mono-x4,True,1,1,,0,accept,OK
wireguard,rust-compiled,True,1,1,,0,accept,OK
wireguard,rust-simd,True,1,1,,0,accept,OK
wireguard,rust-template,True,1,1,,0,accept,OK
wireguard,rust-template-simd,True,1,1,,0,accept,OK
wol,c-flowdis-usp,False,1,0,parse-error,0,reject:parse-error,REJ-expected
wol,c-xdp2-usp,True,1,1,,0,accept,OK
wol,c-xdp2-parse-only,True,1,1,,0,accept,OK
wol,c-xdp2-mono,True,1,1,,0,accept,OK
wol,c-bpf-xdp2,False,1,0,verifier,0,reject:verifier,REJ-expected
wol,rust-graph,True,1,1,,0,accept,OK
wol,rust-graph-enum,False,1,0,ipv4-only,0,reject:ipv4-only,REJ-expected
wol,rust-mono,True,1,1,,0,accept,OK
wol,rust-mono-x4,True,1,1,,0,accept,OK
wol,rust-compiled,True,1,1,,0,accept,OK
wol,rust-simd,True,1,1,,0,accept,OK
wol,rust-template,False,1,0,no-template,0,reject:no-template,REJ-expected
wol,rust-template-simd,False,1,0,no-template,0,reject:no-template,REJ-expected
wpa_eapol_key,c-flowdis-usp,False,1,0,parse-error,0,reject:parse-error,REJ-expected
wpa_eapol_key,c-xdp2-usp,True,1,1,,0,accept,OK
wpa_eapol_key,c-xdp2-parse-only,True,1,1,,0,accept,OK
wpa_eapol_key,c-xdp2-mono,True,1,1,,0,accept,OK
wpa_eapol_key,c-bpf-xdp2,False,1,0,verifier,0,reject:verifier,REJ-expected
wpa_eapol_key,rust-graph,True,1,1,,0,accept,OK
wpa_eapol_key,rust-graph-enum,False,1,0,ipv4-only,0,reject:ipv4-only,REJ-expected
wpa_eapol_key,rust-mono,True,1,1,,0,accept,OK
wpa_eapol_key,rust-mono-x4,True,1,1,,0,accept,OK
wpa_eapol_key,rust-compiled,True,1,1,,0,accept,OK
wpa_eapol_key,rust-simd,True,1,1,,0,accept,OK
wpa_eapol_key,rust-template,False,1,0,no-template,0,reject:no-template,REJ-expected
wpa_eapol_key,rust-template-simd,False,1,0,no-template,0,reject:no-template,REJ-expected
xmpp,c-flowdis-usp,True,1,1,,0,accept,OK
xmpp,c-xdp2-usp,True,1,1,,0,accept,OK
xmpp,c-xdp2-parse-only,True,1,1,,0,accept,OK
xmpp,c-xdp2-mono,True,1,1,,0,accept,OK
xmpp,c-bpf-xdp2,False,1,0,verifier,0,reject:verifier,REJ-expected
xmpp,rust-graph,True,1,1,,0,accept,OK
xmpp,rust-graph-enum,True,1,1,,0,accept,OK
xmpp,rust-mono,True,1,1,,0,accept,OK
xmpp,rust-mono-x4,True,1,1,,0,accept,OK
xmpp,rust-compiled,True,1,1,,0,accept,OK
xmpp,rust-simd,True,1,1,,0,accept,OK
xmpp,rust-template,True,1,1,,0,accept,OK
xmpp,rust-template-simd,True,1,1,,0,accept,OK
y1731,c-flowdis-usp,False,1,0,parse-error,0,reject:parse-error,REJ-expected
y1731,c-xdp2-usp,True,1,1,,0,accept,OK
y1731,c-xdp2-parse-only,True,1,1,,0,accept,OK
y1731,c-xdp2-mono,True,1,1,,0,accept,OK
y1731,c-bpf-xdp2,False,1,0,verifier,0,reject:verifier,REJ-expected
y1731,rust-graph,True,1,1,,0,accept,OK
y1731,rust-graph-enum,False,1,0,ipv4-only,0,reject:ipv4-only,REJ-expected
y1731,rust-mono,True,1,1,,0,accept,OK
y1731,rust-mono-x4,True,1,1,,0,accept,OK
y1731,rust-compiled,True,1,1,,0,accept,OK
y1731,rust-simd,True,1,1,,0,accept,OK
y1731,rust-template,False,1,0,no-template,0,reject:no-template,REJ-expected
y1731,rust-template-simd,False,1,0,no-template,0,reject:no-template,REJ-expected
zeromq,c-flowdis-usp,True,1,1,,0,accept,OK
zeromq,c-xdp2-usp,True,1,1,,0,accept,OK
zeromq,c-xdp2-parse-only,True,1,1,,0,accept,OK
zeromq,c-xdp2-mono,True,1,1,,0,accept,OK
zeromq,c-bpf-xdp2,False,1,0,verifier,0,reject:verifier,REJ-expected
zeromq,rust-graph,True,1,1,,0,accept,OK
zeromq,rust-graph-enum,True,1,1,,0,accept,OK
zeromq,rust-mono,True,1,1,,0,accept,OK
zeromq,rust-mono-x4,True,1,1,,0,accept,OK
zeromq,rust-compiled,True,1,1,,0,accept,OK
zeromq,rust-simd,True,1,1,,0,accept,OK
zeromq,rust-template,True,1,1,,0,accept,OK
zeromq,rust-template-simd,True,1,1,,0,accept,OK
