1781183341,51.0,2400000,0xe0000
1781183342,51.0,2400000,0xe0000
1781183343,52.7,2400000,0xe0000
1781183344,53.8,2400000,0xe0000
1781183345,53.2,2400000,0xe0000
1781183346,53.8,2400000,0xe0000
1781183347,54.3,2400000,0xe0000
1781183348,53.2,2400000,0xe0000
1781183349,54.3,2400000,0xe0000
1781183350,54.3,2400000,0xe0000
1781183351,54.9,2400000,0xe0000
1781183352,54.9,2400000,0xe0000
1781183353,54.9,2400000,0xe0000
1781183354,53.8,2400000,0xe0000
1781183355,54.9,2400000,0xe0000
1781183356,55.4,2400000,0xe0000
1781183357,53.8,2400000,0xe0000
1781183358,56.0,2400000,0xe0000
1781183359,55.4,2400000,0xe0000
1781183360,55.4,2400000,0xe0000
1781183361,55.4,2400000,0xe0000
1781183362,54.9,2400000,0xe0000
1781183363,55.4,2400000,0xe0000
1781183364,55.4,2400000,0xe0000
1781183365,56.0,2400000,0xe0000
1781183366,55.4,2400000,0xe0000
1781183367,56.0,2400000,0xe0000
1781183368,56.0,2400000,0xe0000
1781183369,55.4,2400000,0xe0000
1781183370,56.5,2400000,0xe0000
1781183371,56.5,2400000,0xe0000
1781183372,56.0,2400000,0xe0000
1781183373,56.0,2400000,0xe0000
1781183374,56.0,2400000,0xe0000
1781183375,57.1,2400000,0xe0000
1781183376,56.5,2400000,0xe0000
1781183377,56.5,2400000,0xe0000
1781183378,56.5,2400000,0xe0000
1781183379,56.5,2400000,0xe0000
1781183380,56.5,2400000,0xe0000
1781183381,56.5,2400000,0xe0000
1781183382,56.5,2400000,0xe0000
1781183384,56.5,2400000,0xe0000
1781183385,57.1,2400000,0xe0000
1781183386,57.1,2400000,0xe0000
1781183387,56.5,2400000,0xe0000
1781183388,56.5,2400000,0xe0000
1781183389,57.1,2400000,0xe0000
1781183390,57.1,2400000,0xe0000
1781183391,57.1,2400000,0xe0000
1781183392,57.1,2400000,0xe0000
1781183393,57.1,2400000,0xe0000
1781183394,57.1,2400000,0xe0000
1781183395,56.0,2400000,0xe0000
1781183396,56.5,2400000,0xe0000
1781183397,57.1,2400000,0xe0000
1781183398,56.5,2400000,0xe0000
1781183399,56.5,2400000,0xe0000
1781183400,57.6,2400000,0xe0000
1781183401,56.5,2400000,0xe0000
1781183402,57.6,2400000,0xe0000
1781183403,57.1,2400000,0xe0000
1781183404,57.1,2400000,0xe0000
1781183405,57.6,2400000,0xe0000
1781183406,57.6,2400000,0xe0000
1781183407,57.1,2400000,0xe0000
1781183408,56.5,2400000,0xe0000
1781183409,57.1,2400000,0xe0000
1781183410,57.1,2400000,0xe0000
1781183411,57.1,2400000,0xe0000
1781183413,56.0,2400000,0xe0000
1781183414,57.1,2400000,0xe0000
1781183415,56.5,2400000,0xe0000
1781183416,56.5,2400000,0xe0000
1781183417,57.1,2400000,0xe0000
1781183418,57.6,2400000,0xe0000
1781183419,58.2,2400000,0xe0000
1781183420,57.6,2400000,0xe0000
1781183421,58.2,2400000,0xe0000
1781183422,56.5,2400000,0xe0000
1781183423,57.6,2400000,0xe0000
1781183424,57.6,2400000,0xe0000
1781183425,57.6,2400000,0xe0000
1781183426,57.6,2400000,0xe0000
1781183427,57.6,2400000,0xe0000
1781183428,58.2,2400000,0xe0000
1781183429,57.6,2400000,0xe0000
1781183430,57.1,2400000,0xe0000
1781183431,57.6,2400000,0xe0000
1781183432,57.6,2400000,0xe0000
1781183433,57.1,2400000,0xe0000
1781183434,57.6,2400000,0xe0000
1781183435,57.6,2400000,0xe0000
1781183436,57.1,2400000,0xe0000
1781183437,57.1,2400000,0xe0000
1781183438,57.6,2400000,0xe0000
1781183439,58.7,2400000,0xe0000
1781183440,58.2,2400000,0xe0000
1781183441,58.2,2400000,0xe0000
1781183442,58.2,2400000,0xe0000
1781183443,57.6,2400000,0xe0000
1781183444,58.2,2400000,0xe0000
1781183445,57.6,2400000,0xe0000
1781183446,56.5,2400000,0xe0000
1781183447,58.2,2400000,0xe0000
1781183448,58.2,2400000,0xe0000
1781183449,58.7,2400000,0xe0000
1781183450,58.2,2400000,0xe0000
1781183451,57.6,2400000,0xe0000
1781183452,58.7,2400000,0xe0000
1781183453,58.2,2400000,0xe0000
1781183454,58.7,2400000,0xe0000
1781183456,58.7,2400000,0xe0000
1781183457,58.7,2400000,0xe0000
1781183458,58.2,2400000,0xe0000
1781183459,58.7,2400000,0xe0000
1781183460,58.7,2400000,0xe0000
1781183461,58.7,2400000,0xe0000
1781183462,59.3,2400000,0xe0000
1781183463,59.3,2400000,0xe0000
1781183464,58.7,2400000,0xe0000
1781183465,59.3,2400000,0xe0000
1781183466,59.3,2400000,0xe0000
1781183467,59.3,2400000,0xe0000
1781183468,59.3,2400000,0xe0000
1781183469,58.7,2400000,0xe0000
1781183470,59.3,2400000,0xe0000
1781183471,58.7,2400000,0xe0000
1781183472,58.7,2400000,0xe0000
1781183473,59.3,2400000,0xe0000
1781183474,58.7,2400000,0xe0000
1781183475,58.7,2400000,0xe0000
1781183476,57.6,2400000,0xe0000
1781183477,59.3,2400000,0xe0000
1781183478,59.3,2400000,0xe0000
1781183479,59.8,2400000,0xe0000
1781183480,59.8,2400000,0xe0000
1781183481,59.3,2400000,0xe0000
1781183482,59.3,2400000,0xe0000
1781183483,59.3,2400000,0xe0000
1781183484,60.4,2400000,0xe0000
1781183485,59.3,2400000,0xe0000
1781183486,60.4,2400000,0xe0000
1781183487,59.3,2400000,0xe0000
1781183488,58.7,2400000,0xe0000
1781183489,59.8,2400000,0xe0000
1781183490,59.3,2400000,0xe0000
1781183491,59.3,2400000,0xe0000
1781183492,58.7,2400000,0xe0000
1781183493,60.4,2400000,0xe0000
1781183494,59.8,2400000,0xe0000
1781183495,59.3,2400000,0xe0000
1781183496,59.8,2400000,0xe0000
1781183497,59.3,2400000,0xe0000
1781183498,59.8,2400000,0xe0000
1781183500,59.3,2400000,0xe0000
1781183501,59.8,2400000,0xe0000
1781183502,59.8,2400000,0xe0000
1781183503,59.8,2400000,0xe0000
1781183504,59.3,2400000,0xe0000
1781183505,59.8,2400000,0xe0000
1781183506,59.3,2400000,0xe0000
1781183507,59.3,2400000,0xe0000
1781183508,59.8,2400000,0xe0000
1781183509,59.8,2400000,0xe0000
1781183510,59.8,2400000,0xe0000
1781183511,59.8,2400000,0xe0000
1781183512,59.8,2400000,0xe0000
1781183513,59.3,2400000,0xe0000
1781183514,59.3,2400000,0xe0000
1781183515,59.8,2400000,0xe0000
1781183516,59.3,2400000,0xe0000
1781183517,59.3,2400000,0xe0000
1781183518,59.8,2400000,0xe0000
1781183519,59.3,2400000,0xe0000
1781183520,59.3,2400000,0xe0000
1781183521,59.8,2400000,0xe0000
1781183522,59.8,2400000,0xe0000
1781183523,59.8,2400000,0xe0000
1781183524,60.4,2400000,0xe0000
1781183525,58.7,2400000,0xe0000
1781183526,59.8,2400000,0xe0000
1781183527,60.4,2400000,0xe0000
1781183528,59.8,2400000,0xe0000
1781183529,60.4,2400000,0xe0000
1781183531,60.4,2400000,0xe0000
1781183532,59.8,2400000,0xe0000
1781183533,60.4,2400000,0xe0000
1781183534,58.7,2400000,0xe0000
1781183535,59.3,2400000,0xe0000
1781183536,59.3,2400000,0xe0000
1781183537,59.3,2400000,0xe0000
1781183538,59.8,2400000,0xe0000
1781183539,58.7,2400000,0xe0000
1781183540,59.3,2400000,0xe0000
1781183541,59.3,2400000,0xe0000
1781183542,58.7,2400000,0xe0000
1781183543,59.3,2400000,0xe0000
1781183544,58.7,2400000,0xe0000
1781183545,59.8,2400000,0xe0000
1781183546,59.8,2400000,0xe0000
1781183547,59.8,2400000,0xe0000
1781183548,59.8,2400000,0xe0000
1781183549,58.7,2400000,0xe0000
1781183550,59.8,2400000,0xe0000
1781183551,59.8,2400000,0xe0000
1781183552,59.3,2400000,0xe0000
1781183553,59.3,2400000,0xe0000
1781183554,59.3,2400000,0xe0000
1781183555,59.3,2400000,0xe0000
1781183556,59.8,2400000,0xe0000
1781183557,59.3,2400000,0xe0000
1781183558,59.8,2400000,0xe0000
1781183559,59.8,2400000,0xe0000
1781183560,60.4,2400000,0xe0000
1781183561,59.8,2400000,0xe0000
1781183562,59.8,2400000,0xe0000
1781183563,60.4,2400000,0xe0000
1781183564,59.8,2400000,0xe0000
1781183565,59.8,2400000,0xe0000
1781183566,59.8,2400000,0xe0000
1781183567,59.8,2400000,0xe0000
1781183568,59.3,2400000,0xe0000
1781183569,59.8,2400000,0xe0000
1781183570,60.9,2400000,0xe0000
1781183571,59.8,2400000,0xe0000
1781183572,60.4,2400000,0xe0000
1781183573,59.3,2400000,0xe0000
1781183574,59.8,2400000,0xe0000
1781183575,59.8,2400000,0xe0000
1781183577,59.3,2400000,0xe0000
1781183578,60.4,2400000,0xe0000
1781183579,59.8,2400000,0xe0000
1781183580,60.4,2400000,0xe0000
1781183581,60.4,2400000,0xe0000
1781183582,60.4,2400000,0xe0000
1781183583,60.4,2400000,0xe0000
1781183584,60.4,2400000,0xe0000
1781183585,60.4,2400000,0xe0000
1781183586,60.4,2400000,0xe0000
1781183587,59.3,2400000,0xe0000
1781183588,59.3,2400000,0xe0000
1781183589,59.8,2400000,0xe0000
1781183590,60.4,2400000,0xe0000
1781183591,60.9,2400000,0xe0000
1781183592,60.9,2400000,0xe0000
1781183593,60.9,2400000,0xe0000
1781183594,60.9,2400000,0xe0000
1781183595,60.4,2400000,0xe0000
1781183596,60.9,2400000,0xe0000
1781183597,61.5,2400000,0xe0000
1781183599,60.9,2400000,0xe0000
1781183600,60.9,2400000,0xe0000
1781183601,60.9,2400000,0xe0000
1781183602,60.9,2400000,0xe0000
1781183603,60.9,2400000,0xe0000
1781183604,61.5,2400000,0xe0000
1781183605,60.9,2400000,0xe0000
1781183606,61.5,2400000,0xe0000
1781183607,59.8,2400000,0xe0000
1781183608,60.4,2400000,0xe0000
1781183609,60.4,2400000,0xe0000
1781183610,59.8,2400000,0xe0000
1781183611,60.9,2400000,0xe0000
1781183612,60.9,2400000,0xe0000
1781183613,61.5,2400000,0xe0000
1781183614,61.5,2400000,0xe0000
1781183615,61.5,2400000,0xe0000
1781183616,60.4,2400000,0xe0000
1781183617,61.5,2400000,0xe0000
1781183618,61.5,2400000,0xe0000
1781183619,60.9,2400000,0xe0000
1781183620,60.9,2400000,0xe0000
1781183621,61.5,2400000,0xe0000
1781183622,61.5,2400000,0xe0000
1781183623,61.5,2400000,0xe0000
1781183624,61.5,2400000,0xe0000
1781183625,61.5,2400000,0xe0000
1781183627,61.5,2400000,0xe0000
1781183628,61.5,2400000,0xe0000
1781183629,61.5,2400000,0xe0000
1781183630,60.9,2400000,0xe0000
1781183631,61.5,2400000,0xe0000
1781183632,61.5,2400000,0xe0000
1781183633,61.5,2400000,0xe0000
1781183634,62.0,2400000,0xe0000
1781183635,60.9,2400000,0xe0000
1781183636,60.9,2400000,0xe0000
1781183637,61.5,2400000,0xe0000
1781183638,61.5,2400000,0xe0000
1781183639,62.6,2400000,0xe0000
1781183640,62.6,2400000,0xe0000
1781183641,62.0,2400000,0xe0000
1781183642,61.5,2400000,0xe0000
1781183643,61.5,2400000,0xe0000
1781183644,61.5,2400000,0xe0000
1781183645,60.9,2400000,0xe0000
1781183646,60.9,2400000,0xe0000
1781183647,61.5,2400000,0xe0000
1781183648,60.9,2400000,0xe0000
1781183649,60.9,2400000,0xe0000
1781183650,61.5,2400000,0xe0000
1781183651,62.6,2400000,0xe0000
1781183652,60.9,2400000,0xe0000
1781183653,62.6,2400000,0xe0000
1781183654,62.0,2400000,0xe0000
1781183655,62.0,2400000,0xe0000
1781183656,62.0,2400000,0xe0000
1781183657,62.0,2400000,0xe0000
1781183658,62.0,2400000,0xe0000
1781183659,60.9,2400000,0xe0000
1781183660,62.0,2400000,0xe0000
1781183661,61.5,2400000,0xe0000
1781183662,61.5,2400000,0xe0000
1781183663,62.0,2400000,0xe0000
1781183664,61.5,2400000,0xe0000
1781183666,61.5,2400000,0xe0000
1781183667,62.0,2400000,0xe0000
1781183668,61.5,2400000,0xe0000
1781183669,62.0,2400000,0xe0000
1781183670,60.9,2400000,0xe0000
1781183671,62.0,2400000,0xe0000
1781183672,61.5,2400000,0xe0000
1781183673,61.5,2400000,0xe0000
1781183674,62.6,2400000,0xe0000
1781183675,62.6,2400000,0xe0000
1781183676,63.1,2400000,0xe0000
1781183677,62.0,2400000,0xe0000
1781183678,62.0,2400000,0xe0000
1781183679,62.6,2400000,0xe0000
1781183680,62.6,2400000,0xe0000
1781183681,62.6,2400000,0xe0000
1781183682,62.0,2400000,0xe0000
1781183683,61.5,2400000,0xe0000
1781183684,61.5,2400000,0xe0000
1781183685,62.6,2400000,0xe0000
1781183686,62.0,2400000,0xe0000
1781183687,62.0,2400000,0xe0000
1781183688,60.9,2400000,0xe0000
1781183689,61.5,2400000,0xe0000
1781183690,62.0,2400000,0xe0000
1781183692,61.5,2400000,0xe0000
1781183693,62.0,2400000,0xe0000
1781183694,62.0,2400000,0xe0000
1781183695,62.6,2400000,0xe0000
1781183696,62.0,2400000,0xe0000
1781183697,62.6,2400000,0xe0000
1781183698,62.0,2400000,0xe0000
1781183699,62.0,2400000,0xe0000
1781183700,62.0,2400000,0xe0000
1781183701,62.0,2400000,0xe0000
1781183702,61.5,2400000,0xe0000
1781183703,61.5,2400000,0xe0000
1781183704,61.5,2400000,0xe0000
1781183705,62.0,2400000,0xe0000
1781183706,62.6,2400000,0xe0000
1781183707,62.6,2400000,0xe0000
1781183708,62.0,2400000,0xe0000
1781183709,62.6,2400000,0xe0000
1781183710,62.0,2400000,0xe0000
1781183711,63.1,2400000,0xe0000
1781183712,62.6,2400000,0xe0000
1781183713,62.6,2400000,0xe0000
1781183714,62.0,2400000,0xe0000
1781183715,62.6,2400000,0xe0000
1781183716,62.0,2400000,0xe0000
1781183717,62.6,2400000,0xe0000
1781183718,62.0,2400000,0xe0000
1781183719,63.1,2400000,0xe0000
1781183720,62.0,2400000,0xe0000
1781183722,63.1,2400000,0xe0000
1781183723,63.7,2400000,0xe0000
1781183724,62.6,2400000,0xe0000
1781183725,63.1,2400000,0xe0000
1781183726,62.6,2400000,0xe0000
1781183727,63.1,2400000,0xe0000
1781183728,63.1,2400000,0xe0000
1781183729,62.0,2400000,0xe0000
1781183730,62.6,2400000,0xe0000
1781183731,63.1,2400000,0xe0000
1781183732,62.6,2400000,0xe0000
1781183733,62.0,2400000,0xe0000
1781183734,62.6,2400000,0xe0000
1781183735,63.1,2400000,0xe0000
1781183736,63.7,2400000,0xe0000
1781183737,63.1,2400000,0xe0000
1781183738,62.0,2400000,0xe0000
1781183739,62.6,2400000,0xe0000
1781183740,61.5,2400000,0xe0000
1781183741,62.6,2400000,0xe0000
1781183742,62.0,2400000,0xe0000
1781183743,62.6,2400000,0xe0000
1781183744,62.0,2400000,0xe0000
1781183745,62.0,2400000,0xe0000
1781183746,62.0,2400000,0xe0000
1781183747,61.5,2400000,0xe0000
1781183748,62.6,2400000,0xe0000
1781183749,63.7,2400000,0xe0000
1781183750,62.6,2400000,0xe0000
1781183751,63.1,2400000,0xe0000
1781183753,62.6,2400000,0xe0000
1781183754,62.6,2400000,0xe0000
1781183755,62.0,2400000,0xe0000
1781183756,62.6,2400000,0xe0000
1781183757,62.6,2400000,0xe0000
1781183758,63.1,2400000,0xe0000
1781183759,63.1,2400000,0xe0000
1781183760,62.0,2400000,0xe0000
1781183761,62.0,2400000,0xe0000
1781183762,62.0,2400000,0xe0000
1781183763,61.5,2400000,0xe0000
1781183764,63.1,2400000,0xe0000
1781183765,63.7,2400000,0xe0000
1781183766,63.7,2400000,0xe0000
1781183767,63.7,2400000,0xe0000
1781183768,63.1,2400000,0xe0000
1781183769,63.1,2400000,0xe0000
1781183770,63.1,2400000,0xe0000
1781183771,62.6,2400000,0xe0000
1781183772,63.7,2400000,0xe0000
1781183773,63.1,2400000,0xe0000
1781183774,62.6,2400000,0xe0000
1781183775,63.1,2400000,0xe0000
1781183776,62.6,2400000,0xe0000
1781183777,63.7,2400000,0xe0000
1781183778,63.1,2400000,0xe0000
1781183779,63.7,2400000,0xe0000
1781183780,63.7,2400000,0xe0000
1781183781,63.7,2400000,0xe0000
1781183782,62.6,2400000,0xe0000
1781183783,63.1,2400000,0xe0000
1781183784,63.1,2400000,0xe0000
1781183785,62.0,2400000,0xe0000
1781183786,62.0,2400000,0xe0000
1781183787,63.1,2400000,0xe0000
1781183788,63.7,2400000,0xe0000
1781183790,62.6,2400000,0xe0000
1781183791,62.6,2400000,0xe0000
1781183792,63.1,2400000,0xe0000
1781183793,62.0,2400000,0xe0000
1781183794,63.1,2400000,0xe0000
1781183795,63.7,2400000,0xe0000
1781183796,63.1,2400000,0xe0000
1781183797,62.6,2400000,0xe0000
1781183798,63.7,2400000,0xe0000
1781183799,63.7,2400000,0xe0000
1781183800,63.7,2400000,0xe0000
1781183801,63.1,2400000,0xe0000
1781183802,63.1,2400000,0xe0000
1781183803,63.7,2400000,0xe0000
1781183804,63.1,2400000,0xe0000
1781183805,63.1,2400000,0xe0000
1781183806,63.1,2400000,0xe0000
1781183807,63.7,2400000,0xe0000
1781183808,63.7,2400000,0xe0000
1781183809,62.0,2400000,0xe0000
1781183810,62.6,2400000,0xe0000
1781183811,63.1,2400000,0xe0000
1781183812,62.6,2400000,0xe0000
1781183813,63.7,2400000,0xe0000
1781183814,63.7,2400000,0xe0000
1781183815,62.6,2400000,0xe0000
1781183816,63.1,2400000,0xe0000
1781183817,63.1,2400000,0xe0000
1781183818,63.1,2400000,0xe0000
1781183819,62.6,2400000,0xe0000
1781183820,63.7,2400000,0xe0000
1781183821,63.7,2400000,0xe0000
1781183822,62.6,2400000,0xe0000
1781183823,63.7,2400000,0xe0000
1781183824,63.7,2400000,0xe0000
1781183825,63.7,2400000,0xe0000
1781183827,63.7,2400000,0xe0000
1781183828,63.1,2400000,0xe0000
1781183829,63.1,2400000,0xe0000
1781183830,63.7,2400000,0xe0000
1781183831,63.1,2400000,0xe0000
1781183832,63.7,2400000,0xe0000
1781183833,63.7,2400000,0xe0000
1781183834,63.7,2400000,0xe0000
1781183835,63.1,2400000,0xe0000
1781183836,63.1,2400000,0xe0000
1781183837,62.6,2400000,0xe0000
1781183838,64.2,2400000,0xe0000
1781183839,63.7,2400000,0xe0000
1781183840,64.2,2400000,0xe0000
1781183841,63.1,2400000,0xe0000
1781183842,64.2,2400000,0xe0000
1781183843,63.1,2400000,0xe0000
1781183844,62.6,2400000,0xe0000
1781183845,63.7,2400000,0xe0000
1781183846,63.1,2400000,0xe0000
1781183847,63.7,2400000,0xe0000
1781183848,63.1,2400000,0xe0000
1781183849,63.7,2400000,0xe0000
1781183850,63.1,2400000,0xe0000
1781183851,63.7,2400000,0xe0000
1781183852,64.2,2400000,0xe0000
1781183854,63.7,2400000,0xe0000
1781183855,63.7,2400000,0xe0000
1781183856,63.1,2400000,0xe0000
1781183857,62.6,2400000,0xe0000
1781183858,63.7,2400000,0xe0000
1781183859,63.7,2400000,0xe0000
1781183860,63.7,2400000,0xe0000
1781183861,63.1,2400000,0xe0000
1781183862,62.6,2400000,0xe0000
1781183863,63.7,2400000,0xe0000
1781183864,62.0,2400000,0xe0000
1781183865,63.1,2400000,0xe0000
1781183866,64.2,2400000,0xe0000
1781183867,63.7,2400000,0xe0000
1781183868,63.7,2400000,0xe0000
1781183869,63.7,2400000,0xe0000
1781183870,62.6,2400000,0xe0000
1781183871,63.1,2400000,0xe0000
1781183872,63.7,2400000,0xe0000
1781183873,64.2,2400000,0xe0000
1781183874,63.1,2400000,0xe0000
1781183875,63.1,2400000,0xe0000
1781183876,63.7,2400000,0xe0000
1781183877,63.7,2400000,0xe0000
1781183878,63.7,2400000,0xe0000
1781183879,63.1,2400000,0xe0000
1781183880,63.7,2400000,0xe0000
1781183881,63.7,2400000,0xe0000
1781183882,63.1,2400000,0xe0000
1781183883,64.2,2400000,0xe0000
1781183884,64.2,2400000,0xe0000
1781183885,64.8,2400000,0xe0000
1781183887,64.2,2400000,0xe0000
1781183888,63.1,2400000,0xe0000
1781183889,63.7,2400000,0xe0000
1781183890,63.7,2400000,0xe0000
1781183891,63.7,2400000,0xe0000
1781183892,63.7,2400000,0xe0000
1781183893,63.7,2400000,0xe0000
1781183894,63.7,2400000,0xe0000
1781183895,63.1,2400000,0xe0000
1781183896,64.2,2400000,0xe0000
1781183897,63.7,2400000,0xe0000
1781183898,63.7,2400000,0xe0000
1781183899,63.7,2400000,0xe0000
1781183900,63.7,2400000,0xe0000
1781183901,63.7,2400000,0xe0000
1781183902,63.7,2400000,0xe0000
1781183903,63.7,2400000,0xe0000
1781183904,63.7,2400000,0xe0000
1781183905,63.7,2400000,0xe0000
1781183906,63.7,2400000,0xe0000
1781183907,63.1,2400000,0xe0000
1781183908,63.7,2400000,0xe0000
1781183909,63.1,2400000,0xe0000
1781183910,63.7,2400000,0xe0000
1781183911,63.7,2400000,0xe0000
1781183912,63.7,2400000,0xe0000
1781183913,63.7,2400000,0xe0000
1781183915,63.1,2400000,0xe0000
1781183916,63.7,2400000,0xe0000
1781183917,63.7,2400000,0xe0000
1781183918,64.2,2400000,0xe0000
1781183919,64.2,2400000,0xe0000
1781183920,62.6,2400000,0xe0000
1781183921,63.7,2400000,0xe0000
1781183922,64.2,2400000,0xe0000
1781183923,64.2,2400000,0xe0000
1781183924,64.2,2400000,0xe0000
1781183925,63.7,2400000,0xe0000
1781183926,64.8,2400000,0xe0000
1781183927,63.7,2400000,0xe0000
1781183928,63.7,2400000,0xe0000
1781183929,64.2,2400000,0xe0000
1781183930,64.2,2400000,0xe0000
1781183931,64.2,2400000,0xe0000
1781183932,63.1,2400000,0xe0000
1781183933,63.7,2400000,0xe0000
1781183934,64.2,2400000,0xe0000
1781183935,63.7,2400000,0xe0000
1781183936,63.7,2400000,0xe0000
1781183937,64.2,2400000,0xe0000
1781183938,63.1,2400000,0xe0000
1781183939,63.7,2400000,0xe0000
1781183940,64.2,2400000,0xe0000
1781183942,63.7,2400000,0xe0000
1781183943,63.7,2400000,0xe0000
1781183944,63.1,2400000,0xe0000
1781183945,63.1,2400000,0xe0000
1781183946,62.6,2400000,0xe0000
1781183947,63.7,2400000,0xe0000
1781183948,64.2,2400000,0xe0000
1781183949,64.8,2400000,0xe0000
1781183950,64.2,2400000,0xe0000
1781183951,64.2,2400000,0xe0000
1781183952,64.2,2400000,0xe0000
1781183953,64.8,2400000,0xe0000
1781183954,64.2,2400000,0xe0000
1781183955,63.7,2400000,0xe0000
1781183956,63.7,2400000,0xe0000
1781183957,64.2,2400000,0xe0000
1781183958,63.7,2400000,0xe0000
1781183959,63.7,2400000,0xe0000
1781183960,63.1,2400000,0xe0000
1781183961,63.1,2400000,0xe0000
1781183962,63.1,2400000,0xe0000
1781183963,64.8,2400000,0xe0000
1781183964,63.7,2400000,0xe0000
1781183965,63.7,2400000,0xe0000
1781183966,64.2,2400000,0xe0000
1781183967,62.6,2400000,0xe0000
1781183969,63.7,2400000,0xe0000
1781183970,61.5,2400000,0xe0000
1781183971,63.7,2400000,0xe0000
1781183972,63.1,2400000,0xe0000
1781183973,63.7,2400000,0xe0000
1781183974,63.1,2400000,0xe0000
1781183975,64.2,2400000,0xe0000
1781183976,63.1,2400000,0xe0000
1781183977,63.7,2400000,0xe0000
1781183978,63.7,2400000,0xe0000
1781183979,63.7,2400000,0xe0000
1781183980,64.8,2400000,0xe0000
1781183981,64.2,2400000,0xe0000
1781183982,63.7,2400000,0xe0000
1781183983,63.7,2400000,0xe0000
1781183984,64.8,2400000,0xe0000
1781183985,64.2,2400000,0xe0000
1781183986,63.7,2400000,0xe0000
1781183987,63.7,2400000,0xe0000
1781183988,64.2,2400000,0xe0000
1781183989,63.7,2400000,0xe0000
1781183990,63.7,2400000,0xe0000
1781183991,63.7,2400000,0xe0000
1781183992,63.7,2400000,0xe0000
1781183993,63.7,2400000,0xe0000
1781183994,64.2,2400000,0xe0000
1781183995,64.2,2400000,0xe0000
1781183997,63.7,2400000,0xe0000
1781183998,64.2,2400000,0xe0000
1781183999,64.2,2400000,0xe0000
1781184000,64.2,2400000,0xe0000
1781184001,64.2,2400000,0xe0000
1781184002,64.2,2400000,0xe0000
1781184003,64.2,2400000,0xe0000
1781184004,64.2,2400000,0xe0000
1781184005,64.2,2400000,0xe0000
1781184006,64.2,2400000,0xe0000
1781184007,64.8,2400000,0xe0000
1781184008,63.7,2400000,0xe0000
1781184009,63.7,2400000,0xe0000
1781184010,63.7,2400000,0xe0000
1781184011,64.8,2400000,0xe0000
1781184012,64.2,2400000,0xe0000
1781184013,64.2,2400000,0xe0000
1781184014,63.7,2400000,0xe0000
1781184015,63.7,2400000,0xe0000
1781184016,63.7,2400000,0xe0000
1781184017,63.7,2400000,0xe0000
1781184018,63.7,2400000,0xe0000
1781184019,63.7,2400000,0xe0000
1781184020,64.2,2400000,0xe0000
1781184021,63.1,2400000,0xe0000
1781184022,63.7,2400000,0xe0000
1781184023,63.7,2400000,0xe0000
1781184024,63.7,2400000,0xe0000
1781184025,64.2,2400000,0xe0000
1781184026,63.7,2400000,0xe0000
1781184027,63.1,2400000,0xe0000
1781184028,63.1,2400000,0xe0000
1781184029,63.7,2400000,0xe0000
1781184030,63.1,2400000,0xe0000
1781184031,64.2,2400000,0xe0000
1781184032,63.7,2400000,0xe0000
1781184034,63.1,2400000,0xe0000
1781184035,64.2,2400000,0xe0000
1781184036,64.2,2400000,0xe0000
1781184037,64.2,2400000,0xe0000
1781184038,64.2,2400000,0xe0000
1781184039,63.7,2400000,0xe0000
1781184040,64.8,2400000,0xe0000
1781184041,63.7,2400000,0xe0000
1781184042,64.2,2400000,0xe0000
1781184043,63.7,2400000,0xe0000
1781184044,64.8,2400000,0xe0000
1781184045,64.2,2400000,0xe0000
1781184046,64.8,2400000,0xe0000
1781184047,64.2,2400000,0xe0000
1781184048,63.7,2400000,0xe0000
1781184049,64.2,2400000,0xe0000
1781184050,64.2,2400000,0xe0000
1781184051,64.8,2400000,0xe0000
1781184052,63.7,2400000,0xe0000
1781184053,62.6,2400000,0xe0000
1781184054,64.2,2400000,0xe0000
1781184055,64.2,2400000,0xe0000
1781184056,64.2,2400000,0xe0000
1781184057,64.2,2400000,0xe0000
1781184058,64.2,2400000,0xe0000
1781184059,64.2,2400000,0xe0000
1781184060,63.1,2400000,0xe0000
1781184061,64.8,2400000,0xe0000
1781184062,64.2,2400000,0xe0000
1781184063,64.2,2400000,0xe0000
1781184064,64.2,2400000,0xe0000
1781184065,64.8,2400000,0xe0000
1781184066,63.1,2400000,0xe0000
1781184067,64.8,2400000,0xe0000
1781184068,64.2,2400000,0xe0000
1781184069,63.7,2400000,0xe0000
1781184071,64.2,2400000,0xe0000
1781184072,64.2,2400000,0xe0000
1781184073,63.7,2400000,0xe0000
1781184074,64.8,2400000,0xe0000
1781184075,64.2,2400000,0xe0000
1781184076,63.7,2400000,0xe0000
1781184077,63.7,2400000,0xe0000
1781184078,64.8,2400000,0xe0000
1781184079,64.8,2400000,0xe0000
1781184080,64.2,2400000,0xe0000
1781184081,64.8,2400000,0xe0000
1781184082,64.2,2400000,0xe0000
1781184083,64.8,2400000,0xe0000
1781184084,63.1,2400000,0xe0000
1781184085,63.7,2400000,0xe0000
1781184086,64.8,2400000,0xe0000
1781184087,65.3,2400000,0xe0000
1781184088,64.8,2400000,0xe0000
1781184089,64.2,2400000,0xe0000
1781184090,64.8,2400000,0xe0000
1781184091,63.7,2400000,0xe0000
1781184092,64.8,2400000,0xe0000
1781184093,63.7,2400000,0xe0000
1781184094,65.3,2400000,0xe0000
1781184095,64.2,2400000,0xe0000
1781184096,64.2,2400000,0xe0000
1781184097,65.3,2400000,0xe0000
1781184098,64.8,2400000,0xe0000
1781184099,63.7,2400000,0xe0000
1781184100,64.2,2400000,0xe0000
1781184101,64.2,2400000,0xe0000
1781184103,64.2,2400000,0xe0000
1781184104,64.2,2400000,0xe0000
1781184105,62.6,2400000,0xe0000
1781184106,64.8,2400000,0xe0000
1781184107,64.8,2400000,0xe0000
1781184108,64.8,2400000,0xe0000
1781184109,63.7,2400000,0xe0000
1781184110,64.2,2400000,0xe0000
1781184111,64.2,2400000,0xe0000
1781184112,64.2,2400000,0xe0000
1781184113,64.8,2400000,0xe0000
1781184114,64.2,2400000,0xe0000
1781184115,64.2,2400000,0xe0000
1781184116,64.2,2400000,0xe0000
1781184117,63.7,2400000,0xe0000
1781184118,64.2,2400000,0xe0000
1781184119,64.2,2400000,0xe0000
1781184120,64.2,2400000,0xe0000
1781184121,64.2,2400000,0xe0000
1781184122,63.7,2400000,0xe0000
1781184123,63.7,2400000,0xe0000
1781184124,63.7,2400000,0xe0000
1781184125,64.2,2400000,0xe0000
1781184126,63.7,2400000,0xe0000
1781184127,63.7,2400000,0xe0000
1781184128,63.7,2400000,0xe0000
1781184129,64.2,2400000,0xe0000
1781184130,64.8,2400000,0xe0000
1781184132,63.7,2400000,0xe0000
1781184133,63.7,2400000,0xe0000
1781184134,64.8,2400000,0xe0000
1781184135,63.7,2400000,0xe0000
1781184136,64.2,2400000,0xe0000
1781184137,64.2,2400000,0xe0000
1781184138,63.7,2400000,0xe0000
1781184139,64.2,2400000,0xe0000
1781184140,62.6,2400000,0xe0000
1781184141,63.7,2400000,0xe0000
1781184142,64.2,2400000,0xe0000
1781184143,63.7,2400000,0xe0000
1781184144,64.8,2400000,0xe0000
1781184145,64.2,2400000,0xe0000
1781184146,64.8,2400000,0xe0000
1781184147,64.2,2400000,0xe0000
1781184148,64.2,2400000,0xe0000
1781184149,64.2,2400000,0xe0000
1781184150,64.8,2400000,0xe0000
1781184151,64.8,2400000,0xe0000
1781184152,64.2,2400000,0xe0000
1781184153,64.2,2400000,0xe0000
1781184154,64.8,2400000,0xe0000
1781184155,64.8,2400000,0xe0000
1781184156,64.8,2400000,0xe0000
1781184157,64.2,2400000,0xe0000
1781184158,64.2,2400000,0xe0000
1781184159,64.2,2400000,0xe0000
1781184160,64.8,2400000,0xe0000
1781184162,64.2,2400000,0xe0000
1781184163,63.1,2400000,0xe0000
1781184164,63.7,2400000,0xe0000
1781184165,63.7,2400000,0xe0000
1781184166,63.7,2400000,0xe0000
1781184167,64.2,2400000,0xe0000
1781184168,63.7,2400000,0xe0000
1781184169,64.8,2400000,0xe0000
1781184170,64.8,2400000,0xe0000
1781184171,64.8,2400000,0xe0000
1781184172,63.7,2400000,0xe0000
1781184173,64.8,2400000,0xe0000
1781184174,64.2,2400000,0xe0000
1781184175,64.2,2400000,0xe0000
1781184176,64.2,2400000,0xe0000
1781184177,64.2,2400000,0xe0000
1781184178,63.7,2400000,0xe0000
1781184179,64.2,2400000,0xe0000
1781184180,64.2,2400000,0xe0000
1781184181,64.8,2400000,0xe0000
1781184182,64.2,2400000,0xe0000
1781184183,63.7,2400000,0xe0000
1781184184,64.2,2400000,0xe0000
1781184185,65.3,2400000,0xe0000
1781184186,65.3,2400000,0xe0000
1781184187,64.8,2400000,0xe0000
1781184188,63.7,2400000,0xe0000
1781184189,64.2,2400000,0xe0000
1781184190,64.2,2400000,0xe0000
1781184191,63.7,2400000,0xe0000
1781184192,64.2,2400000,0xe0000
1781184194,64.2,2400000,0xe0000
1781184195,64.2,2400000,0xe0000
1781184196,63.1,2400000,0xe0000
1781184197,63.7,2400000,0xe0000
1781184198,63.7,2400000,0xe0000
1781184199,64.2,2400000,0xe0000
1781184200,63.1,2400000,0xe0000
1781184201,64.8,2400000,0xe0000
1781184202,63.7,2400000,0xe0000
1781184203,64.8,2400000,0xe0000
1781184204,63.7,2400000,0xe0000
1781184205,64.2,2400000,0xe0000
1781184206,64.2,2400000,0xe0000
1781184207,64.2,2400000,0xe0000
1781184208,64.2,2400000,0xe0000
1781184209,64.2,2400000,0xe0000
1781184210,64.2,2400000,0xe0000
1781184211,63.7,2400000,0xe0000
1781184212,64.8,2400000,0xe0000
1781184213,64.8,2400000,0xe0000
1781184214,64.2,2400000,0xe0000
1781184215,64.8,2400000,0xe0000
1781184216,64.2,2400000,0xe0000
1781184217,63.7,2400000,0xe0000
1781184218,64.2,2400000,0xe0000
1781184219,64.8,2400000,0xe0000
1781184220,64.8,2400000,0xe0000
1781184221,64.8,2400000,0xe0000
1781184222,64.2,2400000,0xe0000
1781184223,64.2,2400000,0xe0000
1781184224,64.8,2400000,0xe0000
1781184225,63.1,2400000,0xe0000
1781184226,64.2,2400000,0xe0000
1781184227,64.2,2400000,0xe0000
1781184228,64.2,2400000,0xe0000
1781184229,64.2,2400000,0xe0000
1781184230,63.7,2400000,0xe0000
1781184232,64.8,2400000,0xe0000
1781184233,64.8,2400000,0xe0000
1781184234,64.2,2400000,0xe0000
1781184235,64.2,2400000,0xe0000
1781184236,64.8,2400000,0xe0000
1781184237,63.7,2400000,0xe0000
1781184238,64.2,2400000,0xe0000
1781184239,64.2,2400000,0xe0000
1781184240,65.3,2400000,0xe0000
1781184241,64.8,2400000,0xe0000
1781184242,64.8,2400000,0xe0000
1781184243,64.2,2400000,0xe0000
1781184244,64.2,2400000,0xe0000
1781184245,64.2,2400000,0xe0000
1781184246,64.8,2400000,0xe0000
1781184247,64.2,2400000,0xe0000
1781184248,64.2,2400000,0xe0000
1781184249,62.6,2400000,0xe0000
1781184250,64.2,2400000,0xe0000
1781184251,64.2,2400000,0xe0000
1781184252,64.2,2400000,0xe0000
1781184253,64.2,2400000,0xe0000
1781184254,64.8,2400000,0xe0000
1781184255,64.2,2400000,0xe0000
1781184256,64.2,2400000,0xe0000
1781184257,64.2,2400000,0xe0000
1781184258,64.8,2400000,0xe0000
1781184259,63.7,2400000,0xe0000
1781184260,64.2,2400000,0xe0000
1781184261,64.2,2400000,0xe0000
1781184262,62.6,2400000,0xe0000
1781184263,64.2,2400000,0xe0000
1781184264,64.2,2400000,0xe0000
1781184265,64.8,2400000,0xe0000
1781184267,64.2,2400000,0xe0000
1781184268,64.2,2400000,0xe0000
1781184269,64.2,2400000,0xe0000
1781184270,63.7,2400000,0xe0000
1781184271,64.8,2400000,0xe0000
1781184272,63.7,2400000,0xe0000
1781184273,64.2,2400000,0xe0000
1781184274,63.7,2400000,0xe0000
1781184275,64.2,2400000,0xe0000
1781184276,63.7,2400000,0xe0000
1781184277,63.7,2400000,0xe0000
1781184278,63.7,2400000,0xe0000
1781184279,64.2,2400000,0xe0000
1781184280,64.2,2400000,0xe0000
1781184281,64.2,2400000,0xe0000
1781184282,63.7,2400000,0xe0000
1781184283,64.2,2400000,0xe0000
1781184284,63.7,2400000,0xe0000
1781184285,64.2,2400000,0xe0000
1781184286,64.8,2400000,0xe0000
1781184287,64.8,2400000,0xe0000
1781184288,63.7,2400000,0xe0000
1781184289,64.8,2400000,0xe0000
1781184290,64.8,2400000,0xe0000
1781184291,64.8,2400000,0xe0000
1781184292,64.2,2400000,0xe0000
1781184293,64.2,2400000,0xe0000
1781184294,64.8,2400000,0xe0000
1781184295,64.2,2400000,0xe0000
1781184296,64.2,2400000,0xe0000
1781184297,63.7,2400000,0xe0000
1781184298,64.2,2400000,0xe0000
1781184299,64.2,2400000,0xe0000
1781184300,65.3,2400000,0xe0000
1781184301,63.7,2400000,0xe0000
1781184303,63.7,2400000,0xe0000
1781184304,64.2,2400000,0xe0000
1781184305,63.7,2400000,0xe0000
1781184306,63.7,2400000,0xe0000
1781184307,63.7,2400000,0xe0000
1781184308,63.7,2400000,0xe0000
1781184309,64.2,2400000,0xe0000
1781184310,64.8,2400000,0xe0000
1781184311,64.8,2400000,0xe0000
1781184312,64.2,2400000,0xe0000
1781184313,64.8,2400000,0xe0000
1781184314,64.8,2400000,0xe0000
1781184315,64.2,2400000,0xe0000
1781184316,64.2,2400000,0xe0000
1781184317,65.3,2400000,0xe0000
1781184318,64.2,2400000,0xe0000
1781184319,63.7,2400000,0xe0000
1781184320,64.2,2400000,0xe0000
1781184321,64.8,2400000,0xe0000
1781184322,64.2,2400000,0xe0000
1781184323,63.7,2400000,0xe0000
1781184324,64.2,2400000,0xe0000
1781184325,64.8,2400000,0xe0000
1781184326,63.7,2400000,0xe0000
1781184327,63.1,2400000,0xe0000
1781184328,63.1,2400000,0xe0000
1781184329,64.2,2400000,0xe0000
1781184330,64.8,2400000,0xe0000
1781184331,64.2,2400000,0xe0000
1781184332,64.2,2400000,0xe0000
1781184333,64.2,2400000,0xe0000
1781184334,64.2,2400000,0xe0000
1781184336,64.2,2400000,0xe0000
1781184337,64.2,2400000,0xe0000
1781184338,64.8,2400000,0xe0000
1781184339,63.7,2400000,0xe0000
1781184340,64.8,2400000,0xe0000
1781184341,64.8,2400000,0xe0000
1781184342,64.8,2400000,0xe0000
1781184343,63.1,2400000,0xe0000
1781184344,63.7,2400000,0xe0000
1781184345,63.7,2400000,0xe0000
1781184346,64.2,2400000,0xe0000
1781184347,64.8,2400000,0xe0000
1781184348,64.2,2400000,0xe0000
1781184349,64.8,2400000,0xe0000
1781184350,64.8,2400000,0xe0000
1781184351,64.8,2400000,0xe0000
1781184352,64.8,2400000,0xe0000
1781184353,63.7,2400000,0xe0000
1781184354,64.2,2400000,0xe0000
1781184355,64.2,2400000,0xe0000
1781184356,64.8,2400000,0xe0000
1781184357,63.7,2400000,0xe0000
1781184358,64.2,2400000,0xe0000
1781184359,64.2,2400000,0xe0000
1781184360,64.2,2400000,0xe0000
1781184361,64.8,2400000,0xe0000
1781184363,64.8,2400000,0xe0000
1781184364,64.8,2400000,0xe0000
1781184365,64.2,2400000,0xe0000
1781184366,64.2,2400000,0xe0000
1781184367,64.8,2400000,0xe0000
1781184368,64.8,2400000,0xe0000
1781184369,64.8,2400000,0xe0000
1781184370,63.7,2400000,0xe0000
1781184371,63.7,2400000,0xe0000
1781184372,64.8,2400000,0xe0000
1781184373,64.2,2400000,0xe0000
1781184374,64.2,2400000,0xe0000
1781184375,63.7,2400000,0xe0000
1781184376,64.8,2400000,0xe0000
1781184377,64.8,2400000,0xe0000
1781184378,64.2,2400000,0xe0000
1781184379,63.1,2400000,0xe0000
1781184380,63.7,2400000,0xe0000
1781184381,64.2,2400000,0xe0000
1781184382,64.2,2400000,0xe0000
1781184383,64.2,2400000,0xe0000
1781184384,64.8,2400000,0xe0000
1781184385,64.8,2400000,0xe0000
1781184386,64.8,2400000,0xe0000
1781184387,64.2,2400000,0xe0000
1781184388,64.8,2400000,0xe0000
1781184389,64.8,2400000,0xe0000
1781184390,64.8,2400000,0xe0000
1781184391,64.2,2400000,0xe0000
1781184392,64.2,2400000,0xe0000
1781184393,64.2,2400000,0xe0000
1781184394,64.8,2400000,0xe0000
1781184395,63.7,2400000,0xe0000
1781184397,64.8,2400000,0xe0000
1781184398,64.2,2400000,0xe0000
1781184399,64.2,2400000,0xe0000
1781184400,64.2,2400000,0xe0000
1781184401,64.8,2400000,0xe0000
1781184402,64.2,2400000,0xe0000
1781184403,63.7,2400000,0xe0000
1781184404,64.2,2400000,0xe0000
1781184405,64.2,2400000,0xe0000
1781184406,64.2,2400000,0xe0000
1781184407,64.2,2400000,0xe0000
1781184408,64.2,2400000,0xe0000
1781184409,63.1,2400000,0xe0000
1781184410,64.2,2400000,0xe0000
1781184411,63.7,2400000,0xe0000
1781184412,64.8,2400000,0xe0000
1781184413,64.8,2400000,0xe0000
1781184414,63.7,2400000,0xe0000
1781184415,64.8,2400000,0xe0000
1781184416,64.8,2400000,0xe0000
1781184417,64.2,2400000,0xe0000
1781184418,64.8,2400000,0xe0000
1781184419,64.8,2400000,0xe0000
1781184420,64.8,2400000,0xe0000
1781184421,64.8,2400000,0xe0000
1781184422,64.8,2400000,0xe0000
1781184423,64.8,2400000,0xe0000
1781184424,65.3,2400000,0xe0000
1781184425,65.3,2400000,0xe0000
1781184427,64.2,2400000,0xe0000
1781184428,63.7,2400000,0xe0000
1781184429,64.8,2400000,0xe0000
1781184430,64.8,2400000,0xe0000
1781184431,64.2,2400000,0xe0000
1781184432,64.8,2400000,0xe0000
1781184433,64.2,2400000,0xe0000
1781184434,64.2,2400000,0xe0000
1781184435,64.8,2400000,0xe0000
1781184436,64.2,2400000,0xe0000
1781184437,64.2,2400000,0xe0000
1781184438,64.2,2400000,0xe0000
1781184439,64.8,2400000,0xe0000
1781184440,63.1,2400000,0xe0000
1781184441,64.2,2400000,0xe0000
1781184442,64.2,2400000,0xe0000
1781184443,64.8,2400000,0xe0000
1781184444,64.2,2400000,0xe0000
1781184445,64.2,2400000,0xe0000
1781184446,64.2,2400000,0xe0000
1781184447,64.8,2400000,0xe0000
1781184448,64.8,2400000,0xe0000
1781184449,64.8,2400000,0xe0000
1781184451,64.2,2400000,0xe0000
1781184452,64.2,2400000,0xe0000
1781184453,63.7,2400000,0xe0000
1781184454,64.2,2400000,0xe0000
1781184455,64.2,2400000,0xe0000
1781184456,64.2,2400000,0xe0000
1781184457,64.8,2400000,0xe0000
1781184458,64.8,2400000,0xe0000
1781184459,63.7,2400000,0xe0000
1781184460,64.2,2400000,0xe0000
1781184461,64.8,2400000,0xe0000
1781184462,64.2,2400000,0xe0000
1781184463,64.2,2400000,0xe0000
1781184464,64.2,2400000,0xe0000
1781184465,63.7,2400000,0xe0000
1781184466,63.7,2400000,0xe0000
1781184467,64.2,2400000,0xe0000
1781184468,64.8,2400000,0xe0000
1781184469,64.8,2400000,0xe0000
1781184470,64.8,2400000,0xe0000
1781184471,65.3,2400000,0xe0000
1781184472,62.6,2400000,0xe0000
1781184473,64.2,2400000,0xe0000
1781184474,63.7,2400000,0xe0000
1781184475,64.2,2400000,0xe0000
1781184476,64.2,2400000,0xe0000
1781184477,64.8,2400000,0xe0000
1781184478,64.2,2400000,0xe0000
1781184479,64.2,2400000,0xe0000
1781184481,64.8,2400000,0xe0000
1781184482,64.2,2400000,0xe0000
1781184483,63.7,2400000,0xe0000
1781184484,63.7,2400000,0xe0000
1781184485,64.8,2400000,0xe0000
1781184486,64.2,2400000,0xe0000
1781184487,64.2,2400000,0xe0000
1781184488,64.2,2400000,0xe0000
1781184489,64.8,2400000,0xe0000
1781184490,63.7,2400000,0xe0000
1781184491,63.7,2400000,0xe0000
1781184492,63.7,2400000,0xe0000
1781184493,64.2,2400000,0xe0000
1781184494,64.8,2400000,0xe0000
1781184495,63.7,2400000,0xe0000
1781184496,64.8,2400000,0xe0000
1781184497,63.1,2400000,0xe0000
1781184498,64.8,2400000,0xe0000
1781184500,64.2,2400000,0xe0000
1781184501,65.3,2400000,0xe0000
1781184502,64.2,2400000,0xe0000
1781184503,64.2,2400000,0xe0000
1781184504,65.3,2400000,0xe0000
1781184505,63.7,2400000,0xe0000
1781184506,63.7,2400000,0xe0000
1781184507,63.7,2400000,0xe0000
1781184508,63.7,2400000,0xe0000
1781184509,64.2,2400000,0xe0000
1781184510,63.7,2400000,0xe0000
1781184511,64.2,2400000,0xe0000
1781184512,64.2,2400000,0xe0000
1781184513,64.2,2400000,0xe0000
1781184514,63.1,2400000,0xe0000
1781184515,64.2,2400000,0xe0000
1781184516,64.2,2400000,0xe0000
1781184517,64.2,2400000,0xe0000
1781184518,65.3,2400000,0xe0000
1781184519,64.2,2400000,0xe0000
1781184520,64.2,2400000,0xe0000
1781184521,64.8,2400000,0xe0000
1781184522,64.2,2400000,0xe0000
1781184523,64.8,2400000,0xe0000
1781184524,64.2,2400000,0xe0000
1781184525,64.8,2400000,0xe0000
1781184526,64.2,2400000,0xe0000
1781184527,64.8,2400000,0xe0000
1781184528,64.2,2400000,0xe0000
1781184529,64.8,2400000,0xe0000
1781184530,64.8,2400000,0xe0000
1781184531,64.2,2400000,0xe0000
1781184532,64.2,2400000,0xe0000
1781184533,64.2,2400000,0xe0000
1781184534,64.8,2400000,0xe0000
1781184535,64.8,2400000,0xe0000
1781184536,64.2,2400000,0xe0000
1781184537,64.8,2400000,0xe0000
1781184538,64.8,2400000,0xe0000
1781184539,64.8,2400000,0xe0000
1781184540,64.8,2400000,0xe0000
1781184542,64.2,2400000,0xe0000
1781184543,64.2,2400000,0xe0000
1781184544,65.3,2400000,0xe0000
1781184545,64.2,2400000,0xe0000
1781184546,64.8,2400000,0xe0000
1781184547,64.2,2400000,0xe0000
1781184548,64.2,2400000,0xe0000
1781184549,64.8,2400000,0xe0000
1781184550,63.7,2400000,0xe0000
1781184551,63.7,2400000,0xe0000
1781184552,64.8,2400000,0xe0000
1781184553,64.2,2400000,0xe0000
1781184554,64.8,2400000,0xe0000
1781184555,64.2,2400000,0xe0000
1781184556,64.8,2400000,0xe0000
1781184557,63.1,2400000,0xe0000
1781184558,63.1,2400000,0xe0000
1781184559,64.8,2400000,0xe0000
1781184560,64.8,2400000,0xe0000
1781184561,64.2,2400000,0xe0000
1781184562,63.1,2400000,0xe0000
1781184564,64.2,2400000,0xe0000
1781184565,64.8,2400000,0xe0000
1781184566,64.2,2400000,0xe0000
1781184567,64.8,2400000,0xe0000
1781184568,63.7,2400000,0xe0000
1781184569,64.2,2400000,0xe0000
1781184570,64.8,2400000,0xe0000
1781184571,64.2,2400000,0xe0000
1781184572,65.3,2400000,0xe0000
1781184573,64.2,2400000,0xe0000
1781184574,64.8,2400000,0xe0000
1781184575,64.8,2400000,0xe0000
1781184576,64.8,2400000,0xe0000
1781184577,63.7,2400000,0xe0000
1781184578,64.8,2400000,0xe0000
1781184579,64.8,2400000,0xe0000
1781184580,64.8,2400000,0xe0000
1781184581,64.8,2400000,0xe0000
1781184582,64.8,2400000,0xe0000
1781184583,63.7,2400000,0xe0000
1781184584,64.8,2400000,0xe0000
1781184585,64.2,2400000,0xe0000
1781184586,64.8,2400000,0xe0000
1781184587,64.8,2400000,0xe0000
1781184588,64.8,2400000,0xe0000
1781184590,64.2,2400000,0xe0000
1781184591,64.8,2400000,0xe0000
1781184592,64.8,2400000,0xe0000
1781184593,65.3,2400000,0xe0000
1781184594,64.8,2400000,0xe0000
1781184595,64.2,2400000,0xe0000
1781184596,64.2,2400000,0xe0000
1781184597,64.2,2400000,0xe0000
1781184598,64.8,2400000,0xe0000
1781184599,63.7,2400000,0xe0000
1781184600,63.7,2400000,0xe0000
1781184601,64.2,2400000,0xe0000
1781184602,64.8,2400000,0xe0000
1781184603,64.2,2400000,0xe0000
1781184604,64.8,2400000,0xe0000
1781184605,64.8,2400000,0xe0000
1781184606,65.3,2400000,0xe0000
1781184607,64.2,2400000,0xe0000
1781184608,64.2,2400000,0xe0000
1781184609,64.2,2400000,0xe0000
1781184610,63.7,2400000,0xe0000
1781184611,64.2,2400000,0xe0000
1781184612,64.8,2400000,0xe0000
1781184613,63.7,2400000,0xe0000
1781184615,64.2,2400000,0xe0000
1781184616,64.2,2400000,0xe0000
1781184617,64.8,2400000,0xe0000
1781184618,64.8,2400000,0xe0000
1781184619,64.8,2400000,0xe0000
1781184620,63.7,2400000,0xe0000
1781184621,64.2,2400000,0xe0000
1781184622,64.2,2400000,0xe0000
1781184623,64.2,2400000,0xe0000
1781184624,64.2,2400000,0xe0000
1781184625,63.1,2400000,0xe0000
1781184626,64.8,2400000,0xe0000
1781184627,63.7,2400000,0xe0000
1781184628,64.2,2400000,0xe0000
1781184629,64.2,2400000,0xe0000
1781184630,63.7,2400000,0xe0000
1781184631,64.8,2400000,0xe0000
1781184632,63.7,2400000,0xe0000
1781184633,64.2,2400000,0xe0000
1781184634,64.8,2400000,0xe0000
1781184635,64.8,2400000,0xe0000
1781184636,64.2,2400000,0xe0000
1781184637,64.8,2400000,0xe0000
1781184638,64.2,2400000,0xe0000
1781184639,64.2,2400000,0xe0000
1781184640,64.2,2400000,0xe0000
1781184641,64.2,2400000,0xe0000
1781184643,63.7,2400000,0xe0000
1781184644,64.8,2400000,0xe0000
1781184645,63.7,2400000,0xe0000
1781184646,63.7,2400000,0xe0000
1781184647,64.2,2400000,0xe0000
1781184648,64.2,2400000,0xe0000
1781184649,64.2,2400000,0xe0000
1781184650,64.2,2400000,0xe0000
1781184651,64.8,2400000,0xe0000
1781184652,63.7,2400000,0xe0000
1781184653,64.8,2400000,0xe0000
1781184654,63.7,2400000,0xe0000
1781184655,63.1,2400000,0xe0000
1781184656,64.8,2400000,0xe0000
1781184657,64.8,2400000,0xe0000
1781184658,64.2,2400000,0xe0000
1781184659,64.8,2400000,0xe0000
1781184660,64.2,2400000,0xe0000
1781184661,64.2,2400000,0xe0000
1781184662,63.7,2400000,0xe0000
1781184663,64.2,2400000,0xe0000
1781184664,63.1,2400000,0xe0000
1781184665,64.2,2400000,0xe0000
1781184666,64.2,2400000,0xe0000
1781184667,63.7,2400000,0xe0000
1781184668,63.7,2400000,0xe0000
1781184669,63.1,2400000,0xe0000
1781184671,63.7,2400000,0xe0000
1781184672,64.8,2400000,0xe0000
1781184673,64.8,2400000,0xe0000
1781184674,64.8,2400000,0xe0000
1781184675,63.7,2400000,0xe0000
1781184676,63.7,2400000,0xe0000
1781184677,63.1,2400000,0xe0000
1781184678,64.2,2400000,0xe0000
1781184679,64.2,2400000,0xe0000
1781184680,64.2,2400000,0xe0000
1781184681,64.2,2400000,0xe0000
1781184682,64.8,2400000,0xe0000
1781184683,64.8,2400000,0xe0000
1781184684,64.2,2400000,0xe0000
1781184685,64.8,2400000,0xe0000
1781184686,64.2,2400000,0xe0000
1781184687,64.2,2400000,0xe0000
1781184688,64.2,2400000,0xe0000
1781184689,64.2,2400000,0xe0000
1781184690,64.2,2400000,0xe0000
1781184691,64.2,2400000,0xe0000
1781184692,64.8,2400000,0xe0000
1781184693,64.2,2400000,0xe0000
1781184694,64.8,2400000,0xe0000
1781184695,63.7,2400000,0xe0000
1781184696,63.7,2400000,0xe0000
1781184697,64.2,2400000,0xe0000
1781184698,64.8,2400000,0xe0000
1781184699,64.8,2400000,0xe0000
1781184700,64.2,2400000,0xe0000
1781184701,64.8,2400000,0xe0000
1781184702,64.2,2400000,0xe0000
1781184704,64.2,2400000,0xe0000
1781184705,62.6,2400000,0xe0000
1781184706,63.7,2400000,0xe0000
1781184707,64.2,2400000,0xe0000
1781184708,64.2,2400000,0xe0000
1781184709,64.8,2400000,0xe0000
1781184710,64.2,2400000,0xe0000
1781184711,64.2,2400000,0xe0000
1781184712,64.8,2400000,0xe0000
1781184713,64.2,2400000,0xe0000
1781184714,64.2,2400000,0xe0000
1781184715,64.2,2400000,0xe0000
1781184716,64.8,2400000,0xe0000
1781184717,65.3,2400000,0xe0000
1781184718,64.2,2400000,0xe0000
1781184719,64.8,2400000,0xe0000
1781184720,64.8,2400000,0xe0000
1781184721,65.3,2400000,0xe0000
1781184722,64.2,2400000,0xe0000
1781184723,64.8,2400000,0xe0000
1781184724,64.8,2400000,0xe0000
1781184725,64.8,2400000,0xe0000
1781184726,64.8,2400000,0xe0000
1781184727,64.8,2400000,0xe0000
1781184728,65.3,2400000,0xe0000
1781184729,64.8,2400000,0xe0000
1781184730,64.2,2400000,0xe0000
1781184731,64.8,2400000,0xe0000
1781184732,64.2,2400000,0xe0000
1781184733,62.6,2400000,0xe0000
1781184734,64.8,2400000,0xe0000
1781184736,64.2,2400000,0xe0000
1781184737,64.2,2400000,0xe0000
1781184738,64.2,2400000,0xe0000
1781184739,64.2,2400000,0xe0000
1781184740,64.2,2400000,0xe0000
1781184741,63.7,2400000,0xe0000
1781184742,64.8,2400000,0xe0000
1781184743,64.2,2400000,0xe0000
1781184744,64.8,2400000,0xe0000
1781184745,64.8,2400000,0xe0000
1781184746,63.7,2400000,0xe0000
1781184747,64.8,2400000,0xe0000
1781184748,64.8,2400000,0xe0000
1781184749,64.2,2400000,0xe0000
1781184750,63.1,2400000,0xe0000
1781184751,64.2,2400000,0xe0000
1781184752,64.8,2400000,0xe0000
1781184753,64.2,2400000,0xe0000
1781184754,64.2,2400000,0xe0000
1781184755,65.3,2400000,0xe0000
1781184756,63.1,2400000,0xe0000
1781184757,64.8,2400000,0xe0000
1781184758,64.8,2400000,0xe0000
1781184759,64.2,2400000,0xe0000
1781184760,64.2,2400000,0xe0000
1781184761,64.2,2400000,0xe0000
1781184762,64.8,2400000,0xe0000
1781184763,64.8,2400000,0xe0000
1781184764,64.8,2400000,0xe0000
1781184765,64.8,2400000,0xe0000
1781184766,64.8,2400000,0xe0000
1781184767,64.8,2400000,0xe0000
1781184768,64.8,2400000,0xe0000
1781184769,64.8,2400000,0xe0000
1781184770,64.2,2400000,0xe0000
1781184771,63.7,2400000,0xe0000
1781184772,64.2,2400000,0xe0000
1781184774,64.2,2400000,0xe0000
1781184775,64.2,2400000,0xe0000
1781184776,64.2,2400000,0xe0000
1781184777,65.3,2400000,0xe0000
1781184778,64.2,2400000,0xe0000
1781184779,63.7,2400000,0xe0000
1781184780,64.8,2400000,0xe0000
1781184781,64.2,2400000,0xe0000
1781184782,64.2,2400000,0xe0000
1781184783,63.7,2400000,0xe0000
1781184784,64.2,2400000,0xe0000
1781184785,64.8,2400000,0xe0000
1781184786,64.8,2400000,0xe0000
1781184787,64.8,2400000,0xe0000
1781184788,64.2,2400000,0xe0000
1781184789,64.8,2400000,0xe0000
1781184790,65.3,2400000,0xe0000
1781184791,63.1,2400000,0xe0000
1781184792,64.2,2400000,0xe0000
1781184793,64.2,2400000,0xe0000
1781184794,64.8,2400000,0xe0000
1781184795,64.8,2400000,0xe0000
1781184796,64.2,2400000,0xe0000
1781184797,64.2,2400000,0xe0000
1781184798,63.7,2400000,0xe0000
1781184799,64.2,2400000,0xe0000
1781184800,64.2,2400000,0xe0000
1781184801,65.3,2400000,0xe0000
1781184802,63.7,2400000,0xe0000
1781184803,64.2,2400000,0xe0000
1781184804,64.8,2400000,0xe0000
1781184805,63.7,2400000,0xe0000
1781184806,64.8,2400000,0xe0000
1781184807,63.1,2400000,0xe0000
1781184808,64.2,2400000,0xe0000
1781184810,64.2,2400000,0xe0000
1781184811,64.8,2400000,0xe0000
1781184812,64.8,2400000,0xe0000
1781184813,64.2,2400000,0xe0000
1781184814,64.2,2400000,0xe0000
1781184815,64.8,2400000,0xe0000
1781184816,64.2,2400000,0xe0000
1781184817,64.8,2400000,0xe0000
1781184818,64.8,2400000,0xe0000
1781184819,64.8,2400000,0xe0000
1781184820,64.8,2400000,0xe0000
1781184821,64.2,2400000,0xe0000
1781184822,64.2,2400000,0xe0000
1781184823,64.2,2400000,0xe0000
1781184824,64.2,2400000,0xe0000
1781184825,64.2,2400000,0xe0000
1781184826,64.8,2400000,0xe0000
1781184827,63.1,2400000,0xe0000
1781184828,64.2,2400000,0xe0000
1781184829,64.2,2400000,0xe0000
1781184830,64.2,2400000,0xe0000
1781184831,64.2,2400000,0xe0000
1781184832,64.2,2400000,0xe0000
1781184833,64.8,2400000,0xe0000
1781184834,64.2,2400000,0xe0000
1781184835,65.3,2400000,0xe0000
1781184836,64.2,2400000,0xe0000
1781184837,64.8,2400000,0xe0000
1781184839,64.8,2400000,0xe0000
1781184840,64.2,2400000,0xe0000
1781184841,65.3,2400000,0xe0000
1781184842,64.8,2400000,0xe0000
1781184843,64.2,2400000,0xe0000
1781184844,64.8,2400000,0xe0000
1781184845,65.3,2400000,0xe0000
1781184846,64.8,2400000,0xe0000
1781184847,64.2,2400000,0xe0000
1781184848,64.8,2400000,0xe0000
1781184849,64.2,2400000,0xe0000
1781184850,64.2,2400000,0xe0000
1781184851,64.8,2400000,0xe0000
1781184852,63.7,2400000,0xe0000
1781184853,64.2,2400000,0xe0000
1781184854,64.8,2400000,0xe0000
1781184855,64.8,2400000,0xe0000
1781184856,64.2,2400000,0xe0000
1781184857,63.7,2400000,0xe0000
1781184858,64.8,2400000,0xe0000
1781184859,64.2,2400000,0xe0000
1781184860,62.6,2400000,0xe0000
1781184861,63.7,2400000,0xe0000
1781184862,64.2,2400000,0xe0000
1781184863,63.7,2400000,0xe0000
1781184864,64.2,2400000,0xe0000
1781184865,64.8,2400000,0xe0000
1781184866,64.2,2400000,0xe0000
1781184867,64.8,2400000,0xe0000
1781184868,64.2,2400000,0xe0000
1781184869,64.2,2400000,0xe0000
1781184871,64.2,2400000,0xe0000
1781184872,64.2,2400000,0xe0000
1781184873,64.2,2400000,0xe0000
1781184874,64.8,2400000,0xe0000
1781184875,63.1,2400000,0xe0000
1781184876,64.8,2400000,0xe0000
1781184877,64.2,2400000,0xe0000
1781184878,64.2,2400000,0xe0000
1781184879,64.8,2400000,0xe0000
1781184880,65.3,2400000,0xe0000
1781184881,63.1,2400000,0xe0000
1781184882,64.2,2400000,0xe0000
1781184883,64.8,2400000,0xe0000
1781184884,64.2,2400000,0xe0000
1781184885,65.3,2400000,0xe0000
1781184886,64.8,2400000,0xe0000
1781184887,64.2,2400000,0xe0000
1781184888,64.8,2400000,0xe0000
1781184889,64.8,2400000,0xe0000
1781184890,65.3,2400000,0xe0000
1781184891,63.1,2400000,0xe0000
1781184892,64.2,2400000,0xe0000
1781184893,64.8,2400000,0xe0000
1781184894,64.2,2400000,0xe0000
1781184895,64.8,2400000,0xe0000
1781184896,64.8,2400000,0xe0000
1781184897,64.2,2400000,0xe0000
1781184898,63.7,2400000,0xe0000
1781184899,64.2,2400000,0xe0000
1781184900,64.2,2400000,0xe0000
1781184902,64.2,2400000,0xe0000
1781184903,64.8,2400000,0xe0000
1781184904,64.2,2400000,0xe0000
1781184905,64.8,2400000,0xe0000
1781184906,64.2,2400000,0xe0000
1781184907,64.2,2400000,0xe0000
1781184908,64.8,2400000,0xe0000
1781184909,63.7,2400000,0xe0000
1781184910,65.3,2400000,0xe0000
1781184911,64.2,2400000,0xe0000
1781184912,64.8,2400000,0xe0000
1781184913,64.8,2400000,0xe0000
1781184914,64.2,2400000,0xe0000
1781184915,64.2,2400000,0xe0000
1781184916,64.2,2400000,0xe0000
1781184917,63.7,2400000,0xe0000
1781184918,64.8,2400000,0xe0000
1781184919,64.2,2400000,0xe0000
1781184920,64.8,2400000,0xe0000
1781184921,64.2,2400000,0xe0000
1781184922,64.2,2400000,0xe0000
1781184923,64.2,2400000,0xe0000
1781184924,63.7,2400000,0xe0000
1781184925,64.2,2400000,0xe0000
1781184926,63.7,2400000,0xe0000
1781184927,62.6,2400000,0xe0000
1781184928,63.7,2400000,0xe0000
1781184929,64.2,2400000,0xe0000
1781184930,64.2,2400000,0xe0000
1781184931,63.7,2400000,0xe0000
1781184932,64.2,2400000,0xe0000
1781184933,64.2,2400000,0xe0000
1781184935,63.7,2400000,0xe0000
1781184936,64.8,2400000,0xe0000
1781184937,64.8,2400000,0xe0000
1781184938,64.8,2400000,0xe0000
1781184939,64.8,2400000,0xe0000
1781184940,64.8,2400000,0xe0000
1781184941,64.8,2400000,0xe0000
1781184942,64.2,2400000,0xe0000
1781184943,64.2,2400000,0xe0000
1781184944,64.2,2400000,0xe0000
1781184945,64.2,2400000,0xe0000
1781184946,64.8,2400000,0xe0000
1781184947,64.2,2400000,0xe0000
1781184948,63.1,2400000,0xe0000
1781184949,64.2,2400000,0xe0000
1781184950,63.1,2400000,0xe0000
1781184951,64.2,2400000,0xe0000
1781184952,62.6,2400000,0xe0000
1781184953,64.8,2400000,0xe0000
1781184954,64.2,2400000,0xe0000
1781184955,63.7,2400000,0xe0000
1781184956,63.7,2400000,0xe0000
1781184957,64.8,2400000,0xe0000
1781184958,63.7,2400000,0xe0000
1781184959,64.8,2400000,0xe0000
1781184960,63.1,2400000,0xe0000
1781184961,64.8,2400000,0xe0000
1781184962,64.2,2400000,0xe0000
1781184963,63.7,2400000,0xe0000
1781184964,64.2,2400000,0xe0000
1781184966,64.8,2400000,0xe0000
1781184967,64.8,2400000,0xe0000
1781184968,64.8,2400000,0xe0000
1781184969,64.8,2400000,0xe0000
1781184970,64.2,2400000,0xe0000
1781184971,64.2,2400000,0xe0000
1781184972,64.2,2400000,0xe0000
1781184973,63.7,2400000,0xe0000
1781184974,64.8,2400000,0xe0000
1781184975,64.8,2400000,0xe0000
1781184976,64.2,2400000,0xe0000
1781184977,64.2,2400000,0xe0000
1781184978,64.8,2400000,0xe0000
1781184979,64.8,2400000,0xe0000
1781184980,64.8,2400000,0xe0000
1781184981,64.2,2400000,0xe0000
1781184982,63.7,2400000,0xe0000
1781184983,64.8,2400000,0xe0000
1781184984,64.2,2400000,0xe0000
1781184985,64.8,2400000,0xe0000
1781184986,64.8,2400000,0xe0000
1781184987,64.2,2400000,0xe0000
1781184988,64.2,2400000,0xe0000
1781184989,64.8,2400000,0xe0000
1781184990,64.2,2400000,0xe0000
1781184991,64.8,2400000,0xe0000
1781184992,63.7,2400000,0xe0000
1781184993,65.3,2400000,0xe0000
1781184994,64.2,2400000,0xe0000
1781184995,65.3,2400000,0xe0000
1781184996,64.2,2400000,0xe0000
1781184997,63.7,2400000,0xe0000
1781184998,64.8,2400000,0xe0000
1781185000,63.7,2400000,0xe0000
1781185001,64.8,2400000,0xe0000
1781185002,64.8,2400000,0xe0000
1781185003,64.8,2400000,0xe0000
1781185004,64.8,2400000,0xe0000
1781185005,64.8,2400000,0xe0000
1781185006,64.2,2400000,0xe0000
1781185007,64.2,2400000,0xe0000
1781185008,64.2,2400000,0xe0000
1781185009,64.2,2400000,0xe0000
1781185010,64.2,2400000,0xe0000
1781185011,64.2,2400000,0xe0000
1781185012,64.2,2400000,0xe0000
1781185013,64.8,2400000,0xe0000
1781185014,63.7,2400000,0xe0000
1781185015,64.2,2400000,0xe0000
1781185016,64.2,2400000,0xe0000
1781185017,64.2,2400000,0xe0000
1781185018,64.2,2400000,0xe0000
1781185019,62.6,2400000,0xe0000
1781185020,64.2,2400000,0xe0000
1781185021,63.7,2400000,0xe0000
1781185022,63.7,2400000,0xe0000
1781185023,64.2,2400000,0xe0000
1781185024,63.7,2400000,0xe0000
1781185025,63.7,2400000,0xe0000
1781185026,64.2,2400000,0xe0000
1781185027,64.8,2400000,0xe0000
1781185028,64.2,2400000,0xe0000
1781185029,63.7,2400000,0xe0000
1781185030,64.2,2400000,0xe0000
1781185031,64.8,2400000,0xe0000
1781185032,64.2,2400000,0xe0000
1781185033,64.2,2400000,0xe0000
1781185034,64.2,2400000,0xe0000
1781185036,64.8,2400000,0xe0000
1781185037,64.8,2400000,0xe0000
1781185038,65.3,2400000,0xe0000
1781185039,63.7,2400000,0xe0000
1781185040,64.2,2400000,0xe0000
1781185041,64.2,2400000,0xe0000
1781185042,64.8,2400000,0xe0000
1781185043,64.2,2400000,0xe0000
1781185044,64.8,2400000,0xe0000
1781185045,63.7,2400000,0xe0000
1781185046,63.7,2400000,0xe0000
1781185047,64.8,2400000,0xe0000
1781185048,64.8,2400000,0xe0000
1781185049,64.8,2400000,0xe0000
1781185050,64.2,2400000,0xe0000
1781185051,64.2,2400000,0xe0000
1781185052,63.7,2400000,0xe0000
1781185053,64.2,2400000,0xe0000
1781185054,63.7,2400000,0xe0000
1781185055,63.7,2400000,0xe0000
1781185056,64.8,2400000,0xe0000
1781185057,63.7,2400000,0xe0000
1781185059,63.7,2400000,0xe0000
1781185060,64.8,2400000,0xe0000
1781185061,64.8,2400000,0xe0000
1781185062,63.1,2400000,0xe0000
1781185063,64.8,2400000,0xe0000
1781185064,64.2,2400000,0xe0000
1781185065,64.2,2400000,0xe0000
1781185066,63.7,2400000,0xe0000
1781185067,64.2,2400000,0xe0000
1781185068,64.2,2400000,0xe0000
1781185069,65.3,2400000,0xe0000
1781185070,64.2,2400000,0xe0000
1781185071,64.8,2400000,0xe0000
1781185072,64.8,2400000,0xe0000
1781185073,64.2,2400000,0xe0000
1781185074,64.8,2400000,0xe0000
1781185075,63.7,2400000,0xe0000
1781185076,64.2,2400000,0xe0000
1781185077,63.7,2400000,0xe0000
1781185078,64.2,2400000,0xe0000
1781185079,64.8,2400000,0xe0000
1781185080,63.7,2400000,0xe0000
1781185081,63.7,2400000,0xe0000
1781185082,63.7,2400000,0xe0000
1781185083,64.8,2400000,0xe0000
1781185084,64.8,2400000,0xe0000
1781185086,64.2,2400000,0xe0000
1781185087,64.2,2400000,0xe0000
1781185088,64.2,2400000,0xe0000
1781185089,64.8,2400000,0xe0000
1781185090,64.2,2400000,0xe0000
1781185091,64.2,2400000,0xe0000
1781185092,64.2,2400000,0xe0000
1781185093,64.2,2400000,0xe0000
1781185094,64.2,2400000,0xe0000
1781185095,63.7,2400000,0xe0000
1781185096,64.8,2400000,0xe0000
1781185097,65.3,2400000,0xe0000
1781185098,64.8,2400000,0xe0000
1781185099,64.2,2400000,0xe0000
1781185100,65.3,2400000,0xe0000
1781185101,63.7,2400000,0xe0000
1781185102,64.8,2400000,0xe0000
1781185103,64.2,2400000,0xe0000
1781185104,64.8,2400000,0xe0000
1781185105,64.8,2400000,0xe0000
1781185106,64.8,2400000,0xe0000
1781185107,64.8,2400000,0xe0000
1781185108,64.2,2400000,0xe0000
1781185109,63.7,2400000,0xe0000
1781185111,64.8,2400000,0xe0000
1781185112,64.2,2400000,0xe0000
1781185113,64.8,2400000,0xe0000
1781185114,64.8,2400000,0xe0000
1781185115,64.8,2400000,0xe0000
1781185116,64.2,2400000,0xe0000
1781185117,64.8,2400000,0xe0000
1781185118,64.2,2400000,0xe0000
1781185119,64.2,2400000,0xe0000
1781185120,64.8,2400000,0xe0000
1781185121,64.2,2400000,0xe0000
1781185122,64.8,2400000,0xe0000
1781185123,64.8,2400000,0xe0000
1781185124,65.3,2400000,0xe0000
1781185125,64.8,2400000,0xe0000
1781185126,64.2,2400000,0xe0000
1781185127,64.8,2400000,0xe0000
1781185128,64.2,2400000,0xe0000
1781185129,63.1,2400000,0xe0000
1781185130,63.7,2400000,0xe0000
1781185131,64.8,2400000,0xe0000
1781185132,63.7,2400000,0xe0000
1781185133,64.2,2400000,0xe0000
1781185134,64.2,2400000,0xe0000
1781185135,63.1,2400000,0xe0000
1781185136,64.8,2400000,0xe0000
1781185137,64.2,2400000,0xe0000
1781185138,64.2,2400000,0xe0000
1781185139,64.2,2400000,0xe0000
1781185140,63.7,2400000,0xe0000
1781185141,65.3,2400000,0xe0000
1781185143,63.7,2400000,0xe0000
1781185144,64.8,2400000,0xe0000
1781185145,64.8,2400000,0xe0000
1781185146,64.8,2400000,0xe0000
1781185147,64.8,2400000,0xe0000
1781185148,64.2,2400000,0xe0000
1781185149,64.2,2400000,0xe0000
1781185150,63.7,2400000,0xe0000
1781185151,63.1,2400000,0xe0000
1781185152,63.7,2400000,0xe0000
1781185153,64.2,2400000,0xe0000
1781185154,64.2,2400000,0xe0000
1781185155,64.2,2400000,0xe0000
1781185156,64.2,2400000,0xe0000
1781185157,64.2,2400000,0xe0000
1781185158,63.7,2400000,0xe0000
1781185159,64.8,2400000,0xe0000
1781185160,64.2,2400000,0xe0000
1781185161,64.2,2400000,0xe0000
1781185162,64.2,2400000,0xe0000
1781185163,63.7,2400000,0xe0000
1781185164,64.8,2400000,0xe0000
1781185165,64.2,2400000,0xe0000
1781185166,63.1,2400000,0xe0000
1781185167,64.8,2400000,0xe0000
1781185168,64.8,2400000,0xe0000
1781185169,64.8,2400000,0xe0000
1781185170,64.8,2400000,0xe0000
1781185171,64.8,2400000,0xe0000
1781185172,64.2,2400000,0xe0000
1781185174,64.8,2400000,0xe0000
1781185175,64.8,2400000,0xe0000
1781185176,64.2,2400000,0xe0000
1781185177,64.2,2400000,0xe0000
1781185178,64.2,2400000,0xe0000
1781185179,64.2,2400000,0xe0000
1781185180,64.8,2400000,0xe0000
1781185181,64.8,2400000,0xe0000
1781185182,64.8,2400000,0xe0000
1781185183,63.7,2400000,0xe0000
1781185184,63.7,2400000,0xe0000
1781185185,64.2,2400000,0xe0000
1781185186,64.2,2400000,0xe0000
1781185187,63.7,2400000,0xe0000
1781185188,64.2,2400000,0xe0000
1781185189,64.8,2400000,0xe0000
1781185190,64.8,2400000,0xe0000
1781185191,63.7,2400000,0xe0000
1781185192,64.2,2400000,0xe0000
1781185193,64.2,2400000,0xe0000
1781185194,64.8,2400000,0xe0000
1781185195,64.2,2400000,0xe0000
1781185196,64.8,2400000,0xe0000
1781185197,63.7,2400000,0xe0000
1781185198,64.2,2400000,0xe0000
1781185200,63.7,2400000,0xe0000
1781185201,64.2,2400000,0xe0000
1781185202,64.2,2400000,0xe0000
1781185203,64.2,2400000,0xe0000
1781185204,64.8,2400000,0xe0000
1781185205,64.8,2400000,0xe0000
1781185206,64.8,2400000,0xe0000
1781185207,64.2,2400000,0xe0000
1781185208,62.6,2400000,0xe0000
1781185209,65.3,2400000,0xe0000
1781185210,64.8,2400000,0xe0000
1781185211,64.2,2400000,0xe0000
1781185212,64.8,2400000,0xe0000
1781185213,64.8,2400000,0xe0000
1781185214,64.8,2400000,0xe0000
1781185215,64.2,2400000,0xe0000
1781185216,64.8,2400000,0xe0000
1781185217,64.8,2400000,0xe0000
1781185218,64.8,2400000,0xe0000
1781185219,65.3,2400000,0xe0000
1781185220,64.2,2400000,0xe0000
1781185221,63.7,2400000,0xe0000
1781185222,63.7,2400000,0xe0000
1781185223,64.2,2400000,0xe0000
1781185224,63.1,2400000,0xe0000
1781185225,64.8,2400000,0xe0000
1781185226,64.2,2400000,0xe0000
1781185227,64.2,2400000,0xe0000
1781185228,64.8,2400000,0xe0000
1781185229,63.7,2400000,0xe0000
1781185230,63.1,2400000,0xe0000
1781185231,64.2,2400000,0xe0000
1781185232,64.2,2400000,0xe0000
1781185234,64.2,2400000,0xe0000
1781185235,64.8,2400000,0xe0000
1781185236,64.8,2400000,0xe0000
1781185237,64.8,2400000,0xe0000
1781185238,64.2,2400000,0xe0000
1781185239,63.7,2400000,0xe0000
1781185240,64.2,2400000,0xe0000
1781185241,63.7,2400000,0xe0000
1781185242,63.7,2400000,0xe0000
1781185243,63.7,2400000,0xe0000
1781185244,64.2,2400000,0xe0000
1781185245,63.7,2400000,0xe0000
1781185246,64.2,2400000,0xe0000
1781185247,64.2,2400000,0xe0000
1781185248,64.2,2400000,0xe0000
1781185249,64.2,2400000,0xe0000
1781185250,64.8,2400000,0xe0000
1781185251,64.8,2400000,0xe0000
1781185252,64.8,2400000,0xe0000
1781185253,63.7,2400000,0xe0000
1781185255,64.2,2400000,0xe0000
1781185256,64.2,2400000,0xe0000
1781185257,64.2,2400000,0xe0000
1781185258,63.7,2400000,0xe0000
1781185259,63.7,2400000,0xe0000
1781185260,63.7,2400000,0xe0000
1781185261,64.2,2400000,0xe0000
1781185262,64.2,2400000,0xe0000
1781185263,64.2,2400000,0xe0000
1781185264,64.8,2400000,0xe0000
1781185265,64.8,2400000,0xe0000
1781185266,64.2,2400000,0xe0000
1781185267,64.2,2400000,0xe0000
1781185268,64.2,2400000,0xe0000
1781185269,64.2,2400000,0xe0000
1781185270,64.2,2400000,0xe0000
1781185271,64.8,2400000,0xe0000
1781185272,64.2,2400000,0xe0000
1781185273,64.2,2400000,0xe0000
1781185274,64.8,2400000,0xe0000
1781185275,64.2,2400000,0xe0000
1781185276,64.8,2400000,0xe0000
1781185277,63.7,2400000,0xe0000
1781185278,65.3,2400000,0xe0000
1781185279,64.8,2400000,0xe0000
1781185280,64.8,2400000,0xe0000
1781185281,63.1,2400000,0xe0000
1781185283,64.8,2400000,0xe0000
1781185284,64.8,2400000,0xe0000
1781185285,64.2,2400000,0xe0000
1781185286,64.2,2400000,0xe0000
1781185287,64.8,2400000,0xe0000
1781185288,64.8,2400000,0xe0000
1781185289,63.7,2400000,0xe0000
1781185290,63.7,2400000,0xe0000
1781185291,64.2,2400000,0xe0000
1781185292,64.8,2400000,0xe0000
1781185293,64.2,2400000,0xe0000
1781185294,64.8,2400000,0xe0000
1781185295,64.2,2400000,0xe0000
1781185296,64.8,2400000,0xe0000
1781185297,64.8,2400000,0xe0000
1781185298,64.8,2400000,0xe0000
1781185299,64.8,2400000,0xe0000
1781185300,63.7,2400000,0xe0000
1781185301,64.2,2400000,0xe0000
1781185302,64.2,2400000,0xe0000
1781185303,64.8,2400000,0xe0000
1781185304,64.2,2400000,0xe0000
1781185305,64.8,2400000,0xe0000
1781185306,64.8,2400000,0xe0000
1781185307,64.2,2400000,0xe0000
1781185308,65.3,2400000,0xe0000
1781185309,64.8,2400000,0xe0000
1781185310,64.8,2400000,0xe0000
1781185311,64.8,2400000,0xe0000
1781185312,64.8,2400000,0xe0000
1781185314,65.3,2400000,0xe0000
1781185315,64.8,2400000,0xe0000
1781185316,64.8,2400000,0xe0000
1781185317,64.2,2400000,0xe0000
1781185318,64.2,2400000,0xe0000
1781185319,64.8,2400000,0xe0000
1781185320,64.8,2400000,0xe0000
1781185321,64.2,2400000,0xe0000
1781185322,64.2,2400000,0xe0000
1781185323,64.8,2400000,0xe0000
1781185324,63.1,2400000,0xe0000
1781185325,64.2,2400000,0xe0000
1781185326,64.2,2400000,0xe0000
1781185327,63.7,2400000,0xe0000
1781185328,64.2,2400000,0xe0000
1781185329,64.2,2400000,0xe0000
1781185330,64.2,2400000,0xe0000
1781185331,63.7,2400000,0xe0000
1781185332,63.7,2400000,0xe0000
1781185333,64.2,2400000,0xe0000
1781185334,64.8,2400000,0xe0000
1781185335,64.8,2400000,0xe0000
1781185336,64.2,2400000,0xe0000
1781185337,64.2,2400000,0xe0000
1781185338,64.8,2400000,0xe0000
1781185339,64.2,2400000,0xe0000
1781185340,63.1,2400000,0xe0000
1781185341,64.8,2400000,0xe0000
1781185342,64.8,2400000,0xe0000
1781185343,65.3,2400000,0xe0000
1781185344,64.8,2400000,0xe0000
1781185345,64.8,2400000,0xe0000
1781185346,64.8,2400000,0xe0000
1781185347,64.8,2400000,0xe0000
1781185348,64.2,2400000,0xe0000
1781185349,64.8,2400000,0xe0000
1781185350,64.2,2400000,0xe0000
1781185352,64.2,2400000,0xe0000
1781185353,63.7,2400000,0xe0000
1781185354,65.3,2400000,0xe0000
1781185355,65.3,2400000,0xe0000
1781185356,64.2,2400000,0xe0000
1781185357,64.8,2400000,0xe0000
1781185358,63.1,2400000,0xe0000
1781185359,64.2,2400000,0xe0000
1781185360,64.2,2400000,0xe0000
1781185361,64.2,2400000,0xe0000
1781185362,64.8,2400000,0xe0000
1781185363,64.8,2400000,0xe0000
1781185364,64.8,2400000,0xe0000
1781185365,64.8,2400000,0xe0000
1781185366,64.2,2400000,0xe0000
1781185367,64.2,2400000,0xe0000
1781185368,64.2,2400000,0xe0000
1781185369,64.2,2400000,0xe0000
1781185370,64.8,2400000,0xe0000
1781185371,64.2,2400000,0xe0000
1781185372,64.8,2400000,0xe0000
1781185373,63.7,2400000,0xe0000
1781185374,64.2,2400000,0xe0000
1781185375,64.2,2400000,0xe0000
1781185377,64.2,2400000,0xe0000
1781185378,64.8,2400000,0xe0000
1781185379,64.8,2400000,0xe0000
1781185380,63.7,2400000,0xe0000
1781185381,64.2,2400000,0xe0000
1781185382,64.2,2400000,0xe0000
1781185383,64.2,2400000,0xe0000
1781185384,64.8,2400000,0xe0000
1781185385,64.2,2400000,0xe0000
1781185386,64.2,2400000,0xe0000
1781185387,64.8,2400000,0xe0000
1781185388,64.2,2400000,0xe0000
1781185389,65.3,2400000,0xe0000
1781185390,63.1,2400000,0xe0000
1781185391,64.2,2400000,0xe0000
1781185392,64.2,2400000,0xe0000
1781185393,64.2,2400000,0xe0000
1781185394,63.7,2400000,0xe0000
1781185395,65.3,2400000,0xe0000
1781185396,64.8,2400000,0xe0000
1781185397,65.3,2400000,0xe0000
1781185398,64.8,2400000,0xe0000
1781185399,65.3,2400000,0xe0000
1781185400,64.2,2400000,0xe0000
1781185401,63.7,2400000,0xe0000
1781185402,64.8,2400000,0xe0000
1781185403,64.8,2400000,0xe0000
1781185405,64.8,2400000,0xe0000
1781185406,64.2,2400000,0xe0000
1781185407,63.7,2400000,0xe0000
1781185408,64.8,2400000,0xe0000
1781185409,64.2,2400000,0xe0000
1781185410,64.8,2400000,0xe0000
1781185411,64.8,2400000,0xe0000
1781185412,64.2,2400000,0xe0000
1781185413,64.8,2400000,0xe0000
1781185414,64.2,2400000,0xe0000
1781185415,64.2,2400000,0xe0000
1781185416,63.7,2400000,0xe0000
1781185417,64.8,2400000,0xe0000
1781185418,64.8,2400000,0xe0000
1781185419,64.2,2400000,0xe0000
1781185420,63.1,2400000,0xe0000
1781185421,63.7,2400000,0xe0000
1781185422,63.1,2400000,0xe0000
1781185423,64.2,2400000,0xe0000
1781185424,65.3,2400000,0xe0000
1781185425,63.7,2400000,0xe0000
1781185426,64.2,2400000,0xe0000
1781185427,64.8,2400000,0xe0000
1781185428,64.8,2400000,0xe0000
1781185429,64.2,2400000,0xe0000
1781185430,64.8,2400000,0xe0000
1781185431,64.8,2400000,0xe0000
1781185432,64.8,2400000,0xe0000
1781185433,63.7,2400000,0xe0000
1781185434,64.8,2400000,0xe0000
1781185436,63.7,2400000,0xe0000
1781185437,64.8,2400000,0xe0000
1781185438,63.7,2400000,0xe0000
1781185439,63.7,2400000,0xe0000
1781185440,64.2,2400000,0xe0000
1781185441,63.7,2400000,0xe0000
1781185442,64.8,2400000,0xe0000
1781185443,64.2,2400000,0xe0000
1781185444,63.7,2400000,0xe0000
1781185445,63.7,2400000,0xe0000
1781185446,64.8,2400000,0xe0000
1781185447,64.8,2400000,0xe0000
1781185448,64.8,2400000,0xe0000
1781185449,64.2,2400000,0xe0000
1781185450,64.8,2400000,0xe0000
1781185451,64.2,2400000,0xe0000
1781185452,64.2,2400000,0xe0000
1781185453,64.2,2400000,0xe0000
1781185454,63.7,2400000,0xe0000
1781185455,63.7,2400000,0xe0000
1781185456,64.8,2400000,0xe0000
1781185457,64.2,2400000,0xe0000
1781185459,64.8,2400000,0xe0000
1781185460,64.2,2400000,0xe0000
1781185461,64.8,2400000,0xe0000
1781185462,64.8,2400000,0xe0000
1781185463,64.2,2400000,0xe0000
1781185464,64.2,2400000,0xe0000
1781185465,64.8,2400000,0xe0000
1781185466,64.2,2400000,0xe0000
1781185467,64.8,2400000,0xe0000
1781185468,63.1,2400000,0xe0000
1781185469,64.8,2400000,0xe0000
1781185470,64.8,2400000,0xe0000
1781185471,64.8,2400000,0xe0000
1781185472,64.2,2400000,0xe0000
1781185473,64.8,2400000,0xe0000
1781185474,64.2,2400000,0xe0000
1781185475,64.8,2400000,0xe0000
1781185476,64.2,2400000,0xe0000
1781185477,64.2,2400000,0xe0000
1781185478,64.8,2400000,0xe0000
1781185479,64.8,2400000,0xe0000
1781185480,63.7,2400000,0xe0000
1781185481,64.8,2400000,0xe0000
1781185482,64.2,2400000,0xe0000
1781185484,64.8,2400000,0xe0000
1781185485,64.2,2400000,0xe0000
1781185486,64.8,2400000,0xe0000
1781185487,64.2,2400000,0xe0000
1781185488,64.8,2400000,0xe0000
1781185489,63.7,2400000,0xe0000
1781185490,63.7,2400000,0xe0000
1781185491,64.2,2400000,0xe0000
1781185492,64.2,2400000,0xe0000
1781185493,63.1,2400000,0xe0000
1781185494,64.8,2400000,0xe0000
1781185495,64.8,2400000,0xe0000
1781185496,64.8,2400000,0xe0000
1781185497,64.8,2400000,0xe0000
1781185498,64.8,2400000,0xe0000
1781185499,64.2,2400000,0xe0000
1781185500,64.2,2400000,0xe0000
1781185501,65.3,2400000,0xe0000
1781185502,64.8,2400000,0xe0000
1781185503,64.8,2400000,0xe0000
1781185504,64.8,2400000,0xe0000
1781185505,64.2,2400000,0xe0000
1781185506,64.2,2400000,0xe0000
1781185507,64.2,2400000,0xe0000
1781185508,64.8,2400000,0xe0000
1781185509,64.8,2400000,0xe0000
1781185510,63.7,2400000,0xe0000
1781185511,64.2,2400000,0xe0000
1781185512,64.8,2400000,0xe0000
1781185513,65.3,2400000,0xe0000
1781185514,63.7,2400000,0xe0000
1781185515,64.2,2400000,0xe0000
1781185516,64.2,2400000,0xe0000
1781185517,64.2,2400000,0xe0000
1781185519,64.2,2400000,0xe0000
1781185520,63.7,2400000,0xe0000
1781185521,63.1,2400000,0xe0000
1781185522,64.8,2400000,0xe0000
1781185523,64.8,2400000,0xe0000
1781185524,64.2,2400000,0xe0000
1781185525,64.8,2400000,0xe0000
1781185526,64.2,2400000,0xe0000
1781185527,63.7,2400000,0xe0000
1781185528,64.2,2400000,0xe0000
1781185529,64.2,2400000,0xe0000
1781185530,64.2,2400000,0xe0000
1781185531,64.8,2400000,0xe0000
1781185532,64.2,2400000,0xe0000
1781185533,64.2,2400000,0xe0000
1781185534,64.8,2400000,0xe0000
1781185535,64.2,2400000,0xe0000
1781185536,64.8,2400000,0xe0000
1781185537,64.8,2400000,0xe0000
1781185538,64.2,2400000,0xe0000
1781185539,64.8,2400000,0xe0000
1781185540,64.2,2400000,0xe0000
1781185541,64.2,2400000,0xe0000
1781185542,64.2,2400000,0xe0000
1781185543,64.2,2400000,0xe0000
1781185544,64.2,2400000,0xe0000
1781185545,63.7,2400000,0xe0000
1781185547,64.2,2400000,0xe0000
1781185548,64.8,2400000,0xe0000
1781185549,64.8,2400000,0xe0000
1781185550,64.8,2400000,0xe0000
1781185551,64.2,2400000,0xe0000
1781185552,64.8,2400000,0xe0000
1781185553,64.8,2400000,0xe0000
1781185554,64.8,2400000,0xe0000
1781185555,64.2,2400000,0xe0000
1781185556,63.7,2400000,0xe0000
1781185557,64.2,2400000,0xe0000
1781185558,64.8,2400000,0xe0000
1781185559,64.2,2400000,0xe0000
1781185560,64.8,2400000,0xe0000
1781185561,64.2,2400000,0xe0000
1781185562,64.2,2400000,0xe0000
1781185563,64.8,2400000,0xe0000
1781185564,64.8,2400000,0xe0000
1781185565,63.7,2400000,0xe0000
1781185566,64.2,2400000,0xe0000
1781185567,64.8,2400000,0xe0000
1781185568,65.3,2400000,0xe0000
1781185569,64.8,2400000,0xe0000
1781185570,64.2,2400000,0xe0000
1781185571,64.2,2400000,0xe0000
1781185572,64.2,2400000,0xe0000
1781185573,64.2,2400000,0xe0000
1781185574,63.1,2400000,0xe0000
1781185575,64.2,2400000,0xe0000
1781185576,64.2,2400000,0xe0000
1781185577,64.2,2400000,0xe0000
1781185578,65.3,2400000,0xe0000
1781185579,64.2,2400000,0xe0000
1781185581,64.2,2400000,0xe0000
1781185582,64.8,2400000,0xe0000
1781185583,64.8,2400000,0xe0000
1781185584,64.2,2400000,0xe0000
1781185585,64.8,2400000,0xe0000
1781185586,64.2,2400000,0xe0000
1781185587,64.8,2400000,0xe0000
1781185588,64.2,2400000,0xe0000
1781185589,64.8,2400000,0xe0000
1781185590,64.2,2400000,0xe0000
1781185591,64.2,2400000,0xe0000
1781185592,64.8,2400000,0xe0000
1781185593,64.8,2400000,0xe0000
1781185594,64.8,2400000,0xe0000
1781185595,64.2,2400000,0xe0000
1781185596,64.2,2400000,0xe0000
1781185597,64.2,2400000,0xe0000
1781185598,64.2,2400000,0xe0000
1781185599,64.8,2400000,0xe0000
1781185600,64.8,2400000,0xe0000
1781185601,64.2,2400000,0xe0000
1781185602,64.8,2400000,0xe0000
1781185603,64.8,2400000,0xe0000
1781185604,64.8,2400000,0xe0000
1781185605,64.8,2400000,0xe0000
1781185606,64.8,2400000,0xe0000
1781185607,64.8,2400000,0xe0000
1781185608,65.3,2400000,0xe0000
1781185609,64.8,2400000,0xe0000
1781185610,64.8,2400000,0xe0000
1781185611,64.8,2400000,0xe0000
1781185612,64.2,2400000,0xe0000
1781185613,64.8,2400000,0xe0000
1781185614,64.8,2400000,0xe0000
1781185615,64.2,2400000,0xe0000
1781185616,64.8,2400000,0xe0000
1781185617,64.8,2400000,0xe0000
1781185619,64.2,2400000,0xe0000
1781185620,64.2,2400000,0xe0000
1781185621,64.2,2400000,0xe0000
1781185622,64.2,2400000,0xe0000
1781185623,64.8,2400000,0xe0000
1781185624,64.2,2400000,0xe0000
1781185625,64.8,2400000,0xe0000
1781185626,63.7,2400000,0xe0000
1781185627,64.2,2400000,0xe0000
1781185628,64.2,2400000,0xe0000
1781185629,64.2,2400000,0xe0000
1781185630,64.8,2400000,0xe0000
1781185631,64.2,2400000,0xe0000
1781185632,64.2,2400000,0xe0000
1781185633,64.2,2400000,0xe0000
1781185634,63.7,2400000,0xe0000
1781185635,64.2,2400000,0xe0000
1781185636,64.2,2400000,0xe0000
1781185637,64.2,2400000,0xe0000
1781185638,64.8,2400000,0xe0000
1781185639,64.2,2400000,0xe0000
1781185640,64.8,2400000,0xe0000
1781185641,64.8,2400000,0xe0000
1781185642,64.8,2400000,0xe0000
1781185643,63.7,2400000,0xe0000
1781185644,64.2,2400000,0xe0000
1781185646,64.2,2400000,0xe0000
1781185647,64.2,2400000,0xe0000
1781185648,64.2,2400000,0xe0000
1781185649,63.7,2400000,0xe0000
1781185650,65.3,2400000,0xe0000
1781185651,64.2,2400000,0xe0000
1781185652,63.7,2400000,0xe0000
1781185653,63.7,2400000,0xe0000
1781185654,64.2,2400000,0xe0000
1781185655,64.8,2400000,0xe0000
1781185656,64.2,2400000,0xe0000
1781185657,64.8,2400000,0xe0000
1781185658,64.2,2400000,0xe0000
1781185659,64.2,2400000,0xe0000
1781185660,64.2,2400000,0xe0000
1781185661,64.2,2400000,0xe0000
1781185662,63.7,2400000,0xe0000
1781185663,64.2,2400000,0xe0000
1781185664,65.3,2400000,0xe0000
1781185665,64.8,2400000,0xe0000
1781185666,64.8,2400000,0xe0000
1781185667,63.7,2400000,0xe0000
1781185668,64.8,2400000,0xe0000
1781185669,64.8,2400000,0xe0000
1781185670,64.2,2400000,0xe0000
1781185672,64.8,2400000,0xe0000
1781185673,64.8,2400000,0xe0000
1781185674,64.2,2400000,0xe0000
1781185675,64.8,2400000,0xe0000
1781185676,64.2,2400000,0xe0000
1781185677,64.8,2400000,0xe0000
1781185678,64.8,2400000,0xe0000
1781185679,64.8,2400000,0xe0000
1781185680,64.2,2400000,0xe0000
1781185681,64.2,2400000,0xe0000
1781185682,64.2,2400000,0xe0000
1781185683,64.8,2400000,0xe0000
1781185684,64.2,2400000,0xe0000
1781185685,64.2,2400000,0xe0000
1781185686,63.7,2400000,0xe0000
1781185687,63.7,2400000,0xe0000
1781185688,64.8,2400000,0xe0000
1781185689,65.3,2400000,0xe0000
1781185690,64.2,2400000,0xe0000
1781185691,64.2,2400000,0xe0000
1781185692,64.8,2400000,0xe0000
1781185693,64.2,2400000,0xe0000
1781185695,64.2,2400000,0xe0000
1781185696,63.7,2400000,0xe0000
1781185697,64.2,2400000,0xe0000
1781185698,63.1,2400000,0xe0000
1781185699,63.7,2400000,0xe0000
1781185700,64.8,2400000,0xe0000
1781185701,64.2,2400000,0xe0000
1781185702,63.1,2400000,0xe0000
1781185703,64.2,2400000,0xe0000
1781185704,63.7,2400000,0xe0000
1781185705,63.1,2400000,0xe0000
1781185706,64.2,2400000,0xe0000
1781185707,64.2,2400000,0xe0000
1781185708,64.2,2400000,0xe0000
1781185709,63.7,2400000,0xe0000
1781185710,63.1,2400000,0xe0000
1781185711,64.2,2400000,0xe0000
1781185712,63.7,2400000,0xe0000
1781185713,64.8,2400000,0xe0000
1781185714,64.2,2400000,0xe0000
1781185715,64.8,2400000,0xe0000
1781185716,64.8,2400000,0xe0000
1781185717,64.2,2400000,0xe0000
1781185718,64.2,2400000,0xe0000
1781185719,64.8,2400000,0xe0000
1781185720,65.3,2400000,0xe0000
1781185721,64.8,2400000,0xe0000
1781185722,64.8,2400000,0xe0000
1781185723,62.6,2400000,0xe0000
1781185725,64.2,2400000,0xe0000
1781185726,64.2,2400000,0xe0000
1781185727,63.7,2400000,0xe0000
1781185728,64.2,2400000,0xe0000
1781185729,64.8,2400000,0xe0000
1781185730,64.8,2400000,0xe0000
1781185731,64.8,2400000,0xe0000
1781185732,64.8,2400000,0xe0000
1781185733,64.8,2400000,0xe0000
1781185734,64.8,2400000,0xe0000
1781185735,64.2,2400000,0xe0000
1781185736,64.8,2400000,0xe0000
1781185737,64.2,2400000,0xe0000
1781185738,65.3,2400000,0xe0000
1781185739,64.2,2400000,0xe0000
1781185740,64.8,2400000,0xe0000
1781185741,63.7,2400000,0xe0000
1781185742,63.1,2400000,0xe0000
1781185743,64.2,2400000,0xe0000
1781185744,63.7,2400000,0xe0000
1781185745,63.7,2400000,0xe0000
1781185746,64.8,2400000,0xe0000
1781185747,64.2,2400000,0xe0000
1781185748,64.2,2400000,0xe0000
1781185749,65.3,2400000,0xe0000
1781185750,64.2,2400000,0xe0000
1781185751,64.8,2400000,0xe0000
1781185752,64.8,2400000,0xe0000
1781185753,63.7,2400000,0xe0000
1781185754,63.7,2400000,0xe0000
1781185755,63.7,2400000,0xe0000
1781185756,64.2,2400000,0xe0000
1781185757,64.2,2400000,0xe0000
1781185758,64.8,2400000,0xe0000
1781185759,64.2,2400000,0xe0000
1781185760,64.2,2400000,0xe0000
1781185761,64.2,2400000,0xe0000
1781185762,64.2,2400000,0xe0000
1781185763,63.7,2400000,0xe0000
1781185765,64.2,2400000,0xe0000
1781185766,63.7,2400000,0xe0000
1781185767,64.2,2400000,0xe0000
1781185768,63.7,2400000,0xe0000
1781185769,63.1,2400000,0xe0000
1781185770,63.7,2400000,0xe0000
1781185771,64.2,2400000,0xe0000
1781185772,64.2,2400000,0xe0000
1781185773,64.2,2400000,0xe0000
1781185774,64.8,2400000,0xe0000
1781185775,64.2,2400000,0xe0000
1781185776,65.3,2400000,0xe0000
1781185777,64.2,2400000,0xe0000
1781185778,64.2,2400000,0xe0000
1781185779,64.2,2400000,0xe0000
1781185780,64.2,2400000,0xe0000
1781185781,62.6,2400000,0xe0000
1781185782,64.2,2400000,0xe0000
1781185783,64.8,2400000,0xe0000
1781185784,64.8,2400000,0xe0000
1781185785,64.2,2400000,0xe0000
1781185786,64.8,2400000,0xe0000
1781185787,64.2,2400000,0xe0000
1781185788,64.2,2400000,0xe0000
1781185789,64.2,2400000,0xe0000
1781185790,64.8,2400000,0xe0000
1781185791,64.8,2400000,0xe0000
1781185792,64.8,2400000,0xe0000
1781185793,64.2,2400000,0xe0000
1781185794,65.3,2400000,0xe0000
1781185795,64.2,2400000,0xe0000
1781185797,64.8,2400000,0xe0000
1781185798,64.2,2400000,0xe0000
1781185799,64.8,2400000,0xe0000
1781185800,63.7,2400000,0xe0000
1781185801,64.8,2400000,0xe0000
1781185802,64.8,2400000,0xe0000
1781185803,64.2,2400000,0xe0000
1781185804,65.3,2400000,0xe0000
1781185805,64.8,2400000,0xe0000
1781185806,63.7,2400000,0xe0000
1781185807,64.2,2400000,0xe0000
1781185808,65.3,2400000,0xe0000
1781185809,64.2,2400000,0xe0000
1781185810,64.2,2400000,0xe0000
1781185811,63.7,2400000,0xe0000
1781185812,64.8,2400000,0xe0000
1781185813,62.0,2400000,0xe0000
1781185814,64.2,2400000,0xe0000
1781185815,63.7,2400000,0xe0000
1781185816,64.2,2400000,0xe0000
1781185817,64.8,2400000,0xe0000
1781185818,63.7,2400000,0xe0000
1781185819,64.2,2400000,0xe0000
1781185820,63.7,2400000,0xe0000
1781185821,64.2,2400000,0xe0000
1781185822,62.6,2400000,0xe0000
1781185823,64.2,2400000,0xe0000
1781185824,64.2,2400000,0xe0000
1781185825,65.3,2400000,0xe0000
1781185826,63.1,2400000,0xe0000
1781185827,64.2,2400000,0xe0000
1781185828,62.6,2400000,0xe0000
1781185829,64.8,2400000,0xe0000
1781185830,64.2,2400000,0xe0000
1781185831,64.2,2400000,0xe0000
1781185832,64.2,2400000,0xe0000
1781185833,64.8,2400000,0xe0000
1781185835,64.2,2400000,0xe0000
1781185836,64.2,2400000,0xe0000
1781185837,63.7,2400000,0xe0000
1781185838,63.7,2400000,0xe0000
1781185839,64.2,2400000,0xe0000
1781185840,64.2,2400000,0xe0000
1781185841,63.7,2400000,0xe0000
1781185842,64.2,2400000,0xe0000
1781185843,64.2,2400000,0xe0000
1781185844,64.2,2400000,0xe0000
1781185845,64.2,2400000,0xe0000
1781185846,64.2,2400000,0xe0000
1781185847,64.8,2400000,0xe0000
1781185848,64.8,2400000,0xe0000
1781185849,63.7,2400000,0xe0000
1781185850,64.2,2400000,0xe0000
1781185851,64.8,2400000,0xe0000
1781185852,64.2,2400000,0xe0000
1781185853,64.2,2400000,0xe0000
1781185854,64.2,2400000,0xe0000
1781185855,63.1,2400000,0xe0000
1781185856,64.2,2400000,0xe0000
1781185857,64.2,2400000,0xe0000
1781185858,64.2,2400000,0xe0000
1781185859,64.2,2400000,0xe0000
1781185860,64.8,2400000,0xe0000
1781185861,64.2,2400000,0xe0000
1781185862,63.7,2400000,0xe0000
1781185863,63.7,2400000,0xe0000
1781185864,63.1,2400000,0xe0000
1781185865,63.7,2400000,0xe0000
1781185866,63.1,2400000,0xe0000
1781185867,62.6,2400000,0xe0000
1781185868,63.7,2400000,0xe0000
1781185869,63.1,2400000,0xe0000
1781185871,63.1,2400000,0xe0000
1781185872,63.7,2400000,0xe0000
1781185873,63.7,2400000,0xe0000
1781185874,62.0,2400000,0xe0000
1781185875,63.1,2400000,0xe0000
1781185876,63.1,2400000,0xe0000
1781185877,62.6,2400000,0xe0000
1781185878,62.6,2400000,0xe0000
1781185879,62.6,2400000,0xe0000
1781185880,62.0,2400000,0xe0000
1781185881,62.0,2400000,0xe0000
1781185882,62.6,2400000,0xe0000
1781185883,62.6,2400000,0xe0000
1781185884,62.0,2400000,0xe0000
1781185885,63.1,2400000,0xe0000
1781185886,62.6,2400000,0xe0000
1781185887,62.6,2400000,0xe0000
1781185888,62.0,2400000,0xe0000
1781185889,62.6,2400000,0xe0000
1781185890,62.6,2400000,0xe0000
1781185891,62.0,2400000,0xe0000
1781185892,61.5,2400000,0xe0000
1781185893,62.0,2400000,0xe0000
1781185894,63.1,2400000,0xe0000
1781185895,63.1,2400000,0xe0000
1781185896,62.0,2400000,0xe0000
1781185897,62.6,2400000,0xe0000
1781185898,62.0,2400000,0xe0000
1781185899,62.6,2400000,0xe0000
1781185900,61.5,2400000,0xe0000
1781185901,62.6,2400000,0xe0000
1781185902,62.0,2400000,0xe0000
1781185903,61.5,2400000,0xe0000
1781185904,62.6,2400000,0xe0000
1781185905,61.5,2400000,0xe0000
1781185906,62.0,2400000,0xe0000
1781185907,62.0,2400000,0xe0000
1781185908,62.6,2400000,0xe0000
1781185909,62.0,2400000,0xe0000
1781185910,62.0,2400000,0xe0000
1781185911,62.0,2400000,0xe0000
1781185912,60.4,2400000,0xe0000
1781185913,61.5,2400000,0xe0000
1781185914,62.0,2400000,0xe0000
1781185915,61.5,2400000,0xe0000
1781185916,61.5,2400000,0xe0000
1781185917,61.5,2400000,0xe0000
1781185918,62.0,2400000,0xe0000
1781185919,60.9,2400000,0xe0000
1781185920,61.5,2400000,0xe0000
1781185921,61.5,2400000,0xe0000
1781185922,60.9,2400000,0xe0000
1781185923,60.4,2400000,0xe0000
1781185924,61.5,2400000,0xe0000
1781185925,60.9,2400000,0xe0000
1781185926,60.9,2400000,0xe0000
1781185927,61.5,2400000,0xe0000
1781185928,61.5,2400000,0xe0000
1781185929,62.0,2400000,0xe0000
1781185930,61.5,2400000,0xe0000
1781185931,60.9,2400000,0xe0000
1781185932,61.5,2400000,0xe0000
1781185933,61.5,2400000,0xe0000
1781185934,61.5,2400000,0xe0000
1781185935,60.9,2400000,0xe0000
1781185936,59.8,2400000,0xe0000
1781185937,61.5,2400000,0xe0000
1781185938,60.9,2400000,0xe0000
1781185939,60.4,2400000,0xe0000
1781185940,61.5,2400000,0xe0000
1781185941,60.9,2400000,0xe0000
1781185942,60.9,2400000,0xe0000
1781185943,61.5,2400000,0xe0000
1781185944,60.9,2400000,0xe0000
1781185946,60.9,2400000,0xe0000
1781185947,60.4,2400000,0xe0000
1781185948,60.4,2400000,0xe0000
1781185949,61.5,2400000,0xe0000
1781185950,60.9,2400000,0xe0000
1781185951,60.9,2400000,0xe0000
1781185952,60.9,2400000,0xe0000
1781185953,60.9,2400000,0xe0000
1781185954,60.9,2400000,0xe0000
1781185955,60.9,2400000,0xe0000
1781185956,60.9,2400000,0xe0000
1781185957,60.9,2400000,0xe0000
1781185958,60.9,2400000,0xe0000
1781185959,59.8,2400000,0xe0000
1781185960,60.9,2400000,0xe0000
1781185961,60.9,2400000,0xe0000
1781185962,60.9,2400000,0xe0000
1781185963,60.9,2400000,0xe0000
1781185964,60.9,2400000,0xe0000
1781185965,60.4,2400000,0xe0000
1781185966,60.9,2400000,0xe0000
1781185967,60.9,2400000,0xe0000
1781185968,60.4,2400000,0xe0000
1781185969,59.8,2400000,0xe0000
1781185970,59.8,2400000,0xe0000
1781185971,60.4,2400000,0xe0000
1781185972,59.3,2400000,0xe0000
1781185973,60.4,2400000,0xe0000
1781185974,60.9,2400000,0xe0000
1781185975,60.9,2400000,0xe0000
1781185976,60.9,2400000,0xe0000
1781185977,61.5,2400000,0xe0000
1781185978,60.9,2400000,0xe0000
1781185979,60.9,2400000,0xe0000
1781185980,60.9,2400000,0xe0000
1781185981,60.4,2400000,0xe0000
1781185982,60.9,2400000,0xe0000
1781185983,59.8,2400000,0xe0000
1781185984,60.9,2400000,0xe0000
1781185985,59.8,2400000,0xe0000
1781185986,60.4,2400000,0xe0000
1781185987,60.4,2400000,0xe0000
1781185988,60.4,2400000,0xe0000
1781185989,60.4,2400000,0xe0000
1781185990,60.4,2400000,0xe0000
1781185991,60.9,2400000,0xe0000
1781185992,60.4,2400000,0xe0000
1781185993,60.4,2400000,0xe0000
1781185994,59.8,2400000,0xe0000
1781185995,60.4,2400000,0xe0000
1781185996,59.8,2400000,0xe0000
1781185997,59.8,2400000,0xe0000
1781185998,59.3,2400000,0xe0000
1781185999,60.9,2400000,0xe0000
1781186000,60.4,2400000,0xe0000
1781186001,59.3,2400000,0xe0000
1781186002,59.3,2400000,0xe0000
1781186003,60.4,2400000,0xe0000
1781186004,59.8,2400000,0xe0000
1781186005,60.4,2400000,0xe0000
1781186006,59.8,2400000,0xe0000
1781186007,59.8,2400000,0xe0000
1781186009,59.8,2400000,0xe0000
1781186010,59.3,2400000,0xe0000
1781186011,59.8,2400000,0xe0000
1781186012,59.8,2400000,0xe0000
1781186013,59.8,2400000,0xe0000
1781186014,60.4,2400000,0xe0000
1781186015,58.7,2400000,0xe0000
1781186016,59.8,2400000,0xe0000
1781186017,58.7,2400000,0xe0000
1781186018,59.8,2400000,0xe0000
1781186019,60.4,2400000,0xe0000
1781186020,58.7,2400000,0xe0000
1781186021,59.8,2400000,0xe0000
1781186022,59.3,2400000,0xe0000
1781186023,59.8,2400000,0xe0000
1781186024,59.8,2400000,0xe0000
1781186025,58.2,2400000,0xe0000
1781186026,59.8,2400000,0xe0000
1781186027,59.8,2400000,0xe0000
1781186028,58.2,2400000,0xe0000
1781186029,59.8,2400000,0xe0000
1781186030,59.8,2400000,0xe0000
1781186031,60.4,2400000,0xe0000
1781186032,59.8,2400000,0xe0000
1781186033,59.8,2400000,0xe0000
1781186034,59.8,2400000,0xe0000
1781186035,59.8,2400000,0xe0000
1781186036,59.3,2400000,0xe0000
1781186037,59.8,2400000,0xe0000
1781186038,59.8,2400000,0xe0000
1781186039,58.7,2400000,0xe0000
1781186040,59.8,2400000,0xe0000
1781186041,59.8,2400000,0xe0000
1781186042,59.8,2400000,0xe0000
1781186043,59.8,2400000,0xe0000
1781186044,59.8,2400000,0xe0000
1781186045,59.3,2400000,0xe0000
1781186046,59.3,2400000,0xe0000
1781186047,59.8,2400000,0xe0000
1781186048,59.8,2400000,0xe0000
1781186049,59.8,2400000,0xe0000
1781186050,59.3,2400000,0xe0000
1781186051,59.8,2400000,0xe0000
1781186052,60.4,2400000,0xe0000
1781186053,59.3,2400000,0xe0000
1781186054,58.2,2400000,0xe0000
1781186055,58.7,2400000,0xe0000
1781186056,60.4,2400000,0xe0000
1781186057,59.8,2400000,0xe0000
1781186058,59.8,2400000,0xe0000
1781186059,59.8,2400000,0xe0000
1781186060,59.3,2400000,0xe0000
1781186061,58.2,2400000,0xe0000
1781186062,59.3,2400000,0xe0000
1781186063,59.8,2400000,0xe0000
1781186064,59.8,2400000,0xe0000
1781186065,59.3,2400000,0xe0000
1781186066,59.3,2400000,0xe0000
1781186067,58.7,2400000,0xe0000
1781186068,58.7,2400000,0xe0000
1781186070,59.3,2400000,0xe0000
1781186071,59.3,2400000,0xe0000
1781186072,58.7,2400000,0xe0000
1781186073,59.3,2400000,0xe0000
1781186074,59.3,2400000,0xe0000
1781186075,59.3,2400000,0xe0000
1781186076,59.3,2400000,0xe0000
1781186077,58.7,2400000,0xe0000
1781186078,59.3,2400000,0xe0000
1781186079,59.8,2400000,0xe0000
1781186080,59.3,2400000,0xe0000
1781186081,58.2,2400000,0xe0000
1781186082,59.3,2400000,0xe0000
1781186083,58.7,2400000,0xe0000
1781186084,59.3,2400000,0xe0000
1781186085,59.3,2400000,0xe0000
1781186086,59.3,2400000,0xe0000
1781186087,59.3,2400000,0xe0000
1781186088,59.8,2400000,0xe0000
1781186089,58.7,2400000,0xe0000
1781186090,59.3,2400000,0xe0000
1781186091,59.3,2400000,0xe0000
1781186092,59.3,2400000,0xe0000
1781186093,59.8,2400000,0xe0000
1781186094,59.8,2400000,0xe0000
1781186095,58.7,2400000,0xe0000
1781186096,59.3,2400000,0xe0000
1781186097,59.3,2400000,0xe0000
1781186098,59.3,2400000,0xe0000
1781186099,58.7,2400000,0xe0000
1781186100,59.3,2400000,0xe0000
1781186101,58.7,2400000,0xe0000
1781186102,58.2,2400000,0xe0000
1781186103,58.7,2400000,0xe0000
1781186104,58.2,2400000,0xe0000
1781186105,58.7,2400000,0xe0000
1781186106,59.3,2400000,0xe0000
1781186107,59.3,2400000,0xe0000
1781186108,58.7,2400000,0xe0000
1781186109,58.7,2400000,0xe0000
1781186110,58.7,2400000,0xe0000
1781186111,59.3,2400000,0xe0000
1781186112,59.3,2400000,0xe0000
1781186113,58.7,2400000,0xe0000
1781186114,59.8,2400000,0xe0000
1781186115,58.7,2400000,0xe0000
1781186116,58.7,2400000,0xe0000
1781186117,59.3,2400000,0xe0000
1781186118,58.7,2400000,0xe0000
1781186119,59.3,2400000,0xe0000
1781186120,59.3,2400000,0xe0000
1781186121,59.3,2400000,0xe0000
1781186122,58.7,2400000,0xe0000
1781186123,59.3,2400000,0xe0000
1781186124,59.3,2400000,0xe0000
1781186125,58.7,2400000,0xe0000
1781186126,58.7,2400000,0xe0000
1781186127,58.7,2400000,0xe0000
1781186128,59.3,2400000,0xe0000
1781186129,59.3,2400000,0xe0000
1781186130,58.7,2400000,0xe0000
1781186131,59.3,2400000,0xe0000
1781186132,59.3,2400000,0xe0000
1781186133,59.3,2400000,0xe0000
1781186134,58.7,2400000,0xe0000
1781186135,58.7,2400000,0xe0000
1781186136,59.8,2400000,0xe0000
1781186137,58.7,2400000,0xe0000
1781186139,59.3,2400000,0xe0000
1781186140,59.3,2400000,0xe0000
1781186141,58.7,2400000,0xe0000
1781186142,59.3,2400000,0xe0000
1781186143,59.3,2400000,0xe0000
1781186144,58.7,2400000,0xe0000
1781186145,58.7,2400000,0xe0000
1781186146,58.7,2400000,0xe0000
1781186147,59.3,2400000,0xe0000
1781186148,59.3,2400000,0xe0000
1781186149,58.2,2400000,0xe0000
1781186150,59.3,2400000,0xe0000
1781186151,58.7,2400000,0xe0000
1781186152,59.3,2400000,0xe0000
1781186153,59.3,2400000,0xe0000
1781186154,58.7,2400000,0xe0000
1781186155,58.2,2400000,0xe0000
1781186156,58.7,2400000,0xe0000
1781186157,58.2,2400000,0xe0000
1781186158,59.3,2400000,0xe0000
1781186159,57.6,2400000,0xe0000
1781186160,59.8,2400000,0xe0000
1781186161,58.2,2400000,0xe0000
1781186162,59.3,2400000,0xe0000
1781186163,58.7,2400000,0xe0000
1781186164,58.7,2400000,0xe0000
1781186165,59.3,2400000,0xe0000
1781186166,58.7,2400000,0xe0000
1781186167,58.7,2400000,0xe0000
1781186168,58.7,2400000,0xe0000
1781186169,59.3,2400000,0xe0000
1781186170,59.3,2400000,0xe0000
1781186171,58.7,2400000,0xe0000
1781186172,58.7,2400000,0xe0000
1781186173,58.7,2400000,0xe0000
1781186174,58.2,2400000,0xe0000
1781186175,58.7,2400000,0xe0000
1781186176,58.7,2400000,0xe0000
1781186177,58.7,2400000,0xe0000
1781186178,59.3,2400000,0xe0000
1781186179,59.3,2400000,0xe0000
1781186180,57.6,2400000,0xe0000
1781186181,58.7,2400000,0xe0000
1781186182,58.7,2400000,0xe0000
1781186183,58.2,2400000,0xe0000
1781186184,58.7,2400000,0xe0000
1781186185,59.3,2400000,0xe0000
1781186186,58.2,2400000,0xe0000
1781186187,57.6,2400000,0xe0000
1781186188,58.7,2400000,0xe0000
1781186189,58.2,2400000,0xe0000
1781186190,58.2,2400000,0xe0000
1781186191,58.2,2400000,0xe0000
1781186192,58.7,2400000,0xe0000
1781186193,58.7,2400000,0xe0000
1781186194,59.3,2400000,0xe0000
1781186195,59.3,2400000,0xe0000
1781186196,58.7,2400000,0xe0000
1781186197,58.7,2400000,0xe0000
1781186198,58.7,2400000,0xe0000
1781186199,58.7,2400000,0xe0000
1781186200,58.7,2400000,0xe0000
1781186201,58.7,2400000,0xe0000
1781186202,58.7,2400000,0xe0000
1781186203,58.7,2400000,0xe0000
1781186204,58.7,2400000,0xe0000
1781186205,58.7,2400000,0xe0000
1781186206,58.7,2400000,0xe0000
1781186208,59.3,2400000,0xe0000
1781186209,58.7,2400000,0xe0000
1781186210,58.7,2400000,0xe0000
1781186211,58.2,2400000,0xe0000
1781186212,58.2,2400000,0xe0000
1781186213,58.2,2400000,0xe0000
1781186214,58.7,2400000,0xe0000
1781186215,58.7,2400000,0xe0000
1781186216,58.2,2400000,0xe0000
1781186217,57.6,2400000,0xe0000
1781186218,58.7,2400000,0xe0000
1781186219,58.2,2400000,0xe0000
1781186220,58.7,2400000,0xe0000
1781186221,57.1,2400000,0xe0000
1781186222,59.3,2400000,0xe0000
1781186223,58.7,2400000,0xe0000
1781186224,58.2,2400000,0xe0000
1781186225,58.2,2400000,0xe0000
1781186226,58.7,2400000,0xe0000
1781186227,58.7,2400000,0xe0000
1781186228,58.2,2400000,0xe0000
1781186229,57.6,2400000,0xe0000
1781186230,58.7,2400000,0xe0000
1781186231,57.6,2400000,0xe0000
1781186232,58.2,2400000,0xe0000
1781186233,58.2,2400000,0xe0000
1781186234,58.7,2400000,0xe0000
1781186235,58.7,2400000,0xe0000
1781186236,58.7,2400000,0xe0000
1781186237,58.2,2400000,0xe0000
1781186238,58.2,2400000,0xe0000
1781186239,58.2,2400000,0xe0000
1781186240,59.3,2400000,0xe0000
1781186241,58.2,2400000,0xe0000
1781186242,58.7,2400000,0xe0000
1781186243,58.7,2400000,0xe0000
1781186244,58.2,2400000,0xe0000
1781186245,58.7,2400000,0xe0000
1781186246,58.7,2400000,0xe0000
1781186247,59.3,2400000,0xe0000
1781186248,58.7,2400000,0xe0000
1781186249,59.3,2400000,0xe0000
1781186250,58.7,2400000,0xe0000
1781186251,59.3,2400000,0xe0000
1781186252,58.7,2400000,0xe0000
1781186253,59.3,2400000,0xe0000
1781186254,58.2,2400000,0xe0000
1781186255,58.7,2400000,0xe0000
1781186256,58.2,2400000,0xe0000
1781186257,58.7,2400000,0xe0000
1781186258,58.7,2400000,0xe0000
1781186259,58.2,2400000,0xe0000
1781186260,58.7,2400000,0xe0000
1781186261,58.2,2400000,0xe0000
1781186262,57.6,2400000,0xe0000
1781186263,58.7,2400000,0xe0000
1781186264,59.3,2400000,0xe0000
1781186265,58.2,2400000,0xe0000
1781186266,58.7,2400000,0xe0000
1781186267,58.7,2400000,0xe0000
1781186268,58.7,2400000,0xe0000
1781186270,59.3,2400000,0xe0000
1781186271,58.7,2400000,0xe0000
1781186272,58.7,2400000,0xe0000
1781186273,57.1,2400000,0xe0000
1781186274,58.2,2400000,0xe0000
1781186275,58.2,2400000,0xe0000
1781186276,58.7,2400000,0xe0000
1781186277,58.7,2400000,0xe0000
1781186278,58.2,2400000,0xe0000
1781186279,58.7,2400000,0xe0000
1781186280,59.3,2400000,0xe0000
1781186281,58.2,2400000,0xe0000
1781186282,58.2,2400000,0xe0000
1781186283,57.6,2400000,0xe0000
1781186284,57.6,2400000,0xe0000
1781186285,58.7,2400000,0xe0000
1781186286,59.3,2400000,0xe0000
1781186287,58.2,2400000,0xe0000
1781186288,58.2,2400000,0xe0000
1781186289,58.2,2400000,0xe0000
1781186290,58.7,2400000,0xe0000
1781186291,58.2,2400000,0xe0000
1781186292,58.7,2400000,0xe0000
1781186293,58.2,2400000,0xe0000
1781186294,57.6,2400000,0xe0000
1781186295,58.2,2400000,0xe0000
1781186296,57.6,2400000,0xe0000
1781186297,59.3,2400000,0xe0000
1781186298,58.2,2400000,0xe0000
1781186299,57.6,2400000,0xe0000
1781186300,58.7,2400000,0xe0000
1781186301,59.3,2400000,0xe0000
1781186302,58.2,2400000,0xe0000
1781186303,58.7,2400000,0xe0000
1781186304,58.2,2400000,0xe0000
1781186305,58.7,2400000,0xe0000
1781186306,57.6,2400000,0xe0000
1781186307,58.2,2400000,0xe0000
1781186308,58.2,2400000,0xe0000
1781186309,58.7,2400000,0xe0000
1781186310,58.7,2400000,0xe0000
1781186311,59.3,2400000,0xe0000
1781186312,58.7,2400000,0xe0000
1781186313,58.7,2400000,0xe0000
1781186314,58.2,2400000,0xe0000
1781186316,58.2,2400000,0xe0000
1781186317,58.2,2400000,0xe0000
1781186318,58.2,2400000,0xe0000
1781186319,58.2,2400000,0xe0000
1781186320,58.7,2400000,0xe0000
1781186321,58.2,2400000,0xe0000
1781186322,58.7,2400000,0xe0000
1781186323,58.2,2400000,0xe0000
1781186324,58.7,2400000,0xe0000
1781186325,58.7,2400000,0xe0000
1781186326,57.1,2400000,0xe0000
1781186327,58.2,2400000,0xe0000
1781186328,58.7,2400000,0xe0000
1781186329,58.7,2400000,0xe0000
1781186330,58.2,2400000,0xe0000
1781186331,58.7,2400000,0xe0000
1781186332,58.7,2400000,0xe0000
1781186333,58.2,2400000,0xe0000
1781186334,58.7,2400000,0xe0000
1781186335,57.1,2400000,0xe0000
1781186336,58.7,2400000,0xe0000
1781186337,57.6,2400000,0xe0000
1781186338,57.6,2400000,0xe0000
1781186339,58.7,2400000,0xe0000
1781186340,58.7,2400000,0xe0000
1781186341,58.2,2400000,0xe0000
1781186342,58.7,2400000,0xe0000
1781186343,58.2,2400000,0xe0000
1781186344,58.7,2400000,0xe0000
1781186345,58.2,2400000,0xe0000
1781186346,58.2,2400000,0xe0000
1781186347,58.7,2400000,0xe0000
1781186348,58.2,2400000,0xe0000
1781186349,57.1,2400000,0xe0000
1781186350,58.2,2400000,0xe0000
1781186351,58.7,2400000,0xe0000
1781186352,58.7,2400000,0xe0000
1781186353,58.7,2400000,0xe0000
1781186354,58.7,2400000,0xe0000
1781186355,58.7,2400000,0xe0000
1781186356,58.2,2400000,0xe0000
1781186357,58.2,2400000,0xe0000
1781186358,58.7,2400000,0xe0000
1781186359,57.6,2400000,0xe0000
1781186360,58.7,2400000,0xe0000
1781186361,58.7,2400000,0xe0000
1781186362,58.7,2400000,0xe0000
1781186363,58.2,2400000,0xe0000
1781186364,58.2,2400000,0xe0000
1781186365,57.6,2400000,0xe0000
1781186366,57.6,2400000,0xe0000
1781186367,58.7,2400000,0xe0000
1781186368,57.6,2400000,0xe0000
1781186369,59.3,2400000,0xe0000
1781186370,59.3,2400000,0xe0000
1781186371,57.6,2400000,0xe0000
1781186372,58.7,2400000,0xe0000
1781186373,59.3,2400000,0xe0000
1781186374,59.3,2400000,0xe0000
1781186375,57.6,2400000,0xe0000
1781186377,58.2,2400000,0xe0000
1781186378,58.7,2400000,0xe0000
1781186379,58.7,2400000,0xe0000
1781186380,59.3,2400000,0xe0000
1781186381,58.2,2400000,0xe0000
1781186382,57.6,2400000,0xe0000
1781186383,59.3,2400000,0xe0000
1781186384,58.2,2400000,0xe0000
1781186385,57.6,2400000,0xe0000
1781186386,58.7,2400000,0xe0000
1781186387,58.2,2400000,0xe0000
1781186388,57.6,2400000,0xe0000
1781186389,58.2,2400000,0xe0000
1781186390,58.2,2400000,0xe0000
1781186391,58.7,2400000,0xe0000
1781186392,58.7,2400000,0xe0000
1781186393,58.7,2400000,0xe0000
1781186394,58.7,2400000,0xe0000
1781186395,58.7,2400000,0xe0000
1781186396,58.2,2400000,0xe0000
1781186397,58.2,2400000,0xe0000
1781186398,58.7,2400000,0xe0000
1781186399,58.7,2400000,0xe0000
1781186400,59.3,2400000,0xe0000
1781186401,57.6,2400000,0xe0000
1781186402,58.2,2400000,0xe0000
1781186403,58.2,2400000,0xe0000
1781186404,58.7,2400000,0xe0000
1781186405,58.7,2400000,0xe0000
1781186406,58.7,2400000,0xe0000
1781186407,57.6,2400000,0xe0000
1781186408,59.3,2400000,0xe0000
1781186409,58.2,2400000,0xe0000
1781186410,58.7,2400000,0xe0000
1781186411,58.7,2400000,0xe0000
1781186412,58.7,2400000,0xe0000
1781186413,58.7,2400000,0xe0000
1781186414,58.2,2400000,0xe0000
1781186415,57.6,2400000,0xe0000
1781186416,57.6,2400000,0xe0000
1781186417,58.7,2400000,0xe0000
1781186418,58.2,2400000,0xe0000
1781186419,58.2,2400000,0xe0000
1781186420,58.2,2400000,0xe0000
1781186421,58.2,2400000,0xe0000
1781186422,58.7,2400000,0xe0000
1781186423,57.6,2400000,0xe0000
1781186424,57.6,2400000,0xe0000
1781186425,58.2,2400000,0xe0000
1781186426,58.2,2400000,0xe0000
1781186427,58.7,2400000,0xe0000
1781186428,57.1,2400000,0xe0000
1781186429,58.7,2400000,0xe0000
1781186430,58.2,2400000,0xe0000
1781186431,57.6,2400000,0xe0000
1781186432,59.3,2400000,0xe0000
1781186433,58.7,2400000,0xe0000
1781186434,57.6,2400000,0xe0000
1781186435,57.6,2400000,0xe0000
1781186436,59.3,2400000,0xe0000
1781186437,58.7,2400000,0xe0000
1781186439,58.2,2400000,0xe0000
1781186440,58.7,2400000,0xe0000
1781186441,58.2,2400000,0xe0000
1781186442,59.3,2400000,0xe0000
1781186443,58.7,2400000,0xe0000
1781186444,58.7,2400000,0xe0000
1781186445,57.6,2400000,0xe0000
1781186446,58.2,2400000,0xe0000
1781186447,58.7,2400000,0xe0000
1781186448,58.2,2400000,0xe0000
1781186449,57.6,2400000,0xe0000
1781186450,58.2,2400000,0xe0000
1781186451,57.1,2400000,0xe0000
1781186452,57.6,2400000,0xe0000
1781186453,58.2,2400000,0xe0000
1781186454,57.6,2400000,0xe0000
1781186455,57.6,2400000,0xe0000
1781186456,58.2,2400000,0xe0000
1781186457,58.7,2400000,0xe0000
1781186458,58.7,2400000,0xe0000
1781186459,58.2,2400000,0xe0000
1781186460,58.2,2400000,0xe0000
1781186461,58.2,2400000,0xe0000
1781186462,58.7,2400000,0xe0000
1781186463,58.7,2400000,0xe0000
1781186464,58.2,2400000,0xe0000
1781186465,58.2,2400000,0xe0000
1781186466,58.7,2400000,0xe0000
1781186467,58.7,2400000,0xe0000
1781186468,58.7,2400000,0xe0000
1781186469,58.7,2400000,0xe0000
1781186470,57.6,2400000,0xe0000
1781186471,58.2,2400000,0xe0000
1781186472,58.7,2400000,0xe0000
1781186473,58.7,2400000,0xe0000
1781186474,58.7,2400000,0xe0000
1781186475,58.7,2400000,0xe0000
1781186476,58.2,2400000,0xe0000
1781186477,57.6,2400000,0xe0000
1781186478,58.2,2400000,0xe0000
1781186479,58.2,2400000,0xe0000
1781186480,58.7,2400000,0xe0000
1781186481,58.2,2400000,0xe0000
1781186482,58.7,2400000,0xe0000
1781186483,58.7,2400000,0xe0000
1781186484,58.2,2400000,0xe0000
1781186485,58.2,2400000,0xe0000
1781186486,58.7,2400000,0xe0000
1781186487,58.2,2400000,0xe0000
1781186488,57.6,2400000,0xe0000
1781186489,58.2,2400000,0xe0000
1781186490,58.7,2400000,0xe0000
1781186491,58.2,2400000,0xe0000
1781186492,58.7,2400000,0xe0000
1781186493,59.3,2400000,0xe0000
1781186494,58.2,2400000,0xe0000
1781186495,58.7,2400000,0xe0000
1781186496,58.2,2400000,0xe0000
1781186497,58.7,2400000,0xe0000
1781186498,58.7,2400000,0xe0000
1781186500,58.2,2400000,0xe0000
1781186501,58.2,2400000,0xe0000
1781186502,58.2,2400000,0xe0000
1781186503,57.1,2400000,0xe0000
1781186504,58.7,2400000,0xe0000
1781186505,58.2,2400000,0xe0000
1781186506,58.7,2400000,0xe0000
1781186507,58.2,2400000,0xe0000
1781186508,58.2,2400000,0xe0000
1781186509,57.6,2400000,0xe0000
1781186510,58.2,2400000,0xe0000
1781186511,57.6,2400000,0xe0000
1781186512,58.2,2400000,0xe0000
1781186513,58.2,2400000,0xe0000
1781186514,58.7,2400000,0xe0000
1781186515,58.7,2400000,0xe0000
1781186516,58.7,2400000,0xe0000
1781186517,58.2,2400000,0xe0000
1781186518,58.7,2400000,0xe0000
1781186519,57.6,2400000,0xe0000
1781186520,59.3,2400000,0xe0000
1781186521,58.2,2400000,0xe0000
1781186522,58.7,2400000,0xe0000
1781186523,57.1,2400000,0xe0000
1781186524,57.6,2400000,0xe0000
1781186525,57.1,2400000,0xe0000
1781186526,58.7,2400000,0xe0000
1781186527,58.2,2400000,0xe0000
1781186528,58.7,2400000,0xe0000
1781186529,57.6,2400000,0xe0000
1781186530,58.2,2400000,0xe0000
1781186531,58.7,2400000,0xe0000
1781186532,58.2,2400000,0xe0000
1781186533,58.7,2400000,0xe0000
1781186534,58.2,2400000,0xe0000
1781186535,58.2,2400000,0xe0000
1781186536,58.2,2400000,0xe0000
1781186537,58.7,2400000,0xe0000
1781186538,57.1,2400000,0xe0000
1781186539,57.6,2400000,0xe0000
1781186540,58.2,2400000,0xe0000
1781186541,59.3,2400000,0xe0000
1781186542,57.6,2400000,0xe0000
1781186543,57.1,2400000,0xe0000
1781186544,57.6,2400000,0xe0000
1781186545,58.7,2400000,0xe0000
1781186546,58.2,2400000,0xe0000
1781186547,58.7,2400000,0xe0000
1781186548,58.2,2400000,0xe0000
1781186549,57.6,2400000,0xe0000
1781186550,58.7,2400000,0xe0000
1781186551,58.7,2400000,0xe0000
1781186552,58.2,2400000,0xe0000
1781186553,57.6,2400000,0xe0000
1781186554,58.2,2400000,0xe0000
1781186555,58.2,2400000,0xe0000
1781186556,58.7,2400000,0xe0000
1781186557,58.2,2400000,0xe0000
1781186558,58.7,2400000,0xe0000
1781186559,58.7,2400000,0xe0000
1781186560,58.7,2400000,0xe0000
1781186561,58.7,2400000,0xe0000
1781186562,58.7,2400000,0xe0000
1781186563,58.7,2400000,0xe0000
1781186564,58.7,2400000,0xe0000
1781186565,58.2,2400000,0xe0000
1781186566,58.2,2400000,0xe0000
1781186567,57.6,2400000,0xe0000
1781186568,58.2,2400000,0xe0000
1781186569,58.2,2400000,0xe0000
1781186570,58.2,2400000,0xe0000
1781186571,58.7,2400000,0xe0000
1781186572,57.6,2400000,0xe0000
1781186573,58.2,2400000,0xe0000
1781186574,58.7,2400000,0xe0000
1781186575,59.3,2400000,0xe0000
1781186577,58.2,2400000,0xe0000
1781186578,58.2,2400000,0xe0000
1781186579,58.2,2400000,0xe0000
1781186580,58.2,2400000,0xe0000
1781186581,58.7,2400000,0xe0000
1781186582,58.2,2400000,0xe0000
1781186583,58.7,2400000,0xe0000
1781186584,58.7,2400000,0xe0000
1781186585,58.7,2400000,0xe0000
1781186586,58.7,2400000,0xe0000
1781186587,58.2,2400000,0xe0000
1781186588,58.2,2400000,0xe0000
1781186589,57.6,2400000,0xe0000
1781186590,58.2,2400000,0xe0000
1781186591,58.2,2400000,0xe0000
1781186592,58.7,2400000,0xe0000
1781186593,58.7,2400000,0xe0000
1781186594,58.7,2400000,0xe0000
1781186595,58.7,2400000,0xe0000
1781186596,58.2,2400000,0xe0000
1781186597,58.2,2400000,0xe0000
1781186598,58.7,2400000,0xe0000
1781186599,58.2,2400000,0xe0000
1781186600,57.6,2400000,0xe0000
1781186601,58.7,2400000,0xe0000
1781186602,58.2,2400000,0xe0000
1781186603,58.7,2400000,0xe0000
1781186604,58.2,2400000,0xe0000
1781186605,58.7,2400000,0xe0000
1781186606,58.2,2400000,0xe0000
1781186607,58.2,2400000,0xe0000
1781186608,58.2,2400000,0xe0000
1781186609,58.2,2400000,0xe0000
1781186610,58.7,2400000,0xe0000
1781186611,58.7,2400000,0xe0000
1781186612,58.7,2400000,0xe0000
1781186613,57.6,2400000,0xe0000
1781186614,58.2,2400000,0xe0000
1781186615,57.1,2400000,0xe0000
1781186616,57.1,2400000,0xe0000
1781186617,57.1,2400000,0xe0000
1781186618,58.7,2400000,0xe0000
1781186619,58.2,2400000,0xe0000
1781186620,58.7,2400000,0xe0000
1781186621,58.2,2400000,0xe0000
1781186622,58.7,2400000,0xe0000
1781186623,58.2,2400000,0xe0000
1781186624,58.7,2400000,0xe0000
1781186625,58.2,2400000,0xe0000
1781186626,58.7,2400000,0xe0000
1781186627,58.7,2400000,0xe0000
1781186628,58.2,2400000,0xe0000
1781186629,58.2,2400000,0xe0000
1781186630,58.2,2400000,0xe0000
1781186631,58.7,2400000,0xe0000
1781186632,57.1,2400000,0xe0000
1781186633,57.6,2400000,0xe0000
1781186634,58.7,2400000,0xe0000
1781186635,58.7,2400000,0xe0000
1781186636,57.6,2400000,0xe0000
1781186637,58.2,2400000,0xe0000
1781186638,58.2,2400000,0xe0000
1781186639,58.7,2400000,0xe0000
1781186640,57.6,2400000,0xe0000
1781186641,58.2,2400000,0xe0000
1781186642,58.7,2400000,0xe0000
1781186643,58.2,2400000,0xe0000
1781186644,58.2,2400000,0xe0000
1781186646,58.7,2400000,0xe0000
1781186647,58.2,2400000,0xe0000
1781186648,58.2,2400000,0xe0000
1781186649,58.7,2400000,0xe0000
1781186650,58.2,2400000,0xe0000
1781186651,57.1,2400000,0xe0000
1781186652,58.2,2400000,0xe0000
1781186653,58.7,2400000,0xe0000
1781186654,58.2,2400000,0xe0000
1781186655,58.7,2400000,0xe0000
1781186656,58.2,2400000,0xe0000
1781186657,58.2,2400000,0xe0000
1781186658,58.2,2400000,0xe0000
1781186659,58.7,2400000,0xe0000
1781186660,58.2,2400000,0xe0000
1781186661,58.7,2400000,0xe0000
1781186662,58.2,2400000,0xe0000
1781186663,58.7,2400000,0xe0000
1781186664,58.2,2400000,0xe0000
1781186665,58.7,2400000,0xe0000
1781186666,58.2,2400000,0xe0000
1781186667,58.2,2400000,0xe0000
1781186668,58.7,2400000,0xe0000
1781186669,58.7,2400000,0xe0000
1781186670,58.7,2400000,0xe0000
1781186671,58.2,2400000,0xe0000
1781186672,57.1,2400000,0xe0000
1781186673,58.2,2400000,0xe0000
1781186674,58.2,2400000,0xe0000
1781186675,57.6,2400000,0xe0000
1781186676,59.3,2400000,0xe0000
1781186677,58.2,2400000,0xe0000
1781186678,57.6,2400000,0xe0000
1781186679,57.6,2400000,0xe0000
1781186680,58.2,2400000,0xe0000
1781186681,58.2,2400000,0xe0000
1781186682,58.2,2400000,0xe0000
1781186683,58.2,2400000,0xe0000
1781186684,58.2,2400000,0xe0000
1781186685,58.7,2400000,0xe0000
1781186686,58.7,2400000,0xe0000
1781186687,58.2,2400000,0xe0000
1781186688,58.7,2400000,0xe0000
1781186689,58.7,2400000,0xe0000
1781186690,57.6,2400000,0xe0000
1781186691,58.7,2400000,0xe0000
1781186692,57.6,2400000,0xe0000
1781186693,58.2,2400000,0xe0000
1781186694,58.7,2400000,0xe0000
1781186695,58.2,2400000,0xe0000
1781186696,57.6,2400000,0xe0000
1781186697,57.1,2400000,0xe0000
1781186698,57.6,2400000,0xe0000
1781186699,58.7,2400000,0xe0000
1781186700,58.7,2400000,0xe0000
1781186701,58.2,2400000,0xe0000
1781186702,58.2,2400000,0xe0000
1781186703,58.2,2400000,0xe0000
1781186704,58.7,2400000,0xe0000
1781186705,57.6,2400000,0xe0000
1781186706,58.2,2400000,0xe0000
1781186707,57.6,2400000,0xe0000
1781186708,58.2,2400000,0xe0000
1781186709,57.6,2400000,0xe0000
1781186710,57.1,2400000,0xe0000
1781186711,58.2,2400000,0xe0000
1781186712,58.2,2400000,0xe0000
1781186713,58.7,2400000,0xe0000
1781186714,58.2,2400000,0xe0000
1781186715,57.6,2400000,0xe0000
1781186716,58.7,2400000,0xe0000
1781186717,58.7,2400000,0xe0000
1781186718,57.6,2400000,0xe0000
1781186719,58.2,2400000,0xe0000
1781186720,58.2,2400000,0xe0000
1781186721,58.2,2400000,0xe0000
1781186723,58.7,2400000,0xe0000
1781186724,57.6,2400000,0xe0000
1781186725,57.1,2400000,0xe0000
1781186726,58.2,2400000,0xe0000
1781186727,58.2,2400000,0xe0000
1781186728,58.2,2400000,0xe0000
1781186729,58.7,2400000,0xe0000
1781186730,58.2,2400000,0xe0000
1781186731,58.2,2400000,0xe0000
1781186732,58.2,2400000,0xe0000
1781186733,58.2,2400000,0xe0000
1781186734,57.6,2400000,0xe0000
1781186735,58.7,2400000,0xe0000
1781186736,58.2,2400000,0xe0000
1781186737,57.6,2400000,0xe0000
1781186738,58.7,2400000,0xe0000
1781186739,58.7,2400000,0xe0000
1781186740,58.2,2400000,0xe0000
1781186741,57.6,2400000,0xe0000
1781186742,58.7,2400000,0xe0000
1781186743,58.7,2400000,0xe0000
1781186744,58.7,2400000,0xe0000
1781186745,57.1,2400000,0xe0000
1781186746,57.6,2400000,0xe0000
1781186747,57.6,2400000,0xe0000
1781186748,58.2,2400000,0xe0000
1781186749,59.3,2400000,0xe0000
1781186750,58.2,2400000,0xe0000
1781186751,58.2,2400000,0xe0000
1781186752,58.7,2400000,0xe0000
1781186753,58.2,2400000,0xe0000
1781186754,57.6,2400000,0xe0000
1781186755,58.2,2400000,0xe0000
1781186756,58.7,2400000,0xe0000
1781186757,58.7,2400000,0xe0000
1781186758,58.7,2400000,0xe0000
1781186759,59.3,2400000,0xe0000
1781186760,58.7,2400000,0xe0000
1781186761,57.6,2400000,0xe0000
1781186762,58.7,2400000,0xe0000
1781186763,58.2,2400000,0xe0000
1781186764,58.7,2400000,0xe0000
1781186765,58.7,2400000,0xe0000
1781186766,58.2,2400000,0xe0000
1781186767,59.3,2400000,0xe0000
1781186768,57.6,2400000,0xe0000
1781186769,58.2,2400000,0xe0000
1781186770,57.6,2400000,0xe0000
1781186771,58.2,2400000,0xe0000
1781186772,58.7,2400000,0xe0000
1781186773,57.6,2400000,0xe0000
1781186774,58.2,2400000,0xe0000
1781186775,57.6,2400000,0xe0000
1781186776,58.7,2400000,0xe0000
1781186777,58.7,2400000,0xe0000
1781186778,57.1,2400000,0xe0000
1781186779,58.7,2400000,0xe0000
1781186780,58.2,2400000,0xe0000
1781186781,58.2,2400000,0xe0000
1781186782,57.6,2400000,0xe0000
1781186783,58.2,2400000,0xe0000
1781186784,58.7,2400000,0xe0000
1781186785,58.2,2400000,0xe0000
1781186786,58.2,2400000,0xe0000
1781186787,58.7,2400000,0xe0000
1781186788,58.7,2400000,0xe0000
1781186789,57.6,2400000,0xe0000
1781186790,57.6,2400000,0xe0000
1781186791,58.2,2400000,0xe0000
1781186793,58.7,2400000,0xe0000
1781186794,58.2,2400000,0xe0000
1781186795,58.2,2400000,0xe0000
1781186796,58.2,2400000,0xe0000
1781186797,57.6,2400000,0xe0000
1781186798,58.2,2400000,0xe0000
1781186799,58.2,2400000,0xe0000
1781186800,58.2,2400000,0xe0000
1781186801,58.7,2400000,0xe0000
1781186802,58.7,2400000,0xe0000
1781186803,58.7,2400000,0xe0000
1781186804,58.2,2400000,0xe0000
1781186805,58.2,2400000,0xe0000
1781186806,58.2,2400000,0xe0000
1781186807,58.7,2400000,0xe0000
1781186808,57.1,2400000,0xe0000
1781186809,58.7,2400000,0xe0000
1781186810,57.6,2400000,0xe0000
1781186811,58.7,2400000,0xe0000
1781186812,58.7,2400000,0xe0000
1781186813,58.7,2400000,0xe0000
1781186814,57.6,2400000,0xe0000
1781186815,58.2,2400000,0xe0000
1781186816,58.2,2400000,0xe0000
1781186817,58.2,2400000,0xe0000
1781186818,57.1,2400000,0xe0000
1781186819,58.7,2400000,0xe0000
1781186820,58.7,2400000,0xe0000
1781186821,58.7,2400000,0xe0000
1781186822,58.2,2400000,0xe0000
1781186823,58.7,2400000,0xe0000
1781186824,58.7,2400000,0xe0000
1781186825,58.2,2400000,0xe0000
1781186826,58.2,2400000,0xe0000
1781186827,56.5,2400000,0xe0000
1781186828,58.7,2400000,0xe0000
1781186829,58.2,2400000,0xe0000
1781186830,58.2,2400000,0xe0000
1781186831,58.7,2400000,0xe0000
1781186832,58.7,2400000,0xe0000
1781186833,58.7,2400000,0xe0000
1781186834,57.6,2400000,0xe0000
1781186835,58.2,2400000,0xe0000
1781186836,58.2,2400000,0xe0000
1781186837,58.2,2400000,0xe0000
1781186838,58.7,2400000,0xe0000
1781186839,58.2,2400000,0xe0000
1781186840,58.2,2400000,0xe0000
1781186841,58.7,2400000,0xe0000
1781186842,58.7,2400000,0xe0000
1781186843,57.1,2400000,0xe0000
1781186844,58.2,2400000,0xe0000
1781186846,58.7,2400000,0xe0000
1781186847,58.7,2400000,0xe0000
1781186848,58.7,2400000,0xe0000
1781186849,58.7,2400000,0xe0000
1781186850,58.2,2400000,0xe0000
1781186851,57.6,2400000,0xe0000
1781186852,58.2,2400000,0xe0000
1781186853,58.7,2400000,0xe0000
1781186854,58.2,2400000,0xe0000
1781186855,58.2,2400000,0xe0000
1781186856,58.2,2400000,0xe0000
1781186857,58.2,2400000,0xe0000
1781186858,58.2,2400000,0xe0000
1781186859,58.2,2400000,0xe0000
1781186860,58.2,2400000,0xe0000
1781186861,58.2,2400000,0xe0000
1781186862,58.2,2400000,0xe0000
1781186863,58.7,2400000,0xe0000
1781186864,57.6,2400000,0xe0000
1781186865,58.7,2400000,0xe0000
1781186866,57.6,2400000,0xe0000
1781186867,58.7,2400000,0xe0000
1781186868,58.2,2400000,0xe0000
1781186869,58.7,2400000,0xe0000
1781186870,57.6,2400000,0xe0000
1781186871,58.2,2400000,0xe0000
1781186872,58.2,2400000,0xe0000
1781186873,57.6,2400000,0xe0000
1781186874,58.2,2400000,0xe0000
1781186875,58.7,2400000,0xe0000
1781186876,58.7,2400000,0xe0000
1781186877,58.2,2400000,0xe0000
1781186878,58.7,2400000,0xe0000
1781186879,58.7,2400000,0xe0000
1781186880,58.7,2400000,0xe0000
1781186881,58.7,2400000,0xe0000
1781186882,58.2,2400000,0xe0000
1781186883,58.2,2400000,0xe0000
1781186884,58.7,2400000,0xe0000
1781186885,58.7,2400000,0xe0000
1781186886,58.7,2400000,0xe0000
1781186887,58.7,2400000,0xe0000
1781186888,58.2,2400000,0xe0000
1781186889,57.1,2400000,0xe0000
1781186890,58.7,2400000,0xe0000
1781186891,58.2,2400000,0xe0000
1781186892,58.2,2400000,0xe0000
1781186893,58.7,2400000,0xe0000
1781186894,58.7,2400000,0xe0000
1781186895,57.6,2400000,0xe0000
1781186896,58.7,2400000,0xe0000
1781186897,57.6,2400000,0xe0000
1781186898,57.6,2400000,0xe0000
1781186899,58.2,2400000,0xe0000
1781186900,58.2,2400000,0xe0000
1781186901,57.6,2400000,0xe0000
1781186902,57.6,2400000,0xe0000
1781186903,58.2,2400000,0xe0000
1781186904,58.7,2400000,0xe0000
1781186905,57.6,2400000,0xe0000
1781186906,57.6,2400000,0xe0000
1781186907,58.2,2400000,0xe0000
1781186908,58.2,2400000,0xe0000
1781186909,58.7,2400000,0xe0000
1781186910,58.2,2400000,0xe0000
1781186911,58.2,2400000,0xe0000
1781186912,58.7,2400000,0xe0000
1781186913,58.2,2400000,0xe0000
1781186914,58.7,2400000,0xe0000
1781186915,58.2,2400000,0xe0000
1781186916,58.7,2400000,0xe0000
1781186917,57.6,2400000,0xe0000
1781186918,57.6,2400000,0xe0000
1781186919,58.7,2400000,0xe0000
1781186920,58.2,2400000,0xe0000
1781186921,58.2,2400000,0xe0000
1781186923,58.2,2400000,0xe0000
1781186924,57.6,2400000,0xe0000
1781186925,58.2,2400000,0xe0000
1781186926,58.2,2400000,0xe0000
1781186927,57.6,2400000,0xe0000
1781186928,57.6,2400000,0xe0000
1781186929,56.5,2400000,0xe0000
1781186930,58.2,2400000,0xe0000
1781186931,58.2,2400000,0xe0000
1781186932,58.7,2400000,0xe0000
1781186933,57.1,2400000,0xe0000
1781186934,57.6,2400000,0xe0000
1781186935,58.7,2400000,0xe0000
1781186936,58.2,2400000,0xe0000
1781186937,58.2,2400000,0xe0000
1781186938,58.7,2400000,0xe0000
1781186939,58.7,2400000,0xe0000
1781186940,58.7,2400000,0xe0000
1781186941,58.7,2400000,0xe0000
1781186942,58.7,2400000,0xe0000
1781186943,57.6,2400000,0xe0000
1781186944,57.6,2400000,0xe0000
1781186945,58.2,2400000,0xe0000
1781186946,58.2,2400000,0xe0000
1781186947,58.7,2400000,0xe0000
1781186948,58.2,2400000,0xe0000
1781186949,58.2,2400000,0xe0000
1781186950,57.6,2400000,0xe0000
1781186951,57.1,2400000,0xe0000
1781186952,58.2,2400000,0xe0000
1781186953,57.1,2400000,0xe0000
1781186954,58.7,2400000,0xe0000
1781186955,58.7,2400000,0xe0000
1781186956,58.7,2400000,0xe0000
1781186957,58.2,2400000,0xe0000
1781186958,58.2,2400000,0xe0000
1781186959,58.7,2400000,0xe0000
1781186960,58.2,2400000,0xe0000
1781186961,58.2,2400000,0xe0000
1781186962,58.2,2400000,0xe0000
1781186963,57.6,2400000,0xe0000
1781186964,58.7,2400000,0xe0000
1781186965,58.7,2400000,0xe0000
1781186966,57.1,2400000,0xe0000
1781186967,57.6,2400000,0xe0000
1781186968,58.7,2400000,0xe0000
1781186969,58.2,2400000,0xe0000
1781186970,58.2,2400000,0xe0000
1781186971,58.2,2400000,0xe0000
1781186972,58.7,2400000,0xe0000
1781186973,58.2,2400000,0xe0000
1781186974,58.2,2400000,0xe0000
1781186975,58.2,2400000,0xe0000
1781186976,59.3,2400000,0xe0000
1781186977,57.6,2400000,0xe0000
1781186978,57.6,2400000,0xe0000
1781186979,58.2,2400000,0xe0000
1781186980,58.2,2400000,0xe0000
1781186981,58.7,2400000,0xe0000
1781186982,58.7,2400000,0xe0000
1781186983,58.2,2400000,0xe0000
1781186984,59.3,2400000,0xe0000
1781186985,57.6,2400000,0xe0000
1781186986,58.2,2400000,0xe0000
1781186987,57.6,2400000,0xe0000
1781186988,57.6,2400000,0xe0000
1781186989,57.6,2400000,0xe0000
1781186990,58.2,2400000,0xe0000
1781186992,58.2,2400000,0xe0000
1781186993,58.7,2400000,0xe0000
1781186994,58.2,2400000,0xe0000
1781186995,58.2,2400000,0xe0000
1781186996,56.5,2400000,0xe0000
1781186997,57.6,2400000,0xe0000
1781186998,58.2,2400000,0xe0000
1781186999,58.2,2400000,0xe0000
1781187000,58.2,2400000,0xe0000
1781187001,58.7,2400000,0xe0000
1781187002,57.1,2400000,0xe0000
1781187003,58.7,2400000,0xe0000
1781187004,58.7,2400000,0xe0000
1781187005,57.6,2400000,0xe0000
1781187006,58.7,2400000,0xe0000
1781187007,57.6,2400000,0xe0000
1781187008,58.2,2400000,0xe0000
1781187009,58.2,2400000,0xe0000
1781187010,58.7,2400000,0xe0000
1781187011,58.2,2400000,0xe0000
1781187012,58.2,2400000,0xe0000
1781187013,59.3,2400000,0xe0000
1781187014,58.2,2400000,0xe0000
1781187015,58.2,2400000,0xe0000
1781187016,58.2,2400000,0xe0000
1781187017,58.7,2400000,0xe0000
1781187018,58.2,2400000,0xe0000
1781187019,58.2,2400000,0xe0000
1781187020,57.6,2400000,0xe0000
1781187021,57.6,2400000,0xe0000
1781187022,59.3,2400000,0xe0000
1781187023,59.3,2400000,0xe0000
1781187024,58.2,2400000,0xe0000
1781187025,58.2,2400000,0xe0000
1781187026,58.2,2400000,0xe0000
1781187027,56.5,2400000,0xe0000
1781187028,58.7,2400000,0xe0000
1781187029,58.2,2400000,0xe0000
1781187030,57.6,2400000,0xe0000
1781187031,58.7,2400000,0xe0000
1781187032,58.7,2400000,0xe0000
1781187033,58.2,2400000,0xe0000
1781187034,58.2,2400000,0xe0000
1781187035,57.6,2400000,0xe0000
1781187036,57.6,2400000,0xe0000
1781187037,58.7,2400000,0xe0000
1781187038,58.2,2400000,0xe0000
1781187039,58.2,2400000,0xe0000
1781187040,58.2,2400000,0xe0000
1781187041,57.1,2400000,0xe0000
1781187042,58.2,2400000,0xe0000
1781187043,58.2,2400000,0xe0000
1781187044,58.2,2400000,0xe0000
1781187045,57.6,2400000,0xe0000
1781187046,58.7,2400000,0xe0000
1781187047,57.6,2400000,0xe0000
1781187048,58.2,2400000,0xe0000
1781187049,58.2,2400000,0xe0000
1781187050,57.6,2400000,0xe0000
1781187051,58.7,2400000,0xe0000
1781187052,58.7,2400000,0xe0000
1781187053,58.2,2400000,0xe0000
1781187054,58.7,2400000,0xe0000
1781187055,58.2,2400000,0xe0000
1781187056,58.7,2400000,0xe0000
1781187057,58.7,2400000,0xe0000
1781187058,58.2,2400000,0xe0000
1781187059,58.2,2400000,0xe0000
1781187061,58.2,2400000,0xe0000
1781187062,57.6,2400000,0xe0000
1781187063,58.2,2400000,0xe0000
1781187064,58.7,2400000,0xe0000
1781187065,58.2,2400000,0xe0000
1781187066,58.7,2400000,0xe0000
1781187067,58.2,2400000,0xe0000
1781187068,58.2,2400000,0xe0000
1781187069,58.7,2400000,0xe0000
1781187070,58.7,2400000,0xe0000
1781187071,58.2,2400000,0xe0000
1781187072,58.7,2400000,0xe0000
1781187073,58.7,2400000,0xe0000
1781187074,57.6,2400000,0xe0000
1781187075,58.7,2400000,0xe0000
1781187076,58.7,2400000,0xe0000
1781187077,57.6,2400000,0xe0000
1781187078,58.7,2400000,0xe0000
1781187079,58.2,2400000,0xe0000
1781187080,58.7,2400000,0xe0000
1781187081,58.7,2400000,0xe0000
1781187082,58.2,2400000,0xe0000
1781187083,58.7,2400000,0xe0000
1781187084,58.7,2400000,0xe0000
1781187085,58.7,2400000,0xe0000
1781187086,57.6,2400000,0xe0000
1781187087,58.7,2400000,0xe0000
1781187088,58.2,2400000,0xe0000
1781187089,58.7,2400000,0xe0000
1781187090,58.2,2400000,0xe0000
1781187091,58.2,2400000,0xe0000
1781187092,58.2,2400000,0xe0000
1781187093,58.2,2400000,0xe0000
1781187094,58.7,2400000,0xe0000
1781187095,58.2,2400000,0xe0000
1781187096,58.2,2400000,0xe0000
1781187097,57.6,2400000,0xe0000
1781187098,59.3,2400000,0xe0000
1781187099,57.6,2400000,0xe0000
1781187100,58.2,2400000,0xe0000
1781187101,57.6,2400000,0xe0000
1781187102,58.2,2400000,0xe0000
1781187103,58.7,2400000,0xe0000
1781187104,57.6,2400000,0xe0000
1781187105,58.7,2400000,0xe0000
1781187106,58.7,2400000,0xe0000
1781187107,58.7,2400000,0xe0000
1781187108,58.2,2400000,0xe0000
1781187109,58.2,2400000,0xe0000
1781187110,58.7,2400000,0xe0000
1781187111,58.7,2400000,0xe0000
1781187112,58.2,2400000,0xe0000
1781187113,58.7,2400000,0xe0000
1781187114,57.6,2400000,0xe0000
1781187115,58.7,2400000,0xe0000
1781187116,58.2,2400000,0xe0000
1781187117,58.2,2400000,0xe0000
1781187118,57.6,2400000,0xe0000
1781187119,58.2,2400000,0xe0000
1781187120,58.2,2400000,0xe0000
1781187122,59.3,2400000,0xe0000
1781187123,57.6,2400000,0xe0000
1781187124,58.2,2400000,0xe0000
1781187125,59.3,2400000,0xe0000
1781187126,58.2,2400000,0xe0000
1781187127,58.2,2400000,0xe0000
1781187128,58.7,2400000,0xe0000
1781187129,58.7,2400000,0xe0000
1781187130,57.1,2400000,0xe0000
1781187131,58.7,2400000,0xe0000
1781187132,59.3,2400000,0xe0000
1781187133,58.7,2400000,0xe0000
1781187134,59.3,2400000,0xe0000
1781187135,58.7,2400000,0xe0000
1781187136,58.2,2400000,0xe0000
1781187137,58.2,2400000,0xe0000
1781187138,58.7,2400000,0xe0000
1781187139,58.2,2400000,0xe0000
1781187140,58.7,2400000,0xe0000
1781187141,58.2,2400000,0xe0000
1781187142,57.6,2400000,0xe0000
1781187143,58.2,2400000,0xe0000
1781187144,58.2,2400000,0xe0000
1781187145,58.7,2400000,0xe0000
1781187146,58.2,2400000,0xe0000
1781187147,58.2,2400000,0xe0000
1781187148,57.6,2400000,0xe0000
1781187149,57.6,2400000,0xe0000
1781187150,57.6,2400000,0xe0000
1781187151,57.6,2400000,0xe0000
1781187152,59.3,2400000,0xe0000
1781187153,58.7,2400000,0xe0000
1781187154,58.2,2400000,0xe0000
1781187155,57.6,2400000,0xe0000
1781187156,58.7,2400000,0xe0000
1781187157,57.6,2400000,0xe0000
1781187158,58.2,2400000,0xe0000
1781187159,58.7,2400000,0xe0000
1781187160,58.2,2400000,0xe0000
1781187161,58.7,2400000,0xe0000
1781187162,58.2,2400000,0xe0000
1781187163,58.7,2400000,0xe0000
1781187164,58.2,2400000,0xe0000
1781187165,58.7,2400000,0xe0000
1781187166,58.7,2400000,0xe0000
1781187167,58.2,2400000,0xe0000
1781187168,58.2,2400000,0xe0000
1781187169,58.7,2400000,0xe0000
1781187170,58.2,2400000,0xe0000
1781187171,58.2,2400000,0xe0000
1781187172,58.2,2400000,0xe0000
1781187173,58.7,2400000,0xe0000
1781187174,59.3,2400000,0xe0000
1781187175,58.7,2400000,0xe0000
1781187176,58.7,2400000,0xe0000
1781187177,58.7,2400000,0xe0000
1781187178,58.2,2400000,0xe0000
1781187179,58.2,2400000,0xe0000
1781187180,57.6,2400000,0xe0000
1781187181,58.2,2400000,0xe0000
1781187183,58.7,2400000,0xe0000
1781187184,57.6,2400000,0xe0000
1781187185,58.7,2400000,0xe0000
1781187186,57.6,2400000,0xe0000
1781187187,57.6,2400000,0xe0000
1781187188,58.7,2400000,0xe0000
1781187189,58.2,2400000,0xe0000
1781187190,58.2,2400000,0xe0000
1781187191,57.1,2400000,0xe0000
1781187192,58.2,2400000,0xe0000
1781187193,58.2,2400000,0xe0000
1781187194,58.2,2400000,0xe0000
1781187195,58.7,2400000,0xe0000
1781187196,57.6,2400000,0xe0000
1781187197,57.1,2400000,0xe0000
1781187198,57.6,2400000,0xe0000
1781187199,58.2,2400000,0xe0000
1781187200,58.7,2400000,0xe0000
1781187201,58.7,2400000,0xe0000
1781187202,59.3,2400000,0xe0000
1781187203,58.7,2400000,0xe0000
1781187204,58.2,2400000,0xe0000
1781187205,58.7,2400000,0xe0000
1781187206,58.2,2400000,0xe0000
1781187207,58.7,2400000,0xe0000
1781187208,57.6,2400000,0xe0000
1781187209,58.2,2400000,0xe0000
1781187210,58.7,2400000,0xe0000
1781187211,58.7,2400000,0xe0000
1781187212,57.6,2400000,0xe0000
1781187213,58.2,2400000,0xe0000
1781187214,58.7,2400000,0xe0000
1781187215,58.7,2400000,0xe0000
1781187216,58.2,2400000,0xe0000
1781187217,58.2,2400000,0xe0000
1781187218,58.2,2400000,0xe0000
1781187219,58.2,2400000,0xe0000
1781187220,57.1,2400000,0xe0000
1781187221,58.2,2400000,0xe0000
1781187222,59.3,2400000,0xe0000
1781187223,59.3,2400000,0xe0000
1781187224,58.7,2400000,0xe0000
1781187225,58.7,2400000,0xe0000
1781187226,58.2,2400000,0xe0000
1781187227,59.3,2400000,0xe0000
1781187228,57.6,2400000,0xe0000
1781187229,58.7,2400000,0xe0000
1781187230,58.7,2400000,0xe0000
1781187231,57.6,2400000,0xe0000
1781187232,58.7,2400000,0xe0000
1781187233,57.1,2400000,0xe0000
1781187234,59.3,2400000,0xe0000
1781187235,58.7,2400000,0xe0000
1781187236,58.7,2400000,0xe0000
1781187237,57.6,2400000,0xe0000
1781187238,58.7,2400000,0xe0000
1781187239,58.2,2400000,0xe0000
1781187240,58.7,2400000,0xe0000
1781187241,58.7,2400000,0xe0000
1781187242,58.2,2400000,0xe0000
1781187243,58.2,2400000,0xe0000
1781187244,58.7,2400000,0xe0000
1781187245,58.7,2400000,0xe0000
1781187246,58.2,2400000,0xe0000
1781187247,58.2,2400000,0xe0000
1781187248,58.7,2400000,0xe0000
1781187249,58.7,2400000,0xe0000
1781187250,57.6,2400000,0xe0000
1781187251,58.2,2400000,0xe0000
1781187252,58.2,2400000,0xe0000
1781187253,57.6,2400000,0xe0000
1781187254,58.7,2400000,0xe0000
1781187255,58.7,2400000,0xe0000
1781187256,58.2,2400000,0xe0000
1781187257,57.6,2400000,0xe0000
1781187258,58.7,2400000,0xe0000
1781187260,58.7,2400000,0xe0000
1781187261,58.7,2400000,0xe0000
1781187262,58.2,2400000,0xe0000
1781187263,58.2,2400000,0xe0000
1781187264,58.2,2400000,0xe0000
1781187265,58.7,2400000,0xe0000
1781187266,58.2,2400000,0xe0000
1781187267,59.3,2400000,0xe0000
1781187268,58.7,2400000,0xe0000
1781187269,58.2,2400000,0xe0000
1781187270,58.7,2400000,0xe0000
1781187271,58.2,2400000,0xe0000
1781187272,57.6,2400000,0xe0000
1781187273,59.3,2400000,0xe0000
1781187274,59.3,2400000,0xe0000
1781187275,58.7,2400000,0xe0000
1781187276,58.7,2400000,0xe0000
1781187277,58.7,2400000,0xe0000
1781187278,58.7,2400000,0xe0000
1781187279,58.7,2400000,0xe0000
1781187280,58.7,2400000,0xe0000
1781187281,58.2,2400000,0xe0000
1781187282,58.7,2400000,0xe0000
1781187283,58.2,2400000,0xe0000
1781187284,58.7,2400000,0xe0000
1781187285,58.7,2400000,0xe0000
1781187286,58.7,2400000,0xe0000
1781187287,58.2,2400000,0xe0000
1781187288,58.7,2400000,0xe0000
1781187289,58.7,2400000,0xe0000
1781187290,58.7,2400000,0xe0000
1781187291,57.6,2400000,0xe0000
1781187292,58.7,2400000,0xe0000
1781187293,57.6,2400000,0xe0000
1781187294,57.6,2400000,0xe0000
1781187295,58.7,2400000,0xe0000
1781187296,58.7,2400000,0xe0000
1781187297,58.2,2400000,0xe0000
1781187298,58.7,2400000,0xe0000
1781187299,58.7,2400000,0xe0000
1781187300,57.6,2400000,0xe0000
1781187301,58.2,2400000,0xe0000
1781187302,59.3,2400000,0xe0000
1781187303,58.7,2400000,0xe0000
1781187304,58.7,2400000,0xe0000
1781187305,58.2,2400000,0xe0000
1781187306,58.7,2400000,0xe0000
1781187307,59.3,2400000,0xe0000
1781187308,58.7,2400000,0xe0000
1781187309,58.7,2400000,0xe0000
1781187310,58.7,2400000,0xe0000
1781187311,58.2,2400000,0xe0000
1781187312,58.7,2400000,0xe0000
1781187313,57.6,2400000,0xe0000
1781187314,59.3,2400000,0xe0000
1781187315,57.1,2400000,0xe0000
1781187316,58.2,2400000,0xe0000
1781187317,58.7,2400000,0xe0000
1781187318,57.6,2400000,0xe0000
1781187319,59.3,2400000,0xe0000
1781187320,57.6,2400000,0xe0000
1781187321,58.7,2400000,0xe0000
1781187322,59.3,2400000,0xe0000
1781187323,57.6,2400000,0xe0000
1781187324,58.2,2400000,0xe0000
1781187325,58.7,2400000,0xe0000
1781187326,57.6,2400000,0xe0000
1781187327,59.3,2400000,0xe0000
1781187329,58.7,2400000,0xe0000
1781187330,59.3,2400000,0xe0000
1781187331,58.2,2400000,0xe0000
1781187332,57.6,2400000,0xe0000
1781187333,58.7,2400000,0xe0000
1781187334,58.7,2400000,0xe0000
1781187335,59.3,2400000,0xe0000
1781187336,59.3,2400000,0xe0000
1781187337,58.7,2400000,0xe0000
1781187338,58.2,2400000,0xe0000
1781187339,58.2,2400000,0xe0000
1781187340,58.7,2400000,0xe0000
1781187341,58.2,2400000,0xe0000
1781187342,58.7,2400000,0xe0000
1781187343,57.6,2400000,0xe0000
1781187344,58.7,2400000,0xe0000
1781187345,58.2,2400000,0xe0000
1781187346,58.2,2400000,0xe0000
1781187347,58.2,2400000,0xe0000
1781187348,58.7,2400000,0xe0000
1781187349,58.7,2400000,0xe0000
1781187350,58.7,2400000,0xe0000
1781187351,58.2,2400000,0xe0000
1781187352,58.2,2400000,0xe0000
1781187353,57.1,2400000,0xe0000
1781187354,58.7,2400000,0xe0000
1781187355,58.7,2400000,0xe0000
1781187356,58.2,2400000,0xe0000
1781187357,58.2,2400000,0xe0000
1781187358,58.2,2400000,0xe0000
1781187359,58.7,2400000,0xe0000
1781187360,58.2,2400000,0xe0000
1781187361,58.7,2400000,0xe0000
1781187362,58.7,2400000,0xe0000
1781187363,58.7,2400000,0xe0000
1781187364,58.2,2400000,0xe0000
1781187365,57.6,2400000,0xe0000
1781187366,58.7,2400000,0xe0000
1781187367,58.7,2400000,0xe0000
1781187368,58.2,2400000,0xe0000
1781187369,58.7,2400000,0xe0000
1781187370,58.7,2400000,0xe0000
1781187371,58.7,2400000,0xe0000
1781187372,58.7,2400000,0xe0000
1781187373,58.2,2400000,0xe0000
1781187375,57.6,2400000,0xe0000
1781187376,58.2,2400000,0xe0000
1781187377,58.7,2400000,0xe0000
1781187378,58.2,2400000,0xe0000
1781187379,58.7,2400000,0xe0000
1781187380,58.7,2400000,0xe0000
1781187381,57.6,2400000,0xe0000
1781187382,58.7,2400000,0xe0000
1781187383,57.6,2400000,0xe0000
1781187384,58.2,2400000,0xe0000
1781187385,58.2,2400000,0xe0000
1781187386,58.7,2400000,0xe0000
1781187387,58.7,2400000,0xe0000
1781187388,58.2,2400000,0xe0000
1781187389,57.6,2400000,0xe0000
1781187390,58.7,2400000,0xe0000
1781187391,58.2,2400000,0xe0000
1781187392,58.2,2400000,0xe0000
1781187393,58.2,2400000,0xe0000
1781187394,58.2,2400000,0xe0000
1781187395,58.2,2400000,0xe0000
1781187396,58.7,2400000,0xe0000
1781187397,58.7,2400000,0xe0000
1781187398,58.7,2400000,0xe0000
1781187399,58.2,2400000,0xe0000
1781187400,58.7,2400000,0xe0000
1781187401,57.6,2400000,0xe0000
1781187402,58.2,2400000,0xe0000
1781187403,58.2,2400000,0xe0000
1781187404,58.2,2400000,0xe0000
1781187405,58.2,2400000,0xe0000
1781187406,58.2,2400000,0xe0000
1781187407,58.7,2400000,0xe0000
1781187408,58.7,2400000,0xe0000
1781187409,58.7,2400000,0xe0000
1781187410,58.7,2400000,0xe0000
1781187411,57.6,2400000,0xe0000
1781187412,58.2,2400000,0xe0000
1781187413,58.2,2400000,0xe0000
1781187414,57.6,2400000,0xe0000
1781187415,58.7,2400000,0xe0000
1781187416,58.7,2400000,0xe0000
1781187417,58.7,2400000,0xe0000
1781187418,58.2,2400000,0xe0000
1781187419,58.7,2400000,0xe0000
1781187420,58.7,2400000,0xe0000
1781187421,58.7,2400000,0xe0000
1781187422,58.2,2400000,0xe0000
1781187423,58.2,2400000,0xe0000
1781187424,58.2,2400000,0xe0000
1781187425,58.7,2400000,0xe0000
1781187426,58.7,2400000,0xe0000
1781187427,58.7,2400000,0xe0000
1781187428,58.2,2400000,0xe0000
1781187429,57.6,2400000,0xe0000
1781187430,59.3,2400000,0xe0000
1781187431,59.3,2400000,0xe0000
1781187432,58.2,2400000,0xe0000
1781187433,58.7,2400000,0xe0000
1781187434,58.2,2400000,0xe0000
1781187435,58.2,2400000,0xe0000
1781187436,58.2,2400000,0xe0000
1781187437,58.7,2400000,0xe0000
1781187438,58.7,2400000,0xe0000
1781187439,58.7,2400000,0xe0000
1781187440,58.7,2400000,0xe0000
1781187441,58.7,2400000,0xe0000
1781187442,58.7,2400000,0xe0000
1781187444,58.2,2400000,0xe0000
1781187445,58.7,2400000,0xe0000
1781187446,59.3,2400000,0xe0000
1781187447,58.7,2400000,0xe0000
1781187448,57.6,2400000,0xe0000
1781187449,57.6,2400000,0xe0000
1781187450,58.7,2400000,0xe0000
1781187451,58.7,2400000,0xe0000
1781187452,58.2,2400000,0xe0000
1781187453,58.7,2400000,0xe0000
1781187454,58.2,2400000,0xe0000
1781187455,58.2,2400000,0xe0000
1781187456,58.7,2400000,0xe0000
1781187457,58.7,2400000,0xe0000
1781187458,58.2,2400000,0xe0000
1781187459,58.7,2400000,0xe0000
1781187460,58.2,2400000,0xe0000
1781187461,59.3,2400000,0xe0000
1781187462,58.2,2400000,0xe0000
1781187463,58.2,2400000,0xe0000
1781187464,57.6,2400000,0xe0000
1781187465,58.7,2400000,0xe0000
1781187466,58.2,2400000,0xe0000
1781187467,58.7,2400000,0xe0000
1781187468,58.2,2400000,0xe0000
1781187469,58.7,2400000,0xe0000
1781187470,58.2,2400000,0xe0000
1781187471,58.7,2400000,0xe0000
1781187472,59.3,2400000,0xe0000
1781187473,58.2,2400000,0xe0000
1781187474,58.2,2400000,0xe0000
1781187475,58.2,2400000,0xe0000
1781187476,58.7,2400000,0xe0000
1781187477,58.2,2400000,0xe0000
1781187478,58.2,2400000,0xe0000
1781187479,58.2,2400000,0xe0000
1781187480,58.7,2400000,0xe0000
1781187481,58.7,2400000,0xe0000
1781187482,58.2,2400000,0xe0000
1781187483,58.2,2400000,0xe0000
1781187484,58.2,2400000,0xe0000
1781187485,58.7,2400000,0xe0000
1781187486,58.2,2400000,0xe0000
1781187487,58.2,2400000,0xe0000
1781187488,58.2,2400000,0xe0000
1781187489,58.7,2400000,0xe0000
1781187490,58.7,2400000,0xe0000
1781187491,57.6,2400000,0xe0000
1781187492,58.2,2400000,0xe0000
1781187493,58.7,2400000,0xe0000
1781187494,58.2,2400000,0xe0000
1781187495,57.6,2400000,0xe0000
1781187496,58.7,2400000,0xe0000
1781187497,58.2,2400000,0xe0000
1781187498,58.7,2400000,0xe0000
1781187499,58.7,2400000,0xe0000
1781187500,58.7,2400000,0xe0000
1781187501,58.2,2400000,0xe0000
1781187502,58.2,2400000,0xe0000
1781187503,58.7,2400000,0xe0000
1781187504,58.2,2400000,0xe0000
1781187506,58.7,2400000,0xe0000
1781187507,58.2,2400000,0xe0000
1781187508,58.2,2400000,0xe0000
1781187509,58.7,2400000,0xe0000
1781187510,58.2,2400000,0xe0000
1781187511,58.2,2400000,0xe0000
1781187512,58.7,2400000,0xe0000
1781187513,58.2,2400000,0xe0000
1781187514,58.2,2400000,0xe0000
1781187515,58.2,2400000,0xe0000
1781187516,58.2,2400000,0xe0000
1781187517,58.2,2400000,0xe0000
1781187518,57.6,2400000,0xe0000
1781187519,57.6,2400000,0xe0000
1781187520,57.6,2400000,0xe0000
1781187521,58.2,2400000,0xe0000
1781187522,58.2,2400000,0xe0000
1781187523,58.2,2400000,0xe0000
1781187524,58.7,2400000,0xe0000
1781187525,58.2,2400000,0xe0000
1781187526,58.2,2400000,0xe0000
1781187527,57.6,2400000,0xe0000
1781187528,58.7,2400000,0xe0000
1781187529,58.7,2400000,0xe0000
1781187530,58.7,2400000,0xe0000
1781187531,58.7,2400000,0xe0000
1781187532,58.2,2400000,0xe0000
1781187533,58.7,2400000,0xe0000
1781187534,58.2,2400000,0xe0000
1781187535,58.7,2400000,0xe0000
1781187536,57.6,2400000,0xe0000
1781187537,59.3,2400000,0xe0000
1781187538,58.7,2400000,0xe0000
1781187539,58.7,2400000,0xe0000
1781187540,58.2,2400000,0xe0000
1781187541,58.2,2400000,0xe0000
1781187542,58.7,2400000,0xe0000
1781187543,58.2,2400000,0xe0000
1781187544,58.2,2400000,0xe0000
1781187545,59.3,2400000,0xe0000
1781187546,57.6,2400000,0xe0000
1781187547,58.2,2400000,0xe0000
1781187548,58.7,2400000,0xe0000
1781187549,58.7,2400000,0xe0000
1781187550,57.1,2400000,0xe0000
1781187551,58.7,2400000,0xe0000
1781187552,59.3,2400000,0xe0000
1781187553,58.7,2400000,0xe0000
1781187554,59.3,2400000,0xe0000
1781187555,58.2,2400000,0xe0000
1781187556,58.2,2400000,0xe0000
1781187557,58.7,2400000,0xe0000
1781187558,57.6,2400000,0xe0000
1781187559,58.2,2400000,0xe0000
1781187560,58.2,2400000,0xe0000
1781187561,58.2,2400000,0xe0000
1781187562,58.7,2400000,0xe0000
1781187563,57.6,2400000,0xe0000
1781187564,58.2,2400000,0xe0000
1781187565,58.7,2400000,0xe0000
1781187566,58.7,2400000,0xe0000
1781187567,58.2,2400000,0xe0000
1781187568,58.7,2400000,0xe0000
1781187569,57.6,2400000,0xe0000
1781187570,59.3,2400000,0xe0000
1781187571,58.7,2400000,0xe0000
1781187572,57.6,2400000,0xe0000
1781187573,57.6,2400000,0xe0000
1781187574,58.7,2400000,0xe0000
1781187576,58.2,2400000,0xe0000
1781187577,58.7,2400000,0xe0000
1781187578,59.3,2400000,0xe0000
1781187579,58.7,2400000,0xe0000
1781187580,57.1,2400000,0xe0000
1781187581,59.3,2400000,0xe0000
1781187582,57.6,2400000,0xe0000
1781187583,58.2,2400000,0xe0000
1781187584,58.2,2400000,0xe0000
1781187585,58.7,2400000,0xe0000
1781187586,57.1,2400000,0xe0000
1781187587,58.7,2400000,0xe0000
1781187588,58.2,2400000,0xe0000
1781187589,58.7,2400000,0xe0000
1781187590,59.3,2400000,0xe0000
1781187591,58.2,2400000,0xe0000
1781187592,58.2,2400000,0xe0000
1781187593,58.7,2400000,0xe0000
1781187594,58.7,2400000,0xe0000
1781187595,58.2,2400000,0xe0000
1781187596,58.2,2400000,0xe0000
1781187597,58.7,2400000,0xe0000
1781187598,58.7,2400000,0xe0000
1781187599,58.7,2400000,0xe0000
1781187600,58.7,2400000,0xe0000
1781187601,58.7,2400000,0xe0000
1781187602,59.3,2400000,0xe0000
1781187603,58.7,2400000,0xe0000
1781187604,58.2,2400000,0xe0000
1781187605,59.3,2400000,0xe0000
1781187606,59.3,2400000,0xe0000
1781187607,58.7,2400000,0xe0000
1781187608,59.3,2400000,0xe0000
1781187609,58.2,2400000,0xe0000
1781187610,58.2,2400000,0xe0000
1781187611,58.2,2400000,0xe0000
1781187612,58.7,2400000,0xe0000
1781187613,58.7,2400000,0xe0000
1781187614,58.7,2400000,0xe0000
1781187615,59.3,2400000,0xe0000
1781187616,57.6,2400000,0xe0000
1781187617,58.7,2400000,0xe0000
1781187618,58.7,2400000,0xe0000
1781187619,59.3,2400000,0xe0000
1781187620,58.7,2400000,0xe0000
1781187621,58.7,2400000,0xe0000
1781187622,58.7,2400000,0xe0000
1781187623,58.2,2400000,0xe0000
1781187624,58.7,2400000,0xe0000
1781187625,59.3,2400000,0xe0000
1781187626,58.2,2400000,0xe0000
1781187627,58.2,2400000,0xe0000
1781187628,58.2,2400000,0xe0000
1781187629,58.7,2400000,0xe0000
1781187630,58.7,2400000,0xe0000
1781187631,58.7,2400000,0xe0000
1781187632,58.7,2400000,0xe0000
1781187633,58.7,2400000,0xe0000
1781187634,58.2,2400000,0xe0000
1781187635,58.7,2400000,0xe0000
1781187636,58.2,2400000,0xe0000
1781187637,59.3,2400000,0xe0000
1781187638,58.2,2400000,0xe0000
1781187639,58.7,2400000,0xe0000
1781187640,58.2,2400000,0xe0000
1781187641,58.7,2400000,0xe0000
1781187642,58.7,2400000,0xe0000
1781187643,58.2,2400000,0xe0000
1781187644,58.7,2400000,0xe0000
1781187645,59.3,2400000,0xe0000
1781187646,57.6,2400000,0xe0000
1781187647,58.2,2400000,0xe0000
1781187648,58.7,2400000,0xe0000
1781187649,58.7,2400000,0xe0000
1781187650,57.6,2400000,0xe0000
1781187652,58.2,2400000,0xe0000
1781187653,58.2,2400000,0xe0000
1781187654,59.3,2400000,0xe0000
1781187655,58.7,2400000,0xe0000
1781187656,58.2,2400000,0xe0000
1781187657,58.7,2400000,0xe0000
1781187658,57.6,2400000,0xe0000
1781187659,58.2,2400000,0xe0000
1781187660,58.2,2400000,0xe0000
1781187661,58.2,2400000,0xe0000
1781187662,58.7,2400000,0xe0000
1781187663,58.2,2400000,0xe0000
1781187664,58.7,2400000,0xe0000
1781187665,58.2,2400000,0xe0000
1781187666,58.2,2400000,0xe0000
1781187667,58.2,2400000,0xe0000
1781187668,57.6,2400000,0xe0000
1781187669,59.3,2400000,0xe0000
1781187670,59.3,2400000,0xe0000
1781187671,58.2,2400000,0xe0000
1781187672,58.7,2400000,0xe0000
1781187673,58.2,2400000,0xe0000
1781187674,58.7,2400000,0xe0000
1781187675,58.2,2400000,0xe0000
1781187676,59.3,2400000,0xe0000
1781187677,59.3,2400000,0xe0000
1781187678,58.7,2400000,0xe0000
1781187679,58.2,2400000,0xe0000
1781187680,58.7,2400000,0xe0000
1781187681,58.2,2400000,0xe0000
1781187682,58.2,2400000,0xe0000
1781187683,58.2,2400000,0xe0000
1781187684,58.7,2400000,0xe0000
1781187685,59.3,2400000,0xe0000
1781187686,59.3,2400000,0xe0000
1781187687,59.3,2400000,0xe0000
1781187688,57.1,2400000,0xe0000
1781187689,58.7,2400000,0xe0000
1781187690,58.7,2400000,0xe0000
1781187691,58.7,2400000,0xe0000
1781187692,56.5,2400000,0xe0000
1781187693,58.7,2400000,0xe0000
1781187694,59.3,2400000,0xe0000
1781187695,59.3,2400000,0xe0000
1781187696,58.7,2400000,0xe0000
1781187697,58.7,2400000,0xe0000
1781187698,59.3,2400000,0xe0000
1781187699,59.3,2400000,0xe0000
1781187700,59.3,2400000,0xe0000
1781187701,57.6,2400000,0xe0000
1781187702,58.7,2400000,0xe0000
1781187703,58.7,2400000,0xe0000
1781187704,59.3,2400000,0xe0000
1781187705,58.7,2400000,0xe0000
1781187706,58.7,2400000,0xe0000
1781187707,58.2,2400000,0xe0000
1781187708,58.2,2400000,0xe0000
1781187709,58.7,2400000,0xe0000
1781187710,58.2,2400000,0xe0000
1781187711,58.7,2400000,0xe0000
1781187712,58.7,2400000,0xe0000
1781187714,57.6,2400000,0xe0000
1781187715,58.7,2400000,0xe0000
1781187716,58.7,2400000,0xe0000
1781187717,58.7,2400000,0xe0000
1781187718,58.7,2400000,0xe0000
1781187719,58.2,2400000,0xe0000
1781187720,58.2,2400000,0xe0000
1781187721,58.2,2400000,0xe0000
1781187722,57.6,2400000,0xe0000
1781187723,58.7,2400000,0xe0000
1781187724,58.2,2400000,0xe0000
1781187725,58.7,2400000,0xe0000
1781187726,58.7,2400000,0xe0000
1781187727,58.7,2400000,0xe0000
1781187728,58.7,2400000,0xe0000
1781187729,58.7,2400000,0xe0000
1781187730,59.3,2400000,0xe0000
1781187731,58.7,2400000,0xe0000
1781187732,59.3,2400000,0xe0000
1781187733,58.2,2400000,0xe0000
1781187734,58.7,2400000,0xe0000
1781187735,58.2,2400000,0xe0000
1781187736,57.6,2400000,0xe0000
1781187737,59.3,2400000,0xe0000
1781187738,58.7,2400000,0xe0000
1781187739,58.7,2400000,0xe0000
1781187740,58.7,2400000,0xe0000
1781187741,58.2,2400000,0xe0000
1781187742,58.2,2400000,0xe0000
1781187743,59.3,2400000,0xe0000
1781187744,58.7,2400000,0xe0000
1781187745,58.7,2400000,0xe0000
1781187746,57.6,2400000,0xe0000
1781187747,57.6,2400000,0xe0000
1781187748,58.7,2400000,0xe0000
1781187749,57.6,2400000,0xe0000
1781187750,58.2,2400000,0xe0000
1781187751,58.7,2400000,0xe0000
1781187752,57.6,2400000,0xe0000
1781187753,59.3,2400000,0xe0000
1781187754,58.2,2400000,0xe0000
1781187755,58.7,2400000,0xe0000
1781187756,57.6,2400000,0xe0000
1781187757,58.7,2400000,0xe0000
1781187758,58.7,2400000,0xe0000
1781187759,58.7,2400000,0xe0000
1781187760,58.2,2400000,0xe0000
1781187761,58.2,2400000,0xe0000
1781187762,57.6,2400000,0xe0000
1781187763,58.2,2400000,0xe0000
1781187764,59.3,2400000,0xe0000
1781187765,57.6,2400000,0xe0000
1781187766,58.7,2400000,0xe0000
1781187767,58.7,2400000,0xe0000
1781187768,58.7,2400000,0xe0000
1781187769,59.3,2400000,0xe0000
1781187770,58.2,2400000,0xe0000
1781187771,59.3,2400000,0xe0000
1781187772,58.7,2400000,0xe0000
1781187773,58.2,2400000,0xe0000
1781187774,57.6,2400000,0xe0000
1781187775,58.2,2400000,0xe0000
1781187776,57.6,2400000,0xe0000
1781187777,58.2,2400000,0xe0000
1781187778,58.7,2400000,0xe0000
1781187779,59.3,2400000,0xe0000
1781187780,58.7,2400000,0xe0000
1781187781,58.7,2400000,0xe0000
1781187783,58.2,2400000,0xe0000
1781187784,59.3,2400000,0xe0000
1781187785,59.3,2400000,0xe0000
1781187786,58.2,2400000,0xe0000
1781187787,58.2,2400000,0xe0000
1781187788,58.7,2400000,0xe0000
1781187789,58.7,2400000,0xe0000
1781187790,58.2,2400000,0xe0000
1781187791,58.7,2400000,0xe0000
1781187792,57.6,2400000,0xe0000
1781187793,58.7,2400000,0xe0000
1781187794,58.7,2400000,0xe0000
1781187795,58.2,2400000,0xe0000
1781187796,58.7,2400000,0xe0000
1781187797,57.6,2400000,0xe0000
1781187798,58.7,2400000,0xe0000
1781187799,58.2,2400000,0xe0000
1781187800,58.7,2400000,0xe0000
1781187801,58.7,2400000,0xe0000
1781187802,58.2,2400000,0xe0000
1781187803,58.2,2400000,0xe0000
1781187804,58.7,2400000,0xe0000
1781187805,58.2,2400000,0xe0000
1781187806,58.7,2400000,0xe0000
1781187807,58.7,2400000,0xe0000
1781187808,58.7,2400000,0xe0000
1781187809,57.6,2400000,0xe0000
1781187810,58.2,2400000,0xe0000
1781187811,57.6,2400000,0xe0000
1781187812,58.2,2400000,0xe0000
1781187813,58.2,2400000,0xe0000
1781187814,58.7,2400000,0xe0000
1781187815,58.2,2400000,0xe0000
1781187816,58.7,2400000,0xe0000
1781187817,58.7,2400000,0xe0000
1781187818,59.3,2400000,0xe0000
1781187819,58.7,2400000,0xe0000
1781187820,58.7,2400000,0xe0000
1781187821,58.2,2400000,0xe0000
1781187822,58.7,2400000,0xe0000
1781187823,58.2,2400000,0xe0000
1781187824,58.7,2400000,0xe0000
1781187825,58.7,2400000,0xe0000
1781187826,58.2,2400000,0xe0000
1781187827,58.7,2400000,0xe0000
1781187828,58.2,2400000,0xe0000
1781187829,58.7,2400000,0xe0000
1781187830,58.7,2400000,0xe0000
1781187831,59.3,2400000,0xe0000
1781187832,58.7,2400000,0xe0000
1781187833,58.7,2400000,0xe0000
1781187834,58.7,2400000,0xe0000
1781187835,57.1,2400000,0xe0000
1781187836,58.7,2400000,0xe0000
1781187837,58.2,2400000,0xe0000
1781187838,58.7,2400000,0xe0000
1781187839,58.2,2400000,0xe0000
1781187840,59.3,2400000,0xe0000
1781187841,58.2,2400000,0xe0000
1781187842,58.7,2400000,0xe0000
1781187843,58.7,2400000,0xe0000
1781187844,58.2,2400000,0xe0000
1781187845,58.2,2400000,0xe0000
1781187846,59.3,2400000,0xe0000
1781187847,58.7,2400000,0xe0000
1781187848,58.7,2400000,0xe0000
1781187849,58.2,2400000,0xe0000
1781187850,58.2,2400000,0xe0000
1781187852,58.2,2400000,0xe0000
1781187853,58.7,2400000,0xe0000
1781187854,58.7,2400000,0xe0000
1781187855,58.7,2400000,0xe0000
1781187856,58.7,2400000,0xe0000
1781187857,58.7,2400000,0xe0000
1781187858,58.2,2400000,0xe0000
1781187859,58.2,2400000,0xe0000
1781187860,58.2,2400000,0xe0000
1781187861,58.7,2400000,0xe0000
1781187862,58.7,2400000,0xe0000
1781187863,58.2,2400000,0xe0000
1781187864,59.3,2400000,0xe0000
1781187865,58.7,2400000,0xe0000
1781187866,59.3,2400000,0xe0000
1781187867,59.3,2400000,0xe0000
1781187868,58.7,2400000,0xe0000
1781187869,59.3,2400000,0xe0000
1781187870,58.2,2400000,0xe0000
1781187871,59.3,2400000,0xe0000
1781187872,58.2,2400000,0xe0000
1781187873,58.2,2400000,0xe0000
1781187874,58.2,2400000,0xe0000
1781187875,58.7,2400000,0xe0000
1781187876,58.7,2400000,0xe0000
1781187877,58.7,2400000,0xe0000
1781187878,58.7,2400000,0xe0000
1781187879,59.3,2400000,0xe0000
1781187880,58.7,2400000,0xe0000
1781187881,58.2,2400000,0xe0000
1781187882,58.2,2400000,0xe0000
1781187883,58.7,2400000,0xe0000
1781187884,58.2,2400000,0xe0000
1781187885,58.7,2400000,0xe0000
1781187886,58.2,2400000,0xe0000
1781187887,58.2,2400000,0xe0000
1781187888,57.6,2400000,0xe0000
1781187889,58.7,2400000,0xe0000
1781187890,58.2,2400000,0xe0000
1781187891,57.6,2400000,0xe0000
1781187892,57.1,2400000,0xe0000
1781187893,58.7,2400000,0xe0000
1781187894,58.7,2400000,0xe0000
1781187895,58.7,2400000,0xe0000
1781187896,58.7,2400000,0xe0000
1781187897,58.7,2400000,0xe0000
1781187898,59.3,2400000,0xe0000
1781187899,58.7,2400000,0xe0000
1781187900,58.7,2400000,0xe0000
1781187901,57.6,2400000,0xe0000
1781187902,58.2,2400000,0xe0000
1781187903,58.7,2400000,0xe0000
1781187904,59.3,2400000,0xe0000
1781187906,58.7,2400000,0xe0000
1781187907,58.7,2400000,0xe0000
1781187908,58.7,2400000,0xe0000
1781187909,58.7,2400000,0xe0000
1781187910,58.2,2400000,0xe0000
1781187911,57.6,2400000,0xe0000
1781187912,58.7,2400000,0xe0000
1781187913,57.6,2400000,0xe0000
1781187914,58.7,2400000,0xe0000
1781187915,58.7,2400000,0xe0000
1781187916,57.6,2400000,0xe0000
1781187917,58.7,2400000,0xe0000
1781187918,58.7,2400000,0xe0000
1781187919,58.2,2400000,0xe0000
1781187920,59.3,2400000,0xe0000
1781187921,59.3,2400000,0xe0000
1781187922,58.7,2400000,0xe0000
1781187923,58.2,2400000,0xe0000
1781187924,58.7,2400000,0xe0000
1781187925,58.2,2400000,0xe0000
1781187926,58.2,2400000,0xe0000
1781187927,58.2,2400000,0xe0000
1781187928,58.7,2400000,0xe0000
1781187929,58.7,2400000,0xe0000
1781187930,59.3,2400000,0xe0000
1781187931,58.7,2400000,0xe0000
1781187932,59.3,2400000,0xe0000
1781187933,58.7,2400000,0xe0000
1781187934,58.7,2400000,0xe0000
1781187935,58.2,2400000,0xe0000
1781187936,58.2,2400000,0xe0000
1781187937,58.7,2400000,0xe0000
1781187938,58.2,2400000,0xe0000
1781187939,58.7,2400000,0xe0000
1781187940,58.7,2400000,0xe0000
1781187941,58.7,2400000,0xe0000
1781187942,58.7,2400000,0xe0000
1781187943,57.6,2400000,0xe0000
1781187944,58.2,2400000,0xe0000
1781187945,58.7,2400000,0xe0000
1781187946,58.7,2400000,0xe0000
1781187947,58.7,2400000,0xe0000
1781187948,58.7,2400000,0xe0000
1781187949,59.3,2400000,0xe0000
1781187950,58.2,2400000,0xe0000
1781187951,58.2,2400000,0xe0000
1781187952,59.3,2400000,0xe0000
1781187953,59.3,2400000,0xe0000
1781187954,58.7,2400000,0xe0000
1781187955,58.7,2400000,0xe0000
1781187956,58.7,2400000,0xe0000
1781187957,58.2,2400000,0xe0000
1781187958,58.7,2400000,0xe0000
1781187959,58.7,2400000,0xe0000
1781187960,58.7,2400000,0xe0000
1781187961,58.7,2400000,0xe0000
1781187962,58.7,2400000,0xe0000
1781187963,58.7,2400000,0xe0000
1781187964,58.7,2400000,0xe0000
1781187965,58.2,2400000,0xe0000
1781187967,58.7,2400000,0xe0000
1781187968,58.7,2400000,0xe0000
1781187969,58.2,2400000,0xe0000
1781187970,59.3,2400000,0xe0000
1781187971,58.7,2400000,0xe0000
1781187972,58.7,2400000,0xe0000
1781187973,59.3,2400000,0xe0000
1781187974,59.3,2400000,0xe0000
1781187975,58.7,2400000,0xe0000
1781187976,59.3,2400000,0xe0000
1781187977,59.3,2400000,0xe0000
1781187978,59.3,2400000,0xe0000
1781187979,58.2,2400000,0xe0000
1781187980,58.7,2400000,0xe0000
1781187981,58.7,2400000,0xe0000
1781187982,58.2,2400000,0xe0000
1781187983,59.3,2400000,0xe0000
1781187984,58.7,2400000,0xe0000
1781187985,58.7,2400000,0xe0000
1781187986,58.7,2400000,0xe0000
1781187987,58.7,2400000,0xe0000
1781187988,58.7,2400000,0xe0000
1781187989,58.2,2400000,0xe0000
1781187990,58.7,2400000,0xe0000
1781187991,59.3,2400000,0xe0000
1781187992,58.2,2400000,0xe0000
1781187993,58.2,2400000,0xe0000
1781187994,58.7,2400000,0xe0000
1781187995,57.6,2400000,0xe0000
1781187996,58.2,2400000,0xe0000
1781187997,58.7,2400000,0xe0000
1781187998,57.6,2400000,0xe0000
1781187999,58.7,2400000,0xe0000
1781188000,58.7,2400000,0xe0000
1781188001,58.7,2400000,0xe0000
1781188002,58.7,2400000,0xe0000
1781188003,59.3,2400000,0xe0000
1781188004,57.6,2400000,0xe0000
1781188005,57.6,2400000,0xe0000
1781188006,58.2,2400000,0xe0000
1781188007,58.2,2400000,0xe0000
1781188008,57.1,2400000,0xe0000
1781188009,59.3,2400000,0xe0000
1781188010,58.7,2400000,0xe0000
1781188011,58.7,2400000,0xe0000
1781188012,59.3,2400000,0xe0000
1781188013,58.2,2400000,0xe0000
1781188014,58.7,2400000,0xe0000
1781188015,58.7,2400000,0xe0000
1781188016,58.7,2400000,0xe0000
1781188017,58.7,2400000,0xe0000
1781188018,59.3,2400000,0xe0000
1781188019,59.3,2400000,0xe0000
1781188020,58.7,2400000,0xe0000
1781188021,58.7,2400000,0xe0000
1781188022,57.6,2400000,0xe0000
1781188023,58.7,2400000,0xe0000
1781188024,57.6,2400000,0xe0000
1781188025,58.7,2400000,0xe0000
1781188026,58.2,2400000,0xe0000
1781188027,58.7,2400000,0xe0000
1781188028,58.7,2400000,0xe0000
1781188029,57.6,2400000,0xe0000
1781188030,58.2,2400000,0xe0000
1781188031,58.7,2400000,0xe0000
1781188032,57.1,2400000,0xe0000
1781188033,59.3,2400000,0xe0000
1781188034,58.2,2400000,0xe0000
1781188035,58.7,2400000,0xe0000
1781188037,58.2,2400000,0xe0000
1781188038,58.7,2400000,0xe0000
1781188039,58.7,2400000,0xe0000
1781188040,58.7,2400000,0xe0000
1781188041,58.2,2400000,0xe0000
1781188042,58.7,2400000,0xe0000
1781188043,58.7,2400000,0xe0000
1781188044,58.7,2400000,0xe0000
1781188045,58.7,2400000,0xe0000
1781188046,59.3,2400000,0xe0000
1781188047,58.7,2400000,0xe0000
1781188048,58.7,2400000,0xe0000
1781188049,57.6,2400000,0xe0000
1781188050,58.2,2400000,0xe0000
1781188051,58.7,2400000,0xe0000
1781188052,58.7,2400000,0xe0000
1781188053,58.7,2400000,0xe0000
1781188054,57.6,2400000,0xe0000
1781188055,59.3,2400000,0xe0000
1781188056,59.3,2400000,0xe0000
1781188057,58.7,2400000,0xe0000
1781188058,58.2,2400000,0xe0000
1781188059,58.7,2400000,0xe0000
1781188060,57.6,2400000,0xe0000
1781188061,59.3,2400000,0xe0000
1781188062,57.6,2400000,0xe0000
1781188063,58.7,2400000,0xe0000
1781188064,57.6,2400000,0xe0000
1781188065,58.7,2400000,0xe0000
1781188066,58.7,2400000,0xe0000
1781188067,58.2,2400000,0xe0000
1781188068,58.7,2400000,0xe0000
1781188069,59.3,2400000,0xe0000
1781188070,58.7,2400000,0xe0000
1781188071,58.7,2400000,0xe0000
1781188072,57.6,2400000,0xe0000
1781188073,58.2,2400000,0xe0000
1781188074,58.2,2400000,0xe0000
1781188075,58.7,2400000,0xe0000
1781188076,57.6,2400000,0xe0000
1781188077,58.2,2400000,0xe0000
1781188078,58.7,2400000,0xe0000
1781188079,58.2,2400000,0xe0000
1781188080,58.2,2400000,0xe0000
1781188081,58.7,2400000,0xe0000
1781188082,58.7,2400000,0xe0000
1781188083,58.7,2400000,0xe0000
1781188084,58.7,2400000,0xe0000
1781188085,58.7,2400000,0xe0000
1781188086,58.7,2400000,0xe0000
1781188087,58.7,2400000,0xe0000
1781188088,58.2,2400000,0xe0000
1781188089,58.7,2400000,0xe0000
1781188090,58.2,2400000,0xe0000
1781188091,58.2,2400000,0xe0000
1781188092,58.7,2400000,0xe0000
1781188093,58.7,2400000,0xe0000
1781188094,59.3,2400000,0xe0000
1781188095,58.7,2400000,0xe0000
1781188096,58.7,2400000,0xe0000
1781188097,58.7,2400000,0xe0000
1781188098,59.3,2400000,0xe0000
1781188099,59.3,2400000,0xe0000
1781188100,59.3,2400000,0xe0000
1781188101,58.7,2400000,0xe0000
1781188102,59.3,2400000,0xe0000
1781188103,59.3,2400000,0xe0000
1781188104,58.7,2400000,0xe0000
1781188106,58.7,2400000,0xe0000
1781188107,58.7,2400000,0xe0000
1781188108,59.3,2400000,0xe0000
1781188109,58.2,2400000,0xe0000
1781188110,58.7,2400000,0xe0000
1781188111,58.7,2400000,0xe0000
1781188112,59.3,2400000,0xe0000
1781188113,58.7,2400000,0xe0000
1781188114,58.7,2400000,0xe0000
1781188115,57.6,2400000,0xe0000
1781188116,58.2,2400000,0xe0000
1781188117,59.3,2400000,0xe0000
1781188118,58.7,2400000,0xe0000
1781188119,58.7,2400000,0xe0000
1781188120,58.7,2400000,0xe0000
1781188121,59.3,2400000,0xe0000
1781188122,58.7,2400000,0xe0000
1781188123,59.3,2400000,0xe0000
1781188124,58.7,2400000,0xe0000
1781188125,58.7,2400000,0xe0000
1781188126,58.7,2400000,0xe0000
1781188127,58.2,2400000,0xe0000
1781188128,58.7,2400000,0xe0000
1781188129,58.2,2400000,0xe0000
1781188130,58.7,2400000,0xe0000
1781188131,58.2,2400000,0xe0000
1781188132,59.3,2400000,0xe0000
1781188133,58.2,2400000,0xe0000
1781188134,58.7,2400000,0xe0000
1781188135,58.7,2400000,0xe0000
1781188136,58.7,2400000,0xe0000
1781188137,58.7,2400000,0xe0000
1781188138,58.7,2400000,0xe0000
1781188139,59.3,2400000,0xe0000
1781188140,58.7,2400000,0xe0000
1781188141,58.7,2400000,0xe0000
1781188142,58.7,2400000,0xe0000
1781188143,58.7,2400000,0xe0000
1781188144,58.2,2400000,0xe0000
1781188145,59.3,2400000,0xe0000
1781188146,57.1,2400000,0xe0000
1781188147,57.6,2400000,0xe0000
1781188148,58.7,2400000,0xe0000
1781188149,58.7,2400000,0xe0000
1781188150,59.3,2400000,0xe0000
1781188151,58.7,2400000,0xe0000
1781188152,57.6,2400000,0xe0000
1781188153,59.3,2400000,0xe0000
1781188154,58.7,2400000,0xe0000
1781188155,58.7,2400000,0xe0000
1781188156,59.3,2400000,0xe0000
1781188157,59.3,2400000,0xe0000
1781188158,58.7,2400000,0xe0000
1781188159,58.2,2400000,0xe0000
1781188160,58.2,2400000,0xe0000
1781188161,58.7,2400000,0xe0000
1781188162,59.3,2400000,0xe0000
1781188163,58.7,2400000,0xe0000
1781188164,58.2,2400000,0xe0000
1781188165,58.7,2400000,0xe0000
1781188166,57.6,2400000,0xe0000
1781188167,57.1,2400000,0xe0000
1781188168,58.7,2400000,0xe0000
1781188170,58.7,2400000,0xe0000
1781188171,58.7,2400000,0xe0000
1781188172,58.7,2400000,0xe0000
1781188173,59.3,2400000,0xe0000
1781188174,59.3,2400000,0xe0000
1781188175,58.7,2400000,0xe0000
1781188176,58.2,2400000,0xe0000
1781188177,57.6,2400000,0xe0000
1781188178,58.7,2400000,0xe0000
1781188179,59.3,2400000,0xe0000
1781188180,58.7,2400000,0xe0000
1781188181,58.7,2400000,0xe0000
1781188182,58.2,2400000,0xe0000
1781188183,57.6,2400000,0xe0000
1781188184,58.7,2400000,0xe0000
1781188185,58.7,2400000,0xe0000
1781188186,58.7,2400000,0xe0000
1781188187,57.6,2400000,0xe0000
1781188188,57.6,2400000,0xe0000
1781188189,58.7,2400000,0xe0000
1781188190,58.7,2400000,0xe0000
1781188191,58.7,2400000,0xe0000
1781188192,58.7,2400000,0xe0000
1781188193,58.7,2400000,0xe0000
1781188194,58.7,2400000,0xe0000
1781188195,58.7,2400000,0xe0000
1781188196,58.7,2400000,0xe0000
1781188197,57.1,2400000,0xe0000
1781188198,58.7,2400000,0xe0000
1781188199,59.3,2400000,0xe0000
1781188200,59.3,2400000,0xe0000
1781188201,59.3,2400000,0xe0000
1781188202,58.7,2400000,0xe0000
1781188203,57.6,2400000,0xe0000
1781188204,59.3,2400000,0xe0000
1781188205,58.7,2400000,0xe0000
1781188206,59.3,2400000,0xe0000
1781188207,59.3,2400000,0xe0000
1781188208,58.7,2400000,0xe0000
1781188209,59.3,2400000,0xe0000
1781188210,59.3,2400000,0xe0000
1781188211,58.7,2400000,0xe0000
1781188212,58.7,2400000,0xe0000
1781188213,58.7,2400000,0xe0000
1781188214,58.7,2400000,0xe0000
1781188215,58.7,2400000,0xe0000
1781188216,59.3,2400000,0xe0000
1781188217,58.7,2400000,0xe0000
1781188218,58.2,2400000,0xe0000
1781188219,59.3,2400000,0xe0000
1781188220,59.3,2400000,0xe0000
1781188221,58.7,2400000,0xe0000
1781188222,58.2,2400000,0xe0000
1781188223,58.7,2400000,0xe0000
1781188224,58.7,2400000,0xe0000
1781188225,58.7,2400000,0xe0000
1781188226,58.7,2400000,0xe0000
1781188227,58.2,2400000,0xe0000
1781188228,58.7,2400000,0xe0000
1781188230,58.2,2400000,0xe0000
1781188231,59.3,2400000,0xe0000
1781188232,58.2,2400000,0xe0000
1781188233,58.2,2400000,0xe0000
1781188234,58.7,2400000,0xe0000
1781188235,57.6,2400000,0xe0000
1781188236,58.7,2400000,0xe0000
1781188237,59.3,2400000,0xe0000
1781188238,58.2,2400000,0xe0000
1781188239,57.6,2400000,0xe0000
1781188240,58.7,2400000,0xe0000
1781188241,59.3,2400000,0xe0000
1781188242,59.3,2400000,0xe0000
1781188243,59.3,2400000,0xe0000
1781188244,58.7,2400000,0xe0000
1781188245,58.7,2400000,0xe0000
1781188246,58.7,2400000,0xe0000
1781188247,58.2,2400000,0xe0000
1781188248,59.3,2400000,0xe0000
1781188249,59.3,2400000,0xe0000
1781188250,58.7,2400000,0xe0000
1781188251,58.7,2400000,0xe0000
1781188252,59.3,2400000,0xe0000
1781188253,59.3,2400000,0xe0000
1781188254,58.7,2400000,0xe0000
1781188255,58.7,2400000,0xe0000
1781188256,58.2,2400000,0xe0000
1781188257,59.3,2400000,0xe0000
1781188258,58.7,2400000,0xe0000
1781188259,59.3,2400000,0xe0000
1781188260,59.3,2400000,0xe0000
1781188261,58.2,2400000,0xe0000
1781188262,59.3,2400000,0xe0000
1781188263,58.7,2400000,0xe0000
1781188264,58.7,2400000,0xe0000
1781188265,58.7,2400000,0xe0000
1781188266,58.7,2400000,0xe0000
1781188267,59.3,2400000,0xe0000
1781188268,58.7,2400000,0xe0000
1781188269,58.7,2400000,0xe0000
1781188271,58.7,2400000,0xe0000
1781188272,57.6,2400000,0xe0000
1781188273,58.7,2400000,0xe0000
1781188274,58.7,2400000,0xe0000
1781188275,58.7,2400000,0xe0000
1781188276,59.3,2400000,0xe0000
1781188277,58.2,2400000,0xe0000
1781188278,57.6,2400000,0xe0000
1781188279,58.7,2400000,0xe0000
1781188280,58.7,2400000,0xe0000
1781188281,58.7,2400000,0xe0000
1781188282,58.2,2400000,0xe0000
1781188283,58.2,2400000,0xe0000
1781188284,59.3,2400000,0xe0000
1781188285,58.2,2400000,0xe0000
1781188286,58.2,2400000,0xe0000
1781188287,58.7,2400000,0xe0000
1781188288,58.7,2400000,0xe0000
1781188289,57.6,2400000,0xe0000
1781188290,59.3,2400000,0xe0000
1781188291,58.7,2400000,0xe0000
1781188292,57.6,2400000,0xe0000
1781188293,59.3,2400000,0xe0000
1781188294,59.3,2400000,0xe0000
1781188295,58.2,2400000,0xe0000
1781188296,58.7,2400000,0xe0000
1781188297,58.7,2400000,0xe0000
1781188298,58.7,2400000,0xe0000
1781188299,58.7,2400000,0xe0000
1781188300,58.2,2400000,0xe0000
1781188301,58.2,2400000,0xe0000
1781188302,59.3,2400000,0xe0000
1781188303,58.7,2400000,0xe0000
1781188304,59.3,2400000,0xe0000
1781188305,59.3,2400000,0xe0000
1781188306,59.3,2400000,0xe0000
1781188307,59.3,2400000,0xe0000
1781188308,59.3,2400000,0xe0000
1781188309,59.3,2400000,0xe0000
1781188310,58.7,2400000,0xe0000
1781188311,58.2,2400000,0xe0000
1781188312,58.7,2400000,0xe0000
1781188313,58.7,2400000,0xe0000
1781188314,59.3,2400000,0xe0000
1781188315,58.7,2400000,0xe0000
1781188316,59.3,2400000,0xe0000
1781188317,58.7,2400000,0xe0000
1781188318,59.8,2400000,0xe0000
1781188319,58.2,2400000,0xe0000
1781188320,58.7,2400000,0xe0000
1781188321,59.3,2400000,0xe0000
1781188322,57.6,2400000,0xe0000
1781188323,58.7,2400000,0xe0000
1781188324,58.2,2400000,0xe0000
1781188325,58.7,2400000,0xe0000
1781188326,58.7,2400000,0xe0000
1781188327,59.3,2400000,0xe0000
1781188328,58.7,2400000,0xe0000
1781188329,58.7,2400000,0xe0000
1781188330,58.7,2400000,0xe0000
1781188331,58.7,2400000,0xe0000
1781188332,59.3,2400000,0xe0000
1781188333,59.3,2400000,0xe0000
1781188334,58.7,2400000,0xe0000
1781188335,58.7,2400000,0xe0000
1781188336,59.3,2400000,0xe0000
1781188337,58.7,2400000,0xe0000
1781188338,58.7,2400000,0xe0000
1781188339,58.7,2400000,0xe0000
1781188340,58.7,2400000,0xe0000
1781188341,59.3,2400000,0xe0000
1781188342,59.3,2400000,0xe0000
1781188343,58.7,2400000,0xe0000
1781188344,58.7,2400000,0xe0000
1781188346,59.8,2400000,0xe0000
1781188347,59.3,2400000,0xe0000
1781188348,58.2,2400000,0xe0000
1781188349,58.2,2400000,0xe0000
1781188350,57.6,2400000,0xe0000
1781188351,58.7,2400000,0xe0000
1781188352,58.7,2400000,0xe0000
1781188353,59.3,2400000,0xe0000
1781188354,57.6,2400000,0xe0000
1781188355,58.7,2400000,0xe0000
1781188356,59.3,2400000,0xe0000
1781188357,59.3,2400000,0xe0000
1781188358,59.3,2400000,0xe0000
1781188359,59.8,2400000,0xe0000
1781188360,59.3,2400000,0xe0000
1781188361,57.6,2400000,0xe0000
1781188362,59.3,2400000,0xe0000
1781188363,58.7,2400000,0xe0000
1781188364,59.3,2400000,0xe0000
1781188365,59.3,2400000,0xe0000
1781188366,58.7,2400000,0xe0000
1781188367,58.2,2400000,0xe0000
1781188368,59.3,2400000,0xe0000
1781188369,57.6,2400000,0xe0000
1781188370,59.3,2400000,0xe0000
1781188371,58.7,2400000,0xe0000
1781188372,58.7,2400000,0xe0000
1781188373,58.7,2400000,0xe0000
1781188374,59.3,2400000,0xe0000
1781188375,59.3,2400000,0xe0000
1781188376,57.6,2400000,0xe0000
1781188377,57.6,2400000,0xe0000
1781188378,59.3,2400000,0xe0000
1781188379,58.7,2400000,0xe0000
1781188380,58.2,2400000,0xe0000
1781188381,57.6,2400000,0xe0000
1781188382,58.7,2400000,0xe0000
1781188383,58.2,2400000,0xe0000
1781188384,58.7,2400000,0xe0000
1781188385,59.3,2400000,0xe0000
1781188386,58.2,2400000,0xe0000
1781188387,58.7,2400000,0xe0000
1781188388,59.3,2400000,0xe0000
1781188389,58.2,2400000,0xe0000
1781188390,58.7,2400000,0xe0000
1781188391,58.7,2400000,0xe0000
1781188392,58.7,2400000,0xe0000
1781188393,59.3,2400000,0xe0000
1781188394,59.3,2400000,0xe0000
1781188395,59.3,2400000,0xe0000
1781188396,58.7,2400000,0xe0000
1781188397,58.7,2400000,0xe0000
1781188398,59.3,2400000,0xe0000
1781188399,58.7,2400000,0xe0000
1781188400,59.3,2400000,0xe0000
1781188401,59.3,2400000,0xe0000
1781188402,58.7,2400000,0xe0000
1781188403,59.3,2400000,0xe0000
1781188404,59.3,2400000,0xe0000
1781188405,58.2,2400000,0xe0000
1781188406,58.7,2400000,0xe0000
1781188407,59.3,2400000,0xe0000
1781188408,59.3,2400000,0xe0000
1781188409,59.8,2400000,0xe0000
1781188410,58.7,2400000,0xe0000
1781188411,58.2,2400000,0xe0000
1781188412,59.3,2400000,0xe0000
1781188414,59.3,2400000,0xe0000
1781188415,58.7,2400000,0xe0000
1781188416,59.3,2400000,0xe0000
1781188417,58.7,2400000,0xe0000
1781188418,59.3,2400000,0xe0000
1781188419,58.7,2400000,0xe0000
1781188420,58.7,2400000,0xe0000
1781188421,59.3,2400000,0xe0000
1781188422,58.7,2400000,0xe0000
1781188423,58.2,2400000,0xe0000
1781188424,59.3,2400000,0xe0000
1781188425,58.2,2400000,0xe0000
1781188426,58.7,2400000,0xe0000
1781188427,59.3,2400000,0xe0000
1781188428,59.3,2400000,0xe0000
1781188429,59.3,2400000,0xe0000
1781188430,59.3,2400000,0xe0000
1781188431,58.2,2400000,0xe0000
1781188432,58.7,2400000,0xe0000
1781188433,58.7,2400000,0xe0000
1781188434,59.3,2400000,0xe0000
1781188435,58.2,2400000,0xe0000
1781188436,58.7,2400000,0xe0000
1781188437,59.3,2400000,0xe0000
1781188438,59.3,2400000,0xe0000
1781188439,58.7,2400000,0xe0000
1781188440,59.3,2400000,0xe0000
1781188441,58.2,2400000,0xe0000
1781188442,59.3,2400000,0xe0000
1781188443,58.2,2400000,0xe0000
1781188444,59.3,2400000,0xe0000
1781188445,58.7,2400000,0xe0000
1781188446,59.3,2400000,0xe0000
1781188447,58.7,2400000,0xe0000
1781188448,58.7,2400000,0xe0000
1781188449,59.3,2400000,0xe0000
1781188450,58.2,2400000,0xe0000
1781188451,58.7,2400000,0xe0000
1781188452,58.2,2400000,0xe0000
1781188453,59.3,2400000,0xe0000
1781188454,59.3,2400000,0xe0000
1781188455,58.7,2400000,0xe0000
1781188456,58.7,2400000,0xe0000
1781188457,59.3,2400000,0xe0000
1781188458,59.3,2400000,0xe0000
1781188459,58.7,2400000,0xe0000
1781188460,58.2,2400000,0xe0000
1781188461,59.8,2400000,0xe0000
1781188462,59.3,2400000,0xe0000
1781188463,59.3,2400000,0xe0000
1781188464,58.7,2400000,0xe0000
1781188465,57.6,2400000,0xe0000
1781188466,58.2,2400000,0xe0000
1781188467,59.3,2400000,0xe0000
1781188468,59.3,2400000,0xe0000
1781188469,59.3,2400000,0xe0000
1781188470,58.7,2400000,0xe0000
1781188471,59.3,2400000,0xe0000
1781188472,58.7,2400000,0xe0000
1781188473,58.7,2400000,0xe0000
1781188474,58.7,2400000,0xe0000
1781188476,58.7,2400000,0xe0000
1781188477,59.3,2400000,0xe0000
1781188478,58.7,2400000,0xe0000
1781188479,59.3,2400000,0xe0000
1781188480,58.7,2400000,0xe0000
1781188481,59.3,2400000,0xe0000
1781188482,59.3,2400000,0xe0000
1781188483,58.7,2400000,0xe0000
1781188484,58.7,2400000,0xe0000
1781188485,58.7,2400000,0xe0000
1781188486,59.3,2400000,0xe0000
1781188487,58.7,2400000,0xe0000
1781188488,59.8,2400000,0xe0000
1781188489,59.3,2400000,0xe0000
1781188490,58.7,2400000,0xe0000
1781188491,58.7,2400000,0xe0000
1781188492,59.3,2400000,0xe0000
1781188493,58.7,2400000,0xe0000
1781188494,58.7,2400000,0xe0000
1781188495,58.7,2400000,0xe0000
1781188496,58.7,2400000,0xe0000
1781188497,58.7,2400000,0xe0000
1781188498,59.3,2400000,0xe0000
1781188499,58.7,2400000,0xe0000
1781188500,57.6,2400000,0xe0000
1781188501,58.7,2400000,0xe0000
1781188502,59.3,2400000,0xe0000
1781188503,58.7,2400000,0xe0000
1781188504,59.3,2400000,0xe0000
1781188505,59.3,2400000,0xe0000
1781188506,59.3,2400000,0xe0000
1781188507,58.7,2400000,0xe0000
1781188508,58.7,2400000,0xe0000
1781188509,59.3,2400000,0xe0000
1781188510,59.3,2400000,0xe0000
1781188511,58.7,2400000,0xe0000
1781188512,59.3,2400000,0xe0000
1781188513,59.3,2400000,0xe0000
1781188514,59.3,2400000,0xe0000
1781188515,58.7,2400000,0xe0000
1781188516,59.8,2400000,0xe0000
1781188517,58.2,2400000,0xe0000
1781188518,58.7,2400000,0xe0000
1781188519,59.3,2400000,0xe0000
1781188520,59.3,2400000,0xe0000
1781188521,58.2,2400000,0xe0000
1781188522,58.7,2400000,0xe0000
1781188523,59.8,2400000,0xe0000
1781188524,58.2,2400000,0xe0000
1781188525,58.2,2400000,0xe0000
1781188526,58.7,2400000,0xe0000
1781188527,58.7,2400000,0xe0000
1781188528,59.3,2400000,0xe0000
1781188529,59.3,2400000,0xe0000
1781188530,58.7,2400000,0xe0000
1781188531,58.7,2400000,0xe0000
1781188532,59.3,2400000,0xe0000
1781188534,59.3,2400000,0xe0000
1781188535,59.3,2400000,0xe0000
1781188536,59.3,2400000,0xe0000
1781188537,59.3,2400000,0xe0000
1781188538,58.7,2400000,0xe0000
1781188539,58.7,2400000,0xe0000
1781188540,59.3,2400000,0xe0000
1781188541,58.7,2400000,0xe0000
1781188542,58.7,2400000,0xe0000
1781188543,58.7,2400000,0xe0000
1781188544,59.3,2400000,0xe0000
1781188545,58.7,2400000,0xe0000
1781188546,59.3,2400000,0xe0000
1781188547,58.7,2400000,0xe0000
1781188548,59.3,2400000,0xe0000
1781188549,58.7,2400000,0xe0000
1781188550,58.2,2400000,0xe0000
1781188551,58.7,2400000,0xe0000
1781188552,58.7,2400000,0xe0000
1781188553,58.7,2400000,0xe0000
1781188554,58.7,2400000,0xe0000
1781188555,58.7,2400000,0xe0000
1781188556,59.3,2400000,0xe0000
1781188557,58.7,2400000,0xe0000
1781188558,58.2,2400000,0xe0000
1781188559,59.3,2400000,0xe0000
1781188560,58.7,2400000,0xe0000
1781188561,58.7,2400000,0xe0000
1781188562,58.7,2400000,0xe0000
1781188563,58.2,2400000,0xe0000
1781188564,58.7,2400000,0xe0000
1781188565,58.7,2400000,0xe0000
1781188566,59.3,2400000,0xe0000
1781188567,58.7,2400000,0xe0000
1781188568,59.8,2400000,0xe0000
1781188569,59.8,2400000,0xe0000
1781188570,58.7,2400000,0xe0000
1781188571,58.7,2400000,0xe0000
1781188572,59.3,2400000,0xe0000
1781188573,59.3,2400000,0xe0000
1781188574,58.2,2400000,0xe0000
1781188575,58.7,2400000,0xe0000
1781188576,58.7,2400000,0xe0000
1781188577,58.2,2400000,0xe0000
1781188578,59.3,2400000,0xe0000
1781188579,58.7,2400000,0xe0000
1781188580,58.7,2400000,0xe0000
1781188581,59.3,2400000,0xe0000
1781188582,59.3,2400000,0xe0000
1781188583,58.7,2400000,0xe0000
1781188584,59.3,2400000,0xe0000
1781188585,58.2,2400000,0xe0000
1781188586,58.2,2400000,0xe0000
1781188587,58.7,2400000,0xe0000
1781188588,59.3,2400000,0xe0000
1781188589,58.7,2400000,0xe0000
1781188590,59.3,2400000,0xe0000
1781188591,59.3,2400000,0xe0000
1781188592,59.3,2400000,0xe0000
1781188593,58.2,2400000,0xe0000
1781188594,59.3,2400000,0xe0000
1781188595,58.7,2400000,0xe0000
1781188596,58.7,2400000,0xe0000
1781188597,58.7,2400000,0xe0000
1781188598,58.7,2400000,0xe0000
1781188599,58.7,2400000,0xe0000
1781188600,59.3,2400000,0xe0000
1781188601,59.3,2400000,0xe0000
1781188602,58.7,2400000,0xe0000
1781188603,58.7,2400000,0xe0000
1781188604,58.2,2400000,0xe0000
1781188606,59.3,2400000,0xe0000
1781188607,59.3,2400000,0xe0000
1781188608,58.2,2400000,0xe0000
1781188609,59.3,2400000,0xe0000
1781188610,59.8,2400000,0xe0000
1781188611,58.7,2400000,0xe0000
1781188612,59.3,2400000,0xe0000
1781188613,59.3,2400000,0xe0000
1781188614,59.3,2400000,0xe0000
1781188615,58.2,2400000,0xe0000
1781188616,58.7,2400000,0xe0000
1781188617,59.3,2400000,0xe0000
1781188618,59.3,2400000,0xe0000
1781188619,58.7,2400000,0xe0000
1781188620,59.3,2400000,0xe0000
1781188621,59.3,2400000,0xe0000
1781188622,58.7,2400000,0xe0000
1781188623,58.7,2400000,0xe0000
1781188624,58.7,2400000,0xe0000
1781188625,58.7,2400000,0xe0000
1781188626,59.3,2400000,0xe0000
1781188627,58.7,2400000,0xe0000
1781188628,58.2,2400000,0xe0000
1781188629,58.7,2400000,0xe0000
1781188630,58.7,2400000,0xe0000
1781188631,58.7,2400000,0xe0000
1781188632,58.7,2400000,0xe0000
1781188633,58.7,2400000,0xe0000
1781188634,58.7,2400000,0xe0000
1781188635,59.3,2400000,0xe0000
1781188636,58.7,2400000,0xe0000
1781188637,59.3,2400000,0xe0000
1781188638,58.7,2400000,0xe0000
1781188639,59.3,2400000,0xe0000
1781188640,59.3,2400000,0xe0000
1781188641,59.3,2400000,0xe0000
1781188642,59.3,2400000,0xe0000
1781188643,59.3,2400000,0xe0000
1781188644,59.3,2400000,0xe0000
1781188645,59.3,2400000,0xe0000
1781188646,58.7,2400000,0xe0000
1781188647,59.3,2400000,0xe0000
1781188648,59.3,2400000,0xe0000
1781188649,59.3,2400000,0xe0000
1781188650,58.7,2400000,0xe0000
1781188651,59.3,2400000,0xe0000
1781188652,58.7,2400000,0xe0000
1781188653,58.7,2400000,0xe0000
1781188654,59.3,2400000,0xe0000
1781188655,58.7,2400000,0xe0000
1781188656,59.3,2400000,0xe0000
1781188657,58.7,2400000,0xe0000
1781188658,58.2,2400000,0xe0000
1781188659,59.3,2400000,0xe0000
1781188660,59.3,2400000,0xe0000
1781188661,58.7,2400000,0xe0000
1781188662,58.7,2400000,0xe0000
1781188663,58.7,2400000,0xe0000
1781188664,59.3,2400000,0xe0000
1781188665,58.7,2400000,0xe0000
1781188667,58.2,2400000,0xe0000
1781188668,57.6,2400000,0xe0000
1781188669,59.3,2400000,0xe0000
1781188670,59.3,2400000,0xe0000
1781188671,58.2,2400000,0xe0000
1781188672,59.3,2400000,0xe0000
1781188673,58.7,2400000,0xe0000
1781188674,58.7,2400000,0xe0000
1781188675,58.7,2400000,0xe0000
1781188676,59.3,2400000,0xe0000
1781188677,58.2,2400000,0xe0000
1781188678,58.7,2400000,0xe0000
1781188679,58.7,2400000,0xe0000
1781188680,58.7,2400000,0xe0000
1781188681,59.3,2400000,0xe0000
1781188682,59.3,2400000,0xe0000
1781188683,58.7,2400000,0xe0000
1781188684,58.7,2400000,0xe0000
1781188685,58.7,2400000,0xe0000
1781188686,59.3,2400000,0xe0000
1781188687,58.7,2400000,0xe0000
1781188688,59.3,2400000,0xe0000
1781188689,58.2,2400000,0xe0000
1781188690,59.8,2400000,0xe0000
1781188691,58.2,2400000,0xe0000
1781188692,58.7,2400000,0xe0000
1781188693,58.7,2400000,0xe0000
1781188694,58.2,2400000,0xe0000
1781188695,59.3,2400000,0xe0000
1781188696,59.3,2400000,0xe0000
1781188697,59.3,2400000,0xe0000
1781188698,59.3,2400000,0xe0000
1781188699,58.7,2400000,0xe0000
1781188700,59.3,2400000,0xe0000
1781188701,59.3,2400000,0xe0000
1781188702,57.6,2400000,0xe0000
1781188703,59.8,2400000,0xe0000
1781188704,58.7,2400000,0xe0000
1781188705,58.7,2400000,0xe0000
1781188706,58.7,2400000,0xe0000
1781188707,59.3,2400000,0xe0000
1781188708,58.7,2400000,0xe0000
1781188709,58.7,2400000,0xe0000
1781188710,58.7,2400000,0xe0000
1781188711,58.7,2400000,0xe0000
1781188712,59.3,2400000,0xe0000
1781188713,59.3,2400000,0xe0000
1781188714,59.3,2400000,0xe0000
1781188715,58.7,2400000,0xe0000
1781188716,58.7,2400000,0xe0000
1781188717,59.3,2400000,0xe0000
1781188718,58.2,2400000,0xe0000
1781188719,59.3,2400000,0xe0000
1781188720,59.3,2400000,0xe0000
1781188721,58.7,2400000,0xe0000
1781188722,58.7,2400000,0xe0000
1781188723,59.3,2400000,0xe0000
1781188724,59.3,2400000,0xe0000
1781188725,58.7,2400000,0xe0000
1781188726,59.3,2400000,0xe0000
1781188727,58.7,2400000,0xe0000
1781188728,59.8,2400000,0xe0000
1781188729,58.7,2400000,0xe0000
1781188730,58.2,2400000,0xe0000
1781188731,58.7,2400000,0xe0000
1781188732,59.3,2400000,0xe0000
1781188733,59.3,2400000,0xe0000
1781188734,58.7,2400000,0xe0000
1781188735,59.3,2400000,0xe0000
1781188737,59.3,2400000,0xe0000
1781188738,59.3,2400000,0xe0000
1781188739,59.3,2400000,0xe0000
1781188740,58.7,2400000,0xe0000
1781188741,59.3,2400000,0xe0000
1781188742,59.3,2400000,0xe0000
1781188743,58.7,2400000,0xe0000
1781188744,59.3,2400000,0xe0000
1781188745,58.7,2400000,0xe0000
1781188746,58.7,2400000,0xe0000
1781188747,58.7,2400000,0xe0000
1781188748,58.7,2400000,0xe0000
1781188749,58.7,2400000,0xe0000
1781188750,59.3,2400000,0xe0000
1781188751,59.3,2400000,0xe0000
1781188752,60.4,2400000,0xe0000
1781188753,59.8,2400000,0xe0000
1781188754,58.7,2400000,0xe0000
1781188755,58.7,2400000,0xe0000
1781188756,59.3,2400000,0xe0000
1781188757,58.2,2400000,0xe0000
1781188758,59.3,2400000,0xe0000
1781188759,59.3,2400000,0xe0000
1781188760,59.8,2400000,0xe0000
1781188761,58.2,2400000,0xe0000
1781188762,59.3,2400000,0xe0000
1781188763,58.7,2400000,0xe0000
1781188764,58.7,2400000,0xe0000
1781188765,58.7,2400000,0xe0000
1781188766,58.7,2400000,0xe0000
1781188767,58.7,2400000,0xe0000
1781188768,59.3,2400000,0xe0000
1781188769,59.3,2400000,0xe0000
1781188770,58.7,2400000,0xe0000
1781188771,59.3,2400000,0xe0000
1781188772,57.1,2400000,0xe0000
1781188773,58.7,2400000,0xe0000
1781188774,58.2,2400000,0xe0000
1781188775,58.7,2400000,0xe0000
1781188776,58.7,2400000,0xe0000
1781188777,59.3,2400000,0xe0000
1781188778,59.3,2400000,0xe0000
1781188779,58.7,2400000,0xe0000
1781188780,59.3,2400000,0xe0000
1781188781,58.2,2400000,0xe0000
1781188782,58.7,2400000,0xe0000
1781188783,58.2,2400000,0xe0000
1781188784,59.3,2400000,0xe0000
1781188785,59.3,2400000,0xe0000
1781188786,59.3,2400000,0xe0000
1781188787,59.3,2400000,0xe0000
1781188788,59.3,2400000,0xe0000
1781188789,59.3,2400000,0xe0000
1781188790,58.7,2400000,0xe0000
1781188791,59.3,2400000,0xe0000
1781188792,59.3,2400000,0xe0000
1781188793,59.3,2400000,0xe0000
1781188794,58.7,2400000,0xe0000
1781188795,58.7,2400000,0xe0000
1781188796,58.7,2400000,0xe0000
1781188797,58.7,2400000,0xe0000
1781188798,58.7,2400000,0xe0000
1781188799,58.7,2400000,0xe0000
1781188800,59.8,2400000,0xe0000
1781188801,58.7,2400000,0xe0000
1781188802,59.3,2400000,0xe0000
1781188803,58.7,2400000,0xe0000
1781188804,59.3,2400000,0xe0000
1781188805,59.3,2400000,0xe0000
1781188806,57.6,2400000,0xe0000
1781188807,59.8,2400000,0xe0000
1781188808,58.2,2400000,0xe0000
1781188809,59.3,2400000,0xe0000
1781188810,59.3,2400000,0xe0000
1781188811,58.7,2400000,0xe0000
1781188813,59.3,2400000,0xe0000
1781188814,59.3,2400000,0xe0000
1781188815,58.7,2400000,0xe0000
1781188816,59.3,2400000,0xe0000
1781188817,59.3,2400000,0xe0000
1781188818,57.6,2400000,0xe0000
1781188819,58.7,2400000,0xe0000
1781188820,58.7,2400000,0xe0000
1781188821,59.3,2400000,0xe0000
1781188822,59.3,2400000,0xe0000
1781188823,58.7,2400000,0xe0000
1781188824,59.3,2400000,0xe0000
1781188825,58.7,2400000,0xe0000
1781188826,59.3,2400000,0xe0000
1781188827,59.3,2400000,0xe0000
1781188828,58.7,2400000,0xe0000
1781188829,58.7,2400000,0xe0000
1781188830,58.7,2400000,0xe0000
1781188831,59.8,2400000,0xe0000
1781188832,57.6,2400000,0xe0000
1781188833,58.7,2400000,0xe0000
1781188834,59.8,2400000,0xe0000
1781188835,58.7,2400000,0xe0000
1781188836,58.7,2400000,0xe0000
1781188837,58.7,2400000,0xe0000
1781188838,59.3,2400000,0xe0000
1781188839,59.3,2400000,0xe0000
1781188840,59.3,2400000,0xe0000
1781188841,59.8,2400000,0xe0000
1781188842,58.7,2400000,0xe0000
1781188843,59.3,2400000,0xe0000
1781188844,58.7,2400000,0xe0000
1781188845,59.3,2400000,0xe0000
1781188846,59.3,2400000,0xe0000
1781188847,59.8,2400000,0xe0000
1781188848,58.2,2400000,0xe0000
1781188849,59.3,2400000,0xe0000
1781188850,59.3,2400000,0xe0000
1781188851,58.7,2400000,0xe0000
1781188852,59.3,2400000,0xe0000
1781188853,57.1,2400000,0xe0000
1781188854,58.7,2400000,0xe0000
1781188855,58.7,2400000,0xe0000
1781188856,59.3,2400000,0xe0000
1781188857,58.7,2400000,0xe0000
1781188858,59.3,2400000,0xe0000
1781188859,57.6,2400000,0xe0000
1781188860,59.8,2400000,0xe0000
1781188861,58.2,2400000,0xe0000
1781188862,59.3,2400000,0xe0000
1781188863,58.7,2400000,0xe0000
1781188864,59.3,2400000,0xe0000
1781188865,59.3,2400000,0xe0000
1781188866,59.3,2400000,0xe0000
1781188867,59.3,2400000,0xe0000
1781188868,59.3,2400000,0xe0000
1781188869,58.7,2400000,0xe0000
1781188870,58.7,2400000,0xe0000
1781188871,59.8,2400000,0xe0000
1781188872,59.3,2400000,0xe0000
1781188873,59.3,2400000,0xe0000
1781188874,58.7,2400000,0xe0000
1781188875,58.7,2400000,0xe0000
1781188876,58.7,2400000,0xe0000
1781188877,59.3,2400000,0xe0000
1781188878,59.3,2400000,0xe0000
1781188879,58.7,2400000,0xe0000
1781188880,58.7,2400000,0xe0000
1781188881,58.7,2400000,0xe0000
1781188882,58.7,2400000,0xe0000
1781188883,59.3,2400000,0xe0000
1781188885,58.2,2400000,0xe0000
1781188886,59.3,2400000,0xe0000
1781188887,59.8,2400000,0xe0000
1781188888,59.3,2400000,0xe0000
1781188889,59.3,2400000,0xe0000
1781188890,59.3,2400000,0xe0000
1781188891,59.3,2400000,0xe0000
1781188892,58.7,2400000,0xe0000
1781188893,58.2,2400000,0xe0000
1781188894,58.2,2400000,0xe0000
1781188895,58.7,2400000,0xe0000
1781188896,59.3,2400000,0xe0000
1781188897,59.3,2400000,0xe0000
1781188898,59.3,2400000,0xe0000
1781188899,59.3,2400000,0xe0000
1781188900,59.3,2400000,0xe0000
1781188901,59.8,2400000,0xe0000
1781188902,59.3,2400000,0xe0000
1781188903,59.3,2400000,0xe0000
1781188904,59.3,2400000,0xe0000
1781188905,59.3,2400000,0xe0000
1781188906,59.3,2400000,0xe0000
1781188907,59.3,2400000,0xe0000
1781188908,59.3,2400000,0xe0000
1781188909,59.3,2400000,0xe0000
1781188910,59.3,2400000,0xe0000
1781188911,59.3,2400000,0xe0000
1781188912,58.2,2400000,0xe0000
1781188913,59.8,2400000,0xe0000
1781188914,59.3,2400000,0xe0000
1781188915,58.7,2400000,0xe0000
1781188916,59.3,2400000,0xe0000
1781188917,59.3,2400000,0xe0000
1781188918,58.7,2400000,0xe0000
1781188919,58.7,2400000,0xe0000
1781188920,58.7,2400000,0xe0000
1781188921,59.3,2400000,0xe0000
1781188922,59.3,2400000,0xe0000
1781188923,58.7,2400000,0xe0000
1781188924,59.3,2400000,0xe0000
1781188925,58.7,2400000,0xe0000
1781188926,59.3,2400000,0xe0000
1781188927,58.7,2400000,0xe0000
1781188928,59.3,2400000,0xe0000
1781188929,59.8,2400000,0xe0000
1781188930,58.7,2400000,0xe0000
1781188931,58.7,2400000,0xe0000
1781188932,58.2,2400000,0xe0000
1781188933,58.7,2400000,0xe0000
1781188934,59.3,2400000,0xe0000
1781188935,59.3,2400000,0xe0000
1781188936,58.2,2400000,0xe0000
1781188937,59.3,2400000,0xe0000
1781188938,58.7,2400000,0xe0000
1781188939,58.7,2400000,0xe0000
1781188940,58.7,2400000,0xe0000
1781188941,58.7,2400000,0xe0000
1781188942,58.2,2400000,0xe0000
1781188943,59.3,2400000,0xe0000
1781188945,59.3,2400000,0xe0000
1781188946,59.8,2400000,0xe0000
1781188947,58.7,2400000,0xe0000
1781188948,57.6,2400000,0xe0000
1781188949,58.7,2400000,0xe0000
1781188950,59.3,2400000,0xe0000
1781188951,59.3,2400000,0xe0000
1781188952,58.7,2400000,0xe0000
1781188953,58.7,2400000,0xe0000
1781188954,58.2,2400000,0xe0000
1781188955,58.7,2400000,0xe0000
1781188956,59.3,2400000,0xe0000
1781188957,59.3,2400000,0xe0000
1781188958,58.2,2400000,0xe0000
1781188959,58.7,2400000,0xe0000
1781188960,58.7,2400000,0xe0000
1781188961,59.3,2400000,0xe0000
1781188962,58.7,2400000,0xe0000
1781188963,59.8,2400000,0xe0000
1781188964,59.3,2400000,0xe0000
1781188965,58.7,2400000,0xe0000
1781188966,58.7,2400000,0xe0000
1781188967,58.7,2400000,0xe0000
1781188968,59.3,2400000,0xe0000
1781188969,59.3,2400000,0xe0000
1781188970,59.3,2400000,0xe0000
1781188971,58.7,2400000,0xe0000
1781188972,58.7,2400000,0xe0000
1781188973,59.3,2400000,0xe0000
1781188974,58.7,2400000,0xe0000
1781188975,58.7,2400000,0xe0000
1781188976,58.2,2400000,0xe0000
1781188977,59.3,2400000,0xe0000
1781188978,59.3,2400000,0xe0000
1781188979,58.7,2400000,0xe0000
1781188980,59.3,2400000,0xe0000
1781188981,58.2,2400000,0xe0000
1781188982,59.3,2400000,0xe0000
1781188983,59.3,2400000,0xe0000
1781188984,59.3,2400000,0xe0000
1781188985,59.3,2400000,0xe0000
1781188986,59.8,2400000,0xe0000
1781188987,59.3,2400000,0xe0000
1781188988,58.7,2400000,0xe0000
1781188989,58.2,2400000,0xe0000
1781188990,59.8,2400000,0xe0000
1781188991,58.7,2400000,0xe0000
1781188992,59.3,2400000,0xe0000
1781188993,59.3,2400000,0xe0000
1781188994,58.2,2400000,0xe0000
1781188995,59.3,2400000,0xe0000
1781188996,58.7,2400000,0xe0000
1781188997,59.3,2400000,0xe0000
1781188998,58.7,2400000,0xe0000
1781188999,58.7,2400000,0xe0000
1781189000,59.3,2400000,0xe0000
1781189001,58.7,2400000,0xe0000
1781189002,59.3,2400000,0xe0000
1781189003,58.2,2400000,0xe0000
1781189004,59.3,2400000,0xe0000
1781189005,59.8,2400000,0xe0000
1781189006,59.3,2400000,0xe0000
1781189007,58.7,2400000,0xe0000
1781189008,59.3,2400000,0xe0000
1781189009,59.3,2400000,0xe0000
1781189010,58.7,2400000,0xe0000
1781189011,58.7,2400000,0xe0000
1781189012,59.3,2400000,0xe0000
1781189014,59.3,2400000,0xe0000
1781189015,58.2,2400000,0xe0000
1781189016,58.2,2400000,0xe0000
1781189017,59.3,2400000,0xe0000
1781189018,58.7,2400000,0xe0000
1781189019,59.3,2400000,0xe0000
1781189020,59.3,2400000,0xe0000
1781189021,59.3,2400000,0xe0000
1781189022,58.7,2400000,0xe0000
1781189023,59.8,2400000,0xe0000
1781189024,59.8,2400000,0xe0000
1781189025,58.7,2400000,0xe0000
1781189026,59.3,2400000,0xe0000
1781189027,58.7,2400000,0xe0000
1781189028,58.2,2400000,0xe0000
1781189029,59.3,2400000,0xe0000
1781189030,58.7,2400000,0xe0000
1781189031,58.2,2400000,0xe0000
1781189032,58.7,2400000,0xe0000
1781189033,59.3,2400000,0xe0000
1781189034,59.3,2400000,0xe0000
1781189035,57.6,2400000,0xe0000
1781189036,58.7,2400000,0xe0000
1781189037,58.2,2400000,0xe0000
1781189038,59.3,2400000,0xe0000
1781189039,58.7,2400000,0xe0000
1781189040,59.3,2400000,0xe0000
1781189041,58.7,2400000,0xe0000
1781189042,59.3,2400000,0xe0000
1781189043,58.2,2400000,0xe0000
1781189044,59.3,2400000,0xe0000
1781189045,58.7,2400000,0xe0000
1781189046,58.7,2400000,0xe0000
1781189047,59.3,2400000,0xe0000
1781189048,58.7,2400000,0xe0000
1781189049,59.3,2400000,0xe0000
1781189050,58.7,2400000,0xe0000
1781189051,59.3,2400000,0xe0000
1781189052,59.3,2400000,0xe0000
1781189053,58.7,2400000,0xe0000
1781189054,58.7,2400000,0xe0000
1781189055,59.3,2400000,0xe0000
1781189056,58.7,2400000,0xe0000
1781189057,59.3,2400000,0xe0000
1781189058,59.3,2400000,0xe0000
1781189059,58.7,2400000,0xe0000
1781189060,59.3,2400000,0xe0000
1781189061,58.7,2400000,0xe0000
1781189062,58.7,2400000,0xe0000
1781189063,58.7,2400000,0xe0000
1781189064,58.7,2400000,0xe0000
1781189065,59.3,2400000,0xe0000
1781189066,58.7,2400000,0xe0000
1781189067,58.7,2400000,0xe0000
1781189068,59.3,2400000,0xe0000
1781189069,59.8,2400000,0xe0000
1781189070,59.3,2400000,0xe0000
1781189071,59.3,2400000,0xe0000
1781189072,58.7,2400000,0xe0000
1781189073,58.7,2400000,0xe0000
1781189074,58.7,2400000,0xe0000
1781189076,58.7,2400000,0xe0000
1781189077,59.3,2400000,0xe0000
1781189078,58.2,2400000,0xe0000
1781189079,59.8,2400000,0xe0000
1781189080,59.3,2400000,0xe0000
1781189081,58.7,2400000,0xe0000
1781189082,57.6,2400000,0xe0000
1781189083,59.3,2400000,0xe0000
1781189084,59.3,2400000,0xe0000
1781189085,59.8,2400000,0xe0000
1781189086,59.3,2400000,0xe0000
1781189087,58.2,2400000,0xe0000
1781189088,58.2,2400000,0xe0000
1781189089,59.3,2400000,0xe0000
1781189090,59.3,2400000,0xe0000
1781189091,59.3,2400000,0xe0000
1781189092,59.3,2400000,0xe0000
1781189093,59.3,2400000,0xe0000
1781189094,59.3,2400000,0xe0000
1781189095,58.2,2400000,0xe0000
1781189096,58.7,2400000,0xe0000
1781189097,59.3,2400000,0xe0000
1781189098,59.3,2400000,0xe0000
1781189099,59.3,2400000,0xe0000
1781189100,59.3,2400000,0xe0000
1781189101,59.3,2400000,0xe0000
1781189102,58.2,2400000,0xe0000
1781189103,58.7,2400000,0xe0000
1781189104,59.3,2400000,0xe0000
1781189105,58.7,2400000,0xe0000
1781189106,58.2,2400000,0xe0000
1781189107,59.3,2400000,0xe0000
1781189108,59.3,2400000,0xe0000
1781189109,58.7,2400000,0xe0000
1781189110,59.3,2400000,0xe0000
1781189111,59.3,2400000,0xe0000
1781189112,59.3,2400000,0xe0000
1781189113,59.3,2400000,0xe0000
1781189114,58.7,2400000,0xe0000
1781189115,59.8,2400000,0xe0000
1781189116,58.7,2400000,0xe0000
1781189117,59.3,2400000,0xe0000
1781189118,58.7,2400000,0xe0000
1781189119,58.2,2400000,0xe0000
1781189120,59.3,2400000,0xe0000
1781189121,57.6,2400000,0xe0000
1781189122,58.7,2400000,0xe0000
1781189123,58.7,2400000,0xe0000
1781189124,58.7,2400000,0xe0000
1781189125,58.7,2400000,0xe0000
1781189126,58.7,2400000,0xe0000
1781189127,59.3,2400000,0xe0000
1781189128,59.3,2400000,0xe0000
1781189129,59.3,2400000,0xe0000
1781189130,58.7,2400000,0xe0000
1781189131,59.3,2400000,0xe0000
1781189132,57.6,2400000,0xe0000
1781189133,58.2,2400000,0xe0000
1781189134,59.3,2400000,0xe0000
1781189135,59.3,2400000,0xe0000
1781189136,59.3,2400000,0xe0000
1781189137,58.7,2400000,0xe0000
1781189138,58.2,2400000,0xe0000
1781189139,59.3,2400000,0xe0000
1781189140,58.7,2400000,0xe0000
1781189141,58.7,2400000,0xe0000
1781189142,58.2,2400000,0xe0000
1781189143,58.7,2400000,0xe0000
1781189145,59.8,2400000,0xe0000
1781189146,58.7,2400000,0xe0000
1781189147,58.7,2400000,0xe0000
1781189148,58.2,2400000,0xe0000
1781189149,58.7,2400000,0xe0000
1781189150,58.7,2400000,0xe0000
1781189151,59.3,2400000,0xe0000
1781189152,59.3,2400000,0xe0000
1781189153,58.7,2400000,0xe0000
1781189154,58.7,2400000,0xe0000
1781189155,59.3,2400000,0xe0000
1781189156,57.6,2400000,0xe0000
1781189157,59.3,2400000,0xe0000
1781189158,58.7,2400000,0xe0000
1781189159,59.3,2400000,0xe0000
1781189160,59.3,2400000,0xe0000
1781189161,59.3,2400000,0xe0000
1781189162,59.3,2400000,0xe0000
1781189163,59.3,2400000,0xe0000
1781189164,59.3,2400000,0xe0000
1781189165,59.3,2400000,0xe0000
1781189166,58.7,2400000,0xe0000
1781189167,58.7,2400000,0xe0000
1781189168,58.7,2400000,0xe0000
1781189169,58.7,2400000,0xe0000
1781189170,59.3,2400000,0xe0000
1781189171,58.7,2400000,0xe0000
1781189172,58.7,2400000,0xe0000
1781189173,59.3,2400000,0xe0000
1781189174,57.1,2400000,0xe0000
1781189175,59.3,2400000,0xe0000
1781189176,59.3,2400000,0xe0000
1781189177,58.7,2400000,0xe0000
1781189178,59.3,2400000,0xe0000
1781189179,59.3,2400000,0xe0000
1781189180,59.3,2400000,0xe0000
1781189181,58.2,2400000,0xe0000
1781189182,59.3,2400000,0xe0000
1781189183,58.7,2400000,0xe0000
1781189184,59.3,2400000,0xe0000
1781189185,59.3,2400000,0xe0000
1781189186,59.3,2400000,0xe0000
1781189187,59.3,2400000,0xe0000
1781189188,58.7,2400000,0xe0000
1781189189,59.3,2400000,0xe0000
1781189190,58.2,2400000,0xe0000
1781189191,58.2,2400000,0xe0000
1781189192,59.3,2400000,0xe0000
1781189193,58.7,2400000,0xe0000
1781189194,59.3,2400000,0xe0000
1781189195,59.3,2400000,0xe0000
1781189196,59.3,2400000,0xe0000
1781189197,58.2,2400000,0xe0000
1781189198,58.7,2400000,0xe0000
1781189199,59.3,2400000,0xe0000
1781189200,57.6,2400000,0xe0000
1781189201,59.3,2400000,0xe0000
1781189202,59.3,2400000,0xe0000
1781189203,59.3,2400000,0xe0000
1781189204,58.7,2400000,0xe0000
1781189206,58.7,2400000,0xe0000
1781189207,59.3,2400000,0xe0000
1781189208,59.3,2400000,0xe0000
1781189209,59.3,2400000,0xe0000
1781189210,59.8,2400000,0xe0000
1781189211,59.3,2400000,0xe0000
1781189212,58.7,2400000,0xe0000
1781189213,59.3,2400000,0xe0000
1781189214,58.2,2400000,0xe0000
1781189215,58.7,2400000,0xe0000
1781189216,58.7,2400000,0xe0000
1781189217,59.3,2400000,0xe0000
1781189218,59.3,2400000,0xe0000
1781189219,59.3,2400000,0xe0000
1781189220,58.7,2400000,0xe0000
1781189221,59.3,2400000,0xe0000
1781189222,58.7,2400000,0xe0000
1781189223,59.3,2400000,0xe0000
1781189224,58.7,2400000,0xe0000
1781189225,58.7,2400000,0xe0000
1781189226,58.2,2400000,0xe0000
1781189227,59.3,2400000,0xe0000
1781189228,59.3,2400000,0xe0000
1781189229,58.7,2400000,0xe0000
1781189230,58.2,2400000,0xe0000
1781189231,58.7,2400000,0xe0000
1781189232,59.8,2400000,0xe0000
1781189233,58.7,2400000,0xe0000
1781189234,59.3,2400000,0xe0000
1781189235,58.2,2400000,0xe0000
1781189236,58.2,2400000,0xe0000
1781189237,58.7,2400000,0xe0000
1781189238,59.3,2400000,0xe0000
1781189239,58.7,2400000,0xe0000
1781189240,58.7,2400000,0xe0000
1781189241,58.2,2400000,0xe0000
1781189242,57.6,2400000,0xe0000
1781189243,58.7,2400000,0xe0000
1781189244,59.3,2400000,0xe0000
1781189245,58.7,2400000,0xe0000
1781189246,59.3,2400000,0xe0000
1781189247,59.3,2400000,0xe0000
1781189248,59.3,2400000,0xe0000
1781189249,59.3,2400000,0xe0000
1781189250,58.7,2400000,0xe0000
1781189251,58.7,2400000,0xe0000
1781189252,58.7,2400000,0xe0000
1781189253,58.2,2400000,0xe0000
1781189254,59.3,2400000,0xe0000
1781189255,59.3,2400000,0xe0000
1781189256,58.2,2400000,0xe0000
1781189257,58.7,2400000,0xe0000
1781189258,59.3,2400000,0xe0000
1781189259,59.3,2400000,0xe0000
1781189260,58.7,2400000,0xe0000
1781189261,58.7,2400000,0xe0000
1781189262,58.7,2400000,0xe0000
1781189263,58.7,2400000,0xe0000
1781189264,59.3,2400000,0xe0000
1781189265,59.3,2400000,0xe0000
1781189266,58.7,2400000,0xe0000
1781189267,58.7,2400000,0xe0000
1781189268,58.2,2400000,0xe0000
1781189269,58.2,2400000,0xe0000
1781189270,59.3,2400000,0xe0000
1781189271,58.2,2400000,0xe0000
1781189272,58.7,2400000,0xe0000
1781189273,59.3,2400000,0xe0000
1781189275,58.7,2400000,0xe0000
1781189276,58.7,2400000,0xe0000
1781189277,58.7,2400000,0xe0000
1781189278,58.2,2400000,0xe0000
1781189279,58.7,2400000,0xe0000
1781189280,58.7,2400000,0xe0000
1781189281,59.3,2400000,0xe0000
1781189282,59.8,2400000,0xe0000
1781189283,58.7,2400000,0xe0000
1781189284,59.3,2400000,0xe0000
1781189285,59.3,2400000,0xe0000
1781189286,59.3,2400000,0xe0000
1781189287,58.7,2400000,0xe0000
1781189288,58.7,2400000,0xe0000
1781189289,58.7,2400000,0xe0000
1781189290,59.3,2400000,0xe0000
1781189291,58.2,2400000,0xe0000
1781189292,59.3,2400000,0xe0000
1781189293,58.7,2400000,0xe0000
1781189294,59.3,2400000,0xe0000
1781189295,58.7,2400000,0xe0000
1781189296,59.3,2400000,0xe0000
1781189297,59.3,2400000,0xe0000
1781189298,59.3,2400000,0xe0000
1781189299,58.7,2400000,0xe0000
1781189300,58.7,2400000,0xe0000
1781189301,59.3,2400000,0xe0000
1781189302,58.2,2400000,0xe0000
1781189303,59.3,2400000,0xe0000
1781189304,58.7,2400000,0xe0000
1781189305,59.3,2400000,0xe0000
1781189306,58.7,2400000,0xe0000
1781189307,59.3,2400000,0xe0000
1781189308,59.3,2400000,0xe0000
1781189309,59.3,2400000,0xe0000
1781189310,58.2,2400000,0xe0000
1781189311,59.3,2400000,0xe0000
1781189312,59.3,2400000,0xe0000
1781189313,59.8,2400000,0xe0000
1781189314,58.7,2400000,0xe0000
1781189315,59.3,2400000,0xe0000
1781189316,59.3,2400000,0xe0000
1781189317,58.7,2400000,0xe0000
1781189318,59.3,2400000,0xe0000
1781189319,59.3,2400000,0xe0000
1781189320,58.7,2400000,0xe0000
1781189321,58.7,2400000,0xe0000
1781189322,59.3,2400000,0xe0000
1781189323,58.2,2400000,0xe0000
1781189324,59.3,2400000,0xe0000
1781189325,59.3,2400000,0xe0000
1781189326,59.3,2400000,0xe0000
1781189327,58.7,2400000,0xe0000
1781189328,58.2,2400000,0xe0000
1781189329,57.6,2400000,0xe0000
1781189330,58.2,2400000,0xe0000
1781189331,58.7,2400000,0xe0000
1781189332,58.2,2400000,0xe0000
1781189333,59.3,2400000,0xe0000
1781189334,58.7,2400000,0xe0000
1781189336,58.7,2400000,0xe0000
1781189337,58.2,2400000,0xe0000
1781189338,58.7,2400000,0xe0000
1781189339,59.3,2400000,0xe0000
1781189340,59.8,2400000,0xe0000
1781189341,59.3,2400000,0xe0000
1781189342,59.3,2400000,0xe0000
1781189343,58.7,2400000,0xe0000
1781189344,58.7,2400000,0xe0000
1781189345,58.7,2400000,0xe0000
1781189346,58.7,2400000,0xe0000
1781189347,58.7,2400000,0xe0000
1781189348,59.3,2400000,0xe0000
1781189349,59.3,2400000,0xe0000
1781189350,59.3,2400000,0xe0000
1781189351,58.2,2400000,0xe0000
1781189352,59.3,2400000,0xe0000
1781189353,59.3,2400000,0xe0000
1781189354,59.3,2400000,0xe0000
1781189355,59.8,2400000,0xe0000
1781189356,58.7,2400000,0xe0000
1781189357,59.3,2400000,0xe0000
1781189358,58.7,2400000,0xe0000
1781189359,58.7,2400000,0xe0000
1781189360,58.7,2400000,0xe0000
1781189361,59.3,2400000,0xe0000
1781189362,58.7,2400000,0xe0000
1781189363,58.7,2400000,0xe0000
1781189364,59.3,2400000,0xe0000
1781189365,59.3,2400000,0xe0000
1781189366,58.7,2400000,0xe0000
1781189367,59.3,2400000,0xe0000
1781189368,59.3,2400000,0xe0000
1781189369,58.7,2400000,0xe0000
1781189370,58.7,2400000,0xe0000
1781189371,59.3,2400000,0xe0000
1781189372,58.7,2400000,0xe0000
1781189373,58.7,2400000,0xe0000
1781189374,59.3,2400000,0xe0000
1781189375,58.2,2400000,0xe0000
1781189376,59.3,2400000,0xe0000
1781189377,59.3,2400000,0xe0000
1781189378,59.3,2400000,0xe0000
1781189379,58.7,2400000,0xe0000
1781189380,59.3,2400000,0xe0000
1781189381,59.3,2400000,0xe0000
1781189382,59.3,2400000,0xe0000
1781189383,59.3,2400000,0xe0000
1781189384,59.3,2400000,0xe0000
1781189385,57.6,2400000,0xe0000
1781189386,58.2,2400000,0xe0000
1781189387,59.3,2400000,0xe0000
1781189388,59.3,2400000,0xe0000
1781189389,58.7,2400000,0xe0000
1781189390,59.3,2400000,0xe0000
1781189391,59.3,2400000,0xe0000
1781189392,59.3,2400000,0xe0000
1781189393,58.7,2400000,0xe0000
1781189394,58.7,2400000,0xe0000
1781189395,58.7,2400000,0xe0000
1781189396,58.7,2400000,0xe0000
1781189397,58.7,2400000,0xe0000
1781189398,58.2,2400000,0xe0000
1781189399,59.3,2400000,0xe0000
1781189400,59.3,2400000,0xe0000
1781189401,58.2,2400000,0xe0000
1781189402,58.7,2400000,0xe0000
1781189403,58.7,2400000,0xe0000
1781189404,59.3,2400000,0xe0000
1781189405,58.7,2400000,0xe0000
1781189406,58.7,2400000,0xe0000
1781189407,58.7,2400000,0xe0000
1781189408,59.3,2400000,0xe0000
1781189409,58.7,2400000,0xe0000
1781189410,59.3,2400000,0xe0000
1781189411,59.3,2400000,0xe0000
1781189413,59.3,2400000,0xe0000
1781189414,58.2,2400000,0xe0000
1781189415,58.2,2400000,0xe0000
1781189416,57.6,2400000,0xe0000
1781189417,59.3,2400000,0xe0000
1781189418,59.3,2400000,0xe0000
1781189419,58.2,2400000,0xe0000
1781189420,58.7,2400000,0xe0000
1781189421,59.3,2400000,0xe0000
1781189422,59.3,2400000,0xe0000
1781189423,59.3,2400000,0xe0000
1781189424,60.4,2400000,0xe0000
1781189425,59.3,2400000,0xe0000
1781189426,59.3,2400000,0xe0000
1781189427,59.3,2400000,0xe0000
1781189428,59.3,2400000,0xe0000
1781189429,58.7,2400000,0xe0000
1781189430,58.7,2400000,0xe0000
1781189431,59.3,2400000,0xe0000
1781189432,59.3,2400000,0xe0000
1781189433,58.7,2400000,0xe0000
1781189434,58.7,2400000,0xe0000
1781189435,57.6,2400000,0xe0000
1781189436,58.2,2400000,0xe0000
1781189437,59.3,2400000,0xe0000
1781189438,58.7,2400000,0xe0000
1781189439,59.3,2400000,0xe0000
1781189440,58.7,2400000,0xe0000
1781189441,59.3,2400000,0xe0000
1781189442,59.3,2400000,0xe0000
1781189443,59.3,2400000,0xe0000
1781189444,58.7,2400000,0xe0000
1781189445,59.3,2400000,0xe0000
1781189446,59.3,2400000,0xe0000
1781189447,59.3,2400000,0xe0000
1781189448,59.3,2400000,0xe0000
1781189449,59.3,2400000,0xe0000
1781189450,59.3,2400000,0xe0000
1781189451,58.7,2400000,0xe0000
1781189452,59.3,2400000,0xe0000
1781189453,59.3,2400000,0xe0000
1781189454,59.3,2400000,0xe0000
1781189455,59.3,2400000,0xe0000
1781189456,59.3,2400000,0xe0000
1781189457,59.3,2400000,0xe0000
1781189458,59.8,2400000,0xe0000
1781189459,59.3,2400000,0xe0000
1781189460,58.7,2400000,0xe0000
1781189461,58.7,2400000,0xe0000
1781189462,59.3,2400000,0xe0000
1781189463,59.3,2400000,0xe0000
1781189464,59.3,2400000,0xe0000
1781189465,59.3,2400000,0xe0000
1781189466,59.3,2400000,0xe0000
1781189467,59.3,2400000,0xe0000
1781189468,59.8,2400000,0xe0000
1781189469,58.7,2400000,0xe0000
1781189470,58.7,2400000,0xe0000
1781189471,58.7,2400000,0xe0000
1781189472,59.3,2400000,0xe0000
1781189473,58.2,2400000,0xe0000
1781189474,59.3,2400000,0xe0000
1781189475,59.3,2400000,0xe0000
1781189476,58.2,2400000,0xe0000
1781189477,59.3,2400000,0xe0000
1781189478,58.2,2400000,0xe0000
1781189479,59.3,2400000,0xe0000
1781189480,59.3,2400000,0xe0000
1781189482,58.2,2400000,0xe0000
1781189483,59.3,2400000,0xe0000
1781189484,59.3,2400000,0xe0000
1781189485,58.7,2400000,0xe0000
1781189486,58.7,2400000,0xe0000
1781189487,59.3,2400000,0xe0000
1781189488,58.2,2400000,0xe0000
1781189489,59.8,2400000,0xe0000
1781189490,58.7,2400000,0xe0000
1781189491,58.2,2400000,0xe0000
1781189492,59.3,2400000,0xe0000
1781189493,59.3,2400000,0xe0000
1781189494,58.7,2400000,0xe0000
1781189495,59.3,2400000,0xe0000
1781189496,59.3,2400000,0xe0000
1781189497,58.7,2400000,0xe0000
1781189498,59.3,2400000,0xe0000
1781189499,59.3,2400000,0xe0000
1781189500,58.7,2400000,0xe0000
1781189501,59.3,2400000,0xe0000
1781189502,58.7,2400000,0xe0000
1781189503,58.7,2400000,0xe0000
1781189504,59.3,2400000,0xe0000
1781189505,58.7,2400000,0xe0000
1781189506,59.3,2400000,0xe0000
1781189507,58.7,2400000,0xe0000
1781189508,59.3,2400000,0xe0000
1781189509,58.2,2400000,0xe0000
1781189510,59.3,2400000,0xe0000
1781189511,58.2,2400000,0xe0000
1781189512,59.8,2400000,0xe0000
1781189513,58.2,2400000,0xe0000
1781189514,58.7,2400000,0xe0000
1781189515,58.7,2400000,0xe0000
1781189516,59.3,2400000,0xe0000
1781189517,58.7,2400000,0xe0000
1781189518,59.3,2400000,0xe0000
1781189519,58.7,2400000,0xe0000
1781189520,58.7,2400000,0xe0000
1781189521,59.3,2400000,0xe0000
1781189522,59.3,2400000,0xe0000
1781189523,59.3,2400000,0xe0000
1781189524,59.3,2400000,0xe0000
1781189525,58.2,2400000,0xe0000
1781189526,58.7,2400000,0xe0000
1781189527,59.3,2400000,0xe0000
1781189528,58.7,2400000,0xe0000
1781189529,59.3,2400000,0xe0000
1781189530,58.2,2400000,0xe0000
1781189531,59.3,2400000,0xe0000
1781189532,58.7,2400000,0xe0000
1781189533,59.3,2400000,0xe0000
1781189534,58.7,2400000,0xe0000
1781189535,58.2,2400000,0xe0000
1781189536,59.3,2400000,0xe0000
1781189537,59.3,2400000,0xe0000
1781189538,58.7,2400000,0xe0000
1781189539,59.3,2400000,0xe0000
1781189540,58.7,2400000,0xe0000
1781189541,58.2,2400000,0xe0000
1781189542,59.3,2400000,0xe0000
1781189543,59.3,2400000,0xe0000
1781189544,59.8,2400000,0xe0000
1781189545,58.7,2400000,0xe0000
1781189546,58.7,2400000,0xe0000
1781189547,59.3,2400000,0xe0000
1781189548,59.3,2400000,0xe0000
1781189549,59.3,2400000,0xe0000
1781189550,58.2,2400000,0xe0000
1781189551,57.6,2400000,0xe0000
1781189552,59.3,2400000,0xe0000
1781189553,59.3,2400000,0xe0000
1781189554,59.3,2400000,0xe0000
1781189555,58.7,2400000,0xe0000
1781189556,59.8,2400000,0xe0000
1781189558,59.3,2400000,0xe0000
1781189559,59.8,2400000,0xe0000
1781189560,58.2,2400000,0xe0000
1781189561,58.7,2400000,0xe0000
1781189562,58.7,2400000,0xe0000
1781189563,59.8,2400000,0xe0000
1781189564,58.7,2400000,0xe0000
1781189565,59.8,2400000,0xe0000
1781189566,58.7,2400000,0xe0000
1781189567,60.4,2400000,0xe0000
1781189568,59.3,2400000,0xe0000
1781189569,58.2,2400000,0xe0000
1781189570,59.8,2400000,0xe0000
1781189571,59.8,2400000,0xe0000
1781189572,58.7,2400000,0xe0000
1781189573,58.7,2400000,0xe0000
1781189574,58.7,2400000,0xe0000
1781189575,59.3,2400000,0xe0000
1781189576,59.3,2400000,0xe0000
1781189577,58.7,2400000,0xe0000
1781189578,59.3,2400000,0xe0000
1781189579,59.3,2400000,0xe0000
1781189580,59.3,2400000,0xe0000
1781189581,59.3,2400000,0xe0000
1781189582,58.7,2400000,0xe0000
1781189583,59.3,2400000,0xe0000
1781189584,58.2,2400000,0xe0000
1781189585,58.7,2400000,0xe0000
1781189586,59.8,2400000,0xe0000
1781189587,58.7,2400000,0xe0000
1781189588,59.3,2400000,0xe0000
1781189589,58.7,2400000,0xe0000
1781189590,58.7,2400000,0xe0000
1781189591,58.7,2400000,0xe0000
1781189592,59.8,2400000,0xe0000
1781189593,58.7,2400000,0xe0000
1781189594,59.3,2400000,0xe0000
1781189595,59.8,2400000,0xe0000
1781189596,59.3,2400000,0xe0000
1781189597,59.3,2400000,0xe0000
1781189598,59.3,2400000,0xe0000
1781189599,59.3,2400000,0xe0000
1781189600,59.3,2400000,0xe0000
1781189601,58.7,2400000,0xe0000
1781189602,59.3,2400000,0xe0000
1781189603,59.3,2400000,0xe0000
1781189604,59.3,2400000,0xe0000
1781189605,58.7,2400000,0xe0000
1781189606,59.3,2400000,0xe0000
1781189607,59.8,2400000,0xe0000
1781189608,59.3,2400000,0xe0000
1781189609,59.3,2400000,0xe0000
1781189610,59.3,2400000,0xe0000
1781189611,58.7,2400000,0xe0000
1781189612,59.3,2400000,0xe0000
1781189613,59.8,2400000,0xe0000
1781189614,58.7,2400000,0xe0000
1781189615,59.3,2400000,0xe0000
1781189616,59.3,2400000,0xe0000
1781189617,58.7,2400000,0xe0000
1781189618,59.3,2400000,0xe0000
1781189620,59.3,2400000,0xe0000
1781189621,59.3,2400000,0xe0000
1781189622,58.2,2400000,0xe0000
1781189623,58.2,2400000,0xe0000
1781189624,59.3,2400000,0xe0000
1781189625,58.2,2400000,0xe0000
1781189626,58.7,2400000,0xe0000
1781189627,59.3,2400000,0xe0000
1781189628,59.3,2400000,0xe0000
1781189629,58.7,2400000,0xe0000
1781189630,58.2,2400000,0xe0000
1781189631,59.3,2400000,0xe0000
1781189632,59.3,2400000,0xe0000
1781189633,59.8,2400000,0xe0000
1781189634,59.3,2400000,0xe0000
1781189635,58.7,2400000,0xe0000
1781189636,59.3,2400000,0xe0000
1781189637,58.2,2400000,0xe0000
1781189638,59.3,2400000,0xe0000
1781189639,58.2,2400000,0xe0000
1781189640,59.3,2400000,0xe0000
1781189641,59.3,2400000,0xe0000
1781189642,59.3,2400000,0xe0000
1781189643,58.7,2400000,0xe0000
1781189644,58.2,2400000,0xe0000
1781189645,59.3,2400000,0xe0000
1781189646,59.3,2400000,0xe0000
1781189647,59.3,2400000,0xe0000
1781189648,59.3,2400000,0xe0000
1781189649,59.3,2400000,0xe0000
1781189650,59.3,2400000,0xe0000
1781189651,59.8,2400000,0xe0000
1781189652,59.3,2400000,0xe0000
1781189653,59.3,2400000,0xe0000
1781189654,58.7,2400000,0xe0000
1781189655,58.7,2400000,0xe0000
1781189656,58.7,2400000,0xe0000
1781189657,58.7,2400000,0xe0000
1781189658,58.7,2400000,0xe0000
1781189659,58.7,2400000,0xe0000
1781189660,58.7,2400000,0xe0000
1781189661,59.3,2400000,0xe0000
1781189662,59.3,2400000,0xe0000
1781189663,58.7,2400000,0xe0000
1781189664,57.6,2400000,0xe0000
1781189665,59.3,2400000,0xe0000
1781189666,59.3,2400000,0xe0000
1781189667,59.3,2400000,0xe0000
1781189668,59.3,2400000,0xe0000
1781189669,59.3,2400000,0xe0000
1781189670,58.7,2400000,0xe0000
1781189671,58.7,2400000,0xe0000
1781189672,58.7,2400000,0xe0000
1781189673,59.3,2400000,0xe0000
1781189674,59.8,2400000,0xe0000
1781189675,59.3,2400000,0xe0000
1781189676,59.3,2400000,0xe0000
1781189677,59.8,2400000,0xe0000
1781189678,59.3,2400000,0xe0000
1781189679,59.3,2400000,0xe0000
1781189680,59.3,2400000,0xe0000
1781189681,59.3,2400000,0xe0000
1781189682,59.3,2400000,0xe0000
1781189683,59.3,2400000,0xe0000
1781189684,58.7,2400000,0xe0000
1781189685,59.8,2400000,0xe0000
1781189686,59.3,2400000,0xe0000
1781189687,59.3,2400000,0xe0000
1781189688,59.3,2400000,0xe0000
1781189689,59.3,2400000,0xe0000
1781189690,59.3,2400000,0xe0000
1781189691,58.7,2400000,0xe0000
1781189692,59.3,2400000,0xe0000
1781189693,59.3,2400000,0xe0000
1781189694,59.3,2400000,0xe0000
1781189696,58.2,2400000,0xe0000
1781189697,58.2,2400000,0xe0000
1781189698,59.3,2400000,0xe0000
1781189699,59.3,2400000,0xe0000
1781189700,59.3,2400000,0xe0000
1781189701,59.3,2400000,0xe0000
1781189702,58.7,2400000,0xe0000
1781189703,59.3,2400000,0xe0000
1781189704,58.7,2400000,0xe0000
1781189705,58.7,2400000,0xe0000
1781189706,58.7,2400000,0xe0000
1781189707,59.3,2400000,0xe0000
1781189708,58.2,2400000,0xe0000
1781189709,58.7,2400000,0xe0000
1781189710,58.7,2400000,0xe0000
1781189711,59.3,2400000,0xe0000
1781189712,59.3,2400000,0xe0000
1781189713,59.3,2400000,0xe0000
1781189714,59.8,2400000,0xe0000
1781189715,58.7,2400000,0xe0000
1781189716,58.7,2400000,0xe0000
1781189717,58.7,2400000,0xe0000
1781189718,59.3,2400000,0xe0000
1781189719,59.3,2400000,0xe0000
1781189720,59.3,2400000,0xe0000
1781189721,58.7,2400000,0xe0000
1781189722,59.3,2400000,0xe0000
1781189723,59.3,2400000,0xe0000
1781189724,58.2,2400000,0xe0000
1781189725,59.3,2400000,0xe0000
1781189726,58.2,2400000,0xe0000
1781189727,59.3,2400000,0xe0000
1781189728,58.7,2400000,0xe0000
1781189729,59.3,2400000,0xe0000
1781189730,58.7,2400000,0xe0000
1781189731,58.7,2400000,0xe0000
1781189732,59.3,2400000,0xe0000
1781189733,58.7,2400000,0xe0000
1781189734,59.3,2400000,0xe0000
1781189735,58.2,2400000,0xe0000
1781189736,59.3,2400000,0xe0000
1781189737,59.3,2400000,0xe0000
1781189738,59.8,2400000,0xe0000
1781189739,59.3,2400000,0xe0000
1781189740,58.2,2400000,0xe0000
1781189741,59.3,2400000,0xe0000
1781189742,59.8,2400000,0xe0000
1781189743,59.3,2400000,0xe0000
1781189744,59.3,2400000,0xe0000
1781189745,58.7,2400000,0xe0000
1781189746,58.7,2400000,0xe0000
1781189747,59.3,2400000,0xe0000
1781189748,59.3,2400000,0xe0000
1781189749,59.3,2400000,0xe0000
1781189750,58.7,2400000,0xe0000
1781189752,59.8,2400000,0xe0000
1781189753,59.3,2400000,0xe0000
1781189754,58.7,2400000,0xe0000
1781189755,58.7,2400000,0xe0000
1781189756,59.3,2400000,0xe0000
1781189757,59.3,2400000,0xe0000
1781189758,59.3,2400000,0xe0000
1781189759,59.3,2400000,0xe0000
1781189760,58.7,2400000,0xe0000
1781189761,59.3,2400000,0xe0000
1781189762,59.3,2400000,0xe0000
1781189763,58.2,2400000,0xe0000
1781189764,58.2,2400000,0xe0000
1781189765,58.2,2400000,0xe0000
1781189766,59.3,2400000,0xe0000
1781189767,58.7,2400000,0xe0000
1781189768,59.8,2400000,0xe0000
1781189769,58.7,2400000,0xe0000
1781189770,59.3,2400000,0xe0000
1781189771,59.8,2400000,0xe0000
1781189772,59.3,2400000,0xe0000
1781189773,59.3,2400000,0xe0000
1781189774,58.7,2400000,0xe0000
1781189775,59.3,2400000,0xe0000
1781189776,59.3,2400000,0xe0000
1781189777,59.3,2400000,0xe0000
1781189778,59.3,2400000,0xe0000
1781189779,59.3,2400000,0xe0000
1781189780,58.7,2400000,0xe0000
1781189781,59.3,2400000,0xe0000
1781189782,59.3,2400000,0xe0000
1781189783,59.3,2400000,0xe0000
1781189784,59.8,2400000,0xe0000
1781189785,58.7,2400000,0xe0000
1781189786,59.8,2400000,0xe0000
1781189787,59.3,2400000,0xe0000
1781189788,59.3,2400000,0xe0000
1781189789,59.3,2400000,0xe0000
1781189790,58.7,2400000,0xe0000
1781189791,59.3,2400000,0xe0000
1781189792,59.3,2400000,0xe0000
1781189793,59.3,2400000,0xe0000
1781189794,59.3,2400000,0xe0000
1781189795,58.7,2400000,0xe0000
1781189796,58.7,2400000,0xe0000
1781189797,59.3,2400000,0xe0000
1781189798,58.2,2400000,0xe0000
1781189799,59.8,2400000,0xe0000
1781189800,59.3,2400000,0xe0000
1781189801,59.3,2400000,0xe0000
1781189802,58.7,2400000,0xe0000
1781189803,59.3,2400000,0xe0000
1781189805,58.7,2400000,0xe0000
1781189806,59.3,2400000,0xe0000
1781189807,59.3,2400000,0xe0000
1781189808,59.3,2400000,0xe0000
1781189809,59.8,2400000,0xe0000
1781189810,59.3,2400000,0xe0000
1781189811,59.3,2400000,0xe0000
1781189812,58.2,2400000,0xe0000
1781189813,59.8,2400000,0xe0000
1781189814,59.3,2400000,0xe0000
1781189815,59.3,2400000,0xe0000
1781189816,59.3,2400000,0xe0000
1781189817,59.3,2400000,0xe0000
1781189818,59.3,2400000,0xe0000
1781189819,58.7,2400000,0xe0000
1781189820,58.7,2400000,0xe0000
1781189821,58.7,2400000,0xe0000
1781189822,59.3,2400000,0xe0000
1781189823,59.3,2400000,0xe0000
1781189824,59.3,2400000,0xe0000
1781189825,58.2,2400000,0xe0000
1781189826,59.8,2400000,0xe0000
1781189827,59.3,2400000,0xe0000
1781189828,59.3,2400000,0xe0000
1781189829,59.8,2400000,0xe0000
1781189830,59.3,2400000,0xe0000
1781189831,59.3,2400000,0xe0000
1781189832,59.3,2400000,0xe0000
1781189833,59.3,2400000,0xe0000
1781189834,57.6,2400000,0xe0000
1781189835,59.3,2400000,0xe0000
1781189836,59.8,2400000,0xe0000
1781189837,59.3,2400000,0xe0000
1781189838,58.7,2400000,0xe0000
1781189839,59.8,2400000,0xe0000
1781189840,58.7,2400000,0xe0000
1781189841,58.7,2400000,0xe0000
1781189842,59.3,2400000,0xe0000
1781189843,59.3,2400000,0xe0000
1781189844,58.7,2400000,0xe0000
1781189845,59.3,2400000,0xe0000
1781189846,58.7,2400000,0xe0000
1781189847,58.7,2400000,0xe0000
1781189848,58.7,2400000,0xe0000
1781189849,59.3,2400000,0xe0000
1781189850,59.3,2400000,0xe0000
1781189851,58.7,2400000,0xe0000
1781189852,59.3,2400000,0xe0000
1781189853,59.3,2400000,0xe0000
1781189854,59.3,2400000,0xe0000
1781189855,59.3,2400000,0xe0000
1781189856,58.7,2400000,0xe0000
1781189857,59.3,2400000,0xe0000
1781189858,59.3,2400000,0xe0000
1781189859,58.7,2400000,0xe0000
1781189860,58.7,2400000,0xe0000
1781189861,59.3,2400000,0xe0000
1781189862,59.3,2400000,0xe0000
1781189863,59.3,2400000,0xe0000
1781189864,58.7,2400000,0xe0000
1781189865,58.7,2400000,0xe0000
1781189866,58.7,2400000,0xe0000
1781189867,59.3,2400000,0xe0000
1781189868,59.3,2400000,0xe0000
1781189869,58.7,2400000,0xe0000
1781189870,59.3,2400000,0xe0000
1781189871,59.3,2400000,0xe0000
1781189872,59.3,2400000,0xe0000
1781189873,58.2,2400000,0xe0000
1781189875,58.7,2400000,0xe0000
1781189876,59.8,2400000,0xe0000
1781189877,59.3,2400000,0xe0000
1781189878,58.7,2400000,0xe0000
1781189879,58.7,2400000,0xe0000
1781189880,59.3,2400000,0xe0000
1781189881,58.2,2400000,0xe0000
1781189882,59.3,2400000,0xe0000
1781189883,59.8,2400000,0xe0000
1781189884,59.3,2400000,0xe0000
1781189885,59.3,2400000,0xe0000
1781189886,59.3,2400000,0xe0000
1781189887,59.8,2400000,0xe0000
1781189888,58.7,2400000,0xe0000
1781189889,59.3,2400000,0xe0000
1781189890,59.8,2400000,0xe0000
1781189891,59.3,2400000,0xe0000
1781189892,59.3,2400000,0xe0000
1781189893,58.7,2400000,0xe0000
1781189894,59.3,2400000,0xe0000
1781189895,59.3,2400000,0xe0000
1781189896,59.3,2400000,0xe0000
1781189897,59.8,2400000,0xe0000
1781189898,59.3,2400000,0xe0000
1781189899,59.3,2400000,0xe0000
1781189900,59.3,2400000,0xe0000
1781189901,59.3,2400000,0xe0000
1781189902,59.3,2400000,0xe0000
1781189903,59.3,2400000,0xe0000
1781189904,59.3,2400000,0xe0000
1781189905,59.3,2400000,0xe0000
1781189906,59.3,2400000,0xe0000
1781189907,58.7,2400000,0xe0000
1781189908,59.3,2400000,0xe0000
1781189909,59.3,2400000,0xe0000
1781189910,59.3,2400000,0xe0000
1781189911,58.2,2400000,0xe0000
1781189912,59.8,2400000,0xe0000
1781189913,58.7,2400000,0xe0000
1781189914,59.3,2400000,0xe0000
1781189915,59.3,2400000,0xe0000
1781189916,59.3,2400000,0xe0000
1781189917,59.3,2400000,0xe0000
1781189918,58.7,2400000,0xe0000
1781189919,59.3,2400000,0xe0000
1781189920,59.3,2400000,0xe0000
1781189921,59.8,2400000,0xe0000
1781189922,59.3,2400000,0xe0000
1781189923,58.7,2400000,0xe0000
1781189924,58.7,2400000,0xe0000
1781189925,60.4,2400000,0xe0000
1781189926,58.2,2400000,0xe0000
1781189927,59.3,2400000,0xe0000
1781189928,59.3,2400000,0xe0000
1781189929,58.7,2400000,0xe0000
1781189930,58.2,2400000,0xe0000
1781189931,59.3,2400000,0xe0000
1781189932,59.3,2400000,0xe0000
1781189933,59.3,2400000,0xe0000
1781189934,59.3,2400000,0xe0000
1781189935,59.3,2400000,0xe0000
1781189936,58.7,2400000,0xe0000
1781189937,58.7,2400000,0xe0000
1781189939,59.3,2400000,0xe0000
1781189940,59.3,2400000,0xe0000
1781189941,59.3,2400000,0xe0000
1781189942,58.7,2400000,0xe0000
1781189943,59.3,2400000,0xe0000
1781189944,59.3,2400000,0xe0000
1781189945,59.8,2400000,0xe0000
1781189946,58.7,2400000,0xe0000
1781189947,59.3,2400000,0xe0000
1781189948,59.8,2400000,0xe0000
1781189949,59.3,2400000,0xe0000
1781189950,59.3,2400000,0xe0000
1781189951,58.2,2400000,0xe0000
1781189952,59.3,2400000,0xe0000
1781189953,59.3,2400000,0xe0000
1781189954,58.7,2400000,0xe0000
1781189955,57.6,2400000,0xe0000
1781189956,59.3,2400000,0xe0000
1781189957,58.7,2400000,0xe0000
1781189958,59.3,2400000,0xe0000
1781189959,59.3,2400000,0xe0000
1781189960,59.8,2400000,0xe0000
1781189961,59.3,2400000,0xe0000
1781189962,59.3,2400000,0xe0000
1781189963,58.7,2400000,0xe0000
1781189964,59.3,2400000,0xe0000
1781189965,59.3,2400000,0xe0000
1781189966,59.3,2400000,0xe0000
1781189967,58.7,2400000,0xe0000
1781189968,59.3,2400000,0xe0000
1781189969,59.8,2400000,0xe0000
1781189970,59.8,2400000,0xe0000
1781189971,59.3,2400000,0xe0000
1781189972,59.3,2400000,0xe0000
1781189973,59.3,2400000,0xe0000
1781189974,59.3,2400000,0xe0000
1781189975,58.7,2400000,0xe0000
1781189976,59.3,2400000,0xe0000
1781189977,59.8,2400000,0xe0000
1781189978,59.3,2400000,0xe0000
1781189979,59.3,2400000,0xe0000
1781189980,58.7,2400000,0xe0000
1781189981,58.7,2400000,0xe0000
1781189982,59.3,2400000,0xe0000
1781189983,59.3,2400000,0xe0000
1781189984,58.7,2400000,0xe0000
1781189985,59.3,2400000,0xe0000
1781189986,59.3,2400000,0xe0000
1781189987,58.2,2400000,0xe0000
1781189988,58.2,2400000,0xe0000
1781189989,59.8,2400000,0xe0000
1781189990,58.7,2400000,0xe0000
1781189991,59.3,2400000,0xe0000
1781189992,58.7,2400000,0xe0000
1781189993,59.3,2400000,0xe0000
1781189994,59.3,2400000,0xe0000
1781189995,59.3,2400000,0xe0000
1781189996,59.3,2400000,0xe0000
1781189998,59.3,2400000,0xe0000
1781189999,59.3,2400000,0xe0000
1781190000,58.7,2400000,0xe0000
1781190001,59.3,2400000,0xe0000
1781190002,59.3,2400000,0xe0000
1781190003,59.3,2400000,0xe0000
1781190004,59.3,2400000,0xe0000
1781190005,59.3,2400000,0xe0000
1781190006,59.8,2400000,0xe0000
1781190007,59.3,2400000,0xe0000
1781190008,59.3,2400000,0xe0000
1781190009,58.7,2400000,0xe0000
1781190010,59.3,2400000,0xe0000
1781190011,59.3,2400000,0xe0000
1781190012,58.7,2400000,0xe0000
1781190013,59.3,2400000,0xe0000
1781190014,59.3,2400000,0xe0000
1781190015,59.3,2400000,0xe0000
1781190016,59.3,2400000,0xe0000
1781190017,59.8,2400000,0xe0000
1781190018,59.3,2400000,0xe0000
1781190019,58.7,2400000,0xe0000
1781190020,57.6,2400000,0xe0000
1781190021,59.3,2400000,0xe0000
1781190022,58.7,2400000,0xe0000
1781190023,58.7,2400000,0xe0000
1781190024,58.7,2400000,0xe0000
1781190025,59.3,2400000,0xe0000
1781190026,58.7,2400000,0xe0000
1781190027,58.7,2400000,0xe0000
1781190028,59.3,2400000,0xe0000
1781190029,59.3,2400000,0xe0000
1781190030,59.8,2400000,0xe0000
1781190031,58.7,2400000,0xe0000
1781190032,58.7,2400000,0xe0000
1781190033,59.3,2400000,0xe0000
1781190034,59.3,2400000,0xe0000
1781190035,59.3,2400000,0xe0000
1781190036,59.3,2400000,0xe0000
1781190037,58.7,2400000,0xe0000
1781190038,59.3,2400000,0xe0000
1781190039,58.7,2400000,0xe0000
1781190040,59.8,2400000,0xe0000
1781190041,59.3,2400000,0xe0000
1781190042,58.7,2400000,0xe0000
1781190043,59.3,2400000,0xe0000
1781190044,59.3,2400000,0xe0000
1781190045,57.6,2400000,0xe0000
1781190046,58.2,2400000,0xe0000
1781190047,57.1,2400000,0xe0000
1781190048,58.7,2400000,0xe0000
1781190049,59.3,2400000,0xe0000
1781190050,59.3,2400000,0xe0000
1781190051,59.3,2400000,0xe0000
1781190052,58.7,2400000,0xe0000
1781190053,58.7,2400000,0xe0000
1781190054,58.7,2400000,0xe0000
1781190055,58.7,2400000,0xe0000
1781190056,59.3,2400000,0xe0000
1781190057,59.8,2400000,0xe0000
1781190059,58.7,2400000,0xe0000
1781190060,58.2,2400000,0xe0000
1781190061,58.7,2400000,0xe0000
1781190062,58.7,2400000,0xe0000
1781190063,59.3,2400000,0xe0000
1781190064,59.3,2400000,0xe0000
1781190065,58.7,2400000,0xe0000
1781190066,59.8,2400000,0xe0000
1781190067,58.7,2400000,0xe0000
1781190068,59.3,2400000,0xe0000
1781190069,58.7,2400000,0xe0000
1781190070,58.7,2400000,0xe0000
1781190071,58.7,2400000,0xe0000
1781190072,58.7,2400000,0xe0000
1781190073,58.7,2400000,0xe0000
1781190074,59.3,2400000,0xe0000
1781190075,59.8,2400000,0xe0000
1781190076,59.3,2400000,0xe0000
1781190077,58.2,2400000,0xe0000
1781190078,58.7,2400000,0xe0000
1781190079,59.3,2400000,0xe0000
1781190080,59.3,2400000,0xe0000
1781190081,59.8,2400000,0xe0000
1781190082,58.7,2400000,0xe0000
1781190083,59.3,2400000,0xe0000
1781190084,58.7,2400000,0xe0000
1781190085,58.7,2400000,0xe0000
1781190086,59.3,2400000,0xe0000
1781190087,58.7,2400000,0xe0000
1781190088,59.8,2400000,0xe0000
1781190089,59.3,2400000,0xe0000
1781190090,58.7,2400000,0xe0000
1781190091,59.3,2400000,0xe0000
1781190092,59.3,2400000,0xe0000
1781190093,59.3,2400000,0xe0000
1781190094,58.7,2400000,0xe0000
1781190095,59.3,2400000,0xe0000
1781190096,58.7,2400000,0xe0000
1781190097,59.3,2400000,0xe0000
1781190098,59.3,2400000,0xe0000
1781190099,58.7,2400000,0xe0000
1781190100,58.7,2400000,0xe0000
1781190101,59.3,2400000,0xe0000
1781190102,59.3,2400000,0xe0000
1781190103,59.3,2400000,0xe0000
1781190104,59.3,2400000,0xe0000
1781190105,59.3,2400000,0xe0000
1781190106,59.3,2400000,0xe0000
1781190107,58.7,2400000,0xe0000
1781190108,59.3,2400000,0xe0000
1781190109,58.2,2400000,0xe0000
1781190110,58.7,2400000,0xe0000
1781190111,59.3,2400000,0xe0000
1781190112,58.7,2400000,0xe0000
1781190113,58.7,2400000,0xe0000
1781190114,58.7,2400000,0xe0000
1781190115,59.3,2400000,0xe0000
1781190116,58.7,2400000,0xe0000
1781190117,58.7,2400000,0xe0000
1781190118,59.3,2400000,0xe0000
1781190119,58.7,2400000,0xe0000
1781190120,58.7,2400000,0xe0000
1781190121,58.7,2400000,0xe0000
1781190122,59.3,2400000,0xe0000
1781190123,59.3,2400000,0xe0000
1781190124,58.7,2400000,0xe0000
1781190125,58.7,2400000,0xe0000
1781190126,58.7,2400000,0xe0000
1781190127,58.7,2400000,0xe0000
1781190129,59.3,2400000,0xe0000
1781190130,59.3,2400000,0xe0000
1781190131,58.7,2400000,0xe0000
1781190132,58.2,2400000,0xe0000
1781190133,58.7,2400000,0xe0000
1781190134,59.3,2400000,0xe0000
1781190135,59.3,2400000,0xe0000
1781190136,59.3,2400000,0xe0000
1781190137,58.7,2400000,0xe0000
1781190138,58.7,2400000,0xe0000
1781190139,58.7,2400000,0xe0000
1781190140,58.2,2400000,0xe0000
1781190141,58.7,2400000,0xe0000
1781190142,58.7,2400000,0xe0000
1781190143,59.3,2400000,0xe0000
1781190144,58.2,2400000,0xe0000
1781190145,58.7,2400000,0xe0000
1781190146,57.6,2400000,0xe0000
1781190147,58.2,2400000,0xe0000
1781190148,58.7,2400000,0xe0000
1781190149,58.2,2400000,0xe0000
1781190150,58.7,2400000,0xe0000
1781190151,58.2,2400000,0xe0000
1781190152,59.3,2400000,0xe0000
1781190153,58.7,2400000,0xe0000
1781190154,59.3,2400000,0xe0000
1781190155,58.7,2400000,0xe0000
1781190156,59.3,2400000,0xe0000
1781190157,58.7,2400000,0xe0000
1781190158,59.3,2400000,0xe0000
1781190159,58.7,2400000,0xe0000
1781190160,58.2,2400000,0xe0000
1781190161,58.7,2400000,0xe0000
1781190162,59.3,2400000,0xe0000
1781190163,57.6,2400000,0xe0000
1781190164,58.7,2400000,0xe0000
1781190165,59.3,2400000,0xe0000
1781190166,58.7,2400000,0xe0000
1781190167,58.2,2400000,0xe0000
1781190168,58.7,2400000,0xe0000
1781190169,58.7,2400000,0xe0000
1781190170,59.3,2400000,0xe0000
1781190171,58.2,2400000,0xe0000
1781190172,58.2,2400000,0xe0000
1781190173,58.7,2400000,0xe0000
1781190174,58.7,2400000,0xe0000
1781190175,58.7,2400000,0xe0000
1781190176,59.3,2400000,0xe0000
1781190177,58.7,2400000,0xe0000
1781190178,58.2,2400000,0xe0000
1781190179,58.2,2400000,0xe0000
1781190180,59.3,2400000,0xe0000
1781190181,59.3,2400000,0xe0000
1781190183,58.7,2400000,0xe0000
1781190184,58.2,2400000,0xe0000
1781190185,58.7,2400000,0xe0000
1781190186,58.7,2400000,0xe0000
1781190187,58.7,2400000,0xe0000
1781190188,58.2,2400000,0xe0000
1781190189,59.3,2400000,0xe0000
1781190190,58.7,2400000,0xe0000
1781190191,58.7,2400000,0xe0000
1781190192,59.3,2400000,0xe0000
1781190193,58.7,2400000,0xe0000
1781190194,59.3,2400000,0xe0000
1781190195,58.7,2400000,0xe0000
1781190196,59.3,2400000,0xe0000
1781190197,58.7,2400000,0xe0000
1781190198,58.7,2400000,0xe0000
1781190199,59.3,2400000,0xe0000
1781190200,58.7,2400000,0xe0000
1781190201,58.2,2400000,0xe0000
1781190202,58.2,2400000,0xe0000
1781190203,58.2,2400000,0xe0000
1781190204,59.3,2400000,0xe0000
1781190205,58.7,2400000,0xe0000
1781190206,58.7,2400000,0xe0000
1781190207,58.7,2400000,0xe0000
1781190208,58.7,2400000,0xe0000
1781190209,59.3,2400000,0xe0000
1781190210,58.7,2400000,0xe0000
1781190211,58.2,2400000,0xe0000
1781190212,59.3,2400000,0xe0000
1781190213,58.2,2400000,0xe0000
1781190214,58.7,2400000,0xe0000
1781190215,58.7,2400000,0xe0000
1781190216,58.7,2400000,0xe0000
1781190217,58.7,2400000,0xe0000
1781190218,59.3,2400000,0xe0000
1781190219,58.7,2400000,0xe0000
1781190220,59.3,2400000,0xe0000
1781190221,58.7,2400000,0xe0000
1781190222,58.7,2400000,0xe0000
1781190223,59.3,2400000,0xe0000
1781190224,59.3,2400000,0xe0000
1781190225,58.7,2400000,0xe0000
1781190226,58.7,2400000,0xe0000
1781190227,58.7,2400000,0xe0000
1781190228,58.7,2400000,0xe0000
1781190229,57.6,2400000,0xe0000
1781190230,57.6,2400000,0xe0000
1781190231,58.7,2400000,0xe0000
1781190232,57.1,2400000,0xe0000
1781190233,58.2,2400000,0xe0000
1781190234,58.7,2400000,0xe0000
1781190235,58.2,2400000,0xe0000
1781190237,58.2,2400000,0xe0000
1781190238,58.7,2400000,0xe0000
1781190239,58.2,2400000,0xe0000
1781190240,58.7,2400000,0xe0000
1781190241,58.7,2400000,0xe0000
1781190242,58.2,2400000,0xe0000
1781190243,57.6,2400000,0xe0000
1781190244,59.3,2400000,0xe0000
1781190245,59.3,2400000,0xe0000
1781190246,58.7,2400000,0xe0000
1781190247,58.2,2400000,0xe0000
1781190248,58.2,2400000,0xe0000
1781190249,58.2,2400000,0xe0000
1781190250,59.3,2400000,0xe0000
1781190251,58.7,2400000,0xe0000
1781190252,58.7,2400000,0xe0000
1781190253,58.2,2400000,0xe0000
1781190254,58.7,2400000,0xe0000
1781190255,58.2,2400000,0xe0000
1781190256,58.7,2400000,0xe0000
1781190257,59.3,2400000,0xe0000
1781190258,59.3,2400000,0xe0000
1781190259,59.3,2400000,0xe0000
1781190260,58.7,2400000,0xe0000
1781190261,58.7,2400000,0xe0000
1781190262,58.2,2400000,0xe0000
1781190263,58.2,2400000,0xe0000
1781190264,58.2,2400000,0xe0000
1781190265,58.2,2400000,0xe0000
1781190266,58.2,2400000,0xe0000
1781190267,58.2,2400000,0xe0000
1781190268,58.2,2400000,0xe0000
1781190269,58.7,2400000,0xe0000
1781190270,57.6,2400000,0xe0000
1781190271,58.7,2400000,0xe0000
1781190272,58.7,2400000,0xe0000
1781190273,57.6,2400000,0xe0000
1781190274,57.1,2400000,0xe0000
1781190275,58.2,2400000,0xe0000
1781190276,58.7,2400000,0xe0000
1781190277,58.2,2400000,0xe0000
1781190278,59.3,2400000,0xe0000
1781190279,58.2,2400000,0xe0000
1781190280,57.6,2400000,0xe0000
1781190281,58.7,2400000,0xe0000
1781190282,58.7,2400000,0xe0000
1781190283,58.7,2400000,0xe0000
1781190284,58.2,2400000,0xe0000
1781190285,57.6,2400000,0xe0000
1781190286,58.7,2400000,0xe0000
1781190287,57.6,2400000,0xe0000
1781190288,57.6,2400000,0xe0000
1781190289,57.6,2400000,0xe0000
1781190290,58.7,2400000,0xe0000
1781190291,58.7,2400000,0xe0000
1781190292,58.2,2400000,0xe0000
1781190293,58.7,2400000,0xe0000
1781190294,58.2,2400000,0xe0000
1781190295,58.2,2400000,0xe0000
1781190296,58.7,2400000,0xe0000
1781190297,58.2,2400000,0xe0000
1781190298,58.2,2400000,0xe0000
1781190299,58.2,2400000,0xe0000
1781190300,58.2,2400000,0xe0000
1781190301,58.7,2400000,0xe0000
1781190302,58.2,2400000,0xe0000
1781190303,58.7,2400000,0xe0000
1781190304,57.6,2400000,0xe0000
1781190305,58.2,2400000,0xe0000
1781190306,58.2,2400000,0xe0000
1781190307,57.1,2400000,0xe0000
1781190308,58.2,2400000,0xe0000
1781190309,58.2,2400000,0xe0000
1781190310,58.2,2400000,0xe0000
1781190311,58.2,2400000,0xe0000
1781190312,58.2,2400000,0xe0000
1781190314,57.6,2400000,0xe0000
1781190315,58.2,2400000,0xe0000
1781190316,58.2,2400000,0xe0000
1781190317,57.1,2400000,0xe0000
1781190318,58.2,2400000,0xe0000
1781190319,58.7,2400000,0xe0000
1781190320,58.2,2400000,0xe0000
1781190321,58.7,2400000,0xe0000
1781190322,58.2,2400000,0xe0000
1781190323,58.2,2400000,0xe0000
1781190324,58.2,2400000,0xe0000
1781190325,58.7,2400000,0xe0000
1781190326,57.1,2400000,0xe0000
1781190327,58.7,2400000,0xe0000
1781190328,58.7,2400000,0xe0000
1781190329,58.2,2400000,0xe0000
1781190330,57.1,2400000,0xe0000
1781190331,58.2,2400000,0xe0000
1781190332,58.2,2400000,0xe0000
1781190333,58.7,2400000,0xe0000
1781190334,58.7,2400000,0xe0000
1781190335,58.7,2400000,0xe0000
1781190336,58.2,2400000,0xe0000
1781190337,57.6,2400000,0xe0000
1781190338,58.2,2400000,0xe0000
1781190339,57.6,2400000,0xe0000
1781190340,58.7,2400000,0xe0000
1781190341,58.2,2400000,0xe0000
1781190342,58.2,2400000,0xe0000
1781190343,58.2,2400000,0xe0000
1781190344,57.6,2400000,0xe0000
1781190345,58.2,2400000,0xe0000
1781190346,57.6,2400000,0xe0000
1781190347,58.2,2400000,0xe0000
1781190348,58.7,2400000,0xe0000
1781190349,57.6,2400000,0xe0000
1781190350,58.2,2400000,0xe0000
1781190351,58.2,2400000,0xe0000
1781190352,57.6,2400000,0xe0000
1781190353,58.2,2400000,0xe0000
1781190354,58.2,2400000,0xe0000
1781190355,57.6,2400000,0xe0000
1781190356,58.2,2400000,0xe0000
1781190357,58.2,2400000,0xe0000
1781190358,58.2,2400000,0xe0000
1781190359,58.2,2400000,0xe0000
1781190360,57.6,2400000,0xe0000
1781190361,58.7,2400000,0xe0000
1781190362,58.2,2400000,0xe0000
1781190363,58.2,2400000,0xe0000
1781190364,58.7,2400000,0xe0000
1781190365,58.2,2400000,0xe0000
1781190367,58.2,2400000,0xe0000
1781190368,58.2,2400000,0xe0000
1781190369,58.2,2400000,0xe0000
1781190370,57.6,2400000,0xe0000
1781190371,57.1,2400000,0xe0000
