1781183341,38.6,1200000,0x0
1781183342,39.2,1200000,0x0
1781183343,39.2,1200000,0x0
1781183344,39.7,1200000,0x0
1781183345,39.2,1200000,0x0
1781183346,39.2,1200000,0x0
1781183347,39.7,1200000,0x0
1781183349,39.7,1200000,0x0
1781183350,39.7,1200000,0x0
1781183351,39.7,1200000,0x0
1781183352,39.7,1200000,0x0
1781183353,39.7,1200000,0x0
1781183354,39.7,1200000,0x0
1781183355,39.7,1200000,0x0
1781183356,39.7,1200000,0x0
1781183357,39.7,1200000,0x0
1781183359,40.2,1200000,0x0
1781183360,39.7,1200000,0x0
1781183361,40.2,1200000,0x0
1781183362,40.8,1200000,0x0
1781183363,39.7,1200000,0x0
1781183364,40.8,1200000,0x0
1781183365,40.8,1200000,0x0
1781183366,40.8,1200000,0x0
1781183367,40.8,1200000,0x0
1781183368,40.2,1200000,0x0
1781183370,40.8,1200000,0x0
1781183371,40.8,1200000,0x0
1781183372,40.8,1200000,0x0
1781183373,40.8,1200000,0x0
1781183374,40.8,1200000,0x0
1781183375,40.8,1200000,0x0
1781183376,40.8,1200000,0x0
1781183377,40.8,1200000,0x0
1781183378,40.8,1200000,0x0
1781183379,40.8,1200000,0x0
1781183381,40.8,1200000,0x0
1781183382,40.8,1200000,0x0
1781183383,40.8,1200000,0x0
1781183384,40.8,1200000,0x0
1781183385,40.8,1200000,0x0
1781183386,41.3,1200000,0x0
1781183387,41.3,1200000,0x0
1781183388,40.8,1200000,0x0
1781183389,40.8,1200000,0x0
1781183391,40.8,1200000,0x0
1781183392,40.8,1200000,0x0
1781183393,40.8,1200000,0x0
1781183394,40.8,1200000,0x0
1781183395,40.8,1200000,0x0
1781183396,40.8,1200000,0x0
1781183397,40.8,1200000,0x0
1781183398,41.3,1200000,0x0
1781183399,40.8,1200000,0x0
1781183400,40.8,1200000,0x0
1781183402,40.8,1200000,0x0
1781183403,41.3,1200000,0x0
1781183404,40.8,1200000,0x0
1781183405,40.8,1200000,0x0
1781183406,40.8,1200000,0x0
1781183407,41.3,1200000,0x0
1781183408,40.8,1200000,0x0
1781183409,40.8,1200000,0x0
1781183410,40.8,1200000,0x0
1781183412,40.8,1200000,0x0
1781183413,41.3,1200000,0x0
1781183414,40.8,1200000,0x0
1781183415,41.9,1200000,0x0
1781183416,40.8,1200000,0x0
1781183417,41.3,1200000,0x0
1781183418,41.3,1200000,0x0
1781183419,40.8,1200000,0x0
1781183420,41.9,1200000,0x0
1781183421,40.8,1200000,0x0
1781183423,40.8,1200000,0x0
1781183424,40.8,1200000,0x0
1781183425,40.8,1200000,0x0
1781183426,41.3,1200000,0x0
1781183427,40.8,1200000,0x0
1781183428,41.3,1200000,0x0
1781183429,41.3,1200000,0x0
1781183430,41.3,1200000,0x0
1781183431,41.3,1200000,0x0
1781183432,41.3,1200000,0x0
1781183434,41.9,1200000,0x0
1781183435,41.9,1200000,0x0
1781183436,41.9,1200000,0x0
1781183437,41.3,1200000,0x0
1781183438,41.9,1200000,0x0
1781183439,41.9,1200000,0x0
1781183440,41.3,1200000,0x0
1781183441,41.3,1200000,0x0
1781183442,41.9,1200000,0x0
1781183444,41.3,1200000,0x0
1781183445,41.3,1200000,0x0
1781183446,41.9,1200000,0x0
1781183447,41.9,1200000,0x0
1781183448,41.3,1200000,0x0
1781183449,41.9,1200000,0x0
1781183450,41.9,1200000,0x0
1781183451,41.3,1200000,0x0
1781183452,41.3,1200000,0x0
1781183453,41.3,1200000,0x0
1781183455,41.3,1200000,0x0
1781183456,41.9,1200000,0x0
1781183457,41.3,1200000,0x0
1781183458,41.3,1200000,0x0
1781183459,40.8,1200000,0x0
1781183460,41.9,1200000,0x0
1781183461,41.3,1200000,0x0
1781183462,41.9,1200000,0x0
1781183463,41.3,1200000,0x0
1781183465,41.9,1200000,0x0
1781183466,40.8,1200000,0x0
1781183467,41.9,1200000,0x0
1781183468,41.9,1200000,0x0
1781183469,41.3,1200000,0x0
1781183470,41.3,1200000,0x0
1781183471,41.9,1200000,0x0
1781183472,41.3,1200000,0x0
1781183473,41.9,1200000,0x0
1781183474,41.3,1200000,0x0
1781183476,41.9,1200000,0x0
1781183477,41.3,1200000,0x0
1781183478,41.9,1200000,0x0
1781183479,41.9,1200000,0x0
1781183480,41.9,1200000,0x0
1781183481,41.9,1200000,0x0
1781183482,41.9,1200000,0x0
1781183483,41.9,1200000,0x0
1781183484,41.9,1200000,0x0
1781183486,41.9,1200000,0x0
1781183487,41.9,1200000,0x0
1781183488,41.9,1200000,0x0
1781183489,41.9,1200000,0x0
1781183490,41.9,1200000,0x0
1781183491,41.9,1200000,0x0
1781183492,41.9,1200000,0x0
1781183493,41.3,1200000,0x0
1781183494,41.9,1200000,0x0
1781183495,41.9,1200000,0x0
1781183497,41.9,1200000,0x0
1781183498,41.3,1200000,0x0
1781183499,41.9,1200000,0x0
1781183500,41.9,1200000,0x0
1781183501,41.9,1200000,0x0
1781183502,41.9,1200000,0x0
1781183503,41.9,1200000,0x0
1781183504,41.3,1200000,0x0
1781183505,41.9,1200000,0x0
1781183507,41.3,1200000,0x0
1781183508,41.9,1200000,0x0
1781183509,42.4,1200000,0x0
1781183510,41.9,1200000,0x0
1781183511,41.9,1200000,0x0
1781183512,41.3,1200000,0x0
1781183513,41.9,1200000,0x0
1781183514,41.9,1200000,0x0
1781183515,41.9,1200000,0x0
1781183516,41.9,1200000,0x0
1781183518,41.9,1200000,0x0
1781183519,41.9,1200000,0x0
1781183520,41.9,1200000,0x0
1781183521,41.9,1200000,0x0
1781183522,41.3,1200000,0x0
1781183523,41.9,1200000,0x0
1781183524,41.9,1200000,0x0
1781183525,41.9,1200000,0x0
1781183526,41.9,1200000,0x0
1781183528,42.4,1200000,0x0
1781183529,41.9,1200000,0x0
1781183530,41.9,1200000,0x0
1781183531,41.9,1200000,0x0
1781183532,41.9,1200000,0x0
1781183533,41.9,1200000,0x0
1781183534,41.3,1200000,0x0
1781183535,41.9,1200000,0x0
1781183536,41.3,1200000,0x0
1781183537,42.4,1200000,0x0
1781183539,41.9,1200000,0x0
1781183540,42.4,1200000,0x0
1781183541,41.9,1200000,0x0
1781183542,41.9,1200000,0x0
1781183543,41.9,1200000,0x0
1781183544,41.3,1200000,0x0
1781183545,41.9,1200000,0x0
1781183546,41.9,1200000,0x0
1781183547,41.3,1200000,0x0
1781183549,41.9,1200000,0x0
1781183550,41.9,1200000,0x0
1781183551,41.9,1200000,0x0
1781183552,41.9,1200000,0x0
1781183553,41.9,1200000,0x0
1781183554,41.3,1200000,0x0
1781183555,42.4,1200000,0x0
1781183556,41.3,1200000,0x0
1781183557,41.9,1200000,0x0
1781183558,41.9,1200000,0x0
1781183560,41.9,1200000,0x0
1781183561,41.3,1200000,0x0
1781183562,41.9,1200000,0x0
1781183563,41.9,1200000,0x0
1781183564,41.9,1200000,0x0
1781183565,41.9,1200000,0x0
1781183566,42.4,1200000,0x0
1781183567,41.9,1200000,0x0
1781183568,41.3,1200000,0x0
1781183569,41.9,1200000,0x0
1781183571,41.9,1200000,0x0
1781183572,41.9,1200000,0x0
1781183573,41.9,1200000,0x0
1781183574,41.9,1200000,0x0
1781183575,41.9,1200000,0x0
1781183576,41.9,1200000,0x0
1781183577,42.4,1200000,0x0
1781183578,41.9,1200000,0x0
1781183579,41.9,1200000,0x0
1781183581,41.9,1200000,0x0
1781183582,41.9,1200000,0x0
1781183583,41.9,1200000,0x0
1781183584,41.9,1200000,0x0
1781183585,41.9,1200000,0x0
1781183586,41.3,1200000,0x0
1781183587,41.9,1200000,0x0
1781183588,41.9,1200000,0x0
1781183589,41.9,1200000,0x0
1781183590,41.9,1200000,0x0
1781183592,41.9,1200000,0x0
1781183593,41.9,1200000,0x0
1781183594,41.9,1200000,0x0
1781183595,41.9,1200000,0x0
1781183596,41.9,1200000,0x0
1781183597,41.9,1200000,0x0
1781183598,41.3,1200000,0x0
1781183599,41.3,1200000,0x0
1781183600,41.9,1200000,0x0
1781183601,41.9,1200000,0x0
1781183603,41.9,1200000,0x0
1781183604,41.3,1200000,0x0
1781183605,41.3,1200000,0x0
1781183606,41.3,1200000,0x0
1781183607,40.8,1200000,0x0
1781183608,41.3,1200000,0x0
1781183609,41.3,1200000,0x0
1781183610,40.8,1200000,0x0
1781183611,41.3,1200000,0x0
1781183612,41.9,1200000,0x0
1781183614,40.8,1200000,0x0
1781183615,41.3,1200000,0x0
1781183616,41.9,1200000,0x0
1781183617,41.3,1200000,0x0
1781183618,40.8,1200000,0x0
1781183619,41.9,1200000,0x0
1781183620,41.9,1200000,0x0
1781183621,41.9,1200000,0x0
1781183622,41.3,1200000,0x0
1781183623,41.3,1200000,0x0
1781183625,41.9,1200000,0x0
1781183626,41.3,1200000,0x0
1781183627,41.3,1200000,0x0
1781183628,41.9,1200000,0x0
1781183629,41.9,1200000,0x0
1781183630,41.9,1200000,0x0
1781183631,41.9,1200000,0x0
1781183632,41.9,1200000,0x0
1781183633,41.3,1200000,0x0
1781183634,41.3,1200000,0x0
1781183636,41.3,1200000,0x0
1781183637,41.3,1200000,0x0
1781183638,41.9,1200000,0x0
1781183639,40.8,1200000,0x0
1781183640,41.9,1200000,0x0
1781183641,41.9,1200000,0x0
1781183642,41.9,1200000,0x0
1781183643,41.9,1200000,0x0
1781183644,41.9,1200000,0x0
1781183645,41.9,1200000,0x0
1781183647,41.9,1200000,0x0
1781183648,41.3,1200000,0x0
1781183649,41.3,1200000,0x0
1781183650,41.3,1200000,0x0
1781183651,40.8,1200000,0x0
1781183652,41.9,1200000,0x0
1781183653,41.3,1200000,0x0
1781183654,42.4,1200000,0x0
1781183655,41.9,1200000,0x0
1781183656,41.3,1200000,0x0
1781183658,41.3,1200000,0x0
1781183659,40.8,1200000,0x0
1781183660,41.9,1200000,0x0
1781183661,41.9,1200000,0x0
1781183662,41.9,1200000,0x0
1781183663,41.9,1200000,0x0
1781183664,41.9,1200000,0x0
1781183665,41.9,1200000,0x0
1781183666,41.9,1200000,0x0
1781183667,41.9,1200000,0x0
1781183669,41.3,1200000,0x0
1781183670,41.3,1200000,0x0
1781183671,41.9,1200000,0x0
1781183672,41.3,1200000,0x0
1781183673,41.3,1200000,0x0
1781183674,41.3,1200000,0x0
1781183675,41.3,1200000,0x0
1781183676,41.9,1200000,0x0
1781183677,41.3,1200000,0x0
1781183678,41.3,1200000,0x0
1781183680,41.9,1200000,0x0
1781183681,41.3,1200000,0x0
1781183682,41.3,1200000,0x0
1781183683,41.9,1200000,0x0
1781183684,41.3,1200000,0x0
1781183685,41.9,1200000,0x0
1781183686,41.3,1200000,0x0
1781183687,41.3,1200000,0x0
1781183688,41.9,1200000,0x0
1781183689,40.8,1200000,0x0
1781183691,41.3,1200000,0x0
1781183692,41.9,1200000,0x0
1781183693,41.3,1200000,0x0
1781183694,40.8,1200000,0x0
1781183695,41.9,1200000,0x0
1781183696,41.9,1200000,0x0
1781183697,41.3,1200000,0x0
1781183698,41.9,1200000,0x0
1781183699,41.9,1200000,0x0
1781183700,41.9,1200000,0x0
1781183702,41.9,1200000,0x0
1781183703,41.3,1200000,0x0
1781183704,40.8,1200000,0x0
1781183705,41.3,1200000,0x0
1781183706,41.9,1200000,0x0
1781183707,41.3,1200000,0x0
1781183708,41.3,1200000,0x0
1781183709,41.9,1200000,0x0
1781183710,41.3,1200000,0x0
1781183711,41.9,1200000,0x0
1781183713,41.3,1200000,0x0
1781183714,41.9,1200000,0x0
1781183715,41.3,1200000,0x0
1781183716,41.3,1200000,0x0
1781183717,41.3,1200000,0x0
1781183718,41.9,1200000,0x0
1781183719,41.9,1200000,0x0
1781183720,40.8,1200000,0x0
1781183721,41.3,1200000,0x0
1781183722,41.9,1200000,0x0
1781183724,41.3,1200000,0x0
1781183725,41.9,1200000,0x0
1781183726,41.3,1200000,0x0
1781183727,40.8,1200000,0x0
1781183728,41.9,1200000,0x0
1781183729,41.9,1200000,0x0
1781183730,41.9,1200000,0x0
1781183731,41.3,1200000,0x0
1781183732,41.9,1200000,0x0
1781183734,41.9,1200000,0x0
1781183735,41.9,1200000,0x0
1781183736,41.9,1200000,0x0
1781183737,41.9,1200000,0x0
1781183738,41.9,1200000,0x0
1781183739,41.3,1200000,0x0
1781183740,41.3,1200000,0x0
1781183741,41.9,1200000,0x0
1781183742,41.3,1200000,0x0
1781183743,41.9,1200000,0x0
1781183745,41.3,1200000,0x0
1781183746,41.3,1200000,0x0
1781183747,41.3,1200000,0x0
1781183748,41.3,1200000,0x0
1781183749,41.3,1200000,0x0
1781183750,41.3,1200000,0x0
1781183751,41.3,1200000,0x0
1781183752,41.9,1200000,0x0
1781183753,40.8,1200000,0x0
1781183754,41.9,1200000,0x0
1781183756,41.9,1200000,0x0
1781183757,41.3,1200000,0x0
1781183758,41.9,1200000,0x0
1781183759,41.9,1200000,0x0
1781183760,41.3,1200000,0x0
1781183761,41.9,1200000,0x0
1781183762,41.3,1200000,0x0
1781183763,41.3,1200000,0x0
1781183764,41.9,1200000,0x0
1781183765,41.9,1200000,0x0
1781183767,41.3,1200000,0x0
1781183768,41.3,1200000,0x0
1781183769,40.8,1200000,0x0
1781183770,41.9,1200000,0x0
1781183771,41.3,1200000,0x0
1781183772,41.9,1200000,0x0
1781183773,40.8,1200000,0x0
1781183774,41.9,1200000,0x0
1781183775,41.9,1200000,0x0
1781183776,41.9,1200000,0x0
1781183778,41.9,1200000,0x0
1781183779,41.3,1200000,0x0
1781183780,41.9,1200000,0x0
1781183781,41.3,1200000,0x0
1781183782,41.9,1200000,0x0
1781183783,41.9,1200000,0x0
1781183784,41.3,1200000,0x0
1781183785,41.9,1200000,0x0
1781183786,41.3,1200000,0x0
1781183787,40.8,1200000,0x0
1781183789,41.3,1200000,0x0
1781183790,41.9,1200000,0x0
1781183791,41.3,1200000,0x0
1781183792,41.9,1200000,0x0
1781183793,41.3,1200000,0x0
1781183794,41.3,1200000,0x0
1781183795,41.3,1200000,0x0
1781183796,41.3,1200000,0x0
1781183797,41.9,1200000,0x0
1781183798,41.3,1200000,0x0
1781183800,41.9,1200000,0x0
1781183801,41.3,1200000,0x0
1781183802,41.9,1200000,0x0
1781183803,41.9,1200000,0x0
1781183804,41.9,1200000,0x0
1781183805,41.3,1200000,0x0
1781183806,41.9,1200000,0x0
1781183807,41.9,1200000,0x0
1781183808,41.9,1200000,0x0
1781183809,41.3,1200000,0x0
1781183811,41.9,1200000,0x0
1781183812,41.9,1200000,0x0
1781183813,41.9,1200000,0x0
1781183814,41.3,1200000,0x0
1781183815,41.3,1200000,0x0
1781183816,41.3,1200000,0x0
1781183817,41.9,1200000,0x0
1781183818,41.9,1200000,0x0
1781183819,41.9,1200000,0x0
1781183820,41.9,1200000,0x0
1781183822,41.9,1200000,0x0
1781183823,41.9,1200000,0x0
1781183824,41.9,1200000,0x0
1781183825,40.8,1200000,0x0
1781183826,41.9,1200000,0x0
1781183827,41.9,1200000,0x0
1781183828,41.9,1200000,0x0
1781183829,41.3,1200000,0x0
1781183830,41.9,1200000,0x0
1781183831,41.9,1200000,0x0
1781183833,41.3,1200000,0x0
1781183834,41.9,1200000,0x0
1781183835,41.3,1200000,0x0
1781183836,41.9,1200000,0x0
1781183837,41.9,1200000,0x0
1781183838,41.3,1200000,0x0
1781183839,41.9,1200000,0x0
1781183840,41.9,1200000,0x0
1781183841,41.9,1200000,0x0
1781183843,41.9,1200000,0x0
1781183844,41.9,1200000,0x0
1781183845,41.9,1200000,0x0
1781183846,41.9,1200000,0x0
1781183847,41.9,1200000,0x0
1781183848,41.9,1200000,0x0
1781183849,41.9,1200000,0x0
1781183850,41.9,1200000,0x0
1781183851,41.9,1200000,0x0
1781183852,41.3,1200000,0x0
1781183854,41.9,1200000,0x0
1781183855,40.8,1200000,0x0
1781183856,41.3,1200000,0x0
1781183857,41.9,1200000,0x0
1781183858,41.3,1200000,0x0
1781183859,41.3,1200000,0x0
1781183860,41.3,1200000,0x0
1781183861,41.9,1200000,0x0
1781183862,41.3,1200000,0x0
1781183863,41.9,1200000,0x0
1781183865,41.3,1200000,0x0
1781183866,41.9,1200000,0x0
1781183867,41.9,1200000,0x0
1781183868,41.3,1200000,0x0
1781183869,41.3,1200000,0x0
1781183870,41.3,1200000,0x0
1781183871,41.9,1200000,0x0
1781183872,41.9,1200000,0x0
1781183873,40.8,1200000,0x0
1781183874,41.9,1200000,0x0
1781183876,41.9,1200000,0x0
1781183877,41.3,1200000,0x0
1781183878,41.3,1200000,0x0
1781183879,41.9,1200000,0x0
1781183880,41.9,1200000,0x0
1781183881,41.9,1200000,0x0
1781183882,40.8,1200000,0x0
1781183883,41.3,1200000,0x0
1781183884,41.9,1200000,0x0
1781183885,41.9,1200000,0x0
1781183887,41.9,1200000,0x0
1781183888,41.9,1200000,0x0
1781183889,41.3,1200000,0x0
1781183890,41.9,1200000,0x0
1781183891,41.3,1200000,0x0
1781183892,41.9,1200000,0x0
1781183893,41.9,1200000,0x0
1781183894,41.9,1200000,0x0
1781183895,41.9,1200000,0x0
1781183896,41.9,1200000,0x0
1781183898,41.9,1200000,0x0
1781183899,41.3,1200000,0x0
1781183900,41.9,1200000,0x0
1781183901,41.9,1200000,0x0
1781183902,41.9,1200000,0x0
1781183903,41.9,1200000,0x0
1781183904,41.9,1200000,0x0
1781183905,41.9,1200000,0x0
1781183906,41.9,1200000,0x0
1781183907,41.9,1200000,0x0
1781183909,41.3,1200000,0x0
1781183910,41.9,1200000,0x0
1781183911,41.9,1200000,0x0
1781183912,41.9,1200000,0x0
1781183913,41.9,1200000,0x0
1781183914,41.9,1200000,0x0
1781183915,41.3,1200000,0x0
1781183916,41.3,1200000,0x0
1781183917,41.3,1200000,0x0
1781183918,41.9,1200000,0x0
1781183920,41.3,1200000,0x0
1781183921,41.9,1200000,0x0
1781183922,41.3,1200000,0x0
1781183923,41.9,1200000,0x0
1781183924,41.9,1200000,0x0
1781183925,41.9,1200000,0x0
1781183926,40.8,1200000,0x0
1781183927,41.3,1200000,0x0
1781183928,41.3,1200000,0x0
1781183929,42.4,1200000,0x0
1781183931,41.3,1200000,0x0
1781183932,41.9,1200000,0x0
1781183933,41.3,1200000,0x0
1781183934,41.9,1200000,0x0
1781183935,41.9,1200000,0x0
1781183936,41.3,1200000,0x0
1781183937,41.9,1200000,0x0
1781183938,41.9,1200000,0x0
1781183939,41.9,1200000,0x0
1781183941,41.9,1200000,0x0
1781183942,41.9,1200000,0x0
1781183943,41.9,1200000,0x0
1781183944,41.3,1200000,0x0
1781183945,41.9,1200000,0x0
1781183946,41.9,1200000,0x0
1781183947,41.9,1200000,0x0
1781183948,41.3,1200000,0x0
1781183949,41.9,1200000,0x0
1781183950,41.9,1200000,0x0
1781183952,41.9,1200000,0x0
1781183953,41.9,1200000,0x0
1781183954,41.9,1200000,0x0
1781183955,41.3,1200000,0x0
1781183956,41.9,1200000,0x0
1781183957,41.9,1200000,0x0
1781183958,41.3,1200000,0x0
1781183959,41.9,1200000,0x0
1781183960,41.9,1200000,0x0
1781183961,41.9,1200000,0x0
1781183963,41.9,1200000,0x0
1781183964,41.9,1200000,0x0
1781183965,41.3,1200000,0x0
1781183966,41.9,1200000,0x0
1781183967,41.9,1200000,0x0
1781183968,41.9,1200000,0x0
1781183969,41.3,1200000,0x0
1781183970,41.9,1200000,0x0
1781183971,41.9,1200000,0x0
1781183972,41.9,1200000,0x0
1781183974,41.9,1200000,0x0
1781183975,41.9,1200000,0x0
1781183976,41.9,1200000,0x0
1781183977,41.9,1200000,0x0
1781183978,41.3,1200000,0x0
1781183979,41.9,1200000,0x0
1781183980,41.9,1200000,0x0
1781183981,41.3,1200000,0x0
1781183982,41.9,1200000,0x0
1781183983,41.9,1200000,0x0
1781183985,41.3,1200000,0x0
1781183986,41.9,1200000,0x0
1781183987,42.4,1200000,0x0
1781183988,41.9,1200000,0x0
1781183989,41.9,1200000,0x0
1781183990,41.9,1200000,0x0
1781183991,41.9,1200000,0x0
1781183992,41.3,1200000,0x0
1781183993,41.9,1200000,0x0
1781183994,41.9,1200000,0x0
1781183996,41.9,1200000,0x0
1781183997,41.9,1200000,0x0
1781183998,41.9,1200000,0x0
1781183999,41.9,1200000,0x0
1781184000,41.9,1200000,0x0
1781184001,41.9,1200000,0x0
1781184002,41.3,1200000,0x0
1781184003,41.3,1200000,0x0
1781184004,41.9,1200000,0x0
1781184005,41.9,1200000,0x0
1781184007,41.9,1200000,0x0
1781184008,41.9,1200000,0x0
1781184009,41.3,1200000,0x0
1781184010,41.9,1200000,0x0
1781184011,41.9,1200000,0x0
1781184012,41.9,1200000,0x0
1781184013,41.3,1200000,0x0
1781184014,41.9,1200000,0x0
1781184015,41.3,1200000,0x0
1781184016,41.9,1200000,0x0
1781184018,41.3,1200000,0x0
1781184019,41.3,1200000,0x0
1781184020,41.9,1200000,0x0
1781184021,41.3,1200000,0x0
1781184022,41.3,1200000,0x0
1781184023,41.3,1200000,0x0
1781184024,41.9,1200000,0x0
1781184025,41.9,1200000,0x0
1781184026,41.9,1200000,0x0
1781184027,41.9,1200000,0x0
1781184029,41.9,1200000,0x0
1781184030,41.9,1200000,0x0
1781184031,41.9,1200000,0x0
1781184032,41.9,1200000,0x0
1781184033,41.9,1200000,0x0
1781184034,41.9,1200000,0x0
1781184035,41.9,1200000,0x0
1781184036,41.9,1200000,0x0
1781184037,41.9,1200000,0x0
1781184038,41.9,1200000,0x0
1781184040,41.9,1200000,0x0
1781184041,41.9,1200000,0x0
1781184042,41.9,1200000,0x0
1781184043,41.9,1200000,0x0
1781184044,41.9,1200000,0x0
1781184045,41.3,1200000,0x0
1781184046,41.9,1200000,0x0
1781184047,41.3,1200000,0x0
1781184048,41.9,1200000,0x0
1781184049,41.3,1200000,0x0
1781184051,41.9,1200000,0x0
1781184052,41.9,1200000,0x0
1781184053,41.3,1200000,0x0
1781184054,41.9,1200000,0x0
1781184055,41.9,1200000,0x0
1781184056,41.9,1200000,0x0
1781184057,41.9,1200000,0x0
1781184058,41.9,1200000,0x0
1781184059,42.4,1200000,0x0
1781184061,41.9,1200000,0x0
1781184062,41.9,1200000,0x0
1781184063,41.9,1200000,0x0
1781184064,41.9,1200000,0x0
1781184065,41.9,1200000,0x0
1781184066,42.4,1200000,0x0
1781184067,41.9,1200000,0x0
1781184068,41.9,1200000,0x0
1781184069,42.4,1200000,0x0
1781184070,41.9,1200000,0x0
1781184072,41.3,1200000,0x0
1781184073,41.9,1200000,0x0
1781184074,41.3,1200000,0x0
1781184075,41.9,1200000,0x0
1781184076,41.9,1200000,0x0
1781184077,41.3,1200000,0x0
1781184078,41.9,1200000,0x0
1781184079,41.9,1200000,0x0
1781184080,41.9,1200000,0x0
1781184081,41.9,1200000,0x0
1781184083,41.9,1200000,0x0
1781184084,41.3,1200000,0x0
1781184085,41.9,1200000,0x0
1781184086,41.9,1200000,0x0
1781184087,41.9,1200000,0x0
1781184088,41.9,1200000,0x0
1781184089,41.9,1200000,0x0
1781184090,41.3,1200000,0x0
1781184091,41.9,1200000,0x0
1781184092,41.9,1200000,0x0
1781184094,41.3,1200000,0x0
1781184095,41.9,1200000,0x0
1781184096,41.9,1200000,0x0
1781184097,41.9,1200000,0x0
1781184098,42.4,1200000,0x0
1781184099,41.9,1200000,0x0
1781184100,41.9,1200000,0x0
1781184101,41.9,1200000,0x0
1781184102,41.9,1200000,0x0
1781184103,41.9,1200000,0x0
1781184105,41.9,1200000,0x0
1781184106,41.9,1200000,0x0
1781184107,42.4,1200000,0x0
1781184108,41.9,1200000,0x0
1781184109,41.9,1200000,0x0
1781184110,41.9,1200000,0x0
1781184111,40.8,1200000,0x0
1781184112,41.9,1200000,0x0
1781184113,41.9,1200000,0x0
1781184114,41.9,1200000,0x0
1781184116,41.9,1200000,0x0
1781184117,41.9,1200000,0x0
1781184118,41.9,1200000,0x0
1781184119,41.9,1200000,0x0
1781184120,41.9,1200000,0x0
1781184121,41.3,1200000,0x0
1781184122,41.3,1200000,0x0
1781184123,41.9,1200000,0x0
1781184124,41.9,1200000,0x0
1781184125,41.9,1200000,0x0
1781184127,42.4,1200000,0x0
1781184128,41.9,1200000,0x0
1781184129,41.9,1200000,0x0
1781184130,41.9,1200000,0x0
1781184131,41.9,1200000,0x0
1781184132,42.4,1200000,0x0
1781184133,41.9,1200000,0x0
1781184134,41.3,1200000,0x0
1781184135,41.9,1200000,0x0
1781184136,41.3,1200000,0x0
1781184138,41.9,1200000,0x0
1781184139,41.9,1200000,0x0
1781184140,42.4,1200000,0x0
1781184141,41.9,1200000,0x0
1781184142,41.3,1200000,0x0
1781184143,41.3,1200000,0x0
1781184144,41.9,1200000,0x0
1781184145,41.9,1200000,0x0
1781184146,41.9,1200000,0x0
1781184147,41.9,1200000,0x0
1781184149,41.9,1200000,0x0
1781184150,41.9,1200000,0x0
1781184151,41.9,1200000,0x0
1781184152,41.9,1200000,0x0
1781184153,41.9,1200000,0x0
1781184154,41.9,1200000,0x0
1781184155,41.3,1200000,0x0
1781184156,41.9,1200000,0x0
1781184157,41.9,1200000,0x0
1781184159,41.3,1200000,0x0
1781184160,42.4,1200000,0x0
1781184161,41.3,1200000,0x0
1781184162,41.9,1200000,0x0
1781184163,41.9,1200000,0x0
1781184164,41.9,1200000,0x0
1781184165,41.9,1200000,0x0
1781184166,41.9,1200000,0x0
1781184167,41.9,1200000,0x0
1781184168,41.9,1200000,0x0
1781184170,41.9,1200000,0x0
1781184171,41.9,1200000,0x0
1781184172,41.9,1200000,0x0
1781184173,41.9,1200000,0x0
1781184174,40.8,1200000,0x0
1781184175,41.3,1200000,0x0
1781184176,41.3,1200000,0x0
1781184177,41.9,1200000,0x0
1781184178,41.9,1200000,0x0
1781184179,41.3,1200000,0x0
1781184181,41.3,1200000,0x0
1781184182,41.9,1200000,0x0
1781184183,42.4,1200000,0x0
1781184184,41.9,1200000,0x0
1781184185,41.9,1200000,0x0
1781184186,41.9,1200000,0x0
1781184187,41.9,1200000,0x0
1781184188,41.3,1200000,0x0
1781184189,41.3,1200000,0x0
1781184190,41.9,1200000,0x0
1781184192,41.9,1200000,0x0
1781184193,41.9,1200000,0x0
1781184194,41.3,1200000,0x0
1781184195,41.9,1200000,0x0
1781184196,41.9,1200000,0x0
1781184197,41.9,1200000,0x0
1781184198,41.3,1200000,0x0
1781184199,41.9,1200000,0x0
1781184200,41.3,1200000,0x0
1781184201,41.3,1200000,0x0
1781184203,41.9,1200000,0x0
1781184204,41.9,1200000,0x0
1781184205,41.9,1200000,0x0
1781184206,41.9,1200000,0x0
1781184207,41.9,1200000,0x0
1781184208,41.9,1200000,0x0
1781184209,41.3,1200000,0x0
1781184210,41.9,1200000,0x0
1781184211,41.9,1200000,0x0
1781184212,41.3,1200000,0x0
1781184214,41.3,1200000,0x0
1781184215,41.9,1200000,0x0
1781184216,41.9,1200000,0x0
1781184217,41.9,1200000,0x0
1781184218,41.9,1200000,0x0
1781184219,41.9,1200000,0x0
1781184220,41.9,1200000,0x0
1781184221,41.9,1200000,0x0
1781184222,42.4,1200000,0x0
1781184223,41.9,1200000,0x0
1781184225,41.9,1200000,0x0
1781184226,41.9,1200000,0x0
1781184227,41.9,1200000,0x0
1781184228,41.9,1200000,0x0
1781184229,41.9,1200000,0x0
1781184230,41.9,1200000,0x0
1781184231,41.9,1200000,0x0
1781184232,41.9,1200000,0x0
1781184233,41.9,1200000,0x0
1781184234,41.3,1200000,0x0
1781184236,41.9,1200000,0x0
1781184237,41.9,1200000,0x0
1781184238,41.3,1200000,0x0
1781184239,41.3,1200000,0x0
1781184240,40.8,1200000,0x0
1781184241,41.9,1200000,0x0
1781184242,41.9,1200000,0x0
1781184243,41.9,1200000,0x0
1781184244,41.9,1200000,0x0
1781184245,41.9,1200000,0x0
1781184247,41.3,1200000,0x0
1781184248,41.9,1200000,0x0
1781184249,41.9,1200000,0x0
1781184250,41.9,1200000,0x0
1781184251,41.9,1200000,0x0
1781184252,41.9,1200000,0x0
1781184253,41.9,1200000,0x0
1781184254,41.9,1200000,0x0
1781184255,41.9,1200000,0x0
1781184256,41.9,1200000,0x0
1781184258,41.9,1200000,0x0
1781184259,41.9,1200000,0x0
1781184260,41.3,1200000,0x0
1781184261,41.9,1200000,0x0
1781184262,41.9,1200000,0x0
1781184263,41.9,1200000,0x0
1781184264,41.9,1200000,0x0
1781184265,41.3,1200000,0x0
1781184266,41.9,1200000,0x0
1781184267,41.9,1200000,0x0
1781184269,41.9,1200000,0x0
1781184270,41.9,1200000,0x0
1781184271,41.9,1200000,0x0
1781184272,41.3,1200000,0x0
1781184273,41.3,1200000,0x0
1781184274,41.9,1200000,0x0
1781184275,41.9,1200000,0x0
1781184276,41.9,1200000,0x0
1781184277,41.9,1200000,0x0
1781184278,41.9,1200000,0x0
1781184280,41.9,1200000,0x0
1781184281,41.9,1200000,0x0
1781184282,41.9,1200000,0x0
1781184283,41.9,1200000,0x0
1781184284,41.3,1200000,0x0
1781184285,41.9,1200000,0x0
1781184286,41.9,1200000,0x0
1781184287,41.9,1200000,0x0
1781184288,41.9,1200000,0x0
1781184290,41.9,1200000,0x0
1781184291,41.9,1200000,0x0
1781184292,41.9,1200000,0x0
1781184293,41.9,1200000,0x0
1781184294,41.9,1200000,0x0
1781184295,41.9,1200000,0x0
1781184296,41.9,1200000,0x0
1781184297,41.9,1200000,0x0
1781184298,42.4,1200000,0x0
1781184299,41.9,1200000,0x0
1781184301,41.3,1200000,0x0
1781184302,41.9,1200000,0x0
1781184303,41.9,1200000,0x0
1781184304,41.9,1200000,0x0
1781184305,41.9,1200000,0x0
1781184306,41.9,1200000,0x0
1781184307,41.9,1200000,0x0
1781184308,41.9,1200000,0x0
1781184309,41.9,1200000,0x0
1781184310,41.9,1200000,0x0
1781184312,41.9,1200000,0x0
1781184313,41.9,1200000,0x0
1781184314,41.9,1200000,0x0
1781184315,41.9,1200000,0x0
1781184316,41.9,1200000,0x0
1781184317,41.9,1200000,0x0
1781184318,41.9,1200000,0x0
1781184319,41.3,1200000,0x0
1781184320,41.3,1200000,0x0
1781184321,41.9,1200000,0x0
1781184323,41.9,1200000,0x0
1781184324,41.9,1200000,0x0
1781184325,41.9,1200000,0x0
1781184326,41.9,1200000,0x0
1781184327,41.3,1200000,0x0
1781184328,41.9,1200000,0x0
1781184329,41.9,1200000,0x0
1781184330,41.9,1200000,0x0
1781184331,41.9,1200000,0x0
1781184332,41.9,1200000,0x0
1781184334,41.9,1200000,0x0
1781184335,41.9,1200000,0x0
1781184336,41.9,1200000,0x0
1781184337,41.9,1200000,0x0
1781184338,41.9,1200000,0x0
1781184339,41.9,1200000,0x0
1781184340,41.9,1200000,0x0
1781184341,41.9,1200000,0x0
1781184342,41.9,1200000,0x0
1781184343,41.9,1200000,0x0
1781184345,41.9,1200000,0x0
1781184346,41.9,1200000,0x0
1781184347,41.9,1200000,0x0
1781184348,41.9,1200000,0x0
1781184349,41.9,1200000,0x0
1781184350,41.9,1200000,0x0
1781184351,41.9,1200000,0x0
1781184352,41.3,1200000,0x0
1781184353,41.9,1200000,0x0
1781184354,41.9,1200000,0x0
1781184356,41.9,1200000,0x0
1781184357,41.9,1200000,0x0
1781184358,41.9,1200000,0x0
1781184359,41.9,1200000,0x0
1781184360,41.9,1200000,0x0
1781184361,41.9,1200000,0x0
1781184362,41.9,1200000,0x0
1781184363,41.9,1200000,0x0
1781184364,41.9,1200000,0x0
1781184365,41.9,1200000,0x0
1781184367,41.9,1200000,0x0
1781184368,41.3,1200000,0x0
1781184369,41.9,1200000,0x0
1781184370,41.9,1200000,0x0
1781184371,41.9,1200000,0x0
1781184372,41.9,1200000,0x0
1781184373,41.9,1200000,0x0
1781184374,41.9,1200000,0x0
1781184375,41.9,1200000,0x0
1781184376,41.9,1200000,0x0
1781184378,41.9,1200000,0x0
1781184379,41.9,1200000,0x0
1781184380,41.9,1200000,0x0
1781184381,41.9,1200000,0x0
1781184382,41.9,1200000,0x0
1781184383,41.9,1200000,0x0
1781184384,41.9,1200000,0x0
1781184385,41.9,1200000,0x0
1781184386,41.9,1200000,0x0
1781184387,41.9,1200000,0x0
1781184389,41.9,1200000,0x0
1781184390,41.9,1200000,0x0
1781184391,42.4,1200000,0x0
1781184392,41.9,1200000,0x0
1781184393,42.4,1200000,0x0
1781184394,41.9,1200000,0x0
1781184395,41.9,1200000,0x0
1781184396,41.9,1200000,0x0
1781184397,41.3,1200000,0x0
1781184398,41.9,1200000,0x0
1781184400,41.9,1200000,0x0
1781184401,41.3,1200000,0x0
1781184402,41.9,1200000,0x0
1781184403,41.9,1200000,0x0
1781184404,41.9,1200000,0x0
1781184405,41.3,1200000,0x0
1781184406,41.9,1200000,0x0
1781184407,41.9,1200000,0x0
1781184408,41.9,1200000,0x0
1781184410,41.9,1200000,0x0
1781184411,41.9,1200000,0x0
1781184412,41.9,1200000,0x0
1781184413,41.9,1200000,0x0
1781184414,41.9,1200000,0x0
1781184415,41.9,1200000,0x0
1781184416,41.9,1200000,0x0
1781184417,41.9,1200000,0x0
1781184418,41.9,1200000,0x0
1781184419,41.3,1200000,0x0
1781184421,41.9,1200000,0x0
1781184422,41.9,1200000,0x0
1781184423,41.9,1200000,0x0
1781184424,41.3,1200000,0x0
1781184425,41.3,1200000,0x0
1781184426,41.9,1200000,0x0
1781184427,41.3,1200000,0x0
1781184428,42.4,1200000,0x0
1781184429,41.9,1200000,0x0
1781184430,41.3,1200000,0x0
1781184432,41.9,1200000,0x0
1781184433,41.9,1200000,0x0
1781184434,41.9,1200000,0x0
1781184435,41.9,1200000,0x0
1781184436,41.3,1200000,0x0
1781184437,41.9,1200000,0x0
1781184438,41.9,1200000,0x0
1781184439,41.9,1200000,0x0
1781184440,41.3,1200000,0x0
1781184441,41.9,1200000,0x0
1781184443,41.9,1200000,0x0
1781184444,41.9,1200000,0x0
1781184445,41.9,1200000,0x0
1781184446,41.9,1200000,0x0
1781184447,41.9,1200000,0x0
1781184448,41.9,1200000,0x0
1781184449,42.4,1200000,0x0
1781184450,41.9,1200000,0x0
1781184451,41.9,1200000,0x0
1781184452,41.9,1200000,0x0
1781184454,41.9,1200000,0x0
1781184455,41.9,1200000,0x0
1781184456,41.9,1200000,0x0
1781184457,41.9,1200000,0x0
1781184458,41.9,1200000,0x0
1781184459,41.9,1200000,0x0
1781184460,41.9,1200000,0x0
1781184461,41.9,1200000,0x0
1781184462,41.9,1200000,0x0
1781184463,41.9,1200000,0x0
1781184465,41.9,1200000,0x0
1781184466,41.9,1200000,0x0
1781184467,41.9,1200000,0x0
1781184468,41.9,1200000,0x0
1781184469,41.9,1200000,0x0
1781184470,41.9,1200000,0x0
1781184471,42.4,1200000,0x0
1781184472,41.9,1200000,0x0
1781184473,41.9,1200000,0x0
1781184474,41.9,1200000,0x0
1781184476,41.3,1200000,0x0
1781184477,41.9,1200000,0x0
1781184478,41.9,1200000,0x0
1781184479,41.9,1200000,0x0
1781184480,41.9,1200000,0x0
1781184481,41.9,1200000,0x0
1781184482,41.9,1200000,0x0
1781184483,41.3,1200000,0x0
1781184484,41.9,1200000,0x0
1781184485,41.3,1200000,0x0
1781184487,41.9,1200000,0x0
1781184488,41.9,1200000,0x0
1781184489,41.9,1200000,0x0
1781184490,41.9,1200000,0x0
1781184491,41.9,1200000,0x0
1781184492,41.9,1200000,0x0
1781184493,41.9,1200000,0x0
1781184494,41.9,1200000,0x0
1781184495,41.9,1200000,0x0
1781184496,41.9,1200000,0x0
1781184498,41.9,1200000,0x0
1781184499,41.9,1200000,0x0
1781184500,41.9,1200000,0x0
1781184501,41.9,1200000,0x0
1781184502,41.9,1200000,0x0
1781184503,41.9,1200000,0x0
1781184504,41.9,1200000,0x0
1781184505,41.9,1200000,0x0
1781184506,41.3,1200000,0x0
1781184507,41.9,1200000,0x0
1781184509,41.9,1200000,0x0
1781184510,41.9,1200000,0x0
1781184511,41.9,1200000,0x0
1781184512,41.9,1200000,0x0
1781184513,41.9,1200000,0x0
1781184514,41.9,1200000,0x0
1781184515,41.9,1200000,0x0
1781184516,41.9,1200000,0x0
1781184517,42.4,1200000,0x0
1781184519,41.9,1200000,0x0
1781184520,41.9,1200000,0x0
1781184521,41.9,1200000,0x0
1781184522,41.9,1200000,0x0
1781184523,41.9,1200000,0x0
1781184524,41.9,1200000,0x0
1781184525,41.9,1200000,0x0
1781184526,41.9,1200000,0x0
1781184527,41.9,1200000,0x0
1781184528,41.9,1200000,0x0
1781184530,41.3,1200000,0x0
1781184531,41.9,1200000,0x0
1781184532,41.9,1200000,0x0
1781184533,41.9,1200000,0x0
1781184534,41.9,1200000,0x0
1781184535,41.9,1200000,0x0
1781184536,41.9,1200000,0x0
1781184537,41.9,1200000,0x0
1781184538,41.9,1200000,0x0
1781184539,41.3,1200000,0x0
1781184541,41.9,1200000,0x0
1781184542,41.9,1200000,0x0
1781184543,41.9,1200000,0x0
1781184544,41.9,1200000,0x0
1781184545,41.3,1200000,0x0
1781184546,41.9,1200000,0x0
1781184547,41.9,1200000,0x0
1781184548,41.3,1200000,0x0
1781184549,41.9,1200000,0x0
1781184550,41.9,1200000,0x0
1781184552,41.3,1200000,0x0
1781184553,41.9,1200000,0x0
1781184554,41.9,1200000,0x0
1781184555,41.9,1200000,0x0
1781184556,41.9,1200000,0x0
1781184557,41.9,1200000,0x0
1781184558,41.3,1200000,0x0
1781184559,41.9,1200000,0x0
1781184560,42.4,1200000,0x0
1781184561,41.3,1200000,0x0
1781184563,41.9,1200000,0x0
1781184564,42.4,1200000,0x0
1781184565,41.9,1200000,0x0
1781184566,41.3,1200000,0x0
1781184567,41.9,1200000,0x0
1781184568,41.9,1200000,0x0
1781184569,41.9,1200000,0x0
1781184570,41.9,1200000,0x0
1781184571,41.9,1200000,0x0
1781184572,41.9,1200000,0x0
1781184574,41.9,1200000,0x0
1781184575,41.9,1200000,0x0
1781184576,41.9,1200000,0x0
1781184577,42.4,1200000,0x0
1781184578,41.9,1200000,0x0
1781184579,41.9,1200000,0x0
1781184580,41.3,1200000,0x0
1781184581,41.9,1200000,0x0
1781184582,41.9,1200000,0x0
1781184583,41.9,1200000,0x0
1781184585,41.3,1200000,0x0
1781184586,41.9,1200000,0x0
1781184587,41.3,1200000,0x0
1781184588,41.3,1200000,0x0
1781184589,41.9,1200000,0x0
1781184590,41.3,1200000,0x0
1781184591,41.9,1200000,0x0
1781184592,41.9,1200000,0x0
1781184593,41.9,1200000,0x0
1781184594,41.9,1200000,0x0
1781184596,41.9,1200000,0x0
1781184597,42.4,1200000,0x0
1781184598,41.9,1200000,0x0
1781184599,41.9,1200000,0x0
1781184600,41.9,1200000,0x0
1781184601,41.3,1200000,0x0
1781184602,41.9,1200000,0x0
1781184603,41.9,1200000,0x0
1781184604,41.9,1200000,0x0
1781184605,41.9,1200000,0x0
1781184607,41.9,1200000,0x0
1781184608,41.9,1200000,0x0
1781184609,41.9,1200000,0x0
1781184610,41.9,1200000,0x0
1781184611,40.8,1200000,0x0
1781184612,41.9,1200000,0x0
1781184613,41.9,1200000,0x0
1781184614,41.9,1200000,0x0
1781184615,41.3,1200000,0x0
1781184616,41.3,1200000,0x0
1781184618,41.9,1200000,0x0
1781184619,41.3,1200000,0x0
1781184620,41.9,1200000,0x0
1781184621,41.9,1200000,0x0
1781184622,41.9,1200000,0x0
1781184623,41.9,1200000,0x0
1781184624,41.3,1200000,0x0
1781184625,41.9,1200000,0x0
1781184626,41.9,1200000,0x0
1781184627,41.9,1200000,0x0
1781184629,41.9,1200000,0x0
1781184630,41.9,1200000,0x0
1781184631,41.9,1200000,0x0
1781184632,41.3,1200000,0x0
1781184633,41.3,1200000,0x0
1781184634,41.3,1200000,0x0
1781184635,41.9,1200000,0x0
1781184636,40.8,1200000,0x0
1781184637,41.9,1200000,0x0
1781184639,41.9,1200000,0x0
1781184640,41.9,1200000,0x0
1781184641,41.9,1200000,0x0
1781184642,41.9,1200000,0x0
1781184643,41.9,1200000,0x0
1781184644,42.4,1200000,0x0
1781184645,41.9,1200000,0x0
1781184646,41.9,1200000,0x0
1781184647,41.9,1200000,0x0
1781184648,41.9,1200000,0x0
1781184650,41.9,1200000,0x0
1781184651,41.9,1200000,0x0
1781184652,41.3,1200000,0x0
1781184653,41.9,1200000,0x0
1781184654,41.9,1200000,0x0
1781184655,41.9,1200000,0x0
1781184656,41.9,1200000,0x0
1781184657,41.9,1200000,0x0
1781184658,41.3,1200000,0x0
1781184659,41.9,1200000,0x0
1781184661,41.9,1200000,0x0
1781184662,41.9,1200000,0x0
1781184663,41.9,1200000,0x0
1781184664,41.9,1200000,0x0
1781184665,41.9,1200000,0x0
1781184666,41.3,1200000,0x0
1781184667,41.9,1200000,0x0
1781184668,41.9,1200000,0x0
1781184669,41.9,1200000,0x0
1781184670,41.9,1200000,0x0
1781184672,41.9,1200000,0x0
1781184673,41.9,1200000,0x0
1781184674,41.9,1200000,0x0
1781184675,41.9,1200000,0x0
1781184676,41.9,1200000,0x0
1781184677,41.9,1200000,0x0
1781184678,41.9,1200000,0x0
1781184679,41.9,1200000,0x0
1781184680,41.9,1200000,0x0
1781184681,41.9,1200000,0x0
1781184683,41.3,1200000,0x0
1781184684,41.9,1200000,0x0
1781184685,41.9,1200000,0x0
1781184686,41.9,1200000,0x0
1781184687,41.9,1200000,0x0
1781184688,41.9,1200000,0x0
1781184689,41.9,1200000,0x0
1781184690,41.9,1200000,0x0
1781184691,41.9,1200000,0x0
1781184692,41.9,1200000,0x0
1781184694,41.9,1200000,0x0
1781184695,41.9,1200000,0x0
1781184696,41.9,1200000,0x0
1781184697,41.9,1200000,0x0
1781184698,41.9,1200000,0x0
1781184699,41.9,1200000,0x0
1781184700,41.3,1200000,0x0
1781184701,41.9,1200000,0x0
1781184702,41.9,1200000,0x0
1781184703,41.9,1200000,0x0
1781184705,41.9,1200000,0x0
1781184706,41.3,1200000,0x0
1781184707,41.9,1200000,0x0
1781184708,41.3,1200000,0x0
1781184709,41.9,1200000,0x0
1781184710,41.9,1200000,0x0
1781184711,41.9,1200000,0x0
1781184712,41.9,1200000,0x0
1781184713,41.9,1200000,0x0
1781184714,41.9,1200000,0x0
1781184716,41.9,1200000,0x0
1781184717,41.9,1200000,0x0
1781184718,41.9,1200000,0x0
1781184719,41.3,1200000,0x0
1781184720,41.9,1200000,0x0
1781184721,41.9,1200000,0x0
1781184722,41.9,1200000,0x0
1781184723,41.9,1200000,0x0
1781184724,41.9,1200000,0x0
1781184725,41.9,1200000,0x0
1781184727,42.4,1200000,0x0
1781184728,41.9,1200000,0x0
1781184729,41.9,1200000,0x0
1781184730,41.9,1200000,0x0
1781184731,41.9,1200000,0x0
1781184732,41.9,1200000,0x0
1781184733,41.9,1200000,0x0
1781184734,42.4,1200000,0x0
1781184735,41.3,1200000,0x0
1781184736,41.9,1200000,0x0
1781184738,41.9,1200000,0x0
1781184739,41.9,1200000,0x0
1781184740,41.9,1200000,0x0
1781184741,41.9,1200000,0x0
1781184742,41.9,1200000,0x0
1781184743,41.9,1200000,0x0
1781184744,41.9,1200000,0x0
1781184745,41.9,1200000,0x0
1781184746,41.9,1200000,0x0
1781184747,41.9,1200000,0x0
1781184749,41.9,1200000,0x0
1781184750,41.3,1200000,0x0
1781184751,41.9,1200000,0x0
1781184752,41.9,1200000,0x0
1781184753,41.9,1200000,0x0
1781184754,41.9,1200000,0x0
1781184755,41.9,1200000,0x0
1781184756,42.4,1200000,0x0
1781184757,41.9,1200000,0x0
1781184758,41.9,1200000,0x0
1781184760,41.9,1200000,0x0
1781184761,41.9,1200000,0x0
1781184762,41.9,1200000,0x0
1781184763,41.9,1200000,0x0
1781184764,41.9,1200000,0x0
1781184765,41.9,1200000,0x0
1781184766,41.9,1200000,0x0
1781184767,41.3,1200000,0x0
1781184768,41.9,1200000,0x0
1781184769,41.9,1200000,0x0
1781184771,41.9,1200000,0x0
1781184772,41.9,1200000,0x0
1781184773,41.9,1200000,0x0
1781184774,41.9,1200000,0x0
1781184775,41.3,1200000,0x0
1781184776,41.3,1200000,0x0
1781184777,41.3,1200000,0x0
1781184778,41.9,1200000,0x0
1781184779,41.9,1200000,0x0
1781184781,41.9,1200000,0x0
1781184782,41.9,1200000,0x0
1781184783,41.9,1200000,0x0
1781184784,41.9,1200000,0x0
1781184785,41.3,1200000,0x0
1781184786,41.9,1200000,0x0
1781184787,41.9,1200000,0x0
1781184788,41.9,1200000,0x0
1781184789,41.9,1200000,0x0
1781184790,41.9,1200000,0x0
1781184792,41.9,1200000,0x0
1781184793,41.3,1200000,0x0
1781184794,41.9,1200000,0x0
1781184795,41.3,1200000,0x0
1781184796,41.9,1200000,0x0
1781184797,41.9,1200000,0x0
1781184798,41.9,1200000,0x0
1781184799,41.9,1200000,0x0
1781184800,41.9,1200000,0x0
1781184801,41.9,1200000,0x0
1781184803,41.3,1200000,0x0
1781184804,41.9,1200000,0x0
1781184805,41.9,1200000,0x0
1781184806,41.9,1200000,0x0
1781184807,41.9,1200000,0x0
1781184808,42.4,1200000,0x0
1781184809,41.9,1200000,0x0
1781184810,41.9,1200000,0x0
1781184811,41.9,1200000,0x0
1781184812,41.9,1200000,0x0
1781184814,41.9,1200000,0x0
1781184815,41.9,1200000,0x0
1781184816,41.3,1200000,0x0
1781184817,41.9,1200000,0x0
1781184818,41.9,1200000,0x0
1781184819,41.9,1200000,0x0
1781184820,41.9,1200000,0x0
1781184821,41.9,1200000,0x0
1781184822,41.3,1200000,0x0
1781184823,41.9,1200000,0x0
1781184825,41.9,1200000,0x0
1781184826,41.9,1200000,0x0
1781184827,41.9,1200000,0x0
1781184828,41.9,1200000,0x0
1781184829,41.9,1200000,0x0
1781184830,41.9,1200000,0x0
1781184831,41.9,1200000,0x0
1781184832,41.9,1200000,0x0
1781184833,41.9,1200000,0x0
1781184834,41.3,1200000,0x0
1781184836,41.9,1200000,0x0
1781184837,41.9,1200000,0x0
1781184838,41.9,1200000,0x0
1781184839,41.9,1200000,0x0
1781184840,41.9,1200000,0x0
1781184841,41.9,1200000,0x0
1781184842,41.9,1200000,0x0
1781184843,41.9,1200000,0x0
1781184844,41.9,1200000,0x0
1781184845,41.9,1200000,0x0
1781184847,40.8,1200000,0x0
1781184848,41.9,1200000,0x0
1781184849,41.9,1200000,0x0
1781184850,41.9,1200000,0x0
1781184851,41.3,1200000,0x0
1781184852,41.9,1200000,0x0
1781184853,41.9,1200000,0x0
1781184854,41.9,1200000,0x0
1781184855,41.9,1200000,0x0
1781184856,41.9,1200000,0x0
1781184858,41.9,1200000,0x0
1781184859,41.3,1200000,0x0
1781184860,41.9,1200000,0x0
1781184861,41.9,1200000,0x0
1781184862,41.9,1200000,0x0
1781184863,41.9,1200000,0x0
1781184864,41.9,1200000,0x0
1781184865,41.9,1200000,0x0
1781184866,42.4,1200000,0x0
1781184867,41.9,1200000,0x0
1781184869,40.8,1200000,0x0
1781184870,41.9,1200000,0x0
1781184871,41.9,1200000,0x0
1781184872,41.3,1200000,0x0
1781184873,41.9,1200000,0x0
1781184874,41.3,1200000,0x0
1781184875,41.9,1200000,0x0
1781184876,41.3,1200000,0x0
1781184877,41.9,1200000,0x0
1781184878,41.3,1200000,0x0
1781184880,41.9,1200000,0x0
1781184881,41.9,1200000,0x0
1781184882,41.9,1200000,0x0
1781184883,42.4,1200000,0x0
1781184884,40.8,1200000,0x0
1781184885,41.9,1200000,0x0
1781184886,41.9,1200000,0x0
1781184887,41.9,1200000,0x0
1781184888,41.9,1200000,0x0
1781184889,41.9,1200000,0x0
1781184891,41.3,1200000,0x0
1781184892,41.9,1200000,0x0
1781184893,41.9,1200000,0x0
1781184894,41.9,1200000,0x0
1781184895,41.3,1200000,0x0
1781184896,41.9,1200000,0x0
1781184897,41.9,1200000,0x0
1781184898,40.8,1200000,0x0
1781184899,41.9,1200000,0x0
1781184900,41.9,1200000,0x0
1781184902,41.9,1200000,0x0
1781184903,42.4,1200000,0x0
1781184904,41.3,1200000,0x0
1781184905,41.9,1200000,0x0
1781184906,41.9,1200000,0x0
1781184907,41.9,1200000,0x0
1781184908,41.9,1200000,0x0
1781184909,41.9,1200000,0x0
1781184910,41.9,1200000,0x0
1781184912,41.9,1200000,0x0
1781184913,41.9,1200000,0x0
1781184914,41.9,1200000,0x0
1781184915,41.9,1200000,0x0
1781184916,41.9,1200000,0x0
1781184917,41.9,1200000,0x0
1781184918,41.9,1200000,0x0
1781184919,41.3,1200000,0x0
1781184920,42.4,1200000,0x0
1781184921,41.9,1200000,0x0
1781184923,41.9,1200000,0x0
1781184924,40.8,1200000,0x0
1781184925,41.9,1200000,0x0
1781184926,41.9,1200000,0x0
1781184927,41.3,1200000,0x0
1781184928,41.9,1200000,0x0
1781184929,41.9,1200000,0x0
1781184930,41.9,1200000,0x0
1781184931,41.9,1200000,0x0
1781184932,41.9,1200000,0x0
1781184934,41.9,1200000,0x0
1781184935,41.9,1200000,0x0
1781184936,41.9,1200000,0x0
1781184937,41.9,1200000,0x0
1781184938,41.9,1200000,0x0
1781184939,41.9,1200000,0x0
1781184940,41.9,1200000,0x0
1781184941,41.9,1200000,0x0
1781184942,41.9,1200000,0x0
1781184943,41.9,1200000,0x0
1781184945,41.9,1200000,0x0
1781184946,41.9,1200000,0x0
1781184947,41.3,1200000,0x0
1781184948,41.9,1200000,0x0
1781184949,41.9,1200000,0x0
1781184950,41.9,1200000,0x0
1781184951,41.9,1200000,0x0
1781184952,41.3,1200000,0x0
1781184953,41.9,1200000,0x0
1781184954,41.9,1200000,0x0
1781184956,41.9,1200000,0x0
1781184957,41.3,1200000,0x0
1781184958,41.3,1200000,0x0
1781184959,41.9,1200000,0x0
1781184960,41.9,1200000,0x0
1781184961,41.9,1200000,0x0
1781184962,41.9,1200000,0x0
1781184963,41.9,1200000,0x0
1781184964,41.9,1200000,0x0
1781184965,41.3,1200000,0x0
1781184967,41.9,1200000,0x0
1781184968,41.3,1200000,0x0
1781184969,41.9,1200000,0x0
1781184970,41.9,1200000,0x0
1781184971,41.9,1200000,0x0
1781184972,41.9,1200000,0x0
1781184973,41.3,1200000,0x0
1781184974,41.3,1200000,0x0
1781184975,41.9,1200000,0x0
1781184976,41.9,1200000,0x0
1781184978,41.9,1200000,0x0
1781184979,41.9,1200000,0x0
1781184980,41.9,1200000,0x0
1781184981,41.3,1200000,0x0
1781184982,41.3,1200000,0x0
1781184983,41.3,1200000,0x0
1781184984,41.9,1200000,0x0
1781184985,40.8,1200000,0x0
1781184986,41.3,1200000,0x0
1781184987,41.9,1200000,0x0
1781184989,41.3,1200000,0x0
1781184990,42.9,1200000,0x0
1781184991,41.9,1200000,0x0
1781184992,40.8,1200000,0x0
1781184993,41.9,1200000,0x0
1781184994,41.9,1200000,0x0
1781184995,41.9,1200000,0x0
1781184996,41.9,1200000,0x0
1781184997,41.9,1200000,0x0
1781184998,41.9,1200000,0x0
1781185000,41.3,1200000,0x0
1781185001,41.3,1200000,0x0
1781185002,41.9,1200000,0x0
1781185003,41.9,1200000,0x0
1781185004,41.3,1200000,0x0
1781185005,41.9,1200000,0x0
1781185006,41.9,1200000,0x0
1781185007,41.3,1200000,0x0
1781185008,41.9,1200000,0x0
1781185010,41.3,1200000,0x0
1781185011,41.9,1200000,0x0
1781185012,41.3,1200000,0x0
1781185013,41.9,1200000,0x0
1781185014,41.9,1200000,0x0
1781185015,40.8,1200000,0x0
1781185016,41.9,1200000,0x0
1781185017,41.9,1200000,0x0
1781185018,41.3,1200000,0x0
1781185019,41.9,1200000,0x0
1781185021,41.9,1200000,0x0
1781185022,41.9,1200000,0x0
1781185023,41.9,1200000,0x0
1781185024,41.3,1200000,0x0
1781185025,41.3,1200000,0x0
1781185026,41.3,1200000,0x0
1781185027,42.4,1200000,0x0
1781185028,41.9,1200000,0x0
1781185029,41.9,1200000,0x0
1781185030,41.9,1200000,0x0
1781185032,41.9,1200000,0x0
1781185033,41.9,1200000,0x0
1781185034,41.9,1200000,0x0
1781185035,41.9,1200000,0x0
1781185036,41.9,1200000,0x0
1781185037,41.9,1200000,0x0
1781185038,41.3,1200000,0x0
1781185039,41.9,1200000,0x0
1781185040,41.9,1200000,0x0
1781185041,41.9,1200000,0x0
1781185043,41.9,1200000,0x0
1781185044,41.3,1200000,0x0
1781185045,41.9,1200000,0x0
1781185046,41.9,1200000,0x0
1781185047,42.4,1200000,0x0
1781185048,41.9,1200000,0x0
1781185049,41.9,1200000,0x0
1781185050,41.3,1200000,0x0
1781185051,41.9,1200000,0x0
1781185052,41.9,1200000,0x0
1781185054,41.9,1200000,0x0
1781185055,41.9,1200000,0x0
1781185056,41.9,1200000,0x0
1781185057,41.9,1200000,0x0
1781185058,41.9,1200000,0x0
1781185059,41.9,1200000,0x0
1781185060,41.9,1200000,0x0
1781185061,41.9,1200000,0x0
1781185062,41.3,1200000,0x0
1781185063,41.9,1200000,0x0
1781185065,41.9,1200000,0x0
1781185066,41.9,1200000,0x0
1781185067,41.9,1200000,0x0
1781185068,41.9,1200000,0x0
1781185069,41.9,1200000,0x0
1781185070,41.9,1200000,0x0
1781185071,41.9,1200000,0x0
1781185072,41.9,1200000,0x0
1781185073,41.3,1200000,0x0
1781185074,42.4,1200000,0x0
1781185076,41.9,1200000,0x0
1781185077,41.9,1200000,0x0
1781185078,41.9,1200000,0x0
1781185079,41.9,1200000,0x0
1781185080,40.8,1200000,0x0
1781185081,41.9,1200000,0x0
1781185082,41.9,1200000,0x0
1781185083,41.9,1200000,0x0
1781185084,41.3,1200000,0x0
1781185085,42.4,1200000,0x0
1781185087,41.9,1200000,0x0
1781185088,41.9,1200000,0x0
1781185089,41.9,1200000,0x0
1781185090,41.9,1200000,0x0
1781185091,41.9,1200000,0x0
1781185092,41.9,1200000,0x0
1781185093,41.9,1200000,0x0
1781185094,41.9,1200000,0x0
1781185095,41.9,1200000,0x0
1781185096,41.9,1200000,0x0
1781185098,41.9,1200000,0x0
1781185099,41.9,1200000,0x0
1781185100,41.9,1200000,0x0
1781185101,41.9,1200000,0x0
1781185102,41.9,1200000,0x0
1781185103,41.9,1200000,0x0
1781185104,41.9,1200000,0x0
1781185105,42.4,1200000,0x0
1781185106,41.9,1200000,0x0
1781185107,41.9,1200000,0x0
1781185109,41.3,1200000,0x0
1781185110,41.9,1200000,0x0
1781185111,41.9,1200000,0x0
1781185112,41.3,1200000,0x0
1781185113,41.9,1200000,0x0
1781185114,41.9,1200000,0x0
1781185115,41.9,1200000,0x0
1781185116,42.4,1200000,0x0
1781185117,41.9,1200000,0x0
1781185118,41.9,1200000,0x0
1781185120,41.9,1200000,0x0
1781185121,41.9,1200000,0x0
1781185122,41.3,1200000,0x0
1781185123,41.3,1200000,0x0
1781185124,41.3,1200000,0x0
1781185125,41.3,1200000,0x0
1781185126,41.9,1200000,0x0
1781185127,41.9,1200000,0x0
1781185128,41.9,1200000,0x0
1781185129,41.9,1200000,0x0
1781185131,41.9,1200000,0x0
1781185132,41.9,1200000,0x0
1781185133,41.9,1200000,0x0
1781185134,41.3,1200000,0x0
1781185135,41.9,1200000,0x0
1781185136,41.9,1200000,0x0
1781185137,41.3,1200000,0x0
1781185138,41.9,1200000,0x0
1781185139,41.9,1200000,0x0
1781185140,42.4,1200000,0x0
1781185142,41.9,1200000,0x0
1781185143,41.9,1200000,0x0
1781185144,41.9,1200000,0x0
1781185145,41.9,1200000,0x0
1781185146,41.9,1200000,0x0
1781185147,41.9,1200000,0x0
1781185148,41.9,1200000,0x0
1781185149,41.9,1200000,0x0
1781185150,41.9,1200000,0x0
1781185151,41.9,1200000,0x0
1781185153,41.9,1200000,0x0
1781185154,41.9,1200000,0x0
1781185155,41.3,1200000,0x0
1781185156,41.9,1200000,0x0
1781185157,41.9,1200000,0x0
1781185158,41.9,1200000,0x0
1781185159,41.9,1200000,0x0
1781185160,41.9,1200000,0x0
1781185161,41.9,1200000,0x0
1781185163,41.9,1200000,0x0
1781185164,41.9,1200000,0x0
1781185165,41.9,1200000,0x0
1781185166,41.3,1200000,0x0
1781185167,41.9,1200000,0x0
1781185168,41.9,1200000,0x0
1781185169,41.9,1200000,0x0
1781185170,41.9,1200000,0x0
1781185171,41.9,1200000,0x0
1781185172,41.9,1200000,0x0
1781185174,41.9,1200000,0x0
1781185175,41.9,1200000,0x0
1781185176,41.3,1200000,0x0
1781185177,41.9,1200000,0x0
1781185178,41.9,1200000,0x0
1781185179,41.9,1200000,0x0
1781185180,41.9,1200000,0x0
1781185181,41.3,1200000,0x0
1781185182,41.9,1200000,0x0
1781185183,41.9,1200000,0x0
1781185185,41.9,1200000,0x0
1781185186,41.9,1200000,0x0
1781185187,41.3,1200000,0x0
1781185188,41.9,1200000,0x0
1781185189,40.8,1200000,0x0
1781185190,41.9,1200000,0x0
1781185191,41.9,1200000,0x0
1781185192,41.9,1200000,0x0
1781185193,41.9,1200000,0x0
1781185194,41.9,1200000,0x0
1781185196,41.9,1200000,0x0
1781185197,41.9,1200000,0x0
1781185198,41.9,1200000,0x0
1781185199,41.9,1200000,0x0
1781185200,41.9,1200000,0x0
1781185201,41.9,1200000,0x0
1781185202,41.9,1200000,0x0
1781185203,41.9,1200000,0x0
1781185204,41.3,1200000,0x0
1781185205,41.9,1200000,0x0
1781185207,41.3,1200000,0x0
1781185208,41.3,1200000,0x0
1781185209,41.9,1200000,0x0
1781185210,42.4,1200000,0x0
1781185211,41.9,1200000,0x0
1781185212,41.9,1200000,0x0
1781185213,41.9,1200000,0x0
1781185214,41.3,1200000,0x0
1781185215,41.9,1200000,0x0
1781185216,41.9,1200000,0x0
1781185218,41.9,1200000,0x0
1781185219,41.9,1200000,0x0
1781185220,41.9,1200000,0x0
1781185221,41.9,1200000,0x0
1781185222,41.9,1200000,0x0
1781185223,41.9,1200000,0x0
1781185224,41.9,1200000,0x0
1781185225,40.8,1200000,0x0
1781185226,41.9,1200000,0x0
1781185227,41.9,1200000,0x0
1781185229,41.9,1200000,0x0
1781185230,41.9,1200000,0x0
1781185231,41.9,1200000,0x0
1781185232,41.9,1200000,0x0
1781185233,41.9,1200000,0x0
1781185234,41.9,1200000,0x0
1781185235,41.9,1200000,0x0
1781185236,41.9,1200000,0x0
1781185237,41.9,1200000,0x0
1781185238,41.9,1200000,0x0
1781185240,41.9,1200000,0x0
1781185241,41.3,1200000,0x0
1781185242,41.9,1200000,0x0
1781185243,41.9,1200000,0x0
1781185244,41.9,1200000,0x0
1781185245,41.3,1200000,0x0
1781185246,41.9,1200000,0x0
1781185247,41.3,1200000,0x0
1781185248,41.9,1200000,0x0
1781185249,41.9,1200000,0x0
1781185251,41.9,1200000,0x0
1781185252,41.9,1200000,0x0
1781185253,41.9,1200000,0x0
1781185254,41.9,1200000,0x0
1781185255,41.9,1200000,0x0
1781185256,41.9,1200000,0x0
1781185257,41.9,1200000,0x0
1781185258,41.9,1200000,0x0
1781185259,41.9,1200000,0x0
1781185260,41.9,1200000,0x0
1781185262,41.9,1200000,0x0
1781185263,41.9,1200000,0x0
1781185264,41.9,1200000,0x0
1781185265,41.9,1200000,0x0
1781185266,41.9,1200000,0x0
1781185267,41.9,1200000,0x0
1781185268,41.3,1200000,0x0
1781185269,41.9,1200000,0x0
1781185270,41.3,1200000,0x0
1781185271,41.9,1200000,0x0
1781185273,41.9,1200000,0x0
1781185274,41.3,1200000,0x0
1781185275,41.9,1200000,0x0
1781185276,41.3,1200000,0x0
1781185277,41.9,1200000,0x0
1781185278,41.9,1200000,0x0
1781185279,41.9,1200000,0x0
1781185280,41.9,1200000,0x0
1781185281,41.9,1200000,0x0
1781185283,41.9,1200000,0x0
1781185284,41.9,1200000,0x0
1781185285,41.9,1200000,0x0
1781185286,41.9,1200000,0x0
1781185287,41.9,1200000,0x0
1781185288,41.9,1200000,0x0
1781185289,41.9,1200000,0x0
1781185290,41.9,1200000,0x0
1781185291,41.9,1200000,0x0
1781185292,41.9,1200000,0x0
1781185294,41.9,1200000,0x0
1781185295,41.9,1200000,0x0
1781185296,41.9,1200000,0x0
1781185297,41.9,1200000,0x0
1781185298,41.9,1200000,0x0
1781185299,41.9,1200000,0x0
1781185300,42.4,1200000,0x0
1781185301,41.9,1200000,0x0
1781185302,41.9,1200000,0x0
1781185303,41.9,1200000,0x0
1781185305,41.9,1200000,0x0
1781185306,42.4,1200000,0x0
1781185307,42.4,1200000,0x0
1781185308,41.3,1200000,0x0
1781185309,41.9,1200000,0x0
1781185310,41.9,1200000,0x0
1781185311,41.9,1200000,0x0
1781185312,41.9,1200000,0x0
1781185313,42.4,1200000,0x0
1781185314,41.9,1200000,0x0
1781185316,41.9,1200000,0x0
1781185317,41.9,1200000,0x0
1781185318,42.4,1200000,0x0
1781185319,41.9,1200000,0x0
1781185320,41.9,1200000,0x0
1781185321,41.9,1200000,0x0
1781185322,41.9,1200000,0x0
1781185323,41.9,1200000,0x0
1781185324,41.9,1200000,0x0
1781185325,41.9,1200000,0x0
1781185327,41.9,1200000,0x0
1781185328,41.3,1200000,0x0
1781185329,41.9,1200000,0x0
1781185330,41.9,1200000,0x0
1781185331,41.9,1200000,0x0
1781185332,41.9,1200000,0x0
1781185333,41.9,1200000,0x0
1781185334,41.9,1200000,0x0
1781185335,41.9,1200000,0x0
1781185336,41.9,1200000,0x0
1781185338,41.3,1200000,0x0
1781185339,41.9,1200000,0x0
1781185340,41.9,1200000,0x0
1781185341,41.9,1200000,0x0
1781185342,41.9,1200000,0x0
1781185343,41.9,1200000,0x0
1781185344,41.9,1200000,0x0
1781185345,41.9,1200000,0x0
1781185346,41.9,1200000,0x0
1781185347,41.9,1200000,0x0
1781185349,40.8,1200000,0x0
1781185350,41.9,1200000,0x0
1781185351,41.9,1200000,0x0
1781185352,41.9,1200000,0x0
1781185353,41.9,1200000,0x0
1781185354,41.9,1200000,0x0
1781185355,41.9,1200000,0x0
1781185356,42.4,1200000,0x0
1781185357,41.9,1200000,0x0
1781185358,41.9,1200000,0x0
1781185360,41.9,1200000,0x0
1781185361,41.9,1200000,0x0
1781185362,41.9,1200000,0x0
1781185363,42.4,1200000,0x0
1781185364,42.4,1200000,0x0
1781185365,41.9,1200000,0x0
1781185366,42.4,1200000,0x0
1781185367,41.9,1200000,0x0
1781185368,41.9,1200000,0x0
1781185369,41.9,1200000,0x0
1781185371,41.9,1200000,0x0
1781185372,41.9,1200000,0x0
1781185373,41.3,1200000,0x0
1781185374,41.9,1200000,0x0
1781185375,41.9,1200000,0x0
1781185376,41.9,1200000,0x0
1781185377,41.9,1200000,0x0
1781185378,41.9,1200000,0x0
1781185379,41.9,1200000,0x0
1781185380,41.9,1200000,0x0
1781185382,41.9,1200000,0x0
1781185383,41.9,1200000,0x0
1781185384,41.3,1200000,0x0
1781185385,41.9,1200000,0x0
1781185386,41.9,1200000,0x0
1781185387,41.9,1200000,0x0
1781185388,42.4,1200000,0x0
1781185389,41.9,1200000,0x0
1781185390,41.9,1200000,0x0
1781185391,41.9,1200000,0x0
1781185393,42.4,1200000,0x0
1781185394,41.9,1200000,0x0
1781185395,41.9,1200000,0x0
1781185396,41.3,1200000,0x0
1781185397,41.9,1200000,0x0
1781185398,41.9,1200000,0x0
1781185399,41.9,1200000,0x0
1781185400,41.9,1200000,0x0
1781185401,41.9,1200000,0x0
1781185402,41.9,1200000,0x0
1781185404,42.4,1200000,0x0
1781185405,41.3,1200000,0x0
1781185406,41.9,1200000,0x0
1781185407,41.9,1200000,0x0
1781185408,42.4,1200000,0x0
1781185409,41.9,1200000,0x0
1781185410,41.3,1200000,0x0
1781185411,41.9,1200000,0x0
1781185412,41.9,1200000,0x0
1781185413,41.9,1200000,0x0
1781185415,41.9,1200000,0x0
1781185416,42.4,1200000,0x0
1781185417,40.8,1200000,0x0
1781185418,41.9,1200000,0x0
1781185419,41.9,1200000,0x0
1781185420,41.9,1200000,0x0
1781185421,41.9,1200000,0x0
1781185422,41.9,1200000,0x0
1781185423,41.9,1200000,0x0
1781185424,41.9,1200000,0x0
1781185426,41.9,1200000,0x0
1781185427,41.9,1200000,0x0
1781185428,41.9,1200000,0x0
1781185429,42.4,1200000,0x0
1781185430,41.9,1200000,0x0
1781185431,41.9,1200000,0x0
1781185432,41.9,1200000,0x0
1781185433,41.9,1200000,0x0
1781185434,41.9,1200000,0x0
1781185435,41.9,1200000,0x0
1781185437,41.9,1200000,0x0
1781185438,41.9,1200000,0x0
1781185439,41.9,1200000,0x0
1781185440,41.9,1200000,0x0
1781185441,41.9,1200000,0x0
1781185442,41.9,1200000,0x0
1781185443,41.9,1200000,0x0
1781185444,41.9,1200000,0x0
1781185445,41.9,1200000,0x0
1781185446,42.4,1200000,0x0
1781185448,41.9,1200000,0x0
1781185449,41.3,1200000,0x0
1781185450,41.3,1200000,0x0
1781185451,41.9,1200000,0x0
1781185452,41.9,1200000,0x0
1781185453,41.9,1200000,0x0
1781185454,41.9,1200000,0x0
1781185455,41.9,1200000,0x0
1781185456,41.9,1200000,0x0
1781185457,41.9,1200000,0x0
1781185459,41.3,1200000,0x0
1781185460,41.9,1200000,0x0
1781185461,41.9,1200000,0x0
1781185462,41.3,1200000,0x0
1781185463,41.9,1200000,0x0
1781185464,41.9,1200000,0x0
1781185465,41.9,1200000,0x0
1781185466,41.9,1200000,0x0
1781185467,41.3,1200000,0x0
1781185468,41.9,1200000,0x0
1781185470,41.3,1200000,0x0
1781185471,41.9,1200000,0x0
1781185472,41.9,1200000,0x0
1781185473,41.9,1200000,0x0
1781185474,41.9,1200000,0x0
1781185475,41.9,1200000,0x0
1781185476,41.9,1200000,0x0
1781185477,41.9,1200000,0x0
1781185478,41.3,1200000,0x0
1781185480,41.9,1200000,0x0
1781185481,41.3,1200000,0x0
1781185482,41.9,1200000,0x0
1781185483,41.9,1200000,0x0
1781185484,41.9,1200000,0x0
1781185485,41.9,1200000,0x0
1781185486,41.9,1200000,0x0
1781185487,41.9,1200000,0x0
1781185488,41.9,1200000,0x0
1781185489,41.3,1200000,0x0
1781185491,41.3,1200000,0x0
1781185492,41.9,1200000,0x0
1781185493,41.9,1200000,0x0
1781185494,41.9,1200000,0x0
1781185495,41.9,1200000,0x0
1781185496,41.9,1200000,0x0
1781185497,41.9,1200000,0x0
1781185498,41.9,1200000,0x0
1781185499,41.9,1200000,0x0
1781185500,41.9,1200000,0x0
1781185502,41.9,1200000,0x0
1781185503,42.4,1200000,0x0
1781185504,41.9,1200000,0x0
1781185505,41.9,1200000,0x0
1781185506,42.4,1200000,0x0
1781185507,41.9,1200000,0x0
1781185508,41.9,1200000,0x0
1781185509,41.9,1200000,0x0
1781185510,41.9,1200000,0x0
1781185511,41.9,1200000,0x0
1781185513,42.4,1200000,0x0
1781185514,41.9,1200000,0x0
1781185515,41.9,1200000,0x0
1781185516,41.9,1200000,0x0
1781185517,41.9,1200000,0x0
1781185518,41.9,1200000,0x0
1781185519,41.9,1200000,0x0
1781185520,41.3,1200000,0x0
1781185521,41.9,1200000,0x0
1781185522,41.3,1200000,0x0
1781185524,41.9,1200000,0x0
1781185525,41.9,1200000,0x0
1781185526,41.9,1200000,0x0
1781185527,41.9,1200000,0x0
1781185528,42.4,1200000,0x0
1781185529,41.9,1200000,0x0
1781185530,41.9,1200000,0x0
1781185531,41.9,1200000,0x0
1781185532,41.9,1200000,0x0
1781185533,41.9,1200000,0x0
1781185535,41.9,1200000,0x0
1781185536,41.9,1200000,0x0
1781185537,41.9,1200000,0x0
1781185538,41.9,1200000,0x0
1781185539,41.9,1200000,0x0
1781185540,41.9,1200000,0x0
1781185541,41.9,1200000,0x0
1781185542,41.9,1200000,0x0
1781185543,41.9,1200000,0x0
1781185544,41.9,1200000,0x0
1781185546,41.9,1200000,0x0
1781185547,41.9,1200000,0x0
1781185548,41.9,1200000,0x0
1781185549,41.9,1200000,0x0
1781185550,41.9,1200000,0x0
1781185551,41.9,1200000,0x0
1781185552,41.9,1200000,0x0
1781185553,41.9,1200000,0x0
1781185554,41.9,1200000,0x0
1781185555,41.9,1200000,0x0
1781185557,41.9,1200000,0x0
1781185558,41.9,1200000,0x0
1781185559,41.9,1200000,0x0
1781185560,41.9,1200000,0x0
1781185561,41.9,1200000,0x0
1781185562,41.9,1200000,0x0
1781185563,41.9,1200000,0x0
1781185564,41.9,1200000,0x0
1781185565,41.9,1200000,0x0
1781185566,41.9,1200000,0x0
1781185568,41.9,1200000,0x0
1781185569,41.9,1200000,0x0
1781185570,41.9,1200000,0x0
1781185571,41.9,1200000,0x0
1781185572,41.9,1200000,0x0
1781185573,41.9,1200000,0x0
1781185574,41.9,1200000,0x0
1781185575,41.9,1200000,0x0
1781185576,41.9,1200000,0x0
1781185577,41.9,1200000,0x0
1781185579,41.9,1200000,0x0
1781185580,41.9,1200000,0x0
1781185581,41.3,1200000,0x0
1781185582,41.9,1200000,0x0
1781185583,41.9,1200000,0x0
1781185584,41.9,1200000,0x0
1781185585,41.3,1200000,0x0
1781185586,41.3,1200000,0x0
1781185587,41.9,1200000,0x0
1781185588,41.9,1200000,0x0
1781185590,41.9,1200000,0x0
1781185591,41.9,1200000,0x0
1781185592,41.9,1200000,0x0
1781185593,41.9,1200000,0x0
1781185594,41.9,1200000,0x0
1781185595,41.9,1200000,0x0
1781185596,41.9,1200000,0x0
1781185597,41.9,1200000,0x0
1781185598,41.9,1200000,0x0
1781185599,41.9,1200000,0x0
1781185601,41.9,1200000,0x0
1781185602,41.9,1200000,0x0
1781185603,41.9,1200000,0x0
1781185604,41.9,1200000,0x0
1781185605,41.9,1200000,0x0
1781185606,41.9,1200000,0x0
1781185607,41.9,1200000,0x0
1781185608,41.9,1200000,0x0
1781185609,41.9,1200000,0x0
1781185610,41.9,1200000,0x0
1781185612,41.3,1200000,0x0
1781185613,41.9,1200000,0x0
1781185614,41.9,1200000,0x0
1781185615,41.3,1200000,0x0
1781185616,41.9,1200000,0x0
1781185617,41.9,1200000,0x0
1781185618,41.3,1200000,0x0
1781185619,41.9,1200000,0x0
1781185620,41.3,1200000,0x0
1781185621,41.9,1200000,0x0
1781185623,41.9,1200000,0x0
1781185624,41.3,1200000,0x0
1781185625,41.9,1200000,0x0
1781185626,41.9,1200000,0x0
1781185627,41.9,1200000,0x0
1781185628,41.9,1200000,0x0
1781185629,41.9,1200000,0x0
1781185630,41.9,1200000,0x0
1781185631,41.9,1200000,0x0
1781185632,41.3,1200000,0x0
1781185634,41.9,1200000,0x0
1781185635,41.9,1200000,0x0
1781185636,41.9,1200000,0x0
1781185637,41.9,1200000,0x0
1781185638,41.9,1200000,0x0
1781185639,41.9,1200000,0x0
1781185640,42.4,1200000,0x0
1781185641,41.9,1200000,0x0
1781185642,41.9,1200000,0x0
1781185643,41.9,1200000,0x0
1781185645,41.3,1200000,0x0
1781185646,41.9,1200000,0x0
1781185647,41.9,1200000,0x0
1781185648,41.9,1200000,0x0
1781185649,41.9,1200000,0x0
1781185650,41.9,1200000,0x0
1781185651,41.9,1200000,0x0
1781185652,41.9,1200000,0x0
1781185653,41.9,1200000,0x0
1781185654,41.9,1200000,0x0
1781185656,41.9,1200000,0x0
1781185657,41.9,1200000,0x0
1781185658,42.4,1200000,0x0
1781185659,41.9,1200000,0x0
1781185660,41.9,1200000,0x0
1781185661,41.9,1200000,0x0
1781185662,42.4,1200000,0x0
1781185663,41.9,1200000,0x0
1781185664,41.9,1200000,0x0
1781185665,41.9,1200000,0x0
1781185667,41.9,1200000,0x0
1781185668,41.9,1200000,0x0
1781185669,41.9,1200000,0x0
1781185670,41.3,1200000,0x0
1781185671,41.9,1200000,0x0
1781185672,41.9,1200000,0x0
1781185673,41.9,1200000,0x0
1781185674,41.9,1200000,0x0
1781185675,41.9,1200000,0x0
1781185677,41.9,1200000,0x0
1781185678,41.9,1200000,0x0
1781185679,41.9,1200000,0x0
1781185680,42.4,1200000,0x0
1781185681,41.9,1200000,0x0
1781185682,41.9,1200000,0x0
1781185683,41.9,1200000,0x0
1781185684,41.9,1200000,0x0
1781185685,41.9,1200000,0x0
1781185686,41.9,1200000,0x0
1781185688,41.9,1200000,0x0
1781185689,42.4,1200000,0x0
1781185690,41.9,1200000,0x0
1781185691,41.9,1200000,0x0
1781185692,41.9,1200000,0x0
1781185693,41.9,1200000,0x0
1781185694,41.9,1200000,0x0
1781185695,41.3,1200000,0x0
1781185696,41.9,1200000,0x0
1781185697,41.3,1200000,0x0
1781185699,41.9,1200000,0x0
1781185700,41.9,1200000,0x0
1781185701,41.9,1200000,0x0
1781185702,41.3,1200000,0x0
1781185703,41.9,1200000,0x0
1781185704,41.3,1200000,0x0
1781185705,41.9,1200000,0x0
1781185706,41.9,1200000,0x0
1781185707,41.9,1200000,0x0
1781185708,41.9,1200000,0x0
1781185710,41.9,1200000,0x0
1781185711,41.9,1200000,0x0
1781185712,41.9,1200000,0x0
1781185713,41.9,1200000,0x0
1781185714,41.9,1200000,0x0
1781185715,42.4,1200000,0x0
1781185716,41.9,1200000,0x0
1781185717,41.9,1200000,0x0
1781185718,41.9,1200000,0x0
1781185719,41.3,1200000,0x0
1781185721,41.9,1200000,0x0
1781185722,41.9,1200000,0x0
1781185723,41.9,1200000,0x0
1781185724,41.9,1200000,0x0
1781185725,41.9,1200000,0x0
1781185726,41.9,1200000,0x0
1781185727,41.9,1200000,0x0
1781185728,42.4,1200000,0x0
1781185729,41.9,1200000,0x0
1781185730,41.9,1200000,0x0
1781185732,41.3,1200000,0x0
1781185733,41.9,1200000,0x0
1781185734,41.3,1200000,0x0
1781185735,41.9,1200000,0x0
1781185736,41.9,1200000,0x0
1781185737,41.3,1200000,0x0
1781185738,41.3,1200000,0x0
1781185739,41.9,1200000,0x0
1781185740,41.3,1200000,0x0
1781185741,41.9,1200000,0x0
1781185743,41.9,1200000,0x0
1781185744,41.9,1200000,0x0
1781185745,42.4,1200000,0x0
1781185746,41.3,1200000,0x0
1781185747,41.3,1200000,0x0
1781185748,41.9,1200000,0x0
1781185749,41.9,1200000,0x0
1781185750,41.9,1200000,0x0
1781185751,41.3,1200000,0x0
1781185752,41.9,1200000,0x0
1781185754,41.9,1200000,0x0
1781185755,41.9,1200000,0x0
1781185756,41.3,1200000,0x0
1781185757,41.9,1200000,0x0
1781185758,41.9,1200000,0x0
1781185759,41.9,1200000,0x0
1781185760,41.9,1200000,0x0
1781185761,42.4,1200000,0x0
1781185762,41.3,1200000,0x0
1781185763,41.9,1200000,0x0
1781185765,41.9,1200000,0x0
1781185766,41.9,1200000,0x0
1781185767,41.9,1200000,0x0
1781185768,41.9,1200000,0x0
1781185769,41.9,1200000,0x0
1781185770,41.9,1200000,0x0
1781185771,41.9,1200000,0x0
1781185772,41.9,1200000,0x0
1781185773,41.9,1200000,0x0
1781185774,42.4,1200000,0x0
1781185776,41.9,1200000,0x0
1781185777,41.3,1200000,0x0
1781185778,41.9,1200000,0x0
1781185779,41.9,1200000,0x0
1781185780,41.9,1200000,0x0
1781185781,41.9,1200000,0x0
1781185782,41.9,1200000,0x0
1781185783,41.9,1200000,0x0
1781185784,41.9,1200000,0x0
1781185785,41.9,1200000,0x0
1781185787,41.9,1200000,0x0
1781185788,41.9,1200000,0x0
1781185789,41.9,1200000,0x0
1781185790,41.9,1200000,0x0
1781185791,41.3,1200000,0x0
1781185792,41.9,1200000,0x0
1781185793,41.9,1200000,0x0
1781185794,41.3,1200000,0x0
1781185795,42.4,1200000,0x0
1781185796,41.3,1200000,0x0
1781185798,41.9,1200000,0x0
1781185799,41.3,1200000,0x0
1781185800,41.9,1200000,0x0
1781185801,41.9,1200000,0x0
1781185802,41.9,1200000,0x0
1781185803,41.3,1200000,0x0
1781185804,41.9,1200000,0x0
1781185805,41.9,1200000,0x0
1781185806,41.9,1200000,0x0
1781185807,41.9,1200000,0x0
1781185809,41.9,1200000,0x0
1781185810,41.3,1200000,0x0
1781185811,42.4,1200000,0x0
1781185812,41.9,1200000,0x0
1781185813,41.9,1200000,0x0
1781185814,41.9,1200000,0x0
1781185815,41.9,1200000,0x0
1781185816,41.3,1200000,0x0
1781185817,41.9,1200000,0x0
1781185818,41.9,1200000,0x0
1781185820,41.3,1200000,0x0
1781185821,41.3,1200000,0x0
1781185822,41.9,1200000,0x0
1781185823,41.9,1200000,0x0
1781185824,41.9,1200000,0x0
1781185825,41.9,1200000,0x0
1781185826,41.9,1200000,0x0
1781185827,41.9,1200000,0x0
1781185828,41.9,1200000,0x0
1781185829,41.9,1200000,0x0
1781185831,41.9,1200000,0x0
1781185832,41.9,1200000,0x0
1781185833,41.9,1200000,0x0
1781185834,41.9,1200000,0x0
1781185835,42.4,1200000,0x0
1781185836,41.9,1200000,0x0
1781185837,41.9,1200000,0x0
1781185838,41.9,1200000,0x0
1781185839,41.9,1200000,0x0
1781185840,41.9,1200000,0x0
1781185842,41.9,1200000,0x0
1781185843,41.9,1200000,0x0
1781185844,41.9,1200000,0x0
1781185845,41.3,1200000,0x0
1781185846,41.9,1200000,0x0
1781185847,41.3,1200000,0x0
1781185848,41.9,1200000,0x0
1781185849,41.9,1200000,0x0
1781185850,41.9,1200000,0x0
1781185851,41.9,1200000,0x0
1781185853,41.3,1200000,0x0
1781185854,41.9,1200000,0x0
1781185855,41.9,1200000,0x0
1781185856,41.9,1200000,0x0
1781185857,41.9,1200000,0x0
1781185858,41.9,1200000,0x0
1781185859,41.9,1200000,0x0
1781185860,41.9,1200000,0x0
1781185861,41.3,1200000,0x0
1781185862,40.8,1200000,0x0
1781185864,41.3,1200000,0x0
1781185865,40.8,1200000,0x0
1781185866,40.8,1200000,0x0
1781185867,40.8,1200000,0x0
1781185868,40.8,1200000,0x0
1781185869,40.8,1200000,0x0
1781185870,40.8,1200000,0x0
1781185871,40.8,1200000,0x0
1781185872,40.8,1200000,0x0
1781185873,40.8,1200000,0x0
1781185874,40.2,1200000,0x0
1781185875,40.8,1200000,0x0
1781185876,40.8,1200000,0x0
1781185878,40.8,1200000,0x0
1781185879,40.8,1200000,0x0
1781185880,40.2,1200000,0x0
1781185881,40.2,1200000,0x0
1781185882,39.7,1200000,0x0
1781185883,40.8,1200000,0x0
1781185884,40.8,1200000,0x0
1781185885,40.8,1200000,0x0
1781185886,40.8,1200000,0x0
1781185887,40.8,1200000,0x0
1781185888,40.8,1200000,0x0
1781185889,39.7,1200000,0x0
1781185891,39.7,1200000,0x0
1781185892,40.2,1200000,0x0
1781185893,39.7,1200000,0x0
1781185894,40.2,1200000,0x0
1781185895,39.7,1200000,0x0
1781185896,40.2,1200000,0x0
1781185897,39.7,1200000,0x0
1781185898,39.7,1200000,0x0
1781185899,39.7,1200000,0x0
1781185900,40.2,1200000,0x0
1781185901,39.7,1200000,0x0
1781185902,40.2,1200000,0x0
1781185903,39.7,1200000,0x0
1781185905,40.2,1200000,0x0
1781185906,39.7,1200000,0x0
1781185907,39.7,1200000,0x0
1781185908,40.8,1200000,0x0
1781185909,39.7,1200000,0x0
1781185910,40.2,1200000,0x0
1781185911,39.7,1200000,0x0
1781185912,39.7,1200000,0x0
1781185913,40.2,1200000,0x0
1781185914,40.2,1200000,0x0
1781185915,39.7,1200000,0x0
1781185916,40.2,1200000,0x0
1781185918,39.7,1200000,0x0
1781185919,39.7,1200000,0x0
1781185920,39.7,1200000,0x0
1781185921,39.7,1200000,0x0
1781185922,39.7,1200000,0x0
1781185923,39.7,1200000,0x0
1781185924,39.7,1200000,0x0
1781185925,40.2,1200000,0x0
1781185926,39.7,1200000,0x0
1781185927,39.7,1200000,0x0
1781185928,39.7,1200000,0x0
1781185929,39.7,1200000,0x0
1781185931,39.7,1200000,0x0
1781185932,39.7,1200000,0x0
1781185933,40.2,1200000,0x0
1781185934,40.2,1200000,0x0
1781185935,39.2,1200000,0x0
1781185936,39.7,1200000,0x0
1781185937,40.2,1200000,0x0
1781185938,39.7,1200000,0x0
1781185939,39.7,1200000,0x0
1781185940,40.2,1200000,0x0
1781185941,39.7,1200000,0x0
1781185942,39.7,1200000,0x0
1781185943,40.2,1200000,0x0
1781185945,39.7,1200000,0x0
1781185946,39.7,1200000,0x0
1781185947,39.7,1200000,0x0
1781185948,39.7,1200000,0x0
1781185949,39.7,1200000,0x0
1781185950,39.7,1200000,0x0
1781185951,39.7,1200000,0x0
1781185952,39.7,1200000,0x0
1781185953,39.7,1200000,0x0
1781185954,39.7,1200000,0x0
1781185955,39.7,1200000,0x0
1781185956,39.2,1200000,0x0
1781185958,39.7,1200000,0x0
1781185959,39.7,1200000,0x0
1781185960,39.7,1200000,0x0
1781185961,39.7,1200000,0x0
1781185962,39.7,1200000,0x0
1781185963,39.7,1200000,0x0
1781185964,39.7,1200000,0x0
1781185965,39.7,1200000,0x0
1781185966,39.7,1200000,0x0
1781185967,39.7,1200000,0x0
1781185968,39.7,1200000,0x0
1781185969,39.7,1200000,0x0
1781185970,39.7,1200000,0x0
1781185972,39.7,1200000,0x0
1781185973,39.2,1200000,0x0
1781185974,39.7,1200000,0x0
1781185975,39.7,1200000,0x0
1781185976,39.7,1200000,0x0
1781185977,39.7,1200000,0x0
1781185978,39.7,1200000,0x0
1781185979,39.7,1200000,0x0
1781185980,39.7,1200000,0x0
1781185981,39.7,1200000,0x0
1781185982,39.2,1200000,0x0
1781185983,39.2,1200000,0x0
1781185985,39.7,1200000,0x0
1781185986,39.7,1200000,0x0
1781185987,39.7,1200000,0x0
1781185988,39.7,1200000,0x0
1781185989,39.7,1200000,0x0
1781185990,39.7,1200000,0x0
1781185991,39.2,1200000,0x0
1781185992,39.2,1200000,0x0
1781185993,39.7,1200000,0x0
1781185994,39.7,1200000,0x0
1781185995,39.7,1200000,0x0
1781185996,39.7,1200000,0x0
1781185997,39.7,1200000,0x0
1781185999,39.7,1200000,0x0
1781186000,39.7,1200000,0x0
1781186001,39.7,1200000,0x0
1781186002,39.7,1200000,0x0
1781186003,39.7,1200000,0x0
1781186004,39.7,1200000,0x0
1781186005,39.7,1200000,0x0
1781186006,39.7,1200000,0x0
1781186007,39.7,1200000,0x0
1781186008,39.7,1200000,0x0
1781186009,39.7,1200000,0x0
1781186010,39.7,1200000,0x0
1781186012,39.7,1200000,0x0
1781186013,39.2,1200000,0x0
1781186014,39.2,1200000,0x0
1781186015,39.7,1200000,0x0
1781186016,39.7,1200000,0x0
1781186017,39.7,1200000,0x0
1781186018,39.2,1200000,0x0
1781186019,39.7,1200000,0x0
1781186020,39.2,1200000,0x0
1781186021,39.7,1200000,0x0
1781186022,39.7,1200000,0x0
1781186023,39.7,1200000,0x0
1781186024,39.7,1200000,0x0
1781186026,39.7,1200000,0x0
1781186027,39.7,1200000,0x0
1781186028,39.7,1200000,0x0
1781186029,39.7,1200000,0x0
1781186030,39.7,1200000,0x0
1781186031,39.7,1200000,0x0
1781186032,39.7,1200000,0x0
1781186033,39.2,1200000,0x0
1781186034,39.7,1200000,0x0
1781186035,39.7,1200000,0x0
1781186036,39.7,1200000,0x0
1781186037,39.7,1200000,0x0
1781186039,39.7,1200000,0x0
1781186040,39.7,1200000,0x0
1781186041,39.2,1200000,0x0
1781186042,39.7,1200000,0x0
1781186043,39.7,1200000,0x0
1781186044,39.7,1200000,0x0
1781186045,39.7,1200000,0x0
1781186046,39.2,1200000,0x0
1781186047,39.7,1200000,0x0
1781186048,39.7,1200000,0x0
1781186049,39.7,1200000,0x0
1781186050,39.2,1200000,0x0
1781186051,39.7,1200000,0x0
1781186053,39.7,1200000,0x0
1781186054,39.7,1200000,0x0
1781186055,39.2,1200000,0x0
1781186056,39.7,1200000,0x0
1781186057,39.7,1200000,0x0
1781186058,39.7,1200000,0x0
1781186059,39.7,1200000,0x0
1781186060,39.7,1200000,0x0
1781186061,39.7,1200000,0x0
1781186062,39.2,1200000,0x0
1781186063,39.7,1200000,0x0
1781186064,39.7,1200000,0x0
1781186066,39.7,1200000,0x0
1781186067,39.7,1200000,0x0
1781186068,39.7,1200000,0x0
1781186069,39.7,1200000,0x0
1781186070,39.7,1200000,0x0
1781186071,39.2,1200000,0x0
1781186072,39.7,1200000,0x0
1781186073,39.7,1200000,0x0
1781186074,39.7,1200000,0x0
1781186075,39.7,1200000,0x0
1781186076,39.2,1200000,0x0
1781186077,39.7,1200000,0x0
1781186078,39.2,1200000,0x0
1781186080,39.7,1200000,0x0
1781186081,39.7,1200000,0x0
1781186082,39.7,1200000,0x0
1781186083,39.2,1200000,0x0
1781186084,39.7,1200000,0x0
1781186085,39.7,1200000,0x0
1781186086,39.7,1200000,0x0
1781186087,39.7,1200000,0x0
1781186088,39.7,1200000,0x0
1781186089,39.2,1200000,0x0
1781186090,39.2,1200000,0x0
1781186091,39.2,1200000,0x0
1781186093,39.2,1200000,0x0
1781186094,39.7,1200000,0x0
1781186095,39.7,1200000,0x0
1781186096,39.7,1200000,0x0
1781186097,39.7,1200000,0x0
1781186098,39.2,1200000,0x0
1781186099,39.7,1200000,0x0
1781186100,39.7,1200000,0x0
1781186101,39.7,1200000,0x0
1781186102,39.7,1200000,0x0
1781186103,39.2,1200000,0x0
1781186104,39.7,1200000,0x0
1781186105,39.7,1200000,0x0
1781186107,39.7,1200000,0x0
1781186108,39.7,1200000,0x0
1781186109,39.7,1200000,0x0
1781186110,39.7,1200000,0x0
1781186111,39.7,1200000,0x0
1781186112,39.7,1200000,0x0
1781186113,39.2,1200000,0x0
1781186114,39.7,1200000,0x0
1781186115,39.2,1200000,0x0
1781186116,39.2,1200000,0x0
1781186117,39.7,1200000,0x0
1781186118,39.7,1200000,0x0
1781186120,39.7,1200000,0x0
1781186121,39.7,1200000,0x0
1781186122,40.2,1200000,0x0
1781186123,39.2,1200000,0x0
1781186124,39.7,1200000,0x0
1781186125,39.7,1200000,0x0
1781186126,39.7,1200000,0x0
1781186127,39.7,1200000,0x0
1781186128,39.2,1200000,0x0
1781186129,39.2,1200000,0x0
1781186130,39.2,1200000,0x0
1781186131,39.2,1200000,0x0
1781186133,39.2,1200000,0x0
1781186134,39.7,1200000,0x0
1781186135,39.7,1200000,0x0
1781186136,39.2,1200000,0x0
1781186137,39.7,1200000,0x0
1781186138,39.7,1200000,0x0
1781186139,39.7,1200000,0x0
1781186140,39.7,1200000,0x0
1781186141,39.7,1200000,0x0
1781186142,39.7,1200000,0x0
1781186143,39.7,1200000,0x0
1781186144,39.7,1200000,0x0
1781186145,39.7,1200000,0x0
1781186147,39.7,1200000,0x0
1781186148,39.7,1200000,0x0
1781186149,39.7,1200000,0x0
1781186150,39.7,1200000,0x0
1781186151,39.2,1200000,0x0
1781186152,39.7,1200000,0x0
1781186153,39.2,1200000,0x0
1781186154,39.7,1200000,0x0
1781186155,39.7,1200000,0x0
1781186156,39.7,1200000,0x0
1781186157,39.7,1200000,0x0
1781186158,39.7,1200000,0x0
1781186160,39.7,1200000,0x0
1781186161,39.7,1200000,0x0
1781186162,39.2,1200000,0x0
1781186163,39.7,1200000,0x0
1781186164,39.7,1200000,0x0
1781186165,39.7,1200000,0x0
1781186166,39.7,1200000,0x0
1781186167,39.7,1200000,0x0
1781186168,39.7,1200000,0x0
1781186169,39.7,1200000,0x0
1781186170,39.7,1200000,0x0
1781186171,39.7,1200000,0x0
1781186172,39.7,1200000,0x0
1781186174,40.2,1200000,0x0
1781186175,39.7,1200000,0x0
1781186176,39.7,1200000,0x0
1781186177,39.7,1200000,0x0
1781186178,39.7,1200000,0x0
1781186179,39.2,1200000,0x0
1781186180,39.7,1200000,0x0
1781186181,39.2,1200000,0x0
1781186182,39.7,1200000,0x0
1781186183,39.7,1200000,0x0
1781186184,39.7,1200000,0x0
1781186185,39.2,1200000,0x0
1781186187,39.7,1200000,0x0
1781186188,40.2,1200000,0x0
1781186189,39.7,1200000,0x0
1781186190,39.7,1200000,0x0
1781186191,39.7,1200000,0x0
1781186192,39.7,1200000,0x0
1781186193,39.7,1200000,0x0
1781186194,39.7,1200000,0x0
1781186195,39.2,1200000,0x0
1781186196,39.2,1200000,0x0
1781186197,39.2,1200000,0x0
1781186198,39.7,1200000,0x0
1781186199,39.7,1200000,0x0
1781186201,39.7,1200000,0x0
1781186202,39.2,1200000,0x0
1781186203,39.7,1200000,0x0
1781186204,39.7,1200000,0x0
1781186205,39.7,1200000,0x0
1781186206,39.7,1200000,0x0
1781186207,39.7,1200000,0x0
1781186208,39.7,1200000,0x0
1781186209,39.7,1200000,0x0
1781186210,39.7,1200000,0x0
1781186211,39.7,1200000,0x0
1781186212,39.7,1200000,0x0
1781186214,39.7,1200000,0x0
1781186215,39.7,1200000,0x0
1781186216,39.7,1200000,0x0
1781186217,39.7,1200000,0x0
1781186218,39.7,1200000,0x0
1781186219,39.7,1200000,0x0
1781186220,39.2,1200000,0x0
1781186221,39.7,1200000,0x0
1781186222,39.7,1200000,0x0
1781186223,39.7,1200000,0x0
1781186224,39.7,1200000,0x0
1781186225,39.7,1200000,0x0
1781186226,39.7,1200000,0x0
1781186228,39.7,1200000,0x0
1781186229,39.7,1200000,0x0
1781186230,39.2,1200000,0x0
1781186231,39.7,1200000,0x0
1781186232,39.7,1200000,0x0
1781186233,39.7,1200000,0x0
1781186234,39.7,1200000,0x0
1781186235,39.7,1200000,0x0
1781186236,39.2,1200000,0x0
1781186237,39.7,1200000,0x0
1781186238,39.7,1200000,0x0
1781186239,39.7,1200000,0x0
1781186241,39.7,1200000,0x0
1781186242,39.2,1200000,0x0
1781186243,39.7,1200000,0x0
1781186244,39.2,1200000,0x0
1781186245,39.7,1200000,0x0
1781186246,39.7,1200000,0x0
1781186247,39.2,1200000,0x0
1781186248,39.7,1200000,0x0
1781186249,39.2,1200000,0x0
1781186250,39.7,1200000,0x0
1781186251,39.2,1200000,0x0
1781186252,39.2,1200000,0x0
1781186254,39.7,1200000,0x0
1781186255,39.7,1200000,0x0
1781186256,39.2,1200000,0x0
1781186257,39.7,1200000,0x0
1781186258,39.7,1200000,0x0
1781186259,39.7,1200000,0x0
1781186260,39.2,1200000,0x0
1781186261,39.7,1200000,0x0
1781186262,39.7,1200000,0x0
1781186263,39.2,1200000,0x0
1781186264,39.7,1200000,0x0
1781186265,39.7,1200000,0x0
1781186266,39.7,1200000,0x0
1781186268,39.2,1200000,0x0
1781186269,39.7,1200000,0x0
1781186270,39.7,1200000,0x0
1781186271,39.7,1200000,0x0
1781186272,39.7,1200000,0x0
1781186273,39.7,1200000,0x0
1781186274,39.7,1200000,0x0
1781186275,39.7,1200000,0x0
1781186276,39.7,1200000,0x0
1781186277,39.2,1200000,0x0
1781186278,39.7,1200000,0x0
1781186279,39.7,1200000,0x0
1781186281,39.7,1200000,0x0
1781186282,39.7,1200000,0x0
1781186283,39.7,1200000,0x0
1781186284,39.7,1200000,0x0
1781186285,39.7,1200000,0x0
1781186286,39.7,1200000,0x0
1781186287,39.7,1200000,0x0
1781186288,39.7,1200000,0x0
1781186289,39.7,1200000,0x0
1781186290,39.2,1200000,0x0
1781186291,39.7,1200000,0x0
1781186292,39.7,1200000,0x0
1781186293,39.7,1200000,0x0
1781186295,39.7,1200000,0x0
1781186296,39.7,1200000,0x0
1781186297,39.7,1200000,0x0
1781186298,39.2,1200000,0x0
1781186299,39.7,1200000,0x0
1781186300,39.7,1200000,0x0
1781186301,39.2,1200000,0x0
1781186302,39.2,1200000,0x0
1781186303,39.7,1200000,0x0
1781186304,39.2,1200000,0x0
1781186305,39.7,1200000,0x0
1781186306,39.7,1200000,0x0
1781186308,39.7,1200000,0x0
1781186309,39.2,1200000,0x0
1781186310,39.2,1200000,0x0
1781186311,39.7,1200000,0x0
1781186312,39.7,1200000,0x0
1781186313,39.7,1200000,0x0
1781186314,39.7,1200000,0x0
1781186315,39.7,1200000,0x0
1781186316,39.7,1200000,0x0
1781186317,39.2,1200000,0x0
1781186318,39.7,1200000,0x0
1781186319,39.7,1200000,0x0
1781186320,39.7,1200000,0x0
1781186322,39.7,1200000,0x0
1781186323,39.7,1200000,0x0
1781186324,39.7,1200000,0x0
1781186325,39.7,1200000,0x0
1781186326,39.7,1200000,0x0
1781186327,39.7,1200000,0x0
1781186328,39.7,1200000,0x0
1781186329,39.7,1200000,0x0
1781186330,39.7,1200000,0x0
1781186331,39.7,1200000,0x0
1781186332,39.7,1200000,0x0
1781186333,39.7,1200000,0x0
1781186335,39.7,1200000,0x0
1781186336,39.7,1200000,0x0
1781186337,39.7,1200000,0x0
1781186338,39.7,1200000,0x0
1781186339,39.7,1200000,0x0
1781186340,39.7,1200000,0x0
1781186341,39.7,1200000,0x0
1781186342,39.2,1200000,0x0
1781186343,39.7,1200000,0x0
1781186344,39.2,1200000,0x0
1781186345,39.7,1200000,0x0
1781186346,39.7,1200000,0x0
1781186347,39.2,1200000,0x0
1781186349,39.2,1200000,0x0
1781186350,39.7,1200000,0x0
1781186351,39.7,1200000,0x0
1781186352,39.7,1200000,0x0
1781186353,39.7,1200000,0x0
1781186354,39.7,1200000,0x0
1781186355,38.6,1200000,0x0
1781186356,39.2,1200000,0x0
1781186357,39.7,1200000,0x0
1781186358,39.7,1200000,0x0
1781186359,39.2,1200000,0x0
1781186360,40.2,1200000,0x0
1781186362,39.7,1200000,0x0
1781186363,39.7,1200000,0x0
1781186364,40.2,1200000,0x0
1781186365,39.7,1200000,0x0
1781186366,39.7,1200000,0x0
1781186367,39.7,1200000,0x0
1781186368,40.2,1200000,0x0
1781186369,39.7,1200000,0x0
1781186370,39.7,1200000,0x0
1781186371,39.7,1200000,0x0
1781186372,39.7,1200000,0x0
1781186373,39.7,1200000,0x0
1781186374,39.7,1200000,0x0
1781186376,39.7,1200000,0x0
1781186377,39.7,1200000,0x0
1781186378,39.7,1200000,0x0
1781186379,39.7,1200000,0x0
1781186380,39.7,1200000,0x0
1781186381,39.7,1200000,0x0
1781186382,39.7,1200000,0x0
1781186383,39.7,1200000,0x0
1781186384,39.7,1200000,0x0
1781186385,39.7,1200000,0x0
1781186386,39.7,1200000,0x0
1781186387,39.7,1200000,0x0
1781186389,39.7,1200000,0x0
1781186390,39.7,1200000,0x0
1781186391,39.2,1200000,0x0
1781186392,39.7,1200000,0x0
1781186393,39.7,1200000,0x0
1781186394,39.7,1200000,0x0
1781186395,39.7,1200000,0x0
1781186396,39.7,1200000,0x0
1781186397,39.7,1200000,0x0
1781186398,39.2,1200000,0x0
1781186399,39.7,1200000,0x0
1781186400,39.7,1200000,0x0
1781186401,39.7,1200000,0x0
1781186403,39.7,1200000,0x0
1781186404,39.7,1200000,0x0
1781186405,39.7,1200000,0x0
1781186406,39.2,1200000,0x0
1781186407,39.7,1200000,0x0
1781186408,39.7,1200000,0x0
1781186409,39.7,1200000,0x0
1781186410,39.7,1200000,0x0
1781186411,39.7,1200000,0x0
1781186412,39.7,1200000,0x0
1781186413,39.7,1200000,0x0
1781186414,39.7,1200000,0x0
1781186416,39.7,1200000,0x0
1781186417,39.2,1200000,0x0
1781186418,39.7,1200000,0x0
1781186419,39.7,1200000,0x0
1781186420,39.7,1200000,0x0
1781186421,39.7,1200000,0x0
1781186422,39.2,1200000,0x0
1781186423,39.7,1200000,0x0
1781186424,39.7,1200000,0x0
1781186425,39.7,1200000,0x0
1781186426,39.7,1200000,0x0
1781186427,39.7,1200000,0x0
1781186429,39.7,1200000,0x0
1781186430,39.7,1200000,0x0
1781186431,39.7,1200000,0x0
1781186432,39.7,1200000,0x0
1781186433,39.7,1200000,0x0
1781186434,39.2,1200000,0x0
1781186435,39.7,1200000,0x0
1781186436,39.7,1200000,0x0
1781186437,39.7,1200000,0x0
1781186438,39.7,1200000,0x0
1781186439,39.7,1200000,0x0
1781186440,39.7,1200000,0x0
1781186441,39.7,1200000,0x0
1781186443,39.7,1200000,0x0
1781186444,39.7,1200000,0x0
1781186445,39.7,1200000,0x0
1781186446,39.7,1200000,0x0
1781186447,39.7,1200000,0x0
1781186448,40.8,1200000,0x0
1781186449,39.2,1200000,0x0
1781186450,39.7,1200000,0x0
1781186451,39.7,1200000,0x0
1781186452,39.2,1200000,0x0
1781186453,39.7,1200000,0x0
1781186454,39.7,1200000,0x0
1781186456,39.7,1200000,0x0
1781186457,39.7,1200000,0x0
1781186458,39.7,1200000,0x0
1781186459,39.7,1200000,0x0
1781186460,39.7,1200000,0x0
1781186461,39.2,1200000,0x0
1781186462,39.7,1200000,0x0
1781186463,39.7,1200000,0x0
1781186464,39.7,1200000,0x0
1781186465,39.7,1200000,0x0
1781186466,39.7,1200000,0x0
1781186467,39.7,1200000,0x0
1781186468,39.7,1200000,0x0
1781186470,39.7,1200000,0x0
1781186471,39.7,1200000,0x0
1781186472,39.7,1200000,0x0
1781186473,39.2,1200000,0x0
1781186474,39.2,1200000,0x0
1781186475,39.7,1200000,0x0
1781186476,39.7,1200000,0x0
1781186477,39.7,1200000,0x0
1781186478,39.7,1200000,0x0
1781186479,39.7,1200000,0x0
1781186480,39.7,1200000,0x0
1781186481,39.7,1200000,0x0
1781186483,39.7,1200000,0x0
1781186484,39.7,1200000,0x0
1781186485,39.7,1200000,0x0
1781186486,39.7,1200000,0x0
1781186487,39.7,1200000,0x0
1781186488,39.7,1200000,0x0
1781186489,39.7,1200000,0x0
1781186490,39.7,1200000,0x0
1781186491,39.7,1200000,0x0
1781186492,39.7,1200000,0x0
1781186493,39.7,1200000,0x0
1781186494,39.7,1200000,0x0
1781186495,39.7,1200000,0x0
1781186497,39.7,1200000,0x0
1781186498,39.7,1200000,0x0
1781186499,39.2,1200000,0x0
1781186500,39.7,1200000,0x0
1781186501,39.7,1200000,0x0
1781186502,39.7,1200000,0x0
1781186503,39.7,1200000,0x0
1781186504,39.7,1200000,0x0
1781186505,39.7,1200000,0x0
1781186506,39.7,1200000,0x0
1781186507,39.2,1200000,0x0
1781186508,39.7,1200000,0x0
1781186510,39.2,1200000,0x0
1781186511,39.7,1200000,0x0
1781186512,39.7,1200000,0x0
1781186513,39.7,1200000,0x0
1781186514,39.7,1200000,0x0
1781186515,40.2,1200000,0x0
1781186516,39.7,1200000,0x0
1781186517,39.7,1200000,0x0
1781186518,39.7,1200000,0x0
1781186519,39.7,1200000,0x0
1781186520,39.7,1200000,0x0
1781186521,39.7,1200000,0x0
1781186522,39.7,1200000,0x0
1781186524,39.7,1200000,0x0
1781186525,39.7,1200000,0x0
1781186526,39.7,1200000,0x0
1781186527,39.7,1200000,0x0
1781186528,39.2,1200000,0x0
1781186529,39.7,1200000,0x0
1781186530,39.7,1200000,0x0
1781186531,39.2,1200000,0x0
1781186532,39.7,1200000,0x0
1781186533,39.7,1200000,0x0
1781186534,39.7,1200000,0x0
1781186535,39.7,1200000,0x0
1781186537,39.7,1200000,0x0
1781186538,39.7,1200000,0x0
1781186539,39.7,1200000,0x0
1781186540,39.7,1200000,0x0
1781186541,39.7,1200000,0x0
1781186542,39.7,1200000,0x0
1781186543,39.2,1200000,0x0
1781186544,39.7,1200000,0x0
1781186545,39.7,1200000,0x0
1781186546,39.7,1200000,0x0
1781186547,39.2,1200000,0x0
1781186548,39.7,1200000,0x0
1781186549,39.7,1200000,0x0
1781186551,39.7,1200000,0x0
1781186552,39.7,1200000,0x0
1781186553,39.2,1200000,0x0
1781186554,39.7,1200000,0x0
1781186555,39.7,1200000,0x0
1781186556,39.7,1200000,0x0
1781186557,39.7,1200000,0x0
1781186558,39.7,1200000,0x0
1781186559,39.7,1200000,0x0
1781186560,39.7,1200000,0x0
1781186561,39.2,1200000,0x0
1781186562,39.7,1200000,0x0
1781186564,40.2,1200000,0x0
1781186565,39.7,1200000,0x0
1781186566,39.7,1200000,0x0
1781186567,39.7,1200000,0x0
1781186568,39.2,1200000,0x0
1781186569,39.7,1200000,0x0
1781186570,39.7,1200000,0x0
1781186571,39.7,1200000,0x0
1781186572,39.7,1200000,0x0
1781186573,39.7,1200000,0x0
1781186574,39.7,1200000,0x0
1781186575,39.7,1200000,0x0
1781186576,39.7,1200000,0x0
1781186578,39.7,1200000,0x0
1781186579,39.7,1200000,0x0
1781186580,39.7,1200000,0x0
1781186581,39.7,1200000,0x0
1781186582,40.2,1200000,0x0
1781186583,39.7,1200000,0x0
1781186584,39.7,1200000,0x0
1781186585,40.2,1200000,0x0
1781186586,39.7,1200000,0x0
1781186587,39.7,1200000,0x0
1781186588,39.2,1200000,0x0
1781186589,39.7,1200000,0x0
1781186591,39.7,1200000,0x0
1781186592,39.7,1200000,0x0
1781186593,39.7,1200000,0x0
1781186594,39.7,1200000,0x0
1781186595,40.2,1200000,0x0
1781186596,39.7,1200000,0x0
1781186597,39.7,1200000,0x0
1781186598,39.7,1200000,0x0
1781186599,40.2,1200000,0x0
1781186600,39.7,1200000,0x0
1781186601,39.7,1200000,0x0
1781186602,39.2,1200000,0x0
1781186603,39.7,1200000,0x0
1781186605,39.7,1200000,0x0
1781186606,39.2,1200000,0x0
1781186607,39.7,1200000,0x0
1781186608,39.7,1200000,0x0
1781186609,39.7,1200000,0x0
1781186610,40.2,1200000,0x0
1781186611,39.7,1200000,0x0
1781186612,39.7,1200000,0x0
1781186613,39.7,1200000,0x0
1781186614,39.7,1200000,0x0
1781186615,39.7,1200000,0x0
1781186616,40.2,1200000,0x0
1781186618,39.7,1200000,0x0
1781186619,39.7,1200000,0x0
1781186620,39.2,1200000,0x0
1781186621,39.7,1200000,0x0
1781186622,39.7,1200000,0x0
1781186623,39.7,1200000,0x0
1781186624,39.7,1200000,0x0
1781186625,39.2,1200000,0x0
1781186626,39.7,1200000,0x0
1781186627,39.7,1200000,0x0
1781186628,39.7,1200000,0x0
1781186629,39.7,1200000,0x0
1781186630,39.7,1200000,0x0
1781186632,39.7,1200000,0x0
1781186633,39.7,1200000,0x0
1781186634,39.7,1200000,0x0
1781186635,39.7,1200000,0x0
1781186636,39.7,1200000,0x0
1781186637,39.7,1200000,0x0
1781186638,39.7,1200000,0x0
1781186639,39.2,1200000,0x0
1781186640,39.7,1200000,0x0
1781186641,39.7,1200000,0x0
1781186642,39.7,1200000,0x0
1781186643,39.7,1200000,0x0
1781186645,39.7,1200000,0x0
1781186646,39.7,1200000,0x0
1781186647,39.7,1200000,0x0
1781186648,39.7,1200000,0x0
1781186649,39.7,1200000,0x0
1781186650,39.2,1200000,0x0
1781186651,39.7,1200000,0x0
1781186652,40.2,1200000,0x0
1781186653,39.7,1200000,0x0
1781186654,39.7,1200000,0x0
1781186655,39.7,1200000,0x0
1781186656,39.7,1200000,0x0
1781186657,39.7,1200000,0x0
1781186659,39.7,1200000,0x0
1781186660,39.7,1200000,0x0
1781186661,39.2,1200000,0x0
1781186662,39.7,1200000,0x0
1781186663,39.2,1200000,0x0
1781186664,39.7,1200000,0x0
1781186665,39.7,1200000,0x0
1781186666,39.7,1200000,0x0
1781186667,39.7,1200000,0x0
1781186668,40.2,1200000,0x0
1781186669,39.7,1200000,0x0
1781186671,39.7,1200000,0x0
1781186672,39.7,1200000,0x0
1781186673,39.7,1200000,0x0
1781186674,39.7,1200000,0x0
1781186675,39.7,1200000,0x0
1781186676,39.7,1200000,0x0
1781186677,39.7,1200000,0x0
1781186678,39.7,1200000,0x0
1781186679,39.7,1200000,0x0
1781186680,39.7,1200000,0x0
1781186681,39.7,1200000,0x0
1781186682,39.7,1200000,0x0
1781186683,39.7,1200000,0x0
1781186685,39.7,1200000,0x0
1781186686,39.7,1200000,0x0
1781186687,39.7,1200000,0x0
1781186688,39.7,1200000,0x0
1781186689,39.7,1200000,0x0
1781186690,39.7,1200000,0x0
1781186691,39.7,1200000,0x0
1781186692,39.7,1200000,0x0
1781186693,39.7,1200000,0x0
1781186694,39.7,1200000,0x0
1781186695,39.7,1200000,0x0
1781186696,39.7,1200000,0x0
1781186698,39.7,1200000,0x0
1781186699,39.7,1200000,0x0
1781186700,39.7,1200000,0x0
1781186701,39.7,1200000,0x0
1781186702,40.2,1200000,0x0
1781186703,39.7,1200000,0x0
1781186704,39.7,1200000,0x0
1781186705,39.7,1200000,0x0
1781186706,39.7,1200000,0x0
1781186707,39.7,1200000,0x0
1781186708,39.7,1200000,0x0
1781186709,39.7,1200000,0x0
1781186710,39.7,1200000,0x0
1781186712,40.2,1200000,0x0
1781186713,39.7,1200000,0x0
1781186714,39.7,1200000,0x0
1781186715,39.7,1200000,0x0
1781186716,39.7,1200000,0x0
1781186717,39.7,1200000,0x0
1781186718,39.7,1200000,0x0
1781186719,39.7,1200000,0x0
1781186720,39.7,1200000,0x0
1781186721,39.7,1200000,0x0
1781186722,39.7,1200000,0x0
1781186723,39.7,1200000,0x0
1781186725,39.7,1200000,0x0
1781186726,39.7,1200000,0x0
1781186727,39.7,1200000,0x0
1781186728,39.2,1200000,0x0
1781186729,39.7,1200000,0x0
1781186730,39.7,1200000,0x0
1781186731,39.7,1200000,0x0
1781186732,39.7,1200000,0x0
1781186733,39.7,1200000,0x0
1781186734,39.7,1200000,0x0
1781186735,39.7,1200000,0x0
1781186736,39.7,1200000,0x0
1781186737,39.7,1200000,0x0
1781186739,39.7,1200000,0x0
1781186740,39.7,1200000,0x0
1781186741,39.7,1200000,0x0
1781186742,39.7,1200000,0x0
1781186743,39.2,1200000,0x0
1781186744,39.7,1200000,0x0
1781186745,39.7,1200000,0x0
1781186746,39.7,1200000,0x0
1781186747,39.7,1200000,0x0
1781186748,39.7,1200000,0x0
1781186749,39.7,1200000,0x0
1781186750,39.7,1200000,0x0
1781186752,39.7,1200000,0x0
1781186753,39.7,1200000,0x0
1781186754,39.7,1200000,0x0
1781186755,39.7,1200000,0x0
1781186756,40.2,1200000,0x0
1781186757,39.7,1200000,0x0
1781186758,39.7,1200000,0x0
1781186759,39.7,1200000,0x0
1781186760,39.7,1200000,0x0
1781186761,39.7,1200000,0x0
1781186762,39.7,1200000,0x0
1781186763,39.7,1200000,0x0
1781186764,39.7,1200000,0x0
1781186766,39.7,1200000,0x0
1781186767,39.7,1200000,0x0
1781186768,39.7,1200000,0x0
1781186769,39.7,1200000,0x0
1781186770,39.7,1200000,0x0
1781186771,39.7,1200000,0x0
1781186772,39.7,1200000,0x0
1781186773,39.7,1200000,0x0
1781186774,39.7,1200000,0x0
1781186775,39.7,1200000,0x0
1781186776,39.7,1200000,0x0
1781186777,39.7,1200000,0x0
1781186779,39.7,1200000,0x0
1781186780,39.2,1200000,0x0
1781186781,39.7,1200000,0x0
1781186782,39.7,1200000,0x0
1781186783,39.7,1200000,0x0
1781186784,39.7,1200000,0x0
1781186785,39.7,1200000,0x0
1781186786,39.7,1200000,0x0
1781186787,39.7,1200000,0x0
1781186788,39.2,1200000,0x0
1781186789,39.7,1200000,0x0
1781186790,39.7,1200000,0x0
1781186792,39.7,1200000,0x0
1781186793,39.2,1200000,0x0
1781186794,39.7,1200000,0x0
1781186795,40.2,1200000,0x0
1781186796,39.7,1200000,0x0
1781186797,39.7,1200000,0x0
1781186798,39.7,1200000,0x0
1781186799,39.2,1200000,0x0
1781186800,39.7,1200000,0x0
1781186801,39.7,1200000,0x0
1781186802,39.7,1200000,0x0
1781186803,39.7,1200000,0x0
1781186804,39.7,1200000,0x0
1781186806,39.7,1200000,0x0
1781186807,39.7,1200000,0x0
1781186808,39.7,1200000,0x0
1781186809,39.7,1200000,0x0
1781186810,39.7,1200000,0x0
1781186811,39.7,1200000,0x0
1781186812,39.7,1200000,0x0
1781186813,39.7,1200000,0x0
1781186814,39.7,1200000,0x0
1781186815,39.7,1200000,0x0
1781186816,39.7,1200000,0x0
1781186817,39.7,1200000,0x0
1781186819,39.7,1200000,0x0
1781186820,39.7,1200000,0x0
1781186821,39.7,1200000,0x0
1781186822,39.7,1200000,0x0
1781186823,39.7,1200000,0x0
1781186824,39.7,1200000,0x0
1781186825,39.7,1200000,0x0
1781186826,39.7,1200000,0x0
1781186827,39.7,1200000,0x0
1781186828,39.7,1200000,0x0
1781186829,39.2,1200000,0x0
1781186830,39.2,1200000,0x0
1781186831,39.7,1200000,0x0
1781186833,39.7,1200000,0x0
1781186834,39.7,1200000,0x0
1781186835,39.7,1200000,0x0
1781186836,39.7,1200000,0x0
1781186837,39.7,1200000,0x0
1781186838,39.7,1200000,0x0
1781186839,39.7,1200000,0x0
1781186840,39.7,1200000,0x0
1781186841,39.7,1200000,0x0
1781186842,39.7,1200000,0x0
1781186843,39.7,1200000,0x0
1781186844,39.7,1200000,0x0
1781186846,39.7,1200000,0x0
1781186847,39.7,1200000,0x0
1781186848,40.2,1200000,0x0
1781186849,39.7,1200000,0x0
1781186850,39.2,1200000,0x0
1781186851,39.7,1200000,0x0
1781186852,39.7,1200000,0x0
1781186853,39.7,1200000,0x0
1781186854,39.7,1200000,0x0
1781186855,40.2,1200000,0x0
1781186856,39.7,1200000,0x0
1781186857,39.7,1200000,0x0
1781186858,40.2,1200000,0x0
1781186860,39.7,1200000,0x0
1781186861,39.7,1200000,0x0
1781186862,39.2,1200000,0x0
1781186863,40.2,1200000,0x0
1781186864,39.7,1200000,0x0
1781186865,39.7,1200000,0x0
1781186866,39.7,1200000,0x0
1781186867,39.7,1200000,0x0
1781186868,39.7,1200000,0x0
1781186869,39.2,1200000,0x0
1781186870,39.7,1200000,0x0
1781186871,39.7,1200000,0x0
1781186873,39.7,1200000,0x0
1781186874,40.2,1200000,0x0
1781186875,39.7,1200000,0x0
1781186876,39.7,1200000,0x0
1781186877,39.7,1200000,0x0
1781186878,39.7,1200000,0x0
1781186879,39.7,1200000,0x0
1781186880,39.7,1200000,0x0
1781186881,39.7,1200000,0x0
1781186882,39.7,1200000,0x0
1781186883,39.2,1200000,0x0
1781186884,39.7,1200000,0x0
1781186885,39.7,1200000,0x0
1781186887,40.2,1200000,0x0
1781186888,39.7,1200000,0x0
1781186889,39.7,1200000,0x0
1781186890,39.7,1200000,0x0
1781186891,39.7,1200000,0x0
1781186892,39.2,1200000,0x0
1781186893,39.7,1200000,0x0
1781186894,39.7,1200000,0x0
1781186895,39.7,1200000,0x0
1781186896,39.7,1200000,0x0
1781186897,39.7,1200000,0x0
1781186898,39.7,1200000,0x0
1781186900,39.2,1200000,0x0
1781186901,39.7,1200000,0x0
1781186902,39.7,1200000,0x0
1781186903,39.7,1200000,0x0
1781186904,39.7,1200000,0x0
1781186905,39.7,1200000,0x0
1781186906,39.7,1200000,0x0
1781186907,39.7,1200000,0x0
1781186908,39.7,1200000,0x0
1781186909,39.7,1200000,0x0
1781186910,39.7,1200000,0x0
1781186911,39.7,1200000,0x0
1781186913,40.2,1200000,0x0
1781186914,39.7,1200000,0x0
1781186915,39.7,1200000,0x0
1781186916,39.7,1200000,0x0
1781186917,39.7,1200000,0x0
1781186918,40.2,1200000,0x0
1781186919,39.7,1200000,0x0
1781186920,39.7,1200000,0x0
1781186921,39.7,1200000,0x0
1781186922,39.7,1200000,0x0
1781186923,39.7,1200000,0x0
1781186924,39.7,1200000,0x0
1781186925,39.7,1200000,0x0
1781186927,39.7,1200000,0x0
1781186928,39.7,1200000,0x0
1781186929,39.7,1200000,0x0
1781186930,39.2,1200000,0x0
1781186931,39.7,1200000,0x0
1781186932,39.7,1200000,0x0
1781186933,39.7,1200000,0x0
1781186934,39.7,1200000,0x0
1781186935,39.7,1200000,0x0
1781186936,40.2,1200000,0x0
1781186937,39.7,1200000,0x0
1781186938,39.7,1200000,0x0
1781186940,40.2,1200000,0x0
1781186941,39.7,1200000,0x0
1781186942,39.7,1200000,0x0
1781186943,39.7,1200000,0x0
1781186944,40.2,1200000,0x0
1781186945,39.7,1200000,0x0
1781186946,39.7,1200000,0x0
1781186947,39.7,1200000,0x0
1781186948,39.7,1200000,0x0
1781186949,39.7,1200000,0x0
1781186950,39.7,1200000,0x0
1781186951,39.7,1200000,0x0
1781186952,39.7,1200000,0x0
1781186954,39.7,1200000,0x0
1781186955,39.7,1200000,0x0
1781186956,39.7,1200000,0x0
1781186957,39.7,1200000,0x0
1781186958,39.7,1200000,0x0
1781186959,39.7,1200000,0x0
1781186960,39.7,1200000,0x0
1781186961,40.2,1200000,0x0
1781186962,39.7,1200000,0x0
1781186963,40.2,1200000,0x0
1781186964,39.7,1200000,0x0
1781186965,39.7,1200000,0x0
1781186967,40.2,1200000,0x0
1781186968,39.7,1200000,0x0
1781186969,40.2,1200000,0x0
1781186970,40.2,1200000,0x0
1781186971,39.2,1200000,0x0
1781186972,39.7,1200000,0x0
1781186973,39.7,1200000,0x0
1781186974,39.7,1200000,0x0
1781186975,39.7,1200000,0x0
1781186976,39.7,1200000,0x0
1781186977,39.7,1200000,0x0
1781186978,39.7,1200000,0x0
1781186979,39.7,1200000,0x0
1781186981,39.7,1200000,0x0
1781186982,39.7,1200000,0x0
1781186983,39.7,1200000,0x0
1781186984,39.7,1200000,0x0
1781186985,39.7,1200000,0x0
1781186986,39.7,1200000,0x0
1781186987,40.2,1200000,0x0
1781186988,39.7,1200000,0x0
1781186989,39.7,1200000,0x0
1781186990,39.2,1200000,0x0
1781186991,39.7,1200000,0x0
1781186992,39.7,1200000,0x0
1781186994,39.7,1200000,0x0
1781186995,39.7,1200000,0x0
1781186996,39.7,1200000,0x0
1781186997,39.7,1200000,0x0
1781186998,39.7,1200000,0x0
1781186999,39.7,1200000,0x0
1781187000,39.7,1200000,0x0
1781187001,39.7,1200000,0x0
1781187002,39.7,1200000,0x0
1781187003,39.7,1200000,0x0
1781187004,39.7,1200000,0x0
1781187005,39.7,1200000,0x0
1781187006,39.7,1200000,0x0
1781187008,39.7,1200000,0x0
1781187009,39.7,1200000,0x0
1781187010,39.7,1200000,0x0
1781187011,39.7,1200000,0x0
1781187012,39.7,1200000,0x0
1781187013,39.7,1200000,0x0
1781187014,39.7,1200000,0x0
1781187015,39.7,1200000,0x0
1781187016,39.2,1200000,0x0
1781187017,39.7,1200000,0x0
1781187018,40.2,1200000,0x0
1781187019,39.7,1200000,0x0
1781187021,39.7,1200000,0x0
1781187022,39.7,1200000,0x0
1781187023,39.7,1200000,0x0
1781187024,39.7,1200000,0x0
1781187025,39.7,1200000,0x0
1781187026,39.7,1200000,0x0
1781187027,39.7,1200000,0x0
1781187028,39.7,1200000,0x0
1781187029,39.7,1200000,0x0
1781187030,39.7,1200000,0x0
1781187031,39.7,1200000,0x0
1781187032,39.7,1200000,0x0
1781187033,39.7,1200000,0x0
1781187035,39.7,1200000,0x0
1781187036,39.7,1200000,0x0
1781187037,39.7,1200000,0x0
1781187038,39.7,1200000,0x0
1781187039,40.2,1200000,0x0
1781187040,39.7,1200000,0x0
1781187041,39.7,1200000,0x0
1781187042,40.2,1200000,0x0
1781187043,39.7,1200000,0x0
1781187044,39.7,1200000,0x0
1781187045,39.2,1200000,0x0
1781187046,39.2,1200000,0x0
1781187048,39.7,1200000,0x0
1781187049,39.7,1200000,0x0
1781187050,39.7,1200000,0x0
1781187051,39.7,1200000,0x0
1781187052,39.7,1200000,0x0
1781187053,39.2,1200000,0x0
1781187054,39.7,1200000,0x0
1781187055,39.7,1200000,0x0
1781187056,39.7,1200000,0x0
1781187057,39.7,1200000,0x0
1781187058,39.7,1200000,0x0
1781187059,39.7,1200000,0x0
1781187061,39.7,1200000,0x0
1781187062,39.7,1200000,0x0
1781187063,39.7,1200000,0x0
1781187064,39.7,1200000,0x0
1781187065,39.7,1200000,0x0
1781187066,39.7,1200000,0x0
1781187067,39.7,1200000,0x0
1781187068,39.7,1200000,0x0
1781187069,39.7,1200000,0x0
1781187070,40.2,1200000,0x0
1781187071,39.7,1200000,0x0
1781187072,40.8,1200000,0x0
1781187073,39.7,1200000,0x0
1781187075,39.7,1200000,0x0
1781187076,39.7,1200000,0x0
1781187077,39.7,1200000,0x0
1781187078,39.7,1200000,0x0
1781187079,39.7,1200000,0x0
1781187080,39.7,1200000,0x0
1781187081,39.7,1200000,0x0
1781187082,39.7,1200000,0x0
1781187083,39.7,1200000,0x0
1781187084,39.7,1200000,0x0
1781187085,39.7,1200000,0x0
1781187086,39.7,1200000,0x0
1781187088,39.7,1200000,0x0
1781187089,39.7,1200000,0x0
1781187090,39.7,1200000,0x0
1781187091,39.7,1200000,0x0
1781187092,39.2,1200000,0x0
1781187093,39.7,1200000,0x0
1781187094,39.7,1200000,0x0
1781187095,39.7,1200000,0x0
1781187096,39.7,1200000,0x0
1781187097,39.7,1200000,0x0
1781187098,39.7,1200000,0x0
1781187099,40.2,1200000,0x0
1781187100,38.6,1200000,0x0
1781187102,39.7,1200000,0x0
1781187103,39.7,1200000,0x0
1781187104,39.7,1200000,0x0
1781187105,39.7,1200000,0x0
1781187106,39.7,1200000,0x0
1781187107,39.7,1200000,0x0
1781187108,39.7,1200000,0x0
1781187109,39.7,1200000,0x0
1781187110,39.7,1200000,0x0
1781187111,39.7,1200000,0x0
1781187112,39.7,1200000,0x0
1781187113,39.2,1200000,0x0
1781187115,39.7,1200000,0x0
1781187116,39.7,1200000,0x0
1781187117,39.7,1200000,0x0
1781187118,40.2,1200000,0x0
1781187119,40.2,1200000,0x0
1781187120,39.7,1200000,0x0
1781187121,39.7,1200000,0x0
1781187122,39.7,1200000,0x0
1781187123,39.7,1200000,0x0
1781187124,39.7,1200000,0x0
1781187125,39.7,1200000,0x0
1781187126,39.7,1200000,0x0
1781187127,39.7,1200000,0x0
1781187129,39.7,1200000,0x0
1781187130,39.2,1200000,0x0
1781187131,39.7,1200000,0x0
1781187132,39.7,1200000,0x0
1781187133,39.7,1200000,0x0
1781187134,39.7,1200000,0x0
1781187135,39.7,1200000,0x0
1781187136,39.7,1200000,0x0
1781187137,39.7,1200000,0x0
1781187138,39.7,1200000,0x0
1781187139,39.7,1200000,0x0
1781187140,39.7,1200000,0x0
1781187142,39.7,1200000,0x0
1781187143,39.7,1200000,0x0
1781187144,39.7,1200000,0x0
1781187145,40.2,1200000,0x0
1781187146,39.7,1200000,0x0
1781187147,39.7,1200000,0x0
1781187148,39.7,1200000,0x0
1781187149,39.7,1200000,0x0
1781187150,39.2,1200000,0x0
1781187151,39.7,1200000,0x0
1781187152,39.7,1200000,0x0
1781187153,39.7,1200000,0x0
1781187154,39.7,1200000,0x0
1781187156,39.2,1200000,0x0
1781187157,39.2,1200000,0x0
1781187158,39.7,1200000,0x0
1781187159,39.7,1200000,0x0
1781187160,39.7,1200000,0x0
1781187161,39.7,1200000,0x0
1781187162,39.7,1200000,0x0
1781187163,39.7,1200000,0x0
1781187164,39.7,1200000,0x0
1781187165,39.7,1200000,0x0
1781187166,39.7,1200000,0x0
1781187167,39.7,1200000,0x0
1781187169,39.7,1200000,0x0
1781187170,39.7,1200000,0x0
1781187171,39.2,1200000,0x0
1781187172,39.7,1200000,0x0
1781187173,39.7,1200000,0x0
1781187174,39.7,1200000,0x0
1781187175,39.7,1200000,0x0
1781187176,39.7,1200000,0x0
1781187177,39.7,1200000,0x0
1781187178,39.7,1200000,0x0
1781187179,39.7,1200000,0x0
1781187180,39.7,1200000,0x0
1781187181,39.7,1200000,0x0
1781187183,39.7,1200000,0x0
1781187184,39.7,1200000,0x0
1781187185,39.7,1200000,0x0
1781187186,39.7,1200000,0x0
1781187187,39.7,1200000,0x0
1781187188,39.7,1200000,0x0
1781187189,39.7,1200000,0x0
1781187190,39.7,1200000,0x0
1781187191,39.7,1200000,0x0
1781187192,40.2,1200000,0x0
1781187193,39.7,1200000,0x0
1781187194,39.7,1200000,0x0
1781187196,39.2,1200000,0x0
1781187197,39.7,1200000,0x0
1781187198,39.7,1200000,0x0
1781187199,40.2,1200000,0x0
1781187200,39.7,1200000,0x0
1781187201,39.7,1200000,0x0
1781187202,39.7,1200000,0x0
1781187203,39.7,1200000,0x0
1781187204,39.7,1200000,0x0
1781187205,39.7,1200000,0x0
1781187206,39.7,1200000,0x0
1781187207,39.7,1200000,0x0
1781187209,39.7,1200000,0x0
1781187210,39.7,1200000,0x0
1781187211,39.7,1200000,0x0
1781187212,39.7,1200000,0x0
1781187213,39.7,1200000,0x0
1781187214,39.2,1200000,0x0
1781187215,39.7,1200000,0x0
1781187216,39.7,1200000,0x0
1781187217,39.7,1200000,0x0
1781187218,39.7,1200000,0x0
1781187219,39.7,1200000,0x0
1781187220,39.7,1200000,0x0
1781187221,39.7,1200000,0x0
1781187223,39.7,1200000,0x0
1781187224,39.7,1200000,0x0
1781187225,39.7,1200000,0x0
1781187226,39.7,1200000,0x0
1781187227,39.7,1200000,0x0
1781187228,39.7,1200000,0x0
1781187229,39.7,1200000,0x0
1781187230,39.7,1200000,0x0
1781187231,39.7,1200000,0x0
1781187232,39.7,1200000,0x0
1781187233,39.7,1200000,0x0
1781187234,39.7,1200000,0x0
1781187236,39.7,1200000,0x0
1781187237,39.7,1200000,0x0
1781187238,39.7,1200000,0x0
1781187239,39.7,1200000,0x0
1781187240,39.2,1200000,0x0
1781187241,39.7,1200000,0x0
1781187242,39.7,1200000,0x0
1781187243,39.7,1200000,0x0
1781187244,39.7,1200000,0x0
1781187245,39.7,1200000,0x0
1781187246,39.7,1200000,0x0
1781187247,39.2,1200000,0x0
1781187248,39.7,1200000,0x0
1781187250,39.7,1200000,0x0
1781187251,39.2,1200000,0x0
1781187252,39.7,1200000,0x0
1781187253,39.7,1200000,0x0
1781187254,39.7,1200000,0x0
1781187255,39.7,1200000,0x0
1781187256,40.2,1200000,0x0
1781187257,39.7,1200000,0x0
1781187258,39.7,1200000,0x0
1781187259,39.7,1200000,0x0
1781187260,39.7,1200000,0x0
1781187261,39.7,1200000,0x0
1781187262,39.7,1200000,0x0
1781187264,39.7,1200000,0x0
1781187265,39.7,1200000,0x0
1781187266,39.7,1200000,0x0
1781187267,39.7,1200000,0x0
1781187268,39.7,1200000,0x0
1781187269,39.7,1200000,0x0
1781187270,39.7,1200000,0x0
1781187271,39.7,1200000,0x0
1781187272,39.7,1200000,0x0
1781187273,39.7,1200000,0x0
1781187274,39.7,1200000,0x0
1781187275,39.7,1200000,0x0
1781187277,39.7,1200000,0x0
1781187278,39.7,1200000,0x0
1781187279,39.7,1200000,0x0
1781187280,39.7,1200000,0x0
1781187281,39.7,1200000,0x0
1781187282,39.7,1200000,0x0
1781187283,39.7,1200000,0x0
1781187284,39.7,1200000,0x0
1781187285,39.7,1200000,0x0
1781187286,39.7,1200000,0x0
1781187287,39.7,1200000,0x0
1781187288,39.7,1200000,0x0
1781187290,39.7,1200000,0x0
1781187291,39.7,1200000,0x0
1781187292,39.7,1200000,0x0
1781187293,39.7,1200000,0x0
1781187294,39.7,1200000,0x0
1781187295,40.2,1200000,0x0
1781187296,39.7,1200000,0x0
1781187297,39.7,1200000,0x0
1781187298,39.7,1200000,0x0
1781187299,39.7,1200000,0x0
1781187300,39.7,1200000,0x0
1781187301,39.7,1200000,0x0
1781187303,39.7,1200000,0x0
1781187304,39.7,1200000,0x0
1781187305,39.7,1200000,0x0
1781187306,39.7,1200000,0x0
1781187307,39.7,1200000,0x0
1781187308,39.7,1200000,0x0
1781187309,39.7,1200000,0x0
1781187310,39.2,1200000,0x0
1781187311,39.2,1200000,0x0
1781187312,40.2,1200000,0x0
1781187313,39.2,1200000,0x0
1781187314,39.7,1200000,0x0
1781187315,39.7,1200000,0x0
1781187317,39.7,1200000,0x0
1781187318,39.7,1200000,0x0
1781187319,39.7,1200000,0x0
1781187320,39.7,1200000,0x0
1781187321,40.2,1200000,0x0
1781187322,40.2,1200000,0x0
1781187323,39.7,1200000,0x0
1781187324,39.7,1200000,0x0
1781187325,39.7,1200000,0x0
1781187326,40.2,1200000,0x0
1781187327,39.7,1200000,0x0
1781187328,40.2,1200000,0x0
1781187330,40.2,1200000,0x0
1781187331,40.2,1200000,0x0
1781187332,39.7,1200000,0x0
1781187333,39.7,1200000,0x0
1781187334,39.7,1200000,0x0
1781187335,39.7,1200000,0x0
1781187336,39.7,1200000,0x0
1781187337,39.7,1200000,0x0
1781187338,40.2,1200000,0x0
1781187339,39.7,1200000,0x0
1781187340,39.7,1200000,0x0
1781187341,39.7,1200000,0x0
1781187342,39.7,1200000,0x0
1781187344,39.7,1200000,0x0
1781187345,39.7,1200000,0x0
1781187346,39.7,1200000,0x0
1781187347,39.7,1200000,0x0
1781187348,39.7,1200000,0x0
1781187349,39.7,1200000,0x0
1781187350,39.7,1200000,0x0
1781187351,39.7,1200000,0x0
1781187352,39.7,1200000,0x0
1781187353,39.7,1200000,0x0
1781187354,39.7,1200000,0x0
1781187355,39.7,1200000,0x0
1781187357,39.7,1200000,0x0
1781187358,39.7,1200000,0x0
1781187359,40.2,1200000,0x0
1781187360,39.7,1200000,0x0
1781187361,39.7,1200000,0x0
1781187362,39.7,1200000,0x0
1781187363,39.7,1200000,0x0
1781187364,39.7,1200000,0x0
1781187365,39.7,1200000,0x0
1781187366,39.2,1200000,0x0
1781187367,39.7,1200000,0x0
1781187368,39.7,1200000,0x0
1781187369,39.7,1200000,0x0
1781187371,39.7,1200000,0x0
1781187372,39.7,1200000,0x0
1781187373,39.7,1200000,0x0
1781187374,39.7,1200000,0x0
1781187375,39.7,1200000,0x0
1781187376,39.7,1200000,0x0
1781187377,39.7,1200000,0x0
1781187378,39.7,1200000,0x0
1781187379,39.7,1200000,0x0
1781187380,39.7,1200000,0x0
1781187381,39.2,1200000,0x0
1781187382,39.2,1200000,0x0
1781187384,39.7,1200000,0x0
1781187385,39.7,1200000,0x0
1781187386,39.7,1200000,0x0
1781187387,39.7,1200000,0x0
1781187388,39.7,1200000,0x0
1781187389,39.7,1200000,0x0
1781187390,39.7,1200000,0x0
1781187391,39.2,1200000,0x0
1781187392,39.7,1200000,0x0
1781187393,39.7,1200000,0x0
1781187394,39.7,1200000,0x0
1781187395,40.2,1200000,0x0
1781187396,39.7,1200000,0x0
1781187398,40.2,1200000,0x0
1781187399,39.7,1200000,0x0
1781187400,39.2,1200000,0x0
1781187401,39.7,1200000,0x0
1781187402,40.2,1200000,0x0
1781187403,39.7,1200000,0x0
1781187404,40.2,1200000,0x0
1781187405,39.7,1200000,0x0
1781187406,39.7,1200000,0x0
1781187407,39.7,1200000,0x0
1781187408,39.7,1200000,0x0
1781187409,39.7,1200000,0x0
1781187411,39.7,1200000,0x0
1781187412,40.2,1200000,0x0
1781187413,39.7,1200000,0x0
1781187414,39.7,1200000,0x0
1781187415,39.7,1200000,0x0
1781187416,39.7,1200000,0x0
1781187417,39.7,1200000,0x0
1781187418,39.7,1200000,0x0
1781187419,39.7,1200000,0x0
1781187420,39.7,1200000,0x0
1781187421,39.7,1200000,0x0
1781187422,39.7,1200000,0x0
1781187423,39.7,1200000,0x0
1781187425,39.7,1200000,0x0
1781187426,39.7,1200000,0x0
1781187427,39.7,1200000,0x0
1781187428,40.2,1200000,0x0
1781187429,39.7,1200000,0x0
1781187430,39.7,1200000,0x0
1781187431,39.7,1200000,0x0
1781187432,39.7,1200000,0x0
1781187433,39.7,1200000,0x0
1781187434,39.2,1200000,0x0
1781187435,39.7,1200000,0x0
1781187436,39.7,1200000,0x0
1781187438,39.7,1200000,0x0
1781187439,39.7,1200000,0x0
1781187440,40.2,1200000,0x0
1781187441,39.7,1200000,0x0
1781187442,39.7,1200000,0x0
1781187443,39.7,1200000,0x0
1781187444,39.7,1200000,0x0
1781187445,39.7,1200000,0x0
1781187446,39.7,1200000,0x0
1781187447,39.7,1200000,0x0
1781187448,39.7,1200000,0x0
1781187449,39.7,1200000,0x0
1781187450,39.2,1200000,0x0
1781187452,39.7,1200000,0x0
1781187453,39.7,1200000,0x0
1781187454,39.7,1200000,0x0
1781187455,39.7,1200000,0x0
1781187456,40.2,1200000,0x0
1781187457,39.7,1200000,0x0
1781187458,39.7,1200000,0x0
1781187459,39.7,1200000,0x0
1781187460,40.2,1200000,0x0
1781187461,39.7,1200000,0x0
1781187462,39.7,1200000,0x0
1781187463,39.7,1200000,0x0
1781187465,39.7,1200000,0x0
1781187466,39.7,1200000,0x0
1781187467,39.7,1200000,0x0
1781187468,39.7,1200000,0x0
1781187469,39.2,1200000,0x0
1781187470,39.7,1200000,0x0
1781187471,39.7,1200000,0x0
1781187472,39.7,1200000,0x0
1781187473,39.7,1200000,0x0
1781187474,39.7,1200000,0x0
1781187475,39.7,1200000,0x0
1781187476,40.2,1200000,0x0
1781187477,39.7,1200000,0x0
1781187479,39.7,1200000,0x0
1781187480,39.7,1200000,0x0
1781187481,39.7,1200000,0x0
1781187482,40.2,1200000,0x0
1781187483,39.7,1200000,0x0
1781187484,39.7,1200000,0x0
1781187485,39.7,1200000,0x0
1781187486,39.7,1200000,0x0
1781187487,39.7,1200000,0x0
1781187488,39.7,1200000,0x0
1781187489,39.7,1200000,0x0
1781187490,39.7,1200000,0x0
1781187492,39.7,1200000,0x0
1781187493,39.7,1200000,0x0
1781187494,39.7,1200000,0x0
1781187495,39.7,1200000,0x0
1781187496,39.7,1200000,0x0
1781187497,40.2,1200000,0x0
1781187498,40.2,1200000,0x0
1781187499,39.7,1200000,0x0
1781187500,40.2,1200000,0x0
1781187501,39.7,1200000,0x0
1781187502,39.7,1200000,0x0
1781187503,39.7,1200000,0x0
1781187504,39.7,1200000,0x0
1781187506,39.7,1200000,0x0
1781187507,39.7,1200000,0x0
1781187508,39.7,1200000,0x0
1781187509,39.7,1200000,0x0
1781187510,39.7,1200000,0x0
1781187511,39.7,1200000,0x0
1781187512,39.7,1200000,0x0
1781187513,39.7,1200000,0x0
1781187514,40.2,1200000,0x0
1781187515,39.7,1200000,0x0
1781187516,39.7,1200000,0x0
1781187517,39.7,1200000,0x0
1781187519,39.7,1200000,0x0
1781187520,39.7,1200000,0x0
1781187521,39.7,1200000,0x0
1781187522,39.7,1200000,0x0
1781187523,39.7,1200000,0x0
1781187524,39.7,1200000,0x0
1781187525,40.2,1200000,0x0
1781187526,39.7,1200000,0x0
1781187527,39.2,1200000,0x0
1781187528,39.7,1200000,0x0
1781187529,39.7,1200000,0x0
1781187530,39.7,1200000,0x0
1781187532,39.7,1200000,0x0
1781187533,39.7,1200000,0x0
1781187534,40.2,1200000,0x0
1781187535,39.7,1200000,0x0
1781187536,39.7,1200000,0x0
1781187537,39.7,1200000,0x0
1781187538,39.7,1200000,0x0
1781187539,39.7,1200000,0x0
1781187540,39.7,1200000,0x0
1781187541,39.7,1200000,0x0
1781187542,40.2,1200000,0x0
1781187543,39.7,1200000,0x0
1781187544,39.7,1200000,0x0
1781187546,39.7,1200000,0x0
1781187547,39.7,1200000,0x0
1781187548,39.7,1200000,0x0
1781187549,40.2,1200000,0x0
1781187550,39.7,1200000,0x0
1781187551,39.7,1200000,0x0
1781187552,40.2,1200000,0x0
1781187553,39.7,1200000,0x0
1781187554,40.2,1200000,0x0
1781187555,39.2,1200000,0x0
1781187556,40.2,1200000,0x0
1781187557,39.7,1200000,0x0
1781187559,39.7,1200000,0x0
1781187560,39.7,1200000,0x0
1781187561,39.7,1200000,0x0
1781187562,39.7,1200000,0x0
1781187563,39.7,1200000,0x0
1781187564,39.7,1200000,0x0
1781187565,39.7,1200000,0x0
1781187566,39.7,1200000,0x0
1781187567,39.7,1200000,0x0
1781187568,39.7,1200000,0x0
1781187569,39.2,1200000,0x0
1781187570,39.7,1200000,0x0
1781187571,39.7,1200000,0x0
1781187573,39.7,1200000,0x0
1781187574,39.7,1200000,0x0
1781187575,39.2,1200000,0x0
1781187576,39.7,1200000,0x0
1781187577,39.7,1200000,0x0
1781187578,39.7,1200000,0x0
1781187579,39.7,1200000,0x0
1781187580,39.7,1200000,0x0
1781187581,39.7,1200000,0x0
1781187582,39.7,1200000,0x0
1781187583,39.7,1200000,0x0
1781187584,39.7,1200000,0x0
1781187586,39.7,1200000,0x0
1781187587,39.7,1200000,0x0
1781187588,39.7,1200000,0x0
1781187589,39.7,1200000,0x0
1781187590,39.7,1200000,0x0
1781187591,40.2,1200000,0x0
1781187592,39.7,1200000,0x0
1781187593,39.7,1200000,0x0
1781187594,39.7,1200000,0x0
1781187595,40.2,1200000,0x0
1781187596,39.7,1200000,0x0
1781187597,39.7,1200000,0x0
1781187598,39.7,1200000,0x0
1781187600,39.7,1200000,0x0
1781187601,39.7,1200000,0x0
1781187602,39.7,1200000,0x0
1781187603,39.7,1200000,0x0
1781187604,39.7,1200000,0x0
1781187605,39.2,1200000,0x0
1781187606,39.7,1200000,0x0
1781187607,39.7,1200000,0x0
1781187608,39.7,1200000,0x0
1781187609,39.7,1200000,0x0
1781187610,39.7,1200000,0x0
1781187611,39.7,1200000,0x0
1781187613,39.7,1200000,0x0
1781187614,39.7,1200000,0x0
1781187615,39.7,1200000,0x0
1781187616,39.2,1200000,0x0
1781187617,39.7,1200000,0x0
1781187618,40.2,1200000,0x0
1781187619,39.7,1200000,0x0
1781187620,39.7,1200000,0x0
1781187621,40.2,1200000,0x0
1781187622,39.7,1200000,0x0
1781187623,39.7,1200000,0x0
1781187624,39.7,1200000,0x0
1781187625,39.7,1200000,0x0
1781187627,39.7,1200000,0x0
1781187628,39.7,1200000,0x0
1781187629,39.7,1200000,0x0
1781187630,39.7,1200000,0x0
1781187631,40.8,1200000,0x0
1781187632,39.7,1200000,0x0
1781187633,39.7,1200000,0x0
1781187634,39.7,1200000,0x0
1781187635,39.7,1200000,0x0
1781187636,39.2,1200000,0x0
1781187637,39.7,1200000,0x0
1781187638,39.2,1200000,0x0
1781187640,39.7,1200000,0x0
1781187641,39.7,1200000,0x0
1781187642,39.7,1200000,0x0
1781187643,39.7,1200000,0x0
1781187644,40.2,1200000,0x0
1781187645,40.2,1200000,0x0
1781187646,39.7,1200000,0x0
1781187647,39.7,1200000,0x0
1781187648,39.7,1200000,0x0
1781187649,39.7,1200000,0x0
1781187650,39.7,1200000,0x0
1781187651,40.2,1200000,0x0
1781187652,40.2,1200000,0x0
1781187654,40.2,1200000,0x0
1781187655,40.2,1200000,0x0
1781187656,39.7,1200000,0x0
1781187657,39.7,1200000,0x0
1781187658,39.7,1200000,0x0
1781187659,39.7,1200000,0x0
1781187660,39.7,1200000,0x0
1781187661,40.8,1200000,0x0
1781187662,39.2,1200000,0x0
1781187663,39.2,1200000,0x0
1781187664,39.7,1200000,0x0
1781187665,40.2,1200000,0x0
1781187667,39.7,1200000,0x0
1781187668,39.7,1200000,0x0
1781187669,39.7,1200000,0x0
1781187670,39.7,1200000,0x0
1781187671,39.7,1200000,0x0
1781187672,39.7,1200000,0x0
1781187673,39.7,1200000,0x0
1781187674,39.7,1200000,0x0
1781187675,39.7,1200000,0x0
1781187676,39.7,1200000,0x0
1781187677,39.7,1200000,0x0
1781187678,39.7,1200000,0x0
1781187679,39.7,1200000,0x0
1781187681,39.7,1200000,0x0
1781187682,39.7,1200000,0x0
1781187683,39.7,1200000,0x0
1781187684,40.8,1200000,0x0
1781187685,39.7,1200000,0x0
1781187686,39.7,1200000,0x0
1781187687,39.7,1200000,0x0
1781187688,39.7,1200000,0x0
1781187689,39.7,1200000,0x0
1781187690,40.2,1200000,0x0
1781187691,39.7,1200000,0x0
1781187692,39.7,1200000,0x0
1781187694,39.7,1200000,0x0
1781187695,39.7,1200000,0x0
1781187696,40.2,1200000,0x0
1781187697,39.7,1200000,0x0
1781187698,39.7,1200000,0x0
1781187699,39.7,1200000,0x0
1781187700,39.7,1200000,0x0
1781187701,39.2,1200000,0x0
1781187702,39.7,1200000,0x0
1781187703,40.2,1200000,0x0
1781187704,39.7,1200000,0x0
1781187705,39.7,1200000,0x0
1781187707,39.7,1200000,0x0
1781187708,39.7,1200000,0x0
1781187709,40.2,1200000,0x0
1781187710,39.7,1200000,0x0
1781187711,39.7,1200000,0x0
1781187712,39.7,1200000,0x0
1781187713,39.7,1200000,0x0
1781187714,39.7,1200000,0x0
1781187715,39.7,1200000,0x0
1781187716,39.7,1200000,0x0
1781187717,39.7,1200000,0x0
1781187718,39.7,1200000,0x0
1781187719,39.7,1200000,0x0
1781187721,39.7,1200000,0x0
1781187722,39.7,1200000,0x0
1781187723,39.7,1200000,0x0
1781187724,39.7,1200000,0x0
1781187725,39.7,1200000,0x0
1781187726,39.7,1200000,0x0
1781187727,39.7,1200000,0x0
1781187728,39.7,1200000,0x0
1781187729,40.2,1200000,0x0
1781187730,39.7,1200000,0x0
1781187731,40.2,1200000,0x0
1781187732,39.7,1200000,0x0
1781187734,39.7,1200000,0x0
1781187735,39.7,1200000,0x0
1781187736,39.7,1200000,0x0
1781187737,39.7,1200000,0x0
1781187738,39.7,1200000,0x0
1781187739,39.7,1200000,0x0
1781187740,39.7,1200000,0x0
1781187741,39.7,1200000,0x0
1781187742,39.7,1200000,0x0
1781187743,39.7,1200000,0x0
1781187744,39.7,1200000,0x0
1781187745,39.2,1200000,0x0
1781187746,39.7,1200000,0x0
1781187748,39.7,1200000,0x0
1781187749,39.7,1200000,0x0
1781187750,40.2,1200000,0x0
1781187751,39.7,1200000,0x0
1781187752,39.7,1200000,0x0
1781187753,39.7,1200000,0x0
1781187754,39.7,1200000,0x0
1781187755,39.7,1200000,0x0
1781187756,40.2,1200000,0x0
1781187757,39.7,1200000,0x0
1781187758,40.2,1200000,0x0
1781187759,39.7,1200000,0x0
1781187761,40.2,1200000,0x0
1781187762,39.7,1200000,0x0
1781187763,39.7,1200000,0x0
1781187764,39.7,1200000,0x0
1781187765,40.2,1200000,0x0
1781187766,39.7,1200000,0x0
1781187767,39.7,1200000,0x0
1781187768,39.7,1200000,0x0
1781187769,39.7,1200000,0x0
1781187770,39.7,1200000,0x0
1781187771,39.7,1200000,0x0
1781187772,39.7,1200000,0x0
1781187773,40.2,1200000,0x0
1781187775,40.2,1200000,0x0
1781187776,39.7,1200000,0x0
1781187777,39.7,1200000,0x0
1781187778,40.2,1200000,0x0
1781187779,39.7,1200000,0x0
1781187780,39.7,1200000,0x0
1781187781,39.7,1200000,0x0
1781187782,39.7,1200000,0x0
1781187783,40.2,1200000,0x0
1781187784,40.2,1200000,0x0
1781187785,39.7,1200000,0x0
1781187786,39.7,1200000,0x0
1781187787,39.7,1200000,0x0
1781187789,39.7,1200000,0x0
1781187790,39.7,1200000,0x0
1781187791,39.7,1200000,0x0
1781187792,40.2,1200000,0x0
1781187793,39.7,1200000,0x0
1781187794,39.7,1200000,0x0
1781187795,39.7,1200000,0x0
1781187796,39.7,1200000,0x0
1781187797,40.2,1200000,0x0
1781187798,39.7,1200000,0x0
1781187799,39.7,1200000,0x0
1781187800,39.7,1200000,0x0
1781187802,39.7,1200000,0x0
1781187803,39.7,1200000,0x0
1781187804,40.2,1200000,0x0
1781187805,39.7,1200000,0x0
1781187806,39.7,1200000,0x0
1781187807,39.7,1200000,0x0
1781187808,39.7,1200000,0x0
1781187809,39.7,1200000,0x0
1781187810,39.7,1200000,0x0
1781187811,39.7,1200000,0x0
1781187812,39.7,1200000,0x0
1781187813,39.7,1200000,0x0
1781187814,39.7,1200000,0x0
1781187816,40.2,1200000,0x0
1781187817,39.7,1200000,0x0
1781187818,39.7,1200000,0x0
1781187819,39.7,1200000,0x0
1781187820,39.7,1200000,0x0
1781187821,39.7,1200000,0x0
1781187822,39.7,1200000,0x0
1781187823,40.2,1200000,0x0
1781187824,39.7,1200000,0x0
1781187825,39.7,1200000,0x0
1781187826,40.2,1200000,0x0
1781187827,39.7,1200000,0x0
1781187829,39.7,1200000,0x0
1781187830,39.7,1200000,0x0
1781187831,39.7,1200000,0x0
1781187832,39.7,1200000,0x0
1781187833,39.7,1200000,0x0
1781187834,39.7,1200000,0x0
1781187835,39.7,1200000,0x0
1781187836,39.7,1200000,0x0
1781187837,40.2,1200000,0x0
1781187838,39.7,1200000,0x0
1781187839,39.7,1200000,0x0
1781187840,39.7,1200000,0x0
1781187841,39.7,1200000,0x0
1781187843,40.2,1200000,0x0
1781187844,39.7,1200000,0x0
1781187845,39.7,1200000,0x0
1781187846,39.7,1200000,0x0
1781187847,39.7,1200000,0x0
1781187848,39.7,1200000,0x0
1781187849,39.7,1200000,0x0
1781187850,39.7,1200000,0x0
1781187851,39.7,1200000,0x0
1781187852,39.7,1200000,0x0
1781187853,39.2,1200000,0x0
1781187854,40.2,1200000,0x0
1781187856,39.7,1200000,0x0
1781187857,39.7,1200000,0x0
1781187858,39.7,1200000,0x0
1781187859,40.2,1200000,0x0
1781187860,39.2,1200000,0x0
1781187861,39.7,1200000,0x0
1781187862,39.7,1200000,0x0
1781187863,39.7,1200000,0x0
1781187864,39.7,1200000,0x0
1781187865,39.7,1200000,0x0
1781187866,39.7,1200000,0x0
1781187867,39.7,1200000,0x0
1781187868,39.7,1200000,0x0
1781187870,40.2,1200000,0x0
1781187871,39.7,1200000,0x0
1781187872,39.7,1200000,0x0
1781187873,39.7,1200000,0x0
1781187874,40.2,1200000,0x0
1781187875,40.2,1200000,0x0
1781187876,39.7,1200000,0x0
1781187877,39.7,1200000,0x0
1781187878,39.7,1200000,0x0
1781187879,39.7,1200000,0x0
1781187880,39.7,1200000,0x0
1781187881,39.7,1200000,0x0
1781187883,39.7,1200000,0x0
1781187884,39.7,1200000,0x0
1781187885,39.7,1200000,0x0
1781187886,39.7,1200000,0x0
1781187887,39.7,1200000,0x0
1781187888,40.8,1200000,0x0
1781187889,39.7,1200000,0x0
1781187890,40.2,1200000,0x0
1781187891,39.7,1200000,0x0
1781187892,40.2,1200000,0x0
1781187893,40.2,1200000,0x0
1781187894,39.7,1200000,0x0
1781187895,39.7,1200000,0x0
1781187897,39.7,1200000,0x0
1781187898,39.7,1200000,0x0
1781187899,39.7,1200000,0x0
1781187900,39.7,1200000,0x0
1781187901,39.7,1200000,0x0
1781187902,40.2,1200000,0x0
1781187903,39.7,1200000,0x0
1781187904,39.7,1200000,0x0
1781187905,39.7,1200000,0x0
1781187906,39.7,1200000,0x0
1781187907,39.7,1200000,0x0
1781187908,39.7,1200000,0x0
1781187910,40.2,1200000,0x0
1781187911,39.7,1200000,0x0
1781187912,39.7,1200000,0x0
1781187913,40.8,1200000,0x0
1781187914,40.2,1200000,0x0
1781187915,39.7,1200000,0x0
1781187916,39.7,1200000,0x0
1781187917,39.7,1200000,0x0
1781187918,39.7,1200000,0x0
1781187919,39.7,1200000,0x0
1781187920,39.7,1200000,0x0
1781187921,40.8,1200000,0x0
1781187922,40.8,1200000,0x0
1781187924,39.7,1200000,0x0
1781187925,39.7,1200000,0x0
1781187926,40.2,1200000,0x0
1781187927,39.7,1200000,0x0
1781187928,40.2,1200000,0x0
1781187929,39.7,1200000,0x0
1781187930,39.7,1200000,0x0
1781187931,40.2,1200000,0x0
1781187932,39.7,1200000,0x0
1781187933,39.7,1200000,0x0
1781187934,40.8,1200000,0x0
1781187935,39.7,1200000,0x0
1781187937,39.7,1200000,0x0
1781187938,40.2,1200000,0x0
1781187939,39.7,1200000,0x0
1781187940,39.7,1200000,0x0
1781187941,39.7,1200000,0x0
1781187942,39.7,1200000,0x0
1781187943,39.7,1200000,0x0
1781187944,39.7,1200000,0x0
1781187945,39.7,1200000,0x0
1781187946,39.7,1200000,0x0
1781187947,39.7,1200000,0x0
1781187948,39.7,1200000,0x0
1781187949,39.7,1200000,0x0
1781187951,39.7,1200000,0x0
1781187952,39.7,1200000,0x0
1781187953,39.7,1200000,0x0
1781187954,39.7,1200000,0x0
1781187955,40.2,1200000,0x0
1781187956,39.7,1200000,0x0
1781187957,39.7,1200000,0x0
1781187958,39.7,1200000,0x0
1781187959,39.7,1200000,0x0
1781187960,40.2,1200000,0x0
1781187961,39.7,1200000,0x0
1781187962,39.7,1200000,0x0
1781187964,39.7,1200000,0x0
1781187965,39.7,1200000,0x0
1781187966,39.7,1200000,0x0
1781187967,40.2,1200000,0x0
1781187968,40.2,1200000,0x0
1781187969,40.2,1200000,0x0
1781187970,40.2,1200000,0x0
1781187971,39.7,1200000,0x0
1781187972,39.7,1200000,0x0
1781187973,40.2,1200000,0x0
1781187974,39.7,1200000,0x0
1781187975,39.7,1200000,0x0
1781187977,40.2,1200000,0x0
1781187978,39.7,1200000,0x0
1781187979,39.7,1200000,0x0
1781187980,39.7,1200000,0x0
1781187981,40.2,1200000,0x0
1781187982,39.7,1200000,0x0
1781187983,39.7,1200000,0x0
1781187984,39.7,1200000,0x0
1781187985,40.2,1200000,0x0
1781187986,40.2,1200000,0x0
1781187987,40.8,1200000,0x0
1781187988,40.2,1200000,0x0
1781187989,39.7,1200000,0x0
1781187991,39.7,1200000,0x0
1781187992,40.2,1200000,0x0
1781187993,39.7,1200000,0x0
1781187994,39.7,1200000,0x0
1781187995,39.7,1200000,0x0
1781187996,39.7,1200000,0x0
1781187997,39.7,1200000,0x0
1781187998,40.2,1200000,0x0
1781187999,40.2,1200000,0x0
1781188000,40.2,1200000,0x0
1781188001,39.7,1200000,0x0
1781188002,40.2,1200000,0x0
1781188004,39.7,1200000,0x0
1781188005,39.7,1200000,0x0
1781188006,39.7,1200000,0x0
1781188007,40.2,1200000,0x0
1781188008,39.7,1200000,0x0
1781188009,39.7,1200000,0x0
1781188010,39.7,1200000,0x0
1781188011,39.7,1200000,0x0
1781188012,40.2,1200000,0x0
1781188013,40.2,1200000,0x0
1781188014,39.7,1200000,0x0
1781188015,40.2,1200000,0x0
1781188016,40.2,1200000,0x0
1781188018,40.2,1200000,0x0
1781188019,40.2,1200000,0x0
1781188020,39.7,1200000,0x0
1781188021,39.7,1200000,0x0
1781188022,39.7,1200000,0x0
1781188023,40.2,1200000,0x0
1781188024,39.7,1200000,0x0
1781188025,39.7,1200000,0x0
1781188026,40.2,1200000,0x0
1781188027,39.7,1200000,0x0
1781188028,39.7,1200000,0x0
1781188029,39.7,1200000,0x0
1781188031,39.7,1200000,0x0
1781188032,39.7,1200000,0x0
1781188033,39.7,1200000,0x0
1781188034,39.7,1200000,0x0
1781188035,39.7,1200000,0x0
1781188036,40.2,1200000,0x0
1781188037,40.2,1200000,0x0
1781188038,40.2,1200000,0x0
1781188039,39.7,1200000,0x0
1781188040,39.7,1200000,0x0
1781188041,40.2,1200000,0x0
1781188042,39.7,1200000,0x0
1781188043,39.7,1200000,0x0
1781188045,39.7,1200000,0x0
1781188046,40.2,1200000,0x0
1781188047,39.7,1200000,0x0
1781188048,39.7,1200000,0x0
1781188049,40.2,1200000,0x0
1781188050,40.2,1200000,0x0
1781188051,40.2,1200000,0x0
1781188052,40.8,1200000,0x0
1781188053,40.2,1200000,0x0
1781188054,39.7,1200000,0x0
1781188055,39.7,1200000,0x0
1781188056,39.7,1200000,0x0
1781188058,40.8,1200000,0x0
1781188059,39.7,1200000,0x0
1781188060,39.7,1200000,0x0
1781188061,40.2,1200000,0x0
1781188062,39.7,1200000,0x0
1781188063,39.7,1200000,0x0
1781188064,39.7,1200000,0x0
1781188065,39.7,1200000,0x0
1781188066,39.7,1200000,0x0
1781188067,40.2,1200000,0x0
1781188068,39.7,1200000,0x0
1781188069,39.7,1200000,0x0
1781188070,39.7,1200000,0x0
1781188072,39.7,1200000,0x0
1781188073,39.7,1200000,0x0
1781188074,40.8,1200000,0x0
1781188075,40.2,1200000,0x0
1781188076,39.7,1200000,0x0
1781188077,40.8,1200000,0x0
1781188078,40.2,1200000,0x0
1781188079,39.7,1200000,0x0
1781188080,40.2,1200000,0x0
1781188081,39.7,1200000,0x0
1781188082,39.7,1200000,0x0
1781188083,39.7,1200000,0x0
1781188085,40.2,1200000,0x0
1781188086,39.7,1200000,0x0
1781188087,39.7,1200000,0x0
1781188088,39.7,1200000,0x0
1781188089,39.7,1200000,0x0
1781188090,39.7,1200000,0x0
1781188091,39.7,1200000,0x0
1781188092,39.7,1200000,0x0
1781188093,39.7,1200000,0x0
1781188094,40.2,1200000,0x0
1781188095,39.7,1200000,0x0
1781188096,40.2,1200000,0x0
1781188097,39.7,1200000,0x0
1781188099,40.2,1200000,0x0
1781188100,40.2,1200000,0x0
1781188101,40.2,1200000,0x0
1781188102,39.7,1200000,0x0
1781188103,39.7,1200000,0x0
1781188104,40.2,1200000,0x0
1781188105,39.7,1200000,0x0
1781188106,40.2,1200000,0x0
1781188107,39.7,1200000,0x0
1781188108,40.2,1200000,0x0
1781188109,39.7,1200000,0x0
1781188110,39.7,1200000,0x0
1781188112,39.7,1200000,0x0
1781188113,39.7,1200000,0x0
1781188114,39.7,1200000,0x0
1781188115,39.7,1200000,0x0
1781188116,39.7,1200000,0x0
1781188117,39.7,1200000,0x0
1781188118,40.2,1200000,0x0
1781188119,39.7,1200000,0x0
1781188120,39.7,1200000,0x0
1781188121,39.7,1200000,0x0
1781188122,40.2,1200000,0x0
1781188123,39.7,1200000,0x0
1781188124,39.7,1200000,0x0
1781188126,40.2,1200000,0x0
1781188127,39.7,1200000,0x0
1781188128,39.7,1200000,0x0
1781188129,39.7,1200000,0x0
1781188130,40.8,1200000,0x0
1781188131,40.2,1200000,0x0
1781188132,39.7,1200000,0x0
1781188133,39.7,1200000,0x0
1781188134,39.7,1200000,0x0
1781188135,39.7,1200000,0x0
1781188136,39.7,1200000,0x0
1781188137,39.7,1200000,0x0
1781188139,39.7,1200000,0x0
1781188140,39.7,1200000,0x0
1781188141,39.7,1200000,0x0
1781188142,39.7,1200000,0x0
1781188143,40.2,1200000,0x0
1781188144,40.2,1200000,0x0
1781188145,40.2,1200000,0x0
1781188146,39.7,1200000,0x0
1781188147,39.7,1200000,0x0
1781188148,39.7,1200000,0x0
1781188149,39.7,1200000,0x0
1781188150,39.7,1200000,0x0
1781188151,40.2,1200000,0x0
1781188153,40.8,1200000,0x0
1781188154,40.2,1200000,0x0
1781188155,40.2,1200000,0x0
1781188156,40.2,1200000,0x0
1781188157,39.7,1200000,0x0
1781188158,39.7,1200000,0x0
1781188159,39.7,1200000,0x0
1781188160,40.2,1200000,0x0
1781188161,40.2,1200000,0x0
1781188162,39.7,1200000,0x0
1781188163,39.7,1200000,0x0
1781188164,39.7,1200000,0x0
1781188166,40.2,1200000,0x0
1781188167,40.2,1200000,0x0
1781188168,39.7,1200000,0x0
1781188169,39.7,1200000,0x0
1781188170,39.7,1200000,0x0
1781188171,39.7,1200000,0x0
1781188172,39.7,1200000,0x0
1781188173,39.7,1200000,0x0
1781188174,39.7,1200000,0x0
1781188175,39.7,1200000,0x0
1781188176,40.2,1200000,0x0
1781188177,40.2,1200000,0x0
1781188178,39.7,1200000,0x0
1781188180,40.2,1200000,0x0
1781188181,39.7,1200000,0x0
1781188182,40.2,1200000,0x0
1781188183,40.2,1200000,0x0
1781188184,39.7,1200000,0x0
1781188185,39.7,1200000,0x0
1781188186,40.8,1200000,0x0
1781188187,39.7,1200000,0x0
1781188188,40.2,1200000,0x0
1781188189,39.7,1200000,0x0
1781188190,40.2,1200000,0x0
1781188191,39.7,1200000,0x0
1781188193,39.7,1200000,0x0
1781188194,39.7,1200000,0x0
1781188195,40.2,1200000,0x0
1781188196,39.7,1200000,0x0
1781188197,40.2,1200000,0x0
1781188198,39.7,1200000,0x0
1781188199,40.2,1200000,0x0
1781188200,39.7,1200000,0x0
1781188201,40.2,1200000,0x0
1781188202,40.2,1200000,0x0
1781188203,39.7,1200000,0x0
1781188204,39.7,1200000,0x0
1781188205,39.7,1200000,0x0
1781188207,40.2,1200000,0x0
1781188208,39.7,1200000,0x0
1781188209,39.7,1200000,0x0
1781188210,39.7,1200000,0x0
1781188211,39.7,1200000,0x0
1781188212,40.2,1200000,0x0
1781188213,40.2,1200000,0x0
1781188214,39.7,1200000,0x0
1781188215,40.2,1200000,0x0
1781188216,40.2,1200000,0x0
1781188217,40.2,1200000,0x0
1781188218,40.2,1200000,0x0
1781188220,40.2,1200000,0x0
1781188221,39.7,1200000,0x0
1781188222,39.7,1200000,0x0
1781188223,39.7,1200000,0x0
1781188224,40.2,1200000,0x0
1781188225,39.7,1200000,0x0
1781188226,39.7,1200000,0x0
1781188227,40.2,1200000,0x0
1781188228,39.7,1200000,0x0
1781188229,40.2,1200000,0x0
1781188230,39.7,1200000,0x0
1781188231,40.2,1200000,0x0
1781188232,39.7,1200000,0x0
1781188234,40.8,1200000,0x0
1781188235,40.8,1200000,0x0
1781188236,40.2,1200000,0x0
1781188237,39.7,1200000,0x0
1781188238,39.7,1200000,0x0
1781188239,39.7,1200000,0x0
1781188240,39.7,1200000,0x0
1781188241,40.2,1200000,0x0
1781188242,40.2,1200000,0x0
1781188243,40.2,1200000,0x0
1781188244,40.2,1200000,0x0
1781188245,40.8,1200000,0x0
1781188247,39.7,1200000,0x0
1781188248,39.7,1200000,0x0
1781188249,39.7,1200000,0x0
1781188250,39.7,1200000,0x0
1781188251,39.7,1200000,0x0
1781188252,40.2,1200000,0x0
1781188253,39.7,1200000,0x0
1781188254,39.7,1200000,0x0
1781188255,39.7,1200000,0x0
1781188256,39.7,1200000,0x0
1781188257,40.2,1200000,0x0
1781188258,39.7,1200000,0x0
1781188259,39.7,1200000,0x0
1781188261,40.2,1200000,0x0
1781188262,39.7,1200000,0x0
1781188263,39.7,1200000,0x0
1781188264,40.2,1200000,0x0
1781188265,40.2,1200000,0x0
1781188266,40.2,1200000,0x0
1781188267,40.2,1200000,0x0
1781188268,40.2,1200000,0x0
1781188269,39.7,1200000,0x0
1781188270,40.2,1200000,0x0
1781188271,40.2,1200000,0x0
1781188272,39.7,1200000,0x0
1781188274,39.7,1200000,0x0
1781188275,39.7,1200000,0x0
1781188276,40.2,1200000,0x0
1781188277,40.2,1200000,0x0
1781188278,39.7,1200000,0x0
1781188279,40.2,1200000,0x0
1781188280,40.2,1200000,0x0
1781188281,40.2,1200000,0x0
1781188282,39.7,1200000,0x0
1781188283,39.7,1200000,0x0
1781188284,40.8,1200000,0x0
1781188285,39.7,1200000,0x0
1781188286,40.8,1200000,0x0
1781188288,40.2,1200000,0x0
1781188289,40.8,1200000,0x0
1781188290,40.2,1200000,0x0
1781188291,39.7,1200000,0x0
1781188292,39.7,1200000,0x0
1781188293,40.8,1200000,0x0
1781188294,39.7,1200000,0x0
1781188295,40.2,1200000,0x0
1781188296,40.8,1200000,0x0
1781188297,40.2,1200000,0x0
1781188298,39.7,1200000,0x0
1781188299,39.7,1200000,0x0
1781188301,40.2,1200000,0x0
1781188302,39.7,1200000,0x0
1781188303,39.7,1200000,0x0
1781188304,40.8,1200000,0x0
1781188305,40.2,1200000,0x0
1781188306,39.7,1200000,0x0
1781188307,40.2,1200000,0x0
1781188308,40.2,1200000,0x0
1781188309,39.7,1200000,0x0
1781188310,39.7,1200000,0x0
1781188311,39.7,1200000,0x0
1781188312,39.7,1200000,0x0
1781188313,40.8,1200000,0x0
1781188315,40.2,1200000,0x0
1781188316,39.7,1200000,0x0
1781188317,39.7,1200000,0x0
1781188318,39.7,1200000,0x0
1781188319,39.7,1200000,0x0
1781188320,39.7,1200000,0x0
1781188321,39.2,1200000,0x0
1781188322,39.7,1200000,0x0
1781188323,39.7,1200000,0x0
1781188324,40.2,1200000,0x0
1781188325,39.7,1200000,0x0
1781188326,39.7,1200000,0x0
1781188328,40.2,1200000,0x0
1781188329,40.2,1200000,0x0
1781188330,39.7,1200000,0x0
1781188331,40.8,1200000,0x0
1781188332,39.7,1200000,0x0
1781188333,40.8,1200000,0x0
1781188334,40.8,1200000,0x0
1781188335,39.7,1200000,0x0
1781188336,40.2,1200000,0x0
1781188337,39.7,1200000,0x0
1781188338,39.7,1200000,0x0
1781188339,39.7,1200000,0x0
1781188340,39.7,1200000,0x0
1781188342,40.2,1200000,0x0
1781188343,39.7,1200000,0x0
1781188344,39.7,1200000,0x0
1781188345,39.7,1200000,0x0
1781188346,39.7,1200000,0x0
1781188347,40.2,1200000,0x0
1781188348,40.2,1200000,0x0
1781188349,40.2,1200000,0x0
1781188350,40.2,1200000,0x0
1781188351,39.7,1200000,0x0
1781188352,39.7,1200000,0x0
1781188353,40.2,1200000,0x0
1781188355,40.2,1200000,0x0
1781188356,39.7,1200000,0x0
1781188357,39.7,1200000,0x0
1781188358,39.7,1200000,0x0
1781188359,39.7,1200000,0x0
1781188360,39.7,1200000,0x0
1781188361,39.7,1200000,0x0
1781188362,40.8,1200000,0x0
1781188363,40.8,1200000,0x0
1781188364,39.7,1200000,0x0
1781188365,40.2,1200000,0x0
1781188366,39.7,1200000,0x0
1781188367,39.7,1200000,0x0
1781188369,40.2,1200000,0x0
1781188370,40.2,1200000,0x0
1781188371,39.7,1200000,0x0
1781188372,40.2,1200000,0x0
1781188373,40.2,1200000,0x0
1781188374,40.2,1200000,0x0
1781188375,39.7,1200000,0x0
1781188376,40.2,1200000,0x0
1781188377,39.7,1200000,0x0
1781188378,39.7,1200000,0x0
1781188379,40.8,1200000,0x0
1781188380,39.7,1200000,0x0
1781188382,39.7,1200000,0x0
1781188383,40.8,1200000,0x0
1781188384,40.8,1200000,0x0
1781188385,39.7,1200000,0x0
1781188386,39.7,1200000,0x0
1781188387,39.7,1200000,0x0
1781188388,40.2,1200000,0x0
1781188389,39.7,1200000,0x0
1781188390,40.2,1200000,0x0
1781188391,40.8,1200000,0x0
1781188392,40.2,1200000,0x0
1781188393,40.2,1200000,0x0
1781188394,39.7,1200000,0x0
1781188396,40.2,1200000,0x0
1781188397,39.7,1200000,0x0
1781188398,40.8,1200000,0x0
1781188399,39.7,1200000,0x0
1781188400,39.7,1200000,0x0
1781188401,39.7,1200000,0x0
1781188402,39.7,1200000,0x0
1781188403,39.7,1200000,0x0
1781188404,40.8,1200000,0x0
1781188405,39.7,1200000,0x0
1781188406,39.7,1200000,0x0
1781188407,39.7,1200000,0x0
1781188409,39.7,1200000,0x0
1781188410,39.7,1200000,0x0
1781188411,40.2,1200000,0x0
1781188412,39.7,1200000,0x0
1781188413,39.7,1200000,0x0
1781188414,39.7,1200000,0x0
1781188415,39.7,1200000,0x0
1781188416,39.7,1200000,0x0
1781188417,40.2,1200000,0x0
1781188418,39.7,1200000,0x0
1781188419,39.7,1200000,0x0
1781188420,40.8,1200000,0x0
1781188421,39.7,1200000,0x0
1781188423,39.7,1200000,0x0
1781188424,39.7,1200000,0x0
1781188425,40.8,1200000,0x0
1781188426,39.7,1200000,0x0
1781188427,39.7,1200000,0x0
1781188428,40.2,1200000,0x0
1781188429,39.7,1200000,0x0
1781188430,39.7,1200000,0x0
1781188431,39.7,1200000,0x0
1781188432,39.7,1200000,0x0
1781188433,40.2,1200000,0x0
1781188434,39.7,1200000,0x0
1781188436,39.7,1200000,0x0
1781188437,39.7,1200000,0x0
1781188438,39.7,1200000,0x0
1781188439,39.7,1200000,0x0
1781188440,39.7,1200000,0x0
1781188441,40.2,1200000,0x0
1781188442,40.8,1200000,0x0
1781188443,40.2,1200000,0x0
1781188444,39.7,1200000,0x0
1781188445,40.8,1200000,0x0
1781188446,39.7,1200000,0x0
1781188447,39.7,1200000,0x0
1781188448,40.2,1200000,0x0
1781188450,40.2,1200000,0x0
1781188451,40.2,1200000,0x0
1781188452,40.2,1200000,0x0
1781188453,40.2,1200000,0x0
1781188454,39.7,1200000,0x0
1781188455,40.2,1200000,0x0
1781188456,40.2,1200000,0x0
1781188457,39.7,1200000,0x0
1781188458,39.7,1200000,0x0
1781188459,40.2,1200000,0x0
1781188460,40.2,1200000,0x0
1781188461,40.2,1200000,0x0
1781188463,40.8,1200000,0x0
1781188464,40.8,1200000,0x0
1781188465,40.2,1200000,0x0
1781188466,40.2,1200000,0x0
1781188467,40.8,1200000,0x0
1781188468,39.7,1200000,0x0
1781188469,40.2,1200000,0x0
1781188470,40.2,1200000,0x0
1781188471,40.2,1200000,0x0
1781188472,40.2,1200000,0x0
1781188473,40.8,1200000,0x0
1781188474,40.8,1200000,0x0
1781188475,40.2,1200000,0x0
1781188477,39.7,1200000,0x0
1781188478,39.7,1200000,0x0
1781188479,40.2,1200000,0x0
1781188480,40.8,1200000,0x0
1781188481,40.2,1200000,0x0
1781188482,40.2,1200000,0x0
1781188483,40.2,1200000,0x0
1781188484,40.2,1200000,0x0
1781188485,40.8,1200000,0x0
1781188486,40.2,1200000,0x0
1781188487,39.7,1200000,0x0
1781188488,39.7,1200000,0x0
1781188490,40.2,1200000,0x0
1781188491,39.7,1200000,0x0
1781188492,40.2,1200000,0x0
1781188493,39.7,1200000,0x0
1781188494,39.7,1200000,0x0
1781188495,40.2,1200000,0x0
1781188496,40.2,1200000,0x0
1781188497,39.7,1200000,0x0
1781188498,40.8,1200000,0x0
1781188499,40.2,1200000,0x0
1781188500,39.7,1200000,0x0
1781188501,40.8,1200000,0x0
1781188502,40.8,1200000,0x0
1781188504,40.8,1200000,0x0
1781188505,40.8,1200000,0x0
1781188506,39.7,1200000,0x0
1781188507,40.8,1200000,0x0
1781188508,40.2,1200000,0x0
1781188509,40.8,1200000,0x0
1781188510,39.7,1200000,0x0
1781188511,40.2,1200000,0x0
1781188512,40.8,1200000,0x0
1781188513,39.7,1200000,0x0
1781188514,39.7,1200000,0x0
1781188515,40.2,1200000,0x0
1781188517,39.7,1200000,0x0
1781188518,39.7,1200000,0x0
1781188519,39.7,1200000,0x0
1781188520,40.2,1200000,0x0
1781188521,40.8,1200000,0x0
1781188522,39.7,1200000,0x0
1781188523,40.8,1200000,0x0
1781188524,40.8,1200000,0x0
1781188525,40.2,1200000,0x0
1781188526,39.7,1200000,0x0
1781188527,39.7,1200000,0x0
1781188528,39.7,1200000,0x0
1781188529,39.7,1200000,0x0
1781188531,40.2,1200000,0x0
1781188532,39.7,1200000,0x0
1781188533,40.8,1200000,0x0
1781188534,40.2,1200000,0x0
1781188535,39.7,1200000,0x0
1781188536,39.7,1200000,0x0
1781188537,39.7,1200000,0x0
1781188538,40.8,1200000,0x0
1781188539,39.7,1200000,0x0
1781188540,39.7,1200000,0x0
1781188541,39.7,1200000,0x0
1781188542,39.7,1200000,0x0
1781188544,40.8,1200000,0x0
1781188545,40.2,1200000,0x0
1781188546,40.2,1200000,0x0
1781188547,40.8,1200000,0x0
1781188548,39.7,1200000,0x0
1781188549,40.2,1200000,0x0
1781188550,40.2,1200000,0x0
1781188551,40.2,1200000,0x0
1781188552,40.2,1200000,0x0
1781188553,40.2,1200000,0x0
1781188554,39.7,1200000,0x0
1781188555,40.8,1200000,0x0
1781188556,40.8,1200000,0x0
1781188558,39.7,1200000,0x0
1781188559,40.2,1200000,0x0
1781188560,39.7,1200000,0x0
1781188561,40.2,1200000,0x0
1781188562,39.7,1200000,0x0
1781188563,39.7,1200000,0x0
1781188564,40.8,1200000,0x0
1781188565,39.7,1200000,0x0
1781188566,40.8,1200000,0x0
1781188567,39.7,1200000,0x0
1781188568,40.2,1200000,0x0
1781188569,39.7,1200000,0x0
1781188571,39.7,1200000,0x0
1781188572,40.8,1200000,0x0
1781188573,40.8,1200000,0x0
1781188574,39.7,1200000,0x0
1781188575,39.7,1200000,0x0
1781188576,39.7,1200000,0x0
1781188577,40.2,1200000,0x0
1781188578,40.8,1200000,0x0
1781188579,39.7,1200000,0x0
1781188580,40.2,1200000,0x0
1781188581,40.2,1200000,0x0
1781188582,40.2,1200000,0x0
1781188584,39.7,1200000,0x0
1781188585,40.2,1200000,0x0
1781188586,40.2,1200000,0x0
1781188587,40.2,1200000,0x0
1781188588,40.2,1200000,0x0
1781188589,39.7,1200000,0x0
1781188590,39.7,1200000,0x0
1781188591,39.7,1200000,0x0
1781188592,40.2,1200000,0x0
1781188593,40.8,1200000,0x0
1781188594,39.7,1200000,0x0
1781188595,40.8,1200000,0x0
1781188596,40.8,1200000,0x0
1781188598,40.2,1200000,0x0
1781188599,39.7,1200000,0x0
1781188600,40.2,1200000,0x0
1781188601,40.2,1200000,0x0
1781188602,39.7,1200000,0x0
1781188603,40.2,1200000,0x0
1781188604,40.8,1200000,0x0
1781188605,40.2,1200000,0x0
1781188606,40.8,1200000,0x0
1781188607,39.7,1200000,0x0
1781188608,39.7,1200000,0x0
1781188609,40.8,1200000,0x0
1781188611,40.8,1200000,0x0
1781188612,39.7,1200000,0x0
1781188613,40.2,1200000,0x0
1781188614,40.2,1200000,0x0
1781188615,39.7,1200000,0x0
1781188616,39.7,1200000,0x0
1781188617,40.2,1200000,0x0
1781188618,40.8,1200000,0x0
1781188619,40.2,1200000,0x0
1781188620,39.7,1200000,0x0
1781188621,40.2,1200000,0x0
1781188622,39.7,1200000,0x0
1781188623,39.7,1200000,0x0
1781188625,40.2,1200000,0x0
1781188626,40.2,1200000,0x0
1781188627,40.2,1200000,0x0
1781188628,39.7,1200000,0x0
1781188629,39.7,1200000,0x0
1781188630,39.7,1200000,0x0
1781188631,40.2,1200000,0x0
1781188632,39.7,1200000,0x0
1781188633,40.2,1200000,0x0
1781188634,40.8,1200000,0x0
1781188635,39.7,1200000,0x0
1781188636,40.2,1200000,0x0
1781188638,40.2,1200000,0x0
1781188639,39.7,1200000,0x0
1781188640,39.7,1200000,0x0
1781188641,40.2,1200000,0x0
1781188642,39.7,1200000,0x0
1781188643,40.2,1200000,0x0
1781188644,39.7,1200000,0x0
1781188645,40.2,1200000,0x0
1781188646,40.8,1200000,0x0
1781188647,40.8,1200000,0x0
1781188648,40.2,1200000,0x0
1781188649,39.7,1200000,0x0
1781188650,40.2,1200000,0x0
1781188652,39.7,1200000,0x0
1781188653,39.7,1200000,0x0
1781188654,40.2,1200000,0x0
1781188655,39.7,1200000,0x0
1781188656,40.2,1200000,0x0
1781188657,40.8,1200000,0x0
1781188658,40.2,1200000,0x0
1781188659,40.2,1200000,0x0
1781188660,40.8,1200000,0x0
1781188661,40.8,1200000,0x0
1781188662,40.2,1200000,0x0
1781188663,40.2,1200000,0x0
1781188665,39.7,1200000,0x0
1781188666,39.7,1200000,0x0
1781188667,40.2,1200000,0x0
1781188668,39.7,1200000,0x0
1781188669,39.7,1200000,0x0
1781188670,40.2,1200000,0x0
1781188671,39.7,1200000,0x0
1781188672,40.2,1200000,0x0
1781188673,39.7,1200000,0x0
1781188674,40.2,1200000,0x0
1781188675,40.2,1200000,0x0
1781188676,40.2,1200000,0x0
1781188677,40.2,1200000,0x0
1781188679,40.8,1200000,0x0
1781188680,40.2,1200000,0x0
1781188681,39.7,1200000,0x0
1781188682,40.8,1200000,0x0
1781188683,39.7,1200000,0x0
1781188684,40.2,1200000,0x0
1781188685,39.7,1200000,0x0
1781188686,40.2,1200000,0x0
1781188687,40.2,1200000,0x0
1781188688,40.2,1200000,0x0
1781188689,40.2,1200000,0x0
1781188690,40.8,1200000,0x0
1781188692,39.7,1200000,0x0
1781188693,40.8,1200000,0x0
1781188694,40.2,1200000,0x0
1781188695,40.2,1200000,0x0
1781188696,39.7,1200000,0x0
1781188697,40.2,1200000,0x0
1781188698,39.7,1200000,0x0
1781188699,39.7,1200000,0x0
1781188700,39.7,1200000,0x0
1781188701,40.2,1200000,0x0
1781188702,40.8,1200000,0x0
1781188703,40.2,1200000,0x0
1781188704,39.7,1200000,0x0
1781188706,40.2,1200000,0x0
1781188707,39.7,1200000,0x0
1781188708,39.7,1200000,0x0
1781188709,40.2,1200000,0x0
1781188710,40.8,1200000,0x0
1781188711,39.7,1200000,0x0
1781188712,39.7,1200000,0x0
1781188713,40.2,1200000,0x0
1781188714,39.7,1200000,0x0
1781188715,40.8,1200000,0x0
1781188716,39.7,1200000,0x0
1781188717,40.2,1200000,0x0
1781188719,39.7,1200000,0x0
1781188720,40.2,1200000,0x0
1781188721,39.7,1200000,0x0
1781188722,40.8,1200000,0x0
1781188723,39.7,1200000,0x0
1781188724,40.2,1200000,0x0
1781188725,40.2,1200000,0x0
1781188726,39.7,1200000,0x0
1781188727,40.2,1200000,0x0
1781188728,40.8,1200000,0x0
1781188729,40.2,1200000,0x0
1781188730,40.2,1200000,0x0
1781188731,40.2,1200000,0x0
1781188733,40.2,1200000,0x0
1781188734,40.2,1200000,0x0
1781188735,40.8,1200000,0x0
1781188736,40.2,1200000,0x0
1781188737,39.7,1200000,0x0
1781188738,40.2,1200000,0x0
1781188739,39.7,1200000,0x0
1781188740,40.2,1200000,0x0
1781188741,40.8,1200000,0x0
1781188742,40.2,1200000,0x0
1781188743,40.2,1200000,0x0
1781188744,39.7,1200000,0x0
1781188746,39.7,1200000,0x0
1781188747,40.2,1200000,0x0
1781188748,40.2,1200000,0x0
1781188749,40.2,1200000,0x0
1781188750,40.8,1200000,0x0
1781188751,39.7,1200000,0x0
1781188752,40.2,1200000,0x0
1781188753,39.7,1200000,0x0
1781188754,40.8,1200000,0x0
1781188755,39.7,1200000,0x0
1781188756,39.7,1200000,0x0
1781188757,40.2,1200000,0x0
1781188758,40.2,1200000,0x0
1781188760,39.7,1200000,0x0
1781188761,40.8,1200000,0x0
1781188762,39.7,1200000,0x0
1781188763,39.7,1200000,0x0
1781188764,40.8,1200000,0x0
1781188765,40.2,1200000,0x0
1781188766,40.8,1200000,0x0
1781188767,39.7,1200000,0x0
1781188768,40.2,1200000,0x0
1781188769,40.2,1200000,0x0
1781188770,39.7,1200000,0x0
1781188771,39.7,1200000,0x0
1781188773,39.7,1200000,0x0
1781188774,40.8,1200000,0x0
1781188775,40.8,1200000,0x0
1781188776,39.7,1200000,0x0
1781188777,40.2,1200000,0x0
1781188778,40.2,1200000,0x0
1781188779,39.7,1200000,0x0
1781188780,40.2,1200000,0x0
1781188781,39.7,1200000,0x0
1781188782,39.7,1200000,0x0
1781188783,40.8,1200000,0x0
1781188784,40.8,1200000,0x0
1781188785,40.8,1200000,0x0
1781188787,39.7,1200000,0x0
1781188788,40.2,1200000,0x0
1781188789,40.2,1200000,0x0
1781188790,39.7,1200000,0x0
1781188791,39.7,1200000,0x0
1781188792,39.7,1200000,0x0
1781188793,39.7,1200000,0x0
1781188794,40.2,1200000,0x0
1781188795,39.7,1200000,0x0
1781188796,40.8,1200000,0x0
1781188797,40.2,1200000,0x0
1781188798,39.7,1200000,0x0
1781188800,40.2,1200000,0x0
1781188801,40.8,1200000,0x0
1781188802,40.8,1200000,0x0
1781188803,39.7,1200000,0x0
1781188804,39.7,1200000,0x0
1781188805,39.7,1200000,0x0
1781188806,40.2,1200000,0x0
1781188807,39.7,1200000,0x0
1781188808,39.7,1200000,0x0
1781188809,39.7,1200000,0x0
1781188810,40.8,1200000,0x0
1781188811,39.7,1200000,0x0
1781188812,40.2,1200000,0x0
1781188814,40.8,1200000,0x0
1781188815,40.2,1200000,0x0
1781188816,40.8,1200000,0x0
1781188817,40.8,1200000,0x0
1781188818,40.8,1200000,0x0
1781188819,40.2,1200000,0x0
1781188820,39.7,1200000,0x0
1781188821,40.8,1200000,0x0
1781188822,40.2,1200000,0x0
1781188823,40.8,1200000,0x0
1781188824,40.2,1200000,0x0
1781188825,40.2,1200000,0x0
1781188827,39.7,1200000,0x0
1781188828,40.2,1200000,0x0
1781188829,40.2,1200000,0x0
1781188830,40.2,1200000,0x0
1781188831,40.8,1200000,0x0
1781188832,39.7,1200000,0x0
1781188833,40.8,1200000,0x0
1781188834,39.7,1200000,0x0
1781188835,39.7,1200000,0x0
1781188836,40.8,1200000,0x0
1781188837,40.2,1200000,0x0
1781188838,40.2,1200000,0x0
1781188839,40.8,1200000,0x0
1781188841,39.7,1200000,0x0
1781188842,40.2,1200000,0x0
1781188843,40.8,1200000,0x0
1781188844,40.2,1200000,0x0
1781188845,40.8,1200000,0x0
1781188846,39.7,1200000,0x0
1781188847,40.8,1200000,0x0
1781188848,40.8,1200000,0x0
1781188849,40.8,1200000,0x0
1781188850,40.2,1200000,0x0
1781188851,40.8,1200000,0x0
1781188852,39.7,1200000,0x0
1781188854,39.7,1200000,0x0
1781188855,40.2,1200000,0x0
1781188856,39.7,1200000,0x0
1781188857,40.2,1200000,0x0
1781188858,40.2,1200000,0x0
1781188859,40.8,1200000,0x0
1781188860,40.2,1200000,0x0
1781188861,39.7,1200000,0x0
1781188862,40.2,1200000,0x0
1781188863,40.2,1200000,0x0
1781188864,39.7,1200000,0x0
1781188865,40.2,1200000,0x0
1781188866,40.8,1200000,0x0
1781188868,40.8,1200000,0x0
1781188869,40.8,1200000,0x0
1781188870,40.2,1200000,0x0
1781188871,39.7,1200000,0x0
1781188872,40.8,1200000,0x0
1781188873,40.8,1200000,0x0
1781188874,40.8,1200000,0x0
1781188875,39.7,1200000,0x0
1781188876,40.2,1200000,0x0
1781188877,39.7,1200000,0x0
1781188878,39.7,1200000,0x0
1781188879,40.8,1200000,0x0
1781188881,40.2,1200000,0x0
1781188882,40.8,1200000,0x0
1781188883,40.8,1200000,0x0
1781188884,39.7,1200000,0x0
1781188885,40.2,1200000,0x0
1781188886,39.7,1200000,0x0
1781188887,39.7,1200000,0x0
1781188888,39.7,1200000,0x0
1781188889,40.2,1200000,0x0
1781188890,39.7,1200000,0x0
1781188891,40.2,1200000,0x0
1781188892,40.8,1200000,0x0
1781188894,39.7,1200000,0x0
1781188895,40.8,1200000,0x0
1781188896,40.8,1200000,0x0
1781188897,40.2,1200000,0x0
1781188898,40.2,1200000,0x0
1781188899,40.8,1200000,0x0
1781188900,40.2,1200000,0x0
1781188901,40.2,1200000,0x0
1781188902,40.8,1200000,0x0
1781188903,39.7,1200000,0x0
1781188904,40.2,1200000,0x0
1781188905,40.8,1200000,0x0
1781188906,39.7,1200000,0x0
1781188908,40.2,1200000,0x0
1781188909,40.2,1200000,0x0
1781188910,40.8,1200000,0x0
1781188911,39.7,1200000,0x0
1781188912,39.7,1200000,0x0
1781188913,39.7,1200000,0x0
1781188914,40.2,1200000,0x0
1781188915,40.8,1200000,0x0
1781188916,40.2,1200000,0x0
1781188917,39.7,1200000,0x0
1781188918,39.7,1200000,0x0
1781188919,40.2,1200000,0x0
1781188921,39.7,1200000,0x0
1781188922,40.2,1200000,0x0
1781188923,40.2,1200000,0x0
1781188924,40.8,1200000,0x0
1781188925,40.8,1200000,0x0
1781188926,40.2,1200000,0x0
1781188927,39.7,1200000,0x0
1781188928,39.7,1200000,0x0
1781188929,39.7,1200000,0x0
1781188930,40.2,1200000,0x0
1781188931,40.8,1200000,0x0
1781188932,40.8,1200000,0x0
1781188933,40.2,1200000,0x0
1781188935,40.2,1200000,0x0
1781188936,39.7,1200000,0x0
1781188937,40.8,1200000,0x0
1781188938,40.2,1200000,0x0
1781188939,39.7,1200000,0x0
1781188940,40.8,1200000,0x0
1781188941,40.2,1200000,0x0
1781188942,40.8,1200000,0x0
1781188943,39.7,1200000,0x0
1781188944,39.7,1200000,0x0
1781188945,40.8,1200000,0x0
1781188946,40.8,1200000,0x0
1781188948,40.2,1200000,0x0
1781188949,40.2,1200000,0x0
1781188950,39.7,1200000,0x0
1781188951,40.2,1200000,0x0
1781188952,39.7,1200000,0x0
1781188953,40.2,1200000,0x0
1781188954,40.2,1200000,0x0
1781188955,40.2,1200000,0x0
1781188956,39.7,1200000,0x0
1781188957,40.8,1200000,0x0
1781188958,39.7,1200000,0x0
1781188959,39.7,1200000,0x0
1781188960,39.7,1200000,0x0
1781188962,40.8,1200000,0x0
1781188963,40.8,1200000,0x0
1781188964,40.8,1200000,0x0
1781188965,39.7,1200000,0x0
1781188966,39.7,1200000,0x0
1781188967,40.2,1200000,0x0
1781188968,40.8,1200000,0x0
1781188969,40.8,1200000,0x0
1781188970,40.8,1200000,0x0
1781188971,40.2,1200000,0x0
1781188972,39.7,1200000,0x0
1781188973,40.8,1200000,0x0
1781188975,40.8,1200000,0x0
1781188976,40.2,1200000,0x0
1781188977,40.2,1200000,0x0
1781188978,40.2,1200000,0x0
1781188979,39.7,1200000,0x0
1781188980,40.8,1200000,0x0
1781188981,40.2,1200000,0x0
1781188982,39.7,1200000,0x0
1781188983,40.2,1200000,0x0
1781188984,39.7,1200000,0x0
1781188985,40.2,1200000,0x0
1781188986,39.7,1200000,0x0
1781188987,39.7,1200000,0x0
1781188989,40.2,1200000,0x0
1781188990,40.8,1200000,0x0
1781188991,40.2,1200000,0x0
1781188992,40.2,1200000,0x0
1781188993,39.7,1200000,0x0
1781188994,40.8,1200000,0x0
1781188995,40.8,1200000,0x0
1781188996,40.8,1200000,0x0
1781188997,40.2,1200000,0x0
1781188998,39.7,1200000,0x0
1781188999,39.7,1200000,0x0
1781189000,40.2,1200000,0x0
1781189002,40.2,1200000,0x0
1781189003,40.2,1200000,0x0
1781189004,40.2,1200000,0x0
1781189005,40.2,1200000,0x0
1781189006,40.8,1200000,0x0
1781189007,40.2,1200000,0x0
1781189008,39.7,1200000,0x0
1781189009,39.7,1200000,0x0
1781189010,39.7,1200000,0x0
1781189011,39.7,1200000,0x0
1781189012,39.7,1200000,0x0
1781189013,40.2,1200000,0x0
1781189014,39.7,1200000,0x0
1781189016,40.2,1200000,0x0
1781189017,40.8,1200000,0x0
1781189018,39.7,1200000,0x0
1781189019,40.2,1200000,0x0
1781189020,40.8,1200000,0x0
1781189021,40.8,1200000,0x0
1781189022,40.2,1200000,0x0
1781189023,39.7,1200000,0x0
1781189024,40.8,1200000,0x0
1781189025,39.7,1200000,0x0
1781189026,40.2,1200000,0x0
1781189027,39.7,1200000,0x0
1781189029,40.8,1200000,0x0
1781189030,39.7,1200000,0x0
1781189031,40.2,1200000,0x0
1781189032,40.2,1200000,0x0
1781189033,40.8,1200000,0x0
1781189034,40.2,1200000,0x0
1781189035,40.2,1200000,0x0
1781189036,39.7,1200000,0x0
1781189037,39.7,1200000,0x0
1781189038,39.7,1200000,0x0
1781189039,40.8,1200000,0x0
1781189040,39.7,1200000,0x0
1781189041,40.2,1200000,0x0
1781189043,40.8,1200000,0x0
1781189044,39.7,1200000,0x0
1781189045,40.8,1200000,0x0
1781189046,39.7,1200000,0x0
1781189047,40.8,1200000,0x0
1781189048,39.7,1200000,0x0
1781189049,39.7,1200000,0x0
1781189050,40.8,1200000,0x0
1781189051,40.8,1200000,0x0
1781189052,40.2,1200000,0x0
1781189053,40.2,1200000,0x0
1781189054,40.8,1200000,0x0
1781189056,39.7,1200000,0x0
1781189057,40.2,1200000,0x0
1781189058,40.2,1200000,0x0
1781189059,40.2,1200000,0x0
1781189060,39.7,1200000,0x0
1781189061,40.2,1200000,0x0
1781189062,40.2,1200000,0x0
1781189063,39.7,1200000,0x0
1781189064,39.7,1200000,0x0
1781189065,39.7,1200000,0x0
1781189066,40.2,1200000,0x0
1781189067,39.7,1200000,0x0
1781189068,39.7,1200000,0x0
1781189070,40.8,1200000,0x0
1781189071,39.7,1200000,0x0
1781189072,40.2,1200000,0x0
1781189073,40.8,1200000,0x0
1781189074,40.8,1200000,0x0
1781189075,39.7,1200000,0x0
1781189076,40.2,1200000,0x0
1781189077,40.8,1200000,0x0
1781189078,40.8,1200000,0x0
1781189079,40.8,1200000,0x0
1781189080,39.7,1200000,0x0
1781189081,39.7,1200000,0x0
1781189083,39.7,1200000,0x0
1781189084,39.7,1200000,0x0
1781189085,40.2,1200000,0x0
1781189086,40.2,1200000,0x0
1781189087,40.2,1200000,0x0
1781189088,39.7,1200000,0x0
1781189089,40.8,1200000,0x0
1781189090,40.2,1200000,0x0
1781189091,40.2,1200000,0x0
1781189092,39.7,1200000,0x0
1781189093,39.7,1200000,0x0
1781189094,40.2,1200000,0x0
1781189096,40.8,1200000,0x0
1781189097,40.2,1200000,0x0
1781189098,40.2,1200000,0x0
1781189099,39.7,1200000,0x0
1781189100,40.2,1200000,0x0
1781189101,40.8,1200000,0x0
1781189102,40.2,1200000,0x0
1781189103,40.2,1200000,0x0
1781189104,40.8,1200000,0x0
1781189105,40.2,1200000,0x0
1781189106,40.8,1200000,0x0
1781189107,39.7,1200000,0x0
1781189108,40.8,1200000,0x0
1781189110,40.8,1200000,0x0
1781189111,39.7,1200000,0x0
1781189112,40.2,1200000,0x0
1781189113,40.8,1200000,0x0
1781189114,39.7,1200000,0x0
1781189115,39.7,1200000,0x0
1781189116,40.8,1200000,0x0
1781189117,40.8,1200000,0x0
1781189118,40.8,1200000,0x0
1781189119,39.7,1200000,0x0
1781189120,40.2,1200000,0x0
1781189121,40.8,1200000,0x0
1781189123,40.8,1200000,0x0
1781189124,39.7,1200000,0x0
1781189125,40.2,1200000,0x0
1781189126,40.8,1200000,0x0
1781189127,40.8,1200000,0x0
1781189128,40.8,1200000,0x0
1781189129,40.2,1200000,0x0
1781189130,40.8,1200000,0x0
1781189131,40.2,1200000,0x0
1781189132,40.8,1200000,0x0
1781189133,39.7,1200000,0x0
1781189134,39.7,1200000,0x0
1781189135,40.8,1200000,0x0
1781189137,40.8,1200000,0x0
1781189138,40.8,1200000,0x0
1781189139,39.7,1200000,0x0
1781189140,40.2,1200000,0x0
1781189141,40.8,1200000,0x0
1781189142,40.2,1200000,0x0
1781189143,40.2,1200000,0x0
1781189144,40.8,1200000,0x0
1781189145,40.2,1200000,0x0
1781189146,39.7,1200000,0x0
1781189147,39.7,1200000,0x0
1781189148,40.2,1200000,0x0
1781189150,40.8,1200000,0x0
1781189151,40.2,1200000,0x0
1781189152,40.2,1200000,0x0
1781189153,40.2,1200000,0x0
1781189154,39.7,1200000,0x0
1781189155,39.7,1200000,0x0
1781189156,40.8,1200000,0x0
1781189157,40.2,1200000,0x0
1781189158,40.8,1200000,0x0
1781189159,40.2,1200000,0x0
1781189160,40.2,1200000,0x0
1781189161,40.2,1200000,0x0
1781189162,39.7,1200000,0x0
1781189164,40.2,1200000,0x0
1781189165,40.8,1200000,0x0
1781189166,40.2,1200000,0x0
1781189167,40.2,1200000,0x0
1781189168,40.2,1200000,0x0
1781189169,40.8,1200000,0x0
1781189170,40.2,1200000,0x0
1781189171,39.7,1200000,0x0
1781189172,40.2,1200000,0x0
1781189173,39.7,1200000,0x0
1781189174,40.8,1200000,0x0
1781189175,40.8,1200000,0x0
1781189176,40.2,1200000,0x0
1781189178,40.2,1200000,0x0
1781189179,40.8,1200000,0x0
1781189180,40.2,1200000,0x0
1781189181,39.7,1200000,0x0
1781189182,40.8,1200000,0x0
1781189183,40.2,1200000,0x0
1781189184,40.2,1200000,0x0
1781189185,40.2,1200000,0x0
1781189186,40.2,1200000,0x0
1781189187,39.7,1200000,0x0
1781189188,40.8,1200000,0x0
1781189189,40.8,1200000,0x0
1781189191,40.2,1200000,0x0
1781189192,40.8,1200000,0x0
1781189193,40.2,1200000,0x0
1781189194,39.7,1200000,0x0
1781189195,39.7,1200000,0x0
1781189196,40.2,1200000,0x0
1781189197,40.2,1200000,0x0
1781189198,39.7,1200000,0x0
1781189199,40.2,1200000,0x0
1781189200,40.2,1200000,0x0
1781189201,39.7,1200000,0x0
1781189202,39.7,1200000,0x0
1781189204,40.2,1200000,0x0
1781189205,40.8,1200000,0x0
1781189206,40.2,1200000,0x0
1781189207,40.2,1200000,0x0
1781189208,40.2,1200000,0x0
1781189209,39.7,1200000,0x0
1781189210,40.2,1200000,0x0
1781189211,39.7,1200000,0x0
1781189212,40.2,1200000,0x0
1781189213,39.7,1200000,0x0
1781189214,40.8,1200000,0x0
1781189215,40.2,1200000,0x0
1781189216,40.8,1200000,0x0
1781189218,40.8,1200000,0x0
1781189219,40.8,1200000,0x0
1781189220,40.2,1200000,0x0
1781189221,40.8,1200000,0x0
1781189222,40.8,1200000,0x0
1781189223,40.8,1200000,0x0
1781189224,40.8,1200000,0x0
1781189225,39.7,1200000,0x0
1781189226,40.8,1200000,0x0
1781189227,40.8,1200000,0x0
1781189228,40.8,1200000,0x0
1781189229,39.7,1200000,0x0
1781189231,40.2,1200000,0x0
1781189232,40.2,1200000,0x0
1781189233,39.7,1200000,0x0
1781189234,40.2,1200000,0x0
1781189235,40.2,1200000,0x0
1781189236,39.7,1200000,0x0
1781189237,40.2,1200000,0x0
1781189238,39.7,1200000,0x0
1781189239,39.7,1200000,0x0
1781189240,40.2,1200000,0x0
1781189241,40.8,1200000,0x0
1781189242,39.7,1200000,0x0
1781189243,40.8,1200000,0x0
1781189245,40.2,1200000,0x0
1781189246,40.2,1200000,0x0
1781189247,40.8,1200000,0x0
1781189248,39.7,1200000,0x0
1781189249,40.8,1200000,0x0
1781189250,39.7,1200000,0x0
1781189251,39.7,1200000,0x0
1781189252,40.8,1200000,0x0
1781189253,40.8,1200000,0x0
1781189254,40.2,1200000,0x0
1781189255,39.7,1200000,0x0
1781189256,40.2,1200000,0x0
1781189258,40.8,1200000,0x0
1781189259,40.8,1200000,0x0
1781189260,40.2,1200000,0x0
1781189261,40.8,1200000,0x0
1781189262,40.2,1200000,0x0
1781189263,40.2,1200000,0x0
1781189264,40.2,1200000,0x0
1781189265,40.8,1200000,0x0
1781189266,40.8,1200000,0x0
1781189267,40.2,1200000,0x0
1781189268,40.8,1200000,0x0
1781189269,40.8,1200000,0x0
1781189270,39.7,1200000,0x0
1781189272,40.8,1200000,0x0
1781189273,40.8,1200000,0x0
1781189274,40.8,1200000,0x0
1781189275,39.7,1200000,0x0
1781189276,40.2,1200000,0x0
1781189277,40.8,1200000,0x0
1781189278,39.7,1200000,0x0
1781189279,40.8,1200000,0x0
1781189280,40.2,1200000,0x0
1781189281,40.8,1200000,0x0
1781189282,40.8,1200000,0x0
1781189283,40.2,1200000,0x0
1781189285,40.2,1200000,0x0
1781189286,40.2,1200000,0x0
1781189287,40.8,1200000,0x0
1781189288,40.8,1200000,0x0
1781189289,40.2,1200000,0x0
1781189290,40.8,1200000,0x0
1781189291,40.2,1200000,0x0
1781189292,39.7,1200000,0x0
1781189293,40.8,1200000,0x0
1781189294,40.2,1200000,0x0
1781189295,40.8,1200000,0x0
1781189296,39.7,1200000,0x0
1781189297,40.8,1200000,0x0
1781189299,40.8,1200000,0x0
1781189300,40.2,1200000,0x0
1781189301,40.8,1200000,0x0
1781189302,40.8,1200000,0x0
1781189303,40.8,1200000,0x0
1781189304,39.7,1200000,0x0
1781189305,40.8,1200000,0x0
1781189306,40.2,1200000,0x0
1781189307,40.8,1200000,0x0
1781189308,40.8,1200000,0x0
1781189309,39.7,1200000,0x0
1781189310,39.7,1200000,0x0
1781189312,40.8,1200000,0x0
1781189313,39.7,1200000,0x0
1781189314,40.8,1200000,0x0
1781189315,39.7,1200000,0x0
1781189316,40.8,1200000,0x0
1781189317,40.8,1200000,0x0
1781189318,40.8,1200000,0x0
1781189319,40.2,1200000,0x0
1781189320,40.8,1200000,0x0
1781189321,39.7,1200000,0x0
1781189322,39.7,1200000,0x0
1781189323,40.8,1200000,0x0
1781189324,40.2,1200000,0x0
1781189326,40.8,1200000,0x0
1781189327,40.8,1200000,0x0
1781189328,40.8,1200000,0x0
1781189329,40.8,1200000,0x0
1781189330,40.8,1200000,0x0
1781189331,40.2,1200000,0x0
1781189332,40.8,1200000,0x0
1781189333,39.7,1200000,0x0
1781189334,40.2,1200000,0x0
1781189335,40.8,1200000,0x0
1781189336,40.2,1200000,0x0
1781189337,39.7,1200000,0x0
1781189339,39.7,1200000,0x0
1781189340,39.7,1200000,0x0
1781189341,40.8,1200000,0x0
1781189342,40.8,1200000,0x0
1781189343,39.7,1200000,0x0
1781189344,40.2,1200000,0x0
1781189345,40.8,1200000,0x0
1781189346,40.8,1200000,0x0
1781189347,40.2,1200000,0x0
1781189348,40.8,1200000,0x0
1781189349,40.8,1200000,0x0
1781189350,40.2,1200000,0x0
1781189351,39.7,1200000,0x0
1781189353,40.8,1200000,0x0
1781189354,40.2,1200000,0x0
1781189355,40.8,1200000,0x0
1781189356,40.2,1200000,0x0
1781189357,40.2,1200000,0x0
1781189358,39.7,1200000,0x0
1781189359,40.8,1200000,0x0
1781189360,39.7,1200000,0x0
1781189361,40.8,1200000,0x0
1781189362,40.8,1200000,0x0
1781189363,40.2,1200000,0x0
1781189364,40.8,1200000,0x0
1781189366,39.7,1200000,0x0
1781189367,40.2,1200000,0x0
1781189368,40.2,1200000,0x0
1781189369,40.8,1200000,0x0
1781189370,39.7,1200000,0x0
1781189371,40.2,1200000,0x0
1781189372,40.8,1200000,0x0
1781189373,40.8,1200000,0x0
1781189374,40.8,1200000,0x0
1781189375,40.8,1200000,0x0
1781189376,40.8,1200000,0x0
1781189377,40.8,1200000,0x0
1781189378,40.8,1200000,0x0
1781189380,40.8,1200000,0x0
1781189381,40.2,1200000,0x0
1781189382,39.7,1200000,0x0
1781189383,39.7,1200000,0x0
1781189384,40.2,1200000,0x0
1781189385,40.2,1200000,0x0
1781189386,40.8,1200000,0x0
1781189387,39.7,1200000,0x0
1781189388,40.8,1200000,0x0
1781189389,39.7,1200000,0x0
1781189390,40.2,1200000,0x0
1781189391,40.8,1200000,0x0
1781189393,40.2,1200000,0x0
1781189394,39.7,1200000,0x0
1781189395,40.8,1200000,0x0
1781189396,40.8,1200000,0x0
1781189397,39.7,1200000,0x0
1781189398,40.2,1200000,0x0
1781189399,40.2,1200000,0x0
1781189400,40.8,1200000,0x0
1781189401,40.8,1200000,0x0
1781189402,40.2,1200000,0x0
1781189403,40.8,1200000,0x0
1781189404,40.8,1200000,0x0
1781189406,40.8,1200000,0x0
1781189407,40.8,1200000,0x0
1781189408,40.8,1200000,0x0
1781189409,40.2,1200000,0x0
1781189410,39.7,1200000,0x0
1781189411,40.8,1200000,0x0
1781189412,40.2,1200000,0x0
1781189413,40.8,1200000,0x0
1781189414,40.2,1200000,0x0
1781189415,40.2,1200000,0x0
1781189416,40.8,1200000,0x0
1781189417,39.7,1200000,0x0
1781189418,40.2,1200000,0x0
1781189420,40.8,1200000,0x0
1781189421,40.2,1200000,0x0
1781189422,39.7,1200000,0x0
1781189423,40.8,1200000,0x0
1781189424,40.2,1200000,0x0
1781189425,40.8,1200000,0x0
1781189426,40.8,1200000,0x0
1781189427,40.2,1200000,0x0
1781189428,40.2,1200000,0x0
1781189429,39.7,1200000,0x0
1781189430,39.7,1200000,0x0
1781189431,39.7,1200000,0x0
1781189433,40.2,1200000,0x0
1781189434,40.8,1200000,0x0
1781189435,40.2,1200000,0x0
1781189436,40.2,1200000,0x0
1781189437,40.2,1200000,0x0
1781189438,40.2,1200000,0x0
1781189439,40.8,1200000,0x0
1781189440,40.8,1200000,0x0
1781189441,40.2,1200000,0x0
1781189442,39.7,1200000,0x0
1781189443,40.8,1200000,0x0
1781189444,40.8,1200000,0x0
1781189445,40.2,1200000,0x0
1781189447,40.2,1200000,0x0
1781189448,40.8,1200000,0x0
1781189449,39.7,1200000,0x0
1781189450,40.2,1200000,0x0
1781189451,39.7,1200000,0x0
1781189452,40.8,1200000,0x0
1781189453,40.8,1200000,0x0
1781189454,40.8,1200000,0x0
1781189455,40.8,1200000,0x0
1781189456,40.8,1200000,0x0
1781189457,40.8,1200000,0x0
1781189458,40.8,1200000,0x0
1781189460,40.2,1200000,0x0
1781189461,39.7,1200000,0x0
1781189462,40.2,1200000,0x0
1781189463,40.8,1200000,0x0
1781189464,40.8,1200000,0x0
1781189465,40.8,1200000,0x0
1781189466,40.8,1200000,0x0
1781189467,40.8,1200000,0x0
1781189468,40.2,1200000,0x0
1781189469,40.2,1200000,0x0
1781189470,39.7,1200000,0x0
1781189471,39.7,1200000,0x0
1781189472,40.2,1200000,0x0
1781189474,39.7,1200000,0x0
1781189475,40.8,1200000,0x0
1781189476,40.8,1200000,0x0
1781189477,40.8,1200000,0x0
1781189478,40.2,1200000,0x0
1781189479,40.2,1200000,0x0
1781189480,39.7,1200000,0x0
1781189481,40.8,1200000,0x0
1781189482,39.7,1200000,0x0
1781189483,40.8,1200000,0x0
1781189484,40.2,1200000,0x0
1781189485,40.2,1200000,0x0
1781189487,40.8,1200000,0x0
1781189488,40.2,1200000,0x0
1781189489,39.7,1200000,0x0
1781189490,39.7,1200000,0x0
1781189491,39.7,1200000,0x0
1781189492,40.2,1200000,0x0
1781189493,39.7,1200000,0x0
1781189494,40.8,1200000,0x0
1781189495,40.2,1200000,0x0
1781189496,40.2,1200000,0x0
1781189497,40.8,1200000,0x0
1781189498,40.2,1200000,0x0
1781189499,40.8,1200000,0x0
1781189501,40.8,1200000,0x0
1781189502,40.2,1200000,0x0
1781189503,40.2,1200000,0x0
1781189504,40.8,1200000,0x0
1781189505,40.8,1200000,0x0
1781189506,40.2,1200000,0x0
1781189507,40.2,1200000,0x0
1781189508,40.8,1200000,0x0
1781189509,40.8,1200000,0x0
1781189510,40.8,1200000,0x0
1781189511,39.7,1200000,0x0
1781189512,40.8,1200000,0x0
1781189514,39.7,1200000,0x0
1781189515,40.8,1200000,0x0
1781189516,40.8,1200000,0x0
1781189517,40.8,1200000,0x0
1781189518,40.8,1200000,0x0
1781189519,39.7,1200000,0x0
1781189520,39.7,1200000,0x0
1781189521,40.8,1200000,0x0
1781189522,39.7,1200000,0x0
1781189523,39.7,1200000,0x0
1781189524,39.7,1200000,0x0
1781189525,40.2,1200000,0x0
1781189526,39.7,1200000,0x0
1781189528,40.8,1200000,0x0
1781189529,40.8,1200000,0x0
1781189530,40.8,1200000,0x0
1781189531,39.7,1200000,0x0
1781189532,39.7,1200000,0x0
1781189533,40.2,1200000,0x0
1781189534,40.8,1200000,0x0
1781189535,40.2,1200000,0x0
1781189536,40.8,1200000,0x0
1781189537,40.2,1200000,0x0
1781189538,39.7,1200000,0x0
1781189539,40.8,1200000,0x0
1781189541,40.8,1200000,0x0
1781189542,40.8,1200000,0x0
1781189543,39.7,1200000,0x0
1781189544,40.2,1200000,0x0
1781189545,40.8,1200000,0x0
1781189546,40.8,1200000,0x0
1781189547,40.8,1200000,0x0
1781189548,40.2,1200000,0x0
1781189549,40.8,1200000,0x0
1781189550,40.8,1200000,0x0
1781189551,40.8,1200000,0x0
1781189552,40.2,1200000,0x0
1781189553,40.8,1200000,0x0
1781189555,40.8,1200000,0x0
1781189556,40.2,1200000,0x0
1781189557,40.8,1200000,0x0
1781189558,40.8,1200000,0x0
1781189559,40.8,1200000,0x0
1781189560,39.7,1200000,0x0
1781189561,40.2,1200000,0x0
1781189562,40.8,1200000,0x0
1781189563,40.2,1200000,0x0
1781189564,40.8,1200000,0x0
1781189565,40.8,1200000,0x0
1781189566,40.8,1200000,0x0
1781189568,40.2,1200000,0x0
1781189569,39.7,1200000,0x0
1781189570,39.7,1200000,0x0
1781189571,40.2,1200000,0x0
1781189572,40.2,1200000,0x0
1781189573,40.8,1200000,0x0
1781189574,40.2,1200000,0x0
1781189575,40.2,1200000,0x0
1781189576,40.2,1200000,0x0
1781189577,40.8,1200000,0x0
1781189578,39.7,1200000,0x0
1781189579,40.2,1200000,0x0
1781189580,40.2,1200000,0x0
1781189582,39.7,1200000,0x0
1781189583,40.8,1200000,0x0
1781189584,40.2,1200000,0x0
1781189585,40.8,1200000,0x0
1781189586,40.2,1200000,0x0
1781189587,40.8,1200000,0x0
1781189588,40.8,1200000,0x0
1781189589,40.2,1200000,0x0
1781189590,40.2,1200000,0x0
1781189591,40.8,1200000,0x0
1781189592,40.8,1200000,0x0
1781189593,40.8,1200000,0x0
1781189595,40.8,1200000,0x0
1781189596,40.2,1200000,0x0
1781189597,40.8,1200000,0x0
1781189598,40.8,1200000,0x0
1781189599,40.2,1200000,0x0
1781189600,40.8,1200000,0x0
1781189601,40.2,1200000,0x0
1781189602,40.8,1200000,0x0
1781189603,40.8,1200000,0x0
1781189604,39.7,1200000,0x0
1781189605,39.7,1200000,0x0
1781189606,40.8,1200000,0x0
1781189607,40.8,1200000,0x0
1781189609,40.8,1200000,0x0
1781189610,40.8,1200000,0x0
1781189611,40.2,1200000,0x0
1781189612,40.8,1200000,0x0
1781189613,40.8,1200000,0x0
1781189614,40.8,1200000,0x0
1781189615,40.8,1200000,0x0
1781189616,40.2,1200000,0x0
1781189617,40.2,1200000,0x0
1781189618,39.7,1200000,0x0
1781189619,40.8,1200000,0x0
1781189620,40.8,1200000,0x0
1781189622,40.8,1200000,0x0
1781189623,40.8,1200000,0x0
1781189624,40.8,1200000,0x0
1781189625,40.8,1200000,0x0
1781189626,40.2,1200000,0x0
1781189627,40.2,1200000,0x0
1781189628,40.8,1200000,0x0
1781189629,40.8,1200000,0x0
1781189630,40.2,1200000,0x0
1781189631,40.2,1200000,0x0
1781189632,40.8,1200000,0x0
1781189633,40.2,1200000,0x0
1781189634,40.2,1200000,0x0
1781189636,40.8,1200000,0x0
1781189637,40.2,1200000,0x0
1781189638,40.8,1200000,0x0
1781189639,40.8,1200000,0x0
1781189640,39.7,1200000,0x0
1781189641,39.7,1200000,0x0
1781189642,40.2,1200000,0x0
1781189643,40.8,1200000,0x0
1781189644,40.8,1200000,0x0
1781189645,40.8,1200000,0x0
1781189646,39.7,1200000,0x0
1781189647,40.8,1200000,0x0
1781189649,40.2,1200000,0x0
1781189650,40.8,1200000,0x0
1781189651,40.8,1200000,0x0
1781189652,40.8,1200000,0x0
1781189653,40.8,1200000,0x0
1781189654,40.8,1200000,0x0
1781189655,40.8,1200000,0x0
1781189656,40.2,1200000,0x0
1781189657,39.7,1200000,0x0
1781189658,40.8,1200000,0x0
1781189659,40.8,1200000,0x0
1781189660,39.7,1200000,0x0
1781189661,40.8,1200000,0x0
1781189663,40.2,1200000,0x0
1781189664,40.2,1200000,0x0
1781189665,40.2,1200000,0x0
1781189666,40.8,1200000,0x0
1781189667,40.8,1200000,0x0
1781189668,40.8,1200000,0x0
1781189669,39.7,1200000,0x0
1781189670,40.8,1200000,0x0
1781189671,40.8,1200000,0x0
1781189672,40.8,1200000,0x0
1781189673,40.8,1200000,0x0
1781189674,40.2,1200000,0x0
1781189676,40.2,1200000,0x0
1781189677,40.8,1200000,0x0
1781189678,40.8,1200000,0x0
1781189679,39.7,1200000,0x0
1781189680,40.2,1200000,0x0
1781189681,40.8,1200000,0x0
1781189682,40.8,1200000,0x0
1781189683,40.8,1200000,0x0
1781189684,40.8,1200000,0x0
1781189685,40.8,1200000,0x0
1781189686,40.8,1200000,0x0
1781189687,40.8,1200000,0x0
1781189688,40.8,1200000,0x0
1781189690,40.8,1200000,0x0
1781189691,40.8,1200000,0x0
1781189692,40.8,1200000,0x0
1781189693,40.8,1200000,0x0
1781189694,39.7,1200000,0x0
1781189695,39.7,1200000,0x0
1781189696,40.8,1200000,0x0
1781189697,39.7,1200000,0x0
1781189698,40.8,1200000,0x0
1781189699,40.8,1200000,0x0
1781189700,40.8,1200000,0x0
1781189701,39.7,1200000,0x0
1781189703,40.8,1200000,0x0
1781189704,40.2,1200000,0x0
1781189705,40.8,1200000,0x0
1781189706,40.2,1200000,0x0
1781189707,40.2,1200000,0x0
1781189708,40.8,1200000,0x0
1781189709,40.8,1200000,0x0
1781189710,40.8,1200000,0x0
1781189711,40.2,1200000,0x0
1781189712,39.7,1200000,0x0
1781189713,40.2,1200000,0x0
1781189714,40.8,1200000,0x0
1781189715,39.7,1200000,0x0
1781189717,40.8,1200000,0x0
1781189718,40.8,1200000,0x0
1781189719,39.7,1200000,0x0
1781189720,40.2,1200000,0x0
1781189721,40.2,1200000,0x0
1781189722,40.2,1200000,0x0
1781189723,40.2,1200000,0x0
1781189724,39.7,1200000,0x0
1781189725,40.2,1200000,0x0
1781189726,39.7,1200000,0x0
1781189727,40.8,1200000,0x0
1781189728,40.8,1200000,0x0
1781189730,40.2,1200000,0x0
1781189731,40.2,1200000,0x0
1781189732,40.8,1200000,0x0
1781189733,40.8,1200000,0x0
1781189734,40.8,1200000,0x0
1781189735,39.7,1200000,0x0
1781189736,40.8,1200000,0x0
1781189737,40.8,1200000,0x0
1781189738,40.2,1200000,0x0
1781189739,40.8,1200000,0x0
1781189740,40.8,1200000,0x0
1781189741,40.2,1200000,0x0
1781189742,40.8,1200000,0x0
1781189744,40.8,1200000,0x0
1781189745,40.8,1200000,0x0
1781189746,40.8,1200000,0x0
1781189747,40.8,1200000,0x0
1781189748,40.8,1200000,0x0
1781189749,40.8,1200000,0x0
1781189750,40.2,1200000,0x0
1781189751,40.2,1200000,0x0
1781189752,40.2,1200000,0x0
1781189753,40.8,1200000,0x0
1781189754,39.7,1200000,0x0
1781189755,40.8,1200000,0x0
1781189757,39.7,1200000,0x0
1781189758,40.8,1200000,0x0
1781189759,40.8,1200000,0x0
1781189760,40.8,1200000,0x0
1781189761,40.8,1200000,0x0
1781189762,40.8,1200000,0x0
1781189763,40.8,1200000,0x0
1781189764,40.8,1200000,0x0
1781189765,40.8,1200000,0x0
1781189766,40.8,1200000,0x0
1781189767,40.2,1200000,0x0
1781189768,40.8,1200000,0x0
1781189769,40.2,1200000,0x0
1781189771,40.8,1200000,0x0
1781189772,40.2,1200000,0x0
1781189773,40.2,1200000,0x0
1781189774,40.2,1200000,0x0
1781189775,40.8,1200000,0x0
1781189776,40.8,1200000,0x0
1781189777,40.8,1200000,0x0
1781189778,40.8,1200000,0x0
1781189779,39.7,1200000,0x0
1781189780,40.8,1200000,0x0
1781189781,40.8,1200000,0x0
1781189782,40.8,1200000,0x0
1781189784,39.7,1200000,0x0
1781189785,40.8,1200000,0x0
1781189786,39.7,1200000,0x0
1781189787,39.7,1200000,0x0
1781189788,40.2,1200000,0x0
1781189789,40.8,1200000,0x0
1781189790,39.7,1200000,0x0
1781189791,40.2,1200000,0x0
1781189792,40.8,1200000,0x0
1781189793,40.2,1200000,0x0
1781189794,40.2,1200000,0x0
1781189795,40.8,1200000,0x0
1781189796,40.8,1200000,0x0
1781189798,39.7,1200000,0x0
1781189799,40.8,1200000,0x0
1781189800,40.8,1200000,0x0
1781189801,40.2,1200000,0x0
1781189802,40.8,1200000,0x0
1781189803,40.8,1200000,0x0
1781189804,40.8,1200000,0x0
1781189805,39.7,1200000,0x0
1781189806,40.2,1200000,0x0
1781189807,40.8,1200000,0x0
1781189808,40.2,1200000,0x0
1781189809,40.2,1200000,0x0
1781189811,40.8,1200000,0x0
1781189812,40.8,1200000,0x0
1781189813,40.2,1200000,0x0
1781189814,40.2,1200000,0x0
1781189815,39.7,1200000,0x0
1781189816,40.8,1200000,0x0
1781189817,40.8,1200000,0x0
1781189818,40.8,1200000,0x0
1781189819,40.2,1200000,0x0
1781189820,39.7,1200000,0x0
1781189821,40.2,1200000,0x0
1781189822,40.8,1200000,0x0
1781189824,40.8,1200000,0x0
1781189825,40.8,1200000,0x0
1781189826,40.8,1200000,0x0
1781189827,40.8,1200000,0x0
1781189828,40.2,1200000,0x0
1781189829,40.8,1200000,0x0
1781189830,40.2,1200000,0x0
1781189831,40.8,1200000,0x0
1781189832,40.2,1200000,0x0
1781189833,39.7,1200000,0x0
1781189834,39.7,1200000,0x0
1781189835,39.7,1200000,0x0
1781189836,40.8,1200000,0x0
1781189838,40.8,1200000,0x0
1781189839,40.2,1200000,0x0
1781189840,39.7,1200000,0x0
1781189841,40.8,1200000,0x0
1781189842,40.2,1200000,0x0
1781189843,40.8,1200000,0x0
1781189844,39.7,1200000,0x0
1781189845,40.2,1200000,0x0
1781189846,40.2,1200000,0x0
1781189847,39.7,1200000,0x0
1781189848,40.2,1200000,0x0
1781189849,40.8,1200000,0x0
1781189851,39.7,1200000,0x0
1781189852,40.8,1200000,0x0
1781189853,40.8,1200000,0x0
1781189854,40.2,1200000,0x0
1781189855,40.8,1200000,0x0
1781189856,40.8,1200000,0x0
1781189857,39.7,1200000,0x0
1781189858,40.8,1200000,0x0
1781189859,40.2,1200000,0x0
1781189860,40.8,1200000,0x0
1781189861,39.7,1200000,0x0
1781189862,40.2,1200000,0x0
1781189863,40.2,1200000,0x0
1781189865,40.8,1200000,0x0
1781189866,39.7,1200000,0x0
1781189867,40.2,1200000,0x0
1781189868,39.7,1200000,0x0
1781189869,40.2,1200000,0x0
1781189870,40.2,1200000,0x0
1781189871,40.8,1200000,0x0
1781189872,40.2,1200000,0x0
1781189873,40.8,1200000,0x0
1781189874,40.8,1200000,0x0
1781189875,40.8,1200000,0x0
1781189876,40.8,1200000,0x0
1781189878,39.7,1200000,0x0
1781189879,39.7,1200000,0x0
1781189880,40.2,1200000,0x0
1781189881,40.8,1200000,0x0
1781189882,40.8,1200000,0x0
1781189883,40.8,1200000,0x0
1781189884,40.2,1200000,0x0
1781189885,40.8,1200000,0x0
1781189886,40.8,1200000,0x0
1781189887,40.2,1200000,0x0
1781189888,40.8,1200000,0x0
1781189889,40.2,1200000,0x0
1781189890,40.8,1200000,0x0
1781189892,40.8,1200000,0x0
1781189893,40.2,1200000,0x0
1781189894,39.7,1200000,0x0
1781189895,39.7,1200000,0x0
1781189896,40.8,1200000,0x0
1781189897,40.8,1200000,0x0
1781189898,40.8,1200000,0x0
1781189899,40.8,1200000,0x0
1781189900,40.8,1200000,0x0
1781189901,40.8,1200000,0x0
1781189902,40.2,1200000,0x0
1781189903,40.2,1200000,0x0
1781189905,40.8,1200000,0x0
1781189906,40.8,1200000,0x0
1781189907,40.8,1200000,0x0
1781189908,40.8,1200000,0x0
1781189909,39.7,1200000,0x0
1781189910,40.8,1200000,0x0
1781189911,40.2,1200000,0x0
1781189912,40.2,1200000,0x0
1781189913,40.8,1200000,0x0
1781189914,40.2,1200000,0x0
1781189915,40.8,1200000,0x0
1781189916,40.8,1200000,0x0
1781189917,40.8,1200000,0x0
1781189919,40.8,1200000,0x0
1781189920,40.2,1200000,0x0
1781189921,40.8,1200000,0x0
1781189922,40.8,1200000,0x0
1781189923,40.8,1200000,0x0
1781189924,39.7,1200000,0x0
1781189925,40.8,1200000,0x0
1781189926,40.8,1200000,0x0
1781189927,40.2,1200000,0x0
1781189928,40.8,1200000,0x0
1781189929,40.8,1200000,0x0
1781189930,40.8,1200000,0x0
1781189932,40.8,1200000,0x0
1781189933,40.2,1200000,0x0
1781189934,40.8,1200000,0x0
1781189935,40.8,1200000,0x0
1781189936,40.8,1200000,0x0
1781189937,40.2,1200000,0x0
1781189938,40.2,1200000,0x0
1781189939,39.7,1200000,0x0
1781189940,40.2,1200000,0x0
1781189941,40.8,1200000,0x0
1781189942,40.8,1200000,0x0
1781189943,39.7,1200000,0x0
1781189944,40.8,1200000,0x0
1781189946,40.2,1200000,0x0
1781189947,40.2,1200000,0x0
1781189948,40.2,1200000,0x0
1781189949,40.8,1200000,0x0
1781189950,40.8,1200000,0x0
1781189951,40.2,1200000,0x0
1781189952,40.8,1200000,0x0
1781189953,39.7,1200000,0x0
1781189954,40.8,1200000,0x0
1781189955,40.8,1200000,0x0
1781189956,40.8,1200000,0x0
1781189957,40.8,1200000,0x0
1781189959,39.7,1200000,0x0
1781189960,40.2,1200000,0x0
1781189961,40.8,1200000,0x0
1781189962,40.8,1200000,0x0
1781189963,40.8,1200000,0x0
1781189964,40.8,1200000,0x0
1781189965,40.8,1200000,0x0
1781189966,40.8,1200000,0x0
1781189967,40.2,1200000,0x0
1781189968,40.8,1200000,0x0
1781189969,40.8,1200000,0x0
1781189970,40.8,1200000,0x0
1781189971,40.8,1200000,0x0
1781189973,40.2,1200000,0x0
1781189974,40.8,1200000,0x0
1781189975,40.2,1200000,0x0
1781189976,40.8,1200000,0x0
1781189977,40.2,1200000,0x0
1781189978,39.7,1200000,0x0
1781189979,40.8,1200000,0x0
1781189980,40.8,1200000,0x0
1781189981,39.7,1200000,0x0
1781189982,40.8,1200000,0x0
1781189983,39.7,1200000,0x0
1781189984,40.8,1200000,0x0
1781189986,40.8,1200000,0x0
1781189987,40.8,1200000,0x0
1781189988,40.8,1200000,0x0
1781189989,40.8,1200000,0x0
1781189990,40.2,1200000,0x0
1781189991,39.7,1200000,0x0
1781189992,40.8,1200000,0x0
1781189993,40.8,1200000,0x0
1781189994,40.8,1200000,0x0
1781189995,40.8,1200000,0x0
1781189996,40.8,1200000,0x0
1781189997,40.8,1200000,0x0
1781189999,40.8,1200000,0x0
1781190000,40.8,1200000,0x0
1781190001,40.8,1200000,0x0
1781190002,40.8,1200000,0x0
1781190003,40.2,1200000,0x0
1781190004,40.8,1200000,0x0
1781190005,40.2,1200000,0x0
1781190006,40.8,1200000,0x0
1781190007,39.7,1200000,0x0
1781190008,40.8,1200000,0x0
1781190009,40.8,1200000,0x0
1781190010,40.8,1200000,0x0
1781190011,39.7,1200000,0x0
1781190013,40.8,1200000,0x0
1781190014,40.8,1200000,0x0
1781190015,40.2,1200000,0x0
1781190016,40.8,1200000,0x0
1781190017,40.2,1200000,0x0
1781190018,40.2,1200000,0x0
1781190019,40.8,1200000,0x0
1781190020,40.8,1200000,0x0
1781190021,40.8,1200000,0x0
1781190022,40.8,1200000,0x0
1781190023,40.8,1200000,0x0
1781190024,40.8,1200000,0x0
1781190026,40.8,1200000,0x0
1781190027,40.8,1200000,0x0
1781190028,40.8,1200000,0x0
1781190029,40.8,1200000,0x0
1781190030,40.8,1200000,0x0
1781190031,40.2,1200000,0x0
1781190032,39.7,1200000,0x0
1781190033,40.8,1200000,0x0
1781190034,40.8,1200000,0x0
1781190035,40.8,1200000,0x0
1781190036,40.8,1200000,0x0
1781190037,40.2,1200000,0x0
1781190038,39.7,1200000,0x0
1781190040,40.8,1200000,0x0
1781190041,39.7,1200000,0x0
1781190042,40.2,1200000,0x0
1781190043,40.8,1200000,0x0
1781190044,40.2,1200000,0x0
1781190045,40.8,1200000,0x0
1781190046,40.8,1200000,0x0
1781190047,40.2,1200000,0x0
1781190048,40.8,1200000,0x0
1781190049,40.8,1200000,0x0
1781190050,40.2,1200000,0x0
1781190051,40.8,1200000,0x0
1781190053,40.8,1200000,0x0
1781190054,40.2,1200000,0x0
1781190055,40.8,1200000,0x0
1781190056,40.8,1200000,0x0
1781190057,40.2,1200000,0x0
1781190058,40.2,1200000,0x0
1781190059,40.2,1200000,0x0
1781190060,40.8,1200000,0x0
1781190061,40.8,1200000,0x0
1781190062,40.8,1200000,0x0
1781190063,40.8,1200000,0x0
1781190064,40.8,1200000,0x0
1781190065,40.8,1200000,0x0
1781190067,40.8,1200000,0x0
1781190068,40.8,1200000,0x0
1781190069,40.2,1200000,0x0
1781190070,40.2,1200000,0x0
1781190071,40.8,1200000,0x0
1781190072,40.2,1200000,0x0
1781190073,40.2,1200000,0x0
1781190074,40.8,1200000,0x0
1781190075,39.7,1200000,0x0
1781190076,40.8,1200000,0x0
1781190077,39.7,1200000,0x0
1781190078,40.2,1200000,0x0
1781190080,39.7,1200000,0x0
1781190081,40.2,1200000,0x0
1781190082,40.2,1200000,0x0
1781190083,40.8,1200000,0x0
1781190084,40.8,1200000,0x0
1781190085,40.2,1200000,0x0
1781190086,40.8,1200000,0x0
1781190087,40.8,1200000,0x0
1781190088,40.8,1200000,0x0
1781190089,40.2,1200000,0x0
1781190090,40.8,1200000,0x0
1781190091,40.2,1200000,0x0
1781190092,40.8,1200000,0x0
1781190094,40.2,1200000,0x0
1781190095,40.2,1200000,0x0
1781190096,40.2,1200000,0x0
1781190097,39.7,1200000,0x0
1781190098,39.7,1200000,0x0
1781190099,40.8,1200000,0x0
1781190100,40.8,1200000,0x0
1781190101,40.8,1200000,0x0
1781190102,40.8,1200000,0x0
1781190103,40.8,1200000,0x0
1781190104,39.7,1200000,0x0
1781190105,40.2,1200000,0x0
1781190107,40.2,1200000,0x0
1781190108,39.7,1200000,0x0
1781190109,40.8,1200000,0x0
1781190110,40.2,1200000,0x0
1781190111,40.2,1200000,0x0
1781190112,39.7,1200000,0x0
1781190113,40.8,1200000,0x0
1781190114,40.2,1200000,0x0
1781190115,40.8,1200000,0x0
1781190116,40.2,1200000,0x0
1781190117,39.7,1200000,0x0
1781190118,40.2,1200000,0x0
1781190119,40.8,1200000,0x0
1781190121,39.7,1200000,0x0
1781190122,40.8,1200000,0x0
1781190123,40.2,1200000,0x0
1781190124,39.7,1200000,0x0
1781190125,40.2,1200000,0x0
1781190126,39.7,1200000,0x0
1781190127,40.8,1200000,0x0
1781190128,39.7,1200000,0x0
1781190129,39.7,1200000,0x0
1781190130,40.8,1200000,0x0
1781190131,39.7,1200000,0x0
1781190132,39.7,1200000,0x0
1781190134,39.7,1200000,0x0
1781190135,39.7,1200000,0x0
1781190136,40.2,1200000,0x0
1781190137,40.2,1200000,0x0
1781190138,40.8,1200000,0x0
1781190139,40.2,1200000,0x0
1781190140,39.7,1200000,0x0
1781190141,40.8,1200000,0x0
1781190142,39.7,1200000,0x0
1781190143,39.7,1200000,0x0
1781190144,40.8,1200000,0x0
1781190145,40.8,1200000,0x0
1781190146,39.7,1200000,0x0
1781190148,40.2,1200000,0x0
1781190149,40.2,1200000,0x0
1781190150,39.7,1200000,0x0
1781190151,40.2,1200000,0x0
1781190152,40.2,1200000,0x0
1781190153,40.8,1200000,0x0
1781190154,39.7,1200000,0x0
1781190155,40.8,1200000,0x0
1781190156,39.7,1200000,0x0
1781190157,40.2,1200000,0x0
1781190158,40.8,1200000,0x0
1781190159,39.7,1200000,0x0
1781190161,40.2,1200000,0x0
1781190162,39.7,1200000,0x0
1781190163,39.7,1200000,0x0
1781190164,39.7,1200000,0x0
1781190165,39.7,1200000,0x0
1781190166,40.2,1200000,0x0
1781190167,39.7,1200000,0x0
1781190168,39.7,1200000,0x0
1781190169,40.2,1200000,0x0
1781190170,39.7,1200000,0x0
1781190171,40.2,1200000,0x0
1781190172,40.8,1200000,0x0
1781190173,40.2,1200000,0x0
1781190175,40.8,1200000,0x0
1781190176,40.2,1200000,0x0
1781190177,40.2,1200000,0x0
1781190178,40.8,1200000,0x0
1781190179,40.8,1200000,0x0
1781190180,39.7,1200000,0x0
1781190181,40.2,1200000,0x0
1781190182,39.7,1200000,0x0
1781190183,40.8,1200000,0x0
1781190184,40.2,1200000,0x0
1781190185,39.7,1200000,0x0
1781190186,39.7,1200000,0x0
1781190188,40.2,1200000,0x0
1781190189,39.7,1200000,0x0
1781190190,40.2,1200000,0x0
1781190191,39.7,1200000,0x0
1781190192,39.7,1200000,0x0
1781190193,39.7,1200000,0x0
1781190194,39.7,1200000,0x0
1781190195,40.8,1200000,0x0
1781190196,39.7,1200000,0x0
1781190197,40.2,1200000,0x0
1781190198,40.2,1200000,0x0
1781190199,39.7,1200000,0x0
1781190200,39.7,1200000,0x0
1781190202,40.2,1200000,0x0
1781190203,40.2,1200000,0x0
1781190204,40.2,1200000,0x0
1781190205,40.8,1200000,0x0
1781190206,39.7,1200000,0x0
1781190207,39.7,1200000,0x0
1781190208,39.7,1200000,0x0
1781190209,39.7,1200000,0x0
1781190210,40.2,1200000,0x0
1781190211,40.2,1200000,0x0
1781190212,40.2,1200000,0x0
1781190213,39.7,1200000,0x0
1781190215,40.2,1200000,0x0
1781190216,39.7,1200000,0x0
1781190217,39.7,1200000,0x0
1781190218,39.7,1200000,0x0
1781190219,39.7,1200000,0x0
1781190220,39.7,1200000,0x0
1781190221,39.7,1200000,0x0
1781190222,39.7,1200000,0x0
1781190223,39.7,1200000,0x0
1781190224,39.7,1200000,0x0
1781190225,40.2,1200000,0x0
1781190226,39.7,1200000,0x0
1781190227,39.7,1200000,0x0
1781190229,39.7,1200000,0x0
1781190230,39.7,1200000,0x0
1781190231,39.7,1200000,0x0
1781190232,39.7,1200000,0x0
1781190233,39.7,1200000,0x0
1781190234,39.7,1200000,0x0
1781190235,40.2,1200000,0x0
1781190236,39.7,1200000,0x0
1781190237,39.7,1200000,0x0
1781190238,40.2,1200000,0x0
1781190239,39.7,1200000,0x0
1781190240,39.7,1200000,0x0
1781190242,39.7,1200000,0x0
1781190243,39.7,1200000,0x0
1781190244,39.7,1200000,0x0
1781190245,39.7,1200000,0x0
1781190246,39.7,1200000,0x0
1781190247,40.2,1200000,0x0
1781190248,39.7,1200000,0x0
1781190249,39.7,1200000,0x0
1781190250,40.2,1200000,0x0
1781190251,39.7,1200000,0x0
1781190252,39.7,1200000,0x0
1781190253,40.2,1200000,0x0
1781190254,39.7,1200000,0x0
1781190256,39.7,1200000,0x0
1781190257,39.7,1200000,0x0
1781190258,39.7,1200000,0x0
1781190259,39.7,1200000,0x0
1781190260,40.2,1200000,0x0
1781190261,40.2,1200000,0x0
1781190262,39.7,1200000,0x0
1781190263,40.2,1200000,0x0
1781190264,40.2,1200000,0x0
1781190265,39.7,1200000,0x0
1781190266,40.2,1200000,0x0
1781190267,40.2,1200000,0x0
1781190269,39.7,1200000,0x0
1781190270,39.7,1200000,0x0
1781190271,39.7,1200000,0x0
1781190272,39.7,1200000,0x0
1781190273,39.7,1200000,0x0
1781190274,39.7,1200000,0x0
1781190275,40.2,1200000,0x0
1781190276,39.7,1200000,0x0
1781190277,40.2,1200000,0x0
1781190278,40.2,1200000,0x0
1781190279,39.7,1200000,0x0
1781190280,39.7,1200000,0x0
1781190282,39.7,1200000,0x0
1781190283,39.7,1200000,0x0
1781190284,39.7,1200000,0x0
1781190285,39.7,1200000,0x0
1781190286,39.7,1200000,0x0
1781190287,39.7,1200000,0x0
1781190288,39.7,1200000,0x0
1781190289,39.7,1200000,0x0
1781190290,39.7,1200000,0x0
1781190291,39.7,1200000,0x0
1781190292,39.7,1200000,0x0
1781190293,39.2,1200000,0x0
1781190294,39.7,1200000,0x0
1781190296,39.7,1200000,0x0
1781190297,39.7,1200000,0x0
1781190298,39.7,1200000,0x0
1781190299,39.7,1200000,0x0
1781190300,39.7,1200000,0x0
1781190301,39.7,1200000,0x0
1781190302,39.7,1200000,0x0
1781190303,39.7,1200000,0x0
1781190304,39.2,1200000,0x0
1781190305,39.7,1200000,0x0
1781190306,40.2,1200000,0x0
1781190307,39.7,1200000,0x0
1781190309,39.7,1200000,0x0
1781190310,39.7,1200000,0x0
1781190311,39.7,1200000,0x0
1781190312,39.7,1200000,0x0
1781190313,39.7,1200000,0x0
1781190314,39.7,1200000,0x0
1781190315,39.2,1200000,0x0
1781190316,39.7,1200000,0x0
1781190317,39.7,1200000,0x0
1781190318,39.7,1200000,0x0
1781190319,39.7,1200000,0x0
1781190320,39.7,1200000,0x0
1781190321,39.7,1200000,0x0
1781190323,39.7,1200000,0x0
1781190324,39.7,1200000,0x0
1781190325,39.7,1200000,0x0
1781190326,39.7,1200000,0x0
1781190327,39.7,1200000,0x0
1781190328,39.7,1200000,0x0
1781190329,39.7,1200000,0x0
1781190330,39.7,1200000,0x0
1781190331,39.7,1200000,0x0
1781190332,39.7,1200000,0x0
1781190333,39.7,1200000,0x0
1781190334,39.7,1200000,0x0
1781190336,39.7,1200000,0x0
1781190337,39.2,1200000,0x0
1781190338,39.7,1200000,0x0
1781190339,39.7,1200000,0x0
1781190340,39.7,1200000,0x0
1781190341,39.7,1200000,0x0
1781190342,39.7,1200000,0x0
1781190343,40.2,1200000,0x0
1781190344,39.7,1200000,0x0
1781190345,39.7,1200000,0x0
1781190346,39.7,1200000,0x0
1781190347,39.7,1200000,0x0
1781190348,39.2,1200000,0x0
1781190350,39.7,1200000,0x0
1781190351,40.2,1200000,0x0
1781190352,39.7,1200000,0x0
1781190353,39.2,1200000,0x0
1781190354,39.7,1200000,0x0
1781190355,39.7,1200000,0x0
1781190356,39.7,1200000,0x0
1781190357,39.7,1200000,0x0
1781190358,39.7,1200000,0x0
1781190359,39.7,1200000,0x0
1781190360,39.7,1200000,0x0
1781190361,39.7,1200000,0x0
1781190363,39.7,1200000,0x0
1781190364,39.7,1200000,0x0
1781190365,39.7,1200000,0x0
1781190366,39.7,1200000,0x0
1781190367,39.7,1200000,0x0
1781190368,39.7,1200000,0x0
1781190369,39.7,1200000,0x0
1781190370,39.7,1200000,0x0
