1781251373,52.1,2400000,0xe0000
1781251374,52.1,2400000,0xe0000
1781251375,52.7,2400000,0xe0000
1781251376,53.2,2400000,0xe0000
1781251377,52.7,2400000,0xe0000
1781251378,52.1,2400000,0xe0000
1781251379,52.7,2400000,0xe0000
1781251381,53.2,2400000,0xe0000
1781251382,52.7,2400000,0xe0000
1781251383,53.2,2400000,0xe0000
1781251384,53.2,2400000,0xe0000
1781251385,53.8,2400000,0xe0000
1781251386,52.7,2400000,0xe0000
1781251387,53.2,2400000,0xe0000
1781251388,53.2,2400000,0xe0000
1781251389,53.8,2400000,0xe0000
1781251390,52.7,2400000,0xe0000
1781251391,53.8,2400000,0xe0000
1781251392,53.8,2400000,0xe0000
1781251393,54.3,2400000,0xe0000
1781251394,53.2,2400000,0xe0000
1781251395,53.2,2400000,0xe0000
1781251396,53.8,2400000,0xe0000
1781251397,53.8,2400000,0xe0000
1781251398,53.2,2400000,0xe0000
1781251399,54.3,2400000,0xe0000
1781251400,54.3,2400000,0xe0000
1781251401,53.8,2400000,0xe0000
1781251402,53.8,2400000,0xe0000
1781251403,53.8,2400000,0xe0000
1781251404,53.8,2400000,0xe0000
1781251405,54.3,2400000,0xe0000
1781251407,54.3,2400000,0xe0000
1781251408,54.3,2400000,0xe0000
1781251409,54.3,2400000,0xe0000
1781251410,53.2,2400000,0xe0000
1781251411,54.3,2400000,0xe0000
1781251412,54.3,2400000,0xe0000
1781251413,54.3,2400000,0xe0000
1781251414,54.3,2400000,0xe0000
1781251415,54.9,2400000,0xe0000
1781251416,54.3,2400000,0xe0000
1781251417,54.9,2400000,0xe0000
1781251418,54.3,2400000,0xe0000
1781251419,53.8,2400000,0xe0000
1781251420,54.9,2400000,0xe0000
1781251421,54.9,2400000,0xe0000
1781251422,54.3,2400000,0xe0000
1781251423,54.3,2400000,0xe0000
1781251424,55.4,2400000,0xe0000
1781251425,54.9,2400000,0xe0000
1781251426,54.9,2400000,0xe0000
1781251427,54.9,2400000,0xe0000
1781251428,55.4,2400000,0xe0000
1781251430,55.4,2400000,0xe0000
1781251431,54.3,2400000,0xe0000
1781251432,55.4,2400000,0xe0000
1781251433,54.9,2400000,0xe0000
1781251434,56.0,2400000,0xe0000
1781251435,56.0,2400000,0xe0000
1781251436,54.9,2400000,0xe0000
1781251437,54.9,2400000,0xe0000
1781251438,54.9,2400000,0xe0000
1781251439,54.9,2400000,0xe0000
1781251440,55.4,2400000,0xe0000
1781251441,55.4,2400000,0xe0000
1781251442,54.9,2400000,0xe0000
1781251443,55.4,2400000,0xe0000
1781251444,54.9,2400000,0xe0000
1781251445,56.0,2400000,0xe0000
1781251446,54.9,2400000,0xe0000
1781251447,54.3,2400000,0xe0000
1781251448,55.4,2400000,0xe0000
1781251449,55.4,2400000,0xe0000
1781251450,55.4,2400000,0xe0000
1781251452,56.0,2400000,0xe0000
1781251453,54.9,2400000,0xe0000
1781251454,55.4,2400000,0xe0000
1781251455,56.0,2400000,0xe0000
1781251456,56.0,2400000,0xe0000
1781251457,56.0,2400000,0xe0000
1781251458,55.4,2400000,0xe0000
1781251459,54.9,2400000,0xe0000
1781251460,55.4,2400000,0xe0000
1781251461,55.4,2400000,0xe0000
1781251462,54.9,2400000,0xe0000
1781251463,55.4,2400000,0xe0000
1781251464,55.4,2400000,0xe0000
1781251465,56.0,2400000,0xe0000
1781251466,55.4,2400000,0xe0000
1781251467,56.0,2400000,0xe0000
1781251468,56.0,2400000,0xe0000
1781251469,56.0,2400000,0xe0000
1781251470,55.4,2400000,0xe0000
1781251471,55.4,2400000,0xe0000
1781251472,55.4,2400000,0xe0000
1781251473,54.9,2400000,0xe0000
1781251474,56.0,2400000,0xe0000
1781251475,56.0,2400000,0xe0000
1781251476,55.4,2400000,0xe0000
1781251477,54.3,2400000,0xe0000
1781251478,56.0,2400000,0xe0000
1781251479,56.0,2400000,0xe0000
1781251480,55.4,2400000,0xe0000
1781251481,56.0,2400000,0xe0000
1781251482,56.5,2400000,0xe0000
1781251483,56.0,2400000,0xe0000
1781251484,56.5,2400000,0xe0000
1781251486,56.0,2400000,0xe0000
1781251487,55.4,2400000,0xe0000
1781251488,56.5,2400000,0xe0000
1781251489,56.5,2400000,0xe0000
1781251490,56.0,2400000,0xe0000
1781251491,56.0,2400000,0xe0000
1781251492,56.0,2400000,0xe0000
1781251493,56.0,2400000,0xe0000
1781251494,56.5,2400000,0xe0000
1781251495,56.5,2400000,0xe0000
1781251496,56.0,2400000,0xe0000
1781251497,56.5,2400000,0xe0000
1781251498,56.0,2400000,0xe0000
1781251499,56.0,2400000,0xe0000
1781251500,56.0,2400000,0xe0000
1781251501,56.5,2400000,0xe0000
1781251502,56.5,2400000,0xe0000
1781251503,56.0,2400000,0xe0000
1781251504,56.0,2400000,0xe0000
1781251505,55.4,2400000,0xe0000
1781251506,57.1,2400000,0xe0000
1781251508,56.5,2400000,0xe0000
1781251509,56.0,2400000,0xe0000
1781251510,56.5,2400000,0xe0000
1781251511,56.5,2400000,0xe0000
1781251512,56.0,2400000,0xe0000
1781251513,56.5,2400000,0xe0000
1781251514,56.5,2400000,0xe0000
1781251515,56.5,2400000,0xe0000
1781251516,56.5,2400000,0xe0000
1781251517,57.1,2400000,0xe0000
1781251518,57.1,2400000,0xe0000
1781251519,56.5,2400000,0xe0000
1781251520,56.0,2400000,0xe0000
1781251521,57.1,2400000,0xe0000
1781251522,56.5,2400000,0xe0000
1781251523,55.4,2400000,0xe0000
1781251524,56.5,2400000,0xe0000
1781251525,56.5,2400000,0xe0000
1781251526,56.5,2400000,0xe0000
1781251527,57.1,2400000,0xe0000
1781251528,56.5,2400000,0xe0000
1781251529,56.5,2400000,0xe0000
1781251530,56.5,2400000,0xe0000
1781251531,57.1,2400000,0xe0000
1781251532,56.5,2400000,0xe0000
1781251533,57.1,2400000,0xe0000
1781251534,57.1,2400000,0xe0000
1781251535,56.0,2400000,0xe0000
1781251536,56.5,2400000,0xe0000
1781251537,57.1,2400000,0xe0000
1781251538,57.1,2400000,0xe0000
1781251539,56.0,2400000,0xe0000
1781251540,56.5,2400000,0xe0000
1781251541,56.5,2400000,0xe0000
1781251543,56.5,2400000,0xe0000
1781251544,56.5,2400000,0xe0000
1781251545,56.5,2400000,0xe0000
1781251546,57.1,2400000,0xe0000
1781251547,56.5,2400000,0xe0000
1781251548,56.0,2400000,0xe0000
1781251549,56.5,2400000,0xe0000
1781251550,56.5,2400000,0xe0000
1781251551,57.1,2400000,0xe0000
1781251552,57.1,2400000,0xe0000
1781251553,56.5,2400000,0xe0000
1781251554,56.5,2400000,0xe0000
1781251555,57.6,2400000,0xe0000
1781251556,56.0,2400000,0xe0000
1781251557,57.1,2400000,0xe0000
1781251558,57.1,2400000,0xe0000
1781251559,56.0,2400000,0xe0000
1781251560,57.6,2400000,0xe0000
1781251561,56.5,2400000,0xe0000
1781251562,56.5,2400000,0xe0000
1781251563,57.1,2400000,0xe0000
1781251564,57.1,2400000,0xe0000
1781251565,57.1,2400000,0xe0000
1781251567,56.5,2400000,0xe0000
1781251568,56.0,2400000,0xe0000
1781251569,57.1,2400000,0xe0000
1781251570,57.1,2400000,0xe0000
1781251571,57.1,2400000,0xe0000
1781251572,56.0,2400000,0xe0000
1781251573,56.5,2400000,0xe0000
1781251574,56.5,2400000,0xe0000
1781251575,57.1,2400000,0xe0000
1781251576,57.1,2400000,0xe0000
1781251577,57.1,2400000,0xe0000
1781251578,57.1,2400000,0xe0000
1781251579,57.1,2400000,0xe0000
1781251580,57.6,2400000,0xe0000
1781251581,57.6,2400000,0xe0000
1781251582,57.6,2400000,0xe0000
1781251583,57.1,2400000,0xe0000
1781251584,57.6,2400000,0xe0000
1781251585,57.6,2400000,0xe0000
1781251586,56.0,2400000,0xe0000
1781251587,57.1,2400000,0xe0000
1781251588,56.0,2400000,0xe0000
1781251589,57.1,2400000,0xe0000
1781251591,58.2,2400000,0xe0000
1781251592,57.6,2400000,0xe0000
1781251593,57.1,2400000,0xe0000
1781251594,57.6,2400000,0xe0000
1781251595,57.1,2400000,0xe0000
1781251596,58.2,2400000,0xe0000
1781251597,57.1,2400000,0xe0000
1781251598,57.1,2400000,0xe0000
1781251599,57.6,2400000,0xe0000
1781251600,57.1,2400000,0xe0000
1781251601,57.1,2400000,0xe0000
1781251602,57.1,2400000,0xe0000
1781251603,57.1,2400000,0xe0000
1781251604,57.1,2400000,0xe0000
1781251605,57.1,2400000,0xe0000
1781251606,57.1,2400000,0xe0000
1781251607,57.6,2400000,0xe0000
1781251608,57.1,2400000,0xe0000
1781251609,57.1,2400000,0xe0000
1781251611,57.1,2400000,0xe0000
1781251612,57.1,2400000,0xe0000
1781251613,57.6,2400000,0xe0000
1781251614,57.1,2400000,0xe0000
1781251615,57.6,2400000,0xe0000
1781251616,57.1,2400000,0xe0000
1781251617,57.6,2400000,0xe0000
1781251618,57.1,2400000,0xe0000
1781251619,56.5,2400000,0xe0000
1781251620,58.2,2400000,0xe0000
1781251621,57.1,2400000,0xe0000
1781251622,57.1,2400000,0xe0000
1781251623,57.1,2400000,0xe0000
1781251624,57.1,2400000,0xe0000
1781251625,56.5,2400000,0xe0000
1781251626,57.1,2400000,0xe0000
1781251627,57.6,2400000,0xe0000
1781251628,57.6,2400000,0xe0000
1781251629,57.1,2400000,0xe0000
1781251630,57.1,2400000,0xe0000
1781251631,57.1,2400000,0xe0000
1781251632,57.6,2400000,0xe0000
1781251633,56.5,2400000,0xe0000
1781251634,58.2,2400000,0xe0000
1781251635,58.2,2400000,0xe0000
1781251636,57.6,2400000,0xe0000
1781251638,57.6,2400000,0xe0000
1781251639,57.6,2400000,0xe0000
1781251640,57.1,2400000,0xe0000
1781251641,57.6,2400000,0xe0000
1781251642,58.2,2400000,0xe0000
1781251643,57.1,2400000,0xe0000
1781251644,57.1,2400000,0xe0000
1781251645,57.6,2400000,0xe0000
1781251646,56.5,2400000,0xe0000
1781251647,57.6,2400000,0xe0000
1781251648,57.1,2400000,0xe0000
1781251649,57.1,2400000,0xe0000
1781251650,57.6,2400000,0xe0000
1781251651,56.5,2400000,0xe0000
1781251652,57.1,2400000,0xe0000
1781251653,57.1,2400000,0xe0000
1781251654,56.5,2400000,0xe0000
1781251655,57.6,2400000,0xe0000
1781251656,58.2,2400000,0xe0000
1781251657,57.1,2400000,0xe0000
1781251658,57.1,2400000,0xe0000
1781251660,57.1,2400000,0xe0000
1781251661,57.6,2400000,0xe0000
1781251662,57.6,2400000,0xe0000
1781251663,58.2,2400000,0xe0000
1781251664,57.1,2400000,0xe0000
1781251665,57.6,2400000,0xe0000
1781251666,57.6,2400000,0xe0000
1781251667,57.1,2400000,0xe0000
1781251668,57.6,2400000,0xe0000
1781251669,58.2,2400000,0xe0000
1781251670,57.6,2400000,0xe0000
1781251671,57.6,2400000,0xe0000
1781251672,57.1,2400000,0xe0000
1781251673,57.1,2400000,0xe0000
1781251674,58.2,2400000,0xe0000
1781251675,57.1,2400000,0xe0000
1781251676,57.6,2400000,0xe0000
1781251677,57.1,2400000,0xe0000
1781251678,58.2,2400000,0xe0000
1781251679,57.1,2400000,0xe0000
1781251680,57.1,2400000,0xe0000
1781251681,57.6,2400000,0xe0000
1781251682,57.1,2400000,0xe0000
1781251683,57.1,2400000,0xe0000
1781251684,57.6,2400000,0xe0000
1781251686,57.6,2400000,0xe0000
1781251687,57.6,2400000,0xe0000
1781251688,57.6,2400000,0xe0000
1781251689,57.6,2400000,0xe0000
1781251690,56.5,2400000,0xe0000
1781251691,57.6,2400000,0xe0000
1781251692,58.2,2400000,0xe0000
1781251693,57.1,2400000,0xe0000
1781251694,57.6,2400000,0xe0000
1781251695,56.5,2400000,0xe0000
1781251696,57.6,2400000,0xe0000
1781251697,57.6,2400000,0xe0000
1781251698,58.2,2400000,0xe0000
1781251699,58.2,2400000,0xe0000
1781251700,57.6,2400000,0xe0000
1781251701,57.6,2400000,0xe0000
1781251702,57.6,2400000,0xe0000
1781251703,57.6,2400000,0xe0000
1781251704,57.6,2400000,0xe0000
1781251705,57.6,2400000,0xe0000
1781251706,57.1,2400000,0xe0000
1781251707,56.5,2400000,0xe0000
1781251708,57.6,2400000,0xe0000
1781251710,57.6,2400000,0xe0000
1781251711,57.6,2400000,0xe0000
1781251712,57.1,2400000,0xe0000
1781251713,58.2,2400000,0xe0000
1781251714,57.6,2400000,0xe0000
1781251715,57.6,2400000,0xe0000
1781251716,57.6,2400000,0xe0000
1781251717,58.2,2400000,0xe0000
1781251718,57.6,2400000,0xe0000
1781251719,57.1,2400000,0xe0000
1781251720,57.6,2400000,0xe0000
1781251721,57.6,2400000,0xe0000
1781251722,57.6,2400000,0xe0000
1781251723,58.2,2400000,0xe0000
1781251724,58.2,2400000,0xe0000
1781251725,58.2,2400000,0xe0000
1781251726,57.6,2400000,0xe0000
1781251727,58.2,2400000,0xe0000
1781251728,58.2,2400000,0xe0000
1781251730,58.2,2400000,0xe0000
1781251731,58.2,2400000,0xe0000
1781251732,57.6,2400000,0xe0000
1781251733,57.6,2400000,0xe0000
1781251734,58.2,2400000,0xe0000
1781251735,57.6,2400000,0xe0000
1781251736,57.1,2400000,0xe0000
1781251737,57.1,2400000,0xe0000
1781251738,57.1,2400000,0xe0000
1781251739,57.6,2400000,0xe0000
1781251740,57.1,2400000,0xe0000
1781251741,57.6,2400000,0xe0000
1781251742,57.6,2400000,0xe0000
1781251743,58.7,2400000,0xe0000
1781251744,57.6,2400000,0xe0000
1781251745,58.2,2400000,0xe0000
1781251746,57.1,2400000,0xe0000
1781251747,58.2,2400000,0xe0000
1781251748,57.6,2400000,0xe0000
1781251749,57.6,2400000,0xe0000
1781251750,57.6,2400000,0xe0000
1781251751,57.1,2400000,0xe0000
1781251752,57.6,2400000,0xe0000
1781251753,57.6,2400000,0xe0000
1781251754,58.2,2400000,0xe0000
1781251755,57.6,2400000,0xe0000
1781251756,58.2,2400000,0xe0000
1781251757,57.6,2400000,0xe0000
1781251758,58.2,2400000,0xe0000
1781251759,58.2,2400000,0xe0000
1781251760,58.2,2400000,0xe0000
1781251762,58.2,2400000,0xe0000
1781251763,58.2,2400000,0xe0000
1781251764,57.6,2400000,0xe0000
1781251765,57.6,2400000,0xe0000
1781251766,58.2,2400000,0xe0000
1781251767,57.6,2400000,0xe0000
1781251768,57.6,2400000,0xe0000
1781251769,58.2,2400000,0xe0000
1781251770,58.2,2400000,0xe0000
1781251771,57.6,2400000,0xe0000
1781251772,57.6,2400000,0xe0000
1781251773,58.2,2400000,0xe0000
1781251774,58.2,2400000,0xe0000
1781251775,58.2,2400000,0xe0000
1781251776,57.6,2400000,0xe0000
1781251777,58.2,2400000,0xe0000
1781251778,58.2,2400000,0xe0000
1781251779,57.6,2400000,0xe0000
1781251780,58.2,2400000,0xe0000
1781251781,57.6,2400000,0xe0000
1781251782,57.6,2400000,0xe0000
1781251783,58.7,2400000,0xe0000
1781251784,58.2,2400000,0xe0000
1781251786,57.6,2400000,0xe0000
1781251787,57.6,2400000,0xe0000
1781251788,58.2,2400000,0xe0000
1781251789,58.2,2400000,0xe0000
1781251790,57.6,2400000,0xe0000
1781251791,57.6,2400000,0xe0000
1781251792,58.2,2400000,0xe0000
1781251793,57.6,2400000,0xe0000
1781251794,58.2,2400000,0xe0000
1781251795,58.7,2400000,0xe0000
1781251796,57.1,2400000,0xe0000
1781251797,58.2,2400000,0xe0000
1781251798,57.6,2400000,0xe0000
1781251799,58.2,2400000,0xe0000
1781251800,57.6,2400000,0xe0000
1781251801,57.6,2400000,0xe0000
1781251802,58.2,2400000,0xe0000
1781251803,58.2,2400000,0xe0000
1781251804,57.6,2400000,0xe0000
1781251805,58.2,2400000,0xe0000
1781251806,58.2,2400000,0xe0000
1781251807,58.2,2400000,0xe0000
1781251808,58.2,2400000,0xe0000
1781251809,58.2,2400000,0xe0000
1781251810,57.6,2400000,0xe0000
1781251811,58.2,2400000,0xe0000
1781251812,58.7,2400000,0xe0000
1781251813,58.2,2400000,0xe0000
1781251814,57.6,2400000,0xe0000
1781251815,58.2,2400000,0xe0000
1781251817,57.6,2400000,0xe0000
1781251818,58.2,2400000,0xe0000
1781251819,57.6,2400000,0xe0000
1781251820,57.6,2400000,0xe0000
1781251821,58.2,2400000,0xe0000
1781251822,57.1,2400000,0xe0000
1781251823,57.6,2400000,0xe0000
1781251824,58.2,2400000,0xe0000
1781251825,57.6,2400000,0xe0000
1781251826,58.7,2400000,0xe0000
1781251827,58.7,2400000,0xe0000
1781251828,57.6,2400000,0xe0000
1781251829,58.7,2400000,0xe0000
1781251830,57.6,2400000,0xe0000
1781251831,58.2,2400000,0xe0000
1781251832,58.7,2400000,0xe0000
1781251833,57.1,2400000,0xe0000
1781251834,58.2,2400000,0xe0000
1781251835,58.2,2400000,0xe0000
1781251837,58.7,2400000,0xe0000
1781251838,58.7,2400000,0xe0000
1781251839,58.7,2400000,0xe0000
1781251840,58.2,2400000,0xe0000
1781251841,57.6,2400000,0xe0000
1781251842,58.2,2400000,0xe0000
1781251843,58.2,2400000,0xe0000
1781251844,58.2,2400000,0xe0000
1781251845,58.2,2400000,0xe0000
1781251846,57.6,2400000,0xe0000
1781251847,58.2,2400000,0xe0000
1781251848,58.7,2400000,0xe0000
1781251849,58.2,2400000,0xe0000
1781251850,59.3,2400000,0xe0000
1781251851,57.6,2400000,0xe0000
1781251852,58.7,2400000,0xe0000
1781251853,58.2,2400000,0xe0000
1781251854,58.2,2400000,0xe0000
1781251855,57.6,2400000,0xe0000
1781251856,58.7,2400000,0xe0000
1781251857,58.2,2400000,0xe0000
1781251858,58.7,2400000,0xe0000
1781251859,58.2,2400000,0xe0000
1781251860,58.2,2400000,0xe0000
1781251861,57.6,2400000,0xe0000
1781251862,58.7,2400000,0xe0000
1781251863,58.2,2400000,0xe0000
1781251864,57.6,2400000,0xe0000
1781251865,58.7,2400000,0xe0000
1781251866,57.6,2400000,0xe0000
1781251868,58.7,2400000,0xe0000
1781251869,57.6,2400000,0xe0000
1781251870,58.2,2400000,0xe0000
1781251871,58.7,2400000,0xe0000
1781251872,58.7,2400000,0xe0000
1781251873,57.6,2400000,0xe0000
1781251874,57.6,2400000,0xe0000
1781251875,58.2,2400000,0xe0000
1781251876,57.6,2400000,0xe0000
1781251877,58.2,2400000,0xe0000
1781251878,58.2,2400000,0xe0000
1781251879,58.7,2400000,0xe0000
1781251880,58.2,2400000,0xe0000
1781251881,58.2,2400000,0xe0000
1781251882,58.7,2400000,0xe0000
1781251884,58.7,2400000,0xe0000
1781251885,58.2,2400000,0xe0000
1781251886,58.7,2400000,0xe0000
1781251887,58.2,2400000,0xe0000
1781251888,58.2,2400000,0xe0000
1781251889,58.2,2400000,0xe0000
1781251890,58.7,2400000,0xe0000
1781251891,57.6,2400000,0xe0000
1781251892,58.7,2400000,0xe0000
1781251893,58.2,2400000,0xe0000
1781251894,58.2,2400000,0xe0000
1781251895,58.2,2400000,0xe0000
1781251896,58.2,2400000,0xe0000
1781251897,58.7,2400000,0xe0000
1781251898,57.1,2400000,0xe0000
1781251899,57.6,2400000,0xe0000
1781251900,58.7,2400000,0xe0000
1781251901,57.1,2400000,0xe0000
1781251902,57.6,2400000,0xe0000
1781251903,57.6,2400000,0xe0000
1781251904,58.2,2400000,0xe0000
1781251905,57.6,2400000,0xe0000
1781251906,57.6,2400000,0xe0000
1781251907,58.2,2400000,0xe0000
1781251908,58.7,2400000,0xe0000
1781251909,58.7,2400000,0xe0000
1781251910,58.7,2400000,0xe0000
1781251912,58.2,2400000,0xe0000
1781251913,58.7,2400000,0xe0000
1781251914,58.2,2400000,0xe0000
1781251915,57.1,2400000,0xe0000
1781251916,58.7,2400000,0xe0000
1781251917,57.6,2400000,0xe0000
1781251918,58.2,2400000,0xe0000
1781251919,58.2,2400000,0xe0000
1781251920,58.2,2400000,0xe0000
1781251921,58.7,2400000,0xe0000
1781251922,58.2,2400000,0xe0000
1781251923,58.7,2400000,0xe0000
1781251924,57.6,2400000,0xe0000
1781251925,58.2,2400000,0xe0000
1781251926,59.3,2400000,0xe0000
1781251927,58.2,2400000,0xe0000
1781251928,58.7,2400000,0xe0000
1781251929,58.7,2400000,0xe0000
1781251930,58.2,2400000,0xe0000
1781251931,58.2,2400000,0xe0000
1781251932,58.2,2400000,0xe0000
1781251933,58.7,2400000,0xe0000
1781251934,58.2,2400000,0xe0000
1781251936,58.2,2400000,0xe0000
1781251937,57.6,2400000,0xe0000
1781251938,58.2,2400000,0xe0000
1781251939,58.2,2400000,0xe0000
1781251940,57.6,2400000,0xe0000
1781251941,57.6,2400000,0xe0000
1781251942,59.3,2400000,0xe0000
1781251943,58.7,2400000,0xe0000
1781251944,58.2,2400000,0xe0000
1781251945,58.7,2400000,0xe0000
1781251946,58.7,2400000,0xe0000
1781251947,58.2,2400000,0xe0000
1781251948,58.2,2400000,0xe0000
1781251949,58.2,2400000,0xe0000
1781251950,58.2,2400000,0xe0000
1781251951,58.7,2400000,0xe0000
1781251952,58.2,2400000,0xe0000
1781251953,59.3,2400000,0xe0000
1781251954,58.2,2400000,0xe0000
1781251955,58.2,2400000,0xe0000
1781251956,58.7,2400000,0xe0000
1781251957,58.7,2400000,0xe0000
1781251959,58.7,2400000,0xe0000
1781251960,57.6,2400000,0xe0000
1781251961,58.2,2400000,0xe0000
1781251962,57.6,2400000,0xe0000
1781251963,57.6,2400000,0xe0000
1781251964,58.7,2400000,0xe0000
1781251965,58.7,2400000,0xe0000
1781251966,57.6,2400000,0xe0000
1781251967,58.2,2400000,0xe0000
1781251968,58.2,2400000,0xe0000
1781251969,58.7,2400000,0xe0000
1781251970,58.2,2400000,0xe0000
1781251971,57.6,2400000,0xe0000
1781251972,57.6,2400000,0xe0000
1781251973,58.7,2400000,0xe0000
1781251974,57.6,2400000,0xe0000
1781251975,57.6,2400000,0xe0000
1781251976,58.7,2400000,0xe0000
1781251977,57.6,2400000,0xe0000
1781251978,59.3,2400000,0xe0000
1781251979,57.6,2400000,0xe0000
1781251980,58.7,2400000,0xe0000
1781251981,58.2,2400000,0xe0000
1781251982,58.2,2400000,0xe0000
1781251983,58.7,2400000,0xe0000
1781251984,57.6,2400000,0xe0000
1781251985,57.6,2400000,0xe0000
1781251986,58.7,2400000,0xe0000
1781251987,57.6,2400000,0xe0000
1781251988,58.7,2400000,0xe0000
1781251989,57.6,2400000,0xe0000
1781251990,58.7,2400000,0xe0000
1781251991,58.2,2400000,0xe0000
1781251992,58.7,2400000,0xe0000
1781251993,58.2,2400000,0xe0000
1781251994,58.2,2400000,0xe0000
1781251995,58.7,2400000,0xe0000
1781251996,57.6,2400000,0xe0000
1781251997,58.7,2400000,0xe0000
1781251998,58.7,2400000,0xe0000
1781252000,58.2,2400000,0xe0000
1781252001,58.2,2400000,0xe0000
1781252002,58.7,2400000,0xe0000
1781252003,58.2,2400000,0xe0000
1781252004,58.2,2400000,0xe0000
1781252005,58.2,2400000,0xe0000
1781252006,57.6,2400000,0xe0000
1781252007,58.7,2400000,0xe0000
1781252008,58.7,2400000,0xe0000
1781252009,57.6,2400000,0xe0000
1781252010,58.2,2400000,0xe0000
1781252011,58.7,2400000,0xe0000
1781252012,57.6,2400000,0xe0000
1781252013,58.7,2400000,0xe0000
1781252014,58.2,2400000,0xe0000
1781252015,58.2,2400000,0xe0000
1781252016,58.2,2400000,0xe0000
1781252017,58.7,2400000,0xe0000
1781252018,58.7,2400000,0xe0000
1781252019,59.3,2400000,0xe0000
1781252021,58.7,2400000,0xe0000
1781252022,58.7,2400000,0xe0000
1781252023,58.2,2400000,0xe0000
1781252024,58.2,2400000,0xe0000
1781252025,58.2,2400000,0xe0000
1781252026,57.6,2400000,0xe0000
1781252027,58.2,2400000,0xe0000
1781252028,58.7,2400000,0xe0000
1781252029,58.2,2400000,0xe0000
1781252030,57.6,2400000,0xe0000
1781252031,58.2,2400000,0xe0000
1781252032,59.3,2400000,0xe0000
1781252033,57.6,2400000,0xe0000
1781252034,58.7,2400000,0xe0000
1781252035,58.2,2400000,0xe0000
1781252036,58.7,2400000,0xe0000
1781252037,58.7,2400000,0xe0000
1781252038,58.7,2400000,0xe0000
1781252039,57.6,2400000,0xe0000
1781252040,58.2,2400000,0xe0000
1781252041,58.7,2400000,0xe0000
1781252042,57.6,2400000,0xe0000
1781252043,58.2,2400000,0xe0000
1781252044,58.2,2400000,0xe0000
1781252045,58.2,2400000,0xe0000
1781252047,58.2,2400000,0xe0000
1781252048,58.2,2400000,0xe0000
1781252049,59.3,2400000,0xe0000
1781252050,58.7,2400000,0xe0000
1781252051,58.2,2400000,0xe0000
1781252052,58.7,2400000,0xe0000
1781252053,58.7,2400000,0xe0000
1781252054,57.6,2400000,0xe0000
1781252055,59.3,2400000,0xe0000
1781252056,58.7,2400000,0xe0000
1781252057,58.7,2400000,0xe0000
1781252058,58.7,2400000,0xe0000
1781252059,58.2,2400000,0xe0000
1781252060,58.7,2400000,0xe0000
1781252061,58.7,2400000,0xe0000
1781252062,58.2,2400000,0xe0000
1781252063,58.2,2400000,0xe0000
1781252064,57.6,2400000,0xe0000
1781252065,57.6,2400000,0xe0000
1781252066,57.6,2400000,0xe0000
1781252067,59.3,2400000,0xe0000
1781252068,58.7,2400000,0xe0000
1781252069,58.7,2400000,0xe0000
1781252071,58.2,2400000,0xe0000
1781252072,58.7,2400000,0xe0000
1781252073,58.7,2400000,0xe0000
1781252074,58.7,2400000,0xe0000
1781252075,58.2,2400000,0xe0000
1781252076,58.7,2400000,0xe0000
1781252077,58.2,2400000,0xe0000
1781252078,58.7,2400000,0xe0000
1781252079,58.2,2400000,0xe0000
1781252080,58.7,2400000,0xe0000
1781252081,58.7,2400000,0xe0000
1781252082,58.2,2400000,0xe0000
1781252083,58.2,2400000,0xe0000
1781252084,58.2,2400000,0xe0000
1781252085,58.2,2400000,0xe0000
1781252086,58.7,2400000,0xe0000
1781252087,58.2,2400000,0xe0000
1781252088,58.2,2400000,0xe0000
1781252089,58.7,2400000,0xe0000
1781252090,58.7,2400000,0xe0000
1781252091,57.6,2400000,0xe0000
1781252092,58.2,2400000,0xe0000
1781252093,58.7,2400000,0xe0000
1781252094,58.7,2400000,0xe0000
1781252095,58.7,2400000,0xe0000
1781252096,56.5,2400000,0xe0000
1781252097,58.7,2400000,0xe0000
1781252098,58.2,2400000,0xe0000
1781252099,58.7,2400000,0xe0000
1781252100,58.2,2400000,0xe0000
1781252102,58.7,2400000,0xe0000
1781252103,59.3,2400000,0xe0000
1781252104,58.2,2400000,0xe0000
1781252105,58.7,2400000,0xe0000
1781252106,58.2,2400000,0xe0000
1781252107,58.2,2400000,0xe0000
1781252108,58.2,2400000,0xe0000
1781252109,58.2,2400000,0xe0000
1781252110,58.2,2400000,0xe0000
1781252111,58.7,2400000,0xe0000
1781252112,57.6,2400000,0xe0000
1781252113,58.2,2400000,0xe0000
1781252114,57.1,2400000,0xe0000
1781252115,58.7,2400000,0xe0000
1781252116,58.7,2400000,0xe0000
1781252117,58.2,2400000,0xe0000
1781252118,57.6,2400000,0xe0000
1781252120,58.7,2400000,0xe0000
1781252121,58.7,2400000,0xe0000
1781252122,57.6,2400000,0xe0000
1781252123,58.7,2400000,0xe0000
1781252124,58.2,2400000,0xe0000
1781252125,58.2,2400000,0xe0000
1781252126,58.7,2400000,0xe0000
1781252127,58.7,2400000,0xe0000
1781252128,58.7,2400000,0xe0000
1781252129,58.7,2400000,0xe0000
1781252130,58.7,2400000,0xe0000
1781252131,58.7,2400000,0xe0000
1781252132,57.6,2400000,0xe0000
1781252133,59.3,2400000,0xe0000
1781252134,57.6,2400000,0xe0000
1781252135,58.7,2400000,0xe0000
1781252136,57.6,2400000,0xe0000
1781252137,56.5,2400000,0xe0000
1781252138,58.7,2400000,0xe0000
1781252140,58.7,2400000,0xe0000
1781252141,58.7,2400000,0xe0000
1781252142,58.7,2400000,0xe0000
1781252143,58.7,2400000,0xe0000
1781252144,58.7,2400000,0xe0000
1781252145,58.7,2400000,0xe0000
1781252146,59.3,2400000,0xe0000
1781252147,58.2,2400000,0xe0000
1781252148,58.7,2400000,0xe0000
1781252149,58.2,2400000,0xe0000
1781252150,58.2,2400000,0xe0000
1781252151,58.2,2400000,0xe0000
1781252152,58.2,2400000,0xe0000
1781252153,58.2,2400000,0xe0000
1781252154,58.7,2400000,0xe0000
1781252155,57.6,2400000,0xe0000
1781252156,58.7,2400000,0xe0000
1781252157,58.7,2400000,0xe0000
1781252158,58.7,2400000,0xe0000
1781252159,58.7,2400000,0xe0000
1781252160,57.6,2400000,0xe0000
1781252161,58.7,2400000,0xe0000
1781252162,58.2,2400000,0xe0000
1781252163,58.7,2400000,0xe0000
1781252164,58.2,2400000,0xe0000
1781252166,58.2,2400000,0xe0000
1781252167,58.2,2400000,0xe0000
1781252168,58.7,2400000,0xe0000
1781252169,58.7,2400000,0xe0000
1781252170,58.7,2400000,0xe0000
1781252171,59.3,2400000,0xe0000
1781252172,58.7,2400000,0xe0000
1781252173,58.7,2400000,0xe0000
1781252174,59.3,2400000,0xe0000
1781252175,58.7,2400000,0xe0000
1781252176,58.2,2400000,0xe0000
1781252177,58.7,2400000,0xe0000
1781252178,58.7,2400000,0xe0000
1781252179,58.7,2400000,0xe0000
1781252180,58.7,2400000,0xe0000
1781252181,58.7,2400000,0xe0000
1781252182,58.7,2400000,0xe0000
1781252183,58.7,2400000,0xe0000
1781252184,58.7,2400000,0xe0000
1781252185,58.7,2400000,0xe0000
1781252186,58.2,2400000,0xe0000
1781252187,57.6,2400000,0xe0000
1781252188,58.2,2400000,0xe0000
1781252189,58.2,2400000,0xe0000
1781252190,58.2,2400000,0xe0000
1781252192,58.2,2400000,0xe0000
1781252193,58.2,2400000,0xe0000
1781252194,58.7,2400000,0xe0000
1781252195,58.7,2400000,0xe0000
1781252196,58.2,2400000,0xe0000
1781252197,57.6,2400000,0xe0000
1781252198,58.2,2400000,0xe0000
1781252199,57.6,2400000,0xe0000
1781252200,58.7,2400000,0xe0000
1781252201,58.7,2400000,0xe0000
1781252202,58.7,2400000,0xe0000
1781252203,58.7,2400000,0xe0000
1781252204,59.3,2400000,0xe0000
1781252205,58.7,2400000,0xe0000
1781252206,58.2,2400000,0xe0000
1781252207,58.7,2400000,0xe0000
1781252208,58.2,2400000,0xe0000
1781252209,58.7,2400000,0xe0000
1781252210,59.3,2400000,0xe0000
1781252211,58.2,2400000,0xe0000
1781252212,58.7,2400000,0xe0000
1781252213,58.7,2400000,0xe0000
1781252214,56.5,2400000,0xe0000
1781252215,57.6,2400000,0xe0000
1781252216,57.6,2400000,0xe0000
1781252217,58.2,2400000,0xe0000
1781252218,58.2,2400000,0xe0000
1781252219,58.7,2400000,0xe0000
1781252220,58.7,2400000,0xe0000
1781252221,59.3,2400000,0xe0000
1781252222,58.7,2400000,0xe0000
1781252223,58.2,2400000,0xe0000
1781252224,59.3,2400000,0xe0000
1781252225,58.7,2400000,0xe0000
1781252226,57.6,2400000,0xe0000
1781252227,58.2,2400000,0xe0000
1781252228,58.2,2400000,0xe0000
1781252229,58.2,2400000,0xe0000
1781252231,58.2,2400000,0xe0000
1781252232,59.3,2400000,0xe0000
1781252233,58.7,2400000,0xe0000
1781252234,58.2,2400000,0xe0000
1781252235,58.2,2400000,0xe0000
1781252236,58.2,2400000,0xe0000
1781252237,58.2,2400000,0xe0000
1781252238,58.7,2400000,0xe0000
1781252239,58.7,2400000,0xe0000
1781252240,58.7,2400000,0xe0000
1781252241,58.2,2400000,0xe0000
1781252242,58.7,2400000,0xe0000
1781252243,57.6,2400000,0xe0000
1781252244,58.7,2400000,0xe0000
1781252245,58.2,2400000,0xe0000
1781252246,58.2,2400000,0xe0000
1781252247,58.7,2400000,0xe0000
1781252248,58.7,2400000,0xe0000
1781252249,58.2,2400000,0xe0000
1781252250,58.7,2400000,0xe0000
1781252251,58.7,2400000,0xe0000
1781252252,58.7,2400000,0xe0000
1781252254,58.7,2400000,0xe0000
1781252255,58.7,2400000,0xe0000
1781252256,58.7,2400000,0xe0000
1781252257,58.2,2400000,0xe0000
1781252258,57.6,2400000,0xe0000
1781252259,58.7,2400000,0xe0000
1781252260,58.7,2400000,0xe0000
1781252261,58.2,2400000,0xe0000
1781252262,58.7,2400000,0xe0000
1781252263,58.2,2400000,0xe0000
1781252264,58.7,2400000,0xe0000
1781252265,58.7,2400000,0xe0000
1781252266,57.6,2400000,0xe0000
1781252267,58.7,2400000,0xe0000
1781252268,57.6,2400000,0xe0000
1781252269,58.2,2400000,0xe0000
1781252270,58.7,2400000,0xe0000
1781252271,58.2,2400000,0xe0000
1781252272,58.7,2400000,0xe0000
1781252273,58.7,2400000,0xe0000
1781252275,58.7,2400000,0xe0000
1781252276,58.7,2400000,0xe0000
1781252277,58.7,2400000,0xe0000
1781252278,58.7,2400000,0xe0000
1781252279,58.2,2400000,0xe0000
1781252280,58.2,2400000,0xe0000
1781252281,57.6,2400000,0xe0000
1781252282,58.7,2400000,0xe0000
1781252283,58.2,2400000,0xe0000
1781252284,58.2,2400000,0xe0000
1781252285,58.2,2400000,0xe0000
1781252286,58.7,2400000,0xe0000
1781252287,57.6,2400000,0xe0000
1781252288,58.2,2400000,0xe0000
1781252289,58.7,2400000,0xe0000
1781252290,58.7,2400000,0xe0000
1781252291,58.2,2400000,0xe0000
1781252292,58.2,2400000,0xe0000
1781252293,58.7,2400000,0xe0000
1781252294,58.2,2400000,0xe0000
1781252295,59.3,2400000,0xe0000
1781252296,58.2,2400000,0xe0000
1781252297,58.2,2400000,0xe0000
1781252298,58.7,2400000,0xe0000
1781252299,58.7,2400000,0xe0000
1781252300,57.6,2400000,0xe0000
1781252301,58.2,2400000,0xe0000
1781252302,58.7,2400000,0xe0000
1781252304,58.2,2400000,0xe0000
1781252305,58.2,2400000,0xe0000
1781252306,58.2,2400000,0xe0000
1781252307,58.7,2400000,0xe0000
1781252308,58.7,2400000,0xe0000
1781252309,58.7,2400000,0xe0000
1781252310,58.2,2400000,0xe0000
1781252311,58.7,2400000,0xe0000
1781252312,58.2,2400000,0xe0000
1781252313,58.2,2400000,0xe0000
1781252314,59.3,2400000,0xe0000
1781252315,58.7,2400000,0xe0000
1781252316,58.7,2400000,0xe0000
1781252317,58.7,2400000,0xe0000
1781252318,58.7,2400000,0xe0000
1781252319,58.2,2400000,0xe0000
1781252320,58.7,2400000,0xe0000
1781252321,58.7,2400000,0xe0000
1781252322,58.7,2400000,0xe0000
1781252323,58.2,2400000,0xe0000
1781252324,58.7,2400000,0xe0000
1781252325,58.7,2400000,0xe0000
1781252326,58.2,2400000,0xe0000
1781252327,58.7,2400000,0xe0000
1781252329,58.7,2400000,0xe0000
1781252330,58.7,2400000,0xe0000
1781252331,59.3,2400000,0xe0000
1781252332,58.2,2400000,0xe0000
1781252333,58.2,2400000,0xe0000
1781252334,58.7,2400000,0xe0000
1781252335,59.3,2400000,0xe0000
1781252336,58.7,2400000,0xe0000
1781252337,59.3,2400000,0xe0000
1781252338,58.7,2400000,0xe0000
1781252339,58.7,2400000,0xe0000
1781252340,58.7,2400000,0xe0000
1781252341,59.3,2400000,0xe0000
1781252342,58.7,2400000,0xe0000
1781252343,58.2,2400000,0xe0000
1781252344,58.2,2400000,0xe0000
1781252345,59.3,2400000,0xe0000
1781252346,58.2,2400000,0xe0000
1781252347,58.2,2400000,0xe0000
1781252348,58.2,2400000,0xe0000
1781252350,58.7,2400000,0xe0000
1781252351,58.7,2400000,0xe0000
1781252352,57.1,2400000,0xe0000
1781252353,58.2,2400000,0xe0000
1781252354,58.7,2400000,0xe0000
1781252355,57.6,2400000,0xe0000
1781252356,58.2,2400000,0xe0000
1781252357,58.7,2400000,0xe0000
1781252358,59.3,2400000,0xe0000
1781252359,58.2,2400000,0xe0000
1781252360,58.7,2400000,0xe0000
1781252361,58.7,2400000,0xe0000
1781252362,58.7,2400000,0xe0000
1781252363,58.2,2400000,0xe0000
1781252364,59.3,2400000,0xe0000
1781252365,58.7,2400000,0xe0000
1781252366,58.2,2400000,0xe0000
1781252367,58.2,2400000,0xe0000
1781252368,57.6,2400000,0xe0000
1781252369,58.7,2400000,0xe0000
1781252370,58.2,2400000,0xe0000
1781252371,58.2,2400000,0xe0000
1781252372,58.7,2400000,0xe0000
1781252373,58.7,2400000,0xe0000
1781252374,58.7,2400000,0xe0000
1781252375,58.2,2400000,0xe0000
1781252376,59.3,2400000,0xe0000
1781252378,57.6,2400000,0xe0000
1781252379,59.3,2400000,0xe0000
1781252380,58.7,2400000,0xe0000
1781252381,58.7,2400000,0xe0000
1781252382,58.7,2400000,0xe0000
1781252383,58.2,2400000,0xe0000
1781252384,58.7,2400000,0xe0000
1781252385,58.7,2400000,0xe0000
1781252386,58.2,2400000,0xe0000
1781252387,57.1,2400000,0xe0000
1781252388,58.7,2400000,0xe0000
1781252389,58.7,2400000,0xe0000
1781252390,59.3,2400000,0xe0000
1781252391,58.7,2400000,0xe0000
1781252392,57.6,2400000,0xe0000
1781252393,58.7,2400000,0xe0000
1781252394,58.7,2400000,0xe0000
1781252395,58.2,2400000,0xe0000
1781252397,58.7,2400000,0xe0000
1781252398,58.7,2400000,0xe0000
1781252399,58.7,2400000,0xe0000
1781252400,58.7,2400000,0xe0000
1781252401,58.7,2400000,0xe0000
1781252402,58.2,2400000,0xe0000
1781252403,58.7,2400000,0xe0000
1781252404,58.7,2400000,0xe0000
1781252405,58.7,2400000,0xe0000
1781252406,58.7,2400000,0xe0000
1781252407,59.3,2400000,0xe0000
1781252408,58.7,2400000,0xe0000
1781252409,58.7,2400000,0xe0000
1781252410,58.7,2400000,0xe0000
1781252411,58.2,2400000,0xe0000
1781252412,58.7,2400000,0xe0000
1781252413,58.7,2400000,0xe0000
1781252414,58.7,2400000,0xe0000
1781252415,58.2,2400000,0xe0000
1781252416,58.7,2400000,0xe0000
1781252417,58.7,2400000,0xe0000
1781252418,59.3,2400000,0xe0000
1781252419,58.7,2400000,0xe0000
1781252421,57.6,2400000,0xe0000
1781252422,58.2,2400000,0xe0000
1781252423,58.7,2400000,0xe0000
1781252424,58.7,2400000,0xe0000
1781252425,58.7,2400000,0xe0000
1781252426,59.3,2400000,0xe0000
1781252427,58.2,2400000,0xe0000
1781252428,58.2,2400000,0xe0000
1781252429,58.2,2400000,0xe0000
1781252430,58.7,2400000,0xe0000
1781252431,57.6,2400000,0xe0000
1781252432,58.7,2400000,0xe0000
1781252433,58.2,2400000,0xe0000
1781252434,59.3,2400000,0xe0000
1781252435,58.7,2400000,0xe0000
1781252436,58.7,2400000,0xe0000
1781252437,58.7,2400000,0xe0000
1781252438,58.7,2400000,0xe0000
1781252439,58.7,2400000,0xe0000
1781252440,58.7,2400000,0xe0000
1781252441,59.3,2400000,0xe0000
1781252442,58.2,2400000,0xe0000
1781252443,59.3,2400000,0xe0000
1781252445,58.7,2400000,0xe0000
1781252446,59.3,2400000,0xe0000
1781252447,58.2,2400000,0xe0000
1781252448,59.3,2400000,0xe0000
1781252449,58.7,2400000,0xe0000
1781252450,58.7,2400000,0xe0000
1781252451,58.7,2400000,0xe0000
1781252452,58.7,2400000,0xe0000
1781252453,59.3,2400000,0xe0000
1781252454,58.2,2400000,0xe0000
1781252455,59.3,2400000,0xe0000
1781252456,58.7,2400000,0xe0000
1781252457,58.7,2400000,0xe0000
1781252458,58.2,2400000,0xe0000
1781252459,59.3,2400000,0xe0000
1781252460,58.2,2400000,0xe0000
1781252461,58.7,2400000,0xe0000
1781252462,58.2,2400000,0xe0000
1781252463,58.7,2400000,0xe0000
1781252464,58.7,2400000,0xe0000
1781252466,58.7,2400000,0xe0000
1781252467,58.7,2400000,0xe0000
1781252468,58.2,2400000,0xe0000
1781252469,58.7,2400000,0xe0000
1781252470,59.3,2400000,0xe0000
1781252471,57.6,2400000,0xe0000
1781252472,59.3,2400000,0xe0000
1781252473,58.7,2400000,0xe0000
1781252474,57.6,2400000,0xe0000
1781252475,58.7,2400000,0xe0000
1781252476,58.7,2400000,0xe0000
1781252477,58.2,2400000,0xe0000
1781252478,58.7,2400000,0xe0000
1781252479,58.2,2400000,0xe0000
1781252480,58.7,2400000,0xe0000
1781252481,58.7,2400000,0xe0000
1781252482,58.7,2400000,0xe0000
1781252483,58.7,2400000,0xe0000
1781252485,58.2,2400000,0xe0000
1781252486,58.7,2400000,0xe0000
1781252487,58.7,2400000,0xe0000
1781252488,58.7,2400000,0xe0000
1781252489,58.2,2400000,0xe0000
1781252490,58.7,2400000,0xe0000
1781252491,58.2,2400000,0xe0000
1781252492,58.7,2400000,0xe0000
1781252493,58.7,2400000,0xe0000
1781252494,58.7,2400000,0xe0000
1781252495,58.7,2400000,0xe0000
1781252496,57.6,2400000,0xe0000
1781252497,59.3,2400000,0xe0000
1781252498,58.7,2400000,0xe0000
1781252499,58.7,2400000,0xe0000
1781252500,58.2,2400000,0xe0000
1781252501,58.7,2400000,0xe0000
1781252502,58.7,2400000,0xe0000
1781252503,59.3,2400000,0xe0000
1781252504,58.2,2400000,0xe0000
1781252505,58.7,2400000,0xe0000
1781252506,58.2,2400000,0xe0000
1781252507,58.7,2400000,0xe0000
1781252508,58.7,2400000,0xe0000
1781252509,58.7,2400000,0xe0000
1781252511,58.7,2400000,0xe0000
1781252512,59.3,2400000,0xe0000
1781252513,58.7,2400000,0xe0000
1781252514,58.7,2400000,0xe0000
1781252515,58.7,2400000,0xe0000
1781252516,59.3,2400000,0xe0000
1781252517,58.7,2400000,0xe0000
1781252518,59.3,2400000,0xe0000
1781252519,57.6,2400000,0xe0000
1781252520,58.7,2400000,0xe0000
1781252521,58.2,2400000,0xe0000
1781252522,58.2,2400000,0xe0000
1781252523,58.7,2400000,0xe0000
1781252524,58.7,2400000,0xe0000
1781252525,58.2,2400000,0xe0000
1781252526,59.3,2400000,0xe0000
1781252527,57.1,2400000,0xe0000
1781252528,58.7,2400000,0xe0000
1781252529,59.3,2400000,0xe0000
1781252530,57.6,2400000,0xe0000
1781252531,59.3,2400000,0xe0000
1781252532,58.2,2400000,0xe0000
1781252533,58.7,2400000,0xe0000
1781252534,57.6,2400000,0xe0000
1781252536,58.7,2400000,0xe0000
1781252537,58.7,2400000,0xe0000
1781252538,58.7,2400000,0xe0000
1781252539,58.7,2400000,0xe0000
1781252540,58.2,2400000,0xe0000
1781252541,58.7,2400000,0xe0000
1781252542,58.2,2400000,0xe0000
1781252543,59.3,2400000,0xe0000
1781252544,58.2,2400000,0xe0000
1781252545,58.7,2400000,0xe0000
1781252546,58.7,2400000,0xe0000
1781252547,58.2,2400000,0xe0000
1781252548,59.3,2400000,0xe0000
1781252549,58.2,2400000,0xe0000
1781252550,58.7,2400000,0xe0000
1781252551,57.1,2400000,0xe0000
1781252552,58.2,2400000,0xe0000
1781252553,58.7,2400000,0xe0000
1781252554,58.7,2400000,0xe0000
1781252555,59.3,2400000,0xe0000
1781252556,58.7,2400000,0xe0000
1781252557,59.3,2400000,0xe0000
1781252558,59.3,2400000,0xe0000
1781252559,58.7,2400000,0xe0000
1781252560,58.7,2400000,0xe0000
1781252562,58.7,2400000,0xe0000
1781252563,59.3,2400000,0xe0000
1781252564,59.3,2400000,0xe0000
1781252565,58.7,2400000,0xe0000
1781252566,58.2,2400000,0xe0000
1781252567,59.3,2400000,0xe0000
1781252568,58.7,2400000,0xe0000
1781252569,57.6,2400000,0xe0000
1781252570,58.7,2400000,0xe0000
1781252571,58.7,2400000,0xe0000
1781252572,58.7,2400000,0xe0000
1781252573,58.7,2400000,0xe0000
1781252574,59.3,2400000,0xe0000
1781252575,59.3,2400000,0xe0000
1781252576,58.2,2400000,0xe0000
1781252577,58.2,2400000,0xe0000
1781252578,58.7,2400000,0xe0000
1781252579,58.7,2400000,0xe0000
1781252580,58.7,2400000,0xe0000
1781252582,57.6,2400000,0xe0000
1781252583,58.7,2400000,0xe0000
1781252584,58.2,2400000,0xe0000
1781252585,59.3,2400000,0xe0000
1781252586,58.7,2400000,0xe0000
1781252587,58.2,2400000,0xe0000
1781252588,59.3,2400000,0xe0000
1781252589,58.2,2400000,0xe0000
1781252590,58.7,2400000,0xe0000
1781252591,58.2,2400000,0xe0000
1781252592,58.7,2400000,0xe0000
1781252593,57.6,2400000,0xe0000
1781252594,58.7,2400000,0xe0000
1781252595,59.3,2400000,0xe0000
1781252596,59.3,2400000,0xe0000
1781252597,59.3,2400000,0xe0000
1781252598,58.7,2400000,0xe0000
1781252599,58.2,2400000,0xe0000
1781252600,58.7,2400000,0xe0000
1781252601,58.7,2400000,0xe0000
1781252602,58.7,2400000,0xe0000
1781252603,58.7,2400000,0xe0000
1781252604,58.7,2400000,0xe0000
1781252605,58.7,2400000,0xe0000
1781252606,58.7,2400000,0xe0000
1781252607,58.2,2400000,0xe0000
1781252608,58.2,2400000,0xe0000
1781252609,58.7,2400000,0xe0000
1781252610,58.7,2400000,0xe0000
1781252612,58.7,2400000,0xe0000
1781252613,59.3,2400000,0xe0000
1781252614,58.7,2400000,0xe0000
1781252615,58.7,2400000,0xe0000
1781252616,58.7,2400000,0xe0000
1781252617,58.7,2400000,0xe0000
1781252618,58.7,2400000,0xe0000
1781252619,58.2,2400000,0xe0000
1781252620,58.7,2400000,0xe0000
1781252621,58.2,2400000,0xe0000
1781252622,58.7,2400000,0xe0000
1781252623,58.7,2400000,0xe0000
1781252624,58.2,2400000,0xe0000
1781252625,58.2,2400000,0xe0000
1781252626,58.2,2400000,0xe0000
1781252627,58.7,2400000,0xe0000
1781252628,58.7,2400000,0xe0000
1781252629,58.7,2400000,0xe0000
1781252630,59.3,2400000,0xe0000
1781252631,59.3,2400000,0xe0000
1781252632,59.3,2400000,0xe0000
1781252633,58.2,2400000,0xe0000
1781252634,58.7,2400000,0xe0000
1781252635,58.7,2400000,0xe0000
1781252636,58.7,2400000,0xe0000
1781252637,58.7,2400000,0xe0000
1781252638,58.7,2400000,0xe0000
1781252639,59.3,2400000,0xe0000
1781252640,58.7,2400000,0xe0000
1781252641,58.2,2400000,0xe0000
1781252642,58.2,2400000,0xe0000
1781252643,58.7,2400000,0xe0000
1781252644,58.2,2400000,0xe0000
1781252645,59.3,2400000,0xe0000
1781252646,58.7,2400000,0xe0000
1781252647,58.7,2400000,0xe0000
1781252648,58.7,2400000,0xe0000
1781252649,58.2,2400000,0xe0000
1781252650,58.7,2400000,0xe0000
1781252651,58.7,2400000,0xe0000
1781252652,58.7,2400000,0xe0000
1781252653,58.7,2400000,0xe0000
1781252655,58.7,2400000,0xe0000
1781252656,58.7,2400000,0xe0000
1781252657,58.2,2400000,0xe0000
1781252658,58.7,2400000,0xe0000
1781252659,58.2,2400000,0xe0000
1781252660,58.2,2400000,0xe0000
1781252661,58.7,2400000,0xe0000
1781252662,58.7,2400000,0xe0000
1781252663,58.7,2400000,0xe0000
1781252664,59.3,2400000,0xe0000
1781252665,59.3,2400000,0xe0000
1781252666,58.7,2400000,0xe0000
1781252667,59.3,2400000,0xe0000
1781252668,58.7,2400000,0xe0000
1781252669,58.7,2400000,0xe0000
1781252670,58.7,2400000,0xe0000
1781252671,58.2,2400000,0xe0000
1781252672,58.7,2400000,0xe0000
1781252673,58.7,2400000,0xe0000
1781252674,57.6,2400000,0xe0000
1781252675,58.7,2400000,0xe0000
1781252676,58.7,2400000,0xe0000
1781252677,58.2,2400000,0xe0000
1781252678,59.3,2400000,0xe0000
1781252679,58.7,2400000,0xe0000
1781252680,58.7,2400000,0xe0000
1781252681,59.3,2400000,0xe0000
1781252683,58.7,2400000,0xe0000
1781252684,59.3,2400000,0xe0000
1781252685,58.7,2400000,0xe0000
1781252686,58.7,2400000,0xe0000
1781252687,58.7,2400000,0xe0000
1781252688,58.7,2400000,0xe0000
1781252689,59.3,2400000,0xe0000
1781252690,58.7,2400000,0xe0000
1781252691,59.3,2400000,0xe0000
1781252692,58.2,2400000,0xe0000
1781252693,58.7,2400000,0xe0000
1781252694,58.7,2400000,0xe0000
1781252695,59.3,2400000,0xe0000
1781252696,59.3,2400000,0xe0000
1781252697,58.7,2400000,0xe0000
1781252699,58.7,2400000,0xe0000
1781252700,59.3,2400000,0xe0000
1781252701,58.2,2400000,0xe0000
1781252702,59.3,2400000,0xe0000
1781252703,59.3,2400000,0xe0000
1781252704,57.6,2400000,0xe0000
1781252705,57.6,2400000,0xe0000
1781252706,58.7,2400000,0xe0000
1781252707,58.2,2400000,0xe0000
1781252708,58.2,2400000,0xe0000
1781252709,58.7,2400000,0xe0000
1781252710,58.7,2400000,0xe0000
1781252711,58.7,2400000,0xe0000
1781252712,58.7,2400000,0xe0000
1781252713,58.2,2400000,0xe0000
1781252714,58.7,2400000,0xe0000
1781252715,58.7,2400000,0xe0000
1781252716,59.3,2400000,0xe0000
1781252717,58.7,2400000,0xe0000
1781252718,58.7,2400000,0xe0000
1781252719,58.2,2400000,0xe0000
1781252720,58.7,2400000,0xe0000
1781252721,58.2,2400000,0xe0000
1781252722,58.7,2400000,0xe0000
1781252723,58.7,2400000,0xe0000
1781252724,58.7,2400000,0xe0000
1781252725,58.7,2400000,0xe0000
1781252726,58.7,2400000,0xe0000
1781252727,57.6,2400000,0xe0000
1781252728,58.7,2400000,0xe0000
1781252729,58.7,2400000,0xe0000
1781252730,58.7,2400000,0xe0000
1781252731,58.2,2400000,0xe0000
1781252732,58.7,2400000,0xe0000
1781252733,58.7,2400000,0xe0000
1781252734,58.7,2400000,0xe0000
1781252735,59.3,2400000,0xe0000
1781252737,58.7,2400000,0xe0000
1781252738,58.7,2400000,0xe0000
1781252739,58.7,2400000,0xe0000
1781252740,59.3,2400000,0xe0000
1781252741,58.2,2400000,0xe0000
1781252742,58.7,2400000,0xe0000
1781252743,58.7,2400000,0xe0000
1781252744,58.7,2400000,0xe0000
1781252745,59.3,2400000,0xe0000
1781252746,58.7,2400000,0xe0000
1781252747,58.7,2400000,0xe0000
1781252748,58.7,2400000,0xe0000
1781252749,57.6,2400000,0xe0000
1781252750,58.2,2400000,0xe0000
1781252751,58.7,2400000,0xe0000
1781252752,58.2,2400000,0xe0000
1781252753,58.2,2400000,0xe0000
1781252754,59.3,2400000,0xe0000
1781252755,58.7,2400000,0xe0000
1781252756,58.7,2400000,0xe0000
1781252757,58.2,2400000,0xe0000
1781252758,58.7,2400000,0xe0000
1781252759,59.3,2400000,0xe0000
1781252760,58.7,2400000,0xe0000
1781252761,58.7,2400000,0xe0000
1781252762,58.7,2400000,0xe0000
1781252764,58.2,2400000,0xe0000
1781252765,58.2,2400000,0xe0000
1781252766,58.2,2400000,0xe0000
1781252767,59.3,2400000,0xe0000
1781252768,58.7,2400000,0xe0000
1781252769,59.3,2400000,0xe0000
1781252770,59.3,2400000,0xe0000
1781252771,59.3,2400000,0xe0000
1781252772,57.6,2400000,0xe0000
1781252773,58.2,2400000,0xe0000
1781252774,58.7,2400000,0xe0000
1781252775,58.7,2400000,0xe0000
1781252776,58.7,2400000,0xe0000
1781252777,58.7,2400000,0xe0000
1781252778,58.7,2400000,0xe0000
1781252779,57.6,2400000,0xe0000
1781252780,58.2,2400000,0xe0000
1781252781,58.7,2400000,0xe0000
1781252782,57.6,2400000,0xe0000
1781252783,58.7,2400000,0xe0000
1781252784,58.7,2400000,0xe0000
1781252785,58.7,2400000,0xe0000
1781252786,58.7,2400000,0xe0000
1781252788,58.2,2400000,0xe0000
1781252789,58.7,2400000,0xe0000
1781252790,59.3,2400000,0xe0000
1781252791,58.7,2400000,0xe0000
1781252792,59.3,2400000,0xe0000
1781252793,58.7,2400000,0xe0000
1781252794,58.7,2400000,0xe0000
1781252795,58.7,2400000,0xe0000
1781252796,58.7,2400000,0xe0000
1781252797,58.7,2400000,0xe0000
1781252798,58.7,2400000,0xe0000
1781252799,58.7,2400000,0xe0000
1781252800,57.6,2400000,0xe0000
1781252801,58.7,2400000,0xe0000
1781252802,58.7,2400000,0xe0000
1781252803,57.6,2400000,0xe0000
1781252804,59.3,2400000,0xe0000
1781252805,58.7,2400000,0xe0000
1781252806,57.6,2400000,0xe0000
1781252807,58.7,2400000,0xe0000
1781252808,59.3,2400000,0xe0000
1781252810,58.2,2400000,0xe0000
1781252811,58.7,2400000,0xe0000
1781252812,57.6,2400000,0xe0000
1781252813,57.1,2400000,0xe0000
1781252814,58.2,2400000,0xe0000
1781252815,58.7,2400000,0xe0000
1781252816,58.7,2400000,0xe0000
1781252817,58.7,2400000,0xe0000
1781252818,59.3,2400000,0xe0000
1781252819,59.3,2400000,0xe0000
1781252820,58.7,2400000,0xe0000
1781252821,58.7,2400000,0xe0000
1781252822,58.7,2400000,0xe0000
1781252823,58.7,2400000,0xe0000
1781252824,58.7,2400000,0xe0000
1781252825,58.7,2400000,0xe0000
1781252826,58.7,2400000,0xe0000
1781252827,59.3,2400000,0xe0000
1781252828,58.2,2400000,0xe0000
1781252829,58.2,2400000,0xe0000
1781252830,58.7,2400000,0xe0000
1781252831,58.7,2400000,0xe0000
1781252832,58.7,2400000,0xe0000
1781252833,58.2,2400000,0xe0000
1781252834,57.6,2400000,0xe0000
1781252835,59.3,2400000,0xe0000
1781252836,58.7,2400000,0xe0000
1781252837,58.7,2400000,0xe0000
1781252838,58.7,2400000,0xe0000
1781252839,59.3,2400000,0xe0000
1781252840,59.3,2400000,0xe0000
1781252841,58.7,2400000,0xe0000
1781252843,59.3,2400000,0xe0000
1781252844,58.7,2400000,0xe0000
1781252845,59.3,2400000,0xe0000
1781252846,59.3,2400000,0xe0000
1781252847,58.7,2400000,0xe0000
1781252848,59.3,2400000,0xe0000
1781252849,58.7,2400000,0xe0000
1781252850,59.3,2400000,0xe0000
1781252851,58.7,2400000,0xe0000
1781252852,57.6,2400000,0xe0000
1781252853,58.7,2400000,0xe0000
1781252854,59.3,2400000,0xe0000
1781252855,58.7,2400000,0xe0000
1781252856,58.7,2400000,0xe0000
1781252857,58.7,2400000,0xe0000
1781252858,58.7,2400000,0xe0000
1781252859,59.3,2400000,0xe0000
1781252860,58.2,2400000,0xe0000
1781252861,59.3,2400000,0xe0000
1781252862,58.7,2400000,0xe0000
1781252863,58.2,2400000,0xe0000
1781252864,58.2,2400000,0xe0000
1781252865,58.7,2400000,0xe0000
1781252867,59.3,2400000,0xe0000
1781252868,59.3,2400000,0xe0000
1781252869,58.7,2400000,0xe0000
1781252870,58.2,2400000,0xe0000
1781252871,58.2,2400000,0xe0000
1781252872,59.3,2400000,0xe0000
1781252873,58.7,2400000,0xe0000
1781252874,58.7,2400000,0xe0000
1781252875,58.7,2400000,0xe0000
1781252876,58.7,2400000,0xe0000
1781252877,57.6,2400000,0xe0000
1781252878,58.2,2400000,0xe0000
1781252879,58.7,2400000,0xe0000
1781252880,58.7,2400000,0xe0000
1781252881,59.3,2400000,0xe0000
1781252882,59.3,2400000,0xe0000
1781252883,58.2,2400000,0xe0000
1781252884,58.7,2400000,0xe0000
1781252885,59.3,2400000,0xe0000
1781252886,58.7,2400000,0xe0000
1781252887,59.3,2400000,0xe0000
1781252888,58.2,2400000,0xe0000
1781252889,58.7,2400000,0xe0000
1781252891,58.7,2400000,0xe0000
1781252892,59.3,2400000,0xe0000
1781252893,59.3,2400000,0xe0000
1781252894,59.3,2400000,0xe0000
1781252895,58.7,2400000,0xe0000
1781252896,58.7,2400000,0xe0000
1781252897,58.7,2400000,0xe0000
1781252898,58.7,2400000,0xe0000
1781252899,58.7,2400000,0xe0000
1781252900,58.7,2400000,0xe0000
1781252901,58.7,2400000,0xe0000
1781252902,58.2,2400000,0xe0000
1781252903,58.7,2400000,0xe0000
1781252904,59.3,2400000,0xe0000
1781252905,59.3,2400000,0xe0000
1781252906,58.7,2400000,0xe0000
1781252907,59.3,2400000,0xe0000
1781252908,58.7,2400000,0xe0000
1781252909,58.7,2400000,0xe0000
1781252911,59.3,2400000,0xe0000
1781252912,58.2,2400000,0xe0000
1781252913,58.7,2400000,0xe0000
1781252914,58.7,2400000,0xe0000
1781252915,59.3,2400000,0xe0000
1781252916,58.7,2400000,0xe0000
1781252917,58.7,2400000,0xe0000
1781252918,58.2,2400000,0xe0000
1781252919,58.2,2400000,0xe0000
1781252920,57.6,2400000,0xe0000
1781252921,58.7,2400000,0xe0000
1781252922,58.7,2400000,0xe0000
1781252923,58.2,2400000,0xe0000
1781252924,58.7,2400000,0xe0000
1781252925,58.7,2400000,0xe0000
1781252926,58.2,2400000,0xe0000
1781252927,59.3,2400000,0xe0000
1781252928,57.6,2400000,0xe0000
1781252929,58.7,2400000,0xe0000
1781252931,58.2,2400000,0xe0000
1781252932,58.2,2400000,0xe0000
1781252933,57.6,2400000,0xe0000
1781252934,59.3,2400000,0xe0000
1781252935,58.7,2400000,0xe0000
1781252936,58.2,2400000,0xe0000
1781252937,58.2,2400000,0xe0000
1781252938,58.7,2400000,0xe0000
1781252939,58.7,2400000,0xe0000
1781252940,57.1,2400000,0xe0000
1781252941,58.7,2400000,0xe0000
1781252942,58.7,2400000,0xe0000
1781252943,58.7,2400000,0xe0000
1781252944,58.2,2400000,0xe0000
1781252945,58.7,2400000,0xe0000
1781252946,58.7,2400000,0xe0000
1781252947,58.7,2400000,0xe0000
1781252948,58.7,2400000,0xe0000
1781252949,58.7,2400000,0xe0000
1781252950,58.7,2400000,0xe0000
1781252951,58.2,2400000,0xe0000
1781252952,58.7,2400000,0xe0000
1781252953,58.7,2400000,0xe0000
1781252954,57.6,2400000,0xe0000
1781252956,58.7,2400000,0xe0000
1781252957,58.7,2400000,0xe0000
1781252958,58.7,2400000,0xe0000
1781252959,57.1,2400000,0xe0000
1781252960,57.6,2400000,0xe0000
1781252961,58.7,2400000,0xe0000
1781252962,58.7,2400000,0xe0000
1781252963,58.7,2400000,0xe0000
1781252964,58.2,2400000,0xe0000
1781252965,58.7,2400000,0xe0000
1781252966,58.7,2400000,0xe0000
1781252967,58.7,2400000,0xe0000
1781252968,58.2,2400000,0xe0000
1781252969,59.3,2400000,0xe0000
1781252970,58.7,2400000,0xe0000
1781252971,59.3,2400000,0xe0000
1781252972,58.7,2400000,0xe0000
1781252973,58.2,2400000,0xe0000
1781252975,59.3,2400000,0xe0000
1781252976,59.3,2400000,0xe0000
1781252977,58.7,2400000,0xe0000
1781252978,59.3,2400000,0xe0000
1781252979,58.7,2400000,0xe0000
1781252980,59.3,2400000,0xe0000
1781252981,58.2,2400000,0xe0000
1781252982,58.7,2400000,0xe0000
1781252983,58.7,2400000,0xe0000
1781252984,58.2,2400000,0xe0000
1781252985,58.7,2400000,0xe0000
1781252986,59.3,2400000,0xe0000
1781252987,58.7,2400000,0xe0000
1781252988,58.7,2400000,0xe0000
1781252989,58.2,2400000,0xe0000
1781252990,58.2,2400000,0xe0000
1781252991,58.7,2400000,0xe0000
1781252992,58.2,2400000,0xe0000
1781252993,59.3,2400000,0xe0000
1781252994,59.3,2400000,0xe0000
1781252996,59.3,2400000,0xe0000
1781252997,58.7,2400000,0xe0000
1781252998,58.7,2400000,0xe0000
1781252999,58.7,2400000,0xe0000
1781253000,58.2,2400000,0xe0000
1781253001,59.3,2400000,0xe0000
1781253002,58.7,2400000,0xe0000
1781253003,58.2,2400000,0xe0000
1781253004,58.7,2400000,0xe0000
1781253005,58.7,2400000,0xe0000
1781253006,58.7,2400000,0xe0000
1781253007,58.7,2400000,0xe0000
1781253008,59.3,2400000,0xe0000
1781253009,58.7,2400000,0xe0000
1781253010,58.7,2400000,0xe0000
1781253011,58.2,2400000,0xe0000
1781253012,57.6,2400000,0xe0000
1781253013,59.3,2400000,0xe0000
1781253014,58.7,2400000,0xe0000
1781253015,58.7,2400000,0xe0000
1781253016,58.7,2400000,0xe0000
1781253017,58.2,2400000,0xe0000
1781253019,57.6,2400000,0xe0000
1781253020,58.2,2400000,0xe0000
1781253021,58.7,2400000,0xe0000
1781253022,58.2,2400000,0xe0000
1781253023,57.6,2400000,0xe0000
1781253024,59.3,2400000,0xe0000
1781253025,58.7,2400000,0xe0000
1781253026,58.2,2400000,0xe0000
1781253027,58.7,2400000,0xe0000
1781253028,58.7,2400000,0xe0000
1781253029,58.7,2400000,0xe0000
1781253030,59.3,2400000,0xe0000
1781253031,58.2,2400000,0xe0000
1781253032,58.7,2400000,0xe0000
1781253033,58.7,2400000,0xe0000
1781253034,59.3,2400000,0xe0000
1781253035,59.3,2400000,0xe0000
1781253036,58.7,2400000,0xe0000
1781253037,58.2,2400000,0xe0000
1781253038,57.6,2400000,0xe0000
1781253039,58.2,2400000,0xe0000
1781253040,58.7,2400000,0xe0000
1781253042,58.7,2400000,0xe0000
1781253043,58.7,2400000,0xe0000
1781253044,58.7,2400000,0xe0000
1781253045,58.7,2400000,0xe0000
1781253046,58.7,2400000,0xe0000
1781253047,58.7,2400000,0xe0000
1781253048,58.7,2400000,0xe0000
1781253049,58.7,2400000,0xe0000
1781253050,58.7,2400000,0xe0000
1781253051,59.3,2400000,0xe0000
1781253052,59.8,2400000,0xe0000
1781253053,58.7,2400000,0xe0000
1781253054,58.2,2400000,0xe0000
1781253055,59.3,2400000,0xe0000
1781253056,58.2,2400000,0xe0000
1781253057,59.3,2400000,0xe0000
1781253058,59.3,2400000,0xe0000
1781253059,59.3,2400000,0xe0000
1781253060,58.7,2400000,0xe0000
1781253061,59.3,2400000,0xe0000
1781253062,58.2,2400000,0xe0000
1781253063,58.7,2400000,0xe0000
1781253065,58.2,2400000,0xe0000
1781253066,58.7,2400000,0xe0000
1781253067,58.7,2400000,0xe0000
1781253068,58.2,2400000,0xe0000
1781253069,58.2,2400000,0xe0000
1781253070,58.7,2400000,0xe0000
1781253071,59.3,2400000,0xe0000
1781253072,58.7,2400000,0xe0000
1781253073,58.7,2400000,0xe0000
1781253074,58.7,2400000,0xe0000
1781253075,58.7,2400000,0xe0000
1781253076,58.2,2400000,0xe0000
1781253077,58.7,2400000,0xe0000
1781253078,58.7,2400000,0xe0000
1781253079,58.7,2400000,0xe0000
1781253080,58.7,2400000,0xe0000
1781253081,58.7,2400000,0xe0000
1781253082,58.7,2400000,0xe0000
1781253083,58.7,2400000,0xe0000
1781253084,58.7,2400000,0xe0000
1781253085,59.3,2400000,0xe0000
1781253086,58.7,2400000,0xe0000
1781253087,58.2,2400000,0xe0000
1781253088,58.7,2400000,0xe0000
1781253089,58.2,2400000,0xe0000
1781253091,58.2,2400000,0xe0000
1781253092,58.7,2400000,0xe0000
1781253093,58.2,2400000,0xe0000
1781253094,58.2,2400000,0xe0000
1781253095,58.7,2400000,0xe0000
1781253096,58.7,2400000,0xe0000
1781253097,58.7,2400000,0xe0000
1781253098,58.7,2400000,0xe0000
1781253099,59.3,2400000,0xe0000
1781253100,58.7,2400000,0xe0000
1781253101,58.7,2400000,0xe0000
1781253102,58.2,2400000,0xe0000
1781253103,58.7,2400000,0xe0000
1781253104,58.2,2400000,0xe0000
1781253105,59.3,2400000,0xe0000
1781253106,59.3,2400000,0xe0000
1781253107,59.3,2400000,0xe0000
1781253108,59.3,2400000,0xe0000
1781253109,59.3,2400000,0xe0000
1781253110,58.7,2400000,0xe0000
1781253111,59.3,2400000,0xe0000
1781253112,58.7,2400000,0xe0000
1781253113,59.3,2400000,0xe0000
1781253115,58.7,2400000,0xe0000
1781253116,58.7,2400000,0xe0000
1781253117,59.3,2400000,0xe0000
1781253118,58.7,2400000,0xe0000
1781253119,57.6,2400000,0xe0000
1781253120,58.7,2400000,0xe0000
1781253121,58.7,2400000,0xe0000
1781253122,59.3,2400000,0xe0000
1781253123,58.7,2400000,0xe0000
1781253124,58.7,2400000,0xe0000
1781253125,58.2,2400000,0xe0000
1781253126,58.7,2400000,0xe0000
1781253127,59.3,2400000,0xe0000
1781253128,58.7,2400000,0xe0000
1781253129,58.7,2400000,0xe0000
1781253130,58.7,2400000,0xe0000
1781253131,58.7,2400000,0xe0000
1781253132,58.7,2400000,0xe0000
1781253133,59.3,2400000,0xe0000
1781253134,58.2,2400000,0xe0000
1781253135,58.7,2400000,0xe0000
1781253136,58.7,2400000,0xe0000
1781253138,59.3,2400000,0xe0000
1781253139,58.2,2400000,0xe0000
1781253140,58.7,2400000,0xe0000
1781253141,58.7,2400000,0xe0000
1781253142,58.2,2400000,0xe0000
1781253143,57.6,2400000,0xe0000
1781253144,58.7,2400000,0xe0000
1781253145,58.2,2400000,0xe0000
1781253146,58.7,2400000,0xe0000
1781253147,58.7,2400000,0xe0000
1781253148,58.7,2400000,0xe0000
1781253149,58.7,2400000,0xe0000
1781253150,58.7,2400000,0xe0000
1781253151,58.2,2400000,0xe0000
1781253152,58.7,2400000,0xe0000
1781253153,58.7,2400000,0xe0000
1781253154,58.7,2400000,0xe0000
1781253155,58.7,2400000,0xe0000
1781253156,58.2,2400000,0xe0000
1781253157,58.7,2400000,0xe0000
1781253158,58.7,2400000,0xe0000
1781253159,58.2,2400000,0xe0000
1781253160,58.7,2400000,0xe0000
1781253161,58.2,2400000,0xe0000
1781253163,59.3,2400000,0xe0000
1781253164,58.7,2400000,0xe0000
1781253165,58.2,2400000,0xe0000
1781253166,58.7,2400000,0xe0000
1781253167,58.7,2400000,0xe0000
1781253168,58.7,2400000,0xe0000
1781253169,57.6,2400000,0xe0000
1781253170,59.3,2400000,0xe0000
1781253171,58.7,2400000,0xe0000
1781253172,59.3,2400000,0xe0000
1781253173,58.7,2400000,0xe0000
1781253174,58.7,2400000,0xe0000
1781253175,58.7,2400000,0xe0000
1781253176,59.3,2400000,0xe0000
1781253177,57.6,2400000,0xe0000
1781253178,58.7,2400000,0xe0000
1781253179,58.2,2400000,0xe0000
1781253180,58.7,2400000,0xe0000
1781253181,58.7,2400000,0xe0000
1781253182,58.7,2400000,0xe0000
1781253183,59.3,2400000,0xe0000
1781253184,58.7,2400000,0xe0000
1781253185,58.7,2400000,0xe0000
1781253186,58.7,2400000,0xe0000
1781253188,58.7,2400000,0xe0000
1781253189,59.3,2400000,0xe0000
1781253190,58.7,2400000,0xe0000
1781253191,58.7,2400000,0xe0000
1781253192,58.7,2400000,0xe0000
1781253193,58.2,2400000,0xe0000
1781253194,59.3,2400000,0xe0000
1781253195,58.2,2400000,0xe0000
1781253196,57.6,2400000,0xe0000
1781253197,58.7,2400000,0xe0000
1781253198,59.3,2400000,0xe0000
1781253199,58.7,2400000,0xe0000
1781253200,58.2,2400000,0xe0000
1781253201,58.7,2400000,0xe0000
1781253202,58.7,2400000,0xe0000
1781253203,58.7,2400000,0xe0000
1781253204,59.3,2400000,0xe0000
1781253205,58.2,2400000,0xe0000
1781253206,58.7,2400000,0xe0000
1781253207,58.7,2400000,0xe0000
1781253208,58.7,2400000,0xe0000
1781253209,57.6,2400000,0xe0000
1781253210,58.7,2400000,0xe0000
1781253212,59.3,2400000,0xe0000
1781253213,58.7,2400000,0xe0000
1781253214,59.3,2400000,0xe0000
1781253215,58.2,2400000,0xe0000
1781253216,58.7,2400000,0xe0000
1781253217,58.7,2400000,0xe0000
1781253218,58.7,2400000,0xe0000
1781253219,58.7,2400000,0xe0000
1781253220,58.2,2400000,0xe0000
1781253221,59.3,2400000,0xe0000
1781253222,58.2,2400000,0xe0000
1781253223,59.3,2400000,0xe0000
1781253224,58.7,2400000,0xe0000
1781253225,58.7,2400000,0xe0000
1781253226,58.2,2400000,0xe0000
1781253227,58.7,2400000,0xe0000
1781253228,58.7,2400000,0xe0000
1781253229,57.6,2400000,0xe0000
1781253230,58.2,2400000,0xe0000
1781253231,58.7,2400000,0xe0000
1781253232,58.7,2400000,0xe0000
1781253234,58.7,2400000,0xe0000
1781253235,58.7,2400000,0xe0000
1781253236,58.7,2400000,0xe0000
1781253237,58.7,2400000,0xe0000
1781253238,57.6,2400000,0xe0000
1781253239,59.3,2400000,0xe0000
1781253240,58.7,2400000,0xe0000
1781253241,57.6,2400000,0xe0000
1781253242,59.3,2400000,0xe0000
1781253243,59.3,2400000,0xe0000
1781253244,57.6,2400000,0xe0000
1781253245,58.2,2400000,0xe0000
1781253246,58.7,2400000,0xe0000
1781253247,58.7,2400000,0xe0000
1781253248,58.2,2400000,0xe0000
1781253249,58.2,2400000,0xe0000
1781253250,58.2,2400000,0xe0000
1781253251,58.7,2400000,0xe0000
1781253252,58.7,2400000,0xe0000
1781253253,59.3,2400000,0xe0000
1781253254,58.2,2400000,0xe0000
1781253255,58.7,2400000,0xe0000
1781253256,58.7,2400000,0xe0000
1781253257,58.7,2400000,0xe0000
1781253259,59.3,2400000,0xe0000
1781253260,58.7,2400000,0xe0000
1781253261,58.7,2400000,0xe0000
1781253262,59.3,2400000,0xe0000
1781253263,58.7,2400000,0xe0000
1781253264,58.2,2400000,0xe0000
1781253265,58.7,2400000,0xe0000
1781253266,58.2,2400000,0xe0000
1781253267,58.7,2400000,0xe0000
1781253268,59.3,2400000,0xe0000
1781253269,58.7,2400000,0xe0000
1781253270,59.3,2400000,0xe0000
1781253271,58.2,2400000,0xe0000
1781253272,58.7,2400000,0xe0000
1781253273,59.3,2400000,0xe0000
1781253274,58.7,2400000,0xe0000
1781253275,58.7,2400000,0xe0000
1781253276,58.7,2400000,0xe0000
1781253277,58.7,2400000,0xe0000
1781253278,58.7,2400000,0xe0000
1781253279,57.6,2400000,0xe0000
1781253280,58.7,2400000,0xe0000
1781253281,58.7,2400000,0xe0000
1781253282,58.2,2400000,0xe0000
1781253284,58.2,2400000,0xe0000
1781253285,58.2,2400000,0xe0000
1781253286,58.7,2400000,0xe0000
1781253287,59.3,2400000,0xe0000
1781253288,58.7,2400000,0xe0000
1781253289,58.2,2400000,0xe0000
1781253290,59.3,2400000,0xe0000
1781253291,58.2,2400000,0xe0000
1781253292,58.7,2400000,0xe0000
1781253293,58.7,2400000,0xe0000
1781253294,58.7,2400000,0xe0000
1781253295,58.7,2400000,0xe0000
1781253296,58.2,2400000,0xe0000
1781253297,58.2,2400000,0xe0000
1781253298,58.7,2400000,0xe0000
1781253299,58.2,2400000,0xe0000
1781253300,58.7,2400000,0xe0000
1781253301,58.7,2400000,0xe0000
1781253302,58.7,2400000,0xe0000
1781253303,58.7,2400000,0xe0000
1781253304,57.6,2400000,0xe0000
1781253305,58.7,2400000,0xe0000
1781253306,58.2,2400000,0xe0000
1781253307,58.7,2400000,0xe0000
1781253309,59.3,2400000,0xe0000
1781253310,58.2,2400000,0xe0000
1781253311,58.7,2400000,0xe0000
1781253312,58.7,2400000,0xe0000
1781253313,58.7,2400000,0xe0000
1781253314,58.7,2400000,0xe0000
1781253315,58.2,2400000,0xe0000
1781253316,57.6,2400000,0xe0000
1781253317,58.7,2400000,0xe0000
1781253318,58.7,2400000,0xe0000
1781253319,57.6,2400000,0xe0000
1781253320,58.2,2400000,0xe0000
1781253321,58.2,2400000,0xe0000
1781253322,58.7,2400000,0xe0000
1781253323,58.7,2400000,0xe0000
1781253324,58.7,2400000,0xe0000
1781253325,59.3,2400000,0xe0000
1781253326,58.7,2400000,0xe0000
1781253327,58.2,2400000,0xe0000
1781253328,58.7,2400000,0xe0000
1781253329,58.7,2400000,0xe0000
1781253330,58.7,2400000,0xe0000
1781253331,57.6,2400000,0xe0000
1781253332,59.3,2400000,0xe0000
1781253334,58.7,2400000,0xe0000
1781253335,58.2,2400000,0xe0000
1781253336,58.2,2400000,0xe0000
1781253337,58.2,2400000,0xe0000
1781253338,58.7,2400000,0xe0000
1781253339,57.6,2400000,0xe0000
1781253340,58.7,2400000,0xe0000
1781253341,58.7,2400000,0xe0000
1781253342,59.3,2400000,0xe0000
1781253343,58.2,2400000,0xe0000
1781253344,57.6,2400000,0xe0000
1781253345,58.2,2400000,0xe0000
1781253346,58.7,2400000,0xe0000
1781253347,58.7,2400000,0xe0000
1781253348,58.7,2400000,0xe0000
1781253349,58.7,2400000,0xe0000
1781253350,58.7,2400000,0xe0000
1781253351,58.2,2400000,0xe0000
1781253352,58.2,2400000,0xe0000
1781253353,58.7,2400000,0xe0000
1781253354,58.7,2400000,0xe0000
1781253355,58.2,2400000,0xe0000
1781253356,58.2,2400000,0xe0000
1781253357,59.3,2400000,0xe0000
1781253358,58.7,2400000,0xe0000
1781253360,58.7,2400000,0xe0000
1781253361,58.7,2400000,0xe0000
1781253362,58.7,2400000,0xe0000
1781253363,58.7,2400000,0xe0000
1781253364,59.3,2400000,0xe0000
1781253365,58.2,2400000,0xe0000
1781253366,58.7,2400000,0xe0000
1781253367,58.2,2400000,0xe0000
1781253368,58.7,2400000,0xe0000
1781253369,58.2,2400000,0xe0000
1781253370,57.6,2400000,0xe0000
1781253371,58.2,2400000,0xe0000
1781253372,58.7,2400000,0xe0000
1781253373,58.2,2400000,0xe0000
1781253374,59.3,2400000,0xe0000
1781253375,58.2,2400000,0xe0000
1781253376,58.2,2400000,0xe0000
1781253377,58.7,2400000,0xe0000
1781253378,58.7,2400000,0xe0000
1781253379,58.2,2400000,0xe0000
1781253380,58.2,2400000,0xe0000
1781253382,58.7,2400000,0xe0000
1781253383,58.7,2400000,0xe0000
1781253384,58.7,2400000,0xe0000
1781253385,58.2,2400000,0xe0000
1781253386,58.7,2400000,0xe0000
1781253387,58.7,2400000,0xe0000
1781253388,58.2,2400000,0xe0000
1781253389,58.7,2400000,0xe0000
1781253390,58.7,2400000,0xe0000
1781253391,58.7,2400000,0xe0000
1781253392,58.7,2400000,0xe0000
1781253393,58.7,2400000,0xe0000
1781253394,58.7,2400000,0xe0000
1781253395,58.7,2400000,0xe0000
1781253396,58.7,2400000,0xe0000
1781253397,59.3,2400000,0xe0000
1781253398,58.2,2400000,0xe0000
1781253399,58.7,2400000,0xe0000
1781253400,58.2,2400000,0xe0000
1781253401,59.3,2400000,0xe0000
1781253402,59.3,2400000,0xe0000
1781253403,58.7,2400000,0xe0000
1781253404,58.2,2400000,0xe0000
1781253405,58.7,2400000,0xe0000
1781253406,58.7,2400000,0xe0000
1781253407,59.3,2400000,0xe0000
1781253408,58.7,2400000,0xe0000
1781253410,58.7,2400000,0xe0000
1781253411,58.7,2400000,0xe0000
1781253412,58.7,2400000,0xe0000
1781253413,58.7,2400000,0xe0000
1781253414,58.2,2400000,0xe0000
1781253415,58.7,2400000,0xe0000
1781253416,58.7,2400000,0xe0000
1781253417,58.7,2400000,0xe0000
1781253418,58.2,2400000,0xe0000
1781253419,58.7,2400000,0xe0000
1781253420,58.7,2400000,0xe0000
1781253421,59.3,2400000,0xe0000
1781253422,58.7,2400000,0xe0000
1781253423,59.3,2400000,0xe0000
1781253424,58.7,2400000,0xe0000
1781253425,58.7,2400000,0xe0000
1781253426,58.2,2400000,0xe0000
1781253427,58.7,2400000,0xe0000
1781253428,58.7,2400000,0xe0000
1781253429,58.2,2400000,0xe0000
1781253430,59.3,2400000,0xe0000
1781253431,58.2,2400000,0xe0000
1781253432,58.2,2400000,0xe0000
1781253433,58.7,2400000,0xe0000
1781253434,58.7,2400000,0xe0000
1781253435,58.7,2400000,0xe0000
1781253436,58.2,2400000,0xe0000
1781253437,58.7,2400000,0xe0000
1781253438,58.2,2400000,0xe0000
1781253440,58.7,2400000,0xe0000
1781253441,58.7,2400000,0xe0000
1781253442,58.2,2400000,0xe0000
1781253443,59.3,2400000,0xe0000
1781253444,58.7,2400000,0xe0000
1781253445,58.7,2400000,0xe0000
1781253446,59.3,2400000,0xe0000
1781253447,58.7,2400000,0xe0000
1781253448,59.3,2400000,0xe0000
1781253449,58.7,2400000,0xe0000
1781253450,58.2,2400000,0xe0000
1781253451,58.2,2400000,0xe0000
1781253452,58.7,2400000,0xe0000
1781253453,58.7,2400000,0xe0000
1781253454,58.7,2400000,0xe0000
1781253455,58.7,2400000,0xe0000
1781253456,59.3,2400000,0xe0000
1781253457,57.6,2400000,0xe0000
1781253458,58.2,2400000,0xe0000
1781253459,58.2,2400000,0xe0000
1781253461,58.7,2400000,0xe0000
1781253462,58.7,2400000,0xe0000
1781253463,58.7,2400000,0xe0000
1781253464,59.3,2400000,0xe0000
1781253465,58.7,2400000,0xe0000
1781253466,59.3,2400000,0xe0000
1781253467,58.7,2400000,0xe0000
1781253468,58.7,2400000,0xe0000
1781253469,58.2,2400000,0xe0000
1781253470,57.6,2400000,0xe0000
1781253471,59.3,2400000,0xe0000
1781253472,58.7,2400000,0xe0000
1781253473,58.2,2400000,0xe0000
1781253474,58.7,2400000,0xe0000
1781253475,58.7,2400000,0xe0000
1781253476,57.6,2400000,0xe0000
1781253477,58.7,2400000,0xe0000
1781253478,58.7,2400000,0xe0000
1781253479,58.7,2400000,0xe0000
1781253480,58.7,2400000,0xe0000
1781253481,58.2,2400000,0xe0000
1781253482,58.7,2400000,0xe0000
1781253483,57.6,2400000,0xe0000
1781253484,58.7,2400000,0xe0000
1781253485,57.6,2400000,0xe0000
1781253487,58.2,2400000,0xe0000
1781253488,58.2,2400000,0xe0000
1781253489,58.2,2400000,0xe0000
1781253490,58.2,2400000,0xe0000
1781253491,58.2,2400000,0xe0000
1781253492,57.6,2400000,0xe0000
1781253493,58.2,2400000,0xe0000
1781253494,58.2,2400000,0xe0000
1781253495,58.7,2400000,0xe0000
1781253496,59.3,2400000,0xe0000
1781253497,57.6,2400000,0xe0000
1781253498,58.7,2400000,0xe0000
1781253499,58.7,2400000,0xe0000
1781253500,59.3,2400000,0xe0000
1781253501,59.3,2400000,0xe0000
1781253502,58.7,2400000,0xe0000
1781253503,57.6,2400000,0xe0000
1781253504,58.7,2400000,0xe0000
1781253505,58.7,2400000,0xe0000
1781253506,58.7,2400000,0xe0000
1781253507,58.7,2400000,0xe0000
1781253509,58.7,2400000,0xe0000
1781253510,59.3,2400000,0xe0000
1781253511,57.6,2400000,0xe0000
1781253512,58.2,2400000,0xe0000
1781253513,58.2,2400000,0xe0000
1781253514,58.7,2400000,0xe0000
1781253515,57.6,2400000,0xe0000
1781253516,58.7,2400000,0xe0000
1781253517,58.7,2400000,0xe0000
1781253518,58.2,2400000,0xe0000
1781253519,58.2,2400000,0xe0000
1781253520,58.7,2400000,0xe0000
1781253521,58.2,2400000,0xe0000
1781253522,59.3,2400000,0xe0000
1781253523,58.2,2400000,0xe0000
1781253524,58.7,2400000,0xe0000
1781253525,59.3,2400000,0xe0000
1781253526,58.7,2400000,0xe0000
1781253527,58.7,2400000,0xe0000
1781253528,58.2,2400000,0xe0000
1781253529,58.7,2400000,0xe0000
1781253530,58.2,2400000,0xe0000
1781253531,58.7,2400000,0xe0000
1781253532,58.2,2400000,0xe0000
1781253533,58.7,2400000,0xe0000
1781253535,57.6,2400000,0xe0000
1781253536,58.7,2400000,0xe0000
1781253537,58.7,2400000,0xe0000
1781253538,58.7,2400000,0xe0000
1781253539,59.3,2400000,0xe0000
1781253540,58.7,2400000,0xe0000
1781253541,59.3,2400000,0xe0000
1781253542,58.7,2400000,0xe0000
1781253543,58.7,2400000,0xe0000
1781253544,59.3,2400000,0xe0000
1781253545,58.7,2400000,0xe0000
1781253546,58.7,2400000,0xe0000
1781253547,58.7,2400000,0xe0000
1781253548,58.2,2400000,0xe0000
1781253549,59.3,2400000,0xe0000
1781253550,58.7,2400000,0xe0000
1781253551,58.2,2400000,0xe0000
1781253552,57.6,2400000,0xe0000
1781253553,58.2,2400000,0xe0000
1781253554,58.2,2400000,0xe0000
1781253555,58.7,2400000,0xe0000
1781253557,58.2,2400000,0xe0000
1781253558,58.7,2400000,0xe0000
1781253559,58.7,2400000,0xe0000
1781253560,58.7,2400000,0xe0000
1781253561,57.6,2400000,0xe0000
1781253562,59.3,2400000,0xe0000
1781253563,58.7,2400000,0xe0000
1781253564,59.3,2400000,0xe0000
1781253565,58.7,2400000,0xe0000
1781253566,57.6,2400000,0xe0000
1781253567,59.3,2400000,0xe0000
1781253568,58.7,2400000,0xe0000
1781253569,58.2,2400000,0xe0000
1781253570,58.7,2400000,0xe0000
1781253571,58.7,2400000,0xe0000
1781253572,58.2,2400000,0xe0000
1781253573,58.7,2400000,0xe0000
1781253574,58.2,2400000,0xe0000
1781253576,59.3,2400000,0xe0000
1781253577,58.7,2400000,0xe0000
1781253578,57.6,2400000,0xe0000
1781253579,58.7,2400000,0xe0000
1781253580,58.2,2400000,0xe0000
1781253581,58.7,2400000,0xe0000
1781253582,58.2,2400000,0xe0000
1781253583,58.7,2400000,0xe0000
1781253584,58.7,2400000,0xe0000
1781253585,58.2,2400000,0xe0000
1781253586,59.3,2400000,0xe0000
1781253587,58.2,2400000,0xe0000
1781253588,58.2,2400000,0xe0000
1781253589,58.2,2400000,0xe0000
1781253590,57.1,2400000,0xe0000
1781253591,58.7,2400000,0xe0000
1781253592,57.6,2400000,0xe0000
1781253593,58.7,2400000,0xe0000
1781253594,57.6,2400000,0xe0000
1781253595,58.2,2400000,0xe0000
1781253596,57.6,2400000,0xe0000
1781253597,58.2,2400000,0xe0000
1781253598,58.7,2400000,0xe0000
1781253599,58.7,2400000,0xe0000
1781253600,59.3,2400000,0xe0000
1781253602,58.7,2400000,0xe0000
1781253603,58.2,2400000,0xe0000
1781253604,57.6,2400000,0xe0000
1781253605,58.7,2400000,0xe0000
1781253606,58.7,2400000,0xe0000
1781253607,58.7,2400000,0xe0000
1781253608,57.6,2400000,0xe0000
1781253609,58.2,2400000,0xe0000
1781253610,58.7,2400000,0xe0000
1781253611,58.7,2400000,0xe0000
1781253612,57.6,2400000,0xe0000
1781253613,57.6,2400000,0xe0000
1781253614,58.2,2400000,0xe0000
1781253615,58.7,2400000,0xe0000
1781253616,58.2,2400000,0xe0000
1781253617,58.7,2400000,0xe0000
1781253618,59.3,2400000,0xe0000
1781253619,57.6,2400000,0xe0000
1781253620,58.2,2400000,0xe0000
1781253621,58.7,2400000,0xe0000
1781253622,58.7,2400000,0xe0000
1781253623,58.7,2400000,0xe0000
1781253624,59.3,2400000,0xe0000
1781253625,58.2,2400000,0xe0000
1781253626,58.2,2400000,0xe0000
1781253627,58.2,2400000,0xe0000
1781253628,58.7,2400000,0xe0000
1781253630,58.2,2400000,0xe0000
1781253631,58.7,2400000,0xe0000
1781253632,58.7,2400000,0xe0000
1781253633,58.7,2400000,0xe0000
1781253634,58.2,2400000,0xe0000
1781253635,58.2,2400000,0xe0000
1781253636,58.7,2400000,0xe0000
1781253637,58.7,2400000,0xe0000
1781253638,58.2,2400000,0xe0000
1781253639,59.3,2400000,0xe0000
1781253640,58.2,2400000,0xe0000
1781253641,58.2,2400000,0xe0000
1781253642,58.2,2400000,0xe0000
1781253643,58.2,2400000,0xe0000
1781253644,58.7,2400000,0xe0000
1781253645,58.2,2400000,0xe0000
1781253646,58.2,2400000,0xe0000
1781253647,58.2,2400000,0xe0000
1781253648,58.7,2400000,0xe0000
1781253650,58.2,2400000,0xe0000
1781253651,58.7,2400000,0xe0000
1781253652,58.7,2400000,0xe0000
1781253653,58.2,2400000,0xe0000
1781253654,58.2,2400000,0xe0000
1781253655,58.7,2400000,0xe0000
1781253656,58.7,2400000,0xe0000
1781253657,57.6,2400000,0xe0000
1781253658,58.2,2400000,0xe0000
1781253659,58.7,2400000,0xe0000
1781253660,58.2,2400000,0xe0000
1781253661,57.1,2400000,0xe0000
1781253662,58.2,2400000,0xe0000
1781253663,57.1,2400000,0xe0000
1781253664,58.2,2400000,0xe0000
1781253665,57.6,2400000,0xe0000
1781253666,58.2,2400000,0xe0000
1781253667,58.2,2400000,0xe0000
1781253668,58.7,2400000,0xe0000
1781253669,57.6,2400000,0xe0000
1781253670,58.7,2400000,0xe0000
1781253672,58.7,2400000,0xe0000
1781253673,58.2,2400000,0xe0000
1781253674,58.7,2400000,0xe0000
1781253675,58.7,2400000,0xe0000
1781253676,57.6,2400000,0xe0000
1781253677,58.2,2400000,0xe0000
1781253678,58.7,2400000,0xe0000
1781253679,58.2,2400000,0xe0000
1781253680,58.7,2400000,0xe0000
1781253681,58.2,2400000,0xe0000
1781253682,58.2,2400000,0xe0000
1781253683,57.6,2400000,0xe0000
1781253684,57.6,2400000,0xe0000
1781253685,57.6,2400000,0xe0000
1781253686,58.2,2400000,0xe0000
1781253687,59.3,2400000,0xe0000
1781253688,58.2,2400000,0xe0000
1781253689,58.7,2400000,0xe0000
1781253690,58.2,2400000,0xe0000
1781253691,59.3,2400000,0xe0000
1781253692,58.2,2400000,0xe0000
1781253693,58.2,2400000,0xe0000
1781253694,57.6,2400000,0xe0000
1781253696,58.2,2400000,0xe0000
1781253697,58.2,2400000,0xe0000
1781253698,57.6,2400000,0xe0000
1781253699,58.7,2400000,0xe0000
1781253700,58.7,2400000,0xe0000
1781253701,57.6,2400000,0xe0000
1781253702,58.2,2400000,0xe0000
1781253703,58.2,2400000,0xe0000
1781253704,57.1,2400000,0xe0000
1781253705,58.7,2400000,0xe0000
1781253706,58.7,2400000,0xe0000
1781253707,58.7,2400000,0xe0000
1781253708,57.6,2400000,0xe0000
1781253709,58.2,2400000,0xe0000
1781253710,58.2,2400000,0xe0000
1781253711,58.2,2400000,0xe0000
1781253712,58.7,2400000,0xe0000
1781253713,57.6,2400000,0xe0000
1781253714,57.6,2400000,0xe0000
1781253715,58.2,2400000,0xe0000
1781253716,57.6,2400000,0xe0000
1781253717,58.2,2400000,0xe0000
1781253718,57.6,2400000,0xe0000
1781253719,58.2,2400000,0xe0000
1781253720,58.7,2400000,0xe0000
1781253721,58.2,2400000,0xe0000
1781253722,58.7,2400000,0xe0000
1781253723,58.7,2400000,0xe0000
1781253724,58.2,2400000,0xe0000
1781253725,58.2,2400000,0xe0000
1781253726,58.2,2400000,0xe0000
1781253727,58.2,2400000,0xe0000
1781253729,58.7,2400000,0xe0000
1781253730,58.7,2400000,0xe0000
1781253731,58.2,2400000,0xe0000
1781253732,57.6,2400000,0xe0000
1781253733,58.7,2400000,0xe0000
1781253734,58.7,2400000,0xe0000
1781253735,57.6,2400000,0xe0000
1781253736,58.2,2400000,0xe0000
1781253737,58.2,2400000,0xe0000
1781253738,58.2,2400000,0xe0000
1781253739,58.2,2400000,0xe0000
1781253740,58.2,2400000,0xe0000
1781253741,58.7,2400000,0xe0000
1781253742,57.6,2400000,0xe0000
1781253743,58.7,2400000,0xe0000
1781253744,58.7,2400000,0xe0000
1781253745,58.2,2400000,0xe0000
1781253746,57.6,2400000,0xe0000
1781253747,58.2,2400000,0xe0000
1781253748,58.2,2400000,0xe0000
1781253749,58.7,2400000,0xe0000
1781253750,58.2,2400000,0xe0000
1781253751,58.7,2400000,0xe0000
1781253753,58.2,2400000,0xe0000
1781253754,58.2,2400000,0xe0000
1781253755,58.2,2400000,0xe0000
1781253756,58.2,2400000,0xe0000
1781253757,58.2,2400000,0xe0000
1781253758,58.2,2400000,0xe0000
1781253759,58.2,2400000,0xe0000
1781253760,58.7,2400000,0xe0000
1781253761,58.7,2400000,0xe0000
1781253762,58.2,2400000,0xe0000
1781253763,58.2,2400000,0xe0000
1781253764,58.7,2400000,0xe0000
1781253765,58.2,2400000,0xe0000
1781253766,58.7,2400000,0xe0000
1781253767,57.1,2400000,0xe0000
1781253768,58.2,2400000,0xe0000
1781253769,58.2,2400000,0xe0000
1781253770,58.7,2400000,0xe0000
1781253771,57.6,2400000,0xe0000
1781253772,58.2,2400000,0xe0000
1781253773,58.2,2400000,0xe0000
1781253774,58.2,2400000,0xe0000
1781253776,57.6,2400000,0xe0000
1781253777,58.2,2400000,0xe0000
1781253778,57.6,2400000,0xe0000
1781253779,58.7,2400000,0xe0000
1781253780,58.2,2400000,0xe0000
1781253781,57.6,2400000,0xe0000
1781253782,58.2,2400000,0xe0000
1781253783,58.2,2400000,0xe0000
1781253784,58.7,2400000,0xe0000
1781253785,57.6,2400000,0xe0000
1781253786,58.2,2400000,0xe0000
1781253787,57.6,2400000,0xe0000
1781253788,58.2,2400000,0xe0000
1781253789,58.7,2400000,0xe0000
1781253790,57.6,2400000,0xe0000
1781253791,58.7,2400000,0xe0000
1781253792,58.7,2400000,0xe0000
1781253793,58.2,2400000,0xe0000
1781253794,58.2,2400000,0xe0000
1781253795,58.7,2400000,0xe0000
1781253796,58.2,2400000,0xe0000
1781253797,57.6,2400000,0xe0000
1781253798,58.2,2400000,0xe0000
1781253799,58.2,2400000,0xe0000
1781253800,58.2,2400000,0xe0000
1781253801,58.7,2400000,0xe0000
1781253802,58.7,2400000,0xe0000
1781253804,58.7,2400000,0xe0000
1781253805,57.1,2400000,0xe0000
1781253806,57.1,2400000,0xe0000
1781253807,58.7,2400000,0xe0000
1781253808,58.2,2400000,0xe0000
1781253809,58.2,2400000,0xe0000
1781253810,57.6,2400000,0xe0000
1781253811,58.2,2400000,0xe0000
1781253812,57.6,2400000,0xe0000
1781253813,58.2,2400000,0xe0000
1781253814,58.2,2400000,0xe0000
1781253815,58.7,2400000,0xe0000
1781253816,58.2,2400000,0xe0000
1781253817,57.6,2400000,0xe0000
1781253818,57.6,2400000,0xe0000
1781253819,58.2,2400000,0xe0000
1781253820,58.2,2400000,0xe0000
1781253821,57.6,2400000,0xe0000
1781253822,58.2,2400000,0xe0000
1781253823,58.2,2400000,0xe0000
1781253824,58.2,2400000,0xe0000
1781253825,57.6,2400000,0xe0000
1781253826,57.6,2400000,0xe0000
1781253828,57.6,2400000,0xe0000
1781253829,57.6,2400000,0xe0000
1781253830,58.2,2400000,0xe0000
1781253831,57.6,2400000,0xe0000
1781253832,57.1,2400000,0xe0000
1781253833,58.2,2400000,0xe0000
1781253834,58.2,2400000,0xe0000
1781253835,58.7,2400000,0xe0000
1781253836,58.2,2400000,0xe0000
1781253837,57.1,2400000,0xe0000
1781253838,58.2,2400000,0xe0000
1781253839,57.6,2400000,0xe0000
1781253840,58.7,2400000,0xe0000
1781253841,58.7,2400000,0xe0000
1781253842,58.2,2400000,0xe0000
1781253843,57.1,2400000,0xe0000
1781253844,58.7,2400000,0xe0000
1781253845,57.6,2400000,0xe0000
1781253846,58.7,2400000,0xe0000
1781253847,58.7,2400000,0xe0000
1781253848,58.2,2400000,0xe0000
1781253849,58.2,2400000,0xe0000
1781253850,58.7,2400000,0xe0000
1781253851,58.7,2400000,0xe0000
1781253852,58.7,2400000,0xe0000
1781253854,58.7,2400000,0xe0000
1781253855,58.7,2400000,0xe0000
1781253856,57.6,2400000,0xe0000
1781253857,59.3,2400000,0xe0000
1781253858,58.7,2400000,0xe0000
1781253859,58.2,2400000,0xe0000
1781253860,57.6,2400000,0xe0000
1781253861,58.7,2400000,0xe0000
1781253862,58.2,2400000,0xe0000
1781253863,58.2,2400000,0xe0000
1781253864,58.2,2400000,0xe0000
1781253865,58.2,2400000,0xe0000
1781253866,57.6,2400000,0xe0000
1781253867,58.2,2400000,0xe0000
1781253868,58.7,2400000,0xe0000
1781253869,57.6,2400000,0xe0000
1781253870,58.7,2400000,0xe0000
1781253871,58.7,2400000,0xe0000
1781253872,58.2,2400000,0xe0000
1781253874,57.6,2400000,0xe0000
1781253875,58.7,2400000,0xe0000
1781253876,58.7,2400000,0xe0000
1781253877,58.7,2400000,0xe0000
1781253878,58.2,2400000,0xe0000
1781253879,58.2,2400000,0xe0000
1781253880,57.6,2400000,0xe0000
1781253881,58.2,2400000,0xe0000
1781253882,57.6,2400000,0xe0000
1781253883,57.6,2400000,0xe0000
1781253884,58.7,2400000,0xe0000
1781253885,58.2,2400000,0xe0000
1781253886,58.7,2400000,0xe0000
1781253887,58.7,2400000,0xe0000
1781253888,58.7,2400000,0xe0000
1781253889,58.7,2400000,0xe0000
1781253890,58.2,2400000,0xe0000
1781253891,58.7,2400000,0xe0000
1781253892,57.6,2400000,0xe0000
1781253893,58.2,2400000,0xe0000
1781253894,58.2,2400000,0xe0000
1781253895,58.2,2400000,0xe0000
1781253896,58.2,2400000,0xe0000
1781253897,58.7,2400000,0xe0000
1781253898,57.6,2400000,0xe0000
1781253899,58.2,2400000,0xe0000
1781253900,58.2,2400000,0xe0000
1781253901,58.2,2400000,0xe0000
1781253902,58.7,2400000,0xe0000
1781253904,58.7,2400000,0xe0000
1781253905,58.2,2400000,0xe0000
1781253906,57.1,2400000,0xe0000
1781253907,58.7,2400000,0xe0000
1781253908,57.6,2400000,0xe0000
1781253909,58.2,2400000,0xe0000
1781253910,57.6,2400000,0xe0000
1781253911,58.7,2400000,0xe0000
1781253912,58.7,2400000,0xe0000
1781253913,58.2,2400000,0xe0000
1781253914,58.2,2400000,0xe0000
1781253915,58.7,2400000,0xe0000
1781253916,58.7,2400000,0xe0000
1781253917,58.2,2400000,0xe0000
1781253918,58.7,2400000,0xe0000
1781253919,58.2,2400000,0xe0000
1781253920,57.6,2400000,0xe0000
1781253921,57.6,2400000,0xe0000
1781253922,58.7,2400000,0xe0000
1781253923,58.2,2400000,0xe0000
1781253924,58.2,2400000,0xe0000
1781253925,58.2,2400000,0xe0000
1781253926,58.7,2400000,0xe0000
1781253927,58.7,2400000,0xe0000
1781253929,58.7,2400000,0xe0000
1781253930,58.7,2400000,0xe0000
1781253931,57.6,2400000,0xe0000
1781253932,58.2,2400000,0xe0000
1781253933,58.7,2400000,0xe0000
1781253934,58.7,2400000,0xe0000
1781253935,58.2,2400000,0xe0000
1781253936,58.2,2400000,0xe0000
1781253937,58.2,2400000,0xe0000
1781253938,58.2,2400000,0xe0000
1781253939,58.2,2400000,0xe0000
1781253940,57.6,2400000,0xe0000
1781253941,58.7,2400000,0xe0000
1781253942,58.2,2400000,0xe0000
1781253943,58.2,2400000,0xe0000
1781253944,58.2,2400000,0xe0000
1781253945,57.6,2400000,0xe0000
1781253946,59.3,2400000,0xe0000
1781253947,58.7,2400000,0xe0000
1781253948,57.6,2400000,0xe0000
1781253949,58.2,2400000,0xe0000
1781253950,58.7,2400000,0xe0000
1781253952,58.2,2400000,0xe0000
1781253953,58.2,2400000,0xe0000
1781253954,58.7,2400000,0xe0000
1781253955,57.6,2400000,0xe0000
1781253956,58.7,2400000,0xe0000
1781253957,58.7,2400000,0xe0000
1781253958,58.2,2400000,0xe0000
1781253959,57.6,2400000,0xe0000
1781253960,58.2,2400000,0xe0000
1781253961,58.7,2400000,0xe0000
1781253962,56.5,2400000,0xe0000
1781253963,58.7,2400000,0xe0000
1781253964,57.6,2400000,0xe0000
1781253965,59.3,2400000,0xe0000
1781253966,57.6,2400000,0xe0000
1781253967,58.2,2400000,0xe0000
1781253968,58.2,2400000,0xe0000
1781253969,58.2,2400000,0xe0000
1781253971,58.7,2400000,0xe0000
1781253972,58.2,2400000,0xe0000
1781253973,58.2,2400000,0xe0000
1781253974,58.2,2400000,0xe0000
1781253975,58.2,2400000,0xe0000
1781253976,58.7,2400000,0xe0000
1781253977,57.6,2400000,0xe0000
1781253978,58.7,2400000,0xe0000
1781253979,58.7,2400000,0xe0000
1781253980,57.6,2400000,0xe0000
1781253981,58.7,2400000,0xe0000
1781253982,58.7,2400000,0xe0000
1781253983,58.7,2400000,0xe0000
1781253984,58.7,2400000,0xe0000
1781253985,57.6,2400000,0xe0000
1781253986,57.6,2400000,0xe0000
1781253987,58.2,2400000,0xe0000
1781253988,58.2,2400000,0xe0000
1781253989,58.7,2400000,0xe0000
1781253990,57.6,2400000,0xe0000
1781253991,58.2,2400000,0xe0000
1781253992,58.2,2400000,0xe0000
1781253993,58.7,2400000,0xe0000
1781253994,58.2,2400000,0xe0000
1781253995,58.7,2400000,0xe0000
1781253997,58.2,2400000,0xe0000
1781253998,58.7,2400000,0xe0000
1781253999,57.6,2400000,0xe0000
1781254000,58.7,2400000,0xe0000
1781254001,58.7,2400000,0xe0000
1781254002,58.2,2400000,0xe0000
1781254003,58.7,2400000,0xe0000
1781254004,58.2,2400000,0xe0000
1781254005,59.3,2400000,0xe0000
1781254006,58.2,2400000,0xe0000
1781254007,58.2,2400000,0xe0000
1781254008,58.2,2400000,0xe0000
1781254009,58.2,2400000,0xe0000
1781254010,57.6,2400000,0xe0000
1781254011,58.2,2400000,0xe0000
1781254012,58.2,2400000,0xe0000
1781254013,58.7,2400000,0xe0000
1781254014,58.2,2400000,0xe0000
1781254015,57.6,2400000,0xe0000
1781254016,58.7,2400000,0xe0000
1781254017,59.3,2400000,0xe0000
1781254018,57.1,2400000,0xe0000
1781254019,57.6,2400000,0xe0000
1781254020,58.7,2400000,0xe0000
1781254021,57.6,2400000,0xe0000
1781254022,58.2,2400000,0xe0000
1781254023,58.2,2400000,0xe0000
1781254024,58.7,2400000,0xe0000
1781254025,58.7,2400000,0xe0000
1781254026,58.7,2400000,0xe0000
1781254027,57.6,2400000,0xe0000
1781254028,58.7,2400000,0xe0000
1781254029,58.2,2400000,0xe0000
1781254030,58.7,2400000,0xe0000
1781254032,58.7,2400000,0xe0000
1781254033,58.7,2400000,0xe0000
1781254034,58.7,2400000,0xe0000
1781254035,57.6,2400000,0xe0000
1781254036,58.2,2400000,0xe0000
1781254037,58.7,2400000,0xe0000
1781254038,58.2,2400000,0xe0000
1781254039,58.2,2400000,0xe0000
1781254040,59.3,2400000,0xe0000
1781254041,57.6,2400000,0xe0000
1781254042,58.7,2400000,0xe0000
1781254043,58.7,2400000,0xe0000
1781254044,58.7,2400000,0xe0000
1781254045,58.7,2400000,0xe0000
1781254046,58.7,2400000,0xe0000
1781254047,57.6,2400000,0xe0000
1781254048,58.2,2400000,0xe0000
1781254049,58.7,2400000,0xe0000
1781254050,58.2,2400000,0xe0000
1781254052,58.2,2400000,0xe0000
1781254053,58.7,2400000,0xe0000
1781254054,58.7,2400000,0xe0000
1781254055,58.2,2400000,0xe0000
1781254056,58.2,2400000,0xe0000
1781254057,58.2,2400000,0xe0000
1781254058,58.2,2400000,0xe0000
1781254059,58.7,2400000,0xe0000
1781254060,58.2,2400000,0xe0000
1781254061,58.7,2400000,0xe0000
1781254062,58.7,2400000,0xe0000
1781254063,59.3,2400000,0xe0000
1781254064,57.1,2400000,0xe0000
1781254065,57.6,2400000,0xe0000
1781254066,58.2,2400000,0xe0000
1781254067,58.7,2400000,0xe0000
1781254068,58.7,2400000,0xe0000
1781254069,58.2,2400000,0xe0000
1781254070,58.7,2400000,0xe0000
1781254072,58.2,2400000,0xe0000
1781254073,58.7,2400000,0xe0000
1781254074,58.7,2400000,0xe0000
1781254075,58.7,2400000,0xe0000
1781254076,58.2,2400000,0xe0000
1781254077,58.2,2400000,0xe0000
1781254078,58.7,2400000,0xe0000
1781254079,58.2,2400000,0xe0000
1781254080,58.2,2400000,0xe0000
1781254081,58.7,2400000,0xe0000
1781254082,58.7,2400000,0xe0000
1781254083,58.7,2400000,0xe0000
1781254084,58.2,2400000,0xe0000
1781254085,58.2,2400000,0xe0000
1781254086,58.7,2400000,0xe0000
1781254087,58.2,2400000,0xe0000
1781254088,58.7,2400000,0xe0000
1781254089,59.3,2400000,0xe0000
1781254090,58.2,2400000,0xe0000
1781254091,58.7,2400000,0xe0000
1781254092,58.2,2400000,0xe0000
1781254093,57.6,2400000,0xe0000
1781254094,58.7,2400000,0xe0000
1781254095,58.2,2400000,0xe0000
1781254096,57.1,2400000,0xe0000
1781254097,58.7,2400000,0xe0000
1781254098,58.7,2400000,0xe0000
1781254099,58.7,2400000,0xe0000
1781254100,58.2,2400000,0xe0000
1781254102,58.2,2400000,0xe0000
1781254103,57.6,2400000,0xe0000
1781254104,57.6,2400000,0xe0000
1781254105,58.7,2400000,0xe0000
1781254106,57.1,2400000,0xe0000
1781254107,58.2,2400000,0xe0000
1781254108,58.7,2400000,0xe0000
1781254109,58.7,2400000,0xe0000
1781254110,58.7,2400000,0xe0000
1781254111,57.6,2400000,0xe0000
1781254112,58.2,2400000,0xe0000
1781254113,57.6,2400000,0xe0000
1781254114,57.6,2400000,0xe0000
1781254115,58.2,2400000,0xe0000
1781254116,58.7,2400000,0xe0000
1781254117,58.7,2400000,0xe0000
1781254118,58.2,2400000,0xe0000
1781254119,58.2,2400000,0xe0000
1781254120,58.7,2400000,0xe0000
1781254121,58.2,2400000,0xe0000
1781254122,58.2,2400000,0xe0000
1781254123,58.7,2400000,0xe0000
1781254124,57.6,2400000,0xe0000
1781254125,58.2,2400000,0xe0000
1781254126,57.6,2400000,0xe0000
1781254128,58.2,2400000,0xe0000
1781254129,58.7,2400000,0xe0000
1781254130,58.7,2400000,0xe0000
1781254131,58.7,2400000,0xe0000
1781254132,58.7,2400000,0xe0000
1781254133,58.7,2400000,0xe0000
1781254134,58.7,2400000,0xe0000
1781254135,58.7,2400000,0xe0000
1781254136,58.2,2400000,0xe0000
1781254137,59.3,2400000,0xe0000
1781254138,58.7,2400000,0xe0000
1781254139,58.2,2400000,0xe0000
1781254140,58.2,2400000,0xe0000
1781254141,58.7,2400000,0xe0000
1781254142,58.2,2400000,0xe0000
1781254143,58.7,2400000,0xe0000
1781254144,58.2,2400000,0xe0000
1781254146,57.6,2400000,0xe0000
1781254147,58.2,2400000,0xe0000
1781254148,58.2,2400000,0xe0000
1781254149,58.7,2400000,0xe0000
1781254150,57.6,2400000,0xe0000
1781254151,57.6,2400000,0xe0000
1781254152,59.3,2400000,0xe0000
1781254153,58.2,2400000,0xe0000
1781254154,58.2,2400000,0xe0000
1781254155,57.6,2400000,0xe0000
1781254156,58.7,2400000,0xe0000
1781254157,58.2,2400000,0xe0000
1781254158,58.7,2400000,0xe0000
1781254159,58.7,2400000,0xe0000
1781254160,58.7,2400000,0xe0000
1781254161,58.2,2400000,0xe0000
1781254162,58.2,2400000,0xe0000
1781254163,58.7,2400000,0xe0000
1781254164,58.7,2400000,0xe0000
1781254165,58.7,2400000,0xe0000
1781254167,58.7,2400000,0xe0000
1781254168,58.7,2400000,0xe0000
1781254169,58.7,2400000,0xe0000
1781254170,58.2,2400000,0xe0000
1781254171,58.7,2400000,0xe0000
1781254172,58.2,2400000,0xe0000
1781254173,58.7,2400000,0xe0000
1781254174,58.2,2400000,0xe0000
1781254175,58.7,2400000,0xe0000
1781254176,58.2,2400000,0xe0000
1781254177,58.7,2400000,0xe0000
1781254178,58.7,2400000,0xe0000
1781254179,58.7,2400000,0xe0000
1781254180,58.7,2400000,0xe0000
1781254181,58.2,2400000,0xe0000
1781254182,57.6,2400000,0xe0000
1781254183,58.7,2400000,0xe0000
1781254184,58.7,2400000,0xe0000
1781254185,58.7,2400000,0xe0000
1781254186,58.2,2400000,0xe0000
1781254187,58.2,2400000,0xe0000
1781254188,58.7,2400000,0xe0000
1781254189,57.1,2400000,0xe0000
1781254190,58.7,2400000,0xe0000
1781254191,58.7,2400000,0xe0000
1781254192,58.2,2400000,0xe0000
1781254193,59.3,2400000,0xe0000
1781254195,58.2,2400000,0xe0000
1781254196,59.3,2400000,0xe0000
1781254197,58.7,2400000,0xe0000
1781254198,58.2,2400000,0xe0000
1781254199,58.7,2400000,0xe0000
1781254200,57.1,2400000,0xe0000
1781254201,58.2,2400000,0xe0000
1781254202,57.6,2400000,0xe0000
1781254203,58.2,2400000,0xe0000
1781254204,58.2,2400000,0xe0000
1781254205,58.2,2400000,0xe0000
1781254206,58.7,2400000,0xe0000
1781254207,58.7,2400000,0xe0000
1781254208,58.2,2400000,0xe0000
1781254209,58.2,2400000,0xe0000
1781254210,58.7,2400000,0xe0000
1781254211,58.7,2400000,0xe0000
1781254212,58.2,2400000,0xe0000
1781254214,59.3,2400000,0xe0000
1781254215,58.2,2400000,0xe0000
1781254216,58.7,2400000,0xe0000
1781254217,58.7,2400000,0xe0000
1781254218,57.6,2400000,0xe0000
1781254219,58.7,2400000,0xe0000
1781254220,58.7,2400000,0xe0000
1781254221,57.1,2400000,0xe0000
1781254222,57.6,2400000,0xe0000
1781254223,58.2,2400000,0xe0000
1781254224,58.7,2400000,0xe0000
1781254225,57.6,2400000,0xe0000
1781254226,57.1,2400000,0xe0000
1781254227,58.2,2400000,0xe0000
1781254228,58.2,2400000,0xe0000
1781254229,57.6,2400000,0xe0000
1781254230,58.2,2400000,0xe0000
1781254231,57.6,2400000,0xe0000
1781254232,58.2,2400000,0xe0000
1781254234,58.2,2400000,0xe0000
1781254235,58.2,2400000,0xe0000
1781254236,58.2,2400000,0xe0000
1781254237,58.7,2400000,0xe0000
1781254238,58.2,2400000,0xe0000
1781254239,58.7,2400000,0xe0000
1781254240,58.7,2400000,0xe0000
1781254241,57.6,2400000,0xe0000
1781254242,58.7,2400000,0xe0000
1781254243,58.7,2400000,0xe0000
1781254244,58.7,2400000,0xe0000
1781254245,58.2,2400000,0xe0000
1781254246,58.2,2400000,0xe0000
1781254247,58.7,2400000,0xe0000
1781254248,58.2,2400000,0xe0000
1781254249,58.2,2400000,0xe0000
1781254250,59.3,2400000,0xe0000
1781254251,58.2,2400000,0xe0000
1781254252,58.7,2400000,0xe0000
1781254253,57.1,2400000,0xe0000
1781254254,57.6,2400000,0xe0000
1781254255,58.7,2400000,0xe0000
1781254256,58.7,2400000,0xe0000
1781254257,58.2,2400000,0xe0000
1781254258,58.7,2400000,0xe0000
1781254259,58.7,2400000,0xe0000
1781254261,58.2,2400000,0xe0000
1781254262,58.7,2400000,0xe0000
1781254263,58.7,2400000,0xe0000
1781254264,58.2,2400000,0xe0000
1781254265,58.7,2400000,0xe0000
1781254266,58.2,2400000,0xe0000
1781254267,58.7,2400000,0xe0000
1781254268,58.7,2400000,0xe0000
1781254269,58.2,2400000,0xe0000
1781254270,58.7,2400000,0xe0000
1781254271,58.7,2400000,0xe0000
1781254272,58.2,2400000,0xe0000
1781254273,58.7,2400000,0xe0000
1781254274,58.2,2400000,0xe0000
1781254275,58.2,2400000,0xe0000
1781254276,58.7,2400000,0xe0000
1781254277,58.7,2400000,0xe0000
1781254278,58.2,2400000,0xe0000
1781254279,58.2,2400000,0xe0000
1781254280,58.2,2400000,0xe0000
1781254281,58.2,2400000,0xe0000
1781254282,58.2,2400000,0xe0000
1781254284,58.2,2400000,0xe0000
1781254285,58.7,2400000,0xe0000
1781254286,58.7,2400000,0xe0000
1781254287,58.7,2400000,0xe0000
1781254288,58.7,2400000,0xe0000
1781254289,58.2,2400000,0xe0000
1781254290,58.7,2400000,0xe0000
1781254291,58.7,2400000,0xe0000
1781254292,58.2,2400000,0xe0000
1781254293,58.2,2400000,0xe0000
1781254294,57.6,2400000,0xe0000
1781254295,57.6,2400000,0xe0000
1781254296,58.7,2400000,0xe0000
1781254297,58.7,2400000,0xe0000
1781254298,58.7,2400000,0xe0000
1781254299,58.7,2400000,0xe0000
1781254300,58.2,2400000,0xe0000
1781254301,58.2,2400000,0xe0000
1781254302,58.7,2400000,0xe0000
1781254303,58.2,2400000,0xe0000
1781254304,58.2,2400000,0xe0000
1781254305,57.6,2400000,0xe0000
1781254306,58.7,2400000,0xe0000
1781254307,58.7,2400000,0xe0000
1781254308,58.7,2400000,0xe0000
1781254309,58.7,2400000,0xe0000
1781254310,57.6,2400000,0xe0000
1781254311,58.7,2400000,0xe0000
1781254312,58.2,2400000,0xe0000
1781254313,58.2,2400000,0xe0000
1781254315,57.6,2400000,0xe0000
1781254316,58.7,2400000,0xe0000
1781254317,57.6,2400000,0xe0000
1781254318,57.6,2400000,0xe0000
1781254319,58.7,2400000,0xe0000
1781254320,57.6,2400000,0xe0000
1781254321,58.7,2400000,0xe0000
1781254322,58.2,2400000,0xe0000
1781254323,58.7,2400000,0xe0000
1781254324,57.6,2400000,0xe0000
1781254325,58.7,2400000,0xe0000
1781254326,57.6,2400000,0xe0000
1781254327,58.7,2400000,0xe0000
1781254328,58.7,2400000,0xe0000
1781254329,58.2,2400000,0xe0000
1781254330,58.7,2400000,0xe0000
1781254331,58.7,2400000,0xe0000
1781254332,59.3,2400000,0xe0000
1781254333,58.2,2400000,0xe0000
1781254334,58.2,2400000,0xe0000
1781254335,57.6,2400000,0xe0000
1781254336,58.2,2400000,0xe0000
1781254337,57.6,2400000,0xe0000
1781254338,58.2,2400000,0xe0000
1781254339,58.7,2400000,0xe0000
1781254340,58.7,2400000,0xe0000
1781254341,58.7,2400000,0xe0000
1781254342,58.2,2400000,0xe0000
1781254343,58.2,2400000,0xe0000
1781254344,59.3,2400000,0xe0000
1781254345,59.3,2400000,0xe0000
1781254347,58.7,2400000,0xe0000
1781254348,58.7,2400000,0xe0000
1781254349,58.7,2400000,0xe0000
1781254350,58.7,2400000,0xe0000
1781254351,58.7,2400000,0xe0000
1781254352,58.2,2400000,0xe0000
1781254353,58.2,2400000,0xe0000
1781254354,58.7,2400000,0xe0000
1781254355,58.7,2400000,0xe0000
1781254356,58.7,2400000,0xe0000
1781254357,57.6,2400000,0xe0000
1781254358,58.7,2400000,0xe0000
1781254359,58.2,2400000,0xe0000
1781254360,58.2,2400000,0xe0000
1781254361,58.7,2400000,0xe0000
1781254362,57.6,2400000,0xe0000
1781254363,58.7,2400000,0xe0000
1781254364,58.7,2400000,0xe0000
1781254365,58.2,2400000,0xe0000
1781254366,58.7,2400000,0xe0000
1781254367,58.2,2400000,0xe0000
1781254368,58.7,2400000,0xe0000
1781254369,58.7,2400000,0xe0000
1781254370,58.2,2400000,0xe0000
1781254371,58.2,2400000,0xe0000
1781254372,58.2,2400000,0xe0000
1781254374,58.2,2400000,0xe0000
1781254375,58.2,2400000,0xe0000
1781254376,58.7,2400000,0xe0000
1781254377,58.7,2400000,0xe0000
1781254378,58.7,2400000,0xe0000
1781254379,58.7,2400000,0xe0000
1781254380,58.7,2400000,0xe0000
1781254381,59.3,2400000,0xe0000
1781254382,58.2,2400000,0xe0000
1781254383,59.3,2400000,0xe0000
1781254384,59.3,2400000,0xe0000
1781254385,58.7,2400000,0xe0000
1781254386,58.7,2400000,0xe0000
1781254387,58.2,2400000,0xe0000
1781254388,58.7,2400000,0xe0000
1781254389,58.2,2400000,0xe0000
1781254390,57.6,2400000,0xe0000
1781254392,58.7,2400000,0xe0000
1781254393,58.7,2400000,0xe0000
1781254394,59.3,2400000,0xe0000
1781254395,58.2,2400000,0xe0000
1781254396,58.7,2400000,0xe0000
1781254397,58.2,2400000,0xe0000
1781254398,58.7,2400000,0xe0000
1781254399,57.6,2400000,0xe0000
1781254400,58.7,2400000,0xe0000
1781254401,57.1,2400000,0xe0000
1781254402,58.2,2400000,0xe0000
1781254403,59.3,2400000,0xe0000
1781254404,58.7,2400000,0xe0000
1781254405,58.7,2400000,0xe0000
1781254406,58.7,2400000,0xe0000
1781254407,58.7,2400000,0xe0000
1781254408,58.7,2400000,0xe0000
1781254409,58.2,2400000,0xe0000
1781254410,57.6,2400000,0xe0000
1781254411,58.2,2400000,0xe0000
1781254412,58.7,2400000,0xe0000
1781254413,58.7,2400000,0xe0000
1781254414,58.7,2400000,0xe0000
1781254415,58.7,2400000,0xe0000
1781254416,58.7,2400000,0xe0000
1781254417,58.7,2400000,0xe0000
1781254418,58.2,2400000,0xe0000
1781254419,58.7,2400000,0xe0000
1781254420,58.7,2400000,0xe0000
1781254422,57.6,2400000,0xe0000
1781254423,58.7,2400000,0xe0000
1781254424,58.2,2400000,0xe0000
1781254425,58.2,2400000,0xe0000
1781254426,58.2,2400000,0xe0000
1781254427,58.7,2400000,0xe0000
1781254428,58.7,2400000,0xe0000
1781254429,58.7,2400000,0xe0000
1781254430,58.7,2400000,0xe0000
1781254431,58.7,2400000,0xe0000
1781254432,58.7,2400000,0xe0000
1781254433,58.7,2400000,0xe0000
1781254434,58.7,2400000,0xe0000
1781254435,58.7,2400000,0xe0000
1781254436,58.2,2400000,0xe0000
1781254437,58.7,2400000,0xe0000
1781254438,58.7,2400000,0xe0000
1781254440,59.3,2400000,0xe0000
1781254441,58.7,2400000,0xe0000
1781254442,58.7,2400000,0xe0000
1781254443,58.2,2400000,0xe0000
1781254444,58.7,2400000,0xe0000
1781254445,59.3,2400000,0xe0000
1781254446,58.7,2400000,0xe0000
1781254447,58.2,2400000,0xe0000
1781254448,58.2,2400000,0xe0000
1781254449,57.1,2400000,0xe0000
1781254450,58.2,2400000,0xe0000
1781254451,58.2,2400000,0xe0000
1781254452,58.7,2400000,0xe0000
1781254453,58.7,2400000,0xe0000
1781254454,57.6,2400000,0xe0000
1781254455,57.6,2400000,0xe0000
1781254456,58.7,2400000,0xe0000
1781254458,57.6,2400000,0xe0000
1781254459,58.7,2400000,0xe0000
1781254460,58.7,2400000,0xe0000
1781254461,58.7,2400000,0xe0000
1781254462,57.6,2400000,0xe0000
1781254463,58.2,2400000,0xe0000
1781254464,59.3,2400000,0xe0000
1781254465,58.2,2400000,0xe0000
1781254466,58.2,2400000,0xe0000
1781254467,58.7,2400000,0xe0000
1781254468,58.7,2400000,0xe0000
1781254469,57.1,2400000,0xe0000
1781254470,58.7,2400000,0xe0000
1781254471,58.2,2400000,0xe0000
1781254472,58.2,2400000,0xe0000
1781254473,59.3,2400000,0xe0000
1781254474,58.7,2400000,0xe0000
1781254475,58.7,2400000,0xe0000
1781254476,58.7,2400000,0xe0000
1781254477,58.2,2400000,0xe0000
1781254478,58.7,2400000,0xe0000
1781254479,58.2,2400000,0xe0000
1781254480,58.7,2400000,0xe0000
1781254482,58.7,2400000,0xe0000
1781254483,58.7,2400000,0xe0000
1781254484,58.2,2400000,0xe0000
1781254485,58.7,2400000,0xe0000
1781254486,58.2,2400000,0xe0000
1781254487,59.3,2400000,0xe0000
1781254488,58.2,2400000,0xe0000
1781254489,58.7,2400000,0xe0000
1781254490,58.2,2400000,0xe0000
1781254491,58.7,2400000,0xe0000
1781254492,59.3,2400000,0xe0000
1781254493,59.3,2400000,0xe0000
1781254494,59.3,2400000,0xe0000
1781254495,58.7,2400000,0xe0000
1781254496,58.7,2400000,0xe0000
1781254497,58.7,2400000,0xe0000
1781254498,59.3,2400000,0xe0000
1781254499,58.2,2400000,0xe0000
1781254500,59.3,2400000,0xe0000
1781254501,58.7,2400000,0xe0000
1781254502,58.2,2400000,0xe0000
1781254503,58.7,2400000,0xe0000
1781254504,58.2,2400000,0xe0000
1781254505,57.6,2400000,0xe0000
1781254506,59.3,2400000,0xe0000
1781254507,58.2,2400000,0xe0000
1781254508,58.2,2400000,0xe0000
1781254509,58.7,2400000,0xe0000
1781254510,58.7,2400000,0xe0000
1781254511,58.7,2400000,0xe0000
1781254512,57.6,2400000,0xe0000
1781254513,58.2,2400000,0xe0000
1781254514,58.7,2400000,0xe0000
1781254515,58.2,2400000,0xe0000
1781254516,58.2,2400000,0xe0000
1781254517,57.6,2400000,0xe0000
1781254519,58.2,2400000,0xe0000
1781254520,58.2,2400000,0xe0000
1781254521,59.3,2400000,0xe0000
1781254522,58.7,2400000,0xe0000
1781254523,58.2,2400000,0xe0000
1781254524,58.2,2400000,0xe0000
1781254525,59.3,2400000,0xe0000
1781254526,58.2,2400000,0xe0000
1781254527,58.7,2400000,0xe0000
1781254528,58.7,2400000,0xe0000
1781254529,58.2,2400000,0xe0000
1781254530,58.7,2400000,0xe0000
1781254531,58.7,2400000,0xe0000
1781254532,58.2,2400000,0xe0000
1781254533,58.7,2400000,0xe0000
1781254534,58.2,2400000,0xe0000
1781254535,58.7,2400000,0xe0000
1781254536,58.7,2400000,0xe0000
1781254537,59.3,2400000,0xe0000
1781254538,58.2,2400000,0xe0000
1781254539,58.7,2400000,0xe0000
1781254540,58.7,2400000,0xe0000
1781254541,58.7,2400000,0xe0000
1781254542,58.2,2400000,0xe0000
1781254543,58.2,2400000,0xe0000
1781254544,58.2,2400000,0xe0000
1781254545,58.2,2400000,0xe0000
1781254547,58.7,2400000,0xe0000
1781254548,58.7,2400000,0xe0000
1781254549,59.3,2400000,0xe0000
1781254550,59.3,2400000,0xe0000
1781254551,58.7,2400000,0xe0000
1781254552,58.7,2400000,0xe0000
1781254553,57.6,2400000,0xe0000
1781254554,59.3,2400000,0xe0000
1781254555,58.7,2400000,0xe0000
1781254556,58.7,2400000,0xe0000
1781254557,58.7,2400000,0xe0000
1781254558,58.7,2400000,0xe0000
1781254559,58.7,2400000,0xe0000
1781254560,59.3,2400000,0xe0000
1781254561,58.7,2400000,0xe0000
1781254562,59.3,2400000,0xe0000
1781254563,58.2,2400000,0xe0000
1781254564,58.2,2400000,0xe0000
1781254565,58.7,2400000,0xe0000
1781254566,58.7,2400000,0xe0000
1781254567,58.2,2400000,0xe0000
1781254568,58.7,2400000,0xe0000
1781254569,58.7,2400000,0xe0000
1781254570,58.2,2400000,0xe0000
1781254571,58.2,2400000,0xe0000
1781254572,58.7,2400000,0xe0000
1781254574,59.3,2400000,0xe0000
1781254575,58.2,2400000,0xe0000
1781254576,58.7,2400000,0xe0000
1781254577,58.7,2400000,0xe0000
1781254578,58.2,2400000,0xe0000
1781254579,59.3,2400000,0xe0000
1781254580,58.2,2400000,0xe0000
1781254581,57.6,2400000,0xe0000
1781254582,58.7,2400000,0xe0000
1781254583,58.7,2400000,0xe0000
1781254584,58.2,2400000,0xe0000
1781254585,58.7,2400000,0xe0000
1781254586,58.7,2400000,0xe0000
1781254587,59.3,2400000,0xe0000
1781254588,58.2,2400000,0xe0000
1781254589,58.7,2400000,0xe0000
1781254590,58.2,2400000,0xe0000
1781254591,58.2,2400000,0xe0000
1781254592,58.7,2400000,0xe0000
1781254593,58.2,2400000,0xe0000
1781254594,58.2,2400000,0xe0000
1781254595,58.7,2400000,0xe0000
1781254596,58.2,2400000,0xe0000
1781254597,57.6,2400000,0xe0000
1781254599,58.7,2400000,0xe0000
1781254600,58.7,2400000,0xe0000
1781254601,58.7,2400000,0xe0000
1781254602,59.3,2400000,0xe0000
1781254603,57.6,2400000,0xe0000
1781254604,58.2,2400000,0xe0000
1781254605,58.7,2400000,0xe0000
1781254606,58.2,2400000,0xe0000
1781254607,59.3,2400000,0xe0000
1781254608,58.7,2400000,0xe0000
1781254609,58.7,2400000,0xe0000
1781254610,58.2,2400000,0xe0000
1781254611,59.3,2400000,0xe0000
1781254612,58.7,2400000,0xe0000
1781254613,58.7,2400000,0xe0000
1781254614,58.7,2400000,0xe0000
1781254615,57.6,2400000,0xe0000
1781254616,58.7,2400000,0xe0000
1781254617,58.2,2400000,0xe0000
1781254618,58.7,2400000,0xe0000
1781254620,58.7,2400000,0xe0000
1781254621,58.7,2400000,0xe0000
1781254622,58.7,2400000,0xe0000
1781254623,59.3,2400000,0xe0000
1781254624,58.7,2400000,0xe0000
1781254625,57.6,2400000,0xe0000
1781254626,58.2,2400000,0xe0000
1781254627,58.7,2400000,0xe0000
1781254628,58.7,2400000,0xe0000
1781254629,58.7,2400000,0xe0000
1781254630,58.7,2400000,0xe0000
1781254631,58.7,2400000,0xe0000
1781254632,58.7,2400000,0xe0000
1781254633,58.2,2400000,0xe0000
1781254634,58.2,2400000,0xe0000
1781254635,58.7,2400000,0xe0000
1781254636,58.7,2400000,0xe0000
1781254637,58.7,2400000,0xe0000
1781254638,58.7,2400000,0xe0000
1781254639,58.7,2400000,0xe0000
1781254640,58.7,2400000,0xe0000
1781254641,58.7,2400000,0xe0000
1781254643,58.2,2400000,0xe0000
1781254644,58.7,2400000,0xe0000
1781254645,58.7,2400000,0xe0000
1781254646,59.3,2400000,0xe0000
1781254647,59.3,2400000,0xe0000
1781254648,58.7,2400000,0xe0000
1781254649,58.7,2400000,0xe0000
1781254650,58.7,2400000,0xe0000
1781254651,58.7,2400000,0xe0000
1781254652,59.3,2400000,0xe0000
1781254653,58.7,2400000,0xe0000
1781254654,58.7,2400000,0xe0000
1781254655,58.2,2400000,0xe0000
1781254656,58.7,2400000,0xe0000
1781254657,58.2,2400000,0xe0000
1781254658,58.2,2400000,0xe0000
1781254659,57.6,2400000,0xe0000
1781254660,58.7,2400000,0xe0000
1781254661,58.7,2400000,0xe0000
1781254662,58.2,2400000,0xe0000
1781254664,58.7,2400000,0xe0000
1781254665,58.7,2400000,0xe0000
1781254666,59.3,2400000,0xe0000
1781254667,58.2,2400000,0xe0000
1781254668,58.7,2400000,0xe0000
1781254669,58.2,2400000,0xe0000
1781254670,57.6,2400000,0xe0000
1781254671,58.2,2400000,0xe0000
1781254672,58.2,2400000,0xe0000
1781254673,58.7,2400000,0xe0000
1781254674,58.7,2400000,0xe0000
1781254675,58.7,2400000,0xe0000
1781254676,58.7,2400000,0xe0000
1781254677,58.7,2400000,0xe0000
1781254678,58.2,2400000,0xe0000
1781254679,58.7,2400000,0xe0000
1781254680,58.7,2400000,0xe0000
1781254681,58.2,2400000,0xe0000
1781254682,58.7,2400000,0xe0000
1781254683,59.3,2400000,0xe0000
1781254684,58.2,2400000,0xe0000
1781254685,58.7,2400000,0xe0000
1781254686,58.2,2400000,0xe0000
1781254687,58.7,2400000,0xe0000
1781254688,59.3,2400000,0xe0000
1781254690,58.7,2400000,0xe0000
1781254691,58.7,2400000,0xe0000
1781254692,58.7,2400000,0xe0000
1781254693,58.7,2400000,0xe0000
1781254694,58.7,2400000,0xe0000
1781254695,58.2,2400000,0xe0000
1781254696,58.2,2400000,0xe0000
1781254697,58.7,2400000,0xe0000
1781254698,58.7,2400000,0xe0000
1781254699,58.2,2400000,0xe0000
1781254700,58.7,2400000,0xe0000
1781254701,59.3,2400000,0xe0000
1781254702,58.2,2400000,0xe0000
1781254703,58.7,2400000,0xe0000
1781254704,58.2,2400000,0xe0000
1781254705,59.3,2400000,0xe0000
1781254706,58.7,2400000,0xe0000
1781254707,58.7,2400000,0xe0000
1781254708,59.3,2400000,0xe0000
1781254709,58.7,2400000,0xe0000
1781254710,59.3,2400000,0xe0000
1781254711,58.7,2400000,0xe0000
1781254712,58.7,2400000,0xe0000
1781254713,58.7,2400000,0xe0000
1781254714,59.3,2400000,0xe0000
1781254715,58.7,2400000,0xe0000
1781254716,59.3,2400000,0xe0000
1781254717,58.7,2400000,0xe0000
1781254719,59.3,2400000,0xe0000
1781254720,59.3,2400000,0xe0000
1781254721,58.7,2400000,0xe0000
1781254722,58.7,2400000,0xe0000
1781254723,58.7,2400000,0xe0000
1781254724,58.7,2400000,0xe0000
1781254725,59.3,2400000,0xe0000
1781254726,58.7,2400000,0xe0000
1781254727,58.2,2400000,0xe0000
1781254728,58.7,2400000,0xe0000
1781254729,58.2,2400000,0xe0000
1781254730,58.7,2400000,0xe0000
1781254731,58.7,2400000,0xe0000
1781254732,59.3,2400000,0xe0000
1781254733,59.3,2400000,0xe0000
1781254734,58.7,2400000,0xe0000
1781254735,58.7,2400000,0xe0000
1781254736,58.7,2400000,0xe0000
1781254737,58.2,2400000,0xe0000
1781254738,58.7,2400000,0xe0000
1781254739,58.7,2400000,0xe0000
1781254740,58.7,2400000,0xe0000
1781254741,58.7,2400000,0xe0000
1781254743,57.6,2400000,0xe0000
1781254744,58.2,2400000,0xe0000
1781254745,59.3,2400000,0xe0000
1781254746,58.7,2400000,0xe0000
1781254747,59.3,2400000,0xe0000
1781254748,58.2,2400000,0xe0000
1781254749,58.2,2400000,0xe0000
1781254750,59.3,2400000,0xe0000
1781254751,58.2,2400000,0xe0000
1781254752,59.3,2400000,0xe0000
1781254753,58.7,2400000,0xe0000
1781254754,59.3,2400000,0xe0000
1781254755,58.2,2400000,0xe0000
1781254756,59.3,2400000,0xe0000
1781254757,59.3,2400000,0xe0000
1781254758,58.7,2400000,0xe0000
1781254759,58.7,2400000,0xe0000
1781254760,57.6,2400000,0xe0000
1781254761,59.3,2400000,0xe0000
1781254762,58.2,2400000,0xe0000
1781254763,58.7,2400000,0xe0000
1781254765,58.7,2400000,0xe0000
1781254766,58.7,2400000,0xe0000
1781254767,58.7,2400000,0xe0000
1781254768,58.7,2400000,0xe0000
1781254769,58.7,2400000,0xe0000
1781254770,59.3,2400000,0xe0000
1781254771,58.7,2400000,0xe0000
1781254772,58.2,2400000,0xe0000
1781254773,58.7,2400000,0xe0000
1781254774,58.7,2400000,0xe0000
1781254775,58.2,2400000,0xe0000
1781254776,58.7,2400000,0xe0000
1781254777,58.7,2400000,0xe0000
1781254778,58.7,2400000,0xe0000
1781254779,59.3,2400000,0xe0000
1781254780,59.3,2400000,0xe0000
1781254781,57.6,2400000,0xe0000
1781254782,58.7,2400000,0xe0000
1781254783,58.7,2400000,0xe0000
1781254784,58.2,2400000,0xe0000
1781254785,59.3,2400000,0xe0000
1781254787,58.7,2400000,0xe0000
1781254788,58.7,2400000,0xe0000
1781254789,59.3,2400000,0xe0000
1781254790,59.3,2400000,0xe0000
1781254791,59.3,2400000,0xe0000
1781254792,58.7,2400000,0xe0000
1781254793,58.7,2400000,0xe0000
1781254794,58.7,2400000,0xe0000
1781254795,58.2,2400000,0xe0000
1781254796,58.7,2400000,0xe0000
1781254797,58.7,2400000,0xe0000
1781254798,58.7,2400000,0xe0000
1781254799,58.7,2400000,0xe0000
1781254800,58.7,2400000,0xe0000
1781254801,58.7,2400000,0xe0000
1781254802,59.3,2400000,0xe0000
1781254803,58.7,2400000,0xe0000
1781254804,58.7,2400000,0xe0000
1781254805,58.7,2400000,0xe0000
1781254806,59.3,2400000,0xe0000
1781254807,58.7,2400000,0xe0000
1781254808,58.7,2400000,0xe0000
1781254809,58.7,2400000,0xe0000
1781254810,59.3,2400000,0xe0000
1781254811,58.7,2400000,0xe0000
1781254812,58.2,2400000,0xe0000
1781254813,58.7,2400000,0xe0000
1781254814,58.2,2400000,0xe0000
1781254815,58.7,2400000,0xe0000
1781254816,58.7,2400000,0xe0000
1781254817,58.2,2400000,0xe0000
1781254818,59.8,2400000,0xe0000
1781254819,58.7,2400000,0xe0000
1781254820,58.7,2400000,0xe0000
1781254821,58.7,2400000,0xe0000
1781254822,59.3,2400000,0xe0000
1781254824,58.7,2400000,0xe0000
1781254825,58.7,2400000,0xe0000
1781254826,58.7,2400000,0xe0000
1781254827,59.3,2400000,0xe0000
1781254828,59.3,2400000,0xe0000
1781254829,59.3,2400000,0xe0000
1781254830,59.3,2400000,0xe0000
1781254831,58.7,2400000,0xe0000
1781254832,58.7,2400000,0xe0000
1781254833,58.2,2400000,0xe0000
1781254834,58.7,2400000,0xe0000
1781254835,58.7,2400000,0xe0000
1781254836,58.2,2400000,0xe0000
1781254838,58.7,2400000,0xe0000
1781254839,59.3,2400000,0xe0000
1781254840,57.6,2400000,0xe0000
1781254841,58.7,2400000,0xe0000
1781254842,58.7,2400000,0xe0000
1781254843,58.7,2400000,0xe0000
1781254844,58.2,2400000,0xe0000
1781254845,58.7,2400000,0xe0000
1781254846,59.3,2400000,0xe0000
1781254847,57.6,2400000,0xe0000
1781254848,58.2,2400000,0xe0000
1781254849,58.2,2400000,0xe0000
1781254850,58.7,2400000,0xe0000
1781254851,58.7,2400000,0xe0000
1781254852,58.2,2400000,0xe0000
1781254853,58.7,2400000,0xe0000
1781254854,58.7,2400000,0xe0000
1781254855,58.7,2400000,0xe0000
1781254856,58.7,2400000,0xe0000
1781254857,58.7,2400000,0xe0000
1781254858,58.7,2400000,0xe0000
1781254859,58.7,2400000,0xe0000
1781254860,58.2,2400000,0xe0000
1781254862,59.3,2400000,0xe0000
1781254863,58.2,2400000,0xe0000
1781254864,58.2,2400000,0xe0000
1781254865,58.7,2400000,0xe0000
1781254866,58.7,2400000,0xe0000
1781254867,59.3,2400000,0xe0000
1781254868,58.7,2400000,0xe0000
1781254869,58.7,2400000,0xe0000
1781254870,58.7,2400000,0xe0000
1781254871,58.7,2400000,0xe0000
1781254872,58.2,2400000,0xe0000
1781254873,58.7,2400000,0xe0000
1781254874,59.3,2400000,0xe0000
1781254875,58.7,2400000,0xe0000
1781254876,58.7,2400000,0xe0000
1781254877,58.7,2400000,0xe0000
1781254878,59.3,2400000,0xe0000
1781254880,58.2,2400000,0xe0000
1781254881,58.7,2400000,0xe0000
1781254882,58.7,2400000,0xe0000
1781254883,58.7,2400000,0xe0000
1781254884,58.2,2400000,0xe0000
1781254885,58.7,2400000,0xe0000
1781254886,58.7,2400000,0xe0000
1781254887,58.7,2400000,0xe0000
1781254888,57.6,2400000,0xe0000
1781254889,58.7,2400000,0xe0000
1781254890,58.2,2400000,0xe0000
1781254891,59.3,2400000,0xe0000
1781254892,58.7,2400000,0xe0000
1781254893,58.2,2400000,0xe0000
1781254894,58.7,2400000,0xe0000
1781254895,58.7,2400000,0xe0000
1781254896,59.3,2400000,0xe0000
1781254897,58.7,2400000,0xe0000
1781254898,57.6,2400000,0xe0000
1781254900,58.7,2400000,0xe0000
1781254901,58.7,2400000,0xe0000
1781254902,58.7,2400000,0xe0000
1781254903,58.7,2400000,0xe0000
1781254904,58.2,2400000,0xe0000
1781254905,58.7,2400000,0xe0000
1781254906,59.3,2400000,0xe0000
1781254907,58.2,2400000,0xe0000
1781254908,59.3,2400000,0xe0000
1781254909,59.3,2400000,0xe0000
1781254910,58.7,2400000,0xe0000
1781254911,58.7,2400000,0xe0000
1781254912,58.2,2400000,0xe0000
1781254913,58.7,2400000,0xe0000
1781254915,58.7,2400000,0xe0000
1781254916,59.3,2400000,0xe0000
1781254917,58.7,2400000,0xe0000
1781254918,58.7,2400000,0xe0000
1781254919,58.7,2400000,0xe0000
1781254920,58.2,2400000,0xe0000
1781254921,58.7,2400000,0xe0000
1781254922,57.6,2400000,0xe0000
1781254923,59.3,2400000,0xe0000
1781254924,58.2,2400000,0xe0000
1781254925,58.7,2400000,0xe0000
1781254926,58.2,2400000,0xe0000
1781254927,58.7,2400000,0xe0000
1781254928,58.2,2400000,0xe0000
1781254929,58.7,2400000,0xe0000
1781254930,58.7,2400000,0xe0000
1781254931,59.3,2400000,0xe0000
1781254932,58.2,2400000,0xe0000
1781254933,59.3,2400000,0xe0000
1781254935,58.7,2400000,0xe0000
1781254936,57.6,2400000,0xe0000
1781254937,58.2,2400000,0xe0000
1781254938,58.7,2400000,0xe0000
1781254939,57.6,2400000,0xe0000
1781254940,58.7,2400000,0xe0000
1781254941,58.7,2400000,0xe0000
1781254942,58.2,2400000,0xe0000
1781254943,58.7,2400000,0xe0000
1781254944,59.3,2400000,0xe0000
1781254945,58.7,2400000,0xe0000
1781254946,58.7,2400000,0xe0000
1781254947,58.7,2400000,0xe0000
1781254948,58.7,2400000,0xe0000
1781254949,58.2,2400000,0xe0000
1781254950,58.7,2400000,0xe0000
1781254951,58.7,2400000,0xe0000
1781254952,58.7,2400000,0xe0000
1781254953,59.3,2400000,0xe0000
1781254954,58.7,2400000,0xe0000
1781254955,58.2,2400000,0xe0000
1781254956,58.7,2400000,0xe0000
1781254958,58.7,2400000,0xe0000
1781254959,58.7,2400000,0xe0000
1781254960,58.2,2400000,0xe0000
1781254961,58.2,2400000,0xe0000
1781254962,58.7,2400000,0xe0000
1781254963,58.7,2400000,0xe0000
1781254964,58.7,2400000,0xe0000
1781254965,58.7,2400000,0xe0000
1781254966,58.2,2400000,0xe0000
1781254967,57.6,2400000,0xe0000
1781254968,58.7,2400000,0xe0000
1781254969,58.2,2400000,0xe0000
1781254970,58.7,2400000,0xe0000
1781254971,58.7,2400000,0xe0000
1781254972,58.7,2400000,0xe0000
1781254973,58.2,2400000,0xe0000
