Linux 7.0.9 (hp3) 	06/17/2026 	_x86_64_	(8 CPU)

05:43:27 AM  CPU    %usr   %nice    %sys %iowait    %irq   %soft  %steal  %guest  %gnice   %idle
05:43:28 AM  all    1.14    0.00    3.05    0.00    0.13    7.23    0.00    0.00    0.00   88.45
05:43:28 AM    0    4.35    0.00   11.96    0.00    0.00    0.00    0.00    0.00    0.00   83.70
05:43:28 AM    1    5.21    0.00   13.54    0.00    0.00    0.00    0.00    0.00    0.00   81.25
05:43:28 AM    2    0.00    0.00    0.00    0.00    0.00   13.00    0.00    0.00    0.00   87.00
05:43:28 AM    3    0.00    0.00    0.00    0.00    0.00   32.32    0.00    0.00    0.00   67.68
05:43:28 AM    4    0.00    0.00    0.00    0.00    0.00    0.00    0.00    0.00    0.00  100.00
05:43:28 AM    5    0.00    0.00    0.00    0.00    0.00    0.00    0.00    0.00    0.00  100.00
05:43:28 AM    6    0.00    0.00    0.00    0.00    0.00    0.00    0.00    0.00    0.00  100.00
05:43:28 AM    7    0.00    0.00    0.00    0.00    0.99   11.88    0.00    0.00    0.00   87.13

05:43:28 AM  CPU    %usr   %nice    %sys %iowait    %irq   %soft  %steal  %guest  %gnice   %idle
05:43:29 AM  all    1.27    0.00    5.48    0.13    0.38    9.68    0.00    0.00    0.00   83.06
05:43:29 AM    0    5.49    0.00   19.78    0.00    1.10    0.00    0.00    0.00    0.00   73.63
05:43:29 AM    1    5.43    0.00   20.65    1.09    1.09    0.00    0.00    0.00    0.00   71.74
05:43:29 AM    2    0.00    0.00    0.99    0.00    0.00   19.80    0.00    0.00    0.00   79.21
05:43:29 AM    3    0.00    0.00    4.95    0.00    0.99   37.62    0.00    0.00    0.00   56.44
05:43:29 AM    4    0.00    0.00    0.00    0.00    0.00    0.00    0.00    0.00    0.00  100.00
05:43:29 AM    5    0.00    0.00    0.00    0.00    0.00    0.00    0.00    0.00    0.00  100.00
05:43:29 AM    6    0.00    0.00    0.00    0.00    0.00    0.00    0.00    0.00    0.00  100.00
05:43:29 AM    7    0.00    0.00    0.00    0.00    0.00   18.00    0.00    0.00    0.00   82.00

05:43:29 AM  CPU    %usr   %nice    %sys %iowait    %irq   %soft  %steal  %guest  %gnice   %idle
05:43:30 AM  all    1.67    0.00    5.15    0.00    0.13    9.40    0.00    0.00    0.00   83.66
05:43:30 AM    0    7.87    0.00   16.85    0.00    1.12    0.00    0.00    0.00    0.00   74.16
05:43:30 AM    1    6.74    0.00   20.22    0.00    0.00    0.00    0.00    0.00    0.00   73.03
05:43:30 AM    2    0.00    0.00    0.00    0.00    0.00   20.00    0.00    0.00    0.00   80.00
05:43:30 AM    3    0.00    0.00    7.07    0.00    0.00   35.35    0.00    0.00    0.00   57.58
05:43:30 AM    4    0.00    0.00    0.00    0.00    0.00    0.00    0.00    0.00    0.00  100.00
05:43:30 AM    5    0.00    0.00    0.00    0.00    0.00    0.00    0.00    0.00    0.00  100.00
05:43:30 AM    6    0.00    0.00    0.00    0.00    0.00    0.00    0.00    0.00    0.00  100.00
05:43:30 AM    7    0.00    0.00    0.00    0.00    0.00   18.00    0.00    0.00    0.00   82.00

05:43:30 AM  CPU    %usr   %nice    %sys %iowait    %irq   %soft  %steal  %guest  %gnice   %idle
05:43:31 AM  all    1.28    0.00    4.60    0.13    0.26    9.83    0.00    0.00    0.00   83.91
05:43:31 AM    0    4.49    0.00   16.85    1.12    1.12    0.00    0.00    0.00    0.00   76.40
05:43:31 AM    1    6.45    0.00   17.20    0.00    1.08    0.00    0.00    0.00    0.00   75.27
05:43:31 AM    2    0.00    0.00    0.00    0.00    0.00   21.00    0.00    0.00    0.00   79.00
05:43:31 AM    3    0.00    0.00    4.95    0.00    0.00   37.62    0.00    0.00    0.00   57.43
05:43:31 AM    4    0.00    0.00    0.00    0.00    0.00    0.00    0.00    0.00    0.00  100.00
05:43:31 AM    5    0.00    0.00    0.00    0.00    0.00    0.00    0.00    0.00    0.00  100.00
05:43:31 AM    6    0.00    0.00    0.00    0.00    0.00    0.00    0.00    0.00    0.00  100.00
05:43:31 AM    7    0.00    0.00    0.00    0.00    0.00   18.00    0.00    0.00    0.00   82.00

05:43:31 AM  CPU    %usr   %nice    %sys %iowait    %irq   %soft  %steal  %guest  %gnice   %idle
05:43:32 AM  all    1.67    0.00    4.36    0.00    0.13    9.62    0.00    0.00    0.00   84.23
05:43:32 AM    0    7.53    0.00   19.35    0.00    0.00    0.00    0.00    0.00    0.00   73.12
05:43:32 AM    1    6.82    0.00   17.05    0.00    0.00    0.00    0.00    0.00    0.00   76.14
05:43:32 AM    2    0.00    0.00    0.00    0.00    0.99   18.81    0.00    0.00    0.00   80.20
05:43:32 AM    3    0.00    0.00    1.01    0.00    0.00   39.39    0.00    0.00    0.00   59.60
05:43:32 AM    4    0.00    0.00    0.00    0.00    0.00    0.00    0.00    0.00    0.00  100.00
05:43:32 AM    5    0.00    0.00    0.00    0.00    0.00    0.00    0.00    0.00    0.00  100.00
05:43:32 AM    6    0.00    0.00    0.00    0.00    0.00    0.00    0.00    0.00    0.00  100.00
05:43:32 AM    7    0.00    0.00    0.00    0.00    0.00   17.17    0.00    0.00    0.00   82.83

05:43:32 AM  CPU    %usr   %nice    %sys %iowait    %irq   %soft  %steal  %guest  %gnice   %idle
05:43:33 AM  all    1.41    0.00    4.48    0.00    0.26    9.73    0.00    0.00    0.00   84.12
05:43:33 AM    0    5.62    0.00   19.10    0.00    1.12    0.00    0.00    0.00    0.00   74.16
05:43:33 AM    1    6.52    0.00   19.57    0.00    1.09    0.00    0.00    0.00    0.00   72.83
05:43:33 AM    2    0.00    0.00    0.00    0.00    0.00   19.00    0.00    0.00    0.00   81.00
05:43:33 AM    3    0.00    0.00    0.00    0.00    0.00   39.39    0.00    0.00    0.00   60.61
05:43:33 AM    4    0.00    0.00    0.00    0.00    0.00    0.00    0.00    0.00    0.00  100.00
05:43:33 AM    5    0.00    0.00    0.00    0.00    0.00    0.00    0.00    0.00    0.00  100.00
05:43:33 AM    6    0.00    0.00    0.00    0.00    0.00    0.00    0.00    0.00    0.00  100.00
05:43:33 AM    7    0.00    0.00    0.00    0.00    0.00   17.82    0.00    0.00    0.00   82.18

05:43:33 AM  CPU    %usr   %nice    %sys %iowait    %irq   %soft  %steal  %guest  %gnice   %idle
05:43:34 AM  all    1.80    0.00    4.88    0.00    0.00    9.63    0.00    0.00    0.00   83.70
05:43:34 AM    0    7.87    0.00   17.98    0.00    0.00    0.00    0.00    0.00    0.00   74.16
05:43:34 AM    1    7.69    0.00   19.78    0.00    0.00    0.00    0.00    0.00    0.00   72.53
05:43:34 AM    2    0.00    0.00    0.00    0.00    0.00   19.19    0.00    0.00    0.00   80.81
05:43:34 AM    3    0.00    0.00    3.96    0.00    0.00   38.61    0.00    0.00    0.00   57.43
05:43:34 AM    4    0.00    0.00    0.00    0.00    0.00    0.00    0.00    0.00    0.00  100.00
05:43:34 AM    5    0.00    0.00    0.00    0.00    0.00    0.00    0.00    0.00    0.00  100.00
05:43:34 AM    6    0.00    0.00    0.00    0.00    0.00    0.00    0.00    0.00    0.00  100.00
05:43:34 AM    7    0.00    0.00    0.00    0.00    0.00   17.17    0.00    0.00    0.00   82.83

05:43:34 AM  CPU    %usr   %nice    %sys %iowait    %irq   %soft  %steal  %guest  %gnice   %idle
05:43:35 AM  all    1.52    0.00    4.70    0.00    0.51    9.52    0.00    0.00    0.00   83.76
05:43:35 AM    0    6.32    0.00   20.00    0.00    1.05    1.05    0.00    0.00    0.00   71.58
05:43:35 AM    1    6.52    0.00   19.57    0.00    1.09    0.00    0.00    0.00    0.00   72.83
05:43:35 AM    2    0.00    0.00    0.00    0.00    0.00   19.00    0.00    0.00    0.00   81.00
05:43:35 AM    3    0.00    0.00    0.00    0.00    1.00   38.00    0.00    0.00    0.00   61.00
05:43:35 AM    4    0.00    0.00    0.00    0.00    0.00    0.00    0.00    0.00    0.00  100.00
05:43:35 AM    5    0.00    0.00    0.00    0.00    0.00    0.00    0.00    0.00    0.00  100.00
05:43:35 AM    6    0.00    0.00    0.00    0.00    0.00    0.00    0.00    0.00    0.00  100.00
05:43:35 AM    7    0.00    0.00    0.00    0.00    0.99   16.83    0.00    0.00    0.00   82.18

05:43:35 AM  CPU    %usr   %nice    %sys %iowait    %irq   %soft  %steal  %guest  %gnice   %idle
05:43:36 AM  all    1.28    0.00    4.60    0.00    0.00    9.59    0.00    0.00    0.00   84.53
05:43:36 AM    0    4.49    0.00   17.98    0.00    0.00    0.00    0.00    0.00    0.00   77.53
05:43:36 AM    1    6.38    0.00   20.21    0.00    0.00    0.00    0.00    0.00    0.00   73.40
05:43:36 AM    2    0.00    0.00    0.00    0.00    0.00   19.19    0.00    0.00    0.00   80.81
05:43:36 AM    3    0.00    0.00    1.00    0.00    0.00   39.00    0.00    0.00    0.00   60.00
05:43:36 AM    4    0.00    0.00    0.00    0.00    0.00    0.00    0.00    0.00    0.00  100.00
05:43:36 AM    5    0.00    0.00    0.00    0.00    0.00    0.00    0.00    0.00    0.00  100.00
05:43:36 AM    6    0.00    0.00    0.00    0.00    0.00    0.00    0.00    0.00    0.00  100.00
05:43:36 AM    7    0.00    0.00    0.00    0.00    0.00   17.00    0.00    0.00    0.00   83.00

05:43:36 AM  CPU    %usr   %nice    %sys %iowait    %irq   %soft  %steal  %guest  %gnice   %idle
05:43:37 AM  all    1.65    0.00    5.46    0.00    0.25    9.53    0.00    0.00    0.00   83.10
05:43:37 AM    0    6.52    0.00   20.65    0.00    1.09    0.00    0.00    0.00    0.00   71.74
05:43:37 AM    1    7.45    0.00   22.34    0.00    1.06    0.00    0.00    0.00    0.00   69.15
05:43:37 AM    2    0.00    0.00    0.00    0.00    0.00   19.00    0.00    0.00    0.00   81.00
05:43:37 AM    3    0.00    0.00    2.97    0.00    0.00   38.61    0.00    0.00    0.00   58.42
05:43:37 AM    4    0.00    0.00    0.00    0.00    0.00    0.00    0.00    0.00    0.00  100.00
05:43:37 AM    5    0.00    0.00    0.00    0.00    0.00    0.00    0.00    0.00    0.00  100.00
05:43:37 AM    6    0.00    0.00    0.00    0.00    0.00    0.00    0.00    0.00    0.00  100.00
05:43:37 AM    7    0.00    0.00    0.00    0.00    0.00   17.00    0.00    0.00    0.00   83.00

05:43:37 AM  CPU    %usr   %nice    %sys %iowait    %irq   %soft  %steal  %guest  %gnice   %idle
05:43:38 AM  all    1.40    0.00    5.09    0.00    0.13    9.41    0.00    0.00    0.00   83.97
05:43:38 AM    0    5.38    0.00   19.35    0.00    1.08    0.00    0.00    0.00    0.00   74.19
05:43:38 AM    1    6.52    0.00   19.57    0.00    0.00    0.00    0.00    0.00    0.00   73.91
05:43:38 AM    2    0.00    0.00    0.00    0.00    0.00   19.80    0.00    0.00    0.00   80.20
05:43:38 AM    3    0.00    0.00    4.00    0.00    0.00   37.00    0.00    0.00    0.00   59.00
05:43:38 AM    4    0.00    0.00    0.00    0.00    0.00    0.00    0.00    0.00    0.00  100.00
05:43:38 AM    5    0.00    0.00    0.00    0.00    0.00    0.00    0.00    0.00    0.00  100.00
05:43:38 AM    6    0.00    0.00    0.00    0.00    0.00    0.00    0.00    0.00    0.00  100.00
05:43:38 AM    7    0.00    0.00    0.00    0.00    0.00   17.00    0.00    0.00    0.00   83.00

05:43:38 AM  CPU    %usr   %nice    %sys %iowait    %irq   %soft  %steal  %guest  %gnice   %idle
05:43:39 AM  all    1.28    0.00    3.72    0.00    0.26    9.37    0.00    0.00    0.00   85.37
05:43:39 AM    0    5.56    0.00   14.44    0.00    0.00    0.00    0.00    0.00    0.00   80.00
05:43:39 AM    1    5.43    0.00   16.30    0.00    1.09    0.00    0.00    0.00    0.00   77.17
05:43:39 AM    2    0.00    0.00    0.00    0.00    1.00   19.00    0.00    0.00    0.00   80.00
05:43:39 AM    3    0.00    0.00    1.02    0.00    0.00   37.76    0.00    0.00    0.00   61.22
05:43:39 AM    4    0.00    0.00    0.00    0.00    0.00    0.00    0.00    0.00    0.00  100.00
05:43:39 AM    5    0.00    0.00    0.00    0.00    0.00    0.00    0.00    0.00    0.00  100.00
05:43:39 AM    6    0.00    0.00    0.00    0.00    0.00    0.00    0.00    0.00    0.00  100.00
05:43:39 AM    7    0.00    0.00    0.00    0.00    0.00   17.17    0.00    0.00    0.00   82.83

05:43:39 AM  CPU    %usr   %nice    %sys %iowait    %irq   %soft  %steal  %guest  %gnice   %idle
05:43:40 AM  all    1.28    0.00    4.21    0.00    0.26    9.58    0.00    0.00    0.00   84.67
05:43:40 AM    0    5.49    0.00   16.48    0.00    1.10    0.00    0.00    0.00    0.00   76.92
05:43:40 AM    1    5.49    0.00   16.48    0.00    0.00    0.00    0.00    0.00    0.00   78.02
05:43:40 AM    2    0.00    0.00    0.00    0.00    0.00   20.00    0.00    0.00    0.00   80.00
05:43:40 AM    3    0.00    0.00    2.97    0.00    0.99   37.62    0.00    0.00    0.00   58.42
05:43:40 AM    4    0.00    0.00    0.00    0.00    0.00    0.00    0.00    0.00    0.00  100.00
05:43:40 AM    5    0.00    0.00    0.00    0.00    0.00    0.00    0.00    0.00    0.00  100.00
05:43:40 AM    6    0.00    0.00    0.00    0.00    0.00    0.00    0.00    0.00    0.00  100.00
05:43:40 AM    7    0.00    0.00    0.00    0.00    0.00   17.00    0.00    0.00    0.00   83.00

05:43:40 AM  CPU    %usr   %nice    %sys %iowait    %irq   %soft  %steal  %guest  %gnice   %idle
05:43:41 AM  all    1.54    0.00    4.49    0.00    0.00    9.87    0.00    0.00    0.00   84.10
05:43:41 AM    0    6.74    0.00   17.98    0.00    0.00    0.00    0.00    0.00    0.00   75.28
05:43:41 AM    1    6.59    0.00   18.68    0.00    0.00    0.00    0.00    0.00    0.00   74.73
05:43:41 AM    2    0.00    0.00    0.00    0.00    0.00   20.00    0.00    0.00    0.00   80.00
05:43:41 AM    3    0.00    0.00    2.00    0.00    0.00   39.00    0.00    0.00    0.00   59.00
05:43:41 AM    4    0.00    0.00    0.00    0.00    0.00    0.00    0.00    0.00    0.00  100.00
05:43:41 AM    5    0.00    0.00    0.00    0.00    0.00    0.00    0.00    0.00    0.00  100.00
05:43:41 AM    6    0.00    0.00    0.00    0.00    0.00    0.00    0.00    0.00    0.00  100.00
05:43:41 AM    7    0.00    0.00    0.00    0.00    0.00   18.00    0.00    0.00    0.00   82.00

05:43:41 AM  CPU    %usr   %nice    %sys %iowait    %irq   %soft  %steal  %guest  %gnice   %idle
05:43:42 AM  all    1.79    0.00    5.23    0.00    0.51    9.44    0.00    0.00    0.00   83.04
05:43:42 AM    0    7.78    0.00   17.78    0.00    1.11    0.00    0.00    0.00    0.00   73.33
05:43:42 AM    1    7.53    0.00   20.43    0.00    1.08    0.00    0.00    0.00    0.00   70.97
05:43:42 AM    2    0.00    0.00    0.00    0.00    0.00   20.00    0.00    0.00    0.00   80.00
05:43:42 AM    3    0.00    0.00    6.00    0.00    0.00   37.00    0.00    0.00    0.00   57.00
05:43:42 AM    4    0.00    0.00    0.00    0.00    0.99    0.00    0.00    0.00    0.00   99.01
05:43:42 AM    5    0.00    0.00    0.00    0.00    0.00    0.00    0.00    0.00    0.00  100.00
05:43:42 AM    6    0.00    0.00    0.00    0.00    0.00    0.00    0.00    0.00    0.00  100.00
05:43:42 AM    7    0.00    0.00    0.00    0.00    1.00   17.00    0.00    0.00    0.00   82.00

05:43:42 AM  CPU    %usr   %nice    %sys %iowait    %irq   %soft  %steal  %guest  %gnice   %idle
05:43:43 AM  all    1.29    0.00    4.89    0.13    0.13    9.52    0.00    0.00    0.00   84.04
05:43:43 AM    0    5.68    0.00   18.18    1.14    0.00    0.00    0.00    0.00    0.00   75.00
05:43:43 AM    1    5.68    0.00   18.18    0.00    1.14    0.00    0.00    0.00    0.00   75.00
05:43:43 AM    2    0.00    0.00    0.00    0.00    0.00   20.00    0.00    0.00    0.00   80.00
05:43:43 AM    3    0.00    0.00    6.00    0.00    0.00   36.00    0.00    0.00    0.00   58.00
05:43:43 AM    4    0.00    0.00    0.00    0.00    0.00    0.00    0.00    0.00    0.00  100.00
05:43:43 AM    5    0.00    0.00    0.00    0.00    0.00    0.00    0.00    0.00    0.00  100.00
05:43:43 AM    6    0.00    0.00    0.00    0.00    0.00    0.00    0.00    0.00    0.00  100.00
05:43:43 AM    7    0.00    0.00    0.00    0.00    0.00   17.82    0.00    0.00    0.00   82.18

05:43:43 AM  CPU    %usr   %nice    %sys %iowait    %irq   %soft  %steal  %guest  %gnice   %idle
05:43:44 AM  all    1.67    0.00    4.88    0.00    0.13    9.38    0.00    0.00    0.00   83.93
05:43:44 AM    0    6.74    0.00   15.73    0.00    1.12    0.00    0.00    0.00    0.00   76.40
05:43:44 AM    1    7.78    0.00   17.78    0.00    0.00    0.00    0.00    0.00    0.00   74.44
05:43:44 AM    2    0.00    0.00    0.00    0.00    0.00   20.20    0.00    0.00    0.00   79.80
05:43:44 AM    3    0.00    0.00    8.00    0.00    0.00   35.00    0.00    0.00    0.00   57.00
05:43:44 AM    4    0.00    0.00    0.00    0.00    0.00    0.00    0.00    0.00    0.00  100.00
05:43:44 AM    5    0.00    0.00    0.00    0.00    0.00    0.00    0.00    0.00    0.00  100.00
05:43:44 AM    6    0.00    0.00    0.00    0.00    0.00    0.00    0.00    0.00    0.00  100.00
05:43:44 AM    7    0.00    0.00    0.00    0.00    0.00   18.00    0.00    0.00    0.00   82.00

05:43:44 AM  CPU    %usr   %nice    %sys %iowait    %irq   %soft  %steal  %guest  %gnice   %idle
05:43:45 AM  all    1.53    0.00    4.33    0.00    0.51    9.43    0.00    0.00    0.00   84.20
05:43:45 AM    0    6.59    0.00   16.48    0.00    1.10    0.00    0.00    0.00    0.00   75.82
05:43:45 AM    1    6.52    0.00   18.48    0.00    1.09    0.00    0.00    0.00    0.00   73.91
05:43:45 AM    2    0.00    0.00    0.00    0.00    0.99   18.81    0.00    0.00    0.00   80.20
05:43:45 AM    3    0.00    0.00    1.96    0.00    0.98   38.24    0.00    0.00    0.00   58.82
05:43:45 AM    4    0.00    0.00    0.00    0.00    0.00    0.00    0.00    0.00    0.00  100.00
05:43:45 AM    5    0.00    0.00    0.00    0.00    0.00    0.00    0.00    0.00    0.00  100.00
05:43:45 AM    6    0.00    0.00    0.00    0.00    0.00    0.00    0.00    0.00    0.00  100.00
05:43:45 AM    7    0.00    0.00    0.00    0.00    0.00   16.16    0.00    0.00    0.00   83.84

05:43:45 AM  CPU    %usr   %nice    %sys %iowait    %irq   %soft  %steal  %guest  %gnice   %idle
05:43:46 AM  all    1.55    0.00    4.64    0.00    0.00    9.79    0.00    0.00    0.00   84.02
05:43:46 AM    0    6.82    0.00   18.18    0.00    0.00    0.00    0.00    0.00    0.00   75.00
05:43:46 AM    1    6.67    0.00   18.89    0.00    0.00    0.00    0.00    0.00    0.00   74.44
05:43:46 AM    2    0.00    0.00    0.00    0.00    0.00   20.20    0.00    0.00    0.00   79.80
05:43:46 AM    3    0.00    0.00    3.03    0.00    0.00   38.38    0.00    0.00    0.00   58.59
05:43:46 AM    4    0.00    0.00    0.00    0.00    0.00    0.00    0.00    0.00    0.00  100.00
05:43:46 AM    5    0.00    0.00    0.00    0.00    0.00    0.00    0.00    0.00    0.00  100.00
05:43:46 AM    6    0.00    0.00    0.00    0.00    0.00    0.00    0.00    0.00    0.00  100.00
05:43:46 AM    7    0.00    0.00    0.00    0.00    0.00   18.00    0.00    0.00    0.00   82.00

05:43:46 AM  CPU    %usr   %nice    %sys %iowait    %irq   %soft  %steal  %guest  %gnice   %idle
05:43:47 AM  all    1.39    0.00    4.55    0.00    0.25    9.61    0.00    0.00    0.00   84.20
05:43:47 AM    0    6.38    0.00   17.02    0.00    1.06    0.00    0.00    0.00    0.00   75.53
05:43:47 AM    1    5.21    0.00   19.79    0.00    1.04    1.04    0.00    0.00    0.00   72.92
05:43:47 AM    2    0.00    0.00    0.00    0.00    0.00   19.80    0.00    0.00    0.00   80.20
05:43:47 AM    3    0.00    0.00    0.99    0.00    0.00   38.61    0.00    0.00    0.00   60.40
05:43:47 AM    4    0.00    0.00    0.00    0.00    0.00    0.00    0.00    0.00    0.00  100.00
05:43:47 AM    5    0.00    0.00    0.00    0.00    0.00    0.00    0.00    0.00    0.00  100.00
05:43:47 AM    6    0.00    0.00    0.00    0.00    0.00    0.00    0.00    0.00    0.00  100.00
05:43:47 AM    7    0.00    0.00    0.00    0.00    0.00   16.16    0.00    0.00    0.00   83.84

05:43:47 AM  CPU    %usr   %nice    %sys %iowait    %irq   %soft  %steal  %guest  %gnice   %idle
05:43:48 AM  all    1.41    0.00    4.60    0.00    0.00    9.34    0.00    0.00    0.00   84.65
05:43:48 AM    0    5.49    0.00   17.58    0.00    0.00    0.00    0.00    0.00    0.00   76.92
05:43:48 AM    1    6.45    0.00   19.35    0.00    0.00    0.00    0.00    0.00    0.00   74.19
05:43:48 AM    2    0.00    0.00    0.00    0.00    0.00   19.19    0.00    0.00    0.00   80.81
05:43:48 AM    3    0.00    0.00    2.02    0.00    0.00   37.37    0.00    0.00    0.00   60.61
05:43:48 AM    4    0.00    0.00    0.00    0.00    0.00    0.00    0.00    0.00    0.00  100.00
05:43:48 AM    5    0.00    0.00    0.00    0.00    0.00    0.00    0.00    0.00    0.00  100.00
05:43:48 AM    6    0.00    0.00    0.00    0.00    0.00    0.00    0.00    0.00    0.00  100.00
05:43:48 AM    7    0.00    0.00    0.00    0.00    0.00   17.00    0.00    0.00    0.00   83.00

05:43:48 AM  CPU    %usr   %nice    %sys %iowait    %irq   %soft  %steal  %guest  %gnice   %idle
05:43:49 AM  all    1.79    0.00    4.21    0.13    0.38    9.58    0.00    0.00    0.00   83.91
05:43:49 AM    0    7.78    0.00   15.56    0.00    1.11    0.00    0.00    0.00    0.00   75.56
05:43:49 AM    1    7.69    0.00   15.38    1.10    1.10    0.00    0.00    0.00    0.00   74.73
05:43:49 AM    2    0.00    0.00    0.00    0.00    0.00   20.00    0.00    0.00    0.00   80.00
05:43:49 AM    3    0.00    0.00    4.00    0.00    0.00   37.00    0.00    0.00    0.00   59.00
05:43:49 AM    4    0.00    0.00    0.00    0.00    0.00    0.00    0.00    0.00    0.00  100.00
05:43:49 AM    5    0.00    0.00    0.00    0.00    0.00    0.00    0.00    0.00    0.00  100.00
05:43:49 AM    6    0.00    0.00    0.00    0.00    0.00    0.00    0.00    0.00    0.00  100.00
05:43:49 AM    7    0.00    0.00    0.98    0.00    0.98   17.65    0.00    0.00    0.00   80.39

05:43:49 AM  CPU    %usr   %nice    %sys %iowait    %irq   %soft  %steal  %guest  %gnice   %idle
05:43:50 AM  all    1.28    0.00    3.96    0.00    0.26    9.59    0.00    0.00    0.00   84.91
05:43:50 AM    0    5.49    0.00   15.38    0.00    1.10    0.00    0.00    0.00    0.00   78.02
05:43:50 AM    1    5.56    0.00   16.67    0.00    0.00    0.00    0.00    0.00    0.00   77.78
05:43:50 AM    2    0.00    0.00    0.00    0.00    0.00   20.00    0.00    0.00    0.00   80.00
05:43:50 AM    3    0.00    0.00    1.98    0.00    0.99   37.62    0.00    0.00    0.00   59.41
05:43:50 AM    4    0.00    0.00    0.00    0.00    0.00    0.00    0.00    0.00    0.00  100.00
05:43:50 AM    5    0.00    0.00    0.00    0.00    0.00    0.00    0.00    0.00    0.00  100.00
05:43:50 AM    6    0.00    0.00    0.00    0.00    0.00    0.00    0.00    0.00    0.00  100.00
05:43:50 AM    7    0.00    0.00    0.00    0.00    0.00   17.00    0.00    0.00    0.00   83.00

05:43:50 AM  CPU    %usr   %nice    %sys %iowait    %irq   %soft  %steal  %guest  %gnice   %idle
05:43:51 AM  all    1.42    0.00    4.12    0.00    0.13    9.40    0.00    0.00    0.00   84.94
05:43:51 AM    0    5.68    0.00   15.91    0.00    0.00    0.00    0.00    0.00    0.00   78.41
05:43:51 AM    1    6.67    0.00   16.67    0.00    1.11    0.00    0.00    0.00    0.00   75.56
05:43:51 AM    2    0.00    0.00    0.00    0.00    0.00   19.00    0.00    0.00    0.00   81.00
05:43:51 AM    3    0.00    0.00    3.00    0.00    0.00   38.00    0.00    0.00    0.00   59.00
05:43:51 AM    4    0.00    0.00    0.00    0.00    0.00    0.00    0.00    0.00    0.00  100.00
05:43:51 AM    5    0.00    0.00    0.00    0.00    0.00    0.00    0.00    0.00    0.00  100.00
05:43:51 AM    6    0.00    0.00    0.00    0.00    0.00    0.00    0.00    0.00    0.00  100.00
05:43:51 AM    7    0.00    0.00    0.00    0.00    0.00   16.16    0.00    0.00    0.00   83.84

05:43:51 AM  CPU    %usr   %nice    %sys %iowait    %irq   %soft  %steal  %guest  %gnice   %idle
05:43:52 AM  all    1.41    0.00    4.86    0.00    0.13    9.46    0.00    0.00    0.00   84.14
05:43:52 AM    0    6.59    0.00   18.68    0.00    1.10    0.00    0.00    0.00    0.00   73.63
05:43:52 AM    1    5.43    0.00   20.65    0.00    0.00    0.00    0.00    0.00    0.00   73.91
05:43:52 AM    2    0.00    0.00    0.00    0.00    0.00   19.19    0.00    0.00    0.00   80.81
05:43:52 AM    3    0.00    0.00    2.00    0.00    0.00   38.00    0.00    0.00    0.00   60.00
05:43:52 AM    4    0.00    0.00    0.00    0.00    0.00    0.00    0.00    0.00    0.00  100.00
05:43:52 AM    5    0.00    0.00    0.00    0.00    0.00    0.00    0.00    0.00    0.00  100.00
05:43:52 AM    6    0.00    0.00    0.00    0.00    0.00    0.00    0.00    0.00    0.00  100.00
05:43:52 AM    7    0.00    0.00    0.00    0.00    0.00   17.00    0.00    0.00    0.00   83.00

05:43:52 AM  CPU    %usr   %nice    %sys %iowait    %irq   %soft  %steal  %guest  %gnice   %idle
05:43:53 AM  all    1.65    0.00    4.33    0.00    0.25    9.41    0.00    0.00    0.00   84.35
05:43:53 AM    0    6.45    0.00   18.28    0.00    0.00    0.00    0.00    0.00    0.00   75.27
05:43:53 AM    1    7.61    0.00   16.30    0.00    1.09    0.00    0.00    0.00    0.00   75.00
05:43:53 AM    2    0.00    0.00    0.00    0.00    0.98   19.61    0.00    0.00    0.00   79.41
05:43:53 AM    3    0.00    0.00    2.02    0.00    0.00   37.37    0.00    0.00    0.00   60.61
05:43:53 AM    4    0.00    0.00    0.00    0.00    0.00    0.00    0.00    0.00    0.00  100.00
05:43:53 AM    5    0.00    0.00    0.00    0.00    0.00    0.00    0.00    0.00    0.00  100.00
05:43:53 AM    6    0.00    0.00    0.00    0.00    0.00    0.00    0.00    0.00    0.00  100.00
05:43:53 AM    7    0.00    0.00    0.00    0.00    0.00   17.00    0.00    0.00    0.00   83.00

05:43:53 AM  CPU    %usr   %nice    %sys %iowait    %irq   %soft  %steal  %guest  %gnice   %idle
05:43:54 AM  all    1.90    0.00    3.93    0.00    0.13    9.26    0.00    0.00    0.00   84.77
05:43:54 AM    0    7.45    0.00   15.96    0.00    1.06    0.00    0.00    0.00    0.00   75.53
05:43:54 AM    1    8.51    0.00   15.96    0.00    0.00    0.00    0.00    0.00    0.00   75.53
05:43:54 AM    2    0.00    0.00    0.00    0.00    0.00   18.18    0.00    0.00    0.00   81.82
05:43:54 AM    3    0.00    0.00    0.99    0.00    0.00   37.62    0.00    0.00    0.00   61.39
05:43:54 AM    4    0.00    0.00    0.00    0.00    0.00    0.00    0.00    0.00    0.00  100.00
05:43:54 AM    5    0.00    0.00    0.00    0.00    0.00    0.00    0.00    0.00    0.00  100.00
05:43:54 AM    6    0.00    0.00    0.00    0.00    0.00    0.00    0.00    0.00    0.00  100.00
05:43:54 AM    7    0.00    0.00    0.00    0.00    0.00   17.00    0.00    0.00    0.00   83.00

05:43:54 AM  CPU    %usr   %nice    %sys %iowait    %irq   %soft  %steal  %guest  %gnice   %idle
05:43:55 AM  all    1.53    0.00    4.48    0.13    0.26    9.59    0.00    0.00    0.00   84.02
05:43:55 AM    0    6.74    0.00   15.73    1.12    0.00    0.00    0.00    0.00    0.00   76.40
05:43:55 AM    1    6.52    0.00   19.57    0.00    0.00    0.00    0.00    0.00    0.00   73.91
05:43:55 AM    2    0.00    0.00    0.00    0.00    0.00   20.00    0.00    0.00    0.00   80.00
05:43:55 AM    3    0.00    0.00    2.97    0.00    0.99   37.62    0.00    0.00    0.00   58.42
05:43:55 AM    4    0.00    0.00    0.00    0.00    0.00    0.00    0.00    0.00    0.00  100.00
05:43:55 AM    5    0.00    0.00    0.00    0.00    0.00    0.00    0.00    0.00    0.00  100.00
05:43:55 AM    6    0.00    0.00    0.00    0.00    0.00    0.00    0.00    0.00    0.00  100.00
05:43:55 AM    7    0.00    0.00    0.00    0.00    1.00   17.00    0.00    0.00    0.00   82.00

05:43:55 AM  CPU    %usr   %nice    %sys %iowait    %irq   %soft  %steal  %guest  %gnice   %idle
05:43:56 AM  all    1.54    0.00    3.85    0.00    0.26    9.62    0.00    0.00    0.00   84.74
05:43:56 AM    0    6.59    0.00   15.38    0.00    1.10    1.10    0.00    0.00    0.00   75.82
05:43:56 AM    1    6.59    0.00   17.58    0.00    1.10    0.00    0.00    0.00    0.00   74.73
05:43:56 AM    2    0.00    0.00    0.00    0.00    0.00   19.00    0.00    0.00    0.00   81.00
05:43:56 AM    3    0.00    0.00    0.00    0.00    0.00   38.78    0.00    0.00    0.00   61.22
05:43:56 AM    4    0.00    0.00    0.00    0.00    0.00    0.00    0.00    0.00    0.00  100.00
05:43:56 AM    5    0.00    0.00    0.00    0.00    0.00    0.00    0.00    0.00    0.00  100.00
05:43:56 AM    6    0.00    0.00    0.00    0.00    0.00    0.00    0.00    0.00    0.00  100.00
05:43:56 AM    7    0.00    0.00    0.00    0.00    0.00   17.00    0.00    0.00    0.00   83.00

05:43:56 AM  CPU    %usr   %nice    %sys %iowait    %irq   %soft  %steal  %guest  %gnice   %idle
05:43:57 AM  all    1.41    0.00    3.97    0.00    0.00    9.60    0.00    0.00    0.00   85.02
05:43:57 AM    0    6.74    0.00   15.73    0.00    0.00    0.00    0.00    0.00    0.00   77.53
05:43:57 AM    1    5.49    0.00   17.58    0.00    0.00    0.00    0.00    0.00    0.00   76.92
05:43:57 AM    2    0.00    0.00    0.00    0.00    0.00   19.19    0.00    0.00    0.00   80.81
05:43:57 AM    3    0.00    0.00    0.99    0.00    0.00   38.61    0.00    0.00    0.00   60.40
05:43:57 AM    4    0.00    0.00    0.00    0.00    0.00    0.00    0.00    0.00    0.00  100.00
05:43:57 AM    5    0.00    0.00    0.00    0.00    0.00    0.00    0.00    0.00    0.00  100.00
05:43:57 AM    6    0.00    0.00    0.00    0.00    0.00    0.00    0.00    0.00    0.00  100.00
05:43:57 AM    7    0.00    0.00    0.00    0.00    0.00   16.83    0.00    0.00    0.00   83.17

05:43:57 AM  CPU    %usr   %nice    %sys %iowait    %irq   %soft  %steal  %guest  %gnice   %idle
05:43:58 AM  all    1.04    0.00    4.41    0.00    0.13    9.60    0.00    0.00    0.00   84.82
05:43:58 AM    0    4.60    0.00   17.24    0.00    1.15    0.00    0.00    0.00    0.00   77.01
05:43:58 AM    1    4.71    0.00   17.65    0.00    0.00    0.00    0.00    0.00    0.00   77.65
05:43:58 AM    2    0.00    0.00    0.00    0.00    0.00   19.80    0.00    0.00    0.00   80.20
05:43:58 AM    3    0.00    0.00    4.04    0.00    0.00   37.37    0.00    0.00    0.00   58.59
05:43:58 AM    4    0.00    0.00    0.00    0.00    0.00    0.00    0.00    0.00    0.00  100.00
05:43:58 AM    5    0.00    0.00    0.00    0.00    0.00    0.00    0.00    0.00    0.00  100.00
05:43:58 AM    6    0.00    0.00    0.00    0.00    0.00    0.00    0.00    0.00    0.00  100.00
05:43:58 AM    7    0.00    0.00    0.00    0.00    0.00   17.17    0.00    0.00    0.00   82.83

05:43:58 AM  CPU    %usr   %nice    %sys %iowait    %irq   %soft  %steal  %guest  %gnice   %idle
05:43:59 AM  all    1.40    0.00    4.21    0.00    0.13    9.45    0.00    0.00    0.00   84.80
05:43:59 AM    0    6.59    0.00   17.58    0.00    0.00    0.00    0.00    0.00    0.00   75.82
05:43:59 AM    1    5.43    0.00   17.39    0.00    1.09    0.00    0.00    0.00    0.00   76.09
05:43:59 AM    2    0.00    0.00    0.00    0.00    0.00   19.00    0.00    0.00    0.00   81.00
05:43:59 AM    3    0.00    0.00    1.00    0.00    0.00   38.00    0.00    0.00    0.00   61.00
05:43:59 AM    4    0.00    0.00    0.00    0.00    0.00    0.00    0.00    0.00    0.00  100.00
05:43:59 AM    5    0.00    0.00    0.00    0.00    0.00    0.00    0.00    0.00    0.00  100.00
05:43:59 AM    6    0.00    0.00    0.00    0.00    0.00    0.00    0.00    0.00    0.00  100.00
05:43:59 AM    7    0.00    0.00    0.00    0.00    0.00   17.00    0.00    0.00    0.00   83.00

05:43:59 AM  CPU    %usr   %nice    %sys %iowait    %irq   %soft  %steal  %guest  %gnice   %idle
05:44:00 AM  all    1.53    0.00    4.21    0.00    0.26    9.32    0.00    0.00    0.00   84.67
05:44:00 AM    0    7.53    0.00   16.13    0.00    1.08    0.00    0.00    0.00    0.00   75.27
05:44:00 AM    1    5.56    0.00   16.67    0.00    0.00    0.00    0.00    0.00    0.00   77.78
05:44:00 AM    2    0.00    0.00    0.00    0.00    1.00   19.00    0.00    0.00    0.00   80.00
05:44:00 AM    3    0.00    0.00    3.00    0.00    0.00   37.00    0.00    0.00    0.00   60.00
05:44:00 AM    4    0.00    0.00    0.00    0.00    0.00    0.00    0.00    0.00    0.00  100.00
05:44:00 AM    5    0.00    0.00    0.00    0.00    0.00    0.00    0.00    0.00    0.00  100.00
05:44:00 AM    6    0.00    0.00    0.00    0.00    0.00    0.00    0.00    0.00    0.00  100.00
05:44:00 AM    7    0.00    0.00    0.00    0.00    0.00   17.00    0.00    0.00    0.00   83.00

05:44:00 AM  CPU    %usr   %nice    %sys %iowait    %irq   %soft  %steal  %guest  %gnice   %idle
05:44:01 AM  all    1.41    0.00    4.74    0.13    0.26    9.74    0.00    0.00    0.00   83.72
05:44:01 AM    0    6.67    0.00   18.89    0.00    0.00    0.00    0.00    0.00    0.00   74.44
05:44:01 AM    1    5.56    0.00   20.00    1.11    1.11    0.00    0.00    0.00    0.00   72.22
05:44:01 AM    2    0.00    0.00    0.00    0.00    0.00   20.00    0.00    0.00    0.00   80.00
05:44:01 AM    3    0.00    0.00    1.98    0.00    0.99   38.61    0.00    0.00    0.00   58.42
05:44:01 AM    4    0.00    0.00    0.00    0.00    0.00    0.00    0.00    0.00    0.00  100.00
05:44:01 AM    5    0.00    0.00    0.00    0.00    0.00    0.00    0.00    0.00    0.00  100.00
05:44:01 AM    6    0.00    0.00    0.00    0.00    0.00    0.00    0.00    0.00    0.00  100.00
05:44:01 AM    7    0.00    0.00    0.00    0.00    0.00   17.17    0.00    0.00    0.00   82.83

05:44:01 AM  CPU    %usr   %nice    %sys %iowait    %irq   %soft  %steal  %guest  %gnice   %idle
05:44:02 AM  all    1.16    0.00    4.24    0.00    0.26    9.64    0.00    0.00    0.00   84.70
05:44:02 AM    0    4.60    0.00   16.09    0.00    1.15    0.00    0.00    0.00    0.00   78.16
05:44:02 AM    1    5.62    0.00   17.98    0.00    0.00    0.00    0.00    0.00    0.00   76.40
05:44:02 AM    2    0.00    0.00    0.00    0.00    0.00   21.00    0.00    0.00    0.00   79.00
05:44:02 AM    3    0.00    0.00    3.00    0.00    0.00   37.00    0.00    0.00    0.00   60.00
05:44:02 AM    4    0.00    0.00    0.00    0.00    0.00    0.00    0.00    0.00    0.00  100.00
05:44:02 AM    5    0.00    0.00    0.00    0.00    0.00    0.00    0.00    0.00    0.00  100.00
05:44:02 AM    6    0.00    0.00    0.00    0.00    0.00    0.00    0.00    0.00    0.00  100.00
05:44:02 AM    7    0.00    0.00    0.00    0.00    0.98   16.67    0.00    0.00    0.00   82.35

05:44:02 AM  CPU    %usr   %nice    %sys %iowait    %irq   %soft  %steal  %guest  %gnice   %idle
05:44:03 AM  all    1.29    0.00    4.52    0.13    0.26    9.69    0.00    0.00    0.00   84.11
05:44:03 AM    0    6.74    0.00   16.85    1.12    1.12    0.00    0.00    0.00    0.00   74.16
05:44:03 AM    1    4.71    0.00   16.47    0.00    1.18    0.00    0.00    0.00    0.00   77.65
05:44:03 AM    2    0.00    0.00    0.99    0.00    0.00   19.80    0.00    0.00    0.00   79.21
05:44:03 AM    3    0.00    0.00    5.00    0.00    0.00   38.00    0.00    0.00    0.00   57.00
05:44:03 AM    4    0.00    0.00    0.00    0.00    0.00    0.00    0.00    0.00    0.00  100.00
05:44:03 AM    5    0.00    0.00    0.00    0.00    0.00    0.00    0.00    0.00    0.00  100.00
05:44:03 AM    6    0.00    0.00    0.00    0.00    0.00    0.00    0.00    0.00    0.00  100.00
05:44:03 AM    7    0.00    0.00    0.00    0.00    0.00   17.17    0.00    0.00    0.00   82.83

05:44:03 AM  CPU    %usr   %nice    %sys %iowait    %irq   %soft  %steal  %guest  %gnice   %idle
05:44:04 AM  all    1.67    0.00    5.02    0.00    0.13    9.52    0.00    0.00    0.00   83.66
05:44:04 AM    0    6.82    0.00   19.32    0.00    0.00    0.00    0.00    0.00    0.00   73.86
05:44:04 AM    1    7.95    0.00   17.05    0.00    1.14    0.00    0.00    0.00    0.00   73.86
05:44:04 AM    2    0.00    0.00    0.00    0.00    0.00   20.00    0.00    0.00    0.00   80.00
05:44:04 AM    3    0.00    0.00    6.93    0.00    0.00   36.63    0.00    0.00    0.00   56.44
05:44:04 AM    4    0.00    0.00    0.00    0.00    0.00    0.00    0.00    0.00    0.00  100.00
05:44:04 AM    5    0.00    0.00    0.00    0.00    0.00    0.00    0.00    0.00    0.00  100.00
05:44:04 AM    6    0.00    0.00    0.00    0.00    0.00    0.00    0.00    0.00    0.00  100.00
05:44:04 AM    7    0.00    0.00    0.00    0.00    0.00   17.00    0.00    0.00    0.00   83.00

05:44:04 AM  CPU    %usr   %nice    %sys %iowait    %irq   %soft  %steal  %guest  %gnice   %idle
05:44:05 AM  all    1.03    0.00    4.53    0.13    0.13    9.44    0.00    0.00    0.00   84.73
05:44:05 AM    0    3.41    0.00   17.05    0.00    1.14    0.00    0.00    0.00    0.00   78.41
05:44:05 AM    1    5.68    0.00   15.91    1.14    0.00    0.00    0.00    0.00    0.00   77.27
05:44:05 AM    2    0.00    0.00    0.00    0.00    0.00   20.20    0.00    0.00    0.00   79.80
05:44:05 AM    3    0.00    0.00    6.06    0.00    0.00   36.36    0.00    0.00    0.00   57.58
05:44:05 AM    4    0.00    0.00    0.00    0.00    0.00    0.00    0.00    0.00    0.00  100.00
05:44:05 AM    5    0.00    0.00    0.00    0.00    0.00    0.00    0.00    0.00    0.00  100.00
05:44:05 AM    6    0.00    0.00    0.00    0.00    0.00    0.00    0.00    0.00    0.00  100.00
05:44:05 AM    7    0.00    0.00    0.00    0.00    0.00   17.17    0.00    0.00    0.00   82.83

05:44:05 AM  CPU    %usr   %nice    %sys %iowait    %irq   %soft  %steal  %guest  %gnice   %idle
05:44:06 AM  all    1.54    0.00    3.35    0.13    0.26    9.78    0.00    0.00    0.00   84.94
05:44:06 AM    0    6.98    0.00   12.79    1.16    0.00    0.00    0.00    0.00    0.00   79.07
05:44:06 AM    1    6.67    0.00   13.33    0.00    1.11    1.11    0.00    0.00    0.00   77.78
05:44:06 AM    2    0.00    0.00    0.00    0.00    0.00   20.00    0.00    0.00    0.00   80.00
05:44:06 AM    3    0.00    0.00    2.97    0.00    0.99   37.62    0.00    0.00    0.00   58.42
05:44:06 AM    4    0.00    0.00    0.00    0.00    0.00    0.00    0.00    0.00    0.00  100.00
05:44:06 AM    5    0.00    0.00    0.00    0.00    0.00    0.00    0.00    0.00    0.00  100.00
05:44:06 AM    6    0.00    0.00    0.00    0.00    0.00    0.00    0.00    0.00    0.00  100.00
05:44:06 AM    7    0.00    0.00    0.00    0.00    0.00   17.00    0.00    0.00    0.00   83.00

05:44:06 AM  CPU    %usr   %nice    %sys %iowait    %irq   %soft  %steal  %guest  %gnice   %idle
05:44:07 AM  all    1.29    0.00    3.99    0.00    0.26    9.79    0.00    0.00    0.00   84.66
05:44:07 AM    0    6.90    0.00   14.94    0.00    1.15    0.00    0.00    0.00    0.00   77.01
05:44:07 AM    1    4.55    0.00   18.18    0.00    0.00    0.00    0.00    0.00    0.00   77.27
05:44:07 AM    2    0.00    0.00    0.00    0.00    0.99   19.80    0.00    0.00    0.00   79.21
05:44:07 AM    3    0.00    0.00    2.00    0.00    0.00   39.00    0.00    0.00    0.00   59.00
05:44:07 AM    4    0.00    0.00    0.00    0.00    0.00    0.00    0.00    0.00    0.00  100.00
05:44:07 AM    5    0.00    0.00    0.00    0.00    0.00    0.00    0.00    0.00    0.00  100.00
05:44:07 AM    6    0.00    0.00    0.00    0.00    0.00    0.00    0.00    0.00    0.00  100.00
05:44:07 AM    7    0.00    0.00    0.00    0.00    0.00   17.00    0.00    0.00    0.00   83.00

05:44:07 AM  CPU    %usr   %nice    %sys %iowait    %irq   %soft  %steal  %guest  %gnice   %idle
05:44:08 AM  all    1.30    0.00    3.76    0.00    0.26    9.73    0.00    0.00    0.00   84.95
05:44:08 AM    0    5.95    0.00   15.48    0.00    1.19    0.00    0.00    0.00    0.00   77.38
05:44:08 AM    1    5.75    0.00   17.24    0.00    1.15    0.00    0.00    0.00    0.00   75.86
05:44:08 AM    2    0.00    0.00    0.00    0.00    0.00   19.00    0.00    0.00    0.00   81.00
05:44:08 AM    3    0.00    0.00    1.00    0.00    0.00   39.00    0.00    0.00    0.00   60.00
05:44:08 AM    4    0.00    0.00    0.00    0.00    0.00    0.00    0.00    0.00    0.00  100.00
05:44:08 AM    5    0.00    0.00    0.00    0.00    0.00    0.00    0.00    0.00    0.00  100.00
05:44:08 AM    6    0.00    0.00    0.00    0.00    0.00    0.00    0.00    0.00    0.00  100.00
05:44:08 AM    7    0.00    0.00    0.00    0.00    0.00   17.00    0.00    0.00    0.00   83.00

05:44:08 AM  CPU    %usr   %nice    %sys %iowait    %irq   %soft  %steal  %guest  %gnice   %idle
05:44:09 AM  all    1.42    0.00    5.16    0.00    0.13    9.29    0.00    0.00    0.00   84.00
05:44:09 AM    0    5.81    0.00   16.28    0.00    0.00    0.00    0.00    0.00    0.00   77.91
05:44:09 AM    1    6.74    0.00   19.10    0.00    0.00    0.00    0.00    0.00    0.00   74.16
05:44:09 AM    2    0.00    0.00    0.00    0.00    0.00   20.20    0.00    0.00    0.00   79.80
05:44:09 AM    3    0.00    0.00    9.00    0.00    0.00   35.00    0.00    0.00    0.00   56.00
05:44:09 AM    4    0.00    0.00    0.00    0.00    0.00    0.00    0.00    0.00    0.00  100.00
05:44:09 AM    5    0.00    0.00    0.00    0.00    0.00    0.00    0.00    0.00    0.00  100.00
05:44:09 AM    6    0.00    0.00    0.00    0.00    0.00    0.00    0.00    0.00    0.00  100.00
05:44:09 AM    7    0.00    0.00    0.00    0.00    0.99   16.83    0.00    0.00    0.00   82.18

05:44:09 AM  CPU    %usr   %nice    %sys %iowait    %irq   %soft  %steal  %guest  %gnice   %idle
05:44:10 AM  all    1.66    0.00    4.08    0.13    0.26    9.69    0.00    0.00    0.00   84.18
05:44:10 AM    0    6.59    0.00   16.48    1.10    1.10    0.00    0.00    0.00    0.00   74.73
05:44:10 AM    1    7.53    0.00   17.20    0.00    1.08    0.00    0.00    0.00    0.00   74.19
05:44:10 AM    2    0.00    0.00    0.00    0.00    0.00   20.00    0.00    0.00    0.00   80.00
05:44:10 AM    3    0.00    0.00    1.00    0.00    0.00   39.00    0.00    0.00    0.00   60.00
05:44:10 AM    4    0.00    0.00    0.00    0.00    0.00    0.00    0.00    0.00    0.00  100.00
05:44:10 AM    5    0.00    0.00    0.00    0.00    0.00    0.00    0.00    0.00    0.00  100.00
05:44:10 AM    6    0.00    0.00    0.00    0.00    0.00    0.00    0.00    0.00    0.00  100.00
05:44:10 AM    7    0.00    0.00    0.00    0.00    0.00   17.00    0.00    0.00    0.00   83.00

05:44:10 AM  CPU    %usr   %nice    %sys %iowait    %irq   %soft  %steal  %guest  %gnice   %idle
05:44:11 AM  all    1.29    0.00    4.51    0.00    0.26    9.66    0.00    0.00    0.00   84.28
05:44:11 AM    0    5.62    0.00   16.85    0.00    1.12    0.00    0.00    0.00    0.00   76.40
05:44:11 AM    1    5.62    0.00   17.98    0.00    1.12    0.00    0.00    0.00    0.00   75.28
05:44:11 AM    2    0.00    0.00    0.00    0.00    0.00   20.00    0.00    0.00    0.00   80.00
05:44:11 AM    3    0.00    0.00    4.04    0.00    0.00   38.38    0.00    0.00    0.00   57.58
05:44:11 AM    4    0.00    0.00    0.00    0.00    0.00    0.00    0.00    0.00    0.00  100.00
05:44:11 AM    5    0.00    0.00    0.00    0.00    0.00    0.00    0.00    0.00    0.00  100.00
05:44:11 AM    6    0.00    0.00    0.00    0.00    0.00    0.00    0.00    0.00    0.00  100.00
05:44:11 AM    7    0.00    0.00    0.00    0.00    0.00   17.17    0.00    0.00    0.00   82.83

05:44:11 AM  CPU    %usr   %nice    %sys %iowait    %irq   %soft  %steal  %guest  %gnice   %idle
05:44:12 AM  all    1.29    0.00    4.63    0.00    0.13    9.52    0.00    0.00    0.00   84.43
05:44:12 AM    0    5.68    0.00   19.32    0.00    0.00    0.00    0.00    0.00    0.00   75.00
05:44:12 AM    1    5.62    0.00   17.98    0.00    0.00    0.00    0.00    0.00    0.00   76.40
05:44:12 AM    2    0.00    0.00    0.00    0.00    0.00   19.19    0.00    0.00    0.00   80.81
05:44:12 AM    3    0.00    0.00    2.97    0.00    0.99   37.62    0.00    0.00    0.00   58.42
05:44:12 AM    4    0.00    0.00    0.00    0.00    0.00    0.00    0.00    0.00    0.00  100.00
05:44:12 AM    5    0.00    0.00    0.00    0.00    0.00    0.00    0.00    0.00    0.00  100.00
05:44:12 AM    6    0.00    0.00    0.00    0.00    0.00    0.00    0.00    0.00    0.00  100.00
05:44:12 AM    7    0.00    0.00    0.00    0.00    0.00   17.00    0.00    0.00    0.00   83.00

05:44:12 AM  CPU    %usr   %nice    %sys %iowait    %irq   %soft  %steal  %guest  %gnice   %idle
05:44:13 AM  all    1.29    0.00    3.35    0.00    0.39    9.66    0.00    0.00    0.00   85.31
05:44:13 AM    0    4.60    0.00   14.94    0.00    1.15    0.00    0.00    0.00    0.00   79.31
05:44:13 AM    1    6.98    0.00   13.95    0.00    1.16    0.00    0.00    0.00    0.00   77.91
05:44:13 AM    2    0.00    0.00    0.00    0.00    0.98   18.63    0.00    0.00    0.00   80.39
05:44:13 AM    3    0.00    0.00    0.99    0.00    0.00   38.61    0.00    0.00    0.00   60.40
05:44:13 AM    4    0.00    0.00    0.00    0.00    0.00    0.00    0.00    0.00    0.00  100.00
05:44:13 AM    5    0.00    0.00    0.00    0.00    0.00    0.00    0.00    0.00    0.00  100.00
05:44:13 AM    6    0.00    0.00    0.00    0.00    0.00    0.00    0.00    0.00    0.00  100.00
05:44:13 AM    7    0.00    0.00    0.00    0.00    0.00   17.00    0.00    0.00    0.00   83.00

05:44:13 AM  CPU    %usr   %nice    %sys %iowait    %irq   %soft  %steal  %guest  %gnice   %idle
05:44:14 AM  all    1.29    0.00    4.63    0.00    0.13    9.27    0.00    0.00    0.00   84.68
05:44:14 AM    0    5.56    0.00   17.78    0.00    1.11    0.00    0.00    0.00    0.00   75.56
05:44:14 AM    1    5.62    0.00   17.98    0.00    0.00    0.00    0.00    0.00    0.00   76.40
05:44:14 AM    2    0.00    0.00    0.00    0.00    0.00   19.19    0.00    0.00    0.00   80.81
05:44:14 AM    3    0.00    0.00    4.00    0.00    0.00   37.00    0.00    0.00    0.00   59.00
05:44:14 AM    4    0.00    0.00    0.00    0.00    0.00    0.00    0.00    0.00    0.00  100.00
05:44:14 AM    5    0.00    0.00    0.00    0.00    0.00    0.00    0.00    0.00    0.00  100.00
05:44:14 AM    6    0.00    0.00    0.00    0.00    0.00    0.00    0.00    0.00    0.00  100.00
05:44:14 AM    7    0.00    0.00    0.00    0.00    0.00   16.16    0.00    0.00    0.00   83.84

05:44:14 AM  CPU    %usr   %nice    %sys %iowait    %irq   %soft  %steal  %guest  %gnice   %idle
05:44:15 AM  all    1.41    0.00    3.96    0.00    0.26    9.59    0.00    0.00    0.00   84.78
05:44:15 AM    0    5.56    0.00   16.67    0.00    0.00    0.00    0.00    0.00    0.00   77.78
05:44:15 AM    1    6.59    0.00   15.38    0.00    1.10    0.00    0.00    0.00    0.00   76.92
05:44:15 AM    2    0.00    0.00    0.00    0.00    0.00   20.00    0.00    0.00    0.00   80.00
05:44:15 AM    3    0.00    0.00    2.02    0.00    0.00   38.38    0.00    0.00    0.00   59.60
05:44:15 AM    4    0.00    0.00    0.00    0.00    0.00    0.00    0.00    0.00    0.00  100.00
05:44:15 AM    5    0.00    0.00    0.00    0.00    0.00    0.00    0.00    0.00    0.00  100.00
05:44:15 AM    6    0.00    0.00    0.00    0.00    0.00    0.00    0.00    0.00    0.00  100.00
05:44:15 AM    7    0.00    0.00    0.00    0.00    0.98   16.67    0.00    0.00    0.00   82.35

05:44:15 AM  CPU    %usr   %nice    %sys %iowait    %irq   %soft  %steal  %guest  %gnice   %idle
05:44:16 AM  all    1.16    0.00    3.74    0.00    0.13    9.54    0.00    0.00    0.00   85.44
05:44:16 AM    0    4.55    0.00   14.77    0.00    1.14    1.14    0.00    0.00    0.00   78.41
05:44:16 AM    1    5.62    0.00   16.85    0.00    0.00    0.00    0.00    0.00    0.00   77.53
05:44:16 AM    2    0.00    0.00    0.00    0.00    0.00   19.00    0.00    0.00    0.00   81.00
05:44:16 AM    3    0.00    0.00    1.00    0.00    0.00   38.00    0.00    0.00    0.00   61.00
05:44:16 AM    4    0.00    0.00    0.00    0.00    0.00    0.00    0.00    0.00    0.00  100.00
05:44:16 AM    5    0.00    0.00    0.00    0.00    0.00    0.00    0.00    0.00    0.00  100.00
05:44:16 AM    6    0.00    0.00    0.00    0.00    0.00    0.00    0.00    0.00    0.00  100.00
05:44:16 AM    7    0.00    0.00    0.00    0.00    0.00   16.16    0.00    0.00    0.00   83.84

05:44:16 AM  CPU    %usr   %nice    %sys %iowait    %irq   %soft  %steal  %guest  %gnice   %idle
05:44:17 AM  all    1.17    0.00    3.24    0.00    0.13    9.72    0.00    0.00    0.00   85.75
05:44:17 AM    0    4.82    0.00   13.25    0.00    0.00    0.00    0.00    0.00    0.00   81.93
05:44:17 AM    1    5.68    0.00   15.91    0.00    0.00    0.00    0.00    0.00    0.00   78.41
05:44:17 AM    2    0.00    0.00    0.00    0.00    0.00   19.00    0.00    0.00    0.00   81.00
05:44:17 AM    3    0.00    0.00    0.00    0.00    0.99   38.61    0.00    0.00    0.00   60.40
05:44:17 AM    4    0.00    0.00    0.00    0.00    0.00    0.00    0.00    0.00    0.00  100.00
05:44:17 AM    5    0.00    0.00    0.00    0.00    0.00    0.00    0.00    0.00    0.00  100.00
05:44:17 AM    6    0.00    0.00    0.00    0.00    0.00    0.00    0.00    0.00    0.00  100.00
05:44:17 AM    7    0.00    0.00    0.00    0.00    0.00   17.00    0.00    0.00    0.00   83.00

05:44:17 AM  CPU    %usr   %nice    %sys %iowait    %irq   %soft  %steal  %guest  %gnice   %idle
05:44:18 AM  all    1.42    0.00    3.99    0.00    0.13    9.65    0.00    0.00    0.00   84.81
05:44:18 AM    0    5.75    0.00   16.09    0.00    0.00    0.00    0.00    0.00    0.00   78.16
05:44:18 AM    1    6.59    0.00   17.58    0.00    1.10    0.00    0.00    0.00    0.00   74.73
05:44:18 AM    2    0.00    0.00    0.00    0.00    0.00   20.00    0.00    0.00    0.00   80.00
05:44:18 AM    3    0.00    0.00    1.01    0.00    0.00   38.38    0.00    0.00    0.00   60.61
05:44:18 AM    4    0.00    0.00    0.00    0.00    0.00    0.00    0.00    0.00    0.00  100.00
05:44:18 AM    5    0.00    0.00    0.00    0.00    0.00    0.00    0.00    0.00    0.00  100.00
05:44:18 AM    6    0.00    0.00    0.00    0.00    0.00    0.00    0.00    0.00    0.00  100.00
05:44:18 AM    7    0.00    0.00    0.00    0.00    0.00   17.00    0.00    0.00    0.00   83.00

05:44:18 AM  CPU    %usr   %nice    %sys %iowait    %irq   %soft  %steal  %guest  %gnice   %idle
05:44:19 AM  all    1.28    0.00    3.83    0.00    0.26    9.58    0.00    0.00    0.00   85.06
05:44:19 AM    0    5.49    0.00   15.38    0.00    1.10    0.00    0.00    0.00    0.00   78.02
05:44:19 AM    1    5.49    0.00   16.48    0.00    0.00    0.00    0.00    0.00    0.00   78.02
05:44:19 AM    2    0.00    0.00    0.00    0.00    1.00   19.00    0.00    0.00    0.00   80.00
05:44:19 AM    3    0.00    0.00    0.99    0.00    0.00   38.61    0.00    0.00    0.00   60.40
05:44:19 AM    4    0.00    0.00    0.00    0.00    0.00    0.00    0.00    0.00    0.00  100.00
05:44:19 AM    5    0.00    0.00    0.00    0.00    0.00    0.00    0.00    0.00    0.00  100.00
05:44:19 AM    6    0.00    0.00    0.00    0.00    0.00    0.00    0.00    0.00    0.00  100.00
05:44:19 AM    7    0.00    0.00    0.00    0.00    0.00   17.00    0.00    0.00    0.00   83.00

05:44:19 AM  CPU    %usr   %nice    %sys %iowait    %irq   %soft  %steal  %guest  %gnice   %idle
05:44:20 AM  all    1.17    0.00    3.51    0.00    0.00    9.75    0.00    0.00    0.00   85.57
05:44:20 AM    0    4.76    0.00   14.29    0.00    0.00    0.00    0.00    0.00    0.00   80.95
05:44:20 AM    1    5.75    0.00   16.09    0.00    0.00    0.00    0.00    0.00    0.00   78.16
05:44:20 AM    2    0.00    0.00    0.00    0.00    0.00   20.00    0.00    0.00    0.00   80.00
05:44:20 AM    3    0.00    0.00    1.01    0.00    0.00   39.39    0.00    0.00    0.00   59.60
05:44:20 AM    4    0.00    0.00    0.00    0.00    0.00    0.00    0.00    0.00    0.00  100.00
05:44:20 AM    5    0.00    0.00    0.00    0.00    0.00    0.00    0.00    0.00    0.00  100.00
05:44:20 AM    6    0.00    0.00    0.00    0.00    0.00    0.00    0.00    0.00    0.00  100.00
05:44:20 AM    7    0.00    0.00    0.00    0.00    0.00   16.16    0.00    0.00    0.00   83.84

05:44:20 AM  CPU    %usr   %nice    %sys %iowait    %irq   %soft  %steal  %guest  %gnice   %idle
05:44:21 AM  all    1.29    0.00    3.48    0.00    0.26    9.54    0.00    0.00    0.00   85.44
05:44:21 AM    0    5.75    0.00   13.79    0.00    1.15    0.00    0.00    0.00    0.00   79.31
05:44:21 AM    1    5.56    0.00   15.56    0.00    1.11    0.00    0.00    0.00    0.00   77.78
05:44:21 AM    2    0.00    0.00    0.00    0.00    0.00   19.00    0.00    0.00    0.00   81.00
05:44:21 AM    3    0.00    0.00    1.01    0.00    0.00   38.38    0.00    0.00    0.00   60.61
05:44:21 AM    4    0.00    0.00    0.00    0.00    0.00    0.00    0.00    0.00    0.00  100.00
05:44:21 AM    5    0.00    0.00    0.00    0.00    0.00    0.00    0.00    0.00    0.00  100.00
05:44:21 AM    6    0.00    0.00    0.00    0.00    0.00    0.00    0.00    0.00    0.00  100.00
05:44:21 AM    7    0.00    0.00    0.00    0.00    0.00   17.00    0.00    0.00    0.00   83.00

05:44:21 AM  CPU    %usr   %nice    %sys %iowait    %irq   %soft  %steal  %guest  %gnice   %idle
05:44:22 AM  all    1.03    0.00    4.65    0.00    0.13    9.42    0.00    0.00    0.00   84.77
05:44:22 AM    0    4.49    0.00   17.98    0.00    0.00    0.00    0.00    0.00    0.00   77.53
05:44:22 AM    1    4.65    0.00   16.28    0.00    0.00    0.00    0.00    0.00    0.00   79.07
05:44:22 AM    2    0.00    0.00    0.00    0.00    0.00   20.20    0.00    0.00    0.00   79.80
05:44:22 AM    3    0.00    0.00    5.94    0.00    0.99   35.64    0.00    0.00    0.00   57.43
05:44:22 AM    4    0.00    0.00    0.00    0.00    0.00    0.00    0.00    0.00    0.00  100.00
05:44:22 AM    5    0.00    0.00    0.00    0.00    0.00    0.00    0.00    0.00    0.00  100.00
05:44:22 AM    6    0.00    0.00    0.00    0.00    0.00    0.00    0.00    0.00    0.00  100.00
05:44:22 AM    7    0.00    0.00    0.00    0.00    0.00   17.00    0.00    0.00    0.00   83.00

05:44:22 AM  CPU    %usr   %nice    %sys %iowait    %irq   %soft  %steal  %guest  %gnice   %idle
05:44:23 AM  all    1.65    0.00    3.94    0.00    0.38    9.41    0.00    0.00    0.00   84.61
05:44:23 AM    0    6.74    0.00   13.48    0.00    1.12    0.00    0.00    0.00    0.00   78.65
05:44:23 AM    1    7.22    0.00   18.56    0.00    1.03    0.00    0.00    0.00    0.00   73.20
05:44:23 AM    2    0.00    0.00    0.00    0.00    0.00   19.00    0.00    0.00    0.00   81.00
05:44:23 AM    3    0.00    0.00    1.00    0.00    0.00   38.00    0.00    0.00    0.00   61.00
05:44:23 AM    4    0.00    0.00    0.00    0.00    0.00    0.00    0.00    0.00    0.00  100.00
05:44:23 AM    5    0.00    0.00    0.00    0.00    0.00    0.00    0.00    0.00    0.00  100.00
05:44:23 AM    6    0.00    0.00    0.00    0.00    0.00    0.00    0.00    0.00    0.00  100.00
05:44:23 AM    7    0.00    0.00    0.00    0.00    0.99   16.83    0.00    0.00    0.00   82.18

05:44:23 AM  CPU    %usr   %nice    %sys %iowait    %irq   %soft  %steal  %guest  %gnice   %idle
05:44:24 AM  all    1.16    0.00    3.73    0.13    0.00    9.52    0.00    0.00    0.00   85.46
05:44:24 AM    0    4.49    0.00   17.98    0.00    0.00    0.00    0.00    0.00    0.00   77.53
05:44:24 AM    1    5.62    0.00   14.61    1.12    0.00    0.00    0.00    0.00    0.00   78.65
05:44:24 AM    2    0.00    0.00    0.00    0.00    0.00   19.00    0.00    0.00    0.00   81.00
05:44:24 AM    3    0.00    0.00    0.00    0.00    0.00   38.38    0.00    0.00    0.00   61.62
05:44:24 AM    4    0.00    0.00    0.00    0.00    0.00    0.00    0.00    0.00    0.00  100.00
05:44:24 AM    5    0.00    0.00    0.00    0.00    0.00    0.00    0.00    0.00    0.00  100.00
05:44:24 AM    6    0.00    0.00    0.00    0.00    0.00    0.00    0.00    0.00    0.00  100.00
05:44:24 AM    7    0.00    0.00    0.00    0.00    0.00   17.00    0.00    0.00    0.00   83.00

05:44:24 AM  CPU    %usr   %nice    %sys %iowait    %irq   %soft  %steal  %guest  %gnice   %idle
05:44:25 AM  all    1.53    0.00    3.83    0.00    0.00    9.44    0.00    0.00    0.00   85.20
05:44:25 AM    0    5.62    0.00   14.61    0.00    0.00    0.00    0.00    0.00    0.00   79.78
05:44:25 AM    1    7.45    0.00   17.02    0.00    0.00    0.00    0.00    0.00    0.00   75.53
05:44:25 AM    2    0.00    0.00    0.00    0.00    0.00   19.00    0.00    0.00    0.00   81.00
05:44:25 AM    3    0.00    0.00    0.98    0.00    0.00   38.24    0.00    0.00    0.00   60.78
05:44:25 AM    4    0.00    0.00    0.00    0.00    0.00    0.00    0.00    0.00    0.00  100.00
05:44:25 AM    5    0.00    0.00    0.00    0.00    0.00    0.00    0.00    0.00    0.00  100.00
05:44:25 AM    6    0.00    0.00    0.00    0.00    0.00    0.00    0.00    0.00    0.00  100.00
05:44:25 AM    7    0.00    0.00    0.00    0.00    0.00   16.16    0.00    0.00    0.00   83.84

05:44:25 AM  CPU    %usr   %nice    %sys %iowait    %irq   %soft  %steal  %guest  %gnice   %idle
05:44:26 AM  all    1.16    0.00    3.85    0.13    0.39    9.63    0.00    0.00    0.00   84.85
05:44:26 AM    0    5.68    0.00   15.91    1.14    1.14    0.00    0.00    0.00    0.00   76.14
05:44:26 AM    1    4.44    0.00   17.78    0.00    1.11    1.11    0.00    0.00    0.00   75.56
05:44:26 AM    2    0.00    0.00    0.00    0.00    0.99   18.81    0.00    0.00    0.00   80.20
05:44:26 AM    3    0.00    0.00    0.00    0.00    0.00   38.38    0.00    0.00    0.00   61.62
05:44:26 AM    4    0.00    0.00    0.00    0.00    0.00    0.00    0.00    0.00    0.00  100.00
05:44:26 AM    5    0.00    0.00    0.00    0.00    0.00    0.00    0.00    0.00    0.00  100.00
05:44:26 AM    6    0.00    0.00    0.00    0.00    0.00    0.00    0.00    0.00    0.00  100.00
05:44:26 AM    7    0.00    0.00    0.00    0.00    0.00   16.83    0.00    0.00    0.00   83.17

05:44:26 AM  CPU    %usr   %nice    %sys %iowait    %irq   %soft  %steal  %guest  %gnice   %idle
05:44:27 AM  all    1.41    0.00    4.24    0.00    0.13    9.38    0.00    0.00    0.00   84.83
05:44:27 AM    0    5.62    0.00   17.98    0.00    0.00    0.00    0.00    0.00    0.00   76.40
05:44:27 AM    1    6.74    0.00   16.85    0.00    0.00    0.00    0.00    0.00    0.00   76.40
05:44:27 AM    2    0.00    0.00    0.00    0.00    0.00   19.00    0.00    0.00    0.00   81.00
05:44:27 AM    3    0.00    0.00    1.00    0.00    1.00   38.00    0.00    0.00    0.00   60.00
05:44:27 AM    4    0.00    0.00    0.00    0.00    0.00    0.00    0.00    0.00    0.00  100.00
05:44:27 AM    5    0.00    0.00    0.00    0.00    0.00    0.00    0.00    0.00    0.00  100.00
05:44:27 AM    6    0.00    0.00    0.00    0.00    0.00    0.00    0.00    0.00    0.00  100.00
05:44:27 AM    7    0.00    0.00    1.00    0.00    0.00   16.00    0.00    0.00    0.00   83.00

05:44:27 AM  CPU    %usr   %nice    %sys %iowait    %irq   %soft  %steal  %guest  %gnice   %idle
05:44:28 AM  all    1.42    0.00    4.25    0.00    0.26    9.52    0.00    0.00    0.00   84.56
05:44:28 AM    0    5.75    0.00   14.94    0.00    1.15    0.00    0.00    0.00    0.00   78.16
05:44:28 AM    1    6.74    0.00   16.85    0.00    1.12    0.00    0.00    0.00    0.00   75.28
05:44:28 AM    2    0.00    0.00    0.00    0.00    0.00   20.00    0.00    0.00    0.00   80.00
05:44:28 AM    3    0.00    0.00    4.95    0.00    0.00   36.63    0.00    0.00    0.00   58.42
05:44:28 AM    4    0.00    0.00    0.00    0.00    0.00    0.00    0.00    0.00    0.00  100.00
05:44:28 AM    5    0.00    0.00    0.00    0.00    0.00    0.00    0.00    0.00    0.00  100.00
05:44:28 AM    6    0.00    0.00    0.00    0.00    0.00    0.00    0.00    0.00    0.00  100.00
05:44:28 AM    7    0.00    0.00    0.00    0.00    0.00   17.00    0.00    0.00    0.00   83.00

05:44:28 AM  CPU    %usr   %nice    %sys %iowait    %irq   %soft  %steal  %guest  %gnice   %idle
05:44:29 AM  all    1.42    0.00    3.61    0.00    0.26    9.55    0.00    0.00    0.00   85.16
05:44:29 AM    0    6.74    0.00   14.61    0.00    1.12    0.00    0.00    0.00    0.00   77.53
05:44:29 AM    1    5.68    0.00   15.91    0.00    0.00    0.00    0.00    0.00    0.00   78.41
05:44:29 AM    2    0.00    0.00    0.00    0.00    0.00   19.19    0.00    0.00    0.00   80.81
05:44:29 AM    3    0.00    0.00    1.01    0.00    0.00   38.38    0.00    0.00    0.00   60.61
05:44:29 AM    4    0.00    0.00    0.00    0.00    0.00    0.00    0.00    0.00    0.00  100.00
05:44:29 AM    5    0.00    0.00    0.00    0.00    0.00    0.00    0.00    0.00    0.00  100.00
05:44:29 AM    6    0.00    0.00    0.00    0.00    0.00    0.00    0.00    0.00    0.00  100.00
05:44:29 AM    7    0.00    0.00    0.00    0.00    1.00   17.00    0.00    0.00    0.00   82.00

05:44:29 AM  CPU    %usr   %nice    %sys %iowait    %irq   %soft  %steal  %guest  %gnice   %idle
05:44:30 AM  all    1.16    0.00    4.12    0.00    0.13    9.52    0.00    0.00    0.00   85.07
05:44:30 AM    0    4.65    0.00   16.28    0.00    0.00    0.00    0.00    0.00    0.00   79.07
05:44:30 AM    1    5.56    0.00   17.78    0.00    1.11    0.00    0.00    0.00    0.00   75.56
05:44:30 AM    2    0.00    0.00    0.00    0.00    0.00   19.00    0.00    0.00    0.00   81.00
05:44:30 AM    3    0.00    0.00    2.00    0.00    0.00   38.00    0.00    0.00    0.00   60.00
05:44:30 AM    4    0.00    0.00    0.00    0.00    0.00    0.00    0.00    0.00    0.00  100.00
05:44:30 AM    5    0.00    0.00    0.00    0.00    0.00    0.00    0.00    0.00    0.00  100.00
05:44:30 AM    6    0.00    0.00    0.00    0.00    0.00    0.00    0.00    0.00    0.00  100.00
05:44:30 AM    7    0.00    0.00    0.00    0.00    0.00   16.83    0.00    0.00    0.00   83.17

05:44:30 AM  CPU    %usr   %nice    %sys %iowait    %irq   %soft  %steal  %guest  %gnice   %idle
05:44:31 AM  all    1.43    0.00    4.68    0.00    0.26    9.48    0.00    0.00    0.00   84.16
05:44:31 AM    0    8.05    0.00   14.94    0.00    1.15    0.00    0.00    0.00    0.00   75.86
05:44:31 AM    1    4.76    0.00   16.67    0.00    1.19    0.00    0.00    0.00    0.00   77.38
05:44:31 AM    2    0.00    0.00    0.00    0.00    0.00   21.00    0.00    0.00    0.00   79.00
05:44:31 AM    3    0.00    0.00    9.00    0.00    0.00   35.00    0.00    0.00    0.00   56.00
05:44:31 AM    4    0.00    0.00    0.00    0.00    0.00    0.00    0.00    0.00    0.00  100.00
05:44:31 AM    5    0.00    0.00    0.00    0.00    0.00    0.00    0.00    0.00    0.00  100.00
05:44:31 AM    6    0.00    0.00    0.00    0.00    0.00    0.00    0.00    0.00    0.00  100.00
05:44:31 AM    7    0.00    0.00    0.00    0.00    0.00   17.17    0.00    0.00    0.00   82.83

05:44:31 AM  CPU    %usr   %nice    %sys %iowait    %irq   %soft  %steal  %guest  %gnice   %idle
05:44:32 AM  all    1.41    0.00    4.48    0.13    0.13    9.48    0.00    0.00    0.00   84.38
05:44:32 AM    0    5.56    0.00   17.78    0.00    1.11    0.00    0.00    0.00    0.00   75.56
05:44:32 AM    1    6.67    0.00   17.78    1.11    0.00    0.00    0.00    0.00    0.00   74.44
05:44:32 AM    2    0.00    0.00    0.00    0.00    0.00   19.00    0.00    0.00    0.00   81.00
05:44:32 AM    3    0.00    0.00    2.97    0.00    0.00   37.62    0.00    0.00    0.00   59.41
05:44:32 AM    4    0.00    0.00    0.00    0.00    0.00    0.00    0.00    0.00    0.00  100.00
05:44:32 AM    5    0.00    0.00    0.00    0.00    0.00    0.00    0.00    0.00    0.00  100.00
05:44:32 AM    6    0.00    0.00    0.00    0.00    0.00    0.00    0.00    0.00    0.00  100.00
05:44:32 AM    7    0.00    0.00    0.00    0.00    0.00   17.00    0.00    0.00    0.00   83.00

05:44:32 AM  CPU    %usr   %nice    %sys %iowait    %irq   %soft  %steal  %guest  %gnice   %idle
05:44:33 AM  all    1.28    0.00    3.85    0.00    0.26    9.50    0.00    0.00    0.00   85.11
05:44:33 AM    0    5.62    0.00   15.73    0.00    0.00    0.00    0.00    0.00    0.00   78.65
05:44:33 AM    1    5.62    0.00   15.73    0.00    0.00    0.00    0.00    0.00    0.00   78.65
05:44:33 AM    2    0.00    0.00    0.00    0.00    1.00   19.00    0.00    0.00    0.00   80.00
05:44:33 AM    3    0.00    0.00    1.98    0.00    0.99   37.62    0.00    0.00    0.00   59.41
05:44:33 AM    4    0.00    0.00    0.00    0.00    0.00    0.00    0.00    0.00    0.00  100.00
05:44:33 AM    5    0.00    0.00    0.00    0.00    0.00    0.00    0.00    0.00    0.00  100.00
05:44:33 AM    6    0.00    0.00    0.00    0.00    0.00    0.00    0.00    0.00    0.00  100.00
05:44:33 AM    7    0.00    0.00    0.00    0.00    0.00   17.00    0.00    0.00    0.00   83.00

05:44:33 AM  CPU    %usr   %nice    %sys %iowait    %irq   %soft  %steal  %guest  %gnice   %idle
05:44:34 AM  all    1.17    0.00    4.40    0.00    0.26    9.72    0.00    0.00    0.00   84.46
05:44:34 AM    0    5.88    0.00   15.29    0.00    1.18    0.00    0.00    0.00    0.00   77.65
05:44:34 AM    1    4.65    0.00   17.44    0.00    1.16    0.00    0.00    0.00    0.00   76.74
05:44:34 AM    2    0.00    0.00    0.00    0.00    0.00   20.79    0.00    0.00    0.00   79.21
05:44:34 AM    3    0.00    0.00    6.00    0.00    0.00   37.00    0.00    0.00    0.00   57.00
05:44:34 AM    4    0.00    0.00    0.00    0.00    0.00    0.00    0.00    0.00    0.00  100.00
05:44:34 AM    5    0.00    0.00    0.00    0.00    0.00    0.00    0.00    0.00    0.00  100.00
05:44:34 AM    6    0.00    0.00    0.00    0.00    0.00    0.00    0.00    0.00    0.00  100.00
05:44:34 AM    7    0.00    0.00    0.00    0.00    0.00   17.00    0.00    0.00    0.00   83.00

05:44:34 AM  CPU    %usr   %nice    %sys %iowait    %irq   %soft  %steal  %guest  %gnice   %idle
05:44:35 AM  all    1.17    0.00    4.16    0.00    0.13    9.49    0.00    0.00    0.00   85.05
05:44:35 AM    0    4.76    0.00   15.48    0.00    0.00    0.00    0.00    0.00    0.00   79.76
05:44:35 AM    1    5.75    0.00   16.09    0.00    0.00    0.00    0.00    0.00    0.00   78.16
05:44:35 AM    2    0.00    0.00    0.00    0.00    0.00   20.20    0.00    0.00    0.00   79.80
05:44:35 AM    3    0.00    0.00    5.10    0.00    0.00   36.73    0.00    0.00    0.00   58.16
05:44:35 AM    4    0.00    0.00    0.00    0.00    0.00    0.00    0.00    0.00    0.00  100.00
05:44:35 AM    5    0.00    0.00    0.00    0.00    0.00    0.00    0.00    0.00    0.00  100.00
05:44:35 AM    6    0.00    0.00    0.00    0.00    0.00    0.00    0.00    0.00    0.00  100.00
05:44:35 AM    7    0.00    0.00    0.00    0.00    0.99   16.83    0.00    0.00    0.00   82.18

05:44:35 AM  CPU    %usr   %nice    %sys %iowait    %irq   %soft  %steal  %guest  %gnice   %idle
05:44:36 AM  all    1.16    0.00    4.37    0.13    0.26    9.90    0.00    0.00    0.00   84.19
05:44:36 AM    0    4.40    0.00   17.58    1.10    1.10    1.10    0.00    0.00    0.00   74.73
05:44:36 AM    1    5.68    0.00   17.05    0.00    1.14    0.00    0.00    0.00    0.00   76.14
05:44:36 AM    2    0.00    0.00    0.00    0.00    0.00   20.00    0.00    0.00    0.00   80.00
05:44:36 AM    3    0.00    0.00    3.00    0.00    0.00   39.00    0.00    0.00    0.00   58.00
05:44:36 AM    4    0.00    0.00    0.00    0.00    0.00    0.00    0.00    0.00    0.00  100.00
05:44:36 AM    5    0.00    0.00    0.00    0.00    0.00    0.00    0.00    0.00    0.00  100.00
05:44:36 AM    6    0.00    0.00    0.00    0.00    0.00    0.00    0.00    0.00    0.00  100.00
05:44:36 AM    7    0.00    0.00    0.00    0.00    0.00   17.17    0.00    0.00    0.00   82.83

05:44:36 AM  CPU    %usr   %nice    %sys %iowait    %irq   %soft  %steal  %guest  %gnice   %idle
05:44:37 AM  all    1.55    0.00    4.25    0.00    0.00    9.54    0.00    0.00    0.00   84.66
05:44:37 AM    0    6.98    0.00   16.28    0.00    0.00    0.00    0.00    0.00    0.00   76.74
05:44:37 AM    1    6.74    0.00   17.98    0.00    0.00    0.00    0.00    0.00    0.00   75.28
05:44:37 AM    2    0.00    0.00    0.99    0.00    0.00   18.81    0.00    0.00    0.00   80.20
05:44:37 AM    3    0.00    0.00    2.00    0.00    0.00   38.00    0.00    0.00    0.00   60.00
05:44:37 AM    4    0.00    0.00    0.00    0.00    0.00    0.00    0.00    0.00    0.00  100.00
05:44:37 AM    5    0.00    0.00    0.00    0.00    0.00    0.00    0.00    0.00    0.00  100.00
05:44:37 AM    6    0.00    0.00    0.00    0.00    0.00    0.00    0.00    0.00    0.00  100.00
05:44:37 AM    7    0.00    0.00    0.00    0.00    0.00   17.00    0.00    0.00    0.00   83.00

05:44:37 AM  CPU    %usr   %nice    %sys %iowait    %irq   %soft  %steal  %guest  %gnice   %idle
05:44:38 AM  all    1.27    0.00    3.55    0.13    0.38    9.39    0.00    0.00    0.00   85.28
05:44:38 AM    0    6.38    0.00   12.77    1.06    1.06    0.00    0.00    0.00    0.00   78.72
05:44:38 AM    1    4.35    0.00   16.30    0.00    1.09    0.00    0.00    0.00    0.00   78.26
05:44:38 AM    2    0.00    0.00    0.00    0.00    0.00   19.00    0.00    0.00    0.00   81.00
05:44:38 AM    3    0.00    0.00    0.98    0.00    0.98   37.25    0.00    0.00    0.00   60.78
05:44:38 AM    4    0.00    0.00    0.00    0.00    0.00    0.00    0.00    0.00    0.00  100.00
05:44:38 AM    5    0.00    0.00    0.00    0.00    0.00    0.00    0.00    0.00    0.00  100.00
05:44:38 AM    6    0.00    0.00    0.00    0.00    0.00    0.00    0.00    0.00    0.00  100.00
05:44:38 AM    7    0.00    0.00    0.00    0.00    0.00   17.00    0.00    0.00    0.00   83.00

05:44:38 AM  CPU    %usr   %nice    %sys %iowait    %irq   %soft  %steal  %guest  %gnice   %idle
05:44:39 AM  all    1.03    0.00    4.13    0.00    0.00    9.55    0.00    0.00    0.00   85.29
05:44:39 AM    0    3.45    0.00   16.09    0.00    0.00    0.00    0.00    0.00    0.00   80.46
05:44:39 AM    1    5.56    0.00   15.56    0.00    0.00    0.00    0.00    0.00    0.00   78.89
05:44:39 AM    2    0.00    0.00    0.00    0.00    0.00   20.20    0.00    0.00    0.00   79.80
05:44:39 AM    3    0.00    0.00    4.04    0.00    0.00   37.37    0.00    0.00    0.00   58.59
05:44:39 AM    4    0.00    0.00    0.00    0.00    0.00    0.00    0.00    0.00    0.00  100.00
05:44:39 AM    5    0.00    0.00    0.00    0.00    0.00    0.00    0.00    0.00    0.00  100.00
05:44:39 AM    6    0.00    0.00    0.00    0.00    0.00    0.00    0.00    0.00    0.00  100.00
05:44:39 AM    7    0.00    0.00    0.00    0.00    0.00   17.00    0.00    0.00    0.00   83.00

05:44:39 AM  CPU    %usr   %nice    %sys %iowait    %irq   %soft  %steal  %guest  %gnice   %idle
05:44:40 AM  all    1.30    0.00    4.82    0.00    0.39    9.51    0.00    0.00    0.00   83.98
05:44:40 AM    0    7.06    0.00   16.47    0.00    1.18    0.00    0.00    0.00    0.00   75.29
05:44:40 AM    1    4.82    0.00   18.07    0.00    1.20    0.00    0.00    0.00    0.00   75.90
05:44:40 AM    2    0.00    0.00    0.00    0.00    0.99   19.80    0.00    0.00    0.00   79.21
05:44:40 AM    3    0.00    0.00    8.00    0.00    0.00   36.00    0.00    0.00    0.00   56.00
05:44:40 AM    4    0.00    0.00    0.00    0.00    0.00    0.00    0.00    0.00    0.00  100.00
05:44:40 AM    5    0.00    0.00    0.00    0.00    0.00    0.00    0.00    0.00    0.00  100.00
05:44:40 AM    6    0.00    0.00    0.00    0.00    0.00    0.00    0.00    0.00    0.00  100.00
05:44:40 AM    7    0.00    0.00    0.00    0.00    0.00   17.17    0.00    0.00    0.00   82.83

05:44:40 AM  CPU    %usr   %nice    %sys %iowait    %irq   %soft  %steal  %guest  %gnice   %idle
05:44:41 AM  all    1.29    0.00    4.38    0.00    0.00    9.66    0.00    0.00    0.00   84.66
05:44:41 AM    0    5.75    0.00   16.09    0.00    0.00    0.00    0.00    0.00    0.00   78.16
05:44:41 AM    1    5.68    0.00   17.05    0.00    0.00    0.00    0.00    0.00    0.00   77.27
05:44:41 AM    2    0.00    0.00    0.00    0.00    0.00   20.00    0.00    0.00    0.00   80.00
05:44:41 AM    3    0.00    0.00    5.00    0.00    0.00   37.00    0.00    0.00    0.00   58.00
05:44:41 AM    4    0.00    0.00    0.00    0.00    0.00    0.00    0.00    0.00    0.00  100.00
05:44:41 AM    5    0.00    0.00    0.00    0.00    0.00    0.00    0.00    0.00    0.00  100.00
05:44:41 AM    6    0.00    0.00    0.00    0.00    0.00    0.00    0.00    0.00    0.00  100.00
05:44:41 AM    7    0.00    0.00    0.00    0.00    0.00   17.82    0.00    0.00    0.00   82.18

05:44:41 AM  CPU    %usr   %nice    %sys %iowait    %irq   %soft  %steal  %guest  %gnice   %idle
05:44:42 AM  all    1.29    0.00    4.01    0.13    0.39    9.70    0.00    0.00    0.00   84.48
05:44:42 AM    0    5.88    0.00   14.12    0.00    1.18    0.00    0.00    0.00    0.00   78.82
05:44:42 AM    1    5.68    0.00   14.77    1.14    1.14    0.00    0.00    0.00    0.00   77.27
05:44:42 AM    2    0.00    0.00    0.00    0.00    0.00   21.00    0.00    0.00    0.00   79.00
05:44:42 AM    3    0.00    0.00    6.00    0.00    0.00   37.00    0.00    0.00    0.00   57.00
05:44:42 AM    4    0.00    0.00    0.00    0.00    0.00    0.00    0.00    0.00    0.00  100.00
05:44:42 AM    5    0.00    0.00    0.00    0.00    0.00    0.00    0.00    0.00    0.00  100.00
05:44:42 AM    6    0.00    0.00    0.00    0.00    0.00    0.00    0.00    0.00    0.00  100.00
05:44:42 AM    7    0.00    0.00    0.00    0.00    1.00   17.00    0.00    0.00    0.00   82.00

05:44:42 AM  CPU    %usr   %nice    %sys %iowait    %irq   %soft  %steal  %guest  %gnice   %idle
05:44:43 AM  all    1.30    0.00    3.76    0.00    0.13    9.34    0.00    0.00    0.00   85.47
05:44:43 AM    0    5.62    0.00   15.73    0.00    1.12    0.00    0.00    0.00    0.00   77.53
05:44:43 AM    1    5.95    0.00   13.10    0.00    0.00    0.00    0.00    0.00    0.00   80.95
05:44:43 AM    2    0.00    0.00    0.00    0.00    0.00   19.19    0.00    0.00    0.00   80.81
05:44:43 AM    3    0.00    0.00    4.04    0.00    0.00   36.36    0.00    0.00    0.00   59.60
05:44:43 AM    4    0.00    0.00    0.00    0.00    0.00    0.00    0.00    0.00    0.00  100.00
05:44:43 AM    5    0.00    0.00    0.00    0.00    0.00    0.00    0.00    0.00    0.00  100.00
05:44:43 AM    6    0.00    0.00    0.00    0.00    0.00    0.00    0.00    0.00    0.00  100.00
05:44:43 AM    7    0.00    0.00    0.00    0.00    0.00   17.00    0.00    0.00    0.00   83.00

05:44:43 AM  CPU    %usr   %nice    %sys %iowait    %irq   %soft  %steal  %guest  %gnice   %idle
05:44:44 AM  all    1.42    0.00    4.51    0.00    0.26    9.28    0.00    0.00    0.00   84.54
05:44:44 AM    0    5.81    0.00   16.28    0.00    0.00    0.00    0.00    0.00    0.00   77.91
05:44:44 AM    1    6.74    0.00   16.85    0.00    1.12    0.00    0.00    0.00    0.00   75.28
05:44:44 AM    2    0.00    0.00    0.00    0.00    0.00   19.00    0.00    0.00    0.00   81.00
05:44:44 AM    3    0.00    0.00    5.88    0.00    0.98   36.27    0.00    0.00    0.00   56.86
05:44:44 AM    4    0.00    0.00    0.00    0.00    0.00    0.00    0.00    0.00    0.00  100.00
05:44:44 AM    5    0.00    0.00    0.00    0.00    0.00    0.00    0.00    0.00    0.00  100.00
05:44:44 AM    6    0.00    0.00    0.00    0.00    0.00    0.00    0.00    0.00    0.00  100.00
05:44:44 AM    7    0.00    0.00    0.00    0.00    0.00   16.16    0.00    0.00    0.00   83.84

05:44:44 AM  CPU    %usr   %nice    %sys %iowait    %irq   %soft  %steal  %guest  %gnice   %idle
05:44:45 AM  all    1.29    0.00    4.66    0.00    0.13    9.57    0.00    0.00    0.00   84.35
05:44:45 AM    0    5.75    0.00   18.39    0.00    1.15    0.00    0.00    0.00    0.00   74.71
05:44:45 AM    1    5.81    0.00   17.44    0.00    0.00    0.00    0.00    0.00    0.00   76.74
05:44:45 AM    2    0.00    0.00    0.00    0.00    0.00   20.00    0.00    0.00    0.00   80.00
05:44:45 AM    3    0.00    0.00    5.00    0.00    0.00   37.00    0.00    0.00    0.00   58.00
05:44:45 AM    4    0.00    0.00    0.00    0.00    0.00    0.00    0.00    0.00    0.00  100.00
05:44:45 AM    5    0.00    0.00    0.00    0.00    0.00    0.00    0.00    0.00    0.00  100.00
05:44:45 AM    6    0.00    0.00    0.00    0.00    0.00    0.00    0.00    0.00    0.00  100.00
05:44:45 AM    7    0.00    0.00    0.00    0.00    0.00   17.00    0.00    0.00    0.00   83.00

05:44:45 AM  CPU    %usr   %nice    %sys %iowait    %irq   %soft  %steal  %guest  %gnice   %idle
05:44:46 AM  all    1.40    0.00    3.95    0.00    0.13    9.31    0.00    0.00    0.00   85.20
05:44:46 AM    0    6.59    0.00   15.38    0.00    0.00    0.00    0.00    0.00    0.00   78.02
05:44:46 AM    1    5.38    0.00   17.20    0.00    1.08    0.00    0.00    0.00    0.00   76.34
05:44:46 AM    2    0.00    0.00    0.00    0.00    0.00   19.00    0.00    0.00    0.00   81.00
05:44:46 AM    3    0.00    0.00    1.00    0.00    0.00   37.00    0.00    0.00    0.00   62.00
05:44:46 AM    4    0.00    0.00    0.00    0.00    0.00    0.00    0.00    0.00    0.00  100.00
05:44:46 AM    5    0.00    0.00    0.00    0.00    0.00    0.00    0.00    0.00    0.00  100.00
05:44:46 AM    6    0.00    0.00    0.00    0.00    0.00    0.00    0.00    0.00    0.00  100.00
05:44:46 AM    7    0.00    0.00    0.00    0.00    0.00   17.00    0.00    0.00    0.00   83.00

05:44:46 AM  CPU    %usr   %nice    %sys %iowait    %irq   %soft  %steal  %guest  %gnice   %idle
05:44:47 AM  all    1.39    0.00    3.92    0.00    0.25    9.62    0.00    0.00    0.00   84.81
05:44:47 AM    0    6.32    0.00   15.79    0.00    1.05    0.00    0.00    0.00    0.00   76.84
05:44:47 AM    1    5.32    0.00   15.96    0.00    0.00    1.06    0.00    0.00    0.00   77.66
05:44:47 AM    2    0.00    0.00    0.00    0.00    0.99   19.80    0.00    0.00    0.00   79.21
05:44:47 AM    3    0.00    0.00    1.00    0.00    0.00   38.00    0.00    0.00    0.00   61.00
05:44:47 AM    4    0.00    0.00    0.00    0.00    0.00    0.00    0.00    0.00    0.00  100.00
05:44:47 AM    5    0.00    0.00    0.00    0.00    0.00    0.00    0.00    0.00    0.00  100.00
05:44:47 AM    6    0.00    0.00    0.00    0.00    0.00    0.00    0.00    0.00    0.00  100.00
05:44:47 AM    7    0.00    0.00    0.00    0.00    0.00   17.00    0.00    0.00    0.00   83.00

05:44:47 AM  CPU    %usr   %nice    %sys %iowait    %irq   %soft  %steal  %guest  %gnice   %idle
05:44:48 AM  all    1.16    0.00    3.86    0.00    0.13    9.25    0.00    0.00    0.00   85.60
05:44:48 AM    0    5.49    0.00   15.38    0.00    0.00    0.00    0.00    0.00    0.00   79.12
05:44:48 AM    1    4.49    0.00   15.73    0.00    0.00    0.00    0.00    0.00    0.00   79.78
05:44:48 AM    2    0.00    0.00    0.00    0.00    0.00   19.19    0.00    0.00    0.00   80.81
05:44:48 AM    3    0.00    0.00    2.02    0.00    0.00   37.37    0.00    0.00    0.00   60.61
05:44:48 AM    4    0.00    0.00    0.00    0.00    0.00    0.00    0.00    0.00    0.00  100.00
05:44:48 AM    5    0.00    0.00    0.00    0.00    0.00    0.00    0.00    0.00    0.00  100.00
05:44:48 AM    6    0.00    0.00    0.00    0.00    0.00    0.00    0.00    0.00    0.00  100.00
05:44:48 AM    7    0.00    0.00    0.00    0.00    1.00   16.00    0.00    0.00    0.00   83.00

05:44:48 AM  CPU    %usr   %nice    %sys %iowait    %irq   %soft  %steal  %guest  %gnice   %idle
05:44:49 AM  all    1.16    0.00    3.72    0.00    0.39    9.63    0.00    0.00    0.00   85.11
05:44:49 AM    0    4.60    0.00   13.79    0.00    1.15    0.00    0.00    0.00    0.00   80.46
05:44:49 AM    1    5.49    0.00   16.48    0.00    1.10    0.00    0.00    0.00    0.00   76.92
05:44:49 AM    2    0.00    0.00    0.00    0.00    0.00   20.00    0.00    0.00    0.00   80.00
05:44:49 AM    3    0.00    0.00    1.98    0.00    0.99   37.62    0.00    0.00    0.00   59.41
05:44:49 AM    4    0.00    0.00    0.00    0.00    0.00    0.00    0.00    0.00    0.00  100.00
05:44:49 AM    5    0.00    0.00    0.00    0.00    0.00    0.00    0.00    0.00    0.00  100.00
05:44:49 AM    6    0.00    0.00    0.00    0.00    0.00    0.00    0.00    0.00    0.00  100.00
05:44:49 AM    7    0.00    0.00    0.00    0.00    0.00   17.00    0.00    0.00    0.00   83.00

05:44:49 AM  CPU    %usr   %nice    %sys %iowait    %irq   %soft  %steal  %guest  %gnice   %idle
05:44:50 AM  all    1.29    0.00    3.62    0.00    0.00    9.56    0.00    0.00    0.00   85.53
05:44:50 AM    0    5.75    0.00   14.94    0.00    0.00    0.00    0.00    0.00    0.00   79.31
05:44:50 AM    1    5.75    0.00   14.94    0.00    0.00    0.00    0.00    0.00    0.00   79.31
05:44:50 AM    2    0.00    0.00    0.00    0.00    0.00   19.00    0.00    0.00    0.00   81.00
05:44:50 AM    3    0.00    0.00    2.00    0.00    0.00   38.00    0.00    0.00    0.00   60.00
05:44:50 AM    4    0.00    0.00    0.00    0.00    0.00    0.00    0.00    0.00    0.00  100.00
05:44:50 AM    5    0.00    0.00    0.00    0.00    0.00    0.00    0.00    0.00    0.00  100.00
05:44:50 AM    6    0.00    0.00    0.00    0.00    0.00    0.00    0.00    0.00    0.00  100.00
05:44:50 AM    7    0.00    0.00    0.00    0.00    0.00   17.00    0.00    0.00    0.00   83.00

05:44:50 AM  CPU    %usr   %nice    %sys %iowait    %irq   %soft  %steal  %guest  %gnice   %idle
05:44:51 AM  all    1.16    0.00    3.22    0.00    0.00    9.41    0.00    0.00    0.00   86.21
05:44:51 AM    0    3.49    0.00   12.79    0.00    0.00    0.00    0.00    0.00    0.00   83.72
05:44:51 AM    1    6.59    0.00   15.38    0.00    0.00    0.00    0.00    0.00    0.00   78.02
05:44:51 AM    2    0.00    0.00    0.00    0.00    0.00   19.00    0.00    0.00    0.00   81.00
05:44:51 AM    3    0.00    0.00    0.00    0.00    0.00   37.37    0.00    0.00    0.00   62.63
05:44:51 AM    4    0.00    0.00    0.00    0.00    0.00    0.00    0.00    0.00    0.00  100.00
05:44:51 AM    5    0.00    0.00    0.00    0.00    0.00    0.00    0.00    0.00    0.00  100.00
05:44:51 AM    6    0.00    0.00    0.00    0.00    0.00    0.00    0.00    0.00    0.00  100.00
05:44:51 AM    7    0.00    0.00    0.00    0.00    0.00   17.00    0.00    0.00    0.00   83.00

05:44:51 AM  CPU    %usr   %nice    %sys %iowait    %irq   %soft  %steal  %guest  %gnice   %idle
05:44:52 AM  all    1.29    0.00    3.87    0.00    0.26    9.41    0.00    0.00    0.00   85.18
05:44:52 AM    0    5.68    0.00   14.77    0.00    1.14    0.00    0.00    0.00    0.00   78.41
05:44:52 AM    1    5.62    0.00   16.85    0.00    1.12    0.00    0.00    0.00    0.00   76.40
05:44:52 AM    2    0.00    0.00    0.00    0.00    0.00   19.00    0.00    0.00    0.00   81.00
05:44:52 AM    3    0.00    0.00    2.00    0.00    0.00   38.00    0.00    0.00    0.00   60.00
05:44:52 AM    4    0.00    0.00    0.00    0.00    0.00    0.00    0.00    0.00    0.00  100.00
05:44:52 AM    5    0.00    0.00    0.00    0.00    0.00    0.00    0.00    0.00    0.00  100.00
05:44:52 AM    6    0.00    0.00    0.00    0.00    0.00    0.00    0.00    0.00    0.00  100.00
05:44:52 AM    7    0.00    0.00    0.00    0.00    0.00   16.16    0.00    0.00    0.00   83.84

05:44:52 AM  CPU    %usr   %nice    %sys %iowait    %irq   %soft  %steal  %guest  %gnice   %idle
05:44:53 AM  all    1.30    0.00    4.27    0.00    0.00    9.59    0.00    0.00    0.00   84.84
05:44:53 AM    0    5.81    0.00   13.95    0.00    0.00    0.00    0.00    0.00    0.00   80.23
05:44:53 AM    1    5.75    0.00   16.09    0.00    0.00    0.00    0.00    0.00    0.00   78.16
05:44:53 AM    2    0.00    0.00    0.00    0.00    0.00   20.20    0.00    0.00    0.00   79.80
05:44:53 AM    3    0.00    0.00    7.00    0.00    0.00   36.00    0.00    0.00    0.00   57.00
05:44:53 AM    4    0.00    0.00    0.00    0.00    0.00    0.00    0.00    0.00    0.00  100.00
05:44:53 AM    5    0.00    0.00    0.00    0.00    0.00    0.00    0.00    0.00    0.00  100.00
05:44:53 AM    6    0.00    0.00    0.00    0.00    0.00    0.00    0.00    0.00    0.00  100.00
05:44:53 AM    7    0.00    0.00    0.00    0.00    0.00   18.00    0.00    0.00    0.00   82.00

05:44:53 AM  CPU    %usr   %nice    %sys %iowait    %irq   %soft  %steal  %guest  %gnice   %idle
05:44:54 AM  all    1.16    0.00    3.74    0.00    0.65    9.55    0.00    0.00    0.00   84.90
05:44:54 AM    0    4.76    0.00   13.10    0.00    1.19    0.00    0.00    0.00    0.00   80.95
05:44:54 AM    1    5.75    0.00   16.09    0.00    1.15    0.00    0.00    0.00    0.00   77.01
05:44:54 AM    2    0.00    0.00    0.00    0.00    0.98   19.61    0.00    0.00    0.00   79.41
05:44:54 AM    3    0.00    0.00    4.00    0.00    1.00   37.00    0.00    0.00    0.00   58.00
05:44:54 AM    4    0.00    0.00    0.00    0.00    0.00    0.00    0.00    0.00    0.00  100.00
05:44:54 AM    5    0.00    0.00    0.00    0.00    0.00    0.00    0.00    0.00    0.00  100.00
05:44:54 AM    6    0.00    0.00    0.00    0.00    0.00    0.00    0.00    0.00    0.00  100.00
05:44:54 AM    7    0.00    0.00    0.00    0.00    0.98   16.67    0.00    0.00    0.00   82.35

05:44:54 AM  CPU    %usr   %nice    %sys %iowait    %irq   %soft  %steal  %guest  %gnice   %idle
05:44:55 AM  all    1.16    0.00    4.91    0.13    0.13    9.56    0.00    0.00    0.00   84.11
05:44:55 AM    0    5.68    0.00   18.18    0.00    1.14    0.00    0.00    0.00    0.00   75.00
05:44:55 AM    1    4.65    0.00   17.44    1.16    0.00    0.00    0.00    0.00    0.00   76.74
05:44:55 AM    2    0.00    0.00    0.00    0.00    0.00   20.00    0.00    0.00    0.00   80.00
05:44:55 AM    3    0.00    0.00    6.93    0.00    0.00   36.63    0.00    0.00    0.00   56.44
05:44:55 AM    4    0.00    0.00    0.00    0.00    0.00    0.00    0.00    0.00    0.00  100.00
05:44:55 AM    5    0.00    0.00    0.00    0.00    0.00    0.00    0.00    0.00    0.00  100.00
05:44:55 AM    6    0.00    0.00    0.00    0.00    0.00    0.00    0.00    0.00    0.00  100.00
05:44:55 AM    7    0.00    0.00    0.00    0.00    0.00   17.17    0.00    0.00    0.00   82.83

05:44:55 AM  CPU    %usr   %nice    %sys %iowait    %irq   %soft  %steal  %guest  %gnice   %idle
05:44:56 AM  all    1.29    0.00    3.98    0.00    0.13   10.15    0.00    0.00    0.00   84.45
05:44:56 AM    0    5.62    0.00   15.73    0.00    0.00    1.12    0.00    0.00    0.00   77.53
05:44:56 AM    1    5.56    0.00   15.56    0.00    1.11    0.00    0.00    0.00    0.00   77.78
05:44:56 AM    2    0.00    0.00    0.00    0.00    0.00   21.21    0.00    0.00    0.00   78.79
05:44:56 AM    3    0.00    0.00    3.00    0.00    0.00   39.00    0.00    0.00    0.00   58.00
05:44:56 AM    4    0.00    0.00    0.00    0.00    0.00    0.00    0.00    0.00    0.00  100.00
05:44:56 AM    5    0.00    0.00    0.00    0.00    0.00    0.00    0.00    0.00    0.00  100.00
05:44:56 AM    6    0.00    0.00    0.00    0.00    0.00    0.00    0.00    0.00    0.00  100.00
05:44:56 AM    7    0.00    0.00    0.00    0.00    0.00   18.00    0.00    0.00    0.00   82.00

05:44:56 AM  CPU    %usr   %nice    %sys %iowait    %irq   %soft  %steal  %guest  %gnice   %idle
05:44:57 AM  all    1.17    0.00    4.41    0.00    0.13    9.47    0.00    0.00    0.00   84.82
05:44:57 AM    0    4.60    0.00   16.09    0.00    1.15    0.00    0.00    0.00    0.00   78.16
05:44:57 AM    1    5.81    0.00   16.28    0.00    0.00    0.00    0.00    0.00    0.00   77.91
05:44:57 AM    2    0.00    0.00    0.00    0.00    0.00   20.00    0.00    0.00    0.00   80.00
05:44:57 AM    3    0.00    0.00    6.06    0.00    0.00   36.36    0.00    0.00    0.00   57.58
05:44:57 AM    4    0.00    0.00    0.00    0.00    0.00    0.00    0.00    0.00    0.00  100.00
05:44:57 AM    5    0.00    0.00    0.00    0.00    0.00    0.00    0.00    0.00    0.00  100.00
05:44:57 AM    6    0.00    0.00    0.00    0.00    0.00    0.00    0.00    0.00    0.00  100.00
05:44:57 AM    7    0.00    0.00    0.00    0.00    0.00   17.17    0.00    0.00    0.00   82.83

05:44:57 AM  CPU    %usr   %nice    %sys %iowait    %irq   %soft  %steal  %guest  %gnice   %idle
05:44:58 AM  all    1.29    0.00    3.60    0.00    0.13    9.38    0.00    0.00    0.00   85.60
05:44:58 AM    0    5.75    0.00   13.79    0.00    0.00    0.00    0.00    0.00    0.00   80.46
05:44:58 AM    1    5.56    0.00   15.56    0.00    1.11    0.00    0.00    0.00    0.00   77.78
05:44:58 AM    2    0.00    0.00    0.00    0.00    0.00   19.00    0.00    0.00    0.00   81.00
05:44:58 AM    3    0.00    0.00    2.00    0.00    0.00   37.00    0.00    0.00    0.00   61.00
05:44:58 AM    4    0.00    0.00    0.00    0.00    0.00    0.00    0.00    0.00    0.00  100.00
05:44:58 AM    5    0.00    0.00    0.00    0.00    0.00    0.00    0.00    0.00    0.00  100.00
05:44:58 AM    6    0.00    0.00    0.00    0.00    0.00    0.00    0.00    0.00    0.00  100.00
05:44:58 AM    7    0.00    0.00    0.00    0.00    0.00   16.83    0.00    0.00    0.00   83.17

05:44:58 AM  CPU    %usr   %nice    %sys %iowait    %irq   %soft  %steal  %guest  %gnice   %idle
05:44:59 AM  all    1.41    0.00    3.85    0.00    0.13    9.24    0.00    0.00    0.00   85.37
05:44:59 AM    0    6.67    0.00   14.44    0.00    1.11    0.00    0.00    0.00    0.00   77.78
05:44:59 AM    1    5.49    0.00   17.58    0.00    0.00    0.00    0.00    0.00    0.00   76.92
05:44:59 AM    2    0.00    0.00    0.00    0.00    0.00   18.18    0.00    0.00    0.00   81.82
05:44:59 AM    3    0.00    0.00    1.00    0.00    0.00   38.00    0.00    0.00    0.00   61.00
05:44:59 AM    4    0.00    0.00    0.00    0.00    0.00    0.00    0.00    0.00    0.00  100.00
05:44:59 AM    5    0.00    0.00    0.00    0.00    0.00    0.00    0.00    0.00    0.00  100.00
05:44:59 AM    6    0.00    0.00    0.00    0.00    0.00    0.00    0.00    0.00    0.00  100.00
05:44:59 AM    7    0.00    0.00    0.00    0.00    0.00   16.16    0.00    0.00    0.00   83.84

05:44:59 AM  CPU    %usr   %nice    %sys %iowait    %irq   %soft  %steal  %guest  %gnice   %idle
05:45:00 AM  all    1.29    0.00    4.77    0.00    0.39    9.66    0.00    0.00    0.00   83.89
05:45:00 AM    0    4.65    0.00   18.60    0.00    0.00    0.00    0.00    0.00    0.00   76.74
05:45:00 AM    1    6.82    0.00   18.18    0.00    1.14    0.00    0.00    0.00    0.00   73.86
05:45:00 AM    2    0.00    0.00    0.00    0.00    0.00   20.00    0.00    0.00    0.00   80.00
05:45:00 AM    3    0.00    0.00    4.95    0.00    0.99   36.63    0.00    0.00    0.00   57.43
05:45:00 AM    4    0.00    0.00    0.00    0.00    0.00    0.00    0.00    0.00    0.00  100.00
05:45:00 AM    5    0.00    0.00    0.00    0.00    0.00    0.00    0.00    0.00    0.00  100.00
05:45:00 AM    6    0.00    0.00    0.00    0.00    0.00    0.00    0.00    0.00    0.00  100.00
05:45:00 AM    7    0.00    0.00    0.00    0.00    0.99   17.82    0.00    0.00    0.00   81.19

05:45:00 AM  CPU    %usr   %nice    %sys %iowait    %irq   %soft  %steal  %guest  %gnice   %idle
05:45:01 AM  all    1.16    0.00    4.27    0.00    0.13    9.83    0.00    0.00    0.00   84.61
05:45:01 AM    0    5.81    0.00   13.95    0.00    1.16    0.00    0.00    0.00    0.00   79.07
05:45:01 AM    1    4.60    0.00   17.24    0.00    0.00    0.00    0.00    0.00    0.00   78.16
05:45:01 AM    2    0.00    0.00    0.00    0.00    0.00   21.00    0.00    0.00    0.00   79.00
05:45:01 AM    3    0.00    0.00    5.00    0.00    0.00   38.00    0.00    0.00    0.00   57.00
05:45:01 AM    4    0.00    0.00    0.00    0.00    0.00    0.00    0.00    0.00    0.00  100.00
05:45:01 AM    5    0.00    0.00    0.00    0.00    0.00    0.00    0.00    0.00    0.00  100.00
05:45:01 AM    6    0.00    0.00    0.00    0.00    0.00    0.00    0.00    0.00    0.00  100.00
05:45:01 AM    7    0.00    0.00    1.00    0.00    0.00   17.00    0.00    0.00    0.00   82.00

05:45:01 AM  CPU    %usr   %nice    %sys %iowait    %irq   %soft  %steal  %guest  %gnice   %idle
05:45:02 AM  all    1.53    0.00    3.83    0.00    0.26    9.32    0.00    0.00    0.00   85.06
05:45:02 AM    0    6.67    0.00   15.56    0.00    0.00    0.00    0.00    0.00    0.00   77.78
05:45:02 AM    1    6.59    0.00   15.38    0.00    1.10    0.00    0.00    0.00    0.00   76.92
05:45:02 AM    2    0.00    0.00    0.00    0.00    0.99   18.81    0.00    0.00    0.00   80.20
05:45:02 AM    3    0.00    0.00    2.00    0.00    0.00   37.00    0.00    0.00    0.00   61.00
05:45:02 AM    4    0.00    0.00    0.00    0.00    0.00    0.00    0.00    0.00    0.00  100.00
05:45:02 AM    5    0.00    0.00    0.00    0.00    0.00    0.00    0.00    0.00    0.00  100.00
05:45:02 AM    6    0.00    0.00    0.00    0.00    0.00    0.00    0.00    0.00    0.00  100.00
05:45:02 AM    7    0.00    0.00    0.00    0.00    0.00   16.83    0.00    0.00    0.00   83.17

05:45:02 AM  CPU    %usr   %nice    %sys %iowait    %irq   %soft  %steal  %guest  %gnice   %idle
05:45:03 AM  all    1.42    0.00    4.53    0.13    0.13    9.83    0.00    0.00    0.00   83.96
05:45:03 AM    0    6.74    0.00   17.98    1.12    1.12    0.00    0.00    0.00    0.00   73.03
05:45:03 AM    1    5.81    0.00   18.60    0.00    0.00    0.00    0.00    0.00    0.00   75.58
05:45:03 AM    2    0.00    0.00    0.00    0.00    0.00   20.00    0.00    0.00    0.00   80.00
05:45:03 AM    3    0.00    0.00    3.03    0.00    0.00   39.39    0.00    0.00    0.00   57.58
05:45:03 AM    4    0.00    0.00    0.00    0.00    0.00    0.00    0.00    0.00    0.00  100.00
05:45:03 AM    5    0.00    0.00    0.00    0.00    0.00    0.00    0.00    0.00    0.00  100.00
05:45:03 AM    6    0.00    0.00    0.00    0.00    0.00    0.00    0.00    0.00    0.00  100.00
05:45:03 AM    7    0.00    0.00    0.00    0.00    0.00   17.17    0.00    0.00    0.00   82.83

05:45:03 AM  CPU    %usr   %nice    %sys %iowait    %irq   %soft  %steal  %guest  %gnice   %idle
05:45:04 AM  all    1.17    0.00    2.87    0.00    0.26    9.65    0.00    0.00    0.00   86.05
05:45:04 AM    0    6.02    0.00   10.84    0.00    1.20    0.00    0.00    0.00    0.00   81.93
05:45:04 AM    1    4.71    0.00   15.29    0.00    1.18    0.00    0.00    0.00    0.00   78.82
05:45:04 AM    2    0.00    0.00    0.00    0.00    0.00   19.19    0.00    0.00    0.00   80.81
05:45:04 AM    3    0.00    0.00    0.00    0.00    0.00   39.00    0.00    0.00    0.00   61.00
05:45:04 AM    4    0.00    0.00    0.00    0.00    0.00    0.00    0.00    0.00    0.00  100.00
05:45:04 AM    5    0.00    0.00    0.00    0.00    0.00    0.00    0.00    0.00    0.00  100.00
05:45:04 AM    6    0.00    0.00    0.00    0.00    0.00    0.00    0.00    0.00    0.00  100.00
05:45:04 AM    7    0.00    0.00    0.00    0.00    0.00   16.00    0.00    0.00    0.00   84.00

05:45:04 AM  CPU    %usr   %nice    %sys %iowait    %irq   %soft  %steal  %guest  %gnice   %idle
05:45:05 AM  all    1.29    0.00    3.35    0.00    0.13    9.92    0.00    0.00    0.00   85.31
05:45:05 AM    0    5.81    0.00   12.79    0.00    0.00    0.00    0.00    0.00    0.00   81.40
05:45:05 AM    1    5.62    0.00   16.85    0.00    0.00    0.00    0.00    0.00    0.00   77.53
05:45:05 AM    2    0.00    0.00    0.00    0.00    0.00   20.00    0.00    0.00    0.00   80.00
05:45:05 AM    3    0.00    0.00    0.00    0.00    0.99   39.60    0.00    0.00    0.00   59.41
05:45:05 AM    4    0.00    0.00    0.00    0.00    0.00    0.00    0.00    0.00    0.00  100.00
05:45:05 AM    5    0.00    0.00    0.00    0.00    0.00    0.00    0.00    0.00    0.00  100.00
05:45:05 AM    6    0.00    0.00    0.00    0.00    0.00    0.00    0.00    0.00    0.00  100.00
05:45:05 AM    7    0.00    0.00    0.00    0.00    0.00   17.00    0.00    0.00    0.00   83.00

05:45:05 AM  CPU    %usr   %nice    %sys %iowait    %irq   %soft  %steal  %guest  %gnice   %idle
05:45:06 AM  all    1.03    0.00    3.88    0.00    0.39    9.44    0.00    0.00    0.00   85.25
05:45:06 AM    0    3.53    0.00   15.29    0.00    1.18    0.00    0.00    0.00    0.00   80.00
05:45:06 AM    1    5.75    0.00   14.94    0.00    1.15    0.00    0.00    0.00    0.00   78.16
05:45:06 AM    2    0.00    0.00    0.00    0.00    0.00   19.00    0.00    0.00    0.00   81.00
05:45:06 AM    3    0.00    0.00    4.00    0.00    0.00   37.00    0.00    0.00    0.00   59.00
05:45:06 AM    4    0.00    0.00    0.00    0.00    0.00    0.00    0.00    0.00    0.00  100.00
05:45:06 AM    5    0.00    0.00    0.00    0.00    0.00    0.00    0.00    0.00    0.00  100.00
05:45:06 AM    6    0.00    0.00    0.00    0.00    0.00    0.00    0.00    0.00    0.00  100.00
05:45:06 AM    7    0.00    0.00    0.00    0.00    0.99   16.83    0.00    0.00    0.00   82.18

05:45:06 AM  CPU    %usr   %nice    %sys %iowait    %irq   %soft  %steal  %guest  %gnice   %idle
05:45:07 AM  all    1.17    0.00    4.15    0.00    0.13    9.73    0.00    0.00    0.00   84.82
05:45:07 AM    0    5.75    0.00   16.09    0.00    1.15    0.00    0.00    0.00    0.00   77.01
05:45:07 AM    1    4.71    0.00   15.29    0.00    0.00    1.18    0.00    0.00    0.00   78.82
05:45:07 AM    2    0.00    0.00    0.00    0.00    0.00   20.00    0.00    0.00    0.00   80.00
05:45:07 AM    3    0.00    0.00    5.00    0.00    0.00   37.00    0.00    0.00    0.00   58.00
05:45:07 AM    4    0.00    0.00    0.00    0.00    0.00    0.00    0.00    0.00    0.00  100.00
05:45:07 AM    5    0.00    0.00    0.00    0.00    0.00    0.00    0.00    0.00    0.00  100.00
05:45:07 AM    6    0.00    0.00    0.00    0.00    0.00    0.00    0.00    0.00    0.00  100.00
05:45:07 AM    7    0.00    0.00    0.00    0.00    0.00   17.17    0.00    0.00    0.00   82.83

05:45:07 AM  CPU    %usr   %nice    %sys %iowait    %irq   %soft  %steal  %guest  %gnice   %idle
05:45:08 AM  all    1.03    0.00    4.52    0.13    0.26    9.55    0.00    0.00    0.00   84.52
05:45:08 AM    0    4.65    0.00   18.60    1.16    0.00    0.00    0.00    0.00    0.00   75.58
05:45:08 AM    1    4.60    0.00   16.09    0.00    1.15    0.00    0.00    0.00    0.00   78.16
05:45:08 AM    2    0.00    0.00    0.00    0.00    0.99   19.80    0.00    0.00    0.00   79.21
05:45:08 AM    3    0.00    0.00    5.00    0.00    0.00   37.00    0.00    0.00    0.00   58.00
05:45:08 AM    4    0.00    0.00    0.00    0.00    0.00    0.00    0.00    0.00    0.00  100.00
05:45:08 AM    5    0.00    0.00    0.00    0.00    0.00    0.00    0.00    0.00    0.00  100.00
05:45:08 AM    6    0.00    0.00    0.00    0.00    0.00    0.00    0.00    0.00    0.00  100.00
05:45:08 AM    7    0.00    0.00    0.00    0.00    0.00   16.83    0.00    0.00    0.00   83.17

05:45:08 AM  CPU    %usr   %nice    %sys %iowait    %irq   %soft  %steal  %guest  %gnice   %idle
05:45:09 AM  all    1.42    0.00    4.76    0.13    0.13    9.52    0.00    0.00    0.00   84.04
05:45:09 AM    0    5.75    0.00   18.39    0.00    1.15    0.00    0.00    0.00    0.00   74.71
05:45:09 AM    1    6.59    0.00   20.88    1.10    0.00    0.00    0.00    0.00    0.00   71.43
05:45:09 AM    2    0.00    0.00    0.00    0.00    0.00   19.00    0.00    0.00    0.00   81.00
05:45:09 AM    3    0.00    0.00    2.00    0.00    0.00   39.00    0.00    0.00    0.00   59.00
05:45:09 AM    4    0.00    0.00    0.00    0.00    0.00    0.00    0.00    0.00    0.00  100.00
05:45:09 AM    5    0.00    0.00    0.00    0.00    0.00    0.00    0.00    0.00    0.00  100.00
05:45:09 AM    6    0.00    0.00    0.00    0.00    0.00    0.00    0.00    0.00    0.00  100.00
05:45:09 AM    7    0.00    0.00    0.00    0.00    0.00   16.16    0.00    0.00    0.00   83.84

05:45:09 AM  CPU    %usr   %nice    %sys %iowait    %irq   %soft  %steal  %guest  %gnice   %idle
05:45:10 AM  all    1.17    0.00    4.81    0.00    0.26    9.35    0.00    0.00    0.00   84.42
05:45:10 AM    0    4.71    0.00   17.65    0.00    1.18    0.00    0.00    0.00    0.00   76.47
05:45:10 AM    1    5.75    0.00   18.39    0.00    1.15    0.00    0.00    0.00    0.00   74.71
05:45:10 AM    2    0.00    0.00    0.00    0.00    0.00   19.19    0.00    0.00    0.00   80.81
05:45:10 AM    3    0.00    0.00    6.06    0.00    0.00   36.36    0.00    0.00    0.00   57.58
05:45:10 AM    4    0.00    0.00    0.00    0.00    0.00    0.00    0.00    0.00    0.00  100.00
05:45:10 AM    5    0.00    0.00    0.00    0.00    0.00    0.00    0.00    0.00    0.00  100.00
05:45:10 AM    6    0.00    0.00    0.00    0.00    0.00    0.00    0.00    0.00    0.00  100.00
05:45:10 AM    7    0.00    0.00    0.00    0.00    0.00   17.00    0.00    0.00    0.00   83.00

05:45:10 AM  CPU    %usr   %nice    %sys %iowait    %irq   %soft  %steal  %guest  %gnice   %idle
05:45:11 AM  all    1.03    0.00    3.49    0.00    0.13    9.83    0.00    0.00    0.00   85.51
05:45:11 AM    0    5.68    0.00   14.77    0.00    0.00    0.00    0.00    0.00    0.00   79.55
05:45:11 AM    1    3.57    0.00   14.29    0.00    0.00    0.00    0.00    0.00    0.00   82.14
05:45:11 AM    2    0.00    0.00    0.00    0.00    0.00   20.00    0.00    0.00    0.00   80.00
05:45:11 AM    3    0.00    0.00    1.96    0.00    0.98   38.24    0.00    0.00    0.00   58.82
05:45:11 AM    4    0.00    0.00    0.00    0.00    0.00    0.00    0.00    0.00    0.00  100.00
05:45:11 AM    5    0.00    0.00    0.00    0.00    0.00    0.00    0.00    0.00    0.00  100.00
05:45:11 AM    6    0.00    0.00    0.00    0.00    0.00    0.00    0.00    0.00    0.00  100.00
05:45:11 AM    7    0.00    0.00    0.00    0.00    0.00   17.17    0.00    0.00    0.00   82.83

05:45:11 AM  CPU    %usr   %nice    %sys %iowait    %irq   %soft  %steal  %guest  %gnice   %idle
05:45:12 AM  all    1.16    0.00    3.35    0.00    0.26    9.42    0.00    0.00    0.00   85.81
05:45:12 AM    0    4.71    0.00   12.94    0.00    1.18    0.00    0.00    0.00    0.00   81.18
05:45:12 AM    1    5.62    0.00   14.61    0.00    1.12    0.00    0.00    0.00    0.00   78.65
05:45:12 AM    2    0.00    0.00    0.00    0.00    0.00   19.00    0.00    0.00    0.00   81.00
05:45:12 AM    3    0.00    0.00    2.00    0.00    0.00   37.00    0.00    0.00    0.00   61.00
05:45:12 AM    4    0.00    0.00    0.00    0.00    0.00    0.00    0.00    0.00    0.00  100.00
05:45:12 AM    5    0.00    0.00    0.00    0.00    0.00    0.00    0.00    0.00    0.00  100.00
05:45:12 AM    6    0.00    0.00    0.00    0.00    0.00    0.00    0.00    0.00    0.00  100.00
05:45:12 AM    7    0.00    0.00    0.00    0.00    0.00   16.83    0.00    0.00    0.00   83.17

05:45:12 AM  CPU    %usr   %nice    %sys %iowait    %irq   %soft  %steal  %guest  %gnice   %idle
05:45:13 AM  all    1.17    0.00    3.51    0.00    0.13    9.48    0.00    0.00    0.00   85.71
05:45:13 AM    0    4.76    0.00   14.29    0.00    0.00    0.00    0.00    0.00    0.00   80.95
05:45:13 AM    1    5.81    0.00   15.12    0.00    0.00    0.00    0.00    0.00    0.00   79.07
05:45:13 AM    2    0.00    0.00    0.00    0.00    0.00   19.00    0.00    0.00    0.00   81.00
05:45:13 AM    3    0.00    0.00    2.00    0.00    0.00   38.00    0.00    0.00    0.00   60.00
05:45:13 AM    4    0.00    0.00    0.00    0.00    0.00    0.00    0.00    0.00    0.00  100.00
05:45:13 AM    5    0.00    0.00    0.00    0.00    0.00    0.00    0.00    0.00    0.00  100.00
05:45:13 AM    6    0.00    0.00    0.00    0.00    0.00    0.00    0.00    0.00    0.00  100.00
05:45:13 AM    7    0.00    0.00    0.00    0.00    1.00   16.00    0.00    0.00    0.00   83.00

05:45:13 AM  CPU    %usr   %nice    %sys %iowait    %irq   %soft  %steal  %guest  %gnice   %idle
05:45:14 AM  all    1.15    0.00    3.59    0.00    0.26    9.35    0.00    0.00    0.00   85.66
05:45:14 AM    0    5.49    0.00   14.29    0.00    0.00    0.00    0.00    0.00    0.00   80.22
05:45:14 AM    1    4.49    0.00   14.61    0.00    1.12    0.00    0.00    0.00    0.00   79.78
05:45:14 AM    2    0.00    0.00    0.98    0.00    0.98   18.63    0.00    0.00    0.00   79.41
05:45:14 AM    3    0.00    0.00    1.01    0.00    0.00   37.37    0.00    0.00    0.00   61.62
05:45:14 AM    4    0.00    0.00    0.00    0.00    0.00    0.00    0.00    0.00    0.00  100.00
05:45:14 AM    5    0.00    0.00    0.00    0.00    0.00    0.00    0.00    0.00    0.00  100.00
05:45:14 AM    6    0.00    0.00    0.00    0.00    0.00    0.00    0.00    0.00    0.00  100.00
05:45:14 AM    7    0.00    0.00    0.00    0.00    0.00   17.00    0.00    0.00    0.00   83.00

05:45:14 AM  CPU    %usr   %nice    %sys %iowait    %irq   %soft  %steal  %guest  %gnice   %idle
05:45:15 AM  all    1.03    0.00    3.36    0.13    0.13    9.44    0.00    0.00    0.00   85.90
05:45:15 AM    0    4.55    0.00   13.64    1.14    1.14    0.00    0.00    0.00    0.00   79.55
05:45:15 AM    1    4.60    0.00   16.09    0.00    0.00    0.00    0.00    0.00    0.00   79.31
05:45:15 AM    2    0.00    0.00    0.00    0.00    0.00   19.00    0.00    0.00    0.00   81.00
05:45:15 AM    3    0.00    0.00    0.00    0.00    0.00   38.38    0.00    0.00    0.00   61.62
05:45:15 AM    4    0.00    0.00    0.00    0.00    0.00    0.00    0.00    0.00    0.00  100.00
05:45:15 AM    5    0.00    0.00    0.00    0.00    0.00    0.00    0.00    0.00    0.00  100.00
05:45:15 AM    6    0.00    0.00    0.00    0.00    0.00    0.00    0.00    0.00    0.00  100.00
05:45:15 AM    7    0.00    0.00    0.00    0.00    0.00   16.16    0.00    0.00    0.00   83.84

05:45:15 AM  CPU    %usr   %nice    %sys %iowait    %irq   %soft  %steal  %guest  %gnice   %idle
05:45:16 AM  all    1.15    0.00    3.45    0.00    0.26    9.46    0.00    0.00    0.00   85.68
05:45:16 AM    0    5.49    0.00   14.29    0.00    0.00    0.00    0.00    0.00    0.00   80.22
05:45:16 AM    1    4.49    0.00   13.48    0.00    0.00    0.00    0.00    0.00    0.00   82.02
05:45:16 AM    2    0.00    0.00    0.00    0.00    0.00   19.19    0.00    0.00    0.00   80.81
05:45:16 AM    3    0.00    0.00    1.96    0.00    0.98   37.25    0.00    0.00    0.00   59.80
05:45:16 AM    4    0.00    0.00    0.00    0.00    0.99    0.00    0.00    0.00    0.00   99.01
05:45:16 AM    5    0.00    0.00    0.00    0.00    0.00    0.00    0.00    0.00    0.00  100.00
05:45:16 AM    6    0.00    0.00    0.00    0.00    0.00    0.00    0.00    0.00    0.00  100.00
05:45:16 AM    7    0.00    0.00    0.00    0.00    0.00   17.00    0.00    0.00    0.00   83.00

05:45:16 AM  CPU    %usr   %nice    %sys %iowait    %irq   %soft  %steal  %guest  %gnice   %idle
05:45:17 AM  all    1.40    0.00    4.84    0.00    0.25    9.43    0.00    0.00    0.00   84.08
05:45:17 AM    0    5.38    0.00   19.35    0.00    1.08    1.08    0.00    0.00    0.00   73.12
05:45:17 AM    1    6.52    0.00   18.48    0.00    1.09    0.00    0.00    0.00    0.00   73.91
05:45:17 AM    2    0.00    0.00    0.00    0.00    0.00   19.00    0.00    0.00    0.00   81.00
05:45:17 AM    3    0.00    0.00    3.00    0.00    0.00   37.00    0.00    0.00    0.00   60.00
05:45:17 AM    4    0.00    0.00    0.00    0.00    0.00    0.00    0.00    0.00    0.00  100.00
05:45:17 AM    5    0.00    0.00    0.00    0.00    0.00    0.00    0.00    0.00    0.00  100.00
05:45:17 AM    6    0.00    0.00    0.00    0.00    0.00    0.00    0.00    0.00    0.00  100.00
05:45:17 AM    7    0.00    0.00    0.00    0.00    0.00   17.00    0.00    0.00    0.00   83.00

05:45:17 AM  CPU    %usr   %nice    %sys %iowait    %irq   %soft  %steal  %guest  %gnice   %idle
05:45:18 AM  all    1.56    0.00    4.41    0.00    0.00    9.60    0.00    0.00    0.00   84.44
05:45:18 AM    0    8.05    0.00   17.24    0.00    0.00    0.00    0.00    0.00    0.00   74.71
05:45:18 AM    1    5.95    0.00   17.86    0.00    0.00    0.00    0.00    0.00    0.00   76.19
05:45:18 AM    2    0.00    0.00    0.00    0.00    0.00   19.00    0.00    0.00    0.00   81.00
05:45:18 AM    3    0.00    0.00    4.00    0.00    0.00   38.00    0.00    0.00    0.00   58.00
05:45:18 AM    4    0.00    0.00    0.00    0.00    0.00    0.00    0.00    0.00    0.00  100.00
05:45:18 AM    5    0.00    0.00    0.00    0.00    0.00    0.00    0.00    0.00    0.00  100.00
05:45:18 AM    6    0.00    0.00    0.00    0.00    0.00    0.00    0.00    0.00    0.00  100.00
05:45:18 AM    7    0.00    0.00    0.00    0.00    0.00   17.00    0.00    0.00    0.00   83.00

05:45:18 AM  CPU    %usr   %nice    %sys %iowait    %irq   %soft  %steal  %guest  %gnice   %idle
05:45:19 AM  all    1.16    0.00    3.49    0.00    0.39    9.44    0.00    0.00    0.00   85.51
05:45:19 AM    0    5.75    0.00   13.79    0.00    1.15    0.00    0.00    0.00    0.00   79.31
05:45:19 AM    1    4.55    0.00   17.05    0.00    1.14    0.00    0.00    0.00    0.00   77.27
05:45:19 AM    2    0.00    0.00    0.00    0.00    0.00   19.00    0.00    0.00    0.00   81.00
05:45:19 AM    3    0.00    0.00    0.00    0.00    0.00   38.78    0.00    0.00    0.00   61.22
05:45:19 AM    4    0.00    0.00    0.00    0.00    0.00    0.00    0.00    0.00    0.00  100.00
05:45:19 AM    5    0.00    0.00    0.00    0.00    0.00    0.00    0.00    0.00    0.00  100.00
05:45:19 AM    6    0.00    0.00    0.00    0.00    0.00    0.00    0.00    0.00    0.00  100.00
05:45:19 AM    7    0.00    0.00    0.00    0.00    1.00   16.00    0.00    0.00    0.00   83.00

05:45:19 AM  CPU    %usr   %nice    %sys %iowait    %irq   %soft  %steal  %guest  %gnice   %idle
05:45:20 AM  all    1.41    0.00    3.07    0.00    0.13    9.48    0.00    0.00    0.00   85.92
05:45:20 AM    0    5.62    0.00   13.48    0.00    0.00    0.00    0.00    0.00    0.00   80.90
05:45:20 AM    1    6.67    0.00   13.33    0.00    0.00    0.00    0.00    0.00    0.00   80.00
05:45:20 AM    2    0.00    0.00    0.00    0.00    0.99   18.81    0.00    0.00    0.00   80.20
05:45:20 AM    3    0.00    0.00    0.00    0.00    0.00   38.00    0.00    0.00    0.00   62.00
05:45:20 AM    4    0.00    0.00    0.00    0.00    0.00    0.00    0.00    0.00    0.00  100.00
05:45:20 AM    5    0.00    0.00    0.00    0.00    0.00    0.00    0.00    0.00    0.00  100.00
05:45:20 AM    6    0.00    0.00    0.00    0.00    0.00    0.00    0.00    0.00    0.00  100.00
05:45:20 AM    7    0.00    0.00    0.00    0.00    0.00   16.83    0.00    0.00    0.00   83.17

05:45:20 AM  CPU    %usr   %nice    %sys %iowait    %irq   %soft  %steal  %guest  %gnice   %idle
05:45:21 AM  all    1.55    0.00    4.25    0.00    0.26    9.79    0.00    0.00    0.00   84.15
05:45:21 AM    0    7.95    0.00   15.91    0.00    1.14    0.00    0.00    0.00    0.00   75.00
05:45:21 AM    1    5.75    0.00   18.39    0.00    0.00    0.00    0.00    0.00    0.00   75.86
05:45:21 AM    2    0.00    0.00    0.00    0.00    0.00   20.00    0.00    0.00    0.00   80.00
05:45:21 AM    3    0.00    0.00    2.94    0.00    0.98   38.24    0.00    0.00    0.00   57.84
05:45:21 AM    4    0.00    0.00    0.00    0.00    0.00    0.00    0.00    0.00    0.00  100.00
05:45:21 AM    5    0.00    0.00    0.00    0.00    0.00    0.00    0.00    0.00    0.00  100.00
05:45:21 AM    6    0.00    0.00    0.00    0.00    0.00    0.00    0.00    0.00    0.00  100.00
05:45:21 AM    7    0.00    0.00    0.00    0.00    0.00   17.17    0.00    0.00    0.00   82.83

05:45:21 AM  CPU    %usr   %nice    %sys %iowait    %irq   %soft  %steal  %guest  %gnice   %idle
05:45:22 AM  all    0.91    0.00    3.51    0.00    0.13    9.48    0.00    0.00    0.00   85.97
05:45:22 AM    0    4.65    0.00   15.12    0.00    0.00    0.00    0.00    0.00    0.00   80.23
05:45:22 AM    1    3.53    0.00   15.29    0.00    1.18    0.00    0.00    0.00    0.00   80.00
05:45:22 AM    2    0.00    0.00    0.00    0.00    0.00   18.18    0.00    0.00    0.00   81.82
05:45:22 AM    3    0.00    0.00    1.00    0.00    0.00   39.00    0.00    0.00    0.00   60.00
05:45:22 AM    4    0.00    0.00    0.00    0.00    0.00    0.00    0.00    0.00    0.00  100.00
05:45:22 AM    5    0.00    0.00    0.00    0.00    0.00    0.00    0.00    0.00    0.00  100.00
05:45:22 AM    6    0.00    0.00    0.00    0.00    0.00    0.00    0.00    0.00    0.00  100.00
05:45:22 AM    7    0.00    0.00    0.00    0.00    0.00   16.00    0.00    0.00    0.00   84.00

05:45:22 AM  CPU    %usr   %nice    %sys %iowait    %irq   %soft  %steal  %guest  %gnice   %idle
05:45:23 AM  all    1.29    0.00    4.77    0.00    0.26    9.42    0.00    0.00    0.00   84.26
05:45:23 AM    0    4.65    0.00   19.77    0.00    1.16    0.00    0.00    0.00    0.00   74.42
05:45:23 AM    1    6.74    0.00   17.98    0.00    1.12    0.00    0.00    0.00    0.00   74.16
05:45:23 AM    2    0.00    0.00    0.00    0.00    0.00   19.00    0.00    0.00    0.00   81.00
05:45:23 AM    3    0.00    0.00    4.00    0.00    0.00   37.00    0.00    0.00    0.00   59.00
05:45:23 AM    4    0.00    0.00    0.00    0.00    0.00    0.00    0.00    0.00    0.00  100.00
05:45:23 AM    5    0.00    0.00    0.00    0.00    0.00    0.00    0.00    0.00    0.00  100.00
05:45:23 AM    6    0.00    0.00    0.00    0.00    0.00    0.00    0.00    0.00    0.00  100.00
05:45:23 AM    7    0.00    0.00    0.00    0.00    0.00   17.00    0.00    0.00    0.00   83.00

05:45:23 AM  CPU    %usr   %nice    %sys %iowait    %irq   %soft  %steal  %guest  %gnice   %idle
05:45:24 AM  all    1.30    0.00    3.63    0.00    0.13    9.59    0.00    0.00    0.00   85.36
05:45:24 AM    0    5.68    0.00   15.91    0.00    1.14    0.00    0.00    0.00    0.00   77.27
05:45:24 AM    1    5.88    0.00   14.12    0.00    0.00    0.00    0.00    0.00    0.00   80.00
05:45:24 AM    2    0.00    0.00    0.00    0.00    0.00   19.19    0.00    0.00    0.00   80.81
05:45:24 AM    3    0.00    0.00    2.00    0.00    0.00   38.00    0.00    0.00    0.00   60.00
05:45:24 AM    4    0.00    0.00    0.00    0.00    0.00    0.00    0.00    0.00    0.00  100.00
05:45:24 AM    5    0.00    0.00    0.00    0.00    0.00    0.00    0.00    0.00    0.00  100.00
05:45:24 AM    6    0.00    0.00    0.00    0.00    0.00    0.00    0.00    0.00    0.00  100.00
05:45:24 AM    7    0.00    0.00    0.00    0.00    0.00   17.00    0.00    0.00    0.00   83.00

05:45:24 AM  CPU    %usr   %nice    %sys %iowait    %irq   %soft  %steal  %guest  %gnice   %idle
05:45:25 AM  all    1.29    0.00    3.75    0.00    0.13    9.43    0.00    0.00    0.00   85.40
05:45:25 AM    0    5.88    0.00   12.94    0.00    0.00    0.00    0.00    0.00    0.00   81.18
05:45:25 AM    1    5.56    0.00   16.67    0.00    1.11    0.00    0.00    0.00    0.00   76.67
05:45:25 AM    2    0.00    0.00    0.00    0.00    0.00   19.80    0.00    0.00    0.00   80.20
05:45:25 AM    3    0.00    0.00    3.03    0.00    0.00   37.37    0.00    0.00    0.00   59.60
05:45:25 AM    4    0.00    0.00    0.00    0.00    0.00    0.00    0.00    0.00    0.00  100.00
05:45:25 AM    5    0.00    0.00    0.00    0.00    0.00    0.00    0.00    0.00    0.00  100.00
05:45:25 AM    6    0.00    0.00    0.00    0.00    0.00    0.00    0.00    0.00    0.00  100.00
05:45:25 AM    7    0.00    0.00    0.00    0.00    0.00   16.16    0.00    0.00    0.00   83.84

05:45:25 AM  CPU    %usr   %nice    %sys %iowait    %irq   %soft  %steal  %guest  %gnice   %idle
05:45:26 AM  all    1.03    0.00    4.00    0.00    0.26    9.55    0.00    0.00    0.00   85.16
05:45:26 AM    0    3.49    0.00   15.12    0.00    1.16    0.00    0.00    0.00    0.00   80.23
05:45:26 AM    1    5.68    0.00   14.77    0.00    0.00    0.00    0.00    0.00    0.00   79.55
05:45:26 AM    2    0.00    0.00    0.00    0.00    0.00   20.00    0.00    0.00    0.00   80.00
05:45:26 AM    3    0.00    0.00    5.00    0.00    0.00   37.00    0.00    0.00    0.00   58.00
05:45:26 AM    4    0.00    0.00    0.00    0.00    0.00    0.00    0.00    0.00    0.00  100.00
05:45:26 AM    5    0.00    0.00    0.00    0.00    0.00    0.00    0.00    0.00    0.00  100.00
05:45:26 AM    6    0.00    0.00    0.00    0.00    0.00    0.00    0.00    0.00    0.00  100.00
05:45:26 AM    7    0.00    0.00    0.00    0.00    0.99   16.83    0.00    0.00    0.00   82.18

05:45:26 AM  CPU    %usr   %nice    %sys %iowait    %irq   %soft  %steal  %guest  %gnice   %idle
05:45:27 AM  all    1.28    0.00    4.11    0.13    0.26    9.37    0.00    0.00    0.00   84.85
05:45:27 AM    0    5.75    0.00   14.94    0.00    0.00    0.00    0.00    0.00    0.00   79.31
05:45:27 AM    1    5.49    0.00   16.48    1.10    0.00    1.10    0.00    0.00    0.00   75.82
05:45:27 AM    2    0.00    0.00    0.00    0.00    1.00   19.00    0.00    0.00    0.00   80.00
05:45:27 AM    3    0.00    0.00    3.96    0.00    0.99   35.64    0.00    0.00    0.00   59.41
05:45:27 AM    4    0.00    0.00    0.00    0.00    0.00    0.00    0.00    0.00    0.00  100.00
05:45:27 AM    5    0.00    0.00    0.00    0.00    0.00    0.00    0.00    0.00    0.00  100.00
05:45:27 AM    6    0.00    0.00    0.00    0.00    0.00    0.00    0.00    0.00    0.00  100.00
05:45:27 AM    7    0.00    0.00    0.00    0.00    0.00   17.00    0.00    0.00    0.00   83.00

05:45:27 AM  CPU    %usr   %nice    %sys %iowait    %irq   %soft  %steal  %guest  %gnice   %idle
05:45:28 AM  all    1.29    0.00    3.74    0.13    0.26    9.54    0.00    0.00    0.00   85.05
05:45:28 AM    0    5.68    0.00   14.77    1.14    1.14    0.00    0.00    0.00    0.00   77.27
05:45:28 AM    1    5.62    0.00   16.85    0.00    1.12    0.00    0.00    0.00    0.00   76.40
05:45:28 AM    2    0.00    0.00    0.00    0.00    0.00   19.00    0.00    0.00    0.00   81.00
05:45:28 AM    3    0.00    0.00    1.01    0.00    0.00   38.38    0.00    0.00    0.00   60.61
05:45:28 AM    4    0.00    0.00    0.00    0.00    0.00    0.00    0.00    0.00    0.00  100.00
05:45:28 AM    5    0.00    0.00    0.00    0.00    0.00    0.00    0.00    0.00    0.00  100.00
05:45:28 AM    6    0.00    0.00    0.00    0.00    0.00    0.00    0.00    0.00    0.00  100.00
05:45:28 AM    7    0.00    0.00    0.00    0.00    0.00   17.00    0.00    0.00    0.00   83.00

05:45:28 AM  CPU    %usr   %nice    %sys %iowait    %irq   %soft  %steal  %guest  %gnice   %idle
05:45:29 AM  all    1.29    0.00    3.49    0.00    0.00    9.69    0.00    0.00    0.00   85.53
05:45:29 AM    0    5.81    0.00   12.79    0.00    0.00    0.00    0.00    0.00    0.00   81.40
05:45:29 AM    1    5.68    0.00   15.91    0.00    0.00    0.00    0.00    0.00    0.00   78.41
05:45:29 AM    2    0.00    0.00    0.00    0.00    0.00   19.19    0.00    0.00    0.00   80.81
05:45:29 AM    3    0.00    0.00    1.98    0.00    0.00   38.61    0.00    0.00    0.00   59.41
05:45:29 AM    4    0.00    0.00    0.00    0.00    0.00    0.00    0.00    0.00    0.00  100.00
05:45:29 AM    5    0.00    0.00    0.00    0.00    0.00    0.00    0.00    0.00    0.00  100.00
05:45:29 AM    6    0.00    0.00    0.00    0.00    0.00    0.00    0.00    0.00    0.00  100.00
05:45:29 AM    7    0.00    0.00    0.00    0.00    0.00   17.00    0.00    0.00    0.00   83.00

05:45:29 AM  CPU    %usr   %nice    %sys %iowait    %irq   %soft  %steal  %guest  %gnice   %idle
05:45:30 AM  all    1.42    0.00    4.39    0.00    0.26    9.55    0.00    0.00    0.00   84.39
05:45:30 AM    0    6.74    0.00   16.85    0.00    1.12    0.00    0.00    0.00    0.00   75.28
05:45:30 AM    1    5.68    0.00   17.05    0.00    1.14    0.00    0.00    0.00    0.00   76.14
05:45:30 AM    2    0.00    0.00    0.00    0.00    0.00   20.00    0.00    0.00    0.00   80.00
05:45:30 AM    3    0.00    0.00    4.04    0.00    0.00   37.37    0.00    0.00    0.00   58.59
05:45:30 AM    4    0.00    0.00    0.00    0.00    0.00    0.00    0.00    0.00    0.00  100.00
05:45:30 AM    5    0.00    0.00    0.00    0.00    0.00    0.00    0.00    0.00    0.00  100.00
05:45:30 AM    6    0.00    0.00    0.00    0.00    0.00    0.00    0.00    0.00    0.00  100.00
05:45:30 AM    7    0.00    0.00    0.00    0.00    0.00   17.17    0.00    0.00    0.00   82.83

05:45:30 AM  CPU    %usr   %nice    %sys %iowait    %irq   %soft  %steal  %guest  %gnice   %idle
05:45:31 AM  all    1.15    0.00    3.72    0.00    0.00    9.62    0.00    0.00    0.00   85.51
05:45:31 AM    0    4.55    0.00   14.77    0.00    0.00    0.00    0.00    0.00    0.00   80.68
05:45:31 AM    1    5.56    0.00   15.56    0.00    0.00    0.00    0.00    0.00    0.00   78.89
05:45:31 AM    2    0.00    0.00    0.00    0.00    0.00   19.80    0.00    0.00    0.00   80.20
05:45:31 AM    3    0.00    0.00    2.00    0.00    0.00   37.00    0.00    0.00    0.00   61.00
05:45:31 AM    4    0.00    0.00    0.00    0.00    0.00    0.00    0.00    0.00    0.00  100.00
05:45:31 AM    5    0.00    0.00    0.00    0.00    0.00    0.99    0.00    0.00    0.00   99.01
05:45:31 AM    6    0.00    0.00    0.00    0.00    0.00    0.00    0.00    0.00    0.00  100.00
05:45:31 AM    7    0.00    0.00    0.00    0.00    0.00   17.00    0.00    0.00    0.00   83.00

05:45:31 AM  CPU    %usr   %nice    %sys %iowait    %irq   %soft  %steal  %guest  %gnice   %idle
05:45:32 AM  all    1.29    0.00    3.86    0.00    0.26    9.52    0.00    0.00    0.00   85.07
05:45:32 AM    0    5.68    0.00   17.05    0.00    0.00    0.00    0.00    0.00    0.00   77.27
05:45:32 AM    1    5.68    0.00   15.91    0.00    0.00    0.00    0.00    0.00    0.00   78.41
05:45:32 AM    2    0.00    0.00    0.00    0.00    0.00   19.19    0.00    0.00    0.00   80.81
05:45:32 AM    3    0.00    0.00    0.99    0.00    0.99   38.61    0.00    0.00    0.00   59.41
05:45:32 AM    4    0.00    0.00    0.00    0.00    0.00    0.00    0.00    0.00    0.00  100.00
05:45:32 AM    5    0.00    0.00    0.00    0.00    0.00    0.00    0.00    0.00    0.00  100.00
05:45:32 AM    6    0.00    0.00    0.00    0.00    0.00    0.00    0.00    0.00    0.00  100.00
05:45:32 AM    7    0.00    0.00    0.00    0.00    0.99   15.84    0.00    0.00    0.00   83.17

05:45:32 AM  CPU    %usr   %nice    %sys %iowait    %irq   %soft  %steal  %guest  %gnice   %idle
05:45:33 AM  all    1.16    0.00    3.73    0.00    0.26    9.52    0.00    0.00    0.00   85.33
05:45:33 AM    0    4.55    0.00   14.77    0.00    1.14    0.00    0.00    0.00    0.00   79.55
05:45:33 AM    1    5.56    0.00   16.67    0.00    1.11    0.00    0.00    0.00    0.00   76.67
05:45:33 AM    2    0.00    0.00    0.00    0.00    0.00   19.00    0.00    0.00    0.00   81.00
05:45:33 AM    3    0.00    0.00    1.01    0.00    0.00   38.38    0.00    0.00    0.00   60.61
05:45:33 AM    4    0.00    0.00    0.00    0.00    0.00    0.00    0.00    0.00    0.00  100.00
05:45:33 AM    5    0.00    0.00    0.00    0.00    0.00    0.00    0.00    0.00    0.00  100.00
05:45:33 AM    6    0.00    0.00    0.00    0.00    0.00    0.00    0.00    0.00    0.00  100.00
05:45:33 AM    7    0.00    0.00    0.00    0.00    0.00   17.00    0.00    0.00    0.00   83.00

05:45:33 AM  CPU    %usr   %nice    %sys %iowait    %irq   %soft  %steal  %guest  %gnice   %idle
05:45:34 AM  all    1.17    0.00    3.63    0.00    0.00    9.59    0.00    0.00    0.00   85.62
05:45:34 AM    0    4.71    0.00   14.12    0.00    0.00    0.00    0.00    0.00    0.00   81.18
05:45:34 AM    1    5.75    0.00   16.09    0.00    0.00    0.00    0.00    0.00    0.00   78.16
05:45:34 AM    2    0.00    0.00    0.00    0.00    0.00   19.00    0.00    0.00    0.00   81.00
05:45:34 AM    3    0.00    0.00    2.00    0.00    0.00   38.00    0.00    0.00    0.00   60.00
05:45:34 AM    4    0.00    0.00    0.00    0.00    0.00    0.00    0.00    0.00    0.00  100.00
05:45:34 AM    5    0.00    0.00    0.00    0.00    0.00    0.00    0.00    0.00    0.00  100.00
05:45:34 AM    6    0.00    0.00    0.00    0.00    0.00    0.00    0.00    0.00    0.00  100.00
05:45:34 AM    7    0.00    0.00    0.00    0.00    0.00   17.00    0.00    0.00    0.00   83.00

05:45:34 AM  CPU    %usr   %nice    %sys %iowait    %irq   %soft  %steal  %guest  %gnice   %idle
05:45:35 AM  all    1.54    0.00    4.61    0.00    0.38    9.35    0.00    0.00    0.00   84.12
05:45:35 AM    0    7.78    0.00   16.67    0.00    1.11    0.00    0.00    0.00    0.00   74.44
05:45:35 AM    1    5.49    0.00   20.88    0.00    1.10    0.00    0.00    0.00    0.00   72.53
05:45:35 AM    2    0.00    0.00    0.00    0.00    0.99   18.81    0.00    0.00    0.00   80.20
05:45:35 AM    3    0.00    0.00    2.00    0.00    0.00   38.00    0.00    0.00    0.00   60.00
05:45:35 AM    4    0.00    0.00    0.00    0.00    0.00    0.00    0.00    0.00    0.00  100.00
05:45:35 AM    5    0.00    0.00    0.00    0.00    0.00    0.00    0.00    0.00    0.00  100.00
05:45:35 AM    6    0.00    0.00    0.00    0.00    0.00    0.00    0.00    0.00    0.00  100.00
05:45:35 AM    7    0.00    0.00    0.00    0.00    0.00   16.16    0.00    0.00    0.00   83.84

05:45:35 AM  CPU    %usr   %nice    %sys %iowait    %irq   %soft  %steal  %guest  %gnice   %idle
05:45:36 AM  all    1.28    0.00    5.26    0.00    0.13    9.87    0.00    0.00    0.00   83.46
05:45:36 AM    0    5.49    0.00   20.88    0.00    1.10    0.00    0.00    0.00    0.00   72.53
05:45:36 AM    1    5.62    0.00   20.22    0.00    0.00    0.00    0.00    0.00    0.00   74.16
05:45:36 AM    2    0.00    0.00    0.00    0.00    0.00   20.00    0.00    0.00    0.00   80.00
05:45:36 AM    3    0.00    0.00    4.00    0.00    0.00   39.00    0.00    0.00    0.00   57.00
05:45:36 AM    4    0.00    0.00    0.00    0.00    0.00    0.00    0.00    0.00    0.00  100.00
05:45:36 AM    5    0.00    0.00    0.00    0.00    0.00    0.00    0.00    0.00    0.00  100.00
05:45:36 AM    6    0.00    0.00    0.00    0.00    0.00    0.00    0.00    0.00    0.00  100.00
05:45:36 AM    7    0.00    0.00    0.00    0.00    0.00   18.00    0.00    0.00    0.00   82.00

05:45:36 AM  CPU    %usr   %nice    %sys %iowait    %irq   %soft  %steal  %guest  %gnice   %idle
05:45:37 AM  all    1.16    0.00    4.37    0.00    0.26    9.51    0.00    0.00    0.00   84.70
05:45:37 AM    0    4.44    0.00   20.00    0.00    0.00    1.11    0.00    0.00    0.00   74.44
05:45:37 AM    1    5.68    0.00   17.05    0.00    1.14    0.00    0.00    0.00    0.00   76.14
05:45:37 AM    2    0.00    0.00    0.00    0.00    0.00   18.18    0.00    0.00    0.00   81.82
05:45:37 AM    3    0.00    0.00    0.00    0.00    0.00   39.00    0.00    0.00    0.00   61.00
05:45:37 AM    4    0.00    0.00    0.00    0.00    0.00    0.00    0.00    0.00    0.00  100.00
05:45:37 AM    5    0.00    0.00    0.00    0.00    0.00    0.00    0.00    0.00    0.00  100.00
05:45:37 AM    6    0.00    0.00    0.00    0.00    0.00    0.00    0.00    0.00    0.00  100.00
05:45:37 AM    7    0.00    0.00    0.99    0.00    0.99   15.84    0.00    0.00    0.00   82.18

05:45:37 AM  CPU    %usr   %nice    %sys %iowait    %irq   %soft  %steal  %guest  %gnice   %idle
05:45:38 AM  all    1.28    0.00    4.09    0.13    0.13    9.72    0.00    0.00    0.00   84.65
05:45:38 AM    0    5.56    0.00   16.67    0.00    0.00    0.00    0.00    0.00    0.00   77.78
05:45:38 AM    1    5.49    0.00   17.58    1.10    0.00    0.00    0.00    0.00    0.00   75.82
05:45:38 AM    2    0.00    0.00    0.00    0.00    0.00   20.00    0.00    0.00    0.00   80.00
05:45:38 AM    3    0.00    0.00    0.99    0.00    0.99   38.61    0.00    0.00    0.00   59.41
05:45:38 AM    4    0.00    0.00    0.00    0.00    0.00    0.00    0.00    0.00    0.00  100.00
05:45:38 AM    5    0.00    0.00    0.00    0.00    0.00    0.00    0.00    0.00    0.00  100.00
05:45:38 AM    6    0.00    0.00    0.00    0.00    0.00    0.00    0.00    0.00    0.00  100.00
05:45:38 AM    7    0.00    0.00    0.00    0.00    0.00   17.00    0.00    0.00    0.00   83.00

05:45:38 AM  CPU    %usr   %nice    %sys %iowait    %irq   %soft  %steal  %guest  %gnice   %idle
05:45:39 AM  all    1.29    0.00    4.00    0.00    0.13    9.55    0.00    0.00    0.00   85.03
05:45:39 AM    0    6.82    0.00   15.91    0.00    1.14    0.00    0.00    0.00    0.00   76.14
05:45:39 AM    1    4.55    0.00   18.18    0.00    0.00    0.00    0.00    0.00    0.00   77.27
05:45:39 AM    2    0.00    0.00    0.00    0.00    0.00   19.00    0.00    0.00    0.00   81.00
05:45:39 AM    3    0.00    0.00    1.01    0.00    0.00   38.38    0.00    0.00    0.00   60.61
05:45:39 AM    4    0.00    0.00    0.00    0.00    0.00    0.00    0.00    0.00    0.00  100.00
05:45:39 AM    5    0.00    0.00    0.00    0.00    0.00    0.00    0.00    0.00    0.00  100.00
05:45:39 AM    6    0.00    0.00    0.00    0.00    0.00    0.00    0.00    0.00    0.00  100.00
05:45:39 AM    7    0.00    0.00    0.00    0.00    0.00   17.00    0.00    0.00    0.00   83.00

05:45:39 AM  CPU    %usr   %nice    %sys %iowait    %irq   %soft  %steal  %guest  %gnice   %idle
05:45:40 AM  all    1.41    0.00    5.27    0.00    0.26    9.51    0.00    0.00    0.00   83.55
05:45:40 AM    0    6.82    0.00   18.18    0.00    1.14    0.00    0.00    0.00    0.00   73.86
05:45:40 AM    1    5.62    0.00   20.22    0.00    1.12    0.00    0.00    0.00    0.00   73.03
05:45:40 AM    2    0.00    0.00    0.00    0.00    0.00   20.00    0.00    0.00    0.00   80.00
05:45:40 AM    3    0.00    0.00    6.93    0.00    0.00   36.63    0.00    0.00    0.00   56.44
05:45:40 AM    4    0.00    0.00    0.00    0.00    0.00    0.00    0.00    0.00    0.00  100.00
05:45:40 AM    5    0.00    0.00    0.00    0.00    0.00    0.00    0.00    0.00    0.00  100.00
05:45:40 AM    6    0.00    0.00    0.00    0.00    0.00    0.00    0.00    0.00    0.00  100.00
05:45:40 AM    7    0.00    0.00    0.00    0.00    0.00   17.00    0.00    0.00    0.00   83.00

05:45:40 AM  CPU    %usr   %nice    %sys %iowait    %irq   %soft  %steal  %guest  %gnice   %idle
05:45:41 AM  all    1.17    0.00    4.54    0.00    0.13    9.34    0.00    0.00    0.00   84.82
05:45:41 AM    0    5.81    0.00   17.44    0.00    0.00    0.00    0.00    0.00    0.00   76.74
05:45:41 AM    1    4.60    0.00   18.39    0.00    1.15    0.00    0.00    0.00    0.00   75.86
05:45:41 AM    2    0.00    0.00    0.00    0.00    0.00   19.00    0.00    0.00    0.00   81.00
05:45:41 AM    3    0.00    0.00    4.04    0.00    0.00   37.37    0.00    0.00    0.00   58.59
05:45:41 AM    4    0.00    0.00    0.00    0.00    0.00    0.00    0.00    0.00    0.00  100.00
05:45:41 AM    5    0.00    0.00    0.00    0.00    0.00    0.00    0.00    0.00    0.00  100.00
05:45:41 AM    6    0.00    0.00    0.00    0.00    0.00    0.00    0.00    0.00    0.00  100.00
05:45:41 AM    7    0.00    0.00    0.00    0.00    0.00   16.16    0.00    0.00    0.00   83.84

05:45:41 AM  CPU    %usr   %nice    %sys %iowait    %irq   %soft  %steal  %guest  %gnice   %idle
05:45:42 AM  all    1.29    0.00    4.12    0.00    0.26    9.52    0.00    0.00    0.00   84.81
05:45:42 AM    0    5.56    0.00   17.78    0.00    1.11    0.00    0.00    0.00    0.00   75.56
05:45:42 AM    1    5.68    0.00   17.05    0.00    0.00    0.00    0.00    0.00    0.00   77.27
05:45:42 AM    2    0.00    0.00    0.00    0.00    1.00   19.00    0.00    0.00    0.00   80.00
05:45:42 AM    3    0.00    0.00    1.01    0.00    0.00   38.38    0.00    0.00    0.00   60.61
05:45:42 AM    4    0.00    0.00    0.00    0.00    0.00    0.00    0.00    0.00    0.00  100.00
05:45:42 AM    5    0.00    0.00    0.00    0.00    0.00    0.00    0.00    0.00    0.00  100.00
05:45:42 AM    6    0.00    0.00    0.00    0.00    0.00    0.00    0.00    0.00    0.00  100.00
05:45:42 AM    7    0.00    0.00    0.00    0.00    0.00   17.00    0.00    0.00    0.00   83.00

05:45:42 AM  CPU    %usr   %nice    %sys %iowait    %irq   %soft  %steal  %guest  %gnice   %idle
05:45:43 AM  all    1.28    0.00    4.23    0.00    0.13    9.62    0.00    0.00    0.00   84.74
05:45:43 AM    0    5.68    0.00   17.05    0.00    0.00    0.00    0.00    0.00    0.00   77.27
05:45:43 AM    1    5.56    0.00   17.78    0.00    0.00    0.00    0.00    0.00    0.00   76.67
05:45:43 AM    2    0.00    0.00    0.00    0.00    0.00   19.00    0.00    0.00    0.00   81.00
05:45:43 AM    3    0.00    0.00    1.96    0.00    0.98   38.24    0.00    0.00    0.00   58.82
05:45:43 AM    4    0.00    0.00    0.00    0.00    0.00    0.00    0.00    0.00    0.00  100.00
05:45:43 AM    5    0.00    0.00    0.00    0.00    0.00    0.00    0.00    0.00    0.00  100.00
05:45:43 AM    6    0.00    0.00    0.00    0.00    0.00    0.00    0.00    0.00    0.00  100.00
05:45:43 AM    7    0.00    0.00    0.00    0.00    0.00   17.00    0.00    0.00    0.00   83.00

05:45:43 AM  CPU    %usr   %nice    %sys %iowait    %irq   %soft  %steal  %guest  %gnice   %idle
05:45:44 AM  all    1.42    0.00    3.48    0.13    0.39    9.79    0.00    0.00    0.00   84.79
05:45:44 AM    0    5.68    0.00   13.64    1.14    1.14    0.00    0.00    0.00    0.00   78.41
05:45:44 AM    1    6.74    0.00   15.73    0.00    1.12    0.00    0.00    0.00    0.00   76.40
05:45:44 AM    2    0.00    0.00    0.00    0.00    0.00   20.20    0.00    0.00    0.00   79.80
05:45:44 AM    3    0.00    0.00    1.01    0.00    0.00   39.39    0.00    0.00    0.00   59.60
05:45:44 AM    4    0.00    0.00    0.00    0.00    0.00    0.00    0.00    0.00    0.00  100.00
05:45:44 AM    5    0.00    0.00    0.00    0.00    0.00    0.00    0.00    0.00    0.00  100.00
05:45:44 AM    6    0.00    0.00    0.00    0.00    0.00    0.00    0.00    0.00    0.00  100.00
05:45:44 AM    7    0.00    0.00    0.00    0.00    0.99   16.83    0.00    0.00    0.00   82.18

05:45:44 AM  CPU    %usr   %nice    %sys %iowait    %irq   %soft  %steal  %guest  %gnice   %idle
05:45:45 AM  all    1.28    0.00    4.24    0.00    0.00    9.50    0.00    0.00    0.00   84.98
05:45:45 AM    0    5.62    0.00   17.98    0.00    0.00    0.00    0.00    0.00    0.00   76.40
05:45:45 AM    1    5.56    0.00   18.89    0.00    0.00    0.00    0.00    0.00    0.00   75.56
05:45:45 AM    2    0.00    0.00    0.00    0.00    0.00   19.00    0.00    0.00    0.00   81.00
05:45:45 AM    3    0.00    0.00    0.00    0.00    0.00   39.00    0.00    0.00    0.00   61.00
05:45:45 AM    4    0.00    0.00    0.00    0.00    0.00    0.00    0.00    0.00    0.00  100.00
05:45:45 AM    5    0.00    0.00    0.00    0.00    0.00    0.00    0.00    0.00    0.00  100.00
05:45:45 AM    6    0.00    0.00    0.00    0.00    0.00    0.00    0.00    0.00    0.00  100.00
05:45:45 AM    7    0.00    0.00    0.00    0.00    0.00   16.00    0.00    0.00    0.00   84.00

05:45:45 AM  CPU    %usr   %nice    %sys %iowait    %irq   %soft  %steal  %guest  %gnice   %idle
05:45:46 AM  all    1.16    0.00    3.98    0.00    0.26    9.64    0.00    0.00    0.00   84.96
05:45:46 AM    0    4.55    0.00   18.18    0.00    1.14    0.00    0.00    0.00    0.00   76.14
05:45:46 AM    1    5.62    0.00   16.85    0.00    1.12    0.00    0.00    0.00    0.00   76.40
05:45:46 AM    2    0.00    0.00    0.00    0.00    0.00   18.81    0.00    0.00    0.00   81.19
05:45:46 AM    3    0.00    0.00    0.00    0.00    0.00   39.00    0.00    0.00    0.00   61.00
05:45:46 AM    4    0.00    0.00    0.00    0.00    0.00    0.00    0.00    0.00    0.00  100.00
05:45:46 AM    5    0.00    0.00    0.00    0.00    0.00    0.00    0.00    0.00    0.00  100.00
05:45:46 AM    6    0.00    0.00    0.00    0.00    0.00    0.00    0.00    0.00    0.00  100.00
05:45:46 AM    7    0.00    0.00    0.00    0.00    0.00   17.00    0.00    0.00    0.00   83.00

05:45:46 AM  CPU    %usr   %nice    %sys %iowait    %irq   %soft  %steal  %guest  %gnice   %idle
05:45:47 AM  all    1.54    0.00    4.10    0.00    0.00    9.36    0.00    0.00    0.00   85.00
05:45:47 AM    0    6.59    0.00   16.48    0.00    0.00    0.00    0.00    0.00    0.00   76.92
05:45:47 AM    1    6.67    0.00   17.78    0.00    0.00    0.00    0.00    0.00    0.00   75.56
05:45:47 AM    2    0.00    0.00    0.00    0.00    0.00   19.19    0.00    0.00    0.00   80.81
05:45:47 AM    3    0.00    0.00    1.00    0.00    0.00   38.00    0.00    0.00    0.00   61.00
05:45:47 AM    4    0.00    0.00    0.00    0.00    0.00    0.00    0.00    0.00    0.00  100.00
05:45:47 AM    5    0.00    0.00    0.00    0.00    0.00    0.00    0.00    0.00    0.00  100.00
05:45:47 AM    6    0.00    0.00    0.00    0.00    0.00    0.00    0.00    0.00    0.00  100.00
05:45:47 AM    7    0.00    0.00    0.00    0.00    0.00   16.00    0.00    0.00    0.00   84.00

05:45:47 AM  CPU    %usr   %nice    %sys %iowait    %irq   %soft  %steal  %guest  %gnice   %idle
05:45:48 AM  all    1.53    0.00    4.58    0.00    0.38    9.41    0.00    0.00    0.00   84.10
05:45:48 AM    0    6.52    0.00   18.48    0.00    1.09    0.00    0.00    0.00    0.00   73.91
05:45:48 AM    1    6.52    0.00   17.39    0.00    1.09    1.09    0.00    0.00    0.00   73.91
05:45:48 AM    2    0.00    0.00    0.00    0.00    0.00   18.81    0.00    0.00    0.00   81.19
05:45:48 AM    3    0.00    0.00    2.97    0.00    0.99   36.63    0.00    0.00    0.00   59.41
05:45:48 AM    4    0.00    0.00    0.00    0.00    0.00    0.00    0.00    0.00    0.00  100.00
05:45:48 AM    5    0.00    0.00    0.00    0.00    0.00    0.00    0.00    0.00    0.00  100.00
05:45:48 AM    6    0.00    0.00    0.00    0.00    0.00    0.00    0.00    0.00    0.00  100.00
05:45:48 AM    7    0.00    0.00    0.00    0.00    0.00   17.00    0.00    0.00    0.00   83.00

05:45:48 AM  CPU    %usr   %nice    %sys %iowait    %irq   %soft  %steal  %guest  %gnice   %idle
05:45:49 AM  all    1.16    0.00    3.61    0.00    0.13    9.28    0.00    0.00    0.00   85.82
05:45:49 AM    0    5.68    0.00   13.64    0.00    0.00    0.00    0.00    0.00    0.00   80.68
05:45:49 AM    1    4.49    0.00   15.73    0.00    0.00    0.00    0.00    0.00    0.00   79.78
05:45:49 AM    2    0.00    0.00    0.00    0.00    1.00   19.00    0.00    0.00    0.00   80.00
05:45:49 AM    3    0.00    0.00    2.00    0.00    0.00   37.00    0.00    0.00    0.00   61.00
05:45:49 AM    4    0.00    0.00    0.00    0.00    0.00    0.00    0.00    0.00    0.00  100.00
05:45:49 AM    5    0.00    0.00    0.00    0.00    0.00    0.00    0.00    0.00    0.00  100.00
05:45:49 AM    6    0.00    0.00    0.00    0.00    0.00    0.00    0.00    0.00    0.00  100.00
05:45:49 AM    7    0.00    0.00    0.00    0.00    0.00   16.16    0.00    0.00    0.00   83.84

05:45:49 AM  CPU    %usr   %nice    %sys %iowait    %irq   %soft  %steal  %guest  %gnice   %idle
05:45:50 AM  all    1.41    0.00    3.97    0.00    0.26    9.86    0.00    0.00    0.00   84.51
05:45:50 AM    0    5.62    0.00   14.61    0.00    1.12    0.00    0.00    0.00    0.00   78.65
05:45:50 AM    1    6.52    0.00   16.30    0.00    1.09    0.00    0.00    0.00    0.00   76.09
05:45:50 AM    2    0.00    0.00    0.00    0.00    0.00   20.20    0.00    0.00    0.00   79.80
05:45:50 AM    3    0.00    0.00    2.97    0.00    0.00   38.61    0.00    0.00    0.00   58.42
05:45:50 AM    4    0.00    0.00    0.00    0.00    0.00    0.00    0.00    0.00    0.00  100.00
05:45:50 AM    5    0.00    0.00    0.00    0.00    0.00    0.00    0.00    0.00    0.00  100.00
05:45:50 AM    6    0.00    0.00    0.00    0.00    0.00    0.00    0.00    0.00    0.00  100.00
05:45:50 AM    7    0.00    0.00    0.00    0.00    0.00   18.00    0.00    0.00    0.00   82.00

05:45:50 AM  CPU    %usr   %nice    %sys %iowait    %irq   %soft  %steal  %guest  %gnice   %idle
05:45:51 AM  all    1.28    0.00    3.59    0.00    0.13    9.24    0.00    0.00    0.00   85.75
05:45:51 AM    0    5.62    0.00   13.48    0.00    0.00    0.00    0.00    0.00    0.00   80.90
05:45:51 AM    1    5.49    0.00   17.58    0.00    0.00    0.00    0.00    0.00    0.00   76.92
05:45:51 AM    2    0.00    0.00    0.00    0.00    0.00   19.00    0.00    0.00    0.00   81.00
05:45:51 AM    3    0.00    0.00    0.00    0.00    0.00   37.76    0.00    0.00    0.00   62.24
05:45:51 AM    4    0.00    0.00    0.00    0.00    0.00    0.00    0.00    0.00    0.00  100.00
05:45:51 AM    5    0.00    0.00    0.00    0.00    0.00    0.00    0.00    0.00    0.00  100.00
05:45:51 AM    6    0.00    0.00    0.00    0.00    0.00    0.00    0.00    0.00    0.00  100.00
05:45:51 AM    7    0.00    0.00    0.00    0.00    0.99   15.84    0.00    0.00    0.00   83.17

05:45:51 AM  CPU    %usr   %nice    %sys %iowait    %irq   %soft  %steal  %guest  %gnice   %idle
05:45:52 AM  all    1.15    0.00    4.21    0.13    0.00    9.57    0.00    0.00    0.00   84.95
05:45:52 AM    0    4.44    0.00   16.67    0.00    0.00    0.00    0.00    0.00    0.00   78.89
05:45:52 AM    1    5.43    0.00   16.30    1.09    0.00    0.00    0.00    0.00    0.00   77.17
05:45:52 AM    2    0.00    0.00    0.98    0.00    0.00   19.61    0.00    0.00    0.00   79.41
05:45:52 AM    3    0.00    0.00    2.00    0.00    0.00   38.00    0.00    0.00    0.00   60.00
05:45:52 AM    4    0.00    0.00    0.00    0.00    0.00    0.00    0.00    0.00    0.00  100.00
05:45:52 AM    5    0.00    0.00    0.00    0.00    0.00    0.00    0.00    0.00    0.00  100.00
05:45:52 AM    6    0.00    0.00    0.00    0.00    0.00    0.00    0.00    0.00    0.00  100.00
05:45:52 AM    7    0.00    0.00    0.00    0.00    0.00   17.00    0.00    0.00    0.00   83.00

05:45:52 AM  CPU    %usr   %nice    %sys %iowait    %irq   %soft  %steal  %guest  %gnice   %idle
05:45:53 AM  all    1.41    0.00    5.14    0.00    0.39    9.25    0.00    0.00    0.00   83.80
05:45:53 AM    0    6.74    0.00   19.10    0.00    1.12    0.00    0.00    0.00    0.00   73.03
05:45:53 AM    1    5.56    0.00   20.00    0.00    1.11    0.00    0.00    0.00    0.00   73.33
05:45:53 AM    2    0.00    0.00    0.00    0.00    0.00   19.19    0.00    0.00    0.00   80.81
05:45:53 AM    3    0.00    0.00    4.95    0.00    0.99   36.63    0.00    0.00    0.00   57.43
05:45:53 AM    4    0.00    0.00    0.00    0.00    0.00    0.00    0.00    0.00    0.00  100.00
05:45:53 AM    5    0.00    0.00    0.00    0.00    0.00    0.00    0.00    0.00    0.00  100.00
05:45:53 AM    6    0.00    0.00    0.00    0.00    0.00    0.00    0.00    0.00    0.00  100.00
05:45:53 AM    7    0.00    0.00    0.00    0.00    0.00   16.16    0.00    0.00    0.00   83.84

05:45:53 AM  CPU    %usr   %nice    %sys %iowait    %irq   %soft  %steal  %guest  %gnice   %idle
05:45:54 AM  all    1.65    0.00    4.70    0.00    0.13    9.40    0.00    0.00    0.00   84.12
05:45:54 AM    0    7.53    0.00   18.28    0.00    1.08    0.00    0.00    0.00    0.00   73.12
05:45:54 AM    1    6.38    0.00   20.21    0.00    0.00    0.00    0.00    0.00    0.00   73.40
05:45:54 AM    2    0.00    0.00    0.00    0.00    0.00   19.00    0.00    0.00    0.00   81.00
05:45:54 AM    3    0.00    0.00    1.00    0.00    0.00   38.00    0.00    0.00    0.00   61.00
05:45:54 AM    4    0.00    0.00    0.00    0.00    0.00    0.00    0.00    0.00    0.00  100.00
05:45:54 AM    5    0.00    0.00    0.00    0.00    0.00    0.00    0.00    0.00    0.00  100.00
05:45:54 AM    6    0.00    0.00    0.00    0.00    0.00    0.00    0.00    0.00    0.00  100.00
05:45:54 AM    7    0.00    0.00    0.00    0.00    0.00   17.00    0.00    0.00    0.00   83.00

05:45:54 AM  CPU    %usr   %nice    %sys %iowait    %irq   %soft  %steal  %guest  %gnice   %idle
05:45:55 AM  all    1.65    0.00    4.07    0.00    0.13    9.28    0.00    0.00    0.00   84.88
05:45:55 AM    0    7.53    0.00   16.13    0.00    0.00    0.00    0.00    0.00    0.00   76.34
05:45:55 AM    1    6.32    0.00   17.89    0.00    1.05    0.00    0.00    0.00    0.00   74.74
05:45:55 AM    2    0.00    0.00    0.00    0.00    0.00   19.00    0.00    0.00    0.00   81.00
05:45:55 AM    3    0.00    0.00    0.00    0.00    0.00   38.00    0.00    0.00    0.00   62.00
05:45:55 AM    4    0.00    0.00    0.00    0.00    0.00    0.00    0.00    0.00    0.00  100.00
05:45:55 AM    5    0.00    0.00    0.00    0.00    0.00    0.00    0.00    0.00    0.00  100.00
05:45:55 AM    6    0.00    0.00    0.00    0.00    0.00    0.00    0.00    0.00    0.00  100.00
05:45:55 AM    7    0.00    0.00    0.00    0.00    0.00   16.16    0.00    0.00    0.00   83.84

05:45:55 AM  CPU    %usr   %nice    %sys %iowait    %irq   %soft  %steal  %guest  %gnice   %idle
05:45:56 AM  all    1.78    0.00    4.57    0.00    0.25    9.66    0.00    0.00    0.00   83.74
05:45:56 AM    0    7.45    0.00   18.09    0.00    1.06    1.06    0.00    0.00    0.00   72.34
05:45:56 AM    1    7.61    0.00   18.48    0.00    0.00    0.00    0.00    0.00    0.00   73.91
05:45:56 AM    2    0.00    0.00    0.00    0.00    0.99   19.80    0.00    0.00    0.00   79.21
05:45:56 AM    3    0.00    0.00    2.00    0.00    0.00   38.00    0.00    0.00    0.00   60.00
05:45:56 AM    4    0.00    0.00    0.00    0.00    0.00    0.00    0.00    0.00    0.00  100.00
05:45:56 AM    5    0.00    0.00    0.00    0.00    0.00    0.00    0.00    0.00    0.00  100.00
05:45:56 AM    6    0.00    0.00    0.00    0.00    0.00    0.00    0.00    0.00    0.00  100.00
05:45:56 AM    7    0.00    0.00    0.00    0.00    0.00   17.00    0.00    0.00    0.00   83.00

05:45:56 AM  CPU    %usr   %nice    %sys %iowait    %irq   %soft  %steal  %guest  %gnice   %idle
05:45:57 AM  all    1.53    0.00    5.48    0.00    0.13    9.44    0.00    0.00    0.00   83.42
05:45:57 AM    0    6.52    0.00   22.83    0.00    0.00    0.00    0.00    0.00    0.00   70.65
05:45:57 AM    1    6.45    0.00   22.58    0.00    1.08    0.00    0.00    0.00    0.00   69.89
05:45:57 AM    2    0.00    0.00    0.00    0.00    0.00   18.18    0.00    0.00    0.00   81.82
05:45:57 AM    3    0.00    0.00    1.00    0.00    0.00   39.00    0.00    0.00    0.00   60.00
05:45:57 AM    4    0.00    0.00    0.00    0.00    0.00    0.00    0.00    0.00    0.00  100.00
05:45:57 AM    5    0.00    0.00    0.00    0.00    0.00    0.00    0.00    0.00    0.00  100.00
05:45:57 AM    6    0.00    0.00    0.00    0.00    0.00    0.00    0.00    0.00    0.00  100.00
05:45:57 AM    7    0.00    0.00    0.00    0.00    0.00   17.00    0.00    0.00    0.00   83.00

05:45:57 AM  CPU    %usr   %nice    %sys %iowait    %irq   %soft  %steal  %guest  %gnice   %idle
05:45:58 AM  all    1.53    0.00    4.46    0.00    0.25    9.43    0.00    0.00    0.00   84.33
05:45:58 AM    0    7.53    0.00   18.28    0.00    1.08    0.00    0.00    0.00    0.00   73.12
05:45:58 AM    1    5.49    0.00   18.68    0.00    0.00    0.00    0.00    0.00    0.00   75.82
05:45:58 AM    2    0.00    0.00    0.00    0.00    0.00   19.00    0.00    0.00    0.00   81.00
05:45:58 AM    3    0.00    0.00    1.00    0.00    0.00   38.00    0.00    0.00    0.00   61.00
05:45:58 AM    4    0.00    0.00    0.00    0.00    0.00    0.00    0.00    0.00    0.00  100.00
05:45:58 AM    5    0.00    0.00    0.00    0.00    0.00    0.00    0.00    0.00    0.00  100.00
05:45:58 AM    6    0.00    0.00    0.00    0.00    0.00    0.00    0.00    0.00    0.00  100.00
05:45:58 AM    7    0.00    0.00    0.00    0.00    0.99   16.83    0.00    0.00    0.00   82.18

05:45:58 AM  CPU    %usr   %nice    %sys %iowait    %irq   %soft  %steal  %guest  %gnice   %idle
05:45:59 AM  all    1.66    0.00    4.34    0.00    0.26    9.58    0.00    0.00    0.00   84.16
05:45:59 AM    0    6.67    0.00   17.78    0.00    0.00    0.00    0.00    0.00    0.00   75.56
05:45:59 AM    1    7.53    0.00   18.28    0.00    1.08    0.00    0.00    0.00    0.00   73.12
05:45:59 AM    2    0.00    0.00    0.00    0.00    0.00   19.19    0.00    0.00    0.00   80.81
05:45:59 AM    3    0.00    0.00    0.99    0.00    0.99   38.61    0.00    0.00    0.00   59.41
05:45:59 AM    4    0.00    0.00    0.00    0.00    0.00    0.00    0.00    0.00    0.00  100.00
05:45:59 AM    5    0.00    0.00    0.00    0.00    0.00    0.00    0.00    0.00    0.00  100.00
05:45:59 AM    6    0.00    0.00    0.00    0.00    0.00    0.00    0.00    0.00    0.00  100.00
05:45:59 AM    7    0.00    0.00    0.00    0.00    0.00   17.00    0.00    0.00    0.00   83.00

05:45:59 AM  CPU    %usr   %nice    %sys %iowait    %irq   %soft  %steal  %guest  %gnice   %idle
05:46:00 AM  all    1.53    0.00    4.84    0.13    0.13    9.43    0.00    0.00    0.00   83.95
05:46:00 AM    0    6.45    0.00   19.35    1.08    1.08    0.00    0.00    0.00    0.00   72.04
05:46:00 AM    1    6.45    0.00   21.51    0.00    0.00    0.00    0.00    0.00    0.00   72.04
05:46:00 AM    2    0.00    0.00    0.00    0.00    0.00   19.00    0.00    0.00    0.00   81.00
05:46:00 AM    3    0.00    0.00    0.00    0.00    0.00   39.39    0.00    0.00    0.00   60.61
05:46:00 AM    4    0.00    0.00    0.00    0.00    0.00    0.00    0.00    0.00    0.00  100.00
05:46:00 AM    5    0.00    0.00    0.00    0.00    0.00    0.00    0.00    0.00    0.00  100.00
05:46:00 AM    6    0.00    0.00    0.00    0.00    0.00    0.00    0.00    0.00    0.00  100.00
05:46:00 AM    7    0.00    0.00    0.00    0.00    0.00   16.00    0.00    0.00    0.00   84.00

05:46:00 AM  CPU    %usr   %nice    %sys %iowait    %irq   %soft  %steal  %guest  %gnice   %idle
05:46:01 AM  all    1.64    0.00    5.69    0.00    0.13    9.48    0.00    0.00    0.00   83.06
05:46:01 AM    0    6.38    0.00   23.40    0.00    0.00    0.00    0.00    0.00    0.00   70.21
05:46:01 AM    1    7.29    0.00   23.96    0.00    1.04    0.00    0.00    0.00    0.00   67.71
05:46:01 AM    2    0.00    0.00    0.00    0.00    0.00   18.81    0.00    0.00    0.00   81.19
05:46:01 AM    3    0.00    0.00    0.00    0.00    0.00   39.00    0.00    0.00    0.00   61.00
05:46:01 AM    4    0.00    0.00    0.00    0.00    0.00    0.00    0.00    0.00    0.00  100.00
05:46:01 AM    5    0.00    0.00    0.00    0.00    0.00    0.00    0.00    0.00    0.00  100.00
05:46:01 AM    6    0.00    0.00    0.00    0.00    0.00    0.00    0.00    0.00    0.00  100.00
05:46:01 AM    7    0.00    0.00    0.00    0.00    0.00   17.00    0.00    0.00    0.00   83.00

05:46:01 AM  CPU    %usr   %nice    %sys %iowait    %irq   %soft  %steal  %guest  %gnice   %idle
05:46:02 AM  all    1.65    0.00    4.70    0.00    0.13    9.14    0.00    0.00    0.00   84.39
05:46:02 AM    0    6.32    0.00   18.95    0.00    1.05    0.00    0.00    0.00    0.00   73.68
05:46:02 AM    1    7.45    0.00   19.15    0.00    0.00    0.00    0.00    0.00    0.00   73.40
05:46:02 AM    2    0.00    0.00    0.00    0.00    0.00   18.18    0.00    0.00    0.00   81.82
05:46:02 AM    3    0.00    0.00    0.99    0.00    0.00   37.62    0.00    0.00    0.00   61.39
05:46:02 AM    4    0.00    0.00    0.00    0.00    0.00    0.00    0.00    0.00    0.00  100.00
05:46:02 AM    5    0.00    0.00    0.00    0.00    0.00    0.00    0.00    0.00    0.00  100.00
05:46:02 AM    6    0.00    0.00    0.00    0.00    0.00    0.00    0.00    0.00    0.00  100.00
05:46:02 AM    7    0.00    0.00    0.00    0.00    0.00   16.16    0.00    0.00    0.00   83.84

05:46:02 AM  CPU    %usr   %nice    %sys %iowait    %irq   %soft  %steal  %guest  %gnice   %idle
05:46:03 AM  all    1.66    0.00    5.36    0.00    0.13    9.31    0.00    0.00    0.00   83.55
05:46:03 AM    0    6.74    0.00   17.98    0.00    0.00    0.00    0.00    0.00    0.00   75.28
05:46:03 AM    1    7.29    0.00   21.88    0.00    0.00    0.00    0.00    0.00    0.00   70.83
05:46:03 AM    2    0.00    0.00    0.00    0.00    0.99   19.80    0.00    0.00    0.00   79.21
05:46:03 AM    3    0.00    0.00    5.10    0.00    0.00   36.73    0.00    0.00    0.00   58.16
05:46:03 AM    4    0.00    0.00    0.00    0.00    0.00    0.00    0.00    0.00    0.00  100.00
05:46:03 AM    5    0.00    0.00    0.00    0.00    0.00    0.00    0.00    0.00    0.00  100.00
05:46:03 AM    6    0.00    0.00    0.00    0.00    0.00    0.00    0.00    0.00    0.00  100.00
05:46:03 AM    7    0.00    0.00    0.00    0.00    0.00   17.00    0.00    0.00    0.00   83.00

05:46:03 AM  CPU    %usr   %nice    %sys %iowait    %irq   %soft  %steal  %guest  %gnice   %idle
05:46:04 AM  all    1.40    0.00    5.96    0.00    0.51    9.26    0.00    0.00    0.00   82.87
05:46:04 AM    0    5.38    0.00   21.51    0.00    1.08    0.00    0.00    0.00    0.00   72.04
05:46:04 AM    1    6.52    0.00   20.65    0.00    1.09    0.00    0.00    0.00    0.00   71.74
05:46:04 AM    2    0.00    0.00    0.00    0.00    0.00   20.00    0.00    0.00    0.00   80.00
05:46:04 AM    3    0.00    0.00    7.84    0.00    0.98   34.31    0.00    0.00    0.00   56.86
05:46:04 AM    4    0.00    0.00    0.00    0.00    0.00    0.00    0.00    0.00    0.00  100.00
05:46:04 AM    5    0.00    0.00    0.00    0.00    0.00    0.00    0.00    0.00    0.00  100.00
05:46:04 AM    6    0.00    0.00    0.00    0.00    0.00    0.00    0.00    0.00    0.00  100.00
05:46:04 AM    7    0.00    0.00    0.00    0.00    0.99   17.82    0.00    0.00    0.00   81.19

05:46:04 AM  CPU    %usr   %nice    %sys %iowait    %irq   %soft  %steal  %guest  %gnice   %idle
05:46:05 AM  all    2.14    0.00    5.04    0.00    0.00    9.32    0.00    0.00    0.00   83.50
05:46:05 AM    0    8.25    0.00   20.62    0.00    0.00    0.00    0.00    0.00    0.00   71.13
05:46:05 AM    1    9.18    0.00   19.39    0.00    0.00    0.00    0.00    0.00    0.00   71.43
05:46:05 AM    2    0.00    0.00    0.00    0.00    0.00   20.00    0.00    0.00    0.00   80.00
05:46:05 AM    3    0.00    0.00    1.00    0.00    0.00   38.00    0.00    0.00    0.00   61.00
05:46:05 AM    4    0.00    0.00    0.00    0.00    0.00    0.00    0.00    0.00    0.00  100.00
05:46:05 AM    5    0.00    0.00    0.00    0.00    0.00    0.00    0.00    0.00    0.00  100.00
05:46:05 AM    6    0.00    0.00    0.00    0.00    0.00    0.00    0.00    0.00    0.00  100.00
05:46:05 AM    7    0.00    0.00    0.00    0.00    0.00   16.16    0.00    0.00    0.00   83.84

05:46:05 AM  CPU    %usr   %nice    %sys %iowait    %irq   %soft  %steal  %guest  %gnice   %idle
05:46:06 AM  all    1.52    0.00    4.45    0.00    0.25    9.40    0.00    0.00    0.00   84.37
05:46:06 AM    0    6.32    0.00   17.89    0.00    1.05    0.00    0.00    0.00    0.00   74.74
05:46:06 AM    1    6.38    0.00   18.09    0.00    1.06    0.00    0.00    0.00    0.00   74.47
05:46:06 AM    2    0.00    0.00    0.00    0.00    0.00   19.19    0.00    0.00    0.00   80.81
05:46:06 AM    3    0.00    0.00    1.01    0.00    0.00   38.38    0.00    0.00    0.00   60.61
05:46:06 AM    4    0.00    0.00    0.00    0.00    0.00    0.00    0.00    0.00    0.00  100.00
05:46:06 AM    5    0.00    0.00    0.00    0.00    0.00    0.00    0.00    0.00    0.00  100.00
05:46:06 AM    6    0.00    0.00    0.00    0.00    0.00    0.00    0.00    0.00    0.00  100.00
05:46:06 AM    7    0.00    0.00    0.00    0.00    0.00   17.00    0.00    0.00    0.00   83.00

05:46:06 AM  CPU    %usr   %nice    %sys %iowait    %irq   %soft  %steal  %guest  %gnice   %idle
05:46:07 AM  all    1.77    0.00    4.92    0.00    0.00    9.71    0.00    0.00    0.00   83.61
05:46:07 AM    0    8.25    0.00   19.59    0.00    0.00    0.00    0.00    0.00    0.00   72.16
05:46:07 AM    1    6.25    0.00   19.79    0.00    0.00    1.04    0.00    0.00    0.00   72.92
05:46:07 AM    2    0.00    0.00    0.00    0.00    0.00   19.80    0.00    0.00    0.00   80.20
05:46:07 AM    3    0.00    0.00    1.00    0.00    0.00   39.00    0.00    0.00    0.00   60.00
05:46:07 AM    4    0.00    0.00    0.00    0.00    0.00    0.00    0.00    0.00    0.00  100.00
05:46:07 AM    5    0.00    0.00    0.00    0.00    0.00    0.00    0.00    0.00    0.00  100.00
05:46:07 AM    6    0.00    0.00    0.00    0.00    0.00    0.00    0.00    0.00    0.00  100.00
05:46:07 AM    7    0.00    0.00    0.00    0.00    0.00   17.00    0.00    0.00    0.00   83.00

05:46:07 AM  CPU    %usr   %nice    %sys %iowait    %irq   %soft  %steal  %guest  %gnice   %idle
05:46:08 AM  all    1.89    0.00    6.04    0.00    0.25    9.43    0.00    0.00    0.00   82.39
05:46:08 AM    0    6.32    0.00   23.16    0.00    1.05    0.00    0.00    0.00    0.00   69.47
05:46:08 AM    1    9.00    0.00   22.00    0.00    1.00    0.00    0.00    0.00    0.00   68.00
05:46:08 AM    2    0.00    0.00    0.00    0.00    0.00   20.20    0.00    0.00    0.00   79.80
05:46:08 AM    3    0.00    0.00    3.96    0.00    0.00   37.62    0.00    0.00    0.00   58.42
05:46:08 AM    4    0.00    0.00    0.00    0.00    0.00    0.00    0.00    0.00    0.00  100.00
05:46:08 AM    5    0.00    0.00    0.00    0.00    0.00    0.00    0.00    0.00    0.00  100.00
05:46:08 AM    6    0.00    0.00    0.00    0.00    0.00    0.00    0.00    0.00    0.00  100.00
05:46:08 AM    7    0.00    0.00    0.00    0.00    0.00   17.00    0.00    0.00    0.00   83.00

05:46:08 AM  CPU    %usr   %nice    %sys %iowait    %irq   %soft  %steal  %guest  %gnice   %idle
05:46:09 AM  all    1.64    0.00    4.91    0.13    0.25    9.19    0.00    0.00    0.00   83.88
05:46:09 AM    0    7.14    0.00   20.41    0.00    0.00    0.00    0.00    0.00    0.00   72.45
05:46:09 AM    1    6.25    0.00   19.79    1.04    0.00    0.00    0.00    0.00    0.00   72.92
05:46:09 AM    2    0.00    0.00    0.00    0.00    0.99   18.81    0.00    0.00    0.00   80.20
05:46:09 AM    3    0.00    0.00    0.00    0.00    1.00   38.00    0.00    0.00    0.00   61.00
05:46:09 AM    4    0.00    0.00    0.00    0.00    0.00    0.00    0.00    0.00    0.00  100.00
05:46:09 AM    5    0.00    0.00    0.00    0.00    0.00    0.00    0.00    0.00    0.00  100.00
05:46:09 AM    6    0.00    0.00    0.00    0.00    0.00    0.00    0.00    0.00    0.00  100.00
05:46:09 AM    7    0.00    0.00    0.00    0.00    0.00   16.16    0.00    0.00    0.00   83.84

05:46:09 AM  CPU    %usr   %nice    %sys %iowait    %irq   %soft  %steal  %guest  %gnice   %idle
05:46:10 AM  all    1.63    0.00    5.76    0.00    0.13    9.26    0.00    0.00    0.00   83.23
05:46:10 AM    0    7.00    0.00   23.00    0.00    1.00    0.00    0.00    0.00    0.00   69.00
05:46:10 AM    1    6.12    0.00   22.45    0.00    0.00    0.00    0.00    0.00    0.00   71.43
05:46:10 AM    2    0.00    0.00    0.00    0.00    0.00   19.00    0.00    0.00    0.00   81.00
05:46:10 AM    3    0.00    0.00    1.00    0.00    0.00   38.00    0.00    0.00    0.00   61.00
05:46:10 AM    4    0.00    0.00    0.00    0.00    0.00    0.00    0.00    0.00    0.00  100.00
05:46:10 AM    5    0.00    0.00    0.00    0.00    0.00    0.00    0.00    0.00    0.00  100.00
05:46:10 AM    6    0.00    0.00    0.00    0.00    0.00    0.00    0.00    0.00    0.00  100.00
05:46:10 AM    7    0.00    0.00    0.00    0.00    0.00   16.83    0.00    0.00    0.00   83.17

05:46:10 AM  CPU    %usr   %nice    %sys %iowait    %irq   %soft  %steal  %guest  %gnice   %idle
05:46:11 AM  all    1.76    0.00    4.28    0.00    0.25    9.32    0.00    0.00    0.00   84.38
05:46:11 AM    0    6.25    0.00   17.71    0.00    0.00    0.00    0.00    0.00    0.00   76.04
05:46:11 AM    1    8.08    0.00   17.17    0.00    1.01    0.00    0.00    0.00    0.00   73.74
05:46:11 AM    2    0.00    0.00    0.00    0.00    0.00   20.00    0.00    0.00    0.00   80.00
05:46:11 AM    3    0.00    0.00    0.00    0.00    0.00   37.76    0.00    0.00    0.00   62.24
05:46:11 AM    4    0.00    0.00    0.00    0.00    0.00    0.00    0.00    0.00    0.00  100.00
05:46:11 AM    5    0.00    0.00    0.00    0.00    0.00    0.00    0.00    0.00    0.00  100.00
05:46:11 AM    6    0.00    0.00    0.00    0.00    0.00    0.00    0.00    0.00    0.00  100.00
05:46:11 AM    7    0.00    0.00    0.00    0.00    0.99   16.83    0.00    0.00    0.00   82.18

05:46:11 AM  CPU    %usr   %nice    %sys %iowait    %irq   %soft  %steal  %guest  %gnice   %idle
05:46:12 AM  all    1.75    0.00    4.38    0.00    0.00    9.38    0.00    0.00    0.00   84.50
05:46:12 AM    0    7.07    0.00   17.17    0.00    0.00    0.00    0.00    0.00    0.00   75.76
05:46:12 AM    1    7.00    0.00   18.00    0.00    0.00    0.00    0.00    0.00    0.00   75.00
05:46:12 AM    2    0.00    0.00    0.00    0.00    0.00   20.00    0.00    0.00    0.00   80.00
05:46:12 AM    3    0.00    0.00    0.00    0.00    0.00   37.62    0.00    0.00    0.00   62.38
05:46:12 AM    4    0.00    0.00    0.00    0.00    0.00    0.00    0.00    0.00    0.00  100.00
05:46:12 AM    5    0.00    0.00    0.00    0.00    0.00    0.00    0.00    0.00    0.00  100.00
05:46:12 AM    6    0.00    0.00    0.00    0.00    0.00    0.00    0.00    0.00    0.00  100.00
05:46:12 AM    7    0.00    0.00    0.00    0.00    0.00   17.00    0.00    0.00    0.00   83.00

05:46:12 AM  CPU    %usr   %nice    %sys %iowait    %irq   %soft  %steal  %guest  %gnice   %idle
05:46:13 AM  all    1.51    0.00    4.52    0.00    0.13    9.05    0.00    0.00    0.00   84.80
05:46:13 AM    0    6.19    0.00   16.49    0.00    0.00    0.00    0.00    0.00    0.00   77.32
05:46:13 AM    1    6.00    0.00   19.00    0.00    0.00    0.00    0.00    0.00    0.00   75.00
05:46:13 AM    2    0.00    0.00    0.00    0.00    0.00   19.19    0.00    0.00    0.00   80.81
05:46:13 AM    3    0.00    0.00    0.99    0.00    0.99   36.63    0.00    0.00    0.00   61.39
05:46:13 AM    4    0.00    0.00    0.00    0.00    0.00    0.00    0.00    0.00    0.00  100.00
05:46:13 AM    5    0.00    0.00    0.00    0.00    0.00    0.00    0.00    0.00    0.00  100.00
05:46:13 AM    6    0.00    0.00    0.00    0.00    0.00    0.00    0.00    0.00    0.00  100.00
05:46:13 AM    7    0.00    0.00    0.00    0.00    0.00   16.16    0.00    0.00    0.00   83.84

05:46:13 AM  CPU    %usr   %nice    %sys %iowait    %irq   %soft  %steal  %guest  %gnice   %idle
05:46:14 AM  all    1.63    0.00    4.63    0.00    0.00    9.26    0.00    0.00    0.00   84.48
05:46:14 AM    0    5.10    0.00   19.39    0.00    0.00    0.00    0.00    0.00    0.00   75.51
05:46:14 AM    1    8.00    0.00   18.00    0.00    0.00    0.00    0.00    0.00    0.00   74.00
05:46:14 AM    2    0.00    0.00    0.00    0.00    0.00   19.80    0.00    0.00    0.00   80.20
05:46:14 AM    3    0.00    0.00    0.00    0.00    0.00   37.00    0.00    0.00    0.00   63.00
05:46:14 AM    4    0.00    0.00    0.00    0.00    0.00    0.00    0.00    0.00    0.00  100.00
05:46:14 AM    5    0.00    0.00    0.00    0.00    0.00    0.00    0.00    0.00    0.00  100.00
05:46:14 AM    6    0.00    0.00    0.00    0.00    0.00    0.00    0.00    0.00    0.00  100.00
05:46:14 AM    7    0.00    0.00    0.00    0.00    0.00   17.00    0.00    0.00    0.00   83.00

05:46:14 AM  CPU    %usr   %nice    %sys %iowait    %irq   %soft  %steal  %guest  %gnice   %idle
05:46:15 AM  all    1.64    0.00    4.16    0.00    0.13    9.21    0.00    0.00    0.00   84.87
05:46:15 AM    0    6.19    0.00   16.49    0.00    1.03    0.00    0.00    0.00    0.00   76.29
05:46:15 AM    1    7.22    0.00   17.53    0.00    0.00    0.00    0.00    0.00    0.00   75.26
05:46:15 AM    2    0.00    0.00    0.00    0.00    0.00   19.19    0.00    0.00    0.00   80.81
05:46:15 AM    3    0.00    0.00    0.00    0.00    0.00   37.00    0.00    0.00    0.00   63.00
05:46:15 AM    4    0.00    0.00    0.00    0.00    0.00    0.00    0.00    0.00    0.00  100.00
05:46:15 AM    5    0.00    0.00    0.00    0.00    0.00    0.00    0.00    0.00    0.00  100.00
05:46:15 AM    6    0.00    0.00    0.00    0.00    0.00    0.00    0.00    0.00    0.00  100.00
05:46:15 AM    7    0.00    0.00    0.00    0.00    0.00   17.00    0.00    0.00    0.00   83.00

05:46:15 AM  CPU    %usr   %nice    %sys %iowait    %irq   %soft  %steal  %guest  %gnice   %idle
05:46:16 AM  all    1.64    0.00    4.66    0.00    0.13    9.32    0.00    0.00    0.00   84.26
05:46:16 AM    0    7.29    0.00   15.62    0.00    0.00    1.04    0.00    0.00    0.00   76.04
05:46:16 AM    1    6.12    0.00   20.41    0.00    0.00    0.00    0.00    0.00    0.00   73.47
05:46:16 AM    2    0.00    0.00    0.00    0.00    0.99   18.81    0.00    0.00    0.00   80.20
05:46:16 AM    3    0.00    0.00    1.01    0.00    0.00   38.38    0.00    0.00    0.00   60.61
05:46:16 AM    4    0.00    0.00    0.00    0.00    0.00    0.00    0.00    0.00    0.00  100.00
05:46:16 AM    5    0.00    0.00    0.00    0.00    0.00    0.00    0.00    0.00    0.00  100.00
05:46:16 AM    6    0.00    0.00    0.00    0.00    0.00    0.00    0.00    0.00    0.00  100.00
05:46:16 AM    7    0.00    0.00    1.00    0.00    0.00   16.00    0.00    0.00    0.00   83.00

05:46:16 AM  CPU    %usr   %nice    %sys %iowait    %irq   %soft  %steal  %guest  %gnice   %idle
05:46:17 AM  all    1.76    0.00    5.79    0.00    0.25    9.06    0.00    0.00    0.00   83.14
05:46:17 AM    0    7.22    0.00   21.65    0.00    0.00    0.00    0.00    0.00    0.00   71.13
05:46:17 AM    1    7.14    0.00   22.45    0.00    1.02    0.00    0.00    0.00    0.00   69.39
05:46:17 AM    2    0.00    0.00    0.00    0.00    0.00   19.00    0.00    0.00    0.00   81.00
05:46:17 AM    3    0.00    0.00    3.03    0.00    0.00   37.37    0.00    0.00    0.00   59.60
05:46:17 AM    4    0.00    0.00    0.00    0.00    0.00    0.00    0.00    0.00    0.00  100.00
05:46:17 AM    5    0.00    0.00    0.00    0.00    0.00    0.00    0.00    0.00    0.00  100.00
05:46:17 AM    6    0.00    0.00    0.00    0.00    0.00    0.00    0.00    0.00    0.00  100.00
05:46:17 AM    7    0.00    0.00    0.00    0.00    0.99   15.84    0.00    0.00    0.00   83.17

05:46:17 AM  CPU    %usr   %nice    %sys %iowait    %irq   %soft  %steal  %guest  %gnice   %idle
05:46:18 AM  all    1.75    0.00    5.88    0.00    0.25    9.39    0.00    0.00    0.00   82.73
05:46:18 AM    0    7.22    0.00   21.65    0.00    1.03    0.00    0.00    0.00    0.00   70.10
05:46:18 AM    1    7.00    0.00   25.00    0.00    0.00    0.00    0.00    0.00    0.00   68.00
05:46:18 AM    2    0.00    0.00    0.00    0.00    0.00   19.00    0.00    0.00    0.00   81.00
05:46:18 AM    3    0.00    0.00    0.98    0.00    0.98   38.24    0.00    0.00    0.00   59.80
05:46:18 AM    4    0.00    0.00    0.00    0.00    0.00    0.00    0.00    0.00    0.00  100.00
05:46:18 AM    5    0.00    0.00    0.00    0.00    0.00    0.00    0.00    0.00    0.00  100.00
05:46:18 AM    6    0.00    0.00    0.00    0.00    0.00    0.00    0.00    0.00    0.00  100.00
05:46:18 AM    7    0.00    0.00    0.00    0.00    0.00   17.00    0.00    0.00    0.00   83.00

05:46:18 AM  CPU    %usr   %nice    %sys %iowait    %irq   %soft  %steal  %guest  %gnice   %idle
05:46:19 AM  all    1.90    0.00    5.58    0.00    0.13    9.25    0.00    0.00    0.00   83.14
05:46:19 AM    0    9.47    0.00   21.05    0.00    0.00    0.00    0.00    0.00    0.00   69.47
05:46:19 AM    1    6.19    0.00   23.71    0.00    1.03    0.00    0.00    0.00    0.00   69.07
05:46:19 AM    2    0.00    0.00    0.00    0.00    0.00   18.18    0.00    0.00    0.00   81.82
05:46:19 AM    3    0.00    0.00    1.01    0.00    0.00   39.39    0.00    0.00    0.00   59.60
05:46:19 AM    4    0.00    0.00    0.00    0.00    0.00    0.00    0.00    0.00    0.00  100.00
05:46:19 AM    5    0.00    0.00    0.00    0.00    0.00    0.00    0.00    0.00    0.00  100.00
05:46:19 AM    6    0.00    0.00    0.00    0.00    0.00    0.00    0.00    0.00    0.00  100.00
05:46:19 AM    7    0.00    0.00    0.00    0.00    0.00   16.16    0.00    0.00    0.00   83.84

05:46:19 AM  CPU    %usr   %nice    %sys %iowait    %irq   %soft  %steal  %guest  %gnice   %idle
05:46:20 AM  all    2.26    0.00    5.27    0.00    0.13    9.54    0.00    0.00    0.00   82.81
05:46:20 AM    0    9.28    0.00   18.56    0.00    1.03    0.00    0.00    0.00    0.00   71.13
05:46:20 AM    1    9.00    0.00   23.00    0.00    0.00    0.00    0.00    0.00    0.00   68.00
05:46:20 AM    2    0.00    0.00    0.00    0.00    0.00   20.00    0.00    0.00    0.00   80.00
05:46:20 AM    3    0.00    0.00    1.00    0.00    0.00   39.00    0.00    0.00    0.00   60.00
05:46:20 AM    4    0.00    0.00    0.00    0.00    0.00    0.00    0.00    0.00    0.00  100.00
05:46:20 AM    5    0.00    0.00    0.00    0.00    0.00    0.00    0.00    0.00    0.00  100.00
05:46:20 AM    6    0.00    0.00    0.00    0.00    0.00    0.00    0.00    0.00    0.00  100.00
05:46:20 AM    7    0.00    0.00    0.00    0.00    0.00   17.00    0.00    0.00    0.00   83.00

05:46:20 AM  CPU    %usr   %nice    %sys %iowait    %irq   %soft  %steal  %guest  %gnice   %idle
05:46:21 AM  all    1.88    0.00    5.40    0.13    0.13    9.42    0.00    0.00    0.00   83.04
05:46:21 AM    0    7.29    0.00   21.88    0.00    0.00    0.00    0.00    0.00    0.00   70.83
05:46:21 AM    1    8.08    0.00   21.21    1.01    1.01    0.00    0.00    0.00    0.00   68.69
05:46:21 AM    2    0.00    0.00    0.00    0.00    0.00   19.00    0.00    0.00    0.00   81.00
05:46:21 AM    3    0.00    0.00    0.99    0.00    0.00   38.61    0.00    0.00    0.00   60.40
05:46:21 AM    4    0.00    0.00    0.00    0.00    0.00    0.00    0.00    0.00    0.00  100.00
05:46:21 AM    5    0.00    0.00    0.00    0.00    0.00    0.00    0.00    0.00    0.00  100.00
05:46:21 AM    6    0.00    0.00    0.00    0.00    0.00    0.00    0.00    0.00    0.00  100.00
05:46:21 AM    7    0.00    0.00    0.00    0.00    0.00   17.00    0.00    0.00    0.00   83.00

05:46:21 AM  CPU    %usr   %nice    %sys %iowait    %irq   %soft  %steal  %guest  %gnice   %idle
05:46:22 AM  all    2.13    0.00    5.13    0.00    0.13    9.14    0.00    0.00    0.00   83.48
05:46:22 AM    0    8.08    0.00   20.20    0.00    1.01    0.00    0.00    0.00    0.00   70.71
05:46:22 AM    1    8.91    0.00   20.79    0.00    0.00    0.00    0.00    0.00    0.00   70.30
05:46:22 AM    2    0.00    0.00    0.00    0.00    0.00   19.00    0.00    0.00    0.00   81.00
05:46:22 AM    3    0.00    0.00    0.00    0.00    0.00   38.38    0.00    0.00    0.00   61.62
05:46:22 AM    4    0.00    0.00    0.00    0.00    0.00    0.00    0.00    0.00    0.00  100.00
05:46:22 AM    5    0.00    0.00    0.00    0.00    0.00    0.00    0.00    0.00    0.00  100.00
05:46:22 AM    6    0.00    0.00    0.00    0.00    0.00    0.00    0.00    0.00    0.00  100.00
05:46:22 AM    7    0.00    0.00    0.00    0.00    0.00   16.00    0.00    0.00    0.00   84.00

05:46:22 AM  CPU    %usr   %nice    %sys %iowait    %irq   %soft  %steal  %guest  %gnice   %idle
05:46:23 AM  all    1.88    0.00    5.64    0.00    0.50    9.40    0.00    0.00    0.00   82.58
05:46:23 AM    0    7.14    0.00   23.47    0.00    0.00    0.00    0.00    0.00    0.00   69.39
05:46:23 AM    1    8.16    0.00   21.43    0.00    1.02    0.00    0.00    0.00    0.00   69.39
05:46:23 AM    2    0.00    0.00    0.00    0.00    1.00   19.00    0.00    0.00    0.00   80.00
05:46:23 AM    3    0.00    0.00    0.99    0.00    0.99   38.61    0.00    0.00    0.00   59.41
05:46:23 AM    4    0.00    0.00    0.00    0.00    0.00    0.00    0.00    0.00    0.00  100.00
05:46:23 AM    5    0.00    0.00    0.00    0.00    0.00    0.00    0.00    0.00    0.00  100.00
05:46:23 AM    6    0.00    0.00    0.00    0.00    0.00    0.00    0.00    0.00    0.00  100.00
05:46:23 AM    7    0.00    0.00    0.00    0.00    0.99   16.83    0.00    0.00    0.00   82.18

05:46:23 AM  CPU    %usr   %nice    %sys %iowait    %irq   %soft  %steal  %guest  %gnice   %idle
05:46:24 AM  all    2.00    0.00    5.86    0.00    0.12    9.35    0.00    0.00    0.00   82.67
05:46:24 AM    0    8.00    0.00   22.00    0.00    1.00    0.00    0.00    0.00    0.00   69.00
05:46:24 AM    1    7.92    0.00   22.77    0.00    0.00    0.00    0.00    0.00    0.00   69.31
05:46:24 AM    2    0.00    0.00    0.00    0.00    0.00   19.80    0.00    0.00    0.00   80.20
05:46:24 AM    3    0.00    0.00    2.00    0.00    0.00   38.00    0.00    0.00    0.00   60.00
05:46:24 AM    4    0.00    0.00    0.00    0.00    0.00    0.00    0.00    0.00    0.00  100.00
05:46:24 AM    5    0.00    0.00    0.00    0.00    0.00    0.00    0.00    0.00    0.00  100.00
05:46:24 AM    6    0.00    0.00    0.00    0.00    0.00    0.00    0.00    0.00    0.00  100.00
05:46:24 AM    7    0.00    0.00    0.00    0.00    0.00   17.00    0.00    0.00    0.00   83.00

05:46:24 AM  CPU    %usr   %nice    %sys %iowait    %irq   %soft  %steal  %guest  %gnice   %idle
05:46:25 AM  all    1.75    0.00    5.76    0.00    0.13    9.27    0.00    0.00    0.00   83.08
05:46:25 AM    0    6.25    0.00   20.83    0.00    0.00    0.00    0.00    0.00    0.00   72.92
05:46:25 AM    1    7.77    0.00   23.30    0.00    0.97    0.00    0.00    0.00    0.00   67.96
05:46:25 AM    2    0.00    0.00    0.00    0.00    0.00   19.19    0.00    0.00    0.00   80.81
05:46:25 AM    3    0.00    0.00    2.00    0.00    0.00   38.00    0.00    0.00    0.00   60.00
05:46:25 AM    4    0.00    0.00    0.00    0.00    0.00    0.00    0.00    0.00    0.00  100.00
05:46:25 AM    5    0.00    0.00    0.00    0.00    0.00    0.00    0.00    0.00    0.00  100.00
05:46:25 AM    6    0.00    0.00    0.00    0.00    0.00    0.00    0.00    0.00    0.00  100.00
05:46:25 AM    7    0.00    0.00    0.00    0.00    0.00   17.00    0.00    0.00    0.00   83.00

05:46:25 AM  CPU    %usr   %nice    %sys %iowait    %irq   %soft  %steal  %guest  %gnice   %idle
05:46:26 AM  all    2.02    0.00    5.93    0.00    0.13    9.47    0.00    0.00    0.00   82.45
05:46:26 AM    0    8.25    0.00   21.65    0.00    1.03    0.00    0.00    0.00    0.00   69.07
05:46:26 AM    1    8.25    0.00   21.65    0.00    0.00    1.03    0.00    0.00    0.00   69.07
05:46:26 AM    2    0.00    0.00    0.00    0.00    0.00   20.00    0.00    0.00    0.00   80.00
05:46:26 AM    3    0.00    0.00    5.05    0.00    0.00   37.37    0.00    0.00    0.00   57.58
05:46:26 AM    4    0.00    0.00    0.00    0.00    0.00    0.00    0.00    0.00    0.00  100.00
05:46:26 AM    5    0.00    0.00    0.00    0.00    0.00    0.00    0.00    0.00    0.00  100.00
05:46:26 AM    6    0.00    0.00    0.00    0.00    0.00    0.00    0.00    0.00    0.00  100.00
05:46:26 AM    7    0.00    0.00    0.00    0.00    0.00   17.17    0.00    0.00    0.00   82.83

05:46:26 AM  CPU    %usr   %nice    %sys %iowait    %irq   %soft  %steal  %guest  %gnice   %idle
05:46:27 AM  all    2.12    0.00    5.61    0.12    0.25    9.35    0.00    0.00    0.00   82.54
05:46:27 AM    0    8.91    0.00   20.79    0.99    0.99    0.00    0.00    0.00    0.00   68.32
05:46:27 AM    1    7.92    0.00   23.76    0.00    0.99    0.00    0.00    0.00    0.00   67.33
05:46:27 AM    2    0.00    0.00    0.00    0.00    0.00   19.00    0.00    0.00    0.00   81.00
05:46:27 AM    3    0.00    0.00    0.00    0.00    0.00   39.00    0.00    0.00    0.00   61.00
05:46:27 AM    4    0.00    0.00    0.00    0.00    0.00    0.00    0.00    0.00    0.00  100.00
05:46:27 AM    5    0.00    0.00    0.00    0.00    0.00    0.00    0.00    0.00    0.00  100.00
05:46:27 AM    6    0.00    0.00    0.00    0.00    0.00    0.00    0.00    0.00    0.00  100.00
05:46:27 AM    7    0.00    0.00    0.00    0.00    0.00   17.00    0.00    0.00    0.00   83.00

05:46:27 AM  CPU    %usr   %nice    %sys %iowait    %irq   %soft  %steal  %guest  %gnice   %idle
05:46:28 AM  all    1.52    0.00    4.94    0.00    0.25    9.49    0.00    0.00    0.00   83.80
05:46:28 AM    0    6.45    0.00   19.35    0.00    0.00    0.00    0.00    0.00    0.00   74.19
05:46:28 AM    1    6.25    0.00   20.83    0.00    0.00    0.00    0.00    0.00    0.00   72.92
05:46:28 AM    2    0.00    0.00    0.00    0.00    0.00   19.19    0.00    0.00    0.00   80.81
05:46:28 AM    3    0.00    0.00    0.99    0.00    0.99   38.61    0.00    0.00    0.00   59.41
05:46:28 AM    4    0.00    0.00    0.00    0.00    0.00    0.00    0.00    0.00    0.00  100.00
05:46:28 AM    5    0.00    0.00    0.00    0.00    0.00    0.00    0.00    0.00    0.00  100.00
05:46:28 AM    6    0.00    0.00    0.00    0.00    0.00    0.00    0.00    0.00    0.00  100.00
05:46:28 AM    7    0.00    0.00    0.00    0.00    0.99   16.83    0.00    0.00    0.00   82.18

05:46:28 AM  CPU    %usr   %nice    %sys %iowait    %irq   %soft  %steal  %guest  %gnice   %idle
05:46:29 AM  all    1.86    0.00    5.84    0.00    0.37    8.94    0.00    0.00    0.00   82.98
05:46:29 AM    0    6.86    0.00   22.55    0.00    0.98    0.00    0.00    0.00    0.00   69.61
05:46:29 AM    1    7.84    0.00   21.57    0.00    0.98    0.00    0.00    0.00    0.00   69.61
05:46:29 AM    2    0.00    0.00    0.98    0.00    0.98   18.63    0.00    0.00    0.00   79.41
05:46:29 AM    3    0.00    0.00    1.00    0.00    0.00   37.00    0.00    0.00    0.00   62.00
05:46:29 AM    4    0.00    0.00    0.00    0.00    0.00    0.00    0.00    0.00    0.00  100.00
05:46:29 AM    5    0.00    0.00    0.00    0.00    0.00    0.00    0.00    0.00    0.00  100.00
05:46:29 AM    6    0.00    0.00    0.00    0.00    0.00    0.00    0.00    0.00    0.00  100.00
05:46:29 AM    7    0.00    0.00    0.00    0.00    0.00   16.16    0.00    0.00    0.00   83.84

05:46:29 AM  CPU    %usr   %nice    %sys %iowait    %irq   %soft  %steal  %guest  %gnice   %idle
05:46:30 AM  all    2.14    0.00    5.91    0.00    0.00    9.31    0.00    0.00    0.00   82.64
05:46:30 AM    0    8.08    0.00   24.24    0.00    0.00    0.00    0.00    0.00    0.00   67.68
05:46:30 AM    1    9.28    0.00   22.68    0.00    0.00    0.00    0.00    0.00    0.00   68.04
05:46:30 AM    2    0.00    0.00    0.00    0.00    0.00   19.00    0.00    0.00    0.00   81.00
05:46:30 AM    3    0.00    0.00    1.01    0.00    0.00   39.39    0.00    0.00    0.00   59.60
05:46:30 AM    4    0.00    0.00    0.00    0.00    0.00    0.00    0.00    0.00    0.00  100.00
05:46:30 AM    5    0.00    0.00    0.00    0.00    0.00    0.00    0.00    0.00    0.00  100.00
05:46:30 AM    6    0.00    0.00    0.00    0.00    0.00    0.00    0.00    0.00    0.00  100.00
05:46:30 AM    7    0.00    0.00    0.00    0.00    0.00   16.00    0.00    0.00    0.00   84.00

05:46:30 AM  CPU    %usr   %nice    %sys %iowait    %irq   %soft  %steal  %guest  %gnice   %idle
05:46:31 AM  all    1.75    0.00    5.50    0.00    0.25    9.25    0.00    0.00    0.00   83.25
05:46:31 AM    0    8.08    0.00   20.20    0.00    1.01    0.00    0.00    0.00    0.00   70.71
05:46:31 AM    1    6.00    0.00   23.00    0.00    1.00    0.00    0.00    0.00    0.00   70.00
05:46:31 AM    2    0.00    0.00    0.00    0.00    0.00   19.00    0.00    0.00    0.00   81.00
05:46:31 AM    3    0.00    0.00    0.99    0.00    0.00   37.62    0.00    0.00    0.00   61.39
05:46:31 AM    4    0.00    0.00    0.00    0.00    0.00    0.00    0.00    0.00    0.00  100.00
05:46:31 AM    5    0.00    0.00    0.00    0.00    0.00    0.00    0.00    0.00    0.00  100.00
05:46:31 AM    6    0.00    0.00    0.00    0.00    0.00    0.00    0.00    0.00    0.00  100.00
05:46:31 AM    7    0.00    0.00    0.00    0.00    0.00   17.00    0.00    0.00    0.00   83.00

05:46:31 AM  CPU    %usr   %nice    %sys %iowait    %irq   %soft  %steal  %guest  %gnice   %idle
05:46:32 AM  all    2.00    0.00    6.25    0.00    0.00    9.38    0.00    0.00    0.00   82.38
05:46:32 AM    0    8.00    0.00   23.00    0.00    0.00    0.00    0.00    0.00    0.00   69.00
05:46:32 AM    1    7.84    0.00   25.49    0.00    0.00    0.00    0.00    0.00    0.00   66.67
05:46:32 AM    2    0.00    0.00    0.00    0.00    0.00   19.19    0.00    0.00    0.00   80.81
05:46:32 AM    3    0.00    0.00    1.01    0.00    0.00   39.39    0.00    0.00    0.00   59.60
05:46:32 AM    4    0.00    0.00    0.00    0.00    0.00    0.00    0.00    0.00    0.00  100.00
05:46:32 AM    5    0.00    0.00    0.00    0.00    0.00    0.00    0.00    0.00    0.00  100.00
05:46:32 AM    6    0.00    0.00    0.00    0.00    0.00    0.00    0.00    0.00    0.00  100.00
05:46:32 AM    7    0.00    0.00    0.00    0.00    0.00   17.00    0.00    0.00    0.00   83.00

05:46:32 AM  CPU    %usr   %nice    %sys %iowait    %irq   %soft  %steal  %guest  %gnice   %idle
05:46:33 AM  all    2.37    0.00    5.99    0.00    0.25    9.49    0.00    0.00    0.00   81.90
05:46:33 AM    0    9.00    0.00   24.00    0.00    1.00    0.00    0.00    0.00    0.00   66.00
05:46:33 AM    1    9.90    0.00   23.76    0.00    0.99    0.00    0.00    0.00    0.00   65.35
05:46:33 AM    2    0.00    0.00    0.00    0.00    0.00   19.80    0.00    0.00    0.00   80.20
05:46:33 AM    3    0.00    0.00    0.00    0.00    0.00   39.39    0.00    0.00    0.00   60.61
05:46:33 AM    4    0.00    0.00    0.00    0.00    0.00    0.00    0.00    0.00    0.00  100.00
05:46:33 AM    5    0.00    0.00    0.00    0.00    0.00    0.00    0.00    0.00    0.00  100.00
05:46:33 AM    6    0.00    0.00    0.00    0.00    0.00    0.00    0.00    0.00    0.00  100.00
05:46:33 AM    7    0.00    0.00    0.00    0.00    0.00   17.00    0.00    0.00    0.00   83.00

05:46:33 AM  CPU    %usr   %nice    %sys %iowait    %irq   %soft  %steal  %guest  %gnice   %idle
05:46:34 AM  all    2.24    0.00    6.34    0.00    0.25    9.08    0.00    0.00    0.00   82.09
05:46:34 AM    0    8.82    0.00   25.49    0.00    0.00    0.00    0.00    0.00    0.00   65.69
05:46:34 AM    1    8.82    0.00   24.51    0.00    0.00    0.00    0.00    0.00    0.00   66.67
05:46:34 AM    2    0.00    0.00    0.00    0.00    0.00   18.18    0.00    0.00    0.00   81.82
05:46:34 AM    3    0.00    0.00    0.00    0.00    0.99   38.61    0.00    0.00    0.00   60.40
05:46:34 AM    4    0.00    0.00    0.00    0.00    0.00    0.00    0.00    0.00    0.00  100.00
05:46:34 AM    5    0.00    0.00    0.00    0.00    0.99    0.00    0.00    0.00    0.00   99.01
05:46:34 AM    6    0.00    0.00    0.00    0.00    0.00    0.00    0.00    0.00    0.00  100.00
05:46:34 AM    7    0.00    0.00    0.00    0.00    0.00   16.16    0.00    0.00    0.00   83.84

05:46:34 AM  CPU    %usr   %nice    %sys %iowait    %irq   %soft  %steal  %guest  %gnice   %idle
05:46:35 AM  all    2.10    0.00    5.92    0.12    0.37    9.25    0.00    0.00    0.00   82.24
05:46:35 AM    0    8.74    0.00   20.39    0.00    0.97    0.97    0.00    0.00    0.00   68.93
05:46:35 AM    1    7.48    0.00   25.23    0.93    0.93    0.00    0.00    0.00    0.00   65.42
05:46:35 AM    2    0.00    0.00    0.00    0.00    0.00   19.00    0.00    0.00    0.00   81.00
05:46:35 AM    3    0.00    0.00    0.00    0.00    0.00   38.00    0.00    0.00    0.00   62.00
05:46:35 AM    4    0.00    0.00    0.00    0.00    0.00    0.00    0.00    0.00    0.00  100.00
05:46:35 AM    5    0.00    0.00    0.00    0.00    0.00    0.00    0.00    0.00    0.00  100.00
05:46:35 AM    6    0.00    0.00    0.00    0.00    0.00    0.00    0.00    0.00    0.00  100.00
05:46:35 AM    7    0.00    0.00    0.00    0.00    0.99   16.83    0.00    0.00    0.00   82.18

05:46:35 AM  CPU    %usr   %nice    %sys %iowait    %irq   %soft  %steal  %guest  %gnice   %idle
05:46:36 AM  all    2.00    0.00    5.62    0.00    0.12    9.50    0.00    0.00    0.00   82.75
05:46:36 AM    0    8.08    0.00   21.21    0.00    0.00    0.00    0.00    0.00    0.00   70.71
05:46:36 AM    1    8.00    0.00   23.00    0.00    0.00    0.00    0.00    0.00    0.00   69.00
05:46:36 AM    2    0.00    0.00    0.00    0.00    0.99   19.80    0.00    0.00    0.00   79.21
05:46:36 AM    3    0.00    0.00    1.00    0.00    0.00   39.00    0.00    0.00    0.00   60.00
05:46:36 AM    4    0.00    0.00    0.00    0.00    0.00    0.00    0.00    0.00    0.00  100.00
05:46:36 AM    5    0.00    0.00    0.00    0.00    0.00    0.00    0.00    0.00    0.00  100.00
05:46:36 AM    6    0.00    0.00    0.00    0.00    0.00    0.00    0.00    0.00    0.00  100.00
05:46:36 AM    7    0.00    0.00    0.00    0.00    0.00   17.00    0.00    0.00    0.00   83.00

05:46:36 AM  CPU    %usr   %nice    %sys %iowait    %irq   %soft  %steal  %guest  %gnice   %idle
05:46:37 AM  all    2.24    0.00    5.73    0.00    0.25    8.97    0.00    0.00    0.00   82.81
05:46:37 AM    0    8.91    0.00   21.78    0.00    0.99    0.00    0.00    0.00    0.00   68.32
05:46:37 AM    1    8.65    0.00   23.08    0.00    0.96    0.00    0.00    0.00    0.00   67.31
05:46:37 AM    2    0.00    0.00    0.00    0.00    0.00   18.18    0.00    0.00    0.00   81.82
05:46:37 AM    3    0.00    0.00    0.00    0.00    0.00   38.00    0.00    0.00    0.00   62.00
05:46:37 AM    4    0.00    0.00    0.00    0.00    0.00    0.00    0.00    0.00    0.00  100.00
05:46:37 AM    5    0.00    0.00    0.00    0.00    0.00    0.00    0.00    0.00    0.00  100.00
05:46:37 AM    6    0.00    0.00    0.00    0.00    0.00    0.00    0.00    0.00    0.00  100.00
05:46:37 AM    7    0.00    0.00    0.00    0.00    0.00   16.16    0.00    0.00    0.00   83.84

05:46:37 AM  CPU    %usr   %nice    %sys %iowait    %irq   %soft  %steal  %guest  %gnice   %idle
05:46:38 AM  all    2.11    0.00    5.85    0.00    0.00    9.33    0.00    0.00    0.00   82.71
05:46:38 AM    0    7.92    0.00   21.78    0.00    0.00    0.00    0.00    0.00    0.00   70.30
05:46:38 AM    1    8.74    0.00   22.33    0.00    0.00    0.00    0.00    0.00    0.00   68.93
05:46:38 AM    2    0.00    0.00    0.00    0.00    0.00   20.00    0.00    0.00    0.00   80.00
05:46:38 AM    3    0.00    0.00    2.00    0.00    0.00   38.00    0.00    0.00    0.00   60.00
05:46:38 AM    4    0.00    0.00    0.00    0.00    0.00    0.00    0.00    0.00    0.00  100.00
05:46:38 AM    5    0.00    0.00    0.00    0.00    0.00    0.00    0.00    0.00    0.00  100.00
05:46:38 AM    6    0.00    0.00    0.00    0.00    0.00    0.00    0.00    0.00    0.00  100.00
05:46:38 AM    7    0.00    0.00    0.00    0.00    0.00   17.00    0.00    0.00    0.00   83.00

05:46:38 AM  CPU    %usr   %nice    %sys %iowait    %irq   %soft  %steal  %guest  %gnice   %idle
05:46:39 AM  all    1.76    0.00    5.90    0.13    0.38    9.28    0.00    0.00    0.00   82.56
05:46:39 AM    0    8.08    0.00   22.22    1.01    1.01    0.00    0.00    0.00    0.00   67.68
05:46:39 AM    1    6.12    0.00   24.49    0.00    1.02    0.00    0.00    0.00    0.00   68.37
05:46:39 AM    2    0.00    0.00    0.00    0.00    0.00   19.00    0.00    0.00    0.00   81.00
05:46:39 AM    3    0.00    0.00    1.00    0.00    1.00   38.00    0.00    0.00    0.00   60.00
05:46:39 AM    4    0.00    0.00    0.00    0.00    0.00    0.00    0.00    0.00    0.00  100.00
05:46:39 AM    5    0.00    0.00    0.00    0.00    0.00    0.00    0.00    0.00    0.00  100.00
05:46:39 AM    6    0.00    0.00    0.00    0.00    0.00    0.00    0.00    0.00    0.00  100.00
05:46:39 AM    7    0.00    0.00    0.00    0.00    0.00   17.00    0.00    0.00    0.00   83.00

05:46:39 AM  CPU    %usr   %nice    %sys %iowait    %irq   %soft  %steal  %guest  %gnice   %idle
05:46:40 AM  all    2.38    0.00    5.75    0.00    0.00    9.25    0.00    0.00    0.00   82.62
05:46:40 AM    0    9.18    0.00   22.45    0.00    0.00    0.00    0.00    0.00    0.00   68.37
05:46:40 AM    1    9.90    0.00   22.77    0.00    0.00    0.00    0.00    0.00    0.00   67.33
05:46:40 AM    2    0.00    0.00    0.00    0.00    0.00   19.00    0.00    0.00    0.00   81.00
05:46:40 AM    3    0.00    0.00    0.99    0.00    0.00   38.61    0.00    0.00    0.00   60.40
05:46:40 AM    4    0.00    0.00    0.00    0.00    0.00    0.00    0.00    0.00    0.00  100.00
05:46:40 AM    5    0.00    0.00    0.00    0.00    0.00    0.00    0.00    0.00    0.00  100.00
05:46:40 AM    6    0.00    0.00    0.00    0.00    0.00    0.00    0.00    0.00    0.00  100.00
05:46:40 AM    7    0.00    0.00    0.00    0.00    0.00   16.00    0.00    0.00    0.00   84.00

05:46:40 AM  CPU    %usr   %nice    %sys %iowait    %irq   %soft  %steal  %guest  %gnice   %idle
05:46:41 AM  all    1.87    0.00    5.74    0.00    0.37    9.11    0.00    0.00    0.00   82.90
05:46:41 AM    0    8.00    0.00   21.00    0.00    1.00    0.00    0.00    0.00    0.00   70.00
05:46:41 AM    1    6.86    0.00   23.53    0.00    0.98    0.00    0.00    0.00    0.00   68.63
05:46:41 AM    2    0.00    0.00    0.00    0.00    0.00   19.00    0.00    0.00    0.00   81.00
05:46:41 AM    3    0.00    0.00    1.01    0.00    0.00   38.38    0.00    0.00    0.00   60.61
05:46:41 AM    4    0.00    0.00    0.00    0.00    0.00    0.00    0.00    0.00    0.00  100.00
05:46:41 AM    5    0.00    0.00    0.00    0.00    0.00    0.00    0.00    0.00    0.00  100.00
05:46:41 AM    6    0.00    0.00    0.00    0.00    0.00    0.00    0.00    0.00    0.00  100.00
05:46:41 AM    7    0.00    0.00    0.00    0.00    1.00   16.00    0.00    0.00    0.00   83.00

05:46:41 AM  CPU    %usr   %nice    %sys %iowait    %irq   %soft  %steal  %guest  %gnice   %idle
05:46:42 AM  all    2.61    0.00    5.72    0.00    0.00    9.20    0.00    0.00    0.00   82.46
05:46:42 AM    0   10.78    0.00   22.55    0.00    0.00    0.00    0.00    0.00    0.00   66.67
05:46:42 AM    1    9.80    0.00   22.55    0.00    0.00    0.00    0.00    0.00    0.00   67.65
05:46:42 AM    2    0.00    0.00    0.00    0.00    0.00   18.00    0.00    0.00    0.00   82.00
05:46:42 AM    3    0.00    0.00    0.00    0.00    0.00   39.00    0.00    0.00    0.00   61.00
05:46:42 AM    4    0.00    0.00    0.00    0.00    0.00    0.00    0.00    0.00    0.00  100.00
05:46:42 AM    5    0.00    0.00    0.00    0.00    0.00    0.00    0.00    0.00    0.00  100.00
05:46:42 AM    6    0.00    0.00    0.00    0.00    0.00    0.00    0.00    0.00    0.00  100.00
05:46:42 AM    7    0.00    0.00    0.00    0.00    0.00   17.00    0.00    0.00    0.00   83.00

05:46:42 AM  CPU    %usr   %nice    %sys %iowait    %irq   %soft  %steal  %guest  %gnice   %idle
05:46:43 AM  all    1.63    0.00    5.64    0.00    0.38    9.27    0.00    0.00    0.00   83.08
05:46:43 AM    0    6.12    0.00   21.43    0.00    1.02    0.00    0.00    0.00    0.00   71.43
05:46:43 AM    1    7.07    0.00   21.21    0.00    1.01    0.00    0.00    0.00    0.00   70.71
05:46:43 AM    2    0.00    0.00    0.00    0.00    0.99   19.80    0.00    0.00    0.00   79.21
05:46:43 AM    3    0.00    0.00    3.00    0.00    0.00   37.00    0.00    0.00    0.00   60.00
05:46:43 AM    4    0.00    0.00    0.00    0.00    0.00    0.00    0.00    0.00    0.00  100.00
05:46:43 AM    5    0.00    0.00    0.00    0.00    0.00    0.00    0.00    0.00    0.00  100.00
05:46:43 AM    6    0.00    0.00    0.00    0.00    0.00    0.00    0.00    0.00    0.00  100.00
05:46:43 AM    7    0.00    0.00    0.00    0.00    0.00   17.00    0.00    0.00    0.00   83.00

05:46:43 AM  CPU    %usr   %nice    %sys %iowait    %irq   %soft  %steal  %guest  %gnice   %idle
05:46:44 AM  all    2.37    0.00    5.99    0.00    0.12    9.11    0.00    0.00    0.00   82.40
05:46:44 AM    0   10.78    0.00   22.55    0.00    0.00    0.00    0.00    0.00    0.00   66.67
05:46:44 AM    1    8.08    0.00   24.24    0.00    0.00    0.00    0.00    0.00    0.00   67.68
05:46:44 AM    2    0.00    0.00    0.00    0.00    0.00   18.18    0.00    0.00    0.00   81.82
05:46:44 AM    3    0.00    0.00    0.99    0.00    0.99   38.61    0.00    0.00    0.00   59.41
05:46:44 AM    4    0.00    0.00    0.00    0.00    0.00    0.00    0.00    0.00    0.00  100.00
05:46:44 AM    5    0.00    0.00    0.00    0.00    0.00    0.00    0.00    0.00    0.00  100.00
05:46:44 AM    6    0.00    0.00    0.00    0.00    0.00    0.00    0.00    0.00    0.00  100.00
05:46:44 AM    7    0.00    0.00    0.00    0.00    0.00   16.00    0.00    0.00    0.00   84.00

05:46:44 AM  CPU    %usr   %nice    %sys %iowait    %irq   %soft  %steal  %guest  %gnice   %idle
05:46:45 AM  all    2.24    0.00    5.85    0.12    0.12    9.33    0.00    0.00    0.00   82.34
05:46:45 AM    0    7.92    0.00   21.78    0.99    0.99    0.00    0.00    0.00    0.00   68.32
05:46:45 AM    1    9.62    0.00   22.12    0.00    0.00    0.96    0.00    0.00    0.00   67.31
05:46:45 AM    2    0.00    0.00    0.00    0.00    0.00   20.00    0.00    0.00    0.00   80.00
05:46:45 AM    3    0.00    0.00    2.02    0.00    0.00   37.37    0.00    0.00    0.00   60.61
05:46:45 AM    4    0.00    0.00    0.00    0.00    0.00    0.00    0.00    0.00    0.00  100.00
05:46:45 AM    5    0.00    0.00    0.00    0.00    0.00    0.00    0.00    0.00    0.00  100.00
05:46:45 AM    6    0.00    0.00    0.00    0.00    0.00    0.00    0.00    0.00    0.00  100.00
05:46:45 AM    7    0.00    0.00    0.00    0.00    0.00   17.00    0.00    0.00    0.00   83.00

05:46:45 AM  CPU    %usr   %nice    %sys %iowait    %irq   %soft  %steal  %guest  %gnice   %idle
05:46:46 AM  all    2.00    0.00    6.49    0.00    0.12    9.61    0.00    0.00    0.00   81.77
05:46:46 AM    0    7.84    0.00   26.47    0.00    0.00    0.00    0.00    0.00    0.00   65.69
05:46:46 AM    1    8.08    0.00   23.23    0.00    1.01    0.00    0.00    0.00    0.00   67.68
05:46:46 AM    2    0.00    0.00    0.00    0.00    0.00   20.00    0.00    0.00    0.00   80.00
05:46:46 AM    3    0.00    0.00    1.98    0.00    0.00   39.60    0.00    0.00    0.00   58.42
05:46:46 AM    4    0.00    0.00    0.00    0.00    0.00    0.00    0.00    0.00    0.00  100.00
05:46:46 AM    5    0.00    0.00    0.00    0.00    0.00    0.00    0.00    0.00    0.00  100.00
05:46:46 AM    6    0.00    0.00    0.00    0.00    0.00    0.00    0.00    0.00    0.00  100.00
05:46:46 AM    7    0.00    0.00    0.00    0.00    0.00   17.17    0.00    0.00    0.00   82.83

05:46:46 AM  CPU    %usr   %nice    %sys %iowait    %irq   %soft  %steal  %guest  %gnice   %idle
05:46:47 AM  all    2.12    0.00    6.10    0.00    0.25    9.34    0.00    0.00    0.00   82.19
05:46:47 AM    0    8.00    0.00   23.00    0.00    1.00    0.00    0.00    0.00    0.00   68.00
05:46:47 AM    1    8.82    0.00   24.51    0.00    0.00    0.00    0.00    0.00    0.00   66.67
05:46:47 AM    2    0.00    0.00    0.00    0.00    0.00   19.00    0.00    0.00    0.00   81.00
05:46:47 AM    3    0.00    0.00    1.00    0.00    0.00   39.00    0.00    0.00    0.00   60.00
05:46:47 AM    4    0.00    0.00    0.00    0.00    0.00    0.00    0.00    0.00    0.00  100.00
05:46:47 AM    5    0.00    0.00    0.00    0.00    0.00    0.00    0.00    0.00    0.00  100.00
05:46:47 AM    6    0.00    0.00    0.00    0.00    0.00    0.00    0.00    0.00    0.00  100.00
05:46:47 AM    7    0.00    0.00    0.00    0.00    0.99   16.83    0.00    0.00    0.00   82.18

05:46:47 AM  CPU    %usr   %nice    %sys %iowait    %irq   %soft  %steal  %guest  %gnice   %idle
05:46:48 AM  all    2.13    0.00    5.89    0.00    0.13    9.27    0.00    0.00    0.00   82.58
05:46:48 AM    0    9.18    0.00   22.45    0.00    0.00    0.00    0.00    0.00    0.00   68.37
05:46:48 AM    1    8.00    0.00   24.00    0.00    1.00    0.00    0.00    0.00    0.00   67.00
05:46:48 AM    2    0.00    0.00    0.00    0.00    0.00   19.00    0.00    0.00    0.00   81.00
05:46:48 AM    3    0.00    0.00    1.01    0.00    0.00   38.38    0.00    0.00    0.00   60.61
05:46:48 AM    4    0.00    0.00    0.00    0.00    0.00    0.00    0.00    0.00    0.00  100.00
05:46:48 AM    5    0.00    0.00    0.00    0.00    0.00    0.00    0.00    0.00    0.00  100.00
05:46:48 AM    6    0.00    0.00    0.00    0.00    0.00    0.00    0.00    0.00    0.00  100.00
05:46:48 AM    7    0.00    0.00    0.00    0.00    0.00   16.83    0.00    0.00    0.00   83.17

05:46:48 AM  CPU    %usr   %nice    %sys %iowait    %irq   %soft  %steal  %guest  %gnice   %idle
05:46:49 AM  all    2.01    0.00    6.52    0.13    0.38    9.28    0.00    0.00    0.00   81.68
05:46:49 AM    0    7.29    0.00   23.96    0.00    1.04    0.00    0.00    0.00    0.00   67.71
05:46:49 AM    1    8.91    0.00   25.74    0.99    0.00    0.00    0.00    0.00    0.00   64.36
05:46:49 AM    2    0.00    0.00    0.00    0.00    1.00   19.00    0.00    0.00    0.00   80.00
05:46:49 AM    3    0.00    0.00    3.00    0.00    0.00   39.00    0.00    0.00    0.00   58.00
05:46:49 AM    4    0.00    0.00    0.00    0.00    0.99    0.00    0.00    0.00    0.00   99.01
05:46:49 AM    5    0.00    0.00    0.00    0.00    0.00    0.00    0.00    0.00    0.00  100.00
05:46:49 AM    6    0.00    0.00    0.00    0.00    0.00    0.00    0.00    0.00    0.00  100.00
05:46:49 AM    7    0.00    0.00    0.00    0.00    0.00   16.16    0.00    0.00    0.00   83.84

05:46:49 AM  CPU    %usr   %nice    %sys %iowait    %irq   %soft  %steal  %guest  %gnice   %idle
05:46:50 AM  all    1.99    0.00    5.71    0.00    0.25    9.07    0.00    0.00    0.00   82.98
05:46:50 AM    0    6.93    0.00   22.77    0.00    0.00    0.00    0.00    0.00    0.00   70.30
05:46:50 AM    1    8.74    0.00   21.36    0.00    0.97    0.00    0.00    0.00    0.00   68.93
05:46:50 AM    2    0.00    0.00    0.00    0.00    0.00   19.00    0.00    0.00    0.00   81.00
05:46:50 AM    3    0.00    0.00    0.00    0.00    0.99   37.62    0.00    0.00    0.00   61.39
05:46:50 AM    4    0.00    0.00    0.00    0.00    0.00    0.00    0.00    0.00    0.00  100.00
05:46:50 AM    5    0.00    0.00    0.00    0.00    0.00    0.00    0.00    0.00    0.00  100.00
05:46:50 AM    6    0.00    0.00    0.00    0.00    0.00    0.00    0.00    0.00    0.00  100.00
05:46:50 AM    7    0.00    0.00    1.00    0.00    0.00   16.00    0.00    0.00    0.00   83.00

05:46:50 AM  CPU    %usr   %nice    %sys %iowait    %irq   %soft  %steal  %guest  %gnice   %idle
05:46:51 AM  all    2.48    0.00    5.71    0.00    0.12    9.07    0.00    0.00    0.00   82.61
05:46:51 AM    0    9.90    0.00   19.80    0.00    0.99    0.00    0.00    0.00    0.00   69.31
05:46:51 AM    1    9.62    0.00   24.04    0.00    0.00    0.00    0.00    0.00    0.00   66.35
05:46:51 AM    2    0.00    0.00    0.00    0.00    0.00   18.18    0.00    0.00    0.00   81.82
05:46:51 AM    3    0.00    0.00    1.00    0.00    0.00   38.00    0.00    0.00    0.00   61.00
05:46:51 AM    4    0.00    0.00    0.00    0.00    0.00    0.00    0.00    0.00    0.00  100.00
05:46:51 AM    5    0.00    0.00    0.00    0.00    0.00    0.00    0.00    0.00    0.00  100.00
05:46:51 AM    6    0.00    0.00    0.00    0.00    0.00    0.00    0.00    0.00    0.00  100.00
05:46:51 AM    7    0.00    0.00    0.00    0.00    0.00   16.83    0.00    0.00    0.00   83.17

05:46:51 AM  CPU    %usr   %nice    %sys %iowait    %irq   %soft  %steal  %guest  %gnice   %idle
05:46:52 AM  all    2.12    0.00    6.11    0.00    0.00    9.35    0.00    0.00    0.00   82.42
05:46:52 AM    0    8.00    0.00   23.00    0.00    0.00    0.00    0.00    0.00    0.00   69.00
05:46:52 AM    1    8.91    0.00   22.77    0.00    0.00    0.00    0.00    0.00    0.00   68.32
05:46:52 AM    2    0.00    0.00    0.00    0.00    0.00   19.80    0.00    0.00    0.00   80.20
05:46:52 AM    3    0.00    0.00    3.00    0.00    0.00   38.00    0.00    0.00    0.00   59.00
05:46:52 AM    4    0.00    0.00    0.00    0.00    0.00    0.00    0.00    0.00    0.00  100.00
05:46:52 AM    5    0.00    0.00    0.00    0.00    0.00    0.00    0.00    0.00    0.00  100.00
05:46:52 AM    6    0.00    0.00    0.00    0.00    0.00    0.00    0.00    0.00    0.00  100.00
05:46:52 AM    7    0.00    0.00    0.00    0.00    0.00   17.00    0.00    0.00    0.00   83.00

05:46:52 AM  CPU    %usr   %nice    %sys %iowait    %irq   %soft  %steal  %guest  %gnice   %idle
05:46:53 AM  all    2.01    0.00    5.41    0.00    0.13    9.18    0.00    0.00    0.00   83.27
05:46:53 AM    0    8.25    0.00   21.65    0.00    0.00    0.00    0.00    0.00    0.00   70.10
05:46:53 AM    1    8.00    0.00   21.00    0.00    1.00    0.00    0.00    0.00    0.00   70.00
05:46:53 AM    2    0.00    0.00    0.00    0.00    0.00   19.19    0.00    0.00    0.00   80.81
05:46:53 AM    3    0.00    0.00    1.00    0.00    0.00   38.00    0.00    0.00    0.00   61.00
05:46:53 AM    4    0.00    0.00    0.00    0.00    0.00    0.00    0.00    0.00    0.00  100.00
05:46:53 AM    5    0.00    0.00    0.00    0.00    0.00    0.00    0.00    0.00    0.00  100.00
05:46:53 AM    6    0.00    0.00    0.00    0.00    0.00    0.00    0.00    0.00    0.00  100.00
05:46:53 AM    7    0.00    0.00    0.00    0.00    0.00   16.16    0.00    0.00    0.00   83.84

05:46:53 AM  CPU    %usr   %nice    %sys %iowait    %irq   %soft  %steal  %guest  %gnice   %idle
05:46:54 AM  all    2.02    0.00    6.55    0.00    0.13    9.32    0.00    0.00    0.00   81.99
05:46:54 AM    0    9.09    0.00   24.24    0.00    1.01    0.00    0.00    0.00    0.00   65.66
05:46:54 AM    1    7.29    0.00   23.96    0.00    0.00    0.00    0.00    0.00    0.00   68.75
05:46:54 AM    2    0.00    0.00    0.00    0.00    0.00   20.00    0.00    0.00    0.00   80.00
05:46:54 AM    3    0.00    0.00    5.05    0.00    0.00   37.37    0.00    0.00    0.00   57.58
05:46:54 AM    4    0.00    0.00    0.00    0.00    0.00    0.00    0.00    0.00    0.00  100.00
05:46:54 AM    5    0.00    0.00    0.00    0.00    0.00    0.00    0.00    0.00    0.00  100.00
05:46:54 AM    6    0.00    0.00    0.00    0.00    0.00    0.00    0.00    0.00    0.00  100.00
05:46:54 AM    7    0.00    0.00    0.00    0.00    0.00   17.00    0.00    0.00    0.00   83.00

05:46:54 AM  CPU    %usr   %nice    %sys %iowait    %irq   %soft  %steal  %guest  %gnice   %idle
05:46:55 AM  all    1.64    0.00    5.41    0.00    0.50    9.56    0.00    0.00    0.00   82.89
05:46:55 AM    0    5.21    0.00   20.83    0.00    1.04    1.04    0.00    0.00    0.00   71.88
05:46:55 AM    1    8.16    0.00   20.41    0.00    1.02    0.00    0.00    0.00    0.00   70.41
05:46:55 AM    2    0.00    0.00    0.00    0.00    0.00   20.00    0.00    0.00    0.00   80.00
05:46:55 AM    3    0.00    0.00    2.97    0.00    0.99   37.62    0.00    0.00    0.00   58.42
05:46:55 AM    4    0.00    0.00    0.00    0.00    0.00    0.00    0.00    0.00    0.00  100.00
05:46:55 AM    5    0.00    0.00    0.00    0.00    0.00    0.00    0.00    0.00    0.00  100.00
05:46:55 AM    6    0.00    0.00    0.00    0.00    0.00    0.00    0.00    0.00    0.00  100.00
05:46:55 AM    7    0.00    0.00    0.00    0.00    1.00   17.00    0.00    0.00    0.00   82.00

05:46:55 AM  CPU    %usr   %nice    %sys %iowait    %irq   %soft  %steal  %guest  %gnice   %idle
05:46:56 AM  all    2.23    0.00    5.69    0.00    0.00    9.03    0.00    0.00    0.00   83.04
05:46:56 AM    0    8.82    0.00   21.57    0.00    0.00    0.00    0.00    0.00    0.00   69.61
05:46:56 AM    1    8.57    0.00   22.86    0.00    0.00    0.00    0.00    0.00    0.00   68.57
05:46:56 AM    2    0.00    0.00    0.00    0.00    0.00   18.00    0.00    0.00    0.00   82.00
05:46:56 AM    3    0.00    0.00    0.00    0.00    0.00   38.00    0.00    0.00    0.00   62.00
05:46:56 AM    4    0.00    0.00    0.00    0.00    0.00    0.00    0.00    0.00    0.00  100.00
05:46:56 AM    5    0.00    0.00    0.00    0.00    0.00    0.00    0.00    0.00    0.00  100.00
05:46:56 AM    6    0.00    0.00    0.00    0.00    0.00    0.00    0.00    0.00    0.00  100.00
05:46:56 AM    7    0.00    0.00    0.00    0.00    0.00   16.83    0.00    0.00    0.00   83.17

05:46:56 AM  CPU    %usr   %nice    %sys %iowait    %irq   %soft  %steal  %guest  %gnice   %idle
05:46:57 AM  all    1.99    0.00    6.46    0.00    0.37    9.07    0.00    0.00    0.00   82.11
05:46:57 AM    0    6.86    0.00   24.51    0.00    0.98    0.00    0.00    0.00    0.00   67.65
05:46:57 AM    1    8.65    0.00   25.00    0.00    0.96    0.00    0.00    0.00    0.00   65.38
05:46:57 AM    2    0.00    0.00    0.00    0.00    0.99   18.81    0.00    0.00    0.00   80.20
05:46:57 AM    3    0.00    0.00    1.01    0.00    0.00   38.38    0.00    0.00    0.00   60.61
05:46:57 AM    4    0.00    0.00    0.00    0.00    0.00    0.00    0.00    0.00    0.00  100.00
05:46:57 AM    5    0.00    0.00    0.00    0.00    0.00    0.00    0.00    0.00    0.00  100.00
05:46:57 AM    6    0.00    0.00    0.00    0.00    0.00    0.00    0.00    0.00    0.00  100.00
05:46:57 AM    7    0.00    0.00    0.00    0.00    0.00   16.16    0.00    0.00    0.00   83.84

05:46:57 AM  CPU    %usr   %nice    %sys %iowait    %irq   %soft  %steal  %guest  %gnice   %idle
05:46:58 AM  all    2.01    0.00    6.27    0.00    0.00    9.27    0.00    0.00    0.00   82.46
05:46:58 AM    0    8.08    0.00   23.23    0.00    0.00    0.00    0.00    0.00    0.00   68.69
05:46:58 AM    1    8.08    0.00   25.25    0.00    0.00    0.00    0.00    0.00    0.00   66.67
05:46:58 AM    2    0.00    0.00    0.00    0.00    0.00   19.00    0.00    0.00    0.00   81.00
05:46:58 AM    3    0.00    0.00    2.00    0.00    0.00   38.00    0.00    0.00    0.00   60.00
05:46:58 AM    4    0.00    0.00    0.00    0.00    0.00    0.00    0.00    0.00    0.00  100.00
05:46:58 AM    5    0.00    0.00    0.00    0.00    0.00    0.00    0.00    0.00    0.00  100.00
05:46:58 AM    6    0.00    0.00    0.00    0.00    0.00    0.00    0.00    0.00    0.00  100.00
05:46:58 AM    7    0.00    0.00    0.00    0.00    0.00   17.00    0.00    0.00    0.00   83.00

05:46:58 AM  CPU    %usr   %nice    %sys %iowait    %irq   %soft  %steal  %guest  %gnice   %idle
05:46:59 AM  all    2.48    0.00    6.06    0.00    0.25    8.79    0.00    0.00    0.00   82.43
05:46:59 AM    0   10.68    0.00   19.42    0.00    0.97    0.00    0.00    0.00    0.00   68.93
05:46:59 AM    1    8.49    0.00   25.47    0.00    0.94    0.00    0.00    0.00    0.00   65.09
05:46:59 AM    2    0.00    0.00    0.00    0.00    0.00   18.18    0.00    0.00    0.00   81.82
05:46:59 AM    3    0.00    0.00    2.00    0.00    0.00   37.00    0.00    0.00    0.00   61.00
05:46:59 AM    4    0.00    0.00    0.00    0.00    0.00    0.00    0.00    0.00    0.00  100.00
05:46:59 AM    5    0.00    0.00    0.00    0.00    0.00    0.00    0.00    0.00    0.00  100.00
05:46:59 AM    6    0.00    0.00    0.00    0.00    0.00    0.00    0.00    0.00    0.00  100.00
05:46:59 AM    7    0.00    0.00    0.00    0.00    0.00   16.00    0.00    0.00    0.00   84.00

05:46:59 AM  CPU    %usr   %nice    %sys %iowait    %irq   %soft  %steal  %guest  %gnice   %idle
05:47:00 AM  all    1.76    0.00    6.30    0.00    0.00    9.32    0.00    0.00    0.00   82.62
05:47:00 AM    0    7.22    0.00   23.71    0.00    0.00    0.00    0.00    0.00    0.00   69.07
05:47:00 AM    1    7.22    0.00   23.71    0.00    0.00    0.00    0.00    0.00    0.00   69.07
05:47:00 AM    2    0.00    0.00    0.00    0.00    0.00   20.00    0.00    0.00    0.00   80.00
05:47:00 AM    3    0.00    0.00    4.00    0.00    0.00   37.00    0.00    0.00    0.00   59.00
05:47:00 AM    4    0.00    0.00    0.00    0.00    0.00    0.00    0.00    0.00    0.00  100.00
05:47:00 AM    5    0.00    0.00    0.00    0.00    0.00    0.00    0.00    0.00    0.00  100.00
05:47:00 AM    6    0.00    0.00    0.00    0.00    0.00    0.00    0.00    0.00    0.00  100.00
05:47:00 AM    7    0.00    0.00    0.00    0.00    0.00   17.00    0.00    0.00    0.00   83.00

05:47:00 AM  CPU    %usr   %nice    %sys %iowait    %irq   %soft  %steal  %guest  %gnice   %idle
05:47:01 AM  all    2.01    0.00    6.29    0.00    0.50    9.31    0.00    0.00    0.00   81.89
05:47:01 AM    0    8.42    0.00   23.16    0.00    1.05    0.00    0.00    0.00    0.00   67.37
05:47:01 AM    1    8.08    0.00   25.25    0.00    1.01    0.00    0.00    0.00    0.00   65.66
05:47:01 AM    2    0.00    0.00    0.00    0.00    0.00   19.00    0.00    0.00    0.00   81.00
05:47:01 AM    3    0.00    0.00    3.00    0.00    1.00   38.00    0.00    0.00    0.00   58.00
05:47:01 AM    4    0.00    0.00    0.00    0.00    0.00    0.00    0.00    0.00    0.00  100.00
05:47:01 AM    5    0.00    0.00    0.00    0.00    0.00    0.00    0.00    0.00    0.00  100.00
05:47:01 AM    6    0.00    0.00    0.00    0.00    0.00    0.00    0.00    0.00    0.00  100.00
05:47:01 AM    7    0.00    0.00    0.00    0.00    0.99   16.83    0.00    0.00    0.00   82.18

05:47:01 AM  CPU    %usr   %nice    %sys %iowait    %irq   %soft  %steal  %guest  %gnice   %idle
05:47:02 AM  all    2.01    0.00    5.77    0.00    0.13    9.41    0.00    0.00    0.00   82.69
05:47:02 AM    0    8.25    0.00   20.62    0.00    0.00    0.00    0.00    0.00    0.00   71.13
05:47:02 AM    1    8.16    0.00   22.45    0.00    0.00    0.00    0.00    0.00    0.00   69.39
05:47:02 AM    2    0.00    0.00    0.98    0.00    0.98   19.61    0.00    0.00    0.00   78.43
05:47:02 AM    3    0.00    0.00    2.97    0.00    0.00   38.61    0.00    0.00    0.00   58.42
05:47:02 AM    4    0.00    0.00    0.00    0.00    0.00    0.00    0.00    0.00    0.00  100.00
05:47:02 AM    5    0.00    0.00    0.00    0.00    0.00    0.00    0.00    0.00    0.00  100.00
05:47:02 AM    6    0.00    0.00    0.00    0.00    0.00    0.00    0.00    0.00    0.00  100.00
05:47:02 AM    7    0.00    0.00    0.00    0.00    0.00   16.16    0.00    0.00    0.00   83.84

05:47:02 AM  CPU    %usr   %nice    %sys %iowait    %irq   %soft  %steal  %guest  %gnice   %idle
05:47:03 AM  all    1.75    0.00    6.37    0.00    0.25    9.24    0.00    0.00    0.00   82.40
05:47:03 AM    0    7.07    0.00   24.24    0.00    1.01    0.00    0.00    0.00    0.00   67.68
05:47:03 AM    1    6.86    0.00   24.51    0.00    0.98    0.00    0.00    0.00    0.00   67.65
05:47:03 AM    2    0.00    0.00    0.00    0.00    0.00   19.00    0.00    0.00    0.00   81.00
05:47:03 AM    3    0.00    0.00    2.00    0.00    0.00   38.00    0.00    0.00    0.00   60.00
05:47:03 AM    4    0.00    0.00    0.00    0.00    0.00    0.00    0.00    0.00    0.00  100.00
05:47:03 AM    5    0.00    0.00    0.00    0.00    0.00    0.00    0.00    0.00    0.00  100.00
05:47:03 AM    6    0.00    0.00    0.00    0.00    0.00    0.00    0.00    0.00    0.00  100.00
05:47:03 AM    7    0.00    0.00    0.00    0.00    0.00   17.00    0.00    0.00    0.00   83.00

05:47:03 AM  CPU    %usr   %nice    %sys %iowait    %irq   %soft  %steal  %guest  %gnice   %idle
05:47:04 AM  all    2.14    0.00    5.78    0.13    0.00    9.55    0.00    0.00    0.00   82.41
05:47:04 AM    0   10.10    0.00   20.20    1.01    0.00    0.00    0.00    0.00    0.00   68.69
05:47:04 AM    1    7.14    0.00   23.47    0.00    0.00    1.02    0.00    0.00    0.00   68.37
05:47:04 AM    2    0.00    0.00    0.00    0.00    0.00   20.00    0.00    0.00    0.00   80.00
05:47:04 AM    3    0.00    0.00    3.03    0.00    0.00   38.38    0.00    0.00    0.00   58.59
05:47:04 AM    4    0.00    0.00    0.00    0.00    0.00    0.00    0.00    0.00    0.00  100.00
05:47:04 AM    5    0.00    0.00    0.00    0.00    0.00    0.00    0.00    0.00    0.00  100.00
05:47:04 AM    6    0.00    0.00    0.00    0.00    0.00    0.00    0.00    0.00    0.00  100.00
05:47:04 AM    7    0.00    0.00    0.00    0.00    0.00   17.00    0.00    0.00    0.00   83.00

05:47:04 AM  CPU    %usr   %nice    %sys %iowait    %irq   %soft  %steal  %guest  %gnice   %idle
05:47:05 AM  all    2.38    0.00    6.12    0.00    0.25    9.25    0.00    0.00    0.00   82.00
05:47:05 AM    0   10.00    0.00   22.00    0.00    1.00    0.00    0.00    0.00    0.00   67.00
05:47:05 AM    1    8.91    0.00   24.75    0.00    0.99    0.00    0.00    0.00    0.00   65.35
05:47:05 AM    2    0.00    0.00    0.00    0.00    0.00   19.19    0.00    0.00    0.00   80.81
05:47:05 AM    3    0.00    0.00    2.00    0.00    0.00   38.00    0.00    0.00    0.00   60.00
05:47:05 AM    4    0.00    0.00    0.00    0.00    0.00    0.00    0.00    0.00    0.00  100.00
05:47:05 AM    5    0.00    0.00    0.00    0.00    0.00    0.00    0.00    0.00    0.00  100.00
05:47:05 AM    6    0.00    0.00    0.00    0.00    0.00    0.00    0.00    0.00    0.00  100.00
05:47:05 AM    7    0.00    0.00    0.00    0.00    0.00   17.00    0.00    0.00    0.00   83.00

05:47:05 AM  CPU    %usr   %nice    %sys %iowait    %irq   %soft  %steal  %guest  %gnice   %idle
05:47:06 AM  all    2.01    0.00    5.78    0.00    0.13    9.42    0.00    0.00    0.00   82.66
05:47:06 AM    0    8.25    0.00   22.68    0.00    0.00    0.00    0.00    0.00    0.00   69.07
05:47:06 AM    1    8.16    0.00   23.47    0.00    0.00    0.00    0.00    0.00    0.00   68.37
05:47:06 AM    2    0.00    0.00    0.00    0.00    0.00   19.00    0.00    0.00    0.00   81.00
05:47:06 AM    3    0.00    0.00    0.99    0.00    0.99   38.61    0.00    0.00    0.00   59.41
05:47:06 AM    4    0.00    0.00    0.00    0.00    0.00    0.00    0.00    0.00    0.00  100.00
05:47:06 AM    5    0.00    0.00    0.00    0.00    0.00    0.00    0.00    0.00    0.00  100.00
05:47:06 AM    6    0.00    0.00    0.00    0.00    0.00    0.00    0.00    0.00    0.00  100.00
05:47:06 AM    7    0.00    0.00    0.00    0.00    0.00   17.00    0.00    0.00    0.00   83.00

05:47:06 AM  CPU    %usr   %nice    %sys %iowait    %irq   %soft  %steal  %guest  %gnice   %idle
05:47:07 AM  all    2.00    0.00    5.63    0.00    0.25    9.39    0.00    0.00    0.00   82.73
05:47:07 AM    0    9.00    0.00   21.00    0.00    1.00    0.00    0.00    0.00    0.00   69.00
05:47:07 AM    1    6.93    0.00   22.77    0.00    0.99    0.00    0.00    0.00    0.00   69.31
05:47:07 AM    2    0.00    0.00    0.00    0.00    0.00   20.00    0.00    0.00    0.00   80.00
05:47:07 AM    3    0.00    0.00    1.01    0.00    0.00   39.39    0.00    0.00    0.00   59.60
05:47:07 AM    4    0.00    0.00    0.00    0.00    0.00    0.00    0.00    0.00    0.00  100.00
05:47:07 AM    5    0.00    0.00    0.00    0.00    0.00    0.00    0.00    0.00    0.00  100.00
05:47:07 AM    6    0.00    0.00    0.00    0.00    0.00    0.00    0.00    0.00    0.00  100.00
05:47:07 AM    7    0.00    0.00    0.00    0.00    0.00   16.16    0.00    0.00    0.00   83.84

05:47:07 AM  CPU    %usr   %nice    %sys %iowait    %irq   %soft  %steal  %guest  %gnice   %idle
05:47:08 AM  all    2.26    0.00    6.02    0.00    0.13    9.40    0.00    0.00    0.00   82.21
05:47:08 AM    0   10.31    0.00   21.65    0.00    0.00    0.00    0.00    0.00    0.00   68.04
05:47:08 AM    1    8.08    0.00   24.24    0.00    0.00    0.00    0.00    0.00    0.00   67.68
05:47:08 AM    2    0.00    0.00    0.00    0.00    0.00   19.00    0.00    0.00    0.00   81.00
05:47:08 AM    3    0.00    0.00    2.97    0.00    0.00   38.61    0.00    0.00    0.00   58.42
05:47:08 AM    4    0.00    0.00    0.00    0.00    0.00    0.00    0.00    0.00    0.00  100.00
05:47:08 AM    5    0.00    0.00    0.00    0.00    0.00    0.00    0.00    0.00    0.00  100.00
05:47:08 AM    6    0.00    0.00    0.00    0.00    0.00    0.00    0.00    0.00    0.00  100.00
05:47:08 AM    7    0.00    0.00    0.00    0.00    0.99   16.83    0.00    0.00    0.00   82.18

05:47:08 AM  CPU    %usr   %nice    %sys %iowait    %irq   %soft  %steal  %guest  %gnice   %idle
05:47:09 AM  all    2.00    0.00    6.48    0.00    0.25    9.10    0.00    0.00    0.00   82.17
05:47:09 AM    0    7.92    0.00   23.76    0.00    0.99    0.00    0.00    0.00    0.00   67.33
05:47:09 AM    1    7.92    0.00   23.76    0.00    0.00    0.00    0.00    0.00    0.00   68.32
05:47:09 AM    2    0.00    0.00    0.00    0.00    1.00   19.00    0.00    0.00    0.00   80.00
05:47:09 AM    3    0.00    0.00    4.00    0.00    0.00   37.00    0.00    0.00    0.00   59.00
05:47:09 AM    4    0.00    0.00    0.00    0.00    0.00    0.00    0.00    0.00    0.00  100.00
05:47:09 AM    5    0.00    0.00    0.00    0.00    0.00    0.00    0.00    0.00    0.00  100.00
05:47:09 AM    6    0.00    0.00    0.00    0.00    0.00    0.00    0.00    0.00    0.00  100.00
05:47:09 AM    7    0.00    0.00    0.00    0.00    0.00   17.00    0.00    0.00    0.00   83.00

05:47:09 AM  CPU    %usr   %nice    %sys %iowait    %irq   %soft  %steal  %guest  %gnice   %idle
05:47:10 AM  all    2.27    0.00    6.06    0.00    0.25    9.34    0.00    0.00    0.00   82.07
05:47:10 AM    0    9.47    0.00   22.11    0.00    1.05    0.00    0.00    0.00    0.00   67.37
05:47:10 AM    1    9.18    0.00   24.49    0.00    1.02    0.00    0.00    0.00    0.00   65.31
05:47:10 AM    2    0.00    0.00    0.00    0.00    0.00   19.00    0.00    0.00    0.00   81.00
05:47:10 AM    3    0.00    0.00    3.00    0.00    0.00   38.00    0.00    0.00    0.00   59.00
05:47:10 AM    4    0.00    0.00    0.00    0.00    0.00    0.00    0.00    0.00    0.00  100.00
05:47:10 AM    5    0.00    0.00    0.00    0.00    0.00    0.00    0.00    0.00    0.00  100.00
05:47:10 AM    6    0.00    0.00    0.00    0.00    0.00    0.00    0.00    0.00    0.00  100.00
05:47:10 AM    7    0.00    0.00    0.00    0.00    0.00   17.17    0.00    0.00    0.00   82.83

05:47:10 AM  CPU    %usr   %nice    %sys %iowait    %irq   %soft  %steal  %guest  %gnice   %idle
05:47:11 AM  all    2.26    0.00    5.65    0.25    0.25    9.28    0.00    0.00    0.00   82.31
05:47:11 AM    0    9.47    0.00   20.00    0.00    0.00    0.00    0.00    0.00    0.00   70.53
05:47:11 AM    1    9.00    0.00   24.00    2.00    1.00    0.00    0.00    0.00    0.00   64.00
05:47:11 AM    2    0.00    0.00    0.00    0.00    0.00   19.00    0.00    0.00    0.00   81.00
05:47:11 AM    3    0.00    0.00    1.98    0.00    0.99   37.62    0.00    0.00    0.00   59.41
05:47:11 AM    4    0.00    0.00    0.00    0.00    0.00    0.00    0.00    0.00    0.00  100.00
05:47:11 AM    5    0.00    0.00    0.00    0.00    0.00    0.00    0.00    0.00    0.00  100.00
05:47:11 AM    6    0.00    0.00    0.00    0.00    0.00    0.00    0.00    0.00    0.00  100.00
05:47:11 AM    7    0.00    0.00    0.00    0.00    0.00   16.83    0.00    0.00    0.00   83.17

05:47:11 AM  CPU    %usr   %nice    %sys %iowait    %irq   %soft  %steal  %guest  %gnice   %idle
05:47:12 AM  all    2.24    0.00    6.73    0.00    0.12    9.35    0.00    0.00    0.00   81.55
05:47:12 AM    0    8.00    0.00   26.00    0.00    1.00    0.00    0.00    0.00    0.00   65.00
05:47:12 AM    1    9.80    0.00   26.47    0.00    0.00    0.00    0.00    0.00    0.00   63.73
05:47:12 AM    2    0.00    0.00    0.00    0.00    0.00   19.00    0.00    0.00    0.00   81.00
05:47:12 AM    3    0.00    0.00    1.00    0.00    0.00   39.00    0.00    0.00    0.00   60.00
05:47:12 AM    4    0.00    0.00    0.00    0.00    0.00    0.00    0.00    0.00    0.00  100.00
05:47:12 AM    5    0.00    0.00    0.00    0.00    0.00    0.00    0.00    0.00    0.00  100.00
05:47:12 AM    6    0.00    0.00    0.00    0.00    0.00    0.00    0.00    0.00    0.00  100.00
05:47:12 AM    7    0.00    0.00    0.00    0.00    0.00   17.00    0.00    0.00    0.00   83.00

05:47:12 AM  CPU    %usr   %nice    %sys %iowait    %irq   %soft  %steal  %guest  %gnice   %idle
05:47:13 AM  all    2.00    0.00    5.63    0.00    0.00    8.89    0.00    0.00    0.00   83.48
05:47:13 AM    0    8.00    0.00   20.00    0.00    0.00    0.00    0.00    0.00    0.00   72.00
05:47:13 AM    1    7.77    0.00   22.33    0.00    0.00    0.00    0.00    0.00    0.00   69.90
05:47:13 AM    2    0.00    0.00    0.00    0.00    0.00   18.18    0.00    0.00    0.00   81.82
05:47:13 AM    3    0.00    0.00    2.02    0.00    0.00   38.38    0.00    0.00    0.00   59.60
05:47:13 AM    4    0.00    0.00    0.00    0.00    0.00    0.00    0.00    0.00    0.00  100.00
05:47:13 AM    5    0.00    0.00    0.00    0.00    0.00    0.00    0.00    0.00    0.00  100.00
05:47:13 AM    6    0.00    0.00    0.00    0.00    0.00    0.00    0.00    0.00    0.00  100.00
05:47:13 AM    7    0.00    0.00    0.00    0.00    0.00   15.31    0.00    0.00    0.00   84.69

05:47:13 AM  CPU    %usr   %nice    %sys %iowait    %irq   %soft  %steal  %guest  %gnice   %idle
05:47:14 AM  all    1.99    0.00    4.71    0.00    0.00    9.31    0.00    0.00    0.00   84.00
05:47:14 AM    0    6.93    0.00   17.82    0.00    0.00    0.99    0.00    0.00    0.00   74.26
05:47:14 AM    1    8.74    0.00   19.42    0.00    0.00    0.00    0.00    0.00    0.00   71.84
05:47:14 AM    2    0.00    0.00    0.00    0.00    0.00   19.80    0.00    0.00    0.00   80.20
05:47:14 AM    3    0.00    0.00    0.00    0.00    0.00   37.00    0.00    0.00    0.00   63.00
05:47:14 AM    4    0.00    0.00    0.00    0.00    0.00    0.00    0.00    0.00    0.00  100.00
05:47:14 AM    5    0.00    0.00    0.00    0.00    0.00    0.00    0.00    0.00    0.00  100.00
05:47:14 AM    6    0.00    0.00    0.00    0.00    0.00    0.00    0.00    0.00    0.00  100.00
05:47:14 AM    7    0.00    0.00    0.00    0.00    0.00   16.83    0.00    0.00    0.00   83.17

05:47:14 AM  CPU    %usr   %nice    %sys %iowait    %irq   %soft  %steal  %guest  %gnice   %idle
05:47:15 AM  all    1.98    0.00    5.07    0.00    0.25    9.03    0.00    0.00    0.00   83.66
05:47:15 AM    0    8.82    0.00   17.65    0.00    0.00    0.00    0.00    0.00    0.00   73.53
05:47:15 AM    1    6.60    0.00   21.70    0.00    0.94    0.00    0.00    0.00    0.00   70.75
05:47:15 AM    2    0.00    0.00    0.00    0.00    0.00   19.19    0.00    0.00    0.00   80.81
05:47:15 AM    3    0.00    0.00    0.00    0.00    0.00   37.00    0.00    0.00    0.00   63.00
05:47:15 AM    4    0.00    0.00    0.00    0.00    0.00    0.00    0.00    0.00    0.00  100.00
05:47:15 AM    5    0.00    0.00    0.00    0.00    0.00    0.00    0.00    0.00    0.00  100.00
05:47:15 AM    6    0.00    0.00    0.00    0.00    0.00    0.00    0.00    0.00    0.00  100.00
05:47:15 AM    7    0.00    0.00    0.00    0.00    0.99   16.83    0.00    0.00    0.00   82.18

05:47:15 AM  CPU    %usr   %nice    %sys %iowait    %irq   %soft  %steal  %guest  %gnice   %idle
05:47:16 AM  all    2.11    0.00    4.96    0.12    0.12    9.18    0.00    0.00    0.00   83.50
05:47:16 AM    0    7.84    0.00   18.63    0.98    0.00    0.00    0.00    0.00    0.00   72.55
05:47:16 AM    1    8.65    0.00   20.19    0.00    0.00    0.00    0.00    0.00    0.00   71.15
05:47:16 AM    2    0.00    0.00    0.00    0.00    0.00   20.00    0.00    0.00    0.00   80.00
05:47:16 AM    3    0.00    0.00    0.00    0.00    0.99   37.62    0.00    0.00    0.00   61.39
05:47:16 AM    4    0.00    0.00    0.00    0.00    0.00    0.00    0.00    0.00    0.00  100.00
05:47:16 AM    5    0.00    0.00    0.00    0.00    0.00    0.00    0.00    0.00    0.00  100.00
05:47:16 AM    6    0.00    0.00    0.00    0.00    0.00    0.00    0.00    0.00    0.00  100.00
05:47:16 AM    7    0.00    0.00    0.00    0.00    0.00   16.16    0.00    0.00    0.00   83.84

05:47:16 AM  CPU    %usr   %nice    %sys %iowait    %irq   %soft  %steal  %guest  %gnice   %idle
05:47:17 AM  all    2.22    0.00    5.19    0.00    0.25    9.14    0.00    0.00    0.00   83.21
05:47:17 AM    0    8.49    0.00   20.75    0.00    0.94    0.00    0.00    0.00    0.00   69.81
05:47:17 AM    1    8.65    0.00   19.23    0.00    0.00    0.00    0.00    0.00    0.00   72.12
05:47:17 AM    2    0.00    0.00    0.00    0.00    0.99   19.80    0.00    0.00    0.00   79.21
05:47:17 AM    3    0.00    0.00    0.00    0.00    0.00   37.37    0.00    0.00    0.00   62.63
05:47:17 AM    4    0.00    0.00    0.00    0.00    0.00    0.00    0.00    0.00    0.00  100.00
05:47:17 AM    5    0.00    0.00    0.00    0.00    0.00    0.00    0.00    0.00    0.00  100.00
05:47:17 AM    6    0.00    0.00    0.00    0.00    0.00    0.00    0.00    0.00    0.00  100.00
05:47:17 AM    7    0.00    0.00    0.00    0.00    0.00   17.00    0.00    0.00    0.00   83.00

05:47:17 AM  CPU    %usr   %nice    %sys %iowait    %irq   %soft  %steal  %guest  %gnice   %idle
05:47:18 AM  all    1.38    0.00    4.89    0.00    0.00    9.27    0.00    0.00    0.00   84.46
05:47:18 AM    0    4.04    0.00   20.20    0.00    0.00    0.00    0.00    0.00    0.00   75.76
05:47:18 AM    1    7.00    0.00   19.00    0.00    0.00    0.00    0.00    0.00    0.00   74.00
05:47:18 AM    2    0.00    0.00    0.00    0.00    0.00   20.00    0.00    0.00    0.00   80.00
05:47:18 AM    3    0.00    0.00    0.00    0.00    0.00   37.37    0.00    0.00    0.00   62.63
05:47:18 AM    4    0.00    0.00    0.00    0.00    0.00    0.00    0.00    0.00    0.00  100.00
05:47:18 AM    5    0.00    0.00    0.00    0.00    0.00    0.00    0.00    0.00    0.00  100.00
05:47:18 AM    6    0.00    0.00    0.00    0.00    0.00    0.00    0.00    0.00    0.00  100.00
05:47:18 AM    7    0.00    0.00    0.00    0.00    0.00   17.00    0.00    0.00    0.00   83.00

05:47:18 AM  CPU    %usr   %nice    %sys %iowait    %irq   %soft  %steal  %guest  %gnice   %idle
05:47:19 AM  all    2.11    0.00    4.98    0.00    0.00    8.96    0.00    0.00    0.00   83.96
05:47:19 AM    0    7.84    0.00   18.63    0.00    0.00    0.00    0.00    0.00    0.00   73.53
05:47:19 AM    1    8.65    0.00   20.19    0.00    0.00    0.00    0.00    0.00    0.00   71.15
05:47:19 AM    2    0.00    0.00    0.00    0.00    0.00   19.19    0.00    0.00    0.00   80.81
05:47:19 AM    3    0.00    0.00    0.00    0.00    0.00   37.00    0.00    0.00    0.00   63.00
05:47:19 AM    4    0.00    0.00    0.00    0.00    0.00    0.00    0.00    0.00    0.00  100.00
05:47:19 AM    5    0.00    0.00    0.00    0.00    0.00    0.00    0.00    0.00    0.00  100.00
05:47:19 AM    6    0.00    0.00    0.00    0.00    0.00    0.00    0.00    0.00    0.00  100.00
05:47:19 AM    7    0.00    0.00    0.00    0.00    0.00   16.16    0.00    0.00    0.00   83.84

05:47:19 AM  CPU    %usr   %nice    %sys %iowait    %irq   %soft  %steal  %guest  %gnice   %idle
05:47:20 AM  all    1.86    0.00    4.96    0.00    0.00    8.93    0.00    0.00    0.00   84.24
05:47:20 AM    0    7.92    0.00   18.81    0.00    0.00    0.00    0.00    0.00    0.00   73.27
05:47:20 AM    1    6.73    0.00   20.19    0.00    0.00    0.00    0.00    0.00    0.00   73.08
05:47:20 AM    2    0.00    0.00    0.00    0.00    0.00   19.00    0.00    0.00    0.00   81.00
05:47:20 AM    3    0.00    0.00    0.00    0.00    0.00   36.00    0.00    0.00    0.00   64.00
05:47:20 AM    4    0.00    0.00    0.00    0.00    0.00    0.00    0.00    0.00    0.00  100.00
05:47:20 AM    5    0.00    0.00    0.00    0.00    0.00    0.00    0.00    0.00    0.00  100.00
05:47:20 AM    6    0.00    0.00    0.00    0.00    0.00    0.00    0.00    0.00    0.00  100.00
05:47:20 AM    7    0.00    0.00    0.00    0.00    0.00   16.83    0.00    0.00    0.00   83.17

05:47:20 AM  CPU    %usr   %nice    %sys %iowait    %irq   %soft  %steal  %guest  %gnice   %idle
05:47:21 AM  all    1.75    0.00    4.99    0.00    0.12    8.98    0.00    0.00    0.00   84.16
05:47:21 AM    0    7.00    0.00   19.00    0.00    0.00    0.00    0.00    0.00    0.00   74.00
05:47:21 AM    1    6.80    0.00   20.39    0.00    0.00    0.00    0.00    0.00    0.00   72.82
05:47:21 AM    2    0.00    0.00    0.00    0.00    0.00   19.19    0.00    0.00    0.00   80.81
05:47:21 AM    3    0.00    0.00    0.00    0.00    0.99   36.63    0.00    0.00    0.00   62.38
05:47:21 AM    4    0.00    0.00    0.00    0.00    0.00    0.00    0.00    0.00    0.00  100.00
05:47:21 AM    5    0.00    0.00    0.00    0.00    0.00    0.00    0.00    0.00    0.00  100.00
05:47:21 AM    6    0.00    0.00    0.00    0.00    0.00    0.00    0.00    0.00    0.00  100.00
05:47:21 AM    7    0.00    0.00    0.00    0.00    0.00   16.16    0.00    0.00    0.00   83.84

05:47:21 AM  CPU    %usr   %nice    %sys %iowait    %irq   %soft  %steal  %guest  %gnice   %idle
05:47:22 AM  all    1.99    0.00    4.96    0.00    0.25    9.06    0.00    0.00    0.00   83.75
05:47:22 AM    0    6.80    0.00   20.39    0.00    0.97    0.00    0.00    0.00    0.00   71.84
05:47:22 AM    1    8.74    0.00   18.45    0.00    0.00    0.97    0.00    0.00    0.00   71.84
05:47:22 AM    2    0.00    0.00    0.00    0.00    0.00   19.00    0.00    0.00    0.00   81.00
05:47:22 AM    3    0.00    0.00    0.00    0.00    0.00   36.36    0.00    0.00    0.00   63.64
05:47:22 AM    4    0.00    0.00    0.00    0.00    0.00    0.00    0.00    0.00    0.00  100.00
05:47:22 AM    5    0.00    0.00    0.00    0.00    0.00    0.00    0.00    0.00    0.00  100.00
05:47:22 AM    6    0.00    0.00    0.00    0.00    0.00    0.00    0.00    0.00    0.00  100.00
05:47:22 AM    7    0.00    0.00    0.00    0.00    0.99   16.83    0.00    0.00    0.00   82.18

05:47:22 AM  CPU    %usr   %nice    %sys %iowait    %irq   %soft  %steal  %guest  %gnice   %idle
05:47:23 AM  all    2.11    0.00    6.45    0.00    0.25    9.43    0.00    0.00    0.00   81.76
05:47:23 AM    0    8.74    0.00   23.30    0.00    0.00    0.00    0.00    0.00    0.00   67.96
05:47:23 AM    1    7.84    0.00   23.53    0.00    0.98    0.00    0.00    0.00    0.00   67.65
05:47:23 AM    2    0.00    0.00    0.00    0.00    0.99   19.80    0.00    0.00    0.00   79.21
05:47:23 AM    3    0.00    0.00    4.00    0.00    0.00   37.00    0.00    0.00    0.00   59.00
05:47:23 AM    4    0.00    0.00    0.00    0.00    0.00    0.00    0.00    0.00    0.00  100.00
05:47:23 AM    5    0.00    0.00    0.00    0.00    0.00    0.00    0.00    0.00    0.00  100.00
05:47:23 AM    6    0.00    0.00    0.00    0.00    0.00    0.00    0.00    0.00    0.00  100.00
05:47:23 AM    7    0.00    0.00    0.00    0.00    0.00   19.00    0.00    0.00    0.00   81.00

05:47:23 AM  CPU    %usr   %nice    %sys %iowait    %irq   %soft  %steal  %guest  %gnice   %idle
05:47:24 AM  all    1.77    0.00    5.69    0.00    0.13    9.10    0.00    0.00    0.00   83.31
05:47:24 AM    0    6.32    0.00   21.05    0.00    1.05    0.00    0.00    0.00    0.00   71.58
05:47:24 AM    1    8.25    0.00   21.65    0.00    0.00    0.00    0.00    0.00    0.00   70.10
05:47:24 AM    2    0.00    0.00    0.00    0.00    0.00   19.00    0.00    0.00    0.00   81.00
05:47:24 AM    3    0.00    0.00    4.00    0.00    0.00   37.00    0.00    0.00    0.00   59.00
05:47:24 AM    4    0.00    0.00    0.00    0.00    0.00    0.00    0.00    0.00    0.00  100.00
05:47:24 AM    5    0.00    0.00    0.00    0.00    0.00    0.00    0.00    0.00    0.00  100.00
05:47:24 AM    6    0.00    0.00    0.00    0.00    0.00    0.00    0.00    0.00    0.00  100.00
05:47:24 AM    7    0.00    0.00    0.00    0.00    0.00   16.16    0.00    0.00    0.00   83.84

05:47:24 AM  CPU    %usr   %nice    %sys %iowait    %irq   %soft  %steal  %guest  %gnice   %idle
05:47:25 AM  all    1.87    0.00    6.36    0.00    0.12    9.48    0.00    0.00    0.00   82.17
05:47:25 AM    0    7.92    0.00   24.75    0.00    0.00    0.00    0.00    0.00    0.00   67.33
05:47:25 AM    1    6.93    0.00   23.76    0.00    0.99    0.00    0.00    0.00    0.00   68.32
05:47:25 AM    2    0.00    0.00    0.00    0.00    0.00   20.00    0.00    0.00    0.00   80.00
05:47:25 AM    3    0.00    0.00    2.02    0.00    0.00   38.38    0.00    0.00    0.00   59.60
05:47:25 AM    4    0.00    0.00    0.00    0.00    0.00    0.00    0.00    0.00    0.00  100.00
05:47:25 AM    5    0.00    0.00    0.00    0.00    0.00    0.00    0.00    0.00    0.00  100.00
05:47:25 AM    6    0.00    0.00    0.00    0.00    0.00    0.00    0.00    0.00    0.00  100.00
05:47:25 AM    7    0.00    0.00    0.00    0.00    0.00   17.82    0.00    0.00    0.00   82.18

05:47:25 AM  CPU    %usr   %nice    %sys %iowait    %irq   %soft  %steal  %guest  %gnice   %idle
05:47:26 AM  all    2.24    0.00    5.84    0.00    0.25    9.19    0.00    0.00    0.00   82.48
05:47:26 AM    0    8.82    0.00   21.57    0.00    0.98    0.00    0.00    0.00    0.00   68.63
05:47:26 AM    1    8.82    0.00   23.53    0.00    0.00    0.00    0.00    0.00    0.00   67.65
05:47:26 AM    2    0.00    0.00    0.00    0.00    0.00   19.19    0.00    0.00    0.00   80.81
05:47:26 AM    3    0.00    0.00    0.00    0.00    0.98   38.24    0.00    0.00    0.00   60.78
05:47:26 AM    4    0.00    0.00    0.00    0.00    0.00    0.00    0.00    0.00    0.00  100.00
05:47:26 AM    5    0.00    0.00    0.00    0.00    0.00    0.00    0.00    0.00    0.00  100.00
05:47:26 AM    6    0.00    0.00    0.00    0.00    0.00    0.00    0.00    0.00    0.00  100.00
05:47:26 AM    7    0.00    0.00    1.00    0.00    0.00   16.00    0.00    0.00    0.00   83.00

05:47:26 AM  CPU    %usr   %nice    %sys %iowait    %irq   %soft  %steal  %guest  %gnice   %idle
05:47:27 AM  all    2.11    0.00    6.21    0.00    0.25    9.19    0.00    0.00    0.00   82.24
05:47:27 AM    0    7.92    0.00   23.76    0.00    0.00    0.00    0.00    0.00    0.00   68.32
05:47:27 AM    1    8.65    0.00   25.00    0.00    0.96    0.00    0.00    0.00    0.00   65.38
05:47:27 AM    2    0.00    0.00    0.00    0.00    0.00   19.00    0.00    0.00    0.00   81.00
05:47:27 AM    3    0.00    0.00    0.00    0.00    0.00   38.38    0.00    0.00    0.00   61.62
05:47:27 AM    4    0.00    0.00    0.00    0.00    0.00    0.00    0.00    0.00    0.00  100.00
05:47:27 AM    5    0.00    0.00    0.00    0.00    0.00    0.00    0.00    0.00    0.00  100.00
05:47:27 AM    6    0.00    0.00    0.00    0.00    0.00    0.00    0.00    0.00    0.00  100.00
05:47:27 AM    7    0.00    0.00    0.00    0.00    0.99   16.83    0.00    0.00    0.00   82.18

05:47:27 AM  CPU    %usr   %nice    %sys %iowait    %irq   %soft  %steal  %guest  %gnice   %idle
05:47:28 AM  all    2.37    0.00    5.87    0.00    0.12    9.24    0.00    0.00    0.00   82.40
05:47:28 AM    0    9.09    0.00   21.21    0.00    1.01    0.00    0.00    0.00    0.00   68.69
05:47:28 AM    1    9.71    0.00   23.30    0.00    0.00    0.00    0.00    0.00    0.00   66.99
05:47:28 AM    2    0.00    0.00    0.00    0.00    0.00   19.00    0.00    0.00    0.00   81.00
05:47:28 AM    3    0.00    0.00    2.00    0.00    0.00   38.00    0.00    0.00    0.00   60.00
05:47:28 AM    4    0.00    0.00    0.00    0.00    0.00    0.00    0.00    0.00    0.00  100.00
05:47:28 AM    5    0.00    0.00    0.00    0.00    0.00    0.00    0.00    0.00    0.00  100.00
05:47:28 AM    6    0.00    0.00    0.00    0.00    0.00    0.00    0.00    0.00    0.00  100.00
05:47:28 AM    7    0.00    0.00    0.00    0.00    0.00   17.17    0.00    0.00    0.00   82.83

05:47:28 AM  CPU    %usr   %nice    %sys %iowait    %irq   %soft  %steal  %guest  %gnice   %idle
05:47:29 AM  all    2.37    0.00    5.98    0.00    0.12    9.34    0.00    0.00    0.00   82.19
05:47:29 AM    0    9.00    0.00   23.00    0.00    0.00    0.00    0.00    0.00    0.00   68.00
05:47:29 AM    1    9.80    0.00   23.53    0.00    0.98    0.00    0.00    0.00    0.00   65.69
05:47:29 AM    2    0.00    0.00    0.00    0.00    0.00   19.00    0.00    0.00    0.00   81.00
05:47:29 AM    3    0.00    0.00    1.00    0.00    0.00   39.00    0.00    0.00    0.00   60.00
05:47:29 AM    4    0.00    0.00    0.00    0.00    0.00    0.00    0.00    0.00    0.00  100.00
05:47:29 AM    5    0.00    0.00    0.00    0.00    0.00    0.00    0.00    0.00    0.00  100.00
05:47:29 AM    6    0.00    0.00    0.00    0.00    0.00    0.00    0.00    0.00    0.00  100.00
05:47:29 AM    7    0.00    0.00    0.00    0.00    0.00   16.83    0.00    0.00    0.00   83.17

05:47:29 AM  CPU    %usr   %nice    %sys %iowait    %irq   %soft  %steal  %guest  %gnice   %idle
05:47:30 AM  all    2.01    0.00    5.64    0.13    0.25    9.40    0.00    0.00    0.00   82.58
05:47:30 AM    0    8.16    0.00   21.43    0.00    1.02    0.00    0.00    0.00    0.00   69.39
05:47:30 AM    1    8.00    0.00   23.00    1.00    0.00    0.00    0.00    0.00    0.00   68.00
05:47:30 AM    2    0.00    0.00    0.00    0.00    0.99   19.80    0.00    0.00    0.00   79.21
05:47:30 AM    3    0.00    0.00    1.00    0.00    0.00   39.00    0.00    0.00    0.00   60.00
05:47:30 AM    4    0.00    0.00    0.00    0.00    0.00    0.00    0.00    0.00    0.00  100.00
05:47:30 AM    5    0.00    0.00    0.00    0.00    0.00    0.00    0.00    0.00    0.00  100.00
05:47:30 AM    6    0.00    0.00    0.00    0.00    0.00    0.00    0.00    0.00    0.00  100.00
05:47:30 AM    7    0.00    0.00    0.00    0.00    0.00   16.16    0.00    0.00    0.00   83.84

05:47:30 AM  CPU    %usr   %nice    %sys %iowait    %irq   %soft  %steal  %guest  %gnice   %idle
05:47:31 AM  all    2.11    0.00    6.09    0.00    0.25    9.20    0.00    0.00    0.00   82.34
05:47:31 AM    0    7.92    0.00   23.76    0.00    0.00    0.00    0.00    0.00    0.00   68.32
05:47:31 AM    1    8.82    0.00   22.55    0.00    0.98    0.00    0.00    0.00    0.00   67.65
05:47:31 AM    2    0.00    0.00    0.00    0.00    0.00   19.00    0.00    0.00    0.00   81.00
05:47:31 AM    3    0.00    0.00    1.98    0.00    0.99   37.62    0.00    0.00    0.00   59.41
05:47:31 AM    4    0.00    0.00    0.00    0.00    0.00    0.00    0.00    0.00    0.00  100.00
05:47:31 AM    5    0.00    0.00    0.00    0.00    0.00    0.00    0.00    0.00    0.00  100.00
05:47:31 AM    6    0.00    0.00    0.00    0.00    0.00    0.00    0.00    0.00    0.00  100.00
05:47:31 AM    7    0.00    0.00    0.00    0.00    0.00   17.00    0.00    0.00    0.00   83.00

05:47:31 AM  CPU    %usr   %nice    %sys %iowait    %irq   %soft  %steal  %guest  %gnice   %idle
05:47:32 AM  all    2.24    0.00    6.34    0.00    0.12    9.19    0.00    0.00    0.00   82.11
05:47:32 AM    0    8.65    0.00   25.00    0.00    0.96    0.00    0.00    0.00    0.00   65.38
05:47:32 AM    1    8.82    0.00   24.51    0.00    0.00    0.00    0.00    0.00    0.00   66.67
05:47:32 AM    2    0.00    0.00    0.00    0.00    0.00   19.00    0.00    0.00    0.00   81.00
05:47:32 AM    3    0.00    0.00    0.00    0.00    0.00   38.38    0.00    0.00    0.00   61.62
05:47:32 AM    4    0.00    0.00    0.00    0.00    0.00    0.00    0.00    0.00    0.00  100.00
05:47:32 AM    5    0.00    0.00    0.00    0.00    0.00    0.00    0.00    0.00    0.00  100.00
05:47:32 AM    6    0.00    0.00    0.00    0.00    0.00    0.00    0.00    0.00    0.00  100.00
05:47:32 AM    7    0.00    0.00    0.00    0.00    0.00   17.00    0.00    0.00    0.00   83.00

05:47:32 AM  CPU    %usr   %nice    %sys %iowait    %irq   %soft  %steal  %guest  %gnice   %idle
05:47:33 AM  all    1.87    0.00    5.86    0.00    0.25    9.23    0.00    0.00    0.00   82.79
05:47:33 AM    0    6.93    0.00   23.76    0.00    0.00    0.99    0.00    0.00    0.00   68.32
05:47:33 AM    1    7.84    0.00   22.55    0.00    0.98    0.00    0.00    0.00    0.00   68.63
05:47:33 AM    2    0.00    0.00    0.00    0.00    0.00   19.19    0.00    0.00    0.00   80.81
05:47:33 AM    3    0.00    0.00    0.00    0.00    0.00   38.00    0.00    0.00    0.00   62.00
05:47:33 AM    4    0.00    0.00    0.00    0.00    0.00    0.00    0.00    0.00    0.00  100.00
05:47:33 AM    5    0.00    0.00    0.00    0.00    0.00    0.00    0.00    0.00    0.00  100.00
05:47:33 AM    6    0.00    0.00    0.00    0.00    0.00    0.00    0.00    0.00    0.00  100.00
05:47:33 AM    7    0.00    0.00    0.00    0.00    1.00   16.00    0.00    0.00    0.00   83.00

05:47:33 AM  CPU    %usr   %nice    %sys %iowait    %irq   %soft  %steal  %guest  %gnice   %idle
05:47:34 AM  all    2.00    0.00    5.76    0.13    0.13    9.64    0.00    0.00    0.00   82.35
05:47:34 AM    0    8.08    0.00   21.21    1.01    1.01    0.00    0.00    0.00    0.00   68.69
05:47:34 AM    1    8.00    0.00   23.00    0.00    0.00    0.00    0.00    0.00    0.00   69.00
05:47:34 AM    2    0.00    0.00    0.00    0.00    0.00   20.00    0.00    0.00    0.00   80.00
05:47:34 AM    3    0.00    0.00    2.00    0.00    0.00   40.00    0.00    0.00    0.00   58.00
05:47:34 AM    4    0.00    0.00    0.00    0.00    0.00    0.00    0.00    0.00    0.00  100.00
05:47:34 AM    5    0.00    0.00    0.00    0.00    0.00    0.00    0.00    0.00    0.00  100.00
05:47:34 AM    6    0.00    0.00    0.00    0.00    0.00    0.00    0.00    0.00    0.00  100.00
05:47:34 AM    7    0.00    0.00    0.00    0.00    0.00   17.00    0.00    0.00    0.00   83.00

05:47:34 AM  CPU    %usr   %nice    %sys %iowait    %irq   %soft  %steal  %guest  %gnice   %idle
05:47:35 AM  all    2.11    0.00    6.22    0.00    0.12    9.33    0.00    0.00    0.00   82.21
05:47:35 AM    0    8.08    0.00   23.23    0.00    0.00    0.00    0.00    0.00    0.00   68.69
05:47:35 AM    1    8.57    0.00   25.71    0.00    0.95    0.00    0.00    0.00    0.00   64.76
05:47:35 AM    2    0.00    0.00    0.00    0.00    0.00   19.00    0.00    0.00    0.00   81.00
05:47:35 AM    3    0.00    0.00    0.00    0.00    0.00   39.00    0.00    0.00    0.00   61.00
05:47:35 AM    4    0.00    0.00    0.00    0.00    0.00    0.00    0.00    0.00    0.00  100.00
05:47:35 AM    5    0.00    0.00    0.00    0.00    0.00    0.00    0.00    0.00    0.00  100.00
05:47:35 AM    6    0.00    0.00    0.00    0.00    0.00    0.00    0.00    0.00    0.00  100.00
05:47:35 AM    7    0.00    0.00    0.00    0.00    0.00   17.00    0.00    0.00    0.00   83.00

05:47:35 AM  CPU    %usr   %nice    %sys %iowait    %irq   %soft  %steal  %guest  %gnice   %idle
05:47:36 AM  all    2.37    0.00    5.37    0.00    0.25    9.36    0.00    0.00    0.00   82.65
05:47:36 AM    0    9.90    0.00   20.79    0.00    0.99    0.00    0.00    0.00    0.00   68.32
05:47:36 AM    1    9.09    0.00   22.22    0.00    0.00    0.00    0.00    0.00    0.00   68.69
05:47:36 AM    2    0.00    0.00    0.00    0.00    0.00   19.00    0.00    0.00    0.00   81.00
05:47:36 AM    3    0.00    0.00    0.00    0.00    0.99   38.61    0.00    0.00    0.00   60.40
05:47:36 AM    4    0.00    0.00    0.00    0.00    0.00    0.00    0.00    0.00    0.00  100.00
05:47:36 AM    5    0.00    0.00    0.00    0.00    0.00    0.00    0.00    0.00    0.00  100.00
05:47:36 AM    6    0.00    0.00    0.00    0.00    0.00    0.00    0.00    0.00    0.00  100.00
05:47:36 AM    7    0.00    0.00    0.00    0.00    0.00   17.00    0.00    0.00    0.00   83.00

05:47:36 AM  CPU    %usr   %nice    %sys %iowait    %irq   %soft  %steal  %guest  %gnice   %idle
05:47:37 AM  all    2.25    0.00    5.75    0.00    0.25    9.38    0.00    0.00    0.00   82.38
05:47:37 AM    0   10.20    0.00   20.41    0.00    0.00    0.00    0.00    0.00    0.00   69.39
05:47:37 AM    1    8.00    0.00   23.00    0.00    1.00    0.00    0.00    0.00    0.00   68.00
05:47:37 AM    2    0.00    0.00    0.98    0.00    0.98   19.61    0.00    0.00    0.00   78.43
05:47:37 AM    3    0.00    0.00    2.00    0.00    0.00   38.00    0.00    0.00    0.00   60.00
05:47:37 AM    4    0.00    0.00    0.00    0.00    0.00    0.00    0.00    0.00    0.00  100.00
05:47:37 AM    5    0.00    0.00    0.00    0.00    0.00    0.00    0.00    0.00    0.00  100.00
05:47:37 AM    6    0.00    0.00    0.00    0.00    0.00    0.00    0.00    0.00    0.00  100.00
05:47:37 AM    7    0.00    0.00    0.00    0.00    0.00   17.00    0.00    0.00    0.00   83.00

05:47:37 AM  CPU    %usr   %nice    %sys %iowait    %irq   %soft  %steal  %guest  %gnice   %idle
05:47:38 AM  all    2.00    0.00    5.38    0.00    0.12    9.25    0.00    0.00    0.00   83.25
05:47:38 AM    0    8.08    0.00   21.21    0.00    1.01    0.00    0.00    0.00    0.00   69.70
05:47:38 AM    1    7.84    0.00   21.57    0.00    0.00    0.00    0.00    0.00    0.00   70.59
05:47:38 AM    2    0.00    0.00    0.00    0.00    0.00   19.00    0.00    0.00    0.00   81.00
05:47:38 AM    3    0.00    0.00    0.00    0.00    0.00   39.00    0.00    0.00    0.00   61.00
05:47:38 AM    4    0.00    0.00    0.00    0.00    0.00    0.00    0.00    0.00    0.00  100.00
05:47:38 AM    5    0.00    0.00    0.00    0.00    0.00    0.00    0.00    0.00    0.00  100.00
05:47:38 AM    6    0.00    0.00    0.00    0.00    0.00    0.00    0.00    0.00    0.00  100.00
05:47:38 AM    7    0.00    0.00    0.00    0.00    0.00   16.16    0.00    0.00    0.00   83.84

05:47:38 AM  CPU    %usr   %nice    %sys %iowait    %irq   %soft  %steal  %guest  %gnice   %idle
05:47:39 AM  all    2.25    0.00    5.75    0.00    0.00    9.25    0.00    0.00    0.00   82.75
05:47:39 AM    0    9.71    0.00   23.30    0.00    0.00    0.00    0.00    0.00    0.00   66.99
05:47:39 AM    1    8.08    0.00   22.22    0.00    0.00    0.00    0.00    0.00    0.00   69.70
05:47:39 AM    2    0.00    0.00    0.00    0.00    0.00   19.19    0.00    0.00    0.00   80.81
05:47:39 AM    3    0.00    0.00    0.00    0.00    0.00   38.38    0.00    0.00    0.00   61.62
05:47:39 AM    4    0.00    0.00    0.00    0.00    0.00    0.00    0.00    0.00    0.00  100.00
05:47:39 AM    5    0.00    0.00    0.00    0.00    0.00    0.00    0.00    0.00    0.00  100.00
05:47:39 AM    6    0.00    0.00    0.00    0.00    0.00    0.00    0.00    0.00    0.00  100.00
05:47:39 AM    7    0.00    0.00    0.00    0.00    0.00   17.00    0.00    0.00    0.00   83.00

05:47:39 AM  CPU    %usr   %nice    %sys %iowait    %irq   %soft  %steal  %guest  %gnice   %idle
05:47:40 AM  all    2.38    0.00    6.88    0.00    0.38    9.25    0.00    0.00    0.00   81.12
05:47:40 AM    0    9.18    0.00   24.49    0.00    1.02    0.00    0.00    0.00    0.00   65.31
05:47:40 AM    1   10.00    0.00   25.00    0.00    1.00    0.00    0.00    0.00    0.00   64.00
05:47:40 AM    2    0.00    0.00    0.00    0.00    0.00   20.00    0.00    0.00    0.00   80.00
05:47:40 AM    3    0.00    0.00    5.94    0.00    0.00   36.63    0.00    0.00    0.00   57.43
05:47:40 AM    4    0.00    0.00    0.00    0.00    0.00    0.00    0.00    0.00    0.00  100.00
05:47:40 AM    5    0.00    0.00    0.00    0.00    0.00    0.00    0.00    0.00    0.00  100.00
05:47:40 AM    6    0.00    0.00    0.00    0.00    0.00    0.00    0.00    0.00    0.00  100.00
05:47:40 AM    7    0.00    0.00    0.00    0.00    0.99   16.83    0.00    0.00    0.00   82.18

05:47:40 AM  CPU    %usr   %nice    %sys %iowait    %irq   %soft  %steal  %guest  %gnice   %idle
05:47:41 AM  all    1.88    0.00    5.62    0.12    0.25    9.62    0.00    0.00    0.00   82.50
05:47:41 AM    0    7.14    0.00   22.45    0.00    0.00    0.00    0.00    0.00    0.00   70.41
05:47:41 AM    1    7.92    0.00   20.79    0.99    0.99    0.99    0.00    0.00    0.00   68.32
05:47:41 AM    2    0.00    0.00    0.00    0.00    0.00   20.00    0.00    0.00    0.00   80.00
05:47:41 AM    3    0.00    0.00    1.98    0.00    0.99   38.61    0.00    0.00    0.00   58.42
05:47:41 AM    4    0.00    0.00    0.00    0.00    0.00    0.00    0.00    0.00    0.00  100.00
05:47:41 AM    5    0.00    0.00    0.00    0.00    0.00    0.00    0.00    0.00    0.00  100.00
05:47:41 AM    6    0.00    0.00    0.00    0.00    0.00    0.00    0.00    0.00    0.00  100.00
05:47:41 AM    7    0.00    0.00    0.00    0.00    0.00   17.00    0.00    0.00    0.00   83.00

05:47:41 AM  CPU    %usr   %nice    %sys %iowait    %irq   %soft  %steal  %guest  %gnice   %idle
05:47:42 AM  all    1.88    0.00    6.64    0.00    0.13    9.40    0.00    0.00    0.00   81.95
05:47:42 AM    0    8.00    0.00   24.00    0.00    1.00    0.00    0.00    0.00    0.00   67.00
05:47:42 AM    1    7.00    0.00   27.00    0.00    0.00    0.00    0.00    0.00    0.00   66.00
05:47:42 AM    2    0.00    0.00    0.00    0.00    0.00   19.19    0.00    0.00    0.00   80.81
05:47:42 AM    3    0.00    0.00    2.02    0.00    0.00   39.39    0.00    0.00    0.00   58.59
05:47:42 AM    4    0.00    0.00    0.00    0.00    0.00    0.00    0.00    0.00    0.00  100.00
05:47:42 AM    5    0.00    0.00    0.00    0.00    0.00    0.00    0.00    0.00    0.00  100.00
05:47:42 AM    6    0.00    0.00    0.00    0.00    0.00    0.00    0.00    0.00    0.00  100.00
05:47:42 AM    7    0.00    0.00    0.00    0.00    0.00   17.00    0.00    0.00    0.00   83.00

05:47:42 AM  CPU    %usr   %nice    %sys %iowait    %irq   %soft  %steal  %guest  %gnice   %idle
05:47:43 AM  all    1.89    0.00    6.42    0.00    0.25    9.31    0.00    0.00    0.00   82.14
05:47:43 AM    0    9.38    0.00   20.83    0.00    1.04    0.00    0.00    0.00    0.00   68.75
05:47:43 AM    1    6.06    0.00   25.25    0.00    1.01    0.00    0.00    0.00    0.00   67.68
05:47:43 AM    2    0.00    0.00    0.00    0.00    0.00   20.00    0.00    0.00    0.00   80.00
05:47:43 AM    3    0.00    0.00    5.94    0.00    0.00   36.63    0.00    0.00    0.00   57.43
05:47:43 AM    4    0.00    0.00    0.00    0.00    0.00    0.00    0.00    0.00    0.00  100.00
05:47:43 AM    5    0.00    0.00    0.00    0.00    0.00    0.00    0.00    0.00    0.00  100.00
05:47:43 AM    6    0.00    0.00    0.00    0.00    0.00    0.00    0.00    0.00    0.00  100.00
05:47:43 AM    7    0.00    0.00    0.00    0.00    0.00   17.17    0.00    0.00    0.00   82.83

05:47:43 AM  CPU    %usr   %nice    %sys %iowait    %irq   %soft  %steal  %guest  %gnice   %idle
05:47:44 AM  all    2.00    0.00    5.37    0.00    0.12    9.36    0.00    0.00    0.00   83.15
05:47:44 AM    0    8.08    0.00   19.19    0.00    0.00    0.00    0.00    0.00    0.00   72.73
05:47:44 AM    1    7.92    0.00   21.78    0.00    0.00    0.00    0.00    0.00    0.00   70.30
05:47:44 AM    2    0.00    0.00    0.00    0.00    0.99   19.80    0.00    0.00    0.00   79.21
05:47:44 AM    3    0.00    0.00    2.00    0.00    0.00   38.00    0.00    0.00    0.00   60.00
05:47:44 AM    4    0.00    0.00    0.00    0.00    0.00    0.00    0.00    0.00    0.00  100.00
05:47:44 AM    5    0.00    0.00    0.00    0.00    0.00    0.00    0.00    0.00    0.00  100.00
05:47:44 AM    6    0.00    0.00    0.00    0.00    0.00    0.00    0.00    0.00    0.00  100.00
05:47:44 AM    7    0.00    0.00    0.00    0.00    0.00   17.00    0.00    0.00    0.00   83.00

05:47:44 AM  CPU    %usr   %nice    %sys %iowait    %irq   %soft  %steal  %guest  %gnice   %idle
05:47:45 AM  all    1.88    0.00    5.65    0.00    0.25    9.28    0.00    0.00    0.00   82.94
05:47:45 AM    0    7.14    0.00   21.43    0.00    1.02    0.00    0.00    0.00    0.00   70.41
05:47:45 AM    1    7.84    0.00   22.55    0.00    0.98    0.00    0.00    0.00    0.00   68.63
05:47:45 AM    2    0.00    0.00    0.00    0.00    0.00   20.00    0.00    0.00    0.00   80.00
05:47:45 AM    3    0.00    0.00    1.02    0.00    0.00   38.78    0.00    0.00    0.00   60.20
05:47:45 AM    4    0.00    0.00    0.00    0.00    0.00    0.00    0.00    0.00    0.00  100.00
05:47:45 AM    5    0.00    0.00    0.00    0.00    0.00    0.00    0.00    0.00    0.00  100.00
05:47:45 AM    6    0.00    0.00    0.00    0.00    0.00    0.00    0.00    0.00    0.00  100.00
05:47:45 AM    7    0.00    0.00    0.00    0.00    0.00   16.16    0.00    0.00    0.00   83.84

05:47:45 AM  CPU    %usr   %nice    %sys %iowait    %irq   %soft  %steal  %guest  %gnice   %idle
05:47:46 AM  all    2.10    0.00    6.06    0.00    0.25    9.27    0.00    0.00    0.00   82.32
05:47:46 AM    0    8.74    0.00   23.30    0.00    0.00    0.00    0.00    0.00    0.00   67.96
05:47:46 AM    1    7.84    0.00   23.53    0.00    0.00    0.00    0.00    0.00    0.00   68.63
05:47:46 AM    2    0.00    0.00    0.00    0.00    0.00   19.00    0.00    0.00    0.00   81.00
05:47:46 AM    3    0.00    0.00    0.98    0.00    0.98   38.24    0.00    0.00    0.00   59.80
05:47:46 AM    4    0.00    0.00    0.00    0.00    0.00    0.00    0.00    0.00    0.00  100.00
05:47:46 AM    5    0.00    0.00    0.00    0.00    0.00    0.00    0.00    0.00    0.00  100.00
05:47:46 AM    6    0.00    0.00    0.00    0.00    0.00    0.00    0.00    0.00    0.00  100.00
05:47:46 AM    7    0.00    0.00    0.00    0.00    0.98   16.67    0.00    0.00    0.00   82.35

05:47:46 AM  CPU    %usr   %nice    %sys %iowait    %irq   %soft  %steal  %guest  %gnice   %idle
05:47:47 AM  all    2.00    0.00    5.51    0.13    0.25    9.39    0.00    0.00    0.00   82.73
05:47:47 AM    0    8.00    0.00   21.00    1.00    1.00    0.00    0.00    0.00    0.00   69.00
05:47:47 AM    1    7.92    0.00   22.77    0.00    0.99    0.00    0.00    0.00    0.00   68.32
05:47:47 AM    2    0.00    0.00    0.00    0.00    0.00   20.00    0.00    0.00    0.00   80.00
05:47:47 AM    3    0.00    0.00    0.00    0.00    0.00   38.78    0.00    0.00    0.00   61.22
05:47:47 AM    4    0.00    0.00    0.00    0.00    0.00    0.00    0.00    0.00    0.00  100.00
05:47:47 AM    5    0.00    0.00    0.00    0.00    0.00    0.00    0.00    0.00    0.00  100.00
05:47:47 AM    6    0.00    0.00    0.00    0.00    0.00    0.00    0.00    0.00    0.00  100.00
05:47:47 AM    7    0.00    0.00    0.00    0.00    0.00   17.00    0.00    0.00    0.00   83.00

05:47:47 AM  CPU    %usr   %nice    %sys %iowait    %irq   %soft  %steal  %guest  %gnice   %idle
05:47:48 AM  all    2.01    0.00    5.53    0.00    0.00    9.06    0.00    0.00    0.00   83.40
05:47:48 AM    0    8.16    0.00   21.43    0.00    0.00    0.00    0.00    0.00    0.00   70.41
05:47:48 AM    1    8.16    0.00   21.43    0.00    0.00    0.00    0.00    0.00    0.00   70.41
05:47:48 AM    2    0.00    0.00    0.00    0.00    0.00   18.18    0.00    0.00    0.00   81.82
05:47:48 AM    3    0.00    0.00    1.98    0.00    0.00   37.62    0.00    0.00    0.00   60.40
05:47:48 AM    4    0.00    0.00    0.00    0.00    0.00    0.00    0.00    0.00    0.00  100.00
05:47:48 AM    5    0.00    0.00    0.00    0.00    0.00    0.00    0.00    0.00    0.00  100.00
05:47:48 AM    6    0.00    0.00    0.00    0.00    0.00    0.00    0.00    0.00    0.00  100.00
05:47:48 AM    7    0.00    0.00    0.00    0.00    0.00   16.16    0.00    0.00    0.00   83.84

05:47:48 AM  CPU    %usr   %nice    %sys %iowait    %irq   %soft  %steal  %guest  %gnice   %idle
05:47:49 AM  all    1.76    0.00    6.90    0.00    0.25    9.16    0.00    0.00    0.00   81.93
05:47:49 AM    0    6.19    0.00   26.80    0.00    1.03    0.00    0.00    0.00    0.00   65.98
05:47:49 AM    1    8.00    0.00   25.00    0.00    1.00    0.00    0.00    0.00    0.00   66.00
05:47:49 AM    2    0.00    0.00    0.00    0.00    0.00   19.00    0.00    0.00    0.00   81.00
05:47:49 AM    3    0.00    0.00    4.00    0.00    0.00   37.00    0.00    0.00    0.00   59.00
05:47:49 AM    4    0.00    0.00    0.00    0.00    0.00    0.00    0.00    0.00    0.00  100.00
05:47:49 AM    5    0.00    0.00    0.00    0.00    0.00    0.00    0.00    0.00    0.00  100.00
05:47:49 AM    6    0.00    0.00    0.00    0.00    0.00    0.00    0.00    0.00    0.00  100.00
05:47:49 AM    7    0.00    0.00    0.00    0.00    0.00   17.00    0.00    0.00    0.00   83.00

05:47:49 AM  CPU    %usr   %nice    %sys %iowait    %irq   %soft  %steal  %guest  %gnice   %idle
05:47:50 AM  all    1.52    0.00    5.69    0.00    0.13    9.48    0.00    0.00    0.00   83.19
05:47:50 AM    0    5.26    0.00   23.16    0.00    0.00    0.00    0.00    0.00    0.00   71.58
05:47:50 AM    1    7.29    0.00   20.83    0.00    1.04    0.00    0.00    0.00    0.00   70.83
05:47:50 AM    2    0.00    0.00    0.00    0.00    0.00   20.00    0.00    0.00    0.00   80.00
05:47:50 AM    3    0.00    0.00    3.00    0.00    0.00   38.00    0.00    0.00    0.00   59.00
05:47:50 AM    4    0.00    0.00    0.00    0.00    0.00    0.00    0.00    0.00    0.00  100.00
05:47:50 AM    5    0.00    0.00    0.00    0.00    0.00    0.00    0.00    0.00    0.00  100.00
05:47:50 AM    6    0.00    0.00    0.00    0.00    0.00    0.00    0.00    0.00    0.00  100.00
05:47:50 AM    7    0.00    0.00    0.00    0.00    0.00   17.00    0.00    0.00    0.00   83.00

05:47:50 AM  CPU    %usr   %nice    %sys %iowait    %irq   %soft  %steal  %guest  %gnice   %idle
05:47:51 AM  all    1.78    0.00    6.35    0.00    0.25    9.15    0.00    0.00    0.00   82.47
05:47:51 AM    0    6.38    0.00   22.34    0.00    1.06    0.00    0.00    0.00    0.00   70.21
05:47:51 AM    1    8.51    0.00   22.34    0.00    0.00    0.00    0.00    0.00    0.00   69.15
05:47:51 AM    2    0.00    0.00    0.00    0.00    0.99   19.80    0.00    0.00    0.00   79.21
05:47:51 AM    3    0.00    0.00    8.08    0.00    0.00   35.35    0.00    0.00    0.00   56.57
05:47:51 AM    4    0.00    0.00    0.00    0.00    0.00    0.00    0.00    0.00    0.00  100.00
05:47:51 AM    5    0.00    0.00    0.00    0.00    0.00    0.00    0.00    0.00    0.00  100.00
05:47:51 AM    6    0.00    0.00    0.00    0.00    0.00    0.00    0.00    0.00    0.00  100.00
05:47:51 AM    7    0.00    0.00    0.00    0.00    0.00   17.17    0.00    0.00    0.00   82.83

05:47:51 AM  CPU    %usr   %nice    %sys %iowait    %irq   %soft  %steal  %guest  %gnice   %idle
05:47:52 AM  all    1.64    0.00    5.53    0.00    0.50    9.43    0.00    0.00    0.00   82.89
05:47:52 AM    0    6.25    0.00   20.83    0.00    1.04    1.04    0.00    0.00    0.00   70.83
05:47:52 AM    1    7.22    0.00   21.65    0.00    1.03    0.00    0.00    0.00    0.00   70.10
05:47:52 AM    2    0.00    0.00    0.00    0.00    0.00   19.19    0.00    0.00    0.00   80.81
05:47:52 AM    3    0.00    0.00    2.94    0.00    0.98   37.25    0.00    0.00    0.00   58.82
05:47:52 AM    4    0.00    0.00    0.00    0.00    0.00    0.00    0.00    0.00    0.00  100.00
05:47:52 AM    5    0.00    0.00    0.00    0.00    0.00    0.00    0.00    0.00    0.00  100.00
05:47:52 AM    6    0.00    0.00    0.00    0.00    0.00    0.00    0.00    0.00    0.00  100.00
05:47:52 AM    7    0.00    0.00    0.00    0.00    0.99   16.83    0.00    0.00    0.00   82.18

05:47:52 AM  CPU    %usr   %nice    %sys %iowait    %irq   %soft  %steal  %guest  %gnice   %idle
05:47:53 AM  all    2.12    0.00    6.12    0.00    0.25    9.38    0.00    0.00    0.00   82.12
05:47:53 AM    0    9.09    0.00   21.21    0.00    1.01    0.00    0.00    0.00    0.00   68.69
05:47:53 AM    1    7.92    0.00   24.75    0.00    0.99    0.00    0.00    0.00    0.00   66.34
05:47:53 AM    2    0.00    0.00    0.00    0.00    0.00   19.80    0.00    0.00    0.00   80.20
05:47:53 AM    3    0.00    0.00    3.00    0.00    0.00   38.00    0.00    0.00    0.00   59.00
05:47:53 AM    4    0.00    0.00    0.00    0.00    0.00    0.00    0.00    0.00    0.00  100.00
05:47:53 AM    5    0.00    0.00    0.00    0.00    0.00    0.00    0.00    0.00    0.00  100.00
05:47:53 AM    6    0.00    0.00    0.00    0.00    0.00    0.00    0.00    0.00    0.00  100.00
05:47:53 AM    7    0.00    0.00    0.00    0.00    0.00   17.00    0.00    0.00    0.00   83.00

05:47:53 AM  CPU    %usr   %nice    %sys %iowait    %irq   %soft  %steal  %guest  %gnice   %idle
05:47:54 AM  all    1.88    0.00    5.89    0.00    0.00    9.15    0.00    0.00    0.00   83.08
05:47:54 AM    0    7.07    0.00   23.23    0.00    0.00    0.00    0.00    0.00    0.00   69.70
05:47:54 AM    1    7.92    0.00   23.76    0.00    0.00    0.00    0.00    0.00    0.00   68.32
05:47:54 AM    2    0.00    0.00    0.00    0.00    0.00   18.18    0.00    0.00    0.00   81.82
05:47:54 AM    3    0.00    0.00    0.00    0.00    0.00   38.38    0.00    0.00    0.00   61.62
05:47:54 AM    4    0.00    0.00    0.00    0.00    0.00    0.00    0.00    0.00    0.00  100.00
05:47:54 AM    5    0.00    0.00    0.00    0.00    0.00    0.00    0.00    0.00    0.00  100.00
05:47:54 AM    6    0.00    0.00    0.00    0.00    0.00    0.00    0.00    0.00    0.00  100.00
05:47:54 AM    7    0.00    0.00    0.00    0.00    0.00   17.00    0.00    0.00    0.00   83.00

05:47:54 AM  CPU    %usr   %nice    %sys %iowait    %irq   %soft  %steal  %guest  %gnice   %idle
05:47:55 AM  all    1.77    0.00    6.43    0.00    0.25    9.84    0.00    0.00    0.00   81.72
05:47:55 AM    0    8.16    0.00   23.47    0.00    1.02    0.00    0.00    0.00    0.00   67.35
05:47:55 AM    1    6.32    0.00   23.16    0.00    1.05    0.00    0.00    0.00    0.00   69.47
05:47:55 AM    2    0.00    0.00    0.00    0.00    0.00   22.00    0.00    0.00    0.00   78.00
05:47:55 AM    3    0.00    0.00    6.00    0.00    0.00   38.00    0.00    0.00    0.00   56.00
05:47:55 AM    4    0.00    0.00    0.00    0.00    0.00    0.00    0.00    0.00    0.00  100.00
05:47:55 AM    5    0.00    0.00    0.00    0.00    0.00    0.00    0.00    0.00    0.00  100.00
05:47:55 AM    6    0.00    0.00    0.00    0.00    0.00    0.00    0.00    0.00    0.00  100.00
05:47:55 AM    7    0.00    0.00    0.00    0.00    0.00   18.00    0.00    0.00    0.00   82.00

05:47:55 AM  CPU    %usr   %nice    %sys %iowait    %irq   %soft  %steal  %guest  %gnice   %idle
05:47:56 AM  all    1.88    0.00    4.77    0.00    0.00    9.16    0.00    0.00    0.00   84.19
05:47:56 AM    0    7.07    0.00   19.19    0.00    0.00    0.00    0.00    0.00    0.00   73.74
05:47:56 AM    1    8.08    0.00   18.18    0.00    0.00    0.00    0.00    0.00    0.00   73.74
05:47:56 AM    2    0.00    0.00    0.00    0.00    0.00   19.00    0.00    0.00    0.00   81.00
05:47:56 AM    3    0.00    0.00    1.00    0.00    0.00   38.00    0.00    0.00    0.00   61.00
05:47:56 AM    4    0.00    0.00    0.00    0.00    0.00    0.00    0.00    0.00    0.00  100.00
05:47:56 AM    5    0.00    0.00    0.00    0.00    0.00    0.00    0.00    0.00    0.00  100.00
05:47:56 AM    6    0.00    0.00    0.00    0.00    0.00    0.00    0.00    0.00    0.00  100.00
05:47:56 AM    7    0.00    0.00    0.00    0.00    0.00   16.16    0.00    0.00    0.00   83.84

05:47:56 AM  CPU    %usr   %nice    %sys %iowait    %irq   %soft  %steal  %guest  %gnice   %idle
05:47:57 AM  all    2.01    0.00    5.76    0.13    0.25    9.40    0.00    0.00    0.00   82.46
05:47:57 AM    0    9.18    0.00   21.43    0.00    1.02    0.00    0.00    0.00    0.00   68.37
05:47:57 AM    1    7.07    0.00   22.22    1.01    0.00    0.00    0.00    0.00    0.00   69.70
05:47:57 AM    2    0.00    0.00    0.00    0.00    0.00   20.00    0.00    0.00    0.00   80.00
05:47:57 AM    3    0.00    0.00    2.97    0.00    0.99   37.62    0.00    0.00    0.00   58.42
05:47:57 AM    4    0.00    0.00    0.00    0.00    0.00    0.00    0.00    0.00    0.00  100.00
05:47:57 AM    5    0.00    0.00    0.00    0.00    0.00    0.00    0.00    0.00    0.00  100.00
05:47:57 AM    6    0.00    0.00    0.00    0.00    0.00    0.00    0.00    0.00    0.00  100.00
05:47:57 AM    7    0.00    0.00    0.00    0.00    0.00   17.00    0.00    0.00    0.00   83.00

05:47:57 AM  CPU    %usr   %nice    %sys %iowait    %irq   %soft  %steal  %guest  %gnice   %idle
05:47:58 AM  all    1.76    0.00    5.03    0.00    0.38    9.43    0.00    0.00    0.00   83.40
05:47:58 AM    0    7.29    0.00   18.75    0.00    0.00    0.00    0.00    0.00    0.00   73.96
05:47:58 AM    1    7.07    0.00   21.21    0.00    1.01    0.00    0.00    0.00    0.00   70.71
05:47:58 AM    2    0.00    0.00    0.00    0.00    0.99   19.80    0.00    0.00    0.00   79.21
05:47:58 AM    3    0.00    0.00    1.01    0.00    0.00   38.38    0.00    0.00    0.00   60.61
05:47:58 AM    4    0.00    0.00    0.00    0.00    0.00    0.00    0.00    0.00    0.00  100.00
05:47:58 AM    5    0.00    0.00    0.00    0.00    0.00    0.00    0.00    0.00    0.00  100.00
05:47:58 AM    6    0.00    0.00    0.00    0.00    0.00    0.00    0.00    0.00    0.00  100.00
05:47:58 AM    7    0.00    0.00    0.00    0.00    1.00   17.00    0.00    0.00    0.00   82.00

05:47:58 AM  CPU    %usr   %nice    %sys %iowait    %irq   %soft  %steal  %guest  %gnice   %idle
05:47:59 AM  all    2.01    0.00    6.14    0.13    0.13    9.27    0.00    0.00    0.00   82.33
05:47:59 AM    0    8.00    0.00   23.00    1.00    1.00    0.00    0.00    0.00    0.00   67.00
05:47:59 AM    1    8.08    0.00   23.23    0.00    0.00    0.00    0.00    0.00    0.00   68.69
05:47:59 AM    2    0.00    0.00    0.00    0.00    0.00   19.19    0.00    0.00    0.00   80.81
05:47:59 AM    3    0.00    0.00    3.00    0.00    0.00   38.00    0.00    0.00    0.00   59.00
05:47:59 AM    4    0.00    0.00    0.00    0.00    0.00    0.00    0.00    0.00    0.00  100.00
05:47:59 AM    5    0.00    0.00    0.00    0.00    0.00    0.00    0.00    0.00    0.00  100.00
05:47:59 AM    6    0.00    0.00    0.00    0.00    0.00    0.00    0.00    0.00    0.00  100.00
05:47:59 AM    7    0.00    0.00    0.00    0.00    0.00   17.00    0.00    0.00    0.00   83.00

05:47:59 AM  CPU    %usr   %nice    %sys %iowait    %irq   %soft  %steal  %guest  %gnice   %idle
05:48:00 AM  all    1.88    0.00    6.16    0.00    0.13    9.42    0.00    0.00    0.00   82.41
05:48:00 AM    0    8.25    0.00   22.68    0.00    0.00    0.00    0.00    0.00    0.00   69.07
05:48:00 AM    1    7.07    0.00   25.25    0.00    1.01    1.01    0.00    0.00    0.00   65.66
05:48:00 AM    2    0.00    0.00    0.00    0.00    0.00   19.00    0.00    0.00    0.00   81.00
05:48:00 AM    3    0.00    0.00    2.00    0.00    0.00   38.00    0.00    0.00    0.00   60.00
05:48:00 AM    4    0.00    0.00    0.00    0.00    0.00    0.00    0.00    0.00    0.00  100.00
05:48:00 AM    5    0.00    0.00    0.00    0.00    0.00    0.00    0.00    0.00    0.00  100.00
05:48:00 AM    6    0.00    0.00    0.00    0.00    0.00    0.00    0.00    0.00    0.00  100.00
05:48:00 AM    7    0.00    0.00    0.00    0.00    0.00   17.00    0.00    0.00    0.00   83.00

05:48:00 AM  CPU    %usr   %nice    %sys %iowait    %irq   %soft  %steal  %guest  %gnice   %idle
05:48:01 AM  all    1.64    0.00    5.56    0.00    0.13    9.23    0.00    0.00    0.00   83.44
05:48:01 AM    0    7.22    0.00   20.62    0.00    1.03    0.00    0.00    0.00    0.00   71.13
05:48:01 AM    1    6.32    0.00   22.11    0.00    0.00    0.00    0.00    0.00    0.00   71.58
05:48:01 AM    2    0.00    0.00    0.00    0.00    0.00   19.00    0.00    0.00    0.00   81.00
05:48:01 AM    3    0.00    0.00    3.03    0.00    0.00   37.37    0.00    0.00    0.00   59.60
05:48:01 AM    4    0.00    0.00    0.00    0.00    0.00    0.00    0.00    0.00    0.00  100.00
05:48:01 AM    5    0.00    0.00    0.00    0.00    0.00    0.00    0.00    0.00    0.00  100.00
05:48:01 AM    6    0.00    0.00    0.00    0.00    0.00    0.00    0.00    0.00    0.00  100.00
05:48:01 AM    7    0.00    0.00    0.00    0.00    0.00   17.00    0.00    0.00    0.00   83.00

05:48:01 AM  CPU    %usr   %nice    %sys %iowait    %irq   %soft  %steal  %guest  %gnice   %idle
05:48:02 AM  all    1.77    0.00    5.45    0.00    0.13    9.25    0.00    0.00    0.00   83.40
05:48:02 AM    0    7.45    0.00   21.28    0.00    0.00    0.00    0.00    0.00    0.00   71.28
05:48:02 AM    1    7.45    0.00   20.21    0.00    1.06    0.00    0.00    0.00    0.00   71.28
05:48:02 AM    2    0.00    0.00    0.00    0.00    0.00   19.00    0.00    0.00    0.00   81.00
05:48:02 AM    3    0.00    0.00    3.00    0.00    0.00   38.00    0.00    0.00    0.00   59.00
05:48:02 AM    4    0.00    0.00    0.00    0.00    0.00    0.00    0.00    0.00    0.00  100.00
05:48:02 AM    5    0.00    0.00    0.00    0.00    0.00    0.00    0.00    0.00    0.00  100.00
05:48:02 AM    6    0.00    0.00    0.00    0.00    0.00    0.00    0.00    0.00    0.00  100.00
05:48:02 AM    7    0.00    0.00    0.99    0.00    0.00   15.84    0.00    0.00    0.00   83.17

05:48:02 AM  CPU    %usr   %nice    %sys %iowait    %irq   %soft  %steal  %guest  %gnice   %idle
05:48:03 AM  all    1.76    0.00    5.28    0.00    0.25    9.43    0.00    0.00    0.00   83.27
05:48:03 AM    0    7.22    0.00   19.59    0.00    1.03    0.00    0.00    0.00    0.00   72.16
05:48:03 AM    1    7.22    0.00   20.62    0.00    0.00    0.00    0.00    0.00    0.00   72.16
05:48:03 AM    2    0.00    0.00    0.00    0.00    0.00   20.00    0.00    0.00    0.00   80.00
05:48:03 AM    3    0.00    0.00    2.97    0.00    0.99   36.63    0.00    0.00    0.00   59.41
05:48:03 AM    4    0.00    0.00    0.00    0.00    0.00    0.00    0.00    0.00    0.00  100.00
05:48:03 AM    5    0.00    0.00    0.00    0.00    0.00    0.00    0.00    0.00    0.00  100.00
05:48:03 AM    6    0.00    0.00    0.00    0.00    0.00    0.00    0.00    0.00    0.00  100.00
05:48:03 AM    7    0.00    0.00    0.00    0.00    0.00   18.00    0.00    0.00    0.00   82.00

05:48:03 AM  CPU    %usr   %nice    %sys %iowait    %irq   %soft  %steal  %guest  %gnice   %idle
05:48:04 AM  all    2.02    0.00    6.69    0.00    0.25    9.22    0.00    0.00    0.00   81.82
05:48:04 AM    0    8.42    0.00   24.21    0.00    0.00    0.00    0.00    0.00    0.00   67.37
05:48:04 AM    1    8.33    0.00   23.96    0.00    1.04    0.00    0.00    0.00    0.00   66.67
05:48:04 AM    2    0.00    0.00    0.00    0.00    0.00   19.19    0.00    0.00    0.00   80.81
05:48:04 AM    3    0.00    0.00    6.93    0.00    0.00   36.63    0.00    0.00    0.00   56.44
05:48:04 AM    4    0.00    0.00    0.00    0.00    0.00    0.00    0.00    0.00    0.00  100.00
05:48:04 AM    5    0.00    0.00    0.00    0.00    0.00    0.00    0.00    0.00    0.00  100.00
05:48:04 AM    6    0.00    0.00    0.00    0.00    0.00    0.00    0.00    0.00    0.00  100.00
05:48:04 AM    7    0.00    0.00    0.00    0.00    0.99   16.83    0.00    0.00    0.00   82.18

05:48:04 AM  CPU    %usr   %nice    %sys %iowait    %irq   %soft  %steal  %guest  %gnice   %idle
05:48:05 AM  all    1.89    0.00    6.57    0.00    0.13    9.22    0.00    0.00    0.00   82.20
05:48:05 AM    0    7.22    0.00   24.74    0.00    1.03    0.00    0.00    0.00    0.00   67.01
05:48:05 AM    1    8.25    0.00   24.74    0.00    0.00    0.00    0.00    0.00    0.00   67.01
05:48:05 AM    2    0.00    0.00    0.00    0.00    0.00   19.00    0.00    0.00    0.00   81.00
05:48:05 AM    3    0.00    0.00    4.04    0.00    0.00   37.37    0.00    0.00    0.00   58.59
05:48:05 AM    4    0.00    0.00    0.00    0.00    0.00    0.00    0.00    0.00    0.00  100.00
05:48:05 AM    5    0.00    0.00    0.00    0.00    0.00    0.00    0.00    0.00    0.00  100.00
05:48:05 AM    6    0.00    0.00    0.00    0.00    0.00    0.00    0.00    0.00    0.00  100.00
05:48:05 AM    7    0.00    0.00    0.00    0.00    0.00   17.17    0.00    0.00    0.00   82.83

05:48:05 AM  CPU    %usr   %nice    %sys %iowait    %irq   %soft  %steal  %guest  %gnice   %idle
05:48:06 AM  all    2.01    0.00    5.64    0.00    0.38    9.27    0.00    0.00    0.00   82.71
05:48:06 AM    0    8.08    0.00   22.22    0.00    1.01    0.00    0.00    0.00    0.00   68.69
05:48:06 AM    1    8.16    0.00   22.45    0.00    1.02    0.00    0.00    0.00    0.00   68.37
05:48:06 AM    2    0.00    0.00    0.00    0.00    0.99   18.81    0.00    0.00    0.00   80.20
05:48:06 AM    3    0.00    0.00    1.00    0.00    0.00   39.00    0.00    0.00    0.00   60.00
05:48:06 AM    4    0.00    0.00    0.00    0.00    0.00    0.00    0.00    0.00    0.00  100.00
05:48:06 AM    5    0.00    0.00    0.00    0.00    0.00    0.00    0.00    0.00    0.00  100.00
05:48:06 AM    6    0.00    0.00    0.00    0.00    0.00    0.00    0.00    0.00    0.00  100.00
05:48:06 AM    7    0.00    0.00    0.00    0.00    0.00   16.00    0.00    0.00    0.00   84.00

05:48:06 AM  CPU    %usr   %nice    %sys %iowait    %irq   %soft  %steal  %guest  %gnice   %idle
05:48:07 AM  all    1.89    0.00    5.93    0.00    0.00    9.33    0.00    0.00    0.00   82.85
05:48:07 AM    0    8.33    0.00   22.92    0.00    0.00    0.00    0.00    0.00    0.00   68.75
05:48:07 AM    1    7.22    0.00   23.71    0.00    0.00    0.00    0.00    0.00    0.00   69.07
05:48:07 AM    2    0.00    0.00    0.00    0.00    0.00   19.00    0.00    0.00    0.00   81.00
05:48:07 AM    3    0.00    0.00    2.00    0.00    0.00   38.00    0.00    0.00    0.00   60.00
05:48:07 AM    4    0.00    0.00    0.00    0.00    0.00    0.00    0.00    0.00    0.00  100.00
05:48:07 AM    5    0.00    0.00    0.00    0.00    0.00    0.00    0.00    0.00    0.00  100.00
05:48:07 AM    6    0.00    0.00    0.00    0.00    0.00    0.00    0.00    0.00    0.00  100.00
05:48:07 AM    7    0.00    0.00    0.00    0.00    0.00   17.00    0.00    0.00    0.00   83.00

05:48:07 AM  CPU    %usr   %nice    %sys %iowait    %irq   %soft  %steal  %guest  %gnice   %idle
05:48:08 AM  all    1.77    0.00    5.31    0.00    0.25    9.48    0.00    0.00    0.00   83.19
05:48:08 AM    0    8.42    0.00   18.95    0.00    1.05    0.00    0.00    0.00    0.00   71.58
05:48:08 AM    1    6.25    0.00   22.92    0.00    1.04    0.00    0.00    0.00    0.00   69.79
05:48:08 AM    2    0.00    0.00    0.00    0.00    0.00   19.00    0.00    0.00    0.00   81.00
05:48:08 AM    3    0.00    0.00    2.00    0.00    0.00   39.00    0.00    0.00    0.00   59.00
05:48:08 AM    4    0.00    0.00    0.00    0.00    0.00    0.00    0.00    0.00    0.00  100.00
05:48:08 AM    5    0.00    0.00    0.00    0.00    0.00    0.00    0.00    0.00    0.00  100.00
05:48:08 AM    6    0.00    0.00    0.00    0.00    0.00    0.00    0.00    0.00    0.00  100.00
05:48:08 AM    7    0.00    0.00    0.00    0.00    0.00   17.00    0.00    0.00    0.00   83.00

05:48:08 AM  CPU    %usr   %nice    %sys %iowait    %irq   %soft  %steal  %guest  %gnice   %idle
05:48:09 AM  all    2.02    0.00    5.18    0.00    0.25    9.73    0.00    0.00    0.00   82.81
05:48:09 AM    0    9.38    0.00   18.75    0.00    1.04    0.00    0.00    0.00    0.00   70.83
05:48:09 AM    1    7.29    0.00   22.92    0.00    0.00    0.00    0.00    0.00    0.00   69.79
05:48:09 AM    2    0.00    0.00    0.00    0.00    0.00   20.20    0.00    0.00    0.00   79.80
05:48:09 AM    3    0.00    0.00    0.99    0.00    0.99   39.60    0.00    0.00    0.00   58.42
05:48:09 AM    4    0.00    0.00    0.00    0.00    0.00    0.00    0.00    0.00    0.00  100.00
05:48:09 AM    5    0.00    0.00    0.00    0.00    0.00    0.00    0.00    0.00    0.00  100.00
05:48:09 AM    6    0.00    0.00    0.00    0.00    0.00    0.00    0.00    0.00    0.00  100.00
05:48:09 AM    7    0.00    0.00    0.00    0.00    0.00   17.17    0.00    0.00    0.00   82.83

05:48:09 AM  CPU    %usr   %nice    %sys %iowait    %irq   %soft  %steal  %guest  %gnice   %idle
05:48:10 AM  all    1.89    0.00    5.41    0.00    0.25    9.43    0.00    0.00    0.00   83.02
05:48:10 AM    0    8.42    0.00   20.00    0.00    0.00    0.00    0.00    0.00    0.00   71.58
05:48:10 AM    1    7.22    0.00   22.68    0.00    1.03    0.00    0.00    0.00    0.00   69.07
05:48:10 AM    2    0.00    0.00    0.00    0.00    0.00   19.80    0.00    0.00    0.00   80.20
05:48:10 AM    3    0.00    0.00    2.00    0.00    0.00   38.00    0.00    0.00    0.00   60.00
05:48:10 AM    4    0.00    0.00    0.00    0.00    0.00    0.00    0.00    0.00    0.00  100.00
05:48:10 AM    5    0.00    0.00    0.00    0.00    0.00    0.00    0.00    0.00    0.00  100.00
05:48:10 AM    6    0.00    0.00    0.00    0.00    0.00    0.00    0.00    0.00    0.00  100.00
05:48:10 AM    7    0.00    0.00    0.00    0.00    0.98   16.67    0.00    0.00    0.00   82.35

05:48:10 AM  CPU    %usr   %nice    %sys %iowait    %irq   %soft  %steal  %guest  %gnice   %idle
05:48:11 AM  all    1.77    0.00    6.08    0.00    0.13    9.25    0.00    0.00    0.00   82.76
05:48:11 AM    0    6.32    0.00   21.05    0.00    1.05    1.05    0.00    0.00    0.00   70.53
05:48:11 AM    1    8.33    0.00   21.88    0.00    0.00    0.00    0.00    0.00    0.00   69.79
05:48:11 AM    2    0.00    0.00    0.00    0.00    0.00   20.00    0.00    0.00    0.00   80.00
05:48:11 AM    3    0.00    0.00    7.07    0.00    0.00   35.35    0.00    0.00    0.00   57.58
05:48:11 AM    4    0.00    0.00    0.00    0.00    0.00    0.00    0.00    0.00    0.00  100.00
05:48:11 AM    5    0.00    0.00    0.00    0.00    0.00    0.00    0.00    0.00    0.00  100.00
05:48:11 AM    6    0.00    0.00    0.00    0.00    0.00    0.00    0.00    0.00    0.00  100.00
05:48:11 AM    7    0.00    0.00    0.00    0.00    0.00   17.17    0.00    0.00    0.00   82.83

05:48:11 AM  CPU    %usr   %nice    %sys %iowait    %irq   %soft  %steal  %guest  %gnice   %idle
05:48:12 AM  all    1.52    0.00    5.18    0.13    0.25    9.36    0.00    0.00    0.00   83.57
05:48:12 AM    0    5.43    0.00   19.57    0.00    0.00    0.00    0.00    0.00    0.00   75.00
05:48:12 AM    1    7.14    0.00   20.41    1.02    1.02    0.00    0.00    0.00    0.00   70.41
05:48:12 AM    2    0.00    0.00    0.00    0.00    1.00   19.00    0.00    0.00    0.00   80.00
05:48:12 AM    3    0.00    0.00    2.97    0.00    0.00   37.62    0.00    0.00    0.00   59.41
05:48:12 AM    4    0.00    0.00    0.00    0.00    0.00    0.00    0.00    0.00    0.00  100.00
05:48:12 AM    5    0.00    0.00    0.00    0.00    0.00    0.00    0.00    0.00    0.00  100.00
05:48:12 AM    6    0.00    0.00    0.00    0.00    0.00    0.00    0.00    0.00    0.00  100.00
05:48:12 AM    7    0.00    0.00    0.00    0.00    0.00   17.00    0.00    0.00    0.00   83.00

05:48:12 AM  CPU    %usr   %nice    %sys %iowait    %irq   %soft  %steal  %guest  %gnice   %idle
05:48:13 AM  all    1.77    0.00    4.80    0.00    0.13    9.60    0.00    0.00    0.00   83.71
05:48:13 AM    0    7.29    0.00   18.75    0.00    1.04    0.00    0.00    0.00    0.00   72.92
05:48:13 AM    1    7.22    0.00   20.62    0.00    0.00    0.00    0.00    0.00    0.00   72.16
05:48:13 AM    2    0.00    0.00    0.00    0.00    0.00   20.00    0.00    0.00    0.00   80.00
05:48:13 AM    3    0.00    0.00    0.00    0.00    0.00   39.39    0.00    0.00    0.00   60.61
05:48:13 AM    4    0.00    0.00    0.00    0.00    0.00    0.00    0.00    0.00    0.00  100.00
05:48:13 AM    5    0.00    0.00    0.00    0.00    0.00    0.00    0.00    0.00    0.00  100.00
05:48:13 AM    6    0.00    0.00    0.00    0.00    0.00    0.00    0.00    0.00    0.00  100.00
05:48:13 AM    7    0.00    0.00    0.00    0.00    0.00   17.00    0.00    0.00    0.00   83.00

05:48:13 AM  CPU    %usr   %nice    %sys %iowait    %irq   %soft  %steal  %guest  %gnice   %idle
05:48:14 AM  all    1.64    0.00    5.79    0.00    0.25    9.32    0.00    0.00    0.00   83.00
05:48:14 AM    0    7.45    0.00   20.21    0.00    0.00    0.00    0.00    0.00    0.00   72.34
05:48:14 AM    1    6.06    0.00   22.22    0.00    1.01    0.00    0.00    0.00    0.00   70.71
05:48:14 AM    2    0.00    0.00    1.00    0.00    0.00   19.00    0.00    0.00    0.00   80.00
05:48:14 AM    3    0.00    0.00    3.96    0.00    0.99   37.62    0.00    0.00    0.00   57.43
05:48:14 AM    4    0.00    0.00    0.00    0.00    0.00    0.00    0.00    0.00    0.00  100.00
05:48:14 AM    5    0.00    0.00    0.00    0.00    0.00    0.00    0.00    0.00    0.00  100.00
05:48:14 AM    6    0.00    0.00    0.00    0.00    0.00    0.00    0.00    0.00    0.00  100.00
05:48:14 AM    7    0.00    0.00    0.00    0.00    0.00   17.00    0.00    0.00    0.00   83.00

05:48:14 AM  CPU    %usr   %nice    %sys %iowait    %irq   %soft  %steal  %guest  %gnice   %idle
05:48:15 AM  all    2.03    0.00    5.32    0.13    0.25    9.38    0.00    0.00    0.00   82.89
05:48:15 AM    0    8.25    0.00   21.65    1.03    1.03    0.00    0.00    0.00    0.00   68.04
05:48:15 AM    1    8.60    0.00   21.51    0.00    0.00    0.00    0.00    0.00    0.00   69.89
05:48:15 AM    2    0.00    0.00    0.00    0.00    0.00   19.00    0.00    0.00    0.00   81.00
05:48:15 AM    3    0.00    0.00    1.00    0.00    0.00   39.00    0.00    0.00    0.00   60.00
05:48:15 AM    4    0.00    0.00    0.00    0.00    0.00    0.00    0.00    0.00    0.00  100.00
05:48:15 AM    5    0.00    0.00    0.00    0.00    0.00    0.00    0.00    0.00    0.00  100.00
05:48:15 AM    6    0.00    0.00    0.00    0.00    0.00    0.00    0.00    0.00    0.00  100.00
05:48:15 AM    7    0.00    0.00    0.00    0.00    1.00   16.00    0.00    0.00    0.00   83.00

05:48:15 AM  CPU    %usr   %nice    %sys %iowait    %irq   %soft  %steal  %guest  %gnice   %idle
05:48:16 AM  all    2.13    0.00    5.01    0.00    0.13    9.40    0.00    0.00    0.00   83.33
05:48:16 AM    0    8.16    0.00   20.41    0.00    0.00    0.00    0.00    0.00    0.00   71.43
05:48:16 AM    1    9.09    0.00   19.19    0.00    1.01    0.00    0.00    0.00    0.00   70.71
05:48:16 AM    2    0.00    0.00    0.00    0.00    0.00   19.80    0.00    0.00    0.00   80.20
05:48:16 AM    3    0.00    0.00    1.00    0.00    0.00   38.00    0.00    0.00    0.00   61.00
05:48:16 AM    4    0.00    0.00    0.00    0.00    0.00    0.00    0.00    0.00    0.00  100.00
05:48:16 AM    5    0.00    0.00    0.00    0.00    0.00    0.00    0.00    0.00    0.00  100.00
05:48:16 AM    6    0.00    0.00    0.00    0.00    0.00    0.00    0.00    0.00    0.00  100.00
05:48:16 AM    7    0.00    0.00    0.00    0.00    0.00   17.00    0.00    0.00    0.00   83.00

05:48:16 AM  CPU    %usr   %nice    %sys %iowait    %irq   %soft  %steal  %guest  %gnice   %idle
05:48:17 AM  all    1.77    0.00    5.06    0.00    0.25    9.87    0.00    0.00    0.00   83.04
05:48:17 AM    0    7.45    0.00   20.21    0.00    1.06    0.00    0.00    0.00    0.00   71.28
05:48:17 AM    1    7.14    0.00   20.41    0.00    0.00    0.00    0.00    0.00    0.00   72.45
05:48:17 AM    2    0.00    0.00    0.00    0.00    1.01   25.25    0.00    0.00    0.00   73.74
05:48:17 AM    3    0.00    0.00    1.01    0.00    0.00   37.37    0.00    0.00    0.00   61.62
05:48:17 AM    4    0.00    0.00    0.00    0.00    0.00    0.00    0.00    0.00    0.00  100.00
05:48:17 AM    5    0.00    0.00    0.00    0.00    0.00    0.00    0.00    0.00    0.00  100.00
05:48:17 AM    6    0.00    0.00    0.00    0.00    0.00    0.00    0.00    0.00    0.00  100.00
05:48:17 AM    7    0.00    0.00    0.00    0.00    0.00   16.00    0.00    0.00    0.00   84.00

05:48:17 AM  CPU    %usr   %nice    %sys %iowait    %irq   %soft  %steal  %guest  %gnice   %idle
05:48:18 AM  all    1.63    0.00    4.26    0.00    0.13    9.15    0.00    0.00    0.00   84.84
05:48:18 AM    0    6.19    0.00   16.49    0.00    0.00    0.00    0.00    0.00    0.00   77.32
05:48:18 AM    1    7.00    0.00   18.00    0.00    0.00    0.00    0.00    0.00    0.00   75.00
05:48:18 AM    2    0.00    0.00    0.00    0.00    0.98   19.61    0.00    0.00    0.00   79.41
05:48:18 AM    3    0.00    0.00    0.00    0.00    0.00   37.00    0.00    0.00    0.00   63.00
05:48:18 AM    4    0.00    0.00    0.00    0.00    0.00    0.00    0.00    0.00    0.00  100.00
05:48:18 AM    5    0.00    0.00    0.00    0.00    0.00    0.00    0.00    0.00    0.00  100.00
05:48:18 AM    6    0.00    0.00    0.00    0.00    0.00    0.00    0.00    0.00    0.00  100.00
05:48:18 AM    7    0.00    0.00    0.00    0.00    0.00   16.16    0.00    0.00    0.00   83.84

05:48:18 AM  CPU    %usr   %nice    %sys %iowait    %irq   %soft  %steal  %guest  %gnice   %idle
05:48:19 AM  all    1.51    0.00    4.28    0.00    0.13    9.45    0.00    0.00    0.00   84.63
05:48:19 AM    0    7.22    0.00   17.53    0.00    0.00    0.00    0.00    0.00    0.00   75.26
05:48:19 AM    1    5.21    0.00   17.71    0.00    0.00    0.00    0.00    0.00    0.00   77.08
05:48:19 AM    2    0.00    0.00    0.00    0.00    0.00   20.00    0.00    0.00    0.00   80.00
05:48:19 AM    3    0.00    0.00    0.00    0.00    0.99   37.62    0.00    0.00    0.00   61.39
05:48:19 AM    4    0.00    0.00    0.00    0.00    0.00    0.00    0.00    0.00    0.00  100.00
05:48:19 AM    5    0.00    0.00    0.00    0.00    0.00    0.00    0.00    0.00    0.00  100.00
05:48:19 AM    6    0.00    0.00    0.00    0.00    0.00    0.00    0.00    0.00    0.00  100.00
05:48:19 AM    7    0.00    0.00    0.00    0.00    0.00   17.00    0.00    0.00    0.00   83.00

05:48:19 AM  CPU    %usr   %nice    %sys %iowait    %irq   %soft  %steal  %guest  %gnice   %idle
05:48:20 AM  all    1.51    0.00    4.27    0.00    0.00    9.16    0.00    0.00    0.00   85.07
05:48:20 AM    0    6.12    0.00   17.35    0.00    0.00    0.00    0.00    0.00    0.00   76.53
05:48:20 AM    1    6.00    0.00   17.00    0.00    0.00    1.00    0.00    0.00    0.00   76.00
05:48:20 AM    2    0.00    0.00    0.00    0.00    0.00   19.00    0.00    0.00    0.00   81.00
05:48:20 AM    3    0.00    0.00    0.00    0.00    0.00   36.36    0.00    0.00    0.00   63.64
05:48:20 AM    4    0.00    0.00    0.00    0.00    0.00    0.00    0.00    0.00    0.00  100.00
05:48:20 AM    5    0.00    0.00    0.00    0.00    0.00    0.00    0.00    0.00    0.00  100.00
05:48:20 AM    6    0.00    0.00    0.00    0.00    0.00    0.00    0.00    0.00    0.00  100.00
05:48:20 AM    7    0.00    0.00    0.00    0.00    0.00   17.00    0.00    0.00    0.00   83.00

05:48:20 AM  CPU    %usr   %nice    %sys %iowait    %irq   %soft  %steal  %guest  %gnice   %idle
05:48:21 AM  all    1.52    0.00    4.04    0.00    0.13    9.22    0.00    0.00    0.00   85.10
05:48:21 AM    0    6.32    0.00   14.74    0.00    0.00    0.00    0.00    0.00    0.00   78.95
05:48:21 AM    1    6.12    0.00   18.37    0.00    0.00    0.00    0.00    0.00    0.00   75.51
05:48:21 AM    2    0.00    0.00    0.00    0.00    0.00   20.20    0.00    0.00    0.00   79.80
05:48:21 AM    3    0.00    0.00    0.00    0.00    0.00   37.00    0.00    0.00    0.00   63.00
05:48:21 AM    4    0.00    0.00    0.00    0.00    0.00    0.00    0.00    0.00    0.00  100.00
05:48:21 AM    5    0.00    0.00    0.00    0.00    0.00    0.00    0.00    0.00    0.00  100.00
05:48:21 AM    6    0.00    0.00    0.00    0.00    0.00    0.00    0.00    0.00    0.00  100.00
05:48:21 AM    7    0.00    0.00    0.00    0.00    1.00   16.00    0.00    0.00    0.00   83.00

05:48:21 AM  CPU    %usr   %nice    %sys %iowait    %irq   %soft  %steal  %guest  %gnice   %idle
05:48:22 AM  all    1.63    0.00    4.14    0.00    0.38    9.54    0.00    0.00    0.00   84.32
05:48:22 AM    0    6.19    0.00   16.49    0.00    1.03    0.00    0.00    0.00    0.00   76.29
05:48:22 AM    1    7.07    0.00   17.17    0.00    1.01    0.00    0.00    0.00    0.00   74.75
05:48:22 AM    2    0.00    0.00    0.00    0.00    0.00   20.00    0.00    0.00    0.00   80.00
05:48:22 AM    3    0.00    0.00    0.00    0.00    0.00   38.38    0.00    0.00    0.00   61.62
05:48:22 AM    4    0.00    0.00    0.00    0.00    0.99    0.00    0.00    0.00    0.00   99.01
05:48:22 AM    5    0.00    0.00    0.00    0.00    0.00    0.00    0.00    0.00    0.00  100.00
05:48:22 AM    6    0.00    0.00    0.00    0.00    0.00    0.00    0.00    0.00    0.00  100.00
05:48:22 AM    7    0.00    0.00    0.00    0.00    0.00   17.82    0.00    0.00    0.00   82.18

05:48:22 AM  CPU    %usr   %nice    %sys %iowait    %irq   %soft  %steal  %guest  %gnice   %idle
05:48:23 AM  all    1.51    0.00    4.04    0.00    0.13    8.83    0.00    0.00    0.00   85.50
05:48:23 AM    0    6.25    0.00   15.62    0.00    0.00    0.00    0.00    0.00    0.00   78.12
05:48:23 AM    1    6.19    0.00   16.49    0.00    0.00    0.00    0.00    0.00    0.00   77.32
05:48:23 AM    2    0.00    0.00    0.00    0.00    0.00   18.18    0.00    0.00    0.00   81.82
05:48:23 AM    3    0.00    0.00    0.98    0.00    0.98   35.29    0.00    0.00    0.00   62.75
05:48:23 AM    4    0.00    0.00    0.00    0.00    0.00    0.00    0.00    0.00    0.00  100.00
05:48:23 AM    5    0.00    0.00    0.00    0.00    0.00    0.00    0.00    0.00    0.00  100.00
05:48:23 AM    6    0.00    0.00    0.00    0.00    0.00    0.00    0.00    0.00    0.00  100.00
05:48:23 AM    7    0.00    0.00    0.00    0.00    0.00   16.16    0.00    0.00    0.00   83.84

05:48:23 AM  CPU    %usr   %nice    %sys %iowait    %irq   %soft  %steal  %guest  %gnice   %idle
05:48:24 AM  all    1.51    0.00    3.89    0.00    0.13    9.30    0.00    0.00    0.00   85.18
05:48:24 AM    0    5.26    0.00   15.79    0.00    0.00    0.00    0.00    0.00    0.00   78.95
05:48:24 AM    1    7.07    0.00   16.16    0.00    0.00    0.00    0.00    0.00    0.00   76.77
05:48:24 AM    2    0.00    0.00    0.00    0.00    0.98   19.61    0.00    0.00    0.00   79.41
05:48:24 AM    3    0.00    0.00    0.00    0.00    0.00   37.00    0.00    0.00    0.00   63.00
05:48:24 AM    4    0.00    0.00    0.00    0.00    0.00    0.00    0.00    0.00    0.00  100.00
05:48:24 AM    5    0.00    0.00    0.00    0.00    0.00    0.00    0.00    0.00    0.00  100.00
05:48:24 AM    6    0.00    0.00    0.00    0.00    0.00    0.00    0.00    0.00    0.00  100.00
05:48:24 AM    7    0.00    0.00    0.00    0.00    0.00   17.00    0.00    0.00    0.00   83.00

05:48:24 AM  CPU    %usr   %nice    %sys %iowait    %irq   %soft  %steal  %guest  %gnice   %idle
05:48:25 AM  all    1.39    0.00    4.53    0.00    0.00    9.19    0.00    0.00    0.00   84.89
05:48:25 AM    0    6.19    0.00   17.53    0.00    0.00    0.00    0.00    0.00    0.00   76.29
05:48:25 AM    1    5.10    0.00   19.39    0.00    0.00    0.00    0.00    0.00    0.00   75.51
05:48:25 AM    2    0.00    0.00    0.00    0.00    0.00   19.19    0.00    0.00    0.00   80.81
05:48:25 AM    3    0.00    0.00    0.00    0.00    0.00   37.00    0.00    0.00    0.00   63.00
05:48:25 AM    4    0.00    0.00    0.00    0.00    0.00    0.00    0.00    0.00    0.00  100.00
05:48:25 AM    5    0.00    0.00    0.00    0.00    0.00    0.00    0.00    0.00    0.00  100.00
05:48:25 AM    6    0.00    0.00    0.00    0.00    0.00    0.00    0.00    0.00    0.00  100.00
05:48:25 AM    7    0.00    0.00    0.00    0.00    0.00   17.00    0.00    0.00    0.00   83.00

05:48:25 AM  CPU    %usr   %nice    %sys %iowait    %irq   %soft  %steal  %guest  %gnice   %idle
05:48:26 AM  all    1.52    0.00    4.05    0.00    0.00    8.98    0.00    0.00    0.00   85.46
05:48:26 AM    0    6.25    0.00   15.62    0.00    0.00    0.00    0.00    0.00    0.00   78.12
05:48:26 AM    1    6.19    0.00   17.53    0.00    0.00    0.00    0.00    0.00    0.00   76.29
05:48:26 AM    2    0.00    0.00    0.00    0.00    0.00   19.00    0.00    0.00    0.00   81.00
05:48:26 AM    3    0.00    0.00    0.00    0.00    0.00   36.36    0.00    0.00    0.00   63.64
05:48:26 AM    4    0.00    0.00    0.00    0.00    0.00    0.00    0.00    0.00    0.00  100.00
05:48:26 AM    5    0.00    0.00    0.00    0.00    0.00    0.00    0.00    0.00    0.00  100.00
05:48:26 AM    6    0.00    0.00    0.00    0.00    0.00    0.00    0.00    0.00    0.00  100.00
05:48:26 AM    7    0.00    0.00    0.00    0.00    0.00   16.16    0.00    0.00    0.00   83.84

05:48:26 AM  CPU    %usr   %nice    %sys %iowait    %irq   %soft  %steal  %guest  %gnice   %idle
05:48:27 AM  all    1.51    0.00    3.77    0.00    0.25    9.30    0.00    0.00    0.00   85.18
05:48:27 AM    0    5.26    0.00   12.63    0.00    1.05    0.00    0.00    0.00    0.00   81.05
05:48:27 AM    1    7.00    0.00   18.00    0.00    0.00    0.00    0.00    0.00    0.00   75.00
05:48:27 AM    2    0.00    0.00    0.00    0.00    0.00   20.00    0.00    0.00    0.00   80.00
05:48:27 AM    3    0.00    0.00    0.00    0.00    0.00   37.00    0.00    0.00    0.00   63.00
05:48:27 AM    4    0.00    0.00    0.00    0.00    0.00    0.00    0.00    0.00    0.00  100.00
05:48:27 AM    5    0.00    0.00    0.00    0.00    0.00    0.00    0.00    0.00    0.00  100.00
05:48:27 AM    6    0.00    0.00    0.00    0.00    0.00    0.00    0.00    0.00    0.00  100.00
05:48:27 AM    7    0.00    0.00    0.00    0.00    0.99   16.83    0.00    0.00    0.00   82.18

05:48:27 AM  CPU    %usr   %nice    %sys %iowait    %irq   %soft  %steal  %guest  %gnice   %idle
05:48:28 AM  all    1.63    0.00    4.01    0.13    0.13    8.90    0.00    0.00    0.00   85.21
05:48:28 AM    0    6.25    0.00   15.62    0.00    0.00    0.00    0.00    0.00    0.00   78.12
05:48:28 AM    1    6.93    0.00   16.83    0.99    0.00    0.00    0.00    0.00    0.00   75.25
05:48:28 AM    2    0.00    0.00    0.00    0.00    0.00   19.00    0.00    0.00    0.00   81.00
05:48:28 AM    3    0.00    0.00    0.00    0.00    0.99   35.64    0.00    0.00    0.00   63.37
05:48:28 AM    4    0.00    0.00    0.00    0.00    0.00    0.00    0.00    0.00    0.00  100.00
05:48:28 AM    5    0.00    0.00    0.00    0.00    0.00    0.00    0.00    0.00    0.00  100.00
05:48:28 AM    6    0.00    0.00    0.00    0.00    0.00    0.00    0.00    0.00    0.00  100.00
05:48:28 AM    7    0.00    0.00    0.00    0.00    0.00   16.00    0.00    0.00    0.00   84.00

05:48:28 AM  CPU    %usr   %nice    %sys %iowait    %irq   %soft  %steal  %guest  %gnice   %idle
05:48:29 AM  all    1.38    0.00    4.53    0.00    0.00    9.31    0.00    0.00    0.00   84.78
05:48:29 AM    0    6.19    0.00   17.53    0.00    0.00    0.00    0.00    0.00    0.00   76.29
05:48:29 AM    1    5.00    0.00   19.00    0.00    0.00    0.00    0.00    0.00    0.00   76.00
05:48:29 AM    2    0.00    0.00    0.00    0.00    0.00   19.19    0.00    0.00    0.00   80.81
05:48:29 AM    3    0.00    0.00    0.00    0.00    0.00   38.00    0.00    0.00    0.00   62.00
05:48:29 AM    4    0.00    0.00    0.00    0.00    0.00    0.00    0.00    0.00    0.00  100.00
05:48:29 AM    5    0.00    0.00    0.00    0.00    0.00    0.00    0.00    0.00    0.00  100.00
05:48:29 AM    6    0.00    0.00    0.00    0.00    0.00    0.00    0.00    0.00    0.00  100.00
05:48:29 AM    7    0.00    0.00    0.00    0.00    0.00   17.17    0.00    0.00    0.00   82.83

05:48:29 AM  CPU    %usr   %nice    %sys %iowait    %irq   %soft  %steal  %guest  %gnice   %idle
05:48:30 AM  all    1.75    0.00    4.38    0.00    0.25    9.25    0.00    0.00    0.00   84.38
05:48:30 AM    0    7.00    0.00   17.00    0.00    0.00    0.00    0.00    0.00    0.00   76.00
05:48:30 AM    1    7.00    0.00   18.00    0.00    1.00    0.00    0.00    0.00    0.00   74.00
05:48:30 AM    2    0.00    0.00    0.00    0.00    0.99   19.80    0.00    0.00    0.00   79.21
05:48:30 AM    3    0.00    0.00    0.00    0.00    0.00   37.37    0.00    0.00    0.00   62.63
05:48:30 AM    4    0.00    0.00    0.00    0.00    0.00    0.00    0.00    0.00    0.00  100.00
05:48:30 AM    5    0.00    0.00    0.00    0.00    0.00    0.00    0.00    0.00    0.00  100.00
05:48:30 AM    6    0.00    0.00    0.00    0.00    0.00    0.00    0.00    0.00    0.00  100.00
05:48:30 AM    7    0.00    0.00    0.00    0.00    0.00   17.00    0.00    0.00    0.00   83.00

05:48:30 AM  CPU    %usr   %nice    %sys %iowait    %irq   %soft  %steal  %guest  %gnice   %idle
05:48:31 AM  all    1.50    0.00    4.76    0.00    0.00    9.39    0.00    0.00    0.00   84.36
05:48:31 AM    0    5.15    0.00   18.56    0.00    0.00    1.03    0.00    0.00    0.00   75.26
05:48:31 AM    1    6.86    0.00   19.61    0.00    0.00    0.00    0.00    0.00    0.00   73.53
05:48:31 AM    2    0.00    0.00    0.00    0.00    0.00   20.00    0.00    0.00    0.00   80.00
05:48:31 AM    3    0.00    0.00    0.00    0.00    0.00   37.00    0.00    0.00    0.00   63.00
05:48:31 AM    4    0.00    0.00    0.00    0.00    0.00    0.00    0.00    0.00    0.00  100.00
05:48:31 AM    5    0.00    0.00    0.00    0.00    0.00    0.00    0.00    0.00    0.00  100.00
05:48:31 AM    6    0.00    0.00    0.00    0.00    0.00    0.00    0.00    0.00    0.00  100.00
05:48:31 AM    7    0.00    0.00    0.00    0.00    0.00   17.00    0.00    0.00    0.00   83.00

05:48:31 AM  CPU    %usr   %nice    %sys %iowait    %irq   %soft  %steal  %guest  %gnice   %idle
05:48:32 AM  all    1.87    0.00    4.24    0.00    0.37    9.24    0.00    0.00    0.00   84.27
05:48:32 AM    0    7.00    0.00   16.00    0.00    1.00    0.00    0.00    0.00    0.00   76.00
05:48:32 AM    1    8.00    0.00   18.00    0.00    0.00    0.00    0.00    0.00    0.00   74.00
05:48:32 AM    2    0.00    0.00    0.00    0.00    0.00   19.00    0.00    0.00    0.00   81.00
05:48:32 AM    3    0.00    0.00    0.00    0.00    1.00   37.00    0.00    0.00    0.00   62.00
05:48:32 AM    4    0.00    0.00    0.00    0.00    0.00    0.00    0.00    0.00    0.00  100.00
05:48:32 AM    5    0.00    0.00    0.00    0.00    0.00    0.00    0.00    0.00    0.00  100.00
05:48:32 AM    6    0.00    0.00    0.00    0.00    0.00    0.00    0.00    0.00    0.00  100.00
05:48:32 AM    7    0.00    0.00    0.00    0.00    0.99   17.82    0.00    0.00    0.00   81.19

05:48:32 AM  CPU    %usr   %nice    %sys %iowait    %irq   %soft  %steal  %guest  %gnice   %idle
05:48:33 AM  all    1.63    0.00    4.39    0.00    0.00    9.27    0.00    0.00    0.00   84.71
05:48:33 AM    0    5.05    0.00   18.18    0.00    0.00    0.00    0.00    0.00    0.00   76.77
05:48:33 AM    1    8.00    0.00   17.00    0.00    0.00    0.00    0.00    0.00    0.00   75.00
05:48:33 AM    2    0.00    0.00    0.00    0.00    0.00   20.00    0.00    0.00    0.00   80.00
05:48:33 AM    3    0.00    0.00    0.00    0.00    0.00   38.00    0.00    0.00    0.00   62.00
05:48:33 AM    4    0.00    0.00    0.00    0.00    0.00    0.00    0.00    0.00    0.00  100.00
05:48:33 AM    5    0.00    0.00    0.00    0.00    0.00    0.00    0.00    0.00    0.00  100.00
05:48:33 AM    6    0.00    0.00    0.00    0.00    0.00    0.00    0.00    0.00    0.00  100.00
05:48:33 AM    7    0.00    0.00    0.00    0.00    0.00   16.16    0.00    0.00    0.00   83.84

05:48:33 AM  CPU    %usr   %nice    %sys %iowait    %irq   %soft  %steal  %guest  %gnice   %idle
05:48:34 AM  all    1.50    0.00    4.64    0.00    0.00    9.27    0.00    0.00    0.00   84.59
05:48:34 AM    0    6.12    0.00   16.33    0.00    0.00    0.00    0.00    0.00    0.00   77.55
05:48:34 AM    1    6.06    0.00   20.20    0.00    0.00    0.00    0.00    0.00    0.00   73.74
05:48:34 AM    2    0.00    0.00    0.00    0.00    0.00   20.20    0.00    0.00    0.00   79.80
05:48:34 AM    3    0.00    0.00    0.00    0.00    0.00   37.00    0.00    0.00    0.00   63.00
05:48:34 AM    4    0.00    0.00    0.00    0.00    0.00    0.00    0.00    0.00    0.00  100.00
05:48:34 AM    5    0.00    0.00    0.00    0.00    0.00    0.00    0.00    0.00    0.00  100.00
05:48:34 AM    6    0.00    0.00    0.00    0.00    0.00    0.00    0.00    0.00    0.00  100.00
05:48:34 AM    7    0.00    0.00    0.98    0.00    0.00   16.67    0.00    0.00    0.00   82.35

05:48:34 AM  CPU    %usr   %nice    %sys %iowait    %irq   %soft  %steal  %guest  %gnice   %idle
05:48:35 AM  all    1.75    0.00    4.38    0.00    0.00    9.38    0.00    0.00    0.00   84.50
05:48:35 AM    0    7.07    0.00   17.17    0.00    0.00    0.00    0.00    0.00    0.00   75.76
05:48:35 AM    1    7.00    0.00   18.00    0.00    0.00    0.00    0.00    0.00    0.00   75.00
05:48:35 AM    2    0.00    0.00    0.00    0.00    0.00   19.80    0.00    0.00    0.00   80.20
05:48:35 AM    3    0.00    0.00    0.00    0.00    0.00   38.00    0.00    0.00    0.00   62.00
05:48:35 AM    4    0.00    0.00    0.00    0.00    0.00    0.00    0.00    0.00    0.00  100.00
05:48:35 AM    5    0.00    0.00    0.00    0.00    0.00    0.00    0.00    0.00    0.00  100.00
05:48:35 AM    6    0.00    0.00    0.00    0.00    0.00    0.00    0.00    0.00    0.00  100.00
05:48:35 AM    7    0.00    0.00    0.00    0.00    0.00   17.00    0.00    0.00    0.00   83.00

05:48:35 AM  CPU    %usr   %nice    %sys %iowait    %irq   %soft  %steal  %guest  %gnice   %idle
05:48:36 AM  all    1.87    0.00    4.61    0.00    0.25    9.10    0.00    0.00    0.00   84.16
05:48:36 AM    0    6.93    0.00   19.80    0.00    0.00    0.00    0.00    0.00    0.00   73.27
05:48:36 AM    1    7.92    0.00   16.83    0.00    0.00    0.00    0.00    0.00    0.00   75.25
05:48:36 AM    2    0.00    0.00    0.00    0.00    0.99   19.80    0.00    0.00    0.00   79.21
05:48:36 AM    3    0.00    0.00    0.00    0.00    1.00   37.00    0.00    0.00    0.00   62.00
05:48:36 AM    4    0.00    0.00    0.00    0.00    0.00    0.00    0.00    0.00    0.00  100.00
05:48:36 AM    5    0.00    0.00    0.00    0.00    0.00    0.00    0.00    0.00    0.00  100.00
05:48:36 AM    6    0.00    0.00    0.00    0.00    0.00    0.00    0.00    0.00    0.00  100.00
05:48:36 AM    7    0.00    0.00    0.00    0.00    0.00   16.16    0.00    0.00    0.00   83.84

05:48:36 AM  CPU    %usr   %nice    %sys %iowait    %irq   %soft  %steal  %guest  %gnice   %idle
05:48:37 AM  all    1.63    0.00    4.39    0.00    0.13    9.27    0.00    0.00    0.00   84.59
05:48:37 AM    0    7.07    0.00   15.15    0.00    1.01    0.00    0.00    0.00    0.00   76.77
05:48:37 AM    1    6.06    0.00   20.20    0.00    0.00    0.00    0.00    0.00    0.00   73.74
05:48:37 AM    2    0.00    0.00    0.00    0.00    0.00   19.19    0.00    0.00    0.00   80.81
05:48:37 AM    3    0.00    0.00    0.00    0.00    0.00   37.62    0.00    0.00    0.00   62.38
05:48:37 AM    4    0.00    0.00    0.00    0.00    0.00    0.00    0.00    0.00    0.00  100.00
05:48:37 AM    5    0.00    0.00    0.00    0.00    0.00    0.00    0.00    0.00    0.00  100.00
05:48:37 AM    6    0.00    0.00    0.00    0.00    0.00    0.00    0.00    0.00    0.00  100.00
05:48:37 AM    7    0.00    0.00    0.00    0.00    0.00   17.00    0.00    0.00    0.00   83.00

05:48:37 AM  CPU    %usr   %nice    %sys %iowait    %irq   %soft  %steal  %guest  %gnice   %idle
05:48:38 AM  all    1.87    0.00    4.37    0.12    0.12    9.24    0.00    0.00    0.00   84.27
05:48:38 AM    0    7.07    0.00   17.17    0.00    0.00    0.00    0.00    0.00    0.00   75.76
05:48:38 AM    1    7.77    0.00   17.48    0.97    0.97    0.00    0.00    0.00    0.00   72.82
05:48:38 AM    2    0.00    0.00    0.00    0.00    0.00   20.00    0.00    0.00    0.00   80.00
05:48:38 AM    3    0.00    0.00    0.00    0.00    0.00   37.37    0.00    0.00    0.00   62.63
05:48:38 AM    4    0.00    0.00    0.00    0.00    0.00    0.00    0.00    0.00    0.00  100.00
05:48:38 AM    5    0.00    0.00    0.00    0.00    0.00    0.00    0.00    0.00    0.00  100.00
05:48:38 AM    6    0.00    0.00    0.00    0.00    0.00    0.00    0.00    0.00    0.00  100.00
05:48:38 AM    7    0.00    0.00    0.00    0.00    0.00   17.00    0.00    0.00    0.00   83.00

05:48:38 AM  CPU    %usr   %nice    %sys %iowait    %irq   %soft  %steal  %guest  %gnice   %idle
05:48:39 AM  all    1.75    0.00    4.39    0.00    0.13    9.52    0.00    0.00    0.00   84.21
05:48:39 AM    0    8.08    0.00   17.17    0.00    0.00    0.00    0.00    0.00    0.00   74.75
05:48:39 AM    1    6.06    0.00   18.18    0.00    0.00    1.01    0.00    0.00    0.00   74.75
05:48:39 AM    2    0.00    0.00    0.00    0.00    0.00   20.20    0.00    0.00    0.00   79.80
05:48:39 AM    3    0.00    0.00    0.00    0.00    0.00   38.00    0.00    0.00    0.00   62.00
05:48:39 AM    4    0.00    0.00    0.00    0.00    0.00    0.00    0.00    0.00    0.00  100.00
05:48:39 AM    5    0.00    0.00    0.00    0.00    0.00    0.00    0.00    0.00    0.00  100.00
05:48:39 AM    6    0.00    0.00    0.00    0.00    0.00    0.00    0.00    0.00    0.00  100.00
05:48:39 AM    7    0.00    0.00    0.00    0.00    0.99   16.83    0.00    0.00    0.00   82.18

05:48:39 AM  CPU    %usr   %nice    %sys %iowait    %irq   %soft  %steal  %guest  %gnice   %idle
05:48:40 AM  all    1.88    0.00    4.62    0.12    0.00    9.12    0.00    0.00    0.00   84.25
05:48:40 AM    0    6.93    0.00   18.81    0.99    0.00    0.00    0.00    0.00    0.00   73.27
05:48:40 AM    1    7.92    0.00   17.82    0.00    0.00    0.00    0.00    0.00    0.00   74.26
05:48:40 AM    2    0.00    0.00    0.00    0.00    0.00   20.00    0.00    0.00    0.00   80.00
05:48:40 AM    3    0.00    0.00    0.00    0.00    0.00   37.37    0.00    0.00    0.00   62.63
05:48:40 AM    4    0.00    0.00    0.00    0.00    0.00    0.00    0.00    0.00    0.00  100.00
05:48:40 AM    5    0.00    0.00    0.00    0.00    0.00    0.00    0.00    0.00    0.00  100.00
05:48:40 AM    6    0.00    0.00    0.00    0.00    0.00    0.00    0.00    0.00    0.00  100.00
05:48:40 AM    7    0.00    0.00    0.00    0.00    0.00   16.16    0.00    0.00    0.00   83.84

05:48:40 AM  CPU    %usr   %nice    %sys %iowait    %irq   %soft  %steal  %guest  %gnice   %idle
05:48:41 AM  all    1.61    0.00    4.96    0.00    0.12    9.06    0.00    0.00    0.00   84.24
05:48:41 AM    0    5.88    0.00   19.61    0.00    0.00    0.00    0.00    0.00    0.00   74.51
05:48:41 AM    1    6.80    0.00   19.42    0.00    0.00    0.00    0.00    0.00    0.00   73.79
05:48:41 AM    2    0.00    0.00    0.00    0.00    0.00   19.00    0.00    0.00    0.00   81.00
05:48:41 AM    3    0.00    0.00    0.00    0.00    0.99   36.63    0.00    0.00    0.00   62.38
05:48:41 AM    4    0.00    0.00    0.00    0.00    0.00    0.00    0.00    0.00    0.00  100.00
05:48:41 AM    5    0.00    0.00    0.00    0.00    0.00    0.00    0.00    0.00    0.00  100.00
05:48:41 AM    6    0.00    0.00    0.00    0.00    0.00    0.00    0.00    0.00    0.00  100.00
05:48:41 AM    7    0.00    0.00    0.00    0.00    0.00   17.00    0.00    0.00    0.00   83.00

05:48:41 AM  CPU    %usr   %nice    %sys %iowait    %irq   %soft  %steal  %guest  %gnice   %idle
05:48:42 AM  all    1.87    0.00    4.87    0.00    0.12    9.11    0.00    0.00    0.00   84.02
05:48:42 AM    0    6.86    0.00   20.59    0.00    0.98    0.00    0.00    0.00    0.00   71.57
05:48:42 AM    1    7.92    0.00   17.82    0.00    0.00    0.00    0.00    0.00    0.00   74.26
05:48:42 AM    2    0.00    0.00    0.00    0.00    0.00   20.00    0.00    0.00    0.00   80.00
05:48:42 AM    3    0.00    0.00    0.00    0.00    0.00   37.37    0.00    0.00    0.00   62.63
05:48:42 AM    4    0.00    0.00    0.00    0.00    0.00    0.00    0.00    0.00    0.00  100.00
05:48:42 AM    5    0.00    0.00    0.00    0.00    0.00    0.00    0.00    0.00    0.00  100.00
05:48:42 AM    6    0.00    0.00    0.00    0.00    0.00    0.00    0.00    0.00    0.00  100.00
05:48:42 AM    7    0.00    0.00    0.00    0.00    0.00   16.16    0.00    0.00    0.00   83.84

05:48:42 AM  CPU    %usr   %nice    %sys %iowait    %irq   %soft  %steal  %guest  %gnice   %idle
05:48:43 AM  all    1.88    0.00    4.25    0.12    0.12    9.25    0.00    0.00    0.00   84.38
05:48:43 AM    0    7.07    0.00   17.17    0.00    0.00    0.00    0.00    0.00    0.00   75.76
05:48:43 AM    1    8.00    0.00   17.00    1.00    0.00    0.00    0.00    0.00    0.00   74.00
05:48:43 AM    2    0.00    0.00    0.00    0.00    0.99   19.80    0.00    0.00    0.00   79.21
05:48:43 AM    3    0.00    0.00    0.00    0.00    0.00   37.00    0.00    0.00    0.00   63.00
05:48:43 AM    4    0.00    0.00    0.00    0.00    0.00    0.00    0.00    0.00    0.00  100.00
05:48:43 AM    5    0.00    0.00    0.00    0.00    0.00    0.00    0.00    0.00    0.00  100.00
05:48:43 AM    6    0.00    0.00    0.00    0.00    0.00    0.00    0.00    0.00    0.00  100.00
05:48:43 AM    7    0.00    0.00    0.00    0.00    0.00   17.00    0.00    0.00    0.00   83.00

05:48:43 AM  CPU    %usr   %nice    %sys %iowait    %irq   %soft  %steal  %guest  %gnice   %idle
05:48:44 AM  all    1.62    0.00    4.74    0.00    0.00    9.11    0.00    0.00    0.00   84.52
05:48:44 AM    0    5.94    0.00   19.80    0.00    0.00    0.00    0.00    0.00    0.00   74.26
05:48:44 AM    1    6.93    0.00   17.82    0.00    0.00    0.00    0.00    0.00    0.00   75.25
05:48:44 AM    2    0.00    0.00    0.00    0.00    0.00   19.19    0.00    0.00    0.00   80.81
05:48:44 AM    3    0.00    0.00    0.00    0.00    0.00   37.00    0.00    0.00    0.00   63.00
05:48:44 AM    4    0.00    0.00    0.00    0.00    0.00    0.00    0.00    0.00    0.00  100.00
05:48:44 AM    5    0.00    0.00    0.00    0.00    0.00    0.00    0.00    0.00    0.00  100.00
05:48:44 AM    6    0.00    0.00    0.00    0.00    0.00    0.00    0.00    0.00    0.00  100.00
05:48:44 AM    7    0.00    0.00    0.00    0.00    0.00   17.00    0.00    0.00    0.00   83.00

05:48:44 AM  CPU    %usr   %nice    %sys %iowait    %irq   %soft  %steal  %guest  %gnice   %idle
05:48:45 AM  all    1.86    0.00    4.84    0.00    0.12    9.19    0.00    0.00    0.00   83.98
05:48:45 AM    0    7.00    0.00   18.00    0.00    0.00    0.00    0.00    0.00    0.00   75.00
05:48:45 AM    1    7.77    0.00   19.42    0.00    0.00    0.00    0.00    0.00    0.00   72.82
05:48:45 AM    2    0.00    0.00    0.98    0.00    0.00   19.61    0.00    0.00    0.00   79.41
05:48:45 AM    3    0.00    0.00    0.00    0.00    1.00   37.00    0.00    0.00    0.00   62.00
05:48:45 AM    4    0.00    0.00    0.00    0.00    0.00    0.00    0.00    0.00    0.00  100.00
05:48:45 AM    5    0.00    0.00    0.00    0.00    0.00    0.00    0.00    0.00    0.00  100.00
05:48:45 AM    6    0.00    0.00    0.00    0.00    0.00    0.00    0.00    0.00    0.00  100.00
05:48:45 AM    7    0.00    0.00    0.00    0.00    0.00   17.00    0.00    0.00    0.00   83.00

05:48:45 AM  CPU    %usr   %nice    %sys %iowait    %irq   %soft  %steal  %guest  %gnice   %idle
05:48:46 AM  all    1.62    0.00    4.25    0.00    0.25    9.38    0.00    0.00    0.00   84.50
05:48:46 AM    0    5.15    0.00   17.53    0.00    0.00    0.00    0.00    0.00    0.00   77.32
05:48:46 AM    1    7.92    0.00   16.83    0.00    0.99    0.00    0.00    0.00    0.00   74.26
05:48:46 AM    2    0.00    0.00    0.00    0.00    0.00   20.00    0.00    0.00    0.00   80.00
05:48:46 AM    3    0.00    0.00    0.00    0.00    0.00   37.62    0.00    0.00    0.00   62.38
05:48:46 AM    4    0.00    0.00    0.00    0.00    0.00    0.00    0.00    0.00    0.00  100.00
05:48:46 AM    5    0.00    0.00    0.00    0.00    0.00    0.00    0.00    0.00    0.00  100.00
05:48:46 AM    6    0.00    0.00    0.00    0.00    0.00    0.00    0.00    0.00    0.00  100.00
05:48:46 AM    7    0.00    0.00    0.00    0.00    0.99   16.83    0.00    0.00    0.00   82.18

05:48:46 AM  CPU    %usr   %nice    %sys %iowait    %irq   %soft  %steal  %guest  %gnice   %idle
05:48:47 AM  all    1.50    0.00    4.51    0.00    0.13    9.02    0.00    0.00    0.00   84.84
05:48:47 AM    0    5.88    0.00   18.63    0.00    0.98    0.00    0.00    0.00    0.00   74.51
05:48:47 AM    1    6.06    0.00   17.17    0.00    0.00    0.00    0.00    0.00    0.00   76.77
05:48:47 AM    2    0.00    0.00    0.00    0.00    0.00   19.19    0.00    0.00    0.00   80.81
05:48:47 AM    3    0.00    0.00    0.00    0.00    0.00   37.37    0.00    0.00    0.00   62.63
05:48:47 AM    4    0.00    0.00    0.00    0.00    0.00    0.00    0.00    0.00    0.00  100.00
05:48:47 AM    5    0.00    0.00    0.00    0.00    0.00    0.00    0.00    0.00    0.00  100.00
05:48:47 AM    6    0.00    0.00    0.00    0.00    0.00    0.00    0.00    0.00    0.00  100.00
05:48:47 AM    7    0.00    0.00    0.00    0.00    0.00   16.16    0.00    0.00    0.00   83.84

05:48:47 AM  CPU    %usr   %nice    %sys %iowait    %irq   %soft  %steal  %guest  %gnice   %idle
05:48:48 AM  all    1.62    0.00    4.75    0.00    0.00    9.25    0.00    0.00    0.00   84.38
05:48:48 AM    0    7.07    0.00   17.17    0.00    0.00    0.00    0.00    0.00    0.00   75.76
05:48:48 AM    1    5.94    0.00   20.79    0.00    0.00    0.00    0.00    0.00    0.00   73.27
05:48:48 AM    2    0.00    0.00    0.00    0.00    0.00   20.00    0.00    0.00    0.00   80.00
05:48:48 AM    3    0.00    0.00    0.00    0.00    0.00   37.00    0.00    0.00    0.00   63.00
05:48:48 AM    4    0.00    0.00    0.00    0.00    0.00    0.00    0.00    0.00    0.00  100.00
05:48:48 AM    5    0.00    0.00    0.00    0.00    0.00    0.00    0.00    0.00    0.00  100.00
05:48:48 AM    6    0.00    0.00    0.00    0.00    0.00    0.00    0.00    0.00    0.00  100.00
05:48:48 AM    7    0.00    0.00    0.00    0.00    0.00   17.00    0.00    0.00    0.00   83.00

05:48:48 AM  CPU    %usr   %nice    %sys %iowait    %irq   %soft  %steal  %guest  %gnice   %idle
05:48:49 AM  all    1.75    0.00    5.01    0.00    0.00    9.39    0.00    0.00    0.00   83.85
05:48:49 AM    0    7.14    0.00   19.39    0.00    0.00    0.00    0.00    0.00    0.00   73.47
05:48:49 AM    1    6.93    0.00   19.80    0.00    0.00    0.00    0.00    0.00    0.00   73.27
05:48:49 AM    2    0.00    0.00    0.00    0.00    0.00   22.00    0.00    0.00    0.00   78.00
05:48:49 AM    3    0.00    0.00    1.00    0.00    0.00   37.00    0.00    0.00    0.00   62.00
05:48:49 AM    4    0.00    0.00    0.00    0.00    0.00    0.00    0.00    0.00    0.00  100.00
05:48:49 AM    5    0.00    0.00    0.00    0.00    0.00    0.00    0.00    0.00    0.00  100.00
05:48:49 AM    6    0.00    0.00    0.00    0.00    0.00    0.00    0.00    0.00    0.00  100.00
05:48:49 AM    7    0.00    0.00    0.00    0.00    0.00   16.00    0.00    0.00    0.00   84.00

05:48:49 AM  CPU    %usr   %nice    %sys %iowait    %irq   %soft  %steal  %guest  %gnice   %idle
05:48:50 AM  all    1.64    0.00    5.04    0.13    0.38    9.33    0.00    0.00    0.00   83.48
05:48:50 AM    0    6.38    0.00   19.15    0.00    1.06    0.00    0.00    0.00    0.00   73.40
05:48:50 AM    1    7.14    0.00   21.43    1.02    0.00    0.00    0.00    0.00    0.00   70.41
05:48:50 AM    2    0.00    0.00    0.00    0.00    0.99   18.81    0.00    0.00    0.00   80.20
05:48:50 AM    3    0.00    0.00    1.00    0.00    1.00   38.00    0.00    0.00    0.00   60.00
05:48:50 AM    4    0.00    0.00    0.00    0.00    0.00    0.00    0.00    0.00    0.00  100.00
05:48:50 AM    5    0.00    0.00    0.00    0.00    0.00    0.00    0.00    0.00    0.00  100.00
05:48:50 AM    6    0.00    0.00    0.00    0.00    0.00    0.00    0.00    0.00    0.00  100.00
05:48:50 AM    7    0.00    0.00    0.00    0.00    0.00   17.00    0.00    0.00    0.00   83.00

05:48:50 AM  CPU    %usr   %nice    %sys %iowait    %irq   %soft  %steal  %guest  %gnice   %idle
05:48:51 AM  all    1.53    0.00    5.60    0.00    0.13    9.29    0.00    0.00    0.00   83.46
05:48:51 AM    0    6.38    0.00   22.34    0.00    0.00    0.00    0.00    0.00    0.00   71.28
05:48:51 AM    1    6.45    0.00   21.51    0.00    1.08    0.00    0.00    0.00    0.00   70.97
05:48:51 AM    2    0.00    0.00    0.00    0.00    0.00   19.00    0.00    0.00    0.00   81.00
05:48:51 AM    3    0.00    0.00    3.00    0.00    0.00   38.00    0.00    0.00    0.00   59.00
05:48:51 AM    4    0.00    0.00    0.00    0.00    0.00    0.00    0.00    0.00    0.00  100.00
05:48:51 AM    5    0.00    0.00    0.00    0.00    0.00    0.00    0.00    0.00    0.00  100.00
05:48:51 AM    6    0.00    0.00    0.00    0.00    0.00    0.00    0.00    0.00    0.00  100.00
05:48:51 AM    7    0.00    0.00    0.00    0.00    0.00   16.16    0.00    0.00    0.00   83.84

05:48:51 AM  CPU    %usr   %nice    %sys %iowait    %irq   %soft  %steal  %guest  %gnice   %idle
05:48:52 AM  all    1.88    0.00    5.03    0.00    0.13    9.30    0.00    0.00    0.00   83.67
05:48:52 AM    0    7.07    0.00   20.20    0.00    1.01    1.01    0.00    0.00    0.00   70.71
05:48:52 AM    1    8.33    0.00   19.79    0.00    0.00    0.00    0.00    0.00    0.00   71.88
05:48:52 AM    2    0.00    0.00    0.00    0.00    0.00   18.18    0.00    0.00    0.00   81.82
05:48:52 AM    3    0.00    0.00    0.99    0.00    0.00   37.62    0.00    0.00    0.00   61.39
05:48:52 AM    4    0.00    0.00    0.00    0.00    0.00    0.00    0.00    0.00    0.00  100.00
05:48:52 AM    5    0.00    0.00    0.00    0.00    0.00    0.00    0.00    0.00    0.00  100.00
05:48:52 AM    6    0.00    0.00    0.00    0.00    0.00    0.00    0.00    0.00    0.00  100.00
05:48:52 AM    7    0.00    0.00    0.00    0.00    0.00   16.83    0.00    0.00    0.00   83.17

05:48:52 AM  CPU    %usr   %nice    %sys %iowait    %irq   %soft  %steal  %guest  %gnice   %idle
05:48:53 AM  all    1.66    0.00    5.12    0.00    0.26    9.34    0.00    0.00    0.00   83.63
05:48:53 AM    0    7.78    0.00   20.00    0.00    0.00    0.00    0.00    0.00    0.00   72.22
05:48:53 AM    1    6.45    0.00   22.58    0.00    1.08    0.00    0.00    0.00    0.00   69.89
05:48:53 AM    2    0.00    0.00    0.00    0.00    0.00   18.00    0.00    0.00    0.00   82.00
05:48:53 AM    3    0.00    0.00    1.01    0.00    0.00   39.39    0.00    0.00    0.00   59.60
05:48:53 AM    4    0.00    0.00    0.00    0.00    0.00    0.00    0.00    0.00    0.00  100.00
05:48:53 AM    5    0.00    0.00    0.00    0.00    0.00    0.00    0.00    0.00    0.00  100.00
05:48:53 AM    6    0.00    0.00    0.00    0.00    0.00    0.00    0.00    0.00    0.00  100.00
05:48:53 AM    7    0.00    0.00    0.00    0.00    1.00   16.00    0.00    0.00    0.00   83.00

05:48:53 AM  CPU    %usr   %nice    %sys %iowait    %irq   %soft  %steal  %guest  %gnice   %idle
05:48:54 AM  all    1.76    0.00    5.42    0.00    0.25    9.32    0.00    0.00    0.00   83.25
05:48:54 AM    0    6.32    0.00   21.05    0.00    1.05    0.00    0.00    0.00    0.00   71.58
05:48:54 AM    1    8.08    0.00   21.21    0.00    1.01    0.00    0.00    0.00    0.00   69.70
05:48:54 AM    2    0.00    0.00    0.00    0.00    0.00   19.00    0.00    0.00    0.00   81.00
05:48:54 AM    3    0.00    0.00    2.00    0.00    0.00   38.00    0.00    0.00    0.00   60.00
05:48:54 AM    4    0.00    0.00    0.00    0.00    0.00    0.00    0.00    0.00    0.00  100.00
05:48:54 AM    5    0.00    0.00    0.00    0.00    0.00    0.00    0.00    0.00    0.00  100.00
05:48:54 AM    6    0.00    0.00    0.00    0.00    0.00    0.00    0.00    0.00    0.00  100.00
05:48:54 AM    7    0.00    0.00    0.00    0.00    0.00   17.00    0.00    0.00    0.00   83.00

05:48:54 AM  CPU    %usr   %nice    %sys %iowait    %irq   %soft  %steal  %guest  %gnice   %idle
05:48:55 AM  all    1.66    0.00    5.36    0.00    0.26    9.18    0.00    0.00    0.00   83.55
05:48:55 AM    0    6.52    0.00   19.57    0.00    1.09    0.00    0.00    0.00    0.00   72.83
05:48:55 AM    1    7.53    0.00   20.43    0.00    0.00    0.00    0.00    0.00    0.00   72.04
05:48:55 AM    2    0.00    0.00    0.00    0.00    0.00   19.19    0.00    0.00    0.00   80.81
05:48:55 AM    3    0.00    0.00    5.00    0.00    1.00   36.00    0.00    0.00    0.00   58.00
05:48:55 AM    4    0.00    0.00    0.00    0.00    0.00    0.00    0.00    0.00    0.00  100.00
05:48:55 AM    5    0.00    0.00    0.00    0.00    0.00    0.00    0.00    0.00    0.00  100.00
05:48:55 AM    6    0.00    0.00    0.00    0.00    0.00    0.00    0.00    0.00    0.00  100.00
05:48:55 AM    7    0.00    0.00    0.00    0.00    0.00   17.00    0.00    0.00    0.00   83.00

05:48:55 AM  CPU    %usr   %nice    %sys %iowait    %irq   %soft  %steal  %guest  %gnice   %idle
05:48:56 AM  all    1.64    0.00    5.81    0.00    0.25    9.47    0.00    0.00    0.00   82.83
05:48:56 AM    0    6.32    0.00   21.05    0.00    1.05    0.00    0.00    0.00    0.00   71.58
05:48:56 AM    1    7.29    0.00   22.92    0.00    1.04    0.00    0.00    0.00    0.00   68.75
05:48:56 AM    2    0.00    0.00    0.00    0.00    0.00   20.00    0.00    0.00    0.00   80.00
05:48:56 AM    3    0.00    0.00    3.96    0.00    0.00   37.62    0.00    0.00    0.00   58.42
05:48:56 AM    4    0.00    0.00    0.00    0.00    0.00    0.00    0.00    0.00    0.00  100.00
05:48:56 AM    5    0.00    0.00    0.00    0.00    0.00    0.00    0.00    0.00    0.00  100.00
05:48:56 AM    6    0.00    0.00    0.00    0.00    0.00    0.00    0.00    0.00    0.00  100.00
05:48:56 AM    7    0.00    0.00    0.00    0.00    0.00   17.00    0.00    0.00    0.00   83.00

05:48:56 AM  CPU    %usr   %nice    %sys %iowait    %irq   %soft  %steal  %guest  %gnice   %idle
05:48:57 AM  all    1.65    0.00    5.84    0.00    0.25    9.28    0.00    0.00    0.00   82.97
05:48:57 AM    0    7.53    0.00   21.51    0.00    0.00    0.00    0.00    0.00    0.00   70.97
05:48:57 AM    1    6.38    0.00   21.28    0.00    1.06    0.00    0.00    0.00    0.00   71.28
05:48:57 AM    2    0.00    0.00    0.00    0.00    0.99   19.80    0.00    0.00    0.00   79.21
05:48:57 AM    3    0.00    0.00    6.06    0.00    0.00   36.36    0.00    0.00    0.00   57.58
05:48:57 AM    4    0.00    0.00    0.00    0.00    0.00    0.00    0.00    0.00    0.00  100.00
05:48:57 AM    5    0.00    0.00    0.00    0.00    0.00    0.00    0.00    0.00    0.00  100.00
05:48:57 AM    6    0.00    0.00    0.00    0.00    0.00    0.00    0.00    0.00    0.00  100.00
05:48:57 AM    7    0.00    0.00    0.00    0.00    0.00   17.00    0.00    0.00    0.00   83.00

05:48:57 AM  CPU    %usr   %nice    %sys %iowait    %irq   %soft  %steal  %guest  %gnice   %idle
05:48:58 AM  all    1.77    0.00    5.06    0.13    0.13    9.10    0.00    0.00    0.00   83.82
05:48:58 AM    0    7.37    0.00   18.95    0.00    1.05    0.00    0.00    0.00    0.00   72.63
05:48:58 AM    1    7.29    0.00   19.79    1.04    0.00    0.00    0.00    0.00    0.00   71.88
05:48:58 AM    2    0.00    0.00    0.00    0.00    0.00   19.00    0.00    0.00    0.00   81.00
05:48:58 AM    3    0.00    0.00    3.00    0.00    0.00   36.00    0.00    0.00    0.00   61.00
05:48:58 AM    4    0.00    0.00    0.00    0.00    0.00    0.00    0.00    0.00    0.00  100.00
05:48:58 AM    5    0.00    0.00    0.00    0.00    0.00    0.00    0.00    0.00    0.00  100.00
05:48:58 AM    6    0.00    0.00    0.00    0.00    0.00    0.00    0.00    0.00    0.00  100.00
05:48:58 AM    7    0.00    0.00    0.00    0.00    0.00   17.00    0.00    0.00    0.00   83.00

05:48:58 AM  CPU    %usr   %nice    %sys %iowait    %irq   %soft  %steal  %guest  %gnice   %idle
05:48:59 AM  all    1.89    0.00    5.42    0.00    0.13    9.45    0.00    0.00    0.00   83.12
05:48:59 AM    0    7.29    0.00   21.88    0.00    0.00    0.00    0.00    0.00    0.00   70.83
05:48:59 AM    1    8.16    0.00   22.45    0.00    0.00    1.02    0.00    0.00    0.00   68.37
05:48:59 AM    2    0.00    0.00    0.00    0.00    0.00   19.00    0.00    0.00    0.00   81.00
05:48:59 AM    3    0.00    0.00    0.00    0.00    0.00   39.00    0.00    0.00    0.00   61.00
05:48:59 AM    4    0.00    0.00    0.00    0.00    0.00    0.00    0.00    0.00    0.00  100.00
05:48:59 AM    5    0.00    0.00    0.00    0.00    0.00    0.00    0.00    0.00    0.00  100.00
05:48:59 AM    6    0.00    0.00    0.00    0.00    0.00    0.00    0.00    0.00    0.00  100.00
05:48:59 AM    7    0.00    0.00    0.00    0.00    1.00   16.00    0.00    0.00    0.00   83.00

05:48:59 AM  CPU    %usr   %nice    %sys %iowait    %irq   %soft  %steal  %guest  %gnice   %idle
05:49:00 AM  all    1.90    0.00    5.31    0.00    0.25    9.61    0.00    0.00    0.00   82.93
05:49:00 AM    0    7.45    0.00   21.28    0.00    1.06    0.00    0.00    0.00    0.00   70.21
05:49:00 AM    1    8.25    0.00   21.65    0.00    1.03    0.00    0.00    0.00    0.00   69.07
05:49:00 AM    2    0.00    0.00    0.00    0.00    0.00   19.19    0.00    0.00    0.00   80.81
05:49:00 AM    3    0.00    0.00    0.99    0.00    0.00   39.60    0.00    0.00    0.00   59.41
05:49:00 AM    4    0.00    0.00    0.00    0.00    0.00    0.00    0.00    0.00    0.00  100.00
05:49:00 AM    5    0.00    0.00    0.00    0.00    0.00    0.00    0.00    0.00    0.00  100.00
05:49:00 AM    6    0.00    0.00    0.00    0.00    0.00    0.00    0.00    0.00    0.00  100.00
05:49:00 AM    7    0.00    0.00    0.00    0.00    0.00   17.00    0.00    0.00    0.00   83.00

05:49:00 AM  CPU    %usr   %nice    %sys %iowait    %irq   %soft  %steal  %guest  %gnice   %idle
05:49:01 AM  all    1.88    0.00    5.52    0.00    0.13    9.28    0.00    0.00    0.00   83.19
05:49:01 AM    0    7.14    0.00   22.45    0.00    0.00    0.00    0.00    0.00    0.00   70.41
05:49:01 AM    1    8.08    0.00   22.22    0.00    0.00    0.00    0.00    0.00    0.00   69.70
05:49:01 AM    2    0.00    0.00    0.00    0.00    0.00   19.00    0.00    0.00    0.00   81.00
05:49:01 AM    3    0.00    0.00    0.00    0.00    1.00   38.00    0.00    0.00    0.00   61.00
05:49:01 AM    4    0.00    0.00    0.00    0.00    0.00    0.00    0.00    0.00    0.00  100.00
05:49:01 AM    5    0.00    0.00    0.00    0.00    0.00    0.00    0.00    0.00    0.00  100.00
05:49:01 AM    6    0.00    0.00    0.00    0.00    0.00    0.00    0.00    0.00    0.00  100.00
05:49:01 AM    7    0.00    0.00    0.00    0.00    0.00   17.00    0.00    0.00    0.00   83.00

05:49:01 AM  CPU    %usr   %nice    %sys %iowait    %irq   %soft  %steal  %guest  %gnice   %idle
05:49:02 AM  all    2.02    0.00    5.04    0.13    0.13    9.21    0.00    0.00    0.00   83.48
05:49:02 AM    0    8.16    0.00   19.39    1.02    1.02    0.00    0.00    0.00    0.00   70.41
05:49:02 AM    1    8.25    0.00   20.62    0.00    0.00    0.00    0.00    0.00    0.00   71.13
05:49:02 AM    2    0.00    0.00    0.00    0.00    0.00   19.00    0.00    0.00    0.00   81.00
05:49:02 AM    3    0.00    0.00    1.01    0.00    0.00   38.38    0.00    0.00    0.00   60.61
05:49:02 AM    4    0.00    0.00    0.00    0.00    0.00    0.00    0.00    0.00    0.00  100.00
05:49:02 AM    5    0.00    0.00    0.00    0.00    0.00    0.00    0.00    0.00    0.00  100.00
05:49:02 AM    6    0.00    0.00    0.00    0.00    0.00    0.00    0.00    0.00    0.00  100.00
05:49:02 AM    7    0.00    0.00    0.00    0.00    0.00   16.16    0.00    0.00    0.00   83.84

05:49:02 AM  CPU    %usr   %nice    %sys %iowait    %irq   %soft  %steal  %guest  %gnice   %idle
05:49:03 AM  all    1.63    0.00    5.51    0.00    0.25    9.52    0.00    0.00    0.00   83.08
05:49:03 AM    0    6.19    0.00   21.65    0.00    0.00    0.00    0.00    0.00    0.00   72.16
05:49:03 AM    1    7.14    0.00   22.45    0.00    1.02    0.00    0.00    0.00    0.00   69.39
05:49:03 AM    2    0.00    0.00    0.00    0.00    0.99   19.80    0.00    0.00    0.00   79.21
05:49:03 AM    3    0.00    0.00    0.99    0.00    0.00   38.61    0.00    0.00    0.00   60.40
05:49:03 AM    4    0.00    0.00    0.00    0.00    0.00    0.00    0.00    0.00    0.00  100.00
05:49:03 AM    5    0.00    0.00    0.00    0.00    0.00    0.00    0.00    0.00    0.00  100.00
05:49:03 AM    6    0.00    0.00    0.00    0.00    0.00    0.00    0.00    0.00    0.00  100.00
05:49:03 AM    7    0.00    0.00    0.00    0.00    0.00   16.83    0.00    0.00    0.00   83.17

05:49:03 AM  CPU    %usr   %nice    %sys %iowait    %irq   %soft  %steal  %guest  %gnice   %idle
05:49:04 AM  all    2.02    0.00    4.79    0.00    0.00    9.33    0.00    0.00    0.00   83.86
05:49:04 AM    0    8.25    0.00   19.59    0.00    0.00    0.00    0.00    0.00    0.00   72.16
05:49:04 AM    1    8.33    0.00   18.75    0.00    0.00    0.00    0.00    0.00    0.00   72.92
05:49:04 AM    2    0.00    0.00    0.00    0.00    0.00   19.00    0.00    0.00    0.00   81.00
05:49:04 AM    3    0.00    0.00    1.00    0.00    0.00   38.00    0.00    0.00    0.00   61.00
05:49:04 AM    4    0.00    0.00    0.00    0.00    0.00    0.00    0.00    0.00    0.00  100.00
05:49:04 AM    5    0.00    0.00    0.00    0.00    0.00    0.00    0.00    0.00    0.00  100.00
05:49:04 AM    6    0.00    0.00    0.00    0.00    0.00    0.00    0.00    0.00    0.00  100.00
05:49:04 AM    7    0.00    0.00    0.00    0.00    0.00   17.00    0.00    0.00    0.00   83.00

05:49:04 AM  CPU    %usr   %nice    %sys %iowait    %irq   %soft  %steal  %guest  %gnice   %idle
05:49:05 AM  all    1.89    0.00    4.53    0.00    0.25    9.18    0.00    0.00    0.00   84.15
05:49:05 AM    0    8.16    0.00   17.35    0.00    1.02    0.00    0.00    0.00    0.00   73.47
05:49:05 AM    1    7.07    0.00   19.19    0.00    1.01    0.00    0.00    0.00    0.00   72.73
05:49:05 AM    2    0.00    0.00    0.00    0.00    0.00   19.00    0.00    0.00    0.00   81.00
05:49:05 AM    3    0.00    0.00    0.00    0.00    0.00   38.38    0.00    0.00    0.00   61.62
05:49:05 AM    4    0.00    0.00    0.00    0.00    0.00    0.00    0.00    0.00    0.00  100.00
05:49:05 AM    5    0.00    0.00    0.00    0.00    0.00    0.00    0.00    0.00    0.00  100.00
05:49:05 AM    6    0.00    0.00    0.00    0.00    0.00    0.00    0.00    0.00    0.00  100.00
05:49:05 AM    7    0.00    0.00    0.00    0.00    0.00   16.16    0.00    0.00    0.00   83.84

05:49:05 AM  CPU    %usr   %nice    %sys %iowait    %irq   %soft  %steal  %guest  %gnice   %idle
05:49:06 AM  all    1.63    0.00    5.40    0.00    0.13    9.42    0.00    0.00    0.00   83.42
05:49:06 AM    0    6.25    0.00   20.83    0.00    0.00    0.00    0.00    0.00    0.00   72.92
05:49:06 AM    1    7.07    0.00   22.22    0.00    0.00    0.00    0.00    0.00    0.00   70.71
05:49:06 AM    2    0.00    0.00    0.00    0.00    0.00   19.19    0.00    0.00    0.00   80.81
05:49:06 AM    3    0.00    0.00    0.98    0.00    0.98   38.24    0.00    0.00    0.00   59.80
05:49:06 AM    4    0.00    0.00    0.00    0.00    0.00    0.00    0.00    0.00    0.00  100.00
05:49:06 AM    5    0.00    0.00    0.00    0.00    0.00    0.00    0.00    0.00    0.00  100.00
05:49:06 AM    6    0.00    0.00    0.00    0.00    0.00    0.00    0.00    0.00    0.00  100.00
05:49:06 AM    7    0.00    0.00    0.00    0.00    0.00   17.00    0.00    0.00    0.00   83.00

05:49:06 AM  CPU    %usr   %nice    %sys %iowait    %irq   %soft  %steal  %guest  %gnice   %idle
05:49:07 AM  all    2.00    0.00    5.50    0.00    0.38    9.12    0.00    0.00    0.00   83.00
05:49:07 AM    0    9.00    0.00   21.00    0.00    1.00    0.00    0.00    0.00    0.00   69.00
05:49:07 AM    1    7.00    0.00   22.00    0.00    1.00    0.00    0.00    0.00    0.00   70.00
05:49:07 AM    2    0.00    0.00    0.00    0.00    0.00   19.00    0.00    0.00    0.00   81.00
05:49:07 AM    3    0.00    0.00    1.00    0.00    0.00   38.00    0.00    0.00    0.00   61.00
05:49:07 AM    4    0.00    0.00    0.00    0.00    0.00    0.00    0.00    0.00    0.00  100.00
05:49:07 AM    5    0.00    0.00    0.00    0.00    0.00    0.00    0.00    0.00    0.00  100.00
05:49:07 AM    6    0.00    0.00    0.00    0.00    0.00    0.00    0.00    0.00    0.00  100.00
05:49:07 AM    7    0.00    0.00    0.00    0.00    1.00   16.00    0.00    0.00    0.00   83.00

05:49:07 AM  CPU    %usr   %nice    %sys %iowait    %irq   %soft  %steal  %guest  %gnice   %idle
05:49:08 AM  all    1.76    0.00    5.29    0.00    0.00    9.57    0.00    0.00    0.00   83.38
05:49:08 AM    0    7.22    0.00   20.62    0.00    0.00    0.00    0.00    0.00    0.00   72.16
05:49:08 AM    1    7.14    0.00   21.43    0.00    0.00    0.00    0.00    0.00    0.00   71.43
05:49:08 AM    2    0.00    0.00    0.00    0.00    0.00   20.00    0.00    0.00    0.00   80.00
05:49:08 AM    3    0.00    0.00    1.01    0.00    0.00   39.39    0.00    0.00    0.00   59.60
05:49:08 AM    4    0.00    0.00    0.00    0.00    0.00    0.00    0.00    0.00    0.00  100.00
05:49:08 AM    5    0.00    0.00    0.00    0.00    0.00    0.00    0.00    0.00    0.00  100.00
05:49:08 AM    6    0.00    0.00    0.00    0.00    0.00    0.00    0.00    0.00    0.00  100.00
05:49:08 AM    7    0.00    0.00    0.00    0.00    0.00   17.00    0.00    0.00    0.00   83.00

05:49:08 AM  CPU    %usr   %nice    %sys %iowait    %irq   %soft  %steal  %guest  %gnice   %idle
05:49:09 AM  all    1.78    0.00    5.22    0.13    0.13    9.41    0.00    0.00    0.00   83.33
05:49:09 AM    0    7.45    0.00   19.15    0.00    1.06    0.00    0.00    0.00    0.00   72.34
05:49:09 AM    1    7.45    0.00   20.21    1.06    0.00    0.00    0.00    0.00    0.00   71.28
05:49:09 AM    2    0.00    0.00    0.00    0.00    0.00   20.20    0.00    0.00    0.00   79.80
05:49:09 AM    3    0.00    0.00    4.04    0.00    0.00   37.37    0.00    0.00    0.00   58.59
05:49:09 AM    4    0.00    0.00    0.00    0.00    0.00    0.00    0.00    0.00    0.00  100.00
05:49:09 AM    5    0.00    0.00    0.00    0.00    0.00    0.00    0.00    0.00    0.00  100.00
05:49:09 AM    6    0.00    0.00    0.00    0.00    0.00    0.00    0.00    0.00    0.00  100.00
05:49:09 AM    7    0.00    0.00    0.00    0.00    0.00   17.00    0.00    0.00    0.00   83.00

05:49:09 AM  CPU    %usr   %nice    %sys %iowait    %irq   %soft  %steal  %guest  %gnice   %idle
05:49:10 AM  all    1.89    0.00    5.43    0.00    0.25    9.47    0.00    0.00    0.00   82.95
05:49:10 AM    0    7.45    0.00   22.34    0.00    0.00    0.00    0.00    0.00    0.00   70.21
05:49:10 AM    1    8.33    0.00   20.83    0.00    1.04    0.00    0.00    0.00    0.00   69.79
05:49:10 AM    2    0.00    0.00    0.00    0.00    0.99   18.81    0.00    0.00    0.00   80.20
05:49:10 AM    3    0.00    0.00    1.98    0.00    0.00   38.61    0.00    0.00    0.00   59.41
05:49:10 AM    4    0.00    0.00    0.00    0.00    0.00    0.00    0.00    0.00    0.00  100.00
05:49:10 AM    5    0.00    0.00    0.00    0.00    0.00    0.00    0.00    0.00    0.00  100.00
05:49:10 AM    6    0.00    0.00    0.00    0.00    0.00    0.00    0.00    0.00    0.00  100.00
05:49:10 AM    7    0.00    0.00    0.00    0.00    0.00   17.00    0.00    0.00    0.00   83.00

05:49:10 AM  CPU    %usr   %nice    %sys %iowait    %irq   %soft  %steal  %guest  %gnice   %idle
05:49:11 AM  all    1.91    0.00    5.23    0.00    0.26    9.44    0.00    0.00    0.00   83.16
05:49:11 AM    0    8.70    0.00   19.57    0.00    1.09    0.00    0.00    0.00    0.00   70.65
05:49:11 AM    1    7.69    0.00   20.88    0.00    0.00    0.00    0.00    0.00    0.00   71.43
05:49:11 AM    2    0.00    0.00    0.00    0.00    0.00   19.00    0.00    0.00    0.00   81.00
05:49:11 AM    3    0.00    0.00    3.00    0.00    1.00   38.00    0.00    0.00    0.00   58.00
05:49:11 AM    4    0.00    0.00    0.00    0.00    0.00    0.00    0.00    0.00    0.00  100.00
05:49:11 AM    5    0.00    0.00    0.00    0.00    0.00    0.00    0.00    0.00    0.00  100.00
05:49:11 AM    6    0.00    0.00    0.00    0.00    0.00    0.00    0.00    0.00    0.00  100.00
05:49:11 AM    7    0.00    0.00    0.99    0.00    0.00   16.83    0.00    0.00    0.00   82.18

05:49:11 AM  CPU    %usr   %nice    %sys %iowait    %irq   %soft  %steal  %guest  %gnice   %idle
05:49:12 AM  all    1.40    0.00    5.48    0.00    0.25    9.55    0.00    0.00    0.00   83.31
05:49:12 AM    0    5.38    0.00   20.43    0.00    1.08    1.08    0.00    0.00    0.00   72.04
05:49:12 AM    1    6.52    0.00   19.57    0.00    1.09    0.00    0.00    0.00    0.00   72.83
05:49:12 AM    2    0.00    0.00    0.00    0.00    0.00   20.00    0.00    0.00    0.00   80.00
05:49:12 AM    3    0.00    0.00    5.94    0.00    0.00   36.63    0.00    0.00    0.00   57.43
05:49:12 AM    4    0.00    0.00    0.00    0.00    0.00    0.00    0.00    0.00    0.00  100.00
05:49:12 AM    5    0.00    0.00    0.00    0.00    0.00    0.00    0.00    0.00    0.00  100.00
05:49:12 AM    6    0.00    0.00    0.00    0.00    0.00    0.00    0.00    0.00    0.00  100.00
05:49:12 AM    7    0.00    0.00    0.00    0.00    0.00   17.17    0.00    0.00    0.00   82.83

05:49:12 AM  CPU    %usr   %nice    %sys %iowait    %irq   %soft  %steal  %guest  %gnice   %idle
05:49:13 AM  all    1.52    0.00    5.20    0.13    0.00    9.63    0.00    0.00    0.00   83.52
05:49:13 AM    0    6.32    0.00   20.00    1.05    0.00    0.00    0.00    0.00    0.00   72.63
05:49:13 AM    1    6.38    0.00   21.28    0.00    0.00    0.00    0.00    0.00    0.00   72.34
05:49:13 AM    2    0.00    0.00    0.00    0.00    0.00   20.00    0.00    0.00    0.00   80.00
05:49:13 AM    3    0.00    0.00    2.00    0.00    0.00   39.00    0.00    0.00    0.00   59.00
05:49:13 AM    4    0.00    0.00    0.00    0.00    0.00    0.00    0.00    0.00    0.00  100.00
05:49:13 AM    5    0.00    0.00    0.00    0.00    0.00    0.00    0.00    0.00    0.00  100.00
05:49:13 AM    6    0.00    0.00    0.00    0.00    0.00    0.00    0.00    0.00    0.00  100.00
05:49:13 AM    7    0.00    0.00    0.00    0.00    0.00   17.00    0.00    0.00    0.00   83.00

05:49:13 AM  CPU    %usr   %nice    %sys %iowait    %irq   %soft  %steal  %guest  %gnice   %idle
05:49:14 AM  all    2.02    0.00    4.92    0.00    0.38    9.46    0.00    0.00    0.00   83.23
05:49:14 AM    0    8.51    0.00   18.09    0.00    1.06    0.00    0.00    0.00    0.00   72.34
05:49:14 AM    1    8.08    0.00   21.21    0.00    1.01    0.00    0.00    0.00    0.00   69.70
05:49:14 AM    2    0.00    0.00    0.00    0.00    0.00   19.00    0.00    0.00    0.00   81.00
05:49:14 AM    3    0.00    0.00    1.01    0.00    0.00   39.39    0.00    0.00    0.00   59.60
05:49:14 AM    4    0.00    0.00    0.00    0.00    0.00    0.00    0.00    0.00    0.00  100.00
05:49:14 AM    5    0.00    0.00    0.00    0.00    0.00    0.00    0.00    0.00    0.00  100.00
05:49:14 AM    6    0.00    0.00    0.00    0.00    0.00    0.00    0.00    0.00    0.00  100.00
05:49:14 AM    7    0.00    0.00    0.00    0.00    0.99   16.83    0.00    0.00    0.00   82.18

05:49:14 AM  CPU    %usr   %nice    %sys %iowait    %irq   %soft  %steal  %guest  %gnice   %idle
05:49:15 AM  all    1.77    0.00    5.18    0.00    0.00    9.22    0.00    0.00    0.00   83.84
05:49:15 AM    0    6.32    0.00   20.00    0.00    0.00    0.00    0.00    0.00    0.00   73.68
05:49:15 AM    1    8.08    0.00   21.21    0.00    0.00    0.00    0.00    0.00    0.00   70.71
05:49:15 AM    2    0.00    0.00    0.00    0.00    0.00   19.19    0.00    0.00    0.00   80.81
05:49:15 AM    3    0.00    0.00    1.00    0.00    0.00   38.00    0.00    0.00    0.00   61.00
05:49:15 AM    4    0.00    0.00    0.00    0.00    0.00    0.00    0.00    0.00    0.00  100.00
05:49:15 AM    5    0.00    0.00    0.00    0.00    0.00    0.00    0.00    0.00    0.00  100.00
05:49:15 AM    6    0.00    0.00    0.00    0.00    0.00    0.00    0.00    0.00    0.00  100.00
05:49:15 AM    7    0.00    0.00    0.00    0.00    0.00   16.16    0.00    0.00    0.00   83.84

05:49:15 AM  CPU    %usr   %nice    %sys %iowait    %irq   %soft  %steal  %guest  %gnice   %idle
05:49:16 AM  all    1.65    0.00    5.19    0.00    0.38    9.75    0.00    0.00    0.00   83.04
05:49:16 AM    0    7.53    0.00   19.35    0.00    1.08    0.00    0.00    0.00    0.00   72.04
05:49:16 AM    1    6.32    0.00   21.05    0.00    1.05    0.00    0.00    0.00    0.00   71.58
05:49:16 AM    2    0.00    0.00    0.00    0.00    0.00   20.00    0.00    0.00    0.00   80.00
05:49:16 AM    3    0.00    0.00    2.97    0.00    0.99   38.61    0.00    0.00    0.00   57.43
05:49:16 AM    4    0.00    0.00    0.00    0.00    0.00    0.00    0.00    0.00    0.00  100.00
05:49:16 AM    5    0.00    0.00    0.00    0.00    0.00    0.00    0.00    0.00    0.00  100.00
05:49:16 AM    6    0.00    0.00    0.00    0.00    0.00    0.00    0.00    0.00    0.00  100.00
05:49:16 AM    7    0.00    0.00    0.00    0.00    0.00   17.82    0.00    0.00    0.00   82.18

05:49:16 AM  CPU    %usr   %nice    %sys %iowait    %irq   %soft  %steal  %guest  %gnice   %idle
05:49:17 AM  all    1.65    0.00    4.96    0.00    0.13    9.54    0.00    0.00    0.00   83.72
05:49:17 AM    0    6.59    0.00   18.68    0.00    0.00    0.00    0.00    0.00    0.00   74.73
05:49:17 AM    1    7.45    0.00   20.21    0.00    0.00    0.00    0.00    0.00    0.00   72.34
05:49:17 AM    2    0.00    0.00    0.00    0.00    0.99   19.80    0.00    0.00    0.00   79.21
05:49:17 AM    3    0.00    0.00    3.00    0.00    0.00   38.00    0.00    0.00    0.00   59.00
05:49:17 AM    4    0.00    0.00    0.00    0.00    0.00    0.00    0.00    0.00    0.00  100.00
05:49:17 AM    5    0.00    0.00    0.00    0.00    0.00    0.00    0.00    0.00    0.00  100.00
05:49:17 AM    6    0.00    0.00    0.00    0.00    0.00    0.00    0.00    0.00    0.00  100.00
05:49:17 AM    7    0.00    0.00    0.00    0.00    0.00   17.00    0.00    0.00    0.00   83.00

05:49:17 AM  CPU    %usr   %nice    %sys %iowait    %irq   %soft  %steal  %guest  %gnice   %idle
05:49:18 AM  all    1.90    0.00    4.42    0.00    0.13    9.61    0.00    0.00    0.00   83.94
05:49:18 AM    0    7.37    0.00   16.84    0.00    1.05    0.00    0.00    0.00    0.00   74.74
05:49:18 AM    1    8.25    0.00   18.56    0.00    0.00    0.00    0.00    0.00    0.00   73.20
05:49:18 AM    2    0.00    0.00    0.00    0.00    0.00   20.00    0.00    0.00    0.00   80.00
05:49:18 AM    3    0.00    0.00    1.00    0.00    0.00   39.00    0.00    0.00    0.00   60.00
05:49:18 AM    4    0.00    0.00    0.00    0.00    0.00    0.00    0.00    0.00    0.00  100.00
05:49:18 AM    5    0.00    0.00    0.00    0.00    0.00    0.00    0.00    0.00    0.00  100.00
05:49:18 AM    6    0.00    0.00    0.00    0.00    0.00    0.00    0.00    0.00    0.00  100.00
05:49:18 AM    7    0.00    0.00    0.00    0.00    0.00   17.17    0.00    0.00    0.00   82.83

05:49:18 AM  CPU    %usr   %nice    %sys %iowait    %irq   %soft  %steal  %guest  %gnice   %idle
05:49:19 AM  all    1.64    0.00    5.69    0.00    0.13    9.61    0.00    0.00    0.00   82.93
05:49:19 AM    0    7.37    0.00   22.11    0.00    0.00    0.00    0.00    0.00    0.00   70.53
05:49:19 AM    1    6.25    0.00   22.92    0.00    1.04    1.04    0.00    0.00    0.00   68.75
05:49:19 AM    2    0.00    0.00    0.99    0.00    0.00   18.81    0.00    0.00    0.00   80.20
05:49:19 AM    3    0.00    0.00    1.01    0.00    0.00   39.39    0.00    0.00    0.00   59.60
05:49:19 AM    4    0.00    0.00    0.00    0.00    0.00    0.00    0.00    0.00    0.00  100.00
05:49:19 AM    5    0.00    0.00    0.00    0.00    0.00    0.00    0.00    0.00    0.00  100.00
05:49:19 AM    6    0.00    0.00    0.00    0.00    0.00    0.00    0.00    0.00    0.00  100.00
05:49:19 AM    7    0.00    0.00    0.00    0.00    0.00   17.00    0.00    0.00    0.00   83.00

05:49:19 AM  CPU    %usr   %nice    %sys %iowait    %irq   %soft  %steal  %guest  %gnice   %idle
05:49:20 AM  all    2.02    0.00    4.79    0.00    0.25    9.33    0.00    0.00    0.00   83.61
05:49:20 AM    0    8.33    0.00   19.79    0.00    1.04    0.00    0.00    0.00    0.00   70.83
05:49:20 AM    1    8.25    0.00   19.59    0.00    0.00    0.00    0.00    0.00    0.00   72.16
05:49:20 AM    2    0.00    0.00    0.00    0.00    0.00   19.00    0.00    0.00    0.00   81.00
05:49:20 AM    3    0.00    0.00    0.00    0.00    0.00   39.00    0.00    0.00    0.00   61.00
05:49:20 AM    4    0.00    0.00    0.00    0.00    0.00    0.00    0.00    0.00    0.00  100.00
05:49:20 AM    5    0.00    0.00    0.00    0.00    0.00    0.00    0.00    0.00    0.00  100.00
05:49:20 AM    6    0.00    0.00    0.00    0.00    0.00    0.00    0.00    0.00    0.00  100.00
05:49:20 AM    7    0.00    0.00    0.00    0.00    1.00   16.00    0.00    0.00    0.00   83.00

05:49:20 AM  CPU    %usr   %nice    %sys %iowait    %irq   %soft  %steal  %guest  %gnice   %idle
05:49:21 AM  all    1.77    0.00    6.21    0.00    0.13    9.51    0.00    0.00    0.00   82.38
05:49:21 AM    0    7.45    0.00   23.40    0.00    0.00    0.00    0.00    0.00    0.00   69.15
05:49:21 AM    1    7.45    0.00   23.40    0.00    1.06    0.00    0.00    0.00    0.00   68.09
05:49:21 AM    2    0.00    0.00    0.00    0.00    0.00   20.00    0.00    0.00    0.00   80.00
05:49:21 AM    3    0.00    0.00    5.00    0.00    0.00   37.00    0.00    0.00    0.00   58.00
05:49:21 AM    4    0.00    0.00    0.00    0.00    0.00    0.00    0.00    0.00    0.00  100.00
05:49:21 AM    5    0.00    0.00    0.00    0.00    0.00    0.00    0.00    0.00    0.00  100.00
05:49:21 AM    6    0.00    0.00    0.00    0.00    0.00    0.00    0.00    0.00    0.00  100.00
05:49:21 AM    7    0.00    0.00    0.00    0.00    0.00   17.82    0.00    0.00    0.00   82.18

05:49:21 AM  CPU    %usr   %nice    %sys %iowait    %irq   %soft  %steal  %guest  %gnice   %idle
05:49:22 AM  all    1.78    0.00    4.95    0.00    0.25    9.14    0.00    0.00    0.00   83.88
05:49:22 AM    0    7.45    0.00   18.09    0.00    1.06    0.00    0.00    0.00    0.00   73.40
05:49:22 AM    1    7.37    0.00   21.05    0.00    0.00    0.00    0.00    0.00    0.00   71.58
05:49:22 AM    2    0.00    0.00    0.00    0.00    0.00   18.18    0.00    0.00    0.00   81.82
05:49:22 AM    3    0.00    0.00    1.98    0.00    0.99   37.62    0.00    0.00    0.00   59.41
05:49:22 AM    4    0.00    0.00    0.00    0.00    0.00    0.00    0.00    0.00    0.00  100.00
05:49:22 AM    5    0.00    0.00    0.00    0.00    0.00    0.00    0.00    0.00    0.00  100.00
05:49:22 AM    6    0.00    0.00    0.00    0.00    0.00    0.00    0.00    0.00    0.00  100.00
05:49:22 AM    7    0.00    0.00    0.00    0.00    0.00   16.16    0.00    0.00    0.00   83.84

05:49:22 AM  CPU    %usr   %nice    %sys %iowait    %irq   %soft  %steal  %guest  %gnice   %idle
05:49:23 AM  all    1.78    0.00    5.34    0.00    0.25    9.53    0.00    0.00    0.00   83.10
05:49:23 AM    0    8.51    0.00   21.28    0.00    1.06    0.00    0.00    0.00    0.00   69.15
05:49:23 AM    1    6.45    0.00   22.58    0.00    1.08    0.00    0.00    0.00    0.00   69.89
05:49:23 AM    2    0.00    0.00    0.00    0.00    0.00   19.00    0.00    0.00    0.00   81.00
05:49:23 AM    3    0.00    0.00    1.00    0.00    0.00   39.00    0.00    0.00    0.00   60.00
05:49:23 AM    4    0.00    0.00    0.00    0.00    0.00    0.00    0.00    0.00    0.00  100.00
05:49:23 AM    5    0.00    0.00    0.00    0.00    0.00    0.00    0.00    0.00    0.00  100.00
05:49:23 AM    6    0.00    0.00    0.00    0.00    0.00    0.00    0.00    0.00    0.00  100.00
05:49:23 AM    7    0.00    0.00    0.00    0.00    0.00   17.00    0.00    0.00    0.00   83.00

05:49:23 AM  CPU    %usr   %nice    %sys %iowait    %irq   %soft  %steal  %guest  %gnice   %idle
05:49:24 AM  all    1.78    0.00    5.33    0.00    0.25    9.39    0.00    0.00    0.00   83.25
05:49:24 AM    0    7.53    0.00   20.43    0.00    0.00    0.00    0.00    0.00    0.00   72.04
05:49:24 AM    1    7.45    0.00   21.28    0.00    1.06    0.00    0.00    0.00    0.00   70.21
05:49:24 AM    2    0.00    0.00    0.00    0.00    1.00   19.00    0.00    0.00    0.00   80.00
05:49:24 AM    3    0.00    0.00    2.97    0.00    0.00   38.61    0.00    0.00    0.00   58.42
05:49:24 AM    4    0.00    0.00    0.00    0.00    0.00    0.00    0.00    0.00    0.00  100.00
05:49:24 AM    5    0.00    0.00    0.00    0.00    0.00    0.00    0.00    0.00    0.00  100.00
05:49:24 AM    6    0.00    0.00    0.00    0.00    0.00    0.00    0.00    0.00    0.00  100.00
05:49:24 AM    7    0.00    0.00    0.00    0.00    0.00   16.00    0.00    0.00    0.00   84.00

05:49:24 AM  CPU    %usr   %nice    %sys %iowait    %irq   %soft  %steal  %guest  %gnice   %idle
05:49:25 AM  all    1.28    0.00    4.46    0.00    0.26    9.57    0.00    0.00    0.00   84.44
05:49:25 AM    0    4.40    0.00   17.58    0.00    1.10    0.00    0.00    0.00    0.00   76.92
05:49:25 AM    1    6.38    0.00   19.15    0.00    0.00    0.00    0.00    0.00    0.00   74.47
05:49:25 AM    2    0.00    0.00    0.00    0.00    0.00   20.00    0.00    0.00    0.00   80.00
05:49:25 AM    3    0.00    0.00    1.01    0.00    0.00   38.38    0.00    0.00    0.00   60.61
05:49:25 AM    4    0.00    0.00    0.00    0.00    0.00    0.00    0.00    0.00    0.00  100.00
05:49:25 AM    5    0.00    0.00    0.00    0.00    0.00    0.00    0.00    0.00    0.00  100.00
05:49:25 AM    6    0.00    0.00    0.00    0.00    0.00    0.00    0.00    0.00    0.00  100.00
05:49:25 AM    7    0.00    0.00    0.00    0.00    1.00   17.00    0.00    0.00    0.00   82.00

05:49:25 AM  CPU    %usr   %nice    %sys %iowait    %irq   %soft  %steal  %guest  %gnice   %idle
05:49:26 AM  all    1.28    0.00    5.78    0.00    0.13    9.24    0.00    0.00    0.00   83.57
05:49:26 AM    0    5.56    0.00   21.11    0.00    0.00    0.00    0.00    0.00    0.00   73.33
05:49:26 AM    1    5.56    0.00   20.00    0.00    1.11    0.00    0.00    0.00    0.00   73.33
05:49:26 AM    2    0.00    0.00    0.00    0.00    0.00   20.00    0.00    0.00    0.00   80.00
05:49:26 AM    3    0.00    0.00    8.08    0.00    0.00   35.35    0.00    0.00    0.00   56.57
05:49:26 AM    4    0.00    0.00    0.00    0.00    0.00    0.00    0.00    0.00    0.00  100.00
05:49:26 AM    5    0.00    0.00    0.00    0.00    0.00    0.00    0.00    0.00    0.00  100.00
05:49:26 AM    6    0.00    0.00    0.00    0.00    0.00    0.00    0.00    0.00    0.00  100.00
05:49:26 AM    7    0.00    0.00    0.00    0.00    0.00   17.00    0.00    0.00    0.00   83.00

05:49:26 AM  CPU    %usr   %nice    %sys %iowait    %irq   %soft  %steal  %guest  %gnice   %idle
05:49:27 AM  all    1.76    0.00    5.15    0.13    0.25    9.42    0.00    0.00    0.00   83.29
05:49:27 AM    0    8.25    0.00   19.59    0.00    1.03    0.00    0.00    0.00    0.00   71.13
05:49:27 AM    1    6.19    0.00   21.65    1.03    0.00    0.00    0.00    0.00    0.00   71.13
05:49:27 AM    2    0.00    0.00    0.00    0.00    0.00   19.00    0.00    0.00    0.00   81.00
05:49:27 AM    3    0.00    0.00    0.98    0.00    0.98   38.24    0.00    0.00    0.00   59.80
05:49:27 AM    4    0.00    0.00    0.00    0.00    0.00    0.00    0.00    0.00    0.00  100.00
05:49:27 AM    5    0.00    0.00    0.00    0.00    0.00    0.00    0.00    0.00    0.00  100.00
05:49:27 AM    6    0.00    0.00    0.00    0.00    0.00    0.00    0.00    0.00    0.00  100.00
05:49:27 AM    7    0.00    0.00    0.00    0.00    0.00   17.00    0.00    0.00    0.00   83.00

05:49:27 AM  CPU    %usr   %nice    %sys %iowait    %irq   %soft  %steal  %guest  %gnice   %idle
05:49:28 AM  all    1.52    0.00    4.94    0.00    0.00    9.25    0.00    0.00    0.00   84.28
05:49:28 AM    0    6.32    0.00   18.95    0.00    0.00    0.00    0.00    0.00    0.00   74.74
05:49:28 AM    1    6.25    0.00   20.83    0.00    0.00    0.00    0.00    0.00    0.00   72.92
05:49:28 AM    2    0.00    0.00    0.00    0.00    0.00   19.19    0.00    0.00    0.00   80.81
05:49:28 AM    3    0.00    0.00    1.01    0.00    0.00   37.37    0.00    0.00    0.00   61.62
05:49:28 AM    4    0.00    0.00    0.00    0.00    0.00    0.00    0.00    0.00    0.00  100.00
05:49:28 AM    5    0.00    0.00    0.00    0.00    0.00    0.00    0.00    0.00    0.00  100.00
05:49:28 AM    6    0.00    0.00    0.00    0.00    0.00    0.00    0.00    0.00    0.00  100.00
05:49:28 AM    7    0.00    0.00    0.00    0.00    0.00   17.00    0.00    0.00    0.00   83.00

05:49:28 AM  CPU    %usr   %nice    %sys %iowait    %irq   %soft  %steal  %guest  %gnice   %idle
05:49:29 AM  all    1.64    0.00    5.04    0.00    0.25    9.57    0.00    0.00    0.00   83.50
05:49:29 AM    0    6.25    0.00   20.83    0.00    1.04    0.00    0.00    0.00    0.00   71.88
05:49:29 AM    1    7.29    0.00   19.79    0.00    1.04    0.00    0.00    0.00    0.00   71.88
05:49:29 AM    2    0.00    0.00    0.00    0.00    0.00   19.80    0.00    0.00    0.00   80.20
05:49:29 AM    3    0.00    0.00    0.99    0.00    0.00   38.61    0.00    0.00    0.00   60.40
05:49:29 AM    4    0.00    0.00    0.00    0.00    0.00    0.00    0.00    0.00    0.00  100.00
05:49:29 AM    5    0.00    0.00    0.00    0.00    0.00    0.00    0.00    0.00    0.00  100.00
05:49:29 AM    6    0.00    0.00    0.00    0.00    0.00    0.00    0.00    0.00    0.00  100.00
05:49:29 AM    7    0.00    0.00    0.00    0.00    0.00   17.00    0.00    0.00    0.00   83.00

05:49:29 AM  CPU    %usr   %nice    %sys %iowait    %irq   %soft  %steal  %guest  %gnice   %idle
05:49:30 AM  all    1.91    0.00    4.96    0.00    0.13    9.15    0.00    0.00    0.00   83.86
05:49:30 AM    0    8.51    0.00   19.15    0.00    0.00    0.00    0.00    0.00    0.00   72.34
05:49:30 AM    1    7.37    0.00   21.05    0.00    0.00    0.00    0.00    0.00    0.00   71.58
05:49:30 AM    2    0.00    0.00    0.00    0.00    1.00   18.00    0.00    0.00    0.00   81.00
05:49:30 AM    3    0.00    0.00    1.01    0.00    0.00   38.38    0.00    0.00    0.00   60.61
05:49:30 AM    4    0.00    0.00    0.00    0.00    0.00    0.00    0.00    0.00    0.00  100.00
05:49:30 AM    5    0.00    0.00    0.00    0.00    0.00    0.00    0.00    0.00    0.00  100.00
05:49:30 AM    6    0.00    0.00    0.00    0.00    0.00    0.00    0.00    0.00    0.00  100.00
05:49:30 AM    7    0.00    0.00    0.00    0.00    0.00   16.16    0.00    0.00    0.00   83.84

05:49:30 AM  CPU    %usr   %nice    %sys %iowait    %irq   %soft  %steal  %guest  %gnice   %idle
05:49:31 AM  all    1.65    0.00    4.96    0.00    0.38    9.40    0.00    0.00    0.00   83.61
05:49:31 AM    0    6.45    0.00   20.43    0.00    1.08    0.00    0.00    0.00    0.00   72.04
05:49:31 AM    1    7.53    0.00   19.35    0.00    1.08    0.00    0.00    0.00    0.00   72.04
05:49:31 AM    2    0.00    0.00    0.00    0.00    0.00   19.00    0.00    0.00    0.00   81.00
05:49:31 AM    3    0.00    0.00    2.00    0.00    0.00   38.00    0.00    0.00    0.00   60.00
05:49:31 AM    4    0.00    0.00    0.00    0.00    0.00    0.00    0.00    0.00    0.00  100.00
05:49:31 AM    5    0.00    0.00    0.00    0.00    0.00    0.00    0.00    0.00    0.00  100.00
05:49:31 AM    6    0.00    0.00    0.00    0.00    0.00    0.00    0.00    0.00    0.00  100.00
05:49:31 AM    7    0.00    0.00    0.00    0.00    0.99   16.83    0.00    0.00    0.00   82.18

05:49:31 AM  CPU    %usr   %nice    %sys %iowait    %irq   %soft  %steal  %guest  %gnice   %idle
05:49:32 AM  all    1.52    0.00    4.69    0.00    0.00    9.63    0.00    0.00    0.00   84.16
05:49:32 AM    0    5.32    0.00   18.09    0.00    0.00    1.06    0.00    0.00    0.00   75.53
05:49:32 AM    1    7.45    0.00   19.15    0.00    0.00    0.00    0.00    0.00    0.00   73.40
05:49:32 AM    2    0.00    0.00    0.00    0.00    0.00   20.00    0.00    0.00    0.00   80.00
05:49:32 AM    3    0.00    0.00    1.98    0.00    0.00   37.62    0.00    0.00    0.00   60.40
05:49:32 AM    4    0.00    0.00    0.00    0.00    0.00    0.00    0.00    0.00    0.00  100.00
05:49:32 AM    5    0.00    0.00    0.00    0.00    0.00    0.00    0.00    0.00    0.00  100.00
05:49:32 AM    6    0.00    0.00    0.00    0.00    0.00    0.00    0.00    0.00    0.00  100.00
05:49:32 AM    7    0.00    0.00    0.00    0.00    0.00   17.00    0.00    0.00    0.00   83.00

05:49:32 AM  CPU    %usr   %nice    %sys %iowait    %irq   %soft  %steal  %guest  %gnice   %idle
05:49:33 AM  all    1.88    0.00    4.77    0.13    0.25    9.30    0.00    0.00    0.00   83.67
05:49:33 AM    0    8.16    0.00   18.37    1.02    1.02    0.00    0.00    0.00    0.00   71.43
05:49:33 AM    1    7.14    0.00   20.41    0.00    0.00    0.00    0.00    0.00    0.00   72.45
05:49:33 AM    2    0.00    0.00    0.00    0.00    0.00   19.00    0.00    0.00    0.00   81.00
05:49:33 AM    3    0.00    0.00    0.00    0.00    1.00   38.00    0.00    0.00    0.00   61.00
05:49:33 AM    4    0.00    0.00    0.00    0.00    0.00    0.00    0.00    0.00    0.00  100.00
05:49:33 AM    5    0.00    0.00    0.00    0.00    0.00    0.00    0.00    0.00    0.00  100.00
05:49:33 AM    6    0.00    0.00    0.00    0.00    0.00    0.00    0.00    0.00    0.00  100.00
05:49:33 AM    7    0.00    0.00    0.00    0.00    0.00   17.00    0.00    0.00    0.00   83.00

05:49:33 AM  CPU    %usr   %nice    %sys %iowait    %irq   %soft  %steal  %guest  %gnice   %idle
05:49:34 AM  all    1.52    0.00    4.83    0.00    0.13    9.28    0.00    0.00    0.00   84.24
05:49:34 AM    0    6.45    0.00   19.35    0.00    0.00    0.00    0.00    0.00    0.00   74.19
05:49:34 AM    1    6.32    0.00   20.00    0.00    1.05    0.00    0.00    0.00    0.00   72.63
05:49:34 AM    2    0.00    0.00    0.00    0.00    0.00   19.00    0.00    0.00    0.00   81.00
05:49:34 AM    3    0.00    0.00    1.00    0.00    0.00   38.00    0.00    0.00    0.00   61.00
05:49:34 AM    4    0.00    0.00    0.00    0.00    0.00    0.00    0.00    0.00    0.00  100.00
05:49:34 AM    5    0.00    0.00    0.00    0.00    0.00    0.00    0.00    0.00    0.00  100.00
05:49:34 AM    6    0.00    0.00    0.00    0.00    0.00    0.00    0.00    0.00    0.00  100.00
05:49:34 AM    7    0.00    0.00    0.00    0.00    0.00   16.16    0.00    0.00    0.00   83.84

05:49:34 AM  CPU    %usr   %nice    %sys %iowait    %irq   %soft  %steal  %guest  %gnice   %idle
05:49:35 AM  all    1.54    0.00    5.38    0.00    0.13    9.60    0.00    0.00    0.00   83.35
05:49:35 AM    0    5.49    0.00   20.88    0.00    1.10    0.00    0.00    0.00    0.00   72.53
05:49:35 AM    1    7.69    0.00   20.88    0.00    0.00    0.00    0.00    0.00    0.00   71.43
05:49:35 AM    2    0.00    0.00    0.00    0.00    0.00   20.00    0.00    0.00    0.00   80.00
05:49:35 AM    3    0.00    0.00    4.04    0.00    0.00   38.38    0.00    0.00    0.00   57.58
05:49:35 AM    4    0.00    0.00    0.00    0.00    0.00    0.00    0.00    0.00    0.00  100.00
05:49:35 AM    5    0.00    0.00    0.00    0.00    0.00    0.00    0.00    0.00    0.00  100.00
05:49:35 AM    6    0.00    0.00    0.00    0.00    0.00    0.00    0.00    0.00    0.00  100.00
05:49:35 AM    7    0.00    0.00    0.00    0.00    0.00   17.00    0.00    0.00    0.00   83.00

05:49:35 AM  CPU    %usr   %nice    %sys %iowait    %irq   %soft  %steal  %guest  %gnice   %idle
05:49:36 AM  all    1.54    0.00    5.13    0.00    0.26    9.37    0.00    0.00    0.00   83.70
05:49:36 AM    0    6.82    0.00   19.32    0.00    0.00    0.00    0.00    0.00    0.00   73.86
05:49:36 AM    1    6.74    0.00   19.10    0.00    1.12    0.00    0.00    0.00    0.00   73.03
05:49:36 AM    2    0.00    0.00    0.00    0.00    0.00   19.00    0.00    0.00    0.00   81.00
05:49:36 AM    3    0.00    0.00    5.94    0.00    0.00   36.63    0.00    0.00    0.00   57.43
05:49:36 AM    4    0.00    0.00    0.00    0.00    0.00    0.00    0.00    0.00    0.00  100.00
05:49:36 AM    5    0.00    0.00    0.00    0.00    0.00    0.00    0.00    0.00    0.00  100.00
05:49:36 AM    6    0.00    0.00    0.00    0.00    0.00    0.00    0.00    0.00    0.00  100.00
05:49:36 AM    7    0.00    0.00    0.00    0.00    0.99   16.83    0.00    0.00    0.00   82.18

05:49:36 AM  CPU    %usr   %nice    %sys %iowait    %irq   %soft  %steal  %guest  %gnice   %idle
05:49:37 AM  all    1.65    0.00    4.82    0.00    0.25    9.25    0.00    0.00    0.00   84.03
05:49:37 AM    0    6.25    0.00   18.75    0.00    1.04    0.00    0.00    0.00    0.00   73.96
05:49:37 AM    1    7.37    0.00   18.95    0.00    0.00    0.00    0.00    0.00    0.00   73.68
05:49:37 AM    2    0.00    0.00    0.00    0.00    1.00   19.00    0.00    0.00    0.00   80.00
05:49:37 AM    3    0.00    0.00    2.02    0.00    0.00   37.37    0.00    0.00    0.00   60.61
05:49:37 AM    4    0.00    0.00    0.00    0.00    0.00    0.00    0.00    0.00    0.00  100.00
05:49:37 AM    5    0.00    0.00    0.00    0.00    0.00    0.00    0.00    0.00    0.00  100.00
05:49:37 AM    6    0.00    0.00    0.00    0.00    0.00    0.00    0.00    0.00    0.00  100.00
05:49:37 AM    7    0.00    0.00    0.00    0.00    0.00   17.00    0.00    0.00    0.00   83.00

05:49:37 AM  CPU    %usr   %nice    %sys %iowait    %irq   %soft  %steal  %guest  %gnice   %idle
05:49:38 AM  all    1.52    0.00    5.58    0.00    0.25    9.39    0.00    0.00    0.00   83.25
05:49:38 AM    0    6.38    0.00   22.34    0.00    0.00    0.00    0.00    0.00    0.00   71.28
05:49:38 AM    1    6.38    0.00   22.34    0.00    1.06    0.00    0.00    0.00    0.00   70.21
05:49:38 AM    2    0.00    0.00    0.00    0.00    0.00   19.00    0.00    0.00    0.00   81.00
05:49:38 AM    3    0.00    0.00    1.98    0.00    0.99   38.61    0.00    0.00    0.00   58.42
05:49:38 AM    4    0.00    0.00    0.00    0.00    0.00    0.00    0.00    0.00    0.00  100.00
05:49:38 AM    5    0.00    0.00    0.00    0.00    0.00    0.00    0.00    0.00    0.00  100.00
05:49:38 AM    6    0.00    0.00    0.00    0.00    0.00    0.00    0.00    0.00    0.00  100.00
05:49:38 AM    7    0.00    0.00    0.00    0.00    0.00   16.16    0.00    0.00    0.00   83.84

05:49:38 AM  CPU    %usr   %nice    %sys %iowait    %irq   %soft  %steal  %guest  %gnice   %idle
05:49:39 AM  all    1.78    0.00    4.97    0.00    0.13    9.55    0.00    0.00    0.00   83.57
05:49:39 AM    0    7.61    0.00   19.57    0.00    1.09    0.00    0.00    0.00    0.00   71.74
05:49:39 AM    1    7.53    0.00   20.43    0.00    0.00    1.08    0.00    0.00    0.00   70.97
05:49:39 AM    2    0.00    0.00    0.00    0.00    0.00   19.00    0.00    0.00    0.00   81.00
05:49:39 AM    3    0.00    0.00    2.00    0.00    0.00   38.00    0.00    0.00    0.00   60.00
05:49:39 AM    4    0.00    0.00    0.00    0.00    0.00    0.00    0.00    0.00    0.00  100.00
05:49:39 AM    5    0.00    0.00    0.00    0.00    0.00    0.00    0.00    0.00    0.00  100.00
05:49:39 AM    6    0.00    0.00    0.00    0.00    0.00    0.00    0.00    0.00    0.00  100.00
05:49:39 AM    7    0.00    0.00    0.00    0.00    0.00   17.00    0.00    0.00    0.00   83.00

05:49:39 AM  CPU    %usr   %nice    %sys %iowait    %irq   %soft  %steal  %guest  %gnice   %idle
05:49:40 AM  all    1.77    0.00    4.93    0.00    0.25    9.36    0.00    0.00    0.00   83.69
05:49:40 AM    0    8.33    0.00   19.79    0.00    1.04    0.00    0.00    0.00    0.00   70.83
05:49:40 AM    1    6.32    0.00   20.00    0.00    1.05    0.00    0.00    0.00    0.00   72.63
05:49:40 AM    2    0.00    0.00    0.00    0.00    0.00   19.00    0.00    0.00    0.00   81.00
05:49:40 AM    3    0.00    0.00    1.00    0.00    0.00   39.00    0.00    0.00    0.00   60.00
05:49:40 AM    4    0.00    0.00    0.00    0.00    0.00    0.00    0.00    0.00    0.00  100.00
05:49:40 AM    5    0.00    0.00    0.00    0.00    0.00    0.00    0.00    0.00    0.00  100.00
05:49:40 AM    6    0.00    0.00    0.00    0.00    0.00    0.00    0.00    0.00    0.00  100.00
05:49:40 AM    7    0.00    0.00    0.00    0.00    0.00   16.00    0.00    0.00    0.00   84.00

05:49:40 AM  CPU    %usr   %nice    %sys %iowait    %irq   %soft  %steal  %guest  %gnice   %idle
05:49:41 AM  all    1.77    0.00    4.81    0.00    0.00    9.37    0.00    0.00    0.00   84.05
05:49:41 AM    0    6.38    0.00   20.21    0.00    0.00    0.00    0.00    0.00    0.00   73.40
05:49:41 AM    1    8.16    0.00   19.39    0.00    0.00    0.00    0.00    0.00    0.00   72.45
05:49:41 AM    2    0.00    0.00    0.00    0.00    0.00   19.19    0.00    0.00    0.00   80.81
05:49:41 AM    3    0.00    0.00    0.00    0.00    0.00   38.38    0.00    0.00    0.00   61.62
05:49:41 AM    4    0.00    0.00    0.00    0.00    0.00    0.00    0.00    0.00    0.00  100.00
05:49:41 AM    5    0.00    0.00    0.00    0.00    0.00    0.00    0.00    0.00    0.00  100.00
05:49:41 AM    6    0.00    0.00    0.00    0.00    0.00    0.00    0.00    0.00    0.00  100.00
05:49:41 AM    7    0.00    0.00    0.00    0.00    0.00   17.00    0.00    0.00    0.00   83.00

05:49:41 AM  CPU    %usr   %nice    %sys %iowait    %irq   %soft  %steal  %guest  %gnice   %idle
05:49:42 AM  all    1.77    0.00    4.94    0.00    0.25    9.51    0.00    0.00    0.00   83.52
05:49:42 AM    0    7.45    0.00   20.21    0.00    1.06    0.00    0.00    0.00    0.00   71.28
05:49:42 AM    1    7.37    0.00   21.05    0.00    1.05    0.00    0.00    0.00    0.00   70.53
05:49:42 AM    2    0.00    0.00    0.00    0.00    0.00   19.00    0.00    0.00    0.00   81.00
05:49:42 AM    3    0.00    0.00    0.00    0.00    0.00   39.00    0.00    0.00    0.00   61.00
05:49:42 AM    4    0.00    0.00    0.00    0.00    0.00    0.00    0.00    0.00    0.00  100.00
05:49:42 AM    5    0.00    0.00    0.00    0.00    0.00    0.00    0.00    0.00    0.00  100.00
05:49:42 AM    6    0.00    0.00    0.00    0.00    0.00    0.00    0.00    0.00    0.00  100.00
05:49:42 AM    7    0.00    0.00    0.00    0.00    0.00   17.00    0.00    0.00    0.00   83.00

05:49:42 AM  CPU    %usr   %nice    %sys %iowait    %irq   %soft  %steal  %guest  %gnice   %idle
05:49:43 AM  all    1.66    0.00    5.73    0.13    0.25    9.30    0.00    0.00    0.00   82.93
05:49:43 AM    0    8.42    0.00   21.05    1.05    1.05    0.00    0.00    0.00    0.00   68.42
05:49:43 AM    1    5.56    0.00   21.11    0.00    0.00    0.00    0.00    0.00    0.00   73.33
05:49:43 AM    2    0.00    0.00    0.00    0.00    0.00   19.19    0.00    0.00    0.00   80.81
05:49:43 AM    3    0.00    0.00    6.00    0.00    0.00   37.00    0.00    0.00    0.00   57.00
05:49:43 AM    4    0.00    0.00    0.00    0.00    0.00    0.00    0.00    0.00    0.00  100.00
05:49:43 AM    5    0.00    0.00    0.00    0.00    0.00    0.00    0.00    0.00    0.00  100.00
05:49:43 AM    6    0.00    0.00    0.00    0.00    0.00    0.00    0.00    0.00    0.00  100.00
05:49:43 AM    7    0.00    0.00    0.00    0.00    0.99   16.83    0.00    0.00    0.00   82.18

05:49:43 AM  CPU    %usr   %nice    %sys %iowait    %irq   %soft  %steal  %guest  %gnice   %idle
05:49:44 AM  all    1.78    0.00    5.21    0.00    0.25    9.28    0.00    0.00    0.00   83.48
05:49:44 AM    0    6.52    0.00   20.65    0.00    0.00    0.00    0.00    0.00    0.00   72.83
05:49:44 AM    1    8.42    0.00   20.00    0.00    1.05    0.00    0.00    0.00    0.00   70.53
05:49:44 AM    2    0.00    0.00    0.00    0.00    0.00   19.00    0.00    0.00    0.00   81.00
05:49:44 AM    3    0.00    0.00    2.97    0.00    0.99   37.62    0.00    0.00    0.00   58.42
05:49:44 AM    4    0.00    0.00    0.00    0.00    0.00    0.00    0.00    0.00    0.00  100.00
05:49:44 AM    5    0.00    0.00    0.00    0.00    0.00    0.00    0.00    0.00    0.00  100.00
05:49:44 AM    6    0.00    0.00    0.00    0.00    0.00    0.00    0.00    0.00    0.00  100.00
05:49:44 AM    7    0.00    0.00    0.00    0.00    0.00   16.16    0.00    0.00    0.00   83.84

05:49:44 AM  CPU    %usr   %nice    %sys %iowait    %irq   %soft  %steal  %guest  %gnice   %idle
05:49:45 AM  all    1.77    0.00    5.18    0.00    0.25    9.47    0.00    0.00    0.00   83.33
05:49:45 AM    0    7.37    0.00   20.00    0.00    1.05    0.00    0.00    0.00    0.00   71.58
05:49:45 AM    1    7.45    0.00   20.21    0.00    0.00    0.00    0.00    0.00    0.00   72.34
05:49:45 AM    2    0.00    0.00    0.00    0.00    0.98   19.61    0.00    0.00    0.00   79.41
05:49:45 AM    3    0.00    0.00    2.00    0.00    0.00   38.00    0.00    0.00    0.00   60.00
05:49:45 AM    4    0.00    0.00    0.00    0.00    0.00    0.00    0.00    0.00    0.00  100.00
05:49:45 AM    5    0.00    0.00    0.00    0.00    0.00    0.00    0.00    0.00    0.00  100.00
05:49:45 AM    6    0.00    0.00    0.00    0.00    0.00    0.00    0.00    0.00    0.00  100.00
05:49:45 AM    7    0.00    0.00    0.99    0.00    0.00   16.83    0.00    0.00    0.00   82.18

05:49:45 AM  CPU    %usr   %nice    %sys %iowait    %irq   %soft  %steal  %guest  %gnice   %idle
05:49:46 AM  all    1.41    0.00    4.74    0.00    0.13    9.35    0.00    0.00    0.00   84.38
05:49:46 AM    0    5.49    0.00   18.68    0.00    0.00    0.00    0.00    0.00    0.00   75.82
05:49:46 AM    1    6.45    0.00   19.35    0.00    1.08    0.00    0.00    0.00    0.00   73.12
05:49:46 AM    2    0.00    0.00    0.00    0.00    0.00   19.19    0.00    0.00    0.00   80.81
05:49:46 AM    3    0.00    0.00    2.02    0.00    0.00   38.38    0.00    0.00    0.00   59.60
05:49:46 AM    4    0.00    0.00    0.00    0.00    0.00    0.00    0.00    0.00    0.00  100.00
05:49:46 AM    5    0.00    0.00    0.00    0.00    0.00    0.00    0.00    0.00    0.00  100.00
05:49:46 AM    6    0.00    0.00    0.00    0.00    0.00    0.00    0.00    0.00    0.00  100.00
05:49:46 AM    7    0.00    0.00    0.00    0.00    0.00   16.16    0.00    0.00    0.00   83.84

05:49:46 AM  CPU    %usr   %nice    %sys %iowait    %irq   %soft  %steal  %guest  %gnice   %idle
05:49:47 AM  all    1.39    0.00    4.29    0.13    0.00    9.46    0.00    0.00    0.00   84.74
05:49:47 AM    0    5.32    0.00   17.02    0.00    0.00    0.00    0.00    0.00    0.00   77.66
05:49:47 AM    1    6.19    0.00   17.53    1.03    0.00    0.00    0.00    0.00    0.00   75.26
05:49:47 AM    2    0.00    0.00    0.00    0.00    0.00   19.00    0.00    0.00    0.00   81.00
05:49:47 AM    3    0.00    0.00    0.99    0.00    0.00   36.63    0.00    0.00    0.00   62.38
05:49:47 AM    4    0.00    0.00    0.00    0.00    0.00    0.00    0.00    0.00    0.00  100.00
05:49:47 AM    5    0.00    0.00    0.00    0.00    0.00    0.00    0.00    0.00    0.00  100.00
05:49:47 AM    6    0.00    0.00    0.00    0.00    0.00    0.00    0.00    0.00    0.00  100.00
05:49:47 AM    7    0.00    0.00    0.00    0.00    0.00   18.81    0.00    0.00    0.00   81.19

05:49:47 AM  CPU    %usr   %nice    %sys %iowait    %irq   %soft  %steal  %guest  %gnice   %idle
05:49:48 AM  all    1.64    0.00    4.04    0.00    0.13    8.95    0.00    0.00    0.00   85.25
05:49:48 AM    0    6.12    0.00   16.33    0.00    1.02    0.00    0.00    0.00    0.00   76.53
05:49:48 AM    1    7.22    0.00   16.49    0.00    0.00    0.00    0.00    0.00    0.00   76.29
05:49:48 AM    2    0.00    0.00    0.00    0.00    0.00   19.00    0.00    0.00    0.00   81.00
05:49:48 AM    3    0.00    0.00    0.00    0.00    0.00   36.36    0.00    0.00    0.00   63.64
05:49:48 AM    4    0.00    0.00    0.00    0.00    0.00    0.00    0.00    0.00    0.00  100.00
05:49:48 AM    5    0.00    0.00    0.00    0.00    0.00    0.00    0.00    0.00    0.00  100.00
05:49:48 AM    6    0.00    0.00    0.00    0.00    0.00    0.00    0.00    0.00    0.00  100.00
05:49:48 AM    7    0.00    0.00    0.00    0.00    0.00   16.16    0.00    0.00    0.00   83.84

05:49:48 AM  CPU    %usr   %nice    %sys %iowait    %irq   %soft  %steal  %guest  %gnice   %idle
05:49:49 AM  all    1.63    0.00    4.38    0.00    0.25    9.14    0.00    0.00    0.00   84.61
05:49:49 AM    0    7.00    0.00   18.00    0.00    0.00    0.00    0.00    0.00    0.00   75.00
05:49:49 AM    1    6.12    0.00   17.35    0.00    0.00    0.00    0.00    0.00    0.00   76.53
05:49:49 AM    2    0.00    0.00    0.00    0.00    0.00   19.19    0.00    0.00    0.00   80.81
05:49:49 AM    3    0.00    0.00    0.00    0.00    0.99   36.63    0.00    0.00    0.00   62.38
05:49:49 AM    4    0.00    0.00    0.00    0.00    0.00    0.00    0.00    0.00    0.00  100.00
05:49:49 AM    5    0.00    0.00    0.00    0.00    0.00    0.00    0.00    0.00    0.00  100.00
05:49:49 AM    6    0.00    0.00    0.00    0.00    0.00    0.00    0.00    0.00    0.00  100.00
05:49:49 AM    7    0.00    0.00    0.00    0.00    0.99   16.83    0.00    0.00    0.00   82.18

05:49:49 AM  CPU    %usr   %nice    %sys %iowait    %irq   %soft  %steal  %guest  %gnice   %idle
05:49:50 AM  all    1.75    0.00    4.51    0.00    0.00    9.52    0.00    0.00    0.00   84.21
05:49:50 AM    0    7.07    0.00   18.18    0.00    0.00    0.00    0.00    0.00    0.00   74.75
05:49:50 AM    1    7.14    0.00   18.37    0.00    0.00    0.00    0.00    0.00    0.00   74.49
05:49:50 AM    2    0.00    0.00    0.00    0.00    0.00   20.79    0.00    0.00    0.00   79.21
05:49:50 AM    3    0.00    0.00    0.00    0.00    0.00   38.00    0.00    0.00    0.00   62.00
05:49:50 AM    4    0.00    0.00    0.00    0.00    0.00    0.00    0.00    0.00    0.00  100.00
05:49:50 AM    5    0.00    0.00    0.00    0.00    0.00    0.00    0.00    0.00    0.00  100.00
05:49:50 AM    6    0.00    0.00    0.00    0.00    0.00    0.00    0.00    0.00    0.00  100.00
05:49:50 AM    7    0.00    0.00    0.00    0.00    0.00   17.00    0.00    0.00    0.00   83.00

05:49:50 AM  CPU    %usr   %nice    %sys %iowait    %irq   %soft  %steal  %guest  %gnice   %idle
05:49:51 AM  all    1.76    0.00    4.15    0.00    0.25    9.30    0.00    0.00    0.00   84.55
05:49:51 AM    0    7.22    0.00   15.46    0.00    0.00    0.00    0.00    0.00    0.00   77.32
05:49:51 AM    1    6.93    0.00   17.82    0.00    0.99    0.00    0.00    0.00    0.00   74.26
05:49:51 AM    2    0.00    0.00    0.00    0.00    1.00   20.00    0.00    0.00    0.00   79.00
05:49:51 AM    3    0.00    0.00    0.00    0.00    0.00   38.38    0.00    0.00    0.00   61.62
05:49:51 AM    4    0.00    0.00    0.00    0.00    0.00    0.00    0.00    0.00    0.00  100.00
05:49:51 AM    5    0.00    0.00    0.00    0.00    0.00    0.00    0.00    0.00    0.00  100.00
05:49:51 AM    6    0.00    0.00    0.00    0.00    0.00    0.00    0.00    0.00    0.00  100.00
05:49:51 AM    7    0.00    0.00    0.00    0.00    0.00   16.16    0.00    0.00    0.00   83.84

05:49:51 AM  CPU    %usr   %nice    %sys %iowait    %irq   %soft  %steal  %guest  %gnice   %idle
05:49:52 AM  all    1.50    0.00    4.50    0.00    0.00    9.62    0.00    0.00    0.00   84.38
05:49:52 AM    0    5.94    0.00   17.82    0.00    0.00    0.99    0.00    0.00    0.00   75.25
05:49:52 AM    1    6.12    0.00   18.37    0.00    0.00    0.00    0.00    0.00    0.00   75.51
05:49:52 AM    2    0.00    0.00    0.00    0.00    0.00   20.79    0.00    0.00    0.00   79.21
05:49:52 AM    3    0.00    0.00    0.00    0.00    0.00   38.00    0.00    0.00    0.00   62.00
05:49:52 AM    4    0.00    0.00    0.00    0.00    0.00    0.00    0.00    0.00    0.00  100.00
05:49:52 AM    5    0.00    0.00    0.00    0.00    0.00    0.00    0.00    0.00    0.00  100.00
05:49:52 AM    6    0.00    0.00    0.00    0.00    0.00    0.00    0.00    0.00    0.00  100.00
05:49:52 AM    7    0.00    0.00    0.00    0.00    0.00   17.00    0.00    0.00    0.00   83.00

05:49:52 AM  CPU    %usr   %nice    %sys %iowait    %irq   %soft  %steal  %guest  %gnice   %idle
05:49:53 AM  all    1.78    0.00    4.95    0.13    0.13    9.26    0.00    0.00    0.00   83.76
05:49:53 AM    0    7.45    0.00   18.09    0.00    1.06    0.00    0.00    0.00    0.00   73.40
05:49:53 AM    1    7.29    0.00   19.79    1.04    0.00    0.00    0.00    0.00    0.00   71.88
05:49:53 AM    2    0.00    0.00    0.00    0.00    0.00   21.21    0.00    0.00    0.00   78.79
05:49:53 AM    3    0.00    0.00    3.03    0.00    0.00   36.36    0.00    0.00    0.00   60.61
05:49:53 AM    4    0.00    0.00    0.00    0.00    0.00    0.00    0.00    0.00    0.00  100.00
05:49:53 AM    5    0.00    0.00    0.00    0.00    0.00    0.00    0.00    0.00    0.00  100.00
05:49:53 AM    6    0.00    0.00    0.00    0.00    0.00    0.00    0.00    0.00    0.00  100.00
05:49:53 AM    7    0.00    0.00    0.00    0.00    0.00   16.00    0.00    0.00    0.00   84.00

05:49:53 AM  CPU    %usr   %nice    %sys %iowait    %irq   %soft  %steal  %guest  %gnice   %idle
05:49:54 AM  all    1.52    0.00    5.69    0.00    0.38    9.36    0.00    0.00    0.00   83.06
05:49:54 AM    0    6.32    0.00   22.11    0.00    1.05    0.00    0.00    0.00    0.00   70.53
05:49:54 AM    1    6.32    0.00   21.05    0.00    1.05    0.00    0.00    0.00    0.00   71.58
05:49:54 AM    2    0.00    0.00    0.00    0.00    0.00   19.19    0.00    0.00    0.00   80.81
05:49:54 AM    3    0.00    0.00    3.92    0.00    0.98   37.25    0.00    0.00    0.00   57.84
05:49:54 AM    4    0.00    0.00    0.00    0.00    0.00    0.00    0.00    0.00    0.00  100.00
05:49:54 AM    5    0.00    0.00    0.00    0.00    0.00    0.00    0.00    0.00    0.00  100.00
05:49:54 AM    6    0.00    0.00    0.00    0.00    0.00    0.00    0.00    0.00    0.00  100.00
05:49:54 AM    7    0.00    0.00    0.00    0.00    0.00   17.00    0.00    0.00    0.00   83.00

05:49:54 AM  CPU    %usr   %nice    %sys %iowait    %irq   %soft  %steal  %guest  %gnice   %idle
05:49:55 AM  all    1.76    0.00    5.40    0.00    0.00    9.42    0.00    0.00    0.00   83.42
05:49:55 AM    0    6.25    0.00   20.83    0.00    0.00    0.00    0.00    0.00    0.00   72.92
05:49:55 AM    1    8.08    0.00   21.21    0.00    0.00    0.00    0.00    0.00    0.00   70.71
05:49:55 AM    2    0.00    0.00    0.99    0.00    0.00   19.80    0.00    0.00    0.00   79.21
05:49:55 AM    3    0.00    0.00    1.00    0.00    0.00   38.00    0.00    0.00    0.00   61.00
05:49:55 AM    4    0.00    0.00    0.00    0.00    0.00    0.00    0.00    0.00    0.00  100.00
05:49:55 AM    5    0.00    0.00    0.00    0.00    0.00    0.00    0.00    0.00    0.00  100.00
05:49:55 AM    6    0.00    0.00    0.00    0.00    0.00    0.00    0.00    0.00    0.00  100.00
05:49:55 AM    7    0.00    0.00    0.00    0.00    0.00   17.00    0.00    0.00    0.00   83.00

05:49:55 AM  CPU    %usr   %nice    %sys %iowait    %irq   %soft  %steal  %guest  %gnice   %idle
05:49:56 AM  all    1.75    0.00    5.24    0.00    0.12    9.36    0.00    0.00    0.00   83.52
05:49:56 AM    0    7.07    0.00   20.20    0.00    0.00    0.00    0.00    0.00    0.00   72.73
05:49:56 AM    1    6.93    0.00   21.78    0.00    0.00    0.00    0.00    0.00    0.00   71.29
05:49:56 AM    2    0.00    0.00    0.00    0.00    0.00   19.80    0.00    0.00    0.00   80.20
05:49:56 AM    3    0.00    0.00    0.00    0.00    0.00   38.38    0.00    0.00    0.00   61.62
05:49:56 AM    4    0.00    0.00    0.00    0.00    0.00    0.00    0.00    0.00    0.00  100.00
05:49:56 AM    5    0.00    0.00    0.00    0.00    0.00    0.00    0.00    0.00    0.00  100.00
05:49:56 AM    6    0.00    0.00    0.00    0.00    0.00    0.00    0.00    0.00    0.00  100.00
05:49:56 AM    7    0.00    0.00    0.00    0.00    0.99   16.83    0.00    0.00    0.00   82.18

05:49:56 AM  CPU    %usr   %nice    %sys %iowait    %irq   %soft  %steal  %guest  %gnice   %idle
05:49:57 AM  all    1.63    0.00    5.65    0.00    0.38    9.17    0.00    0.00    0.00   83.17
05:49:57 AM    0    6.12    0.00   21.43    0.00    1.02    0.00    0.00    0.00    0.00   71.43
05:49:57 AM    1    7.07    0.00   22.22    0.00    1.01    0.00    0.00    0.00    0.00   69.70
05:49:57 AM    2    0.00    0.00    0.00    0.00    1.00   19.00    0.00    0.00    0.00   80.00
05:49:57 AM    3    0.00    0.00    2.00    0.00    0.00   38.00    0.00    0.00    0.00   60.00
05:49:57 AM    4    0.00    0.00    0.00    0.00    0.00    0.00    0.00    0.00    0.00  100.00
05:49:57 AM    5    0.00    0.00    0.00    0.00    0.00    0.00    0.00    0.00    0.00  100.00
05:49:57 AM    6    0.00    0.00    0.00    0.00    0.00    0.00    0.00    0.00    0.00  100.00
05:49:57 AM    7    0.00    0.00    0.00    0.00    0.00   16.16    0.00    0.00    0.00   83.84

05:49:57 AM  CPU    %usr   %nice    %sys %iowait    %irq   %soft  %steal  %guest  %gnice   %idle
05:49:58 AM  all    1.76    0.00    5.54    0.13    0.25    9.57    0.00    0.00    0.00   82.75
05:49:58 AM    0    6.38    0.00   20.21    0.00    1.06    0.00    0.00    0.00    0.00   72.34
05:49:58 AM    1    8.08    0.00   21.21    1.01    0.00    1.01    0.00    0.00    0.00   68.69
05:49:58 AM    2    0.00    0.00    0.00    0.00    0.00   20.00    0.00    0.00    0.00   80.00
05:49:58 AM    3    0.00    0.00    4.00    0.00    0.00   38.00    0.00    0.00    0.00   58.00
05:49:58 AM    4    0.00    0.00    0.00    0.00    0.99    0.00    0.00    0.00    0.00   99.01
05:49:58 AM    5    0.00    0.00    0.00    0.00    0.00    0.00    0.00    0.00    0.00  100.00
05:49:58 AM    6    0.00    0.00    0.00    0.00    0.00    0.00    0.00    0.00    0.00  100.00
05:49:58 AM    7    0.00    0.00    0.00    0.00    0.00   17.00    0.00    0.00    0.00   83.00

05:49:58 AM  CPU    %usr   %nice    %sys %iowait    %irq   %soft  %steal  %guest  %gnice   %idle
05:49:59 AM  all    1.76    0.00    5.65    0.00    0.25    9.17    0.00    0.00    0.00   83.17
05:49:59 AM    0    7.22    0.00   21.65    0.00    0.00    0.00    0.00    0.00    0.00   71.13
05:49:59 AM    1    7.07    0.00   22.22    0.00    1.01    0.00    0.00    0.00    0.00   69.70
05:49:59 AM    2    0.00    0.00    0.00    0.00    0.00   19.00    0.00    0.00    0.00   81.00
05:49:59 AM    3    0.00    0.00    2.00    0.00    1.00   37.00    0.00    0.00    0.00   60.00
05:49:59 AM    4    0.00    0.00    0.00    0.00    0.00    0.00    0.00    0.00    0.00  100.00
05:49:59 AM    5    0.00    0.00    0.00    0.00    0.00    0.00    0.00    0.00    0.00  100.00
05:49:59 AM    6    0.00    0.00    0.00    0.00    0.00    0.00    0.00    0.00    0.00  100.00
05:49:59 AM    7    0.00    0.00    0.00    0.00    0.00   17.00    0.00    0.00    0.00   83.00

05:49:59 AM  CPU    %usr   %nice    %sys %iowait    %irq   %soft  %steal  %guest  %gnice   %idle
05:50:00 AM  all    1.52    0.00    6.69    0.00    0.13    9.22    0.00    0.00    0.00   82.45
05:50:00 AM    0    5.38    0.00   22.58    0.00    1.08    0.00    0.00    0.00    0.00   70.97
05:50:00 AM    1    7.14    0.00   24.49    0.00    0.00    0.00    0.00    0.00    0.00   68.37
05:50:00 AM    2    0.00    0.00    0.00    0.00    0.00   20.00    0.00    0.00    0.00   80.00
05:50:00 AM    3    0.00    0.00    7.92    0.00    0.00   35.64    0.00    0.00    0.00   56.44
05:50:00 AM    4    0.00    0.00    0.00    0.00    0.00    0.00    0.00    0.00    0.00  100.00
05:50:00 AM    5    0.00    0.00    0.00    0.00    0.00    0.00    0.00    0.00    0.00  100.00
05:50:00 AM    6    0.00    0.00    0.00    0.00    0.00    0.00    0.00    0.00    0.00  100.00
05:50:00 AM    7    0.00    0.00    0.00    0.00    0.00   17.00    0.00    0.00    0.00   83.00

05:50:00 AM  CPU    %usr   %nice    %sys %iowait    %irq   %soft  %steal  %guest  %gnice   %idle
05:50:01 AM  all    2.14    0.00    6.67    0.00    0.13    9.18    0.00    0.00    0.00   81.89
05:50:01 AM    0    9.09    0.00   26.26    0.00    0.00    0.00    0.00    0.00    0.00   64.65
05:50:01 AM    1    8.08    0.00   26.26    0.00    1.01    0.00    0.00    0.00    0.00   64.65
05:50:01 AM    2    0.00    0.00    0.00    0.00    0.00   18.18    0.00    0.00    0.00   81.82
05:50:01 AM    3    0.00    0.00    1.01    0.00    0.00   39.39    0.00    0.00    0.00   59.60
05:50:01 AM    4    0.00    0.00    0.00    0.00    0.00    0.00    0.00    0.00    0.00  100.00
05:50:01 AM    5    0.00    0.00    0.00    0.00    0.00    0.00    0.00    0.00    0.00  100.00
05:50:01 AM    6    0.00    0.00    0.00    0.00    0.00    0.00    0.00    0.00    0.00  100.00
05:50:01 AM    7    0.00    0.00    0.00    0.00    0.00   16.16    0.00    0.00    0.00   83.84

05:50:01 AM  CPU    %usr   %nice    %sys %iowait    %irq   %soft  %steal  %guest  %gnice   %idle
05:50:02 AM  all    2.12    0.00    6.74    0.00    0.37    9.36    0.00    0.00    0.00   81.40
05:50:02 AM    0    9.00    0.00   26.00    0.00    1.00    0.00    0.00    0.00    0.00   64.00
05:50:02 AM    1    8.08    0.00   26.26    0.00    1.01    0.00    0.00    0.00    0.00   64.65
05:50:02 AM    2    0.00    0.00    0.00    0.00    0.00   19.00    0.00    0.00    0.00   81.00
05:50:02 AM    3    0.00    0.00    1.98    0.00    0.00   38.61    0.00    0.00    0.00   59.41
05:50:02 AM    4    0.00    0.00    0.00    0.00    0.00    0.00    0.00    0.00    0.00  100.00
05:50:02 AM    5    0.00    0.00    0.00    0.00    0.00    0.00    0.00    0.00    0.00  100.00
05:50:02 AM    6    0.00    0.00    0.00    0.00    0.00    0.00    0.00    0.00    0.00  100.00
05:50:02 AM    7    0.00    0.00    0.00    0.00    0.99   16.83    0.00    0.00    0.00   82.18

05:50:02 AM  CPU    %usr   %nice    %sys %iowait    %irq   %soft  %steal  %guest  %gnice   %idle
05:50:03 AM  all    2.12    0.00    6.88    0.00    0.12    9.50    0.00    0.00    0.00   81.38
05:50:03 AM    0    8.16    0.00   25.51    0.00    1.02    0.00    0.00    0.00    0.00   65.31
05:50:03 AM    1    8.91    0.00   27.72    0.00    0.00    0.00    0.00    0.00    0.00   63.37
05:50:03 AM    2    0.00    0.00    0.00    0.00    0.00   19.00    0.00    0.00    0.00   81.00
05:50:03 AM    3    0.00    0.00    1.98    0.00    0.00   39.60    0.00    0.00    0.00   58.42
05:50:03 AM    4    0.00    0.00    0.00    0.00    0.00    0.00    0.00    0.00    0.00  100.00
05:50:03 AM    5    0.00    0.00    0.00    0.00    0.00    0.00    0.00    0.00    0.00  100.00
05:50:03 AM    6    0.00    0.00    0.00    0.00    0.00    0.00    0.00    0.00    0.00  100.00
05:50:03 AM    7    0.00    0.00    0.00    0.00    0.00   17.00    0.00    0.00    0.00   83.00

05:50:03 AM  CPU    %usr   %nice    %sys %iowait    %irq   %soft  %steal  %guest  %gnice   %idle
05:50:04 AM  all    2.13    0.00    7.51    0.13    0.25    9.01    0.00    0.00    0.00   80.98
05:50:04 AM    0    8.08    0.00   27.27    1.01    0.00    0.00    0.00    0.00    0.00   63.64
05:50:04 AM    1    9.00    0.00   27.00    0.00    1.00    0.00    0.00    0.00    0.00   63.00
05:50:04 AM    2    0.00    0.00    0.00    0.00    0.99   19.80    0.00    0.00    0.00   79.21
05:50:04 AM    3    0.00    0.00    6.06    0.00    0.00   35.35    0.00    0.00    0.00   58.59
05:50:04 AM    4    0.00    0.00    0.00    0.00    0.00    0.00    0.00    0.00    0.00  100.00
05:50:04 AM    5    0.00    0.00    0.00    0.00    0.00    0.00    0.00    0.00    0.00  100.00
05:50:04 AM    6    0.00    0.00    0.00    0.00    0.00    0.00    0.00    0.00    0.00  100.00
05:50:04 AM    7    0.00    0.00    0.00    0.00    0.00   17.00    0.00    0.00    0.00   83.00

05:50:04 AM  CPU    %usr   %nice    %sys %iowait    %irq   %soft  %steal  %guest  %gnice   %idle
05:50:05 AM  all    2.24    0.00    6.09    0.00    0.25    9.33    0.00    0.00    0.00   82.09
05:50:05 AM    0    8.74    0.00   24.27    0.00    0.97    0.00    0.00    0.00    0.00   66.02
05:50:05 AM    1    9.00    0.00   23.00    0.00    0.00    0.00    0.00    0.00    0.00   68.00
05:50:05 AM    2    0.00    0.00    0.00    0.00    0.00   19.00    0.00    0.00    0.00   81.00
05:50:05 AM    3    0.00    0.00    0.99    0.00    0.99   38.61    0.00    0.00    0.00   59.41
05:50:05 AM    4    0.00    0.00    0.00    0.00    0.00    0.00    0.00    0.00    0.00  100.00
05:50:05 AM    5    0.00    0.00    0.00    0.00    0.00    0.00    0.00    0.00    0.00  100.00
05:50:05 AM    6    0.00    0.00    0.00    0.00    0.00    0.00    0.00    0.00    0.00  100.00
05:50:05 AM    7    0.00    0.00    0.00    0.00    0.00   17.00    0.00    0.00    0.00   83.00

05:50:05 AM  CPU    %usr   %nice    %sys %iowait    %irq   %soft  %steal  %guest  %gnice   %idle
05:50:06 AM  all    2.00    0.00    6.12    0.00    0.12    9.36    0.00    0.00    0.00   82.40
05:50:06 AM    0    7.07    0.00   24.24    0.00    0.00    0.00    0.00    0.00    0.00   68.69
05:50:06 AM    1    8.82    0.00   22.55    0.00    0.98    0.00    0.00    0.00    0.00   67.65
05:50:06 AM    2    0.00    0.00    0.00    0.00    0.00   20.00    0.00    0.00    0.00   80.00
05:50:06 AM    3    0.00    0.00    1.98    0.00    0.00   38.61    0.00    0.00    0.00   59.41
05:50:06 AM    4    0.00    0.00    0.00    0.00    0.00    0.00    0.00    0.00    0.00  100.00
05:50:06 AM    5    0.00    0.00    0.00    0.00    0.00    0.00    0.00    0.00    0.00  100.00
05:50:06 AM    6    0.00    0.00    0.00    0.00    0.00    0.00    0.00    0.00    0.00  100.00
05:50:06 AM    7    0.00    0.00    0.00    0.00    0.00   16.16    0.00    0.00    0.00   83.84

05:50:06 AM  CPU    %usr   %nice    %sys %iowait    %irq   %soft  %steal  %guest  %gnice   %idle
05:50:07 AM  all    1.88    0.00    6.25    0.00    0.12    9.25    0.00    0.00    0.00   82.50
05:50:07 AM    0    6.93    0.00   23.76    0.00    0.99    0.00    0.00    0.00    0.00   68.32
05:50:07 AM    1    7.92    0.00   24.75    0.00    0.00    0.00    0.00    0.00    0.00   67.33
05:50:07 AM    2    0.00    0.00    0.00    0.00    0.00   19.19    0.00    0.00    0.00   80.81
05:50:07 AM    3    0.00    0.00    1.01    0.00    0.00   38.38    0.00    0.00    0.00   60.61
05:50:07 AM    4    0.00    0.00    0.00    0.00    0.00    0.00    0.00    0.00    0.00  100.00
05:50:07 AM    5    0.00    0.00    0.00    0.00    0.00    0.00    0.00    0.00    0.00  100.00
05:50:07 AM    6    0.00    0.00    0.00    0.00    0.00    0.00    0.00    0.00    0.00  100.00
05:50:07 AM    7    0.00    0.00    0.00    0.00    0.00   17.00    0.00    0.00    0.00   83.00

05:50:07 AM  CPU    %usr   %nice    %sys %iowait    %irq   %soft  %steal  %guest  %gnice   %idle
05:50:08 AM  all    1.87    0.00    5.85    0.12    0.25    9.33    0.00    0.00    0.00   82.59
05:50:08 AM    0    8.16    0.00   20.41    0.00    0.00    0.00    0.00    0.00    0.00   71.43
05:50:08 AM    1    6.67    0.00   24.76    0.95    0.95    0.00    0.00    0.00    0.00   66.67
05:50:08 AM    2    0.00    0.00    0.00    0.00    0.00   20.00    0.00    0.00    0.00   80.00
05:50:08 AM    3    0.00    0.00    1.00    0.00    0.00   38.00    0.00    0.00    0.00   61.00
05:50:08 AM    4    0.00    0.00    0.00    0.00    0.00    0.00    0.00    0.00    0.00  100.00
05:50:08 AM    5    0.00    0.00    0.00    0.00    0.00    0.00    0.00    0.00    0.00  100.00
05:50:08 AM    6    0.00    0.00    0.00    0.00    0.00    0.00    0.00    0.00    0.00  100.00
05:50:08 AM    7    0.00    0.00    0.00    0.00    0.99   16.83    0.00    0.00    0.00   82.18

05:50:08 AM  CPU    %usr   %nice    %sys %iowait    %irq   %soft  %steal  %guest  %gnice   %idle
05:50:09 AM  all    2.38    0.00    6.52    0.00    0.13    9.52    0.00    0.00    0.00   81.45
05:50:09 AM    0    9.18    0.00   23.47    0.00    1.02    0.00    0.00    0.00    0.00   66.33
05:50:09 AM    1   10.10    0.00   25.25    0.00    0.00    0.00    0.00    0.00    0.00   64.65
05:50:09 AM    2    0.00    0.00    0.00    0.00    0.00   20.00    0.00    0.00    0.00   80.00
05:50:09 AM    3    0.00    0.00    3.96    0.00    0.00   38.61    0.00    0.00    0.00   57.43
05:50:09 AM    4    0.00    0.00    0.00    0.00    0.00    0.00    0.00    0.00    0.00  100.00
05:50:09 AM    5    0.00    0.00    0.00    0.00    0.00    0.00    0.00    0.00    0.00  100.00
05:50:09 AM    6    0.00    0.00    0.00    0.00    0.00    0.00    0.00    0.00    0.00  100.00
05:50:09 AM    7    0.00    0.00    0.00    0.00    0.00   17.00    0.00    0.00    0.00   83.00

05:50:09 AM  CPU    %usr   %nice    %sys %iowait    %irq   %soft  %steal  %guest  %gnice   %idle
05:50:10 AM  all    1.90    0.00    6.46    0.00    0.51    8.99    0.00    0.00    0.00   82.15
05:50:10 AM    0    8.33    0.00   22.92    0.00    1.04    0.00    0.00    0.00    0.00   67.71
05:50:10 AM    1    7.29    0.00   22.92    0.00    1.04    0.00    0.00    0.00    0.00   68.75
05:50:10 AM    2    0.00    0.00    0.00    0.00    1.00   19.00    0.00    0.00    0.00   80.00
05:50:10 AM    3    0.00    0.00    7.07    0.00    1.01   35.35    0.00    0.00    0.00   56.57
05:50:10 AM    4    0.00    0.00    0.00    0.00    0.00    0.00    0.00    0.00    0.00  100.00
05:50:10 AM    5    0.00    0.00    0.00    0.00    0.00    0.00    0.00    0.00    0.00  100.00
05:50:10 AM    6    0.00    0.00    0.00    0.00    0.00    0.00    0.00    0.00    0.00  100.00
05:50:10 AM    7    0.00    0.00    0.00    0.00    0.00   17.17    0.00    0.00    0.00   82.83

05:50:10 AM  CPU    %usr   %nice    %sys %iowait    %irq   %soft  %steal  %guest  %gnice   %idle
05:50:11 AM  all    1.88    0.00    5.65    0.00    0.00    9.79    0.00    0.00    0.00   82.69
05:50:11 AM    0    8.08    0.00   21.21    0.00    0.00    1.01    0.00    0.00    0.00   69.70
05:50:11 AM    1    7.22    0.00   21.65    0.00    0.00    0.00    0.00    0.00    0.00   71.13
05:50:11 AM    2    0.00    0.00    0.00    0.00    0.00   20.79    0.00    0.00    0.00   79.21
05:50:11 AM    3    0.00    0.00    3.00    0.00    0.00   39.00    0.00    0.00    0.00   58.00
05:50:11 AM    4    0.00    0.00    0.00    0.00    0.00    0.00    0.00    0.00    0.00  100.00
05:50:11 AM    5    0.00    0.00    0.00    0.00    0.00    0.00    0.00    0.00    0.00  100.00
05:50:11 AM    6    0.00    0.00    0.00    0.00    0.00    0.00    0.00    0.00    0.00  100.00
05:50:11 AM    7    0.00    0.00    0.00    0.00    0.00   17.00    0.00    0.00    0.00   83.00

05:50:11 AM  CPU    %usr   %nice    %sys %iowait    %irq   %soft  %steal  %guest  %gnice   %idle
05:50:12 AM  all    1.89    0.00    6.43    0.00    0.25    9.21    0.00    0.00    0.00   82.22
05:50:12 AM    0    7.37    0.00   23.16    0.00    1.05    0.00    0.00    0.00    0.00   68.42
05:50:12 AM    1    8.16    0.00   23.47    0.00    1.02    0.00    0.00    0.00    0.00   67.35
05:50:12 AM    2    0.00    0.00    0.00    0.00    0.00   19.19    0.00    0.00    0.00   80.81
05:50:12 AM    3    0.00    0.00    5.94    0.00    0.00   36.63    0.00    0.00    0.00   57.43
05:50:12 AM    4    0.00    0.00    0.00    0.00    0.00    0.00    0.00    0.00    0.00  100.00
05:50:12 AM    5    0.00    0.00    0.00    0.00    0.00    0.00    0.00    0.00    0.00  100.00
05:50:12 AM    6    0.00    0.00    0.00    0.00    0.00    0.00    0.00    0.00    0.00  100.00
05:50:12 AM    7    0.00    0.00    0.00    0.00    0.00   17.00    0.00    0.00    0.00   83.00

05:50:12 AM  CPU    %usr   %nice    %sys %iowait    %irq   %soft  %steal  %guest  %gnice   %idle
05:50:13 AM  all    2.02    0.00    5.04    0.00    0.13    9.45    0.00    0.00    0.00   83.38
05:50:13 AM    0    9.28    0.00   19.59    0.00    0.00    0.00    0.00    0.00    0.00   71.13
05:50:13 AM    1    7.22    0.00   21.65    0.00    1.03    0.00    0.00    0.00    0.00   70.10
05:50:13 AM    2    0.00    0.00    0.00    0.00    0.00   19.00    0.00    0.00    0.00   81.00
05:50:13 AM    3    0.00    0.00    0.00    0.00    0.00   39.00    0.00    0.00    0.00   61.00
05:50:13 AM    4    0.00    0.00    0.00    0.00    0.00    0.00    0.00    0.00    0.00  100.00
05:50:13 AM    5    0.00    0.00    0.00    0.00    0.00    0.00    0.00    0.00    0.00  100.00
05:50:13 AM    6    0.00    0.00    0.00    0.00    0.00    0.00    0.00    0.00    0.00  100.00
05:50:13 AM    7    0.00    0.00    0.00    0.00    0.00   17.00    0.00    0.00    0.00   83.00

05:50:13 AM  CPU    %usr   %nice    %sys %iowait    %irq   %soft  %steal  %guest  %gnice   %idle
05:50:14 AM  all    1.89    0.00    5.18    0.00    0.25    9.22    0.00    0.00    0.00   83.46
05:50:14 AM    0    7.29    0.00   19.79    0.00    1.04    0.00    0.00    0.00    0.00   71.88
05:50:14 AM    1    8.16    0.00   21.43    0.00    0.00    0.00    0.00    0.00    0.00   70.41
05:50:14 AM    2    0.00    0.00    0.00    0.00    0.00   19.19    0.00    0.00    0.00   80.81
05:50:14 AM    3    0.00    0.00    1.01    0.00    0.00   38.38    0.00    0.00    0.00   60.61
05:50:14 AM    4    0.00    0.00    0.00    0.00    0.00    0.00    0.00    0.00    0.00  100.00
05:50:14 AM    5    0.00    0.00    0.00    0.00    0.00    0.00    0.00    0.00    0.00  100.00
05:50:14 AM    6    0.00    0.00    0.00    0.00    0.00    0.00    0.00    0.00    0.00  100.00
05:50:14 AM    7    0.00    0.00    0.00    0.00    1.00   16.00    0.00    0.00    0.00   83.00

05:50:14 AM  CPU    %usr   %nice    %sys %iowait    %irq   %soft  %steal  %guest  %gnice   %idle
05:50:15 AM  all    1.41    0.00    5.63    0.13    0.38    9.46    0.00    0.00    0.00   82.99
05:50:15 AM    0    6.74    0.00   19.10    1.12    1.12    0.00    0.00    0.00    0.00   71.91
05:50:15 AM    1    5.56    0.00   21.11    0.00    1.11    0.00    0.00    0.00    0.00   72.22
05:50:15 AM    2    0.00    0.00    0.00    0.00    0.00   20.79    0.00    0.00    0.00   79.21
05:50:15 AM    3    0.00    0.00    7.84    0.00    0.98   35.29    0.00    0.00    0.00   55.88
05:50:15 AM    4    0.00    0.00    0.00    0.00    0.00    0.00    0.00    0.00    0.00  100.00
05:50:15 AM    5    0.00    0.00    0.00    0.00    0.00    0.00    0.00    0.00    0.00  100.00
05:50:15 AM    6    0.00    0.00    0.00    0.00    0.00    0.00    0.00    0.00    0.00  100.00
05:50:15 AM    7    0.00    0.00    0.00    0.00    0.00   17.00    0.00    0.00    0.00   83.00

05:50:15 AM  CPU    %usr   %nice    %sys %iowait    %irq   %soft  %steal  %guest  %gnice   %idle
05:50:16 AM  all    1.79    0.00    5.11    0.00    0.00    9.32    0.00    0.00    0.00   83.78
05:50:16 AM    0    7.61    0.00   19.57    0.00    0.00    0.00    0.00    0.00    0.00   72.83
05:50:16 AM    1    7.53    0.00   20.43    0.00    0.00    0.00    0.00    0.00    0.00   72.04
05:50:16 AM    2    0.00    0.00    0.00    0.00    0.00   19.19    0.00    0.00    0.00   80.81
05:50:16 AM    3    0.00    0.00    3.03    0.00    0.00   37.37    0.00    0.00    0.00   59.60
05:50:16 AM    4    0.00    0.00    0.00    0.00    0.00    0.00    0.00    0.00    0.00  100.00
05:50:16 AM    5    0.00    0.00    0.00    0.00    0.00    0.00    0.00    0.00    0.00  100.00
05:50:16 AM    6    0.00    0.00    0.00    0.00    0.00    0.00    0.00    0.00    0.00  100.00
05:50:16 AM    7    0.00    0.00    0.00    0.00    0.00   17.00    0.00    0.00    0.00   83.00

05:50:16 AM  CPU    %usr   %nice    %sys %iowait    %irq   %soft  %steal  %guest  %gnice   %idle
05:50:17 AM  all    1.53    0.00    3.82    0.00    0.38    9.92    0.00    0.00    0.00   84.35
05:50:17 AM    0    6.59    0.00   15.38    0.00    1.10    0.00    0.00    0.00    0.00   76.92
05:50:17 AM    1    6.45    0.00   17.20    0.00    1.08    1.08    0.00    0.00    0.00   74.19
05:50:17 AM    2    0.00    0.00    0.00    0.00    0.98   19.61    0.00    0.00    0.00   79.41
05:50:17 AM    3    0.00    0.00    0.00    0.00    0.00   40.00    0.00    0.00    0.00   60.00
05:50:17 AM    4    0.00    0.00    0.00    0.00    0.00    0.00    0.00    0.00    0.00  100.00
05:50:17 AM    5    0.00    0.00    0.00    0.00    0.00    0.00    0.00    0.00    0.00  100.00
05:50:17 AM    6    0.00    0.00    0.00    0.00    0.00    0.00    0.00    0.00    0.00  100.00
05:50:17 AM    7    0.00    0.00    0.00    0.00    0.00   17.00    0.00    0.00    0.00   83.00

05:50:17 AM  CPU    %usr   %nice    %sys %iowait    %irq   %soft  %steal  %guest  %gnice   %idle
05:50:18 AM  all    1.42    0.00    4.00    0.00    0.00    9.55    0.00    0.00    0.00   85.03
05:50:18 AM    0    5.75    0.00   16.09    0.00    0.00    0.00    0.00    0.00    0.00   78.16
05:50:18 AM    1    6.74    0.00   16.85    0.00    0.00    0.00    0.00    0.00    0.00   76.40
05:50:18 AM    2    0.00    0.00    0.00    0.00    0.00   19.19    0.00    0.00    0.00   80.81
05:50:18 AM    3    0.00    0.00    2.00    0.00    0.00   38.00    0.00    0.00    0.00   60.00
05:50:18 AM    4    0.00    0.00    0.00    0.00    0.00    0.00    0.00    0.00    0.00  100.00
05:50:18 AM    5    0.00    0.00    0.00    0.00    0.00    0.00    0.00    0.00    0.00  100.00
05:50:18 AM    6    0.00    0.00    0.00    0.00    0.00    0.00    0.00    0.00    0.00  100.00
05:50:18 AM    7    0.00    0.00    0.00    0.00    0.00   17.00    0.00    0.00    0.00   83.00

05:50:18 AM  CPU    %usr   %nice    %sys %iowait    %irq   %soft  %steal  %guest  %gnice   %idle
05:50:19 AM  all    1.29    0.00    3.74    0.00    0.00    9.29    0.00    0.00    0.00   85.68
05:50:19 AM    0    5.75    0.00   14.94    0.00    0.00    0.00    0.00    0.00    0.00   79.31
05:50:19 AM    1    5.56    0.00   17.78    0.00    0.00    0.00    0.00    0.00    0.00   76.67
05:50:19 AM    2    0.00    0.00    0.00    0.00    0.00   18.00    0.00    0.00    0.00   82.00
05:50:19 AM    3    0.00    0.00    0.00    0.00    0.00   38.38    0.00    0.00    0.00   61.62
05:50:19 AM    4    0.00    0.00    0.00    0.00    0.00    0.00    0.00    0.00    0.00  100.00
05:50:19 AM    5    0.00    0.00    0.00    0.00    0.00    0.00    0.00    0.00    0.00  100.00
05:50:19 AM    6    0.00    0.00    0.00    0.00    0.00    0.00    0.00    0.00    0.00  100.00
05:50:19 AM    7    0.00    0.00    0.00    0.00    0.00   16.16    0.00    0.00    0.00   83.84

05:50:19 AM  CPU    %usr   %nice    %sys %iowait    %irq   %soft  %steal  %guest  %gnice   %idle
05:50:20 AM  all    1.29    0.00    4.12    0.00    0.26    9.41    0.00    0.00    0.00   84.92
05:50:20 AM    0    4.71    0.00   16.47    0.00    1.18    0.00    0.00    0.00    0.00   77.65
05:50:20 AM    1    6.67    0.00   17.78    0.00    1.11    0.00    0.00    0.00    0.00   74.44
05:50:20 AM    2    0.00    0.00    0.00    0.00    0.00   19.00    0.00    0.00    0.00   81.00
05:50:20 AM    3    0.00    0.00    1.00    0.00    0.00   38.00    0.00    0.00    0.00   61.00
05:50:20 AM    4    0.00    0.00    0.00    0.00    0.00    0.00    0.00    0.00    0.00  100.00
05:50:20 AM    5    0.00    0.00    0.00    0.00    0.00    0.00    0.00    0.00    0.00  100.00
05:50:20 AM    6    0.00    0.00    0.00    0.00    0.00    0.00    0.00    0.00    0.00  100.00
05:50:20 AM    7    0.00    0.00    0.99    0.00    0.00   15.84    0.00    0.00    0.00   83.17

05:50:20 AM  CPU    %usr   %nice    %sys %iowait    %irq   %soft  %steal  %guest  %gnice   %idle
05:50:21 AM  all    1.42    0.00    4.13    0.00    0.39    9.68    0.00    0.00    0.00   84.39
05:50:21 AM    0    5.75    0.00   16.09    0.00    1.15    0.00    0.00    0.00    0.00   77.01
05:50:21 AM    1    6.90    0.00   16.09    0.00    0.00    0.00    0.00    0.00    0.00   77.01
05:50:21 AM    2    0.00    0.00    0.00    0.00    0.00   19.19    0.00    0.00    0.00   80.81
05:50:21 AM    3    0.00    0.00    3.96    0.00    0.99   38.61    0.00    0.00    0.00   56.44
05:50:21 AM    4    0.00    0.00    0.00    0.00    0.00    0.00    0.00    0.00    0.00  100.00
05:50:21 AM    5    0.00    0.00    0.00    0.00    0.00    0.00    0.00    0.00    0.00  100.00
05:50:21 AM    6    0.00    0.00    0.00    0.00    0.00    0.00    0.00    0.00    0.00  100.00
05:50:21 AM    7    0.00    0.00    0.00    0.00    0.99   16.83    0.00    0.00    0.00   82.18

05:50:21 AM  CPU    %usr   %nice    %sys %iowait    %irq   %soft  %steal  %guest  %gnice   %idle
05:50:22 AM  all    1.28    0.00    3.96    0.00    0.13    9.46    0.00    0.00    0.00   85.17
05:50:22 AM    0    5.62    0.00   14.61    0.00    0.00    0.00    0.00    0.00    0.00   79.78
05:50:22 AM    1    5.38    0.00   18.28    0.00    1.08    0.00    0.00    0.00    0.00   75.27
05:50:22 AM    2    0.00    0.00    0.00    0.00    0.00   19.00    0.00    0.00    0.00   81.00
05:50:22 AM    3    0.00    0.00    0.99    0.00    0.00   38.61    0.00    0.00    0.00   60.40
05:50:22 AM    4    0.00    0.00    0.00    0.00    0.00    0.00    0.00    0.00    0.00  100.00
05:50:22 AM    5    0.00    0.00    0.00    0.00    0.00    0.00    0.00    0.00    0.00  100.00
05:50:22 AM    6    0.00    0.00    0.00    0.00    0.00    0.00    0.00    0.00    0.00  100.00
05:50:22 AM    7    0.00    0.00    0.00    0.00    0.00   16.16    0.00    0.00    0.00   83.84

05:50:22 AM  CPU    %usr   %nice    %sys %iowait    %irq   %soft  %steal  %guest  %gnice   %idle
05:50:23 AM  all    1.17    0.00    3.90    0.00    0.13    9.61    0.00    0.00    0.00   85.19
05:50:23 AM    0    4.76    0.00   14.29    0.00    1.19    0.00    0.00    0.00    0.00   79.76
05:50:23 AM    1    5.75    0.00   16.09    0.00    0.00    0.00    0.00    0.00    0.00   78.16
05:50:23 AM    2    0.00    0.00    0.00    0.00    0.00   20.00    0.00    0.00    0.00   80.00
05:50:23 AM    3    0.00    0.00    4.04    0.00    0.00   37.37    0.00    0.00    0.00   58.59
05:50:23 AM    4    0.00    0.00    0.00    0.00    0.00    0.00    0.00    0.00    0.00  100.00
05:50:23 AM    5    0.00    0.00    0.00    0.00    0.00    0.00    0.00    0.00    0.00  100.00
05:50:23 AM    6    0.00    0.00    0.00    0.00    0.00    0.00    0.00    0.00    0.00  100.00
05:50:23 AM    7    0.00    0.00    0.00    0.00    0.00   17.00    0.00    0.00    0.00   83.00

05:50:23 AM  CPU    %usr   %nice    %sys %iowait    %irq   %soft  %steal  %guest  %gnice   %idle
05:50:24 AM  all    1.30    0.00    3.91    0.00    0.26    9.77    0.00    0.00    0.00   84.77
05:50:24 AM    0    6.02    0.00   16.87    0.00    0.00    0.00    0.00    0.00    0.00   77.11
05:50:24 AM    1    5.88    0.00   17.65    0.00    1.18    0.00    0.00    0.00    0.00   75.29
05:50:24 AM    2    0.00    0.00    0.00    0.00    0.99   18.81    0.00    0.00    0.00   80.20
05:50:24 AM    3    0.00    0.00    1.01    0.00    0.00   39.39    0.00    0.00    0.00   59.60
05:50:24 AM    4    0.00    0.00    0.00    0.00    0.00    0.00    0.00    0.00    0.00  100.00
05:50:24 AM    5    0.00    0.00    0.00    0.00    0.00    0.00    0.00    0.00    0.00  100.00
05:50:24 AM    6    0.00    0.00    0.00    0.00    0.00    0.00    0.00    0.00    0.00  100.00
05:50:24 AM    7    0.00    0.00    0.00    0.00    0.00   17.00    0.00    0.00    0.00   83.00

05:50:24 AM  CPU    %usr   %nice    %sys %iowait    %irq   %soft  %steal  %guest  %gnice   %idle
05:50:25 AM  all    1.42    0.00    4.01    0.00    0.26    9.82    0.00    0.00    0.00   84.50
05:50:25 AM    0    6.90    0.00   16.09    0.00    1.15    0.00    0.00    0.00    0.00   75.86
05:50:25 AM    1    5.75    0.00   17.24    0.00    1.15    0.00    0.00    0.00    0.00   75.86
05:50:25 AM    2    0.00    0.00    0.00    0.00    0.00   19.19    0.00    0.00    0.00   80.81
05:50:25 AM    3    0.00    0.00    1.98    0.00    0.00   39.60    0.00    0.00    0.00   58.42
05:50:25 AM    4    0.00    0.00    0.00    0.00    0.00    0.00    0.00    0.00    0.00  100.00
05:50:25 AM    5    0.00    0.00    0.00    0.00    0.00    0.00    0.00    0.00    0.00  100.00
05:50:25 AM    6    0.00    0.00    0.00    0.00    0.00    0.00    0.00    0.00    0.00  100.00
05:50:25 AM    7    0.00    0.00    0.00    0.00    0.00   17.00    0.00    0.00    0.00   83.00

05:50:25 AM  CPU    %usr   %nice    %sys %iowait    %irq   %soft  %steal  %guest  %gnice   %idle
05:50:26 AM  all    1.54    0.00    3.21    0.13    0.39    9.76    0.00    0.00    0.00   84.98
05:50:26 AM    0    6.82    0.00   13.64    0.00    1.14    0.00    0.00    0.00    0.00   78.41
05:50:26 AM    1    6.74    0.00   14.61    1.12    0.00    0.00    0.00    0.00    0.00   77.53
05:50:26 AM    2    0.00    0.00    0.00    0.00    0.00   19.80    0.00    0.00    0.00   80.20
05:50:26 AM    3    0.00    0.00    0.00    0.00    1.00   39.00    0.00    0.00    0.00   60.00
05:50:26 AM    4    0.00    0.00    0.00    0.00    0.00    0.00    0.00    0.00    0.00  100.00
05:50:26 AM    5    0.00    0.00    0.00    0.00    0.00    0.00    0.00    0.00    0.00  100.00
05:50:26 AM    6    0.00    0.00    0.00    0.00    0.00    0.00    0.00    0.00    0.00  100.00
05:50:26 AM    7    0.00    0.00    0.00    0.00    0.99   16.83    0.00    0.00    0.00   82.18

05:50:26 AM  CPU    %usr   %nice    %sys %iowait    %irq   %soft  %steal  %guest  %gnice   %idle
05:50:27 AM  all    1.29    0.00    4.27    0.00    0.13    9.83    0.00    0.00    0.00   84.48
05:50:27 AM    0    4.65    0.00   17.44    0.00    0.00    0.00    0.00    0.00    0.00   77.91
05:50:27 AM    1    6.82    0.00   15.91    0.00    1.14    0.00    0.00    0.00    0.00   76.14
05:50:27 AM    2    0.00    0.00    0.00    0.00    0.00   20.20    0.00    0.00    0.00   79.80
05:50:27 AM    3    0.00    0.00    4.00    0.00    0.00   38.00    0.00    0.00    0.00   58.00
05:50:27 AM    4    0.00    0.00    0.00    0.00    0.00    0.00    0.00    0.00    0.00  100.00
05:50:27 AM    5    0.00    0.00    0.00    0.00    0.00    0.00    0.00    0.00    0.00  100.00
05:50:27 AM    6    0.00    0.00    0.00    0.00    0.00    0.00    0.00    0.00    0.00  100.00
05:50:27 AM    7    0.00    0.00    0.00    0.00    0.00   18.00    0.00    0.00    0.00   82.00

05:50:27 AM  CPU    %usr   %nice    %sys %iowait    %irq   %soft  %steal  %guest  %gnice   %idle
05:50:28 AM  all    1.29    0.00    4.26    0.00    0.13    9.68    0.00    0.00    0.00   84.65
05:50:28 AM    0    5.81    0.00   15.12    0.00    1.16    0.00    0.00    0.00    0.00   77.91
05:50:28 AM    1    5.62    0.00   19.10    0.00    0.00    0.00    0.00    0.00    0.00   75.28
05:50:28 AM    2    0.00    0.00    0.00    0.00    0.00   20.00    0.00    0.00    0.00   80.00
05:50:28 AM    3    0.00    0.00    3.00    0.00    0.00   38.00    0.00    0.00    0.00   59.00
05:50:28 AM    4    0.00    0.00    0.00    0.00    0.00    0.00    0.00    0.00    0.00  100.00
05:50:28 AM    5    0.00    0.00    0.00    0.00    0.00    0.00    0.00    0.00    0.00  100.00
05:50:28 AM    6    0.00    0.00    0.00    0.00    0.00    0.00    0.00    0.00    0.00  100.00
05:50:28 AM    7    0.00    0.00    0.00    0.00    0.00   17.00    0.00    0.00    0.00   83.00

05:50:28 AM  CPU    %usr   %nice    %sys %iowait    %irq   %soft  %steal  %guest  %gnice   %idle
05:50:29 AM  all    1.54    0.00    4.62    0.00    0.13    9.62    0.00    0.00    0.00   84.10
05:50:29 AM    0    6.67    0.00   16.67    0.00    0.00    0.00    0.00    0.00    0.00   76.67
05:50:29 AM    1    6.59    0.00   16.48    0.00    1.10    0.00    0.00    0.00    0.00   75.82
05:50:29 AM    2    0.00    0.00    0.00    0.00    0.00   21.00    0.00    0.00    0.00   79.00
05:50:29 AM    3    0.00    0.00    6.00    0.00    0.00   37.00    0.00    0.00    0.00   57.00
05:50:29 AM    4    0.00    0.00    0.00    0.00    0.00    0.00    0.00    0.00    0.00  100.00
05:50:29 AM    5    0.00    0.00    0.00    0.00    0.00    0.00    0.00    0.00    0.00  100.00
05:50:29 AM    6    0.00    0.00    0.00    0.00    0.00    0.00    0.00    0.00    0.00  100.00
05:50:29 AM    7    0.00    0.00    0.00    0.00    0.00   17.17    0.00    0.00    0.00   82.83

05:50:29 AM  CPU    %usr   %nice    %sys %iowait    %irq   %soft  %steal  %guest  %gnice   %idle
05:50:30 AM  all    1.41    0.00    3.84    0.00    0.13    9.48    0.00    0.00    0.00   85.15
05:50:30 AM    0    6.59    0.00   14.29    0.00    1.10    0.00    0.00    0.00    0.00   78.02
05:50:30 AM    1    5.56    0.00   16.67    0.00    0.00    0.00    0.00    0.00    0.00   77.78
05:50:30 AM    2    0.00    0.00    0.99    0.00    0.00   18.81    0.00    0.00    0.00   80.20
05:50:30 AM    3    0.00    0.00    1.01    0.00    0.00   38.38    0.00    0.00    0.00   60.61
05:50:30 AM    4    0.00    0.00    0.00    0.00    0.00    0.00    0.00    0.00    0.00  100.00
05:50:30 AM    5    0.00    0.00    0.00    0.00    0.00    0.00    0.00    0.00    0.00  100.00
05:50:30 AM    6    0.00    0.00    0.00    0.00    0.00    0.00    0.00    0.00    0.00  100.00
05:50:30 AM    7    0.00    0.00    0.00    0.00    0.00   17.00    0.00    0.00    0.00   83.00

05:50:30 AM  CPU    %usr   %nice    %sys %iowait    %irq   %soft  %steal  %guest  %gnice   %idle
05:50:31 AM  all    1.40    0.00    4.59    0.00    0.25    9.55    0.00    0.00    0.00   84.20
05:50:31 AM    0    5.49    0.00   16.48    0.00    0.00    1.10    0.00    0.00    0.00   76.92
05:50:31 AM    1    6.38    0.00   20.21    0.00    1.06    0.00    0.00    0.00    0.00   72.34
05:50:31 AM    2    0.00    0.00    0.00    0.00    1.00   19.00    0.00    0.00    0.00   80.00
05:50:31 AM    3    0.00    0.00    2.00    0.00    0.00   38.00    0.00    0.00    0.00   60.00
05:50:31 AM    4    0.00    0.00    0.00    0.00    0.00    0.00    0.00    0.00    0.00  100.00
05:50:31 AM    5    0.00    0.00    0.00    0.00    0.00    0.00    0.00    0.00    0.00  100.00
05:50:31 AM    6    0.00    0.00    0.00    0.00    0.00    0.00    0.00    0.00    0.00  100.00
05:50:31 AM    7    0.00    0.00    0.00    0.00    0.00   17.00    0.00    0.00    0.00   83.00

05:50:31 AM  CPU    %usr   %nice    %sys %iowait    %irq   %soft  %steal  %guest  %gnice   %idle
05:50:32 AM  all    1.78    0.00    4.95    0.00    0.38    9.52    0.00    0.00    0.00   83.38
05:50:32 AM    0    7.61    0.00   19.57    0.00    1.09    0.00    0.00    0.00    0.00   71.74
05:50:32 AM    1    7.45    0.00   21.28    0.00    0.00    0.00    0.00    0.00    0.00   71.28
05:50:32 AM    2    0.00    0.00    0.00    0.00    0.00   19.00    0.00    0.00    0.00   81.00
05:50:32 AM    3    0.00    0.00    0.99    0.00    0.99   38.61    0.00    0.00    0.00   59.41
05:50:32 AM    4    0.00    0.00    0.00    0.00    0.00    0.00    0.00    0.00    0.00  100.00
05:50:32 AM    5    0.00    0.00    0.00    0.00    0.00    0.00    0.00    0.00    0.00  100.00
05:50:32 AM    6    0.00    0.00    0.00    0.00    0.00    0.00    0.00    0.00    0.00  100.00
05:50:32 AM    7    0.00    0.00    0.00    0.00    0.99   16.83    0.00    0.00    0.00   82.18

05:50:32 AM  CPU    %usr   %nice    %sys %iowait    %irq   %soft  %steal  %guest  %gnice   %idle
05:50:33 AM  all    1.53    0.00    3.83    0.00    0.13    9.58    0.00    0.00    0.00   84.93
05:50:33 AM    0    6.67    0.00   15.56    0.00    0.00    0.00    0.00    0.00    0.00   77.78
05:50:33 AM    1    6.45    0.00   17.20    0.00    1.08    0.00    0.00    0.00    0.00   75.27
05:50:33 AM    2    0.00    0.00    0.00    0.00    0.00   19.80    0.00    0.00    0.00   80.20
05:50:33 AM    3    0.00    0.00    0.00    0.00    0.00   39.00    0.00    0.00    0.00   61.00
05:50:33 AM    4    0.00    0.00    0.00    0.00    0.00    0.00    0.00    0.00    0.00  100.00
05:50:33 AM    5    0.00    0.00    0.00    0.00    0.00    0.00    0.00    0.00    0.00  100.00
05:50:33 AM    6    0.00    0.00    0.00    0.00    0.00    0.00    0.00    0.00    0.00  100.00
05:50:33 AM    7    0.00    0.00    0.00    0.00    0.00   16.16    0.00    0.00    0.00   83.84

05:50:33 AM  CPU    %usr   %nice    %sys %iowait    %irq   %soft  %steal  %guest  %gnice   %idle
05:50:34 AM  all    1.54    0.00    4.10    0.00    0.13    9.35    0.00    0.00    0.00   84.89
05:50:34 AM    0    6.52    0.00   16.30    0.00    1.09    0.00    0.00    0.00    0.00   76.09
05:50:34 AM    1    6.59    0.00   16.48    0.00    0.00    0.00    0.00    0.00    0.00   76.92
05:50:34 AM    2    0.00    0.00    0.00    0.00    0.00   19.19    0.00    0.00    0.00   80.81
05:50:34 AM    3    0.00    0.00    2.02    0.00    0.00   37.37    0.00    0.00    0.00   60.61
05:50:34 AM    4    0.00    0.00    0.00    0.00    0.00    0.00    0.00    0.00    0.00  100.00
05:50:34 AM    5    0.00    0.00    0.00    0.00    0.00    0.00    0.00    0.00    0.00  100.00
05:50:34 AM    6    0.00    0.00    0.00    0.00    0.00    0.00    0.00    0.00    0.00  100.00
05:50:34 AM    7    0.00    0.00    0.00    0.00    0.00   17.00    0.00    0.00    0.00   83.00

05:50:34 AM  CPU    %usr   %nice    %sys %iowait    %irq   %soft  %steal  %guest  %gnice   %idle
05:50:35 AM  all    1.54    0.00    4.75    0.00    0.26    9.63    0.00    0.00    0.00   83.83
05:50:35 AM    0    6.74    0.00   16.85    0.00    1.12    0.00    0.00    0.00    0.00   75.28
05:50:35 AM    1    6.59    0.00   19.78    0.00    1.10    0.00    0.00    0.00    0.00   72.53
05:50:35 AM    2    0.00    0.00    0.00    0.00    0.00   20.00    0.00    0.00    0.00   80.00
05:50:35 AM    3    0.00    0.00    4.00    0.00    0.00   38.00    0.00    0.00    0.00   58.00
05:50:35 AM    4    0.00    0.00    0.00    0.00    0.00    0.00    0.00    0.00    0.00  100.00
05:50:35 AM    5    0.00    0.00    0.00    0.00    0.00    0.00    0.00    0.00    0.00  100.00
05:50:35 AM    6    0.00    0.00    0.00    0.00    0.00    0.00    0.00    0.00    0.00  100.00
05:50:35 AM    7    0.00    0.00    0.00    0.00    0.00   17.17    0.00    0.00    0.00   82.83

05:50:35 AM  CPU    %usr   %nice    %sys %iowait    %irq   %soft  %steal  %guest  %gnice   %idle
05:50:36 AM  all    1.78    0.00    5.35    0.00    0.00    9.55    0.00    0.00    0.00   83.31
05:50:36 AM    0    7.61    0.00   20.65    0.00    0.00    0.00    0.00    0.00    0.00   71.74
05:50:36 AM    1    7.53    0.00   20.43    0.00    0.00    1.08    0.00    0.00    0.00   70.97
05:50:36 AM    2    0.00    0.00    0.00    0.00    0.00   19.00    0.00    0.00    0.00   81.00
05:50:36 AM    3    0.00    0.00    4.00    0.00    0.00   38.00    0.00    0.00    0.00   58.00
05:50:36 AM    4    0.00    0.00    0.00    0.00    0.00    0.00    0.00    0.00    0.00  100.00
05:50:36 AM    5    0.00    0.00    0.00    0.00    0.00    0.00    0.00    0.00    0.00  100.00
05:50:36 AM    6    0.00    0.00    0.00    0.00    0.00    0.00    0.00    0.00    0.00  100.00
05:50:36 AM    7    0.00    0.00    0.00    0.00    0.00   17.00    0.00    0.00    0.00   83.00

05:50:36 AM  CPU    %usr   %nice    %sys %iowait    %irq   %soft  %steal  %guest  %gnice   %idle
05:50:37 AM  all    1.52    0.00    5.83    0.00    0.38    9.25    0.00    0.00    0.00   83.02
05:50:37 AM    0    7.37    0.00   21.05    0.00    1.05    0.00    0.00    0.00    0.00   70.53
05:50:37 AM    1    5.38    0.00   21.51    0.00    1.08    0.00    0.00    0.00    0.00   72.04
05:50:37 AM    2    0.00    0.00    0.00    0.00    0.00   20.00    0.00    0.00    0.00   80.00
05:50:37 AM    3    0.00    0.00    5.94    0.00    0.99   35.64    0.00    0.00    0.00   57.43
05:50:37 AM    4    0.00    0.00    0.00    0.00    0.00    0.00    0.00    0.00    0.00  100.00
05:50:37 AM    5    0.00    0.00    0.00    0.00    0.00    0.00    0.00    0.00    0.00  100.00
05:50:37 AM    6    0.00    0.00    0.00    0.00    0.00    0.00    0.00    0.00    0.00  100.00
05:50:37 AM    7    0.00    0.00    0.00    0.00    0.00   17.00    0.00    0.00    0.00   83.00

05:50:37 AM  CPU    %usr   %nice    %sys %iowait    %irq   %soft  %steal  %guest  %gnice   %idle
05:50:38 AM  all    1.78    0.00    5.33    0.00    0.51    9.26    0.00    0.00    0.00   83.12
05:50:38 AM    0    8.60    0.00   19.35    0.00    1.08    0.00    0.00    0.00    0.00   70.97
05:50:38 AM    1    6.38    0.00   22.34    0.00    1.06    0.00    0.00    0.00    0.00   70.21
05:50:38 AM    2    0.00    0.00    0.00    0.00    1.00   19.00    0.00    0.00    0.00   80.00
05:50:38 AM    3    0.00    0.00    3.00    0.00    0.00   37.00    0.00    0.00    0.00   60.00
05:50:38 AM    4    0.00    0.00    0.00    0.00    0.00    0.00    0.00    0.00    0.00  100.00
05:50:38 AM    5    0.00    0.00    0.00    0.00    0.00    0.00    0.00    0.00    0.00  100.00
05:50:38 AM    6    0.00    0.00    0.00    0.00    0.00    0.00    0.00    0.00    0.00  100.00
05:50:38 AM    7    0.00    0.00    0.00    0.00    0.99   16.83    0.00    0.00    0.00   82.18

05:50:38 AM  CPU    %usr   %nice    %sys %iowait    %irq   %soft  %steal  %guest  %gnice   %idle
05:50:39 AM  all    1.77    0.00    4.55    0.00    0.00    9.48    0.00    0.00    0.00   84.20
05:50:39 AM    0    6.38    0.00   18.09    0.00    0.00    0.00    0.00    0.00    0.00   75.53
05:50:39 AM    1    8.25    0.00   19.59    0.00    0.00    0.00    0.00    0.00    0.00   72.16
05:50:39 AM    2    0.00    0.00    0.00    0.00    0.00   19.00    0.00    0.00    0.00   81.00
05:50:39 AM    3    0.00    0.00    0.00    0.00    0.00   39.00    0.00    0.00    0.00   61.00
05:50:39 AM    4    0.00    0.00    0.00    0.00    0.00    0.00    0.00    0.00    0.00  100.00
05:50:39 AM    5    0.00    0.00    0.00    0.00    0.00    0.00    0.00    0.00    0.00  100.00
05:50:39 AM    6    0.00    0.00    0.00    0.00    0.00    0.00    0.00    0.00    0.00  100.00
05:50:39 AM    7    0.00    0.00    0.00    0.00    0.00   17.00    0.00    0.00    0.00   83.00

05:50:39 AM  CPU    %usr   %nice    %sys %iowait    %irq   %soft  %steal  %guest  %gnice   %idle
05:50:40 AM  all    1.77    0.00    5.32    0.00    0.25    9.37    0.00    0.00    0.00   83.29
05:50:40 AM    0    8.33    0.00   20.83    0.00    1.04    0.00    0.00    0.00    0.00   69.79
05:50:40 AM    1    6.32    0.00   22.11    0.00    1.05    0.00    0.00    0.00    0.00   70.53
05:50:40 AM    2    0.00    0.00    0.00    0.00    0.00   19.00    0.00    0.00    0.00   81.00
05:50:40 AM    3    0.00    0.00    1.00    0.00    0.00   39.00    0.00    0.00    0.00   60.00
05:50:40 AM    4    0.00    0.00    0.00    0.00    0.00    0.00    0.00    0.00    0.00  100.00
05:50:40 AM    5    0.00    0.00    0.00    0.00    0.00    0.00    0.00    0.00    0.00  100.00
05:50:40 AM    6    0.00    0.00    0.00    0.00    0.00    0.00    0.00    0.00    0.00  100.00
05:50:40 AM    7    0.00    0.00    0.00    0.00    0.00   16.16    0.00    0.00    0.00   83.84

05:50:40 AM  CPU    %usr   %nice    %sys %iowait    %irq   %soft  %steal  %guest  %gnice   %idle
05:50:41 AM  all    1.66    0.00    4.97    0.13    0.00    9.55    0.00    0.00    0.00   83.69
05:50:41 AM    0    6.52    0.00   18.48    1.09    0.00    0.00    0.00    0.00    0.00   73.91
05:50:41 AM    1    7.37    0.00   20.00    0.00    0.00    0.00    0.00    0.00    0.00   72.63
05:50:41 AM    2    0.00    0.00    0.00    0.00    0.00   20.20    0.00    0.00    0.00   79.80
05:50:41 AM    3    0.00    0.00    3.03    0.00    0.00   38.38    0.00    0.00    0.00   58.59
05:50:41 AM    4    0.00    0.00    0.00    0.00    0.00    0.00    0.00    0.00    0.00  100.00
05:50:41 AM    5    0.00    0.00    0.00    0.00    0.00    0.00    0.00    0.00    0.00  100.00
05:50:41 AM    6    0.00    0.00    0.00    0.00    0.00    0.00    0.00    0.00    0.00  100.00
05:50:41 AM    7    0.00    0.00    0.00    0.00    0.00   17.00    0.00    0.00    0.00   83.00

05:50:41 AM  CPU    %usr   %nice    %sys %iowait    %irq   %soft  %steal  %guest  %gnice   %idle
05:50:42 AM  all    1.88    0.00    5.13    0.00    0.25    9.39    0.00    0.00    0.00   83.35
05:50:42 AM    0    7.07    0.00   21.21    0.00    1.01    0.00    0.00    0.00    0.00   70.71
05:50:42 AM    1    8.16    0.00   20.41    0.00    0.00    0.00    0.00    0.00    0.00   71.43
05:50:42 AM    2    0.00    0.00    0.00    0.00    0.00   19.80    0.00    0.00    0.00   80.20
05:50:42 AM    3    0.00    0.00    0.00    0.00    0.99   37.62    0.00    0.00    0.00   61.39
05:50:42 AM    4    0.00    0.00    0.00    0.00    0.00    0.00    0.00    0.00    0.00  100.00
05:50:42 AM    5    0.00    0.00    0.00    0.00    0.00    0.00    0.00    0.00    0.00  100.00
05:50:42 AM    6    0.00    0.00    0.00    0.00    0.00    0.00    0.00    0.00    0.00  100.00
05:50:42 AM    7    0.00    0.00    0.00    0.00    0.00   17.00    0.00    0.00    0.00   83.00

05:50:42 AM  CPU    %usr   %nice    %sys %iowait    %irq   %soft  %steal  %guest  %gnice   %idle
05:50:43 AM  all    1.40    0.00    5.11    0.00    0.13    9.45    0.00    0.00    0.00   83.91
05:50:43 AM    0    6.67    0.00   17.78    0.00    0.00    0.00    0.00    0.00    0.00   75.56
05:50:43 AM    1    5.38    0.00   22.58    0.00    1.08    0.00    0.00    0.00    0.00   70.97
05:50:43 AM    2    0.00    0.00    0.00    0.00    0.00   19.00    0.00    0.00    0.00   81.00
05:50:43 AM    3    0.00    0.00    3.00    0.00    0.00   38.00    0.00    0.00    0.00   59.00
05:50:43 AM    4    0.00    0.00    0.00    0.00    0.00    0.00    0.00    0.00    0.00  100.00
05:50:43 AM    5    0.00    0.00    0.00    0.00    0.00    0.00    0.00    0.00    0.00  100.00
05:50:43 AM    6    0.00    0.00    0.00    0.00    0.00    0.00    0.00    0.00    0.00  100.00
05:50:43 AM    7    0.00    0.00    0.00    0.00    0.00   17.00    0.00    0.00    0.00   83.00

05:50:43 AM  CPU    %usr   %nice    %sys %iowait    %irq   %soft  %steal  %guest  %gnice   %idle
05:50:44 AM  all    1.78    0.00    5.46    0.00    0.38    9.14    0.00    0.00    0.00   83.25
05:50:44 AM    0    6.52    0.00   19.57    0.00    1.09    0.00    0.00    0.00    0.00   72.83
05:50:44 AM    1    8.25    0.00   20.62    0.00    1.03    0.00    0.00    0.00    0.00   70.10
05:50:44 AM    2    0.00    0.00    0.00    0.00    1.00   19.00    0.00    0.00    0.00   80.00
05:50:44 AM    3    0.00    0.00    5.00    0.00    0.00   37.00    0.00    0.00    0.00   58.00
05:50:44 AM    4    0.00    0.00    0.00    0.00    0.00    0.00    0.00    0.00    0.00  100.00
05:50:44 AM    5    0.00    0.00    0.00    0.00    0.00    0.00    0.00    0.00    0.00  100.00
05:50:44 AM    6    0.00    0.00    0.00    0.00    0.00    0.00    0.00    0.00    0.00  100.00
05:50:44 AM    7    0.00    0.00    0.00    0.00    0.00   16.16    0.00    0.00    0.00   83.84

05:50:44 AM  CPU    %usr   %nice    %sys %iowait    %irq   %soft  %steal  %guest  %gnice   %idle
05:50:45 AM  all    1.65    0.00    5.72    0.00    0.25    9.40    0.00    0.00    0.00   82.97
05:50:45 AM    0    6.45    0.00   21.51    0.00    1.08    0.00    0.00    0.00    0.00   70.97
05:50:45 AM    1    7.53    0.00   20.43    0.00    0.00    0.00    0.00    0.00    0.00   72.04
05:50:45 AM    2    0.00    0.00    0.00    0.00    0.00   20.00    0.00    0.00    0.00   80.00
05:50:45 AM    3    0.00    0.00    6.00    0.00    0.00   37.00    0.00    0.00    0.00   57.00
05:50:45 AM    4    0.00    0.00    0.00    0.00    0.00    0.00    0.00    0.00    0.00  100.00
05:50:45 AM    5    0.00    0.00    0.00    0.00    0.00    0.00    0.00    0.00    0.00  100.00
05:50:45 AM    6    0.00    0.00    0.00    0.00    0.00    0.00    0.00    0.00    0.00  100.00
05:50:45 AM    7    0.00    0.00    0.00    0.00    0.99   16.83    0.00    0.00    0.00   82.18

05:50:45 AM  CPU    %usr   %nice    %sys %iowait    %irq   %soft  %steal  %guest  %gnice   %idle
05:50:46 AM  all    1.64    0.00    4.55    0.25    0.13    9.34    0.00    0.00    0.00   84.09
05:50:46 AM    0    6.38    0.00   18.09    1.06    0.00    0.00    0.00    0.00    0.00   74.47
05:50:46 AM    1    7.22    0.00   19.59    1.03    1.03    0.00    0.00    0.00    0.00   71.13
05:50:46 AM    2    0.00    0.00    0.00    0.00    0.00   19.00    0.00    0.00    0.00   81.00
05:50:46 AM    3    0.00    0.00    0.00    0.00    0.00   38.00    0.00    0.00    0.00   62.00
05:50:46 AM    4    0.00    0.00    0.00    0.00    0.00    0.00    0.00    0.00    0.00  100.00
05:50:46 AM    5    0.00    0.00    0.00    0.00    0.00    0.00    0.00    0.00    0.00  100.00
05:50:46 AM    6    0.00    0.00    0.00    0.00    0.00    0.00    0.00    0.00    0.00  100.00
05:50:46 AM    7    0.00    0.00    0.00    0.00    0.00   16.83    0.00    0.00    0.00   83.17

05:50:46 AM  CPU    %usr   %nice    %sys %iowait    %irq   %soft  %steal  %guest  %gnice   %idle
05:50:47 AM  all    1.78    0.00    5.72    0.00    0.00    9.28    0.00    0.00    0.00   83.23
05:50:47 AM    0    7.45    0.00   23.40    0.00    0.00    0.00    0.00    0.00    0.00   69.15
05:50:47 AM    1    7.37    0.00   23.16    0.00    0.00    0.00    0.00    0.00    0.00   69.47
05:50:47 AM    2    0.00    0.00    0.00    0.00    0.00   18.18    0.00    0.00    0.00   81.82
05:50:47 AM    3    0.00    0.00    1.00    0.00    0.00   39.00    0.00    0.00    0.00   60.00
05:50:47 AM    4    0.00    0.00    0.00    0.00    0.00    0.00    0.00    0.00    0.00  100.00
05:50:47 AM    5    0.00    0.00    0.00    0.00    0.00    0.00    0.00    0.00    0.00  100.00
05:50:47 AM    6    0.00    0.00    0.00    0.00    0.00    0.00    0.00    0.00    0.00  100.00
05:50:47 AM    7    0.00    0.00    0.00    0.00    0.00   16.16    0.00    0.00    0.00   83.84

05:50:47 AM  CPU    %usr   %nice    %sys %iowait    %irq   %soft  %steal  %guest  %gnice   %idle
05:50:48 AM  all    1.88    0.00    4.52    0.00    0.25    9.42    0.00    0.00    0.00   83.92
05:50:48 AM    0    8.33    0.00   15.62    0.00    1.04    0.00    0.00    0.00    0.00   75.00
05:50:48 AM    1    7.00    0.00   21.00    0.00    0.00    0.00    0.00    0.00    0.00   72.00
05:50:48 AM    2    0.00    0.00    0.00    0.00    0.00   20.00    0.00    0.00    0.00   80.00
05:50:48 AM    3    0.00    0.00    0.00    0.00    1.00   38.00    0.00    0.00    0.00   61.00
05:50:48 AM    4    0.00    0.00    0.00    0.00    0.00    0.00    0.00    0.00    0.00  100.00
05:50:48 AM    5    0.00    0.00    0.00    0.00    0.00    0.00    0.00    0.00    0.00  100.00
05:50:48 AM    6    0.00    0.00    0.00    0.00    0.00    0.00    0.00    0.00    0.00  100.00
05:50:48 AM    7    0.00    0.00    0.00    0.00    0.00   17.00    0.00    0.00    0.00   83.00

05:50:48 AM  CPU    %usr   %nice    %sys %iowait    %irq   %soft  %steal  %guest  %gnice   %idle
05:50:49 AM  all    2.02    0.00    5.68    0.00    0.13    9.47    0.00    0.00    0.00   82.70
05:50:49 AM    0    7.53    0.00   22.58    0.00    0.00    0.00    0.00    0.00    0.00   69.89
05:50:49 AM    1    9.09    0.00   24.24    0.00    1.01    0.00    0.00    0.00    0.00   65.66
05:50:49 AM    2    0.00    0.00    0.00    0.00    0.00   19.00    0.00    0.00    0.00   81.00
05:50:49 AM    3    0.00    0.00    0.00    0.00    0.00   39.60    0.00    0.00    0.00   60.40
05:50:49 AM    4    0.00    0.00    0.00    0.00    0.00    0.00    0.00    0.00    0.00  100.00
05:50:49 AM    5    0.00    0.00    0.00    0.00    0.00    0.00    0.00    0.00    0.00  100.00
05:50:49 AM    6    0.00    0.00    0.00    0.00    0.00    0.00    0.00    0.00    0.00  100.00
05:50:49 AM    7    0.00    0.00    0.00    0.00    0.00   16.16    0.00    0.00    0.00   83.84

05:50:49 AM  CPU    %usr   %nice    %sys %iowait    %irq   %soft  %steal  %guest  %gnice   %idle
05:50:50 AM  all    2.01    0.00    5.78    0.00    0.13    9.55    0.00    0.00    0.00   82.54
05:50:50 AM    0    8.00    0.00   22.00    0.00    1.00    1.00    0.00    0.00    0.00   68.00
05:50:50 AM    1    8.16    0.00   23.47    0.00    0.00    0.00    0.00    0.00    0.00   68.37
05:50:50 AM    2    0.00    0.00    0.00    0.00    0.00   19.19    0.00    0.00    0.00   80.81
05:50:50 AM    3    0.00    0.00    1.01    0.00    0.00   39.39    0.00    0.00    0.00   59.60
05:50:50 AM    4    0.00    0.00    0.00    0.00    0.00    0.00    0.00    0.00    0.00  100.00
05:50:50 AM    5    0.00    0.00    0.00    0.00    0.00    0.00    0.00    0.00    0.00  100.00
05:50:50 AM    6    0.00    0.00    0.00    0.00    0.00    0.00    0.00    0.00    0.00  100.00
05:50:50 AM    7    0.00    0.00    0.00    0.00    0.00   17.00    0.00    0.00    0.00   83.00

05:50:50 AM  CPU    %usr   %nice    %sys %iowait    %irq   %soft  %steal  %guest  %gnice   %idle
05:50:51 AM  all    2.25    0.00    6.00    0.00    0.12    9.38    0.00    0.00    0.00   82.25
05:50:51 AM    0    9.18    0.00   23.47    0.00    0.00    0.00    0.00    0.00    0.00   67.35
05:50:51 AM    1    9.00    0.00   24.00    0.00    0.00    0.00    0.00    0.00    0.00   67.00
05:50:51 AM    2    0.00    0.00    0.00    0.00    0.99   18.81    0.00    0.00    0.00   80.20
05:50:51 AM    3    0.00    0.00    0.99    0.00    0.00   38.61    0.00    0.00    0.00   60.40
05:50:51 AM    4    0.00    0.00    0.00    0.00    0.00    0.00    0.00    0.00    0.00  100.00
05:50:51 AM    5    0.00    0.00    0.00    0.00    0.00    0.00    0.00    0.00    0.00  100.00
05:50:51 AM    6    0.00    0.00    0.00    0.00    0.00    0.00    0.00    0.00    0.00  100.00
05:50:51 AM    7    0.00    0.00    0.00    0.00    0.00   17.00    0.00    0.00    0.00   83.00

05:50:51 AM  CPU    %usr   %nice    %sys %iowait    %irq   %soft  %steal  %guest  %gnice   %idle
05:50:52 AM  all    2.00    0.00    5.87    0.00    0.37    9.49    0.00    0.00    0.00   82.27
05:50:52 AM    0    8.00    0.00   24.00    0.00    1.00    0.00    0.00    0.00    0.00   67.00
05:50:52 AM    1    8.00    0.00   23.00    0.00    1.00    0.00    0.00    0.00    0.00   68.00
05:50:52 AM    2    0.00    0.00    0.00    0.00    0.00   19.80    0.00    0.00    0.00   80.20
05:50:52 AM    3    0.00    0.00    0.00    0.00    0.00   39.39    0.00    0.00    0.00   60.61
05:50:52 AM    4    0.00    0.00    0.00    0.00    0.00    0.00    0.00    0.00    0.00  100.00
05:50:52 AM    5    0.00    0.00    0.00    0.00    0.00    0.00    0.00    0.00    0.00  100.00
05:50:52 AM    6    0.00    0.00    0.00    0.00    0.00    0.00    0.00    0.00    0.00  100.00
05:50:52 AM    7    0.00    0.00    0.00    0.00    0.99   16.83    0.00    0.00    0.00   82.18

05:50:52 AM  CPU    %usr   %nice    %sys %iowait    %irq   %soft  %steal  %guest  %gnice   %idle
05:50:53 AM  all    1.52    0.00    5.08    0.00    0.13    9.40    0.00    0.00    0.00   83.86
05:50:53 AM    0    6.52    0.00   18.48    0.00    0.00    0.00    0.00    0.00    0.00   75.00
05:50:53 AM    1    6.38    0.00   21.28    0.00    0.00    0.00    0.00    0.00    0.00   72.34
05:50:53 AM    2    0.00    0.00    0.00    0.00    0.00   19.19    0.00    0.00    0.00   80.81
05:50:53 AM    3    0.00    0.00    2.94    0.00    0.98   37.25    0.00    0.00    0.00   58.82
05:50:53 AM    4    0.00    0.00    0.00    0.00    0.00    0.00    0.00    0.00    0.00  100.00
05:50:53 AM    5    0.00    0.00    0.00    0.00    0.00    0.00    0.00    0.00    0.00  100.00
05:50:53 AM    6    0.00    0.00    0.00    0.00    0.00    0.00    0.00    0.00    0.00  100.00
05:50:53 AM    7    0.00    0.00    0.00    0.00    0.00   17.00    0.00    0.00    0.00   83.00

05:50:53 AM  CPU    %usr   %nice    %sys %iowait    %irq   %soft  %steal  %guest  %gnice   %idle
05:50:54 AM  all    1.75    0.00    6.01    0.00    0.25    9.26    0.00    0.00    0.00   82.73
05:50:54 AM    0    7.00    0.00   24.00    0.00    1.00    0.00    0.00    0.00    0.00   68.00
05:50:54 AM    1    7.00    0.00   23.00    0.00    1.00    0.00    0.00    0.00    0.00   69.00
05:50:54 AM    2    0.00    0.00    0.00    0.00    0.00   19.00    0.00    0.00    0.00   81.00
05:50:54 AM    3    0.00    0.00    1.00    0.00    0.00   39.00    0.00    0.00    0.00   60.00
05:50:54 AM    4    0.00    0.00    0.00    0.00    0.00    0.00    0.00    0.00    0.00  100.00
05:50:54 AM    5    0.00    0.00    0.00    0.00    0.00    0.00    0.00    0.00    0.00  100.00
05:50:54 AM    6    0.00    0.00    0.00    0.00    0.00    0.00    0.00    0.00    0.00  100.00
05:50:54 AM    7    0.00    0.00    0.00    0.00    0.00   16.16    0.00    0.00    0.00   83.84

05:50:54 AM  CPU    %usr   %nice    %sys %iowait    %irq   %soft  %steal  %guest  %gnice   %idle
05:50:55 AM  all    1.89    0.00    6.18    0.00    0.00    9.58    0.00    0.00    0.00   82.35
05:50:55 AM    0    7.37    0.00   23.16    0.00    0.00    0.00    0.00    0.00    0.00   69.47
05:50:55 AM    1    8.25    0.00   23.71    0.00    0.00    0.00    0.00    0.00    0.00   68.04
05:50:55 AM    2    0.00    0.00    0.00    0.00    0.00   20.00    0.00    0.00    0.00   80.00
05:50:55 AM    3    0.00    0.00    4.00    0.00    0.00   38.00    0.00    0.00    0.00   58.00
05:50:55 AM    4    0.00    0.00    0.00    0.00    0.00    0.00    0.00    0.00    0.00  100.00
05:50:55 AM    5    0.00    0.00    0.00    0.00    0.00    0.00    0.00    0.00    0.00  100.00
05:50:55 AM    6    0.00    0.00    0.00    0.00    0.00    0.00    0.00    0.00    0.00  100.00
05:50:55 AM    7    0.00    0.00    0.00    0.00    0.00   17.82    0.00    0.00    0.00   82.18

05:50:55 AM  CPU    %usr   %nice    %sys %iowait    %irq   %soft  %steal  %guest  %gnice   %idle
05:50:56 AM  all    2.02    0.00    6.31    0.00    0.25    9.09    0.00    0.00    0.00   82.32
05:50:56 AM    0    8.16    0.00   23.47    0.00    1.02    0.00    0.00    0.00    0.00   67.35
05:50:56 AM    1    8.25    0.00   21.65    0.00    1.03    1.03    0.00    0.00    0.00   68.04
05:50:56 AM    2    0.00    0.00    0.00    0.00    0.00   20.00    0.00    0.00    0.00   80.00
05:50:56 AM    3    0.00    0.00    6.12    0.00    0.00   35.71    0.00    0.00    0.00   58.16
05:50:56 AM    4    0.00    0.00    0.00    0.00    0.00    0.00    0.00    0.00    0.00  100.00
05:50:56 AM    5    0.00    0.00    0.00    0.00    0.00    0.00    0.00    0.00    0.00  100.00
05:50:56 AM    6    0.00    0.00    0.00    0.00    0.00    0.00    0.00    0.00    0.00  100.00
05:50:56 AM    7    0.00    0.00    0.00    0.00    0.00   16.16    0.00    0.00    0.00   83.84

05:50:56 AM  CPU    %usr   %nice    %sys %iowait    %irq   %soft  %steal  %guest  %gnice   %idle
05:50:57 AM  all    2.26    0.00    6.02    0.00    0.25    9.28    0.00    0.00    0.00   82.18
05:50:57 AM    0    9.18    0.00   21.43    0.00    1.02    0.00    0.00    0.00    0.00   68.37
05:50:57 AM    1    9.18    0.00   22.45    0.00    1.02    0.00    0.00    0.00    0.00   67.35
05:50:57 AM    2    0.00    0.00    0.00    0.00    0.00   19.19    0.00    0.00    0.00   80.81
05:50:57 AM    3    0.00    0.00    3.96    0.00    0.00   37.62    0.00    0.00    0.00   58.42
05:50:57 AM    4    0.00    0.00    0.00    0.00    0.00    0.00    0.00    0.00    0.00  100.00
05:50:57 AM    5    0.00    0.00    0.00    0.00    0.00    0.00    0.00    0.00    0.00  100.00
05:50:57 AM    6    0.00    0.00    0.00    0.00    0.00    0.00    0.00    0.00    0.00  100.00
05:50:57 AM    7    0.00    0.00    0.99    0.00    0.00   16.83    0.00    0.00    0.00   82.18

05:50:57 AM  CPU    %usr   %nice    %sys %iowait    %irq   %soft  %steal  %guest  %gnice   %idle
05:50:58 AM  all    2.24    0.00    5.99    0.00    0.25    9.35    0.00    0.00    0.00   82.17
05:50:58 AM    0    9.28    0.00   20.62    0.00    0.00    0.00    0.00    0.00    0.00   70.10
05:50:58 AM    1    8.82    0.00   23.53    0.00    0.00    0.00    0.00    0.00    0.00   67.65
05:50:58 AM    2    0.00    0.00    0.00    0.00    0.98   19.61    0.00    0.00    0.00   79.41
05:50:58 AM    3    0.00    0.00    4.00    0.00    0.00   38.00    0.00    0.00    0.00   58.00
05:50:58 AM    4    0.00    0.00    0.00    0.00    0.00    0.00    0.00    0.00    0.00  100.00
05:50:58 AM    5    0.00    0.00    0.00    0.00    0.00    0.00    0.00    0.00    0.00  100.00
05:50:58 AM    6    0.00    0.00    0.00    0.00    0.00    0.00    0.00    0.00    0.00  100.00
05:50:58 AM    7    0.00    0.00    0.00    0.00    0.99   16.83    0.00    0.00    0.00   82.18

05:50:58 AM  CPU    %usr   %nice    %sys %iowait    %irq   %soft  %steal  %guest  %gnice   %idle
05:50:59 AM  all    2.00    0.00    5.49    0.00    0.25    8.99    0.00    0.00    0.00   83.27
05:50:59 AM    0    7.00    0.00   20.00    0.00    1.00    0.00    0.00    0.00    0.00   72.00
05:50:59 AM    1    8.74    0.00   22.33    0.00    0.00    0.00    0.00    0.00    0.00   68.93
05:50:59 AM    2    0.00    0.00    0.00    0.00    0.00   19.19    0.00    0.00    0.00   80.81
05:50:59 AM    3    0.00    0.00    1.00    0.00    1.00   37.00    0.00    0.00    0.00   61.00
05:50:59 AM    4    0.00    0.00    0.00    0.00    0.00    0.00    0.00    0.00    0.00  100.00
05:50:59 AM    5    0.00    0.00    0.00    0.00    0.00    0.00    0.00    0.00    0.00  100.00
05:50:59 AM    6    0.00    0.00    0.00    0.00    0.00    0.00    0.00    0.00    0.00  100.00
05:50:59 AM    7    0.00    0.00    0.00    0.00    0.00   16.16    0.00    0.00    0.00   83.84

05:50:59 AM  CPU    %usr   %nice    %sys %iowait    %irq   %soft  %steal  %guest  %gnice   %idle
05:51:00 AM  all    1.87    0.00    6.23    0.00    0.12    9.35    0.00    0.00    0.00   82.42
05:51:00 AM    0    7.07    0.00   23.23    0.00    0.00    0.00    0.00    0.00    0.00   69.70
05:51:00 AM    1    7.77    0.00   24.27    0.00    0.97    0.00    0.00    0.00    0.00   66.99
05:51:00 AM    2    0.00    0.00    0.00    0.00    0.00   20.00    0.00    0.00    0.00   80.00
05:51:00 AM    3    0.00    0.00    2.00    0.00    0.00   38.00    0.00    0.00    0.00   60.00
05:51:00 AM    4    0.00    0.00    0.00    0.00    0.00    0.00    0.00    0.00    0.00  100.00
05:51:00 AM    5    0.00    0.00    0.00    0.00    0.00    0.00    0.00    0.00    0.00  100.00
05:51:00 AM    6    0.00    0.00    0.00    0.00    0.00    0.00    0.00    0.00    0.00  100.00
05:51:00 AM    7    0.00    0.00    0.00    0.00    0.00   17.00    0.00    0.00    0.00   83.00

05:51:00 AM  CPU    %usr   %nice    %sys %iowait    %irq   %soft  %steal  %guest  %gnice   %idle
05:51:01 AM  all    1.89    0.00    5.91    0.13    0.25    9.31    0.00    0.00    0.00   82.52
05:51:01 AM    0    7.22    0.00   22.68    1.03    1.03    0.00    0.00    0.00    0.00   68.04
05:51:01 AM    1    8.25    0.00   21.65    0.00    1.03    0.00    0.00    0.00    0.00   69.07
05:51:01 AM    2    0.00    0.00    0.00    0.00    0.00   19.00    0.00    0.00    0.00   81.00
05:51:01 AM    3    0.00    0.00    3.96    0.00    0.00   37.62    0.00    0.00    0.00   58.42
05:51:01 AM    4    0.00    0.00    0.00    0.00    0.00    0.00    0.00    0.00    0.00  100.00
05:51:01 AM    5    0.00    0.00    0.00    0.00    0.00    0.00    0.00    0.00    0.00  100.00
05:51:01 AM    6    0.00    0.00    0.00    0.00    0.00    0.00    0.00    0.00    0.00  100.00
05:51:01 AM    7    0.00    0.00    0.00    0.00    0.00   17.00    0.00    0.00    0.00   83.00

05:51:01 AM  CPU    %usr   %nice    %sys %iowait    %irq   %soft  %steal  %guest  %gnice   %idle
05:51:02 AM  all    2.10    0.00    6.19    0.00    0.00    9.16    0.00    0.00    0.00   82.55
05:51:02 AM    0    7.62    0.00   23.81    0.00    0.00    0.00    0.00    0.00    0.00   68.57
05:51:02 AM    1    8.57    0.00   22.86    0.00    0.00    0.00    0.00    0.00    0.00   68.57
05:51:02 AM    2    0.00    0.00    0.00    0.00    0.00   20.00    0.00    0.00    0.00   80.00
05:51:02 AM    3    0.00    0.00    1.02    0.00    0.00   37.76    0.00    0.00    0.00   61.22
05:51:02 AM    4    0.00    0.00    0.00    0.00    0.00    0.00    0.00    0.00    0.00  100.00
05:51:02 AM    5    0.00    0.00    0.00    0.00    0.00    0.00    0.00    0.00    0.00  100.00
05:51:02 AM    6    0.00    0.00    0.00    0.00    0.00    0.00    0.00    0.00    0.00  100.00
05:51:02 AM    7    0.00    0.00    0.00    0.00    0.00   17.00    0.00    0.00    0.00   83.00

05:51:02 AM  CPU    %usr   %nice    %sys %iowait    %irq   %soft  %steal  %guest  %gnice   %idle
05:51:03 AM  all    2.11    0.00    6.47    0.12    0.12    9.08    0.00    0.00    0.00   82.09
05:51:03 AM    0    7.77    0.00   27.18    0.00    0.97    0.00    0.00    0.00    0.00   64.08
05:51:03 AM    1    9.00    0.00   22.00    1.00    0.00    0.00    0.00    0.00    0.00   68.00
05:51:03 AM    2    0.00    0.00    0.00    0.00    0.00   18.18    0.00    0.00    0.00   81.82
05:51:03 AM    3    0.00    0.00    1.96    0.00    0.00   38.24    0.00    0.00    0.00   59.80
05:51:03 AM    4    0.00    0.00    0.00    0.00    0.00    0.00    0.00    0.00    0.00  100.00
05:51:03 AM    5    0.00    0.00    0.00    0.00    0.00    0.00    0.00    0.00    0.00  100.00
05:51:03 AM    6    0.00    0.00    0.00    0.00    0.00    0.00    0.00    0.00    0.00  100.00
05:51:03 AM    7    0.00    0.00    0.00    0.00    0.00   16.00    0.00    0.00    0.00   84.00

05:51:03 AM  CPU    %usr   %nice    %sys %iowait    %irq   %soft  %steal  %guest  %gnice   %idle
05:51:04 AM  all    2.36    0.00    6.08    0.00    0.12    9.06    0.00    0.00    0.00   82.38
05:51:04 AM    0    9.90    0.00   20.79    0.00    0.00    0.00    0.00    0.00    0.00   69.31
05:51:04 AM    1    8.41    0.00   26.17    0.00    0.93    0.00    0.00    0.00    0.00   64.49
05:51:04 AM    2    0.00    0.00    0.00    0.00    0.00   19.00    0.00    0.00    0.00   81.00
05:51:04 AM    3    0.00    0.00    0.00    0.00    0.00   37.76    0.00    0.00    0.00   62.24
05:51:04 AM    4    0.00    0.00    0.00    0.00    0.00    0.00    0.00    0.00    0.00  100.00
05:51:04 AM    5    0.00    0.00    0.00    0.00    0.00    0.00    0.00    0.00    0.00  100.00
05:51:04 AM    6    0.00    0.00    0.00    0.00    0.00    0.00    0.00    0.00    0.00  100.00
05:51:04 AM    7    0.00    0.00    0.00    0.00    0.00   17.00    0.00    0.00    0.00   83.00

05:51:04 AM  CPU    %usr   %nice    %sys %iowait    %irq   %soft  %steal  %guest  %gnice   %idle
05:51:05 AM  all    2.22    0.00    6.66    0.00    0.49    9.12    0.00    0.00    0.00   81.50
05:51:05 AM    0    8.57    0.00   25.71    0.00    0.95    0.00    0.00    0.00    0.00   64.76
05:51:05 AM    1    8.74    0.00   25.24    0.00    0.00    0.00    0.00    0.00    0.00   66.02
05:51:05 AM    2    0.00    0.00    0.00    0.00    0.99   18.81    0.00    0.00    0.00   80.20
05:51:05 AM    3    0.00    0.00    0.98    0.00    0.98   38.24    0.00    0.00    0.00   59.80
05:51:05 AM    4    0.00    0.00    0.00    0.00    0.00    0.00    0.00    0.00    0.00  100.00
05:51:05 AM    5    0.00    0.00    0.00    0.00    0.00    0.00    0.00    0.00    0.00  100.00
05:51:05 AM    6    0.00    0.00    0.00    0.00    0.00    0.00    0.00    0.00    0.00  100.00
05:51:05 AM    7    0.00    0.00    0.00    0.00    1.00   16.00    0.00    0.00    0.00   83.00

05:51:05 AM  CPU    %usr   %nice    %sys %iowait    %irq   %soft  %steal  %guest  %gnice   %idle
05:51:06 AM  all    2.49    0.00    6.09    0.00    0.00    9.08    0.00    0.00    0.00   82.34
05:51:06 AM    0    8.91    0.00   22.77    0.00    0.00    0.00    0.00    0.00    0.00   68.32
05:51:06 AM    1   10.58    0.00   24.04    0.00    0.00    0.00    0.00    0.00    0.00   65.38
05:51:06 AM    2    0.00    0.00    1.00    0.00    0.00   18.00    0.00    0.00    0.00   81.00
05:51:06 AM    3    0.00    0.00    0.00    0.00    0.00   38.38    0.00    0.00    0.00   61.62
05:51:06 AM    4    0.00    0.00    0.00    0.00    0.00    0.00    0.00    0.00    0.00  100.00
05:51:06 AM    5    0.00    0.00    0.00    0.00    0.00    0.00    0.00    0.00    0.00  100.00
05:51:06 AM    6    0.00    0.00    0.00    0.00    0.00    0.00    0.00    0.00    0.00  100.00
05:51:06 AM    7    0.00    0.00    0.00    0.00    0.00   17.00    0.00    0.00    0.00   83.00

05:51:06 AM  CPU    %usr   %nice    %sys %iowait    %irq   %soft  %steal  %guest  %gnice   %idle
05:51:07 AM  all    1.99    0.00    5.35    0.00    0.12    9.08    0.00    0.00    0.00   83.46
05:51:07 AM    0    8.00    0.00   20.00    0.00    0.00    0.00    0.00    0.00    0.00   72.00
05:51:07 AM    1    7.77    0.00   21.36    0.00    0.97    0.00    0.00    0.00    0.00   69.90
05:51:07 AM    2    0.00    0.00    0.00    0.00    0.00   19.00    0.00    0.00    0.00   81.00
05:51:07 AM    3    0.00    0.00    0.99    0.00    0.00   37.62    0.00    0.00    0.00   61.39
05:51:07 AM    4    0.00    0.00    0.00    0.00    0.00    0.00    0.00    0.00    0.00  100.00
05:51:07 AM    5    0.00    0.00    0.00    0.00    0.00    0.00    0.00    0.00    0.00  100.00
05:51:07 AM    6    0.00    0.00    0.00    0.00    0.00    0.00    0.00    0.00    0.00  100.00
05:51:07 AM    7    0.00    0.00    0.00    0.00    0.00   16.00    0.00    0.00    0.00   84.00

05:51:07 AM  CPU    %usr   %nice    %sys %iowait    %irq   %soft  %steal  %guest  %gnice   %idle
05:51:08 AM  all    1.64    0.00    5.42    0.00    0.13    9.71    0.00    0.00    0.00   83.10
05:51:08 AM    0    5.15    0.00   22.68    0.00    1.03    0.00    0.00    0.00    0.00   71.13
05:51:08 AM    1    8.25    0.00   20.62    0.00    0.00    0.00    0.00    0.00    0.00   71.13
05:51:08 AM    2    0.00    0.00    0.00    0.00    0.00   20.00    0.00    0.00    0.00   80.00
05:51:08 AM    3    0.00    0.00    1.00    0.00    0.00   40.00    0.00    0.00    0.00   59.00
05:51:08 AM    4    0.00    0.00    0.00    0.00    0.00    0.00    0.00    0.00    0.00  100.00
05:51:08 AM    5    0.00    0.00    0.00    0.00    0.00    0.00    0.00    0.00    0.00  100.00
05:51:08 AM    6    0.00    0.00    0.00    0.00    0.00    0.00    0.00    0.00    0.00  100.00
05:51:08 AM    7    0.00    0.00    0.00    0.00    0.00   17.17    0.00    0.00    0.00   82.83

05:51:08 AM  CPU    %usr   %nice    %sys %iowait    %irq   %soft  %steal  %guest  %gnice   %idle
05:51:09 AM  all    1.40    0.00    4.20    0.00    0.13    9.55    0.00    0.00    0.00   84.71
05:51:09 AM    0    6.52    0.00   16.30    0.00    0.00    0.00    0.00    0.00    0.00   77.17
05:51:09 AM    1    5.38    0.00   18.28    0.00    0.00    0.00    0.00    0.00    0.00   76.34
05:51:09 AM    2    0.00    0.00    0.00    0.00    0.00   20.00    0.00    0.00    0.00   80.00
05:51:09 AM    3    0.00    0.00    1.00    0.00    1.00   38.00    0.00    0.00    0.00   60.00
05:51:09 AM    4    0.00    0.00    0.00    0.00    0.00    0.00    0.00    0.00    0.00  100.00
05:51:09 AM    5    0.00    0.00    0.00    0.00    0.00    0.00    0.00    0.00    0.00  100.00
05:51:09 AM    6    0.00    0.00    0.00    0.00    0.00    0.00    0.00    0.00    0.00  100.00
05:51:09 AM    7    0.00    0.00    0.00    0.00    0.00   17.00    0.00    0.00    0.00   83.00

05:51:09 AM  CPU    %usr   %nice    %sys %iowait    %irq   %soft  %steal  %guest  %gnice   %idle
05:51:10 AM  all    1.40    0.00    4.33    0.00    0.25    9.68    0.00    0.00    0.00   84.33
05:51:10 AM    0    6.38    0.00   17.02    0.00    1.06    1.06    0.00    0.00    0.00   74.47
05:51:10 AM    1    5.49    0.00   16.48    0.00    1.10    0.00    0.00    0.00    0.00   76.92
05:51:10 AM    2    0.00    0.00    0.00    0.00    0.00   20.00    0.00    0.00    0.00   80.00
05:51:10 AM    3    0.00    0.00    3.00    0.00    0.00   38.00    0.00    0.00    0.00   59.00
05:51:10 AM    4    0.00    0.00    0.00    0.00    0.00    0.00    0.00    0.00    0.00  100.00
05:51:10 AM    5    0.00    0.00    0.00    0.00    0.00    0.00    0.00    0.00    0.00  100.00
05:51:10 AM    6    0.00    0.00    0.00    0.00    0.00    0.00    0.00    0.00    0.00  100.00
05:51:10 AM    7    0.00    0.00    0.00    0.00    0.00   17.00    0.00    0.00    0.00   83.00

05:51:10 AM  CPU    %usr   %nice    %sys %iowait    %irq   %soft  %steal  %guest  %gnice   %idle
05:51:11 AM  all    1.42    0.00    4.91    0.00    0.00    9.43    0.00    0.00    0.00   84.24
05:51:11 AM    0    5.75    0.00   20.69    0.00    0.00    0.00    0.00    0.00    0.00   73.56
05:51:11 AM    1    6.90    0.00   18.39    0.00    0.00    0.00    0.00    0.00    0.00   74.71
05:51:11 AM    2    0.00    0.00    0.00    0.00    0.00   19.00    0.00    0.00    0.00   81.00
05:51:11 AM    3    0.00    0.00    4.00    0.00    0.00   37.00    0.00    0.00    0.00   59.00
05:51:11 AM    4    0.00    0.00    0.00    0.00    0.00    0.00    0.00    0.00    0.00  100.00
05:51:11 AM    5    0.00    0.00    0.00    0.00    0.00    0.00    0.00    0.00    0.00  100.00
05:51:11 AM    6    0.00    0.00    0.00    0.00    0.00    0.00    0.00    0.00    0.00  100.00
05:51:11 AM    7    0.00    0.00    0.00    0.00    0.00   17.00    0.00    0.00    0.00   83.00

05:51:11 AM  CPU    %usr   %nice    %sys %iowait    %irq   %soft  %steal  %guest  %gnice   %idle
05:51:12 AM  all    1.16    0.00    4.77    0.00    0.52    9.41    0.00    0.00    0.00   84.15
05:51:12 AM    0    5.68    0.00   17.05    0.00    1.14    0.00    0.00    0.00    0.00   76.14
05:51:12 AM    1    4.55    0.00   19.32    0.00    1.14    0.00    0.00    0.00    0.00   75.00
05:51:12 AM    2    0.00    0.00    0.00    0.00    1.00   19.00    0.00    0.00    0.00   80.00
05:51:12 AM    3    0.00    0.00    5.05    0.00    0.00   37.37    0.00    0.00    0.00   57.58
05:51:12 AM    4    0.00    0.00    0.00    0.00    0.00    0.00    0.00    0.00    0.00  100.00
05:51:12 AM    5    0.00    0.00    0.00    0.00    0.00    0.00    0.00    0.00    0.00  100.00
05:51:12 AM    6    0.00    0.00    0.00    0.00    0.00    0.00    0.00    0.00    0.00  100.00
05:51:12 AM    7    0.00    0.00    0.00    0.00    0.99   16.83    0.00    0.00    0.00   82.18

05:51:12 AM  CPU    %usr   %nice    %sys %iowait    %irq   %soft  %steal  %guest  %gnice   %idle
05:51:13 AM  all    1.04    0.00    3.89    0.00    0.13    9.59    0.00    0.00    0.00   85.36
05:51:13 AM    0    4.71    0.00   14.12    0.00    1.18    0.00    0.00    0.00    0.00   80.00
05:51:13 AM    1    4.65    0.00   15.12    0.00    0.00    0.00    0.00    0.00    0.00   80.23
05:51:13 AM    2    0.00    0.00    0.00    0.00    0.00   19.80    0.00    0.00    0.00   80.20
05:51:13 AM    3    0.00    0.00    4.95    0.00    0.00   36.63    0.00    0.00    0.00   58.42
05:51:13 AM    4    0.00    0.00    0.00    0.00    0.00    0.00    0.00    0.00    0.00  100.00
05:51:13 AM    5    0.00    0.00    0.00    0.00    0.00    0.00    0.00    0.00    0.00  100.00
05:51:13 AM    6    0.00    0.00    0.00    0.00    0.00    0.00    0.00    0.00    0.00  100.00
05:51:13 AM    7    0.00    0.00    0.00    0.00    0.00   17.17    0.00    0.00    0.00   82.83

05:51:13 AM  CPU    %usr   %nice    %sys %iowait    %irq   %soft  %steal  %guest  %gnice   %idle
05:51:14 AM  all    1.30    0.00    4.03    0.00    0.13    9.74    0.00    0.00    0.00   84.81
05:51:14 AM    0    5.95    0.00   15.48    0.00    0.00    0.00    0.00    0.00    0.00   78.57
05:51:14 AM    1    5.75    0.00   16.09    0.00    1.15    0.00    0.00    0.00    0.00   77.01
05:51:14 AM    2    0.00    0.00    0.00    0.00    0.00   20.20    0.00    0.00    0.00   79.80
05:51:14 AM    3    0.00    0.00    4.00    0.00    0.00   38.00    0.00    0.00    0.00   58.00
05:51:14 AM    4    0.00    0.00    0.00    0.00    0.00    0.00    0.00    0.00    0.00  100.00
05:51:14 AM    5    0.00    0.00    0.00    0.00    0.00    0.00    0.00    0.00    0.00  100.00
05:51:14 AM    6    0.00    0.00    0.00    0.00    0.00    0.00    0.00    0.00    0.00  100.00
05:51:14 AM    7    0.00    0.00    0.00    0.00    0.00   17.00    0.00    0.00    0.00   83.00

05:51:14 AM  CPU    %usr   %nice    %sys %iowait    %irq   %soft  %steal  %guest  %gnice   %idle
05:51:15 AM  all    1.16    0.00    3.60    0.00    0.26    9.65    0.00    0.00    0.00   85.33
05:51:15 AM    0    4.60    0.00   14.94    0.00    1.15    0.00    0.00    0.00    0.00   79.31
05:51:15 AM    1    5.56    0.00   16.67    0.00    0.00    1.11    0.00    0.00    0.00   76.67
05:51:15 AM    2    0.00    0.00    0.00    0.00    0.00   19.00    0.00    0.00    0.00   81.00
05:51:15 AM    3    0.00    0.00    0.00    0.00    1.00   38.00    0.00    0.00    0.00   61.00
05:51:15 AM    4    0.00    0.00    0.00    0.00    0.00    0.00    0.00    0.00    0.00  100.00
05:51:15 AM    5    0.00    0.00    0.00    0.00    0.00    0.00    0.00    0.00    0.00  100.00
05:51:15 AM    6    0.00    0.00    0.00    0.00    0.00    0.00    0.00    0.00    0.00  100.00
05:51:15 AM    7    0.00    0.00    0.00    0.00    0.00   17.00    0.00    0.00    0.00   83.00

05:51:15 AM  CPU    %usr   %nice    %sys %iowait    %irq   %soft  %steal  %guest  %gnice   %idle
05:51:16 AM  all    1.04    0.00    3.26    0.13    0.13    9.52    0.00    0.00    0.00   85.92
05:51:16 AM    0    4.76    0.00   14.29    1.19    0.00    0.00    0.00    0.00    0.00   79.76
05:51:16 AM    1    4.76    0.00   15.48    0.00    1.19    0.00    0.00    0.00    0.00   78.57
05:51:16 AM    2    0.00    0.00    0.00    0.00    0.00   18.18    0.00    0.00    0.00   81.82
05:51:16 AM    3    0.00    0.00    0.00    0.00    0.00   39.00    0.00    0.00    0.00   61.00
05:51:16 AM    4    0.00    0.00    0.00    0.00    0.00    0.00    0.00    0.00    0.00  100.00
05:51:16 AM    5    0.00    0.00    0.00    0.00    0.00    0.00    0.00    0.00    0.00  100.00
05:51:16 AM    6    0.00    0.00    0.00    0.00    0.00    0.00    0.00    0.00    0.00  100.00
05:51:16 AM    7    0.00    0.00    0.00    0.00    0.00   16.00    0.00    0.00    0.00   84.00

05:51:16 AM  CPU    %usr   %nice    %sys %iowait    %irq   %soft  %steal  %guest  %gnice   %idle
05:51:17 AM  all    1.17    0.00    3.89    0.00    0.13    9.59    0.00    0.00    0.00   85.23
05:51:17 AM    0    5.75    0.00   14.94    0.00    1.15    0.00    0.00    0.00    0.00   78.16
05:51:17 AM    1    4.65    0.00   17.44    0.00    0.00    0.00    0.00    0.00    0.00   77.91
05:51:17 AM    2    0.00    0.00    0.00    0.00    0.00   19.00    0.00    0.00    0.00   81.00
05:51:17 AM    3    0.00    0.00    2.02    0.00    0.00   38.38    0.00    0.00    0.00   59.60
05:51:17 AM    4    0.00    0.00    0.00    0.00    0.00    0.00    0.00    0.00    0.00  100.00
05:51:17 AM    5    0.00    0.00    0.00    0.00    0.00    0.00    0.00    0.00    0.00  100.00
05:51:17 AM    6    0.00    0.00    0.00    0.00    0.00    0.00    0.00    0.00    0.00  100.00
05:51:17 AM    7    0.00    0.00    0.00    0.00    0.00   17.00    0.00    0.00    0.00   83.00

05:51:17 AM  CPU    %usr   %nice    %sys %iowait    %irq   %soft  %steal  %guest  %gnice   %idle
05:51:18 AM  all    0.90    0.00    3.88    0.13    0.26    9.56    0.00    0.00    0.00   85.27
05:51:18 AM    0    3.57    0.00   14.29    0.00    0.00    0.00    0.00    0.00    0.00   82.14
05:51:18 AM    1    4.55    0.00   15.91    1.14    1.14    0.00    0.00    0.00    0.00   77.27
05:51:18 AM    2    0.00    0.00    0.00    0.00    0.00   19.80    0.00    0.00    0.00   80.20
05:51:18 AM    3    0.00    0.00    4.00    0.00    0.00   37.00    0.00    0.00    0.00   59.00
05:51:18 AM    4    0.00    0.00    0.00    0.00    0.00    0.00    0.00    0.00    0.00  100.00
05:51:18 AM    5    0.00    0.00    0.00    0.00    0.00    0.00    0.00    0.00    0.00  100.00
05:51:18 AM    6    0.00    0.00    0.00    0.00    0.00    0.00    0.00    0.00    0.00  100.00
05:51:18 AM    7    0.00    0.00    0.00    0.00    0.99   16.83    0.00    0.00    0.00   82.18

05:51:18 AM  CPU    %usr   %nice    %sys %iowait    %irq   %soft  %steal  %guest  %gnice   %idle
05:51:19 AM  all    1.29    0.00    4.11    0.00    0.26    9.51    0.00    0.00    0.00   84.83
05:51:19 AM    0    4.55    0.00   17.05    0.00    1.14    0.00    0.00    0.00    0.00   77.27
05:51:19 AM    1    6.67    0.00   15.56    0.00    0.00    0.00    0.00    0.00    0.00   77.78
05:51:19 AM    2    0.00    0.00    0.00    0.00    1.00   19.00    0.00    0.00    0.00   80.00
05:51:19 AM    3    0.00    0.00    3.00    0.00    0.00   38.00    0.00    0.00    0.00   59.00
05:51:19 AM    4    0.00    0.00    0.00    0.00    0.00    0.00    0.00    0.00    0.00  100.00
05:51:19 AM    5    0.00    0.00    0.00    0.00    0.00    0.00    0.00    0.00    0.00  100.00
05:51:19 AM    6    0.00    0.00    0.00    0.00    0.00    0.00    0.00    0.00    0.00  100.00
05:51:19 AM    7    0.00    0.00    0.00    0.00    0.00   17.00    0.00    0.00    0.00   83.00

05:51:19 AM  CPU    %usr   %nice    %sys %iowait    %irq   %soft  %steal  %guest  %gnice   %idle
05:51:20 AM  all    1.66    0.00    3.70    0.00    0.13    9.44    0.00    0.00    0.00   85.08
05:51:20 AM    0    6.52    0.00   15.22    0.00    0.00    0.00    0.00    0.00    0.00   78.26
05:51:20 AM    1    7.61    0.00   15.22    0.00    0.00    0.00    0.00    0.00    0.00   77.17
05:51:20 AM    2    0.00    0.00    0.00    0.00    0.00   20.00    0.00    0.00    0.00   80.00
05:51:20 AM    3    0.00    0.00    0.99    0.00    0.99   37.62    0.00    0.00    0.00   60.40
05:51:20 AM    4    0.00    0.00    0.00    0.00    0.00    0.00    0.00    0.00    0.00  100.00
05:51:20 AM    5    0.00    0.00    0.00    0.00    0.00    0.00    0.00    0.00    0.00  100.00
05:51:20 AM    6    0.00    0.00    0.00    0.00    0.00    0.00    0.00    0.00    0.00  100.00
05:51:20 AM    7    0.00    0.00    0.00    0.00    0.00   16.16    0.00    0.00    0.00   83.84

05:51:20 AM  CPU    %usr   %nice    %sys %iowait    %irq   %soft  %steal  %guest  %gnice   %idle
05:51:21 AM  all    1.42    0.00    4.01    0.00    0.26    9.56    0.00    0.00    0.00   84.75
05:51:21 AM    0    6.98    0.00   13.95    0.00    1.16    0.00    0.00    0.00    0.00   77.91
05:51:21 AM    1    5.68    0.00   15.91    0.00    1.14    0.00    0.00    0.00    0.00   77.27
05:51:21 AM    2    0.00    0.00    0.00    0.00    0.00   20.00    0.00    0.00    0.00   80.00
05:51:21 AM    3    0.00    0.00    5.00    0.00    0.00   37.00    0.00    0.00    0.00   58.00
05:51:21 AM    4    0.00    0.00    0.00    0.00    0.00    0.00    0.00    0.00    0.00  100.00
05:51:21 AM    5    0.00    0.00    0.00    0.00    0.00    0.00    0.00    0.00    0.00  100.00
05:51:21 AM    6    0.00    0.00    0.00    0.00    0.00    0.00    0.00    0.00    0.00  100.00
05:51:21 AM    7    0.00    0.00    0.00    0.00    0.00   17.00    0.00    0.00    0.00   83.00

05:51:21 AM  CPU    %usr   %nice    %sys %iowait    %irq   %soft  %steal  %guest  %gnice   %idle
05:51:22 AM  all    1.30    0.00    4.69    0.00    0.13    9.24    0.00    0.00    0.00   84.64
05:51:22 AM    0    6.02    0.00   15.66    0.00    0.00    0.00    0.00    0.00    0.00   78.31
05:51:22 AM    1    5.68    0.00   18.18    0.00    1.14    0.00    0.00    0.00    0.00   75.00
05:51:22 AM    2    0.00    0.00    0.00    0.00    0.00   19.19    0.00    0.00    0.00   80.81
05:51:22 AM    3    0.00    0.00    7.07    0.00    0.00   35.35    0.00    0.00    0.00   57.58
05:51:22 AM    4    0.00    0.00    0.00    0.00    0.00    0.00    0.00    0.00    0.00  100.00
05:51:22 AM    5    0.00    0.00    0.00    0.00    0.00    0.00    0.00    0.00    0.00  100.00
05:51:22 AM    6    0.00    0.00    0.00    0.00    0.00    0.00    0.00    0.00    0.00  100.00
05:51:22 AM    7    0.00    0.00    0.00    0.00    0.00   17.17    0.00    0.00    0.00   82.83

05:51:22 AM  CPU    %usr   %nice    %sys %iowait    %irq   %soft  %steal  %guest  %gnice   %idle
05:51:23 AM  all    1.52    0.00    5.58    0.00    0.13    9.26    0.00    0.00    0.00   83.50
05:51:23 AM    0    6.45    0.00   20.43    0.00    1.08    0.00    0.00    0.00    0.00   72.04
05:51:23 AM    1    6.45    0.00   21.51    0.00    0.00    0.00    0.00    0.00    0.00   72.04
05:51:23 AM    2    0.00    0.00    0.00    0.00    0.00   19.00    0.00    0.00    0.00   81.00
05:51:23 AM    3    0.00    0.00    4.95    0.00    0.00   36.63    0.00    0.00    0.00   58.42
05:51:23 AM    4    0.00    0.00    0.00    0.00    0.00    0.00    0.00    0.00    0.00  100.00
05:51:23 AM    5    0.00    0.00    0.00    0.00    0.00    0.00    0.00    0.00    0.00  100.00
05:51:23 AM    6    0.00    0.00    0.00    0.00    0.00    0.00    0.00    0.00    0.00  100.00
05:51:23 AM    7    0.00    0.00    0.00    0.00    0.00   16.83    0.00    0.00    0.00   83.17

05:51:23 AM  CPU    %usr   %nice    %sys %iowait    %irq   %soft  %steal  %guest  %gnice   %idle
05:51:24 AM  all    1.41    0.00    3.85    0.00    0.26    9.50    0.00    0.00    0.00   84.98
05:51:24 AM    0    6.74    0.00   13.48    0.00    1.12    0.00    0.00    0.00    0.00   78.65
05:51:24 AM    1    5.43    0.00   18.48    0.00    1.09    0.00    0.00    0.00    0.00   75.00
05:51:24 AM    2    0.00    0.00    0.00    0.00    0.00   19.00    0.00    0.00    0.00   81.00
05:51:24 AM    3    0.00    0.00    1.00    0.00    0.00   39.00    0.00    0.00    0.00   60.00
05:51:24 AM    4    0.00    0.00    0.00    0.00    0.00    0.00    0.00    0.00    0.00  100.00
05:51:24 AM    5    0.00    0.00    0.00    0.00    0.00    0.00    0.00    0.00    0.00  100.00
05:51:24 AM    6    0.00    0.00    0.00    0.00    0.00    0.00    0.00    0.00    0.00  100.00
05:51:24 AM    7    0.00    0.00    0.00    0.00    0.00   16.16    0.00    0.00    0.00   83.84

05:51:24 AM  CPU    %usr   %nice    %sys %iowait    %irq   %soft  %steal  %guest  %gnice   %idle
05:51:25 AM  all    1.40    0.00    4.45    0.00    0.13    9.41    0.00    0.00    0.00   84.61
05:51:25 AM    0    6.45    0.00   17.20    0.00    0.00    0.00    0.00    0.00    0.00   76.34
05:51:25 AM    1    5.38    0.00   18.28    0.00    0.00    0.00    0.00    0.00    0.00   76.34
05:51:25 AM    2    0.00    0.00    0.00    0.00    0.00   20.00    0.00    0.00    0.00   80.00
05:51:25 AM    3    0.00    0.00    2.02    0.00    0.00   37.37    0.00    0.00    0.00   60.61
05:51:25 AM    4    0.00    0.00    0.00    0.00    0.00    0.00    0.00    0.00    0.00  100.00
05:51:25 AM    5    0.00    0.00    0.00    0.00    0.00    0.00    0.00    0.00    0.00  100.00
05:51:25 AM    6    0.00    0.00    0.00    0.00    0.00    0.00    0.00    0.00    0.00  100.00
05:51:25 AM    7    0.00    0.00    0.00    0.00    0.99   16.83    0.00    0.00    0.00   82.18

05:51:25 AM  CPU    %usr   %nice    %sys %iowait    %irq   %soft  %steal  %guest  %gnice   %idle
05:51:26 AM  all    1.78    0.00    4.96    0.00    0.51    9.40    0.00    0.00    0.00   83.35
05:51:26 AM    0    7.53    0.00   19.35    0.00    1.08    0.00    0.00    0.00    0.00   72.04
05:51:26 AM    1    7.61    0.00   20.65    0.00    1.09    0.00    0.00    0.00    0.00   70.65
05:51:26 AM    2    0.00    0.00    0.00    0.00    0.99   18.81    0.00    0.00    0.00   80.20
05:51:26 AM    3    0.00    0.00    1.98    0.00    0.99   37.62    0.00    0.00    0.00   59.41
05:51:26 AM    4    0.00    0.00    0.00    0.00    0.00    0.00    0.00    0.00    0.00  100.00
05:51:26 AM    5    0.00    0.00    0.00    0.00    0.00    0.00    0.00    0.00    0.00  100.00
05:51:26 AM    6    0.00    0.00    0.00    0.00    0.00    0.00    0.00    0.00    0.00  100.00
05:51:26 AM    7    0.00    0.00    0.00    0.00    0.00   17.00    0.00    0.00    0.00   83.00

05:51:26 AM  CPU    %usr   %nice    %sys %iowait    %irq   %soft  %steal  %guest  %gnice   %idle
05:51:27 AM  all    1.66    0.00    4.73    0.00    0.00    9.45    0.00    0.00    0.00   84.16
05:51:27 AM    0    7.69    0.00   17.58    0.00    0.00    0.00    0.00    0.00    0.00   74.73
05:51:27 AM    1    6.52    0.00   19.57    0.00    0.00    0.00    0.00    0.00    0.00   73.91
05:51:27 AM    2    0.00    0.00    0.00    0.00    0.00   19.00    0.00    0.00    0.00   81.00
05:51:27 AM    3    0.00    0.00    3.00    0.00    0.00   38.00    0.00    0.00    0.00   59.00
05:51:27 AM    4    0.00    0.00    0.00    0.00    0.00    0.00    0.00    0.00    0.00  100.00
05:51:27 AM    5    0.00    0.00    0.00    0.00    0.00    0.00    0.00    0.00    0.00  100.00
05:51:27 AM    6    0.00    0.00    0.00    0.00    0.00    0.00    0.00    0.00    0.00  100.00
05:51:27 AM    7    0.00    0.00    0.00    0.00    0.00   17.00    0.00    0.00    0.00   83.00

05:51:27 AM  CPU    %usr   %nice    %sys %iowait    %irq   %soft  %steal  %guest  %gnice   %idle
05:51:28 AM  all    1.41    0.00    4.62    0.00    0.26    9.36    0.00    0.00    0.00   84.36
05:51:28 AM    0    5.56    0.00   18.89    0.00    1.11    0.00    0.00    0.00    0.00   74.44
05:51:28 AM    1    6.45    0.00   19.35    0.00    1.08    0.00    0.00    0.00    0.00   73.12
05:51:28 AM    2    0.00    0.00    0.00    0.00    0.00   19.19    0.00    0.00    0.00   80.81
05:51:28 AM    3    0.00    0.00    1.01    0.00    0.00   38.38    0.00    0.00    0.00   60.61
05:51:28 AM    4    0.00    0.00    0.00    0.00    0.00    0.00    0.00    0.00    0.00  100.00
05:51:28 AM    5    0.00    0.00    0.00    0.00    0.00    0.00    0.00    0.00    0.00  100.00
05:51:28 AM    6    0.00    0.00    0.00    0.00    0.00    0.00    0.00    0.00    0.00  100.00
05:51:28 AM    7    0.00    0.00    0.00    0.00    0.00   16.16    0.00    0.00    0.00   83.84

05:51:28 AM  CPU    %usr   %nice    %sys %iowait    %irq   %soft  %steal  %guest  %gnice   %idle
05:51:29 AM  all    1.53    0.00    4.85    0.00    0.26    9.44    0.00    0.00    0.00   83.93
05:51:29 AM    0    4.49    0.00   16.85    0.00    1.12    0.00    0.00    0.00    0.00   77.53
05:51:29 AM    1    8.51    0.00   18.09    0.00    1.06    0.00    0.00    0.00    0.00   72.34
05:51:29 AM    2    0.00    0.00    0.00    0.00    0.00   20.00    0.00    0.00    0.00   80.00
05:51:29 AM    3    0.00    0.00    5.94    0.00    0.00   36.63    0.00    0.00    0.00   57.43
05:51:29 AM    4    0.00    0.00    0.00    0.00    0.00    0.00    0.00    0.00    0.00  100.00
05:51:29 AM    5    0.00    0.00    0.00    0.00    0.00    0.00    0.00    0.00    0.00  100.00
05:51:29 AM    6    0.00    0.00    0.00    0.00    0.00    0.00    0.00    0.00    0.00  100.00
05:51:29 AM    7    0.00    0.00    0.00    0.00    0.00   17.00    0.00    0.00    0.00   83.00

05:51:29 AM  CPU    %usr   %nice    %sys %iowait    %irq   %soft  %steal  %guest  %gnice   %idle
05:51:30 AM  all    1.41    0.00    4.87    0.00    0.00    9.62    0.00    0.00    0.00   84.10
05:51:30 AM    0    6.67    0.00   18.89    0.00    0.00    1.11    0.00    0.00    0.00   73.33
05:51:30 AM    1    5.56    0.00   20.00    0.00    0.00    0.00    0.00    0.00    0.00   74.44
05:51:30 AM    2    0.00    0.00    0.00    0.00    0.00   20.00    0.00    0.00    0.00   80.00
05:51:30 AM    3    0.00    0.00    3.00    0.00    0.00   37.00    0.00    0.00    0.00   60.00
05:51:30 AM    4    0.00    0.00    0.00    0.00    0.00    0.00    0.00    0.00    0.00  100.00
05:51:30 AM    5    0.00    0.00    0.00    0.00    0.00    0.00    0.00    0.00    0.00  100.00
05:51:30 AM    6    0.00    0.00    0.00    0.00    0.00    0.00    0.00    0.00    0.00  100.00
05:51:30 AM    7    0.00    0.00    0.00    0.00    0.00   17.00    0.00    0.00    0.00   83.00

05:51:30 AM  CPU    %usr   %nice    %sys %iowait    %irq   %soft  %steal  %guest  %gnice   %idle
05:51:31 AM  all    1.40    0.00    3.70    0.00    0.38    9.71    0.00    0.00    0.00   84.80
05:51:31 AM    0    5.56    0.00   15.56    0.00    1.11    0.00    0.00    0.00    0.00   77.78
05:51:31 AM    1    6.52    0.00   16.30    0.00    1.09    0.00    0.00    0.00    0.00   76.09
05:51:31 AM    2    0.00    0.00    0.00    0.00    0.00   19.00    0.00    0.00    0.00   81.00
05:51:31 AM    3    0.00    0.00    0.00    0.00    0.99   39.60    0.00    0.00    0.00   59.41
05:51:31 AM    4    0.00    0.00    0.00    0.00    0.00    0.00    0.00    0.00    0.00  100.00
05:51:31 AM    5    0.00    0.00    0.00    0.00    0.00    0.00    0.00    0.00    0.00  100.00
05:51:31 AM    6    0.00    0.00    0.00    0.00    0.00    0.00    0.00    0.00    0.00  100.00
05:51:31 AM    7    0.00    0.00    0.00    0.00    0.00   17.00    0.00    0.00    0.00   83.00

05:51:31 AM  CPU    %usr   %nice    %sys %iowait    %irq   %soft  %steal  %guest  %gnice   %idle
05:51:32 AM  all    1.41    0.00    4.99    0.13    0.38    9.22    0.00    0.00    0.00   83.87
05:51:32 AM    0    6.59    0.00   19.78    1.10    0.00    0.00    0.00    0.00    0.00   72.53
05:51:32 AM    1    5.62    0.00   19.10    0.00    0.00    0.00    0.00    0.00    0.00   75.28
05:51:32 AM    2    0.00    0.00    0.00    0.00    1.00   19.00    0.00    0.00    0.00   80.00
05:51:32 AM    3    0.00    0.00    4.04    0.00    0.00   36.36    0.00    0.00    0.00   59.60
05:51:32 AM    4    0.00    0.00    0.00    0.00    0.99    0.00    0.00    0.00    0.00   99.01
05:51:32 AM    5    0.00    0.00    0.00    0.00    0.00    0.00    0.00    0.00    0.00  100.00
05:51:32 AM    6    0.00    0.00    0.00    0.00    0.00    0.00    0.00    0.00    0.00  100.00
05:51:32 AM    7    0.00    0.00    0.00    0.00    0.99   16.83    0.00    0.00    0.00   82.18

05:51:32 AM  CPU    %usr   %nice    %sys %iowait    %irq   %soft  %steal  %guest  %gnice   %idle
05:51:33 AM  all    1.39    0.00    4.44    0.00    0.13    9.38    0.00    0.00    0.00   84.66
05:51:33 AM    0    5.38    0.00   16.13    0.00    1.08    0.00    0.00    0.00    0.00   77.42
05:51:33 AM    1    6.32    0.00   18.95    0.00    0.00    0.00    0.00    0.00    0.00   74.74
05:51:33 AM    2    0.00    0.00    0.00    0.00    0.00   19.80    0.00    0.00    0.00   80.20
05:51:33 AM    3    0.00    0.00    2.00    0.00    0.00   37.00    0.00    0.00    0.00   61.00
05:51:33 AM    4    0.00    0.00    0.00    0.00    0.00    0.00    0.00    0.00    0.00  100.00
05:51:33 AM    5    0.00    0.00    0.00    0.00    0.00    0.00    0.00    0.00    0.00  100.00
05:51:33 AM    6    0.00    0.00    0.00    0.00    0.00    0.00    0.00    0.00    0.00  100.00
05:51:33 AM    7    0.00    0.00    0.00    0.00    0.00   17.00    0.00    0.00    0.00   83.00

05:51:33 AM  CPU    %usr   %nice    %sys %iowait    %irq   %soft  %steal  %guest  %gnice   %idle
05:51:34 AM  all    1.90    0.00    4.68    0.00    0.13    9.23    0.00    0.00    0.00   84.07
05:51:34 AM    0    7.29    0.00   19.79    0.00    0.00    0.00    0.00    0.00    0.00   72.92
05:51:34 AM    1    8.25    0.00   18.56    0.00    1.03    0.00    0.00    0.00    0.00   72.16
05:51:34 AM    2    0.00    0.00    0.00    0.00    0.00   19.00    0.00    0.00    0.00   81.00
05:51:34 AM    3    0.00    0.00    0.00    0.00    0.00   38.38    0.00    0.00    0.00   61.62
05:51:34 AM    4    0.00    0.00    0.00    0.00    0.00    0.00    0.00    0.00    0.00  100.00
05:51:34 AM    5    0.00    0.00    0.00    0.00    0.00    0.00    0.00    0.00    0.00  100.00
05:51:34 AM    6    0.00    0.00    0.00    0.00    0.00    0.00    0.00    0.00    0.00  100.00
05:51:34 AM    7    0.00    0.00    0.00    0.00    0.00   16.16    0.00    0.00    0.00   83.84

05:51:34 AM  CPU    %usr   %nice    %sys %iowait    %irq   %soft  %steal  %guest  %gnice   %idle
05:51:35 AM  all    1.53    0.00    4.97    0.00    0.00    9.68    0.00    0.00    0.00   83.82
05:51:35 AM    0    5.49    0.00   19.78    0.00    0.00    0.00    0.00    0.00    0.00   74.73
05:51:35 AM    1    7.45    0.00   20.21    0.00    0.00    1.06    0.00    0.00    0.00   71.28
05:51:35 AM    2    0.00    0.00    0.00    0.00    0.00   19.19    0.00    0.00    0.00   80.81
05:51:35 AM    3    0.00    0.00    1.98    0.00    0.00   38.61    0.00    0.00    0.00   59.41
05:51:35 AM    4    0.00    0.00    0.00    0.00    0.00    0.00    0.00    0.00    0.00  100.00
05:51:35 AM    5    0.00    0.00    0.00    0.00    0.00    0.00    0.00    0.00    0.00  100.00
05:51:35 AM    6    0.00    0.00    0.00    0.00    0.00    0.00    0.00    0.00    0.00  100.00
05:51:35 AM    7    0.00    0.00    0.00    0.00    0.00   17.00    0.00    0.00    0.00   83.00

05:51:35 AM  CPU    %usr   %nice    %sys %iowait    %irq   %soft  %steal  %guest  %gnice   %idle
05:51:36 AM  all    1.77    0.00    4.68    0.13    0.13    9.11    0.00    0.00    0.00   84.18
05:51:36 AM    0    7.37    0.00   18.95    0.00    1.05    0.00    0.00    0.00    0.00   72.63
05:51:36 AM    1    7.29    0.00   18.75    1.04    0.00    0.00    0.00    0.00    0.00   72.92
05:51:36 AM    2    0.00    0.00    0.00    0.00    0.00   19.00    0.00    0.00    0.00   81.00
05:51:36 AM    3    0.00    0.00    1.00    0.00    0.00   37.00    0.00    0.00    0.00   62.00
05:51:36 AM    4    0.00    0.00    0.00    0.00    0.00    0.00    0.00    0.00    0.00  100.00
05:51:36 AM    5    0.00    0.00    0.00    0.00    0.00    0.00    0.00    0.00    0.00  100.00
05:51:36 AM    6    0.00    0.00    0.00    0.00    0.00    0.00    0.00    0.00    0.00  100.00
05:51:36 AM    7    0.00    0.00    0.00    0.00    0.00   16.16    0.00    0.00    0.00   83.84

05:51:36 AM  CPU    %usr   %nice    %sys %iowait    %irq   %soft  %steal  %guest  %gnice   %idle
05:51:37 AM  all    1.39    0.00    4.81    0.00    0.25    9.37    0.00    0.00    0.00   84.18
05:51:37 AM    0    5.38    0.00   18.28    0.00    0.00    0.00    0.00    0.00    0.00   76.34
05:51:37 AM    1    6.25    0.00   19.79    0.00    1.04    0.00    0.00    0.00    0.00   72.92
05:51:37 AM    2    0.00    0.00    0.00    0.00    0.00   19.00    0.00    0.00    0.00   81.00
05:51:37 AM    3    0.00    0.00    1.00    0.00    1.00   38.00    0.00    0.00    0.00   60.00
05:51:37 AM    4    0.00    0.00    0.00    0.00    0.00    0.00    0.00    0.00    0.00  100.00
05:51:37 AM    5    0.00    0.00    0.00    0.00    0.00    0.00    0.00    0.00    0.00  100.00
05:51:37 AM    6    0.00    0.00    0.00    0.00    0.00    0.00    0.00    0.00    0.00  100.00
05:51:37 AM    7    0.00    0.00    0.99    0.00    0.00   16.83    0.00    0.00    0.00   82.18

05:51:37 AM  CPU    %usr   %nice    %sys %iowait    %irq   %soft  %steal  %guest  %gnice   %idle
05:51:38 AM  all    1.88    0.00    4.64    0.00    0.25    9.16    0.00    0.00    0.00   84.07
05:51:38 AM    0    8.16    0.00   18.37    0.00    1.02    0.00    0.00    0.00    0.00   72.45
05:51:38 AM    1    7.14    0.00   19.39    0.00    0.00    0.00    0.00    0.00    0.00   73.47
05:51:38 AM    2    0.00    0.00    0.00    0.00    0.00   19.00    0.00    0.00    0.00   81.00
05:51:38 AM    3    0.00    0.00    0.00    0.00    0.00   38.00    0.00    0.00    0.00   62.00
05:51:38 AM    4    0.00    0.00    0.00    0.00    0.00    0.00    0.00    0.00    0.00  100.00
05:51:38 AM    5    0.00    0.00    0.00    0.00    0.00    0.00    0.00    0.00    0.00  100.00
05:51:38 AM    6    0.00    0.00    0.00    0.00    0.00    0.00    0.00    0.00    0.00  100.00
05:51:38 AM    7    0.00    0.00    0.00    0.00    0.99   15.84    0.00    0.00    0.00   83.17

05:51:38 AM  CPU    %usr   %nice    %sys %iowait    %irq   %soft  %steal  %guest  %gnice   %idle
05:51:39 AM  all    1.79    0.00    5.48    0.00    0.26    9.44    0.00    0.00    0.00   83.04
05:51:39 AM    0    8.79    0.00   18.68    0.00    0.00    0.00    0.00    0.00    0.00   72.53
05:51:39 AM    1    6.38    0.00   22.34    0.00    1.06    0.00    0.00    0.00    0.00   70.21
05:51:39 AM    2    0.00    0.00    0.00    0.00    1.00   19.00    0.00    0.00    0.00   80.00
05:51:39 AM    3    0.00    0.00    5.05    0.00    0.00   37.37    0.00    0.00    0.00   57.58
05:51:39 AM    4    0.00    0.00    0.00    0.00    0.00    0.00    0.00    0.00    0.00  100.00
05:51:39 AM    5    0.00    0.00    0.00    0.00    0.00    0.00    0.00    0.00    0.00  100.00
05:51:39 AM    6    0.00    0.00    0.00    0.00    0.00    0.00    0.00    0.00    0.00  100.00
05:51:39 AM    7    0.00    0.00    0.00    0.00    0.00   18.00    0.00    0.00    0.00   82.00

05:51:39 AM  CPU    %usr   %nice    %sys %iowait    %irq   %soft  %steal  %guest  %gnice   %idle
05:51:40 AM  all    1.89    0.00    4.54    0.00    0.13    9.46    0.00    0.00    0.00   83.98
05:51:40 AM    0    6.25    0.00   18.75    0.00    1.04    0.00    0.00    0.00    0.00   73.96
05:51:40 AM    1    9.38    0.00   17.71    0.00    0.00    0.00    0.00    0.00    0.00   72.92
05:51:40 AM    2    0.00    0.00    0.00    0.00    0.00   20.00    0.00    0.00    0.00   80.00
05:51:40 AM    3    0.00    0.00    0.99    0.00    0.00   38.61    0.00    0.00    0.00   60.40
05:51:40 AM    4    0.00    0.00    0.00    0.00    0.00    0.00    0.00    0.00    0.00  100.00
05:51:40 AM    5    0.00    0.00    0.00    0.00    0.00    0.00    0.00    0.00    0.00  100.00
05:51:40 AM    6    0.00    0.00    0.00    0.00    0.00    0.00    0.00    0.00    0.00  100.00
05:51:40 AM    7    0.00    0.00    0.00    0.00    0.00   16.00    0.00    0.00    0.00   84.00

05:51:40 AM  CPU    %usr   %nice    %sys %iowait    %irq   %soft  %steal  %guest  %gnice   %idle
05:51:41 AM  all    2.12    0.00    5.99    0.00    0.00    9.35    0.00    0.00    0.00   82.54
05:51:41 AM    0    7.92    0.00   22.77    0.00    0.00    0.00    0.00    0.00    0.00   69.31
05:51:41 AM    1    8.91    0.00   21.78    0.00    0.00    0.00    0.00    0.00    0.00   69.31
05:51:41 AM    2    0.00    0.00    0.99    0.00    0.00   19.80    0.00    0.00    0.00   79.21
05:51:41 AM    3    0.00    0.00    2.00    0.00    0.00   38.00    0.00    0.00    0.00   60.00
05:51:41 AM    4    0.00    0.00    0.00    0.00    0.00    0.00    0.00    0.00    0.00  100.00
05:51:41 AM    5    0.00    0.00    0.00    0.00    0.00    0.00    0.00    0.00    0.00  100.00
05:51:41 AM    6    0.00    0.00    0.00    0.00    0.00    0.00    0.00    0.00    0.00  100.00
05:51:41 AM    7    0.00    0.00    0.00    0.00    0.00   17.17    0.00    0.00    0.00   82.83

05:51:41 AM  CPU    %usr   %nice    %sys %iowait    %irq   %soft  %steal  %guest  %gnice   %idle
05:51:42 AM  all    1.88    0.00    5.27    0.00    0.25    9.16    0.00    0.00    0.00   83.44
05:51:42 AM    0    7.22    0.00   21.65    0.00    0.00    0.00    0.00    0.00    0.00   71.13
05:51:42 AM    1    7.92    0.00   19.80    0.00    0.99    0.00    0.00    0.00    0.00   71.29
05:51:42 AM    2    0.00    0.00    0.00    0.00    0.00   22.22    0.00    0.00    0.00   77.78
05:51:42 AM    3    0.00    0.00    1.00    0.00    1.00   35.00    0.00    0.00    0.00   63.00
05:51:42 AM    4    0.00    0.00    0.00    0.00    0.00    0.00    0.00    0.00    0.00  100.00
05:51:42 AM    5    0.00    0.00    0.00    0.00    0.00    0.00    0.00    0.00    0.00  100.00
05:51:42 AM    6    0.00    0.00    0.00    0.00    0.00    0.00    0.00    0.00    0.00  100.00
05:51:42 AM    7    0.00    0.00    0.00    0.00    0.00   16.00    0.00    0.00    0.00   84.00

05:51:42 AM  CPU    %usr   %nice    %sys %iowait    %irq   %soft  %steal  %guest  %gnice   %idle
05:51:43 AM  all    2.13    0.00    5.51    0.00    0.13    9.40    0.00    0.00    0.00   82.83
05:51:43 AM    0    8.16    0.00   21.43    0.00    1.02    0.00    0.00    0.00    0.00   69.39
05:51:43 AM    1    9.00    0.00   23.00    0.00    0.00    0.00    0.00    0.00    0.00   68.00
05:51:43 AM    2    0.00    0.00    0.00    0.00    0.00   19.00    0.00    0.00    0.00   81.00
05:51:43 AM    3    0.00    0.00    0.00    0.00    0.00   39.00    0.00    0.00    0.00   61.00
05:51:43 AM    4    0.00    0.00    0.00    0.00    0.00    0.00    0.00    0.00    0.00  100.00
05:51:43 AM    5    0.00    0.00    0.00    0.00    0.00    0.00    0.00    0.00    0.00  100.00
05:51:43 AM    6    0.00    0.00    0.00    0.00    0.00    0.00    0.00    0.00    0.00  100.00
05:51:43 AM    7    0.00    0.00    0.00    0.00    0.00   17.00    0.00    0.00    0.00   83.00

05:51:43 AM  CPU    %usr   %nice    %sys %iowait    %irq   %soft  %steal  %guest  %gnice   %idle
05:51:44 AM  all    1.64    0.00    5.41    0.00    0.00    9.31    0.00    0.00    0.00   83.65
05:51:44 AM    0    7.14    0.00   20.41    0.00    0.00    0.00    0.00    0.00    0.00   72.45
05:51:44 AM    1    6.19    0.00   20.62    0.00    0.00    0.00    0.00    0.00    0.00   73.20
05:51:44 AM    2    0.00    0.00    0.00    0.00    0.00   20.00    0.00    0.00    0.00   80.00
05:51:44 AM    3    0.00    0.00    3.00    0.00    0.00   37.00    0.00    0.00    0.00   60.00
05:51:44 AM    4    0.00    0.00    0.00    0.00    0.00    0.00    0.00    0.00    0.00  100.00
05:51:44 AM    5    0.00    0.00    0.00    0.00    0.00    0.00    0.00    0.00    0.00  100.00
05:51:44 AM    6    0.00    0.00    0.00    0.00    0.00    0.00    0.00    0.00    0.00  100.00
05:51:44 AM    7    0.00    0.00    0.00    0.00    0.00   17.00    0.00    0.00    0.00   83.00

05:51:44 AM  CPU    %usr   %nice    %sys %iowait    %irq   %soft  %steal  %guest  %gnice   %idle
05:51:45 AM  all    2.00    0.00    6.49    0.00    0.50    9.11    0.00    0.00    0.00   81.90
05:51:45 AM    0    7.92    0.00   24.75    0.00    0.99    0.00    0.00    0.00    0.00   66.34
05:51:45 AM    1    8.00    0.00   24.00    0.00    1.00    0.00    0.00    0.00    0.00   67.00
05:51:45 AM    2    0.00    0.00    0.00    0.00    1.00   19.00    0.00    0.00    0.00   80.00
05:51:45 AM    3    0.00    0.00    3.03    0.00    0.00   38.38    0.00    0.00    0.00   58.59
05:51:45 AM    4    0.00    0.00    0.00    0.00    0.00    0.00    0.00    0.00    0.00  100.00
05:51:45 AM    5    0.00    0.00    0.00    0.00    0.00    0.00    0.00    0.00    0.00  100.00
05:51:45 AM    6    0.00    0.00    0.00    0.00    0.00    0.00    0.00    0.00    0.00  100.00
05:51:45 AM    7    0.00    0.00    0.00    0.00    0.99   15.84    0.00    0.00    0.00   83.17

05:51:45 AM  CPU    %usr   %nice    %sys %iowait    %irq   %soft  %steal  %guest  %gnice   %idle
05:51:46 AM  all    1.77    0.00    5.82    0.00    0.00    9.61    0.00    0.00    0.00   82.81
05:51:46 AM    0    8.51    0.00   21.28    0.00    0.00    0.00    0.00    0.00    0.00   70.21
05:51:46 AM    1    6.32    0.00   24.21    0.00    0.00    0.00    0.00    0.00    0.00   69.47
05:51:46 AM    2    0.00    0.00    0.00    0.00    0.00   19.80    0.00    0.00    0.00   80.20
05:51:46 AM    3    0.00    0.00    2.97    0.00    0.00   38.61    0.00    0.00    0.00   58.42
05:51:46 AM    4    0.00    0.00    0.00    0.00    0.00    0.00    0.00    0.00    0.00  100.00
05:51:46 AM    5    0.00    0.00    0.00    0.00    0.00    0.00    0.00    0.00    0.00  100.00
05:51:46 AM    6    0.00    0.00    0.00    0.00    0.00    0.00    0.00    0.00    0.00  100.00
05:51:46 AM    7    0.00    0.00    0.00    0.00    0.00   17.00    0.00    0.00    0.00   83.00

05:51:46 AM  CPU    %usr   %nice    %sys %iowait    %irq   %soft  %steal  %guest  %gnice   %idle
05:51:47 AM  all    1.87    0.00    6.35    0.12    0.37    9.22    0.00    0.00    0.00   82.07
05:51:47 AM    0    7.77    0.00   24.27    0.97    0.97    0.00    0.00    0.00    0.00   66.02
05:51:47 AM    1    7.00    0.00   25.00    0.00    1.00    0.00    0.00    0.00    0.00   67.00
05:51:47 AM    2    0.00    0.00    0.00    0.00    0.00   19.00    0.00    0.00    0.00   81.00
05:51:47 AM    3    0.00    0.00    0.99    0.00    0.99   38.61    0.00    0.00    0.00   59.41
05:51:47 AM    4    0.00    0.00    0.00    0.00    0.00    0.00    0.00    0.00    0.00  100.00
05:51:47 AM    5    0.00    0.00    0.00    0.00    0.00    0.00    0.00    0.00    0.00  100.00
05:51:47 AM    6    0.00    0.00    0.00    0.00    0.00    0.00    0.00    0.00    0.00  100.00
05:51:47 AM    7    0.00    0.00    0.00    0.00    0.00   16.16    0.00    0.00    0.00   83.84

05:51:47 AM  CPU    %usr   %nice    %sys %iowait    %irq   %soft  %steal  %guest  %gnice   %idle
05:51:48 AM  all    1.88    0.00    5.65    0.00    0.00    9.28    0.00    0.00    0.00   83.19
05:51:48 AM    0    7.37    0.00   20.00    0.00    0.00    0.00    0.00    0.00    0.00   72.63
05:51:48 AM    1    7.77    0.00   23.30    0.00    0.00    0.00    0.00    0.00    0.00   68.93
05:51:48 AM    2    0.00    0.00    0.00    0.00    0.00   19.19    0.00    0.00    0.00   80.81
05:51:48 AM    3    0.00    0.00    2.00    0.00    0.00   38.00    0.00    0.00    0.00   60.00
05:51:48 AM    4    0.00    0.00    0.00    0.00    0.00    0.00    0.00    0.00    0.00  100.00
05:51:48 AM    5    0.00    0.00    0.00    0.00    0.00    0.00    0.00    0.00    0.00  100.00
05:51:48 AM    6    0.00    0.00    0.00    0.00    0.00    0.00    0.00    0.00    0.00  100.00
05:51:48 AM    7    0.00    0.00    0.00    0.00    0.00   17.00    0.00    0.00    0.00   83.00

05:51:48 AM  CPU    %usr   %nice    %sys %iowait    %irq   %soft  %steal  %guest  %gnice   %idle
05:51:49 AM  all    1.99    0.00    5.35    0.00    0.25    9.22    0.00    0.00    0.00   83.19
05:51:49 AM    0    7.69    0.00   21.15    0.00    0.96    0.96    0.00    0.00    0.00   69.23
05:51:49 AM    1    8.00    0.00   21.00    0.00    1.00    0.00    0.00    0.00    0.00   70.00
05:51:49 AM    2    0.00    0.00    0.00    0.00    0.00   19.00    0.00    0.00    0.00   81.00
05:51:49 AM    3    0.00    0.00    0.00    0.00    0.00   37.37    0.00    0.00    0.00   62.63
05:51:49 AM    4    0.00    0.00    0.00    0.00    0.00    0.00    0.00    0.00    0.00  100.00
05:51:49 AM    5    0.00    0.00    0.00    0.00    0.00    0.00    0.00    0.00    0.00  100.00
05:51:49 AM    6    0.00    0.00    0.00    0.00    0.00    0.00    0.00    0.00    0.00  100.00
05:51:49 AM    7    0.00    0.00    0.00    0.00    0.00   17.00    0.00    0.00    0.00   83.00

05:51:49 AM  CPU    %usr   %nice    %sys %iowait    %irq   %soft  %steal  %guest  %gnice   %idle
05:51:50 AM  all    1.65    0.00    5.34    0.00    0.00    9.41    0.00    0.00    0.00   83.59
05:51:50 AM    0    6.59    0.00   18.68    0.00    0.00    0.00    0.00    0.00    0.00   74.73
05:51:50 AM    1    7.37    0.00   22.11    0.00    0.00    0.00    0.00    0.00    0.00   70.53
05:51:50 AM    2    0.00    0.00    0.00    0.00    0.00   22.00    0.00    0.00    0.00   78.00
05:51:50 AM    3    0.00    0.00    4.00    0.00    0.00   36.00    0.00    0.00    0.00   60.00
05:51:50 AM    4    0.00    0.00    0.00    0.00    0.00    0.00    0.00    0.00    0.00  100.00
05:51:50 AM    5    0.00    0.00    0.00    0.00    0.00    0.00    0.00    0.00    0.00  100.00
05:51:50 AM    6    0.00    0.00    0.00    0.00    0.00    0.00    0.00    0.00    0.00  100.00
05:51:50 AM    7    0.00    0.00    0.00    0.00    0.00   16.00    0.00    0.00    0.00   84.00

05:51:50 AM  CPU    %usr   %nice    %sys %iowait    %irq   %soft  %steal  %guest  %gnice   %idle
05:51:51 AM  all    1.15    0.00    3.95    0.00    0.51    9.30    0.00    0.00    0.00   85.10
05:51:51 AM    0    5.49    0.00   14.29    0.00    1.10    0.00    0.00    0.00    0.00   79.12
05:51:51 AM    1    4.35    0.00   18.48    0.00    1.09    0.00    0.00    0.00    0.00   76.09
05:51:51 AM    2    0.00    0.00    0.00    0.00    0.99   18.81    0.00    0.00    0.00   80.20
05:51:51 AM    3    0.00    0.00    1.00    0.00    0.00   37.00    0.00    0.00    0.00   62.00
05:51:51 AM    4    0.00    0.00    0.00    0.00    0.00    0.00    0.00    0.00    0.00  100.00
05:51:51 AM    5    0.00    0.00    0.00    0.00    0.00    0.00    0.00    0.00    0.00  100.00
05:51:51 AM    6    0.00    0.00    0.00    0.00    0.00    0.00    0.00    0.00    0.00  100.00
05:51:51 AM    7    0.00    0.00    0.00    0.00    0.99   16.83    0.00    0.00    0.00   82.18

05:51:51 AM  CPU    %usr   %nice    %sys %iowait    %irq   %soft  %steal  %guest  %gnice   %idle
05:51:52 AM  all    1.67    0.00    4.76    0.13    0.13    9.25    0.00    0.00    0.00   84.06
05:51:52 AM    0    6.67    0.00   18.89    1.11    1.11    0.00    0.00    0.00    0.00   72.22
05:51:52 AM    1    7.69    0.00   19.78    0.00    0.00    0.00    0.00    0.00    0.00   72.53
05:51:52 AM    2    0.00    0.00    0.00    0.00    0.00   18.18    0.00    0.00    0.00   81.82
05:51:52 AM    3    0.00    0.00    2.02    0.00    0.00   38.38    0.00    0.00    0.00   59.60
05:51:52 AM    4    0.00    0.00    0.00    0.00    0.00    0.00    0.00    0.00    0.00  100.00
05:51:52 AM    5    0.00    0.00    0.00    0.00    0.00    0.00    0.00    0.00    0.00  100.00
05:51:52 AM    6    0.00    0.00    0.00    0.00    0.00    0.00    0.00    0.00    0.00  100.00
05:51:52 AM    7    0.00    0.00    0.00    0.00    0.00   16.16    0.00    0.00    0.00   83.84

05:51:52 AM  CPU    %usr   %nice    %sys %iowait    %irq   %soft  %steal  %guest  %gnice   %idle
05:51:53 AM  all    1.52    0.00    4.56    0.00    0.25    9.37    0.00    0.00    0.00   84.30
05:51:53 AM    0    6.45    0.00   17.20    0.00    0.00    0.00    0.00    0.00    0.00   76.34
05:51:53 AM    1    6.25    0.00   19.79    0.00    1.04    0.00    0.00    0.00    0.00   72.92
05:51:53 AM    2    0.00    0.00    0.00    0.00    0.00   19.00    0.00    0.00    0.00   81.00
05:51:53 AM    3    0.00    0.00    0.99    0.00    0.99   37.62    0.00    0.00    0.00   60.40
05:51:53 AM    4    0.00    0.00    0.00    0.00    0.00    0.00    0.00    0.00    0.00  100.00
05:51:53 AM    5    0.00    0.00    0.00    0.00    0.00    0.00    0.00    0.00    0.00  100.00
05:51:53 AM    6    0.00    0.00    0.00    0.00    0.00    0.00    0.00    0.00    0.00  100.00
05:51:53 AM    7    0.00    0.00    0.00    0.00    0.00   17.00    0.00    0.00    0.00   83.00

05:51:53 AM  CPU    %usr   %nice    %sys %iowait    %irq   %soft  %steal  %guest  %gnice   %idle
05:51:54 AM  all    1.65    0.00    5.08    0.00    0.13    9.66    0.00    0.00    0.00   83.48
05:51:54 AM    0    6.45    0.00   19.35    0.00    1.08    0.00    0.00    0.00    0.00   73.12
05:51:54 AM    1    7.45    0.00   18.09    0.00    0.00    1.06    0.00    0.00    0.00   73.40
05:51:54 AM    2    0.00    0.00    0.00    0.00    0.00   21.00    0.00    0.00    0.00   79.00
05:51:54 AM    3    0.00    0.00    5.00    0.00    0.00   37.00    0.00    0.00    0.00   58.00
05:51:54 AM    4    0.00    0.00    0.00    0.00    0.00    0.00    0.00    0.00    0.00  100.00
05:51:54 AM    5    0.00    0.00    0.00    0.00    0.00    0.00    0.00    0.00    0.00  100.00
05:51:54 AM    6    0.00    0.00    0.00    0.00    0.00    0.00    0.00    0.00    0.00  100.00
05:51:54 AM    7    0.00    0.00    0.00    0.00    0.00   17.00    0.00    0.00    0.00   83.00

05:51:54 AM  CPU    %usr   %nice    %sys %iowait    %irq   %soft  %steal  %guest  %gnice   %idle
05:51:55 AM  all    1.66    0.00    5.10    0.00    0.26    9.44    0.00    0.00    0.00   83.55
05:51:55 AM    0    6.52    0.00   19.57    0.00    1.09    0.00    0.00    0.00    0.00   72.83
05:51:55 AM    1    7.45    0.00   20.21    0.00    1.06    0.00    0.00    0.00    0.00   71.28
05:51:55 AM    2    0.00    0.00    0.00    0.00    0.00   19.00    0.00    0.00    0.00   81.00
05:51:55 AM    3    0.00    0.00    3.03    0.00    0.00   38.38    0.00    0.00    0.00   58.59
05:51:55 AM    4    0.00    0.00    0.00    0.00    0.00    0.00    0.00    0.00    0.00  100.00
05:51:55 AM    5    0.00    0.00    0.00    0.00    0.00    0.00    0.00    0.00    0.00  100.00
05:51:55 AM    6    0.00    0.00    0.00    0.00    0.00    0.00    0.00    0.00    0.00  100.00
05:51:55 AM    7    0.00    0.00    0.00    0.00    0.00   17.17    0.00    0.00    0.00   82.83

05:51:55 AM  CPU    %usr   %nice    %sys %iowait    %irq   %soft  %steal  %guest  %gnice   %idle
05:51:56 AM  all    1.40    0.00    4.46    0.00    0.00    9.44    0.00    0.00    0.00   84.69
05:51:56 AM    0    5.43    0.00   19.57    0.00    0.00    0.00    0.00    0.00    0.00   75.00
05:51:56 AM    1    6.52    0.00   17.39    0.00    0.00    0.00    0.00    0.00    0.00   76.09
05:51:56 AM    2    0.00    0.00    0.00    0.00    0.00   19.00    0.00    0.00    0.00   81.00
05:51:56 AM    3    0.00    0.00    1.00    0.00    0.00   38.00    0.00    0.00    0.00   61.00
05:51:56 AM    4    0.00    0.00    0.00    0.00    0.00    0.00    0.00    0.00    0.00  100.00
05:51:56 AM    5    0.00    0.00    0.00    0.00    0.00    0.00    0.00    0.00    0.00  100.00
05:51:56 AM    6    0.00    0.00    0.00    0.00    0.00    0.00    0.00    0.00    0.00  100.00
05:51:56 AM    7    0.00    0.00    0.00    0.00    0.00   17.00    0.00    0.00    0.00   83.00

05:51:56 AM  CPU    %usr   %nice    %sys %iowait    %irq   %soft  %steal  %guest  %gnice   %idle
05:51:57 AM  all    1.78    0.00    5.58    0.00    0.38    9.39    0.00    0.00    0.00   82.87
05:51:57 AM    0    6.45    0.00   21.51    0.00    1.08    0.00    0.00    0.00    0.00   70.97
05:51:57 AM    1    8.51    0.00   20.21    0.00    1.06    0.00    0.00    0.00    0.00   70.21
05:51:57 AM    2    0.00    0.00    0.00    0.00    0.00   19.19    0.00    0.00    0.00   80.81
05:51:57 AM    3    0.00    0.00    4.95    0.00    0.00   37.62    0.00    0.00    0.00   57.43
05:51:57 AM    4    0.00    0.00    0.00    0.00    0.00    0.00    0.00    0.00    0.00  100.00
05:51:57 AM    5    0.00    0.00    0.00    0.00    0.00    0.00    0.00    0.00    0.00  100.00
05:51:57 AM    6    0.00    0.00    0.00    0.00    0.00    0.00    0.00    0.00    0.00  100.00
05:51:57 AM    7    0.00    0.00    0.00    0.00    0.99   16.83    0.00    0.00    0.00   82.18

05:51:57 AM  CPU    %usr   %nice    %sys %iowait    %irq   %soft  %steal  %guest  %gnice   %idle
05:51:58 AM  all    1.02    0.00    3.97    0.00    0.26    9.60    0.00    0.00    0.00   85.15
05:51:58 AM    0    3.41    0.00   15.91    0.00    0.00    0.00    0.00    0.00    0.00   80.68
05:51:58 AM    1    5.43    0.00   17.39    0.00    0.00    0.00    0.00    0.00    0.00   77.17
05:51:58 AM    2    0.00    0.00    0.00    0.00    0.99   19.80    0.00    0.00    0.00   79.21
05:51:58 AM    3    0.00    0.00    1.00    0.00    1.00   38.00    0.00    0.00    0.00   60.00
05:51:58 AM    4    0.00    0.00    0.00    0.00    0.00    0.00    0.00    0.00    0.00  100.00
05:51:58 AM    5    0.00    0.00    0.00    0.00    0.00    0.00    0.00    0.00    0.00  100.00
05:51:58 AM    6    0.00    0.00    0.00    0.00    0.00    0.00    0.00    0.00    0.00  100.00
05:51:58 AM    7    0.00    0.00    0.00    0.00    0.00   17.00    0.00    0.00    0.00   83.00

05:51:58 AM  CPU    %usr   %nice    %sys %iowait    %irq   %soft  %steal  %guest  %gnice   %idle
05:51:59 AM  all    1.29    0.00    3.73    0.00    0.26    9.40    0.00    0.00    0.00   85.33
05:51:59 AM    0    5.68    0.00   13.64    0.00    1.14    0.00    0.00    0.00    0.00   79.55
05:51:59 AM    1    5.56    0.00   16.67    0.00    1.11    0.00    0.00    0.00    0.00   76.67
05:51:59 AM    2    0.00    0.00    0.00    0.00    0.00   19.00    0.00    0.00    0.00   81.00
05:51:59 AM    3    0.00    0.00    2.02    0.00    0.00   37.37    0.00    0.00    0.00   60.61
05:51:59 AM    4    0.00    0.00    0.00    0.00    0.00    0.00    0.00    0.00    0.00  100.00
05:51:59 AM    5    0.00    0.00    0.00    0.00    0.00    0.00    0.00    0.00    0.00  100.00
05:51:59 AM    6    0.00    0.00    0.00    0.00    0.00    0.00    0.00    0.00    0.00  100.00
05:51:59 AM    7    0.00    0.00    0.00    0.00    0.00   17.00    0.00    0.00    0.00   83.00

05:51:59 AM  CPU    %usr   %nice    %sys %iowait    %irq   %soft  %steal  %guest  %gnice   %idle
05:52:00 AM  all    1.41    0.00    4.99    0.00    0.00    9.35    0.00    0.00    0.00   84.25
05:52:00 AM    0    4.40    0.00   20.88    0.00    0.00    0.00    0.00    0.00    0.00   74.73
05:52:00 AM    1    7.78    0.00   17.78    0.00    0.00    0.00    0.00    0.00    0.00   74.44
05:52:00 AM    2    0.00    0.00    0.00    0.00    0.00   20.00    0.00    0.00    0.00   80.00
05:52:00 AM    3    0.00    0.00    3.96    0.00    0.00   36.63    0.00    0.00    0.00   59.41
05:52:00 AM    4    0.00    0.00    0.00    0.00    0.00    0.00    0.00    0.00    0.00  100.00
05:52:00 AM    5    0.00    0.00    0.00    0.00    0.00    0.00    0.00    0.00    0.00  100.00
05:52:00 AM    6    0.00    0.00    0.00    0.00    0.00    0.00    0.00    0.00    0.00  100.00
05:52:00 AM    7    0.00    0.00    0.00    0.00    0.00   16.16    0.00    0.00    0.00   83.84

05:52:00 AM  CPU    %usr   %nice    %sys %iowait    %irq   %soft  %steal  %guest  %gnice   %idle
05:52:01 AM  all    1.41    0.00    3.72    0.00    0.26    9.37    0.00    0.00    0.00   85.24
05:52:01 AM    0    6.67    0.00   15.56    0.00    1.11    0.00    0.00    0.00    0.00   76.67
05:52:01 AM    1    5.56    0.00   16.67    0.00    1.11    0.00    0.00    0.00    0.00   76.67
05:52:01 AM    2    0.00    0.00    0.00    0.00    0.00   18.00    0.00    0.00    0.00   82.00
05:52:01 AM    3    0.00    0.00    0.00    0.00    0.00   38.38    0.00    0.00    0.00   61.62
05:52:01 AM    4    0.00    0.00    0.00    0.00    0.00    0.00    0.00    0.00    0.00  100.00
05:52:01 AM    5    0.00    0.00    0.00    0.00    0.00    0.00    0.00    0.00    0.00  100.00
05:52:01 AM    6    0.00    0.00    0.00    0.00    0.00    0.00    0.00    0.00    0.00  100.00
05:52:01 AM    7    0.00    0.00    0.00    0.00    0.00   17.00    0.00    0.00    0.00   83.00

05:52:01 AM  CPU    %usr   %nice    %sys %iowait    %irq   %soft  %steal  %guest  %gnice   %idle
05:52:02 AM  all    1.16    0.00    3.99    0.00    0.00    9.52    0.00    0.00    0.00   85.33
05:52:02 AM    0    5.62    0.00   16.85    0.00    0.00    0.00    0.00    0.00    0.00   77.53
05:52:02 AM    1    4.60    0.00   17.24    0.00    0.00    0.00    0.00    0.00    0.00   78.16
05:52:02 AM    2    0.00    0.00    0.00    0.00    0.00   19.00    0.00    0.00    0.00   81.00
05:52:02 AM    3    0.00    0.00    0.99    0.00    0.00   38.61    0.00    0.00    0.00   60.40
05:52:02 AM    4    0.00    0.00    0.00    0.00    0.00    0.00    0.00    0.00    0.00  100.00
05:52:02 AM    5    0.00    0.00    0.00    0.00    0.00    0.00    0.00    0.00    0.00  100.00
05:52:02 AM    6    0.00    0.00    0.00    0.00    0.00    0.00    0.00    0.00    0.00  100.00
05:52:02 AM    7    0.00    0.00    0.00    0.00    0.00   16.00    0.00    0.00    0.00   84.00

05:52:02 AM  CPU    %usr   %nice    %sys %iowait    %irq   %soft  %steal  %guest  %gnice   %idle
05:52:03 AM  all    1.41    0.00    3.46    0.00    0.13    9.23    0.00    0.00    0.00   85.77
05:52:03 AM    0    5.62    0.00   13.48    0.00    0.00    0.00    0.00    0.00    0.00   80.90
05:52:03 AM    1    6.52    0.00   15.22    0.00    0.00    0.00    0.00    0.00    0.00   78.26
05:52:03 AM    2    0.00    0.00    0.00    0.00    0.00   18.18    0.00    0.00    0.00   81.82
05:52:03 AM    3    0.00    0.00    1.00    0.00    1.00   38.00    0.00    0.00    0.00   60.00
05:52:03 AM    4    0.00    0.00    0.00    0.00    0.00    0.00    0.00    0.00    0.00  100.00
05:52:03 AM    5    0.00    0.00    0.00    0.00    0.00    0.00    0.00    0.00    0.00  100.00
05:52:03 AM    6    0.00    0.00    0.00    0.00    0.00    0.00    0.00    0.00    0.00  100.00
05:52:03 AM    7    0.00    0.00    0.00    0.00    0.00   16.00    0.00    0.00    0.00   84.00

05:52:03 AM  CPU    %usr   %nice    %sys %iowait    %irq   %soft  %steal  %guest  %gnice   %idle
05:52:04 AM  all    1.26    0.00    3.66    0.00    0.38    9.34    0.00    0.00    0.00   85.35
05:52:04 AM    0    4.26    0.00   14.89    0.00    1.06    0.00    0.00    0.00    0.00   79.79
05:52:04 AM    1    6.25    0.00   15.62    0.00    0.00    0.00    0.00    0.00    0.00   78.12
05:52:04 AM    2    0.00    0.00    0.00    0.00    0.99   19.80    0.00    0.00    0.00   79.21
05:52:04 AM    3    0.00    0.00    0.00    0.00    0.00   37.00    0.00    0.00    0.00   63.00
05:52:04 AM    4    0.00    0.00    0.00    0.00    0.00    0.00    0.00    0.00    0.00  100.00
05:52:04 AM    5    0.00    0.00    0.00    0.00    0.00    0.00    0.00    0.00    0.00  100.00
05:52:04 AM    6    0.00    0.00    0.00    0.00    0.00    0.00    0.00    0.00    0.00  100.00
05:52:04 AM    7    0.00    0.00    0.00    0.00    0.99   16.83    0.00    0.00    0.00   82.18

05:52:04 AM  CPU    %usr   %nice    %sys %iowait    %irq   %soft  %steal  %guest  %gnice   %idle
05:52:05 AM  all    1.53    0.00    3.31    0.00    0.00    9.30    0.00    0.00    0.00   85.86
05:52:05 AM    0    6.38    0.00   13.83    0.00    0.00    0.00    0.00    0.00    0.00   79.79
05:52:05 AM    1    6.45    0.00   13.98    0.00    0.00    0.00    0.00    0.00    0.00   79.57
05:52:05 AM    2    0.00    0.00    0.00    0.00    0.00   19.19    0.00    0.00    0.00   80.81
05:52:05 AM    3    0.00    0.00    0.00    0.00    0.00   37.37    0.00    0.00    0.00   62.63
05:52:05 AM    4    0.00    0.00    0.00    0.00    0.00    0.00    0.00    0.00    0.00  100.00
05:52:05 AM    5    0.00    0.00    0.00    0.00    0.00    0.00    0.00    0.00    0.00  100.00
05:52:05 AM    6    0.00    0.00    0.00    0.00    0.00    0.00    0.00    0.00    0.00  100.00
05:52:05 AM    7    0.00    0.00    0.00    0.00    0.00   17.00    0.00    0.00    0.00   83.00

05:52:05 AM  CPU    %usr   %nice    %sys %iowait    %irq   %soft  %steal  %guest  %gnice   %idle
05:52:06 AM  all    1.27    0.00    3.42    0.00    0.13    9.25    0.00    0.00    0.00   85.93
05:52:06 AM    0    4.35    0.00   14.13    0.00    0.00    0.00    0.00    0.00    0.00   81.52
05:52:06 AM    1    6.19    0.00   14.43    0.00    1.03    0.00    0.00    0.00    0.00   78.35
05:52:06 AM    2    0.00    0.00    0.00    0.00    0.00   19.80    0.00    0.00    0.00   80.20
05:52:06 AM    3    0.00    0.00    0.00    0.00    0.00   37.00    0.00    0.00    0.00   63.00
05:52:06 AM    4    0.00    0.00    0.00    0.00    0.00    0.00    0.00    0.00    0.00  100.00
05:52:06 AM    5    0.00    0.00    0.00    0.00    0.00    0.00    0.00    0.00    0.00  100.00
05:52:06 AM    6    0.00    0.00    0.00    0.00    0.00    0.00    0.00    0.00    0.00  100.00
05:52:06 AM    7    0.00    0.00    0.00    0.00    0.00   16.16    0.00    0.00    0.00   83.84

05:52:06 AM  CPU    %usr   %nice    %sys %iowait    %irq   %soft  %steal  %guest  %gnice   %idle
05:52:07 AM  all    1.15    0.00    3.56    0.00    0.00    9.03    0.00    0.00    0.00   86.26
05:52:07 AM    0    4.26    0.00   15.96    0.00    0.00    0.00    0.00    0.00    0.00   79.79
05:52:07 AM    1    5.38    0.00   13.98    0.00    0.00    0.00    0.00    0.00    0.00   80.65
05:52:07 AM    2    0.00    0.00    0.00    0.00    0.00   18.18    0.00    0.00    0.00   81.82
05:52:07 AM    3    0.00    0.00    0.00    0.00    0.00   36.00    0.00    0.00    0.00   64.00
05:52:07 AM    4    0.00    0.00    0.00    0.00    0.00    0.00    0.00    0.00    0.00  100.00
05:52:07 AM    5    0.00    0.00    0.00    0.00    0.00    0.00    0.00    0.00    0.00  100.00
05:52:07 AM    6    0.00    0.00    0.00    0.00    0.00    0.00    0.00    0.00    0.00  100.00
05:52:07 AM    7    0.00    0.00    0.00    0.00    0.00   17.00    0.00    0.00    0.00   83.00

05:52:07 AM  CPU    %usr   %nice    %sys %iowait    %irq   %soft  %steal  %guest  %gnice   %idle
05:52:08 AM  all    1.52    0.00    3.66    0.00    0.13    9.09    0.00    0.00    0.00   85.61
05:52:08 AM    0    7.22    0.00   15.46    0.00    0.00    0.00    0.00    0.00    0.00   77.32
05:52:08 AM    1    5.26    0.00   14.74    0.00    0.00    0.00    0.00    0.00    0.00   80.00
05:52:08 AM    2    0.00    0.00    0.00    0.00    0.00   19.00    0.00    0.00    0.00   81.00
05:52:08 AM    3    0.00    0.00    0.00    0.00    1.00   36.00    0.00    0.00    0.00   63.00
05:52:08 AM    4    0.00    0.00    0.00    0.00    0.00    0.00    0.00    0.00    0.00  100.00
05:52:08 AM    5    0.00    0.00    0.00    0.00    0.00    0.00    0.00    0.00    0.00  100.00
05:52:08 AM    6    0.00    0.00    0.00    0.00    0.00    0.00    0.00    0.00    0.00  100.00
05:52:08 AM    7    0.00    0.00    0.00    0.00    0.00   17.00    0.00    0.00    0.00   83.00

05:52:08 AM  CPU    %usr   %nice    %sys %iowait    %irq   %soft  %steal  %guest  %gnice   %idle
05:52:09 AM  all    1.26    0.00    3.67    0.13    0.00    9.10    0.00    0.00    0.00   85.84
05:52:09 AM    0    5.21    0.00   14.58    1.04    0.00    1.04    0.00    0.00    0.00   78.12
05:52:09 AM    1    5.21    0.00   15.62    0.00    0.00    0.00    0.00    0.00    0.00   79.17
05:52:09 AM    2    0.00    0.00    0.00    0.00    0.00   19.00    0.00    0.00    0.00   81.00
05:52:09 AM    3    0.00    0.00    0.00    0.00    0.00   36.00    0.00    0.00    0.00   64.00
05:52:09 AM    4    0.00    0.00    0.00    0.00    0.00    0.00    0.00    0.00    0.00  100.00
05:52:09 AM    5    0.00    0.00    0.00    0.00    0.00    0.00    0.00    0.00    0.00  100.00
05:52:09 AM    6    0.00    0.00    0.00    0.00    0.00    0.00    0.00    0.00    0.00  100.00
05:52:09 AM    7    0.00    0.00    0.00    0.00    0.00   16.16    0.00    0.00    0.00   83.84

05:52:09 AM  CPU    %usr   %nice    %sys %iowait    %irq   %soft  %steal  %guest  %gnice   %idle
05:52:10 AM  all    1.38    0.00    3.65    0.00    0.25    9.18    0.00    0.00    0.00   85.53
05:52:10 AM    0    5.15    0.00   14.43    0.00    1.03    0.00    0.00    0.00    0.00   79.38
05:52:10 AM    1    6.19    0.00   15.46    0.00    0.00    0.00    0.00    0.00    0.00   78.35
05:52:10 AM    2    0.00    0.00    0.00    0.00    0.00   19.00    0.00    0.00    0.00   81.00
05:52:10 AM    3    0.00    0.00    0.00    0.00    0.00   37.00    0.00    0.00    0.00   63.00
05:52:10 AM    4    0.00    0.00    0.00    0.00    0.00    0.00    0.00    0.00    0.00  100.00
05:52:10 AM    5    0.00    0.00    0.00    0.00    0.00    0.00    0.00    0.00    0.00  100.00
05:52:10 AM    6    0.00    0.00    0.00    0.00    0.00    0.00    0.00    0.00    0.00  100.00
05:52:10 AM    7    0.00    0.00    0.00    0.00    0.99   16.83    0.00    0.00    0.00   82.18

05:52:10 AM  CPU    %usr   %nice    %sys %iowait    %irq   %soft  %steal  %guest  %gnice   %idle
05:52:11 AM  all    1.52    0.00    3.66    0.13    0.13    9.09    0.00    0.00    0.00   85.48
05:52:11 AM    0    5.26    0.00   15.79    0.00    0.00    0.00    0.00    0.00    0.00   78.95
05:52:11 AM    1    7.29    0.00   14.58    1.04    0.00    0.00    0.00    0.00    0.00   77.08
05:52:11 AM    2    0.00    0.00    0.00    0.00    0.99   18.81    0.00    0.00    0.00   80.20
05:52:11 AM    3    0.00    0.00    0.00    0.00    0.00   36.00    0.00    0.00    0.00   64.00
05:52:11 AM    4    0.00    0.00    0.00    0.00    0.00    0.00    0.00    0.00    0.00  100.00
05:52:11 AM    5    0.00    0.00    0.00    0.00    0.00    0.00    0.00    0.00    0.00  100.00
05:52:11 AM    6    0.00    0.00    0.00    0.00    0.00    0.00    0.00    0.00    0.00  100.00
05:52:11 AM    7    0.00    0.00    0.00    0.00    0.00   17.00    0.00    0.00    0.00   83.00

05:52:11 AM  CPU    %usr   %nice    %sys %iowait    %irq   %soft  %steal  %guest  %gnice   %idle
05:52:12 AM  all    1.51    0.00    3.90    0.00    0.13    8.94    0.00    0.00    0.00   85.52
05:52:12 AM    0    6.32    0.00   14.74    0.00    0.00    0.00    0.00    0.00    0.00   78.95
05:52:12 AM    1    6.06    0.00   17.17    0.00    0.00    0.00    0.00    0.00    0.00   76.77
05:52:12 AM    2    0.00    0.00    0.00    0.00    0.00   19.00    0.00    0.00    0.00   81.00
05:52:12 AM    3    0.00    0.00    0.00    0.00    1.00   36.00    0.00    0.00    0.00   63.00
05:52:12 AM    4    0.00    0.00    0.00    0.00    0.00    0.00    0.00    0.00    0.00  100.00
05:52:12 AM    5    0.00    0.00    0.00    0.00    0.00    0.00    0.00    0.00    0.00  100.00
05:52:12 AM    6    0.00    0.00    0.00    0.00    0.00    0.00    0.00    0.00    0.00  100.00
05:52:12 AM    7    0.00    0.00    0.00    0.00    0.00   16.00    0.00    0.00    0.00   84.00

05:52:12 AM  CPU    %usr   %nice    %sys %iowait    %irq   %soft  %steal  %guest  %gnice   %idle
05:52:13 AM  all    1.27    0.00    3.44    0.00    0.00    9.29    0.00    0.00    0.00   86.01
05:52:13 AM    0    5.38    0.00   13.98    0.00    0.00    0.00    0.00    0.00    0.00   80.65
05:52:13 AM    1    5.32    0.00   14.89    0.00    0.00    0.00    0.00    0.00    0.00   79.79
05:52:13 AM    2    0.00    0.00    0.00    0.00    0.00   19.19    0.00    0.00    0.00   80.81
05:52:13 AM    3    0.00    0.00    0.00    0.00    0.00   37.00    0.00    0.00    0.00   63.00
05:52:13 AM    4    0.00    0.00    0.00    0.00    0.00    0.00    0.00    0.00    0.00  100.00
05:52:13 AM    5    0.00    0.00    0.00    0.00    0.00    0.00    0.00    0.00    0.00  100.00
05:52:13 AM    6    0.00    0.00    0.00    0.00    0.00    0.00    0.00    0.00    0.00  100.00
05:52:13 AM    7    0.00    0.00    0.00    0.00    0.00   17.00    0.00    0.00    0.00   83.00

05:52:13 AM  CPU    %usr   %nice    %sys %iowait    %irq   %soft  %steal  %guest  %gnice   %idle
05:52:14 AM  all    1.64    0.00    3.77    0.00    0.00    9.31    0.00    0.00    0.00   85.28
05:52:14 AM    0    5.26    0.00   15.79    0.00    0.00    0.00    0.00    0.00    0.00   78.95
05:52:14 AM    1    8.00    0.00   15.00    0.00    0.00    1.00    0.00    0.00    0.00   76.00
05:52:14 AM    2    0.00    0.00    0.00    0.00    0.00   19.00    0.00    0.00    0.00   81.00
05:52:14 AM    3    0.00    0.00    0.00    0.00    0.00   37.00    0.00    0.00    0.00   63.00
05:52:14 AM    4    0.00    0.00    0.00    0.00    0.00    0.00    0.00    0.00    0.00  100.00
05:52:14 AM    5    0.00    0.00    0.00    0.00    0.00    0.00    0.00    0.00    0.00  100.00
05:52:14 AM    6    0.00    0.00    0.00    0.00    0.00    0.00    0.00    0.00    0.00  100.00
05:52:14 AM    7    0.00    0.00    0.00    0.00    0.00   17.00    0.00    0.00    0.00   83.00

05:52:14 AM  CPU    %usr   %nice    %sys %iowait    %irq   %soft  %steal  %guest  %gnice   %idle
05:52:15 AM  all    1.39    0.00    3.79    0.00    0.13    8.98    0.00    0.00    0.00   85.71
05:52:15 AM    0    6.32    0.00   13.68    0.00    0.00    0.00    0.00    0.00    0.00   80.00
05:52:15 AM    1    5.15    0.00   16.49    0.00    1.03    0.00    0.00    0.00    0.00   77.32
05:52:15 AM    2    0.00    0.00    0.00    0.00    0.00   19.00    0.00    0.00    0.00   81.00
05:52:15 AM    3    0.00    0.00    0.00    0.00    0.00   36.36    0.00    0.00    0.00   63.64
05:52:15 AM    4    0.00    0.00    0.00    0.00    0.00    0.00    0.00    0.00    0.00  100.00
05:52:15 AM    5    0.00    0.00    0.00    0.00    0.00    0.00    0.00    0.00    0.00  100.00
05:52:15 AM    6    0.00    0.00    0.00    0.00    0.00    0.00    0.00    0.00    0.00  100.00
05:52:15 AM    7    0.00    0.00    1.00    0.00    0.00   16.00    0.00    0.00    0.00   83.00

05:52:15 AM  CPU    %usr   %nice    %sys %iowait    %irq   %soft  %steal  %guest  %gnice   %idle
05:52:16 AM  all    1.38    0.00    4.03    0.00    0.25    9.18    0.00    0.00    0.00   85.16
05:52:16 AM    0    6.19    0.00   14.43    0.00    1.03    0.00    0.00    0.00    0.00   78.35
05:52:16 AM    1    5.10    0.00   18.37    0.00    0.00    0.00    0.00    0.00    0.00   76.53
05:52:16 AM    2    0.00    0.00    0.00    0.00    0.00   19.19    0.00    0.00    0.00   80.81
05:52:16 AM    3    0.00    0.00    0.00    0.00    0.00   37.00    0.00    0.00    0.00   63.00
05:52:16 AM    4    0.00    0.00    0.00    0.00    0.00    0.00    0.00    0.00    0.00  100.00
05:52:16 AM    5    0.00    0.00    0.00    0.00    0.00    0.00    0.00    0.00    0.00  100.00
05:52:16 AM    6    0.00    0.00    0.00    0.00    0.00    0.00    0.00    0.00    0.00  100.00
05:52:16 AM    7    0.00    0.00    0.00    0.00    0.99   16.83    0.00    0.00    0.00   82.18

05:52:16 AM  CPU    %usr   %nice    %sys %iowait    %irq   %soft  %steal  %guest  %gnice   %idle
05:52:17 AM  all    1.40    0.00    4.71    0.00    0.13    9.41    0.00    0.00    0.00   84.35
05:52:17 AM    0    6.45    0.00   19.35    0.00    0.00    0.00    0.00    0.00    0.00   74.19
05:52:17 AM    1    5.49    0.00   18.68    0.00    0.00    0.00    0.00    0.00    0.00   75.82
05:52:17 AM    2    0.00    0.00    0.00    0.00    0.00   19.00    0.00    0.00    0.00   81.00
05:52:17 AM    3    0.00    0.00    1.98    0.00    0.99   37.62    0.00    0.00    0.00   59.41
05:52:17 AM    4    0.00    0.00    0.00    0.00    0.00    0.00    0.00    0.00    0.00  100.00
05:52:17 AM    5    0.00    0.00    0.00    0.00    0.00    0.99    0.00    0.00    0.00   99.01
05:52:17 AM    6    0.00    0.00    0.00    0.00    0.00    0.00    0.00    0.00    0.00  100.00
05:52:17 AM    7    0.00    0.00    0.00    0.00    0.00   16.00    0.00    0.00    0.00   84.00

05:52:17 AM  CPU    %usr   %nice    %sys %iowait    %irq   %soft  %steal  %guest  %gnice   %idle
05:52:18 AM  all    1.27    0.00    5.08    0.13    0.38    9.52    0.00    0.00    0.00   83.63
05:52:18 AM    0    4.35    0.00   18.48    0.00    1.09    0.00    0.00    0.00    0.00   76.09
05:52:18 AM    1    6.32    0.00   20.00    1.05    1.05    0.00    0.00    0.00    0.00   71.58
05:52:18 AM    2    0.00    0.00    0.98    0.00    0.98   19.61    0.00    0.00    0.00   78.43
05:52:18 AM    3    0.00    0.00    3.00    0.00    0.00   38.00    0.00    0.00    0.00   59.00
05:52:18 AM    4    0.00    0.00    0.00    0.00    0.00    0.00    0.00    0.00    0.00  100.00
05:52:18 AM    5    0.00    0.00    0.00    0.00    0.00    0.00    0.00    0.00    0.00  100.00
05:52:18 AM    6    0.00    0.00    0.00    0.00    0.00    0.00    0.00    0.00    0.00  100.00
05:52:18 AM    7    0.00    0.00    0.00    0.00    0.00   17.17    0.00    0.00    0.00   82.83

05:52:18 AM  CPU    %usr   %nice    %sys %iowait    %irq   %soft  %steal  %guest  %gnice   %idle
05:52:19 AM  all    1.67    0.00    4.88    0.00    0.00    9.50    0.00    0.00    0.00   83.95
05:52:19 AM    0    6.74    0.00   19.10    0.00    0.00    0.00    0.00    0.00    0.00   74.16
05:52:19 AM    1    7.78    0.00   18.89    0.00    0.00    0.00    0.00    0.00    0.00   73.33
05:52:19 AM    2    0.00    0.00    0.00    0.00    0.00   19.00    0.00    0.00    0.00   81.00
05:52:19 AM    3    0.00    0.00    4.00    0.00    0.00   38.00    0.00    0.00    0.00   58.00
05:52:19 AM    4    0.00    0.00    0.00    0.00    0.00    0.00    0.00    0.00    0.00  100.00
05:52:19 AM    5    0.00    0.00    0.00    0.00    0.00    0.00    0.00    0.00    0.00  100.00
05:52:19 AM    6    0.00    0.00    0.00    0.00    0.00    0.00    0.00    0.00    0.00  100.00
05:52:19 AM    7    0.00    0.00    0.00    0.00    0.00   17.00    0.00    0.00    0.00   83.00

05:52:19 AM  CPU    %usr   %nice    %sys %iowait    %irq   %soft  %steal  %guest  %gnice   %idle
05:52:20 AM  all    1.64    0.00    4.68    0.00    0.13    9.48    0.00    0.00    0.00   84.07
05:52:20 AM    0    7.37    0.00   17.89    0.00    1.05    0.00    0.00    0.00    0.00   73.68
05:52:20 AM    1    6.25    0.00   19.79    0.00    0.00    0.00    0.00    0.00    0.00   73.96
05:52:20 AM    2    0.00    0.00    0.00    0.00    0.00   20.00    0.00    0.00    0.00   80.00
05:52:20 AM    3    0.00    0.00    1.00    0.00    0.00   38.00    0.00    0.00    0.00   61.00
05:52:20 AM    4    0.00    0.00    0.00    0.00    0.00    0.00    0.00    0.00    0.00  100.00
05:52:20 AM    5    0.00    0.00    0.00    0.00    0.00    0.00    0.00    0.00    0.00  100.00
05:52:20 AM    6    0.00    0.00    0.00    0.00    0.00    0.00    0.00    0.00    0.00  100.00
05:52:20 AM    7    0.00    0.00    0.00    0.00    0.00   17.00    0.00    0.00    0.00   83.00

05:52:20 AM  CPU    %usr   %nice    %sys %iowait    %irq   %soft  %steal  %guest  %gnice   %idle
05:52:21 AM  all    1.65    0.00    5.22    0.00    0.13    9.41    0.00    0.00    0.00   83.59
05:52:21 AM    0    6.45    0.00   21.51    0.00    0.00    0.00    0.00    0.00    0.00   72.04
05:52:21 AM    1    7.53    0.00   20.43    0.00    1.08    0.00    0.00    0.00    0.00   70.97
05:52:21 AM    2    0.00    0.00    0.00    0.00    0.00   19.00    0.00    0.00    0.00   81.00
05:52:21 AM    3    0.00    0.00    2.00    0.00    0.00   38.00    0.00    0.00    0.00   60.00
05:52:21 AM    4    0.00    0.00    0.00    0.00    0.00    0.00    0.00    0.00    0.00  100.00
05:52:21 AM    5    0.00    0.00    0.00    0.00    0.00    0.00    0.00    0.00    0.00  100.00
05:52:21 AM    6    0.00    0.00    0.00    0.00    0.00    0.00    0.00    0.00    0.00  100.00
05:52:21 AM    7    0.00    0.00    0.00    0.00    0.00   17.00    0.00    0.00    0.00   83.00

05:52:21 AM  CPU    %usr   %nice    %sys %iowait    %irq   %soft  %steal  %guest  %gnice   %idle
05:52:22 AM  all    1.66    0.00    4.33    0.00    0.38    9.55    0.00    0.00    0.00   84.08
05:52:22 AM    0    7.53    0.00   17.20    0.00    1.08    0.00    0.00    0.00    0.00   74.19
05:52:22 AM    1    6.45    0.00   18.28    0.00    1.08    0.00    0.00    0.00    0.00   74.19
05:52:22 AM    2    0.00    0.00    0.00    0.00    0.00   19.19    0.00    0.00    0.00   80.81
05:52:22 AM    3    0.00    0.00    1.00    0.00    1.00   39.00    0.00    0.00    0.00   59.00
05:52:22 AM    4    0.00    0.00    0.00    0.00    0.00    0.00    0.00    0.00    0.00  100.00
05:52:22 AM    5    0.00    0.00    0.00    0.00    0.00    0.00    0.00    0.00    0.00  100.00
05:52:22 AM    6    0.00    0.00    0.00    0.00    0.00    0.00    0.00    0.00    0.00  100.00
05:52:22 AM    7    0.00    0.00    0.00    0.00    0.00   17.00    0.00    0.00    0.00   83.00

05:52:22 AM  CPU    %usr   %nice    %sys %iowait    %irq   %soft  %steal  %guest  %gnice   %idle
05:52:23 AM  all    1.53    0.00    4.46    0.00    0.13    9.57    0.00    0.00    0.00   84.31
05:52:23 AM    0    6.52    0.00   17.39    0.00    0.00    0.00    0.00    0.00    0.00   76.09
05:52:23 AM    1    6.52    0.00   19.57    0.00    0.00    0.00    0.00    0.00    0.00   73.91
05:52:23 AM    2    0.00    0.00    0.00    0.00    0.00   20.00    0.00    0.00    0.00   80.00
05:52:23 AM    3    0.00    0.00    1.00    0.00    0.00   39.00    0.00    0.00    0.00   60.00
05:52:23 AM    4    0.00    0.00    0.00    0.00    0.00    0.00    0.00    0.00    0.00  100.00
05:52:23 AM    5    0.00    0.00    0.00    0.00    0.00    0.00    0.00    0.00    0.00  100.00
05:52:23 AM    6    0.00    0.00    0.00    0.00    0.00    0.00    0.00    0.00    0.00  100.00
05:52:23 AM    7    0.00    0.00    0.00    0.00    1.00   16.00    0.00    0.00    0.00   83.00

05:52:23 AM  CPU    %usr   %nice    %sys %iowait    %irq   %soft  %steal  %guest  %gnice   %idle
05:52:24 AM  all    1.64    0.00    4.78    0.00    0.25    9.31    0.00    0.00    0.00   84.03
05:52:24 AM    0    6.25    0.00   17.71    0.00    1.04    0.00    0.00    0.00    0.00   75.00
05:52:24 AM    1    7.14    0.00   20.41    0.00    0.00    0.00    0.00    0.00    0.00   72.45
05:52:24 AM    2    0.00    0.00    0.00    0.00    0.99   18.81    0.00    0.00    0.00   80.20
05:52:24 AM    3    0.00    0.00    1.00    0.00    0.00   38.00    0.00    0.00    0.00   61.00
05:52:24 AM    4    0.00    0.00    0.00    0.00    0.00    0.00    0.00    0.00    0.00  100.00
05:52:24 AM    5    0.00    0.00    0.00    0.00    0.00    0.00    0.00    0.00    0.00  100.00
05:52:24 AM    6    0.00    0.00    0.00    0.00    0.00    0.00    0.00    0.00    0.00  100.00
05:52:24 AM    7    0.00    0.00    0.00    0.00    0.00   17.00    0.00    0.00    0.00   83.00

05:52:24 AM  CPU    %usr   %nice    %sys %iowait    %irq   %soft  %steal  %guest  %gnice   %idle
05:52:25 AM  all    1.90    0.00    5.70    0.00    0.13    9.37    0.00    0.00    0.00   82.91
05:52:25 AM    0    8.42    0.00   22.11    0.00    0.00    0.00    0.00    0.00    0.00   69.47
05:52:25 AM    1    7.29    0.00   22.92    0.00    1.04    0.00    0.00    0.00    0.00   68.75
05:52:25 AM    2    0.00    0.00    0.00    0.00    0.00   19.00    0.00    0.00    0.00   81.00
05:52:25 AM    3    0.00    0.00    2.02    0.00    0.00   38.38    0.00    0.00    0.00   59.60
05:52:25 AM    4    0.00    0.00    0.00    0.00    0.00    0.00    0.00    0.00    0.00  100.00
05:52:25 AM    5    0.00    0.00    0.00    0.00    0.00    0.00    0.00    0.00    0.00  100.00
05:52:25 AM    6    0.00    0.00    0.00    0.00    0.00    0.00    0.00    0.00    0.00  100.00
05:52:25 AM    7    0.00    0.00    0.00    0.00    0.00   17.00    0.00    0.00    0.00   83.00

05:52:25 AM  CPU    %usr   %nice    %sys %iowait    %irq   %soft  %steal  %guest  %gnice   %idle
05:52:26 AM  all    1.90    0.00    5.71    0.00    0.25    9.14    0.00    0.00    0.00   82.99
05:52:26 AM    0    6.45    0.00   21.51    0.00    1.08    0.00    0.00    0.00    0.00   70.97
05:52:26 AM    1    9.38    0.00   19.79    0.00    1.04    0.00    0.00    0.00    0.00   69.79
05:52:26 AM    2    0.00    0.00    0.00    0.00    0.00   19.19    0.00    0.00    0.00   80.81
05:52:26 AM    3    0.00    0.00    6.00    0.00    0.00   36.00    0.00    0.00    0.00   58.00
05:52:26 AM    4    0.00    0.00    0.00    0.00    0.00    0.00    0.00    0.00    0.00  100.00
05:52:26 AM    5    0.00    0.00    0.00    0.00    0.00    0.00    0.00    0.00    0.00  100.00
05:52:26 AM    6    0.00    0.00    0.00    0.00    0.00    0.00    0.00    0.00    0.00  100.00
05:52:26 AM    7    0.00    0.00    0.00    0.00    0.00   17.00    0.00    0.00    0.00   83.00

05:52:26 AM  CPU    %usr   %nice    %sys %iowait    %irq   %soft  %steal  %guest  %gnice   %idle
05:52:27 AM  all    1.75    0.00    4.76    0.13    0.25    9.15    0.00    0.00    0.00   83.96
05:52:27 AM    0    7.22    0.00   18.56    0.00    1.03    0.00    0.00    0.00    0.00   73.20
05:52:27 AM    1    7.07    0.00   20.20    1.01    0.00    0.00    0.00    0.00    0.00   71.72
05:52:27 AM    2    0.00    0.00    0.00    0.00    0.00   18.81    0.00    0.00    0.00   81.19
05:52:27 AM    3    0.00    0.00    0.00    0.00    0.98   37.25    0.00    0.00    0.00   61.76
05:52:27 AM    4    0.00    0.00    0.00    0.00    0.00    0.00    0.00    0.00    0.00  100.00
05:52:27 AM    5    0.00    0.00    0.00    0.00    0.00    0.00    0.00    0.00    0.00  100.00
05:52:27 AM    6    0.00    0.00    0.00    0.00    0.00    0.00    0.00    0.00    0.00  100.00
05:52:27 AM    7    0.00    0.00    0.00    0.00    0.00   16.16    0.00    0.00    0.00   83.84

05:52:27 AM  CPU    %usr   %nice    %sys %iowait    %irq   %soft  %steal  %guest  %gnice   %idle
05:52:28 AM  all    1.89    0.00    5.30    0.00    0.13    9.22    0.00    0.00    0.00   83.46
05:52:28 AM    0    7.29    0.00   20.83    0.00    0.00    1.04    0.00    0.00    0.00   70.83
05:52:28 AM    1    8.16    0.00   20.41    0.00    1.02    0.00    0.00    0.00    0.00   70.41
05:52:28 AM    2    0.00    0.00    0.00    0.00    0.00   18.18    0.00    0.00    0.00   81.82
05:52:28 AM    3    0.00    0.00    2.02    0.00    0.00   37.37    0.00    0.00    0.00   60.61
05:52:28 AM    4    0.00    0.00    0.00    0.00    0.00    0.00    0.00    0.00    0.00  100.00
05:52:28 AM    5    0.00    0.00    0.00    0.00    0.00    0.00    0.00    0.00    0.00  100.00
05:52:28 AM    6    0.00    0.00    0.00    0.00    0.00    0.00    0.00    0.00    0.00  100.00
05:52:28 AM    7    0.00    0.00    0.00    0.00    0.00   17.00    0.00    0.00    0.00   83.00

05:52:28 AM  CPU    %usr   %nice    %sys %iowait    %irq   %soft  %steal  %guest  %gnice   %idle
05:52:29 AM  all    1.65    0.00    5.20    0.13    0.13    9.64    0.00    0.00    0.00   83.25
05:52:29 AM    0    7.45    0.00   19.15    1.06    1.06    0.00    0.00    0.00    0.00   71.28
05:52:29 AM    1    6.45    0.00   22.58    0.00    0.00    0.00    0.00    0.00    0.00   70.97
05:52:29 AM    2    0.00    0.00    0.00    0.00    0.00   20.00    0.00    0.00    0.00   80.00
05:52:29 AM    3    0.00    0.00    2.00    0.00    0.00   39.00    0.00    0.00    0.00   59.00
05:52:29 AM    4    0.00    0.00    0.00    0.00    0.00    0.00    0.00    0.00    0.00  100.00
05:52:29 AM    5    0.00    0.00    0.00    0.00    0.00    0.00    0.00    0.00    0.00  100.00
05:52:29 AM    6    0.00    0.00    0.00    0.00    0.00    0.00    0.00    0.00    0.00  100.00
05:52:29 AM    7    0.00    0.00    0.00    0.00    0.00   17.00    0.00    0.00    0.00   83.00

05:52:29 AM  CPU    %usr   %nice    %sys %iowait    %irq   %soft  %steal  %guest  %gnice   %idle
05:52:30 AM  all    1.90    0.00    4.93    0.00    0.25    9.36    0.00    0.00    0.00   83.57
05:52:30 AM    0    8.60    0.00   19.35    0.00    0.00    0.00    0.00    0.00    0.00   72.04
05:52:30 AM    1    7.29    0.00   21.88    0.00    1.04    0.00    0.00    0.00    0.00   69.79
05:52:30 AM    2    0.00    0.00    0.00    0.00    0.00   18.00    0.00    0.00    0.00   82.00
05:52:30 AM    3    0.00    0.00    0.00    0.00    0.00   39.00    0.00    0.00    0.00   61.00
05:52:30 AM    4    0.00    0.00    0.00    0.00    0.00    0.00    0.00    0.00    0.00  100.00
05:52:30 AM    5    0.00    0.00    0.00    0.00    0.00    0.00    0.00    0.00    0.00  100.00
05:52:30 AM    6    0.00    0.00    0.00    0.00    0.00    0.00    0.00    0.00    0.00  100.00
05:52:30 AM    7    0.00    0.00    0.00    0.00    0.98   16.67    0.00    0.00    0.00   82.35

05:52:30 AM  CPU    %usr   %nice    %sys %iowait    %irq   %soft  %steal  %guest  %gnice   %idle
05:52:31 AM  all    1.66    0.00    4.59    0.00    0.13    9.17    0.00    0.00    0.00   84.46
05:52:31 AM    0    7.53    0.00   17.20    0.00    1.08    0.00    0.00    0.00    0.00   74.19
05:52:31 AM    1    6.38    0.00   20.21    0.00    0.00    0.00    0.00    0.00    0.00   73.40
05:52:31 AM    2    0.00    0.00    0.00    0.00    0.00   19.00    0.00    0.00    0.00   81.00
05:52:31 AM    3    0.00    0.00    1.01    0.00    0.00   37.37    0.00    0.00    0.00   61.62
05:52:31 AM    4    0.00    0.00    0.00    0.00    0.00    0.00    0.00    0.00    0.00  100.00
05:52:31 AM    5    0.00    0.00    0.00    0.00    0.00    0.00    0.00    0.00    0.00  100.00
05:52:31 AM    6    0.00    0.00    0.00    0.00    0.00    0.00    0.00    0.00    0.00  100.00
05:52:31 AM    7    0.00    0.00    0.00    0.00    0.00   16.16    0.00    0.00    0.00   83.84

05:52:31 AM  CPU    %usr   %nice    %sys %iowait    %irq   %soft  %steal  %guest  %gnice   %idle
05:52:32 AM  all    1.89    0.00    5.16    0.00    0.38    9.45    0.00    0.00    0.00   83.12
05:52:32 AM    0    7.37    0.00   18.95    0.00    1.05    0.00    0.00    0.00    0.00   72.63
05:52:32 AM    1    8.16    0.00   21.43    0.00    1.02    0.00    0.00    0.00    0.00   69.39
05:52:32 AM    2    0.00    0.00    0.00    0.00    1.00   19.00    0.00    0.00    0.00   80.00
05:52:32 AM    3    0.00    0.00    1.98    0.00    0.00   38.61    0.00    0.00    0.00   59.41
05:52:32 AM    4    0.00    0.00    0.00    0.00    0.00    0.00    0.00    0.00    0.00  100.00
05:52:32 AM    5    0.00    0.00    0.00    0.00    0.00    0.00    0.00    0.00    0.00  100.00
05:52:32 AM    6    0.00    0.00    0.00    0.00    0.00    0.00    0.00    0.00    0.00  100.00
05:52:32 AM    7    0.00    0.00    0.00    0.00    0.00   17.00    0.00    0.00    0.00   83.00

05:52:32 AM  CPU    %usr   %nice    %sys %iowait    %irq   %soft  %steal  %guest  %gnice   %idle
05:52:33 AM  all    1.91    0.00    5.10    0.00    0.26    9.31    0.00    0.00    0.00   83.42
05:52:33 AM    0    7.69    0.00   19.78    0.00    0.00    0.00    0.00    0.00    0.00   72.53
05:52:33 AM    1    8.51    0.00   20.21    0.00    1.06    1.06    0.00    0.00    0.00   69.15
05:52:33 AM    2    0.00    0.00    0.00    0.00    0.00   19.00    0.00    0.00    0.00   81.00
05:52:33 AM    3    0.00    0.00    3.00    0.00    1.00   37.00    0.00    0.00    0.00   59.00
05:52:33 AM    4    0.00    0.00    0.00    0.00    0.00    0.00    0.00    0.00    0.00  100.00
05:52:33 AM    5    0.00    0.00    0.00    0.00    0.00    0.00    0.00    0.00    0.00  100.00
05:52:33 AM    6    0.00    0.00    0.00    0.00    0.00    0.00    0.00    0.00    0.00  100.00
05:52:33 AM    7    0.00    0.00    0.00    0.00    0.00   16.16    0.00    0.00    0.00   83.84

05:52:33 AM  CPU    %usr   %nice    %sys %iowait    %irq   %soft  %steal  %guest  %gnice   %idle
05:52:34 AM  all    2.01    0.00    5.64    0.00    0.13    9.40    0.00    0.00    0.00   82.83
05:52:34 AM    0    7.14    0.00   22.45    0.00    1.02    0.00    0.00    0.00    0.00   69.39
05:52:34 AM    1    9.09    0.00   22.22    0.00    0.00    0.00    0.00    0.00    0.00   68.69
05:52:34 AM    2    0.00    0.00    0.00    0.00    0.00   19.00    0.00    0.00    0.00   81.00
05:52:34 AM    3    0.00    0.00    0.99    0.00    0.00   38.61    0.00    0.00    0.00   60.40
05:52:34 AM    4    0.00    0.00    0.00    0.00    0.00    0.00    0.00    0.00    0.00  100.00
05:52:34 AM    5    0.00    0.00    0.00    0.00    0.00    0.00    0.00    0.00    0.00  100.00
05:52:34 AM    6    0.00    0.00    0.00    0.00    0.00    0.00    0.00    0.00    0.00  100.00
05:52:34 AM    7    0.00    0.00    0.00    0.00    0.00   17.00    0.00    0.00    0.00   83.00

05:52:34 AM  CPU    %usr   %nice    %sys %iowait    %irq   %soft  %steal  %guest  %gnice   %idle
05:52:35 AM  all    1.76    0.00    5.41    0.00    0.13    9.56    0.00    0.00    0.00   83.14
05:52:35 AM    0    7.22    0.00   21.65    0.00    0.00    0.00    0.00    0.00    0.00   71.13
05:52:35 AM    1    7.07    0.00   22.22    0.00    1.01    0.00    0.00    0.00    0.00   69.70
05:52:35 AM    2    0.00    0.00    0.00    0.00    0.00   20.00    0.00    0.00    0.00   80.00
05:52:35 AM    3    0.00    0.00    0.00    0.00    0.00   39.39    0.00    0.00    0.00   60.61
05:52:35 AM    4    0.00    0.00    0.00    0.00    0.00    0.00    0.00    0.00    0.00  100.00
05:52:35 AM    5    0.00    0.00    0.00    0.00    0.00    0.00    0.00    0.00    0.00  100.00
05:52:35 AM    6    0.00    0.00    0.00    0.00    0.00    0.00    0.00    0.00    0.00  100.00
05:52:35 AM    7    0.00    0.00    0.00    0.00    0.00   17.00    0.00    0.00    0.00   83.00

05:52:35 AM  CPU    %usr   %nice    %sys %iowait    %irq   %soft  %steal  %guest  %gnice   %idle
05:52:36 AM  all    2.12    0.00    6.38    0.00    0.25    9.38    0.00    0.00    0.00   81.88
05:52:36 AM    0    8.00    0.00   25.00    0.00    1.00    0.00    0.00    0.00    0.00   66.00
05:52:36 AM    1    9.09    0.00   24.24    0.00    0.00    0.00    0.00    0.00    0.00   66.67
05:52:36 AM    2    0.00    0.00    0.00    0.00    0.00   19.00    0.00    0.00    0.00   81.00
05:52:36 AM    3    0.00    0.00    2.00    0.00    0.00   39.00    0.00    0.00    0.00   59.00
05:52:36 AM    4    0.00    0.00    0.00    0.00    0.00    0.00    0.00    0.00    0.00  100.00
05:52:36 AM    5    0.00    0.00    0.00    0.00    0.00    0.00    0.00    0.00    0.00  100.00
05:52:36 AM    6    0.00    0.00    0.00    0.00    0.00    0.00    0.00    0.00    0.00  100.00
05:52:36 AM    7    0.00    0.00    0.00    0.00    0.99   16.83    0.00    0.00    0.00   82.18

05:52:36 AM  CPU    %usr   %nice    %sys %iowait    %irq   %soft  %steal  %guest  %gnice   %idle
05:52:37 AM  all    1.78    0.00    5.33    0.00    0.13    9.52    0.00    0.00    0.00   83.25
05:52:37 AM    0    7.61    0.00   19.57    0.00    0.00    0.00    0.00    0.00    0.00   72.83
05:52:37 AM    1    7.22    0.00   20.62    0.00    1.03    0.00    0.00    0.00    0.00   71.13
05:52:37 AM    2    0.00    0.00    0.00    0.00    0.00   20.00    0.00    0.00    0.00   80.00
05:52:37 AM    3    0.00    0.00    4.00    0.00    0.00   38.00    0.00    0.00    0.00   58.00
05:52:37 AM    4    0.00    0.00    0.00    0.00    0.00    0.00    0.00    0.00    0.00  100.00
05:52:37 AM    5    0.00    0.00    0.00    0.00    0.00    0.00    0.00    0.00    0.00  100.00
05:52:37 AM    6    0.00    0.00    0.00    0.00    0.00    0.00    0.00    0.00    0.00  100.00
05:52:37 AM    7    0.00    0.00    0.00    0.00    0.00   17.17    0.00    0.00    0.00   82.83

05:52:37 AM  CPU    %usr   %nice    %sys %iowait    %irq   %soft  %steal  %guest  %gnice   %idle
05:52:38 AM  all    2.01    0.00    5.89    0.00    0.25    9.40    0.00    0.00    0.00   82.46
05:52:38 AM    0    9.09    0.00   21.21    0.00    1.01    0.00    0.00    0.00    0.00   68.69
05:52:38 AM    1    7.14    0.00   24.49    0.00    0.00    0.00    0.00    0.00    0.00   68.37
05:52:38 AM    2    0.00    0.00    0.00    0.00    0.00   19.19    0.00    0.00    0.00   80.81
05:52:38 AM    3    0.00    0.00    1.96    0.00    0.98   38.24    0.00    0.00    0.00   58.82
05:52:38 AM    4    0.00    0.00    0.00    0.00    0.00    0.00    0.00    0.00    0.00  100.00
05:52:38 AM    5    0.00    0.00    0.00    0.00    0.00    0.00    0.00    0.00    0.00  100.00
05:52:38 AM    6    0.00    0.00    0.00    0.00    0.00    0.00    0.00    0.00    0.00  100.00
05:52:38 AM    7    0.00    0.00    0.00    0.00    0.00   17.00    0.00    0.00    0.00   83.00

05:52:38 AM  CPU    %usr   %nice    %sys %iowait    %irq   %soft  %steal  %guest  %gnice   %idle
05:52:39 AM  all    1.75    0.00    4.88    0.00    0.25    9.01    0.00    0.00    0.00   84.11
05:52:39 AM    0    6.06    0.00   21.21    0.00    0.00    0.00    0.00    0.00    0.00   72.73
05:52:39 AM    1    8.00    0.00   18.00    0.00    1.00    0.00    0.00    0.00    0.00   73.00
05:52:39 AM    2    0.00    0.00    0.00    0.00    0.99   18.81    0.00    0.00    0.00   80.20
05:52:39 AM    3    0.00    0.00    0.00    0.00    0.00   37.37    0.00    0.00    0.00   62.63
05:52:39 AM    4    0.00    0.00    0.00    0.00    0.00    0.00    0.00    0.00    0.00  100.00
05:52:39 AM    5    0.00    0.00    0.00    0.00    0.00    0.00    0.00    0.00    0.00  100.00
05:52:39 AM    6    0.00    0.00    0.00    0.00    0.00    0.00    0.00    0.00    0.00  100.00
05:52:39 AM    7    0.00    0.00    0.00    0.00    0.00   16.00    0.00    0.00    0.00   84.00

05:52:39 AM  CPU    %usr   %nice    %sys %iowait    %irq   %soft  %steal  %guest  %gnice   %idle
05:52:40 AM  all    1.87    0.00    5.87    0.00    0.12    9.24    0.00    0.00    0.00   82.90
05:52:40 AM    0    8.00    0.00   21.00    0.00    1.00    0.00    0.00    0.00    0.00   70.00
05:52:40 AM    1    6.93    0.00   22.77    0.00    0.00    0.00    0.00    0.00    0.00   70.30
05:52:40 AM    2    0.00    0.00    0.00    0.00    0.00   20.00    0.00    0.00    0.00   80.00
05:52:40 AM    3    0.00    0.00    3.00    0.00    0.00   37.00    0.00    0.00    0.00   60.00
05:52:40 AM    4    0.00    0.00    0.00    0.00    0.00    0.00    0.00    0.00    0.00  100.00
05:52:40 AM    5    0.00    0.00    0.00    0.00    0.00    0.00    0.00    0.00    0.00  100.00
05:52:40 AM    6    0.00    0.00    0.00    0.00    0.00    0.00    0.00    0.00    0.00  100.00
05:52:40 AM    7    0.00    0.00    0.00    0.00    0.00   17.00    0.00    0.00    0.00   83.00

05:52:40 AM  CPU    %usr   %nice    %sys %iowait    %irq   %soft  %steal  %guest  %gnice   %idle
05:52:41 AM  all    2.00    0.00    5.26    0.00    0.00    9.26    0.00    0.00    0.00   83.48
05:52:41 AM    0    8.82    0.00   20.59    0.00    0.00    0.00    0.00    0.00    0.00   70.59
05:52:41 AM    1    7.07    0.00   21.21    0.00    0.00    0.00    0.00    0.00    0.00   71.72
05:52:41 AM    2    0.00    0.00    0.00    0.00    0.00   19.00    0.00    0.00    0.00   81.00
05:52:41 AM    3    0.00    0.00    0.00    0.00    0.00   38.38    0.00    0.00    0.00   61.62
05:52:41 AM    4    0.00    0.00    0.00    0.00    0.00    0.00    0.00    0.00    0.00  100.00
05:52:41 AM    5    0.00    0.00    0.00    0.00    0.00    0.00    0.00    0.00    0.00  100.00
05:52:41 AM    6    0.00    0.00    0.00    0.00    0.00    0.00    0.00    0.00    0.00  100.00
05:52:41 AM    7    0.00    0.00    0.00    0.00    0.00   17.17    0.00    0.00    0.00   82.83

05:52:41 AM  CPU    %usr   %nice    %sys %iowait    %irq   %soft  %steal  %guest  %gnice   %idle
05:52:42 AM  all    1.75    0.00    5.38    0.12    0.00    9.38    0.00    0.00    0.00   83.38
05:52:42 AM    0    7.22    0.00   19.59    0.00    0.00    0.00    0.00    0.00    0.00   73.20
05:52:42 AM    1    6.80    0.00   23.30    0.97    0.00    0.00    0.00    0.00    0.00   68.93
05:52:42 AM    2    0.00    0.00    0.00    0.00    0.00   19.19    0.00    0.00    0.00   80.81
05:52:42 AM    3    0.00    0.00    0.00    0.00    0.00   38.61    0.00    0.00    0.00   61.39
05:52:42 AM    4    0.00    0.00    0.00    0.00    0.00    0.00    0.00    0.00    0.00  100.00
05:52:42 AM    5    0.00    0.00    0.00    0.00    0.00    0.00    0.00    0.00    0.00  100.00
05:52:42 AM    6    0.00    0.00    0.00    0.00    0.00    0.00    0.00    0.00    0.00  100.00
05:52:42 AM    7    0.00    0.00    0.00    0.00    0.00   17.00    0.00    0.00    0.00   83.00

05:52:42 AM  CPU    %usr   %nice    %sys %iowait    %irq   %soft  %steal  %guest  %gnice   %idle
05:52:43 AM  all    2.01    0.00    5.65    0.00    0.50    9.55    0.00    0.00    0.00   82.29
05:52:43 AM    0    8.25    0.00   22.68    0.00    1.03    0.00    0.00    0.00    0.00   68.04
05:52:43 AM    1    8.25    0.00   22.68    0.00    1.03    0.00    0.00    0.00    0.00   68.04
05:52:43 AM    2    0.00    0.00    0.00    0.00    0.00   19.00    0.00    0.00    0.00   81.00
05:52:43 AM    3    0.00    0.00    0.99    0.00    0.99   39.60    0.00    0.00    0.00   58.42
05:52:43 AM    4    0.00    0.00    0.00    0.00    0.00    0.00    0.00    0.00    0.00  100.00
05:52:43 AM    5    0.00    0.00    0.00    0.00    0.00    0.00    0.00    0.00    0.00  100.00
05:52:43 AM    6    0.00    0.00    0.00    0.00    0.00    0.00    0.00    0.00    0.00  100.00
05:52:43 AM    7    0.00    0.00    0.00    0.00    0.99   16.83    0.00    0.00    0.00   82.18

05:52:43 AM  CPU    %usr   %nice    %sys %iowait    %irq   %soft  %steal  %guest  %gnice   %idle
05:52:44 AM  all    2.13    0.00    5.76    0.00    0.00    9.15    0.00    0.00    0.00   82.96
05:52:44 AM    0    9.28    0.00   19.59    0.00    0.00    0.00    0.00    0.00    0.00   71.13
05:52:44 AM    1    7.84    0.00   25.49    0.00    0.00    0.00    0.00    0.00    0.00   66.67
05:52:44 AM    2    0.00    0.00    0.00    0.00    0.00   19.00    0.00    0.00    0.00   81.00
05:52:44 AM    3    0.00    0.00    1.01    0.00    0.00   37.37    0.00    0.00    0.00   61.62
05:52:44 AM    4    0.00    0.00    0.00    0.00    0.00    0.00    0.00    0.00    0.00  100.00
05:52:44 AM    5    0.00    0.00    0.00    0.00    0.00    0.00    0.00    0.00    0.00  100.00
05:52:44 AM    6    0.00    0.00    0.00    0.00    0.00    0.00    0.00    0.00    0.00  100.00
05:52:44 AM    7    0.00    0.00    0.00    0.00    0.00   17.00    0.00    0.00    0.00   83.00

05:52:44 AM  CPU    %usr   %nice    %sys %iowait    %irq   %soft  %steal  %guest  %gnice   %idle
05:52:45 AM  all    1.88    0.00    5.28    0.00    0.38    9.42    0.00    0.00    0.00   83.04
05:52:45 AM    0    7.22    0.00   20.62    0.00    1.03    0.00    0.00    0.00    0.00   71.13
05:52:45 AM    1    8.16    0.00   19.39    0.00    1.02    0.00    0.00    0.00    0.00   71.43
05:52:45 AM    2    0.00    0.00    0.00    0.00    0.99   19.80    0.00    0.00    0.00   79.21
05:52:45 AM    3    0.00    0.00    3.00    0.00    0.00   38.00    0.00    0.00    0.00   59.00
05:52:45 AM    4    0.00    0.00    0.00    0.00    0.00    0.00    0.00    0.00    0.00  100.00
05:52:45 AM    5    0.00    0.00    0.00    0.00    0.00    0.00    0.00    0.00    0.00  100.00
05:52:45 AM    6    0.00    0.00    0.00    0.00    0.00    0.00    0.00    0.00    0.00  100.00
05:52:45 AM    7    0.00    0.00    0.00    0.00    0.00   17.00    0.00    0.00    0.00   83.00

05:52:45 AM  CPU    %usr   %nice    %sys %iowait    %irq   %soft  %steal  %guest  %gnice   %idle
05:52:46 AM  all    2.36    0.00    5.47    0.00    0.00    8.96    0.00    0.00    0.00   83.21
05:52:46 AM    0    9.90    0.00   18.81    0.00    0.00    0.00    0.00    0.00    0.00   71.29
05:52:46 AM    1    8.65    0.00   23.08    0.00    0.00    0.00    0.00    0.00    0.00   68.27
05:52:46 AM    2    0.00    0.00    0.00    0.00    0.00   18.18    0.00    0.00    0.00   81.82
05:52:46 AM    3    0.00    0.00    1.00    0.00    0.00   38.00    0.00    0.00    0.00   61.00
05:52:46 AM    4    0.00    0.00    0.00    0.00    0.00    0.00    0.00    0.00    0.00  100.00
05:52:46 AM    5    0.00    0.00    0.00    0.00    0.00    0.00    0.00    0.00    0.00  100.00
05:52:46 AM    6    0.00    0.00    0.00    0.00    0.00    0.00    0.00    0.00    0.00  100.00
05:52:46 AM    7    0.00    0.00    0.00    0.00    0.00   16.00    0.00    0.00    0.00   84.00

05:52:46 AM  CPU    %usr   %nice    %sys %iowait    %irq   %soft  %steal  %guest  %gnice   %idle
05:52:47 AM  all    2.01    0.00    6.02    0.00    0.25    9.41    0.00    0.00    0.00   82.31
05:52:47 AM    0    8.25    0.00   21.65    0.00    1.03    1.03    0.00    0.00    0.00   68.04
05:52:47 AM    1    7.84    0.00   25.49    0.00    0.98    0.00    0.00    0.00    0.00   65.69
05:52:47 AM    2    0.00    0.00    0.00    0.00    0.00   19.00    0.00    0.00    0.00   81.00
05:52:47 AM    3    0.00    0.00    1.01    0.00    0.00   39.39    0.00    0.00    0.00   59.60
05:52:47 AM    4    0.00    0.00    0.00    0.00    0.00    0.00    0.00    0.00    0.00  100.00
05:52:47 AM    5    0.00    0.00    0.00    0.00    0.00    0.00    0.00    0.00    0.00  100.00
05:52:47 AM    6    0.00    0.00    0.00    0.00    0.00    0.00    0.00    0.00    0.00  100.00
05:52:47 AM    7    0.00    0.00    0.00    0.00    0.00   16.16    0.00    0.00    0.00   83.84

05:52:47 AM  CPU    %usr   %nice    %sys %iowait    %irq   %soft  %steal  %guest  %gnice   %idle
05:52:48 AM  all    2.00    0.00    6.37    0.12    0.12    9.11    0.00    0.00    0.00   82.27
05:52:48 AM    0    7.00    0.00   24.00    0.00    1.00    0.00    0.00    0.00    0.00   68.00
05:52:48 AM    1    8.91    0.00   23.76    0.99    0.00    0.00    0.00    0.00    0.00   66.34
05:52:48 AM    2    0.00    0.00    0.00    0.00    0.00   19.00    0.00    0.00    0.00   81.00
05:52:48 AM    3    0.00    0.00    3.00    0.00    0.00   37.00    0.00    0.00    0.00   60.00
05:52:48 AM    4    0.00    0.00    0.00    0.00    0.00    0.00    0.00    0.00    0.00  100.00
05:52:48 AM    5    0.00    0.00    0.00    0.00    0.00    0.00    0.00    0.00    0.00  100.00
05:52:48 AM    6    0.00    0.00    0.00    0.00    0.00    0.00    0.00    0.00    0.00  100.00
05:52:48 AM    7    0.00    0.00    0.00    0.00    0.00   17.00    0.00    0.00    0.00   83.00

05:52:48 AM  CPU    %usr   %nice    %sys %iowait    %irq   %soft  %steal  %guest  %gnice   %idle
05:52:49 AM  all    2.00    0.00    5.36    0.00    0.37    9.23    0.00    0.00    0.00   83.04
05:52:49 AM    0    8.08    0.00   21.21    0.00    0.00    0.00    0.00    0.00    0.00   70.71
05:52:49 AM    1    7.92    0.00   20.79    0.00    0.99    0.00    0.00    0.00    0.00   70.30
05:52:49 AM    2    0.00    0.00    0.00    0.00    0.00   19.00    0.00    0.00    0.00   81.00
05:52:49 AM    3    0.00    0.00    0.99    0.00    0.99   37.62    0.00    0.00    0.00   60.40
05:52:49 AM    4    0.00    0.00    0.00    0.00    0.00    0.00    0.00    0.00    0.00  100.00
05:52:49 AM    5    0.00    0.00    0.00    0.00    0.00    0.00    0.00    0.00    0.00  100.00
05:52:49 AM    6    0.00    0.00    0.00    0.00    0.00    0.00    0.00    0.00    0.00  100.00
05:52:49 AM    7    0.00    0.00    0.00    0.00    0.99   16.83    0.00    0.00    0.00   82.18

05:52:49 AM  CPU    %usr   %nice    %sys %iowait    %irq   %soft  %steal  %guest  %gnice   %idle
05:52:50 AM  all    1.88    0.00    5.76    0.00    0.13    9.52    0.00    0.00    0.00   82.71
05:52:50 AM    0    6.12    0.00   23.47    0.00    1.02    0.00    0.00    0.00    0.00   69.39
05:52:50 AM    1    9.00    0.00   22.00    0.00    0.00    0.00    0.00    0.00    0.00   69.00
05:52:50 AM    2    0.00    0.00    0.00    0.00    0.00   20.00    0.00    0.00    0.00   80.00
05:52:50 AM    3    0.00    0.00    1.00    0.00    0.00   39.00    0.00    0.00    0.00   60.00
05:52:50 AM    4    0.00    0.00    0.00    0.00    0.00    0.00    0.00    0.00    0.00  100.00
05:52:50 AM    5    0.00    0.00    0.00    0.00    0.00    0.00    0.00    0.00    0.00  100.00
05:52:50 AM    6    0.00    0.00    0.00    0.00    0.00    0.00    0.00    0.00    0.00  100.00
05:52:50 AM    7    0.00    0.00    0.00    0.00    0.00   17.00    0.00    0.00    0.00   83.00

05:52:50 AM  CPU    %usr   %nice    %sys %iowait    %irq   %soft  %steal  %guest  %gnice   %idle
05:52:51 AM  all    2.35    0.00    6.31    0.00    0.12    9.03    0.00    0.00    0.00   82.18
05:52:51 AM    0    9.52    0.00   24.76    0.00    0.00    0.00    0.00    0.00    0.00   65.71
05:52:51 AM    1    8.65    0.00   23.08    0.00    0.96    0.00    0.00    0.00    0.00   67.31
05:52:51 AM    2    0.00    0.00    0.99    0.00    0.00   18.81    0.00    0.00    0.00   80.20
05:52:51 AM    3    0.00    0.00    0.00    0.00    0.00   38.38    0.00    0.00    0.00   61.62
05:52:51 AM    4    0.00    0.00    0.00    0.00    0.00    0.00    0.00    0.00    0.00  100.00
05:52:51 AM    5    0.00    0.00    0.00    0.00    0.00    0.00    0.00    0.00    0.00  100.00
05:52:51 AM    6    0.00    0.00    0.00    0.00    0.00    0.00    0.00    0.00    0.00  100.00
05:52:51 AM    7    0.00    0.00    0.00    0.00    0.00   16.16    0.00    0.00    0.00   83.84

05:52:51 AM  CPU    %usr   %nice    %sys %iowait    %irq   %soft  %steal  %guest  %gnice   %idle
05:52:52 AM  all    2.24    0.00    5.60    0.00    0.12    9.45    0.00    0.00    0.00   82.59
05:52:52 AM    0    9.00    0.00   21.00    0.00    0.00    0.00    0.00    0.00    0.00   70.00
05:52:52 AM    1    8.82    0.00   22.55    0.00    0.00    0.98    0.00    0.00    0.00   67.65
05:52:52 AM    2    0.00    0.00    0.00    0.00    0.99   18.81    0.00    0.00    0.00   80.20
05:52:52 AM    3    0.00    0.00    0.99    0.00    0.00   38.61    0.00    0.00    0.00   60.40
05:52:52 AM    4    0.00    0.00    0.00    0.00    0.00    0.00    0.00    0.00    0.00  100.00
05:52:52 AM    5    0.00    0.00    0.00    0.00    0.00    0.00    0.00    0.00    0.00  100.00
05:52:52 AM    6    0.00    0.00    0.00    0.00    0.00    0.00    0.00    0.00    0.00  100.00
05:52:52 AM    7    0.00    0.00    0.00    0.00    0.00   17.00    0.00    0.00    0.00   83.00

05:52:52 AM  CPU    %usr   %nice    %sys %iowait    %irq   %soft  %steal  %guest  %gnice   %idle
05:52:53 AM  all    1.99    0.00    5.73    0.00    0.25    9.22    0.00    0.00    0.00   82.81
05:52:53 AM    0    7.92    0.00   21.78    0.00    0.99    0.00    0.00    0.00    0.00   69.31
05:52:53 AM    1    7.84    0.00   23.53    0.00    0.00    0.00    0.00    0.00    0.00   68.63
05:52:53 AM    2    0.00    0.00    0.00    0.00    0.00   19.00    0.00    0.00    0.00   81.00
05:52:53 AM    3    0.00    0.00    0.00    0.00    1.00   38.00    0.00    0.00    0.00   61.00
05:52:53 AM    4    0.00    0.00    0.00    0.00    0.00    0.00    0.00    0.00    0.00  100.00
05:52:53 AM    5    0.00    0.00    0.00    0.00    0.00    0.00    0.00    0.00    0.00  100.00
05:52:53 AM    6    0.00    0.00    0.00    0.00    0.00    0.00    0.00    0.00    0.00  100.00
05:52:53 AM    7    0.00    0.00    0.00    0.00    0.00   17.00    0.00    0.00    0.00   83.00

05:52:53 AM  CPU    %usr   %nice    %sys %iowait    %irq   %soft  %steal  %guest  %gnice   %idle
05:52:54 AM  all    1.88    0.00    5.63    0.00    0.00    9.26    0.00    0.00    0.00   83.23
05:52:54 AM    0    6.06    0.00   22.22    0.00    0.00    0.00    0.00    0.00    0.00   71.72
05:52:54 AM    1    8.82    0.00   22.55    0.00    0.00    0.00    0.00    0.00    0.00   68.63
05:52:54 AM    2    0.00    0.00    0.00    0.00    0.00   19.19    0.00    0.00    0.00   80.81
05:52:54 AM    3    0.00    0.00    0.00    0.00    0.00   38.38    0.00    0.00    0.00   61.62
05:52:54 AM    4    0.00    0.00    0.00    0.00    0.00    0.00    0.00    0.00    0.00  100.00
05:52:54 AM    5    0.00    0.00    0.00    0.00    0.00    0.00    0.00    0.00    0.00  100.00
05:52:54 AM    6    0.00    0.00    0.00    0.00    0.00    0.00    0.00    0.00    0.00  100.00
05:52:54 AM    7    0.00    0.00    0.00    0.00    0.00   17.00    0.00    0.00    0.00   83.00

05:52:54 AM  CPU    %usr   %nice    %sys %iowait    %irq   %soft  %steal  %guest  %gnice   %idle
05:52:55 AM  all    1.75    0.00    5.49    0.00    0.25    9.24    0.00    0.00    0.00   83.27
05:52:55 AM    0    8.08    0.00   21.21    0.00    0.00    0.00    0.00    0.00    0.00   70.71
05:52:55 AM    1    6.00    0.00   22.00    0.00    1.00    0.00    0.00    0.00    0.00   71.00
05:52:55 AM    2    0.00    0.00    0.00    0.00    0.00   19.00    0.00    0.00    0.00   81.00
05:52:55 AM    3    0.00    0.00    0.00    0.00    0.00   38.61    0.00    0.00    0.00   61.39
05:52:55 AM    4    0.00    0.00    0.00    0.00    0.00    0.00    0.00    0.00    0.00  100.00
05:52:55 AM    5    0.00    0.00    0.00    0.00    0.00    0.00    0.00    0.00    0.00  100.00
05:52:55 AM    6    0.00    0.00    0.00    0.00    0.00    0.00    0.00    0.00    0.00  100.00
05:52:55 AM    7    0.00    0.00    0.99    0.00    0.99   15.84    0.00    0.00    0.00   82.18

05:52:55 AM  CPU    %usr   %nice    %sys %iowait    %irq   %soft  %steal  %guest  %gnice   %idle
05:52:56 AM  all    1.64    0.00    5.56    0.13    0.13    9.60    0.00    0.00    0.00   82.95
05:52:56 AM    0    6.25    0.00   20.83    1.04    1.04    0.00    0.00    0.00    0.00   70.83
05:52:56 AM    1    7.22    0.00   23.71    0.00    0.00    0.00    0.00    0.00    0.00   69.07
05:52:56 AM    2    0.00    0.00    0.00    0.00    0.00   20.00    0.00    0.00    0.00   80.00
05:52:56 AM    3    0.00    0.00    1.01    0.00    0.00   39.39    0.00    0.00    0.00   59.60
05:52:56 AM    4    0.00    0.00    0.00    0.00    0.00    0.00    0.00    0.00    0.00  100.00
05:52:56 AM    5    0.00    0.00    0.00    0.00    0.00    0.00    0.00    0.00    0.00  100.00
05:52:56 AM    6    0.00    0.00    0.00    0.00    0.00    0.00    0.00    0.00    0.00  100.00
05:52:56 AM    7    0.00    0.00    0.00    0.00    0.00   17.00    0.00    0.00    0.00   83.00

05:52:56 AM  CPU    %usr   %nice    %sys %iowait    %irq   %soft  %steal  %guest  %gnice   %idle
05:52:57 AM  all    1.40    0.00    5.74    0.00    0.26    9.44    0.00    0.00    0.00   83.16
05:52:57 AM    0    5.56    0.00   20.00    0.00    1.11    0.00    0.00    0.00    0.00   73.33
05:52:57 AM    1    6.45    0.00   21.51    0.00    1.08    0.00    0.00    0.00    0.00   70.97
05:52:57 AM    2    0.00    0.00    0.00    0.00    0.00   20.00    0.00    0.00    0.00   80.00
05:52:57 AM    3    0.00    0.00    7.00    0.00    0.00   36.00    0.00    0.00    0.00   57.00
05:52:57 AM    4    0.00    0.00    0.00    0.00    0.00    0.00    0.00    0.00    0.00  100.00
05:52:57 AM    5    0.00    0.00    0.00    0.00    0.00    0.00    0.00    0.00    0.00  100.00
05:52:57 AM    6    0.00    0.00    0.00    0.00    0.00    0.00    0.00    0.00    0.00  100.00
05:52:57 AM    7    0.00    0.00    0.00    0.00    0.00   17.82    0.00    0.00    0.00   82.18

05:52:57 AM  CPU    %usr   %nice    %sys %iowait    %irq   %soft  %steal  %guest  %gnice   %idle
05:52:58 AM  all    1.16    0.00    4.79    0.00    0.13    9.57    0.00    0.00    0.00   84.35
05:52:58 AM    0    5.75    0.00   19.54    0.00    0.00    0.00    0.00    0.00    0.00   74.71
05:52:58 AM    1    4.55    0.00   19.32    0.00    1.14    0.00    0.00    0.00    0.00   75.00
05:52:58 AM    2    0.00    0.00    0.00    0.00    0.00   19.19    0.00    0.00    0.00   80.81
05:52:58 AM    3    0.00    0.00    3.00    0.00    0.00   39.00    0.00    0.00    0.00   58.00
05:52:58 AM    4    0.00    0.00    0.00    0.00    0.00    0.00    0.00    0.00    0.00  100.00
05:52:58 AM    5    0.00    0.00    0.00    0.00    0.00    0.00    0.00    0.00    0.00  100.00
05:52:58 AM    6    0.00    0.00    0.00    0.00    0.00    0.00    0.00    0.00    0.00  100.00
05:52:58 AM    7    0.00    0.00    0.00    0.00    0.00   16.16    0.00    0.00    0.00   83.84

05:52:58 AM  CPU    %usr   %nice    %sys %iowait    %irq   %soft  %steal  %guest  %gnice   %idle
05:52:59 AM  all    1.27    0.00    4.32    0.00    0.38    9.40    0.00    0.00    0.00   84.63
05:52:59 AM    0    5.49    0.00   16.48    0.00    1.10    0.00    0.00    0.00    0.00   76.92
05:52:59 AM    1    5.38    0.00   18.28    0.00    0.00    0.00    0.00    0.00    0.00   76.34
05:52:59 AM    2    0.00    0.00    0.00    0.00    0.99   18.81    0.00    0.00    0.00   80.20
05:52:59 AM    3    0.00    0.00    1.96    0.00    0.98   37.25    0.00    0.00    0.00   59.80
05:52:59 AM    4    0.00    0.00    0.00    0.00    0.00    0.00    0.00    0.00    0.00  100.00
05:52:59 AM    5    0.00    0.00    0.00    0.00    0.00    0.00    0.00    0.00    0.00  100.00
05:52:59 AM    6    0.00    0.00    0.00    0.00    0.00    0.00    0.00    0.00    0.00  100.00
05:52:59 AM    7    0.00    0.00    0.00    0.00    0.00   17.00    0.00    0.00    0.00   83.00

05:52:59 AM  CPU    %usr   %nice    %sys %iowait    %irq   %soft  %steal  %guest  %gnice   %idle
05:53:00 AM  all    1.40    0.00    4.08    0.00    0.13    9.55    0.00    0.00    0.00   84.84
05:53:00 AM    0    5.43    0.00   16.30    0.00    0.00    0.00    0.00    0.00    0.00   78.26
05:53:00 AM    1    6.32    0.00   17.89    0.00    1.05    0.00    0.00    0.00    0.00   74.74
05:53:00 AM    2    0.00    0.00    0.00    0.00    0.00   20.00    0.00    0.00    0.00   80.00
05:53:00 AM    3    0.00    0.00    0.00    0.00    0.00   38.78    0.00    0.00    0.00   61.22
05:53:00 AM    4    0.00    0.00    0.00    0.00    0.00    0.00    0.00    0.00    0.00  100.00
05:53:00 AM    5    0.00    0.00    0.00    0.00    0.00    0.00    0.00    0.00    0.00  100.00
05:53:00 AM    6    0.00    0.00    0.00    0.00    0.00    0.00    0.00    0.00    0.00  100.00
05:53:00 AM    7    0.00    0.00    0.00    0.00    0.00   17.00    0.00    0.00    0.00   83.00

05:53:00 AM  CPU    %usr   %nice    %sys %iowait    %irq   %soft  %steal  %guest  %gnice   %idle
05:53:01 AM  all    1.28    0.00    4.75    0.00    0.26    9.63    0.00    0.00    0.00   84.08
05:53:01 AM    0    5.49    0.00   19.78    0.00    1.10    0.00    0.00    0.00    0.00   73.63
05:53:01 AM    1    5.75    0.00   17.24    0.00    0.00    0.00    0.00    0.00    0.00   77.01
05:53:01 AM    2    0.00    0.00    0.00    0.00    0.00   20.00    0.00    0.00    0.00   80.00
05:53:01 AM    3    0.00    0.00    3.96    0.00    0.00   37.62    0.00    0.00    0.00   58.42
05:53:01 AM    4    0.00    0.00    0.00    0.00    0.00    0.00    0.00    0.00    0.00  100.00
05:53:01 AM    5    0.00    0.00    0.00    0.00    0.00    0.00    0.00    0.00    0.00  100.00
05:53:01 AM    6    0.00    0.00    0.00    0.00    0.00    0.00    0.00    0.00    0.00  100.00
05:53:01 AM    7    0.00    0.00    0.00    0.00    1.00   17.00    0.00    0.00    0.00   82.00

05:53:01 AM  CPU    %usr   %nice    %sys %iowait    %irq   %soft  %steal  %guest  %gnice   %idle
05:53:02 AM  all    1.54    0.00    3.98    0.00    0.26    9.64    0.00    0.00    0.00   84.58
05:53:02 AM    0    6.67    0.00   16.67    0.00    1.11    0.00    0.00    0.00    0.00   75.56
05:53:02 AM    1    6.74    0.00   16.85    0.00    1.12    0.00    0.00    0.00    0.00   75.28
05:53:02 AM    2    0.00    0.00    0.00    0.00    0.00   20.00    0.00    0.00    0.00   80.00
05:53:02 AM    3    0.00    0.00    1.01    0.00    0.00   38.38    0.00    0.00    0.00   60.61
05:53:02 AM    4    0.00    0.00    0.00    0.00    0.00    0.00    0.00    0.00    0.00  100.00
05:53:02 AM    5    0.00    0.00    0.00    0.00    0.00    0.00    0.00    0.00    0.00  100.00
05:53:02 AM    6    0.00    0.00    0.00    0.00    0.00    0.00    0.00    0.00    0.00  100.00
05:53:02 AM    7    0.00    0.00    0.00    0.00    0.00   17.00    0.00    0.00    0.00   83.00

05:53:02 AM  CPU    %usr   %nice    %sys %iowait    %irq   %soft  %steal  %guest  %gnice   %idle
05:53:03 AM  all    1.29    0.00    3.74    0.00    0.00    9.42    0.00    0.00    0.00   85.55
05:53:03 AM    0    5.68    0.00   15.91    0.00    0.00    0.00    0.00    0.00    0.00   78.41
05:53:03 AM    1    5.62    0.00   14.61    0.00    0.00    0.00    0.00    0.00    0.00   79.78
05:53:03 AM    2    0.00    0.00    0.00    0.00    0.00   19.19    0.00    0.00    0.00   80.81
05:53:03 AM    3    0.00    0.00    2.00    0.00    0.00   38.00    0.00    0.00    0.00   60.00
05:53:03 AM    4    0.00    0.00    0.00    0.00    0.00    0.00    0.00    0.00    0.00  100.00
05:53:03 AM    5    0.00    0.00    0.00    0.00    0.00    0.00    0.00    0.00    0.00  100.00
05:53:03 AM    6    0.00    0.00    0.00    0.00    0.00    0.00    0.00    0.00    0.00  100.00
05:53:03 AM    7    0.00    0.00    0.00    0.00    0.00   16.16    0.00    0.00    0.00   83.84

05:53:03 AM  CPU    %usr   %nice    %sys %iowait    %irq   %soft  %steal  %guest  %gnice   %idle
05:53:04 AM  all    1.03    0.00    3.48    0.00    0.39    9.54    0.00    0.00    0.00   85.57
05:53:04 AM    0    4.65    0.00   13.95    0.00    1.16    0.00    0.00    0.00    0.00   80.23
05:53:04 AM    1    4.49    0.00   16.85    0.00    1.12    0.00    0.00    0.00    0.00   77.53
05:53:04 AM    2    0.00    0.00    0.00    0.00    0.00   19.00    0.00    0.00    0.00   81.00
05:53:04 AM    3    0.00    0.00    0.00    0.00    1.00   38.00    0.00    0.00    0.00   61.00
05:53:04 AM    4    0.00    0.00    0.00    0.00    0.00    0.00    0.00    0.00    0.00  100.00
05:53:04 AM    5    0.00    0.00    0.00    0.00    0.00    0.00    0.00    0.00    0.00  100.00
05:53:04 AM    6    0.00    0.00    0.00    0.00    0.00    0.00    0.00    0.00    0.00  100.00
05:53:04 AM    7    0.00    0.00    0.00    0.00    0.00   16.83    0.00    0.00    0.00   83.17

05:53:04 AM  CPU    %usr   %nice    %sys %iowait    %irq   %soft  %steal  %guest  %gnice   %idle
05:53:05 AM  all    1.29    0.00    4.13    0.00    0.26    9.82    0.00    0.00    0.00   84.50
05:53:05 AM    0    5.81    0.00   18.60    0.00    0.00    0.00    0.00    0.00    0.00   75.58
05:53:05 AM    1    5.88    0.00   17.65    0.00    0.00    0.00    0.00    0.00    0.00   76.47
05:53:05 AM    2    0.00    0.00    0.00    0.00    0.99   18.81    0.00    0.00    0.00   80.20
05:53:05 AM    3    0.00    0.00    0.99    0.00    0.00   39.60    0.00    0.00    0.00   59.41
05:53:05 AM    4    0.00    0.00    0.00    0.00    0.99    0.00    0.00    0.00    0.00   99.01
05:53:05 AM    5    0.00    0.00    0.00    0.00    0.00    0.00    0.00    0.00    0.00  100.00
05:53:05 AM    6    0.00    0.00    0.00    0.00    0.00    0.00    0.00    0.00    0.00  100.00
05:53:05 AM    7    0.00    0.00    0.00    0.00    0.00   17.00    0.00    0.00    0.00   83.00

05:53:05 AM  CPU    %usr   %nice    %sys %iowait    %irq   %soft  %steal  %guest  %gnice   %idle
05:53:06 AM  all    1.16    0.00    3.87    0.00    0.13    9.66    0.00    0.00    0.00   85.18
05:53:06 AM    0    5.62    0.00   14.61    0.00    1.12    0.00    0.00    0.00    0.00   78.65
05:53:06 AM    1    4.49    0.00   17.98    0.00    0.00    0.00    0.00    0.00    0.00   77.53
05:53:06 AM    2    0.00    0.00    0.00    0.00    0.00   20.00    0.00    0.00    0.00   80.00
05:53:06 AM    3    0.00    0.00    1.01    0.00    0.00   38.38    0.00    0.00    0.00   60.61
05:53:06 AM    4    0.00    0.00    0.00    0.00    0.00    0.00    0.00    0.00    0.00  100.00
05:53:06 AM    5    0.00    0.00    0.00    0.00    0.00    0.00    0.00    0.00    0.00  100.00
05:53:06 AM    6    0.00    0.00    0.00    0.00    0.00    0.00    0.00    0.00    0.00  100.00
05:53:06 AM    7    0.00    0.00    0.00    0.00    0.00   17.00    0.00    0.00    0.00   83.00

05:53:06 AM  CPU    %usr   %nice    %sys %iowait    %irq   %soft  %steal  %guest  %gnice   %idle
05:53:07 AM  all    1.42    0.00    3.74    0.00    0.13    9.54    0.00    0.00    0.00   85.18
05:53:07 AM    0    5.68    0.00   15.91    0.00    0.00    1.14    0.00    0.00    0.00   77.27
05:53:07 AM    1    6.67    0.00   16.67    0.00    1.11    0.00    0.00    0.00    0.00   75.56
05:53:07 AM    2    0.00    0.00    0.00    0.00    0.00   18.18    0.00    0.00    0.00   81.82
05:53:07 AM    3    0.00    0.00    0.00    0.00    0.00   39.00    0.00    0.00    0.00   61.00
05:53:07 AM    4    0.00    0.00    0.00    0.00    0.00    0.00    0.00    0.00    0.00  100.00
05:53:07 AM    5    0.00    0.00    0.00    0.00    0.00    0.00    0.00    0.00    0.00  100.00
05:53:07 AM    6    0.00    0.00    0.00    0.00    0.00    0.00    0.00    0.00    0.00  100.00
05:53:07 AM    7    0.00    0.00    0.00    0.00    0.00   16.16    0.00    0.00    0.00   83.84

05:53:07 AM  CPU    %usr   %nice    %sys %iowait    %irq   %soft  %steal  %guest  %gnice   %idle
05:53:08 AM  all    1.28    0.00    3.45    0.13    0.13    9.59    0.00    0.00    0.00   85.42
05:53:08 AM    0    5.43    0.00   16.30    1.09    0.00    0.00    0.00    0.00    0.00   77.17
05:53:08 AM    1    5.68    0.00   13.64    0.00    0.00    0.00    0.00    0.00    0.00   80.68
05:53:08 AM    2    0.00    0.00    0.00    0.00    0.00   19.80    0.00    0.00    0.00   80.20
05:53:08 AM    3    0.00    0.00    0.00    0.00    0.00   38.00    0.00    0.00    0.00   62.00
05:53:08 AM    4    0.00    0.00    0.00    0.00    0.00    0.00    0.00    0.00    0.00  100.00
05:53:08 AM    5    0.00    0.00    0.00    0.00    0.00    0.00    0.00    0.00    0.00  100.00
05:53:08 AM    6    0.00    0.00    0.00    0.00    0.00    0.00    0.00    0.00    0.00  100.00
05:53:08 AM    7    0.00    0.00    0.00    0.00    0.99   16.83    0.00    0.00    0.00   82.18

05:53:08 AM  CPU    %usr   %nice    %sys %iowait    %irq   %soft  %steal  %guest  %gnice   %idle
05:53:09 AM  all    1.41    0.00    3.59    0.00    0.26    9.36    0.00    0.00    0.00   85.38
05:53:09 AM    0    5.56    0.00   15.56    0.00    1.11    0.00    0.00    0.00    0.00   77.78
05:53:09 AM    1    6.67    0.00   14.44    0.00    0.00    0.00    0.00    0.00    0.00   78.89
05:53:09 AM    2    0.00    0.00    0.00    0.00    0.00   19.19    0.00    0.00    0.00   80.81
05:53:09 AM    3    0.00    0.00    0.99    0.00    0.99   37.62    0.00    0.00    0.00   60.40
05:53:09 AM    4    0.00    0.00    0.00    0.00    0.00    0.00    0.00    0.00    0.00  100.00
05:53:09 AM    5    0.00    0.00    0.00    0.00    0.00    0.00    0.00    0.00    0.00  100.00
05:53:09 AM    6    0.00    0.00    0.00    0.00    0.00    0.00    0.00    0.00    0.00  100.00
05:53:09 AM    7    0.00    0.00    0.00    0.00    0.00   16.00    0.00    0.00    0.00   84.00

05:53:09 AM  CPU    %usr   %nice    %sys %iowait    %irq   %soft  %steal  %guest  %gnice   %idle
05:53:10 AM  all    1.43    0.00    4.41    0.00    0.13    9.73    0.00    0.00    0.00   84.31
05:53:10 AM    0    5.88    0.00   17.65    0.00    0.00    0.00    0.00    0.00    0.00   76.47
05:53:10 AM    1    6.90    0.00   18.39    0.00    1.15    0.00    0.00    0.00    0.00   73.56
05:53:10 AM    2    0.00    0.00    0.00    0.00    0.00   19.00    0.00    0.00    0.00   81.00
05:53:10 AM    3    0.00    0.00    3.00    0.00    0.00   39.00    0.00    0.00    0.00   58.00
05:53:10 AM    4    0.00    0.00    0.00    0.00    0.00    0.00    0.00    0.00    0.00  100.00
05:53:10 AM    5    0.00    0.00    0.00    0.00    0.00    0.00    0.00    0.00    0.00  100.00
05:53:10 AM    6    0.00    0.00    0.00    0.00    0.00    0.00    0.00    0.00    0.00  100.00
05:53:10 AM    7    0.00    0.00    0.00    0.00    0.00   17.17    0.00    0.00    0.00   82.83

05:53:10 AM  CPU    %usr   %nice    %sys %iowait    %irq   %soft  %steal  %guest  %gnice   %idle
05:53:11 AM  all    1.54    0.00    4.10    0.00    0.38    9.74    0.00    0.00    0.00   84.23
05:53:11 AM    0    6.74    0.00   15.73    0.00    1.12    0.00    0.00    0.00    0.00   76.40
05:53:11 AM    1    6.67    0.00   17.78    0.00    1.11    0.00    0.00    0.00    0.00   74.44
05:53:11 AM    2    0.00    0.00    0.00    0.00    0.99   19.80    0.00    0.00    0.00   79.21
05:53:11 AM    3    0.00    0.00    2.00    0.00    0.00   39.00    0.00    0.00    0.00   59.00
05:53:11 AM    4    0.00    0.00    0.00    0.00    0.00    0.00    0.00    0.00    0.00  100.00
05:53:11 AM    5    0.00    0.00    0.00    0.00    0.00    0.00    0.00    0.00    0.00  100.00
05:53:11 AM    6    0.00    0.00    0.00    0.00    0.00    0.00    0.00    0.00    0.00  100.00
05:53:11 AM    7    0.00    0.00    0.00    0.00    0.00   17.00    0.00    0.00    0.00   83.00

05:53:11 AM  CPU    %usr   %nice    %sys %iowait    %irq   %soft  %steal  %guest  %gnice   %idle
05:53:12 AM  all    1.54    0.00    3.98    0.00    0.13    9.37    0.00    0.00    0.00   84.98
05:53:12 AM    0    6.67    0.00   17.78    0.00    1.11    0.00    0.00    0.00    0.00   74.44
05:53:12 AM    1    6.67    0.00   16.67    0.00    0.00    1.11    0.00    0.00    0.00   75.56
05:53:12 AM    2    0.00    0.00    0.00    0.00    0.00   18.00    0.00    0.00    0.00   82.00
05:53:12 AM    3    0.00    0.00    0.00    0.00    0.00   38.38    0.00    0.00    0.00   61.62
05:53:12 AM    4    0.00    0.00    0.00    0.00    0.00    0.00    0.00    0.00    0.00  100.00
05:53:12 AM    5    0.00    0.00    0.00    0.00    0.00    0.00    0.00    0.00    0.00  100.00
05:53:12 AM    6    0.00    0.00    0.00    0.00    0.00    0.00    0.00    0.00    0.00  100.00
05:53:12 AM    7    0.00    0.00    0.00    0.00    0.00   16.00    0.00    0.00    0.00   84.00

05:53:12 AM  CPU    %usr   %nice    %sys %iowait    %irq   %soft  %steal  %guest  %gnice   %idle
05:53:13 AM  all    1.41    0.00    4.88    0.00    0.13    9.50    0.00    0.00    0.00   84.08
05:53:13 AM    0    5.62    0.00   19.10    0.00    0.00    0.00    0.00    0.00    0.00   75.28
05:53:13 AM    1    6.59    0.00   18.68    0.00    1.10    0.00    0.00    0.00    0.00   73.63
05:53:13 AM    2    0.00    0.00    0.00    0.00    0.00   19.19    0.00    0.00    0.00   80.81
05:53:13 AM    3    0.00    0.00    4.00    0.00    0.00   38.00    0.00    0.00    0.00   58.00
05:53:13 AM    4    0.00    0.00    0.00    0.00    0.00    0.00    0.00    0.00    0.00  100.00
05:53:13 AM    5    0.00    0.00    0.00    0.00    0.00    0.00    0.00    0.00    0.00  100.00
05:53:13 AM    6    0.00    0.00    0.00    0.00    0.00    0.00    0.00    0.00    0.00  100.00
05:53:13 AM    7    0.00    0.00    0.00    0.00    0.00   17.00    0.00    0.00    0.00   83.00

05:53:13 AM  CPU    %usr   %nice    %sys %iowait    %irq   %soft  %steal  %guest  %gnice   %idle
05:53:14 AM  all    1.28    0.00    4.21    0.13    0.26    9.32    0.00    0.00    0.00   84.80
05:53:14 AM    0    5.56    0.00   16.67    0.00    1.11    0.00    0.00    0.00    0.00   76.67
05:53:14 AM    1    5.38    0.00   19.35    1.08    0.00    0.00    0.00    0.00    0.00   74.19
05:53:14 AM    2    0.00    0.00    0.00    0.00    0.00   19.00    0.00    0.00    0.00   81.00
05:53:14 AM    3    0.00    0.00    0.00    0.00    0.99   37.62    0.00    0.00    0.00   61.39
05:53:14 AM    4    0.00    0.00    0.00    0.00    0.00    0.00    0.00    0.00    0.00  100.00
05:53:14 AM    5    0.00    0.00    0.00    0.00    0.00    0.00    0.00    0.00    0.00  100.00
05:53:14 AM    6    0.00    0.00    0.00    0.00    0.00    0.00    0.00    0.00    0.00  100.00
05:53:14 AM    7    0.00    0.00    0.00    0.00    0.00   16.16    0.00    0.00    0.00   83.84

05:53:14 AM  CPU    %usr   %nice    %sys %iowait    %irq   %soft  %steal  %guest  %gnice   %idle
05:53:15 AM  all    1.67    0.00    4.49    0.00    0.13    9.50    0.00    0.00    0.00   84.21
05:53:15 AM    0    6.82    0.00   18.18    0.00    0.00    0.00    0.00    0.00    0.00   75.00
05:53:15 AM    1    7.78    0.00   17.78    0.00    0.00    0.00    0.00    0.00    0.00   74.44
05:53:15 AM    2    0.00    0.00    0.00    0.00    0.00   19.00    0.00    0.00    0.00   81.00
05:53:15 AM    3    0.00    0.00    3.00    0.00    0.00   38.00    0.00    0.00    0.00   59.00
05:53:15 AM    4    0.00    0.00    0.00    0.00    0.00    0.00    0.00    0.00    0.00  100.00
05:53:15 AM    5    0.00    0.00    0.00    0.00    0.00    0.00    0.00    0.00    0.00  100.00
05:53:15 AM    6    0.00    0.00    0.00    0.00    0.00    0.00    0.00    0.00    0.00  100.00
05:53:15 AM    7    0.00    0.00    0.00    0.00    0.99   16.83    0.00    0.00    0.00   82.18

05:53:15 AM  CPU    %usr   %nice    %sys %iowait    %irq   %soft  %steal  %guest  %gnice   %idle
05:53:16 AM  all    1.40    0.00    4.85    0.00    0.26    9.44    0.00    0.00    0.00   84.06
05:53:16 AM    0    6.52    0.00   18.48    0.00    1.09    0.00    0.00    0.00    0.00   73.91
05:53:16 AM    1    5.43    0.00   20.65    0.00    1.09    0.00    0.00    0.00    0.00   72.83
05:53:16 AM    2    0.00    0.00    0.00    0.00    0.00   19.00    0.00    0.00    0.00   81.00
05:53:16 AM    3    0.00    0.00    2.00    0.00    0.00   38.00    0.00    0.00    0.00   60.00
05:53:16 AM    4    0.00    0.00    0.00    0.00    0.00    0.00    0.00    0.00    0.00  100.00
05:53:16 AM    5    0.00    0.00    0.00    0.00    0.00    0.00    0.00    0.00    0.00  100.00
05:53:16 AM    6    0.00    0.00    0.00    0.00    0.00    0.00    0.00    0.00    0.00  100.00
05:53:16 AM    7    0.00    0.00    0.00    0.00    0.00   17.00    0.00    0.00    0.00   83.00

05:53:16 AM  CPU    %usr   %nice    %sys %iowait    %irq   %soft  %steal  %guest  %gnice   %idle
05:53:17 AM  all    1.54    0.00    5.12    0.00    0.13    9.35    0.00    0.00    0.00   83.87
05:53:17 AM    0    5.56    0.00   18.89    0.00    0.00    0.00    0.00    0.00    0.00   75.56
05:53:17 AM    1    7.61    0.00   17.39    0.00    1.09    0.00    0.00    0.00    0.00   73.91
05:53:17 AM    2    0.00    0.00    0.00    0.00    0.00   20.00    0.00    0.00    0.00   80.00
05:53:17 AM    3    0.00    0.00    7.07    0.00    0.00   35.35    0.00    0.00    0.00   57.58
05:53:17 AM    4    0.00    0.00    0.00    0.00    0.00    0.00    0.00    0.00    0.00  100.00
05:53:17 AM    5    0.00    0.00    0.00    0.00    0.00    0.00    0.00    0.00    0.00  100.00
05:53:17 AM    6    0.00    0.00    0.00    0.00    0.00    0.00    0.00    0.00    0.00  100.00
05:53:17 AM    7    0.00    0.00    0.00    0.00    0.00   18.00    0.00    0.00    0.00   82.00

05:53:17 AM  CPU    %usr   %nice    %sys %iowait    %irq   %soft  %steal  %guest  %gnice   %idle
05:53:18 AM  all    1.66    0.00    4.85    0.00    0.13    9.31    0.00    0.00    0.00   84.06
05:53:18 AM    0    7.61    0.00   18.48    0.00    1.09    0.00    0.00    0.00    0.00   72.83
05:53:18 AM    1    6.52    0.00   19.57    0.00    0.00    0.00    0.00    0.00    0.00   73.91
05:53:18 AM    2    0.00    0.00    0.00    0.00    0.00   19.00    0.00    0.00    0.00   81.00
05:53:18 AM    3    0.00    0.00    3.00    0.00    0.00   38.00    0.00    0.00    0.00   59.00
05:53:18 AM    4    0.00    0.00    0.00    0.00    0.00    0.00    0.00    0.00    0.00  100.00
05:53:18 AM    5    0.00    0.00    0.00    0.00    0.00    0.00    0.00    0.00    0.00  100.00
05:53:18 AM    6    0.00    0.00    0.00    0.00    0.00    0.00    0.00    0.00    0.00  100.00
05:53:18 AM    7    0.00    0.00    0.00    0.00    0.00   16.00    0.00    0.00    0.00   84.00

05:53:18 AM  CPU    %usr   %nice    %sys %iowait    %irq   %soft  %steal  %guest  %gnice   %idle
05:53:19 AM  all    1.52    0.00    3.94    0.13    0.13    9.40    0.00    0.00    0.00   84.88
05:53:19 AM    0    7.45    0.00   17.02    0.00    0.00    0.00    0.00    0.00    0.00   75.53
05:53:19 AM    1    5.38    0.00   16.13    1.08    0.00    0.00    0.00    0.00    0.00   77.42
05:53:19 AM    2    0.00    0.00    0.00    0.00    1.00   19.00    0.00    0.00    0.00   80.00
05:53:19 AM    3    0.00    0.00    0.00    0.00    0.00   38.00    0.00    0.00    0.00   62.00
05:53:19 AM    4    0.00    0.00    0.00    0.00    0.00    0.00    0.00    0.00    0.00  100.00
05:53:19 AM    5    0.00    0.00    0.00    0.00    0.00    0.00    0.00    0.00    0.00  100.00
05:53:19 AM    6    0.00    0.00    0.00    0.00    0.00    0.00    0.00    0.00    0.00  100.00
05:53:19 AM    7    0.00    0.00    0.00    0.00    0.00   17.00    0.00    0.00    0.00   83.00

05:53:19 AM  CPU    %usr   %nice    %sys %iowait    %irq   %soft  %steal  %guest  %gnice   %idle
05:53:20 AM  all    1.29    0.00    4.11    0.00    0.39    9.64    0.00    0.00    0.00   84.58
05:53:20 AM    0    4.60    0.00   14.94    0.00    1.15    0.00    0.00    0.00    0.00   79.31
05:53:20 AM    1    6.59    0.00   16.48    0.00    1.10    0.00    0.00    0.00    0.00   75.82
05:53:20 AM    2    0.00    0.00    0.00    0.00    0.00   20.00    0.00    0.00    0.00   80.00
05:53:20 AM    3    0.00    0.00    3.96    0.00    0.99   37.62    0.00    0.00    0.00   57.43
05:53:20 AM    4    0.00    0.00    0.00    0.00    0.00    0.00    0.00    0.00    0.00  100.00
05:53:20 AM    5    0.00    0.00    0.00    0.00    0.00    0.00    0.00    0.00    0.00  100.00
05:53:20 AM    6    0.00    0.00    0.00    0.00    0.00    0.00    0.00    0.00    0.00  100.00
05:53:20 AM    7    0.00    0.00    0.00    0.00    0.00   17.17    0.00    0.00    0.00   82.83

05:53:20 AM  CPU    %usr   %nice    %sys %iowait    %irq   %soft  %steal  %guest  %gnice   %idle
05:53:21 AM  all    1.29    0.00    4.24    0.00    0.00    9.64    0.00    0.00    0.00   84.83
05:53:21 AM    0    5.62    0.00   17.98    0.00    0.00    0.00    0.00    0.00    0.00   76.40
05:53:21 AM    1    5.62    0.00   17.98    0.00    0.00    0.00    0.00    0.00    0.00   76.40
05:53:21 AM    2    0.00    0.00    0.00    0.00    0.00   19.00    0.00    0.00    0.00   81.00
05:53:21 AM    3    0.00    0.00    1.00    0.00    0.00   39.00    0.00    0.00    0.00   60.00
05:53:21 AM    4    0.00    0.00    0.00    0.00    0.00    0.00    0.00    0.00    0.00  100.00
05:53:21 AM    5    0.00    0.00    0.00    0.00    0.00    0.00    0.00    0.00    0.00  100.00
05:53:21 AM    6    0.00    0.00    0.00    0.00    0.00    0.00    0.00    0.00    0.00  100.00
05:53:21 AM    7    0.00    0.00    0.00    0.00    0.00   17.00    0.00    0.00    0.00   83.00

05:53:21 AM  CPU    %usr   %nice    %sys %iowait    %irq   %soft  %steal  %guest  %gnice   %idle
05:53:22 AM  all    1.53    0.00    4.45    0.00    0.38    9.41    0.00    0.00    0.00   84.22
05:53:22 AM    0    6.52    0.00   17.39    0.00    1.09    0.00    0.00    0.00    0.00   75.00
05:53:22 AM    1    6.38    0.00   19.15    0.00    1.06    0.00    0.00    0.00    0.00   73.40
05:53:22 AM    2    0.00    0.00    0.00    0.00    0.00   19.19    0.00    0.00    0.00   80.81
05:53:22 AM    3    0.00    0.00    1.00    0.00    0.00   39.00    0.00    0.00    0.00   60.00
05:53:22 AM    4    0.00    0.00    0.00    0.00    0.00    0.00    0.00    0.00    0.00  100.00
05:53:22 AM    5    0.00    0.00    0.00    0.00    0.00    0.00    0.00    0.00    0.00  100.00
05:53:22 AM    6    0.00    0.00    0.00    0.00    0.00    0.00    0.00    0.00    0.00  100.00
05:53:22 AM    7    0.00    0.00    0.00    0.00    0.99   15.84    0.00    0.00    0.00   83.17

05:53:22 AM  CPU    %usr   %nice    %sys %iowait    %irq   %soft  %steal  %guest  %gnice   %idle
05:53:23 AM  all    1.53    0.00    4.08    0.00    0.00    9.69    0.00    0.00    0.00   84.69
05:53:23 AM    0    5.49    0.00   16.48    0.00    0.00    0.00    0.00    0.00    0.00   78.02
05:53:23 AM    1    7.37    0.00   17.89    0.00    0.00    0.00    0.00    0.00    0.00   74.74
05:53:23 AM    2    0.00    0.00    0.00    0.00    0.00   20.00    0.00    0.00    0.00   80.00
05:53:23 AM    3    0.00    0.00    0.00    0.00    0.00   39.39    0.00    0.00    0.00   60.61
05:53:23 AM    4    0.00    0.00    0.00    0.00    0.00    0.00    0.00    0.00    0.00  100.00
05:53:23 AM    5    0.00    0.00    0.00    0.00    0.00    0.00    0.00    0.00    0.00  100.00
05:53:23 AM    6    0.00    0.00    0.00    0.00    0.00    0.00    0.00    0.00    0.00  100.00
05:53:23 AM    7    0.00    0.00    0.00    0.00    0.00   17.17    0.00    0.00    0.00   82.83

05:53:23 AM  CPU    %usr   %nice    %sys %iowait    %irq   %soft  %steal  %guest  %gnice   %idle
05:53:24 AM  all    1.53    0.00    4.09    0.00    0.26    9.58    0.00    0.00    0.00   84.55
05:53:24 AM    0    5.62    0.00   15.73    0.00    1.12    0.00    0.00    0.00    0.00   77.53
05:53:24 AM    1    7.61    0.00   16.30    0.00    1.09    0.00    0.00    0.00    0.00   75.00
05:53:24 AM    2    0.00    0.00    0.98    0.00    0.00   19.61    0.00    0.00    0.00   79.41
05:53:24 AM    3    0.00    0.00    2.00    0.00    0.00   38.00    0.00    0.00    0.00   60.00
05:53:24 AM    4    0.00    0.00    0.00    0.00    0.00    0.00    0.00    0.00    0.00  100.00
05:53:24 AM    5    0.00    0.00    0.00    0.00    0.00    0.00    0.00    0.00    0.00  100.00
05:53:24 AM    6    0.00    0.00    0.00    0.00    0.00    0.00    0.00    0.00    0.00  100.00
05:53:24 AM    7    0.00    0.00    0.00    0.00    0.00   17.00    0.00    0.00    0.00   83.00

05:53:24 AM  CPU    %usr   %nice    %sys %iowait    %irq   %soft  %steal  %guest  %gnice   %idle
05:53:25 AM  all    1.64    0.00    4.55    0.13    0.25    9.34    0.00    0.00    0.00   84.09
05:53:25 AM    0    7.37    0.00   16.84    1.05    0.00    0.00    0.00    0.00    0.00   74.74
05:53:25 AM    1    6.25    0.00   19.79    0.00    0.00    0.00    0.00    0.00    0.00   73.96
05:53:25 AM    2    0.00    0.00    0.00    0.00    1.00   19.00    0.00    0.00    0.00   80.00
05:53:25 AM    3    0.00    0.00    0.99    0.00    0.99   37.62    0.00    0.00    0.00   60.40
05:53:25 AM    4    0.00    0.00    0.00    0.00    0.00    0.00    0.00    0.00    0.00  100.00
05:53:25 AM    5    0.00    0.00    0.00    0.00    0.00    0.00    0.00    0.00    0.00  100.00
05:53:25 AM    6    0.00    0.00    0.00    0.00    0.00    0.00    0.00    0.00    0.00  100.00
05:53:25 AM    7    0.00    0.00    0.00    0.00    0.00   17.00    0.00    0.00    0.00   83.00

05:53:25 AM  CPU    %usr   %nice    %sys %iowait    %irq   %soft  %steal  %guest  %gnice   %idle
05:53:26 AM  all    1.65    0.00    3.94    0.00    0.00    9.41    0.00    0.00    0.00   84.99
05:53:26 AM    0    6.52    0.00   16.30    0.00    0.00    0.00    0.00    0.00    0.00   77.17
05:53:26 AM    1    7.37    0.00   16.84    0.00    0.00    0.00    0.00    0.00    0.00   75.79
05:53:26 AM    2    0.00    0.00    0.00    0.00    0.00   19.00    0.00    0.00    0.00   81.00
05:53:26 AM    3    0.00    0.00    0.00    0.00    0.00   38.38    0.00    0.00    0.00   61.62
05:53:26 AM    4    0.00    0.00    0.00    0.00    0.00    0.00    0.00    0.00    0.00  100.00
05:53:26 AM    5    0.00    0.00    0.00    0.00    0.00    0.00    0.00    0.00    0.00  100.00
05:53:26 AM    6    0.00    0.00    0.00    0.00    0.00    0.00    0.00    0.00    0.00  100.00
05:53:26 AM    7    0.00    0.00    0.00    0.00    0.00   17.00    0.00    0.00    0.00   83.00

05:53:26 AM  CPU    %usr   %nice    %sys %iowait    %irq   %soft  %steal  %guest  %gnice   %idle
05:53:27 AM  all    1.65    0.00    4.82    0.00    0.13    9.63    0.00    0.00    0.00   83.78
05:53:27 AM    0    6.32    0.00   18.95    0.00    1.05    1.05    0.00    0.00    0.00   72.63
05:53:27 AM    1    7.45    0.00   19.15    0.00    0.00    0.00    0.00    0.00    0.00   73.40
05:53:27 AM    2    0.00    0.00    0.00    0.00    0.00   19.19    0.00    0.00    0.00   80.81
05:53:27 AM    3    0.00    0.00    1.98    0.00    0.00   38.61    0.00    0.00    0.00   59.41
05:53:27 AM    4    0.00    0.00    0.00    0.00    0.00    0.00    0.00    0.00    0.00  100.00
05:53:27 AM    5    0.00    0.00    0.00    0.00    0.00    0.00    0.00    0.00    0.00  100.00
05:53:27 AM    6    0.00    0.00    0.00    0.00    0.00    0.00    0.00    0.00    0.00  100.00
05:53:27 AM    7    0.00    0.00    0.00    0.00    0.00   17.00    0.00    0.00    0.00   83.00

Average:     CPU    %usr   %nice    %sys %iowait    %irq   %soft  %steal  %guest  %gnice   %idle
Average:     all    1.65    0.00    4.91    0.02    0.18    9.39    0.00    0.00    0.00   83.85
Average:       0    6.83    0.00   18.96    0.08    0.53    0.06    0.00    0.00    0.00   73.54
Average:       1    6.97    0.00   19.86    0.08    0.46    0.05    0.00    0.00    0.00   72.58
Average:       2    0.00    0.00    0.03    0.00    0.15   19.36    0.00    0.00    0.00   80.46
Average:       3    0.00    0.00    1.99    0.00    0.19   37.84    0.00    0.00    0.00   59.97
Average:       4    0.00    0.00    0.00    0.00    0.01    0.00    0.00    0.00    0.00   99.99
Average:       5    0.00    0.00    0.00    0.00    0.00    0.00    0.00    0.00    0.00  100.00
Average:       6    0.00    0.00    0.00    0.00    0.00    0.00    0.00    0.00    0.00  100.00
Average:       7    0.00    0.00    0.03    0.00    0.16   16.79    0.00    0.00    0.00   83.02
