1781229039,53.2,2400000,0xe0000
1781229040,53.8,2400000,0xe0000
1781229041,54.9,2400000,0xe0000
1781229042,54.3,2400000,0xe0000
1781229043,54.3,2400000,0xe0000
1781229044,54.3,2400000,0xe0000
1781229045,54.3,2400000,0xe0000
1781229046,54.3,2400000,0xe0000
1781229047,54.9,2400000,0xe0000
1781229048,54.3,2400000,0xe0000
1781229049,54.3,2400000,0xe0000
1781229050,54.3,2400000,0xe0000
1781229051,54.3,2400000,0xe0000
1781229052,54.9,2400000,0xe0000
1781229053,54.3,2400000,0xe0000
1781229054,54.3,2400000,0xe0000
1781229055,54.9,2400000,0xe0000
1781229056,54.9,2400000,0xe0000
1781229057,54.9,2400000,0xe0000
1781229058,54.3,2400000,0xe0000
1781229060,54.9,2400000,0xe0000
1781229061,54.9,2400000,0xe0000
1781229062,54.9,2400000,0xe0000
1781229063,54.3,2400000,0xe0000
1781229064,55.4,2400000,0xe0000
1781229065,55.4,2400000,0xe0000
1781229066,54.9,2400000,0xe0000
1781229067,55.4,2400000,0xe0000
1781229068,54.9,2400000,0xe0000
1781229069,54.9,2400000,0xe0000
1781229070,54.9,2400000,0xe0000
1781229071,54.9,2400000,0xe0000
1781229072,54.9,2400000,0xe0000
1781229073,55.4,2400000,0xe0000
1781229074,55.4,2400000,0xe0000
1781229075,56.0,2400000,0xe0000
1781229076,55.4,2400000,0xe0000
1781229077,55.4,2400000,0xe0000
1781229078,55.4,2400000,0xe0000
1781229079,55.4,2400000,0xe0000
1781229080,55.4,2400000,0xe0000
1781229081,55.4,2400000,0xe0000
1781229082,55.4,2400000,0xe0000
1781229083,55.4,2400000,0xe0000
1781229084,56.0,2400000,0xe0000
1781229086,54.3,2400000,0xe0000
1781229087,55.4,2400000,0xe0000
1781229088,54.9,2400000,0xe0000
1781229089,54.9,2400000,0xe0000
1781229090,56.0,2400000,0xe0000
1781229091,55.4,2400000,0xe0000
1781229092,56.0,2400000,0xe0000
1781229093,56.0,2400000,0xe0000
1781229094,56.0,2400000,0xe0000
1781229095,56.0,2400000,0xe0000
1781229096,56.0,2400000,0xe0000
1781229097,55.4,2400000,0xe0000
1781229098,56.0,2400000,0xe0000
1781229099,55.4,2400000,0xe0000
1781229100,55.4,2400000,0xe0000
1781229101,56.0,2400000,0xe0000
1781229102,55.4,2400000,0xe0000
1781229103,56.0,2400000,0xe0000
1781229104,54.9,2400000,0xe0000
1781229105,56.0,2400000,0xe0000
1781229106,56.0,2400000,0xe0000
1781229107,56.5,2400000,0xe0000
1781229108,56.5,2400000,0xe0000
1781229110,56.5,2400000,0xe0000
1781229111,55.4,2400000,0xe0000
1781229112,56.0,2400000,0xe0000
1781229113,55.4,2400000,0xe0000
1781229114,56.5,2400000,0xe0000
1781229115,56.5,2400000,0xe0000
1781229116,56.0,2400000,0xe0000
1781229117,56.0,2400000,0xe0000
1781229118,57.1,2400000,0xe0000
1781229119,56.0,2400000,0xe0000
1781229120,56.5,2400000,0xe0000
1781229121,56.5,2400000,0xe0000
1781229122,56.0,2400000,0xe0000
1781229123,56.5,2400000,0xe0000
1781229124,57.1,2400000,0xe0000
1781229125,56.5,2400000,0xe0000
1781229126,56.5,2400000,0xe0000
1781229127,56.0,2400000,0xe0000
1781229128,56.0,2400000,0xe0000
1781229129,56.5,2400000,0xe0000
1781229130,56.5,2400000,0xe0000
1781229131,57.1,2400000,0xe0000
1781229132,57.1,2400000,0xe0000
1781229133,57.1,2400000,0xe0000
1781229135,55.4,2400000,0xe0000
1781229136,57.1,2400000,0xe0000
1781229137,56.5,2400000,0xe0000
1781229138,56.5,2400000,0xe0000
1781229139,56.5,2400000,0xe0000
1781229140,56.5,2400000,0xe0000
1781229141,56.5,2400000,0xe0000
1781229142,57.1,2400000,0xe0000
1781229143,56.5,2400000,0xe0000
1781229144,56.5,2400000,0xe0000
1781229145,56.5,2400000,0xe0000
1781229146,57.1,2400000,0xe0000
1781229147,56.0,2400000,0xe0000
1781229148,56.5,2400000,0xe0000
1781229149,56.5,2400000,0xe0000
1781229150,57.1,2400000,0xe0000
1781229151,57.1,2400000,0xe0000
1781229152,57.1,2400000,0xe0000
1781229153,57.1,2400000,0xe0000
1781229154,56.5,2400000,0xe0000
1781229155,57.1,2400000,0xe0000
1781229156,56.5,2400000,0xe0000
1781229157,56.5,2400000,0xe0000
1781229158,56.5,2400000,0xe0000
1781229159,57.1,2400000,0xe0000
1781229160,57.1,2400000,0xe0000
1781229162,57.6,2400000,0xe0000
1781229163,57.1,2400000,0xe0000
1781229164,56.5,2400000,0xe0000
1781229165,57.1,2400000,0xe0000
1781229166,56.5,2400000,0xe0000
1781229167,57.1,2400000,0xe0000
1781229168,56.5,2400000,0xe0000
1781229169,57.6,2400000,0xe0000
1781229170,57.1,2400000,0xe0000
1781229171,56.5,2400000,0xe0000
1781229172,57.1,2400000,0xe0000
1781229173,57.1,2400000,0xe0000
1781229174,56.5,2400000,0xe0000
1781229175,57.1,2400000,0xe0000
1781229176,57.1,2400000,0xe0000
1781229177,57.1,2400000,0xe0000
1781229178,57.6,2400000,0xe0000
1781229179,57.6,2400000,0xe0000
1781229180,57.1,2400000,0xe0000
1781229181,57.1,2400000,0xe0000
1781229182,57.6,2400000,0xe0000
1781229183,57.6,2400000,0xe0000
1781229184,57.6,2400000,0xe0000
1781229185,57.1,2400000,0xe0000
1781229186,57.6,2400000,0xe0000
1781229188,57.6,2400000,0xe0000
1781229189,57.6,2400000,0xe0000
1781229190,57.6,2400000,0xe0000
1781229191,56.5,2400000,0xe0000
1781229192,57.1,2400000,0xe0000
1781229193,56.5,2400000,0xe0000
1781229194,57.1,2400000,0xe0000
1781229195,58.2,2400000,0xe0000
1781229196,57.6,2400000,0xe0000
1781229197,57.6,2400000,0xe0000
1781229198,57.6,2400000,0xe0000
1781229199,58.2,2400000,0xe0000
1781229200,58.2,2400000,0xe0000
1781229201,57.1,2400000,0xe0000
1781229202,57.6,2400000,0xe0000
1781229203,57.1,2400000,0xe0000
1781229204,57.6,2400000,0xe0000
1781229205,57.1,2400000,0xe0000
1781229206,57.6,2400000,0xe0000
1781229207,57.6,2400000,0xe0000
1781229208,57.1,2400000,0xe0000
1781229209,57.6,2400000,0xe0000
1781229210,57.6,2400000,0xe0000
1781229211,57.6,2400000,0xe0000
1781229212,57.6,2400000,0xe0000
1781229213,56.5,2400000,0xe0000
1781229214,57.6,2400000,0xe0000
1781229215,57.6,2400000,0xe0000
1781229216,57.1,2400000,0xe0000
1781229217,57.6,2400000,0xe0000
1781229218,56.5,2400000,0xe0000
1781229219,57.6,2400000,0xe0000
1781229221,57.6,2400000,0xe0000
1781229222,57.1,2400000,0xe0000
1781229223,57.1,2400000,0xe0000
1781229224,57.1,2400000,0xe0000
1781229225,58.2,2400000,0xe0000
1781229226,57.1,2400000,0xe0000
1781229227,57.1,2400000,0xe0000
1781229228,58.2,2400000,0xe0000
1781229229,57.6,2400000,0xe0000
1781229230,58.2,2400000,0xe0000
1781229231,58.2,2400000,0xe0000
1781229232,58.2,2400000,0xe0000
1781229233,57.6,2400000,0xe0000
1781229234,58.2,2400000,0xe0000
1781229235,57.6,2400000,0xe0000
1781229236,58.2,2400000,0xe0000
1781229237,57.6,2400000,0xe0000
1781229238,58.2,2400000,0xe0000
1781229239,57.1,2400000,0xe0000
1781229240,57.6,2400000,0xe0000
1781229241,57.6,2400000,0xe0000
1781229243,57.6,2400000,0xe0000
1781229244,57.6,2400000,0xe0000
1781229245,57.6,2400000,0xe0000
1781229246,57.6,2400000,0xe0000
1781229247,57.6,2400000,0xe0000
1781229248,58.2,2400000,0xe0000
1781229249,58.2,2400000,0xe0000
1781229250,58.2,2400000,0xe0000
1781229251,57.6,2400000,0xe0000
1781229252,57.6,2400000,0xe0000
1781229253,58.2,2400000,0xe0000
1781229254,58.2,2400000,0xe0000
1781229255,58.2,2400000,0xe0000
1781229256,57.6,2400000,0xe0000
1781229257,57.6,2400000,0xe0000
1781229258,58.2,2400000,0xe0000
1781229259,58.2,2400000,0xe0000
1781229260,58.2,2400000,0xe0000
1781229261,58.2,2400000,0xe0000
1781229262,57.1,2400000,0xe0000
1781229263,58.2,2400000,0xe0000
1781229264,58.2,2400000,0xe0000
1781229265,57.6,2400000,0xe0000
1781229266,57.1,2400000,0xe0000
1781229267,57.6,2400000,0xe0000
1781229268,58.2,2400000,0xe0000
1781229269,58.2,2400000,0xe0000
1781229270,58.2,2400000,0xe0000
1781229272,57.6,2400000,0xe0000
1781229273,57.6,2400000,0xe0000
1781229274,58.2,2400000,0xe0000
1781229275,57.6,2400000,0xe0000
1781229276,58.7,2400000,0xe0000
1781229277,57.6,2400000,0xe0000
1781229278,58.2,2400000,0xe0000
1781229279,58.7,2400000,0xe0000
1781229280,58.2,2400000,0xe0000
1781229281,57.6,2400000,0xe0000
1781229282,58.2,2400000,0xe0000
1781229283,58.2,2400000,0xe0000
1781229284,58.2,2400000,0xe0000
1781229285,58.2,2400000,0xe0000
1781229286,58.2,2400000,0xe0000
1781229287,58.2,2400000,0xe0000
1781229288,58.7,2400000,0xe0000
1781229289,57.6,2400000,0xe0000
1781229290,58.2,2400000,0xe0000
1781229291,58.2,2400000,0xe0000
1781229292,58.2,2400000,0xe0000
1781229293,58.2,2400000,0xe0000
1781229294,59.3,2400000,0xe0000
1781229295,58.2,2400000,0xe0000
1781229296,58.2,2400000,0xe0000
1781229297,57.1,2400000,0xe0000
1781229298,58.2,2400000,0xe0000
1781229300,58.7,2400000,0xe0000
1781229301,58.2,2400000,0xe0000
1781229302,58.7,2400000,0xe0000
1781229303,57.6,2400000,0xe0000
1781229304,57.6,2400000,0xe0000
1781229305,58.2,2400000,0xe0000
1781229306,58.2,2400000,0xe0000
1781229307,58.2,2400000,0xe0000
1781229308,58.2,2400000,0xe0000
1781229309,57.6,2400000,0xe0000
1781229310,57.6,2400000,0xe0000
1781229311,57.6,2400000,0xe0000
1781229312,58.2,2400000,0xe0000
1781229313,58.2,2400000,0xe0000
1781229314,57.6,2400000,0xe0000
1781229315,57.6,2400000,0xe0000
1781229316,57.6,2400000,0xe0000
1781229317,58.2,2400000,0xe0000
1781229318,58.7,2400000,0xe0000
1781229319,57.6,2400000,0xe0000
1781229320,58.2,2400000,0xe0000
1781229321,58.2,2400000,0xe0000
1781229322,57.6,2400000,0xe0000
1781229323,58.7,2400000,0xe0000
1781229324,58.7,2400000,0xe0000
1781229326,58.7,2400000,0xe0000
1781229327,57.6,2400000,0xe0000
1781229328,59.3,2400000,0xe0000
1781229329,58.2,2400000,0xe0000
1781229330,58.7,2400000,0xe0000
1781229331,58.2,2400000,0xe0000
1781229332,58.7,2400000,0xe0000
1781229333,58.7,2400000,0xe0000
1781229334,58.7,2400000,0xe0000
1781229335,57.1,2400000,0xe0000
1781229336,57.6,2400000,0xe0000
1781229337,57.1,2400000,0xe0000
1781229338,58.7,2400000,0xe0000
1781229339,58.2,2400000,0xe0000
1781229340,57.6,2400000,0xe0000
1781229341,58.7,2400000,0xe0000
1781229342,58.2,2400000,0xe0000
1781229343,58.2,2400000,0xe0000
1781229344,58.7,2400000,0xe0000
1781229345,58.7,2400000,0xe0000
1781229346,58.2,2400000,0xe0000
1781229347,58.7,2400000,0xe0000
1781229348,58.7,2400000,0xe0000
1781229349,57.6,2400000,0xe0000
1781229350,58.7,2400000,0xe0000
1781229352,59.3,2400000,0xe0000
1781229353,58.2,2400000,0xe0000
1781229354,58.7,2400000,0xe0000
1781229355,59.3,2400000,0xe0000
1781229356,57.6,2400000,0xe0000
1781229357,57.1,2400000,0xe0000
1781229358,59.3,2400000,0xe0000
1781229359,58.2,2400000,0xe0000
1781229360,58.7,2400000,0xe0000
1781229361,58.2,2400000,0xe0000
1781229362,58.7,2400000,0xe0000
1781229363,58.2,2400000,0xe0000
1781229364,58.2,2400000,0xe0000
1781229365,58.7,2400000,0xe0000
1781229366,58.7,2400000,0xe0000
1781229367,58.7,2400000,0xe0000
1781229368,58.2,2400000,0xe0000
1781229369,58.2,2400000,0xe0000
1781229370,58.7,2400000,0xe0000
1781229371,59.3,2400000,0xe0000
1781229372,58.7,2400000,0xe0000
1781229374,59.3,2400000,0xe0000
1781229375,58.2,2400000,0xe0000
1781229376,57.6,2400000,0xe0000
1781229377,58.2,2400000,0xe0000
1781229378,58.2,2400000,0xe0000
1781229379,59.3,2400000,0xe0000
1781229380,58.7,2400000,0xe0000
1781229381,58.2,2400000,0xe0000
1781229382,58.7,2400000,0xe0000
1781229383,58.7,2400000,0xe0000
1781229384,58.7,2400000,0xe0000
1781229385,58.7,2400000,0xe0000
1781229386,58.7,2400000,0xe0000
1781229387,59.3,2400000,0xe0000
1781229388,59.3,2400000,0xe0000
1781229389,57.6,2400000,0xe0000
1781229390,58.2,2400000,0xe0000
1781229391,58.7,2400000,0xe0000
1781229393,58.7,2400000,0xe0000
1781229394,58.7,2400000,0xe0000
1781229395,58.7,2400000,0xe0000
1781229396,58.7,2400000,0xe0000
1781229397,58.7,2400000,0xe0000
1781229398,58.7,2400000,0xe0000
1781229399,58.2,2400000,0xe0000
1781229400,58.2,2400000,0xe0000
1781229401,58.7,2400000,0xe0000
1781229402,58.7,2400000,0xe0000
1781229403,58.2,2400000,0xe0000
1781229404,58.2,2400000,0xe0000
1781229405,58.7,2400000,0xe0000
1781229406,58.7,2400000,0xe0000
1781229407,58.7,2400000,0xe0000
1781229408,58.2,2400000,0xe0000
1781229409,58.7,2400000,0xe0000
1781229410,58.7,2400000,0xe0000
1781229411,58.7,2400000,0xe0000
1781229412,59.3,2400000,0xe0000
1781229413,58.7,2400000,0xe0000
1781229414,58.2,2400000,0xe0000
1781229415,58.7,2400000,0xe0000
1781229417,58.7,2400000,0xe0000
1781229418,58.7,2400000,0xe0000
1781229419,58.2,2400000,0xe0000
1781229420,57.6,2400000,0xe0000
1781229421,58.7,2400000,0xe0000
1781229422,58.7,2400000,0xe0000
1781229423,58.7,2400000,0xe0000
1781229424,59.3,2400000,0xe0000
1781229425,59.3,2400000,0xe0000
1781229426,58.7,2400000,0xe0000
1781229427,58.2,2400000,0xe0000
1781229428,58.7,2400000,0xe0000
1781229429,59.3,2400000,0xe0000
1781229430,58.2,2400000,0xe0000
1781229431,58.7,2400000,0xe0000
1781229432,57.6,2400000,0xe0000
1781229433,59.3,2400000,0xe0000
1781229434,58.7,2400000,0xe0000
1781229435,58.2,2400000,0xe0000
1781229436,58.7,2400000,0xe0000
1781229437,58.2,2400000,0xe0000
1781229439,59.3,2400000,0xe0000
1781229440,59.3,2400000,0xe0000
1781229441,58.7,2400000,0xe0000
1781229442,57.6,2400000,0xe0000
1781229443,58.7,2400000,0xe0000
1781229444,58.7,2400000,0xe0000
1781229445,58.7,2400000,0xe0000
1781229446,58.7,2400000,0xe0000
1781229447,59.3,2400000,0xe0000
1781229448,59.3,2400000,0xe0000
1781229449,58.7,2400000,0xe0000
1781229450,58.2,2400000,0xe0000
1781229451,58.7,2400000,0xe0000
1781229452,58.7,2400000,0xe0000
1781229453,58.7,2400000,0xe0000
1781229454,58.7,2400000,0xe0000
1781229455,59.3,2400000,0xe0000
1781229456,58.7,2400000,0xe0000
1781229457,59.3,2400000,0xe0000
1781229458,59.3,2400000,0xe0000
1781229459,58.2,2400000,0xe0000
1781229460,58.7,2400000,0xe0000
1781229461,58.2,2400000,0xe0000
1781229462,58.7,2400000,0xe0000
1781229463,58.7,2400000,0xe0000
1781229464,58.7,2400000,0xe0000
1781229465,58.7,2400000,0xe0000
1781229466,59.3,2400000,0xe0000
1781229468,58.2,2400000,0xe0000
1781229469,58.7,2400000,0xe0000
1781229470,59.3,2400000,0xe0000
1781229471,58.2,2400000,0xe0000
1781229472,58.2,2400000,0xe0000
1781229473,59.3,2400000,0xe0000
1781229474,58.7,2400000,0xe0000
1781229475,59.3,2400000,0xe0000
1781229476,58.7,2400000,0xe0000
1781229477,59.3,2400000,0xe0000
1781229478,58.2,2400000,0xe0000
1781229479,58.2,2400000,0xe0000
1781229480,59.3,2400000,0xe0000
1781229481,58.7,2400000,0xe0000
1781229482,58.7,2400000,0xe0000
1781229483,59.3,2400000,0xe0000
1781229484,58.2,2400000,0xe0000
1781229485,58.7,2400000,0xe0000
1781229486,58.2,2400000,0xe0000
1781229487,59.3,2400000,0xe0000
1781229488,58.7,2400000,0xe0000
1781229489,58.7,2400000,0xe0000
1781229490,59.3,2400000,0xe0000
1781229491,58.7,2400000,0xe0000
1781229492,58.7,2400000,0xe0000
1781229493,59.3,2400000,0xe0000
1781229494,58.7,2400000,0xe0000
1781229496,58.7,2400000,0xe0000
1781229497,58.2,2400000,0xe0000
1781229498,58.7,2400000,0xe0000
1781229499,58.7,2400000,0xe0000
1781229500,58.7,2400000,0xe0000
1781229501,57.6,2400000,0xe0000
1781229502,58.7,2400000,0xe0000
1781229503,59.3,2400000,0xe0000
1781229504,58.7,2400000,0xe0000
1781229505,59.3,2400000,0xe0000
1781229506,59.3,2400000,0xe0000
1781229507,58.2,2400000,0xe0000
1781229508,58.7,2400000,0xe0000
1781229509,58.7,2400000,0xe0000
1781229510,59.3,2400000,0xe0000
1781229511,58.7,2400000,0xe0000
1781229512,59.3,2400000,0xe0000
1781229513,58.7,2400000,0xe0000
1781229514,58.7,2400000,0xe0000
1781229515,59.3,2400000,0xe0000
1781229516,58.7,2400000,0xe0000
1781229517,59.3,2400000,0xe0000
1781229518,58.2,2400000,0xe0000
1781229520,59.3,2400000,0xe0000
1781229521,58.7,2400000,0xe0000
1781229522,58.7,2400000,0xe0000
1781229523,58.7,2400000,0xe0000
1781229524,58.2,2400000,0xe0000
1781229525,59.3,2400000,0xe0000
1781229526,58.2,2400000,0xe0000
1781229527,59.3,2400000,0xe0000
1781229528,58.7,2400000,0xe0000
1781229529,58.2,2400000,0xe0000
1781229530,59.3,2400000,0xe0000
1781229531,58.7,2400000,0xe0000
1781229532,58.7,2400000,0xe0000
1781229533,58.7,2400000,0xe0000
1781229534,58.7,2400000,0xe0000
1781229535,59.3,2400000,0xe0000
1781229536,58.7,2400000,0xe0000
1781229537,58.7,2400000,0xe0000
1781229538,59.3,2400000,0xe0000
1781229539,58.7,2400000,0xe0000
1781229540,58.7,2400000,0xe0000
1781229541,58.7,2400000,0xe0000
1781229542,58.7,2400000,0xe0000
1781229543,58.7,2400000,0xe0000
1781229544,58.7,2400000,0xe0000
1781229545,58.7,2400000,0xe0000
1781229546,58.2,2400000,0xe0000
1781229548,58.7,2400000,0xe0000
1781229549,58.7,2400000,0xe0000
1781229550,58.7,2400000,0xe0000
1781229551,58.7,2400000,0xe0000
1781229552,59.3,2400000,0xe0000
1781229553,59.3,2400000,0xe0000
1781229554,58.7,2400000,0xe0000
1781229555,58.7,2400000,0xe0000
1781229556,59.3,2400000,0xe0000
1781229557,58.7,2400000,0xe0000
1781229558,59.3,2400000,0xe0000
1781229559,58.7,2400000,0xe0000
1781229560,58.7,2400000,0xe0000
1781229561,58.7,2400000,0xe0000
1781229562,58.7,2400000,0xe0000
1781229563,59.3,2400000,0xe0000
1781229564,58.7,2400000,0xe0000
1781229565,59.3,2400000,0xe0000
1781229566,59.3,2400000,0xe0000
1781229567,58.7,2400000,0xe0000
1781229569,58.7,2400000,0xe0000
1781229570,58.7,2400000,0xe0000
1781229571,58.7,2400000,0xe0000
1781229572,59.3,2400000,0xe0000
1781229573,59.3,2400000,0xe0000
1781229574,58.7,2400000,0xe0000
1781229575,59.3,2400000,0xe0000
1781229576,58.7,2400000,0xe0000
1781229577,58.7,2400000,0xe0000
1781229578,59.3,2400000,0xe0000
1781229579,58.7,2400000,0xe0000
1781229580,59.3,2400000,0xe0000
1781229581,59.3,2400000,0xe0000
1781229582,59.3,2400000,0xe0000
1781229583,58.7,2400000,0xe0000
1781229584,58.7,2400000,0xe0000
1781229585,59.3,2400000,0xe0000
1781229586,59.8,2400000,0xe0000
1781229587,59.3,2400000,0xe0000
1781229588,58.2,2400000,0xe0000
1781229589,58.7,2400000,0xe0000
1781229590,58.2,2400000,0xe0000
1781229591,59.3,2400000,0xe0000
1781229592,59.3,2400000,0xe0000
1781229593,59.3,2400000,0xe0000
1781229594,58.7,2400000,0xe0000
1781229595,57.6,2400000,0xe0000
1781229597,59.3,2400000,0xe0000
1781229598,59.3,2400000,0xe0000
1781229599,58.7,2400000,0xe0000
1781229600,59.3,2400000,0xe0000
1781229601,59.3,2400000,0xe0000
1781229602,57.6,2400000,0xe0000
1781229603,58.7,2400000,0xe0000
1781229604,59.3,2400000,0xe0000
1781229605,58.7,2400000,0xe0000
1781229606,59.3,2400000,0xe0000
1781229607,58.7,2400000,0xe0000
1781229608,59.3,2400000,0xe0000
1781229609,58.7,2400000,0xe0000
1781229610,59.3,2400000,0xe0000
1781229611,59.8,2400000,0xe0000
1781229612,58.7,2400000,0xe0000
1781229613,58.7,2400000,0xe0000
1781229614,58.7,2400000,0xe0000
1781229615,59.3,2400000,0xe0000
1781229616,59.3,2400000,0xe0000
1781229617,58.7,2400000,0xe0000
1781229618,59.3,2400000,0xe0000
1781229619,58.7,2400000,0xe0000
1781229620,59.3,2400000,0xe0000
1781229621,58.2,2400000,0xe0000
1781229622,59.3,2400000,0xe0000
1781229623,59.3,2400000,0xe0000
1781229625,59.3,2400000,0xe0000
1781229626,59.3,2400000,0xe0000
1781229627,58.2,2400000,0xe0000
1781229628,58.7,2400000,0xe0000
1781229629,59.3,2400000,0xe0000
1781229630,58.7,2400000,0xe0000
1781229631,58.7,2400000,0xe0000
1781229632,59.3,2400000,0xe0000
1781229633,59.3,2400000,0xe0000
1781229634,59.3,2400000,0xe0000
1781229635,59.3,2400000,0xe0000
1781229636,58.7,2400000,0xe0000
1781229637,59.8,2400000,0xe0000
1781229638,59.3,2400000,0xe0000
1781229639,58.7,2400000,0xe0000
1781229640,59.3,2400000,0xe0000
1781229641,59.3,2400000,0xe0000
1781229642,58.7,2400000,0xe0000
1781229643,58.7,2400000,0xe0000
1781229644,59.8,2400000,0xe0000
1781229645,59.8,2400000,0xe0000
1781229646,59.3,2400000,0xe0000
1781229647,59.3,2400000,0xe0000
1781229648,58.2,2400000,0xe0000
1781229649,59.3,2400000,0xe0000
1781229650,58.7,2400000,0xe0000
1781229651,58.7,2400000,0xe0000
1781229653,57.6,2400000,0xe0000
1781229654,59.3,2400000,0xe0000
1781229655,59.3,2400000,0xe0000
1781229656,59.3,2400000,0xe0000
1781229657,59.3,2400000,0xe0000
1781229658,58.2,2400000,0xe0000
1781229659,59.3,2400000,0xe0000
1781229660,59.8,2400000,0xe0000
1781229661,59.3,2400000,0xe0000
1781229662,58.7,2400000,0xe0000
1781229663,58.2,2400000,0xe0000
1781229664,59.8,2400000,0xe0000
1781229665,58.2,2400000,0xe0000
1781229666,58.7,2400000,0xe0000
1781229667,59.8,2400000,0xe0000
1781229668,57.6,2400000,0xe0000
1781229669,59.3,2400000,0xe0000
1781229670,59.3,2400000,0xe0000
1781229671,58.7,2400000,0xe0000
1781229672,59.3,2400000,0xe0000
1781229673,58.7,2400000,0xe0000
1781229675,58.7,2400000,0xe0000
1781229676,59.3,2400000,0xe0000
1781229677,59.3,2400000,0xe0000
1781229678,59.8,2400000,0xe0000
1781229679,59.3,2400000,0xe0000
1781229680,58.7,2400000,0xe0000
1781229681,59.3,2400000,0xe0000
1781229682,59.3,2400000,0xe0000
1781229683,58.7,2400000,0xe0000
1781229684,58.7,2400000,0xe0000
1781229685,59.3,2400000,0xe0000
1781229686,58.2,2400000,0xe0000
1781229687,59.3,2400000,0xe0000
1781229688,59.3,2400000,0xe0000
1781229689,59.3,2400000,0xe0000
1781229690,59.3,2400000,0xe0000
1781229691,57.6,2400000,0xe0000
1781229693,58.7,2400000,0xe0000
1781229694,59.8,2400000,0xe0000
1781229695,58.2,2400000,0xe0000
1781229696,58.2,2400000,0xe0000
1781229697,58.7,2400000,0xe0000
1781229698,59.3,2400000,0xe0000
1781229699,59.3,2400000,0xe0000
1781229700,58.7,2400000,0xe0000
1781229701,59.3,2400000,0xe0000
1781229702,59.3,2400000,0xe0000
1781229703,58.2,2400000,0xe0000
1781229704,58.2,2400000,0xe0000
1781229705,57.6,2400000,0xe0000
1781229706,59.3,2400000,0xe0000
1781229707,58.7,2400000,0xe0000
1781229708,59.3,2400000,0xe0000
1781229709,59.3,2400000,0xe0000
1781229710,59.8,2400000,0xe0000
1781229711,59.3,2400000,0xe0000
1781229712,58.7,2400000,0xe0000
1781229713,59.3,2400000,0xe0000
1781229714,58.7,2400000,0xe0000
1781229715,58.2,2400000,0xe0000
1781229716,58.7,2400000,0xe0000
1781229717,59.3,2400000,0xe0000
1781229718,58.7,2400000,0xe0000
1781229719,58.2,2400000,0xe0000
1781229720,58.7,2400000,0xe0000
1781229721,59.3,2400000,0xe0000
1781229722,59.3,2400000,0xe0000
1781229723,59.3,2400000,0xe0000
1781229724,59.3,2400000,0xe0000
1781229726,59.3,2400000,0xe0000
1781229727,59.3,2400000,0xe0000
1781229728,58.7,2400000,0xe0000
1781229729,58.7,2400000,0xe0000
1781229730,59.3,2400000,0xe0000
1781229731,59.3,2400000,0xe0000
1781229732,59.3,2400000,0xe0000
1781229733,58.7,2400000,0xe0000
1781229734,59.3,2400000,0xe0000
1781229735,59.3,2400000,0xe0000
1781229736,59.3,2400000,0xe0000
1781229737,58.2,2400000,0xe0000
1781229738,59.3,2400000,0xe0000
1781229739,59.3,2400000,0xe0000
1781229740,59.3,2400000,0xe0000
1781229741,58.7,2400000,0xe0000
1781229742,58.7,2400000,0xe0000
1781229743,59.3,2400000,0xe0000
1781229744,59.3,2400000,0xe0000
1781229745,59.3,2400000,0xe0000
1781229746,59.3,2400000,0xe0000
1781229747,59.8,2400000,0xe0000
1781229748,59.3,2400000,0xe0000
1781229750,58.2,2400000,0xe0000
1781229751,59.3,2400000,0xe0000
1781229752,59.3,2400000,0xe0000
1781229753,58.7,2400000,0xe0000
1781229754,58.7,2400000,0xe0000
1781229755,58.7,2400000,0xe0000
1781229756,59.3,2400000,0xe0000
1781229757,58.7,2400000,0xe0000
1781229758,58.7,2400000,0xe0000
1781229759,58.7,2400000,0xe0000
1781229760,59.3,2400000,0xe0000
1781229761,59.3,2400000,0xe0000
1781229762,59.3,2400000,0xe0000
1781229763,59.3,2400000,0xe0000
1781229764,59.3,2400000,0xe0000
1781229765,59.3,2400000,0xe0000
1781229766,59.3,2400000,0xe0000
1781229767,58.2,2400000,0xe0000
1781229768,59.3,2400000,0xe0000
1781229770,59.3,2400000,0xe0000
1781229771,59.3,2400000,0xe0000
1781229772,58.2,2400000,0xe0000
1781229773,59.3,2400000,0xe0000
1781229774,58.7,2400000,0xe0000
1781229775,58.7,2400000,0xe0000
1781229776,59.3,2400000,0xe0000
1781229777,59.3,2400000,0xe0000
1781229778,58.7,2400000,0xe0000
1781229779,59.3,2400000,0xe0000
1781229780,59.3,2400000,0xe0000
1781229781,58.7,2400000,0xe0000
1781229782,59.3,2400000,0xe0000
1781229783,59.3,2400000,0xe0000
1781229784,58.2,2400000,0xe0000
1781229785,59.3,2400000,0xe0000
1781229786,59.3,2400000,0xe0000
1781229787,59.8,2400000,0xe0000
1781229788,59.3,2400000,0xe0000
1781229789,58.2,2400000,0xe0000
1781229790,58.2,2400000,0xe0000
1781229791,58.7,2400000,0xe0000
1781229792,58.2,2400000,0xe0000
1781229793,59.3,2400000,0xe0000
1781229794,59.3,2400000,0xe0000
1781229795,59.3,2400000,0xe0000
1781229796,58.2,2400000,0xe0000
1781229797,59.3,2400000,0xe0000
1781229798,59.3,2400000,0xe0000
1781229800,59.3,2400000,0xe0000
1781229801,59.3,2400000,0xe0000
1781229802,58.7,2400000,0xe0000
1781229803,59.8,2400000,0xe0000
1781229804,59.3,2400000,0xe0000
1781229805,59.8,2400000,0xe0000
1781229806,59.3,2400000,0xe0000
1781229807,59.3,2400000,0xe0000
1781229808,58.7,2400000,0xe0000
1781229809,59.3,2400000,0xe0000
1781229810,58.7,2400000,0xe0000
1781229811,58.7,2400000,0xe0000
1781229812,58.7,2400000,0xe0000
1781229813,59.3,2400000,0xe0000
1781229814,58.2,2400000,0xe0000
1781229815,59.3,2400000,0xe0000
1781229816,59.3,2400000,0xe0000
1781229817,59.3,2400000,0xe0000
1781229818,58.7,2400000,0xe0000
1781229819,59.3,2400000,0xe0000
1781229821,59.3,2400000,0xe0000
1781229822,58.7,2400000,0xe0000
1781229823,59.3,2400000,0xe0000
1781229824,59.3,2400000,0xe0000
1781229825,58.7,2400000,0xe0000
1781229826,58.7,2400000,0xe0000
1781229827,59.3,2400000,0xe0000
1781229828,59.3,2400000,0xe0000
1781229829,58.7,2400000,0xe0000
1781229830,59.3,2400000,0xe0000
1781229831,59.3,2400000,0xe0000
1781229832,59.3,2400000,0xe0000
1781229833,59.3,2400000,0xe0000
1781229834,59.3,2400000,0xe0000
1781229835,59.3,2400000,0xe0000
1781229836,58.7,2400000,0xe0000
1781229837,58.7,2400000,0xe0000
1781229838,59.3,2400000,0xe0000
1781229839,59.3,2400000,0xe0000
1781229840,59.3,2400000,0xe0000
1781229841,59.3,2400000,0xe0000
1781229842,58.2,2400000,0xe0000
1781229843,59.3,2400000,0xe0000
1781229844,59.8,2400000,0xe0000
1781229845,59.3,2400000,0xe0000
1781229846,59.3,2400000,0xe0000
1781229847,59.3,2400000,0xe0000
1781229848,59.3,2400000,0xe0000
1781229849,59.3,2400000,0xe0000
1781229851,58.7,2400000,0xe0000
1781229852,59.8,2400000,0xe0000
1781229853,59.3,2400000,0xe0000
1781229854,58.7,2400000,0xe0000
1781229855,59.3,2400000,0xe0000
1781229856,58.7,2400000,0xe0000
1781229857,59.8,2400000,0xe0000
1781229858,59.3,2400000,0xe0000
1781229859,59.3,2400000,0xe0000
1781229860,59.3,2400000,0xe0000
1781229861,58.2,2400000,0xe0000
1781229862,58.7,2400000,0xe0000
1781229863,59.3,2400000,0xe0000
1781229864,59.3,2400000,0xe0000
1781229865,59.3,2400000,0xe0000
1781229866,59.3,2400000,0xe0000
1781229867,59.3,2400000,0xe0000
1781229868,59.3,2400000,0xe0000
1781229869,59.3,2400000,0xe0000
1781229870,59.8,2400000,0xe0000
1781229871,59.3,2400000,0xe0000
1781229872,59.3,2400000,0xe0000
1781229873,59.3,2400000,0xe0000
1781229874,58.7,2400000,0xe0000
1781229875,59.3,2400000,0xe0000
1781229877,59.3,2400000,0xe0000
1781229878,59.3,2400000,0xe0000
1781229879,59.3,2400000,0xe0000
1781229880,59.3,2400000,0xe0000
1781229881,59.3,2400000,0xe0000
1781229882,59.3,2400000,0xe0000
1781229883,59.3,2400000,0xe0000
1781229884,59.3,2400000,0xe0000
1781229885,58.7,2400000,0xe0000
1781229886,59.3,2400000,0xe0000
1781229887,59.8,2400000,0xe0000
1781229888,59.3,2400000,0xe0000
1781229889,59.8,2400000,0xe0000
1781229890,59.3,2400000,0xe0000
1781229891,59.3,2400000,0xe0000
1781229892,59.3,2400000,0xe0000
1781229893,58.7,2400000,0xe0000
1781229894,58.7,2400000,0xe0000
1781229895,59.3,2400000,0xe0000
1781229896,59.8,2400000,0xe0000
1781229897,59.8,2400000,0xe0000
1781229898,59.3,2400000,0xe0000
1781229899,59.3,2400000,0xe0000
1781229900,58.7,2400000,0xe0000
1781229901,59.8,2400000,0xe0000
1781229902,59.3,2400000,0xe0000
1781229904,59.3,2400000,0xe0000
1781229905,59.3,2400000,0xe0000
1781229906,58.2,2400000,0xe0000
1781229907,58.2,2400000,0xe0000
1781229908,59.3,2400000,0xe0000
1781229909,59.8,2400000,0xe0000
1781229910,59.3,2400000,0xe0000
1781229911,58.7,2400000,0xe0000
1781229912,59.3,2400000,0xe0000
1781229913,59.3,2400000,0xe0000
1781229914,59.3,2400000,0xe0000
1781229915,59.3,2400000,0xe0000
1781229916,59.3,2400000,0xe0000
1781229917,59.3,2400000,0xe0000
1781229918,58.7,2400000,0xe0000
1781229920,59.3,2400000,0xe0000
1781229921,59.3,2400000,0xe0000
1781229922,59.3,2400000,0xe0000
1781229923,58.7,2400000,0xe0000
1781229924,59.3,2400000,0xe0000
1781229925,59.8,2400000,0xe0000
1781229926,59.3,2400000,0xe0000
1781229927,59.8,2400000,0xe0000
1781229928,58.7,2400000,0xe0000
1781229929,59.3,2400000,0xe0000
1781229930,58.7,2400000,0xe0000
1781229931,59.3,2400000,0xe0000
1781229932,59.8,2400000,0xe0000
1781229933,59.3,2400000,0xe0000
1781229934,59.3,2400000,0xe0000
1781229935,59.8,2400000,0xe0000
1781229936,58.7,2400000,0xe0000
1781229937,59.3,2400000,0xe0000
1781229938,59.8,2400000,0xe0000
1781229939,58.7,2400000,0xe0000
1781229940,59.3,2400000,0xe0000
1781229941,58.7,2400000,0xe0000
1781229942,58.2,2400000,0xe0000
1781229944,59.8,2400000,0xe0000
1781229945,58.2,2400000,0xe0000
1781229946,59.3,2400000,0xe0000
1781229947,58.7,2400000,0xe0000
1781229948,58.7,2400000,0xe0000
1781229949,59.3,2400000,0xe0000
1781229950,59.3,2400000,0xe0000
1781229951,59.3,2400000,0xe0000
1781229952,58.7,2400000,0xe0000
1781229953,58.7,2400000,0xe0000
1781229954,59.3,2400000,0xe0000
1781229955,59.3,2400000,0xe0000
1781229956,59.3,2400000,0xe0000
1781229957,59.8,2400000,0xe0000
1781229958,59.3,2400000,0xe0000
1781229959,59.8,2400000,0xe0000
1781229960,59.8,2400000,0xe0000
1781229961,59.8,2400000,0xe0000
1781229962,59.3,2400000,0xe0000
1781229963,59.3,2400000,0xe0000
1781229964,58.7,2400000,0xe0000
1781229966,59.8,2400000,0xe0000
1781229967,59.3,2400000,0xe0000
1781229968,59.3,2400000,0xe0000
1781229969,58.7,2400000,0xe0000
1781229970,59.3,2400000,0xe0000
1781229971,59.3,2400000,0xe0000
1781229972,59.3,2400000,0xe0000
1781229973,58.2,2400000,0xe0000
1781229974,59.3,2400000,0xe0000
1781229975,58.2,2400000,0xe0000
1781229976,59.3,2400000,0xe0000
1781229977,59.3,2400000,0xe0000
1781229978,59.3,2400000,0xe0000
1781229979,58.7,2400000,0xe0000
1781229980,59.3,2400000,0xe0000
1781229981,59.3,2400000,0xe0000
1781229982,59.3,2400000,0xe0000
1781229983,58.2,2400000,0xe0000
1781229984,59.3,2400000,0xe0000
1781229985,59.3,2400000,0xe0000
1781229986,59.3,2400000,0xe0000
1781229987,59.3,2400000,0xe0000
1781229988,59.3,2400000,0xe0000
1781229989,59.3,2400000,0xe0000
1781229990,59.3,2400000,0xe0000
1781229991,58.7,2400000,0xe0000
1781229992,58.7,2400000,0xe0000
1781229993,59.3,2400000,0xe0000
1781229994,58.2,2400000,0xe0000
1781229996,59.8,2400000,0xe0000
1781229997,59.3,2400000,0xe0000
1781229998,58.7,2400000,0xe0000
1781229999,58.7,2400000,0xe0000
1781230000,58.7,2400000,0xe0000
1781230001,59.3,2400000,0xe0000
1781230002,59.3,2400000,0xe0000
1781230003,59.3,2400000,0xe0000
1781230004,59.8,2400000,0xe0000
1781230005,58.7,2400000,0xe0000
1781230006,58.2,2400000,0xe0000
1781230007,59.3,2400000,0xe0000
1781230008,59.3,2400000,0xe0000
1781230009,58.7,2400000,0xe0000
1781230010,59.3,2400000,0xe0000
1781230011,59.3,2400000,0xe0000
1781230012,59.3,2400000,0xe0000
1781230013,59.3,2400000,0xe0000
1781230014,59.3,2400000,0xe0000
1781230015,59.8,2400000,0xe0000
1781230016,59.3,2400000,0xe0000
1781230017,59.3,2400000,0xe0000
1781230018,59.8,2400000,0xe0000
1781230019,59.3,2400000,0xe0000
1781230020,58.7,2400000,0xe0000
1781230021,59.3,2400000,0xe0000
1781230022,59.3,2400000,0xe0000
1781230023,58.7,2400000,0xe0000
1781230024,59.3,2400000,0xe0000
1781230026,59.3,2400000,0xe0000
1781230027,58.2,2400000,0xe0000
1781230028,58.7,2400000,0xe0000
1781230029,59.3,2400000,0xe0000
1781230030,59.3,2400000,0xe0000
1781230031,58.7,2400000,0xe0000
1781230032,59.3,2400000,0xe0000
1781230033,59.3,2400000,0xe0000
1781230034,59.3,2400000,0xe0000
1781230035,59.3,2400000,0xe0000
1781230036,59.8,2400000,0xe0000
1781230037,58.7,2400000,0xe0000
1781230038,59.3,2400000,0xe0000
1781230039,58.7,2400000,0xe0000
1781230040,59.3,2400000,0xe0000
1781230041,59.8,2400000,0xe0000
1781230042,59.3,2400000,0xe0000
1781230043,59.3,2400000,0xe0000
1781230044,59.3,2400000,0xe0000
1781230045,59.8,2400000,0xe0000
1781230046,59.3,2400000,0xe0000
1781230047,59.3,2400000,0xe0000
1781230048,59.3,2400000,0xe0000
1781230049,59.3,2400000,0xe0000
1781230051,59.8,2400000,0xe0000
1781230052,59.3,2400000,0xe0000
1781230053,59.8,2400000,0xe0000
1781230054,59.8,2400000,0xe0000
1781230055,59.3,2400000,0xe0000
1781230056,59.8,2400000,0xe0000
1781230057,58.7,2400000,0xe0000
1781230058,58.7,2400000,0xe0000
1781230059,58.7,2400000,0xe0000
1781230060,59.3,2400000,0xe0000
1781230061,59.3,2400000,0xe0000
1781230062,59.3,2400000,0xe0000
1781230063,59.3,2400000,0xe0000
1781230064,58.7,2400000,0xe0000
1781230065,59.8,2400000,0xe0000
1781230066,59.3,2400000,0xe0000
1781230067,59.3,2400000,0xe0000
1781230068,59.3,2400000,0xe0000
1781230070,59.3,2400000,0xe0000
1781230071,58.7,2400000,0xe0000
1781230072,59.3,2400000,0xe0000
1781230073,59.8,2400000,0xe0000
1781230074,59.3,2400000,0xe0000
1781230075,59.3,2400000,0xe0000
1781230076,59.3,2400000,0xe0000
1781230077,58.2,2400000,0xe0000
1781230078,59.3,2400000,0xe0000
1781230079,58.7,2400000,0xe0000
1781230080,59.8,2400000,0xe0000
1781230081,59.3,2400000,0xe0000
1781230082,58.7,2400000,0xe0000
1781230083,58.7,2400000,0xe0000
1781230084,58.2,2400000,0xe0000
1781230085,59.3,2400000,0xe0000
1781230086,59.3,2400000,0xe0000
1781230087,59.3,2400000,0xe0000
1781230088,58.7,2400000,0xe0000
1781230089,59.3,2400000,0xe0000
1781230090,58.7,2400000,0xe0000
1781230091,59.3,2400000,0xe0000
1781230092,59.3,2400000,0xe0000
1781230093,58.7,2400000,0xe0000
1781230094,59.3,2400000,0xe0000
1781230095,59.8,2400000,0xe0000
1781230097,59.3,2400000,0xe0000
1781230098,58.7,2400000,0xe0000
1781230099,59.3,2400000,0xe0000
1781230100,59.3,2400000,0xe0000
1781230101,58.7,2400000,0xe0000
1781230102,58.7,2400000,0xe0000
1781230103,59.3,2400000,0xe0000
1781230104,58.7,2400000,0xe0000
1781230105,59.3,2400000,0xe0000
1781230106,59.3,2400000,0xe0000
1781230107,59.3,2400000,0xe0000
1781230108,59.3,2400000,0xe0000
1781230109,59.8,2400000,0xe0000
1781230110,58.7,2400000,0xe0000
1781230111,59.8,2400000,0xe0000
1781230112,59.3,2400000,0xe0000
1781230113,59.3,2400000,0xe0000
1781230114,59.3,2400000,0xe0000
1781230116,58.7,2400000,0xe0000
1781230117,58.2,2400000,0xe0000
1781230118,59.3,2400000,0xe0000
1781230119,59.3,2400000,0xe0000
1781230120,59.3,2400000,0xe0000
1781230121,59.3,2400000,0xe0000
1781230122,59.3,2400000,0xe0000
1781230123,59.8,2400000,0xe0000
1781230124,58.7,2400000,0xe0000
1781230125,58.7,2400000,0xe0000
1781230126,59.3,2400000,0xe0000
1781230127,58.7,2400000,0xe0000
1781230128,59.8,2400000,0xe0000
1781230129,58.7,2400000,0xe0000
1781230130,59.8,2400000,0xe0000
1781230131,58.7,2400000,0xe0000
1781230132,58.7,2400000,0xe0000
1781230133,59.3,2400000,0xe0000
1781230134,59.3,2400000,0xe0000
1781230135,59.3,2400000,0xe0000
1781230136,59.3,2400000,0xe0000
1781230137,59.3,2400000,0xe0000
1781230138,59.8,2400000,0xe0000
1781230139,58.7,2400000,0xe0000
1781230140,59.3,2400000,0xe0000
1781230141,59.3,2400000,0xe0000
1781230142,59.8,2400000,0xe0000
1781230144,59.3,2400000,0xe0000
1781230145,59.3,2400000,0xe0000
1781230146,59.3,2400000,0xe0000
1781230147,59.8,2400000,0xe0000
1781230148,59.3,2400000,0xe0000
1781230149,59.8,2400000,0xe0000
1781230150,59.3,2400000,0xe0000
1781230151,58.7,2400000,0xe0000
1781230152,59.8,2400000,0xe0000
1781230153,59.8,2400000,0xe0000
1781230154,59.3,2400000,0xe0000
1781230155,59.8,2400000,0xe0000
1781230156,58.7,2400000,0xe0000
1781230157,58.7,2400000,0xe0000
1781230158,59.3,2400000,0xe0000
1781230159,59.3,2400000,0xe0000
1781230160,59.3,2400000,0xe0000
1781230161,59.3,2400000,0xe0000
1781230162,59.8,2400000,0xe0000
1781230163,59.3,2400000,0xe0000
1781230164,59.3,2400000,0xe0000
1781230166,59.3,2400000,0xe0000
1781230167,58.7,2400000,0xe0000
1781230168,59.3,2400000,0xe0000
1781230169,59.3,2400000,0xe0000
1781230170,59.8,2400000,0xe0000
1781230171,59.8,2400000,0xe0000
1781230172,58.7,2400000,0xe0000
1781230173,59.3,2400000,0xe0000
1781230174,59.3,2400000,0xe0000
1781230175,58.7,2400000,0xe0000
1781230176,59.8,2400000,0xe0000
1781230177,59.3,2400000,0xe0000
1781230178,59.3,2400000,0xe0000
1781230179,59.8,2400000,0xe0000
1781230180,59.8,2400000,0xe0000
1781230181,59.3,2400000,0xe0000
1781230182,59.3,2400000,0xe0000
1781230183,59.3,2400000,0xe0000
1781230184,59.3,2400000,0xe0000
1781230185,59.3,2400000,0xe0000
1781230186,59.8,2400000,0xe0000
1781230187,59.8,2400000,0xe0000
1781230188,58.7,2400000,0xe0000
1781230189,59.8,2400000,0xe0000
1781230190,59.3,2400000,0xe0000
1781230192,59.3,2400000,0xe0000
1781230193,59.3,2400000,0xe0000
1781230194,59.3,2400000,0xe0000
1781230195,59.3,2400000,0xe0000
1781230196,59.3,2400000,0xe0000
1781230197,59.3,2400000,0xe0000
1781230198,59.3,2400000,0xe0000
1781230199,60.4,2400000,0xe0000
1781230200,58.7,2400000,0xe0000
1781230201,58.7,2400000,0xe0000
1781230202,59.3,2400000,0xe0000
1781230203,59.3,2400000,0xe0000
1781230204,59.3,2400000,0xe0000
1781230205,59.3,2400000,0xe0000
1781230206,59.3,2400000,0xe0000
1781230207,59.3,2400000,0xe0000
1781230208,59.3,2400000,0xe0000
1781230209,59.3,2400000,0xe0000
1781230210,59.3,2400000,0xe0000
1781230211,59.8,2400000,0xe0000
1781230213,58.7,2400000,0xe0000
1781230214,59.3,2400000,0xe0000
1781230215,59.3,2400000,0xe0000
1781230216,59.8,2400000,0xe0000
1781230217,59.8,2400000,0xe0000
1781230218,59.3,2400000,0xe0000
1781230219,59.3,2400000,0xe0000
1781230220,59.3,2400000,0xe0000
1781230221,59.3,2400000,0xe0000
1781230222,58.7,2400000,0xe0000
1781230223,59.3,2400000,0xe0000
1781230224,59.3,2400000,0xe0000
1781230225,59.3,2400000,0xe0000
1781230226,58.7,2400000,0xe0000
1781230227,59.3,2400000,0xe0000
1781230228,59.3,2400000,0xe0000
1781230229,59.3,2400000,0xe0000
1781230230,59.3,2400000,0xe0000
1781230231,59.3,2400000,0xe0000
1781230232,59.8,2400000,0xe0000
1781230233,59.3,2400000,0xe0000
1781230234,59.3,2400000,0xe0000
1781230235,59.3,2400000,0xe0000
1781230236,59.3,2400000,0xe0000
1781230237,58.7,2400000,0xe0000
1781230238,58.7,2400000,0xe0000
1781230239,59.3,2400000,0xe0000
1781230241,59.3,2400000,0xe0000
1781230242,59.3,2400000,0xe0000
1781230243,59.3,2400000,0xe0000
1781230244,59.8,2400000,0xe0000
1781230245,59.3,2400000,0xe0000
1781230246,59.3,2400000,0xe0000
1781230247,59.3,2400000,0xe0000
1781230248,59.3,2400000,0xe0000
1781230249,59.3,2400000,0xe0000
1781230250,59.8,2400000,0xe0000
1781230251,59.3,2400000,0xe0000
1781230252,59.3,2400000,0xe0000
1781230253,59.3,2400000,0xe0000
1781230254,59.3,2400000,0xe0000
1781230255,59.3,2400000,0xe0000
1781230256,59.8,2400000,0xe0000
1781230257,59.3,2400000,0xe0000
1781230258,59.3,2400000,0xe0000
1781230259,59.3,2400000,0xe0000
1781230260,59.8,2400000,0xe0000
1781230261,58.7,2400000,0xe0000
1781230263,59.8,2400000,0xe0000
1781230264,59.3,2400000,0xe0000
1781230265,59.3,2400000,0xe0000
1781230266,59.8,2400000,0xe0000
1781230267,58.7,2400000,0xe0000
1781230268,59.3,2400000,0xe0000
1781230269,58.7,2400000,0xe0000
1781230270,59.3,2400000,0xe0000
1781230271,59.8,2400000,0xe0000
1781230272,59.3,2400000,0xe0000
1781230273,59.3,2400000,0xe0000
1781230274,59.3,2400000,0xe0000
1781230275,59.3,2400000,0xe0000
1781230276,58.7,2400000,0xe0000
1781230277,59.3,2400000,0xe0000
1781230278,59.8,2400000,0xe0000
1781230279,58.7,2400000,0xe0000
1781230280,59.3,2400000,0xe0000
1781230281,57.6,2400000,0xe0000
1781230282,59.3,2400000,0xe0000
1781230283,59.3,2400000,0xe0000
1781230284,59.8,2400000,0xe0000
1781230285,58.7,2400000,0xe0000
1781230286,59.8,2400000,0xe0000
1781230288,58.7,2400000,0xe0000
1781230289,59.8,2400000,0xe0000
1781230290,59.3,2400000,0xe0000
1781230291,59.8,2400000,0xe0000
1781230292,59.3,2400000,0xe0000
1781230293,59.8,2400000,0xe0000
1781230294,59.8,2400000,0xe0000
1781230295,59.3,2400000,0xe0000
1781230296,59.3,2400000,0xe0000
1781230297,58.7,2400000,0xe0000
1781230298,58.7,2400000,0xe0000
1781230299,59.3,2400000,0xe0000
1781230300,59.3,2400000,0xe0000
1781230301,59.3,2400000,0xe0000
1781230302,59.3,2400000,0xe0000
1781230303,59.8,2400000,0xe0000
1781230304,59.3,2400000,0xe0000
1781230305,59.3,2400000,0xe0000
1781230306,59.8,2400000,0xe0000
1781230307,58.2,2400000,0xe0000
1781230308,59.3,2400000,0xe0000
1781230309,59.3,2400000,0xe0000
1781230310,58.7,2400000,0xe0000
1781230311,58.7,2400000,0xe0000
1781230312,59.3,2400000,0xe0000
1781230313,59.3,2400000,0xe0000
1781230314,59.8,2400000,0xe0000
1781230315,59.3,2400000,0xe0000
1781230316,59.3,2400000,0xe0000
1781230317,59.8,2400000,0xe0000
1781230319,59.8,2400000,0xe0000
1781230320,59.3,2400000,0xe0000
1781230321,59.3,2400000,0xe0000
1781230322,59.3,2400000,0xe0000
1781230323,59.3,2400000,0xe0000
1781230324,59.3,2400000,0xe0000
1781230325,59.3,2400000,0xe0000
1781230326,59.3,2400000,0xe0000
1781230327,59.3,2400000,0xe0000
1781230328,59.3,2400000,0xe0000
1781230329,59.8,2400000,0xe0000
1781230330,59.3,2400000,0xe0000
1781230331,58.7,2400000,0xe0000
1781230332,59.3,2400000,0xe0000
1781230333,59.3,2400000,0xe0000
1781230334,59.3,2400000,0xe0000
1781230335,59.8,2400000,0xe0000
1781230336,59.3,2400000,0xe0000
1781230337,59.3,2400000,0xe0000
1781230338,59.3,2400000,0xe0000
1781230339,59.3,2400000,0xe0000
1781230340,59.3,2400000,0xe0000
1781230341,59.3,2400000,0xe0000
1781230342,58.7,2400000,0xe0000
1781230344,59.8,2400000,0xe0000
1781230345,58.7,2400000,0xe0000
1781230346,59.3,2400000,0xe0000
1781230347,59.3,2400000,0xe0000
1781230348,59.8,2400000,0xe0000
1781230349,59.3,2400000,0xe0000
1781230350,59.3,2400000,0xe0000
1781230351,59.3,2400000,0xe0000
1781230352,59.8,2400000,0xe0000
1781230353,58.2,2400000,0xe0000
1781230354,59.3,2400000,0xe0000
1781230355,59.8,2400000,0xe0000
1781230356,58.2,2400000,0xe0000
1781230357,59.3,2400000,0xe0000
1781230358,59.3,2400000,0xe0000
1781230359,58.7,2400000,0xe0000
1781230360,59.3,2400000,0xe0000
1781230361,59.3,2400000,0xe0000
1781230362,59.3,2400000,0xe0000
1781230363,59.3,2400000,0xe0000
1781230364,59.3,2400000,0xe0000
1781230365,58.7,2400000,0xe0000
1781230366,58.2,2400000,0xe0000
1781230367,59.3,2400000,0xe0000
1781230369,59.8,2400000,0xe0000
1781230370,59.8,2400000,0xe0000
1781230371,58.7,2400000,0xe0000
1781230372,59.3,2400000,0xe0000
1781230373,59.3,2400000,0xe0000
1781230374,58.7,2400000,0xe0000
1781230375,59.3,2400000,0xe0000
1781230376,59.3,2400000,0xe0000
1781230377,59.3,2400000,0xe0000
1781230378,58.7,2400000,0xe0000
1781230379,58.7,2400000,0xe0000
1781230380,58.7,2400000,0xe0000
1781230381,59.3,2400000,0xe0000
1781230382,58.7,2400000,0xe0000
1781230383,59.3,2400000,0xe0000
1781230384,59.8,2400000,0xe0000
1781230385,59.3,2400000,0xe0000
1781230386,59.3,2400000,0xe0000
1781230387,59.8,2400000,0xe0000
1781230388,59.3,2400000,0xe0000
1781230389,59.3,2400000,0xe0000
1781230390,58.7,2400000,0xe0000
1781230391,59.8,2400000,0xe0000
1781230392,58.7,2400000,0xe0000
1781230394,59.3,2400000,0xe0000
1781230395,59.8,2400000,0xe0000
1781230396,59.3,2400000,0xe0000
1781230397,58.2,2400000,0xe0000
1781230398,59.3,2400000,0xe0000
1781230399,59.3,2400000,0xe0000
1781230400,59.3,2400000,0xe0000
1781230401,59.8,2400000,0xe0000
1781230402,59.3,2400000,0xe0000
1781230403,59.3,2400000,0xe0000
1781230404,59.3,2400000,0xe0000
1781230405,59.3,2400000,0xe0000
1781230406,59.3,2400000,0xe0000
1781230407,59.8,2400000,0xe0000
1781230408,59.8,2400000,0xe0000
1781230409,59.3,2400000,0xe0000
1781230410,59.3,2400000,0xe0000
1781230411,59.3,2400000,0xe0000
1781230412,59.8,2400000,0xe0000
1781230413,59.3,2400000,0xe0000
1781230414,59.3,2400000,0xe0000
1781230415,59.3,2400000,0xe0000
1781230416,59.8,2400000,0xe0000
1781230417,59.3,2400000,0xe0000
1781230418,59.8,2400000,0xe0000
1781230419,59.8,2400000,0xe0000
1781230421,59.3,2400000,0xe0000
1781230422,59.3,2400000,0xe0000
1781230423,59.3,2400000,0xe0000
1781230424,58.2,2400000,0xe0000
1781230425,59.8,2400000,0xe0000
1781230426,59.8,2400000,0xe0000
1781230427,59.8,2400000,0xe0000
1781230428,60.4,2400000,0xe0000
1781230429,59.8,2400000,0xe0000
1781230430,59.3,2400000,0xe0000
1781230431,59.3,2400000,0xe0000
1781230432,59.3,2400000,0xe0000
1781230433,59.8,2400000,0xe0000
1781230434,59.8,2400000,0xe0000
1781230435,59.8,2400000,0xe0000
1781230436,59.8,2400000,0xe0000
1781230437,59.3,2400000,0xe0000
1781230438,58.7,2400000,0xe0000
1781230439,59.3,2400000,0xe0000
1781230440,59.3,2400000,0xe0000
1781230441,59.8,2400000,0xe0000
1781230443,59.3,2400000,0xe0000
1781230444,58.2,2400000,0xe0000
1781230445,59.3,2400000,0xe0000
1781230446,59.3,2400000,0xe0000
1781230447,59.3,2400000,0xe0000
1781230448,59.3,2400000,0xe0000
1781230449,59.8,2400000,0xe0000
1781230450,59.3,2400000,0xe0000
1781230451,59.3,2400000,0xe0000
1781230452,59.3,2400000,0xe0000
1781230453,59.3,2400000,0xe0000
1781230454,59.3,2400000,0xe0000
1781230455,59.8,2400000,0xe0000
1781230456,59.8,2400000,0xe0000
1781230457,59.3,2400000,0xe0000
1781230458,59.8,2400000,0xe0000
1781230459,59.8,2400000,0xe0000
1781230460,58.7,2400000,0xe0000
1781230461,58.7,2400000,0xe0000
1781230462,59.3,2400000,0xe0000
1781230463,58.7,2400000,0xe0000
1781230465,59.8,2400000,0xe0000
1781230466,59.8,2400000,0xe0000
1781230467,59.3,2400000,0xe0000
1781230468,59.3,2400000,0xe0000
1781230469,59.8,2400000,0xe0000
1781230470,59.8,2400000,0xe0000
1781230471,59.3,2400000,0xe0000
1781230472,59.8,2400000,0xe0000
1781230473,59.3,2400000,0xe0000
1781230474,59.3,2400000,0xe0000
1781230475,59.8,2400000,0xe0000
1781230476,59.3,2400000,0xe0000
1781230477,59.3,2400000,0xe0000
1781230478,59.3,2400000,0xe0000
1781230479,59.8,2400000,0xe0000
1781230480,58.7,2400000,0xe0000
1781230481,59.3,2400000,0xe0000
1781230482,59.8,2400000,0xe0000
1781230483,59.3,2400000,0xe0000
1781230484,59.3,2400000,0xe0000
1781230485,58.7,2400000,0xe0000
1781230486,59.3,2400000,0xe0000
1781230488,58.7,2400000,0xe0000
1781230489,58.7,2400000,0xe0000
1781230490,59.3,2400000,0xe0000
1781230491,58.7,2400000,0xe0000
1781230492,58.7,2400000,0xe0000
1781230493,59.3,2400000,0xe0000
1781230494,60.4,2400000,0xe0000
1781230495,59.3,2400000,0xe0000
1781230496,58.7,2400000,0xe0000
1781230497,59.8,2400000,0xe0000
1781230498,59.3,2400000,0xe0000
1781230499,59.8,2400000,0xe0000
1781230500,58.7,2400000,0xe0000
1781230501,59.3,2400000,0xe0000
1781230502,59.8,2400000,0xe0000
1781230503,59.8,2400000,0xe0000
1781230504,59.8,2400000,0xe0000
1781230505,59.3,2400000,0xe0000
1781230506,59.3,2400000,0xe0000
1781230507,59.3,2400000,0xe0000
1781230508,59.3,2400000,0xe0000
1781230509,59.8,2400000,0xe0000
1781230510,59.3,2400000,0xe0000
1781230511,59.3,2400000,0xe0000
1781230512,59.8,2400000,0xe0000
1781230514,59.3,2400000,0xe0000
1781230515,58.7,2400000,0xe0000
1781230516,59.8,2400000,0xe0000
1781230517,58.7,2400000,0xe0000
1781230518,58.7,2400000,0xe0000
1781230519,59.3,2400000,0xe0000
1781230520,59.8,2400000,0xe0000
1781230521,59.3,2400000,0xe0000
1781230522,59.3,2400000,0xe0000
1781230523,59.8,2400000,0xe0000
1781230524,59.8,2400000,0xe0000
1781230525,59.3,2400000,0xe0000
1781230526,59.3,2400000,0xe0000
1781230527,59.8,2400000,0xe0000
1781230528,59.8,2400000,0xe0000
1781230529,58.7,2400000,0xe0000
1781230530,59.8,2400000,0xe0000
1781230531,59.8,2400000,0xe0000
1781230533,59.3,2400000,0xe0000
1781230534,58.7,2400000,0xe0000
1781230535,59.3,2400000,0xe0000
1781230536,58.7,2400000,0xe0000
1781230537,59.8,2400000,0xe0000
1781230538,58.7,2400000,0xe0000
1781230539,59.3,2400000,0xe0000
1781230540,59.3,2400000,0xe0000
1781230541,59.3,2400000,0xe0000
1781230542,59.3,2400000,0xe0000
1781230543,59.3,2400000,0xe0000
1781230544,58.2,2400000,0xe0000
1781230545,58.7,2400000,0xe0000
1781230546,58.7,2400000,0xe0000
1781230547,59.8,2400000,0xe0000
1781230548,59.3,2400000,0xe0000
1781230549,59.8,2400000,0xe0000
1781230550,59.8,2400000,0xe0000
1781230551,59.8,2400000,0xe0000
1781230552,59.3,2400000,0xe0000
1781230553,59.3,2400000,0xe0000
1781230554,59.3,2400000,0xe0000
1781230555,59.3,2400000,0xe0000
1781230556,59.3,2400000,0xe0000
1781230557,59.3,2400000,0xe0000
1781230558,59.8,2400000,0xe0000
1781230560,59.8,2400000,0xe0000
1781230561,59.3,2400000,0xe0000
1781230562,59.3,2400000,0xe0000
1781230563,59.3,2400000,0xe0000
1781230564,59.3,2400000,0xe0000
1781230565,59.3,2400000,0xe0000
1781230566,60.4,2400000,0xe0000
1781230567,59.3,2400000,0xe0000
1781230568,59.3,2400000,0xe0000
1781230569,59.3,2400000,0xe0000
1781230570,59.3,2400000,0xe0000
1781230571,59.3,2400000,0xe0000
1781230572,59.3,2400000,0xe0000
1781230573,59.3,2400000,0xe0000
1781230574,59.8,2400000,0xe0000
1781230575,59.3,2400000,0xe0000
1781230576,59.3,2400000,0xe0000
1781230577,59.3,2400000,0xe0000
1781230578,59.8,2400000,0xe0000
1781230579,59.3,2400000,0xe0000
1781230580,59.3,2400000,0xe0000
1781230581,59.3,2400000,0xe0000
1781230583,59.3,2400000,0xe0000
1781230584,59.3,2400000,0xe0000
1781230585,59.8,2400000,0xe0000
1781230586,59.8,2400000,0xe0000
1781230587,59.3,2400000,0xe0000
1781230588,59.3,2400000,0xe0000
1781230589,59.3,2400000,0xe0000
1781230590,59.3,2400000,0xe0000
1781230591,59.3,2400000,0xe0000
1781230592,59.8,2400000,0xe0000
1781230593,59.3,2400000,0xe0000
1781230594,58.7,2400000,0xe0000
1781230595,59.3,2400000,0xe0000
1781230596,59.8,2400000,0xe0000
1781230597,59.3,2400000,0xe0000
1781230598,59.8,2400000,0xe0000
1781230599,59.8,2400000,0xe0000
1781230600,59.3,2400000,0xe0000
1781230601,58.7,2400000,0xe0000
1781230602,59.3,2400000,0xe0000
1781230603,59.8,2400000,0xe0000
1781230604,59.3,2400000,0xe0000
1781230605,59.8,2400000,0xe0000
1781230606,59.3,2400000,0xe0000
1781230607,59.3,2400000,0xe0000
1781230608,59.3,2400000,0xe0000
1781230609,58.2,2400000,0xe0000
1781230611,59.3,2400000,0xe0000
1781230612,58.7,2400000,0xe0000
1781230613,59.3,2400000,0xe0000
1781230614,59.8,2400000,0xe0000
1781230615,59.3,2400000,0xe0000
1781230616,59.3,2400000,0xe0000
1781230617,58.2,2400000,0xe0000
1781230618,59.3,2400000,0xe0000
1781230619,59.3,2400000,0xe0000
1781230620,58.7,2400000,0xe0000
1781230621,59.8,2400000,0xe0000
1781230622,59.3,2400000,0xe0000
1781230623,59.3,2400000,0xe0000
1781230624,59.3,2400000,0xe0000
1781230625,59.3,2400000,0xe0000
1781230626,59.8,2400000,0xe0000
1781230627,58.7,2400000,0xe0000
1781230628,59.3,2400000,0xe0000
1781230629,59.8,2400000,0xe0000
1781230630,59.3,2400000,0xe0000
1781230631,59.3,2400000,0xe0000
1781230632,58.2,2400000,0xe0000
1781230633,59.3,2400000,0xe0000
1781230634,59.3,2400000,0xe0000
1781230635,58.7,2400000,0xe0000
1781230636,59.3,2400000,0xe0000
1781230637,59.3,2400000,0xe0000
1781230639,59.3,2400000,0xe0000
1781230640,59.8,2400000,0xe0000
1781230641,59.3,2400000,0xe0000
1781230642,59.3,2400000,0xe0000
1781230643,59.3,2400000,0xe0000
1781230644,60.4,2400000,0xe0000
1781230645,58.7,2400000,0xe0000
1781230646,60.4,2400000,0xe0000
1781230647,59.3,2400000,0xe0000
1781230648,59.3,2400000,0xe0000
1781230649,58.7,2400000,0xe0000
1781230650,58.7,2400000,0xe0000
1781230651,58.7,2400000,0xe0000
1781230652,60.4,2400000,0xe0000
1781230653,58.7,2400000,0xe0000
1781230654,59.8,2400000,0xe0000
1781230655,59.3,2400000,0xe0000
1781230656,59.3,2400000,0xe0000
1781230657,59.3,2400000,0xe0000
1781230658,59.3,2400000,0xe0000
1781230659,59.3,2400000,0xe0000
1781230660,59.8,2400000,0xe0000
1781230661,59.3,2400000,0xe0000
1781230663,59.3,2400000,0xe0000
1781230664,59.3,2400000,0xe0000
1781230665,58.7,2400000,0xe0000
1781230666,58.7,2400000,0xe0000
1781230667,59.3,2400000,0xe0000
1781230668,59.3,2400000,0xe0000
1781230669,59.8,2400000,0xe0000
1781230670,58.7,2400000,0xe0000
1781230671,59.3,2400000,0xe0000
1781230672,58.7,2400000,0xe0000
1781230673,59.8,2400000,0xe0000
1781230674,59.3,2400000,0xe0000
1781230675,58.7,2400000,0xe0000
1781230676,59.3,2400000,0xe0000
1781230677,59.3,2400000,0xe0000
1781230678,59.8,2400000,0xe0000
1781230679,59.3,2400000,0xe0000
1781230680,59.3,2400000,0xe0000
1781230681,59.3,2400000,0xe0000
1781230682,59.3,2400000,0xe0000
1781230683,58.2,2400000,0xe0000
1781230684,58.7,2400000,0xe0000
1781230685,59.8,2400000,0xe0000
1781230686,59.3,2400000,0xe0000
1781230687,59.3,2400000,0xe0000
1781230689,58.7,2400000,0xe0000
1781230690,59.3,2400000,0xe0000
1781230691,59.8,2400000,0xe0000
1781230692,59.3,2400000,0xe0000
1781230693,58.7,2400000,0xe0000
1781230694,59.3,2400000,0xe0000
1781230695,59.3,2400000,0xe0000
1781230696,59.3,2400000,0xe0000
1781230697,58.7,2400000,0xe0000
1781230698,59.3,2400000,0xe0000
1781230699,59.3,2400000,0xe0000
1781230700,58.7,2400000,0xe0000
1781230701,59.3,2400000,0xe0000
1781230702,59.8,2400000,0xe0000
1781230703,59.8,2400000,0xe0000
1781230704,59.3,2400000,0xe0000
1781230705,59.3,2400000,0xe0000
1781230706,59.3,2400000,0xe0000
1781230708,59.8,2400000,0xe0000
1781230709,58.7,2400000,0xe0000
1781230710,59.3,2400000,0xe0000
1781230711,59.8,2400000,0xe0000
1781230712,58.2,2400000,0xe0000
1781230713,59.8,2400000,0xe0000
1781230714,59.3,2400000,0xe0000
1781230715,59.8,2400000,0xe0000
1781230716,59.3,2400000,0xe0000
1781230717,59.8,2400000,0xe0000
1781230718,59.3,2400000,0xe0000
1781230719,59.3,2400000,0xe0000
1781230720,59.3,2400000,0xe0000
1781230721,59.3,2400000,0xe0000
1781230722,59.3,2400000,0xe0000
1781230723,59.3,2400000,0xe0000
1781230724,59.8,2400000,0xe0000
1781230725,59.3,2400000,0xe0000
1781230726,59.3,2400000,0xe0000
1781230727,59.3,2400000,0xe0000
1781230728,59.8,2400000,0xe0000
1781230729,59.8,2400000,0xe0000
1781230730,59.3,2400000,0xe0000
1781230731,59.3,2400000,0xe0000
1781230732,59.8,2400000,0xe0000
1781230733,59.3,2400000,0xe0000
1781230734,58.7,2400000,0xe0000
1781230735,59.3,2400000,0xe0000
1781230736,59.3,2400000,0xe0000
1781230737,59.3,2400000,0xe0000
1781230738,58.7,2400000,0xe0000
1781230739,60.4,2400000,0xe0000
1781230740,59.3,2400000,0xe0000
1781230741,59.8,2400000,0xe0000
1781230742,59.3,2400000,0xe0000
1781230744,59.3,2400000,0xe0000
1781230745,59.3,2400000,0xe0000
1781230746,58.7,2400000,0xe0000
1781230747,59.3,2400000,0xe0000
1781230748,59.3,2400000,0xe0000
1781230749,59.3,2400000,0xe0000
1781230750,59.3,2400000,0xe0000
1781230751,59.3,2400000,0xe0000
1781230752,59.3,2400000,0xe0000
1781230753,59.3,2400000,0xe0000
1781230754,59.3,2400000,0xe0000
1781230755,59.3,2400000,0xe0000
1781230756,58.7,2400000,0xe0000
1781230757,59.3,2400000,0xe0000
1781230758,59.3,2400000,0xe0000
1781230759,59.3,2400000,0xe0000
1781230760,59.3,2400000,0xe0000
1781230761,59.3,2400000,0xe0000
1781230762,59.8,2400000,0xe0000
1781230763,59.3,2400000,0xe0000
1781230764,59.8,2400000,0xe0000
1781230766,59.8,2400000,0xe0000
1781230767,59.8,2400000,0xe0000
1781230768,59.3,2400000,0xe0000
1781230769,59.8,2400000,0xe0000
1781230770,58.7,2400000,0xe0000
1781230771,59.3,2400000,0xe0000
1781230772,59.3,2400000,0xe0000
1781230773,59.3,2400000,0xe0000
1781230774,58.7,2400000,0xe0000
1781230775,58.7,2400000,0xe0000
1781230776,59.8,2400000,0xe0000
1781230777,60.4,2400000,0xe0000
1781230778,59.3,2400000,0xe0000
1781230779,59.8,2400000,0xe0000
1781230780,59.3,2400000,0xe0000
1781230781,59.3,2400000,0xe0000
1781230782,59.3,2400000,0xe0000
1781230783,59.3,2400000,0xe0000
1781230784,59.3,2400000,0xe0000
1781230785,59.3,2400000,0xe0000
1781230786,59.3,2400000,0xe0000
1781230787,59.3,2400000,0xe0000
1781230789,59.3,2400000,0xe0000
1781230790,59.3,2400000,0xe0000
1781230791,59.3,2400000,0xe0000
1781230792,59.8,2400000,0xe0000
1781230793,59.8,2400000,0xe0000
1781230794,59.8,2400000,0xe0000
1781230795,59.3,2400000,0xe0000
1781230796,59.8,2400000,0xe0000
1781230797,59.8,2400000,0xe0000
1781230798,59.3,2400000,0xe0000
1781230799,59.3,2400000,0xe0000
1781230800,59.8,2400000,0xe0000
1781230801,59.8,2400000,0xe0000
1781230802,58.7,2400000,0xe0000
1781230803,59.3,2400000,0xe0000
1781230804,59.3,2400000,0xe0000
1781230805,59.8,2400000,0xe0000
1781230806,59.8,2400000,0xe0000
1781230807,58.7,2400000,0xe0000
1781230808,59.8,2400000,0xe0000
1781230809,58.7,2400000,0xe0000
1781230811,59.8,2400000,0xe0000
1781230812,59.8,2400000,0xe0000
1781230813,58.7,2400000,0xe0000
1781230814,59.3,2400000,0xe0000
1781230815,59.8,2400000,0xe0000
1781230816,60.4,2400000,0xe0000
1781230817,59.3,2400000,0xe0000
1781230818,59.8,2400000,0xe0000
1781230819,59.3,2400000,0xe0000
1781230820,58.7,2400000,0xe0000
1781230821,59.8,2400000,0xe0000
1781230822,59.8,2400000,0xe0000
1781230823,59.8,2400000,0xe0000
1781230824,59.8,2400000,0xe0000
1781230825,59.8,2400000,0xe0000
1781230826,59.3,2400000,0xe0000
1781230827,57.6,2400000,0xe0000
1781230828,59.3,2400000,0xe0000
1781230829,59.3,2400000,0xe0000
1781230830,59.8,2400000,0xe0000
1781230831,59.3,2400000,0xe0000
1781230832,59.3,2400000,0xe0000
1781230833,59.3,2400000,0xe0000
1781230834,59.3,2400000,0xe0000
1781230835,59.3,2400000,0xe0000
1781230836,59.8,2400000,0xe0000
1781230837,59.3,2400000,0xe0000
1781230839,58.7,2400000,0xe0000
1781230840,59.8,2400000,0xe0000
1781230841,59.3,2400000,0xe0000
1781230842,59.3,2400000,0xe0000
1781230843,58.7,2400000,0xe0000
1781230844,59.3,2400000,0xe0000
1781230845,58.7,2400000,0xe0000
1781230846,59.8,2400000,0xe0000
1781230847,59.8,2400000,0xe0000
1781230848,59.8,2400000,0xe0000
1781230849,59.3,2400000,0xe0000
1781230850,59.3,2400000,0xe0000
1781230851,59.3,2400000,0xe0000
1781230852,58.2,2400000,0xe0000
1781230853,59.3,2400000,0xe0000
1781230854,59.3,2400000,0xe0000
1781230855,59.8,2400000,0xe0000
1781230856,59.3,2400000,0xe0000
1781230857,59.8,2400000,0xe0000
1781230858,59.8,2400000,0xe0000
1781230859,59.8,2400000,0xe0000
1781230860,59.3,2400000,0xe0000
1781230861,59.3,2400000,0xe0000
1781230862,59.3,2400000,0xe0000
1781230863,59.8,2400000,0xe0000
1781230864,59.3,2400000,0xe0000
1781230865,59.3,2400000,0xe0000
1781230866,59.8,2400000,0xe0000
1781230867,58.7,2400000,0xe0000
1781230869,59.3,2400000,0xe0000
1781230870,59.3,2400000,0xe0000
1781230871,59.8,2400000,0xe0000
1781230872,59.8,2400000,0xe0000
1781230873,59.3,2400000,0xe0000
1781230874,59.3,2400000,0xe0000
1781230875,59.8,2400000,0xe0000
1781230876,58.2,2400000,0xe0000
1781230877,59.3,2400000,0xe0000
1781230878,58.7,2400000,0xe0000
1781230879,59.3,2400000,0xe0000
1781230880,59.8,2400000,0xe0000
1781230881,59.8,2400000,0xe0000
1781230882,59.8,2400000,0xe0000
1781230883,59.3,2400000,0xe0000
1781230884,58.2,2400000,0xe0000
1781230885,58.7,2400000,0xe0000
1781230886,59.3,2400000,0xe0000
1781230887,59.8,2400000,0xe0000
1781230888,59.8,2400000,0xe0000
1781230889,59.8,2400000,0xe0000
1781230890,59.8,2400000,0xe0000
1781230891,59.8,2400000,0xe0000
1781230892,59.3,2400000,0xe0000
1781230893,59.8,2400000,0xe0000
1781230894,59.3,2400000,0xe0000
1781230895,59.8,2400000,0xe0000
1781230896,59.8,2400000,0xe0000
1781230898,59.8,2400000,0xe0000
1781230899,59.8,2400000,0xe0000
1781230900,59.3,2400000,0xe0000
1781230901,59.3,2400000,0xe0000
1781230902,59.3,2400000,0xe0000
1781230903,59.3,2400000,0xe0000
1781230904,59.8,2400000,0xe0000
1781230905,58.7,2400000,0xe0000
1781230906,59.8,2400000,0xe0000
1781230907,59.8,2400000,0xe0000
1781230908,59.3,2400000,0xe0000
1781230909,59.3,2400000,0xe0000
1781230910,58.7,2400000,0xe0000
1781230911,58.2,2400000,0xe0000
1781230912,59.8,2400000,0xe0000
1781230913,59.3,2400000,0xe0000
1781230914,59.8,2400000,0xe0000
1781230915,59.8,2400000,0xe0000
1781230916,59.3,2400000,0xe0000
1781230917,59.8,2400000,0xe0000
1781230918,59.8,2400000,0xe0000
1781230920,59.3,2400000,0xe0000
1781230921,59.3,2400000,0xe0000
1781230922,59.8,2400000,0xe0000
1781230923,60.4,2400000,0xe0000
1781230924,59.3,2400000,0xe0000
1781230925,59.3,2400000,0xe0000
1781230926,59.3,2400000,0xe0000
1781230927,59.3,2400000,0xe0000
1781230928,59.8,2400000,0xe0000
1781230929,59.8,2400000,0xe0000
1781230930,59.3,2400000,0xe0000
1781230931,58.7,2400000,0xe0000
1781230932,59.3,2400000,0xe0000
1781230933,59.3,2400000,0xe0000
1781230934,59.3,2400000,0xe0000
1781230935,59.3,2400000,0xe0000
1781230936,59.3,2400000,0xe0000
1781230937,59.3,2400000,0xe0000
1781230938,58.7,2400000,0xe0000
1781230939,58.7,2400000,0xe0000
1781230940,59.8,2400000,0xe0000
1781230941,59.3,2400000,0xe0000
1781230942,59.8,2400000,0xe0000
1781230943,59.3,2400000,0xe0000
1781230944,59.8,2400000,0xe0000
1781230945,59.8,2400000,0xe0000
1781230946,59.8,2400000,0xe0000
1781230947,58.2,2400000,0xe0000
1781230949,59.3,2400000,0xe0000
1781230950,59.3,2400000,0xe0000
1781230951,59.8,2400000,0xe0000
1781230952,58.7,2400000,0xe0000
1781230953,59.3,2400000,0xe0000
1781230954,59.8,2400000,0xe0000
1781230955,59.3,2400000,0xe0000
1781230956,59.8,2400000,0xe0000
1781230957,59.3,2400000,0xe0000
1781230958,59.8,2400000,0xe0000
1781230959,59.3,2400000,0xe0000
1781230960,58.7,2400000,0xe0000
1781230961,59.3,2400000,0xe0000
1781230962,59.3,2400000,0xe0000
1781230963,58.2,2400000,0xe0000
1781230964,59.3,2400000,0xe0000
1781230965,59.8,2400000,0xe0000
1781230966,60.4,2400000,0xe0000
1781230967,59.3,2400000,0xe0000
1781230968,59.8,2400000,0xe0000
1781230969,59.8,2400000,0xe0000
1781230970,59.8,2400000,0xe0000
1781230972,59.3,2400000,0xe0000
1781230973,59.3,2400000,0xe0000
1781230974,59.3,2400000,0xe0000
1781230975,59.3,2400000,0xe0000
1781230976,59.3,2400000,0xe0000
1781230977,59.8,2400000,0xe0000
1781230978,59.3,2400000,0xe0000
1781230979,59.8,2400000,0xe0000
1781230980,59.8,2400000,0xe0000
1781230981,59.3,2400000,0xe0000
1781230982,59.3,2400000,0xe0000
1781230983,59.3,2400000,0xe0000
1781230984,59.8,2400000,0xe0000
1781230985,59.3,2400000,0xe0000
1781230986,59.8,2400000,0xe0000
1781230987,58.7,2400000,0xe0000
1781230988,59.3,2400000,0xe0000
1781230989,59.3,2400000,0xe0000
1781230990,59.8,2400000,0xe0000
1781230991,59.8,2400000,0xe0000
1781230992,59.8,2400000,0xe0000
1781230993,59.3,2400000,0xe0000
1781230994,58.7,2400000,0xe0000
1781230996,59.3,2400000,0xe0000
1781230997,59.3,2400000,0xe0000
1781230998,59.8,2400000,0xe0000
1781230999,59.8,2400000,0xe0000
1781231000,59.8,2400000,0xe0000
1781231001,59.8,2400000,0xe0000
1781231002,59.3,2400000,0xe0000
1781231003,59.3,2400000,0xe0000
1781231004,58.7,2400000,0xe0000
1781231005,59.8,2400000,0xe0000
1781231006,59.3,2400000,0xe0000
1781231007,59.8,2400000,0xe0000
1781231008,59.8,2400000,0xe0000
1781231009,59.3,2400000,0xe0000
1781231010,59.3,2400000,0xe0000
1781231011,59.3,2400000,0xe0000
1781231012,59.8,2400000,0xe0000
1781231013,59.8,2400000,0xe0000
1781231014,59.8,2400000,0xe0000
1781231015,59.8,2400000,0xe0000
1781231016,57.6,2400000,0xe0000
1781231017,59.8,2400000,0xe0000
1781231019,59.3,2400000,0xe0000
1781231020,59.3,2400000,0xe0000
1781231021,58.7,2400000,0xe0000
1781231022,59.8,2400000,0xe0000
1781231023,59.8,2400000,0xe0000
1781231024,59.3,2400000,0xe0000
1781231025,59.3,2400000,0xe0000
1781231026,59.3,2400000,0xe0000
1781231027,59.3,2400000,0xe0000
1781231028,59.8,2400000,0xe0000
1781231029,59.3,2400000,0xe0000
1781231030,59.3,2400000,0xe0000
1781231031,59.3,2400000,0xe0000
1781231032,59.8,2400000,0xe0000
1781231033,59.8,2400000,0xe0000
1781231034,59.8,2400000,0xe0000
1781231035,59.8,2400000,0xe0000
1781231036,59.8,2400000,0xe0000
1781231037,59.3,2400000,0xe0000
1781231038,58.7,2400000,0xe0000
1781231039,59.8,2400000,0xe0000
1781231040,59.8,2400000,0xe0000
1781231041,59.3,2400000,0xe0000
1781231043,59.3,2400000,0xe0000
1781231044,59.3,2400000,0xe0000
1781231045,59.3,2400000,0xe0000
1781231046,59.3,2400000,0xe0000
1781231047,59.3,2400000,0xe0000
1781231048,59.3,2400000,0xe0000
1781231049,59.8,2400000,0xe0000
1781231050,59.3,2400000,0xe0000
1781231051,59.8,2400000,0xe0000
1781231052,59.3,2400000,0xe0000
1781231053,59.3,2400000,0xe0000
1781231054,59.8,2400000,0xe0000
1781231055,59.8,2400000,0xe0000
1781231056,59.8,2400000,0xe0000
1781231057,59.3,2400000,0xe0000
1781231058,59.3,2400000,0xe0000
1781231059,59.3,2400000,0xe0000
1781231060,59.8,2400000,0xe0000
1781231062,59.8,2400000,0xe0000
1781231063,59.3,2400000,0xe0000
1781231064,59.3,2400000,0xe0000
1781231065,59.3,2400000,0xe0000
1781231066,59.3,2400000,0xe0000
1781231067,59.3,2400000,0xe0000
1781231068,59.8,2400000,0xe0000
1781231069,59.3,2400000,0xe0000
1781231070,59.3,2400000,0xe0000
1781231071,58.7,2400000,0xe0000
1781231072,59.8,2400000,0xe0000
1781231073,59.3,2400000,0xe0000
1781231074,59.8,2400000,0xe0000
1781231075,59.8,2400000,0xe0000
1781231076,59.3,2400000,0xe0000
1781231077,58.7,2400000,0xe0000
1781231078,59.3,2400000,0xe0000
1781231079,59.3,2400000,0xe0000
1781231080,59.3,2400000,0xe0000
1781231081,58.7,2400000,0xe0000
1781231082,59.3,2400000,0xe0000
1781231083,59.8,2400000,0xe0000
1781231084,59.3,2400000,0xe0000
1781231085,59.3,2400000,0xe0000
1781231086,59.3,2400000,0xe0000
1781231087,59.3,2400000,0xe0000
1781231089,58.7,2400000,0xe0000
1781231090,59.3,2400000,0xe0000
1781231091,59.3,2400000,0xe0000
1781231092,59.3,2400000,0xe0000
1781231093,59.8,2400000,0xe0000
1781231094,58.7,2400000,0xe0000
1781231095,59.8,2400000,0xe0000
1781231096,59.3,2400000,0xe0000
1781231097,59.8,2400000,0xe0000
1781231098,59.8,2400000,0xe0000
1781231099,58.7,2400000,0xe0000
1781231100,59.8,2400000,0xe0000
1781231101,59.3,2400000,0xe0000
1781231102,59.3,2400000,0xe0000
1781231103,58.7,2400000,0xe0000
1781231104,60.4,2400000,0xe0000
1781231105,59.8,2400000,0xe0000
1781231106,59.8,2400000,0xe0000
1781231107,59.3,2400000,0xe0000
1781231108,59.3,2400000,0xe0000
1781231109,58.7,2400000,0xe0000
1781231110,59.3,2400000,0xe0000
1781231112,58.7,2400000,0xe0000
1781231113,59.8,2400000,0xe0000
1781231114,58.7,2400000,0xe0000
1781231115,59.8,2400000,0xe0000
1781231116,59.3,2400000,0xe0000
1781231117,59.3,2400000,0xe0000
1781231118,58.2,2400000,0xe0000
1781231119,59.3,2400000,0xe0000
1781231120,58.7,2400000,0xe0000
1781231121,58.7,2400000,0xe0000
1781231122,58.7,2400000,0xe0000
1781231123,59.3,2400000,0xe0000
1781231124,59.3,2400000,0xe0000
1781231125,59.8,2400000,0xe0000
1781231126,59.8,2400000,0xe0000
1781231127,60.4,2400000,0xe0000
1781231128,59.3,2400000,0xe0000
1781231129,59.8,2400000,0xe0000
1781231130,60.4,2400000,0xe0000
1781231131,59.3,2400000,0xe0000
1781231132,59.8,2400000,0xe0000
1781231133,60.4,2400000,0xe0000
1781231134,59.3,2400000,0xe0000
1781231135,59.8,2400000,0xe0000
1781231137,59.8,2400000,0xe0000
1781231138,59.3,2400000,0xe0000
1781231139,59.3,2400000,0xe0000
1781231140,59.3,2400000,0xe0000
1781231141,59.3,2400000,0xe0000
1781231142,59.3,2400000,0xe0000
1781231143,59.3,2400000,0xe0000
1781231144,59.3,2400000,0xe0000
1781231145,59.3,2400000,0xe0000
1781231146,59.3,2400000,0xe0000
1781231147,59.3,2400000,0xe0000
1781231148,58.7,2400000,0xe0000
1781231149,58.7,2400000,0xe0000
1781231150,59.3,2400000,0xe0000
1781231151,59.3,2400000,0xe0000
1781231152,59.3,2400000,0xe0000
1781231153,59.8,2400000,0xe0000
1781231154,59.3,2400000,0xe0000
1781231155,59.3,2400000,0xe0000
1781231156,59.3,2400000,0xe0000
1781231157,58.7,2400000,0xe0000
1781231158,59.3,2400000,0xe0000
1781231159,59.3,2400000,0xe0000
1781231160,59.3,2400000,0xe0000
1781231162,59.3,2400000,0xe0000
1781231163,58.2,2400000,0xe0000
1781231164,59.3,2400000,0xe0000
1781231165,58.7,2400000,0xe0000
1781231166,57.6,2400000,0xe0000
1781231167,59.3,2400000,0xe0000
1781231168,59.3,2400000,0xe0000
1781231169,58.2,2400000,0xe0000
1781231170,59.3,2400000,0xe0000
1781231171,58.7,2400000,0xe0000
1781231172,59.3,2400000,0xe0000
1781231173,59.3,2400000,0xe0000
1781231174,59.3,2400000,0xe0000
1781231175,58.7,2400000,0xe0000
1781231176,59.3,2400000,0xe0000
1781231177,58.7,2400000,0xe0000
1781231178,59.3,2400000,0xe0000
1781231179,59.8,2400000,0xe0000
1781231180,59.3,2400000,0xe0000
1781231181,59.3,2400000,0xe0000
1781231182,58.7,2400000,0xe0000
1781231183,59.3,2400000,0xe0000
1781231184,58.7,2400000,0xe0000
1781231185,59.3,2400000,0xe0000
1781231187,59.3,2400000,0xe0000
1781231188,59.3,2400000,0xe0000
1781231189,58.7,2400000,0xe0000
1781231190,59.3,2400000,0xe0000
1781231191,59.3,2400000,0xe0000
1781231192,59.8,2400000,0xe0000
1781231193,59.3,2400000,0xe0000
1781231194,59.3,2400000,0xe0000
1781231195,59.3,2400000,0xe0000
1781231196,58.7,2400000,0xe0000
1781231197,59.3,2400000,0xe0000
1781231198,59.3,2400000,0xe0000
1781231199,58.7,2400000,0xe0000
1781231200,59.3,2400000,0xe0000
1781231201,59.3,2400000,0xe0000
1781231202,59.3,2400000,0xe0000
1781231203,59.3,2400000,0xe0000
1781231204,58.2,2400000,0xe0000
1781231206,58.7,2400000,0xe0000
1781231207,59.3,2400000,0xe0000
1781231208,58.7,2400000,0xe0000
1781231209,59.3,2400000,0xe0000
1781231210,59.3,2400000,0xe0000
1781231211,59.3,2400000,0xe0000
1781231212,59.3,2400000,0xe0000
1781231213,59.3,2400000,0xe0000
1781231214,59.3,2400000,0xe0000
1781231215,59.3,2400000,0xe0000
1781231216,59.3,2400000,0xe0000
1781231217,59.3,2400000,0xe0000
1781231218,58.7,2400000,0xe0000
1781231219,59.8,2400000,0xe0000
1781231220,58.2,2400000,0xe0000
1781231221,58.7,2400000,0xe0000
1781231222,59.3,2400000,0xe0000
1781231223,59.3,2400000,0xe0000
1781231224,58.2,2400000,0xe0000
1781231225,59.3,2400000,0xe0000
1781231227,59.3,2400000,0xe0000
1781231228,59.8,2400000,0xe0000
1781231229,58.7,2400000,0xe0000
1781231230,59.3,2400000,0xe0000
1781231231,59.3,2400000,0xe0000
1781231232,58.2,2400000,0xe0000
1781231233,59.3,2400000,0xe0000
1781231234,59.3,2400000,0xe0000
1781231235,59.3,2400000,0xe0000
1781231236,58.7,2400000,0xe0000
1781231237,59.3,2400000,0xe0000
1781231238,58.7,2400000,0xe0000
1781231239,59.3,2400000,0xe0000
1781231240,58.7,2400000,0xe0000
1781231241,59.3,2400000,0xe0000
1781231242,58.7,2400000,0xe0000
1781231243,59.3,2400000,0xe0000
1781231244,59.3,2400000,0xe0000
1781231245,58.7,2400000,0xe0000
1781231246,59.3,2400000,0xe0000
1781231247,59.3,2400000,0xe0000
1781231248,58.2,2400000,0xe0000
1781231249,59.3,2400000,0xe0000
1781231250,58.7,2400000,0xe0000
1781231251,59.3,2400000,0xe0000
1781231252,59.8,2400000,0xe0000
1781231254,57.6,2400000,0xe0000
1781231255,59.3,2400000,0xe0000
1781231256,58.2,2400000,0xe0000
1781231257,59.3,2400000,0xe0000
1781231258,58.7,2400000,0xe0000
1781231259,59.3,2400000,0xe0000
1781231260,59.3,2400000,0xe0000
1781231261,58.7,2400000,0xe0000
1781231262,59.3,2400000,0xe0000
1781231263,58.7,2400000,0xe0000
1781231264,58.7,2400000,0xe0000
1781231265,58.7,2400000,0xe0000
1781231266,59.3,2400000,0xe0000
1781231267,58.7,2400000,0xe0000
1781231268,59.3,2400000,0xe0000
1781231269,59.3,2400000,0xe0000
1781231270,58.7,2400000,0xe0000
1781231271,58.7,2400000,0xe0000
1781231272,58.7,2400000,0xe0000
1781231273,59.3,2400000,0xe0000
1781231274,59.3,2400000,0xe0000
1781231275,58.7,2400000,0xe0000
1781231276,58.7,2400000,0xe0000
1781231277,59.3,2400000,0xe0000
1781231279,58.7,2400000,0xe0000
1781231280,58.7,2400000,0xe0000
1781231281,59.3,2400000,0xe0000
1781231282,58.2,2400000,0xe0000
1781231283,58.7,2400000,0xe0000
1781231284,59.3,2400000,0xe0000
1781231285,58.7,2400000,0xe0000
1781231286,58.7,2400000,0xe0000
1781231287,59.3,2400000,0xe0000
1781231288,58.7,2400000,0xe0000
1781231289,59.3,2400000,0xe0000
1781231290,58.7,2400000,0xe0000
1781231291,58.7,2400000,0xe0000
1781231292,59.3,2400000,0xe0000
1781231293,58.7,2400000,0xe0000
1781231294,59.3,2400000,0xe0000
1781231295,58.7,2400000,0xe0000
1781231296,59.3,2400000,0xe0000
1781231297,59.3,2400000,0xe0000
1781231298,59.3,2400000,0xe0000
1781231299,59.3,2400000,0xe0000
1781231300,59.3,2400000,0xe0000
1781231301,59.3,2400000,0xe0000
1781231302,58.2,2400000,0xe0000
1781231304,59.3,2400000,0xe0000
1781231305,58.2,2400000,0xe0000
1781231306,58.7,2400000,0xe0000
1781231307,59.8,2400000,0xe0000
1781231308,59.3,2400000,0xe0000
1781231309,58.7,2400000,0xe0000
1781231310,58.7,2400000,0xe0000
1781231311,58.7,2400000,0xe0000
1781231312,58.7,2400000,0xe0000
1781231313,58.7,2400000,0xe0000
1781231314,59.3,2400000,0xe0000
1781231315,58.7,2400000,0xe0000
1781231316,58.2,2400000,0xe0000
1781231317,58.7,2400000,0xe0000
1781231318,58.7,2400000,0xe0000
1781231319,59.3,2400000,0xe0000
1781231320,58.7,2400000,0xe0000
1781231321,59.3,2400000,0xe0000
1781231322,59.3,2400000,0xe0000
1781231323,59.3,2400000,0xe0000
1781231324,58.2,2400000,0xe0000
1781231325,59.8,2400000,0xe0000
1781231326,59.8,2400000,0xe0000
1781231327,58.2,2400000,0xe0000
1781231329,59.3,2400000,0xe0000
1781231330,58.7,2400000,0xe0000
1781231331,58.7,2400000,0xe0000
1781231332,58.7,2400000,0xe0000
1781231333,59.3,2400000,0xe0000
1781231334,57.6,2400000,0xe0000
1781231335,59.8,2400000,0xe0000
1781231336,59.3,2400000,0xe0000
1781231337,58.7,2400000,0xe0000
1781231338,59.3,2400000,0xe0000
1781231339,59.3,2400000,0xe0000
1781231340,59.3,2400000,0xe0000
1781231341,58.7,2400000,0xe0000
1781231342,58.7,2400000,0xe0000
1781231343,59.3,2400000,0xe0000
1781231344,58.7,2400000,0xe0000
1781231345,59.3,2400000,0xe0000
1781231346,58.7,2400000,0xe0000
1781231347,58.7,2400000,0xe0000
1781231348,58.7,2400000,0xe0000
1781231349,59.3,2400000,0xe0000
1781231350,58.7,2400000,0xe0000
1781231351,58.7,2400000,0xe0000
1781231352,58.7,2400000,0xe0000
1781231353,58.7,2400000,0xe0000
1781231354,59.3,2400000,0xe0000
1781231355,58.7,2400000,0xe0000
1781231356,59.3,2400000,0xe0000
1781231357,59.3,2400000,0xe0000
1781231358,58.7,2400000,0xe0000
1781231359,57.6,2400000,0xe0000
1781231360,59.3,2400000,0xe0000
1781231361,58.7,2400000,0xe0000
1781231362,58.7,2400000,0xe0000
1781231363,59.3,2400000,0xe0000
1781231364,58.7,2400000,0xe0000
1781231366,58.7,2400000,0xe0000
1781231367,59.3,2400000,0xe0000
1781231368,59.3,2400000,0xe0000
1781231369,58.7,2400000,0xe0000
1781231370,58.7,2400000,0xe0000
1781231371,59.3,2400000,0xe0000
1781231372,58.7,2400000,0xe0000
1781231373,59.3,2400000,0xe0000
1781231374,58.7,2400000,0xe0000
1781231375,59.3,2400000,0xe0000
1781231376,58.7,2400000,0xe0000
1781231377,58.2,2400000,0xe0000
1781231378,58.7,2400000,0xe0000
1781231379,58.7,2400000,0xe0000
1781231380,58.7,2400000,0xe0000
1781231381,58.7,2400000,0xe0000
1781231382,58.7,2400000,0xe0000
1781231383,59.3,2400000,0xe0000
1781231384,58.7,2400000,0xe0000
1781231385,59.3,2400000,0xe0000
1781231386,59.3,2400000,0xe0000
1781231387,58.2,2400000,0xe0000
1781231388,58.7,2400000,0xe0000
1781231389,58.2,2400000,0xe0000
1781231391,58.7,2400000,0xe0000
1781231392,59.3,2400000,0xe0000
1781231393,58.7,2400000,0xe0000
1781231394,58.7,2400000,0xe0000
1781231395,58.7,2400000,0xe0000
1781231396,59.3,2400000,0xe0000
1781231397,58.7,2400000,0xe0000
1781231398,59.3,2400000,0xe0000
1781231399,58.2,2400000,0xe0000
1781231400,58.7,2400000,0xe0000
1781231401,58.7,2400000,0xe0000
1781231402,58.7,2400000,0xe0000
1781231403,58.7,2400000,0xe0000
1781231404,58.7,2400000,0xe0000
1781231405,58.7,2400000,0xe0000
1781231406,58.2,2400000,0xe0000
1781231407,59.3,2400000,0xe0000
1781231408,58.7,2400000,0xe0000
1781231409,59.3,2400000,0xe0000
1781231410,58.7,2400000,0xe0000
1781231411,58.7,2400000,0xe0000
1781231412,58.7,2400000,0xe0000
1781231413,58.2,2400000,0xe0000
1781231414,58.7,2400000,0xe0000
1781231415,58.7,2400000,0xe0000
1781231416,58.7,2400000,0xe0000
1781231418,59.3,2400000,0xe0000
1781231419,58.7,2400000,0xe0000
1781231420,59.3,2400000,0xe0000
1781231421,59.3,2400000,0xe0000
1781231422,59.3,2400000,0xe0000
1781231423,58.7,2400000,0xe0000
1781231424,57.6,2400000,0xe0000
1781231425,59.3,2400000,0xe0000
1781231426,59.3,2400000,0xe0000
1781231427,59.3,2400000,0xe0000
1781231428,58.7,2400000,0xe0000
1781231429,58.2,2400000,0xe0000
1781231430,58.2,2400000,0xe0000
1781231431,58.7,2400000,0xe0000
1781231432,58.2,2400000,0xe0000
1781231433,59.3,2400000,0xe0000
1781231434,58.2,2400000,0xe0000
1781231435,58.7,2400000,0xe0000
1781231436,58.7,2400000,0xe0000
1781231437,59.3,2400000,0xe0000
1781231438,58.7,2400000,0xe0000
1781231439,58.7,2400000,0xe0000
1781231440,58.7,2400000,0xe0000
1781231441,59.3,2400000,0xe0000
1781231442,59.3,2400000,0xe0000
1781231443,59.3,2400000,0xe0000
1781231444,58.7,2400000,0xe0000
1781231446,58.7,2400000,0xe0000
1781231447,59.3,2400000,0xe0000
1781231448,58.7,2400000,0xe0000
1781231449,58.2,2400000,0xe0000
1781231450,59.3,2400000,0xe0000
1781231451,58.7,2400000,0xe0000
1781231452,59.3,2400000,0xe0000
1781231453,58.2,2400000,0xe0000
1781231454,59.3,2400000,0xe0000
1781231455,58.7,2400000,0xe0000
1781231456,58.2,2400000,0xe0000
1781231457,58.7,2400000,0xe0000
1781231458,58.7,2400000,0xe0000
1781231459,58.7,2400000,0xe0000
1781231460,58.2,2400000,0xe0000
1781231461,58.7,2400000,0xe0000
1781231462,59.3,2400000,0xe0000
1781231463,58.7,2400000,0xe0000
1781231465,58.2,2400000,0xe0000
1781231466,59.3,2400000,0xe0000
1781231467,58.7,2400000,0xe0000
1781231468,58.7,2400000,0xe0000
1781231469,59.3,2400000,0xe0000
1781231470,59.3,2400000,0xe0000
1781231471,58.7,2400000,0xe0000
1781231472,58.2,2400000,0xe0000
1781231473,59.3,2400000,0xe0000
1781231474,58.2,2400000,0xe0000
1781231475,58.7,2400000,0xe0000
1781231476,58.7,2400000,0xe0000
1781231477,58.7,2400000,0xe0000
1781231478,58.2,2400000,0xe0000
1781231479,58.7,2400000,0xe0000
1781231480,58.2,2400000,0xe0000
1781231481,59.3,2400000,0xe0000
1781231482,58.2,2400000,0xe0000
1781231483,58.2,2400000,0xe0000
1781231484,58.7,2400000,0xe0000
1781231485,58.2,2400000,0xe0000
1781231486,58.2,2400000,0xe0000
1781231487,58.7,2400000,0xe0000
1781231489,58.7,2400000,0xe0000
1781231490,57.6,2400000,0xe0000
1781231491,58.2,2400000,0xe0000
1781231492,58.7,2400000,0xe0000
1781231493,58.7,2400000,0xe0000
1781231494,58.7,2400000,0xe0000
1781231495,58.7,2400000,0xe0000
1781231496,58.7,2400000,0xe0000
1781231497,59.3,2400000,0xe0000
1781231498,58.2,2400000,0xe0000
1781231499,58.7,2400000,0xe0000
1781231500,59.3,2400000,0xe0000
1781231501,59.3,2400000,0xe0000
1781231502,58.2,2400000,0xe0000
1781231503,58.7,2400000,0xe0000
1781231504,58.7,2400000,0xe0000
1781231505,58.7,2400000,0xe0000
1781231506,58.7,2400000,0xe0000
1781231507,58.7,2400000,0xe0000
1781231509,58.2,2400000,0xe0000
1781231510,59.3,2400000,0xe0000
1781231511,58.7,2400000,0xe0000
1781231512,59.3,2400000,0xe0000
1781231513,59.3,2400000,0xe0000
1781231514,58.7,2400000,0xe0000
1781231515,58.7,2400000,0xe0000
1781231516,58.7,2400000,0xe0000
1781231517,58.2,2400000,0xe0000
1781231518,58.7,2400000,0xe0000
1781231519,59.3,2400000,0xe0000
1781231520,59.3,2400000,0xe0000
1781231521,58.7,2400000,0xe0000
1781231522,58.7,2400000,0xe0000
1781231523,58.7,2400000,0xe0000
1781231524,58.7,2400000,0xe0000
1781231525,59.3,2400000,0xe0000
1781231526,58.7,2400000,0xe0000
1781231527,58.7,2400000,0xe0000
1781231529,59.3,2400000,0xe0000
1781231530,58.7,2400000,0xe0000
1781231531,58.7,2400000,0xe0000
1781231532,59.3,2400000,0xe0000
1781231533,58.7,2400000,0xe0000
1781231534,59.3,2400000,0xe0000
1781231535,59.3,2400000,0xe0000
1781231536,58.7,2400000,0xe0000
1781231537,58.7,2400000,0xe0000
1781231538,58.2,2400000,0xe0000
1781231539,58.7,2400000,0xe0000
1781231540,59.3,2400000,0xe0000
1781231541,58.7,2400000,0xe0000
1781231542,58.7,2400000,0xe0000
1781231543,59.3,2400000,0xe0000
1781231544,58.2,2400000,0xe0000
1781231545,58.2,2400000,0xe0000
1781231546,58.7,2400000,0xe0000
1781231547,58.7,2400000,0xe0000
1781231548,58.7,2400000,0xe0000
1781231550,57.6,2400000,0xe0000
1781231551,58.7,2400000,0xe0000
1781231552,58.7,2400000,0xe0000
1781231553,58.7,2400000,0xe0000
1781231554,58.7,2400000,0xe0000
1781231555,58.7,2400000,0xe0000
1781231556,58.7,2400000,0xe0000
1781231557,58.7,2400000,0xe0000
1781231558,58.7,2400000,0xe0000
1781231559,58.7,2400000,0xe0000
1781231560,58.7,2400000,0xe0000
1781231561,57.6,2400000,0xe0000
1781231562,58.2,2400000,0xe0000
1781231563,58.7,2400000,0xe0000
1781231564,59.3,2400000,0xe0000
1781231565,58.2,2400000,0xe0000
1781231566,58.2,2400000,0xe0000
1781231567,58.7,2400000,0xe0000
1781231568,58.7,2400000,0xe0000
1781231569,58.7,2400000,0xe0000
1781231570,59.3,2400000,0xe0000
1781231571,58.2,2400000,0xe0000
1781231572,58.7,2400000,0xe0000
1781231573,58.7,2400000,0xe0000
1781231574,58.7,2400000,0xe0000
1781231575,58.7,2400000,0xe0000
1781231576,58.7,2400000,0xe0000
1781231577,59.3,2400000,0xe0000
1781231578,58.2,2400000,0xe0000
1781231580,58.7,2400000,0xe0000
1781231581,59.3,2400000,0xe0000
1781231582,57.6,2400000,0xe0000
1781231583,58.7,2400000,0xe0000
1781231584,58.7,2400000,0xe0000
1781231585,58.7,2400000,0xe0000
1781231586,58.7,2400000,0xe0000
1781231587,58.7,2400000,0xe0000
1781231588,58.2,2400000,0xe0000
1781231589,59.3,2400000,0xe0000
1781231590,58.7,2400000,0xe0000
1781231591,58.7,2400000,0xe0000
1781231592,59.3,2400000,0xe0000
1781231593,57.6,2400000,0xe0000
1781231594,57.6,2400000,0xe0000
1781231595,59.3,2400000,0xe0000
1781231596,58.7,2400000,0xe0000
1781231597,59.3,2400000,0xe0000
1781231598,58.7,2400000,0xe0000
1781231599,57.6,2400000,0xe0000
1781231600,58.7,2400000,0xe0000
1781231601,58.7,2400000,0xe0000
1781231603,58.7,2400000,0xe0000
1781231604,58.2,2400000,0xe0000
1781231605,58.7,2400000,0xe0000
1781231606,58.7,2400000,0xe0000
1781231607,58.7,2400000,0xe0000
1781231608,58.7,2400000,0xe0000
1781231609,58.2,2400000,0xe0000
1781231610,57.6,2400000,0xe0000
1781231611,58.7,2400000,0xe0000
1781231612,58.7,2400000,0xe0000
1781231613,58.7,2400000,0xe0000
1781231614,58.7,2400000,0xe0000
1781231615,58.2,2400000,0xe0000
1781231616,58.7,2400000,0xe0000
1781231617,58.7,2400000,0xe0000
1781231618,58.7,2400000,0xe0000
1781231619,58.7,2400000,0xe0000
1781231620,58.7,2400000,0xe0000
1781231621,58.7,2400000,0xe0000
1781231622,59.3,2400000,0xe0000
1781231623,58.7,2400000,0xe0000
1781231624,58.2,2400000,0xe0000
1781231626,59.3,2400000,0xe0000
1781231627,58.7,2400000,0xe0000
1781231628,58.7,2400000,0xe0000
1781231629,58.2,2400000,0xe0000
1781231630,58.2,2400000,0xe0000
1781231631,58.7,2400000,0xe0000
1781231632,58.2,2400000,0xe0000
1781231633,58.2,2400000,0xe0000
1781231634,58.7,2400000,0xe0000
1781231635,59.3,2400000,0xe0000
1781231636,58.2,2400000,0xe0000
1781231637,58.7,2400000,0xe0000
1781231638,58.2,2400000,0xe0000
1781231639,59.3,2400000,0xe0000
1781231640,58.2,2400000,0xe0000
1781231641,58.7,2400000,0xe0000
1781231642,58.2,2400000,0xe0000
1781231643,58.2,2400000,0xe0000
1781231644,58.7,2400000,0xe0000
1781231645,59.3,2400000,0xe0000
1781231647,58.7,2400000,0xe0000
1781231648,58.7,2400000,0xe0000
1781231649,58.7,2400000,0xe0000
1781231650,58.2,2400000,0xe0000
1781231651,59.3,2400000,0xe0000
1781231652,58.7,2400000,0xe0000
1781231653,58.2,2400000,0xe0000
1781231654,58.2,2400000,0xe0000
1781231655,59.3,2400000,0xe0000
1781231656,58.7,2400000,0xe0000
1781231657,59.3,2400000,0xe0000
1781231658,58.7,2400000,0xe0000
1781231659,58.7,2400000,0xe0000
1781231660,58.7,2400000,0xe0000
1781231661,58.7,2400000,0xe0000
1781231662,58.7,2400000,0xe0000
1781231663,58.7,2400000,0xe0000
1781231664,59.3,2400000,0xe0000
1781231665,58.7,2400000,0xe0000
1781231666,58.2,2400000,0xe0000
1781231667,58.7,2400000,0xe0000
1781231668,58.7,2400000,0xe0000
1781231669,58.7,2400000,0xe0000
1781231671,58.7,2400000,0xe0000
1781231672,58.2,2400000,0xe0000
1781231673,58.7,2400000,0xe0000
1781231674,58.7,2400000,0xe0000
1781231675,58.2,2400000,0xe0000
1781231676,58.7,2400000,0xe0000
1781231677,59.3,2400000,0xe0000
1781231678,58.7,2400000,0xe0000
1781231679,58.7,2400000,0xe0000
1781231680,58.7,2400000,0xe0000
1781231681,58.2,2400000,0xe0000
1781231682,58.7,2400000,0xe0000
1781231683,59.3,2400000,0xe0000
1781231684,58.7,2400000,0xe0000
1781231685,59.3,2400000,0xe0000
1781231686,58.2,2400000,0xe0000
1781231687,58.2,2400000,0xe0000
1781231688,58.7,2400000,0xe0000
1781231689,59.8,2400000,0xe0000
1781231690,57.6,2400000,0xe0000
1781231691,58.7,2400000,0xe0000
1781231692,58.7,2400000,0xe0000
1781231693,57.6,2400000,0xe0000
1781231694,58.7,2400000,0xe0000
1781231696,58.7,2400000,0xe0000
1781231697,58.2,2400000,0xe0000
1781231698,58.7,2400000,0xe0000
1781231699,57.6,2400000,0xe0000
1781231700,58.7,2400000,0xe0000
1781231701,58.7,2400000,0xe0000
1781231702,58.2,2400000,0xe0000
1781231703,58.7,2400000,0xe0000
1781231704,58.2,2400000,0xe0000
1781231705,59.3,2400000,0xe0000
1781231706,58.7,2400000,0xe0000
1781231707,58.7,2400000,0xe0000
1781231708,58.2,2400000,0xe0000
1781231709,58.7,2400000,0xe0000
1781231710,58.7,2400000,0xe0000
1781231711,59.3,2400000,0xe0000
1781231712,58.7,2400000,0xe0000
1781231713,58.7,2400000,0xe0000
1781231715,58.2,2400000,0xe0000
1781231716,58.7,2400000,0xe0000
1781231717,58.7,2400000,0xe0000
1781231718,58.7,2400000,0xe0000
1781231719,58.2,2400000,0xe0000
1781231720,58.7,2400000,0xe0000
1781231721,58.7,2400000,0xe0000
1781231722,58.7,2400000,0xe0000
1781231723,58.7,2400000,0xe0000
1781231724,58.7,2400000,0xe0000
1781231725,58.2,2400000,0xe0000
1781231726,58.7,2400000,0xe0000
1781231727,58.7,2400000,0xe0000
1781231728,58.7,2400000,0xe0000
1781231729,58.7,2400000,0xe0000
1781231730,57.6,2400000,0xe0000
1781231731,57.1,2400000,0xe0000
1781231732,58.2,2400000,0xe0000
1781231733,58.2,2400000,0xe0000
1781231734,58.2,2400000,0xe0000
1781231735,58.2,2400000,0xe0000
1781231736,58.7,2400000,0xe0000
1781231737,58.7,2400000,0xe0000
1781231738,57.6,2400000,0xe0000
1781231740,58.2,2400000,0xe0000
1781231741,58.2,2400000,0xe0000
1781231742,58.7,2400000,0xe0000
1781231743,58.2,2400000,0xe0000
1781231744,58.7,2400000,0xe0000
1781231745,58.7,2400000,0xe0000
1781231746,58.7,2400000,0xe0000
1781231747,58.7,2400000,0xe0000
1781231748,58.2,2400000,0xe0000
1781231749,59.3,2400000,0xe0000
1781231750,58.7,2400000,0xe0000
1781231751,58.2,2400000,0xe0000
1781231752,58.7,2400000,0xe0000
1781231753,58.7,2400000,0xe0000
1781231754,58.2,2400000,0xe0000
1781231755,57.6,2400000,0xe0000
1781231756,58.7,2400000,0xe0000
1781231757,58.7,2400000,0xe0000
1781231758,57.6,2400000,0xe0000
1781231759,58.7,2400000,0xe0000
1781231760,58.7,2400000,0xe0000
1781231762,58.7,2400000,0xe0000
1781231763,59.3,2400000,0xe0000
1781231764,58.7,2400000,0xe0000
1781231765,58.7,2400000,0xe0000
1781231766,58.2,2400000,0xe0000
1781231767,58.7,2400000,0xe0000
1781231768,59.3,2400000,0xe0000
1781231769,58.2,2400000,0xe0000
1781231770,57.1,2400000,0xe0000
1781231771,58.7,2400000,0xe0000
1781231772,58.7,2400000,0xe0000
1781231773,58.2,2400000,0xe0000
1781231774,58.7,2400000,0xe0000
1781231775,58.7,2400000,0xe0000
1781231776,59.3,2400000,0xe0000
1781231777,58.2,2400000,0xe0000
1781231778,59.3,2400000,0xe0000
1781231779,58.2,2400000,0xe0000
1781231780,58.7,2400000,0xe0000
1781231781,58.7,2400000,0xe0000
1781231782,58.2,2400000,0xe0000
1781231783,58.2,2400000,0xe0000
1781231784,58.7,2400000,0xe0000
1781231786,58.7,2400000,0xe0000
1781231787,59.3,2400000,0xe0000
1781231788,58.2,2400000,0xe0000
1781231789,57.6,2400000,0xe0000
1781231790,58.2,2400000,0xe0000
1781231791,58.2,2400000,0xe0000
1781231792,57.1,2400000,0xe0000
1781231793,58.2,2400000,0xe0000
1781231794,58.7,2400000,0xe0000
1781231795,58.7,2400000,0xe0000
1781231796,57.6,2400000,0xe0000
1781231797,58.2,2400000,0xe0000
1781231798,57.6,2400000,0xe0000
1781231799,57.6,2400000,0xe0000
1781231800,58.7,2400000,0xe0000
1781231801,58.7,2400000,0xe0000
1781231802,58.2,2400000,0xe0000
1781231803,58.7,2400000,0xe0000
1781231804,58.2,2400000,0xe0000
1781231805,58.7,2400000,0xe0000
1781231806,57.6,2400000,0xe0000
1781231807,58.7,2400000,0xe0000
1781231808,57.6,2400000,0xe0000
1781231809,58.2,2400000,0xe0000
1781231810,58.7,2400000,0xe0000
1781231811,58.7,2400000,0xe0000
1781231812,58.7,2400000,0xe0000
1781231813,58.2,2400000,0xe0000
1781231815,58.2,2400000,0xe0000
1781231816,58.2,2400000,0xe0000
1781231817,58.7,2400000,0xe0000
1781231818,58.2,2400000,0xe0000
1781231819,59.3,2400000,0xe0000
1781231820,58.7,2400000,0xe0000
1781231821,58.7,2400000,0xe0000
1781231822,58.2,2400000,0xe0000
1781231823,58.2,2400000,0xe0000
1781231824,57.6,2400000,0xe0000
1781231825,58.2,2400000,0xe0000
1781231826,58.2,2400000,0xe0000
1781231827,58.2,2400000,0xe0000
1781231828,58.2,2400000,0xe0000
1781231829,58.2,2400000,0xe0000
1781231830,58.7,2400000,0xe0000
1781231831,58.2,2400000,0xe0000
1781231832,58.7,2400000,0xe0000
1781231834,58.7,2400000,0xe0000
1781231835,58.7,2400000,0xe0000
1781231836,59.3,2400000,0xe0000
1781231837,58.2,2400000,0xe0000
1781231838,58.2,2400000,0xe0000
1781231839,58.2,2400000,0xe0000
1781231840,58.7,2400000,0xe0000
1781231841,58.2,2400000,0xe0000
1781231842,58.2,2400000,0xe0000
1781231843,58.2,2400000,0xe0000
1781231844,58.7,2400000,0xe0000
1781231845,58.7,2400000,0xe0000
1781231846,58.7,2400000,0xe0000
1781231847,58.7,2400000,0xe0000
1781231848,59.3,2400000,0xe0000
1781231849,58.7,2400000,0xe0000
1781231850,58.7,2400000,0xe0000
1781231851,58.7,2400000,0xe0000
1781231852,58.7,2400000,0xe0000
1781231853,58.2,2400000,0xe0000
1781231855,58.7,2400000,0xe0000
1781231856,58.7,2400000,0xe0000
1781231857,58.2,2400000,0xe0000
1781231858,58.7,2400000,0xe0000
1781231859,58.7,2400000,0xe0000
1781231860,57.6,2400000,0xe0000
1781231861,58.7,2400000,0xe0000
1781231862,58.7,2400000,0xe0000
1781231863,58.2,2400000,0xe0000
1781231864,58.7,2400000,0xe0000
1781231865,57.6,2400000,0xe0000
1781231866,58.2,2400000,0xe0000
1781231867,58.7,2400000,0xe0000
1781231868,58.2,2400000,0xe0000
1781231869,58.7,2400000,0xe0000
1781231870,58.2,2400000,0xe0000
1781231871,58.7,2400000,0xe0000
1781231872,58.7,2400000,0xe0000
1781231873,58.2,2400000,0xe0000
1781231874,58.2,2400000,0xe0000
1781231875,58.7,2400000,0xe0000
1781231876,58.7,2400000,0xe0000
1781231877,58.7,2400000,0xe0000
1781231879,58.7,2400000,0xe0000
1781231880,58.7,2400000,0xe0000
1781231881,58.2,2400000,0xe0000
1781231882,58.7,2400000,0xe0000
1781231883,58.7,2400000,0xe0000
1781231884,58.2,2400000,0xe0000
1781231885,59.3,2400000,0xe0000
1781231886,58.7,2400000,0xe0000
1781231887,58.2,2400000,0xe0000
1781231888,57.6,2400000,0xe0000
1781231889,58.2,2400000,0xe0000
1781231890,58.2,2400000,0xe0000
1781231891,58.2,2400000,0xe0000
1781231892,58.2,2400000,0xe0000
1781231893,58.2,2400000,0xe0000
1781231894,58.2,2400000,0xe0000
1781231895,58.2,2400000,0xe0000
1781231896,58.7,2400000,0xe0000
1781231897,58.7,2400000,0xe0000
1781231898,58.2,2400000,0xe0000
1781231899,58.2,2400000,0xe0000
1781231900,58.7,2400000,0xe0000
1781231901,57.1,2400000,0xe0000
1781231902,58.2,2400000,0xe0000
1781231903,57.6,2400000,0xe0000
1781231904,58.2,2400000,0xe0000
1781231905,58.7,2400000,0xe0000
1781231907,58.7,2400000,0xe0000
1781231908,58.7,2400000,0xe0000
1781231909,58.2,2400000,0xe0000
1781231910,58.2,2400000,0xe0000
1781231911,59.3,2400000,0xe0000
1781231912,58.7,2400000,0xe0000
1781231913,58.7,2400000,0xe0000
1781231914,57.6,2400000,0xe0000
1781231915,58.2,2400000,0xe0000
1781231916,58.7,2400000,0xe0000
1781231917,58.7,2400000,0xe0000
1781231918,58.7,2400000,0xe0000
1781231919,58.7,2400000,0xe0000
1781231920,58.7,2400000,0xe0000
1781231921,57.1,2400000,0xe0000
1781231922,58.2,2400000,0xe0000
1781231923,58.2,2400000,0xe0000
1781231924,58.7,2400000,0xe0000
1781231925,58.7,2400000,0xe0000
1781231927,58.2,2400000,0xe0000
1781231928,57.6,2400000,0xe0000
1781231929,58.2,2400000,0xe0000
1781231930,58.7,2400000,0xe0000
1781231931,58.2,2400000,0xe0000
1781231932,57.6,2400000,0xe0000
1781231933,58.2,2400000,0xe0000
1781231934,58.7,2400000,0xe0000
1781231935,58.7,2400000,0xe0000
1781231936,57.1,2400000,0xe0000
1781231937,57.6,2400000,0xe0000
1781231938,58.7,2400000,0xe0000
1781231939,58.7,2400000,0xe0000
1781231940,58.2,2400000,0xe0000
1781231941,58.2,2400000,0xe0000
1781231942,58.7,2400000,0xe0000
1781231943,58.2,2400000,0xe0000
1781231944,58.7,2400000,0xe0000
1781231945,58.7,2400000,0xe0000
1781231946,58.7,2400000,0xe0000
1781231947,58.2,2400000,0xe0000
1781231948,58.2,2400000,0xe0000
1781231949,58.7,2400000,0xe0000
1781231951,57.6,2400000,0xe0000
1781231952,57.1,2400000,0xe0000
1781231953,58.2,2400000,0xe0000
1781231954,58.2,2400000,0xe0000
1781231955,58.2,2400000,0xe0000
1781231956,57.6,2400000,0xe0000
1781231957,58.2,2400000,0xe0000
1781231958,58.7,2400000,0xe0000
1781231959,58.2,2400000,0xe0000
1781231960,58.2,2400000,0xe0000
1781231961,58.2,2400000,0xe0000
1781231962,58.2,2400000,0xe0000
1781231963,58.7,2400000,0xe0000
1781231964,58.2,2400000,0xe0000
1781231965,57.6,2400000,0xe0000
1781231966,57.6,2400000,0xe0000
1781231967,58.2,2400000,0xe0000
1781231968,58.7,2400000,0xe0000
1781231970,58.7,2400000,0xe0000
1781231971,58.7,2400000,0xe0000
1781231972,58.2,2400000,0xe0000
1781231973,58.2,2400000,0xe0000
1781231974,58.7,2400000,0xe0000
1781231975,58.7,2400000,0xe0000
1781231976,57.6,2400000,0xe0000
1781231977,58.2,2400000,0xe0000
1781231978,58.2,2400000,0xe0000
1781231979,58.2,2400000,0xe0000
1781231980,58.7,2400000,0xe0000
1781231981,59.3,2400000,0xe0000
1781231982,58.2,2400000,0xe0000
1781231983,58.7,2400000,0xe0000
1781231984,57.6,2400000,0xe0000
1781231985,58.2,2400000,0xe0000
1781231986,58.2,2400000,0xe0000
1781231987,58.7,2400000,0xe0000
1781231988,58.2,2400000,0xe0000
1781231989,58.2,2400000,0xe0000
1781231990,58.7,2400000,0xe0000
1781231991,58.7,2400000,0xe0000
1781231992,58.7,2400000,0xe0000
1781231993,58.7,2400000,0xe0000
1781231994,58.2,2400000,0xe0000
1781231995,57.6,2400000,0xe0000
1781231996,57.1,2400000,0xe0000
1781231997,58.2,2400000,0xe0000
1781231998,59.3,2400000,0xe0000
1781231999,56.5,2400000,0xe0000
1781232000,58.2,2400000,0xe0000
1781232002,58.7,2400000,0xe0000
1781232003,58.2,2400000,0xe0000
1781232004,57.6,2400000,0xe0000
1781232005,58.7,2400000,0xe0000
1781232006,57.6,2400000,0xe0000
1781232007,58.2,2400000,0xe0000
1781232008,58.7,2400000,0xe0000
1781232009,58.7,2400000,0xe0000
1781232010,58.2,2400000,0xe0000
1781232011,58.7,2400000,0xe0000
1781232012,58.2,2400000,0xe0000
1781232013,58.2,2400000,0xe0000
1781232014,57.6,2400000,0xe0000
1781232015,58.2,2400000,0xe0000
1781232016,58.7,2400000,0xe0000
1781232017,57.6,2400000,0xe0000
1781232018,58.2,2400000,0xe0000
1781232019,57.6,2400000,0xe0000
1781232020,58.7,2400000,0xe0000
1781232021,58.7,2400000,0xe0000
1781232022,58.2,2400000,0xe0000
1781232023,58.7,2400000,0xe0000
1781232024,57.6,2400000,0xe0000
1781232025,58.7,2400000,0xe0000
1781232026,58.2,2400000,0xe0000
1781232028,58.7,2400000,0xe0000
1781232029,58.7,2400000,0xe0000
1781232030,57.6,2400000,0xe0000
1781232031,58.2,2400000,0xe0000
1781232032,58.7,2400000,0xe0000
1781232033,58.2,2400000,0xe0000
1781232034,57.6,2400000,0xe0000
1781232035,58.7,2400000,0xe0000
1781232036,57.1,2400000,0xe0000
1781232037,58.2,2400000,0xe0000
1781232038,58.2,2400000,0xe0000
1781232039,57.6,2400000,0xe0000
1781232040,58.7,2400000,0xe0000
1781232041,57.6,2400000,0xe0000
1781232042,57.6,2400000,0xe0000
1781232043,58.2,2400000,0xe0000
1781232044,58.2,2400000,0xe0000
1781232045,58.7,2400000,0xe0000
1781232046,58.7,2400000,0xe0000
1781232047,57.6,2400000,0xe0000
1781232048,58.7,2400000,0xe0000
1781232049,58.7,2400000,0xe0000
1781232050,58.2,2400000,0xe0000
1781232052,58.2,2400000,0xe0000
1781232053,58.7,2400000,0xe0000
1781232054,58.7,2400000,0xe0000
1781232055,57.1,2400000,0xe0000
1781232056,58.2,2400000,0xe0000
1781232057,57.6,2400000,0xe0000
1781232058,58.7,2400000,0xe0000
1781232059,58.7,2400000,0xe0000
1781232060,58.2,2400000,0xe0000
1781232061,58.7,2400000,0xe0000
1781232062,58.7,2400000,0xe0000
1781232063,57.1,2400000,0xe0000
1781232064,57.1,2400000,0xe0000
1781232065,58.2,2400000,0xe0000
1781232066,57.1,2400000,0xe0000
1781232067,58.7,2400000,0xe0000
1781232068,58.2,2400000,0xe0000
1781232069,57.1,2400000,0xe0000
1781232071,58.2,2400000,0xe0000
1781232072,58.2,2400000,0xe0000
1781232073,57.6,2400000,0xe0000
1781232074,59.3,2400000,0xe0000
1781232075,58.7,2400000,0xe0000
1781232076,57.6,2400000,0xe0000
1781232077,58.7,2400000,0xe0000
1781232078,57.6,2400000,0xe0000
1781232079,59.3,2400000,0xe0000
1781232080,58.2,2400000,0xe0000
1781232081,58.7,2400000,0xe0000
1781232082,58.2,2400000,0xe0000
1781232083,58.2,2400000,0xe0000
1781232084,58.7,2400000,0xe0000
1781232085,58.2,2400000,0xe0000
1781232086,58.2,2400000,0xe0000
1781232087,58.2,2400000,0xe0000
1781232088,58.7,2400000,0xe0000
1781232089,57.6,2400000,0xe0000
1781232090,57.6,2400000,0xe0000
1781232091,58.2,2400000,0xe0000
1781232092,58.2,2400000,0xe0000
1781232093,58.2,2400000,0xe0000
1781232095,58.7,2400000,0xe0000
1781232096,57.1,2400000,0xe0000
1781232097,57.1,2400000,0xe0000
1781232098,58.7,2400000,0xe0000
1781232099,56.5,2400000,0xe0000
1781232100,57.6,2400000,0xe0000
1781232101,58.2,2400000,0xe0000
1781232102,58.7,2400000,0xe0000
1781232103,58.2,2400000,0xe0000
1781232104,58.7,2400000,0xe0000
1781232105,58.7,2400000,0xe0000
1781232106,58.2,2400000,0xe0000
1781232107,58.2,2400000,0xe0000
1781232108,58.7,2400000,0xe0000
1781232109,57.6,2400000,0xe0000
1781232110,57.6,2400000,0xe0000
1781232111,58.7,2400000,0xe0000
1781232112,57.6,2400000,0xe0000
1781232113,58.2,2400000,0xe0000
1781232114,58.7,2400000,0xe0000
1781232115,57.6,2400000,0xe0000
1781232116,58.2,2400000,0xe0000
1781232117,58.2,2400000,0xe0000
1781232118,58.2,2400000,0xe0000
1781232119,57.6,2400000,0xe0000
1781232121,58.7,2400000,0xe0000
1781232122,58.7,2400000,0xe0000
1781232123,58.7,2400000,0xe0000
1781232124,58.2,2400000,0xe0000
1781232125,58.2,2400000,0xe0000
1781232126,58.7,2400000,0xe0000
1781232127,58.2,2400000,0xe0000
1781232128,58.2,2400000,0xe0000
1781232129,58.2,2400000,0xe0000
1781232130,57.6,2400000,0xe0000
1781232131,58.2,2400000,0xe0000
1781232132,57.6,2400000,0xe0000
1781232133,57.6,2400000,0xe0000
1781232134,58.2,2400000,0xe0000
1781232135,57.6,2400000,0xe0000
1781232136,57.6,2400000,0xe0000
1781232137,58.2,2400000,0xe0000
1781232138,58.2,2400000,0xe0000
1781232139,58.7,2400000,0xe0000
1781232140,58.2,2400000,0xe0000
1781232141,58.2,2400000,0xe0000
1781232142,56.5,2400000,0xe0000
1781232143,57.6,2400000,0xe0000
1781232144,57.6,2400000,0xe0000
1781232145,58.2,2400000,0xe0000
1781232146,57.6,2400000,0xe0000
1781232147,57.6,2400000,0xe0000
1781232148,58.7,2400000,0xe0000
1781232149,58.7,2400000,0xe0000
1781232150,58.2,2400000,0xe0000
1781232151,58.2,2400000,0xe0000
1781232152,58.2,2400000,0xe0000
1781232153,57.1,2400000,0xe0000
1781232154,57.6,2400000,0xe0000
1781232155,58.2,2400000,0xe0000
1781232156,57.6,2400000,0xe0000
1781232158,58.7,2400000,0xe0000
1781232159,59.3,2400000,0xe0000
1781232160,57.6,2400000,0xe0000
1781232161,57.6,2400000,0xe0000
1781232162,58.2,2400000,0xe0000
1781232163,58.7,2400000,0xe0000
1781232164,58.2,2400000,0xe0000
1781232165,57.6,2400000,0xe0000
1781232166,58.2,2400000,0xe0000
1781232167,58.2,2400000,0xe0000
1781232168,58.2,2400000,0xe0000
1781232169,58.2,2400000,0xe0000
1781232170,58.2,2400000,0xe0000
1781232171,58.7,2400000,0xe0000
1781232172,58.7,2400000,0xe0000
1781232173,58.2,2400000,0xe0000
1781232174,58.2,2400000,0xe0000
1781232175,58.2,2400000,0xe0000
1781232176,58.2,2400000,0xe0000
1781232177,58.2,2400000,0xe0000
1781232178,57.6,2400000,0xe0000
1781232179,57.1,2400000,0xe0000
1781232180,57.6,2400000,0xe0000
1781232181,58.2,2400000,0xe0000
1781232183,59.3,2400000,0xe0000
1781232184,57.6,2400000,0xe0000
1781232185,57.6,2400000,0xe0000
1781232186,57.1,2400000,0xe0000
1781232187,58.7,2400000,0xe0000
1781232188,58.7,2400000,0xe0000
1781232189,58.7,2400000,0xe0000
1781232190,58.2,2400000,0xe0000
1781232191,58.2,2400000,0xe0000
1781232192,57.6,2400000,0xe0000
1781232193,57.6,2400000,0xe0000
1781232194,58.7,2400000,0xe0000
1781232195,58.2,2400000,0xe0000
1781232196,58.7,2400000,0xe0000
1781232197,58.2,2400000,0xe0000
1781232198,58.2,2400000,0xe0000
1781232199,58.2,2400000,0xe0000
1781232200,58.7,2400000,0xe0000
1781232201,57.6,2400000,0xe0000
1781232202,58.2,2400000,0xe0000
1781232203,57.6,2400000,0xe0000
1781232204,58.2,2400000,0xe0000
1781232205,58.7,2400000,0xe0000
1781232206,57.6,2400000,0xe0000
1781232208,58.2,2400000,0xe0000
1781232209,57.6,2400000,0xe0000
1781232210,58.2,2400000,0xe0000
1781232211,58.2,2400000,0xe0000
1781232212,58.2,2400000,0xe0000
1781232213,57.1,2400000,0xe0000
1781232214,57.6,2400000,0xe0000
1781232215,58.2,2400000,0xe0000
1781232216,57.6,2400000,0xe0000
1781232217,58.7,2400000,0xe0000
1781232218,57.6,2400000,0xe0000
1781232219,58.2,2400000,0xe0000
1781232220,58.2,2400000,0xe0000
1781232221,58.7,2400000,0xe0000
1781232222,58.7,2400000,0xe0000
1781232223,58.7,2400000,0xe0000
1781232224,58.2,2400000,0xe0000
1781232225,58.2,2400000,0xe0000
1781232226,58.2,2400000,0xe0000
1781232227,58.2,2400000,0xe0000
1781232228,58.2,2400000,0xe0000
1781232229,58.2,2400000,0xe0000
1781232230,58.2,2400000,0xe0000
1781232231,57.6,2400000,0xe0000
1781232232,58.7,2400000,0xe0000
1781232234,58.2,2400000,0xe0000
1781232235,58.7,2400000,0xe0000
1781232236,58.7,2400000,0xe0000
1781232237,58.2,2400000,0xe0000
1781232238,57.6,2400000,0xe0000
1781232239,56.5,2400000,0xe0000
1781232240,57.6,2400000,0xe0000
1781232241,58.7,2400000,0xe0000
1781232242,58.2,2400000,0xe0000
1781232243,58.7,2400000,0xe0000
1781232244,57.6,2400000,0xe0000
1781232245,58.2,2400000,0xe0000
1781232246,57.6,2400000,0xe0000
1781232247,58.2,2400000,0xe0000
1781232248,57.6,2400000,0xe0000
1781232249,58.2,2400000,0xe0000
1781232250,58.2,2400000,0xe0000
1781232251,58.2,2400000,0xe0000
1781232252,57.6,2400000,0xe0000
1781232253,57.6,2400000,0xe0000
1781232254,58.7,2400000,0xe0000
1781232255,58.7,2400000,0xe0000
1781232256,58.2,2400000,0xe0000
1781232258,58.7,2400000,0xe0000
1781232259,58.2,2400000,0xe0000
1781232260,58.7,2400000,0xe0000
1781232261,58.2,2400000,0xe0000
1781232262,58.2,2400000,0xe0000
1781232263,58.7,2400000,0xe0000
1781232264,58.2,2400000,0xe0000
1781232265,57.6,2400000,0xe0000
1781232266,57.6,2400000,0xe0000
1781232267,58.7,2400000,0xe0000
1781232268,58.2,2400000,0xe0000
1781232269,57.6,2400000,0xe0000
1781232270,58.7,2400000,0xe0000
1781232271,58.2,2400000,0xe0000
1781232272,57.6,2400000,0xe0000
1781232273,57.6,2400000,0xe0000
1781232274,58.7,2400000,0xe0000
1781232275,57.6,2400000,0xe0000
1781232276,57.6,2400000,0xe0000
1781232277,58.2,2400000,0xe0000
1781232278,57.6,2400000,0xe0000
1781232279,58.7,2400000,0xe0000
1781232280,58.7,2400000,0xe0000
1781232282,58.2,2400000,0xe0000
1781232283,58.7,2400000,0xe0000
1781232284,58.2,2400000,0xe0000
1781232285,57.6,2400000,0xe0000
1781232286,57.1,2400000,0xe0000
1781232287,57.6,2400000,0xe0000
1781232288,58.2,2400000,0xe0000
1781232289,58.2,2400000,0xe0000
1781232290,58.2,2400000,0xe0000
1781232291,58.2,2400000,0xe0000
1781232292,57.6,2400000,0xe0000
1781232293,58.2,2400000,0xe0000
1781232294,58.7,2400000,0xe0000
1781232295,58.7,2400000,0xe0000
1781232296,57.6,2400000,0xe0000
1781232297,58.2,2400000,0xe0000
1781232298,58.2,2400000,0xe0000
1781232299,58.7,2400000,0xe0000
1781232300,57.6,2400000,0xe0000
1781232301,57.1,2400000,0xe0000
1781232302,58.2,2400000,0xe0000
1781232303,58.2,2400000,0xe0000
1781232304,58.2,2400000,0xe0000
1781232305,58.7,2400000,0xe0000
1781232306,57.6,2400000,0xe0000
1781232308,58.2,2400000,0xe0000
1781232309,58.7,2400000,0xe0000
1781232310,58.2,2400000,0xe0000
1781232311,57.6,2400000,0xe0000
1781232312,58.2,2400000,0xe0000
1781232313,57.6,2400000,0xe0000
1781232314,58.7,2400000,0xe0000
1781232315,57.6,2400000,0xe0000
1781232316,58.2,2400000,0xe0000
1781232317,58.7,2400000,0xe0000
1781232318,58.2,2400000,0xe0000
1781232319,57.6,2400000,0xe0000
1781232320,57.6,2400000,0xe0000
1781232321,58.2,2400000,0xe0000
1781232322,58.2,2400000,0xe0000
1781232323,58.2,2400000,0xe0000
1781232324,58.7,2400000,0xe0000
1781232325,57.6,2400000,0xe0000
1781232326,58.2,2400000,0xe0000
1781232327,57.6,2400000,0xe0000
1781232328,57.1,2400000,0xe0000
1781232329,58.2,2400000,0xe0000
1781232330,57.6,2400000,0xe0000
1781232331,58.2,2400000,0xe0000
1781232332,58.2,2400000,0xe0000
1781232333,58.2,2400000,0xe0000
1781232334,58.7,2400000,0xe0000
1781232335,58.2,2400000,0xe0000
1781232337,57.6,2400000,0xe0000
1781232338,58.2,2400000,0xe0000
1781232339,57.6,2400000,0xe0000
1781232340,58.2,2400000,0xe0000
1781232341,58.2,2400000,0xe0000
1781232342,58.7,2400000,0xe0000
1781232343,58.7,2400000,0xe0000
1781232344,58.2,2400000,0xe0000
1781232345,58.2,2400000,0xe0000
1781232346,58.2,2400000,0xe0000
1781232347,58.2,2400000,0xe0000
1781232348,58.2,2400000,0xe0000
1781232349,56.5,2400000,0xe0000
1781232350,57.6,2400000,0xe0000
1781232351,57.6,2400000,0xe0000
1781232353,57.6,2400000,0xe0000
1781232354,58.2,2400000,0xe0000
1781232355,57.6,2400000,0xe0000
1781232356,58.7,2400000,0xe0000
1781232357,58.2,2400000,0xe0000
1781232358,57.1,2400000,0xe0000
1781232359,57.1,2400000,0xe0000
1781232360,57.6,2400000,0xe0000
1781232361,58.2,2400000,0xe0000
1781232362,58.2,2400000,0xe0000
1781232363,58.2,2400000,0xe0000
1781232364,57.6,2400000,0xe0000
1781232365,57.6,2400000,0xe0000
1781232366,58.7,2400000,0xe0000
1781232367,58.7,2400000,0xe0000
1781232368,57.6,2400000,0xe0000
1781232369,58.2,2400000,0xe0000
1781232370,57.6,2400000,0xe0000
1781232371,58.7,2400000,0xe0000
1781232372,58.2,2400000,0xe0000
1781232373,58.7,2400000,0xe0000
1781232374,57.6,2400000,0xe0000
1781232375,58.2,2400000,0xe0000
1781232376,58.7,2400000,0xe0000
1781232377,58.2,2400000,0xe0000
1781232378,58.2,2400000,0xe0000
1781232379,58.2,2400000,0xe0000
1781232380,58.2,2400000,0xe0000
1781232381,58.2,2400000,0xe0000
1781232383,58.2,2400000,0xe0000
1781232384,58.7,2400000,0xe0000
1781232385,58.2,2400000,0xe0000
1781232386,58.2,2400000,0xe0000
1781232387,57.6,2400000,0xe0000
1781232388,56.5,2400000,0xe0000
1781232389,58.2,2400000,0xe0000
1781232390,57.6,2400000,0xe0000
1781232391,57.6,2400000,0xe0000
1781232392,57.6,2400000,0xe0000
1781232393,57.6,2400000,0xe0000
1781232394,57.6,2400000,0xe0000
1781232395,58.2,2400000,0xe0000
1781232396,58.2,2400000,0xe0000
1781232397,58.2,2400000,0xe0000
1781232398,58.2,2400000,0xe0000
1781232399,57.6,2400000,0xe0000
1781232400,58.2,2400000,0xe0000
1781232401,57.6,2400000,0xe0000
1781232402,58.2,2400000,0xe0000
1781232403,57.6,2400000,0xe0000
1781232404,58.2,2400000,0xe0000
1781232406,58.2,2400000,0xe0000
1781232407,57.6,2400000,0xe0000
1781232408,57.6,2400000,0xe0000
1781232409,57.1,2400000,0xe0000
1781232410,57.1,2400000,0xe0000
1781232411,57.6,2400000,0xe0000
1781232412,57.6,2400000,0xe0000
1781232413,58.2,2400000,0xe0000
1781232414,58.2,2400000,0xe0000
1781232415,58.2,2400000,0xe0000
1781232416,58.2,2400000,0xe0000
1781232417,58.2,2400000,0xe0000
1781232418,58.2,2400000,0xe0000
1781232419,58.2,2400000,0xe0000
1781232420,57.6,2400000,0xe0000
1781232421,57.6,2400000,0xe0000
1781232422,58.2,2400000,0xe0000
1781232423,58.7,2400000,0xe0000
1781232424,58.2,2400000,0xe0000
1781232425,58.2,2400000,0xe0000
1781232426,58.2,2400000,0xe0000
1781232427,58.2,2400000,0xe0000
1781232428,57.6,2400000,0xe0000
1781232429,57.6,2400000,0xe0000
1781232430,57.6,2400000,0xe0000
1781232431,58.2,2400000,0xe0000
1781232433,58.7,2400000,0xe0000
1781232434,57.6,2400000,0xe0000
1781232435,57.6,2400000,0xe0000
1781232436,57.6,2400000,0xe0000
1781232437,58.7,2400000,0xe0000
1781232438,57.6,2400000,0xe0000
1781232439,57.1,2400000,0xe0000
1781232440,57.6,2400000,0xe0000
1781232441,57.6,2400000,0xe0000
1781232442,58.7,2400000,0xe0000
1781232443,57.6,2400000,0xe0000
1781232444,58.7,2400000,0xe0000
1781232445,58.7,2400000,0xe0000
1781232446,58.7,2400000,0xe0000
1781232447,57.6,2400000,0xe0000
1781232448,58.2,2400000,0xe0000
1781232449,58.7,2400000,0xe0000
1781232450,57.6,2400000,0xe0000
1781232451,58.2,2400000,0xe0000
1781232452,57.6,2400000,0xe0000
1781232453,57.6,2400000,0xe0000
1781232454,58.2,2400000,0xe0000
1781232455,57.6,2400000,0xe0000
1781232456,57.6,2400000,0xe0000
1781232458,57.1,2400000,0xe0000
1781232459,57.6,2400000,0xe0000
1781232460,57.6,2400000,0xe0000
1781232461,57.6,2400000,0xe0000
1781232462,58.2,2400000,0xe0000
1781232463,57.6,2400000,0xe0000
1781232464,58.2,2400000,0xe0000
1781232465,57.6,2400000,0xe0000
1781232466,57.6,2400000,0xe0000
1781232467,58.2,2400000,0xe0000
1781232468,57.6,2400000,0xe0000
1781232469,58.7,2400000,0xe0000
1781232470,58.2,2400000,0xe0000
1781232471,58.2,2400000,0xe0000
1781232472,57.6,2400000,0xe0000
1781232473,58.2,2400000,0xe0000
1781232474,57.6,2400000,0xe0000
1781232475,58.7,2400000,0xe0000
1781232476,56.5,2400000,0xe0000
1781232477,58.2,2400000,0xe0000
1781232478,57.6,2400000,0xe0000
1781232479,57.6,2400000,0xe0000
1781232480,58.2,2400000,0xe0000
1781232481,58.2,2400000,0xe0000
1781232483,57.1,2400000,0xe0000
1781232484,57.6,2400000,0xe0000
1781232485,57.6,2400000,0xe0000
1781232486,57.6,2400000,0xe0000
1781232487,58.2,2400000,0xe0000
1781232488,57.6,2400000,0xe0000
1781232489,57.6,2400000,0xe0000
1781232490,57.6,2400000,0xe0000
1781232491,58.2,2400000,0xe0000
1781232492,56.5,2400000,0xe0000
1781232493,58.7,2400000,0xe0000
1781232494,57.6,2400000,0xe0000
1781232495,57.6,2400000,0xe0000
1781232496,57.6,2400000,0xe0000
1781232497,58.2,2400000,0xe0000
1781232498,57.6,2400000,0xe0000
1781232499,58.7,2400000,0xe0000
1781232500,57.1,2400000,0xe0000
1781232501,57.6,2400000,0xe0000
1781232503,57.6,2400000,0xe0000
1781232504,57.6,2400000,0xe0000
1781232505,57.1,2400000,0xe0000
1781232506,58.7,2400000,0xe0000
1781232507,57.1,2400000,0xe0000
1781232508,58.2,2400000,0xe0000
1781232509,58.2,2400000,0xe0000
1781232510,58.2,2400000,0xe0000
1781232511,58.7,2400000,0xe0000
1781232512,58.2,2400000,0xe0000
1781232513,57.6,2400000,0xe0000
1781232514,57.6,2400000,0xe0000
1781232515,58.2,2400000,0xe0000
1781232516,58.2,2400000,0xe0000
1781232517,57.6,2400000,0xe0000
1781232518,58.2,2400000,0xe0000
1781232519,58.2,2400000,0xe0000
1781232520,57.6,2400000,0xe0000
1781232521,58.2,2400000,0xe0000
1781232522,58.7,2400000,0xe0000
1781232523,58.7,2400000,0xe0000
1781232524,57.6,2400000,0xe0000
1781232526,57.1,2400000,0xe0000
1781232527,57.6,2400000,0xe0000
1781232528,57.6,2400000,0xe0000
1781232529,57.6,2400000,0xe0000
1781232530,58.2,2400000,0xe0000
1781232531,57.6,2400000,0xe0000
1781232532,57.6,2400000,0xe0000
1781232533,58.2,2400000,0xe0000
1781232534,58.7,2400000,0xe0000
1781232535,58.2,2400000,0xe0000
1781232536,58.7,2400000,0xe0000
1781232537,57.6,2400000,0xe0000
1781232538,57.6,2400000,0xe0000
1781232539,58.2,2400000,0xe0000
1781232540,58.2,2400000,0xe0000
1781232541,58.2,2400000,0xe0000
1781232542,57.6,2400000,0xe0000
1781232543,58.7,2400000,0xe0000
1781232544,58.2,2400000,0xe0000
1781232545,58.2,2400000,0xe0000
1781232546,57.6,2400000,0xe0000
1781232547,57.6,2400000,0xe0000
1781232548,58.2,2400000,0xe0000
1781232549,58.2,2400000,0xe0000
1781232550,58.2,2400000,0xe0000
1781232551,58.2,2400000,0xe0000
1781232552,58.7,2400000,0xe0000
1781232553,57.6,2400000,0xe0000
1781232554,57.6,2400000,0xe0000
1781232555,57.6,2400000,0xe0000
1781232557,57.6,2400000,0xe0000
1781232558,58.2,2400000,0xe0000
1781232559,57.6,2400000,0xe0000
1781232560,58.2,2400000,0xe0000
1781232561,58.2,2400000,0xe0000
1781232562,58.2,2400000,0xe0000
1781232563,57.6,2400000,0xe0000
1781232564,58.7,2400000,0xe0000
1781232565,56.5,2400000,0xe0000
1781232566,58.2,2400000,0xe0000
1781232567,58.2,2400000,0xe0000
1781232568,58.2,2400000,0xe0000
1781232569,58.2,2400000,0xe0000
1781232570,57.6,2400000,0xe0000
1781232571,57.1,2400000,0xe0000
1781232572,58.2,2400000,0xe0000
1781232573,58.2,2400000,0xe0000
1781232574,58.2,2400000,0xe0000
1781232575,58.2,2400000,0xe0000
1781232576,58.2,2400000,0xe0000
1781232577,58.2,2400000,0xe0000
1781232578,57.6,2400000,0xe0000
1781232579,57.6,2400000,0xe0000
1781232580,58.2,2400000,0xe0000
1781232581,57.6,2400000,0xe0000
1781232582,57.6,2400000,0xe0000
1781232583,57.6,2400000,0xe0000
1781232585,58.7,2400000,0xe0000
1781232586,58.2,2400000,0xe0000
1781232587,57.6,2400000,0xe0000
1781232588,58.2,2400000,0xe0000
1781232589,57.6,2400000,0xe0000
1781232590,57.6,2400000,0xe0000
1781232591,58.2,2400000,0xe0000
1781232592,58.2,2400000,0xe0000
1781232593,58.2,2400000,0xe0000
1781232594,57.6,2400000,0xe0000
1781232595,57.6,2400000,0xe0000
1781232596,58.2,2400000,0xe0000
1781232597,58.2,2400000,0xe0000
1781232598,57.6,2400000,0xe0000
1781232599,57.6,2400000,0xe0000
1781232600,58.2,2400000,0xe0000
1781232601,57.6,2400000,0xe0000
1781232602,58.2,2400000,0xe0000
1781232603,57.6,2400000,0xe0000
1781232604,58.2,2400000,0xe0000
1781232605,58.2,2400000,0xe0000
1781232606,57.6,2400000,0xe0000
1781232608,58.7,2400000,0xe0000
1781232609,58.2,2400000,0xe0000
1781232610,58.2,2400000,0xe0000
1781232611,57.1,2400000,0xe0000
1781232612,57.6,2400000,0xe0000
1781232613,58.2,2400000,0xe0000
1781232614,57.6,2400000,0xe0000
1781232615,58.2,2400000,0xe0000
1781232616,58.2,2400000,0xe0000
1781232617,57.6,2400000,0xe0000
1781232618,58.2,2400000,0xe0000
1781232619,58.7,2400000,0xe0000
1781232620,57.1,2400000,0xe0000
1781232621,58.7,2400000,0xe0000
1781232622,57.6,2400000,0xe0000
1781232623,58.2,2400000,0xe0000
1781232624,58.2,2400000,0xe0000
1781232625,57.6,2400000,0xe0000
1781232626,57.6,2400000,0xe0000
1781232628,58.2,2400000,0xe0000
1781232629,58.2,2400000,0xe0000
1781232630,57.6,2400000,0xe0000
1781232631,58.2,2400000,0xe0000
1781232632,57.6,2400000,0xe0000
1781232633,58.2,2400000,0xe0000
1781232634,58.2,2400000,0xe0000
1781232635,58.2,2400000,0xe0000
1781232636,56.5,2400000,0xe0000
1781232637,57.6,2400000,0xe0000
1781232638,58.2,2400000,0xe0000
1781232639,57.6,2400000,0xe0000
