1781240205,53.8,2400000,0xe0000
1781240206,53.2,2400000,0xe0000
1781240207,53.8,2400000,0xe0000
1781240208,53.8,2400000,0xe0000
1781240209,54.3,2400000,0xe0000
1781240210,54.9,2400000,0xe0000
1781240211,54.3,2400000,0xe0000
1781240212,54.9,2400000,0xe0000
1781240213,54.3,2400000,0xe0000
1781240215,54.9,2400000,0xe0000
1781240216,54.9,2400000,0xe0000
1781240217,54.9,2400000,0xe0000
1781240218,54.9,2400000,0xe0000
1781240219,54.9,2400000,0xe0000
1781240220,54.9,2400000,0xe0000
1781240221,54.9,2400000,0xe0000
1781240222,54.9,2400000,0xe0000
1781240223,55.4,2400000,0xe0000
1781240224,54.9,2400000,0xe0000
1781240225,54.9,2400000,0xe0000
1781240226,54.9,2400000,0xe0000
1781240227,54.9,2400000,0xe0000
1781240228,55.4,2400000,0xe0000
1781240229,54.9,2400000,0xe0000
1781240230,55.4,2400000,0xe0000
1781240231,54.9,2400000,0xe0000
1781240232,54.9,2400000,0xe0000
1781240233,55.4,2400000,0xe0000
1781240234,55.4,2400000,0xe0000
1781240235,54.3,2400000,0xe0000
1781240237,56.0,2400000,0xe0000
1781240238,55.4,2400000,0xe0000
1781240239,55.4,2400000,0xe0000
1781240240,55.4,2400000,0xe0000
1781240241,55.4,2400000,0xe0000
1781240242,55.4,2400000,0xe0000
1781240243,55.4,2400000,0xe0000
1781240244,56.0,2400000,0xe0000
1781240245,54.9,2400000,0xe0000
1781240246,56.0,2400000,0xe0000
1781240247,54.9,2400000,0xe0000
1781240248,56.0,2400000,0xe0000
1781240249,56.0,2400000,0xe0000
1781240250,55.4,2400000,0xe0000
1781240251,55.4,2400000,0xe0000
1781240252,55.4,2400000,0xe0000
1781240253,56.0,2400000,0xe0000
1781240254,56.0,2400000,0xe0000
1781240255,54.9,2400000,0xe0000
1781240256,56.0,2400000,0xe0000
1781240257,56.0,2400000,0xe0000
1781240258,55.4,2400000,0xe0000
1781240259,55.4,2400000,0xe0000
1781240260,55.4,2400000,0xe0000
1781240261,55.4,2400000,0xe0000
1781240263,56.5,2400000,0xe0000
1781240264,55.4,2400000,0xe0000
1781240265,55.4,2400000,0xe0000
1781240266,56.0,2400000,0xe0000
1781240267,56.0,2400000,0xe0000
1781240268,56.5,2400000,0xe0000
1781240269,56.0,2400000,0xe0000
1781240270,55.4,2400000,0xe0000
1781240271,56.5,2400000,0xe0000
1781240272,56.5,2400000,0xe0000
1781240273,56.0,2400000,0xe0000
1781240274,56.0,2400000,0xe0000
1781240275,56.0,2400000,0xe0000
1781240276,55.4,2400000,0xe0000
1781240277,56.0,2400000,0xe0000
1781240278,56.5,2400000,0xe0000
1781240279,56.0,2400000,0xe0000
1781240280,56.0,2400000,0xe0000
1781240281,55.4,2400000,0xe0000
1781240282,55.4,2400000,0xe0000
1781240283,56.0,2400000,0xe0000
1781240284,56.5,2400000,0xe0000
1781240285,56.0,2400000,0xe0000
1781240286,56.5,2400000,0xe0000
1781240287,56.5,2400000,0xe0000
1781240288,56.5,2400000,0xe0000
1781240289,55.4,2400000,0xe0000
1781240290,56.5,2400000,0xe0000
1781240291,57.1,2400000,0xe0000
1781240292,56.5,2400000,0xe0000
1781240293,56.5,2400000,0xe0000
1781240294,56.5,2400000,0xe0000
1781240296,55.4,2400000,0xe0000
1781240297,57.1,2400000,0xe0000
1781240298,56.0,2400000,0xe0000
1781240299,57.1,2400000,0xe0000
1781240300,56.0,2400000,0xe0000
1781240301,57.1,2400000,0xe0000
1781240302,56.5,2400000,0xe0000
1781240303,56.5,2400000,0xe0000
1781240304,56.0,2400000,0xe0000
1781240305,56.0,2400000,0xe0000
1781240306,56.0,2400000,0xe0000
1781240307,56.5,2400000,0xe0000
1781240308,56.5,2400000,0xe0000
1781240309,56.5,2400000,0xe0000
1781240310,56.5,2400000,0xe0000
1781240311,56.0,2400000,0xe0000
1781240312,57.1,2400000,0xe0000
1781240313,56.5,2400000,0xe0000
1781240314,55.4,2400000,0xe0000
1781240315,56.0,2400000,0xe0000
1781240316,56.5,2400000,0xe0000
1781240317,57.1,2400000,0xe0000
1781240318,56.5,2400000,0xe0000
1781240320,57.1,2400000,0xe0000
1781240321,56.5,2400000,0xe0000
1781240322,56.5,2400000,0xe0000
1781240323,57.1,2400000,0xe0000
1781240324,56.5,2400000,0xe0000
1781240325,57.1,2400000,0xe0000
1781240326,57.1,2400000,0xe0000
1781240327,57.1,2400000,0xe0000
1781240328,56.5,2400000,0xe0000
1781240329,56.5,2400000,0xe0000
1781240330,56.5,2400000,0xe0000
1781240331,56.5,2400000,0xe0000
1781240332,56.0,2400000,0xe0000
1781240333,57.1,2400000,0xe0000
1781240334,56.5,2400000,0xe0000
1781240335,56.5,2400000,0xe0000
1781240336,56.5,2400000,0xe0000
1781240337,57.1,2400000,0xe0000
1781240338,56.5,2400000,0xe0000
1781240339,56.5,2400000,0xe0000
1781240340,56.5,2400000,0xe0000
1781240341,57.1,2400000,0xe0000
1781240342,57.1,2400000,0xe0000
1781240344,56.5,2400000,0xe0000
1781240345,56.5,2400000,0xe0000
1781240346,57.1,2400000,0xe0000
1781240347,56.5,2400000,0xe0000
1781240348,57.1,2400000,0xe0000
1781240349,56.5,2400000,0xe0000
1781240350,57.1,2400000,0xe0000
1781240351,57.1,2400000,0xe0000
1781240352,57.6,2400000,0xe0000
1781240353,57.1,2400000,0xe0000
1781240354,56.5,2400000,0xe0000
1781240355,57.1,2400000,0xe0000
1781240356,56.5,2400000,0xe0000
1781240357,57.1,2400000,0xe0000
1781240358,56.0,2400000,0xe0000
1781240359,56.5,2400000,0xe0000
1781240360,57.1,2400000,0xe0000
1781240361,56.5,2400000,0xe0000
1781240362,56.5,2400000,0xe0000
1781240363,57.1,2400000,0xe0000
1781240364,56.5,2400000,0xe0000
1781240365,56.5,2400000,0xe0000
1781240366,57.1,2400000,0xe0000
1781240367,57.1,2400000,0xe0000
1781240369,57.1,2400000,0xe0000
1781240370,56.5,2400000,0xe0000
1781240371,56.0,2400000,0xe0000
1781240372,57.1,2400000,0xe0000
1781240373,57.1,2400000,0xe0000
1781240374,56.5,2400000,0xe0000
1781240375,56.5,2400000,0xe0000
1781240376,57.1,2400000,0xe0000
1781240377,57.1,2400000,0xe0000
1781240378,57.1,2400000,0xe0000
1781240379,57.1,2400000,0xe0000
1781240380,57.1,2400000,0xe0000
1781240381,57.1,2400000,0xe0000
1781240382,57.1,2400000,0xe0000
1781240383,57.6,2400000,0xe0000
1781240384,57.1,2400000,0xe0000
1781240385,57.1,2400000,0xe0000
1781240386,56.5,2400000,0xe0000
1781240387,57.1,2400000,0xe0000
1781240388,57.1,2400000,0xe0000
1781240389,57.1,2400000,0xe0000
1781240390,57.1,2400000,0xe0000
1781240392,57.1,2400000,0xe0000
1781240393,57.1,2400000,0xe0000
1781240394,57.1,2400000,0xe0000
1781240395,57.1,2400000,0xe0000
1781240396,57.1,2400000,0xe0000
1781240397,57.1,2400000,0xe0000
1781240398,57.1,2400000,0xe0000
1781240399,57.1,2400000,0xe0000
1781240400,57.6,2400000,0xe0000
1781240401,57.6,2400000,0xe0000
1781240402,57.1,2400000,0xe0000
1781240403,57.1,2400000,0xe0000
1781240404,57.1,2400000,0xe0000
1781240405,57.1,2400000,0xe0000
1781240406,57.1,2400000,0xe0000
1781240407,57.1,2400000,0xe0000
1781240408,56.5,2400000,0xe0000
1781240409,57.1,2400000,0xe0000
1781240410,57.1,2400000,0xe0000
1781240411,57.1,2400000,0xe0000
1781240412,57.1,2400000,0xe0000
1781240413,57.6,2400000,0xe0000
1781240414,57.6,2400000,0xe0000
1781240415,56.5,2400000,0xe0000
1781240416,57.6,2400000,0xe0000
1781240417,57.6,2400000,0xe0000
1781240419,58.2,2400000,0xe0000
1781240420,57.1,2400000,0xe0000
1781240421,57.1,2400000,0xe0000
1781240422,57.6,2400000,0xe0000
1781240423,57.6,2400000,0xe0000
1781240424,57.1,2400000,0xe0000
1781240425,57.1,2400000,0xe0000
1781240426,57.6,2400000,0xe0000
1781240427,57.6,2400000,0xe0000
1781240428,57.6,2400000,0xe0000
1781240429,57.1,2400000,0xe0000
1781240430,57.6,2400000,0xe0000
1781240431,56.5,2400000,0xe0000
1781240432,58.2,2400000,0xe0000
1781240433,57.1,2400000,0xe0000
1781240434,57.1,2400000,0xe0000
1781240435,57.1,2400000,0xe0000
1781240436,56.5,2400000,0xe0000
1781240437,57.1,2400000,0xe0000
1781240438,57.6,2400000,0xe0000
1781240439,57.1,2400000,0xe0000
1781240440,57.6,2400000,0xe0000
1781240442,57.6,2400000,0xe0000
1781240443,57.6,2400000,0xe0000
1781240444,57.6,2400000,0xe0000
1781240445,57.6,2400000,0xe0000
1781240446,57.1,2400000,0xe0000
1781240447,57.6,2400000,0xe0000
1781240448,57.6,2400000,0xe0000
1781240449,57.6,2400000,0xe0000
1781240450,57.6,2400000,0xe0000
1781240451,57.1,2400000,0xe0000
1781240452,57.6,2400000,0xe0000
1781240453,57.6,2400000,0xe0000
1781240454,57.6,2400000,0xe0000
1781240455,56.5,2400000,0xe0000
1781240456,57.1,2400000,0xe0000
1781240457,57.6,2400000,0xe0000
1781240458,57.1,2400000,0xe0000
1781240459,57.1,2400000,0xe0000
1781240460,58.2,2400000,0xe0000
1781240461,57.1,2400000,0xe0000
1781240462,57.6,2400000,0xe0000
1781240463,57.6,2400000,0xe0000
1781240464,57.6,2400000,0xe0000
1781240465,57.6,2400000,0xe0000
1781240466,58.2,2400000,0xe0000
1781240467,57.6,2400000,0xe0000
1781240468,57.6,2400000,0xe0000
1781240469,57.1,2400000,0xe0000
1781240470,57.1,2400000,0xe0000
1781240471,57.6,2400000,0xe0000
1781240472,57.1,2400000,0xe0000
1781240473,57.1,2400000,0xe0000
1781240474,56.0,2400000,0xe0000
1781240476,57.6,2400000,0xe0000
1781240477,57.1,2400000,0xe0000
1781240478,57.6,2400000,0xe0000
1781240479,57.1,2400000,0xe0000
1781240480,57.6,2400000,0xe0000
1781240481,57.6,2400000,0xe0000
1781240482,56.5,2400000,0xe0000
1781240483,57.1,2400000,0xe0000
1781240484,57.6,2400000,0xe0000
1781240485,57.1,2400000,0xe0000
1781240486,57.6,2400000,0xe0000
1781240487,57.6,2400000,0xe0000
1781240488,57.6,2400000,0xe0000
1781240489,57.1,2400000,0xe0000
1781240490,57.6,2400000,0xe0000
1781240491,57.6,2400000,0xe0000
1781240492,57.1,2400000,0xe0000
1781240493,57.1,2400000,0xe0000
1781240494,58.2,2400000,0xe0000
1781240495,57.6,2400000,0xe0000
1781240496,57.1,2400000,0xe0000
1781240497,57.6,2400000,0xe0000
1781240498,57.1,2400000,0xe0000
1781240499,58.2,2400000,0xe0000
1781240500,57.6,2400000,0xe0000
1781240501,57.1,2400000,0xe0000
1781240502,58.2,2400000,0xe0000
1781240504,57.6,2400000,0xe0000
1781240505,57.6,2400000,0xe0000
1781240506,57.6,2400000,0xe0000
1781240507,58.2,2400000,0xe0000
1781240508,57.1,2400000,0xe0000
1781240509,57.6,2400000,0xe0000
1781240510,57.6,2400000,0xe0000
1781240511,56.5,2400000,0xe0000
1781240512,57.6,2400000,0xe0000
1781240513,57.1,2400000,0xe0000
1781240514,57.6,2400000,0xe0000
1781240515,57.1,2400000,0xe0000
1781240516,57.6,2400000,0xe0000
1781240517,57.1,2400000,0xe0000
1781240518,58.2,2400000,0xe0000
1781240519,57.6,2400000,0xe0000
1781240520,57.6,2400000,0xe0000
1781240521,57.1,2400000,0xe0000
1781240522,57.6,2400000,0xe0000
1781240523,57.6,2400000,0xe0000
1781240524,58.2,2400000,0xe0000
1781240525,57.6,2400000,0xe0000
1781240526,58.2,2400000,0xe0000
1781240528,58.2,2400000,0xe0000
1781240529,58.2,2400000,0xe0000
1781240530,57.6,2400000,0xe0000
1781240531,57.6,2400000,0xe0000
1781240532,58.2,2400000,0xe0000
1781240533,57.6,2400000,0xe0000
1781240534,57.6,2400000,0xe0000
1781240535,58.2,2400000,0xe0000
1781240536,57.6,2400000,0xe0000
1781240537,58.2,2400000,0xe0000
1781240538,57.1,2400000,0xe0000
1781240539,58.2,2400000,0xe0000
1781240540,57.6,2400000,0xe0000
1781240541,57.1,2400000,0xe0000
1781240542,57.6,2400000,0xe0000
1781240543,57.6,2400000,0xe0000
1781240544,57.6,2400000,0xe0000
1781240545,57.6,2400000,0xe0000
1781240546,57.6,2400000,0xe0000
1781240547,58.2,2400000,0xe0000
1781240548,57.1,2400000,0xe0000
1781240549,57.6,2400000,0xe0000
1781240550,57.6,2400000,0xe0000
1781240551,58.2,2400000,0xe0000
1781240552,57.6,2400000,0xe0000
1781240553,57.6,2400000,0xe0000
1781240554,58.2,2400000,0xe0000
1781240556,57.6,2400000,0xe0000
1781240557,57.6,2400000,0xe0000
1781240558,57.6,2400000,0xe0000
1781240559,58.2,2400000,0xe0000
1781240560,57.6,2400000,0xe0000
1781240561,58.2,2400000,0xe0000
1781240562,58.2,2400000,0xe0000
1781240563,57.6,2400000,0xe0000
1781240564,58.2,2400000,0xe0000
1781240565,57.6,2400000,0xe0000
1781240566,57.6,2400000,0xe0000
1781240567,57.6,2400000,0xe0000
1781240568,57.6,2400000,0xe0000
1781240569,58.2,2400000,0xe0000
1781240570,58.2,2400000,0xe0000
1781240571,58.2,2400000,0xe0000
1781240572,57.6,2400000,0xe0000
1781240573,57.6,2400000,0xe0000
1781240574,58.2,2400000,0xe0000
1781240575,57.6,2400000,0xe0000
1781240576,57.6,2400000,0xe0000
1781240577,57.6,2400000,0xe0000
1781240578,57.6,2400000,0xe0000
1781240579,57.6,2400000,0xe0000
1781240580,57.6,2400000,0xe0000
1781240581,58.2,2400000,0xe0000
1781240582,57.6,2400000,0xe0000
1781240583,57.6,2400000,0xe0000
1781240584,57.6,2400000,0xe0000
1781240585,58.2,2400000,0xe0000
1781240586,58.2,2400000,0xe0000
1781240588,57.6,2400000,0xe0000
1781240589,57.6,2400000,0xe0000
1781240590,58.2,2400000,0xe0000
1781240591,57.6,2400000,0xe0000
1781240592,57.6,2400000,0xe0000
1781240593,57.6,2400000,0xe0000
1781240594,58.2,2400000,0xe0000
1781240595,57.1,2400000,0xe0000
1781240596,57.6,2400000,0xe0000
1781240597,58.2,2400000,0xe0000
1781240598,58.2,2400000,0xe0000
1781240599,58.2,2400000,0xe0000
1781240600,57.1,2400000,0xe0000
1781240601,57.6,2400000,0xe0000
1781240602,57.6,2400000,0xe0000
1781240603,57.1,2400000,0xe0000
1781240604,57.6,2400000,0xe0000
1781240605,57.6,2400000,0xe0000
1781240606,58.2,2400000,0xe0000
1781240607,58.2,2400000,0xe0000
1781240608,58.2,2400000,0xe0000
1781240609,58.2,2400000,0xe0000
1781240610,57.6,2400000,0xe0000
1781240611,57.6,2400000,0xe0000
1781240612,58.2,2400000,0xe0000
1781240613,58.7,2400000,0xe0000
1781240614,56.5,2400000,0xe0000
1781240615,57.6,2400000,0xe0000
1781240616,57.6,2400000,0xe0000
1781240617,58.2,2400000,0xe0000
1781240619,57.6,2400000,0xe0000
1781240620,57.6,2400000,0xe0000
1781240621,57.6,2400000,0xe0000
1781240622,57.6,2400000,0xe0000
1781240623,57.6,2400000,0xe0000
1781240624,57.6,2400000,0xe0000
1781240625,57.6,2400000,0xe0000
1781240626,58.2,2400000,0xe0000
1781240627,57.6,2400000,0xe0000
1781240628,57.6,2400000,0xe0000
1781240629,58.2,2400000,0xe0000
1781240630,57.1,2400000,0xe0000
1781240631,57.6,2400000,0xe0000
1781240632,57.6,2400000,0xe0000
1781240633,57.6,2400000,0xe0000
1781240634,58.2,2400000,0xe0000
1781240635,58.2,2400000,0xe0000
1781240637,57.1,2400000,0xe0000
1781240638,57.6,2400000,0xe0000
1781240639,57.6,2400000,0xe0000
1781240640,57.6,2400000,0xe0000
1781240641,57.6,2400000,0xe0000
1781240642,58.2,2400000,0xe0000
1781240643,58.2,2400000,0xe0000
1781240644,58.2,2400000,0xe0000
1781240645,57.6,2400000,0xe0000
1781240646,57.1,2400000,0xe0000
1781240647,57.6,2400000,0xe0000
1781240648,58.2,2400000,0xe0000
1781240649,57.6,2400000,0xe0000
1781240650,58.7,2400000,0xe0000
1781240651,57.6,2400000,0xe0000
1781240652,57.6,2400000,0xe0000
1781240653,58.2,2400000,0xe0000
1781240654,57.6,2400000,0xe0000
1781240655,57.6,2400000,0xe0000
1781240656,57.6,2400000,0xe0000
1781240657,57.1,2400000,0xe0000
1781240658,58.2,2400000,0xe0000
1781240659,57.6,2400000,0xe0000
1781240660,57.6,2400000,0xe0000
1781240661,57.6,2400000,0xe0000
1781240663,57.6,2400000,0xe0000
1781240664,58.2,2400000,0xe0000
1781240665,58.2,2400000,0xe0000
1781240666,58.2,2400000,0xe0000
1781240667,58.2,2400000,0xe0000
1781240668,58.2,2400000,0xe0000
1781240669,58.2,2400000,0xe0000
1781240670,57.6,2400000,0xe0000
1781240671,58.7,2400000,0xe0000
1781240672,58.2,2400000,0xe0000
1781240673,57.6,2400000,0xe0000
1781240674,57.6,2400000,0xe0000
1781240675,58.2,2400000,0xe0000
1781240676,57.6,2400000,0xe0000
1781240677,58.2,2400000,0xe0000
1781240678,58.2,2400000,0xe0000
1781240679,58.2,2400000,0xe0000
1781240680,57.1,2400000,0xe0000
1781240681,57.6,2400000,0xe0000
1781240683,57.6,2400000,0xe0000
1781240684,57.6,2400000,0xe0000
1781240685,56.5,2400000,0xe0000
1781240686,58.7,2400000,0xe0000
1781240687,57.6,2400000,0xe0000
1781240688,58.7,2400000,0xe0000
1781240689,57.6,2400000,0xe0000
1781240690,57.6,2400000,0xe0000
1781240691,58.2,2400000,0xe0000
1781240692,57.6,2400000,0xe0000
1781240693,57.6,2400000,0xe0000
1781240694,57.6,2400000,0xe0000
1781240695,57.6,2400000,0xe0000
1781240696,58.2,2400000,0xe0000
1781240697,58.2,2400000,0xe0000
1781240698,58.2,2400000,0xe0000
1781240699,57.6,2400000,0xe0000
1781240700,58.2,2400000,0xe0000
1781240701,58.2,2400000,0xe0000
1781240703,58.2,2400000,0xe0000
1781240704,57.1,2400000,0xe0000
1781240705,57.6,2400000,0xe0000
1781240706,58.7,2400000,0xe0000
1781240707,58.2,2400000,0xe0000
1781240708,58.2,2400000,0xe0000
1781240709,57.6,2400000,0xe0000
1781240710,58.2,2400000,0xe0000
1781240711,57.6,2400000,0xe0000
1781240712,58.2,2400000,0xe0000
1781240713,58.2,2400000,0xe0000
1781240714,58.2,2400000,0xe0000
1781240715,58.2,2400000,0xe0000
1781240716,57.6,2400000,0xe0000
1781240717,58.7,2400000,0xe0000
1781240718,58.2,2400000,0xe0000
1781240719,58.2,2400000,0xe0000
1781240720,58.2,2400000,0xe0000
1781240721,57.1,2400000,0xe0000
1781240722,58.2,2400000,0xe0000
1781240723,58.2,2400000,0xe0000
1781240724,58.2,2400000,0xe0000
1781240726,57.6,2400000,0xe0000
1781240727,58.2,2400000,0xe0000
1781240728,57.1,2400000,0xe0000
1781240729,58.2,2400000,0xe0000
1781240730,57.1,2400000,0xe0000
1781240731,58.2,2400000,0xe0000
1781240732,58.2,2400000,0xe0000
1781240733,57.6,2400000,0xe0000
1781240734,57.6,2400000,0xe0000
1781240735,57.6,2400000,0xe0000
1781240736,58.2,2400000,0xe0000
1781240737,57.6,2400000,0xe0000
1781240738,58.2,2400000,0xe0000
1781240739,57.6,2400000,0xe0000
1781240740,57.6,2400000,0xe0000
1781240741,57.6,2400000,0xe0000
1781240742,58.2,2400000,0xe0000
1781240743,58.2,2400000,0xe0000
1781240744,57.6,2400000,0xe0000
1781240745,57.6,2400000,0xe0000
1781240746,57.6,2400000,0xe0000
1781240747,57.6,2400000,0xe0000
1781240748,58.2,2400000,0xe0000
1781240749,58.2,2400000,0xe0000
1781240750,57.6,2400000,0xe0000
1781240751,58.2,2400000,0xe0000
1781240752,56.5,2400000,0xe0000
1781240753,57.1,2400000,0xe0000
1781240755,57.6,2400000,0xe0000
1781240756,58.2,2400000,0xe0000
1781240757,57.6,2400000,0xe0000
1781240758,57.6,2400000,0xe0000
1781240759,58.2,2400000,0xe0000
1781240760,57.1,2400000,0xe0000
1781240761,58.2,2400000,0xe0000
1781240762,57.6,2400000,0xe0000
1781240763,57.6,2400000,0xe0000
1781240764,56.5,2400000,0xe0000
1781240765,58.7,2400000,0xe0000
1781240766,58.2,2400000,0xe0000
1781240767,57.6,2400000,0xe0000
1781240768,57.1,2400000,0xe0000
1781240769,57.6,2400000,0xe0000
1781240770,57.6,2400000,0xe0000
1781240771,57.6,2400000,0xe0000
1781240772,58.7,2400000,0xe0000
1781240773,58.2,2400000,0xe0000
1781240774,58.2,2400000,0xe0000
1781240776,58.7,2400000,0xe0000
1781240777,57.6,2400000,0xe0000
1781240778,57.6,2400000,0xe0000
1781240779,58.2,2400000,0xe0000
1781240780,57.6,2400000,0xe0000
1781240781,58.2,2400000,0xe0000
1781240782,58.2,2400000,0xe0000
1781240783,58.2,2400000,0xe0000
1781240784,57.6,2400000,0xe0000
1781240785,57.1,2400000,0xe0000
1781240786,57.6,2400000,0xe0000
1781240787,58.7,2400000,0xe0000
1781240788,57.6,2400000,0xe0000
1781240789,57.6,2400000,0xe0000
1781240790,57.6,2400000,0xe0000
1781240791,58.2,2400000,0xe0000
1781240792,58.2,2400000,0xe0000
1781240793,58.2,2400000,0xe0000
1781240794,57.6,2400000,0xe0000
1781240795,56.5,2400000,0xe0000
1781240796,58.2,2400000,0xe0000
1781240797,58.7,2400000,0xe0000
1781240798,58.2,2400000,0xe0000
1781240800,58.2,2400000,0xe0000
1781240801,57.6,2400000,0xe0000
1781240802,57.6,2400000,0xe0000
1781240803,57.1,2400000,0xe0000
1781240804,58.2,2400000,0xe0000
1781240805,58.2,2400000,0xe0000
1781240806,57.1,2400000,0xe0000
1781240807,58.2,2400000,0xe0000
1781240808,58.2,2400000,0xe0000
1781240809,57.1,2400000,0xe0000
1781240810,57.6,2400000,0xe0000
1781240811,58.2,2400000,0xe0000
1781240812,57.6,2400000,0xe0000
1781240813,58.7,2400000,0xe0000
1781240814,58.2,2400000,0xe0000
1781240815,58.7,2400000,0xe0000
1781240816,58.2,2400000,0xe0000
1781240817,58.2,2400000,0xe0000
1781240818,58.7,2400000,0xe0000
1781240819,58.2,2400000,0xe0000
1781240821,58.2,2400000,0xe0000
1781240822,58.2,2400000,0xe0000
1781240823,57.6,2400000,0xe0000
1781240824,57.6,2400000,0xe0000
1781240825,57.6,2400000,0xe0000
1781240826,58.2,2400000,0xe0000
1781240827,58.7,2400000,0xe0000
1781240828,58.2,2400000,0xe0000
1781240829,58.2,2400000,0xe0000
1781240830,57.6,2400000,0xe0000
1781240831,58.7,2400000,0xe0000
1781240832,58.2,2400000,0xe0000
1781240833,58.2,2400000,0xe0000
1781240834,57.6,2400000,0xe0000
1781240835,58.7,2400000,0xe0000
1781240836,58.2,2400000,0xe0000
1781240837,57.6,2400000,0xe0000
1781240838,58.7,2400000,0xe0000
1781240839,58.2,2400000,0xe0000
1781240840,58.2,2400000,0xe0000
1781240841,58.2,2400000,0xe0000
1781240842,57.6,2400000,0xe0000
1781240843,58.2,2400000,0xe0000
1781240844,57.6,2400000,0xe0000
1781240845,58.2,2400000,0xe0000
1781240846,58.2,2400000,0xe0000
1781240847,58.2,2400000,0xe0000
1781240849,58.2,2400000,0xe0000
1781240850,58.7,2400000,0xe0000
1781240851,58.2,2400000,0xe0000
1781240852,57.6,2400000,0xe0000
1781240853,57.1,2400000,0xe0000
1781240854,58.2,2400000,0xe0000
1781240855,58.2,2400000,0xe0000
1781240856,57.6,2400000,0xe0000
1781240857,58.2,2400000,0xe0000
1781240858,58.2,2400000,0xe0000
1781240859,58.7,2400000,0xe0000
1781240860,58.7,2400000,0xe0000
1781240861,57.6,2400000,0xe0000
1781240862,58.2,2400000,0xe0000
1781240863,58.2,2400000,0xe0000
1781240864,58.2,2400000,0xe0000
1781240865,58.7,2400000,0xe0000
1781240866,58.2,2400000,0xe0000
1781240867,58.7,2400000,0xe0000
1781240868,57.6,2400000,0xe0000
1781240869,58.2,2400000,0xe0000
1781240870,57.6,2400000,0xe0000
1781240871,58.2,2400000,0xe0000
1781240872,57.6,2400000,0xe0000
1781240873,56.5,2400000,0xe0000
1781240874,58.2,2400000,0xe0000
1781240875,57.6,2400000,0xe0000
1781240877,58.2,2400000,0xe0000
1781240878,58.2,2400000,0xe0000
1781240879,57.6,2400000,0xe0000
1781240880,58.2,2400000,0xe0000
1781240881,58.2,2400000,0xe0000
1781240882,58.2,2400000,0xe0000
1781240883,58.2,2400000,0xe0000
1781240884,58.2,2400000,0xe0000
1781240885,58.2,2400000,0xe0000
1781240886,58.2,2400000,0xe0000
1781240887,58.2,2400000,0xe0000
1781240888,57.6,2400000,0xe0000
1781240889,58.2,2400000,0xe0000
1781240890,57.6,2400000,0xe0000
1781240891,58.7,2400000,0xe0000
1781240892,58.2,2400000,0xe0000
1781240893,58.2,2400000,0xe0000
1781240894,57.6,2400000,0xe0000
1781240895,58.7,2400000,0xe0000
1781240896,58.2,2400000,0xe0000
1781240897,57.6,2400000,0xe0000
1781240898,58.2,2400000,0xe0000
1781240899,58.7,2400000,0xe0000
1781240901,58.2,2400000,0xe0000
1781240902,58.2,2400000,0xe0000
1781240903,58.2,2400000,0xe0000
1781240904,58.2,2400000,0xe0000
1781240905,58.2,2400000,0xe0000
1781240906,57.1,2400000,0xe0000
1781240907,58.2,2400000,0xe0000
1781240908,58.2,2400000,0xe0000
1781240909,57.6,2400000,0xe0000
1781240910,57.6,2400000,0xe0000
1781240911,58.2,2400000,0xe0000
1781240912,58.2,2400000,0xe0000
1781240913,57.6,2400000,0xe0000
1781240914,57.1,2400000,0xe0000
1781240915,57.6,2400000,0xe0000
1781240916,57.6,2400000,0xe0000
1781240917,57.6,2400000,0xe0000
1781240918,58.2,2400000,0xe0000
1781240919,57.6,2400000,0xe0000
1781240920,58.2,2400000,0xe0000
1781240921,57.6,2400000,0xe0000
1781240922,58.2,2400000,0xe0000
1781240923,58.2,2400000,0xe0000
1781240925,58.7,2400000,0xe0000
1781240926,57.1,2400000,0xe0000
1781240927,58.2,2400000,0xe0000
1781240928,58.2,2400000,0xe0000
1781240929,58.7,2400000,0xe0000
1781240930,58.2,2400000,0xe0000
1781240931,58.2,2400000,0xe0000
1781240932,57.6,2400000,0xe0000
1781240933,57.1,2400000,0xe0000
1781240934,58.2,2400000,0xe0000
1781240935,57.6,2400000,0xe0000
1781240936,58.2,2400000,0xe0000
1781240937,58.2,2400000,0xe0000
1781240938,58.2,2400000,0xe0000
1781240939,58.7,2400000,0xe0000
1781240940,58.2,2400000,0xe0000
1781240941,58.2,2400000,0xe0000
1781240942,58.2,2400000,0xe0000
1781240944,58.2,2400000,0xe0000
1781240945,58.2,2400000,0xe0000
1781240946,58.2,2400000,0xe0000
1781240947,58.2,2400000,0xe0000
1781240948,57.1,2400000,0xe0000
1781240949,57.6,2400000,0xe0000
1781240950,57.6,2400000,0xe0000
1781240951,58.7,2400000,0xe0000
1781240952,57.6,2400000,0xe0000
1781240953,57.6,2400000,0xe0000
1781240954,57.6,2400000,0xe0000
1781240955,58.7,2400000,0xe0000
1781240956,58.2,2400000,0xe0000
1781240957,58.2,2400000,0xe0000
1781240958,58.2,2400000,0xe0000
1781240959,57.6,2400000,0xe0000
1781240960,58.7,2400000,0xe0000
1781240961,56.5,2400000,0xe0000
1781240962,58.2,2400000,0xe0000
1781240963,58.2,2400000,0xe0000
1781240964,57.6,2400000,0xe0000
1781240965,57.6,2400000,0xe0000
1781240966,57.6,2400000,0xe0000
1781240967,58.2,2400000,0xe0000
1781240968,58.2,2400000,0xe0000
1781240969,57.6,2400000,0xe0000
1781240970,58.2,2400000,0xe0000
1781240972,58.2,2400000,0xe0000
1781240973,57.6,2400000,0xe0000
1781240974,57.6,2400000,0xe0000
1781240975,57.1,2400000,0xe0000
1781240976,58.7,2400000,0xe0000
1781240977,58.7,2400000,0xe0000
1781240978,58.2,2400000,0xe0000
1781240979,58.7,2400000,0xe0000
1781240980,58.2,2400000,0xe0000
1781240981,58.7,2400000,0xe0000
1781240982,58.2,2400000,0xe0000
1781240983,58.2,2400000,0xe0000
1781240984,58.2,2400000,0xe0000
1781240985,57.6,2400000,0xe0000
1781240986,57.6,2400000,0xe0000
1781240987,57.1,2400000,0xe0000
1781240988,58.2,2400000,0xe0000
1781240989,58.2,2400000,0xe0000
1781240990,58.7,2400000,0xe0000
1781240991,57.6,2400000,0xe0000
1781240992,58.2,2400000,0xe0000
1781240993,57.6,2400000,0xe0000
1781240995,57.6,2400000,0xe0000
1781240996,58.2,2400000,0xe0000
1781240997,57.6,2400000,0xe0000
1781240998,58.7,2400000,0xe0000
1781240999,57.6,2400000,0xe0000
1781241000,57.6,2400000,0xe0000
1781241001,58.2,2400000,0xe0000
1781241002,58.2,2400000,0xe0000
1781241003,57.6,2400000,0xe0000
1781241004,57.6,2400000,0xe0000
1781241005,58.2,2400000,0xe0000
1781241006,57.6,2400000,0xe0000
1781241007,57.6,2400000,0xe0000
1781241008,58.2,2400000,0xe0000
1781241009,58.7,2400000,0xe0000
1781241010,58.2,2400000,0xe0000
1781241011,58.2,2400000,0xe0000
1781241012,58.7,2400000,0xe0000
1781241013,57.6,2400000,0xe0000
1781241014,57.6,2400000,0xe0000
1781241015,58.7,2400000,0xe0000
1781241016,58.2,2400000,0xe0000
1781241017,57.6,2400000,0xe0000
1781241018,58.7,2400000,0xe0000
1781241019,58.2,2400000,0xe0000
1781241021,58.2,2400000,0xe0000
1781241022,58.2,2400000,0xe0000
1781241023,58.2,2400000,0xe0000
1781241024,58.2,2400000,0xe0000
1781241025,57.6,2400000,0xe0000
1781241026,57.6,2400000,0xe0000
1781241027,58.2,2400000,0xe0000
1781241028,57.6,2400000,0xe0000
1781241029,57.6,2400000,0xe0000
1781241030,58.2,2400000,0xe0000
1781241031,58.7,2400000,0xe0000
1781241032,58.2,2400000,0xe0000
1781241033,58.2,2400000,0xe0000
1781241034,58.2,2400000,0xe0000
1781241035,58.2,2400000,0xe0000
1781241036,58.2,2400000,0xe0000
1781241037,58.7,2400000,0xe0000
1781241038,57.6,2400000,0xe0000
1781241039,58.7,2400000,0xe0000
1781241040,58.2,2400000,0xe0000
1781241041,58.2,2400000,0xe0000
1781241042,58.2,2400000,0xe0000
1781241043,58.7,2400000,0xe0000
1781241044,58.2,2400000,0xe0000
1781241045,57.6,2400000,0xe0000
1781241046,58.2,2400000,0xe0000
1781241048,58.7,2400000,0xe0000
1781241049,58.7,2400000,0xe0000
1781241050,57.6,2400000,0xe0000
1781241051,58.2,2400000,0xe0000
1781241052,58.7,2400000,0xe0000
1781241053,58.2,2400000,0xe0000
1781241054,58.2,2400000,0xe0000
1781241055,58.2,2400000,0xe0000
1781241056,58.7,2400000,0xe0000
1781241057,58.2,2400000,0xe0000
1781241058,58.2,2400000,0xe0000
1781241059,58.2,2400000,0xe0000
1781241060,58.7,2400000,0xe0000
1781241061,58.7,2400000,0xe0000
1781241062,58.2,2400000,0xe0000
1781241063,58.2,2400000,0xe0000
1781241064,58.2,2400000,0xe0000
1781241065,58.2,2400000,0xe0000
1781241066,58.2,2400000,0xe0000
1781241067,58.2,2400000,0xe0000
1781241069,57.6,2400000,0xe0000
1781241070,58.2,2400000,0xe0000
1781241071,58.2,2400000,0xe0000
1781241072,58.2,2400000,0xe0000
1781241073,57.6,2400000,0xe0000
1781241074,58.2,2400000,0xe0000
1781241075,58.2,2400000,0xe0000
1781241076,58.2,2400000,0xe0000
1781241077,58.7,2400000,0xe0000
1781241078,58.2,2400000,0xe0000
1781241079,58.2,2400000,0xe0000
1781241080,58.2,2400000,0xe0000
1781241081,58.2,2400000,0xe0000
1781241082,58.7,2400000,0xe0000
1781241083,58.7,2400000,0xe0000
1781241084,58.2,2400000,0xe0000
1781241085,58.7,2400000,0xe0000
1781241086,58.2,2400000,0xe0000
1781241087,58.2,2400000,0xe0000
1781241088,58.2,2400000,0xe0000
1781241089,58.7,2400000,0xe0000
1781241090,58.2,2400000,0xe0000
1781241091,58.7,2400000,0xe0000
1781241092,57.6,2400000,0xe0000
1781241093,58.2,2400000,0xe0000
1781241094,59.3,2400000,0xe0000
1781241095,58.2,2400000,0xe0000
1781241096,57.6,2400000,0xe0000
1781241097,58.2,2400000,0xe0000
1781241099,57.1,2400000,0xe0000
1781241100,57.6,2400000,0xe0000
1781241101,58.2,2400000,0xe0000
1781241102,58.2,2400000,0xe0000
1781241103,58.2,2400000,0xe0000
1781241104,58.2,2400000,0xe0000
1781241105,58.2,2400000,0xe0000
1781241106,58.2,2400000,0xe0000
1781241107,58.7,2400000,0xe0000
1781241108,58.2,2400000,0xe0000
1781241109,57.6,2400000,0xe0000
1781241110,58.7,2400000,0xe0000
1781241111,58.2,2400000,0xe0000
1781241112,57.6,2400000,0xe0000
1781241113,58.7,2400000,0xe0000
1781241114,58.7,2400000,0xe0000
1781241115,58.7,2400000,0xe0000
1781241116,58.2,2400000,0xe0000
1781241117,58.2,2400000,0xe0000
1781241118,58.2,2400000,0xe0000
1781241119,58.7,2400000,0xe0000
1781241120,57.1,2400000,0xe0000
1781241121,58.7,2400000,0xe0000
1781241123,58.7,2400000,0xe0000
1781241124,58.7,2400000,0xe0000
1781241125,57.6,2400000,0xe0000
1781241126,58.2,2400000,0xe0000
1781241127,58.2,2400000,0xe0000
1781241128,58.2,2400000,0xe0000
1781241129,58.2,2400000,0xe0000
1781241130,58.7,2400000,0xe0000
1781241131,57.6,2400000,0xe0000
1781241132,57.6,2400000,0xe0000
1781241133,58.2,2400000,0xe0000
1781241134,58.2,2400000,0xe0000
1781241135,57.6,2400000,0xe0000
1781241136,58.2,2400000,0xe0000
1781241137,58.7,2400000,0xe0000
1781241138,57.6,2400000,0xe0000
1781241139,58.2,2400000,0xe0000
1781241140,58.2,2400000,0xe0000
1781241141,57.1,2400000,0xe0000
1781241142,57.6,2400000,0xe0000
1781241143,58.2,2400000,0xe0000
1781241144,57.6,2400000,0xe0000
1781241145,58.7,2400000,0xe0000
1781241146,57.6,2400000,0xe0000
1781241147,58.7,2400000,0xe0000
1781241148,58.7,2400000,0xe0000
1781241149,58.7,2400000,0xe0000
1781241150,57.6,2400000,0xe0000
1781241152,57.6,2400000,0xe0000
1781241153,57.6,2400000,0xe0000
1781241154,57.6,2400000,0xe0000
1781241155,58.2,2400000,0xe0000
1781241156,58.2,2400000,0xe0000
1781241157,57.6,2400000,0xe0000
1781241158,58.2,2400000,0xe0000
1781241159,57.6,2400000,0xe0000
1781241160,57.1,2400000,0xe0000
1781241161,58.2,2400000,0xe0000
1781241162,58.2,2400000,0xe0000
1781241163,57.1,2400000,0xe0000
1781241164,58.7,2400000,0xe0000
1781241165,58.7,2400000,0xe0000
1781241166,57.6,2400000,0xe0000
1781241167,58.2,2400000,0xe0000
1781241168,58.2,2400000,0xe0000
1781241169,57.6,2400000,0xe0000
1781241170,57.6,2400000,0xe0000
1781241171,58.2,2400000,0xe0000
1781241172,58.2,2400000,0xe0000
1781241173,57.6,2400000,0xe0000
1781241174,58.2,2400000,0xe0000
1781241176,58.2,2400000,0xe0000
1781241177,58.2,2400000,0xe0000
1781241178,58.2,2400000,0xe0000
1781241179,58.2,2400000,0xe0000
1781241180,57.6,2400000,0xe0000
1781241181,58.2,2400000,0xe0000
1781241182,57.6,2400000,0xe0000
1781241183,58.2,2400000,0xe0000
1781241184,58.2,2400000,0xe0000
1781241185,58.2,2400000,0xe0000
1781241186,58.2,2400000,0xe0000
1781241187,58.7,2400000,0xe0000
1781241188,58.7,2400000,0xe0000
1781241189,57.6,2400000,0xe0000
1781241190,57.1,2400000,0xe0000
1781241191,58.7,2400000,0xe0000
1781241192,57.1,2400000,0xe0000
1781241193,58.2,2400000,0xe0000
1781241194,57.6,2400000,0xe0000
1781241195,58.2,2400000,0xe0000
1781241196,57.6,2400000,0xe0000
1781241197,59.3,2400000,0xe0000
1781241198,58.2,2400000,0xe0000
1781241199,58.2,2400000,0xe0000
1781241200,58.2,2400000,0xe0000
1781241201,58.2,2400000,0xe0000
1781241202,58.2,2400000,0xe0000
1781241203,58.7,2400000,0xe0000
1781241204,58.2,2400000,0xe0000
1781241205,58.7,2400000,0xe0000
1781241206,57.6,2400000,0xe0000
1781241208,58.7,2400000,0xe0000
1781241209,58.7,2400000,0xe0000
1781241210,58.2,2400000,0xe0000
1781241211,57.6,2400000,0xe0000
1781241212,58.2,2400000,0xe0000
1781241213,58.7,2400000,0xe0000
1781241214,57.6,2400000,0xe0000
1781241215,57.6,2400000,0xe0000
1781241216,58.2,2400000,0xe0000
1781241217,57.6,2400000,0xe0000
1781241218,57.1,2400000,0xe0000
1781241219,58.2,2400000,0xe0000
1781241220,58.2,2400000,0xe0000
1781241221,57.1,2400000,0xe0000
1781241222,58.2,2400000,0xe0000
1781241223,58.2,2400000,0xe0000
1781241224,58.2,2400000,0xe0000
1781241225,58.7,2400000,0xe0000
1781241226,58.2,2400000,0xe0000
1781241227,58.2,2400000,0xe0000
1781241228,57.6,2400000,0xe0000
1781241230,58.2,2400000,0xe0000
1781241231,58.7,2400000,0xe0000
1781241232,58.7,2400000,0xe0000
1781241233,58.2,2400000,0xe0000
1781241234,57.6,2400000,0xe0000
1781241235,58.7,2400000,0xe0000
1781241236,57.6,2400000,0xe0000
1781241237,58.7,2400000,0xe0000
1781241238,58.2,2400000,0xe0000
1781241239,58.7,2400000,0xe0000
1781241240,57.6,2400000,0xe0000
1781241241,58.7,2400000,0xe0000
1781241242,58.2,2400000,0xe0000
1781241243,58.7,2400000,0xe0000
1781241244,58.2,2400000,0xe0000
1781241245,58.7,2400000,0xe0000
1781241246,58.2,2400000,0xe0000
1781241247,58.2,2400000,0xe0000
1781241248,58.7,2400000,0xe0000
1781241249,58.2,2400000,0xe0000
1781241250,58.2,2400000,0xe0000
1781241251,57.6,2400000,0xe0000
1781241252,57.6,2400000,0xe0000
1781241253,58.7,2400000,0xe0000
1781241254,58.7,2400000,0xe0000
1781241255,57.6,2400000,0xe0000
1781241257,58.2,2400000,0xe0000
1781241258,58.2,2400000,0xe0000
1781241259,58.7,2400000,0xe0000
1781241260,58.2,2400000,0xe0000
1781241261,57.6,2400000,0xe0000
1781241262,58.7,2400000,0xe0000
1781241263,58.7,2400000,0xe0000
1781241264,58.7,2400000,0xe0000
1781241265,58.7,2400000,0xe0000
1781241266,58.7,2400000,0xe0000
1781241267,58.7,2400000,0xe0000
1781241268,58.2,2400000,0xe0000
1781241269,57.6,2400000,0xe0000
1781241270,58.7,2400000,0xe0000
1781241271,57.6,2400000,0xe0000
1781241272,57.6,2400000,0xe0000
1781241273,57.6,2400000,0xe0000
1781241274,58.2,2400000,0xe0000
1781241275,58.2,2400000,0xe0000
1781241276,56.5,2400000,0xe0000
1781241277,57.1,2400000,0xe0000
1781241278,58.2,2400000,0xe0000
1781241279,58.7,2400000,0xe0000
1781241280,58.2,2400000,0xe0000
1781241281,58.2,2400000,0xe0000
1781241283,58.2,2400000,0xe0000
1781241284,58.2,2400000,0xe0000
1781241285,58.7,2400000,0xe0000
1781241286,58.2,2400000,0xe0000
1781241287,58.2,2400000,0xe0000
1781241288,58.2,2400000,0xe0000
1781241289,58.7,2400000,0xe0000
1781241290,58.2,2400000,0xe0000
1781241291,58.2,2400000,0xe0000
1781241292,58.7,2400000,0xe0000
1781241293,58.2,2400000,0xe0000
1781241294,57.6,2400000,0xe0000
1781241295,58.7,2400000,0xe0000
1781241296,58.2,2400000,0xe0000
1781241297,58.2,2400000,0xe0000
1781241298,57.6,2400000,0xe0000
1781241299,57.6,2400000,0xe0000
1781241300,58.2,2400000,0xe0000
1781241301,58.2,2400000,0xe0000
1781241302,58.2,2400000,0xe0000
1781241303,58.2,2400000,0xe0000
1781241305,58.2,2400000,0xe0000
1781241306,58.2,2400000,0xe0000
1781241307,57.6,2400000,0xe0000
1781241308,58.2,2400000,0xe0000
1781241309,59.3,2400000,0xe0000
1781241310,58.2,2400000,0xe0000
1781241311,58.2,2400000,0xe0000
1781241312,58.2,2400000,0xe0000
1781241313,58.2,2400000,0xe0000
1781241314,57.6,2400000,0xe0000
1781241315,57.6,2400000,0xe0000
1781241316,58.2,2400000,0xe0000
1781241317,58.2,2400000,0xe0000
1781241318,57.6,2400000,0xe0000
1781241319,57.6,2400000,0xe0000
1781241320,58.2,2400000,0xe0000
1781241321,57.6,2400000,0xe0000
1781241322,58.2,2400000,0xe0000
1781241323,57.6,2400000,0xe0000
1781241324,58.7,2400000,0xe0000
1781241325,58.7,2400000,0xe0000
1781241326,57.6,2400000,0xe0000
1781241327,57.6,2400000,0xe0000
1781241328,58.2,2400000,0xe0000
1781241329,58.2,2400000,0xe0000
1781241331,57.6,2400000,0xe0000
1781241332,58.2,2400000,0xe0000
1781241333,58.2,2400000,0xe0000
1781241334,58.2,2400000,0xe0000
1781241335,58.2,2400000,0xe0000
1781241336,57.6,2400000,0xe0000
1781241337,58.7,2400000,0xe0000
1781241338,58.2,2400000,0xe0000
1781241339,57.6,2400000,0xe0000
1781241340,57.6,2400000,0xe0000
1781241341,58.2,2400000,0xe0000
1781241342,58.7,2400000,0xe0000
1781241343,57.1,2400000,0xe0000
1781241344,57.6,2400000,0xe0000
1781241345,58.2,2400000,0xe0000
1781241346,58.2,2400000,0xe0000
1781241348,58.2,2400000,0xe0000
1781241349,57.6,2400000,0xe0000
1781241350,57.6,2400000,0xe0000
1781241351,58.2,2400000,0xe0000
1781241352,58.2,2400000,0xe0000
1781241353,58.7,2400000,0xe0000
1781241354,58.7,2400000,0xe0000
1781241355,57.6,2400000,0xe0000
1781241356,58.2,2400000,0xe0000
1781241357,57.6,2400000,0xe0000
1781241358,57.6,2400000,0xe0000
1781241359,57.6,2400000,0xe0000
1781241360,58.7,2400000,0xe0000
1781241361,56.5,2400000,0xe0000
1781241362,57.6,2400000,0xe0000
1781241363,58.2,2400000,0xe0000
1781241364,58.2,2400000,0xe0000
1781241366,57.6,2400000,0xe0000
1781241367,58.7,2400000,0xe0000
1781241368,57.1,2400000,0xe0000
1781241369,58.2,2400000,0xe0000
1781241370,58.2,2400000,0xe0000
1781241371,58.7,2400000,0xe0000
1781241372,58.2,2400000,0xe0000
1781241373,58.2,2400000,0xe0000
1781241374,59.3,2400000,0xe0000
1781241375,57.1,2400000,0xe0000
1781241376,57.6,2400000,0xe0000
1781241377,58.2,2400000,0xe0000
1781241378,58.2,2400000,0xe0000
1781241379,58.2,2400000,0xe0000
1781241380,58.2,2400000,0xe0000
1781241381,58.7,2400000,0xe0000
1781241382,58.7,2400000,0xe0000
1781241383,58.2,2400000,0xe0000
1781241384,58.2,2400000,0xe0000
1781241385,58.7,2400000,0xe0000
1781241386,58.7,2400000,0xe0000
1781241388,58.7,2400000,0xe0000
1781241389,57.1,2400000,0xe0000
1781241390,58.2,2400000,0xe0000
1781241391,58.2,2400000,0xe0000
1781241392,57.6,2400000,0xe0000
1781241393,58.7,2400000,0xe0000
1781241394,58.2,2400000,0xe0000
1781241395,58.2,2400000,0xe0000
1781241396,57.6,2400000,0xe0000
1781241397,58.2,2400000,0xe0000
1781241398,58.2,2400000,0xe0000
1781241399,59.3,2400000,0xe0000
1781241400,58.7,2400000,0xe0000
1781241401,58.7,2400000,0xe0000
1781241402,58.2,2400000,0xe0000
1781241403,57.6,2400000,0xe0000
1781241404,57.6,2400000,0xe0000
1781241405,58.2,2400000,0xe0000
1781241406,58.2,2400000,0xe0000
1781241408,57.6,2400000,0xe0000
1781241409,58.2,2400000,0xe0000
1781241410,58.2,2400000,0xe0000
1781241411,58.2,2400000,0xe0000
1781241412,57.6,2400000,0xe0000
1781241413,58.2,2400000,0xe0000
1781241414,57.6,2400000,0xe0000
1781241415,58.2,2400000,0xe0000
1781241416,58.2,2400000,0xe0000
1781241417,58.2,2400000,0xe0000
1781241418,58.2,2400000,0xe0000
1781241419,58.2,2400000,0xe0000
1781241420,57.6,2400000,0xe0000
1781241421,58.2,2400000,0xe0000
1781241422,58.2,2400000,0xe0000
1781241423,57.6,2400000,0xe0000
1781241424,58.2,2400000,0xe0000
1781241425,57.6,2400000,0xe0000
1781241426,58.7,2400000,0xe0000
1781241427,58.2,2400000,0xe0000
1781241428,57.6,2400000,0xe0000
1781241429,58.2,2400000,0xe0000
1781241430,57.6,2400000,0xe0000
1781241431,59.3,2400000,0xe0000
1781241432,57.6,2400000,0xe0000
1781241433,58.2,2400000,0xe0000
1781241435,58.2,2400000,0xe0000
1781241436,58.7,2400000,0xe0000
1781241437,58.7,2400000,0xe0000
1781241438,58.2,2400000,0xe0000
1781241439,57.6,2400000,0xe0000
1781241440,57.6,2400000,0xe0000
1781241441,58.2,2400000,0xe0000
1781241442,58.2,2400000,0xe0000
1781241443,57.6,2400000,0xe0000
1781241444,59.3,2400000,0xe0000
1781241445,58.2,2400000,0xe0000
1781241446,58.7,2400000,0xe0000
1781241447,58.2,2400000,0xe0000
1781241448,58.2,2400000,0xe0000
1781241449,58.2,2400000,0xe0000
1781241450,56.5,2400000,0xe0000
1781241451,58.2,2400000,0xe0000
1781241452,57.6,2400000,0xe0000
1781241453,58.7,2400000,0xe0000
1781241454,58.7,2400000,0xe0000
1781241455,58.2,2400000,0xe0000
1781241456,58.2,2400000,0xe0000
1781241457,58.7,2400000,0xe0000
1781241458,58.7,2400000,0xe0000
1781241459,58.2,2400000,0xe0000
1781241460,58.2,2400000,0xe0000
1781241462,58.2,2400000,0xe0000
1781241463,57.6,2400000,0xe0000
1781241464,58.2,2400000,0xe0000
1781241465,58.7,2400000,0xe0000
1781241466,58.2,2400000,0xe0000
1781241467,58.7,2400000,0xe0000
1781241468,58.2,2400000,0xe0000
1781241469,58.2,2400000,0xe0000
1781241470,58.7,2400000,0xe0000
1781241471,58.7,2400000,0xe0000
1781241472,58.2,2400000,0xe0000
1781241473,58.2,2400000,0xe0000
1781241474,57.6,2400000,0xe0000
1781241475,57.6,2400000,0xe0000
1781241476,57.6,2400000,0xe0000
1781241477,58.2,2400000,0xe0000
1781241478,57.6,2400000,0xe0000
1781241479,58.7,2400000,0xe0000
1781241480,58.2,2400000,0xe0000
1781241481,58.2,2400000,0xe0000
1781241482,57.6,2400000,0xe0000
1781241483,58.7,2400000,0xe0000
1781241484,57.6,2400000,0xe0000
1781241485,58.7,2400000,0xe0000
1781241486,58.7,2400000,0xe0000
1781241487,57.6,2400000,0xe0000
1781241489,58.2,2400000,0xe0000
1781241490,57.6,2400000,0xe0000
1781241491,57.1,2400000,0xe0000
1781241492,58.2,2400000,0xe0000
1781241493,58.2,2400000,0xe0000
1781241494,58.2,2400000,0xe0000
1781241495,58.2,2400000,0xe0000
1781241496,58.2,2400000,0xe0000
1781241497,58.2,2400000,0xe0000
1781241498,58.7,2400000,0xe0000
1781241499,57.6,2400000,0xe0000
1781241500,58.2,2400000,0xe0000
1781241501,57.6,2400000,0xe0000
1781241502,58.2,2400000,0xe0000
1781241503,57.6,2400000,0xe0000
1781241504,58.2,2400000,0xe0000
1781241505,58.2,2400000,0xe0000
1781241506,58.2,2400000,0xe0000
1781241507,58.7,2400000,0xe0000
1781241509,58.2,2400000,0xe0000
1781241510,58.7,2400000,0xe0000
1781241511,58.2,2400000,0xe0000
1781241512,58.2,2400000,0xe0000
1781241513,58.2,2400000,0xe0000
1781241514,58.2,2400000,0xe0000
1781241515,58.7,2400000,0xe0000
1781241516,58.2,2400000,0xe0000
1781241517,58.2,2400000,0xe0000
1781241518,58.2,2400000,0xe0000
1781241519,58.2,2400000,0xe0000
1781241520,57.1,2400000,0xe0000
1781241521,58.7,2400000,0xe0000
1781241522,58.2,2400000,0xe0000
1781241523,58.7,2400000,0xe0000
1781241524,58.7,2400000,0xe0000
1781241525,58.2,2400000,0xe0000
1781241526,58.7,2400000,0xe0000
1781241527,58.2,2400000,0xe0000
1781241528,58.2,2400000,0xe0000
1781241529,57.1,2400000,0xe0000
1781241530,58.7,2400000,0xe0000
1781241531,58.2,2400000,0xe0000
1781241532,58.2,2400000,0xe0000
1781241533,58.2,2400000,0xe0000
1781241534,58.2,2400000,0xe0000
1781241535,58.2,2400000,0xe0000
1781241536,58.2,2400000,0xe0000
1781241537,58.2,2400000,0xe0000
1781241538,58.2,2400000,0xe0000
1781241539,57.6,2400000,0xe0000
1781241540,58.2,2400000,0xe0000
1781241541,58.2,2400000,0xe0000
1781241542,58.7,2400000,0xe0000
1781241543,59.3,2400000,0xe0000
1781241544,57.6,2400000,0xe0000
1781241545,58.2,2400000,0xe0000
1781241546,57.6,2400000,0xe0000
1781241547,58.2,2400000,0xe0000
1781241549,58.7,2400000,0xe0000
1781241550,57.6,2400000,0xe0000
1781241551,57.6,2400000,0xe0000
1781241552,58.7,2400000,0xe0000
1781241553,58.7,2400000,0xe0000
1781241554,58.2,2400000,0xe0000
1781241555,58.2,2400000,0xe0000
1781241556,58.7,2400000,0xe0000
1781241557,58.2,2400000,0xe0000
1781241558,58.2,2400000,0xe0000
1781241559,58.7,2400000,0xe0000
1781241560,59.3,2400000,0xe0000
1781241561,57.6,2400000,0xe0000
1781241562,58.2,2400000,0xe0000
1781241563,58.2,2400000,0xe0000
1781241564,58.2,2400000,0xe0000
1781241565,57.6,2400000,0xe0000
1781241566,58.2,2400000,0xe0000
1781241567,57.6,2400000,0xe0000
1781241568,58.7,2400000,0xe0000
1781241569,58.7,2400000,0xe0000
1781241570,58.2,2400000,0xe0000
1781241572,58.7,2400000,0xe0000
1781241573,58.7,2400000,0xe0000
1781241574,57.1,2400000,0xe0000
1781241575,58.7,2400000,0xe0000
1781241576,58.7,2400000,0xe0000
1781241577,58.2,2400000,0xe0000
1781241578,58.7,2400000,0xe0000
1781241579,58.2,2400000,0xe0000
1781241580,58.7,2400000,0xe0000
1781241581,58.2,2400000,0xe0000
1781241582,58.7,2400000,0xe0000
1781241583,58.7,2400000,0xe0000
1781241584,58.2,2400000,0xe0000
1781241585,58.2,2400000,0xe0000
1781241586,58.2,2400000,0xe0000
1781241587,58.2,2400000,0xe0000
1781241588,58.2,2400000,0xe0000
1781241589,58.2,2400000,0xe0000
1781241590,58.7,2400000,0xe0000
1781241591,58.7,2400000,0xe0000
1781241592,58.2,2400000,0xe0000
1781241593,58.7,2400000,0xe0000
1781241594,58.7,2400000,0xe0000
1781241595,58.2,2400000,0xe0000
1781241596,58.7,2400000,0xe0000
1781241597,58.2,2400000,0xe0000
1781241598,57.6,2400000,0xe0000
1781241599,58.7,2400000,0xe0000
1781241600,58.2,2400000,0xe0000
1781241601,58.2,2400000,0xe0000
1781241602,58.2,2400000,0xe0000
1781241603,58.2,2400000,0xe0000
1781241604,58.2,2400000,0xe0000
1781241606,58.2,2400000,0xe0000
1781241607,58.2,2400000,0xe0000
1781241608,57.6,2400000,0xe0000
1781241609,57.6,2400000,0xe0000
1781241610,58.7,2400000,0xe0000
1781241611,58.2,2400000,0xe0000
1781241612,58.2,2400000,0xe0000
1781241613,58.7,2400000,0xe0000
1781241614,58.2,2400000,0xe0000
1781241615,58.2,2400000,0xe0000
1781241616,56.5,2400000,0xe0000
1781241617,58.7,2400000,0xe0000
1781241618,58.7,2400000,0xe0000
1781241619,58.2,2400000,0xe0000
1781241620,58.2,2400000,0xe0000
1781241621,58.7,2400000,0xe0000
1781241622,57.6,2400000,0xe0000
1781241623,58.2,2400000,0xe0000
1781241624,58.2,2400000,0xe0000
1781241625,57.6,2400000,0xe0000
1781241626,58.2,2400000,0xe0000
1781241627,58.2,2400000,0xe0000
1781241628,58.2,2400000,0xe0000
1781241629,58.2,2400000,0xe0000
1781241630,58.7,2400000,0xe0000
1781241631,57.6,2400000,0xe0000
1781241632,58.7,2400000,0xe0000
1781241633,58.2,2400000,0xe0000
1781241634,59.3,2400000,0xe0000
1781241635,59.3,2400000,0xe0000
1781241637,58.7,2400000,0xe0000
1781241638,58.7,2400000,0xe0000
1781241639,58.2,2400000,0xe0000
1781241640,58.2,2400000,0xe0000
1781241641,57.6,2400000,0xe0000
1781241642,58.2,2400000,0xe0000
1781241643,58.2,2400000,0xe0000
1781241644,58.7,2400000,0xe0000
1781241645,58.2,2400000,0xe0000
1781241646,58.2,2400000,0xe0000
1781241647,58.7,2400000,0xe0000
1781241648,58.7,2400000,0xe0000
1781241649,58.7,2400000,0xe0000
1781241650,58.2,2400000,0xe0000
1781241651,58.2,2400000,0xe0000
1781241652,58.2,2400000,0xe0000
1781241653,58.7,2400000,0xe0000
1781241654,58.2,2400000,0xe0000
1781241655,58.7,2400000,0xe0000
1781241656,58.2,2400000,0xe0000
1781241657,58.7,2400000,0xe0000
1781241658,58.2,2400000,0xe0000
1781241659,58.2,2400000,0xe0000
1781241660,58.7,2400000,0xe0000
1781241661,58.2,2400000,0xe0000
1781241662,58.2,2400000,0xe0000
1781241664,58.2,2400000,0xe0000
1781241665,58.2,2400000,0xe0000
1781241666,59.3,2400000,0xe0000
1781241667,57.6,2400000,0xe0000
1781241668,58.2,2400000,0xe0000
1781241669,58.2,2400000,0xe0000
1781241670,58.2,2400000,0xe0000
1781241671,57.6,2400000,0xe0000
1781241672,58.7,2400000,0xe0000
1781241673,58.7,2400000,0xe0000
1781241674,59.3,2400000,0xe0000
1781241675,58.2,2400000,0xe0000
1781241676,58.2,2400000,0xe0000
1781241677,58.7,2400000,0xe0000
1781241678,58.2,2400000,0xe0000
1781241679,59.3,2400000,0xe0000
1781241680,58.2,2400000,0xe0000
1781241681,58.2,2400000,0xe0000
1781241682,58.7,2400000,0xe0000
1781241683,58.2,2400000,0xe0000
1781241684,58.7,2400000,0xe0000
1781241685,58.7,2400000,0xe0000
1781241686,57.6,2400000,0xe0000
1781241687,58.7,2400000,0xe0000
1781241688,57.6,2400000,0xe0000
1781241689,58.2,2400000,0xe0000
1781241690,58.7,2400000,0xe0000
1781241691,58.7,2400000,0xe0000
1781241693,59.3,2400000,0xe0000
1781241694,57.6,2400000,0xe0000
1781241695,58.7,2400000,0xe0000
1781241696,58.7,2400000,0xe0000
1781241697,58.7,2400000,0xe0000
1781241698,58.2,2400000,0xe0000
1781241699,58.2,2400000,0xe0000
1781241700,58.7,2400000,0xe0000
1781241701,58.2,2400000,0xe0000
1781241702,56.5,2400000,0xe0000
1781241703,58.2,2400000,0xe0000
1781241704,58.2,2400000,0xe0000
1781241705,58.7,2400000,0xe0000
1781241706,58.7,2400000,0xe0000
1781241707,58.2,2400000,0xe0000
1781241708,58.2,2400000,0xe0000
1781241709,58.7,2400000,0xe0000
1781241710,58.7,2400000,0xe0000
1781241711,58.7,2400000,0xe0000
1781241712,58.2,2400000,0xe0000
1781241713,58.2,2400000,0xe0000
1781241714,58.7,2400000,0xe0000
1781241715,58.2,2400000,0xe0000
1781241716,58.2,2400000,0xe0000
1781241717,58.2,2400000,0xe0000
1781241718,58.7,2400000,0xe0000
1781241719,58.7,2400000,0xe0000
1781241721,58.7,2400000,0xe0000
1781241722,58.7,2400000,0xe0000
1781241723,57.6,2400000,0xe0000
1781241724,58.2,2400000,0xe0000
1781241725,58.2,2400000,0xe0000
1781241726,58.2,2400000,0xe0000
1781241727,58.7,2400000,0xe0000
1781241728,58.7,2400000,0xe0000
1781241729,58.7,2400000,0xe0000
1781241730,58.7,2400000,0xe0000
1781241731,58.7,2400000,0xe0000
1781241732,58.7,2400000,0xe0000
1781241733,58.7,2400000,0xe0000
1781241734,58.7,2400000,0xe0000
1781241735,57.6,2400000,0xe0000
1781241736,57.6,2400000,0xe0000
1781241737,58.2,2400000,0xe0000
1781241738,58.2,2400000,0xe0000
1781241739,58.2,2400000,0xe0000
1781241740,58.7,2400000,0xe0000
1781241741,58.2,2400000,0xe0000
1781241742,58.7,2400000,0xe0000
1781241743,57.6,2400000,0xe0000
1781241744,58.2,2400000,0xe0000
1781241745,58.7,2400000,0xe0000
1781241746,58.2,2400000,0xe0000
1781241747,58.2,2400000,0xe0000
1781241749,58.7,2400000,0xe0000
1781241750,59.3,2400000,0xe0000
1781241751,58.7,2400000,0xe0000
1781241752,58.2,2400000,0xe0000
1781241753,58.7,2400000,0xe0000
1781241754,59.3,2400000,0xe0000
1781241755,58.2,2400000,0xe0000
1781241756,58.2,2400000,0xe0000
1781241757,58.2,2400000,0xe0000
1781241758,58.7,2400000,0xe0000
1781241759,58.2,2400000,0xe0000
1781241760,58.7,2400000,0xe0000
1781241761,58.2,2400000,0xe0000
1781241762,58.7,2400000,0xe0000
1781241763,59.3,2400000,0xe0000
1781241764,58.2,2400000,0xe0000
1781241765,58.7,2400000,0xe0000
1781241766,58.7,2400000,0xe0000
1781241767,58.7,2400000,0xe0000
1781241768,58.2,2400000,0xe0000
1781241769,58.7,2400000,0xe0000
1781241770,58.2,2400000,0xe0000
1781241771,57.6,2400000,0xe0000
1781241772,58.2,2400000,0xe0000
1781241773,58.7,2400000,0xe0000
1781241774,59.3,2400000,0xe0000
1781241775,58.2,2400000,0xe0000
1781241777,56.5,2400000,0xe0000
1781241778,58.2,2400000,0xe0000
1781241779,59.3,2400000,0xe0000
1781241780,58.7,2400000,0xe0000
1781241781,58.2,2400000,0xe0000
1781241782,58.7,2400000,0xe0000
1781241783,58.7,2400000,0xe0000
1781241784,58.7,2400000,0xe0000
1781241785,58.2,2400000,0xe0000
1781241786,58.7,2400000,0xe0000
1781241787,57.6,2400000,0xe0000
1781241788,58.7,2400000,0xe0000
1781241789,57.6,2400000,0xe0000
1781241790,59.3,2400000,0xe0000
1781241792,58.2,2400000,0xe0000
1781241793,58.7,2400000,0xe0000
1781241794,58.2,2400000,0xe0000
1781241795,58.7,2400000,0xe0000
1781241796,58.7,2400000,0xe0000
1781241797,58.2,2400000,0xe0000
1781241798,58.2,2400000,0xe0000
1781241799,57.6,2400000,0xe0000
1781241800,58.2,2400000,0xe0000
1781241801,58.7,2400000,0xe0000
1781241802,58.2,2400000,0xe0000
1781241803,58.2,2400000,0xe0000
1781241804,59.3,2400000,0xe0000
1781241805,58.2,2400000,0xe0000
1781241806,58.7,2400000,0xe0000
1781241807,58.7,2400000,0xe0000
1781241808,58.7,2400000,0xe0000
1781241809,58.7,2400000,0xe0000
1781241810,58.7,2400000,0xe0000
1781241811,58.2,2400000,0xe0000
1781241812,58.7,2400000,0xe0000
1781241813,58.7,2400000,0xe0000
1781241814,58.7,2400000,0xe0000
1781241815,59.3,2400000,0xe0000
1781241816,58.7,2400000,0xe0000
1781241817,58.7,2400000,0xe0000
1781241818,58.7,2400000,0xe0000
1781241819,59.3,2400000,0xe0000
1781241820,58.7,2400000,0xe0000
1781241821,58.2,2400000,0xe0000
1781241822,58.7,2400000,0xe0000
1781241823,58.2,2400000,0xe0000
1781241824,58.2,2400000,0xe0000
1781241825,58.7,2400000,0xe0000
1781241826,59.3,2400000,0xe0000
1781241828,58.7,2400000,0xe0000
1781241829,58.7,2400000,0xe0000
1781241830,58.2,2400000,0xe0000
1781241831,56.5,2400000,0xe0000
1781241832,58.2,2400000,0xe0000
1781241833,58.7,2400000,0xe0000
1781241834,58.2,2400000,0xe0000
1781241835,58.7,2400000,0xe0000
1781241836,58.2,2400000,0xe0000
1781241837,57.1,2400000,0xe0000
1781241838,58.7,2400000,0xe0000
1781241839,58.7,2400000,0xe0000
1781241840,58.2,2400000,0xe0000
1781241841,58.7,2400000,0xe0000
1781241842,58.7,2400000,0xe0000
1781241843,58.2,2400000,0xe0000
1781241844,58.7,2400000,0xe0000
1781241845,58.7,2400000,0xe0000
1781241846,58.7,2400000,0xe0000
1781241847,58.7,2400000,0xe0000
1781241848,58.7,2400000,0xe0000
1781241849,58.7,2400000,0xe0000
1781241850,58.2,2400000,0xe0000
1781241851,58.7,2400000,0xe0000
1781241852,59.3,2400000,0xe0000
1781241853,58.2,2400000,0xe0000
1781241854,58.2,2400000,0xe0000
1781241855,58.7,2400000,0xe0000
1781241857,57.6,2400000,0xe0000
1781241858,58.7,2400000,0xe0000
1781241859,58.7,2400000,0xe0000
1781241860,58.2,2400000,0xe0000
1781241861,58.7,2400000,0xe0000
1781241862,58.7,2400000,0xe0000
1781241863,58.2,2400000,0xe0000
1781241864,58.7,2400000,0xe0000
1781241865,58.7,2400000,0xe0000
1781241866,58.2,2400000,0xe0000
1781241867,58.2,2400000,0xe0000
1781241868,58.7,2400000,0xe0000
1781241869,58.7,2400000,0xe0000
1781241870,58.7,2400000,0xe0000
1781241871,58.2,2400000,0xe0000
1781241872,58.7,2400000,0xe0000
1781241873,58.2,2400000,0xe0000
1781241874,58.2,2400000,0xe0000
1781241875,57.6,2400000,0xe0000
1781241876,58.7,2400000,0xe0000
1781241877,58.7,2400000,0xe0000
1781241879,58.2,2400000,0xe0000
1781241880,58.2,2400000,0xe0000
1781241881,58.7,2400000,0xe0000
1781241882,57.6,2400000,0xe0000
1781241883,59.3,2400000,0xe0000
1781241884,58.7,2400000,0xe0000
1781241885,58.7,2400000,0xe0000
1781241886,58.7,2400000,0xe0000
1781241887,58.7,2400000,0xe0000
1781241888,58.2,2400000,0xe0000
1781241889,58.7,2400000,0xe0000
1781241890,58.7,2400000,0xe0000
1781241891,58.7,2400000,0xe0000
1781241892,58.2,2400000,0xe0000
1781241893,58.7,2400000,0xe0000
1781241894,59.3,2400000,0xe0000
1781241895,58.7,2400000,0xe0000
1781241896,58.7,2400000,0xe0000
1781241897,58.7,2400000,0xe0000
1781241898,58.2,2400000,0xe0000
1781241899,58.2,2400000,0xe0000
1781241900,58.7,2400000,0xe0000
1781241901,58.7,2400000,0xe0000
1781241902,59.3,2400000,0xe0000
1781241903,58.7,2400000,0xe0000
1781241904,58.2,2400000,0xe0000
1781241905,58.7,2400000,0xe0000
1781241906,58.7,2400000,0xe0000
1781241907,59.3,2400000,0xe0000
1781241909,58.7,2400000,0xe0000
1781241910,58.7,2400000,0xe0000
1781241911,58.7,2400000,0xe0000
1781241912,58.2,2400000,0xe0000
1781241913,59.3,2400000,0xe0000
1781241914,58.7,2400000,0xe0000
1781241915,58.7,2400000,0xe0000
1781241916,58.2,2400000,0xe0000
1781241917,58.7,2400000,0xe0000
1781241918,58.2,2400000,0xe0000
1781241919,58.7,2400000,0xe0000
1781241920,58.7,2400000,0xe0000
1781241921,58.7,2400000,0xe0000
1781241922,58.7,2400000,0xe0000
1781241923,58.7,2400000,0xe0000
1781241924,58.7,2400000,0xe0000
1781241925,58.7,2400000,0xe0000
1781241926,58.7,2400000,0xe0000
1781241927,59.3,2400000,0xe0000
1781241928,58.2,2400000,0xe0000
1781241929,58.7,2400000,0xe0000
1781241931,59.3,2400000,0xe0000
1781241932,59.3,2400000,0xe0000
1781241933,58.7,2400000,0xe0000
1781241934,58.7,2400000,0xe0000
1781241935,58.2,2400000,0xe0000
1781241936,57.6,2400000,0xe0000
1781241937,58.7,2400000,0xe0000
1781241938,59.3,2400000,0xe0000
1781241939,58.7,2400000,0xe0000
1781241940,59.3,2400000,0xe0000
1781241941,58.2,2400000,0xe0000
1781241942,59.3,2400000,0xe0000
1781241943,58.7,2400000,0xe0000
1781241944,58.7,2400000,0xe0000
1781241945,58.7,2400000,0xe0000
1781241946,58.7,2400000,0xe0000
1781241947,58.7,2400000,0xe0000
1781241948,58.7,2400000,0xe0000
1781241949,58.7,2400000,0xe0000
1781241950,57.6,2400000,0xe0000
1781241951,58.7,2400000,0xe0000
1781241952,58.7,2400000,0xe0000
1781241953,58.2,2400000,0xe0000
1781241954,58.2,2400000,0xe0000
1781241955,58.2,2400000,0xe0000
1781241957,58.2,2400000,0xe0000
1781241958,59.3,2400000,0xe0000
1781241959,58.7,2400000,0xe0000
1781241960,58.2,2400000,0xe0000
1781241961,58.7,2400000,0xe0000
1781241962,58.2,2400000,0xe0000
1781241963,59.3,2400000,0xe0000
1781241964,58.7,2400000,0xe0000
1781241965,58.7,2400000,0xe0000
1781241966,58.2,2400000,0xe0000
1781241967,58.2,2400000,0xe0000
1781241968,58.7,2400000,0xe0000
1781241969,58.7,2400000,0xe0000
1781241970,58.7,2400000,0xe0000
1781241971,57.6,2400000,0xe0000
1781241972,58.7,2400000,0xe0000
1781241973,58.7,2400000,0xe0000
1781241974,58.7,2400000,0xe0000
1781241975,58.7,2400000,0xe0000
1781241976,58.7,2400000,0xe0000
1781241977,58.7,2400000,0xe0000
1781241978,58.7,2400000,0xe0000
1781241979,58.2,2400000,0xe0000
1781241980,58.2,2400000,0xe0000
1781241981,58.2,2400000,0xe0000
1781241983,59.3,2400000,0xe0000
1781241984,58.7,2400000,0xe0000
1781241985,58.7,2400000,0xe0000
1781241986,58.7,2400000,0xe0000
1781241987,58.7,2400000,0xe0000
1781241988,57.6,2400000,0xe0000
1781241989,58.7,2400000,0xe0000
1781241990,58.7,2400000,0xe0000
1781241991,58.2,2400000,0xe0000
1781241992,58.7,2400000,0xe0000
1781241993,58.2,2400000,0xe0000
1781241994,59.3,2400000,0xe0000
1781241995,57.6,2400000,0xe0000
1781241996,58.2,2400000,0xe0000
1781241997,58.7,2400000,0xe0000
1781241998,57.6,2400000,0xe0000
1781241999,58.2,2400000,0xe0000
1781242000,58.2,2400000,0xe0000
1781242001,58.7,2400000,0xe0000
1781242002,58.7,2400000,0xe0000
1781242004,58.2,2400000,0xe0000
1781242005,58.7,2400000,0xe0000
1781242006,58.2,2400000,0xe0000
1781242007,57.6,2400000,0xe0000
1781242008,58.2,2400000,0xe0000
1781242009,58.7,2400000,0xe0000
1781242010,57.1,2400000,0xe0000
1781242011,59.3,2400000,0xe0000
1781242012,58.7,2400000,0xe0000
1781242013,58.7,2400000,0xe0000
1781242014,58.7,2400000,0xe0000
1781242015,58.7,2400000,0xe0000
1781242016,58.7,2400000,0xe0000
1781242017,58.7,2400000,0xe0000
1781242018,59.3,2400000,0xe0000
1781242019,58.7,2400000,0xe0000
1781242020,58.7,2400000,0xe0000
1781242021,58.7,2400000,0xe0000
1781242022,58.7,2400000,0xe0000
1781242023,58.7,2400000,0xe0000
1781242024,58.2,2400000,0xe0000
1781242025,58.7,2400000,0xe0000
1781242026,57.6,2400000,0xe0000
1781242027,59.3,2400000,0xe0000
1781242028,58.7,2400000,0xe0000
1781242030,58.7,2400000,0xe0000
1781242031,58.7,2400000,0xe0000
1781242032,58.7,2400000,0xe0000
1781242033,58.7,2400000,0xe0000
1781242034,58.2,2400000,0xe0000
1781242035,58.2,2400000,0xe0000
1781242036,58.7,2400000,0xe0000
1781242037,58.7,2400000,0xe0000
1781242038,58.7,2400000,0xe0000
1781242039,58.2,2400000,0xe0000
1781242040,58.7,2400000,0xe0000
1781242041,58.2,2400000,0xe0000
1781242042,58.2,2400000,0xe0000
1781242043,57.6,2400000,0xe0000
1781242044,57.6,2400000,0xe0000
1781242045,58.7,2400000,0xe0000
1781242046,58.7,2400000,0xe0000
1781242047,58.7,2400000,0xe0000
1781242048,59.3,2400000,0xe0000
1781242049,58.2,2400000,0xe0000
1781242050,58.7,2400000,0xe0000
1781242051,59.3,2400000,0xe0000
1781242052,58.7,2400000,0xe0000
1781242053,58.2,2400000,0xe0000
1781242054,59.3,2400000,0xe0000
1781242056,59.3,2400000,0xe0000
1781242057,58.7,2400000,0xe0000
1781242058,58.7,2400000,0xe0000
1781242059,58.7,2400000,0xe0000
1781242060,58.2,2400000,0xe0000
1781242061,58.7,2400000,0xe0000
1781242062,58.2,2400000,0xe0000
1781242063,59.3,2400000,0xe0000
1781242064,58.2,2400000,0xe0000
1781242065,58.7,2400000,0xe0000
1781242066,58.2,2400000,0xe0000
1781242067,58.7,2400000,0xe0000
1781242068,57.6,2400000,0xe0000
1781242069,59.3,2400000,0xe0000
1781242070,58.7,2400000,0xe0000
1781242071,58.7,2400000,0xe0000
1781242072,58.7,2400000,0xe0000
1781242073,57.1,2400000,0xe0000
1781242074,58.7,2400000,0xe0000
1781242075,58.2,2400000,0xe0000
1781242076,58.2,2400000,0xe0000
1781242077,58.7,2400000,0xe0000
1781242078,58.7,2400000,0xe0000
1781242080,58.7,2400000,0xe0000
1781242081,58.2,2400000,0xe0000
1781242082,58.2,2400000,0xe0000
1781242083,58.2,2400000,0xe0000
1781242084,58.2,2400000,0xe0000
1781242085,58.7,2400000,0xe0000
1781242086,58.2,2400000,0xe0000
1781242087,58.7,2400000,0xe0000
1781242088,58.2,2400000,0xe0000
1781242089,58.7,2400000,0xe0000
1781242090,58.7,2400000,0xe0000
1781242091,58.2,2400000,0xe0000
1781242092,56.5,2400000,0xe0000
1781242093,58.2,2400000,0xe0000
1781242094,58.7,2400000,0xe0000
1781242095,58.7,2400000,0xe0000
1781242096,58.7,2400000,0xe0000
1781242097,57.6,2400000,0xe0000
1781242098,58.2,2400000,0xe0000
1781242099,58.7,2400000,0xe0000
1781242100,57.6,2400000,0xe0000
1781242101,58.2,2400000,0xe0000
1781242102,58.7,2400000,0xe0000
1781242103,58.7,2400000,0xe0000
1781242104,58.7,2400000,0xe0000
1781242105,59.3,2400000,0xe0000
1781242106,58.7,2400000,0xe0000
1781242107,58.2,2400000,0xe0000
1781242108,58.7,2400000,0xe0000
1781242109,58.2,2400000,0xe0000
1781242110,59.3,2400000,0xe0000
1781242111,58.7,2400000,0xe0000
1781242112,58.7,2400000,0xe0000
1781242113,57.6,2400000,0xe0000
1781242114,58.7,2400000,0xe0000
1781242115,58.2,2400000,0xe0000
1781242116,58.2,2400000,0xe0000
1781242117,58.7,2400000,0xe0000
1781242118,58.7,2400000,0xe0000
1781242119,58.2,2400000,0xe0000
1781242120,58.2,2400000,0xe0000
1781242121,58.7,2400000,0xe0000
1781242123,58.2,2400000,0xe0000
1781242124,58.7,2400000,0xe0000
1781242125,59.3,2400000,0xe0000
1781242126,58.7,2400000,0xe0000
1781242127,57.6,2400000,0xe0000
1781242128,58.7,2400000,0xe0000
1781242129,59.3,2400000,0xe0000
1781242130,58.7,2400000,0xe0000
1781242131,58.7,2400000,0xe0000
1781242132,58.7,2400000,0xe0000
1781242133,58.7,2400000,0xe0000
1781242134,58.7,2400000,0xe0000
1781242135,58.7,2400000,0xe0000
1781242136,58.7,2400000,0xe0000
1781242137,57.6,2400000,0xe0000
1781242138,58.2,2400000,0xe0000
1781242139,59.3,2400000,0xe0000
1781242140,58.7,2400000,0xe0000
1781242141,58.7,2400000,0xe0000
1781242142,58.7,2400000,0xe0000
1781242143,58.7,2400000,0xe0000
1781242144,58.7,2400000,0xe0000
1781242145,58.7,2400000,0xe0000
1781242146,57.6,2400000,0xe0000
1781242147,58.7,2400000,0xe0000
1781242148,57.6,2400000,0xe0000
1781242150,58.7,2400000,0xe0000
1781242151,58.7,2400000,0xe0000
1781242152,57.6,2400000,0xe0000
1781242153,58.2,2400000,0xe0000
1781242154,58.7,2400000,0xe0000
1781242155,58.7,2400000,0xe0000
1781242156,58.2,2400000,0xe0000
1781242157,58.7,2400000,0xe0000
1781242158,58.7,2400000,0xe0000
1781242159,57.6,2400000,0xe0000
1781242160,58.2,2400000,0xe0000
1781242161,59.3,2400000,0xe0000
1781242162,58.7,2400000,0xe0000
1781242163,58.7,2400000,0xe0000
1781242164,58.2,2400000,0xe0000
1781242165,58.7,2400000,0xe0000
1781242166,59.3,2400000,0xe0000
1781242167,58.2,2400000,0xe0000
1781242168,58.7,2400000,0xe0000
1781242169,58.7,2400000,0xe0000
1781242170,57.6,2400000,0xe0000
1781242171,58.7,2400000,0xe0000
1781242172,58.7,2400000,0xe0000
1781242173,59.3,2400000,0xe0000
1781242175,58.7,2400000,0xe0000
1781242176,58.2,2400000,0xe0000
1781242177,58.7,2400000,0xe0000
1781242178,58.2,2400000,0xe0000
1781242179,57.6,2400000,0xe0000
1781242180,58.7,2400000,0xe0000
1781242181,58.7,2400000,0xe0000
1781242182,58.7,2400000,0xe0000
1781242183,58.2,2400000,0xe0000
1781242184,59.3,2400000,0xe0000
1781242185,58.2,2400000,0xe0000
1781242186,58.2,2400000,0xe0000
1781242187,57.6,2400000,0xe0000
1781242188,58.7,2400000,0xe0000
1781242189,58.7,2400000,0xe0000
1781242190,58.7,2400000,0xe0000
1781242191,58.7,2400000,0xe0000
1781242192,57.6,2400000,0xe0000
1781242193,58.7,2400000,0xe0000
1781242194,58.7,2400000,0xe0000
1781242196,59.3,2400000,0xe0000
1781242197,58.2,2400000,0xe0000
1781242198,58.2,2400000,0xe0000
1781242199,58.7,2400000,0xe0000
1781242200,58.7,2400000,0xe0000
1781242201,57.6,2400000,0xe0000
1781242202,58.2,2400000,0xe0000
1781242203,58.2,2400000,0xe0000
1781242204,58.2,2400000,0xe0000
1781242205,58.2,2400000,0xe0000
1781242206,58.7,2400000,0xe0000
1781242207,58.7,2400000,0xe0000
1781242208,58.2,2400000,0xe0000
1781242209,58.2,2400000,0xe0000
1781242210,58.7,2400000,0xe0000
1781242211,59.3,2400000,0xe0000
1781242212,58.7,2400000,0xe0000
1781242213,59.3,2400000,0xe0000
1781242214,58.2,2400000,0xe0000
1781242215,58.7,2400000,0xe0000
1781242217,58.7,2400000,0xe0000
1781242218,59.3,2400000,0xe0000
1781242219,58.7,2400000,0xe0000
1781242220,58.2,2400000,0xe0000
1781242221,58.7,2400000,0xe0000
1781242222,58.7,2400000,0xe0000
1781242223,58.7,2400000,0xe0000
1781242224,58.7,2400000,0xe0000
1781242225,58.7,2400000,0xe0000
1781242226,58.2,2400000,0xe0000
1781242227,59.3,2400000,0xe0000
1781242228,58.7,2400000,0xe0000
1781242229,58.7,2400000,0xe0000
1781242230,58.7,2400000,0xe0000
1781242231,59.3,2400000,0xe0000
1781242232,58.2,2400000,0xe0000
1781242233,58.7,2400000,0xe0000
1781242234,58.2,2400000,0xe0000
1781242235,58.7,2400000,0xe0000
1781242236,58.2,2400000,0xe0000
1781242237,57.6,2400000,0xe0000
1781242238,58.2,2400000,0xe0000
1781242239,58.2,2400000,0xe0000
1781242240,58.7,2400000,0xe0000
1781242241,58.7,2400000,0xe0000
1781242242,58.7,2400000,0xe0000
1781242244,57.6,2400000,0xe0000
1781242245,58.7,2400000,0xe0000
1781242246,58.2,2400000,0xe0000
1781242247,59.3,2400000,0xe0000
1781242248,58.7,2400000,0xe0000
1781242249,59.3,2400000,0xe0000
1781242250,58.7,2400000,0xe0000
1781242251,58.2,2400000,0xe0000
1781242252,58.7,2400000,0xe0000
1781242253,58.2,2400000,0xe0000
1781242254,58.7,2400000,0xe0000
1781242255,58.2,2400000,0xe0000
1781242256,59.3,2400000,0xe0000
1781242257,58.2,2400000,0xe0000
1781242258,58.7,2400000,0xe0000
1781242259,57.6,2400000,0xe0000
1781242260,58.7,2400000,0xe0000
1781242261,58.2,2400000,0xe0000
1781242263,58.7,2400000,0xe0000
1781242264,58.2,2400000,0xe0000
1781242265,58.7,2400000,0xe0000
1781242266,58.7,2400000,0xe0000
1781242267,58.2,2400000,0xe0000
1781242268,58.7,2400000,0xe0000
1781242269,58.7,2400000,0xe0000
1781242270,58.7,2400000,0xe0000
1781242271,58.7,2400000,0xe0000
1781242272,58.7,2400000,0xe0000
1781242273,58.7,2400000,0xe0000
1781242274,58.7,2400000,0xe0000
1781242275,59.3,2400000,0xe0000
1781242276,58.2,2400000,0xe0000
1781242277,57.6,2400000,0xe0000
1781242278,58.2,2400000,0xe0000
1781242279,57.6,2400000,0xe0000
1781242280,58.2,2400000,0xe0000
1781242281,58.7,2400000,0xe0000
1781242282,58.7,2400000,0xe0000
1781242283,58.7,2400000,0xe0000
1781242284,58.2,2400000,0xe0000
1781242285,58.7,2400000,0xe0000
1781242286,58.2,2400000,0xe0000
1781242287,58.7,2400000,0xe0000
1781242288,57.6,2400000,0xe0000
1781242289,58.7,2400000,0xe0000
1781242290,58.7,2400000,0xe0000
1781242291,58.7,2400000,0xe0000
1781242292,57.1,2400000,0xe0000
1781242293,58.7,2400000,0xe0000
1781242294,58.2,2400000,0xe0000
1781242295,58.2,2400000,0xe0000
1781242296,58.7,2400000,0xe0000
1781242297,58.7,2400000,0xe0000
1781242298,58.2,2400000,0xe0000
1781242299,58.2,2400000,0xe0000
1781242300,58.7,2400000,0xe0000
1781242302,58.7,2400000,0xe0000
1781242303,58.7,2400000,0xe0000
1781242304,58.2,2400000,0xe0000
1781242305,58.2,2400000,0xe0000
1781242306,58.2,2400000,0xe0000
1781242307,58.7,2400000,0xe0000
1781242308,58.2,2400000,0xe0000
1781242309,58.7,2400000,0xe0000
1781242310,58.7,2400000,0xe0000
1781242311,58.7,2400000,0xe0000
1781242312,58.7,2400000,0xe0000
1781242313,58.7,2400000,0xe0000
1781242314,58.7,2400000,0xe0000
1781242315,58.2,2400000,0xe0000
1781242316,58.7,2400000,0xe0000
1781242317,59.3,2400000,0xe0000
1781242318,58.2,2400000,0xe0000
1781242319,58.7,2400000,0xe0000
1781242320,58.7,2400000,0xe0000
1781242321,58.7,2400000,0xe0000
1781242322,58.7,2400000,0xe0000
1781242323,58.7,2400000,0xe0000
1781242324,58.7,2400000,0xe0000
1781242325,58.2,2400000,0xe0000
1781242327,58.7,2400000,0xe0000
1781242328,58.7,2400000,0xe0000
1781242329,58.2,2400000,0xe0000
1781242330,58.7,2400000,0xe0000
1781242331,58.2,2400000,0xe0000
1781242332,58.7,2400000,0xe0000
1781242333,58.7,2400000,0xe0000
1781242334,58.7,2400000,0xe0000
1781242335,58.2,2400000,0xe0000
1781242336,58.7,2400000,0xe0000
1781242337,58.2,2400000,0xe0000
1781242338,57.6,2400000,0xe0000
1781242339,59.3,2400000,0xe0000
1781242340,58.2,2400000,0xe0000
1781242341,58.2,2400000,0xe0000
1781242343,58.7,2400000,0xe0000
1781242344,59.3,2400000,0xe0000
1781242345,58.7,2400000,0xe0000
1781242346,58.2,2400000,0xe0000
1781242347,58.7,2400000,0xe0000
1781242348,58.2,2400000,0xe0000
1781242349,58.2,2400000,0xe0000
1781242350,58.7,2400000,0xe0000
1781242351,58.7,2400000,0xe0000
1781242352,58.7,2400000,0xe0000
1781242353,58.7,2400000,0xe0000
1781242354,59.3,2400000,0xe0000
1781242355,58.7,2400000,0xe0000
1781242356,58.7,2400000,0xe0000
1781242357,59.3,2400000,0xe0000
1781242358,58.2,2400000,0xe0000
1781242359,58.7,2400000,0xe0000
1781242361,58.2,2400000,0xe0000
1781242362,58.7,2400000,0xe0000
1781242363,58.2,2400000,0xe0000
1781242364,58.7,2400000,0xe0000
1781242365,58.7,2400000,0xe0000
1781242366,59.3,2400000,0xe0000
1781242367,58.7,2400000,0xe0000
1781242368,58.7,2400000,0xe0000
1781242369,58.7,2400000,0xe0000
1781242370,58.7,2400000,0xe0000
1781242371,58.7,2400000,0xe0000
1781242372,58.7,2400000,0xe0000
1781242373,58.2,2400000,0xe0000
1781242374,58.7,2400000,0xe0000
1781242375,58.2,2400000,0xe0000
1781242376,58.2,2400000,0xe0000
1781242377,58.2,2400000,0xe0000
1781242378,58.2,2400000,0xe0000
1781242379,58.7,2400000,0xe0000
1781242380,58.7,2400000,0xe0000
1781242382,58.7,2400000,0xe0000
1781242383,59.3,2400000,0xe0000
1781242384,58.7,2400000,0xe0000
1781242385,58.7,2400000,0xe0000
1781242386,57.6,2400000,0xe0000
1781242387,58.2,2400000,0xe0000
1781242388,58.7,2400000,0xe0000
1781242389,57.6,2400000,0xe0000
1781242390,58.7,2400000,0xe0000
1781242391,59.3,2400000,0xe0000
1781242392,58.7,2400000,0xe0000
1781242393,58.7,2400000,0xe0000
1781242394,58.7,2400000,0xe0000
1781242395,57.6,2400000,0xe0000
1781242396,58.7,2400000,0xe0000
1781242397,58.7,2400000,0xe0000
1781242398,58.7,2400000,0xe0000
1781242399,58.2,2400000,0xe0000
1781242400,58.7,2400000,0xe0000
1781242401,58.7,2400000,0xe0000
1781242402,58.7,2400000,0xe0000
1781242403,58.7,2400000,0xe0000
1781242404,58.7,2400000,0xe0000
1781242405,59.3,2400000,0xe0000
1781242406,58.2,2400000,0xe0000
1781242407,58.2,2400000,0xe0000
1781242408,58.7,2400000,0xe0000
1781242409,58.7,2400000,0xe0000
1781242410,58.2,2400000,0xe0000
1781242411,58.2,2400000,0xe0000
1781242412,58.7,2400000,0xe0000
1781242413,58.7,2400000,0xe0000
1781242415,58.7,2400000,0xe0000
1781242416,58.2,2400000,0xe0000
1781242417,58.7,2400000,0xe0000
1781242418,58.2,2400000,0xe0000
1781242419,58.7,2400000,0xe0000
1781242420,59.3,2400000,0xe0000
1781242421,58.2,2400000,0xe0000
1781242422,58.7,2400000,0xe0000
1781242423,58.7,2400000,0xe0000
1781242424,58.7,2400000,0xe0000
1781242425,57.6,2400000,0xe0000
1781242426,58.7,2400000,0xe0000
1781242427,58.7,2400000,0xe0000
1781242428,59.3,2400000,0xe0000
1781242429,59.3,2400000,0xe0000
1781242430,57.6,2400000,0xe0000
1781242431,58.2,2400000,0xe0000
1781242432,58.2,2400000,0xe0000
1781242433,59.3,2400000,0xe0000
1781242434,58.7,2400000,0xe0000
1781242435,58.7,2400000,0xe0000
1781242436,58.2,2400000,0xe0000
1781242437,58.2,2400000,0xe0000
1781242438,58.7,2400000,0xe0000
1781242439,58.7,2400000,0xe0000
1781242440,58.2,2400000,0xe0000
1781242441,58.2,2400000,0xe0000
1781242442,58.2,2400000,0xe0000
1781242444,58.2,2400000,0xe0000
1781242445,58.7,2400000,0xe0000
1781242446,58.2,2400000,0xe0000
1781242447,58.2,2400000,0xe0000
1781242448,58.2,2400000,0xe0000
1781242449,58.7,2400000,0xe0000
1781242450,58.7,2400000,0xe0000
1781242451,59.3,2400000,0xe0000
1781242452,58.7,2400000,0xe0000
1781242453,59.3,2400000,0xe0000
1781242454,57.6,2400000,0xe0000
1781242455,58.7,2400000,0xe0000
1781242456,58.2,2400000,0xe0000
1781242457,58.7,2400000,0xe0000
1781242458,58.7,2400000,0xe0000
1781242459,59.3,2400000,0xe0000
1781242460,58.2,2400000,0xe0000
1781242461,58.2,2400000,0xe0000
1781242462,58.7,2400000,0xe0000
1781242463,57.6,2400000,0xe0000
1781242464,57.6,2400000,0xe0000
1781242466,58.2,2400000,0xe0000
1781242467,58.7,2400000,0xe0000
1781242468,58.2,2400000,0xe0000
1781242469,58.2,2400000,0xe0000
1781242470,58.7,2400000,0xe0000
1781242471,58.2,2400000,0xe0000
1781242472,58.2,2400000,0xe0000
1781242473,58.7,2400000,0xe0000
1781242474,58.7,2400000,0xe0000
1781242475,58.2,2400000,0xe0000
1781242476,57.6,2400000,0xe0000
1781242477,58.7,2400000,0xe0000
1781242478,58.7,2400000,0xe0000
1781242479,58.7,2400000,0xe0000
1781242480,58.7,2400000,0xe0000
1781242481,58.7,2400000,0xe0000
1781242482,58.7,2400000,0xe0000
1781242483,57.6,2400000,0xe0000
1781242484,58.7,2400000,0xe0000
1781242485,58.7,2400000,0xe0000
1781242486,58.7,2400000,0xe0000
1781242487,58.7,2400000,0xe0000
1781242489,58.7,2400000,0xe0000
1781242490,58.2,2400000,0xe0000
1781242491,57.6,2400000,0xe0000
1781242492,58.7,2400000,0xe0000
1781242493,59.3,2400000,0xe0000
1781242494,58.7,2400000,0xe0000
1781242495,58.7,2400000,0xe0000
1781242496,58.2,2400000,0xe0000
1781242497,58.2,2400000,0xe0000
1781242498,57.6,2400000,0xe0000
1781242499,58.2,2400000,0xe0000
1781242500,58.7,2400000,0xe0000
1781242501,58.7,2400000,0xe0000
1781242502,58.7,2400000,0xe0000
1781242503,58.2,2400000,0xe0000
1781242504,59.3,2400000,0xe0000
1781242505,58.2,2400000,0xe0000
1781242506,58.2,2400000,0xe0000
1781242507,57.1,2400000,0xe0000
1781242508,58.7,2400000,0xe0000
1781242509,58.7,2400000,0xe0000
1781242510,58.7,2400000,0xe0000
1781242511,58.2,2400000,0xe0000
1781242513,58.7,2400000,0xe0000
1781242514,58.7,2400000,0xe0000
1781242515,58.7,2400000,0xe0000
1781242516,59.3,2400000,0xe0000
1781242517,58.2,2400000,0xe0000
1781242518,58.2,2400000,0xe0000
1781242519,58.7,2400000,0xe0000
1781242520,58.7,2400000,0xe0000
1781242521,59.3,2400000,0xe0000
1781242522,58.7,2400000,0xe0000
1781242523,58.2,2400000,0xe0000
1781242524,58.2,2400000,0xe0000
1781242525,58.2,2400000,0xe0000
1781242526,58.2,2400000,0xe0000
1781242527,58.7,2400000,0xe0000
1781242528,59.3,2400000,0xe0000
1781242529,58.7,2400000,0xe0000
1781242530,58.2,2400000,0xe0000
1781242531,58.7,2400000,0xe0000
1781242532,58.2,2400000,0xe0000
1781242533,58.2,2400000,0xe0000
1781242534,57.6,2400000,0xe0000
1781242535,57.6,2400000,0xe0000
1781242536,58.7,2400000,0xe0000
1781242537,57.6,2400000,0xe0000
1781242539,59.3,2400000,0xe0000
1781242540,58.7,2400000,0xe0000
1781242541,58.2,2400000,0xe0000
1781242542,58.2,2400000,0xe0000
1781242543,58.2,2400000,0xe0000
1781242544,58.7,2400000,0xe0000
1781242545,58.7,2400000,0xe0000
1781242546,58.7,2400000,0xe0000
1781242547,58.2,2400000,0xe0000
1781242548,58.7,2400000,0xe0000
1781242549,58.2,2400000,0xe0000
1781242550,58.7,2400000,0xe0000
1781242551,58.7,2400000,0xe0000
1781242552,58.7,2400000,0xe0000
1781242553,58.7,2400000,0xe0000
1781242554,58.2,2400000,0xe0000
1781242555,58.2,2400000,0xe0000
1781242556,58.7,2400000,0xe0000
1781242557,57.6,2400000,0xe0000
1781242558,58.2,2400000,0xe0000
1781242559,58.7,2400000,0xe0000
1781242560,58.7,2400000,0xe0000
1781242562,58.7,2400000,0xe0000
1781242563,58.7,2400000,0xe0000
1781242564,59.3,2400000,0xe0000
1781242565,58.2,2400000,0xe0000
1781242566,59.3,2400000,0xe0000
1781242567,59.3,2400000,0xe0000
1781242568,58.7,2400000,0xe0000
1781242569,58.2,2400000,0xe0000
1781242570,58.7,2400000,0xe0000
1781242571,58.7,2400000,0xe0000
1781242572,59.3,2400000,0xe0000
1781242573,58.7,2400000,0xe0000
1781242574,58.2,2400000,0xe0000
1781242575,58.2,2400000,0xe0000
1781242576,58.7,2400000,0xe0000
1781242577,58.7,2400000,0xe0000
1781242578,58.7,2400000,0xe0000
1781242579,58.7,2400000,0xe0000
1781242580,58.7,2400000,0xe0000
1781242582,58.7,2400000,0xe0000
1781242583,58.2,2400000,0xe0000
1781242584,58.7,2400000,0xe0000
1781242585,58.7,2400000,0xe0000
1781242586,58.7,2400000,0xe0000
1781242587,58.2,2400000,0xe0000
1781242588,58.7,2400000,0xe0000
1781242589,58.7,2400000,0xe0000
1781242590,58.2,2400000,0xe0000
1781242591,58.2,2400000,0xe0000
1781242592,58.7,2400000,0xe0000
1781242593,58.2,2400000,0xe0000
1781242594,58.7,2400000,0xe0000
1781242595,58.7,2400000,0xe0000
1781242596,58.7,2400000,0xe0000
1781242597,58.7,2400000,0xe0000
1781242598,58.2,2400000,0xe0000
1781242599,58.7,2400000,0xe0000
1781242600,58.2,2400000,0xe0000
1781242601,58.7,2400000,0xe0000
1781242602,58.7,2400000,0xe0000
1781242604,58.7,2400000,0xe0000
1781242605,58.7,2400000,0xe0000
1781242606,58.7,2400000,0xe0000
1781242607,58.7,2400000,0xe0000
1781242608,58.2,2400000,0xe0000
1781242609,58.2,2400000,0xe0000
1781242610,58.7,2400000,0xe0000
1781242611,57.6,2400000,0xe0000
1781242612,58.7,2400000,0xe0000
1781242613,58.2,2400000,0xe0000
1781242614,58.7,2400000,0xe0000
1781242615,58.2,2400000,0xe0000
1781242616,58.7,2400000,0xe0000
1781242617,58.2,2400000,0xe0000
1781242618,58.2,2400000,0xe0000
1781242619,57.6,2400000,0xe0000
1781242620,59.3,2400000,0xe0000
1781242621,58.7,2400000,0xe0000
1781242622,58.2,2400000,0xe0000
1781242623,58.2,2400000,0xe0000
1781242624,58.7,2400000,0xe0000
1781242625,58.2,2400000,0xe0000
1781242626,58.2,2400000,0xe0000
1781242628,58.2,2400000,0xe0000
1781242629,58.7,2400000,0xe0000
1781242630,58.2,2400000,0xe0000
1781242631,58.7,2400000,0xe0000
1781242632,58.2,2400000,0xe0000
1781242633,58.2,2400000,0xe0000
1781242634,58.2,2400000,0xe0000
1781242635,58.7,2400000,0xe0000
1781242636,57.6,2400000,0xe0000
1781242637,58.2,2400000,0xe0000
1781242638,57.6,2400000,0xe0000
1781242639,59.3,2400000,0xe0000
1781242640,57.6,2400000,0xe0000
1781242641,58.7,2400000,0xe0000
1781242642,58.7,2400000,0xe0000
1781242643,57.6,2400000,0xe0000
1781242644,58.7,2400000,0xe0000
1781242645,58.2,2400000,0xe0000
1781242646,58.2,2400000,0xe0000
1781242647,58.2,2400000,0xe0000
1781242648,58.7,2400000,0xe0000
1781242649,58.7,2400000,0xe0000
1781242650,58.2,2400000,0xe0000
1781242651,58.7,2400000,0xe0000
1781242652,58.7,2400000,0xe0000
1781242654,58.7,2400000,0xe0000
1781242655,58.7,2400000,0xe0000
1781242656,58.2,2400000,0xe0000
1781242657,58.7,2400000,0xe0000
1781242658,58.7,2400000,0xe0000
1781242659,58.7,2400000,0xe0000
1781242660,58.7,2400000,0xe0000
1781242661,58.7,2400000,0xe0000
1781242662,58.2,2400000,0xe0000
1781242663,58.2,2400000,0xe0000
1781242664,58.7,2400000,0xe0000
1781242665,58.7,2400000,0xe0000
1781242666,58.2,2400000,0xe0000
1781242667,58.7,2400000,0xe0000
1781242668,58.2,2400000,0xe0000
1781242669,58.7,2400000,0xe0000
1781242670,58.2,2400000,0xe0000
1781242671,58.7,2400000,0xe0000
1781242672,58.2,2400000,0xe0000
1781242673,57.6,2400000,0xe0000
1781242675,58.7,2400000,0xe0000
1781242676,58.7,2400000,0xe0000
1781242677,58.7,2400000,0xe0000
1781242678,57.6,2400000,0xe0000
1781242679,58.7,2400000,0xe0000
1781242680,58.2,2400000,0xe0000
1781242681,58.7,2400000,0xe0000
1781242682,59.3,2400000,0xe0000
1781242683,57.6,2400000,0xe0000
1781242684,58.7,2400000,0xe0000
1781242685,58.7,2400000,0xe0000
1781242686,59.3,2400000,0xe0000
1781242687,58.7,2400000,0xe0000
1781242688,58.2,2400000,0xe0000
1781242689,57.6,2400000,0xe0000
1781242690,58.7,2400000,0xe0000
1781242691,58.7,2400000,0xe0000
1781242693,58.2,2400000,0xe0000
1781242694,58.2,2400000,0xe0000
1781242695,58.7,2400000,0xe0000
1781242696,58.7,2400000,0xe0000
1781242697,59.3,2400000,0xe0000
1781242698,58.7,2400000,0xe0000
1781242699,59.3,2400000,0xe0000
1781242700,58.7,2400000,0xe0000
1781242701,58.7,2400000,0xe0000
1781242702,58.7,2400000,0xe0000
1781242703,57.6,2400000,0xe0000
1781242704,58.7,2400000,0xe0000
1781242705,58.2,2400000,0xe0000
1781242706,59.3,2400000,0xe0000
1781242707,58.7,2400000,0xe0000
1781242708,58.2,2400000,0xe0000
1781242709,58.2,2400000,0xe0000
1781242710,58.2,2400000,0xe0000
1781242711,58.7,2400000,0xe0000
1781242712,58.2,2400000,0xe0000
1781242713,58.7,2400000,0xe0000
1781242715,58.2,2400000,0xe0000
1781242716,58.2,2400000,0xe0000
1781242717,58.2,2400000,0xe0000
1781242718,58.2,2400000,0xe0000
1781242719,57.6,2400000,0xe0000
1781242720,58.7,2400000,0xe0000
1781242721,58.2,2400000,0xe0000
1781242722,58.2,2400000,0xe0000
1781242723,58.7,2400000,0xe0000
1781242724,58.7,2400000,0xe0000
1781242725,58.7,2400000,0xe0000
1781242726,58.2,2400000,0xe0000
1781242727,58.2,2400000,0xe0000
1781242728,58.7,2400000,0xe0000
1781242729,58.7,2400000,0xe0000
1781242730,58.7,2400000,0xe0000
1781242731,58.2,2400000,0xe0000
1781242733,58.2,2400000,0xe0000
1781242734,58.2,2400000,0xe0000
1781242735,58.7,2400000,0xe0000
1781242736,57.1,2400000,0xe0000
1781242737,58.7,2400000,0xe0000
1781242738,58.7,2400000,0xe0000
1781242739,58.2,2400000,0xe0000
1781242740,58.2,2400000,0xe0000
1781242741,57.6,2400000,0xe0000
1781242742,58.7,2400000,0xe0000
1781242743,57.6,2400000,0xe0000
1781242744,58.7,2400000,0xe0000
1781242745,58.2,2400000,0xe0000
1781242746,58.7,2400000,0xe0000
1781242747,58.7,2400000,0xe0000
1781242748,58.7,2400000,0xe0000
1781242749,58.7,2400000,0xe0000
1781242750,58.2,2400000,0xe0000
1781242751,58.2,2400000,0xe0000
1781242752,57.1,2400000,0xe0000
1781242753,59.3,2400000,0xe0000
1781242754,58.7,2400000,0xe0000
1781242755,58.7,2400000,0xe0000
1781242757,58.7,2400000,0xe0000
1781242758,58.7,2400000,0xe0000
1781242759,57.6,2400000,0xe0000
1781242760,58.7,2400000,0xe0000
1781242761,58.7,2400000,0xe0000
1781242762,58.2,2400000,0xe0000
1781242763,58.2,2400000,0xe0000
1781242764,58.7,2400000,0xe0000
1781242765,58.2,2400000,0xe0000
1781242766,58.2,2400000,0xe0000
1781242767,58.7,2400000,0xe0000
1781242768,58.2,2400000,0xe0000
1781242769,57.6,2400000,0xe0000
1781242770,58.7,2400000,0xe0000
1781242771,58.7,2400000,0xe0000
1781242772,58.7,2400000,0xe0000
1781242773,58.7,2400000,0xe0000
1781242774,58.7,2400000,0xe0000
1781242775,58.2,2400000,0xe0000
1781242776,58.7,2400000,0xe0000
1781242777,58.7,2400000,0xe0000
1781242778,58.7,2400000,0xe0000
1781242779,58.2,2400000,0xe0000
1781242780,58.2,2400000,0xe0000
1781242781,58.2,2400000,0xe0000
1781242782,58.7,2400000,0xe0000
1781242783,58.7,2400000,0xe0000
1781242784,58.7,2400000,0xe0000
1781242785,58.7,2400000,0xe0000
1781242786,58.2,2400000,0xe0000
1781242787,58.7,2400000,0xe0000
1781242788,58.2,2400000,0xe0000
1781242790,58.2,2400000,0xe0000
1781242791,58.2,2400000,0xe0000
1781242792,58.7,2400000,0xe0000
1781242793,58.7,2400000,0xe0000
1781242794,57.6,2400000,0xe0000
1781242795,58.2,2400000,0xe0000
1781242796,58.2,2400000,0xe0000
1781242797,58.7,2400000,0xe0000
1781242798,58.7,2400000,0xe0000
1781242799,58.2,2400000,0xe0000
1781242800,58.7,2400000,0xe0000
1781242801,58.7,2400000,0xe0000
1781242802,58.7,2400000,0xe0000
1781242803,58.7,2400000,0xe0000
1781242804,58.7,2400000,0xe0000
1781242805,58.7,2400000,0xe0000
1781242806,58.7,2400000,0xe0000
1781242807,57.6,2400000,0xe0000
1781242808,58.2,2400000,0xe0000
1781242809,58.2,2400000,0xe0000
1781242810,58.7,2400000,0xe0000
1781242811,58.2,2400000,0xe0000
1781242812,58.7,2400000,0xe0000
1781242813,58.2,2400000,0xe0000
1781242814,57.6,2400000,0xe0000
1781242815,59.3,2400000,0xe0000
1781242816,58.7,2400000,0xe0000
1781242817,58.2,2400000,0xe0000
1781242818,58.7,2400000,0xe0000
1781242820,58.2,2400000,0xe0000
1781242821,58.7,2400000,0xe0000
1781242822,58.2,2400000,0xe0000
1781242823,59.3,2400000,0xe0000
1781242824,58.7,2400000,0xe0000
1781242825,58.7,2400000,0xe0000
1781242826,58.7,2400000,0xe0000
1781242827,58.2,2400000,0xe0000
1781242828,58.7,2400000,0xe0000
1781242829,58.2,2400000,0xe0000
1781242830,58.2,2400000,0xe0000
1781242831,58.7,2400000,0xe0000
1781242832,59.3,2400000,0xe0000
1781242833,58.7,2400000,0xe0000
1781242834,58.7,2400000,0xe0000
1781242835,58.2,2400000,0xe0000
1781242836,57.6,2400000,0xe0000
1781242837,58.7,2400000,0xe0000
1781242838,58.7,2400000,0xe0000
1781242840,59.3,2400000,0xe0000
1781242841,58.7,2400000,0xe0000
1781242842,59.3,2400000,0xe0000
1781242843,58.2,2400000,0xe0000
1781242844,58.7,2400000,0xe0000
1781242845,58.2,2400000,0xe0000
1781242846,57.1,2400000,0xe0000
1781242847,58.7,2400000,0xe0000
1781242848,58.2,2400000,0xe0000
1781242849,58.2,2400000,0xe0000
1781242850,59.3,2400000,0xe0000
1781242851,58.7,2400000,0xe0000
1781242852,59.3,2400000,0xe0000
1781242853,58.7,2400000,0xe0000
1781242854,57.6,2400000,0xe0000
1781242855,58.7,2400000,0xe0000
1781242856,58.2,2400000,0xe0000
1781242857,58.7,2400000,0xe0000
1781242858,58.7,2400000,0xe0000
1781242859,57.6,2400000,0xe0000
1781242860,58.7,2400000,0xe0000
1781242862,58.7,2400000,0xe0000
1781242863,58.7,2400000,0xe0000
1781242864,57.6,2400000,0xe0000
1781242865,58.7,2400000,0xe0000
1781242866,58.7,2400000,0xe0000
1781242867,57.6,2400000,0xe0000
1781242868,58.7,2400000,0xe0000
1781242869,58.2,2400000,0xe0000
1781242870,57.6,2400000,0xe0000
1781242871,58.2,2400000,0xe0000
1781242872,58.2,2400000,0xe0000
1781242873,58.2,2400000,0xe0000
1781242874,58.7,2400000,0xe0000
1781242875,58.7,2400000,0xe0000
1781242876,58.2,2400000,0xe0000
1781242877,58.7,2400000,0xe0000
1781242878,57.6,2400000,0xe0000
1781242879,58.7,2400000,0xe0000
1781242880,58.2,2400000,0xe0000
1781242881,58.7,2400000,0xe0000
1781242882,58.2,2400000,0xe0000
1781242883,57.6,2400000,0xe0000
1781242884,58.2,2400000,0xe0000
1781242885,58.2,2400000,0xe0000
1781242886,58.2,2400000,0xe0000
1781242887,58.7,2400000,0xe0000
1781242889,58.2,2400000,0xe0000
1781242890,59.3,2400000,0xe0000
1781242891,58.2,2400000,0xe0000
1781242892,58.7,2400000,0xe0000
1781242893,57.6,2400000,0xe0000
1781242894,58.2,2400000,0xe0000
1781242895,58.7,2400000,0xe0000
1781242896,58.2,2400000,0xe0000
1781242897,58.7,2400000,0xe0000
1781242898,58.7,2400000,0xe0000
1781242899,57.6,2400000,0xe0000
1781242900,57.6,2400000,0xe0000
1781242901,57.6,2400000,0xe0000
1781242902,58.7,2400000,0xe0000
1781242903,58.2,2400000,0xe0000
1781242904,57.6,2400000,0xe0000
1781242905,57.6,2400000,0xe0000
1781242906,58.2,2400000,0xe0000
1781242907,58.7,2400000,0xe0000
1781242908,58.2,2400000,0xe0000
1781242909,58.2,2400000,0xe0000
1781242910,58.2,2400000,0xe0000
1781242911,57.6,2400000,0xe0000
1781242912,58.7,2400000,0xe0000
1781242913,58.2,2400000,0xe0000
1781242914,58.2,2400000,0xe0000
1781242915,57.6,2400000,0xe0000
1781242916,58.2,2400000,0xe0000
1781242917,58.2,2400000,0xe0000
1781242918,58.2,2400000,0xe0000
1781242919,58.7,2400000,0xe0000
1781242921,57.6,2400000,0xe0000
1781242922,58.2,2400000,0xe0000
1781242923,58.2,2400000,0xe0000
1781242924,59.3,2400000,0xe0000
1781242925,58.2,2400000,0xe0000
1781242926,58.7,2400000,0xe0000
1781242927,58.2,2400000,0xe0000
1781242928,58.2,2400000,0xe0000
1781242929,58.2,2400000,0xe0000
1781242930,57.6,2400000,0xe0000
1781242931,58.2,2400000,0xe0000
1781242932,57.6,2400000,0xe0000
1781242933,57.6,2400000,0xe0000
1781242934,58.7,2400000,0xe0000
1781242935,57.6,2400000,0xe0000
1781242936,57.6,2400000,0xe0000
1781242937,57.6,2400000,0xe0000
1781242938,58.2,2400000,0xe0000
1781242939,58.7,2400000,0xe0000
1781242940,57.6,2400000,0xe0000
1781242941,58.2,2400000,0xe0000
1781242943,58.2,2400000,0xe0000
1781242944,58.7,2400000,0xe0000
1781242945,58.2,2400000,0xe0000
1781242946,58.2,2400000,0xe0000
1781242947,58.2,2400000,0xe0000
1781242948,58.7,2400000,0xe0000
1781242949,58.7,2400000,0xe0000
1781242950,58.7,2400000,0xe0000
1781242951,56.5,2400000,0xe0000
1781242952,58.2,2400000,0xe0000
1781242953,58.2,2400000,0xe0000
1781242954,58.7,2400000,0xe0000
1781242955,58.2,2400000,0xe0000
1781242956,58.2,2400000,0xe0000
1781242957,58.2,2400000,0xe0000
1781242958,58.2,2400000,0xe0000
1781242959,58.2,2400000,0xe0000
1781242961,57.6,2400000,0xe0000
1781242962,58.2,2400000,0xe0000
1781242963,58.2,2400000,0xe0000
1781242964,58.7,2400000,0xe0000
1781242965,58.2,2400000,0xe0000
1781242966,57.6,2400000,0xe0000
1781242967,58.2,2400000,0xe0000
1781242968,58.2,2400000,0xe0000
1781242969,57.1,2400000,0xe0000
1781242970,58.7,2400000,0xe0000
1781242971,57.6,2400000,0xe0000
1781242972,58.2,2400000,0xe0000
1781242973,58.7,2400000,0xe0000
1781242974,58.2,2400000,0xe0000
1781242975,57.6,2400000,0xe0000
1781242976,57.6,2400000,0xe0000
1781242977,57.6,2400000,0xe0000
1781242978,58.7,2400000,0xe0000
1781242979,58.7,2400000,0xe0000
1781242980,58.7,2400000,0xe0000
1781242981,58.7,2400000,0xe0000
1781242982,58.7,2400000,0xe0000
1781242983,58.2,2400000,0xe0000
1781242984,58.7,2400000,0xe0000
1781242985,58.7,2400000,0xe0000
1781242987,58.2,2400000,0xe0000
1781242988,58.2,2400000,0xe0000
1781242989,58.2,2400000,0xe0000
1781242990,58.7,2400000,0xe0000
1781242991,58.2,2400000,0xe0000
1781242992,58.7,2400000,0xe0000
1781242993,57.6,2400000,0xe0000
1781242994,56.5,2400000,0xe0000
1781242995,58.2,2400000,0xe0000
1781242996,58.2,2400000,0xe0000
1781242997,57.1,2400000,0xe0000
1781242998,58.2,2400000,0xe0000
1781242999,58.2,2400000,0xe0000
1781243000,58.2,2400000,0xe0000
1781243001,58.2,2400000,0xe0000
1781243002,58.2,2400000,0xe0000
1781243003,58.2,2400000,0xe0000
1781243004,58.2,2400000,0xe0000
1781243005,57.6,2400000,0xe0000
1781243006,57.6,2400000,0xe0000
1781243007,58.2,2400000,0xe0000
1781243008,58.7,2400000,0xe0000
1781243009,58.2,2400000,0xe0000
1781243010,58.7,2400000,0xe0000
1781243011,58.2,2400000,0xe0000
1781243013,58.2,2400000,0xe0000
1781243014,58.7,2400000,0xe0000
1781243015,58.2,2400000,0xe0000
1781243016,57.6,2400000,0xe0000
1781243017,58.7,2400000,0xe0000
1781243018,57.6,2400000,0xe0000
1781243019,58.2,2400000,0xe0000
1781243020,58.2,2400000,0xe0000
1781243021,58.2,2400000,0xe0000
1781243022,57.6,2400000,0xe0000
1781243023,58.2,2400000,0xe0000
1781243024,58.7,2400000,0xe0000
1781243025,58.7,2400000,0xe0000
1781243026,57.6,2400000,0xe0000
1781243027,58.2,2400000,0xe0000
1781243028,58.7,2400000,0xe0000
1781243029,57.6,2400000,0xe0000
1781243030,58.2,2400000,0xe0000
1781243031,58.2,2400000,0xe0000
1781243032,58.2,2400000,0xe0000
1781243033,58.2,2400000,0xe0000
1781243034,58.2,2400000,0xe0000
1781243035,58.7,2400000,0xe0000
1781243036,58.2,2400000,0xe0000
1781243037,58.2,2400000,0xe0000
1781243039,58.7,2400000,0xe0000
1781243040,58.2,2400000,0xe0000
1781243041,58.2,2400000,0xe0000
1781243042,58.7,2400000,0xe0000
1781243043,58.2,2400000,0xe0000
1781243044,58.2,2400000,0xe0000
1781243045,57.6,2400000,0xe0000
1781243046,58.2,2400000,0xe0000
1781243047,57.1,2400000,0xe0000
1781243048,58.2,2400000,0xe0000
1781243049,58.2,2400000,0xe0000
1781243050,58.7,2400000,0xe0000
1781243051,58.7,2400000,0xe0000
1781243052,57.6,2400000,0xe0000
1781243053,57.6,2400000,0xe0000
1781243054,58.7,2400000,0xe0000
1781243055,58.2,2400000,0xe0000
1781243056,58.7,2400000,0xe0000
1781243058,58.2,2400000,0xe0000
1781243059,58.7,2400000,0xe0000
1781243060,59.3,2400000,0xe0000
1781243061,58.2,2400000,0xe0000
1781243062,58.7,2400000,0xe0000
1781243063,58.2,2400000,0xe0000
1781243064,57.1,2400000,0xe0000
1781243065,58.2,2400000,0xe0000
1781243066,58.2,2400000,0xe0000
1781243067,58.2,2400000,0xe0000
1781243068,58.7,2400000,0xe0000
1781243069,58.7,2400000,0xe0000
1781243070,58.2,2400000,0xe0000
1781243071,58.2,2400000,0xe0000
1781243072,58.7,2400000,0xe0000
1781243073,58.2,2400000,0xe0000
1781243074,58.7,2400000,0xe0000
1781243075,58.7,2400000,0xe0000
1781243076,58.7,2400000,0xe0000
1781243077,58.2,2400000,0xe0000
1781243078,58.7,2400000,0xe0000
1781243079,58.2,2400000,0xe0000
1781243081,58.7,2400000,0xe0000
1781243082,57.6,2400000,0xe0000
1781243083,57.6,2400000,0xe0000
1781243084,58.2,2400000,0xe0000
1781243085,58.2,2400000,0xe0000
1781243086,57.6,2400000,0xe0000
1781243087,59.3,2400000,0xe0000
1781243088,58.2,2400000,0xe0000
1781243089,57.6,2400000,0xe0000
1781243090,58.2,2400000,0xe0000
1781243091,58.7,2400000,0xe0000
1781243092,57.6,2400000,0xe0000
1781243093,58.2,2400000,0xe0000
1781243094,58.2,2400000,0xe0000
1781243095,58.2,2400000,0xe0000
1781243096,57.6,2400000,0xe0000
1781243097,58.7,2400000,0xe0000
1781243098,58.2,2400000,0xe0000
1781243099,58.2,2400000,0xe0000
1781243101,58.2,2400000,0xe0000
1781243102,58.2,2400000,0xe0000
1781243103,58.2,2400000,0xe0000
1781243104,58.2,2400000,0xe0000
1781243105,58.7,2400000,0xe0000
1781243106,58.2,2400000,0xe0000
1781243107,57.6,2400000,0xe0000
1781243108,58.2,2400000,0xe0000
1781243109,58.2,2400000,0xe0000
1781243110,58.2,2400000,0xe0000
1781243111,58.7,2400000,0xe0000
1781243112,58.7,2400000,0xe0000
1781243113,58.2,2400000,0xe0000
1781243114,58.2,2400000,0xe0000
1781243115,58.2,2400000,0xe0000
1781243116,58.2,2400000,0xe0000
1781243117,58.7,2400000,0xe0000
1781243118,57.6,2400000,0xe0000
1781243119,58.7,2400000,0xe0000
1781243120,58.2,2400000,0xe0000
1781243121,58.2,2400000,0xe0000
1781243122,58.2,2400000,0xe0000
1781243123,57.6,2400000,0xe0000
1781243124,58.7,2400000,0xe0000
1781243125,58.2,2400000,0xe0000
1781243126,58.2,2400000,0xe0000
1781243127,58.2,2400000,0xe0000
1781243128,58.7,2400000,0xe0000
1781243129,57.1,2400000,0xe0000
1781243130,57.6,2400000,0xe0000
1781243131,59.3,2400000,0xe0000
1781243132,57.6,2400000,0xe0000
1781243133,58.7,2400000,0xe0000
1781243135,57.6,2400000,0xe0000
1781243136,57.6,2400000,0xe0000
1781243137,58.2,2400000,0xe0000
1781243138,56.5,2400000,0xe0000
1781243139,57.6,2400000,0xe0000
1781243140,57.6,2400000,0xe0000
1781243141,58.2,2400000,0xe0000
1781243142,58.2,2400000,0xe0000
1781243143,56.5,2400000,0xe0000
1781243144,58.2,2400000,0xe0000
1781243145,57.6,2400000,0xe0000
1781243146,57.6,2400000,0xe0000
1781243147,58.2,2400000,0xe0000
1781243148,58.2,2400000,0xe0000
1781243149,57.6,2400000,0xe0000
1781243150,58.2,2400000,0xe0000
1781243151,58.2,2400000,0xe0000
1781243152,58.2,2400000,0xe0000
1781243153,58.2,2400000,0xe0000
1781243154,58.2,2400000,0xe0000
1781243155,58.2,2400000,0xe0000
1781243156,58.2,2400000,0xe0000
1781243158,58.2,2400000,0xe0000
1781243159,58.2,2400000,0xe0000
1781243160,57.6,2400000,0xe0000
1781243161,58.7,2400000,0xe0000
1781243162,57.6,2400000,0xe0000
1781243163,58.2,2400000,0xe0000
1781243164,58.7,2400000,0xe0000
1781243165,58.7,2400000,0xe0000
1781243166,57.6,2400000,0xe0000
1781243167,58.7,2400000,0xe0000
1781243168,58.2,2400000,0xe0000
1781243169,57.6,2400000,0xe0000
1781243170,57.6,2400000,0xe0000
1781243171,58.2,2400000,0xe0000
1781243172,58.2,2400000,0xe0000
1781243173,57.6,2400000,0xe0000
1781243174,58.2,2400000,0xe0000
1781243175,58.2,2400000,0xe0000
1781243176,57.6,2400000,0xe0000
1781243177,58.7,2400000,0xe0000
1781243178,58.2,2400000,0xe0000
1781243179,58.2,2400000,0xe0000
1781243180,58.2,2400000,0xe0000
1781243181,58.7,2400000,0xe0000
1781243182,58.2,2400000,0xe0000
1781243184,58.7,2400000,0xe0000
1781243185,58.2,2400000,0xe0000
1781243186,58.7,2400000,0xe0000
1781243187,58.2,2400000,0xe0000
1781243188,58.2,2400000,0xe0000
1781243189,58.2,2400000,0xe0000
1781243190,57.6,2400000,0xe0000
1781243191,57.6,2400000,0xe0000
1781243192,57.1,2400000,0xe0000
1781243193,58.2,2400000,0xe0000
1781243194,57.6,2400000,0xe0000
1781243195,58.7,2400000,0xe0000
1781243196,57.6,2400000,0xe0000
1781243197,58.2,2400000,0xe0000
1781243198,58.2,2400000,0xe0000
1781243199,58.2,2400000,0xe0000
1781243200,58.2,2400000,0xe0000
1781243201,57.6,2400000,0xe0000
1781243202,58.2,2400000,0xe0000
1781243204,58.2,2400000,0xe0000
1781243205,57.6,2400000,0xe0000
1781243206,58.2,2400000,0xe0000
1781243207,57.6,2400000,0xe0000
1781243208,58.2,2400000,0xe0000
1781243209,57.1,2400000,0xe0000
1781243210,58.2,2400000,0xe0000
1781243211,58.2,2400000,0xe0000
1781243212,58.2,2400000,0xe0000
1781243213,58.7,2400000,0xe0000
1781243214,57.6,2400000,0xe0000
1781243215,57.6,2400000,0xe0000
1781243216,57.6,2400000,0xe0000
1781243217,57.6,2400000,0xe0000
1781243218,57.6,2400000,0xe0000
1781243220,58.2,2400000,0xe0000
1781243221,58.2,2400000,0xe0000
1781243222,58.2,2400000,0xe0000
1781243223,57.1,2400000,0xe0000
1781243224,58.2,2400000,0xe0000
1781243225,58.7,2400000,0xe0000
1781243226,57.6,2400000,0xe0000
1781243227,57.1,2400000,0xe0000
1781243228,58.2,2400000,0xe0000
1781243229,57.6,2400000,0xe0000
1781243230,57.6,2400000,0xe0000
1781243231,58.2,2400000,0xe0000
1781243232,59.3,2400000,0xe0000
1781243233,57.6,2400000,0xe0000
1781243234,58.7,2400000,0xe0000
1781243235,58.7,2400000,0xe0000
1781243236,57.6,2400000,0xe0000
1781243237,58.7,2400000,0xe0000
1781243238,57.6,2400000,0xe0000
1781243239,58.7,2400000,0xe0000
1781243240,58.2,2400000,0xe0000
1781243241,58.2,2400000,0xe0000
1781243242,58.2,2400000,0xe0000
1781243243,58.2,2400000,0xe0000
1781243244,58.2,2400000,0xe0000
1781243245,58.2,2400000,0xe0000
1781243246,58.2,2400000,0xe0000
1781243247,57.6,2400000,0xe0000
1781243248,58.2,2400000,0xe0000
1781243250,57.6,2400000,0xe0000
1781243251,57.6,2400000,0xe0000
1781243252,58.7,2400000,0xe0000
1781243253,58.2,2400000,0xe0000
1781243254,57.1,2400000,0xe0000
1781243255,58.2,2400000,0xe0000
1781243256,58.7,2400000,0xe0000
1781243257,58.2,2400000,0xe0000
1781243258,57.6,2400000,0xe0000
1781243259,58.2,2400000,0xe0000
1781243260,58.2,2400000,0xe0000
1781243261,57.6,2400000,0xe0000
1781243262,58.2,2400000,0xe0000
1781243263,58.2,2400000,0xe0000
1781243264,58.2,2400000,0xe0000
1781243265,58.2,2400000,0xe0000
1781243266,58.2,2400000,0xe0000
1781243267,58.7,2400000,0xe0000
1781243268,58.2,2400000,0xe0000
1781243270,58.7,2400000,0xe0000
1781243271,58.2,2400000,0xe0000
1781243272,57.6,2400000,0xe0000
1781243273,58.2,2400000,0xe0000
1781243274,58.7,2400000,0xe0000
1781243275,57.6,2400000,0xe0000
1781243276,58.2,2400000,0xe0000
1781243277,58.2,2400000,0xe0000
1781243278,58.2,2400000,0xe0000
1781243279,58.2,2400000,0xe0000
1781243280,58.2,2400000,0xe0000
1781243281,57.6,2400000,0xe0000
1781243282,58.2,2400000,0xe0000
1781243283,58.7,2400000,0xe0000
1781243284,58.2,2400000,0xe0000
1781243285,58.2,2400000,0xe0000
1781243286,59.3,2400000,0xe0000
1781243287,58.2,2400000,0xe0000
1781243288,57.6,2400000,0xe0000
1781243289,59.3,2400000,0xe0000
1781243290,58.7,2400000,0xe0000
1781243291,58.7,2400000,0xe0000
1781243292,58.2,2400000,0xe0000
1781243293,57.6,2400000,0xe0000
1781243294,58.2,2400000,0xe0000
1781243296,58.7,2400000,0xe0000
1781243297,57.1,2400000,0xe0000
1781243298,58.2,2400000,0xe0000
1781243299,57.6,2400000,0xe0000
1781243300,58.2,2400000,0xe0000
1781243301,57.6,2400000,0xe0000
1781243302,57.6,2400000,0xe0000
1781243303,58.2,2400000,0xe0000
1781243304,58.2,2400000,0xe0000
1781243305,58.2,2400000,0xe0000
1781243306,58.7,2400000,0xe0000
1781243307,57.6,2400000,0xe0000
1781243308,58.2,2400000,0xe0000
1781243309,58.2,2400000,0xe0000
1781243310,58.2,2400000,0xe0000
1781243311,58.2,2400000,0xe0000
1781243312,58.2,2400000,0xe0000
1781243313,58.7,2400000,0xe0000
1781243314,58.2,2400000,0xe0000
1781243315,58.2,2400000,0xe0000
1781243317,58.2,2400000,0xe0000
1781243318,58.2,2400000,0xe0000
1781243319,58.2,2400000,0xe0000
1781243320,58.2,2400000,0xe0000
1781243321,57.6,2400000,0xe0000
1781243322,58.2,2400000,0xe0000
1781243323,58.2,2400000,0xe0000
1781243324,57.6,2400000,0xe0000
1781243325,58.2,2400000,0xe0000
1781243326,58.2,2400000,0xe0000
1781243327,57.6,2400000,0xe0000
1781243328,58.2,2400000,0xe0000
1781243329,58.7,2400000,0xe0000
1781243330,58.2,2400000,0xe0000
1781243331,58.7,2400000,0xe0000
1781243333,58.7,2400000,0xe0000
1781243334,57.6,2400000,0xe0000
1781243335,58.2,2400000,0xe0000
1781243336,58.2,2400000,0xe0000
1781243337,58.7,2400000,0xe0000
1781243338,58.2,2400000,0xe0000
1781243339,58.2,2400000,0xe0000
1781243340,57.6,2400000,0xe0000
1781243341,58.2,2400000,0xe0000
1781243342,57.6,2400000,0xe0000
1781243343,58.2,2400000,0xe0000
1781243344,58.2,2400000,0xe0000
1781243345,57.6,2400000,0xe0000
1781243346,57.6,2400000,0xe0000
1781243347,58.2,2400000,0xe0000
1781243348,57.6,2400000,0xe0000
1781243349,57.6,2400000,0xe0000
1781243350,57.6,2400000,0xe0000
1781243351,58.7,2400000,0xe0000
1781243352,58.2,2400000,0xe0000
1781243353,57.6,2400000,0xe0000
1781243354,58.2,2400000,0xe0000
1781243355,58.2,2400000,0xe0000
1781243356,58.7,2400000,0xe0000
1781243357,58.2,2400000,0xe0000
1781243359,58.7,2400000,0xe0000
1781243360,58.2,2400000,0xe0000
1781243361,58.7,2400000,0xe0000
1781243362,57.6,2400000,0xe0000
1781243363,58.7,2400000,0xe0000
1781243364,57.6,2400000,0xe0000
1781243365,58.2,2400000,0xe0000
1781243366,57.6,2400000,0xe0000
1781243367,58.2,2400000,0xe0000
1781243368,57.6,2400000,0xe0000
1781243369,57.6,2400000,0xe0000
1781243370,57.6,2400000,0xe0000
1781243371,58.2,2400000,0xe0000
1781243372,58.2,2400000,0xe0000
1781243373,57.6,2400000,0xe0000
1781243374,57.6,2400000,0xe0000
1781243375,58.2,2400000,0xe0000
1781243376,57.6,2400000,0xe0000
1781243377,58.2,2400000,0xe0000
1781243378,57.6,2400000,0xe0000
1781243379,57.6,2400000,0xe0000
1781243380,58.2,2400000,0xe0000
1781243381,57.6,2400000,0xe0000
1781243382,58.2,2400000,0xe0000
1781243383,58.7,2400000,0xe0000
1781243384,58.2,2400000,0xe0000
1781243386,57.6,2400000,0xe0000
1781243387,58.2,2400000,0xe0000
1781243388,58.2,2400000,0xe0000
1781243389,58.2,2400000,0xe0000
1781243390,57.6,2400000,0xe0000
1781243391,57.6,2400000,0xe0000
1781243392,58.2,2400000,0xe0000
1781243393,58.2,2400000,0xe0000
1781243394,57.6,2400000,0xe0000
1781243395,57.6,2400000,0xe0000
1781243396,57.6,2400000,0xe0000
1781243397,57.6,2400000,0xe0000
1781243398,58.7,2400000,0xe0000
1781243399,57.6,2400000,0xe0000
1781243400,57.6,2400000,0xe0000
1781243401,58.7,2400000,0xe0000
1781243402,58.2,2400000,0xe0000
1781243403,58.2,2400000,0xe0000
1781243404,58.2,2400000,0xe0000
1781243405,58.2,2400000,0xe0000
1781243406,58.2,2400000,0xe0000
1781243407,57.6,2400000,0xe0000
1781243408,58.2,2400000,0xe0000
1781243410,58.2,2400000,0xe0000
1781243411,57.6,2400000,0xe0000
1781243412,57.6,2400000,0xe0000
1781243413,58.2,2400000,0xe0000
1781243414,58.2,2400000,0xe0000
1781243415,58.2,2400000,0xe0000
1781243416,58.2,2400000,0xe0000
1781243417,57.6,2400000,0xe0000
1781243418,58.2,2400000,0xe0000
1781243419,58.2,2400000,0xe0000
1781243420,57.6,2400000,0xe0000
1781243421,57.6,2400000,0xe0000
1781243422,57.6,2400000,0xe0000
1781243423,57.6,2400000,0xe0000
1781243424,58.2,2400000,0xe0000
1781243425,57.6,2400000,0xe0000
1781243426,58.2,2400000,0xe0000
1781243427,57.6,2400000,0xe0000
1781243428,58.7,2400000,0xe0000
1781243429,57.1,2400000,0xe0000
1781243430,58.2,2400000,0xe0000
1781243431,57.6,2400000,0xe0000
1781243432,58.2,2400000,0xe0000
1781243434,58.7,2400000,0xe0000
1781243435,57.6,2400000,0xe0000
1781243436,57.6,2400000,0xe0000
1781243437,58.2,2400000,0xe0000
1781243438,58.7,2400000,0xe0000
1781243439,58.7,2400000,0xe0000
1781243440,58.2,2400000,0xe0000
1781243441,57.1,2400000,0xe0000
1781243442,58.2,2400000,0xe0000
1781243443,58.7,2400000,0xe0000
1781243444,58.7,2400000,0xe0000
1781243445,57.6,2400000,0xe0000
1781243446,57.6,2400000,0xe0000
1781243447,58.2,2400000,0xe0000
1781243448,57.1,2400000,0xe0000
1781243449,57.6,2400000,0xe0000
1781243450,58.2,2400000,0xe0000
1781243451,57.6,2400000,0xe0000
1781243452,57.1,2400000,0xe0000
1781243453,57.6,2400000,0xe0000
1781243454,58.2,2400000,0xe0000
1781243455,57.6,2400000,0xe0000
1781243456,58.2,2400000,0xe0000
1781243458,58.2,2400000,0xe0000
1781243459,58.2,2400000,0xe0000
1781243460,58.2,2400000,0xe0000
1781243461,58.2,2400000,0xe0000
1781243462,58.2,2400000,0xe0000
1781243463,58.2,2400000,0xe0000
1781243464,58.2,2400000,0xe0000
1781243465,56.5,2400000,0xe0000
1781243466,57.6,2400000,0xe0000
1781243467,58.2,2400000,0xe0000
1781243468,58.7,2400000,0xe0000
1781243469,58.2,2400000,0xe0000
1781243470,57.6,2400000,0xe0000
1781243471,58.2,2400000,0xe0000
1781243472,57.1,2400000,0xe0000
1781243473,58.7,2400000,0xe0000
1781243474,57.6,2400000,0xe0000
1781243475,58.2,2400000,0xe0000
1781243476,56.5,2400000,0xe0000
1781243477,58.2,2400000,0xe0000
1781243478,58.2,2400000,0xe0000
1781243479,58.7,2400000,0xe0000
1781243480,57.6,2400000,0xe0000
1781243481,58.2,2400000,0xe0000
1781243482,58.7,2400000,0xe0000
1781243483,57.6,2400000,0xe0000
1781243484,58.2,2400000,0xe0000
1781243485,58.2,2400000,0xe0000
1781243487,58.2,2400000,0xe0000
1781243488,57.6,2400000,0xe0000
1781243489,57.6,2400000,0xe0000
1781243490,58.2,2400000,0xe0000
1781243491,58.2,2400000,0xe0000
1781243492,57.6,2400000,0xe0000
1781243493,57.6,2400000,0xe0000
1781243494,57.6,2400000,0xe0000
1781243495,58.2,2400000,0xe0000
1781243496,58.2,2400000,0xe0000
1781243497,57.1,2400000,0xe0000
1781243498,58.7,2400000,0xe0000
1781243499,57.6,2400000,0xe0000
1781243500,58.7,2400000,0xe0000
1781243501,58.2,2400000,0xe0000
1781243503,57.6,2400000,0xe0000
1781243504,58.2,2400000,0xe0000
1781243505,58.2,2400000,0xe0000
1781243506,58.7,2400000,0xe0000
1781243507,58.2,2400000,0xe0000
1781243508,58.2,2400000,0xe0000
1781243509,58.7,2400000,0xe0000
1781243510,58.2,2400000,0xe0000
1781243511,58.2,2400000,0xe0000
1781243512,57.6,2400000,0xe0000
1781243513,58.2,2400000,0xe0000
1781243514,57.6,2400000,0xe0000
1781243515,58.2,2400000,0xe0000
1781243516,58.7,2400000,0xe0000
1781243517,58.2,2400000,0xe0000
1781243518,58.2,2400000,0xe0000
1781243519,58.2,2400000,0xe0000
1781243520,57.6,2400000,0xe0000
1781243521,58.2,2400000,0xe0000
1781243522,57.1,2400000,0xe0000
1781243523,58.7,2400000,0xe0000
1781243524,58.2,2400000,0xe0000
1781243525,57.6,2400000,0xe0000
1781243526,58.2,2400000,0xe0000
1781243527,58.2,2400000,0xe0000
1781243528,57.6,2400000,0xe0000
1781243529,57.1,2400000,0xe0000
1781243531,57.6,2400000,0xe0000
1781243532,58.2,2400000,0xe0000
1781243533,57.1,2400000,0xe0000
1781243534,57.6,2400000,0xe0000
1781243535,57.6,2400000,0xe0000
1781243536,57.6,2400000,0xe0000
1781243537,57.1,2400000,0xe0000
1781243538,57.6,2400000,0xe0000
1781243539,58.2,2400000,0xe0000
1781243540,57.1,2400000,0xe0000
1781243541,57.6,2400000,0xe0000
1781243542,57.6,2400000,0xe0000
1781243543,58.2,2400000,0xe0000
1781243544,58.7,2400000,0xe0000
1781243545,58.2,2400000,0xe0000
1781243546,57.6,2400000,0xe0000
1781243547,57.6,2400000,0xe0000
1781243548,58.7,2400000,0xe0000
1781243549,58.2,2400000,0xe0000
1781243550,58.7,2400000,0xe0000
1781243551,58.2,2400000,0xe0000
1781243552,58.2,2400000,0xe0000
1781243553,58.7,2400000,0xe0000
1781243554,58.2,2400000,0xe0000
1781243556,58.2,2400000,0xe0000
1781243557,58.2,2400000,0xe0000
1781243558,58.7,2400000,0xe0000
1781243559,58.2,2400000,0xe0000
1781243560,58.2,2400000,0xe0000
1781243561,58.7,2400000,0xe0000
1781243562,58.2,2400000,0xe0000
1781243563,57.6,2400000,0xe0000
1781243564,57.6,2400000,0xe0000
1781243565,57.6,2400000,0xe0000
1781243566,58.2,2400000,0xe0000
1781243567,57.6,2400000,0xe0000
1781243568,57.6,2400000,0xe0000
1781243569,58.2,2400000,0xe0000
1781243570,57.6,2400000,0xe0000
1781243571,58.2,2400000,0xe0000
1781243572,58.2,2400000,0xe0000
1781243573,57.6,2400000,0xe0000
1781243574,58.2,2400000,0xe0000
1781243575,58.2,2400000,0xe0000
1781243576,58.2,2400000,0xe0000
1781243577,57.6,2400000,0xe0000
1781243578,57.6,2400000,0xe0000
1781243579,57.6,2400000,0xe0000
1781243580,58.2,2400000,0xe0000
1781243581,57.6,2400000,0xe0000
1781243583,57.6,2400000,0xe0000
1781243584,57.6,2400000,0xe0000
1781243585,58.2,2400000,0xe0000
1781243586,58.2,2400000,0xe0000
1781243587,58.2,2400000,0xe0000
1781243588,57.6,2400000,0xe0000
1781243589,57.6,2400000,0xe0000
1781243590,57.6,2400000,0xe0000
1781243591,57.6,2400000,0xe0000
1781243592,57.6,2400000,0xe0000
1781243593,57.6,2400000,0xe0000
1781243594,57.6,2400000,0xe0000
1781243595,57.6,2400000,0xe0000
1781243596,58.7,2400000,0xe0000
1781243597,57.6,2400000,0xe0000
1781243598,58.2,2400000,0xe0000
1781243599,58.2,2400000,0xe0000
1781243600,57.6,2400000,0xe0000
1781243602,57.6,2400000,0xe0000
1781243603,58.2,2400000,0xe0000
1781243604,58.2,2400000,0xe0000
1781243605,57.6,2400000,0xe0000
1781243606,57.6,2400000,0xe0000
1781243607,58.2,2400000,0xe0000
1781243608,57.6,2400000,0xe0000
1781243609,57.6,2400000,0xe0000
1781243610,58.2,2400000,0xe0000
1781243611,58.2,2400000,0xe0000
1781243612,57.6,2400000,0xe0000
1781243613,57.1,2400000,0xe0000
1781243614,58.2,2400000,0xe0000
1781243615,58.2,2400000,0xe0000
1781243616,58.2,2400000,0xe0000
1781243617,57.6,2400000,0xe0000
1781243618,58.2,2400000,0xe0000
1781243619,58.2,2400000,0xe0000
1781243620,57.1,2400000,0xe0000
1781243621,58.2,2400000,0xe0000
1781243622,57.6,2400000,0xe0000
1781243623,58.2,2400000,0xe0000
1781243624,58.7,2400000,0xe0000
1781243625,57.6,2400000,0xe0000
1781243626,58.7,2400000,0xe0000
1781243627,57.6,2400000,0xe0000
1781243628,57.6,2400000,0xe0000
1781243629,58.2,2400000,0xe0000
1781243630,58.2,2400000,0xe0000
1781243632,58.2,2400000,0xe0000
1781243633,58.7,2400000,0xe0000
1781243634,57.6,2400000,0xe0000
1781243635,58.2,2400000,0xe0000
1781243636,57.6,2400000,0xe0000
1781243637,56.5,2400000,0xe0000
1781243638,58.2,2400000,0xe0000
1781243639,58.2,2400000,0xe0000
1781243640,57.6,2400000,0xe0000
1781243641,58.2,2400000,0xe0000
1781243642,58.2,2400000,0xe0000
1781243643,58.2,2400000,0xe0000
1781243644,57.6,2400000,0xe0000
1781243645,57.6,2400000,0xe0000
1781243646,58.2,2400000,0xe0000
1781243647,58.2,2400000,0xe0000
1781243648,57.6,2400000,0xe0000
1781243649,58.2,2400000,0xe0000
1781243650,58.2,2400000,0xe0000
1781243651,58.2,2400000,0xe0000
1781243652,58.2,2400000,0xe0000
1781243654,58.2,2400000,0xe0000
1781243655,57.6,2400000,0xe0000
1781243656,58.7,2400000,0xe0000
1781243657,58.2,2400000,0xe0000
1781243658,57.6,2400000,0xe0000
1781243659,57.1,2400000,0xe0000
1781243660,58.2,2400000,0xe0000
1781243661,57.6,2400000,0xe0000
1781243662,57.6,2400000,0xe0000
1781243663,57.6,2400000,0xe0000
1781243664,57.6,2400000,0xe0000
1781243665,58.2,2400000,0xe0000
1781243666,57.6,2400000,0xe0000
1781243667,57.6,2400000,0xe0000
1781243668,58.2,2400000,0xe0000
1781243669,58.2,2400000,0xe0000
1781243670,57.6,2400000,0xe0000
1781243671,58.2,2400000,0xe0000
1781243672,58.7,2400000,0xe0000
1781243673,57.6,2400000,0xe0000
1781243674,57.6,2400000,0xe0000
1781243675,57.6,2400000,0xe0000
1781243676,58.2,2400000,0xe0000
1781243677,58.2,2400000,0xe0000
1781243678,57.6,2400000,0xe0000
1781243679,58.2,2400000,0xe0000
1781243680,58.2,2400000,0xe0000
1781243682,57.6,2400000,0xe0000
1781243683,57.6,2400000,0xe0000
1781243684,57.6,2400000,0xe0000
1781243685,58.2,2400000,0xe0000
1781243686,58.2,2400000,0xe0000
1781243687,58.7,2400000,0xe0000
1781243688,58.7,2400000,0xe0000
1781243689,57.6,2400000,0xe0000
1781243690,57.6,2400000,0xe0000
1781243691,58.2,2400000,0xe0000
1781243692,57.6,2400000,0xe0000
1781243693,57.6,2400000,0xe0000
1781243694,58.2,2400000,0xe0000
1781243695,58.2,2400000,0xe0000
1781243696,58.2,2400000,0xe0000
1781243697,57.6,2400000,0xe0000
1781243699,57.6,2400000,0xe0000
1781243700,58.2,2400000,0xe0000
1781243701,57.6,2400000,0xe0000
1781243702,57.6,2400000,0xe0000
1781243703,57.6,2400000,0xe0000
1781243704,57.6,2400000,0xe0000
1781243705,58.7,2400000,0xe0000
1781243706,58.7,2400000,0xe0000
1781243707,58.2,2400000,0xe0000
1781243708,58.2,2400000,0xe0000
1781243709,57.6,2400000,0xe0000
1781243710,57.6,2400000,0xe0000
1781243711,57.6,2400000,0xe0000
1781243712,58.2,2400000,0xe0000
1781243713,58.2,2400000,0xe0000
1781243714,58.2,2400000,0xe0000
1781243715,58.2,2400000,0xe0000
1781243716,58.2,2400000,0xe0000
1781243717,58.2,2400000,0xe0000
1781243718,57.6,2400000,0xe0000
1781243719,58.2,2400000,0xe0000
1781243720,57.6,2400000,0xe0000
1781243721,58.2,2400000,0xe0000
1781243722,58.2,2400000,0xe0000
1781243723,58.2,2400000,0xe0000
1781243724,58.2,2400000,0xe0000
1781243725,58.2,2400000,0xe0000
1781243727,56.5,2400000,0xe0000
1781243728,58.2,2400000,0xe0000
1781243729,58.2,2400000,0xe0000
1781243730,58.2,2400000,0xe0000
1781243731,58.2,2400000,0xe0000
1781243732,58.7,2400000,0xe0000
1781243733,58.2,2400000,0xe0000
1781243734,57.6,2400000,0xe0000
1781243735,58.2,2400000,0xe0000
1781243736,57.6,2400000,0xe0000
1781243737,58.2,2400000,0xe0000
1781243738,57.6,2400000,0xe0000
1781243739,58.2,2400000,0xe0000
1781243740,58.2,2400000,0xe0000
1781243741,58.2,2400000,0xe0000
1781243742,58.2,2400000,0xe0000
1781243743,58.2,2400000,0xe0000
1781243744,58.2,2400000,0xe0000
1781243745,57.6,2400000,0xe0000
1781243746,58.7,2400000,0xe0000
1781243747,58.2,2400000,0xe0000
1781243748,58.2,2400000,0xe0000
1781243749,58.2,2400000,0xe0000
1781243751,57.6,2400000,0xe0000
1781243752,58.7,2400000,0xe0000
1781243753,57.6,2400000,0xe0000
1781243754,58.2,2400000,0xe0000
1781243755,58.7,2400000,0xe0000
1781243756,58.2,2400000,0xe0000
1781243757,58.2,2400000,0xe0000
1781243758,58.2,2400000,0xe0000
1781243759,57.6,2400000,0xe0000
1781243760,58.2,2400000,0xe0000
1781243761,57.6,2400000,0xe0000
1781243762,57.6,2400000,0xe0000
1781243763,58.2,2400000,0xe0000
1781243764,58.2,2400000,0xe0000
1781243765,58.2,2400000,0xe0000
1781243766,58.2,2400000,0xe0000
1781243767,57.6,2400000,0xe0000
1781243768,57.1,2400000,0xe0000
1781243769,58.2,2400000,0xe0000
1781243770,58.2,2400000,0xe0000
1781243771,57.6,2400000,0xe0000
1781243772,57.1,2400000,0xe0000
1781243773,58.2,2400000,0xe0000
1781243775,58.7,2400000,0xe0000
1781243776,58.2,2400000,0xe0000
1781243777,58.2,2400000,0xe0000
1781243778,58.2,2400000,0xe0000
1781243779,58.2,2400000,0xe0000
1781243780,57.6,2400000,0xe0000
1781243781,57.6,2400000,0xe0000
1781243782,57.6,2400000,0xe0000
1781243783,58.2,2400000,0xe0000
1781243784,58.2,2400000,0xe0000
1781243785,57.6,2400000,0xe0000
1781243786,58.2,2400000,0xe0000
1781243787,58.2,2400000,0xe0000
1781243788,58.2,2400000,0xe0000
1781243789,57.6,2400000,0xe0000
1781243790,57.6,2400000,0xe0000
1781243791,58.7,2400000,0xe0000
1781243792,57.6,2400000,0xe0000
1781243793,57.6,2400000,0xe0000
1781243794,57.6,2400000,0xe0000
1781243795,58.2,2400000,0xe0000
1781243796,58.2,2400000,0xe0000
1781243797,57.1,2400000,0xe0000
1781243798,57.6,2400000,0xe0000
1781243799,57.1,2400000,0xe0000
1781243801,57.1,2400000,0xe0000
1781243802,58.2,2400000,0xe0000
1781243803,57.1,2400000,0xe0000
1781243804,57.6,2400000,0xe0000
1781243805,58.7,2400000,0xe0000
