Linux 6.12.87 (pi5-2) 	06/19/2026 	_aarch64_	(4 CPU)

12:07:52 AM  CPU    %usr   %nice    %sys %iowait    %irq   %soft  %steal  %guest  %gnice   %idle
12:07:53 AM  all    0.00    0.00    0.51    0.00    0.76    4.29    0.00    0.00    0.00   94.44
12:07:53 AM    0    0.00    0.00    0.00    0.00    3.06   17.35    0.00    0.00    0.00   79.59
12:07:53 AM    1    0.00    0.00    1.00    0.00    0.00    0.00    0.00    0.00    0.00   99.00
12:07:53 AM    2    0.00    0.00    1.01    0.00    0.00    0.00    0.00    0.00    0.00   98.99
12:07:53 AM    3    0.00    0.00    0.00    0.00    0.00    0.00    0.00    0.00    0.00  100.00

12:07:53 AM  CPU    %usr   %nice    %sys %iowait    %irq   %soft  %steal  %guest  %gnice   %idle
12:07:54 AM  all    0.00    0.00    0.75    0.00    1.01    6.03    0.00    0.00    0.00   92.21
12:07:54 AM    0    0.00    0.00    0.00    0.00    3.03   24.24    0.00    0.00    0.00   72.73
12:07:54 AM    1    0.00    0.00    1.00    0.00    0.00    0.00    0.00    0.00    0.00   99.00
12:07:54 AM    2    0.00    0.00    1.98    0.00    0.99    0.00    0.00    0.00    0.00   97.03
12:07:54 AM    3    0.00    0.00    0.00    0.00    0.00    0.00    0.00    0.00    0.00  100.00

12:07:54 AM  CPU    %usr   %nice    %sys %iowait    %irq   %soft  %steal  %guest  %gnice   %idle
12:07:55 AM  all    0.00    0.00    1.01    0.76    1.26    5.79    0.00    0.00    0.00   91.18
12:07:55 AM    0    0.00    0.00    0.00    0.00    4.08   23.47    0.00    0.00    0.00   72.45
12:07:55 AM    1    0.00    0.00    1.01    0.00    0.00    0.00    0.00    0.00    0.00   98.99
12:07:55 AM    2    0.00    0.00    2.02    0.00    0.00    0.00    0.00    0.00    0.00   97.98
12:07:55 AM    3    0.00    0.00    0.99    2.97    0.99    0.00    0.00    0.00    0.00   95.05

12:07:55 AM  CPU    %usr   %nice    %sys %iowait    %irq   %soft  %steal  %guest  %gnice   %idle
12:07:56 AM  all    0.00    0.00    1.01    0.00    1.01    5.78    0.00    0.00    0.00   92.21
12:07:56 AM    0    0.00    0.00    0.00    0.00    4.04   23.23    0.00    0.00    0.00   72.73
12:07:56 AM    1    0.00    0.00    1.00    0.00    0.00    0.00    0.00    0.00    0.00   99.00
12:07:56 AM    2    0.00    0.00    2.02    0.00    0.00    0.00    0.00    0.00    0.00   97.98
12:07:56 AM    3    0.00    0.00    1.00    0.00    0.00    0.00    0.00    0.00    0.00   99.00

12:07:56 AM  CPU    %usr   %nice    %sys %iowait    %irq   %soft  %steal  %guest  %gnice   %idle
12:07:57 AM  all    0.00    0.00    1.00    0.00    1.50    5.99    0.00    0.00    0.00   91.52
12:07:57 AM    0    0.00    0.00    0.00    0.00    4.00   24.00    0.00    0.00    0.00   72.00
12:07:57 AM    1    0.00    0.00    0.99    0.00    0.99    0.00    0.00    0.00    0.00   98.02
12:07:57 AM    2    0.00    0.00    2.94    0.00    0.98    0.00    0.00    0.00    0.00   96.08
12:07:57 AM    3    0.00    0.00    0.00    0.00    0.00    0.00    0.00    0.00    0.00  100.00

12:07:57 AM  CPU    %usr   %nice    %sys %iowait    %irq   %soft  %steal  %guest  %gnice   %idle
12:07:58 AM  all    0.50    0.00    1.50    0.25    1.00    5.76    0.00    0.00    0.00   90.98
12:07:58 AM    0    0.00    0.00    0.00    0.00    4.08   23.47    0.00    0.00    0.00   72.45
12:07:58 AM    1    0.00    0.00    2.02    0.00    0.00    0.00    0.00    0.00    0.00   97.98
12:07:58 AM    2    1.00    0.00    1.00    1.00    0.00    0.00    0.00    0.00    0.00   97.00
12:07:58 AM    3    0.98    0.00    2.94    0.00    0.00    0.00    0.00    0.00    0.00   96.08

12:07:58 AM  CPU    %usr   %nice    %sys %iowait    %irq   %soft  %steal  %guest  %gnice   %idle
12:07:59 AM  all    0.00    0.00    0.51    0.00    1.01    5.81    0.00    0.00    0.00   92.68
12:07:59 AM    0    0.00    0.00    0.00    0.00    4.04   23.23    0.00    0.00    0.00   72.73
12:07:59 AM    1    0.00    0.00    1.02    0.00    0.00    0.00    0.00    0.00    0.00   98.98
12:07:59 AM    2    0.00    0.00    0.00    0.00    0.00    0.00    0.00    0.00    0.00  100.00
12:07:59 AM    3    0.00    0.00    1.00    0.00    0.00    0.00    0.00    0.00    0.00   99.00

12:07:59 AM  CPU    %usr   %nice    %sys %iowait    %irq   %soft  %steal  %guest  %gnice   %idle
12:08:00 AM  all    0.25    0.00    1.26    0.00    1.01    6.05    0.00    0.00    0.00   91.44
12:08:00 AM    0    0.00    0.00    1.00    0.00    4.00   24.00    0.00    0.00    0.00   71.00
12:08:00 AM    1    0.00    0.00    1.02    0.00    0.00    0.00    0.00    0.00    0.00   98.98
12:08:00 AM    2    0.00    0.00    0.00    0.00    0.00    0.00    0.00    0.00    0.00  100.00
12:08:00 AM    3    0.99    0.00    2.97    0.00    0.00    0.00    0.00    0.00    0.00   96.04

12:08:00 AM  CPU    %usr   %nice    %sys %iowait    %irq   %soft  %steal  %guest  %gnice   %idle
12:08:01 AM  all    0.00    0.00    1.01    0.00    1.51    5.78    0.00    0.00    0.00   91.71
12:08:01 AM    0    0.00    0.00    0.00    0.00    4.04   23.23    0.00    0.00    0.00   72.73
12:08:01 AM    1    0.00    0.00    2.00    0.00    1.00    0.00    0.00    0.00    0.00   97.00
12:08:01 AM    2    0.00    0.00    1.00    0.00    0.00    0.00    0.00    0.00    0.00   99.00
12:08:01 AM    3    0.00    0.00    1.01    0.00    1.01    0.00    0.00    0.00    0.00   97.98

12:08:01 AM  CPU    %usr   %nice    %sys %iowait    %irq   %soft  %steal  %guest  %gnice   %idle
12:08:02 AM  all    0.00    0.00    0.51    0.00    1.01    5.81    0.00    0.00    0.00   92.68
12:08:02 AM    0    0.00    0.00    0.00    0.00    4.04   23.23    0.00    0.00    0.00   72.73
12:08:02 AM    1    0.00    0.00    0.00    0.00    0.00    0.00    0.00    0.00    0.00  100.00
12:08:02 AM    2    0.00    0.00    0.00    0.00    0.00    0.00    0.00    0.00    0.00  100.00
12:08:02 AM    3    0.00    0.00    2.02    0.00    0.00    0.00    0.00    0.00    0.00   97.98

12:08:02 AM  CPU    %usr   %nice    %sys %iowait    %irq   %soft  %steal  %guest  %gnice   %idle
12:08:03 AM  all    0.00    0.00    1.26    0.00    1.01    5.78    0.00    0.00    0.00   91.96
12:08:03 AM    0    0.00    0.00    0.00    0.00    4.08   23.47    0.00    0.00    0.00   72.45
12:08:03 AM    1    0.00    0.00    2.02    0.00    0.00    0.00    0.00    0.00    0.00   97.98
12:08:03 AM    2    0.00    0.00    0.00    0.00    0.00    0.00    0.00    0.00    0.00  100.00
12:08:03 AM    3    0.00    0.00    2.97    0.00    0.00    0.00    0.00    0.00    0.00   97.03

12:08:03 AM  CPU    %usr   %nice    %sys %iowait    %irq   %soft  %steal  %guest  %gnice   %idle
12:08:04 AM  all    0.00    0.00    1.00    1.00    1.25    6.02    0.00    0.00    0.00   90.73
12:08:04 AM    0    0.00    0.00    0.00    0.00    4.00   24.00    0.00    0.00    0.00   72.00
12:08:04 AM    1    0.00    0.00    2.02    0.00    0.00    0.00    0.00    0.00    0.00   97.98
12:08:04 AM    2    0.00    0.00    0.00    0.00    0.00    0.00    0.00    0.00    0.00  100.00
12:08:04 AM    3    0.00    0.00    2.00    4.00    1.00    0.00    0.00    0.00    0.00   93.00

12:08:04 AM  CPU    %usr   %nice    %sys %iowait    %irq   %soft  %steal  %guest  %gnice   %idle
12:08:05 AM  all    0.00    0.00    1.00    0.00    1.25    5.75    0.00    0.00    0.00   92.00
12:08:05 AM    0    0.00    0.00    0.00    0.00    4.04   23.23    0.00    0.00    0.00   72.73
12:08:05 AM    1    0.00    0.00    1.98    0.00    0.99    0.00    0.00    0.00    0.00   97.03
12:08:05 AM    2    0.00    0.00    0.00    0.00    0.00    0.00    0.00    0.00    0.00  100.00
12:08:05 AM    3    0.00    0.00    1.98    0.00    0.00    0.00    0.00    0.00    0.00   98.02

12:08:05 AM  CPU    %usr   %nice    %sys %iowait    %irq   %soft  %steal  %guest  %gnice   %idle
12:08:06 AM  all    0.00    0.00    1.01    0.00    1.01    6.03    0.00    0.00    0.00   91.96
12:08:06 AM    0    0.00    0.00    0.00    0.00    4.04   23.23    0.00    0.00    0.00   72.73
12:08:06 AM    1    0.00    0.00    2.02    0.00    0.00    0.00    0.00    0.00    0.00   97.98
12:08:06 AM    2    0.00    0.00    0.99    0.00    0.00    0.99    0.00    0.00    0.00   98.02
12:08:06 AM    3    0.00    0.00    1.01    0.00    0.00    0.00    0.00    0.00    0.00   98.99

12:08:06 AM  CPU    %usr   %nice    %sys %iowait    %irq   %soft  %steal  %guest  %gnice   %idle
12:08:07 AM  all    0.25    0.00    1.00    0.00    1.25    6.27    0.00    0.00    0.00   91.23
12:08:07 AM    0    0.00    0.00    0.00    0.00    4.04   24.24    0.00    0.00    0.00   71.72
12:08:07 AM    1    0.00    0.00    2.02    0.00    0.00    0.00    0.00    0.00    0.00   97.98
12:08:07 AM    2    0.00    0.00    1.00    0.00    1.00    0.00    0.00    0.00    0.00   98.00
12:08:07 AM    3    0.99    0.00    0.99    0.00    0.00    0.99    0.00    0.00    0.00   97.03

12:08:07 AM  CPU    %usr   %nice    %sys %iowait    %irq   %soft  %steal  %guest  %gnice   %idle
12:08:08 AM  all    0.00    0.00    0.76    0.00    0.76    5.82    0.00    0.00    0.00   92.66
12:08:08 AM    0    0.00    0.00    0.00    0.00    3.06   23.47    0.00    0.00    0.00   73.47
12:08:08 AM    1    0.00    0.00    0.00    0.00    0.00    0.00    0.00    0.00    0.00  100.00
12:08:08 AM    2    0.00    0.00    1.01    0.00    0.00    0.00    0.00    0.00    0.00   98.99
12:08:08 AM    3    0.00    0.00    2.02    0.00    0.00    0.00    0.00    0.00    0.00   97.98

12:08:08 AM  CPU    %usr   %nice    %sys %iowait    %irq   %soft  %steal  %guest  %gnice   %idle
12:08:09 AM  all    0.00    0.00    0.75    0.00    1.50    5.76    0.00    0.00    0.00   91.98
12:08:09 AM    0    0.00    0.00    0.00    0.00    4.04   23.23    0.00    0.00    0.00   72.73
12:08:09 AM    1    0.00    0.00    1.00    0.00    1.00    0.00    0.00    0.00    0.00   98.00
12:08:09 AM    2    0.00    0.00    0.00    0.00    0.00    0.00    0.00    0.00    0.00  100.00
12:08:09 AM    3    0.00    0.00    1.98    0.00    0.99    0.00    0.00    0.00    0.00   97.03

12:08:09 AM  CPU    %usr   %nice    %sys %iowait    %irq   %soft  %steal  %guest  %gnice   %idle
12:08:10 AM  all    0.00    0.00    0.76    0.00    1.01    5.79    0.00    0.00    0.00   92.44
12:08:10 AM    0    0.00    0.00    0.00    0.00    4.04   23.23    0.00    0.00    0.00   72.73
12:08:10 AM    1    0.00    0.00    1.00    0.00    0.00    0.00    0.00    0.00    0.00   99.00
12:08:10 AM    2    0.00    0.00    0.00    0.00    0.00    0.00    0.00    0.00    0.00  100.00
12:08:10 AM    3    0.00    0.00    2.02    0.00    0.00    0.00    0.00    0.00    0.00   97.98

12:08:10 AM  CPU    %usr   %nice    %sys %iowait    %irq   %soft  %steal  %guest  %gnice   %idle
12:08:11 AM  all    0.50    0.00    1.75    0.00    1.00    6.00    0.00    0.00    0.00   90.75
12:08:11 AM    0    0.00    0.00    1.00    0.00    4.00   24.00    0.00    0.00    0.00   71.00
12:08:11 AM    1    1.00    0.00    1.00    0.00    0.00    0.00    0.00    0.00    0.00   98.00
12:08:11 AM    2    0.00    0.00    2.00    0.00    0.00    0.00    0.00    0.00    0.00   98.00
12:08:11 AM    3    1.00    0.00    3.00    0.00    0.00    0.00    0.00    0.00    0.00   96.00

12:08:11 AM  CPU    %usr   %nice    %sys %iowait    %irq   %soft  %steal  %guest  %gnice   %idle
12:08:12 AM  all    0.00    0.00    0.76    0.00    1.01    5.79    0.00    0.00    0.00   92.44
12:08:12 AM    0    0.00    0.00    0.00    0.00    4.04   23.23    0.00    0.00    0.00   72.73
12:08:12 AM    1    0.00    0.00    1.00    0.00    0.00    0.00    0.00    0.00    0.00   99.00
12:08:12 AM    2    0.00    0.00    1.00    0.00    0.00    0.00    0.00    0.00    0.00   99.00
12:08:12 AM    3    0.00    0.00    1.02    0.00    0.00    0.00    0.00    0.00    0.00   98.98

12:08:12 AM  CPU    %usr   %nice    %sys %iowait    %irq   %soft  %steal  %guest  %gnice   %idle
12:08:13 AM  all    0.00    0.00    0.50    0.00    1.51    5.78    0.00    0.00    0.00   92.21
12:08:13 AM    0    0.00    0.00    0.00    0.00    4.04   23.23    0.00    0.00    0.00   72.73
12:08:13 AM    1    0.00    0.00    0.00    0.00    0.00    0.00    0.00    0.00    0.00  100.00
12:08:13 AM    2    0.00    0.00    0.00    0.00    1.00    0.00    0.00    0.00    0.00   99.00
12:08:13 AM    3    0.00    0.00    1.98    0.00    0.99    0.00    0.00    0.00    0.00   97.03

12:08:13 AM  CPU    %usr   %nice    %sys %iowait    %irq   %soft  %steal  %guest  %gnice   %idle
12:08:14 AM  all    0.25    0.00    0.76    0.00    1.01    5.79    0.00    0.00    0.00   92.19
12:08:14 AM    0    0.00    0.00    0.00    0.00    4.04   23.23    0.00    0.00    0.00   72.73
12:08:14 AM    1    0.98    0.00    1.96    0.00    0.00    0.00    0.00    0.00    0.00   97.06
12:08:14 AM    2    0.00    0.00    0.00    0.00    0.00    0.00    0.00    0.00    0.00  100.00
12:08:14 AM    3    0.00    0.00    1.02    0.00    0.00    0.00    0.00    0.00    0.00   98.98

12:08:14 AM  CPU    %usr   %nice    %sys %iowait    %irq   %soft  %steal  %guest  %gnice   %idle
12:08:15 AM  all    0.25    0.00    1.25    0.00    1.25    6.02    0.00    0.00    0.00   91.23
12:08:15 AM    0    0.00    0.00    0.00    0.00    4.04   24.24    0.00    0.00    0.00   71.72
12:08:15 AM    1    0.00    0.00    0.00    0.00    1.01    0.00    0.00    0.00    0.00   98.99
12:08:15 AM    2    0.00    0.00    1.98    0.00    0.00    0.00    0.00    0.00    0.00   98.02
12:08:15 AM    3    1.00    0.00    3.00    0.00    0.00    0.00    0.00    0.00    0.00   96.00

12:08:15 AM  CPU    %usr   %nice    %sys %iowait    %irq   %soft  %steal  %guest  %gnice   %idle
12:08:16 AM  all    0.00    0.00    0.75    0.00    1.26    5.78    0.00    0.00    0.00   92.21
12:08:16 AM    0    0.00    0.00    0.00    0.00    4.04   23.23    0.00    0.00    0.00   72.73
12:08:16 AM    1    0.00    0.00    1.98    0.00    0.00    0.00    0.00    0.00    0.00   98.02
12:08:16 AM    2    0.00    0.00    0.00    0.00    0.00    0.00    0.00    0.00    0.00  100.00
12:08:16 AM    3    0.00    0.00    1.01    0.00    1.01    0.00    0.00    0.00    0.00   97.98

12:08:16 AM  CPU    %usr   %nice    %sys %iowait    %irq   %soft  %steal  %guest  %gnice   %idle
12:08:17 AM  all    0.00    0.00    1.01    0.00    1.01    5.79    0.00    0.00    0.00   92.19
12:08:17 AM    0    0.00    0.00    0.00    0.00    4.04   23.23    0.00    0.00    0.00   72.73
12:08:17 AM    1    0.00    0.00    1.01    0.00    0.00    0.00    0.00    0.00    0.00   98.99
12:08:17 AM    2    0.00    0.00    2.00    0.00    0.00    0.00    0.00    0.00    0.00   98.00
12:08:17 AM    3    0.00    0.00    1.01    0.00    0.00    0.00    0.00    0.00    0.00   98.99

12:08:17 AM  CPU    %usr   %nice    %sys %iowait    %irq   %soft  %steal  %guest  %gnice   %idle
12:08:18 AM  all    0.50    0.00    1.25    0.00    1.25    6.00    0.00    0.00    0.00   91.00
12:08:18 AM    0    0.00    0.00    0.00    0.00    4.04   24.24    0.00    0.00    0.00   71.72
12:08:18 AM    1    0.98    0.00    2.94    0.00    0.00    0.00    0.00    0.00    0.00   96.08
12:08:18 AM    2    0.00    0.00    1.00    0.00    1.00    0.00    0.00    0.00    0.00   98.00
12:08:18 AM    3    1.01    0.00    1.01    0.00    0.00    0.00    0.00    0.00    0.00   97.98

12:08:18 AM  CPU    %usr   %nice    %sys %iowait    %irq   %soft  %steal  %guest  %gnice   %idle
12:08:19 AM  all    0.25    0.00    1.00    0.00    1.25    5.99    0.00    0.00    0.00   91.52
12:08:19 AM    0    0.00    0.00    0.00    0.00    4.04   23.23    0.00    0.00    0.00   72.73
12:08:19 AM    1    0.98    0.00    2.94    0.00    0.98    0.98    0.00    0.00    0.00   94.12
12:08:19 AM    2    0.00    0.00    1.00    0.00    0.00    0.00    0.00    0.00    0.00   99.00
12:08:19 AM    3    0.00    0.00    0.00    0.00    0.00    0.00    0.00    0.00    0.00  100.00

12:08:19 AM  CPU    %usr   %nice    %sys %iowait    %irq   %soft  %steal  %guest  %gnice   %idle
12:08:20 AM  all    0.00    0.00    1.01    0.00    1.01    5.78    0.00    0.00    0.00   92.21
12:08:20 AM    0    0.00    0.00    0.00    0.00    4.04   23.23    0.00    0.00    0.00   72.73
12:08:20 AM    1    0.00    0.00    3.03    0.00    0.00    0.00    0.00    0.00    0.00   96.97
12:08:20 AM    2    0.00    0.00    1.00    0.00    0.00    0.00    0.00    0.00    0.00   99.00
12:08:20 AM    3    0.00    0.00    0.00    0.00    0.00    0.00    0.00    0.00    0.00  100.00

12:08:20 AM  CPU    %usr   %nice    %sys %iowait    %irq   %soft  %steal  %guest  %gnice   %idle
12:08:21 AM  all    0.25    0.00    1.51    0.00    0.76    5.79    0.00    0.00    0.00   91.69
12:08:21 AM    0    0.00    0.00    1.02    0.00    3.06   23.47    0.00    0.00    0.00   72.45
12:08:21 AM    1    0.00    0.00    2.02    0.00    0.00    0.00    0.00    0.00    0.00   97.98
12:08:21 AM    2    0.98    0.00    2.94    0.00    0.00    0.00    0.00    0.00    0.00   96.08
12:08:21 AM    3    0.00    0.00    0.00    0.00    0.00    0.00    0.00    0.00    0.00  100.00

12:08:21 AM  CPU    %usr   %nice    %sys %iowait    %irq   %soft  %steal  %guest  %gnice   %idle
12:08:22 AM  all    0.25    0.00    1.00    0.00    1.00    6.02    0.00    0.00    0.00   91.73
12:08:22 AM    0    0.00    0.00    0.00    0.00    4.00   24.00    0.00    0.00    0.00   72.00
12:08:22 AM    1    1.00    0.00    0.00    0.00    0.00    0.00    0.00    0.00    0.00   99.00
12:08:22 AM    2    0.00    0.00    0.00    0.00    0.00    0.00    0.00    0.00    0.00  100.00
12:08:22 AM    3    0.00    0.00    3.96    0.00    0.00    0.00    0.00    0.00    0.00   96.04

12:08:22 AM  CPU    %usr   %nice    %sys %iowait    %irq   %soft  %steal  %guest  %gnice   %idle
12:08:23 AM  all    0.00    0.00    0.75    0.00    1.51    5.78    0.00    0.00    0.00   91.96
12:08:23 AM    0    0.00    0.00    0.00    0.00    4.04   23.23    0.00    0.00    0.00   72.73
12:08:23 AM    1    0.00    0.00    1.00    0.00    1.00    0.00    0.00    0.00    0.00   98.00
12:08:23 AM    2    0.00    0.00    1.98    0.00    0.00    0.00    0.00    0.00    0.00   98.02
12:08:23 AM    3    0.00    0.00    0.00    0.00    1.02    0.00    0.00    0.00    0.00   98.98

12:08:23 AM  CPU    %usr   %nice    %sys %iowait    %irq   %soft  %steal  %guest  %gnice   %idle
12:08:24 AM  all    0.00    0.00    1.00    0.00    1.25    5.76    0.00    0.00    0.00   91.98
12:08:24 AM    0    0.00    0.00    0.00    0.00    4.08   23.47    0.00    0.00    0.00   72.45
12:08:24 AM    1    0.00    0.00    1.00    0.00    0.00    0.00    0.00    0.00    0.00   99.00
12:08:24 AM    2    0.00    0.00    0.00    0.00    1.00    0.00    0.00    0.00    0.00   99.00
12:08:24 AM    3    0.00    0.00    2.97    0.00    0.00    0.00    0.00    0.00    0.00   97.03

12:08:24 AM  CPU    %usr   %nice    %sys %iowait    %irq   %soft  %steal  %guest  %gnice   %idle
12:08:25 AM  all    0.00    0.00    1.01    0.00    1.01    6.03    0.00    0.00    0.00   91.96
12:08:25 AM    0    0.00    0.00    0.00    0.00    4.00   24.00    0.00    0.00    0.00   72.00
12:08:25 AM    1    0.00    0.00    1.98    0.00    0.00    0.00    0.00    0.00    0.00   98.02
12:08:25 AM    2    0.00    0.00    1.01    0.00    0.00    0.00    0.00    0.00    0.00   98.99
12:08:25 AM    3    0.00    0.00    1.02    0.00    0.00    0.00    0.00    0.00    0.00   98.98

12:08:25 AM  CPU    %usr   %nice    %sys %iowait    %irq   %soft  %steal  %guest  %gnice   %idle
12:08:26 AM  all    0.25    0.00    1.50    0.00    1.25    5.76    0.00    0.00    0.00   91.23
12:08:26 AM    0    0.00    0.00    1.01    0.00    4.04   23.23    0.00    0.00    0.00   71.72
12:08:26 AM    1    0.00    0.00    2.02    0.00    0.00    0.00    0.00    0.00    0.00   97.98
12:08:26 AM    2    0.00    0.00    1.00    0.00    0.00    0.00    0.00    0.00    0.00   99.00
12:08:26 AM    3    0.99    0.00    1.98    0.00    0.99    0.00    0.00    0.00    0.00   96.04

12:08:26 AM  CPU    %usr   %nice    %sys %iowait    %irq   %soft  %steal  %guest  %gnice   %idle
12:08:27 AM  all    0.00    0.00    0.51    0.00    1.01    5.81    0.00    0.00    0.00   92.68
12:08:27 AM    0    0.00    0.00    0.00    0.00    4.04   23.23    0.00    0.00    0.00   72.73
12:08:27 AM    1    0.00    0.00    0.00    0.00    0.00    0.00    0.00    0.00    0.00  100.00
12:08:27 AM    2    0.00    0.00    0.00    0.00    0.00    0.00    0.00    0.00    0.00  100.00
12:08:27 AM    3    0.00    0.00    2.04    0.00    0.00    0.00    0.00    0.00    0.00   97.96

12:08:27 AM  CPU    %usr   %nice    %sys %iowait    %irq   %soft  %steal  %guest  %gnice   %idle
12:08:28 AM  all    0.00    0.00    1.01    0.00    1.01    6.03    0.00    0.00    0.00   91.96
12:08:28 AM    0    0.00    0.00    0.00    0.00    4.00   24.00    0.00    0.00    0.00   72.00
12:08:28 AM    1    0.00    0.00    0.00    0.00    0.00    0.00    0.00    0.00    0.00  100.00
12:08:28 AM    2    0.00    0.00    2.00    0.00    0.00    0.00    0.00    0.00    0.00   98.00
12:08:28 AM    3    0.00    0.00    2.04    0.00    0.00    0.00    0.00    0.00    0.00   97.96

12:08:28 AM  CPU    %usr   %nice    %sys %iowait    %irq   %soft  %steal  %guest  %gnice   %idle
12:08:29 AM  all    0.25    0.00    0.50    0.00    1.26    5.78    0.00    0.00    0.00   92.21
12:08:29 AM    0    0.00    0.00    0.00    0.00    4.04   23.23    0.00    0.00    0.00   72.73
12:08:29 AM    1    0.99    0.00    0.00    0.00    0.00    0.00    0.00    0.00    0.00   99.01
12:08:29 AM    2    0.00    0.00    0.00    0.00    0.00    0.00    0.00    0.00    0.00  100.00
12:08:29 AM    3    0.00    0.00    2.02    0.00    1.01    0.00    0.00    0.00    0.00   96.97

12:08:29 AM  CPU    %usr   %nice    %sys %iowait    %irq   %soft  %steal  %guest  %gnice   %idle
12:08:30 AM  all    0.00    0.00    0.51    0.00    1.26    5.81    0.00    0.00    0.00   92.42
12:08:30 AM    0    0.00    0.00    0.00    0.00    4.08   23.47    0.00    0.00    0.00   72.45
12:08:30 AM    1    0.00    0.00    0.00    0.00    0.00    0.00    0.00    0.00    0.00  100.00
12:08:30 AM    2    0.00    0.00    0.00    0.00    1.00    0.00    0.00    0.00    0.00   99.00
12:08:30 AM    3    0.00    0.00    2.04    0.00    0.00    0.00    0.00    0.00    0.00   97.96

12:08:30 AM  CPU    %usr   %nice    %sys %iowait    %irq   %soft  %steal  %guest  %gnice   %idle
12:08:31 AM  all    0.00    0.00    0.75    0.00    1.00    6.52    0.00    0.00    0.00   91.73
12:08:31 AM    0    0.00    0.00    0.00    0.00    4.00   24.00    0.00    0.00    0.00   72.00
12:08:31 AM    1    0.00    0.00    0.00    0.00    0.00    0.00    0.00    0.00    0.00  100.00
12:08:31 AM    2    0.00    0.00    1.00    0.00    0.00    1.00    0.00    0.00    0.00   98.00
12:08:31 AM    3    0.00    0.00    2.02    0.00    0.00    1.01    0.00    0.00    0.00   96.97

12:08:31 AM  CPU    %usr   %nice    %sys %iowait    %irq   %soft  %steal  %guest  %gnice   %idle
12:08:32 AM  all    0.00    0.00    1.01    0.00    1.26    5.78    0.00    0.00    0.00   91.96
12:08:32 AM    0    0.00    0.00    0.00    0.00    4.04   23.23    0.00    0.00    0.00   72.73
12:08:32 AM    1    0.00    0.00    0.00    0.00    0.00    0.00    0.00    0.00    0.00  100.00
12:08:32 AM    2    0.00    0.00    1.00    0.00    0.00    0.00    0.00    0.00    0.00   99.00
12:08:32 AM    3    0.00    0.00    3.00    0.00    1.00    0.00    0.00    0.00    0.00   96.00

12:08:32 AM  CPU    %usr   %nice    %sys %iowait    %irq   %soft  %steal  %guest  %gnice   %idle
12:08:33 AM  all    0.00    0.00    0.76    0.00    1.01    5.79    0.00    0.00    0.00   92.44
12:08:33 AM    0    0.00    0.00    0.00    0.00    4.04   23.23    0.00    0.00    0.00   72.73
12:08:33 AM    1    0.00    0.00    0.00    0.00    0.00    0.00    0.00    0.00    0.00  100.00
12:08:33 AM    2    0.00    0.00    1.00    0.00    0.00    0.00    0.00    0.00    0.00   99.00
12:08:33 AM    3    0.00    0.00    2.04    0.00    0.00    0.00    0.00    0.00    0.00   97.96

12:08:33 AM  CPU    %usr   %nice    %sys %iowait    %irq   %soft  %steal  %guest  %gnice   %idle
12:08:34 AM  all    0.00    0.00    1.26    0.00    0.76    6.05    0.00    0.00    0.00   91.94
12:08:34 AM    0    0.00    0.00    0.00    0.00    3.06   24.49    0.00    0.00    0.00   72.45
12:08:34 AM    1    0.00    0.00    0.00    0.00    0.00    0.00    0.00    0.00    0.00  100.00
12:08:34 AM    2    0.00    0.00    1.01    0.00    0.00    0.00    0.00    0.00    0.00   98.99
12:08:34 AM    3    0.00    0.00    4.00    0.00    0.00    0.00    0.00    0.00    0.00   96.00

12:08:34 AM  CPU    %usr   %nice    %sys %iowait    %irq   %soft  %steal  %guest  %gnice   %idle
12:08:35 AM  all    0.00    0.00    0.75    0.00    1.50    5.76    0.00    0.00    0.00   91.98
12:08:35 AM    0    0.00    0.00    0.00    0.00    4.04   23.23    0.00    0.00    0.00   72.73
12:08:35 AM    1    0.00    0.00    0.00    0.00    0.00    0.00    0.00    0.00    0.00  100.00
12:08:35 AM    2    0.00    0.00    0.99    0.00    0.99    0.00    0.00    0.00    0.00   98.02
12:08:35 AM    3    0.00    0.00    2.02    0.00    1.01    0.00    0.00    0.00    0.00   96.97

12:08:35 AM  CPU    %usr   %nice    %sys %iowait    %irq   %soft  %steal  %guest  %gnice   %idle
12:08:36 AM  all    0.00    0.00    1.01    0.00    1.01    5.78    0.00    0.00    0.00   92.21
12:08:36 AM    0    0.00    0.00    0.00    0.00    4.04   23.23    0.00    0.00    0.00   72.73
12:08:36 AM    1    0.00    0.00    0.00    0.00    0.00    0.00    0.00    0.00    0.00  100.00
12:08:36 AM    2    0.00    0.00    0.00    0.00    0.00    0.00    0.00    0.00    0.00  100.00
12:08:36 AM    3    0.00    0.00    4.00    0.00    0.00    0.00    0.00    0.00    0.00   96.00

12:08:36 AM  CPU    %usr   %nice    %sys %iowait    %irq   %soft  %steal  %guest  %gnice   %idle
12:08:37 AM  all    0.50    0.00    0.75    0.00    1.26    6.03    0.00    0.00    0.00   91.46
12:08:37 AM    0    0.00    0.00    0.00    0.00    4.04   24.24    0.00    0.00    0.00   71.72
12:08:37 AM    1    1.00    0.00    0.00    0.00    0.00    0.00    0.00    0.00    0.00   99.00
12:08:37 AM    2    0.99    0.00    0.99    0.00    0.00    0.00    0.00    0.00    0.00   98.02
12:08:37 AM    3    0.00    0.00    2.04    0.00    1.02    0.00    0.00    0.00    0.00   96.94

12:08:37 AM  CPU    %usr   %nice    %sys %iowait    %irq   %soft  %steal  %guest  %gnice   %idle
12:08:38 AM  all    0.00    0.00    0.76    0.00    1.01    5.81    0.00    0.00    0.00   92.42
12:08:38 AM    0    0.00    0.00    0.00    0.00    4.08   23.47    0.00    0.00    0.00   72.45
12:08:38 AM    1    0.00    0.00    0.00    0.00    0.00    0.00    0.00    0.00    0.00  100.00
12:08:38 AM    2    0.00    0.00    0.00    0.00    0.00    0.00    0.00    0.00    0.00  100.00
12:08:38 AM    3    0.00    0.00    3.06    0.00    0.00    0.00    0.00    0.00    0.00   96.94

12:08:38 AM  CPU    %usr   %nice    %sys %iowait    %irq   %soft  %steal  %guest  %gnice   %idle
12:08:39 AM  all    0.00    0.00    1.01    0.00    1.01    5.79    0.00    0.00    0.00   92.19
12:08:39 AM    0    0.00    0.00    0.00    0.00    4.04   23.23    0.00    0.00    0.00   72.73
12:08:39 AM    1    0.00    0.00    0.00    0.00    0.00    0.00    0.00    0.00    0.00  100.00
12:08:39 AM    2    0.00    0.00    0.00    0.00    0.00    0.00    0.00    0.00    0.00  100.00
12:08:39 AM    3    0.00    0.00    4.08    0.00    0.00    0.00    0.00    0.00    0.00   95.92

12:08:39 AM  CPU    %usr   %nice    %sys %iowait    %irq   %soft  %steal  %guest  %gnice   %idle
12:08:40 AM  all    0.00    0.00    1.50    0.00    1.25    6.00    0.00    0.00    0.00   91.25
12:08:40 AM    0    0.00    0.00    0.99    0.00    3.96   23.76    0.00    0.00    0.00   71.29
12:08:40 AM    1    0.00    0.00    0.00    0.00    0.00    0.00    0.00    0.00    0.00  100.00
12:08:40 AM    2    0.00    0.00    0.00    0.00    0.00    0.00    0.00    0.00    0.00  100.00
12:08:40 AM    3    0.00    0.00    5.00    0.00    1.00    0.00    0.00    0.00    0.00   94.00

12:08:40 AM  CPU    %usr   %nice    %sys %iowait    %irq   %soft  %steal  %guest  %gnice   %idle
12:08:41 AM  all    0.00    0.00    1.01    0.00    1.01    5.79    0.00    0.00    0.00   92.19
12:08:41 AM    0    0.00    0.00    0.00    0.00    4.08   23.47    0.00    0.00    0.00   72.45
12:08:41 AM    1    0.00    0.00    0.00    0.00    0.00    0.00    0.00    0.00    0.00  100.00
12:08:41 AM    2    0.00    0.00    0.00    0.00    0.00    0.00    0.00    0.00    0.00  100.00
12:08:41 AM    3    0.00    0.00    4.04    0.00    0.00    0.00    0.00    0.00    0.00   95.96

12:08:41 AM  CPU    %usr   %nice    %sys %iowait    %irq   %soft  %steal  %guest  %gnice   %idle
12:08:42 AM  all    0.00    0.00    1.25    0.00    1.25    5.99    0.00    0.00    0.00   91.52
12:08:42 AM    0    0.00    0.00    0.00    0.00    4.00   24.00    0.00    0.00    0.00   72.00
12:08:42 AM    1    0.00    0.00    0.00    0.00    0.00    0.00    0.00    0.00    0.00  100.00
12:08:42 AM    2    0.00    0.00    0.00    0.00    0.00    0.00    0.00    0.00    0.00  100.00
12:08:42 AM    3    0.00    0.00    4.95    0.00    0.99    0.00    0.00    0.00    0.00   94.06

12:08:42 AM  CPU    %usr   %nice    %sys %iowait    %irq   %soft  %steal  %guest  %gnice   %idle
12:08:43 AM  all    0.25    0.00    1.51    0.00    1.01    5.79    0.00    0.00    0.00   91.44
12:08:43 AM    0    0.00    0.00    1.01    0.00    4.04   23.23    0.00    0.00    0.00   71.72
12:08:43 AM    1    1.00    0.00    0.00    0.00    0.00    0.00    0.00    0.00    0.00   99.00
12:08:43 AM    2    0.00    0.00    0.00    0.00    0.00    0.00    0.00    0.00    0.00  100.00
12:08:43 AM    3    0.00    0.00    5.05    0.00    0.00    0.00    0.00    0.00    0.00   94.95

12:08:43 AM  CPU    %usr   %nice    %sys %iowait    %irq   %soft  %steal  %guest  %gnice   %idle
12:08:44 AM  all    0.00    0.00    0.75    0.00    1.25    6.02    0.00    0.00    0.00   91.98
12:08:44 AM    0    0.00    0.00    0.00    0.00    4.00   24.00    0.00    0.00    0.00   72.00
12:08:44 AM    1    0.00    0.00    0.00    0.00    0.00    0.00    0.00    0.00    0.00  100.00
12:08:44 AM    2    0.00    0.00    0.00    0.00    0.00    0.00    0.00    0.00    0.00  100.00
12:08:44 AM    3    0.00    0.00    3.03    0.00    1.01    0.00    0.00    0.00    0.00   95.96

12:08:44 AM  CPU    %usr   %nice    %sys %iowait    %irq   %soft  %steal  %guest  %gnice   %idle
12:08:45 AM  all    0.00    0.00    0.76    0.00    1.01    5.81    0.00    0.00    0.00   92.42
12:08:45 AM    0    0.00    0.00    0.00    0.00    4.08   23.47    0.00    0.00    0.00   72.45
12:08:45 AM    1    0.00    0.00    0.00    0.00    0.00    0.00    0.00    0.00    0.00  100.00
12:08:45 AM    2    0.00    0.00    0.00    0.00    0.00    0.00    0.00    0.00    0.00  100.00
12:08:45 AM    3    0.00    0.00    3.00    0.00    0.00    0.00    0.00    0.00    0.00   97.00

12:08:45 AM  CPU    %usr   %nice    %sys %iowait    %irq   %soft  %steal  %guest  %gnice   %idle
12:08:46 AM  all    0.00    0.00    1.75    0.00    1.00    6.02    0.00    0.00    0.00   91.23
12:08:46 AM    0    0.00    0.00    1.00    0.00    4.00   24.00    0.00    0.00    0.00   71.00
12:08:46 AM    1    0.00    0.00    1.00    0.00    0.00    0.00    0.00    0.00    0.00   99.00
12:08:46 AM    2    0.00    0.00    1.00    0.00    0.00    0.00    0.00    0.00    0.00   99.00
12:08:46 AM    3    0.00    0.00    4.04    0.00    0.00    0.00    0.00    0.00    0.00   95.96

12:08:46 AM  CPU    %usr   %nice    %sys %iowait    %irq   %soft  %steal  %guest  %gnice   %idle
12:08:47 AM  all    0.00    0.00    0.76    0.00    1.26    5.79    0.00    0.00    0.00   92.19
12:08:47 AM    0    0.00    0.00    0.00    0.00    4.04   23.23    0.00    0.00    0.00   72.73
12:08:47 AM    1    0.00    0.00    0.00    0.00    0.00    0.00    0.00    0.00    0.00  100.00
12:08:47 AM    2    0.00    0.00    0.00    0.00    0.00    0.00    0.00    0.00    0.00  100.00
12:08:47 AM    3    0.00    0.00    3.06    0.00    1.02    0.00    0.00    0.00    0.00   95.92

12:08:47 AM  CPU    %usr   %nice    %sys %iowait    %irq   %soft  %steal  %guest  %gnice   %idle
12:08:48 AM  all    0.00    0.00    0.76    0.00    0.76    5.81    0.00    0.00    0.00   92.68
12:08:48 AM    0    0.00    0.00    0.00    0.00    3.06   23.47    0.00    0.00    0.00   73.47
12:08:48 AM    1    0.00    0.00    0.00    0.00    0.00    0.00    0.00    0.00    0.00  100.00
12:08:48 AM    2    0.00    0.00    0.00    0.00    0.00    0.00    0.00    0.00    0.00  100.00
12:08:48 AM    3    0.00    0.00    3.06    0.00    0.00    0.00    0.00    0.00    0.00   96.94

12:08:48 AM  CPU    %usr   %nice    %sys %iowait    %irq   %soft  %steal  %guest  %gnice   %idle
12:08:49 AM  all    0.25    0.00    1.50    0.00    1.25    6.00    0.00    0.00    0.00   91.00
12:08:49 AM    0    0.00    0.00    0.00    0.00    4.04   24.24    0.00    0.00    0.00   71.72
12:08:49 AM    1    0.00    0.00    0.00    0.00    0.00    0.00    0.00    0.00    0.00  100.00
12:08:49 AM    2    0.00    0.00    0.00    0.00    0.00    0.00    0.00    0.00    0.00  100.00
12:08:49 AM    3    0.98    0.00    5.88    0.00    0.98    0.00    0.00    0.00    0.00   92.16

12:08:49 AM  CPU    %usr   %nice    %sys %iowait    %irq   %soft  %steal  %guest  %gnice   %idle
12:08:50 AM  all    0.00    0.00    1.26    0.00    1.01    5.78    0.00    0.00    0.00   91.96
12:08:50 AM    0    0.00    0.00    0.00    0.00    4.08   23.47    0.00    0.00    0.00   72.45
12:08:50 AM    1    0.00    0.00    2.94    0.00    0.00    0.00    0.00    0.00    0.00   97.06
12:08:50 AM    2    0.00    0.00    0.00    0.00    0.00    0.00    0.00    0.00    0.00  100.00
12:08:50 AM    3    0.00    0.00    2.04    0.00    0.00    0.00    0.00    0.00    0.00   97.96

12:08:50 AM  CPU    %usr   %nice    %sys %iowait    %irq   %soft  %steal  %guest  %gnice   %idle
12:08:51 AM  all    0.00    0.00    0.50    0.00    1.26    6.03    0.00    0.00    0.00   92.21
12:08:51 AM    0    0.00    0.00    0.00    0.00    4.00   24.00    0.00    0.00    0.00   72.00
12:08:51 AM    1    0.00    0.00    0.00    0.00    1.00    0.00    0.00    0.00    0.00   99.00
12:08:51 AM    2    0.00    0.00    0.00    0.00    0.00    0.00    0.00    0.00    0.00  100.00
12:08:51 AM    3    0.00    0.00    2.04    0.00    0.00    0.00    0.00    0.00    0.00   97.96

12:08:51 AM  CPU    %usr   %nice    %sys %iowait    %irq   %soft  %steal  %guest  %gnice   %idle
12:08:52 AM  all    0.00    0.00    1.01    0.00    1.26    5.79    0.00    0.00    0.00   91.94
12:08:52 AM    0    0.00    0.00    0.00    0.00    4.08   23.47    0.00    0.00    0.00   72.45
12:08:52 AM    1    0.00    0.00    0.00    0.00    0.00    0.00    0.00    0.00    0.00  100.00
12:08:52 AM    2    0.00    0.00    1.01    0.00    0.00    0.00    0.00    0.00    0.00   98.99
12:08:52 AM    3    0.00    0.00    3.00    0.00    1.00    0.00    0.00    0.00    0.00   96.00

12:08:52 AM  CPU    %usr   %nice    %sys %iowait    %irq   %soft  %steal  %guest  %gnice   %idle
12:08:53 AM  all    0.00    0.00    1.01    0.00    1.01    5.78    0.00    0.00    0.00   92.21
12:08:53 AM    0    0.00    0.00    0.00    0.00    4.04   23.23    0.00    0.00    0.00   72.73
12:08:53 AM    1    0.00    0.00    0.00    0.00    0.00    0.00    0.00    0.00    0.00  100.00
12:08:53 AM    2    0.00    0.00    1.00    0.00    0.00    0.00    0.00    0.00    0.00   99.00
12:08:53 AM    3    0.00    0.00    3.03    0.00    0.00    0.00    0.00    0.00    0.00   96.97

12:08:53 AM  CPU    %usr   %nice    %sys %iowait    %irq   %soft  %steal  %guest  %gnice   %idle
12:08:54 AM  all    0.00    0.00    1.00    0.00    1.25    6.00    0.00    0.00    0.00   91.75
12:08:54 AM    0    0.00    0.00    0.00    0.00    4.00   24.00    0.00    0.00    0.00   72.00
12:08:54 AM    1    0.00    0.00    0.00    0.00    0.00    0.00    0.00    0.00    0.00  100.00
12:08:54 AM    2    0.00    0.00    0.00    0.00    1.00    0.00    0.00    0.00    0.00   99.00
12:08:54 AM    3    0.00    0.00    4.00    0.00    0.00    0.00    0.00    0.00    0.00   96.00

12:08:54 AM  CPU    %usr   %nice    %sys %iowait    %irq   %soft  %steal  %guest  %gnice   %idle
12:08:55 AM  all    0.50    0.00    1.01    0.00    1.26    5.78    0.00    0.00    0.00   91.46
12:08:55 AM    0    0.00    0.00    0.00    0.00    4.08   23.47    0.00    0.00    0.00   72.45
12:08:55 AM    1    0.00    0.00    1.00    0.00    0.00    0.00    0.00    0.00    0.00   99.00
12:08:55 AM    2    0.00    0.00    2.00    0.00    0.00    0.00    0.00    0.00    0.00   98.00
12:08:55 AM    3    2.00    0.00    1.00    0.00    1.00    0.00    0.00    0.00    0.00   96.00

12:08:55 AM  CPU    %usr   %nice    %sys %iowait    %irq   %soft  %steal  %guest  %gnice   %idle
12:08:56 AM  all    0.00    0.00    1.01    0.00    1.01    6.03    0.00    0.00    0.00   91.96
12:08:56 AM    0    0.00    0.00    0.00    0.00    4.04   23.23    0.00    0.00    0.00   72.73
12:08:56 AM    1    0.00    0.00    1.01    0.00    0.00    0.00    0.00    0.00    0.00   98.99
12:08:56 AM    2    0.00    0.00    0.00    0.00    0.00    0.00    0.00    0.00    0.00  100.00
12:08:56 AM    3    0.00    0.00    2.97    0.00    0.00    0.99    0.00    0.00    0.00   96.04

12:08:56 AM  CPU    %usr   %nice    %sys %iowait    %irq   %soft  %steal  %guest  %gnice   %idle
12:08:57 AM  all    0.00    0.00    1.00    0.00    1.00    6.02    0.00    0.00    0.00   91.98
12:08:57 AM    0    0.00    0.00    0.00    0.00    4.00   24.00    0.00    0.00    0.00   72.00
12:08:57 AM    1    0.00    0.00    1.00    0.00    0.00    0.00    0.00    0.00    0.00   99.00
12:08:57 AM    2    0.00    0.00    1.98    0.00    0.00    0.00    0.00    0.00    0.00   98.02
12:08:57 AM    3    0.00    0.00    1.02    0.00    0.00    0.00    0.00    0.00    0.00   98.98

12:08:57 AM  CPU    %usr   %nice    %sys %iowait    %irq   %soft  %steal  %guest  %gnice   %idle
12:08:58 AM  all    0.00    0.00    1.01    0.00    1.26    5.79    0.00    0.00    0.00   91.94
12:08:58 AM    0    0.00    0.00    0.00    0.00    4.08   23.47    0.00    0.00    0.00   72.45
12:08:58 AM    1    0.00    0.00    1.01    0.00    0.00    0.00    0.00    0.00    0.00   98.99
12:08:58 AM    2    0.00    0.00    1.01    0.00    0.00    0.00    0.00    0.00    0.00   98.99
12:08:58 AM    3    0.00    0.00    1.98    0.00    0.99    0.00    0.00    0.00    0.00   97.03

12:08:58 AM  CPU    %usr   %nice    %sys %iowait    %irq   %soft  %steal  %guest  %gnice   %idle
12:08:59 AM  all    0.00    0.00    0.75    0.00    1.26    5.78    0.00    0.00    0.00   92.21
12:08:59 AM    0    0.00    0.00    0.00    0.00    4.04   23.23    0.00    0.00    0.00   72.73
12:08:59 AM    1    0.00    0.00    0.00    0.00    0.00    0.00    0.00    0.00    0.00  100.00
12:08:59 AM    2    0.00    0.00    0.99    0.00    0.99    0.00    0.00    0.00    0.00   98.02
12:08:59 AM    3    0.00    0.00    2.02    0.00    0.00    0.00    0.00    0.00    0.00   97.98

12:08:59 AM  CPU    %usr   %nice    %sys %iowait    %irq   %soft  %steal  %guest  %gnice   %idle
12:09:00 AM  all    0.00    0.00    0.75    0.00    1.25    6.00    0.00    0.00    0.00   92.00
12:09:00 AM    0    0.00    0.00    0.00    0.00    4.00   24.00    0.00    0.00    0.00   72.00
12:09:00 AM    1    0.00    0.00    0.99    0.00    0.99    0.00    0.00    0.00    0.00   98.02
12:09:00 AM    2    0.00    0.00    1.00    0.00    0.00    0.00    0.00    0.00    0.00   99.00
12:09:00 AM    3    0.00    0.00    1.01    0.00    0.00    0.00    0.00    0.00    0.00   98.99

12:09:00 AM  CPU    %usr   %nice    %sys %iowait    %irq   %soft  %steal  %guest  %gnice   %idle
12:09:01 AM  all    0.25    0.00    1.52    0.00    0.76    5.82    0.00    0.00    0.00   91.65
12:09:01 AM    0    0.00    0.00    1.02    0.00    3.06   23.47    0.00    0.00    0.00   72.45
12:09:01 AM    1    0.00    0.00    2.04    0.00    0.00    0.00    0.00    0.00    0.00   97.96
12:09:01 AM    2    1.01    0.00    0.00    0.00    0.00    0.00    0.00    0.00    0.00   98.99
12:09:01 AM    3    0.00    0.00    3.00    0.00    0.00    0.00    0.00    0.00    0.00   97.00

12:09:01 AM  CPU    %usr   %nice    %sys %iowait    %irq   %soft  %steal  %guest  %gnice   %idle
12:09:02 AM  all    0.00    0.00    0.75    0.00    1.25    5.76    0.00    0.00    0.00   92.23
12:09:02 AM    0    0.00    0.00    0.00    0.00    4.04   23.23    0.00    0.00    0.00   72.73
12:09:02 AM    1    0.00    0.00    3.00    0.00    0.00    0.00    0.00    0.00    0.00   97.00
12:09:02 AM    2    0.00    0.00    0.00    0.00    0.00    0.00    0.00    0.00    0.00  100.00
12:09:02 AM    3    0.00    0.00    0.00    0.00    1.00    0.00    0.00    0.00    0.00   99.00

12:09:02 AM  CPU    %usr   %nice    %sys %iowait    %irq   %soft  %steal  %guest  %gnice   %idle
12:09:03 AM  all    0.25    0.00    1.00    0.00    1.00    6.02    0.00    0.00    0.00   91.73
12:09:03 AM    0    0.00    0.00    0.00    0.00    4.00   24.00    0.00    0.00    0.00   72.00
12:09:03 AM    1    1.00    0.00    2.00    0.00    0.00    0.00    0.00    0.00    0.00   97.00
12:09:03 AM    2    0.00    0.00    1.01    0.00    0.00    0.00    0.00    0.00    0.00   98.99
12:09:03 AM    3    0.00    0.00    1.00    0.00    0.00    0.00    0.00    0.00    0.00   99.00

12:09:03 AM  CPU    %usr   %nice    %sys %iowait    %irq   %soft  %steal  %guest  %gnice   %idle
12:09:04 AM  all    0.00    0.00    0.51    0.00    1.27    5.82    0.00    0.00    0.00   92.41
12:09:04 AM    0    0.00    0.00    0.00    0.00    4.08   23.47    0.00    0.00    0.00   72.45
12:09:04 AM    1    0.00    0.00    2.00    0.00    1.00    0.00    0.00    0.00    0.00   97.00
12:09:04 AM    2    0.00    0.00    0.00    0.00    0.00    0.00    0.00    0.00    0.00  100.00
12:09:04 AM    3    0.00    0.00    0.00    0.00    0.00    0.00    0.00    0.00    0.00  100.00

12:09:04 AM  CPU    %usr   %nice    %sys %iowait    %irq   %soft  %steal  %guest  %gnice   %idle
12:09:05 AM  all    0.00    0.00    1.25    0.00    1.00    5.76    0.00    0.00    0.00   91.98
12:09:05 AM    0    0.00    0.00    0.00    0.00    4.04   23.23    0.00    0.00    0.00   72.73
12:09:05 AM    1    0.00    0.00    3.00    0.00    0.00    0.00    0.00    0.00    0.00   97.00
12:09:05 AM    2    0.00    0.00    1.00    0.00    0.00    0.00    0.00    0.00    0.00   99.00
12:09:05 AM    3    0.00    0.00    1.00    0.00    0.00    0.00    0.00    0.00    0.00   99.00

12:09:05 AM  CPU    %usr   %nice    %sys %iowait    %irq   %soft  %steal  %guest  %gnice   %idle
12:09:06 AM  all    0.00    0.00    1.24    0.00    1.24    6.22    0.00    0.00    0.00   91.29
12:09:06 AM    0    0.00    0.00    0.00    0.00    4.00   24.00    0.00    0.00    0.00   72.00
12:09:06 AM    1    0.00    0.00    1.98    0.00    0.00    0.99    0.00    0.00    0.00   97.03
12:09:06 AM    2    0.00    0.00    1.98    0.00    0.99    0.00    0.00    0.00    0.00   97.03
12:09:06 AM    3    0.00    0.00    1.00    0.00    0.00    0.00    0.00    0.00    0.00   99.00

12:09:06 AM  CPU    %usr   %nice    %sys %iowait    %irq   %soft  %steal  %guest  %gnice   %idle
12:09:07 AM  all    0.00    0.00    1.01    0.00    1.26    5.81    0.00    0.00    0.00   91.92
12:09:07 AM    0    0.00    0.00    0.00    0.00    4.08   23.47    0.00    0.00    0.00   72.45
12:09:07 AM    1    0.00    0.00    1.02    0.00    0.00    0.00    0.00    0.00    0.00   98.98
12:09:07 AM    2    0.00    0.00    1.00    0.00    0.00    0.00    0.00    0.00    0.00   99.00
12:09:07 AM    3    0.00    0.00    2.00    0.00    1.00    0.00    0.00    0.00    0.00   97.00

12:09:07 AM  CPU    %usr   %nice    %sys %iowait    %irq   %soft  %steal  %guest  %gnice   %idle
12:09:08 AM  all    0.00    0.00    0.50    0.00    1.26    6.05    0.00    0.00    0.00   92.19
12:09:08 AM    0    0.00    0.00    0.00    0.00    4.04   24.24    0.00    0.00    0.00   71.72
12:09:08 AM    1    0.00    0.00    0.00    0.00    1.00    0.00    0.00    0.00    0.00   99.00
12:09:08 AM    2    0.00    0.00    0.00    0.00    0.00    0.00    0.00    0.00    0.00  100.00
12:09:08 AM    3    0.00    0.00    2.04    0.00    0.00    0.00    0.00    0.00    0.00   97.96

12:09:08 AM  CPU    %usr   %nice    %sys %iowait    %irq   %soft  %steal  %guest  %gnice   %idle
12:09:09 AM  all    0.25    0.00    1.01    0.00    1.01    5.78    0.00    0.00    0.00   91.96
12:09:09 AM    0    0.00    0.00    0.00    0.00    4.04   23.23    0.00    0.00    0.00   72.73
12:09:09 AM    1    1.00    0.00    1.00    0.00    0.00    0.00    0.00    0.00    0.00   98.00
12:09:09 AM    2    0.00    0.00    0.00    0.00    0.00    0.00    0.00    0.00    0.00  100.00
12:09:09 AM    3    0.00    0.00    3.03    0.00    0.00    0.00    0.00    0.00    0.00   96.97

12:09:09 AM  CPU    %usr   %nice    %sys %iowait    %irq   %soft  %steal  %guest  %gnice   %idle
12:09:10 AM  all    0.00    0.00    0.75    0.00    1.26    5.78    0.00    0.00    0.00   92.21
12:09:10 AM    0    0.00    0.00    0.00    0.00    4.04   23.23    0.00    0.00    0.00   72.73
12:09:10 AM    1    0.00    0.00    0.00    0.00    0.00    0.00    0.00    0.00    0.00  100.00
12:09:10 AM    2    0.00    0.00    0.00    0.00    0.00    0.00    0.00    0.00    0.00  100.00
12:09:10 AM    3    0.00    0.00    3.00    0.00    1.00    0.00    0.00    0.00    0.00   96.00

12:09:10 AM  CPU    %usr   %nice    %sys %iowait    %irq   %soft  %steal  %guest  %gnice   %idle
12:09:11 AM  all    0.00    0.00    1.25    0.00    1.00    6.02    0.00    0.00    0.00   91.73
12:09:11 AM    0    0.00    0.00    1.00    0.00    4.00   24.00    0.00    0.00    0.00   71.00
12:09:11 AM    1    0.00    0.00    2.00    0.00    0.00    0.00    0.00    0.00    0.00   98.00
12:09:11 AM    2    0.00    0.00    0.00    0.00    0.00    0.00    0.00    0.00    0.00  100.00
12:09:11 AM    3    0.00    0.00    2.02    0.00    0.00    0.00    0.00    0.00    0.00   97.98

12:09:11 AM  CPU    %usr   %nice    %sys %iowait    %irq   %soft  %steal  %guest  %gnice   %idle
12:09:12 AM  all    0.00    0.00    0.76    0.00    1.26    5.79    0.00    0.00    0.00   92.19
12:09:12 AM    0    0.00    0.00    0.00    0.00    4.04   23.23    0.00    0.00    0.00   72.73
12:09:12 AM    1    0.00    0.00    2.00    0.00    1.00    0.00    0.00    0.00    0.00   97.00
12:09:12 AM    2    0.00    0.00    0.00    0.00    0.00    0.00    0.00    0.00    0.00  100.00
12:09:12 AM    3    0.00    0.00    1.02    0.00    0.00    0.00    0.00    0.00    0.00   98.98

12:09:12 AM  CPU    %usr   %nice    %sys %iowait    %irq   %soft  %steal  %guest  %gnice   %idle
12:09:13 AM  all    0.00    0.00    1.01    0.00    1.01    5.81    0.00    0.00    0.00   92.17
12:09:13 AM    0    0.00    0.00    1.01    0.00    4.04   23.23    0.00    0.00    0.00   71.72
12:09:13 AM    1    0.00    0.00    1.02    0.00    0.00    0.00    0.00    0.00    0.00   98.98
12:09:13 AM    2    0.00    0.00    0.00    0.00    0.00    0.00    0.00    0.00    0.00  100.00
12:09:13 AM    3    0.00    0.00    2.02    0.00    0.00    0.00    0.00    0.00    0.00   97.98

12:09:13 AM  CPU    %usr   %nice    %sys %iowait    %irq   %soft  %steal  %guest  %gnice   %idle
12:09:14 AM  all    0.00    0.00    0.76    0.00    1.01    6.05    0.00    0.00    0.00   92.19
12:09:14 AM    0    0.00    0.00    0.00    0.00    3.03   24.24    0.00    0.00    0.00   72.73
12:09:14 AM    1    0.00    0.00    3.00    0.00    0.00    0.00    0.00    0.00    0.00   97.00
12:09:14 AM    2    0.00    0.00    0.00    0.00    0.00    0.00    0.00    0.00    0.00  100.00
12:09:14 AM    3    0.00    0.00    0.00    0.00    1.02    0.00    0.00    0.00    0.00   98.98

12:09:14 AM  CPU    %usr   %nice    %sys %iowait    %irq   %soft  %steal  %guest  %gnice   %idle
12:09:15 AM  all    0.00    0.00    0.76    0.00    1.01    5.81    0.00    0.00    0.00   92.42
12:09:15 AM    0    0.00    0.00    0.00    0.00    4.08   23.47    0.00    0.00    0.00   72.45
12:09:15 AM    1    0.00    0.00    1.02    0.00    0.00    0.00    0.00    0.00    0.00   98.98
12:09:15 AM    2    0.00    0.00    1.00    0.00    0.00    0.00    0.00    0.00    0.00   99.00
12:09:15 AM    3    0.00    0.00    1.00    0.00    0.00    0.00    0.00    0.00    0.00   99.00

12:09:15 AM  CPU    %usr   %nice    %sys %iowait    %irq   %soft  %steal  %guest  %gnice   %idle
12:09:16 AM  all    0.25    0.00    1.00    0.00    1.25    5.76    0.00    0.00    0.00   91.73
12:09:16 AM    0    0.00    0.00    0.00    0.00    4.04   23.23    0.00    0.00    0.00   72.73
12:09:16 AM    1    0.98    0.00    2.94    0.00    0.98    0.00    0.00    0.00    0.00   95.10
12:09:16 AM    2    0.00    0.00    0.00    0.00    0.00    0.00    0.00    0.00    0.00  100.00
12:09:16 AM    3    0.00    0.00    1.00    0.00    0.00    0.00    0.00    0.00    0.00   99.00

12:09:16 AM  CPU    %usr   %nice    %sys %iowait    %irq   %soft  %steal  %guest  %gnice   %idle
12:09:17 AM  all    0.00    0.00    0.75    0.00    1.00    6.27    0.00    0.00    0.00   91.98
12:09:17 AM    0    0.00    0.00    0.00    0.00    4.00   24.00    0.00    0.00    0.00   72.00
12:09:17 AM    1    0.00    0.00    1.01    0.00    0.00    0.00    0.00    0.00    0.00   98.99
12:09:17 AM    2    0.00    0.00    0.99    0.00    0.00    0.99    0.00    0.00    0.00   98.02
12:09:17 AM    3    0.00    0.00    1.01    0.00    0.00    0.00    0.00    0.00    0.00   98.99

12:09:17 AM  CPU    %usr   %nice    %sys %iowait    %irq   %soft  %steal  %guest  %gnice   %idle
12:09:18 AM  all    0.00    0.00    1.01    0.00    1.01    5.78    0.00    0.00    0.00   92.21
12:09:18 AM    0    0.00    0.00    0.00    0.00    4.04   23.23    0.00    0.00    0.00   72.73
12:09:18 AM    1    0.00    0.00    1.02    0.00    0.00    0.00    0.00    0.00    0.00   98.98
12:09:18 AM    2    0.00    0.00    1.98    0.00    0.00    0.00    0.00    0.00    0.00   98.02
12:09:18 AM    3    0.00    0.00    1.00    0.00    0.00    0.00    0.00    0.00    0.00   99.00

12:09:18 AM  CPU    %usr   %nice    %sys %iowait    %irq   %soft  %steal  %guest  %gnice   %idle
12:09:19 AM  all    0.00    0.00    1.00    0.00    1.50    5.75    0.00    0.00    0.00   91.75
12:09:19 AM    0    0.00    0.00    0.00    0.00    4.04   23.23    0.00    0.00    0.00   72.73
12:09:19 AM    1    0.00    0.00    3.92    0.00    0.98    0.00    0.00    0.00    0.00   95.10
12:09:19 AM    2    0.00    0.00    0.00    0.00    0.00    0.00    0.00    0.00    0.00  100.00
12:09:19 AM    3    0.00    0.00    0.00    0.00    1.00    0.00    0.00    0.00    0.00   99.00

12:09:19 AM  CPU    %usr   %nice    %sys %iowait    %irq   %soft  %steal  %guest  %gnice   %idle
12:09:20 AM  all    0.00    0.00    0.51    0.00    1.26    5.81    0.00    0.00    0.00   92.42
12:09:20 AM    0    0.00    0.00    0.00    0.00    4.08   23.47    0.00    0.00    0.00   72.45
12:09:20 AM    1    0.00    0.00    0.00    0.00    0.00    0.00    0.00    0.00    0.00  100.00
12:09:20 AM    2    0.00    0.00    1.00    0.00    1.00    0.00    0.00    0.00    0.00   98.00
12:09:20 AM    3    0.00    0.00    1.00    0.00    0.00    0.00    0.00    0.00    0.00   99.00

12:09:20 AM  CPU    %usr   %nice    %sys %iowait    %irq   %soft  %steal  %guest  %gnice   %idle
12:09:21 AM  all    0.00    0.00    1.25    0.00    1.00    6.02    0.00    0.00    0.00   91.73
12:09:21 AM    0    0.00    0.00    0.00    0.00    4.00   24.00    0.00    0.00    0.00   72.00
12:09:21 AM    1    0.00    0.00    3.96    0.00    0.00    0.00    0.00    0.00    0.00   96.04
12:09:21 AM    2    0.00    0.00    0.00    0.00    0.00    0.00    0.00    0.00    0.00  100.00
12:09:21 AM    3    0.00    0.00    1.01    0.00    0.00    0.00    0.00    0.00    0.00   98.99

12:09:21 AM  CPU    %usr   %nice    %sys %iowait    %irq   %soft  %steal  %guest  %gnice   %idle
12:09:22 AM  all    0.00    0.00    0.51    0.00    1.01    5.81    0.00    0.00    0.00   92.68
12:09:22 AM    0    0.00    0.00    0.00    0.00    4.04   23.23    0.00    0.00    0.00   72.73
12:09:22 AM    1    0.00    0.00    0.00    0.00    0.00    0.00    0.00    0.00    0.00  100.00
12:09:22 AM    2    0.00    0.00    1.00    0.00    0.00    0.00    0.00    0.00    0.00   99.00
12:09:22 AM    3    0.00    0.00    1.00    0.00    0.00    0.00    0.00    0.00    0.00   99.00

12:09:22 AM  CPU    %usr   %nice    %sys %iowait    %irq   %soft  %steal  %guest  %gnice   %idle
12:09:23 AM  all    0.25    0.00    0.75    0.00    1.25    5.76    0.00    0.00    0.00   91.98
12:09:23 AM    0    0.00    0.00    0.00    0.00    4.04   23.23    0.00    0.00    0.00   72.73
12:09:23 AM    1    0.98    0.00    1.96    0.00    0.98    0.00    0.00    0.00    0.00   96.08
12:09:23 AM    2    0.00    0.00    0.00    0.00    0.00    0.00    0.00    0.00    0.00  100.00
12:09:23 AM    3    0.00    0.00    1.00    0.00    0.00    0.00    0.00    0.00    0.00   99.00

12:09:23 AM  CPU    %usr   %nice    %sys %iowait    %irq   %soft  %steal  %guest  %gnice   %idle
12:09:24 AM  all    0.25    0.00    1.01    0.00    1.01    6.28    0.00    0.00    0.00   91.46
12:09:24 AM    0    1.00    0.00    0.00    0.00    4.00   24.00    0.00    0.00    0.00   71.00
12:09:24 AM    1    0.00    0.00    2.02    0.00    0.00    0.00    0.00    0.00    0.00   97.98
12:09:24 AM    2    0.00    0.00    1.01    0.00    0.00    0.00    0.00    0.00    0.00   98.99
12:09:24 AM    3    0.00    0.00    1.00    0.00    0.00    1.00    0.00    0.00    0.00   98.00

12:09:24 AM  CPU    %usr   %nice    %sys %iowait    %irq   %soft  %steal  %guest  %gnice   %idle
12:09:25 AM  all    0.25    0.00    0.75    0.00    1.50    5.76    0.00    0.00    0.00   91.73
12:09:25 AM    0    0.00    0.00    0.00    0.00    4.04   23.23    0.00    0.00    0.00   72.73
12:09:25 AM    1    1.01    0.00    0.00    0.00    0.00    0.00    0.00    0.00    0.00   98.99
12:09:25 AM    2    0.00    0.00    1.98    0.00    0.99    0.00    0.00    0.00    0.00   97.03
12:09:25 AM    3    0.00    0.00    1.00    0.00    1.00    0.00    0.00    0.00    0.00   98.00

12:09:25 AM  CPU    %usr   %nice    %sys %iowait    %irq   %soft  %steal  %guest  %gnice   %idle
12:09:26 AM  all    0.00    0.00    1.01    0.00    1.01    5.78    0.00    0.00    0.00   92.21
12:09:26 AM    0    0.00    0.00    0.00    0.00    4.04   23.23    0.00    0.00    0.00   72.73
12:09:26 AM    1    0.00    0.00    1.98    0.00    0.00    0.00    0.00    0.00    0.00   98.02
12:09:26 AM    2    0.00    0.00    1.02    0.00    0.00    0.00    0.00    0.00    0.00   98.98
12:09:26 AM    3    0.00    0.00    1.00    0.00    0.00    0.00    0.00    0.00    0.00   99.00

12:09:26 AM  CPU    %usr   %nice    %sys %iowait    %irq   %soft  %steal  %guest  %gnice   %idle
12:09:27 AM  all    0.00    0.00    1.01    0.00    0.76    5.81    0.00    0.00    0.00   92.42
12:09:27 AM    0    0.00    0.00    0.00    0.00    3.09   23.71    0.00    0.00    0.00   73.20
12:09:27 AM    1    0.00    0.00    0.00    0.00    0.00    0.00    0.00    0.00    0.00  100.00
12:09:27 AM    2    0.00    0.00    2.00    0.00    0.00    0.00    0.00    0.00    0.00   98.00
12:09:27 AM    3    0.00    0.00    1.98    0.00    0.00    0.00    0.00    0.00    0.00   98.02

12:09:27 AM  CPU    %usr   %nice    %sys %iowait    %irq   %soft  %steal  %guest  %gnice   %idle
12:09:28 AM  all    0.00    0.00    1.00    0.00    1.25    6.02    0.00    0.00    0.00   91.73
12:09:28 AM    0    0.00    0.00    0.00    0.00    4.00   24.00    0.00    0.00    0.00   72.00
12:09:28 AM    1    0.00    0.00    1.96    0.00    0.98    0.00    0.00    0.00    0.00   97.06
12:09:28 AM    2    0.00    0.00    2.02    0.00    0.00    0.00    0.00    0.00    0.00   97.98
12:09:28 AM    3    0.00    0.00    0.00    0.00    0.00    0.00    0.00    0.00    0.00  100.00

12:09:28 AM  CPU    %usr   %nice    %sys %iowait    %irq   %soft  %steal  %guest  %gnice   %idle
12:09:29 AM  all    0.00    0.00    0.51    0.00    1.26    5.81    0.00    0.00    0.00   92.42
12:09:29 AM    0    0.00    0.00    0.00    0.00    4.04   23.23    0.00    0.00    0.00   72.73
12:09:29 AM    1    0.00    0.00    0.00    0.00    0.00    0.00    0.00    0.00    0.00  100.00
12:09:29 AM    2    0.00    0.00    1.01    0.00    1.01    0.00    0.00    0.00    0.00   97.98
12:09:29 AM    3    0.00    0.00    1.00    0.00    0.00    0.00    0.00    0.00    0.00   99.00

12:09:29 AM  CPU    %usr   %nice    %sys %iowait    %irq   %soft  %steal  %guest  %gnice   %idle
12:09:30 AM  all    0.00    0.00    1.00    0.00    1.25    5.75    0.00    0.00    0.00   92.00
12:09:30 AM    0    0.00    0.00    0.00    0.00    4.04   23.23    0.00    0.00    0.00   72.73
12:09:30 AM    1    0.00    0.00    1.98    0.00    0.00    0.00    0.00    0.00    0.00   98.02
12:09:30 AM    2    0.00    0.00    2.00    0.00    0.00    0.00    0.00    0.00    0.00   98.00
12:09:30 AM    3    0.00    0.00    0.00    0.00    1.00    0.00    0.00    0.00    0.00   99.00

12:09:30 AM  CPU    %usr   %nice    %sys %iowait    %irq   %soft  %steal  %guest  %gnice   %idle
12:09:31 AM  all    0.00    0.00    1.25    0.00    1.00    6.02    0.00    0.00    0.00   91.73
12:09:31 AM    0    0.00    0.00    0.00    0.00    4.04   24.24    0.00    0.00    0.00   71.72
12:09:31 AM    1    0.00    0.00    1.00    0.00    0.00    0.00    0.00    0.00    0.00   99.00
12:09:31 AM    2    0.00    0.00    3.00    0.00    0.00    0.00    0.00    0.00    0.00   97.00
12:09:31 AM    3    0.00    0.00    1.00    0.00    0.00    0.00    0.00    0.00    0.00   99.00

12:09:31 AM  CPU    %usr   %nice    %sys %iowait    %irq   %soft  %steal  %guest  %gnice   %idle
12:09:32 AM  all    0.00    0.00    1.01    0.00    1.01    5.79    0.00    0.00    0.00   92.19
12:09:32 AM    0    0.00    0.00    0.00    0.00    4.04   23.23    0.00    0.00    0.00   72.73
12:09:32 AM    1    0.00    0.00    1.01    0.00    0.00    0.00    0.00    0.00    0.00   98.99
12:09:32 AM    2    0.00    0.00    1.01    0.00    0.00    0.00    0.00    0.00    0.00   98.99
12:09:32 AM    3    0.00    0.00    2.00    0.00    0.00    0.00    0.00    0.00    0.00   98.00

12:09:32 AM  CPU    %usr   %nice    %sys %iowait    %irq   %soft  %steal  %guest  %gnice   %idle
12:09:33 AM  all    0.00    0.00    1.00    0.00    1.25    5.76    0.00    0.00    0.00   91.98
12:09:33 AM    0    0.00    0.00    0.00    0.00    4.04   23.23    0.00    0.00    0.00   72.73
12:09:33 AM    1    0.00    0.00    1.98    0.00    0.00    0.00    0.00    0.00    0.00   98.02
12:09:33 AM    2    0.00    0.00    2.00    0.00    1.00    0.00    0.00    0.00    0.00   97.00
12:09:33 AM    3    0.00    0.00    0.00    0.00    0.00    0.00    0.00    0.00    0.00  100.00

12:09:33 AM  CPU    %usr   %nice    %sys %iowait    %irq   %soft  %steal  %guest  %gnice   %idle
12:09:34 AM  all    0.25    0.00    0.51    0.00    1.27    6.09    0.00    0.00    0.00   91.88
12:09:34 AM    0    0.00    0.00    1.00    0.00    4.00   24.00    0.00    0.00    0.00   71.00
12:09:34 AM    1    1.01    0.00    0.00    0.00    1.01    0.00    0.00    0.00    0.00   97.98
12:09:34 AM    2    0.00    0.00    0.00    0.00    0.00    0.00    0.00    0.00    0.00  100.00
12:09:34 AM    3    0.00    0.00    1.02    0.00    0.00    0.00    0.00    0.00    0.00   98.98

12:09:34 AM  CPU    %usr   %nice    %sys %iowait    %irq   %soft  %steal  %guest  %gnice   %idle
12:09:35 AM  all    0.00    0.00    1.00    0.00    1.00    5.76    0.00    0.00    0.00   92.23
12:09:35 AM    0    0.00    0.00    0.00    0.00    4.04   23.23    0.00    0.00    0.00   72.73
12:09:35 AM    1    0.00    0.00    1.00    0.00    0.00    0.00    0.00    0.00    0.00   99.00
12:09:35 AM    2    0.00    0.00    2.00    0.00    0.00    0.00    0.00    0.00    0.00   98.00
12:09:35 AM    3    0.00    0.00    1.00    0.00    0.00    0.00    0.00    0.00    0.00   99.00

12:09:35 AM  CPU    %usr   %nice    %sys %iowait    %irq   %soft  %steal  %guest  %gnice   %idle
12:09:36 AM  all    0.00    0.00    1.00    0.00    1.50    6.00    0.00    0.00    0.00   91.50
12:09:36 AM    0    0.00    0.00    0.00    0.00    4.04   23.23    0.00    0.00    0.00   72.73
12:09:36 AM    1    0.00    0.00    1.00    0.00    0.00    1.00    0.00    0.00    0.00   98.00
12:09:36 AM    2    0.00    0.00    2.00    0.00    1.00    0.00    0.00    0.00    0.00   97.00
12:09:36 AM    3    0.00    0.00    0.99    0.00    0.99    0.00    0.00    0.00    0.00   98.02

12:09:36 AM  CPU    %usr   %nice    %sys %iowait    %irq   %soft  %steal  %guest  %gnice   %idle
12:09:37 AM  all    0.00    0.00    0.25    0.00    1.01    6.06    0.00    0.00    0.00   92.68
12:09:37 AM    0    0.00    0.00    0.00    0.00    4.04   24.24    0.00    0.00    0.00   71.72
12:09:37 AM    1    0.00    0.00    0.00    0.00    0.00    0.00    0.00    0.00    0.00  100.00
12:09:37 AM    2    0.00    0.00    1.01    0.00    0.00    0.00    0.00    0.00    0.00   98.99
12:09:37 AM    3    0.00    0.00    0.00    0.00    0.00    0.00    0.00    0.00    0.00  100.00

12:09:37 AM  CPU    %usr   %nice    %sys %iowait    %irq   %soft  %steal  %guest  %gnice   %idle
12:09:38 AM  all    0.00    0.00    0.76    0.00    1.01    5.81    0.00    0.00    0.00   92.42
12:09:38 AM    0    0.00    0.00    0.00    0.00    4.04   23.23    0.00    0.00    0.00   72.73
12:09:38 AM    1    0.00    0.00    1.98    0.00    0.00    0.00    0.00    0.00    0.00   98.02
12:09:38 AM    2    0.00    0.00    1.02    0.00    0.00    0.00    0.00    0.00    0.00   98.98
12:09:38 AM    3    0.00    0.00    0.00    0.00    0.00    0.00    0.00    0.00    0.00  100.00

12:09:38 AM  CPU    %usr   %nice    %sys %iowait    %irq   %soft  %steal  %guest  %gnice   %idle
12:09:39 AM  all    0.00    0.00    1.01    0.00    0.76    5.81    0.00    0.00    0.00   92.42
12:09:39 AM    0    0.00    0.00    0.00    0.00    3.06   23.47    0.00    0.00    0.00   73.47
12:09:39 AM    1    0.00    0.00    0.00    0.00    0.00    0.00    0.00    0.00    0.00  100.00
12:09:39 AM    2    0.00    0.00    2.02    0.00    0.00    0.00    0.00    0.00    0.00   97.98
12:09:39 AM    3    0.00    0.00    1.98    0.00    0.00    0.00    0.00    0.00    0.00   98.02

12:09:39 AM  CPU    %usr   %nice    %sys %iowait    %irq   %soft  %steal  %guest  %gnice   %idle
12:09:40 AM  all    0.00    0.00    0.50    0.00    1.50    6.00    0.00    0.00    0.00   92.00
12:09:40 AM    0    0.00    0.00    0.00    0.00    4.00   24.00    0.00    0.00    0.00   72.00
12:09:40 AM    1    0.00    0.00    0.00    0.00    1.00    0.00    0.00    0.00    0.00   99.00
12:09:40 AM    2    0.00    0.00    1.00    0.00    1.00    0.00    0.00    0.00    0.00   98.00
12:09:40 AM    3    0.00    0.00    1.00    0.00    0.00    0.00    0.00    0.00    0.00   99.00

12:09:40 AM  CPU    %usr   %nice    %sys %iowait    %irq   %soft  %steal  %guest  %gnice   %idle
12:09:41 AM  all    0.25    0.00    0.76    0.00    1.02    5.85    0.00    0.00    0.00   92.11
12:09:41 AM    0    0.00    0.00    0.00    0.00    4.08   23.47    0.00    0.00    0.00   72.45
12:09:41 AM    1    0.00    0.00    0.00    0.00    0.00    0.00    0.00    0.00    0.00  100.00
12:09:41 AM    2    1.01    0.00    2.02    0.00    0.00    0.00    0.00    0.00    0.00   96.97
12:09:41 AM    3    0.00    0.00    1.02    0.00    0.00    0.00    0.00    0.00    0.00   98.98

12:09:41 AM  CPU    %usr   %nice    %sys %iowait    %irq   %soft  %steal  %guest  %gnice   %idle
12:09:42 AM  all    0.00    0.00    0.75    0.00    1.25    6.00    0.00    0.00    0.00   92.00
12:09:42 AM    0    0.00    0.00    0.00    0.00    4.00   24.00    0.00    0.00    0.00   72.00
12:09:42 AM    1    0.00    0.00    1.00    0.00    0.00    0.00    0.00    0.00    0.00   99.00
12:09:42 AM    2    0.00    0.00    2.00    0.00    0.00    0.00    0.00    0.00    0.00   98.00
12:09:42 AM    3    0.00    0.00    0.00    0.00    1.00    0.00    0.00    0.00    0.00   99.00

12:09:42 AM  CPU    %usr   %nice    %sys %iowait    %irq   %soft  %steal  %guest  %gnice   %idle
12:09:43 AM  all    0.00    0.00    1.01    0.00    1.01    5.82    0.00    0.00    0.00   92.15
12:09:43 AM    0    0.00    0.00    0.00    0.00    4.08   23.47    0.00    0.00    0.00   72.45
12:09:43 AM    1    0.00    0.00    1.02    0.00    0.00    0.00    0.00    0.00    0.00   98.98
12:09:43 AM    2    0.00    0.00    2.02    0.00    0.00    0.00    0.00    0.00    0.00   97.98
12:09:43 AM    3    0.00    0.00    1.00    0.00    0.00    0.00    0.00    0.00    0.00   99.00

12:09:43 AM  CPU    %usr   %nice    %sys %iowait    %irq   %soft  %steal  %guest  %gnice   %idle
12:09:44 AM  all    0.00    0.00    1.00    0.00    1.49    5.97    0.00    0.00    0.00   91.54
12:09:44 AM    0    0.00    0.00    0.00    0.00    4.04   23.23    0.00    0.00    0.00   72.73
12:09:44 AM    1    0.00    0.00    1.98    0.00    0.99    0.00    0.00    0.00    0.00   97.03
12:09:44 AM    2    0.00    0.00    1.96    0.00    0.98    0.98    0.00    0.00    0.00   96.08
12:09:44 AM    3    0.00    0.00    0.00    0.00    0.00    0.00    0.00    0.00    0.00  100.00

12:09:44 AM  CPU    %usr   %nice    %sys %iowait    %irq   %soft  %steal  %guest  %gnice   %idle
12:09:45 AM  all    0.25    0.00    1.75    0.00    1.00    6.00    0.00    0.00    0.00   91.00
12:09:45 AM    0    0.00    0.00    1.00    0.00    4.00   24.00    0.00    0.00    0.00   71.00
12:09:45 AM    1    1.01    0.00    2.02    0.00    0.00    0.00    0.00    0.00    0.00   96.97
12:09:45 AM    2    0.00    0.00    2.02    0.00    0.00    0.00    0.00    0.00    0.00   97.98
12:09:45 AM    3    0.00    0.00    1.96    0.00    0.00    0.00    0.00    0.00    0.00   98.04

12:09:45 AM  CPU    %usr   %nice    %sys %iowait    %irq   %soft  %steal  %guest  %gnice   %idle
12:09:46 AM  all    0.00    0.00    0.25    0.00    1.01    5.82    0.00    0.00    0.00   92.91
12:09:46 AM    0    0.00    0.00    0.00    0.00    4.04   23.23    0.00    0.00    0.00   72.73
12:09:46 AM    1    0.00    0.00    0.00    0.00    0.00    0.00    0.00    0.00    0.00  100.00
12:09:46 AM    2    0.00    0.00    1.02    0.00    0.00    0.00    0.00    0.00    0.00   98.98
12:09:46 AM    3    0.00    0.00    0.00    0.00    0.00    0.00    0.00    0.00    0.00  100.00

12:09:46 AM  CPU    %usr   %nice    %sys %iowait    %irq   %soft  %steal  %guest  %gnice   %idle
12:09:47 AM  all    0.00    0.00    1.01    0.00    1.01    5.78    0.00    0.00    0.00   92.21
12:09:47 AM    0    0.00    0.00    0.00    0.00    4.04   23.23    0.00    0.00    0.00   72.73
12:09:47 AM    1    0.00    0.00    1.02    0.00    0.00    0.00    0.00    0.00    0.00   98.98
12:09:47 AM    2    0.00    0.00    2.97    0.00    0.00    0.00    0.00    0.00    0.00   97.03
12:09:47 AM    3    0.00    0.00    0.00    0.00    0.00    0.00    0.00    0.00    0.00  100.00

12:09:47 AM  CPU    %usr   %nice    %sys %iowait    %irq   %soft  %steal  %guest  %gnice   %idle
12:09:48 AM  all    0.25    0.00    1.01    0.00    1.51    6.03    0.00    0.00    0.00   91.21
12:09:48 AM    0    0.00    0.00    1.01    0.00    4.04   24.24    0.00    0.00    0.00   70.71
12:09:48 AM    1    0.00    0.00    2.00    0.00    1.00    0.00    0.00    0.00    0.00   97.00
12:09:48 AM    2    0.00    0.00    1.01    0.00    1.01    0.00    0.00    0.00    0.00   97.98
12:09:48 AM    3    1.00    0.00    0.00    0.00    0.00    0.00    0.00    0.00    0.00   99.00

12:09:48 AM  CPU    %usr   %nice    %sys %iowait    %irq   %soft  %steal  %guest  %gnice   %idle
12:09:49 AM  all    0.00    0.00    0.76    0.00    1.01    5.81    0.00    0.00    0.00   92.42
12:09:49 AM    0    0.00    0.00    0.00    0.00    4.04   23.23    0.00    0.00    0.00   72.73
12:09:49 AM    1    0.00    0.00    1.01    0.00    0.00    0.00    0.00    0.00    0.00   98.99
12:09:49 AM    2    0.00    0.00    2.04    0.00    0.00    0.00    0.00    0.00    0.00   97.96
12:09:49 AM    3    0.00    0.00    0.00    0.00    0.00    0.00    0.00    0.00    0.00  100.00

12:09:49 AM  CPU    %usr   %nice    %sys %iowait    %irq   %soft  %steal  %guest  %gnice   %idle
12:09:50 AM  all    0.00    0.00    0.51    0.00    1.01    5.81    0.00    0.00    0.00   92.68
12:09:50 AM    0    0.00    0.00    0.00    0.00    4.04   23.23    0.00    0.00    0.00   72.73
12:09:50 AM    1    0.00    0.00    0.00    0.00    0.00    0.00    0.00    0.00    0.00  100.00
12:09:50 AM    2    0.00    0.00    2.04    0.00    0.00    0.00    0.00    0.00    0.00   97.96
12:09:50 AM    3    0.00    0.00    0.00    0.00    0.00    0.00    0.00    0.00    0.00  100.00

12:09:50 AM  CPU    %usr   %nice    %sys %iowait    %irq   %soft  %steal  %guest  %gnice   %idle
12:09:51 AM  all    0.25    0.00    1.25    0.00    1.25    6.02    0.00    0.00    0.00   91.23
12:09:51 AM    0    1.00    0.00    0.00    0.00    4.00   24.00    0.00    0.00    0.00   71.00
12:09:51 AM    1    0.00    0.00    1.01    0.00    0.00    0.00    0.00    0.00    0.00   98.99
12:09:51 AM    2    0.00    0.00    3.00    0.00    1.00    0.00    0.00    0.00    0.00   96.00
12:09:51 AM    3    0.00    0.00    1.00    0.00    0.00    0.00    0.00    0.00    0.00   99.00

12:09:51 AM  CPU    %usr   %nice    %sys %iowait    %irq   %soft  %steal  %guest  %gnice   %idle
12:09:52 AM  all    0.00    0.00    0.76    0.00    1.01    5.81    0.00    0.00    0.00   92.42
12:09:52 AM    0    0.00    0.00    1.02    0.00    4.08   23.47    0.00    0.00    0.00   71.43
12:09:52 AM    1    0.00    0.00    0.00    0.00    0.00    0.00    0.00    0.00    0.00  100.00
12:09:52 AM    2    0.00    0.00    2.02    0.00    0.00    0.00    0.00    0.00    0.00   97.98
12:09:52 AM    3    0.00    0.00    0.00    0.00    0.00    0.00    0.00    0.00    0.00  100.00

12:09:52 AM  CPU    %usr   %nice    %sys %iowait    %irq   %soft  %steal  %guest  %gnice   %idle
12:09:53 AM  all    0.00    0.00    1.00    0.00    1.25    6.00    0.00    0.00    0.00   91.75
12:09:53 AM    0    0.00    0.00    0.00    0.00    4.00   24.00    0.00    0.00    0.00   72.00
12:09:53 AM    1    0.00    0.00    2.00    0.00    1.00    0.00    0.00    0.00    0.00   97.00
12:09:53 AM    2    0.00    0.00    2.00    0.00    0.00    0.00    0.00    0.00    0.00   98.00
12:09:53 AM    3    0.00    0.00    0.00    0.00    0.00    0.00    0.00    0.00    0.00  100.00

12:09:53 AM  CPU    %usr   %nice    %sys %iowait    %irq   %soft  %steal  %guest  %gnice   %idle
12:09:54 AM  all    0.25    0.00    1.26    0.00    1.01    5.79    0.00    0.00    0.00   91.69
12:09:54 AM    0    0.00    0.00    1.02    0.00    3.06   23.47    0.00    0.00    0.00   72.45
12:09:54 AM    1    0.00    0.00    1.02    0.00    0.00    0.00    0.00    0.00    0.00   98.98
12:09:54 AM    2    0.00    0.00    2.00    0.00    1.00    0.00    0.00    0.00    0.00   97.00
12:09:54 AM    3    0.99    0.00    0.99    0.00    0.00    0.00    0.00    0.00    0.00   98.02

12:09:54 AM  CPU    %usr   %nice    %sys %iowait    %irq   %soft  %steal  %guest  %gnice   %idle
12:09:55 AM  all    0.00    0.00    1.01    0.00    1.01    6.05    0.00    0.00    0.00   91.94
12:09:55 AM    0    0.00    0.00    0.00    0.00    4.04   24.24    0.00    0.00    0.00   71.72
12:09:55 AM    1    0.00    0.00    2.02    0.00    0.00    0.00    0.00    0.00    0.00   97.98
12:09:55 AM    2    0.00    0.00    2.02    0.00    0.00    0.00    0.00    0.00    0.00   97.98
12:09:55 AM    3    0.00    0.00    0.00    0.00    0.00    0.00    0.00    0.00    0.00  100.00

12:09:55 AM  CPU    %usr   %nice    %sys %iowait    %irq   %soft  %steal  %guest  %gnice   %idle
12:09:56 AM  all    0.00    0.00    1.25    0.00    1.00    5.76    0.00    0.00    0.00   91.98
12:09:56 AM    0    0.00    0.00    0.00    0.00    4.04   23.23    0.00    0.00    0.00   72.73
12:09:56 AM    1    0.00    0.00    3.00    0.00    0.00    0.00    0.00    0.00    0.00   97.00
12:09:56 AM    2    0.00    0.00    2.00    0.00    0.00    0.00    0.00    0.00    0.00   98.00
12:09:56 AM    3    0.00    0.00    0.00    0.00    0.00    0.00    0.00    0.00    0.00  100.00

12:09:56 AM  CPU    %usr   %nice    %sys %iowait    %irq   %soft  %steal  %guest  %gnice   %idle
12:09:57 AM  all    0.25    0.00    1.00    0.00    1.25    5.75    0.00    0.00    0.00   91.75
12:09:57 AM    0    0.00    0.00    0.00    0.00    4.04   23.23    0.00    0.00    0.00   72.73
12:09:57 AM    1    0.98    0.00    1.96    0.00    0.98    0.00    0.00    0.00    0.00   96.08
12:09:57 AM    2    0.00    0.00    2.02    0.00    0.00    0.00    0.00    0.00    0.00   97.98
12:09:57 AM    3    0.00    0.00    0.00    0.00    0.00    0.00    0.00    0.00    0.00  100.00

12:09:57 AM  CPU    %usr   %nice    %sys %iowait    %irq   %soft  %steal  %guest  %gnice   %idle
12:09:58 AM  all    0.00    0.00    1.01    0.00    1.26    6.03    0.00    0.00    0.00   91.71
12:09:58 AM    0    0.00    0.00    0.00    0.00    4.04   24.24    0.00    0.00    0.00   71.72
12:09:58 AM    1    0.00    0.00    1.02    0.00    0.00    0.00    0.00    0.00    0.00   98.98
12:09:58 AM    2    0.00    0.00    2.97    0.00    0.99    0.00    0.00    0.00    0.00   96.04
12:09:58 AM    3    0.00    0.00    0.00    0.00    0.00    0.00    0.00    0.00    0.00  100.00

12:09:58 AM  CPU    %usr   %nice    %sys %iowait    %irq   %soft  %steal  %guest  %gnice   %idle
12:09:59 AM  all    0.25    0.00    0.76    0.00    1.01    6.05    0.00    0.00    0.00   91.94
12:09:59 AM    0    0.00    0.00    0.00    0.00    4.04   23.23    0.00    0.00    0.00   72.73
12:09:59 AM    1    1.01    0.00    0.00    0.00    0.00    1.01    0.00    0.00    0.00   97.98
12:09:59 AM    2    0.00    0.00    2.00    0.00    0.00    0.00    0.00    0.00    0.00   98.00
12:09:59 AM    3    0.00    0.00    1.01    0.00    0.00    0.00    0.00    0.00    0.00   98.99

12:09:59 AM  CPU    %usr   %nice    %sys %iowait    %irq   %soft  %steal  %guest  %gnice   %idle
12:10:00 AM  all    0.00    0.00    0.51    0.00    1.01    5.82    0.00    0.00    0.00   92.66
12:10:00 AM    0    0.00    0.00    0.00    0.00    4.08   23.47    0.00    0.00    0.00   72.45
12:10:00 AM    1    0.00    0.00    1.00    0.00    0.00    0.00    0.00    0.00    0.00   99.00
12:10:00 AM    2    0.00    0.00    1.02    0.00    0.00    0.00    0.00    0.00    0.00   98.98
12:10:00 AM    3    0.00    0.00    0.00    0.00    0.00    0.00    0.00    0.00    0.00  100.00

12:10:00 AM  CPU    %usr   %nice    %sys %iowait    %irq   %soft  %steal  %guest  %gnice   %idle
12:10:01 AM  all    0.00    0.00    0.50    0.00    1.00    6.27    0.00    0.00    0.00   92.23
12:10:01 AM    0    0.00    0.00    0.00    0.00    4.00   24.00    0.00    0.00    0.00   72.00
12:10:01 AM    1    0.00    0.00    1.00    0.00    0.00    0.00    0.00    0.00    0.00   99.00
12:10:01 AM    2    0.00    0.00    1.01    0.00    0.00    0.00    0.00    0.00    0.00   98.99
12:10:01 AM    3    0.00    0.00    0.00    0.00    0.00    1.00    0.00    0.00    0.00   99.00

12:10:01 AM  CPU    %usr   %nice    %sys %iowait    %irq   %soft  %steal  %guest  %gnice   %idle
12:10:02 AM  all    0.25    0.00    0.76    0.00    1.76    5.79    0.00    0.00    0.00   91.44
12:10:02 AM    0    0.00    0.00    0.00    0.00    4.12   23.71    0.00    0.00    0.00   72.16
12:10:02 AM    1    0.00    0.00    0.00    0.00    1.01    0.00    0.00    0.00    0.00   98.99
12:10:02 AM    2    0.99    0.00    1.98    0.00    0.99    0.00    0.00    0.00    0.00   96.04
12:10:02 AM    3    0.00    0.00    1.00    0.00    1.00    0.00    0.00    0.00    0.00   98.00

12:10:02 AM  CPU    %usr   %nice    %sys %iowait    %irq   %soft  %steal  %guest  %gnice   %idle
12:10:03 AM  all    0.00    0.00    1.01    0.00    1.01    6.03    0.00    0.00    0.00   91.96
12:10:03 AM    0    0.00    0.00    0.00    0.00    4.00   24.00    0.00    0.00    0.00   72.00
12:10:03 AM    1    0.00    0.00    1.01    0.00    0.00    0.00    0.00    0.00    0.00   98.99
12:10:03 AM    2    0.00    0.00    1.98    0.00    0.00    0.00    0.00    0.00    0.00   98.02
12:10:03 AM    3    0.00    0.00    1.02    0.00    0.00    0.00    0.00    0.00    0.00   98.98

12:10:03 AM  CPU    %usr   %nice    %sys %iowait    %irq   %soft  %steal  %guest  %gnice   %idle
12:10:04 AM  all    0.25    0.00    0.75    0.00    1.00    5.76    0.00    0.00    0.00   92.23
12:10:04 AM    0    0.00    0.00    0.00    0.00    4.04   23.23    0.00    0.00    0.00   72.73
12:10:04 AM    1    1.00    0.00    0.00    0.00    0.00    0.00    0.00    0.00    0.00   99.00
12:10:04 AM    2    0.00    0.00    0.00    0.00    0.00    0.00    0.00    0.00    0.00  100.00
12:10:04 AM    3    0.00    0.00    2.97    0.00    0.00    0.00    0.00    0.00    0.00   97.03

12:10:04 AM  CPU    %usr   %nice    %sys %iowait    %irq   %soft  %steal  %guest  %gnice   %idle
12:10:05 AM  all    0.00    0.00    1.52    0.00    1.01    5.82    0.00    0.00    0.00   91.65
12:10:05 AM    0    0.00    0.00    0.00    0.00    4.08   23.47    0.00    0.00    0.00   72.45
12:10:05 AM    1    0.00    0.00    2.04    0.00    0.00    0.00    0.00    0.00    0.00   97.96
12:10:05 AM    2    0.00    0.00    2.97    0.00    0.00    0.00    0.00    0.00    0.00   97.03
12:10:05 AM    3    0.00    0.00    1.02    0.00    0.00    0.00    0.00    0.00    0.00   98.98

12:10:05 AM  CPU    %usr   %nice    %sys %iowait    %irq   %soft  %steal  %guest  %gnice   %idle
12:10:06 AM  all    0.00    0.00    1.00    0.00    1.25    5.99    0.00    0.00    0.00   91.77
12:10:06 AM    0    0.00    0.00    0.00    0.00    4.00   24.00    0.00    0.00    0.00   72.00
12:10:06 AM    1    0.00    0.00    1.98    0.00    0.99    0.00    0.00    0.00    0.00   97.03
12:10:06 AM    2    0.00    0.00    0.00    0.00    0.00    0.00    0.00    0.00    0.00  100.00
12:10:06 AM    3    0.00    0.00    1.98    0.00    0.00    0.00    0.00    0.00    0.00   98.02

12:10:06 AM  CPU    %usr   %nice    %sys %iowait    %irq   %soft  %steal  %guest  %gnice   %idle
12:10:07 AM  all    0.00    0.00    0.75    0.00    1.51    5.78    0.00    0.00    0.00   91.96
12:10:07 AM    0    0.00    0.00    0.00    0.00    4.04   23.23    0.00    0.00    0.00   72.73
12:10:07 AM    1    0.00    0.00    2.02    0.00    0.00    0.00    0.00    0.00    0.00   97.98
12:10:07 AM    2    0.00    0.00    0.99    0.00    0.99    0.00    0.00    0.00    0.00   98.02
12:10:07 AM    3    0.00    0.00    0.00    0.00    1.01    0.00    0.00    0.00    0.00   98.99

12:10:07 AM  CPU    %usr   %nice    %sys %iowait    %irq   %soft  %steal  %guest  %gnice   %idle
12:10:08 AM  all    0.00    0.00    1.01    0.00    0.76    5.82    0.00    0.00    0.00   92.41
12:10:08 AM    0    0.00    0.00    0.00    0.00    3.09   23.71    0.00    0.00    0.00   73.20
12:10:08 AM    1    0.00    0.00    2.02    0.00    0.00    0.00    0.00    0.00    0.00   97.98
12:10:08 AM    2    0.00    0.00    1.01    0.00    0.00    0.00    0.00    0.00    0.00   98.99
12:10:08 AM    3    0.00    0.00    1.00    0.00    0.00    0.00    0.00    0.00    0.00   99.00

12:10:08 AM  CPU    %usr   %nice    %sys %iowait    %irq   %soft  %steal  %guest  %gnice   %idle
12:10:09 AM  all    0.50    0.00    1.00    0.00    1.00    6.02    0.00    0.00    0.00   91.48
12:10:09 AM    0    0.00    0.00    1.00    0.00    4.00   24.00    0.00    0.00    0.00   71.00
12:10:09 AM    1    1.00    0.00    1.00    0.00    0.00    0.00    0.00    0.00    0.00   98.00
12:10:09 AM    2    0.00    0.00    1.01    0.00    0.00    0.00    0.00    0.00    0.00   98.99
12:10:09 AM    3    1.00    0.00    1.00    0.00    0.00    0.00    0.00    0.00    0.00   98.00

12:10:09 AM  CPU    %usr   %nice    %sys %iowait    %irq   %soft  %steal  %guest  %gnice   %idle
12:10:10 AM  all    0.00    0.00    0.76    0.00    1.01    5.79    0.00    0.00    0.00   92.44
12:10:10 AM    0    0.00    0.00    0.00    0.00    4.04   23.23    0.00    0.00    0.00   72.73
12:10:10 AM    1    0.00    0.00    1.01    0.00    0.00    0.00    0.00    0.00    0.00   98.99
12:10:10 AM    2    0.00    0.00    2.00    0.00    0.00    0.00    0.00    0.00    0.00   98.00
12:10:10 AM    3    0.00    0.00    0.00    0.00    0.00    0.00    0.00    0.00    0.00  100.00

12:10:10 AM  CPU    %usr   %nice    %sys %iowait    %irq   %soft  %steal  %guest  %gnice   %idle
12:10:11 AM  all    0.00    0.00    1.01    0.00    1.26    5.78    0.00    0.00    0.00   91.96
12:10:11 AM    0    0.00    0.00    0.00    0.00    4.08   23.47    0.00    0.00    0.00   72.45
12:10:11 AM    1    0.00    0.00    0.00    0.00    1.00    0.00    0.00    0.00    0.00   99.00
12:10:11 AM    2    0.00    0.00    3.00    0.00    0.00    0.00    0.00    0.00    0.00   97.00
12:10:11 AM    3    0.00    0.00    1.00    0.00    0.00    0.00    0.00    0.00    0.00   99.00

12:10:11 AM  CPU    %usr   %nice    %sys %iowait    %irq   %soft  %steal  %guest  %gnice   %idle
12:10:12 AM  all    0.25    0.00    1.26    0.00    1.26    6.03    0.00    0.00    0.00   91.21
12:10:12 AM    0    0.00    0.00    0.00    0.00    4.04   24.24    0.00    0.00    0.00   71.72
12:10:12 AM    1    0.00    0.00    2.02    0.00    0.00    0.00    0.00    0.00    0.00   97.98
12:10:12 AM    2    0.00    0.00    2.00    0.00    1.00    0.00    0.00    0.00    0.00   97.00
12:10:12 AM    3    1.00    0.00    1.00    0.00    0.00    0.00    0.00    0.00    0.00   98.00

12:10:12 AM  CPU    %usr   %nice    %sys %iowait    %irq   %soft  %steal  %guest  %gnice   %idle
12:10:13 AM  all    0.00    0.00    0.50    0.00    1.26    5.79    0.00    0.00    0.00   92.44
12:10:13 AM    0    0.00    0.00    0.00    0.00    4.04   23.23    0.00    0.00    0.00   72.73
12:10:13 AM    1    0.00    0.00    0.00    0.00    0.00    0.00    0.00    0.00    0.00  100.00
12:10:13 AM    2    0.00    0.00    1.01    0.00    0.00    0.00    0.00    0.00    0.00   98.99
12:10:13 AM    3    0.00    0.00    1.00    0.00    1.00    0.00    0.00    0.00    0.00   98.00

12:10:13 AM  CPU    %usr   %nice    %sys %iowait    %irq   %soft  %steal  %guest  %gnice   %idle
12:10:14 AM  all    0.00    0.00    0.51    0.00    1.01    5.82    0.00    0.00    0.00   92.66
12:10:14 AM    0    0.00    0.00    0.00    0.00    4.04   23.23    0.00    0.00    0.00   72.73
12:10:14 AM    1    0.00    0.00    0.00    0.00    0.00    0.00    0.00    0.00    0.00  100.00
12:10:14 AM    2    0.00    0.00    2.02    0.00    0.00    0.00    0.00    0.00    0.00   97.98
12:10:14 AM    3    0.00    0.00    0.00    0.00    0.00    0.00    0.00    0.00    0.00  100.00

12:10:14 AM  CPU    %usr   %nice    %sys %iowait    %irq   %soft  %steal  %guest  %gnice   %idle
12:10:15 AM  all    0.25    0.00    1.01    0.00    1.01    6.05    0.00    0.00    0.00   91.69
12:10:15 AM    0    0.00    0.00    1.01    0.00    4.04   24.24    0.00    0.00    0.00   70.71
12:10:15 AM    1    0.99    0.00    0.99    0.00    0.00    0.00    0.00    0.00    0.00   98.02
12:10:15 AM    2    0.00    0.00    1.02    0.00    0.00    0.00    0.00    0.00    0.00   98.98
12:10:15 AM    3    0.00    0.00    1.01    0.00    0.00    0.00    0.00    0.00    0.00   98.99

12:10:15 AM  CPU    %usr   %nice    %sys %iowait    %irq   %soft  %steal  %guest  %gnice   %idle
12:10:16 AM  all    0.00    0.00    1.00    0.00    1.25    6.00    0.00    0.00    0.00   91.75
12:10:16 AM    0    0.00    0.00    0.00    0.00    4.00   24.00    0.00    0.00    0.00   72.00
12:10:16 AM    1    0.00    0.00    0.00    0.00    0.00    0.00    0.00    0.00    0.00  100.00
12:10:16 AM    2    0.00    0.00    3.00    0.00    1.00    0.00    0.00    0.00    0.00   96.00
12:10:16 AM    3    0.00    0.00    1.00    0.00    0.00    0.00    0.00    0.00    0.00   99.00

12:10:16 AM  CPU    %usr   %nice    %sys %iowait    %irq   %soft  %steal  %guest  %gnice   %idle
12:10:17 AM  all    0.00    0.00    1.01    0.00    1.01    5.79    0.00    0.00    0.00   92.19
12:10:17 AM    0    0.00    0.00    0.00    0.00    4.08   23.47    0.00    0.00    0.00   72.45
12:10:17 AM    1    0.00    0.00    0.00    0.00    0.00    0.00    0.00    0.00    0.00  100.00
12:10:17 AM    2    0.00    0.00    4.00    0.00    0.00    0.00    0.00    0.00    0.00   96.00
12:10:17 AM    3    0.00    0.00    0.00    0.00    0.00    0.00    0.00    0.00    0.00  100.00

12:10:17 AM  CPU    %usr   %nice    %sys %iowait    %irq   %soft  %steal  %guest  %gnice   %idle
12:10:18 AM  all    0.00    0.00    1.01    0.00    1.51    5.78    0.00    0.00    0.00   91.71
12:10:18 AM    0    0.00    0.00    1.98    0.00    3.96   22.77    0.00    0.00    0.00   71.29
12:10:18 AM    1    0.00    0.00    0.00    0.00    0.00    0.00    0.00    0.00    0.00  100.00
12:10:18 AM    2    0.00    0.00    1.02    0.00    1.02    0.00    0.00    0.00    0.00   97.96
12:10:18 AM    3    0.00    0.00    1.00    0.00    1.00    0.00    0.00    0.00    0.00   98.00

12:10:18 AM  CPU    %usr   %nice    %sys %iowait    %irq   %soft  %steal  %guest  %gnice   %idle
12:10:19 AM  all    0.25    0.00    0.50    0.00    1.01    6.05    0.00    0.00    0.00   92.19
12:10:19 AM    0    0.00    0.00    0.00    0.00    4.04   24.24    0.00    0.00    0.00   71.72
12:10:19 AM    1    0.00    0.00    0.00    0.00    0.00    0.00    0.00    0.00    0.00  100.00
12:10:19 AM    2    1.01    0.00    2.02    0.00    0.00    0.00    0.00    0.00    0.00   96.97
12:10:19 AM    3    0.00    0.00    0.00    0.00    0.00    0.00    0.00    0.00    0.00  100.00

12:10:19 AM  CPU    %usr   %nice    %sys %iowait    %irq   %soft  %steal  %guest  %gnice   %idle
12:10:20 AM  all    0.00    0.00    1.01    0.00    1.01    6.03    0.00    0.00    0.00   91.96
12:10:20 AM    0    0.00    0.00    0.00    0.00    4.04   23.23    0.00    0.00    0.00   72.73
12:10:20 AM    1    0.00    0.00    0.00    0.00    0.00    0.00    0.00    0.00    0.00  100.00
12:10:20 AM    2    0.00    0.00    3.00    0.00    0.00    1.00    0.00    0.00    0.00   96.00
12:10:20 AM    3    0.00    0.00    1.01    0.00    0.00    0.00    0.00    0.00    0.00   98.99

12:10:20 AM  CPU    %usr   %nice    %sys %iowait    %irq   %soft  %steal  %guest  %gnice   %idle
12:10:21 AM  all    0.75    0.00    1.49    0.00    1.24    5.97    0.00    0.00    0.00   90.55
12:10:21 AM    0    1.00    0.00    0.00    0.00    4.00   24.00    0.00    0.00    0.00   71.00
12:10:21 AM    1    0.99    0.00    0.99    0.00    0.00    0.00    0.00    0.00    0.00   98.02
12:10:21 AM    2    0.00    0.00    3.00    0.00    1.00    0.00    0.00    0.00    0.00   96.00
12:10:21 AM    3    0.99    0.00    1.98    0.00    0.00    0.00    0.00    0.00    0.00   97.03

12:10:21 AM  CPU    %usr   %nice    %sys %iowait    %irq   %soft  %steal  %guest  %gnice   %idle
12:10:22 AM  all    0.00    0.00    0.76    0.00    1.01    5.81    0.00    0.00    0.00   92.42
12:10:22 AM    0    0.00    0.00    0.00    0.00    4.04   23.23    0.00    0.00    0.00   72.73
12:10:22 AM    1    0.00    0.00    0.00    0.00    0.00    0.00    0.00    0.00    0.00  100.00
12:10:22 AM    2    0.00    0.00    1.02    0.00    0.00    0.00    0.00    0.00    0.00   98.98
12:10:22 AM    3    0.00    0.00    2.02    0.00    0.00    0.00    0.00    0.00    0.00   97.98

12:10:22 AM  CPU    %usr   %nice    %sys %iowait    %irq   %soft  %steal  %guest  %gnice   %idle
12:10:23 AM  all    0.00    0.00    1.01    0.00    1.01    5.78    0.00    0.00    0.00   92.21
12:10:23 AM    0    0.00    0.00    0.00    0.00    3.09   23.71    0.00    0.00    0.00   73.20
12:10:23 AM    1    0.00    0.00    0.00    0.00    0.00    0.00    0.00    0.00    0.00  100.00
12:10:23 AM    2    0.00    0.00    2.00    0.00    0.00    0.00    0.00    0.00    0.00   98.00
12:10:23 AM    3    0.00    0.00    1.98    0.00    0.99    0.00    0.00    0.00    0.00   97.03

12:10:23 AM  CPU    %usr   %nice    %sys %iowait    %irq   %soft  %steal  %guest  %gnice   %idle
12:10:24 AM  all    0.00    0.00    1.51    0.00    1.01    6.03    0.00    0.00    0.00   91.46
12:10:24 AM    0    0.00    0.00    1.00    0.00    4.00   24.00    0.00    0.00    0.00   71.00
12:10:24 AM    1    0.00    0.00    0.00    0.00    0.00    0.00    0.00    0.00    0.00  100.00
12:10:24 AM    2    0.00    0.00    2.97    0.00    0.00    0.00    0.00    0.00    0.00   97.03
12:10:24 AM    3    0.00    0.00    2.02    0.00    0.00    0.00    0.00    0.00    0.00   97.98

12:10:24 AM  CPU    %usr   %nice    %sys %iowait    %irq   %soft  %steal  %guest  %gnice   %idle
12:10:25 AM  all    0.00    0.00    0.76    0.00    1.26    5.81    0.00    0.00    0.00   92.17
12:10:25 AM    0    0.00    0.00    0.00    0.00    4.04   23.23    0.00    0.00    0.00   72.73
12:10:25 AM    1    0.00    0.00    1.00    0.00    1.00    0.00    0.00    0.00    0.00   98.00
12:10:25 AM    2    0.00    0.00    0.00    0.00    0.00    0.00    0.00    0.00    0.00  100.00
12:10:25 AM    3    0.00    0.00    2.02    0.00    0.00    0.00    0.00    0.00    0.00   97.98

12:10:25 AM  CPU    %usr   %nice    %sys %iowait    %irq   %soft  %steal  %guest  %gnice   %idle
12:10:26 AM  all    0.00    0.00    0.75    0.00    1.25    6.00    0.00    0.00    0.00   92.00
12:10:26 AM    0    0.00    0.00    0.00    0.00    4.04   23.23    0.00    0.00    0.00   72.73
12:10:26 AM    1    0.00    0.00    0.00    0.00    0.00    0.00    0.00    0.00    0.00  100.00
12:10:26 AM    2    0.00    0.00    0.98    0.00    0.98    0.00    0.00    0.00    0.00   98.04
12:10:26 AM    3    0.00    0.00    1.98    0.00    0.00    0.99    0.00    0.00    0.00   97.03

12:10:26 AM  CPU    %usr   %nice    %sys %iowait    %irq   %soft  %steal  %guest  %gnice   %idle
12:10:27 AM  all    0.00    0.00    1.01    0.00    1.26    5.78    0.00    0.00    0.00   91.96
12:10:27 AM    0    0.00    0.00    0.00    0.00    4.04   23.23    0.00    0.00    0.00   72.73
12:10:27 AM    1    0.00    0.00    2.02    0.00    0.00    0.00    0.00    0.00    0.00   97.98
12:10:27 AM    2    0.00    0.00    0.00    0.00    0.00    0.00    0.00    0.00    0.00  100.00
12:10:27 AM    3    0.00    0.00    2.00    0.00    1.00    0.00    0.00    0.00    0.00   97.00

12:10:27 AM  CPU    %usr   %nice    %sys %iowait    %irq   %soft  %steal  %guest  %gnice   %idle
12:10:28 AM  all    0.00    0.00    1.00    0.00    1.00    6.00    0.00    0.00    0.00   92.00
12:10:28 AM    0    0.00    0.00    0.00    0.00    4.00   24.00    0.00    0.00    0.00   72.00
12:10:28 AM    1    0.00    0.00    2.00    0.00    0.00    0.00    0.00    0.00    0.00   98.00
12:10:28 AM    2    0.00    0.00    0.00    0.00    0.00    0.00    0.00    0.00    0.00  100.00
12:10:28 AM    3    0.00    0.00    2.00    0.00    0.00    0.00    0.00    0.00    0.00   98.00

12:10:28 AM  CPU    %usr   %nice    %sys %iowait    %irq   %soft  %steal  %guest  %gnice   %idle
12:10:29 AM  all    0.00    0.00    1.25    0.00    1.25    6.02    0.00    0.00    0.00   91.48
12:10:29 AM    0    0.00    0.00    0.00    0.00    4.08   23.47    0.00    0.00    0.00   72.45
12:10:29 AM    1    0.00    0.00    2.94    0.00    0.98    0.98    0.00    0.00    0.00   95.10
12:10:29 AM    2    0.00    0.00    0.00    0.00    0.00    0.00    0.00    0.00    0.00  100.00
12:10:29 AM    3    0.00    0.00    2.02    0.00    0.00    0.00    0.00    0.00    0.00   97.98

12:10:29 AM  CPU    %usr   %nice    %sys %iowait    %irq   %soft  %steal  %guest  %gnice   %idle
12:10:30 AM  all    0.00    0.00    0.75    0.00    1.26    5.78    0.00    0.00    0.00   92.21
12:10:30 AM    0    0.00    0.00    0.00    0.00    4.04   23.23    0.00    0.00    0.00   72.73
12:10:30 AM    1    0.00    0.00    2.02    0.00    0.00    0.00    0.00    0.00    0.00   97.98
12:10:30 AM    2    0.00    0.00    0.00    0.00    0.00    0.00    0.00    0.00    0.00  100.00
12:10:30 AM    3    0.00    0.00    1.00    0.00    1.00    0.00    0.00    0.00    0.00   98.00

12:10:30 AM  CPU    %usr   %nice    %sys %iowait    %irq   %soft  %steal  %guest  %gnice   %idle
12:10:31 AM  all    0.00    0.00    1.00    0.00    1.00    6.02    0.00    0.00    0.00   91.98
12:10:31 AM    0    0.00    0.00    0.00    0.00    4.00   24.00    0.00    0.00    0.00   72.00
12:10:31 AM    1    0.00    0.00    1.01    0.00    0.00    0.00    0.00    0.00    0.00   98.99
12:10:31 AM    2    0.00    0.00    0.00    0.00    0.00    0.00    0.00    0.00    0.00  100.00
12:10:31 AM    3    0.00    0.00    3.00    0.00    0.00    0.00    0.00    0.00    0.00   97.00

12:10:31 AM  CPU    %usr   %nice    %sys %iowait    %irq   %soft  %steal  %guest  %gnice   %idle
12:10:32 AM  all    0.25    0.00    0.51    0.00    1.01    5.81    0.00    0.00    0.00   92.42
12:10:32 AM    0    0.00    0.00    0.00    0.00    4.04   23.23    0.00    0.00    0.00   72.73
12:10:32 AM    1    1.01    0.00    1.01    0.00    0.00    0.00    0.00    0.00    0.00   97.98
12:10:32 AM    2    0.00    0.00    0.00    0.00    0.00    0.00    0.00    0.00    0.00  100.00
12:10:32 AM    3    0.00    0.00    1.02    0.00    0.00    0.00    0.00    0.00    0.00   98.98

12:10:32 AM  CPU    %usr   %nice    %sys %iowait    %irq   %soft  %steal  %guest  %gnice   %idle
12:10:33 AM  all    0.00    0.00    0.51    0.00    1.26    5.81    0.00    0.00    0.00   92.42
12:10:33 AM    0    0.00    0.00    0.00    0.00    4.08   23.47    0.00    0.00    0.00   72.45
12:10:33 AM    1    0.00    0.00    0.00    0.00    1.02    0.00    0.00    0.00    0.00   98.98
12:10:33 AM    2    0.00    0.00    0.00    0.00    0.00    0.00    0.00    0.00    0.00  100.00
12:10:33 AM    3    0.00    0.00    2.00    0.00    0.00    0.00    0.00    0.00    0.00   98.00

12:10:33 AM  CPU    %usr   %nice    %sys %iowait    %irq   %soft  %steal  %guest  %gnice   %idle
12:10:34 AM  all    0.00    0.00    1.26    0.00    1.26    6.03    0.00    0.00    0.00   91.46
12:10:34 AM    0    0.00    0.00    0.00    0.00    4.00   24.00    0.00    0.00    0.00   72.00
12:10:34 AM    1    0.00    0.00    2.02    0.00    0.00    0.00    0.00    0.00    0.00   97.98
12:10:34 AM    2    0.00    0.00    0.00    0.00    0.00    0.00    0.00    0.00    0.00  100.00
12:10:34 AM    3    0.00    0.00    3.00    0.00    1.00    0.00    0.00    0.00    0.00   96.00

12:10:34 AM  CPU    %usr   %nice    %sys %iowait    %irq   %soft  %steal  %guest  %gnice   %idle
12:10:35 AM  all    0.00    0.00    1.25    0.00    1.00    5.76    0.00    0.00    0.00   91.98
12:10:35 AM    0    0.00    0.00    0.00    0.00    4.04   23.23    0.00    0.00    0.00   72.73
12:10:35 AM    1    0.00    0.00    1.98    0.00    0.00    0.00    0.00    0.00    0.00   98.02
12:10:35 AM    2    0.00    0.00    0.00    0.00    0.00    0.00    0.00    0.00    0.00  100.00
12:10:35 AM    3    0.00    0.00    3.03    0.00    0.00    0.00    0.00    0.00    0.00   96.97

12:10:35 AM  CPU    %usr   %nice    %sys %iowait    %irq   %soft  %steal  %guest  %gnice   %idle
12:10:36 AM  all    0.00    0.00    0.76    0.00    0.76    5.84    0.00    0.00    0.00   92.64
12:10:36 AM    0    0.00    0.00    0.00    0.00    3.09   23.71    0.00    0.00    0.00   73.20
12:10:36 AM    1    0.00    0.00    0.00    0.00    0.00    0.00    0.00    0.00    0.00  100.00
12:10:36 AM    2    0.00    0.00    0.00    0.00    0.00    0.00    0.00    0.00    0.00  100.00
12:10:36 AM    3    0.00    0.00    3.03    0.00    0.00    0.00    0.00    0.00    0.00   96.97

12:10:36 AM  CPU    %usr   %nice    %sys %iowait    %irq   %soft  %steal  %guest  %gnice   %idle
12:10:37 AM  all    0.50    0.00    1.00    0.00    1.25    5.76    0.00    0.00    0.00   91.48
12:10:37 AM    0    1.00    0.00    1.00    0.00    4.00   23.00    0.00    0.00    0.00   71.00
12:10:37 AM    1    0.00    0.00    1.00    0.00    0.00    0.00    0.00    0.00    0.00   99.00
12:10:37 AM    2    0.00    0.00    0.00    0.00    0.00    0.00    0.00    0.00    0.00  100.00
12:10:37 AM    3    1.01    0.00    2.02    0.00    1.01    0.00    0.00    0.00    0.00   95.96

12:10:37 AM  CPU    %usr   %nice    %sys %iowait    %irq   %soft  %steal  %guest  %gnice   %idle
12:10:38 AM  all    0.25    0.00    0.75    0.00    1.01    6.03    0.00    0.00    0.00   91.96
12:10:38 AM    0    0.00    0.00    0.00    0.00    4.04   24.24    0.00    0.00    0.00   71.72
12:10:38 AM    1    0.99    0.00    0.00    0.00    0.00    0.00    0.00    0.00    0.00   99.01
12:10:38 AM    2    0.00    0.00    0.00    0.00    0.00    0.00    0.00    0.00    0.00  100.00
12:10:38 AM    3    0.00    0.00    3.06    0.00    0.00    0.00    0.00    0.00    0.00   96.94

12:10:38 AM  CPU    %usr   %nice    %sys %iowait    %irq   %soft  %steal  %guest  %gnice   %idle
12:10:39 AM  all    0.00    0.00    1.25    0.00    1.25    5.75    0.00    0.00    0.00   91.75
12:10:39 AM    0    0.00    0.00    0.00    0.00    4.04   23.23    0.00    0.00    0.00   72.73
12:10:39 AM    1    0.00    0.00    0.00    0.00    0.00    0.00    0.00    0.00    0.00  100.00
12:10:39 AM    2    0.00    0.00    0.00    0.00    0.00    0.00    0.00    0.00    0.00  100.00
12:10:39 AM    3    0.00    0.00    4.95    0.00    0.99    0.00    0.00    0.00    0.00   94.06

12:10:39 AM  CPU    %usr   %nice    %sys %iowait    %irq   %soft  %steal  %guest  %gnice   %idle
12:10:40 AM  all    0.00    0.00    1.26    0.00    1.01    5.81    0.00    0.00    0.00   91.92
12:10:40 AM    0    0.00    0.00    0.00    0.00    4.04   23.23    0.00    0.00    0.00   72.73
12:10:40 AM    1    0.00    0.00    1.00    0.00    0.00    0.00    0.00    0.00    0.00   99.00
12:10:40 AM    2    0.00    0.00    0.00    0.00    0.00    0.00    0.00    0.00    0.00  100.00
12:10:40 AM    3    0.00    0.00    4.08    0.00    0.00    0.00    0.00    0.00    0.00   95.92

12:10:40 AM  CPU    %usr   %nice    %sys %iowait    %irq   %soft  %steal  %guest  %gnice   %idle
12:10:41 AM  all    0.00    0.00    1.01    0.00    1.01    5.78    0.00    0.00    0.00   92.21
12:10:41 AM    0    0.00    0.00    0.00    0.00    4.04   23.23    0.00    0.00    0.00   72.73
12:10:41 AM    1    0.00    0.00    0.00    0.00    0.00    0.00    0.00    0.00    0.00  100.00
12:10:41 AM    2    0.00    0.00    0.00    0.00    0.00    0.00    0.00    0.00    0.00  100.00
12:10:41 AM    3    0.00    0.00    4.04    0.00    0.00    0.00    0.00    0.00    0.00   95.96

12:10:41 AM  CPU    %usr   %nice    %sys %iowait    %irq   %soft  %steal  %guest  %gnice   %idle
12:10:42 AM  all    0.00    0.00    1.00    0.00    1.25    6.02    0.00    0.00    0.00   91.73
12:10:42 AM    0    0.00    0.00    1.01    0.00    4.04   24.24    0.00    0.00    0.00   70.71
12:10:42 AM    1    0.00    0.00    0.00    0.00    0.00    0.00    0.00    0.00    0.00  100.00
12:10:42 AM    2    0.00    0.00    0.00    0.00    0.00    0.00    0.00    0.00    0.00  100.00
12:10:42 AM    3    0.00    0.00    3.00    0.00    1.00    0.00    0.00    0.00    0.00   96.00

12:10:42 AM  CPU    %usr   %nice    %sys %iowait    %irq   %soft  %steal  %guest  %gnice   %idle
12:10:43 AM  all    0.50    0.00    1.01    0.00    1.26    5.78    0.00    0.00    0.00   91.46
12:10:43 AM    0    0.00    0.00    1.02    0.00    4.08   23.47    0.00    0.00    0.00   71.43
12:10:43 AM    1    0.99    0.00    0.00    0.00    0.99    0.00    0.00    0.00    0.00   98.02
12:10:43 AM    2    0.00    0.00    0.00    0.00    0.00    0.00    0.00    0.00    0.00  100.00
12:10:43 AM    3    1.01    0.00    3.03    0.00    0.00    0.00    0.00    0.00    0.00   95.96

12:10:43 AM  CPU    %usr   %nice    %sys %iowait    %irq   %soft  %steal  %guest  %gnice   %idle
12:10:44 AM  all    0.00    0.00    1.01    0.00    1.01    6.03    0.00    0.00    0.00   91.96
12:10:44 AM    0    0.00    0.00    0.00    0.00    4.04   24.24    0.00    0.00    0.00   71.72
12:10:44 AM    1    0.00    0.00    1.00    0.00    0.00    0.00    0.00    0.00    0.00   99.00
12:10:44 AM    2    0.00    0.00    1.00    0.00    0.00    0.00    0.00    0.00    0.00   99.00
12:10:44 AM    3    0.00    0.00    2.02    0.00    0.00    0.00    0.00    0.00    0.00   97.98

12:10:44 AM  CPU    %usr   %nice    %sys %iowait    %irq   %soft  %steal  %guest  %gnice   %idle
12:10:45 AM  all    0.00    0.00    0.75    0.00    1.25    5.76    0.00    0.00    0.00   92.23
12:10:45 AM    0    0.00    0.00    0.00    0.00    4.04   23.23    0.00    0.00    0.00   72.73
12:10:45 AM    1    0.00    0.00    0.00    0.00    0.00    0.00    0.00    0.00    0.00  100.00
12:10:45 AM    2    0.00    0.00    1.00    0.00    0.00    0.00    0.00    0.00    0.00   99.00
12:10:45 AM    3    0.00    0.00    1.98    0.00    0.99    0.00    0.00    0.00    0.00   97.03

12:10:45 AM  CPU    %usr   %nice    %sys %iowait    %irq   %soft  %steal  %guest  %gnice   %idle
12:10:46 AM  all    0.00    0.00    1.26    0.00    1.01    5.79    0.00    0.00    0.00   91.94
12:10:46 AM    0    0.00    0.00    0.00    0.00    4.04   23.23    0.00    0.00    0.00   72.73
12:10:46 AM    1    0.00    0.00    1.01    0.00    0.00    0.00    0.00    0.00    0.00   98.99
12:10:46 AM    2    0.00    0.00    1.01    0.00    0.00    0.00    0.00    0.00    0.00   98.99
12:10:46 AM    3    0.00    0.00    3.00    0.00    0.00    0.00    0.00    0.00    0.00   97.00

12:10:46 AM  CPU    %usr   %nice    %sys %iowait    %irq   %soft  %steal  %guest  %gnice   %idle
12:10:47 AM  all    0.00    0.00    1.00    0.00    1.00    6.02    0.00    0.00    0.00   91.98
12:10:47 AM    0    0.00    0.00    0.00    0.00    4.00   24.00    0.00    0.00    0.00   72.00
12:10:47 AM    1    0.00    0.00    1.00    0.00    0.00    0.00    0.00    0.00    0.00   99.00
12:10:47 AM    2    0.00    0.00    1.00    0.00    0.00    0.00    0.00    0.00    0.00   99.00
12:10:47 AM    3    0.00    0.00    2.02    0.00    0.00    0.00    0.00    0.00    0.00   97.98

12:10:47 AM  CPU    %usr   %nice    %sys %iowait    %irq   %soft  %steal  %guest  %gnice   %idle
12:10:48 AM  all    0.00    0.00    0.50    0.00    1.51    5.78    0.00    0.00    0.00   92.21
12:10:48 AM    0    0.00    0.00    0.00    0.00    4.04   23.23    0.00    0.00    0.00   72.73
12:10:48 AM    1    0.00    0.00    0.00    0.00    0.00    0.00    0.00    0.00    0.00  100.00
12:10:48 AM    2    0.00    0.00    0.99    0.00    0.99    0.00    0.00    0.00    0.00   98.02
12:10:48 AM    3    0.00    0.00    1.00    0.00    1.00    0.00    0.00    0.00    0.00   98.00

12:10:48 AM  CPU    %usr   %nice    %sys %iowait    %irq   %soft  %steal  %guest  %gnice   %idle
12:10:49 AM  all    0.00    0.00    1.01    0.00    1.26    5.79    0.00    0.00    0.00   91.94
12:10:49 AM    0    0.00    0.00    0.00    0.00    4.08   23.47    0.00    0.00    0.00   72.45
12:10:49 AM    1    0.00    0.00    1.96    0.00    0.98    0.00    0.00    0.00    0.00   97.06
12:10:49 AM    2    0.00    0.00    0.00    0.00    0.00    0.00    0.00    0.00    0.00  100.00
12:10:49 AM    3    0.00    0.00    2.02    0.00    0.00    0.00    0.00    0.00    0.00   97.98

12:10:49 AM  CPU    %usr   %nice    %sys %iowait    %irq   %soft  %steal  %guest  %gnice   %idle
12:10:50 AM  all    0.00    0.00    1.25    0.00    1.00    5.99    0.00    0.00    0.00   91.77
12:10:50 AM    0    0.00    0.00    0.00    0.00    4.00   24.00    0.00    0.00    0.00   72.00
12:10:50 AM    1    0.00    0.00    1.00    0.00    0.00    0.00    0.00    0.00    0.00   99.00
12:10:50 AM    2    0.00    0.00    1.00    0.00    0.00    0.00    0.00    0.00    0.00   99.00
12:10:50 AM    3    0.00    0.00    2.97    0.00    0.00    0.00    0.00    0.00    0.00   97.03

12:10:50 AM  CPU    %usr   %nice    %sys %iowait    %irq   %soft  %steal  %guest  %gnice   %idle
12:10:51 AM  all    0.50    0.00    1.25    0.00    1.00    6.02    0.00    0.00    0.00   91.23
12:10:51 AM    0    1.00    0.00    1.00    0.00    4.00   23.00    0.00    0.00    0.00   71.00
12:10:51 AM    1    0.00    0.00    2.00    0.00    0.00    0.00    0.00    0.00    0.00   98.00
12:10:51 AM    2    1.00    0.00    1.00    0.00    0.00    0.00    0.00    0.00    0.00   98.00
12:10:51 AM    3    0.00    0.00    1.01    0.00    0.00    1.01    0.00    0.00    0.00   97.98

12:10:51 AM  CPU    %usr   %nice    %sys %iowait    %irq   %soft  %steal  %guest  %gnice   %idle
12:10:52 AM  all    0.00    0.00    1.25    0.00    1.25    5.76    0.00    0.00    0.00   91.73
12:10:52 AM    0    0.00    0.00    0.00    0.00    4.08   23.47    0.00    0.00    0.00   72.45
12:10:52 AM    1    0.00    0.00    2.00    0.00    0.00    0.00    0.00    0.00    0.00   98.00
12:10:52 AM    2    0.00    0.00    1.98    0.00    0.00    0.00    0.00    0.00    0.00   98.02
12:10:52 AM    3    0.00    0.00    1.00    0.00    1.00    0.00    0.00    0.00    0.00   98.00

12:10:52 AM  CPU    %usr   %nice    %sys %iowait    %irq   %soft  %steal  %guest  %gnice   %idle
12:10:53 AM  all    0.00    0.00    0.76    0.00    0.76    6.05    0.00    0.00    0.00   92.44
12:10:53 AM    0    0.00    0.00    0.00    0.00    3.03   24.24    0.00    0.00    0.00   72.73
12:10:53 AM    1    0.00    0.00    1.02    0.00    0.00    0.00    0.00    0.00    0.00   98.98
12:10:53 AM    2    0.00    0.00    1.00    0.00    0.00    0.00    0.00    0.00    0.00   99.00
12:10:53 AM    3    0.00    0.00    1.00    0.00    0.00    0.00    0.00    0.00    0.00   99.00

12:10:53 AM  CPU    %usr   %nice    %sys %iowait    %irq   %soft  %steal  %guest  %gnice   %idle
12:10:54 AM  all    0.25    0.00    0.75    0.00    1.50    5.76    0.00    0.00    0.00   91.73
12:10:54 AM    0    0.00    0.00    0.00    0.00    4.04   23.23    0.00    0.00    0.00   72.73
12:10:54 AM    1    0.97    0.00    2.91    0.00    0.97    0.00    0.00    0.00    0.00   95.15
12:10:54 AM    2    0.00    0.00    0.00    0.00    1.01    0.00    0.00    0.00    0.00   98.99
12:10:54 AM    3    0.00    0.00    0.00    0.00    0.00    0.00    0.00    0.00    0.00  100.00

12:10:54 AM  CPU    %usr   %nice    %sys %iowait    %irq   %soft  %steal  %guest  %gnice   %idle
12:10:55 AM  all    0.00    0.00    1.25    0.00    1.00    5.76    0.00    0.00    0.00   91.98
12:10:55 AM    0    0.00    0.00    0.00    0.00    4.04   23.23    0.00    0.00    0.00   72.73
12:10:55 AM    1    0.00    0.00    1.02    0.00    0.00    0.00    0.00    0.00    0.00   98.98
12:10:55 AM    2    0.00    0.00    1.98    0.00    0.00    0.00    0.00    0.00    0.00   98.02
12:10:55 AM    3    0.00    0.00    1.98    0.00    0.00    0.00    0.00    0.00    0.00   98.02

12:10:55 AM  CPU    %usr   %nice    %sys %iowait    %irq   %soft  %steal  %guest  %gnice   %idle
12:10:56 AM  all    0.00    0.00    1.25    0.00    1.00    6.02    0.00    0.00    0.00   91.73
12:10:56 AM    0    0.00    0.00    0.00    0.00    4.04   24.24    0.00    0.00    0.00   71.72
12:10:56 AM    1    0.00    0.00    4.90    0.00    0.00    0.00    0.00    0.00    0.00   95.10
12:10:56 AM    2    0.00    0.00    0.00    0.00    0.00    0.00    0.00    0.00    0.00  100.00
12:10:56 AM    3    0.00    0.00    0.00    0.00    0.00    0.00    0.00    0.00    0.00  100.00

12:10:56 AM  CPU    %usr   %nice    %sys %iowait    %irq   %soft  %steal  %guest  %gnice   %idle
12:10:57 AM  all    0.00    0.00    0.76    0.00    1.02    5.84    0.00    0.00    0.00   92.39
12:10:57 AM    0    0.00    0.00    0.00    0.00    4.08   23.47    0.00    0.00    0.00   72.45
12:10:57 AM    1    0.00    0.00    0.00    0.00    0.00    0.00    0.00    0.00    0.00  100.00
12:10:57 AM    2    0.00    0.00    3.06    0.00    0.00    0.00    0.00    0.00    0.00   96.94
12:10:57 AM    3    0.00    0.00    0.00    0.00    0.00    0.00    0.00    0.00    0.00  100.00

12:10:57 AM  CPU    %usr   %nice    %sys %iowait    %irq   %soft  %steal  %guest  %gnice   %idle
12:10:58 AM  all    0.25    0.00    1.00    0.00    1.50    5.75    0.00    0.00    0.00   91.50
12:10:58 AM    0    0.00    0.00    0.00    0.00    4.04   23.23    0.00    0.00    0.00   72.73
12:10:58 AM    1    0.98    0.00    1.96    0.00    0.98    0.00    0.00    0.00    0.00   96.08
12:10:58 AM    2    0.00    0.00    2.02    0.00    1.01    0.00    0.00    0.00    0.00   96.97
12:10:58 AM    3    0.00    0.00    0.00    0.00    0.00    0.00    0.00    0.00    0.00  100.00

12:10:58 AM  CPU    %usr   %nice    %sys %iowait    %irq   %soft  %steal  %guest  %gnice   %idle
12:10:59 AM  all    0.00    0.00    1.01    0.00    1.01    5.79    0.00    0.00    0.00   92.19
12:10:59 AM    0    0.00    0.00    0.00    0.00    4.04   23.23    0.00    0.00    0.00   72.73
12:10:59 AM    1    0.00    0.00    0.00    0.00    0.00    0.00    0.00    0.00    0.00  100.00
12:10:59 AM    2    0.00    0.00    3.03    0.00    0.00    0.00    0.00    0.00    0.00   96.97
12:10:59 AM    3    0.00    0.00    1.01    0.00    0.00    0.00    0.00    0.00    0.00   98.99

12:10:59 AM  CPU    %usr   %nice    %sys %iowait    %irq   %soft  %steal  %guest  %gnice   %idle
12:11:00 AM  all    0.75    0.00    1.25    0.00    1.00    5.99    0.00    0.00    0.00   91.02
12:11:00 AM    0    0.00    0.00    1.00    0.00    4.00   24.00    0.00    0.00    0.00   71.00
12:11:00 AM    1    0.99    0.00    0.99    0.00    0.00    0.00    0.00    0.00    0.00   98.02
12:11:00 AM    2    1.00    0.00    3.00    0.00    0.00    0.00    0.00    0.00    0.00   96.00
12:11:00 AM    3    1.00    0.00    0.00    0.00    0.00    0.00    0.00    0.00    0.00   99.00

12:11:00 AM  CPU    %usr   %nice    %sys %iowait    %irq   %soft  %steal  %guest  %gnice   %idle
12:11:01 AM  all    0.00    0.00    1.00    0.00    1.25    5.76    0.00    0.00    0.00   91.98
12:11:01 AM    0    0.00    0.00    0.00    0.00    4.04   23.23    0.00    0.00    0.00   72.73
12:11:01 AM    1    0.00    0.00    1.98    0.00    0.00    0.00    0.00    0.00    0.00   98.02
12:11:01 AM    2    0.00    0.00    2.02    0.00    1.01    0.00    0.00    0.00    0.00   96.97
12:11:01 AM    3    0.00    0.00    0.00    0.00    0.00    0.00    0.00    0.00    0.00  100.00

12:11:01 AM  CPU    %usr   %nice    %sys %iowait    %irq   %soft  %steal  %guest  %gnice   %idle
12:11:02 AM  all    0.25    0.00    1.00    0.00    1.25    5.74    0.00    0.00    0.00   91.77
12:11:02 AM    0    0.00    0.00    0.00    0.00    4.04   23.23    0.00    0.00    0.00   72.73
12:11:02 AM    1    0.00    0.00    0.00    0.00    0.00    0.00    0.00    0.00    0.00  100.00
12:11:02 AM    2    0.00    0.00    2.00    0.00    0.00    0.00    0.00    0.00    0.00   98.00
12:11:02 AM    3    0.98    0.00    1.96    0.00    0.98    0.00    0.00    0.00    0.00   96.08

12:11:02 AM  CPU    %usr   %nice    %sys %iowait    %irq   %soft  %steal  %guest  %gnice   %idle
12:11:03 AM  all    0.00    0.00    1.51    0.00    1.01    6.05    0.00    0.00    0.00   91.44
12:11:03 AM    0    0.00    0.00    0.00    0.00    4.04   24.24    0.00    0.00    0.00   71.72
12:11:03 AM    1    0.00    0.00    0.00    0.00    0.00    0.00    0.00    0.00    0.00  100.00
12:11:03 AM    2    0.00    0.00    3.03    0.00    0.00    0.00    0.00    0.00    0.00   96.97
12:11:03 AM    3    0.00    0.00    3.00    0.00    0.00    0.00    0.00    0.00    0.00   97.00

12:11:03 AM  CPU    %usr   %nice    %sys %iowait    %irq   %soft  %steal  %guest  %gnice   %idle
12:11:04 AM  all    0.00    0.00    1.25    0.00    1.25    5.99    0.00    0.00    0.00   91.52
12:11:04 AM    0    0.00    0.00    0.00    0.00    4.04   23.23    0.00    0.00    0.00   72.73
12:11:04 AM    1    0.00    0.00    0.99    0.00    0.00    0.00    0.00    0.00    0.00   99.01
12:11:04 AM    2    0.00    0.00    1.96    0.00    0.98    0.98    0.00    0.00    0.00   96.08
12:11:04 AM    3    0.00    0.00    2.02    0.00    0.00    0.00    0.00    0.00    0.00   97.98

12:11:04 AM  CPU    %usr   %nice    %sys %iowait    %irq   %soft  %steal  %guest  %gnice   %idle
12:11:05 AM  all    0.00    0.00    0.75    0.00    1.26    5.78    0.00    0.00    0.00   92.21
12:11:05 AM    0    0.00    0.00    0.00    0.00    4.04   23.23    0.00    0.00    0.00   72.73
12:11:05 AM    1    0.00    0.00    0.00    0.00    0.00    0.00    0.00    0.00    0.00  100.00
12:11:05 AM    2    0.00    0.00    1.02    0.00    0.00    0.00    0.00    0.00    0.00   98.98
12:11:05 AM    3    0.00    0.00    1.98    0.00    0.99    0.00    0.00    0.00    0.00   97.03

12:11:05 AM  CPU    %usr   %nice    %sys %iowait    %irq   %soft  %steal  %guest  %gnice   %idle
12:11:06 AM  all    0.25    0.00    1.01    0.00    0.76    6.31    0.00    0.00    0.00   91.67
12:11:06 AM    0    0.00    0.00    0.00    0.00    3.06   24.49    0.00    0.00    0.00   72.45
12:11:06 AM    1    0.00    0.00    1.00    0.00    0.00    1.00    0.00    0.00    0.00   98.00
12:11:06 AM    2    0.00    0.00    2.02    0.00    0.00    0.00    0.00    0.00    0.00   97.98
12:11:06 AM    3    1.01    0.00    1.01    0.00    0.00    0.00    0.00    0.00    0.00   97.98

12:11:06 AM  CPU    %usr   %nice    %sys %iowait    %irq   %soft  %steal  %guest  %gnice   %idle
12:11:07 AM  all    0.00    0.00    1.00    0.00    1.00    5.76    0.00    0.00    0.00   92.23
12:11:07 AM    0    0.00    0.00    0.00    0.00    4.04   23.23    0.00    0.00    0.00   72.73
12:11:07 AM    1    0.00    0.00    1.98    0.00    0.00    0.00    0.00    0.00    0.00   98.02
12:11:07 AM    2    0.00    0.00    1.01    0.00    0.00    0.00    0.00    0.00    0.00   98.99
12:11:07 AM    3    0.00    0.00    1.00    0.00    0.00    0.00    0.00    0.00    0.00   99.00

12:11:07 AM  CPU    %usr   %nice    %sys %iowait    %irq   %soft  %steal  %guest  %gnice   %idle
12:11:08 AM  all    0.00    0.00    1.50    0.00    1.25    5.76    0.00    0.00    0.00   91.48
12:11:08 AM    0    0.00    0.00    1.01    0.00    4.04   23.23    0.00    0.00    0.00   71.72
12:11:08 AM    1    0.00    0.00    2.00    0.00    0.00    0.00    0.00    0.00    0.00   98.00
12:11:08 AM    2    0.00    0.00    2.02    0.00    1.01    0.00    0.00    0.00    0.00   96.97
12:11:08 AM    3    0.00    0.00    0.99    0.00    0.00    0.00    0.00    0.00    0.00   99.01

12:11:08 AM  CPU    %usr   %nice    %sys %iowait    %irq   %soft  %steal  %guest  %gnice   %idle
12:11:09 AM  all    0.50    0.00    1.00    0.00    1.25    6.00    0.00    0.00    0.00   91.25
12:11:09 AM    0    0.00    0.00    0.00    0.00    4.00   24.00    0.00    0.00    0.00   72.00
12:11:09 AM    1    0.00    0.00    0.99    0.00    0.99    0.00    0.00    0.00    0.00   98.02
12:11:09 AM    2    1.01    0.00    3.03    0.00    0.00    0.00    0.00    0.00    0.00   95.96
12:11:09 AM    3    1.00    0.00    0.00    0.00    0.00    0.00    0.00    0.00    0.00   99.00

12:11:09 AM  CPU    %usr   %nice    %sys %iowait    %irq   %soft  %steal  %guest  %gnice   %idle
12:11:10 AM  all    0.00    0.00    1.26    0.00    1.01    5.79    0.00    0.00    0.00   91.94
12:11:10 AM    0    0.00    0.00    0.00    0.00    4.08   23.47    0.00    0.00    0.00   72.45
12:11:10 AM    1    0.00    0.00    2.00    0.00    0.00    0.00    0.00    0.00    0.00   98.00
12:11:10 AM    2    0.00    0.00    3.03    0.00    0.00    0.00    0.00    0.00    0.00   96.97
12:11:10 AM    3    0.00    0.00    0.00    0.00    0.00    0.00    0.00    0.00    0.00  100.00

12:11:10 AM  CPU    %usr   %nice    %sys %iowait    %irq   %soft  %steal  %guest  %gnice   %idle
12:11:11 AM  all    0.00    0.00    1.00    0.00    1.25    5.76    0.00    0.00    0.00   91.98
12:11:11 AM    0    0.00    0.00    0.00    0.00    4.04   23.23    0.00    0.00    0.00   72.73
12:11:11 AM    1    0.00    0.00    1.00    0.00    0.00    0.00    0.00    0.00    0.00   99.00
12:11:11 AM    2    0.00    0.00    3.00    0.00    1.00    0.00    0.00    0.00    0.00   96.00
12:11:11 AM    3    0.00    0.00    0.00    0.00    0.00    0.00    0.00    0.00    0.00  100.00

12:11:11 AM  CPU    %usr   %nice    %sys %iowait    %irq   %soft  %steal  %guest  %gnice   %idle
12:11:12 AM  all    0.25    0.00    1.50    0.00    1.00    6.00    0.00    0.00    0.00   91.25
12:11:12 AM    0    0.00    0.00    1.00    0.00    4.00   24.00    0.00    0.00    0.00   71.00
12:11:12 AM    1    0.00    0.00    2.00    0.00    0.00    0.00    0.00    0.00    0.00   98.00
12:11:12 AM    2    0.99    0.00    2.97    0.00    0.00    0.00    0.00    0.00    0.00   96.04
12:11:12 AM    3    0.00    0.00    0.00    0.00    0.00    0.00    0.00    0.00    0.00  100.00

12:11:12 AM  CPU    %usr   %nice    %sys %iowait    %irq   %soft  %steal  %guest  %gnice   %idle
12:11:13 AM  all    0.00    0.00    0.76    0.00    1.01    5.81    0.00    0.00    0.00   92.42
12:11:13 AM    0    0.00    0.00    0.00    0.00    4.08   23.47    0.00    0.00    0.00   72.45
12:11:13 AM    1    0.00    0.00    0.00    0.00    0.00    0.00    0.00    0.00    0.00  100.00
12:11:13 AM    2    0.00    0.00    3.03    0.00    0.00    0.00    0.00    0.00    0.00   96.97
12:11:13 AM    3    0.00    0.00    0.00    0.00    0.00    0.00    0.00    0.00    0.00  100.00

12:11:13 AM  CPU    %usr   %nice    %sys %iowait    %irq   %soft  %steal  %guest  %gnice   %idle
12:11:14 AM  all    0.00    0.00    0.75    0.00    1.50    6.02    0.00    0.00    0.00   91.73
12:11:14 AM    0    0.00    0.00    0.00    0.00    4.04   24.24    0.00    0.00    0.00   71.72
12:11:14 AM    1    0.00    0.00    1.00    0.00    1.00    0.00    0.00    0.00    0.00   98.00
12:11:14 AM    2    0.00    0.00    2.00    0.00    1.00    0.00    0.00    0.00    0.00   97.00
12:11:14 AM    3    0.00    0.00    0.00    0.00    0.00    0.00    0.00    0.00    0.00  100.00

12:11:14 AM  CPU    %usr   %nice    %sys %iowait    %irq   %soft  %steal  %guest  %gnice   %idle
12:11:15 AM  all    0.00    0.00    0.75    0.00    1.01    5.78    0.00    0.00    0.00   92.46
12:11:15 AM    0    0.00    0.00    0.00    0.00    4.04   23.23    0.00    0.00    0.00   72.73
12:11:15 AM    1    0.00    0.00    1.01    0.00    0.00    0.00    0.00    0.00    0.00   98.99
12:11:15 AM    2    0.00    0.00    2.00    0.00    0.00    0.00    0.00    0.00    0.00   98.00
12:11:15 AM    3    0.00    0.00    0.00    0.00    0.00    0.00    0.00    0.00    0.00  100.00

12:11:15 AM  CPU    %usr   %nice    %sys %iowait    %irq   %soft  %steal  %guest  %gnice   %idle
12:11:16 AM  all    0.25    0.00    1.01    0.00    1.01    5.78    0.00    0.00    0.00   91.96
12:11:16 AM    0    0.00    0.00    0.00    0.00    4.04   23.23    0.00    0.00    0.00   72.73
12:11:16 AM    1    1.00    0.00    2.00    0.00    0.00    0.00    0.00    0.00    0.00   97.00
12:11:16 AM    2    0.00    0.00    2.02    0.00    0.00    0.00    0.00    0.00    0.00   97.98
12:11:16 AM    3    0.00    0.00    0.00    0.00    0.00    0.00    0.00    0.00    0.00  100.00

12:11:16 AM  CPU    %usr   %nice    %sys %iowait    %irq   %soft  %steal  %guest  %gnice   %idle
12:11:17 AM  all    0.00    0.00    0.76    0.00    1.01    5.82    0.00    0.00    0.00   92.41
12:11:17 AM    0    0.00    0.00    0.00    0.00    4.08   23.47    0.00    0.00    0.00   72.45
12:11:17 AM    1    0.00    0.00    1.02    0.00    0.00    0.00    0.00    0.00    0.00   98.98
12:11:17 AM    2    0.00    0.00    2.02    0.00    0.00    0.00    0.00    0.00    0.00   97.98
12:11:17 AM    3    0.00    0.00    0.00    0.00    0.00    0.00    0.00    0.00    0.00  100.00

12:11:17 AM  CPU    %usr   %nice    %sys %iowait    %irq   %soft  %steal  %guest  %gnice   %idle
12:11:18 AM  all    0.00    0.00    1.00    0.00    1.49    5.97    0.00    0.00    0.00   91.54
12:11:18 AM    0    0.00    0.00    0.00    0.00    4.00   24.00    0.00    0.00    0.00   72.00
12:11:18 AM    1    0.00    0.00    1.98    0.00    0.99    0.00    0.00    0.00    0.00   97.03
12:11:18 AM    2    0.00    0.00    1.98    0.00    0.99    0.00    0.00    0.00    0.00   97.03
12:11:18 AM    3    0.00    0.00    0.00    0.00    0.00    0.00    0.00    0.00    0.00  100.00

12:11:18 AM  CPU    %usr   %nice    %sys %iowait    %irq   %soft  %steal  %guest  %gnice   %idle
12:11:19 AM  all    0.00    0.00    0.76    0.00    1.01    5.81    0.00    0.00    0.00   92.42
12:11:19 AM    0    0.00    0.00    0.00    0.00    4.04   23.23    0.00    0.00    0.00   72.73
12:11:19 AM    1    0.00    0.00    1.02    0.00    0.00    0.00    0.00    0.00    0.00   98.98
12:11:19 AM    2    0.00    0.00    2.02    0.00    0.00    0.00    0.00    0.00    0.00   97.98
12:11:19 AM    3    0.00    0.00    0.00    0.00    0.00    0.00    0.00    0.00    0.00  100.00

12:11:19 AM  CPU    %usr   %nice    %sys %iowait    %irq   %soft  %steal  %guest  %gnice   %idle
12:11:20 AM  all    0.00    0.00    1.01    0.00    0.75    5.78    0.00    0.00    0.00   92.46
12:11:20 AM    0    0.00    0.00    0.00    0.00    3.06   23.47    0.00    0.00    0.00   73.47
12:11:20 AM    1    0.00    0.00    2.00    0.00    0.00    0.00    0.00    0.00    0.00   98.00
12:11:20 AM    2    0.00    0.00    2.00    0.00    0.00    0.00    0.00    0.00    0.00   98.00
12:11:20 AM    3    0.00    0.00    0.00    0.00    0.00    0.00    0.00    0.00    0.00  100.00

12:11:20 AM  CPU    %usr   %nice    %sys %iowait    %irq   %soft  %steal  %guest  %gnice   %idle
12:11:21 AM  all    0.00    0.00    1.01    0.00    1.01    6.05    0.00    0.00    0.00   91.94
12:11:21 AM    0    0.00    0.00    0.00    0.00    4.04   24.24    0.00    0.00    0.00   71.72
12:11:21 AM    1    0.00    0.00    2.02    0.00    0.00    0.00    0.00    0.00    0.00   97.98
12:11:21 AM    2    0.00    0.00    2.02    0.00    0.00    0.00    0.00    0.00    0.00   97.98
12:11:21 AM    3    0.00    0.00    0.00    0.00    0.00    0.00    0.00    0.00    0.00  100.00

12:11:21 AM  CPU    %usr   %nice    %sys %iowait    %irq   %soft  %steal  %guest  %gnice   %idle
12:11:22 AM  all    0.25    0.00    1.50    0.00    1.50    5.74    0.00    0.00    0.00   91.02
12:11:22 AM    0    0.99    0.00    0.99    0.00    3.96   22.77    0.00    0.00    0.00   71.29
12:11:22 AM    1    0.00    0.00    2.00    0.00    1.00    0.00    0.00    0.00    0.00   97.00
12:11:22 AM    2    0.00    0.00    2.00    0.00    1.00    0.00    0.00    0.00    0.00   97.00
12:11:22 AM    3    0.00    0.00    1.00    0.00    0.00    0.00    0.00    0.00    0.00   99.00

12:11:22 AM  CPU    %usr   %nice    %sys %iowait    %irq   %soft  %steal  %guest  %gnice   %idle
12:11:23 AM  all    0.00    0.00    1.01    0.00    1.01    5.81    0.00    0.00    0.00   92.17
12:11:23 AM    0    0.00    0.00    0.00    0.00    4.08   23.47    0.00    0.00    0.00   72.45
12:11:23 AM    1    0.00    0.00    2.02    0.00    0.00    0.00    0.00    0.00    0.00   97.98
12:11:23 AM    2    0.00    0.00    2.02    0.00    0.00    0.00    0.00    0.00    0.00   97.98
12:11:23 AM    3    0.00    0.00    0.00    0.00    0.00    0.00    0.00    0.00    0.00  100.00

12:11:23 AM  CPU    %usr   %nice    %sys %iowait    %irq   %soft  %steal  %guest  %gnice   %idle
12:11:24 AM  all    0.00    0.00    0.75    0.00    1.00    6.02    0.00    0.00    0.00   92.23
12:11:24 AM    0    0.00    0.00    0.00    0.00    4.00   24.00    0.00    0.00    0.00   72.00
12:11:24 AM    1    0.00    0.00    1.01    0.00    0.00    0.00    0.00    0.00    0.00   98.99
12:11:24 AM    2    0.00    0.00    2.00    0.00    0.00    0.00    0.00    0.00    0.00   98.00
12:11:24 AM    3    0.00    0.00    0.00    0.00    0.00    0.00    0.00    0.00    0.00  100.00

12:11:24 AM  CPU    %usr   %nice    %sys %iowait    %irq   %soft  %steal  %guest  %gnice   %idle
12:11:25 AM  all    0.00    0.00    1.01    0.00    1.26    5.78    0.00    0.00    0.00   91.96
12:11:25 AM    0    0.00    0.00    0.00    0.00    4.04   23.23    0.00    0.00    0.00   72.73
12:11:25 AM    1    0.00    0.00    2.02    0.00    1.01    0.00    0.00    0.00    0.00   96.97
12:11:25 AM    2    0.00    0.00    2.00    0.00    0.00    0.00    0.00    0.00    0.00   98.00
12:11:25 AM    3    0.00    0.00    0.00    0.00    0.00    0.00    0.00    0.00    0.00  100.00

12:11:25 AM  CPU    %usr   %nice    %sys %iowait    %irq   %soft  %steal  %guest  %gnice   %idle
12:11:26 AM  all    0.00    0.00    1.00    0.00    1.25    5.76    0.00    0.00    0.00   91.98
12:11:26 AM    0    0.00    0.00    0.00    0.00    4.04   23.23    0.00    0.00    0.00   72.73
12:11:26 AM    1    0.00    0.00    4.00    0.00    0.00    0.00    0.00    0.00    0.00   96.00
12:11:26 AM    2    0.00    0.00    0.00    0.00    1.00    0.00    0.00    0.00    0.00   99.00
12:11:26 AM    3    0.00    0.00    0.00    0.00    0.00    0.00    0.00    0.00    0.00  100.00

12:11:26 AM  CPU    %usr   %nice    %sys %iowait    %irq   %soft  %steal  %guest  %gnice   %idle
12:11:27 AM  all    0.00    0.00    1.01    0.00    1.01    5.78    0.00    0.00    0.00   92.21
12:11:27 AM    0    0.00    0.00    0.00    0.00    4.04   23.23    0.00    0.00    0.00   72.73
12:11:27 AM    1    0.00    0.00    2.04    0.00    0.00    0.00    0.00    0.00    0.00   97.96
12:11:27 AM    2    0.00    0.00    1.98    0.00    0.00    0.00    0.00    0.00    0.00   98.02
12:11:27 AM    3    0.00    0.00    0.00    0.00    0.00    0.00    0.00    0.00    0.00  100.00

12:11:27 AM  CPU    %usr   %nice    %sys %iowait    %irq   %soft  %steal  %guest  %gnice   %idle
12:11:28 AM  all    0.25    0.00    1.01    0.00    1.26    6.03    0.00    0.00    0.00   91.46
12:11:28 AM    0    0.00    0.00    1.00    0.00    4.00   24.00    0.00    0.00    0.00   71.00
12:11:28 AM    1    1.00    0.00    3.00    0.00    1.00    0.00    0.00    0.00    0.00   95.00
12:11:28 AM    2    0.00    0.00    0.00    0.00    0.00    0.00    0.00    0.00    0.00  100.00
12:11:28 AM    3    0.00    0.00    0.00    0.00    0.00    0.00    0.00    0.00    0.00  100.00

12:11:28 AM  CPU    %usr   %nice    %sys %iowait    %irq   %soft  %steal  %guest  %gnice   %idle
12:11:29 AM  all    0.00    0.00    1.00    0.00    1.00    6.02    0.00    0.00    0.00   91.98
12:11:29 AM    0    0.00    0.00    0.00    0.00    4.04   23.23    0.00    0.00    0.00   72.73
12:11:29 AM    1    0.00    0.00    2.04    0.00    0.00    0.00    0.00    0.00    0.00   97.96
12:11:29 AM    2    0.00    0.00    1.96    0.00    0.00    0.98    0.00    0.00    0.00   97.06
12:11:29 AM    3    0.00    0.00    0.00    0.00    0.00    0.00    0.00    0.00    0.00  100.00

12:11:29 AM  CPU    %usr   %nice    %sys %iowait    %irq   %soft  %steal  %guest  %gnice   %idle
12:11:30 AM  all    0.00    0.00    1.26    0.00    1.01    5.78    0.00    0.00    0.00   91.96
12:11:30 AM    0    0.00    0.00    0.00    0.00    4.08   23.47    0.00    0.00    0.00   72.45
12:11:30 AM    1    0.00    0.00    4.00    0.00    0.00    0.00    0.00    0.00    0.00   96.00
12:11:30 AM    2    0.00    0.00    1.00    0.00    0.00    0.00    0.00    0.00    0.00   99.00
12:11:30 AM    3    0.00    0.00    0.00    0.00    0.00    0.00    0.00    0.00    0.00  100.00

12:11:30 AM  CPU    %usr   %nice    %sys %iowait    %irq   %soft  %steal  %guest  %gnice   %idle
12:11:31 AM  all    0.00    0.00    0.75    0.00    1.50    6.00    0.00    0.00    0.00   91.75
12:11:31 AM    0    0.00    0.00    0.00    0.00    4.00   24.00    0.00    0.00    0.00   72.00
12:11:31 AM    1    0.00    0.00    2.97    0.00    0.99    0.00    0.00    0.00    0.00   96.04
12:11:31 AM    2    0.00    0.00    0.00    0.00    1.01    0.00    0.00    0.00    0.00   98.99
12:11:31 AM    3    0.00    0.00    0.00    0.00    0.00    0.00    0.00    0.00    0.00  100.00

12:11:31 AM  CPU    %usr   %nice    %sys %iowait    %irq   %soft  %steal  %guest  %gnice   %idle
12:11:32 AM  all    0.00    0.00    1.52    0.00    1.01    5.81    0.00    0.00    0.00   91.67
12:11:32 AM    0    0.00    0.00    1.01    0.00    4.04   23.23    0.00    0.00    0.00   71.72
12:11:32 AM    1    0.00    0.00    1.04    0.00    0.00    0.00    0.00    0.00    0.00   98.96
12:11:32 AM    2    0.00    0.00    2.97    0.00    0.00    0.00    0.00    0.00    0.00   97.03
12:11:32 AM    3    0.00    0.00    1.00    0.00    0.00    0.00    0.00    0.00    0.00   99.00

12:11:32 AM  CPU    %usr   %nice    %sys %iowait    %irq   %soft  %steal  %guest  %gnice   %idle
12:11:33 AM  all    0.00    0.00    1.01    0.00    0.76    5.79    0.00    0.00    0.00   92.44
12:11:33 AM    0    0.00    0.00    0.00    0.00    3.06   23.47    0.00    0.00    0.00   73.47
12:11:33 AM    1    0.00    0.00    4.00    0.00    0.00    0.00    0.00    0.00    0.00   96.00
12:11:33 AM    2    0.00    0.00    0.00    0.00    0.00    0.00    0.00    0.00    0.00  100.00
12:11:33 AM    3    0.00    0.00    0.00    0.00    0.00    0.00    0.00    0.00    0.00  100.00

12:11:33 AM  CPU    %usr   %nice    %sys %iowait    %irq   %soft  %steal  %guest  %gnice   %idle
12:11:34 AM  all    0.00    0.00    0.75    0.00    1.25    6.02    0.00    0.00    0.00   91.98
12:11:34 AM    0    0.00    0.00    0.00    0.00    4.00   24.00    0.00    0.00    0.00   72.00
12:11:34 AM    1    0.00    0.00    1.01    0.00    1.01    0.00    0.00    0.00    0.00   97.98
12:11:34 AM    2    0.00    0.00    2.00    0.00    0.00    0.00    0.00    0.00    0.00   98.00
12:11:34 AM    3    0.00    0.00    0.00    0.00    0.00    0.00    0.00    0.00    0.00  100.00

12:11:34 AM  CPU    %usr   %nice    %sys %iowait    %irq   %soft  %steal  %guest  %gnice   %idle
12:11:35 AM  all    0.00    0.00    0.76    0.00    1.01    5.79    0.00    0.00    0.00   92.44
12:11:35 AM    0    0.00    0.00    0.00    0.00    4.04   23.23    0.00    0.00    0.00   72.73
12:11:35 AM    1    0.00    0.00    1.01    0.00    0.00    0.00    0.00    0.00    0.00   98.99
12:11:35 AM    2    0.00    0.00    2.02    0.00    0.00    0.00    0.00    0.00    0.00   97.98
12:11:35 AM    3    0.00    0.00    0.00    0.00    0.00    0.00    0.00    0.00    0.00  100.00

12:11:35 AM  CPU    %usr   %nice    %sys %iowait    %irq   %soft  %steal  %guest  %gnice   %idle
12:11:36 AM  all    0.25    0.00    1.01    0.00    1.26    5.79    0.00    0.00    0.00   91.69
12:11:36 AM    0    0.00    0.00    0.00    0.00    4.08   23.47    0.00    0.00    0.00   72.45
12:11:36 AM    1    0.00    0.00    2.02    0.00    0.00    0.00    0.00    0.00    0.00   97.98
12:11:36 AM    2    0.99    0.00    1.98    0.00    0.99    0.00    0.00    0.00    0.00   96.04
12:11:36 AM    3    0.00    0.00    0.00    0.00    0.00    0.00    0.00    0.00    0.00  100.00

12:11:36 AM  CPU    %usr   %nice    %sys %iowait    %irq   %soft  %steal  %guest  %gnice   %idle
12:11:37 AM  all    0.00    0.00    0.76    0.00    1.26    6.05    0.00    0.00    0.00   91.94
12:11:37 AM    0    0.00    0.00    0.00    0.00    4.08   24.49    0.00    0.00    0.00   71.43
12:11:37 AM    1    0.00    0.00    1.01    0.00    1.01    0.00    0.00    0.00    0.00   97.98
12:11:37 AM    2    0.00    0.00    2.00    0.00    0.00    0.00    0.00    0.00    0.00   98.00
12:11:37 AM    3    0.00    0.00    0.00    0.00    0.00    0.00    0.00    0.00    0.00  100.00

12:11:37 AM  CPU    %usr   %nice    %sys %iowait    %irq   %soft  %steal  %guest  %gnice   %idle
12:11:38 AM  all    0.00    0.00    1.25    0.00    1.00    5.76    0.00    0.00    0.00   91.98
12:11:38 AM    0    0.00    0.00    0.00    0.00    4.08   23.47    0.00    0.00    0.00   72.45
12:11:38 AM    1    0.00    0.00    3.00    0.00    0.00    0.00    0.00    0.00    0.00   97.00
12:11:38 AM    2    0.00    0.00    1.98    0.00    0.00    0.00    0.00    0.00    0.00   98.02
12:11:38 AM    3    0.00    0.00    0.00    0.00    0.00    0.00    0.00    0.00    0.00  100.00

12:11:38 AM  CPU    %usr   %nice    %sys %iowait    %irq   %soft  %steal  %guest  %gnice   %idle
12:11:39 AM  all    0.00    0.00    0.75    0.00    1.00    6.27    0.00    0.00    0.00   91.98
12:11:39 AM    0    0.00    0.00    0.99    0.00    3.96   23.76    0.00    0.00    0.00   71.29
12:11:39 AM    1    0.00    0.00    0.00    0.00    0.00    1.01    0.00    0.00    0.00   98.99
12:11:39 AM    2    0.00    0.00    1.01    0.00    0.00    0.00    0.00    0.00    0.00   98.99
12:11:39 AM    3    0.00    0.00    1.00    0.00    0.00    0.00    0.00    0.00    0.00   99.00

12:11:39 AM  CPU    %usr   %nice    %sys %iowait    %irq   %soft  %steal  %guest  %gnice   %idle
12:11:40 AM  all    0.25    0.00    0.25    0.00    1.01    5.81    0.00    0.00    0.00   92.68
12:11:40 AM    0    0.00    0.00    0.00    0.00    4.04   23.23    0.00    0.00    0.00   72.73
12:11:40 AM    1    1.01    0.00    1.01    0.00    0.00    0.00    0.00    0.00    0.00   97.98
12:11:40 AM    2    0.00    0.00    0.00    0.00    0.00    0.00    0.00    0.00    0.00  100.00
12:11:40 AM    3    0.00    0.00    0.00    0.00    0.00    0.00    0.00    0.00    0.00  100.00

12:11:40 AM  CPU    %usr   %nice    %sys %iowait    %irq   %soft  %steal  %guest  %gnice   %idle
12:11:41 AM  all    0.00    0.00    1.25    0.00    1.75    5.74    0.00    0.00    0.00   91.27
12:11:41 AM    0    0.00    0.00    0.00    0.00    4.08   23.47    0.00    0.00    0.00   72.45
12:11:41 AM    1    0.00    0.00    2.00    0.00    1.00    0.00    0.00    0.00    0.00   97.00
12:11:41 AM    2    0.00    0.00    0.99    0.00    0.99    0.00    0.00    0.00    0.00   98.02
12:11:41 AM    3    0.00    0.00    1.96    0.00    0.98    0.00    0.00    0.00    0.00   97.06

12:11:41 AM  CPU    %usr   %nice    %sys %iowait    %irq   %soft  %steal  %guest  %gnice   %idle
12:11:42 AM  all    0.00    0.00    0.51    0.00    1.01    5.81    0.00    0.00    0.00   92.68
12:11:42 AM    0    0.00    0.00    0.00    0.00    4.04   23.23    0.00    0.00    0.00   72.73
12:11:42 AM    1    0.00    0.00    1.01    0.00    0.00    0.00    0.00    0.00    0.00   98.99
12:11:42 AM    2    0.00    0.00    1.01    0.00    0.00    0.00    0.00    0.00    0.00   98.99
12:11:42 AM    3    0.00    0.00    0.00    0.00    0.00    0.00    0.00    0.00    0.00  100.00

12:11:42 AM  CPU    %usr   %nice    %sys %iowait    %irq   %soft  %steal  %guest  %gnice   %idle
12:11:43 AM  all    0.00    0.00    1.01    0.00    1.01    5.79    0.00    0.00    0.00   92.19
12:11:43 AM    0    0.00    0.00    0.00    0.00    4.04   23.23    0.00    0.00    0.00   72.73
12:11:43 AM    1    0.00    0.00    3.00    0.00    0.00    0.00    0.00    0.00    0.00   97.00
12:11:43 AM    2    0.00    0.00    0.00    0.00    0.00    0.00    0.00    0.00    0.00  100.00
12:11:43 AM    3    0.00    0.00    1.01    0.00    0.00    0.00    0.00    0.00    0.00   98.99

12:11:43 AM  CPU    %usr   %nice    %sys %iowait    %irq   %soft  %steal  %guest  %gnice   %idle
12:11:44 AM  all    0.00    0.00    1.00    0.00    1.00    6.00    0.00    0.00    0.00   92.00
12:11:44 AM    0    0.00    0.00    0.00    0.00    4.00   24.00    0.00    0.00    0.00   72.00
12:11:44 AM    1    0.00    0.00    1.01    0.00    0.00    0.00    0.00    0.00    0.00   98.99
12:11:44 AM    2    0.00    0.00    1.98    0.00    0.00    0.00    0.00    0.00    0.00   98.02
12:11:44 AM    3    0.00    0.00    1.00    0.00    0.00    0.00    0.00    0.00    0.00   99.00

12:11:44 AM  CPU    %usr   %nice    %sys %iowait    %irq   %soft  %steal  %guest  %gnice   %idle
12:11:45 AM  all    0.00    0.00    0.76    0.00    1.26    5.79    0.00    0.00    0.00   92.19
12:11:45 AM    0    0.00    0.00    0.00    0.00    4.04   23.23    0.00    0.00    0.00   72.73
12:11:45 AM    1    0.00    0.00    2.97    0.00    0.99    0.00    0.00    0.00    0.00   96.04
12:11:45 AM    2    0.00    0.00    0.00    0.00    0.00    0.00    0.00    0.00    0.00  100.00
12:11:45 AM    3    0.00    0.00    0.00    0.00    0.00    0.00    0.00    0.00    0.00  100.00

12:11:45 AM  CPU    %usr   %nice    %sys %iowait    %irq   %soft  %steal  %guest  %gnice   %idle
12:11:46 AM  all    0.25    0.00    0.76    0.00    1.01    5.82    0.00    0.00    0.00   92.15
12:11:46 AM    0    0.00    0.00    0.00    0.00    4.08   23.47    0.00    0.00    0.00   72.45
12:11:46 AM    1    0.00    0.00    1.02    0.00    0.00    0.00    0.00    0.00    0.00   98.98
12:11:46 AM    2    0.00    0.00    0.00    0.00    0.00    0.00    0.00    0.00    0.00  100.00
12:11:46 AM    3    1.00    0.00    2.00    0.00    0.00    0.00    0.00    0.00    0.00   97.00

12:11:46 AM  CPU    %usr   %nice    %sys %iowait    %irq   %soft  %steal  %guest  %gnice   %idle
12:11:47 AM  all    0.00    0.00    1.24    0.00    1.49    5.97    0.00    0.00    0.00   91.29
12:11:47 AM    0    0.00    0.00    0.00    0.00    4.04   24.24    0.00    0.00    0.00   71.72
12:11:47 AM    1    0.00    0.00    2.97    0.00    0.00    0.00    0.00    0.00    0.00   97.03
12:11:47 AM    2    0.00    0.00    0.99    0.00    0.99    0.00    0.00    0.00    0.00   98.02
12:11:47 AM    3    0.00    0.00    0.99    0.00    0.99    0.00    0.00    0.00    0.00   98.02

12:11:47 AM  CPU    %usr   %nice    %sys %iowait    %irq   %soft  %steal  %guest  %gnice   %idle
12:11:48 AM  all    0.00    0.00    1.01    0.00    1.01    6.03    0.00    0.00    0.00   91.96
12:11:48 AM    0    0.00    0.00    0.00    0.00    3.06   23.47    0.00    0.00    0.00   73.47
12:11:48 AM    1    0.00    0.00    2.00    0.00    1.00    0.00    0.00    0.00    0.00   97.00
12:11:48 AM    2    0.00    0.00    1.01    0.00    0.00    0.00    0.00    0.00    0.00   98.99
12:11:48 AM    3    0.00    0.00    0.99    0.00    0.00    0.99    0.00    0.00    0.00   98.02

12:11:48 AM  CPU    %usr   %nice    %sys %iowait    %irq   %soft  %steal  %guest  %gnice   %idle
12:11:49 AM  all    0.00    0.00    1.01    0.00    1.01    5.81    0.00    0.00    0.00   92.17
12:11:49 AM    0    0.00    0.00    0.00    0.00    4.08   23.47    0.00    0.00    0.00   72.45
12:11:49 AM    1    0.00    0.00    2.02    0.00    0.00    0.00    0.00    0.00    0.00   97.98
12:11:49 AM    2    0.00    0.00    1.00    0.00    0.00    0.00    0.00    0.00    0.00   99.00
12:11:49 AM    3    0.00    0.00    1.01    0.00    0.00    0.00    0.00    0.00    0.00   98.99

12:11:49 AM  CPU    %usr   %nice    %sys %iowait    %irq   %soft  %steal  %guest  %gnice   %idle
12:11:50 AM  all    0.00    0.00    0.76    0.00    1.01    6.05    0.00    0.00    0.00   92.19
12:11:50 AM    0    0.00    0.00    1.00    0.00    4.00   24.00    0.00    0.00    0.00   71.00
12:11:50 AM    1    0.00    0.00    1.01    0.00    0.00    0.00    0.00    0.00    0.00   98.99
12:11:50 AM    2    0.00    0.00    1.01    0.00    0.00    0.00    0.00    0.00    0.00   98.99
12:11:50 AM    3    0.00    0.00    0.00    0.00    0.00    0.00    0.00    0.00    0.00  100.00

12:11:50 AM  CPU    %usr   %nice    %sys %iowait    %irq   %soft  %steal  %guest  %gnice   %idle
12:11:51 AM  all    0.25    0.00    1.00    0.00    1.00    5.76    0.00    0.00    0.00   91.98
12:11:51 AM    0    0.00    0.00    0.00    0.00    4.08   23.47    0.00    0.00    0.00   72.45
12:11:51 AM    1    1.01    0.00    0.00    0.00    0.00    0.00    0.00    0.00    0.00   98.99
12:11:51 AM    2    0.00    0.00    1.98    0.00    0.00    0.00    0.00    0.00    0.00   98.02
12:11:51 AM    3    0.00    0.00    1.98    0.00    0.00    0.00    0.00    0.00    0.00   98.02

12:11:51 AM  CPU    %usr   %nice    %sys %iowait    %irq   %soft  %steal  %guest  %gnice   %idle
12:11:52 AM  all    0.00    0.00    0.50    0.00    1.26    6.05    0.00    0.00    0.00   92.19
12:11:52 AM    0    0.00    0.00    0.00    0.00    4.00   24.00    0.00    0.00    0.00   72.00
12:11:52 AM    1    0.00    0.00    1.01    0.00    0.00    0.00    0.00    0.00    0.00   98.99
12:11:52 AM    2    0.00    0.00    0.00    0.00    0.00    0.00    0.00    0.00    0.00  100.00
12:11:52 AM    3    0.00    0.00    1.01    0.00    1.01    0.00    0.00    0.00    0.00   97.98

12:11:52 AM  CPU    %usr   %nice    %sys %iowait    %irq   %soft  %steal  %guest  %gnice   %idle
12:11:53 AM  all    0.00    0.00    0.75    0.00    1.50    5.76    0.00    0.00    0.00   91.98
12:11:53 AM    0    0.00    0.00    1.01    0.00    4.04   23.23    0.00    0.00    0.00   71.72
12:11:53 AM    1    0.00    0.00    0.00    0.00    1.00    0.00    0.00    0.00    0.00   99.00
12:11:53 AM    2    0.00    0.00    0.99    0.00    0.99    0.00    0.00    0.00    0.00   98.02
12:11:53 AM    3    0.00    0.00    1.01    0.00    0.00    0.00    0.00    0.00    0.00   98.99

12:11:53 AM  CPU    %usr   %nice    %sys %iowait    %irq   %soft  %steal  %guest  %gnice   %idle
12:11:54 AM  all    0.00    0.00    1.01    0.00    1.01    5.81    0.00    0.00    0.00   92.17
12:11:54 AM    0    0.00    0.00    0.00    0.00    4.08   23.47    0.00    0.00    0.00   72.45
12:11:54 AM    1    0.00    0.00    2.00    0.00    0.00    0.00    0.00    0.00    0.00   98.00
12:11:54 AM    2    0.00    0.00    1.01    0.00    0.00    0.00    0.00    0.00    0.00   98.99
12:11:54 AM    3    0.00    0.00    1.01    0.00    0.00    0.00    0.00    0.00    0.00   98.99

12:11:54 AM  CPU    %usr   %nice    %sys %iowait    %irq   %soft  %steal  %guest  %gnice   %idle
12:11:55 AM  all    0.25    0.00    0.75    0.00    1.00    5.76    0.00    0.00    0.00   92.23
12:11:55 AM    0    0.00    0.00    0.00    0.00    4.04   23.23    0.00    0.00    0.00   72.73
12:11:55 AM    1    1.00    0.00    1.00    0.00    0.00    0.00    0.00    0.00    0.00   98.00
12:11:55 AM    2    0.00    0.00    0.00    0.00    0.00    0.00    0.00    0.00    0.00  100.00
12:11:55 AM    3    0.00    0.00    1.98    0.00    0.00    0.00    0.00    0.00    0.00   98.02

12:11:55 AM  CPU    %usr   %nice    %sys %iowait    %irq   %soft  %steal  %guest  %gnice   %idle
12:11:56 AM  all    0.00    0.00    1.26    0.00    1.01    6.06    0.00    0.00    0.00   91.67
12:11:56 AM    0    0.00    0.00    1.00    0.00    4.00   24.00    0.00    0.00    0.00   71.00
12:11:56 AM    1    0.00    0.00    2.04    0.00    0.00    0.00    0.00    0.00    0.00   97.96
12:11:56 AM    2    0.00    0.00    2.00    0.00    0.00    0.00    0.00    0.00    0.00   98.00
12:11:56 AM    3    0.00    0.00    0.00    0.00    0.00    0.00    0.00    0.00    0.00  100.00

12:11:56 AM  CPU    %usr   %nice    %sys %iowait    %irq   %soft  %steal  %guest  %gnice   %idle
12:11:57 AM  all    0.25    0.00    0.75    0.00    1.25    5.99    0.00    0.00    0.00   91.77
12:11:57 AM    0    0.00    0.00    0.00    0.00    4.04   23.23    0.00    0.00    0.00   72.73
12:11:57 AM    1    0.00    0.00    1.00    0.00    1.00    0.00    0.00    0.00    0.00   98.00
12:11:57 AM    2    0.99    0.00    0.00    0.00    0.00    0.99    0.00    0.00    0.00   98.02
12:11:57 AM    3    0.00    0.00    1.98    0.00    0.00    0.00    0.00    0.00    0.00   98.02

12:11:57 AM  CPU    %usr   %nice    %sys %iowait    %irq   %soft  %steal  %guest  %gnice   %idle
12:11:58 AM  all    0.00    0.00    0.75    0.00    1.51    5.78    0.00    0.00    0.00   91.96
12:11:58 AM    0    0.00    0.00    0.00    0.00    4.04   23.23    0.00    0.00    0.00   72.73
12:11:58 AM    1    0.00    0.00    1.02    0.00    0.00    0.00    0.00    0.00    0.00   98.98
12:11:58 AM    2    0.00    0.00    1.96    0.00    0.98    0.00    0.00    0.00    0.00   97.06
12:11:58 AM    3    0.00    0.00    0.00    0.00    1.01    0.00    0.00    0.00    0.00   98.99

12:11:58 AM  CPU    %usr   %nice    %sys %iowait    %irq   %soft  %steal  %guest  %gnice   %idle
12:11:59 AM  all    0.25    0.00    1.26    0.00    1.01    5.81    0.00    0.00    0.00   91.67
12:11:59 AM    0    0.00    0.00    0.00    0.00    4.08   23.47    0.00    0.00    0.00   72.45
12:11:59 AM    1    1.01    0.00    3.03    0.00    0.00    0.00    0.00    0.00    0.00   95.96
12:11:59 AM    2    0.00    0.00    0.00    0.00    0.00    0.00    0.00    0.00    0.00  100.00
12:11:59 AM    3    0.00    0.00    2.00    0.00    0.00    0.00    0.00    0.00    0.00   98.00

12:11:59 AM  CPU    %usr   %nice    %sys %iowait    %irq   %soft  %steal  %guest  %gnice   %idle
12:12:00 AM  all    0.00    0.00    0.75    0.00    1.25    6.02    0.00    0.00    0.00   91.98
12:12:00 AM    0    0.00    0.00    0.00    0.00    4.00   24.00    0.00    0.00    0.00   72.00
12:12:00 AM    1    0.00    0.00    3.00    0.00    1.00    0.00    0.00    0.00    0.00   96.00
12:12:00 AM    2    0.00    0.00    0.00    0.00    0.00    0.00    0.00    0.00    0.00  100.00
12:12:00 AM    3    0.00    0.00    0.00    0.00    0.00    0.00    0.00    0.00    0.00  100.00

12:12:00 AM  CPU    %usr   %nice    %sys %iowait    %irq   %soft  %steal  %guest  %gnice   %idle
12:12:01 AM  all    0.00    0.00    1.01    0.00    1.01    5.78    0.00    0.00    0.00   92.21
12:12:01 AM    0    0.00    0.00    0.00    0.00    4.04   23.23    0.00    0.00    0.00   72.73
12:12:01 AM    1    0.00    0.00    3.03    0.00    0.00    0.00    0.00    0.00    0.00   96.97
12:12:01 AM    2    0.00    0.00    0.00    0.00    0.00    0.00    0.00    0.00    0.00  100.00
12:12:01 AM    3    0.00    0.00    1.00    0.00    0.00    0.00    0.00    0.00    0.00   99.00

12:12:01 AM  CPU    %usr   %nice    %sys %iowait    %irq   %soft  %steal  %guest  %gnice   %idle
12:12:02 AM  all    0.00    0.00    1.51    0.00    1.01    5.79    0.00    0.00    0.00   91.69
12:12:02 AM    0    0.00    0.00    1.01    0.00    4.04   23.23    0.00    0.00    0.00   71.72
12:12:02 AM    1    0.00    0.00    3.06    0.00    0.00    0.00    0.00    0.00    0.00   96.94
12:12:02 AM    2    0.00    0.00    0.99    0.00    0.00    0.00    0.00    0.00    0.00   99.01
12:12:02 AM    3    0.00    0.00    1.01    0.00    0.00    0.00    0.00    0.00    0.00   98.99

12:12:02 AM  CPU    %usr   %nice    %sys %iowait    %irq   %soft  %steal  %guest  %gnice   %idle
12:12:03 AM  all    0.00    0.00    0.50    0.00    1.51    5.79    0.00    0.00    0.00   92.19
12:12:03 AM    0    0.00    0.00    0.00    0.00    4.04   23.23    0.00    0.00    0.00   72.73
12:12:03 AM    1    0.00    0.00    2.02    0.00    1.01    0.00    0.00    0.00    0.00   96.97
12:12:03 AM    2    0.00    0.00    0.00    0.00    0.00    0.00    0.00    0.00    0.00  100.00
12:12:03 AM    3    0.00    0.00    0.00    0.00    1.01    0.00    0.00    0.00    0.00   98.99

12:12:03 AM  CPU    %usr   %nice    %sys %iowait    %irq   %soft  %steal  %guest  %gnice   %idle
12:12:04 AM  all    0.00    0.00    1.25    0.00    0.75    6.02    0.00    0.00    0.00   91.98
12:12:04 AM    0    0.00    0.00    0.00    0.00    3.06   24.49    0.00    0.00    0.00   72.45
12:12:04 AM    1    0.00    0.00    2.02    0.00    0.00    0.00    0.00    0.00    0.00   97.98
12:12:04 AM    2    0.00    0.00    0.00    0.00    0.00    0.00    0.00    0.00    0.00  100.00
12:12:04 AM    3    0.00    0.00    2.94    0.00    0.00    0.00    0.00    0.00    0.00   97.06

12:12:04 AM  CPU    %usr   %nice    %sys %iowait    %irq   %soft  %steal  %guest  %gnice   %idle
12:12:05 AM  all    0.50    0.00    1.01    0.00    1.01    5.78    0.00    0.00    0.00   91.71
12:12:05 AM    0    0.00    0.00    0.00    0.00    4.04   23.23    0.00    0.00    0.00   72.73
12:12:05 AM    1    0.00    0.00    0.00    0.00    0.00    0.00    0.00    0.00    0.00  100.00
12:12:05 AM    2    0.99    0.00    2.97    0.00    0.00    0.00    0.00    0.00    0.00   96.04
12:12:05 AM    3    1.00    0.00    1.00    0.00    0.00    0.00    0.00    0.00    0.00   98.00

12:12:05 AM  CPU    %usr   %nice    %sys %iowait    %irq   %soft  %steal  %guest  %gnice   %idle
12:12:06 AM  all    0.00    0.00    0.76    0.00    1.01    5.82    0.00    0.00    0.00   92.41
12:12:06 AM    0    0.00    0.00    0.00    0.00    4.08   23.47    0.00    0.00    0.00   72.45
12:12:06 AM    1    0.00    0.00    1.00    0.00    0.00    0.00    0.00    0.00    0.00   99.00
12:12:06 AM    2    0.00    0.00    1.02    0.00    0.00    0.00    0.00    0.00    0.00   98.98
12:12:06 AM    3    0.00    0.00    1.01    0.00    0.00    0.00    0.00    0.00    0.00   98.99

12:12:06 AM  CPU    %usr   %nice    %sys %iowait    %irq   %soft  %steal  %guest  %gnice   %idle
12:12:07 AM  all    0.00    0.00    1.00    0.00    1.00    6.00    0.00    0.00    0.00   92.00
12:12:07 AM    0    0.00    0.00    0.00    0.00    4.04   24.24    0.00    0.00    0.00   71.72
12:12:07 AM    1    0.00    0.00    0.00    0.00    0.00    0.00    0.00    0.00    0.00  100.00
12:12:07 AM    2    0.00    0.00    2.97    0.00    0.00    0.00    0.00    0.00    0.00   97.03
12:12:07 AM    3    0.00    0.00    1.00    0.00    0.00    0.00    0.00    0.00    0.00   99.00

12:12:07 AM  CPU    %usr   %nice    %sys %iowait    %irq   %soft  %steal  %guest  %gnice   %idle
12:12:08 AM  all    0.00    0.00    1.00    0.00    1.50    5.75    0.00    0.00    0.00   91.75
12:12:08 AM    0    0.00    0.00    0.00    0.00    4.04   23.23    0.00    0.00    0.00   72.73
12:12:08 AM    1    0.00    0.00    0.99    0.00    0.00    0.00    0.00    0.00    0.00   99.01
12:12:08 AM    2    0.00    0.00    1.00    0.00    1.00    0.00    0.00    0.00    0.00   98.00
12:12:08 AM    3    0.00    0.00    2.00    0.00    1.00    0.00    0.00    0.00    0.00   97.00

12:12:08 AM  CPU    %usr   %nice    %sys %iowait    %irq   %soft  %steal  %guest  %gnice   %idle
12:12:09 AM  all    0.25    0.00    1.01    0.00    1.01    6.05    0.00    0.00    0.00   91.69
12:12:09 AM    0    0.00    0.00    1.01    0.00    4.04   24.24    0.00    0.00    0.00   70.71
12:12:09 AM    1    0.00    0.00    0.00    0.00    0.00    0.00    0.00    0.00    0.00  100.00
12:12:09 AM    2    0.00    0.00    1.01    0.00    0.00    0.00    0.00    0.00    0.00   98.99
12:12:09 AM    3    1.00    0.00    2.00    0.00    0.00    0.00    0.00    0.00    0.00   97.00

12:12:09 AM  CPU    %usr   %nice    %sys %iowait    %irq   %soft  %steal  %guest  %gnice   %idle
12:12:10 AM  all    0.00    0.00    0.76    0.00    1.26    6.05    0.00    0.00    0.00   91.94
12:12:10 AM    0    0.00    0.00    0.00    0.00    4.04   23.23    0.00    0.00    0.00   72.73
12:12:10 AM    1    0.00    0.00    0.99    0.00    0.99    0.99    0.00    0.00    0.00   97.03
12:12:10 AM    2    0.00    0.00    1.01    0.00    0.00    0.00    0.00    0.00    0.00   98.99
12:12:10 AM    3    0.00    0.00    1.02    0.00    0.00    0.00    0.00    0.00    0.00   98.98

12:12:10 AM  CPU    %usr   %nice    %sys %iowait    %irq   %soft  %steal  %guest  %gnice   %idle
12:12:11 AM  all    0.00    0.00    1.25    0.00    1.00    5.76    0.00    0.00    0.00   91.98
12:12:11 AM    0    0.00    0.00    0.00    0.00    4.04   23.23    0.00    0.00    0.00   72.73
12:12:11 AM    1    0.00    0.00    1.00    0.00    0.00    0.00    0.00    0.00    0.00   99.00
12:12:11 AM    2    0.00    0.00    1.00    0.00    0.00    0.00    0.00    0.00    0.00   99.00
12:12:11 AM    3    0.00    0.00    3.00    0.00    0.00    0.00    0.00    0.00    0.00   97.00

12:12:11 AM  CPU    %usr   %nice    %sys %iowait    %irq   %soft  %steal  %guest  %gnice   %idle
12:12:12 AM  all    0.00    0.00    1.25    0.00    1.25    6.02    0.00    0.00    0.00   91.48
12:12:12 AM    0    0.00    0.00    0.00    0.00    4.04   24.24    0.00    0.00    0.00   71.72
12:12:12 AM    1    0.00    0.00    2.00    0.00    0.00    0.00    0.00    0.00    0.00   98.00
12:12:12 AM    2    0.00    0.00    1.00    0.00    0.00    0.00    0.00    0.00    0.00   99.00
12:12:12 AM    3    0.00    0.00    2.00    0.00    1.00    0.00    0.00    0.00    0.00   97.00

12:12:12 AM  CPU    %usr   %nice    %sys %iowait    %irq   %soft  %steal  %guest  %gnice   %idle
12:12:13 AM  all    0.00    0.00    1.25    0.00    1.25    5.76    0.00    0.00    0.00   91.73
12:12:13 AM    0    0.00    0.00    0.00    0.00    4.08   23.47    0.00    0.00    0.00   72.45
12:12:13 AM    1    0.00    0.00    1.98    0.00    0.00    0.00    0.00    0.00    0.00   98.02
12:12:13 AM    2    0.00    0.00    1.00    0.00    1.00    0.00    0.00    0.00    0.00   98.00
12:12:13 AM    3    0.00    0.00    2.00    0.00    0.00    0.00    0.00    0.00    0.00   98.00

12:12:13 AM  CPU    %usr   %nice    %sys %iowait    %irq   %soft  %steal  %guest  %gnice   %idle
12:12:14 AM  all    0.00    0.00    1.50    0.00    1.00    5.76    0.00    0.00    0.00   91.73
12:12:14 AM    0    0.00    0.00    0.00    0.00    4.04   23.23    0.00    0.00    0.00   72.73
12:12:14 AM    1    0.00    0.00    2.00    0.00    0.00    0.00    0.00    0.00    0.00   98.00
12:12:14 AM    2    0.00    0.00    1.98    0.00    0.00    0.00    0.00    0.00    0.00   98.02
12:12:14 AM    3    0.00    0.00    2.02    0.00    0.00    0.00    0.00    0.00    0.00   97.98

12:12:14 AM  CPU    %usr   %nice    %sys %iowait    %irq   %soft  %steal  %guest  %gnice   %idle
12:12:15 AM  all    0.50    0.00    0.75    0.00    1.01    6.03    0.00    0.00    0.00   91.71
12:12:15 AM    0    1.01    0.00    0.00    0.00    4.04   23.23    0.00    0.00    0.00   71.72
12:12:15 AM    1    0.00    0.00    0.00    0.00    0.00    0.00    0.00    0.00    0.00  100.00
12:12:15 AM    2    0.00    0.00    1.01    0.00    0.00    0.00    0.00    0.00    0.00   98.99
12:12:15 AM    3    0.99    0.00    1.98    0.00    0.00    0.99    0.00    0.00    0.00   96.04

12:12:15 AM  CPU    %usr   %nice    %sys %iowait    %irq   %soft  %steal  %guest  %gnice   %idle
12:12:16 AM  all    0.00    0.00    1.00    0.00    1.50    6.00    0.00    0.00    0.00   91.50
12:12:16 AM    0    0.00    0.00    0.00    0.00    4.00   24.00    0.00    0.00    0.00   72.00
12:12:16 AM    1    0.00    0.00    1.00    0.00    1.00    0.00    0.00    0.00    0.00   98.00
12:12:16 AM    2    0.00    0.00    1.00    0.00    0.00    0.00    0.00    0.00    0.00   99.00
12:12:16 AM    3    0.00    0.00    2.00    0.00    1.00    0.00    0.00    0.00    0.00   97.00

12:12:16 AM  CPU    %usr   %nice    %sys %iowait    %irq   %soft  %steal  %guest  %gnice   %idle
12:12:17 AM  all    0.00    0.00    0.76    0.00    1.01    5.79    0.00    0.00    0.00   92.44
12:12:17 AM    0    0.00    0.00    0.00    0.00    4.04   23.23    0.00    0.00    0.00   72.73
12:12:17 AM    1    0.00    0.00    1.00    0.00    0.00    0.00    0.00    0.00    0.00   99.00
12:12:17 AM    2    0.00    0.00    0.00    0.00    0.00    0.00    0.00    0.00    0.00  100.00
12:12:17 AM    3    0.00    0.00    2.00    0.00    0.00    0.00    0.00    0.00    0.00   98.00

12:12:17 AM  CPU    %usr   %nice    %sys %iowait    %irq   %soft  %steal  %guest  %gnice   %idle
12:12:18 AM  all    0.25    0.00    1.01    0.00    1.01    5.78    0.00    0.00    0.00   91.96
12:12:18 AM    0    0.00    0.00    1.01    0.00    4.04   23.23    0.00    0.00    0.00   71.72
12:12:18 AM    1    0.99    0.00    1.98    0.00    0.00    0.00    0.00    0.00    0.00   97.03
12:12:18 AM    2    0.00    0.00    0.00    0.00    0.00    0.00    0.00    0.00    0.00  100.00
12:12:18 AM    3    0.00    0.00    1.01    0.00    0.00    0.00    0.00    0.00    0.00   98.99

12:12:18 AM  CPU    %usr   %nice    %sys %iowait    %irq   %soft  %steal  %guest  %gnice   %idle
12:12:19 AM  all    0.00    0.00    1.00    0.00    1.25    5.75    0.00    0.00    0.00   92.00
12:12:19 AM    0    0.00    0.00    0.00    0.00    4.04   23.23    0.00    0.00    0.00   72.73
12:12:19 AM    1    0.00    0.00    1.01    0.00    0.00    0.00    0.00    0.00    0.00   98.99
12:12:19 AM    2    0.00    0.00    1.96    0.00    0.98    0.00    0.00    0.00    0.00   97.06
12:12:19 AM    3    0.00    0.00    1.00    0.00    0.00    0.00    0.00    0.00    0.00   99.00

12:12:19 AM  CPU    %usr   %nice    %sys %iowait    %irq   %soft  %steal  %guest  %gnice   %idle
12:12:20 AM  all    0.00    0.00    1.26    0.00    1.26    6.05    0.00    0.00    0.00   91.44
12:12:20 AM    0    0.00    0.00    0.00    0.00    3.06   24.49    0.00    0.00    0.00   72.45
12:12:20 AM    1    0.00    0.00    2.02    0.00    1.01    0.00    0.00    0.00    0.00   96.97
12:12:20 AM    2    0.00    0.00    0.00    0.00    0.00    0.00    0.00    0.00    0.00  100.00
12:12:20 AM    3    0.00    0.00    3.00    0.00    1.00    0.00    0.00    0.00    0.00   96.00

12:12:20 AM  CPU    %usr   %nice    %sys %iowait    %irq   %soft  %steal  %guest  %gnice   %idle
12:12:21 AM  all    0.00    0.00    1.00    0.00    1.00    5.76    0.00    0.00    0.00   92.23
12:12:21 AM    0    0.00    0.00    0.00    0.00    4.04   23.23    0.00    0.00    0.00   72.73
12:12:21 AM    1    0.00    0.00    2.97    0.00    0.00    0.00    0.00    0.00    0.00   97.03
12:12:21 AM    2    0.00    0.00    0.00    0.00    0.00    0.00    0.00    0.00    0.00  100.00
12:12:21 AM    3    0.00    0.00    1.01    0.00    0.00    0.00    0.00    0.00    0.00   98.99

12:12:21 AM  CPU    %usr   %nice    %sys %iowait    %irq   %soft  %steal  %guest  %gnice   %idle
12:12:22 AM  all    0.50    0.00    1.51    0.00    1.01    5.78    0.00    0.00    0.00   91.21
12:12:22 AM    0    0.00    0.00    1.01    0.00    4.04   23.23    0.00    0.00    0.00   71.72
12:12:22 AM    1    1.01    0.00    2.02    0.00    0.00    0.00    0.00    0.00    0.00   96.97
12:12:22 AM    2    1.00    0.00    0.00    0.00    0.00    0.00    0.00    0.00    0.00   99.00
12:12:22 AM    3    0.00    0.00    3.00    0.00    0.00    0.00    0.00    0.00    0.00   97.00

12:12:22 AM  CPU    %usr   %nice    %sys %iowait    %irq   %soft  %steal  %guest  %gnice   %idle
12:12:23 AM  all    0.00    0.00    0.76    0.00    1.01    6.06    0.00    0.00    0.00   92.17
12:12:23 AM    0    0.00    0.00    0.00    0.00    4.04   24.24    0.00    0.00    0.00   71.72
12:12:23 AM    1    0.00    0.00    0.00    0.00    0.00    0.00    0.00    0.00    0.00  100.00
12:12:23 AM    2    0.00    0.00    1.00    0.00    0.00    0.00    0.00    0.00    0.00   99.00
12:12:23 AM    3    0.00    0.00    2.02    0.00    0.00    0.00    0.00    0.00    0.00   97.98

12:12:23 AM  CPU    %usr   %nice    %sys %iowait    %irq   %soft  %steal  %guest  %gnice   %idle
12:12:24 AM  all    0.00    0.00    1.00    0.00    1.25    5.76    0.00    0.00    0.00   91.98
12:12:24 AM    0    0.00    0.00    0.00    0.00    4.04   23.23    0.00    0.00    0.00   72.73
12:12:24 AM    1    0.00    0.00    1.00    0.00    0.00    0.00    0.00    0.00    0.00   99.00
12:12:24 AM    2    0.00    0.00    1.00    0.00    0.00    0.00    0.00    0.00    0.00   99.00
12:12:24 AM    3    0.00    0.00    2.00    0.00    1.00    0.00    0.00    0.00    0.00   97.00

12:12:24 AM  CPU    %usr   %nice    %sys %iowait    %irq   %soft  %steal  %guest  %gnice   %idle
12:12:25 AM  all    0.00    0.00    0.75    0.25    1.25    5.76    0.00    0.00    0.00   91.98
12:12:25 AM    0    0.00    0.00    0.00    0.00    4.04   23.23    0.00    0.00    0.00   72.73
12:12:25 AM    1    0.00    0.00    1.96    0.00    0.98    0.00    0.00    0.00    0.00   97.06
12:12:25 AM    2    0.00    0.00    1.00    0.00    0.00    0.00    0.00    0.00    0.00   99.00
12:12:25 AM    3    0.00    0.00    0.00    1.02    0.00    0.00    0.00    0.00    0.00   98.98

12:12:25 AM  CPU    %usr   %nice    %sys %iowait    %irq   %soft  %steal  %guest  %gnice   %idle
12:12:26 AM  all    0.00    0.00    1.01    0.00    1.01    5.79    0.00    0.00    0.00   92.19
12:12:26 AM    0    0.00    0.00    0.00    0.00    4.04   23.23    0.00    0.00    0.00   72.73
12:12:26 AM    1    0.00    0.00    1.01    0.00    0.00    0.00    0.00    0.00    0.00   98.99
12:12:26 AM    2    0.00    0.00    1.01    0.00    0.00    0.00    0.00    0.00    0.00   98.99
12:12:26 AM    3    0.00    0.00    2.00    0.00    0.00    0.00    0.00    0.00    0.00   98.00

12:12:26 AM  CPU    %usr   %nice    %sys %iowait    %irq   %soft  %steal  %guest  %gnice   %idle
12:12:27 AM  all    0.00    0.00    1.00    0.00    1.00    6.02    0.00    0.00    0.00   91.98
12:12:27 AM    0    0.00    0.00    0.00    0.00    4.00   24.00    0.00    0.00    0.00   72.00
12:12:27 AM    1    0.00    0.00    1.00    0.00    0.00    0.00    0.00    0.00    0.00   99.00
12:12:27 AM    2    0.00    0.00    1.00    0.00    0.00    0.00    0.00    0.00    0.00   99.00
12:12:27 AM    3    0.00    0.00    2.02    0.00    0.00    0.00    0.00    0.00    0.00   97.98

12:12:27 AM  CPU    %usr   %nice    %sys %iowait    %irq   %soft  %steal  %guest  %gnice   %idle
12:12:28 AM  all    0.00    0.00    1.00    0.00    1.50    5.75    0.00    0.00    0.00   91.75
12:12:28 AM    0    0.00    0.00    0.00    0.00    4.04   23.23    0.00    0.00    0.00   72.73
12:12:28 AM    1    0.00    0.00    1.01    0.00    0.00    0.00    0.00    0.00    0.00   98.99
12:12:28 AM    2    0.00    0.00    1.96    0.00    0.98    0.00    0.00    0.00    0.00   97.06
12:12:28 AM    3    0.00    0.00    1.00    0.00    1.00    0.00    0.00    0.00    0.00   98.00

12:12:28 AM  CPU    %usr   %nice    %sys %iowait    %irq   %soft  %steal  %guest  %gnice   %idle
12:12:29 AM  all    0.00    0.00    0.76    0.00    1.01    5.82    0.00    0.00    0.00   92.41
12:12:29 AM    0    0.00    0.00    0.00    0.00    4.08   23.47    0.00    0.00    0.00   72.45
12:12:29 AM    1    0.00    0.00    1.00    0.00    0.00    0.00    0.00    0.00    0.00   99.00
12:12:29 AM    2    0.00    0.00    0.00    0.00    0.00    0.00    0.00    0.00    0.00  100.00
12:12:29 AM    3    0.00    0.00    2.02    0.00    0.00    0.00    0.00    0.00    0.00   97.98

12:12:29 AM  CPU    %usr   %nice    %sys %iowait    %irq   %soft  %steal  %guest  %gnice   %idle
12:12:30 AM  all    0.25    0.00    1.01    0.00    1.01    5.78    0.00    0.00    0.00   91.96
12:12:30 AM    0    0.00    0.00    0.00    0.00    4.04   23.23    0.00    0.00    0.00   72.73
12:12:30 AM    1    1.00    0.00    1.00    0.00    0.00    0.00    0.00    0.00    0.00   98.00
12:12:30 AM    2    0.00    0.00    1.00    0.00    0.00    0.00    0.00    0.00    0.00   99.00
12:12:30 AM    3    0.00    0.00    2.02    0.00    0.00    0.00    0.00    0.00    0.00   97.98

12:12:30 AM  CPU    %usr   %nice    %sys %iowait    %irq   %soft  %steal  %guest  %gnice   %idle
12:12:31 AM  all    0.50    0.00    1.00    0.00    1.50    6.00    0.00    0.00    0.00   91.00
12:12:31 AM    0    0.00    0.00    0.00    0.00    4.04   24.24    0.00    0.00    0.00   71.72
12:12:31 AM    1    1.00    0.00    0.00    0.00    1.00    0.00    0.00    0.00    0.00   98.00
12:12:31 AM    2    1.00    0.00    1.00    0.00    0.00    0.00    0.00    0.00    0.00   98.00
12:12:31 AM    3    0.00    0.00    2.97    0.00    0.99    0.00    0.00    0.00    0.00   96.04

12:12:31 AM  CPU    %usr   %nice    %sys %iowait    %irq   %soft  %steal  %guest  %gnice   %idle
12:12:32 AM  all    0.00    0.00    0.50    0.00    1.01    5.79    0.00    0.00    0.00   92.70
12:12:32 AM    0    0.00    0.00    0.00    0.00    4.04   23.23    0.00    0.00    0.00   72.73
12:12:32 AM    1    0.00    0.00    1.00    0.00    0.00    0.00    0.00    0.00    0.00   99.00
12:12:32 AM    2    0.00    0.00    0.00    0.00    0.00    0.00    0.00    0.00    0.00  100.00
12:12:32 AM    3    0.00    0.00    1.01    0.00    0.00    0.00    0.00    0.00    0.00   98.99

12:12:32 AM  CPU    %usr   %nice    %sys %iowait    %irq   %soft  %steal  %guest  %gnice   %idle
12:12:33 AM  all    0.00    0.00    0.51    0.00    1.26    5.81    0.00    0.00    0.00   92.42
12:12:33 AM    0    0.00    0.00    0.00    0.00    4.04   23.23    0.00    0.00    0.00   72.73
12:12:33 AM    1    0.00    0.00    0.00    0.00    0.00    0.00    0.00    0.00    0.00  100.00
12:12:33 AM    2    0.00    0.00    0.99    0.00    0.99    0.00    0.00    0.00    0.00   98.02
12:12:33 AM    3    0.00    0.00    1.02    0.00    0.00    0.00    0.00    0.00    0.00   98.98

12:12:33 AM  CPU    %usr   %nice    %sys %iowait    %irq   %soft  %steal  %guest  %gnice   %idle
12:12:34 AM  all    0.25    0.00    1.26    0.00    0.75    5.78    0.00    0.00    0.00   91.96
12:12:34 AM    0    0.00    0.00    1.01    0.00    3.03   23.23    0.00    0.00    0.00   72.73
12:12:34 AM    1    0.00    0.00    1.98    0.00    0.00    0.00    0.00    0.00    0.00   98.02
12:12:34 AM    2    0.00    0.00    0.00    0.00    0.00    0.00    0.00    0.00    0.00  100.00
12:12:34 AM    3    1.00    0.00    2.00    0.00    0.00    0.00    0.00    0.00    0.00   97.00

12:12:34 AM  CPU    %usr   %nice    %sys %iowait    %irq   %soft  %steal  %guest  %gnice   %idle
12:12:35 AM  all    0.00    0.00    0.76    0.00    1.26    6.30    0.00    0.00    0.00   91.69
12:12:35 AM    0    0.00    0.00    0.00    0.00    4.04   24.24    0.00    0.00    0.00   71.72
12:12:35 AM    1    0.00    0.00    0.00    0.00    0.00    1.01    0.00    0.00    0.00   98.99
12:12:35 AM    2    0.00    0.00    1.01    0.00    0.00    0.00    0.00    0.00    0.00   98.99
12:12:35 AM    3    0.00    0.00    2.00    0.00    1.00    0.00    0.00    0.00    0.00   97.00

12:12:35 AM  CPU    %usr   %nice    %sys %iowait    %irq   %soft  %steal  %guest  %gnice   %idle
12:12:36 AM  all    0.00    0.00    0.75    0.00    1.25    5.76    0.00    0.00    0.00   92.23
12:12:36 AM    0    0.00    0.00    0.00    0.00    4.04   23.23    0.00    0.00    0.00   72.73
12:12:36 AM    1    0.00    0.00    0.99    0.00    0.99    0.00    0.00    0.00    0.00   98.02
12:12:36 AM    2    0.00    0.00    0.00    0.00    0.00    0.00    0.00    0.00    0.00  100.00
12:12:36 AM    3    0.00    0.00    2.00    0.00    0.00    0.00    0.00    0.00    0.00   98.00

12:12:36 AM  CPU    %usr   %nice    %sys %iowait    %irq   %soft  %steal  %guest  %gnice   %idle
12:12:37 AM  all    0.00    0.00    0.76    0.00    1.01    5.79    0.00    0.00    0.00   92.44
12:12:37 AM    0    0.00    0.00    0.00    0.00    4.04   23.23    0.00    0.00    0.00   72.73
12:12:37 AM    1    0.00    0.00    0.00    0.00    0.00    0.00    0.00    0.00    0.00  100.00
12:12:37 AM    2    0.00    0.00    2.00    0.00    0.00    0.00    0.00    0.00    0.00   98.00
12:12:37 AM    3    0.00    0.00    1.00    0.00    0.00    0.00    0.00    0.00    0.00   99.00

12:12:37 AM  CPU    %usr   %nice    %sys %iowait    %irq   %soft  %steal  %guest  %gnice   %idle
12:12:38 AM  all    0.00    0.00    0.76    0.00    1.26    5.81    0.00    0.00    0.00   92.17
12:12:38 AM    0    0.00    0.00    0.00    0.00    4.08   23.47    0.00    0.00    0.00   72.45
12:12:38 AM    1    0.00    0.00    0.00    0.00    0.00    0.00    0.00    0.00    0.00  100.00
12:12:38 AM    2    0.00    0.00    2.00    0.00    1.00    0.00    0.00    0.00    0.00   97.00
12:12:38 AM    3    0.00    0.00    1.01    0.00    0.00    0.00    0.00    0.00    0.00   98.99

12:12:38 AM  CPU    %usr   %nice    %sys %iowait    %irq   %soft  %steal  %guest  %gnice   %idle
12:12:39 AM  all    0.00    0.00    0.75    0.00    1.01    6.03    0.00    0.00    0.00   92.21
12:12:39 AM    0    0.00    0.00    0.00    0.00    4.00   24.00    0.00    0.00    0.00   72.00
12:12:39 AM    1    0.00    0.00    1.01    0.00    0.00    0.00    0.00    0.00    0.00   98.99
12:12:39 AM    2    0.00    0.00    1.01    0.00    0.00    0.00    0.00    0.00    0.00   98.99
12:12:39 AM    3    0.00    0.00    1.00    0.00    0.00    0.00    0.00    0.00    0.00   99.00

12:12:39 AM  CPU    %usr   %nice    %sys %iowait    %irq   %soft  %steal  %guest  %gnice   %idle
12:12:40 AM  all    0.00    0.00    0.75    0.00    1.26    5.78    0.00    0.00    0.00   92.21
12:12:40 AM    0    0.00    0.00    0.00    0.00    4.04   23.23    0.00    0.00    0.00   72.73
12:12:40 AM    1    0.00    0.00    0.00    0.00    0.00    0.00    0.00    0.00    0.00  100.00
12:12:40 AM    2    0.00    0.00    3.00    0.00    0.00    0.00    0.00    0.00    0.00   97.00
12:12:40 AM    3    0.00    0.00    0.00    0.00    1.00    0.00    0.00    0.00    0.00   99.00

12:12:40 AM  CPU    %usr   %nice    %sys %iowait    %irq   %soft  %steal  %guest  %gnice   %idle
12:12:41 AM  all    0.00    0.00    1.00    0.00    1.00    6.27    0.00    0.00    0.00   91.73
12:12:41 AM    0    0.00    0.00    0.00    0.00    4.04   23.23    0.00    0.00    0.00   72.73
12:12:41 AM    1    0.00    0.00    1.01    0.00    0.00    0.00    0.00    0.00    0.00   98.99
12:12:41 AM    2    0.00    0.00    1.00    0.00    0.00    1.00    0.00    0.00    0.00   98.00
12:12:41 AM    3    0.00    0.00    1.98    0.00    0.00    0.99    0.00    0.00    0.00   97.03

12:12:41 AM  CPU    %usr   %nice    %sys %iowait    %irq   %soft  %steal  %guest  %gnice   %idle
12:12:42 AM  all    0.00    0.00    1.75    0.00    1.50    5.74    0.00    0.00    0.00   91.02
12:12:42 AM    0    0.00    0.00    0.00    0.00    4.08   23.47    0.00    0.00    0.00   72.45
12:12:42 AM    1    0.00    0.00    1.96    0.00    0.98    0.00    0.00    0.00    0.00   97.06
12:12:42 AM    2    0.00    0.00    3.96    0.00    0.99    0.00    0.00    0.00    0.00   95.05
12:12:42 AM    3    0.00    0.00    1.00    0.00    0.00    0.00    0.00    0.00    0.00   99.00

12:12:42 AM  CPU    %usr   %nice    %sys %iowait    %irq   %soft  %steal  %guest  %gnice   %idle
12:12:43 AM  all    0.25    0.00    0.25    0.00    1.01    6.06    0.00    0.00    0.00   92.42
12:12:43 AM    0    0.00    0.00    0.00    0.00    4.00   24.00    0.00    0.00    0.00   72.00
12:12:43 AM    1    1.01    0.00    0.00    0.00    0.00    0.00    0.00    0.00    0.00   98.99
12:12:43 AM    2    0.00    0.00    1.01    0.00    0.00    0.00    0.00    0.00    0.00   98.99
12:12:43 AM    3    0.00    0.00    0.00    0.00    0.00    0.00    0.00    0.00    0.00  100.00

12:12:43 AM  CPU    %usr   %nice    %sys %iowait    %irq   %soft  %steal  %guest  %gnice   %idle
12:12:44 AM  all    0.00    0.00    1.01    0.00    1.01    5.78    0.00    0.00    0.00   92.21
12:12:44 AM    0    0.00    0.00    0.00    0.00    4.04   23.23    0.00    0.00    0.00   72.73
12:12:44 AM    1    0.00    0.00    1.98    0.00    0.00    0.00    0.00    0.00    0.00   98.02
12:12:44 AM    2    0.00    0.00    2.02    0.00    0.00    0.00    0.00    0.00    0.00   97.98
12:12:44 AM    3    0.00    0.00    0.00    0.00    0.00    0.00    0.00    0.00    0.00  100.00

12:12:44 AM  CPU    %usr   %nice    %sys %iowait    %irq   %soft  %steal  %guest  %gnice   %idle
12:12:45 AM  all    0.00    0.00    0.76    0.00    1.26    5.79    0.00    0.00    0.00   92.19
12:12:45 AM    0    0.00    0.00    0.00    0.00    4.04   23.23    0.00    0.00    0.00   72.73
12:12:45 AM    1    0.00    0.00    0.00    0.00    0.00    0.00    0.00    0.00    0.00  100.00
12:12:45 AM    2    0.00    0.00    2.97    0.00    0.99    0.00    0.00    0.00    0.00   96.04
12:12:45 AM    3    0.00    0.00    0.00    0.00    0.00    0.00    0.00    0.00    0.00  100.00

12:12:45 AM  CPU    %usr   %nice    %sys %iowait    %irq   %soft  %steal  %guest  %gnice   %idle
12:12:46 AM  all    0.00    0.00    1.00    0.00    1.25    5.76    0.00    0.00    0.00   91.98
12:12:46 AM    0    0.00    0.00    0.00    0.00    4.04   23.23    0.00    0.00    0.00   72.73
12:12:46 AM    1    0.00    0.00    1.00    0.00    0.00    0.00    0.00    0.00    0.00   99.00
12:12:46 AM    2    0.00    0.00    1.01    0.00    0.00    0.00    0.00    0.00    0.00   98.99
12:12:46 AM    3    0.00    0.00    1.98    0.00    0.99    0.00    0.00    0.00    0.00   97.03

12:12:46 AM  CPU    %usr   %nice    %sys %iowait    %irq   %soft  %steal  %guest  %gnice   %idle
12:12:47 AM  all    0.00    0.00    1.26    0.00    0.76    5.79    0.00    0.00    0.00   92.19
12:12:47 AM    0    0.00    0.00    1.02    0.00    3.06   23.47    0.00    0.00    0.00   72.45
12:12:47 AM    1    0.00    0.00    0.00    0.00    0.00    0.00    0.00    0.00    0.00  100.00
12:12:47 AM    2    0.00    0.00    3.96    0.00    0.00    0.00    0.00    0.00    0.00   96.04
12:12:47 AM    3    0.00    0.00    0.00    0.00    0.00    0.00    0.00    0.00    0.00  100.00

12:12:47 AM  CPU    %usr   %nice    %sys %iowait    %irq   %soft  %steal  %guest  %gnice   %idle
12:12:48 AM  all    0.00    0.00    1.00    0.00    1.25    6.02    0.00    0.00    0.00   91.73
12:12:48 AM    0    0.00    0.00    0.00    0.00    4.00   24.00    0.00    0.00    0.00   72.00
12:12:48 AM    1    0.00    0.00    1.00    0.00    1.00    0.00    0.00    0.00    0.00   98.00
12:12:48 AM    2    0.00    0.00    1.01    0.00    0.00    0.00    0.00    0.00    0.00   98.99
12:12:48 AM    3    0.00    0.00    2.00    0.00    0.00    0.00    0.00    0.00    0.00   98.00

12:12:48 AM  CPU    %usr   %nice    %sys %iowait    %irq   %soft  %steal  %guest  %gnice   %idle
12:12:49 AM  all    0.25    0.00    0.76    0.00    1.26    5.81    0.00    0.00    0.00   91.92
12:12:49 AM    0    0.00    0.00    1.01    0.00    4.04   23.23    0.00    0.00    0.00   71.72
12:12:49 AM    1    0.00    0.00    0.00    0.00    0.00    0.00    0.00    0.00    0.00  100.00
12:12:49 AM    2    0.00    0.00    2.02    0.00    1.01    0.00    0.00    0.00    0.00   96.97
12:12:49 AM    3    1.01    0.00    0.00    0.00    0.00    0.00    0.00    0.00    0.00   98.99

12:12:49 AM  CPU    %usr   %nice    %sys %iowait    %irq   %soft  %steal  %guest  %gnice   %idle
12:12:50 AM  all    0.00    0.00    1.01    0.00    1.01    5.78    0.00    0.00    0.00   92.21
12:12:50 AM    0    0.00    0.00    0.00    0.00    4.04   23.23    0.00    0.00    0.00   72.73
12:12:50 AM    1    0.00    0.00    1.98    0.00    0.00    0.00    0.00    0.00    0.00   98.02
12:12:50 AM    2    0.00    0.00    2.02    0.00    0.00    0.00    0.00    0.00    0.00   97.98
12:12:50 AM    3    0.00    0.00    0.00    0.00    0.00    0.00    0.00    0.00    0.00  100.00

12:12:50 AM  CPU    %usr   %nice    %sys %iowait    %irq   %soft  %steal  %guest  %gnice   %idle
12:12:51 AM  all    0.00    0.00    0.51    0.00    1.01    5.81    0.00    0.00    0.00   92.68
12:12:51 AM    0    0.00    0.00    0.00    0.00    4.04   23.23    0.00    0.00    0.00   72.73
12:12:51 AM    1    0.00    0.00    0.00    0.00    0.00    0.00    0.00    0.00    0.00  100.00
12:12:51 AM    2    0.00    0.00    1.01    0.00    0.00    0.00    0.00    0.00    0.00   98.99
12:12:51 AM    3    0.00    0.00    1.00    0.00    0.00    0.00    0.00    0.00    0.00   99.00

12:12:51 AM  CPU    %usr   %nice    %sys %iowait    %irq   %soft  %steal  %guest  %gnice   %idle
12:12:52 AM  all    0.00    0.00    0.75    0.00    1.50    6.00    0.00    0.00    0.00   91.75
12:12:52 AM    0    0.00    0.00    0.00    0.00    4.00   24.00    0.00    0.00    0.00   72.00
12:12:52 AM    1    0.00    0.00    0.00    0.00    0.00    0.00    0.00    0.00    0.00  100.00
12:12:52 AM    2    0.00    0.00    2.00    0.00    1.00    0.00    0.00    0.00    0.00   97.00
12:12:52 AM    3    0.00    0.00    0.99    0.00    0.99    0.00    0.00    0.00    0.00   98.02

12:12:52 AM  CPU    %usr   %nice    %sys %iowait    %irq   %soft  %steal  %guest  %gnice   %idle
12:12:53 AM  all    0.00    0.00    1.26    0.00    1.01    5.79    0.00    0.00    0.00   91.94
12:12:53 AM    0    0.00    0.00    0.00    0.00    4.08   23.47    0.00    0.00    0.00   72.45
12:12:53 AM    1    0.00    0.00    0.00    0.00    0.00    0.00    0.00    0.00    0.00  100.00
12:12:53 AM    2    0.00    0.00    2.97    0.00    0.00    0.00    0.00    0.00    0.00   97.03
12:12:53 AM    3    0.00    0.00    2.00    0.00    0.00    0.00    0.00    0.00    0.00   98.00

12:12:53 AM  CPU    %usr   %nice    %sys %iowait    %irq   %soft  %steal  %guest  %gnice   %idle
12:12:54 AM  all    0.00    0.00    1.25    0.00    1.25    5.75    0.00    0.00    0.00   91.75
12:12:54 AM    0    0.00    0.00    0.00    0.00    4.04   23.23    0.00    0.00    0.00   72.73
12:12:54 AM    1    0.00    0.00    1.96    0.00    0.98    0.00    0.00    0.00    0.00   97.06
12:12:54 AM    2    0.00    0.00    2.02    0.00    0.00    0.00    0.00    0.00    0.00   97.98
12:12:54 AM    3    0.00    0.00    1.00    0.00    0.00    0.00    0.00    0.00    0.00   99.00

12:12:54 AM  CPU    %usr   %nice    %sys %iowait    %irq   %soft  %steal  %guest  %gnice   %idle
12:12:55 AM  all    0.25    0.00    0.51    0.00    1.01    5.82    0.00    0.00    0.00   92.41
12:12:55 AM    0    0.00    0.00    0.00    0.00    4.04   23.23    0.00    0.00    0.00   72.73
12:12:55 AM    1    0.00    0.00    0.00    0.00    0.00    0.00    0.00    0.00    0.00  100.00
12:12:55 AM    2    1.01    0.00    1.01    0.00    0.00    0.00    0.00    0.00    0.00   97.98
12:12:55 AM    3    0.00    0.00    1.01    0.00    0.00    0.00    0.00    0.00    0.00   98.99

12:12:55 AM  CPU    %usr   %nice    %sys %iowait    %irq   %soft  %steal  %guest  %gnice   %idle
12:12:56 AM  all    0.00    0.00    1.25    0.00    1.25    6.00    0.00    0.00    0.00   91.50
12:12:56 AM    0    0.00    0.00    0.00    0.00    4.00   24.00    0.00    0.00    0.00   72.00
12:12:56 AM    1    0.00    0.00    1.01    0.00    0.00    0.00    0.00    0.00    0.00   98.99
12:12:56 AM    2    0.00    0.00    2.00    0.00    1.00    0.00    0.00    0.00    0.00   97.00
12:12:56 AM    3    0.00    0.00    1.98    0.00    0.00    0.00    0.00    0.00    0.00   98.02

12:12:56 AM  CPU    %usr   %nice    %sys %iowait    %irq   %soft  %steal  %guest  %gnice   %idle
12:12:57 AM  all    0.25    0.00    1.00    0.00    1.25    5.76    0.00    0.00    0.00   91.73
12:12:57 AM    0    0.00    0.00    0.00    0.00    4.08   23.47    0.00    0.00    0.00   72.45
12:12:57 AM    1    0.99    0.00    0.99    0.00    0.00    0.00    0.00    0.00    0.00   98.02
12:12:57 AM    2    0.00    0.00    2.00    0.00    0.00    0.00    0.00    0.00    0.00   98.00
12:12:57 AM    3    0.00    0.00    1.00    0.00    1.00    0.00    0.00    0.00    0.00   98.00

12:12:57 AM  CPU    %usr   %nice    %sys %iowait    %irq   %soft  %steal  %guest  %gnice   %idle
12:12:58 AM  all    0.00    0.00    0.51    0.00    1.01    5.82    0.00    0.00    0.00   92.66
12:12:58 AM    0    0.00    0.00    0.00    0.00    4.04   23.23    0.00    0.00    0.00   72.73
12:12:58 AM    1    0.00    0.00    1.01    0.00    0.00    0.00    0.00    0.00    0.00   98.99
12:12:58 AM    2    0.00    0.00    0.00    0.00    0.00    0.00    0.00    0.00    0.00  100.00
12:12:58 AM    3    0.00    0.00    1.00    0.00    0.00    0.00    0.00    0.00    0.00   99.00

12:12:58 AM  CPU    %usr   %nice    %sys %iowait    %irq   %soft  %steal  %guest  %gnice   %idle
12:12:59 AM  all    0.00    0.00    1.50    0.00    1.00    5.75    0.00    0.00    0.00   91.75
12:12:59 AM    0    0.00    0.00    0.00    0.00    4.04   23.23    0.00    0.00    0.00   72.73
12:12:59 AM    1    0.00    0.00    1.00    0.00    0.00    0.00    0.00    0.00    0.00   99.00
12:12:59 AM    2    0.00    0.00    2.97    0.00    0.00    0.00    0.00    0.00    0.00   97.03
12:12:59 AM    3    0.00    0.00    2.00    0.00    0.00    0.00    0.00    0.00    0.00   98.00

12:12:59 AM  CPU    %usr   %nice    %sys %iowait    %irq   %soft  %steal  %guest  %gnice   %idle
12:13:00 AM  all    0.00    0.00    0.25    0.00    1.51    5.79    0.00    0.00    0.00   92.44
12:13:00 AM    0    0.00    0.00    0.00    0.00    4.04   23.23    0.00    0.00    0.00   72.73
12:13:00 AM    1    0.00    0.00    0.00    0.00    1.00    0.00    0.00    0.00    0.00   99.00
12:13:00 AM    2    0.00    0.00    1.02    0.00    1.02    0.00    0.00    0.00    0.00   97.96
12:13:00 AM    3    0.00    0.00    0.00    0.00    0.00    0.00    0.00    0.00    0.00  100.00

12:13:00 AM  CPU    %usr   %nice    %sys %iowait    %irq   %soft  %steal  %guest  %gnice   %idle
12:13:01 AM  all    0.00    0.00    0.76    0.00    1.01    6.05    0.00    0.00    0.00   92.19
12:13:01 AM    0    0.00    0.00    0.00    0.00    4.00   24.00    0.00    0.00    0.00   72.00
12:13:01 AM    1    0.00    0.00    0.00    0.00    0.00    0.00    0.00    0.00    0.00  100.00
12:13:01 AM    2    0.00    0.00    3.03    0.00    0.00    0.00    0.00    0.00    0.00   96.97
12:13:01 AM    3    0.00    0.00    0.00    0.00    0.00    0.00    0.00    0.00    0.00  100.00

12:13:01 AM  CPU    %usr   %nice    %sys %iowait    %irq   %soft  %steal  %guest  %gnice   %idle
12:13:02 AM  all    0.00    0.00    1.50    0.00    0.75    5.76    0.00    0.00    0.00   91.98
12:13:02 AM    0    0.00    0.00    0.00    0.00    3.06   23.47    0.00    0.00    0.00   73.47
12:13:02 AM    1    0.00    0.00    1.98    0.00    0.00    0.00    0.00    0.00    0.00   98.02
12:13:02 AM    2    0.00    0.00    4.00    0.00    0.00    0.00    0.00    0.00    0.00   96.00
12:13:02 AM    3    0.00    0.00    0.00    0.00    0.00    0.00    0.00    0.00    0.00  100.00

12:13:02 AM  CPU    %usr   %nice    %sys %iowait    %irq   %soft  %steal  %guest  %gnice   %idle
12:13:03 AM  all    0.00    0.00    0.76    0.00    1.26    5.79    0.00    0.00    0.00   92.19
12:13:03 AM    0    0.00    0.00    0.00    0.00    4.04   23.23    0.00    0.00    0.00   72.73
12:13:03 AM    1    0.00    0.00    0.00    0.00    0.00    0.00    0.00    0.00    0.00  100.00
12:13:03 AM    2    0.00    0.00    3.00    0.00    1.00    0.00    0.00    0.00    0.00   96.00
12:13:03 AM    3    0.00    0.00    0.00    0.00    0.00    0.00    0.00    0.00    0.00  100.00

12:13:03 AM  CPU    %usr   %nice    %sys %iowait    %irq   %soft  %steal  %guest  %gnice   %idle
12:13:04 AM  all    0.00    0.00    1.01    0.00    1.01    5.79    0.00    0.00    0.00   92.19
12:13:04 AM    0    0.00    0.00    0.00    0.00    4.08   23.47    0.00    0.00    0.00   72.45
12:13:04 AM    1    0.00    0.00    1.98    0.00    0.00    0.00    0.00    0.00    0.00   98.02
12:13:04 AM    2    0.00    0.00    2.04    0.00    0.00    0.00    0.00    0.00    0.00   97.96
12:13:04 AM    3    0.00    0.00    0.00    0.00    0.00    0.00    0.00    0.00    0.00  100.00

12:13:04 AM  CPU    %usr   %nice    %sys %iowait    %irq   %soft  %steal  %guest  %gnice   %idle
12:13:05 AM  all    0.25    0.00    1.75    0.00    1.25    5.99    0.00    0.00    0.00   90.77
12:13:05 AM    0    0.00    0.00    1.00    0.00    4.00   24.00    0.00    0.00    0.00   71.00
12:13:05 AM    1    0.00    0.00    2.00    0.00    0.00    0.00    0.00    0.00    0.00   98.00
12:13:05 AM    2    0.99    0.00    2.97    0.00    0.99    0.00    0.00    0.00    0.00   95.05
12:13:05 AM    3    0.00    0.00    1.00    0.00    0.00    0.00    0.00    0.00    0.00   99.00

12:13:05 AM  CPU    %usr   %nice    %sys %iowait    %irq   %soft  %steal  %guest  %gnice   %idle
12:13:06 AM  all    0.00    0.00    0.50    0.00    1.26    5.79    0.00    0.00    0.00   92.44
12:13:06 AM    0    0.00    0.00    0.00    0.00    4.08   23.47    0.00    0.00    0.00   72.45
12:13:06 AM    1    0.00    0.00    0.00    0.00    1.00    0.00    0.00    0.00    0.00   99.00
12:13:06 AM    2    0.00    0.00    2.00    0.00    0.00    0.00    0.00    0.00    0.00   98.00
12:13:06 AM    3    0.00    0.00    0.00    0.00    0.00    0.00    0.00    0.00    0.00  100.00

12:13:06 AM  CPU    %usr   %nice    %sys %iowait    %irq   %soft  %steal  %guest  %gnice   %idle
12:13:07 AM  all    0.00    0.00    0.76    0.00    1.01    6.05    0.00    0.00    0.00   92.19
12:13:07 AM    0    0.00    0.00    0.00    0.00    4.04   23.23    0.00    0.00    0.00   72.73
12:13:07 AM    1    0.00    0.00    1.00    0.00    0.00    1.00    0.00    0.00    0.00   98.00
12:13:07 AM    2    0.00    0.00    2.04    0.00    0.00    0.00    0.00    0.00    0.00   97.96
12:13:07 AM    3    0.00    0.00    0.00    0.00    0.00    0.00    0.00    0.00    0.00  100.00

12:13:07 AM  CPU    %usr   %nice    %sys %iowait    %irq   %soft  %steal  %guest  %gnice   %idle
12:13:08 AM  all    0.00    0.00    1.25    0.00    1.00    5.76    0.00    0.00    0.00   91.98
12:13:08 AM    0    0.00    0.00    0.00    0.00    4.04   23.23    0.00    0.00    0.00   72.73
12:13:08 AM    1    0.00    0.00    1.00    0.00    0.00    0.00    0.00    0.00    0.00   99.00
12:13:08 AM    2    0.00    0.00    4.00    0.00    0.00    0.00    0.00    0.00    0.00   96.00
12:13:08 AM    3    0.00    0.00    0.00    0.00    0.00    0.00    0.00    0.00    0.00  100.00

12:13:08 AM  CPU    %usr   %nice    %sys %iowait    %irq   %soft  %steal  %guest  %gnice   %idle
12:13:09 AM  all    0.50    0.00    1.25    0.00    1.25    5.75    0.00    0.00    0.00   91.25
12:13:09 AM    0    0.00    0.00    0.00    0.00    4.04   23.23    0.00    0.00    0.00   72.73
12:13:09 AM    1    0.00    0.00    0.00    0.00    0.00    0.00    0.00    0.00    0.00  100.00
12:13:09 AM    2    0.99    0.00    2.97    0.00    0.99    0.00    0.00    0.00    0.00   95.05
12:13:09 AM    3    0.98    0.00    1.96    0.00    0.00    0.00    0.00    0.00    0.00   97.06

12:13:09 AM  CPU    %usr   %nice    %sys %iowait    %irq   %soft  %steal  %guest  %gnice   %idle
12:13:10 AM  all    0.00    0.00    1.26    0.00    1.01    6.03    0.00    0.00    0.00   91.71
12:13:10 AM    0    0.00    0.00    0.00    0.00    4.04   24.24    0.00    0.00    0.00   71.72
12:13:10 AM    1    0.00    0.00    1.00    0.00    0.00    0.00    0.00    0.00    0.00   99.00
12:13:10 AM    2    0.00    0.00    3.00    0.00    0.00    0.00    0.00    0.00    0.00   97.00
12:13:10 AM    3    0.00    0.00    1.01    0.00    0.00    0.00    0.00    0.00    0.00   98.99

12:13:10 AM  CPU    %usr   %nice    %sys %iowait    %irq   %soft  %steal  %guest  %gnice   %idle
12:13:11 AM  all    0.00    0.00    0.75    0.00    1.50    6.00    0.00    0.00    0.00   91.75
12:13:11 AM    0    0.00    0.00    0.00    0.00    4.04   23.23    0.00    0.00    0.00   72.73
12:13:11 AM    1    0.00    0.00    1.00    0.00    1.00    0.00    0.00    0.00    0.00   98.00
12:13:11 AM    2    0.00    0.00    1.98    0.00    0.00    0.99    0.00    0.00    0.00   97.03
12:13:11 AM    3    0.00    0.00    0.00    0.00    1.00    0.00    0.00    0.00    0.00   99.00

12:13:11 AM  CPU    %usr   %nice    %sys %iowait    %irq   %soft  %steal  %guest  %gnice   %idle
12:13:12 AM  all    0.00    0.00    0.76    0.00    1.26    5.79    0.00    0.00    0.00   92.19
12:13:12 AM    0    0.00    0.00    0.00    0.00    4.04   23.23    0.00    0.00    0.00   72.73
12:13:12 AM    1    0.00    0.00    0.00    0.00    0.00    0.00    0.00    0.00    0.00  100.00
12:13:12 AM    2    0.00    0.00    1.01    0.00    1.01    0.00    0.00    0.00    0.00   97.98
12:13:12 AM    3    0.00    0.00    2.00    0.00    0.00    0.00    0.00    0.00    0.00   98.00

12:13:12 AM  CPU    %usr   %nice    %sys %iowait    %irq   %soft  %steal  %guest  %gnice   %idle
12:13:13 AM  all    0.00    0.00    0.76    0.00    1.01    5.79    0.00    0.00    0.00   92.44
12:13:13 AM    0    0.00    0.00    0.00    0.00    4.04   23.23    0.00    0.00    0.00   72.73
12:13:13 AM    1    0.00    0.00    1.00    0.00    0.00    0.00    0.00    0.00    0.00   99.00
12:13:13 AM    2    0.00    0.00    1.02    0.00    0.00    0.00    0.00    0.00    0.00   98.98
12:13:13 AM    3    0.00    0.00    1.00    0.00    0.00    0.00    0.00    0.00    0.00   99.00

12:13:13 AM  CPU    %usr   %nice    %sys %iowait    %irq   %soft  %steal  %guest  %gnice   %idle
12:13:14 AM  all    0.50    0.00    1.01    0.00    1.01    6.03    0.00    0.00    0.00   91.46
12:13:14 AM    0    1.00    0.00    0.00    0.00    4.00   24.00    0.00    0.00    0.00   71.00
12:13:14 AM    1    0.00    0.00    0.00    0.00    0.00    0.00    0.00    0.00    0.00  100.00
12:13:14 AM    2    0.00    0.00    2.97    0.00    0.00    0.00    0.00    0.00    0.00   97.03
12:13:14 AM    3    1.01    0.00    1.01    0.00    0.00    0.00    0.00    0.00    0.00   97.98

12:13:14 AM  CPU    %usr   %nice    %sys %iowait    %irq   %soft  %steal  %guest  %gnice   %idle
12:13:15 AM  all    0.00    0.00    1.01    0.00    1.26    5.78    0.00    0.00    0.00   91.96
12:13:15 AM    0    0.00    0.00    0.00    0.00    4.04   23.23    0.00    0.00    0.00   72.73
12:13:15 AM    1    0.00    0.00    0.00    0.00    0.00    0.00    0.00    0.00    0.00  100.00
12:13:15 AM    2    0.00    0.00    2.02    0.00    0.00    0.00    0.00    0.00    0.00   97.98
12:13:15 AM    3    0.00    0.00    2.00    0.00    1.00    0.00    0.00    0.00    0.00   97.00

12:13:15 AM  CPU    %usr   %nice    %sys %iowait    %irq   %soft  %steal  %guest  %gnice   %idle
12:13:16 AM  all    0.00    0.00    1.00    0.00    1.25    6.00    0.00    0.00    0.00   91.75
12:13:16 AM    0    0.00    0.00    1.00    0.00    4.00   23.00    0.00    0.00    0.00   72.00
12:13:16 AM    1    0.00    0.00    0.00    0.00    0.00    0.00    0.00    0.00    0.00  100.00
12:13:16 AM    2    0.00    0.00    1.00    0.00    1.00    0.00    0.00    0.00    0.00   98.00
12:13:16 AM    3    0.00    0.00    1.98    0.00    0.00    0.99    0.00    0.00    0.00   97.03

12:13:16 AM  CPU    %usr   %nice    %sys %iowait    %irq   %soft  %steal  %guest  %gnice   %idle
12:13:17 AM  all    0.25    0.00    1.01    0.00    1.01    5.81    0.00    0.00    0.00   91.92
12:13:17 AM    0    0.00    0.00    0.00    0.00    4.08   23.47    0.00    0.00    0.00   72.45
12:13:17 AM    1    0.00    0.00    1.00    0.00    0.00    0.00    0.00    0.00    0.00   99.00
12:13:17 AM    2    0.99    0.00    1.98    0.00    0.00    0.00    0.00    0.00    0.00   97.03
12:13:17 AM    3    0.00    0.00    1.03    0.00    0.00    0.00    0.00    0.00    0.00   98.97

12:13:17 AM  CPU    %usr   %nice    %sys %iowait    %irq   %soft  %steal  %guest  %gnice   %idle
12:13:18 AM  all    0.00    0.00    1.01    0.00    1.01    5.79    0.00    0.00    0.00   92.19
12:13:18 AM    0    0.00    0.00    0.00    0.00    4.04   23.23    0.00    0.00    0.00   72.73
12:13:18 AM    1    0.00    0.00    2.00    0.00    0.00    0.00    0.00    0.00    0.00   98.00
12:13:18 AM    2    0.00    0.00    0.00    0.00    0.00    0.00    0.00    0.00    0.00  100.00
12:13:18 AM    3    0.00    0.00    2.00    0.00    0.00    0.00    0.00    0.00    0.00   98.00

12:13:18 AM  CPU    %usr   %nice    %sys %iowait    %irq   %soft  %steal  %guest  %gnice   %idle
12:13:19 AM  all    0.00    0.00    0.75    0.00    1.25    6.02    0.00    0.00    0.00   91.98
12:13:19 AM    0    0.00    0.00    0.00    0.00    3.03   24.24    0.00    0.00    0.00   72.73
12:13:19 AM    1    0.00    0.00    0.00    0.00    1.00    0.00    0.00    0.00    0.00   99.00
12:13:19 AM    2    0.00    0.00    1.00    0.00    0.00    0.00    0.00    0.00    0.00   99.00
12:13:19 AM    3    0.00    0.00    2.00    0.00    1.00    0.00    0.00    0.00    0.00   97.00

12:13:19 AM  CPU    %usr   %nice    %sys %iowait    %irq   %soft  %steal  %guest  %gnice   %idle
12:13:20 AM  all    0.00    0.00    1.01    0.00    1.01    5.79    0.00    0.00    0.00   92.19
12:13:20 AM    0    0.00    0.00    0.00    0.00    4.04   23.23    0.00    0.00    0.00   72.73
12:13:20 AM    1    0.00    0.00    2.00    0.00    0.00    0.00    0.00    0.00    0.00   98.00
12:13:20 AM    2    0.00    0.00    0.00    0.00    0.00    0.00    0.00    0.00    0.00  100.00
12:13:20 AM    3    0.00    0.00    2.02    0.00    0.00    0.00    0.00    0.00    0.00   97.98

12:13:20 AM  CPU    %usr   %nice    %sys %iowait    %irq   %soft  %steal  %guest  %gnice   %idle
12:13:21 AM  all    0.25    0.00    0.75    0.00    1.25    5.75    0.00    0.00    0.00   92.00
12:13:21 AM    0    0.00    0.00    0.00    0.00    4.04   23.23    0.00    0.00    0.00   72.73
12:13:21 AM    1    0.99    0.00    0.99    0.00    0.00    0.00    0.00    0.00    0.00   98.02
12:13:21 AM    2    0.00    0.00    0.99    0.00    0.99    0.00    0.00    0.00    0.00   98.02
12:13:21 AM    3    0.00    0.00    1.01    0.00    0.00    0.00    0.00    0.00    0.00   98.99

12:13:21 AM  CPU    %usr   %nice    %sys %iowait    %irq   %soft  %steal  %guest  %gnice   %idle
12:13:22 AM  all    0.00    0.00    1.51    0.00    1.01    5.78    0.00    0.00    0.00   91.71
12:13:22 AM    0    0.00    0.00    0.00    0.00    4.04   23.23    0.00    0.00    0.00   72.73
12:13:22 AM    1    0.00    0.00    0.00    0.00    0.00    0.00    0.00    0.00    0.00  100.00
12:13:22 AM    2    0.00    0.00    2.00    0.00    0.00    0.00    0.00    0.00    0.00   98.00
12:13:22 AM    3    0.00    0.00    3.96    0.00    0.00    0.00    0.00    0.00    0.00   96.04

12:13:22 AM  CPU    %usr   %nice    %sys %iowait    %irq   %soft  %steal  %guest  %gnice   %idle
12:13:23 AM  all    0.00    0.00    0.25    0.00    1.26    5.81    0.00    0.00    0.00   92.68
12:13:23 AM    0    0.00    0.00    0.00    0.00    4.04   23.23    0.00    0.00    0.00   72.73
12:13:23 AM    1    0.00    0.00    0.00    0.00    0.00    0.00    0.00    0.00    0.00  100.00
12:13:23 AM    2    0.00    0.00    0.00    0.00    0.00    0.00    0.00    0.00    0.00  100.00
12:13:23 AM    3    0.00    0.00    1.01    0.00    1.01    0.00    0.00    0.00    0.00   97.98

12:13:23 AM  CPU    %usr   %nice    %sys %iowait    %irq   %soft  %steal  %guest  %gnice   %idle
12:13:24 AM  all    0.00    0.00    1.51    0.00    1.01    6.05    0.00    0.00    0.00   91.44
12:13:24 AM    0    0.00    0.00    0.00    0.00    4.08   24.49    0.00    0.00    0.00   71.43
12:13:24 AM    1    0.00    0.00    1.02    0.00    0.00    0.00    0.00    0.00    0.00   98.98
12:13:24 AM    2    0.00    0.00    1.98    0.00    0.00    0.00    0.00    0.00    0.00   98.02
12:13:24 AM    3    0.00    0.00    3.00    0.00    0.00    0.00    0.00    0.00    0.00   97.00

12:13:24 AM  CPU    %usr   %nice    %sys %iowait    %irq   %soft  %steal  %guest  %gnice   %idle
12:13:25 AM  all    0.00    0.00    0.75    0.00    1.25    5.76    0.00    0.00    0.00   92.23
12:13:25 AM    0    0.00    0.00    0.00    0.00    4.04   23.23    0.00    0.00    0.00   72.73
12:13:25 AM    1    0.00    0.00    0.00    0.00    1.00    0.00    0.00    0.00    0.00   99.00
12:13:25 AM    2    0.00    0.00    0.00    0.00    0.00    0.00    0.00    0.00    0.00  100.00
12:13:25 AM    3    0.00    0.00    2.97    0.00    0.00    0.00    0.00    0.00    0.00   97.03

12:13:25 AM  CPU    %usr   %nice    %sys %iowait    %irq   %soft  %steal  %guest  %gnice   %idle
12:13:26 AM  all    0.25    0.00    0.76    0.00    1.26    5.79    0.00    0.00    0.00   91.94
12:13:26 AM    0    0.00    0.00    0.00    0.00    4.04   23.23    0.00    0.00    0.00   72.73
12:13:26 AM    1    0.00    0.00    1.01    0.00    0.00    0.00    0.00    0.00    0.00   98.99
12:13:26 AM    2    0.00    0.00    1.01    0.00    0.00    0.00    0.00    0.00    0.00   98.99
12:13:26 AM    3    1.00    0.00    1.00    0.00    1.00    0.00    0.00    0.00    0.00   97.00

12:13:26 AM  CPU    %usr   %nice    %sys %iowait    %irq   %soft  %steal  %guest  %gnice   %idle
12:13:27 AM  all    0.50    0.00    1.25    0.00    1.25    5.99    0.00    0.00    0.00   91.02
12:13:27 AM    0    0.00    0.00    1.00    0.00    4.00   24.00    0.00    0.00    0.00   71.00
12:13:27 AM    1    1.00    0.00    1.00    0.00    0.00    0.00    0.00    0.00    0.00   98.00
12:13:27 AM    2    0.00    0.00    0.99    0.00    0.99    0.00    0.00    0.00    0.00   98.02
12:13:27 AM    3    1.00    0.00    2.00    0.00    0.00    0.00    0.00    0.00    0.00   97.00

12:13:27 AM  CPU    %usr   %nice    %sys %iowait    %irq   %soft  %steal  %guest  %gnice   %idle
12:13:28 AM  all    0.00    0.00    1.01    0.00    1.01    5.79    0.00    0.00    0.00   92.19
12:13:28 AM    0    0.00    0.00    0.00    0.00    4.04   23.23    0.00    0.00    0.00   72.73
12:13:28 AM    1    0.00    0.00    3.00    0.00    0.00    0.00    0.00    0.00    0.00   97.00
12:13:28 AM    2    0.00    0.00    0.00    0.00    0.00    0.00    0.00    0.00    0.00  100.00
12:13:28 AM    3    0.00    0.00    1.01    0.00    0.00    0.00    0.00    0.00    0.00   98.99

12:13:28 AM  CPU    %usr   %nice    %sys %iowait    %irq   %soft  %steal  %guest  %gnice   %idle
12:13:29 AM  all    0.00    0.00    1.25    0.00    1.25    5.76    0.00    0.00    0.00   91.73
12:13:29 AM    0    0.00    0.00    0.00    0.00    4.04   23.23    0.00    0.00    0.00   72.73
12:13:29 AM    1    0.00    0.00    2.00    0.00    1.00    0.00    0.00    0.00    0.00   97.00
12:13:29 AM    2    0.00    0.00    1.01    0.00    0.00    0.00    0.00    0.00    0.00   98.99
12:13:29 AM    3    0.00    0.00    1.98    0.00    0.00    0.00    0.00    0.00    0.00   98.02

12:13:29 AM  CPU    %usr   %nice    %sys %iowait    %irq   %soft  %steal  %guest  %gnice   %idle
12:13:30 AM  all    0.00    0.00    0.76    0.00    1.01    5.79    0.00    0.00    0.00   92.44
12:13:30 AM    0    0.00    0.00    0.00    0.00    4.04   23.23    0.00    0.00    0.00   72.73
12:13:30 AM    1    0.00    0.00    2.02    0.00    0.00    0.00    0.00    0.00    0.00   97.98
12:13:30 AM    2    0.00    0.00    1.00    0.00    0.00    0.00    0.00    0.00    0.00   99.00
12:13:30 AM    3    0.00    0.00    0.00    0.00    0.00    0.00    0.00    0.00    0.00  100.00

12:13:30 AM  CPU    %usr   %nice    %sys %iowait    %irq   %soft  %steal  %guest  %gnice   %idle
12:13:31 AM  all    0.00    0.00    1.00    0.00    1.25    5.76    0.00    0.00    0.00   91.98
12:13:31 AM    0    0.00    0.00    0.00    0.00    4.04   23.23    0.00    0.00    0.00   72.73
12:13:31 AM    1    0.00    0.00    2.97    0.00    0.00    0.00    0.00    0.00    0.00   97.03
12:13:31 AM    2    0.00    0.00    0.00    0.00    0.00    0.00    0.00    0.00    0.00  100.00
12:13:31 AM    3    0.00    0.00    1.00    0.00    1.00    0.00    0.00    0.00    0.00   98.00

12:13:31 AM  CPU    %usr   %nice    %sys %iowait    %irq   %soft  %steal  %guest  %gnice   %idle
12:13:32 AM  all    0.25    0.00    1.01    0.00    1.01    6.06    0.00    0.00    0.00   91.67
12:13:32 AM    0    0.00    0.00    0.00    0.00    4.04   24.24    0.00    0.00    0.00   71.72
12:13:32 AM    1    1.01    0.00    1.01    0.00    0.00    0.00    0.00    0.00    0.00   97.98
12:13:32 AM    2    0.00    0.00    1.01    0.00    0.00    0.00    0.00    0.00    0.00   98.99
12:13:32 AM    3    0.00    0.00    2.02    0.00    0.00    0.00    0.00    0.00    0.00   97.98

12:13:32 AM  CPU    %usr   %nice    %sys %iowait    %irq   %soft  %steal  %guest  %gnice   %idle
12:13:33 AM  all    0.00    0.00    0.75    0.00    1.01    5.78    0.00    0.00    0.00   92.46
12:13:33 AM    0    0.00    0.00    0.00    0.00    4.04   23.23    0.00    0.00    0.00   72.73
12:13:33 AM    1    0.00    0.00    1.00    0.00    0.00    0.00    0.00    0.00    0.00   99.00
12:13:33 AM    2    0.00    0.00    0.00    0.00    0.00    0.00    0.00    0.00    0.00  100.00
12:13:33 AM    3    0.00    0.00    2.02    0.00    0.00    0.00    0.00    0.00    0.00   97.98

12:13:33 AM  CPU    %usr   %nice    %sys %iowait    %irq   %soft  %steal  %guest  %gnice   %idle
12:13:34 AM  all    0.00    0.00    1.00    0.00    1.50    6.00    0.00    0.00    0.00   91.50
12:13:34 AM    0    0.00    0.00    0.00    0.00    4.04   23.23    0.00    0.00    0.00   72.73
12:13:34 AM    1    0.00    0.00    0.99    0.00    0.99    0.99    0.00    0.00    0.00   97.03
12:13:34 AM    2    0.00    0.00    0.00    0.00    0.00    0.00    0.00    0.00    0.00  100.00
12:13:34 AM    3    0.00    0.00    3.00    0.00    1.00    0.00    0.00    0.00    0.00   96.00

12:13:34 AM  CPU    %usr   %nice    %sys %iowait    %irq   %soft  %steal  %guest  %gnice   %idle
12:13:35 AM  all    0.00    0.00    1.01    0.00    0.76    5.81    0.00    0.00    0.00   92.42
12:13:35 AM    0    0.00    0.00    0.00    0.00    3.06   23.47    0.00    0.00    0.00   73.47
12:13:35 AM    1    0.00    0.00    1.01    0.00    0.00    0.00    0.00    0.00    0.00   98.99
12:13:35 AM    2    0.00    0.00    0.00    0.00    0.00    0.00    0.00    0.00    0.00  100.00
12:13:35 AM    3    0.00    0.00    3.03    0.00    0.00    0.00    0.00    0.00    0.00   96.97

12:13:35 AM  CPU    %usr   %nice    %sys %iowait    %irq   %soft  %steal  %guest  %gnice   %idle
12:13:36 AM  all    0.25    0.00    1.26    0.00    1.01    6.05    0.00    0.00    0.00   91.44
12:13:36 AM    0    0.00    0.00    0.00    0.00    4.04   24.24    0.00    0.00    0.00   71.72
12:13:36 AM    1    1.00    0.00    3.00    0.00    0.00    0.00    0.00    0.00    0.00   96.00
12:13:36 AM    2    0.00    0.00    0.00    0.00    0.00    0.00    0.00    0.00    0.00  100.00
12:13:36 AM    3    0.00    0.00    2.02    0.00    0.00    0.00    0.00    0.00    0.00   97.98

12:13:36 AM  CPU    %usr   %nice    %sys %iowait    %irq   %soft  %steal  %guest  %gnice   %idle
12:13:37 AM  all    0.00    0.00    1.25    0.00    1.00    5.76    0.00    0.00    0.00   91.98
12:13:37 AM    0    0.00    0.00    0.00    0.00    4.04   23.23    0.00    0.00    0.00   72.73
12:13:37 AM    1    0.00    0.00    2.02    0.00    0.00    0.00    0.00    0.00    0.00   97.98
12:13:37 AM    2    0.00    0.00    0.00    0.00    0.00    0.00    0.00    0.00    0.00  100.00
12:13:37 AM    3    0.00    0.00    2.97    0.00    0.00    0.00    0.00    0.00    0.00   97.03

12:13:37 AM  CPU    %usr   %nice    %sys %iowait    %irq   %soft  %steal  %guest  %gnice   %idle
12:13:38 AM  all    0.00    0.00    1.25    0.00    1.50    5.75    0.00    0.00    0.00   91.50
12:13:38 AM    0    0.00    0.00    0.00    0.00    4.04   23.23    0.00    0.00    0.00   72.73
12:13:38 AM    1    0.00    0.00    1.00    0.00    1.00    0.00    0.00    0.00    0.00   98.00
12:13:38 AM    2    0.00    0.00    0.00    0.00    0.00    0.00    0.00    0.00    0.00  100.00
12:13:38 AM    3    0.00    0.00    3.96    0.00    0.99    0.00    0.00    0.00    0.00   95.05

12:13:38 AM  CPU    %usr   %nice    %sys %iowait    %irq   %soft  %steal  %guest  %gnice   %idle
12:13:39 AM  all    0.00    0.00    0.76    0.00    1.01    5.79    0.00    0.00    0.00   92.44
12:13:39 AM    0    0.00    0.00    0.00    0.00    4.04   23.23    0.00    0.00    0.00   72.73
12:13:39 AM    1    0.00    0.00    1.00    0.00    0.00    0.00    0.00    0.00    0.00   99.00
12:13:39 AM    2    0.00    0.00    0.00    0.00    0.00    0.00    0.00    0.00    0.00  100.00
12:13:39 AM    3    0.00    0.00    2.04    0.00    0.00    0.00    0.00    0.00    0.00   97.96

12:13:39 AM  CPU    %usr   %nice    %sys %iowait    %irq   %soft  %steal  %guest  %gnice   %idle
12:13:40 AM  all    0.50    0.00    1.25    0.00    1.25    5.76    0.00    0.00    0.00   91.23
12:13:40 AM    0    0.00    0.00    0.00    0.00    4.04   23.23    0.00    0.00    0.00   72.73
12:13:40 AM    1    0.00    0.00    0.00    0.00    0.00    0.00    0.00    0.00    0.00  100.00
12:13:40 AM    2    0.99    0.00    0.00    0.00    0.99    0.00    0.00    0.00    0.00   98.02
12:13:40 AM    3    0.98    0.00    4.90    0.00    0.00    0.00    0.00    0.00    0.00   94.12

12:13:40 AM  CPU    %usr   %nice    %sys %iowait    %irq   %soft  %steal  %guest  %gnice   %idle
12:13:41 AM  all    0.00    0.00    0.76    0.00    1.26    6.05    0.00    0.00    0.00   91.94
12:13:41 AM    0    0.00    0.00    0.00    0.00    4.08   23.47    0.00    0.00    0.00   72.45
12:13:41 AM    1    0.00    0.00    1.01    0.00    0.00    0.00    0.00    0.00    0.00   98.99
12:13:41 AM    2    0.00    0.00    0.00    0.00    0.00    0.00    0.00    0.00    0.00  100.00
12:13:41 AM    3    0.00    0.00    1.96    0.00    0.98    0.98    0.00    0.00    0.00   96.08

12:13:41 AM  CPU    %usr   %nice    %sys %iowait    %irq   %soft  %steal  %guest  %gnice   %idle
12:13:42 AM  all    0.00    0.00    0.50    0.00    1.01    6.03    0.00    0.00    0.00   92.46
12:13:42 AM    0    0.00    0.00    0.00    0.00    4.00   24.00    0.00    0.00    0.00   72.00
12:13:42 AM    1    0.00    0.00    1.01    0.00    0.00    0.00    0.00    0.00    0.00   98.99
12:13:42 AM    2    0.00    0.00    1.00    0.00    0.00    0.00    0.00    0.00    0.00   99.00
12:13:42 AM    3    0.00    0.00    0.00    0.00    0.00    0.00    0.00    0.00    0.00  100.00

12:13:42 AM  CPU    %usr   %nice    %sys %iowait    %irq   %soft  %steal  %guest  %gnice   %idle
12:13:43 AM  all    0.25    0.00    0.75    0.00    1.26    5.78    0.00    0.00    0.00   91.96
12:13:43 AM    0    0.00    0.00    0.00    0.00    4.04   23.23    0.00    0.00    0.00   72.73
12:13:43 AM    1    0.99    0.00    1.98    0.00    0.99    0.00    0.00    0.00    0.00   96.04
12:13:43 AM    2    0.00    0.00    1.00    0.00    0.00    0.00    0.00    0.00    0.00   99.00
12:13:43 AM    3    0.00    0.00    0.00    0.00    0.00    0.00    0.00    0.00    0.00  100.00

12:13:43 AM  CPU    %usr   %nice    %sys %iowait    %irq   %soft  %steal  %guest  %gnice   %idle
12:13:44 AM  all    0.00    0.00    1.50    0.00    1.00    5.75    0.00    0.00    0.00   91.75
12:13:44 AM    0    0.00    0.00    0.00    0.00    4.04   23.23    0.00    0.00    0.00   72.73
12:13:44 AM    1    0.00    0.00    3.92    0.00    0.00    0.00    0.00    0.00    0.00   96.08
12:13:44 AM    2    0.00    0.00    1.01    0.00    0.00    0.00    0.00    0.00    0.00   98.99
12:13:44 AM    3    0.00    0.00    1.00    0.00    0.00    0.00    0.00    0.00    0.00   99.00

12:13:44 AM  CPU    %usr   %nice    %sys %iowait    %irq   %soft  %steal  %guest  %gnice   %idle
12:13:45 AM  all    0.25    0.00    0.75    0.00    1.26    5.78    0.00    0.00    0.00   91.96
12:13:45 AM    0    0.00    0.00    0.00    0.00    4.04   23.23    0.00    0.00    0.00   72.73
12:13:45 AM    1    1.00    0.00    1.00    0.00    0.00    0.00    0.00    0.00    0.00   98.00
12:13:45 AM    2    0.00    0.00    1.00    0.00    1.00    0.00    0.00    0.00    0.00   98.00
12:13:45 AM    3    0.00    0.00    1.01    0.00    0.00    0.00    0.00    0.00    0.00   98.99

12:13:45 AM  CPU    %usr   %nice    %sys %iowait    %irq   %soft  %steal  %guest  %gnice   %idle
12:13:46 AM  all    0.00    0.00    0.51    0.00    1.26    5.81    0.00    0.00    0.00   92.42
12:13:46 AM    0    0.00    0.00    0.00    0.00    4.04   23.23    0.00    0.00    0.00   72.73
12:13:46 AM    1    0.00    0.00    1.01    0.00    0.00    0.00    0.00    0.00    0.00   98.99
12:13:46 AM    2    0.00    0.00    1.02    0.00    0.00    0.00    0.00    0.00    0.00   98.98
12:13:46 AM    3    0.00    0.00    0.00    0.00    1.00    0.00    0.00    0.00    0.00   99.00

12:13:46 AM  CPU    %usr   %nice    %sys %iowait    %irq   %soft  %steal  %guest  %gnice   %idle
12:13:47 AM  all    0.25    0.00    0.75    0.00    1.25    5.75    0.00    0.00    0.00   92.00
12:13:47 AM    0    0.00    0.00    0.00    0.00    4.04   23.23    0.00    0.00    0.00   72.73
12:13:47 AM    1    0.99    0.00    0.00    0.00    0.99    0.00    0.00    0.00    0.00   98.02
12:13:47 AM    2    0.00    0.00    2.00    0.00    0.00    0.00    0.00    0.00    0.00   98.00
12:13:47 AM    3    0.00    0.00    1.00    0.00    0.00    0.00    0.00    0.00    0.00   99.00

12:13:47 AM  CPU    %usr   %nice    %sys %iowait    %irq   %soft  %steal  %guest  %gnice   %idle
12:13:48 AM  all    0.25    0.00    1.75    0.00    1.00    6.02    0.00    0.00    0.00   90.98
12:13:48 AM    0    0.00    0.00    1.00    0.00    4.00   24.00    0.00    0.00    0.00   71.00
12:13:48 AM    1    1.00    0.00    1.00    0.00    0.00    0.00    0.00    0.00    0.00   98.00
12:13:48 AM    2    0.00    0.00    2.00    0.00    0.00    0.00    0.00    0.00    0.00   98.00
12:13:48 AM    3    0.00    0.00    3.03    0.00    0.00    0.00    0.00    0.00    0.00   96.97

12:13:48 AM  CPU    %usr   %nice    %sys %iowait    %irq   %soft  %steal  %guest  %gnice   %idle
12:13:49 AM  all    0.00    0.00    0.50    0.00    1.01    6.05    0.00    0.00    0.00   92.44
12:13:49 AM    0    0.00    0.00    0.00    0.00    3.06   23.47    0.00    0.00    0.00   73.47
12:13:49 AM    1    0.00    0.00    0.00    0.00    0.00    0.00    0.00    0.00    0.00  100.00
12:13:49 AM    2    0.00    0.00    1.98    0.00    0.99    0.99    0.00    0.00    0.00   96.04
12:13:49 AM    3    0.00    0.00    0.00    0.00    0.00    0.00    0.00    0.00    0.00  100.00

12:13:49 AM  CPU    %usr   %nice    %sys %iowait    %irq   %soft  %steal  %guest  %gnice   %idle
12:13:50 AM  all    0.00    0.00    1.50    0.00    1.25    5.74    0.00    0.00    0.00   91.52
12:13:50 AM    0    0.00    0.00    0.00    0.00    4.04   23.23    0.00    0.00    0.00   72.73
12:13:50 AM    1    0.00    0.00    0.00    0.00    0.00    0.00    0.00    0.00    0.00  100.00
12:13:50 AM    2    0.00    0.00    2.97    0.00    0.00    0.00    0.00    0.00    0.00   97.03
12:13:50 AM    3    0.00    0.00    2.97    0.00    0.99    0.00    0.00    0.00    0.00   96.04

12:13:50 AM  CPU    %usr   %nice    %sys %iowait    %irq   %soft  %steal  %guest  %gnice   %idle
12:13:51 AM  all    0.25    0.00    1.01    0.00    1.01    5.79    0.00    0.00    0.00   91.94
12:13:51 AM    0    0.00    0.00    0.00    0.00    4.04   23.23    0.00    0.00    0.00   72.73
12:13:51 AM    1    1.00    0.00    0.00    0.00    0.00    0.00    0.00    0.00    0.00   99.00
12:13:51 AM    2    0.00    0.00    2.02    0.00    0.00    0.00    0.00    0.00    0.00   97.98
12:13:51 AM    3    0.00    0.00    2.02    0.00    0.00    0.00    0.00    0.00    0.00   97.98

12:13:51 AM  CPU    %usr   %nice    %sys %iowait    %irq   %soft  %steal  %guest  %gnice   %idle
12:13:52 AM  all    0.00    0.00    1.50    0.00    1.00    5.99    0.00    0.00    0.00   91.52
12:13:52 AM    0    0.00    0.00    0.00    0.00    4.00   24.00    0.00    0.00    0.00   72.00
12:13:52 AM    1    0.00    0.00    0.99    0.00    0.00    0.00    0.00    0.00    0.00   99.01
12:13:52 AM    2    0.00    0.00    2.00    0.00    0.00    0.00    0.00    0.00    0.00   98.00
12:13:52 AM    3    0.00    0.00    3.00    0.00    0.00    0.00    0.00    0.00    0.00   97.00

12:13:52 AM  CPU    %usr   %nice    %sys %iowait    %irq   %soft  %steal  %guest  %gnice   %idle
12:13:53 AM  all    0.00    0.00    0.51    0.00    1.26    5.81    0.00    0.00    0.00   92.42
12:13:53 AM    0    0.00    0.00    0.00    0.00    4.08   23.47    0.00    0.00    0.00   72.45
12:13:53 AM    1    0.00    0.00    0.00    0.00    0.00    0.00    0.00    0.00    0.00  100.00
12:13:53 AM    2    0.00    0.00    1.01    0.00    1.01    0.00    0.00    0.00    0.00   97.98
12:13:53 AM    3    0.00    0.00    1.01    0.00    0.00    0.00    0.00    0.00    0.00   98.99

12:13:53 AM  CPU    %usr   %nice    %sys %iowait    %irq   %soft  %steal  %guest  %gnice   %idle
12:13:54 AM  all    0.00    0.00    0.51    0.00    1.26    5.81    0.00    0.00    0.00   92.42
12:13:54 AM    0    0.00    0.00    1.00    0.00    4.00   23.00    0.00    0.00    0.00   72.00
12:13:54 AM    1    0.00    0.00    0.00    0.00    0.00    0.00    0.00    0.00    0.00  100.00
12:13:54 AM    2    0.00    0.00    1.02    0.00    0.00    0.00    0.00    0.00    0.00   98.98
12:13:54 AM    3    0.00    0.00    0.00    0.00    1.02    0.00    0.00    0.00    0.00   98.98

12:13:54 AM  CPU    %usr   %nice    %sys %iowait    %irq   %soft  %steal  %guest  %gnice   %idle
12:13:55 AM  all    0.25    0.00    1.50    0.00    1.00    5.74    0.00    0.00    0.00   91.52
12:13:55 AM    0    0.00    0.00    0.00    0.00    4.04   23.23    0.00    0.00    0.00   72.73
12:13:55 AM    1    0.98    0.00    0.98    0.00    0.00    0.00    0.00    0.00    0.00   98.04
12:13:55 AM    2    0.00    0.00    2.00    0.00    0.00    0.00    0.00    0.00    0.00   98.00
12:13:55 AM    3    0.00    0.00    3.00    0.00    0.00    0.00    0.00    0.00    0.00   97.00

12:13:55 AM  CPU    %usr   %nice    %sys %iowait    %irq   %soft  %steal  %guest  %gnice   %idle
12:13:56 AM  all    0.00    0.00    0.50    0.00    1.26    5.79    0.00    0.00    0.00   92.44
12:13:56 AM    0    0.00    0.00    0.00    0.00    4.04   23.23    0.00    0.00    0.00   72.73
12:13:56 AM    1    0.00    0.00    0.00    0.00    0.00    0.00    0.00    0.00    0.00  100.00
12:13:56 AM    2    0.00    0.00    1.01    0.00    1.01    0.00    0.00    0.00    0.00   97.98
12:13:56 AM    3    0.00    0.00    1.01    0.00    0.00    0.00    0.00    0.00    0.00   98.99

12:13:56 AM  CPU    %usr   %nice    %sys %iowait    %irq   %soft  %steal  %guest  %gnice   %idle
12:13:57 AM  all    0.00    0.00    1.25    0.00    1.25    5.99    0.00    0.00    0.00   91.52
12:13:57 AM    0    0.00    0.00    0.00    0.00    4.00   24.00    0.00    0.00    0.00   72.00
12:13:57 AM    1    0.00    0.00    0.00    0.00    0.00    0.00    0.00    0.00    0.00  100.00
12:13:57 AM    2    0.00    0.00    3.92    0.00    0.00    0.00    0.00    0.00    0.00   96.08
12:13:57 AM    3    0.00    0.00    1.01    0.00    1.01    0.00    0.00    0.00    0.00   97.98

12:13:57 AM  CPU    %usr   %nice    %sys %iowait    %irq   %soft  %steal  %guest  %gnice   %idle
12:13:58 AM  all    0.25    0.00    1.01    0.00    1.01    5.82    0.00    0.00    0.00   91.90
12:13:58 AM    0    0.00    0.00    0.00    0.00    4.08   23.47    0.00    0.00    0.00   72.45
12:13:58 AM    1    0.00    0.00    2.00    0.00    0.00    0.00    0.00    0.00    0.00   98.00
12:13:58 AM    2    0.00    0.00    1.02    0.00    0.00    0.00    0.00    0.00    0.00   98.98
12:13:58 AM    3    1.01    0.00    1.01    0.00    0.00    0.00    0.00    0.00    0.00   97.98

12:13:58 AM  CPU    %usr   %nice    %sys %iowait    %irq   %soft  %steal  %guest  %gnice   %idle
12:13:59 AM  all    0.00    0.00    1.50    0.00    1.00    5.75    0.00    0.00    0.00   91.75
12:13:59 AM    0    0.00    0.00    0.00    0.00    4.04   23.23    0.00    0.00    0.00   72.73
12:13:59 AM    1    0.00    0.00    3.00    0.00    0.00    0.00    0.00    0.00    0.00   97.00
12:13:59 AM    2    0.00    0.00    1.00    0.00    0.00    0.00    0.00    0.00    0.00   99.00
12:13:59 AM    3    0.00    0.00    1.98    0.00    0.00    0.00    0.00    0.00    0.00   98.02

12:13:59 AM  CPU    %usr   %nice    %sys %iowait    %irq   %soft  %steal  %guest  %gnice   %idle
12:14:00 AM  all    0.00    0.00    0.76    0.00    1.01    6.05    0.00    0.00    0.00   92.19
12:14:00 AM    0    0.00    0.00    0.00    0.00    4.00   24.00    0.00    0.00    0.00   72.00
12:14:00 AM    1    0.00    0.00    1.01    0.00    0.00    0.00    0.00    0.00    0.00   98.99
12:14:00 AM    2    0.00    0.00    1.01    0.00    0.00    0.00    0.00    0.00    0.00   98.99
12:14:00 AM    3    0.00    0.00    1.01    0.00    0.00    0.00    0.00    0.00    0.00   98.99

12:14:00 AM  CPU    %usr   %nice    %sys %iowait    %irq   %soft  %steal  %guest  %gnice   %idle
12:14:01 AM  all    0.25    0.00    1.00    0.00    1.50    5.74    0.00    0.00    0.00   91.52
12:14:01 AM    0    0.00    0.00    0.00    0.00    4.04   23.23    0.00    0.00    0.00   72.73
12:14:01 AM    1    0.98    0.00    0.98    0.00    0.98    0.00    0.00    0.00    0.00   97.06
12:14:01 AM    2    0.00    0.00    2.97    0.00    0.99    0.00    0.00    0.00    0.00   96.04
12:14:01 AM    3    0.00    0.00    0.00    0.00    0.00    0.00    0.00    0.00    0.00  100.00

12:14:01 AM  CPU    %usr   %nice    %sys %iowait    %irq   %soft  %steal  %guest  %gnice   %idle
12:14:02 AM  all    0.00    0.00    1.25    0.00    1.25    5.76    0.00    0.00    0.00   91.73
12:14:02 AM    0    0.00    0.00    0.00    0.00    4.04   23.23    0.00    0.00    0.00   72.73
12:14:02 AM    1    0.00    0.00    1.01    0.00    0.00    0.00    0.00    0.00    0.00   98.99
12:14:02 AM    2    0.00    0.00    2.97    0.00    0.00    0.00    0.00    0.00    0.00   97.03
12:14:02 AM    3    0.00    0.00    1.00    0.00    1.00    0.00    0.00    0.00    0.00   98.00

12:14:02 AM  CPU    %usr   %nice    %sys %iowait    %irq   %soft  %steal  %guest  %gnice   %idle
12:14:03 AM  all    0.25    0.00    1.01    0.00    0.76    5.82    0.00    0.00    0.00   92.15
12:14:03 AM    0    0.00    0.00    0.00    0.00    3.09   23.71    0.00    0.00    0.00   73.20
12:14:03 AM    1    1.00    0.00    1.00    0.00    0.00    0.00    0.00    0.00    0.00   98.00
12:14:03 AM    2    0.00    0.00    1.02    0.00    0.00    0.00    0.00    0.00    0.00   98.98
12:14:03 AM    3    0.00    0.00    2.00    0.00    0.00    0.00    0.00    0.00    0.00   98.00

12:14:03 AM  CPU    %usr   %nice    %sys %iowait    %irq   %soft  %steal  %guest  %gnice   %idle
12:14:04 AM  all    0.25    0.00    0.50    0.00    1.25    6.02    0.00    0.00    0.00   91.98
12:14:04 AM    0    0.00    0.00    1.00    0.00    4.00   24.00    0.00    0.00    0.00   71.00
12:14:04 AM    1    0.00    0.00    0.00    0.00    0.00    0.00    0.00    0.00    0.00  100.00
12:14:04 AM    2    1.00    0.00    1.00    0.00    1.00    0.00    0.00    0.00    0.00   97.00
12:14:04 AM    3    0.00    0.00    0.00    0.00    0.00    0.00    0.00    0.00    0.00  100.00

12:14:04 AM  CPU    %usr   %nice    %sys %iowait    %irq   %soft  %steal  %guest  %gnice   %idle
12:14:05 AM  all    0.00    0.00    1.26    0.00    1.01    5.79    0.00    0.00    0.00   91.94
12:14:05 AM    0    0.00    0.00    0.00    0.00    4.04   23.23    0.00    0.00    0.00   72.73
12:14:05 AM    1    0.00    0.00    1.00    0.00    0.00    0.00    0.00    0.00    0.00   99.00
12:14:05 AM    2    0.00    0.00    4.00    0.00    0.00    0.00    0.00    0.00    0.00   96.00
12:14:05 AM    3    0.00    0.00    0.00    0.00    0.00    0.00    0.00    0.00    0.00  100.00

12:14:05 AM  CPU    %usr   %nice    %sys %iowait    %irq   %soft  %steal  %guest  %gnice   %idle
12:14:06 AM  all    0.00    0.00    1.25    0.00    1.00    6.00    0.00    0.00    0.00   91.75
12:14:06 AM    0    0.00    0.00    0.00    0.00    4.04   23.23    0.00    0.00    0.00   72.73
12:14:06 AM    1    0.00    0.00    0.00    0.00    0.00    1.00    0.00    0.00    0.00   99.00
12:14:06 AM    2    0.00    0.00    3.96    0.00    0.00    0.00    0.00    0.00    0.00   96.04
12:14:06 AM    3    0.00    0.00    1.00    0.00    0.00    0.00    0.00    0.00    0.00   99.00

12:14:06 AM  CPU    %usr   %nice    %sys %iowait    %irq   %soft  %steal  %guest  %gnice   %idle
12:14:07 AM  all    0.00    0.00    1.25    0.00    1.50    5.74    0.00    0.00    0.00   91.52
12:14:07 AM    0    0.00    0.00    0.00    0.00    4.04   23.23    0.00    0.00    0.00   72.73
12:14:07 AM    1    0.00    0.00    1.98    0.00    0.00    0.00    0.00    0.00    0.00   98.02
12:14:07 AM    2    0.00    0.00    2.00    0.00    1.00    0.00    0.00    0.00    0.00   97.00
12:14:07 AM    3    0.00    0.00    0.99    0.00    0.99    0.00    0.00    0.00    0.00   98.02

12:14:07 AM  CPU    %usr   %nice    %sys %iowait    %irq   %soft  %steal  %guest  %gnice   %idle
12:14:08 AM  all    0.00    0.00    1.51    0.00    1.01    6.03    0.00    0.00    0.00   91.46
12:14:08 AM    0    0.00    0.00    0.00    0.00    4.04   24.24    0.00    0.00    0.00   71.72
12:14:08 AM    1    0.00    0.00    1.01    0.00    0.00    0.00    0.00    0.00    0.00   98.99
12:14:08 AM    2    0.00    0.00    2.02    0.00    0.00    0.00    0.00    0.00    0.00   97.98
12:14:08 AM    3    0.00    0.00    2.97    0.00    0.00    0.00    0.00    0.00    0.00   97.03

12:14:08 AM  CPU    %usr   %nice    %sys %iowait    %irq   %soft  %steal  %guest  %gnice   %idle
12:14:09 AM  all    0.25    0.00    0.75    0.00    1.26    5.78    0.00    0.00    0.00   91.96
12:14:09 AM    0    0.00    0.00    0.00    0.00    4.08   23.47    0.00    0.00    0.00   72.45
12:14:09 AM    1    0.98    0.00    1.96    0.00    0.98    0.00    0.00    0.00    0.00   96.08
12:14:09 AM    2    0.00    0.00    1.00    0.00    0.00    0.00    0.00    0.00    0.00   99.00
12:14:09 AM    3    0.00    0.00    0.00    0.00    0.00    0.00    0.00    0.00    0.00  100.00

12:14:09 AM  CPU    %usr   %nice    %sys %iowait    %irq   %soft  %steal  %guest  %gnice   %idle
12:14:10 AM  all    0.00    0.00    0.25    0.00    1.01    6.06    0.00    0.00    0.00   92.68
12:14:10 AM    0    0.00    0.00    0.00    0.00    4.04   23.23    0.00    0.00    0.00   72.73
12:14:10 AM    1    0.00    0.00    0.00    0.00    0.00    0.00    0.00    0.00    0.00  100.00
12:14:10 AM    2    0.00    0.00    0.00    0.00    0.00    0.00    0.00    0.00    0.00  100.00
12:14:10 AM    3    0.00    0.00    0.99    0.00    0.00    0.99    0.00    0.00    0.00   98.02

12:14:10 AM  CPU    %usr   %nice    %sys %iowait    %irq   %soft  %steal  %guest  %gnice   %idle
12:14:11 AM  all    0.25    0.00    1.01    0.00    1.01    6.03    0.00    0.00    0.00   91.71
12:14:11 AM    0    0.00    0.00    0.00    0.00    4.08   24.49    0.00    0.00    0.00   71.43
12:14:11 AM    1    0.00    0.00    2.00    0.00    0.00    0.00    0.00    0.00    0.00   98.00
12:14:11 AM    2    1.00    0.00    1.00    0.00    0.00    0.00    0.00    0.00    0.00   98.00
12:14:11 AM    3    0.00    0.00    1.00    0.00    0.00    0.00    0.00    0.00    0.00   99.00

12:14:11 AM  CPU    %usr   %nice    %sys %iowait    %irq   %soft  %steal  %guest  %gnice   %idle
12:14:12 AM  all    0.00    0.00    0.75    0.00    1.01    5.78    0.00    0.00    0.00   92.46
12:14:12 AM    0    0.00    0.00    1.01    0.00    4.04   23.23    0.00    0.00    0.00   71.72
12:14:12 AM    1    0.00    0.00    1.98    0.00    0.00    0.00    0.00    0.00    0.00   98.02
12:14:12 AM    2    0.00    0.00    0.00    0.00    0.00    0.00    0.00    0.00    0.00  100.00
12:14:12 AM    3    0.00    0.00    0.00    0.00    0.00    0.00    0.00    0.00    0.00  100.00

12:14:12 AM  CPU    %usr   %nice    %sys %iowait    %irq   %soft  %steal  %guest  %gnice   %idle
12:14:13 AM  all    0.49    0.00    1.98    0.00    1.73    5.93    0.00    0.00    0.00   89.88
12:14:13 AM    0    0.00    0.00    1.01    0.00    4.04   24.24    0.00    0.00    0.00   70.71
12:14:13 AM    1    0.99    0.00    2.97    0.00    0.99    0.00    0.00    0.00    0.00   95.05
12:14:13 AM    2    0.97    0.00    1.94    0.00    0.97    0.00    0.00    0.00    0.00   96.12
12:14:13 AM    3    0.00    0.00    1.96    0.00    0.98    0.00    0.00    0.00    0.00   97.06

12:14:13 AM  CPU    %usr   %nice    %sys %iowait    %irq   %soft  %steal  %guest  %gnice   %idle
12:14:14 AM  all    0.00    0.00    1.01    0.00    1.01    5.79    0.00    0.00    0.00   92.19
12:14:14 AM    0    0.00    0.00    0.00    0.00    4.04   23.23    0.00    0.00    0.00   72.73
12:14:14 AM    1    0.00    0.00    4.00    0.00    0.00    0.00    0.00    0.00    0.00   96.00
12:14:14 AM    2    0.00    0.00    0.00    0.00    0.00    0.00    0.00    0.00    0.00  100.00
12:14:14 AM    3    0.00    0.00    0.00    0.00    0.00    0.00    0.00    0.00    0.00  100.00

12:14:14 AM  CPU    %usr   %nice    %sys %iowait    %irq   %soft  %steal  %guest  %gnice   %idle
12:14:15 AM  all    0.00    0.00    1.01    0.00    1.01    5.79    0.00    0.00    0.00   92.19
12:14:15 AM    0    0.00    0.00    0.00    0.00    4.04   23.23    0.00    0.00    0.00   72.73
12:14:15 AM    1    0.00    0.00    3.03    0.00    0.00    0.00    0.00    0.00    0.00   96.97
12:14:15 AM    2    0.00    0.00    0.00    0.00    0.00    0.00    0.00    0.00    0.00  100.00
12:14:15 AM    3    0.00    0.00    1.00    0.00    0.00    0.00    0.00    0.00    0.00   99.00

12:14:15 AM  CPU    %usr   %nice    %sys %iowait    %irq   %soft  %steal  %guest  %gnice   %idle
12:14:16 AM  all    0.00    0.00    1.01    0.00    1.26    5.79    0.00    0.00    0.00   91.94
12:14:16 AM    0    0.00    0.00    0.00    0.00    4.04   23.23    0.00    0.00    0.00   72.73
12:14:16 AM    1    0.00    0.00    3.06    0.00    1.02    0.00    0.00    0.00    0.00   95.92
12:14:16 AM    2    0.00    0.00    0.00    0.00    0.00    0.00    0.00    0.00    0.00  100.00
12:14:16 AM    3    0.00    0.00    1.00    0.00    0.00    0.00    0.00    0.00    0.00   99.00

12:14:16 AM  CPU    %usr   %nice    %sys %iowait    %irq   %soft  %steal  %guest  %gnice   %idle
12:14:17 AM  all    0.00    0.00    1.50    0.00    1.00    6.00    0.00    0.00    0.00   91.50
12:14:17 AM    0    0.00    0.00    0.00    0.00    4.00   24.00    0.00    0.00    0.00   72.00
12:14:17 AM    1    0.00    0.00    5.94    0.00    0.00    0.00    0.00    0.00    0.00   94.06
12:14:17 AM    2    0.00    0.00    0.00    0.00    0.00    0.00    0.00    0.00    0.00  100.00
12:14:17 AM    3    0.00    0.00    0.00    0.00    0.00    0.00    0.00    0.00    0.00  100.00

12:14:17 AM  CPU    %usr   %nice    %sys %iowait    %irq   %soft  %steal  %guest  %gnice   %idle
12:14:18 AM  all    0.00    0.00    1.01    0.00    1.26    5.78    0.00    0.00    0.00   91.96
12:14:18 AM    0    0.00    0.00    0.00    0.00    4.04   23.23    0.00    0.00    0.00   72.73
12:14:18 AM    1    0.00    0.00    4.04    0.00    1.01    0.00    0.00    0.00    0.00   94.95
12:14:18 AM    2    0.00    0.00    0.00    0.00    0.00    0.00    0.00    0.00    0.00  100.00
12:14:18 AM    3    0.00    0.00    0.00    0.00    0.00    0.00    0.00    0.00    0.00  100.00

12:14:18 AM  CPU    %usr   %nice    %sys %iowait    %irq   %soft  %steal  %guest  %gnice   %idle
12:14:19 AM  all    0.00    0.00    1.76    0.00    1.01    5.78    0.00    0.00    0.00   91.46
12:14:19 AM    0    0.00    0.00    1.01    0.00    4.04   23.23    0.00    0.00    0.00   71.72
12:14:19 AM    1    0.00    0.00    5.05    0.00    0.00    0.00    0.00    0.00    0.00   94.95
12:14:19 AM    2    0.00    0.00    0.00    0.00    0.00    0.00    0.00    0.00    0.00  100.00
12:14:19 AM    3    0.00    0.00    0.99    0.00    0.00    0.00    0.00    0.00    0.00   99.01

12:14:19 AM  CPU    %usr   %nice    %sys %iowait    %irq   %soft  %steal  %guest  %gnice   %idle
12:14:20 AM  all    0.00    0.00    1.25    0.00    1.25    5.75    0.00    0.00    0.00   91.75
12:14:20 AM    0    0.00    0.00    0.00    0.00    4.04   23.23    0.00    0.00    0.00   72.73
12:14:20 AM    1    0.00    0.00    4.95    0.00    0.99    0.00    0.00    0.00    0.00   94.06
12:14:20 AM    2    0.00    0.00    0.00    0.00    0.00    0.00    0.00    0.00    0.00  100.00
12:14:20 AM    3    0.00    0.00    0.00    0.00    0.00    0.00    0.00    0.00    0.00  100.00

12:14:20 AM  CPU    %usr   %nice    %sys %iowait    %irq   %soft  %steal  %guest  %gnice   %idle
12:14:21 AM  all    0.25    0.00    0.50    0.00    1.01    5.79    0.00    0.00    0.00   92.44
12:14:21 AM    0    0.00    0.00    0.00    0.00    4.04   23.23    0.00    0.00    0.00   72.73
12:14:21 AM    1    1.02    0.00    2.04    0.00    0.00    0.00    0.00    0.00    0.00   96.94
12:14:21 AM    2    0.00    0.00    0.00    0.00    0.00    0.00    0.00    0.00    0.00  100.00
12:14:21 AM    3    0.00    0.00    0.00    0.00    0.00    0.00    0.00    0.00    0.00  100.00

12:14:21 AM  CPU    %usr   %nice    %sys %iowait    %irq   %soft  %steal  %guest  %gnice   %idle
12:14:22 AM  all    0.00    0.00    0.76    0.00    1.01    5.81    0.00    0.00    0.00   92.42
12:14:22 AM    0    0.00    0.00    0.00    0.00    4.04   23.23    0.00    0.00    0.00   72.73
12:14:22 AM    1    0.00    0.00    3.09    0.00    0.00    0.00    0.00    0.00    0.00   96.91
12:14:22 AM    2    0.00    0.00    0.00    0.00    0.00    0.00    0.00    0.00    0.00  100.00
12:14:22 AM    3    0.00    0.00    0.00    0.00    0.00    0.00    0.00    0.00    0.00  100.00

12:14:22 AM  CPU    %usr   %nice    %sys %iowait    %irq   %soft  %steal  %guest  %gnice   %idle
12:14:23 AM  all    0.00    0.00    1.25    0.00    1.00    6.02    0.00    0.00    0.00   91.73
12:14:23 AM    0    0.00    0.00    0.00    0.00    3.06   24.49    0.00    0.00    0.00   72.45
12:14:23 AM    1    0.00    0.00    4.95    0.00    0.99    0.00    0.00    0.00    0.00   94.06
12:14:23 AM    2    0.00    0.00    0.00    0.00    0.00    0.00    0.00    0.00    0.00  100.00
12:14:23 AM    3    0.00    0.00    0.00    0.00    0.00    0.00    0.00    0.00    0.00  100.00

12:14:23 AM  CPU    %usr   %nice    %sys %iowait    %irq   %soft  %steal  %guest  %gnice   %idle
12:14:24 AM  all    0.00    0.00    1.01    0.00    1.01    5.79    0.00    0.00    0.00   92.19
12:14:24 AM    0    0.00    0.00    0.00    0.00    4.04   23.23    0.00    0.00    0.00   72.73
12:14:24 AM    1    0.00    0.00    4.08    0.00    0.00    0.00    0.00    0.00    0.00   95.92
12:14:24 AM    2    0.00    0.00    0.00    0.00    0.00    0.00    0.00    0.00    0.00  100.00
12:14:24 AM    3    0.00    0.00    0.00    0.00    0.00    0.00    0.00    0.00    0.00  100.00

12:14:24 AM  CPU    %usr   %nice    %sys %iowait    %irq   %soft  %steal  %guest  %gnice   %idle
12:14:25 AM  all    0.00    0.00    1.25    0.00    1.25    5.75    0.00    0.00    0.00   91.75
12:14:25 AM    0    0.00    0.00    0.00    0.00    4.04   23.23    0.00    0.00    0.00   72.73
12:14:25 AM    1    0.00    0.00    4.95    0.00    0.99    0.00    0.00    0.00    0.00   94.06
12:14:25 AM    2    0.00    0.00    0.00    0.00    0.00    0.00    0.00    0.00    0.00  100.00
12:14:25 AM    3    0.00    0.00    0.00    0.00    0.00    0.00    0.00    0.00    0.00  100.00

12:14:25 AM  CPU    %usr   %nice    %sys %iowait    %irq   %soft  %steal  %guest  %gnice   %idle
12:14:26 AM  all    0.76    0.00    0.25    0.00    1.01    6.06    0.00    0.00    0.00   91.92
12:14:26 AM    0    1.00    0.00    0.00    0.00    4.00   23.00    0.00    0.00    0.00   72.00
12:14:26 AM    1    0.00    0.00    0.00    0.00    0.00    0.00    0.00    0.00    0.00  100.00
12:14:26 AM    2    0.98    0.00    0.98    0.00    0.00    0.98    0.00    0.00    0.00   97.06
12:14:26 AM    3    1.00    0.00    0.00    0.00    0.00    0.00    0.00    0.00    0.00   99.00

12:14:26 AM  CPU    %usr   %nice    %sys %iowait    %irq   %soft  %steal  %guest  %gnice   %idle
12:14:27 AM  all    0.00    0.00    0.75    0.00    1.26    5.78    0.00    0.00    0.00   92.21
12:14:27 AM    0    0.00    0.00    0.00    0.00    4.04   23.23    0.00    0.00    0.00   72.73
12:14:27 AM    1    0.00    0.00    2.02    0.00    1.01    0.00    0.00    0.00    0.00   96.97
12:14:27 AM    2    0.00    0.00    1.00    0.00    0.00    0.00    0.00    0.00    0.00   99.00
12:14:27 AM    3    0.00    0.00    0.00    0.00    0.00    0.00    0.00    0.00    0.00  100.00

12:14:27 AM  CPU    %usr   %nice    %sys %iowait    %irq   %soft  %steal  %guest  %gnice   %idle
12:14:28 AM  all    0.00    0.00    0.76    0.00    1.01    6.05    0.00    0.00    0.00   92.19
12:14:28 AM    0    0.00    0.00    0.00    0.00    4.00   24.00    0.00    0.00    0.00   72.00
12:14:28 AM    1    0.00    0.00    2.04    0.00    0.00    0.00    0.00    0.00    0.00   97.96
12:14:28 AM    2    0.00    0.00    1.01    0.00    0.00    0.00    0.00    0.00    0.00   98.99
12:14:28 AM    3    0.00    0.00    0.00    0.00    0.00    0.00    0.00    0.00    0.00  100.00

12:14:28 AM  CPU    %usr   %nice    %sys %iowait    %irq   %soft  %steal  %guest  %gnice   %idle
12:14:29 AM  all    0.25    0.00    1.26    0.00    1.01    6.03    0.00    0.00    0.00   91.46
12:14:29 AM    0    0.00    0.00    0.00    0.00    4.08   23.47    0.00    0.00    0.00   72.45
12:14:29 AM    1    0.99    0.00    2.97    0.00    0.00    0.99    0.00    0.00    0.00   95.05
12:14:29 AM    2    0.00    0.00    2.00    0.00    0.00    0.00    0.00    0.00    0.00   98.00
12:14:29 AM    3    0.00    0.00    0.00    0.00    0.00    0.00    0.00    0.00    0.00  100.00

12:14:29 AM  CPU    %usr   %nice    %sys %iowait    %irq   %soft  %steal  %guest  %gnice   %idle
12:14:30 AM  all    0.00    0.00    0.50    0.00    1.51    5.78    0.00    0.00    0.00   92.21
12:14:30 AM    0    0.00    0.00    0.00    0.00    4.04   23.23    0.00    0.00    0.00   72.73
12:14:30 AM    1    0.00    0.00    1.00    0.00    1.00    0.00    0.00    0.00    0.00   98.00
12:14:30 AM    2    0.00    0.00    1.01    0.00    1.01    0.00    0.00    0.00    0.00   97.98
12:14:30 AM    3    0.00    0.00    0.00    0.00    0.00    0.00    0.00    0.00    0.00  100.00

12:14:30 AM  CPU    %usr   %nice    %sys %iowait    %irq   %soft  %steal  %guest  %gnice   %idle
12:14:31 AM  all    0.00    0.00    1.50    0.00    1.00    6.00    0.00    0.00    0.00   91.50
12:14:31 AM    0    0.00    0.00    1.00    0.00    4.00   24.00    0.00    0.00    0.00   71.00
12:14:31 AM    1    0.00    0.00    1.02    0.00    0.00    0.00    0.00    0.00    0.00   98.98
12:14:31 AM    2    0.00    0.00    3.92    0.00    0.00    0.00    0.00    0.00    0.00   96.08
12:14:31 AM    3    0.00    0.00    0.00    0.00    0.00    0.00    0.00    0.00    0.00  100.00

12:14:31 AM  CPU    %usr   %nice    %sys %iowait    %irq   %soft  %steal  %guest  %gnice   %idle
12:14:32 AM  all    0.50    0.00    1.50    0.00    1.00    5.75    0.00    0.00    0.00   91.25
12:14:32 AM    0    0.00    0.00    0.00    0.00    4.04   23.23    0.00    0.00    0.00   72.73
12:14:32 AM    1    0.99    0.00    1.98    0.00    0.00    0.00    0.00    0.00    0.00   97.03
12:14:32 AM    2    0.00    0.00    3.03    0.00    0.00    0.00    0.00    0.00    0.00   96.97
12:14:32 AM    3    0.99    0.00    0.99    0.00    0.00    0.00    0.00    0.00    0.00   98.02

12:14:32 AM  CPU    %usr   %nice    %sys %iowait    %irq   %soft  %steal  %guest  %gnice   %idle
12:14:33 AM  all    0.00    0.00    1.01    0.00    1.26    5.78    0.00    0.00    0.00   91.96
12:14:33 AM    0    0.00    0.00    0.00    0.00    4.04   23.23    0.00    0.00    0.00   72.73
12:14:33 AM    1    0.00    0.00    1.01    0.00    0.00    0.00    0.00    0.00    0.00   98.99
12:14:33 AM    2    0.00    0.00    3.00    0.00    1.00    0.00    0.00    0.00    0.00   96.00
12:14:33 AM    3    0.00    0.00    0.00    0.00    0.00    0.00    0.00    0.00    0.00  100.00

12:14:33 AM  CPU    %usr   %nice    %sys %iowait    %irq   %soft  %steal  %guest  %gnice   %idle
12:14:34 AM  all    0.00    0.00    1.25    0.00    1.00    5.76    0.00    0.00    0.00   91.98
12:14:34 AM    0    0.00    0.00    0.00    0.00    4.04   23.23    0.00    0.00    0.00   72.73
12:14:34 AM    1    0.00    0.00    1.00    0.00    0.00    0.00    0.00    0.00    0.00   99.00
12:14:34 AM    2    0.00    0.00    4.00    0.00    0.00    0.00    0.00    0.00    0.00   96.00
12:14:34 AM    3    0.00    0.00    0.00    0.00    0.00    0.00    0.00    0.00    0.00  100.00

12:14:34 AM  CPU    %usr   %nice    %sys %iowait    %irq   %soft  %steal  %guest  %gnice   %idle
12:14:35 AM  all    0.00    0.00    1.01    0.00    1.26    5.79    0.00    0.00    0.00   91.94
12:14:35 AM    0    0.00    0.00    0.00    0.00    4.08   23.47    0.00    0.00    0.00   72.45
12:14:35 AM    1    0.00    0.00    1.98    0.00    0.99    0.00    0.00    0.00    0.00   97.03
12:14:35 AM    2    0.00    0.00    2.04    0.00    0.00    0.00    0.00    0.00    0.00   97.96
12:14:35 AM    3    0.00    0.00    0.00    0.00    0.00    0.00    0.00    0.00    0.00  100.00

12:14:35 AM  CPU    %usr   %nice    %sys %iowait    %irq   %soft  %steal  %guest  %gnice   %idle
12:14:36 AM  all    0.00    0.00    1.26    0.00    1.26    6.03    0.00    0.00    0.00   91.46
12:14:36 AM    0    0.00    0.00    1.00    0.00    4.00   24.00    0.00    0.00    0.00   71.00
12:14:36 AM    1    0.00    0.00    0.00    0.00    0.00    0.00    0.00    0.00    0.00  100.00
12:14:36 AM    2    0.00    0.00    2.02    0.00    1.01    0.00    0.00    0.00    0.00   96.97
12:14:36 AM    3    0.00    0.00    2.00    0.00    0.00    0.00    0.00    0.00    0.00   98.00

12:14:36 AM  CPU    %usr   %nice    %sys %iowait    %irq   %soft  %steal  %guest  %gnice   %idle
12:14:37 AM  all    0.00    0.00    1.01    0.00    1.01    5.78    0.00    0.00    0.00   92.21
12:14:37 AM    0    0.00    0.00    0.00    0.00    4.08   23.47    0.00    0.00    0.00   72.45
12:14:37 AM    1    0.00    0.00    0.00    0.00    0.00    0.00    0.00    0.00    0.00  100.00
12:14:37 AM    2    0.00    0.00    4.00    0.00    0.00    0.00    0.00    0.00    0.00   96.00
12:14:37 AM    3    0.00    0.00    0.00    0.00    0.00    0.00    0.00    0.00    0.00  100.00

12:14:37 AM  CPU    %usr   %nice    %sys %iowait    %irq   %soft  %steal  %guest  %gnice   %idle
12:14:38 AM  all    0.00    0.00    1.00    0.00    1.00    6.02    0.00    0.00    0.00   91.98
12:14:38 AM    0    0.00    0.00    1.00    0.00    4.00   24.00    0.00    0.00    0.00   71.00
12:14:38 AM    1    0.00    0.00    0.00    0.00    0.00    0.00    0.00    0.00    0.00  100.00
12:14:38 AM    2    0.00    0.00    2.02    0.00    0.00    0.00    0.00    0.00    0.00   97.98
12:14:38 AM    3    0.00    0.00    1.00    0.00    0.00    0.00    0.00    0.00    0.00   99.00

12:14:38 AM  CPU    %usr   %nice    %sys %iowait    %irq   %soft  %steal  %guest  %gnice   %idle
12:14:39 AM  all    0.00    0.00    1.74    0.00    1.49    5.72    0.00    0.00    0.00   91.04
12:14:39 AM    0    0.00    0.00    0.00    0.00    4.04   23.23    0.00    0.00    0.00   72.73
12:14:39 AM    1    0.00    0.00    0.00    0.00    0.00    0.00    0.00    0.00    0.00  100.00
12:14:39 AM    2    0.00    0.00    3.92    0.00    0.98    0.00    0.00    0.00    0.00   95.10
12:14:39 AM    3    0.00    0.00    2.97    0.00    0.99    0.00    0.00    0.00    0.00   96.04

12:14:39 AM  CPU    %usr   %nice    %sys %iowait    %irq   %soft  %steal  %guest  %gnice   %idle
12:14:40 AM  all    0.00    0.00    0.76    0.00    1.02    5.84    0.00    0.00    0.00   92.39
12:14:40 AM    0    0.00    0.00    0.00    0.00    4.04   23.23    0.00    0.00    0.00   72.73
12:14:40 AM    1    0.00    0.00    0.00    0.00    0.00    0.00    0.00    0.00    0.00  100.00
12:14:40 AM    2    0.00    0.00    1.02    0.00    0.00    0.00    0.00    0.00    0.00   98.98
12:14:40 AM    3    0.00    0.00    2.04    0.00    0.00    0.00    0.00    0.00    0.00   97.96

12:14:40 AM  CPU    %usr   %nice    %sys %iowait    %irq   %soft  %steal  %guest  %gnice   %idle
12:14:41 AM  all    0.00    0.00    1.26    0.00    0.76    5.79    0.00    0.00    0.00   92.19
12:14:41 AM    0    0.00    0.00    0.00    0.00    3.06   23.47    0.00    0.00    0.00   73.47
12:14:41 AM    1    0.00    0.00    0.00    0.00    0.00    0.00    0.00    0.00    0.00  100.00
12:14:41 AM    2    0.00    0.00    3.00    0.00    0.00    0.00    0.00    0.00    0.00   97.00
12:14:41 AM    3    0.00    0.00    2.02    0.00    0.00    0.00    0.00    0.00    0.00   97.98

12:14:41 AM  CPU    %usr   %nice    %sys %iowait    %irq   %soft  %steal  %guest  %gnice   %idle
12:14:42 AM  all    0.25    0.00    1.00    0.00    1.25    5.75    0.00    0.00    0.00   91.75
12:14:42 AM    0    0.00    0.00    0.00    0.00    4.04   23.23    0.00    0.00    0.00   72.73
12:14:42 AM    1    0.00    0.00    0.00    0.00    0.00    0.00    0.00    0.00    0.00  100.00
12:14:42 AM    2    0.00    0.00    2.00    0.00    0.00    0.00    0.00    0.00    0.00   98.00
12:14:42 AM    3    0.99    0.00    1.98    0.00    0.99    0.00    0.00    0.00    0.00   96.04

12:14:42 AM  CPU    %usr   %nice    %sys %iowait    %irq   %soft  %steal  %guest  %gnice   %idle
12:14:43 AM  all    0.25    0.00    0.50    0.00    1.26    5.79    0.00    0.00    0.00   92.19
12:14:43 AM    0    0.00    0.00    0.00    0.00    4.08   23.47    0.00    0.00    0.00   72.45
12:14:43 AM    1    0.00    0.00    0.00    0.00    0.00    0.00    0.00    0.00    0.00  100.00
12:14:43 AM    2    1.00    0.00    1.00    0.00    1.00    0.00    0.00    0.00    0.00   97.00
12:14:43 AM    3    0.00    0.00    1.01    0.00    0.00    0.00    0.00    0.00    0.00   98.99

12:14:43 AM  CPU    %usr   %nice    %sys %iowait    %irq   %soft  %steal  %guest  %gnice   %idle
12:14:44 AM  all    0.00    0.00    1.26    0.00    1.01    6.05    0.00    0.00    0.00   91.69
12:14:44 AM    0    0.00    0.00    1.00    0.00    4.00   24.00    0.00    0.00    0.00   71.00
12:14:44 AM    1    0.00    0.00    0.99    0.00    0.00    0.00    0.00    0.00    0.00   99.01
12:14:44 AM    2    0.00    0.00    1.00    0.00    0.00    0.00    0.00    0.00    0.00   99.00
12:14:44 AM    3    0.00    0.00    2.08    0.00    0.00    0.00    0.00    0.00    0.00   97.92

12:14:44 AM  CPU    %usr   %nice    %sys %iowait    %irq   %soft  %steal  %guest  %gnice   %idle
12:14:45 AM  all    0.00    0.00    0.75    0.25    1.25    5.76    0.00    0.00    0.00   91.98
12:14:45 AM    0    0.00    0.00    0.00    0.00    4.04   23.23    0.00    0.00    0.00   72.73
12:14:45 AM    1    0.00    0.00    0.00    0.00    0.00    0.00    0.00    0.00    0.00  100.00
12:14:45 AM    2    0.00    0.00    1.00    0.00    0.00    0.00    0.00    0.00    0.00   99.00
12:14:45 AM    3    0.00    0.00    2.00    1.00    1.00    0.00    0.00    0.00    0.00   96.00

12:14:45 AM  CPU    %usr   %nice    %sys %iowait    %irq   %soft  %steal  %guest  %gnice   %idle
12:14:46 AM  all    0.00    0.00    0.76    0.00    1.01    5.81    0.00    0.00    0.00   92.42
12:14:46 AM    0    0.00    0.00    0.00    0.00    4.04   23.23    0.00    0.00    0.00   72.73
12:14:46 AM    1    0.00    0.00    0.00    0.00    0.00    0.00    0.00    0.00    0.00  100.00
12:14:46 AM    2    0.00    0.00    1.00    0.00    0.00    0.00    0.00    0.00    0.00   99.00
12:14:46 AM    3    0.00    0.00    2.04    0.00    0.00    0.00    0.00    0.00    0.00   97.96

12:14:46 AM  CPU    %usr   %nice    %sys %iowait    %irq   %soft  %steal  %guest  %gnice   %idle
12:14:47 AM  all    0.25    0.00    1.50    0.00    1.00    5.75    0.00    0.00    0.00   91.50
12:14:47 AM    0    0.00    0.00    0.00    0.00    4.04   23.23    0.00    0.00    0.00   72.73
12:14:47 AM    1    0.00    0.00    0.00    0.00    0.00    0.00    0.00    0.00    0.00  100.00
12:14:47 AM    2    0.00    0.00    2.00    0.00    0.00    0.00    0.00    0.00    0.00   98.00
12:14:47 AM    3    0.99    0.00    3.96    0.00    0.00    0.00    0.00    0.00    0.00   95.05

12:14:47 AM  CPU    %usr   %nice    %sys %iowait    %irq   %soft  %steal  %guest  %gnice   %idle
12:14:48 AM  all    0.00    0.00    0.50    0.00    1.51    6.03    0.00    0.00    0.00   91.96
12:14:48 AM    0    0.00    0.00    0.00    0.00    4.04   24.24    0.00    0.00    0.00   71.72
12:14:48 AM    1    0.00    0.00    0.00    0.00    0.00    0.00    0.00    0.00    0.00  100.00
12:14:48 AM    2    0.00    0.00    0.99    0.00    0.99    0.00    0.00    0.00    0.00   98.02
12:14:48 AM    3    0.00    0.00    1.02    0.00    1.02    0.00    0.00    0.00    0.00   97.96

12:14:48 AM  CPU    %usr   %nice    %sys %iowait    %irq   %soft  %steal  %guest  %gnice   %idle
12:14:49 AM  all    0.00    0.00    1.50    0.00    1.00    5.75    0.00    0.00    0.00   91.75
12:14:49 AM    0    0.00    0.00    0.00    0.00    4.04   23.23    0.00    0.00    0.00   72.73
12:14:49 AM    1    0.00    0.00    0.00    0.00    0.00    0.00    0.00    0.00    0.00  100.00
12:14:49 AM    2    0.00    0.00    1.98    0.00    0.00    0.00    0.00    0.00    0.00   98.02
12:14:49 AM    3    0.00    0.00    4.00    0.00    0.00    0.00    0.00    0.00    0.00   96.00

12:14:49 AM  CPU    %usr   %nice    %sys %iowait    %irq   %soft  %steal  %guest  %gnice   %idle
12:14:50 AM  all    0.00    0.00    1.75    0.00    1.00    5.75    0.00    0.00    0.00   91.50
12:14:50 AM    0    0.00    0.00    0.00    0.00    4.04   23.23    0.00    0.00    0.00   72.73
12:14:50 AM    1    0.00    0.00    0.00    0.00    0.00    0.00    0.00    0.00    0.00  100.00
12:14:50 AM    2    0.00    0.00    2.00    0.00    0.00    0.00    0.00    0.00    0.00   98.00
12:14:50 AM    3    0.00    0.00    4.95    0.00    0.00    0.00    0.00    0.00    0.00   95.05

12:14:50 AM  CPU    %usr   %nice    %sys %iowait    %irq   %soft  %steal  %guest  %gnice   %idle
12:14:51 AM  all    0.25    0.00    0.75    0.00    1.25    5.76    0.00    0.00    0.00   91.98
12:14:51 AM    0    0.00    0.00    0.00    0.00    4.04   23.23    0.00    0.00    0.00   72.73
12:14:51 AM    1    0.99    0.00    0.00    0.00    0.00    0.00    0.00    0.00    0.00   99.01
12:14:51 AM    2    0.00    0.00    1.00    0.00    0.00    0.00    0.00    0.00    0.00   99.00
12:14:51 AM    3    0.00    0.00    2.02    0.00    1.01    0.00    0.00    0.00    0.00   96.97

12:14:51 AM  CPU    %usr   %nice    %sys %iowait    %irq   %soft  %steal  %guest  %gnice   %idle
12:14:52 AM  all    0.00    0.00    1.02    0.00    1.02    5.84    0.00    0.00    0.00   92.13
12:14:52 AM    0    0.00    0.00    1.01    0.00    4.04   23.23    0.00    0.00    0.00   71.72
12:14:52 AM    1    0.00    0.00    0.00    0.00    0.00    0.00    0.00    0.00    0.00  100.00
12:14:52 AM    2    0.00    0.00    1.01    0.00    0.00    0.00    0.00    0.00    0.00   98.99
12:14:52 AM    3    0.00    0.00    2.06    0.00    0.00    0.00    0.00    0.00    0.00   97.94

Average:     CPU    %usr   %nice    %sys %iowait    %irq   %soft  %steal  %guest  %gnice   %idle
Average:     all    0.08    0.00    0.97    0.01    1.13    5.87    0.00    0.00    0.00   91.94
Average:       0    0.02    0.00    0.13    0.00    3.97   23.52    0.00    0.00    0.00   72.36
Average:       1    0.14    0.00    1.17    0.00    0.19    0.03    0.00    0.00    0.00   98.47
Average:       2    0.06    0.00    1.24    0.00    0.19    0.03    0.00    0.00    0.00   98.47
Average:       3    0.09    0.00    1.33    0.02    0.20    0.03    0.00    0.00    0.00   98.33
