Linux 7.0.12 (l2) 	06/30/2026 	_x86_64_	(24 CPU)

03:58:54 PM  CPU    %usr   %nice    %sys %iowait    %irq   %soft  %steal  %guest  %gnice   %idle
03:58:55 PM  all    0.04    0.00    4.36    0.00    0.12    3.94    0.00    0.00    0.00   91.53
03:58:55 PM    0    0.00    0.00   31.37    0.00    0.98   28.43    0.00    0.00    0.00   39.22
03:58:55 PM    1    0.00    0.00   32.04    0.00    0.00   25.24    0.00    0.00    0.00   42.72
03:58:55 PM    2    0.94    0.00   31.13    0.00    0.94   19.81    0.00    0.00    0.00   47.17
03:58:55 PM    3    0.00    0.00    7.00    0.00    0.00    5.00    0.00    0.00    0.00   88.00
03:58:55 PM    4    0.00    0.00    0.00    0.00    0.00    1.00    0.00    0.00    0.00   99.00
03:58:55 PM    5    0.00    0.00    0.00    0.00    0.00    1.00    0.00    0.00    0.00   99.00
03:58:55 PM    6    0.00    0.00    0.00    0.00    0.00    1.01    0.00    0.00    0.00   98.99
03:58:55 PM    7    0.00    0.00    0.00    0.00    0.00    0.99    0.00    0.00    0.00   99.01
03:58:55 PM    8    0.00    0.00    0.00    0.00    0.00    2.02    0.00    0.00    0.00   97.98
03:58:55 PM    9    0.00    0.00    0.00    0.00    0.00    0.00    0.00    0.00    0.00  100.00
03:58:55 PM   10    0.00    0.00    0.00    0.00    0.00    0.00    0.00    0.00    0.00  100.00
03:58:55 PM   11    0.00    0.00    0.00    0.00    0.00    3.03    0.00    0.00    0.00   96.97
03:58:55 PM   12    0.00    0.00    0.00    0.00    0.00    3.00    0.00    0.00    0.00   97.00
03:58:55 PM   13    0.00    0.00    0.00    0.00    0.00    0.00    0.00    0.00    0.00  100.00
03:58:55 PM   14    0.00    0.00    0.00    0.00    0.00    0.00    0.00    0.00    0.00  100.00
03:58:55 PM   15    0.00    0.00    0.00    0.00    0.00    0.00    0.00    0.00    0.00  100.00
03:58:55 PM   16    0.00    0.00    0.00    0.00    0.00    0.00    0.00    0.00    0.00  100.00
03:58:55 PM   17    0.00    0.00    0.00    0.00    0.00    0.00    0.00    0.00    0.00  100.00
03:58:55 PM   18    0.00    0.00    0.00    0.00    0.00    0.00    0.00    0.00    0.00  100.00
03:58:55 PM   19    0.00    0.00    0.00    0.00    0.00    0.00    0.00    0.00    0.00  100.00
03:58:55 PM   20    0.00    0.00    0.00    0.00    1.00    2.00    0.00    0.00    0.00   97.00
03:58:55 PM   21    0.00    0.00    0.00    0.00    0.00    0.00    0.00    0.00    0.00  100.00
03:58:55 PM   22    0.00    0.00    0.00    0.00    0.00    0.00    0.00    0.00    0.00  100.00
03:58:55 PM   23    0.00    0.00    0.00    0.00    0.00    0.00    0.00    0.00    0.00  100.00

03:58:55 PM  CPU    %usr   %nice    %sys %iowait    %irq   %soft  %steal  %guest  %gnice   %idle
03:58:56 PM  all    0.04    0.00    5.67    0.00    0.12    7.92    0.00    0.00    0.00   86.25
03:58:56 PM    0    0.99    0.00   38.61    0.00    0.00   55.45    0.00    0.00    0.00    4.95
03:58:56 PM    1    0.00    0.00   40.00    0.00    0.00   52.00    0.00    0.00    0.00    8.00
03:58:56 PM    2    0.00    0.00   40.78    0.00    0.00   39.81    0.00    0.00    0.00   19.42
03:58:56 PM    3    0.00    0.00   13.86    0.00    0.00   11.88    0.00    0.00    0.00   74.26
03:58:56 PM    4    0.00    0.00    0.00    0.00    1.01    1.01    0.00    0.00    0.00   97.98
03:58:56 PM    5    0.00    0.00    0.00    0.00    0.00    2.02    0.00    0.00    0.00   97.98
03:58:56 PM    6    0.00    0.00    1.00    0.00    0.00    1.00    0.00    0.00    0.00   98.00
03:58:56 PM    7    0.00    0.00    0.00    0.00    1.00    0.00    0.00    0.00    0.00   99.00
03:58:56 PM    8    0.00    0.00    0.00    0.00    0.00    6.06    0.00    0.00    0.00   93.94
03:58:56 PM    9    0.00    0.00    0.00    0.00    0.00    0.00    0.00    0.00    0.00  100.00
03:58:56 PM   10    0.00    0.00    0.00    0.00    0.00    0.00    0.00    0.00    0.00  100.00
03:58:56 PM   11    0.00    0.00    0.00    0.00    0.00    6.06    0.00    0.00    0.00   93.94
03:58:56 PM   12    0.00    0.00    0.00    0.00    1.00    5.00    0.00    0.00    0.00   94.00
03:58:56 PM   13    0.00    0.00    0.00    0.00    0.00    0.00    0.00    0.00    0.00  100.00
03:58:56 PM   14    0.00    0.00    0.00    0.00    0.00    0.00    0.00    0.00    0.00  100.00
03:58:56 PM   15    0.00    0.00    0.00    0.00    0.00    0.00    0.00    0.00    0.00  100.00
03:58:56 PM   16    0.00    0.00    0.00    0.00    0.00    0.00    0.00    0.00    0.00  100.00
03:58:56 PM   17    0.00    0.00    0.00    0.00    0.00    0.00    0.00    0.00    0.00  100.00
03:58:56 PM   18    0.00    0.00    0.00    0.00    0.00    0.00    0.00    0.00    0.00  100.00
03:58:56 PM   19    0.00    0.00    0.00    0.00    0.00    0.00    0.00    0.00    0.00  100.00
03:58:56 PM   20    0.00    0.00    0.00    0.00    0.00    8.08    0.00    0.00    0.00   91.92
03:58:56 PM   21    0.00    0.00    0.00    0.00    0.00    0.00    0.00    0.00    0.00  100.00
03:58:56 PM   22    0.00    0.00    0.00    0.00    0.00    0.00    0.00    0.00    0.00  100.00
03:58:56 PM   23    0.00    0.00    0.00    0.00    0.00    0.00    0.00    0.00    0.00  100.00

03:58:56 PM  CPU    %usr   %nice    %sys %iowait    %irq   %soft  %steal  %guest  %gnice   %idle
03:58:57 PM  all    0.04    0.00    6.36    0.00    0.29    5.95    0.00    0.00    0.00   87.35
03:58:57 PM    0    0.00    0.00   43.56    0.00    0.00   43.56    0.00    0.00    0.00   12.87
03:58:57 PM    1    0.00    0.00   41.58    0.00    0.99   34.65    0.00    0.00    0.00   22.77
03:58:57 PM    2    0.00    0.00   45.10    0.00    0.00   27.45    0.00    0.00    0.00   27.45
03:58:57 PM    3    1.00    0.00   21.00    0.00    0.00   12.00    0.00    0.00    0.00   66.00
03:58:57 PM    4    0.00    0.00    0.00    0.00    0.00    2.00    0.00    0.00    0.00   98.00
03:58:57 PM    5    0.00    0.00    0.00    0.00    1.00    1.00    0.00    0.00    0.00   98.00
03:58:57 PM    6    0.00    0.00    0.00    0.00    1.00    2.00    0.00    0.00    0.00   97.00
03:58:57 PM    7    0.00    0.00    0.00    0.00    0.00    1.00    0.00    0.00    0.00   99.00
03:58:57 PM    8    0.00    0.00    0.00    0.00    1.00    5.00    0.00    0.00    0.00   94.00
03:58:57 PM    9    0.00    0.00    0.00    0.00    0.00    0.00    0.00    0.00    0.00  100.00
03:58:57 PM   10    0.00    0.00    0.00    0.00    0.00    0.00    0.00    0.00    0.00  100.00
03:58:57 PM   11    0.00    0.00    0.00    0.00    0.99    4.95    0.00    0.00    0.00   94.06
03:58:57 PM   12    0.00    0.00    0.00    0.00    1.00    4.00    0.00    0.00    0.00   95.00
03:58:57 PM   13    0.00    0.00    0.00    0.00    0.00    0.00    0.00    0.00    0.00  100.00
03:58:57 PM   14    0.00    0.00    0.00    0.00    0.00    0.00    0.00    0.00    0.00  100.00
03:58:57 PM   15    0.00    0.00    0.00    0.00    0.00    0.00    0.00    0.00    0.00  100.00
03:58:57 PM   16    0.00    0.00    0.00    0.00    0.00    0.00    0.00    0.00    0.00  100.00
03:58:57 PM   17    0.00    0.00    0.00    0.00    0.00    0.00    0.00    0.00    0.00  100.00
03:58:57 PM   18    0.00    0.00    0.00    0.00    0.00    0.00    0.00    0.00    0.00  100.00
03:58:57 PM   19    0.00    0.00    0.00    0.00    0.00    0.00    0.00    0.00    0.00  100.00
03:58:57 PM   20    0.00    0.00    0.00    0.00    1.01    4.04    0.00    0.00    0.00   94.95
03:58:57 PM   21    0.00    0.00    0.00    0.00    0.00    0.00    0.00    0.00    0.00  100.00
03:58:57 PM   22    0.00    0.00    0.00    0.00    0.00    0.00    0.00    0.00    0.00  100.00
03:58:57 PM   23    0.00    0.00    0.00    0.00    0.00    0.00    0.00    0.00    0.00  100.00

03:58:57 PM  CPU    %usr   %nice    %sys %iowait    %irq   %soft  %steal  %guest  %gnice   %idle
03:58:58 PM  all    0.00    0.00    6.33    0.00    0.17    6.37    0.00    0.00    0.00   87.14
03:58:58 PM    0    0.00    0.00   43.14    0.00    0.98   45.10    0.00    0.00    0.00   10.78
03:58:58 PM    1    0.00    0.00   44.00    0.00    0.00   37.00    0.00    0.00    0.00   19.00
03:58:58 PM    2    0.00    0.00   42.57    0.00    0.00   30.69    0.00    0.00    0.00   26.73
03:58:58 PM    3    0.00    0.00   19.80    0.00    0.00   13.86    0.00    0.00    0.00   66.34
03:58:58 PM    4    0.00    0.00    0.99    0.00    0.99    1.98    0.00    0.00    0.00   96.04
03:58:58 PM    5    0.00    0.00    0.00    0.00    0.00    2.02    0.00    0.00    0.00   97.98
03:58:58 PM    6    0.00    0.00    0.00    0.00    0.00    2.00    0.00    0.00    0.00   98.00
03:58:58 PM    7    0.00    0.00    0.00    0.00    0.00    1.00    0.00    0.00    0.00   99.00
03:58:58 PM    8    0.00    0.00    0.00    0.00    1.00    6.00    0.00    0.00    0.00   93.00
03:58:58 PM    9    0.00    0.00    0.00    0.00    0.00    0.00    0.00    0.00    0.00  100.00
03:58:58 PM   10    0.00    0.00    0.00    0.00    0.00    0.00    0.00    0.00    0.00  100.00
03:58:58 PM   11    0.00    0.00    0.00    0.00    0.00    4.04    0.00    0.00    0.00   95.96
03:58:58 PM   12    0.00    0.00    0.00    0.00    0.00    3.03    0.00    0.00    0.00   96.97
03:58:58 PM   13    0.00    0.00    0.00    0.00    0.00    0.00    0.00    0.00    0.00  100.00
03:58:58 PM   14    0.00    0.00    0.00    0.00    0.00    0.00    0.00    0.00    0.00  100.00
03:58:58 PM   15    0.00    0.00    0.00    0.00    0.00    0.00    0.00    0.00    0.00  100.00
03:58:58 PM   16    0.00    0.00    0.00    0.00    0.00    0.00    0.00    0.00    0.00  100.00
03:58:58 PM   17    0.00    0.00    0.00    0.00    0.00    0.00    0.00    0.00    0.00  100.00
03:58:58 PM   18    0.00    0.00    0.00    0.00    0.00    0.00    0.00    0.00    0.00  100.00
03:58:58 PM   19    0.00    0.00    0.00    0.00    0.00    0.00    0.00    0.00    0.00  100.00
03:58:58 PM   20    0.00    0.00    0.00    0.00    0.99    4.95    0.00    0.00    0.00   94.06
03:58:58 PM   21    0.00    0.00    0.00    0.00    0.00    0.00    0.00    0.00    0.00  100.00
03:58:58 PM   22    0.00    0.00    0.00    0.00    0.00    0.00    0.00    0.00    0.00  100.00
03:58:58 PM   23    0.00    0.00    0.00    0.00    0.00    0.00    0.00    0.00    0.00  100.00

03:58:58 PM  CPU    %usr   %nice    %sys %iowait    %irq   %soft  %steal  %guest  %gnice   %idle
03:58:59 PM  all    0.08    0.00    5.75    0.04    0.08    7.71    0.00    0.00    0.00   86.34
03:58:59 PM    0    0.00    0.00   39.00    0.00    0.00   54.00    0.00    0.00    0.00    7.00
03:58:59 PM    1    0.99    0.00   41.58    0.00    0.00   49.50    0.00    0.00    0.00    7.92
03:58:59 PM    2    0.95    0.00   39.05    0.00    0.95   38.10    0.00    0.00    0.00   20.95
03:58:59 PM    3    0.00    0.00   14.85    0.99    0.00   11.88    0.00    0.00    0.00   72.28
03:58:59 PM    4    0.00    0.00    0.00    0.00    0.00    1.01    0.00    0.00    0.00   98.99
03:58:59 PM    5    0.00    0.00    0.00    0.00    0.00    2.00    0.00    0.00    0.00   98.00
03:58:59 PM    6    0.00    0.00    0.00    0.00    0.00    1.01    0.00    0.00    0.00   98.99
03:58:59 PM    7    0.00    0.00    0.00    0.00    0.00    0.00    0.00    0.00    0.00  100.00
03:58:59 PM    8    0.00    0.00    1.00    0.00    0.00    7.00    0.00    0.00    0.00   92.00
03:58:59 PM    9    0.00    0.00    0.00    0.00    0.00    0.00    0.00    0.00    0.00  100.00
03:58:59 PM   10    0.00    0.00    0.00    0.00    0.00    0.00    0.00    0.00    0.00  100.00
03:58:59 PM   11    0.00    0.00    0.00    0.00    0.00    7.07    0.00    0.00    0.00   92.93
03:58:59 PM   12    0.00    0.00    0.00    0.00    1.01    5.05    0.00    0.00    0.00   93.94
03:58:59 PM   13    0.00    0.00    0.00    0.00    0.00    0.00    0.00    0.00    0.00  100.00
03:58:59 PM   14    0.00    0.00    0.00    0.00    0.00    0.00    0.00    0.00    0.00  100.00
03:58:59 PM   15    0.00    0.00    0.00    0.00    0.00    0.00    0.00    0.00    0.00  100.00
03:58:59 PM   16    0.00    0.00    0.00    0.00    0.00    0.00    0.00    0.00    0.00  100.00
03:58:59 PM   17    0.00    0.00    0.00    0.00    0.00    0.00    0.00    0.00    0.00  100.00
03:58:59 PM   18    0.00    0.00    0.00    0.00    0.00    0.00    0.00    0.00    0.00  100.00
03:58:59 PM   19    0.00    0.00    0.00    0.00    0.00    0.00    0.00    0.00    0.00  100.00
03:58:59 PM   20    0.00    0.00    0.00    0.00    0.00    6.06    0.00    0.00    0.00   93.94
03:58:59 PM   21    0.00    0.00    0.00    0.00    0.00    0.00    0.00    0.00    0.00  100.00
03:58:59 PM   22    0.00    0.00    0.00    0.00    0.00    0.00    0.00    0.00    0.00  100.00
03:58:59 PM   23    0.00    0.00    0.00    0.00    0.00    0.00    0.00    0.00    0.00  100.00

03:58:59 PM  CPU    %usr   %nice    %sys %iowait    %irq   %soft  %steal  %guest  %gnice   %idle
03:59:00 PM  all    0.00    0.00    6.07    0.00    0.37    7.57    0.00    0.00    0.00   85.99
03:59:00 PM    0    0.00    0.00   42.00    0.00    1.00   51.00    0.00    0.00    0.00    6.00
03:59:00 PM    1    0.00    0.00   39.81    0.00    0.97   48.54    0.00    0.00    0.00   10.68
03:59:00 PM    2    0.00    0.00   41.58    0.00    0.00   36.63    0.00    0.00    0.00   21.78
03:59:00 PM    3    0.00    0.00   20.79    0.00    0.00   15.84    0.00    0.00    0.00   63.37
03:59:00 PM    4    0.00    0.00    0.00    0.00    1.00    2.00    0.00    0.00    0.00   97.00
03:59:00 PM    5    0.00    0.00    0.00    0.00    1.01    1.01    0.00    0.00    0.00   97.98
03:59:00 PM    6    0.00    0.00    0.00    0.00    0.99    1.98    0.00    0.00    0.00   97.03
03:59:00 PM    7    0.00    0.00    0.00    0.00    0.00    1.00    0.00    0.00    0.00   99.00
03:59:00 PM    8    0.00    0.00    0.00    0.00    1.00    6.00    0.00    0.00    0.00   93.00
03:59:00 PM    9    0.00    0.00    0.00    0.00    0.00    0.00    0.00    0.00    0.00  100.00
03:59:00 PM   10    0.00    0.00    0.00    0.00    0.00    0.00    0.00    0.00    0.00  100.00
03:59:00 PM   11    0.00    0.00    0.00    0.00    1.00    6.00    0.00    0.00    0.00   93.00
03:59:00 PM   12    0.00    0.00    0.00    0.00    1.00    3.00    0.00    0.00    0.00   96.00
03:59:00 PM   13    0.00    0.00    0.00    0.00    0.00    0.00    0.00    0.00    0.00  100.00
03:59:00 PM   14    0.00    0.00    0.00    0.00    0.00    0.00    0.00    0.00    0.00  100.00
03:59:00 PM   15    0.00    0.00    0.00    0.00    0.00    0.00    0.00    0.00    0.00  100.00
03:59:00 PM   16    0.00    0.00    0.00    0.00    0.00    0.00    0.00    0.00    0.00  100.00
03:59:00 PM   17    0.00    0.00    0.00    0.00    0.00    0.00    0.00    0.00    0.00  100.00
03:59:00 PM   18    0.00    0.00    0.00    0.00    0.00    0.00    0.00    0.00    0.00  100.00
03:59:00 PM   19    0.00    0.00    0.00    0.00    0.00    0.00    0.00    0.00    0.00  100.00
03:59:00 PM   20    0.00    0.00    0.00    0.00    1.00    7.00    0.00    0.00    0.00   92.00
03:59:00 PM   21    0.00    0.00    0.00    0.00    0.00    0.00    0.00    0.00    0.00  100.00
03:59:00 PM   22    0.00    0.00    0.00    0.00    0.00    0.00    0.00    0.00    0.00  100.00
03:59:00 PM   23    0.00    0.00    0.00    0.00    0.00    0.00    0.00    0.00    0.00  100.00

03:59:00 PM  CPU    %usr   %nice    %sys %iowait    %irq   %soft  %steal  %guest  %gnice   %idle
03:59:01 PM  all    0.00    0.00    6.13    0.04    0.00    7.46    0.00    0.00    0.00   86.37
03:59:01 PM    0    0.00    0.00   39.00    0.00    0.00   57.00    0.00    0.00    0.00    4.00
03:59:01 PM    1    0.00    0.00   43.56    0.00    0.00   44.55    0.00    0.00    0.00   11.88
03:59:01 PM    2    0.00    0.00   43.56    0.00    0.00   35.64    0.00    0.00    0.00   20.79
03:59:01 PM    3    0.00    0.00   18.63    0.98    0.00   12.75    0.00    0.00    0.00   67.65
03:59:01 PM    4    0.00    0.00    0.00    0.00    0.00    1.02    0.00    0.00    0.00   98.98
03:59:01 PM    5    0.00    0.00    0.00    0.00    0.00    2.00    0.00    0.00    0.00   98.00
03:59:01 PM    6    0.00    0.00    0.00    0.00    0.00    1.01    0.00    0.00    0.00   98.99
03:59:01 PM    7    0.00    0.00    0.00    0.00    0.00    1.00    0.00    0.00    0.00   99.00
03:59:01 PM    8    0.00    0.00    0.00    0.00    0.00    6.06    0.00    0.00    0.00   93.94
03:59:01 PM    9    0.00    0.00    0.00    0.00    0.00    0.00    0.00    0.00    0.00  100.00
03:59:01 PM   10    0.00    0.00    0.00    0.00    0.00    0.00    0.00    0.00    0.00  100.00
03:59:01 PM   11    0.00    0.00    1.00    0.00    0.00    4.00    0.00    0.00    0.00   95.00
03:59:01 PM   12    0.00    0.00    0.00    0.00    0.00    6.00    0.00    0.00    0.00   94.00
03:59:01 PM   13    0.00    0.00    0.00    0.00    0.00    0.00    0.00    0.00    0.00  100.00
03:59:01 PM   14    0.00    0.00    0.00    0.00    0.00    0.00    0.00    0.00    0.00  100.00
03:59:01 PM   15    0.00    0.00    0.00    0.00    0.00    0.00    0.00    0.00    0.00  100.00
03:59:01 PM   16    0.00    0.00    0.00    0.00    0.00    0.00    0.00    0.00    0.00  100.00
03:59:01 PM   17    0.00    0.00    0.00    0.00    0.00    0.00    0.00    0.00    0.00  100.00
03:59:01 PM   18    0.00    0.00    0.00    0.00    0.00    0.00    0.00    0.00    0.00  100.00
03:59:01 PM   19    0.00    0.00    0.00    0.00    0.00    0.00    0.00    0.00    0.00  100.00
03:59:01 PM   20    0.00    0.00    0.00    0.00    0.00    7.07    0.00    0.00    0.00   92.93
03:59:01 PM   21    0.00    0.00    0.00    0.00    0.00    0.00    0.00    0.00    0.00  100.00
03:59:01 PM   22    0.00    0.00    0.00    0.00    0.00    0.00    0.00    0.00    0.00  100.00
03:59:01 PM   23    0.00    0.00    0.00    0.00    0.00    0.00    0.00    0.00    0.00  100.00

03:59:01 PM  CPU    %usr   %nice    %sys %iowait    %irq   %soft  %steal  %guest  %gnice   %idle
03:59:02 PM  all    0.00    0.00    6.04    0.00    0.33    7.12    0.00    0.00    0.00   86.51
03:59:02 PM    0    0.00    0.00   41.00    0.00    0.00   50.00    0.00    0.00    0.00    9.00
03:59:02 PM    1    0.00    0.00   44.00    0.00    0.00   43.00    0.00    0.00    0.00   13.00
03:59:02 PM    2    0.00    0.00   41.18    0.00    0.98   33.33    0.00    0.00    0.00   24.51
03:59:02 PM    3    0.00    0.00   17.82    0.00    0.99   14.85    0.00    0.00    0.00   66.34
03:59:02 PM    4    0.00    0.00    0.00    0.00    0.99    1.98    0.00    0.00    0.00   97.03
03:59:02 PM    5    0.00    0.00    0.00    0.00    0.99    1.98    0.00    0.00    0.00   97.03
03:59:02 PM    6    0.00    0.00    0.00    0.00    0.00    2.02    0.00    0.00    0.00   97.98
03:59:02 PM    7    0.00    0.00    0.00    0.00    0.00    0.00    0.00    0.00    0.00  100.00
03:59:02 PM    8    0.00    0.00    0.00    0.00    1.00    7.00    0.00    0.00    0.00   92.00
03:59:02 PM    9    0.00    0.00    0.00    0.00    0.00    0.00    0.00    0.00    0.00  100.00
03:59:02 PM   10    0.00    0.00    0.00    0.00    0.00    0.00    0.00    0.00    0.00  100.00
03:59:02 PM   11    0.00    0.00    0.00    0.00    1.00    6.00    0.00    0.00    0.00   93.00
03:59:02 PM   12    0.00    0.00    0.00    0.00    1.00    4.00    0.00    0.00    0.00   95.00
03:59:02 PM   13    0.00    0.00    0.00    0.00    0.00    0.00    0.00    0.00    0.00  100.00
03:59:02 PM   14    0.00    0.00    0.00    0.00    0.00    0.00    0.00    0.00    0.00  100.00
03:59:02 PM   15    0.00    0.00    0.00    0.00    0.00    0.00    0.00    0.00    0.00  100.00
03:59:02 PM   16    0.00    0.00    0.00    0.00    0.00    0.00    0.00    0.00    0.00  100.00
03:59:02 PM   17    0.00    0.00    0.00    0.00    0.00    0.00    0.00    0.00    0.00  100.00
03:59:02 PM   18    0.00    0.00    0.00    0.00    0.00    0.00    0.00    0.00    0.00  100.00
03:59:02 PM   19    0.00    0.00    0.00    0.00    0.00    0.00    0.00    0.00    0.00  100.00
03:59:02 PM   20    0.00    0.00    0.00    0.00    1.01    6.06    0.00    0.00    0.00   92.93
03:59:02 PM   21    0.00    0.00    0.00    0.00    0.00    0.00    0.00    0.00    0.00  100.00
03:59:02 PM   22    0.00    0.00    0.00    0.00    0.00    0.00    0.00    0.00    0.00  100.00
03:59:02 PM   23    0.00    0.00    0.00    0.00    0.00    0.00    0.00    0.00    0.00  100.00

03:59:02 PM  CPU    %usr   %nice    %sys %iowait    %irq   %soft  %steal  %guest  %gnice   %idle
03:59:03 PM  all    0.00    0.00    5.91    0.00    0.12    6.74    0.00    0.00    0.00   87.22
03:59:03 PM    0    0.00    0.00   42.16    0.00    0.98   50.00    0.00    0.00    0.00    6.86
03:59:03 PM    1    0.00    0.00   43.69    0.00    0.97   41.75    0.00    0.00    0.00   13.59
03:59:03 PM    2    0.00    0.00   45.63    0.00    0.00   33.98    0.00    0.00    0.00   20.39
03:59:03 PM    3    0.00    0.00    6.12    0.00    0.00    5.10    0.00    0.00    0.00   88.78
03:59:03 PM    4    0.00    0.00    0.00    0.00    0.00    2.00    0.00    0.00    0.00   98.00
03:59:03 PM    5    0.00    0.00    0.00    0.00    0.00    1.02    0.00    0.00    0.00   98.98
03:59:03 PM    6    0.00    0.00    0.00    0.00    0.00    1.01    0.00    0.00    0.00   98.99
03:59:03 PM    7    0.00    0.00    0.00    0.00    0.00    0.00    0.00    0.00    0.00  100.00
03:59:03 PM    8    0.00    0.00    0.00    0.00    0.00    6.06    0.00    0.00    0.00   93.94
03:59:03 PM    9    0.00    0.00    0.00    0.00    0.00    0.00    0.00    0.00    0.00  100.00
03:59:03 PM   10    0.00    0.00    0.00    0.00    0.00    0.00    0.00    0.00    0.00  100.00
03:59:03 PM   11    0.00    0.00    0.00    0.00    0.00    6.06    0.00    0.00    0.00   93.94
03:59:03 PM   12    0.00    0.00    0.99    0.00    0.99    4.95    0.00    0.00    0.00   93.07
03:59:03 PM   13    0.00    0.00    0.00    0.00    0.00    0.00    0.00    0.00    0.00  100.00
03:59:03 PM   14    0.00    0.00    0.00    0.00    0.00    0.00    0.00    0.00    0.00  100.00
03:59:03 PM   15    0.00    0.00    0.00    0.00    0.00    0.00    0.00    0.00    0.00  100.00
03:59:03 PM   16    0.00    0.00    0.00    0.00    0.00    0.00    0.00    0.00    0.00  100.00
03:59:03 PM   17    0.00    0.00    0.00    0.00    0.00    0.00    0.00    0.00    0.00  100.00
03:59:03 PM   18    0.00    0.00    0.00    0.00    0.00    0.00    0.00    0.00    0.00  100.00
03:59:03 PM   19    0.00    0.00    0.00    0.00    0.00    0.00    0.00    0.00    0.00  100.00
03:59:03 PM   20    0.00    0.00    0.00    0.00    0.00    7.00    0.00    0.00    0.00   93.00
03:59:03 PM   21    0.00    0.00    0.00    0.00    0.00    0.00    0.00    0.00    0.00  100.00
03:59:03 PM   22    0.00    0.00    0.00    0.00    0.00    0.00    0.00    0.00    0.00  100.00
03:59:03 PM   23    0.00    0.00    0.00    0.00    0.00    0.00    0.00    0.00    0.00  100.00

03:59:03 PM  CPU    %usr   %nice    %sys %iowait    %irq   %soft  %steal  %guest  %gnice   %idle
03:59:04 PM  all    0.04    0.00    6.33    0.00    0.17    6.87    0.00    0.00    0.00   86.60
03:59:04 PM    0    0.99    0.00   42.57    0.00    0.00   51.49    0.00    0.00    0.00    4.95
03:59:04 PM    1    0.00    0.00   45.54    0.00    0.00   40.59    0.00    0.00    0.00   13.86
03:59:04 PM    2    0.00    0.00   45.54    0.00    0.00   32.67    0.00    0.00    0.00   21.78
03:59:04 PM    3    0.00    0.00   16.67    0.00    0.00   11.76    0.00    0.00    0.00   71.57
03:59:04 PM    4    0.00    0.00    0.00    0.00    0.00    1.02    0.00    0.00    0.00   98.98
03:59:04 PM    5    0.00    0.00    0.00    0.00    0.00    2.00    0.00    0.00    0.00   98.00
03:59:04 PM    6    0.00    0.00    0.00    0.00    0.99    1.98    0.00    0.00    0.00   97.03
03:59:04 PM    7    0.00    0.00    0.00    0.00    0.00    1.00    0.00    0.00    0.00   99.00
03:59:04 PM    8    0.00    0.00    0.00    0.00    1.00    7.00    0.00    0.00    0.00   92.00
03:59:04 PM    9    0.00    0.00    0.00    0.00    0.00    0.00    0.00    0.00    0.00  100.00
03:59:04 PM   10    0.00    0.00    0.00    0.00    0.00    0.00    0.00    0.00    0.00  100.00
03:59:04 PM   11    0.00    0.00    0.00    0.00    1.00    5.00    0.00    0.00    0.00   94.00
03:59:04 PM   12    0.00    0.00    0.00    0.00    0.00    4.04    0.00    0.00    0.00   95.96
03:59:04 PM   13    0.00    0.00    0.00    0.00    0.00    0.00    0.00    0.00    0.00  100.00
03:59:04 PM   14    0.00    0.00    0.00    0.00    0.00    0.00    0.00    0.00    0.00  100.00
03:59:04 PM   15    0.00    0.00    0.00    0.00    0.00    0.00    0.00    0.00    0.00  100.00
03:59:04 PM   16    0.00    0.00    0.00    0.00    0.00    0.00    0.00    0.00    0.00  100.00
03:59:04 PM   17    0.00    0.00    0.00    0.00    0.00    0.00    0.00    0.00    0.00  100.00
03:59:04 PM   18    0.00    0.00    0.00    0.00    0.00    0.00    0.00    0.00    0.00  100.00
03:59:04 PM   19    0.00    0.00    0.00    0.00    0.00    0.00    0.00    0.00    0.00  100.00
03:59:04 PM   20    0.00    0.00    0.00    0.00    1.00    5.00    0.00    0.00    0.00   94.00
03:59:04 PM   21    0.00    0.00    0.00    0.00    0.00    0.00    0.00    0.00    0.00  100.00
03:59:04 PM   22    0.00    0.00    0.00    0.00    0.00    0.00    0.00    0.00    0.00  100.00
03:59:04 PM   23    0.00    0.00    0.00    0.00    0.00    0.00    0.00    0.00    0.00  100.00

03:59:04 PM  CPU    %usr   %nice    %sys %iowait    %irq   %soft  %steal  %guest  %gnice   %idle
03:59:05 PM  all    0.08    0.00    6.21    0.00    0.21    7.41    0.00    0.00    0.00   86.09
03:59:05 PM    0    0.00    0.00   41.00    0.00    1.00   52.00    0.00    0.00    0.00    6.00
03:59:05 PM    1    0.98    0.00   43.14    0.00    0.00   44.12    0.00    0.00    0.00   11.76
03:59:05 PM    2    0.98    0.00   43.14    0.00    0.00   36.27    0.00    0.00    0.00   19.61
03:59:05 PM    3    0.00    0.00   20.20    0.00    0.00   16.16    0.00    0.00    0.00   63.64
03:59:05 PM    4    0.00    0.00    0.00    0.00    1.00    1.00    0.00    0.00    0.00   98.00
03:59:05 PM    5    0.00    0.00    0.00    0.00    1.00    2.00    0.00    0.00    0.00   97.00
03:59:05 PM    6    0.00    0.00    0.00    0.00    0.00    2.02    0.00    0.00    0.00   97.98
03:59:05 PM    7    0.00    0.00    0.00    0.00    0.99    0.99    0.00    0.00    0.00   98.02
03:59:05 PM    8    0.00    0.00    0.00    0.00    0.00    6.06    0.00    0.00    0.00   93.94
03:59:05 PM    9    0.00    0.00    0.00    0.00    0.00    0.00    0.00    0.00    0.00  100.00
03:59:05 PM   10    0.00    0.00    0.00    0.00    0.00    0.00    0.00    0.00    0.00  100.00
03:59:05 PM   11    0.00    0.00    0.00    0.00    0.00    5.00    0.00    0.00    0.00   95.00
03:59:05 PM   12    0.00    0.00    0.00    0.00    1.00    5.00    0.00    0.00    0.00   94.00
03:59:05 PM   13    0.00    0.00    0.00    0.00    0.00    0.00    0.00    0.00    0.00  100.00
03:59:05 PM   14    0.00    0.00    0.00    0.00    0.00    0.00    0.00    0.00    0.00  100.00
03:59:05 PM   15    0.00    0.00    0.00    0.00    0.00    0.00    0.00    0.00    0.00  100.00
03:59:05 PM   16    0.00    0.00    0.00    0.00    0.00    0.00    0.00    0.00    0.00  100.00
03:59:05 PM   17    0.00    0.00    0.00    0.00    0.00    0.00    0.00    0.00    0.00  100.00
03:59:05 PM   18    0.00    0.00    0.00    0.00    0.00    0.00    0.00    0.00    0.00  100.00
03:59:05 PM   19    0.00    0.00    0.00    0.00    0.00    0.00    0.00    0.00    0.00  100.00
03:59:05 PM   20    0.00    0.00    0.00    0.00    0.00    6.06    0.00    0.00    0.00   93.94
03:59:05 PM   21    0.00    0.00    0.00    0.00    0.00    0.00    0.00    0.00    0.00  100.00
03:59:05 PM   22    0.00    0.00    0.00    0.00    0.00    0.00    0.00    0.00    0.00  100.00
03:59:05 PM   23    0.00    0.00    0.00    0.00    0.00    0.00    0.00    0.00    0.00  100.00

03:59:05 PM  CPU    %usr   %nice    %sys %iowait    %irq   %soft  %steal  %guest  %gnice   %idle
03:59:06 PM  all    0.00    0.00    6.32    0.00    0.21    7.40    0.00    0.00    0.00   86.08
03:59:06 PM    0    0.00    0.00   41.00    0.00    0.00   53.00    0.00    0.00    0.00    6.00
03:59:06 PM    1    0.00    0.00   44.00    0.00    1.00   44.00    0.00    0.00    0.00   11.00
03:59:06 PM    2    0.00    0.00   43.56    0.00    0.99   36.63    0.00    0.00    0.00   18.81
03:59:06 PM    3    0.00    0.00   22.55    0.00    0.00   17.65    0.00    0.00    0.00   59.80
03:59:06 PM    4    0.00    0.00    0.00    0.00    0.00    2.00    0.00    0.00    0.00   98.00
03:59:06 PM    5    0.00    0.00    0.00    0.00    0.00    2.00    0.00    0.00    0.00   98.00
03:59:06 PM    6    0.00    0.00    0.00    0.00    0.00    1.01    0.00    0.00    0.00   98.99
03:59:06 PM    7    0.00    0.00    0.00    0.00    0.00    1.00    0.00    0.00    0.00   99.00
03:59:06 PM    8    0.00    0.00    0.00    0.00    1.00    5.00    0.00    0.00    0.00   94.00
03:59:06 PM    9    0.00    0.00    0.00    0.00    0.00    0.00    0.00    0.00    0.00  100.00
03:59:06 PM   10    0.00    0.00    0.00    0.00    0.00    0.00    0.00    0.00    0.00  100.00
03:59:06 PM   11    0.00    0.00    0.00    0.00    0.00    6.06    0.00    0.00    0.00   93.94
03:59:06 PM   12    0.00    0.00    0.00    0.00    1.00    4.00    0.00    0.00    0.00   95.00
03:59:06 PM   13    0.00    0.00    0.00    0.00    0.00    0.00    0.00    0.00    0.00  100.00
03:59:06 PM   14    0.00    0.00    0.00    0.00    0.00    0.00    0.00    0.00    0.00  100.00
03:59:06 PM   15    0.00    0.00    0.00    0.00    0.00    0.00    0.00    0.00    0.00  100.00
03:59:06 PM   16    0.00    0.00    0.00    0.00    0.00    0.00    0.00    0.00    0.00  100.00
03:59:06 PM   17    0.00    0.00    0.00    0.00    0.00    0.00    0.00    0.00    0.00  100.00
03:59:06 PM   18    0.00    0.00    0.00    0.00    0.00    0.00    0.00    0.00    0.00  100.00
03:59:06 PM   19    0.00    0.00    0.00    0.00    0.00    0.00    0.00    0.00    0.00  100.00
03:59:06 PM   20    0.00    0.00    0.00    0.00    1.01    5.05    0.00    0.00    0.00   93.94
03:59:06 PM   21    0.00    0.00    0.00    0.00    0.00    0.00    0.00    0.00    0.00  100.00
03:59:06 PM   22    0.00    0.00    0.00    0.00    0.00    0.00    0.00    0.00    0.00  100.00
03:59:06 PM   23    0.00    0.00    0.00    0.00    0.00    0.00    0.00    0.00    0.00  100.00

03:59:06 PM  CPU    %usr   %nice    %sys %iowait    %irq   %soft  %steal  %guest  %gnice   %idle
03:59:07 PM  all    0.04    0.00    6.71    0.04    0.21    7.13    0.00    0.00    0.00   85.87
03:59:07 PM    0    0.00    0.00   44.12    0.00    0.98   49.02    0.00    0.00    0.00    5.88
03:59:07 PM    1    0.00    0.00   46.46    0.00    0.00   41.41    0.00    0.00    0.00   12.12
03:59:07 PM    2    0.00    0.00   47.00    0.00    0.00   39.00    0.00    0.00    0.00   14.00
03:59:07 PM    3    0.97    0.00   22.33    0.97    0.00   18.45    0.00    0.00    0.00   57.28
03:59:07 PM    4    0.00    0.00    0.00    0.00    1.00    1.00    0.00    0.00    0.00   98.00
03:59:07 PM    5    0.00    0.00    0.00    0.00    0.00    1.02    0.00    0.00    0.00   98.98
03:59:07 PM    6    0.00    0.00    0.00    0.00    1.00    2.00    0.00    0.00    0.00   97.00
03:59:07 PM    7    0.00    0.00    0.00    0.00    0.00    1.00    0.00    0.00    0.00   99.00
03:59:07 PM    8    0.00    0.00    0.00    0.00    0.00    5.05    0.00    0.00    0.00   94.95
03:59:07 PM    9    0.00    0.00    0.00    0.00    0.00    0.00    0.00    0.00    0.00  100.00
03:59:07 PM   10    0.00    0.00    0.00    0.00    0.00    0.00    0.00    0.00    0.00  100.00
03:59:07 PM   11    0.00    0.00    0.00    0.00    1.00    4.00    0.00    0.00    0.00   95.00
03:59:07 PM   12    0.00    0.00    0.00    0.00    0.00    3.06    0.00    0.00    0.00   96.94
03:59:07 PM   13    0.00    0.00    0.00    0.00    0.00    0.00    0.00    0.00    0.00  100.00
03:59:07 PM   14    0.00    0.00    0.00    0.00    0.00    0.00    0.00    0.00    0.00  100.00
03:59:07 PM   15    0.00    0.00    0.00    0.00    0.00    0.00    0.00    0.00    0.00  100.00
03:59:07 PM   16    0.00    0.00    0.00    0.00    0.00    0.00    0.00    0.00    0.00  100.00
03:59:07 PM   17    0.00    0.00    0.00    0.00    0.00    0.00    0.00    0.00    0.00  100.00
03:59:07 PM   18    0.00    0.00    0.00    0.00    0.00    0.00    0.00    0.00    0.00  100.00
03:59:07 PM   19    0.00    0.00    0.00    0.00    0.00    0.00    0.00    0.00    0.00  100.00
03:59:07 PM   20    0.00    0.00    0.00    0.00    1.00    5.00    0.00    0.00    0.00   94.00
03:59:07 PM   21    0.00    0.00    0.00    0.00    0.00    0.00    0.00    0.00    0.00  100.00
03:59:07 PM   22    0.00    0.00    0.00    0.00    0.00    0.00    0.00    0.00    0.00  100.00
03:59:07 PM   23    0.00    0.00    0.00    0.00    0.00    0.00    0.00    0.00    0.00  100.00

03:59:07 PM  CPU    %usr   %nice    %sys %iowait    %irq   %soft  %steal  %guest  %gnice   %idle
03:59:08 PM  all    0.00    0.00    6.28    0.00    0.12    7.57    0.00    0.00    0.00   86.02
03:59:08 PM    0    0.00    0.00   40.40    0.00    0.00   54.55    0.00    0.00    0.00    5.05
03:59:08 PM    1    0.00    0.00   44.55    0.00    0.00   44.55    0.00    0.00    0.00   10.89
03:59:08 PM    2    0.00    0.00   46.08    0.00    0.00   37.25    0.00    0.00    0.00   16.67
03:59:08 PM    3    0.00    0.00   17.82    0.00    0.00   15.84    0.00    0.00    0.00   66.34
03:59:08 PM    4    0.00    0.00    0.00    0.00    0.00    2.00    0.00    0.00    0.00   98.00
03:59:08 PM    5    0.00    0.00    0.00    0.00    0.99    1.98    0.00    0.00    0.00   97.03
03:59:08 PM    6    0.00    0.00    0.00    0.00    0.00    2.00    0.00    0.00    0.00   98.00
03:59:08 PM    7    0.00    0.00    0.00    0.00    0.00    0.00    0.00    0.00    0.00  100.00
03:59:08 PM    8    0.00    0.00    0.00    0.00    1.00    6.00    0.00    0.00    0.00   93.00
03:59:08 PM    9    0.00    0.00    0.00    0.00    0.00    0.00    0.00    0.00    0.00  100.00
03:59:08 PM   10    0.00    0.00    0.00    0.00    0.00    0.00    0.00    0.00    0.00  100.00
03:59:08 PM   11    0.00    0.00    0.00    0.00    0.00    5.05    0.00    0.00    0.00   94.95
03:59:08 PM   12    0.00    0.00    0.00    0.00    0.99    4.95    0.00    0.00    0.00   94.06
03:59:08 PM   13    0.00    0.00    0.00    0.00    0.00    0.00    0.00    0.00    0.00  100.00
03:59:08 PM   14    0.00    0.00    0.00    0.00    0.00    0.00    0.00    0.00    0.00  100.00
03:59:08 PM   15    0.00    0.00    0.00    0.00    0.00    0.00    0.00    0.00    0.00  100.00
03:59:08 PM   16    0.00    0.00    0.00    0.00    0.00    0.00    0.00    0.00    0.00  100.00
03:59:08 PM   17    0.00    0.00    0.00    0.00    0.00    0.00    0.00    0.00    0.00  100.00
03:59:08 PM   18    0.00    0.00    0.00    0.00    0.00    0.00    0.00    0.00    0.00  100.00
03:59:08 PM   19    0.00    0.00    0.00    0.00    0.00    0.00    0.00    0.00    0.00  100.00
03:59:08 PM   20    0.00    0.00    0.99    0.00    0.00    6.93    0.00    0.00    0.00   92.08
03:59:08 PM   21    0.00    0.00    0.00    0.00    0.00    0.00    0.00    0.00    0.00  100.00
03:59:08 PM   22    0.00    0.00    0.00    0.00    0.00    0.00    0.00    0.00    0.00  100.00
03:59:08 PM   23    0.00    0.00    0.00    0.00    0.00    0.00    0.00    0.00    0.00  100.00

03:59:08 PM  CPU    %usr   %nice    %sys %iowait    %irq   %soft  %steal  %guest  %gnice   %idle
03:59:09 PM  all    0.04    0.00    6.38    0.00    0.29    7.34    0.00    0.00    0.00   85.95
03:59:09 PM    0    0.00    0.00   43.00    0.00    0.00   49.00    0.00    0.00    0.00    8.00
03:59:09 PM    1    0.99    0.00   42.57    0.00    0.99   44.55    0.00    0.00    0.00   10.89
03:59:09 PM    2    0.00    0.00   44.55    0.00    0.99   36.63    0.00    0.00    0.00   17.82
03:59:09 PM    3    0.00    0.00   21.43    0.00    1.02   17.35    0.00    0.00    0.00   60.20
03:59:09 PM    4    0.00    0.00    0.00    0.00    1.01    1.01    0.00    0.00    0.00   97.98
03:59:09 PM    5    0.00    0.00    1.00    0.00    0.00    1.00    0.00    0.00    0.00   98.00
03:59:09 PM    6    0.00    0.00    0.00    0.00    0.00    2.02    0.00    0.00    0.00   97.98
03:59:09 PM    7    0.00    0.00    0.00    0.00    0.00    1.00    0.00    0.00    0.00   99.00
03:59:09 PM    8    0.00    0.00    0.00    0.00    0.00    7.00    0.00    0.00    0.00   93.00
03:59:09 PM    9    0.00    0.00    0.00    0.00    0.00    0.00    0.00    0.00    0.00  100.00
03:59:09 PM   10    0.00    0.00    0.00    0.00    0.00    0.00    0.00    0.00    0.00  100.00
03:59:09 PM   11    0.00    0.00    0.00    0.00    1.00    6.00    0.00    0.00    0.00   93.00
03:59:09 PM   12    0.00    0.00    0.00    0.00    1.00    4.00    0.00    0.00    0.00   95.00
03:59:09 PM   13    0.00    0.00    0.00    0.00    0.00    0.00    0.00    0.00    0.00  100.00
03:59:09 PM   14    0.00    0.00    0.00    0.00    0.00    0.00    0.00    0.00    0.00  100.00
03:59:09 PM   15    0.00    0.00    0.00    0.00    0.00    0.00    0.00    0.00    0.00  100.00
03:59:09 PM   16    0.00    0.00    0.00    0.00    0.00    0.00    0.00    0.00    0.00  100.00
03:59:09 PM   17    0.00    0.00    0.00    0.00    0.00    0.00    0.00    0.00    0.00  100.00
03:59:09 PM   18    0.00    0.00    0.00    0.00    0.00    0.00    0.00    0.00    0.00  100.00
03:59:09 PM   19    0.00    0.00    0.00    0.00    0.00    0.00    0.00    0.00    0.00  100.00
03:59:09 PM   20    0.00    0.00    0.00    0.00    1.00    6.00    0.00    0.00    0.00   93.00
03:59:09 PM   21    0.00    0.00    0.00    0.00    0.00    0.00    0.00    0.00    0.00  100.00
03:59:09 PM   22    0.00    0.00    0.00    0.00    0.00    0.00    0.00    0.00    0.00  100.00
03:59:09 PM   23    0.00    0.00    0.00    0.00    0.00    0.00    0.00    0.00    0.00  100.00

03:59:09 PM  CPU    %usr   %nice    %sys %iowait    %irq   %soft  %steal  %guest  %gnice   %idle
03:59:10 PM  all    0.08    0.00    6.38    0.00    0.17    6.46    0.00    0.00    0.00   86.91
03:59:10 PM    0    0.98    0.00   47.06    0.00    0.98   46.08    0.00    0.00    0.00    4.90
03:59:10 PM    1    0.00    0.00   46.46    0.00    0.00   40.40    0.00    0.00    0.00   13.13
03:59:10 PM    2    0.99    0.00   47.52    0.00    0.00   35.64    0.00    0.00    0.00   15.84
03:59:10 PM    3    0.00    0.00   10.00    0.00    0.00   10.00    0.00    0.00    0.00   80.00
03:59:10 PM    4    0.00    0.00    0.00    0.00    0.00    2.02    0.00    0.00    0.00   97.98
03:59:10 PM    5    0.00    0.00    0.00    0.00    1.00    2.00    0.00    0.00    0.00   97.00
03:59:10 PM    6    0.00    0.00    0.99    0.00    0.99    0.99    0.00    0.00    0.00   97.03
03:59:10 PM    7    0.00    0.00    0.00    0.00    0.00    0.99    0.00    0.00    0.00   99.01
03:59:10 PM    8    0.00    0.00    0.00    0.00    1.00    5.00    0.00    0.00    0.00   94.00
03:59:10 PM    9    0.00    0.00    0.00    0.00    0.00    0.00    0.00    0.00    0.00  100.00
03:59:10 PM   10    0.00    0.00    0.00    0.00    0.00    0.00    0.00    0.00    0.00  100.00
03:59:10 PM   11    0.00    0.00    0.00    0.00    0.00    4.04    0.00    0.00    0.00   95.96
03:59:10 PM   12    0.00    0.00    0.00    0.00    0.00    4.04    0.00    0.00    0.00   95.96
03:59:10 PM   13    0.00    0.00    0.00    0.00    0.00    0.00    0.00    0.00    0.00  100.00
03:59:10 PM   14    0.00    0.00    0.00    0.00    0.00    0.00    0.00    0.00    0.00  100.00
03:59:10 PM   15    0.00    0.00    0.00    0.00    0.00    0.00    0.00    0.00    0.00  100.00
03:59:10 PM   16    0.00    0.00    0.00    0.00    0.00    0.00    0.00    0.00    0.00  100.00
03:59:10 PM   17    0.00    0.00    0.00    0.00    0.00    0.00    0.00    0.00    0.00  100.00
03:59:10 PM   18    0.00    0.00    0.00    0.00    0.00    0.00    0.00    0.00    0.00  100.00
03:59:10 PM   19    0.00    0.00    0.00    0.00    0.00    0.00    0.00    0.00    0.00  100.00
03:59:10 PM   20    0.00    0.00    0.00    0.00    0.00    3.06    0.00    0.00    0.00   96.94
03:59:10 PM   21    0.00    0.00    0.00    0.00    0.00    0.00    0.00    0.00    0.00  100.00
03:59:10 PM   22    0.00    0.00    0.00    0.00    0.00    0.00    0.00    0.00    0.00  100.00
03:59:10 PM   23    0.00    0.00    0.00    0.00    0.00    0.00    0.00    0.00    0.00  100.00

03:59:10 PM  CPU    %usr   %nice    %sys %iowait    %irq   %soft  %steal  %guest  %gnice   %idle
03:59:11 PM  all    0.00    0.00    6.18    0.04    0.17    7.72    0.00    0.00    0.00   85.89
03:59:11 PM    0    0.00    0.00   40.40    0.00    0.00   54.55    0.00    0.00    0.00    5.05
03:59:11 PM    1    0.00    0.00   43.00    0.00    0.00   48.00    0.00    0.00    0.00    9.00
03:59:11 PM    2    0.00    0.00   43.88    0.00    0.00   39.80    0.00    0.00    0.00   16.33
03:59:11 PM    3    0.00    0.00   21.78    0.99    0.00   17.82    0.00    0.00    0.00   59.41
03:59:11 PM    4    0.00    0.00    0.00    0.00    0.00    2.00    0.00    0.00    0.00   98.00
03:59:11 PM    5    0.00    0.00    0.00    0.00    0.00    1.01    0.00    0.00    0.00   98.99
03:59:11 PM    6    0.00    0.00    0.00    0.00    0.00    2.00    0.00    0.00    0.00   98.00
03:59:11 PM    7    0.00    0.00    0.00    0.00    1.01    0.00    0.00    0.00    0.00   98.99
03:59:11 PM    8    0.00    0.00    0.00    0.00    0.00    6.12    0.00    0.00    0.00   93.88
03:59:11 PM    9    0.00    0.00    0.00    0.00    0.00    0.00    0.00    0.00    0.00  100.00
03:59:11 PM   10    0.00    0.00    0.00    0.00    0.00    0.00    0.00    0.00    0.00  100.00
03:59:11 PM   11    0.00    0.00    0.00    0.00    1.00    6.00    0.00    0.00    0.00   93.00
03:59:11 PM   12    0.00    0.00    0.00    0.00    1.01    3.03    0.00    0.00    0.00   95.96
03:59:11 PM   13    0.00    0.00    0.00    0.00    0.00    0.00    0.00    0.00    0.00  100.00
03:59:11 PM   14    0.00    0.00    0.00    0.00    0.00    0.00    0.00    0.00    0.00  100.00
03:59:11 PM   15    0.00    0.00    0.00    0.00    0.00    0.00    0.00    0.00    0.00  100.00
03:59:11 PM   16    0.00    0.00    0.00    0.00    0.00    0.00    0.00    0.00    0.00  100.00
03:59:11 PM   17    0.00    0.00    0.00    0.00    0.00    0.00    0.00    0.00    0.00  100.00
03:59:11 PM   18    0.00    0.00    0.00    0.00    0.00    0.00    0.00    0.00    0.00  100.00
03:59:11 PM   19    0.00    0.00    0.00    0.00    0.00    0.00    0.00    0.00    0.00  100.00
03:59:11 PM   20    0.00    0.00    0.00    0.00    1.00    6.00    0.00    0.00    0.00   93.00
03:59:11 PM   21    0.00    0.00    0.00    0.00    0.00    0.00    0.00    0.00    0.00  100.00
03:59:11 PM   22    0.00    0.00    0.00    0.00    0.00    0.00    0.00    0.00    0.00  100.00
03:59:11 PM   23    0.00    0.00    0.00    0.00    0.00    0.00    0.00    0.00    0.00  100.00

03:59:11 PM  CPU    %usr   %nice    %sys %iowait    %irq   %soft  %steal  %guest  %gnice   %idle
03:59:12 PM  all    0.00    0.00    6.38    0.00    0.21    7.05    0.00    0.00    0.00   86.36
03:59:12 PM    0    0.00    0.00   43.00    0.00    1.00   50.00    0.00    0.00    0.00    6.00
03:59:12 PM    1    0.00    0.00   44.44    0.00    0.00   44.44    0.00    0.00    0.00   11.11
03:59:12 PM    2    0.00    0.00   47.52    0.00    0.00   33.66    0.00    0.00    0.00   18.81
03:59:12 PM    3    0.00    0.00   18.18    0.00    0.00   13.13    0.00    0.00    0.00   68.69
03:59:12 PM    4    0.00    0.00    0.00    0.00    1.00    1.00    0.00    0.00    0.00   98.00
03:59:12 PM    5    0.00    0.00    0.00    0.00    0.00    2.00    0.00    0.00    0.00   98.00
03:59:12 PM    6    0.00    0.00    0.00    0.00    0.00    2.02    0.00    0.00    0.00   97.98
03:59:12 PM    7    0.00    0.00    0.00    0.00    0.00    0.99    0.00    0.00    0.00   99.01
03:59:12 PM    8    0.00    0.00    0.00    0.00    1.00    6.00    0.00    0.00    0.00   93.00
03:59:12 PM    9    0.00    0.00    0.00    0.00    0.00    0.00    0.00    0.00    0.00  100.00
03:59:12 PM   10    0.00    0.00    0.00    0.00    0.00    0.00    0.00    0.00    0.00  100.00
03:59:12 PM   11    0.00    0.00    0.00    0.00    0.00    6.06    0.00    0.00    0.00   93.94
03:59:12 PM   12    0.00    0.00    0.00    0.00    1.00    4.00    0.00    0.00    0.00   95.00
03:59:12 PM   13    0.00    0.00    0.00    0.00    0.00    0.00    0.00    0.00    0.00  100.00
03:59:12 PM   14    0.00    0.00    0.00    0.00    0.00    0.00    0.00    0.00    0.00  100.00
03:59:12 PM   15    0.00    0.00    0.00    0.00    0.00    0.00    0.00    0.00    0.00  100.00
03:59:12 PM   16    0.00    0.00    0.00    0.00    0.00    0.00    0.00    0.00    0.00  100.00
03:59:12 PM   17    0.00    0.00    0.00    0.00    0.00    0.00    0.00    0.00    0.00  100.00
03:59:12 PM   18    0.00    0.00    0.00    0.00    0.00    0.00    0.00    0.00    0.00  100.00
03:59:12 PM   19    0.00    0.00    0.00    0.00    0.00    0.00    0.00    0.00    0.00  100.00
03:59:12 PM   20    0.00    0.00    0.00    0.00    1.00    6.00    0.00    0.00    0.00   93.00
03:59:12 PM   21    0.00    0.00    0.00    0.00    0.00    0.00    0.00    0.00    0.00  100.00
03:59:12 PM   22    0.00    0.00    0.00    0.00    0.00    0.00    0.00    0.00    0.00  100.00
03:59:12 PM   23    0.00    0.00    0.00    0.00    0.00    0.00    0.00    0.00    0.00  100.00

03:59:12 PM  CPU    %usr   %nice    %sys %iowait    %irq   %soft  %steal  %guest  %gnice   %idle
03:59:13 PM  all    0.04    0.00    6.21    0.00    0.17    7.13    0.00    0.00    0.00   86.45
03:59:13 PM    0    0.00    0.00   41.41    0.00    0.00   51.52    0.00    0.00    0.00    7.07
03:59:13 PM    1    0.00    0.00   43.14    0.00    0.98   40.20    0.00    0.00    0.00   15.69
03:59:13 PM    2    0.00    0.00   43.56    0.00    0.99   35.64    0.00    0.00    0.00   19.80
03:59:13 PM    3    1.00    0.00   20.00    0.00    0.00   14.00    0.00    0.00    0.00   65.00
03:59:13 PM    4    0.00    0.00    0.00    0.00    0.00    2.00    0.00    0.00    0.00   98.00
03:59:13 PM    5    0.00    0.00    0.00    0.00    1.00    2.00    0.00    0.00    0.00   97.00
03:59:13 PM    6    0.00    0.00    0.00    0.00    1.00    2.00    0.00    0.00    0.00   97.00
03:59:13 PM    7    0.00    0.00    0.00    0.00    0.00    1.01    0.00    0.00    0.00   98.99
03:59:13 PM    8    0.00    0.00    0.00    0.00    0.00    5.00    0.00    0.00    0.00   95.00
03:59:13 PM    9    0.00    0.00    0.00    0.00    0.00    0.00    0.00    0.00    0.00  100.00
03:59:13 PM   10    0.00    0.00    0.00    0.00    0.00    0.00    0.00    0.00    0.00  100.00
03:59:13 PM   11    0.00    0.00    0.00    0.00    0.00    5.05    0.00    0.00    0.00   94.95
03:59:13 PM   12    0.00    0.00    0.00    0.00    0.00    5.05    0.00    0.00    0.00   94.95
03:59:13 PM   13    0.00    0.00    0.00    0.00    0.00    0.00    0.00    0.00    0.00  100.00
03:59:13 PM   14    0.00    0.00    0.00    0.00    0.00    0.00    0.00    0.00    0.00  100.00
03:59:13 PM   15    0.00    0.00    0.00    0.00    0.00    0.00    0.00    0.00    0.00  100.00
03:59:13 PM   16    0.00    0.00    0.00    0.00    0.00    0.00    0.00    0.00    0.00  100.00
03:59:13 PM   17    0.00    0.00    0.00    0.00    0.00    0.00    0.00    0.00    0.00  100.00
03:59:13 PM   18    0.00    0.00    0.00    0.00    0.00    0.00    0.00    0.00    0.00  100.00
03:59:13 PM   19    0.00    0.00    0.00    0.00    0.00    0.00    0.00    0.00    0.00  100.00
03:59:13 PM   20    0.00    0.00    0.00    0.00    0.00    7.00    0.00    0.00    0.00   93.00
03:59:13 PM   21    0.00    0.00    0.00    0.00    0.00    0.00    0.00    0.00    0.00  100.00
03:59:13 PM   22    0.00    0.00    0.00    0.00    0.00    0.00    0.00    0.00    0.00  100.00
03:59:13 PM   23    0.00    0.00    0.00    0.00    0.00    0.00    0.00    0.00    0.00  100.00

03:59:13 PM  CPU    %usr   %nice    %sys %iowait    %irq   %soft  %steal  %guest  %gnice   %idle
03:59:14 PM  all    0.12    0.00    6.20    0.00    0.25    7.12    0.00    0.00    0.00   86.31
03:59:14 PM    0    0.97    0.00   40.78    0.00    0.97   52.43    0.00    0.00    0.00    4.85
03:59:14 PM    1    1.00    0.00   43.00    0.00    0.00   43.00    0.00    0.00    0.00   13.00
03:59:14 PM    2    0.98    0.00   43.14    0.00    0.00   34.31    0.00    0.00    0.00   21.57
03:59:14 PM    3    0.00    0.00   19.80    0.00    0.00   13.86    0.00    0.00    0.00   66.34
03:59:14 PM    4    0.00    0.00    0.00    0.00    1.01    1.01    0.00    0.00    0.00   97.98
03:59:14 PM    5    0.00    0.00    0.00    0.00    0.00    1.01    0.00    0.00    0.00   98.99
03:59:14 PM    6    0.00    0.00    0.00    0.00    0.00    1.01    0.00    0.00    0.00   98.99
03:59:14 PM    7    0.00    0.00    0.00    0.00    0.00    0.00    0.00    0.00    0.00  100.00
03:59:14 PM    8    0.00    0.00    0.00    0.00    1.00    6.00    0.00    0.00    0.00   93.00
03:59:14 PM    9    0.00    0.00    0.00    0.00    0.00    0.00    0.00    0.00    0.00  100.00
03:59:14 PM   10    0.00    0.00    0.00    0.00    0.00    0.00    0.00    0.00    0.00  100.00
03:59:14 PM   11    0.00    0.00    0.00    0.00    0.99    6.93    0.00    0.00    0.00   92.08
03:59:14 PM   12    0.00    0.00    0.00    0.00    1.00    4.00    0.00    0.00    0.00   95.00
03:59:14 PM   13    0.00    0.00    0.00    0.00    0.00    0.00    0.00    0.00    0.00  100.00
03:59:14 PM   14    0.00    0.00    0.00    0.00    0.00    0.00    0.00    0.00    0.00  100.00
03:59:14 PM   15    0.00    0.00    0.00    0.00    0.00    0.00    0.00    0.00    0.00  100.00
03:59:14 PM   16    0.00    0.00    0.00    0.00    0.00    0.00    0.00    0.00    0.00  100.00
03:59:14 PM   17    0.00    0.00    0.00    0.00    0.00    0.00    0.00    0.00    0.00  100.00
03:59:14 PM   18    0.00    0.00    0.00    0.00    0.00    0.00    0.00    0.00    0.00  100.00
03:59:14 PM   19    0.00    0.00    0.00    0.00    0.00    0.00    0.00    0.00    0.00  100.00
03:59:14 PM   20    0.00    0.00    0.00    0.00    1.00    5.00    0.00    0.00    0.00   94.00
03:59:14 PM   21    0.00    0.00    0.00    0.00    0.00    0.00    0.00    0.00    0.00  100.00
03:59:14 PM   22    0.00    0.00    0.00    0.00    0.00    0.00    0.00    0.00    0.00  100.00
03:59:14 PM   23    0.00    0.00    0.00    0.00    0.00    0.00    0.00    0.00    0.00  100.00

03:59:14 PM  CPU    %usr   %nice    %sys %iowait    %irq   %soft  %steal  %guest  %gnice   %idle
03:59:15 PM  all    0.00    0.00    6.12    0.00    0.04    6.88    0.00    0.00    0.00   86.96
03:59:15 PM    0    0.00    0.00   42.42    0.00    0.00   51.52    0.00    0.00    0.00    6.06
03:59:15 PM    1    0.00    0.00   47.52    0.00    0.00   40.59    0.00    0.00    0.00   11.88
03:59:15 PM    2    0.00    0.00   46.08    0.00    0.00   36.27    0.00    0.00    0.00   17.65
03:59:15 PM    3    0.00    0.00   10.00    0.00    0.00    7.00    0.00    0.00    0.00   83.00
03:59:15 PM    4    0.00    0.00    0.00    0.00    0.00    2.00    0.00    0.00    0.00   98.00
03:59:15 PM    5    0.00    0.00    0.00    0.00    0.00    2.02    0.00    0.00    0.00   97.98
03:59:15 PM    6    0.00    0.00    0.00    0.00    0.00    2.00    0.00    0.00    0.00   98.00
03:59:15 PM    7    0.00    0.00    0.00    0.00    0.00    0.99    0.00    0.00    0.00   99.01
03:59:15 PM    8    0.00    0.00    0.00    0.00    0.00    7.07    0.00    0.00    0.00   92.93
03:59:15 PM    9    0.00    0.00    0.00    0.00    0.00    0.00    0.00    0.00    0.00  100.00
03:59:15 PM   10    0.00    0.00    0.00    0.00    0.00    0.00    0.00    0.00    0.00  100.00
03:59:15 PM   11    0.00    0.00    0.00    0.00    0.00    5.05    0.00    0.00    0.00   94.95
03:59:15 PM   12    0.00    0.00    0.00    0.00    0.99    3.96    0.00    0.00    0.00   95.05
03:59:15 PM   13    0.00    0.00    0.00    0.00    0.00    0.00    0.00    0.00    0.00  100.00
03:59:15 PM   14    0.00    0.00    0.00    0.00    0.00    0.00    0.00    0.00    0.00  100.00
03:59:15 PM   15    0.00    0.00    0.00    0.00    0.00    0.00    0.00    0.00    0.00  100.00
03:59:15 PM   16    0.00    0.00    0.00    0.00    0.00    0.00    0.00    0.00    0.00  100.00
03:59:15 PM   17    0.00    0.00    0.00    0.00    0.00    0.00    0.00    0.00    0.00  100.00
03:59:15 PM   18    0.00    0.00    0.00    0.00    0.00    0.00    0.00    0.00    0.00  100.00
03:59:15 PM   19    0.00    0.00    0.00    0.00    0.00    0.00    0.00    0.00    0.00  100.00
03:59:15 PM   20    0.00    0.00    0.00    0.00    0.00    6.12    0.00    0.00    0.00   93.88
03:59:15 PM   21    0.00    0.00    0.00    0.00    0.00    0.00    0.00    0.00    0.00  100.00
03:59:15 PM   22    0.00    0.00    0.00    0.00    0.00    0.00    0.00    0.00    0.00  100.00
03:59:15 PM   23    0.00    0.00    0.00    0.00    0.00    0.00    0.00    0.00    0.00  100.00

03:59:15 PM  CPU    %usr   %nice    %sys %iowait    %irq   %soft  %steal  %guest  %gnice   %idle
03:59:16 PM  all    0.00    0.00    5.67    0.00    0.33    8.21    0.00    0.00    0.00   85.79
03:59:16 PM    0    0.00    0.00   38.38    0.00    0.00   57.58    0.00    0.00    0.00    4.04
03:59:16 PM    1    0.00    0.00   40.20    0.00    0.98   50.98    0.00    0.00    0.00    7.84
03:59:16 PM    2    0.00    0.00   41.58    0.00    0.99   43.56    0.00    0.00    0.00   13.86
03:59:16 PM    3    0.00    0.00   14.14    0.00    0.00   13.13    0.00    0.00    0.00   72.73
03:59:16 PM    4    0.00    0.00    1.00    0.00    1.00    1.00    0.00    0.00    0.00   97.00
03:59:16 PM    5    0.00    0.00    0.00    0.00    0.99    1.98    0.00    0.00    0.00   97.03
03:59:16 PM    6    0.00    0.00    0.00    0.00    1.00    2.00    0.00    0.00    0.00   97.00
03:59:16 PM    7    0.00    0.00    0.00    0.00    0.00    0.00    0.00    0.00    0.00  100.00
03:59:16 PM    8    0.00    0.00    0.00    0.00    1.00    7.00    0.00    0.00    0.00   92.00
03:59:16 PM    9    0.00    0.00    0.00    0.00    0.00    0.00    0.00    0.00    0.00  100.00
03:59:16 PM   10    0.00    0.00    0.00    0.00    0.00    0.00    0.00    0.00    0.00  100.00
03:59:16 PM   11    0.00    0.00    0.00    0.00    1.01    7.07    0.00    0.00    0.00   91.92
03:59:16 PM   12    0.00    0.00    0.00    0.00    0.00    4.04    0.00    0.00    0.00   95.96
03:59:16 PM   13    0.00    0.00    0.00    0.00    0.00    0.00    0.00    0.00    0.00  100.00
03:59:16 PM   14    0.00    0.00    0.00    0.00    0.00    0.00    0.00    0.00    0.00  100.00
03:59:16 PM   15    0.00    0.00    0.00    0.00    0.00    0.00    0.00    0.00    0.00  100.00
03:59:16 PM   16    0.00    0.00    0.00    0.00    0.00    0.00    0.00    0.00    0.00  100.00
03:59:16 PM   17    0.00    0.00    0.00    0.00    0.00    0.00    0.00    0.00    0.00  100.00
03:59:16 PM   18    0.00    0.00    0.00    0.00    0.00    0.00    0.00    0.00    0.00  100.00
03:59:16 PM   19    0.00    0.00    0.00    0.00    0.00    0.00    0.00    0.00    0.00  100.00
03:59:16 PM   20    0.00    0.00    0.00    0.00    0.99    7.92    0.00    0.00    0.00   91.09
03:59:16 PM   21    0.00    0.00    0.00    0.00    0.00    0.00    0.00    0.00    0.00  100.00
03:59:16 PM   22    0.00    0.00    0.00    0.00    0.00    0.00    0.00    0.00    0.00  100.00
03:59:16 PM   23    0.00    0.00    0.00    0.00    0.00    0.00    0.00    0.00    0.00  100.00

03:59:16 PM  CPU    %usr   %nice    %sys %iowait    %irq   %soft  %steal  %guest  %gnice   %idle
03:59:17 PM  all    0.00    0.00    6.09    0.04    0.13    7.38    0.00    0.00    0.00   86.36
03:59:17 PM    0    0.00    0.00   37.62    0.00    0.99   55.45    0.00    0.00    0.00    5.94
03:59:17 PM    1    0.00    0.00   43.43    0.00    0.00   46.46    0.00    0.00    0.00   10.10
03:59:17 PM    2    0.00    0.00   46.00    0.00    0.00   34.00    0.00    0.00    0.00   20.00
03:59:17 PM    3    0.00    0.00   18.45    0.97    0.97   12.62    0.00    0.00    0.00   66.99
03:59:17 PM    4    0.00    0.00    0.00    0.00    0.00    2.00    0.00    0.00    0.00   98.00
03:59:17 PM    5    0.00    0.00    0.00    0.00    0.00    1.02    0.00    0.00    0.00   98.98
03:59:17 PM    6    0.00    0.00    0.00    0.00    0.00    1.01    0.00    0.00    0.00   98.99
03:59:17 PM    7    0.00    0.00    0.00    0.00    0.00    1.00    0.00    0.00    0.00   99.00
03:59:17 PM    8    0.00    0.00    0.00    0.00    0.00    6.06    0.00    0.00    0.00   93.94
03:59:17 PM    9    0.00    0.00    0.00    0.00    0.00    0.00    0.00    0.00    0.00  100.00
03:59:17 PM   10    0.00    0.00    0.00    0.00    0.00    0.00    0.00    0.00    0.00  100.00
03:59:17 PM   11    0.00    0.00    0.00    0.00    0.00    6.00    0.00    0.00    0.00   94.00
03:59:17 PM   12    0.00    0.00    0.00    0.00    1.01    5.05    0.00    0.00    0.00   93.94
03:59:17 PM   13    0.00    0.00    0.00    0.00    0.00    0.00    0.00    0.00    0.00  100.00
03:59:17 PM   14    0.00    0.00    0.00    0.00    0.00    0.00    0.00    0.00    0.00  100.00
03:59:17 PM   15    0.00    0.00    0.00    0.00    0.00    0.00    0.00    0.00    0.00  100.00
03:59:17 PM   16    0.00    0.00    0.00    0.00    0.00    0.00    0.00    0.00    0.00  100.00
03:59:17 PM   17    0.00    0.00    0.00    0.00    0.00    0.00    0.00    0.00    0.00  100.00
03:59:17 PM   18    0.00    0.00    0.00    0.00    0.00    0.00    0.00    0.00    0.00  100.00
03:59:17 PM   19    0.00    0.00    0.00    0.00    0.00    0.00    0.00    0.00    0.00  100.00
03:59:17 PM   20    0.00    0.00    0.00    0.00    0.00    6.06    0.00    0.00    0.00   93.94
03:59:17 PM   21    0.00    0.00    0.00    0.00    0.00    0.00    0.00    0.00    0.00  100.00
03:59:17 PM   22    0.00    0.00    0.00    0.00    0.00    0.00    0.00    0.00    0.00  100.00
03:59:17 PM   23    0.00    0.00    0.00    0.00    0.00    0.00    0.00    0.00    0.00  100.00

03:59:17 PM  CPU    %usr   %nice    %sys %iowait    %irq   %soft  %steal  %guest  %gnice   %idle
03:59:18 PM  all    0.04    0.00    6.62    0.00    0.25    7.45    0.00    0.00    0.00   85.64
03:59:18 PM    0    0.00    0.00   45.92    0.00    0.00   47.96    0.00    0.00    0.00    6.12
03:59:18 PM    1    0.00    0.00   42.57    0.00    0.00   44.55    0.00    0.00    0.00   12.87
03:59:18 PM    2    0.98    0.00   47.06    0.00    0.00   35.29    0.00    0.00    0.00   16.67
03:59:18 PM    3    0.00    0.00   23.23    0.00    0.00   26.26    0.00    0.00    0.00   50.51
03:59:18 PM    4    0.00    0.00    0.00    0.00    1.00    2.00    0.00    0.00    0.00   97.00
03:59:18 PM    5    0.00    0.00    0.00    0.00    0.00    1.98    0.00    0.00    0.00   98.02
03:59:18 PM    6    0.00    0.00    0.00    0.00    0.00    2.00    0.00    0.00    0.00   98.00
03:59:18 PM    7    0.00    0.00    0.00    0.00    0.99    0.99    0.00    0.00    0.00   98.02
03:59:18 PM    8    0.00    0.00    0.00    0.00    1.00    4.00    0.00    0.00    0.00   95.00
03:59:18 PM    9    0.00    0.00    0.00    0.00    0.00    0.00    0.00    0.00    0.00  100.00
03:59:18 PM   10    0.00    0.00    0.00    0.00    0.00    0.00    0.00    0.00    0.00  100.00
03:59:18 PM   11    0.00    0.00    0.00    0.00    1.01    6.06    0.00    0.00    0.00   92.93
03:59:18 PM   12    0.00    0.00    0.00    0.00    0.99    2.97    0.00    0.00    0.00   96.04
03:59:18 PM   13    0.00    0.00    0.00    0.00    0.00    0.00    0.00    0.00    0.00  100.00
03:59:18 PM   14    0.00    0.00    0.00    0.00    0.00    0.00    0.00    0.00    0.00  100.00
03:59:18 PM   15    0.00    0.00    0.00    0.00    0.00    0.00    0.00    0.00    0.00  100.00
03:59:18 PM   16    0.00    0.00    0.00    0.00    0.00    0.00    0.00    0.00    0.00  100.00
03:59:18 PM   17    0.00    0.00    0.00    0.00    0.00    0.00    0.00    0.00    0.00  100.00
03:59:18 PM   18    0.00    0.00    0.00    0.00    0.00    0.00    0.00    0.00    0.00  100.00
03:59:18 PM   19    0.00    0.00    0.00    0.00    0.00    0.00    0.00    0.00    0.00  100.00
03:59:18 PM   20    0.00    0.00    0.00    0.00    1.01    5.05    0.00    0.00    0.00   93.94
03:59:18 PM   21    0.00    0.00    0.00    0.00    0.00    0.00    0.00    0.00    0.00  100.00
03:59:18 PM   22    0.00    0.00    0.00    0.00    0.00    0.00    0.00    0.00    0.00  100.00
03:59:18 PM   23    0.00    0.00    0.00    0.00    0.00    0.00    0.00    0.00    0.00  100.00

03:59:18 PM  CPU    %usr   %nice    %sys %iowait    %irq   %soft  %steal  %guest  %gnice   %idle
03:59:19 PM  all    0.08    0.00    6.20    0.04    0.21    7.95    0.00    0.00    0.00   85.51
03:59:19 PM    0    0.97    0.00   39.81    0.00    0.97   52.43    0.00    0.00    0.00    5.83
03:59:19 PM    1    0.99    0.00   42.57    0.00    0.99   48.51    0.00    0.00    0.00    6.93
03:59:19 PM    2    0.00    0.00   42.57    0.00    0.00   39.60    0.00    0.00    0.00   17.82
03:59:19 PM    3    0.00    0.00   21.78    0.99    0.00   18.81    0.00    0.00    0.00   58.42
03:59:19 PM    4    0.00    0.00    0.00    0.00    0.00    1.01    0.00    0.00    0.00   98.99
03:59:19 PM    5    0.00    0.00    0.00    0.00    1.01    1.01    0.00    0.00    0.00   97.98
03:59:19 PM    6    0.00    0.00    0.00    0.00    1.00    2.00    0.00    0.00    0.00   97.00
03:59:19 PM    7    0.00    0.00    0.00    0.00    0.00    1.00    0.00    0.00    0.00   99.00
03:59:19 PM    8    0.00    0.00    0.00    0.00    0.00    6.06    0.00    0.00    0.00   93.94
03:59:19 PM    9    0.00    0.00    0.00    0.00    0.00    0.00    0.00    0.00    0.00  100.00
03:59:19 PM   10    0.00    0.00    0.00    0.00    0.00    0.00    0.00    0.00    0.00  100.00
03:59:19 PM   11    0.00    0.00    0.00    0.00    0.00    6.00    0.00    0.00    0.00   94.00
03:59:19 PM   12    0.00    0.00    0.00    0.00    0.00    5.05    0.00    0.00    0.00   94.95
03:59:19 PM   13    0.00    0.00    0.00    0.00    0.00    0.00    0.00    0.00    0.00  100.00
03:59:19 PM   14    0.00    0.00    0.00    0.00    0.00    0.00    0.00    0.00    0.00  100.00
03:59:19 PM   15    0.00    0.00    0.00    0.00    0.00    0.00    0.00    0.00    0.00  100.00
03:59:19 PM   16    0.00    0.00    0.00    0.00    0.00    0.00    0.00    0.00    0.00  100.00
03:59:19 PM   17    0.00    0.00    0.00    0.00    0.00    0.00    0.00    0.00    0.00  100.00
03:59:19 PM   18    0.00    0.00    0.00    0.00    0.00    0.00    0.00    0.00    0.00  100.00
03:59:19 PM   19    0.00    0.00    0.00    0.00    0.00    0.00    0.00    0.00    0.00  100.00
03:59:19 PM   20    0.00    0.00    0.00    0.00    1.00    7.00    0.00    0.00    0.00   92.00
03:59:19 PM   21    0.00    0.00    0.00    0.00    0.00    0.00    0.00    0.00    0.00  100.00
03:59:19 PM   22    0.00    0.00    0.00    0.00    0.00    0.00    0.00    0.00    0.00  100.00
03:59:19 PM   23    0.00    0.00    0.00    0.00    0.00    0.00    0.00    0.00    0.00  100.00

03:59:19 PM  CPU    %usr   %nice    %sys %iowait    %irq   %soft  %steal  %guest  %gnice   %idle
03:59:20 PM  all    0.04    0.00    6.46    0.00    0.17    7.58    0.00    0.00    0.00   85.75
03:59:20 PM    0    0.00    0.00   42.42    0.00    0.00   51.52    0.00    0.00    0.00    6.06
03:59:20 PM    1    0.00    0.00   42.57    0.00    0.00   46.53    0.00    0.00    0.00   10.89
03:59:20 PM    2    0.00    0.00   46.08    0.00    0.98   36.27    0.00    0.00    0.00   16.67
03:59:20 PM    3    1.00    0.00   22.00    0.00    0.00   18.00    0.00    0.00    0.00   59.00
03:59:20 PM    4    0.00    0.00    0.00    0.00    1.00    2.00    0.00    0.00    0.00   97.00
03:59:20 PM    5    0.00    0.00    0.00    0.00    0.00    2.00    0.00    0.00    0.00   98.00
03:59:20 PM    6    0.00    0.00    0.00    0.00    0.00    2.00    0.00    0.00    0.00   98.00
03:59:20 PM    7    0.00    0.00    0.00    0.00    0.00    1.01    0.00    0.00    0.00   98.99
03:59:20 PM    8    0.00    0.00    0.00    0.00    1.00    6.00    0.00    0.00    0.00   93.00
03:59:20 PM    9    0.00    0.00    0.00    0.00    0.00    0.00    0.00    0.00    0.00  100.00
03:59:20 PM   10    0.00    0.00    0.00    0.00    0.00    0.00    0.00    0.00    0.00  100.00
03:59:20 PM   11    0.00    0.00    0.00    0.00    0.00    6.06    0.00    0.00    0.00   93.94
03:59:20 PM   12    0.00    0.00    0.99    0.00    0.99    4.95    0.00    0.00    0.00   93.07
03:59:20 PM   13    0.00    0.00    0.00    0.00    0.00    0.00    0.00    0.00    0.00  100.00
03:59:20 PM   14    0.00    0.00    0.00    0.00    0.00    0.00    0.00    0.00    0.00  100.00
03:59:20 PM   15    0.00    0.00    0.00    0.00    0.00    0.00    0.00    0.00    0.00  100.00
03:59:20 PM   16    0.00    0.00    0.00    0.00    0.00    0.00    0.00    0.00    0.00  100.00
03:59:20 PM   17    0.00    0.00    0.00    0.00    0.00    0.00    0.00    0.00    0.00  100.00
03:59:20 PM   18    0.00    0.00    0.00    0.00    0.00    0.00    0.00    0.00    0.00  100.00
03:59:20 PM   19    0.00    0.00    0.00    0.00    0.00    0.00    0.00    0.00    0.00  100.00
03:59:20 PM   20    0.00    0.00    0.00    0.00    0.00    5.05    0.00    0.00    0.00   94.95
03:59:20 PM   21    0.00    0.00    0.00    0.00    0.00    0.00    0.00    0.00    0.00  100.00
03:59:20 PM   22    0.00    0.00    0.00    0.00    0.00    0.00    0.00    0.00    0.00  100.00
03:59:20 PM   23    0.00    0.00    0.00    0.00    0.00    0.00    0.00    0.00    0.00  100.00

03:59:20 PM  CPU    %usr   %nice    %sys %iowait    %irq   %soft  %steal  %guest  %gnice   %idle
03:59:21 PM  all    0.00    0.00    6.34    0.04    0.17    7.51    0.00    0.00    0.00   85.94
03:59:21 PM    0    0.00    0.00   42.42    0.00    0.00   52.53    0.00    0.00    0.00    5.05
03:59:21 PM    1    0.00    0.00   43.56    0.00    0.00   45.54    0.00    0.00    0.00   10.89
03:59:21 PM    2    0.00    0.00   44.00    0.00    0.00   38.00    0.00    0.00    0.00   18.00
03:59:21 PM    3    0.00    0.00   22.00    1.00    0.00   18.00    0.00    0.00    0.00   59.00
03:59:21 PM    4    0.00    0.00    0.00    0.00    0.00    1.01    0.00    0.00    0.00   98.99
03:59:21 PM    5    0.00    0.00    0.00    0.00    0.99    1.98    0.00    0.00    0.00   97.03
03:59:21 PM    6    0.00    0.00    0.00    0.00    0.00    1.02    0.00    0.00    0.00   98.98
03:59:21 PM    7    0.00    0.00    0.00    0.00    0.00    1.00    0.00    0.00    0.00   99.00
03:59:21 PM    8    0.00    0.00    0.00    0.00    0.00    6.06    0.00    0.00    0.00   93.94
03:59:21 PM    9    0.00    0.00    0.00    0.00    0.00    0.00    0.00    0.00    0.00  100.00
03:59:21 PM   10    0.00    0.00    0.00    0.00    0.00    0.00    0.00    0.00    0.00  100.00
03:59:21 PM   11    0.00    0.00    0.00    0.00    1.00    6.00    0.00    0.00    0.00   93.00
03:59:21 PM   12    0.00    0.00    0.00    0.00    1.00    5.00    0.00    0.00    0.00   94.00
03:59:21 PM   13    0.00    0.00    0.00    0.00    0.00    0.00    0.00    0.00    0.00  100.00
03:59:21 PM   14    0.00    0.00    0.00    0.00    0.00    0.00    0.00    0.00    0.00  100.00
03:59:21 PM   15    0.00    0.00    0.00    0.00    0.00    0.00    0.00    0.00    0.00  100.00
03:59:21 PM   16    0.00    0.00    0.00    0.00    0.00    0.00    0.00    0.00    0.00  100.00
03:59:21 PM   17    0.00    0.00    0.00    0.00    0.00    0.00    0.00    0.00    0.00  100.00
03:59:21 PM   18    0.00    0.00    0.00    0.00    0.00    0.00    0.00    0.00    0.00  100.00
03:59:21 PM   19    0.00    0.00    0.00    0.00    0.00    0.00    0.00    0.00    0.00  100.00
03:59:21 PM   20    0.00    0.00    0.00    0.00    1.00    4.00    0.00    0.00    0.00   95.00
03:59:21 PM   21    0.00    0.00    0.00    0.00    0.00    0.00    0.00    0.00    0.00  100.00
03:59:21 PM   22    0.00    0.00    0.00    0.00    0.00    0.00    0.00    0.00    0.00  100.00
03:59:21 PM   23    0.00    0.00    0.00    0.00    0.00    0.00    0.00    0.00    0.00  100.00

03:59:21 PM  CPU    %usr   %nice    %sys %iowait    %irq   %soft  %steal  %guest  %gnice   %idle
03:59:22 PM  all    0.00    0.00    6.21    0.00    0.25    8.01    0.00    0.00    0.00   85.53
03:59:22 PM    0    0.00    0.00   39.60    0.00    0.99   53.47    0.00    0.00    0.00    5.94
03:59:22 PM    1    0.00    0.00   40.82    0.00    1.02   48.98    0.00    0.00    0.00    9.18
03:59:22 PM    2    0.00    0.00   45.00    0.00    0.00   39.00    0.00    0.00    0.00   16.00
03:59:22 PM    3    0.00    0.00   22.77    0.00    0.99   20.79    0.00    0.00    0.00   55.45
03:59:22 PM    4    0.00    0.00    0.00    0.00    0.00    2.00    0.00    0.00    0.00   98.00
03:59:22 PM    5    0.00    0.00    0.00    0.00    0.00    1.02    0.00    0.00    0.00   98.98
03:59:22 PM    6    0.00    0.00    0.00    0.00    0.99    1.98    0.00    0.00    0.00   97.03
03:59:22 PM    7    0.00    0.00    0.00    0.00    0.00    1.00    0.00    0.00    0.00   99.00
03:59:22 PM    8    0.00    0.00    0.99    0.00    0.99    6.93    0.00    0.00    0.00   91.09
03:59:22 PM    9    0.00    0.00    0.00    0.00    0.00    0.00    0.00    0.00    0.00  100.00
03:59:22 PM   10    0.00    0.00    0.00    0.00    0.00    0.00    0.00    0.00    0.00  100.00
03:59:22 PM   11    0.00    0.00    0.00    0.00    0.00    6.06    0.00    0.00    0.00   93.94
03:59:22 PM   12    0.00    0.00    0.00    0.00    1.00    5.00    0.00    0.00    0.00   94.00
03:59:22 PM   13    0.00    0.00    0.00    0.00    0.00    0.00    0.00    0.00    0.00  100.00
03:59:22 PM   14    0.00    0.00    0.00    0.00    0.00    0.00    0.00    0.00    0.00  100.00
03:59:22 PM   15    0.00    0.00    0.00    0.00    0.00    0.00    0.00    0.00    0.00  100.00
03:59:22 PM   16    0.00    0.00    0.00    0.00    0.00    0.00    0.00    0.00    0.00  100.00
03:59:22 PM   17    0.00    0.00    0.00    0.00    0.00    0.00    0.00    0.00    0.00  100.00
03:59:22 PM   18    0.00    0.00    0.00    0.00    0.00    0.00    0.00    0.00    0.00  100.00
03:59:22 PM   19    0.00    0.00    0.00    0.00    0.00    0.00    0.00    0.00    0.00  100.00
03:59:22 PM   20    0.00    0.00    0.00    0.00    0.00    6.06    0.00    0.00    0.00   93.94
03:59:22 PM   21    0.00    0.00    0.00    0.00    0.00    0.00    0.00    0.00    0.00  100.00
03:59:22 PM   22    0.00    0.00    0.00    0.00    0.00    0.00    0.00    0.00    0.00  100.00
03:59:22 PM   23    0.00    0.00    0.00    0.00    0.00    0.00    0.00    0.00    0.00  100.00

03:59:22 PM  CPU    %usr   %nice    %sys %iowait    %irq   %soft  %steal  %guest  %gnice   %idle
03:59:23 PM  all    0.00    0.00    7.21    0.04    0.17    5.33    0.00    0.00    0.00   87.25
03:59:23 PM    0    0.00    0.00   53.00    0.00    0.00   38.00    0.00    0.00    0.00    9.00
03:59:23 PM    1    0.00    0.00   50.00    0.00    0.00   32.35    0.00    0.00    0.00   17.65
03:59:23 PM    2    0.00    0.00   50.49    0.00    0.97   27.18    0.00    0.00    0.00   21.36
03:59:23 PM    3    0.00    0.00   17.00    1.00    0.00   10.00    0.00    0.00    0.00   72.00
03:59:23 PM    4    0.00    0.00    0.00    0.00    1.01    1.01    0.00    0.00    0.00   97.98
03:59:23 PM    5    0.00    0.00    0.00    0.00    0.00    2.00    0.00    0.00    0.00   98.00
03:59:23 PM    6    0.00    0.00    0.00    0.00    0.00    2.02    0.00    0.00    0.00   97.98
03:59:23 PM    7    0.00    0.00    0.00    0.00    0.00    0.00    0.00    0.00    0.00  100.00
03:59:23 PM    8    0.00    0.00    0.00    0.00    0.00    4.04    0.00    0.00    0.00   95.96
03:59:23 PM    9    0.00    0.00    0.00    0.00    0.00    0.00    0.00    0.00    0.00  100.00
03:59:23 PM   10    0.00    0.00    0.00    0.00    0.00    0.00    0.00    0.00    0.00  100.00
03:59:23 PM   11    0.00    0.00    0.00    0.00    1.00    3.00    0.00    0.00    0.00   96.00
03:59:23 PM   12    0.00    0.00    0.00    0.00    0.00    3.03    0.00    0.00    0.00   96.97
03:59:23 PM   13    0.00    0.00    0.00    0.00    0.00    0.00    0.00    0.00    0.00  100.00
03:59:23 PM   14    0.00    0.00    0.00    0.00    0.00    0.00    0.00    0.00    0.00  100.00
03:59:23 PM   15    0.00    0.00    0.00    0.00    0.00    0.00    0.00    0.00    0.00  100.00
03:59:23 PM   16    0.00    0.00    0.00    0.00    0.00    0.00    0.00    0.00    0.00  100.00
03:59:23 PM   17    0.00    0.00    0.00    0.00    0.00    0.00    0.00    0.00    0.00  100.00
03:59:23 PM   18    0.00    0.00    0.00    0.00    0.00    0.00    0.00    0.00    0.00  100.00
03:59:23 PM   19    0.00    0.00    0.00    0.00    0.00    0.00    0.00    0.00    0.00  100.00
03:59:23 PM   20    0.00    0.00    0.00    0.00    1.00    4.00    0.00    0.00    0.00   95.00
03:59:23 PM   21    0.00    0.00    0.00    0.00    0.00    0.00    0.00    0.00    0.00  100.00
03:59:23 PM   22    0.00    0.00    0.00    0.00    0.00    0.00    0.00    0.00    0.00  100.00
03:59:23 PM   23    0.00    0.00    0.00    0.00    0.00    0.00    0.00    0.00    0.00  100.00

03:59:23 PM  CPU    %usr   %nice    %sys %iowait    %irq   %soft  %steal  %guest  %gnice   %idle
03:59:24 PM  all    0.00    0.00    5.89    0.00    0.25    8.59    0.00    0.00    0.00   85.28
03:59:24 PM    0    0.00    0.00   38.61    0.00    0.99   57.43    0.00    0.00    0.00    2.97
03:59:24 PM    1    0.00    0.00   39.60    0.00    0.00   53.47    0.00    0.00    0.00    6.93
03:59:24 PM    2    0.00    0.00   41.00    0.00    0.00   44.00    0.00    0.00    0.00   15.00
03:59:24 PM    3    0.00    0.00   20.00    0.00    0.00   17.00    0.00    0.00    0.00   63.00
03:59:24 PM    4    0.00    0.00    0.00    0.00    0.00    2.00    0.00    0.00    0.00   98.00
03:59:24 PM    5    0.00    0.00    0.00    0.00    1.00    1.00    0.00    0.00    0.00   98.00
03:59:24 PM    6    0.00    0.00    0.98    0.00    0.98    1.96    0.00    0.00    0.00   96.08
03:59:24 PM    7    0.00    0.00    0.00    0.00    0.99    0.99    0.00    0.00    0.00   98.02
03:59:24 PM    8    0.00    0.00    0.00    0.00    1.00    7.00    0.00    0.00    0.00   92.00
03:59:24 PM    9    0.00    0.00    0.00    0.00    0.00    0.00    0.00    0.00    0.00  100.00
03:59:24 PM   10    0.00    0.00    0.00    0.00    0.00    0.00    0.00    0.00    0.00  100.00
03:59:24 PM   11    0.00    0.00    1.00    0.00    0.00    7.00    0.00    0.00    0.00   92.00
03:59:24 PM   12    0.00    0.00    0.00    0.00    1.00    6.00    0.00    0.00    0.00   93.00
03:59:24 PM   13    0.00    0.00    0.00    0.00    0.00    0.00    0.00    0.00    0.00  100.00
03:59:24 PM   14    0.00    0.00    0.00    0.00    0.00    0.00    0.00    0.00    0.00  100.00
03:59:24 PM   15    0.00    0.00    0.00    0.00    0.00    0.00    0.00    0.00    0.00  100.00
03:59:24 PM   16    0.00    0.00    0.00    0.00    0.00    0.00    0.00    0.00    0.00  100.00
03:59:24 PM   17    0.00    0.00    0.00    0.00    0.00    0.00    0.00    0.00    0.00  100.00
03:59:24 PM   18    0.00    0.00    0.00    0.00    0.00    0.00    0.00    0.00    0.00  100.00
03:59:24 PM   19    0.00    0.00    0.00    0.00    0.00    0.00    0.00    0.00    0.00  100.00
03:59:24 PM   20    0.00    0.00    0.00    0.00    0.00    8.00    0.00    0.00    0.00   92.00
03:59:24 PM   21    0.00    0.00    0.00    0.00    0.00    0.00    0.00    0.00    0.00  100.00
03:59:24 PM   22    0.00    0.00    0.00    0.00    0.00    0.00    0.00    0.00    0.00  100.00
03:59:24 PM   23    0.00    0.00    0.00    0.00    0.00    0.00    0.00    0.00    0.00  100.00

03:59:24 PM  CPU    %usr   %nice    %sys %iowait    %irq   %soft  %steal  %guest  %gnice   %idle
03:59:25 PM  all    0.12    0.00    6.40    0.00    0.21    7.64    0.00    0.00    0.00   85.63
03:59:25 PM    0    0.99    0.00   38.61    0.00    0.00   56.44    0.00    0.00    0.00    3.96
03:59:25 PM    1    0.97    0.00   43.69    0.00    0.97   43.69    0.00    0.00    0.00   10.68
03:59:25 PM    2    0.97    0.00   44.66    0.00    0.00   35.92    0.00    0.00    0.00   18.45
03:59:25 PM    3    0.00    0.00   22.77    0.00    0.00   16.83    0.00    0.00    0.00   60.40
03:59:25 PM    4    0.00    0.00    0.00    0.00    1.00    1.00    0.00    0.00    0.00   98.00
03:59:25 PM    5    0.00    0.00    1.00    0.00    0.00    2.00    0.00    0.00    0.00   97.00
03:59:25 PM    6    0.00    0.00    0.00    0.00    0.00    1.01    0.00    0.00    0.00   98.99
03:59:25 PM    7    0.00    0.00    0.00    0.00    0.00    1.00    0.00    0.00    0.00   99.00
03:59:25 PM    8    0.00    0.00    0.00    0.00    0.00    6.06    0.00    0.00    0.00   93.94
03:59:25 PM    9    0.00    0.00    0.00    0.00    0.00    0.00    0.00    0.00    0.00  100.00
03:59:25 PM   10    0.00    0.00    0.00    0.00    0.00    0.00    0.00    0.00    0.00  100.00
03:59:25 PM   11    0.00    0.00    0.00    0.00    0.99    5.94    0.00    0.00    0.00   93.07
03:59:25 PM   12    0.00    0.00    0.00    0.00    1.00    4.00    0.00    0.00    0.00   95.00
03:59:25 PM   13    0.00    0.00    0.00    0.00    0.00    0.00    0.00    0.00    0.00  100.00
03:59:25 PM   14    0.00    0.00    0.00    0.00    0.00    0.00    0.00    0.00    0.00  100.00
03:59:25 PM   15    0.00    0.00    0.00    0.00    0.00    0.00    0.00    0.00    0.00  100.00
03:59:25 PM   16    0.00    0.00    0.00    0.00    0.00    0.00    0.00    0.00    0.00  100.00
03:59:25 PM   17    0.00    0.00    0.00    0.00    0.00    0.00    0.00    0.00    0.00  100.00
03:59:25 PM   18    0.00    0.00    0.00    0.00    0.00    0.00    0.00    0.00    0.00  100.00
03:59:25 PM   19    0.00    0.00    0.00    0.00    0.00    0.00    0.00    0.00    0.00  100.00
03:59:25 PM   20    0.00    0.00    0.00    0.00    1.00    7.00    0.00    0.00    0.00   92.00
03:59:25 PM   21    0.00    0.00    0.00    0.00    0.00    0.00    0.00    0.00    0.00  100.00
03:59:25 PM   22    0.00    0.00    0.00    0.00    0.00    0.00    0.00    0.00    0.00  100.00
03:59:25 PM   23    0.00    0.00    0.00    0.00    0.00    0.00    0.00    0.00    0.00  100.00

03:59:25 PM  CPU    %usr   %nice    %sys %iowait    %irq   %soft  %steal  %guest  %gnice   %idle
03:59:26 PM  all    0.04    0.00    6.80    0.00    0.08    7.05    0.00    0.00    0.00   86.02
03:59:26 PM    0    0.00    0.00   45.00    0.00    0.00   50.00    0.00    0.00    0.00    5.00
03:59:26 PM    1    0.00    0.00   46.00    0.00    0.00   42.00    0.00    0.00    0.00   12.00
03:59:26 PM    2    0.00    0.00   47.00    0.00    0.00   34.00    0.00    0.00    0.00   19.00
03:59:26 PM    3    0.99    0.00   23.76    0.00    0.00   17.82    0.00    0.00    0.00   57.43
03:59:26 PM    4    0.00    0.00    0.00    0.00    0.00    2.00    0.00    0.00    0.00   98.00
03:59:26 PM    5    0.00    0.00    0.00    0.00    0.00    2.00    0.00    0.00    0.00   98.00
03:59:26 PM    6    0.00    0.00    0.00    0.00    0.00    2.02    0.00    0.00    0.00   97.98
03:59:26 PM    7    0.00    0.00    1.00    0.00    0.00    1.00    0.00    0.00    0.00   98.00
03:59:26 PM    8    0.00    0.00    0.00    0.00    0.99    4.95    0.00    0.00    0.00   94.06
03:59:26 PM    9    0.00    0.00    0.00    0.00    0.00    0.00    0.00    0.00    0.00  100.00
03:59:26 PM   10    0.00    0.00    0.00    0.00    0.00    0.00    0.00    0.00    0.00  100.00
03:59:26 PM   11    0.00    0.00    0.00    0.00    0.00    4.04    0.00    0.00    0.00   95.96
03:59:26 PM   12    0.00    0.00    0.00    0.00    0.00    4.08    0.00    0.00    0.00   95.92
03:59:26 PM   13    0.00    0.00    0.00    0.00    0.00    0.00    0.00    0.00    0.00  100.00
03:59:26 PM   14    0.00    0.00    0.00    0.00    0.00    0.00    0.00    0.00    0.00  100.00
03:59:26 PM   15    0.00    0.00    0.00    0.00    0.00    0.00    0.00    0.00    0.00  100.00
03:59:26 PM   16    0.00    0.00    0.00    0.00    0.00    0.00    0.00    0.00    0.00  100.00
03:59:26 PM   17    0.00    0.00    0.00    0.00    0.00    0.00    0.00    0.00    0.00  100.00
03:59:26 PM   18    0.00    0.00    0.00    0.00    0.00    0.00    0.00    0.00    0.00  100.00
03:59:26 PM   19    0.00    0.00    0.00    0.00    0.00    0.00    0.00    0.00    0.00  100.00
03:59:26 PM   20    0.00    0.00    0.00    0.00    1.01    5.05    0.00    0.00    0.00   93.94
03:59:26 PM   21    0.00    0.00    0.00    0.00    0.00    0.00    0.00    0.00    0.00  100.00
03:59:26 PM   22    0.00    0.00    0.00    0.00    0.00    0.00    0.00    0.00    0.00  100.00
03:59:26 PM   23    0.00    0.00    0.00    0.00    0.00    0.00    0.00    0.00    0.00  100.00

03:59:26 PM  CPU    %usr   %nice    %sys %iowait    %irq   %soft  %steal  %guest  %gnice   %idle
03:59:27 PM  all    0.00    0.00    6.77    0.04    0.25    7.14    0.00    0.00    0.00   85.80
03:59:27 PM    0    0.00    0.00   44.55    0.00    0.99   48.51    0.00    0.00    0.00    5.94
03:59:27 PM    1    0.00    0.00   46.08    0.00    0.00   43.14    0.00    0.00    0.00   10.78
03:59:27 PM    2    0.00    0.00   46.15    0.00    0.96   35.58    0.00    0.00    0.00   17.31
03:59:27 PM    3    0.00    0.00   22.77    0.99    0.00   16.83    0.00    0.00    0.00   59.41
03:59:27 PM    4    0.00    0.00    0.00    0.00    1.00    2.00    0.00    0.00    0.00   97.00
03:59:27 PM    5    0.00    0.00    0.00    0.00    1.00    1.00    0.00    0.00    0.00   98.00
03:59:27 PM    6    0.00    0.00    0.00    0.00    0.99    1.98    0.00    0.00    0.00   97.03
03:59:27 PM    7    0.00    0.00    0.00    0.00    0.00    1.00    0.00    0.00    0.00   99.00
03:59:27 PM    8    0.00    0.00    0.00    0.00    0.00    5.10    0.00    0.00    0.00   94.90
03:59:27 PM    9    0.00    0.00    0.00    0.00    0.00    0.00    0.00    0.00    0.00  100.00
03:59:27 PM   10    0.00    0.00    0.00    0.00    0.00    0.00    0.00    0.00    0.00  100.00
03:59:27 PM   11    0.00    0.00    0.00    0.00    0.00    4.04    0.00    0.00    0.00   95.96
03:59:27 PM   12    0.00    0.00    0.00    0.00    0.99    3.96    0.00    0.00    0.00   95.05
03:59:27 PM   13    0.00    0.00    0.00    0.00    0.00    0.00    0.00    0.00    0.00  100.00
03:59:27 PM   14    0.00    0.00    0.00    0.00    0.00    0.00    0.00    0.00    0.00  100.00
03:59:27 PM   15    0.00    0.00    0.00    0.00    0.00    0.00    0.00    0.00    0.00  100.00
03:59:27 PM   16    0.00    0.00    0.00    0.00    0.00    0.00    0.00    0.00    0.00  100.00
03:59:27 PM   17    0.00    0.00    0.00    0.00    0.00    0.00    0.00    0.00    0.00  100.00
03:59:27 PM   18    0.00    0.00    0.00    0.00    0.00    0.00    0.00    0.00    0.00  100.00
03:59:27 PM   19    0.00    0.00    0.00    0.00    0.00    0.00    0.00    0.00    0.00  100.00
03:59:27 PM   20    0.00    0.00    0.00    0.00    0.00    6.00    0.00    0.00    0.00   94.00
03:59:27 PM   21    0.00    0.00    0.00    0.00    0.00    0.00    0.00    0.00    0.00  100.00
03:59:27 PM   22    0.00    0.00    0.00    0.00    0.00    0.00    0.00    0.00    0.00  100.00
03:59:27 PM   23    0.00    0.00    0.00    0.00    0.00    0.00    0.00    0.00    0.00  100.00

03:59:27 PM  CPU    %usr   %nice    %sys %iowait    %irq   %soft  %steal  %guest  %gnice   %idle
03:59:28 PM  all    0.04    0.00    5.95    0.00    0.21    8.16    0.00    0.00    0.00   85.64
03:59:28 PM    0    0.00    0.00   38.61    0.00    0.00   56.44    0.00    0.00    0.00    4.95
03:59:28 PM    1    0.98    0.00   38.24    0.00    0.98   52.94    0.00    0.00    0.00    6.86
03:59:28 PM    2    0.00    0.00   46.53    0.00    0.00   39.60    0.00    0.00    0.00   13.86
03:59:28 PM    3    0.00    0.00   18.00    0.00    0.00   14.00    0.00    0.00    0.00   68.00
03:59:28 PM    4    0.00    0.00    0.00    0.00    0.00    1.01    0.00    0.00    0.00   98.99
03:59:28 PM    5    0.00    0.00    0.00    0.00    0.00    1.01    0.00    0.00    0.00   98.99
03:59:28 PM    6    0.00    0.00    0.00    0.00    0.00    1.02    0.00    0.00    0.00   98.98
03:59:28 PM    7    0.00    0.00    0.00    0.00    0.00    1.00    0.00    0.00    0.00   99.00
03:59:28 PM    8    0.00    0.00    0.00    0.00    0.99    7.92    0.00    0.00    0.00   91.09
03:59:28 PM    9    0.00    0.00    0.00    0.00    0.00    0.00    0.00    0.00    0.00  100.00
03:59:28 PM   10    0.00    0.00    0.00    0.00    0.00    0.00    0.00    0.00    0.00  100.00
03:59:28 PM   11    0.00    0.00    0.00    0.00    1.00    7.00    0.00    0.00    0.00   92.00
03:59:28 PM   12    0.00    0.00    0.00    0.00    1.00    5.00    0.00    0.00    0.00   94.00
03:59:28 PM   13    0.00    0.00    0.00    0.00    0.00    0.00    0.00    0.00    0.00  100.00
03:59:28 PM   14    0.00    0.00    0.00    0.00    0.00    0.00    0.00    0.00    0.00  100.00
03:59:28 PM   15    0.00    0.00    0.00    0.00    0.00    0.00    0.00    0.00    0.00  100.00
03:59:28 PM   16    0.00    0.00    0.00    0.00    0.00    0.00    0.00    0.00    0.00  100.00
03:59:28 PM   17    0.00    0.00    0.00    0.00    0.00    0.00    0.00    0.00    0.00  100.00
03:59:28 PM   18    0.00    0.00    0.00    0.00    0.00    0.00    0.00    0.00    0.00  100.00
03:59:28 PM   19    0.00    0.00    0.00    0.00    0.00    0.00    0.00    0.00    0.00  100.00
03:59:28 PM   20    0.00    0.00    0.00    0.00    1.00    7.00    0.00    0.00    0.00   92.00
03:59:28 PM   21    0.00    0.00    0.00    0.00    0.00    0.00    0.00    0.00    0.00  100.00
03:59:28 PM   22    0.00    0.00    0.00    0.00    0.00    0.00    0.00    0.00    0.00  100.00
03:59:28 PM   23    0.00    0.00    0.00    0.00    0.00    0.00    0.00    0.00    0.00  100.00

03:59:28 PM  CPU    %usr   %nice    %sys %iowait    %irq   %soft  %steal  %guest  %gnice   %idle
03:59:29 PM  all    0.00    0.00    6.22    0.00    0.17    8.10    0.00    0.00    0.00   85.52
03:59:29 PM    0    0.00    0.00   39.00    0.00    1.00   57.00    0.00    0.00    0.00    3.00
03:59:29 PM    1    0.00    0.00   44.12    0.00    0.00   47.06    0.00    0.00    0.00    8.82
03:59:29 PM    2    0.00    0.00   44.00    0.00    0.00   42.00    0.00    0.00    0.00   14.00
03:59:29 PM    3    0.00    0.00   20.79    0.00    0.99   17.82    0.00    0.00    0.00   60.40
03:59:29 PM    4    0.00    0.00    0.00    0.00    0.00    2.02    0.00    0.00    0.00   97.98
03:59:29 PM    5    0.00    0.00    0.00    0.00    0.00    2.02    0.00    0.00    0.00   97.98
03:59:29 PM    6    0.00    0.00    0.00    0.00    0.00    2.02    0.00    0.00    0.00   97.98
03:59:29 PM    7    0.00    0.00    0.00    0.00    1.00    0.00    0.00    0.00    0.00   99.00
03:59:29 PM    8    0.00    0.00    0.00    0.00    0.00    7.07    0.00    0.00    0.00   92.93
03:59:29 PM    9    0.00    0.00    0.00    0.00    0.00    0.00    0.00    0.00    0.00  100.00
03:59:29 PM   10    0.00    0.00    0.00    0.00    0.00    0.00    0.00    0.00    0.00  100.00
03:59:29 PM   11    0.00    0.00    0.00    0.00    0.00    6.06    0.00    0.00    0.00   93.94
03:59:29 PM   12    0.00    0.00    0.00    0.00    0.00    4.04    0.00    0.00    0.00   95.96
03:59:29 PM   13    0.00    0.00    0.00    0.00    0.00    0.00    0.00    0.00    0.00  100.00
03:59:29 PM   14    0.00    0.00    0.00    0.00    0.00    0.00    0.00    0.00    0.00  100.00
03:59:29 PM   15    0.00    0.00    0.00    0.00    0.00    0.00    0.00    0.00    0.00  100.00
03:59:29 PM   16    0.00    0.00    0.00    0.00    0.00    0.00    0.00    0.00    0.00  100.00
03:59:29 PM   17    0.00    0.00    0.00    0.00    0.00    0.00    0.00    0.00    0.00  100.00
03:59:29 PM   18    0.00    0.00    0.00    0.00    0.00    0.00    0.00    0.00    0.00  100.00
03:59:29 PM   19    0.00    0.00    0.00    0.00    0.00    0.00    0.00    0.00    0.00  100.00
03:59:29 PM   20    0.00    0.00    0.00    0.00    1.01    6.06    0.00    0.00    0.00   92.93
03:59:29 PM   21    0.00    0.00    0.00    0.00    0.00    0.00    0.00    0.00    0.00  100.00
03:59:29 PM   22    0.00    0.00    0.00    0.00    0.00    0.00    0.00    0.00    0.00  100.00
03:59:29 PM   23    0.00    0.00    0.00    0.00    0.00    0.00    0.00    0.00    0.00  100.00

03:59:29 PM  CPU    %usr   %nice    %sys %iowait    %irq   %soft  %steal  %guest  %gnice   %idle
03:59:30 PM  all    0.00    0.00    6.57    0.00    0.29    7.20    0.00    0.00    0.00   85.94
03:59:30 PM    0    0.00    0.00   42.42    0.00    0.00   53.54    0.00    0.00    0.00    4.04
03:59:30 PM    1    0.00    0.00   45.54    0.00    0.00   42.57    0.00    0.00    0.00   11.88
03:59:30 PM    2    0.00    0.00   46.60    0.00    0.97   33.01    0.00    0.00    0.00   19.42
03:59:30 PM    3    0.00    0.00   21.00    0.00    0.00   16.00    0.00    0.00    0.00   63.00
03:59:30 PM    4    0.00    0.00    0.00    0.00    1.00    1.00    0.00    0.00    0.00   98.00
03:59:30 PM    5    0.00    0.00    0.00    0.00    0.99    1.98    0.00    0.00    0.00   97.03
03:59:30 PM    6    0.00    0.00    0.00    0.00    0.99    1.98    0.00    0.00    0.00   97.03
03:59:30 PM    7    0.00    0.00    0.00    0.00    0.00    1.00    0.00    0.00    0.00   99.00
03:59:30 PM    8    0.00    0.00    0.00    0.00    1.01    5.05    0.00    0.00    0.00   93.94
03:59:30 PM    9    0.00    0.00    0.00    0.00    0.00    0.00    0.00    0.00    0.00  100.00
03:59:30 PM   10    0.00    0.00    0.00    0.00    0.00    0.00    0.00    0.00    0.00  100.00
03:59:30 PM   11    0.00    0.00    0.00    0.00    1.00    4.00    0.00    0.00    0.00   95.00
03:59:30 PM   12    0.00    0.00    0.00    0.00    1.00    5.00    0.00    0.00    0.00   94.00
03:59:30 PM   13    0.00    0.00    0.00    0.00    0.00    0.00    0.00    0.00    0.00  100.00
03:59:30 PM   14    0.00    0.00    0.00    0.00    0.00    0.00    0.00    0.00    0.00  100.00
03:59:30 PM   15    0.00    0.00    0.00    0.00    0.00    0.00    0.00    0.00    0.00  100.00
03:59:30 PM   16    0.00    0.00    0.00    0.00    0.00    0.00    0.00    0.00    0.00  100.00
03:59:30 PM   17    0.00    0.00    0.00    0.00    0.00    0.00    0.00    0.00    0.00  100.00
03:59:30 PM   18    0.00    0.00    0.00    0.00    0.00    0.00    0.00    0.00    0.00  100.00
03:59:30 PM   19    0.00    0.00    0.00    0.00    0.00    0.00    0.00    0.00    0.00  100.00
03:59:30 PM   20    0.00    0.00    1.00    0.00    0.00    7.00    0.00    0.00    0.00   92.00
03:59:30 PM   21    0.00    0.00    0.00    0.00    0.00    0.00    0.00    0.00    0.00  100.00
03:59:30 PM   22    0.00    0.00    0.00    0.00    0.00    0.00    0.00    0.00    0.00  100.00
03:59:30 PM   23    0.00    0.00    0.00    0.00    0.00    0.00    0.00    0.00    0.00  100.00

03:59:30 PM  CPU    %usr   %nice    %sys %iowait    %irq   %soft  %steal  %guest  %gnice   %idle
03:59:31 PM  all    0.08    0.00    6.99    0.00    0.12    7.11    0.00    0.00    0.00   85.70
03:59:31 PM    0    0.00    0.00   45.10    0.00    0.98   47.06    0.00    0.00    0.00    6.86
03:59:31 PM    1    0.00    0.00   47.00    0.00    0.00   43.00    0.00    0.00    0.00   10.00
03:59:31 PM    2    0.99    0.00   46.53    0.00    0.00   36.63    0.00    0.00    0.00   15.84
03:59:31 PM    3    0.97    0.00   27.18    0.00    0.00   18.45    0.00    0.00    0.00   53.40
03:59:31 PM    4    0.00    0.00    0.00    0.00    0.00    2.00    0.00    0.00    0.00   98.00
03:59:31 PM    5    0.00    0.00    0.00    0.00    0.00    1.01    0.00    0.00    0.00   98.99
03:59:31 PM    6    0.00    0.00    0.00    0.00    0.00    2.02    0.00    0.00    0.00   97.98
03:59:31 PM    7    0.00    0.00    0.00    0.00    0.00    1.01    0.00    0.00    0.00   98.99
03:59:31 PM    8    0.00    0.00    0.00    0.00    0.00    6.00    0.00    0.00    0.00   94.00
03:59:31 PM    9    0.00    0.00    0.00    0.00    0.00    0.00    0.00    0.00    0.00  100.00
03:59:31 PM   10    0.00    0.00    0.00    0.00    0.00    0.00    0.00    0.00    0.00  100.00
03:59:31 PM   11    0.00    0.00    0.00    0.00    0.00    5.00    0.00    0.00    0.00   95.00
03:59:31 PM   12    0.00    0.00    0.00    0.00    1.00    2.00    0.00    0.00    0.00   97.00
03:59:31 PM   13    0.00    0.00    0.00    0.00    0.00    0.00    0.00    0.00    0.00  100.00
03:59:31 PM   14    0.00    0.00    0.00    0.00    0.00    0.00    0.00    0.00    0.00  100.00
03:59:31 PM   15    0.00    0.00    0.00    0.00    0.00    0.00    0.00    0.00    0.00  100.00
03:59:31 PM   16    0.00    0.00    0.00    0.00    0.00    0.00    0.00    0.00    0.00  100.00
03:59:31 PM   17    0.00    0.00    0.00    0.00    0.00    0.00    0.00    0.00    0.00  100.00
03:59:31 PM   18    0.00    0.00    0.00    0.00    0.00    0.00    0.00    0.00    0.00  100.00
03:59:31 PM   19    0.00    0.00    0.00    0.00    0.00    0.00    0.00    0.00    0.00  100.00
03:59:31 PM   20    0.00    0.00    0.00    0.00    0.99    4.95    0.00    0.00    0.00   94.06
03:59:31 PM   21    0.00    0.00    0.00    0.00    0.00    0.00    0.00    0.00    0.00  100.00
03:59:31 PM   22    0.00    0.00    0.00    0.00    0.00    0.00    0.00    0.00    0.00  100.00
03:59:31 PM   23    0.00    0.00    0.00    0.00    0.00    0.00    0.00    0.00    0.00  100.00

03:59:31 PM  CPU    %usr   %nice    %sys %iowait    %irq   %soft  %steal  %guest  %gnice   %idle
03:59:32 PM  all    0.04    0.00    6.58    0.00    0.17    7.41    0.00    0.00    0.00   85.80
03:59:32 PM    0    0.99    0.00   42.57    0.00    0.00   50.50    0.00    0.00    0.00    5.94
03:59:32 PM    1    0.00    0.00   44.12    0.00    0.98   43.14    0.00    0.00    0.00   11.76
03:59:32 PM    2    0.00    0.00   45.54    0.00    0.00   36.63    0.00    0.00    0.00   17.82
03:59:32 PM    3    0.00    0.00   23.53    0.00    0.00   18.63    0.00    0.00    0.00   57.84
03:59:32 PM    4    0.00    0.00    0.00    0.00    1.01    1.01    0.00    0.00    0.00   97.98
03:59:32 PM    5    0.00    0.00    0.00    0.00    0.00    2.02    0.00    0.00    0.00   97.98
03:59:32 PM    6    0.00    0.00    0.00    0.00    0.00    2.00    0.00    0.00    0.00   98.00
03:59:32 PM    7    0.00    0.00    0.00    0.00    0.00    1.00    0.00    0.00    0.00   99.00
03:59:32 PM    8    0.00    0.00    0.00    0.00    1.00    5.00    0.00    0.00    0.00   94.00
03:59:32 PM    9    0.00    0.00    0.00    0.00    0.00    0.00    0.00    0.00    0.00  100.00
03:59:32 PM   10    0.00    0.00    0.00    0.00    0.00    0.00    0.00    0.00    0.00  100.00
03:59:32 PM   11    0.00    0.00    0.00    0.00    0.00    6.06    0.00    0.00    0.00   93.94
03:59:32 PM   12    0.00    0.00    0.00    0.00    1.00    5.00    0.00    0.00    0.00   94.00
03:59:32 PM   13    0.00    0.00    0.00    0.00    0.00    0.00    0.00    0.00    0.00  100.00
03:59:32 PM   14    0.00    0.00    0.00    0.00    0.00    0.00    0.00    0.00    0.00  100.00
03:59:32 PM   15    0.00    0.00    0.00    0.00    0.00    0.00    0.00    0.00    0.00  100.00
03:59:32 PM   16    0.00    0.00    0.00    0.00    0.00    0.00    0.00    0.00    0.00  100.00
03:59:32 PM   17    0.00    0.00    0.00    0.00    0.00    0.00    0.00    0.00    0.00  100.00
03:59:32 PM   18    0.00    0.00    0.00    0.00    0.00    0.00    0.00    0.00    0.00  100.00
03:59:32 PM   19    0.00    0.00    0.00    0.00    0.00    0.00    0.00    0.00    0.00  100.00
03:59:32 PM   20    0.00    0.00    0.00    0.00    0.00    5.10    0.00    0.00    0.00   94.90
03:59:32 PM   21    0.00    0.00    0.00    0.00    0.00    0.00    0.00    0.00    0.00  100.00
03:59:32 PM   22    0.00    0.00    0.00    0.00    0.00    0.00    0.00    0.00    0.00  100.00
03:59:32 PM   23    0.00    0.00    0.00    0.00    0.00    0.00    0.00    0.00    0.00  100.00

03:59:32 PM  CPU    %usr   %nice    %sys %iowait    %irq   %soft  %steal  %guest  %gnice   %idle
03:59:33 PM  all    0.04    0.00    6.16    0.00    0.17    7.24    0.00    0.00    0.00   86.39
03:59:33 PM    0    0.00    0.00   37.00    0.00    0.00   57.00    0.00    0.00    0.00    6.00
03:59:33 PM    1    0.98    0.00   44.12    0.00    0.00   44.12    0.00    0.00    0.00   10.78
03:59:33 PM    2    0.00    0.00   48.04    0.00    0.00   31.37    0.00    0.00    0.00   20.59
03:59:33 PM    3    0.00    0.00   17.17    0.00    0.00   13.13    0.00    0.00    0.00   69.70
03:59:33 PM    4    0.00    0.00    0.00    0.00    0.00    2.00    0.00    0.00    0.00   98.00
03:59:33 PM    5    0.00    0.00    0.00    0.00    0.99    1.98    0.00    0.00    0.00   97.03
03:59:33 PM    6    0.00    0.00    0.00    0.00    1.00    1.00    0.00    0.00    0.00   98.00
03:59:33 PM    7    0.00    0.00    0.00    0.00    0.00    1.00    0.00    0.00    0.00   99.00
03:59:33 PM    8    0.00    0.00    0.00    0.00    0.00    6.12    0.00    0.00    0.00   93.88
03:59:33 PM    9    0.00    0.00    0.00    0.00    0.00    0.00    0.00    0.00    0.00  100.00
03:59:33 PM   10    0.00    0.00    0.00    0.00    0.00    0.00    0.00    0.00    0.00  100.00
03:59:33 PM   11    0.00    0.00    0.00    0.00    1.00    5.00    0.00    0.00    0.00   94.00
03:59:33 PM   12    0.00    0.00    0.00    0.00    0.00    4.04    0.00    0.00    0.00   95.96
03:59:33 PM   13    0.00    0.00    0.00    0.00    0.00    0.00    0.00    0.00    0.00  100.00
03:59:33 PM   14    0.00    0.00    0.00    0.00    0.00    0.00    0.00    0.00    0.00  100.00
03:59:33 PM   15    0.00    0.00    0.00    0.00    0.00    0.00    0.00    0.00    0.00  100.00
03:59:33 PM   16    0.00    0.00    0.00    0.00    0.00    0.00    0.00    0.00    0.00  100.00
03:59:33 PM   17    0.00    0.00    0.00    0.00    0.00    0.00    0.00    0.00    0.00  100.00
03:59:33 PM   18    0.00    0.00    0.00    0.00    0.00    0.00    0.00    0.00    0.00  100.00
03:59:33 PM   19    0.00    0.00    0.00    0.00    0.00    0.00    0.00    0.00    0.00  100.00
03:59:33 PM   20    0.00    0.00    0.00    0.00    0.99    5.94    0.00    0.00    0.00   93.07
03:59:33 PM   21    0.00    0.00    0.00    0.00    0.00    0.00    0.00    0.00    0.00  100.00
03:59:33 PM   22    0.00    0.00    0.00    0.00    0.00    0.00    0.00    0.00    0.00  100.00
03:59:33 PM   23    0.00    0.00    0.00    0.00    0.00    0.00    0.00    0.00    0.00  100.00

03:59:33 PM  CPU    %usr   %nice    %sys %iowait    %irq   %soft  %steal  %guest  %gnice   %idle
03:59:34 PM  all    0.00    0.00    6.38    0.00    0.21    6.67    0.00    0.00    0.00   86.74
03:59:34 PM    0    0.00    0.00   37.62    0.00    0.99   54.46    0.00    0.00    0.00    6.93
03:59:34 PM    1    0.00    0.00   46.00    0.00    0.00   42.00    0.00    0.00    0.00   12.00
03:59:34 PM    2    0.00    0.00   50.98    0.00    0.98   26.47    0.00    0.00    0.00   21.57
03:59:34 PM    3    0.00    0.00   17.00    0.00    0.00   10.00    0.00    0.00    0.00   73.00
03:59:34 PM    4    0.00    0.00    0.00    0.00    1.00    2.00    0.00    0.00    0.00   97.00
03:59:34 PM    5    0.00    0.00    0.00    0.00    0.00    1.01    0.00    0.00    0.00   98.99
03:59:34 PM    6    0.00    0.00    0.00    0.00    0.00    2.02    0.00    0.00    0.00   97.98
03:59:34 PM    7    0.00    0.00    0.00    0.00    0.00    1.00    0.00    0.00    0.00   99.00
03:59:34 PM    8    0.00    0.00    0.00    0.00    1.00    6.00    0.00    0.00    0.00   93.00
03:59:34 PM    9    0.00    0.00    0.00    0.00    0.00    0.00    0.00    0.00    0.00  100.00
03:59:34 PM   10    0.00    0.00    0.00    0.00    0.00    0.00    0.00    0.00    0.00  100.00
03:59:34 PM   11    0.00    0.00    0.00    0.00    0.00    4.04    0.00    0.00    0.00   95.96
03:59:34 PM   12    0.00    0.00    0.00    0.00    1.00    4.00    0.00    0.00    0.00   95.00
03:59:34 PM   13    0.00    0.00    0.00    0.00    0.00    0.00    0.00    0.00    0.00  100.00
03:59:34 PM   14    0.00    0.00    0.00    0.00    0.00    0.00    0.00    0.00    0.00  100.00
03:59:34 PM   15    0.00    0.00    0.00    0.00    0.00    0.00    0.00    0.00    0.00  100.00
03:59:34 PM   16    0.00    0.00    0.00    0.00    0.00    0.00    0.00    0.00    0.00  100.00
03:59:34 PM   17    0.00    0.00    0.00    0.00    0.00    0.00    0.00    0.00    0.00  100.00
03:59:34 PM   18    0.00    0.00    0.00    0.00    0.00    0.00    0.00    0.00    0.00  100.00
03:59:34 PM   19    0.00    0.00    0.00    0.00    0.00    0.00    0.00    0.00    0.00  100.00
03:59:34 PM   20    0.00    0.00    0.00    0.00    0.00    6.06    0.00    0.00    0.00   93.94
03:59:34 PM   21    0.00    0.00    0.00    0.00    0.00    0.00    0.00    0.00    0.00  100.00
03:59:34 PM   22    0.00    0.00    0.00    0.00    0.00    0.00    0.00    0.00    0.00  100.00
03:59:34 PM   23    0.00    0.00    0.00    0.00    0.00    0.00    0.00    0.00    0.00  100.00

03:59:34 PM  CPU    %usr   %nice    %sys %iowait    %irq   %soft  %steal  %guest  %gnice   %idle
03:59:35 PM  all    0.04    0.00    6.91    0.00    0.21    5.78    0.00    0.00    0.00   87.06
03:59:35 PM    0    0.00    0.00   49.00    0.00    0.00   41.00    0.00    0.00    0.00   10.00
03:59:35 PM    1    0.00    0.00   47.06    0.00    0.98   35.29    0.00    0.00    0.00   16.67
03:59:35 PM    2    0.98    0.00   47.06    0.00    0.00   30.39    0.00    0.00    0.00   21.57
03:59:35 PM    3    0.00    0.00   19.80    0.00    0.99   10.89    0.00    0.00    0.00   68.32
03:59:35 PM    4    0.00    0.00    1.00    0.00    0.00    1.00    0.00    0.00    0.00   98.00
03:59:35 PM    5    0.00    0.00    0.00    0.00    0.00    1.01    0.00    0.00    0.00   98.99
03:59:35 PM    6    0.00    0.00    0.00    0.00    0.00    2.00    0.00    0.00    0.00   98.00
03:59:35 PM    7    0.00    0.00    0.00    0.00    1.00    0.00    0.00    0.00    0.00   99.00
03:59:35 PM    8    0.00    0.00    0.00    0.00    0.00    4.04    0.00    0.00    0.00   95.96
03:59:35 PM    9    0.00    0.00    0.00    0.00    0.00    0.00    0.00    0.00    0.00  100.00
03:59:35 PM   10    0.00    0.00    0.00    0.00    0.00    0.00    0.00    0.00    0.00  100.00
03:59:35 PM   11    0.00    0.00    0.00    0.00    0.99    3.96    0.00    0.00    0.00   95.05
03:59:35 PM   12    0.00    0.00    0.00    0.00    0.00    3.00    0.00    0.00    0.00   97.00
03:59:35 PM   13    0.00    0.00    0.00    0.00    0.00    0.00    0.00    0.00    0.00  100.00
03:59:35 PM   14    0.00    0.00    0.00    0.00    0.00    0.00    0.00    0.00    0.00  100.00
03:59:35 PM   15    0.00    0.00    0.00    0.00    0.00    0.00    0.00    0.00    0.00  100.00
03:59:35 PM   16    0.00    0.00    0.00    0.00    0.00    0.00    0.00    0.00    0.00  100.00
03:59:35 PM   17    0.00    0.00    0.00    0.00    0.00    0.00    0.00    0.00    0.00  100.00
03:59:35 PM   18    0.00    0.00    0.00    0.00    0.00    0.00    0.00    0.00    0.00  100.00
03:59:35 PM   19    0.00    0.00    0.00    0.00    0.00    0.00    0.00    0.00    0.00  100.00
03:59:35 PM   20    0.00    0.00    0.00    0.00    1.00    5.00    0.00    0.00    0.00   94.00
03:59:35 PM   21    0.00    0.00    0.00    0.00    0.00    0.00    0.00    0.00    0.00  100.00
03:59:35 PM   22    0.00    0.00    0.00    0.00    0.00    0.00    0.00    0.00    0.00  100.00
03:59:35 PM   23    0.00    0.00    0.00    0.00    0.00    0.00    0.00    0.00    0.00  100.00

03:59:35 PM  CPU    %usr   %nice    %sys %iowait    %irq   %soft  %steal  %guest  %gnice   %idle
03:59:36 PM  all    0.04    0.00    6.91    0.00    0.29    6.12    0.00    0.00    0.00   86.64
03:59:36 PM    0    0.97    0.00   47.57    0.00    0.97   41.75    0.00    0.00    0.00    8.74
03:59:36 PM    1    0.00    0.00   46.00    0.00    0.00   38.00    0.00    0.00    0.00   16.00
03:59:36 PM    2    0.00    0.00   49.00    0.00    0.00   30.00    0.00    0.00    0.00   21.00
03:59:36 PM    3    0.00    0.00   21.21    0.00    0.00   13.13    0.00    0.00    0.00   65.66
03:59:36 PM    4    0.00    0.00    0.00    0.00    1.00    2.00    0.00    0.00    0.00   97.00
03:59:36 PM    5    0.00    0.00    0.00    0.00    0.99    1.98    0.00    0.00    0.00   97.03
03:59:36 PM    6    0.00    0.00    0.00    0.00    1.01    1.01    0.00    0.00    0.00   97.98
03:59:36 PM    7    0.00    0.00    0.00    0.00    0.00    1.00    0.00    0.00    0.00   99.00
03:59:36 PM    8    0.00    0.00    0.00    0.00    0.99    4.95    0.00    0.00    0.00   94.06
03:59:36 PM    9    0.00    0.00    0.00    0.00    0.00    0.00    0.00    0.00    0.00  100.00
03:59:36 PM   10    0.00    0.00    0.00    0.00    0.00    0.00    0.00    0.00    0.00  100.00
03:59:36 PM   11    0.00    0.00    0.00    0.00    0.00    4.08    0.00    0.00    0.00   95.92
03:59:36 PM   12    0.00    0.00    0.99    0.00    0.99    2.97    0.00    0.00    0.00   95.05
03:59:36 PM   13    0.00    0.00    0.00    0.00    0.00    0.00    0.00    0.00    0.00  100.00
03:59:36 PM   14    0.00    0.00    0.00    0.00    0.00    0.00    0.00    0.00    0.00  100.00
03:59:36 PM   15    0.00    0.00    0.00    0.00    0.00    0.00    0.00    0.00    0.00  100.00
03:59:36 PM   16    0.00    0.00    0.00    0.00    0.00    0.00    0.00    0.00    0.00  100.00
03:59:36 PM   17    0.00    0.00    0.00    0.00    0.00    0.00    0.00    0.00    0.00  100.00
03:59:36 PM   18    0.00    0.00    0.00    0.00    0.00    0.00    0.00    0.00    0.00  100.00
03:59:36 PM   19    0.00    0.00    0.00    0.00    0.00    0.00    0.00    0.00    0.00  100.00
03:59:36 PM   20    0.00    0.00    0.00    0.00    1.00    5.00    0.00    0.00    0.00   94.00
03:59:36 PM   21    0.00    0.00    0.00    0.00    0.00    0.00    0.00    0.00    0.00  100.00
03:59:36 PM   22    0.00    0.00    0.00    0.00    0.00    0.00    0.00    0.00    0.00  100.00
03:59:36 PM   23    0.00    0.00    0.00    0.00    0.00    0.00    0.00    0.00    0.00  100.00

03:59:36 PM  CPU    %usr   %nice    %sys %iowait    %irq   %soft  %steal  %guest  %gnice   %idle
03:59:37 PM  all    0.04    0.00    7.00    0.04    0.04    6.25    0.00    0.00    0.00   86.62
03:59:37 PM    0    0.00    0.00   45.00    0.00    0.00   46.00    0.00    0.00    0.00    9.00
03:59:37 PM    1    0.97    0.00   47.57    0.00    0.00   33.98    0.00    0.00    0.00   17.48
03:59:37 PM    2    0.00    0.00   46.60    0.00    0.00   30.10    0.00    0.00    0.00   23.30
03:59:37 PM    3    0.00    0.00   24.75    0.99    0.00   13.86    0.00    0.00    0.00   60.40
03:59:37 PM    4    0.00    0.00    0.00    0.00    0.00    1.02    0.00    0.00    0.00   98.98
03:59:37 PM    5    0.00    0.00    0.00    0.00    0.00    2.02    0.00    0.00    0.00   97.98
03:59:37 PM    6    0.00    0.00    0.99    0.00    0.00    1.98    0.00    0.00    0.00   97.03
03:59:37 PM    7    0.00    0.00    0.00    0.00    0.00    1.01    0.00    0.00    0.00   98.99
03:59:37 PM    8    0.00    0.00    0.00    0.00    1.00    5.00    0.00    0.00    0.00   94.00
03:59:37 PM    9    0.00    0.00    0.00    0.00    0.00    0.00    0.00    0.00    0.00  100.00
03:59:37 PM   10    0.00    0.00    0.00    0.00    0.00    0.00    0.00    0.00    0.00  100.00
03:59:37 PM   11    0.00    0.00    0.00    0.00    0.00    6.06    0.00    0.00    0.00   93.94
03:59:37 PM   12    0.00    0.00    0.00    0.00    0.00    3.03    0.00    0.00    0.00   96.97
03:59:37 PM   13    0.00    0.00    0.00    0.00    0.00    0.00    0.00    0.00    0.00  100.00
03:59:37 PM   14    0.00    0.00    0.00    0.00    0.00    0.00    0.00    0.00    0.00  100.00
03:59:37 PM   15    0.00    0.00    0.00    0.00    0.00    0.00    0.00    0.00    0.00  100.00
03:59:37 PM   16    0.00    0.00    0.00    0.00    0.00    0.00    0.00    0.00    0.00  100.00
03:59:37 PM   17    0.00    0.00    0.00    0.00    0.00    0.00    0.00    0.00    0.00  100.00
03:59:37 PM   18    0.00    0.00    0.00    0.00    0.00    0.00    0.00    0.00    0.00  100.00
03:59:37 PM   19    0.00    0.00    0.00    0.00    0.00    0.00    0.00    0.00    0.00  100.00
03:59:37 PM   20    0.00    0.00    0.00    0.00    0.00    4.08    0.00    0.00    0.00   95.92
03:59:37 PM   21    0.00    0.00    0.00    0.00    0.00    0.00    0.00    0.00    0.00  100.00
03:59:37 PM   22    0.00    0.00    0.00    0.00    0.00    0.00    0.00    0.00    0.00  100.00
03:59:37 PM   23    0.00    0.00    0.00    0.00    0.00    0.00    0.00    0.00    0.00  100.00

03:59:37 PM  CPU    %usr   %nice    %sys %iowait    %irq   %soft  %steal  %guest  %gnice   %idle
03:59:38 PM  all    0.00    0.00    6.07    0.04    0.25    7.61    0.00    0.00    0.00   86.03
03:59:38 PM    0    0.00    0.00   41.00    0.00    0.00   56.00    0.00    0.00    0.00    3.00
03:59:38 PM    1    0.00    0.00   43.69    0.00    0.97   45.63    0.00    0.00    0.00    9.71
03:59:38 PM    2    0.00    0.00   44.12    0.98    0.98   39.22    0.00    0.00    0.00   14.71
03:59:38 PM    3    0.00    0.00   15.00    0.00    0.00   12.00    0.00    0.00    0.00   73.00
03:59:38 PM    4    0.00    0.00    0.00    0.00    0.99    1.98    0.00    0.00    0.00   97.03
03:59:38 PM    5    0.00    0.00    0.00    0.00    0.00    1.01    0.00    0.00    0.00   98.99
03:59:38 PM    6    0.00    0.00    0.00    0.00    0.00    2.00    0.00    0.00    0.00   98.00
03:59:38 PM    7    0.00    0.00    0.00    0.00    0.00    0.00    0.00    0.00    0.00  100.00
03:59:38 PM    8    0.00    0.00    0.00    0.00    0.00    6.06    0.00    0.00    0.00   93.94
03:59:38 PM    9    0.00    0.00    0.00    0.00    0.00    0.00    0.00    0.00    0.00  100.00
03:59:38 PM   10    0.00    0.00    0.00    0.00    0.00    0.00    0.00    0.00    0.00  100.00
03:59:38 PM   11    0.00    0.00    0.00    0.00    1.00    6.00    0.00    0.00    0.00   93.00
03:59:38 PM   12    0.00    0.00    0.00    0.00    1.00    5.00    0.00    0.00    0.00   94.00
03:59:38 PM   13    0.00    0.00    0.00    0.00    0.00    0.00    0.00    0.00    0.00  100.00
03:59:38 PM   14    0.00    0.00    0.00    0.00    0.00    0.00    0.00    0.00    0.00  100.00
03:59:38 PM   15    0.00    0.00    0.00    0.00    0.00    0.00    0.00    0.00    0.00  100.00
03:59:38 PM   16    0.00    0.00    0.00    0.00    0.00    0.00    0.00    0.00    0.00  100.00
03:59:38 PM   17    0.00    0.00    0.00    0.00    0.00    0.00    0.00    0.00    0.00  100.00
03:59:38 PM   18    0.00    0.00    0.00    0.00    0.00    0.00    0.00    0.00    0.00  100.00
03:59:38 PM   19    0.00    0.00    0.00    0.00    0.00    0.00    0.00    0.00    0.00  100.00
03:59:38 PM   20    0.00    0.00    0.00    0.00    0.99    5.94    0.00    0.00    0.00   93.07
03:59:38 PM   21    0.00    0.00    0.00    0.00    0.00    0.00    0.00    0.00    0.00  100.00
03:59:38 PM   22    0.00    0.00    0.00    0.00    0.00    0.00    0.00    0.00    0.00  100.00
03:59:38 PM   23    0.00    0.00    0.00    0.00    0.00    0.00    0.00    0.00    0.00  100.00

03:59:38 PM  CPU    %usr   %nice    %sys %iowait    %irq   %soft  %steal  %guest  %gnice   %idle
03:59:39 PM  all    0.04    0.00    6.01    0.00    0.17    7.52    0.00    0.00    0.00   86.26
03:59:39 PM    0    0.00    0.00   40.59    0.00    0.99   53.47    0.00    0.00    0.00    4.95
03:59:39 PM    1    0.00    0.00   43.00    0.00    0.00   47.00    0.00    0.00    0.00   10.00
03:59:39 PM    2    0.98    0.00   43.14    0.00    0.00   37.25    0.00    0.00    0.00   18.63
03:59:39 PM    3    0.00    0.00   16.16    0.00    0.00   12.12    0.00    0.00    0.00   71.72
03:59:39 PM    4    0.00    0.00    0.00    0.00    0.00    2.02    0.00    0.00    0.00   97.98
03:59:39 PM    5    0.00    0.00    0.00    0.00    1.00    2.00    0.00    0.00    0.00   97.00
03:59:39 PM    6    0.00    0.00    0.00    0.00    1.01    1.01    0.00    0.00    0.00   97.98
03:59:39 PM    7    0.00    0.00    0.00    0.00    0.00    1.00    0.00    0.00    0.00   99.00
03:59:39 PM    8    0.00    0.00    0.00    0.00    0.00    5.05    0.00    0.00    0.00   94.95
03:59:39 PM    9    0.00    0.00    0.00    0.00    0.00    0.00    0.00    0.00    0.00  100.00
03:59:39 PM   10    0.00    0.00    0.00    0.00    0.00    0.00    0.00    0.00    0.00  100.00
03:59:39 PM   11    0.00    0.00    0.00    0.00    0.00    5.05    0.00    0.00    0.00   94.95
03:59:39 PM   12    0.00    0.00    0.00    0.00    1.01    6.06    0.00    0.00    0.00   92.93
03:59:39 PM   13    0.00    0.00    0.00    0.00    0.00    0.00    0.00    0.00    0.00  100.00
03:59:39 PM   14    0.00    0.00    0.00    0.00    0.00    0.00    0.00    0.00    0.00  100.00
03:59:39 PM   15    0.00    0.00    0.00    0.00    0.00    0.00    0.00    0.00    0.00  100.00
03:59:39 PM   16    0.00    0.00    0.00    0.00    0.00    0.00    0.00    0.00    0.00  100.00
03:59:39 PM   17    0.00    0.00    0.00    0.00    0.00    0.00    0.00    0.00    0.00  100.00
03:59:39 PM   18    0.00    0.00    0.00    0.00    0.00    0.00    0.00    0.00    0.00  100.00
03:59:39 PM   19    0.00    0.00    0.00    0.00    0.00    0.00    0.00    0.00    0.00  100.00
03:59:39 PM   20    0.00    0.00    0.00    0.00    0.00    7.14    0.00    0.00    0.00   92.86
03:59:39 PM   21    0.00    0.00    0.00    0.00    0.00    0.00    0.00    0.00    0.00  100.00
03:59:39 PM   22    0.00    0.00    0.00    0.00    0.00    0.00    0.00    0.00    0.00  100.00
03:59:39 PM   23    0.00    0.00    0.00    0.00    0.00    0.00    0.00    0.00    0.00  100.00

03:59:39 PM  CPU    %usr   %nice    %sys %iowait    %irq   %soft  %steal  %guest  %gnice   %idle
03:59:40 PM  all    0.00    0.00    5.71    0.00    0.17    8.30    0.00    0.00    0.00   85.83
03:59:40 PM    0    0.00    0.00   40.40    0.00    0.00   56.57    0.00    0.00    0.00    3.03
03:59:40 PM    1    0.00    0.00   40.40    0.00    0.00   54.55    0.00    0.00    0.00    5.05
03:59:40 PM    2    0.00    0.00   44.00    0.00    0.00   43.00    0.00    0.00    0.00   13.00
03:59:40 PM    3    0.00    0.00   13.00    0.00    0.00   13.00    0.00    0.00    0.00   74.00
03:59:40 PM    4    0.00    0.00    0.00    0.00    0.00    1.01    0.00    0.00    0.00   98.99
03:59:40 PM    5    0.00    0.00    0.00    0.00    0.00    2.00    0.00    0.00    0.00   98.00
03:59:40 PM    6    0.00    0.00    0.00    0.00    0.00    2.00    0.00    0.00    0.00   98.00
03:59:40 PM    7    0.00    0.00    0.00    0.00    0.00    1.00    0.00    0.00    0.00   99.00
03:59:40 PM    8    0.00    0.00    0.00    0.00    1.00    6.00    0.00    0.00    0.00   93.00
03:59:40 PM    9    0.00    0.00    0.00    0.00    0.00    0.00    0.00    0.00    0.00  100.00
03:59:40 PM   10    0.00    0.00    0.00    0.00    0.00    0.00    0.00    0.00    0.00  100.00
03:59:40 PM   11    0.00    0.00    0.00    0.00    1.00    8.00    0.00    0.00    0.00   91.00
03:59:40 PM   12    0.00    0.00    0.00    0.00    1.00    5.00    0.00    0.00    0.00   94.00
03:59:40 PM   13    0.00    0.00    0.00    0.00    0.00    0.00    0.00    0.00    0.00  100.00
03:59:40 PM   14    0.00    0.00    0.00    0.00    0.00    0.00    0.00    0.00    0.00  100.00
03:59:40 PM   15    0.00    0.00    0.00    0.00    0.00    0.00    0.00    0.00    0.00  100.00
03:59:40 PM   16    0.00    0.00    0.00    0.00    0.00    0.00    0.00    0.00    0.00  100.00
03:59:40 PM   17    0.00    0.00    0.00    0.00    0.00    0.00    0.00    0.00    0.00  100.00
03:59:40 PM   18    0.00    0.00    0.00    0.00    0.00    0.00    0.00    0.00    0.00  100.00
03:59:40 PM   19    0.00    0.00    0.00    0.00    0.00    0.00    0.00    0.00    0.00  100.00
03:59:40 PM   20    0.00    0.00    0.00    0.00    0.99    7.92    0.00    0.00    0.00   91.09
03:59:40 PM   21    0.00    0.00    0.00    0.00    0.00    0.00    0.00    0.00    0.00  100.00
03:59:40 PM   22    0.00    0.00    0.00    0.00    0.00    0.00    0.00    0.00    0.00  100.00
03:59:40 PM   23    0.00    0.00    0.00    0.00    0.00    0.00    0.00    0.00    0.00  100.00

03:59:40 PM  CPU    %usr   %nice    %sys %iowait    %irq   %soft  %steal  %guest  %gnice   %idle
03:59:41 PM  all    0.12    0.00    6.28    0.00    0.17    7.61    0.00    0.00    0.00   85.82
03:59:41 PM    0    0.98    0.00   41.18    0.00    0.98   53.92    0.00    0.00    0.00    2.94
03:59:41 PM    1    0.99    0.00   42.57    0.00    0.00   47.52    0.00    0.00    0.00    8.91
03:59:41 PM    2    0.00    0.00   46.08    0.00    0.98   36.27    0.00    0.00    0.00   16.67
03:59:41 PM    3    0.98    0.00   17.65    0.00    0.00   13.73    0.00    0.00    0.00   67.65
03:59:41 PM    4    0.00    0.00    0.00    0.00    0.99    1.98    0.00    0.00    0.00   97.03
03:59:41 PM    5    0.00    0.00    0.99    0.00    0.99    0.99    0.00    0.00    0.00   97.03
03:59:41 PM    6    0.00    0.00    0.00    0.00    0.00    2.02    0.00    0.00    0.00   97.98
03:59:41 PM    7    0.00    0.00    0.00    0.00    0.00    0.00    0.00    0.00    0.00  100.00
03:59:41 PM    8    0.00    0.00    0.00    0.00    0.00    6.00    0.00    0.00    0.00   94.00
03:59:41 PM    9    0.00    0.00    0.00    0.00    0.00    0.00    0.00    0.00    0.00  100.00
03:59:41 PM   10    0.00    0.00    0.00    0.00    0.00    0.00    0.00    0.00    0.00  100.00
03:59:41 PM   11    0.00    0.00    0.00    0.00    0.00    6.00    0.00    0.00    0.00   94.00
03:59:41 PM   12    0.00    0.00    0.00    0.00    0.00    5.05    0.00    0.00    0.00   94.95
03:59:41 PM   13    0.00    0.00    0.00    0.00    0.00    0.00    0.00    0.00    0.00  100.00
03:59:41 PM   14    0.00    0.00    0.00    0.00    0.00    0.00    0.00    0.00    0.00  100.00
03:59:41 PM   15    0.00    0.00    0.00    0.00    0.00    0.00    0.00    0.00    0.00  100.00
03:59:41 PM   16    0.00    0.00    0.00    0.00    0.00    0.00    0.00    0.00    0.00  100.00
03:59:41 PM   17    0.00    0.00    0.00    0.00    0.00    0.00    0.00    0.00    0.00  100.00
03:59:41 PM   18    0.00    0.00    0.00    0.00    0.00    0.00    0.00    0.00    0.00  100.00
03:59:41 PM   19    0.00    0.00    0.00    0.00    0.00    0.00    0.00    0.00    0.00  100.00
03:59:41 PM   20    0.00    0.00    0.00    0.00    0.00    7.14    0.00    0.00    0.00   92.86
03:59:41 PM   21    0.00    0.00    0.00    0.00    0.00    0.00    0.00    0.00    0.00  100.00
03:59:41 PM   22    0.00    0.00    0.00    0.00    0.00    0.00    0.00    0.00    0.00  100.00
03:59:41 PM   23    0.00    0.00    0.00    0.00    0.00    0.00    0.00    0.00    0.00  100.00

03:59:41 PM  CPU    %usr   %nice    %sys %iowait    %irq   %soft  %steal  %guest  %gnice   %idle
03:59:42 PM  all    0.00    0.00    6.13    0.04    0.21    7.46    0.00    0.00    0.00   86.16
03:59:42 PM    0    0.00    0.00   42.00    0.00    0.00   52.00    0.00    0.00    0.00    6.00
03:59:42 PM    1    0.00    0.00   41.00    0.00    1.00   48.00    0.00    0.00    0.00   10.00
03:59:42 PM    2    0.00    0.00   45.54    0.00    0.00   36.63    0.00    0.00    0.00   17.82
03:59:42 PM    3    0.00    0.00   17.82    0.99    0.00   15.84    0.00    0.00    0.00   65.35
03:59:42 PM    4    0.00    0.00    0.00    0.00    0.00    1.01    0.00    0.00    0.00   98.99
03:59:42 PM    5    0.00    0.00    0.00    0.00    0.00    2.02    0.00    0.00    0.00   97.98
03:59:42 PM    6    0.00    0.00    0.00    0.00    0.99    1.98    0.00    0.00    0.00   97.03
03:59:42 PM    7    0.00    0.00    0.00    0.00    0.00    1.00    0.00    0.00    0.00   99.00
03:59:42 PM    8    0.00    0.00    0.00    0.00    1.00    6.00    0.00    0.00    0.00   93.00
03:59:42 PM    9    0.00    0.00    0.00    0.00    0.00    0.00    0.00    0.00    0.00  100.00
03:59:42 PM   10    0.00    0.00    0.00    0.00    0.00    0.00    0.00    0.00    0.00  100.00
03:59:42 PM   11    0.00    0.00    0.00    0.00    0.00    5.10    0.00    0.00    0.00   94.90
03:59:42 PM   12    0.00    0.00    0.00    0.00    1.00    4.00    0.00    0.00    0.00   95.00
03:59:42 PM   13    0.00    0.00    0.00    0.00    0.00    0.00    0.00    0.00    0.00  100.00
03:59:42 PM   14    0.00    0.00    0.00    0.00    0.00    0.00    0.00    0.00    0.00  100.00
03:59:42 PM   15    0.00    0.00    0.00    0.00    0.00    0.00    0.00    0.00    0.00  100.00
03:59:42 PM   16    0.00    0.00    0.00    0.00    0.00    0.00    0.00    0.00    0.00  100.00
03:59:42 PM   17    0.00    0.00    0.00    0.00    0.00    0.00    0.00    0.00    0.00  100.00
03:59:42 PM   18    0.00    0.00    0.00    0.00    0.00    0.00    0.00    0.00    0.00  100.00
03:59:42 PM   19    0.00    0.00    0.00    0.00    0.00    0.00    0.00    0.00    0.00  100.00
03:59:42 PM   20    0.00    0.00    0.00    0.00    1.00    5.00    0.00    0.00    0.00   94.00
03:59:42 PM   21    0.00    0.00    0.00    0.00    0.00    0.00    0.00    0.00    0.00  100.00
03:59:42 PM   22    0.00    0.00    0.00    0.00    0.00    0.00    0.00    0.00    0.00  100.00
03:59:42 PM   23    0.00    0.00    0.00    0.00    0.00    0.00    0.00    0.00    0.00  100.00

03:59:42 PM  CPU    %usr   %nice    %sys %iowait    %irq   %soft  %steal  %guest  %gnice   %idle
03:59:43 PM  all    0.04    0.00    6.18    0.00    0.25    7.64    0.00    0.00    0.00   85.89
03:59:43 PM    0    0.00    0.00   41.41    0.00    0.00   53.54    0.00    0.00    0.00    5.05
03:59:43 PM    1    0.00    0.00   43.00    0.00    0.00   47.00    0.00    0.00    0.00   10.00
03:59:43 PM    2    0.99    0.00   42.57    0.00    0.00   37.62    0.00    0.00    0.00   18.81
03:59:43 PM    3    0.00    0.00   21.00    0.00    1.00   17.00    0.00    0.00    0.00   61.00
03:59:43 PM    4    0.00    0.00    0.00    0.00    1.00    2.00    0.00    0.00    0.00   97.00
03:59:43 PM    5    0.00    0.00    0.00    0.00    0.00    1.02    0.00    0.00    0.00   98.98
03:59:43 PM    6    0.00    0.00    0.00    0.00    0.00    1.02    0.00    0.00    0.00   98.98
03:59:43 PM    7    0.00    0.00    0.00    0.00    1.00    1.00    0.00    0.00    0.00   98.00
03:59:43 PM    8    0.00    0.00    0.00    0.00    0.00    6.06    0.00    0.00    0.00   93.94
03:59:43 PM    9    0.00    0.00    0.00    0.00    0.00    0.00    0.00    0.00    0.00  100.00
03:59:43 PM   10    0.00    0.00    0.00    0.00    0.00    0.00    0.00    0.00    0.00  100.00
03:59:43 PM   11    0.00    0.00    0.00    0.00    0.99    5.94    0.00    0.00    0.00   93.07
03:59:43 PM   12    0.00    0.00    0.00    0.00    1.00    5.00    0.00    0.00    0.00   94.00
03:59:43 PM   13    0.00    0.00    0.00    0.00    0.00    0.00    0.00    0.00    0.00  100.00
03:59:43 PM   14    0.00    0.00    0.00    0.00    0.00    0.00    0.00    0.00    0.00  100.00
03:59:43 PM   15    0.00    0.00    0.00    0.00    0.00    0.00    0.00    0.00    0.00  100.00
03:59:43 PM   16    0.00    0.00    0.00    0.00    0.00    0.00    0.00    0.00    0.00  100.00
03:59:43 PM   17    0.00    0.00    0.00    0.00    0.00    0.00    0.00    0.00    0.00  100.00
03:59:43 PM   18    0.00    0.00    0.00    0.00    0.00    0.00    0.00    0.00    0.00  100.00
03:59:43 PM   19    0.00    0.00    0.00    0.00    0.00    0.00    0.00    0.00    0.00  100.00
03:59:43 PM   20    0.00    0.00    0.00    0.00    1.00    6.00    0.00    0.00    0.00   93.00
03:59:43 PM   21    0.00    0.00    0.00    0.00    0.00    0.00    0.00    0.00    0.00  100.00
03:59:43 PM   22    0.00    0.00    0.00    0.00    0.00    0.00    0.00    0.00    0.00  100.00
03:59:43 PM   23    0.00    0.00    0.00    0.00    0.00    0.00    0.00    0.00    0.00  100.00

03:59:43 PM  CPU    %usr   %nice    %sys %iowait    %irq   %soft  %steal  %guest  %gnice   %idle
03:59:44 PM  all    0.00    0.00    6.37    0.00    0.12    6.54    0.00    0.00    0.00   86.97
03:59:44 PM    0    0.00    0.00   44.66    0.00    0.97   48.54    0.00    0.00    0.00    5.83
03:59:44 PM    1    0.00    0.00   47.52    0.00    0.00   39.60    0.00    0.00    0.00   12.87
03:59:44 PM    2    0.00    0.00   48.04    0.00    0.00   33.33    0.00    0.00    0.00   18.63
03:59:44 PM    3    0.00    0.00    9.09    0.00    0.00    8.08    0.00    0.00    0.00   82.83
03:59:44 PM    4    0.00    0.00    0.00    0.00    0.00    2.02    0.00    0.00    0.00   97.98
03:59:44 PM    5    0.00    0.00    0.00    0.00    0.99    1.98    0.00    0.00    0.00   97.03
03:59:44 PM    6    0.00    0.00    0.00    0.00    0.00    2.02    0.00    0.00    0.00   97.98
03:59:44 PM    7    0.00    0.00    0.00    0.00    0.00    0.00    0.00    0.00    0.00  100.00
03:59:44 PM    8    0.00    0.00    0.99    0.00    0.99    3.96    0.00    0.00    0.00   94.06
03:59:44 PM    9    0.00    0.00    0.00    0.00    0.00    0.00    0.00    0.00    0.00  100.00
03:59:44 PM   10    0.00    0.00    0.00    0.00    0.00    0.00    0.00    0.00    0.00  100.00
03:59:44 PM   11    0.00    0.00    0.00    0.00    0.00    5.05    0.00    0.00    0.00   94.95
03:59:44 PM   12    0.00    0.00    0.00    0.00    0.00    5.05    0.00    0.00    0.00   94.95
03:59:44 PM   13    0.00    0.00    0.00    0.00    0.00    0.00    0.00    0.00    0.00  100.00
03:59:44 PM   14    0.00    0.00    0.00    0.00    0.00    0.00    0.00    0.00    0.00  100.00
03:59:44 PM   15    0.00    0.00    0.00    0.00    0.00    0.00    0.00    0.00    0.00  100.00
03:59:44 PM   16    0.00    0.00    0.00    0.00    0.00    0.00    0.00    0.00    0.00  100.00
03:59:44 PM   17    0.00    0.00    0.00    0.00    0.00    0.00    0.00    0.00    0.00  100.00
03:59:44 PM   18    0.00    0.00    0.00    0.00    0.00    0.00    0.00    0.00    0.00  100.00
03:59:44 PM   19    0.00    0.00    0.00    0.00    0.00    0.00    0.00    0.00    0.00  100.00
03:59:44 PM   20    0.00    0.00    0.00    0.00    0.00    5.05    0.00    0.00    0.00   94.95
03:59:44 PM   21    0.00    0.00    0.00    0.00    0.00    0.00    0.00    0.00    0.00  100.00
03:59:44 PM   22    0.00    0.00    0.00    0.00    0.00    0.00    0.00    0.00    0.00  100.00
03:59:44 PM   23    0.00    0.00    0.00    0.00    0.00    0.00    0.00    0.00    0.00  100.00

03:59:44 PM  CPU    %usr   %nice    %sys %iowait    %irq   %soft  %steal  %guest  %gnice   %idle
03:59:45 PM  all    0.04    0.00    5.83    0.00    0.29    7.33    0.00    0.00    0.00   86.51
03:59:45 PM    0    0.00    0.00   42.00    0.00    0.00   53.00    0.00    0.00    0.00    5.00
03:59:45 PM    1    0.00    0.00   41.58    0.00    0.99   46.53    0.00    0.00    0.00   10.89
03:59:45 PM    2    0.97    0.00   44.66    0.00    0.97   37.86    0.00    0.00    0.00   15.53
03:59:45 PM    3    0.00    0.00   10.10    0.00    0.00    9.09    0.00    0.00    0.00   80.81
03:59:45 PM    4    0.00    0.00    0.00    0.00    1.00    2.00    0.00    0.00    0.00   97.00
03:59:45 PM    5    0.00    0.00    0.00    0.00    0.00    1.01    0.00    0.00    0.00   98.99
03:59:45 PM    6    0.00    0.00    0.00    0.00    0.99    1.98    0.00    0.00    0.00   97.03
03:59:45 PM    7    0.00    0.00    0.00    0.00    0.00    0.00    0.00    0.00    0.00  100.00
03:59:45 PM    8    0.00    0.00    0.00    0.00    0.00    6.06    0.00    0.00    0.00   93.94
03:59:45 PM    9    0.00    0.00    0.00    0.00    0.00    0.00    0.00    0.00    0.00  100.00
03:59:45 PM   10    0.00    0.00    0.00    0.00    0.00    0.00    0.00    0.00    0.00  100.00
03:59:45 PM   11    0.00    0.00    0.00    0.00    1.00    5.00    0.00    0.00    0.00   94.00
03:59:45 PM   12    0.00    0.00    0.00    0.00    1.00    5.00    0.00    0.00    0.00   94.00
03:59:45 PM   13    0.00    0.00    0.00    0.00    0.00    0.00    0.00    0.00    0.00  100.00
03:59:45 PM   14    0.00    0.00    0.00    0.00    0.00    0.00    0.00    0.00    0.00  100.00
03:59:45 PM   15    0.00    0.00    0.00    0.00    0.00    0.00    0.00    0.00    0.00  100.00
03:59:45 PM   16    0.00    0.00    0.00    0.00    0.00    0.00    0.00    0.00    0.00  100.00
03:59:45 PM   17    0.00    0.00    0.00    0.00    0.00    0.00    0.00    0.00    0.00  100.00
03:59:45 PM   18    0.00    0.00    0.00    0.00    0.00    0.00    0.00    0.00    0.00  100.00
03:59:45 PM   19    0.00    0.00    0.00    0.00    0.00    0.00    0.00    0.00    0.00  100.00
03:59:45 PM   20    0.00    0.00    0.00    0.00    1.00    7.00    0.00    0.00    0.00   92.00
03:59:45 PM   21    0.00    0.00    0.00    0.00    0.00    0.00    0.00    0.00    0.00  100.00
03:59:45 PM   22    0.00    0.00    0.00    0.00    0.00    0.00    0.00    0.00    0.00  100.00
03:59:45 PM   23    0.00    0.00    0.00    0.00    0.00    0.00    0.00    0.00    0.00  100.00

03:59:45 PM  CPU    %usr   %nice    %sys %iowait    %irq   %soft  %steal  %guest  %gnice   %idle
03:59:46 PM  all    0.04    0.00    6.58    0.04    0.12    6.50    0.00    0.00    0.00   86.71
03:59:46 PM    0    0.00    0.00   46.00    0.00    1.00   48.00    0.00    0.00    0.00    5.00
03:59:46 PM    1    0.99    0.00   46.53    0.00    0.00   36.63    0.00    0.00    0.00   15.84
03:59:46 PM    2    0.00    0.00   47.57    0.00    0.00   33.01    0.00    0.00    0.00   19.42
03:59:46 PM    3    0.00    0.00   15.84    0.99    0.00   11.88    0.00    0.00    0.00   71.29
03:59:46 PM    4    0.00    0.00    0.00    0.00    0.00    1.01    0.00    0.00    0.00   98.99
03:59:46 PM    5    0.00    0.00    0.00    0.00    0.00    2.00    0.00    0.00    0.00   98.00
03:59:46 PM    6    0.00    0.00    0.00    0.00    0.00    2.02    0.00    0.00    0.00   97.98
03:59:46 PM    7    0.00    0.00    0.00    0.00    0.00    1.00    0.00    0.00    0.00   99.00
03:59:46 PM    8    0.00    0.00    0.00    0.00    1.00    6.00    0.00    0.00    0.00   93.00
03:59:46 PM    9    0.00    0.00    0.00    0.00    0.00    0.00    0.00    0.00    0.00  100.00
03:59:46 PM   10    0.00    0.00    0.00    0.00    0.00    0.00    0.00    0.00    0.00  100.00
03:59:46 PM   11    0.00    0.00    0.00    0.00    0.00    4.04    0.00    0.00    0.00   95.96
03:59:46 PM   12    0.00    0.00    0.00    0.00    1.00    4.00    0.00    0.00    0.00   95.00
03:59:46 PM   13    0.00    0.00    0.00    0.00    0.00    0.00    0.00    0.00    0.00  100.00
03:59:46 PM   14    0.00    0.00    0.00    0.00    0.00    0.00    0.00    0.00    0.00  100.00
03:59:46 PM   15    0.00    0.00    0.00    0.00    0.00    0.00    0.00    0.00    0.00  100.00
03:59:46 PM   16    0.00    0.00    0.00    0.00    0.00    0.00    0.00    0.00    0.00  100.00
03:59:46 PM   17    0.00    0.00    0.00    0.00    0.00    0.00    0.00    0.00    0.00  100.00
03:59:46 PM   18    0.00    0.00    0.00    0.00    0.00    0.00    0.00    0.00    0.00  100.00
03:59:46 PM   19    0.00    0.00    0.00    0.00    0.00    0.00    0.00    0.00    0.00  100.00
03:59:46 PM   20    0.00    0.00    0.00    0.00    0.00    5.05    0.00    0.00    0.00   94.95
03:59:46 PM   21    0.00    0.00    0.00    0.00    0.00    0.00    0.00    0.00    0.00  100.00
03:59:46 PM   22    0.00    0.00    0.00    0.00    0.00    0.00    0.00    0.00    0.00  100.00
03:59:46 PM   23    0.00    0.00    0.00    0.00    0.00    0.00    0.00    0.00    0.00  100.00

03:59:46 PM  CPU    %usr   %nice    %sys %iowait    %irq   %soft  %steal  %guest  %gnice   %idle
03:59:47 PM  all    0.04    0.00    6.99    0.00    0.17    6.08    0.00    0.00    0.00   86.72
03:59:47 PM    0    0.98    0.00   46.08    0.00    0.00   45.10    0.00    0.00    0.00    7.84
03:59:47 PM    1    0.00    0.00   49.02    0.00    0.00   34.31    0.00    0.00    0.00   16.67
03:59:47 PM    2    0.00    0.00   48.00    0.00    0.00   29.00    0.00    0.00    0.00   23.00
03:59:47 PM    3    0.00    0.00   21.78    0.00    0.00   11.88    0.00    0.00    0.00   66.34
03:59:47 PM    4    0.00    0.00    0.00    0.00    1.00    2.00    0.00    0.00    0.00   97.00
03:59:47 PM    5    0.00    0.00    0.00    0.00    1.00    2.00    0.00    0.00    0.00   97.00
03:59:47 PM    6    0.00    0.00    0.00    0.00    0.00    2.02    0.00    0.00    0.00   97.98
03:59:47 PM    7    0.00    0.00    0.00    0.00    0.00    1.00    0.00    0.00    0.00   99.00
03:59:47 PM    8    0.00    0.00    0.00    0.00    0.00    6.06    0.00    0.00    0.00   93.94
03:59:47 PM    9    0.00    0.00    0.00    0.00    0.00    0.00    0.00    0.00    0.00  100.00
03:59:47 PM   10    0.00    0.00    0.00    0.00    0.00    0.00    0.00    0.00    0.00  100.00
03:59:47 PM   11    0.00    0.00    0.99    0.00    0.99    3.96    0.00    0.00    0.00   94.06
03:59:47 PM   12    0.00    0.00    0.00    0.00    0.00    2.02    0.00    0.00    0.00   97.98
03:59:47 PM   13    0.00    0.00    0.00    0.00    0.00    0.00    0.00    0.00    0.00  100.00
03:59:47 PM   14    0.00    0.00    0.00    0.00    0.00    0.00    0.00    0.00    0.00  100.00
03:59:47 PM   15    0.00    0.00    0.00    0.00    0.00    0.00    0.00    0.00    0.00  100.00
03:59:47 PM   16    0.00    0.00    0.00    0.00    0.00    0.00    0.00    0.00    0.00  100.00
03:59:47 PM   17    0.00    0.00    0.00    0.00    0.00    0.00    0.00    0.00    0.00  100.00
03:59:47 PM   18    0.00    0.00    0.00    0.00    0.00    0.00    0.00    0.00    0.00  100.00
03:59:47 PM   19    0.00    0.00    0.00    0.00    0.00    0.00    0.00    0.00    0.00  100.00
03:59:47 PM   20    0.00    0.00    0.00    0.00    1.00    5.00    0.00    0.00    0.00   94.00
03:59:47 PM   21    0.00    0.00    0.00    0.00    0.00    0.00    0.00    0.00    0.00  100.00
03:59:47 PM   22    0.00    0.00    0.00    0.00    0.00    0.00    0.00    0.00    0.00  100.00
03:59:47 PM   23    0.00    0.00    0.00    0.00    0.00    0.00    0.00    0.00    0.00  100.00

03:59:47 PM  CPU    %usr   %nice    %sys %iowait    %irq   %soft  %steal  %guest  %gnice   %idle
03:59:48 PM  all    0.04    0.00    6.34    0.00    0.29    7.71    0.00    0.00    0.00   85.62
03:59:48 PM    0    0.00    0.00   42.00    0.00    1.00   53.00    0.00    0.00    0.00    4.00
03:59:48 PM    1    0.00    0.00   43.56    0.00    0.99   47.52    0.00    0.00    0.00    7.92
03:59:48 PM    2    0.99    0.00   43.56    0.00    0.99   37.62    0.00    0.00    0.00   16.83
03:59:48 PM    3    0.00    0.00   22.00    0.00    0.00   19.00    0.00    0.00    0.00   59.00
03:59:48 PM    4    0.00    0.00    0.00    0.00    0.00    2.02    0.00    0.00    0.00   97.98
03:59:48 PM    5    0.00    0.00    0.00    0.00    0.00    1.01    0.00    0.00    0.00   98.99
03:59:48 PM    6    0.00    0.00    0.00    0.00    0.99    1.98    0.00    0.00    0.00   97.03
03:59:48 PM    7    0.00    0.00    0.00    0.00    0.00    1.00    0.00    0.00    0.00   99.00
03:59:48 PM    8    0.00    0.00    0.00    0.00    1.00    5.00    0.00    0.00    0.00   94.00
03:59:48 PM    9    0.00    0.00    0.00    0.00    0.00    0.00    0.00    0.00    0.00  100.00
03:59:48 PM   10    0.00    0.00    0.00    0.00    0.00    0.00    0.00    0.00    0.00  100.00
03:59:48 PM   11    0.00    0.00    0.00    0.00    0.00    5.05    0.00    0.00    0.00   94.95
03:59:48 PM   12    0.00    0.00    0.00    0.00    1.00    5.00    0.00    0.00    0.00   94.00
03:59:48 PM   13    0.00    0.00    0.00    0.00    0.00    0.00    0.00    0.00    0.00  100.00
03:59:48 PM   14    0.00    0.00    0.00    0.00    0.00    0.00    0.00    0.00    0.00  100.00
03:59:48 PM   15    0.00    0.00    0.00    0.00    0.00    0.00    0.00    0.00    0.00  100.00
03:59:48 PM   16    0.00    0.00    0.00    0.00    0.00    0.00    0.00    0.00    0.00  100.00
03:59:48 PM   17    0.00    0.00    0.00    0.00    0.00    0.00    0.00    0.00    0.00  100.00
03:59:48 PM   18    0.00    0.00    0.00    0.00    0.00    0.00    0.00    0.00    0.00  100.00
03:59:48 PM   19    0.00    0.00    0.00    0.00    0.00    0.00    0.00    0.00    0.00  100.00
03:59:48 PM   20    0.00    0.00    0.00    0.00    1.01    6.06    0.00    0.00    0.00   92.93
03:59:48 PM   21    0.00    0.00    0.00    0.00    0.00    0.00    0.00    0.00    0.00  100.00
03:59:48 PM   22    0.00    0.00    0.00    0.00    0.00    0.00    0.00    0.00    0.00  100.00
03:59:48 PM   23    0.00    0.00    0.00    0.00    0.00    0.00    0.00    0.00    0.00  100.00

03:59:48 PM  CPU    %usr   %nice    %sys %iowait    %irq   %soft  %steal  %guest  %gnice   %idle
03:59:49 PM  all    0.04    0.00    6.47    0.00    0.08    6.72    0.00    0.00    0.00   86.69
03:59:49 PM    0    0.00    0.00   43.00    0.00    0.00   49.00    0.00    0.00    0.00    8.00
03:59:49 PM    1    0.00    0.00   43.56    0.00    0.00   39.60    0.00    0.00    0.00   16.83
03:59:49 PM    2    0.00    0.00   45.10    0.00    0.00   32.35    0.00    0.00    0.00   22.55
03:59:49 PM    3    0.99    0.00   21.78    0.00    0.00   14.85    0.00    0.00    0.00   62.38
03:59:49 PM    4    0.00    0.00    0.00    0.00    1.00    1.00    0.00    0.00    0.00   98.00
03:59:49 PM    5    0.00    0.00    0.00    0.00    0.00    2.02    0.00    0.00    0.00   97.98
03:59:49 PM    6    0.00    0.00    0.00    0.00    0.00    1.02    0.00    0.00    0.00   98.98
03:59:49 PM    7    0.00    0.00    0.00    0.00    0.00    0.00    0.00    0.00    0.00  100.00
03:59:49 PM    8    0.00    0.00    0.00    0.00    0.00    5.05    0.00    0.00    0.00   94.95
03:59:49 PM    9    0.00    0.00    0.00    0.00    0.00    0.00    0.00    0.00    0.00  100.00
03:59:49 PM   10    0.00    0.00    0.00    0.00    0.00    0.00    0.00    0.00    0.00  100.00
03:59:49 PM   11    0.00    0.00    0.00    0.00    0.00    5.05    0.00    0.00    0.00   94.95
03:59:49 PM   12    0.00    0.00    0.00    0.00    1.01    4.04    0.00    0.00    0.00   94.95
03:59:49 PM   13    0.00    0.00    0.00    0.00    0.00    0.00    0.00    0.00    0.00  100.00
03:59:49 PM   14    0.00    0.00    0.00    0.00    0.00    0.00    0.00    0.00    0.00  100.00
03:59:49 PM   15    0.00    0.00    0.00    0.00    0.00    0.00    0.00    0.00    0.00  100.00
03:59:49 PM   16    0.00    0.00    0.00    0.00    0.00    0.00    0.00    0.00    0.00  100.00
03:59:49 PM   17    0.00    0.00    0.00    0.00    0.00    0.00    0.00    0.00    0.00  100.00
03:59:49 PM   18    0.00    0.00    0.00    0.00    0.00    0.00    0.00    0.00    0.00  100.00
03:59:49 PM   19    0.00    0.00    0.00    0.00    0.00    0.00    0.00    0.00    0.00  100.00
03:59:49 PM   20    0.00    0.00    0.00    0.00    0.00    6.00    0.00    0.00    0.00   94.00
03:59:49 PM   21    0.00    0.00    0.00    0.00    0.00    0.00    0.00    0.00    0.00  100.00
03:59:49 PM   22    0.00    0.00    0.00    0.00    0.00    0.00    0.00    0.00    0.00  100.00
03:59:49 PM   23    0.00    0.00    0.00    0.00    0.00    0.00    0.00    0.00    0.00  100.00

03:59:49 PM  CPU    %usr   %nice    %sys %iowait    %irq   %soft  %steal  %guest  %gnice   %idle
03:59:50 PM  all    0.04    0.00    6.24    0.04    0.29    8.07    0.00    0.00    0.00   85.31
03:59:50 PM    0    1.00    0.00   40.00    0.00    0.00   55.00    0.00    0.00    0.00    4.00
03:59:50 PM    1    0.00    0.00   45.45    0.00    0.00   48.48    0.00    0.00    0.00    6.06
03:59:50 PM    2    0.00    0.00   44.00    0.00    0.00   44.00    0.00    0.00    0.00   12.00
03:59:50 PM    3    0.00    0.00   19.61    0.98    0.98   17.65    0.00    0.00    0.00   60.78
03:59:50 PM    4    0.00    0.00    0.00    0.00    0.00    2.02    0.00    0.00    0.00   97.98
03:59:50 PM    5    0.00    0.00    0.00    0.00    0.99    1.98    0.00    0.00    0.00   97.03
03:59:50 PM    6    0.00    0.00    0.99    0.00    0.00    1.98    0.00    0.00    0.00   97.03
03:59:50 PM    7    0.00    0.00    0.00    0.00    1.00    1.00    0.00    0.00    0.00   98.00
03:59:50 PM    8    0.00    0.00    0.00    0.00    1.00    6.00    0.00    0.00    0.00   93.00
03:59:50 PM    9    0.00    0.00    0.00    0.00    0.00    0.00    0.00    0.00    0.00  100.00
03:59:50 PM   10    0.00    0.00    0.00    0.00    0.00    0.00    0.00    0.00    0.00  100.00
03:59:50 PM   11    0.00    0.00    0.00    0.00    1.00    6.00    0.00    0.00    0.00   93.00
03:59:50 PM   12    0.00    0.00    0.00    0.00    0.99    3.96    0.00    0.00    0.00   95.05
03:59:50 PM   13    0.00    0.00    0.00    0.00    0.00    0.00    0.00    0.00    0.00  100.00
03:59:50 PM   14    0.00    0.00    0.00    0.00    0.00    0.00    0.00    0.00    0.00  100.00
03:59:50 PM   15    0.00    0.00    0.00    0.00    0.00    0.00    0.00    0.00    0.00  100.00
03:59:50 PM   16    0.00    0.00    0.00    0.00    0.00    0.00    0.00    0.00    0.00  100.00
03:59:50 PM   17    0.00    0.00    0.00    0.00    0.00    0.00    0.00    0.00    0.00  100.00
03:59:50 PM   18    0.00    0.00    0.00    0.00    0.00    0.00    0.00    0.00    0.00  100.00
03:59:50 PM   19    0.00    0.00    0.00    0.00    0.00    0.00    0.00    0.00    0.00  100.00
03:59:50 PM   20    0.00    0.00    0.00    0.00    1.01    6.06    0.00    0.00    0.00   92.93
03:59:50 PM   21    0.00    0.00    0.00    0.00    0.00    0.00    0.00    0.00    0.00  100.00
03:59:50 PM   22    0.00    0.00    0.00    0.00    0.00    0.00    0.00    0.00    0.00  100.00
03:59:50 PM   23    0.00    0.00    0.00    0.00    0.00    0.00    0.00    0.00    0.00  100.00

03:59:50 PM  CPU    %usr   %nice    %sys %iowait    %irq   %soft  %steal  %guest  %gnice   %idle
03:59:51 PM  all    0.04    0.00    6.92    0.00    0.12    5.79    0.00    0.00    0.00   87.12
03:59:51 PM    0    0.00    0.00   47.00    0.00    1.00   42.00    0.00    0.00    0.00   10.00
03:59:51 PM    1    0.00    0.00   47.57    0.00    0.97   33.01    0.00    0.00    0.00   18.45
03:59:51 PM    2    0.98    0.00   47.06    0.00    0.00   27.45    0.00    0.00    0.00   24.51
03:59:51 PM    3    0.00    0.00   22.00    0.00    0.00   13.00    0.00    0.00    0.00   65.00
03:59:51 PM    4    0.00    0.00    0.00    0.00    0.00    1.01    0.00    0.00    0.00   98.99
03:59:51 PM    5    0.00    0.00    0.00    0.00    0.00    1.01    0.00    0.00    0.00   98.99
03:59:51 PM    6    0.00    0.00    0.00    0.00    1.00    2.00    0.00    0.00    0.00   97.00
03:59:51 PM    7    0.00    0.00    0.00    0.00    0.00    1.00    0.00    0.00    0.00   99.00
03:59:51 PM    8    0.00    0.00    0.00    0.00    0.00    5.05    0.00    0.00    0.00   94.95
03:59:51 PM    9    0.00    0.00    0.00    0.00    0.00    0.00    0.00    0.00    0.00  100.00
03:59:51 PM   10    0.00    0.00    0.00    0.00    0.00    0.00    0.00    0.00    0.00  100.00
03:59:51 PM   11    0.00    0.00    0.00    0.00    0.00    5.00    0.00    0.00    0.00   95.00
03:59:51 PM   12    0.00    0.00    0.00    0.00    0.00    3.00    0.00    0.00    0.00   97.00
03:59:51 PM   13    0.00    0.00    0.00    0.00    0.00    0.00    0.00    0.00    0.00  100.00
03:59:51 PM   14    0.00    0.00    0.00    0.00    0.00    0.00    0.00    0.00    0.00  100.00
03:59:51 PM   15    0.00    0.00    0.00    0.00    0.00    0.00    0.00    0.00    0.00  100.00
03:59:51 PM   16    0.00    0.00    0.00    0.00    0.00    0.00    0.00    0.00    0.00  100.00
03:59:51 PM   17    0.00    0.00    0.00    0.00    0.00    0.00    0.00    0.00    0.00  100.00
03:59:51 PM   18    0.00    0.00    0.00    0.00    0.00    0.00    0.00    0.00    0.00  100.00
03:59:51 PM   19    0.00    0.00    0.00    0.00    0.00    0.00    0.00    0.00    0.00  100.00
03:59:51 PM   20    0.00    0.00    0.00    0.00    0.00    4.04    0.00    0.00    0.00   95.96
03:59:51 PM   21    0.00    0.00    0.00    0.00    0.00    0.00    0.00    0.00    0.00  100.00
03:59:51 PM   22    0.00    0.00    0.00    0.00    0.00    0.00    0.00    0.00    0.00  100.00
03:59:51 PM   23    0.00    0.00    0.00    0.00    0.00    0.00    0.00    0.00    0.00  100.00

03:59:51 PM  CPU    %usr   %nice    %sys %iowait    %irq   %soft  %steal  %guest  %gnice   %idle
03:59:52 PM  all    0.04    0.00    6.15    0.00    0.25    7.40    0.00    0.00    0.00   86.15
03:59:52 PM    0    0.00    0.00   38.00    0.00    0.00   56.00    0.00    0.00    0.00    6.00
03:59:52 PM    1    0.98    0.00   43.14    0.00    0.00   45.10    0.00    0.00    0.00   10.78
03:59:52 PM    2    0.00    0.00   45.10    0.00    0.98   33.33    0.00    0.00    0.00   20.59
03:59:52 PM    3    0.00    0.00   17.17    0.00    0.00   12.12    0.00    0.00    0.00   70.71
03:59:52 PM    4    0.00    0.00    0.99    0.00    0.99    1.98    0.00    0.00    0.00   96.04
03:59:52 PM    5    0.00    0.00    0.00    0.00    0.00    1.01    0.00    0.00    0.00   98.99
03:59:52 PM    6    0.00    0.00    0.00    0.00    0.00    2.00    0.00    0.00    0.00   98.00
03:59:52 PM    7    0.00    0.00    0.00    0.00    0.00    1.00    0.00    0.00    0.00   99.00
03:59:52 PM    8    0.00    0.00    0.00    0.00    1.00    7.00    0.00    0.00    0.00   92.00
03:59:52 PM    9    0.00    0.00    0.00    0.00    0.00    0.00    0.00    0.00    0.00  100.00
03:59:52 PM   10    0.00    0.00    0.00    0.00    0.00    0.00    0.00    0.00    0.00  100.00
03:59:52 PM   11    0.00    0.00    0.00    0.00    1.00    7.00    0.00    0.00    0.00   92.00
03:59:52 PM   12    0.00    0.00    1.00    0.00    1.00    4.00    0.00    0.00    0.00   94.00
03:59:52 PM   13    0.00    0.00    0.00    0.00    0.00    0.00    0.00    0.00    0.00  100.00
03:59:52 PM   14    0.00    0.00    0.00    0.00    0.00    0.00    0.00    0.00    0.00  100.00
03:59:52 PM   15    0.00    0.00    0.00    0.00    0.00    0.00    0.00    0.00    0.00  100.00
03:59:52 PM   16    0.00    0.00    0.00    0.00    0.00    0.00    0.00    0.00    0.00  100.00
03:59:52 PM   17    0.00    0.00    0.00    0.00    0.00    0.00    0.00    0.00    0.00  100.00
03:59:52 PM   18    0.00    0.00    0.00    0.00    0.00    0.00    0.00    0.00    0.00  100.00
03:59:52 PM   19    0.00    0.00    0.00    0.00    0.00    0.00    0.00    0.00    0.00  100.00
03:59:52 PM   20    0.00    0.00    0.98    0.00    0.98    5.88    0.00    0.00    0.00   92.16
03:59:52 PM   21    0.00    0.00    0.00    0.00    0.00    0.00    0.00    0.00    0.00  100.00
03:59:52 PM   22    0.00    0.00    0.00    0.00    0.00    0.00    0.00    0.00    0.00  100.00
03:59:52 PM   23    0.00    0.00    0.00    0.00    0.00    0.00    0.00    0.00    0.00  100.00

03:59:52 PM  CPU    %usr   %nice    %sys %iowait    %irq   %soft  %steal  %guest  %gnice   %idle
03:59:53 PM  all    0.00    0.00    6.29    0.00    0.17    7.54    0.00    0.00    0.00   86.00
03:59:53 PM    0    0.00    0.00   43.00    0.00    1.00   50.00    0.00    0.00    0.00    6.00
03:59:53 PM    1    0.00    0.00   43.14    0.00    0.00   46.08    0.00    0.00    0.00   10.78
03:59:53 PM    2    0.00    0.00   42.72    0.00    0.00   37.86    0.00    0.00    0.00   19.42
03:59:53 PM    3    0.00    0.00   20.79    0.00    0.00   18.81    0.00    0.00    0.00   60.40
03:59:53 PM    4    0.00    0.00    0.00    0.00    0.00    2.00    0.00    0.00    0.00   98.00
03:59:53 PM    5    0.00    0.00    0.00    0.00    0.99    1.98    0.00    0.00    0.00   97.03
03:59:53 PM    6    0.00    0.00    0.00    0.00    1.01    1.01    0.00    0.00    0.00   97.98
03:59:53 PM    7    0.00    0.00    0.00    0.00    0.00    0.99    0.00    0.00    0.00   99.01
03:59:53 PM    8    0.00    0.00    0.00    0.00    0.00    5.00    0.00    0.00    0.00   95.00
03:59:53 PM    9    0.00    0.00    0.00    0.00    0.00    0.00    0.00    0.00    0.00  100.00
03:59:53 PM   10    0.00    0.00    0.00    0.00    0.00    0.00    0.00    0.00    0.00  100.00
03:59:53 PM   11    0.00    0.00    0.00    0.00    0.00    6.00    0.00    0.00    0.00   94.00
03:59:53 PM   12    0.00    0.00    0.00    0.00    1.00    5.00    0.00    0.00    0.00   94.00
03:59:53 PM   13    0.00    0.00    0.00    0.00    0.00    0.00    0.00    0.00    0.00  100.00
03:59:53 PM   14    0.00    0.00    0.00    0.00    0.00    0.00    0.00    0.00    0.00  100.00
03:59:53 PM   15    0.00    0.00    0.00    0.00    0.00    0.00    0.00    0.00    0.00  100.00
03:59:53 PM   16    0.00    0.00    0.00    0.00    0.00    0.00    0.00    0.00    0.00  100.00
03:59:53 PM   17    0.00    0.00    0.00    0.00    0.00    0.00    0.00    0.00    0.00  100.00
03:59:53 PM   18    0.00    0.00    0.00    0.00    0.00    0.00    0.00    0.00    0.00  100.00
03:59:53 PM   19    0.00    0.00    0.00    0.00    0.00    0.00    0.00    0.00    0.00  100.00
03:59:53 PM   20    0.00    0.00    0.00    0.00    0.00    5.05    0.00    0.00    0.00   94.95
03:59:53 PM   21    0.00    0.00    0.00    0.00    0.00    0.00    0.00    0.00    0.00  100.00
03:59:53 PM   22    0.00    0.00    0.00    0.00    0.00    0.00    0.00    0.00    0.00  100.00
03:59:53 PM   23    0.00    0.00    0.00    0.00    0.00    0.00    0.00    0.00    0.00  100.00

03:59:53 PM  CPU    %usr   %nice    %sys %iowait    %irq   %soft  %steal  %guest  %gnice   %idle
03:59:54 PM  all    0.04    0.00    5.96    0.00    0.21    7.88    0.00    0.00    0.00   85.92
03:59:54 PM    0    0.00    0.00   43.00    0.00    0.00   51.00    0.00    0.00    0.00    6.00
03:59:54 PM    1    0.00    0.00   40.59    0.00    0.99   53.47    0.00    0.00    0.00    4.95
03:59:54 PM    2    0.98    0.00   42.16    0.00    0.00   41.18    0.00    0.00    0.00   15.69
03:59:54 PM    3    0.00    0.00   16.00    0.00    0.00   14.00    0.00    0.00    0.00   70.00
03:59:54 PM    4    0.00    0.00    0.00    0.00    1.00    1.00    0.00    0.00    0.00   98.00
03:59:54 PM    5    0.00    0.00    0.00    0.00    0.00    2.00    0.00    0.00    0.00   98.00
03:59:54 PM    6    0.00    0.00    0.00    0.00    0.00    2.00    0.00    0.00    0.00   98.00
03:59:54 PM    7    0.00    0.00    0.00    0.00    0.00    0.00    0.00    0.00    0.00  100.00
03:59:54 PM    8    0.00    0.00    0.00    0.00    1.00    6.00    0.00    0.00    0.00   93.00
03:59:54 PM    9    0.00    0.00    0.00    0.00    0.00    0.00    0.00    0.00    0.00  100.00
03:59:54 PM   10    0.00    0.00    0.00    0.00    0.00    0.00    0.00    0.00    0.00  100.00
03:59:54 PM   11    0.00    0.00    0.00    0.00    1.01    6.06    0.00    0.00    0.00   92.93
03:59:54 PM   12    0.00    0.00    0.00    0.00    0.00    4.04    0.00    0.00    0.00   95.96
03:59:54 PM   13    0.00    0.00    0.00    0.00    0.00    0.00    0.00    0.00    0.00  100.00
03:59:54 PM   14    0.00    0.00    0.00    0.00    0.00    0.00    0.00    0.00    0.00  100.00
03:59:54 PM   15    0.00    0.00    0.00    0.00    0.00    0.00    0.00    0.00    0.00  100.00
03:59:54 PM   16    0.00    0.00    0.00    0.00    0.00    0.00    0.00    0.00    0.00  100.00
03:59:54 PM   17    0.00    0.00    0.00    0.00    0.00    0.00    0.00    0.00    0.00  100.00
03:59:54 PM   18    0.00    0.00    0.00    0.00    0.00    0.00    0.00    0.00    0.00  100.00
03:59:54 PM   19    0.00    0.00    0.00    0.00    0.00    0.00    0.00    0.00    0.00  100.00
03:59:54 PM   20    0.00    0.00    0.00    0.00    1.00    7.00    0.00    0.00    0.00   92.00
03:59:54 PM   21    0.00    0.00    0.00    0.00    0.00    0.00    0.00    0.00    0.00  100.00
03:59:54 PM   22    0.00    0.00    0.00    0.00    0.00    0.00    0.00    0.00    0.00  100.00
03:59:54 PM   23    0.00    0.00    0.00    0.00    0.00    0.00    0.00    0.00    0.00  100.00

Average:     CPU    %usr   %nice    %sys %iowait    %irq   %soft  %steal  %guest  %gnice   %idle
Average:     all    0.03    0.00    6.29    0.01    0.19    7.17    0.00    0.00    0.00   86.31
Average:       0    0.18    0.00   41.97    0.00    0.41   50.85    0.00    0.00    0.00    6.59
Average:       1    0.20    0.00   43.67    0.00    0.31   43.65    0.00    0.00    0.00   12.16
Average:       2    0.25    0.00   44.79    0.02    0.28   35.39    0.00    0.00    0.00   19.28
Average:       3    0.13    0.00   18.66    0.22    0.13   14.38    0.00    0.00    0.00   66.47
Average:       4    0.00    0.00    0.07    0.00    0.45    1.57    0.00    0.00    0.00   97.91
Average:       5    0.00    0.00    0.05    0.00    0.35    1.61    0.00    0.00    0.00   97.99
Average:       6    0.00    0.00    0.08    0.00    0.33    1.71    0.00    0.00    0.00   97.88
Average:       7    0.00    0.00    0.02    0.00    0.15    0.72    0.00    0.00    0.00   99.12
Average:       8    0.00    0.00    0.05    0.00    0.50    5.76    0.00    0.00    0.00   93.69
Average:       9    0.00    0.00    0.00    0.00    0.00    0.00    0.00    0.00    0.00  100.00
Average:      10    0.00    0.00    0.00    0.00    0.00    0.00    0.00    0.00    0.00  100.00
Average:      11    0.00    0.00    0.05    0.00    0.42    5.41    0.00    0.00    0.00   94.13
Average:      12    0.00    0.00    0.07    0.00    0.67    4.23    0.00    0.00    0.00   95.04
Average:      13    0.00    0.00    0.00    0.00    0.00    0.00    0.00    0.00    0.00  100.00
Average:      14    0.00    0.00    0.00    0.00    0.00    0.00    0.00    0.00    0.00  100.00
Average:      15    0.00    0.00    0.00    0.00    0.00    0.00    0.00    0.00    0.00  100.00
Average:      16    0.00    0.00    0.00    0.00    0.00    0.00    0.00    0.00    0.00  100.00
Average:      17    0.00    0.00    0.00    0.00    0.00    0.00    0.00    0.00    0.00  100.00
Average:      18    0.00    0.00    0.00    0.00    0.00    0.00    0.00    0.00    0.00  100.00
Average:      19    0.00    0.00    0.00    0.00    0.00    0.00    0.00    0.00    0.00  100.00
Average:      20    0.00    0.00    0.05    0.00    0.59    5.81    0.00    0.00    0.00   93.56
Average:      21    0.00    0.00    0.00    0.00    0.00    0.00    0.00    0.00    0.00  100.00
Average:      22    0.00    0.00    0.00    0.00    0.00    0.00    0.00    0.00    0.00  100.00
Average:      23    0.00    0.00    0.00    0.00    0.00    0.00    0.00    0.00    0.00  100.00
