Linux 7.0.9 (hp3) 	06/19/2026 	_x86_64_	(8 CPU)

12:36:30 AM  CPU    %usr   %nice    %sys %iowait    %irq   %soft  %steal  %guest  %gnice   %idle
12:36:31 AM  all    0.25    0.00   16.73    0.00    0.37   15.24    0.00    0.00    0.00   67.41
12:36:31 AM    0    1.00    0.00   65.00    0.00    0.00    8.00    0.00    0.00    0.00   26.00
12:36:31 AM    1    1.01    0.00   63.64    0.00    1.01    7.07    0.00    0.00    0.00   27.27
12:36:31 AM    2    0.00    0.00    2.91    0.00    0.97   26.21    0.00    0.00    0.00   69.90
12:36:31 AM    3    0.00    0.00    2.91    0.00    0.00   27.18    0.00    0.00    0.00   69.90
12:36:31 AM    4    0.00    0.00    0.00    0.00    0.99    0.00    0.00    0.00    0.00   99.01
12:36:31 AM    5    0.00    0.00    0.99    0.00    0.00   27.72    0.00    0.00    0.00   71.29
12:36:31 AM    6    0.00    0.00    0.00    0.00    0.00    0.00    0.00    0.00    0.00  100.00
12:36:31 AM    7    0.00    0.00    0.00    0.00    0.00   25.00    0.00    0.00    0.00   75.00

12:36:31 AM  CPU    %usr   %nice    %sys %iowait    %irq   %soft  %steal  %guest  %gnice   %idle
12:36:32 AM  all    0.25    0.00   21.68    0.00    0.38   17.54    0.00    0.00    0.00   60.15
12:36:32 AM    0    1.02    0.00   79.59    0.00    1.02    6.12    0.00    0.00    0.00   12.24
12:36:32 AM    1    1.02    0.00   79.59    0.00    0.00    6.12    0.00    0.00    0.00   13.27
12:36:32 AM    2    0.00    0.00    3.92    0.00    0.98   31.37    0.00    0.00    0.00   63.73
12:36:32 AM    3    0.00    0.00    8.82    0.00    0.98   31.37    0.00    0.00    0.00   58.82
12:36:32 AM    4    0.00    0.00    0.00    0.00    0.00    0.00    0.00    0.00    0.00  100.00
12:36:32 AM    5    0.00    0.00    3.03    0.00    0.00   32.32    0.00    0.00    0.00   64.65
12:36:32 AM    6    0.00    0.00    0.00    0.00    0.00    0.00    0.00    0.00    0.00  100.00
12:36:32 AM    7    0.00    0.00    1.01    0.00    0.00   32.32    0.00    0.00    0.00   66.67

12:36:32 AM  CPU    %usr   %nice    %sys %iowait    %irq   %soft  %steal  %guest  %gnice   %idle
12:36:33 AM  all    0.37    0.00   27.58    0.00    0.25   16.52    0.00    0.00    0.00   55.28
12:36:33 AM    0    2.02    0.00   88.89    0.00    0.00    5.05    0.00    0.00    0.00    4.04
12:36:33 AM    1    1.00    0.00   87.00    0.00    1.00    6.00    0.00    0.00    0.00    5.00
12:36:33 AM    2    0.00    0.00   16.67    0.00    0.00   27.45    0.00    0.00    0.00   55.88
12:36:33 AM    3    0.00    0.00   24.04    0.00    0.96   25.96    0.00    0.00    0.00   49.04
12:36:33 AM    4    0.00    0.00    0.00    0.00    0.00    0.00    0.00    0.00    0.00  100.00
12:36:33 AM    5    0.00    0.00    3.00    0.00    0.00   32.00    0.00    0.00    0.00   65.00
12:36:33 AM    6    0.00    0.00    0.00    0.00    0.00    0.00    0.00    0.00    0.00  100.00
12:36:33 AM    7    0.00    0.00    1.98    0.00    0.00   34.65    0.00    0.00    0.00   63.37

12:36:33 AM  CPU    %usr   %nice    %sys %iowait    %irq   %soft  %steal  %guest  %gnice   %idle
12:36:34 AM  all    0.37    0.00   26.58    0.00    0.25   17.80    0.00    0.00    0.00   55.01
12:36:34 AM    0    0.99    0.00   90.10    0.00    0.99    6.93    0.00    0.00    0.00    0.99
12:36:34 AM    1    2.00    0.00   91.00    0.00    0.00    6.00    0.00    0.00    0.00    1.00
12:36:34 AM    2    0.00    0.00   14.15    0.00    0.94   31.13    0.00    0.00    0.00   53.77
12:36:34 AM    3    0.00    0.00   13.73    0.00    0.00   28.43    0.00    0.00    0.00   57.84
12:36:34 AM    4    0.00    0.00    0.00    0.00    0.00    0.00    0.00    0.00    0.00  100.00
12:36:34 AM    5    0.00    0.00    1.98    0.00    0.00   34.65    0.00    0.00    0.00   63.37
12:36:34 AM    6    0.00    0.00    0.00    0.00    0.00    0.00    0.00    0.00    0.00  100.00
12:36:34 AM    7    0.00    0.00    2.02    0.00    0.00   34.34    0.00    0.00    0.00   63.64

12:36:34 AM  CPU    %usr   %nice    %sys %iowait    %irq   %soft  %steal  %guest  %gnice   %idle
12:36:35 AM  all    0.12    0.00   26.58    0.00    0.62   16.07    0.00    0.00    0.00   56.61
12:36:35 AM    0    0.00    0.00   88.66    0.00    0.00    6.19    0.00    0.00    0.00    5.15
12:36:35 AM    1    1.01    0.00   85.86    0.00    1.01    6.06    0.00    0.00    0.00    6.06
12:36:35 AM    2    0.00    0.00   17.14    0.00    0.95   25.71    0.00    0.00    0.00   56.19
12:36:35 AM    3    0.00    0.00   19.23    0.00    0.96   25.00    0.00    0.00    0.00   54.81
12:36:35 AM    4    0.00    0.00    0.00    0.00    0.00    0.99    0.00    0.00    0.00   99.01
12:36:35 AM    5    0.00    0.00    2.97    0.00    0.99   28.71    0.00    0.00    0.00   67.33
12:36:35 AM    6    0.00    0.00    0.00    0.00    0.00    0.00    0.00    0.00    0.00  100.00
12:36:35 AM    7    0.00    0.00    2.94    0.00    0.98   34.31    0.00    0.00    0.00   61.76

12:36:35 AM  CPU    %usr   %nice    %sys %iowait    %irq   %soft  %steal  %guest  %gnice   %idle
12:36:36 AM  all    0.37    0.00   26.80    0.00    0.12   16.75    0.00    0.00    0.00   55.96
12:36:36 AM    0    1.98    0.00   87.13    0.00    0.99    6.93    0.00    0.00    0.00    2.97
12:36:36 AM    1    1.01    0.00   88.89    0.00    0.00    6.06    0.00    0.00    0.00    4.04
12:36:36 AM    2    0.00    0.00   15.69    0.00    0.00   27.45    0.00    0.00    0.00   56.86
12:36:36 AM    3    0.00    0.00   19.42    0.00    0.00   27.18    0.00    0.00    0.00   53.40
12:36:36 AM    4    0.00    0.00    0.00    0.00    0.00    0.00    0.00    0.00    0.00  100.00
12:36:36 AM    5    0.00    0.00    2.00    0.00    0.00   32.00    0.00    0.00    0.00   66.00
12:36:36 AM    6    0.00    0.00    0.00    0.00    0.00    0.00    0.00    0.00    0.00  100.00
12:36:36 AM    7    0.00    0.00    1.98    0.00    0.00   33.66    0.00    0.00    0.00   64.36

12:36:36 AM  CPU    %usr   %nice    %sys %iowait    %irq   %soft  %steal  %guest  %gnice   %idle
12:36:37 AM  all    0.37    0.00   24.29    0.00    0.25   17.97    0.00    0.00    0.00   57.13
12:36:37 AM    0    1.00    0.00   86.00    0.00    0.00    7.00    0.00    0.00    0.00    6.00
12:36:37 AM    1    2.00    0.00   86.00    0.00    0.00    7.00    0.00    0.00    0.00    5.00
12:36:37 AM    2    0.00    0.00    8.65    0.00    0.96   29.81    0.00    0.00    0.00   60.58
12:36:37 AM    3    0.00    0.00   10.58    0.00    0.96   28.85    0.00    0.00    0.00   59.62
12:36:37 AM    4    0.00    0.00    0.00    0.00    0.00    0.00    0.00    0.00    0.00  100.00
12:36:37 AM    5    0.00    0.00    3.00    0.00    0.00   34.00    0.00    0.00    0.00   63.00
12:36:37 AM    6    0.00    0.00    0.00    0.00    0.00    0.00    0.00    0.00    0.00  100.00
12:36:37 AM    7    0.00    0.00    1.01    0.00    0.00   36.36    0.00    0.00    0.00   62.63

12:36:37 AM  CPU    %usr   %nice    %sys %iowait    %irq   %soft  %steal  %guest  %gnice   %idle
12:36:38 AM  all    0.25    0.00   24.19    0.00    0.37   18.36    0.00    0.00    0.00   56.82
12:36:38 AM    0    1.01    0.00   87.88    0.00    1.01    8.08    0.00    0.00    0.00    2.02
12:36:38 AM    1    1.00    0.00   87.00    0.00    1.00    7.00    0.00    0.00    0.00    4.00
12:36:38 AM    2    0.00    0.00    7.62    0.00    0.95   33.33    0.00    0.00    0.00   58.10
12:36:38 AM    3    0.00    0.00    8.65    0.00    0.00   32.69    0.00    0.00    0.00   58.65
12:36:38 AM    4    0.00    0.00    0.00    0.00    0.00    0.00    0.00    0.00    0.00  100.00
12:36:38 AM    5    0.00    0.00    3.00    0.00    0.00   33.00    0.00    0.00    0.00   64.00
12:36:38 AM    6    0.00    0.00    0.00    0.00    0.00    0.00    0.00    0.00    0.00  100.00
12:36:38 AM    7    0.00    0.00    1.01    0.00    0.00   31.31    0.00    0.00    0.00   67.68

12:36:38 AM  CPU    %usr   %nice    %sys %iowait    %irq   %soft  %steal  %guest  %gnice   %idle
12:36:39 AM  all    0.49    0.00   26.08    0.00    0.25   17.55    0.00    0.00    0.00   55.62
12:36:39 AM    0    2.02    0.00   87.88    0.00    0.00    7.07    0.00    0.00    0.00    3.03
12:36:39 AM    1    2.02    0.00   89.90    0.00    0.00    6.06    0.00    0.00    0.00    2.02
12:36:39 AM    2    0.00    0.00   13.46    0.00    0.00   29.81    0.00    0.00    0.00   56.73
12:36:39 AM    3    0.00    0.00   16.19    0.00    0.95   30.48    0.00    0.00    0.00   52.38
12:36:39 AM    4    0.00    0.00    0.00    0.00    0.00    0.00    0.00    0.00    0.00  100.00
12:36:39 AM    5    0.00    0.00    3.00    0.00    0.00   34.00    0.00    0.00    0.00   63.00
12:36:39 AM    6    0.00    0.00    0.00    0.00    0.00    0.00    0.00    0.00    0.00  100.00
12:36:39 AM    7    0.00    0.00    0.98    0.00    0.98   31.37    0.00    0.00    0.00   66.67

12:36:39 AM  CPU    %usr   %nice    %sys %iowait    %irq   %soft  %steal  %guest  %gnice   %idle
12:36:40 AM  all    0.25    0.00   26.39    0.00    0.62   16.98    0.00    0.00    0.00   55.76
12:36:40 AM    0    1.01    0.00   88.89    0.00    1.01    7.07    0.00    0.00    0.00    2.02
12:36:40 AM    1    1.01    0.00   89.90    0.00    1.01    6.06    0.00    0.00    0.00    2.02
12:36:40 AM    2    0.00    0.00   10.58    0.00    0.96   28.85    0.00    0.00    0.00   59.62
12:36:40 AM    3    0.00    0.00   21.15    0.00    0.00   29.81    0.00    0.00    0.00   49.04
12:36:40 AM    4    0.00    0.00    0.00    0.00    0.99    0.00    0.00    0.00    0.00   99.01
12:36:40 AM    5    0.00    0.00    2.97    0.00    0.99   33.66    0.00    0.00    0.00   62.38
12:36:40 AM    6    0.00    0.00    0.00    0.00    0.00    0.00    0.00    0.00    0.00  100.00
12:36:40 AM    7    0.00    0.00    0.00    0.00    0.00   29.29    0.00    0.00    0.00   70.71

12:36:40 AM  CPU    %usr   %nice    %sys %iowait    %irq   %soft  %steal  %guest  %gnice   %idle
12:36:41 AM  all    0.25    0.00   26.30    0.00    0.25   16.79    0.00    0.00    0.00   56.42
12:36:41 AM    0    0.99    0.00   87.13    0.00    0.00    6.93    0.00    0.00    0.00    4.95
12:36:41 AM    1    1.00    0.00   89.00    0.00    0.00    6.00    0.00    0.00    0.00    4.00
12:36:41 AM    2    0.00    0.00   13.46    0.00    0.96   27.88    0.00    0.00    0.00   57.69
12:36:41 AM    3    0.00    0.00   16.19    0.00    0.95   28.57    0.00    0.00    0.00   54.29
12:36:41 AM    4    0.00    0.00    0.00    0.00    0.00    0.00    0.00    0.00    0.00  100.00
12:36:41 AM    5    0.00    0.00    3.00    0.00    0.00   31.00    0.00    0.00    0.00   66.00
12:36:41 AM    6    0.00    0.00    0.00    0.00    0.00    0.00    0.00    0.00    0.00  100.00
12:36:41 AM    7    0.00    0.00    2.00    0.00    0.00   33.00    0.00    0.00    0.00   65.00

12:36:41 AM  CPU    %usr   %nice    %sys %iowait    %irq   %soft  %steal  %guest  %gnice   %idle
12:36:42 AM  all    0.50    0.00   28.04    0.00    0.25   15.14    0.00    0.00    0.00   56.08
12:36:42 AM    0    2.02    0.00   87.88    0.00    1.01    5.05    0.00    0.00    0.00    4.04
12:36:42 AM    1    1.98    0.00   86.14    0.00    0.99    5.94    0.00    0.00    0.00    4.95
12:36:42 AM    2    0.00    0.00   16.50    0.00    0.00   25.24    0.00    0.00    0.00   58.25
12:36:42 AM    3    0.00    0.00   30.39    0.00    0.00   25.49    0.00    0.00    0.00   44.12
12:36:42 AM    4    0.00    0.00    0.00    0.00    0.00    0.00    0.00    0.00    0.00  100.00
12:36:42 AM    5    0.00    0.00    2.97    0.00    0.00   29.70    0.00    0.00    0.00   67.33
12:36:42 AM    6    0.00    0.00    0.00    0.00    0.00    0.00    0.00    0.00    0.00  100.00
12:36:42 AM    7    0.00    0.00    1.00    0.00    0.00   29.00    0.00    0.00    0.00   70.00

12:36:42 AM  CPU    %usr   %nice    %sys %iowait    %irq   %soft  %steal  %guest  %gnice   %idle
12:36:43 AM  all    0.50    0.00   26.49    0.00    0.25   16.92    0.00    0.00    0.00   55.85
12:36:43 AM    0    2.02    0.00   85.86    0.00    0.00    7.07    0.00    0.00    0.00    5.05
12:36:43 AM    1    2.02    0.00   87.88    0.00    0.00    5.05    0.00    0.00    0.00    5.05
12:36:43 AM    2    0.00    0.00   13.59    0.00    0.97   30.10    0.00    0.00    0.00   55.34
12:36:43 AM    3    0.00    0.00   22.12    0.00    0.96   27.88    0.00    0.00    0.00   49.04
12:36:43 AM    4    0.00    0.00    0.00    0.00    0.00    0.00    0.00    0.00    0.00  100.00
12:36:43 AM    5    0.00    0.00    3.00    0.00    0.00   31.00    0.00    0.00    0.00   66.00
12:36:43 AM    6    0.00    0.00    0.00    0.00    0.00    0.00    0.00    0.00    0.00  100.00
12:36:43 AM    7    0.00    0.00    1.00    0.00    0.00   33.00    0.00    0.00    0.00   66.00

12:36:43 AM  CPU    %usr   %nice    %sys %iowait    %irq   %soft  %steal  %guest  %gnice   %idle
12:36:44 AM  all    0.12    0.00   27.00    0.00    0.49   17.14    0.00    0.00    0.00   55.24
12:36:44 AM    0    0.00    0.00   91.00    0.00    1.00    6.00    0.00    0.00    0.00    2.00
12:36:44 AM    1    0.99    0.00   89.11    0.00    0.99    6.93    0.00    0.00    0.00    1.98
12:36:44 AM    2    0.00    0.00   13.46    0.00    0.96   29.81    0.00    0.00    0.00   55.77
12:36:44 AM    3    0.00    0.00   19.23    0.00    0.00   28.85    0.00    0.00    0.00   51.92
12:36:44 AM    4    0.00    0.00    0.00    0.00    0.00    0.00    0.00    0.00    0.00  100.00
12:36:44 AM    5    0.00    0.00    2.00    0.00    0.00   33.00    0.00    0.00    0.00   65.00
12:36:44 AM    6    0.00    0.00    0.00    0.00    0.00    0.00    0.00    0.00    0.00  100.00
12:36:44 AM    7    0.00    0.00    1.98    0.00    0.99   31.68    0.00    0.00    0.00   65.35

12:36:44 AM  CPU    %usr   %nice    %sys %iowait    %irq   %soft  %steal  %guest  %gnice   %idle
12:36:45 AM  all    0.37    0.00   23.17    0.00    0.25   18.09    0.00    0.00    0.00   58.12
12:36:45 AM    0    1.01    0.00   85.86    0.00    0.00    7.07    0.00    0.00    0.00    6.06
12:36:45 AM    1    2.02    0.00   84.85    0.00    0.00    7.07    0.00    0.00    0.00    6.06
12:36:45 AM    2    0.00    0.00    6.67    0.00    0.95   32.38    0.00    0.00    0.00   60.00
12:36:45 AM    3    0.00    0.00    8.57    0.00    0.95   31.43    0.00    0.00    0.00   59.05
12:36:45 AM    4    0.00    0.00    0.00    0.00    0.00    0.00    0.00    0.00    0.00  100.00
12:36:45 AM    5    0.00    0.00    1.01    0.00    0.00   31.31    0.00    0.00    0.00   67.68
12:36:45 AM    6    0.00    0.00    0.00    0.00    0.00    0.00    0.00    0.00    0.00  100.00
12:36:45 AM    7    0.00    0.00    1.00    0.00    0.00   34.00    0.00    0.00    0.00   65.00

12:36:45 AM  CPU    %usr   %nice    %sys %iowait    %irq   %soft  %steal  %guest  %gnice   %idle
12:36:46 AM  all    0.37    0.00   26.02    0.00    0.37   16.60    0.00    0.00    0.00   56.63
12:36:46 AM    0    1.01    0.00   87.88    0.00    0.00    6.06    0.00    0.00    0.00    5.05
12:36:46 AM    1    2.02    0.00   86.87    0.00    1.01    5.05    0.00    0.00    0.00    5.05
12:36:46 AM    2    0.00    0.00   16.50    0.00    0.00   30.10    0.00    0.00    0.00   53.40
12:36:46 AM    3    0.00    0.00   14.42    0.00    0.96   27.88    0.00    0.00    0.00   56.73
12:36:46 AM    4    0.00    0.00    0.00    0.00    0.00    0.00    0.00    0.00    0.00  100.00
12:36:46 AM    5    0.00    0.00    2.94    0.00    0.98   27.45    0.00    0.00    0.00   68.63
12:36:46 AM    6    0.00    0.00    0.00    0.00    0.00    0.00    0.00    0.00    0.00  100.00
12:36:46 AM    7    0.00    0.00    2.00    0.00    0.00   35.00    0.00    0.00    0.00   63.00

12:36:46 AM  CPU    %usr   %nice    %sys %iowait    %irq   %soft  %steal  %guest  %gnice   %idle
12:36:47 AM  all    0.25    0.00   27.28    0.00    0.25   16.42    0.00    0.00    0.00   55.80
12:36:47 AM    0    0.99    0.00   88.12    0.00    0.99    6.93    0.00    0.00    0.00    2.97
12:36:47 AM    1    1.01    0.00   87.88    0.00    0.00    6.06    0.00    0.00    0.00    5.05
12:36:47 AM    2    0.00    0.00   18.10    0.00    0.95   27.62    0.00    0.00    0.00   53.33
12:36:47 AM    3    0.00    0.00   22.12    0.00    0.00   25.96    0.00    0.00    0.00   51.92
12:36:47 AM    4    0.00    0.00    0.00    0.00    0.00    0.00    0.00    0.00    0.00  100.00
12:36:47 AM    5    0.00    0.00    2.00    0.00    0.00   29.00    0.00    0.00    0.00   69.00
12:36:47 AM    6    0.00    0.00    0.00    0.00    0.00    0.00    0.00    0.00    0.00  100.00
12:36:47 AM    7    0.00    0.00    0.99    0.00    0.00   34.65    0.00    0.00    0.00   64.36

12:36:47 AM  CPU    %usr   %nice    %sys %iowait    %irq   %soft  %steal  %guest  %gnice   %idle
12:36:48 AM  all    0.37    0.00   29.90    0.00    0.25   15.26    0.00    0.00    0.00   54.22
12:36:48 AM    0    2.02    0.00   90.91    0.00    0.00    5.05    0.00    0.00    0.00    2.02
12:36:48 AM    1    0.99    0.00   90.10    0.00    0.99    4.95    0.00    0.00    0.00    2.97
12:36:48 AM    2    0.00    0.00   23.30    0.00    0.00   25.24    0.00    0.00    0.00   51.46
12:36:48 AM    3    0.00    0.00   30.39    0.00    0.98   22.55    0.00    0.00    0.00   46.08
12:36:48 AM    4    0.00    0.00    0.00    0.00    0.00    0.99    0.00    0.00    0.00   99.01
12:36:48 AM    5    0.00    0.00    4.00    0.00    0.00   31.00    0.00    0.00    0.00   65.00
12:36:48 AM    6    0.00    0.00    0.00    0.00    0.00    0.00    0.00    0.00    0.00  100.00
12:36:48 AM    7    0.00    0.00    1.00    0.00    0.00   32.00    0.00    0.00    0.00   67.00

12:36:48 AM  CPU    %usr   %nice    %sys %iowait    %irq   %soft  %steal  %guest  %gnice   %idle
12:36:49 AM  all    0.25    0.00   27.85    0.00    0.50   16.58    0.00    0.00    0.00   54.83
12:36:49 AM    0    1.00    0.00   91.00    0.00    1.00    6.00    0.00    0.00    0.00    1.00
12:36:49 AM    1    1.02    0.00   91.84    0.00    0.00    5.10    0.00    0.00    0.00    2.04
12:36:49 AM    2    0.00    0.00   15.53    0.00    0.97   26.21    0.00    0.00    0.00   57.28
12:36:49 AM    3    0.00    0.00   20.39    0.00    0.00   22.33    0.00    0.00    0.00   57.28
12:36:49 AM    4    0.00    0.00    0.00    0.00    0.99    0.00    0.00    0.00    0.00   99.01
12:36:49 AM    5    0.00    0.00    2.97    0.00    0.00   30.69    0.00    0.00    0.00   66.34
12:36:49 AM    6    0.00    0.00    0.00    0.00    0.00    0.00    0.00    0.00    0.00  100.00
12:36:49 AM    7    0.00    0.00    3.92    0.00    0.98   41.18    0.00    0.00    0.00   53.92

12:36:49 AM  CPU    %usr   %nice    %sys %iowait    %irq   %soft  %steal  %guest  %gnice   %idle
12:36:50 AM  all    0.37    0.00   27.56    0.00    0.25   16.93    0.00    0.00    0.00   54.88
12:36:50 AM    0    1.98    0.00   89.11    0.00    0.00    5.94    0.00    0.00    0.00    2.97
12:36:50 AM    1    0.99    0.00   89.11    0.00    0.99    6.93    0.00    0.00    0.00    1.98
12:36:50 AM    2    0.00    0.00   14.56    0.00    0.00   28.16    0.00    0.00    0.00   57.28
12:36:50 AM    3    0.00    0.00   21.90    0.00    0.95   26.67    0.00    0.00    0.00   50.48
12:36:50 AM    4    0.00    0.00    0.00    0.00    0.00    0.00    0.00    0.00    0.00  100.00
12:36:50 AM    5    0.00    0.00    4.00    0.00    0.00   32.00    0.00    0.00    0.00   64.00
12:36:50 AM    6    0.00    0.00    0.00    0.00    0.00    0.00    0.00    0.00    0.00  100.00
12:36:50 AM    7    0.00    0.00    1.01    0.00    0.00   35.35    0.00    0.00    0.00   63.64

12:36:50 AM  CPU    %usr   %nice    %sys %iowait    %irq   %soft  %steal  %guest  %gnice   %idle
12:36:51 AM  all    0.37    0.00   28.71    0.00    0.25   16.21    0.00    0.00    0.00   54.46
12:36:51 AM    0    1.00    0.00   91.00    0.00    1.00    6.00    0.00    0.00    0.00    1.00
12:36:51 AM    1    2.00    0.00   91.00    0.00    0.00    5.00    0.00    0.00    0.00    2.00
12:36:51 AM    2    0.00    0.00   21.15    0.00    0.96   24.04    0.00    0.00    0.00   53.85
12:36:51 AM    3    0.00    0.00   24.04    0.00    0.00   25.00    0.00    0.00    0.00   50.96
12:36:51 AM    4    0.00    0.00    0.00    0.00    0.00    0.00    0.00    0.00    0.00  100.00
12:36:51 AM    5    0.00    0.00    2.02    0.00    0.00   34.34    0.00    0.00    0.00   63.64
12:36:51 AM    6    0.00    0.00    0.00    0.00    0.00    0.00    0.00    0.00    0.00  100.00
12:36:51 AM    7    0.00    0.00    1.00    0.00    0.00   35.00    0.00    0.00    0.00   64.00

12:36:51 AM  CPU    %usr   %nice    %sys %iowait    %irq   %soft  %steal  %guest  %gnice   %idle
12:36:52 AM  all    0.25    0.00   30.92    0.00    0.25   14.71    0.00    0.00    0.00   53.87
12:36:52 AM    0    1.01    0.00   92.93    0.00    0.00    5.05    0.00    0.00    0.00    1.01
12:36:52 AM    1    1.01    0.00   92.93    0.00    1.01    4.04    0.00    0.00    0.00    1.01
12:36:52 AM    2    0.00    0.00   32.00    0.00    0.00   20.00    0.00    0.00    0.00   48.00
12:36:52 AM    3    0.00    0.00   26.47    0.00    0.98   21.57    0.00    0.00    0.00   50.98
12:36:52 AM    4    0.00    0.00    0.00    0.00    0.00    0.00    0.00    0.00    0.00  100.00
12:36:52 AM    5    0.00    0.00    2.97    0.00    0.00   33.66    0.00    0.00    0.00   63.37
12:36:52 AM    6    0.00    0.00    0.00    0.00    0.00    0.00    0.00    0.00    0.00  100.00
12:36:52 AM    7    0.00    0.00    1.98    0.00    0.00   32.67    0.00    0.00    0.00   65.35

12:36:52 AM  CPU    %usr   %nice    %sys %iowait    %irq   %soft  %steal  %guest  %gnice   %idle
12:36:53 AM  all    0.25    0.00   30.37    0.00    0.37   15.43    0.00    0.00    0.00   53.58
12:36:53 AM    0    0.99    0.00   92.08    0.00    0.99    4.95    0.00    0.00    0.00    0.99
12:36:53 AM    1    0.99    0.00   91.09    0.00    0.00    5.94    0.00    0.00    0.00    1.98
12:36:53 AM    2    0.00    0.00   31.73    0.00    0.96   23.08    0.00    0.00    0.00   44.23
12:36:53 AM    3    0.00    0.00   21.36    0.00    0.00   25.24    0.00    0.00    0.00   53.40
12:36:53 AM    4    0.00    0.00    0.00    0.00    0.00    0.00    0.00    0.00    0.00  100.00
12:36:53 AM    5    0.00    0.00    3.96    0.00    0.99   31.68    0.00    0.00    0.00   63.37
12:36:53 AM    6    0.00    0.00    0.00    0.00    0.00    0.00    0.00    0.00    0.00  100.00
12:36:53 AM    7    0.00    0.00    2.00    0.00    0.00   32.00    0.00    0.00    0.00   66.00

12:36:53 AM  CPU    %usr   %nice    %sys %iowait    %irq   %soft  %steal  %guest  %gnice   %idle
12:36:54 AM  all    0.37    0.00   27.68    0.00    0.12   16.46    0.00    0.00    0.00   55.36
12:36:54 AM    0    1.01    0.00   89.90    0.00    0.00    6.06    0.00    0.00    0.00    3.03
12:36:54 AM    1    2.02    0.00   88.89    0.00    0.00    6.06    0.00    0.00    0.00    3.03
12:36:54 AM    2    0.00    0.00   22.33    0.00    0.00   26.21    0.00    0.00    0.00   51.46
12:36:54 AM    3    0.00    0.00   17.48    0.00    0.97   26.21    0.00    0.00    0.00   55.34
12:36:54 AM    4    0.00    0.00    0.00    0.00    0.00    0.00    0.00    0.00    0.00  100.00
12:36:54 AM    5    0.00    0.00    3.03    0.00    0.00   34.34    0.00    0.00    0.00   62.63
12:36:54 AM    6    0.00    0.00    0.00    0.00    0.00    0.00    0.00    0.00    0.00  100.00
12:36:54 AM    7    0.00    0.00    1.00    0.00    0.00   32.00    0.00    0.00    0.00   67.00

12:36:54 AM  CPU    %usr   %nice    %sys %iowait    %irq   %soft  %steal  %guest  %gnice   %idle
12:36:55 AM  all    0.37    0.00   31.01    0.00    0.50   14.69    0.00    0.00    0.00   53.42
12:36:55 AM    0    2.00    0.00   90.00    0.00    1.00    4.00    0.00    0.00    0.00    3.00
12:36:55 AM    1    1.01    0.00   90.91    0.00    1.01    4.04    0.00    0.00    0.00    3.03
12:36:55 AM    2    0.00    0.00   29.41    0.00    0.98   24.51    0.00    0.00    0.00   45.10
12:36:55 AM    3    0.00    0.00   22.77    0.00    0.00   23.76    0.00    0.00    0.00   53.47
12:36:55 AM    4    0.00    0.00    0.00    0.00    0.00    0.00    0.00    0.00    0.00  100.00
12:36:55 AM    5    0.00    0.00   11.00    0.00    0.00   28.00    0.00    0.00    0.00   61.00
12:36:55 AM    6    0.00    0.00    0.00    0.00    0.00    0.00    0.00    0.00    0.00  100.00
12:36:55 AM    7    0.00    0.00    4.95    0.00    0.99   32.67    0.00    0.00    0.00   61.39

12:36:55 AM  CPU    %usr   %nice    %sys %iowait    %irq   %soft  %steal  %guest  %gnice   %idle
12:36:56 AM  all    0.37    0.00   30.39    0.00    0.12   14.57    0.00    0.00    0.00   54.55
12:36:56 AM    0    1.98    0.00   88.12    0.00    0.00    4.95    0.00    0.00    0.00    4.95
12:36:56 AM    1    1.01    0.00   89.90    0.00    0.00    5.05    0.00    0.00    0.00    4.04
12:36:56 AM    2    0.00    0.00   28.71    0.00    0.00   20.79    0.00    0.00    0.00   50.50
12:36:56 AM    3    0.00    0.00   22.55    0.00    0.98   22.55    0.00    0.00    0.00   53.92
12:36:56 AM    4    0.00    0.00    0.00    0.00    0.00    0.00    0.00    0.00    0.00  100.00
12:36:56 AM    5    0.00    0.00    9.00    0.00    0.00   28.00    0.00    0.00    0.00   63.00
12:36:56 AM    6    0.00    0.00    0.00    0.00    0.00    0.00    0.00    0.00    0.00  100.00
12:36:56 AM    7    0.00    0.00    5.00    0.00    0.00   35.00    0.00    0.00    0.00   60.00

12:36:56 AM  CPU    %usr   %nice    %sys %iowait    %irq   %soft  %steal  %guest  %gnice   %idle
12:36:57 AM  all    0.37    0.00   31.22    0.00    0.37   14.80    0.00    0.00    0.00   53.23
12:36:57 AM    0    1.02    0.00   93.88    0.00    1.02    3.06    0.00    0.00    0.00    1.02
12:36:57 AM    1    1.98    0.00   91.09    0.00    0.99    3.96    0.00    0.00    0.00    1.98
12:36:57 AM    2    0.00    0.00   21.36    0.00    0.97   25.24    0.00    0.00    0.00   52.43
12:36:57 AM    3    0.00    0.00   25.49    0.00    0.00   23.53    0.00    0.00    0.00   50.98
12:36:57 AM    4    0.00    0.00    0.00    0.00    0.00    0.00    0.00    0.00    0.00  100.00
12:36:57 AM    5    0.00    0.00   14.85    0.00    0.00   29.70    0.00    0.00    0.00   55.45
12:36:57 AM    6    0.00    0.00    0.00    0.00    0.00    0.00    0.00    0.00    0.00  100.00
12:36:57 AM    7    0.00    0.00    4.04    0.00    0.00   32.32    0.00    0.00    0.00   63.64

12:36:57 AM  CPU    %usr   %nice    %sys %iowait    %irq   %soft  %steal  %guest  %gnice   %idle
12:36:58 AM  all    0.37    0.00   30.34    0.00    0.12   14.98    0.00    0.00    0.00   54.18
12:36:58 AM    0    1.02    0.00   88.78    0.00    0.00    5.10    0.00    0.00    0.00    5.10
12:36:58 AM    1    2.02    0.00   89.90    0.00    0.00    4.04    0.00    0.00    0.00    4.04
12:36:58 AM    2    0.00    0.00   27.72    0.00    0.00   26.73    0.00    0.00    0.00   45.54
12:36:58 AM    3    0.00    0.00   24.51    0.00    0.98   24.51    0.00    0.00    0.00   50.00
12:36:58 AM    4    0.00    0.00    0.00    0.00    0.00    0.00    0.00    0.00    0.00  100.00
12:36:58 AM    5    0.00    0.00   10.00    0.00    0.00   28.00    0.00    0.00    0.00   62.00
12:36:58 AM    6    0.00    0.00    0.00    0.00    0.00    0.00    0.00    0.00    0.00  100.00
12:36:58 AM    7    0.00    0.00    3.96    0.00    0.00   30.69    0.00    0.00    0.00   65.35

12:36:58 AM  CPU    %usr   %nice    %sys %iowait    %irq   %soft  %steal  %guest  %gnice   %idle
12:36:59 AM  all    0.37    0.00   30.58    0.00    0.62   14.18    0.00    0.00    0.00   54.25
12:36:59 AM    0    1.98    0.00   88.12    0.00    0.99    4.95    0.00    0.00    0.00    3.96
12:36:59 AM    1    0.99    0.00   89.11    0.00    0.99    3.96    0.00    0.00    0.00    4.95
12:36:59 AM    2    0.00    0.00   29.13    0.00    0.97   23.30    0.00    0.00    0.00   46.60
12:36:59 AM    3    0.00    0.00   23.30    0.00    0.00   22.33    0.00    0.00    0.00   54.37
12:36:59 AM    4    0.00    0.00    0.00    0.00    0.99    0.00    0.00    0.00    0.00   99.01
12:36:59 AM    5    0.00    0.00    9.90    0.00    0.99   25.74    0.00    0.00    0.00   63.37
12:36:59 AM    6    0.00    0.00    0.00    0.00    0.00    0.00    0.00    0.00    0.00  100.00
12:36:59 AM    7    0.00    0.00    4.95    0.00    0.00   32.67    0.00    0.00    0.00   62.38

12:36:59 AM  CPU    %usr   %nice    %sys %iowait    %irq   %soft  %steal  %guest  %gnice   %idle
12:37:00 AM  all    0.25    0.00   32.17    0.00    0.25   14.64    0.00    0.00    0.00   52.69
12:37:00 AM    0    1.02    0.00   92.86    0.00    0.00    4.08    0.00    0.00    0.00    2.04
12:37:00 AM    1    1.01    0.00   93.94    0.00    0.00    3.03    0.00    0.00    0.00    2.02
12:37:00 AM    2    0.00    0.00   22.77    0.00    0.00   24.75    0.00    0.00    0.00   52.48
12:37:00 AM    3    0.00    0.00   21.78    0.00    0.99   23.76    0.00    0.00    0.00   53.47
12:37:00 AM    4    0.00    0.00    0.00    0.00    0.00    1.00    0.00    0.00    0.00   99.00
12:37:00 AM    5    0.00    0.00   21.00    0.00    0.00   25.00    0.00    0.00    0.00   54.00
12:37:00 AM    6    0.00    0.00    0.00    0.00    0.00    0.00    0.00    0.00    0.00  100.00
12:37:00 AM    7    0.00    0.00    7.00    0.00    1.00   35.00    0.00    0.00    0.00   57.00

12:37:00 AM  CPU    %usr   %nice    %sys %iowait    %irq   %soft  %steal  %guest  %gnice   %idle
12:37:01 AM  all    0.25    0.00   32.21    0.00    0.50   13.43    0.00    0.00    0.00   53.61
12:37:01 AM    0    1.00    0.00   90.00    0.00    1.00    3.00    0.00    0.00    0.00    5.00
12:37:01 AM    1    1.01    0.00   90.91    0.00    1.01    3.03    0.00    0.00    0.00    4.04
12:37:01 AM    2    0.00    0.00   29.41    0.00    0.98   21.57    0.00    0.00    0.00   48.04
12:37:01 AM    3    0.00    0.00   29.41    0.00    0.98   20.59    0.00    0.00    0.00   49.02
12:37:01 AM    4    0.00    0.00    0.00    0.00    0.00    0.00    0.00    0.00    0.00  100.00
12:37:01 AM    5    0.00    0.00   12.00    0.00    0.00   23.00    0.00    0.00    0.00   65.00
12:37:01 AM    6    0.00    0.00    0.00    0.00    0.00    0.00    0.00    0.00    0.00  100.00
12:37:01 AM    7    0.00    0.00    6.93    0.00    0.00   35.64    0.00    0.00    0.00   57.43

12:37:01 AM  CPU    %usr   %nice    %sys %iowait    %irq   %soft  %steal  %guest  %gnice   %idle
12:37:02 AM  all    0.37    0.00   30.98    0.00    0.12   14.99    0.00    0.00    0.00   53.53
12:37:02 AM    0    1.00    0.00   91.00    0.00    0.00    5.00    0.00    0.00    0.00    3.00
12:37:02 AM    1    1.96    0.00   90.20    0.00    0.00    4.90    0.00    0.00    0.00    2.94
12:37:02 AM    2    0.00    0.00   25.49    0.00    0.98   22.55    0.00    0.00    0.00   50.98
12:37:02 AM    3    0.00    0.00   24.51    0.00    0.00   22.55    0.00    0.00    0.00   52.94
12:37:02 AM    4    0.00    0.00    0.00    0.00    0.00    0.00    0.00    0.00    0.00  100.00
12:37:02 AM    5    0.00    0.00   11.00    0.00    0.00   29.00    0.00    0.00    0.00   60.00
12:37:02 AM    6    0.00    0.00    0.00    0.00    0.00    0.00    0.00    0.00    0.00  100.00
12:37:02 AM    7    0.00    0.00    5.00    0.00    0.00   36.00    0.00    0.00    0.00   59.00

12:37:02 AM  CPU    %usr   %nice    %sys %iowait    %irq   %soft  %steal  %guest  %gnice   %idle
12:37:03 AM  all    0.25    0.00   25.62    0.00    0.37   18.07    0.00    0.00    0.00   55.69
12:37:03 AM    0    1.98    0.00   88.12    0.00    0.99    6.93    0.00    0.00    0.00    1.98
12:37:03 AM    1    0.00    0.00   90.82    0.00    1.02    6.12    0.00    0.00    0.00    2.04
12:37:03 AM    2    0.00    0.00    7.69    0.00    0.00   31.73    0.00    0.00    0.00   60.58
12:37:03 AM    3    0.00    0.00   14.29    0.00    0.95   28.57    0.00    0.00    0.00   56.19
12:37:03 AM    4    0.00    0.00    0.00    0.00    0.00    0.00    0.00    0.00    0.00  100.00
12:37:03 AM    5    0.00    0.00    5.00    0.00    0.00   35.00    0.00    0.00    0.00   60.00
12:37:03 AM    6    0.00    0.00    0.00    0.00    0.00    0.00    0.00    0.00    0.00  100.00
12:37:03 AM    7    0.00    0.00    1.00    0.00    0.00   35.00    0.00    0.00    0.00   64.00

12:37:03 AM  CPU    %usr   %nice    %sys %iowait    %irq   %soft  %steal  %guest  %gnice   %idle
12:37:04 AM  all    0.37    0.00   26.21    0.12    0.12   16.40    0.00    0.00    0.00   56.77
12:37:04 AM    0    1.01    0.00   85.86    1.01    0.00    6.06    0.00    0.00    0.00    6.06
12:37:04 AM    1    2.02    0.00   86.87    0.00    0.00    6.06    0.00    0.00    0.00    5.05
12:37:04 AM    2    0.00    0.00   15.53    0.00    0.97   25.24    0.00    0.00    0.00   58.25
12:37:04 AM    3    0.00    0.00   18.27    0.00    0.00   28.85    0.00    0.00    0.00   52.88
12:37:04 AM    4    0.00    0.00    0.00    0.00    0.00    0.00    0.00    0.00    0.00  100.00
12:37:04 AM    5    0.00    0.00    2.00    0.00    0.00   32.00    0.00    0.00    0.00   66.00
12:37:04 AM    6    0.00    0.00    0.00    0.00    0.00    0.00    0.00    0.00    0.00  100.00
12:37:04 AM    7    0.00    0.00    3.00    0.00    0.00   32.00    0.00    0.00    0.00   65.00

12:37:04 AM  CPU    %usr   %nice    %sys %iowait    %irq   %soft  %steal  %guest  %gnice   %idle
12:37:05 AM  all    0.49    0.00   26.17    0.00    0.61   17.57    0.00    0.00    0.00   55.16
12:37:05 AM    0    1.98    0.00   89.11    0.00    0.99    5.94    0.00    0.00    0.00    1.98
12:37:05 AM    1    1.98    0.00   88.12    0.00    0.99    6.93    0.00    0.00    0.00    1.98
12:37:05 AM    2    0.00    0.00   13.33    0.00    0.95   30.48    0.00    0.00    0.00   55.24
12:37:05 AM    3    0.00    0.00   14.29    0.00    0.95   28.57    0.00    0.00    0.00   56.19
12:37:05 AM    4    0.00    0.00    0.00    0.00    0.00    0.00    0.00    0.00    0.00  100.00
12:37:05 AM    5    0.00    0.00    3.96    0.00    0.00   32.67    0.00    0.00    0.00   63.37
12:37:05 AM    6    0.00    0.00    0.00    0.00    0.00    0.00    0.00    0.00    0.00  100.00
12:37:05 AM    7    0.00    0.00    0.99    0.00    0.99   34.65    0.00    0.00    0.00   63.37

12:37:05 AM  CPU    %usr   %nice    %sys %iowait    %irq   %soft  %steal  %guest  %gnice   %idle
12:37:06 AM  all    0.25    0.00   24.34    0.00    0.25   17.35    0.00    0.00    0.00   57.80
12:37:06 AM    0    1.03    0.00   84.54    0.00    0.00    6.19    0.00    0.00    0.00    8.25
12:37:06 AM    1    1.01    0.00   83.84    0.00    0.00    6.06    0.00    0.00    0.00    9.09
12:37:06 AM    2    0.00    0.00   10.78    0.00    0.00   27.45    0.00    0.00    0.00   61.76
12:37:06 AM    3    0.00    0.00   10.68    0.00    0.97   30.10    0.00    0.00    0.00   58.25
12:37:06 AM    4    0.00    0.00    0.00    0.00    0.00    0.00    0.00    0.00    0.00  100.00
12:37:06 AM    5    0.00    0.00    5.00    0.00    1.00   31.00    0.00    0.00    0.00   63.00
12:37:06 AM    6    0.00    0.00    0.00    0.00    0.00    0.00    0.00    0.00    0.00  100.00
12:37:06 AM    7    0.00    0.00    3.00    0.00    0.00   37.00    0.00    0.00    0.00   60.00

12:37:06 AM  CPU    %usr   %nice    %sys %iowait    %irq   %soft  %steal  %guest  %gnice   %idle
12:37:07 AM  all    0.37    0.00   26.70    0.00    0.37   17.06    0.00    0.00    0.00   55.50
12:37:07 AM    0    1.98    0.00   87.13    0.00    0.99    5.94    0.00    0.00    0.00    3.96
12:37:07 AM    1    0.99    0.00   88.12    0.00    0.99    5.94    0.00    0.00    0.00    3.96
12:37:07 AM    2    0.00    0.00   12.62    0.00    0.97   27.18    0.00    0.00    0.00   59.22
12:37:07 AM    3    0.00    0.00   14.71    0.00    0.00   26.47    0.00    0.00    0.00   58.82
12:37:07 AM    4    0.00    0.00    0.00    0.00    0.00    0.00    0.00    0.00    0.00  100.00
12:37:07 AM    5    0.00    0.00    7.84    0.00    0.00   32.35    0.00    0.00    0.00   59.80
12:37:07 AM    6    0.00    0.00    0.00    0.00    0.00    0.00    0.00    0.00    0.00  100.00
12:37:07 AM    7    0.00    0.00    3.00    0.00    0.00   38.00    0.00    0.00    0.00   59.00

12:37:07 AM  CPU    %usr   %nice    %sys %iowait    %irq   %soft  %steal  %guest  %gnice   %idle
12:37:08 AM  all    0.37    0.00   32.75    0.00    0.37   13.70    0.00    0.00    0.00   52.80
12:37:08 AM    0    2.02    0.00   91.92    0.00    0.00    3.03    0.00    0.00    0.00    3.03
12:37:08 AM    1    1.01    0.00   91.92    0.00    0.00    4.04    0.00    0.00    0.00    3.03
12:37:08 AM    2    0.00    0.00   28.16    0.00    0.97   21.36    0.00    0.00    0.00   49.51
12:37:08 AM    3    0.00    0.00   29.41    0.00    0.98   20.59    0.00    0.00    0.00   49.02
12:37:08 AM    4    0.00    0.00    0.00    0.00    1.00    0.00    0.00    0.00    0.00   99.00
12:37:08 AM    5    0.00    0.00   14.14    0.00    0.00   28.28    0.00    0.00    0.00   57.58
12:37:08 AM    6    0.00    0.00    0.00    0.00    0.00    0.00    0.00    0.00    0.00  100.00
12:37:08 AM    7    0.00    0.00    7.92    0.00    0.00   31.68    0.00    0.00    0.00   60.40

12:37:08 AM  CPU    %usr   %nice    %sys %iowait    %irq   %soft  %steal  %guest  %gnice   %idle
12:37:09 AM  all    0.25    0.00   29.69    0.00    0.37   15.28    0.00    0.00    0.00   54.41
12:37:09 AM    0    0.00    0.00   91.00    0.00    1.00    5.00    0.00    0.00    0.00    3.00
12:37:09 AM    1    2.00    0.00   89.00    0.00    1.00    5.00    0.00    0.00    0.00    3.00
12:37:09 AM    2    0.00    0.00   21.36    0.00    0.00   23.30    0.00    0.00    0.00   55.34
12:37:09 AM    3    0.00    0.00   22.55    0.00    0.00   23.53    0.00    0.00    0.00   53.92
12:37:09 AM    4    0.00    0.00    0.00    0.00    0.00    0.00    0.00    0.00    0.00  100.00
12:37:09 AM    5    0.00    0.00    9.00    0.00    0.00   29.00    0.00    0.00    0.00   62.00
12:37:09 AM    6    0.00    0.00    0.00    0.00    0.00    0.00    0.00    0.00    0.00  100.00
12:37:09 AM    7    0.00    0.00    5.00    0.00    1.00   36.00    0.00    0.00    0.00   58.00

12:37:09 AM  CPU    %usr   %nice    %sys %iowait    %irq   %soft  %steal  %guest  %gnice   %idle
12:37:10 AM  all    0.25    0.00   32.75    0.00    0.25   13.08    0.00    0.00    0.00   53.67
12:37:10 AM    0    1.00    0.00   91.00    0.00    0.00    3.00    0.00    0.00    0.00    5.00
12:37:10 AM    1    1.02    0.00   90.82    0.00    0.00    3.06    0.00    0.00    0.00    5.10
12:37:10 AM    2    0.00    0.00   30.69    0.00    0.99   19.80    0.00    0.00    0.00   48.51
12:37:10 AM    3    0.00    0.00   32.04    0.00    0.97   22.33    0.00    0.00    0.00   44.66
12:37:10 AM    4    0.00    0.00    0.00    0.00    0.00    0.00    0.00    0.00    0.00  100.00
12:37:10 AM    5    0.00    0.00   11.88    0.00    0.00   24.75    0.00    0.00    0.00   63.37
12:37:10 AM    6    0.00    0.00    0.00    0.00    0.00    0.00    0.00    0.00    0.00  100.00
12:37:10 AM    7    0.00    0.00    7.00    0.00    0.00   31.00    0.00    0.00    0.00   62.00

12:37:10 AM  CPU    %usr   %nice    %sys %iowait    %irq   %soft  %steal  %guest  %gnice   %idle
12:37:11 AM  all    0.37    0.00   34.96    0.00    0.25   12.98    0.00    0.00    0.00   51.44
12:37:11 AM    0    0.99    0.00   93.07    0.00    0.99    2.97    0.00    0.00    0.00    1.98
12:37:11 AM    1    1.98    0.00   93.07    0.00    0.99    2.97    0.00    0.00    0.00    0.99
12:37:11 AM    2    0.00    0.00   37.00    0.00    0.00   18.00    0.00    0.00    0.00   45.00
12:37:11 AM    3    0.00    0.00   34.00    0.00    0.00   20.00    0.00    0.00    0.00   46.00
12:37:11 AM    4    0.00    0.00    0.00    0.00    0.00    0.00    0.00    0.00    0.00  100.00
12:37:11 AM    5    0.00    0.00   11.11    0.00    0.00   27.27    0.00    0.00    0.00   61.62
12:37:11 AM    6    0.00    0.00    0.00    0.00    0.00    0.00    0.00    0.00    0.00  100.00
12:37:11 AM    7    0.00    0.00   10.00    0.00    0.00   33.00    0.00    0.00    0.00   57.00

12:37:11 AM  CPU    %usr   %nice    %sys %iowait    %irq   %soft  %steal  %guest  %gnice   %idle
12:37:12 AM  all    0.50    0.00   34.16    0.00    0.37   13.49    0.00    0.00    0.00   51.49
12:37:12 AM    0    3.00    0.00   94.00    0.00    0.00    3.00    0.00    0.00    0.00    0.00
12:37:12 AM    1    1.01    0.00   93.94    0.00    0.00    3.03    0.00    0.00    0.00    2.02
12:37:12 AM    2    0.00    0.00   33.01    0.00    0.97   19.42    0.00    0.00    0.00   46.60
12:37:12 AM    3    0.00    0.00   30.39    0.00    0.98   20.59    0.00    0.00    0.00   48.04
12:37:12 AM    4    0.00    0.00    0.00    0.00    0.00    0.99    0.00    0.00    0.00   99.01
12:37:12 AM    5    0.00    0.00   15.69    0.00    0.98   26.47    0.00    0.00    0.00   56.86
12:37:12 AM    6    0.00    0.00    0.00    0.00    0.00    0.00    0.00    0.00    0.00  100.00
12:37:12 AM    7    0.00    0.00    7.92    0.00    0.00   33.66    0.00    0.00    0.00   58.42

12:37:12 AM  CPU    %usr   %nice    %sys %iowait    %irq   %soft  %steal  %guest  %gnice   %idle
12:37:13 AM  all    0.37    0.00   33.83    0.00    0.25   13.81    0.00    0.00    0.00   51.74
12:37:13 AM    0    0.99    0.00   93.07    0.00    0.99    3.96    0.00    0.00    0.00    0.99
12:37:13 AM    1    1.96    0.00   92.16    0.00    0.98    3.92    0.00    0.00    0.00    0.98
12:37:13 AM    2    0.00    0.00   34.00    0.00    0.00   17.00    0.00    0.00    0.00   49.00
12:37:13 AM    3    0.00    0.00   29.41    0.00    0.00   21.57    0.00    0.00    0.00   49.02
12:37:13 AM    4    0.00    0.00    0.00    0.00    0.00    0.00    0.00    0.00    0.00  100.00
12:37:13 AM    5    0.00    0.00   11.11    0.00    0.00   30.30    0.00    0.00    0.00   58.59
12:37:13 AM    6    0.00    0.00    0.00    0.00    0.00    0.00    0.00    0.00    0.00  100.00
12:37:13 AM    7    0.00    0.00    9.00    0.00    0.00   34.00    0.00    0.00    0.00   57.00

12:37:13 AM  CPU    %usr   %nice    %sys %iowait    %irq   %soft  %steal  %guest  %gnice   %idle
12:37:14 AM  all    0.12    0.00   29.24    0.00    0.12   15.49    0.00    0.00    0.00   55.02
12:37:14 AM    0    1.01    0.00   90.91    0.00    0.00    5.05    0.00    0.00    0.00    3.03
12:37:14 AM    1    0.00    0.00   91.92    0.00    0.00    5.05    0.00    0.00    0.00    3.03
12:37:14 AM    2    0.00    0.00   21.15    0.00    0.00   25.96    0.00    0.00    0.00   52.88
12:37:14 AM    3    0.00    0.00   24.04    0.00    0.96   22.12    0.00    0.00    0.00   52.88
12:37:14 AM    4    0.00    0.00    0.00    0.00    0.00    0.00    0.00    0.00    0.00  100.00
12:37:14 AM    5    0.00    0.00    5.94    0.00    0.00   34.65    0.00    0.00    0.00   59.41
12:37:14 AM    6    0.00    0.00    0.00    0.00    0.00    0.00    0.00    0.00    0.00  100.00
12:37:14 AM    7    0.00    0.00    2.00    0.00    0.00   30.00    0.00    0.00    0.00   68.00

12:37:14 AM  CPU    %usr   %nice    %sys %iowait    %irq   %soft  %steal  %guest  %gnice   %idle
12:37:15 AM  all    0.37    0.00   27.58    0.00    0.50   16.15    0.00    0.00    0.00   55.40
12:37:15 AM    0    2.00    0.00   88.00    0.00    1.00    5.00    0.00    0.00    0.00    4.00
12:37:15 AM    1    1.01    0.00   88.89    0.00    1.01    5.05    0.00    0.00    0.00    4.04
12:37:15 AM    2    0.00    0.00   16.50    0.00    0.97   28.16    0.00    0.00    0.00   54.37
12:37:15 AM    3    0.00    0.00   14.71    0.00    0.00   27.45    0.00    0.00    0.00   57.84
12:37:15 AM    4    0.00    0.00    0.00    0.00    0.00    0.00    0.00    0.00    0.00  100.00
12:37:15 AM    5    0.00    0.00    8.91    0.00    0.00   25.74    0.00    0.00    0.00   65.35
12:37:15 AM    6    0.00    0.00    0.00    0.00    0.00    0.00    0.00    0.00    0.00  100.00
12:37:15 AM    7    0.00    0.00    4.95    0.00    0.99   36.63    0.00    0.00    0.00   57.43

12:37:15 AM  CPU    %usr   %nice    %sys %iowait    %irq   %soft  %steal  %guest  %gnice   %idle
12:37:16 AM  all    0.25    0.00   23.20    0.00    0.12   17.74    0.00    0.00    0.00   58.68
12:37:16 AM    0    0.99    0.00   81.19    0.00    0.00    6.93    0.00    0.00    0.00   10.89
12:37:16 AM    1    0.99    0.00   82.18    0.00    0.00    5.94    0.00    0.00    0.00   10.89
12:37:16 AM    2    0.00    0.00   15.53    0.00    0.00   33.01    0.00    0.00    0.00   51.46
12:37:16 AM    3    0.00    0.00    3.88    0.00    0.97   30.10    0.00    0.00    0.00   65.05
12:37:16 AM    4    0.00    0.00    0.00    0.00    0.00    0.00    0.00    0.00    0.00  100.00
12:37:16 AM    5    0.00    0.00    1.02    0.00    0.00   30.61    0.00    0.00    0.00   68.37
12:37:16 AM    6    0.00    0.00    0.00    0.00    0.00    0.00    0.00    0.00    0.00  100.00
12:37:16 AM    7    0.00    0.00    1.00    0.00    0.00   35.00    0.00    0.00    0.00   64.00

12:37:16 AM  CPU    %usr   %nice    %sys %iowait    %irq   %soft  %steal  %guest  %gnice   %idle
12:37:17 AM  all    0.25    0.00   24.57    0.00    0.49   17.90    0.00    0.00    0.00   56.79
12:37:17 AM    0    1.00    0.00   86.00    0.00    1.00    6.00    0.00    0.00    0.00    6.00
12:37:17 AM    1    1.00    0.00   86.00    0.00    0.00    7.00    0.00    0.00    0.00    6.00
12:37:17 AM    2    0.00    0.00    9.62    0.00    0.96   31.73    0.00    0.00    0.00   57.69
12:37:17 AM    3    0.00    0.00    9.71    0.00    0.97   28.16    0.00    0.00    0.00   61.17
12:37:17 AM    4    0.00    0.00    0.00    0.00    0.99    0.00    0.00    0.00    0.00   99.01
12:37:17 AM    5    0.00    0.00    4.95    0.00    0.00   30.69    0.00    0.00    0.00   64.36
12:37:17 AM    6    0.00    0.00    0.00    0.00    0.00    0.00    0.00    0.00    0.00  100.00
12:37:17 AM    7    0.00    0.00    1.98    0.00    0.00   38.61    0.00    0.00    0.00   59.41

12:37:17 AM  CPU    %usr   %nice    %sys %iowait    %irq   %soft  %steal  %guest  %gnice   %idle
12:37:18 AM  all    0.12    0.00   23.82    0.00    0.37   17.58    0.00    0.00    0.00   58.10
12:37:18 AM    0    0.00    0.00   83.00    0.00    0.00    7.00    0.00    0.00    0.00   10.00
12:37:18 AM    1    1.00    0.00   84.00    0.00    1.00    6.00    0.00    0.00    0.00    8.00
12:37:18 AM    2    0.00    0.00    6.86    0.00    0.98   30.39    0.00    0.00    0.00   61.76
12:37:18 AM    3    0.00    0.00   10.89    0.00    0.00   29.70    0.00    0.00    0.00   59.41
12:37:18 AM    4    0.00    0.00    0.00    0.00    0.00    0.00    0.00    0.00    0.00  100.00
12:37:18 AM    5    0.00    0.00    3.00    0.00    1.00   29.00    0.00    0.00    0.00   67.00
12:37:18 AM    6    0.00    0.00    0.00    0.00    0.00    0.00    0.00    0.00    0.00  100.00
12:37:18 AM    7    0.00    0.00    3.03    0.00    0.00   38.38    0.00    0.00    0.00   58.59

12:37:18 AM  CPU    %usr   %nice    %sys %iowait    %irq   %soft  %steal  %guest  %gnice   %idle
12:37:19 AM  all    0.25    0.00   26.82    0.00    0.37   15.70    0.00    0.00    0.00   56.86
12:37:19 AM    0    2.00    0.00   85.00    0.00    0.00    5.00    0.00    0.00    0.00    8.00
12:37:19 AM    1    0.00    0.00   87.88    0.00    0.00    5.05    0.00    0.00    0.00    7.07
12:37:19 AM    2    0.00    0.00   19.05    0.00    0.95   28.57    0.00    0.00    0.00   51.43
12:37:19 AM    3    0.00    0.00   18.45    0.00    0.97   25.24    0.00    0.00    0.00   55.34
12:37:19 AM    4    0.00    0.00    0.00    0.00    0.00    0.00    0.00    0.00    0.00  100.00
12:37:19 AM    5    0.00    0.00    2.00    0.00    0.00   25.00    0.00    0.00    0.00   73.00
12:37:19 AM    6    0.00    0.00    0.00    0.00    0.00    0.00    0.00    0.00    0.00  100.00
12:37:19 AM    7    0.00    0.00    3.92    0.00    0.98   35.29    0.00    0.00    0.00   59.80

12:37:19 AM  CPU    %usr   %nice    %sys %iowait    %irq   %soft  %steal  %guest  %gnice   %idle
12:37:20 AM  all    0.25    0.00   26.46    0.00    0.37   17.27    0.00    0.00    0.00   55.65
12:37:20 AM    0    1.00    0.00   88.00    0.00    1.00    6.00    0.00    0.00    0.00    4.00
12:37:20 AM    1    1.00    0.00   89.00    0.00    1.00    6.00    0.00    0.00    0.00    3.00
12:37:20 AM    2    0.00    0.00   14.85    0.00    0.00   27.72    0.00    0.00    0.00   57.43
12:37:20 AM    3    0.00    0.00   15.53    0.00    0.97   26.21    0.00    0.00    0.00   57.28
12:37:20 AM    4    0.00    0.00    0.00    0.00    0.00    0.00    0.00    0.00    0.00  100.00
12:37:20 AM    5    0.00    0.00    2.97    0.00    0.00   32.67    0.00    0.00    0.00   64.36
12:37:20 AM    6    0.00    0.00    0.00    0.00    0.00    0.00    0.00    0.00    0.00  100.00
12:37:20 AM    7    0.00    0.00    2.02    0.00    0.00   39.39    0.00    0.00    0.00   58.59

12:37:20 AM  CPU    %usr   %nice    %sys %iowait    %irq   %soft  %steal  %guest  %gnice   %idle
12:37:21 AM  all    0.37    0.00   26.36    0.12    0.12   17.45    0.00    0.00    0.00   55.57
12:37:21 AM    0    2.00    0.00   88.00    1.00    0.00    7.00    0.00    0.00    0.00    2.00
12:37:21 AM    1    0.99    0.00   89.11    0.00    0.00    6.93    0.00    0.00    0.00    2.97
12:37:21 AM    2    0.00    0.00   10.58    0.00    0.96   30.77    0.00    0.00    0.00   57.69
12:37:21 AM    3    0.00    0.00   17.31    0.00    0.00   27.88    0.00    0.00    0.00   54.81
12:37:21 AM    4    0.00    0.00    0.00    0.00    0.00    0.00    0.00    0.00    0.00  100.00
12:37:21 AM    5    0.00    0.00    4.04    0.00    0.00   31.31    0.00    0.00    0.00   64.65
12:37:21 AM    6    0.00    0.00    0.00    0.00    0.00    0.00    0.00    0.00    0.00  100.00
12:37:21 AM    7    0.00    0.00    1.98    0.00    0.00   34.65    0.00    0.00    0.00   63.37

12:37:21 AM  CPU    %usr   %nice    %sys %iowait    %irq   %soft  %steal  %guest  %gnice   %idle
12:37:22 AM  all    0.25    0.00   29.10    0.00    0.37   15.17    0.00    0.00    0.00   55.10
12:37:22 AM    0    1.00    0.00   88.00    0.00    1.00    5.00    0.00    0.00    0.00    5.00
12:37:22 AM    1    1.01    0.00   88.89    0.00    1.01    4.04    0.00    0.00    0.00    5.05
12:37:22 AM    2    0.00    0.00   29.41    0.00    0.00   23.53    0.00    0.00    0.00   47.06
12:37:22 AM    3    0.00    0.00   21.36    0.00    0.97   26.21    0.00    0.00    0.00   51.46
12:37:22 AM    4    0.00    0.00    0.00    0.00    0.00    0.00    0.00    0.00    0.00  100.00
12:37:22 AM    5    0.00    0.00    3.96    0.00    0.00   29.70    0.00    0.00    0.00   66.34
12:37:22 AM    6    0.00    0.00    0.00    0.00    0.00    0.00    0.00    0.00    0.00  100.00
12:37:22 AM    7    0.00    0.00    2.02    0.00    0.00   32.32    0.00    0.00    0.00   65.66

12:37:22 AM  CPU    %usr   %nice    %sys %iowait    %irq   %soft  %steal  %guest  %gnice   %idle
12:37:23 AM  all    0.50    0.00   26.77    0.00    0.12   17.97    0.00    0.00    0.00   54.65
12:37:23 AM    0    2.02    0.00   90.91    0.00    0.00    6.06    0.00    0.00    0.00    1.01
12:37:23 AM    1    1.98    0.00   89.11    0.00    0.00    6.93    0.00    0.00    0.00    1.98
12:37:23 AM    2    0.00    0.00   15.38    0.00    0.96   28.85    0.00    0.00    0.00   54.81
12:37:23 AM    3    0.00    0.00   12.75    0.00    0.00   30.39    0.00    0.00    0.00   56.86
12:37:23 AM    4    0.00    0.00    0.00    0.00    0.00    0.99    0.00    0.00    0.00   99.01
12:37:23 AM    5    0.00    0.00    5.00    0.00    0.00   36.00    0.00    0.00    0.00   59.00
12:37:23 AM    6    0.00    0.00    0.00    0.00    0.00    0.00    0.00    0.00    0.00  100.00
12:37:23 AM    7    0.00    0.00    2.00    0.00    0.00   34.00    0.00    0.00    0.00   64.00

12:37:23 AM  CPU    %usr   %nice    %sys %iowait    %irq   %soft  %steal  %guest  %gnice   %idle
12:37:24 AM  all    0.25    0.00   26.91    0.00    0.74   16.79    0.00    0.00    0.00   55.31
12:37:24 AM    0    0.99    0.00   88.12    0.00    0.99    5.94    0.00    0.00    0.00    3.96
12:37:24 AM    1    1.00    0.00   89.00    0.00    1.00    6.00    0.00    0.00    0.00    3.00
12:37:24 AM    2    0.00    0.00   15.69    0.00    0.98   29.41    0.00    0.00    0.00   53.92
12:37:24 AM    3    0.00    0.00   18.27    0.00    0.96   25.96    0.00    0.00    0.00   54.81
12:37:24 AM    4    0.00    0.00    0.00    0.00    0.00    0.00    0.00    0.00    0.00  100.00
12:37:24 AM    5    0.00    0.00    2.97    0.00    0.99   30.69    0.00    0.00    0.00   65.35
12:37:24 AM    6    0.00    0.00    0.00    0.00    0.00    0.00    0.00    0.00    0.00  100.00
12:37:24 AM    7    0.00    0.00    1.96    0.00    0.98   35.29    0.00    0.00    0.00   61.76

12:37:24 AM  CPU    %usr   %nice    %sys %iowait    %irq   %soft  %steal  %guest  %gnice   %idle
12:37:25 AM  all    0.25    0.00   27.93    0.00    0.12   16.33    0.00    0.00    0.00   55.36
12:37:25 AM    0    1.02    0.00   89.80    0.00    0.00    5.10    0.00    0.00    0.00    4.08
12:37:25 AM    1    1.02    0.00   89.80    0.00    0.00    5.10    0.00    0.00    0.00    4.08
12:37:25 AM    2    0.00    0.00   17.31    0.00    0.00   27.88    0.00    0.00    0.00   54.81
12:37:25 AM    3    0.00    0.00   22.55    0.00    0.98   24.51    0.00    0.00    0.00   51.96
12:37:25 AM    4    0.00    0.00    0.00    0.00    0.00    0.00    0.00    0.00    0.00  100.00
12:37:25 AM    5    0.00    0.00    5.00    0.00    0.00   33.00    0.00    0.00    0.00   62.00
12:37:25 AM    6    0.00    0.00    0.00    0.00    0.00    0.00    0.00    0.00    0.00  100.00
12:37:25 AM    7    0.00    0.00    2.00    0.00    0.00   34.00    0.00    0.00    0.00   64.00

12:37:25 AM  CPU    %usr   %nice    %sys %iowait    %irq   %soft  %steal  %guest  %gnice   %idle
12:37:26 AM  all    0.37    0.00   27.43    0.00    0.49   16.85    0.00    0.00    0.00   54.86
12:37:26 AM    0    1.98    0.00   88.12    0.00    0.99    5.94    0.00    0.00    0.00    2.97
12:37:26 AM    1    0.98    0.00   89.22    0.00    0.98    5.88    0.00    0.00    0.00    2.94
12:37:26 AM    2    0.00    0.00   17.48    0.00    0.97   27.18    0.00    0.00    0.00   54.37
12:37:26 AM    3    0.00    0.00   14.29    0.00    0.00   27.62    0.00    0.00    0.00   58.10
12:37:26 AM    4    0.00    0.00    0.00    0.00    0.99    0.00    0.00    0.00    0.00   99.01
12:37:26 AM    5    0.00    0.00    6.93    0.00    0.00   30.69    0.00    0.00    0.00   62.38
12:37:26 AM    6    0.00    0.00    0.00    0.00    0.00    0.00    0.00    0.00    0.00  100.00
12:37:26 AM    7    0.00    0.00    3.00    0.00    0.00   37.00    0.00    0.00    0.00   60.00

12:37:26 AM  CPU    %usr   %nice    %sys %iowait    %irq   %soft  %steal  %guest  %gnice   %idle
12:37:27 AM  all    0.37    0.00   28.34    0.00    0.12   15.73    0.00    0.00    0.00   55.43
12:37:27 AM    0    2.02    0.00   87.88    0.00    0.00    6.06    0.00    0.00    0.00    4.04
12:37:27 AM    1    1.00    0.00   89.00    0.00    0.00    6.00    0.00    0.00    0.00    4.00
12:37:27 AM    2    0.00    0.00   16.67    0.00    0.00   27.45    0.00    0.00    0.00   55.88
12:37:27 AM    3    0.00    0.00   26.73    0.00    0.99   21.78    0.00    0.00    0.00   50.50
12:37:27 AM    4    0.00    0.00    0.00    0.00    0.00    0.00    0.00    0.00    0.00  100.00
12:37:27 AM    5    0.00    0.00    5.05    0.00    0.00   29.29    0.00    0.00    0.00   65.66
12:37:27 AM    6    0.00    0.00    0.00    0.00    0.00    0.00    0.00    0.00    0.00  100.00
12:37:27 AM    7    0.00    0.00    2.00    0.00    0.00   35.00    0.00    0.00    0.00   63.00

12:37:27 AM  CPU    %usr   %nice    %sys %iowait    %irq   %soft  %steal  %guest  %gnice   %idle
12:37:28 AM  all    0.25    0.00   27.40    0.00    0.37   14.82    0.00    0.00    0.00   57.16
12:37:28 AM    0    0.99    0.00   84.16    0.00    0.99    4.95    0.00    0.00    0.00    8.91
12:37:28 AM    1    1.00    0.00   85.00    0.00    1.00    5.00    0.00    0.00    0.00    8.00
12:37:28 AM    2    0.00    0.00    7.92    0.00    0.99   22.77    0.00    0.00    0.00   68.32
12:37:28 AM    3    0.00    0.00   31.37    0.00    0.00   24.51    0.00    0.00    0.00   44.12
12:37:28 AM    4    0.00    0.00    0.00    0.00    0.00    0.00    0.00    0.00    0.00  100.00
12:37:28 AM    5    0.00    0.00    6.00    0.00    0.00   29.00    0.00    0.00    0.00   65.00
12:37:28 AM    6    0.00    0.00    0.00    0.00    0.00    0.00    0.00    0.00    0.00  100.00
12:37:28 AM    7    0.00    0.00    4.00    0.00    0.00   32.00    0.00    0.00    0.00   64.00

12:37:28 AM  CPU    %usr   %nice    %sys %iowait    %irq   %soft  %steal  %guest  %gnice   %idle
12:37:29 AM  all    0.12    0.00   27.92    0.00    0.37   15.38    0.00    0.00    0.00   56.20
12:37:29 AM    0    0.00    0.00   90.00    0.00    0.00    5.00    0.00    0.00    0.00    5.00
12:37:29 AM    1    1.01    0.00   84.85    0.00    0.00    5.05    0.00    0.00    0.00    9.09
12:37:29 AM    2    0.00    0.00    3.88    0.00    0.97   25.24    0.00    0.00    0.00   69.90
12:37:29 AM    3    0.00    0.00   37.86    0.00    0.97   25.24    0.00    0.00    0.00   35.92
12:37:29 AM    4    0.00    0.00    0.00    0.00    0.00    0.00    0.00    0.00    0.00  100.00
12:37:29 AM    5    0.00    0.00    5.00    0.00    0.00   29.00    0.00    0.00    0.00   66.00
12:37:29 AM    6    0.00    0.00    0.00    0.00    0.00    0.00    0.00    0.00    0.00  100.00
12:37:29 AM    7    0.00    0.00    2.97    0.00    0.99   32.67    0.00    0.00    0.00   63.37

12:37:29 AM  CPU    %usr   %nice    %sys %iowait    %irq   %soft  %steal  %guest  %gnice   %idle
12:37:30 AM  all    0.25    0.00   32.55    0.00    0.50   14.04    0.00    0.00    0.00   52.67
12:37:30 AM    0    0.99    0.00   92.08    0.00    0.99    3.96    0.00    0.00    0.00    1.98
12:37:30 AM    1    0.99    0.00   90.10    0.00    0.99    3.96    0.00    0.00    0.00    3.96
12:37:30 AM    2    0.00    0.00   22.77    0.00    0.99   22.77    0.00    0.00    0.00   53.47
12:37:30 AM    3    0.00    0.00   34.65    0.00    0.00   20.79    0.00    0.00    0.00   44.55
12:37:30 AM    4    0.00    0.00    0.00    0.00    0.00    0.00    0.00    0.00    0.00  100.00
12:37:30 AM    5    0.00    0.00   13.73    0.00    0.98   24.51    0.00    0.00    0.00   60.78
12:37:30 AM    6    0.00    0.00    0.00    0.00    0.00    0.00    0.00    0.00    0.00  100.00
12:37:30 AM    7    0.00    0.00    6.06    0.00    0.00   36.36    0.00    0.00    0.00   57.58

12:37:30 AM  CPU    %usr   %nice    %sys %iowait    %irq   %soft  %steal  %guest  %gnice   %idle
12:37:31 AM  all    0.25    0.00   27.30    0.00    0.12   16.13    0.00    0.00    0.00   56.20
12:37:31 AM    0    1.00    0.00   89.00    0.00    0.00    5.00    0.00    0.00    0.00    5.00
12:37:31 AM    1    1.00    0.00   88.00    0.00    0.00    5.00    0.00    0.00    0.00    6.00
12:37:31 AM    2    0.00    0.00   12.87    0.00    0.00   25.74    0.00    0.00    0.00   61.39
12:37:31 AM    3    0.00    0.00   16.35    0.00    0.96   25.96    0.00    0.00    0.00   56.73
12:37:31 AM    4    0.00    0.00    0.00    0.00    0.00    0.00    0.00    0.00    0.00  100.00
12:37:31 AM    5    0.00    0.00    8.08    0.00    0.00   33.33    0.00    0.00    0.00   58.59
12:37:31 AM    6    0.00    0.00    0.00    0.00    0.00    0.00    0.00    0.00    0.00  100.00
12:37:31 AM    7    0.00    0.00    4.95    0.00    0.00   33.66    0.00    0.00    0.00   61.39

12:37:31 AM  CPU    %usr   %nice    %sys %iowait    %irq   %soft  %steal  %guest  %gnice   %idle
12:37:32 AM  all    0.37    0.00   28.59    0.00    0.25   15.59    0.00    0.00    0.00   55.20
12:37:32 AM    0    1.00    0.00   89.00    0.00    1.00    5.00    0.00    0.00    0.00    4.00
12:37:32 AM    1    2.02    0.00   88.89    0.00    0.00    6.06    0.00    0.00    0.00    3.03
12:37:32 AM    2    0.00    0.00   15.24    0.00    0.95   26.67    0.00    0.00    0.00   57.14
12:37:32 AM    3    0.00    0.00   27.88    0.00    0.00   25.00    0.00    0.00    0.00   47.12
12:37:32 AM    4    0.00    0.00    0.00    0.00    0.00    0.00    0.00    0.00    0.00  100.00
12:37:32 AM    5    0.00    0.00    5.94    0.00    0.00   29.70    0.00    0.00    0.00   64.36
12:37:32 AM    6    0.00    0.00    0.00    0.00    0.00    0.00    0.00    0.00    0.00  100.00
12:37:32 AM    7    0.00    0.00    3.03    0.00    0.00   31.31    0.00    0.00    0.00   65.66

12:37:32 AM  CPU    %usr   %nice    %sys %iowait    %irq   %soft  %steal  %guest  %gnice   %idle
12:37:33 AM  all    0.25    0.00   30.30    0.00    0.37   14.21    0.00    0.00    0.00   54.86
12:37:33 AM    0    1.00    0.00   88.00    0.00    0.00    4.00    0.00    0.00    0.00    7.00
12:37:33 AM    1    0.99    0.00   88.12    0.00    0.99    3.96    0.00    0.00    0.00    5.94
12:37:33 AM    2    0.00    0.00   20.79    0.00    0.99   22.77    0.00    0.00    0.00   55.45
12:37:33 AM    3    0.00    0.00   23.76    0.00    0.99   19.80    0.00    0.00    0.00   55.45
12:37:33 AM    4    0.00    0.00    0.00    0.00    0.00    0.00    0.00    0.00    0.00  100.00
12:37:33 AM    5    0.00    0.00   11.11    0.00    0.00   25.25    0.00    0.00    0.00   63.64
12:37:33 AM    6    0.00    0.00    0.00    0.00    0.00    0.00    0.00    0.00    0.00  100.00
12:37:33 AM    7    0.00    0.00   10.00    0.00    0.00   38.00    0.00    0.00    0.00   52.00

12:37:33 AM  CPU    %usr   %nice    %sys %iowait    %irq   %soft  %steal  %guest  %gnice   %idle
12:37:34 AM  all    0.25    0.00   28.27    0.00    0.25   16.19    0.00    0.00    0.00   55.04
12:37:34 AM    0    1.00    0.00   89.00    0.00    1.00    5.00    0.00    0.00    0.00    4.00
12:37:34 AM    1    1.02    0.00   89.80    0.00    0.00    5.10    0.00    0.00    0.00    4.08
12:37:34 AM    2    0.00    0.00   18.81    0.00    0.00   25.74    0.00    0.00    0.00   55.45
12:37:34 AM    3    0.00    0.00   18.63    0.00    0.00   24.51    0.00    0.00    0.00   56.86
12:37:34 AM    4    0.00    0.00    0.00    0.00    0.00    0.00    0.00    0.00    0.00  100.00
12:37:34 AM    5    0.00    0.00    7.92    0.00    0.00   35.64    0.00    0.00    0.00   56.44
12:37:34 AM    6    0.00    0.00    0.00    0.00    0.00    0.00    0.00    0.00    0.00  100.00
12:37:34 AM    7    0.00    0.00    3.92    0.00    0.98   32.35    0.00    0.00    0.00   62.75

12:37:34 AM  CPU    %usr   %nice    %sys %iowait    %irq   %soft  %steal  %guest  %gnice   %idle
12:37:35 AM  all    0.50    0.00   31.22    0.00    0.50   14.05    0.00    0.00    0.00   53.73
12:37:35 AM    0    2.04    0.00   89.80    0.00    0.00    4.08    0.00    0.00    0.00    4.08
12:37:35 AM    1    1.98    0.00   89.11    0.00    0.99    3.96    0.00    0.00    0.00    3.96
12:37:35 AM    2    0.00    0.00   24.51    0.00    0.98   20.59    0.00    0.00    0.00   53.92
12:37:35 AM    3    0.00    0.00   22.77    0.00    0.99   20.79    0.00    0.00    0.00   55.45
12:37:35 AM    4    0.00    0.00    0.00    0.00    0.98    0.98    0.00    0.00    0.00   98.04
12:37:35 AM    5    0.00    0.00   16.00    0.00    0.00   30.00    0.00    0.00    0.00   54.00
12:37:35 AM    6    0.00    0.00    0.00    0.00    0.00    0.00    0.00    0.00    0.00  100.00
12:37:35 AM    7    0.00    0.00    9.00    0.00    0.00   32.00    0.00    0.00    0.00   59.00

12:37:35 AM  CPU    %usr   %nice    %sys %iowait    %irq   %soft  %steal  %guest  %gnice   %idle
12:37:36 AM  all    0.25    0.00   29.64    0.00    0.25   14.82    0.00    0.00    0.00   55.04
12:37:36 AM    0    1.00    0.00   89.00    0.00    1.00    5.00    0.00    0.00    0.00    4.00
12:37:36 AM    1    1.01    0.00   87.88    0.00    0.00    4.04    0.00    0.00    0.00    7.07
12:37:36 AM    2    0.00    0.00   23.53    0.00    0.00   23.53    0.00    0.00    0.00   52.94
12:37:36 AM    3    0.00    0.00   21.78    0.00    0.00   21.78    0.00    0.00    0.00   56.44
12:37:36 AM    4    0.00    0.00    0.00    0.00    0.00    0.00    0.00    0.00    0.00  100.00
12:37:36 AM    5    0.00    0.00    9.90    0.00    0.99   28.71    0.00    0.00    0.00   60.40
12:37:36 AM    6    0.00    0.00    0.00    0.00    0.00    0.00    0.00    0.00    0.00  100.00
12:37:36 AM    7    0.00    0.00    6.00    0.00    0.00   35.00    0.00    0.00    0.00   59.00

12:37:36 AM  CPU    %usr   %nice    %sys %iowait    %irq   %soft  %steal  %guest  %gnice   %idle
12:37:37 AM  all    0.37    0.00   29.16    0.00    0.37   15.76    0.00    0.00    0.00   54.34
12:37:37 AM    0    2.00    0.00   90.00    0.00    0.00    5.00    0.00    0.00    0.00    3.00
12:37:37 AM    1    1.00    0.00   90.00    0.00    1.00    5.00    0.00    0.00    0.00    3.00
12:37:37 AM    2    0.00    0.00   22.55    0.00    0.98   25.49    0.00    0.00    0.00   50.98
12:37:37 AM    3    0.00    0.00   23.53    0.00    0.98   25.49    0.00    0.00    0.00   50.00
12:37:37 AM    4    0.00    0.00    0.00    0.00    0.00    0.00    0.00    0.00    0.00  100.00
12:37:37 AM    5    0.00    0.00    5.94    0.00    0.00   32.67    0.00    0.00    0.00   61.39
12:37:37 AM    6    0.00    0.00    0.00    0.00    0.00    0.00    0.00    0.00    0.00  100.00
12:37:37 AM    7    0.00    0.00    1.98    0.00    0.00   31.68    0.00    0.00    0.00   66.34

12:37:37 AM  CPU    %usr   %nice    %sys %iowait    %irq   %soft  %steal  %guest  %gnice   %idle
12:37:38 AM  all    0.25    0.00   24.38    0.00    0.37   17.04    0.00    0.00    0.00   57.96
12:37:38 AM    0    0.99    0.00   82.18    0.00    0.99    5.94    0.00    0.00    0.00    9.90
12:37:38 AM    1    1.00    0.00   82.00    0.00    0.00    6.00    0.00    0.00    0.00   11.00
12:37:38 AM    2    0.00    0.00   11.88    0.00    0.99   29.70    0.00    0.00    0.00   57.43
12:37:38 AM    3    0.00    0.00    9.62    0.00    0.96   30.77    0.00    0.00    0.00   58.65
12:37:38 AM    4    0.00    0.00    0.00    0.00    0.00    0.00    0.00    0.00    0.00  100.00
12:37:38 AM    5    0.00    0.00    6.06    0.00    0.00   31.31    0.00    0.00    0.00   62.63
12:37:38 AM    6    0.00    0.00    0.00    0.00    0.00    0.00    0.00    0.00    0.00  100.00
12:37:38 AM    7    0.00    0.00    3.03    0.00    0.00   32.32    0.00    0.00    0.00   64.65

12:37:38 AM  CPU    %usr   %nice    %sys %iowait    %irq   %soft  %steal  %guest  %gnice   %idle
12:37:39 AM  all    0.25    0.00   30.97    0.00    0.25   14.30    0.00    0.00    0.00   54.23
12:37:39 AM    0    1.00    0.00   91.00    0.00    0.00    3.00    0.00    0.00    0.00    5.00
12:37:39 AM    1    0.99    0.00   88.12    0.00    0.99    3.96    0.00    0.00    0.00    5.94
12:37:39 AM    2    0.00    0.00   18.63    0.00    0.00   24.51    0.00    0.00    0.00   56.86
12:37:39 AM    3    0.00    0.00   27.00    0.00    0.00   21.00    0.00    0.00    0.00   52.00
12:37:39 AM    4    0.00    0.00    0.00    0.00    0.00    0.00    0.00    0.00    0.00  100.00
12:37:39 AM    5    0.00    0.00   14.00    0.00    0.00   27.00    0.00    0.00    0.00   59.00
12:37:39 AM    6    0.00    0.00    0.00    0.00    0.00    0.00    0.00    0.00    0.00  100.00
12:37:39 AM    7    0.00    0.00    8.91    0.00    0.99   34.65    0.00    0.00    0.00   55.45

12:37:39 AM  CPU    %usr   %nice    %sys %iowait    %irq   %soft  %steal  %guest  %gnice   %idle
12:37:40 AM  all    0.37    0.00   27.67    0.00    0.37   15.63    0.00    0.00    0.00   55.96
12:37:40 AM    0    1.00    0.00   86.00    0.00    1.00    6.00    0.00    0.00    0.00    6.00
12:37:40 AM    1    2.00    0.00   86.00    0.00    0.00    5.00    0.00    0.00    0.00    7.00
12:37:40 AM    2    0.00    0.00   15.69    0.00    0.98   25.49    0.00    0.00    0.00   57.84
12:37:40 AM    3    0.00    0.00   18.45    0.00    0.97   24.27    0.00    0.00    0.00   56.31
12:37:40 AM    4    0.00    0.00    0.00    0.00    0.00    0.00    0.00    0.00    0.00  100.00
12:37:40 AM    5    0.00    0.00   10.89    0.00    0.00   31.68    0.00    0.00    0.00   57.43
12:37:40 AM    6    0.00    0.00    0.00    0.00    0.00    0.00    0.00    0.00    0.00  100.00
12:37:40 AM    7    0.00    0.00    4.95    0.00    0.00   31.68    0.00    0.00    0.00   63.37

12:37:40 AM  CPU    %usr   %nice    %sys %iowait    %irq   %soft  %steal  %guest  %gnice   %idle
12:37:41 AM  all    0.25    0.00   25.80    0.00    0.37   17.53    0.00    0.00    0.00   56.05
12:37:41 AM    0    0.99    0.00   86.14    0.00    0.00    5.94    0.00    0.00    0.00    6.93
12:37:41 AM    1    0.99    0.00   87.13    0.00    0.99    4.95    0.00    0.00    0.00    5.94
12:37:41 AM    2    0.00    0.00   10.58    0.00    0.96   29.81    0.00    0.00    0.00   58.65
12:37:41 AM    3    0.00    0.00   14.42    0.00    0.96   29.81    0.00    0.00    0.00   54.81
12:37:41 AM    4    0.00    0.00    0.00    0.00    0.00    0.00    0.00    0.00    0.00  100.00
12:37:41 AM    5    0.00    0.00    6.00    0.00    0.00   35.00    0.00    0.00    0.00   59.00
12:37:41 AM    6    0.00    0.00    0.00    0.00    0.00    0.00    0.00    0.00    0.00  100.00
12:37:41 AM    7    0.00    0.00    2.00    0.00    0.00   34.00    0.00    0.00    0.00   64.00

12:37:41 AM  CPU    %usr   %nice    %sys %iowait    %irq   %soft  %steal  %guest  %gnice   %idle
12:37:42 AM  all    0.25    0.00   27.65    0.00    0.37   16.56    0.00    0.00    0.00   55.17
12:37:42 AM    0    1.00    0.00   89.00    0.00    1.00    6.00    0.00    0.00    0.00    3.00
12:37:42 AM    1    1.00    0.00   89.00    0.00    0.00    6.00    0.00    0.00    0.00    4.00
12:37:42 AM    2    0.00    0.00   16.67    0.00    0.98   25.49    0.00    0.00    0.00   56.86
12:37:42 AM    3    0.00    0.00   18.81    0.00    0.00   26.73    0.00    0.00    0.00   54.46
12:37:42 AM    4    0.00    0.00    0.00    0.00    0.00    0.00    0.00    0.00    0.00  100.00
12:37:42 AM    5    0.00    0.00    5.00    0.00    1.00   31.00    0.00    0.00    0.00   63.00
12:37:42 AM    6    0.00    0.00    0.00    0.00    0.00    0.00    0.00    0.00    0.00  100.00
12:37:42 AM    7    0.00    0.00    3.00    0.00    0.00   37.00    0.00    0.00    0.00   60.00

12:37:42 AM  CPU    %usr   %nice    %sys %iowait    %irq   %soft  %steal  %guest  %gnice   %idle
12:37:43 AM  all    0.37    0.00   29.53    0.00    0.37   15.63    0.00    0.00    0.00   54.09
12:37:43 AM    0    1.01    0.00   90.91    0.00    0.00    5.05    0.00    0.00    0.00    3.03
12:37:43 AM    1    1.96    0.00   89.22    0.00    0.98    4.90    0.00    0.00    0.00    2.94
12:37:43 AM    2    0.00    0.00   26.47    0.00    0.00   25.49    0.00    0.00    0.00   48.04
12:37:43 AM    3    0.00    0.00   21.36    0.00    0.97   26.21    0.00    0.00    0.00   51.46
12:37:43 AM    4    0.00    0.00    0.00    0.00    0.99    0.00    0.00    0.00    0.00   99.01
12:37:43 AM    5    0.00    0.00    5.00    0.00    0.00   30.00    0.00    0.00    0.00   65.00
12:37:43 AM    6    0.00    0.00    0.00    0.00    0.00    0.00    0.00    0.00    0.00  100.00
12:37:43 AM    7    0.00    0.00    3.03    0.00    0.00   33.33    0.00    0.00    0.00   63.64

12:37:43 AM  CPU    %usr   %nice    %sys %iowait    %irq   %soft  %steal  %guest  %gnice   %idle
12:37:44 AM  all    0.37    0.00   26.55    0.00    0.37   16.50    0.00    0.00    0.00   56.20
12:37:44 AM    0    1.98    0.00   85.15    0.00    0.99    4.95    0.00    0.00    0.00    6.93
12:37:44 AM    1    1.02    0.00   87.76    0.00    0.00    5.10    0.00    0.00    0.00    6.12
12:37:44 AM    2    0.00    0.00   14.56    0.00    0.97   29.13    0.00    0.00    0.00   55.34
12:37:44 AM    3    0.00    0.00   17.82    0.00    0.00   24.75    0.00    0.00    0.00   57.43
12:37:44 AM    4    0.00    0.00    0.00    0.00    0.00    0.00    0.00    0.00    0.00  100.00
12:37:44 AM    5    0.00    0.00    5.00    0.00    0.00   31.00    0.00    0.00    0.00   64.00
12:37:44 AM    6    0.00    0.00    0.00    0.00    0.00    0.00    0.00    0.00    0.00  100.00
12:37:44 AM    7    0.00    0.00    3.88    0.00    0.97   35.92    0.00    0.00    0.00   59.22

12:37:44 AM  CPU    %usr   %nice    %sys %iowait    %irq   %soft  %steal  %guest  %gnice   %idle
12:37:45 AM  all    0.00    0.00   31.06    0.00    0.25   14.41    0.00    0.00    0.00   54.29
12:37:45 AM    0    0.00    0.00   89.90    0.00    0.00    4.04    0.00    0.00    0.00    6.06
12:37:45 AM    1    0.00    0.00   90.10    0.00    0.99    3.96    0.00    0.00    0.00    4.95
12:37:45 AM    2    0.00    0.00   31.37    0.00    0.00   23.53    0.00    0.00    0.00   45.10
12:37:45 AM    3    0.00    0.00   20.39    0.00    0.97   23.30    0.00    0.00    0.00   55.34
12:37:45 AM    4    0.00    0.00    0.00    0.00    0.00    0.00    0.00    0.00    0.00  100.00
12:37:45 AM    5    0.00    0.00   12.00    0.00    0.00   26.00    0.00    0.00    0.00   62.00
12:37:45 AM    6    0.00    0.00    0.00    0.00    0.00    0.00    0.00    0.00    0.00  100.00
12:37:45 AM    7    0.00    0.00    5.05    0.00    0.00   34.34    0.00    0.00    0.00   60.61

12:37:45 AM  CPU    %usr   %nice    %sys %iowait    %irq   %soft  %steal  %guest  %gnice   %idle
12:37:46 AM  all    0.37    0.00   27.93    0.00    0.37   16.08    0.00    0.00    0.00   55.24
12:37:46 AM    0    0.99    0.00   88.12    0.00    0.99    4.95    0.00    0.00    0.00    4.95
12:37:46 AM    1    2.00    0.00   86.00    0.00    0.00    5.00    0.00    0.00    0.00    7.00
12:37:46 AM    2    0.00    0.00   16.00    0.00    1.00   27.00    0.00    0.00    0.00   56.00
12:37:46 AM    3    0.00    0.00   14.85    0.00    0.99   26.73    0.00    0.00    0.00   57.43
12:37:46 AM    4    0.00    0.00    0.00    0.00    0.00    0.00    0.00    0.00    0.00  100.00
12:37:46 AM    5    0.00    0.00   11.88    0.00    0.00   29.70    0.00    0.00    0.00   58.42
12:37:46 AM    6    0.00    0.00    0.00    0.00    0.00    0.00    0.00    0.00    0.00  100.00
12:37:46 AM    7    0.00    0.00    6.00    0.00    0.00   35.00    0.00    0.00    0.00   59.00

12:37:46 AM  CPU    %usr   %nice    %sys %iowait    %irq   %soft  %steal  %guest  %gnice   %idle
12:37:47 AM  all    0.25    0.00   27.01    0.00    0.12   16.23    0.00    0.00    0.00   56.38
12:37:47 AM    0    1.00    0.00   87.00    0.00    0.00    5.00    0.00    0.00    0.00    7.00
12:37:47 AM    1    1.01    0.00   86.87    0.00    0.00    5.05    0.00    0.00    0.00    7.07
12:37:47 AM    2    0.00    0.00   19.23    0.00    0.96   28.85    0.00    0.00    0.00   50.96
12:37:47 AM    3    0.00    0.00   18.45    0.00    0.00   29.13    0.00    0.00    0.00   52.43
12:37:47 AM    4    0.00    0.00    0.00    0.00    0.00    0.99    0.00    0.00    0.00   99.01
12:37:47 AM    5    0.00    0.00    5.00    0.00    0.00   29.00    0.00    0.00    0.00   66.00
12:37:47 AM    6    0.00    0.00    0.00    0.00    0.00    0.00    0.00    0.00    0.00  100.00
12:37:47 AM    7    0.00    0.00    1.00    0.00    0.00   31.00    0.00    0.00    0.00   68.00

12:37:47 AM  CPU    %usr   %nice    %sys %iowait    %irq   %soft  %steal  %guest  %gnice   %idle
12:37:48 AM  all    0.25    0.00   27.88    0.00    0.50   16.48    0.00    0.00    0.00   54.89
12:37:48 AM    0    1.01    0.00   88.89    0.00    1.01    6.06    0.00    0.00    0.00    3.03
12:37:48 AM    1    0.98    0.00   88.24    0.00    0.98    4.90    0.00    0.00    0.00    4.90
12:37:48 AM    2    0.00    0.00   19.80    0.00    0.00   25.74    0.00    0.00    0.00   54.46
12:37:48 AM    3    0.00    0.00   16.35    0.00    0.96   26.92    0.00    0.00    0.00   55.77
12:37:48 AM    4    0.00    0.00    0.00    0.00    0.00    0.00    0.00    0.00    0.00  100.00
12:37:48 AM    5    0.00    0.00    7.92    0.00    0.99   36.63    0.00    0.00    0.00   54.46
12:37:48 AM    6    0.00    0.00    0.00    0.00    0.00    0.00    0.00    0.00    0.00  100.00
12:37:48 AM    7    0.00    0.00    2.00    0.00    0.00   31.00    0.00    0.00    0.00   67.00

12:37:48 AM  CPU    %usr   %nice    %sys %iowait    %irq   %soft  %steal  %guest  %gnice   %idle
12:37:49 AM  all    0.25    0.00   26.05    0.00    0.25   16.63    0.00    0.00    0.00   56.82
12:37:49 AM    0    1.01    0.00   86.87    0.00    0.00    6.06    0.00    0.00    0.00    6.06
12:37:49 AM    1    1.00    0.00   86.00    0.00    0.00    6.00    0.00    0.00    0.00    7.00
12:37:49 AM    2    0.00    0.00   19.23    0.00    0.96   29.81    0.00    0.00    0.00   50.00
12:37:49 AM    3    0.00    0.00   10.89    0.00    0.00   25.74    0.00    0.00    0.00   63.37
12:37:49 AM    4    0.00    0.00    0.00    0.00    0.00    0.00    0.00    0.00    0.00  100.00
12:37:49 AM    5    0.00    0.00    4.95    0.00    0.00   31.68    0.00    0.00    0.00   63.37
12:37:49 AM    6    0.00    0.00    0.00    0.00    0.00    0.00    0.00    0.00    0.00  100.00
12:37:49 AM    7    0.00    0.00    1.98    0.00    0.99   32.67    0.00    0.00    0.00   64.36

12:37:49 AM  CPU    %usr   %nice    %sys %iowait    %irq   %soft  %steal  %guest  %gnice   %idle
12:37:50 AM  all    0.37    0.00   27.51    0.00    0.37   16.36    0.00    0.00    0.00   55.39
12:37:50 AM    0    1.01    0.00   88.89    0.00    0.00    5.05    0.00    0.00    0.00    5.05
12:37:50 AM    1    2.00    0.00   87.00    0.00    1.00    5.00    0.00    0.00    0.00    5.00
12:37:50 AM    2    0.00    0.00   14.29    0.00    0.95   29.52    0.00    0.00    0.00   55.24
12:37:50 AM    3    0.00    0.00   24.04    0.00    0.96   25.96    0.00    0.00    0.00   49.04
12:37:50 AM    4    0.00    0.00    0.00    0.00    0.00    0.00    0.00    0.00    0.00  100.00
12:37:50 AM    5    0.00    0.00    4.08    0.00    0.00   29.59    0.00    0.00    0.00   66.33
12:37:50 AM    6    0.00    0.00    0.00    0.00    0.00    0.00    0.00    0.00    0.00  100.00
12:37:50 AM    7    0.00    0.00    2.97    0.00    0.00   34.65    0.00    0.00    0.00   62.38

12:37:50 AM  CPU    %usr   %nice    %sys %iowait    %irq   %soft  %steal  %guest  %gnice   %idle
12:37:51 AM  all    0.37    0.00   26.61    0.00    0.25   17.33    0.00    0.00    0.00   55.45
12:37:51 AM    0    1.96    0.00   88.24    0.00    0.98    5.88    0.00    0.00    0.00    2.94
12:37:51 AM    1    0.99    0.00   88.12    0.00    0.00    5.94    0.00    0.00    0.00    4.95
12:37:51 AM    2    0.00    0.00   13.86    0.00    0.00   28.71    0.00    0.00    0.00   57.43
12:37:51 AM    3    0.00    0.00   11.65    0.00    0.97   29.13    0.00    0.00    0.00   58.25
12:37:51 AM    4    0.00    0.00    0.00    0.00    0.00    0.00    0.00    0.00    0.00  100.00
12:37:51 AM    5    0.00    0.00    6.93    0.00    0.00   30.69    0.00    0.00    0.00   62.38
12:37:51 AM    6    0.00    0.00    0.00    0.00    0.00    0.00    0.00    0.00    0.00  100.00
12:37:51 AM    7    0.00    0.00    3.00    0.00    0.00   38.00    0.00    0.00    0.00   59.00

12:37:51 AM  CPU    %usr   %nice    %sys %iowait    %irq   %soft  %steal  %guest  %gnice   %idle
12:37:52 AM  all    0.25    0.00   27.63    0.00    0.37   17.10    0.00    0.00    0.00   54.65
12:37:52 AM    0    1.00    0.00   90.00    0.00    0.00    6.00    0.00    0.00    0.00    3.00
12:37:52 AM    1    1.00    0.00   90.00    0.00    1.00    6.00    0.00    0.00    0.00    2.00
12:37:52 AM    2    0.00    0.00   13.46    0.00    0.96   28.85    0.00    0.00    0.00   56.73
12:37:52 AM    3    0.00    0.00   18.45    0.00    0.00   28.16    0.00    0.00    0.00   53.40
12:37:52 AM    4    0.00    0.00    0.00    0.00    0.99    0.00    0.00    0.00    0.00   99.01
12:37:52 AM    5    0.00    0.00    7.00    0.00    0.00   29.00    0.00    0.00    0.00   64.00
12:37:52 AM    6    0.00    0.00    0.00    0.00    0.00    0.00    0.00    0.00    0.00  100.00
12:37:52 AM    7    0.00    0.00    3.03    0.00    0.00   38.38    0.00    0.00    0.00   58.59

12:37:52 AM  CPU    %usr   %nice    %sys %iowait    %irq   %soft  %steal  %guest  %gnice   %idle
12:37:53 AM  all    0.25    0.00   26.36    0.00    0.37   16.71    0.00    0.00    0.00   56.31
12:37:53 AM    0    0.99    0.00   86.14    0.00    0.99    5.94    0.00    0.00    0.00    5.94
12:37:53 AM    1    1.01    0.00   86.87    0.00    0.00    5.05    0.00    0.00    0.00    7.07
12:37:53 AM    2    0.00    0.00   13.73    0.00    0.98   28.43    0.00    0.00    0.00   56.86
12:37:53 AM    3    0.00    0.00   15.53    0.00    0.97   29.13    0.00    0.00    0.00   54.37
12:37:53 AM    4    0.00    0.00    0.00    0.00    0.00    0.00    0.00    0.00    0.00  100.00
12:37:53 AM    5    0.00    0.00    6.86    0.00    0.00   31.37    0.00    0.00    0.00   61.76
12:37:53 AM    6    0.00    0.00    0.00    0.00    0.00    0.00    0.00    0.00    0.00  100.00
12:37:53 AM    7    0.00    0.00    2.97    0.00    0.00   32.67    0.00    0.00    0.00   64.36

12:37:53 AM  CPU    %usr   %nice    %sys %iowait    %irq   %soft  %steal  %guest  %gnice   %idle
12:37:54 AM  all    0.00    0.00   23.70    0.00    0.50   18.24    0.00    0.00    0.00   57.57
12:37:54 AM    0    0.00    0.00   84.69    0.00    0.00    6.12    0.00    0.00    0.00    9.18
12:37:54 AM    1    0.00    0.00   86.00    0.00    1.00    6.00    0.00    0.00    0.00    7.00
12:37:54 AM    2    0.00    0.00    7.84    0.00    0.00   30.39    0.00    0.00    0.00   61.76
12:37:54 AM    3    0.00    0.00    7.62    0.00    0.95   32.38    0.00    0.00    0.00   59.05
12:37:54 AM    4    0.00    0.00    0.00    0.00    0.00    0.00    0.00    0.00    0.00  100.00
12:37:54 AM    5    0.00    0.00    3.00    0.00    1.00   32.00    0.00    0.00    0.00   64.00
12:37:54 AM    6    0.00    0.00    0.00    0.00    0.00    0.00    0.00    0.00    0.00  100.00
12:37:54 AM    7    0.00    0.00    2.94    0.00    0.98   37.25    0.00    0.00    0.00   58.82

12:37:54 AM  CPU    %usr   %nice    %sys %iowait    %irq   %soft  %steal  %guest  %gnice   %idle
12:37:55 AM  all    0.25    0.00   27.94    0.00    0.37   16.32    0.00    0.00    0.00   55.13
12:37:55 AM    0    1.00    0.00   87.00    0.00    1.00    5.00    0.00    0.00    0.00    6.00
12:37:55 AM    1    0.99    0.00   87.13    0.00    0.00    5.94    0.00    0.00    0.00    5.94
12:37:55 AM    2    0.00    0.00   14.56    0.00    0.97   24.27    0.00    0.00    0.00   60.19
12:37:55 AM    3    0.00    0.00   18.45    0.00    0.97   27.18    0.00    0.00    0.00   53.40
12:37:55 AM    4    0.00    0.00    0.00    0.00    0.00    0.00    0.00    0.00    0.00  100.00
12:37:55 AM    5    0.00    0.00   10.89    0.00    0.00   31.68    0.00    0.00    0.00   57.43
12:37:55 AM    6    0.00    0.00    0.00    0.00    0.00    0.00    0.00    0.00    0.00  100.00
12:37:55 AM    7    0.00    0.00    6.00    0.00    0.00   36.00    0.00    0.00    0.00   58.00

12:37:55 AM  CPU    %usr   %nice    %sys %iowait    %irq   %soft  %steal  %guest  %gnice   %idle
12:37:56 AM  all    0.50    0.00   28.20    0.00    0.25   15.16    0.00    0.00    0.00   55.89
12:37:56 AM    0    3.00    0.00   85.00    0.00    0.00    4.00    0.00    0.00    0.00    8.00
12:37:56 AM    1    1.01    0.00   86.87    0.00    1.01    4.04    0.00    0.00    0.00    7.07
12:37:56 AM    2    0.00    0.00   15.84    0.00    0.99   23.76    0.00    0.00    0.00   59.41
12:37:56 AM    3    0.00    0.00   20.00    0.00    0.00   26.00    0.00    0.00    0.00   54.00
12:37:56 AM    4    0.00    0.00    0.00    0.00    0.00    0.00    0.00    0.00    0.00  100.00
12:37:56 AM    5    0.00    0.00   14.14    0.00    0.00   28.28    0.00    0.00    0.00   57.58
12:37:56 AM    6    0.00    0.00    0.00    0.00    0.00    0.00    0.00    0.00    0.00  100.00
12:37:56 AM    7    0.00    0.00    4.04    0.00    0.00   35.35    0.00    0.00    0.00   60.61

12:37:56 AM  CPU    %usr   %nice    %sys %iowait    %irq   %soft  %steal  %guest  %gnice   %idle
12:37:57 AM  all    0.37    0.00   29.32    0.00    0.25   15.40    0.00    0.00    0.00   54.66
12:37:57 AM    0    1.00    0.00   89.00    0.00    1.00    5.00    0.00    0.00    0.00    4.00
12:37:57 AM    1    2.00    0.00   89.00    0.00    0.00    5.00    0.00    0.00    0.00    4.00
12:37:57 AM    2    0.00    0.00   19.42    0.00    0.00   26.21    0.00    0.00    0.00   54.37
12:37:57 AM    3    0.00    0.00   21.57    0.00    0.98   23.53    0.00    0.00    0.00   53.92
12:37:57 AM    4    0.00    0.00    0.00    0.00    0.00    0.00    0.00    0.00    0.00  100.00
12:37:57 AM    5    0.00    0.00   11.00    0.00    0.00   31.00    0.00    0.00    0.00   58.00
12:37:57 AM    6    0.00    0.00    0.00    0.00    0.00    0.00    0.00    0.00    0.00  100.00
12:37:57 AM    7    0.00    0.00    5.00    0.00    0.00   32.00    0.00    0.00    0.00   63.00

12:37:57 AM  CPU    %usr   %nice    %sys %iowait    %irq   %soft  %steal  %guest  %gnice   %idle
12:37:58 AM  all    0.25    0.00   32.08    0.00    0.25   13.73    0.00    0.00    0.00   53.68
12:37:58 AM    0    2.02    0.00   89.90    0.00    0.00    3.03    0.00    0.00    0.00    5.05
12:37:58 AM    1    0.00    0.00   91.84    0.00    0.00    3.06    0.00    0.00    0.00    5.10
12:37:58 AM    2    0.00    0.00   23.00    0.00    1.00   23.00    0.00    0.00    0.00   53.00
12:37:58 AM    3    0.00    0.00   27.72    0.00    0.00   19.80    0.00    0.00    0.00   52.48
12:37:58 AM    4    0.00    0.00    0.00    0.00    0.00    0.99    0.00    0.00    0.00   99.01
12:37:58 AM    5    0.00    0.00   16.83    0.00    0.00   23.76    0.00    0.00    0.00   59.41
12:37:58 AM    6    0.00    0.00    0.00    0.00    0.00    0.00    0.00    0.00    0.00  100.00
12:37:58 AM    7    0.00    0.00    9.90    0.00    0.99   35.64    0.00    0.00    0.00   53.47

12:37:58 AM  CPU    %usr   %nice    %sys %iowait    %irq   %soft  %steal  %guest  %gnice   %idle
12:37:59 AM  all    0.25    0.00   32.34    0.00    0.62   13.63    0.00    0.00    0.00   53.16
12:37:59 AM    0    1.00    0.00   92.00    0.00    1.00    4.00    0.00    0.00    0.00    2.00
12:37:59 AM    1    0.98    0.00   90.20    0.00    0.98    3.92    0.00    0.00    0.00    3.92
12:37:59 AM    2    0.00    0.00   25.49    0.00    0.98   21.57    0.00    0.00    0.00   51.96
12:37:59 AM    3    0.00    0.00   28.43    0.00    0.98   20.59    0.00    0.00    0.00   50.00
12:37:59 AM    4    0.00    0.00    0.00    0.00    0.00    0.00    0.00    0.00    0.00  100.00
12:37:59 AM    5    0.00    0.00   13.86    0.00    0.99   25.74    0.00    0.00    0.00   59.41
12:37:59 AM    6    0.00    0.00    0.00    0.00    0.00    0.00    0.00    0.00    0.00  100.00
12:37:59 AM    7    0.00    0.00    8.00    0.00    0.00   33.00    0.00    0.00    0.00   59.00

12:37:59 AM  CPU    %usr   %nice    %sys %iowait    %irq   %soft  %steal  %guest  %gnice   %idle
12:38:00 AM  all    0.50    0.00   28.75    0.00    0.25   16.48    0.00    0.00    0.00   54.03
12:38:00 AM    0    1.98    0.00   90.10    0.00    0.00    5.94    0.00    0.00    0.00    1.98
12:38:00 AM    1    2.00    0.00   90.00    0.00    0.00    6.00    0.00    0.00    0.00    2.00
12:38:00 AM    2    0.00    0.00   20.59    0.00    0.00   26.47    0.00    0.00    0.00   52.94
12:38:00 AM    3    0.00    0.00   19.42    0.00    0.97   25.24    0.00    0.00    0.00   54.37
12:38:00 AM    4    0.00    0.00    0.98    0.00    0.98    0.00    0.00    0.00    0.00   98.04
12:38:00 AM    5    0.00    0.00    6.06    0.00    0.00   31.31    0.00    0.00    0.00   62.63
12:38:00 AM    6    0.00    0.00    0.00    0.00    0.00    0.00    0.00    0.00    0.00  100.00
12:38:00 AM    7    0.00    0.00    3.00    0.00    0.00   37.00    0.00    0.00    0.00   60.00

12:38:00 AM  CPU    %usr   %nice    %sys %iowait    %irq   %soft  %steal  %guest  %gnice   %idle
12:38:01 AM  all    0.12    0.00   27.24    0.00    0.37   16.92    0.00    0.00    0.00   55.35
12:38:01 AM    0    1.01    0.00   88.89    0.00    1.01    5.05    0.00    0.00    0.00    4.04
12:38:01 AM    1    0.00    0.00   90.00    0.00    1.00    6.00    0.00    0.00    0.00    3.00
12:38:01 AM    2    0.00    0.00   12.75    0.00    0.98   28.43    0.00    0.00    0.00   57.84
12:38:01 AM    3    0.00    0.00   15.69    0.00    0.00   28.43    0.00    0.00    0.00   55.88
12:38:01 AM    4    0.00    0.00    0.00    0.00    0.00    0.00    0.00    0.00    0.00  100.00
12:38:01 AM    5    0.00    0.00    9.90    0.00    0.00   33.66    0.00    0.00    0.00   56.44
12:38:01 AM    6    0.00    0.00    0.00    0.00    0.00    0.00    0.00    0.00    0.00  100.00
12:38:01 AM    7    0.00    0.00    2.00    0.00    0.00   33.00    0.00    0.00    0.00   65.00

12:38:01 AM  CPU    %usr   %nice    %sys %iowait    %irq   %soft  %steal  %guest  %gnice   %idle
12:38:02 AM  all    0.37    0.00   30.60    0.00    0.12   15.17    0.00    0.00    0.00   53.73
12:38:02 AM    0    1.01    0.00   92.93    0.00    0.00    5.05    0.00    0.00    0.00    1.01
12:38:02 AM    1    2.00    0.00   90.00    0.00    0.00    4.00    0.00    0.00    0.00    4.00
12:38:02 AM    2    0.00    0.00   25.49    0.00    0.00   23.53    0.00    0.00    0.00   50.98
12:38:02 AM    3    0.00    0.00   25.00    0.00    0.96   24.04    0.00    0.00    0.00   50.00
12:38:02 AM    4    0.00    0.00    0.00    0.00    0.00    0.00    0.00    0.00    0.00  100.00
12:38:02 AM    5    0.00    0.00    8.00    0.00    0.00   29.00    0.00    0.00    0.00   63.00
12:38:02 AM    6    0.00    0.00    0.00    0.00    0.00    0.00    0.00    0.00    0.00  100.00
12:38:02 AM    7    0.00    0.00    4.00    0.00    0.00   35.00    0.00    0.00    0.00   61.00

12:38:02 AM  CPU    %usr   %nice    %sys %iowait    %irq   %soft  %steal  %guest  %gnice   %idle
12:38:03 AM  all    0.37    0.00   25.99    0.00    0.50   16.46    0.00    0.00    0.00   56.68
12:38:03 AM    0    0.99    0.00   86.14    0.00    0.99    5.94    0.00    0.00    0.00    5.94
12:38:03 AM    1    1.98    0.00   84.16    0.00    0.99    5.94    0.00    0.00    0.00    6.93
12:38:03 AM    2    0.00    0.00   13.73    0.00    0.98   27.45    0.00    0.00    0.00   57.84
12:38:03 AM    3    0.00    0.00   13.59    0.00    0.00   30.10    0.00    0.00    0.00   56.31
12:38:03 AM    4    0.00    0.00    0.00    0.00    0.00    0.00    0.00    0.00    0.00  100.00
12:38:03 AM    5    0.00    0.00    8.00    0.00    0.00   31.00    0.00    0.00    0.00   61.00
12:38:03 AM    6    0.00    0.00    0.00    0.00    0.00    0.00    0.00    0.00    0.00  100.00
12:38:03 AM    7    0.00    0.00    1.98    0.00    0.99   30.69    0.00    0.00    0.00   66.34

12:38:03 AM  CPU    %usr   %nice    %sys %iowait    %irq   %soft  %steal  %guest  %gnice   %idle
12:38:04 AM  all    0.25    0.00   31.00    0.00    0.25   13.63    0.00    0.00    0.00   54.87
12:38:04 AM    0    1.02    0.00   90.82    0.00    0.00    3.06    0.00    0.00    0.00    5.10
12:38:04 AM    1    1.02    0.00   89.80    0.00    0.00    4.08    0.00    0.00    0.00    5.10
12:38:04 AM    2    0.00    0.00   19.80    0.00    0.99   19.80    0.00    0.00    0.00   59.41
12:38:04 AM    3    0.00    0.00   25.49    0.00    0.98   21.57    0.00    0.00    0.00   51.96
12:38:04 AM    4    0.00    0.00    0.00    0.00    0.00    0.00    0.00    0.00    0.00  100.00
12:38:04 AM    5    0.00    0.00   17.82    0.00    0.00   32.67    0.00    0.00    0.00   49.50
12:38:04 AM    6    0.00    0.00    0.00    0.00    0.00    0.00    0.00    0.00    0.00  100.00
12:38:04 AM    7    0.00    0.00    7.00    0.00    0.00   27.00    0.00    0.00    0.00   66.00

12:38:04 AM  CPU    %usr   %nice    %sys %iowait    %irq   %soft  %steal  %guest  %gnice   %idle
12:38:05 AM  all    0.50    0.00   34.79    0.00    0.25   11.97    0.00    0.00    0.00   52.49
12:38:05 AM    0    1.96    0.00   89.22    0.00    0.98    2.94    0.00    0.00    0.00    4.90
12:38:05 AM    1    2.00    0.00   91.00    0.00    1.00    2.00    0.00    0.00    0.00    4.00
12:38:05 AM    2    0.00    0.00   28.00    0.00    0.00   21.00    0.00    0.00    0.00   51.00
12:38:05 AM    3    0.00    0.00   47.00    0.00    0.00   16.00    0.00    0.00    0.00   37.00
12:38:05 AM    4    0.00    0.00    0.00    0.00    0.00    0.00    0.00    0.00    0.00  100.00
12:38:05 AM    5    0.00    0.00   15.15    0.00    0.00   24.24    0.00    0.00    0.00   60.61
12:38:05 AM    6    0.00    0.00    0.00    0.00    0.00    0.00    0.00    0.00    0.00  100.00
12:38:05 AM    7    0.00    0.00    6.93    0.00    0.00   29.70    0.00    0.00    0.00   63.37

12:38:05 AM  CPU    %usr   %nice    %sys %iowait    %irq   %soft  %steal  %guest  %gnice   %idle
12:38:06 AM  all    0.25    0.00   34.74    0.00    0.37   12.70    0.00    0.00    0.00   51.93
12:38:06 AM    0    1.01    0.00   93.94    0.00    0.00    3.03    0.00    0.00    0.00    2.02
12:38:06 AM    1    1.01    0.00   93.94    0.00    0.00    3.03    0.00    0.00    0.00    2.02
12:38:06 AM    2    0.00    0.00   29.41    0.00    0.98   20.59    0.00    0.00    0.00   49.02
12:38:06 AM    3    0.00    0.00   31.37    0.00    0.98   19.61    0.00    0.00    0.00   48.04
12:38:06 AM    4    0.00    0.00    0.00    0.00    0.00    0.00    0.00    0.00    0.00  100.00
12:38:06 AM    5    0.00    0.00   22.77    0.00    0.99   24.75    0.00    0.00    0.00   51.49
12:38:06 AM    6    0.00    0.00    0.00    0.00    0.00    0.00    0.00    0.00    0.00  100.00
12:38:06 AM    7    0.00    0.00    8.00    0.00    0.00   30.00    0.00    0.00    0.00   62.00

12:38:06 AM  CPU    %usr   %nice    %sys %iowait    %irq   %soft  %steal  %guest  %gnice   %idle
12:38:07 AM  all    0.38    0.00   34.29    0.00    0.13   12.64    0.00    0.00    0.00   52.57
12:38:07 AM    0    2.00    0.00   92.00    0.00    0.00    3.00    0.00    0.00    0.00    3.00
12:38:07 AM    1    1.00    0.00   92.00    0.00    1.00    3.00    0.00    0.00    0.00    3.00
12:38:07 AM    2    0.00    0.00   29.00    0.00    0.00   22.00    0.00    0.00    0.00   49.00
12:38:07 AM    3    0.00    0.00   36.36    0.00    0.00   17.17    0.00    0.00    0.00   46.46
12:38:07 AM    4    0.00    0.00    0.00    0.00    0.00    0.00    0.00    0.00    0.00  100.00
12:38:07 AM    5    0.00    0.00   15.84    0.00    0.00   24.75    0.00    0.00    0.00   59.41
12:38:07 AM    6    0.00    0.00    0.00    0.00    0.00    0.00    0.00    0.00    0.00  100.00
12:38:07 AM    7    0.00    0.00    9.09    0.00    0.00   31.31    0.00    0.00    0.00   59.60

12:38:07 AM  CPU    %usr   %nice    %sys %iowait    %irq   %soft  %steal  %guest  %gnice   %idle
12:38:08 AM  all    0.37    0.00   34.12    0.00    0.37   12.58    0.00    0.00    0.00   52.55
12:38:08 AM    0    1.02    0.00   92.86    0.00    1.02    2.04    0.00    0.00    0.00    3.06
12:38:08 AM    1    1.98    0.00   90.10    0.00    0.00    2.97    0.00    0.00    0.00    4.95
12:38:08 AM    2    0.00    0.00   29.70    0.00    0.99   19.80    0.00    0.00    0.00   49.50
12:38:08 AM    3    0.00    0.00   32.04    0.00    0.97   20.39    0.00    0.00    0.00   46.60
12:38:08 AM    4    0.00    0.00    0.00    0.00    0.00    0.00    0.00    0.00    0.00  100.00
12:38:08 AM    5    0.00    0.00   19.00    0.00    0.00   23.00    0.00    0.00    0.00   58.00
12:38:08 AM    6    0.00    0.00    0.00    0.00    0.00    0.00    0.00    0.00    0.00  100.00
12:38:08 AM    7    0.00    0.00    9.90    0.00    0.00   31.68    0.00    0.00    0.00   58.42

12:38:08 AM  CPU    %usr   %nice    %sys %iowait    %irq   %soft  %steal  %guest  %gnice   %idle
12:38:09 AM  all    0.38    0.00   37.12    0.00    0.25   11.75    0.00    0.00    0.00   50.50
12:38:09 AM    0    2.02    0.00   95.96    0.00    0.00    2.02    0.00    0.00    0.00    0.00
12:38:09 AM    1    1.01    0.00   94.95    0.00    1.01    2.02    0.00    0.00    0.00    1.01
12:38:09 AM    2    0.00    0.00   37.00    0.00    0.00   18.00    0.00    0.00    0.00   45.00
12:38:09 AM    3    0.00    0.00   38.00    0.00    0.00   16.00    0.00    0.00    0.00   46.00
12:38:09 AM    4    0.00    0.00    0.00    0.00    0.00    0.00    0.00    0.00    0.00  100.00
12:38:09 AM    5    0.00    0.00   23.76    0.00    0.00   24.75    0.00    0.00    0.00   51.49
12:38:09 AM    6    0.00    0.00    0.00    0.00    0.00    0.00    0.00    0.00    0.00  100.00
12:38:09 AM    7    0.00    0.00    8.91    0.00    0.99   30.69    0.00    0.00    0.00   59.41

12:38:09 AM  CPU    %usr   %nice    %sys %iowait    %irq   %soft  %steal  %guest  %gnice   %idle
12:38:10 AM  all    0.50    0.00   34.66    0.00    0.50   12.30    0.00    0.00    0.00   52.05
12:38:10 AM    0    1.98    0.00   92.08    0.00    0.99    2.97    0.00    0.00    0.00    1.98
12:38:10 AM    1    2.00    0.00   92.00    0.00    0.00    4.00    0.00    0.00    0.00    2.00
12:38:10 AM    2    0.00    0.00   31.37    0.00    0.98   18.63    0.00    0.00    0.00   49.02
12:38:10 AM    3    0.00    0.00   34.65    0.00    0.99   17.82    0.00    0.00    0.00   46.53
12:38:10 AM    4    0.00    0.00    0.00    0.00    0.99    0.00    0.00    0.00    0.00   99.01
12:38:10 AM    5    0.00    0.00   18.00    0.00    0.00   23.00    0.00    0.00    0.00   59.00
12:38:10 AM    6    0.00    0.00    0.00    0.00    0.00    0.00    0.00    0.00    0.00  100.00
12:38:10 AM    7    0.00    0.00    9.00    0.00    0.00   32.00    0.00    0.00    0.00   59.00

12:38:10 AM  CPU    %usr   %nice    %sys %iowait    %irq   %soft  %steal  %guest  %gnice   %idle
12:38:11 AM  all    0.25    0.00   31.05    0.00    0.12   14.34    0.00    0.00    0.00   54.24
12:38:11 AM    0    1.02    0.00   88.78    0.00    0.00    4.08    0.00    0.00    0.00    6.12
12:38:11 AM    1    1.01    0.00   90.91    0.00    1.01    3.03    0.00    0.00    0.00    4.04
12:38:11 AM    2    0.00    0.00   26.47    0.00    0.00   22.55    0.00    0.00    0.00   50.98
12:38:11 AM    3    0.00    0.00   27.45    0.00    0.00   23.53    0.00    0.00    0.00   49.02
12:38:11 AM    4    0.00    0.00    0.00    0.00    0.00    0.99    0.00    0.00    0.00   99.01
12:38:11 AM    5    0.00    0.00   11.11    0.00    0.00   27.27    0.00    0.00    0.00   61.62
12:38:11 AM    6    0.00    0.00    0.00    0.00    0.00    0.00    0.00    0.00    0.00  100.00
12:38:11 AM    7    0.00    0.00    5.94    0.00    0.00   32.67    0.00    0.00    0.00   61.39

12:38:11 AM  CPU    %usr   %nice    %sys %iowait    %irq   %soft  %steal  %guest  %gnice   %idle
12:38:12 AM  all    0.25    0.00   28.89    0.00    0.37   15.82    0.00    0.00    0.00   54.67
12:38:12 AM    0    1.00    0.00   89.00    0.00    1.00    5.00    0.00    0.00    0.00    4.00
12:38:12 AM    1    1.01    0.00   89.90    0.00    0.00    5.05    0.00    0.00    0.00    4.04
12:38:12 AM    2    0.00    0.00   15.69    0.00    0.98   28.43    0.00    0.00    0.00   54.90
12:38:12 AM    3    0.00    0.00   24.51    0.00    0.98   23.53    0.00    0.00    0.00   50.98
12:38:12 AM    4    0.00    0.00    0.00    0.00    0.00    0.00    0.00    0.00    0.00  100.00
12:38:12 AM    5    0.00    0.00    9.90    0.00    0.00   32.67    0.00    0.00    0.00   57.43
12:38:12 AM    6    0.00    0.00    0.00    0.00    0.00    0.00    0.00    0.00    0.00  100.00
12:38:12 AM    7    0.00    0.00    3.03    0.00    0.00   31.31    0.00    0.00    0.00   65.66

12:38:12 AM  CPU    %usr   %nice    %sys %iowait    %irq   %soft  %steal  %guest  %gnice   %idle
12:38:13 AM  all    0.25    0.00   27.62    0.00    0.12   15.88    0.00    0.00    0.00   56.12
12:38:13 AM    0    1.01    0.00   87.88    0.00    0.00    4.04    0.00    0.00    0.00    7.07
12:38:13 AM    1    1.00    0.00   87.00    0.00    0.00    5.00    0.00    0.00    0.00    7.00
12:38:13 AM    2    0.00    0.00   14.71    0.00    0.98   29.41    0.00    0.00    0.00   54.90
12:38:13 AM    3    0.00    0.00   20.00    0.00    0.00   25.00    0.00    0.00    0.00   55.00
12:38:13 AM    4    0.00    0.00    0.00    0.00    0.00    0.00    0.00    0.00    0.00  100.00
12:38:13 AM    5    0.00    0.00    8.00    0.00    0.00   28.00    0.00    0.00    0.00   64.00
12:38:13 AM    6    0.00    0.00    0.00    0.00    0.00    0.00    0.00    0.00    0.00  100.00
12:38:13 AM    7    0.00    0.00    4.00    0.00    0.00   35.00    0.00    0.00    0.00   61.00

12:38:13 AM  CPU    %usr   %nice    %sys %iowait    %irq   %soft  %steal  %guest  %gnice   %idle
12:38:14 AM  all    0.25    0.00   31.06    0.00    0.75   14.78    0.00    0.00    0.00   53.17
12:38:14 AM    0    1.00    0.00   90.00    0.00    1.00    4.00    0.00    0.00    0.00    4.00
12:38:14 AM    1    1.00    0.00   90.00    0.00    1.00    4.00    0.00    0.00    0.00    4.00
12:38:14 AM    2    0.00    0.00   19.42    0.00    0.97   25.24    0.00    0.00    0.00   54.37
12:38:14 AM    3    0.00    0.00   23.76    0.00    0.99   22.77    0.00    0.00    0.00   52.48
12:38:14 AM    4    0.00    0.00    0.00    0.00    0.00    0.00    0.00    0.00    0.00  100.00
12:38:14 AM    5    0.00    0.00   17.00    0.00    1.00   26.00    0.00    0.00    0.00   56.00
12:38:14 AM    6    0.00    0.00    0.00    0.00    0.00    0.00    0.00    0.00    0.00  100.00
12:38:14 AM    7    0.00    0.00    8.91    0.00    0.99   35.64    0.00    0.00    0.00   54.46

12:38:14 AM  CPU    %usr   %nice    %sys %iowait    %irq   %soft  %steal  %guest  %gnice   %idle
12:38:15 AM  all    0.25    0.00   33.17    0.00    0.00   13.42    0.00    0.00    0.00   53.17
12:38:15 AM    0    1.00    0.00   93.00    0.00    0.00    3.00    0.00    0.00    0.00    3.00
12:38:15 AM    1    1.00    0.00   92.00    0.00    0.00    4.00    0.00    0.00    0.00    3.00
12:38:15 AM    2    0.00    0.00   25.74    0.00    0.00   20.79    0.00    0.00    0.00   53.47
12:38:15 AM    3    0.00    0.00   29.41    0.00    0.00   22.55    0.00    0.00    0.00   48.04
12:38:15 AM    4    0.00    0.00    0.00    0.00    0.00    0.00    0.00    0.00    0.00  100.00
12:38:15 AM    5    0.00    0.00   19.00    0.00    0.00   24.00    0.00    0.00    0.00   57.00
12:38:15 AM    6    0.00    0.00    0.00    0.00    0.00    0.00    0.00    0.00    0.00  100.00
12:38:15 AM    7    0.00    0.00    6.93    0.00    0.00   32.67    0.00    0.00    0.00   60.40

12:38:15 AM  CPU    %usr   %nice    %sys %iowait    %irq   %soft  %steal  %guest  %gnice   %idle
12:38:16 AM  all    0.50    0.00   29.73    0.00    0.50   15.80    0.00    0.00    0.00   53.48
12:38:16 AM    0    2.02    0.00   90.91    0.00    1.01    4.04    0.00    0.00    0.00    2.02
12:38:16 AM    1    2.00    0.00   91.00    0.00    1.00    4.00    0.00    0.00    0.00    2.00
12:38:16 AM    2    0.00    0.00   20.39    0.00    0.97   26.21    0.00    0.00    0.00   52.43
12:38:16 AM    3    0.00    0.00   22.33    0.00    0.97   25.24    0.00    0.00    0.00   51.46
12:38:16 AM    4    0.00    0.00    0.00    0.00    0.00    0.00    0.00    0.00    0.00  100.00
12:38:16 AM    5    0.00    0.00   10.00    0.00    0.00   30.00    0.00    0.00    0.00   60.00
12:38:16 AM    6    0.00    0.00    0.00    0.00    0.00    0.00    0.00    0.00    0.00  100.00
12:38:16 AM    7    0.00    0.00    4.04    0.00    0.00   36.36    0.00    0.00    0.00   59.60

12:38:16 AM  CPU    %usr   %nice    %sys %iowait    %irq   %soft  %steal  %guest  %gnice   %idle
12:38:17 AM  all    0.37    0.00   30.06    0.00    0.12   15.16    0.00    0.00    0.00   54.29
12:38:17 AM    0    2.00    0.00   89.00    0.00    0.00    5.00    0.00    0.00    0.00    4.00
12:38:17 AM    1    1.01    0.00   91.92    0.00    0.00    4.04    0.00    0.00    0.00    3.03
12:38:17 AM    2    0.00    0.00   21.78    0.00    0.00   20.79    0.00    0.00    0.00   57.43
12:38:17 AM    3    0.00    0.00   19.42    0.00    0.97   24.27    0.00    0.00    0.00   55.34
12:38:17 AM    4    0.00    0.00    0.00    0.00    0.00    0.00    0.00    0.00    0.00  100.00
12:38:17 AM    5    0.00    0.00   13.00    0.00    0.00   31.00    0.00    0.00    0.00   56.00
12:38:17 AM    6    0.00    0.00    0.00    0.00    0.00    0.00    0.00    0.00    0.00  100.00
12:38:17 AM    7    0.00    0.00    6.86    0.00    0.00   35.29    0.00    0.00    0.00   57.84

12:38:17 AM  CPU    %usr   %nice    %sys %iowait    %irq   %soft  %steal  %guest  %gnice   %idle
12:38:18 AM  all    0.25    0.00   33.42    0.00    0.37   12.97    0.00    0.00    0.00   52.99
12:38:18 AM    0    1.00    0.00   91.00    0.00    1.00    3.00    0.00    0.00    0.00    4.00
12:38:18 AM    1    1.00    0.00   89.00    0.00    1.00    3.00    0.00    0.00    0.00    6.00
12:38:18 AM    2    0.00    0.00   28.43    0.00    0.98   20.59    0.00    0.00    0.00   50.00
12:38:18 AM    3    0.00    0.00   33.33    0.00    0.00   18.18    0.00    0.00    0.00   48.48
12:38:18 AM    4    0.00    0.00    0.00    0.00    0.00    0.00    0.00    0.00    0.00  100.00
12:38:18 AM    5    0.00    0.00   14.85    0.00    0.00   24.75    0.00    0.00    0.00   60.40
12:38:18 AM    6    0.00    0.00    0.00    0.00    0.00    0.00    0.00    0.00    0.00  100.00
12:38:18 AM    7    0.00    0.00   11.00    0.00    0.00   34.00    0.00    0.00    0.00   55.00

12:38:18 AM  CPU    %usr   %nice    %sys %iowait    %irq   %soft  %steal  %guest  %gnice   %idle
12:38:19 AM  all    0.37    0.00   33.21    0.00    0.37   12.69    0.00    0.00    0.00   53.36
12:38:19 AM    0    2.00    0.00   89.00    0.00    0.00    4.00    0.00    0.00    0.00    5.00
12:38:19 AM    1    1.01    0.00   91.92    0.00    0.00    3.03    0.00    0.00    0.00    4.04
12:38:19 AM    2    0.00    0.00   26.73    0.00    0.00   22.77    0.00    0.00    0.00   50.50
12:38:19 AM    3    0.00    0.00   31.07    0.00    0.97   18.45    0.00    0.00    0.00   49.51
12:38:19 AM    4    0.00    0.00    0.00    0.00    0.99    0.00    0.00    0.00    0.00   99.01
12:38:19 AM    5    0.00    0.00   20.00    0.00    0.00   24.00    0.00    0.00    0.00   56.00
12:38:19 AM    6    0.00    0.00    0.00    0.00    0.00    0.00    0.00    0.00    0.00  100.00
12:38:19 AM    7    0.00    0.00    8.00    0.00    1.00   29.00    0.00    0.00    0.00   62.00

12:38:19 AM  CPU    %usr   %nice    %sys %iowait    %irq   %soft  %steal  %guest  %gnice   %idle
12:38:20 AM  all    0.25    0.00   30.68    0.00    0.37   15.40    0.00    0.00    0.00   53.29
12:38:20 AM    0    1.00    0.00   92.00    0.00    1.00    4.00    0.00    0.00    0.00    2.00
12:38:20 AM    1    0.98    0.00   90.20    0.00    0.98    4.90    0.00    0.00    0.00    2.94
12:38:20 AM    2    0.00    0.00   23.53    0.00    0.98   24.51    0.00    0.00    0.00   50.98
12:38:20 AM    3    0.00    0.00   27.72    0.00    0.00   21.78    0.00    0.00    0.00   50.50
12:38:20 AM    4    0.00    0.00    0.00    0.00    0.00    0.00    0.00    0.00    0.00  100.00
12:38:20 AM    5    0.00    0.00    8.00    0.00    0.00   33.00    0.00    0.00    0.00   59.00
12:38:20 AM    6    0.00    0.00    0.00    0.00    0.00    0.00    0.00    0.00    0.00  100.00
12:38:20 AM    7    0.00    0.00    2.97    0.00    0.00   34.65    0.00    0.00    0.00   62.38

12:38:20 AM  CPU    %usr   %nice    %sys %iowait    %irq   %soft  %steal  %guest  %gnice   %idle
12:38:21 AM  all    0.50    0.00   28.23    0.00    0.25   16.29    0.00    0.00    0.00   54.73
12:38:21 AM    0    2.00    0.00   90.00    0.00    0.00    5.00    0.00    0.00    0.00    3.00
12:38:21 AM    1    2.04    0.00   89.80    0.00    0.00    5.10    0.00    0.00    0.00    3.06
12:38:21 AM    2    0.00    0.00   16.67    0.00    0.00   29.41    0.00    0.00    0.00   53.92
12:38:21 AM    3    0.00    0.00   21.57    0.00    0.98   25.49    0.00    0.00    0.00   51.96
12:38:21 AM    4    0.00    0.00    0.00    0.00    0.00    0.00    0.00    0.00    0.00  100.00
12:38:21 AM    5    0.00    0.00    6.86    0.00    0.98   30.39    0.00    0.00    0.00   61.76
12:38:21 AM    6    0.00    0.00    0.00    0.00    0.00    0.00    0.00    0.00    0.00  100.00
12:38:21 AM    7    0.00    0.00    3.00    0.00    0.00   34.00    0.00    0.00    0.00   63.00

12:38:21 AM  CPU    %usr   %nice    %sys %iowait    %irq   %soft  %steal  %guest  %gnice   %idle
12:38:22 AM  all    0.12    0.00   28.14    0.00    0.37   15.69    0.00    0.00    0.00   55.67
12:38:22 AM    0    0.00    0.00   88.89    0.00    1.01    5.05    0.00    0.00    0.00    5.05
12:38:22 AM    1    1.01    0.00   88.89    0.00    1.01    5.05    0.00    0.00    0.00    4.04
12:38:22 AM    2    0.00    0.00   17.65    0.00    0.98   25.49    0.00    0.00    0.00   55.88
12:38:22 AM    3    0.00    0.00   19.61    0.00    0.00   24.51    0.00    0.00    0.00   55.88
12:38:22 AM    4    0.00    0.00    0.00    0.00    0.00    0.99    0.00    0.00    0.00   99.01
12:38:22 AM    5    0.00    0.00    9.00    0.00    0.00   29.00    0.00    0.00    0.00   62.00
12:38:22 AM    6    0.00    0.00    0.00    0.00    0.00    0.00    0.00    0.00    0.00  100.00
12:38:22 AM    7    0.00    0.00    3.00    0.00    0.00   35.00    0.00    0.00    0.00   62.00

12:38:22 AM  CPU    %usr   %nice    %sys %iowait    %irq   %soft  %steal  %guest  %gnice   %idle
12:38:23 AM  all    0.25    0.00   26.24    0.00    0.12   17.66    0.00    0.00    0.00   55.72
12:38:23 AM    0    1.01    0.00   87.88    0.00    0.00    5.05    0.00    0.00    0.00    6.06
12:38:23 AM    1    0.99    0.00   84.16    0.00    0.00    5.94    0.00    0.00    0.00    8.91
12:38:23 AM    2    0.00    0.00   17.48    0.00    0.00   31.07    0.00    0.00    0.00   51.46
12:38:23 AM    3    0.00    0.00    8.82    0.00    0.98   33.33    0.00    0.00    0.00   56.86
12:38:23 AM    4    0.00    0.00    0.00    0.00    0.00    0.00    0.00    0.00    0.00  100.00
12:38:23 AM    5    0.00    0.00    8.08    0.00    0.00   30.30    0.00    0.00    0.00   61.62
12:38:23 AM    6    0.00    0.00    0.00    0.00    0.00    0.00    0.00    0.00    0.00  100.00
12:38:23 AM    7    0.00    0.00    4.00    0.00    0.00   35.00    0.00    0.00    0.00   61.00

12:38:23 AM  CPU    %usr   %nice    %sys %iowait    %irq   %soft  %steal  %guest  %gnice   %idle
12:38:24 AM  all    0.25    0.00   28.54    0.00    0.50   15.51    0.00    0.00    0.00   55.21
12:38:24 AM    0    0.98    0.00   86.27    0.00    0.98    4.90    0.00    0.00    0.00    6.86
12:38:24 AM    1    1.02    0.00   89.80    0.00    0.00    4.08    0.00    0.00    0.00    5.10
12:38:24 AM    2    0.00    0.00   14.71    0.00    0.98   26.47    0.00    0.00    0.00   57.84
12:38:24 AM    3    0.00    0.00   19.42    0.00    0.97   22.33    0.00    0.00    0.00   57.28
12:38:24 AM    4    0.00    0.00    0.00    0.00    0.00    0.00    0.00    0.00    0.00  100.00
12:38:24 AM    5    0.00    0.00   11.00    0.00    0.00   27.00    0.00    0.00    0.00   62.00
12:38:24 AM    6    0.00    0.00    0.00    0.00    0.00    0.00    0.00    0.00    0.00  100.00
12:38:24 AM    7    0.00    0.00    7.92    0.00    0.99   38.61    0.00    0.00    0.00   52.48

12:38:24 AM  CPU    %usr   %nice    %sys %iowait    %irq   %soft  %steal  %guest  %gnice   %idle
12:38:25 AM  all    0.25    0.00   32.08    0.00    0.25   13.73    0.00    0.00    0.00   53.68
12:38:25 AM    0    1.02    0.00   92.86    0.00    0.00    3.06    0.00    0.00    0.00    3.06
12:38:25 AM    1    1.00    0.00   90.00    0.00    1.00    4.00    0.00    0.00    0.00    4.00
12:38:25 AM    2    0.00    0.00   22.77    0.00    0.99   19.80    0.00    0.00    0.00   56.44
12:38:25 AM    3    0.00    0.00   21.78    0.00    0.00   19.80    0.00    0.00    0.00   58.42
12:38:25 AM    4    0.00    0.00    0.00    0.00    0.00    0.00    0.00    0.00    0.00  100.00
12:38:25 AM    5    0.00    0.00   19.80    0.00    0.00   26.73    0.00    0.00    0.00   53.47
12:38:25 AM    6    0.00    0.00    0.00    0.00    0.00    0.00    0.00    0.00    0.00  100.00
12:38:25 AM    7    0.00    0.00   11.00    0.00    0.00   36.00    0.00    0.00    0.00   53.00

12:38:25 AM  CPU    %usr   %nice    %sys %iowait    %irq   %soft  %steal  %guest  %gnice   %idle
12:38:26 AM  all    0.50    0.00   29.16    0.00    0.37   15.63    0.00    0.00    0.00   54.34
12:38:26 AM    0    2.00    0.00   90.00    0.00    1.00    5.00    0.00    0.00    0.00    2.00
12:38:26 AM    1    2.00    0.00   90.00    0.00    0.00    5.00    0.00    0.00    0.00    3.00
12:38:26 AM    2    0.00    0.00   23.76    0.00    0.00   23.76    0.00    0.00    0.00   52.48
12:38:26 AM    3    0.00    0.00   20.39    0.00    0.97   25.24    0.00    0.00    0.00   53.40
12:38:26 AM    4    0.00    0.00    0.00    0.00    0.00    0.00    0.00    0.00    0.00  100.00
12:38:26 AM    5    0.00    0.00    7.92    0.00    0.99   33.66    0.00    0.00    0.00   57.43
12:38:26 AM    6    0.00    0.00    0.00    0.00    0.00    0.00    0.00    0.00    0.00  100.00
12:38:26 AM    7    0.00    0.00    2.00    0.00    0.00   32.00    0.00    0.00    0.00   66.00

12:38:26 AM  CPU    %usr   %nice    %sys %iowait    %irq   %soft  %steal  %guest  %gnice   %idle
12:38:27 AM  all    0.37    0.00   29.62    0.00    0.25   15.61    0.00    0.00    0.00   54.15
12:38:27 AM    0    1.98    0.00   90.10    0.00    0.00    4.95    0.00    0.00    0.00    2.97
12:38:27 AM    1    0.99    0.00   89.11    0.00    0.99    4.95    0.00    0.00    0.00    3.96
12:38:27 AM    2    0.00    0.00   25.96    0.00    0.96   23.08    0.00    0.00    0.00   50.00
12:38:27 AM    3    0.00    0.00   17.82    0.00    0.00   25.74    0.00    0.00    0.00   56.44
12:38:27 AM    4    0.00    0.00    0.00    0.00    0.00    0.00    0.00    0.00    0.00  100.00
12:38:27 AM    5    0.00    0.00    9.00    0.00    0.00   35.00    0.00    0.00    0.00   56.00
12:38:27 AM    6    0.00    0.00    0.00    0.00    0.00    0.00    0.00    0.00    0.00  100.00
12:38:27 AM    7    0.00    0.00    4.00    0.00    0.00   31.00    0.00    0.00    0.00   65.00

12:38:27 AM  CPU    %usr   %nice    %sys %iowait    %irq   %soft  %steal  %guest  %gnice   %idle
12:38:28 AM  all    0.25    0.00   28.98    0.00    0.37   15.92    0.00    0.00    0.00   54.48
12:38:28 AM    0    1.00    0.00   90.00    0.00    1.00    5.00    0.00    0.00    0.00    3.00
12:38:28 AM    1    1.02    0.00   91.84    0.00    0.00    5.10    0.00    0.00    0.00    2.04
12:38:28 AM    2    0.00    0.00   18.63    0.00    0.00   27.45    0.00    0.00    0.00   53.92
12:38:28 AM    3    0.00    0.00   19.42    0.00    0.97   25.24    0.00    0.00    0.00   54.37
12:38:28 AM    4    0.00    0.00    0.00    0.00    0.99    0.00    0.00    0.00    0.00   99.01
12:38:28 AM    5    0.00    0.00   11.00    0.00    0.00   29.00    0.00    0.00    0.00   60.00
12:38:28 AM    6    0.00    0.00    0.00    0.00    0.00    0.00    0.00    0.00    0.00  100.00
12:38:28 AM    7    0.00    0.00    3.00    0.00    0.00   35.00    0.00    0.00    0.00   62.00

12:38:28 AM  CPU    %usr   %nice    %sys %iowait    %irq   %soft  %steal  %guest  %gnice   %idle
12:38:29 AM  all    0.50    0.00   28.68    0.00    0.37   16.08    0.00    0.00    0.00   54.36
12:38:29 AM    0    2.02    0.00   90.91    0.00    0.00    5.05    0.00    0.00    0.00    2.02
12:38:29 AM    1    2.00    0.00   90.00    0.00    1.00    5.00    0.00    0.00    0.00    2.00
12:38:29 AM    2    0.00    0.00   15.69    0.00    0.98   27.45    0.00    0.00    0.00   55.88
12:38:29 AM    3    0.00    0.00   20.79    0.00    0.00   24.75    0.00    0.00    0.00   54.46
12:38:29 AM    4    0.00    0.00    0.00    0.00    0.00    0.00    0.00    0.00    0.00  100.00
12:38:29 AM    5    0.00    0.00    9.00    0.00    0.00   30.00    0.00    0.00    0.00   61.00
12:38:29 AM    6    0.00    0.00    0.00    0.00    0.00    0.00    0.00    0.00    0.00  100.00
12:38:29 AM    7    0.00    0.00    3.96    0.00    0.99   35.64    0.00    0.00    0.00   59.41

12:38:29 AM  CPU    %usr   %nice    %sys %iowait    %irq   %soft  %steal  %guest  %gnice   %idle
12:38:30 AM  all    0.37    0.00   29.65    0.00    0.12   15.26    0.00    0.00    0.00   54.59
12:38:30 AM    0    0.99    0.00   89.11    0.00    0.00    4.95    0.00    0.00    0.00    4.95
12:38:30 AM    1    2.00    0.00   90.00    0.00    0.00    4.00    0.00    0.00    0.00    4.00
12:38:30 AM    2    0.00    0.00   21.78    0.00    0.00   24.75    0.00    0.00    0.00   53.47
12:38:30 AM    3    0.00    0.00   22.12    0.00    0.96   22.12    0.00    0.00    0.00   54.81
12:38:30 AM    4    0.00    0.00    0.00    0.00    0.00    0.00    0.00    0.00    0.00  100.00
12:38:30 AM    5    0.00    0.00    8.00    0.00    0.00   30.00    0.00    0.00    0.00   62.00
12:38:30 AM    6    0.00    0.00    0.00    0.00    0.00    0.00    0.00    0.00    0.00  100.00
12:38:30 AM    7    0.00    0.00    6.00    0.00    0.00   36.00    0.00    0.00    0.00   58.00

12:38:30 AM  CPU    %usr   %nice    %sys %iowait    %irq   %soft  %steal  %guest  %gnice   %idle
12:38:31 AM  all    0.12    0.00   32.67    0.00    0.37   14.46    0.00    0.00    0.00   52.37
12:38:31 AM    0    1.01    0.00   93.94    0.00    1.01    4.04    0.00    0.00    0.00    0.00
12:38:31 AM    1    0.00    0.00   95.00    0.00    1.00    3.00    0.00    0.00    0.00    1.00
12:38:31 AM    2    0.00    0.00   23.30    0.00    0.97   24.27    0.00    0.00    0.00   51.46
12:38:31 AM    3    0.00    0.00   25.00    0.00    0.00   23.00    0.00    0.00    0.00   52.00
12:38:31 AM    4    0.00    0.00    0.00    0.00    0.00    0.00    0.00    0.00    0.00  100.00
12:38:31 AM    5    0.00    0.00   16.00    0.00    0.00   25.00    0.00    0.00    0.00   59.00
12:38:31 AM    6    0.00    0.00    0.00    0.00    0.00    0.00    0.00    0.00    0.00  100.00
12:38:31 AM    7    0.00    0.00    9.00    0.00    0.00   36.00    0.00    0.00    0.00   55.00

12:38:31 AM  CPU    %usr   %nice    %sys %iowait    %irq   %soft  %steal  %guest  %gnice   %idle
12:38:32 AM  all    0.12    0.00   33.96    0.00    0.12   13.81    0.00    0.00    0.00   51.99
12:38:32 AM    0    0.00    0.00   93.94    0.00    0.00    4.04    0.00    0.00    0.00    2.02
12:38:32 AM    1    1.01    0.00   94.95    0.00    0.00    3.03    0.00    0.00    0.00    1.01
12:38:32 AM    2    0.00    0.00   28.71    0.00    0.00   20.79    0.00    0.00    0.00   50.50
12:38:32 AM    3    0.00    0.00   29.13    0.00    0.97   19.42    0.00    0.00    0.00   50.49
12:38:32 AM    4    0.00    0.00    0.00    0.00    0.00    0.00    0.00    0.00    0.00  100.00
12:38:32 AM    5    0.00    0.00   17.65    0.00    0.00   31.37    0.00    0.00    0.00   50.98
12:38:32 AM    6    0.00    0.00    0.00    0.00    0.00    0.00    0.00    0.00    0.00  100.00
12:38:32 AM    7    0.00    0.00    9.00    0.00    0.00   31.00    0.00    0.00    0.00   60.00

12:38:32 AM  CPU    %usr   %nice    %sys %iowait    %irq   %soft  %steal  %guest  %gnice   %idle
12:38:33 AM  all    0.25    0.00   32.09    0.00    0.50   14.00    0.00    0.00    0.00   53.16
12:38:33 AM    0    0.99    0.00   91.09    0.00    0.99    2.97    0.00    0.00    0.00    3.96
12:38:33 AM    1    0.99    0.00   92.08    0.00    0.99    2.97    0.00    0.00    0.00    2.97
12:38:33 AM    2    0.00    0.00   27.18    0.00    0.97   22.33    0.00    0.00    0.00   49.51
12:38:33 AM    3    0.00    0.00   27.72    0.00    0.00   22.77    0.00    0.00    0.00   49.50
12:38:33 AM    4    0.00    0.00    0.00    0.00    0.00    0.00    0.00    0.00    0.00  100.00
12:38:33 AM    5    0.00    0.00   13.00    0.00    1.00   29.00    0.00    0.00    0.00   57.00
12:38:33 AM    6    0.00    0.00    0.00    0.00    0.00    0.00    0.00    0.00    0.00  100.00
12:38:33 AM    7    0.00    0.00    4.95    0.00    0.00   31.68    0.00    0.00    0.00   63.37

12:38:33 AM  CPU    %usr   %nice    %sys %iowait    %irq   %soft  %steal  %guest  %gnice   %idle
12:38:34 AM  all    0.50    0.00   31.05    0.00    0.12   14.84    0.00    0.00    0.00   53.49
12:38:34 AM    0    2.02    0.00   91.92    0.00    0.00    4.04    0.00    0.00    0.00    2.02
12:38:34 AM    1    2.00    0.00   91.00    0.00    0.00    4.00    0.00    0.00    0.00    3.00
12:38:34 AM    2    0.00    0.00   25.74    0.00    0.00   23.76    0.00    0.00    0.00   50.50
12:38:34 AM    3    0.00    0.00   27.45    0.00    0.98   22.55    0.00    0.00    0.00   49.02
12:38:34 AM    4    0.00    0.00    0.00    0.00    0.00    1.00    0.00    0.00    0.00   99.00
12:38:34 AM    5    0.00    0.00    9.00    0.00    0.00   29.00    0.00    0.00    0.00   62.00
12:38:34 AM    6    0.00    0.00    0.00    0.00    0.00    0.00    0.00    0.00    0.00  100.00
12:38:34 AM    7    0.00    0.00    4.00    0.00    0.00   34.00    0.00    0.00    0.00   62.00

12:38:34 AM  CPU    %usr   %nice    %sys %iowait    %irq   %soft  %steal  %guest  %gnice   %idle
12:38:35 AM  all    0.50    0.00   28.50    0.00    0.50   15.86    0.00    0.00    0.00   54.65
12:38:35 AM    0    1.98    0.00   88.12    0.00    0.99    4.95    0.00    0.00    0.00    3.96
12:38:35 AM    1    2.02    0.00   88.89    0.00    1.01    5.05    0.00    0.00    0.00    3.03
12:38:35 AM    2    0.00    0.00   16.35    0.00    0.96   29.81    0.00    0.00    0.00   52.88
12:38:35 AM    3    0.00    0.00   24.75    0.00    0.00   22.77    0.00    0.00    0.00   52.48
12:38:35 AM    4    0.00    0.00    0.00    0.00    0.00    0.00    0.00    0.00    0.00  100.00
12:38:35 AM    5    0.00    0.00    8.00    0.00    0.00   31.00    0.00    0.00    0.00   61.00
12:38:35 AM    6    0.00    0.00    0.00    0.00    0.00    0.00    0.00    0.00    0.00  100.00
12:38:35 AM    7    0.00    0.00    2.94    0.00    0.98   32.35    0.00    0.00    0.00   63.73

12:38:35 AM  CPU    %usr   %nice    %sys %iowait    %irq   %soft  %steal  %guest  %gnice   %idle
12:38:36 AM  all    0.37    0.00   27.93    0.00    0.12   16.83    0.00    0.00    0.00   54.74
12:38:36 AM    0    1.02    0.00   90.82    0.00    0.00    5.10    0.00    0.00    0.00    3.06
12:38:36 AM    1    2.02    0.00   88.89    0.00    0.00    5.05    0.00    0.00    0.00    4.04
12:38:36 AM    2    0.00    0.00   20.59    0.00    0.00   28.43    0.00    0.00    0.00   50.98
12:38:36 AM    3    0.00    0.00   13.59    0.00    0.97   26.21    0.00    0.00    0.00   59.22
12:38:36 AM    4    0.00    0.00    0.00    0.00    0.00    0.00    0.00    0.00    0.00  100.00
12:38:36 AM    5    0.00    0.00    7.00    0.00    0.00   28.00    0.00    0.00    0.00   65.00
12:38:36 AM    6    0.00    0.00    0.00    0.00    0.00    0.00    0.00    0.00    0.00  100.00
12:38:36 AM    7    0.00    0.00    5.00    0.00    0.00   41.00    0.00    0.00    0.00   54.00

12:38:36 AM  CPU    %usr   %nice    %sys %iowait    %irq   %soft  %steal  %guest  %gnice   %idle
12:38:37 AM  all    0.37    0.00   29.10    0.00    0.50   16.17    0.00    0.00    0.00   53.86
12:38:37 AM    0    0.99    0.00   90.10    0.00    0.99    4.95    0.00    0.00    0.00    2.97
12:38:37 AM    1    2.00    0.00   90.00    0.00    1.00    5.00    0.00    0.00    0.00    2.00
12:38:37 AM    2    0.00    0.00   20.79    0.00    0.99   25.74    0.00    0.00    0.00   52.48
12:38:37 AM    3    0.00    0.00   20.79    0.00    0.00   23.76    0.00    0.00    0.00   55.45
12:38:37 AM    4    0.00    0.00    0.00    0.00    0.99    0.00    0.00    0.00    0.00   99.01
12:38:37 AM    5    0.00    0.00    7.00    0.00    0.00   29.00    0.00    0.00    0.00   64.00
12:38:37 AM    6    0.00    0.00    0.00    0.00    0.00    0.00    0.00    0.00    0.00  100.00
12:38:37 AM    7    0.00    0.00    4.00    0.00    0.00   41.00    0.00    0.00    0.00   55.00

12:38:37 AM  CPU    %usr   %nice    %sys %iowait    %irq   %soft  %steal  %guest  %gnice   %idle
12:38:38 AM  all    0.37    0.00   27.42    0.00    0.25   17.00    0.00    0.00    0.00   54.96
12:38:38 AM    0    2.00    0.00   90.00    0.00    0.00    6.00    0.00    0.00    0.00    2.00
12:38:38 AM    1    1.01    0.00   89.90    0.00    0.00    6.06    0.00    0.00    0.00    3.03
12:38:38 AM    2    0.00    0.00   17.14    0.00    0.95   28.57    0.00    0.00    0.00   53.33
12:38:38 AM    3    0.00    0.00   13.73    0.00    0.98   26.47    0.00    0.00    0.00   58.82
12:38:38 AM    4    0.00    0.00    0.00    0.00    0.00    0.00    0.00    0.00    0.00  100.00
12:38:38 AM    5    0.00    0.00    7.00    0.00    0.00   29.00    0.00    0.00    0.00   64.00
12:38:38 AM    6    0.00    0.00    0.00    0.00    0.00    0.00    0.00    0.00    0.00  100.00
12:38:38 AM    7    0.00    0.00    3.00    0.00    0.00   39.00    0.00    0.00    0.00   58.00

12:38:38 AM  CPU    %usr   %nice    %sys %iowait    %irq   %soft  %steal  %guest  %gnice   %idle
12:38:39 AM  all    0.25    0.00   31.51    0.00    0.25   14.02    0.00    0.00    0.00   53.97
12:38:39 AM    0    1.01    0.00   90.91    0.00    1.01    4.04    0.00    0.00    0.00    3.03
12:38:39 AM    1    1.00    0.00   91.00    0.00    1.00    4.00    0.00    0.00    0.00    3.00
12:38:39 AM    2    0.00    0.00   38.83    0.00    0.00   23.30    0.00    0.00    0.00   37.86
12:38:39 AM    3    0.00    0.00   20.59    0.00    0.00   23.53    0.00    0.00    0.00   55.88
12:38:39 AM    4    0.00    0.00    0.00    0.00    0.00    0.00    0.00    0.00    0.00  100.00
12:38:39 AM    5    0.00    0.00    8.91    0.00    0.00   25.74    0.00    0.00    0.00   65.35
12:38:39 AM    6    0.00    0.00    0.00    0.00    0.00    0.00    0.00    0.00    0.00  100.00
12:38:39 AM    7    0.00    0.00    3.00    0.00    0.00   31.00    0.00    0.00    0.00   66.00

12:38:39 AM  CPU    %usr   %nice    %sys %iowait    %irq   %soft  %steal  %guest  %gnice   %idle
12:38:40 AM  all    0.37    0.00   30.07    0.00    0.50   15.59    0.00    0.00    0.00   53.47
12:38:40 AM    0    2.00    0.00   92.00    0.00    0.00    5.00    0.00    0.00    0.00    1.00
12:38:40 AM    1    1.01    0.00   91.92    0.00    0.00    5.05    0.00    0.00    0.00    2.02
12:38:40 AM    2    0.00    0.00   24.04    0.00    0.96   25.96    0.00    0.00    0.00   49.04
12:38:40 AM    3    0.00    0.00   22.33    0.00    0.97   25.24    0.00    0.00    0.00   51.46
12:38:40 AM    4    0.00    0.00    0.00    0.00    0.00    0.00    0.00    0.00    0.00  100.00
12:38:40 AM    5    0.00    0.00    8.91    0.00    0.99   29.70    0.00    0.00    0.00   60.40
12:38:40 AM    6    0.00    0.00    0.00    0.00    0.00    0.00    0.00    0.00    0.00  100.00
12:38:40 AM    7    0.00    0.00    2.97    0.00    0.99   32.67    0.00    0.00    0.00   63.37

12:38:40 AM  CPU    %usr   %nice    %sys %iowait    %irq   %soft  %steal  %guest  %gnice   %idle
12:38:41 AM  all    0.25    0.00   32.26    0.00    0.25   13.90    0.00    0.00    0.00   53.35
12:38:41 AM    0    1.00    0.00   92.00    0.00    1.00    4.00    0.00    0.00    0.00    2.00
12:38:41 AM    1    0.98    0.00   91.18    0.00    0.98    3.92    0.00    0.00    0.00    2.94
12:38:41 AM    2    0.00    0.00   27.72    0.00    0.00   21.78    0.00    0.00    0.00   50.50
12:38:41 AM    3    0.00    0.00   29.41    0.00    0.00   20.59    0.00    0.00    0.00   50.00
12:38:41 AM    4    0.00    0.00    0.00    0.00    0.00    0.00    0.00    0.00    0.00  100.00
12:38:41 AM    5    0.00    0.00   11.88    0.00    0.00   28.71    0.00    0.00    0.00   59.41
12:38:41 AM    6    0.00    0.00    0.00    0.00    0.00    0.00    0.00    0.00    0.00  100.00
12:38:41 AM    7    0.00    0.00    5.00    0.00    0.00   32.00    0.00    0.00    0.00   63.00

12:38:41 AM  CPU    %usr   %nice    %sys %iowait    %irq   %soft  %steal  %guest  %gnice   %idle
12:38:42 AM  all    0.50    0.00   33.88    0.00    0.12   12.75    0.00    0.00    0.00   52.75
12:38:42 AM    0    2.00    0.00   92.00    0.00    0.00    3.00    0.00    0.00    0.00    3.00
12:38:42 AM    1    2.00    0.00   92.00    0.00    0.00    3.00    0.00    0.00    0.00    3.00
12:38:42 AM    2    0.00    0.00   30.00    0.00    0.00   19.00    0.00    0.00    0.00   51.00
12:38:42 AM    3    0.00    0.00   30.39    0.00    0.98   19.61    0.00    0.00    0.00   49.02
12:38:42 AM    4    0.00    0.00    0.00    0.00    0.00    0.00    0.00    0.00    0.00  100.00
12:38:42 AM    5    0.00    0.00   20.20    0.00    0.00   23.23    0.00    0.00    0.00   56.57
12:38:42 AM    6    0.00    0.00    0.00    0.00    0.00    0.00    0.00    0.00    0.00  100.00
12:38:42 AM    7    0.00    0.00    6.00    0.00    0.00   34.00    0.00    0.00    0.00   60.00

12:38:42 AM  CPU    %usr   %nice    %sys %iowait    %irq   %soft  %steal  %guest  %gnice   %idle
12:38:43 AM  all    0.37    0.00   33.66    0.00    0.37   12.67    0.00    0.00    0.00   52.92
12:38:43 AM    0    1.00    0.00   90.00    0.00    1.00    4.00    0.00    0.00    0.00    4.00
12:38:43 AM    1    1.98    0.00   90.10    0.00    0.99    2.97    0.00    0.00    0.00    3.96
12:38:43 AM    2    0.00    0.00   29.70    0.00    0.99   20.79    0.00    0.00    0.00   48.51
12:38:43 AM    3    0.00    0.00   31.68    0.00    0.00   18.81    0.00    0.00    0.00   49.50
12:38:43 AM    4    0.00    0.00    0.00    0.00    0.00    0.00    0.00    0.00    0.00  100.00
12:38:43 AM    5    0.00    0.00   16.83    0.00    0.00   22.77    0.00    0.00    0.00   60.40
12:38:43 AM    6    0.00    0.00    0.00    0.00    0.00    0.00    0.00    0.00    0.00  100.00
12:38:43 AM    7    0.00    0.00   10.89    0.00    0.00   31.68    0.00    0.00    0.00   57.43

12:38:43 AM  CPU    %usr   %nice    %sys %iowait    %irq   %soft  %steal  %guest  %gnice   %idle
12:38:44 AM  all    0.38    0.00   33.62    0.00    0.12   13.25    0.00    0.00    0.00   52.62
12:38:44 AM    0    2.00    0.00   92.00    0.00    0.00    3.00    0.00    0.00    0.00    3.00
12:38:44 AM    1    1.01    0.00   92.93    0.00    0.00    3.03    0.00    0.00    0.00    3.03
12:38:44 AM    2    0.00    0.00   26.73    0.00    0.00   21.78    0.00    0.00    0.00   51.49
12:38:44 AM    3    0.00    0.00   28.71    0.00    0.99   19.80    0.00    0.00    0.00   50.50
12:38:44 AM    4    0.00    0.00    0.00    0.00    0.00    0.00    0.00    0.00    0.00  100.00
12:38:44 AM    5    0.00    0.00   17.00    0.00    0.00   22.00    0.00    0.00    0.00   61.00
12:38:44 AM    6    0.00    0.00    0.00    0.00    0.00    0.00    0.00    0.00    0.00  100.00
12:38:44 AM    7    0.00    0.00   12.12    0.00    0.00   36.36    0.00    0.00    0.00   51.52

12:38:44 AM  CPU    %usr   %nice    %sys %iowait    %irq   %soft  %steal  %guest  %gnice   %idle
12:38:45 AM  all    0.37    0.00   28.92    0.00    0.37   13.97    0.00    0.00    0.00   56.37
12:38:45 AM    0    2.00    0.00   85.00    0.00    1.00    4.00    0.00    0.00    0.00    8.00
12:38:45 AM    1    1.01    0.00   85.86    0.00    0.00    4.04    0.00    0.00    0.00    9.09
12:38:45 AM    2    0.00    0.00   22.33    0.00    0.97   21.36    0.00    0.00    0.00   55.34
12:38:45 AM    3    0.00    0.00   23.30    0.00    0.97   24.27    0.00    0.00    0.00   51.46
12:38:45 AM    4    0.00    0.00    0.00    0.00    0.00    0.99    0.00    0.00    0.00   99.01
12:38:45 AM    5    0.00    0.00    9.90    0.00    0.00   26.73    0.00    0.00    0.00   63.37
12:38:45 AM    6    0.00    0.00    0.00    0.00    0.00    0.00    0.00    0.00    0.00  100.00
12:38:45 AM    7    0.00    0.00    6.86    0.00    0.00   29.41    0.00    0.00    0.00   63.73

12:38:45 AM  CPU    %usr   %nice    %sys %iowait    %irq   %soft  %steal  %guest  %gnice   %idle
12:38:46 AM  all    0.50    0.00   28.16    0.00    0.37   16.38    0.00    0.00    0.00   54.59
12:38:46 AM    0    2.00    0.00   90.00    0.00    0.00    6.00    0.00    0.00    0.00    2.00
12:38:46 AM    1    1.96    0.00   89.22    0.00    0.98    5.88    0.00    0.00    0.00    1.96
12:38:46 AM    2    0.00    0.00   18.45    0.00    0.97   26.21    0.00    0.00    0.00   54.37
12:38:46 AM    3    0.00    0.00   19.80    0.00    0.00   23.76    0.00    0.00    0.00   56.44
12:38:46 AM    4    0.00    0.00    0.00    0.00    0.00    0.00    0.00    0.00    0.00  100.00
12:38:46 AM    5    0.00    0.00    5.00    0.00    0.00   32.00    0.00    0.00    0.00   63.00
12:38:46 AM    6    0.00    0.00    0.00    0.00    0.00    0.00    0.00    0.00    0.00  100.00
12:38:46 AM    7    0.00    0.00    2.00    0.00    1.00   37.00    0.00    0.00    0.00   60.00

12:38:46 AM  CPU    %usr   %nice    %sys %iowait    %irq   %soft  %steal  %guest  %gnice   %idle
12:38:47 AM  all    0.25    0.00   28.98    0.00    0.37   16.04    0.00    0.00    0.00   54.35
12:38:47 AM    0    1.01    0.00   90.91    0.00    1.01    5.05    0.00    0.00    0.00    2.02
12:38:47 AM    1    1.01    0.00   90.91    0.00    0.00    5.05    0.00    0.00    0.00    3.03
12:38:47 AM    2    0.00    0.00   19.80    0.00    0.00   23.76    0.00    0.00    0.00   56.44
12:38:47 AM    3    0.00    0.00   20.19    0.00    0.96   25.00    0.00    0.00    0.00   53.85
12:38:47 AM    4    0.00    0.00    0.00    0.00    0.99    0.00    0.00    0.00    0.00   99.01
12:38:47 AM    5    0.00    0.00    8.08    0.00    0.00   32.32    0.00    0.00    0.00   59.60
12:38:47 AM    6    0.00    0.00    0.00    0.00    0.00    0.00    0.00    0.00    0.00  100.00
12:38:47 AM    7    0.00    0.00    3.96    0.00    0.00   36.63    0.00    0.00    0.00   59.41

12:38:47 AM  CPU    %usr   %nice    %sys %iowait    %irq   %soft  %steal  %guest  %gnice   %idle
12:38:48 AM  all    0.37    0.00   30.30    0.00    0.37   14.96    0.00    0.00    0.00   53.99
12:38:48 AM    0    2.02    0.00   90.91    0.00    0.00    4.04    0.00    0.00    0.00    3.03
12:38:48 AM    1    1.01    0.00   91.92    0.00    1.01    4.04    0.00    0.00    0.00    2.02
12:38:48 AM    2    0.00    0.00   20.39    0.00    0.97   22.33    0.00    0.00    0.00   56.31
12:38:48 AM    3    0.00    0.00   24.75    0.00    0.00   22.77    0.00    0.00    0.00   52.48
12:38:48 AM    4    0.00    0.00    0.00    0.00    0.00    0.00    0.00    0.00    0.00  100.00
12:38:48 AM    5    0.00    0.00   11.88    0.00    0.99   34.65    0.00    0.00    0.00   52.48
12:38:48 AM    6    0.00    0.00    0.00    0.00    0.00    0.00    0.00    0.00    0.00  100.00
12:38:48 AM    7    0.00    0.00    4.04    0.00    0.00   31.31    0.00    0.00    0.00   64.65

12:38:48 AM  CPU    %usr   %nice    %sys %iowait    %irq   %soft  %steal  %guest  %gnice   %idle
12:38:49 AM  all    0.37    0.00   27.35    0.00    0.25   16.96    0.00    0.00    0.00   55.07
12:38:49 AM    0    0.00    0.00   89.11    0.00    0.99    6.93    0.00    0.00    0.00    2.97
12:38:49 AM    1    3.00    0.00   89.00    0.00    0.00    6.00    0.00    0.00    0.00    2.00
12:38:49 AM    2    0.00    0.00   13.59    0.00    0.00   29.13    0.00    0.00    0.00   57.28
12:38:49 AM    3    0.00    0.00   18.27    0.00    0.96   25.96    0.00    0.00    0.00   54.81
12:38:49 AM    4    0.00    0.00    0.00    0.00    0.00    0.00    0.00    0.00    0.00  100.00
12:38:49 AM    5    0.00    0.00    7.00    0.00    0.00   32.00    0.00    0.00    0.00   61.00
12:38:49 AM    6    0.00    0.00    0.00    0.00    0.00    0.00    0.00    0.00    0.00  100.00
12:38:49 AM    7    0.00    0.00    1.98    0.00    0.00   34.65    0.00    0.00    0.00   63.37

12:38:49 AM  CPU    %usr   %nice    %sys %iowait    %irq   %soft  %steal  %guest  %gnice   %idle
12:38:50 AM  all    0.25    0.00   30.26    0.00    0.25   15.19    0.00    0.00    0.00   54.05
12:38:50 AM    0    1.01    0.00   92.93    0.00    0.00    4.04    0.00    0.00    0.00    2.02
12:38:50 AM    1    1.00    0.00   91.00    0.00    1.00    4.00    0.00    0.00    0.00    3.00
12:38:50 AM    2    0.00    0.00   25.49    0.00    0.98   21.57    0.00    0.00    0.00   51.96
12:38:50 AM    3    0.00    0.00   23.53    0.00    0.00   23.53    0.00    0.00    0.00   52.94
12:38:50 AM    4    0.00    0.00    0.00    0.00    0.00    0.00    0.00    0.00    0.00  100.00
12:38:50 AM    5    0.00    0.00    7.00    0.00    0.00   35.00    0.00    0.00    0.00   58.00
12:38:50 AM    6    0.00    0.00    0.00    0.00    0.00    0.00    0.00    0.00    0.00  100.00
12:38:50 AM    7    0.00    0.00    3.03    0.00    0.00   33.33    0.00    0.00    0.00   63.64

12:38:50 AM  CPU    %usr   %nice    %sys %iowait    %irq   %soft  %steal  %guest  %gnice   %idle
12:38:51 AM  all    0.50    0.00   30.94    0.00    0.25   15.35    0.00    0.00    0.00   52.97
12:38:51 AM    0    1.98    0.00   91.09    0.00    0.99    4.95    0.00    0.00    0.00    0.99
12:38:51 AM    1    2.00    0.00   92.00    0.00    0.00    5.00    0.00    0.00    0.00    1.00
12:38:51 AM    2    0.00    0.00   29.41    0.00    0.00   21.57    0.00    0.00    0.00   49.02
12:38:51 AM    3    0.00    0.00   26.21    0.00    0.00   24.27    0.00    0.00    0.00   49.51
12:38:51 AM    4    0.00    0.00    0.00    0.00    0.00    0.00    0.00    0.00    0.00  100.00
12:38:51 AM    5    0.00    0.00    6.00    0.00    0.00   33.00    0.00    0.00    0.00   61.00
12:38:51 AM    6    0.00    0.00    0.00    0.00    0.00    0.00    0.00    0.00    0.00  100.00
12:38:51 AM    7    0.00    0.00    2.94    0.00    0.98   33.33    0.00    0.00    0.00   62.75

12:38:51 AM  CPU    %usr   %nice    %sys %iowait    %irq   %soft  %steal  %guest  %gnice   %idle
12:38:52 AM  all    0.37    0.00   26.12    0.00    0.37   16.67    0.00    0.00    0.00   56.47
12:38:52 AM    0    2.00    0.00   86.00    0.00    0.00    6.00    0.00    0.00    0.00    6.00
12:38:52 AM    1    1.01    0.00   86.87    0.00    1.01    5.05    0.00    0.00    0.00    6.06
12:38:52 AM    2    0.00    0.00   17.82    0.00    0.99   26.73    0.00    0.00    0.00   54.46
12:38:52 AM    3    0.00    0.00   11.76    0.00    0.98   25.49    0.00    0.00    0.00   61.76
12:38:52 AM    4    0.00    0.00    0.00    0.00    0.00    0.00    0.00    0.00    0.00  100.00
12:38:52 AM    5    0.00    0.00    4.95    0.00    0.00   31.68    0.00    0.00    0.00   63.37
12:38:52 AM    6    0.00    0.00    0.00    0.00    0.00    0.00    0.00    0.00    0.00  100.00
12:38:52 AM    7    0.00    0.00    2.97    0.00    0.00   37.62    0.00    0.00    0.00   59.41

12:38:52 AM  CPU    %usr   %nice    %sys %iowait    %irq   %soft  %steal  %guest  %gnice   %idle
12:38:53 AM  all    0.37    0.00   27.49    0.00    0.25   16.79    0.00    0.00    0.00   55.10
12:38:53 AM    0    1.02    0.00   88.78    0.00    1.02    5.10    0.00    0.00    0.00    4.08
12:38:53 AM    1    2.02    0.00   87.88    0.00    0.00    6.06    0.00    0.00    0.00    4.04
12:38:53 AM    2    0.00    0.00   20.95    0.00    0.00   31.43    0.00    0.00    0.00   47.62
12:38:53 AM    3    0.00    0.00   15.69    0.00    0.98   25.49    0.00    0.00    0.00   57.84
12:38:53 AM    4    0.00    0.00    0.00    0.00    0.00    0.00    0.00    0.00    0.00  100.00
12:38:53 AM    5    0.00    0.00    6.00    0.00    0.00   31.00    0.00    0.00    0.00   63.00
12:38:53 AM    6    0.00    0.00    0.00    0.00    0.00    0.00    0.00    0.00    0.00  100.00
12:38:53 AM    7    0.00    0.00    3.00    0.00    0.00   34.00    0.00    0.00    0.00   63.00

12:38:53 AM  CPU    %usr   %nice    %sys %iowait    %irq   %soft  %steal  %guest  %gnice   %idle
12:38:54 AM  all    0.25    0.00   29.94    0.00    0.37   14.91    0.00    0.00    0.00   54.53
12:38:54 AM    0    1.01    0.00   89.90    0.00    0.00    5.05    0.00    0.00    0.00    4.04
12:38:54 AM    1    1.00    0.00   91.00    0.00    1.00    5.00    0.00    0.00    0.00    2.00
12:38:54 AM    2    0.00    0.00   34.95    0.00    0.97   24.27    0.00    0.00    0.00   39.81
12:38:54 AM    3    0.00    0.00   18.81    0.00    0.00   23.76    0.00    0.00    0.00   57.43
12:38:54 AM    4    0.00    0.00    0.00    0.00    0.00    0.00    0.00    0.00    0.00  100.00
12:38:54 AM    5    0.00    0.00    3.96    0.00    0.99   28.71    0.00    0.00    0.00   66.34
12:38:54 AM    6    0.00    0.00    0.00    0.00    0.00    0.00    0.00    0.00    0.00  100.00
12:38:54 AM    7    0.00    0.00    1.98    0.00    0.00   31.68    0.00    0.00    0.00   66.34

12:38:54 AM  CPU    %usr   %nice    %sys %iowait    %irq   %soft  %steal  %guest  %gnice   %idle
12:38:55 AM  all    0.37    0.00   31.39    0.00    0.25   13.52    0.00    0.00    0.00   54.47
12:38:55 AM    0    1.01    0.00   87.88    0.00    1.01    4.04    0.00    0.00    0.00    6.06
12:38:55 AM    1    1.96    0.00   88.24    0.00    0.00    4.90    0.00    0.00    0.00    4.90
12:38:55 AM    2    0.00    0.00   33.00    0.00    0.00   20.00    0.00    0.00    0.00   47.00
12:38:55 AM    3    0.00    0.00   22.12    0.00    0.96   21.15    0.00    0.00    0.00   55.77
12:38:55 AM    4    0.00    0.00    0.00    0.00    0.00    0.00    0.00    0.00    0.00  100.00
12:38:55 AM    5    0.00    0.00   11.88    0.00    0.00   26.73    0.00    0.00    0.00   61.39
12:38:55 AM    6    0.00    0.00    0.00    0.00    0.00    0.00    0.00    0.00    0.00  100.00
12:38:55 AM    7    0.00    0.00    8.00    0.00    0.00   31.00    0.00    0.00    0.00   61.00

12:38:55 AM  CPU    %usr   %nice    %sys %iowait    %irq   %soft  %steal  %guest  %gnice   %idle
12:38:56 AM  all    0.50    0.00   29.57    0.00    0.50   14.91    0.00    0.00    0.00   54.53
12:38:56 AM    0    1.98    0.00   90.10    0.00    0.00    4.95    0.00    0.00    0.00    2.97
12:38:56 AM    1    2.02    0.00   88.89    0.00    1.01    4.04    0.00    0.00    0.00    4.04
12:38:56 AM    2    0.00    0.00   26.92    0.00    0.96   25.00    0.00    0.00    0.00   47.12
12:38:56 AM    3    0.00    0.00   20.00    0.00    0.00   24.00    0.00    0.00    0.00   56.00
12:38:56 AM    4    0.00    0.00    0.00    0.00    0.98    0.98    0.00    0.00    0.00   98.04
12:38:56 AM    5    0.00    0.00    7.14    0.00    0.00   28.57    0.00    0.00    0.00   64.29
12:38:56 AM    6    0.00    0.00    0.00    0.00    0.00    0.00    0.00    0.00    0.00  100.00
12:38:56 AM    7    0.00    0.00    3.96    0.00    0.99   31.68    0.00    0.00    0.00   63.37

12:38:56 AM  CPU    %usr   %nice    %sys %iowait    %irq   %soft  %steal  %guest  %gnice   %idle
12:38:57 AM  all    0.12    0.00   32.46    0.00    0.12   14.11    0.00    0.00    0.00   53.18
12:38:57 AM    0    1.01    0.00   92.93    0.00    0.00    4.04    0.00    0.00    0.00    2.02
12:38:57 AM    1    0.00    0.00   92.93    0.00    0.00    4.04    0.00    0.00    0.00    3.03
12:38:57 AM    2    0.00    0.00   28.43    0.00    0.00   21.57    0.00    0.00    0.00   50.00
12:38:57 AM    3    0.00    0.00   31.37    0.00    0.98   19.61    0.00    0.00    0.00   48.04
12:38:57 AM    4    0.00    0.00    0.00    0.00    0.00    0.00    0.00    0.00    0.00  100.00
12:38:57 AM    5    0.00    0.00    9.90    0.00    0.00   27.72    0.00    0.00    0.00   62.38
12:38:57 AM    6    0.00    0.00    0.00    0.00    0.00    0.00    0.00    0.00    0.00  100.00
12:38:57 AM    7    0.00    0.00    5.05    0.00    0.00   35.35    0.00    0.00    0.00   59.60

12:38:57 AM  CPU    %usr   %nice    %sys %iowait    %irq   %soft  %steal  %guest  %gnice   %idle
12:38:58 AM  all    0.37    0.00   31.47    0.00    0.37   14.00    0.00    0.00    0.00   53.78
12:38:58 AM    0    2.00    0.00   91.00    0.00    1.00    3.00    0.00    0.00    0.00    3.00
12:38:58 AM    1    0.99    0.00   89.11    0.00    0.99    3.96    0.00    0.00    0.00    4.95
12:38:58 AM    2    0.00    0.00   26.47    0.00    0.98   21.57    0.00    0.00    0.00   50.98
12:38:58 AM    3    0.00    0.00   30.39    0.00    0.00   19.61    0.00    0.00    0.00   50.00
12:38:58 AM    4    0.00    0.00    0.00    0.00    0.00    0.00    0.00    0.00    0.00  100.00
12:38:58 AM    5    0.00    0.00   10.00    0.00    0.00   34.00    0.00    0.00    0.00   56.00
12:38:58 AM    6    0.00    0.00    0.00    0.00    0.00    0.00    0.00    0.00    0.00  100.00
12:38:58 AM    7    0.00    0.00    4.95    0.00    0.00   29.70    0.00    0.00    0.00   65.35

12:38:58 AM  CPU    %usr   %nice    %sys %iowait    %irq   %soft  %steal  %guest  %gnice   %idle
12:38:59 AM  all    0.50    0.00   30.19    0.00    0.12   15.16    0.00    0.00    0.00   54.04
12:38:59 AM    0    1.00    0.00   91.00    0.00    0.00    5.00    0.00    0.00    0.00    3.00
12:38:59 AM    1    3.03    0.00   91.92    0.00    0.00    4.04    0.00    0.00    0.00    1.01
12:38:59 AM    2    0.00    0.00   23.53    0.00    0.00   24.51    0.00    0.00    0.00   51.96
12:38:59 AM    3    0.00    0.00   22.33    0.00    0.97   24.27    0.00    0.00    0.00   52.43
12:38:59 AM    4    0.00    0.00    0.00    0.00    0.00    0.00    0.00    0.00    0.00  100.00
12:38:59 AM    5    0.00    0.00    9.90    0.00    0.00   28.71    0.00    0.00    0.00   61.39
12:38:59 AM    6    0.00    0.00    0.00    0.00    0.00    0.00    0.00    0.00    0.00  100.00
12:38:59 AM    7    0.00    0.00    4.00    0.00    0.00   34.00    0.00    0.00    0.00   62.00

12:38:59 AM  CPU    %usr   %nice    %sys %iowait    %irq   %soft  %steal  %guest  %gnice   %idle
12:39:00 AM  all    0.25    0.00   29.34    0.00    0.25   16.35    0.00    0.00    0.00   53.81
12:39:00 AM    0    1.02    0.00   92.86    0.00    1.02    5.10    0.00    0.00    0.00    0.00
12:39:00 AM    1    1.01    0.00   92.93    0.00    0.00    5.05    0.00    0.00    0.00    1.01
12:39:00 AM    2    0.00    0.00   19.61    0.00    0.98   26.47    0.00    0.00    0.00   52.94
12:39:00 AM    3    0.00    0.00   22.55    0.00    0.00   24.51    0.00    0.00    0.00   52.94
12:39:00 AM    4    0.00    0.00    0.00    0.00    0.00    0.00    0.00    0.00    0.00  100.00
12:39:00 AM    5    0.00    0.00    6.00    0.00    0.00   33.00    0.00    0.00    0.00   61.00
12:39:00 AM    6    0.00    0.00    0.00    0.00    0.00    0.00    0.00    0.00    0.00  100.00
12:39:00 AM    7    0.00    0.00    3.00    0.00    0.00   36.00    0.00    0.00    0.00   61.00

12:39:00 AM  CPU    %usr   %nice    %sys %iowait    %irq   %soft  %steal  %guest  %gnice   %idle
12:39:01 AM  all    0.37    0.00   30.16    0.00    0.37   15.45    0.00    0.00    0.00   53.65
12:39:01 AM    0    1.98    0.00   92.08    0.00    0.00    4.95    0.00    0.00    0.00    0.99
12:39:01 AM    1    0.99    0.00   89.11    0.00    0.99    5.94    0.00    0.00    0.00    2.97
12:39:01 AM    2    0.00    0.00   24.51    0.00    0.00   23.53    0.00    0.00    0.00   51.96
12:39:01 AM    3    0.00    0.00   26.21    0.00    0.97   22.33    0.00    0.00    0.00   50.49
12:39:01 AM    4    0.00    0.00    0.00    0.00    0.00    0.00    0.00    0.00    0.00  100.00
12:39:01 AM    5    0.00    0.00    5.94    0.00    0.99   32.67    0.00    0.00    0.00   60.40
12:39:01 AM    6    0.00    0.00    0.00    0.00    0.00    0.00    0.00    0.00    0.00  100.00
12:39:01 AM    7    0.00    0.00    2.97    0.00    0.00   33.66    0.00    0.00    0.00   63.37

12:39:01 AM  CPU    %usr   %nice    %sys %iowait    %irq   %soft  %steal  %guest  %gnice   %idle
12:39:02 AM  all    0.25    0.00   31.81    0.00    0.37   14.23    0.00    0.00    0.00   53.34
12:39:02 AM    0    0.99    0.00   91.09    0.00    0.99    3.96    0.00    0.00    0.00    2.97
12:39:02 AM    1    1.00    0.00   93.00    0.00    0.00    4.00    0.00    0.00    0.00    2.00
12:39:02 AM    2    0.00    0.00   22.12    0.00    0.96   24.04    0.00    0.00    0.00   52.88
12:39:02 AM    3    0.00    0.00   31.37    0.00    0.00   19.61    0.00    0.00    0.00   49.02
12:39:02 AM    4    0.00    0.00    0.00    0.00    0.00    0.00    0.00    0.00    0.00  100.00
12:39:02 AM    5    0.00    0.00    9.00    0.00    0.00   28.00    0.00    0.00    0.00   63.00
12:39:02 AM    6    0.00    0.00    0.00    0.00    0.00    0.00    0.00    0.00    0.00  100.00
12:39:02 AM    7    0.00    0.00    7.92    0.00    0.99   33.66    0.00    0.00    0.00   57.43

12:39:02 AM  CPU    %usr   %nice    %sys %iowait    %irq   %soft  %steal  %guest  %gnice   %idle
12:39:03 AM  all    0.37    0.00   30.01    0.00    0.12   15.82    0.00    0.00    0.00   53.67
12:39:03 AM    0    1.02    0.00   91.84    0.00    0.00    6.12    0.00    0.00    0.00    1.02
12:39:03 AM    1    2.00    0.00   91.00    0.00    1.00    5.00    0.00    0.00    0.00    1.00
12:39:03 AM    2    0.00    0.00   23.30    0.00    0.00   26.21    0.00    0.00    0.00   50.49
12:39:03 AM    3    0.00    0.00   25.49    0.00    0.00   23.53    0.00    0.00    0.00   50.98
12:39:03 AM    4    0.00    0.00    0.00    0.00    0.00    0.00    0.00    0.00    0.00  100.00
12:39:03 AM    5    0.00    0.00    7.00    0.00    0.00   32.00    0.00    0.00    0.00   61.00
12:39:03 AM    6    0.00    0.00    0.00    0.00    0.00    0.00    0.00    0.00    0.00  100.00
12:39:03 AM    7    0.00    0.00    3.00    0.00    0.00   33.00    0.00    0.00    0.00   64.00

12:39:03 AM  CPU    %usr   %nice    %sys %iowait    %irq   %soft  %steal  %guest  %gnice   %idle
12:39:04 AM  all    0.25    0.00   29.64    0.00    0.37   14.45    0.00    0.00    0.00   55.29
12:39:04 AM    0    1.01    0.00   88.89    0.00    1.01    4.04    0.00    0.00    0.00    5.05
12:39:04 AM    1    1.01    0.00   89.90    0.00    0.00    4.04    0.00    0.00    0.00    5.05
12:39:04 AM    2    0.00    0.00   18.63    0.00    0.98   24.51    0.00    0.00    0.00   55.88
12:39:04 AM    3    0.00    0.00   26.21    0.00    0.97   23.30    0.00    0.00    0.00   49.51
12:39:04 AM    4    0.00    0.00    0.00    0.00    0.00    0.00    0.00    0.00    0.00  100.00
12:39:04 AM    5    0.00    0.00   10.00    0.00    0.00   29.00    0.00    0.00    0.00   61.00
12:39:04 AM    6    0.00    0.00    0.00    0.00    0.00    0.00    0.00    0.00    0.00  100.00
12:39:04 AM    7    0.00    0.00    5.00    0.00    0.00   30.00    0.00    0.00    0.00   65.00

12:39:04 AM  CPU    %usr   %nice    %sys %iowait    %irq   %soft  %steal  %guest  %gnice   %idle
12:39:05 AM  all    0.37    0.00   32.88    0.00    0.12   13.77    0.00    0.00    0.00   52.85
12:39:05 AM    0    1.98    0.00   90.10    0.00    0.00    3.96    0.00    0.00    0.00    3.96
12:39:05 AM    1    0.99    0.00   93.07    0.00    0.99    3.96    0.00    0.00    0.00    0.99
12:39:05 AM    2    0.00    0.00   22.55    0.00    0.00   23.53    0.00    0.00    0.00   53.92
12:39:05 AM    3    0.00    0.00   34.65    0.00    0.00   19.80    0.00    0.00    0.00   45.54
12:39:05 AM    4    0.00    0.00    0.00    0.00    0.00    0.00    0.00    0.00    0.00  100.00
12:39:05 AM    5    0.00    0.00   14.00    0.00    0.00   26.00    0.00    0.00    0.00   60.00
12:39:05 AM    6    0.00    0.00    0.00    0.00    0.00    0.00    0.00    0.00    0.00  100.00
12:39:05 AM    7    0.00    0.00    7.92    0.00    0.00   32.67    0.00    0.00    0.00   59.41

12:39:05 AM  CPU    %usr   %nice    %sys %iowait    %irq   %soft  %steal  %guest  %gnice   %idle
12:39:06 AM  all    0.37    0.00   34.62    0.00    0.50   12.90    0.00    0.00    0.00   51.61
12:39:06 AM    0    1.00    0.00   93.00    0.00    1.00    3.00    0.00    0.00    0.00    2.00
12:39:06 AM    1    2.00    0.00   94.00    0.00    0.00    3.00    0.00    0.00    0.00    1.00
12:39:06 AM    2    0.00    0.00   29.41    0.00    0.98   20.59    0.00    0.00    0.00   49.02
12:39:06 AM    3    0.00    0.00   31.37    0.00    0.98   17.65    0.00    0.00    0.00   50.00
12:39:06 AM    4    0.00    0.00    0.00    0.00    0.99    0.00    0.00    0.00    0.00   99.01
12:39:06 AM    5    0.00    0.00   20.59    0.00    0.00   28.43    0.00    0.00    0.00   50.98
12:39:06 AM    6    0.00    0.00    0.00    0.00    0.00    0.00    0.00    0.00    0.00  100.00
12:39:06 AM    7    0.00    0.00    9.09    0.00    0.00   30.30    0.00    0.00    0.00   60.61

12:39:06 AM  CPU    %usr   %nice    %sys %iowait    %irq   %soft  %steal  %guest  %gnice   %idle
12:39:07 AM  all    0.37    0.00   33.21    0.00    0.25   13.23    0.00    0.00    0.00   52.93
12:39:07 AM    0    1.98    0.00   92.08    0.00    0.00    2.97    0.00    0.00    0.00    2.97
12:39:07 AM    1    1.02    0.00   91.84    0.00    1.02    3.06    0.00    0.00    0.00    3.06
12:39:07 AM    2    0.00    0.00   22.33    0.00    0.97   22.33    0.00    0.00    0.00   54.37
12:39:07 AM    3    0.00    0.00   27.00    0.00    0.00   21.00    0.00    0.00    0.00   52.00
12:39:07 AM    4    0.00    0.00    0.00    0.00    0.00    0.00    0.00    0.00    0.00  100.00
12:39:07 AM    5    0.00    0.00   25.00    0.00    0.00   26.00    0.00    0.00    0.00   49.00
12:39:07 AM    6    0.00    0.00    0.00    0.00    0.00    0.00    0.00    0.00    0.00  100.00
12:39:07 AM    7    0.00    0.00    8.00    0.00    0.00   30.00    0.00    0.00    0.00   62.00

12:39:07 AM  CPU    %usr   %nice    %sys %iowait    %irq   %soft  %steal  %guest  %gnice   %idle
12:39:08 AM  all    0.25    0.00   34.99    0.00    0.50   12.28    0.00    0.00    0.00   51.99
12:39:08 AM    0    0.00    0.00   94.90    0.00    1.02    2.04    0.00    0.00    0.00    2.04
12:39:08 AM    1    1.98    0.00   92.08    0.00    0.00    2.97    0.00    0.00    0.00    2.97
12:39:08 AM    2    0.00    0.00   30.39    0.00    0.00   20.59    0.00    0.00    0.00   49.02
12:39:08 AM    3    0.00    0.00   33.98    0.00    0.97   17.48    0.00    0.00    0.00   47.57
12:39:08 AM    4    0.00    0.00    0.00    0.00    0.00    0.99    0.00    0.00    0.00   99.01
12:39:08 AM    5    0.00    0.00   20.00    0.00    1.00   23.00    0.00    0.00    0.00   56.00
12:39:08 AM    6    0.00    0.00    0.00    0.00    0.00    0.00    0.00    0.00    0.00  100.00
12:39:08 AM    7    0.00    0.00    9.90    0.00    0.99   30.69    0.00    0.00    0.00   58.42

12:39:08 AM  CPU    %usr   %nice    %sys %iowait    %irq   %soft  %steal  %guest  %gnice   %idle
12:39:09 AM  all    0.50    0.00   33.54    0.00    0.25   13.34    0.00    0.00    0.00   52.37
12:39:09 AM    0    2.02    0.00   91.92    0.00    0.00    4.04    0.00    0.00    0.00    2.02
12:39:09 AM    1    2.02    0.00   91.92    0.00    1.01    3.03    0.00    0.00    0.00    2.02
12:39:09 AM    2    0.00    0.00   28.16    0.00    0.97   20.39    0.00    0.00    0.00   50.49
12:39:09 AM    3    0.00    0.00   30.00    0.00    0.00   19.00    0.00    0.00    0.00   51.00
12:39:09 AM    4    0.00    0.00    0.00    0.00    0.00    0.00    0.00    0.00    0.00  100.00
12:39:09 AM    5    0.00    0.00   17.00    0.00    0.00   26.00    0.00    0.00    0.00   57.00
12:39:09 AM    6    0.00    0.00    0.00    0.00    0.00    0.00    0.00    0.00    0.00  100.00
12:39:09 AM    7    0.00    0.00   10.89    0.00    0.00   33.66    0.00    0.00    0.00   55.45

12:39:09 AM  CPU    %usr   %nice    %sys %iowait    %irq   %soft  %steal  %guest  %gnice   %idle
12:39:10 AM  all    0.37    0.00   31.30    0.00    0.25   13.66    0.00    0.00    0.00   54.41
12:39:10 AM    0    1.98    0.00   88.12    0.00    0.99    2.97    0.00    0.00    0.00    5.94
12:39:10 AM    1    1.00    0.00   90.00    0.00    0.00    4.00    0.00    0.00    0.00    5.00
12:39:10 AM    2    0.00    0.00   22.22    0.00    0.00   22.22    0.00    0.00    0.00   55.56
12:39:10 AM    3    0.00    0.00   24.27    0.00    0.97   20.39    0.00    0.00    0.00   54.37
12:39:10 AM    4    0.00    0.00    0.00    0.00    0.00    0.00    0.00    0.00    0.00  100.00
12:39:10 AM    5    0.00    0.00   14.85    0.00    0.00   26.73    0.00    0.00    0.00   58.42
12:39:10 AM    6    0.00    0.00    0.00    0.00    0.00    0.00    0.00    0.00    0.00  100.00
12:39:10 AM    7    0.00    0.00   11.00    0.00    0.00   33.00    0.00    0.00    0.00   56.00

12:39:10 AM  CPU    %usr   %nice    %sys %iowait    %irq   %soft  %steal  %guest  %gnice   %idle
12:39:11 AM  all    0.25    0.00   31.89    0.00    0.25   14.83    0.00    0.00    0.00   52.78
12:39:11 AM    0    0.00    0.00   95.00    0.00    0.00    4.00    0.00    0.00    0.00    1.00
12:39:11 AM    1    1.98    0.00   91.09    0.00    0.99    3.96    0.00    0.00    0.00    1.98
12:39:11 AM    2    0.00    0.00   26.67    0.00    0.95   23.81    0.00    0.00    0.00   48.57
12:39:11 AM    3    0.00    0.00   32.35    0.00    0.00   20.59    0.00    0.00    0.00   47.06
12:39:11 AM    4    0.00    0.00    0.00    0.00    0.00    0.00    0.00    0.00    0.00  100.00
12:39:11 AM    5    0.00    0.00    6.00    0.00    0.00   33.00    0.00    0.00    0.00   61.00
12:39:11 AM    6    0.00    0.00    0.00    0.00    0.00    0.00    0.00    0.00    0.00  100.00
12:39:11 AM    7    0.00    0.00    3.96    0.00    0.00   32.67    0.00    0.00    0.00   63.37

12:39:11 AM  CPU    %usr   %nice    %sys %iowait    %irq   %soft  %steal  %guest  %gnice   %idle
12:39:12 AM  all    0.37    0.00   32.13    0.00    0.12   14.82    0.00    0.00    0.00   52.55
12:39:12 AM    0    2.02    0.00   92.93    0.00    1.01    4.04    0.00    0.00    0.00    0.00
12:39:12 AM    1    1.00    0.00   94.00    0.00    0.00    5.00    0.00    0.00    0.00    0.00
12:39:12 AM    2    0.00    0.00   27.45    0.00    0.00   21.57    0.00    0.00    0.00   50.98
12:39:12 AM    3    0.00    0.00   33.66    0.00    0.00   19.80    0.00    0.00    0.00   46.53
12:39:12 AM    4    0.00    0.00    0.00    0.00    0.00    0.00    0.00    0.00    0.00  100.00
12:39:12 AM    5    0.00    0.00    6.93    0.00    0.00   31.68    0.00    0.00    0.00   61.39
12:39:12 AM    6    0.00    0.00    0.00    0.00    0.00    0.00    0.00    0.00    0.00  100.00
12:39:12 AM    7    0.00    0.00    3.00    0.00    0.00   36.00    0.00    0.00    0.00   61.00

12:39:12 AM  CPU    %usr   %nice    %sys %iowait    %irq   %soft  %steal  %guest  %gnice   %idle
12:39:13 AM  all    0.37    0.00   32.42    0.00    0.37   14.29    0.00    0.00    0.00   52.55
12:39:13 AM    0    1.98    0.00   92.08    0.00    0.00    3.96    0.00    0.00    0.00    1.98
12:39:13 AM    1    1.01    0.00   92.93    0.00    1.01    3.03    0.00    0.00    0.00    2.02
12:39:13 AM    2    0.00    0.00   25.74    0.00    0.00   22.77    0.00    0.00    0.00   51.49
12:39:13 AM    3    0.00    0.00   31.07    0.00    0.97   21.36    0.00    0.00    0.00   46.60
12:39:13 AM    4    0.00    0.00    0.00    0.00    0.00    0.00    0.00    0.00    0.00  100.00
12:39:13 AM    5    0.00    0.00   13.00    0.00    0.00   30.00    0.00    0.00    0.00   57.00
12:39:13 AM    6    0.00    0.00    0.00    0.00    0.00    0.00    0.00    0.00    0.00  100.00
12:39:13 AM    7    0.00    0.00    4.95    0.00    0.99   32.67    0.00    0.00    0.00   61.39

12:39:13 AM  CPU    %usr   %nice    %sys %iowait    %irq   %soft  %steal  %guest  %gnice   %idle
12:39:14 AM  all    0.12    0.00   31.89    0.00    0.25   14.76    0.00    0.00    0.00   52.98
12:39:14 AM    0    0.00    0.00   93.94    0.00    1.01    4.04    0.00    0.00    0.00    1.01
12:39:14 AM    1    1.00    0.00   94.00    0.00    0.00    4.00    0.00    0.00    0.00    1.00
12:39:14 AM    2    0.00    0.00   27.88    0.00    0.96   22.12    0.00    0.00    0.00   49.04
12:39:14 AM    3    0.00    0.00   25.49    0.00    0.00   23.53    0.00    0.00    0.00   50.98
12:39:14 AM    4    0.00    0.00    0.00    0.00    0.00    0.00    0.00    0.00    0.00  100.00
12:39:14 AM    5    0.00    0.00   10.00    0.00    0.00   32.00    0.00    0.00    0.00   58.00
12:39:14 AM    6    0.00    0.00    0.00    0.00    0.00    0.00    0.00    0.00    0.00  100.00
12:39:14 AM    7    0.00    0.00    4.95    0.00    0.00   31.68    0.00    0.00    0.00   63.37

12:39:14 AM  CPU    %usr   %nice    %sys %iowait    %irq   %soft  %steal  %guest  %gnice   %idle
12:39:15 AM  all    0.50    0.00   28.61    0.00    0.25   15.55    0.00    0.00    0.00   55.10
12:39:15 AM    0    2.97    0.00   86.14    0.00    0.00    4.95    0.00    0.00    0.00    5.94
12:39:15 AM    1    0.99    0.00   88.12    0.00    0.99    4.95    0.00    0.00    0.00    4.95
12:39:15 AM    2    0.00    0.00   19.61    0.00    0.00   25.49    0.00    0.00    0.00   54.90
12:39:15 AM    3    0.00    0.00   20.59    0.00    0.98   22.55    0.00    0.00    0.00   55.88
12:39:15 AM    4    0.00    0.00    0.00    0.00    0.00    0.00    0.00    0.00    0.00  100.00
12:39:15 AM    5    0.00    0.00    9.00    0.00    0.00   30.00    0.00    0.00    0.00   61.00
12:39:15 AM    6    0.00    0.00    0.00    0.00    0.00    0.00    0.00    0.00    0.00  100.00
12:39:15 AM    7    0.00    0.00    4.04    0.00    0.00   36.36    0.00    0.00    0.00   59.60

12:39:15 AM  CPU    %usr   %nice    %sys %iowait    %irq   %soft  %steal  %guest  %gnice   %idle
12:39:16 AM  all    0.37    0.00   29.91    0.00    0.37   15.33    0.00    0.00    0.00   54.02
12:39:16 AM    0    2.00    0.00   91.00    0.00    1.00    4.00    0.00    0.00    0.00    2.00
12:39:16 AM    1    1.00    0.00   91.00    0.00    0.00    5.00    0.00    0.00    0.00    3.00
12:39:16 AM    2    0.00    0.00   18.45    0.00    0.97   27.18    0.00    0.00    0.00   53.40
12:39:16 AM    3    0.00    0.00   27.18    0.00    0.00   24.27    0.00    0.00    0.00   48.54
12:39:16 AM    4    0.00    0.00    0.00    0.00    0.00    0.00    0.00    0.00    0.00  100.00
12:39:16 AM    5    0.00    0.00    9.80    0.00    0.98   28.43    0.00    0.00    0.00   60.78
12:39:16 AM    6    0.00    0.00    0.00    0.00    0.00    0.00    0.00    0.00    0.00  100.00
12:39:16 AM    7    0.00    0.00    2.97    0.00    0.00   32.67    0.00    0.00    0.00   64.36

12:39:16 AM  CPU    %usr   %nice    %sys %iowait    %irq   %soft  %steal  %guest  %gnice   %idle
12:39:17 AM  all    0.25    0.00   29.99    0.00    0.50   15.61    0.00    0.00    0.00   53.66
12:39:17 AM    0    1.01    0.00   91.92    0.00    0.00    5.05    0.00    0.00    0.00    2.02
12:39:17 AM    1    1.00    0.00   91.00    0.00    1.00    5.00    0.00    0.00    0.00    2.00
12:39:17 AM    2    0.00    0.00   22.12    0.00    0.96   22.12    0.00    0.00    0.00   54.81
12:39:17 AM    3    0.00    0.00   22.33    0.00    0.97   23.30    0.00    0.00    0.00   53.40
12:39:17 AM    4    0.00    0.00    0.00    0.00    0.99    0.00    0.00    0.00    0.00   99.01
12:39:17 AM    5    0.00    0.00    8.00    0.00    0.00   28.00    0.00    0.00    0.00   64.00
12:39:17 AM    6    0.00    0.00    0.00    0.00    0.00    0.00    0.00    0.00    0.00  100.00
12:39:17 AM    7    0.00    0.00    6.00    0.00    0.00   41.00    0.00    0.00    0.00   53.00

12:39:17 AM  CPU    %usr   %nice    %sys %iowait    %irq   %soft  %steal  %guest  %gnice   %idle
12:39:18 AM  all    0.25    0.00   33.54    0.00    0.25   13.34    0.00    0.00    0.00   52.62
12:39:18 AM    0    1.00    0.00   92.00    0.00    1.00    4.00    0.00    0.00    0.00    2.00
12:39:18 AM    1    1.01    0.00   94.95    0.00    0.00    3.03    0.00    0.00    0.00    1.01
12:39:18 AM    2    0.00    0.00   31.68    0.00    0.00   17.82    0.00    0.00    0.00   50.50
12:39:18 AM    3    0.00    0.00   39.60    0.00    0.00   18.81    0.00    0.00    0.00   41.58
12:39:18 AM    4    0.00    0.00    0.00    0.00    0.00    0.00    0.00    0.00    0.00  100.00
12:39:18 AM    5    0.00    0.00    8.08    0.00    0.00   30.30    0.00    0.00    0.00   61.62
12:39:18 AM    6    0.00    0.00    0.00    0.00    0.00    0.00    0.00    0.00    0.00  100.00
12:39:18 AM    7    0.00    0.00    2.97    0.00    0.99   32.67    0.00    0.00    0.00   63.37

12:39:18 AM  CPU    %usr   %nice    %sys %iowait    %irq   %soft  %steal  %guest  %gnice   %idle
12:39:19 AM  all    0.37    0.00   30.97    0.00    0.37   14.18    0.00    0.00    0.00   54.10
12:39:19 AM    0    2.00    0.00   89.00    0.00    0.00    4.00    0.00    0.00    0.00    5.00
12:39:19 AM    1    1.01    0.00   89.90    0.00    1.01    4.04    0.00    0.00    0.00    4.04
12:39:19 AM    2    0.00    0.00   26.00    0.00    1.00   21.00    0.00    0.00    0.00   52.00
12:39:19 AM    3    0.00    0.00   29.81    0.00    0.96   23.08    0.00    0.00    0.00   46.15
12:39:19 AM    4    0.00    0.00    0.00    0.00    0.00    0.00    0.00    0.00    0.00  100.00
12:39:19 AM    5    0.00    0.00   11.00    0.00    0.00   32.00    0.00    0.00    0.00   57.00
12:39:19 AM    6    0.00    0.00    0.00    0.00    0.00    0.00    0.00    0.00    0.00  100.00
12:39:19 AM    7    0.00    0.00    2.97    0.00    0.00   28.71    0.00    0.00    0.00   68.32

12:39:19 AM  CPU    %usr   %nice    %sys %iowait    %irq   %soft  %steal  %guest  %gnice   %idle
12:39:20 AM  all    0.62    0.00   29.16    0.00    0.12   16.00    0.00    0.00    0.00   54.09
12:39:20 AM    0    3.00    0.00   89.00    0.00    1.00    5.00    0.00    0.00    0.00    2.00
12:39:20 AM    1    1.98    0.00   89.11    0.00    0.00    5.94    0.00    0.00    0.00    2.97
12:39:20 AM    2    0.00    0.00   16.83    0.00    0.00   25.74    0.00    0.00    0.00   57.43
12:39:20 AM    3    0.00    0.00   25.49    0.00    0.00   25.49    0.00    0.00    0.00   49.02
12:39:20 AM    4    0.00    0.00    0.00    0.00    0.00    0.99    0.00    0.00    0.00   99.01
12:39:20 AM    5    0.00    0.00    9.80    0.00    0.00   34.31    0.00    0.00    0.00   55.88
12:39:20 AM    6    0.00    0.00    0.00    0.00    0.00    0.00    0.00    0.00    0.00  100.00
12:39:20 AM    7    0.00    0.00    3.03    0.00    0.00   30.30    0.00    0.00    0.00   66.67

12:39:20 AM  CPU    %usr   %nice    %sys %iowait    %irq   %soft  %steal  %guest  %gnice   %idle
12:39:21 AM  all    0.37    0.00   31.27    0.00    0.37   14.64    0.00    0.00    0.00   53.35
12:39:21 AM    0    1.01    0.00   91.92    0.00    0.00    4.04    0.00    0.00    0.00    3.03
12:39:21 AM    1    2.00    0.00   90.00    0.00    1.00    4.00    0.00    0.00    0.00    3.00
12:39:21 AM    2    0.00    0.00   24.27    0.00    0.97   21.36    0.00    0.00    0.00   53.40
12:39:21 AM    3    0.00    0.00   27.18    0.00    0.97   24.27    0.00    0.00    0.00   47.57
12:39:21 AM    4    0.00    0.00    0.00    0.00    0.00    0.00    0.00    0.00    0.00  100.00
12:39:21 AM    5    0.00    0.00   13.00    0.00    0.00   29.00    0.00    0.00    0.00   58.00
12:39:21 AM    6    0.00    0.00    0.00    0.00    0.00    0.00    0.00    0.00    0.00  100.00
12:39:21 AM    7    0.00    0.00    4.95    0.00    0.00   33.66    0.00    0.00    0.00   61.39

12:39:21 AM  CPU    %usr   %nice    %sys %iowait    %irq   %soft  %steal  %guest  %gnice   %idle
12:39:22 AM  all    0.25    0.00   30.01    0.00    0.37   14.94    0.00    0.00    0.00   54.42
12:39:22 AM    0    1.00    0.00   90.00    0.00    1.00    4.00    0.00    0.00    0.00    4.00
12:39:22 AM    1    1.01    0.00   90.91    0.00    0.00    4.04    0.00    0.00    0.00    4.04
12:39:22 AM    2    0.00    0.00   19.61    0.00    0.98   22.55    0.00    0.00    0.00   56.86
12:39:22 AM    3    0.00    0.00   27.72    0.00    0.00   20.79    0.00    0.00    0.00   51.49
12:39:22 AM    4    0.00    0.00    0.00    0.00    0.00    0.00    0.00    0.00    0.00  100.00
12:39:22 AM    5    0.00    0.00    8.00    0.00    1.00   35.00    0.00    0.00    0.00   56.00
12:39:22 AM    6    0.00    0.00    0.00    0.00    0.00    0.00    0.00    0.00    0.00  100.00
12:39:22 AM    7    0.00    0.00    4.95    0.00    0.00   32.67    0.00    0.00    0.00   62.38

12:39:22 AM  CPU    %usr   %nice    %sys %iowait    %irq   %soft  %steal  %guest  %gnice   %idle
12:39:23 AM  all    0.37    0.00   27.63    0.00    0.37   15.86    0.00    0.00    0.00   55.76
12:39:23 AM    0    1.00    0.00   88.00    0.00    0.00    5.00    0.00    0.00    0.00    6.00
12:39:23 AM    1    2.02    0.00   86.87    0.00    1.01    5.05    0.00    0.00    0.00    5.05
12:39:23 AM    2    0.00    0.00   17.48    0.00    0.00   24.27    0.00    0.00    0.00   58.25
12:39:23 AM    3    0.00    0.00   20.39    0.00    0.97   22.33    0.00    0.00    0.00   56.31
12:39:23 AM    4    0.00    0.00    0.00    0.00    0.00    0.00    0.00    0.00    0.00  100.00
12:39:23 AM    5    0.00    0.00    6.86    0.00    0.00   31.37    0.00    0.00    0.00   61.76
12:39:23 AM    6    0.00    0.00    0.00    0.00    0.00    0.00    0.00    0.00    0.00  100.00
12:39:23 AM    7    0.00    0.00    3.00    0.00    1.00   38.00    0.00    0.00    0.00   58.00

12:39:23 AM  CPU    %usr   %nice    %sys %iowait    %irq   %soft  %steal  %guest  %gnice   %idle
12:39:24 AM  all    0.37    0.00   29.07    0.00    0.25   14.78    0.00    0.00    0.00   55.53
12:39:24 AM    0    1.98    0.00   87.13    0.00    0.99    4.95    0.00    0.00    0.00    4.95
12:39:24 AM    1    1.01    0.00   87.88    0.00    0.00    5.05    0.00    0.00    0.00    6.06
12:39:24 AM    2    0.00    0.00   16.50    0.00    0.97   25.24    0.00    0.00    0.00   57.28
12:39:24 AM    3    0.00    0.00   32.35    0.00    0.00   23.53    0.00    0.00    0.00   44.12
12:39:24 AM    4    0.00    0.00    0.00    0.00    0.00    0.00    0.00    0.00    0.00  100.00
12:39:24 AM    5    0.00    0.00    6.00    0.00    0.00   28.00    0.00    0.00    0.00   66.00
12:39:24 AM    6    0.00    0.00    0.00    0.00    0.00    0.00    0.00    0.00    0.00  100.00
12:39:24 AM    7    0.00    0.00    2.97    0.00    0.00   30.69    0.00    0.00    0.00   66.34

12:39:24 AM  CPU    %usr   %nice    %sys %iowait    %irq   %soft  %steal  %guest  %gnice   %idle
12:39:25 AM  all    0.25    0.00   30.30    0.00    0.25   14.46    0.00    0.00    0.00   54.74
12:39:25 AM    0    1.01    0.00   90.91    0.00    0.00    5.05    0.00    0.00    0.00    3.03
12:39:25 AM    1    1.01    0.00   89.90    0.00    0.00    4.04    0.00    0.00    0.00    5.05
12:39:25 AM    2    0.00    0.00   20.79    0.00    0.99   21.78    0.00    0.00    0.00   56.44
12:39:25 AM    3    0.00    0.00   28.16    0.00    0.97   19.42    0.00    0.00    0.00   51.46
12:39:25 AM    4    0.00    0.00    0.00    0.00    0.00    0.00    0.00    0.00    0.00  100.00
12:39:25 AM    5    0.00    0.00    8.00    0.00    0.00   32.00    0.00    0.00    0.00   60.00
12:39:25 AM    6    0.00    0.00    0.00    0.00    0.00    0.00    0.00    0.00    0.00  100.00
12:39:25 AM    7    0.00    0.00    6.00    0.00    0.00   33.00    0.00    0.00    0.00   61.00

12:39:25 AM  CPU    %usr   %nice    %sys %iowait    %irq   %soft  %steal  %guest  %gnice   %idle
12:39:26 AM  all    0.37    0.00   31.67    0.00    0.37   13.59    0.00    0.00    0.00   53.99
12:39:26 AM    0    2.00    0.00   88.00    0.00    1.00    4.00    0.00    0.00    0.00    5.00
12:39:26 AM    1    1.00    0.00   90.00    0.00    1.00    4.00    0.00    0.00    0.00    4.00
12:39:26 AM    2    0.00    0.00   22.77    0.00    0.00   19.80    0.00    0.00    0.00   57.43
12:39:26 AM    3    0.00    0.00   29.00    0.00    0.00   18.00    0.00    0.00    0.00   53.00
12:39:26 AM    4    0.00    0.00    0.00    0.00    0.99    0.00    0.00    0.00    0.00   99.01
12:39:26 AM    5    0.00    0.00   14.00    0.00    0.00   31.00    0.00    0.00    0.00   55.00
12:39:26 AM    6    0.00    0.00    0.00    0.00    0.00    0.00    0.00    0.00    0.00  100.00
12:39:26 AM    7    0.00    0.00   10.00    0.00    0.00   32.00    0.00    0.00    0.00   58.00

12:39:26 AM  CPU    %usr   %nice    %sys %iowait    %irq   %soft  %steal  %guest  %gnice   %idle
12:39:27 AM  all    0.25    0.00   29.73    0.00    0.25   14.68    0.00    0.00    0.00   55.10
12:39:27 AM    0    1.02    0.00   87.76    0.00    0.00    4.08    0.00    0.00    0.00    7.14
12:39:27 AM    1    1.01    0.00   88.89    0.00    0.00    4.04    0.00    0.00    0.00    6.06
12:39:27 AM    2    0.00    0.00   19.42    0.00    0.97   21.36    0.00    0.00    0.00   58.25
12:39:27 AM    3    0.00    0.00   22.55    0.00    0.98   22.55    0.00    0.00    0.00   53.92
12:39:27 AM    4    0.00    0.00    0.00    0.00    0.00    0.00    0.00    0.00    0.00  100.00
12:39:27 AM    5    0.00    0.00   15.84    0.00    0.00   33.66    0.00    0.00    0.00   50.50
12:39:27 AM    6    0.00    0.00    0.00    0.00    0.00    0.00    0.00    0.00    0.00  100.00
12:39:27 AM    7    0.00    0.00    5.94    0.00    0.00   30.69    0.00    0.00    0.00   63.37

12:39:27 AM  CPU    %usr   %nice    %sys %iowait    %irq   %soft  %steal  %guest  %gnice   %idle
12:39:28 AM  all    0.37    0.00   27.86    0.00    0.50   15.80    0.00    0.00    0.00   55.47
12:39:28 AM    0    1.00    0.00   88.00    0.00    1.00    5.00    0.00    0.00    0.00    5.00
12:39:28 AM    1    1.98    0.00   88.12    0.00    0.99    4.95    0.00    0.00    0.00    3.96
12:39:28 AM    2    0.00    0.00   17.82    0.00    0.00   25.74    0.00    0.00    0.00   56.44
12:39:28 AM    3    0.00    0.00   17.48    0.00    0.97   27.18    0.00    0.00    0.00   54.37
12:39:28 AM    4    0.00    0.00    0.00    0.00    0.00    0.00    0.00    0.00    0.00  100.00
12:39:28 AM    5    0.00    0.00    8.08    0.00    0.00   29.29    0.00    0.00    0.00   62.63
12:39:28 AM    6    0.00    0.00    0.00    0.00    0.00    0.00    0.00    0.00    0.00  100.00
12:39:28 AM    7    0.00    0.00    3.00    0.00    1.00   34.00    0.00    0.00    0.00   62.00

12:39:28 AM  CPU    %usr   %nice    %sys %iowait    %irq   %soft  %steal  %guest  %gnice   %idle
12:39:29 AM  all    0.37    0.00   30.31    0.00    0.25   15.16    0.00    0.00    0.00   53.91
12:39:29 AM    0    1.98    0.00   89.11    0.00    0.00    4.95    0.00    0.00    0.00    3.96
12:39:29 AM    1    1.02    0.00   91.84    0.00    0.00    4.08    0.00    0.00    0.00    3.06
12:39:29 AM    2    0.00    0.00   24.27    0.00    0.97   23.30    0.00    0.00    0.00   51.46
12:39:29 AM    3    0.00    0.00   27.18    0.00    0.00   22.33    0.00    0.00    0.00   50.49
12:39:29 AM    4    0.00    0.00    0.00    0.00    0.00    0.00    0.00    0.00    0.00  100.00
12:39:29 AM    5    0.00    0.00    6.93    0.00    0.99   32.67    0.00    0.00    0.00   59.41
12:39:29 AM    6    0.00    0.00    0.00    0.00    0.00    0.00    0.00    0.00    0.00  100.00
12:39:29 AM    7    0.00    0.00    4.00    0.00    0.00   33.00    0.00    0.00    0.00   63.00

12:39:29 AM  CPU    %usr   %nice    %sys %iowait    %irq   %soft  %steal  %guest  %gnice   %idle
12:39:30 AM  all    0.25    0.00   27.02    0.00    0.50   16.19    0.00    0.00    0.00   56.04
12:39:30 AM    0    0.00    0.00   87.76    0.00    1.02    4.08    0.00    0.00    0.00    7.14
12:39:30 AM    1    1.98    0.00   84.16    0.00    0.99    4.95    0.00    0.00    0.00    7.92
12:39:30 AM    2    0.00    0.00   13.73    0.00    0.98   26.47    0.00    0.00    0.00   58.82
12:39:30 AM    3    0.00    0.00   19.61    0.00    0.98   28.43    0.00    0.00    0.00   50.98
12:39:30 AM    4    0.00    0.00    0.00    0.00    0.00    0.00    0.00    0.00    0.00  100.00
12:39:30 AM    5    0.00    0.00    8.00    0.00    0.00   32.00    0.00    0.00    0.00   60.00
12:39:30 AM    6    0.00    0.00    0.00    0.00    0.00    0.00    0.00    0.00    0.00  100.00
12:39:30 AM    7    0.00    0.00    4.00    0.00    0.00   33.00    0.00    0.00    0.00   63.00

12:39:30 AM  CPU    %usr   %nice    %sys %iowait    %irq   %soft  %steal  %guest  %gnice   %idle
12:39:31 AM  all    0.25    0.00   25.47    0.00    0.12   17.60    0.00    0.00    0.00   56.55
12:39:31 AM    0    2.04    0.00   85.71    0.00    0.00    6.12    0.00    0.00    0.00    6.12
12:39:31 AM    1    0.00    0.00   87.63    0.00    0.00    6.19    0.00    0.00    0.00    6.19
12:39:31 AM    2    0.00    0.00   13.73    0.00    0.00   31.37    0.00    0.00    0.00   54.90
12:39:31 AM    3    0.00    0.00   11.76    0.00    0.98   27.45    0.00    0.00    0.00   59.80
12:39:31 AM    4    0.00    0.00    0.00    0.00    0.00    0.00    0.00    0.00    0.00  100.00
12:39:31 AM    5    0.00    0.00    6.86    0.00    0.00   32.35    0.00    0.00    0.00   60.78
12:39:31 AM    6    0.00    0.00    0.00    0.00    0.00    0.00    0.00    0.00    0.00  100.00
12:39:31 AM    7    0.00    0.00    2.00    0.00    0.00   36.00    0.00    0.00    0.00   62.00

12:39:31 AM  CPU    %usr   %nice    %sys %iowait    %irq   %soft  %steal  %guest  %gnice   %idle
12:39:32 AM  all    0.37    0.00   26.99    0.00    0.25   16.04    0.00    0.00    0.00   56.34
12:39:32 AM    0    1.01    0.00   86.87    0.00    0.00    5.05    0.00    0.00    0.00    7.07
12:39:32 AM    1    1.98    0.00   86.14    0.00    0.99    4.95    0.00    0.00    0.00    5.94
12:39:32 AM    2    0.00    0.00   21.15    0.00    0.96   28.85    0.00    0.00    0.00   49.04
12:39:32 AM    3    0.00    0.00   13.86    0.00    0.00   25.74    0.00    0.00    0.00   60.40
12:39:32 AM    4    0.00    0.00    0.00    0.00    0.00    0.99    0.00    0.00    0.00   99.01
12:39:32 AM    5    0.00    0.00    5.10    0.00    0.00   32.65    0.00    0.00    0.00   62.24
12:39:32 AM    6    0.00    0.00    0.00    0.00    0.00    0.00    0.00    0.00    0.00  100.00
12:39:32 AM    7    0.00    0.00    3.00    0.00    0.00   30.00    0.00    0.00    0.00   67.00

12:39:32 AM  CPU    %usr   %nice    %sys %iowait    %irq   %soft  %steal  %guest  %gnice   %idle
12:39:33 AM  all    0.12    0.00   29.95    0.00    0.50   15.59    0.00    0.00    0.00   53.84
12:39:33 AM    0    1.00    0.00   91.00    0.00    1.00    5.00    0.00    0.00    0.00    2.00
12:39:33 AM    1    0.00    0.00   92.86    0.00    0.00    5.10    0.00    0.00    0.00    2.04
12:39:33 AM    2    0.00    0.00   23.30    0.00    0.97   26.21    0.00    0.00    0.00   49.51
12:39:33 AM    3    0.00    0.00   22.86    0.00    0.95   23.81    0.00    0.00    0.00   52.38
12:39:33 AM    4    0.00    0.00    0.00    0.00    0.00    0.00    0.00    0.00    0.00  100.00
12:39:33 AM    5    0.00    0.00    8.91    0.00    0.00   31.68    0.00    0.00    0.00   59.41
12:39:33 AM    6    0.00    0.00    0.00    0.00    0.00    0.00    0.00    0.00    0.00  100.00
12:39:33 AM    7    0.00    0.00    2.97    0.00    0.99   31.68    0.00    0.00    0.00   64.36

12:39:33 AM  CPU    %usr   %nice    %sys %iowait    %irq   %soft  %steal  %guest  %gnice   %idle
12:39:34 AM  all    0.25    0.00   29.44    0.00    0.25   16.15    0.00    0.00    0.00   53.91
12:39:34 AM    0    1.01    0.00   91.92    0.00    0.00    4.04    0.00    0.00    0.00    3.03
12:39:34 AM    1    0.99    0.00   91.09    0.00    0.99    4.95    0.00    0.00    0.00    1.98
12:39:34 AM    2    0.00    0.00   15.53    0.00    0.00   27.18    0.00    0.00    0.00   57.28
12:39:34 AM    3    0.00    0.00   23.76    0.00    0.00   21.78    0.00    0.00    0.00   54.46
12:39:34 AM    4    0.00    0.00    0.00    0.00    0.00    0.00    0.00    0.00    0.00  100.00
12:39:34 AM    5    0.00    0.00    6.93    0.00    0.99   28.71    0.00    0.00    0.00   63.37
12:39:34 AM    6    0.00    0.00    0.00    0.00    0.00    0.00    0.00    0.00    0.00  100.00
12:39:34 AM    7    0.00    0.00    6.93    0.00    0.00   41.58    0.00    0.00    0.00   51.49

12:39:34 AM  CPU    %usr   %nice    %sys %iowait    %irq   %soft  %steal  %guest  %gnice   %idle
12:39:35 AM  all    0.49    0.00   24.88    0.00    0.49   15.89    0.00    0.00    0.00   58.25
12:39:35 AM    0    1.98    0.00   81.19    0.00    0.99    5.94    0.00    0.00    0.00    9.90
12:39:35 AM    1    2.00    0.00   83.00    0.00    0.00    6.00    0.00    0.00    0.00    9.00
12:39:35 AM    2    0.00    0.00   12.50    0.00    0.96   25.00    0.00    0.00    0.00   61.54
12:39:35 AM    3    0.00    0.00    9.62    0.00    0.96   27.88    0.00    0.00    0.00   61.54
12:39:35 AM    4    0.00    0.00    0.00    0.00    0.99    0.00    0.00    0.00    0.00   99.01
12:39:35 AM    5    0.00    0.00    8.91    0.00    0.00   33.66    0.00    0.00    0.00   57.43
12:39:35 AM    6    0.00    0.00    0.00    0.00    0.00    0.00    0.00    0.00    0.00  100.00
12:39:35 AM    7    0.00    0.00    5.00    0.00    0.00   28.00    0.00    0.00    0.00   67.00

12:39:35 AM  CPU    %usr   %nice    %sys %iowait    %irq   %soft  %steal  %guest  %gnice   %idle
12:39:36 AM  all    0.25    0.00   28.89    0.00    0.12   16.44    0.00    0.00    0.00   54.30
12:39:36 AM    0    1.02    0.00   90.82    0.00    0.00    5.10    0.00    0.00    0.00    3.06
12:39:36 AM    1    0.99    0.00   91.09    0.00    0.99    4.95    0.00    0.00    0.00    1.98
12:39:36 AM    2    0.00    0.00   20.79    0.00    0.00   26.73    0.00    0.00    0.00   52.48
12:39:36 AM    3    0.00    0.00   17.48    0.00    0.00   27.18    0.00    0.00    0.00   55.34
12:39:36 AM    4    0.00    0.00    0.00    0.00    0.00    0.00    0.00    0.00    0.00  100.00
12:39:36 AM    5    0.00    0.00    9.00    0.00    0.00   29.00    0.00    0.00    0.00   62.00
12:39:36 AM    6    0.00    0.00    0.00    0.00    0.00    0.00    0.00    0.00    0.00  100.00
12:39:36 AM    7    0.00    0.00    3.00    0.00    0.00   38.00    0.00    0.00    0.00   59.00

12:39:36 AM  CPU    %usr   %nice    %sys %iowait    %irq   %soft  %steal  %guest  %gnice   %idle
12:39:37 AM  all    0.25    0.00   29.57    0.00    0.37   15.40    0.00    0.00    0.00   54.41
12:39:37 AM    0    1.00    0.00   90.00    0.00    1.00    4.00    0.00    0.00    0.00    4.00
12:39:37 AM    1    1.01    0.00   90.91    0.00    0.00    4.04    0.00    0.00    0.00    4.04
12:39:37 AM    2    0.00    0.00   24.04    0.00    0.96   24.04    0.00    0.00    0.00   50.96
12:39:37 AM    3    0.00    0.00   20.59    0.00    0.98   22.55    0.00    0.00    0.00   55.88
12:39:37 AM    4    0.00    0.00    0.00    0.00    0.00    0.00    0.00    0.00    0.00  100.00
12:39:37 AM    5    0.00    0.00    7.07    0.00    0.00   32.32    0.00    0.00    0.00   60.61
12:39:37 AM    6    0.00    0.00    0.00    0.00    0.00    0.00    0.00    0.00    0.00  100.00
12:39:37 AM    7    0.00    0.00    4.95    0.00    0.00   35.64    0.00    0.00    0.00   59.41

12:39:37 AM  CPU    %usr   %nice    %sys %iowait    %irq   %soft  %steal  %guest  %gnice   %idle
12:39:38 AM  all    0.49    0.00   30.41    0.00    0.49   14.46    0.00    0.00    0.00   54.14
12:39:38 AM    0    1.98    0.00   89.11    0.00    0.00    4.95    0.00    0.00    0.00    3.96
12:39:38 AM    1    1.98    0.00   88.12    0.00    0.99    4.95    0.00    0.00    0.00    3.96
12:39:38 AM    2    0.00    0.00   23.53    0.00    0.98   22.55    0.00    0.00    0.00   52.94
12:39:38 AM    3    0.00    0.00   22.12    0.00    0.96   24.04    0.00    0.00    0.00   52.88
12:39:38 AM    4    0.00    0.00    0.00    0.00    0.00    0.00    0.00    0.00    0.00  100.00
12:39:38 AM    5    0.00    0.00   12.87    0.00    0.00   25.74    0.00    0.00    0.00   61.39
12:39:38 AM    6    0.00    0.00    0.00    0.00    0.00    0.00    0.00    0.00    0.00  100.00
12:39:38 AM    7    0.00    0.00    7.00    0.00    1.00   33.00    0.00    0.00    0.00   59.00

12:39:38 AM  CPU    %usr   %nice    %sys %iowait    %irq   %soft  %steal  %guest  %gnice   %idle
12:39:39 AM  all    0.25    0.00   28.32    0.00    0.12   16.77    0.00    0.00    0.00   54.53
12:39:39 AM    0    1.00    0.00   91.00    0.00    1.00    5.00    0.00    0.00    0.00    2.00
12:39:39 AM    1    1.02    0.00   91.84    0.00    0.00    5.10    0.00    0.00    0.00    2.04
12:39:39 AM    2    0.00    0.00   14.56    0.00    0.00   27.18    0.00    0.00    0.00   58.25
12:39:39 AM    3    0.00    0.00   18.63    0.00    0.00   25.49    0.00    0.00    0.00   55.88
12:39:39 AM    4    0.00    0.00    0.00    0.00    0.00    0.00    0.00    0.00    0.00  100.00
12:39:39 AM    5    0.00    0.00    8.91    0.00    0.00   34.65    0.00    0.00    0.00   56.44
12:39:39 AM    6    0.00    0.00    0.00    0.00    0.00    0.00    0.00    0.00    0.00  100.00
12:39:39 AM    7    0.00    0.00    3.96    0.00    0.00   35.64    0.00    0.00    0.00   60.40

12:39:39 AM  CPU    %usr   %nice    %sys %iowait    %irq   %soft  %steal  %guest  %gnice   %idle
12:39:40 AM  all    0.50    0.00   28.75    0.00    0.37   16.23    0.00    0.00    0.00   54.15
12:39:40 AM    0    2.00    0.00   91.00    0.00    0.00    5.00    0.00    0.00    0.00    2.00
12:39:40 AM    1    1.96    0.00   90.20    0.00    0.98    4.90    0.00    0.00    0.00    1.96
12:39:40 AM    2    0.00    0.00   21.36    0.00    0.97   25.24    0.00    0.00    0.00   52.43
12:39:40 AM    3    0.00    0.00   16.35    0.00    0.96   25.96    0.00    0.00    0.00   56.73
12:39:40 AM    4    0.00    0.00    0.00    0.00    0.00    0.00    0.00    0.00    0.00  100.00
12:39:40 AM    5    0.00    0.00    8.08    0.00    0.00   31.31    0.00    0.00    0.00   60.61
12:39:40 AM    6    0.00    0.00    0.00    0.00    0.00    0.00    0.00    0.00    0.00  100.00
12:39:40 AM    7    0.00    0.00    2.02    0.00    0.00   37.37    0.00    0.00    0.00   60.61

12:39:40 AM  CPU    %usr   %nice    %sys %iowait    %irq   %soft  %steal  %guest  %gnice   %idle
12:39:41 AM  all    0.12    0.00   29.03    0.00    0.25   15.14    0.00    0.00    0.00   55.46
12:39:41 AM    0    1.00    0.00   88.00    0.00    1.00    5.00    0.00    0.00    0.00    5.00
12:39:41 AM    1    0.00    0.00   89.90    0.00    0.00    5.05    0.00    0.00    0.00    5.05
12:39:41 AM    2    0.00    0.00   22.55    0.00    0.00   21.57    0.00    0.00    0.00   55.88
12:39:41 AM    3    0.00    0.00   19.61    0.00    0.00   25.49    0.00    0.00    0.00   54.90
12:39:41 AM    4    0.00    0.00    0.00    0.00    0.00    0.00    0.00    0.00    0.00  100.00
12:39:41 AM    5    0.00    0.00    9.80    0.00    0.98   30.39    0.00    0.00    0.00   58.82
12:39:41 AM    6    0.00    0.00    0.00    0.00    0.00    0.00    0.00    0.00    0.00  100.00
12:39:41 AM    7    0.00    0.00    3.96    0.00    0.00   32.67    0.00    0.00    0.00   63.37

12:39:41 AM  CPU    %usr   %nice    %sys %iowait    %irq   %soft  %steal  %guest  %gnice   %idle
12:39:42 AM  all    0.38    0.00   32.17    0.00    0.25   13.39    0.00    0.00    0.00   53.82
12:39:42 AM    0    1.01    0.00   88.89    0.00    0.00    4.04    0.00    0.00    0.00    6.06
12:39:42 AM    1    2.02    0.00   88.89    0.00    0.00    3.03    0.00    0.00    0.00    6.06
12:39:42 AM    2    0.00    0.00   24.75    0.00    0.99   20.79    0.00    0.00    0.00   53.47
12:39:42 AM    3    0.00    0.00   26.73    0.00    0.99   20.79    0.00    0.00    0.00   51.49
12:39:42 AM    4    0.00    0.00    0.00    0.00    0.00    0.00    0.00    0.00    0.00  100.00
12:39:42 AM    5    0.00    0.00   16.00    0.00    0.00   25.00    0.00    0.00    0.00   59.00
12:39:42 AM    6    0.00    0.00    0.00    0.00    0.00    0.00    0.00    0.00    0.00  100.00
12:39:42 AM    7    0.00    0.00   13.13    0.00    0.00   33.33    0.00    0.00    0.00   53.54

12:39:42 AM  CPU    %usr   %nice    %sys %iowait    %irq   %soft  %steal  %guest  %gnice   %idle
12:39:43 AM  all    0.37    0.00   28.43    0.12    0.37   14.83    0.00    0.00    0.00   55.87
12:39:43 AM    0    1.96    0.00   86.27    0.00    0.98    4.90    0.00    0.00    0.00    5.88
12:39:43 AM    1    0.98    0.00   84.31    0.98    0.98    3.92    0.00    0.00    0.00    8.82
12:39:43 AM    2    0.00    0.00   15.69    0.00    0.00   24.51    0.00    0.00    0.00   59.80
12:39:43 AM    3    0.00    0.00   27.72    0.00    0.00   26.73    0.00    0.00    0.00   45.54
12:39:43 AM    4    0.00    0.00    0.00    0.00    0.00    0.00    0.00    0.00    0.00  100.00
12:39:43 AM    5    0.00    0.00    7.00    0.00    0.00   26.00    0.00    0.00    0.00   67.00
12:39:43 AM    6    0.00    0.00    0.00    0.00    0.00    0.00    0.00    0.00    0.00  100.00
12:39:43 AM    7    0.00    0.00    4.90    0.00    0.98   32.35    0.00    0.00    0.00   61.76

12:39:43 AM  CPU    %usr   %nice    %sys %iowait    %irq   %soft  %steal  %guest  %gnice   %idle
12:39:44 AM  all    0.25    0.00   29.10    0.00    0.37   15.05    0.00    0.00    0.00   55.22
12:39:44 AM    0    1.02    0.00   89.80    0.00    0.00    4.08    0.00    0.00    0.00    5.10
12:39:44 AM    1    1.01    0.00   87.88    0.00    0.00    5.05    0.00    0.00    0.00    6.06
12:39:44 AM    2    0.00    0.00   21.36    0.00    0.97   24.27    0.00    0.00    0.00   53.40
12:39:44 AM    3    0.00    0.00   22.12    0.00    0.96   22.12    0.00    0.00    0.00   54.81
12:39:44 AM    4    0.00    0.00    0.00    0.00    1.00    0.00    0.00    0.00    0.00   99.00
12:39:44 AM    5    0.00    0.00    9.00    0.00    0.00   30.00    0.00    0.00    0.00   61.00
12:39:44 AM    6    0.00    0.00    0.00    0.00    0.00    0.00    0.00    0.00    0.00  100.00
12:39:44 AM    7    0.00    0.00    5.00    0.00    0.00   34.00    0.00    0.00    0.00   61.00

12:39:44 AM  CPU    %usr   %nice    %sys %iowait    %irq   %soft  %steal  %guest  %gnice   %idle
12:39:45 AM  all    0.25    0.00   31.00    0.00    0.38   14.62    0.00    0.00    0.00   53.75
12:39:45 AM    0    1.01    0.00   90.91    0.00    1.01    4.04    0.00    0.00    0.00    3.03
12:39:45 AM    1    1.00    0.00   91.00    0.00    1.00    4.00    0.00    0.00    0.00    3.00
12:39:45 AM    2    0.00    0.00   21.57    0.00    0.98   24.51    0.00    0.00    0.00   52.94
12:39:45 AM    3    0.00    0.00   29.29    0.00    0.00   20.20    0.00    0.00    0.00   50.51
12:39:45 AM    4    0.00    0.00    0.00    0.00    0.00    0.99    0.00    0.00    0.00   99.01
12:39:45 AM    5    0.00    0.00   12.00    0.00    0.00   30.00    0.00    0.00    0.00   58.00
12:39:45 AM    6    0.00    0.00    0.00    0.00    0.00    0.00    0.00    0.00    0.00  100.00
12:39:45 AM    7    0.00    0.00    4.04    0.00    0.00   33.33    0.00    0.00    0.00   62.63

12:39:45 AM  CPU    %usr   %nice    %sys %iowait    %irq   %soft  %steal  %guest  %gnice   %idle
12:39:46 AM  all    0.49    0.00   29.84    0.00    0.12   15.41    0.00    0.00    0.00   54.13
12:39:46 AM    0    1.96    0.00   90.20    0.00    0.00    4.90    0.00    0.00    0.00    2.94
12:39:46 AM    1    2.00    0.00   89.00    0.00    0.00    5.00    0.00    0.00    0.00    4.00
12:39:46 AM    2    0.00    0.00   20.79    0.00    0.00   25.74    0.00    0.00    0.00   53.47
12:39:46 AM    3    0.00    0.00   22.12    0.00    0.96   23.08    0.00    0.00    0.00   53.85
12:39:46 AM    4    0.00    0.00    0.00    0.00    0.00    0.00    0.00    0.00    0.00  100.00
12:39:46 AM    5    0.00    0.00   11.88    0.00    0.00   31.68    0.00    0.00    0.00   56.44
12:39:46 AM    6    0.00    0.00    0.00    0.00    0.00    0.00    0.00    0.00    0.00  100.00
12:39:46 AM    7    0.00    0.00    4.90    0.00    0.00   32.35    0.00    0.00    0.00   62.75

12:39:46 AM  CPU    %usr   %nice    %sys %iowait    %irq   %soft  %steal  %guest  %gnice   %idle
12:39:47 AM  all    0.37    0.00   29.10    0.00    0.62   15.55    0.00    0.00    0.00   54.35
12:39:47 AM    0    2.00    0.00   89.00    0.00    1.00    5.00    0.00    0.00    0.00    3.00
12:39:47 AM    1    1.01    0.00   91.92    0.00    1.01    4.04    0.00    0.00    0.00    2.02
12:39:47 AM    2    0.00    0.00   21.36    0.00    0.97   24.27    0.00    0.00    0.00   53.40
12:39:47 AM    3    0.00    0.00   18.45    0.00    0.97   23.30    0.00    0.00    0.00   57.28
12:39:47 AM    4    0.00    0.00    0.00    0.00    0.00    0.00    0.00    0.00    0.00  100.00
12:39:47 AM    5    0.00    0.00    9.00    0.00    1.00   32.00    0.00    0.00    0.00   58.00
12:39:47 AM    6    0.00    0.00    0.00    0.00    0.00    0.00    0.00    0.00    0.00  100.00
12:39:47 AM    7    0.00    0.00    4.04    0.00    0.00   35.35    0.00    0.00    0.00   60.61

12:39:47 AM  CPU    %usr   %nice    %sys %iowait    %irq   %soft  %steal  %guest  %gnice   %idle
12:39:48 AM  all    0.25    0.00   29.10    0.00    0.12   15.30    0.00    0.00    0.00   55.22
12:39:48 AM    0    1.02    0.00   88.78    0.00    0.00    5.10    0.00    0.00    0.00    5.10
12:39:48 AM    1    0.99    0.00   89.11    0.00    0.00    4.95    0.00    0.00    0.00    4.95
12:39:48 AM    2    0.00    0.00   11.76    0.00    0.98   28.43    0.00    0.00    0.00   58.82
12:39:48 AM    3    0.00    0.00   36.89    0.00    0.00   24.27    0.00    0.00    0.00   38.83
12:39:48 AM    4    0.00    0.00    0.00    0.00    0.00    0.00    0.00    0.00    0.00  100.00
12:39:48 AM    5    0.00    0.00    5.00    0.00    0.00   28.00    0.00    0.00    0.00   67.00
12:39:48 AM    6    0.00    0.00    0.00    0.00    0.00    0.00    0.00    0.00    0.00  100.00
12:39:48 AM    7    0.00    0.00    2.00    0.00    0.00   31.00    0.00    0.00    0.00   67.00

12:39:48 AM  CPU    %usr   %nice    %sys %iowait    %irq   %soft  %steal  %guest  %gnice   %idle
12:39:49 AM  all    0.37    0.00   28.47    0.00    0.37   15.84    0.00    0.00    0.00   54.95
12:39:49 AM    0    2.00    0.00   89.00    0.00    1.00    4.00    0.00    0.00    0.00    4.00
12:39:49 AM    1    1.00    0.00   89.00    0.00    1.00    5.00    0.00    0.00    0.00    4.00
12:39:49 AM    2    0.00    0.00   13.59    0.00    0.00   28.16    0.00    0.00    0.00   58.25
12:39:49 AM    3    0.00    0.00   22.33    0.00    0.00   26.21    0.00    0.00    0.00   51.46
12:39:49 AM    4    0.00    0.00    0.00    0.00    0.00    0.00    0.00    0.00    0.00  100.00
12:39:49 AM    5    0.00    0.00   11.88    0.00    0.00   31.68    0.00    0.00    0.00   56.44
12:39:49 AM    6    0.00    0.00    0.00    0.00    0.00    0.00    0.00    0.00    0.00  100.00
12:39:49 AM    7    0.00    0.00    2.97    0.00    0.99   30.69    0.00    0.00    0.00   65.35

12:39:49 AM  CPU    %usr   %nice    %sys %iowait    %irq   %soft  %steal  %guest  %gnice   %idle
12:39:50 AM  all    0.25    0.00   31.18    0.00    0.25   13.79    0.00    0.00    0.00   54.53
12:39:50 AM    0    1.00    0.00   89.00    0.00    0.00    4.00    0.00    0.00    0.00    6.00
12:39:50 AM    1    1.01    0.00   89.90    0.00    0.00    3.03    0.00    0.00    0.00    6.06
12:39:50 AM    2    0.00    0.00   19.61    0.00    0.98   24.51    0.00    0.00    0.00   54.90
12:39:50 AM    3    0.00    0.00   34.95    0.00    0.97   20.39    0.00    0.00    0.00   43.69
12:39:50 AM    4    0.00    0.00    0.00    0.00    0.00    0.00    0.00    0.00    0.00  100.00
12:39:50 AM    5    0.00    0.00   11.00    0.00    0.00   26.00    0.00    0.00    0.00   63.00
12:39:50 AM    6    0.00    0.00    0.00    0.00    0.00    0.00    0.00    0.00    0.00  100.00
12:39:50 AM    7    0.00    0.00    5.94    0.00    0.00   31.68    0.00    0.00    0.00   62.38

12:39:50 AM  CPU    %usr   %nice    %sys %iowait    %irq   %soft  %steal  %guest  %gnice   %idle
12:39:51 AM  all    0.37    0.00   36.27    0.00    0.25   11.68    0.00    0.00    0.00   51.43
12:39:51 AM    0    0.99    0.00   92.08    0.00    0.99    2.97    0.00    0.00    0.00    2.97
12:39:51 AM    1    1.96    0.00   92.16    0.00    0.98    2.94    0.00    0.00    0.00    1.96
12:39:51 AM    2    0.00    0.00   28.71    0.00    0.00   19.80    0.00    0.00    0.00   51.49
12:39:51 AM    3    0.00    0.00   45.10    0.00    0.00   15.69    0.00    0.00    0.00   39.22
12:39:51 AM    4    0.00    0.00    0.00    0.00    0.00    0.00    0.00    0.00    0.00  100.00
12:39:51 AM    5    0.00    0.00   18.00    0.00    0.00   25.00    0.00    0.00    0.00   57.00
12:39:51 AM    6    0.00    0.00    0.00    0.00    0.00    0.00    0.00    0.00    0.00  100.00
12:39:51 AM    7    0.00    0.00   12.12    0.00    0.00   27.27    0.00    0.00    0.00   60.61

12:39:51 AM  CPU    %usr   %nice    %sys %iowait    %irq   %soft  %steal  %guest  %gnice   %idle
12:39:52 AM  all    0.38    0.00   36.26    0.00    0.25   11.67    0.00    0.00    0.00   51.44
12:39:52 AM    0    1.03    0.00   95.88    0.00    0.00    2.06    0.00    0.00    0.00    1.03
12:39:52 AM    1    2.02    0.00   93.94    0.00    0.00    2.02    0.00    0.00    0.00    2.02
12:39:52 AM    2    0.00    0.00   32.67    0.00    0.99   17.82    0.00    0.00    0.00   48.51
12:39:52 AM    3    0.00    0.00   32.67    0.00    0.99   17.82    0.00    0.00    0.00   48.51
12:39:52 AM    4    0.00    0.00    0.00    0.00    0.00    0.00    0.00    0.00    0.00  100.00
12:39:52 AM    5    0.00    0.00   26.26    0.00    0.00   23.23    0.00    0.00    0.00   50.51
12:39:52 AM    6    0.00    0.00    0.00    0.00    0.00    0.00    0.00    0.00    0.00  100.00
12:39:52 AM    7    0.00    0.00   10.89    0.00    0.00   29.70    0.00    0.00    0.00   59.41

12:39:52 AM  CPU    %usr   %nice    %sys %iowait    %irq   %soft  %steal  %guest  %gnice   %idle
12:39:53 AM  all    0.12    0.00   30.68    0.00    0.37   14.53    0.00    0.00    0.00   54.29
12:39:53 AM    0    0.00    0.00   89.11    0.00    0.99    4.95    0.00    0.00    0.00    4.95
12:39:53 AM    1    1.00    0.00   90.00    0.00    1.00    4.00    0.00    0.00    0.00    4.00
12:39:53 AM    2    0.00    0.00   18.63    0.00    0.98   22.55    0.00    0.00    0.00   57.84
12:39:53 AM    3    0.00    0.00   25.74    0.00    0.00   20.79    0.00    0.00    0.00   53.47
12:39:53 AM    4    0.00    0.00    0.00    0.00    0.00    0.00    0.00    0.00    0.00  100.00
12:39:53 AM    5    0.00    0.00   14.85    0.00    0.00   30.69    0.00    0.00    0.00   54.46
12:39:53 AM    6    0.00    0.00    0.00    0.00    0.00    0.00    0.00    0.00    0.00  100.00
12:39:53 AM    7    0.00    0.00    7.00    0.00    0.00   33.00    0.00    0.00    0.00   60.00

12:39:53 AM  CPU    %usr   %nice    %sys %iowait    %irq   %soft  %steal  %guest  %gnice   %idle
12:39:54 AM  all    0.37    0.00   27.07    0.00    0.49   15.57    0.00    0.00    0.00   56.49
12:39:54 AM    0    2.00    0.00   85.00    0.00    0.00    5.00    0.00    0.00    0.00    8.00
12:39:54 AM    1    1.00    0.00   87.00    0.00    0.00    5.00    0.00    0.00    0.00    7.00
12:39:54 AM    2    0.00    0.00   16.67    0.00    0.00   25.49    0.00    0.00    0.00   57.84
12:39:54 AM    3    0.00    0.00   15.53    0.00    0.97   24.27    0.00    0.00    0.00   59.22
12:39:54 AM    4    0.00    0.00    0.00    0.00    0.99    0.00    0.00    0.00    0.00   99.01
12:39:54 AM    5    0.00    0.00    8.91    0.00    0.99   30.69    0.00    0.00    0.00   59.41
12:39:54 AM    6    0.00    0.00    0.00    0.00    0.00    0.00    0.00    0.00    0.00  100.00
12:39:54 AM    7    0.00    0.00    4.90    0.00    0.98   33.33    0.00    0.00    0.00   60.78

12:39:54 AM  CPU    %usr   %nice    %sys %iowait    %irq   %soft  %steal  %guest  %gnice   %idle
12:39:55 AM  all    0.37    0.00   32.75    0.00    0.37   12.95    0.00    0.00    0.00   53.55
12:39:55 AM    0    1.00    0.00   89.00    0.00    1.00    4.00    0.00    0.00    0.00    5.00
12:39:55 AM    1    1.98    0.00   90.10    0.00    0.99    2.97    0.00    0.00    0.00    3.96
12:39:55 AM    2    0.00    0.00   31.37    0.00    0.98   21.57    0.00    0.00    0.00   46.08
12:39:55 AM    3    0.00    0.00   26.73    0.00    0.00   20.79    0.00    0.00    0.00   52.48
12:39:55 AM    4    0.00    0.00    0.00    0.00    0.00    0.00    0.00    0.00    0.00  100.00
12:39:55 AM    5    0.00    0.00   17.00    0.00    0.00   22.00    0.00    0.00    0.00   61.00
12:39:55 AM    6    0.00    0.00    0.00    0.00    0.00    0.00    0.00    0.00    0.00  100.00
12:39:55 AM    7    0.00    0.00    7.07    0.00    0.00   32.32    0.00    0.00    0.00   60.61

12:39:55 AM  CPU    %usr   %nice    %sys %iowait    %irq   %soft  %steal  %guest  %gnice   %idle
12:39:56 AM  all    0.50    0.00   33.67    0.00    0.12   12.97    0.00    0.00    0.00   52.74
12:39:56 AM    0    2.00    0.00   94.00    0.00    0.00    2.00    0.00    0.00    0.00    2.00
12:39:56 AM    1    2.02    0.00   92.93    0.00    0.00    4.04    0.00    0.00    0.00    1.01
12:39:56 AM    2    0.00    0.00   26.47    0.00    0.00   21.57    0.00    0.00    0.00   51.96
12:39:56 AM    3    0.00    0.00   26.47    0.00    0.98   19.61    0.00    0.00    0.00   52.94
12:39:56 AM    4    0.00    0.00    0.00    0.00    0.00    0.00    0.00    0.00    0.00  100.00
12:39:56 AM    5    0.00    0.00   23.00    0.00    0.00   24.00    0.00    0.00    0.00   53.00
12:39:56 AM    6    0.00    0.00    0.00    0.00    0.00    0.00    0.00    0.00    0.00  100.00
12:39:56 AM    7    0.00    0.00    7.07    0.00    0.00   32.32    0.00    0.00    0.00   60.61

12:39:56 AM  CPU    %usr   %nice    %sys %iowait    %irq   %soft  %steal  %guest  %gnice   %idle
12:39:57 AM  all    0.25    0.00   32.55    0.00    0.37   14.29    0.00    0.00    0.00   52.55
12:39:57 AM    0    1.00    0.00   91.00    0.00    1.00    4.00    0.00    0.00    0.00    3.00
12:39:57 AM    1    0.99    0.00   92.08    0.00    0.99    3.96    0.00    0.00    0.00    1.98
12:39:57 AM    2    0.00    0.00   32.35    0.00    0.98   18.63    0.00    0.00    0.00   48.04
12:39:57 AM    3    0.00    0.00   27.72    0.00    0.00   21.78    0.00    0.00    0.00   50.50
12:39:57 AM    4    0.00    0.00    0.00    0.00    0.00    1.00    0.00    0.00    0.00   99.00
12:39:57 AM    5    0.00    0.00   11.00    0.00    0.00   31.00    0.00    0.00    0.00   58.00
12:39:57 AM    6    0.00    0.00    0.00    0.00    0.00    0.00    0.00    0.00    0.00  100.00
12:39:57 AM    7    0.00    0.00    5.94    0.00    0.00   33.66    0.00    0.00    0.00   60.40

12:39:57 AM  CPU    %usr   %nice    %sys %iowait    %irq   %soft  %steal  %guest  %gnice   %idle
12:39:58 AM  all    0.37    0.00   31.34    0.00    0.12   14.55    0.00    0.00    0.00   53.61
12:39:58 AM    0    2.00    0.00   92.00    0.00    0.00    4.00    0.00    0.00    0.00    2.00
12:39:58 AM    1    1.01    0.00   91.92    0.00    0.00    4.04    0.00    0.00    0.00    3.03
12:39:58 AM    2    0.00    0.00   24.75    0.00    0.00   19.80    0.00    0.00    0.00   55.45
12:39:58 AM    3    0.00    0.00   26.21    0.00    0.97   21.36    0.00    0.00    0.00   51.46
12:39:58 AM    4    0.00    0.00    0.00    0.00    0.00    0.00    0.00    0.00    0.00  100.00
12:39:58 AM    5    0.00    0.00   10.89    0.00    0.00   30.69    0.00    0.00    0.00   58.42
12:39:58 AM    6    0.00    0.00    0.00    0.00    0.00    0.00    0.00    0.00    0.00  100.00
12:39:58 AM    7    0.00    0.00    6.00    0.00    0.00   36.00    0.00    0.00    0.00   58.00

12:39:58 AM  CPU    %usr   %nice    %sys %iowait    %irq   %soft  %steal  %guest  %gnice   %idle
12:39:59 AM  all    0.37    0.00   29.32    0.00    0.37   14.91    0.00    0.00    0.00   55.03
12:39:59 AM    0    0.99    0.00   88.12    0.00    0.99    4.95    0.00    0.00    0.00    4.95
12:39:59 AM    1    2.00    0.00   87.00    0.00    1.00    4.00    0.00    0.00    0.00    6.00
12:39:59 AM    2    0.00    0.00   27.18    0.00    0.97   24.27    0.00    0.00    0.00   47.57
12:39:59 AM    3    0.00    0.00   19.80    0.00    0.00   23.76    0.00    0.00    0.00   56.44
12:39:59 AM    4    0.00    0.00    0.00    0.00    0.00    0.00    0.00    0.00    0.00  100.00
12:39:59 AM    5    0.00    0.00    8.08    0.00    0.00   28.28    0.00    0.00    0.00   63.64
12:39:59 AM    6    0.00    0.00    0.00    0.00    0.00    0.00    0.00    0.00    0.00  100.00
12:39:59 AM    7    0.00    0.00    3.96    0.00    0.00   33.66    0.00    0.00    0.00   62.38

12:39:59 AM  CPU    %usr   %nice    %sys %iowait    %irq   %soft  %steal  %guest  %gnice   %idle
12:40:00 AM  all    0.25    0.00   32.71    0.00    0.25   13.36    0.00    0.00    0.00   53.43
12:40:00 AM    0    1.02    0.00   91.84    0.00    0.00    3.06    0.00    0.00    0.00    4.08
12:40:00 AM    1    1.01    0.00   91.92    0.00    0.00    4.04    0.00    0.00    0.00    3.03
12:40:00 AM    2    0.00    0.00   34.00    0.00    0.00   19.00    0.00    0.00    0.00   47.00
12:40:00 AM    3    0.00    0.00   24.51    0.00    0.98   21.57    0.00    0.00    0.00   52.94
12:40:00 AM    4    0.00    0.00    0.00    0.00    0.00    0.00    0.00    0.00    0.00  100.00
12:40:00 AM    5    0.00    0.00   12.00    0.00    0.00   25.00    0.00    0.00    0.00   63.00
12:40:00 AM    6    0.00    0.00    0.00    0.00    0.00    0.00    0.00    0.00    0.00  100.00
12:40:00 AM    7    0.00    0.00    9.90    0.00    0.99   33.66    0.00    0.00    0.00   55.45

12:40:00 AM  CPU    %usr   %nice    %sys %iowait    %irq   %soft  %steal  %guest  %gnice   %idle
12:40:01 AM  all    0.25    0.00   28.59    0.00    0.62   15.97    0.00    0.00    0.00   54.58
12:40:01 AM    0    1.00    0.00   89.00    0.00    1.00    5.00    0.00    0.00    0.00    4.00
12:40:01 AM    1    1.01    0.00   86.87    0.00    1.01    4.04    0.00    0.00    0.00    7.07
12:40:01 AM    2    0.00    0.00   28.57    0.00    0.95   25.71    0.00    0.00    0.00   44.76
12:40:01 AM    3    0.00    0.00   14.71    0.00    0.98   27.45    0.00    0.00    0.00   56.86
12:40:01 AM    4    0.00    0.00    0.00    0.00    0.00    0.00    0.00    0.00    0.00  100.00
12:40:01 AM    5    0.00    0.00    6.93    0.00    0.99   31.68    0.00    0.00    0.00   60.40
12:40:01 AM    6    0.00    0.00    0.00    0.00    0.00    0.00    0.00    0.00    0.00  100.00
12:40:01 AM    7    0.00    0.00    3.96    0.00    0.00   32.67    0.00    0.00    0.00   63.37

12:40:01 AM  CPU    %usr   %nice    %sys %iowait    %irq   %soft  %steal  %guest  %gnice   %idle
12:40:02 AM  all    0.50    0.00   30.39    0.00    0.00   15.19    0.00    0.00    0.00   53.92
12:40:02 AM    0    2.00    0.00   91.00    0.00    0.00    4.00    0.00    0.00    0.00    3.00
12:40:02 AM    1    2.00    0.00   91.00    0.00    0.00    4.00    0.00    0.00    0.00    3.00
12:40:02 AM    2    0.00    0.00   28.71    0.00    0.00   25.74    0.00    0.00    0.00   45.54
12:40:02 AM    3    0.00    0.00   20.39    0.00    0.00   24.27    0.00    0.00    0.00   55.34
12:40:02 AM    4    0.00    0.00    0.00    0.00    0.00    0.00    0.00    0.00    0.00  100.00
12:40:02 AM    5    0.00    0.00    9.00    0.00    0.00   29.00    0.00    0.00    0.00   62.00
12:40:02 AM    6    0.00    0.00    0.00    0.00    0.00    0.00    0.00    0.00    0.00  100.00
12:40:02 AM    7    0.00    0.00    3.03    0.00    0.00   34.34    0.00    0.00    0.00   62.63

12:40:02 AM  CPU    %usr   %nice    %sys %iowait    %irq   %soft  %steal  %guest  %gnice   %idle
12:40:03 AM  all    0.25    0.00   28.59    0.00    0.62   16.09    0.00    0.00    0.00   54.46
12:40:03 AM    0    0.99    0.00   90.10    0.00    0.99    4.95    0.00    0.00    0.00    2.97
12:40:03 AM    1    1.01    0.00   89.90    0.00    1.01    5.05    0.00    0.00    0.00    3.03
12:40:03 AM    2    0.00    0.00   19.42    0.00    0.97   25.24    0.00    0.00    0.00   54.37
12:40:03 AM    3    0.00    0.00   18.45    0.00    0.97   26.21    0.00    0.00    0.00   54.37
12:40:03 AM    4    0.00    0.00    0.00    0.00    0.99    0.00    0.00    0.00    0.00   99.01
12:40:03 AM    5    0.00    0.00    8.91    0.00    0.00   32.67    0.00    0.00    0.00   58.42
12:40:03 AM    6    0.00    0.00    0.00    0.00    0.00    0.00    0.00    0.00    0.00  100.00
12:40:03 AM    7    0.00    0.00    3.00    0.00    0.00   34.00    0.00    0.00    0.00   63.00

12:40:03 AM  CPU    %usr   %nice    %sys %iowait    %irq   %soft  %steal  %guest  %gnice   %idle
12:40:04 AM  all    0.50    0.00   27.59    0.00    0.00   16.35    0.00    0.00    0.00   55.56
12:40:04 AM    0    2.00    0.00   88.00    0.00    0.00    5.00    0.00    0.00    0.00    5.00
12:40:04 AM    1    2.02    0.00   86.87    0.00    0.00    5.05    0.00    0.00    0.00    6.06
12:40:04 AM    2    0.00    0.00   17.82    0.00    0.00   25.74    0.00    0.00    0.00   56.44
12:40:04 AM    3    0.00    0.00   15.69    0.00    0.00   26.47    0.00    0.00    0.00   57.84
12:40:04 AM    4    0.00    0.00    0.00    0.00    0.00    0.00    0.00    0.00    0.00  100.00
12:40:04 AM    5    0.00    0.00    9.00    0.00    0.00   29.00    0.00    0.00    0.00   62.00
12:40:04 AM    6    0.00    0.00    0.00    0.00    0.00    0.00    0.00    0.00    0.00  100.00
12:40:04 AM    7    0.00    0.00    4.00    0.00    0.00   39.00    0.00    0.00    0.00   57.00

12:40:04 AM  CPU    %usr   %nice    %sys %iowait    %irq   %soft  %steal  %guest  %gnice   %idle
12:40:05 AM  all    0.37    0.00   28.00    0.00    0.50   15.74    0.00    0.00    0.00   55.39
12:40:05 AM    0    1.00    0.00   88.00    0.00    1.00    5.00    0.00    0.00    0.00    5.00
12:40:05 AM    1    1.98    0.00   86.14    0.00    0.00    4.95    0.00    0.00    0.00    6.93
12:40:05 AM    2    0.00    0.00   15.53    0.00    0.97   25.24    0.00    0.00    0.00   58.25
12:40:05 AM    3    0.00    0.00   23.53    0.00    0.98   24.51    0.00    0.00    0.00   50.98
12:40:05 AM    4    0.00    0.00    0.00    0.00    0.00    0.00    0.00    0.00    0.00  100.00
12:40:05 AM    5    0.00    0.00    8.00    0.00    0.00   31.00    0.00    0.00    0.00   61.00
12:40:05 AM    6    0.00    0.00    0.00    0.00    0.00    0.00    0.00    0.00    0.00  100.00
12:40:05 AM    7    0.00    0.00    2.97    0.00    0.99   34.65    0.00    0.00    0.00   61.39

12:40:05 AM  CPU    %usr   %nice    %sys %iowait    %irq   %soft  %steal  %guest  %gnice   %idle
12:40:06 AM  all    0.25    0.00   26.64    0.00    0.37   16.85    0.00    0.00    0.00   55.89
12:40:06 AM    0    1.00    0.00   86.00    0.00    0.00    5.00    0.00    0.00    0.00    8.00
12:40:06 AM    1    1.00    0.00   86.00    0.00    1.00    5.00    0.00    0.00    0.00    7.00
12:40:06 AM    2    0.00    0.00   15.69    0.00    0.98   27.45    0.00    0.00    0.00   55.88
12:40:06 AM    3    0.00    0.00   16.50    0.00    0.97   29.13    0.00    0.00    0.00   53.40
12:40:06 AM    4    0.00    0.00    0.00    0.00    0.00    0.00    0.00    0.00    0.00  100.00
12:40:06 AM    5    0.00    0.00    6.93    0.00    0.00   27.72    0.00    0.00    0.00   65.35
12:40:06 AM    6    0.00    0.00    0.00    0.00    0.00    0.00    0.00    0.00    0.00  100.00
12:40:06 AM    7    0.00    0.00    2.97    0.00    0.00   39.60    0.00    0.00    0.00   57.43

12:40:06 AM  CPU    %usr   %nice    %sys %iowait    %irq   %soft  %steal  %guest  %gnice   %idle
12:40:07 AM  all    0.25    0.00   32.46    0.00    0.38   13.91    0.00    0.00    0.00   53.01
12:40:07 AM    0    1.01    0.00   92.93    0.00    1.01    3.03    0.00    0.00    0.00    2.02
12:40:07 AM    1    1.02    0.00   91.84    0.00    0.00    4.08    0.00    0.00    0.00    3.06
12:40:07 AM    2    0.00    0.00   22.77    0.00    0.99   21.78    0.00    0.00    0.00   54.46
12:40:07 AM    3    0.00    0.00   32.00    0.00    0.00   22.00    0.00    0.00    0.00   46.00
12:40:07 AM    4    0.00    0.00    0.00    0.00    0.00    0.00    0.00    0.00    0.00  100.00
12:40:07 AM    5    0.00    0.00   13.86    0.00    0.99   24.75    0.00    0.00    0.00   60.40
12:40:07 AM    6    0.00    0.00    0.00    0.00    0.00    0.00    0.00    0.00    0.00  100.00
12:40:07 AM    7    0.00    0.00    8.08    0.00    0.00   35.35    0.00    0.00    0.00   56.57

12:40:07 AM  CPU    %usr   %nice    %sys %iowait    %irq   %soft  %steal  %guest  %gnice   %idle
12:40:08 AM  all    0.37    0.00   34.20    0.00    0.25   12.94    0.00    0.00    0.00   52.24
12:40:08 AM    0    2.00    0.00   91.00    0.00    0.00    4.00    0.00    0.00    0.00    3.00
12:40:08 AM    1    0.99    0.00   93.07    0.00    0.99    1.98    0.00    0.00    0.00    2.97
12:40:08 AM    2    0.00    0.00   31.68    0.00    0.00   18.81    0.00    0.00    0.00   49.50
12:40:08 AM    3    0.00    0.00   31.37    0.00    0.98   19.61    0.00    0.00    0.00   48.04
12:40:08 AM    4    0.00    0.00    0.00    0.00    0.00    1.00    0.00    0.00    0.00   99.00
12:40:08 AM    5    0.00    0.00   18.18    0.00    0.00   25.25    0.00    0.00    0.00   56.57
12:40:08 AM    6    0.00    0.00    0.00    0.00    0.00    0.00    0.00    0.00    0.00  100.00
12:40:08 AM    7    0.00    0.00    7.92    0.00    0.00   32.67    0.00    0.00    0.00   59.41

12:40:08 AM  CPU    %usr   %nice    %sys %iowait    %irq   %soft  %steal  %guest  %gnice   %idle
12:40:09 AM  all    0.25    0.00   32.29    0.00    0.25   13.22    0.00    0.00    0.00   53.99
12:40:09 AM    0    1.00    0.00   89.00    0.00    1.00    3.00    0.00    0.00    0.00    6.00
12:40:09 AM    1    1.01    0.00   89.90    0.00    0.00    3.03    0.00    0.00    0.00    6.06
12:40:09 AM    2    0.00    0.00   22.55    0.00    0.98   20.59    0.00    0.00    0.00   55.88
12:40:09 AM    3    0.00    0.00   29.00    0.00    0.00   21.00    0.00    0.00    0.00   50.00
12:40:09 AM    4    0.00    0.00    0.00    0.00    0.00    0.00    0.00    0.00    0.00  100.00
12:40:09 AM    5    0.00    0.00   15.84    0.00    0.00   23.76    0.00    0.00    0.00   60.40
12:40:09 AM    6    0.00    0.00    0.00    0.00    0.00    0.00    0.00    0.00    0.00  100.00
12:40:09 AM    7    0.00    0.00   13.00    0.00    0.00   34.00    0.00    0.00    0.00   53.00

12:40:09 AM  CPU    %usr   %nice    %sys %iowait    %irq   %soft  %steal  %guest  %gnice   %idle
12:40:10 AM  all    0.50    0.00   28.50    0.00    0.37   15.49    0.00    0.00    0.00   55.14
12:40:10 AM    0    2.00    0.00   89.00    0.00    0.00    5.00    0.00    0.00    0.00    4.00
12:40:10 AM    1    1.98    0.00   88.12    0.00    0.99    5.94    0.00    0.00    0.00    2.97
12:40:10 AM    2    0.00    0.00   17.48    0.00    0.00   26.21    0.00    0.00    0.00   56.31
12:40:10 AM    3    0.00    0.00   21.36    0.00    0.97   21.36    0.00    0.00    0.00   56.31
12:40:10 AM    4    0.00    0.00    0.00    0.00    0.00    0.00    0.00    0.00    0.00  100.00
12:40:10 AM    5    0.00    0.00    7.00    0.00    0.00   29.00    0.00    0.00    0.00   64.00
12:40:10 AM    6    0.00    0.00    0.00    0.00    0.00    0.00    0.00    0.00    0.00  100.00
12:40:10 AM    7    0.00    0.00    5.00    0.00    1.00   36.00    0.00    0.00    0.00   58.00

12:40:10 AM  CPU    %usr   %nice    %sys %iowait    %irq   %soft  %steal  %guest  %gnice   %idle
12:40:11 AM  all    0.37    0.00   29.32    0.00    0.25   15.78    0.00    0.00    0.00   54.29
12:40:11 AM    0    1.98    0.00   89.11    0.00    0.99    4.95    0.00    0.00    0.00    2.97
12:40:11 AM    1    1.01    0.00   90.91    0.00    0.00    4.04    0.00    0.00    0.00    4.04
12:40:11 AM    2    0.00    0.00   19.61    0.00    0.98   26.47    0.00    0.00    0.00   52.94
12:40:11 AM    3    0.00    0.00   23.30    0.00    0.00   25.24    0.00    0.00    0.00   51.46
12:40:11 AM    4    0.00    0.00    0.00    0.00    0.00    0.00    0.00    0.00    0.00  100.00
12:40:11 AM    5    0.00    0.00    8.00    0.00    0.00   31.00    0.00    0.00    0.00   61.00
12:40:11 AM    6    0.00    0.00    0.00    0.00    0.00    0.00    0.00    0.00    0.00  100.00
12:40:11 AM    7    0.00    0.00    4.00    0.00    0.00   34.00    0.00    0.00    0.00   62.00

12:40:11 AM  CPU    %usr   %nice    %sys %iowait    %irq   %soft  %steal  %guest  %gnice   %idle
12:40:12 AM  all    0.12    0.00   32.22    0.00    0.37   14.50    0.00    0.00    0.00   52.79
12:40:12 AM    0    0.00    0.00   92.93    0.00    0.00    4.04    0.00    0.00    0.00    3.03
12:40:12 AM    1    0.99    0.00   91.09    0.00    0.99    3.96    0.00    0.00    0.00    2.97
12:40:12 AM    2    0.00    0.00   23.76    0.00    0.00   23.76    0.00    0.00    0.00   52.48
12:40:12 AM    3    0.00    0.00   28.16    0.00    0.97   22.33    0.00    0.00    0.00   48.54
12:40:12 AM    4    0.00    0.00    0.00    0.00    0.99    0.00    0.00    0.00    0.00   99.01
12:40:12 AM    5    0.00    0.00   13.86    0.00    0.00   25.74    0.00    0.00    0.00   60.40
12:40:12 AM    6    0.00    0.00    0.00    0.00    0.00    0.00    0.00    0.00    0.00  100.00
12:40:12 AM    7    0.00    0.00    8.91    0.00    0.00   35.64    0.00    0.00    0.00   55.45

12:40:12 AM  CPU    %usr   %nice    %sys %iowait    %irq   %soft  %steal  %guest  %gnice   %idle
12:40:13 AM  all    0.37    0.00   31.92    0.00    0.37   14.46    0.00    0.00    0.00   52.87
12:40:13 AM    0    2.00    0.00   93.00    0.00    1.00    4.00    0.00    0.00    0.00    0.00
12:40:13 AM    1    1.01    0.00   93.94    0.00    0.00    4.04    0.00    0.00    0.00    1.01
12:40:13 AM    2    0.00    0.00   24.27    0.00    0.97   22.33    0.00    0.00    0.00   52.43
12:40:13 AM    3    0.00    0.00   24.75    0.00    0.00   22.77    0.00    0.00    0.00   52.48
12:40:13 AM    4    0.00    0.00    0.00    0.00    0.00    0.00    0.00    0.00    0.00  100.00
12:40:13 AM    5    0.00    0.00   15.00    0.00    1.00   31.00    0.00    0.00    0.00   53.00
12:40:13 AM    6    0.00    0.00    0.00    0.00    0.00    0.00    0.00    0.00    0.00  100.00
12:40:13 AM    7    0.00    0.00    5.05    0.00    0.00   31.31    0.00    0.00    0.00   63.64

12:40:13 AM  CPU    %usr   %nice    %sys %iowait    %irq   %soft  %steal  %guest  %gnice   %idle
12:40:14 AM  all    0.50    0.00   31.64    0.00    0.25   14.14    0.00    0.00    0.00   53.47
12:40:14 AM    0    2.00    0.00   91.00    0.00    0.00    4.00    0.00    0.00    0.00    3.00
12:40:14 AM    1    1.98    0.00   91.09    0.00    0.99    2.97    0.00    0.00    0.00    2.97
12:40:14 AM    2    0.00    0.00   21.57    0.00    0.00   24.51    0.00    0.00    0.00   53.92
12:40:14 AM    3    0.00    0.00   25.49    0.00    0.98   21.57    0.00    0.00    0.00   51.96
12:40:14 AM    4    0.00    0.00    0.00    0.00    0.00    0.00    0.00    0.00    0.00  100.00
12:40:14 AM    5    0.00    0.00   17.82    0.00    0.00   25.74    0.00    0.00    0.00   56.44
12:40:14 AM    6    0.00    0.00    0.00    0.00    0.00    0.00    0.00    0.00    0.00  100.00
12:40:14 AM    7    0.00    0.00    6.00    0.00    0.00   34.00    0.00    0.00    0.00   60.00

12:40:14 AM  CPU    %usr   %nice    %sys %iowait    %irq   %soft  %steal  %guest  %gnice   %idle
12:40:15 AM  all    0.12    0.00   30.17    0.00    0.37   14.71    0.00    0.00    0.00   54.61
12:40:15 AM    0    0.00    0.00   88.89    0.00    1.01    5.05    0.00    0.00    0.00    5.05
12:40:15 AM    1    1.01    0.00   89.90    0.00    0.00    4.04    0.00    0.00    0.00    5.05
12:40:15 AM    2    0.00    0.00   15.69    0.00    0.98   25.49    0.00    0.00    0.00   57.84
12:40:15 AM    3    0.00    0.00   38.24    0.00    0.00   22.55    0.00    0.00    0.00   39.22
12:40:15 AM    4    0.00    0.00    0.00    0.00    0.00    0.00    0.00    0.00    0.00  100.00
12:40:15 AM    5    0.00    0.00    6.06    0.00    0.00   28.28    0.00    0.00    0.00   65.66
12:40:15 AM    6    0.00    0.00    0.00    0.00    0.00    0.00    0.00    0.00    0.00  100.00
12:40:15 AM    7    0.00    0.00    3.92    0.00    0.98   31.37    0.00    0.00    0.00   63.73

12:40:15 AM  CPU    %usr   %nice    %sys %iowait    %irq   %soft  %steal  %guest  %gnice   %idle
12:40:16 AM  all    0.37    0.00   30.69    0.00    0.37   14.98    0.00    0.00    0.00   53.59
12:40:16 AM    0    2.00    0.00   91.00    0.00    0.00    4.00    0.00    0.00    0.00    3.00
12:40:16 AM    1    1.00    0.00   92.00    0.00    1.00    5.00    0.00    0.00    0.00    1.00
12:40:16 AM    2    0.00    0.00   21.36    0.00    0.97   25.24    0.00    0.00    0.00   52.43
12:40:16 AM    3    0.00    0.00   32.04    0.00    0.97   22.33    0.00    0.00    0.00   44.66
12:40:16 AM    4    0.00    0.00    0.00    0.00    0.00    0.00    0.00    0.00    0.00  100.00
12:40:16 AM    5    0.00    0.00    7.92    0.00    0.00   28.71    0.00    0.00    0.00   63.37
12:40:16 AM    6    0.00    0.00    0.00    0.00    0.00    0.00    0.00    0.00    0.00  100.00
12:40:16 AM    7    0.00    0.00    2.00    0.00    0.00   34.00    0.00    0.00    0.00   64.00

12:40:16 AM  CPU    %usr   %nice    %sys %iowait    %irq   %soft  %steal  %guest  %gnice   %idle
12:40:17 AM  all    0.25    0.00   31.51    0.00    0.12   14.20    0.00    0.00    0.00   53.92
12:40:17 AM    0    0.99    0.00   91.09    0.00    0.99    4.95    0.00    0.00    0.00    1.98
12:40:17 AM    1    1.01    0.00   90.91    0.00    0.00    4.04    0.00    0.00    0.00    4.04
12:40:17 AM    2    0.00    0.00   23.76    0.00    0.00   19.80    0.00    0.00    0.00   56.44
12:40:17 AM    3    0.00    0.00   32.35    0.00    0.00   20.59    0.00    0.00    0.00   47.06
12:40:17 AM    4    0.00    0.00    0.00    0.00    0.00    0.00    0.00    0.00    0.00  100.00
12:40:17 AM    5    0.00    0.00   10.00    0.00    0.00   33.00    0.00    0.00    0.00   57.00
12:40:17 AM    6    0.00    0.00    0.00    0.00    0.00    0.00    0.00    0.00    0.00  100.00
12:40:17 AM    7    0.00    0.00    4.00    0.00    0.00   31.00    0.00    0.00    0.00   65.00

12:40:17 AM  CPU    %usr   %nice    %sys %iowait    %irq   %soft  %steal  %guest  %gnice   %idle
12:40:18 AM  all    0.50    0.00   29.60    0.00    0.37   15.17    0.00    0.00    0.00   54.35
12:40:18 AM    0    2.02    0.00   89.90    0.00    0.00    4.04    0.00    0.00    0.00    4.04
12:40:18 AM    1    1.98    0.00   88.12    0.00    0.99    4.95    0.00    0.00    0.00    3.96
12:40:18 AM    2    0.00    0.00   22.00    0.00    1.00   24.00    0.00    0.00    0.00   53.00
12:40:18 AM    3    0.00    0.00   25.96    0.00    0.96   24.04    0.00    0.00    0.00   49.04
12:40:18 AM    4    0.00    0.00    0.00    0.00    0.00    0.00    0.00    0.00    0.00  100.00
12:40:18 AM    5    0.00    0.00    8.00    0.00    0.00   33.00    0.00    0.00    0.00   59.00
12:40:18 AM    6    0.00    0.00    0.00    0.00    0.00    0.00    0.00    0.00    0.00  100.00
12:40:18 AM    7    0.00    0.00    3.00    0.00    0.00   31.00    0.00    0.00    0.00   66.00

12:40:18 AM  CPU    %usr   %nice    %sys %iowait    %irq   %soft  %steal  %guest  %gnice   %idle
12:40:19 AM  all    0.50    0.00   29.03    0.00    0.12   16.00    0.00    0.00    0.00   54.34
12:40:19 AM    0    2.97    0.00   88.12    0.00    0.99    4.95    0.00    0.00    0.00    2.97
12:40:19 AM    1    1.01    0.00   90.91    0.00    0.00    5.05    0.00    0.00    0.00    3.03
12:40:19 AM    2    0.00    0.00   17.65    0.00    0.00   28.43    0.00    0.00    0.00   53.92
12:40:19 AM    3    0.00    0.00   24.51    0.00    0.00   25.49    0.00    0.00    0.00   50.00
12:40:19 AM    4    0.00    0.00    0.00    0.00    0.00    0.00    0.00    0.00    0.00  100.00
12:40:19 AM    5    0.00    0.00    9.90    0.00    0.00   29.70    0.00    0.00    0.00   60.40
12:40:19 AM    6    0.00    0.00    0.00    0.00    0.00    0.00    0.00    0.00    0.00  100.00
12:40:19 AM    7    0.00    0.00    1.98    0.00    0.00   33.66    0.00    0.00    0.00   64.36

12:40:19 AM  CPU    %usr   %nice    %sys %iowait    %irq   %soft  %steal  %guest  %gnice   %idle
12:40:20 AM  all    0.25    0.00   29.85    0.00    0.62   15.42    0.00    0.00    0.00   53.86
12:40:20 AM    0    1.01    0.00   90.91    0.00    0.00    5.05    0.00    0.00    0.00    3.03
12:40:20 AM    1    1.00    0.00   90.00    0.00    1.00    4.00    0.00    0.00    0.00    4.00
12:40:20 AM    2    0.00    0.00   18.63    0.00    0.98   23.53    0.00    0.00    0.00   56.86
12:40:20 AM    3    0.00    0.00   23.76    0.00    0.99   21.78    0.00    0.00    0.00   53.47
12:40:20 AM    4    0.00    0.00    0.00    0.00    0.00    0.99    0.00    0.00    0.00   99.01
12:40:20 AM    5    0.00    0.00   11.88    0.00    0.99   31.68    0.00    0.00    0.00   55.45
12:40:20 AM    6    0.00    0.00    0.00    0.00    0.00    0.00    0.00    0.00    0.00  100.00
12:40:20 AM    7    0.00    0.00    5.00    0.00    1.00   36.00    0.00    0.00    0.00   58.00

12:40:20 AM  CPU    %usr   %nice    %sys %iowait    %irq   %soft  %steal  %guest  %gnice   %idle
12:40:21 AM  all    0.25    0.00   28.73    0.00    0.25   15.30    0.00    0.00    0.00   55.47
12:40:21 AM    0    1.00    0.00   88.00    0.00    1.00    4.00    0.00    0.00    0.00    6.00
12:40:21 AM    1    1.00    0.00   87.00    0.00    0.00    5.00    0.00    0.00    0.00    7.00
12:40:21 AM    2    0.00    0.00   17.65    0.00    0.00   26.47    0.00    0.00    0.00   55.88
12:40:21 AM    3    0.00    0.00   24.51    0.00    0.00   25.49    0.00    0.00    0.00   50.00
12:40:21 AM    4    0.00    0.00    0.00    0.00    1.00    0.00    0.00    0.00    0.00   99.00
12:40:21 AM    5    0.00    0.00    9.00    0.00    0.00   27.00    0.00    0.00    0.00   64.00
12:40:21 AM    6    0.00    0.00    0.00    0.00    0.00    0.00    0.00    0.00    0.00  100.00
12:40:21 AM    7    0.00    0.00    4.00    0.00    0.00   34.00    0.00    0.00    0.00   62.00

12:40:21 AM  CPU    %usr   %nice    %sys %iowait    %irq   %soft  %steal  %guest  %gnice   %idle
12:40:22 AM  all    0.37    0.00   26.12    0.00    0.37   16.04    0.00    0.00    0.00   57.09
12:40:22 AM    0    2.00    0.00   84.00    0.00    0.00    5.00    0.00    0.00    0.00    9.00
12:40:22 AM    1    0.99    0.00   84.16    0.00    0.99    3.96    0.00    0.00    0.00    9.90
12:40:22 AM    2    0.00    0.00   12.75    0.00    0.98   27.45    0.00    0.00    0.00   58.82
12:40:22 AM    3    0.00    0.00   17.65    0.00    0.98   25.49    0.00    0.00    0.00   55.88
12:40:22 AM    4    0.00    0.00    0.00    0.00    0.00    0.00    0.00    0.00    0.00  100.00
12:40:22 AM    5    0.00    0.00    6.06    0.00    0.00   31.31    0.00    0.00    0.00   62.63
12:40:22 AM    6    0.00    0.00    0.00    0.00    0.00    0.00    0.00    0.00    0.00  100.00
12:40:22 AM    7    0.00    0.00    4.00    0.00    0.00   35.00    0.00    0.00    0.00   61.00

12:40:22 AM  CPU    %usr   %nice    %sys %iowait    %irq   %soft  %steal  %guest  %gnice   %idle
12:40:23 AM  all    0.25    0.00   28.39    0.00    0.12   16.31    0.00    0.00    0.00   54.92
12:40:23 AM    0    1.00    0.00   88.00    0.00    0.00    5.00    0.00    0.00    0.00    6.00
12:40:23 AM    1    1.00    0.00   88.00    0.00    0.00    5.00    0.00    0.00    0.00    6.00
12:40:23 AM    2    0.00    0.00   21.57    0.00    0.98   29.41    0.00    0.00    0.00   48.04
12:40:23 AM    3    0.00    0.00   15.84    0.00    0.00   24.75    0.00    0.00    0.00   59.41
12:40:23 AM    4    0.00    0.00    0.00    0.00    0.00    0.00    0.00    0.00    0.00  100.00
12:40:23 AM    5    0.00    0.00    7.92    0.00    0.00   30.69    0.00    0.00    0.00   61.39
12:40:23 AM    6    0.00    0.00    0.00    0.00    0.00    0.00    0.00    0.00    0.00  100.00
12:40:23 AM    7    0.00    0.00    6.06    0.00    0.00   35.35    0.00    0.00    0.00   58.59

12:40:23 AM  CPU    %usr   %nice    %sys %iowait    %irq   %soft  %steal  %guest  %gnice   %idle
12:40:24 AM  all    0.25    0.00   29.46    0.00    0.37   14.85    0.00    0.00    0.00   55.07
12:40:24 AM    0    0.99    0.00   86.14    0.00    0.99    3.96    0.00    0.00    0.00    7.92
12:40:24 AM    1    1.00    0.00   87.00    0.00    1.00    4.00    0.00    0.00    0.00    7.00
12:40:24 AM    2    0.00    0.00   24.27    0.00    0.00   26.21    0.00    0.00    0.00   49.51
12:40:24 AM    3    0.00    0.00   18.63    0.00    0.98   23.53    0.00    0.00    0.00   56.86
12:40:24 AM    4    0.00    0.00    0.00    0.00    0.00    0.00    0.00    0.00    0.00  100.00
12:40:24 AM    5    0.00    0.00   11.88    0.00    0.00   24.75    0.00    0.00    0.00   63.37
12:40:24 AM    6    0.00    0.00    0.00    0.00    0.00    0.00    0.00    0.00    0.00  100.00
12:40:24 AM    7    0.00    0.00    7.92    0.00    0.00   35.64    0.00    0.00    0.00   56.44

12:40:24 AM  CPU    %usr   %nice    %sys %iowait    %irq   %soft  %steal  %guest  %gnice   %idle
12:40:25 AM  all    0.25    0.00   28.86    0.00    0.50   14.80    0.00    0.00    0.00   55.60
12:40:25 AM    0    1.02    0.00   86.73    0.00    0.00    4.08    0.00    0.00    0.00    8.16
12:40:25 AM    1    1.00    0.00   86.00    0.00    0.00    5.00    0.00    0.00    0.00    8.00
12:40:25 AM    2    0.00    0.00   24.51    0.00    0.98   25.49    0.00    0.00    0.00   49.02
12:40:25 AM    3    0.00    0.00   15.69    0.00    0.98   26.47    0.00    0.00    0.00   56.86
12:40:25 AM    4    0.00    0.00    0.99    0.00    0.00    0.00    0.00    0.00    0.00   99.01
12:40:25 AM    5    0.00    0.00   12.00    0.00    1.00   27.00    0.00    0.00    0.00   60.00
12:40:25 AM    6    0.00    0.00    0.00    0.00    0.00    0.00    0.00    0.00    0.00  100.00
12:40:25 AM    7    0.00    0.00    6.93    0.00    0.99   29.70    0.00    0.00    0.00   62.38

12:40:25 AM  CPU    %usr   %nice    %sys %iowait    %irq   %soft  %steal  %guest  %gnice   %idle
12:40:26 AM  all    0.25    0.00   27.06    0.00    0.37   16.21    0.00    0.00    0.00   56.11
12:40:26 AM    0    1.00    0.00   85.00    0.00    1.00    4.00    0.00    0.00    0.00    9.00
12:40:26 AM    1    1.01    0.00   85.86    0.00    0.00    4.04    0.00    0.00    0.00    9.09
12:40:26 AM    2    0.00    0.00   18.63    0.00    0.98   30.39    0.00    0.00    0.00   50.00
12:40:26 AM    3    0.00    0.00   11.88    0.00    0.99   24.75    0.00    0.00    0.00   62.38
12:40:26 AM    4    0.00    0.00    0.00    0.00    0.00    0.00    0.00    0.00    0.00  100.00
12:40:26 AM    5    0.00    0.00    8.91    0.00    0.00   29.70    0.00    0.00    0.00   61.39
12:40:26 AM    6    0.00    0.00    0.00    0.00    0.00    0.00    0.00    0.00    0.00  100.00
12:40:26 AM    7    0.00    0.00    7.00    0.00    0.00   36.00    0.00    0.00    0.00   57.00

12:40:26 AM  CPU    %usr   %nice    %sys %iowait    %irq   %soft  %steal  %guest  %gnice   %idle
12:40:27 AM  all    0.25    0.00   29.43    0.00    0.12   15.21    0.00    0.00    0.00   54.99
12:40:27 AM    0    0.99    0.00   88.12    0.00    0.00    4.95    0.00    0.00    0.00    5.94
12:40:27 AM    1    0.99    0.00   88.12    0.00    0.99    3.96    0.00    0.00    0.00    5.94
12:40:27 AM    2    0.00    0.00   30.39    0.00    0.00   26.47    0.00    0.00    0.00   43.14
12:40:27 AM    3    0.00    0.00   14.00    0.00    0.00   23.00    0.00    0.00    0.00   63.00
12:40:27 AM    4    0.00    0.00    0.00    0.00    0.00    0.00    0.00    0.00    0.00  100.00
12:40:27 AM    5    0.00    0.00    8.16    0.00    0.00   31.63    0.00    0.00    0.00   60.20
12:40:27 AM    6    0.00    0.00    0.00    0.00    0.00    0.00    0.00    0.00    0.00  100.00
12:40:27 AM    7    0.00    0.00    5.00    0.00    0.00   32.00    0.00    0.00    0.00   63.00

12:40:27 AM  CPU    %usr   %nice    %sys %iowait    %irq   %soft  %steal  %guest  %gnice   %idle
12:40:28 AM  all    0.37    0.00   28.00    0.00    0.37   15.37    0.00    0.00    0.00   55.89
12:40:28 AM    0    0.99    0.00   86.14    0.00    0.99    3.96    0.00    0.00    0.00    7.92
12:40:28 AM    1    2.00    0.00   85.00    0.00    0.00    5.00    0.00    0.00    0.00    8.00
12:40:28 AM    2    0.00    0.00   26.47    0.00    0.98   27.45    0.00    0.00    0.00   45.10
12:40:28 AM    3    0.00    0.00   16.67    0.00    0.98   24.51    0.00    0.00    0.00   57.84
12:40:28 AM    4    0.00    0.00    0.00    0.00    0.00    0.00    0.00    0.00    0.00  100.00
12:40:28 AM    5    0.00    0.00    5.94    0.00    0.00   27.72    0.00    0.00    0.00   66.34
12:40:28 AM    6    0.00    0.00    0.00    0.00    0.00    0.00    0.00    0.00    0.00  100.00
12:40:28 AM    7    0.00    0.00    3.96    0.00    0.00   33.66    0.00    0.00    0.00   62.38

12:40:28 AM  CPU    %usr   %nice    %sys %iowait    %irq   %soft  %steal  %guest  %gnice   %idle
12:40:29 AM  all    0.12    0.00   29.88    0.00    0.50   14.50    0.00    0.00    0.00   55.00
12:40:29 AM    0    1.02    0.00   89.80    0.00    0.00    4.08    0.00    0.00    0.00    5.10
12:40:29 AM    1    0.00    0.00   88.89    0.00    1.01    4.04    0.00    0.00    0.00    6.06
12:40:29 AM    2    0.00    0.00   24.51    0.00    0.98   23.53    0.00    0.00    0.00   50.98
12:40:29 AM    3    0.00    0.00   22.55    0.00    0.98   20.59    0.00    0.00    0.00   55.88
12:40:29 AM    4    0.00    0.00    0.00    0.00    0.99    0.00    0.00    0.00    0.00   99.01
12:40:29 AM    5    0.00    0.00   10.00    0.00    0.00   30.00    0.00    0.00    0.00   60.00
12:40:29 AM    6    0.00    0.00    0.00    0.00    0.00    0.00    0.00    0.00    0.00  100.00
12:40:29 AM    7    0.00    0.00    5.10    0.00    0.00   33.67    0.00    0.00    0.00   61.22

12:40:29 AM  CPU    %usr   %nice    %sys %iowait    %irq   %soft  %steal  %guest  %gnice   %idle
12:40:30 AM  all    0.50    0.00   30.65    0.00    0.25   14.39    0.00    0.00    0.00   54.22
12:40:30 AM    0    1.98    0.00   87.13    0.00    0.99    4.95    0.00    0.00    0.00    4.95
12:40:30 AM    1    1.98    0.00   88.12    0.00    0.00    4.95    0.00    0.00    0.00    4.95
12:40:30 AM    2    0.00    0.00   27.00    0.00    0.00   21.00    0.00    0.00    0.00   52.00
12:40:30 AM    3    0.00    0.00   27.00    0.00    0.00   20.00    0.00    0.00    0.00   53.00
12:40:30 AM    4    0.00    0.00    0.00    0.00    0.00    0.99    0.00    0.00    0.00   99.01
12:40:30 AM    5    0.00    0.00    9.90    0.00    0.00   28.71    0.00    0.00    0.00   61.39
12:40:30 AM    6    0.00    0.00    0.00    0.00    0.00    0.00    0.00    0.00    0.00  100.00
12:40:30 AM    7    0.00    0.00    5.88    0.00    0.98   34.31    0.00    0.00    0.00   58.82

12:40:30 AM  CPU    %usr   %nice    %sys %iowait    %irq   %soft  %steal  %guest  %gnice   %idle
12:40:31 AM  all    0.37    0.00   27.35    0.00    0.50   16.71    0.00    0.00    0.00   55.07
12:40:31 AM    0    0.99    0.00   89.11    0.00    0.00    4.95    0.00    0.00    0.00    4.95
12:40:31 AM    1    1.98    0.00   85.15    0.00    0.99    4.95    0.00    0.00    0.00    6.93
12:40:31 AM    2    0.00    0.00   16.35    0.00    0.96   27.88    0.00    0.00    0.00   54.81
12:40:31 AM    3    0.00    0.00   13.59    0.00    0.97   28.16    0.00    0.00    0.00   57.28
12:40:31 AM    4    0.00    0.00    0.00    0.00    0.00    0.00    0.00    0.00    0.00  100.00
12:40:31 AM    5    0.00    0.00    9.00    0.00    1.00   30.00    0.00    0.00    0.00   60.00
12:40:31 AM    6    0.00    0.00    0.00    0.00    0.00    0.00    0.00    0.00    0.00  100.00
12:40:31 AM    7    0.00    0.00    5.00    0.00    0.00   37.00    0.00    0.00    0.00   58.00

12:40:31 AM  CPU    %usr   %nice    %sys %iowait    %irq   %soft  %steal  %guest  %gnice   %idle
12:40:32 AM  all    0.37    0.00   29.27    0.00    0.25   15.19    0.00    0.00    0.00   54.92
12:40:32 AM    0    2.00    0.00   88.00    0.00    1.00    4.00    0.00    0.00    0.00    5.00
12:40:32 AM    1    1.02    0.00   90.82    0.00    0.00    4.08    0.00    0.00    0.00    4.08
12:40:32 AM    2    0.00    0.00   21.78    0.00    0.00   23.76    0.00    0.00    0.00   54.46
12:40:32 AM    3    0.00    0.00   21.36    0.00    0.97   23.30    0.00    0.00    0.00   54.37
12:40:32 AM    4    0.00    0.00    0.00    0.00    0.00    0.00    0.00    0.00    0.00  100.00
12:40:32 AM    5    0.00    0.00    8.00    0.00    0.00   26.00    0.00    0.00    0.00   66.00
12:40:32 AM    6    0.00    0.00    0.00    0.00    0.00    0.00    0.00    0.00    0.00  100.00
12:40:32 AM    7    0.00    0.00    5.94    0.00    0.00   39.60    0.00    0.00    0.00   54.46

12:40:32 AM  CPU    %usr   %nice    %sys %iowait    %irq   %soft  %steal  %guest  %gnice   %idle
12:40:33 AM  all    0.25    0.00   30.54    0.00    0.25   14.89    0.00    0.00    0.00   54.07
12:40:33 AM    0    1.01    0.00   89.90    0.00    0.00    4.04    0.00    0.00    0.00    5.05
12:40:33 AM    1    1.00    0.00   87.00    0.00    1.00    4.00    0.00    0.00    0.00    7.00
12:40:33 AM    2    0.00    0.00   15.84    0.00    0.99   24.75    0.00    0.00    0.00   58.42
12:40:33 AM    3    0.00    0.00   19.00    0.00    0.00   24.00    0.00    0.00    0.00   57.00
12:40:33 AM    4    0.00    0.00    0.00    0.00    0.00    0.00    0.00    0.00    0.00  100.00
12:40:33 AM    5    0.00    0.00   20.00    0.00    0.00   25.00    0.00    0.00    0.00   55.00
12:40:33 AM    6    0.00    0.00    0.00    0.00    0.00    0.00    0.00    0.00    0.00  100.00
12:40:33 AM    7    0.00    0.00   13.13    0.00    0.00   37.37    0.00    0.00    0.00   49.49

12:40:33 AM  CPU    %usr   %nice    %sys %iowait    %irq   %soft  %steal  %guest  %gnice   %idle
12:40:34 AM  all    0.37    0.00   34.00    0.00    0.37   12.58    0.00    0.00    0.00   52.68
12:40:34 AM    0    1.98    0.00   91.09    0.00    0.99    2.97    0.00    0.00    0.00    2.97
12:40:34 AM    1    1.00    0.00   91.00    0.00    0.00    3.00    0.00    0.00    0.00    5.00
12:40:34 AM    2    0.00    0.00   24.75    0.00    0.99   20.79    0.00    0.00    0.00   53.47
12:40:34 AM    3    0.00    0.00   32.00    0.00    1.00   19.00    0.00    0.00    0.00   48.00
12:40:34 AM    4    0.00    0.00    0.00    0.00    0.00    0.00    0.00    0.00    0.00  100.00
12:40:34 AM    5    0.00    0.00   19.00    0.00    0.00   24.00    0.00    0.00    0.00   57.00
12:40:34 AM    6    0.00    0.00    0.00    0.00    0.00    0.00    0.00    0.00    0.00  100.00
12:40:34 AM    7    0.00    0.00   13.86    0.00    0.00   30.69    0.00    0.00    0.00   55.45

12:40:34 AM  CPU    %usr   %nice    %sys %iowait    %irq   %soft  %steal  %guest  %gnice   %idle
12:40:35 AM  all    0.37    0.00   32.09    0.00    0.25   13.68    0.00    0.00    0.00   53.61
12:40:35 AM    0    1.00    0.00   91.00    0.00    0.00    4.00    0.00    0.00    0.00    4.00
12:40:35 AM    1    1.98    0.00   89.11    0.00    0.99    3.96    0.00    0.00    0.00    3.96
12:40:35 AM    2    0.00    0.00   23.76    0.00    0.00   25.74    0.00    0.00    0.00   50.50
12:40:35 AM    3    0.00    0.00   33.66    0.00    0.00   18.81    0.00    0.00    0.00   47.52
12:40:35 AM    4    0.00    0.00    0.00    0.00    0.00    0.00    0.00    0.00    0.00  100.00
12:40:35 AM    5    0.00    0.00   12.00    0.00    0.00   24.00    0.00    0.00    0.00   64.00
12:40:35 AM    6    0.00    0.00    0.00    0.00    0.00    0.00    0.00    0.00    0.00  100.00
12:40:35 AM    7    0.00    0.00    6.93    0.00    0.99   32.67    0.00    0.00    0.00   59.41

12:40:35 AM  CPU    %usr   %nice    %sys %iowait    %irq   %soft  %steal  %guest  %gnice   %idle
12:40:36 AM  all    0.50    0.00   30.97    0.00    0.37   14.05    0.00    0.00    0.00   54.10
12:40:36 AM    0    1.98    0.00   89.11    0.00    0.99    3.96    0.00    0.00    0.00    3.96
12:40:36 AM    1    2.04    0.00   87.76    0.00    0.00    3.06    0.00    0.00    0.00    7.14
12:40:36 AM    2    0.00    0.00   25.24    0.00    0.97   23.30    0.00    0.00    0.00   50.49
12:40:36 AM    3    0.00    0.00   28.43    0.00    0.98   21.57    0.00    0.00    0.00   49.02
12:40:36 AM    4    0.00    0.00    0.00    0.00    0.00    0.00    0.00    0.00    0.00  100.00
12:40:36 AM    5    0.00    0.00   12.87    0.00    0.00   27.72    0.00    0.00    0.00   59.41
12:40:36 AM    6    0.00    0.00    0.00    0.00    0.00    0.00    0.00    0.00    0.00  100.00
12:40:36 AM    7    0.00    0.00    5.00    0.00    0.00   32.00    0.00    0.00    0.00   63.00

12:40:36 AM  CPU    %usr   %nice    %sys %iowait    %irq   %soft  %steal  %guest  %gnice   %idle
12:40:37 AM  all    0.25    0.00   28.96    0.00    0.50   15.97    0.00    0.00    0.00   54.33
12:40:37 AM    0    1.01    0.00   89.90    0.00    0.00    5.05    0.00    0.00    0.00    4.04
12:40:37 AM    1    0.98    0.00   88.24    0.00    0.98    4.90    0.00    0.00    0.00    4.90
12:40:37 AM    2    0.00    0.00   25.49    0.00    0.98   24.51    0.00    0.00    0.00   49.02
12:40:37 AM    3    0.00    0.00   15.69    0.00    0.98   25.49    0.00    0.00    0.00   57.84
12:40:37 AM    4    0.00    0.00    0.00    0.00    0.00    0.00    0.00    0.00    0.00  100.00
12:40:37 AM    5    0.00    0.00    8.91    0.00    0.99   29.70    0.00    0.00    0.00   60.40
12:40:37 AM    6    0.00    0.00    0.00    0.00    0.00    0.00    0.00    0.00    0.00  100.00
12:40:37 AM    7    0.00    0.00    4.00    0.00    0.00   38.00    0.00    0.00    0.00   58.00

12:40:37 AM  CPU    %usr   %nice    %sys %iowait    %irq   %soft  %steal  %guest  %gnice   %idle
12:40:38 AM  all    0.50    0.00   30.85    0.00    0.25   14.30    0.00    0.00    0.00   54.10
12:40:38 AM    0    1.96    0.00   87.25    0.00    0.98    3.92    0.00    0.00    0.00    5.88
12:40:38 AM    1    1.98    0.00   89.11    0.00    0.00    3.96    0.00    0.00    0.00    4.95
12:40:38 AM    2    0.00    0.00   21.00    0.00    0.00   23.00    0.00    0.00    0.00   56.00
12:40:38 AM    3    0.00    0.00   27.72    0.00    0.00   21.78    0.00    0.00    0.00   50.50
12:40:38 AM    4    0.00    0.00    0.00    0.00    1.00    0.00    0.00    0.00    0.00   99.00
12:40:38 AM    5    0.00    0.00   13.00    0.00    0.00   28.00    0.00    0.00    0.00   59.00
12:40:38 AM    6    0.00    0.00    0.00    0.00    0.00    0.00    0.00    0.00    0.00  100.00
12:40:38 AM    7    0.00    0.00    7.00    0.00    0.00   34.00    0.00    0.00    0.00   59.00

12:40:38 AM  CPU    %usr   %nice    %sys %iowait    %irq   %soft  %steal  %guest  %gnice   %idle
12:40:39 AM  all    0.25    0.00   31.13    0.00    0.37   15.44    0.00    0.00    0.00   52.80
12:40:39 AM    0    1.01    0.00   92.93    0.00    0.00    4.04    0.00    0.00    0.00    2.02
12:40:39 AM    1    1.01    0.00   92.93    0.00    1.01    4.04    0.00    0.00    0.00    1.01
12:40:39 AM    2    0.00    0.00   23.53    0.00    0.98   24.51    0.00    0.00    0.00   50.98
12:40:39 AM    3    0.00    0.00   25.49    0.00    0.98   24.51    0.00    0.00    0.00   49.02
12:40:39 AM    4    0.00    0.00    0.00    0.00    0.00    0.00    0.00    0.00    0.00  100.00
12:40:39 AM    5    0.00    0.00   10.00    0.00    0.00   29.00    0.00    0.00    0.00   61.00
12:40:39 AM    6    0.00    0.00    0.00    0.00    0.00    0.00    0.00    0.00    0.00  100.00
12:40:39 AM    7    0.00    0.00    5.94    0.00    0.00   36.63    0.00    0.00    0.00   57.43

12:40:39 AM  CPU    %usr   %nice    %sys %iowait    %irq   %soft  %steal  %guest  %gnice   %idle
12:40:40 AM  all    0.25    0.00   32.29    0.00    0.25   13.09    0.00    0.00    0.00   54.11
12:40:40 AM    0    1.00    0.00   89.00    0.00    1.00    3.00    0.00    0.00    0.00    6.00
12:40:40 AM    1    1.00    0.00   89.00    0.00    0.00    3.00    0.00    0.00    0.00    7.00
12:40:40 AM    2    0.00    0.00   28.43    0.00    0.00   22.55    0.00    0.00    0.00   49.02
12:40:40 AM    3    0.00    0.00   31.00    0.00    0.00   20.00    0.00    0.00    0.00   49.00
12:40:40 AM    4    0.00    0.00    0.00    0.00    0.00    0.00    0.00    0.00    0.00  100.00
12:40:40 AM    5    0.00    0.00   14.00    0.00    0.00   27.00    0.00    0.00    0.00   59.00
12:40:40 AM    6    0.00    0.00    0.00    0.00    0.00    0.00    0.00    0.00    0.00  100.00
12:40:40 AM    7    0.00    0.00    7.00    0.00    1.00   29.00    0.00    0.00    0.00   63.00

12:40:40 AM  CPU    %usr   %nice    %sys %iowait    %irq   %soft  %steal  %guest  %gnice   %idle
12:40:41 AM  all    0.37    0.00   31.34    0.00    0.37   14.68    0.00    0.00    0.00   53.23
12:40:41 AM    0    2.00    0.00   92.00    0.00    0.00    4.00    0.00    0.00    0.00    2.00
12:40:41 AM    1    1.00    0.00   91.00    0.00    1.00    5.00    0.00    0.00    0.00    2.00
12:40:41 AM    2    0.00    0.00   23.76    0.00    0.99   20.79    0.00    0.00    0.00   54.46
12:40:41 AM    3    0.00    0.00   26.47    0.00    0.98   20.59    0.00    0.00    0.00   51.96
12:40:41 AM    4    0.00    0.00    0.00    0.00    0.00    0.99    0.00    0.00    0.00   99.01
12:40:41 AM    5    0.00    0.00   12.00    0.00    0.00   29.00    0.00    0.00    0.00   59.00
12:40:41 AM    6    0.00    0.00    0.00    0.00    0.00    0.00    0.00    0.00    0.00  100.00
12:40:41 AM    7    0.00    0.00    6.00    0.00    0.00   37.00    0.00    0.00    0.00   57.00

12:40:41 AM  CPU    %usr   %nice    %sys %iowait    %irq   %soft  %steal  %guest  %gnice   %idle
12:40:42 AM  all    0.12    0.00   31.46    0.00    0.12   14.36    0.00    0.00    0.00   53.93
12:40:42 AM    0    0.00    0.00   90.91    0.00    1.01    4.04    0.00    0.00    0.00    4.04
12:40:42 AM    1    1.02    0.00   90.82    0.00    0.00    3.06    0.00    0.00    0.00    5.10
12:40:42 AM    2    0.00    0.00   25.49    0.00    0.00   22.55    0.00    0.00    0.00   51.96
12:40:42 AM    3    0.00    0.00   32.67    0.00    0.00   21.78    0.00    0.00    0.00   45.54
12:40:42 AM    4    0.00    0.00    0.00    0.00    0.00    0.00    0.00    0.00    0.00  100.00
12:40:42 AM    5    0.00    0.00    8.00    0.00    0.00   27.00    0.00    0.00    0.00   65.00
12:40:42 AM    6    0.00    0.00    0.00    0.00    0.00    0.00    0.00    0.00    0.00  100.00
12:40:42 AM    7    0.00    0.00    5.94    0.00    0.00   35.64    0.00    0.00    0.00   58.42

12:40:42 AM  CPU    %usr   %nice    %sys %iowait    %irq   %soft  %steal  %guest  %gnice   %idle
12:40:43 AM  all    0.50    0.00   31.01    0.00    0.37   13.82    0.00    0.00    0.00   54.30
12:40:43 AM    0    2.00    0.00   88.00    0.00    0.00    4.00    0.00    0.00    0.00    6.00
12:40:43 AM    1    1.98    0.00   87.13    0.00    0.99    3.96    0.00    0.00    0.00    5.94
12:40:43 AM    2    0.00    0.00   27.45    0.00    0.98   20.59    0.00    0.00    0.00   50.98
12:40:43 AM    3    0.00    0.00   24.51    0.00    0.98   21.57    0.00    0.00    0.00   52.94
12:40:43 AM    4    0.00    0.00    0.00    0.00    0.00    0.00    0.00    0.00    0.00  100.00
12:40:43 AM    5    0.00    0.00   13.00    0.00    0.00   26.00    0.00    0.00    0.00   61.00
12:40:43 AM    6    0.00    0.00    0.00    0.00    0.00    0.00    0.00    0.00    0.00  100.00
12:40:43 AM    7    0.00    0.00    7.07    0.00    0.00   34.34    0.00    0.00    0.00   58.59

12:40:43 AM  CPU    %usr   %nice    %sys %iowait    %irq   %soft  %steal  %guest  %gnice   %idle
12:40:44 AM  all    0.37    0.00   34.45    0.00    0.37   12.44    0.00    0.00    0.00   52.36
12:40:44 AM    0    1.98    0.00   90.10    0.00    0.99    2.97    0.00    0.00    0.00    3.96
12:40:44 AM    1    1.00    0.00   92.00    0.00    0.00    3.00    0.00    0.00    0.00    4.00
12:40:44 AM    2    0.00    0.00   26.73    0.00    0.99   19.80    0.00    0.00    0.00   52.48
12:40:44 AM    3    0.00    0.00   29.00    0.00    0.00   19.00    0.00    0.00    0.00   52.00
12:40:44 AM    4    0.00    0.00    0.00    0.00    0.00    0.00    0.00    0.00    0.00  100.00
12:40:44 AM    5    0.00    0.00   20.59    0.00    0.98   19.61    0.00    0.00    0.00   58.82
12:40:44 AM    6    0.00    0.00    0.00    0.00    0.00    0.00    0.00    0.00    0.00  100.00
12:40:44 AM    7    0.00    0.00   17.00    0.00    0.00   35.00    0.00    0.00    0.00   48.00

12:40:44 AM  CPU    %usr   %nice    %sys %iowait    %irq   %soft  %steal  %guest  %gnice   %idle
12:40:45 AM  all    0.13    0.00   34.92    0.00    0.25   12.02    0.00    0.00    0.00   52.69
12:40:45 AM    0    1.01    0.00   92.93    0.00    0.00    2.02    0.00    0.00    0.00    4.04
12:40:45 AM    1    0.00    0.00   92.86    0.00    0.00    3.06    0.00    0.00    0.00    4.08
12:40:45 AM    2    0.00    0.00   30.30    0.00    0.00   17.17    0.00    0.00    0.00   52.53
12:40:45 AM    3    0.00    0.00   28.71    0.00    0.99   16.83    0.00    0.00    0.00   53.47
12:40:45 AM    4    0.00    0.00    0.00    0.00    0.00    0.00    0.00    0.00    0.00  100.00
12:40:45 AM    5    0.00    0.00   21.00    0.00    0.00   20.00    0.00    0.00    0.00   59.00
12:40:45 AM    6    0.00    0.00    0.00    0.00    0.00    0.00    0.00    0.00    0.00  100.00
12:40:45 AM    7    0.00    0.00   15.69    0.00    0.98   36.27    0.00    0.00    0.00   47.06

12:40:45 AM  CPU    %usr   %nice    %sys %iowait    %irq   %soft  %steal  %guest  %gnice   %idle
12:40:46 AM  all    0.38    0.00   35.12    0.00    0.38   11.62    0.00    0.00    0.00   52.50
12:40:46 AM    0    1.00    0.00   91.00    0.00    1.00    3.00    0.00    0.00    0.00    4.00
12:40:46 AM    1    2.00    0.00   91.00    0.00    1.00    2.00    0.00    0.00    0.00    4.00
12:40:46 AM    2    0.00    0.00   30.69    0.00    0.99   17.82    0.00    0.00    0.00   50.50
12:40:46 AM    3    0.00    0.00   28.00    0.00    0.00   19.00    0.00    0.00    0.00   53.00
12:40:46 AM    4    0.00    0.00    0.00    0.00    0.00    0.00    0.00    0.00    0.00  100.00
12:40:46 AM    5    0.00    0.00   22.22    0.00    0.00   19.19    0.00    0.00    0.00   58.59
12:40:46 AM    6    0.00    0.00    0.00    0.00    0.00    0.00    0.00    0.00    0.00  100.00
12:40:46 AM    7    0.00    0.00   18.00    0.00    0.00   32.00    0.00    0.00    0.00   50.00

12:40:46 AM  CPU    %usr   %nice    %sys %iowait    %irq   %soft  %steal  %guest  %gnice   %idle
12:40:47 AM  all    0.37    0.00   32.43    0.00    0.25   13.24    0.00    0.00    0.00   53.71
12:40:47 AM    0    1.00    0.00   91.00    0.00    0.00    4.00    0.00    0.00    0.00    4.00
12:40:47 AM    1    1.96    0.00   89.22    0.00    0.00    3.92    0.00    0.00    0.00    4.90
12:40:47 AM    2    0.00    0.00   27.45    0.00    0.00   19.61    0.00    0.00    0.00   52.94
12:40:47 AM    3    0.00    0.00   28.16    0.00    0.97   19.42    0.00    0.00    0.00   51.46
12:40:47 AM    4    0.00    0.00    0.00    0.00    0.99    0.00    0.00    0.00    0.00   99.01
12:40:47 AM    5    0.00    0.00   13.00    0.00    0.00   27.00    0.00    0.00    0.00   60.00
12:40:47 AM    6    0.00    0.00    0.00    0.00    0.00    0.00    0.00    0.00    0.00  100.00
12:40:47 AM    7    0.00    0.00   10.00    0.00    0.00   32.00    0.00    0.00    0.00   58.00

12:40:47 AM  CPU    %usr   %nice    %sys %iowait    %irq   %soft  %steal  %guest  %gnice   %idle
12:40:48 AM  all    0.25    0.00   31.50    0.00    0.38   14.50    0.00    0.00    0.00   53.37
12:40:48 AM    0    1.00    0.00   90.00    0.00    1.00    4.00    0.00    0.00    0.00    4.00
12:40:48 AM    1    1.00    0.00   90.00    0.00    1.00    4.00    0.00    0.00    0.00    4.00
12:40:48 AM    2    0.00    0.00   27.72    0.00    0.99   20.79    0.00    0.00    0.00   50.50
12:40:48 AM    3    0.00    0.00   28.00    0.00    0.00   23.00    0.00    0.00    0.00   49.00
12:40:48 AM    4    0.00    0.00    0.00    0.00    0.00    0.00    0.00    0.00    0.00  100.00
12:40:48 AM    5    0.00    0.00   12.00    0.00    0.00   30.00    0.00    0.00    0.00   58.00
12:40:48 AM    6    0.00    0.00    0.00    0.00    0.00    0.00    0.00    0.00    0.00  100.00
12:40:48 AM    7    0.00    0.00    4.04    0.00    0.00   34.34    0.00    0.00    0.00   61.62

12:40:48 AM  CPU    %usr   %nice    %sys %iowait    %irq   %soft  %steal  %guest  %gnice   %idle
12:40:49 AM  all    0.25    0.00   34.12    0.00    0.12   13.52    0.00    0.00    0.00   51.99
12:40:49 AM    0    1.98    0.00   93.07    0.00    0.00    2.97    0.00    0.00    0.00    1.98
12:40:49 AM    1    0.00    0.00   94.00    0.00    0.00    4.00    0.00    0.00    0.00    2.00
12:40:49 AM    2    0.00    0.00   33.66    0.00    0.00   18.81    0.00    0.00    0.00   47.52
12:40:49 AM    3    0.00    0.00   30.69    0.00    0.99   19.80    0.00    0.00    0.00   48.51
12:40:49 AM    4    0.00    0.00    0.00    0.00    0.00    0.00    0.00    0.00    0.00  100.00
12:40:49 AM    5    0.00    0.00   14.85    0.00    0.00   30.69    0.00    0.00    0.00   54.46
12:40:49 AM    6    0.00    0.00    0.00    0.00    0.00    0.00    0.00    0.00    0.00  100.00
12:40:49 AM    7    0.00    0.00    6.93    0.00    0.00   31.68    0.00    0.00    0.00   61.39

12:40:49 AM  CPU    %usr   %nice    %sys %iowait    %irq   %soft  %steal  %guest  %gnice   %idle
12:40:50 AM  all    0.25    0.00   30.27    0.00    0.50   14.39    0.00    0.00    0.00   54.59
12:40:50 AM    0    1.00    0.00   88.00    0.00    1.00    5.00    0.00    0.00    0.00    5.00
12:40:50 AM    1    1.00    0.00   90.00    0.00    1.00    4.00    0.00    0.00    0.00    4.00
12:40:50 AM    2    0.00    0.00   23.53    0.00    0.98   23.53    0.00    0.00    0.00   51.96
12:40:50 AM    3    0.00    0.00   25.24    0.00    0.97   22.33    0.00    0.00    0.00   51.46
12:40:50 AM    4    0.00    0.00    0.00    0.00    0.00    0.00    0.00    0.00    0.00  100.00
12:40:50 AM    5    0.00    0.00   12.00    0.00    0.00   31.00    0.00    0.00    0.00   57.00
12:40:50 AM    6    0.00    0.00    0.00    0.00    0.00    0.00    0.00    0.00    0.00  100.00
12:40:50 AM    7    0.00    0.00    3.96    0.00    0.00   28.71    0.00    0.00    0.00   67.33

12:40:50 AM  CPU    %usr   %nice    %sys %iowait    %irq   %soft  %steal  %guest  %gnice   %idle
12:40:51 AM  all    0.25    0.00   28.91    0.00    0.25   15.02    0.00    0.00    0.00   55.57
12:40:51 AM    0    1.02    0.00   89.80    0.00    0.00    4.08    0.00    0.00    0.00    5.10
12:40:51 AM    1    1.00    0.00   88.00    0.00    0.00    5.00    0.00    0.00    0.00    6.00
12:40:51 AM    2    0.00    0.00   20.00    0.00    0.00   23.00    0.00    0.00    0.00   57.00
12:40:51 AM    3    0.00    0.00   20.79    0.00    0.00   23.76    0.00    0.00    0.00   55.45
12:40:51 AM    4    0.00    0.00    0.00    0.00    0.00    0.00    0.00    0.00    0.00  100.00
12:40:51 AM    5    0.00    0.00    9.90    0.00    0.99   27.72    0.00    0.00    0.00   61.39
12:40:51 AM    6    0.00    0.00    0.00    0.00    0.00    0.00    0.00    0.00    0.00  100.00
12:40:51 AM    7    0.00    0.00    4.00    0.00    1.00   36.00    0.00    0.00    0.00   59.00

12:40:51 AM  CPU    %usr   %nice    %sys %iowait    %irq   %soft  %steal  %guest  %gnice   %idle
12:40:52 AM  all    0.37    0.00   30.33    0.00    0.49   15.04    0.00    0.00    0.00   53.76
12:40:52 AM    0    0.98    0.00   89.22    0.00    0.98    4.90    0.00    0.00    0.00    3.92
12:40:52 AM    1    1.98    0.00   88.12    0.00    0.99    4.95    0.00    0.00    0.00    3.96
12:40:52 AM    2    0.00    0.00   24.27    0.00    0.97   24.27    0.00    0.00    0.00   50.49
12:40:52 AM    3    0.00    0.00   30.77    0.00    0.96   23.08    0.00    0.00    0.00   45.19
12:40:52 AM    4    0.00    0.00    0.00    0.00    0.00    0.99    0.00    0.00    0.00   99.01
12:40:52 AM    5    0.00    0.00    6.00    0.00    0.00   33.00    0.00    0.00    0.00   61.00
12:40:52 AM    6    0.00    0.00    0.00    0.00    0.00    0.00    0.00    0.00    0.00  100.00
12:40:52 AM    7    0.00    0.00    3.00    0.00    0.00   29.00    0.00    0.00    0.00   68.00

12:40:52 AM  CPU    %usr   %nice    %sys %iowait    %irq   %soft  %steal  %guest  %gnice   %idle
12:40:53 AM  all    0.37    0.00   30.92    0.00    0.12   13.97    0.00    0.00    0.00   54.61
12:40:53 AM    0    2.02    0.00   89.90    0.00    0.00    3.03    0.00    0.00    0.00    5.05
12:40:53 AM    1    1.00    0.00   89.00    0.00    0.00    3.00    0.00    0.00    0.00    7.00
12:40:53 AM    2    0.00    0.00   23.30    0.00    0.97   23.30    0.00    0.00    0.00   52.43
12:40:53 AM    3    0.00    0.00   26.00    0.00    0.00   23.00    0.00    0.00    0.00   51.00
12:40:53 AM    4    0.00    0.00    0.00    0.00    0.00    0.00    0.00    0.00    0.00  100.00
12:40:53 AM    5    0.00    0.00   14.14    0.00    0.00   27.27    0.00    0.00    0.00   58.59
12:40:53 AM    6    0.00    0.00    0.00    0.00    0.00    0.00    0.00    0.00    0.00  100.00
12:40:53 AM    7    0.00    0.00    5.94    0.00    0.00   31.68    0.00    0.00    0.00   62.38

12:40:53 AM  CPU    %usr   %nice    %sys %iowait    %irq   %soft  %steal  %guest  %gnice   %idle
12:40:54 AM  all    0.25    0.00   28.29    0.00    0.37   15.38    0.00    0.00    0.00   55.71
12:40:54 AM    0    0.99    0.00   86.14    0.00    0.99    4.95    0.00    0.00    0.00    6.93
12:40:54 AM    1    1.00    0.00   86.00    0.00    1.00    5.00    0.00    0.00    0.00    7.00
12:40:54 AM    2    0.00    0.00   20.79    0.00    0.00   24.75    0.00    0.00    0.00   54.46
12:40:54 AM    3    0.00    0.00   21.15    0.00    0.96   25.96    0.00    0.00    0.00   51.92
12:40:54 AM    4    0.00    0.00    0.00    0.00    0.00    0.00    0.00    0.00    0.00  100.00
12:40:54 AM    5    0.00    0.00    8.91    0.00    0.00   28.71    0.00    0.00    0.00   62.38
12:40:54 AM    6    0.00    0.00    0.00    0.00    0.00    0.00    0.00    0.00    0.00  100.00
12:40:54 AM    7    0.00    0.00    3.03    0.00    0.00   33.33    0.00    0.00    0.00   63.64

12:40:54 AM  CPU    %usr   %nice    %sys %iowait    %irq   %soft  %steal  %guest  %gnice   %idle
12:40:55 AM  all    0.37    0.00   30.89    0.00    0.37   14.02    0.00    0.00    0.00   54.34
12:40:55 AM    0    1.00    0.00   90.00    0.00    0.00    4.00    0.00    0.00    0.00    5.00
12:40:55 AM    1    1.96    0.00   86.27    0.00    0.00    3.92    0.00    0.00    0.00    7.84
12:40:55 AM    2    0.00    0.00   21.78    0.00    0.99   22.77    0.00    0.00    0.00   54.46
12:40:55 AM    3    0.00    0.00   37.00    0.00    0.00   22.00    0.00    0.00    0.00   41.00
12:40:55 AM    4    0.00    0.00    0.00    0.00    0.99    0.00    0.00    0.00    0.00   99.01
12:40:55 AM    5    0.00    0.00    8.00    0.00    0.00   30.00    0.00    0.00    0.00   62.00
12:40:55 AM    6    0.00    0.00    0.00    0.00    0.00    0.00    0.00    0.00    0.00  100.00
12:40:55 AM    7    0.00    0.00    3.92    0.00    0.98   29.41    0.00    0.00    0.00   65.69

12:40:55 AM  CPU    %usr   %nice    %sys %iowait    %irq   %soft  %steal  %guest  %gnice   %idle
12:40:56 AM  all    0.37    0.00   28.52    0.00    0.37   14.32    0.00    0.00    0.00   56.41
12:40:56 AM    0    2.02    0.00   85.86    0.00    0.00    4.04    0.00    0.00    0.00    8.08
12:40:56 AM    1    1.01    0.00   84.85    0.00    1.01    4.04    0.00    0.00    0.00    9.09
12:40:56 AM    2    0.00    0.00   14.71    0.00    0.98   23.53    0.00    0.00    0.00   60.78
12:40:56 AM    3    0.00    0.00   31.07    0.00    0.97   22.33    0.00    0.00    0.00   45.63
12:40:56 AM    4    0.00    0.00    0.00    0.00    0.00    0.00    0.00    0.00    0.00  100.00
12:40:56 AM    5    0.00    0.00    8.00    0.00    0.00   30.00    0.00    0.00    0.00   62.00
12:40:56 AM    6    0.00    0.00    0.00    0.00    0.00    0.00    0.00    0.00    0.00  100.00
12:40:56 AM    7    0.00    0.00    5.00    0.00    0.00   30.00    0.00    0.00    0.00   65.00

12:40:56 AM  CPU    %usr   %nice    %sys %iowait    %irq   %soft  %steal  %guest  %gnice   %idle
12:40:57 AM  all    0.25    0.00   28.16    0.00    0.37   16.25    0.00    0.00    0.00   54.96
12:40:57 AM    0    0.99    0.00   88.12    0.00    0.99    4.95    0.00    0.00    0.00    4.95
12:40:57 AM    1    1.00    0.00   89.00    0.00    0.00    6.00    0.00    0.00    0.00    4.00
12:40:57 AM    2    0.00    0.00   20.59    0.00    0.00   30.39    0.00    0.00    0.00   49.02
12:40:57 AM    3    0.00    0.00   18.81    0.00    0.99   25.74    0.00    0.00    0.00   54.46
12:40:57 AM    4    0.00    0.00    0.00    0.00    0.00    0.00    0.00    0.00    0.00  100.00
12:40:57 AM    5    0.00    0.00    6.86    0.00    0.98   30.39    0.00    0.00    0.00   61.76
12:40:57 AM    6    0.00    0.00    0.00    0.00    0.00    0.00    0.00    0.00    0.00  100.00
12:40:57 AM    7    0.00    0.00    1.98    0.00    0.00   31.68    0.00    0.00    0.00   66.34

12:40:57 AM  CPU    %usr   %nice    %sys %iowait    %irq   %soft  %steal  %guest  %gnice   %idle
12:40:58 AM  all    0.25    0.00   28.02    0.00    0.25   15.82    0.00    0.00    0.00   55.67
12:40:58 AM    0    1.01    0.00   88.89    0.00    0.00    5.05    0.00    0.00    0.00    5.05
12:40:58 AM    1    1.00    0.00   87.00    0.00    1.00    5.00    0.00    0.00    0.00    6.00
12:40:58 AM    2    0.00    0.00   18.63    0.00    0.98   25.49    0.00    0.00    0.00   54.90
12:40:58 AM    3    0.00    0.00   19.42    0.00    0.00   26.21    0.00    0.00    0.00   54.37
12:40:58 AM    4    0.00    0.00    0.00    0.00    0.00    0.00    0.00    0.00    0.00  100.00
12:40:58 AM    5    0.00    0.00    9.00    0.00    0.00   28.00    0.00    0.00    0.00   63.00
12:40:58 AM    6    0.00    0.00    0.00    0.00    0.00    0.00    0.00    0.00    0.00  100.00
12:40:58 AM    7    0.00    0.00    2.02    0.00    0.00   36.36    0.00    0.00    0.00   61.62

12:40:58 AM  CPU    %usr   %nice    %sys %iowait    %irq   %soft  %steal  %guest  %gnice   %idle
12:40:59 AM  all    0.25    0.00   30.22    0.00    0.25   14.80    0.00    0.00    0.00   54.48
12:40:59 AM    0    0.99    0.00   88.12    0.00    0.99    4.95    0.00    0.00    0.00    4.95
12:40:59 AM    1    1.01    0.00   89.90    0.00    0.00    4.04    0.00    0.00    0.00    5.05
12:40:59 AM    2    0.00    0.00   22.55    0.00    0.00   25.49    0.00    0.00    0.00   51.96
12:40:59 AM    3    0.00    0.00   31.07    0.00    0.97   22.33    0.00    0.00    0.00   45.63
12:40:59 AM    4    0.00    0.00    0.00    0.00    0.00    0.00    0.00    0.00    0.00  100.00
12:40:59 AM    5    0.00    0.00    7.07    0.00    0.00   29.29    0.00    0.00    0.00   63.64
12:40:59 AM    6    0.00    0.00    0.00    0.00    0.00    0.00    0.00    0.00    0.00  100.00
12:40:59 AM    7    0.00    0.00    3.00    0.00    0.00   32.00    0.00    0.00    0.00   65.00

12:40:59 AM  CPU    %usr   %nice    %sys %iowait    %irq   %soft  %steal  %guest  %gnice   %idle
12:41:00 AM  all    0.25    0.00   26.15    0.00    0.25   16.31    0.00    0.00    0.00   57.04
12:41:00 AM    0    1.01    0.00   85.86    0.00    0.00    5.05    0.00    0.00    0.00    8.08
12:41:00 AM    1    0.99    0.00   86.14    0.00    0.00    4.95    0.00    0.00    0.00    7.92
12:41:00 AM    2    0.00    0.00    6.93    0.00    0.99   24.75    0.00    0.00    0.00   67.33
12:41:00 AM    3    0.00    0.00   11.88    0.00    0.00   25.74    0.00    0.00    0.00   62.38
12:41:00 AM    4    0.00    0.00    0.00    0.00    0.00    0.00    0.00    0.00    0.00  100.00
12:41:00 AM    5    0.00    0.00    8.00    0.00    0.00   31.00    0.00    0.00    0.00   61.00
12:41:00 AM    6    0.00    0.00    0.00    0.00    0.00    0.00    0.00    0.00    0.00  100.00
12:41:00 AM    7    0.00    0.00   10.89    0.00    0.99   38.61    0.00    0.00    0.00   49.50

12:41:00 AM  CPU    %usr   %nice    %sys %iowait    %irq   %soft  %steal  %guest  %gnice   %idle
12:41:01 AM  all    0.12    0.00   29.89    0.00    0.50   14.20    0.00    0.00    0.00   55.29
12:41:01 AM    0    1.00    0.00   87.00    0.00    1.00    4.00    0.00    0.00    0.00    7.00
12:41:01 AM    1    0.00    0.00   88.00    0.00    1.00    4.00    0.00    0.00    0.00    7.00
12:41:01 AM    2    0.00    0.00   14.71    0.00    0.98   24.51    0.00    0.00    0.00   59.80
12:41:01 AM    3    0.00    0.00   28.43    0.00    0.98   21.57    0.00    0.00    0.00   49.02
12:41:01 AM    4    0.00    0.00    0.00    0.00    0.00    0.00    0.00    0.00    0.00  100.00
12:41:01 AM    5    0.00    0.00   13.13    0.00    0.00   27.27    0.00    0.00    0.00   59.60
12:41:01 AM    6    0.00    0.00    0.00    0.00    0.00    0.00    0.00    0.00    0.00  100.00
12:41:01 AM    7    0.00    0.00    8.00    0.00    0.00   32.00    0.00    0.00    0.00   60.00

12:41:01 AM  CPU    %usr   %nice    %sys %iowait    %irq   %soft  %steal  %guest  %gnice   %idle
12:41:02 AM  all    0.25    0.00   29.39    0.00    0.25   13.95    0.00    0.00    0.00   56.16
12:41:02 AM    0    1.00    0.00   87.00    0.00    0.00    4.00    0.00    0.00    0.00    8.00
12:41:02 AM    1    1.02    0.00   87.76    0.00    0.00    4.08    0.00    0.00    0.00    7.14
12:41:02 AM    2    0.00    0.00   20.59    0.00    0.98   23.53    0.00    0.00    0.00   54.90
12:41:02 AM    3    0.00    0.00   25.00    0.00    1.00   23.00    0.00    0.00    0.00   51.00
12:41:02 AM    4    0.00    0.00    0.00    0.00    0.00    0.00    0.00    0.00    0.00  100.00
12:41:02 AM    5    0.00    0.00   10.89    0.00    0.00   26.73    0.00    0.00    0.00   62.38
12:41:02 AM    6    0.00    0.00    0.00    0.00    0.00    0.00    0.00    0.00    0.00  100.00
12:41:02 AM    7    0.00    0.00    5.94    0.00    0.00   29.70    0.00    0.00    0.00   64.36

12:41:02 AM  CPU    %usr   %nice    %sys %iowait    %irq   %soft  %steal  %guest  %gnice   %idle
12:41:03 AM  all    0.25    0.00   30.83    0.00    0.37   15.66    0.00    0.00    0.00   52.90
12:41:03 AM    0    0.00    0.00   92.00    0.00    1.00    4.00    0.00    0.00    0.00    3.00
12:41:03 AM    1    1.94    0.00   89.32    0.00    0.97    4.85    0.00    0.00    0.00    2.91
12:41:03 AM    2    0.00    0.00   22.77    0.00    0.00   23.76    0.00    0.00    0.00   53.47
12:41:03 AM    3    0.00    0.00   23.08    0.00    0.00   25.00    0.00    0.00    0.00   51.92
12:41:03 AM    4    0.00    0.00    0.00    0.00    0.00    0.99    0.00    0.00    0.00   99.01
12:41:03 AM    5    0.00    0.00   13.73    0.00    0.98   33.33    0.00    0.00    0.00   51.96
12:41:03 AM    6    0.00    0.00    0.00    0.00    0.00    0.00    0.00    0.00    0.00  100.00
12:41:03 AM    7    0.00    0.00    5.00    0.00    0.00   33.00    0.00    0.00    0.00   62.00

12:41:03 AM  CPU    %usr   %nice    %sys %iowait    %irq   %soft  %steal  %guest  %gnice   %idle
12:41:04 AM  all    0.37    0.00   32.29    0.00    0.37   13.72    0.00    0.00    0.00   53.24
12:41:04 AM    0    1.98    0.00   89.11    0.00    0.00    3.96    0.00    0.00    0.00    4.95
12:41:04 AM    1    1.02    0.00   91.84    0.00    0.00    3.06    0.00    0.00    0.00    4.08
12:41:04 AM    2    0.00    0.00   23.53    0.00    0.98   22.55    0.00    0.00    0.00   52.94
12:41:04 AM    3    0.00    0.00   28.43    0.00    0.98   19.61    0.00    0.00    0.00   50.98
12:41:04 AM    4    0.00    0.00    0.00    0.00    1.00    0.00    0.00    0.00    0.00   99.00
12:41:04 AM    5    0.00    0.00   19.00    0.00    0.00   31.00    0.00    0.00    0.00   50.00
12:41:04 AM    6    0.00    0.00    0.00    0.00    0.00    0.00    0.00    0.00    0.00  100.00
12:41:04 AM    7    0.00    0.00    7.07    0.00    0.00   29.29    0.00    0.00    0.00   63.64

12:41:04 AM  CPU    %usr   %nice    %sys %iowait    %irq   %soft  %steal  %guest  %gnice   %idle
12:41:05 AM  all    0.37    0.00   31.42    0.00    0.25   14.09    0.00    0.00    0.00   53.87
12:41:05 AM    0    1.00    0.00   90.00    0.00    1.00    4.00    0.00    0.00    0.00    4.00
12:41:05 AM    1    2.00    0.00   90.00    0.00    1.00    4.00    0.00    0.00    0.00    3.00
12:41:05 AM    2    0.00    0.00   27.00    0.00    0.00   21.00    0.00    0.00    0.00   52.00
12:41:05 AM    3    0.00    0.00   29.00    0.00    0.00   21.00    0.00    0.00    0.00   50.00
12:41:05 AM    4    0.00    0.00    0.00    0.00    0.00    0.00    0.00    0.00    0.00  100.00
12:41:05 AM    5    0.00    0.00   10.00    0.00    0.00   31.00    0.00    0.00    0.00   59.00
12:41:05 AM    6    0.00    0.00    0.00    0.00    0.00    0.00    0.00    0.00    0.00  100.00
12:41:05 AM    7    0.00    0.00    5.88    0.00    0.00   31.37    0.00    0.00    0.00   62.75

12:41:05 AM  CPU    %usr   %nice    %sys %iowait    %irq   %soft  %steal  %guest  %gnice   %idle
12:41:06 AM  all    0.25    0.00   32.67    0.00    0.37   14.04    0.00    0.00    0.00   52.67
12:41:06 AM    0    1.00    0.00   92.00    0.00    0.00    4.00    0.00    0.00    0.00    3.00
12:41:06 AM    1    1.00    0.00   93.00    0.00    0.00    4.00    0.00    0.00    0.00    2.00
12:41:06 AM    2    0.00    0.00   30.39    0.00    0.98   20.59    0.00    0.00    0.00   48.04
12:41:06 AM    3    0.00    0.00   31.37    0.00    0.98   18.63    0.00    0.00    0.00   49.02
12:41:06 AM    4    0.00    0.00    0.00    0.00    0.00    0.00    0.00    0.00    0.00  100.00
12:41:06 AM    5    0.00    0.00   11.00    0.00    0.00   33.00    0.00    0.00    0.00   56.00
12:41:06 AM    6    0.00    0.00    0.00    0.00    0.00    0.00    0.00    0.00    0.00  100.00
12:41:06 AM    7    0.00    0.00    3.96    0.00    0.99   31.68    0.00    0.00    0.00   63.37

12:41:06 AM  CPU    %usr   %nice    %sys %iowait    %irq   %soft  %steal  %guest  %gnice   %idle
12:41:07 AM  all    0.37    0.00   31.30    0.00    0.25   14.59    0.00    0.00    0.00   53.49
12:41:07 AM    0    1.00    0.00   91.00    0.00    1.00    5.00    0.00    0.00    0.00    2.00
12:41:07 AM    1    2.00    0.00   90.00    0.00    1.00    4.00    0.00    0.00    0.00    3.00
12:41:07 AM    2    0.00    0.00   22.77    0.00    0.00   22.77    0.00    0.00    0.00   54.46
12:41:07 AM    3    0.00    0.00   32.67    0.00    0.00   20.79    0.00    0.00    0.00   46.53
12:41:07 AM    4    0.00    0.00    0.00    0.00    0.00    0.00    0.00    0.00    0.00  100.00
12:41:07 AM    5    0.00    0.00    9.00    0.00    0.00   32.00    0.00    0.00    0.00   59.00
12:41:07 AM    6    0.00    0.00    0.00    0.00    0.00    0.00    0.00    0.00    0.00  100.00
12:41:07 AM    7    0.00    0.00    5.00    0.00    0.00   32.00    0.00    0.00    0.00   63.00

12:41:07 AM  CPU    %usr   %nice    %sys %iowait    %irq   %soft  %steal  %guest  %gnice   %idle
12:41:08 AM  all    0.37    0.00   31.89    0.00    0.12   13.65    0.00    0.00    0.00   53.97
12:41:08 AM    0    2.00    0.00   91.00    0.00    0.00    3.00    0.00    0.00    0.00    4.00
12:41:08 AM    1    1.00    0.00   91.00    0.00    0.00    4.00    0.00    0.00    0.00    4.00
12:41:08 AM    2    0.00    0.00   27.18    0.00    0.97   21.36    0.00    0.00    0.00   50.49
12:41:08 AM    3    0.00    0.00   33.66    0.00    0.00   19.80    0.00    0.00    0.00   46.53
12:41:08 AM    4    0.00    0.00    0.00    0.00    0.00    0.00    0.00    0.00    0.00  100.00
12:41:08 AM    5    0.00    0.00    8.91    0.00    0.00   27.72    0.00    0.00    0.00   63.37
12:41:08 AM    6    0.00    0.00    0.00    0.00    0.00    0.00    0.00    0.00    0.00  100.00
12:41:08 AM    7    0.00    0.00    4.00    0.00    0.00   33.00    0.00    0.00    0.00   63.00

12:41:08 AM  CPU    %usr   %nice    %sys %iowait    %irq   %soft  %steal  %guest  %gnice   %idle
12:41:09 AM  all    0.12    0.00   30.17    0.00    0.37   15.59    0.00    0.00    0.00   53.74
12:41:09 AM    0    0.00    0.00   92.93    0.00    1.01    5.05    0.00    0.00    0.00    1.01
12:41:09 AM    1    1.00    0.00   92.00    0.00    1.00    5.00    0.00    0.00    0.00    1.00
12:41:09 AM    2    0.00    0.00   20.00    0.00    0.00   25.00    0.00    0.00    0.00   55.00
12:41:09 AM    3    0.00    0.00   21.36    0.00    0.97   24.27    0.00    0.00    0.00   53.40
12:41:09 AM    4    0.00    0.00    0.00    0.00    0.00    0.00    0.00    0.00    0.00  100.00
12:41:09 AM    5    0.00    0.00   12.12    0.00    0.00   29.29    0.00    0.00    0.00   58.59
12:41:09 AM    6    0.00    0.00    0.00    0.00    0.00    0.00    0.00    0.00    0.00  100.00
12:41:09 AM    7    0.00    0.00    3.96    0.00    0.00   35.64    0.00    0.00    0.00   60.40

12:41:09 AM  CPU    %usr   %nice    %sys %iowait    %irq   %soft  %steal  %guest  %gnice   %idle
12:41:10 AM  all    0.37    0.00   28.48    0.00    0.25   16.54    0.00    0.00    0.00   54.35
12:41:10 AM    0    1.01    0.00   91.92    0.00    0.00    5.05    0.00    0.00    0.00    2.02
12:41:10 AM    1    2.02    0.00   91.92    0.00    0.00    5.05    0.00    0.00    0.00    1.01
12:41:10 AM    2    0.00    0.00   12.38    0.00    0.95   29.52    0.00    0.00    0.00   57.14
12:41:10 AM    3    0.00    0.00   18.81    0.00    0.00   26.73    0.00    0.00    0.00   54.46
12:41:10 AM    4    0.00    0.00    0.00    0.00    0.00    0.00    0.00    0.00    0.00  100.00
12:41:10 AM    5    0.00    0.00   11.88    0.00    0.99   28.71    0.00    0.00    0.00   58.42
12:41:10 AM    6    0.00    0.00    0.00    0.00    0.00    0.00    0.00    0.00    0.00  100.00
12:41:10 AM    7    0.00    0.00    3.03    0.00    0.00   36.36    0.00    0.00    0.00   60.61

12:41:10 AM  CPU    %usr   %nice    %sys %iowait    %irq   %soft  %steal  %guest  %gnice   %idle
12:41:11 AM  all    0.37    0.00   31.80    0.00    0.25   13.79    0.00    0.00    0.00   53.79
12:41:11 AM    0    1.01    0.00   90.91    0.00    0.00    4.04    0.00    0.00    0.00    4.04
12:41:11 AM    1    1.98    0.00   89.11    0.00    0.99    3.96    0.00    0.00    0.00    3.96
12:41:11 AM    2    0.00    0.00   36.63    0.00    0.00   18.81    0.00    0.00    0.00   44.55
12:41:11 AM    3    0.00    0.00   26.21    0.00    0.97   22.33    0.00    0.00    0.00   50.49
12:41:11 AM    4    0.00    0.00    0.00    0.00    0.00    0.00    0.00    0.00    0.00  100.00
12:41:11 AM    5    0.00    0.00    8.00    0.00    0.00   31.00    0.00    0.00    0.00   61.00
12:41:11 AM    6    0.00    0.00    0.00    0.00    0.00    0.00    0.00    0.00    0.00  100.00
12:41:11 AM    7    0.00    0.00    3.96    0.00    0.00   29.70    0.00    0.00    0.00   66.34

12:41:11 AM  CPU    %usr   %nice    %sys %iowait    %irq   %soft  %steal  %guest  %gnice   %idle
12:41:12 AM  all    0.50    0.00   30.19    0.00    0.50   13.79    0.00    0.00    0.00   55.03
12:41:12 AM    0    2.97    0.00   85.15    0.00    0.99    3.96    0.00    0.00    0.00    6.93
12:41:12 AM    1    1.02    0.00   88.78    0.00    0.00    4.08    0.00    0.00    0.00    6.12
12:41:12 AM    2    0.00    0.00   22.77    0.00    0.99   21.78    0.00    0.00    0.00   54.46
12:41:12 AM    3    0.00    0.00   24.51    0.00    0.98   22.55    0.00    0.00    0.00   51.96
12:41:12 AM    4    0.00    0.00    0.00    0.00    0.00    0.00    0.00    0.00    0.00  100.00
12:41:12 AM    5    0.00    0.00   14.71    0.00    0.00   25.49    0.00    0.00    0.00   59.80
12:41:12 AM    6    0.00    0.00    0.00    0.00    0.00    0.00    0.00    0.00    0.00  100.00
12:41:12 AM    7    0.00    0.00    6.93    0.00    0.99   31.68    0.00    0.00    0.00   60.40

12:41:12 AM  CPU    %usr   %nice    %sys %iowait    %irq   %soft  %steal  %guest  %gnice   %idle
12:41:13 AM  all    0.38    0.00   30.58    0.00    0.00   14.54    0.00    0.00    0.00   54.51
12:41:13 AM    0    1.01    0.00   88.89    0.00    0.00    4.04    0.00    0.00    0.00    6.06
12:41:13 AM    1    1.98    0.00   89.11    0.00    0.00    3.96    0.00    0.00    0.00    4.95
12:41:13 AM    2    0.00    0.00   25.00    0.00    0.00   23.00    0.00    0.00    0.00   52.00
12:41:13 AM    3    0.00    0.00   23.76    0.00    0.00   23.76    0.00    0.00    0.00   52.48
12:41:13 AM    4    0.00    0.00    0.00    0.00    0.00    0.00    0.00    0.00    0.00  100.00
12:41:13 AM    5    0.00    0.00   12.24    0.00    0.00   31.63    0.00    0.00    0.00   56.12
12:41:13 AM    6    0.00    0.00    0.00    0.00    0.00    0.00    0.00    0.00    0.00  100.00
12:41:13 AM    7    0.00    0.00    5.00    0.00    0.00   30.00    0.00    0.00    0.00   65.00

12:41:13 AM  CPU    %usr   %nice    %sys %iowait    %irq   %soft  %steal  %guest  %gnice   %idle
12:41:14 AM  all    0.25    0.00   31.44    0.00    0.62   14.06    0.00    0.00    0.00   53.64
12:41:14 AM    0    0.99    0.00   90.10    0.00    0.99    3.96    0.00    0.00    0.00    3.96
12:41:14 AM    1    0.99    0.00   91.09    0.00    0.99    3.96    0.00    0.00    0.00    2.97
12:41:14 AM    2    0.00    0.00   22.55    0.00    0.98   23.53    0.00    0.00    0.00   52.94
12:41:14 AM    3    0.00    0.00   30.39    0.00    0.98   19.61    0.00    0.00    0.00   49.02
12:41:14 AM    4    0.00    0.00    0.00    0.00    0.98    0.00    0.00    0.00    0.00   99.02
12:41:14 AM    5    0.00    0.00   11.76    0.00    0.00   28.43    0.00    0.00    0.00   59.80
12:41:14 AM    6    0.00    0.00    0.00    0.00    0.00    0.00    0.00    0.00    0.00  100.00
12:41:14 AM    7    0.00    0.00    5.94    0.00    0.00   32.67    0.00    0.00    0.00   61.39

12:41:14 AM  CPU    %usr   %nice    %sys %iowait    %irq   %soft  %steal  %guest  %gnice   %idle
12:41:15 AM  all    0.25    0.00   33.46    0.00    0.00   13.91    0.00    0.00    0.00   52.38
12:41:15 AM    0    1.01    0.00   93.94    0.00    0.00    3.03    0.00    0.00    0.00    2.02
12:41:15 AM    1    1.02    0.00   93.88    0.00    0.00    4.08    0.00    0.00    0.00    1.02
12:41:15 AM    2    0.00    0.00   25.49    0.00    0.00   22.55    0.00    0.00    0.00   51.96
12:41:15 AM    3    0.00    0.00   28.71    0.00    0.00   20.79    0.00    0.00    0.00   50.50
12:41:15 AM    4    0.00    0.00    0.00    0.00    0.00    1.00    0.00    0.00    0.00   99.00
12:41:15 AM    5    0.00    0.00   17.17    0.00    0.00   25.25    0.00    0.00    0.00   57.58
12:41:15 AM    6    0.00    0.00    0.00    0.00    0.00    0.00    0.00    0.00    0.00  100.00
12:41:15 AM    7    0.00    0.00   10.10    0.00    0.00   34.34    0.00    0.00    0.00   55.56

12:41:15 AM  CPU    %usr   %nice    %sys %iowait    %irq   %soft  %steal  %guest  %gnice   %idle
12:41:16 AM  all    0.62    0.00   33.54    0.00    0.50   12.55    0.00    0.00    0.00   52.80
12:41:16 AM    0    3.00    0.00   89.00    0.00    1.00    3.00    0.00    0.00    0.00    4.00
12:41:16 AM    1    1.96    0.00   91.18    0.00    0.98    2.94    0.00    0.00    0.00    2.94
12:41:16 AM    2    0.00    0.00   28.71    0.00    0.99   20.79    0.00    0.00    0.00   49.50
12:41:16 AM    3    0.00    0.00   30.69    0.00    0.99   19.80    0.00    0.00    0.00   48.51
12:41:16 AM    4    0.00    0.00    0.00    0.00    0.00    0.00    0.00    0.00    0.00  100.00
12:41:16 AM    5    0.00    0.00   19.80    0.00    0.00   21.78    0.00    0.00    0.00   58.42
12:41:16 AM    6    0.00    0.00    0.00    0.00    0.00    0.00    0.00    0.00    0.00  100.00
12:41:16 AM    7    0.00    0.00    8.00    0.00    0.00   32.00    0.00    0.00    0.00   60.00

12:41:16 AM  CPU    %usr   %nice    %sys %iowait    %irq   %soft  %steal  %guest  %gnice   %idle
12:41:17 AM  all    0.25    0.00   31.72    0.00    0.25   13.81    0.00    0.00    0.00   53.98
12:41:17 AM    0    1.00    0.00   91.00    0.00    0.00    4.00    0.00    0.00    0.00    4.00
12:41:17 AM    1    1.01    0.00   90.91    0.00    0.00    4.04    0.00    0.00    0.00    4.04
12:41:17 AM    2    0.00    0.00   28.43    0.00    0.98   21.57    0.00    0.00    0.00   49.02
12:41:17 AM    3    0.00    0.00   28.71    0.00    0.00   20.79    0.00    0.00    0.00   50.50
12:41:17 AM    4    0.00    0.00    0.00    0.00    0.00    0.00    0.00    0.00    0.00  100.00
12:41:17 AM    5    0.00    0.00    9.90    0.00    0.99   27.72    0.00    0.00    0.00   61.39
12:41:17 AM    6    0.00    0.00    0.00    0.00    0.00    0.00    0.00    0.00    0.00  100.00
12:41:17 AM    7    0.00    0.00    6.00    0.00    0.00   32.00    0.00    0.00    0.00   62.00

12:41:17 AM  CPU    %usr   %nice    %sys %iowait    %irq   %soft  %steal  %guest  %gnice   %idle
12:41:18 AM  all    0.37    0.00   30.89    0.00    0.50   15.01    0.00    0.00    0.00   53.23
12:41:18 AM    0    2.00    0.00   91.00    0.00    1.00    4.00    0.00    0.00    0.00    2.00
12:41:18 AM    1    1.00    0.00   91.00    0.00    1.00    4.00    0.00    0.00    0.00    3.00
12:41:18 AM    2    0.00    0.00   24.75    0.00    0.00   23.76    0.00    0.00    0.00   51.49
12:41:18 AM    3    0.00    0.00   23.30    0.00    0.97   24.27    0.00    0.00    0.00   51.46
12:41:18 AM    4    0.00    0.00    0.00    0.00    0.00    0.00    0.00    0.00    0.00  100.00
12:41:18 AM    5    0.00    0.00   13.00    0.00    0.00   32.00    0.00    0.00    0.00   55.00
12:41:18 AM    6    0.00    0.00    0.00    0.00    0.00    0.00    0.00    0.00    0.00  100.00
12:41:18 AM    7    0.00    0.00    4.90    0.00    0.98   31.37    0.00    0.00    0.00   62.75

12:41:18 AM  CPU    %usr   %nice    %sys %iowait    %irq   %soft  %steal  %guest  %gnice   %idle
12:41:19 AM  all    0.12    0.00   27.75    0.00    0.12   16.38    0.00    0.00    0.00   55.62
12:41:19 AM    0    0.00    0.00   89.80    0.00    0.00    4.08    0.00    0.00    0.00    6.12
12:41:19 AM    1    1.02    0.00   87.76    0.00    0.00    4.08    0.00    0.00    0.00    7.14
12:41:19 AM    2    0.00    0.00   19.23    0.00    0.96   29.81    0.00    0.00    0.00   50.00
12:41:19 AM    3    0.00    0.00   19.00    0.00    0.00   27.00    0.00    0.00    0.00   54.00
12:41:19 AM    4    0.00    0.00    0.00    0.00    0.00    0.00    0.00    0.00    0.00  100.00
12:41:19 AM    5    0.00    0.00    8.00    0.00    0.00   32.00    0.00    0.00    0.00   60.00
12:41:19 AM    6    0.00    0.00    0.00    0.00    0.00    0.00    0.00    0.00    0.00  100.00
12:41:19 AM    7    0.00    0.00    1.00    0.00    0.00   33.00    0.00    0.00    0.00   66.00

12:41:19 AM  CPU    %usr   %nice    %sys %iowait    %irq   %soft  %steal  %guest  %gnice   %idle
12:41:20 AM  all    0.37    0.00   30.10    0.00    0.37   15.05    0.00    0.00    0.00   54.10
12:41:20 AM    0    0.98    0.00   89.22    0.00    0.98    4.90    0.00    0.00    0.00    3.92
12:41:20 AM    1    1.98    0.00   87.13    0.00    0.99    4.95    0.00    0.00    0.00    4.95
12:41:20 AM    2    0.00    0.00   34.65    0.00    0.00   24.75    0.00    0.00    0.00   40.59
12:41:20 AM    3    0.00    0.00   19.61    0.00    0.98   24.51    0.00    0.00    0.00   54.90
12:41:20 AM    4    0.00    0.00    0.00    0.00    0.00    0.00    0.00    0.00    0.00  100.00
12:41:20 AM    5    0.00    0.00    5.05    0.00    0.00   27.27    0.00    0.00    0.00   67.68
12:41:20 AM    6    0.00    0.00    0.00    0.00    0.00    0.00    0.00    0.00    0.00  100.00
12:41:20 AM    7    0.00    0.00    3.03    0.00    0.00   34.34    0.00    0.00    0.00   62.63

12:41:20 AM  CPU    %usr   %nice    %sys %iowait    %irq   %soft  %steal  %guest  %gnice   %idle
12:41:21 AM  all    0.37    0.00   28.29    0.00    0.12   16.13    0.00    0.00    0.00   55.09
12:41:21 AM    0    2.00    0.00   90.00    0.00    0.00    5.00    0.00    0.00    0.00    3.00
12:41:21 AM    1    1.02    0.00   90.82    0.00    0.00    5.10    0.00    0.00    0.00    3.06
12:41:21 AM    2    0.00    0.00   17.65    0.00    0.98   25.49    0.00    0.00    0.00   55.88
12:41:21 AM    3    0.00    0.00   19.61    0.00    0.00   23.53    0.00    0.00    0.00   56.86
12:41:21 AM    4    0.00    0.00    0.00    0.00    0.00    0.00    0.00    0.00    0.00  100.00
12:41:21 AM    5    0.00    0.00    6.86    0.00    0.00   34.31    0.00    0.00    0.00   58.82
12:41:21 AM    6    0.00    0.00    0.00    0.00    0.00    0.00    0.00    0.00    0.00  100.00
12:41:21 AM    7    0.00    0.00    3.92    0.00    0.00   34.31    0.00    0.00    0.00   61.76

12:41:21 AM  CPU    %usr   %nice    %sys %iowait    %irq   %soft  %steal  %guest  %gnice   %idle
12:41:22 AM  all    0.50    0.00   30.10    0.00    0.37   14.43    0.00    0.00    0.00   54.60
12:41:22 AM    0    2.00    0.00   87.00    0.00    1.00    5.00    0.00    0.00    0.00    5.00
12:41:22 AM    1    1.96    0.00   88.24    0.00    0.98    4.90    0.00    0.00    0.00    3.92
12:41:22 AM    2    0.00    0.00   28.43    0.00    0.00   24.51    0.00    0.00    0.00   47.06
12:41:22 AM    3    0.00    0.00   25.24    0.00    0.97   24.27    0.00    0.00    0.00   49.51
12:41:22 AM    4    0.00    0.00    0.00    0.00    0.00    0.00    0.00    0.00    0.00  100.00
12:41:22 AM    5    0.00    0.00    7.07    0.00    0.00   27.27    0.00    0.00    0.00   65.66
12:41:22 AM    6    0.00    0.00    0.00    0.00    0.00    0.00    0.00    0.00    0.00  100.00
12:41:22 AM    7    0.00    0.00    3.03    0.00    0.00   29.29    0.00    0.00    0.00   67.68

12:41:22 AM  CPU    %usr   %nice    %sys %iowait    %irq   %soft  %steal  %guest  %gnice   %idle
12:41:23 AM  all    0.25    0.00   30.02    0.00    0.62   15.63    0.00    0.00    0.00   53.47
12:41:23 AM    0    1.01    0.00   92.93    0.00    0.00    4.04    0.00    0.00    0.00    2.02
12:41:23 AM    1    1.02    0.00   92.86    0.00    0.00    4.08    0.00    0.00    0.00    2.04
12:41:23 AM    2    0.00    0.00   23.53    0.00    0.98   24.51    0.00    0.00    0.00   50.98
12:41:23 AM    3    0.00    0.00   21.36    0.00    0.97   26.21    0.00    0.00    0.00   51.46
12:41:23 AM    4    0.00    0.00    0.00    0.00    0.99    0.00    0.00    0.00    0.00   99.01
12:41:23 AM    5    0.00    0.00    9.90    0.00    0.99   30.69    0.00    0.00    0.00   58.42
12:41:23 AM    6    0.00    0.00    0.00    0.00    0.00    0.00    0.00    0.00    0.00  100.00
12:41:23 AM    7    0.00    0.00    2.94    0.00    0.98   34.31    0.00    0.00    0.00   61.76

12:41:23 AM  CPU    %usr   %nice    %sys %iowait    %irq   %soft  %steal  %guest  %gnice   %idle
12:41:24 AM  all    0.37    0.00   32.25    0.00    0.25   14.32    0.00    0.00    0.00   52.80
12:41:24 AM    0    1.98    0.00   90.10    0.00    0.99    4.95    0.00    0.00    0.00    1.98
12:41:24 AM    1    0.99    0.00   92.08    0.00    0.99    3.96    0.00    0.00    0.00    1.98
12:41:24 AM    2    0.00    0.00   32.00    0.00    0.00   23.00    0.00    0.00    0.00   45.00
12:41:24 AM    3    0.00    0.00   32.67    0.00    0.00   19.80    0.00    0.00    0.00   47.52
12:41:24 AM    4    0.00    0.00    0.00    0.00    0.00    0.00    0.00    0.00    0.00  100.00
12:41:24 AM    5    0.00    0.00    6.93    0.00    0.00   31.68    0.00    0.00    0.00   61.39
12:41:24 AM    6    0.00    0.00    0.00    0.00    0.00    0.00    0.00    0.00    0.00  100.00
12:41:24 AM    7    0.00    0.00    3.03    0.00    0.00   31.31    0.00    0.00    0.00   65.66

12:41:24 AM  CPU    %usr   %nice    %sys %iowait    %irq   %soft  %steal  %guest  %gnice   %idle
12:41:25 AM  all    0.25    0.00   32.17    0.00    0.25   14.53    0.00    0.00    0.00   52.80
12:41:25 AM    0    1.01    0.00   93.94    0.00    0.00    4.04    0.00    0.00    0.00    1.01
12:41:25 AM    1    1.01    0.00   93.94    0.00    0.00    4.04    0.00    0.00    0.00    1.01
12:41:25 AM    2    0.00    0.00   30.77    0.00    0.96   21.15    0.00    0.00    0.00   47.12
12:41:25 AM    3    0.00    0.00   28.16    0.00    0.97   21.36    0.00    0.00    0.00   49.51
12:41:25 AM    4    0.00    0.00    0.00    0.00    0.00    0.00    0.00    0.00    0.00  100.00
12:41:25 AM    5    0.00    0.00    8.00    0.00    0.00   31.00    0.00    0.00    0.00   61.00
12:41:25 AM    6    0.00    0.00    0.00    0.00    0.00    0.00    0.00    0.00    0.00  100.00
12:41:25 AM    7    0.00    0.00    4.00    0.00    0.00   34.00    0.00    0.00    0.00   62.00

12:41:25 AM  CPU    %usr   %nice    %sys %iowait    %irq   %soft  %steal  %guest  %gnice   %idle
12:41:26 AM  all    0.38    0.00   30.75    0.00    0.12   15.38    0.00    0.00    0.00   53.37
12:41:26 AM    0    1.98    0.00   91.09    0.00    0.99    4.95    0.00    0.00    0.00    0.99
12:41:26 AM    1    1.02    0.00   92.86    0.00    0.00    4.08    0.00    0.00    0.00    2.04
12:41:26 AM    2    0.00    0.00   24.00    0.00    0.00   24.00    0.00    0.00    0.00   52.00
12:41:26 AM    3    0.00    0.00   25.00    0.00    0.00   23.00    0.00    0.00    0.00   52.00
12:41:26 AM    4    0.00    0.00    0.00    0.00    0.00    0.99    0.00    0.00    0.00   99.01
12:41:26 AM    5    0.00    0.00   10.00    0.00    0.00   30.00    0.00    0.00    0.00   60.00
12:41:26 AM    6    0.00    0.00    0.00    0.00    0.00    0.00    0.00    0.00    0.00  100.00
12:41:26 AM    7    0.00    0.00    4.00    0.00    0.00   36.00    0.00    0.00    0.00   60.00

12:41:26 AM  CPU    %usr   %nice    %sys %iowait    %irq   %soft  %steal  %guest  %gnice   %idle
12:41:27 AM  all    0.37    0.00   32.46    0.00    0.25   14.43    0.00    0.00    0.00   52.49
12:41:27 AM    0    1.01    0.00   92.93    0.00    0.00    4.04    0.00    0.00    0.00    2.02
12:41:27 AM    1    1.98    0.00   91.09    0.00    0.99    3.96    0.00    0.00    0.00    1.98
12:41:27 AM    2    0.00    0.00   29.41    0.00    0.98   20.59    0.00    0.00    0.00   49.02
12:41:27 AM    3    0.00    0.00   26.73    0.00    0.00   21.78    0.00    0.00    0.00   51.49
12:41:27 AM    4    0.00    0.00    0.00    0.00    0.00    0.00    0.00    0.00    0.00  100.00
12:41:27 AM    5    0.00    0.00   13.00    0.00    0.00   26.00    0.00    0.00    0.00   61.00
12:41:27 AM    6    0.00    0.00    0.00    0.00    0.00    0.00    0.00    0.00    0.00  100.00
12:41:27 AM    7    0.00    0.00    6.93    0.00    0.00   38.61    0.00    0.00    0.00   54.46

12:41:27 AM  CPU    %usr   %nice    %sys %iowait    %irq   %soft  %steal  %guest  %gnice   %idle
12:41:28 AM  all    0.37    0.00   30.09    0.00    0.25   14.61    0.00    0.00    0.00   54.68
12:41:28 AM    0    2.00    0.00   89.00    0.00    1.00    4.00    0.00    0.00    0.00    4.00
12:41:28 AM    1    1.00    0.00   89.00    0.00    0.00    4.00    0.00    0.00    0.00    6.00
12:41:28 AM    2    0.00    0.00   21.00    0.00    0.00   23.00    0.00    0.00    0.00   56.00
12:41:28 AM    3    0.00    0.00   26.21    0.00    0.97   21.36    0.00    0.00    0.00   51.46
12:41:28 AM    4    0.00    0.00    0.00    0.00    0.00    0.00    0.00    0.00    0.00  100.00
12:41:28 AM    5    0.00    0.00    8.08    0.00    0.00   27.27    0.00    0.00    0.00   64.65
12:41:28 AM    6    0.00    0.00    0.00    0.00    0.00    0.00    0.00    0.00    0.00  100.00
12:41:28 AM    7    0.00    0.00    7.00    0.00    0.00   37.00    0.00    0.00    0.00   56.00

12:41:28 AM  CPU    %usr   %nice    %sys %iowait    %irq   %soft  %steal  %guest  %gnice   %idle
12:41:29 AM  all    0.49    0.00   33.75    0.00    0.49   13.84    0.00    0.00    0.00   51.42
12:41:29 AM    0    2.02    0.00   93.94    0.00    0.00    3.03    0.00    0.00    0.00    1.01
12:41:29 AM    1    1.96    0.00   92.16    0.00    0.98    3.92    0.00    0.00    0.00    0.98
12:41:29 AM    2    0.00    0.00   28.85    0.00    0.96   22.12    0.00    0.00    0.00   48.08
12:41:29 AM    3    0.00    0.00   41.00    0.00    0.00   17.00    0.00    0.00    0.00   42.00
12:41:29 AM    4    0.00    0.00    0.00    0.00    0.00    0.00    0.00    0.00    0.00  100.00
12:41:29 AM    5    0.00    0.00    9.80    0.00    0.98   30.39    0.00    0.00    0.00   58.82
12:41:29 AM    6    0.00    0.00    0.00    0.00    0.00    0.00    0.00    0.00    0.00  100.00
12:41:29 AM    7    0.00    0.00    4.90    0.00    0.98   33.33    0.00    0.00    0.00   60.78

12:41:29 AM  CPU    %usr   %nice    %sys %iowait    %irq   %soft  %steal  %guest  %gnice   %idle
12:41:30 AM  all    0.25    0.00   29.93    0.00    0.25   15.21    0.00    0.00    0.00   54.36
12:41:30 AM    0    1.00    0.00   90.00    0.00    1.00    5.00    0.00    0.00    0.00    3.00
12:41:30 AM    1    1.02    0.00   90.82    0.00    0.00    5.10    0.00    0.00    0.00    3.06
12:41:30 AM    2    0.00    0.00   18.81    0.00    0.00   25.74    0.00    0.00    0.00   55.45
12:41:30 AM    3    0.00    0.00   26.21    0.00    0.97   23.30    0.00    0.00    0.00   49.51
12:41:30 AM    4    0.00    0.00    0.00    0.00    0.00    0.00    0.00    0.00    0.00  100.00
12:41:30 AM    5    0.00    0.00   11.00    0.00    0.00   29.00    0.00    0.00    0.00   60.00
12:41:30 AM    6    0.00    0.00    0.00    0.00    0.00    0.00    0.00    0.00    0.00  100.00
12:41:30 AM    7    0.00    0.00    4.00    0.00    0.00   33.00    0.00    0.00    0.00   63.00

12:41:30 AM  CPU    %usr   %nice    %sys %iowait    %irq   %soft  %steal  %guest  %gnice   %idle
12:41:31 AM  all    0.37    0.00   32.80    0.00    0.25   14.04    0.00    0.00    0.00   52.55
12:41:31 AM    0    2.00    0.00   92.00    0.00    0.00    4.00    0.00    0.00    0.00    2.00
12:41:31 AM    1    0.99    0.00   92.08    0.00    0.99    2.97    0.00    0.00    0.00    2.97
12:41:31 AM    2    0.00    0.00   27.18    0.00    0.97   23.30    0.00    0.00    0.00   48.54
12:41:31 AM    3    0.00    0.00   35.00    0.00    0.00   17.00    0.00    0.00    0.00   48.00
12:41:31 AM    4    0.00    0.00    0.00    0.00    0.00    0.00    0.00    0.00    0.00  100.00
12:41:31 AM    5    0.00    0.00   10.00    0.00    0.00   30.00    0.00    0.00    0.00   60.00
12:41:31 AM    6    0.00    0.00    0.00    0.00    0.00    0.00    0.00    0.00    0.00  100.00
12:41:31 AM    7    0.00    0.00    5.94    0.00    0.00   34.65    0.00    0.00    0.00   59.41

12:41:31 AM  CPU    %usr   %nice    %sys %iowait    %irq   %soft  %steal  %guest  %gnice   %idle
12:41:32 AM  all    0.50    0.00   31.42    0.00    0.25   14.71    0.00    0.00    0.00   53.12
12:41:32 AM    0    1.01    0.00   92.93    0.00    1.01    4.04    0.00    0.00    0.00    1.01
12:41:32 AM    1    3.03    0.00   92.93    0.00    0.00    3.03    0.00    0.00    0.00    1.01
12:41:32 AM    2    0.00    0.00   23.53    0.00    0.00   24.51    0.00    0.00    0.00   51.96
12:41:32 AM    3    0.00    0.00   32.35    0.00    0.98   19.61    0.00    0.00    0.00   47.06
12:41:32 AM    4    0.00    0.00    0.00    0.00    0.00    0.00    0.00    0.00    0.00  100.00
12:41:32 AM    5    0.00    0.00    7.00    0.00    0.00   31.00    0.00    0.00    0.00   62.00
12:41:32 AM    6    0.00    0.00    0.00    0.00    0.00    0.00    0.00    0.00    0.00  100.00
12:41:32 AM    7    0.00    0.00    4.00    0.00    0.00   35.00    0.00    0.00    0.00   61.00

12:41:32 AM  CPU    %usr   %nice    %sys %iowait    %irq   %soft  %steal  %guest  %gnice   %idle
12:41:33 AM  all    0.25    0.00   31.01    0.00    0.37   15.57    0.00    0.00    0.00   52.80
12:41:33 AM    0    1.00    0.00   93.00    0.00    0.00    4.00    0.00    0.00    0.00    2.00
12:41:33 AM    1    1.01    0.00   92.93    0.00    1.01    4.04    0.00    0.00    0.00    1.01
12:41:33 AM    2    0.00    0.00   22.33    0.00    0.97   26.21    0.00    0.00    0.00   50.49
12:41:33 AM    3    0.00    0.00   28.71    0.00    0.00   22.77    0.00    0.00    0.00   48.51
12:41:33 AM    4    0.00    0.00    0.00    0.00    0.99    0.00    0.00    0.00    0.00   99.01
12:41:33 AM    5    0.00    0.00    8.08    0.00    0.00   34.34    0.00    0.00    0.00   57.58
12:41:33 AM    6    0.00    0.00    0.00    0.00    0.00    0.00    0.00    0.00    0.00  100.00
12:41:33 AM    7    0.00    0.00    4.00    0.00    0.00   33.00    0.00    0.00    0.00   63.00

12:41:33 AM  CPU    %usr   %nice    %sys %iowait    %irq   %soft  %steal  %guest  %gnice   %idle
12:41:34 AM  all    0.37    0.00   29.16    0.00    0.25   16.00    0.00    0.00    0.00   54.22
12:41:34 AM    0    1.00    0.00   91.00    0.00    1.00    5.00    0.00    0.00    0.00    2.00
12:41:34 AM    1    1.98    0.00   90.10    0.00    0.00    4.95    0.00    0.00    0.00    2.97
12:41:34 AM    2    0.00    0.00   20.79    0.00    0.00   25.74    0.00    0.00    0.00   53.47
12:41:34 AM    3    0.00    0.00   22.12    0.00    0.96   25.96    0.00    0.00    0.00   50.96
12:41:34 AM    4    0.00    0.00    0.00    0.00    0.00    0.00    0.00    0.00    0.00  100.00
12:41:34 AM    5    0.00    0.00    7.84    0.00    0.00   32.35    0.00    0.00    0.00   59.80
12:41:34 AM    6    0.00    0.00    0.00    0.00    0.00    0.00    0.00    0.00    0.00  100.00
12:41:34 AM    7    0.00    0.00    1.01    0.00    0.00   33.33    0.00    0.00    0.00   65.66

12:41:34 AM  CPU    %usr   %nice    %sys %iowait    %irq   %soft  %steal  %guest  %gnice   %idle
12:41:35 AM  all    0.37    0.00   29.24    0.00    0.37   15.99    0.00    0.00    0.00   54.03
12:41:35 AM    0    1.01    0.00   90.91    0.00    0.00    5.05    0.00    0.00    0.00    3.03
12:41:35 AM    1    2.00    0.00   90.00    0.00    1.00    5.00    0.00    0.00    0.00    2.00
12:41:35 AM    2    0.00    0.00   19.42    0.00    0.97   26.21    0.00    0.00    0.00   53.40
12:41:35 AM    3    0.00    0.00   20.59    0.00    0.00   26.47    0.00    0.00    0.00   52.94
12:41:35 AM    4    0.00    0.00    0.00    0.00    0.00    0.00    0.00    0.00    0.00  100.00
12:41:35 AM    5    0.00    0.00   11.00    0.00    0.00   28.00    0.00    0.00    0.00   61.00
12:41:35 AM    6    0.00    0.00    0.00    0.00    0.00    0.00    0.00    0.00    0.00  100.00
12:41:35 AM    7    0.00    0.00    3.92    0.00    0.98   36.27    0.00    0.00    0.00   58.82

12:41:35 AM  CPU    %usr   %nice    %sys %iowait    %irq   %soft  %steal  %guest  %gnice   %idle
12:41:36 AM  all    0.25    0.00   29.53    0.00    0.37   15.76    0.00    0.00    0.00   54.09
12:41:36 AM    0    1.01    0.00   90.91    0.00    0.00    4.04    0.00    0.00    0.00    4.04
12:41:36 AM    1    1.00    0.00   92.00    0.00    0.00    4.00    0.00    0.00    0.00    3.00
12:41:36 AM    2    0.00    0.00   17.48    0.00    0.97   28.16    0.00    0.00    0.00   53.40
12:41:36 AM    3    0.00    0.00   20.39    0.00    0.97   24.27    0.00    0.00    0.00   54.37
12:41:36 AM    4    0.00    0.00    0.00    0.00    0.00    0.00    0.00    0.00    0.00  100.00
12:41:36 AM    5    0.00    0.00   13.86    0.00    0.99   32.67    0.00    0.00    0.00   52.48
12:41:36 AM    6    0.00    0.00    0.00    0.00    0.00    0.00    0.00    0.00    0.00  100.00
12:41:36 AM    7    0.00    0.00    3.00    0.00    0.00   32.00    0.00    0.00    0.00   65.00

12:41:36 AM  CPU    %usr   %nice    %sys %iowait    %irq   %soft  %steal  %guest  %gnice   %idle
12:41:37 AM  all    0.25    0.00   29.73    0.00    0.25   14.93    0.00    0.00    0.00   54.85
12:41:37 AM    0    0.99    0.00   88.12    0.00    0.99    4.95    0.00    0.00    0.00    4.95
12:41:37 AM    1    1.00    0.00   89.00    0.00    1.00    4.00    0.00    0.00    0.00    5.00
12:41:37 AM    2    0.00    0.00   22.77    0.00    0.00   22.77    0.00    0.00    0.00   54.46
12:41:37 AM    3    0.00    0.00   24.75    0.00    0.00   23.76    0.00    0.00    0.00   51.49
12:41:37 AM    4    0.00    0.00    0.00    0.00    0.00    0.99    0.00    0.00    0.00   99.01
12:41:37 AM    5    0.00    0.00   10.00    0.00    0.00   29.00    0.00    0.00    0.00   61.00
12:41:37 AM    6    0.00    0.00    0.00    0.00    0.00    0.00    0.00    0.00    0.00  100.00
12:41:37 AM    7    0.00    0.00    3.00    0.00    0.00   34.00    0.00    0.00    0.00   63.00

12:41:37 AM  CPU    %usr   %nice    %sys %iowait    %irq   %soft  %steal  %guest  %gnice   %idle
12:41:38 AM  all    0.37    0.00   29.70    0.00    0.25   15.35    0.00    0.00    0.00   54.33
12:41:38 AM    0    2.00    0.00   91.00    0.00    0.00    4.00    0.00    0.00    0.00    3.00
12:41:38 AM    1    1.01    0.00   90.91    0.00    0.00    4.04    0.00    0.00    0.00    4.04
12:41:38 AM    2    0.00    0.00   18.45    0.00    0.97   27.18    0.00    0.00    0.00   53.40
12:41:38 AM    3    0.00    0.00   22.12    0.00    0.96   25.00    0.00    0.00    0.00   51.92
12:41:38 AM    4    0.00    0.00    0.00    0.00    0.00    0.00    0.00    0.00    0.00  100.00
12:41:38 AM    5    0.00    0.00   11.88    0.00    0.00   26.73    0.00    0.00    0.00   61.39
12:41:38 AM    6    0.00    0.00    0.00    0.00    0.00    0.00    0.00    0.00    0.00  100.00
12:41:38 AM    7    0.00    0.00    4.95    0.00    0.00   34.65    0.00    0.00    0.00   60.40

12:41:38 AM  CPU    %usr   %nice    %sys %iowait    %irq   %soft  %steal  %guest  %gnice   %idle
12:41:39 AM  all    0.38    0.00   33.58    0.00    0.25   13.21    0.00    0.00    0.00   52.58
12:41:39 AM    0    1.01    0.00   92.93    0.00    1.01    3.03    0.00    0.00    0.00    2.02
12:41:39 AM    1    2.02    0.00   91.92    0.00    1.01    3.03    0.00    0.00    0.00    2.02
12:41:39 AM    2    0.00    0.00   28.00    0.00    0.00   22.00    0.00    0.00    0.00   50.00
12:41:39 AM    3    0.00    0.00   28.00    0.00    0.00   21.00    0.00    0.00    0.00   51.00
12:41:39 AM    4    0.00    0.00    0.00    0.00    0.00    0.00    0.00    0.00    0.00  100.00
12:41:39 AM    5    0.00    0.00   16.33    0.00    0.00   23.47    0.00    0.00    0.00   60.20
12:41:39 AM    6    0.00    0.00    0.00    0.00    0.00    0.00    0.00    0.00    0.00  100.00
12:41:39 AM    7    0.00    0.00   12.12    0.00    0.00   33.33    0.00    0.00    0.00   54.55

12:41:39 AM  CPU    %usr   %nice    %sys %iowait    %irq   %soft  %steal  %guest  %gnice   %idle
12:41:40 AM  all    0.50    0.00   35.52    0.00    0.12   12.38    0.00    0.00    0.00   51.49
12:41:40 AM    0    1.98    0.00   92.08    0.00    0.00    2.97    0.00    0.00    0.00    2.97
12:41:40 AM    1    1.96    0.00   92.16    0.00    0.00    2.94    0.00    0.00    0.00    2.94
12:41:40 AM    2    0.00    0.00   30.39    0.00    0.98   21.57    0.00    0.00    0.00   47.06
12:41:40 AM    3    0.00    0.00   33.33    0.00    0.00   17.65    0.00    0.00    0.00   49.02
12:41:40 AM    4    0.00    0.00    0.00    0.00    0.00    0.00    0.00    0.00    0.00  100.00
12:41:40 AM    5    0.00    0.00   20.79    0.00    0.00   21.78    0.00    0.00    0.00   57.43
12:41:40 AM    6    0.00    0.00    0.00    0.00    0.00    0.00    0.00    0.00    0.00  100.00
12:41:40 AM    7    0.00    0.00   14.00    0.00    0.00   32.00    0.00    0.00    0.00   54.00

12:41:40 AM  CPU    %usr   %nice    %sys %iowait    %irq   %soft  %steal  %guest  %gnice   %idle
12:41:41 AM  all    0.38    0.00   34.04    0.00    0.50   13.27    0.00    0.00    0.00   51.81
12:41:41 AM    0    2.00    0.00   92.00    0.00    1.00    4.00    0.00    0.00    0.00    1.00
12:41:41 AM    1    1.01    0.00   94.95    0.00    1.01    2.02    0.00    0.00    0.00    1.01
12:41:41 AM    2    0.00    0.00   28.00    0.00    0.00   22.00    0.00    0.00    0.00   50.00
12:41:41 AM    3    0.00    0.00   30.00    0.00    1.00   19.00    0.00    0.00    0.00   50.00
12:41:41 AM    4    0.00    0.00    0.00    0.00    0.00    0.00    0.00    0.00    0.00  100.00
12:41:41 AM    5    0.00    0.00   19.00    0.00    0.00   24.00    0.00    0.00    0.00   57.00
12:41:41 AM    6    0.00    0.00    0.00    0.00    0.00    0.00    0.00    0.00    0.00  100.00
12:41:41 AM    7    0.00    0.00    8.91    0.00    0.99   34.65    0.00    0.00    0.00   55.45

12:41:41 AM  CPU    %usr   %nice    %sys %iowait    %irq   %soft  %steal  %guest  %gnice   %idle
12:41:42 AM  all    0.37    0.00   33.58    0.00    0.12   12.69    0.00    0.00    0.00   53.23
12:41:42 AM    0    1.00    0.00   92.00    0.00    0.00    3.00    0.00    0.00    0.00    4.00
12:41:42 AM    1    2.00    0.00   91.00    0.00    0.00    4.00    0.00    0.00    0.00    3.00
12:41:42 AM    2    0.00    0.00   27.18    0.00    0.97   20.39    0.00    0.00    0.00   51.46
12:41:42 AM    3    0.00    0.00   31.68    0.00    0.00   18.81    0.00    0.00    0.00   49.50
12:41:42 AM    4    0.00    0.00    0.00    0.00    0.00    0.00    0.00    0.00    0.00  100.00
12:41:42 AM    5    0.00    0.00   18.00    0.00    0.00   21.00    0.00    0.00    0.00   61.00
12:41:42 AM    6    0.00    0.00    0.00    0.00    0.00    0.00    0.00    0.00    0.00  100.00
12:41:42 AM    7    0.00    0.00    9.00    0.00    0.00   34.00    0.00    0.00    0.00   57.00

12:41:42 AM  CPU    %usr   %nice    %sys %iowait    %irq   %soft  %steal  %guest  %gnice   %idle
12:41:43 AM  all    0.50    0.00   37.27    0.00    0.50   11.06    0.00    0.00    0.00   50.68
12:41:43 AM    0    2.00    0.00   92.00    0.00    1.00    3.00    0.00    0.00    0.00    2.00
12:41:43 AM    1    1.98    0.00   95.05    0.00    0.99    1.98    0.00    0.00    0.00    0.00
12:41:43 AM    2    0.00    0.00   35.00    0.00    0.00   17.00    0.00    0.00    0.00   48.00
12:41:43 AM    3    0.00    0.00   33.33    0.00    0.98   16.67    0.00    0.00    0.00   49.02
12:41:43 AM    4    0.00    0.00    0.00    0.00    0.99    0.00    0.00    0.00    0.00   99.01
12:41:43 AM    5    0.00    0.00   28.71    0.00    0.00   19.80    0.00    0.00    0.00   51.49
12:41:43 AM    6    0.00    0.00    0.00    0.00    0.00    0.00    0.00    0.00    0.00  100.00
12:41:43 AM    7    0.00    0.00   14.00    0.00    0.00   30.00    0.00    0.00    0.00   56.00

12:41:43 AM  CPU    %usr   %nice    %sys %iowait    %irq   %soft  %steal  %guest  %gnice   %idle
12:41:44 AM  all    0.25    0.00   35.38    0.00    0.12   12.38    0.00    0.00    0.00   51.88
12:41:44 AM    0    1.02    0.00   94.90    0.00    0.00    3.06    0.00    0.00    0.00    1.02
12:41:44 AM    1    1.02    0.00   93.88    0.00    0.00    3.06    0.00    0.00    0.00    2.04
12:41:44 AM    2    0.00    0.00   29.13    0.00    0.97   19.42    0.00    0.00    0.00   50.49
12:41:44 AM    3    0.00    0.00   35.00    0.00    0.00   16.00    0.00    0.00    0.00   49.00
12:41:44 AM    4    0.00    0.00    0.00    0.00    0.00    0.00    0.00    0.00    0.00  100.00
12:41:44 AM    5    0.00    0.00   19.00    0.00    0.00   24.00    0.00    0.00    0.00   57.00
12:41:44 AM    6    0.00    0.00    0.00    0.00    0.00    0.00    0.00    0.00    0.00  100.00
12:41:44 AM    7    0.00    0.00   13.86    0.00    0.00   32.67    0.00    0.00    0.00   53.47

12:41:44 AM  CPU    %usr   %nice    %sys %iowait    %irq   %soft  %steal  %guest  %gnice   %idle
12:41:45 AM  all    0.37    0.00   34.08    0.00    0.37   12.73    0.00    0.00    0.00   52.43
12:41:45 AM    0    0.99    0.00   92.08    0.00    0.99    2.97    0.00    0.00    0.00    2.97
12:41:45 AM    1    2.02    0.00   91.92    0.00    0.00    2.02    0.00    0.00    0.00    4.04
12:41:45 AM    2    0.00    0.00   27.00    0.00    0.00   21.00    0.00    0.00    0.00   52.00
12:41:45 AM    3    0.00    0.00   30.69    0.00    0.99   19.80    0.00    0.00    0.00   48.51
12:41:45 AM    4    0.00    0.00    0.00    0.00    0.00    0.00    0.00    0.00    0.00  100.00
12:41:45 AM    5    0.00    0.00   18.81    0.00    0.99   24.75    0.00    0.00    0.00   55.45
12:41:45 AM    6    0.00    0.00    0.00    0.00    0.00    0.00    0.00    0.00    0.00  100.00
12:41:45 AM    7    0.00    0.00   12.00    0.00    0.00   31.00    0.00    0.00    0.00   57.00

12:41:45 AM  CPU    %usr   %nice    %sys %iowait    %irq   %soft  %steal  %guest  %gnice   %idle
12:41:46 AM  all    0.25    0.00   27.23    0.00    0.13   14.93    0.00    0.00    0.00   57.47
12:41:46 AM    0    1.03    0.00   86.60    0.00    0.00    4.12    0.00    0.00    0.00    8.25
12:41:46 AM    1    1.01    0.00   84.85    0.00    1.01    5.05    0.00    0.00    0.00    8.08
12:41:46 AM    2    0.00    0.00   20.79    0.00    0.00   23.76    0.00    0.00    0.00   55.45
12:41:46 AM    3    0.00    0.00   15.84    0.00    0.00   23.76    0.00    0.00    0.00   60.40
12:41:46 AM    4    0.00    0.00    0.00    0.00    0.00    0.00    0.00    0.00    0.00  100.00
12:41:46 AM    5    0.00    0.00    7.07    0.00    0.00   29.29    0.00    0.00    0.00   63.64
12:41:46 AM    6    0.00    0.00    0.00    0.00    0.00    0.00    0.00    0.00    0.00  100.00
12:41:46 AM    7    0.00    0.00    5.00    0.00    0.00   33.00    0.00    0.00    0.00   62.00

12:41:46 AM  CPU    %usr   %nice    %sys %iowait    %irq   %soft  %steal  %guest  %gnice   %idle
12:41:47 AM  all    0.37    0.00   33.04    0.00    0.50   13.12    0.00    0.00    0.00   52.97
12:41:47 AM    0    1.98    0.00   90.10    0.00    0.99    3.96    0.00    0.00    0.00    2.97
12:41:47 AM    1    1.00    0.00   91.00    0.00    0.00    4.00    0.00    0.00    0.00    4.00
12:41:47 AM    2    0.00    0.00   26.21    0.00    0.97   20.39    0.00    0.00    0.00   52.43
12:41:47 AM    3    0.00    0.00   27.45    0.00    0.98   20.59    0.00    0.00    0.00   50.98
12:41:47 AM    4    0.00    0.00    0.00    0.00    0.00    0.00    0.00    0.00    0.00  100.00
12:41:47 AM    5    0.00    0.00   19.80    0.00    0.00   21.78    0.00    0.00    0.00   58.42
12:41:47 AM    6    0.00    0.00    0.00    0.00    0.00    0.00    0.00    0.00    0.00  100.00
12:41:47 AM    7    0.00    0.00    9.90    0.00    0.99   33.66    0.00    0.00    0.00   55.45

12:41:47 AM  CPU    %usr   %nice    %sys %iowait    %irq   %soft  %steal  %guest  %gnice   %idle
12:41:48 AM  all    0.50    0.00   33.38    0.00    0.25   12.50    0.00    0.00    0.00   53.37
12:41:48 AM    0    2.02    0.00   91.92    0.00    0.00    3.03    0.00    0.00    0.00    3.03
12:41:48 AM    1    2.00    0.00   90.00    0.00    1.00    2.00    0.00    0.00    0.00    5.00
12:41:48 AM    2    0.00    0.00   30.00    0.00    1.00   20.00    0.00    0.00    0.00   49.00
12:41:48 AM    3    0.00    0.00   29.70    0.00    0.00   18.81    0.00    0.00    0.00   51.49
12:41:48 AM    4    0.00    0.00    0.00    0.00    0.00    0.00    0.00    0.00    0.00  100.00
12:41:48 AM    5    0.00    0.00   18.00    0.00    0.00   22.00    0.00    0.00    0.00   60.00
12:41:48 AM    6    0.00    0.00    0.00    0.00    0.00    0.00    0.00    0.00    0.00  100.00
12:41:48 AM    7    0.00    0.00    8.00    0.00    0.00   34.00    0.00    0.00    0.00   58.00

12:41:48 AM  CPU    %usr   %nice    %sys %iowait    %irq   %soft  %steal  %guest  %gnice   %idle
12:41:49 AM  all    0.37    0.00   34.83    0.00    0.25   11.82    0.00    0.00    0.00   52.74
12:41:49 AM    0    1.01    0.00   90.91    0.00    1.01    3.03    0.00    0.00    0.00    4.04
12:41:49 AM    1    2.00    0.00   92.00    0.00    0.00    3.00    0.00    0.00    0.00    3.00
12:41:49 AM    2    0.00    0.00   28.43    0.00    0.00   19.61    0.00    0.00    0.00   51.96
12:41:49 AM    3    0.00    0.00   34.31    0.00    0.98   16.67    0.00    0.00    0.00   48.04
12:41:49 AM    4    0.00    0.00    0.00    0.00    0.00    0.99    0.00    0.00    0.00   99.01
12:41:49 AM    5    0.00    0.00   22.00    0.00    0.00   24.00    0.00    0.00    0.00   54.00
12:41:49 AM    6    0.00    0.00    0.00    0.00    0.00    0.00    0.00    0.00    0.00  100.00
12:41:49 AM    7    0.00    0.00   12.00    0.00    0.00   27.00    0.00    0.00    0.00   61.00

12:41:49 AM  CPU    %usr   %nice    %sys %iowait    %irq   %soft  %steal  %guest  %gnice   %idle
12:41:50 AM  all    0.25    0.00   31.92    0.00    0.25   14.21    0.00    0.00    0.00   53.37
12:41:50 AM    0    1.00    0.00   92.00    0.00    0.00    4.00    0.00    0.00    0.00    3.00
12:41:50 AM    1    1.00    0.00   90.00    0.00    1.00    4.00    0.00    0.00    0.00    4.00
12:41:50 AM    2    0.00    0.00   23.76    0.00    0.99   22.77    0.00    0.00    0.00   52.48
12:41:50 AM    3    0.00    0.00   28.00    0.00    0.00   21.00    0.00    0.00    0.00   51.00
12:41:50 AM    4    0.00    0.00    0.00    0.00    0.00    0.00    0.00    0.00    0.00  100.00
12:41:50 AM    5    0.00    0.00   15.00    0.00    0.00   26.00    0.00    0.00    0.00   59.00
12:41:50 AM    6    0.00    0.00    0.00    0.00    0.00    0.00    0.00    0.00    0.00  100.00
12:41:50 AM    7    0.00    0.00    6.93    0.00    0.00   35.64    0.00    0.00    0.00   57.43

12:41:50 AM  CPU    %usr   %nice    %sys %iowait    %irq   %soft  %steal  %guest  %gnice   %idle
12:41:51 AM  all    0.37    0.00   33.87    0.00    0.25   13.08    0.00    0.00    0.00   52.43
12:41:51 AM    0    1.98    0.00   92.08    0.00    0.99    2.97    0.00    0.00    0.00    1.98
12:41:51 AM    1    1.01    0.00   93.94    0.00    0.00    3.03    0.00    0.00    0.00    2.02
12:41:51 AM    2    0.00    0.00   28.71    0.00    0.00   21.78    0.00    0.00    0.00   49.50
12:41:51 AM    3    0.00    0.00   29.41    0.00    0.98   18.63    0.00    0.00    0.00   50.98
12:41:51 AM    4    0.00    0.00    0.00    0.00    0.00    0.00    0.00    0.00    0.00  100.00
12:41:51 AM    5    0.00    0.00   17.00    0.00    0.00   24.00    0.00    0.00    0.00   59.00
12:41:51 AM    6    0.00    0.00    0.00    0.00    0.00    0.00    0.00    0.00    0.00  100.00
12:41:51 AM    7    0.00    0.00   10.00    0.00    0.00   34.00    0.00    0.00    0.00   56.00

12:41:51 AM  CPU    %usr   %nice    %sys %iowait    %irq   %soft  %steal  %guest  %gnice   %idle
12:41:52 AM  all    0.50    0.00   36.36    0.00    0.37   11.71    0.00    0.00    0.00   51.06
12:41:52 AM    0    2.00    0.00   93.00    0.00    0.00    3.00    0.00    0.00    0.00    2.00
12:41:52 AM    1    1.98    0.00   93.07    0.00    0.99    1.98    0.00    0.00    0.00    1.98
12:41:52 AM    2    0.00    0.00   37.25    0.00    0.98   17.65    0.00    0.00    0.00   44.12
12:41:52 AM    3    0.00    0.00   33.00    0.00    0.00   20.00    0.00    0.00    0.00   47.00
12:41:52 AM    4    0.00    0.00    0.00    0.00    0.00    0.00    0.00    0.00    0.00  100.00
12:41:52 AM    5    0.00    0.00   19.00    0.00    0.00   21.00    0.00    0.00    0.00   60.00
12:41:52 AM    6    0.00    0.00    0.00    0.00    0.00    0.00    0.00    0.00    0.00  100.00
12:41:52 AM    7    0.00    0.00   14.85    0.00    0.99   29.70    0.00    0.00    0.00   54.46

12:41:52 AM  CPU    %usr   %nice    %sys %iowait    %irq   %soft  %steal  %guest  %gnice   %idle
12:41:53 AM  all    0.37    0.00   36.66    0.00    0.37   11.60    0.00    0.00    0.00   51.00
12:41:53 AM    0    2.00    0.00   94.00    0.00    1.00    2.00    0.00    0.00    0.00    1.00
12:41:53 AM    1    1.01    0.00   94.95    0.00    0.00    3.03    0.00    0.00    0.00    1.01
12:41:53 AM    2    0.00    0.00   39.00    0.00    0.00   16.00    0.00    0.00    0.00   45.00
12:41:53 AM    3    0.00    0.00   34.31    0.00    0.98   19.61    0.00    0.00    0.00   45.10
12:41:53 AM    4    0.00    0.00    0.00    0.00    0.00    0.00    0.00    0.00    0.00  100.00
12:41:53 AM    5    0.00    0.00   20.00    0.00    1.00   22.00    0.00    0.00    0.00   57.00
12:41:53 AM    6    0.00    0.00    0.00    0.00    0.00    0.00    0.00    0.00    0.00  100.00
12:41:53 AM    7    0.00    0.00   11.88    0.00    0.00   29.70    0.00    0.00    0.00   58.42

12:41:53 AM  CPU    %usr   %nice    %sys %iowait    %irq   %soft  %steal  %guest  %gnice   %idle
12:41:54 AM  all    0.25    0.00   33.50    0.00    0.25   12.53    0.00    0.00    0.00   53.47
12:41:54 AM    0    1.00    0.00   90.00    0.00    0.00    4.00    0.00    0.00    0.00    5.00
12:41:54 AM    1    0.98    0.00   90.20    0.00    0.98    2.94    0.00    0.00    0.00    4.90
12:41:54 AM    2    0.00    0.00   27.72    0.00    0.00   18.81    0.00    0.00    0.00   53.47
12:41:54 AM    3    0.00    0.00   30.69    0.00    0.00   18.81    0.00    0.00    0.00   50.50
12:41:54 AM    4    0.00    0.00    0.00    0.00    0.99    0.00    0.00    0.00    0.00   99.01
12:41:54 AM    5    0.00    0.00   19.80    0.00    0.00   24.75    0.00    0.00    0.00   55.45
12:41:54 AM    6    0.00    0.00    0.00    0.00    0.00    0.00    0.00    0.00    0.00  100.00
12:41:54 AM    7    0.00    0.00    9.00    0.00    0.00   31.00    0.00    0.00    0.00   60.00

12:41:54 AM  CPU    %usr   %nice    %sys %iowait    %irq   %soft  %steal  %guest  %gnice   %idle
12:41:55 AM  all    0.25    0.00   28.75    0.00    0.38   14.88    0.00    0.00    0.00   55.75
12:41:55 AM    0    1.01    0.00   84.85    0.00    1.01    4.04    0.00    0.00    0.00    9.09
12:41:55 AM    1    1.03    0.00   86.60    0.00    0.00    4.12    0.00    0.00    0.00    8.25
12:41:55 AM    2    0.00    0.00   23.53    0.00    0.98   25.49    0.00    0.00    0.00   50.00
12:41:55 AM    3    0.00    0.00   20.79    0.00    0.99   24.75    0.00    0.00    0.00   53.47
12:41:55 AM    4    0.00    0.00    0.00    0.00    0.00    0.00    0.00    0.00    0.00  100.00
12:41:55 AM    5    0.00    0.00    9.90    0.00    0.00   26.73    0.00    0.00    0.00   63.37
12:41:55 AM    6    0.00    0.00    0.00    0.00    0.00    0.00    0.00    0.00    0.00  100.00
12:41:55 AM    7    0.00    0.00    7.00    0.00    0.00   33.00    0.00    0.00    0.00   60.00

12:41:55 AM  CPU    %usr   %nice    %sys %iowait    %irq   %soft  %steal  %guest  %gnice   %idle
12:41:56 AM  all    0.25    0.00   26.77    0.00    0.25   16.69    0.00    0.00    0.00   56.04
12:41:56 AM    0    1.00    0.00   88.00    0.00    0.00    5.00    0.00    0.00    0.00    6.00
12:41:56 AM    1    0.99    0.00   87.13    0.00    0.99    5.94    0.00    0.00    0.00    4.95
12:41:56 AM    2    0.00    0.00   13.73    0.00    0.98   27.45    0.00    0.00    0.00   57.84
12:41:56 AM    3    0.00    0.00   13.73    0.00    0.00   27.45    0.00    0.00    0.00   58.82
12:41:56 AM    4    0.00    0.00    0.00    0.00    0.00    0.00    0.00    0.00    0.00  100.00
12:41:56 AM    5    0.00    0.00    7.07    0.00    0.00   28.28    0.00    0.00    0.00   64.65
12:41:56 AM    6    0.00    0.00    0.00    0.00    0.00    0.00    0.00    0.00    0.00  100.00
12:41:56 AM    7    0.00    0.00    4.04    0.00    0.00   39.39    0.00    0.00    0.00   56.57

12:41:56 AM  CPU    %usr   %nice    %sys %iowait    %irq   %soft  %steal  %guest  %gnice   %idle
12:41:57 AM  all    0.25    0.00   29.68    0.00    0.25   15.71    0.00    0.00    0.00   54.11
12:41:57 AM    0    1.02    0.00   90.82    0.00    1.02    5.10    0.00    0.00    0.00    2.04
12:41:57 AM    1    1.00    0.00   92.00    0.00    0.00    5.00    0.00    0.00    0.00    2.00
12:41:57 AM    2    0.00    0.00   25.49    0.00    0.00   25.49    0.00    0.00    0.00   49.02
12:41:57 AM    3    0.00    0.00   21.36    0.00    0.97   26.21    0.00    0.00    0.00   51.46
12:41:57 AM    4    0.00    0.00    0.00    0.00    0.00    0.00    0.00    0.00    0.00  100.00
12:41:57 AM    5    0.00    0.00    7.00    0.00    0.00   30.00    0.00    0.00    0.00   63.00
12:41:57 AM    6    0.00    0.00    0.00    0.00    0.00    0.00    0.00    0.00    0.00  100.00
12:41:57 AM    7    0.00    0.00    2.00    0.00    0.00   33.00    0.00    0.00    0.00   65.00

12:41:57 AM  CPU    %usr   %nice    %sys %iowait    %irq   %soft  %steal  %guest  %gnice   %idle
12:41:58 AM  all    0.25    0.00   29.43    0.00    0.25   14.96    0.00    0.00    0.00   55.11
12:41:58 AM    0    1.01    0.00   88.89    0.00    0.00    4.04    0.00    0.00    0.00    6.06
12:41:58 AM    1    1.02    0.00   89.80    0.00    0.00    4.08    0.00    0.00    0.00    5.10
12:41:58 AM    2    0.00    0.00   31.37    0.00    0.98   24.51    0.00    0.00    0.00   43.14
12:41:58 AM    3    0.00    0.00   16.67    0.00    0.00   23.53    0.00    0.00    0.00   59.80
12:41:58 AM    4    0.00    0.00    0.00    0.00    0.00    0.00    0.00    0.00    0.00  100.00
12:41:58 AM    5    0.00    0.00    6.00    0.00    0.00   28.00    0.00    0.00    0.00   66.00
12:41:58 AM    6    0.00    0.00    0.00    0.00    0.00    0.00    0.00    0.00    0.00  100.00
12:41:58 AM    7    0.00    0.00    4.95    0.00    0.99   34.65    0.00    0.00    0.00   59.41

12:41:58 AM  CPU    %usr   %nice    %sys %iowait    %irq   %soft  %steal  %guest  %gnice   %idle
12:41:59 AM  all    0.25    0.00   31.35    0.00    0.50   14.87    0.00    0.00    0.00   53.04
12:41:59 AM    0    1.00    0.00   91.00    0.00    1.00    4.00    0.00    0.00    0.00    3.00
12:41:59 AM    1    0.99    0.00   91.09    0.00    0.99    3.96    0.00    0.00    0.00    2.97
12:41:59 AM    2    0.00    0.00   31.37    0.00    0.00   23.53    0.00    0.00    0.00   45.10
12:41:59 AM    3    0.00    0.00   23.76    0.00    0.99   21.78    0.00    0.00    0.00   53.47
12:41:59 AM    4    0.00    0.00    0.00    0.00    0.00    0.00    0.00    0.00    0.00  100.00
12:41:59 AM    5    0.00    0.00    6.86    0.00    0.98   29.41    0.00    0.00    0.00   62.75
12:41:59 AM    6    0.00    0.00    0.00    0.00    0.00    0.00    0.00    0.00    0.00  100.00
12:41:59 AM    7    0.00    0.00    6.93    0.00    0.00   35.64    0.00    0.00    0.00   57.43

12:41:59 AM  CPU    %usr   %nice    %sys %iowait    %irq   %soft  %steal  %guest  %gnice   %idle
12:42:00 AM  all    0.50    0.00   30.81    0.00    0.12   15.28    0.00    0.00    0.00   53.29
12:42:00 AM    0    2.00    0.00   92.00    0.00    0.00    4.00    0.00    0.00    0.00    2.00
12:42:00 AM    1    2.02    0.00   92.93    0.00    0.00    4.04    0.00    0.00    0.00    1.01
12:42:00 AM    2    0.00    0.00   21.36    0.00    0.97   25.24    0.00    0.00    0.00   52.43
12:42:00 AM    3    0.00    0.00   24.51    0.00    0.00   22.55    0.00    0.00    0.00   52.94
12:42:00 AM    4    0.00    0.00    0.00    0.00    0.00    0.00    0.00    0.00    0.00  100.00
12:42:00 AM    5    0.00    0.00   13.00    0.00    0.00   32.00    0.00    0.00    0.00   55.00
12:42:00 AM    6    0.00    0.00    0.00    0.00    0.00    0.00    0.00    0.00    0.00  100.00
12:42:00 AM    7    0.00    0.00    4.00    0.00    0.00   34.00    0.00    0.00    0.00   62.00

12:42:00 AM  CPU    %usr   %nice    %sys %iowait    %irq   %soft  %steal  %guest  %gnice   %idle
12:42:01 AM  all    0.25    0.00   29.94    0.00    0.37   15.16    0.00    0.00    0.00   54.29
12:42:01 AM    0    1.00    0.00   88.00    0.00    1.00    5.00    0.00    0.00    0.00    5.00
12:42:01 AM    1    0.99    0.00   89.11    0.00    0.99    3.96    0.00    0.00    0.00    4.95
12:42:01 AM    2    0.00    0.00   23.76    0.00    0.00   25.74    0.00    0.00    0.00   50.50
12:42:01 AM    3    0.00    0.00   23.53    0.00    0.98   21.57    0.00    0.00    0.00   53.92
12:42:01 AM    4    0.00    0.00    0.00    0.00    0.00    0.99    0.00    0.00    0.00   99.01
12:42:01 AM    5    0.00    0.00   11.00    0.00    0.00   32.00    0.00    0.00    0.00   57.00
12:42:01 AM    6    0.00    0.00    0.00    0.00    0.00    0.00    0.00    0.00    0.00  100.00
12:42:01 AM    7    0.00    0.00    4.00    0.00    0.00   32.00    0.00    0.00    0.00   64.00

12:42:01 AM  CPU    %usr   %nice    %sys %iowait    %irq   %soft  %steal  %guest  %gnice   %idle
12:42:02 AM  all    0.50    0.00   31.51    0.00    0.12   15.07    0.00    0.00    0.00   52.80
12:42:02 AM    0    2.02    0.00   92.93    0.00    0.00    4.04    0.00    0.00    0.00    1.01
12:42:02 AM    1    2.02    0.00   92.93    0.00    0.00    4.04    0.00    0.00    0.00    1.01
12:42:02 AM    2    0.00    0.00   33.98    0.00    0.97   22.33    0.00    0.00    0.00   42.72
12:42:02 AM    3    0.00    0.00   18.63    0.00    0.00   26.47    0.00    0.00    0.00   54.90
12:42:02 AM    4    0.00    0.00    0.00    0.00    0.00    0.00    0.00    0.00    0.00  100.00
12:42:02 AM    5    0.00    0.00   10.00    0.00    0.00   29.00    0.00    0.00    0.00   61.00
12:42:02 AM    6    0.00    0.00    0.00    0.00    0.00    0.00    0.00    0.00    0.00  100.00
12:42:02 AM    7    0.00    0.00    5.00    0.00    0.00   34.00    0.00    0.00    0.00   61.00

12:42:02 AM  CPU    %usr   %nice    %sys %iowait    %irq   %soft  %steal  %guest  %gnice   %idle
12:42:03 AM  all    0.37    0.00   26.89    0.00    0.50   15.99    0.00    0.00    0.00   56.26
12:42:03 AM    0    1.02    0.00   87.76    0.00    0.00    4.08    0.00    0.00    0.00    7.14
12:42:03 AM    1    1.98    0.00   84.16    0.00    0.99    4.95    0.00    0.00    0.00    7.92
12:42:03 AM    2    0.00    0.00   13.46    0.00    0.96   29.81    0.00    0.00    0.00   55.77
12:42:03 AM    3    0.00    0.00   15.53    0.00    0.97   26.21    0.00    0.00    0.00   57.28
12:42:03 AM    4    0.00    0.00    0.00    0.00    0.99    0.00    0.00    0.00    0.00   99.01
12:42:03 AM    5    0.00    0.00   10.00    0.00    0.00   28.00    0.00    0.00    0.00   62.00
12:42:03 AM    6    0.00    0.00    0.00    0.00    0.00    0.00    0.00    0.00    0.00  100.00
12:42:03 AM    7    0.00    0.00    6.00    0.00    0.00   34.00    0.00    0.00    0.00   60.00

12:42:03 AM  CPU    %usr   %nice    %sys %iowait    %irq   %soft  %steal  %guest  %gnice   %idle
12:42:04 AM  all    0.25    0.00   28.68    0.00    0.37   16.58    0.00    0.00    0.00   54.11
12:42:04 AM    0    1.98    0.00   89.11    0.00    0.99    5.94    0.00    0.00    0.00    1.98
12:42:04 AM    1    0.00    0.00   92.78    0.00    0.00    5.15    0.00    0.00    0.00    2.06
12:42:04 AM    2    0.00    0.00   17.82    0.00    0.00   24.75    0.00    0.00    0.00   57.43
12:42:04 AM    3    0.00    0.00   19.42    0.00    0.97   22.33    0.00    0.00    0.00   57.28
12:42:04 AM    4    0.00    0.00    0.00    0.00    0.00    0.00    0.00    0.00    0.00  100.00
12:42:04 AM    5    0.00    0.00    8.00    0.00    0.00   29.00    0.00    0.00    0.00   63.00
12:42:04 AM    6    0.00    0.00    0.00    0.00    0.00    0.00    0.00    0.00    0.00  100.00
12:42:04 AM    7    0.00    0.00    3.96    0.00    0.99   44.55    0.00    0.00    0.00   50.50

12:42:04 AM  CPU    %usr   %nice    %sys %iowait    %irq   %soft  %steal  %guest  %gnice   %idle
12:42:05 AM  all    0.50    0.00   26.62    0.00    0.25   16.79    0.00    0.00    0.00   55.85
12:42:05 AM    0    3.03    0.00   84.85    0.00    0.00    5.05    0.00    0.00    0.00    7.07
12:42:05 AM    1    1.00    0.00   87.00    0.00    1.00    5.00    0.00    0.00    0.00    6.00
12:42:05 AM    2    0.00    0.00   22.55    0.00    0.98   29.41    0.00    0.00    0.00   47.06
12:42:05 AM    3    0.00    0.00   10.78    0.00    0.00   28.43    0.00    0.00    0.00   60.78
12:42:05 AM    4    0.00    0.00    0.00    0.00    0.00    0.00    0.00    0.00    0.00  100.00
12:42:05 AM    5    0.00    0.00    5.00    0.00    0.00   27.00    0.00    0.00    0.00   68.00
12:42:05 AM    6    0.00    0.00    0.00    0.00    0.00    0.00    0.00    0.00    0.00  100.00
12:42:05 AM    7    0.00    0.00    3.96    0.00    0.00   38.61    0.00    0.00    0.00   57.43

12:42:05 AM  CPU    %usr   %nice    %sys %iowait    %irq   %soft  %steal  %guest  %gnice   %idle
12:42:06 AM  all    0.37    0.00   30.14    0.00    0.37   14.20    0.00    0.00    0.00   54.92
12:42:06 AM    0    1.00    0.00   89.00    0.00    1.00    4.00    0.00    0.00    0.00    5.00
12:42:06 AM    1    2.02    0.00   88.89    0.00    0.00    4.04    0.00    0.00    0.00    5.05
12:42:06 AM    2    0.00    0.00   28.43    0.00    0.00   21.57    0.00    0.00    0.00   50.00
12:42:06 AM    3    0.00    0.00   15.84    0.00    0.99   22.77    0.00    0.00    0.00   60.40
12:42:06 AM    4    0.00    0.00    0.00    0.00    0.00    0.00    0.00    0.00    0.00  100.00
12:42:06 AM    5    0.00    0.00   12.75    0.00    0.98   25.49    0.00    0.00    0.00   60.78
12:42:06 AM    6    0.00    0.00    0.00    0.00    0.00    0.00    0.00    0.00    0.00  100.00
12:42:06 AM    7    0.00    0.00    7.07    0.00    0.00   35.35    0.00    0.00    0.00   57.58

12:42:06 AM  CPU    %usr   %nice    %sys %iowait    %irq   %soft  %steal  %guest  %gnice   %idle
12:42:07 AM  all    0.37    0.00   31.14    0.00    0.37   14.89    0.00    0.00    0.00   53.23
12:42:07 AM    0    2.02    0.00   90.91    0.00    0.00    4.04    0.00    0.00    0.00    3.03
12:42:07 AM    1    0.99    0.00   90.10    0.00    0.99    4.95    0.00    0.00    0.00    2.97
12:42:07 AM    2    0.00    0.00   28.43    0.00    0.98   20.59    0.00    0.00    0.00   50.00
12:42:07 AM    3    0.00    0.00   22.33    0.00    0.97   22.33    0.00    0.00    0.00   54.37
12:42:07 AM    4    0.00    0.00    0.00    0.00    0.00    0.00    0.00    0.00    0.00  100.00
12:42:07 AM    5    0.00    0.00   13.00    0.00    0.00   33.00    0.00    0.00    0.00   54.00
12:42:07 AM    6    0.00    0.00    0.00    0.00    0.00    0.00    0.00    0.00    0.00  100.00
12:42:07 AM    7    0.00    0.00    4.95    0.00    0.00   33.66    0.00    0.00    0.00   61.39

12:42:07 AM  CPU    %usr   %nice    %sys %iowait    %irq   %soft  %steal  %guest  %gnice   %idle
12:42:08 AM  all    0.37    0.00   31.21    0.00    0.12   14.73    0.00    0.00    0.00   53.56
12:42:08 AM    0    2.02    0.00   91.92    0.00    1.01    4.04    0.00    0.00    0.00    1.01
12:42:08 AM    1    1.01    0.00   92.93    0.00    0.00    4.04    0.00    0.00    0.00    2.02
12:42:08 AM    2    0.00    0.00   28.43    0.00    0.00   23.53    0.00    0.00    0.00   48.04
12:42:08 AM    3    0.00    0.00   24.75    0.00    0.00   22.77    0.00    0.00    0.00   52.48
12:42:08 AM    4    0.00    0.00    0.00    0.00    0.00    0.00    0.00    0.00    0.00  100.00
12:42:08 AM    5    0.00    0.00    9.00    0.00    0.00   28.00    0.00    0.00    0.00   63.00
12:42:08 AM    6    0.00    0.00    0.00    0.00    0.00    0.00    0.00    0.00    0.00  100.00
12:42:08 AM    7    0.00    0.00    4.00    0.00    0.00   35.00    0.00    0.00    0.00   61.00

12:42:08 AM  CPU    %usr   %nice    %sys %iowait    %irq   %soft  %steal  %guest  %gnice   %idle
12:42:09 AM  all    0.25    0.00   30.90    0.00    0.49   15.08    0.00    0.00    0.00   53.28
12:42:09 AM    0    0.99    0.00   92.08    0.00    0.00    3.96    0.00    0.00    0.00    2.97
12:42:09 AM    1    1.00    0.00   93.00    0.00    1.00    4.00    0.00    0.00    0.00    1.00
12:42:09 AM    2    0.00    0.00   21.15    0.00    0.96   26.92    0.00    0.00    0.00   50.96
12:42:09 AM    3    0.00    0.00   26.21    0.00    0.97   22.33    0.00    0.00    0.00   50.49
12:42:09 AM    4    0.00    0.00    0.00    0.00    0.00    0.00    0.00    0.00    0.00  100.00
12:42:09 AM    5    0.00    0.00    9.00    0.00    0.00   30.00    0.00    0.00    0.00   61.00
12:42:09 AM    6    0.00    0.00    0.00    0.00    0.00    0.00    0.00    0.00    0.00  100.00
12:42:09 AM    7    0.00    0.00    5.94    0.00    0.99   32.67    0.00    0.00    0.00   60.40

12:42:09 AM  CPU    %usr   %nice    %sys %iowait    %irq   %soft  %steal  %guest  %gnice   %idle
12:42:10 AM  all    0.25    0.00   29.73    0.00    0.12   15.17    0.00    0.00    0.00   54.73
12:42:10 AM    0    1.00    0.00   89.00    0.00    1.00    5.00    0.00    0.00    0.00    4.00
12:42:10 AM    1    1.00    0.00   88.00    0.00    0.00    5.00    0.00    0.00    0.00    6.00
12:42:10 AM    2    0.00    0.00   22.77    0.00    0.00   23.76    0.00    0.00    0.00   53.47
12:42:10 AM    3    0.00    0.00   22.55    0.00    0.00   22.55    0.00    0.00    0.00   54.90
12:42:10 AM    4    0.00    0.00    0.00    0.00    0.00    0.00    0.00    0.00    0.00  100.00
12:42:10 AM    5    0.00    0.00    9.00    0.00    0.00   30.00    0.00    0.00    0.00   61.00
12:42:10 AM    6    0.00    0.00    0.00    0.00    0.00    0.00    0.00    0.00    0.00  100.00
12:42:10 AM    7    0.00    0.00    6.93    0.00    0.00   34.65    0.00    0.00    0.00   58.42

12:42:10 AM  CPU    %usr   %nice    %sys %iowait    %irq   %soft  %steal  %guest  %gnice   %idle
12:42:11 AM  all    0.50    0.00   30.75    0.00    0.38   14.25    0.00    0.00    0.00   54.12
12:42:11 AM    0    1.02    0.00   91.84    0.00    0.00    4.08    0.00    0.00    0.00    3.06
12:42:11 AM    1    3.00    0.00   88.00    0.00    1.00    4.00    0.00    0.00    0.00    4.00
12:42:11 AM    2    0.00    0.00   24.51    0.00    0.98   20.59    0.00    0.00    0.00   53.92
12:42:11 AM    3    0.00    0.00   24.51    0.00    0.98   22.55    0.00    0.00    0.00   51.96
12:42:11 AM    4    0.00    0.00    0.00    0.00    0.00    0.00    0.00    0.00    0.00  100.00
12:42:11 AM    5    0.00    0.00   12.12    0.00    0.00   27.27    0.00    0.00    0.00   60.61
12:42:11 AM    6    0.00    0.00    0.00    0.00    0.00    0.00    0.00    0.00    0.00  100.00
12:42:11 AM    7    0.00    0.00    6.00    0.00    0.00   35.00    0.00    0.00    0.00   59.00

12:42:11 AM  CPU    %usr   %nice    %sys %iowait    %irq   %soft  %steal  %guest  %gnice   %idle
12:42:12 AM  all    0.25    0.00   32.88    0.00    0.12   14.52    0.00    0.00    0.00   52.23
12:42:12 AM    0    0.99    0.00   93.07    0.00    0.99    3.96    0.00    0.00    0.00    0.99
12:42:12 AM    1    1.01    0.00   94.95    0.00    0.00    3.03    0.00    0.00    0.00    1.01
12:42:12 AM    2    0.00    0.00   28.43    0.00    0.00   21.57    0.00    0.00    0.00   50.00
12:42:12 AM    3    0.00    0.00   30.39    0.00    0.00   20.59    0.00    0.00    0.00   49.02
12:42:12 AM    4    0.00    0.00    0.00    0.00    0.00    0.00    0.00    0.00    0.00  100.00
12:42:12 AM    5    0.00    0.00   11.76    0.00    0.00   32.35    0.00    0.00    0.00   55.88
12:42:12 AM    6    0.00    0.00    0.00    0.00    0.00    0.00    0.00    0.00    0.00  100.00
12:42:12 AM    7    0.00    0.00    5.00    0.00    0.00   34.00    0.00    0.00    0.00   61.00

12:42:12 AM  CPU    %usr   %nice    %sys %iowait    %irq   %soft  %steal  %guest  %gnice   %idle
12:42:13 AM  all    0.25    0.00   30.22    0.00    0.50   14.93    0.00    0.00    0.00   54.10
12:42:13 AM    0    1.01    0.00   91.92    0.00    0.00    5.05    0.00    0.00    0.00    2.02
12:42:13 AM    1    1.01    0.00   90.91    0.00    1.01    5.05    0.00    0.00    0.00    2.02
12:42:13 AM    2    0.00    0.00   21.78    0.00    0.00   24.75    0.00    0.00    0.00   53.47
12:42:13 AM    3    0.00    0.00   26.47    0.00    0.98   19.61    0.00    0.00    0.00   52.94
12:42:13 AM    4    0.00    0.00    0.00    0.00    0.98    0.98    0.00    0.00    0.00   98.04
12:42:13 AM    5    0.00    0.00    8.91    0.00    0.99   29.70    0.00    0.00    0.00   60.40
12:42:13 AM    6    0.00    0.00    0.00    0.00    0.00    0.00    0.00    0.00    0.00  100.00
12:42:13 AM    7    0.00    0.00    4.00    0.00    0.00   34.00    0.00    0.00    0.00   62.00

12:42:13 AM  CPU    %usr   %nice    %sys %iowait    %irq   %soft  %steal  %guest  %gnice   %idle
12:42:14 AM  all    0.62    0.00   32.80    0.00    0.37   13.93    0.00    0.00    0.00   52.28
12:42:14 AM    0    2.91    0.00   90.29    0.00    0.97    3.88    0.00    0.00    0.00    1.94
12:42:14 AM    1    1.98    0.00   92.08    0.00    0.00    3.96    0.00    0.00    0.00    1.98
12:42:14 AM    2    0.00    0.00   28.85    0.00    0.96   22.12    0.00    0.00    0.00   48.08
12:42:14 AM    3    0.00    0.00   31.68    0.00    0.00   19.80    0.00    0.00    0.00   48.51
12:42:14 AM    4    0.00    0.00    0.00    0.00    0.00    0.00    0.00    0.00    0.00  100.00
12:42:14 AM    5    0.00    0.00   12.00    0.00    0.00   30.00    0.00    0.00    0.00   58.00
12:42:14 AM    6    0.00    0.00    0.00    0.00    0.00    0.00    0.00    0.00    0.00  100.00
12:42:14 AM    7    0.00    0.00    5.94    0.00    0.99   31.68    0.00    0.00    0.00   61.39

12:42:14 AM  CPU    %usr   %nice    %sys %iowait    %irq   %soft  %steal  %guest  %gnice   %idle
12:42:15 AM  all    0.25    0.00   32.46    0.00    0.12   14.36    0.00    0.00    0.00   52.81
12:42:15 AM    0    1.02    0.00   93.88    0.00    0.00    4.08    0.00    0.00    0.00    1.02
12:42:15 AM    1    1.00    0.00   92.00    0.00    1.00    4.00    0.00    0.00    0.00    2.00
12:42:15 AM    2    0.00    0.00   30.00    0.00    0.00   23.00    0.00    0.00    0.00   47.00
12:42:15 AM    3    0.00    0.00   29.70    0.00    0.00   19.80    0.00    0.00    0.00   50.50
12:42:15 AM    4    0.00    0.00    0.00    0.00    0.00    0.00    0.00    0.00    0.00  100.00
12:42:15 AM    5    0.00    0.00   10.00    0.00    0.00   30.00    0.00    0.00    0.00   60.00
12:42:15 AM    6    0.00    0.00    0.00    0.00    0.00    0.00    0.00    0.00    0.00  100.00
12:42:15 AM    7    0.00    0.00    5.88    0.00    0.00   33.33    0.00    0.00    0.00   60.78

12:42:15 AM  CPU    %usr   %nice    %sys %iowait    %irq   %soft  %steal  %guest  %gnice   %idle
12:42:16 AM  all    0.37    0.00   30.81    0.00    0.37   14.91    0.00    0.00    0.00   53.54
12:42:16 AM    0    1.98    0.00   91.09    0.00    0.99    3.96    0.00    0.00    0.00    1.98
12:42:16 AM    1    1.02    0.00   92.86    0.00    0.00    4.08    0.00    0.00    0.00    2.04
12:42:16 AM    2    0.00    0.00   23.30    0.00    0.97   23.30    0.00    0.00    0.00   52.43
12:42:16 AM    3    0.00    0.00   28.85    0.00    0.96   23.08    0.00    0.00    0.00   47.12
12:42:16 AM    4    0.00    0.00    0.00    0.00    0.00    0.00    0.00    0.00    0.00  100.00
12:42:16 AM    5    0.00    0.00    8.00    0.00    0.00   30.00    0.00    0.00    0.00   62.00
12:42:16 AM    6    0.00    0.00    0.00    0.00    0.00    0.00    0.00    0.00    0.00  100.00
12:42:16 AM    7    0.00    0.00    3.03    0.00    0.00   34.34    0.00    0.00    0.00   62.63

12:42:16 AM  CPU    %usr   %nice    %sys %iowait    %irq   %soft  %steal  %guest  %gnice   %idle
12:42:17 AM  all    0.25    0.00   30.88    0.00    0.12   13.50    0.00    0.00    0.00   55.25
12:42:17 AM    0    1.01    0.00   86.87    0.00    0.00    4.04    0.00    0.00    0.00    8.08
12:42:17 AM    1    1.00    0.00   87.00    0.00    0.00    4.00    0.00    0.00    0.00    8.00
12:42:17 AM    2    0.00    0.00   19.80    0.00    0.99   22.77    0.00    0.00    0.00   56.44
12:42:17 AM    3    0.00    0.00   28.71    0.00    0.00   21.78    0.00    0.00    0.00   49.50
12:42:17 AM    4    0.00    0.00    0.00    0.00    0.00    0.00    0.00    0.00    0.00  100.00
12:42:17 AM    5    0.00    0.00   19.00    0.00    0.00   28.00    0.00    0.00    0.00   53.00
12:42:17 AM    6    0.00    0.00    0.00    0.00    0.00    0.00    0.00    0.00    0.00  100.00
12:42:17 AM    7    0.00    0.00    6.00    0.00    0.00   27.00    0.00    0.00    0.00   67.00

12:42:17 AM  CPU    %usr   %nice    %sys %iowait    %irq   %soft  %steal  %guest  %gnice   %idle
12:42:18 AM  all    0.25    0.00   33.67    0.00    0.37   13.34    0.00    0.00    0.00   52.37
12:42:18 AM    0    1.01    0.00   93.94    0.00    1.01    3.03    0.00    0.00    0.00    1.01
12:42:18 AM    1    1.00    0.00   93.00    0.00    1.00    4.00    0.00    0.00    0.00    1.00
12:42:18 AM    2    0.00    0.00   27.72    0.00    0.00   20.79    0.00    0.00    0.00   51.49
12:42:18 AM    3    0.00    0.00   35.64    0.00    0.99   17.82    0.00    0.00    0.00   45.54
12:42:18 AM    4    0.00    0.00    0.00    0.00    0.00    0.00    0.00    0.00    0.00  100.00
12:42:18 AM    5    0.00    0.00   12.87    0.00    0.00   28.71    0.00    0.00    0.00   58.42
12:42:18 AM    6    0.00    0.00    0.00    0.00    0.00    0.00    0.00    0.00    0.00  100.00
12:42:18 AM    7    0.00    0.00    7.00    0.00    0.00   32.00    0.00    0.00    0.00   61.00

12:42:18 AM  CPU    %usr   %nice    %sys %iowait    %irq   %soft  %steal  %guest  %gnice   %idle
12:42:19 AM  all    0.37    0.00   33.33    0.00    0.12   13.88    0.00    0.00    0.00   52.29
12:42:19 AM    0    1.98    0.00   92.08    0.00    0.00    3.96    0.00    0.00    0.00    1.98
12:42:19 AM    1    1.00    0.00   93.00    0.00    0.00    4.00    0.00    0.00    0.00    2.00
12:42:19 AM    2    0.00    0.00   28.16    0.00    0.00   22.33    0.00    0.00    0.00   49.51
12:42:19 AM    3    0.00    0.00   31.68    0.00    0.00   20.79    0.00    0.00    0.00   47.52
12:42:19 AM    4    0.00    0.00    0.00    0.00    0.00    0.00    0.00    0.00    0.00  100.00
12:42:19 AM    5    0.00    0.00   15.15    0.00    0.00   26.26    0.00    0.00    0.00   58.59
12:42:19 AM    6    0.00    0.00    0.00    0.00    0.00    0.00    0.00    0.00    0.00  100.00
12:42:19 AM    7    0.00    0.00    6.80    0.00    0.97   33.01    0.00    0.00    0.00   59.22

12:42:19 AM  CPU    %usr   %nice    %sys %iowait    %irq   %soft  %steal  %guest  %gnice   %idle
12:42:20 AM  all    0.25    0.00   30.72    0.00    0.62   14.68    0.00    0.00    0.00   53.73
12:42:20 AM    0    1.01    0.00   90.91    0.00    1.01    4.04    0.00    0.00    0.00    3.03
12:42:20 AM    1    1.00    0.00   91.00    0.00    1.00    4.00    0.00    0.00    0.00    3.00
12:42:20 AM    2    0.00    0.00   24.27    0.00    0.97   22.33    0.00    0.00    0.00   52.43
12:42:20 AM    3    0.00    0.00   25.49    0.00    0.98   21.57    0.00    0.00    0.00   51.96
12:42:20 AM    4    0.00    0.00    0.00    0.00    0.00    0.00    0.00    0.00    0.00  100.00
12:42:20 AM    5    0.00    0.00   10.89    0.00    0.99   29.70    0.00    0.00    0.00   58.42
12:42:20 AM    6    0.00    0.00    0.00    0.00    0.00    0.00    0.00    0.00    0.00  100.00
12:42:20 AM    7    0.00    0.00    4.04    0.00    0.00   35.35    0.00    0.00    0.00   60.61

12:42:20 AM  CPU    %usr   %nice    %sys %iowait    %irq   %soft  %steal  %guest  %gnice   %idle
12:42:21 AM  all    0.50    0.00   32.88    0.00    0.00   13.20    0.00    0.00    0.00   53.42
12:42:21 AM    0    2.00    0.00   92.00    0.00    0.00    3.00    0.00    0.00    0.00    3.00
12:42:21 AM    1    2.00    0.00   91.00    0.00    0.00    3.00    0.00    0.00    0.00    4.00
12:42:21 AM    2    0.00    0.00   30.69    0.00    0.00   22.77    0.00    0.00    0.00   46.53
12:42:21 AM    3    0.00    0.00   30.69    0.00    0.00   17.82    0.00    0.00    0.00   51.49
12:42:21 AM    4    0.00    0.00    0.00    0.00    0.00    0.00    0.00    0.00    0.00  100.00
12:42:21 AM    5    0.00    0.00   11.88    0.00    0.00   28.71    0.00    0.00    0.00   59.41
12:42:21 AM    6    0.00    0.00    0.00    0.00    0.00    0.00    0.00    0.00    0.00  100.00
12:42:21 AM    7    0.00    0.00    7.00    0.00    0.00   30.00    0.00    0.00    0.00   63.00

12:42:21 AM  CPU    %usr   %nice    %sys %iowait    %irq   %soft  %steal  %guest  %gnice   %idle
12:42:22 AM  all    0.12    0.00   32.38    0.00    0.62   14.76    0.00    0.00    0.00   52.11
12:42:22 AM    0    1.00    0.00   94.00    0.00    1.00    4.00    0.00    0.00    0.00    0.00
12:42:22 AM    1    0.00    0.00   92.93    0.00    1.01    5.05    0.00    0.00    0.00    1.01
12:42:22 AM    2    0.00    0.00   23.30    0.00    0.97   23.30    0.00    0.00    0.00   52.43
12:42:22 AM    3    0.00    0.00   34.31    0.00    0.98   20.59    0.00    0.00    0.00   44.12
12:42:22 AM    4    0.00    0.00    0.00    0.00    0.99    0.00    0.00    0.00    0.00   99.01
12:42:22 AM    5    0.00    0.00   10.00    0.00    0.00   31.00    0.00    0.00    0.00   59.00
12:42:22 AM    6    0.00    0.00    0.00    0.00    0.00    0.00    0.00    0.00    0.00  100.00
12:42:22 AM    7    0.00    0.00    5.94    0.00    0.00   33.66    0.00    0.00    0.00   60.40

12:42:22 AM  CPU    %usr   %nice    %sys %iowait    %irq   %soft  %steal  %guest  %gnice   %idle
12:42:23 AM  all    0.38    0.00   32.75    0.00    0.00   13.25    0.00    0.00    0.00   53.62
12:42:23 AM    0    1.01    0.00   92.93    0.00    0.00    3.03    0.00    0.00    0.00    3.03
12:42:23 AM    1    2.02    0.00   89.90    0.00    0.00    3.03    0.00    0.00    0.00    5.05
12:42:23 AM    2    0.00    0.00   29.70    0.00    0.00   20.79    0.00    0.00    0.00   49.50
12:42:23 AM    3    0.00    0.00   31.68    0.00    0.00   20.79    0.00    0.00    0.00   47.52
12:42:23 AM    4    0.00    0.00    0.00    0.00    0.00    0.00    0.00    0.00    0.00  100.00
12:42:23 AM    5    0.00    0.00   13.00    0.00    0.00   27.00    0.00    0.00    0.00   60.00
12:42:23 AM    6    0.00    0.00    0.00    0.00    0.00    0.00    0.00    0.00    0.00  100.00
12:42:23 AM    7    0.00    0.00    6.00    0.00    0.00   31.00    0.00    0.00    0.00   63.00

12:42:23 AM  CPU    %usr   %nice    %sys %iowait    %irq   %soft  %steal  %guest  %gnice   %idle
12:42:24 AM  all    0.37    0.00   31.35    0.00    0.50   14.37    0.00    0.00    0.00   53.41
12:42:24 AM    0    1.98    0.00   89.11    0.00    0.99    3.96    0.00    0.00    0.00    3.96
12:42:24 AM    1    1.00    0.00   91.00    0.00    1.00    4.00    0.00    0.00    0.00    3.00
12:42:24 AM    2    0.00    0.00   28.71    0.00    0.99   21.78    0.00    0.00    0.00   48.51
12:42:24 AM    3    0.00    0.00   29.13    0.00    0.97   21.36    0.00    0.00    0.00   48.54
12:42:24 AM    4    0.00    0.00    0.00    0.00    0.00    1.00    0.00    0.00    0.00   99.00
12:42:24 AM    5    0.00    0.00    8.91    0.00    0.00   29.70    0.00    0.00    0.00   61.39
12:42:24 AM    6    0.00    0.00    0.00    0.00    0.00    0.00    0.00    0.00    0.00  100.00
12:42:24 AM    7    0.00    0.00    3.96    0.00    0.00   32.67    0.00    0.00    0.00   63.37

12:42:24 AM  CPU    %usr   %nice    %sys %iowait    %irq   %soft  %steal  %guest  %gnice   %idle
12:42:25 AM  all    0.25    0.00   29.39    0.00    0.12   15.69    0.00    0.00    0.00   54.55
12:42:25 AM    0    0.00    0.00   90.91    0.00    0.00    5.05    0.00    0.00    0.00    4.04
12:42:25 AM    1    2.00    0.00   90.00    0.00    0.00    5.00    0.00    0.00    0.00    3.00
12:42:25 AM    2    0.00    0.00   18.63    0.00    0.00   25.49    0.00    0.00    0.00   55.88
12:42:25 AM    3    0.00    0.00   19.42    0.00    0.00   26.21    0.00    0.00    0.00   54.37
12:42:25 AM    4    0.00    0.00    0.00    0.00    0.00    0.00    0.00    0.00    0.00  100.00
12:42:25 AM    5    0.00    0.00   13.13    0.00    0.00   33.33    0.00    0.00    0.00   53.54
12:42:25 AM    6    0.00    0.00    0.00    0.00    0.00    0.00    0.00    0.00    0.00  100.00
12:42:25 AM    7    0.00    0.00    4.00    0.00    1.00   30.00    0.00    0.00    0.00   65.00

12:42:25 AM  CPU    %usr   %nice    %sys %iowait    %irq   %soft  %steal  %guest  %gnice   %idle
12:42:26 AM  all    0.25    0.00   28.47    0.00    0.50   15.97    0.00    0.00    0.00   54.83
12:42:26 AM    0    1.00    0.00   89.00    0.00    1.00    4.00    0.00    0.00    0.00    5.00
12:42:26 AM    1    0.99    0.00   89.11    0.00    0.99    4.95    0.00    0.00    0.00    3.96
12:42:26 AM    2    0.00    0.00   16.50    0.00    0.97   27.18    0.00    0.00    0.00   55.34
12:42:26 AM    3    0.00    0.00   20.39    0.00    0.97   26.21    0.00    0.00    0.00   52.43
12:42:26 AM    4    0.00    0.00    0.00    0.00    0.00    0.00    0.00    0.00    0.00  100.00
12:42:26 AM    5    0.00    0.00    8.91    0.00    0.00   29.70    0.00    0.00    0.00   61.39
12:42:26 AM    6    0.00    0.00    0.00    0.00    0.00    0.00    0.00    0.00    0.00  100.00
12:42:26 AM    7    0.00    0.00    4.00    0.00    0.00   35.00    0.00    0.00    0.00   61.00

12:42:26 AM  CPU    %usr   %nice    %sys %iowait    %irq   %soft  %steal  %guest  %gnice   %idle
12:42:27 AM  all    0.37    0.00   28.23    0.00    0.25   16.29    0.00    0.00    0.00   54.85
12:42:27 AM    0    2.00    0.00   88.00    0.00    0.00    5.00    0.00    0.00    0.00    5.00
12:42:27 AM    1    1.02    0.00   89.80    0.00    0.00    4.08    0.00    0.00    0.00    5.10
12:42:27 AM    2    0.00    0.00   18.63    0.00    0.98   28.43    0.00    0.00    0.00   51.96
12:42:27 AM    3    0.00    0.00   19.42    0.00    0.00   28.16    0.00    0.00    0.00   52.43
12:42:27 AM    4    0.00    0.00    0.00    0.00    0.00    0.00    0.00    0.00    0.00  100.00
12:42:27 AM    5    0.00    0.00    8.91    0.00    0.99   29.70    0.00    0.00    0.00   60.40
12:42:27 AM    6    0.00    0.00    0.00    0.00    0.00    0.00    0.00    0.00    0.00  100.00
12:42:27 AM    7    0.00    0.00    3.00    0.00    0.00   34.00    0.00    0.00    0.00   63.00

12:42:27 AM  CPU    %usr   %nice    %sys %iowait    %irq   %soft  %steal  %guest  %gnice   %idle
12:42:28 AM  all    0.50    0.00   29.40    0.00    0.37   16.00    0.00    0.00    0.00   53.72
12:42:28 AM    0    2.04    0.00   91.84    0.00    1.02    5.10    0.00    0.00    0.00    0.00
12:42:28 AM    1    1.96    0.00   91.18    0.00    0.98    4.90    0.00    0.00    0.00    0.98
12:42:28 AM    2    0.00    0.00   18.63    0.00    0.00   24.51    0.00    0.00    0.00   56.86
12:42:28 AM    3    0.00    0.00   18.45    0.00    0.97   25.24    0.00    0.00    0.00   55.34
12:42:28 AM    4    0.00    0.00    0.00    0.00    0.00    0.00    0.00    0.00    0.00  100.00
12:42:28 AM    5    0.00    0.00   10.89    0.00    0.00   27.72    0.00    0.00    0.00   61.39
12:42:28 AM    6    0.00    0.00    0.00    0.00    0.00    0.00    0.00    0.00    0.00  100.00
12:42:28 AM    7    0.00    0.00    5.00    0.00    0.00   40.00    0.00    0.00    0.00   55.00

12:42:28 AM  CPU    %usr   %nice    %sys %iowait    %irq   %soft  %steal  %guest  %gnice   %idle
12:42:29 AM  all    0.37    0.00   30.31    0.00    0.12   15.40    0.00    0.00    0.00   53.79
12:42:29 AM    0    0.99    0.00   90.10    0.00    0.00    4.95    0.00    0.00    0.00    3.96
12:42:29 AM    1    2.00    0.00   91.00    0.00    0.00    4.00    0.00    0.00    0.00    3.00
12:42:29 AM    2    0.00    0.00   20.59    0.00    0.98   23.53    0.00    0.00    0.00   54.90
12:42:29 AM    3    0.00    0.00   21.78    0.00    0.00   23.76    0.00    0.00    0.00   54.46
12:42:29 AM    4    0.00    0.00    0.00    0.00    0.00    0.00    0.00    0.00    0.00  100.00
12:42:29 AM    5    0.00    0.00   12.00    0.00    0.00   30.00    0.00    0.00    0.00   58.00
12:42:29 AM    6    0.00    0.00    0.00    0.00    0.00    0.00    0.00    0.00    0.00  100.00
12:42:29 AM    7    0.00    0.00    7.00    0.00    0.00   37.00    0.00    0.00    0.00   56.00

12:42:29 AM  CPU    %usr   %nice    %sys %iowait    %irq   %soft  %steal  %guest  %gnice   %idle
12:42:30 AM  all    0.37    0.00   30.40    0.00    0.37   15.01    0.00    0.00    0.00   53.85
12:42:30 AM    0    2.02    0.00   90.91    0.00    1.01    4.04    0.00    0.00    0.00    2.02
12:42:30 AM    1    1.00    0.00   90.00    0.00    1.00    4.00    0.00    0.00    0.00    4.00
12:42:30 AM    2    0.00    0.00   24.51    0.00    0.00   23.53    0.00    0.00    0.00   51.96
12:42:30 AM    3    0.00    0.00   26.21    0.00    0.97   22.33    0.00    0.00    0.00   50.49
12:42:30 AM    4    0.00    0.00    0.00    0.00    0.00    0.00    0.00    0.00    0.00  100.00
12:42:30 AM    5    0.00    0.00    7.92    0.00    0.00   27.72    0.00    0.00    0.00   64.36
12:42:30 AM    6    0.00    0.00    0.00    0.00    0.00    0.00    0.00    0.00    0.00  100.00
12:42:30 AM    7    0.00    0.00    4.95    0.00    0.00   37.62    0.00    0.00    0.00   57.43

12:42:30 AM  CPU    %usr   %nice    %sys %iowait    %irq   %soft  %steal  %guest  %gnice   %idle
12:42:31 AM  all    0.38    0.00   34.75    0.00    0.25   12.38    0.00    0.00    0.00   52.25
12:42:31 AM    0    2.02    0.00   90.91    0.00    0.00    3.03    0.00    0.00    0.00    4.04
12:42:31 AM    1    1.00    0.00   93.00    0.00    0.00    3.00    0.00    0.00    0.00    3.00
12:42:31 AM    2    0.00    0.00   29.70    0.00    0.99   18.81    0.00    0.00    0.00   50.50
12:42:31 AM    3    0.00    0.00   36.63    0.00    0.00   18.81    0.00    0.00    0.00   44.55
12:42:31 AM    4    0.00    0.00    0.00    0.00    0.00    0.00    0.00    0.00    0.00  100.00
12:42:31 AM    5    0.00    0.00   19.19    0.00    0.00   26.26    0.00    0.00    0.00   54.55
12:42:31 AM    6    0.00    0.00    0.00    0.00    0.00    0.00    0.00    0.00    0.00  100.00
12:42:31 AM    7    0.00    0.00    8.91    0.00    0.99   28.71    0.00    0.00    0.00   61.39

12:42:31 AM  CPU    %usr   %nice    %sys %iowait    %irq   %soft  %steal  %guest  %gnice   %idle
12:42:32 AM  all    0.25    0.00   33.33    0.00    0.50   13.06    0.00    0.00    0.00   52.86
12:42:32 AM    0    0.99    0.00   91.09    0.00    0.99    2.97    0.00    0.00    0.00    3.96
12:42:32 AM    1    1.01    0.00   91.92    0.00    1.01    3.03    0.00    0.00    0.00    3.03
12:42:32 AM    2    0.00    0.00   27.72    0.00    0.00   20.79    0.00    0.00    0.00   51.49
12:42:32 AM    3    0.00    0.00   31.37    0.00    0.98   20.59    0.00    0.00    0.00   47.06
12:42:32 AM    4    0.00    0.00    0.00    0.00    0.99    0.00    0.00    0.00    0.00   99.01
12:42:32 AM    5    0.00    0.00   16.00    0.00    0.00   22.00    0.00    0.00    0.00   62.00
12:42:32 AM    6    0.00    0.00    0.00    0.00    0.00    0.00    0.00    0.00    0.00  100.00
12:42:32 AM    7    0.00    0.00    9.00    0.00    0.00   35.00    0.00    0.00    0.00   56.00

12:42:32 AM  CPU    %usr   %nice    %sys %iowait    %irq   %soft  %steal  %guest  %gnice   %idle
12:42:33 AM  all    0.50    0.00   34.46    0.00    0.12   12.98    0.00    0.00    0.00   51.94
12:42:33 AM    0    2.04    0.00   94.90    0.00    0.00    2.04    0.00    0.00    0.00    1.02
12:42:33 AM    1    2.00    0.00   93.00    0.00    0.00    3.00    0.00    0.00    0.00    2.00
12:42:33 AM    2    0.00    0.00   29.70    0.00    0.99   17.82    0.00    0.00    0.00   51.49
12:42:33 AM    3    0.00    0.00   29.41    0.00    0.00   21.57    0.00    0.00    0.00   49.02
12:42:33 AM    4    0.00    0.00    0.00    0.00    0.00    0.00    0.00    0.00    0.00  100.00
12:42:33 AM    5    0.00    0.00   18.00    0.00    0.00   25.00    0.00    0.00    0.00   57.00
12:42:33 AM    6    0.00    0.00    0.00    0.00    0.00    0.00    0.00    0.00    0.00  100.00
12:42:33 AM    7    0.00    0.00   12.00    0.00    0.00   34.00    0.00    0.00    0.00   54.00

12:42:33 AM  CPU    %usr   %nice    %sys %iowait    %irq   %soft  %steal  %guest  %gnice   %idle
12:42:34 AM  all    0.37    0.00   35.07    0.00    0.37   12.44    0.00    0.00    0.00   51.74
12:42:34 AM    0    1.98    0.00   93.07    0.00    0.99    1.98    0.00    0.00    0.00    1.98
12:42:34 AM    1    1.02    0.00   94.90    0.00    0.00    3.06    0.00    0.00    0.00    1.02
12:42:34 AM    2    0.00    0.00   28.43    0.00    0.00   22.55    0.00    0.00    0.00   49.02
12:42:34 AM    3    0.00    0.00   34.31    0.00    0.98   17.65    0.00    0.00    0.00   47.06
12:42:34 AM    4    0.00    0.00    0.00    0.00    0.00    0.00    0.00    0.00    0.00  100.00
12:42:34 AM    5    0.00    0.00   20.79    0.00    0.99   23.76    0.00    0.00    0.00   54.46
12:42:34 AM    6    0.00    0.00    0.00    0.00    0.00    0.00    0.00    0.00    0.00  100.00
12:42:34 AM    7    0.00    0.00   10.00    0.00    0.00   30.00    0.00    0.00    0.00   60.00

12:42:34 AM  CPU    %usr   %nice    %sys %iowait    %irq   %soft  %steal  %guest  %gnice   %idle
12:42:35 AM  all    0.37    0.00   35.32    0.00    0.25   12.27    0.00    0.00    0.00   51.80
12:42:35 AM    0    1.98    0.00   92.08    0.00    0.00    2.97    0.00    0.00    0.00    2.97
12:42:35 AM    1    1.00    0.00   91.00    0.00    1.00    3.00    0.00    0.00    0.00    4.00
12:42:35 AM    2    0.00    0.00   35.92    0.00    0.97   18.45    0.00    0.00    0.00   44.66
12:42:35 AM    3    0.00    0.00   32.67    0.00    0.00   19.80    0.00    0.00    0.00   47.52
12:42:35 AM    4    0.00    0.00    0.00    0.00    0.00    0.99    0.00    0.00    0.00   99.01
12:42:35 AM    5    0.00    0.00   21.00    0.00    0.00   22.00    0.00    0.00    0.00   57.00
12:42:35 AM    6    0.00    0.00    0.00    0.00    0.00    0.00    0.00    0.00    0.00  100.00
12:42:35 AM    7    0.00    0.00    9.90    0.00    0.00   30.69    0.00    0.00    0.00   59.41

12:42:35 AM  CPU    %usr   %nice    %sys %iowait    %irq   %soft  %steal  %guest  %gnice   %idle
12:42:36 AM  all    0.38    0.00   33.67    0.00    0.13   12.52    0.00    0.00    0.00   53.32
12:42:36 AM    0    1.02    0.00   92.86    0.00    0.00    2.04    0.00    0.00    0.00    4.08
12:42:36 AM    1    2.00    0.00   90.00    0.00    0.00    3.00    0.00    0.00    0.00    5.00
12:42:36 AM    2    0.00    0.00   32.00    0.00    0.00   20.00    0.00    0.00    0.00   48.00
12:42:36 AM    3    0.00    0.00   30.00    0.00    0.00   21.00    0.00    0.00    0.00   49.00
12:42:36 AM    4    0.00    0.00    0.00    0.00    0.00    0.00    0.00    0.00    0.00  100.00
12:42:36 AM    5    0.00    0.00   16.83    0.00    0.00   24.75    0.00    0.00    0.00   58.42
12:42:36 AM    6    0.00    0.00    0.00    0.00    0.00    0.00    0.00    0.00    0.00  100.00
12:42:36 AM    7    0.00    0.00    8.91    0.00    0.99   28.71    0.00    0.00    0.00   61.39

12:42:36 AM  CPU    %usr   %nice    %sys %iowait    %irq   %soft  %steal  %guest  %gnice   %idle
12:42:37 AM  all    0.37    0.00   34.08    0.00    0.50   12.64    0.00    0.00    0.00   52.42
12:42:37 AM    0    1.00    0.00   91.00    0.00    1.00    3.00    0.00    0.00    0.00    4.00
12:42:37 AM    1    1.98    0.00   90.10    0.00    0.99    3.96    0.00    0.00    0.00    2.97
12:42:37 AM    2    0.00    0.00   30.39    0.00    0.98   19.61    0.00    0.00    0.00   49.02
12:42:37 AM    3    0.00    0.00   36.89    0.00    0.97   20.39    0.00    0.00    0.00   41.75
12:42:37 AM    4    0.00    0.00    0.00    0.00    0.00    0.00    0.00    0.00    0.00  100.00
12:42:37 AM    5    0.00    0.00   16.00    0.00    0.00   25.00    0.00    0.00    0.00   59.00
12:42:37 AM    6    0.00    0.00    0.00    0.00    0.00    0.00    0.00    0.00    0.00  100.00
12:42:37 AM    7    0.00    0.00    8.00    0.00    0.00   29.00    0.00    0.00    0.00   63.00

12:42:37 AM  CPU    %usr   %nice    %sys %iowait    %irq   %soft  %steal  %guest  %gnice   %idle
12:42:38 AM  all    0.37    0.00   33.08    0.00    0.00   13.06    0.00    0.00    0.00   53.48
12:42:38 AM    0    1.00    0.00   91.00    0.00    0.00    4.00    0.00    0.00    0.00    4.00
12:42:38 AM    1    2.02    0.00   90.91    0.00    0.00    3.03    0.00    0.00    0.00    4.04
12:42:38 AM    2    0.00    0.00   27.72    0.00    0.00   19.80    0.00    0.00    0.00   52.48
12:42:38 AM    3    0.00    0.00   31.37    0.00    0.00   19.61    0.00    0.00    0.00   49.02
12:42:38 AM    4    0.00    0.00    0.00    0.00    0.00    0.00    0.00    0.00    0.00  100.00
12:42:38 AM    5    0.00    0.00   14.00    0.00    0.00   30.00    0.00    0.00    0.00   56.00
12:42:38 AM    6    0.00    0.00    0.00    0.00    0.00    0.00    0.00    0.00    0.00  100.00
12:42:38 AM    7    0.00    0.00   10.89    0.00    0.00   27.72    0.00    0.00    0.00   61.39

12:42:38 AM  CPU    %usr   %nice    %sys %iowait    %irq   %soft  %steal  %guest  %gnice   %idle
12:42:39 AM  all    0.12    0.00   29.40    0.00    0.50   15.51    0.00    0.00    0.00   54.47
12:42:39 AM    0    1.00    0.00   90.00    0.00    1.00    5.00    0.00    0.00    0.00    3.00
12:42:39 AM    1    0.00    0.00   89.11    0.00    0.99    4.95    0.00    0.00    0.00    4.95
12:42:39 AM    2    0.00    0.00   20.59    0.00    0.98   23.53    0.00    0.00    0.00   54.90
12:42:39 AM    3    0.00    0.00   24.51    0.00    0.98   20.59    0.00    0.00    0.00   53.92
12:42:39 AM    4    0.00    0.00    0.00    0.00    0.00    0.00    0.00    0.00    0.00  100.00
12:42:39 AM    5    0.00    0.00    6.00    0.00    0.00   34.00    0.00    0.00    0.00   60.00
12:42:39 AM    6    0.00    0.00    0.00    0.00    0.00    0.00    0.00    0.00    0.00  100.00
12:42:39 AM    7    0.00    0.00    4.95    0.00    0.00   35.64    0.00    0.00    0.00   59.41

12:42:39 AM  CPU    %usr   %nice    %sys %iowait    %irq   %soft  %steal  %guest  %gnice   %idle
12:42:40 AM  all    0.50    0.00   29.64    0.00    0.12   15.32    0.00    0.00    0.00   54.42
12:42:40 AM    0    2.02    0.00   89.90    0.00    0.00    5.05    0.00    0.00    0.00    3.03
12:42:40 AM    1    1.98    0.00   90.10    0.00    0.00    4.95    0.00    0.00    0.00    2.97
12:42:40 AM    2    0.00    0.00   20.39    0.00    0.97   24.27    0.00    0.00    0.00   54.37
12:42:40 AM    3    0.00    0.00   27.00    0.00    0.00   24.00    0.00    0.00    0.00   49.00
12:42:40 AM    4    0.00    0.00    0.00    0.00    0.00    0.00    0.00    0.00    0.00  100.00
12:42:40 AM    5    0.00    0.00    7.92    0.00    0.00   29.70    0.00    0.00    0.00   62.38
12:42:40 AM    6    0.00    0.00    0.00    0.00    0.00    0.00    0.00    0.00    0.00  100.00
12:42:40 AM    7    0.00    0.00    2.02    0.00    0.00   34.34    0.00    0.00    0.00   63.64

12:42:40 AM  CPU    %usr   %nice    %sys %iowait    %irq   %soft  %steal  %guest  %gnice   %idle
12:42:41 AM  all    0.37    0.00   33.79    0.00    0.50   13.09    0.00    0.00    0.00   52.24
12:42:41 AM    0    1.98    0.00   91.09    0.00    0.99    2.97    0.00    0.00    0.00    2.97
12:42:41 AM    1    1.01    0.00   90.91    0.00    1.01    3.03    0.00    0.00    0.00    4.04
12:42:41 AM    2    0.00    0.00   24.00    0.00    0.00   23.00    0.00    0.00    0.00   53.00
12:42:41 AM    3    0.00    0.00   39.81    0.00    0.97   19.42    0.00    0.00    0.00   39.81
12:42:41 AM    4    0.00    0.00    0.00    0.00    0.00    0.00    0.00    0.00    0.00  100.00
12:42:41 AM    5    0.00    0.00   16.00    0.00    1.00   25.00    0.00    0.00    0.00   58.00
12:42:41 AM    6    0.00    0.00    0.00    0.00    0.00    0.00    0.00    0.00    0.00  100.00
12:42:41 AM    7    0.00    0.00    8.00    0.00    0.00   31.00    0.00    0.00    0.00   61.00

12:42:41 AM  CPU    %usr   %nice    %sys %iowait    %irq   %soft  %steal  %guest  %gnice   %idle
12:42:42 AM  all    0.25    0.00   30.35    0.00    0.37   14.05    0.00    0.00    0.00   54.98
12:42:42 AM    0    1.01    0.00   89.90    0.00    0.00    3.03    0.00    0.00    0.00    6.06
12:42:42 AM    1    1.01    0.00   88.89    0.00    0.00    4.04    0.00    0.00    0.00    6.06
12:42:42 AM    2    0.00    0.00   25.49    0.00    0.98   21.57    0.00    0.00    0.00   51.96
12:42:42 AM    3    0.00    0.00   23.76    0.00    0.00   23.76    0.00    0.00    0.00   52.48
12:42:42 AM    4    0.00    0.00    0.00    0.00    0.99    0.00    0.00    0.00    0.00   99.01
12:42:42 AM    5    0.00    0.00   10.89    0.00    0.00   29.70    0.00    0.00    0.00   59.41
12:42:42 AM    6    0.00    0.00    0.00    0.00    0.00    0.00    0.00    0.00    0.00  100.00
12:42:42 AM    7    0.00    0.00    5.94    0.00    0.99   29.70    0.00    0.00    0.00   63.37

12:42:42 AM  CPU    %usr   %nice    %sys %iowait    %irq   %soft  %steal  %guest  %gnice   %idle
12:42:43 AM  all    0.25    0.00   29.16    0.00    0.50   15.63    0.00    0.00    0.00   54.47
12:42:43 AM    0    1.00    0.00   87.00    0.00    1.00    5.00    0.00    0.00    0.00    6.00
12:42:43 AM    1    1.01    0.00   88.89    0.00    1.01    4.04    0.00    0.00    0.00    5.05
12:42:43 AM    2    0.00    0.00   13.59    0.00    0.97   27.18    0.00    0.00    0.00   58.25
12:42:43 AM    3    0.00    0.00   23.08    0.00    0.96   26.92    0.00    0.00    0.00   49.04
12:42:43 AM    4    0.00    0.00    0.00    0.00    0.00    0.00    0.00    0.00    0.00  100.00
12:42:43 AM    5    0.00    0.00   15.00    0.00    0.00   28.00    0.00    0.00    0.00   57.00
12:42:43 AM    6    0.00    0.00    0.00    0.00    0.00    0.00    0.00    0.00    0.00  100.00
12:42:43 AM    7    0.00    0.00    7.00    0.00    0.00   33.00    0.00    0.00    0.00   60.00

12:42:43 AM  CPU    %usr   %nice    %sys %iowait    %irq   %soft  %steal  %guest  %gnice   %idle
12:42:44 AM  all    0.38    0.00   34.12    0.00    0.00   13.38    0.00    0.00    0.00   52.12
12:42:44 AM    0    2.02    0.00   92.93    0.00    0.00    3.03    0.00    0.00    0.00    2.02
12:42:44 AM    1    1.00    0.00   93.00    0.00    0.00    3.00    0.00    0.00    0.00    3.00
12:42:44 AM    2    0.00    0.00   28.00    0.00    0.00   21.00    0.00    0.00    0.00   51.00
12:42:44 AM    3    0.00    0.00   32.00    0.00    0.00   21.00    0.00    0.00    0.00   47.00
12:42:44 AM    4    0.00    0.00    0.00    0.00    0.00    0.00    0.00    0.00    0.00  100.00
12:42:44 AM    5    0.00    0.00   21.00    0.00    0.00   27.00    0.00    0.00    0.00   52.00
12:42:44 AM    6    0.00    0.00    0.00    0.00    0.00    0.00    0.00    0.00    0.00  100.00
12:42:44 AM    7    0.00    0.00    6.93    0.00    0.00   31.68    0.00    0.00    0.00   61.39

12:42:44 AM  CPU    %usr   %nice    %sys %iowait    %irq   %soft  %steal  %guest  %gnice   %idle
12:42:45 AM  all    0.37    0.00   29.27    0.00    0.50   15.94    0.00    0.00    0.00   53.92
12:42:45 AM    0    1.01    0.00   90.91    0.00    1.01    5.05    0.00    0.00    0.00    2.02
12:42:45 AM    1    2.00    0.00   90.00    0.00    1.00    5.00    0.00    0.00    0.00    2.00
12:42:45 AM    2    0.00    0.00   20.39    0.00    0.97   23.30    0.00    0.00    0.00   55.34
12:42:45 AM    3    0.00    0.00   18.63    0.00    0.98   23.53    0.00    0.00    0.00   56.86
12:42:45 AM    4    0.00    0.00    0.00    0.00    0.00    0.00    0.00    0.00    0.00  100.00
12:42:45 AM    5    0.00    0.00   10.00    0.00    0.00   33.00    0.00    0.00    0.00   57.00
12:42:45 AM    6    0.00    0.00    0.00    0.00    0.00    0.00    0.00    0.00    0.00  100.00
12:42:45 AM    7    0.00    0.00    5.05    0.00    0.00   37.37    0.00    0.00    0.00   57.58

12:42:45 AM  CPU    %usr   %nice    %sys %iowait    %irq   %soft  %steal  %guest  %gnice   %idle
12:42:46 AM  all    0.37    0.00   31.26    0.00    0.00   15.19    0.00    0.00    0.00   53.18
12:42:46 AM    0    2.00    0.00   92.00    0.00    0.00    5.00    0.00    0.00    0.00    1.00
12:42:46 AM    1    1.01    0.00   92.93    0.00    0.00    4.04    0.00    0.00    0.00    2.02
12:42:46 AM    2    0.00    0.00   24.75    0.00    0.00   22.77    0.00    0.00    0.00   52.48
12:42:46 AM    3    0.00    0.00   24.51    0.00    0.00   23.53    0.00    0.00    0.00   51.96
12:42:46 AM    4    0.00    0.00    0.00    0.00    0.00    0.00    0.00    0.00    0.00  100.00
12:42:46 AM    5    0.00    0.00   12.00    0.00    0.00   31.00    0.00    0.00    0.00   57.00
12:42:46 AM    6    0.00    0.00    0.00    0.00    0.00    0.00    0.00    0.00    0.00  100.00
12:42:46 AM    7    0.00    0.00    4.95    0.00    0.00   34.65    0.00    0.00    0.00   60.40

12:42:46 AM  CPU    %usr   %nice    %sys %iowait    %irq   %soft  %steal  %guest  %gnice   %idle
12:42:47 AM  all    0.25    0.00   27.85    0.12    0.74   16.34    0.00    0.00    0.00   54.70
12:42:47 AM    0    0.99    0.00   88.12    0.99    0.99    4.95    0.00    0.00    0.00    3.96
12:42:47 AM    1    1.00    0.00   89.00    0.00    1.00    5.00    0.00    0.00    0.00    4.00
12:42:47 AM    2    0.00    0.00   13.59    0.00    0.97   28.16    0.00    0.00    0.00   57.28
12:42:47 AM    3    0.00    0.00   19.61    0.00    0.98   25.49    0.00    0.00    0.00   53.92
12:42:47 AM    4    0.00    0.00    0.00    0.00    0.00    1.00    0.00    0.00    0.00   99.00
12:42:47 AM    5    0.00    0.00    7.92    0.00    0.99   32.67    0.00    0.00    0.00   58.42
12:42:47 AM    6    0.00    0.00    0.00    0.00    0.00    0.00    0.00    0.00    0.00  100.00
12:42:47 AM    7    0.00    0.00    4.95    0.00    0.99   32.67    0.00    0.00    0.00   61.39

12:42:47 AM  CPU    %usr   %nice    %sys %iowait    %irq   %soft  %steal  %guest  %gnice   %idle
12:42:48 AM  all    0.25    0.00   28.98    0.00    0.12   16.29    0.00    0.00    0.00   54.35
12:42:48 AM    0    1.01    0.00   90.91    0.00    0.00    5.05    0.00    0.00    0.00    3.03
12:42:48 AM    1    1.00    0.00   90.00    0.00    0.00    5.00    0.00    0.00    0.00    4.00
12:42:48 AM    2    0.00    0.00   19.61    0.00    0.98   26.47    0.00    0.00    0.00   52.94
12:42:48 AM    3    0.00    0.00   20.59    0.00    0.00   24.51    0.00    0.00    0.00   54.90
12:42:48 AM    4    0.00    0.00    0.00    0.00    0.00    0.00    0.00    0.00    0.00  100.00
12:42:48 AM    5    0.00    0.00    7.92    0.00    0.00   32.67    0.00    0.00    0.00   59.41
12:42:48 AM    6    0.00    0.00    0.00    0.00    0.00    0.00    0.00    0.00    0.00  100.00
12:42:48 AM    7    0.00    0.00    4.00    0.00    0.00   36.00    0.00    0.00    0.00   60.00

12:42:48 AM  CPU    %usr   %nice    %sys %iowait    %irq   %soft  %steal  %guest  %gnice   %idle
12:42:49 AM  all    0.37    0.00   30.89    0.00    0.25   14.39    0.00    0.00    0.00   54.09
12:42:49 AM    0    1.00    0.00   90.00    0.00    1.00    4.00    0.00    0.00    0.00    4.00
12:42:49 AM    1    2.00    0.00   90.00    0.00    0.00    4.00    0.00    0.00    0.00    4.00
12:42:49 AM    2    0.00    0.00   25.49    0.00    0.00   22.55    0.00    0.00    0.00   51.96
12:42:49 AM    3    0.00    0.00   30.10    0.00    0.97   21.36    0.00    0.00    0.00   47.57
12:42:49 AM    4    0.00    0.00    0.00    0.00    0.00    0.00    0.00    0.00    0.00  100.00
12:42:49 AM    5    0.00    0.00    8.00    0.00    0.00   32.00    0.00    0.00    0.00   60.00
12:42:49 AM    6    0.00    0.00    0.00    0.00    0.00    0.00    0.00    0.00    0.00  100.00
12:42:49 AM    7    0.00    0.00    4.00    0.00    0.00   31.00    0.00    0.00    0.00   65.00

12:42:49 AM  CPU    %usr   %nice    %sys %iowait    %irq   %soft  %steal  %guest  %gnice   %idle
12:42:50 AM  all    0.12    0.00   28.48    0.00    0.37   15.67    0.00    0.00    0.00   55.35
12:42:50 AM    0    0.00    0.00   88.78    0.00    0.00    5.10    0.00    0.00    0.00    6.12
12:42:50 AM    1    0.99    0.00   87.13    0.00    0.99    4.95    0.00    0.00    0.00    5.94
12:42:50 AM    2    0.00    0.00   15.69    0.00    0.98   25.49    0.00    0.00    0.00   57.84
12:42:50 AM    3    0.00    0.00   21.57    0.00    0.00   23.53    0.00    0.00    0.00   54.90
12:42:50 AM    4    0.00    0.00    0.00    0.00    0.99    0.00    0.00    0.00    0.00   99.01
12:42:50 AM    5    0.00    0.00    8.08    0.00    0.00   27.27    0.00    0.00    0.00   64.65
12:42:50 AM    6    0.00    0.00    0.00    0.00    0.00    0.00    0.00    0.00    0.00  100.00
12:42:50 AM    7    0.00    0.00    7.92    0.00    0.00   38.61    0.00    0.00    0.00   53.47

12:42:50 AM  CPU    %usr   %nice    %sys %iowait    %irq   %soft  %steal  %guest  %gnice   %idle
12:42:51 AM  all    0.37    0.00   28.98    0.00    0.25   15.30    0.00    0.00    0.00   55.10
12:42:51 AM    0    1.98    0.00   88.12    0.00    0.99    4.95    0.00    0.00    0.00    3.96
12:42:51 AM    1    1.01    0.00   88.89    0.00    0.00    5.05    0.00    0.00    0.00    5.05
12:42:51 AM    2    0.00    0.00   20.79    0.00    0.00   25.74    0.00    0.00    0.00   53.47
12:42:51 AM    3    0.00    0.00   19.61    0.00    0.98   26.47    0.00    0.00    0.00   52.94
12:42:51 AM    4    0.00    0.00    0.00    0.00    0.00    0.00    0.00    0.00    0.00  100.00
12:42:51 AM    5    0.00    0.00   10.78    0.00    0.00   26.47    0.00    0.00    0.00   62.75
12:42:51 AM    6    0.00    0.00    0.00    0.00    0.00    0.00    0.00    0.00    0.00  100.00
12:42:51 AM    7    0.00    0.00    4.04    0.00    0.00   33.33    0.00    0.00    0.00   62.63

12:42:51 AM  CPU    %usr   %nice    %sys %iowait    %irq   %soft  %steal  %guest  %gnice   %idle
12:42:52 AM  all    0.25    0.00   30.19    0.00    0.37   15.03    0.00    0.00    0.00   54.16
12:42:52 AM    0    1.01    0.00   90.91    0.00    0.00    4.04    0.00    0.00    0.00    4.04
12:42:52 AM    1    1.01    0.00   90.91    0.00    1.01    4.04    0.00    0.00    0.00    3.03
12:42:52 AM    2    0.00    0.00   22.12    0.00    0.96   24.04    0.00    0.00    0.00   52.88
12:42:52 AM    3    0.00    0.00   24.04    0.00    0.96   25.00    0.00    0.00    0.00   50.00
12:42:52 AM    4    0.00    0.00    0.00    0.00    0.00    0.00    0.00    0.00    0.00  100.00
12:42:52 AM    5    0.00    0.00   11.11    0.00    0.00   27.27    0.00    0.00    0.00   61.62
12:42:52 AM    6    0.00    0.00    0.00    0.00    0.00    0.00    0.00    0.00    0.00  100.00
12:42:52 AM    7    0.00    0.00    4.00    0.00    0.00   35.00    0.00    0.00    0.00   61.00

12:42:52 AM  CPU    %usr   %nice    %sys %iowait    %irq   %soft  %steal  %guest  %gnice   %idle
12:42:53 AM  all    0.37    0.00   29.02    0.00    0.37   14.94    0.00    0.00    0.00   55.29
12:42:53 AM    0    2.02    0.00   87.88    0.00    1.01    5.05    0.00    0.00    0.00    4.04
12:42:53 AM    1    1.01    0.00   88.89    0.00    0.00    5.05    0.00    0.00    0.00    5.05
12:42:53 AM    2    0.00    0.00   19.61    0.00    0.00   23.53    0.00    0.00    0.00   56.86
12:42:53 AM    3    0.00    0.00   23.76    0.00    0.00   23.76    0.00    0.00    0.00   52.48
12:42:53 AM    4    0.00    0.00    0.00    0.00    0.00    0.00    0.00    0.00    0.00  100.00
12:42:53 AM    5    0.00    0.00   10.00    0.00    1.00   30.00    0.00    0.00    0.00   59.00
12:42:53 AM    6    0.00    0.00    0.00    0.00    0.00    0.00    0.00    0.00    0.00  100.00
12:42:53 AM    7    0.00    0.00    3.92    0.00    0.98   31.37    0.00    0.00    0.00   63.73

12:42:53 AM  CPU    %usr   %nice    %sys %iowait    %irq   %soft  %steal  %guest  %gnice   %idle
12:42:54 AM  all    0.37    0.00   28.54    0.00    0.37   17.00    0.00    0.00    0.00   53.72
12:42:54 AM    0    1.96    0.00   90.20    0.00    0.00    5.88    0.00    0.00    0.00    1.96
12:42:54 AM    1    1.00    0.00   91.00    0.00    1.00    6.00    0.00    0.00    0.00    1.00
12:42:54 AM    2    0.00    0.00   17.48    0.00    0.97   29.13    0.00    0.00    0.00   52.43
12:42:54 AM    3    0.00    0.00   19.61    0.00    0.98   26.47    0.00    0.00    0.00   52.94
12:42:54 AM    4    0.00    0.00    0.00    0.00    0.00    0.00    0.00    0.00    0.00  100.00
12:42:54 AM    5    0.00    0.00    6.93    0.00    0.00   31.68    0.00    0.00    0.00   61.39
12:42:54 AM    6    0.00    0.00    0.00    0.00    0.00    0.00    0.00    0.00    0.00  100.00
12:42:54 AM    7    0.00    0.00    2.02    0.00    0.00   36.36    0.00    0.00    0.00   61.62

12:42:54 AM  CPU    %usr   %nice    %sys %iowait    %irq   %soft  %steal  %guest  %gnice   %idle
12:42:55 AM  all    0.25    0.00   27.61    0.00    0.12   17.04    0.00    0.00    0.00   54.98
12:42:55 AM    0    1.01    0.00   89.90    0.00    1.01    5.05    0.00    0.00    0.00    3.03
12:42:55 AM    1    1.01    0.00   89.90    0.00    0.00    5.05    0.00    0.00    0.00    4.04
12:42:55 AM    2    0.00    0.00   13.59    0.00    0.00   31.07    0.00    0.00    0.00   55.34
12:42:55 AM    3    0.00    0.00   18.63    0.00    0.00   27.45    0.00    0.00    0.00   53.92
12:42:55 AM    4    0.00    0.00    0.00    0.00    0.00    0.00    0.00    0.00    0.00  100.00
12:42:55 AM    5    0.00    0.00    7.00    0.00    0.00   31.00    0.00    0.00    0.00   62.00
12:42:55 AM    6    0.00    0.00    0.00    0.00    0.00    0.00    0.00    0.00    0.00  100.00
12:42:55 AM    7    0.00    0.00    3.96    0.00    0.00   35.64    0.00    0.00    0.00   60.40

12:42:55 AM  CPU    %usr   %nice    %sys %iowait    %irq   %soft  %steal  %guest  %gnice   %idle
12:42:56 AM  all    0.37    0.00   28.09    0.00    0.37   16.71    0.00    0.00    0.00   54.46
12:42:56 AM    0    1.01    0.00   90.91    0.00    0.00    5.05    0.00    0.00    0.00    3.03
12:42:56 AM    1    1.98    0.00   88.12    0.00    0.99    4.95    0.00    0.00    0.00    3.96
12:42:56 AM    2    0.00    0.00   17.48    0.00    0.97   27.18    0.00    0.00    0.00   54.37
12:42:56 AM    3    0.00    0.00   17.31    0.00    0.96   27.88    0.00    0.00    0.00   53.85
12:42:56 AM    4    0.00    0.00    0.99    0.00    0.00    0.00    0.00    0.00    0.00   99.01
12:42:56 AM    5    0.00    0.00    7.92    0.00    0.00   31.68    0.00    0.00    0.00   60.40
12:42:56 AM    6    0.00    0.00    0.00    0.00    0.00    0.00    0.00    0.00    0.00  100.00
12:42:56 AM    7    0.00    0.00    3.03    0.00    0.00   36.36    0.00    0.00    0.00   60.61

12:42:56 AM  CPU    %usr   %nice    %sys %iowait    %irq   %soft  %steal  %guest  %gnice   %idle
12:42:57 AM  all    0.25    0.00   24.60    0.00    0.25   17.89    0.00    0.00    0.00   57.02
12:42:57 AM    0    1.00    0.00   85.00    0.00    1.00    6.00    0.00    0.00    0.00    7.00
12:42:57 AM    1    1.01    0.00   86.87    0.00    0.00    6.06    0.00    0.00    0.00    6.06
12:42:57 AM    2    0.00    0.00    9.71    0.00    0.97   31.07    0.00    0.00    0.00   58.25
12:42:57 AM    3    0.00    0.00    8.74    0.00    0.00   32.04    0.00    0.00    0.00   59.22
12:42:57 AM    4    0.00    0.00    0.00    0.00    0.00    0.00    0.00    0.00    0.00  100.00
12:42:57 AM    5    0.00    0.00    5.05    0.00    0.00   32.32    0.00    0.00    0.00   62.63
12:42:57 AM    6    0.00    0.00    0.00    0.00    0.00    0.00    0.00    0.00    0.00  100.00
12:42:57 AM    7    0.00    0.00    2.97    0.00    0.00   34.65    0.00    0.00    0.00   62.38

12:42:57 AM  CPU    %usr   %nice    %sys %iowait    %irq   %soft  %steal  %guest  %gnice   %idle
12:42:58 AM  all    0.25    0.00   31.34    0.00    0.37   14.18    0.00    0.00    0.00   53.86
12:42:58 AM    0    1.01    0.00   89.90    0.00    0.00    3.03    0.00    0.00    0.00    6.06
12:42:58 AM    1    1.00    0.00   89.00    0.00    1.00    4.00    0.00    0.00    0.00    5.00
12:42:58 AM    2    0.00    0.00   26.73    0.00    0.00   20.79    0.00    0.00    0.00   52.48
12:42:58 AM    3    0.00    0.00   19.61    0.00    0.98   21.57    0.00    0.00    0.00   57.84
12:42:58 AM    4    0.00    0.00    0.00    0.00    0.00    0.99    0.00    0.00    0.00   99.01
12:42:58 AM    5    0.00    0.00   15.84    0.00    0.00   25.74    0.00    0.00    0.00   58.42
12:42:58 AM    6    0.00    0.00    0.00    0.00    0.00    0.00    0.00    0.00    0.00  100.00
12:42:58 AM    7    0.00    0.00   11.00    0.00    1.00   37.00    0.00    0.00    0.00   51.00

12:42:58 AM  CPU    %usr   %nice    %sys %iowait    %irq   %soft  %steal  %guest  %gnice   %idle
12:42:59 AM  all    0.37    0.00   29.10    0.00    0.25   14.05    0.00    0.00    0.00   56.22
12:42:59 AM    0    2.02    0.00   86.87    0.00    0.00    4.04    0.00    0.00    0.00    7.07
12:42:59 AM    1    1.01    0.00   87.88    0.00    0.00    4.04    0.00    0.00    0.00    7.07
12:42:59 AM    2    0.00    0.00   24.27    0.00    0.97   25.24    0.00    0.00    0.00   49.51
12:42:59 AM    3    0.00    0.00   22.55    0.00    0.98   22.55    0.00    0.00    0.00   53.92
12:42:59 AM    4    0.00    0.00    0.00    0.00    0.00    0.00    0.00    0.00    0.00  100.00
12:42:59 AM    5    0.00    0.00    8.00    0.00    0.00   25.00    0.00    0.00    0.00   67.00
12:42:59 AM    6    0.00    0.00    0.00    0.00    0.00    0.00    0.00    0.00    0.00  100.00
12:42:59 AM    7    0.00    0.00    4.95    0.00    0.00   30.69    0.00    0.00    0.00   64.36

12:42:59 AM  CPU    %usr   %nice    %sys %iowait    %irq   %soft  %steal  %guest  %gnice   %idle
12:43:00 AM  all    0.25    0.00   28.89    0.00    0.49   16.42    0.00    0.00    0.00   53.95
12:43:00 AM    0    0.99    0.00   91.09    0.00    0.99    4.95    0.00    0.00    0.00    1.98
12:43:00 AM    1    0.99    0.00   90.10    0.00    0.99    5.94    0.00    0.00    0.00    1.98
12:43:00 AM    2    0.00    0.00   17.65    0.00    0.00   27.45    0.00    0.00    0.00   54.90
12:43:00 AM    3    0.00    0.00   19.42    0.00    0.00   26.21    0.00    0.00    0.00   54.37
12:43:00 AM    4    0.00    0.00    0.00    0.00    0.99    0.00    0.00    0.00    0.00   99.01
12:43:00 AM    5    0.00    0.00    8.91    0.00    0.99   33.66    0.00    0.00    0.00   56.44
12:43:00 AM    6    0.00    0.00    0.00    0.00    0.00    0.00    0.00    0.00    0.00  100.00
12:43:00 AM    7    0.00    0.00    4.00    0.00    0.00   33.00    0.00    0.00    0.00   63.00

12:43:00 AM  CPU    %usr   %nice    %sys %iowait    %irq   %soft  %steal  %guest  %gnice   %idle
12:43:01 AM  all    0.37    0.00   26.03    0.00    0.25   16.19    0.00    0.00    0.00   57.16
12:43:01 AM    0    1.01    0.00   84.85    0.00    0.00    5.05    0.00    0.00    0.00    9.09
12:43:01 AM    1    2.02    0.00   84.85    0.00    0.00    5.05    0.00    0.00    0.00    8.08
12:43:01 AM    2    0.00    0.00   12.87    0.00    0.99   28.71    0.00    0.00    0.00   57.43
12:43:01 AM    3    0.00    0.00   18.27    0.00    0.96   27.88    0.00    0.00    0.00   52.88
12:43:01 AM    4    0.00    0.00    0.00    0.00    0.00    0.00    0.00    0.00    0.00  100.00
12:43:01 AM    5    0.00    0.00    6.00    0.00    0.00   27.00    0.00    0.00    0.00   67.00
12:43:01 AM    6    0.00    0.00    0.00    0.00    0.00    0.00    0.00    0.00    0.00  100.00
12:43:01 AM    7    0.00    0.00    3.00    0.00    0.00   35.00    0.00    0.00    0.00   62.00

12:43:01 AM  CPU    %usr   %nice    %sys %iowait    %irq   %soft  %steal  %guest  %gnice   %idle
12:43:02 AM  all    0.25    0.00   28.14    0.00    0.25   16.69    0.00    0.00    0.00   54.67
12:43:02 AM    0    1.01    0.00   87.88    0.00    1.01    5.05    0.00    0.00    0.00    5.05
12:43:02 AM    1    1.01    0.00   88.89    0.00    0.00    5.05    0.00    0.00    0.00    5.05
12:43:02 AM    2    0.00    0.00   32.69    0.00    0.96   28.85    0.00    0.00    0.00   37.50
12:43:02 AM    3    0.00    0.00    9.90    0.00    0.00   29.70    0.00    0.00    0.00   60.40
12:43:02 AM    4    0.00    0.00    0.00    0.00    0.00    0.00    0.00    0.00    0.00  100.00
12:43:02 AM    5    0.00    0.00    4.00    0.00    0.00   29.00    0.00    0.00    0.00   67.00
12:43:02 AM    6    0.00    0.00    0.00    0.00    0.00    0.00    0.00    0.00    0.00  100.00
12:43:02 AM    7    0.00    0.00    2.97    0.00    0.00   34.65    0.00    0.00    0.00   62.38

12:43:02 AM  CPU    %usr   %nice    %sys %iowait    %irq   %soft  %steal  %guest  %gnice   %idle
12:43:03 AM  all    0.37    0.00   29.76    0.00    0.37   15.07    0.00    0.00    0.00   54.42
12:43:03 AM    0    2.02    0.00   89.90    0.00    0.00    4.04    0.00    0.00    0.00    4.04
12:43:03 AM    1    1.01    0.00   89.90    0.00    1.01    4.04    0.00    0.00    0.00    4.04
12:43:03 AM    2    0.00    0.00   28.43    0.00    0.00   25.49    0.00    0.00    0.00   46.08
12:43:03 AM    3    0.00    0.00   18.81    0.00    0.99   24.75    0.00    0.00    0.00   55.45
12:43:03 AM    4    0.00    0.00    0.00    0.00    0.00    0.00    0.00    0.00    0.00  100.00
12:43:03 AM    5    0.00    0.00    8.91    0.00    0.00   26.73    0.00    0.00    0.00   64.36
12:43:03 AM    6    0.00    0.00    0.00    0.00    0.00    0.00    0.00    0.00    0.00  100.00
12:43:03 AM    7    0.00    0.00    3.96    0.00    0.99   34.65    0.00    0.00    0.00   60.40

12:43:03 AM  CPU    %usr   %nice    %sys %iowait    %irq   %soft  %steal  %guest  %gnice   %idle
12:43:04 AM  all    0.37    0.00   30.98    0.00    0.25   14.99    0.00    0.00    0.00   53.41
12:43:04 AM    0    1.00    0.00   92.00    0.00    1.00    4.00    0.00    0.00    0.00    2.00
12:43:04 AM    1    1.98    0.00   91.09    0.00    0.00    4.95    0.00    0.00    0.00    1.98
12:43:04 AM    2    0.00    0.00   22.12    0.00    0.96   24.04    0.00    0.00    0.00   52.88
12:43:04 AM    3    0.00    0.00   22.33    0.00    0.00   22.33    0.00    0.00    0.00   55.34
12:43:04 AM    4    0.00    0.00    0.00    0.00    0.00    0.00    0.00    0.00    0.00  100.00
12:43:04 AM    5    0.00    0.00   15.15    0.00    0.00   30.30    0.00    0.00    0.00   54.55
12:43:04 AM    6    0.00    0.00    0.00    0.00    0.00    0.00    0.00    0.00    0.00  100.00
12:43:04 AM    7    0.00    0.00    5.00    0.00    0.00   34.00    0.00    0.00    0.00   61.00

12:43:04 AM  CPU    %usr   %nice    %sys %iowait    %irq   %soft  %steal  %guest  %gnice   %idle
12:43:05 AM  all    0.37    0.00   27.02    0.00    0.25   15.94    0.00    0.00    0.00   56.41
12:43:05 AM    0    1.01    0.00   85.86    0.00    0.00    5.05    0.00    0.00    0.00    8.08
12:43:05 AM    1    2.00    0.00   86.00    0.00    1.00    4.00    0.00    0.00    0.00    7.00
12:43:05 AM    2    0.00    0.00   18.63    0.00    0.00   25.49    0.00    0.00    0.00   55.88
12:43:05 AM    3    0.00    0.00   13.59    0.00    0.97   26.21    0.00    0.00    0.00   59.22
12:43:05 AM    4    0.00    0.00    0.00    0.00    0.00    0.00    0.00    0.00    0.00  100.00
12:43:05 AM    5    0.00    0.00   10.00    0.00    0.00   34.00    0.00    0.00    0.00   56.00
12:43:05 AM    6    0.00    0.00    0.00    0.00    0.00    0.00    0.00    0.00    0.00  100.00
12:43:05 AM    7    0.00    0.00    3.03    0.00    0.00   32.32    0.00    0.00    0.00   64.65

12:43:05 AM  CPU    %usr   %nice    %sys %iowait    %irq   %soft  %steal  %guest  %gnice   %idle
12:43:06 AM  all    0.25    0.00   24.50    0.00    0.50   17.70    0.00    0.00    0.00   57.05
12:43:06 AM    0    0.99    0.00   83.17    0.00    0.99    5.94    0.00    0.00    0.00    8.91
12:43:06 AM    1    1.00    0.00   85.00    0.00    0.00    6.00    0.00    0.00    0.00    8.00
12:43:06 AM    2    0.00    0.00    6.86    0.00    0.98   29.41    0.00    0.00    0.00   62.75
12:43:06 AM    3    0.00    0.00   11.65    0.00    0.97   30.10    0.00    0.00    0.00   57.28
12:43:06 AM    4    0.00    0.00    0.00    0.00    0.00    0.00    0.00    0.00    0.00  100.00
12:43:06 AM    5    0.00    0.00    6.86    0.00    0.98   30.39    0.00    0.00    0.00   61.76
12:43:06 AM    6    0.00    0.00    0.00    0.00    0.00    0.00    0.00    0.00    0.00  100.00
12:43:06 AM    7    0.00    0.00    2.97    0.00    0.00   38.61    0.00    0.00    0.00   58.42

12:43:06 AM  CPU    %usr   %nice    %sys %iowait    %irq   %soft  %steal  %guest  %gnice   %idle
12:43:07 AM  all    0.37    0.00   30.04    0.00    0.25   15.20    0.00    0.00    0.00   54.14
12:43:07 AM    0    1.00    0.00   91.00    0.00    0.00    4.00    0.00    0.00    0.00    4.00
12:43:07 AM    1    1.98    0.00   88.12    0.00    0.99    4.95    0.00    0.00    0.00    3.96
12:43:07 AM    2    0.00    0.00   25.24    0.00    0.97   23.30    0.00    0.00    0.00   50.49
12:43:07 AM    3    0.00    0.00   20.39    0.00    0.00   26.21    0.00    0.00    0.00   53.40
12:43:07 AM    4    0.00    0.00    0.00    0.00    0.00    0.00    0.00    0.00    0.00  100.00
12:43:07 AM    5    0.00    0.00   11.00    0.00    0.00   27.00    0.00    0.00    0.00   62.00
12:43:07 AM    6    0.00    0.00    0.00    0.00    0.00    0.00    0.00    0.00    0.00  100.00
12:43:07 AM    7    0.00    0.00    4.95    0.00    0.00   35.64    0.00    0.00    0.00   59.41

12:43:07 AM  CPU    %usr   %nice    %sys %iowait    %irq   %soft  %steal  %guest  %gnice   %idle
12:43:08 AM  all    0.50    0.00   32.46    0.00    0.38   13.53    0.00    0.00    0.00   53.13
12:43:08 AM    0    2.02    0.00   91.92    0.00    1.01    3.03    0.00    0.00    0.00    2.02
12:43:08 AM    1    2.02    0.00   89.90    0.00    0.00    3.03    0.00    0.00    0.00    5.05
12:43:08 AM    2    0.00    0.00   24.00    0.00    0.00   21.00    0.00    0.00    0.00   55.00
12:43:08 AM    3    0.00    0.00   30.39    0.00    0.98   20.59    0.00    0.00    0.00   48.04
12:43:08 AM    4    0.00    0.00    0.00    0.00    0.00    0.00    0.00    0.00    0.00  100.00
12:43:08 AM    5    0.00    0.00   16.00    0.00    0.00   25.00    0.00    0.00    0.00   59.00
12:43:08 AM    6    0.00    0.00    0.00    0.00    0.00    0.00    0.00    0.00    0.00  100.00
12:43:08 AM    7    0.00    0.00    8.08    0.00    1.01   35.35    0.00    0.00    0.00   55.56

12:43:08 AM  CPU    %usr   %nice    %sys %iowait    %irq   %soft  %steal  %guest  %gnice   %idle
12:43:09 AM  all    0.25    0.00   31.19    0.00    0.37   14.48    0.00    0.00    0.00   53.71
12:43:09 AM    0    1.00    0.00   91.00    0.00    0.00    4.00    0.00    0.00    0.00    4.00
12:43:09 AM    1    1.00    0.00   89.00    0.00    1.00    4.00    0.00    0.00    0.00    5.00
12:43:09 AM    2    0.00    0.00   30.39    0.00    0.98   23.53    0.00    0.00    0.00   45.10
12:43:09 AM    3    0.00    0.00   24.75    0.00    0.00   22.77    0.00    0.00    0.00   52.48
12:43:09 AM    4    0.00    0.00    0.00    0.00    0.98    0.98    0.00    0.00    0.00   98.04
12:43:09 AM    5    0.00    0.00   10.89    0.00    0.00   27.72    0.00    0.00    0.00   61.39
12:43:09 AM    6    0.00    0.00    0.00    0.00    0.00    0.00    0.00    0.00    0.00  100.00
12:43:09 AM    7    0.00    0.00    4.90    0.00    0.00   32.35    0.00    0.00    0.00   62.75

12:43:09 AM  CPU    %usr   %nice    %sys %iowait    %irq   %soft  %steal  %guest  %gnice   %idle
12:43:10 AM  all    0.25    0.00   28.46    0.00    0.25   16.10    0.00    0.00    0.00   54.93
12:43:10 AM    0    1.00    0.00   88.00    0.00    1.00    5.00    0.00    0.00    0.00    5.00
12:43:10 AM    1    1.01    0.00   89.90    0.00    0.00    5.05    0.00    0.00    0.00    4.04
12:43:10 AM    2    0.00    0.00   18.63    0.00    0.00   27.45    0.00    0.00    0.00   53.92
12:43:10 AM    3    0.00    0.00   19.42    0.00    0.97   25.24    0.00    0.00    0.00   54.37
12:43:10 AM    4    0.00    0.00    0.00    0.00    0.00    0.00    0.00    0.00    0.00  100.00
12:43:10 AM    5    0.00    0.00    8.08    0.00    0.00   30.30    0.00    0.00    0.00   61.62
12:43:10 AM    6    0.00    0.00    0.00    0.00    0.00    0.00    0.00    0.00    0.00  100.00
12:43:10 AM    7    0.00    0.00    4.08    0.00    0.00   35.71    0.00    0.00    0.00   60.20

12:43:10 AM  CPU    %usr   %nice    %sys %iowait    %irq   %soft  %steal  %guest  %gnice   %idle
12:43:11 AM  all    0.37    0.00   33.33    0.00    0.25   13.63    0.00    0.00    0.00   52.42
12:43:11 AM    0    1.00    0.00   93.00    0.00    0.00    4.00    0.00    0.00    0.00    2.00
12:43:11 AM    1    1.98    0.00   92.08    0.00    0.99    2.97    0.00    0.00    0.00    1.98
12:43:11 AM    2    0.00    0.00   34.31    0.00    0.98   21.57    0.00    0.00    0.00   43.14
12:43:11 AM    3    0.00    0.00   26.73    0.00    0.00   21.78    0.00    0.00    0.00   51.49
12:43:11 AM    4    0.00    0.00    0.00    0.00    0.00    0.00    0.00    0.00    0.00  100.00
12:43:11 AM    5    0.00    0.00   15.84    0.00    0.00   23.76    0.00    0.00    0.00   60.40
12:43:11 AM    6    0.00    0.00    0.00    0.00    0.00    0.00    0.00    0.00    0.00  100.00
12:43:11 AM    7    0.00    0.00    4.95    0.00    0.00   34.65    0.00    0.00    0.00   60.40

12:43:11 AM  CPU    %usr   %nice    %sys %iowait    %irq   %soft  %steal  %guest  %gnice   %idle
12:43:12 AM  all    0.25    0.00   30.65    0.00    0.25   15.63    0.00    0.00    0.00   53.23
12:43:12 AM    0    1.00    0.00   93.00    0.00    1.00    4.00    0.00    0.00    0.00    1.00
12:43:12 AM    1    1.01    0.00   92.93    0.00    0.00    4.04    0.00    0.00    0.00    2.02
12:43:12 AM    2    0.00    0.00   25.24    0.00    0.00   25.24    0.00    0.00    0.00   49.51
12:43:12 AM    3    0.00    0.00   21.15    0.00    0.96   26.92    0.00    0.00    0.00   50.96
12:43:12 AM    4    0.00    0.00    0.00    0.00    0.00    0.00    0.00    0.00    0.00  100.00
12:43:12 AM    5    0.00    0.00   11.00    0.00    0.00   30.00    0.00    0.00    0.00   59.00
12:43:12 AM    6    0.00    0.00    0.00    0.00    0.00    0.00    0.00    0.00    0.00  100.00
12:43:12 AM    7    0.00    0.00    3.00    0.00    0.00   34.00    0.00    0.00    0.00   63.00

12:43:12 AM  CPU    %usr   %nice    %sys %iowait    %irq   %soft  %steal  %guest  %gnice   %idle
12:43:13 AM  all    0.50    0.00   30.02    0.00    0.37   15.51    0.00    0.00    0.00   53.60
12:43:13 AM    0    2.00    0.00   91.00    0.00    0.00    5.00    0.00    0.00    0.00    2.00
12:43:13 AM    1    1.98    0.00   90.10    0.00    0.99    4.95    0.00    0.00    0.00    1.98
12:43:13 AM    2    0.00    0.00   24.75    0.00    0.00   22.77    0.00    0.00    0.00   52.48
12:43:13 AM    3    0.00    0.00   21.36    0.00    0.00   27.18    0.00    0.00    0.00   51.46
12:43:13 AM    4    0.00    0.00    0.00    0.00    0.00    0.00    0.00    0.00    0.00  100.00
12:43:13 AM    5    0.00    0.00    8.00    0.00    1.00   31.00    0.00    0.00    0.00   60.00
12:43:13 AM    6    0.00    0.00    0.00    0.00    0.00    0.00    0.00    0.00    0.00  100.00
12:43:13 AM    7    0.00    0.00    4.95    0.00    0.99   32.67    0.00    0.00    0.00   61.39

12:43:13 AM  CPU    %usr   %nice    %sys %iowait    %irq   %soft  %steal  %guest  %gnice   %idle
12:43:14 AM  all    0.37    0.00   31.10    0.00    0.37   14.75    0.00    0.00    0.00   53.41
12:43:14 AM    0    2.00    0.00   91.00    0.00    1.00    4.00    0.00    0.00    0.00    2.00
12:43:14 AM    1    1.01    0.00   91.92    0.00    0.00    4.04    0.00    0.00    0.00    3.03
12:43:14 AM    2    0.00    0.00   32.04    0.00    0.97   19.42    0.00    0.00    0.00   47.57
12:43:14 AM    3    0.00    0.00   23.30    0.00    0.97   25.24    0.00    0.00    0.00   50.49
12:43:14 AM    4    0.00    0.00    0.00    0.00    0.00    0.00    0.00    0.00    0.00  100.00
12:43:14 AM    5    0.00    0.00    7.92    0.00    0.00   30.69    0.00    0.00    0.00   61.39
12:43:14 AM    6    0.00    0.00    0.00    0.00    0.00    0.00    0.00    0.00    0.00  100.00
12:43:14 AM    7    0.00    0.00    3.96    0.00    0.00   33.66    0.00    0.00    0.00   62.38

12:43:14 AM  CPU    %usr   %nice    %sys %iowait    %irq   %soft  %steal  %guest  %gnice   %idle
12:43:15 AM  all    0.25    0.00   29.04    0.00    0.13   16.02    0.00    0.00    0.00   54.57
12:43:15 AM    0    1.02    0.00   89.80    0.00    0.00    5.10    0.00    0.00    0.00    4.08
12:43:15 AM    1    1.00    0.00   90.00    0.00    1.00    5.00    0.00    0.00    0.00    3.00
12:43:15 AM    2    0.00    0.00   20.79    0.00    0.00   25.74    0.00    0.00    0.00   53.47
12:43:15 AM    3    0.00    0.00   19.61    0.00    0.00   26.47    0.00    0.00    0.00   53.92
12:43:15 AM    4    0.00    0.00    0.00    0.00    0.00    0.00    0.00    0.00    0.00  100.00
12:43:15 AM    5    0.00    0.00    9.00    0.00    0.00   28.00    0.00    0.00    0.00   63.00
12:43:15 AM    6    0.00    0.00    0.00    0.00    0.00    0.00    0.00    0.00    0.00  100.00
12:43:15 AM    7    0.00    0.00    4.04    0.00    0.00   37.37    0.00    0.00    0.00   58.59

12:43:15 AM  CPU    %usr   %nice    %sys %iowait    %irq   %soft  %steal  %guest  %gnice   %idle
12:43:16 AM  all    0.37    0.00   29.32    0.00    0.37   15.90    0.00    0.00    0.00   54.04
12:43:16 AM    0    1.98    0.00   89.11    0.00    0.99    4.95    0.00    0.00    0.00    2.97
12:43:16 AM    1    1.02    0.00   91.84    0.00    0.00    4.08    0.00    0.00    0.00    3.06
12:43:16 AM    2    0.00    0.00   19.23    0.00    0.96   25.00    0.00    0.00    0.00   54.81
12:43:16 AM    3    0.00    0.00   21.57    0.00    0.98   22.55    0.00    0.00    0.00   54.90
12:43:16 AM    4    0.00    0.00    0.00    0.00    0.00    0.00    0.00    0.00    0.00  100.00
12:43:16 AM    5    0.00    0.00    9.00    0.00    0.00   30.00    0.00    0.00    0.00   61.00
12:43:16 AM    6    0.00    0.00    0.00    0.00    0.00    0.00    0.00    0.00    0.00  100.00
12:43:16 AM    7    0.00    0.00    5.00    0.00    0.00   40.00    0.00    0.00    0.00   55.00

12:43:16 AM  CPU    %usr   %nice    %sys %iowait    %irq   %soft  %steal  %guest  %gnice   %idle
12:43:17 AM  all    0.25    0.00   29.74    0.00    0.12   16.11    0.00    0.00    0.00   53.78
12:43:17 AM    0    1.01    0.00   91.92    0.00    0.00    5.05    0.00    0.00    0.00    2.02
12:43:17 AM    1    0.99    0.00   91.09    0.00    0.99    4.95    0.00    0.00    0.00    1.98
12:43:17 AM    2    0.00    0.00   18.63    0.00    0.00   26.47    0.00    0.00    0.00   54.90
12:43:17 AM    3    0.00    0.00   22.55    0.00    0.00   24.51    0.00    0.00    0.00   52.94
12:43:17 AM    4    0.00    0.00    0.00    0.00    0.00    0.00    0.00    0.00    0.00  100.00
12:43:17 AM    5    0.00    0.00   10.89    0.00    0.00   33.66    0.00    0.00    0.00   55.45
12:43:17 AM    6    0.00    0.00    0.00    0.00    0.00    0.00    0.00    0.00    0.00  100.00
12:43:17 AM    7    0.00    0.00    3.92    0.00    0.00   33.33    0.00    0.00    0.00   62.75

12:43:17 AM  CPU    %usr   %nice    %sys %iowait    %irq   %soft  %steal  %guest  %gnice   %idle
12:43:18 AM  all    0.37    0.00   30.36    0.00    0.62   14.62    0.00    0.00    0.00   54.03
12:43:18 AM    0    1.00    0.00   90.00    0.00    1.00    4.00    0.00    0.00    0.00    4.00
12:43:18 AM    1    1.98    0.00   90.10    0.00    0.00    4.95    0.00    0.00    0.00    2.97
12:43:18 AM    2    0.00    0.00   21.57    0.00    0.98   23.53    0.00    0.00    0.00   53.92
12:43:18 AM    3    0.00    0.00   28.16    0.00    0.97   21.36    0.00    0.00    0.00   49.51
12:43:18 AM    4    0.00    0.00    0.00    0.00    0.99    0.00    0.00    0.00    0.00   99.01
12:43:18 AM    5    0.00    0.00    8.00    0.00    0.00   30.00    0.00    0.00    0.00   62.00
12:43:18 AM    6    0.00    0.00    0.00    0.00    0.00    0.00    0.00    0.00    0.00  100.00
12:43:18 AM    7    0.00    0.00    5.00    0.00    1.00   33.00    0.00    0.00    0.00   61.00

12:43:18 AM  CPU    %usr   %nice    %sys %iowait    %irq   %soft  %steal  %guest  %gnice   %idle
12:43:19 AM  all    0.25    0.00   30.15    0.00    0.50   15.76    0.00    0.00    0.00   53.35
12:43:19 AM    0    1.01    0.00   90.91    0.00    0.00    5.05    0.00    0.00    0.00    3.03
12:43:19 AM    1    1.00    0.00   92.00    0.00    1.00    4.00    0.00    0.00    0.00    2.00
12:43:19 AM    2    0.00    0.00   21.36    0.00    0.97   25.24    0.00    0.00    0.00   52.43
12:43:19 AM    3    0.00    0.00   24.51    0.00    0.98   22.55    0.00    0.00    0.00   51.96
12:43:19 AM    4    0.00    0.00    0.00    0.00    0.00    0.00    0.00    0.00    0.00  100.00
12:43:19 AM    5    0.00    0.00    9.90    0.00    0.99   35.64    0.00    0.00    0.00   53.47
12:43:19 AM    6    0.00    0.00    0.00    0.00    0.00    0.00    0.00    0.00    0.00  100.00
12:43:19 AM    7    0.00    0.00    3.96    0.00    0.00   32.67    0.00    0.00    0.00   63.37

12:43:19 AM  CPU    %usr   %nice    %sys %iowait    %irq   %soft  %steal  %guest  %gnice   %idle
12:43:20 AM  all    0.50    0.00   28.52    0.00    0.12   15.32    0.00    0.00    0.00   55.54
12:43:20 AM    0    2.00    0.00   89.00    0.00    1.00    4.00    0.00    0.00    0.00    4.00
12:43:20 AM    1    2.02    0.00   86.87    0.00    0.00    5.05    0.00    0.00    0.00    6.06
12:43:20 AM    2    0.00    0.00   12.75    0.00    0.00   26.47    0.00    0.00    0.00   60.78
12:43:20 AM    3    0.00    0.00   30.39    0.00    0.00   26.47    0.00    0.00    0.00   43.14
12:43:20 AM    4    0.00    0.00    0.00    0.00    0.00    0.00    0.00    0.00    0.00  100.00
12:43:20 AM    5    0.00    0.00    8.00    0.00    0.00   29.00    0.00    0.00    0.00   63.00
12:43:20 AM    6    0.00    0.00    0.00    0.00    0.00    0.00    0.00    0.00    0.00  100.00
12:43:20 AM    7    0.00    0.00    2.00    0.00    0.00   31.00    0.00    0.00    0.00   67.00

12:43:20 AM  CPU    %usr   %nice    %sys %iowait    %irq   %soft  %steal  %guest  %gnice   %idle
12:43:21 AM  all    0.12    0.00   29.55    0.00    0.25   14.96    0.00    0.00    0.00   55.11
12:43:21 AM    0    1.00    0.00   88.00    0.00    0.00    5.00    0.00    0.00    0.00    6.00
12:43:21 AM    1    0.00    0.00   90.82    0.00    0.00    4.08    0.00    0.00    0.00    5.10
12:43:21 AM    2    0.00    0.00   15.84    0.00    0.99   25.74    0.00    0.00    0.00   57.43
12:43:21 AM    3    0.00    0.00   33.98    0.00    0.97   21.36    0.00    0.00    0.00   43.69
12:43:21 AM    4    0.00    0.00    0.00    0.00    0.00    0.99    0.00    0.00    0.00   99.01
12:43:21 AM    5    0.00    0.00    7.00    0.00    0.00   33.00    0.00    0.00    0.00   60.00
12:43:21 AM    6    0.00    0.00    0.00    0.00    0.00    0.00    0.00    0.00    0.00  100.00
12:43:21 AM    7    0.00    0.00    2.02    0.00    0.00   29.29    0.00    0.00    0.00   68.69

12:43:21 AM  CPU    %usr   %nice    %sys %iowait    %irq   %soft  %steal  %guest  %gnice   %idle
12:43:22 AM  all    0.37    0.00   28.66    0.00    0.37   16.25    0.00    0.00    0.00   54.34
12:43:22 AM    0    1.01    0.00   90.91    0.00    1.01    5.05    0.00    0.00    0.00    2.02
12:43:22 AM    1    1.98    0.00   90.10    0.00    0.99    4.95    0.00    0.00    0.00    1.98
12:43:22 AM    2    0.00    0.00   17.48    0.00    0.97   26.21    0.00    0.00    0.00   55.34
12:43:22 AM    3    0.00    0.00   20.39    0.00    0.00   28.16    0.00    0.00    0.00   51.46
12:43:22 AM    4    0.00    0.00    0.00    0.00    0.00    0.00    0.00    0.00    0.00  100.00
12:43:22 AM    5    0.00    0.00    7.00    0.00    0.00   29.00    0.00    0.00    0.00   64.00
12:43:22 AM    6    0.00    0.00    0.00    0.00    0.00    0.00    0.00    0.00    0.00  100.00
12:43:22 AM    7    0.00    0.00    3.96    0.00    0.00   35.64    0.00    0.00    0.00   60.40

12:43:22 AM  CPU    %usr   %nice    %sys %iowait    %irq   %soft  %steal  %guest  %gnice   %idle
12:43:23 AM  all    0.25    0.00   31.30    0.00    0.12   14.84    0.00    0.00    0.00   53.49
12:43:23 AM    0    1.01    0.00   91.92    0.00    0.00    4.04    0.00    0.00    0.00    3.03
12:43:23 AM    1    1.02    0.00   91.84    0.00    0.00    4.08    0.00    0.00    0.00    3.06
12:43:23 AM    2    0.00    0.00   24.51    0.00    0.00   22.55    0.00    0.00    0.00   52.94
12:43:23 AM    3    0.00    0.00   29.13    0.00    0.97   21.36    0.00    0.00    0.00   48.54
12:43:23 AM    4    0.00    0.00    0.00    0.00    0.00    0.00    0.00    0.00    0.00  100.00
12:43:23 AM    5    0.00    0.00    8.00    0.00    0.00   31.00    0.00    0.00    0.00   61.00
12:43:23 AM    6    0.00    0.00    0.00    0.00    0.00    0.00    0.00    0.00    0.00  100.00
12:43:23 AM    7    0.00    0.00    7.00    0.00    0.00   35.00    0.00    0.00    0.00   58.00

12:43:23 AM  CPU    %usr   %nice    %sys %iowait    %irq   %soft  %steal  %guest  %gnice   %idle
12:43:24 AM  all    0.25    0.00   30.61    0.00    0.37   14.99    0.00    0.00    0.00   53.78
12:43:24 AM    0    0.99    0.00   91.09    0.00    0.99    4.95    0.00    0.00    0.00    1.98
12:43:24 AM    1    0.99    0.00   90.10    0.00    0.99    4.95    0.00    0.00    0.00    2.97
12:43:24 AM    2    0.00    0.00   23.76    0.00    0.00   23.76    0.00    0.00    0.00   52.48
12:43:24 AM    3    0.00    0.00   23.53    0.00    0.00   24.51    0.00    0.00    0.00   51.96
12:43:24 AM    4    0.00    0.00    0.00    0.00    0.00    0.00    0.00    0.00    0.00  100.00
12:43:24 AM    5    0.00    0.00   12.87    0.00    0.00   27.72    0.00    0.00    0.00   59.41
12:43:24 AM    6    0.00    0.00    0.00    0.00    0.00    0.00    0.00    0.00    0.00  100.00
12:43:24 AM    7    0.00    0.00    2.97    0.00    0.99   33.66    0.00    0.00    0.00   62.38

12:43:24 AM  CPU    %usr   %nice    %sys %iowait    %irq   %soft  %steal  %guest  %gnice   %idle
12:43:25 AM  all    0.50    0.00   31.84    0.00    0.25   14.30    0.00    0.00    0.00   53.11
12:43:25 AM    0    2.00    0.00   91.00    0.00    0.00    4.00    0.00    0.00    0.00    3.00
12:43:25 AM    1    2.02    0.00   91.92    0.00    0.00    4.04    0.00    0.00    0.00    2.02
12:43:25 AM    2    0.00    0.00   29.13    0.00    0.97   21.36    0.00    0.00    0.00   48.54
12:43:25 AM    3    0.00    0.00   28.16    0.00    0.97   21.36    0.00    0.00    0.00   49.51
12:43:25 AM    4    0.00    0.00    0.00    0.00    0.00    0.00    0.00    0.00    0.00  100.00
12:43:25 AM    5    0.00    0.00   10.10    0.00    0.00   29.29    0.00    0.00    0.00   60.61
12:43:25 AM    6    0.00    0.00    0.00    0.00    0.00    0.00    0.00    0.00    0.00  100.00
12:43:25 AM    7    0.00    0.00    5.00    0.00    0.00   34.00    0.00    0.00    0.00   61.00

12:43:25 AM  CPU    %usr   %nice    %sys %iowait    %irq   %soft  %steal  %guest  %gnice   %idle
12:43:26 AM  all    0.25    0.00   30.89    0.00    0.37   15.14    0.00    0.00    0.00   53.35
12:43:26 AM    0    1.00    0.00   93.00    0.00    1.00    4.00    0.00    0.00    0.00    1.00
12:43:26 AM    1    0.99    0.00   91.09    0.00    0.99    3.96    0.00    0.00    0.00    2.97
12:43:26 AM    2    0.00    0.00   27.72    0.00    0.00   21.78    0.00    0.00    0.00   50.50
12:43:26 AM    3    0.00    0.00   23.76    0.00    0.00   24.75    0.00    0.00    0.00   51.49
12:43:26 AM    4    0.00    0.00    0.00    0.00    0.00    0.00    0.00    0.00    0.00  100.00
12:43:26 AM    5    0.00    0.00    7.84    0.00    0.98   32.35    0.00    0.00    0.00   58.82
12:43:26 AM    6    0.00    0.00    0.00    0.00    0.00    0.00    0.00    0.00    0.00  100.00
12:43:26 AM    7    0.00    0.00    3.96    0.00    0.00   33.66    0.00    0.00    0.00   62.38

12:43:26 AM  CPU    %usr   %nice    %sys %iowait    %irq   %soft  %steal  %guest  %gnice   %idle
12:43:27 AM  all    0.37    0.00   31.80    0.00    0.12   14.66    0.00    0.00    0.00   53.04
12:43:27 AM    0    2.02    0.00   91.92    0.00    0.00    4.04    0.00    0.00    0.00    2.02
12:43:27 AM    1    1.00    0.00   94.00    0.00    0.00    4.00    0.00    0.00    0.00    1.00
12:43:27 AM    2    0.00    0.00   26.21    0.00    0.97   21.36    0.00    0.00    0.00   51.46
12:43:27 AM    3    0.00    0.00   29.41    0.00    0.00   21.57    0.00    0.00    0.00   49.02
12:43:27 AM    4    0.00    0.00    0.00    0.00    0.00    0.00    0.00    0.00    0.00  100.00
12:43:27 AM    5    0.00    0.00   10.00    0.00    0.00   34.00    0.00    0.00    0.00   56.00
12:43:27 AM    6    0.00    0.00    0.00    0.00    0.00    0.00    0.00    0.00    0.00  100.00
12:43:27 AM    7    0.00    0.00    4.00    0.00    0.00   32.00    0.00    0.00    0.00   64.00

12:43:27 AM  CPU    %usr   %nice    %sys %iowait    %irq   %soft  %steal  %guest  %gnice   %idle
12:43:28 AM  all    0.37    0.00   32.71    0.00    0.50   14.25    0.00    0.00    0.00   52.17
12:43:28 AM    0    0.99    0.00   93.07    0.00    0.99    3.96    0.00    0.00    0.00    0.99
12:43:28 AM    1    2.02    0.00   92.93    0.00    1.01    4.04    0.00    0.00    0.00    0.00
12:43:28 AM    2    0.00    0.00   36.63    0.00    0.00   16.83    0.00    0.00    0.00   46.53
12:43:28 AM    3    0.00    0.00   25.00    0.00    0.96   24.04    0.00    0.00    0.00   50.00
12:43:28 AM    4    0.00    0.00    0.00    0.00    0.99    0.00    0.00    0.00    0.00   99.01
12:43:28 AM    5    0.00    0.00   10.00    0.00    0.00   31.00    0.00    0.00    0.00   59.00
12:43:28 AM    6    0.00    0.00    0.00    0.00    0.00    0.00    0.00    0.00    0.00  100.00
12:43:28 AM    7    0.00    0.00    4.95    0.00    0.00   33.66    0.00    0.00    0.00   61.39

12:43:28 AM  CPU    %usr   %nice    %sys %iowait    %irq   %soft  %steal  %guest  %gnice   %idle
12:43:29 AM  all    0.25    0.00   32.88    0.00    0.25   13.75    0.00    0.00    0.00   52.88
12:43:29 AM    0    1.02    0.00   93.88    0.00    0.00    4.08    0.00    0.00    0.00    1.02
12:43:29 AM    1    1.00    0.00   93.00    0.00    0.00    4.00    0.00    0.00    0.00    2.00
12:43:29 AM    2    0.00    0.00   32.35    0.00    0.98   18.63    0.00    0.00    0.00   48.04
12:43:29 AM    3    0.00    0.00   33.00    0.00    0.00   20.00    0.00    0.00    0.00   47.00
12:43:29 AM    4    0.00    0.00    0.00    0.00    0.00    0.00    0.00    0.00    0.00  100.00
12:43:29 AM    5    0.00    0.00    8.00    0.00    0.00   31.00    0.00    0.00    0.00   61.00
12:43:29 AM    6    0.00    0.00    0.00    0.00    0.00    0.00    0.00    0.00    0.00  100.00
12:43:29 AM    7    0.00    0.00    4.00    0.00    1.00   32.00    0.00    0.00    0.00   63.00

12:43:29 AM  CPU    %usr   %nice    %sys %iowait    %irq   %soft  %steal  %guest  %gnice   %idle
12:43:30 AM  all    0.50    0.00   29.62    0.00    0.37   13.14    0.00    0.00    0.00   56.38
12:43:30 AM    0    1.96    0.00   83.33    0.00    0.98    3.92    0.00    0.00    0.00    9.80
12:43:30 AM    1    1.98    0.00   84.16    0.00    0.99    2.97    0.00    0.00    0.00    9.90
12:43:30 AM    2    0.00    0.00   25.49    0.00    0.00   20.59    0.00    0.00    0.00   53.92
12:43:30 AM    3    0.00    0.00   28.16    0.00    0.97   20.39    0.00    0.00    0.00   50.49
12:43:30 AM    4    0.00    0.00    0.00    0.00    0.00    0.00    0.00    0.00    0.00  100.00
12:43:30 AM    5    0.00    0.00    9.00    0.00    0.00   28.00    0.00    0.00    0.00   63.00
12:43:30 AM    6    0.00    0.00    0.00    0.00    0.00    0.00    0.00    0.00    0.00  100.00
12:43:30 AM    7    0.00    0.00    5.00    0.00    0.00   29.00    0.00    0.00    0.00   66.00

Average:     CPU    %usr   %nice    %sys %iowait    %irq   %soft  %steal  %guest  %gnice   %idle
Average:     all    0.33    0.00   30.08    0.00    0.31   14.99    0.00    0.00    0.00   54.28
Average:       0    1.34    0.00   89.79    0.01    0.48    4.48    0.00    0.00    0.00    3.90
Average:       1    1.30    0.00   89.78    0.00    0.47    4.43    0.00    0.00    0.00    4.02
Average:       2    0.00    0.00   22.31    0.00    0.56   24.29    0.00    0.00    0.00   52.85
Average:       3    0.00    0.00   23.92    0.00    0.52   23.42    0.00    0.00    0.00   52.13
Average:       4    0.00    0.00    0.01    0.00    0.11    0.09    0.00    0.00    0.00   99.80
Average:       5    0.00    0.00   10.35    0.00    0.15   29.13    0.00    0.00    0.00   60.37
Average:       6    0.00    0.00    0.00    0.00    0.00    0.00    0.00    0.00    0.00  100.00
Average:       7    0.00    0.00    5.20    0.00    0.19   33.62    0.00    0.00    0.00   60.99
