1781255095,53.8,2400000,0xe0000
1781255096,53.8,2400000,0xe0000
1781255097,53.8,2400000,0xe0000
1781255098,54.9,2400000,0xe0000
1781255099,54.3,2400000,0xe0000
1781255100,54.9,2400000,0xe0000
1781255101,54.9,2400000,0xe0000
1781255102,54.9,2400000,0xe0000
1781255103,55.4,2400000,0xe0000
1781255104,54.9,2400000,0xe0000
1781255105,54.9,2400000,0xe0000
1781255107,54.9,2400000,0xe0000
1781255108,56.0,2400000,0xe0000
1781255109,54.3,2400000,0xe0000
1781255110,54.9,2400000,0xe0000
1781255111,55.4,2400000,0xe0000
1781255112,55.4,2400000,0xe0000
1781255113,54.9,2400000,0xe0000
1781255114,55.4,2400000,0xe0000
1781255115,55.4,2400000,0xe0000
1781255116,55.4,2400000,0xe0000
1781255117,54.9,2400000,0xe0000
1781255118,54.3,2400000,0xe0000
1781255119,55.4,2400000,0xe0000
1781255120,54.9,2400000,0xe0000
1781255121,55.4,2400000,0xe0000
1781255122,54.9,2400000,0xe0000
1781255123,54.9,2400000,0xe0000
1781255124,56.0,2400000,0xe0000
1781255125,56.0,2400000,0xe0000
1781255126,54.9,2400000,0xe0000
1781255127,55.4,2400000,0xe0000
1781255128,56.0,2400000,0xe0000
1781255129,56.5,2400000,0xe0000
1781255130,55.4,2400000,0xe0000
1781255131,56.0,2400000,0xe0000
1781255133,56.5,2400000,0xe0000
1781255134,56.5,2400000,0xe0000
1781255135,56.0,2400000,0xe0000
1781255136,56.0,2400000,0xe0000
1781255137,55.4,2400000,0xe0000
1781255138,56.0,2400000,0xe0000
1781255139,56.0,2400000,0xe0000
1781255140,56.0,2400000,0xe0000
1781255141,56.5,2400000,0xe0000
1781255142,56.5,2400000,0xe0000
1781255143,56.0,2400000,0xe0000
1781255144,55.4,2400000,0xe0000
1781255145,56.0,2400000,0xe0000
1781255146,56.0,2400000,0xe0000
1781255147,56.0,2400000,0xe0000
1781255148,55.4,2400000,0xe0000
1781255149,56.5,2400000,0xe0000
1781255150,56.0,2400000,0xe0000
1781255151,56.0,2400000,0xe0000
1781255152,55.4,2400000,0xe0000
1781255153,56.0,2400000,0xe0000
1781255154,56.0,2400000,0xe0000
1781255155,56.5,2400000,0xe0000
1781255156,57.1,2400000,0xe0000
1781255157,57.1,2400000,0xe0000
1781255158,56.0,2400000,0xe0000
1781255159,56.0,2400000,0xe0000
1781255161,56.5,2400000,0xe0000
1781255162,56.0,2400000,0xe0000
1781255163,56.5,2400000,0xe0000
1781255164,56.5,2400000,0xe0000
1781255165,56.5,2400000,0xe0000
1781255166,56.0,2400000,0xe0000
1781255167,56.5,2400000,0xe0000
1781255168,56.5,2400000,0xe0000
1781255169,56.5,2400000,0xe0000
1781255170,56.0,2400000,0xe0000
1781255171,56.5,2400000,0xe0000
1781255172,56.0,2400000,0xe0000
1781255173,56.0,2400000,0xe0000
1781255174,56.5,2400000,0xe0000
1781255175,57.1,2400000,0xe0000
1781255176,56.0,2400000,0xe0000
1781255177,56.0,2400000,0xe0000
1781255178,56.5,2400000,0xe0000
1781255179,56.0,2400000,0xe0000
1781255180,56.5,2400000,0xe0000
1781255181,56.5,2400000,0xe0000
1781255182,55.4,2400000,0xe0000
1781255183,57.1,2400000,0xe0000
1781255184,56.0,2400000,0xe0000
1781255185,56.5,2400000,0xe0000
1781255186,56.0,2400000,0xe0000
1781255187,56.5,2400000,0xe0000
1781255188,56.0,2400000,0xe0000
1781255190,57.1,2400000,0xe0000
1781255191,57.1,2400000,0xe0000
1781255192,56.5,2400000,0xe0000
1781255193,57.1,2400000,0xe0000
1781255194,56.5,2400000,0xe0000
1781255195,57.1,2400000,0xe0000
1781255196,57.1,2400000,0xe0000
1781255197,56.0,2400000,0xe0000
1781255198,56.5,2400000,0xe0000
1781255199,56.5,2400000,0xe0000
1781255200,56.5,2400000,0xe0000
1781255201,56.5,2400000,0xe0000
1781255202,57.1,2400000,0xe0000
1781255203,56.5,2400000,0xe0000
1781255204,56.5,2400000,0xe0000
1781255205,56.5,2400000,0xe0000
1781255206,56.5,2400000,0xe0000
1781255207,56.5,2400000,0xe0000
1781255208,56.5,2400000,0xe0000
1781255209,57.1,2400000,0xe0000
1781255211,56.5,2400000,0xe0000
1781255212,57.1,2400000,0xe0000
1781255213,57.6,2400000,0xe0000
1781255214,56.5,2400000,0xe0000
1781255215,57.6,2400000,0xe0000
1781255216,56.5,2400000,0xe0000
1781255217,57.1,2400000,0xe0000
1781255218,56.5,2400000,0xe0000
1781255219,56.5,2400000,0xe0000
1781255220,56.5,2400000,0xe0000
1781255221,57.1,2400000,0xe0000
1781255222,56.5,2400000,0xe0000
1781255223,57.1,2400000,0xe0000
1781255224,57.1,2400000,0xe0000
1781255225,57.1,2400000,0xe0000
1781255226,56.5,2400000,0xe0000
1781255227,56.5,2400000,0xe0000
1781255228,57.1,2400000,0xe0000
1781255229,57.1,2400000,0xe0000
1781255230,56.5,2400000,0xe0000
1781255231,57.1,2400000,0xe0000
1781255232,57.1,2400000,0xe0000
1781255233,56.5,2400000,0xe0000
1781255234,57.1,2400000,0xe0000
1781255235,56.5,2400000,0xe0000
1781255236,57.1,2400000,0xe0000
1781255237,56.5,2400000,0xe0000
1781255238,57.1,2400000,0xe0000
1781255240,57.6,2400000,0xe0000
1781255241,56.5,2400000,0xe0000
1781255242,57.1,2400000,0xe0000
1781255243,57.1,2400000,0xe0000
1781255244,57.1,2400000,0xe0000
1781255245,57.1,2400000,0xe0000
1781255246,57.1,2400000,0xe0000
1781255247,57.1,2400000,0xe0000
1781255248,57.1,2400000,0xe0000
1781255249,57.1,2400000,0xe0000
1781255250,57.6,2400000,0xe0000
1781255251,57.1,2400000,0xe0000
1781255252,57.1,2400000,0xe0000
1781255253,57.6,2400000,0xe0000
1781255254,57.6,2400000,0xe0000
1781255255,57.1,2400000,0xe0000
1781255256,57.1,2400000,0xe0000
1781255257,57.1,2400000,0xe0000
1781255258,56.5,2400000,0xe0000
1781255259,57.1,2400000,0xe0000
1781255260,57.6,2400000,0xe0000
1781255261,57.1,2400000,0xe0000
1781255262,57.6,2400000,0xe0000
1781255264,57.6,2400000,0xe0000
1781255265,57.1,2400000,0xe0000
1781255266,57.1,2400000,0xe0000
1781255267,57.1,2400000,0xe0000
1781255268,56.5,2400000,0xe0000
1781255269,57.1,2400000,0xe0000
1781255270,57.6,2400000,0xe0000
1781255271,58.2,2400000,0xe0000
1781255272,57.6,2400000,0xe0000
1781255273,57.6,2400000,0xe0000
1781255274,57.6,2400000,0xe0000
1781255275,57.1,2400000,0xe0000
1781255276,57.1,2400000,0xe0000
1781255277,57.6,2400000,0xe0000
1781255278,57.1,2400000,0xe0000
1781255279,57.1,2400000,0xe0000
1781255280,56.5,2400000,0xe0000
1781255281,57.6,2400000,0xe0000
1781255282,57.6,2400000,0xe0000
1781255283,57.6,2400000,0xe0000
1781255284,57.6,2400000,0xe0000
1781255285,57.1,2400000,0xe0000
1781255286,57.1,2400000,0xe0000
1781255287,57.1,2400000,0xe0000
1781255288,57.6,2400000,0xe0000
1781255289,57.6,2400000,0xe0000
1781255290,57.6,2400000,0xe0000
1781255292,57.6,2400000,0xe0000
1781255293,57.6,2400000,0xe0000
1781255294,57.1,2400000,0xe0000
1781255295,57.6,2400000,0xe0000
1781255296,57.6,2400000,0xe0000
1781255297,57.6,2400000,0xe0000
1781255298,57.6,2400000,0xe0000
1781255299,57.1,2400000,0xe0000
1781255300,57.1,2400000,0xe0000
1781255301,58.2,2400000,0xe0000
1781255302,57.6,2400000,0xe0000
1781255303,58.2,2400000,0xe0000
1781255304,57.6,2400000,0xe0000
1781255305,57.1,2400000,0xe0000
1781255306,57.6,2400000,0xe0000
1781255307,57.6,2400000,0xe0000
1781255308,57.6,2400000,0xe0000
1781255309,57.6,2400000,0xe0000
1781255310,57.1,2400000,0xe0000
1781255311,57.6,2400000,0xe0000
1781255312,58.2,2400000,0xe0000
1781255314,57.1,2400000,0xe0000
1781255315,57.1,2400000,0xe0000
1781255316,57.6,2400000,0xe0000
1781255317,57.6,2400000,0xe0000
1781255318,57.6,2400000,0xe0000
1781255319,57.1,2400000,0xe0000
1781255320,57.1,2400000,0xe0000
1781255321,57.6,2400000,0xe0000
1781255322,57.6,2400000,0xe0000
1781255323,56.5,2400000,0xe0000
1781255324,57.1,2400000,0xe0000
1781255325,57.1,2400000,0xe0000
1781255326,57.6,2400000,0xe0000
1781255327,57.6,2400000,0xe0000
1781255328,57.6,2400000,0xe0000
1781255329,58.2,2400000,0xe0000
1781255330,58.2,2400000,0xe0000
1781255331,57.1,2400000,0xe0000
1781255332,57.6,2400000,0xe0000
1781255333,57.6,2400000,0xe0000
1781255334,57.6,2400000,0xe0000
1781255335,58.2,2400000,0xe0000
1781255336,57.6,2400000,0xe0000
1781255337,56.5,2400000,0xe0000
1781255338,57.1,2400000,0xe0000
1781255339,57.1,2400000,0xe0000
1781255340,58.2,2400000,0xe0000
1781255341,57.6,2400000,0xe0000
1781255343,58.2,2400000,0xe0000
1781255344,57.6,2400000,0xe0000
1781255345,57.6,2400000,0xe0000
1781255346,57.6,2400000,0xe0000
1781255347,57.6,2400000,0xe0000
1781255348,57.1,2400000,0xe0000
1781255349,57.6,2400000,0xe0000
1781255350,57.6,2400000,0xe0000
1781255351,57.6,2400000,0xe0000
1781255352,57.6,2400000,0xe0000
1781255353,56.5,2400000,0xe0000
1781255354,58.2,2400000,0xe0000
1781255355,57.1,2400000,0xe0000
1781255356,57.6,2400000,0xe0000
1781255357,58.2,2400000,0xe0000
1781255358,57.6,2400000,0xe0000
1781255359,57.6,2400000,0xe0000
1781255360,57.6,2400000,0xe0000
1781255361,57.6,2400000,0xe0000
1781255363,57.1,2400000,0xe0000
1781255364,57.6,2400000,0xe0000
1781255365,57.1,2400000,0xe0000
1781255366,57.6,2400000,0xe0000
1781255367,57.6,2400000,0xe0000
1781255368,57.6,2400000,0xe0000
1781255369,57.6,2400000,0xe0000
1781255370,57.6,2400000,0xe0000
1781255371,57.6,2400000,0xe0000
1781255372,58.2,2400000,0xe0000
1781255373,57.1,2400000,0xe0000
1781255374,58.2,2400000,0xe0000
1781255375,58.2,2400000,0xe0000
1781255376,57.6,2400000,0xe0000
1781255377,57.6,2400000,0xe0000
1781255378,58.2,2400000,0xe0000
1781255379,57.1,2400000,0xe0000
1781255380,58.2,2400000,0xe0000
1781255381,58.2,2400000,0xe0000
1781255382,57.1,2400000,0xe0000
1781255383,57.6,2400000,0xe0000
1781255384,57.1,2400000,0xe0000
1781255385,58.2,2400000,0xe0000
1781255386,58.2,2400000,0xe0000
1781255387,58.2,2400000,0xe0000
1781255389,58.2,2400000,0xe0000
1781255390,58.2,2400000,0xe0000
1781255391,57.6,2400000,0xe0000
1781255392,57.6,2400000,0xe0000
1781255393,58.2,2400000,0xe0000
1781255394,57.6,2400000,0xe0000
1781255395,57.1,2400000,0xe0000
1781255396,57.1,2400000,0xe0000
1781255397,57.6,2400000,0xe0000
1781255398,58.2,2400000,0xe0000
1781255399,58.2,2400000,0xe0000
1781255400,58.2,2400000,0xe0000
1781255401,57.6,2400000,0xe0000
1781255402,57.6,2400000,0xe0000
1781255403,57.1,2400000,0xe0000
1781255404,57.6,2400000,0xe0000
1781255405,57.6,2400000,0xe0000
1781255406,57.6,2400000,0xe0000
1781255407,58.2,2400000,0xe0000
1781255408,57.6,2400000,0xe0000
1781255409,58.2,2400000,0xe0000
1781255410,58.2,2400000,0xe0000
1781255411,58.2,2400000,0xe0000
1781255412,57.6,2400000,0xe0000
1781255413,57.6,2400000,0xe0000
1781255415,57.6,2400000,0xe0000
1781255416,57.6,2400000,0xe0000
1781255417,58.2,2400000,0xe0000
1781255418,57.6,2400000,0xe0000
1781255419,57.6,2400000,0xe0000
1781255420,57.6,2400000,0xe0000
1781255421,57.6,2400000,0xe0000
1781255422,57.6,2400000,0xe0000
1781255423,58.2,2400000,0xe0000
1781255424,58.2,2400000,0xe0000
1781255425,57.6,2400000,0xe0000
1781255426,58.2,2400000,0xe0000
1781255427,58.2,2400000,0xe0000
1781255428,58.2,2400000,0xe0000
1781255429,57.6,2400000,0xe0000
1781255430,57.6,2400000,0xe0000
1781255431,57.1,2400000,0xe0000
1781255432,58.7,2400000,0xe0000
1781255433,57.6,2400000,0xe0000
1781255434,58.2,2400000,0xe0000
1781255435,57.6,2400000,0xe0000
1781255437,57.6,2400000,0xe0000
1781255438,57.6,2400000,0xe0000
1781255439,57.6,2400000,0xe0000
1781255440,58.2,2400000,0xe0000
1781255441,58.2,2400000,0xe0000
1781255442,57.6,2400000,0xe0000
1781255443,57.6,2400000,0xe0000
1781255444,57.6,2400000,0xe0000
1781255445,57.6,2400000,0xe0000
1781255446,58.2,2400000,0xe0000
1781255447,57.6,2400000,0xe0000
1781255448,57.6,2400000,0xe0000
1781255449,56.5,2400000,0xe0000
1781255450,57.6,2400000,0xe0000
1781255451,57.6,2400000,0xe0000
1781255452,58.2,2400000,0xe0000
1781255453,57.6,2400000,0xe0000
1781255454,58.2,2400000,0xe0000
1781255455,57.6,2400000,0xe0000
1781255456,57.6,2400000,0xe0000
1781255457,57.6,2400000,0xe0000
1781255458,58.2,2400000,0xe0000
1781255459,57.6,2400000,0xe0000
1781255460,58.2,2400000,0xe0000
1781255461,57.6,2400000,0xe0000
1781255462,57.6,2400000,0xe0000
1781255464,58.2,2400000,0xe0000
1781255465,57.6,2400000,0xe0000
1781255466,57.6,2400000,0xe0000
1781255467,57.6,2400000,0xe0000
1781255468,57.6,2400000,0xe0000
1781255469,57.6,2400000,0xe0000
1781255470,58.2,2400000,0xe0000
1781255471,57.6,2400000,0xe0000
1781255472,57.6,2400000,0xe0000
1781255473,58.2,2400000,0xe0000
1781255474,58.2,2400000,0xe0000
1781255475,57.6,2400000,0xe0000
1781255476,57.6,2400000,0xe0000
1781255477,57.6,2400000,0xe0000
1781255478,58.2,2400000,0xe0000
1781255479,58.2,2400000,0xe0000
1781255480,57.1,2400000,0xe0000
1781255481,57.1,2400000,0xe0000
1781255482,57.6,2400000,0xe0000
1781255483,58.2,2400000,0xe0000
1781255484,57.6,2400000,0xe0000
1781255485,57.6,2400000,0xe0000
1781255486,58.2,2400000,0xe0000
1781255488,58.2,2400000,0xe0000
1781255489,57.6,2400000,0xe0000
1781255490,58.2,2400000,0xe0000
1781255491,57.6,2400000,0xe0000
1781255492,58.2,2400000,0xe0000
1781255493,58.2,2400000,0xe0000
1781255494,58.2,2400000,0xe0000
1781255495,58.2,2400000,0xe0000
1781255496,57.6,2400000,0xe0000
1781255497,58.2,2400000,0xe0000
1781255498,58.2,2400000,0xe0000
1781255499,58.7,2400000,0xe0000
1781255500,58.2,2400000,0xe0000
1781255501,57.6,2400000,0xe0000
1781255502,57.6,2400000,0xe0000
1781255503,58.2,2400000,0xe0000
1781255504,57.1,2400000,0xe0000
1781255505,57.6,2400000,0xe0000
1781255506,57.6,2400000,0xe0000
1781255507,58.2,2400000,0xe0000
1781255508,57.6,2400000,0xe0000
1781255509,58.2,2400000,0xe0000
1781255511,58.2,2400000,0xe0000
1781255512,58.2,2400000,0xe0000
1781255513,58.2,2400000,0xe0000
1781255514,58.2,2400000,0xe0000
1781255515,57.6,2400000,0xe0000
1781255516,57.6,2400000,0xe0000
1781255517,57.6,2400000,0xe0000
1781255518,57.6,2400000,0xe0000
1781255519,58.2,2400000,0xe0000
1781255520,58.7,2400000,0xe0000
1781255521,58.2,2400000,0xe0000
1781255522,58.7,2400000,0xe0000
1781255523,58.2,2400000,0xe0000
1781255524,57.6,2400000,0xe0000
1781255525,58.2,2400000,0xe0000
1781255526,57.6,2400000,0xe0000
1781255527,56.5,2400000,0xe0000
1781255528,57.6,2400000,0xe0000
1781255529,57.6,2400000,0xe0000
1781255531,57.6,2400000,0xe0000
1781255532,57.6,2400000,0xe0000
1781255533,57.6,2400000,0xe0000
1781255534,57.6,2400000,0xe0000
1781255535,57.6,2400000,0xe0000
1781255536,58.7,2400000,0xe0000
1781255537,58.2,2400000,0xe0000
1781255538,58.2,2400000,0xe0000
1781255539,57.6,2400000,0xe0000
1781255540,57.6,2400000,0xe0000
1781255541,58.2,2400000,0xe0000
1781255542,57.6,2400000,0xe0000
1781255543,58.2,2400000,0xe0000
1781255544,57.6,2400000,0xe0000
1781255545,58.2,2400000,0xe0000
1781255546,57.6,2400000,0xe0000
1781255547,58.2,2400000,0xe0000
1781255548,58.2,2400000,0xe0000
1781255549,58.2,2400000,0xe0000
1781255550,58.2,2400000,0xe0000
1781255551,58.2,2400000,0xe0000
1781255552,58.2,2400000,0xe0000
1781255553,57.6,2400000,0xe0000
1781255555,57.6,2400000,0xe0000
1781255556,58.2,2400000,0xe0000
1781255557,57.6,2400000,0xe0000
1781255558,58.2,2400000,0xe0000
1781255559,58.2,2400000,0xe0000
1781255560,57.6,2400000,0xe0000
1781255561,57.6,2400000,0xe0000
1781255562,58.2,2400000,0xe0000
1781255563,58.2,2400000,0xe0000
1781255564,58.2,2400000,0xe0000
1781255565,58.2,2400000,0xe0000
1781255566,58.2,2400000,0xe0000
1781255567,58.2,2400000,0xe0000
1781255568,58.2,2400000,0xe0000
1781255569,58.7,2400000,0xe0000
1781255570,58.2,2400000,0xe0000
1781255571,58.2,2400000,0xe0000
1781255572,58.2,2400000,0xe0000
1781255573,58.7,2400000,0xe0000
1781255574,58.2,2400000,0xe0000
1781255575,58.2,2400000,0xe0000
1781255576,57.1,2400000,0xe0000
1781255577,58.2,2400000,0xe0000
1781255578,57.6,2400000,0xe0000
1781255579,58.2,2400000,0xe0000
1781255580,58.2,2400000,0xe0000
1781255581,57.6,2400000,0xe0000
1781255582,58.7,2400000,0xe0000
1781255583,58.7,2400000,0xe0000
1781255584,57.6,2400000,0xe0000
1781255585,58.2,2400000,0xe0000
1781255586,57.6,2400000,0xe0000
1781255587,58.2,2400000,0xe0000
1781255589,58.7,2400000,0xe0000
1781255590,56.5,2400000,0xe0000
1781255591,58.2,2400000,0xe0000
1781255592,58.2,2400000,0xe0000
1781255593,58.2,2400000,0xe0000
1781255594,58.2,2400000,0xe0000
1781255595,58.7,2400000,0xe0000
1781255596,58.7,2400000,0xe0000
1781255597,58.2,2400000,0xe0000
1781255598,57.6,2400000,0xe0000
1781255599,57.6,2400000,0xe0000
1781255600,58.2,2400000,0xe0000
1781255601,58.2,2400000,0xe0000
1781255602,58.2,2400000,0xe0000
1781255603,58.7,2400000,0xe0000
1781255604,57.6,2400000,0xe0000
1781255605,58.2,2400000,0xe0000
1781255606,56.5,2400000,0xe0000
1781255607,58.2,2400000,0xe0000
1781255608,58.7,2400000,0xe0000
1781255609,58.7,2400000,0xe0000
1781255610,58.2,2400000,0xe0000
1781255612,57.6,2400000,0xe0000
1781255613,57.6,2400000,0xe0000
1781255614,57.6,2400000,0xe0000
1781255615,58.2,2400000,0xe0000
1781255616,57.6,2400000,0xe0000
1781255617,58.2,2400000,0xe0000
1781255618,58.7,2400000,0xe0000
1781255619,57.6,2400000,0xe0000
1781255620,58.2,2400000,0xe0000
1781255621,58.2,2400000,0xe0000
1781255622,58.7,2400000,0xe0000
1781255623,58.2,2400000,0xe0000
1781255624,58.2,2400000,0xe0000
1781255625,58.2,2400000,0xe0000
1781255626,57.6,2400000,0xe0000
1781255627,58.2,2400000,0xe0000
1781255628,58.7,2400000,0xe0000
1781255629,57.6,2400000,0xe0000
1781255630,58.2,2400000,0xe0000
1781255631,58.7,2400000,0xe0000
1781255632,58.2,2400000,0xe0000
1781255633,58.2,2400000,0xe0000
1781255634,57.6,2400000,0xe0000
1781255635,58.7,2400000,0xe0000
1781255636,58.2,2400000,0xe0000
1781255637,57.6,2400000,0xe0000
1781255638,58.2,2400000,0xe0000
1781255639,58.2,2400000,0xe0000
1781255640,58.2,2400000,0xe0000
1781255641,58.2,2400000,0xe0000
1781255643,57.6,2400000,0xe0000
1781255644,58.2,2400000,0xe0000
1781255645,58.7,2400000,0xe0000
1781255646,58.2,2400000,0xe0000
1781255647,58.2,2400000,0xe0000
1781255648,59.3,2400000,0xe0000
1781255649,57.6,2400000,0xe0000
1781255650,58.2,2400000,0xe0000
1781255651,58.2,2400000,0xe0000
1781255652,58.7,2400000,0xe0000
1781255653,57.6,2400000,0xe0000
1781255654,57.6,2400000,0xe0000
1781255655,58.2,2400000,0xe0000
1781255656,58.2,2400000,0xe0000
1781255657,58.7,2400000,0xe0000
1781255658,58.7,2400000,0xe0000
1781255659,58.2,2400000,0xe0000
1781255660,58.2,2400000,0xe0000
1781255661,58.2,2400000,0xe0000
1781255662,58.2,2400000,0xe0000
1781255663,58.2,2400000,0xe0000
1781255664,58.7,2400000,0xe0000
1781255665,58.7,2400000,0xe0000
1781255666,58.2,2400000,0xe0000
1781255668,57.6,2400000,0xe0000
1781255669,58.2,2400000,0xe0000
1781255670,58.2,2400000,0xe0000
1781255671,58.2,2400000,0xe0000
1781255672,58.2,2400000,0xe0000
1781255673,57.6,2400000,0xe0000
1781255674,58.7,2400000,0xe0000
1781255675,58.2,2400000,0xe0000
1781255676,58.2,2400000,0xe0000
1781255677,57.6,2400000,0xe0000
1781255678,58.2,2400000,0xe0000
1781255679,58.2,2400000,0xe0000
1781255680,58.7,2400000,0xe0000
1781255681,58.2,2400000,0xe0000
1781255682,57.6,2400000,0xe0000
1781255683,58.2,2400000,0xe0000
1781255684,58.2,2400000,0xe0000
1781255685,57.1,2400000,0xe0000
1781255686,58.2,2400000,0xe0000
1781255687,58.2,2400000,0xe0000
1781255688,58.2,2400000,0xe0000
1781255689,58.2,2400000,0xe0000
1781255690,58.2,2400000,0xe0000
1781255691,57.6,2400000,0xe0000
1781255692,58.2,2400000,0xe0000
1781255694,58.2,2400000,0xe0000
1781255695,57.6,2400000,0xe0000
1781255696,58.2,2400000,0xe0000
1781255697,58.2,2400000,0xe0000
1781255698,58.2,2400000,0xe0000
1781255699,58.7,2400000,0xe0000
1781255700,56.5,2400000,0xe0000
1781255701,58.2,2400000,0xe0000
1781255702,57.6,2400000,0xe0000
1781255703,57.1,2400000,0xe0000
1781255704,58.2,2400000,0xe0000
1781255705,58.2,2400000,0xe0000
1781255706,57.6,2400000,0xe0000
1781255707,58.2,2400000,0xe0000
1781255708,57.6,2400000,0xe0000
1781255709,57.6,2400000,0xe0000
1781255710,58.2,2400000,0xe0000
1781255711,58.2,2400000,0xe0000
1781255712,57.6,2400000,0xe0000
1781255713,58.7,2400000,0xe0000
1781255714,57.6,2400000,0xe0000
1781255716,57.6,2400000,0xe0000
1781255717,58.2,2400000,0xe0000
1781255718,57.1,2400000,0xe0000
1781255719,58.2,2400000,0xe0000
1781255720,56.5,2400000,0xe0000
1781255721,58.2,2400000,0xe0000
1781255722,57.6,2400000,0xe0000
1781255723,57.6,2400000,0xe0000
1781255724,58.7,2400000,0xe0000
1781255725,58.7,2400000,0xe0000
1781255726,58.2,2400000,0xe0000
1781255727,58.2,2400000,0xe0000
1781255728,57.6,2400000,0xe0000
1781255729,58.2,2400000,0xe0000
1781255730,57.6,2400000,0xe0000
1781255731,58.2,2400000,0xe0000
1781255732,58.2,2400000,0xe0000
1781255733,58.7,2400000,0xe0000
1781255734,58.2,2400000,0xe0000
1781255735,58.2,2400000,0xe0000
1781255736,57.1,2400000,0xe0000
1781255738,58.2,2400000,0xe0000
1781255739,58.7,2400000,0xe0000
1781255740,58.2,2400000,0xe0000
1781255741,58.2,2400000,0xe0000
1781255742,57.6,2400000,0xe0000
1781255743,58.2,2400000,0xe0000
1781255744,58.2,2400000,0xe0000
1781255745,57.6,2400000,0xe0000
1781255746,58.7,2400000,0xe0000
1781255747,58.2,2400000,0xe0000
1781255748,57.6,2400000,0xe0000
1781255749,57.6,2400000,0xe0000
1781255750,57.6,2400000,0xe0000
1781255751,57.6,2400000,0xe0000
1781255752,58.7,2400000,0xe0000
1781255753,58.2,2400000,0xe0000
1781255754,58.7,2400000,0xe0000
1781255755,57.6,2400000,0xe0000
1781255757,58.2,2400000,0xe0000
1781255758,58.2,2400000,0xe0000
1781255759,58.7,2400000,0xe0000
1781255760,57.6,2400000,0xe0000
1781255761,58.2,2400000,0xe0000
1781255762,57.6,2400000,0xe0000
1781255763,57.6,2400000,0xe0000
1781255764,57.6,2400000,0xe0000
1781255765,58.2,2400000,0xe0000
1781255766,57.6,2400000,0xe0000
1781255767,57.6,2400000,0xe0000
1781255768,58.2,2400000,0xe0000
1781255769,57.6,2400000,0xe0000
1781255770,57.6,2400000,0xe0000
1781255771,58.2,2400000,0xe0000
1781255772,57.1,2400000,0xe0000
1781255773,58.2,2400000,0xe0000
1781255774,57.6,2400000,0xe0000
1781255775,58.7,2400000,0xe0000
1781255776,58.2,2400000,0xe0000
1781255777,58.7,2400000,0xe0000
1781255778,58.2,2400000,0xe0000
1781255779,58.2,2400000,0xe0000
1781255780,57.6,2400000,0xe0000
1781255781,57.6,2400000,0xe0000
1781255783,57.6,2400000,0xe0000
1781255784,58.7,2400000,0xe0000
1781255785,58.2,2400000,0xe0000
1781255786,58.2,2400000,0xe0000
1781255787,58.2,2400000,0xe0000
1781255788,58.2,2400000,0xe0000
1781255789,58.2,2400000,0xe0000
1781255790,58.2,2400000,0xe0000
1781255791,58.2,2400000,0xe0000
1781255792,58.2,2400000,0xe0000
1781255793,57.6,2400000,0xe0000
1781255794,57.1,2400000,0xe0000
1781255795,58.2,2400000,0xe0000
1781255796,57.6,2400000,0xe0000
1781255797,57.6,2400000,0xe0000
1781255798,57.6,2400000,0xe0000
1781255799,58.2,2400000,0xe0000
1781255801,58.7,2400000,0xe0000
1781255802,58.2,2400000,0xe0000
1781255803,58.7,2400000,0xe0000
1781255804,58.7,2400000,0xe0000
1781255805,57.6,2400000,0xe0000
1781255806,59.3,2400000,0xe0000
1781255807,58.2,2400000,0xe0000
1781255808,58.7,2400000,0xe0000
1781255809,58.7,2400000,0xe0000
1781255810,57.6,2400000,0xe0000
1781255811,58.2,2400000,0xe0000
1781255812,57.6,2400000,0xe0000
1781255813,58.2,2400000,0xe0000
1781255814,58.7,2400000,0xe0000
1781255815,58.2,2400000,0xe0000
1781255816,58.7,2400000,0xe0000
1781255817,58.2,2400000,0xe0000
1781255818,58.7,2400000,0xe0000
1781255819,58.7,2400000,0xe0000
1781255821,58.2,2400000,0xe0000
1781255822,58.2,2400000,0xe0000
1781255823,57.1,2400000,0xe0000
1781255824,57.1,2400000,0xe0000
1781255825,57.1,2400000,0xe0000
1781255826,58.2,2400000,0xe0000
1781255827,58.2,2400000,0xe0000
1781255828,58.2,2400000,0xe0000
1781255829,58.2,2400000,0xe0000
1781255830,58.2,2400000,0xe0000
1781255831,58.2,2400000,0xe0000
1781255832,57.6,2400000,0xe0000
1781255833,57.6,2400000,0xe0000
1781255834,58.2,2400000,0xe0000
1781255835,58.2,2400000,0xe0000
1781255836,58.7,2400000,0xe0000
1781255837,57.1,2400000,0xe0000
1781255838,57.6,2400000,0xe0000
1781255839,58.7,2400000,0xe0000
1781255840,57.6,2400000,0xe0000
1781255841,57.6,2400000,0xe0000
1781255842,58.7,2400000,0xe0000
1781255843,57.6,2400000,0xe0000
1781255844,58.2,2400000,0xe0000
1781255845,58.2,2400000,0xe0000
1781255846,58.7,2400000,0xe0000
1781255847,57.6,2400000,0xe0000
1781255848,57.6,2400000,0xe0000
1781255849,58.7,2400000,0xe0000
1781255851,57.6,2400000,0xe0000
1781255852,58.2,2400000,0xe0000
1781255853,58.2,2400000,0xe0000
1781255854,58.7,2400000,0xe0000
1781255855,58.2,2400000,0xe0000
1781255856,58.2,2400000,0xe0000
1781255857,57.6,2400000,0xe0000
1781255858,57.6,2400000,0xe0000
1781255859,58.2,2400000,0xe0000
1781255860,58.2,2400000,0xe0000
1781255861,58.2,2400000,0xe0000
1781255862,56.5,2400000,0xe0000
1781255863,57.6,2400000,0xe0000
1781255864,58.2,2400000,0xe0000
1781255865,58.2,2400000,0xe0000
1781255866,58.2,2400000,0xe0000
1781255867,58.2,2400000,0xe0000
1781255868,58.7,2400000,0xe0000
1781255869,57.6,2400000,0xe0000
1781255870,58.2,2400000,0xe0000
1781255871,58.2,2400000,0xe0000
1781255872,58.7,2400000,0xe0000
1781255873,58.2,2400000,0xe0000
1781255874,58.7,2400000,0xe0000
1781255875,58.2,2400000,0xe0000
1781255876,57.1,2400000,0xe0000
1781255877,58.2,2400000,0xe0000
1781255878,58.2,2400000,0xe0000
1781255879,57.6,2400000,0xe0000
1781255880,57.6,2400000,0xe0000
1781255882,58.2,2400000,0xe0000
1781255883,58.2,2400000,0xe0000
1781255884,57.1,2400000,0xe0000
1781255885,58.2,2400000,0xe0000
1781255886,58.2,2400000,0xe0000
1781255887,57.6,2400000,0xe0000
1781255888,58.2,2400000,0xe0000
1781255889,58.2,2400000,0xe0000
1781255890,56.5,2400000,0xe0000
1781255891,58.7,2400000,0xe0000
1781255892,57.6,2400000,0xe0000
1781255893,58.2,2400000,0xe0000
1781255894,57.6,2400000,0xe0000
1781255895,57.6,2400000,0xe0000
1781255896,58.2,2400000,0xe0000
1781255897,58.2,2400000,0xe0000
1781255898,58.2,2400000,0xe0000
1781255899,58.2,2400000,0xe0000
1781255900,57.1,2400000,0xe0000
1781255901,58.2,2400000,0xe0000
1781255902,57.6,2400000,0xe0000
1781255903,58.2,2400000,0xe0000
1781255904,58.7,2400000,0xe0000
1781255905,57.6,2400000,0xe0000
1781255906,58.2,2400000,0xe0000
1781255907,57.6,2400000,0xe0000
1781255908,58.2,2400000,0xe0000
1781255910,58.2,2400000,0xe0000
1781255911,58.2,2400000,0xe0000
1781255912,57.6,2400000,0xe0000
1781255913,57.6,2400000,0xe0000
1781255914,57.6,2400000,0xe0000
1781255915,58.2,2400000,0xe0000
1781255916,58.2,2400000,0xe0000
1781255917,57.1,2400000,0xe0000
1781255918,58.2,2400000,0xe0000
1781255919,58.2,2400000,0xe0000
1781255920,58.7,2400000,0xe0000
1781255921,57.6,2400000,0xe0000
1781255922,57.6,2400000,0xe0000
1781255923,57.6,2400000,0xe0000
1781255924,58.2,2400000,0xe0000
1781255925,58.2,2400000,0xe0000
1781255926,58.2,2400000,0xe0000
1781255928,57.6,2400000,0xe0000
1781255929,57.1,2400000,0xe0000
1781255930,58.2,2400000,0xe0000
1781255931,58.2,2400000,0xe0000
1781255932,58.2,2400000,0xe0000
1781255933,57.6,2400000,0xe0000
1781255934,57.6,2400000,0xe0000
1781255935,58.2,2400000,0xe0000
1781255936,58.2,2400000,0xe0000
1781255937,57.6,2400000,0xe0000
1781255938,57.6,2400000,0xe0000
1781255939,57.6,2400000,0xe0000
1781255940,57.6,2400000,0xe0000
1781255941,57.1,2400000,0xe0000
1781255942,57.6,2400000,0xe0000
1781255943,57.6,2400000,0xe0000
1781255944,57.6,2400000,0xe0000
1781255945,58.2,2400000,0xe0000
1781255946,57.6,2400000,0xe0000
1781255947,58.2,2400000,0xe0000
1781255948,58.2,2400000,0xe0000
1781255949,57.6,2400000,0xe0000
1781255950,58.2,2400000,0xe0000
1781255952,58.7,2400000,0xe0000
1781255953,58.2,2400000,0xe0000
1781255954,57.6,2400000,0xe0000
1781255955,58.2,2400000,0xe0000
1781255956,58.7,2400000,0xe0000
1781255957,58.2,2400000,0xe0000
1781255958,58.2,2400000,0xe0000
1781255959,57.6,2400000,0xe0000
1781255960,58.2,2400000,0xe0000
1781255961,58.2,2400000,0xe0000
1781255962,58.2,2400000,0xe0000
1781255963,58.2,2400000,0xe0000
1781255964,58.7,2400000,0xe0000
1781255965,58.2,2400000,0xe0000
1781255966,57.6,2400000,0xe0000
1781255967,58.2,2400000,0xe0000
1781255968,57.6,2400000,0xe0000
1781255969,57.1,2400000,0xe0000
1781255970,58.2,2400000,0xe0000
1781255971,57.6,2400000,0xe0000
1781255972,58.7,2400000,0xe0000
1781255973,58.2,2400000,0xe0000
1781255974,58.2,2400000,0xe0000
1781255975,57.6,2400000,0xe0000
1781255977,58.7,2400000,0xe0000
1781255978,58.7,2400000,0xe0000
1781255979,58.2,2400000,0xe0000
1781255980,58.7,2400000,0xe0000
1781255981,58.2,2400000,0xe0000
1781255982,57.6,2400000,0xe0000
1781255983,58.2,2400000,0xe0000
1781255984,58.2,2400000,0xe0000
1781255985,57.6,2400000,0xe0000
1781255986,57.6,2400000,0xe0000
1781255987,57.6,2400000,0xe0000
1781255988,57.6,2400000,0xe0000
1781255989,58.2,2400000,0xe0000
1781255990,57.6,2400000,0xe0000
1781255991,57.6,2400000,0xe0000
1781255992,58.2,2400000,0xe0000
1781255993,58.2,2400000,0xe0000
1781255994,58.7,2400000,0xe0000
1781255995,58.7,2400000,0xe0000
1781255997,58.2,2400000,0xe0000
1781255998,58.7,2400000,0xe0000
1781255999,56.5,2400000,0xe0000
1781256000,57.6,2400000,0xe0000
1781256001,58.2,2400000,0xe0000
1781256002,58.2,2400000,0xe0000
1781256003,57.6,2400000,0xe0000
1781256004,57.6,2400000,0xe0000
1781256005,58.2,2400000,0xe0000
1781256006,58.2,2400000,0xe0000
1781256007,57.6,2400000,0xe0000
1781256008,58.7,2400000,0xe0000
1781256009,57.6,2400000,0xe0000
1781256010,58.2,2400000,0xe0000
1781256011,58.2,2400000,0xe0000
1781256012,58.2,2400000,0xe0000
1781256013,58.2,2400000,0xe0000
1781256014,57.1,2400000,0xe0000
1781256015,58.2,2400000,0xe0000
1781256016,57.6,2400000,0xe0000
1781256017,57.6,2400000,0xe0000
1781256018,58.2,2400000,0xe0000
1781256019,58.2,2400000,0xe0000
1781256020,57.6,2400000,0xe0000
1781256021,58.7,2400000,0xe0000
1781256023,57.6,2400000,0xe0000
1781256024,58.2,2400000,0xe0000
1781256025,57.6,2400000,0xe0000
1781256026,57.6,2400000,0xe0000
1781256027,57.6,2400000,0xe0000
1781256028,58.2,2400000,0xe0000
1781256029,58.2,2400000,0xe0000
1781256030,58.2,2400000,0xe0000
1781256031,57.6,2400000,0xe0000
1781256032,57.1,2400000,0xe0000
1781256033,57.6,2400000,0xe0000
1781256034,57.6,2400000,0xe0000
1781256035,58.2,2400000,0xe0000
1781256036,58.7,2400000,0xe0000
1781256037,57.1,2400000,0xe0000
1781256038,58.2,2400000,0xe0000
1781256039,58.2,2400000,0xe0000
1781256040,58.7,2400000,0xe0000
1781256041,57.6,2400000,0xe0000
1781256042,58.2,2400000,0xe0000
1781256043,57.6,2400000,0xe0000
1781256044,58.2,2400000,0xe0000
1781256045,57.6,2400000,0xe0000
1781256046,57.6,2400000,0xe0000
1781256047,57.6,2400000,0xe0000
1781256049,57.6,2400000,0xe0000
1781256050,58.7,2400000,0xe0000
1781256051,57.6,2400000,0xe0000
1781256052,58.2,2400000,0xe0000
1781256053,57.6,2400000,0xe0000
1781256054,57.6,2400000,0xe0000
1781256055,57.6,2400000,0xe0000
1781256056,58.2,2400000,0xe0000
1781256057,58.2,2400000,0xe0000
1781256058,58.2,2400000,0xe0000
1781256059,57.6,2400000,0xe0000
1781256060,56.5,2400000,0xe0000
1781256061,58.2,2400000,0xe0000
1781256062,57.6,2400000,0xe0000
1781256063,57.6,2400000,0xe0000
1781256064,58.2,2400000,0xe0000
1781256065,58.2,2400000,0xe0000
1781256066,57.6,2400000,0xe0000
1781256067,58.7,2400000,0xe0000
1781256068,57.6,2400000,0xe0000
1781256069,57.6,2400000,0xe0000
1781256070,58.2,2400000,0xe0000
1781256071,58.2,2400000,0xe0000
1781256072,58.2,2400000,0xe0000
1781256073,58.2,2400000,0xe0000
1781256074,58.7,2400000,0xe0000
1781256075,57.6,2400000,0xe0000
1781256076,58.2,2400000,0xe0000
1781256077,57.6,2400000,0xe0000
1781256079,57.6,2400000,0xe0000
1781256080,57.6,2400000,0xe0000
1781256081,58.7,2400000,0xe0000
1781256082,57.6,2400000,0xe0000
1781256083,58.2,2400000,0xe0000
1781256084,58.2,2400000,0xe0000
1781256085,58.2,2400000,0xe0000
1781256086,58.2,2400000,0xe0000
1781256087,57.6,2400000,0xe0000
1781256088,58.2,2400000,0xe0000
1781256089,57.1,2400000,0xe0000
1781256090,57.6,2400000,0xe0000
1781256091,58.2,2400000,0xe0000
1781256092,58.2,2400000,0xe0000
1781256093,57.6,2400000,0xe0000
1781256094,57.6,2400000,0xe0000
1781256095,58.7,2400000,0xe0000
1781256096,58.2,2400000,0xe0000
1781256097,56.5,2400000,0xe0000
1781256098,58.2,2400000,0xe0000
1781256099,58.2,2400000,0xe0000
1781256100,58.2,2400000,0xe0000
1781256102,57.1,2400000,0xe0000
1781256103,58.2,2400000,0xe0000
1781256104,57.6,2400000,0xe0000
1781256105,58.2,2400000,0xe0000
1781256106,57.6,2400000,0xe0000
1781256107,57.6,2400000,0xe0000
1781256108,57.6,2400000,0xe0000
1781256109,57.6,2400000,0xe0000
1781256110,57.6,2400000,0xe0000
1781256111,58.2,2400000,0xe0000
1781256112,57.6,2400000,0xe0000
1781256113,58.2,2400000,0xe0000
1781256114,58.2,2400000,0xe0000
1781256115,57.6,2400000,0xe0000
1781256116,57.6,2400000,0xe0000
1781256118,58.2,2400000,0xe0000
1781256119,57.6,2400000,0xe0000
1781256120,57.1,2400000,0xe0000
1781256121,58.2,2400000,0xe0000
1781256122,57.1,2400000,0xe0000
1781256123,57.6,2400000,0xe0000
1781256124,57.6,2400000,0xe0000
1781256125,57.6,2400000,0xe0000
1781256126,58.2,2400000,0xe0000
1781256127,57.1,2400000,0xe0000
1781256128,58.2,2400000,0xe0000
1781256129,57.6,2400000,0xe0000
1781256130,57.6,2400000,0xe0000
1781256131,58.2,2400000,0xe0000
1781256132,57.1,2400000,0xe0000
1781256133,57.6,2400000,0xe0000
1781256134,57.6,2400000,0xe0000
1781256136,57.1,2400000,0xe0000
1781256137,57.1,2400000,0xe0000
1781256138,58.2,2400000,0xe0000
1781256139,57.1,2400000,0xe0000
1781256140,58.2,2400000,0xe0000
1781256141,57.6,2400000,0xe0000
1781256142,58.2,2400000,0xe0000
1781256143,58.2,2400000,0xe0000
1781256144,58.7,2400000,0xe0000
1781256145,57.1,2400000,0xe0000
1781256146,58.2,2400000,0xe0000
1781256147,58.2,2400000,0xe0000
1781256148,58.2,2400000,0xe0000
1781256149,58.2,2400000,0xe0000
1781256150,57.1,2400000,0xe0000
1781256151,58.2,2400000,0xe0000
1781256152,57.6,2400000,0xe0000
1781256153,58.7,2400000,0xe0000
1781256154,58.2,2400000,0xe0000
1781256155,57.6,2400000,0xe0000
1781256156,57.6,2400000,0xe0000
1781256157,58.2,2400000,0xe0000
1781256158,57.6,2400000,0xe0000
1781256159,58.2,2400000,0xe0000
1781256160,57.6,2400000,0xe0000
1781256161,58.2,2400000,0xe0000
1781256162,58.7,2400000,0xe0000
1781256163,58.2,2400000,0xe0000
1781256165,58.2,2400000,0xe0000
1781256166,58.2,2400000,0xe0000
1781256167,58.2,2400000,0xe0000
1781256168,57.6,2400000,0xe0000
1781256169,57.6,2400000,0xe0000
1781256170,56.5,2400000,0xe0000
1781256171,57.6,2400000,0xe0000
1781256172,57.6,2400000,0xe0000
1781256173,57.6,2400000,0xe0000
1781256174,58.2,2400000,0xe0000
1781256175,57.6,2400000,0xe0000
1781256176,57.6,2400000,0xe0000
1781256177,57.6,2400000,0xe0000
1781256178,57.6,2400000,0xe0000
1781256179,57.6,2400000,0xe0000
1781256180,58.2,2400000,0xe0000
1781256181,57.6,2400000,0xe0000
1781256182,57.6,2400000,0xe0000
1781256183,58.2,2400000,0xe0000
1781256184,58.2,2400000,0xe0000
1781256185,57.6,2400000,0xe0000
1781256187,57.6,2400000,0xe0000
1781256188,57.6,2400000,0xe0000
1781256189,57.1,2400000,0xe0000
1781256190,57.6,2400000,0xe0000
1781256191,58.2,2400000,0xe0000
1781256192,57.6,2400000,0xe0000
1781256193,58.2,2400000,0xe0000
1781256194,58.2,2400000,0xe0000
1781256195,57.6,2400000,0xe0000
1781256196,57.6,2400000,0xe0000
1781256197,58.2,2400000,0xe0000
1781256198,57.6,2400000,0xe0000
1781256199,58.2,2400000,0xe0000
1781256200,57.1,2400000,0xe0000
1781256201,57.6,2400000,0xe0000
1781256202,58.2,2400000,0xe0000
1781256203,58.2,2400000,0xe0000
1781256204,58.2,2400000,0xe0000
1781256205,58.2,2400000,0xe0000
1781256206,57.6,2400000,0xe0000
1781256207,58.2,2400000,0xe0000
1781256208,58.2,2400000,0xe0000
1781256209,57.6,2400000,0xe0000
1781256210,57.6,2400000,0xe0000
1781256211,57.6,2400000,0xe0000
1781256213,57.6,2400000,0xe0000
1781256214,57.1,2400000,0xe0000
1781256215,57.6,2400000,0xe0000
1781256216,57.6,2400000,0xe0000
1781256217,57.1,2400000,0xe0000
1781256218,58.2,2400000,0xe0000
1781256219,57.1,2400000,0xe0000
1781256220,57.6,2400000,0xe0000
1781256221,57.6,2400000,0xe0000
1781256222,57.1,2400000,0xe0000
1781256223,57.6,2400000,0xe0000
1781256224,57.6,2400000,0xe0000
1781256225,58.2,2400000,0xe0000
1781256226,58.2,2400000,0xe0000
1781256227,58.2,2400000,0xe0000
1781256228,57.6,2400000,0xe0000
1781256229,57.6,2400000,0xe0000
1781256230,57.6,2400000,0xe0000
1781256231,57.6,2400000,0xe0000
1781256232,57.6,2400000,0xe0000
1781256233,58.7,2400000,0xe0000
1781256234,57.6,2400000,0xe0000
1781256235,58.2,2400000,0xe0000
1781256237,58.2,2400000,0xe0000
1781256238,58.2,2400000,0xe0000
1781256239,57.6,2400000,0xe0000
1781256240,57.6,2400000,0xe0000
1781256241,57.6,2400000,0xe0000
1781256242,57.6,2400000,0xe0000
1781256243,58.2,2400000,0xe0000
1781256244,57.6,2400000,0xe0000
1781256245,56.5,2400000,0xe0000
1781256246,57.6,2400000,0xe0000
1781256247,57.1,2400000,0xe0000
1781256248,57.6,2400000,0xe0000
1781256249,57.6,2400000,0xe0000
1781256250,57.6,2400000,0xe0000
1781256251,57.6,2400000,0xe0000
1781256252,57.6,2400000,0xe0000
1781256253,58.2,2400000,0xe0000
1781256254,57.6,2400000,0xe0000
1781256255,57.6,2400000,0xe0000
1781256256,57.6,2400000,0xe0000
1781256257,58.2,2400000,0xe0000
1781256258,58.2,2400000,0xe0000
1781256259,58.2,2400000,0xe0000
1781256260,57.6,2400000,0xe0000
1781256261,57.6,2400000,0xe0000
1781256262,57.6,2400000,0xe0000
1781256263,58.2,2400000,0xe0000
1781256264,58.2,2400000,0xe0000
1781256265,57.6,2400000,0xe0000
1781256266,57.6,2400000,0xe0000
1781256267,57.6,2400000,0xe0000
1781256268,58.7,2400000,0xe0000
1781256270,57.6,2400000,0xe0000
1781256271,57.6,2400000,0xe0000
1781256272,57.6,2400000,0xe0000
1781256273,58.2,2400000,0xe0000
1781256274,57.6,2400000,0xe0000
1781256275,57.1,2400000,0xe0000
1781256276,57.6,2400000,0xe0000
1781256277,57.6,2400000,0xe0000
1781256278,57.6,2400000,0xe0000
1781256279,57.6,2400000,0xe0000
1781256280,58.2,2400000,0xe0000
1781256281,58.2,2400000,0xe0000
1781256282,57.6,2400000,0xe0000
1781256283,57.6,2400000,0xe0000
1781256284,58.2,2400000,0xe0000
1781256285,58.2,2400000,0xe0000
1781256286,58.2,2400000,0xe0000
1781256287,56.0,2400000,0xe0000
1781256288,57.6,2400000,0xe0000
1781256289,58.2,2400000,0xe0000
1781256290,57.6,2400000,0xe0000
1781256291,58.2,2400000,0xe0000
1781256292,57.6,2400000,0xe0000
1781256293,58.2,2400000,0xe0000
1781256294,57.6,2400000,0xe0000
1781256295,58.2,2400000,0xe0000
1781256296,58.2,2400000,0xe0000
1781256297,57.6,2400000,0xe0000
1781256298,57.1,2400000,0xe0000
1781256300,58.2,2400000,0xe0000
1781256301,58.2,2400000,0xe0000
1781256302,57.6,2400000,0xe0000
1781256303,58.2,2400000,0xe0000
1781256304,57.6,2400000,0xe0000
1781256305,57.6,2400000,0xe0000
1781256306,57.6,2400000,0xe0000
1781256307,57.6,2400000,0xe0000
1781256308,58.2,2400000,0xe0000
1781256309,57.1,2400000,0xe0000
1781256310,57.6,2400000,0xe0000
1781256311,58.2,2400000,0xe0000
1781256312,57.6,2400000,0xe0000
1781256313,57.6,2400000,0xe0000
1781256314,58.2,2400000,0xe0000
1781256315,58.2,2400000,0xe0000
1781256316,57.6,2400000,0xe0000
1781256317,57.6,2400000,0xe0000
1781256318,57.6,2400000,0xe0000
1781256319,58.2,2400000,0xe0000
1781256320,57.6,2400000,0xe0000
1781256321,56.5,2400000,0xe0000
1781256322,57.6,2400000,0xe0000
1781256323,57.6,2400000,0xe0000
1781256324,58.2,2400000,0xe0000
1781256325,57.6,2400000,0xe0000
1781256326,58.2,2400000,0xe0000
1781256327,57.6,2400000,0xe0000
1781256328,57.6,2400000,0xe0000
1781256330,57.6,2400000,0xe0000
1781256331,57.6,2400000,0xe0000
1781256332,58.2,2400000,0xe0000
1781256333,57.6,2400000,0xe0000
1781256334,57.6,2400000,0xe0000
1781256335,58.2,2400000,0xe0000
1781256336,58.2,2400000,0xe0000
1781256337,58.2,2400000,0xe0000
1781256338,58.2,2400000,0xe0000
1781256339,58.2,2400000,0xe0000
1781256340,58.2,2400000,0xe0000
1781256341,58.2,2400000,0xe0000
1781256342,58.2,2400000,0xe0000
1781256343,58.2,2400000,0xe0000
1781256344,58.2,2400000,0xe0000
1781256345,57.6,2400000,0xe0000
1781256346,58.2,2400000,0xe0000
1781256347,57.1,2400000,0xe0000
1781256348,57.6,2400000,0xe0000
1781256350,57.6,2400000,0xe0000
1781256351,58.2,2400000,0xe0000
1781256352,57.6,2400000,0xe0000
1781256353,58.2,2400000,0xe0000
1781256354,57.6,2400000,0xe0000
1781256355,58.2,2400000,0xe0000
1781256356,57.6,2400000,0xe0000
1781256357,58.2,2400000,0xe0000
1781256358,58.2,2400000,0xe0000
1781256359,56.5,2400000,0xe0000
1781256360,56.5,2400000,0xe0000
1781256361,56.5,2400000,0xe0000
1781256362,57.1,2400000,0xe0000
1781256363,57.6,2400000,0xe0000
1781256364,57.6,2400000,0xe0000
1781256365,57.6,2400000,0xe0000
1781256366,57.6,2400000,0xe0000
1781256367,58.2,2400000,0xe0000
1781256368,57.6,2400000,0xe0000
1781256369,57.1,2400000,0xe0000
1781256370,57.6,2400000,0xe0000
1781256371,58.2,2400000,0xe0000
1781256372,57.6,2400000,0xe0000
1781256373,57.6,2400000,0xe0000
1781256374,57.1,2400000,0xe0000
1781256375,57.6,2400000,0xe0000
1781256376,57.6,2400000,0xe0000
1781256377,58.7,2400000,0xe0000
1781256379,58.2,2400000,0xe0000
1781256380,58.2,2400000,0xe0000
1781256381,57.6,2400000,0xe0000
1781256382,58.2,2400000,0xe0000
1781256383,58.2,2400000,0xe0000
1781256384,58.2,2400000,0xe0000
1781256385,57.6,2400000,0xe0000
1781256386,57.6,2400000,0xe0000
1781256387,57.6,2400000,0xe0000
1781256388,58.2,2400000,0xe0000
1781256389,57.6,2400000,0xe0000
1781256390,58.2,2400000,0xe0000
1781256391,57.6,2400000,0xe0000
1781256392,58.2,2400000,0xe0000
1781256393,57.1,2400000,0xe0000
1781256394,57.6,2400000,0xe0000
1781256395,57.1,2400000,0xe0000
1781256396,57.6,2400000,0xe0000
1781256397,57.6,2400000,0xe0000
1781256398,57.6,2400000,0xe0000
1781256399,57.6,2400000,0xe0000
1781256401,57.6,2400000,0xe0000
1781256402,58.2,2400000,0xe0000
1781256403,57.6,2400000,0xe0000
1781256404,57.6,2400000,0xe0000
1781256405,57.6,2400000,0xe0000
1781256406,57.6,2400000,0xe0000
1781256407,57.6,2400000,0xe0000
1781256408,58.2,2400000,0xe0000
1781256409,57.6,2400000,0xe0000
1781256410,57.6,2400000,0xe0000
1781256411,57.6,2400000,0xe0000
1781256412,57.6,2400000,0xe0000
1781256413,58.2,2400000,0xe0000
1781256414,57.1,2400000,0xe0000
1781256415,57.6,2400000,0xe0000
1781256416,57.6,2400000,0xe0000
1781256417,57.6,2400000,0xe0000
1781256418,56.5,2400000,0xe0000
1781256419,58.7,2400000,0xe0000
1781256420,57.1,2400000,0xe0000
1781256421,57.6,2400000,0xe0000
1781256422,57.1,2400000,0xe0000
1781256423,57.1,2400000,0xe0000
1781256424,57.1,2400000,0xe0000
1781256425,58.2,2400000,0xe0000
1781256426,57.1,2400000,0xe0000
1781256427,58.2,2400000,0xe0000
1781256429,57.6,2400000,0xe0000
1781256430,57.1,2400000,0xe0000
1781256431,57.6,2400000,0xe0000
1781256432,58.7,2400000,0xe0000
1781256433,57.6,2400000,0xe0000
1781256434,57.6,2400000,0xe0000
1781256435,57.6,2400000,0xe0000
1781256436,58.2,2400000,0xe0000
1781256437,58.2,2400000,0xe0000
1781256438,58.2,2400000,0xe0000
1781256439,58.2,2400000,0xe0000
1781256440,57.6,2400000,0xe0000
1781256441,57.6,2400000,0xe0000
1781256442,57.6,2400000,0xe0000
1781256443,57.6,2400000,0xe0000
1781256444,57.6,2400000,0xe0000
1781256445,57.1,2400000,0xe0000
1781256446,57.6,2400000,0xe0000
1781256447,58.2,2400000,0xe0000
1781256448,57.6,2400000,0xe0000
1781256449,57.6,2400000,0xe0000
1781256450,57.6,2400000,0xe0000
1781256451,58.2,2400000,0xe0000
1781256452,57.6,2400000,0xe0000
1781256453,57.6,2400000,0xe0000
1781256454,57.6,2400000,0xe0000
1781256455,57.6,2400000,0xe0000
1781256457,57.6,2400000,0xe0000
1781256458,58.2,2400000,0xe0000
1781256459,57.6,2400000,0xe0000
1781256460,58.2,2400000,0xe0000
1781256461,57.6,2400000,0xe0000
1781256462,57.6,2400000,0xe0000
1781256463,58.2,2400000,0xe0000
1781256464,57.6,2400000,0xe0000
1781256465,57.6,2400000,0xe0000
1781256466,58.7,2400000,0xe0000
1781256467,57.6,2400000,0xe0000
1781256468,56.5,2400000,0xe0000
1781256469,57.1,2400000,0xe0000
1781256470,57.6,2400000,0xe0000
1781256471,57.1,2400000,0xe0000
1781256472,58.2,2400000,0xe0000
1781256473,57.6,2400000,0xe0000
1781256474,57.6,2400000,0xe0000
1781256475,57.6,2400000,0xe0000
1781256476,57.6,2400000,0xe0000
1781256477,57.6,2400000,0xe0000
1781256478,57.6,2400000,0xe0000
1781256479,57.6,2400000,0xe0000
1781256481,57.6,2400000,0xe0000
1781256482,56.0,2400000,0xe0000
1781256483,57.6,2400000,0xe0000
1781256484,57.6,2400000,0xe0000
1781256485,58.2,2400000,0xe0000
1781256486,56.0,2400000,0xe0000
1781256487,57.6,2400000,0xe0000
1781256488,56.5,2400000,0xe0000
1781256489,57.1,2400000,0xe0000
1781256490,57.6,2400000,0xe0000
1781256491,58.2,2400000,0xe0000
1781256492,57.6,2400000,0xe0000
1781256493,57.6,2400000,0xe0000
1781256494,57.6,2400000,0xe0000
1781256495,57.6,2400000,0xe0000
1781256496,57.6,2400000,0xe0000
1781256497,57.6,2400000,0xe0000
1781256498,57.1,2400000,0xe0000
1781256499,57.6,2400000,0xe0000
1781256500,57.1,2400000,0xe0000
1781256501,57.1,2400000,0xe0000
1781256502,58.2,2400000,0xe0000
1781256503,57.6,2400000,0xe0000
1781256504,57.6,2400000,0xe0000
1781256505,57.6,2400000,0xe0000
1781256506,57.6,2400000,0xe0000
1781256507,57.6,2400000,0xe0000
1781256508,57.1,2400000,0xe0000
1781256509,57.6,2400000,0xe0000
1781256510,57.6,2400000,0xe0000
1781256512,57.6,2400000,0xe0000
1781256513,57.6,2400000,0xe0000
1781256514,57.1,2400000,0xe0000
1781256515,57.6,2400000,0xe0000
1781256516,57.1,2400000,0xe0000
1781256517,57.1,2400000,0xe0000
1781256518,57.1,2400000,0xe0000
1781256519,58.2,2400000,0xe0000
1781256520,57.6,2400000,0xe0000
1781256521,57.6,2400000,0xe0000
1781256522,58.2,2400000,0xe0000
1781256523,58.2,2400000,0xe0000
1781256524,58.2,2400000,0xe0000
1781256525,57.6,2400000,0xe0000
1781256526,57.1,2400000,0xe0000
1781256527,57.1,2400000,0xe0000
1781256528,57.6,2400000,0xe0000
1781256529,57.1,2400000,0xe0000
1781256530,57.6,2400000,0xe0000
1781256531,57.1,2400000,0xe0000
1781256533,57.1,2400000,0xe0000
1781256534,57.1,2400000,0xe0000
1781256535,57.6,2400000,0xe0000
1781256536,57.6,2400000,0xe0000
1781256537,58.2,2400000,0xe0000
1781256538,57.6,2400000,0xe0000
1781256539,57.6,2400000,0xe0000
1781256540,58.2,2400000,0xe0000
1781256541,57.6,2400000,0xe0000
1781256542,58.2,2400000,0xe0000
1781256543,57.6,2400000,0xe0000
1781256544,57.6,2400000,0xe0000
1781256545,57.1,2400000,0xe0000
1781256546,57.6,2400000,0xe0000
1781256547,57.6,2400000,0xe0000
1781256548,58.2,2400000,0xe0000
1781256549,57.6,2400000,0xe0000
1781256550,57.6,2400000,0xe0000
1781256551,57.6,2400000,0xe0000
1781256552,57.6,2400000,0xe0000
1781256553,57.1,2400000,0xe0000
1781256554,57.6,2400000,0xe0000
1781256555,58.2,2400000,0xe0000
1781256556,57.6,2400000,0xe0000
1781256557,57.6,2400000,0xe0000
1781256559,57.6,2400000,0xe0000
1781256560,58.2,2400000,0xe0000
1781256561,57.6,2400000,0xe0000
1781256562,57.1,2400000,0xe0000
1781256563,57.6,2400000,0xe0000
1781256564,57.1,2400000,0xe0000
1781256565,57.1,2400000,0xe0000
1781256566,58.2,2400000,0xe0000
1781256567,57.6,2400000,0xe0000
1781256568,57.6,2400000,0xe0000
1781256569,57.6,2400000,0xe0000
1781256570,57.1,2400000,0xe0000
1781256571,57.1,2400000,0xe0000
1781256572,58.2,2400000,0xe0000
1781256573,57.6,2400000,0xe0000
1781256574,57.6,2400000,0xe0000
1781256575,57.6,2400000,0xe0000
1781256576,57.6,2400000,0xe0000
1781256577,57.6,2400000,0xe0000
1781256578,57.6,2400000,0xe0000
1781256579,57.1,2400000,0xe0000
1781256580,57.1,2400000,0xe0000
1781256581,57.1,2400000,0xe0000
1781256582,57.1,2400000,0xe0000
1781256583,57.6,2400000,0xe0000
1781256584,57.1,2400000,0xe0000
1781256585,57.6,2400000,0xe0000
1781256586,58.2,2400000,0xe0000
1781256587,57.6,2400000,0xe0000
1781256589,58.2,2400000,0xe0000
1781256590,57.6,2400000,0xe0000
1781256591,57.6,2400000,0xe0000
1781256592,57.6,2400000,0xe0000
1781256593,57.1,2400000,0xe0000
1781256594,57.6,2400000,0xe0000
1781256595,57.6,2400000,0xe0000
1781256596,57.6,2400000,0xe0000
1781256597,56.5,2400000,0xe0000
1781256598,57.1,2400000,0xe0000
1781256599,57.6,2400000,0xe0000
1781256600,57.1,2400000,0xe0000
1781256601,57.6,2400000,0xe0000
1781256602,57.1,2400000,0xe0000
1781256603,57.1,2400000,0xe0000
1781256604,57.6,2400000,0xe0000
1781256605,57.1,2400000,0xe0000
1781256606,57.1,2400000,0xe0000
1781256608,57.6,2400000,0xe0000
1781256609,57.1,2400000,0xe0000
1781256610,57.6,2400000,0xe0000
1781256611,57.6,2400000,0xe0000
1781256612,57.1,2400000,0xe0000
1781256613,57.6,2400000,0xe0000
1781256614,57.1,2400000,0xe0000
1781256615,57.6,2400000,0xe0000
1781256616,57.6,2400000,0xe0000
1781256617,57.6,2400000,0xe0000
1781256618,57.6,2400000,0xe0000
1781256619,56.5,2400000,0xe0000
1781256620,58.2,2400000,0xe0000
1781256621,57.1,2400000,0xe0000
1781256622,57.6,2400000,0xe0000
1781256623,57.6,2400000,0xe0000
1781256624,57.6,2400000,0xe0000
1781256625,57.1,2400000,0xe0000
1781256626,57.6,2400000,0xe0000
1781256628,57.6,2400000,0xe0000
1781256629,57.1,2400000,0xe0000
1781256630,57.6,2400000,0xe0000
1781256631,58.2,2400000,0xe0000
1781256632,57.6,2400000,0xe0000
1781256633,57.1,2400000,0xe0000
1781256634,56.0,2400000,0xe0000
1781256635,57.1,2400000,0xe0000
1781256636,57.1,2400000,0xe0000
1781256637,56.5,2400000,0xe0000
1781256638,57.1,2400000,0xe0000
1781256639,57.1,2400000,0xe0000
1781256640,57.1,2400000,0xe0000
1781256641,57.6,2400000,0xe0000
1781256642,57.6,2400000,0xe0000
1781256643,57.6,2400000,0xe0000
1781256644,57.6,2400000,0xe0000
1781256645,57.1,2400000,0xe0000
1781256646,56.5,2400000,0xe0000
1781256647,56.5,2400000,0xe0000
1781256648,57.1,2400000,0xe0000
1781256649,57.1,2400000,0xe0000
1781256650,57.1,2400000,0xe0000
1781256652,57.1,2400000,0xe0000
1781256653,57.6,2400000,0xe0000
1781256654,57.6,2400000,0xe0000
1781256655,57.1,2400000,0xe0000
1781256656,57.1,2400000,0xe0000
1781256657,57.6,2400000,0xe0000
1781256658,57.1,2400000,0xe0000
1781256659,57.1,2400000,0xe0000
1781256660,58.2,2400000,0xe0000
1781256661,56.5,2400000,0xe0000
1781256662,57.1,2400000,0xe0000
1781256663,57.1,2400000,0xe0000
1781256664,57.1,2400000,0xe0000
1781256665,57.1,2400000,0xe0000
1781256666,57.6,2400000,0xe0000
1781256667,57.1,2400000,0xe0000
1781256668,57.1,2400000,0xe0000
1781256669,57.1,2400000,0xe0000
1781256670,57.1,2400000,0xe0000
1781256671,57.6,2400000,0xe0000
1781256672,57.6,2400000,0xe0000
1781256673,57.6,2400000,0xe0000
1781256674,57.1,2400000,0xe0000
1781256675,57.6,2400000,0xe0000
1781256676,57.6,2400000,0xe0000
1781256677,57.6,2400000,0xe0000
1781256679,56.5,2400000,0xe0000
1781256680,56.5,2400000,0xe0000
1781256681,57.1,2400000,0xe0000
1781256682,57.1,2400000,0xe0000
1781256683,57.1,2400000,0xe0000
1781256684,57.6,2400000,0xe0000
1781256685,56.5,2400000,0xe0000
1781256686,57.6,2400000,0xe0000
1781256687,57.1,2400000,0xe0000
1781256688,57.6,2400000,0xe0000
1781256689,57.6,2400000,0xe0000
1781256690,57.6,2400000,0xe0000
1781256691,57.1,2400000,0xe0000
1781256692,58.2,2400000,0xe0000
1781256693,57.1,2400000,0xe0000
1781256694,57.6,2400000,0xe0000
1781256695,56.0,2400000,0xe0000
1781256696,57.1,2400000,0xe0000
1781256697,57.1,2400000,0xe0000
1781256698,57.6,2400000,0xe0000
1781256699,57.1,2400000,0xe0000
1781256700,57.1,2400000,0xe0000
1781256701,57.1,2400000,0xe0000
1781256702,57.1,2400000,0xe0000
1781256703,57.1,2400000,0xe0000
1781256704,57.6,2400000,0xe0000
1781256706,57.1,2400000,0xe0000
1781256707,56.5,2400000,0xe0000
1781256708,57.1,2400000,0xe0000
1781256709,57.1,2400000,0xe0000
1781256710,57.6,2400000,0xe0000
1781256711,57.1,2400000,0xe0000
1781256712,57.6,2400000,0xe0000
1781256713,56.5,2400000,0xe0000
1781256714,56.0,2400000,0xe0000
1781256715,56.5,2400000,0xe0000
1781256716,57.1,2400000,0xe0000
1781256717,57.6,2400000,0xe0000
1781256718,57.1,2400000,0xe0000
1781256719,57.1,2400000,0xe0000
1781256720,57.1,2400000,0xe0000
1781256721,57.1,2400000,0xe0000
1781256722,57.1,2400000,0xe0000
1781256723,56.5,2400000,0xe0000
1781256724,57.1,2400000,0xe0000
1781256725,57.1,2400000,0xe0000
1781256726,56.5,2400000,0xe0000
1781256727,57.1,2400000,0xe0000
1781256728,57.6,2400000,0xe0000
1781256729,57.1,2400000,0xe0000
1781256730,57.1,2400000,0xe0000
1781256731,57.1,2400000,0xe0000
1781256732,57.1,2400000,0xe0000
1781256733,56.5,2400000,0xe0000
1781256734,56.5,2400000,0xe0000
1781256736,57.1,2400000,0xe0000
1781256737,56.5,2400000,0xe0000
1781256738,57.6,2400000,0xe0000
1781256739,57.1,2400000,0xe0000
1781256740,57.6,2400000,0xe0000
1781256741,57.6,2400000,0xe0000
1781256742,57.1,2400000,0xe0000
1781256743,57.6,2400000,0xe0000
1781256744,57.1,2400000,0xe0000
1781256745,56.5,2400000,0xe0000
1781256746,57.1,2400000,0xe0000
1781256747,57.1,2400000,0xe0000
1781256748,56.5,2400000,0xe0000
1781256749,57.1,2400000,0xe0000
1781256750,57.1,2400000,0xe0000
1781256751,57.1,2400000,0xe0000
1781256752,57.1,2400000,0xe0000
1781256753,57.6,2400000,0xe0000
1781256754,57.1,2400000,0xe0000
1781256755,56.0,2400000,0xe0000
1781256756,57.6,2400000,0xe0000
1781256757,57.1,2400000,0xe0000
1781256758,57.1,2400000,0xe0000
1781256759,57.6,2400000,0xe0000
1781256760,56.5,2400000,0xe0000
1781256761,56.5,2400000,0xe0000
1781256763,56.5,2400000,0xe0000
1781256764,57.1,2400000,0xe0000
1781256765,56.5,2400000,0xe0000
1781256766,57.1,2400000,0xe0000
1781256767,57.6,2400000,0xe0000
1781256768,57.6,2400000,0xe0000
1781256769,56.5,2400000,0xe0000
1781256770,56.5,2400000,0xe0000
1781256771,57.1,2400000,0xe0000
1781256772,57.6,2400000,0xe0000
1781256773,57.6,2400000,0xe0000
1781256774,57.1,2400000,0xe0000
1781256775,57.1,2400000,0xe0000
1781256776,57.1,2400000,0xe0000
1781256777,57.6,2400000,0xe0000
1781256778,57.6,2400000,0xe0000
1781256779,56.5,2400000,0xe0000
1781256780,57.6,2400000,0xe0000
1781256781,56.0,2400000,0xe0000
1781256783,56.0,2400000,0xe0000
1781256784,57.1,2400000,0xe0000
1781256785,57.1,2400000,0xe0000
1781256786,57.1,2400000,0xe0000
1781256787,57.1,2400000,0xe0000
1781256788,56.0,2400000,0xe0000
1781256789,57.1,2400000,0xe0000
1781256790,56.0,2400000,0xe0000
1781256791,56.5,2400000,0xe0000
1781256792,57.1,2400000,0xe0000
1781256793,57.1,2400000,0xe0000
1781256794,57.6,2400000,0xe0000
1781256795,57.1,2400000,0xe0000
1781256796,57.1,2400000,0xe0000
1781256797,56.0,2400000,0xe0000
1781256798,57.1,2400000,0xe0000
1781256799,57.1,2400000,0xe0000
1781256800,57.1,2400000,0xe0000
1781256801,56.5,2400000,0xe0000
1781256802,57.1,2400000,0xe0000
1781256803,57.1,2400000,0xe0000
1781256804,57.1,2400000,0xe0000
1781256805,56.0,2400000,0xe0000
1781256806,56.5,2400000,0xe0000
1781256807,57.1,2400000,0xe0000
1781256808,57.1,2400000,0xe0000
1781256809,57.1,2400000,0xe0000
1781256811,57.6,2400000,0xe0000
1781256812,56.5,2400000,0xe0000
1781256813,57.1,2400000,0xe0000
1781256814,56.5,2400000,0xe0000
1781256815,56.5,2400000,0xe0000
1781256816,57.1,2400000,0xe0000
1781256817,57.1,2400000,0xe0000
1781256818,57.1,2400000,0xe0000
1781256819,57.1,2400000,0xe0000
1781256820,57.1,2400000,0xe0000
1781256821,56.5,2400000,0xe0000
1781256822,56.5,2400000,0xe0000
1781256823,57.1,2400000,0xe0000
1781256824,57.6,2400000,0xe0000
1781256825,57.1,2400000,0xe0000
1781256826,57.1,2400000,0xe0000
1781256827,57.1,2400000,0xe0000
1781256828,57.1,2400000,0xe0000
1781256829,57.1,2400000,0xe0000
1781256831,56.5,2400000,0xe0000
1781256832,57.1,2400000,0xe0000
1781256833,57.6,2400000,0xe0000
1781256834,57.1,2400000,0xe0000
1781256835,57.1,2400000,0xe0000
1781256836,56.5,2400000,0xe0000
1781256837,57.6,2400000,0xe0000
1781256838,57.1,2400000,0xe0000
1781256839,57.1,2400000,0xe0000
1781256840,57.1,2400000,0xe0000
1781256841,57.1,2400000,0xe0000
1781256842,57.1,2400000,0xe0000
1781256843,57.1,2400000,0xe0000
1781256844,56.5,2400000,0xe0000
1781256845,56.5,2400000,0xe0000
1781256846,57.1,2400000,0xe0000
1781256847,57.1,2400000,0xe0000
1781256848,57.1,2400000,0xe0000
1781256850,57.1,2400000,0xe0000
1781256851,57.1,2400000,0xe0000
1781256852,57.1,2400000,0xe0000
1781256853,57.1,2400000,0xe0000
1781256854,57.1,2400000,0xe0000
1781256855,57.1,2400000,0xe0000
1781256856,57.1,2400000,0xe0000
1781256857,57.1,2400000,0xe0000
1781256858,57.6,2400000,0xe0000
1781256859,57.1,2400000,0xe0000
1781256860,56.5,2400000,0xe0000
1781256861,57.1,2400000,0xe0000
1781256862,57.1,2400000,0xe0000
1781256863,57.1,2400000,0xe0000
1781256864,57.1,2400000,0xe0000
1781256865,57.1,2400000,0xe0000
1781256866,57.1,2400000,0xe0000
1781256867,57.1,2400000,0xe0000
1781256868,57.1,2400000,0xe0000
1781256870,57.1,2400000,0xe0000
1781256871,57.1,2400000,0xe0000
1781256872,57.1,2400000,0xe0000
1781256873,57.6,2400000,0xe0000
1781256874,57.1,2400000,0xe0000
1781256875,57.1,2400000,0xe0000
1781256876,57.1,2400000,0xe0000
1781256877,57.1,2400000,0xe0000
1781256878,56.5,2400000,0xe0000
1781256879,57.1,2400000,0xe0000
1781256880,57.1,2400000,0xe0000
1781256881,57.1,2400000,0xe0000
1781256882,56.5,2400000,0xe0000
1781256883,56.5,2400000,0xe0000
1781256884,56.5,2400000,0xe0000
1781256885,57.1,2400000,0xe0000
1781256886,56.5,2400000,0xe0000
1781256887,57.1,2400000,0xe0000
1781256888,57.1,2400000,0xe0000
1781256890,57.1,2400000,0xe0000
1781256891,56.5,2400000,0xe0000
1781256892,57.6,2400000,0xe0000
1781256893,56.5,2400000,0xe0000
1781256894,57.6,2400000,0xe0000
1781256895,57.1,2400000,0xe0000
1781256896,57.1,2400000,0xe0000
1781256897,57.1,2400000,0xe0000
1781256898,56.5,2400000,0xe0000
1781256899,57.1,2400000,0xe0000
1781256900,57.6,2400000,0xe0000
1781256901,56.5,2400000,0xe0000
1781256902,56.5,2400000,0xe0000
1781256903,57.1,2400000,0xe0000
1781256904,56.5,2400000,0xe0000
1781256905,57.1,2400000,0xe0000
1781256906,56.5,2400000,0xe0000
1781256907,56.5,2400000,0xe0000
1781256908,56.5,2400000,0xe0000
1781256909,56.5,2400000,0xe0000
1781256910,57.1,2400000,0xe0000
1781256912,57.1,2400000,0xe0000
1781256913,56.5,2400000,0xe0000
1781256914,57.1,2400000,0xe0000
1781256915,56.5,2400000,0xe0000
1781256916,57.1,2400000,0xe0000
1781256917,56.5,2400000,0xe0000
1781256918,57.1,2400000,0xe0000
1781256919,57.6,2400000,0xe0000
1781256920,56.0,2400000,0xe0000
1781256921,57.1,2400000,0xe0000
1781256922,56.5,2400000,0xe0000
1781256923,56.5,2400000,0xe0000
1781256924,56.5,2400000,0xe0000
1781256925,57.6,2400000,0xe0000
1781256926,56.5,2400000,0xe0000
1781256927,57.1,2400000,0xe0000
1781256928,56.5,2400000,0xe0000
1781256929,57.1,2400000,0xe0000
1781256930,56.5,2400000,0xe0000
1781256931,57.1,2400000,0xe0000
1781256932,57.6,2400000,0xe0000
1781256933,57.1,2400000,0xe0000
1781256935,56.5,2400000,0xe0000
1781256936,57.1,2400000,0xe0000
1781256937,56.5,2400000,0xe0000
1781256938,56.5,2400000,0xe0000
1781256939,56.0,2400000,0xe0000
1781256940,56.5,2400000,0xe0000
1781256941,57.1,2400000,0xe0000
1781256942,56.5,2400000,0xe0000
1781256943,57.1,2400000,0xe0000
1781256944,56.5,2400000,0xe0000
1781256945,57.1,2400000,0xe0000
1781256946,56.5,2400000,0xe0000
1781256947,56.5,2400000,0xe0000
1781256948,56.5,2400000,0xe0000
1781256949,57.1,2400000,0xe0000
1781256950,57.1,2400000,0xe0000
1781256951,56.5,2400000,0xe0000
1781256952,57.1,2400000,0xe0000
1781256953,56.5,2400000,0xe0000
1781256954,57.1,2400000,0xe0000
1781256955,57.1,2400000,0xe0000
1781256956,56.5,2400000,0xe0000
1781256957,57.6,2400000,0xe0000
1781256958,56.5,2400000,0xe0000
1781256959,57.1,2400000,0xe0000
1781256961,57.1,2400000,0xe0000
1781256962,57.1,2400000,0xe0000
1781256963,57.1,2400000,0xe0000
1781256964,56.5,2400000,0xe0000
1781256965,56.0,2400000,0xe0000
1781256966,56.5,2400000,0xe0000
1781256967,57.1,2400000,0xe0000
1781256968,57.1,2400000,0xe0000
1781256969,56.5,2400000,0xe0000
1781256970,56.5,2400000,0xe0000
1781256971,57.1,2400000,0xe0000
1781256972,56.5,2400000,0xe0000
1781256973,57.1,2400000,0xe0000
1781256974,57.1,2400000,0xe0000
1781256975,57.1,2400000,0xe0000
1781256976,57.1,2400000,0xe0000
1781256977,56.5,2400000,0xe0000
1781256979,56.5,2400000,0xe0000
1781256980,57.1,2400000,0xe0000
1781256981,56.5,2400000,0xe0000
1781256982,56.5,2400000,0xe0000
1781256983,57.1,2400000,0xe0000
1781256984,56.5,2400000,0xe0000
1781256985,56.5,2400000,0xe0000
1781256986,56.5,2400000,0xe0000
1781256987,56.5,2400000,0xe0000
1781256988,57.1,2400000,0xe0000
1781256989,56.5,2400000,0xe0000
1781256990,56.5,2400000,0xe0000
1781256991,56.5,2400000,0xe0000
1781256992,57.1,2400000,0xe0000
1781256993,56.5,2400000,0xe0000
1781256994,55.4,2400000,0xe0000
1781256995,57.1,2400000,0xe0000
1781256996,57.1,2400000,0xe0000
1781256997,57.1,2400000,0xe0000
1781256998,56.0,2400000,0xe0000
1781256999,56.5,2400000,0xe0000
1781257001,57.1,2400000,0xe0000
1781257002,56.5,2400000,0xe0000
1781257003,57.1,2400000,0xe0000
1781257004,57.1,2400000,0xe0000
1781257005,56.5,2400000,0xe0000
1781257006,57.6,2400000,0xe0000
1781257007,57.1,2400000,0xe0000
1781257008,56.5,2400000,0xe0000
1781257009,56.5,2400000,0xe0000
1781257010,57.1,2400000,0xe0000
1781257011,56.5,2400000,0xe0000
1781257012,56.5,2400000,0xe0000
1781257013,56.5,2400000,0xe0000
1781257014,57.1,2400000,0xe0000
1781257015,56.5,2400000,0xe0000
1781257016,57.1,2400000,0xe0000
1781257017,57.1,2400000,0xe0000
1781257018,56.5,2400000,0xe0000
1781257019,56.5,2400000,0xe0000
1781257020,56.5,2400000,0xe0000
1781257021,56.5,2400000,0xe0000
1781257023,56.5,2400000,0xe0000
1781257024,56.5,2400000,0xe0000
1781257025,57.1,2400000,0xe0000
1781257026,57.1,2400000,0xe0000
1781257027,57.1,2400000,0xe0000
1781257028,57.1,2400000,0xe0000
1781257029,57.6,2400000,0xe0000
1781257030,56.5,2400000,0xe0000
1781257031,56.5,2400000,0xe0000
1781257032,56.5,2400000,0xe0000
1781257033,56.5,2400000,0xe0000
1781257034,56.5,2400000,0xe0000
1781257035,56.5,2400000,0xe0000
1781257036,57.1,2400000,0xe0000
1781257037,56.5,2400000,0xe0000
1781257038,56.5,2400000,0xe0000
1781257039,56.5,2400000,0xe0000
1781257040,57.1,2400000,0xe0000
1781257041,56.5,2400000,0xe0000
1781257042,57.1,2400000,0xe0000
1781257043,57.1,2400000,0xe0000
1781257044,57.1,2400000,0xe0000
1781257045,56.5,2400000,0xe0000
1781257046,56.5,2400000,0xe0000
1781257047,56.5,2400000,0xe0000
1781257048,56.5,2400000,0xe0000
1781257050,56.5,2400000,0xe0000
1781257051,56.5,2400000,0xe0000
1781257052,56.5,2400000,0xe0000
1781257053,56.5,2400000,0xe0000
1781257054,56.5,2400000,0xe0000
1781257055,56.5,2400000,0xe0000
1781257056,56.5,2400000,0xe0000
1781257057,56.5,2400000,0xe0000
1781257058,57.1,2400000,0xe0000
1781257059,56.5,2400000,0xe0000
1781257060,57.1,2400000,0xe0000
1781257061,57.1,2400000,0xe0000
1781257062,57.1,2400000,0xe0000
1781257063,56.5,2400000,0xe0000
1781257064,57.1,2400000,0xe0000
1781257065,57.1,2400000,0xe0000
1781257066,56.5,2400000,0xe0000
1781257067,57.1,2400000,0xe0000
1781257068,57.1,2400000,0xe0000
1781257069,57.1,2400000,0xe0000
1781257071,56.5,2400000,0xe0000
1781257072,57.1,2400000,0xe0000
1781257073,57.1,2400000,0xe0000
1781257074,57.1,2400000,0xe0000
1781257075,57.6,2400000,0xe0000
1781257076,56.5,2400000,0xe0000
1781257077,56.5,2400000,0xe0000
1781257078,57.1,2400000,0xe0000
1781257079,57.1,2400000,0xe0000
1781257080,57.1,2400000,0xe0000
1781257081,56.5,2400000,0xe0000
1781257082,57.1,2400000,0xe0000
1781257083,57.1,2400000,0xe0000
1781257084,57.1,2400000,0xe0000
1781257085,56.5,2400000,0xe0000
1781257086,57.1,2400000,0xe0000
1781257087,56.5,2400000,0xe0000
1781257088,56.0,2400000,0xe0000
1781257089,56.5,2400000,0xe0000
1781257090,57.1,2400000,0xe0000
1781257091,57.1,2400000,0xe0000
1781257092,56.5,2400000,0xe0000
1781257093,57.1,2400000,0xe0000
1781257094,57.1,2400000,0xe0000
1781257095,56.5,2400000,0xe0000
1781257096,56.5,2400000,0xe0000
1781257097,56.5,2400000,0xe0000
1781257098,57.1,2400000,0xe0000
1781257099,57.1,2400000,0xe0000
1781257101,57.1,2400000,0xe0000
1781257102,56.5,2400000,0xe0000
1781257103,57.1,2400000,0xe0000
1781257104,57.1,2400000,0xe0000
1781257105,57.1,2400000,0xe0000
1781257106,57.1,2400000,0xe0000
1781257107,57.1,2400000,0xe0000
1781257108,57.1,2400000,0xe0000
1781257109,57.1,2400000,0xe0000
1781257110,56.5,2400000,0xe0000
1781257111,57.1,2400000,0xe0000
1781257112,57.1,2400000,0xe0000
1781257113,57.1,2400000,0xe0000
1781257114,56.5,2400000,0xe0000
1781257115,57.1,2400000,0xe0000
1781257116,56.0,2400000,0xe0000
1781257117,56.0,2400000,0xe0000
1781257118,56.5,2400000,0xe0000
1781257119,56.5,2400000,0xe0000
1781257120,57.6,2400000,0xe0000
1781257121,56.5,2400000,0xe0000
1781257122,57.1,2400000,0xe0000
1781257124,57.6,2400000,0xe0000
1781257125,56.5,2400000,0xe0000
1781257126,56.5,2400000,0xe0000
1781257127,57.6,2400000,0xe0000
1781257128,57.1,2400000,0xe0000
1781257129,56.5,2400000,0xe0000
1781257130,56.5,2400000,0xe0000
1781257131,56.5,2400000,0xe0000
1781257132,57.1,2400000,0xe0000
1781257133,57.1,2400000,0xe0000
1781257134,57.1,2400000,0xe0000
1781257135,57.6,2400000,0xe0000
1781257136,57.1,2400000,0xe0000
1781257137,57.1,2400000,0xe0000
1781257138,57.1,2400000,0xe0000
1781257139,57.1,2400000,0xe0000
1781257140,57.1,2400000,0xe0000
1781257141,57.6,2400000,0xe0000
1781257142,56.5,2400000,0xe0000
1781257143,56.5,2400000,0xe0000
1781257144,56.5,2400000,0xe0000
1781257145,57.1,2400000,0xe0000
1781257147,56.5,2400000,0xe0000
1781257148,57.6,2400000,0xe0000
1781257149,56.5,2400000,0xe0000
1781257150,56.0,2400000,0xe0000
1781257151,57.1,2400000,0xe0000
1781257152,56.5,2400000,0xe0000
1781257153,57.6,2400000,0xe0000
1781257154,57.1,2400000,0xe0000
1781257155,57.1,2400000,0xe0000
1781257156,56.5,2400000,0xe0000
1781257157,56.5,2400000,0xe0000
1781257158,56.5,2400000,0xe0000
1781257159,57.6,2400000,0xe0000
1781257160,57.1,2400000,0xe0000
1781257161,56.5,2400000,0xe0000
1781257162,57.1,2400000,0xe0000
1781257163,57.1,2400000,0xe0000
1781257164,57.1,2400000,0xe0000
1781257165,57.1,2400000,0xe0000
1781257166,57.1,2400000,0xe0000
1781257167,57.1,2400000,0xe0000
1781257168,57.1,2400000,0xe0000
1781257169,56.5,2400000,0xe0000
1781257170,56.5,2400000,0xe0000
1781257172,57.1,2400000,0xe0000
1781257173,55.4,2400000,0xe0000
1781257174,57.1,2400000,0xe0000
1781257175,57.1,2400000,0xe0000
1781257176,57.1,2400000,0xe0000
1781257177,56.5,2400000,0xe0000
1781257178,56.5,2400000,0xe0000
1781257179,56.5,2400000,0xe0000
1781257180,56.5,2400000,0xe0000
1781257181,57.6,2400000,0xe0000
1781257182,57.1,2400000,0xe0000
1781257183,56.5,2400000,0xe0000
1781257184,57.1,2400000,0xe0000
1781257185,56.5,2400000,0xe0000
1781257186,56.5,2400000,0xe0000
1781257187,57.1,2400000,0xe0000
1781257188,56.0,2400000,0xe0000
1781257189,57.1,2400000,0xe0000
1781257190,56.0,2400000,0xe0000
1781257191,56.5,2400000,0xe0000
1781257192,56.0,2400000,0xe0000
1781257193,57.1,2400000,0xe0000
1781257194,57.1,2400000,0xe0000
1781257195,56.5,2400000,0xe0000
1781257197,57.1,2400000,0xe0000
1781257198,56.5,2400000,0xe0000
1781257199,56.0,2400000,0xe0000
1781257200,56.5,2400000,0xe0000
1781257201,57.1,2400000,0xe0000
1781257202,58.2,2400000,0xe0000
1781257203,55.4,2400000,0xe0000
1781257204,57.1,2400000,0xe0000
1781257205,57.1,2400000,0xe0000
1781257206,57.6,2400000,0xe0000
1781257207,57.1,2400000,0xe0000
1781257208,57.6,2400000,0xe0000
1781257209,56.5,2400000,0xe0000
1781257210,57.1,2400000,0xe0000
1781257211,57.6,2400000,0xe0000
1781257212,57.6,2400000,0xe0000
1781257213,56.5,2400000,0xe0000
1781257214,57.1,2400000,0xe0000
1781257215,56.5,2400000,0xe0000
1781257216,56.5,2400000,0xe0000
1781257217,56.5,2400000,0xe0000
1781257218,57.6,2400000,0xe0000
1781257219,57.1,2400000,0xe0000
1781257220,57.1,2400000,0xe0000
1781257221,57.6,2400000,0xe0000
1781257223,57.1,2400000,0xe0000
1781257224,57.1,2400000,0xe0000
1781257225,57.1,2400000,0xe0000
1781257226,56.5,2400000,0xe0000
1781257227,57.1,2400000,0xe0000
1781257228,57.1,2400000,0xe0000
1781257229,57.6,2400000,0xe0000
1781257230,57.1,2400000,0xe0000
1781257231,57.1,2400000,0xe0000
1781257232,57.1,2400000,0xe0000
1781257233,57.1,2400000,0xe0000
1781257234,57.6,2400000,0xe0000
1781257235,57.6,2400000,0xe0000
1781257236,57.1,2400000,0xe0000
1781257237,57.6,2400000,0xe0000
1781257238,57.6,2400000,0xe0000
1781257239,57.6,2400000,0xe0000
1781257241,56.5,2400000,0xe0000
1781257242,57.1,2400000,0xe0000
1781257243,57.6,2400000,0xe0000
1781257244,57.1,2400000,0xe0000
1781257245,56.0,2400000,0xe0000
1781257246,56.5,2400000,0xe0000
1781257247,56.5,2400000,0xe0000
1781257248,56.5,2400000,0xe0000
1781257249,57.1,2400000,0xe0000
1781257250,57.6,2400000,0xe0000
1781257251,57.1,2400000,0xe0000
1781257252,57.1,2400000,0xe0000
1781257253,57.6,2400000,0xe0000
1781257254,56.5,2400000,0xe0000
1781257255,57.6,2400000,0xe0000
1781257256,57.1,2400000,0xe0000
1781257257,57.1,2400000,0xe0000
1781257258,57.1,2400000,0xe0000
1781257259,56.5,2400000,0xe0000
1781257260,57.1,2400000,0xe0000
1781257261,57.1,2400000,0xe0000
1781257262,56.5,2400000,0xe0000
1781257263,57.1,2400000,0xe0000
1781257264,57.1,2400000,0xe0000
1781257265,57.1,2400000,0xe0000
1781257267,57.1,2400000,0xe0000
1781257268,57.1,2400000,0xe0000
1781257269,57.1,2400000,0xe0000
1781257270,57.1,2400000,0xe0000
1781257271,57.1,2400000,0xe0000
1781257272,57.1,2400000,0xe0000
1781257273,57.6,2400000,0xe0000
1781257274,57.6,2400000,0xe0000
1781257275,56.5,2400000,0xe0000
1781257276,57.1,2400000,0xe0000
1781257277,57.1,2400000,0xe0000
1781257278,56.5,2400000,0xe0000
1781257279,57.1,2400000,0xe0000
1781257280,57.1,2400000,0xe0000
1781257281,57.6,2400000,0xe0000
1781257282,57.1,2400000,0xe0000
1781257283,57.1,2400000,0xe0000
1781257284,57.6,2400000,0xe0000
1781257285,57.6,2400000,0xe0000
1781257286,57.1,2400000,0xe0000
1781257287,57.6,2400000,0xe0000
1781257288,57.1,2400000,0xe0000
1781257289,56.0,2400000,0xe0000
1781257290,56.5,2400000,0xe0000
1781257292,56.5,2400000,0xe0000
1781257293,57.6,2400000,0xe0000
1781257294,56.5,2400000,0xe0000
1781257295,57.6,2400000,0xe0000
1781257296,57.1,2400000,0xe0000
1781257297,57.1,2400000,0xe0000
1781257298,57.1,2400000,0xe0000
1781257299,57.1,2400000,0xe0000
1781257300,57.1,2400000,0xe0000
1781257301,57.1,2400000,0xe0000
1781257302,57.1,2400000,0xe0000
1781257303,57.1,2400000,0xe0000
1781257304,56.5,2400000,0xe0000
1781257305,57.1,2400000,0xe0000
1781257306,57.1,2400000,0xe0000
1781257307,56.5,2400000,0xe0000
1781257308,56.5,2400000,0xe0000
1781257309,56.5,2400000,0xe0000
1781257310,57.6,2400000,0xe0000
1781257311,57.1,2400000,0xe0000
1781257312,57.6,2400000,0xe0000
1781257313,57.1,2400000,0xe0000
1781257314,57.1,2400000,0xe0000
1781257315,57.6,2400000,0xe0000
1781257316,57.1,2400000,0xe0000
1781257318,57.1,2400000,0xe0000
1781257319,57.1,2400000,0xe0000
1781257320,57.1,2400000,0xe0000
1781257321,57.1,2400000,0xe0000
1781257322,57.1,2400000,0xe0000
1781257323,57.1,2400000,0xe0000
1781257324,57.1,2400000,0xe0000
1781257325,57.6,2400000,0xe0000
1781257326,57.1,2400000,0xe0000
1781257327,57.1,2400000,0xe0000
1781257328,56.5,2400000,0xe0000
1781257329,57.1,2400000,0xe0000
1781257330,57.6,2400000,0xe0000
1781257331,57.1,2400000,0xe0000
1781257332,57.6,2400000,0xe0000
1781257333,56.0,2400000,0xe0000
1781257334,57.1,2400000,0xe0000
1781257335,57.6,2400000,0xe0000
1781257336,57.1,2400000,0xe0000
1781257337,57.1,2400000,0xe0000
1781257338,57.6,2400000,0xe0000
1781257340,57.1,2400000,0xe0000
1781257341,57.6,2400000,0xe0000
1781257342,57.6,2400000,0xe0000
1781257343,57.1,2400000,0xe0000
1781257344,57.1,2400000,0xe0000
1781257345,57.1,2400000,0xe0000
1781257346,57.1,2400000,0xe0000
1781257347,57.6,2400000,0xe0000
1781257348,57.6,2400000,0xe0000
1781257349,56.0,2400000,0xe0000
1781257350,57.1,2400000,0xe0000
1781257351,57.6,2400000,0xe0000
1781257352,57.1,2400000,0xe0000
1781257353,57.6,2400000,0xe0000
1781257354,57.1,2400000,0xe0000
1781257355,57.6,2400000,0xe0000
1781257356,57.1,2400000,0xe0000
1781257357,57.6,2400000,0xe0000
1781257358,57.6,2400000,0xe0000
1781257359,57.6,2400000,0xe0000
1781257360,56.5,2400000,0xe0000
1781257362,57.6,2400000,0xe0000
1781257363,57.6,2400000,0xe0000
1781257364,56.5,2400000,0xe0000
1781257365,57.1,2400000,0xe0000
1781257366,57.1,2400000,0xe0000
1781257367,57.6,2400000,0xe0000
1781257368,57.6,2400000,0xe0000
1781257369,57.6,2400000,0xe0000
1781257370,57.6,2400000,0xe0000
1781257371,57.1,2400000,0xe0000
1781257372,56.5,2400000,0xe0000
1781257373,57.6,2400000,0xe0000
1781257374,57.1,2400000,0xe0000
1781257375,57.6,2400000,0xe0000
1781257376,57.6,2400000,0xe0000
1781257377,58.2,2400000,0xe0000
1781257379,57.6,2400000,0xe0000
1781257380,57.6,2400000,0xe0000
1781257381,57.1,2400000,0xe0000
1781257382,57.1,2400000,0xe0000
1781257383,57.1,2400000,0xe0000
1781257384,57.6,2400000,0xe0000
1781257385,58.2,2400000,0xe0000
1781257386,57.6,2400000,0xe0000
1781257387,57.1,2400000,0xe0000
1781257388,57.6,2400000,0xe0000
1781257389,58.2,2400000,0xe0000
1781257390,57.1,2400000,0xe0000
1781257391,57.6,2400000,0xe0000
1781257392,57.6,2400000,0xe0000
1781257393,58.2,2400000,0xe0000
1781257394,57.1,2400000,0xe0000
1781257395,58.2,2400000,0xe0000
1781257396,57.1,2400000,0xe0000
1781257397,57.1,2400000,0xe0000
1781257398,57.6,2400000,0xe0000
1781257399,57.1,2400000,0xe0000
1781257400,57.6,2400000,0xe0000
1781257401,57.6,2400000,0xe0000
1781257403,57.6,2400000,0xe0000
1781257404,58.2,2400000,0xe0000
1781257405,57.6,2400000,0xe0000
1781257406,57.1,2400000,0xe0000
1781257407,57.6,2400000,0xe0000
1781257408,57.1,2400000,0xe0000
1781257409,57.1,2400000,0xe0000
1781257410,57.6,2400000,0xe0000
1781257411,57.6,2400000,0xe0000
1781257412,57.6,2400000,0xe0000
1781257413,57.1,2400000,0xe0000
1781257414,57.6,2400000,0xe0000
1781257415,58.2,2400000,0xe0000
1781257416,57.6,2400000,0xe0000
1781257417,57.6,2400000,0xe0000
1781257418,57.1,2400000,0xe0000
1781257419,57.1,2400000,0xe0000
1781257420,58.2,2400000,0xe0000
1781257421,57.6,2400000,0xe0000
1781257422,58.2,2400000,0xe0000
1781257423,57.6,2400000,0xe0000
1781257424,57.1,2400000,0xe0000
1781257425,57.6,2400000,0xe0000
1781257427,57.6,2400000,0xe0000
1781257428,57.6,2400000,0xe0000
1781257429,57.6,2400000,0xe0000
1781257430,57.6,2400000,0xe0000
1781257431,57.6,2400000,0xe0000
1781257432,57.1,2400000,0xe0000
1781257433,57.6,2400000,0xe0000
1781257434,57.1,2400000,0xe0000
1781257435,57.6,2400000,0xe0000
1781257436,58.2,2400000,0xe0000
1781257437,58.2,2400000,0xe0000
1781257438,58.2,2400000,0xe0000
1781257439,57.6,2400000,0xe0000
1781257440,58.2,2400000,0xe0000
1781257441,57.6,2400000,0xe0000
1781257442,57.6,2400000,0xe0000
1781257443,58.2,2400000,0xe0000
1781257444,57.6,2400000,0xe0000
1781257445,57.6,2400000,0xe0000
1781257446,57.6,2400000,0xe0000
1781257447,56.5,2400000,0xe0000
1781257448,57.6,2400000,0xe0000
1781257449,58.2,2400000,0xe0000
1781257450,56.0,2400000,0xe0000
1781257452,57.6,2400000,0xe0000
1781257453,57.6,2400000,0xe0000
1781257454,58.2,2400000,0xe0000
1781257455,57.6,2400000,0xe0000
1781257456,57.6,2400000,0xe0000
1781257457,58.7,2400000,0xe0000
1781257458,57.6,2400000,0xe0000
1781257459,57.1,2400000,0xe0000
1781257460,57.1,2400000,0xe0000
1781257461,57.6,2400000,0xe0000
1781257462,58.2,2400000,0xe0000
1781257463,57.6,2400000,0xe0000
1781257464,57.6,2400000,0xe0000
1781257465,57.1,2400000,0xe0000
1781257466,57.6,2400000,0xe0000
1781257467,57.6,2400000,0xe0000
1781257468,57.6,2400000,0xe0000
1781257469,57.6,2400000,0xe0000
1781257470,57.6,2400000,0xe0000
1781257471,57.1,2400000,0xe0000
1781257472,57.6,2400000,0xe0000
1781257473,58.2,2400000,0xe0000
1781257474,57.6,2400000,0xe0000
1781257475,57.6,2400000,0xe0000
1781257477,58.2,2400000,0xe0000
1781257478,58.2,2400000,0xe0000
1781257479,58.2,2400000,0xe0000
1781257480,57.6,2400000,0xe0000
1781257481,57.6,2400000,0xe0000
1781257482,57.1,2400000,0xe0000
1781257483,57.6,2400000,0xe0000
1781257484,58.2,2400000,0xe0000
1781257485,58.2,2400000,0xe0000
1781257486,57.1,2400000,0xe0000
1781257487,57.6,2400000,0xe0000
1781257488,57.6,2400000,0xe0000
1781257489,57.6,2400000,0xe0000
1781257490,57.6,2400000,0xe0000
1781257491,57.1,2400000,0xe0000
1781257492,58.2,2400000,0xe0000
1781257493,57.6,2400000,0xe0000
1781257494,58.2,2400000,0xe0000
1781257495,57.6,2400000,0xe0000
1781257497,58.2,2400000,0xe0000
1781257498,58.2,2400000,0xe0000
1781257499,57.1,2400000,0xe0000
1781257500,58.2,2400000,0xe0000
1781257501,58.2,2400000,0xe0000
1781257502,57.6,2400000,0xe0000
1781257503,57.6,2400000,0xe0000
1781257504,57.6,2400000,0xe0000
1781257505,57.1,2400000,0xe0000
1781257506,58.2,2400000,0xe0000
1781257507,57.1,2400000,0xe0000
1781257508,57.6,2400000,0xe0000
1781257509,57.6,2400000,0xe0000
1781257510,57.6,2400000,0xe0000
1781257511,57.6,2400000,0xe0000
1781257512,57.6,2400000,0xe0000
1781257513,58.2,2400000,0xe0000
1781257514,58.2,2400000,0xe0000
1781257515,57.6,2400000,0xe0000
1781257516,58.2,2400000,0xe0000
1781257517,58.2,2400000,0xe0000
1781257518,57.1,2400000,0xe0000
1781257519,57.6,2400000,0xe0000
1781257521,57.6,2400000,0xe0000
1781257522,58.2,2400000,0xe0000
1781257523,58.2,2400000,0xe0000
1781257524,57.6,2400000,0xe0000
1781257525,57.1,2400000,0xe0000
1781257526,57.1,2400000,0xe0000
1781257527,57.1,2400000,0xe0000
1781257528,58.2,2400000,0xe0000
1781257529,57.6,2400000,0xe0000
1781257530,57.6,2400000,0xe0000
1781257531,57.6,2400000,0xe0000
1781257532,58.2,2400000,0xe0000
1781257533,57.6,2400000,0xe0000
1781257534,57.6,2400000,0xe0000
1781257535,57.6,2400000,0xe0000
1781257536,57.1,2400000,0xe0000
1781257537,57.6,2400000,0xe0000
1781257538,58.2,2400000,0xe0000
1781257539,56.5,2400000,0xe0000
1781257540,57.1,2400000,0xe0000
1781257541,57.6,2400000,0xe0000
1781257542,57.6,2400000,0xe0000
1781257543,57.6,2400000,0xe0000
1781257544,57.6,2400000,0xe0000
1781257546,57.6,2400000,0xe0000
1781257547,57.6,2400000,0xe0000
1781257548,57.6,2400000,0xe0000
1781257549,57.6,2400000,0xe0000
1781257550,58.2,2400000,0xe0000
1781257551,58.2,2400000,0xe0000
1781257552,56.5,2400000,0xe0000
1781257553,58.2,2400000,0xe0000
1781257554,57.6,2400000,0xe0000
1781257555,57.6,2400000,0xe0000
1781257556,58.7,2400000,0xe0000
1781257557,57.6,2400000,0xe0000
1781257558,57.6,2400000,0xe0000
1781257559,57.1,2400000,0xe0000
1781257560,57.6,2400000,0xe0000
1781257561,58.2,2400000,0xe0000
1781257562,58.7,2400000,0xe0000
1781257563,58.2,2400000,0xe0000
1781257564,58.2,2400000,0xe0000
1781257566,57.6,2400000,0xe0000
1781257567,58.2,2400000,0xe0000
1781257568,58.2,2400000,0xe0000
1781257569,57.6,2400000,0xe0000
1781257570,58.2,2400000,0xe0000
1781257571,58.2,2400000,0xe0000
1781257572,57.6,2400000,0xe0000
1781257573,58.2,2400000,0xe0000
1781257574,57.6,2400000,0xe0000
1781257575,57.6,2400000,0xe0000
1781257576,58.2,2400000,0xe0000
1781257577,57.6,2400000,0xe0000
1781257578,58.2,2400000,0xe0000
1781257579,58.2,2400000,0xe0000
1781257580,57.1,2400000,0xe0000
1781257581,57.1,2400000,0xe0000
1781257583,57.6,2400000,0xe0000
1781257584,58.2,2400000,0xe0000
1781257585,58.7,2400000,0xe0000
1781257586,57.6,2400000,0xe0000
1781257587,57.1,2400000,0xe0000
1781257588,57.1,2400000,0xe0000
1781257589,57.6,2400000,0xe0000
1781257590,57.6,2400000,0xe0000
1781257591,58.2,2400000,0xe0000
1781257592,58.2,2400000,0xe0000
1781257593,58.2,2400000,0xe0000
1781257594,56.5,2400000,0xe0000
1781257595,57.1,2400000,0xe0000
1781257596,58.7,2400000,0xe0000
1781257597,57.1,2400000,0xe0000
1781257598,57.6,2400000,0xe0000
1781257599,57.6,2400000,0xe0000
1781257600,58.2,2400000,0xe0000
1781257601,57.6,2400000,0xe0000
1781257602,57.6,2400000,0xe0000
1781257603,58.2,2400000,0xe0000
1781257605,58.2,2400000,0xe0000
1781257606,57.1,2400000,0xe0000
1781257607,57.6,2400000,0xe0000
1781257608,58.2,2400000,0xe0000
1781257609,57.6,2400000,0xe0000
1781257610,58.7,2400000,0xe0000
1781257611,58.2,2400000,0xe0000
1781257612,58.2,2400000,0xe0000
1781257613,57.6,2400000,0xe0000
1781257614,57.6,2400000,0xe0000
1781257615,58.2,2400000,0xe0000
1781257616,58.2,2400000,0xe0000
1781257617,58.2,2400000,0xe0000
1781257618,58.2,2400000,0xe0000
1781257619,57.6,2400000,0xe0000
1781257620,57.6,2400000,0xe0000
1781257621,58.2,2400000,0xe0000
1781257622,57.6,2400000,0xe0000
1781257624,58.2,2400000,0xe0000
1781257625,58.2,2400000,0xe0000
1781257626,57.6,2400000,0xe0000
1781257627,58.2,2400000,0xe0000
1781257628,58.2,2400000,0xe0000
1781257629,57.6,2400000,0xe0000
1781257630,58.2,2400000,0xe0000
1781257631,57.6,2400000,0xe0000
1781257632,57.6,2400000,0xe0000
1781257633,57.6,2400000,0xe0000
1781257634,58.2,2400000,0xe0000
1781257635,57.1,2400000,0xe0000
1781257636,58.2,2400000,0xe0000
1781257637,58.2,2400000,0xe0000
1781257638,58.2,2400000,0xe0000
1781257639,58.2,2400000,0xe0000
1781257640,58.7,2400000,0xe0000
1781257641,58.2,2400000,0xe0000
1781257642,57.6,2400000,0xe0000
1781257643,58.2,2400000,0xe0000
1781257644,58.2,2400000,0xe0000
1781257645,58.2,2400000,0xe0000
1781257646,58.7,2400000,0xe0000
1781257647,57.6,2400000,0xe0000
1781257648,57.6,2400000,0xe0000
1781257650,57.6,2400000,0xe0000
1781257651,58.2,2400000,0xe0000
1781257652,58.2,2400000,0xe0000
1781257653,57.6,2400000,0xe0000
1781257654,57.1,2400000,0xe0000
1781257655,58.2,2400000,0xe0000
1781257656,57.6,2400000,0xe0000
1781257657,58.2,2400000,0xe0000
1781257658,58.2,2400000,0xe0000
1781257659,57.6,2400000,0xe0000
1781257660,56.5,2400000,0xe0000
1781257661,57.6,2400000,0xe0000
1781257662,56.5,2400000,0xe0000
1781257663,57.6,2400000,0xe0000
1781257664,57.6,2400000,0xe0000
1781257665,57.6,2400000,0xe0000
1781257666,57.6,2400000,0xe0000
1781257667,57.1,2400000,0xe0000
1781257668,57.6,2400000,0xe0000
1781257669,57.6,2400000,0xe0000
1781257670,58.2,2400000,0xe0000
1781257671,58.2,2400000,0xe0000
1781257672,57.1,2400000,0xe0000
1781257674,58.2,2400000,0xe0000
1781257675,58.2,2400000,0xe0000
1781257676,57.6,2400000,0xe0000
1781257677,58.2,2400000,0xe0000
1781257678,57.1,2400000,0xe0000
1781257679,58.2,2400000,0xe0000
1781257680,57.6,2400000,0xe0000
1781257681,58.2,2400000,0xe0000
1781257682,57.6,2400000,0xe0000
1781257683,56.5,2400000,0xe0000
1781257684,57.6,2400000,0xe0000
1781257685,57.6,2400000,0xe0000
1781257686,57.6,2400000,0xe0000
1781257687,58.7,2400000,0xe0000
1781257688,58.2,2400000,0xe0000
1781257689,58.2,2400000,0xe0000
1781257690,58.2,2400000,0xe0000
1781257691,58.7,2400000,0xe0000
1781257692,57.6,2400000,0xe0000
1781257693,58.2,2400000,0xe0000
1781257694,57.6,2400000,0xe0000
1781257695,58.2,2400000,0xe0000
1781257696,57.6,2400000,0xe0000
1781257697,57.6,2400000,0xe0000
1781257698,58.7,2400000,0xe0000
1781257700,57.6,2400000,0xe0000
1781257701,58.7,2400000,0xe0000
1781257702,58.2,2400000,0xe0000
1781257703,58.2,2400000,0xe0000
1781257704,57.6,2400000,0xe0000
1781257705,57.6,2400000,0xe0000
1781257706,58.2,2400000,0xe0000
1781257707,57.6,2400000,0xe0000
1781257708,57.6,2400000,0xe0000
1781257709,58.7,2400000,0xe0000
1781257710,58.2,2400000,0xe0000
1781257711,57.6,2400000,0xe0000
1781257712,58.2,2400000,0xe0000
1781257713,58.2,2400000,0xe0000
1781257714,58.2,2400000,0xe0000
1781257715,58.2,2400000,0xe0000
1781257716,57.1,2400000,0xe0000
1781257717,58.2,2400000,0xe0000
1781257718,57.6,2400000,0xe0000
1781257719,58.7,2400000,0xe0000
1781257720,57.6,2400000,0xe0000
1781257721,57.6,2400000,0xe0000
1781257722,58.2,2400000,0xe0000
1781257724,58.2,2400000,0xe0000
1781257725,57.6,2400000,0xe0000
1781257726,57.6,2400000,0xe0000
1781257727,57.6,2400000,0xe0000
1781257728,58.2,2400000,0xe0000
1781257729,58.2,2400000,0xe0000
1781257730,57.6,2400000,0xe0000
1781257731,58.2,2400000,0xe0000
1781257732,58.2,2400000,0xe0000
1781257733,58.7,2400000,0xe0000
1781257734,56.5,2400000,0xe0000
1781257735,57.6,2400000,0xe0000
1781257736,58.2,2400000,0xe0000
1781257737,58.2,2400000,0xe0000
1781257738,58.7,2400000,0xe0000
1781257739,58.2,2400000,0xe0000
1781257740,58.7,2400000,0xe0000
1781257741,58.2,2400000,0xe0000
1781257742,58.7,2400000,0xe0000
1781257743,58.2,2400000,0xe0000
1781257744,57.6,2400000,0xe0000
1781257745,58.2,2400000,0xe0000
1781257746,58.2,2400000,0xe0000
1781257747,57.6,2400000,0xe0000
1781257748,58.2,2400000,0xe0000
1781257750,58.2,2400000,0xe0000
1781257751,57.6,2400000,0xe0000
1781257752,58.2,2400000,0xe0000
1781257753,58.2,2400000,0xe0000
1781257754,57.6,2400000,0xe0000
1781257755,56.5,2400000,0xe0000
1781257756,58.2,2400000,0xe0000
1781257757,57.6,2400000,0xe0000
1781257758,58.2,2400000,0xe0000
1781257759,58.2,2400000,0xe0000
1781257760,56.5,2400000,0xe0000
1781257761,57.6,2400000,0xe0000
1781257762,57.6,2400000,0xe0000
1781257763,58.2,2400000,0xe0000
1781257764,57.6,2400000,0xe0000
1781257765,58.2,2400000,0xe0000
1781257766,57.6,2400000,0xe0000
1781257767,57.6,2400000,0xe0000
1781257768,58.7,2400000,0xe0000
1781257769,58.7,2400000,0xe0000
1781257770,58.7,2400000,0xe0000
1781257771,58.2,2400000,0xe0000
1781257772,58.2,2400000,0xe0000
1781257773,58.7,2400000,0xe0000
1781257775,58.7,2400000,0xe0000
1781257776,57.6,2400000,0xe0000
1781257777,57.1,2400000,0xe0000
1781257778,58.7,2400000,0xe0000
1781257779,58.2,2400000,0xe0000
1781257780,58.7,2400000,0xe0000
1781257781,58.2,2400000,0xe0000
1781257782,57.6,2400000,0xe0000
1781257783,58.7,2400000,0xe0000
1781257784,58.2,2400000,0xe0000
1781257785,58.2,2400000,0xe0000
1781257786,58.2,2400000,0xe0000
1781257787,58.2,2400000,0xe0000
1781257788,58.2,2400000,0xe0000
1781257789,58.2,2400000,0xe0000
1781257790,58.2,2400000,0xe0000
1781257791,58.2,2400000,0xe0000
1781257792,58.2,2400000,0xe0000
1781257793,57.6,2400000,0xe0000
1781257794,58.2,2400000,0xe0000
1781257795,58.2,2400000,0xe0000
1781257797,57.6,2400000,0xe0000
1781257798,58.2,2400000,0xe0000
1781257799,57.6,2400000,0xe0000
1781257800,58.2,2400000,0xe0000
1781257801,58.2,2400000,0xe0000
1781257802,58.2,2400000,0xe0000
1781257803,58.2,2400000,0xe0000
1781257804,57.6,2400000,0xe0000
1781257805,58.2,2400000,0xe0000
1781257806,58.2,2400000,0xe0000
1781257807,58.7,2400000,0xe0000
1781257808,58.2,2400000,0xe0000
1781257809,57.6,2400000,0xe0000
1781257810,57.6,2400000,0xe0000
1781257811,57.6,2400000,0xe0000
1781257812,58.7,2400000,0xe0000
1781257813,58.2,2400000,0xe0000
1781257814,56.5,2400000,0xe0000
1781257815,57.1,2400000,0xe0000
1781257816,58.2,2400000,0xe0000
1781257817,58.2,2400000,0xe0000
1781257819,58.2,2400000,0xe0000
1781257820,58.2,2400000,0xe0000
1781257821,57.6,2400000,0xe0000
1781257822,57.6,2400000,0xe0000
1781257823,58.7,2400000,0xe0000
1781257824,58.2,2400000,0xe0000
1781257825,58.2,2400000,0xe0000
1781257826,57.6,2400000,0xe0000
1781257827,58.2,2400000,0xe0000
1781257828,58.2,2400000,0xe0000
1781257829,57.6,2400000,0xe0000
1781257830,58.2,2400000,0xe0000
1781257831,57.6,2400000,0xe0000
1781257832,57.6,2400000,0xe0000
1781257833,57.6,2400000,0xe0000
1781257834,58.2,2400000,0xe0000
1781257835,58.2,2400000,0xe0000
1781257836,57.1,2400000,0xe0000
1781257837,58.2,2400000,0xe0000
1781257839,58.2,2400000,0xe0000
1781257840,57.6,2400000,0xe0000
1781257841,58.2,2400000,0xe0000
1781257842,58.7,2400000,0xe0000
1781257843,58.2,2400000,0xe0000
1781257844,56.5,2400000,0xe0000
1781257845,58.7,2400000,0xe0000
1781257846,58.7,2400000,0xe0000
1781257847,58.2,2400000,0xe0000
1781257848,56.5,2400000,0xe0000
1781257849,58.7,2400000,0xe0000
1781257850,57.6,2400000,0xe0000
1781257851,58.7,2400000,0xe0000
1781257852,58.2,2400000,0xe0000
1781257853,58.7,2400000,0xe0000
1781257854,58.2,2400000,0xe0000
1781257855,58.2,2400000,0xe0000
1781257856,58.2,2400000,0xe0000
1781257857,58.7,2400000,0xe0000
1781257858,58.7,2400000,0xe0000
1781257859,57.6,2400000,0xe0000
1781257860,58.7,2400000,0xe0000
1781257861,58.2,2400000,0xe0000
1781257862,59.3,2400000,0xe0000
1781257864,58.2,2400000,0xe0000
1781257865,58.2,2400000,0xe0000
1781257866,58.2,2400000,0xe0000
1781257867,58.2,2400000,0xe0000
1781257868,58.7,2400000,0xe0000
1781257869,57.6,2400000,0xe0000
1781257870,57.1,2400000,0xe0000
1781257871,58.2,2400000,0xe0000
1781257872,57.6,2400000,0xe0000
1781257873,58.2,2400000,0xe0000
1781257874,58.7,2400000,0xe0000
1781257875,58.2,2400000,0xe0000
1781257876,58.2,2400000,0xe0000
1781257877,57.6,2400000,0xe0000
1781257878,58.7,2400000,0xe0000
1781257879,58.2,2400000,0xe0000
1781257880,58.2,2400000,0xe0000
1781257881,58.2,2400000,0xe0000
1781257882,57.6,2400000,0xe0000
1781257883,57.6,2400000,0xe0000
1781257884,58.7,2400000,0xe0000
1781257885,57.6,2400000,0xe0000
1781257886,58.2,2400000,0xe0000
1781257887,57.6,2400000,0xe0000
1781257888,58.2,2400000,0xe0000
1781257890,58.7,2400000,0xe0000
1781257891,57.6,2400000,0xe0000
1781257892,58.7,2400000,0xe0000
1781257893,58.2,2400000,0xe0000
1781257894,58.2,2400000,0xe0000
1781257895,58.2,2400000,0xe0000
1781257896,58.7,2400000,0xe0000
1781257897,58.2,2400000,0xe0000
1781257898,58.2,2400000,0xe0000
1781257899,58.2,2400000,0xe0000
1781257900,58.2,2400000,0xe0000
1781257901,58.7,2400000,0xe0000
1781257902,58.2,2400000,0xe0000
1781257903,58.2,2400000,0xe0000
1781257904,58.2,2400000,0xe0000
1781257906,58.2,2400000,0xe0000
1781257907,58.7,2400000,0xe0000
1781257908,57.6,2400000,0xe0000
1781257909,58.7,2400000,0xe0000
1781257910,58.2,2400000,0xe0000
1781257911,58.2,2400000,0xe0000
1781257912,58.7,2400000,0xe0000
1781257913,58.2,2400000,0xe0000
1781257914,58.2,2400000,0xe0000
1781257915,58.2,2400000,0xe0000
1781257916,57.6,2400000,0xe0000
1781257917,58.7,2400000,0xe0000
1781257918,59.3,2400000,0xe0000
1781257919,58.7,2400000,0xe0000
1781257920,58.7,2400000,0xe0000
1781257921,58.2,2400000,0xe0000
1781257922,58.2,2400000,0xe0000
1781257923,59.3,2400000,0xe0000
1781257924,58.2,2400000,0xe0000
1781257925,57.6,2400000,0xe0000
1781257926,58.2,2400000,0xe0000
1781257927,58.2,2400000,0xe0000
1781257929,58.7,2400000,0xe0000
1781257930,58.2,2400000,0xe0000
1781257931,57.6,2400000,0xe0000
1781257932,58.2,2400000,0xe0000
1781257933,58.2,2400000,0xe0000
1781257934,58.2,2400000,0xe0000
1781257935,58.2,2400000,0xe0000
1781257936,58.2,2400000,0xe0000
1781257937,58.2,2400000,0xe0000
1781257938,58.2,2400000,0xe0000
1781257939,58.2,2400000,0xe0000
1781257940,58.2,2400000,0xe0000
1781257941,59.3,2400000,0xe0000
1781257942,58.2,2400000,0xe0000
1781257943,58.2,2400000,0xe0000
1781257944,58.7,2400000,0xe0000
1781257945,58.2,2400000,0xe0000
1781257946,58.2,2400000,0xe0000
1781257947,57.6,2400000,0xe0000
1781257948,58.2,2400000,0xe0000
1781257949,57.1,2400000,0xe0000
1781257950,57.6,2400000,0xe0000
1781257951,58.7,2400000,0xe0000
1781257952,58.2,2400000,0xe0000
1781257953,57.6,2400000,0xe0000
1781257955,58.2,2400000,0xe0000
1781257956,57.6,2400000,0xe0000
1781257957,58.2,2400000,0xe0000
1781257958,58.2,2400000,0xe0000
1781257959,58.2,2400000,0xe0000
1781257960,58.2,2400000,0xe0000
1781257961,57.6,2400000,0xe0000
1781257962,57.6,2400000,0xe0000
1781257963,58.2,2400000,0xe0000
1781257964,58.2,2400000,0xe0000
1781257965,58.7,2400000,0xe0000
1781257966,58.7,2400000,0xe0000
1781257967,58.7,2400000,0xe0000
1781257968,58.2,2400000,0xe0000
1781257969,58.7,2400000,0xe0000
1781257970,58.2,2400000,0xe0000
1781257971,57.6,2400000,0xe0000
1781257972,58.2,2400000,0xe0000
1781257973,58.7,2400000,0xe0000
1781257974,58.2,2400000,0xe0000
1781257975,58.2,2400000,0xe0000
1781257976,58.2,2400000,0xe0000
1781257977,58.2,2400000,0xe0000
1781257978,58.2,2400000,0xe0000
1781257979,57.6,2400000,0xe0000
1781257980,57.1,2400000,0xe0000
1781257981,57.6,2400000,0xe0000
1781257982,57.6,2400000,0xe0000
1781257984,58.7,2400000,0xe0000
1781257985,57.6,2400000,0xe0000
1781257986,57.6,2400000,0xe0000
1781257987,57.6,2400000,0xe0000
1781257988,58.2,2400000,0xe0000
1781257989,58.2,2400000,0xe0000
1781257990,58.7,2400000,0xe0000
1781257991,58.2,2400000,0xe0000
1781257992,58.2,2400000,0xe0000
1781257993,57.6,2400000,0xe0000
1781257994,58.2,2400000,0xe0000
1781257995,58.2,2400000,0xe0000
1781257996,58.2,2400000,0xe0000
1781257997,58.2,2400000,0xe0000
1781257998,58.2,2400000,0xe0000
1781257999,57.6,2400000,0xe0000
1781258000,59.3,2400000,0xe0000
1781258001,58.7,2400000,0xe0000
1781258002,59.3,2400000,0xe0000
1781258004,58.7,2400000,0xe0000
1781258005,58.2,2400000,0xe0000
1781258006,57.6,2400000,0xe0000
1781258007,58.7,2400000,0xe0000
1781258008,57.6,2400000,0xe0000
1781258009,58.2,2400000,0xe0000
1781258010,57.6,2400000,0xe0000
1781258011,58.2,2400000,0xe0000
1781258012,57.6,2400000,0xe0000
1781258013,58.2,2400000,0xe0000
1781258014,58.2,2400000,0xe0000
1781258015,58.2,2400000,0xe0000
1781258016,58.2,2400000,0xe0000
1781258017,57.6,2400000,0xe0000
1781258018,58.2,2400000,0xe0000
1781258019,57.1,2400000,0xe0000
1781258020,58.2,2400000,0xe0000
1781258021,57.6,2400000,0xe0000
1781258022,57.6,2400000,0xe0000
1781258023,57.6,2400000,0xe0000
1781258024,58.7,2400000,0xe0000
1781258025,58.7,2400000,0xe0000
1781258027,58.7,2400000,0xe0000
1781258028,58.2,2400000,0xe0000
1781258029,58.2,2400000,0xe0000
1781258030,58.7,2400000,0xe0000
1781258031,58.2,2400000,0xe0000
1781258032,58.2,2400000,0xe0000
1781258033,58.2,2400000,0xe0000
1781258034,57.6,2400000,0xe0000
1781258035,58.7,2400000,0xe0000
1781258036,58.7,2400000,0xe0000
1781258037,58.2,2400000,0xe0000
1781258038,58.2,2400000,0xe0000
1781258039,58.7,2400000,0xe0000
1781258040,57.1,2400000,0xe0000
1781258041,58.2,2400000,0xe0000
1781258042,57.6,2400000,0xe0000
1781258043,57.6,2400000,0xe0000
1781258044,58.7,2400000,0xe0000
1781258045,59.3,2400000,0xe0000
1781258046,57.6,2400000,0xe0000
1781258047,58.2,2400000,0xe0000
1781258048,57.6,2400000,0xe0000
1781258050,58.7,2400000,0xe0000
1781258051,57.6,2400000,0xe0000
1781258052,58.7,2400000,0xe0000
1781258053,57.6,2400000,0xe0000
1781258054,58.2,2400000,0xe0000
1781258055,58.2,2400000,0xe0000
1781258056,58.2,2400000,0xe0000
1781258057,58.2,2400000,0xe0000
1781258058,58.2,2400000,0xe0000
1781258059,57.1,2400000,0xe0000
1781258060,58.2,2400000,0xe0000
1781258061,58.7,2400000,0xe0000
1781258062,58.7,2400000,0xe0000
1781258063,58.7,2400000,0xe0000
1781258064,58.2,2400000,0xe0000
1781258065,57.1,2400000,0xe0000
1781258066,56.5,2400000,0xe0000
1781258067,58.2,2400000,0xe0000
1781258068,56.5,2400000,0xe0000
1781258069,57.6,2400000,0xe0000
1781258070,58.2,2400000,0xe0000
1781258071,58.2,2400000,0xe0000
1781258072,57.6,2400000,0xe0000
1781258073,57.6,2400000,0xe0000
1781258074,58.7,2400000,0xe0000
1781258075,58.2,2400000,0xe0000
1781258076,57.1,2400000,0xe0000
1781258077,58.7,2400000,0xe0000
1781258078,58.2,2400000,0xe0000
1781258079,58.2,2400000,0xe0000
1781258080,58.2,2400000,0xe0000
1781258082,58.2,2400000,0xe0000
1781258083,58.7,2400000,0xe0000
1781258084,57.6,2400000,0xe0000
1781258085,58.7,2400000,0xe0000
1781258086,58.2,2400000,0xe0000
1781258087,57.1,2400000,0xe0000
1781258088,58.2,2400000,0xe0000
1781258089,58.7,2400000,0xe0000
1781258090,58.7,2400000,0xe0000
1781258091,58.2,2400000,0xe0000
1781258092,58.2,2400000,0xe0000
1781258093,58.2,2400000,0xe0000
1781258094,57.6,2400000,0xe0000
1781258095,57.6,2400000,0xe0000
1781258096,58.7,2400000,0xe0000
1781258097,58.2,2400000,0xe0000
1781258098,58.7,2400000,0xe0000
1781258100,58.2,2400000,0xe0000
1781258101,58.2,2400000,0xe0000
1781258102,57.1,2400000,0xe0000
1781258103,59.3,2400000,0xe0000
1781258104,58.2,2400000,0xe0000
1781258105,58.2,2400000,0xe0000
1781258106,59.3,2400000,0xe0000
1781258107,58.2,2400000,0xe0000
1781258108,57.6,2400000,0xe0000
1781258109,57.1,2400000,0xe0000
1781258110,58.7,2400000,0xe0000
1781258111,58.2,2400000,0xe0000
1781258112,58.2,2400000,0xe0000
1781258113,58.2,2400000,0xe0000
1781258114,58.7,2400000,0xe0000
1781258115,58.7,2400000,0xe0000
1781258116,58.2,2400000,0xe0000
1781258117,58.7,2400000,0xe0000
1781258118,58.7,2400000,0xe0000
1781258119,58.2,2400000,0xe0000
1781258120,58.7,2400000,0xe0000
1781258121,58.7,2400000,0xe0000
1781258123,58.2,2400000,0xe0000
1781258124,58.2,2400000,0xe0000
1781258125,58.2,2400000,0xe0000
1781258126,57.6,2400000,0xe0000
1781258127,58.2,2400000,0xe0000
1781258128,58.2,2400000,0xe0000
1781258129,58.7,2400000,0xe0000
1781258130,58.2,2400000,0xe0000
1781258131,57.6,2400000,0xe0000
1781258132,58.2,2400000,0xe0000
1781258133,58.2,2400000,0xe0000
1781258134,58.2,2400000,0xe0000
1781258135,57.1,2400000,0xe0000
1781258136,58.2,2400000,0xe0000
1781258137,58.7,2400000,0xe0000
1781258138,58.2,2400000,0xe0000
1781258139,58.2,2400000,0xe0000
1781258140,58.2,2400000,0xe0000
1781258141,58.2,2400000,0xe0000
1781258142,57.6,2400000,0xe0000
1781258143,58.2,2400000,0xe0000
1781258144,58.2,2400000,0xe0000
1781258145,58.7,2400000,0xe0000
1781258146,58.2,2400000,0xe0000
1781258147,58.7,2400000,0xe0000
1781258148,57.6,2400000,0xe0000
1781258149,58.7,2400000,0xe0000
1781258150,58.2,2400000,0xe0000
1781258151,58.2,2400000,0xe0000
1781258152,58.2,2400000,0xe0000
1781258153,58.2,2400000,0xe0000
1781258155,58.7,2400000,0xe0000
1781258156,58.2,2400000,0xe0000
1781258157,58.7,2400000,0xe0000
1781258158,58.2,2400000,0xe0000
1781258159,59.3,2400000,0xe0000
1781258160,57.6,2400000,0xe0000
1781258161,58.2,2400000,0xe0000
1781258162,58.2,2400000,0xe0000
1781258163,57.6,2400000,0xe0000
1781258164,57.6,2400000,0xe0000
1781258165,58.2,2400000,0xe0000
1781258166,58.7,2400000,0xe0000
1781258167,58.2,2400000,0xe0000
1781258168,58.2,2400000,0xe0000
1781258169,57.6,2400000,0xe0000
1781258170,58.2,2400000,0xe0000
1781258171,58.7,2400000,0xe0000
1781258172,57.6,2400000,0xe0000
1781258173,58.7,2400000,0xe0000
1781258175,58.2,2400000,0xe0000
1781258176,58.7,2400000,0xe0000
1781258177,58.2,2400000,0xe0000
1781258178,58.2,2400000,0xe0000
1781258179,58.2,2400000,0xe0000
1781258180,58.7,2400000,0xe0000
1781258181,58.7,2400000,0xe0000
1781258182,58.2,2400000,0xe0000
1781258183,58.2,2400000,0xe0000
1781258184,58.2,2400000,0xe0000
1781258185,58.2,2400000,0xe0000
1781258186,58.2,2400000,0xe0000
1781258187,58.2,2400000,0xe0000
1781258188,58.7,2400000,0xe0000
1781258189,58.2,2400000,0xe0000
1781258190,58.2,2400000,0xe0000
1781258191,57.6,2400000,0xe0000
1781258192,57.6,2400000,0xe0000
1781258193,58.7,2400000,0xe0000
1781258195,58.7,2400000,0xe0000
1781258196,57.6,2400000,0xe0000
1781258197,57.6,2400000,0xe0000
1781258198,58.7,2400000,0xe0000
1781258199,57.6,2400000,0xe0000
1781258200,58.2,2400000,0xe0000
1781258201,58.7,2400000,0xe0000
1781258202,57.6,2400000,0xe0000
1781258203,57.1,2400000,0xe0000
1781258204,58.2,2400000,0xe0000
1781258205,58.7,2400000,0xe0000
1781258206,58.7,2400000,0xe0000
1781258207,58.7,2400000,0xe0000
1781258208,58.2,2400000,0xe0000
1781258209,58.2,2400000,0xe0000
1781258210,58.2,2400000,0xe0000
1781258211,59.3,2400000,0xe0000
1781258213,57.1,2400000,0xe0000
1781258214,57.6,2400000,0xe0000
1781258215,58.2,2400000,0xe0000
1781258216,58.2,2400000,0xe0000
1781258217,57.6,2400000,0xe0000
1781258218,58.2,2400000,0xe0000
1781258219,58.2,2400000,0xe0000
1781258220,58.7,2400000,0xe0000
1781258221,58.2,2400000,0xe0000
1781258222,57.6,2400000,0xe0000
1781258223,58.2,2400000,0xe0000
1781258224,58.7,2400000,0xe0000
1781258225,57.6,2400000,0xe0000
1781258226,58.2,2400000,0xe0000
1781258227,57.1,2400000,0xe0000
1781258228,58.2,2400000,0xe0000
1781258229,58.2,2400000,0xe0000
1781258230,58.2,2400000,0xe0000
1781258231,57.6,2400000,0xe0000
1781258232,57.6,2400000,0xe0000
1781258233,57.6,2400000,0xe0000
1781258234,58.2,2400000,0xe0000
1781258235,58.2,2400000,0xe0000
1781258236,58.2,2400000,0xe0000
1781258237,58.2,2400000,0xe0000
1781258238,57.6,2400000,0xe0000
1781258239,58.7,2400000,0xe0000
1781258240,58.7,2400000,0xe0000
1781258241,58.7,2400000,0xe0000
1781258243,58.2,2400000,0xe0000
1781258244,58.7,2400000,0xe0000
1781258245,58.7,2400000,0xe0000
1781258246,58.7,2400000,0xe0000
1781258247,58.7,2400000,0xe0000
1781258248,58.7,2400000,0xe0000
1781258249,58.2,2400000,0xe0000
1781258250,58.2,2400000,0xe0000
1781258251,58.2,2400000,0xe0000
1781258252,57.1,2400000,0xe0000
1781258253,57.6,2400000,0xe0000
1781258254,57.6,2400000,0xe0000
1781258255,57.6,2400000,0xe0000
1781258256,58.2,2400000,0xe0000
1781258257,58.2,2400000,0xe0000
1781258258,57.1,2400000,0xe0000
1781258259,58.2,2400000,0xe0000
1781258260,58.2,2400000,0xe0000
1781258261,58.7,2400000,0xe0000
1781258263,57.6,2400000,0xe0000
1781258264,58.2,2400000,0xe0000
1781258265,58.2,2400000,0xe0000
1781258266,58.7,2400000,0xe0000
1781258267,58.2,2400000,0xe0000
1781258268,58.2,2400000,0xe0000
1781258269,57.6,2400000,0xe0000
1781258270,58.2,2400000,0xe0000
1781258271,58.2,2400000,0xe0000
1781258272,58.2,2400000,0xe0000
1781258273,57.6,2400000,0xe0000
1781258274,58.2,2400000,0xe0000
1781258275,58.7,2400000,0xe0000
1781258276,58.7,2400000,0xe0000
1781258277,58.7,2400000,0xe0000
1781258278,58.2,2400000,0xe0000
1781258279,57.6,2400000,0xe0000
1781258280,57.6,2400000,0xe0000
1781258281,58.2,2400000,0xe0000
1781258283,58.7,2400000,0xe0000
1781258284,57.6,2400000,0xe0000
1781258285,58.2,2400000,0xe0000
1781258286,58.7,2400000,0xe0000
1781258287,58.2,2400000,0xe0000
1781258288,57.6,2400000,0xe0000
1781258289,58.7,2400000,0xe0000
1781258290,58.2,2400000,0xe0000
1781258291,57.6,2400000,0xe0000
1781258292,58.7,2400000,0xe0000
1781258293,58.2,2400000,0xe0000
1781258294,58.2,2400000,0xe0000
1781258295,58.7,2400000,0xe0000
1781258296,58.7,2400000,0xe0000
1781258297,58.2,2400000,0xe0000
1781258298,58.7,2400000,0xe0000
1781258299,58.2,2400000,0xe0000
1781258300,57.6,2400000,0xe0000
1781258301,58.2,2400000,0xe0000
1781258302,57.6,2400000,0xe0000
1781258304,58.2,2400000,0xe0000
1781258305,58.7,2400000,0xe0000
1781258306,57.6,2400000,0xe0000
1781258307,58.7,2400000,0xe0000
1781258308,58.2,2400000,0xe0000
1781258309,57.6,2400000,0xe0000
1781258310,58.2,2400000,0xe0000
1781258311,57.6,2400000,0xe0000
1781258312,58.2,2400000,0xe0000
1781258313,58.7,2400000,0xe0000
1781258314,58.7,2400000,0xe0000
1781258315,58.2,2400000,0xe0000
1781258316,57.6,2400000,0xe0000
1781258317,57.6,2400000,0xe0000
1781258318,58.7,2400000,0xe0000
1781258319,58.2,2400000,0xe0000
1781258320,58.2,2400000,0xe0000
1781258321,57.6,2400000,0xe0000
1781258322,58.2,2400000,0xe0000
1781258323,59.3,2400000,0xe0000
1781258324,58.2,2400000,0xe0000
1781258325,58.7,2400000,0xe0000
1781258327,58.7,2400000,0xe0000
1781258328,57.1,2400000,0xe0000
1781258329,58.7,2400000,0xe0000
1781258330,58.2,2400000,0xe0000
1781258331,57.6,2400000,0xe0000
1781258332,58.2,2400000,0xe0000
1781258333,57.6,2400000,0xe0000
1781258334,58.2,2400000,0xe0000
1781258335,58.7,2400000,0xe0000
1781258336,58.7,2400000,0xe0000
1781258337,58.2,2400000,0xe0000
1781258338,57.6,2400000,0xe0000
1781258339,57.6,2400000,0xe0000
1781258340,57.6,2400000,0xe0000
1781258341,58.7,2400000,0xe0000
1781258342,58.7,2400000,0xe0000
1781258343,58.7,2400000,0xe0000
1781258344,58.2,2400000,0xe0000
1781258345,58.7,2400000,0xe0000
1781258346,59.3,2400000,0xe0000
1781258347,58.2,2400000,0xe0000
1781258348,58.7,2400000,0xe0000
1781258350,58.2,2400000,0xe0000
1781258351,58.2,2400000,0xe0000
1781258352,58.7,2400000,0xe0000
1781258353,58.2,2400000,0xe0000
1781258354,58.7,2400000,0xe0000
1781258355,58.2,2400000,0xe0000
1781258356,58.7,2400000,0xe0000
1781258357,59.3,2400000,0xe0000
1781258358,57.6,2400000,0xe0000
1781258359,58.2,2400000,0xe0000
1781258360,58.2,2400000,0xe0000
1781258361,57.6,2400000,0xe0000
1781258362,58.2,2400000,0xe0000
1781258363,58.7,2400000,0xe0000
1781258364,58.2,2400000,0xe0000
1781258365,58.2,2400000,0xe0000
1781258366,58.2,2400000,0xe0000
1781258367,58.2,2400000,0xe0000
1781258368,57.1,2400000,0xe0000
1781258369,58.2,2400000,0xe0000
1781258370,58.2,2400000,0xe0000
1781258371,58.2,2400000,0xe0000
1781258372,57.6,2400000,0xe0000
1781258373,57.6,2400000,0xe0000
1781258374,58.7,2400000,0xe0000
1781258376,57.6,2400000,0xe0000
1781258377,58.2,2400000,0xe0000
1781258378,57.6,2400000,0xe0000
1781258379,58.2,2400000,0xe0000
1781258380,58.2,2400000,0xe0000
1781258381,58.2,2400000,0xe0000
1781258382,57.6,2400000,0xe0000
1781258383,57.6,2400000,0xe0000
1781258384,58.2,2400000,0xe0000
1781258385,58.2,2400000,0xe0000
1781258386,58.2,2400000,0xe0000
1781258387,57.6,2400000,0xe0000
1781258388,58.2,2400000,0xe0000
1781258389,58.7,2400000,0xe0000
1781258390,57.6,2400000,0xe0000
1781258391,58.7,2400000,0xe0000
1781258392,58.7,2400000,0xe0000
1781258393,57.6,2400000,0xe0000
1781258395,58.2,2400000,0xe0000
1781258396,58.7,2400000,0xe0000
1781258397,58.2,2400000,0xe0000
1781258398,58.2,2400000,0xe0000
1781258399,58.2,2400000,0xe0000
1781258400,58.2,2400000,0xe0000
1781258401,58.7,2400000,0xe0000
1781258402,57.1,2400000,0xe0000
1781258403,58.2,2400000,0xe0000
1781258404,57.6,2400000,0xe0000
1781258405,58.2,2400000,0xe0000
1781258406,57.6,2400000,0xe0000
1781258407,57.6,2400000,0xe0000
1781258408,58.2,2400000,0xe0000
1781258409,58.7,2400000,0xe0000
1781258410,58.7,2400000,0xe0000
1781258411,58.7,2400000,0xe0000
1781258412,58.7,2400000,0xe0000
1781258413,58.2,2400000,0xe0000
1781258414,57.1,2400000,0xe0000
1781258415,58.2,2400000,0xe0000
1781258417,58.2,2400000,0xe0000
1781258418,58.2,2400000,0xe0000
1781258419,58.2,2400000,0xe0000
1781258420,57.6,2400000,0xe0000
1781258421,58.2,2400000,0xe0000
1781258422,58.2,2400000,0xe0000
1781258423,57.6,2400000,0xe0000
1781258424,58.2,2400000,0xe0000
1781258425,57.6,2400000,0xe0000
1781258426,57.6,2400000,0xe0000
1781258427,58.2,2400000,0xe0000
1781258428,57.6,2400000,0xe0000
1781258429,57.6,2400000,0xe0000
1781258430,58.2,2400000,0xe0000
1781258431,57.1,2400000,0xe0000
1781258432,58.7,2400000,0xe0000
1781258433,58.2,2400000,0xe0000
1781258434,57.6,2400000,0xe0000
1781258435,58.2,2400000,0xe0000
1781258436,58.2,2400000,0xe0000
1781258437,58.2,2400000,0xe0000
1781258438,57.6,2400000,0xe0000
1781258439,58.7,2400000,0xe0000
1781258440,57.6,2400000,0xe0000
1781258441,58.7,2400000,0xe0000
1781258442,58.7,2400000,0xe0000
1781258443,58.7,2400000,0xe0000
1781258445,58.2,2400000,0xe0000
1781258446,58.2,2400000,0xe0000
1781258447,58.2,2400000,0xe0000
1781258448,58.7,2400000,0xe0000
1781258449,58.2,2400000,0xe0000
1781258450,58.7,2400000,0xe0000
1781258451,57.6,2400000,0xe0000
1781258452,58.2,2400000,0xe0000
1781258453,58.2,2400000,0xe0000
1781258454,58.2,2400000,0xe0000
1781258455,58.7,2400000,0xe0000
1781258456,58.7,2400000,0xe0000
1781258457,57.1,2400000,0xe0000
1781258458,58.2,2400000,0xe0000
1781258459,57.6,2400000,0xe0000
1781258460,58.7,2400000,0xe0000
1781258461,58.2,2400000,0xe0000
1781258462,58.2,2400000,0xe0000
1781258463,58.7,2400000,0xe0000
1781258464,58.2,2400000,0xe0000
1781258466,58.2,2400000,0xe0000
1781258467,58.7,2400000,0xe0000
1781258468,58.7,2400000,0xe0000
1781258469,58.2,2400000,0xe0000
1781258470,57.6,2400000,0xe0000
1781258471,58.7,2400000,0xe0000
1781258472,58.2,2400000,0xe0000
1781258473,58.2,2400000,0xe0000
1781258474,58.2,2400000,0xe0000
1781258475,57.1,2400000,0xe0000
1781258476,58.2,2400000,0xe0000
1781258477,58.2,2400000,0xe0000
1781258478,58.2,2400000,0xe0000
1781258479,58.7,2400000,0xe0000
1781258480,58.2,2400000,0xe0000
1781258481,58.7,2400000,0xe0000
1781258482,57.6,2400000,0xe0000
1781258483,57.1,2400000,0xe0000
1781258485,58.2,2400000,0xe0000
1781258486,58.7,2400000,0xe0000
1781258487,58.7,2400000,0xe0000
1781258488,58.2,2400000,0xe0000
1781258489,58.2,2400000,0xe0000
1781258490,58.2,2400000,0xe0000
1781258491,57.6,2400000,0xe0000
1781258492,58.7,2400000,0xe0000
1781258493,57.6,2400000,0xe0000
1781258494,57.6,2400000,0xe0000
1781258495,58.2,2400000,0xe0000
1781258496,58.7,2400000,0xe0000
1781258497,57.1,2400000,0xe0000
1781258498,58.7,2400000,0xe0000
1781258499,59.3,2400000,0xe0000
1781258500,58.2,2400000,0xe0000
1781258501,58.7,2400000,0xe0000
1781258502,58.7,2400000,0xe0000
1781258503,58.2,2400000,0xe0000
1781258504,58.7,2400000,0xe0000
1781258505,58.7,2400000,0xe0000
1781258506,57.6,2400000,0xe0000
1781258507,58.7,2400000,0xe0000
1781258508,58.7,2400000,0xe0000
1781258509,57.6,2400000,0xe0000
1781258510,58.7,2400000,0xe0000
1781258511,58.2,2400000,0xe0000
1781258512,57.6,2400000,0xe0000
1781258513,58.2,2400000,0xe0000
1781258514,57.6,2400000,0xe0000
1781258516,58.7,2400000,0xe0000
1781258517,58.7,2400000,0xe0000
1781258518,58.7,2400000,0xe0000
1781258519,58.7,2400000,0xe0000
1781258520,58.7,2400000,0xe0000
1781258521,57.6,2400000,0xe0000
1781258522,57.6,2400000,0xe0000
1781258523,57.1,2400000,0xe0000
1781258524,57.6,2400000,0xe0000
1781258525,58.2,2400000,0xe0000
1781258526,58.7,2400000,0xe0000
1781258527,58.7,2400000,0xe0000
1781258528,58.7,2400000,0xe0000
1781258529,58.7,2400000,0xe0000
1781258530,58.7,2400000,0xe0000
1781258531,58.7,2400000,0xe0000
1781258532,58.2,2400000,0xe0000
1781258533,58.2,2400000,0xe0000
1781258534,58.7,2400000,0xe0000
1781258536,58.2,2400000,0xe0000
1781258537,58.2,2400000,0xe0000
1781258538,58.7,2400000,0xe0000
1781258539,58.2,2400000,0xe0000
1781258540,58.7,2400000,0xe0000
1781258541,58.2,2400000,0xe0000
1781258542,58.7,2400000,0xe0000
1781258543,58.2,2400000,0xe0000
1781258544,58.2,2400000,0xe0000
1781258545,58.2,2400000,0xe0000
1781258546,58.7,2400000,0xe0000
1781258547,58.2,2400000,0xe0000
1781258548,58.7,2400000,0xe0000
1781258549,58.2,2400000,0xe0000
1781258550,59.3,2400000,0xe0000
1781258551,58.2,2400000,0xe0000
1781258552,57.6,2400000,0xe0000
1781258553,58.7,2400000,0xe0000
1781258554,58.2,2400000,0xe0000
1781258555,58.2,2400000,0xe0000
1781258556,57.6,2400000,0xe0000
1781258557,58.7,2400000,0xe0000
1781258558,58.2,2400000,0xe0000
1781258559,58.2,2400000,0xe0000
1781258560,58.7,2400000,0xe0000
1781258561,58.2,2400000,0xe0000
1781258562,58.7,2400000,0xe0000
1781258563,58.2,2400000,0xe0000
1781258564,59.3,2400000,0xe0000
1781258565,58.2,2400000,0xe0000
1781258566,58.7,2400000,0xe0000
1781258567,57.6,2400000,0xe0000
1781258568,58.7,2400000,0xe0000
1781258570,58.2,2400000,0xe0000
1781258571,58.7,2400000,0xe0000
1781258572,58.7,2400000,0xe0000
1781258573,58.2,2400000,0xe0000
1781258574,57.1,2400000,0xe0000
1781258575,57.6,2400000,0xe0000
1781258576,58.2,2400000,0xe0000
1781258577,57.6,2400000,0xe0000
1781258578,58.7,2400000,0xe0000
1781258579,58.7,2400000,0xe0000
1781258580,58.7,2400000,0xe0000
1781258581,58.2,2400000,0xe0000
1781258582,58.2,2400000,0xe0000
1781258583,59.3,2400000,0xe0000
1781258584,58.7,2400000,0xe0000
1781258585,58.2,2400000,0xe0000
1781258586,58.2,2400000,0xe0000
1781258587,58.2,2400000,0xe0000
1781258588,57.6,2400000,0xe0000
1781258589,58.2,2400000,0xe0000
1781258590,58.7,2400000,0xe0000
1781258591,58.2,2400000,0xe0000
1781258592,58.2,2400000,0xe0000
1781258593,58.2,2400000,0xe0000
1781258595,58.2,2400000,0xe0000
1781258596,58.2,2400000,0xe0000
1781258597,57.6,2400000,0xe0000
1781258598,58.7,2400000,0xe0000
1781258599,58.7,2400000,0xe0000
1781258600,57.6,2400000,0xe0000
1781258601,58.7,2400000,0xe0000
1781258602,57.6,2400000,0xe0000
1781258603,57.6,2400000,0xe0000
1781258604,58.2,2400000,0xe0000
1781258605,58.2,2400000,0xe0000
1781258606,58.2,2400000,0xe0000
1781258607,59.3,2400000,0xe0000
1781258608,58.7,2400000,0xe0000
1781258609,58.7,2400000,0xe0000
1781258610,58.7,2400000,0xe0000
1781258611,58.2,2400000,0xe0000
1781258612,58.2,2400000,0xe0000
1781258613,57.1,2400000,0xe0000
1781258614,58.7,2400000,0xe0000
1781258615,58.2,2400000,0xe0000
1781258616,58.7,2400000,0xe0000
1781258617,58.2,2400000,0xe0000
1781258618,58.2,2400000,0xe0000
1781258619,58.7,2400000,0xe0000
1781258620,58.2,2400000,0xe0000
1781258621,57.6,2400000,0xe0000
1781258622,58.7,2400000,0xe0000
1781258623,58.7,2400000,0xe0000
1781258625,58.2,2400000,0xe0000
1781258626,58.2,2400000,0xe0000
1781258627,57.6,2400000,0xe0000
1781258628,58.7,2400000,0xe0000
1781258629,58.7,2400000,0xe0000
1781258630,58.7,2400000,0xe0000
1781258631,58.7,2400000,0xe0000
1781258632,58.7,2400000,0xe0000
1781258633,58.7,2400000,0xe0000
1781258634,58.7,2400000,0xe0000
1781258635,58.2,2400000,0xe0000
1781258636,58.7,2400000,0xe0000
1781258637,58.7,2400000,0xe0000
1781258638,58.2,2400000,0xe0000
1781258639,58.7,2400000,0xe0000
1781258640,57.6,2400000,0xe0000
1781258641,57.6,2400000,0xe0000
1781258642,58.7,2400000,0xe0000
1781258643,58.7,2400000,0xe0000
1781258644,58.7,2400000,0xe0000
1781258645,59.3,2400000,0xe0000
1781258646,57.6,2400000,0xe0000
1781258647,58.2,2400000,0xe0000
1781258648,58.7,2400000,0xe0000
1781258649,58.2,2400000,0xe0000
1781258651,58.2,2400000,0xe0000
1781258652,58.2,2400000,0xe0000
1781258653,58.2,2400000,0xe0000
1781258654,59.3,2400000,0xe0000
1781258655,58.7,2400000,0xe0000
1781258656,58.2,2400000,0xe0000
1781258657,57.6,2400000,0xe0000
1781258658,58.7,2400000,0xe0000
1781258659,58.2,2400000,0xe0000
1781258660,58.7,2400000,0xe0000
1781258661,57.6,2400000,0xe0000
1781258662,58.2,2400000,0xe0000
1781258663,58.2,2400000,0xe0000
1781258664,57.6,2400000,0xe0000
1781258665,58.7,2400000,0xe0000
1781258666,58.7,2400000,0xe0000
1781258667,57.6,2400000,0xe0000
1781258668,58.2,2400000,0xe0000
1781258669,58.2,2400000,0xe0000
1781258670,58.2,2400000,0xe0000
1781258672,58.7,2400000,0xe0000
1781258673,58.2,2400000,0xe0000
1781258674,58.7,2400000,0xe0000
1781258675,58.2,2400000,0xe0000
1781258676,57.6,2400000,0xe0000
1781258677,58.7,2400000,0xe0000
1781258678,58.7,2400000,0xe0000
1781258679,58.2,2400000,0xe0000
1781258680,58.2,2400000,0xe0000
1781258681,58.2,2400000,0xe0000
1781258682,58.7,2400000,0xe0000
1781258683,58.7,2400000,0xe0000
1781258684,58.2,2400000,0xe0000
1781258685,57.6,2400000,0xe0000
1781258686,58.2,2400000,0xe0000
1781258687,58.7,2400000,0xe0000
1781258688,58.7,2400000,0xe0000
1781258689,58.7,2400000,0xe0000
1781258690,58.2,2400000,0xe0000
1781258691,58.2,2400000,0xe0000
1781258692,57.6,2400000,0xe0000
1781258693,58.7,2400000,0xe0000
1781258694,57.6,2400000,0xe0000
