1781164729,51.6,2400000,0xe0000
1781164730,52.1,2400000,0xe0000
1781164731,52.1,2400000,0xe0000
1781164732,52.1,2400000,0xe0000
1781164733,52.1,2400000,0xe0000
1781164734,52.1,2400000,0xe0000
1781164735,52.1,2400000,0xe0000
1781164736,52.1,2400000,0xe0000
1781164737,52.7,2400000,0xe0000
1781164739,52.1,2400000,0xe0000
1781164740,52.1,2400000,0xe0000
1781164741,51.6,2400000,0xe0000
1781164742,52.1,2400000,0xe0000
1781164743,52.7,2400000,0xe0000
1781164744,52.7,2400000,0xe0000
1781164745,52.7,2400000,0xe0000
1781164746,53.2,2400000,0xe0000
1781164747,52.7,2400000,0xe0000
1781164748,53.2,2400000,0xe0000
1781164749,52.7,2400000,0xe0000
1781164750,53.2,2400000,0xe0000
1781164751,53.2,2400000,0xe0000
1781164752,53.8,2400000,0xe0000
1781164753,53.2,2400000,0xe0000
1781164754,53.2,2400000,0xe0000
1781164755,52.7,2400000,0xe0000
1781164756,53.2,2400000,0xe0000
1781164758,52.1,2400000,0xe0000
1781164759,52.7,2400000,0xe0000
1781164760,53.2,2400000,0xe0000
1781164761,53.8,2400000,0xe0000
1781164762,53.8,2400000,0xe0000
1781164763,52.7,2400000,0xe0000
1781164764,53.2,2400000,0xe0000
1781164765,53.8,2400000,0xe0000
1781164766,53.2,2400000,0xe0000
1781164767,52.7,2400000,0xe0000
1781164768,52.1,2400000,0xe0000
1781164769,52.7,2400000,0xe0000
1781164770,53.2,2400000,0xe0000
1781164771,52.7,2400000,0xe0000
1781164772,53.2,2400000,0xe0000
1781164773,53.2,2400000,0xe0000
1781164774,53.2,2400000,0xe0000
1781164776,53.8,2400000,0xe0000
1781164777,53.2,2400000,0xe0000
1781164778,53.2,2400000,0xe0000
1781164779,53.8,2400000,0xe0000
1781164780,54.3,2400000,0xe0000
1781164781,53.2,2400000,0xe0000
1781164782,53.2,2400000,0xe0000
1781164783,53.8,2400000,0xe0000
1781164784,53.2,2400000,0xe0000
1781164785,54.3,2400000,0xe0000
1781164786,54.3,2400000,0xe0000
1781164787,53.8,2400000,0xe0000
1781164788,53.2,2400000,0xe0000
1781164789,54.3,2400000,0xe0000
1781164790,53.8,2400000,0xe0000
1781164791,53.2,2400000,0xe0000
1781164792,53.8,2400000,0xe0000
1781164793,53.2,2400000,0xe0000
1781164794,53.2,2400000,0xe0000
1781164795,53.8,2400000,0xe0000
1781164796,53.2,2400000,0xe0000
1781164797,53.2,2400000,0xe0000
1781164798,53.8,2400000,0xe0000
1781164799,53.8,2400000,0xe0000
1781164800,53.8,2400000,0xe0000
1781164801,53.8,2400000,0xe0000
1781164802,53.2,2400000,0xe0000
1781164803,53.2,2400000,0xe0000
1781164804,53.8,2400000,0xe0000
1781164806,54.3,2400000,0xe0000
1781164807,53.8,2400000,0xe0000
1781164808,54.3,2400000,0xe0000
1781164809,54.3,2400000,0xe0000
1781164810,54.3,2400000,0xe0000
1781164811,53.8,2400000,0xe0000
1781164812,53.8,2400000,0xe0000
1781164813,53.8,2400000,0xe0000
1781164814,54.3,2400000,0xe0000
1781164815,54.3,2400000,0xe0000
1781164816,54.3,2400000,0xe0000
1781164817,54.3,2400000,0xe0000
1781164818,54.3,2400000,0xe0000
1781164819,53.8,2400000,0xe0000
1781164820,54.9,2400000,0xe0000
1781164821,54.3,2400000,0xe0000
1781164822,54.3,2400000,0xe0000
1781164823,53.8,2400000,0xe0000
1781164824,54.3,2400000,0xe0000
1781164825,54.3,2400000,0xe0000
1781164826,54.3,2400000,0xe0000
1781164827,54.3,2400000,0xe0000
1781164828,54.3,2400000,0xe0000
1781164829,54.3,2400000,0xe0000
1781164830,53.8,2400000,0xe0000
1781164831,54.3,2400000,0xe0000
1781164832,53.8,2400000,0xe0000
1781164833,53.8,2400000,0xe0000
1781164834,54.3,2400000,0xe0000
1781164835,54.3,2400000,0xe0000
1781164836,53.8,2400000,0xe0000
1781164837,54.3,2400000,0xe0000
1781164838,53.8,2400000,0xe0000
1781164839,54.3,2400000,0xe0000
1781164841,54.3,2400000,0xe0000
1781164842,54.9,2400000,0xe0000
1781164843,54.3,2400000,0xe0000
1781164844,54.3,2400000,0xe0000
1781164845,54.3,2400000,0xe0000
1781164846,54.3,2400000,0xe0000
1781164847,53.8,2400000,0xe0000
1781164848,54.3,2400000,0xe0000
1781164849,54.3,2400000,0xe0000
1781164850,54.3,2400000,0xe0000
1781164851,54.3,2400000,0xe0000
1781164852,54.3,2400000,0xe0000
1781164853,54.3,2400000,0xe0000
1781164854,53.8,2400000,0xe0000
1781164855,54.3,2400000,0xe0000
1781164856,54.9,2400000,0xe0000
1781164857,53.8,2400000,0xe0000
1781164858,54.3,2400000,0xe0000
1781164859,54.9,2400000,0xe0000
1781164860,53.8,2400000,0xe0000
1781164861,54.9,2400000,0xe0000
1781164862,53.8,2400000,0xe0000
1781164863,54.3,2400000,0xe0000
1781164865,54.9,2400000,0xe0000
1781164866,54.9,2400000,0xe0000
1781164867,54.9,2400000,0xe0000
1781164868,54.9,2400000,0xe0000
1781164869,54.3,2400000,0xe0000
1781164870,54.9,2400000,0xe0000
1781164871,54.3,2400000,0xe0000
1781164872,54.3,2400000,0xe0000
1781164873,54.3,2400000,0xe0000
1781164874,54.9,2400000,0xe0000
1781164875,55.4,2400000,0xe0000
1781164876,54.3,2400000,0xe0000
1781164877,54.9,2400000,0xe0000
1781164878,54.9,2400000,0xe0000
1781164879,54.3,2400000,0xe0000
1781164880,54.9,2400000,0xe0000
1781164881,54.3,2400000,0xe0000
1781164882,54.9,2400000,0xe0000
1781164883,54.9,2400000,0xe0000
1781164884,54.9,2400000,0xe0000
1781164885,53.8,2400000,0xe0000
1781164886,54.9,2400000,0xe0000
1781164887,54.9,2400000,0xe0000
1781164888,54.9,2400000,0xe0000
1781164889,53.8,2400000,0xe0000
1781164890,54.9,2400000,0xe0000
1781164891,54.9,2400000,0xe0000
1781164893,54.9,2400000,0xe0000
1781164894,54.3,2400000,0xe0000
1781164895,54.9,2400000,0xe0000
1781164896,54.3,2400000,0xe0000
1781164897,54.9,2400000,0xe0000
1781164898,54.3,2400000,0xe0000
1781164899,54.9,2400000,0xe0000
1781164900,54.9,2400000,0xe0000
1781164901,54.3,2400000,0xe0000
1781164902,54.3,2400000,0xe0000
1781164903,54.9,2400000,0xe0000
1781164904,54.9,2400000,0xe0000
1781164905,54.9,2400000,0xe0000
1781164906,54.9,2400000,0xe0000
1781164907,54.9,2400000,0xe0000
1781164908,54.9,2400000,0xe0000
1781164909,54.3,2400000,0xe0000
1781164910,54.9,2400000,0xe0000
1781164911,53.2,2400000,0xe0000
1781164912,54.9,2400000,0xe0000
1781164913,54.9,2400000,0xe0000
1781164914,54.9,2400000,0xe0000
1781164915,54.9,2400000,0xe0000
1781164916,54.9,2400000,0xe0000
1781164917,54.9,2400000,0xe0000
1781164918,54.9,2400000,0xe0000
1781164919,54.3,2400000,0xe0000
1781164920,55.4,2400000,0xe0000
1781164922,55.4,2400000,0xe0000
1781164923,54.9,2400000,0xe0000
1781164924,55.4,2400000,0xe0000
1781164925,54.9,2400000,0xe0000
1781164926,54.9,2400000,0xe0000
1781164927,54.9,2400000,0xe0000
1781164928,54.9,2400000,0xe0000
1781164929,54.9,2400000,0xe0000
1781164930,56.0,2400000,0xe0000
1781164931,55.4,2400000,0xe0000
1781164932,54.3,2400000,0xe0000
1781164933,54.9,2400000,0xe0000
1781164934,54.9,2400000,0xe0000
1781164935,55.4,2400000,0xe0000
1781164936,55.4,2400000,0xe0000
1781164937,54.9,2400000,0xe0000
1781164938,55.4,2400000,0xe0000
1781164939,54.9,2400000,0xe0000
1781164940,54.9,2400000,0xe0000
1781164941,54.9,2400000,0xe0000
1781164942,55.4,2400000,0xe0000
1781164943,54.3,2400000,0xe0000
1781164944,54.9,2400000,0xe0000
1781164945,54.3,2400000,0xe0000
1781164946,54.9,2400000,0xe0000
1781164947,54.9,2400000,0xe0000
1781164948,54.9,2400000,0xe0000
1781164949,54.9,2400000,0xe0000
1781164951,54.9,2400000,0xe0000
1781164952,54.9,2400000,0xe0000
1781164953,54.9,2400000,0xe0000
1781164954,54.9,2400000,0xe0000
1781164955,54.9,2400000,0xe0000
1781164956,55.4,2400000,0xe0000
1781164957,55.4,2400000,0xe0000
1781164958,54.3,2400000,0xe0000
1781164959,55.4,2400000,0xe0000
1781164960,53.8,2400000,0xe0000
1781164961,55.4,2400000,0xe0000
1781164962,54.9,2400000,0xe0000
1781164963,54.9,2400000,0xe0000
1781164964,55.4,2400000,0xe0000
1781164965,55.4,2400000,0xe0000
1781164966,55.4,2400000,0xe0000
1781164967,55.4,2400000,0xe0000
1781164968,54.9,2400000,0xe0000
1781164969,54.9,2400000,0xe0000
1781164970,54.9,2400000,0xe0000
1781164971,54.9,2400000,0xe0000
1781164972,55.4,2400000,0xe0000
1781164973,54.9,2400000,0xe0000
1781164974,54.9,2400000,0xe0000
1781164976,54.9,2400000,0xe0000
1781164977,56.0,2400000,0xe0000
1781164978,56.0,2400000,0xe0000
1781164979,54.9,2400000,0xe0000
1781164980,54.9,2400000,0xe0000
1781164981,54.9,2400000,0xe0000
1781164982,54.9,2400000,0xe0000
1781164983,55.4,2400000,0xe0000
1781164984,54.9,2400000,0xe0000
1781164985,55.4,2400000,0xe0000
1781164986,55.4,2400000,0xe0000
1781164987,56.0,2400000,0xe0000
1781164988,55.4,2400000,0xe0000
1781164989,54.9,2400000,0xe0000
1781164990,55.4,2400000,0xe0000
1781164991,54.9,2400000,0xe0000
1781164992,54.9,2400000,0xe0000
1781164993,55.4,2400000,0xe0000
1781164994,55.4,2400000,0xe0000
1781164995,55.4,2400000,0xe0000
1781164996,55.4,2400000,0xe0000
1781164997,55.4,2400000,0xe0000
1781164998,54.9,2400000,0xe0000
1781164999,54.9,2400000,0xe0000
1781165000,54.3,2400000,0xe0000
1781165001,54.9,2400000,0xe0000
1781165002,54.9,2400000,0xe0000
1781165004,55.4,2400000,0xe0000
1781165005,55.4,2400000,0xe0000
1781165006,54.3,2400000,0xe0000
1781165007,54.9,2400000,0xe0000
1781165008,56.0,2400000,0xe0000
1781165009,55.4,2400000,0xe0000
1781165010,56.0,2400000,0xe0000
1781165011,55.4,2400000,0xe0000
1781165012,56.0,2400000,0xe0000
1781165013,55.4,2400000,0xe0000
1781165014,55.4,2400000,0xe0000
1781165015,54.9,2400000,0xe0000
1781165016,55.4,2400000,0xe0000
1781165017,56.0,2400000,0xe0000
1781165018,56.0,2400000,0xe0000
1781165019,54.9,2400000,0xe0000
1781165020,55.4,2400000,0xe0000
1781165021,54.9,2400000,0xe0000
1781165022,55.4,2400000,0xe0000
1781165023,56.0,2400000,0xe0000
1781165024,54.9,2400000,0xe0000
1781165025,55.4,2400000,0xe0000
1781165026,54.9,2400000,0xe0000
1781165027,54.3,2400000,0xe0000
1781165028,55.4,2400000,0xe0000
1781165030,55.4,2400000,0xe0000
1781165031,55.4,2400000,0xe0000
1781165032,55.4,2400000,0xe0000
1781165033,54.9,2400000,0xe0000
1781165034,55.4,2400000,0xe0000
1781165035,56.5,2400000,0xe0000
1781165036,54.9,2400000,0xe0000
1781165037,54.9,2400000,0xe0000
1781165038,54.9,2400000,0xe0000
1781165039,55.4,2400000,0xe0000
1781165040,56.0,2400000,0xe0000
1781165041,55.4,2400000,0xe0000
1781165042,55.4,2400000,0xe0000
1781165043,55.4,2400000,0xe0000
1781165044,56.0,2400000,0xe0000
1781165045,53.8,2400000,0xe0000
1781165046,54.9,2400000,0xe0000
1781165047,55.4,2400000,0xe0000
1781165048,55.4,2400000,0xe0000
1781165049,55.4,2400000,0xe0000
1781165051,54.9,2400000,0xe0000
1781165052,55.4,2400000,0xe0000
1781165053,55.4,2400000,0xe0000
1781165054,56.0,2400000,0xe0000
1781165055,55.4,2400000,0xe0000
1781165056,55.4,2400000,0xe0000
1781165057,56.0,2400000,0xe0000
1781165058,55.4,2400000,0xe0000
1781165059,56.0,2400000,0xe0000
1781165060,55.4,2400000,0xe0000
1781165061,54.9,2400000,0xe0000
1781165062,54.9,2400000,0xe0000
1781165063,55.4,2400000,0xe0000
1781165064,55.4,2400000,0xe0000
1781165065,55.4,2400000,0xe0000
1781165066,55.4,2400000,0xe0000
1781165067,55.4,2400000,0xe0000
1781165068,55.4,2400000,0xe0000
1781165070,54.9,2400000,0xe0000
1781165071,55.4,2400000,0xe0000
1781165072,55.4,2400000,0xe0000
1781165073,54.9,2400000,0xe0000
1781165074,55.4,2400000,0xe0000
1781165075,55.4,2400000,0xe0000
1781165076,56.0,2400000,0xe0000
1781165077,55.4,2400000,0xe0000
1781165078,54.9,2400000,0xe0000
1781165079,54.9,2400000,0xe0000
1781165080,55.4,2400000,0xe0000
1781165081,55.4,2400000,0xe0000
1781165082,55.4,2400000,0xe0000
1781165083,56.0,2400000,0xe0000
1781165084,55.4,2400000,0xe0000
1781165085,55.4,2400000,0xe0000
1781165086,54.9,2400000,0xe0000
1781165087,54.9,2400000,0xe0000
1781165088,55.4,2400000,0xe0000
1781165089,54.9,2400000,0xe0000
1781165090,55.4,2400000,0xe0000
1781165091,55.4,2400000,0xe0000
1781165092,55.4,2400000,0xe0000
1781165093,55.4,2400000,0xe0000
1781165094,55.4,2400000,0xe0000
1781165095,56.0,2400000,0xe0000
1781165097,54.9,2400000,0xe0000
1781165098,56.0,2400000,0xe0000
1781165099,54.9,2400000,0xe0000
1781165100,55.4,2400000,0xe0000
1781165101,55.4,2400000,0xe0000
1781165102,55.4,2400000,0xe0000
1781165103,55.4,2400000,0xe0000
1781165104,54.9,2400000,0xe0000
1781165105,55.4,2400000,0xe0000
1781165106,55.4,2400000,0xe0000
1781165107,55.4,2400000,0xe0000
1781165108,56.0,2400000,0xe0000
1781165109,55.4,2400000,0xe0000
1781165110,54.9,2400000,0xe0000
1781165111,55.4,2400000,0xe0000
1781165112,56.0,2400000,0xe0000
1781165113,55.4,2400000,0xe0000
1781165114,56.0,2400000,0xe0000
1781165115,54.3,2400000,0xe0000
1781165117,55.4,2400000,0xe0000
1781165118,56.0,2400000,0xe0000
1781165119,55.4,2400000,0xe0000
1781165120,55.4,2400000,0xe0000
1781165121,56.0,2400000,0xe0000
1781165122,55.4,2400000,0xe0000
1781165123,56.0,2400000,0xe0000
1781165124,55.4,2400000,0xe0000
1781165125,55.4,2400000,0xe0000
1781165126,55.4,2400000,0xe0000
1781165127,55.4,2400000,0xe0000
1781165128,56.0,2400000,0xe0000
1781165129,56.0,2400000,0xe0000
1781165130,54.3,2400000,0xe0000
1781165131,56.0,2400000,0xe0000
1781165132,55.4,2400000,0xe0000
1781165133,54.9,2400000,0xe0000
1781165134,56.0,2400000,0xe0000
1781165135,55.4,2400000,0xe0000
1781165136,55.4,2400000,0xe0000
1781165137,56.0,2400000,0xe0000
1781165138,55.4,2400000,0xe0000
1781165140,55.4,2400000,0xe0000
1781165141,55.4,2400000,0xe0000
1781165142,54.3,2400000,0xe0000
1781165143,55.4,2400000,0xe0000
1781165144,54.9,2400000,0xe0000
1781165145,56.0,2400000,0xe0000
1781165146,55.4,2400000,0xe0000
1781165147,55.4,2400000,0xe0000
1781165148,54.9,2400000,0xe0000
1781165149,54.9,2400000,0xe0000
1781165150,56.0,2400000,0xe0000
1781165151,54.9,2400000,0xe0000
1781165152,55.4,2400000,0xe0000
1781165153,55.4,2400000,0xe0000
1781165154,55.4,2400000,0xe0000
1781165155,55.4,2400000,0xe0000
1781165156,56.0,2400000,0xe0000
1781165157,54.9,2400000,0xe0000
1781165158,55.4,2400000,0xe0000
1781165159,54.9,2400000,0xe0000
1781165160,55.4,2400000,0xe0000
1781165161,56.0,2400000,0xe0000
1781165162,54.9,2400000,0xe0000
1781165163,55.4,2400000,0xe0000
1781165164,56.0,2400000,0xe0000
1781165165,55.4,2400000,0xe0000
1781165166,55.4,2400000,0xe0000
1781165167,56.0,2400000,0xe0000
1781165168,55.4,2400000,0xe0000
1781165169,55.4,2400000,0xe0000
1781165170,55.4,2400000,0xe0000
1781165172,56.0,2400000,0xe0000
1781165173,54.9,2400000,0xe0000
1781165174,55.4,2400000,0xe0000
1781165175,56.0,2400000,0xe0000
1781165176,54.9,2400000,0xe0000
1781165177,55.4,2400000,0xe0000
1781165178,55.4,2400000,0xe0000
1781165179,55.4,2400000,0xe0000
1781165180,55.4,2400000,0xe0000
1781165181,55.4,2400000,0xe0000
1781165182,55.4,2400000,0xe0000
1781165183,54.3,2400000,0xe0000
1781165184,56.0,2400000,0xe0000
1781165185,55.4,2400000,0xe0000
1781165186,54.9,2400000,0xe0000
1781165187,56.0,2400000,0xe0000
1781165188,54.9,2400000,0xe0000
1781165189,55.4,2400000,0xe0000
1781165190,54.9,2400000,0xe0000
1781165191,54.3,2400000,0xe0000
1781165192,56.0,2400000,0xe0000
1781165194,55.4,2400000,0xe0000
1781165195,56.0,2400000,0xe0000
1781165196,54.9,2400000,0xe0000
1781165197,56.0,2400000,0xe0000
1781165198,54.9,2400000,0xe0000
1781165199,56.0,2400000,0xe0000
1781165200,54.9,2400000,0xe0000
1781165201,55.4,2400000,0xe0000
1781165202,54.9,2400000,0xe0000
1781165203,55.4,2400000,0xe0000
1781165204,55.4,2400000,0xe0000
1781165205,56.0,2400000,0xe0000
1781165206,55.4,2400000,0xe0000
1781165207,56.0,2400000,0xe0000
1781165208,56.0,2400000,0xe0000
1781165209,56.0,2400000,0xe0000
1781165210,55.4,2400000,0xe0000
1781165211,55.4,2400000,0xe0000
1781165212,54.9,2400000,0xe0000
1781165214,55.4,2400000,0xe0000
1781165215,54.9,2400000,0xe0000
1781165216,54.9,2400000,0xe0000
1781165217,56.0,2400000,0xe0000
1781165218,55.4,2400000,0xe0000
1781165219,55.4,2400000,0xe0000
1781165220,55.4,2400000,0xe0000
1781165221,55.4,2400000,0xe0000
1781165222,55.4,2400000,0xe0000
1781165223,56.0,2400000,0xe0000
1781165224,55.4,2400000,0xe0000
1781165225,54.9,2400000,0xe0000
1781165226,55.4,2400000,0xe0000
1781165227,55.4,2400000,0xe0000
1781165228,55.4,2400000,0xe0000
1781165229,55.4,2400000,0xe0000
1781165230,55.4,2400000,0xe0000
1781165231,56.0,2400000,0xe0000
1781165232,54.9,2400000,0xe0000
1781165233,55.4,2400000,0xe0000
1781165234,56.0,2400000,0xe0000
1781165235,55.4,2400000,0xe0000
1781165236,56.0,2400000,0xe0000
1781165237,55.4,2400000,0xe0000
1781165238,55.4,2400000,0xe0000
1781165239,54.9,2400000,0xe0000
1781165241,54.9,2400000,0xe0000
1781165242,55.4,2400000,0xe0000
1781165243,55.4,2400000,0xe0000
1781165244,55.4,2400000,0xe0000
1781165245,55.4,2400000,0xe0000
1781165246,56.0,2400000,0xe0000
1781165247,55.4,2400000,0xe0000
1781165248,55.4,2400000,0xe0000
1781165249,54.9,2400000,0xe0000
1781165250,56.0,2400000,0xe0000
1781165251,54.3,2400000,0xe0000
1781165252,55.4,2400000,0xe0000
1781165253,56.5,2400000,0xe0000
1781165254,56.0,2400000,0xe0000
1781165255,55.4,2400000,0xe0000
1781165256,55.4,2400000,0xe0000
1781165257,55.4,2400000,0xe0000
1781165258,55.4,2400000,0xe0000
1781165259,54.9,2400000,0xe0000
1781165260,56.0,2400000,0xe0000
1781165261,55.4,2400000,0xe0000
1781165262,56.0,2400000,0xe0000
1781165263,56.0,2400000,0xe0000
1781165264,54.9,2400000,0xe0000
1781165265,54.9,2400000,0xe0000
1781165267,55.4,2400000,0xe0000
1781165268,56.0,2400000,0xe0000
1781165269,56.0,2400000,0xe0000
1781165270,56.0,2400000,0xe0000
1781165271,55.4,2400000,0xe0000
1781165272,56.0,2400000,0xe0000
1781165273,54.9,2400000,0xe0000
1781165274,54.9,2400000,0xe0000
1781165275,54.9,2400000,0xe0000
1781165276,55.4,2400000,0xe0000
1781165277,55.4,2400000,0xe0000
1781165278,56.0,2400000,0xe0000
1781165279,54.9,2400000,0xe0000
1781165280,56.0,2400000,0xe0000
1781165281,54.9,2400000,0xe0000
1781165282,55.4,2400000,0xe0000
1781165283,55.4,2400000,0xe0000
1781165284,55.4,2400000,0xe0000
1781165285,56.0,2400000,0xe0000
1781165286,56.0,2400000,0xe0000
1781165287,55.4,2400000,0xe0000
1781165288,55.4,2400000,0xe0000
1781165289,56.0,2400000,0xe0000
1781165290,56.0,2400000,0xe0000
1781165291,56.0,2400000,0xe0000
1781165292,55.4,2400000,0xe0000
1781165293,55.4,2400000,0xe0000
1781165294,55.4,2400000,0xe0000
1781165295,56.5,2400000,0xe0000
1781165297,55.4,2400000,0xe0000
1781165298,56.0,2400000,0xe0000
1781165299,55.4,2400000,0xe0000
1781165300,55.4,2400000,0xe0000
1781165301,55.4,2400000,0xe0000
1781165302,55.4,2400000,0xe0000
1781165303,55.4,2400000,0xe0000
1781165304,55.4,2400000,0xe0000
1781165305,56.0,2400000,0xe0000
1781165306,55.4,2400000,0xe0000
1781165307,55.4,2400000,0xe0000
1781165308,54.9,2400000,0xe0000
1781165309,54.9,2400000,0xe0000
1781165310,56.0,2400000,0xe0000
1781165311,56.0,2400000,0xe0000
1781165312,54.3,2400000,0xe0000
1781165313,54.9,2400000,0xe0000
1781165314,55.4,2400000,0xe0000
1781165315,55.4,2400000,0xe0000
1781165316,55.4,2400000,0xe0000
1781165317,55.4,2400000,0xe0000
1781165318,56.0,2400000,0xe0000
1781165319,55.4,2400000,0xe0000
1781165320,55.4,2400000,0xe0000
1781165321,56.0,2400000,0xe0000
1781165322,55.4,2400000,0xe0000
1781165323,55.4,2400000,0xe0000
1781165324,56.0,2400000,0xe0000
1781165326,55.4,2400000,0xe0000
1781165327,56.0,2400000,0xe0000
1781165328,56.0,2400000,0xe0000
1781165329,56.0,2400000,0xe0000
1781165330,56.0,2400000,0xe0000
1781165331,56.0,2400000,0xe0000
1781165332,54.9,2400000,0xe0000
1781165333,55.4,2400000,0xe0000
1781165334,55.4,2400000,0xe0000
1781165335,56.0,2400000,0xe0000
1781165336,55.4,2400000,0xe0000
1781165337,56.0,2400000,0xe0000
1781165338,56.0,2400000,0xe0000
1781165339,55.4,2400000,0xe0000
1781165340,56.0,2400000,0xe0000
1781165341,55.4,2400000,0xe0000
1781165342,56.0,2400000,0xe0000
1781165343,56.0,2400000,0xe0000
1781165344,56.0,2400000,0xe0000
1781165345,55.4,2400000,0xe0000
1781165346,55.4,2400000,0xe0000
1781165347,56.0,2400000,0xe0000
1781165348,55.4,2400000,0xe0000
1781165349,56.0,2400000,0xe0000
1781165350,55.4,2400000,0xe0000
1781165352,55.4,2400000,0xe0000
1781165353,55.4,2400000,0xe0000
1781165354,55.4,2400000,0xe0000
1781165355,56.0,2400000,0xe0000
1781165356,56.0,2400000,0xe0000
1781165357,56.0,2400000,0xe0000
1781165358,55.4,2400000,0xe0000
1781165359,56.5,2400000,0xe0000
1781165360,55.4,2400000,0xe0000
1781165361,56.0,2400000,0xe0000
1781165362,56.0,2400000,0xe0000
1781165363,56.0,2400000,0xe0000
1781165364,56.0,2400000,0xe0000
1781165365,56.0,2400000,0xe0000
1781165366,56.0,2400000,0xe0000
1781165367,56.0,2400000,0xe0000
1781165368,56.0,2400000,0xe0000
1781165369,56.0,2400000,0xe0000
1781165370,56.0,2400000,0xe0000
1781165371,55.4,2400000,0xe0000
1781165372,56.0,2400000,0xe0000
1781165373,55.4,2400000,0xe0000
1781165374,55.4,2400000,0xe0000
1781165375,56.0,2400000,0xe0000
1781165376,56.0,2400000,0xe0000
1781165377,55.4,2400000,0xe0000
1781165378,56.0,2400000,0xe0000
1781165380,54.9,2400000,0xe0000
1781165381,55.4,2400000,0xe0000
1781165382,56.0,2400000,0xe0000
1781165383,56.0,2400000,0xe0000
1781165384,56.0,2400000,0xe0000
1781165385,54.9,2400000,0xe0000
1781165386,56.5,2400000,0xe0000
1781165387,55.4,2400000,0xe0000
1781165388,55.4,2400000,0xe0000
1781165389,55.4,2400000,0xe0000
1781165390,54.9,2400000,0xe0000
1781165391,55.4,2400000,0xe0000
1781165392,55.4,2400000,0xe0000
1781165393,55.4,2400000,0xe0000
1781165394,56.0,2400000,0xe0000
1781165395,54.9,2400000,0xe0000
1781165396,55.4,2400000,0xe0000
1781165397,54.9,2400000,0xe0000
1781165398,56.0,2400000,0xe0000
1781165399,55.4,2400000,0xe0000
1781165400,56.0,2400000,0xe0000
1781165401,56.0,2400000,0xe0000
1781165402,54.3,2400000,0xe0000
1781165403,55.4,2400000,0xe0000
1781165404,54.9,2400000,0xe0000
1781165405,55.4,2400000,0xe0000
1781165406,56.0,2400000,0xe0000
1781165408,55.4,2400000,0xe0000
1781165409,55.4,2400000,0xe0000
1781165410,56.0,2400000,0xe0000
1781165411,56.5,2400000,0xe0000
1781165412,56.0,2400000,0xe0000
1781165413,55.4,2400000,0xe0000
1781165414,55.4,2400000,0xe0000
1781165415,56.0,2400000,0xe0000
1781165416,55.4,2400000,0xe0000
1781165417,55.4,2400000,0xe0000
1781165418,55.4,2400000,0xe0000
1781165419,55.4,2400000,0xe0000
1781165420,56.0,2400000,0xe0000
1781165421,55.4,2400000,0xe0000
1781165422,56.0,2400000,0xe0000
1781165423,55.4,2400000,0xe0000
1781165424,56.0,2400000,0xe0000
1781165425,55.4,2400000,0xe0000
1781165426,55.4,2400000,0xe0000
1781165427,55.4,2400000,0xe0000
1781165428,55.4,2400000,0xe0000
1781165429,56.0,2400000,0xe0000
1781165430,55.4,2400000,0xe0000
1781165431,55.4,2400000,0xe0000
1781165432,56.0,2400000,0xe0000
1781165433,55.4,2400000,0xe0000
1781165434,54.9,2400000,0xe0000
1781165435,56.0,2400000,0xe0000
1781165436,55.4,2400000,0xe0000
1781165437,56.0,2400000,0xe0000
1781165438,54.3,2400000,0xe0000
1781165439,56.0,2400000,0xe0000
1781165440,54.9,2400000,0xe0000
1781165442,56.0,2400000,0xe0000
1781165443,54.9,2400000,0xe0000
1781165444,55.4,2400000,0xe0000
1781165445,56.0,2400000,0xe0000
1781165446,56.0,2400000,0xe0000
1781165447,55.4,2400000,0xe0000
1781165448,55.4,2400000,0xe0000
1781165449,56.0,2400000,0xe0000
1781165450,55.4,2400000,0xe0000
1781165451,55.4,2400000,0xe0000
1781165452,55.4,2400000,0xe0000
1781165453,54.9,2400000,0xe0000
1781165454,56.0,2400000,0xe0000
1781165455,55.4,2400000,0xe0000
1781165456,56.0,2400000,0xe0000
1781165457,54.9,2400000,0xe0000
1781165458,54.9,2400000,0xe0000
1781165459,55.4,2400000,0xe0000
1781165460,55.4,2400000,0xe0000
1781165461,54.9,2400000,0xe0000
1781165462,56.0,2400000,0xe0000
1781165463,55.4,2400000,0xe0000
1781165464,55.4,2400000,0xe0000
1781165465,55.4,2400000,0xe0000
1781165466,55.4,2400000,0xe0000
1781165467,56.0,2400000,0xe0000
1781165468,56.0,2400000,0xe0000
1781165469,55.4,2400000,0xe0000
1781165470,55.4,2400000,0xe0000
1781165471,55.4,2400000,0xe0000
1781165472,56.0,2400000,0xe0000
1781165473,56.0,2400000,0xe0000
1781165475,56.0,2400000,0xe0000
1781165476,55.4,2400000,0xe0000
1781165477,56.0,2400000,0xe0000
1781165478,55.4,2400000,0xe0000
1781165479,54.9,2400000,0xe0000
1781165480,56.0,2400000,0xe0000
1781165481,54.9,2400000,0xe0000
1781165482,55.4,2400000,0xe0000
1781165483,56.0,2400000,0xe0000
1781165484,56.0,2400000,0xe0000
1781165485,56.0,2400000,0xe0000
1781165486,56.0,2400000,0xe0000
1781165487,54.9,2400000,0xe0000
1781165488,55.4,2400000,0xe0000
1781165489,54.9,2400000,0xe0000
1781165490,55.4,2400000,0xe0000
1781165491,55.4,2400000,0xe0000
1781165492,56.0,2400000,0xe0000
1781165493,54.9,2400000,0xe0000
1781165494,55.4,2400000,0xe0000
1781165495,56.0,2400000,0xe0000
1781165496,55.4,2400000,0xe0000
1781165497,56.0,2400000,0xe0000
1781165498,55.4,2400000,0xe0000
1781165499,54.9,2400000,0xe0000
1781165500,56.0,2400000,0xe0000
1781165501,56.0,2400000,0xe0000
1781165502,55.4,2400000,0xe0000
1781165503,56.0,2400000,0xe0000
1781165504,55.4,2400000,0xe0000
1781165505,54.9,2400000,0xe0000
1781165506,54.9,2400000,0xe0000
1781165507,54.9,2400000,0xe0000
1781165508,56.0,2400000,0xe0000
1781165509,56.0,2400000,0xe0000
1781165510,56.0,2400000,0xe0000
1781165511,55.4,2400000,0xe0000
1781165513,55.4,2400000,0xe0000
1781165514,55.4,2400000,0xe0000
1781165515,56.0,2400000,0xe0000
1781165516,56.0,2400000,0xe0000
1781165517,56.0,2400000,0xe0000
1781165518,56.5,2400000,0xe0000
1781165519,56.0,2400000,0xe0000
1781165520,56.0,2400000,0xe0000
1781165521,55.4,2400000,0xe0000
1781165522,55.4,2400000,0xe0000
1781165523,55.4,2400000,0xe0000
1781165524,55.4,2400000,0xe0000
1781165525,56.0,2400000,0xe0000
1781165526,56.0,2400000,0xe0000
1781165527,55.4,2400000,0xe0000
1781165528,55.4,2400000,0xe0000
1781165529,56.0,2400000,0xe0000
1781165530,56.0,2400000,0xe0000
1781165531,56.0,2400000,0xe0000
1781165532,54.3,2400000,0xe0000
1781165534,55.4,2400000,0xe0000
1781165535,56.0,2400000,0xe0000
1781165536,55.4,2400000,0xe0000
1781165537,55.4,2400000,0xe0000
1781165538,56.0,2400000,0xe0000
1781165539,55.4,2400000,0xe0000
1781165540,56.5,2400000,0xe0000
1781165541,56.0,2400000,0xe0000
1781165542,55.4,2400000,0xe0000
1781165543,56.0,2400000,0xe0000
1781165544,55.4,2400000,0xe0000
1781165545,56.0,2400000,0xe0000
1781165546,56.0,2400000,0xe0000
1781165547,56.0,2400000,0xe0000
1781165548,55.4,2400000,0xe0000
1781165549,55.4,2400000,0xe0000
1781165550,56.0,2400000,0xe0000
1781165551,56.0,2400000,0xe0000
1781165552,54.3,2400000,0xe0000
1781165553,56.0,2400000,0xe0000
1781165554,55.4,2400000,0xe0000
1781165555,56.0,2400000,0xe0000
1781165556,56.0,2400000,0xe0000
1781165557,56.0,2400000,0xe0000
1781165558,56.0,2400000,0xe0000
1781165560,56.0,2400000,0xe0000
1781165561,55.4,2400000,0xe0000
1781165562,54.9,2400000,0xe0000
1781165563,55.4,2400000,0xe0000
1781165564,55.4,2400000,0xe0000
1781165565,56.0,2400000,0xe0000
1781165566,55.4,2400000,0xe0000
1781165567,55.4,2400000,0xe0000
1781165568,56.5,2400000,0xe0000
1781165569,55.4,2400000,0xe0000
1781165570,55.4,2400000,0xe0000
1781165571,55.4,2400000,0xe0000
1781165572,56.0,2400000,0xe0000
1781165573,56.0,2400000,0xe0000
1781165574,56.0,2400000,0xe0000
1781165575,56.0,2400000,0xe0000
1781165576,55.4,2400000,0xe0000
1781165577,56.0,2400000,0xe0000
1781165578,55.4,2400000,0xe0000
1781165579,54.9,2400000,0xe0000
1781165580,55.4,2400000,0xe0000
1781165582,55.4,2400000,0xe0000
1781165583,56.0,2400000,0xe0000
1781165584,56.0,2400000,0xe0000
1781165585,56.0,2400000,0xe0000
1781165586,56.0,2400000,0xe0000
1781165587,55.4,2400000,0xe0000
1781165588,56.0,2400000,0xe0000
1781165589,54.3,2400000,0xe0000
1781165590,56.0,2400000,0xe0000
1781165591,55.4,2400000,0xe0000
1781165592,56.0,2400000,0xe0000
1781165593,56.0,2400000,0xe0000
1781165594,55.4,2400000,0xe0000
1781165595,56.0,2400000,0xe0000
1781165596,56.0,2400000,0xe0000
1781165597,55.4,2400000,0xe0000
1781165598,56.0,2400000,0xe0000
1781165599,56.0,2400000,0xe0000
1781165600,55.4,2400000,0xe0000
1781165601,55.4,2400000,0xe0000
1781165602,55.4,2400000,0xe0000
1781165604,55.4,2400000,0xe0000
1781165605,56.0,2400000,0xe0000
1781165606,55.4,2400000,0xe0000
1781165607,55.4,2400000,0xe0000
1781165608,56.0,2400000,0xe0000
1781165609,56.0,2400000,0xe0000
1781165610,55.4,2400000,0xe0000
1781165611,55.4,2400000,0xe0000
1781165612,56.0,2400000,0xe0000
1781165613,56.0,2400000,0xe0000
1781165614,56.0,2400000,0xe0000
1781165615,56.0,2400000,0xe0000
1781165616,55.4,2400000,0xe0000
1781165617,55.4,2400000,0xe0000
1781165618,56.0,2400000,0xe0000
1781165619,55.4,2400000,0xe0000
1781165620,55.4,2400000,0xe0000
1781165621,55.4,2400000,0xe0000
1781165622,56.0,2400000,0xe0000
1781165623,55.4,2400000,0xe0000
1781165624,56.0,2400000,0xe0000
1781165625,56.0,2400000,0xe0000
1781165627,55.4,2400000,0xe0000
1781165628,55.4,2400000,0xe0000
1781165629,55.4,2400000,0xe0000
1781165630,55.4,2400000,0xe0000
1781165631,55.4,2400000,0xe0000
1781165632,55.4,2400000,0xe0000
1781165633,55.4,2400000,0xe0000
1781165634,56.0,2400000,0xe0000
1781165635,56.0,2400000,0xe0000
1781165636,56.0,2400000,0xe0000
1781165637,56.0,2400000,0xe0000
1781165638,55.4,2400000,0xe0000
1781165639,56.0,2400000,0xe0000
1781165640,54.9,2400000,0xe0000
1781165641,55.4,2400000,0xe0000
1781165642,55.4,2400000,0xe0000
1781165643,55.4,2400000,0xe0000
1781165644,55.4,2400000,0xe0000
1781165645,56.0,2400000,0xe0000
1781165646,55.4,2400000,0xe0000
1781165647,56.0,2400000,0xe0000
1781165648,55.4,2400000,0xe0000
1781165649,56.5,2400000,0xe0000
1781165650,56.0,2400000,0xe0000
1781165651,55.4,2400000,0xe0000
1781165652,54.9,2400000,0xe0000
1781165654,56.0,2400000,0xe0000
1781165655,56.0,2400000,0xe0000
1781165656,56.0,2400000,0xe0000
1781165657,56.0,2400000,0xe0000
1781165658,54.9,2400000,0xe0000
1781165659,54.9,2400000,0xe0000
1781165660,56.0,2400000,0xe0000
1781165661,55.4,2400000,0xe0000
1781165662,55.4,2400000,0xe0000
1781165663,55.4,2400000,0xe0000
1781165664,56.0,2400000,0xe0000
1781165665,56.0,2400000,0xe0000
1781165666,55.4,2400000,0xe0000
1781165667,56.0,2400000,0xe0000
1781165668,56.0,2400000,0xe0000
1781165669,55.4,2400000,0xe0000
1781165670,54.9,2400000,0xe0000
1781165671,55.4,2400000,0xe0000
1781165672,56.0,2400000,0xe0000
1781165673,56.0,2400000,0xe0000
1781165674,56.0,2400000,0xe0000
1781165675,55.4,2400000,0xe0000
1781165676,56.0,2400000,0xe0000
1781165677,56.5,2400000,0xe0000
1781165679,54.3,2400000,0xe0000
1781165680,56.0,2400000,0xe0000
1781165681,56.0,2400000,0xe0000
1781165682,56.0,2400000,0xe0000
1781165683,55.4,2400000,0xe0000
1781165684,55.4,2400000,0xe0000
1781165685,55.4,2400000,0xe0000
1781165686,56.0,2400000,0xe0000
1781165687,55.4,2400000,0xe0000
1781165688,56.0,2400000,0xe0000
1781165689,55.4,2400000,0xe0000
1781165690,56.0,2400000,0xe0000
1781165691,56.0,2400000,0xe0000
1781165692,55.4,2400000,0xe0000
1781165693,55.4,2400000,0xe0000
1781165694,56.0,2400000,0xe0000
1781165695,56.0,2400000,0xe0000
1781165696,56.0,2400000,0xe0000
1781165697,56.0,2400000,0xe0000
1781165698,55.4,2400000,0xe0000
1781165700,56.0,2400000,0xe0000
1781165701,55.4,2400000,0xe0000
1781165702,54.9,2400000,0xe0000
1781165703,55.4,2400000,0xe0000
1781165704,55.4,2400000,0xe0000
1781165705,56.0,2400000,0xe0000
1781165706,55.4,2400000,0xe0000
1781165707,56.0,2400000,0xe0000
1781165708,56.0,2400000,0xe0000
1781165709,56.5,2400000,0xe0000
1781165710,55.4,2400000,0xe0000
1781165711,55.4,2400000,0xe0000
1781165712,56.0,2400000,0xe0000
1781165713,56.0,2400000,0xe0000
1781165714,55.4,2400000,0xe0000
1781165715,55.4,2400000,0xe0000
1781165716,55.4,2400000,0xe0000
1781165717,56.0,2400000,0xe0000
1781165718,55.4,2400000,0xe0000
1781165719,55.4,2400000,0xe0000
1781165721,56.0,2400000,0xe0000
1781165722,56.0,2400000,0xe0000
1781165723,54.9,2400000,0xe0000
1781165724,55.4,2400000,0xe0000
1781165725,55.4,2400000,0xe0000
1781165726,55.4,2400000,0xe0000
1781165727,56.0,2400000,0xe0000
1781165728,56.0,2400000,0xe0000
1781165729,56.0,2400000,0xe0000
1781165730,56.0,2400000,0xe0000
1781165731,54.9,2400000,0xe0000
1781165732,54.9,2400000,0xe0000
1781165733,56.0,2400000,0xe0000
1781165734,55.4,2400000,0xe0000
1781165735,55.4,2400000,0xe0000
1781165736,55.4,2400000,0xe0000
1781165737,55.4,2400000,0xe0000
1781165738,56.0,2400000,0xe0000
1781165739,56.0,2400000,0xe0000
1781165740,54.9,2400000,0xe0000
1781165741,56.5,2400000,0xe0000
1781165743,55.4,2400000,0xe0000
1781165744,55.4,2400000,0xe0000
1781165745,56.0,2400000,0xe0000
1781165746,56.0,2400000,0xe0000
1781165747,55.4,2400000,0xe0000
1781165748,56.0,2400000,0xe0000
1781165749,56.0,2400000,0xe0000
1781165750,56.0,2400000,0xe0000
1781165751,56.0,2400000,0xe0000
1781165752,55.4,2400000,0xe0000
1781165753,54.3,2400000,0xe0000
1781165754,56.0,2400000,0xe0000
1781165755,56.0,2400000,0xe0000
1781165756,57.1,2400000,0xe0000
1781165757,55.4,2400000,0xe0000
1781165758,56.0,2400000,0xe0000
1781165759,55.4,2400000,0xe0000
1781165760,55.4,2400000,0xe0000
1781165761,55.4,2400000,0xe0000
1781165762,55.4,2400000,0xe0000
1781165764,55.4,2400000,0xe0000
1781165765,55.4,2400000,0xe0000
1781165766,55.4,2400000,0xe0000
1781165767,56.0,2400000,0xe0000
1781165768,56.0,2400000,0xe0000
1781165769,55.4,2400000,0xe0000
1781165770,56.0,2400000,0xe0000
1781165771,56.0,2400000,0xe0000
1781165772,55.4,2400000,0xe0000
1781165773,55.4,2400000,0xe0000
1781165774,56.5,2400000,0xe0000
1781165775,56.0,2400000,0xe0000
1781165776,56.0,2400000,0xe0000
1781165777,56.0,2400000,0xe0000
1781165778,54.3,2400000,0xe0000
1781165779,56.0,2400000,0xe0000
1781165780,56.0,2400000,0xe0000
1781165781,55.4,2400000,0xe0000
1781165782,56.5,2400000,0xe0000
1781165783,56.0,2400000,0xe0000
1781165784,54.9,2400000,0xe0000
1781165785,56.0,2400000,0xe0000
1781165786,55.4,2400000,0xe0000
1781165787,56.0,2400000,0xe0000
1781165788,56.0,2400000,0xe0000
1781165789,56.0,2400000,0xe0000
1781165790,55.4,2400000,0xe0000
1781165791,56.0,2400000,0xe0000
1781165792,55.4,2400000,0xe0000
1781165794,55.4,2400000,0xe0000
1781165795,55.4,2400000,0xe0000
1781165796,55.4,2400000,0xe0000
1781165797,56.0,2400000,0xe0000
1781165798,55.4,2400000,0xe0000
1781165799,56.0,2400000,0xe0000
1781165800,56.0,2400000,0xe0000
1781165801,56.0,2400000,0xe0000
1781165802,56.0,2400000,0xe0000
1781165803,56.0,2400000,0xe0000
1781165804,56.0,2400000,0xe0000
1781165805,55.4,2400000,0xe0000
1781165806,55.4,2400000,0xe0000
1781165807,56.0,2400000,0xe0000
1781165808,55.4,2400000,0xe0000
1781165809,56.0,2400000,0xe0000
1781165810,55.4,2400000,0xe0000
1781165811,55.4,2400000,0xe0000
1781165812,56.0,2400000,0xe0000
1781165814,56.0,2400000,0xe0000
1781165815,55.4,2400000,0xe0000
1781165816,56.0,2400000,0xe0000
1781165817,56.0,2400000,0xe0000
1781165818,55.4,2400000,0xe0000
1781165819,56.0,2400000,0xe0000
1781165820,56.0,2400000,0xe0000
1781165821,55.4,2400000,0xe0000
1781165822,55.4,2400000,0xe0000
1781165823,56.0,2400000,0xe0000
1781165824,55.4,2400000,0xe0000
1781165825,56.0,2400000,0xe0000
1781165826,56.0,2400000,0xe0000
1781165827,56.5,2400000,0xe0000
1781165828,56.0,2400000,0xe0000
1781165829,56.0,2400000,0xe0000
1781165830,54.9,2400000,0xe0000
1781165831,56.0,2400000,0xe0000
1781165832,55.4,2400000,0xe0000
1781165834,55.4,2400000,0xe0000
1781165835,56.0,2400000,0xe0000
1781165836,55.4,2400000,0xe0000
1781165837,55.4,2400000,0xe0000
1781165838,55.4,2400000,0xe0000
1781165839,55.4,2400000,0xe0000
1781165840,55.4,2400000,0xe0000
1781165841,56.0,2400000,0xe0000
1781165842,55.4,2400000,0xe0000
1781165843,55.4,2400000,0xe0000
1781165844,55.4,2400000,0xe0000
1781165845,56.0,2400000,0xe0000
1781165846,54.3,2400000,0xe0000
1781165847,56.0,2400000,0xe0000
1781165848,55.4,2400000,0xe0000
1781165849,55.4,2400000,0xe0000
1781165850,56.0,2400000,0xe0000
1781165851,56.0,2400000,0xe0000
1781165852,55.4,2400000,0xe0000
1781165853,56.0,2400000,0xe0000
1781165854,56.0,2400000,0xe0000
1781165855,55.4,2400000,0xe0000
1781165856,55.4,2400000,0xe0000
1781165857,56.0,2400000,0xe0000
1781165858,56.0,2400000,0xe0000
1781165860,55.4,2400000,0xe0000
1781165861,55.4,2400000,0xe0000
1781165862,55.4,2400000,0xe0000
1781165863,55.4,2400000,0xe0000
1781165864,56.0,2400000,0xe0000
1781165865,55.4,2400000,0xe0000
1781165866,56.0,2400000,0xe0000
1781165867,55.4,2400000,0xe0000
1781165868,55.4,2400000,0xe0000
1781165869,56.0,2400000,0xe0000
1781165870,56.0,2400000,0xe0000
1781165871,54.9,2400000,0xe0000
1781165872,55.4,2400000,0xe0000
1781165873,54.9,2400000,0xe0000
1781165874,55.4,2400000,0xe0000
1781165875,55.4,2400000,0xe0000
1781165876,54.9,2400000,0xe0000
1781165877,56.0,2400000,0xe0000
1781165878,56.0,2400000,0xe0000
1781165879,54.9,2400000,0xe0000
1781165880,56.0,2400000,0xe0000
1781165881,55.4,2400000,0xe0000
1781165883,55.4,2400000,0xe0000
1781165884,55.4,2400000,0xe0000
1781165885,56.0,2400000,0xe0000
1781165886,55.4,2400000,0xe0000
1781165887,55.4,2400000,0xe0000
1781165888,55.4,2400000,0xe0000
1781165889,55.4,2400000,0xe0000
1781165890,56.0,2400000,0xe0000
1781165891,56.0,2400000,0xe0000
1781165892,54.9,2400000,0xe0000
1781165893,55.4,2400000,0xe0000
1781165894,55.4,2400000,0xe0000
1781165895,56.0,2400000,0xe0000
1781165896,54.9,2400000,0xe0000
1781165897,55.4,2400000,0xe0000
1781165898,56.0,2400000,0xe0000
1781165899,55.4,2400000,0xe0000
1781165900,55.4,2400000,0xe0000
1781165901,54.3,2400000,0xe0000
1781165902,56.0,2400000,0xe0000
1781165903,55.4,2400000,0xe0000
1781165904,56.0,2400000,0xe0000
1781165905,56.5,2400000,0xe0000
1781165906,55.4,2400000,0xe0000
1781165907,55.4,2400000,0xe0000
1781165908,55.4,2400000,0xe0000
1781165909,56.0,2400000,0xe0000
1781165910,56.0,2400000,0xe0000
1781165911,56.0,2400000,0xe0000
1781165913,55.4,2400000,0xe0000
1781165914,55.4,2400000,0xe0000
1781165915,53.8,2400000,0xe0000
1781165916,55.4,2400000,0xe0000
1781165917,56.0,2400000,0xe0000
1781165918,55.4,2400000,0xe0000
1781165919,56.0,2400000,0xe0000
1781165920,56.0,2400000,0xe0000
1781165921,55.4,2400000,0xe0000
1781165922,55.4,2400000,0xe0000
1781165923,56.0,2400000,0xe0000
1781165924,55.4,2400000,0xe0000
1781165925,54.9,2400000,0xe0000
1781165926,55.4,2400000,0xe0000
1781165927,56.0,2400000,0xe0000
1781165928,54.9,2400000,0xe0000
1781165929,55.4,2400000,0xe0000
1781165930,56.0,2400000,0xe0000
1781165931,55.4,2400000,0xe0000
1781165932,56.0,2400000,0xe0000
1781165933,56.0,2400000,0xe0000
1781165934,54.9,2400000,0xe0000
1781165935,55.4,2400000,0xe0000
1781165936,55.4,2400000,0xe0000
1781165937,56.0,2400000,0xe0000
1781165938,55.4,2400000,0xe0000
1781165939,56.0,2400000,0xe0000
1781165941,56.0,2400000,0xe0000
1781165942,56.0,2400000,0xe0000
1781165943,56.0,2400000,0xe0000
1781165944,54.9,2400000,0xe0000
1781165945,55.4,2400000,0xe0000
1781165946,55.4,2400000,0xe0000
1781165947,56.0,2400000,0xe0000
1781165948,55.4,2400000,0xe0000
1781165949,55.4,2400000,0xe0000
1781165950,55.4,2400000,0xe0000
1781165951,56.0,2400000,0xe0000
1781165952,56.0,2400000,0xe0000
1781165953,54.9,2400000,0xe0000
1781165954,56.0,2400000,0xe0000
1781165955,55.4,2400000,0xe0000
1781165956,55.4,2400000,0xe0000
1781165957,55.4,2400000,0xe0000
1781165958,56.0,2400000,0xe0000
1781165959,55.4,2400000,0xe0000
1781165961,56.0,2400000,0xe0000
1781165962,56.0,2400000,0xe0000
1781165963,55.4,2400000,0xe0000
1781165964,56.0,2400000,0xe0000
1781165965,56.0,2400000,0xe0000
1781165966,55.4,2400000,0xe0000
1781165967,55.4,2400000,0xe0000
1781165968,55.4,2400000,0xe0000
1781165969,54.3,2400000,0xe0000
1781165970,55.4,2400000,0xe0000
1781165971,56.0,2400000,0xe0000
1781165972,55.4,2400000,0xe0000
1781165973,55.4,2400000,0xe0000
1781165974,55.4,2400000,0xe0000
1781165975,55.4,2400000,0xe0000
1781165976,55.4,2400000,0xe0000
1781165977,56.0,2400000,0xe0000
1781165978,56.5,2400000,0xe0000
1781165979,56.0,2400000,0xe0000
1781165980,56.0,2400000,0xe0000
1781165981,56.0,2400000,0xe0000
1781165982,56.0,2400000,0xe0000
1781165983,55.4,2400000,0xe0000
1781165984,55.4,2400000,0xe0000
1781165986,56.0,2400000,0xe0000
1781165987,56.0,2400000,0xe0000
1781165988,54.9,2400000,0xe0000
1781165989,55.4,2400000,0xe0000
1781165990,55.4,2400000,0xe0000
1781165991,56.0,2400000,0xe0000
1781165992,55.4,2400000,0xe0000
1781165993,56.0,2400000,0xe0000
1781165994,56.0,2400000,0xe0000
1781165995,55.4,2400000,0xe0000
1781165996,56.0,2400000,0xe0000
1781165997,55.4,2400000,0xe0000
1781165998,55.4,2400000,0xe0000
1781165999,56.5,2400000,0xe0000
1781166000,55.4,2400000,0xe0000
1781166001,56.0,2400000,0xe0000
1781166003,54.3,2400000,0xe0000
1781166004,56.0,2400000,0xe0000
1781166005,56.0,2400000,0xe0000
1781166006,55.4,2400000,0xe0000
1781166007,56.0,2400000,0xe0000
1781166008,56.0,2400000,0xe0000
1781166009,56.0,2400000,0xe0000
1781166010,56.0,2400000,0xe0000
1781166011,56.0,2400000,0xe0000
1781166012,55.4,2400000,0xe0000
1781166013,55.4,2400000,0xe0000
1781166014,55.4,2400000,0xe0000
1781166015,55.4,2400000,0xe0000
1781166016,56.0,2400000,0xe0000
1781166017,56.5,2400000,0xe0000
1781166018,55.4,2400000,0xe0000
1781166019,56.0,2400000,0xe0000
1781166020,56.0,2400000,0xe0000
1781166022,56.0,2400000,0xe0000
1781166023,55.4,2400000,0xe0000
1781166024,55.4,2400000,0xe0000
1781166025,56.0,2400000,0xe0000
1781166026,55.4,2400000,0xe0000
1781166027,54.9,2400000,0xe0000
1781166028,55.4,2400000,0xe0000
1781166029,55.4,2400000,0xe0000
1781166030,54.9,2400000,0xe0000
1781166031,55.4,2400000,0xe0000
1781166032,55.4,2400000,0xe0000
1781166033,56.0,2400000,0xe0000
1781166034,55.4,2400000,0xe0000
1781166035,56.0,2400000,0xe0000
1781166036,56.0,2400000,0xe0000
1781166037,56.0,2400000,0xe0000
1781166038,55.4,2400000,0xe0000
1781166039,54.9,2400000,0xe0000
1781166040,56.0,2400000,0xe0000
1781166041,56.0,2400000,0xe0000
1781166042,56.0,2400000,0xe0000
1781166043,56.0,2400000,0xe0000
1781166044,54.9,2400000,0xe0000
1781166045,55.4,2400000,0xe0000
1781166046,55.4,2400000,0xe0000
1781166047,56.0,2400000,0xe0000
1781166048,56.0,2400000,0xe0000
1781166050,56.0,2400000,0xe0000
1781166051,56.0,2400000,0xe0000
1781166052,54.9,2400000,0xe0000
1781166053,55.4,2400000,0xe0000
1781166054,55.4,2400000,0xe0000
1781166055,56.0,2400000,0xe0000
1781166056,56.0,2400000,0xe0000
1781166057,56.0,2400000,0xe0000
1781166058,55.4,2400000,0xe0000
1781166059,56.0,2400000,0xe0000
1781166060,55.4,2400000,0xe0000
1781166061,56.0,2400000,0xe0000
1781166062,55.4,2400000,0xe0000
1781166063,55.4,2400000,0xe0000
1781166064,56.0,2400000,0xe0000
1781166065,56.0,2400000,0xe0000
1781166066,56.0,2400000,0xe0000
1781166067,56.0,2400000,0xe0000
1781166069,55.4,2400000,0xe0000
1781166070,56.0,2400000,0xe0000
1781166071,56.0,2400000,0xe0000
1781166072,56.0,2400000,0xe0000
1781166073,55.4,2400000,0xe0000
1781166074,55.4,2400000,0xe0000
1781166075,55.4,2400000,0xe0000
1781166076,55.4,2400000,0xe0000
1781166077,56.5,2400000,0xe0000
1781166078,56.0,2400000,0xe0000
1781166079,56.0,2400000,0xe0000
1781166080,55.4,2400000,0xe0000
1781166081,56.5,2400000,0xe0000
1781166082,56.5,2400000,0xe0000
1781166083,56.5,2400000,0xe0000
1781166084,54.9,2400000,0xe0000
1781166085,55.4,2400000,0xe0000
1781166086,55.4,2400000,0xe0000
1781166087,56.0,2400000,0xe0000
1781166088,54.9,2400000,0xe0000
1781166089,56.0,2400000,0xe0000
1781166090,56.5,2400000,0xe0000
1781166091,56.0,2400000,0xe0000
1781166092,56.0,2400000,0xe0000
1781166093,54.9,2400000,0xe0000
1781166094,55.4,2400000,0xe0000
1781166095,56.0,2400000,0xe0000
1781166096,56.0,2400000,0xe0000
1781166098,55.4,2400000,0xe0000
1781166099,56.0,2400000,0xe0000
1781166100,56.0,2400000,0xe0000
1781166101,55.4,2400000,0xe0000
1781166102,55.4,2400000,0xe0000
1781166103,56.0,2400000,0xe0000
1781166104,56.0,2400000,0xe0000
1781166105,56.0,2400000,0xe0000
1781166106,56.0,2400000,0xe0000
1781166107,56.0,2400000,0xe0000
1781166108,55.4,2400000,0xe0000
1781166109,55.4,2400000,0xe0000
1781166110,55.4,2400000,0xe0000
1781166111,56.0,2400000,0xe0000
1781166112,56.0,2400000,0xe0000
1781166113,56.0,2400000,0xe0000
1781166114,56.0,2400000,0xe0000
1781166115,56.0,2400000,0xe0000
1781166116,54.9,2400000,0xe0000
1781166117,56.0,2400000,0xe0000
1781166118,55.4,2400000,0xe0000
1781166119,56.0,2400000,0xe0000
1781166120,56.0,2400000,0xe0000
1781166121,54.9,2400000,0xe0000
1781166122,56.0,2400000,0xe0000
1781166123,56.0,2400000,0xe0000
1781166125,56.0,2400000,0xe0000
1781166126,56.0,2400000,0xe0000
1781166127,55.4,2400000,0xe0000
1781166128,56.0,2400000,0xe0000
1781166129,56.0,2400000,0xe0000
1781166130,55.4,2400000,0xe0000
1781166131,56.0,2400000,0xe0000
1781166132,56.0,2400000,0xe0000
1781166133,56.0,2400000,0xe0000
1781166134,56.0,2400000,0xe0000
1781166135,56.0,2400000,0xe0000
1781166136,55.4,2400000,0xe0000
1781166137,56.0,2400000,0xe0000
1781166138,56.5,2400000,0xe0000
1781166139,56.0,2400000,0xe0000
1781166140,55.4,2400000,0xe0000
1781166141,56.0,2400000,0xe0000
1781166142,56.5,2400000,0xe0000
1781166143,56.0,2400000,0xe0000
1781166144,55.4,2400000,0xe0000
1781166145,55.4,2400000,0xe0000
1781166146,55.4,2400000,0xe0000
1781166147,56.0,2400000,0xe0000
1781166148,55.4,2400000,0xe0000
1781166149,55.4,2400000,0xe0000
1781166150,55.4,2400000,0xe0000
1781166152,56.0,2400000,0xe0000
1781166153,56.0,2400000,0xe0000
1781166154,55.4,2400000,0xe0000
1781166155,56.0,2400000,0xe0000
1781166156,56.0,2400000,0xe0000
1781166157,55.4,2400000,0xe0000
1781166158,56.0,2400000,0xe0000
1781166159,55.4,2400000,0xe0000
1781166160,56.0,2400000,0xe0000
1781166161,56.0,2400000,0xe0000
1781166162,55.4,2400000,0xe0000
1781166163,56.0,2400000,0xe0000
1781166164,55.4,2400000,0xe0000
1781166165,55.4,2400000,0xe0000
1781166166,54.9,2400000,0xe0000
1781166167,56.0,2400000,0xe0000
1781166168,55.4,2400000,0xe0000
1781166169,55.4,2400000,0xe0000
1781166170,55.4,2400000,0xe0000
1781166171,56.0,2400000,0xe0000
1781166172,56.0,2400000,0xe0000
1781166173,56.0,2400000,0xe0000
1781166174,55.4,2400000,0xe0000
1781166175,56.0,2400000,0xe0000
1781166176,56.0,2400000,0xe0000
1781166177,55.4,2400000,0xe0000
1781166178,56.0,2400000,0xe0000
1781166179,56.5,2400000,0xe0000
1781166180,56.0,2400000,0xe0000
1781166182,56.0,2400000,0xe0000
1781166183,54.3,2400000,0xe0000
1781166184,56.0,2400000,0xe0000
1781166185,56.0,2400000,0xe0000
1781166186,55.4,2400000,0xe0000
1781166187,55.4,2400000,0xe0000
1781166188,56.0,2400000,0xe0000
1781166189,56.5,2400000,0xe0000
1781166190,56.0,2400000,0xe0000
1781166191,56.0,2400000,0xe0000
1781166192,56.0,2400000,0xe0000
1781166193,54.9,2400000,0xe0000
1781166194,55.4,2400000,0xe0000
1781166195,56.0,2400000,0xe0000
1781166196,56.0,2400000,0xe0000
1781166197,55.4,2400000,0xe0000
1781166198,56.5,2400000,0xe0000
1781166199,55.4,2400000,0xe0000
1781166200,55.4,2400000,0xe0000
1781166201,56.0,2400000,0xe0000
1781166202,55.4,2400000,0xe0000
1781166203,55.4,2400000,0xe0000
1781166205,56.0,2400000,0xe0000
1781166206,56.0,2400000,0xe0000
1781166207,56.0,2400000,0xe0000
1781166208,56.0,2400000,0xe0000
1781166209,55.4,2400000,0xe0000
1781166210,56.0,2400000,0xe0000
1781166211,56.5,2400000,0xe0000
1781166212,56.0,2400000,0xe0000
1781166213,55.4,2400000,0xe0000
1781166214,55.4,2400000,0xe0000
1781166215,56.0,2400000,0xe0000
1781166216,56.0,2400000,0xe0000
1781166217,56.0,2400000,0xe0000
1781166218,55.4,2400000,0xe0000
1781166219,56.0,2400000,0xe0000
1781166220,55.4,2400000,0xe0000
1781166221,55.4,2400000,0xe0000
1781166222,56.5,2400000,0xe0000
1781166223,56.0,2400000,0xe0000
1781166224,55.4,2400000,0xe0000
1781166225,56.5,2400000,0xe0000
1781166226,55.4,2400000,0xe0000
1781166227,54.9,2400000,0xe0000
1781166228,56.5,2400000,0xe0000
1781166229,55.4,2400000,0xe0000
1781166230,55.4,2400000,0xe0000
1781166231,56.0,2400000,0xe0000
1781166232,54.3,2400000,0xe0000
1781166233,56.0,2400000,0xe0000
1781166234,55.4,2400000,0xe0000
1781166235,55.4,2400000,0xe0000
1781166237,56.0,2400000,0xe0000
1781166238,56.0,2400000,0xe0000
1781166239,56.0,2400000,0xe0000
1781166240,56.0,2400000,0xe0000
1781166241,56.0,2400000,0xe0000
1781166242,55.4,2400000,0xe0000
1781166243,55.4,2400000,0xe0000
1781166244,55.4,2400000,0xe0000
1781166245,55.4,2400000,0xe0000
1781166246,56.0,2400000,0xe0000
1781166247,55.4,2400000,0xe0000
1781166248,56.0,2400000,0xe0000
1781166249,56.0,2400000,0xe0000
1781166250,55.4,2400000,0xe0000
1781166251,56.0,2400000,0xe0000
1781166252,55.4,2400000,0xe0000
1781166253,56.0,2400000,0xe0000
1781166254,54.3,2400000,0xe0000
1781166255,55.4,2400000,0xe0000
1781166256,56.0,2400000,0xe0000
1781166257,55.4,2400000,0xe0000
1781166258,56.0,2400000,0xe0000
1781166259,56.0,2400000,0xe0000
1781166260,55.4,2400000,0xe0000
1781166261,55.4,2400000,0xe0000
1781166263,56.0,2400000,0xe0000
1781166264,56.0,2400000,0xe0000
1781166265,55.4,2400000,0xe0000
1781166266,54.9,2400000,0xe0000
1781166267,56.0,2400000,0xe0000
1781166268,56.0,2400000,0xe0000
1781166269,55.4,2400000,0xe0000
1781166270,56.0,2400000,0xe0000
1781166271,56.0,2400000,0xe0000
1781166272,56.0,2400000,0xe0000
1781166273,55.4,2400000,0xe0000
1781166274,55.4,2400000,0xe0000
1781166275,54.9,2400000,0xe0000
1781166276,56.0,2400000,0xe0000
1781166277,55.4,2400000,0xe0000
1781166278,56.0,2400000,0xe0000
1781166279,56.0,2400000,0xe0000
1781166280,56.0,2400000,0xe0000
1781166281,54.3,2400000,0xe0000
1781166282,56.0,2400000,0xe0000
1781166283,56.0,2400000,0xe0000
1781166284,56.0,2400000,0xe0000
1781166285,56.0,2400000,0xe0000
1781166286,55.4,2400000,0xe0000
1781166287,56.0,2400000,0xe0000
1781166288,56.0,2400000,0xe0000
1781166289,55.4,2400000,0xe0000
1781166291,55.4,2400000,0xe0000
1781166292,55.4,2400000,0xe0000
1781166293,55.4,2400000,0xe0000
1781166294,55.4,2400000,0xe0000
1781166295,54.9,2400000,0xe0000
1781166296,56.0,2400000,0xe0000
1781166297,55.4,2400000,0xe0000
1781166298,55.4,2400000,0xe0000
1781166299,56.0,2400000,0xe0000
1781166300,56.0,2400000,0xe0000
1781166301,55.4,2400000,0xe0000
1781166302,56.5,2400000,0xe0000
1781166303,54.9,2400000,0xe0000
1781166304,56.0,2400000,0xe0000
1781166305,56.0,2400000,0xe0000
1781166306,55.4,2400000,0xe0000
1781166307,56.0,2400000,0xe0000
1781166308,55.4,2400000,0xe0000
1781166310,55.4,2400000,0xe0000
1781166311,56.0,2400000,0xe0000
1781166312,56.0,2400000,0xe0000
1781166313,55.4,2400000,0xe0000
1781166314,54.9,2400000,0xe0000
1781166315,56.0,2400000,0xe0000
1781166316,54.9,2400000,0xe0000
1781166317,55.4,2400000,0xe0000
1781166318,56.0,2400000,0xe0000
1781166319,56.0,2400000,0xe0000
1781166320,56.0,2400000,0xe0000
1781166321,54.9,2400000,0xe0000
1781166322,55.4,2400000,0xe0000
1781166323,54.9,2400000,0xe0000
1781166324,56.0,2400000,0xe0000
1781166325,56.0,2400000,0xe0000
1781166326,56.0,2400000,0xe0000
1781166327,56.0,2400000,0xe0000
1781166328,56.0,2400000,0xe0000
1781166329,56.0,2400000,0xe0000
1781166330,56.0,2400000,0xe0000
1781166331,55.4,2400000,0xe0000
1781166332,56.0,2400000,0xe0000
1781166333,56.5,2400000,0xe0000
1781166334,56.5,2400000,0xe0000
1781166335,55.4,2400000,0xe0000
1781166336,56.0,2400000,0xe0000
1781166337,56.0,2400000,0xe0000
1781166338,55.4,2400000,0xe0000
1781166339,56.0,2400000,0xe0000
1781166340,55.4,2400000,0xe0000
1781166341,55.4,2400000,0xe0000
1781166342,55.4,2400000,0xe0000
1781166343,55.4,2400000,0xe0000
1781166344,56.0,2400000,0xe0000
1781166345,56.0,2400000,0xe0000
1781166347,55.4,2400000,0xe0000
1781166348,55.4,2400000,0xe0000
1781166349,56.0,2400000,0xe0000
1781166350,54.9,2400000,0xe0000
1781166351,56.0,2400000,0xe0000
1781166352,56.0,2400000,0xe0000
1781166353,56.0,2400000,0xe0000
1781166354,56.0,2400000,0xe0000
1781166355,56.0,2400000,0xe0000
1781166356,56.0,2400000,0xe0000
1781166357,56.0,2400000,0xe0000
1781166358,54.3,2400000,0xe0000
1781166359,56.0,2400000,0xe0000
1781166360,55.4,2400000,0xe0000
1781166361,56.0,2400000,0xe0000
1781166362,56.0,2400000,0xe0000
1781166363,55.4,2400000,0xe0000
1781166364,55.4,2400000,0xe0000
1781166365,54.9,2400000,0xe0000
1781166366,56.0,2400000,0xe0000
1781166367,55.4,2400000,0xe0000
1781166368,56.0,2400000,0xe0000
1781166370,55.4,2400000,0xe0000
1781166371,55.4,2400000,0xe0000
1781166372,56.0,2400000,0xe0000
1781166373,56.0,2400000,0xe0000
1781166374,55.4,2400000,0xe0000
1781166375,56.0,2400000,0xe0000
1781166376,55.4,2400000,0xe0000
1781166377,56.0,2400000,0xe0000
1781166378,56.0,2400000,0xe0000
1781166379,55.4,2400000,0xe0000
1781166380,55.4,2400000,0xe0000
1781166381,56.0,2400000,0xe0000
1781166382,56.0,2400000,0xe0000
1781166383,56.0,2400000,0xe0000
1781166384,56.0,2400000,0xe0000
1781166385,55.4,2400000,0xe0000
1781166386,55.4,2400000,0xe0000
1781166387,56.0,2400000,0xe0000
1781166388,54.3,2400000,0xe0000
1781166390,56.0,2400000,0xe0000
1781166391,56.0,2400000,0xe0000
1781166392,54.9,2400000,0xe0000
1781166393,56.0,2400000,0xe0000
1781166394,56.0,2400000,0xe0000
1781166395,56.0,2400000,0xe0000
1781166396,56.0,2400000,0xe0000
1781166397,55.4,2400000,0xe0000
1781166398,55.4,2400000,0xe0000
1781166399,56.0,2400000,0xe0000
1781166400,56.5,2400000,0xe0000
1781166401,56.0,2400000,0xe0000
1781166402,55.4,2400000,0xe0000
1781166403,55.4,2400000,0xe0000
1781166404,56.0,2400000,0xe0000
1781166405,55.4,2400000,0xe0000
1781166406,56.0,2400000,0xe0000
1781166407,54.9,2400000,0xe0000
1781166408,56.0,2400000,0xe0000
1781166410,56.0,2400000,0xe0000
1781166411,55.4,2400000,0xe0000
1781166412,56.5,2400000,0xe0000
1781166413,56.5,2400000,0xe0000
1781166414,56.0,2400000,0xe0000
1781166415,56.0,2400000,0xe0000
1781166416,54.9,2400000,0xe0000
1781166417,56.0,2400000,0xe0000
1781166418,55.4,2400000,0xe0000
1781166419,56.0,2400000,0xe0000
1781166420,56.0,2400000,0xe0000
1781166421,55.4,2400000,0xe0000
1781166422,56.0,2400000,0xe0000
1781166423,56.5,2400000,0xe0000
1781166424,56.0,2400000,0xe0000
1781166425,56.0,2400000,0xe0000
1781166426,56.0,2400000,0xe0000
1781166427,55.4,2400000,0xe0000
1781166428,56.0,2400000,0xe0000
1781166429,54.3,2400000,0xe0000
1781166430,55.4,2400000,0xe0000
1781166432,54.9,2400000,0xe0000
1781166433,56.0,2400000,0xe0000
1781166434,55.4,2400000,0xe0000
1781166435,55.4,2400000,0xe0000
1781166436,55.4,2400000,0xe0000
1781166437,55.4,2400000,0xe0000
1781166438,54.9,2400000,0xe0000
1781166439,55.4,2400000,0xe0000
1781166440,55.4,2400000,0xe0000
1781166441,55.4,2400000,0xe0000
1781166442,56.0,2400000,0xe0000
1781166443,55.4,2400000,0xe0000
1781166444,56.0,2400000,0xe0000
1781166445,55.4,2400000,0xe0000
1781166446,56.0,2400000,0xe0000
1781166447,56.0,2400000,0xe0000
1781166448,55.4,2400000,0xe0000
1781166450,56.0,2400000,0xe0000
1781166451,56.0,2400000,0xe0000
1781166452,55.4,2400000,0xe0000
1781166453,55.4,2400000,0xe0000
1781166454,55.4,2400000,0xe0000
1781166455,55.4,2400000,0xe0000
1781166456,55.4,2400000,0xe0000
1781166457,56.0,2400000,0xe0000
1781166458,56.0,2400000,0xe0000
1781166459,56.0,2400000,0xe0000
1781166460,55.4,2400000,0xe0000
1781166461,56.0,2400000,0xe0000
1781166462,56.0,2400000,0xe0000
1781166463,56.0,2400000,0xe0000
1781166464,56.0,2400000,0xe0000
1781166465,54.9,2400000,0xe0000
1781166466,56.0,2400000,0xe0000
1781166467,55.4,2400000,0xe0000
1781166468,55.4,2400000,0xe0000
1781166469,55.4,2400000,0xe0000
1781166470,56.5,2400000,0xe0000
1781166471,54.9,2400000,0xe0000
1781166473,56.0,2400000,0xe0000
1781166474,55.4,2400000,0xe0000
1781166475,56.5,2400000,0xe0000
1781166476,55.4,2400000,0xe0000
1781166477,56.0,2400000,0xe0000
1781166478,56.0,2400000,0xe0000
1781166479,55.4,2400000,0xe0000
1781166480,55.4,2400000,0xe0000
1781166481,55.4,2400000,0xe0000
1781166482,56.0,2400000,0xe0000
1781166483,55.4,2400000,0xe0000
1781166484,55.4,2400000,0xe0000
1781166485,56.5,2400000,0xe0000
1781166486,56.0,2400000,0xe0000
1781166487,54.3,2400000,0xe0000
1781166488,55.4,2400000,0xe0000
1781166489,54.9,2400000,0xe0000
1781166490,56.0,2400000,0xe0000
1781166491,54.9,2400000,0xe0000
1781166492,55.4,2400000,0xe0000
1781166493,56.5,2400000,0xe0000
1781166494,56.0,2400000,0xe0000
1781166495,56.0,2400000,0xe0000
1781166496,55.4,2400000,0xe0000
1781166497,55.4,2400000,0xe0000
1781166498,55.4,2400000,0xe0000
1781166499,56.0,2400000,0xe0000
1781166500,55.4,2400000,0xe0000
1781166501,55.4,2400000,0xe0000
1781166503,55.4,2400000,0xe0000
1781166504,55.4,2400000,0xe0000
1781166505,55.4,2400000,0xe0000
1781166506,56.5,2400000,0xe0000
1781166507,55.4,2400000,0xe0000
1781166508,55.4,2400000,0xe0000
1781166509,56.0,2400000,0xe0000
1781166510,56.0,2400000,0xe0000
1781166511,56.0,2400000,0xe0000
1781166512,56.0,2400000,0xe0000
1781166513,56.0,2400000,0xe0000
1781166514,55.4,2400000,0xe0000
1781166515,55.4,2400000,0xe0000
1781166516,55.4,2400000,0xe0000
1781166517,56.0,2400000,0xe0000
1781166518,56.0,2400000,0xe0000
1781166519,56.0,2400000,0xe0000
1781166520,55.4,2400000,0xe0000
1781166521,55.4,2400000,0xe0000
1781166522,55.4,2400000,0xe0000
1781166523,56.0,2400000,0xe0000
1781166524,56.0,2400000,0xe0000
1781166525,55.4,2400000,0xe0000
1781166526,56.0,2400000,0xe0000
1781166527,56.0,2400000,0xe0000
1781166529,55.4,2400000,0xe0000
1781166530,56.0,2400000,0xe0000
1781166531,56.0,2400000,0xe0000
1781166532,55.4,2400000,0xe0000
1781166533,55.4,2400000,0xe0000
1781166534,54.3,2400000,0xe0000
1781166535,55.4,2400000,0xe0000
1781166536,56.0,2400000,0xe0000
1781166537,55.4,2400000,0xe0000
1781166538,54.9,2400000,0xe0000
1781166539,55.4,2400000,0xe0000
1781166540,56.0,2400000,0xe0000
1781166541,55.4,2400000,0xe0000
1781166542,55.4,2400000,0xe0000
1781166543,56.0,2400000,0xe0000
1781166544,55.4,2400000,0xe0000
1781166545,55.4,2400000,0xe0000
1781166546,55.4,2400000,0xe0000
1781166547,55.4,2400000,0xe0000
1781166548,55.4,2400000,0xe0000
1781166549,56.0,2400000,0xe0000
1781166550,56.0,2400000,0xe0000
1781166551,56.0,2400000,0xe0000
1781166552,56.0,2400000,0xe0000
1781166553,55.4,2400000,0xe0000
1781166554,55.4,2400000,0xe0000
1781166556,55.4,2400000,0xe0000
1781166557,55.4,2400000,0xe0000
1781166558,54.9,2400000,0xe0000
1781166559,54.9,2400000,0xe0000
1781166560,55.4,2400000,0xe0000
1781166561,55.4,2400000,0xe0000
1781166562,55.4,2400000,0xe0000
1781166563,55.4,2400000,0xe0000
1781166564,55.4,2400000,0xe0000
1781166565,56.0,2400000,0xe0000
1781166566,56.0,2400000,0xe0000
1781166567,56.0,2400000,0xe0000
1781166568,55.4,2400000,0xe0000
1781166569,55.4,2400000,0xe0000
1781166570,55.4,2400000,0xe0000
1781166571,55.4,2400000,0xe0000
1781166572,55.4,2400000,0xe0000
1781166573,56.0,2400000,0xe0000
1781166574,55.4,2400000,0xe0000
1781166575,56.0,2400000,0xe0000
1781166576,56.0,2400000,0xe0000
1781166577,54.9,2400000,0xe0000
1781166578,55.4,2400000,0xe0000
1781166579,55.4,2400000,0xe0000
1781166580,55.4,2400000,0xe0000
1781166581,55.4,2400000,0xe0000
1781166582,56.5,2400000,0xe0000
1781166584,55.4,2400000,0xe0000
1781166585,54.9,2400000,0xe0000
1781166586,56.0,2400000,0xe0000
1781166587,56.0,2400000,0xe0000
1781166588,54.3,2400000,0xe0000
1781166589,56.0,2400000,0xe0000
1781166590,55.4,2400000,0xe0000
1781166591,55.4,2400000,0xe0000
1781166592,56.0,2400000,0xe0000
1781166593,55.4,2400000,0xe0000
1781166594,56.0,2400000,0xe0000
1781166595,55.4,2400000,0xe0000
1781166596,56.0,2400000,0xe0000
1781166597,55.4,2400000,0xe0000
1781166598,55.4,2400000,0xe0000
1781166599,55.4,2400000,0xe0000
1781166600,55.4,2400000,0xe0000
1781166601,56.0,2400000,0xe0000
1781166603,56.0,2400000,0xe0000
1781166604,54.9,2400000,0xe0000
1781166605,56.0,2400000,0xe0000
1781166606,56.5,2400000,0xe0000
1781166607,56.0,2400000,0xe0000
1781166608,55.4,2400000,0xe0000
1781166609,54.9,2400000,0xe0000
1781166610,55.4,2400000,0xe0000
1781166611,54.9,2400000,0xe0000
1781166612,55.4,2400000,0xe0000
1781166613,56.0,2400000,0xe0000
1781166614,56.0,2400000,0xe0000
1781166615,55.4,2400000,0xe0000
1781166616,56.0,2400000,0xe0000
1781166617,56.0,2400000,0xe0000
1781166618,56.5,2400000,0xe0000
1781166619,55.4,2400000,0xe0000
1781166620,56.0,2400000,0xe0000
1781166621,56.0,2400000,0xe0000
1781166622,55.4,2400000,0xe0000
1781166623,56.5,2400000,0xe0000
1781166624,55.4,2400000,0xe0000
1781166625,55.4,2400000,0xe0000
1781166626,54.9,2400000,0xe0000
1781166628,56.0,2400000,0xe0000
1781166629,54.9,2400000,0xe0000
1781166630,56.0,2400000,0xe0000
1781166631,56.0,2400000,0xe0000
1781166632,56.0,2400000,0xe0000
1781166633,56.0,2400000,0xe0000
1781166634,54.9,2400000,0xe0000
1781166635,56.0,2400000,0xe0000
1781166636,56.0,2400000,0xe0000
1781166637,56.0,2400000,0xe0000
1781166638,56.0,2400000,0xe0000
1781166639,56.0,2400000,0xe0000
1781166640,55.4,2400000,0xe0000
1781166641,55.4,2400000,0xe0000
1781166642,55.4,2400000,0xe0000
1781166643,56.5,2400000,0xe0000
1781166644,55.4,2400000,0xe0000
1781166645,56.0,2400000,0xe0000
1781166647,55.4,2400000,0xe0000
1781166648,56.0,2400000,0xe0000
1781166649,55.4,2400000,0xe0000
1781166650,55.4,2400000,0xe0000
1781166651,56.0,2400000,0xe0000
1781166652,55.4,2400000,0xe0000
1781166653,56.0,2400000,0xe0000
1781166654,56.0,2400000,0xe0000
1781166655,55.4,2400000,0xe0000
1781166656,55.4,2400000,0xe0000
1781166657,56.0,2400000,0xe0000
1781166658,55.4,2400000,0xe0000
1781166659,56.0,2400000,0xe0000
1781166660,56.0,2400000,0xe0000
1781166661,55.4,2400000,0xe0000
1781166662,55.4,2400000,0xe0000
1781166663,55.4,2400000,0xe0000
1781166664,56.0,2400000,0xe0000
1781166665,56.5,2400000,0xe0000
1781166666,56.0,2400000,0xe0000
1781166667,56.0,2400000,0xe0000
1781166669,55.4,2400000,0xe0000
1781166670,55.4,2400000,0xe0000
1781166671,56.0,2400000,0xe0000
1781166672,56.0,2400000,0xe0000
1781166673,55.4,2400000,0xe0000
1781166674,56.5,2400000,0xe0000
1781166675,55.4,2400000,0xe0000
1781166676,56.0,2400000,0xe0000
1781166677,55.4,2400000,0xe0000
1781166678,56.0,2400000,0xe0000
1781166679,55.4,2400000,0xe0000
1781166680,55.4,2400000,0xe0000
1781166681,55.4,2400000,0xe0000
1781166682,56.5,2400000,0xe0000
1781166683,54.9,2400000,0xe0000
1781166684,56.5,2400000,0xe0000
1781166685,55.4,2400000,0xe0000
1781166686,54.9,2400000,0xe0000
1781166687,56.0,2400000,0xe0000
1781166688,56.0,2400000,0xe0000
1781166689,55.4,2400000,0xe0000
1781166690,56.0,2400000,0xe0000
1781166691,55.4,2400000,0xe0000
1781166692,55.4,2400000,0xe0000
1781166693,55.4,2400000,0xe0000
1781166694,56.0,2400000,0xe0000
1781166695,55.4,2400000,0xe0000
1781166696,55.4,2400000,0xe0000
1781166697,55.4,2400000,0xe0000
1781166698,56.0,2400000,0xe0000
1781166699,55.4,2400000,0xe0000
1781166701,55.4,2400000,0xe0000
1781166702,56.0,2400000,0xe0000
1781166703,55.4,2400000,0xe0000
1781166704,56.5,2400000,0xe0000
1781166705,55.4,2400000,0xe0000
1781166706,55.4,2400000,0xe0000
1781166707,55.4,2400000,0xe0000
1781166708,55.4,2400000,0xe0000
1781166709,56.0,2400000,0xe0000
1781166710,55.4,2400000,0xe0000
1781166711,56.0,2400000,0xe0000
1781166712,55.4,2400000,0xe0000
1781166713,55.4,2400000,0xe0000
1781166714,56.0,2400000,0xe0000
1781166715,55.4,2400000,0xe0000
1781166716,55.4,2400000,0xe0000
1781166717,55.4,2400000,0xe0000
1781166718,54.9,2400000,0xe0000
1781166719,56.0,2400000,0xe0000
1781166720,56.0,2400000,0xe0000
1781166721,56.0,2400000,0xe0000
1781166723,56.0,2400000,0xe0000
1781166724,56.0,2400000,0xe0000
1781166725,54.3,2400000,0xe0000
1781166726,56.0,2400000,0xe0000
1781166727,55.4,2400000,0xe0000
1781166728,56.0,2400000,0xe0000
1781166729,55.4,2400000,0xe0000
1781166730,55.4,2400000,0xe0000
1781166731,54.9,2400000,0xe0000
1781166732,56.0,2400000,0xe0000
1781166733,56.0,2400000,0xe0000
1781166734,54.9,2400000,0xe0000
1781166735,56.0,2400000,0xe0000
1781166736,55.4,2400000,0xe0000
1781166737,54.9,2400000,0xe0000
1781166738,56.0,2400000,0xe0000
1781166739,54.9,2400000,0xe0000
1781166740,54.9,2400000,0xe0000
1781166741,55.4,2400000,0xe0000
1781166742,56.0,2400000,0xe0000
1781166743,56.0,2400000,0xe0000
1781166744,55.4,2400000,0xe0000
1781166745,56.5,2400000,0xe0000
1781166746,55.4,2400000,0xe0000
1781166747,56.0,2400000,0xe0000
1781166748,55.4,2400000,0xe0000
1781166750,54.9,2400000,0xe0000
1781166751,56.0,2400000,0xe0000
1781166752,55.4,2400000,0xe0000
1781166753,56.0,2400000,0xe0000
1781166754,56.0,2400000,0xe0000
1781166755,55.4,2400000,0xe0000
1781166756,56.0,2400000,0xe0000
1781166757,55.4,2400000,0xe0000
1781166758,56.0,2400000,0xe0000
1781166759,55.4,2400000,0xe0000
1781166760,55.4,2400000,0xe0000
1781166761,55.4,2400000,0xe0000
1781166762,55.4,2400000,0xe0000
1781166763,56.0,2400000,0xe0000
1781166764,55.4,2400000,0xe0000
1781166765,55.4,2400000,0xe0000
1781166766,55.4,2400000,0xe0000
1781166767,55.4,2400000,0xe0000
1781166768,55.4,2400000,0xe0000
1781166769,54.3,2400000,0xe0000
1781166770,56.0,2400000,0xe0000
1781166771,55.4,2400000,0xe0000
1781166772,56.0,2400000,0xe0000
1781166773,56.0,2400000,0xe0000
1781166774,55.4,2400000,0xe0000
1781166775,55.4,2400000,0xe0000
1781166776,55.4,2400000,0xe0000
1781166778,54.9,2400000,0xe0000
1781166779,55.4,2400000,0xe0000
1781166780,54.9,2400000,0xe0000
1781166781,56.0,2400000,0xe0000
1781166782,56.0,2400000,0xe0000
1781166783,55.4,2400000,0xe0000
1781166784,56.5,2400000,0xe0000
1781166785,56.0,2400000,0xe0000
1781166786,56.0,2400000,0xe0000
1781166787,56.0,2400000,0xe0000
1781166788,56.0,2400000,0xe0000
1781166789,54.9,2400000,0xe0000
1781166790,55.4,2400000,0xe0000
1781166791,56.0,2400000,0xe0000
1781166792,54.9,2400000,0xe0000
1781166793,56.0,2400000,0xe0000
1781166794,54.3,2400000,0xe0000
1781166795,56.0,2400000,0xe0000
1781166796,56.0,2400000,0xe0000
1781166797,55.4,2400000,0xe0000
1781166798,56.0,2400000,0xe0000
1781166799,55.4,2400000,0xe0000
1781166800,55.4,2400000,0xe0000
1781166801,56.0,2400000,0xe0000
1781166802,54.3,2400000,0xe0000
1781166803,55.4,2400000,0xe0000
1781166804,56.0,2400000,0xe0000
1781166805,54.3,2400000,0xe0000
1781166806,56.0,2400000,0xe0000
1781166808,56.0,2400000,0xe0000
1781166809,55.4,2400000,0xe0000
1781166810,54.9,2400000,0xe0000
1781166811,56.0,2400000,0xe0000
1781166812,55.4,2400000,0xe0000
1781166813,55.4,2400000,0xe0000
1781166814,55.4,2400000,0xe0000
1781166815,54.9,2400000,0xe0000
1781166816,55.4,2400000,0xe0000
1781166817,56.0,2400000,0xe0000
1781166818,55.4,2400000,0xe0000
1781166819,56.5,2400000,0xe0000
1781166820,55.4,2400000,0xe0000
1781166821,56.0,2400000,0xe0000
1781166822,55.4,2400000,0xe0000
1781166823,56.0,2400000,0xe0000
1781166824,56.0,2400000,0xe0000
1781166825,54.3,2400000,0xe0000
1781166826,56.0,2400000,0xe0000
1781166827,55.4,2400000,0xe0000
1781166828,55.4,2400000,0xe0000
1781166829,55.4,2400000,0xe0000
1781166831,56.0,2400000,0xe0000
1781166832,55.4,2400000,0xe0000
1781166833,56.0,2400000,0xe0000
1781166834,56.5,2400000,0xe0000
1781166835,55.4,2400000,0xe0000
1781166836,54.9,2400000,0xe0000
1781166837,56.5,2400000,0xe0000
1781166838,55.4,2400000,0xe0000
1781166839,56.0,2400000,0xe0000
1781166840,56.0,2400000,0xe0000
1781166841,56.0,2400000,0xe0000
1781166842,55.4,2400000,0xe0000
1781166843,56.5,2400000,0xe0000
1781166844,56.0,2400000,0xe0000
1781166845,56.0,2400000,0xe0000
1781166846,56.0,2400000,0xe0000
1781166847,55.4,2400000,0xe0000
1781166848,55.4,2400000,0xe0000
1781166849,55.4,2400000,0xe0000
1781166851,56.0,2400000,0xe0000
1781166852,56.0,2400000,0xe0000
1781166853,55.4,2400000,0xe0000
1781166854,55.4,2400000,0xe0000
1781166855,56.0,2400000,0xe0000
1781166856,55.4,2400000,0xe0000
1781166857,56.0,2400000,0xe0000
1781166858,55.4,2400000,0xe0000
1781166859,55.4,2400000,0xe0000
1781166860,55.4,2400000,0xe0000
1781166861,56.5,2400000,0xe0000
1781166862,55.4,2400000,0xe0000
1781166863,56.0,2400000,0xe0000
1781166864,56.0,2400000,0xe0000
1781166865,56.0,2400000,0xe0000
1781166866,55.4,2400000,0xe0000
1781166867,55.4,2400000,0xe0000
1781166869,56.5,2400000,0xe0000
1781166870,54.3,2400000,0xe0000
1781166871,56.5,2400000,0xe0000
1781166872,56.0,2400000,0xe0000
1781166873,55.4,2400000,0xe0000
1781166874,56.0,2400000,0xe0000
1781166875,55.4,2400000,0xe0000
1781166876,55.4,2400000,0xe0000
1781166877,56.0,2400000,0xe0000
1781166878,55.4,2400000,0xe0000
1781166879,54.3,2400000,0xe0000
1781166880,55.4,2400000,0xe0000
1781166881,55.4,2400000,0xe0000
1781166882,56.0,2400000,0xe0000
1781166883,55.4,2400000,0xe0000
1781166884,55.4,2400000,0xe0000
1781166885,55.4,2400000,0xe0000
1781166886,56.0,2400000,0xe0000
1781166887,55.4,2400000,0xe0000
1781166888,55.4,2400000,0xe0000
1781166889,55.4,2400000,0xe0000
1781166891,55.4,2400000,0xe0000
1781166892,55.4,2400000,0xe0000
1781166893,56.0,2400000,0xe0000
1781166894,56.0,2400000,0xe0000
1781166895,55.4,2400000,0xe0000
1781166896,55.4,2400000,0xe0000
1781166897,56.0,2400000,0xe0000
1781166898,56.0,2400000,0xe0000
1781166899,56.0,2400000,0xe0000
1781166900,55.4,2400000,0xe0000
1781166901,55.4,2400000,0xe0000
1781166902,55.4,2400000,0xe0000
1781166903,56.0,2400000,0xe0000
1781166904,55.4,2400000,0xe0000
1781166905,55.4,2400000,0xe0000
1781166906,54.9,2400000,0xe0000
1781166907,56.0,2400000,0xe0000
1781166908,56.0,2400000,0xe0000
1781166910,55.4,2400000,0xe0000
1781166911,56.5,2400000,0xe0000
1781166912,55.4,2400000,0xe0000
1781166913,55.4,2400000,0xe0000
1781166914,55.4,2400000,0xe0000
1781166915,55.4,2400000,0xe0000
1781166916,56.0,2400000,0xe0000
1781166917,56.0,2400000,0xe0000
1781166918,55.4,2400000,0xe0000
1781166919,55.4,2400000,0xe0000
1781166920,55.4,2400000,0xe0000
1781166921,56.0,2400000,0xe0000
1781166922,54.9,2400000,0xe0000
1781166923,56.0,2400000,0xe0000
1781166924,55.4,2400000,0xe0000
1781166925,55.4,2400000,0xe0000
1781166927,54.3,2400000,0xe0000
1781166928,55.4,2400000,0xe0000
1781166929,56.0,2400000,0xe0000
1781166930,56.0,2400000,0xe0000
1781166931,55.4,2400000,0xe0000
1781166932,55.4,2400000,0xe0000
1781166933,55.4,2400000,0xe0000
1781166934,55.4,2400000,0xe0000
1781166935,55.4,2400000,0xe0000
1781166936,56.5,2400000,0xe0000
1781166937,55.4,2400000,0xe0000
1781166938,55.4,2400000,0xe0000
1781166939,56.0,2400000,0xe0000
1781166940,56.0,2400000,0xe0000
1781166941,55.4,2400000,0xe0000
1781166942,56.0,2400000,0xe0000
1781166943,56.0,2400000,0xe0000
1781166944,55.4,2400000,0xe0000
1781166945,56.0,2400000,0xe0000
1781166946,55.4,2400000,0xe0000
1781166947,55.4,2400000,0xe0000
1781166948,55.4,2400000,0xe0000
1781166950,56.0,2400000,0xe0000
1781166951,55.4,2400000,0xe0000
1781166952,54.9,2400000,0xe0000
1781166953,55.4,2400000,0xe0000
1781166954,56.0,2400000,0xe0000
1781166955,56.0,2400000,0xe0000
1781166956,56.0,2400000,0xe0000
1781166957,55.4,2400000,0xe0000
1781166958,54.9,2400000,0xe0000
1781166959,54.3,2400000,0xe0000
1781166960,55.4,2400000,0xe0000
1781166961,55.4,2400000,0xe0000
1781166962,55.4,2400000,0xe0000
1781166963,55.4,2400000,0xe0000
1781166964,55.4,2400000,0xe0000
1781166965,56.0,2400000,0xe0000
1781166966,56.0,2400000,0xe0000
1781166967,55.4,2400000,0xe0000
1781166968,55.4,2400000,0xe0000
1781166969,56.0,2400000,0xe0000
1781166970,55.4,2400000,0xe0000
1781166971,56.0,2400000,0xe0000
1781166972,56.0,2400000,0xe0000
1781166973,55.4,2400000,0xe0000
1781166974,55.4,2400000,0xe0000
1781166975,56.0,2400000,0xe0000
1781166977,56.0,2400000,0xe0000
1781166978,56.0,2400000,0xe0000
1781166979,55.4,2400000,0xe0000
1781166980,56.0,2400000,0xe0000
1781166981,55.4,2400000,0xe0000
1781166982,56.0,2400000,0xe0000
1781166983,56.5,2400000,0xe0000
1781166984,56.0,2400000,0xe0000
1781166985,56.0,2400000,0xe0000
1781166986,56.0,2400000,0xe0000
1781166987,55.4,2400000,0xe0000
1781166988,55.4,2400000,0xe0000
1781166989,55.4,2400000,0xe0000
1781166990,55.4,2400000,0xe0000
1781166991,56.5,2400000,0xe0000
1781166992,56.0,2400000,0xe0000
1781166993,56.0,2400000,0xe0000
1781166994,56.5,2400000,0xe0000
1781166995,55.4,2400000,0xe0000
1781166996,53.8,2400000,0xe0000
1781166997,56.0,2400000,0xe0000
1781166998,55.4,2400000,0xe0000
1781166999,56.0,2400000,0xe0000
1781167000,56.0,2400000,0xe0000
1781167001,55.4,2400000,0xe0000
1781167002,54.9,2400000,0xe0000
1781167003,55.4,2400000,0xe0000
1781167004,55.4,2400000,0xe0000
1781167005,55.4,2400000,0xe0000
1781167006,56.0,2400000,0xe0000
1781167007,56.0,2400000,0xe0000
1781167008,56.0,2400000,0xe0000
1781167010,56.0,2400000,0xe0000
1781167011,55.4,2400000,0xe0000
1781167012,56.0,2400000,0xe0000
1781167013,55.4,2400000,0xe0000
1781167014,56.0,2400000,0xe0000
1781167015,56.0,2400000,0xe0000
1781167016,55.4,2400000,0xe0000
1781167017,54.9,2400000,0xe0000
1781167018,56.0,2400000,0xe0000
1781167019,56.0,2400000,0xe0000
1781167020,56.0,2400000,0xe0000
1781167021,55.4,2400000,0xe0000
1781167022,56.0,2400000,0xe0000
1781167023,56.0,2400000,0xe0000
1781167024,56.0,2400000,0xe0000
1781167025,55.4,2400000,0xe0000
1781167026,56.0,2400000,0xe0000
1781167027,55.4,2400000,0xe0000
1781167028,56.0,2400000,0xe0000
1781167029,55.4,2400000,0xe0000
1781167030,56.0,2400000,0xe0000
1781167031,56.0,2400000,0xe0000
1781167032,56.0,2400000,0xe0000
1781167033,56.0,2400000,0xe0000
1781167034,56.0,2400000,0xe0000
1781167035,55.4,2400000,0xe0000
1781167037,56.0,2400000,0xe0000
1781167038,56.0,2400000,0xe0000
1781167039,56.0,2400000,0xe0000
1781167040,56.0,2400000,0xe0000
1781167041,55.4,2400000,0xe0000
1781167042,55.4,2400000,0xe0000
1781167043,56.0,2400000,0xe0000
1781167044,55.4,2400000,0xe0000
1781167045,55.4,2400000,0xe0000
1781167046,55.4,2400000,0xe0000
1781167047,56.0,2400000,0xe0000
1781167048,55.4,2400000,0xe0000
1781167049,56.5,2400000,0xe0000
1781167050,55.4,2400000,0xe0000
1781167051,56.0,2400000,0xe0000
1781167052,56.0,2400000,0xe0000
1781167053,54.9,2400000,0xe0000
1781167054,55.4,2400000,0xe0000
1781167055,56.0,2400000,0xe0000
1781167056,54.9,2400000,0xe0000
1781167057,55.4,2400000,0xe0000
1781167058,55.4,2400000,0xe0000
1781167059,54.9,2400000,0xe0000
1781167060,56.0,2400000,0xe0000
1781167061,55.4,2400000,0xe0000
1781167062,56.0,2400000,0xe0000
1781167063,55.4,2400000,0xe0000
1781167064,55.4,2400000,0xe0000
1781167065,55.4,2400000,0xe0000
1781167067,55.4,2400000,0xe0000
1781167068,56.0,2400000,0xe0000
1781167069,55.4,2400000,0xe0000
1781167070,56.0,2400000,0xe0000
1781167071,56.0,2400000,0xe0000
1781167072,55.4,2400000,0xe0000
1781167073,54.9,2400000,0xe0000
1781167074,55.4,2400000,0xe0000
1781167075,56.0,2400000,0xe0000
1781167076,56.0,2400000,0xe0000
1781167077,56.0,2400000,0xe0000
1781167078,55.4,2400000,0xe0000
1781167079,54.9,2400000,0xe0000
1781167080,55.4,2400000,0xe0000
1781167081,55.4,2400000,0xe0000
1781167082,56.0,2400000,0xe0000
1781167083,55.4,2400000,0xe0000
1781167084,55.4,2400000,0xe0000
1781167085,56.0,2400000,0xe0000
1781167086,55.4,2400000,0xe0000
1781167087,55.4,2400000,0xe0000
1781167088,56.0,2400000,0xe0000
1781167089,55.4,2400000,0xe0000
1781167090,55.4,2400000,0xe0000
1781167091,56.0,2400000,0xe0000
1781167092,56.5,2400000,0xe0000
1781167093,56.0,2400000,0xe0000
1781167094,55.4,2400000,0xe0000
1781167095,55.4,2400000,0xe0000
1781167096,56.0,2400000,0xe0000
1781167098,56.0,2400000,0xe0000
1781167099,56.0,2400000,0xe0000
1781167100,55.4,2400000,0xe0000
1781167101,54.9,2400000,0xe0000
1781167102,56.0,2400000,0xe0000
1781167103,54.9,2400000,0xe0000
1781167104,54.9,2400000,0xe0000
1781167105,55.4,2400000,0xe0000
1781167106,55.4,2400000,0xe0000
1781167107,55.4,2400000,0xe0000
1781167108,54.3,2400000,0xe0000
1781167109,55.4,2400000,0xe0000
1781167110,56.0,2400000,0xe0000
1781167111,55.4,2400000,0xe0000
1781167112,55.4,2400000,0xe0000
1781167113,56.0,2400000,0xe0000
1781167114,56.5,2400000,0xe0000
1781167115,56.0,2400000,0xe0000
1781167116,55.4,2400000,0xe0000
1781167117,55.4,2400000,0xe0000
1781167118,55.4,2400000,0xe0000
1781167119,55.4,2400000,0xe0000
1781167120,56.0,2400000,0xe0000
1781167121,56.0,2400000,0xe0000
1781167122,55.4,2400000,0xe0000
1781167123,55.4,2400000,0xe0000
1781167124,56.0,2400000,0xe0000
1781167125,56.0,2400000,0xe0000
1781167126,56.0,2400000,0xe0000
1781167127,55.4,2400000,0xe0000
1781167129,55.4,2400000,0xe0000
1781167130,56.0,2400000,0xe0000
1781167131,56.0,2400000,0xe0000
1781167132,56.0,2400000,0xe0000
1781167133,55.4,2400000,0xe0000
1781167134,56.0,2400000,0xe0000
1781167135,55.4,2400000,0xe0000
1781167136,54.3,2400000,0xe0000
1781167137,56.0,2400000,0xe0000
1781167138,55.4,2400000,0xe0000
1781167139,56.0,2400000,0xe0000
1781167140,56.0,2400000,0xe0000
1781167141,55.4,2400000,0xe0000
1781167142,54.9,2400000,0xe0000
1781167143,56.0,2400000,0xe0000
1781167144,55.4,2400000,0xe0000
1781167145,56.0,2400000,0xe0000
1781167146,56.0,2400000,0xe0000
1781167148,56.0,2400000,0xe0000
1781167149,56.0,2400000,0xe0000
1781167150,55.4,2400000,0xe0000
1781167151,55.4,2400000,0xe0000
1781167152,55.4,2400000,0xe0000
1781167153,55.4,2400000,0xe0000
1781167154,56.0,2400000,0xe0000
1781167155,56.0,2400000,0xe0000
1781167156,56.0,2400000,0xe0000
1781167157,56.0,2400000,0xe0000
1781167158,56.0,2400000,0xe0000
1781167159,55.4,2400000,0xe0000
1781167160,55.4,2400000,0xe0000
1781167161,55.4,2400000,0xe0000
1781167162,56.0,2400000,0xe0000
1781167163,56.0,2400000,0xe0000
1781167164,55.4,2400000,0xe0000
1781167165,55.4,2400000,0xe0000
1781167166,55.4,2400000,0xe0000
1781167167,55.4,2400000,0xe0000
1781167168,54.9,2400000,0xe0000
1781167169,56.0,2400000,0xe0000
1781167170,56.0,2400000,0xe0000
1781167171,55.4,2400000,0xe0000
1781167172,55.4,2400000,0xe0000
1781167174,54.9,2400000,0xe0000
1781167175,56.5,2400000,0xe0000
1781167176,55.4,2400000,0xe0000
1781167177,56.5,2400000,0xe0000
1781167178,55.4,2400000,0xe0000
1781167179,56.0,2400000,0xe0000
1781167180,54.9,2400000,0xe0000
1781167181,55.4,2400000,0xe0000
1781167182,55.4,2400000,0xe0000
1781167183,55.4,2400000,0xe0000
1781167184,55.4,2400000,0xe0000
1781167185,55.4,2400000,0xe0000
1781167186,55.4,2400000,0xe0000
1781167187,55.4,2400000,0xe0000
1781167188,56.0,2400000,0xe0000
1781167189,56.0,2400000,0xe0000
1781167190,55.4,2400000,0xe0000
1781167191,56.5,2400000,0xe0000
1781167192,55.4,2400000,0xe0000
1781167193,55.4,2400000,0xe0000
1781167194,56.0,2400000,0xe0000
1781167195,55.4,2400000,0xe0000
1781167196,55.4,2400000,0xe0000
1781167198,56.0,2400000,0xe0000
1781167199,56.0,2400000,0xe0000
1781167200,55.4,2400000,0xe0000
1781167201,54.9,2400000,0xe0000
1781167202,55.4,2400000,0xe0000
1781167203,56.0,2400000,0xe0000
1781167204,56.0,2400000,0xe0000
1781167205,56.0,2400000,0xe0000
1781167206,56.0,2400000,0xe0000
1781167207,56.0,2400000,0xe0000
1781167208,54.9,2400000,0xe0000
1781167209,56.0,2400000,0xe0000
1781167210,55.4,2400000,0xe0000
1781167211,56.0,2400000,0xe0000
1781167212,55.4,2400000,0xe0000
1781167213,55.4,2400000,0xe0000
1781167214,56.0,2400000,0xe0000
1781167215,55.4,2400000,0xe0000
1781167216,56.0,2400000,0xe0000
1781167217,55.4,2400000,0xe0000
1781167218,56.0,2400000,0xe0000
1781167219,56.5,2400000,0xe0000
1781167220,55.4,2400000,0xe0000
1781167221,56.0,2400000,0xe0000
1781167222,55.4,2400000,0xe0000
1781167223,55.4,2400000,0xe0000
1781167224,55.4,2400000,0xe0000
1781167225,54.9,2400000,0xe0000
1781167226,55.4,2400000,0xe0000
1781167227,54.9,2400000,0xe0000
1781167228,55.4,2400000,0xe0000
1781167230,54.9,2400000,0xe0000
1781167231,55.4,2400000,0xe0000
1781167232,56.0,2400000,0xe0000
1781167233,54.9,2400000,0xe0000
1781167234,56.0,2400000,0xe0000
1781167235,54.3,2400000,0xe0000
1781167236,55.4,2400000,0xe0000
1781167237,56.0,2400000,0xe0000
1781167238,54.9,2400000,0xe0000
1781167239,55.4,2400000,0xe0000
1781167240,56.0,2400000,0xe0000
1781167241,56.0,2400000,0xe0000
1781167242,55.4,2400000,0xe0000
1781167243,55.4,2400000,0xe0000
1781167244,56.5,2400000,0xe0000
1781167245,55.4,2400000,0xe0000
1781167246,55.4,2400000,0xe0000
1781167247,56.0,2400000,0xe0000
1781167248,54.9,2400000,0xe0000
1781167249,55.4,2400000,0xe0000
1781167250,56.0,2400000,0xe0000
1781167251,55.4,2400000,0xe0000
1781167252,55.4,2400000,0xe0000
1781167253,55.4,2400000,0xe0000
1781167254,55.4,2400000,0xe0000
1781167255,56.0,2400000,0xe0000
1781167256,55.4,2400000,0xe0000
1781167258,55.4,2400000,0xe0000
1781167259,56.5,2400000,0xe0000
1781167260,55.4,2400000,0xe0000
1781167261,56.0,2400000,0xe0000
1781167262,55.4,2400000,0xe0000
1781167263,56.0,2400000,0xe0000
1781167264,54.9,2400000,0xe0000
1781167265,56.0,2400000,0xe0000
1781167266,56.0,2400000,0xe0000
1781167267,55.4,2400000,0xe0000
1781167268,55.4,2400000,0xe0000
1781167269,55.4,2400000,0xe0000
1781167270,55.4,2400000,0xe0000
1781167271,56.5,2400000,0xe0000
1781167272,56.0,2400000,0xe0000
1781167273,54.9,2400000,0xe0000
1781167274,56.0,2400000,0xe0000
1781167275,56.0,2400000,0xe0000
1781167276,55.4,2400000,0xe0000
1781167277,56.0,2400000,0xe0000
1781167279,54.9,2400000,0xe0000
1781167280,55.4,2400000,0xe0000
1781167281,55.4,2400000,0xe0000
1781167282,55.4,2400000,0xe0000
1781167283,56.0,2400000,0xe0000
1781167284,55.4,2400000,0xe0000
1781167285,55.4,2400000,0xe0000
1781167286,56.0,2400000,0xe0000
1781167287,55.4,2400000,0xe0000
1781167288,56.0,2400000,0xe0000
1781167289,56.0,2400000,0xe0000
1781167290,55.4,2400000,0xe0000
1781167291,55.4,2400000,0xe0000
1781167292,55.4,2400000,0xe0000
1781167293,55.4,2400000,0xe0000
1781167294,55.4,2400000,0xe0000
1781167295,56.5,2400000,0xe0000
1781167296,55.4,2400000,0xe0000
1781167297,55.4,2400000,0xe0000
1781167298,55.4,2400000,0xe0000
1781167299,56.5,2400000,0xe0000
1781167300,54.9,2400000,0xe0000
1781167301,56.0,2400000,0xe0000
1781167302,55.4,2400000,0xe0000
1781167303,54.9,2400000,0xe0000
1781167305,54.3,2400000,0xe0000
1781167306,56.0,2400000,0xe0000
1781167307,56.0,2400000,0xe0000
1781167308,55.4,2400000,0xe0000
1781167309,56.0,2400000,0xe0000
1781167310,56.0,2400000,0xe0000
1781167311,55.4,2400000,0xe0000
1781167312,55.4,2400000,0xe0000
1781167313,55.4,2400000,0xe0000
1781167314,56.0,2400000,0xe0000
1781167315,54.9,2400000,0xe0000
1781167316,56.0,2400000,0xe0000
1781167317,56.0,2400000,0xe0000
1781167318,55.4,2400000,0xe0000
1781167319,55.4,2400000,0xe0000
1781167320,54.9,2400000,0xe0000
1781167321,54.9,2400000,0xe0000
1781167322,55.4,2400000,0xe0000
1781167323,56.0,2400000,0xe0000
1781167324,56.0,2400000,0xe0000
1781167325,56.0,2400000,0xe0000
1781167326,56.0,2400000,0xe0000
1781167327,55.4,2400000,0xe0000
1781167328,55.4,2400000,0xe0000
1781167329,56.0,2400000,0xe0000
1781167331,56.0,2400000,0xe0000
1781167332,56.0,2400000,0xe0000
1781167333,55.4,2400000,0xe0000
1781167334,55.4,2400000,0xe0000
1781167335,54.9,2400000,0xe0000
1781167336,56.0,2400000,0xe0000
1781167337,55.4,2400000,0xe0000
1781167338,55.4,2400000,0xe0000
1781167339,54.9,2400000,0xe0000
1781167340,55.4,2400000,0xe0000
1781167341,56.0,2400000,0xe0000
1781167342,56.0,2400000,0xe0000
1781167343,56.0,2400000,0xe0000
1781167344,55.4,2400000,0xe0000
1781167345,56.0,2400000,0xe0000
1781167346,55.4,2400000,0xe0000
1781167347,55.4,2400000,0xe0000
1781167348,55.4,2400000,0xe0000
1781167349,56.0,2400000,0xe0000
1781167350,55.4,2400000,0xe0000
1781167351,54.3,2400000,0xe0000
1781167352,56.0,2400000,0xe0000
1781167353,55.4,2400000,0xe0000
1781167354,55.4,2400000,0xe0000
1781167355,55.4,2400000,0xe0000
1781167356,55.4,2400000,0xe0000
1781167357,56.0,2400000,0xe0000
1781167358,56.5,2400000,0xe0000
1781167360,56.0,2400000,0xe0000
1781167361,55.4,2400000,0xe0000
1781167362,55.4,2400000,0xe0000
1781167363,56.0,2400000,0xe0000
1781167364,55.4,2400000,0xe0000
1781167365,56.0,2400000,0xe0000
1781167366,55.4,2400000,0xe0000
1781167367,56.5,2400000,0xe0000
1781167368,56.0,2400000,0xe0000
1781167369,56.0,2400000,0xe0000
1781167370,56.0,2400000,0xe0000
1781167371,56.0,2400000,0xe0000
1781167372,56.0,2400000,0xe0000
1781167373,56.0,2400000,0xe0000
1781167374,55.4,2400000,0xe0000
1781167375,56.0,2400000,0xe0000
1781167376,56.0,2400000,0xe0000
1781167377,56.0,2400000,0xe0000
1781167378,55.4,2400000,0xe0000
1781167379,55.4,2400000,0xe0000
1781167380,56.0,2400000,0xe0000
1781167382,56.0,2400000,0xe0000
1781167383,55.4,2400000,0xe0000
1781167384,56.0,2400000,0xe0000
1781167385,56.0,2400000,0xe0000
1781167386,56.0,2400000,0xe0000
1781167387,55.4,2400000,0xe0000
1781167388,56.0,2400000,0xe0000
1781167389,55.4,2400000,0xe0000
1781167390,54.9,2400000,0xe0000
1781167391,56.0,2400000,0xe0000
1781167392,55.4,2400000,0xe0000
1781167393,55.4,2400000,0xe0000
1781167394,56.0,2400000,0xe0000
1781167395,56.0,2400000,0xe0000
1781167396,56.0,2400000,0xe0000
1781167397,56.0,2400000,0xe0000
1781167398,55.4,2400000,0xe0000
1781167399,55.4,2400000,0xe0000
1781167400,56.0,2400000,0xe0000
1781167401,54.3,2400000,0xe0000
1781167402,54.3,2400000,0xe0000
1781167404,55.4,2400000,0xe0000
1781167405,56.0,2400000,0xe0000
1781167406,55.4,2400000,0xe0000
1781167407,55.4,2400000,0xe0000
1781167408,55.4,2400000,0xe0000
1781167409,56.0,2400000,0xe0000
1781167410,56.0,2400000,0xe0000
1781167411,56.0,2400000,0xe0000
1781167412,55.4,2400000,0xe0000
1781167413,55.4,2400000,0xe0000
1781167414,56.0,2400000,0xe0000
1781167415,56.0,2400000,0xe0000
1781167416,55.4,2400000,0xe0000
1781167417,55.4,2400000,0xe0000
1781167418,56.0,2400000,0xe0000
1781167419,54.9,2400000,0xe0000
1781167420,54.9,2400000,0xe0000
1781167421,55.4,2400000,0xe0000
1781167422,56.0,2400000,0xe0000
1781167423,55.4,2400000,0xe0000
1781167424,55.4,2400000,0xe0000
1781167425,55.4,2400000,0xe0000
1781167426,55.4,2400000,0xe0000
1781167427,56.0,2400000,0xe0000
1781167428,55.4,2400000,0xe0000
1781167429,56.0,2400000,0xe0000
1781167430,55.4,2400000,0xe0000
1781167431,55.4,2400000,0xe0000
1781167432,55.4,2400000,0xe0000
1781167433,56.5,2400000,0xe0000
1781167434,56.0,2400000,0xe0000
1781167435,56.0,2400000,0xe0000
1781167437,55.4,2400000,0xe0000
1781167438,55.4,2400000,0xe0000
1781167439,55.4,2400000,0xe0000
1781167440,54.9,2400000,0xe0000
1781167441,56.0,2400000,0xe0000
1781167442,56.0,2400000,0xe0000
1781167443,55.4,2400000,0xe0000
1781167444,56.0,2400000,0xe0000
1781167445,55.4,2400000,0xe0000
1781167446,55.4,2400000,0xe0000
1781167447,56.0,2400000,0xe0000
1781167448,54.9,2400000,0xe0000
1781167449,55.4,2400000,0xe0000
1781167450,56.0,2400000,0xe0000
1781167451,56.0,2400000,0xe0000
1781167453,56.0,2400000,0xe0000
1781167454,55.4,2400000,0xe0000
1781167455,55.4,2400000,0xe0000
1781167456,54.9,2400000,0xe0000
1781167457,56.0,2400000,0xe0000
1781167458,56.0,2400000,0xe0000
1781167459,55.4,2400000,0xe0000
1781167460,56.0,2400000,0xe0000
1781167461,55.4,2400000,0xe0000
1781167462,55.4,2400000,0xe0000
1781167463,55.4,2400000,0xe0000
1781167464,56.0,2400000,0xe0000
1781167465,55.4,2400000,0xe0000
1781167466,56.0,2400000,0xe0000
1781167467,55.4,2400000,0xe0000
1781167468,56.0,2400000,0xe0000
1781167469,56.0,2400000,0xe0000
1781167470,56.0,2400000,0xe0000
1781167471,55.4,2400000,0xe0000
1781167472,56.0,2400000,0xe0000
1781167473,54.3,2400000,0xe0000
1781167474,55.4,2400000,0xe0000
1781167475,56.0,2400000,0xe0000
1781167477,56.0,2400000,0xe0000
1781167478,55.4,2400000,0xe0000
1781167479,55.4,2400000,0xe0000
1781167480,56.0,2400000,0xe0000
1781167481,55.4,2400000,0xe0000
1781167482,55.4,2400000,0xe0000
1781167483,55.4,2400000,0xe0000
1781167484,55.4,2400000,0xe0000
1781167485,56.0,2400000,0xe0000
1781167486,55.4,2400000,0xe0000
1781167487,56.0,2400000,0xe0000
1781167488,54.9,2400000,0xe0000
1781167489,55.4,2400000,0xe0000
1781167490,55.4,2400000,0xe0000
1781167491,56.0,2400000,0xe0000
1781167492,55.4,2400000,0xe0000
1781167493,56.5,2400000,0xe0000
1781167494,56.0,2400000,0xe0000
1781167495,54.9,2400000,0xe0000
1781167496,56.0,2400000,0xe0000
1781167497,55.4,2400000,0xe0000
1781167499,55.4,2400000,0xe0000
1781167500,55.4,2400000,0xe0000
1781167501,55.4,2400000,0xe0000
1781167502,55.4,2400000,0xe0000
1781167503,55.4,2400000,0xe0000
1781167504,54.9,2400000,0xe0000
1781167505,55.4,2400000,0xe0000
1781167506,55.4,2400000,0xe0000
1781167507,54.9,2400000,0xe0000
1781167508,55.4,2400000,0xe0000
1781167509,56.5,2400000,0xe0000
1781167510,56.5,2400000,0xe0000
1781167511,55.4,2400000,0xe0000
1781167512,56.0,2400000,0xe0000
1781167513,55.4,2400000,0xe0000
1781167514,55.4,2400000,0xe0000
1781167515,56.0,2400000,0xe0000
1781167516,55.4,2400000,0xe0000
1781167517,55.4,2400000,0xe0000
1781167518,55.4,2400000,0xe0000
1781167519,55.4,2400000,0xe0000
1781167520,55.4,2400000,0xe0000
1781167521,55.4,2400000,0xe0000
1781167522,55.4,2400000,0xe0000
1781167523,56.0,2400000,0xe0000
1781167524,54.9,2400000,0xe0000
1781167525,55.4,2400000,0xe0000
1781167526,55.4,2400000,0xe0000
1781167527,56.0,2400000,0xe0000
1781167528,55.4,2400000,0xe0000
1781167530,56.0,2400000,0xe0000
1781167531,56.0,2400000,0xe0000
1781167532,55.4,2400000,0xe0000
1781167533,56.0,2400000,0xe0000
1781167534,55.4,2400000,0xe0000
1781167535,55.4,2400000,0xe0000
1781167536,55.4,2400000,0xe0000
1781167537,56.0,2400000,0xe0000
1781167538,55.4,2400000,0xe0000
1781167539,55.4,2400000,0xe0000
1781167540,55.4,2400000,0xe0000
1781167541,55.4,2400000,0xe0000
1781167542,54.9,2400000,0xe0000
1781167543,56.0,2400000,0xe0000
1781167544,55.4,2400000,0xe0000
1781167545,56.0,2400000,0xe0000
1781167546,55.4,2400000,0xe0000
1781167547,55.4,2400000,0xe0000
1781167548,54.3,2400000,0xe0000
1781167549,54.9,2400000,0xe0000
1781167550,56.0,2400000,0xe0000
1781167551,55.4,2400000,0xe0000
1781167552,54.9,2400000,0xe0000
1781167553,56.0,2400000,0xe0000
1781167554,55.4,2400000,0xe0000
1781167555,56.0,2400000,0xe0000
1781167556,54.9,2400000,0xe0000
1781167557,56.0,2400000,0xe0000
1781167559,55.4,2400000,0xe0000
1781167560,54.9,2400000,0xe0000
1781167561,55.4,2400000,0xe0000
1781167562,56.0,2400000,0xe0000
1781167563,56.0,2400000,0xe0000
1781167564,56.0,2400000,0xe0000
1781167565,56.0,2400000,0xe0000
1781167566,54.3,2400000,0xe0000
1781167567,56.0,2400000,0xe0000
1781167568,55.4,2400000,0xe0000
1781167569,56.0,2400000,0xe0000
1781167570,55.4,2400000,0xe0000
1781167571,55.4,2400000,0xe0000
1781167572,56.0,2400000,0xe0000
1781167573,54.3,2400000,0xe0000
1781167574,56.0,2400000,0xe0000
1781167575,56.0,2400000,0xe0000
1781167576,55.4,2400000,0xe0000
1781167577,55.4,2400000,0xe0000
1781167578,56.0,2400000,0xe0000
1781167580,55.4,2400000,0xe0000
1781167581,55.4,2400000,0xe0000
1781167582,56.0,2400000,0xe0000
1781167583,55.4,2400000,0xe0000
1781167584,56.0,2400000,0xe0000
1781167585,56.0,2400000,0xe0000
1781167586,55.4,2400000,0xe0000
1781167587,56.0,2400000,0xe0000
1781167588,56.5,2400000,0xe0000
1781167589,56.0,2400000,0xe0000
1781167590,56.0,2400000,0xe0000
1781167591,55.4,2400000,0xe0000
1781167592,56.0,2400000,0xe0000
1781167593,55.4,2400000,0xe0000
1781167594,54.9,2400000,0xe0000
1781167595,55.4,2400000,0xe0000
1781167596,55.4,2400000,0xe0000
1781167597,54.9,2400000,0xe0000
1781167598,56.0,2400000,0xe0000
1781167599,55.4,2400000,0xe0000
1781167600,55.4,2400000,0xe0000
1781167601,56.0,2400000,0xe0000
1781167602,55.4,2400000,0xe0000
1781167603,56.0,2400000,0xe0000
1781167604,55.4,2400000,0xe0000
1781167605,55.4,2400000,0xe0000
1781167606,55.4,2400000,0xe0000
1781167608,55.4,2400000,0xe0000
1781167609,55.4,2400000,0xe0000
1781167610,55.4,2400000,0xe0000
1781167611,55.4,2400000,0xe0000
1781167612,56.0,2400000,0xe0000
1781167613,54.9,2400000,0xe0000
1781167614,55.4,2400000,0xe0000
1781167615,54.9,2400000,0xe0000
1781167616,56.0,2400000,0xe0000
1781167617,56.0,2400000,0xe0000
1781167618,55.4,2400000,0xe0000
1781167619,55.4,2400000,0xe0000
1781167620,55.4,2400000,0xe0000
1781167621,56.0,2400000,0xe0000
1781167622,55.4,2400000,0xe0000
1781167623,56.0,2400000,0xe0000
1781167624,55.4,2400000,0xe0000
1781167625,55.4,2400000,0xe0000
1781167626,56.0,2400000,0xe0000
1781167627,55.4,2400000,0xe0000
1781167628,54.9,2400000,0xe0000
1781167629,55.4,2400000,0xe0000
1781167630,54.9,2400000,0xe0000
1781167632,55.4,2400000,0xe0000
1781167633,56.0,2400000,0xe0000
1781167634,56.0,2400000,0xe0000
1781167635,56.5,2400000,0xe0000
1781167636,55.4,2400000,0xe0000
1781167637,55.4,2400000,0xe0000
1781167638,55.4,2400000,0xe0000
1781167639,56.0,2400000,0xe0000
1781167640,55.4,2400000,0xe0000
1781167641,55.4,2400000,0xe0000
1781167642,56.0,2400000,0xe0000
1781167643,55.4,2400000,0xe0000
1781167644,55.4,2400000,0xe0000
1781167645,55.4,2400000,0xe0000
1781167646,56.0,2400000,0xe0000
1781167647,56.0,2400000,0xe0000
1781167648,56.0,2400000,0xe0000
1781167649,55.4,2400000,0xe0000
1781167650,56.0,2400000,0xe0000
1781167651,54.9,2400000,0xe0000
1781167652,55.4,2400000,0xe0000
1781167654,55.4,2400000,0xe0000
1781167655,56.0,2400000,0xe0000
1781167656,56.0,2400000,0xe0000
1781167657,54.3,2400000,0xe0000
1781167658,56.0,2400000,0xe0000
1781167659,54.9,2400000,0xe0000
1781167660,55.4,2400000,0xe0000
1781167661,56.0,2400000,0xe0000
1781167662,55.4,2400000,0xe0000
1781167663,56.0,2400000,0xe0000
1781167664,55.4,2400000,0xe0000
1781167665,56.0,2400000,0xe0000
1781167666,56.0,2400000,0xe0000
1781167667,56.0,2400000,0xe0000
1781167668,55.4,2400000,0xe0000
1781167669,55.4,2400000,0xe0000
1781167670,55.4,2400000,0xe0000
1781167671,54.9,2400000,0xe0000
1781167672,55.4,2400000,0xe0000
1781167673,56.0,2400000,0xe0000
1781167674,56.0,2400000,0xe0000
1781167675,55.4,2400000,0xe0000
1781167677,55.4,2400000,0xe0000
1781167678,56.0,2400000,0xe0000
1781167679,55.4,2400000,0xe0000
1781167680,55.4,2400000,0xe0000
1781167681,55.4,2400000,0xe0000
1781167682,55.4,2400000,0xe0000
1781167683,56.0,2400000,0xe0000
1781167684,56.5,2400000,0xe0000
1781167685,54.3,2400000,0xe0000
1781167686,55.4,2400000,0xe0000
1781167687,55.4,2400000,0xe0000
1781167688,56.0,2400000,0xe0000
1781167689,56.0,2400000,0xe0000
1781167690,55.4,2400000,0xe0000
1781167691,55.4,2400000,0xe0000
1781167692,55.4,2400000,0xe0000
1781167693,54.3,2400000,0xe0000
1781167694,56.0,2400000,0xe0000
1781167695,55.4,2400000,0xe0000
1781167696,55.4,2400000,0xe0000
1781167697,55.4,2400000,0xe0000
1781167698,54.9,2400000,0xe0000
1781167699,55.4,2400000,0xe0000
1781167700,55.4,2400000,0xe0000
1781167701,55.4,2400000,0xe0000
1781167702,56.0,2400000,0xe0000
1781167703,55.4,2400000,0xe0000
1781167704,55.4,2400000,0xe0000
1781167705,56.0,2400000,0xe0000
1781167706,56.5,2400000,0xe0000
1781167707,55.4,2400000,0xe0000
1781167708,54.3,2400000,0xe0000
1781167710,55.4,2400000,0xe0000
1781167711,56.0,2400000,0xe0000
1781167712,56.0,2400000,0xe0000
1781167713,56.0,2400000,0xe0000
1781167714,56.0,2400000,0xe0000
1781167715,56.5,2400000,0xe0000
1781167716,56.0,2400000,0xe0000
1781167717,54.9,2400000,0xe0000
1781167718,56.0,2400000,0xe0000
1781167719,55.4,2400000,0xe0000
1781167720,56.0,2400000,0xe0000
1781167721,56.0,2400000,0xe0000
1781167722,55.4,2400000,0xe0000
1781167723,55.4,2400000,0xe0000
1781167724,56.0,2400000,0xe0000
1781167725,56.5,2400000,0xe0000
1781167726,56.0,2400000,0xe0000
1781167727,55.4,2400000,0xe0000
1781167728,55.4,2400000,0xe0000
1781167729,54.9,2400000,0xe0000
1781167730,56.0,2400000,0xe0000
1781167731,56.0,2400000,0xe0000
1781167732,55.4,2400000,0xe0000
1781167733,55.4,2400000,0xe0000
1781167734,56.0,2400000,0xe0000
1781167735,54.9,2400000,0xe0000
1781167736,56.0,2400000,0xe0000
1781167737,55.4,2400000,0xe0000
1781167739,55.4,2400000,0xe0000
1781167740,56.0,2400000,0xe0000
1781167741,56.0,2400000,0xe0000
1781167742,55.4,2400000,0xe0000
1781167743,56.0,2400000,0xe0000
1781167744,55.4,2400000,0xe0000
1781167745,55.4,2400000,0xe0000
1781167746,55.4,2400000,0xe0000
1781167747,56.0,2400000,0xe0000
1781167748,56.0,2400000,0xe0000
1781167749,54.9,2400000,0xe0000
1781167750,55.4,2400000,0xe0000
1781167751,56.0,2400000,0xe0000
1781167752,55.4,2400000,0xe0000
1781167753,56.0,2400000,0xe0000
1781167754,56.0,2400000,0xe0000
1781167755,56.0,2400000,0xe0000
1781167756,55.4,2400000,0xe0000
1781167757,55.4,2400000,0xe0000
1781167758,55.4,2400000,0xe0000
1781167759,55.4,2400000,0xe0000
1781167760,56.0,2400000,0xe0000
1781167761,56.0,2400000,0xe0000
1781167762,56.0,2400000,0xe0000
1781167764,55.4,2400000,0xe0000
1781167765,55.4,2400000,0xe0000
1781167766,54.9,2400000,0xe0000
1781167767,55.4,2400000,0xe0000
1781167768,55.4,2400000,0xe0000
1781167769,55.4,2400000,0xe0000
1781167770,56.0,2400000,0xe0000
1781167771,55.4,2400000,0xe0000
1781167772,54.3,2400000,0xe0000
1781167773,56.0,2400000,0xe0000
1781167774,56.0,2400000,0xe0000
1781167775,55.4,2400000,0xe0000
1781167776,56.0,2400000,0xe0000
1781167777,55.4,2400000,0xe0000
1781167778,54.3,2400000,0xe0000
1781167779,56.0,2400000,0xe0000
1781167780,55.4,2400000,0xe0000
1781167781,55.4,2400000,0xe0000
1781167782,55.4,2400000,0xe0000
1781167783,55.4,2400000,0xe0000
1781167784,55.4,2400000,0xe0000
1781167785,55.4,2400000,0xe0000
1781167786,55.4,2400000,0xe0000
1781167787,56.0,2400000,0xe0000
1781167789,56.0,2400000,0xe0000
1781167790,56.0,2400000,0xe0000
1781167791,56.0,2400000,0xe0000
1781167792,56.0,2400000,0xe0000
1781167793,56.5,2400000,0xe0000
1781167794,56.0,2400000,0xe0000
1781167795,55.4,2400000,0xe0000
1781167796,55.4,2400000,0xe0000
1781167797,55.4,2400000,0xe0000
1781167798,56.0,2400000,0xe0000
1781167799,55.4,2400000,0xe0000
1781167800,56.0,2400000,0xe0000
1781167801,55.4,2400000,0xe0000
1781167802,55.4,2400000,0xe0000
1781167803,56.0,2400000,0xe0000
1781167804,55.4,2400000,0xe0000
1781167805,56.0,2400000,0xe0000
1781167806,55.4,2400000,0xe0000
1781167807,56.0,2400000,0xe0000
1781167808,56.0,2400000,0xe0000
1781167810,55.4,2400000,0xe0000
1781167811,56.0,2400000,0xe0000
1781167812,56.0,2400000,0xe0000
1781167813,56.0,2400000,0xe0000
1781167814,56.0,2400000,0xe0000
1781167815,56.5,2400000,0xe0000
1781167816,56.0,2400000,0xe0000
1781167817,55.4,2400000,0xe0000
1781167818,56.5,2400000,0xe0000
1781167819,56.0,2400000,0xe0000
1781167820,54.3,2400000,0xe0000
1781167821,55.4,2400000,0xe0000
1781167822,56.0,2400000,0xe0000
1781167823,55.4,2400000,0xe0000
1781167824,55.4,2400000,0xe0000
1781167825,55.4,2400000,0xe0000
1781167826,56.0,2400000,0xe0000
1781167827,55.4,2400000,0xe0000
1781167828,54.3,2400000,0xe0000
1781167830,56.0,2400000,0xe0000
1781167831,56.0,2400000,0xe0000
1781167832,53.8,2400000,0xe0000
1781167833,56.0,2400000,0xe0000
1781167834,54.3,2400000,0xe0000
1781167835,56.0,2400000,0xe0000
1781167836,55.4,2400000,0xe0000
1781167837,56.0,2400000,0xe0000
1781167838,55.4,2400000,0xe0000
1781167839,56.0,2400000,0xe0000
1781167840,56.0,2400000,0xe0000
1781167841,56.0,2400000,0xe0000
1781167842,56.0,2400000,0xe0000
1781167843,55.4,2400000,0xe0000
1781167844,56.0,2400000,0xe0000
1781167845,55.4,2400000,0xe0000
1781167846,55.4,2400000,0xe0000
1781167847,56.0,2400000,0xe0000
1781167848,56.0,2400000,0xe0000
1781167850,56.0,2400000,0xe0000
1781167851,55.4,2400000,0xe0000
1781167852,55.4,2400000,0xe0000
1781167853,55.4,2400000,0xe0000
1781167854,55.4,2400000,0xe0000
1781167855,54.9,2400000,0xe0000
1781167856,55.4,2400000,0xe0000
1781167857,54.9,2400000,0xe0000
1781167858,54.9,2400000,0xe0000
1781167859,56.0,2400000,0xe0000
1781167860,56.0,2400000,0xe0000
1781167861,56.0,2400000,0xe0000
1781167862,56.0,2400000,0xe0000
1781167863,56.0,2400000,0xe0000
1781167864,56.0,2400000,0xe0000
1781167865,56.0,2400000,0xe0000
1781167866,56.0,2400000,0xe0000
1781167867,54.9,2400000,0xe0000
1781167868,55.4,2400000,0xe0000
1781167869,56.0,2400000,0xe0000
1781167870,56.0,2400000,0xe0000
1781167871,55.4,2400000,0xe0000
1781167872,55.4,2400000,0xe0000
1781167873,56.0,2400000,0xe0000
1781167874,56.0,2400000,0xe0000
1781167875,54.9,2400000,0xe0000
1781167877,56.0,2400000,0xe0000
1781167878,55.4,2400000,0xe0000
1781167879,56.0,2400000,0xe0000
1781167880,56.0,2400000,0xe0000
1781167881,56.0,2400000,0xe0000
1781167882,56.5,2400000,0xe0000
1781167883,55.4,2400000,0xe0000
1781167884,56.0,2400000,0xe0000
1781167885,55.4,2400000,0xe0000
1781167886,55.4,2400000,0xe0000
1781167887,55.4,2400000,0xe0000
1781167888,55.4,2400000,0xe0000
1781167889,56.0,2400000,0xe0000
1781167890,54.9,2400000,0xe0000
1781167891,56.0,2400000,0xe0000
1781167892,55.4,2400000,0xe0000
1781167893,55.4,2400000,0xe0000
1781167894,54.9,2400000,0xe0000
1781167895,56.0,2400000,0xe0000
1781167896,55.4,2400000,0xe0000
1781167897,56.0,2400000,0xe0000
1781167898,56.0,2400000,0xe0000
1781167899,56.0,2400000,0xe0000
1781167900,54.9,2400000,0xe0000
1781167901,56.0,2400000,0xe0000
1781167902,56.0,2400000,0xe0000
1781167903,55.4,2400000,0xe0000
1781167904,55.4,2400000,0xe0000
1781167905,56.0,2400000,0xe0000
1781167907,56.0,2400000,0xe0000
1781167908,55.4,2400000,0xe0000
1781167909,56.0,2400000,0xe0000
1781167910,56.0,2400000,0xe0000
1781167911,55.4,2400000,0xe0000
1781167912,56.5,2400000,0xe0000
1781167913,55.4,2400000,0xe0000
1781167914,55.4,2400000,0xe0000
1781167915,55.4,2400000,0xe0000
1781167916,54.9,2400000,0xe0000
1781167917,56.0,2400000,0xe0000
1781167918,55.4,2400000,0xe0000
1781167919,55.4,2400000,0xe0000
1781167920,55.4,2400000,0xe0000
1781167921,55.4,2400000,0xe0000
1781167922,55.4,2400000,0xe0000
1781167923,55.4,2400000,0xe0000
1781167924,55.4,2400000,0xe0000
1781167925,56.0,2400000,0xe0000
1781167926,54.9,2400000,0xe0000
1781167927,56.0,2400000,0xe0000
1781167928,54.9,2400000,0xe0000
1781167929,54.9,2400000,0xe0000
1781167931,55.4,2400000,0xe0000
1781167932,55.4,2400000,0xe0000
1781167933,56.0,2400000,0xe0000
1781167934,56.0,2400000,0xe0000
1781167935,56.0,2400000,0xe0000
1781167936,56.0,2400000,0xe0000
1781167937,55.4,2400000,0xe0000
1781167938,55.4,2400000,0xe0000
1781167939,56.0,2400000,0xe0000
1781167940,55.4,2400000,0xe0000
1781167941,54.3,2400000,0xe0000
1781167942,54.9,2400000,0xe0000
1781167943,56.0,2400000,0xe0000
1781167944,54.9,2400000,0xe0000
1781167945,56.0,2400000,0xe0000
1781167946,56.0,2400000,0xe0000
1781167947,56.0,2400000,0xe0000
1781167949,56.0,2400000,0xe0000
1781167950,55.4,2400000,0xe0000
1781167951,56.0,2400000,0xe0000
1781167952,55.4,2400000,0xe0000
1781167953,55.4,2400000,0xe0000
1781167954,55.4,2400000,0xe0000
1781167955,56.0,2400000,0xe0000
1781167956,56.0,2400000,0xe0000
1781167957,55.4,2400000,0xe0000
1781167958,56.0,2400000,0xe0000
1781167959,55.4,2400000,0xe0000
1781167960,55.4,2400000,0xe0000
1781167961,56.0,2400000,0xe0000
1781167962,56.5,2400000,0xe0000
1781167963,55.4,2400000,0xe0000
1781167964,56.0,2400000,0xe0000
1781167965,55.4,2400000,0xe0000
1781167966,55.4,2400000,0xe0000
1781167967,54.9,2400000,0xe0000
1781167969,55.4,2400000,0xe0000
1781167970,55.4,2400000,0xe0000
1781167971,56.0,2400000,0xe0000
1781167972,55.4,2400000,0xe0000
1781167973,55.4,2400000,0xe0000
1781167974,55.4,2400000,0xe0000
1781167975,54.9,2400000,0xe0000
1781167976,56.0,2400000,0xe0000
1781167977,55.4,2400000,0xe0000
1781167978,55.4,2400000,0xe0000
1781167979,56.0,2400000,0xe0000
1781167980,55.4,2400000,0xe0000
1781167981,56.0,2400000,0xe0000
1781167982,55.4,2400000,0xe0000
1781167983,56.0,2400000,0xe0000
1781167984,54.9,2400000,0xe0000
1781167985,55.4,2400000,0xe0000
1781167986,55.4,2400000,0xe0000
1781167987,54.3,2400000,0xe0000
1781167988,54.9,2400000,0xe0000
1781167989,55.4,2400000,0xe0000
1781167990,54.9,2400000,0xe0000
1781167991,56.0,2400000,0xe0000
1781167992,56.0,2400000,0xe0000
1781167994,55.4,2400000,0xe0000
1781167995,55.4,2400000,0xe0000
1781167996,56.0,2400000,0xe0000
1781167997,55.4,2400000,0xe0000
1781167998,56.0,2400000,0xe0000
1781167999,56.0,2400000,0xe0000
1781168000,55.4,2400000,0xe0000
1781168001,56.5,2400000,0xe0000
1781168002,55.4,2400000,0xe0000
1781168003,56.0,2400000,0xe0000
1781168004,56.0,2400000,0xe0000
1781168005,55.4,2400000,0xe0000
1781168006,55.4,2400000,0xe0000
1781168007,56.0,2400000,0xe0000
1781168008,56.0,2400000,0xe0000
1781168009,55.4,2400000,0xe0000
1781168010,55.4,2400000,0xe0000
1781168011,55.4,2400000,0xe0000
1781168012,56.0,2400000,0xe0000
1781168013,55.4,2400000,0xe0000
1781168014,56.5,2400000,0xe0000
1781168015,55.4,2400000,0xe0000
1781168016,54.9,2400000,0xe0000
1781168017,55.4,2400000,0xe0000
1781168018,55.4,2400000,0xe0000
1781168019,55.4,2400000,0xe0000
1781168020,55.4,2400000,0xe0000
1781168021,56.0,2400000,0xe0000
1781168023,56.0,2400000,0xe0000
1781168024,55.4,2400000,0xe0000
1781168025,56.0,2400000,0xe0000
1781168026,55.4,2400000,0xe0000
1781168027,54.9,2400000,0xe0000
1781168028,56.0,2400000,0xe0000
1781168029,55.4,2400000,0xe0000
1781168030,56.5,2400000,0xe0000
1781168031,56.0,2400000,0xe0000
1781168032,56.0,2400000,0xe0000
1781168033,56.5,2400000,0xe0000
1781168034,55.4,2400000,0xe0000
1781168035,55.4,2400000,0xe0000
1781168036,56.0,2400000,0xe0000
1781168037,56.0,2400000,0xe0000
1781168038,56.5,2400000,0xe0000
1781168039,55.4,2400000,0xe0000
1781168040,56.0,2400000,0xe0000
1781168041,54.9,2400000,0xe0000
1781168042,56.0,2400000,0xe0000
1781168044,56.5,2400000,0xe0000
1781168045,55.4,2400000,0xe0000
1781168046,55.4,2400000,0xe0000
1781168047,56.0,2400000,0xe0000
1781168048,56.0,2400000,0xe0000
1781168049,56.0,2400000,0xe0000
1781168050,56.0,2400000,0xe0000
1781168051,55.4,2400000,0xe0000
1781168052,55.4,2400000,0xe0000
1781168053,55.4,2400000,0xe0000
1781168054,55.4,2400000,0xe0000
1781168055,55.4,2400000,0xe0000
1781168056,56.0,2400000,0xe0000
1781168057,56.0,2400000,0xe0000
1781168058,55.4,2400000,0xe0000
1781168059,55.4,2400000,0xe0000
1781168060,54.3,2400000,0xe0000
1781168061,54.9,2400000,0xe0000
1781168062,55.4,2400000,0xe0000
1781168063,56.0,2400000,0xe0000
1781168064,56.0,2400000,0xe0000
1781168065,55.4,2400000,0xe0000
1781168066,55.4,2400000,0xe0000
1781168067,55.4,2400000,0xe0000
1781168068,55.4,2400000,0xe0000
1781168069,54.9,2400000,0xe0000
1781168070,55.4,2400000,0xe0000
1781168071,56.0,2400000,0xe0000
1781168072,55.4,2400000,0xe0000
1781168073,56.0,2400000,0xe0000
1781168074,55.4,2400000,0xe0000
1781168075,55.4,2400000,0xe0000
1781168077,56.0,2400000,0xe0000
1781168078,56.0,2400000,0xe0000
1781168079,55.4,2400000,0xe0000
1781168080,56.0,2400000,0xe0000
1781168081,55.4,2400000,0xe0000
1781168082,56.0,2400000,0xe0000
1781168083,55.4,2400000,0xe0000
1781168084,55.4,2400000,0xe0000
1781168085,55.4,2400000,0xe0000
1781168086,56.5,2400000,0xe0000
1781168087,56.0,2400000,0xe0000
1781168088,55.4,2400000,0xe0000
1781168089,56.0,2400000,0xe0000
1781168090,55.4,2400000,0xe0000
1781168091,55.4,2400000,0xe0000
1781168092,55.4,2400000,0xe0000
1781168093,56.5,2400000,0xe0000
1781168095,55.4,2400000,0xe0000
1781168096,56.0,2400000,0xe0000
1781168097,55.4,2400000,0xe0000
1781168098,55.4,2400000,0xe0000
1781168099,56.0,2400000,0xe0000
1781168100,56.0,2400000,0xe0000
1781168101,55.4,2400000,0xe0000
1781168102,56.0,2400000,0xe0000
1781168103,54.9,2400000,0xe0000
1781168104,55.4,2400000,0xe0000
1781168105,55.4,2400000,0xe0000
1781168106,53.8,2400000,0xe0000
1781168107,56.0,2400000,0xe0000
1781168108,56.0,2400000,0xe0000
1781168109,56.0,2400000,0xe0000
1781168110,54.9,2400000,0xe0000
1781168111,56.0,2400000,0xe0000
1781168112,55.4,2400000,0xe0000
1781168113,56.0,2400000,0xe0000
1781168114,56.0,2400000,0xe0000
1781168115,55.4,2400000,0xe0000
1781168116,55.4,2400000,0xe0000
1781168117,54.9,2400000,0xe0000
1781168118,55.4,2400000,0xe0000
1781168119,55.4,2400000,0xe0000
1781168120,56.0,2400000,0xe0000
1781168121,55.4,2400000,0xe0000
1781168122,55.4,2400000,0xe0000
1781168123,56.0,2400000,0xe0000
1781168124,55.4,2400000,0xe0000
1781168125,55.4,2400000,0xe0000
1781168127,55.4,2400000,0xe0000
1781168128,55.4,2400000,0xe0000
1781168129,55.4,2400000,0xe0000
1781168130,55.4,2400000,0xe0000
1781168131,56.0,2400000,0xe0000
1781168132,55.4,2400000,0xe0000
1781168133,56.0,2400000,0xe0000
1781168134,56.0,2400000,0xe0000
1781168135,55.4,2400000,0xe0000
1781168136,55.4,2400000,0xe0000
1781168137,55.4,2400000,0xe0000
1781168138,56.0,2400000,0xe0000
1781168139,56.0,2400000,0xe0000
1781168140,55.4,2400000,0xe0000
1781168141,56.0,2400000,0xe0000
1781168142,56.0,2400000,0xe0000
1781168143,56.0,2400000,0xe0000
1781168144,56.0,2400000,0xe0000
1781168145,56.0,2400000,0xe0000
1781168146,55.4,2400000,0xe0000
1781168147,55.4,2400000,0xe0000
1781168148,54.3,2400000,0xe0000
1781168149,55.4,2400000,0xe0000
1781168151,54.9,2400000,0xe0000
1781168152,56.0,2400000,0xe0000
1781168153,56.0,2400000,0xe0000
1781168154,55.4,2400000,0xe0000
1781168155,56.0,2400000,0xe0000
1781168156,55.4,2400000,0xe0000
1781168157,56.0,2400000,0xe0000
1781168158,56.0,2400000,0xe0000
1781168159,56.0,2400000,0xe0000
1781168160,54.3,2400000,0xe0000
1781168161,55.4,2400000,0xe0000
1781168162,56.0,2400000,0xe0000
1781168163,55.4,2400000,0xe0000
1781168164,56.0,2400000,0xe0000
1781168165,55.4,2400000,0xe0000
1781168166,55.4,2400000,0xe0000
1781168167,55.4,2400000,0xe0000
1781168168,55.4,2400000,0xe0000
1781168169,54.9,2400000,0xe0000
1781168170,55.4,2400000,0xe0000
1781168171,56.0,2400000,0xe0000
1781168172,56.5,2400000,0xe0000
1781168173,55.4,2400000,0xe0000
1781168174,55.4,2400000,0xe0000
1781168175,56.0,2400000,0xe0000
1781168176,56.0,2400000,0xe0000
1781168177,56.0,2400000,0xe0000
1781168178,55.4,2400000,0xe0000
1781168179,55.4,2400000,0xe0000
1781168180,55.4,2400000,0xe0000
1781168182,56.0,2400000,0xe0000
1781168183,56.0,2400000,0xe0000
1781168184,55.4,2400000,0xe0000
1781168185,56.0,2400000,0xe0000
1781168186,56.5,2400000,0xe0000
1781168187,55.4,2400000,0xe0000
1781168188,55.4,2400000,0xe0000
1781168189,55.4,2400000,0xe0000
1781168190,55.4,2400000,0xe0000
1781168191,56.0,2400000,0xe0000
1781168192,56.0,2400000,0xe0000
1781168193,55.4,2400000,0xe0000
1781168194,56.0,2400000,0xe0000
1781168195,55.4,2400000,0xe0000
1781168196,55.4,2400000,0xe0000
1781168197,56.0,2400000,0xe0000
1781168198,56.0,2400000,0xe0000
1781168199,54.9,2400000,0xe0000
1781168200,55.4,2400000,0xe0000
1781168201,56.0,2400000,0xe0000
1781168202,55.4,2400000,0xe0000
1781168203,55.4,2400000,0xe0000
1781168204,56.0,2400000,0xe0000
1781168206,55.4,2400000,0xe0000
1781168207,55.4,2400000,0xe0000
1781168208,55.4,2400000,0xe0000
1781168209,55.4,2400000,0xe0000
1781168210,56.0,2400000,0xe0000
1781168211,55.4,2400000,0xe0000
1781168212,56.0,2400000,0xe0000
1781168213,56.0,2400000,0xe0000
1781168214,55.4,2400000,0xe0000
1781168215,56.0,2400000,0xe0000
1781168216,55.4,2400000,0xe0000
1781168217,55.4,2400000,0xe0000
1781168218,55.4,2400000,0xe0000
1781168219,55.4,2400000,0xe0000
1781168220,55.4,2400000,0xe0000
1781168221,55.4,2400000,0xe0000
1781168222,56.0,2400000,0xe0000
1781168223,54.9,2400000,0xe0000
1781168224,54.9,2400000,0xe0000
1781168225,55.4,2400000,0xe0000
1781168226,56.0,2400000,0xe0000
1781168227,55.4,2400000,0xe0000
1781168228,55.4,2400000,0xe0000
1781168229,56.0,2400000,0xe0000
1781168230,56.0,2400000,0xe0000
1781168231,56.0,2400000,0xe0000
1781168232,55.4,2400000,0xe0000
1781168234,55.4,2400000,0xe0000
1781168235,56.0,2400000,0xe0000
1781168236,55.4,2400000,0xe0000
1781168237,54.9,2400000,0xe0000
1781168238,55.4,2400000,0xe0000
1781168239,54.9,2400000,0xe0000
1781168240,55.4,2400000,0xe0000
1781168241,56.0,2400000,0xe0000
1781168242,55.4,2400000,0xe0000
1781168243,55.4,2400000,0xe0000
1781168244,55.4,2400000,0xe0000
1781168245,56.0,2400000,0xe0000
1781168246,55.4,2400000,0xe0000
1781168247,55.4,2400000,0xe0000
1781168248,56.0,2400000,0xe0000
1781168249,55.4,2400000,0xe0000
1781168250,56.0,2400000,0xe0000
1781168251,56.0,2400000,0xe0000
1781168252,54.9,2400000,0xe0000
1781168253,56.0,2400000,0xe0000
1781168254,55.4,2400000,0xe0000
1781168256,56.0,2400000,0xe0000
1781168257,55.4,2400000,0xe0000
1781168258,55.4,2400000,0xe0000
1781168259,56.0,2400000,0xe0000
1781168260,56.0,2400000,0xe0000
1781168261,56.0,2400000,0xe0000
1781168262,55.4,2400000,0xe0000
1781168263,55.4,2400000,0xe0000
1781168264,56.0,2400000,0xe0000
1781168265,56.0,2400000,0xe0000
1781168266,56.0,2400000,0xe0000
1781168267,56.0,2400000,0xe0000
1781168268,55.4,2400000,0xe0000
1781168269,56.0,2400000,0xe0000
1781168270,54.9,2400000,0xe0000
1781168271,56.0,2400000,0xe0000
1781168272,56.0,2400000,0xe0000
1781168273,56.5,2400000,0xe0000
1781168274,54.9,2400000,0xe0000
1781168275,55.4,2400000,0xe0000
1781168276,56.0,2400000,0xe0000
1781168277,55.4,2400000,0xe0000
1781168279,55.4,2400000,0xe0000
1781168280,55.4,2400000,0xe0000
1781168281,56.0,2400000,0xe0000
1781168282,56.0,2400000,0xe0000
1781168283,56.0,2400000,0xe0000
1781168284,56.0,2400000,0xe0000
1781168285,56.0,2400000,0xe0000
1781168286,56.0,2400000,0xe0000
1781168287,56.0,2400000,0xe0000
1781168288,55.4,2400000,0xe0000
1781168289,56.0,2400000,0xe0000
1781168290,54.9,2400000,0xe0000
1781168291,55.4,2400000,0xe0000
1781168292,56.0,2400000,0xe0000
1781168293,54.3,2400000,0xe0000
1781168294,55.4,2400000,0xe0000
1781168295,55.4,2400000,0xe0000
1781168296,55.4,2400000,0xe0000
1781168297,56.0,2400000,0xe0000
1781168298,56.0,2400000,0xe0000
1781168299,55.4,2400000,0xe0000
1781168301,56.0,2400000,0xe0000
1781168302,55.4,2400000,0xe0000
1781168303,54.9,2400000,0xe0000
1781168304,54.9,2400000,0xe0000
1781168305,56.0,2400000,0xe0000
1781168306,56.0,2400000,0xe0000
1781168307,56.0,2400000,0xe0000
1781168308,54.9,2400000,0xe0000
1781168309,54.3,2400000,0xe0000
1781168310,56.0,2400000,0xe0000
1781168311,55.4,2400000,0xe0000
1781168312,55.4,2400000,0xe0000
1781168313,55.4,2400000,0xe0000
1781168314,55.4,2400000,0xe0000
1781168315,54.3,2400000,0xe0000
1781168316,55.4,2400000,0xe0000
1781168317,54.9,2400000,0xe0000
1781168318,55.4,2400000,0xe0000
1781168319,55.4,2400000,0xe0000
1781168320,55.4,2400000,0xe0000
1781168321,55.4,2400000,0xe0000
1781168322,55.4,2400000,0xe0000
1781168323,56.0,2400000,0xe0000
1781168325,54.9,2400000,0xe0000
1781168326,54.9,2400000,0xe0000
1781168327,54.3,2400000,0xe0000
1781168328,55.4,2400000,0xe0000
1781168329,54.9,2400000,0xe0000
