Linux 7.0.9 (hp3) 	06/17/2026 	_x86_64_	(8 CPU)

11:18:51 PM  CPU    %usr   %nice    %sys %iowait    %irq   %soft  %steal  %guest  %gnice   %idle
11:18:52 PM  all    0.00    0.00   17.09    0.00    0.25    6.41    0.00    0.00    0.00   76.26
11:18:52 PM    0    0.00    0.00   69.39    0.00    0.00   18.37    0.00    0.00    0.00   12.24
11:18:52 PM    1    0.00    0.00   70.10    0.00    0.00   18.56    0.00    0.00    0.00   11.34
11:18:52 PM    2    0.00    0.00    0.00    0.00    1.00    3.00    0.00    0.00    0.00   96.00
11:18:52 PM    3    0.00    0.00    0.00    0.00    0.99    7.92    0.00    0.00    0.00   91.09
11:18:52 PM    4    0.00    0.00    0.00    0.00    0.00    4.00    0.00    0.00    0.00   96.00
11:18:52 PM    5    0.00    0.00    0.00    0.00    0.00    0.00    0.00    0.00    0.00  100.00
11:18:52 PM    6    0.00    0.00    0.00    0.00    0.00    0.00    0.00    0.00    0.00  100.00
11:18:52 PM    7    0.00    0.00    0.00    0.00    0.00    0.00    0.00    0.00    0.00  100.00

11:18:52 PM  CPU    %usr   %nice    %sys %iowait    %irq   %soft  %steal  %guest  %gnice   %idle
11:18:53 PM  all    0.25    0.00   20.15    0.00    0.00    5.38    0.00    0.00    0.00   74.22
11:18:53 PM    0    1.01    0.00   80.81    0.00    0.00   18.18    0.00    0.00    0.00    0.00
11:18:53 PM    1    1.00    0.00   81.00    0.00    0.00   18.00    0.00    0.00    0.00    0.00
11:18:53 PM    2    0.00    0.00    0.00    0.00    0.00    1.01    0.00    0.00    0.00   98.99
11:18:53 PM    3    0.00    0.00    0.00    0.00    0.00    1.98    0.00    0.00    0.00   98.02
11:18:53 PM    4    0.00    0.00    0.00    0.00    0.00    4.00    0.00    0.00    0.00   96.00
11:18:53 PM    5    0.00    0.00    0.00    0.00    0.00    0.00    0.00    0.00    0.00  100.00
11:18:53 PM    6    0.00    0.00    0.00    0.00    0.00    0.00    0.00    0.00    0.00  100.00
11:18:53 PM    7    0.00    0.00    0.00    0.00    0.00    0.00    0.00    0.00    0.00  100.00

11:18:53 PM  CPU    %usr   %nice    %sys %iowait    %irq   %soft  %steal  %guest  %gnice   %idle
11:18:54 PM  all    0.00    0.00   20.20    0.00    0.50    5.36    0.00    0.00    0.00   73.94
11:18:54 PM    0    0.00    0.00   81.00    0.00    1.00   17.00    0.00    0.00    0.00    1.00
11:18:54 PM    1    0.00    0.00   81.00    0.00    0.00   18.00    0.00    0.00    0.00    1.00
11:18:54 PM    2    0.00    0.00    0.00    0.00    0.99    1.98    0.00    0.00    0.00   97.03
11:18:54 PM    3    0.00    0.00    0.00    0.00    1.01    2.02    0.00    0.00    0.00   96.97
11:18:54 PM    4    0.00    0.00    0.00    0.00    0.00    3.00    0.00    0.00    0.00   97.00
11:18:54 PM    5    0.00    0.00    0.00    0.00    0.00    0.00    0.00    0.00    0.00  100.00
11:18:54 PM    6    0.00    0.00    0.00    0.00    0.98    0.98    0.00    0.00    0.00   98.04
11:18:54 PM    7    0.00    0.00    0.00    0.00    0.00    0.00    0.00    0.00    0.00  100.00

11:18:54 PM  CPU    %usr   %nice    %sys %iowait    %irq   %soft  %steal  %guest  %gnice   %idle
11:18:55 PM  all    0.38    0.00   20.00    0.00    0.25    5.38    0.00    0.00    0.00   74.00
11:18:55 PM    0    2.00    0.00   79.00    0.00    0.00   17.00    0.00    0.00    0.00    2.00
11:18:55 PM    1    0.99    0.00   80.20    0.00    0.99   16.83    0.00    0.00    0.00    0.99
11:18:55 PM    2    0.00    0.00    0.00    0.00    0.00    2.02    0.00    0.00    0.00   97.98
11:18:55 PM    3    0.00    0.00    0.00    0.00    0.99    4.95    0.00    0.00    0.00   94.06
11:18:55 PM    4    0.00    0.00    0.00    0.00    0.00    2.02    0.00    0.00    0.00   97.98
11:18:55 PM    5    0.00    0.00    0.00    0.00    0.00    0.00    0.00    0.00    0.00  100.00
11:18:55 PM    6    0.00    0.00    0.00    0.00    0.00    0.00    0.00    0.00    0.00  100.00
11:18:55 PM    7    0.00    0.00    0.00    0.00    0.00    0.00    0.00    0.00    0.00  100.00

11:18:55 PM  CPU    %usr   %nice    %sys %iowait    %irq   %soft  %steal  %guest  %gnice   %idle
11:18:56 PM  all    0.25    0.00   20.25    0.00    0.12    4.88    0.00    0.00    0.00   74.50
11:18:56 PM    0    1.00    0.00   81.00    0.00    0.00   17.00    0.00    0.00    0.00    1.00
11:18:56 PM    1    1.01    0.00   81.82    0.00    0.00   17.17    0.00    0.00    0.00    0.00
11:18:56 PM    2    0.00    0.00    0.00    0.00    1.00    2.00    0.00    0.00    0.00   97.00
11:18:56 PM    3    0.00    0.00    0.00    0.00    0.00    2.00    0.00    0.00    0.00   98.00
11:18:56 PM    4    0.00    0.00    0.00    0.00    0.00    0.99    0.00    0.00    0.00   99.01
11:18:56 PM    5    0.00    0.00    0.00    0.00    0.00    0.00    0.00    0.00    0.00  100.00
11:18:56 PM    6    0.00    0.00    0.00    0.00    0.00    0.00    0.00    0.00    0.00  100.00
11:18:56 PM    7    0.00    0.00    0.00    0.00    0.00    0.00    0.00    0.00    0.00  100.00

11:18:56 PM  CPU    %usr   %nice    %sys %iowait    %irq   %soft  %steal  %guest  %gnice   %idle
11:18:57 PM  all    0.25    0.00   20.38    0.00    0.25    4.88    0.00    0.00    0.00   74.25
11:18:57 PM    0    1.00    0.00   81.00    0.00    1.00   17.00    0.00    0.00    0.00    0.00
11:18:57 PM    1    1.00    0.00   82.00    0.00    0.00   17.00    0.00    0.00    0.00    0.00
11:18:57 PM    2    0.00    0.00    0.00    0.00    0.00    3.00    0.00    0.00    0.00   97.00
11:18:57 PM    3    0.00    0.00    0.00    0.00    1.00    2.00    0.00    0.00    0.00   97.00
11:18:57 PM    4    0.00    0.00    0.00    0.00    0.00    0.00    0.00    0.00    0.00  100.00
11:18:57 PM    5    0.00    0.00    0.00    0.00    0.00    0.00    0.00    0.00    0.00  100.00
11:18:57 PM    6    0.00    0.00    0.00    0.00    0.00    0.00    0.00    0.00    0.00  100.00
11:18:57 PM    7    0.00    0.00    0.00    0.00    0.00    0.00    0.00    0.00    0.00  100.00

11:18:57 PM  CPU    %usr   %nice    %sys %iowait    %irq   %soft  %steal  %guest  %gnice   %idle
11:18:58 PM  all    0.25    0.00   20.25    0.00    0.25    5.00    0.00    0.00    0.00   74.25
11:18:58 PM    0    1.00    0.00   81.00    0.00    0.00   18.00    0.00    0.00    0.00    0.00
11:18:58 PM    1    1.00    0.00   81.00    0.00    1.00   17.00    0.00    0.00    0.00    0.00
11:18:58 PM    2    0.00    0.00    0.00    0.00    1.00    2.00    0.00    0.00    0.00   97.00
11:18:58 PM    3    0.00    0.00    0.00    0.00    0.00    3.00    0.00    0.00    0.00   97.00
11:18:58 PM    4    0.00    0.00    0.00    0.00    0.00    0.00    0.00    0.00    0.00  100.00
11:18:58 PM    5    0.00    0.00    0.00    0.00    0.00    0.00    0.00    0.00    0.00  100.00
11:18:58 PM    6    0.00    0.00    0.00    0.00    0.00    0.00    0.00    0.00    0.00  100.00
11:18:58 PM    7    0.00    0.00    0.00    0.00    0.00    0.00    0.00    0.00    0.00  100.00

11:18:58 PM  CPU    %usr   %nice    %sys %iowait    %irq   %soft  %steal  %guest  %gnice   %idle
11:18:59 PM  all    0.25    0.00   20.40    0.00    0.13    4.88    0.00    0.00    0.00   74.34
11:18:59 PM    0    1.00    0.00   81.00    0.00    0.00   17.00    0.00    0.00    0.00    1.00
11:18:59 PM    1    1.00    0.00   82.00    0.00    0.00   17.00    0.00    0.00    0.00    0.00
11:18:59 PM    2    0.00    0.00    0.00    0.00    0.00    2.02    0.00    0.00    0.00   97.98
11:18:59 PM    3    0.00    0.00    0.00    0.00    1.00    3.00    0.00    0.00    0.00   96.00
11:18:59 PM    4    0.00    0.00    0.00    0.00    0.00    0.00    0.00    0.00    0.00  100.00
11:18:59 PM    5    0.00    0.00    0.00    0.00    0.00    0.00    0.00    0.00    0.00  100.00
11:18:59 PM    6    0.00    0.00    0.00    0.00    0.00    0.00    0.00    0.00    0.00  100.00
11:18:59 PM    7    0.00    0.00    0.00    0.00    0.00    0.00    0.00    0.00    0.00  100.00

11:18:59 PM  CPU    %usr   %nice    %sys %iowait    %irq   %soft  %steal  %guest  %gnice   %idle
11:19:00 PM  all    0.12    0.00   20.42    0.00    0.25    4.73    0.00    0.00    0.00   74.47
11:19:00 PM    0    0.00    0.00   81.19    0.00    0.99   17.82    0.00    0.00    0.00    0.00
11:19:00 PM    1    1.00    0.00   82.00    0.00    0.00   17.00    0.00    0.00    0.00    0.00
11:19:00 PM    2    0.00    0.00    0.00    0.00    1.00    1.00    0.00    0.00    0.00   98.00
11:19:00 PM    3    0.00    0.00    0.00    0.00    0.00    2.00    0.00    0.00    0.00   98.00
11:19:00 PM    4    0.00    0.00    0.00    0.00    0.00    0.00    0.00    0.00    0.00  100.00
11:19:00 PM    5    0.00    0.00    0.00    0.00    0.00    0.00    0.00    0.00    0.00  100.00
11:19:00 PM    6    0.00    0.00    0.00    0.00    0.00    0.00    0.00    0.00    0.00  100.00
11:19:00 PM    7    0.00    0.00    0.00    0.00    0.00    0.00    0.00    0.00    0.00  100.00

11:19:00 PM  CPU    %usr   %nice    %sys %iowait    %irq   %soft  %steal  %guest  %gnice   %idle
11:19:01 PM  all    0.25    0.00   20.30    0.00    0.13    4.76    0.00    0.00    0.00   74.56
11:19:01 PM    0    2.02    0.00   80.81    0.00    0.00   17.17    0.00    0.00    0.00    0.00
11:19:01 PM    1    0.00    0.00   81.19    0.00    0.99   16.83    0.00    0.00    0.00    0.99
11:19:01 PM    2    0.00    0.00    0.00    0.00    0.00    2.02    0.00    0.00    0.00   97.98
11:19:01 PM    3    0.00    0.00    0.00    0.00    0.00    2.02    0.00    0.00    0.00   97.98
11:19:01 PM    4    0.00    0.00    0.00    0.00    0.00    0.00    0.00    0.00    0.00  100.00
11:19:01 PM    5    0.00    0.00    0.00    0.00    0.00    0.00    0.00    0.00    0.00  100.00
11:19:01 PM    6    0.00    0.00    0.00    0.00    0.00    0.00    0.00    0.00    0.00  100.00
11:19:01 PM    7    0.00    0.00    0.00    0.00    0.00    0.00    0.00    0.00    0.00  100.00

11:19:01 PM  CPU    %usr   %nice    %sys %iowait    %irq   %soft  %steal  %guest  %gnice   %idle
11:19:02 PM  all    0.25    0.00   20.45    0.00    0.25    4.74    0.00    0.00    0.00   74.31
11:19:02 PM    0    1.00    0.00   82.00    0.00    0.00   17.00    0.00    0.00    0.00    0.00
11:19:02 PM    1    1.00    0.00   82.00    0.00    0.00   17.00    0.00    0.00    0.00    0.00
11:19:02 PM    2    0.00    0.00    0.00    0.00    0.99    2.97    0.00    0.00    0.00   96.04
11:19:02 PM    3    0.00    0.00    0.00    0.00    0.99    0.99    0.00    0.00    0.00   98.02
11:19:02 PM    4    0.00    0.00    0.00    0.00    0.00    0.00    0.00    0.00    0.00  100.00
11:19:02 PM    5    0.00    0.00    0.00    0.00    0.00    0.00    0.00    0.00    0.00  100.00
11:19:02 PM    6    0.00    0.00    0.00    0.00    0.00    0.00    0.00    0.00    0.00  100.00
11:19:02 PM    7    0.00    0.00    0.00    0.00    0.00    0.00    0.00    0.00    0.00  100.00

11:19:02 PM  CPU    %usr   %nice    %sys %iowait    %irq   %soft  %steal  %guest  %gnice   %idle
11:19:03 PM  all    0.13    0.00   20.53    0.00    0.13    4.88    0.00    0.00    0.00   74.34
11:19:03 PM    0    1.00    0.00   82.00    0.00    0.00   17.00    0.00    0.00    0.00    0.00
11:19:03 PM    1    0.00    0.00   82.00    0.00    0.00   18.00    0.00    0.00    0.00    0.00
11:19:03 PM    2    0.00    0.00    0.00    0.00    1.01    3.03    0.00    0.00    0.00   95.96
11:19:03 PM    3    0.00    0.00    0.00    0.00    0.00    1.00    0.00    0.00    0.00   99.00
11:19:03 PM    4    0.00    0.00    0.00    0.00    0.00    0.00    0.00    0.00    0.00  100.00
11:19:03 PM    5    0.00    0.00    0.00    0.00    0.00    0.00    0.00    0.00    0.00  100.00
11:19:03 PM    6    0.00    0.00    0.00    0.00    0.00    0.00    0.00    0.00    0.00  100.00
11:19:03 PM    7    0.00    0.00    0.00    0.00    0.00    0.00    0.00    0.00    0.00  100.00

11:19:03 PM  CPU    %usr   %nice    %sys %iowait    %irq   %soft  %steal  %guest  %gnice   %idle
11:19:04 PM  all    0.12    0.00   20.47    0.00    0.37    4.87    0.00    0.00    0.00   74.16
11:19:04 PM    0    0.00    0.00   82.00    0.00    1.00   17.00    0.00    0.00    0.00    0.00
11:19:04 PM    1    1.00    0.00   82.00    0.00    0.00   17.00    0.00    0.00    0.00    0.00
11:19:04 PM    2    0.00    0.00    0.00    0.00    0.99    1.98    0.00    0.00    0.00   97.03
11:19:04 PM    3    0.00    0.00    0.00    0.00    1.00    3.00    0.00    0.00    0.00   96.00
11:19:04 PM    4    0.00    0.00    0.00    0.00    0.00    0.00    0.00    0.00    0.00  100.00
11:19:04 PM    5    0.00    0.00    0.00    0.00    0.00    0.00    0.00    0.00    0.00  100.00
11:19:04 PM    6    0.00    0.00    0.00    0.00    0.00    0.00    0.00    0.00    0.00  100.00
11:19:04 PM    7    0.00    0.00    0.00    0.00    0.00    0.00    0.00    0.00    0.00  100.00

11:19:04 PM  CPU    %usr   %nice    %sys %iowait    %irq   %soft  %steal  %guest  %gnice   %idle
11:19:05 PM  all    0.13    0.00   19.15    0.00    0.25    5.76    0.00    0.00    0.00   74.72
11:19:05 PM    0    1.00    0.00   76.00    0.00    0.00   18.00    0.00    0.00    0.00    5.00
11:19:05 PM    1    0.00    0.00   77.78    0.00    1.01   17.17    0.00    0.00    0.00    4.04
11:19:05 PM    2    0.00    0.00    0.00    0.00    0.00    2.02    0.00    0.00    0.00   97.98
11:19:05 PM    3    0.00    0.00    0.00    0.00    0.99    5.94    0.00    0.00    0.00   93.07
11:19:05 PM    4    0.00    0.00    0.00    0.00    0.00    3.00    0.00    0.00    0.00   97.00
11:19:05 PM    5    0.00    0.00    0.00    0.00    0.00    0.00    0.00    0.00    0.00  100.00
11:19:05 PM    6    0.00    0.00    0.00    0.00    0.00    0.00    0.00    0.00    0.00  100.00
11:19:05 PM    7    0.00    0.00    0.00    0.00    0.00    0.00    0.00    0.00    0.00  100.00

11:19:05 PM  CPU    %usr   %nice    %sys %iowait    %irq   %soft  %steal  %guest  %gnice   %idle
11:19:06 PM  all    0.25    0.00   18.65    0.00    0.25    6.13    0.00    0.00    0.00   74.72
11:19:06 PM    0    0.99    0.00   73.27    0.00    0.00   18.81    0.00    0.00    0.00    6.93
11:19:06 PM    1    1.00    0.00   75.00    0.00    0.00   17.00    0.00    0.00    0.00    7.00
11:19:06 PM    2    0.00    0.00    0.00    0.00    1.01    2.02    0.00    0.00    0.00   96.97
11:19:06 PM    3    0.00    0.00    0.00    0.00    1.01    6.06    0.00    0.00    0.00   92.93
11:19:06 PM    4    0.00    0.00    0.00    0.00    0.00    5.00    0.00    0.00    0.00   95.00
11:19:06 PM    5    0.00    0.00    0.00    0.00    0.00    0.00    0.00    0.00    0.00  100.00
11:19:06 PM    6    0.00    0.00    0.00    0.00    0.00    0.00    0.00    0.00    0.00  100.00
11:19:06 PM    7    0.00    0.00    0.00    0.00    0.00    0.00    0.00    0.00    0.00  100.00

11:19:06 PM  CPU    %usr   %nice    %sys %iowait    %irq   %soft  %steal  %guest  %gnice   %idle
11:19:07 PM  all    0.00    0.00   19.38    0.00    0.25    5.62    0.00    0.00    0.00   74.75
11:19:07 PM    0    0.00    0.00   77.00    0.00    1.00   18.00    0.00    0.00    0.00    4.00
11:19:07 PM    1    0.00    0.00   78.79    0.00    0.00   17.17    0.00    0.00    0.00    4.04
11:19:07 PM    2    0.00    0.00    0.00    0.00    0.99    2.97    0.00    0.00    0.00   96.04
11:19:07 PM    3    0.00    0.00    0.00    0.00    0.00    5.00    0.00    0.00    0.00   95.00
11:19:07 PM    4    0.00    0.00    0.00    0.00    0.00    2.00    0.00    0.00    0.00   98.00
11:19:07 PM    5    0.00    0.00    0.00    0.00    0.00    0.00    0.00    0.00    0.00  100.00
11:19:07 PM    6    0.00    0.00    0.00    0.00    0.00    0.00    0.00    0.00    0.00  100.00
11:19:07 PM    7    0.00    0.00    0.00    0.00    0.00    0.00    0.00    0.00    0.00  100.00

11:19:07 PM  CPU    %usr   %nice    %sys %iowait    %irq   %soft  %steal  %guest  %gnice   %idle
11:19:08 PM  all    0.25    0.00   18.83    0.00    0.50    5.99    0.00    0.00    0.00   74.44
11:19:08 PM    0    0.99    0.00   73.27    0.00    0.00   17.82    0.00    0.00    0.00    7.92
11:19:08 PM    1    0.98    0.00   75.49    0.00    0.98   17.65    0.00    0.00    0.00    4.90
11:19:08 PM    2    0.00    0.00    0.00    0.00    1.02    2.04    0.00    0.00    0.00   96.94
11:19:08 PM    3    0.00    0.00    0.00    0.00    1.00    5.00    0.00    0.00    0.00   94.00
11:19:08 PM    4    0.00    0.00    0.00    0.00    0.99    4.95    0.00    0.00    0.00   94.06
11:19:08 PM    5    0.00    0.00    0.00    0.00    0.00    0.00    0.00    0.00    0.00  100.00
11:19:08 PM    6    0.00    0.00    0.00    0.00    0.00    0.00    0.00    0.00    0.00  100.00
11:19:08 PM    7    0.00    0.00    0.00    0.00    0.00    0.00    0.00    0.00    0.00  100.00

11:19:08 PM  CPU    %usr   %nice    %sys %iowait    %irq   %soft  %steal  %guest  %gnice   %idle
11:19:09 PM  all    0.12    0.00   19.12    0.00    0.25    6.00    0.00    0.00    0.00   74.50
11:19:09 PM    0    0.00    0.00   75.76    0.00    0.00   18.18    0.00    0.00    0.00    6.06
11:19:09 PM    1    0.99    0.00   77.23    0.00    0.00   17.82    0.00    0.00    0.00    3.96
11:19:09 PM    2    0.00    0.00    0.00    0.00    1.00    3.00    0.00    0.00    0.00   96.00
11:19:09 PM    3    0.00    0.00    0.00    0.00    1.00    5.00    0.00    0.00    0.00   94.00
11:19:09 PM    4    0.00    0.00    0.00    0.00    0.00    4.00    0.00    0.00    0.00   96.00
11:19:09 PM    5    0.00    0.00    0.00    0.00    0.00    0.00    0.00    0.00    0.00  100.00
11:19:09 PM    6    0.00    0.00    0.00    0.00    0.00    0.00    0.00    0.00    0.00  100.00
11:19:09 PM    7    0.00    0.00    0.00    0.00    0.00    0.00    0.00    0.00    0.00  100.00

11:19:09 PM  CPU    %usr   %nice    %sys %iowait    %irq   %soft  %steal  %guest  %gnice   %idle
11:19:10 PM  all    0.25    0.00   19.23    0.00    0.25    5.87    0.00    0.00    0.00   74.41
11:19:10 PM    0    1.00    0.00   76.00    0.00    1.00   18.00    0.00    0.00    0.00    4.00
11:19:10 PM    1    1.00    0.00   77.00    0.00    0.00   18.00    0.00    0.00    0.00    4.00
11:19:10 PM    2    0.00    0.00    0.99    0.00    0.00    2.97    0.00    0.00    0.00   96.04
11:19:10 PM    3    0.00    0.00    0.00    0.00    1.00    5.00    0.00    0.00    0.00   94.00
11:19:10 PM    4    0.00    0.00    0.00    0.00    0.00    3.00    0.00    0.00    0.00   97.00
11:19:10 PM    5    0.00    0.00    0.00    0.00    0.00    0.00    0.00    0.00    0.00  100.00
11:19:10 PM    6    0.00    0.00    0.00    0.00    0.00    0.00    0.00    0.00    0.00  100.00
11:19:10 PM    7    0.00    0.00    0.00    0.00    0.00    0.00    0.00    0.00    0.00  100.00

11:19:10 PM  CPU    %usr   %nice    %sys %iowait    %irq   %soft  %steal  %guest  %gnice   %idle
11:19:11 PM  all    0.25    0.00   18.80    0.00    0.25    6.02    0.00    0.00    0.00   74.69
11:19:11 PM    0    1.01    0.00   74.75    0.00    0.00   19.19    0.00    0.00    0.00    5.05
11:19:11 PM    1    0.99    0.00   75.25    0.00    0.99   17.82    0.00    0.00    0.00    4.95
11:19:11 PM    2    0.00    0.00    0.00    0.00    1.00    2.00    0.00    0.00    0.00   97.00
11:19:11 PM    3    0.00    0.00    0.00    0.00    0.00    5.05    0.00    0.00    0.00   94.95
11:19:11 PM    4    0.00    0.00    0.00    0.00    0.00    4.00    0.00    0.00    0.00   96.00
11:19:11 PM    5    0.00    0.00    0.00    0.00    0.00    0.00    0.00    0.00    0.00  100.00
11:19:11 PM    6    0.00    0.00    0.00    0.00    0.00    0.00    0.00    0.00    0.00  100.00
11:19:11 PM    7    0.00    0.00    0.00    0.00    0.00    0.00    0.00    0.00    0.00  100.00

11:19:11 PM  CPU    %usr   %nice    %sys %iowait    %irq   %soft  %steal  %guest  %gnice   %idle
11:19:12 PM  all    0.37    0.00   19.30    0.00    0.25    5.73    0.00    0.00    0.00   74.35
11:19:12 PM    0    1.98    0.00   76.24    0.00    0.00   17.82    0.00    0.00    0.00    3.96
11:19:12 PM    1    1.00    0.00   78.00    0.00    0.00   18.00    0.00    0.00    0.00    3.00
11:19:12 PM    2    0.00    0.00    0.00    0.00    1.01    2.02    0.00    0.00    0.00   96.97
11:19:12 PM    3    0.00    0.00    0.00    0.00    0.99    4.95    0.00    0.00    0.00   94.06
11:19:12 PM    4    0.00    0.00    0.00    0.00    0.00    2.00    0.00    0.00    0.00   98.00
11:19:12 PM    5    0.00    0.00    0.00    0.00    0.00    0.98    0.00    0.00    0.00   99.02
11:19:12 PM    6    0.00    0.00    0.00    0.00    0.00    0.00    0.00    0.00    0.00  100.00
11:19:12 PM    7    0.00    0.00    0.00    0.00    0.00    0.00    0.00    0.00    0.00  100.00

11:19:12 PM  CPU    %usr   %nice    %sys %iowait    %irq   %soft  %steal  %guest  %gnice   %idle
11:19:13 PM  all    0.13    0.00   20.40    0.00    0.25    4.76    0.00    0.00    0.00   74.47
11:19:13 PM    0    0.00    0.00   81.82    0.00    1.01   17.17    0.00    0.00    0.00    0.00
11:19:13 PM    1    1.00    0.00   82.00    0.00    0.00   17.00    0.00    0.00    0.00    0.00
11:19:13 PM    2    0.00    0.00    0.00    0.00    0.00    2.02    0.00    0.00    0.00   97.98
11:19:13 PM    3    0.00    0.00    0.00    0.00    0.99    1.98    0.00    0.00    0.00   97.03
11:19:13 PM    4    0.00    0.00    0.00    0.00    0.00    0.00    0.00    0.00    0.00  100.00
11:19:13 PM    5    0.00    0.00    0.00    0.00    0.00    0.00    0.00    0.00    0.00  100.00
11:19:13 PM    6    0.00    0.00    0.00    0.00    0.00    0.00    0.00    0.00    0.00  100.00
11:19:13 PM    7    0.00    0.00    0.00    0.00    0.00    0.00    0.00    0.00    0.00  100.00

11:19:13 PM  CPU    %usr   %nice    %sys %iowait    %irq   %soft  %steal  %guest  %gnice   %idle
11:19:14 PM  all    0.12    0.00   20.47    0.00    0.25    4.62    0.00    0.00    0.00   74.53
11:19:14 PM    0    1.00    0.00   82.00    0.00    0.00   17.00    0.00    0.00    0.00    0.00
11:19:14 PM    1    0.00    0.00   82.00    0.00    1.00   17.00    0.00    0.00    0.00    0.00
11:19:14 PM    2    0.00    0.00    0.00    0.00    0.99    1.98    0.00    0.00    0.00   97.03
11:19:14 PM    3    0.00    0.00    0.00    0.00    0.00    1.01    0.00    0.00    0.00   98.99
11:19:14 PM    4    0.00    0.00    0.00    0.00    0.00    0.00    0.00    0.00    0.00  100.00
11:19:14 PM    5    0.00    0.00    0.00    0.00    0.00    0.00    0.00    0.00    0.00  100.00
11:19:14 PM    6    0.00    0.00    0.00    0.00    0.00    0.00    0.00    0.00    0.00  100.00
11:19:14 PM    7    0.00    0.00    0.00    0.00    0.00    0.00    0.00    0.00    0.00  100.00

11:19:14 PM  CPU    %usr   %nice    %sys %iowait    %irq   %soft  %steal  %guest  %gnice   %idle
11:19:15 PM  all    0.25    0.00   20.50    0.00    0.00    5.12    0.00    0.00    0.00   74.12
11:19:15 PM    0    0.99    0.00   81.19    0.00    0.00   17.82    0.00    0.00    0.00    0.00
11:19:15 PM    1    1.00    0.00   82.00    0.00    0.00   17.00    0.00    0.00    0.00    0.00
11:19:15 PM    2    0.00    0.00    0.00    0.00    0.00    3.03    0.00    0.00    0.00   96.97
11:19:15 PM    3    0.00    0.00    0.00    0.00    0.00    3.00    0.00    0.00    0.00   97.00
11:19:15 PM    4    0.00    0.00    0.00    0.00    0.00    0.00    0.00    0.00    0.00  100.00
11:19:15 PM    5    0.00    0.00    0.00    0.00    0.00    0.00    0.00    0.00    0.00  100.00
11:19:15 PM    6    0.00    0.00    0.00    0.00    0.00    0.00    0.00    0.00    0.00  100.00
11:19:15 PM    7    0.00    0.00    0.00    0.00    0.00    0.00    0.00    0.00    0.00  100.00

11:19:15 PM  CPU    %usr   %nice    %sys %iowait    %irq   %soft  %steal  %guest  %gnice   %idle
11:19:16 PM  all    0.12    0.00   20.45    0.00    0.37    4.74    0.00    0.00    0.00   74.31
11:19:16 PM    0    0.00    0.00   82.00    0.00    1.00   17.00    0.00    0.00    0.00    0.00
11:19:16 PM    1    1.00    0.00   82.00    0.00    0.00   17.00    0.00    0.00    0.00    0.00
11:19:16 PM    2    0.00    0.00    0.00    0.00    0.99    1.98    0.00    0.00    0.00   97.03
11:19:16 PM    3    0.00    0.00    0.00    0.00    0.99    1.98    0.00    0.00    0.00   97.03
11:19:16 PM    4    0.00    0.00    0.00    0.00    0.00    0.00    0.00    0.00    0.00  100.00
11:19:16 PM    5    0.00    0.00    0.00    0.00    0.00    0.00    0.00    0.00    0.00  100.00
11:19:16 PM    6    0.00    0.00    0.00    0.00    0.00    0.00    0.00    0.00    0.00  100.00
11:19:16 PM    7    0.00    0.00    0.00    0.00    0.00    0.00    0.00    0.00    0.00  100.00

11:19:16 PM  CPU    %usr   %nice    %sys %iowait    %irq   %soft  %steal  %guest  %gnice   %idle
11:19:17 PM  all    0.38    0.00   20.12    0.00    0.12    4.88    0.00    0.00    0.00   74.50
11:19:17 PM    0    0.99    0.00   80.20    0.00    0.00   17.82    0.00    0.00    0.00    0.99
11:19:17 PM    1    2.00    0.00   80.00    0.00    1.00   17.00    0.00    0.00    0.00    0.00
11:19:17 PM    2    0.00    0.00    0.00    0.00    0.00    1.01    0.00    0.00    0.00   98.99
11:19:17 PM    3    0.00    0.00    0.00    0.00    0.00    2.02    0.00    0.00    0.00   97.98
11:19:17 PM    4    0.00    0.00    0.00    0.00    0.00    0.99    0.00    0.00    0.00   99.01
11:19:17 PM    5    0.00    0.00    0.00    0.00    0.00    0.00    0.00    0.00    0.00  100.00
11:19:17 PM    6    0.00    0.00    0.00    0.00    0.00    0.00    0.00    0.00    0.00  100.00
11:19:17 PM    7    0.00    0.00    0.00    0.00    0.00    0.00    0.00    0.00    0.00  100.00

11:19:17 PM  CPU    %usr   %nice    %sys %iowait    %irq   %soft  %steal  %guest  %gnice   %idle
11:19:18 PM  all    0.13    0.00   20.40    0.00    0.25    4.76    0.00    0.00    0.00   74.47
11:19:18 PM    0    0.00    0.00   82.83    0.00    0.00   17.17    0.00    0.00    0.00    0.00
11:19:18 PM    1    1.01    0.00   81.82    0.00    0.00   17.17    0.00    0.00    0.00    0.00
11:19:18 PM    2    0.00    0.00    0.00    0.00    1.00    2.00    0.00    0.00    0.00   97.00
11:19:18 PM    3    0.00    0.00    0.00    0.00    1.00    2.00    0.00    0.00    0.00   97.00
11:19:18 PM    4    0.00    0.00    0.00    0.00    0.00    0.00    0.00    0.00    0.00  100.00
11:19:18 PM    5    0.00    0.00    0.00    0.00    0.00    0.00    0.00    0.00    0.00  100.00
11:19:18 PM    6    0.00    0.00    0.00    0.00    0.00    0.00    0.00    0.00    0.00  100.00
11:19:18 PM    7    0.00    0.00    0.00    0.00    0.00    0.00    0.00    0.00    0.00  100.00

11:19:18 PM  CPU    %usr   %nice    %sys %iowait    %irq   %soft  %steal  %guest  %gnice   %idle
11:19:19 PM  all    0.25    0.00   20.42    0.00    0.25    4.73    0.00    0.00    0.00   74.35
11:19:19 PM    0    0.99    0.00   81.19    0.00    0.99   16.83    0.00    0.00    0.00    0.00
11:19:19 PM    1    0.99    0.00   81.19    0.00    0.00   17.82    0.00    0.00    0.00    0.00
11:19:19 PM    2    0.00    0.00    0.00    0.00    0.00    2.00    0.00    0.00    0.00   98.00
11:19:19 PM    3    0.00    0.00    0.00    0.00    0.99    0.99    0.00    0.00    0.00   98.02
11:19:19 PM    4    0.00    0.00    0.00    0.00    0.00    0.00    0.00    0.00    0.00  100.00
11:19:19 PM    5    0.00    0.00    0.00    0.00    0.00    0.00    0.00    0.00    0.00  100.00
11:19:19 PM    6    0.00    0.00    0.00    0.00    0.00    0.00    0.00    0.00    0.00  100.00
11:19:19 PM    7    0.00    0.00    0.00    0.00    0.00    0.00    0.00    0.00    0.00  100.00

11:19:19 PM  CPU    %usr   %nice    %sys %iowait    %irq   %soft  %steal  %guest  %gnice   %idle
11:19:20 PM  all    0.13    0.00   20.53    0.00    0.13    4.76    0.00    0.00    0.00   74.47
11:19:20 PM    0    1.00    0.00   82.00    0.00    0.00   17.00    0.00    0.00    0.00    0.00
11:19:20 PM    1    0.00    0.00   82.00    0.00    0.00   17.00    0.00    0.00    0.00    1.00
11:19:20 PM    2    0.00    0.00    0.00    0.00    1.00    3.00    0.00    0.00    0.00   96.00
11:19:20 PM    3    0.00    0.00    0.00    0.00    0.00    1.01    0.00    0.00    0.00   98.99
11:19:20 PM    4    0.00    0.00    0.00    0.00    0.00    0.00    0.00    0.00    0.00  100.00
11:19:20 PM    5    0.00    0.00    0.00    0.00    0.00    0.00    0.00    0.00    0.00  100.00
11:19:20 PM    6    0.00    0.00    0.00    0.00    0.00    0.00    0.00    0.00    0.00  100.00
11:19:20 PM    7    0.00    0.00    0.00    0.00    0.00    0.00    0.00    0.00    0.00  100.00

11:19:20 PM  CPU    %usr   %nice    %sys %iowait    %irq   %soft  %steal  %guest  %gnice   %idle
11:19:21 PM  all    0.25    0.00   20.25    0.00    0.38    4.88    0.00    0.00    0.00   74.25
11:19:21 PM    0    1.01    0.00   81.82    0.00    0.00   17.17    0.00    0.00    0.00    0.00
11:19:21 PM    1    1.00    0.00   81.00    0.00    1.00   17.00    0.00    0.00    0.00    0.00
11:19:21 PM    2    0.00    0.00    0.00    0.00    1.00    3.00    0.00    0.00    0.00   96.00
11:19:21 PM    3    0.00    0.00    0.00    0.00    0.99    1.98    0.00    0.00    0.00   97.03
11:19:21 PM    4    0.00    0.00    0.00    0.00    0.00    0.00    0.00    0.00    0.00  100.00
11:19:21 PM    5    0.00    0.00    0.00    0.00    0.00    0.00    0.00    0.00    0.00  100.00
11:19:21 PM    6    0.00    0.00    0.00    0.00    0.00    0.00    0.00    0.00    0.00  100.00
11:19:21 PM    7    0.00    0.00    0.00    0.00    0.00    0.00    0.00    0.00    0.00  100.00

11:19:21 PM  CPU    %usr   %nice    %sys %iowait    %irq   %soft  %steal  %guest  %gnice   %idle
11:19:22 PM  all    0.13    0.00   20.53    0.00    0.13    4.88    0.00    0.00    0.00   74.34
11:19:22 PM    0    0.00    0.00   81.19    0.00    0.00   17.82    0.00    0.00    0.00    0.99
11:19:22 PM    1    1.00    0.00   82.00    0.00    0.00   17.00    0.00    0.00    0.00    0.00
11:19:22 PM    2    0.00    0.00    0.00    0.00    1.01    2.02    0.00    0.00    0.00   96.97
11:19:22 PM    3    0.00    0.00    0.00    0.00    0.00    2.02    0.00    0.00    0.00   97.98
11:19:22 PM    4    0.00    0.00    0.00    0.00    0.00    0.00    0.00    0.00    0.00  100.00
11:19:22 PM    5    0.00    0.00    0.00    0.00    0.00    0.00    0.00    0.00    0.00  100.00
11:19:22 PM    6    0.00    0.00    0.00    0.00    0.00    0.00    0.00    0.00    0.00  100.00
11:19:22 PM    7    0.00    0.00    0.00    0.00    0.00    0.00    0.00    0.00    0.00  100.00

11:19:22 PM  CPU    %usr   %nice    %sys %iowait    %irq   %soft  %steal  %guest  %gnice   %idle
11:19:23 PM  all    0.25    0.00   20.35    0.00    0.37    5.12    0.00    0.00    0.00   73.91
11:19:23 PM    0    1.00    0.00   81.00    0.00    1.00   17.00    0.00    0.00    0.00    0.00
11:19:23 PM    1    1.00    0.00   82.00    0.00    0.00   17.00    0.00    0.00    0.00    0.00
11:19:23 PM    2    0.00    0.00    0.00    0.00    1.00    3.00    0.00    0.00    0.00   96.00
11:19:23 PM    3    0.00    0.00    0.00    0.00    1.00    3.00    0.00    0.00    0.00   96.00
11:19:23 PM    4    0.00    0.00    0.00    0.00    0.00    1.00    0.00    0.00    0.00   99.00
11:19:23 PM    5    0.00    0.00    0.00    0.00    0.00    0.00    0.00    0.00    0.00  100.00
11:19:23 PM    6    0.00    0.00    0.00    0.00    0.00    0.00    0.00    0.00    0.00  100.00
11:19:23 PM    7    0.00    0.00    0.00    0.00    0.00    0.00    0.00    0.00    0.00  100.00

11:19:23 PM  CPU    %usr   %nice    %sys %iowait    %irq   %soft  %steal  %guest  %gnice   %idle
11:19:24 PM  all    0.37    0.00   20.22    0.00    0.12    4.87    0.00    0.00    0.00   74.41
11:19:24 PM    0    1.00    0.00   81.00    0.00    0.00   18.00    0.00    0.00    0.00    0.00
11:19:24 PM    1    1.98    0.00   80.20    0.00    0.99   16.83    0.00    0.00    0.00    0.00
11:19:24 PM    2    0.00    0.00    0.00    0.00    0.00    2.00    0.00    0.00    0.00   98.00
11:19:24 PM    3    0.00    0.00    0.00    0.00    0.00    2.00    0.00    0.00    0.00   98.00
11:19:24 PM    4    0.00    0.00    0.00    0.00    0.00    0.00    0.00    0.00    0.00  100.00
11:19:24 PM    5    0.00    0.00    0.00    0.00    0.00    0.00    0.00    0.00    0.00  100.00
11:19:24 PM    6    0.00    0.00    0.00    0.00    0.00    0.00    0.00    0.00    0.00  100.00
11:19:24 PM    7    0.00    0.00    0.00    0.00    0.00    0.00    0.00    0.00    0.00  100.00

11:19:24 PM  CPU    %usr   %nice    %sys %iowait    %irq   %soft  %steal  %guest  %gnice   %idle
11:19:25 PM  all    0.00    0.00   20.28    0.13    0.25    4.88    0.00    0.00    0.00   74.47
11:19:25 PM    0    0.00    0.00   81.82    1.01    0.00   17.17    0.00    0.00    0.00    0.00
11:19:25 PM    1    0.00    0.00   81.82    0.00    0.00   17.17    0.00    0.00    0.00    1.01
11:19:25 PM    2    0.00    0.00    0.00    0.00    1.00    2.00    0.00    0.00    0.00   97.00
11:19:25 PM    3    0.00    0.00    0.00    0.00    0.99    2.97    0.00    0.00    0.00   96.04
11:19:25 PM    4    0.00    0.00    0.00    0.00    0.00    0.00    0.00    0.00    0.00  100.00
11:19:25 PM    5    0.00    0.00    0.00    0.00    0.00    0.00    0.00    0.00    0.00  100.00
11:19:25 PM    6    0.00    0.00    0.00    0.00    0.00    0.00    0.00    0.00    0.00  100.00
11:19:25 PM    7    0.00    0.00    0.00    0.00    0.00    0.00    0.00    0.00    0.00  100.00

11:19:25 PM  CPU    %usr   %nice    %sys %iowait    %irq   %soft  %steal  %guest  %gnice   %idle
11:19:26 PM  all    0.25    0.00   20.25    0.00    0.12    5.00    0.00    0.00    0.00   74.38
11:19:26 PM    0    0.99    0.00   79.21    0.00    0.99   17.82    0.00    0.00    0.00    0.99
11:19:26 PM    1    1.00    0.00   82.00    0.00    0.00   17.00    0.00    0.00    0.00    0.00
11:19:26 PM    2    0.00    0.00    0.00    0.00    0.00    2.02    0.00    0.00    0.00   97.98
11:19:26 PM    3    0.00    0.00    0.00    0.00    0.00    3.00    0.00    0.00    0.00   97.00
11:19:26 PM    4    0.00    0.00    0.00    0.00    0.00    0.00    0.00    0.00    0.00  100.00
11:19:26 PM    5    0.00    0.00    0.00    0.00    0.00    0.00    0.00    0.00    0.00  100.00
11:19:26 PM    6    0.00    0.00    0.00    0.00    0.00    0.00    0.00    0.00    0.00  100.00
11:19:26 PM    7    0.00    0.00    0.00    0.00    0.00    0.00    0.00    0.00    0.00  100.00

11:19:26 PM  CPU    %usr   %nice    %sys %iowait    %irq   %soft  %steal  %guest  %gnice   %idle
11:19:27 PM  all    0.25    0.00   18.90    0.00    0.38    6.13    0.00    0.00    0.00   74.34
11:19:27 PM    0    1.02    0.00   76.53    0.00    0.00   19.39    0.00    0.00    0.00    3.06
11:19:27 PM    1    0.99    0.00   75.25    0.00    0.99   18.81    0.00    0.00    0.00    3.96
11:19:27 PM    2    0.00    0.00    0.00    0.00    1.01    2.02    0.00    0.00    0.00   96.97
11:19:27 PM    3    0.00    0.00    0.00    0.00    1.00    5.00    0.00    0.00    0.00   94.00
11:19:27 PM    4    0.00    0.00    0.00    0.00    0.00    3.96    0.00    0.00    0.00   96.04
11:19:27 PM    5    0.00    0.00    0.00    0.00    0.00    0.00    0.00    0.00    0.00  100.00
11:19:27 PM    6    0.00    0.00    0.00    0.00    0.00    0.00    0.00    0.00    0.00  100.00
11:19:27 PM    7    0.00    0.00    0.00    0.00    0.00    0.00    0.00    0.00    0.00  100.00

11:19:27 PM  CPU    %usr   %nice    %sys %iowait    %irq   %soft  %steal  %guest  %gnice   %idle
11:19:28 PM  all    0.13    0.00   18.95    0.00    0.25    5.90    0.00    0.00    0.00   74.78
11:19:28 PM    0    0.00    0.00   76.77    0.00    0.00   19.19    0.00    0.00    0.00    4.04
11:19:28 PM    1    1.02    0.00   76.53    0.00    0.00   18.37    0.00    0.00    0.00    4.08
11:19:28 PM    2    0.00    0.00    0.00    0.00    0.99    2.97    0.00    0.00    0.00   96.04
11:19:28 PM    3    0.00    0.00    0.00    0.00    1.00    4.00    0.00    0.00    0.00   95.00
11:19:28 PM    4    0.00    0.00    0.00    0.00    0.00    3.03    0.00    0.00    0.00   96.97
11:19:28 PM    5    0.00    0.00    0.00    0.00    0.00    0.00    0.00    0.00    0.00  100.00
11:19:28 PM    6    0.00    0.00    0.00    0.00    0.00    0.00    0.00    0.00    0.00  100.00
11:19:28 PM    7    0.00    0.00    0.00    0.00    0.00    0.00    0.00    0.00    0.00  100.00

11:19:28 PM  CPU    %usr   %nice    %sys %iowait    %irq   %soft  %steal  %guest  %gnice   %idle
11:19:29 PM  all    0.25    0.00   19.22    0.00    0.13    5.78    0.00    0.00    0.00   74.62
11:19:29 PM    0    1.00    0.00   76.00    0.00    1.00   19.00    0.00    0.00    0.00    3.00
11:19:29 PM    1    1.02    0.00   78.57    0.00    0.00   18.37    0.00    0.00    0.00    2.04
11:19:29 PM    2    0.00    0.00    0.00    0.00    0.00    2.04    0.00    0.00    0.00   97.96
11:19:29 PM    3    0.00    0.00    0.00    0.00    0.00    5.00    0.00    0.00    0.00   95.00
11:19:29 PM    4    0.00    0.00    0.00    0.00    0.00    2.00    0.00    0.00    0.00   98.00
11:19:29 PM    5    0.00    0.00    0.00    0.00    0.00    0.00    0.00    0.00    0.00  100.00
11:19:29 PM    6    0.00    0.00    0.00    0.00    0.00    0.00    0.00    0.00    0.00  100.00
11:19:29 PM    7    0.00    0.00    0.00    0.00    0.00    0.00    0.00    0.00    0.00  100.00

11:19:29 PM  CPU    %usr   %nice    %sys %iowait    %irq   %soft  %steal  %guest  %gnice   %idle
11:19:30 PM  all    0.25    0.00   19.33    0.00    0.37    5.86    0.00    0.00    0.00   74.19
11:19:30 PM    0    1.01    0.00   77.78    0.00    0.00   20.20    0.00    0.00    0.00    1.01
11:19:30 PM    1    1.00    0.00   78.00    0.00    1.00   18.00    0.00    0.00    0.00    2.00
11:19:30 PM    2    0.00    0.00    0.00    0.00    0.99    2.97    0.00    0.00    0.00   96.04
11:19:30 PM    3    0.00    0.00    0.00    0.00    1.00    4.00    0.00    0.00    0.00   95.00
11:19:30 PM    4    0.00    0.00    0.00    0.00    0.00    1.98    0.00    0.00    0.00   98.02
11:19:30 PM    5    0.00    0.00    0.00    0.00    0.00    0.00    0.00    0.00    0.00  100.00
11:19:30 PM    6    0.00    0.00    0.00    0.00    0.00    0.00    0.00    0.00    0.00  100.00
11:19:30 PM    7    0.00    0.00    0.00    0.00    0.00    0.00    0.00    0.00    0.00  100.00

11:19:30 PM  CPU    %usr   %nice    %sys %iowait    %irq   %soft  %steal  %guest  %gnice   %idle
11:19:31 PM  all    0.12    0.00   19.60    0.00    0.50    5.74    0.00    0.00    0.00   74.03
11:19:31 PM    0    0.00    0.00   78.79    0.00    0.00   19.19    0.00    0.00    0.00    2.02
11:19:31 PM    1    1.00    0.00   78.00    0.00    0.00   19.00    0.00    0.00    0.00    2.00
11:19:31 PM    2    0.00    0.00    0.00    0.00    1.01    2.02    0.00    0.00    0.00   96.97
11:19:31 PM    3    0.00    0.00    0.99    0.00    0.99    3.96    0.00    0.00    0.00   94.06
11:19:31 PM    4    0.00    0.00    0.00    0.00    0.99    1.98    0.00    0.00    0.00   97.03
11:19:31 PM    5    0.00    0.00    0.00    0.00    0.99    0.00    0.00    0.00    0.00   99.01
11:19:31 PM    6    0.00    0.00    0.00    0.00    0.00    0.00    0.00    0.00    0.00  100.00
11:19:31 PM    7    0.00    0.00    0.00    0.00    0.00    0.00    0.00    0.00    0.00  100.00

11:19:31 PM  CPU    %usr   %nice    %sys %iowait    %irq   %soft  %steal  %guest  %gnice   %idle
11:19:32 PM  all    0.13    0.00   19.30    0.00    0.13    5.89    0.00    0.00    0.00   74.56
11:19:32 PM    0    1.00    0.00   76.00    0.00    1.00   19.00    0.00    0.00    0.00    3.00
11:19:32 PM    1    0.00    0.00   78.79    0.00    0.00   19.19    0.00    0.00    0.00    2.02
11:19:32 PM    2    0.00    0.00    0.00    0.00    0.00    3.00    0.00    0.00    0.00   97.00
11:19:32 PM    3    0.00    0.00    0.00    0.00    0.00    4.00    0.00    0.00    0.00   96.00
11:19:32 PM    4    0.00    0.00    0.00    0.00    0.00    2.02    0.00    0.00    0.00   97.98
11:19:32 PM    5    0.00    0.00    0.00    0.00    0.00    0.00    0.00    0.00    0.00  100.00
11:19:32 PM    6    0.00    0.00    0.00    0.00    0.00    0.00    0.00    0.00    0.00  100.00
11:19:32 PM    7    0.00    0.00    0.00    0.00    0.00    0.00    0.00    0.00    0.00  100.00

11:19:32 PM  CPU    %usr   %nice    %sys %iowait    %irq   %soft  %steal  %guest  %gnice   %idle
11:19:33 PM  all    0.25    0.00   19.30    0.00    0.38    5.64    0.00    0.00    0.00   74.44
11:19:33 PM    0    1.01    0.00   76.77    0.00    0.00   20.20    0.00    0.00    0.00    2.02
11:19:33 PM    1    1.00    0.00   78.00    0.00    1.00   18.00    0.00    0.00    0.00    2.00
11:19:33 PM    2    0.00    0.00    0.00    0.00    1.01    2.02    0.00    0.00    0.00   96.97
11:19:33 PM    3    0.00    0.00    0.00    0.00    1.00    3.00    0.00    0.00    0.00   96.00
11:19:33 PM    4    0.00    0.00    0.00    0.00    0.00    2.00    0.00    0.00    0.00   98.00
11:19:33 PM    5    0.00    0.00    0.00    0.00    0.00    0.00    0.00    0.00    0.00  100.00
11:19:33 PM    6    0.00    0.00    0.00    0.00    0.00    0.00    0.00    0.00    0.00  100.00
11:19:33 PM    7    0.00    0.00    0.00    0.00    0.00    0.00    0.00    0.00    0.00  100.00

11:19:33 PM  CPU    %usr   %nice    %sys %iowait    %irq   %soft  %steal  %guest  %gnice   %idle
11:19:34 PM  all    0.25    0.00   19.50    0.00    0.25    5.75    0.00    0.00    0.00   74.25
11:19:34 PM    0    0.00    0.00   78.79    0.00    0.00   19.19    0.00    0.00    0.00    2.02
11:19:34 PM    1    2.02    0.00   77.78    0.00    0.00   18.18    0.00    0.00    0.00    2.02
11:19:34 PM    2    0.00    0.00    0.98    0.00    0.98    2.94    0.00    0.00    0.00   95.10
11:19:34 PM    3    0.00    0.00    0.00    0.00    1.00    4.00    0.00    0.00    0.00   95.00
11:19:34 PM    4    0.00    0.00    0.00    0.00    0.00    2.00    0.00    0.00    0.00   98.00
11:19:34 PM    5    0.00    0.00    0.00    0.00    0.00    0.00    0.00    0.00    0.00  100.00
11:19:34 PM    6    0.00    0.00    0.00    0.00    0.00    0.00    0.00    0.00    0.00  100.00
11:19:34 PM    7    0.00    0.00    0.00    0.00    0.00    0.00    0.00    0.00    0.00  100.00

11:19:34 PM  CPU    %usr   %nice    %sys %iowait    %irq   %soft  %steal  %guest  %gnice   %idle
11:19:35 PM  all    0.13    0.00   19.30    0.00    0.13    6.14    0.00    0.00    0.00   74.31
11:19:35 PM    0    0.99    0.00   75.25    0.00    0.99   19.80    0.00    0.00    0.00    2.97
11:19:35 PM    1    0.00    0.00   78.79    0.00    0.00   19.19    0.00    0.00    0.00    2.02
11:19:35 PM    2    0.00    0.00    0.00    0.00    0.00    2.04    0.00    0.00    0.00   97.96
11:19:35 PM    3    0.00    0.00    0.00    0.00    0.00    5.00    0.00    0.00    0.00   95.00
11:19:35 PM    4    0.00    0.00    0.00    0.00    0.00    3.00    0.00    0.00    0.00   97.00
11:19:35 PM    5    0.00    0.00    0.00    0.00    0.00    0.00    0.00    0.00    0.00  100.00
11:19:35 PM    6    0.00    0.00    0.00    0.00    0.00    0.00    0.00    0.00    0.00  100.00
11:19:35 PM    7    0.00    0.00    0.00    0.00    0.00    0.00    0.00    0.00    0.00  100.00

11:19:35 PM  CPU    %usr   %nice    %sys %iowait    %irq   %soft  %steal  %guest  %gnice   %idle
11:19:36 PM  all    0.25    0.00   19.07    0.00    0.38    5.77    0.00    0.00    0.00   74.53
11:19:36 PM    0    1.03    0.00   77.32    0.00    0.00   19.59    0.00    0.00    0.00    2.06
11:19:36 PM    1    1.00    0.00   77.00    0.00    1.00   18.00    0.00    0.00    0.00    3.00
11:19:36 PM    2    0.00    0.00    0.00    0.00    0.99    2.97    0.00    0.00    0.00   96.04
11:19:36 PM    3    0.00    0.00    0.00    0.00    1.00    4.00    0.00    0.00    0.00   95.00
11:19:36 PM    4    0.00    0.00    0.00    0.00    0.00    2.02    0.00    0.00    0.00   97.98
11:19:36 PM    5    0.00    0.00    0.00    0.00    0.00    0.00    0.00    0.00    0.00  100.00
11:19:36 PM    6    0.00    0.00    0.00    0.00    0.00    0.00    0.00    0.00    0.00  100.00
11:19:36 PM    7    0.00    0.00    0.00    0.00    0.00    0.00    0.00    0.00    0.00  100.00

11:19:36 PM  CPU    %usr   %nice    %sys %iowait    %irq   %soft  %steal  %guest  %gnice   %idle
11:19:37 PM  all    0.13    0.00   19.15    0.00    0.25    6.13    0.00    0.00    0.00   74.34
11:19:37 PM    0    0.00    0.00   76.77    0.00    0.00   20.20    0.00    0.00    0.00    3.03
11:19:37 PM    1    1.01    0.00   77.78    0.00    0.00   18.18    0.00    0.00    0.00    3.03
11:19:37 PM    2    0.00    0.00    0.00    0.00    1.01    2.02    0.00    0.00    0.00   96.97
11:19:37 PM    3    0.00    0.00    0.00    0.00    1.00    5.00    0.00    0.00    0.00   94.00
11:19:37 PM    4    0.00    0.00    0.00    0.00    0.00    2.97    0.00    0.00    0.00   97.03
11:19:37 PM    5    0.00    0.00    0.00    0.00    0.00    0.99    0.00    0.00    0.00   99.01
11:19:37 PM    6    0.00    0.00    0.00    0.00    0.00    0.00    0.00    0.00    0.00  100.00
11:19:37 PM    7    0.00    0.00    0.00    0.00    0.00    0.00    0.00    0.00    0.00  100.00

11:19:37 PM  CPU    %usr   %nice    %sys %iowait    %irq   %soft  %steal  %guest  %gnice   %idle
11:19:38 PM  all    0.25    0.00   19.38    0.00    0.25    5.88    0.00    0.00    0.00   74.25
11:19:38 PM    0    1.00    0.00   77.00    0.00    1.00   19.00    0.00    0.00    0.00    2.00
11:19:38 PM    1    1.01    0.00   78.79    0.00    0.00   19.19    0.00    0.00    0.00    1.01
11:19:38 PM    2    0.00    0.00    0.00    0.00    0.00    3.00    0.00    0.00    0.00   97.00
11:19:38 PM    3    0.00    0.00    0.00    0.00    1.00    4.00    0.00    0.00    0.00   95.00
11:19:38 PM    4    0.00    0.00    0.00    0.00    0.00    2.00    0.00    0.00    0.00   98.00
11:19:38 PM    5    0.00    0.00    0.00    0.00    0.00    0.00    0.00    0.00    0.00  100.00
11:19:38 PM    6    0.00    0.00    0.00    0.00    0.00    0.00    0.00    0.00    0.00  100.00
11:19:38 PM    7    0.00    0.00    0.00    0.00    0.00    0.00    0.00    0.00    0.00  100.00

11:19:38 PM  CPU    %usr   %nice    %sys %iowait    %irq   %soft  %steal  %guest  %gnice   %idle
11:19:39 PM  all    0.13    0.00   19.25    0.00    0.13    5.66    0.00    0.00    0.00   74.84
11:19:39 PM    0    0.00    0.00   77.55    0.00    0.00   19.39    0.00    0.00    0.00    3.06
11:19:39 PM    1    1.02    0.00   78.57    0.00    0.00   18.37    0.00    0.00    0.00    2.04
11:19:39 PM    2    0.00    0.00    0.00    0.00    1.01    2.02    0.00    0.00    0.00   96.97
11:19:39 PM    3    0.00    0.00    0.00    0.00    0.00    4.00    0.00    0.00    0.00   96.00
11:19:39 PM    4    0.00    0.00    0.00    0.00    0.00    2.00    0.00    0.00    0.00   98.00
11:19:39 PM    5    0.00    0.00    0.00    0.00    0.00    0.00    0.00    0.00    0.00  100.00
11:19:39 PM    6    0.00    0.00    0.00    0.00    0.00    0.00    0.00    0.00    0.00  100.00
11:19:39 PM    7    0.00    0.00    0.00    0.00    0.00    0.00    0.00    0.00    0.00  100.00

11:19:39 PM  CPU    %usr   %nice    %sys %iowait    %irq   %soft  %steal  %guest  %gnice   %idle
11:19:40 PM  all    0.37    0.00   19.35    0.00    0.37    5.74    0.00    0.00    0.00   74.16
11:19:40 PM    0    1.01    0.00   77.78    0.00    0.00   19.19    0.00    0.00    0.00    2.02
11:19:40 PM    1    1.98    0.00   77.23    0.00    0.99   17.82    0.00    0.00    0.00    1.98
11:19:40 PM    2    0.00    0.00    0.00    0.00    0.99    2.97    0.00    0.00    0.00   96.04
11:19:40 PM    3    0.00    0.00    0.00    0.00    1.00    4.00    0.00    0.00    0.00   95.00
11:19:40 PM    4    0.00    0.00    0.00    0.00    0.00    2.00    0.00    0.00    0.00   98.00
11:19:40 PM    5    0.00    0.00    0.00    0.00    0.00    0.00    0.00    0.00    0.00  100.00
11:19:40 PM    6    0.00    0.00    0.00    0.00    0.00    0.00    0.00    0.00    0.00  100.00
11:19:40 PM    7    0.00    0.00    0.00    0.00    0.00    0.00    0.00    0.00    0.00  100.00

11:19:40 PM  CPU    %usr   %nice    %sys %iowait    %irq   %soft  %steal  %guest  %gnice   %idle
11:19:41 PM  all    0.13    0.00   19.20    0.00    0.13    5.90    0.00    0.00    0.00   74.65
11:19:41 PM    0    0.00    0.00   77.55    0.00    0.00   20.41    0.00    0.00    0.00    2.04
11:19:41 PM    1    1.01    0.00   77.78    0.00    0.00   18.18    0.00    0.00    0.00    3.03
11:19:41 PM    2    0.00    0.00    0.00    0.00    0.00    2.02    0.00    0.00    0.00   97.98
11:19:41 PM    3    0.00    0.00    0.00    0.00    0.99    4.95    0.00    0.00    0.00   94.06
11:19:41 PM    4    0.00    0.00    0.00    0.00    0.00    2.00    0.00    0.00    0.00   98.00
11:19:41 PM    5    0.00    0.00    0.00    0.00    0.00    0.00    0.00    0.00    0.00  100.00
11:19:41 PM    6    0.00    0.00    0.00    0.00    0.00    0.00    0.00    0.00    0.00  100.00
11:19:41 PM    7    0.00    0.00    0.00    0.00    0.00    0.00    0.00    0.00    0.00  100.00

11:19:41 PM  CPU    %usr   %nice    %sys %iowait    %irq   %soft  %steal  %guest  %gnice   %idle
11:19:42 PM  all    0.13    0.00   19.57    0.00    0.25    5.65    0.00    0.00    0.00   74.40
11:19:42 PM    0    0.99    0.00   76.24    0.00    0.99   19.80    0.00    0.00    0.00    1.98
11:19:42 PM    1    0.00    0.00   80.61    0.00    0.00   19.39    0.00    0.00    0.00    0.00
11:19:42 PM    2    0.00    0.00    0.00    0.00    1.01    2.02    0.00    0.00    0.00   96.97
11:19:42 PM    3    0.00    0.00    0.00    0.00    0.00    3.03    0.00    0.00    0.00   96.97
11:19:42 PM    4    0.00    0.00    0.00    0.00    0.00    1.00    0.00    0.00    0.00   99.00
11:19:42 PM    5    0.00    0.00    0.00    0.00    0.00    0.00    0.00    0.00    0.00  100.00
11:19:42 PM    6    0.00    0.00    0.00    0.00    0.00    0.00    0.00    0.00    0.00  100.00
11:19:42 PM    7    0.00    0.00    0.00    0.00    0.00    0.00    0.00    0.00    0.00  100.00

11:19:42 PM  CPU    %usr   %nice    %sys %iowait    %irq   %soft  %steal  %guest  %gnice   %idle
11:19:43 PM  all    0.25    0.00   19.05    0.00    0.50    5.89    0.00    0.00    0.00   74.31
11:19:43 PM    0    1.03    0.00   77.32    0.00    0.00   19.59    0.00    0.00    0.00    2.06
11:19:43 PM    1    1.01    0.00   77.78    0.00    1.01   18.18    0.00    0.00    0.00    2.02
11:19:43 PM    2    0.00    0.00    0.00    0.00    1.00    3.00    0.00    0.00    0.00   96.00
11:19:43 PM    3    0.00    0.00    0.00    0.00    0.99    4.95    0.00    0.00    0.00   94.06
11:19:43 PM    4    0.00    0.00    0.00    0.00    0.99    1.98    0.00    0.00    0.00   97.03
11:19:43 PM    5    0.00    0.00    0.00    0.00    0.00    0.00    0.00    0.00    0.00  100.00
11:19:43 PM    6    0.00    0.00    0.00    0.00    0.00    0.00    0.00    0.00    0.00  100.00
11:19:43 PM    7    0.00    0.00    0.00    0.00    0.00    0.00    0.00    0.00    0.00  100.00

11:19:43 PM  CPU    %usr   %nice    %sys %iowait    %irq   %soft  %steal  %guest  %gnice   %idle
11:19:44 PM  all    0.13    0.00   19.35    0.00    0.13    5.78    0.00    0.00    0.00   74.62
11:19:44 PM    0    0.00    0.00   78.57    0.00    0.00   19.39    0.00    0.00    0.00    2.04
11:19:44 PM    1    1.01    0.00   77.78    0.00    0.00   19.19    0.00    0.00    0.00    2.02
11:19:44 PM    2    0.00    0.00    0.00    0.00    0.00    2.02    0.00    0.00    0.00   97.98
11:19:44 PM    3    0.00    0.00    0.00    0.00    1.00    4.00    0.00    0.00    0.00   95.00
11:19:44 PM    4    0.00    0.00    0.00    0.00    0.00    2.00    0.00    0.00    0.00   98.00
11:19:44 PM    5    0.00    0.00    0.00    0.00    0.00    0.00    0.00    0.00    0.00  100.00
11:19:44 PM    6    0.00    0.00    0.00    0.00    0.00    0.00    0.00    0.00    0.00  100.00
11:19:44 PM    7    0.00    0.00    0.00    0.00    0.00    0.00    0.00    0.00    0.00  100.00

11:19:44 PM  CPU    %usr   %nice    %sys %iowait    %irq   %soft  %steal  %guest  %gnice   %idle
11:19:45 PM  all    0.13    0.00   19.40    0.00    0.38    5.76    0.00    0.00    0.00   74.34
11:19:45 PM    0    1.00    0.00   78.00    0.00    1.00   19.00    0.00    0.00    0.00    1.00
11:19:45 PM    1    0.00    0.00   78.57    0.00    0.00   18.37    0.00    0.00    0.00    3.06
11:19:45 PM    2    0.00    0.00    0.00    0.00    0.99    2.97    0.00    0.00    0.00   96.04
11:19:45 PM    3    0.00    0.00    0.00    0.00    1.00    4.00    0.00    0.00    0.00   95.00
11:19:45 PM    4    0.00    0.00    0.00    0.00    0.00    2.00    0.00    0.00    0.00   98.00
11:19:45 PM    5    0.00    0.00    0.00    0.00    0.00    0.00    0.00    0.00    0.00  100.00
11:19:45 PM    6    0.00    0.00    0.00    0.00    0.00    0.00    0.00    0.00    0.00  100.00
11:19:45 PM    7    0.00    0.00    0.00    0.00    0.00    0.00    0.00    0.00    0.00  100.00

11:19:45 PM  CPU    %usr   %nice    %sys %iowait    %irq   %soft  %steal  %guest  %gnice   %idle
11:19:46 PM  all    0.25    0.00   19.14    0.00    0.13    5.67    0.00    0.00    0.00   74.81
11:19:46 PM    0    1.02    0.00   77.55    0.00    0.00   19.39    0.00    0.00    0.00    2.04
11:19:46 PM    1    1.01    0.00   76.77    0.00    1.01   18.18    0.00    0.00    0.00    3.03
11:19:46 PM    2    0.00    0.00    0.00    0.00    0.00    2.02    0.00    0.00    0.00   97.98
11:19:46 PM    3    0.00    0.00    0.00    0.00    0.00    4.04    0.00    0.00    0.00   95.96
11:19:46 PM    4    0.00    0.00    0.00    0.00    0.00    2.02    0.00    0.00    0.00   97.98
11:19:46 PM    5    0.00    0.00    0.00    0.00    0.00    0.00    0.00    0.00    0.00  100.00
11:19:46 PM    6    0.00    0.00    0.00    0.00    0.00    0.00    0.00    0.00    0.00  100.00
11:19:46 PM    7    0.00    0.00    0.00    0.00    0.00    0.00    0.00    0.00    0.00  100.00

11:19:46 PM  CPU    %usr   %nice    %sys %iowait    %irq   %soft  %steal  %guest  %gnice   %idle
11:19:47 PM  all    0.25    0.00   19.45    0.00    0.25    5.86    0.00    0.00    0.00   74.19
11:19:47 PM    0    1.00    0.00   78.00    0.00    0.00   20.00    0.00    0.00    0.00    1.00
11:19:47 PM    1    1.00    0.00   78.00    0.00    0.00   19.00    0.00    0.00    0.00    2.00
11:19:47 PM    2    0.00    0.00    0.00    0.00    1.00    2.00    0.00    0.00    0.00   97.00
11:19:47 PM    3    0.00    0.00    0.00    0.00    0.99    3.96    0.00    0.00    0.00   95.05
11:19:47 PM    4    0.00    0.00    0.00    0.00    0.00    1.98    0.00    0.00    0.00   98.02
11:19:47 PM    5    0.00    0.00    0.00    0.00    0.00    0.00    0.00    0.00    0.00  100.00
11:19:47 PM    6    0.00    0.00    0.00    0.00    0.00    0.00    0.00    0.00    0.00  100.00
11:19:47 PM    7    0.00    0.00    0.00    0.00    0.00    0.00    0.00    0.00    0.00  100.00

11:19:47 PM  CPU    %usr   %nice    %sys %iowait    %irq   %soft  %steal  %guest  %gnice   %idle
11:19:48 PM  all    0.13    0.00   19.52    0.00    0.38    5.76    0.00    0.00    0.00   74.22
11:19:48 PM    0    1.00    0.00   78.00    0.00    1.00   19.00    0.00    0.00    0.00    1.00
11:19:48 PM    1    0.00    0.00   79.38    0.00    0.00   18.56    0.00    0.00    0.00    2.06
11:19:48 PM    2    0.00    0.00    0.98    0.00    0.98    2.94    0.00    0.00    0.00   95.10
11:19:48 PM    3    0.00    0.00    0.00    0.00    1.00    4.00    0.00    0.00    0.00   95.00
11:19:48 PM    4    0.00    0.00    0.00    0.00    0.00    2.00    0.00    0.00    0.00   98.00
11:19:48 PM    5    0.00    0.00    0.00    0.00    0.00    0.00    0.00    0.00    0.00  100.00
11:19:48 PM    6    0.00    0.00    0.00    0.00    0.00    0.00    0.00    0.00    0.00  100.00
11:19:48 PM    7    0.00    0.00    0.00    0.00    0.00    0.00    0.00    0.00    0.00  100.00

11:19:48 PM  CPU    %usr   %nice    %sys %iowait    %irq   %soft  %steal  %guest  %gnice   %idle
11:19:49 PM  all    0.25    0.00   19.35    0.00    0.25    5.65    0.00    0.00    0.00   74.50
11:19:49 PM    0    1.02    0.00   77.55    0.00    0.00   19.39    0.00    0.00    0.00    2.04
11:19:49 PM    1    1.00    0.00   78.00    0.00    1.00   18.00    0.00    0.00    0.00    2.00
11:19:49 PM    2    0.00    0.00    0.00    0.00    0.00    2.04    0.00    0.00    0.00   97.96
11:19:49 PM    3    0.00    0.00    0.00    0.00    1.00    4.00    0.00    0.00    0.00   95.00
11:19:49 PM    4    0.00    0.00    0.00    0.00    0.00    2.00    0.00    0.00    0.00   98.00
11:19:49 PM    5    0.00    0.00    0.00    0.00    0.00    0.00    0.00    0.00    0.00  100.00
11:19:49 PM    6    0.00    0.00    0.00    0.00    0.00    0.00    0.00    0.00    0.00  100.00
11:19:49 PM    7    0.00    0.00    0.00    0.00    0.00    0.00    0.00    0.00    0.00  100.00

11:19:49 PM  CPU    %usr   %nice    %sys %iowait    %irq   %soft  %steal  %guest  %gnice   %idle
11:19:50 PM  all    0.25    0.00   19.15    0.00    0.13    6.01    0.00    0.00    0.00   74.47
11:19:50 PM    0    1.01    0.00   76.77    0.00    0.00   20.20    0.00    0.00    0.00    2.02
11:19:50 PM    1    1.01    0.00   77.78    0.00    0.00   19.19    0.00    0.00    0.00    2.02
11:19:50 PM    2    0.00    0.00    0.00    0.00    0.99    2.97    0.00    0.00    0.00   96.04
11:19:50 PM    3    0.00    0.00    0.00    0.00    0.00    4.00    0.00    0.00    0.00   96.00
11:19:50 PM    4    0.00    0.00    0.00    0.00    0.00    2.00    0.00    0.00    0.00   98.00
11:19:50 PM    5    0.00    0.00    0.00    0.00    0.00    0.00    0.00    0.00    0.00  100.00
11:19:50 PM    6    0.00    0.00    0.00    0.00    0.00    0.00    0.00    0.00    0.00  100.00
11:19:50 PM    7    0.00    0.00    0.00    0.00    0.00    0.00    0.00    0.00    0.00  100.00

11:19:50 PM  CPU    %usr   %nice    %sys %iowait    %irq   %soft  %steal  %guest  %gnice   %idle
11:19:51 PM  all    0.00    0.00   19.80    0.00    0.25    5.51    0.00    0.00    0.00   74.44
11:19:51 PM    0    0.00    0.00   79.00    0.00    1.00   19.00    0.00    0.00    0.00    1.00
11:19:51 PM    1    0.00    0.00   79.80    0.00    0.00   19.19    0.00    0.00    0.00    1.01
11:19:51 PM    2    0.00    0.00    0.00    0.00    0.00    2.02    0.00    0.00    0.00   97.98
11:19:51 PM    3    0.00    0.00    0.00    0.00    1.00    3.00    0.00    0.00    0.00   96.00
11:19:51 PM    4    0.00    0.00    0.00    0.00    0.00    1.00    0.00    0.00    0.00   99.00
11:19:51 PM    5    0.00    0.00    0.00    0.00    0.00    0.00    0.00    0.00    0.00  100.00
11:19:51 PM    6    0.00    0.00    0.00    0.00    0.00    0.00    0.00    0.00    0.00  100.00
11:19:51 PM    7    0.00    0.00    0.00    0.00    0.00    0.00    0.00    0.00    0.00  100.00

11:19:51 PM  CPU    %usr   %nice    %sys %iowait    %irq   %soft  %steal  %guest  %gnice   %idle
11:19:52 PM  all    0.38    0.00   19.12    0.00    0.25    5.53    0.00    0.00    0.00   74.72
11:19:52 PM    0    2.04    0.00   76.53    0.00    0.00   19.39    0.00    0.00    0.00    2.04
11:19:52 PM    1    1.01    0.00   77.78    0.00    1.01   18.18    0.00    0.00    0.00    2.02
11:19:52 PM    2    0.00    0.00    0.00    0.00    1.01    2.02    0.00    0.00    0.00   96.97
11:19:52 PM    3    0.00    0.00    0.00    0.00    0.00    4.00    0.00    0.00    0.00   96.00
11:19:52 PM    4    0.00    0.00    0.00    0.00    0.00    1.01    0.00    0.00    0.00   98.99
11:19:52 PM    5    0.00    0.00    0.00    0.00    0.00    0.00    0.00    0.00    0.00  100.00
11:19:52 PM    6    0.00    0.00    0.00    0.00    0.00    0.00    0.00    0.00    0.00  100.00
11:19:52 PM    7    0.00    0.00    0.00    0.00    0.00    0.00    0.00    0.00    0.00  100.00

11:19:52 PM  CPU    %usr   %nice    %sys %iowait    %irq   %soft  %steal  %guest  %gnice   %idle
11:19:53 PM  all    0.25    0.00   19.57    0.00    0.25    5.77    0.00    0.00    0.00   74.15
11:19:53 PM    0    1.01    0.00   78.79    0.00    0.00   19.19    0.00    0.00    0.00    1.01
11:19:53 PM    1    1.00    0.00   78.00    0.00    0.00   19.00    0.00    0.00    0.00    2.00
11:19:53 PM    2    0.00    0.00    0.00    0.00    1.00    2.00    0.00    0.00    0.00   97.00
11:19:53 PM    3    0.00    0.00    0.00    0.00    1.01    3.03    0.00    0.00    0.00   95.96
11:19:53 PM    4    0.00    0.00    0.00    0.00    0.00    3.00    0.00    0.00    0.00   97.00
11:19:53 PM    5    0.00    0.00    0.00    0.00    0.00    0.00    0.00    0.00    0.00  100.00
11:19:53 PM    6    0.00    0.00    0.00    0.00    0.00    0.00    0.00    0.00    0.00  100.00
11:19:53 PM    7    0.00    0.00    0.00    0.00    0.00    0.00    0.00    0.00    0.00  100.00

11:19:53 PM  CPU    %usr   %nice    %sys %iowait    %irq   %soft  %steal  %guest  %gnice   %idle
11:19:54 PM  all    0.25    0.00   18.90    0.00    0.25    6.13    0.00    0.00    0.00   74.47
11:19:54 PM    0    1.00    0.00   76.00    0.00    1.00   20.00    0.00    0.00    0.00    2.00
11:19:54 PM    1    1.02    0.00   76.53    0.00    0.00   18.37    0.00    0.00    0.00    4.08
11:19:54 PM    2    0.00    0.00    0.00    0.00    0.00    3.00    0.00    0.00    0.00   97.00
11:19:54 PM    3    0.00    0.00    0.00    0.00    0.99    4.95    0.00    0.00    0.00   94.06
11:19:54 PM    4    0.00    0.00    0.00    0.00    0.00    3.00    0.00    0.00    0.00   97.00
11:19:54 PM    5    0.00    0.00    0.00    0.00    0.00    0.00    0.00    0.00    0.00  100.00
11:19:54 PM    6    0.00    0.00    0.00    0.00    0.00    0.00    0.00    0.00    0.00  100.00
11:19:54 PM    7    0.00    0.00    0.00    0.00    0.00    0.00    0.00    0.00    0.00  100.00

11:19:54 PM  CPU    %usr   %nice    %sys %iowait    %irq   %soft  %steal  %guest  %gnice   %idle
11:19:55 PM  all    0.25    0.00   19.42    0.00    0.25    5.76    0.00    0.00    0.00   74.31
11:19:55 PM    0    2.04    0.00   76.53    0.00    0.00   19.39    0.00    0.00    0.00    2.04
11:19:55 PM    1    0.00    0.00   78.79    0.00    0.00   19.19    0.00    0.00    0.00    2.02
11:19:55 PM    2    0.00    0.00    0.00    0.00    1.00    2.00    0.00    0.00    0.00   97.00
11:19:55 PM    3    0.00    0.00    1.00    0.00    0.00    4.00    0.00    0.00    0.00   95.00
11:19:55 PM    4    0.00    0.00    0.99    0.00    0.99    1.98    0.00    0.00    0.00   96.04
11:19:55 PM    5    0.00    0.00    0.00    0.00    0.00    0.00    0.00    0.00    0.00  100.00
11:19:55 PM    6    0.00    0.00    0.00    0.00    0.00    0.00    0.00    0.00    0.00  100.00
11:19:55 PM    7    0.00    0.00    0.00    0.00    0.00    0.00    0.00    0.00    0.00  100.00

11:19:55 PM  CPU    %usr   %nice    %sys %iowait    %irq   %soft  %steal  %guest  %gnice   %idle
11:19:56 PM  all    0.13    0.00   18.82    0.00    0.25    6.27    0.00    0.00    0.00   74.53
11:19:56 PM    0    0.00    0.00   75.51    0.00    0.00   20.41    0.00    0.00    0.00    4.08
11:19:56 PM    1    1.01    0.00   76.77    0.00    1.01   18.18    0.00    0.00    0.00    3.03
11:19:56 PM    2    0.00    0.00    0.00    0.00    0.00    2.04    0.00    0.00    0.00   97.96
11:19:56 PM    3    0.00    0.00    0.00    0.00    0.99    5.94    0.00    0.00    0.00   93.07
11:19:56 PM    4    0.00    0.00    0.00    0.00    0.00    3.96    0.00    0.00    0.00   96.04
11:19:56 PM    5    0.00    0.00    0.00    0.00    0.00    0.00    0.00    0.00    0.00  100.00
11:19:56 PM    6    0.00    0.00    0.00    0.00    0.00    0.00    0.00    0.00    0.00  100.00
11:19:56 PM    7    0.00    0.00    0.00    0.00    0.00    0.00    0.00    0.00    0.00  100.00

11:19:56 PM  CPU    %usr   %nice    %sys %iowait    %irq   %soft  %steal  %guest  %gnice   %idle
11:19:57 PM  all    0.13    0.00   18.82    0.00    0.38    6.15    0.00    0.00    0.00   74.53
11:19:57 PM    0    1.01    0.00   75.76    0.00    1.01   19.19    0.00    0.00    0.00    3.03
11:19:57 PM    1    0.00    0.00   76.53    0.00    0.00   18.37    0.00    0.00    0.00    5.10
11:19:57 PM    2    0.00    0.00    0.00    0.00    1.00    3.00    0.00    0.00    0.00   96.00
11:19:57 PM    3    0.00    0.00    0.00    0.00    1.00    5.00    0.00    0.00    0.00   94.00
11:19:57 PM    4    0.00    0.00    0.00    0.00    0.00    3.03    0.00    0.00    0.00   96.97
11:19:57 PM    5    0.00    0.00    0.00    0.00    0.00    0.99    0.00    0.00    0.00   99.01
11:19:57 PM    6    0.00    0.00    0.00    0.00    0.00    0.00    0.00    0.00    0.00  100.00
11:19:57 PM    7    0.00    0.00    0.00    0.00    0.00    0.00    0.00    0.00    0.00  100.00

11:19:57 PM  CPU    %usr   %nice    %sys %iowait    %irq   %soft  %steal  %guest  %gnice   %idle
11:19:58 PM  all    0.25    0.00   19.35    0.00    0.25    5.87    0.00    0.00    0.00   74.28
11:19:58 PM    0    1.00    0.00   77.00    0.00    0.00   19.00    0.00    0.00    0.00    3.00
11:19:58 PM    1    1.00    0.00   78.00    0.00    0.00   18.00    0.00    0.00    0.00    3.00
11:19:58 PM    2    0.00    0.00    0.00    0.00    1.00    2.00    0.00    0.00    0.00   97.00
11:19:58 PM    3    0.00    0.00    0.00    0.00    1.00    5.00    0.00    0.00    0.00   94.00
11:19:58 PM    4    0.00    0.00    0.00    0.00    0.00    3.00    0.00    0.00    0.00   97.00
11:19:58 PM    5    0.00    0.00    0.00    0.00    0.00    0.00    0.00    0.00    0.00  100.00
11:19:58 PM    6    0.00    0.00    0.00    0.00    0.00    0.00    0.00    0.00    0.00  100.00
11:19:58 PM    7    0.00    0.00    0.00    0.00    0.00    0.00    0.00    0.00    0.00  100.00

11:19:58 PM  CPU    %usr   %nice    %sys %iowait    %irq   %soft  %steal  %guest  %gnice   %idle
11:19:59 PM  all    0.13    0.00   19.15    0.00    0.25    5.88    0.00    0.00    0.00   74.59
11:19:59 PM    0    0.00    0.00   77.55    0.00    0.00   18.37    0.00    0.00    0.00    4.08
11:19:59 PM    1    1.00    0.00   77.00    0.00    1.00   18.00    0.00    0.00    0.00    3.00
11:19:59 PM    2    0.00    0.00    0.00    0.00    0.00    3.00    0.00    0.00    0.00   97.00
11:19:59 PM    3    0.00    0.00    0.00    0.00    0.99    4.95    0.00    0.00    0.00   94.06
11:19:59 PM    4    0.00    0.00    0.00    0.00    0.00    3.00    0.00    0.00    0.00   97.00
11:19:59 PM    5    0.00    0.00    0.00    0.00    0.00    0.00    0.00    0.00    0.00  100.00
11:19:59 PM    6    0.00    0.00    0.00    0.00    0.00    0.00    0.00    0.00    0.00  100.00
11:19:59 PM    7    0.00    0.00    0.00    0.00    0.00    0.00    0.00    0.00    0.00  100.00

11:19:59 PM  CPU    %usr   %nice    %sys %iowait    %irq   %soft  %steal  %guest  %gnice   %idle
11:20:00 PM  all    0.38    0.00   19.50    0.00    0.25    5.88    0.00    0.00    0.00   74.00
11:20:00 PM    0    0.98    0.00   76.47    0.00    0.98   19.61    0.00    0.00    0.00    1.96
11:20:00 PM    1    2.00    0.00   78.00    0.00    0.00   19.00    0.00    0.00    0.00    1.00
11:20:00 PM    2    0.00    0.00    0.00    0.00    1.01    2.02    0.00    0.00    0.00   96.97
11:20:00 PM    3    0.00    0.00    0.00    0.00    0.00    4.08    0.00    0.00    0.00   95.92
11:20:00 PM    4    0.00    0.00    0.00    0.00    0.00    1.98    0.00    0.00    0.00   98.02
11:20:00 PM    5    0.00    0.00    0.00    0.00    0.00    0.00    0.00    0.00    0.00  100.00
11:20:00 PM    6    0.00    0.00    0.00    0.00    0.00    0.00    0.00    0.00    0.00  100.00
11:20:00 PM    7    0.00    0.00    0.00    0.00    0.00    0.00    0.00    0.00    0.00  100.00

11:20:00 PM  CPU    %usr   %nice    %sys %iowait    %irq   %soft  %steal  %guest  %gnice   %idle
11:20:01 PM  all    0.25    0.00   19.35    0.00    0.25    5.87    0.00    0.00    0.00   74.28
11:20:01 PM    0    1.00    0.00   77.00    0.00    0.00   19.00    0.00    0.00    0.00    3.00
11:20:01 PM    1    1.00    0.00   78.00    0.00    0.00   18.00    0.00    0.00    0.00    3.00
11:20:01 PM    2    0.00    0.00    0.00    0.00    0.99    2.97    0.00    0.00    0.00   96.04
11:20:01 PM    3    0.00    0.00    0.00    0.00    0.99    4.95    0.00    0.00    0.00   94.06
11:20:01 PM    4    0.00    0.00    0.00    0.00    0.00    2.02    0.00    0.00    0.00   97.98
11:20:01 PM    5    0.00    0.00    0.00    0.00    0.00    0.00    0.00    0.00    0.00  100.00
11:20:01 PM    6    0.00    0.00    0.00    0.00    0.00    0.00    0.00    0.00    0.00  100.00
11:20:01 PM    7    0.00    0.00    0.00    0.00    0.00    0.00    0.00    0.00    0.00  100.00

11:20:01 PM  CPU    %usr   %nice    %sys %iowait    %irq   %soft  %steal  %guest  %gnice   %idle
11:20:02 PM  all    0.00    0.00   19.25    0.00    0.25    6.00    0.00    0.00    0.00   74.50
11:20:02 PM    0    0.00    0.00   76.77    0.00    0.00   20.20    0.00    0.00    0.00    3.03
11:20:02 PM    1    0.00    0.00   77.00    0.00    1.00   18.00    0.00    0.00    0.00    4.00
11:20:02 PM    2    0.00    0.00    1.00    0.00    0.00    2.00    0.00    0.00    0.00   97.00
11:20:02 PM    3    0.00    0.00    0.00    0.00    1.00    5.00    0.00    0.00    0.00   94.00
11:20:02 PM    4    0.00    0.00    0.00    0.00    0.00    3.00    0.00    0.00    0.00   97.00
11:20:02 PM    5    0.00    0.00    0.00    0.00    0.00    0.00    0.00    0.00    0.00  100.00
11:20:02 PM    6    0.00    0.00    0.00    0.00    0.00    0.00    0.00    0.00    0.00  100.00
11:20:02 PM    7    0.00    0.00    0.00    0.00    0.00    0.00    0.00    0.00    0.00  100.00

11:20:02 PM  CPU    %usr   %nice    %sys %iowait    %irq   %soft  %steal  %guest  %gnice   %idle
11:20:03 PM  all    0.25    0.00   19.00    0.00    0.38    6.25    0.00    0.00    0.00   74.12
11:20:03 PM    0    1.01    0.00   75.76    0.00    1.01   20.20    0.00    0.00    0.00    2.02
11:20:03 PM    1    1.01    0.00   77.78    0.00    0.00   19.19    0.00    0.00    0.00    2.02
11:20:03 PM    2    0.00    0.00    0.00    0.00    1.00    3.00    0.00    0.00    0.00   96.00
11:20:03 PM    3    0.00    0.00    0.00    0.00    0.99    4.95    0.00    0.00    0.00   94.06
11:20:03 PM    4    0.00    0.00    0.00    0.00    0.00    2.97    0.00    0.00    0.00   97.03
11:20:03 PM    5    0.00    0.00    0.00    0.00    0.00    0.00    0.00    0.00    0.00  100.00
11:20:03 PM    6    0.00    0.00    0.00    0.00    0.00    0.00    0.00    0.00    0.00  100.00
11:20:03 PM    7    0.00    0.00    0.00    0.00    0.00    0.00    0.00    0.00    0.00  100.00

11:20:03 PM  CPU    %usr   %nice    %sys %iowait    %irq   %soft  %steal  %guest  %gnice   %idle
11:20:04 PM  all    0.25    0.00   19.02    0.00    0.38    5.54    0.00    0.00    0.00   74.81
11:20:04 PM    0    1.02    0.00   77.55    0.00    0.00   19.39    0.00    0.00    0.00    2.04
11:20:04 PM    1    1.03    0.00   77.32    0.00    0.00   18.56    0.00    0.00    0.00    3.09
11:20:04 PM    2    0.00    0.00    0.00    0.00    1.01    2.02    0.00    0.00    0.00   96.97
11:20:04 PM    3    0.00    0.00    0.00    0.00    1.00    4.00    0.00    0.00    0.00   95.00
11:20:04 PM    4    0.00    0.00    0.00    0.00    1.00    1.00    0.00    0.00    0.00   98.00
11:20:04 PM    5    0.00    0.00    0.00    0.00    0.00    0.00    0.00    0.00    0.00  100.00
11:20:04 PM    6    0.00    0.00    0.00    0.00    0.00    0.00    0.00    0.00    0.00  100.00
11:20:04 PM    7    0.00    0.00    0.00    0.00    0.00    0.00    0.00    0.00    0.00  100.00

11:20:04 PM  CPU    %usr   %nice    %sys %iowait    %irq   %soft  %steal  %guest  %gnice   %idle
11:20:05 PM  all    0.25    0.00   19.07    0.00    0.13    6.02    0.00    0.00    0.00   74.53
11:20:05 PM    0    1.02    0.00   76.53    0.00    0.00   20.41    0.00    0.00    0.00    2.04
11:20:05 PM    1    1.01    0.00   77.78    0.00    1.01   19.19    0.00    0.00    0.00    1.01
11:20:05 PM    2    0.00    0.00    0.00    0.00    0.00    2.02    0.00    0.00    0.00   97.98
11:20:05 PM    3    0.00    0.00    0.00    0.00    0.00    4.00    0.00    0.00    0.00   96.00
11:20:05 PM    4    0.00    0.00    0.00    0.00    0.00    2.97    0.00    0.00    0.00   97.03
11:20:05 PM    5    0.00    0.00    0.00    0.00    0.00    0.00    0.00    0.00    0.00  100.00
11:20:05 PM    6    0.00    0.00    0.00    0.00    0.00    0.00    0.00    0.00    0.00  100.00
11:20:05 PM    7    0.00    0.00    0.00    0.00    0.00    0.00    0.00    0.00    0.00  100.00

11:20:05 PM  CPU    %usr   %nice    %sys %iowait    %irq   %soft  %steal  %guest  %gnice   %idle
11:20:06 PM  all    0.25    0.00   19.10    0.00    0.38    5.90    0.00    0.00    0.00   74.37
11:20:06 PM    0    1.02    0.00   76.53    0.00    1.02   19.39    0.00    0.00    0.00    2.04
11:20:06 PM    1    1.02    0.00   78.57    0.00    0.00   18.37    0.00    0.00    0.00    2.04
11:20:06 PM    2    0.00    0.00    0.00    0.00    0.99    2.97    0.00    0.00    0.00   96.04
11:20:06 PM    3    0.00    0.00    0.00    0.00    1.00    4.00    0.00    0.00    0.00   95.00
11:20:06 PM    4    0.00    0.00    0.00    0.00    0.00    3.03    0.00    0.00    0.00   96.97
11:20:06 PM    5    0.00    0.00    0.00    0.00    0.00    0.00    0.00    0.00    0.00  100.00
11:20:06 PM    6    0.00    0.00    0.00    0.00    0.00    0.00    0.00    0.00    0.00  100.00
11:20:06 PM    7    0.00    0.00    0.00    0.00    0.00    0.00    0.00    0.00    0.00  100.00

11:20:06 PM  CPU    %usr   %nice    %sys %iowait    %irq   %soft  %steal  %guest  %gnice   %idle
11:20:07 PM  all    0.25    0.00   19.12    0.00    0.00    5.79    0.00    0.00    0.00   74.84
11:20:07 PM    0    1.03    0.00   77.32    0.00    0.00   19.59    0.00    0.00    0.00    2.06
11:20:07 PM    1    1.01    0.00   77.78    0.00    0.00   19.19    0.00    0.00    0.00    2.02
11:20:07 PM    2    0.00    0.00    0.00    0.00    0.00    2.02    0.00    0.00    0.00   97.98
11:20:07 PM    3    0.00    0.00    0.00    0.00    0.00    4.00    0.00    0.00    0.00   96.00
11:20:07 PM    4    0.00    0.00    0.00    0.00    0.00    2.00    0.00    0.00    0.00   98.00
11:20:07 PM    5    0.00    0.00    0.00    0.00    0.00    0.00    0.00    0.00    0.00  100.00
11:20:07 PM    6    0.00    0.00    0.00    0.00    0.00    0.00    0.00    0.00    0.00  100.00
11:20:07 PM    7    0.00    0.00    0.00    0.00    0.00    0.00    0.00    0.00    0.00  100.00

11:20:07 PM  CPU    %usr   %nice    %sys %iowait    %irq   %soft  %steal  %guest  %gnice   %idle
11:20:08 PM  all    0.25    0.00   19.38    0.00    0.38    5.75    0.00    0.00    0.00   74.25
11:20:08 PM    0    1.00    0.00   77.00    0.00    0.00   20.00    0.00    0.00    0.00    2.00
11:20:08 PM    1    1.00    0.00   78.00    0.00    1.00   18.00    0.00    0.00    0.00    2.00
11:20:08 PM    2    0.00    0.00    0.00    0.00    1.00    2.00    0.00    0.00    0.00   97.00
11:20:08 PM    3    0.00    0.00    0.00    0.00    1.00    4.00    0.00    0.00    0.00   95.00
11:20:08 PM    4    0.00    0.00    0.00    0.00    0.00    2.00    0.00    0.00    0.00   98.00
11:20:08 PM    5    0.00    0.00    0.00    0.00    0.00    0.00    0.00    0.00    0.00  100.00
11:20:08 PM    6    0.00    0.00    0.00    0.00    0.00    0.00    0.00    0.00    0.00  100.00
11:20:08 PM    7    0.00    0.00    0.00    0.00    0.00    0.00    0.00    0.00    0.00  100.00

11:20:08 PM  CPU    %usr   %nice    %sys %iowait    %irq   %soft  %steal  %guest  %gnice   %idle
11:20:09 PM  all    0.25    0.00   18.87    0.00    0.25    5.91    0.00    0.00    0.00   74.72
11:20:09 PM    0    1.03    0.00   77.32    0.00    0.00   19.59    0.00    0.00    0.00    2.06
11:20:09 PM    1    1.02    0.00   76.53    0.00    0.00   18.37    0.00    0.00    0.00    4.08
11:20:09 PM    2    0.00    0.00    0.00    0.00    0.99    2.97    0.00    0.00    0.00   96.04
11:20:09 PM    3    0.00    0.00    0.00    0.00    1.01    4.04    0.00    0.00    0.00   94.95
11:20:09 PM    4    0.00    0.00    0.00    0.00    0.00    3.00    0.00    0.00    0.00   97.00
11:20:09 PM    5    0.00    0.00    0.00    0.00    0.00    0.00    0.00    0.00    0.00  100.00
11:20:09 PM    6    0.00    0.00    0.00    0.00    0.00    0.00    0.00    0.00    0.00  100.00
11:20:09 PM    7    0.00    0.00    0.00    0.00    0.00    0.00    0.00    0.00    0.00  100.00

11:20:09 PM  CPU    %usr   %nice    %sys %iowait    %irq   %soft  %steal  %guest  %gnice   %idle
11:20:10 PM  all    0.00    0.00   19.52    0.00    0.13    5.67    0.00    0.00    0.00   74.69
11:20:10 PM    0    0.00    0.00   77.00    0.00    1.00   20.00    0.00    0.00    0.00    2.00
11:20:10 PM    1    0.00    0.00   80.41    0.00    0.00   18.56    0.00    0.00    0.00    1.03
11:20:10 PM    2    0.00    0.00    0.00    0.00    0.00    2.04    0.00    0.00    0.00   97.96
11:20:10 PM    3    0.00    0.00    0.00    0.00    0.00    4.00    0.00    0.00    0.00   96.00
11:20:10 PM    4    0.00    0.00    0.00    0.00    0.00    1.01    0.00    0.00    0.00   98.99
11:20:10 PM    5    0.00    0.00    0.00    0.00    0.00    0.00    0.00    0.00    0.00  100.00
11:20:10 PM    6    0.00    0.00    0.00    0.00    0.00    0.00    0.00    0.00    0.00  100.00
11:20:10 PM    7    0.00    0.00    0.00    0.00    0.00    0.00    0.00    0.00    0.00  100.00

11:20:10 PM  CPU    %usr   %nice    %sys %iowait    %irq   %soft  %steal  %guest  %gnice   %idle
11:20:11 PM  all    0.25    0.00   19.45    0.00    0.50    5.74    0.00    0.00    0.00   74.06
11:20:11 PM    0    1.02    0.00   78.57    0.00    0.00   19.39    0.00    0.00    0.00    1.02
11:20:11 PM    1    0.99    0.00   78.22    0.00    0.99   18.81    0.00    0.00    0.00    0.99
11:20:11 PM    2    0.00    0.00    0.00    0.00    1.00    2.00    0.00    0.00    0.00   97.00
11:20:11 PM    3    0.00    0.00    0.00    0.00    0.99    3.96    0.00    0.00    0.00   95.05
11:20:11 PM    4    0.00    0.00    0.00    0.00    0.00    1.98    0.00    0.00    0.00   98.02
11:20:11 PM    5    0.00    0.00    0.00    0.00    0.99    0.00    0.00    0.00    0.00   99.01
11:20:11 PM    6    0.00    0.00    0.00    0.00    0.00    0.00    0.00    0.00    0.00  100.00
11:20:11 PM    7    0.00    0.00    0.00    0.00    0.00    0.00    0.00    0.00    0.00  100.00

11:20:11 PM  CPU    %usr   %nice    %sys %iowait    %irq   %soft  %steal  %guest  %gnice   %idle
11:20:12 PM  all    0.25    0.00   19.35    0.00    0.12    6.12    0.00    0.00    0.00   74.16
11:20:12 PM    0    0.99    0.00   76.24    0.00    0.00   19.80    0.00    0.00    0.00    2.97
11:20:12 PM    1    1.00    0.00   78.00    0.00    0.00   18.00    0.00    0.00    0.00    3.00
11:20:12 PM    2    0.00    0.00    0.00    0.00    0.00    3.03    0.00    0.00    0.00   96.97
11:20:12 PM    3    0.00    0.00    0.00    0.00    1.00    5.00    0.00    0.00    0.00   94.00
11:20:12 PM    4    0.00    0.00    0.00    0.00    0.00    3.00    0.00    0.00    0.00   97.00
11:20:12 PM    5    0.00    0.00    0.00    0.00    0.00    0.00    0.00    0.00    0.00  100.00
11:20:12 PM    6    0.00    0.00    0.00    0.00    0.00    0.00    0.00    0.00    0.00  100.00
11:20:12 PM    7    0.00    0.00    0.00    0.00    0.00    0.00    0.00    0.00    0.00  100.00

11:20:12 PM  CPU    %usr   %nice    %sys %iowait    %irq   %soft  %steal  %guest  %gnice   %idle
11:20:13 PM  all    0.13    0.00   19.10    0.00    0.25    5.78    0.00    0.00    0.00   74.75
11:20:13 PM    0    0.00    0.00   76.77    0.00    1.01   19.19    0.00    0.00    0.00    3.03
11:20:13 PM    1    1.01    0.00   76.77    0.00    0.00   18.18    0.00    0.00    0.00    4.04
11:20:13 PM    2    0.00    0.00    0.00    0.00    1.01    2.02    0.00    0.00    0.00   96.97
11:20:13 PM    3    0.00    0.00    0.00    0.00    0.00    4.04    0.00    0.00    0.00   95.96
11:20:13 PM    4    0.00    0.00    0.00    0.00    0.00    3.00    0.00    0.00    0.00   97.00
11:20:13 PM    5    0.00    0.00    0.00    0.00    0.00    0.00    0.00    0.00    0.00  100.00
11:20:13 PM    6    0.00    0.00    0.00    0.00    0.00    0.00    0.00    0.00    0.00  100.00
11:20:13 PM    7    0.00    0.00    0.00    0.00    0.00    0.00    0.00    0.00    0.00  100.00

11:20:13 PM  CPU    %usr   %nice    %sys %iowait    %irq   %soft  %steal  %guest  %gnice   %idle
11:20:14 PM  all    0.25    0.00   19.08    0.00    0.37    6.23    0.00    0.00    0.00   74.06
11:20:14 PM    0    2.00    0.00   75.00    0.00    0.00   20.00    0.00    0.00    0.00    3.00
11:20:14 PM    1    0.00    0.00   78.79    0.00    0.00   19.19    0.00    0.00    0.00    2.02
11:20:14 PM    2    0.00    0.00    0.00    0.00    1.00    3.00    0.00    0.00    0.00   96.00
11:20:14 PM    3    0.00    0.00    0.00    0.00    0.99    4.95    0.00    0.00    0.00   94.06
11:20:14 PM    4    0.00    0.00    0.00    0.00    0.99    1.98    0.00    0.00    0.00   97.03
11:20:14 PM    5    0.00    0.00    0.00    0.00    0.00    0.00    0.00    0.00    0.00  100.00
11:20:14 PM    6    0.00    0.00    0.00    0.00    0.00    0.99    0.00    0.00    0.00   99.01
11:20:14 PM    7    0.00    0.00    0.00    0.00    0.00    0.00    0.00    0.00    0.00  100.00

11:20:14 PM  CPU    %usr   %nice    %sys %iowait    %irq   %soft  %steal  %guest  %gnice   %idle
11:20:15 PM  all    0.25    0.00   19.12    0.00    0.38    6.00    0.00    0.00    0.00   74.25
11:20:15 PM    0    1.01    0.00   76.77    0.00    0.00   19.19    0.00    0.00    0.00    3.03
11:20:15 PM    1    0.99    0.00   76.24    0.00    0.99   17.82    0.00    0.00    0.00    3.96
11:20:15 PM    2    0.00    0.00    0.00    0.00    1.00    3.00    0.00    0.00    0.00   96.00
11:20:15 PM    3    0.00    0.00    0.00    0.00    1.00    5.00    0.00    0.00    0.00   94.00
11:20:15 PM    4    0.00    0.00    0.00    0.00    0.00    3.00    0.00    0.00    0.00   97.00
11:20:15 PM    5    0.00    0.00    0.00    0.00    0.00    0.00    0.00    0.00    0.00  100.00
11:20:15 PM    6    0.00    0.00    0.00    0.00    0.00    0.00    0.00    0.00    0.00  100.00
11:20:15 PM    7    0.00    0.00    0.00    0.00    0.00    0.00    0.00    0.00    0.00  100.00

11:20:15 PM  CPU    %usr   %nice    %sys %iowait    %irq   %soft  %steal  %guest  %gnice   %idle
11:20:16 PM  all    0.12    0.00   19.60    0.00    0.37    5.62    0.00    0.00    0.00   74.28
11:20:16 PM    0    0.00    0.00   77.00    0.00    1.00   19.00    0.00    0.00    0.00    3.00
11:20:16 PM    1    1.00    0.00   78.00    0.00    0.00   19.00    0.00    0.00    0.00    2.00
11:20:16 PM    2    0.00    0.00    0.99    0.00    0.99    1.98    0.00    0.00    0.00   96.04
11:20:16 PM    3    0.00    0.00    0.99    0.00    0.99    2.97    0.00    0.00    0.00   95.05
11:20:16 PM    4    0.00    0.00    0.00    0.00    0.00    2.02    0.00    0.00    0.00   97.98
11:20:16 PM    5    0.00    0.00    0.00    0.00    0.00    0.00    0.00    0.00    0.00  100.00
11:20:16 PM    6    0.00    0.00    0.00    0.00    0.00    0.00    0.00    0.00    0.00  100.00
11:20:16 PM    7    0.00    0.00    0.00    0.00    0.00    0.00    0.00    0.00    0.00  100.00

11:20:16 PM  CPU    %usr   %nice    %sys %iowait    %irq   %soft  %steal  %guest  %gnice   %idle
11:20:17 PM  all    0.38    0.00   19.27    0.00    0.00    6.01    0.00    0.00    0.00   74.34
11:20:17 PM    0    2.00    0.00   76.00    0.00    0.00   19.00    0.00    0.00    0.00    3.00
11:20:17 PM    1    1.01    0.00   78.79    0.00    0.00   18.18    0.00    0.00    0.00    2.02
11:20:17 PM    2    0.00    0.00    0.00    0.00    0.00    3.03    0.00    0.00    0.00   96.97
11:20:17 PM    3    0.00    0.00    0.00    0.00    0.00    4.04    0.00    0.00    0.00   95.96
11:20:17 PM    4    0.00    0.00    0.00    0.00    0.00    2.97    0.00    0.00    0.00   97.03
11:20:17 PM    5    0.00    0.00    0.00    0.00    0.00    0.99    0.00    0.00    0.00   99.01
11:20:17 PM    6    0.00    0.00    0.00    0.00    0.00    0.00    0.00    0.00    0.00  100.00
11:20:17 PM    7    0.00    0.00    0.00    0.00    0.00    0.00    0.00    0.00    0.00  100.00

11:20:17 PM  CPU    %usr   %nice    %sys %iowait    %irq   %soft  %steal  %guest  %gnice   %idle
11:20:18 PM  all    0.13    0.00   19.30    0.00    0.38    5.76    0.00    0.00    0.00   74.44
11:20:18 PM    0    0.00    0.00   77.78    0.00    0.00   19.19    0.00    0.00    0.00    3.03
11:20:18 PM    1    1.00    0.00   77.00    0.00    1.00   18.00    0.00    0.00    0.00    3.00
11:20:18 PM    2    0.00    0.00    0.00    0.00    1.01    2.02    0.00    0.00    0.00   96.97
11:20:18 PM    3    0.00    0.00    0.00    0.00    0.99    4.95    0.00    0.00    0.00   94.06
11:20:18 PM    4    0.00    0.00    0.00    0.00    0.00    2.02    0.00    0.00    0.00   97.98
11:20:18 PM    5    0.00    0.00    0.00    0.00    0.00    0.00    0.00    0.00    0.00  100.00
11:20:18 PM    6    0.00    0.00    0.00    0.00    0.00    0.00    0.00    0.00    0.00  100.00
11:20:18 PM    7    0.00    0.00    0.00    0.00    0.00    0.00    0.00    0.00    0.00  100.00

11:20:18 PM  CPU    %usr   %nice    %sys %iowait    %irq   %soft  %steal  %guest  %gnice   %idle
11:20:19 PM  all    0.25    0.00   19.45    0.00    0.37    5.86    0.00    0.00    0.00   74.06
11:20:19 PM    0    0.99    0.00   77.23    0.00    0.99   18.81    0.00    0.00    0.00    1.98
11:20:19 PM    1    0.99    0.00   77.23    0.00    0.00   18.81    0.00    0.00    0.00    2.97
11:20:19 PM    2    0.00    0.00    0.00    0.00    0.99    2.97    0.00    0.00    0.00   96.04
11:20:19 PM    3    0.00    0.00    0.00    0.00    1.00    4.00    0.00    0.00    0.00   95.00
11:20:19 PM    4    0.00    0.00    0.00    0.00    0.00    2.00    0.00    0.00    0.00   98.00
11:20:19 PM    5    0.00    0.00    0.00    0.00    0.00    0.00    0.00    0.00    0.00  100.00
11:20:19 PM    6    0.00    0.00    0.00    0.00    0.00    0.00    0.00    0.00    0.00  100.00
11:20:19 PM    7    0.00    0.00    0.00    0.00    0.00    0.00    0.00    0.00    0.00  100.00

11:20:19 PM  CPU    %usr   %nice    %sys %iowait    %irq   %soft  %steal  %guest  %gnice   %idle
11:20:20 PM  all    0.12    0.00   19.18    0.00    0.25    5.85    0.00    0.00    0.00   74.60
11:20:20 PM    0    0.00    0.00   77.00    0.00    0.00   19.00    0.00    0.00    0.00    4.00
11:20:20 PM    1    1.00    0.00   77.00    0.00    0.00   17.00    0.00    0.00    0.00    5.00
11:20:20 PM    2    0.00    0.00    0.00    0.00    1.00    2.00    0.00    0.00    0.00   97.00
11:20:20 PM    3    0.00    0.00    0.00    0.00    0.99    4.95    0.00    0.00    0.00   94.06
11:20:20 PM    4    0.00    0.00    0.00    0.00    0.00    3.96    0.00    0.00    0.00   96.04
11:20:20 PM    5    0.00    0.00    0.00    0.00    0.00    0.00    0.00    0.00    0.00  100.00
11:20:20 PM    6    0.00    0.00    0.00    0.00    0.00    0.00    0.00    0.00    0.00  100.00
11:20:20 PM    7    0.00    0.00    0.00    0.00    0.00    0.00    0.00    0.00    0.00  100.00

11:20:20 PM  CPU    %usr   %nice    %sys %iowait    %irq   %soft  %steal  %guest  %gnice   %idle
11:20:21 PM  all    0.25    0.00   19.42    0.00    0.13    6.14    0.00    0.00    0.00   74.06
11:20:21 PM    0    1.01    0.00   77.78    0.00    0.00   20.20    0.00    0.00    0.00    1.01
11:20:21 PM    1    0.99    0.00   77.23    0.00    0.99   18.81    0.00    0.00    0.00    1.98
11:20:21 PM    2    0.00    0.00    0.00    0.00    0.00    3.03    0.00    0.00    0.00   96.97
11:20:21 PM    3    0.00    0.00    0.00    0.00    0.00    5.05    0.00    0.00    0.00   94.95
11:20:21 PM    4    0.00    0.00    0.00    0.00    0.00    2.00    0.00    0.00    0.00   98.00
11:20:21 PM    5    0.00    0.00    0.00    0.00    0.00    0.00    0.00    0.00    0.00  100.00
11:20:21 PM    6    0.00    0.00    0.00    0.00    0.00    0.00    0.00    0.00    0.00  100.00
11:20:21 PM    7    0.00    0.00    0.00    0.00    0.00    0.00    0.00    0.00    0.00  100.00

11:20:21 PM  CPU    %usr   %nice    %sys %iowait    %irq   %soft  %steal  %guest  %gnice   %idle
11:20:22 PM  all    0.25    0.00   19.05    0.00    0.38    5.76    0.00    0.00    0.00   74.56
11:20:22 PM    0    1.00    0.00   76.00    0.00    1.00   19.00    0.00    0.00    0.00    3.00
11:20:22 PM    1    1.01    0.00   76.77    0.00    0.00   18.18    0.00    0.00    0.00    4.04
11:20:22 PM    2    0.00    0.00    0.00    0.00    1.01    2.02    0.00    0.00    0.00   96.97
11:20:22 PM    3    0.00    0.00    0.00    0.00    0.99    4.95    0.00    0.00    0.00   94.06
11:20:22 PM    4    0.00    0.00    0.00    0.00    0.00    2.02    0.00    0.00    0.00   97.98
11:20:22 PM    5    0.00    0.00    0.00    0.00    0.00    0.00    0.00    0.00    0.00  100.00
11:20:22 PM    6    0.00    0.00    0.00    0.00    0.00    0.00    0.00    0.00    0.00  100.00
11:20:22 PM    7    0.00    0.00    0.00    0.00    0.00    0.00    0.00    0.00    0.00  100.00

11:20:22 PM  CPU    %usr   %nice    %sys %iowait    %irq   %soft  %steal  %guest  %gnice   %idle
11:20:23 PM  all    0.13    0.00   18.97    0.00    0.13    6.16    0.00    0.00    0.00   74.62
11:20:23 PM    0    1.01    0.00   76.77    0.00    0.00   19.19    0.00    0.00    0.00    3.03
11:20:23 PM    1    0.00    0.00   78.12    0.00    0.00   18.75    0.00    0.00    0.00    3.12
11:20:23 PM    2    0.00    0.00    0.00    0.00    0.00    3.00    0.00    0.00    0.00   97.00
11:20:23 PM    3    0.00    0.00    0.00    0.00    1.00    5.00    0.00    0.00    0.00   94.00
11:20:23 PM    4    0.00    0.00    0.00    0.00    0.00    3.96    0.00    0.00    0.00   96.04
11:20:23 PM    5    0.00    0.00    0.00    0.00    0.00    0.00    0.00    0.00    0.00  100.00
11:20:23 PM    6    0.00    0.00    0.00    0.00    0.00    0.00    0.00    0.00    0.00  100.00
11:20:23 PM    7    0.00    0.00    0.00    0.00    0.00    0.00    0.00    0.00    0.00  100.00

11:20:23 PM  CPU    %usr   %nice    %sys %iowait    %irq   %soft  %steal  %guest  %gnice   %idle
11:20:24 PM  all    0.25    0.00   19.05    0.00    0.50    5.76    0.00    0.00    0.00   74.44
11:20:24 PM    0    1.00    0.00   77.00    0.00    0.00   20.00    0.00    0.00    0.00    2.00
11:20:24 PM    1    1.01    0.00   75.76    0.00    1.01   18.18    0.00    0.00    0.00    4.04
11:20:24 PM    2    0.00    0.00    0.00    0.00    1.00    2.00    0.00    0.00    0.00   97.00
11:20:24 PM    3    0.00    0.00    0.00    0.00    1.00    4.00    0.00    0.00    0.00   95.00
11:20:24 PM    4    0.00    0.00    0.00    0.00    1.00    2.00    0.00    0.00    0.00   97.00
11:20:24 PM    5    0.00    0.00    0.00    0.00    0.00    0.00    0.00    0.00    0.00  100.00
11:20:24 PM    6    0.00    0.00    0.00    0.00    0.00    0.00    0.00    0.00    0.00  100.00
11:20:24 PM    7    0.00    0.00    0.00    0.00    0.00    0.00    0.00    0.00    0.00  100.00

11:20:24 PM  CPU    %usr   %nice    %sys %iowait    %irq   %soft  %steal  %guest  %gnice   %idle
11:20:25 PM  all    0.13    0.00   19.35    0.00    0.25    5.65    0.00    0.00    0.00   74.62
11:20:25 PM    0    0.00    0.00   78.79    0.00    1.01   19.19    0.00    0.00    0.00    1.01
11:20:25 PM    1    1.02    0.00   77.55    0.00    0.00   19.39    0.00    0.00    0.00    2.04
11:20:25 PM    2    0.00    0.00    0.00    0.00    1.00    2.00    0.00    0.00    0.00   97.00
11:20:25 PM    3    0.00    0.00    0.00    0.00    0.00    4.04    0.00    0.00    0.00   95.96
11:20:25 PM    4    0.00    0.00    0.00    0.00    0.00    1.00    0.00    0.00    0.00   99.00
11:20:25 PM    5    0.00    0.00    0.00    0.00    0.00    0.00    0.00    0.00    0.00  100.00
11:20:25 PM    6    0.00    0.00    0.00    0.00    0.00    0.00    0.00    0.00    0.00  100.00
11:20:25 PM    7    0.00    0.00    0.00    0.00    0.00    0.00    0.00    0.00    0.00  100.00

11:20:25 PM  CPU    %usr   %nice    %sys %iowait    %irq   %soft  %steal  %guest  %gnice   %idle
11:20:26 PM  all    0.25    0.00   18.87    0.00    0.13    6.04    0.00    0.00    0.00   74.72
11:20:26 PM    0    1.03    0.00   77.32    0.00    0.00   19.59    0.00    0.00    0.00    2.06
11:20:26 PM    1    1.03    0.00   77.32    0.00    0.00   18.56    0.00    0.00    0.00    3.09
11:20:26 PM    2    0.00    0.00    0.00    0.00    0.00    3.00    0.00    0.00    0.00   97.00
11:20:26 PM    3    0.00    0.00    0.00    0.00    0.99    4.95    0.00    0.00    0.00   94.06
11:20:26 PM    4    0.00    0.00    0.00    0.00    0.00    3.00    0.00    0.00    0.00   97.00
11:20:26 PM    5    0.00    0.00    0.00    0.00    0.00    0.00    0.00    0.00    0.00  100.00
11:20:26 PM    6    0.00    0.00    0.00    0.00    0.00    0.00    0.00    0.00    0.00  100.00
11:20:26 PM    7    0.00    0.00    0.00    0.00    0.00    0.00    0.00    0.00    0.00  100.00

11:20:26 PM  CPU    %usr   %nice    %sys %iowait    %irq   %soft  %steal  %guest  %gnice   %idle
11:20:27 PM  all    0.25    0.00   18.99    0.00    0.38    5.91    0.00    0.00    0.00   74.47
11:20:27 PM    0    1.03    0.00   77.32    0.00    0.00   20.62    0.00    0.00    0.00    1.03
11:20:27 PM    1    1.01    0.00   76.77    0.00    1.01   19.19    0.00    0.00    0.00    2.02
11:20:27 PM    2    0.00    0.00    0.00    0.00    1.01    2.02    0.00    0.00    0.00   96.97
11:20:27 PM    3    0.00    0.00    0.00    0.00    1.00    4.00    0.00    0.00    0.00   95.00
11:20:27 PM    4    0.00    0.00    0.00    0.00    0.00    2.00    0.00    0.00    0.00   98.00
11:20:27 PM    5    0.00    0.00    0.00    0.00    0.00    0.00    0.00    0.00    0.00  100.00
11:20:27 PM    6    0.00    0.00    0.00    0.00    0.00    0.00    0.00    0.00    0.00  100.00
11:20:27 PM    7    0.00    0.00    0.00    0.00    0.00    0.00    0.00    0.00    0.00  100.00

11:20:27 PM  CPU    %usr   %nice    %sys %iowait    %irq   %soft  %steal  %guest  %gnice   %idle
11:20:28 PM  all    0.13    0.00   19.14    0.00    0.13    5.92    0.00    0.00    0.00   74.69
11:20:28 PM    0    0.00    0.00   76.77    0.00    1.01   20.20    0.00    0.00    0.00    2.02
11:20:28 PM    1    1.03    0.00   78.35    0.00    0.00   18.56    0.00    0.00    0.00    2.06
11:20:28 PM    2    0.00    0.00    0.00    0.00    0.00    2.02    0.00    0.00    0.00   97.98
11:20:28 PM    3    0.00    0.00    0.00    0.00    0.00    4.04    0.00    0.00    0.00   95.96
11:20:28 PM    4    0.00    0.00    0.00    0.00    0.00    3.00    0.00    0.00    0.00   97.00
11:20:28 PM    5    0.00    0.00    0.00    0.00    0.00    0.00    0.00    0.00    0.00  100.00
11:20:28 PM    6    0.00    0.00    0.00    0.00    0.00    0.00    0.00    0.00    0.00  100.00
11:20:28 PM    7    0.00    0.00    0.00    0.00    0.00    0.00    0.00    0.00    0.00  100.00

11:20:28 PM  CPU    %usr   %nice    %sys %iowait    %irq   %soft  %steal  %guest  %gnice   %idle
11:20:29 PM  all    0.25    0.00   18.90    0.00    0.25    6.01    0.00    0.00    0.00   74.59
11:20:29 PM    0    2.04    0.00   75.51    0.00    0.00   19.39    0.00    0.00    0.00    3.06
11:20:29 PM    1    0.00    0.00   77.55    0.00    0.00   19.39    0.00    0.00    0.00    3.06
11:20:29 PM    2    0.00    0.00    0.98    0.00    0.98    2.94    0.00    0.00    0.00   95.10
11:20:29 PM    3    0.00    0.00    0.00    0.00    0.99    4.95    0.00    0.00    0.00   94.06
11:20:29 PM    4    0.00    0.00    0.00    0.00    0.00    2.00    0.00    0.00    0.00   98.00
11:20:29 PM    5    0.00    0.00    0.00    0.00    0.00    0.00    0.00    0.00    0.00  100.00
11:20:29 PM    6    0.00    0.00    0.00    0.00    0.00    0.00    0.00    0.00    0.00  100.00
11:20:29 PM    7    0.00    0.00    0.00    0.00    0.00    0.00    0.00    0.00    0.00  100.00

11:20:29 PM  CPU    %usr   %nice    %sys %iowait    %irq   %soft  %steal  %guest  %gnice   %idle
11:20:30 PM  all    0.13    0.00   19.17    0.00    0.25    5.76    0.00    0.00    0.00   74.69
11:20:30 PM    0    0.00    0.00   78.35    0.00    0.00   19.59    0.00    0.00    0.00    2.06
11:20:30 PM    1    1.01    0.00   77.78    0.00    0.00   18.18    0.00    0.00    0.00    3.03
11:20:30 PM    2    0.00    0.00    0.00    0.00    1.00    2.00    0.00    0.00    0.00   97.00
11:20:30 PM    3    0.00    0.00    0.00    0.00    1.00    4.00    0.00    0.00    0.00   95.00
11:20:30 PM    4    0.00    0.00    0.00    0.00    0.00    2.97    0.00    0.00    0.00   97.03
11:20:30 PM    5    0.00    0.00    0.00    0.00    0.00    0.00    0.00    0.00    0.00  100.00
11:20:30 PM    6    0.00    0.00    0.00    0.00    0.00    0.00    0.00    0.00    0.00  100.00
11:20:30 PM    7    0.00    0.00    0.00    0.00    0.00    0.00    0.00    0.00    0.00  100.00

11:20:30 PM  CPU    %usr   %nice    %sys %iowait    %irq   %soft  %steal  %guest  %gnice   %idle
11:20:31 PM  all    0.25    0.00   19.12    0.00    0.38    5.79    0.00    0.00    0.00   74.47
11:20:31 PM    0    1.01    0.00   76.77    0.00    1.01   19.19    0.00    0.00    0.00    2.02
11:20:31 PM    1    1.02    0.00   77.55    0.00    1.02   18.37    0.00    0.00    0.00    2.04
11:20:31 PM    2    0.00    0.00    0.00    0.00    0.00    2.04    0.00    0.00    0.00   97.96
11:20:31 PM    3    0.00    0.00    0.00    0.00    0.99    4.95    0.00    0.00    0.00   94.06
11:20:31 PM    4    0.00    0.00    0.00    0.00    0.00    2.02    0.00    0.00    0.00   97.98
11:20:31 PM    5    0.00    0.00    0.00    0.00    0.00    0.00    0.00    0.00    0.00  100.00
11:20:31 PM    6    0.00    0.00    0.00    0.00    0.00    0.00    0.00    0.00    0.00  100.00
11:20:31 PM    7    0.00    0.00    0.00    0.00    0.00    0.00    0.00    0.00    0.00  100.00

11:20:31 PM  CPU    %usr   %nice    %sys %iowait    %irq   %soft  %steal  %guest  %gnice   %idle
11:20:32 PM  all    0.38    0.00   19.50    0.00    0.12    5.50    0.00    0.00    0.00   74.50
11:20:32 PM    0    2.04    0.00   78.57    0.00    0.00   18.37    0.00    0.00    0.00    1.02
11:20:32 PM    1    1.00    0.00   79.00    0.00    0.00   19.00    0.00    0.00    0.00    1.00
11:20:32 PM    2    0.00    0.00    0.00    0.00    0.99    2.97    0.00    0.00    0.00   96.04
11:20:32 PM    3    0.00    0.00    0.00    0.00    0.00    3.03    0.00    0.00    0.00   96.97
11:20:32 PM    4    0.00    0.00    0.00    0.00    0.00    0.99    0.00    0.00    0.00   99.01
11:20:32 PM    5    0.00    0.00    0.00    0.00    0.00    0.00    0.00    0.00    0.00  100.00
11:20:32 PM    6    0.00    0.00    0.00    0.00    0.00    0.00    0.00    0.00    0.00  100.00
11:20:32 PM    7    0.00    0.00    0.00    0.00    0.00    0.00    0.00    0.00    0.00  100.00

11:20:32 PM  CPU    %usr   %nice    %sys %iowait    %irq   %soft  %steal  %guest  %gnice   %idle
11:20:33 PM  all    0.13    0.00   19.25    0.00    0.13    5.91    0.00    0.00    0.00   74.59
11:20:33 PM    0    1.01    0.00   76.77    0.00    0.00   20.20    0.00    0.00    0.00    2.02
11:20:33 PM    1    0.00    0.00   78.57    0.00    0.00   19.39    0.00    0.00    0.00    2.04
11:20:33 PM    2    0.00    0.00    0.00    0.00    0.00    2.02    0.00    0.00    0.00   97.98
11:20:33 PM    3    0.00    0.00    0.00    0.00    1.00    4.00    0.00    0.00    0.00   95.00
11:20:33 PM    4    0.00    0.00    0.00    0.00    0.00    2.02    0.00    0.00    0.00   97.98
11:20:33 PM    5    0.00    0.00    0.00    0.00    0.00    0.00    0.00    0.00    0.00  100.00
11:20:33 PM    6    0.00    0.00    0.00    0.00    0.00    0.00    0.00    0.00    0.00  100.00
11:20:33 PM    7    0.00    0.00    0.00    0.00    0.00    0.00    0.00    0.00    0.00  100.00

11:20:33 PM  CPU    %usr   %nice    %sys %iowait    %irq   %soft  %steal  %guest  %gnice   %idle
11:20:34 PM  all    0.25    0.00   19.35    0.00    0.37    5.87    0.00    0.00    0.00   74.16
11:20:34 PM    0    1.00    0.00   77.00    0.00    0.00   20.00    0.00    0.00    0.00    2.00
11:20:34 PM    1    1.00    0.00   78.00    0.00    1.00   19.00    0.00    0.00    0.00    1.00
11:20:34 PM    2    0.00    0.00    0.00    0.00    1.00    2.00    0.00    0.00    0.00   97.00
11:20:34 PM    3    0.00    0.00    0.00    0.00    0.99    3.96    0.00    0.00    0.00   95.05
11:20:34 PM    4    0.00    0.00    0.00    0.00    0.00    2.00    0.00    0.00    0.00   98.00
11:20:34 PM    5    0.00    0.00    0.00    0.00    0.00    0.00    0.00    0.00    0.00  100.00
11:20:34 PM    6    0.00    0.00    0.00    0.00    0.00    0.00    0.00    0.00    0.00  100.00
11:20:34 PM    7    0.00    0.00    0.00    0.00    0.00    0.00    0.00    0.00    0.00  100.00

11:20:34 PM  CPU    %usr   %nice    %sys %iowait    %irq   %soft  %steal  %guest  %gnice   %idle
11:20:35 PM  all    0.38    0.00   19.02    0.00    0.25    6.01    0.00    0.00    0.00   74.34
11:20:35 PM    0    1.01    0.00   75.76    0.00    1.01   20.20    0.00    0.00    0.00    2.02
11:20:35 PM    1    2.02    0.00   76.77    0.00    0.00   18.18    0.00    0.00    0.00    3.03
11:20:35 PM    2    0.00    0.00    0.00    0.00    1.00    3.00    0.00    0.00    0.00   96.00
11:20:35 PM    3    0.00    0.00    0.00    0.00    0.00    5.00    0.00    0.00    0.00   95.00
11:20:35 PM    4    0.00    0.00    0.99    0.00    0.00    1.98    0.00    0.00    0.00   97.03
11:20:35 PM    5    0.00    0.00    0.00    0.00    0.00    0.00    0.00    0.00    0.00  100.00
11:20:35 PM    6    0.00    0.00    0.00    0.00    0.00    0.00    0.00    0.00    0.00  100.00
11:20:35 PM    7    0.00    0.00    0.00    0.00    0.00    0.00    0.00    0.00    0.00  100.00

11:20:35 PM  CPU    %usr   %nice    %sys %iowait    %irq   %soft  %steal  %guest  %gnice   %idle
11:20:36 PM  all    0.13    0.00   19.27    0.00    0.25    5.67    0.00    0.00    0.00   74.69
11:20:36 PM    0    0.00    0.00   79.59    0.00    0.00   19.39    0.00    0.00    0.00    1.02
11:20:36 PM    1    1.02    0.00   76.53    0.00    0.00   18.37    0.00    0.00    0.00    4.08
11:20:36 PM    2    0.00    0.00    0.00    0.00    0.00    2.04    0.00    0.00    0.00   97.96
11:20:36 PM    3    0.00    0.00    0.00    0.00    1.01    3.03    0.00    0.00    0.00   95.96
11:20:36 PM    4    0.00    0.00    0.00    0.00    0.99    2.97    0.00    0.00    0.00   96.04
11:20:36 PM    5    0.00    0.00    0.00    0.00    0.00    0.00    0.00    0.00    0.00  100.00
11:20:36 PM    6    0.00    0.00    0.00    0.00    0.00    0.00    0.00    0.00    0.00  100.00
11:20:36 PM    7    0.00    0.00    0.00    0.00    0.00    0.00    0.00    0.00    0.00  100.00

11:20:36 PM  CPU    %usr   %nice    %sys %iowait    %irq   %soft  %steal  %guest  %gnice   %idle
11:20:37 PM  all    0.25    0.00   19.01    0.12    0.37    6.34    0.00    0.00    0.00   73.91
11:20:37 PM    0    1.01    0.00   76.77    0.00    0.00   20.20    0.00    0.00    0.00    2.02
11:20:37 PM    1    0.98    0.00   74.51    0.98    0.98   18.63    0.00    0.00    0.00    3.92
11:20:37 PM    2    0.00    0.00    0.00    0.00    0.99    2.97    0.00    0.00    0.00   96.04
11:20:37 PM    3    0.00    0.00    0.98    0.00    0.98    4.90    0.00    0.00    0.00   93.14
11:20:37 PM    4    0.00    0.00    0.00    0.00    0.00    3.00    0.00    0.00    0.00   97.00
11:20:37 PM    5    0.00    0.00    0.00    0.00    0.00    0.99    0.00    0.00    0.00   99.01
11:20:37 PM    6    0.00    0.00    0.00    0.00    0.00    0.00    0.00    0.00    0.00  100.00
11:20:37 PM    7    0.00    0.00    0.00    0.00    0.00    0.00    0.00    0.00    0.00  100.00

11:20:37 PM  CPU    %usr   %nice    %sys %iowait    %irq   %soft  %steal  %guest  %gnice   %idle
11:20:38 PM  all    0.13    0.00   19.35    0.00    0.25    5.65    0.00    0.00    0.00   74.62
11:20:38 PM    0    0.00    0.00   77.78    0.00    1.01   19.19    0.00    0.00    0.00    2.02
11:20:38 PM    1    1.02    0.00   78.57    0.00    0.00   18.37    0.00    0.00    0.00    2.04
11:20:38 PM    2    0.00    0.00    0.00    0.00    1.00    2.00    0.00    0.00    0.00   97.00
11:20:38 PM    3    0.00    0.00    0.00    0.00    0.00    4.04    0.00    0.00    0.00   95.96
11:20:38 PM    4    0.00    0.00    0.00    0.00    0.00    2.00    0.00    0.00    0.00   98.00
11:20:38 PM    5    0.00    0.00    0.00    0.00    0.00    0.00    0.00    0.00    0.00  100.00
11:20:38 PM    6    0.00    0.00    0.00    0.00    0.00    0.00    0.00    0.00    0.00  100.00
11:20:38 PM    7    0.00    0.00    0.00    0.00    0.00    0.00    0.00    0.00    0.00  100.00

11:20:38 PM  CPU    %usr   %nice    %sys %iowait    %irq   %soft  %steal  %guest  %gnice   %idle
11:20:39 PM  all    0.13    0.00   19.30    0.00    0.13    5.89    0.00    0.00    0.00   74.56
11:20:39 PM    0    0.99    0.00   76.24    0.00    0.00   19.80    0.00    0.00    0.00    2.97
11:20:39 PM    1    0.00    0.00   78.57    0.00    0.00   18.37    0.00    0.00    0.00    3.06
11:20:39 PM    2    0.00    0.00    0.00    0.00    0.00    3.03    0.00    0.00    0.00   96.97
11:20:39 PM    3    0.00    0.00    0.00    0.00    1.00    4.00    0.00    0.00    0.00   95.00
11:20:39 PM    4    0.00    0.00    0.00    0.00    0.00    2.00    0.00    0.00    0.00   98.00
11:20:39 PM    5    0.00    0.00    0.00    0.00    0.00    0.00    0.00    0.00    0.00  100.00
11:20:39 PM    6    0.00    0.00    0.00    0.00    0.00    0.00    0.00    0.00    0.00  100.00
11:20:39 PM    7    0.00    0.00    0.00    0.00    0.00    0.00    0.00    0.00    0.00  100.00

11:20:39 PM  CPU    %usr   %nice    %sys %iowait    %irq   %soft  %steal  %guest  %gnice   %idle
11:20:40 PM  all    0.25    0.00   19.25    0.00    0.38    5.88    0.00    0.00    0.00   74.25
11:20:40 PM    0    1.01    0.00   77.78    0.00    0.00   19.19    0.00    0.00    0.00    2.02
11:20:40 PM    1    1.00    0.00   77.00    0.00    1.00   18.00    0.00    0.00    0.00    3.00
11:20:40 PM    2    0.00    0.00    0.00    0.00    1.00    2.00    0.00    0.00    0.00   97.00
11:20:40 PM    3    0.00    0.00    0.00    0.00    0.99    4.95    0.00    0.00    0.00   94.06
11:20:40 PM    4    0.00    0.00    0.00    0.00    0.00    3.00    0.00    0.00    0.00   97.00
11:20:40 PM    5    0.00    0.00    0.00    0.00    0.00    0.00    0.00    0.00    0.00  100.00
11:20:40 PM    6    0.00    0.00    0.00    0.00    0.00    0.00    0.00    0.00    0.00  100.00
11:20:40 PM    7    0.00    0.00    0.00    0.00    0.00    0.00    0.00    0.00    0.00  100.00

11:20:40 PM  CPU    %usr   %nice    %sys %iowait    %irq   %soft  %steal  %guest  %gnice   %idle
11:20:41 PM  all    0.13    0.00   19.27    0.00    0.25    5.76    0.00    0.00    0.00   74.59
11:20:41 PM    0    0.00    0.00   78.00    0.00    1.00   19.00    0.00    0.00    0.00    2.00
11:20:41 PM    1    1.01    0.00   76.77    0.00    0.00   18.18    0.00    0.00    0.00    4.04
11:20:41 PM    2    0.00    0.00    0.00    0.00    1.00    2.00    0.00    0.00    0.00   97.00
11:20:41 PM    3    0.00    0.00    0.00    0.00    0.00    5.00    0.00    0.00    0.00   95.00
11:20:41 PM    4    0.00    0.00    0.00    0.00    0.00    2.00    0.00    0.00    0.00   98.00
11:20:41 PM    5    0.00    0.00    0.00    0.00    0.00    0.00    0.00    0.00    0.00  100.00
11:20:41 PM    6    0.00    0.00    0.00    0.00    0.00    0.00    0.00    0.00    0.00  100.00
11:20:41 PM    7    0.00    0.00    0.00    0.00    0.00    0.00    0.00    0.00    0.00  100.00

11:20:41 PM  CPU    %usr   %nice    %sys %iowait    %irq   %soft  %steal  %guest  %gnice   %idle
11:20:42 PM  all    0.25    0.00   19.07    0.00    0.13    6.02    0.00    0.00    0.00   74.53
11:20:42 PM    0    1.02    0.00   76.53    0.00    0.00   19.39    0.00    0.00    0.00    3.06
11:20:42 PM    1    1.00    0.00   77.00    0.00    0.00   19.00    0.00    0.00    0.00    3.00
11:20:42 PM    2    0.00    0.00    0.00    0.00    0.00    3.03    0.00    0.00    0.00   96.97
11:20:42 PM    3    0.00    0.00    0.00    0.00    1.00    4.00    0.00    0.00    0.00   95.00
11:20:42 PM    4    0.00    0.00    0.00    0.00    0.00    3.00    0.00    0.00    0.00   97.00
11:20:42 PM    5    0.00    0.00    0.00    0.00    0.00    0.00    0.00    0.00    0.00  100.00
11:20:42 PM    6    0.00    0.00    0.00    0.00    0.00    0.00    0.00    0.00    0.00  100.00
11:20:42 PM    7    0.00    0.00    0.00    0.00    0.00    0.00    0.00    0.00    0.00  100.00

11:20:42 PM  CPU    %usr   %nice    %sys %iowait    %irq   %soft  %steal  %guest  %gnice   %idle
11:20:43 PM  all    0.13    0.00   19.42    0.00    0.38    5.64    0.00    0.00    0.00   74.44
11:20:43 PM    0    0.00    0.00   78.57    0.00    0.00   19.39    0.00    0.00    0.00    2.04
11:20:43 PM    1    1.00    0.00   77.00    0.00    1.00   18.00    0.00    0.00    0.00    3.00
11:20:43 PM    2    0.00    0.00    1.00    0.00    1.00    2.00    0.00    0.00    0.00   96.00
11:20:43 PM    3    0.00    0.00    0.00    0.00    1.00    4.00    0.00    0.00    0.00   95.00
11:20:43 PM    4    0.00    0.00    0.00    0.00    0.00    2.00    0.00    0.00    0.00   98.00
11:20:43 PM    5    0.00    0.00    0.00    0.00    0.00    0.00    0.00    0.00    0.00  100.00
11:20:43 PM    6    0.00    0.00    0.00    0.00    0.00    0.00    0.00    0.00    0.00  100.00
11:20:43 PM    7    0.00    0.00    0.00    0.00    0.00    0.00    0.00    0.00    0.00  100.00

11:20:43 PM  CPU    %usr   %nice    %sys %iowait    %irq   %soft  %steal  %guest  %gnice   %idle
11:20:44 PM  all    0.38    0.00   18.75    0.00    0.38    6.38    0.00    0.00    0.00   74.12
11:20:44 PM    0    1.96    0.00   72.55    0.00    0.98   18.63    0.00    0.00    0.00    5.88
11:20:44 PM    1    1.01    0.00   76.77    0.00    0.00   18.18    0.00    0.00    0.00    4.04
11:20:44 PM    2    0.00    0.00    0.00    0.00    1.00    3.00    0.00    0.00    0.00   96.00
11:20:44 PM    3    0.00    0.00    0.00    0.00    0.00    6.06    0.00    0.00    0.00   93.94
11:20:44 PM    4    0.00    0.00    0.00    0.00    1.00    5.00    0.00    0.00    0.00   94.00
11:20:44 PM    5    0.00    0.00    0.00    0.00    0.00    0.00    0.00    0.00    0.00  100.00
11:20:44 PM    6    0.00    0.00    0.00    0.00    0.00    0.00    0.00    0.00    0.00  100.00
11:20:44 PM    7    0.00    0.00    0.00    0.00    0.00    0.00    0.00    0.00    0.00  100.00

11:20:44 PM  CPU    %usr   %nice    %sys %iowait    %irq   %soft  %steal  %guest  %gnice   %idle
11:20:45 PM  all    0.00    0.00   19.30    0.00    0.25    6.02    0.00    0.00    0.00   74.44
11:20:45 PM    0    0.00    0.00   77.55    0.00    0.00   19.39    0.00    0.00    0.00    3.06
11:20:45 PM    1    0.00    0.00   78.79    0.00    0.00   18.18    0.00    0.00    0.00    3.03
11:20:45 PM    2    0.00    0.00    0.00    0.00    1.00    3.00    0.00    0.00    0.00   96.00
11:20:45 PM    3    0.00    0.00    0.00    0.00    0.99    4.95    0.00    0.00    0.00   94.06
11:20:45 PM    4    0.00    0.00    0.00    0.00    0.00    3.00    0.00    0.00    0.00   97.00
11:20:45 PM    5    0.00    0.00    0.00    0.00    0.00    0.00    0.00    0.00    0.00  100.00
11:20:45 PM    6    0.00    0.00    0.00    0.00    0.00    0.00    0.00    0.00    0.00  100.00
11:20:45 PM    7    0.00    0.00    0.00    0.00    0.00    0.00    0.00    0.00    0.00  100.00

11:20:45 PM  CPU    %usr   %nice    %sys %iowait    %irq   %soft  %steal  %guest  %gnice   %idle
11:20:46 PM  all    0.12    0.00   19.25    0.00    0.25    5.88    0.00    0.00    0.00   74.50
11:20:46 PM    0    0.00    0.00   76.77    0.00    0.00   19.19    0.00    0.00    0.00    4.04
11:20:46 PM    1    0.98    0.00   76.47    0.00    0.98   18.63    0.00    0.00    0.00    2.94
11:20:46 PM    2    0.00    0.00    0.00    0.00    0.00    2.02    0.00    0.00    0.00   97.98
11:20:46 PM    3    0.00    0.00    0.00    0.00    1.01    4.04    0.00    0.00    0.00   94.95
11:20:46 PM    4    0.00    0.00    0.00    0.00    0.00    3.00    0.00    0.00    0.00   97.00
11:20:46 PM    5    0.00    0.00    0.00    0.00    0.00    0.00    0.00    0.00    0.00  100.00
11:20:46 PM    6    0.00    0.00    0.00    0.00    0.00    0.00    0.00    0.00    0.00  100.00
11:20:46 PM    7    0.00    0.00    0.00    0.00    0.00    0.00    0.00    0.00    0.00  100.00

11:20:46 PM  CPU    %usr   %nice    %sys %iowait    %irq   %soft  %steal  %guest  %gnice   %idle
11:20:47 PM  all    0.25    0.00   19.33    0.00    0.37    6.11    0.00    0.00    0.00   73.94
11:20:47 PM    0    0.98    0.00   75.49    0.00    0.98   19.61    0.00    0.00    0.00    2.94
11:20:47 PM    1    1.01    0.00   78.79    0.00    0.00   18.18    0.00    0.00    0.00    2.02
11:20:47 PM    2    0.00    0.00    0.00    0.00    1.00    3.00    0.00    0.00    0.00   96.00
11:20:47 PM    3    0.00    0.00    0.00    0.00    0.99    4.95    0.00    0.00    0.00   94.06
11:20:47 PM    4    0.00    0.00    0.00    0.00    0.00    3.00    0.00    0.00    0.00   97.00
11:20:47 PM    5    0.00    0.00    0.00    0.00    0.00    0.00    0.00    0.00    0.00  100.00
11:20:47 PM    6    0.00    0.00    0.00    0.00    0.00    0.00    0.00    0.00    0.00  100.00
11:20:47 PM    7    0.00    0.00    0.00    0.00    0.00    0.00    0.00    0.00    0.00  100.00

11:20:47 PM  CPU    %usr   %nice    %sys %iowait    %irq   %soft  %steal  %guest  %gnice   %idle
11:20:48 PM  all    0.00    0.00   19.25    0.00    0.13    6.04    0.00    0.00    0.00   74.59
11:20:48 PM    0    0.00    0.00   77.55    0.00    0.00   19.39    0.00    0.00    0.00    3.06
11:20:48 PM    1    0.00    0.00   77.78    0.00    0.00   19.19    0.00    0.00    0.00    3.03
11:20:48 PM    2    0.00    0.00    0.00    0.00    1.01    2.02    0.00    0.00    0.00   96.97
11:20:48 PM    3    0.00    0.00    0.00    0.00    0.00    5.05    0.00    0.00    0.00   94.95
11:20:48 PM    4    0.00    0.00    0.00    0.00    0.00    3.00    0.00    0.00    0.00   97.00
11:20:48 PM    5    0.00    0.00    0.00    0.00    0.00    0.00    0.00    0.00    0.00  100.00
11:20:48 PM    6    0.00    0.00    0.00    0.00    0.00    0.00    0.00    0.00    0.00  100.00
11:20:48 PM    7    0.00    0.00    0.00    0.00    0.00    0.00    0.00    0.00    0.00  100.00

11:20:48 PM  CPU    %usr   %nice    %sys %iowait    %irq   %soft  %steal  %guest  %gnice   %idle
11:20:49 PM  all    0.37    0.00   19.05    0.00    0.37    6.10    0.00    0.00    0.00   74.10
11:20:49 PM    0    2.02    0.00   75.76    0.00    0.00   19.19    0.00    0.00    0.00    3.03
11:20:49 PM    1    0.98    0.00   76.47    0.00    0.98   17.65    0.00    0.00    0.00    3.92
11:20:49 PM    2    0.00    0.00    0.00    0.00    0.99    2.97    0.00    0.00    0.00   96.04
11:20:49 PM    3    0.00    0.00    0.00    0.00    0.99    4.95    0.00    0.00    0.00   94.06
11:20:49 PM    4    0.00    0.00    0.00    0.00    0.00    4.00    0.00    0.00    0.00   96.00
11:20:49 PM    5    0.00    0.00    0.00    0.00    0.00    0.00    0.00    0.00    0.00  100.00
11:20:49 PM    6    0.00    0.00    0.00    0.00    0.00    0.00    0.00    0.00    0.00  100.00
11:20:49 PM    7    0.00    0.00    0.00    0.00    0.00    0.00    0.00    0.00    0.00  100.00

11:20:49 PM  CPU    %usr   %nice    %sys %iowait    %irq   %soft  %steal  %guest  %gnice   %idle
11:20:50 PM  all    0.13    0.00   19.52    0.00    0.38    5.63    0.00    0.00    0.00   74.34
11:20:50 PM    0    0.98    0.00   75.49    0.00    0.98   19.61    0.00    0.00    0.00    2.94
11:20:50 PM    1    0.00    0.00   79.80    0.00    0.00   18.18    0.00    0.00    0.00    2.02
11:20:50 PM    2    0.00    0.00    0.00    0.00    0.00    2.04    0.00    0.00    0.00   97.96
11:20:50 PM    3    0.00    0.00    0.00    0.00    1.00    4.00    0.00    0.00    0.00   95.00
11:20:50 PM    4    0.00    0.00    0.00    0.00    0.00    1.01    0.00    0.00    0.00   98.99
11:20:50 PM    5    0.00    0.00    0.00    0.00    0.99    0.00    0.00    0.00    0.00   99.01
11:20:50 PM    6    0.00    0.00    0.00    0.00    0.00    0.00    0.00    0.00    0.00  100.00
11:20:50 PM    7    0.00    0.00    0.00    0.00    0.00    0.00    0.00    0.00    0.00  100.00

11:20:50 PM  CPU    %usr   %nice    %sys %iowait    %irq   %soft  %steal  %guest  %gnice   %idle
11:20:51 PM  all    0.13    0.00   19.42    0.00    0.25    5.76    0.00    0.00    0.00   74.44
11:20:51 PM    0    0.00    0.00   78.57    0.00    0.00   18.37    0.00    0.00    0.00    3.06
11:20:51 PM    1    1.01    0.00   78.79    0.00    0.00   18.18    0.00    0.00    0.00    2.02
11:20:51 PM    2    0.00    0.00    0.00    0.00    1.00    3.00    0.00    0.00    0.00   96.00
11:20:51 PM    3    0.00    0.00    0.00    0.00    1.00    4.00    0.00    0.00    0.00   95.00
11:20:51 PM    4    0.00    0.00    0.00    0.00    0.00    2.97    0.00    0.00    0.00   97.03
11:20:51 PM    5    0.00    0.00    0.00    0.00    0.00    0.00    0.00    0.00    0.00  100.00
11:20:51 PM    6    0.00    0.00    0.00    0.00    0.00    0.00    0.00    0.00    0.00  100.00
11:20:51 PM    7    0.00    0.00    0.00    0.00    0.00    0.00    0.00    0.00    0.00  100.00

11:20:51 PM  CPU    %usr   %nice    %sys %iowait    %irq   %soft  %steal  %guest  %gnice   %idle
11:20:52 PM  all    0.13    0.00   19.32    0.00    0.13    6.02    0.00    0.00    0.00   74.40
11:20:52 PM    0    1.01    0.00   76.77    0.00    0.00   19.19    0.00    0.00    0.00    3.03
11:20:52 PM    1    0.00    0.00   78.79    0.00    0.00   18.18    0.00    0.00    0.00    3.03
11:20:52 PM    2    0.00    0.00    0.00    0.00    1.00    3.00    0.00    0.00    0.00   96.00
11:20:52 PM    3    0.00    0.00    0.00    0.00    0.00    5.00    0.00    0.00    0.00   95.00
11:20:52 PM    4    0.00    0.00    0.00    0.00    0.00    3.00    0.00    0.00    0.00   97.00
11:20:52 PM    5    0.00    0.00    0.00    0.00    0.00    0.00    0.00    0.00    0.00  100.00
11:20:52 PM    6    0.00    0.00    0.00    0.00    0.00    0.00    0.00    0.00    0.00  100.00
11:20:52 PM    7    0.00    0.00    0.00    0.00    0.00    0.00    0.00    0.00    0.00  100.00

11:20:52 PM  CPU    %usr   %nice    %sys %iowait    %irq   %soft  %steal  %guest  %gnice   %idle
11:20:53 PM  all    0.25    0.00   19.01    0.00    0.62    5.96    0.00    0.00    0.00   74.16
11:20:53 PM    0    0.99    0.00   74.26    0.00    0.99   18.81    0.00    0.00    0.00    4.95
11:20:53 PM    1    0.98    0.00   76.47    0.00    0.98   18.63    0.00    0.00    0.00    2.94
11:20:53 PM    2    0.00    0.00    0.00    0.00    1.00    2.00    0.00    0.00    0.00   97.00
11:20:53 PM    3    0.00    0.00    0.00    0.00    0.99    4.95    0.00    0.00    0.00   94.06
11:20:53 PM    4    0.00    0.00    0.00    0.00    0.99    2.97    0.00    0.00    0.00   96.04
11:20:53 PM    5    0.00    0.00    0.00    0.00    0.00    0.00    0.00    0.00    0.00  100.00
11:20:53 PM    6    0.00    0.00    0.00    0.00    0.00    0.00    0.00    0.00    0.00  100.00
11:20:53 PM    7    0.00    0.00    0.00    0.00    0.00    0.00    0.00    0.00    0.00  100.00

11:20:53 PM  CPU    %usr   %nice    %sys %iowait    %irq   %soft  %steal  %guest  %gnice   %idle
11:20:54 PM  all    0.25    0.00   19.12    0.00    0.12    6.12    0.00    0.00    0.00   74.38
11:20:54 PM    0    1.00    0.00   77.00    0.00    0.00   19.00    0.00    0.00    0.00    3.00
11:20:54 PM    1    1.00    0.00   75.00    0.00    0.00   18.00    0.00    0.00    0.00    6.00
11:20:54 PM    2    0.00    0.00    1.00    0.00    0.00    3.00    0.00    0.00    0.00   96.00
11:20:54 PM    3    0.00    0.00    0.00    0.00    1.00    5.00    0.00    0.00    0.00   94.00
11:20:54 PM    4    0.00    0.00    0.00    0.00    0.00    4.00    0.00    0.00    0.00   96.00
11:20:54 PM    5    0.00    0.00    0.00    0.00    0.00    0.00    0.00    0.00    0.00  100.00
11:20:54 PM    6    0.00    0.00    0.00    0.00    0.00    0.00    0.00    0.00    0.00  100.00
11:20:54 PM    7    0.00    0.00    0.00    0.00    0.00    0.00    0.00    0.00    0.00  100.00

11:20:54 PM  CPU    %usr   %nice    %sys %iowait    %irq   %soft  %steal  %guest  %gnice   %idle
11:20:55 PM  all    0.25    0.00   19.02    0.00    0.25    6.01    0.00    0.00    0.00   74.47
11:20:55 PM    0    1.00    0.00   76.00    0.00    0.00   19.00    0.00    0.00    0.00    4.00
11:20:55 PM    1    1.01    0.00   76.77    0.00    0.00   18.18    0.00    0.00    0.00    4.04
11:20:55 PM    2    0.00    0.00    0.00    0.00    1.00    2.00    0.00    0.00    0.00   97.00
11:20:55 PM    3    0.00    0.00    0.00    0.00    1.00    6.00    0.00    0.00    0.00   93.00
11:20:55 PM    4    0.00    0.00    0.00    0.00    0.00    3.00    0.00    0.00    0.00   97.00
11:20:55 PM    5    0.00    0.00    0.00    0.00    0.00    0.00    0.00    0.00    0.00  100.00
11:20:55 PM    6    0.00    0.00    0.00    0.00    0.00    0.00    0.00    0.00    0.00  100.00
11:20:55 PM    7    0.00    0.00    0.00    0.00    0.00    0.00    0.00    0.00    0.00  100.00

11:20:55 PM  CPU    %usr   %nice    %sys %iowait    %irq   %soft  %steal  %guest  %gnice   %idle
11:20:56 PM  all    0.12    0.00   18.88    0.00    0.38    6.38    0.00    0.00    0.00   74.25
11:20:56 PM    0    0.99    0.00   74.26    0.00    0.99   19.80    0.00    0.00    0.00    3.96
11:20:56 PM    1    0.00    0.00   76.00    0.00    1.00   18.00    0.00    0.00    0.00    5.00
11:20:56 PM    2    0.00    0.00    0.00    0.00    1.00    3.00    0.00    0.00    0.00   96.00
11:20:56 PM    3    0.00    0.00    0.00    0.00    0.00    6.06    0.00    0.00    0.00   93.94
11:20:56 PM    4    0.00    0.00    0.00    0.00    0.00    3.03    0.00    0.00    0.00   96.97
11:20:56 PM    5    0.00    0.00    0.00    0.00    0.00    0.99    0.00    0.00    0.00   99.01
11:20:56 PM    6    0.00    0.00    0.00    0.00    0.00    0.00    0.00    0.00    0.00  100.00
11:20:56 PM    7    0.00    0.00    0.00    0.00    0.00    0.00    0.00    0.00    0.00  100.00

11:20:56 PM  CPU    %usr   %nice    %sys %iowait    %irq   %soft  %steal  %guest  %gnice   %idle
11:20:57 PM  all    0.13    0.00   19.30    0.00    0.13    5.89    0.00    0.00    0.00   74.56
11:20:57 PM    0    0.00    0.00   77.55    0.00    0.00   19.39    0.00    0.00    0.00    3.06
11:20:57 PM    1    1.00    0.00   77.00    0.00    0.00   18.00    0.00    0.00    0.00    4.00
11:20:57 PM    2    0.00    0.00    0.00    0.00    0.00    2.02    0.00    0.00    0.00   97.98
11:20:57 PM    3    0.00    0.00    0.99    0.00    0.99    4.95    0.00    0.00    0.00   93.07
11:20:57 PM    4    0.00    0.00    0.00    0.00    0.00    3.00    0.00    0.00    0.00   97.00
11:20:57 PM    5    0.00    0.00    0.00    0.00    0.00    0.00    0.00    0.00    0.00  100.00
11:20:57 PM    6    0.00    0.00    0.00    0.00    0.00    0.00    0.00    0.00    0.00  100.00
11:20:57 PM    7    0.00    0.00    0.00    0.00    0.00    0.00    0.00    0.00    0.00  100.00

11:20:57 PM  CPU    %usr   %nice    %sys %iowait    %irq   %soft  %steal  %guest  %gnice   %idle
11:20:58 PM  all    0.25    0.00   19.10    0.00    0.25    6.12    0.00    0.00    0.00   74.28
11:20:58 PM    0    0.99    0.00   76.24    0.00    0.00   18.81    0.00    0.00    0.00    3.96
11:20:58 PM    1    1.01    0.00   76.77    0.00    0.00   18.18    0.00    0.00    0.00    4.04
11:20:58 PM    2    0.00    0.00    0.00    0.00    1.00    3.00    0.00    0.00    0.00   96.00
11:20:58 PM    3    0.00    0.00    0.00    0.00    0.99    5.94    0.00    0.00    0.00   93.07
11:20:58 PM    4    0.00    0.00    0.00    0.00    0.00    3.00    0.00    0.00    0.00   97.00
11:20:58 PM    5    0.00    0.00    0.00    0.00    0.00    0.00    0.00    0.00    0.00  100.00
11:20:58 PM    6    0.00    0.00    0.00    0.00    0.00    0.00    0.00    0.00    0.00  100.00
11:20:58 PM    7    0.00    0.00    0.00    0.00    0.00    0.00    0.00    0.00    0.00  100.00

11:20:58 PM  CPU    %usr   %nice    %sys %iowait    %irq   %soft  %steal  %guest  %gnice   %idle
11:20:59 PM  all    0.25    0.00   19.05    0.00    0.50    6.10    0.00    0.00    0.00   74.10
11:20:59 PM    0    0.99    0.00   75.25    0.00    0.99   18.81    0.00    0.00    0.00    3.96
11:20:59 PM    1    0.97    0.00   74.76    0.00    0.97   17.48    0.00    0.00    0.00    5.83
11:20:59 PM    2    0.00    0.00    0.00    0.00    1.01    2.02    0.00    0.00    0.00   96.97
11:20:59 PM    3    0.00    0.00    0.00    0.00    1.00    6.00    0.00    0.00    0.00   93.00
11:20:59 PM    4    0.00    0.00    0.00    0.00    0.00    4.00    0.00    0.00    0.00   96.00
11:20:59 PM    5    0.00    0.00    0.00    0.00    0.00    0.00    0.00    0.00    0.00  100.00
11:20:59 PM    6    0.00    0.00    0.00    0.00    0.00    0.00    0.00    0.00    0.00  100.00
11:20:59 PM    7    0.00    0.00    0.00    0.00    0.00    0.00    0.00    0.00    0.00  100.00

11:20:59 PM  CPU    %usr   %nice    %sys %iowait    %irq   %soft  %steal  %guest  %gnice   %idle
11:21:00 PM  all    0.13    0.00   19.67    0.00    0.13    5.51    0.00    0.00    0.00   74.56
11:21:00 PM    0    1.00    0.00   78.00    0.00    0.00   19.00    0.00    0.00    0.00    2.00
11:21:00 PM    1    0.00    0.00   79.80    0.00    0.00   18.18    0.00    0.00    0.00    2.02
11:21:00 PM    2    0.00    0.00    0.00    0.00    0.00    2.02    0.00    0.00    0.00   97.98
11:21:00 PM    3    0.00    0.00    0.00    0.00    1.00    3.00    0.00    0.00    0.00   96.00
11:21:00 PM    4    0.00    0.00    0.00    0.00    0.00    2.00    0.00    0.00    0.00   98.00
11:21:00 PM    5    0.00    0.00    0.00    0.00    0.00    0.00    0.00    0.00    0.00  100.00
11:21:00 PM    6    0.00    0.00    0.00    0.00    0.00    0.00    0.00    0.00    0.00  100.00
11:21:00 PM    7    0.00    0.00    0.00    0.00    0.00    0.00    0.00    0.00    0.00  100.00

11:21:00 PM  CPU    %usr   %nice    %sys %iowait    %irq   %soft  %steal  %guest  %gnice   %idle
11:21:01 PM  all    0.13    0.00   19.52    0.00    0.13    5.88    0.00    0.00    0.00   74.34
11:21:01 PM    0    0.00    0.00   78.00    0.00    0.00   19.00    0.00    0.00    0.00    3.00
11:21:01 PM    1    1.00    0.00   78.00    0.00    0.00   18.00    0.00    0.00    0.00    3.00
11:21:01 PM    2    0.00    0.00    0.00    0.00    1.00    3.00    0.00    0.00    0.00   96.00
11:21:01 PM    3    0.00    0.00    0.00    0.00    0.00    5.05    0.00    0.00    0.00   94.95
11:21:01 PM    4    0.00    0.00    0.00    0.00    0.00    2.00    0.00    0.00    0.00   98.00
11:21:01 PM    5    0.00    0.00    0.00    0.00    0.00    0.00    0.00    0.00    0.00  100.00
11:21:01 PM    6    0.00    0.00    0.00    0.00    0.00    0.00    0.00    0.00    0.00  100.00
11:21:01 PM    7    0.00    0.00    0.00    0.00    0.00    0.00    0.00    0.00    0.00  100.00

11:21:01 PM  CPU    %usr   %nice    %sys %iowait    %irq   %soft  %steal  %guest  %gnice   %idle
11:21:02 PM  all    0.37    0.00   19.03    0.00    0.62    5.97    0.00    0.00    0.00   74.00
11:21:02 PM    0    1.00    0.00   76.00    0.00    1.00   19.00    0.00    0.00    0.00    3.00
11:21:02 PM    1    1.96    0.00   75.49    0.00    0.98   17.65    0.00    0.00    0.00    3.92
11:21:02 PM    2    0.00    0.00    0.00    0.00    1.00    2.00    0.00    0.00    0.00   97.00
11:21:02 PM    3    0.00    0.00    0.00    0.00    0.99    4.95    0.00    0.00    0.00   94.06
11:21:02 PM    4    0.00    0.00    0.00    0.00    0.99    3.96    0.00    0.00    0.00   95.05
11:21:02 PM    5    0.00    0.00    0.00    0.00    0.00    0.00    0.00    0.00    0.00  100.00
11:21:02 PM    6    0.00    0.00    0.00    0.00    0.00    0.00    0.00    0.00    0.00  100.00
11:21:02 PM    7    0.00    0.00    0.00    0.00    0.00    0.00    0.00    0.00    0.00  100.00

11:21:02 PM  CPU    %usr   %nice    %sys %iowait    %irq   %soft  %steal  %guest  %gnice   %idle
11:21:03 PM  all    0.25    0.00   19.50    0.00    0.25    5.88    0.00    0.00    0.00   74.12
11:21:03 PM    0    0.98    0.00   77.45    0.00    0.00   19.61    0.00    0.00    0.00    1.96
11:21:03 PM    1    1.00    0.00   77.00    0.00    0.00   18.00    0.00    0.00    0.00    4.00
11:21:03 PM    2    0.00    0.00    0.00    0.00    1.00    3.00    0.00    0.00    0.00   96.00
11:21:03 PM    3    0.00    0.00    0.00    0.00    1.01    4.04    0.00    0.00    0.00   94.95
11:21:03 PM    4    0.00    0.00    0.00    0.00    0.00    2.02    0.00    0.00    0.00   97.98
11:21:03 PM    5    0.00    0.00    0.00    0.00    0.00    0.00    0.00    0.00    0.00  100.00
11:21:03 PM    6    0.00    0.00    0.00    0.00    0.00    0.00    0.00    0.00    0.00  100.00
11:21:03 PM    7    0.00    0.00    0.00    0.00    0.00    0.00    0.00    0.00    0.00  100.00

11:21:03 PM  CPU    %usr   %nice    %sys %iowait    %irq   %soft  %steal  %guest  %gnice   %idle
11:21:04 PM  all    0.13    0.00   19.32    0.00    0.13    5.90    0.00    0.00    0.00   74.53
11:21:04 PM    0    0.00    0.00   78.57    0.00    0.00   19.39    0.00    0.00    0.00    2.04
11:21:04 PM    1    1.01    0.00   77.78    0.00    0.00   18.18    0.00    0.00    0.00    3.03
11:21:04 PM    2    0.00    0.00    0.00    0.00    0.00    2.04    0.00    0.00    0.00   97.96
11:21:04 PM    3    0.00    0.00    0.00    0.00    0.99    4.95    0.00    0.00    0.00   94.06
11:21:04 PM    4    0.00    0.00    0.00    0.00    0.00    2.97    0.00    0.00    0.00   97.03
11:21:04 PM    5    0.00    0.00    0.00    0.00    0.00    0.00    0.00    0.00    0.00  100.00
11:21:04 PM    6    0.00    0.00    0.00    0.00    0.00    0.00    0.00    0.00    0.00  100.00
11:21:04 PM    7    0.00    0.00    0.00    0.00    0.00    0.00    0.00    0.00    0.00  100.00

11:21:04 PM  CPU    %usr   %nice    %sys %iowait    %irq   %soft  %steal  %guest  %gnice   %idle
11:21:05 PM  all    0.37    0.00   18.91    0.00    0.50    6.22    0.00    0.00    0.00   74.00
11:21:05 PM    0    1.96    0.00   74.51    0.00    0.98   19.61    0.00    0.00    0.00    2.94
11:21:05 PM    1    0.99    0.00   75.25    0.00    0.99   17.82    0.00    0.00    0.00    4.95
11:21:05 PM    2    0.00    0.00    0.00    0.00    0.99    2.97    0.00    0.00    0.00   96.04
11:21:05 PM    3    0.00    0.00    0.00    0.00    1.00    6.00    0.00    0.00    0.00   93.00
11:21:05 PM    4    0.00    0.00    0.00    0.00    0.00    3.03    0.00    0.00    0.00   96.97
11:21:05 PM    5    0.00    0.00    0.00    0.00    0.00    0.00    0.00    0.00    0.00  100.00
11:21:05 PM    6    0.00    0.00    0.00    0.00    0.00    0.00    0.00    0.00    0.00  100.00
11:21:05 PM    7    0.00    0.00    0.00    0.00    0.00    0.00    0.00    0.00    0.00  100.00

11:21:05 PM  CPU    %usr   %nice    %sys %iowait    %irq   %soft  %steal  %guest  %gnice   %idle
11:21:06 PM  all    0.00    0.00   19.12    0.00    0.25    6.38    0.00    0.00    0.00   74.25
11:21:06 PM    0    0.00    0.00   77.55    0.00    0.00   19.39    0.00    0.00    0.00    3.06
11:21:06 PM    1    0.00    0.00   76.77    0.00    0.00   18.18    0.00    0.00    0.00    5.05
11:21:06 PM    2    0.00    0.00    0.99    0.00    0.99    2.97    0.00    0.00    0.00   95.05
11:21:06 PM    3    0.00    0.00    0.00    0.00    1.00    6.00    0.00    0.00    0.00   93.00
11:21:06 PM    4    0.00    0.00    0.00    0.00    0.00    3.96    0.00    0.00    0.00   96.04
11:21:06 PM    5    0.00    0.00    0.00    0.00    0.00    0.00    0.00    0.00    0.00  100.00
11:21:06 PM    6    0.00    0.00    0.00    0.00    0.00    0.99    0.00    0.00    0.00   99.01
11:21:06 PM    7    0.00    0.00    0.00    0.00    0.00    0.00    0.00    0.00    0.00  100.00

11:21:06 PM  CPU    %usr   %nice    %sys %iowait    %irq   %soft  %steal  %guest  %gnice   %idle
11:21:07 PM  all    0.25    0.00   19.05    0.00    0.13    6.02    0.00    0.00    0.00   74.56
11:21:07 PM    0    1.01    0.00   76.77    0.00    0.00   19.19    0.00    0.00    0.00    3.03
11:21:07 PM    1    1.01    0.00   76.77    0.00    0.00   18.18    0.00    0.00    0.00    4.04
11:21:07 PM    2    0.00    0.00    0.00    0.00    0.00    2.02    0.00    0.00    0.00   97.98
11:21:07 PM    3    0.00    0.00    0.00    0.00    0.99    5.94    0.00    0.00    0.00   93.07
11:21:07 PM    4    0.00    0.00    0.00    0.00    0.00    3.00    0.00    0.00    0.00   97.00
11:21:07 PM    5    0.00    0.00    0.00    0.00    0.00    0.00    0.00    0.00    0.00  100.00
11:21:07 PM    6    0.00    0.00    0.00    0.00    0.00    0.00    0.00    0.00    0.00  100.00
11:21:07 PM    7    0.00    0.00    0.00    0.00    0.00    0.00    0.00    0.00    0.00  100.00

11:21:07 PM  CPU    %usr   %nice    %sys %iowait    %irq   %soft  %steal  %guest  %gnice   %idle
11:21:08 PM  all    0.25    0.00   18.75    0.00    0.38    6.25    0.00    0.00    0.00   74.38
11:21:08 PM    0    0.99    0.00   74.26    0.00    0.99   19.80    0.00    0.00    0.00    3.96
11:21:08 PM    1    1.00    0.00   75.00    0.00    1.00   18.00    0.00    0.00    0.00    5.00
11:21:08 PM    2    0.00    0.00    0.00    0.00    1.00    3.00    0.00    0.00    0.00   96.00
11:21:08 PM    3    0.00    0.00    0.00    0.00    0.00    5.05    0.00    0.00    0.00   94.95
11:21:08 PM    4    0.00    0.00    0.00    0.00    0.00    4.00    0.00    0.00    0.00   96.00
11:21:08 PM    5    0.00    0.00    0.00    0.00    0.00    0.00    0.00    0.00    0.00  100.00
11:21:08 PM    6    0.00    0.00    0.00    0.00    0.00    0.00    0.00    0.00    0.00  100.00
11:21:08 PM    7    0.00    0.00    0.00    0.00    0.00    0.00    0.00    0.00    0.00  100.00

11:21:08 PM  CPU    %usr   %nice    %sys %iowait    %irq   %soft  %steal  %guest  %gnice   %idle
11:21:09 PM  all    0.25    0.00   18.95    0.00    0.25    5.90    0.00    0.00    0.00   74.65
11:21:09 PM    0    1.02    0.00   76.53    0.00    0.00   19.39    0.00    0.00    0.00    3.06
11:21:09 PM    1    1.01    0.00   76.77    0.00    0.00   18.18    0.00    0.00    0.00    4.04
11:21:09 PM    2    0.00    0.00    0.00    0.00    1.01    2.02    0.00    0.00    0.00   96.97
11:21:09 PM    3    0.00    0.00    0.00    0.00    0.99    4.95    0.00    0.00    0.00   94.06
11:21:09 PM    4    0.00    0.00    0.00    0.00    0.00    3.00    0.00    0.00    0.00   97.00
11:21:09 PM    5    0.00    0.00    0.00    0.00    0.00    0.00    0.00    0.00    0.00  100.00
11:21:09 PM    6    0.00    0.00    0.00    0.00    0.00    0.00    0.00    0.00    0.00  100.00
11:21:09 PM    7    0.00    0.00    0.00    0.00    0.00    0.00    0.00    0.00    0.00  100.00

11:21:09 PM  CPU    %usr   %nice    %sys %iowait    %irq   %soft  %steal  %guest  %gnice   %idle
11:21:10 PM  all    0.13    0.00   19.55    0.00    0.13    5.76    0.00    0.00    0.00   74.44
11:21:10 PM    0    1.00    0.00   77.00    0.00    0.00   19.00    0.00    0.00    0.00    3.00
11:21:10 PM    1    0.00    0.00   78.79    0.00    0.00   19.19    0.00    0.00    0.00    2.02
11:21:10 PM    2    0.00    0.00    0.00    0.00    0.00    2.02    0.00    0.00    0.00   97.98
11:21:10 PM    3    0.00    0.00    0.00    0.00    1.00    4.00    0.00    0.00    0.00   95.00
11:21:10 PM    4    0.00    0.00    1.00    0.00    0.00    2.00    0.00    0.00    0.00   97.00
11:21:10 PM    5    0.00    0.00    0.00    0.00    0.00    0.00    0.00    0.00    0.00  100.00
11:21:10 PM    6    0.00    0.00    0.00    0.00    0.00    0.00    0.00    0.00    0.00  100.00
11:21:10 PM    7    0.00    0.00    0.00    0.00    0.00    0.00    0.00    0.00    0.00  100.00

11:21:10 PM  CPU    %usr   %nice    %sys %iowait    %irq   %soft  %steal  %guest  %gnice   %idle
11:21:11 PM  all    0.13    0.00   19.30    0.00    0.13    5.89    0.00    0.00    0.00   74.56
11:21:11 PM    0    0.00    0.00   77.00    0.00    0.00   20.00    0.00    0.00    0.00    3.00
11:21:11 PM    1    1.02    0.00   78.57    0.00    0.00   18.37    0.00    0.00    0.00    2.04
11:21:11 PM    2    0.00    0.00    0.00    0.00    0.99    2.97    0.00    0.00    0.00   96.04
11:21:11 PM    3    0.00    0.00    0.00    0.00    0.00    4.04    0.00    0.00    0.00   95.96
11:21:11 PM    4    0.00    0.00    0.00    0.00    0.00    2.00    0.00    0.00    0.00   98.00
11:21:11 PM    5    0.00    0.00    0.00    0.00    0.00    0.00    0.00    0.00    0.00  100.00
11:21:11 PM    6    0.00    0.00    0.00    0.00    0.00    0.00    0.00    0.00    0.00  100.00
11:21:11 PM    7    0.00    0.00    0.00    0.00    0.00    0.00    0.00    0.00    0.00  100.00

11:21:11 PM  CPU    %usr   %nice    %sys %iowait    %irq   %soft  %steal  %guest  %gnice   %idle
11:21:12 PM  all    0.13    0.00   19.27    0.00    0.75    5.76    0.00    0.00    0.00   74.09
11:21:12 PM    0    1.02    0.00   77.55    0.00    1.02   19.39    0.00    0.00    0.00    1.02
11:21:12 PM    1    0.00    0.00   78.00    0.00    1.00   19.00    0.00    0.00    0.00    2.00
11:21:12 PM    2    0.00    0.00    0.00    0.00    1.01    2.02    0.00    0.00    0.00   96.97
11:21:12 PM    3    0.00    0.00    0.00    0.00    1.00    4.00    0.00    0.00    0.00   95.00
11:21:12 PM    4    0.00    0.00    0.00    0.00    0.99    1.98    0.00    0.00    0.00   97.03
11:21:12 PM    5    0.00    0.00    0.00    0.00    0.00    0.00    0.00    0.00    0.00  100.00
11:21:12 PM    6    0.00    0.00    0.00    0.00    0.99    0.00    0.00    0.00    0.00   99.01
11:21:12 PM    7    0.00    0.00    0.00    0.00    0.00    0.00    0.00    0.00    0.00  100.00

11:21:12 PM  CPU    %usr   %nice    %sys %iowait    %irq   %soft  %steal  %guest  %gnice   %idle
11:21:13 PM  all    0.38    0.00   19.02    0.00    0.13    6.13    0.00    0.00    0.00   74.34
11:21:13 PM    0    1.01    0.00   76.77    0.00    0.00   19.19    0.00    0.00    0.00    3.03
11:21:13 PM    1    2.04    0.00   77.55    0.00    0.00   18.37    0.00    0.00    0.00    2.04
11:21:13 PM    2    0.00    0.00    0.00    0.00    0.00    3.00    0.00    0.00    0.00   97.00
11:21:13 PM    3    0.00    0.00    0.00    0.00    0.99    4.95    0.00    0.00    0.00   94.06
11:21:13 PM    4    0.00    0.00    0.00    0.00    0.00    3.00    0.00    0.00    0.00   97.00
11:21:13 PM    5    0.00    0.00    0.00    0.00    0.00    0.99    0.00    0.00    0.00   99.01
11:21:13 PM    6    0.00    0.00    0.00    0.00    0.00    0.00    0.00    0.00    0.00  100.00
11:21:13 PM    7    0.00    0.00    0.00    0.00    0.00    0.00    0.00    0.00    0.00  100.00

11:21:13 PM  CPU    %usr   %nice    %sys %iowait    %irq   %soft  %steal  %guest  %gnice   %idle
11:21:14 PM  all    0.00    0.00   18.95    0.00    0.25    5.90    0.00    0.00    0.00   74.91
11:21:14 PM    0    0.00    0.00   77.32    0.00    0.00   19.59    0.00    0.00    0.00    3.09
11:21:14 PM    1    0.00    0.00   77.32    0.00    0.00   18.56    0.00    0.00    0.00    4.12
11:21:14 PM    2    0.00    0.00    0.00    0.00    1.01    2.02    0.00    0.00    0.00   96.97
11:21:14 PM    3    0.00    0.00    0.99    0.00    0.99    4.95    0.00    0.00    0.00   93.07
11:21:14 PM    4    0.00    0.00    0.00    0.00    0.00    2.97    0.00    0.00    0.00   97.03
11:21:14 PM    5    0.00    0.00    0.00    0.00    0.00    0.00    0.00    0.00    0.00  100.00
11:21:14 PM    6    0.00    0.00    0.00    0.00    0.00    0.00    0.00    0.00    0.00  100.00
11:21:14 PM    7    0.00    0.00    0.00    0.00    0.00    0.00    0.00    0.00    0.00  100.00

11:21:14 PM  CPU    %usr   %nice    %sys %iowait    %irq   %soft  %steal  %guest  %gnice   %idle
11:21:15 PM  all    0.25    0.00   19.02    0.00    0.38    6.01    0.00    0.00    0.00   74.34
11:21:15 PM    0    1.01    0.00   75.76    0.00    1.01   20.20    0.00    0.00    0.00    2.02
11:21:15 PM    1    0.99    0.00   76.24    0.00    0.99   18.81    0.00    0.00    0.00    2.97
11:21:15 PM    2    0.00    0.00    0.00    0.00    0.99    2.97    0.00    0.00    0.00   96.04
11:21:15 PM    3    0.00    0.00    0.00    0.00    0.00    4.04    0.00    0.00    0.00   95.96
11:21:15 PM    4    0.00    0.00    0.00    0.00    0.00    2.02    0.00    0.00    0.00   97.98
11:21:15 PM    5    0.00    0.00    0.00    0.00    0.00    0.00    0.00    0.00    0.00  100.00
11:21:15 PM    6    0.00    0.00    0.00    0.00    0.00    0.00    0.00    0.00    0.00  100.00
11:21:15 PM    7    0.00    0.00    0.00    0.00    0.00    0.00    0.00    0.00    0.00  100.00

11:21:15 PM  CPU    %usr   %nice    %sys %iowait    %irq   %soft  %steal  %guest  %gnice   %idle
11:21:16 PM  all    0.13    0.00   19.45    0.00    0.13    5.65    0.00    0.00    0.00   74.65
11:21:16 PM    0    0.00    0.00   78.79    0.00    0.00   19.19    0.00    0.00    0.00    2.02
11:21:16 PM    1    1.02    0.00   78.57    0.00    0.00   18.37    0.00    0.00    0.00    2.04
11:21:16 PM    2    0.00    0.00    0.00    0.00    0.00    2.02    0.00    0.00    0.00   97.98
11:21:16 PM    3    0.00    0.00    0.00    0.00    0.99    3.96    0.00    0.00    0.00   95.05
11:21:16 PM    4    0.00    0.00    0.00    0.00    0.00    2.00    0.00    0.00    0.00   98.00
11:21:16 PM    5    0.00    0.00    0.00    0.00    0.00    0.00    0.00    0.00    0.00  100.00
11:21:16 PM    6    0.00    0.00    0.00    0.00    0.00    0.00    0.00    0.00    0.00  100.00
11:21:16 PM    7    0.00    0.00    0.00    0.00    0.00    0.00    0.00    0.00    0.00  100.00

11:21:16 PM  CPU    %usr   %nice    %sys %iowait    %irq   %soft  %steal  %guest  %gnice   %idle
11:21:17 PM  all    0.25    0.00   19.17    0.00    0.25    6.14    0.00    0.00    0.00   74.19
11:21:17 PM    0    1.01    0.00   76.77    0.00    0.00   20.20    0.00    0.00    0.00    2.02
11:21:17 PM    1    1.02    0.00   78.57    0.00    0.00   19.39    0.00    0.00    0.00    1.02
11:21:17 PM    2    0.00    0.00    0.00    0.00    1.00    3.00    0.00    0.00    0.00   96.00
11:21:17 PM    3    0.00    0.00    0.00    0.00    0.99    4.95    0.00    0.00    0.00   94.06
11:21:17 PM    4    0.00    0.00    0.00    0.00    0.00    2.00    0.00    0.00    0.00   98.00
11:21:17 PM    5    0.00    0.00    0.00    0.00    0.00    0.00    0.00    0.00    0.00  100.00
11:21:17 PM    6    0.00    0.00    0.00    0.00    0.00    0.00    0.00    0.00    0.00  100.00
11:21:17 PM    7    0.00    0.00    0.00    0.00    0.00    0.00    0.00    0.00    0.00  100.00

11:21:17 PM  CPU    %usr   %nice    %sys %iowait    %irq   %soft  %steal  %guest  %gnice   %idle
11:21:18 PM  all    0.13    0.00   18.95    0.00    0.50    6.02    0.00    0.00    0.00   74.40
11:21:18 PM    0    0.00    0.00   76.00    0.00    1.00   20.00    0.00    0.00    0.00    3.00
11:21:18 PM    1    1.02    0.00   75.51    0.00    1.02   18.37    0.00    0.00    0.00    4.08
11:21:18 PM    2    0.00    0.00    1.00    0.00    1.00    2.00    0.00    0.00    0.00   96.00
11:21:18 PM    3    0.00    0.00    0.00    0.00    1.01    5.05    0.00    0.00    0.00   93.94
11:21:18 PM    4    0.00    0.00    0.00    0.00    0.00    3.00    0.00    0.00    0.00   97.00
11:21:18 PM    5    0.00    0.00    0.00    0.00    0.00    0.00    0.00    0.00    0.00  100.00
11:21:18 PM    6    0.00    0.00    0.00    0.00    0.00    0.00    0.00    0.00    0.00  100.00
11:21:18 PM    7    0.00    0.00    0.00    0.00    0.00    0.00    0.00    0.00    0.00  100.00

11:21:18 PM  CPU    %usr   %nice    %sys %iowait    %irq   %soft  %steal  %guest  %gnice   %idle
11:21:19 PM  all    0.25    0.00   18.90    0.00    0.13    6.13    0.00    0.00    0.00   74.59
11:21:19 PM    0    1.02    0.00   76.53    0.00    0.00   20.41    0.00    0.00    0.00    2.04
11:21:19 PM    1    1.00    0.00   76.00    0.00    0.00   19.00    0.00    0.00    0.00    4.00
11:21:19 PM    2    0.00    0.00    0.00    0.00    0.99    2.97    0.00    0.00    0.00   96.04
11:21:19 PM    3    0.00    0.00    0.00    0.00    0.00    5.00    0.00    0.00    0.00   95.00
11:21:19 PM    4    0.00    0.00    0.00    0.00    0.00    2.00    0.00    0.00    0.00   98.00
11:21:19 PM    5    0.00    0.00    0.00    0.00    0.00    0.00    0.00    0.00    0.00  100.00
11:21:19 PM    6    0.00    0.00    0.00    0.00    0.00    0.00    0.00    0.00    0.00  100.00
11:21:19 PM    7    0.00    0.00    0.00    0.00    0.00    0.00    0.00    0.00    0.00  100.00

11:21:19 PM  CPU    %usr   %nice    %sys %iowait    %irq   %soft  %steal  %guest  %gnice   %idle
11:21:20 PM  all    0.25    0.00   19.25    0.00    0.13    5.66    0.00    0.00    0.00   74.72
11:21:20 PM    0    1.02    0.00   77.55    0.00    0.00   19.39    0.00    0.00    0.00    2.04
11:21:20 PM    1    1.03    0.00   79.38    0.00    0.00   18.56    0.00    0.00    0.00    1.03
11:21:20 PM    2    0.00    0.00    0.00    0.00    0.00    2.02    0.00    0.00    0.00   97.98
11:21:20 PM    3    0.00    0.00    0.00    0.00    0.99    3.96    0.00    0.00    0.00   95.05
11:21:20 PM    4    0.00    0.00    0.00    0.00    0.00    2.00    0.00    0.00    0.00   98.00
11:21:20 PM    5    0.00    0.00    0.00    0.00    0.00    0.00    0.00    0.00    0.00  100.00
11:21:20 PM    6    0.00    0.00    0.00    0.00    0.00    0.00    0.00    0.00    0.00  100.00
11:21:20 PM    7    0.00    0.00    0.00    0.00    0.00    0.00    0.00    0.00    0.00  100.00

11:21:20 PM  CPU    %usr   %nice    %sys %iowait    %irq   %soft  %steal  %guest  %gnice   %idle
11:21:21 PM  all    0.25    0.00   18.88    0.00    0.62    6.12    0.00    0.00    0.00   74.12
11:21:21 PM    0    0.00    0.00   76.53    0.00    1.02   20.41    0.00    0.00    0.00    2.04
11:21:21 PM    1    2.00    0.00   76.00    0.00    1.00   18.00    0.00    0.00    0.00    3.00
11:21:21 PM    2    0.00    0.00    0.00    0.00    1.00    2.00    0.00    0.00    0.00   97.00
11:21:21 PM    3    0.00    0.00    0.00    0.00    1.00    5.00    0.00    0.00    0.00   94.00
11:21:21 PM    4    0.00    0.00    0.00    0.00    0.98    3.92    0.00    0.00    0.00   95.10
11:21:21 PM    5    0.00    0.00    0.00    0.00    0.00    0.00    0.00    0.00    0.00  100.00
11:21:21 PM    6    0.00    0.00    0.00    0.00    0.00    0.00    0.00    0.00    0.00  100.00
11:21:21 PM    7    0.00    0.00    0.00    0.00    0.00    0.00    0.00    0.00    0.00  100.00

11:21:21 PM  CPU    %usr   %nice    %sys %iowait    %irq   %soft  %steal  %guest  %gnice   %idle
11:21:22 PM  all    0.25    0.00   19.19    0.00    0.00    5.81    0.00    0.00    0.00   74.75
11:21:22 PM    0    1.02    0.00   78.57    0.00    0.00   19.39    0.00    0.00    0.00    1.02
11:21:22 PM    1    1.04    0.00   78.12    0.00    0.00   18.75    0.00    0.00    0.00    2.08
11:21:22 PM    2    0.00    0.00    0.00    0.00    0.00    3.03    0.00    0.00    0.00   96.97
11:21:22 PM    3    0.00    0.00    0.00    0.00    0.00    4.04    0.00    0.00    0.00   95.96
11:21:22 PM    4    0.00    0.00    0.00    0.00    0.00    2.00    0.00    0.00    0.00   98.00
11:21:22 PM    5    0.00    0.00    0.00    0.00    0.00    0.00    0.00    0.00    0.00  100.00
11:21:22 PM    6    0.00    0.00    0.00    0.00    0.00    0.00    0.00    0.00    0.00  100.00
11:21:22 PM    7    0.00    0.00    0.00    0.00    0.00    0.00    0.00    0.00    0.00  100.00

11:21:22 PM  CPU    %usr   %nice    %sys %iowait    %irq   %soft  %steal  %guest  %gnice   %idle
11:21:23 PM  all    0.25    0.00   19.17    0.00    0.25    5.89    0.00    0.00    0.00   74.44
11:21:23 PM    0    1.02    0.00   77.55    0.00    0.00   20.41    0.00    0.00    0.00    1.02
11:21:23 PM    1    1.01    0.00   77.78    0.00    0.00   19.19    0.00    0.00    0.00    2.02
11:21:23 PM    2    0.00    0.00    0.00    0.00    1.00    2.00    0.00    0.00    0.00   97.00
11:21:23 PM    3    0.00    0.00    0.00    0.00    0.99    3.96    0.00    0.00    0.00   95.05
11:21:23 PM    4    0.00    0.00    0.00    0.00    0.00    2.00    0.00    0.00    0.00   98.00
11:21:23 PM    5    0.00    0.00    0.00    0.00    0.00    0.00    0.00    0.00    0.00  100.00
11:21:23 PM    6    0.00    0.00    0.00    0.00    0.00    0.00    0.00    0.00    0.00  100.00
11:21:23 PM    7    0.00    0.00    0.00    0.00    0.00    0.00    0.00    0.00    0.00  100.00

11:21:23 PM  CPU    %usr   %nice    %sys %iowait    %irq   %soft  %steal  %guest  %gnice   %idle
11:21:24 PM  all    0.13    0.00   18.66    0.00    0.50    5.80    0.00    0.00    0.00   74.91
11:21:24 PM    0    1.03    0.00   75.26    0.00    1.03   19.59    0.00    0.00    0.00    3.09
11:21:24 PM    1    0.00    0.00   78.12    0.00    1.04   18.75    0.00    0.00    0.00    2.08
11:21:24 PM    2    0.00    0.00    0.00    0.00    1.00    3.00    0.00    0.00    0.00   96.00
11:21:24 PM    3    0.00    0.00    0.00    0.00    1.00    4.00    0.00    0.00    0.00   95.00
11:21:24 PM    4    0.00    0.00    0.00    0.00    0.00    2.02    0.00    0.00    0.00   97.98
11:21:24 PM    5    0.00    0.00    0.00    0.00    0.00    0.00    0.00    0.00    0.00  100.00
11:21:24 PM    6    0.00    0.00    0.00    0.00    0.00    0.00    0.00    0.00    0.00  100.00
11:21:24 PM    7    0.00    0.00    0.00    0.00    0.00    0.00    0.00    0.00    0.00  100.00

11:21:24 PM  CPU    %usr   %nice    %sys %iowait    %irq   %soft  %steal  %guest  %gnice   %idle
11:21:25 PM  all    0.25    0.00   19.35    0.00    0.00    5.90    0.00    0.00    0.00   74.50
11:21:25 PM    0    1.01    0.00   77.78    0.00    0.00   20.20    0.00    0.00    0.00    1.01
11:21:25 PM    1    1.02    0.00   78.57    0.00    0.00   19.39    0.00    0.00    0.00    1.02
11:21:25 PM    2    0.00    0.00    0.00    0.00    0.00    2.02    0.00    0.00    0.00   97.98
11:21:25 PM    3    0.00    0.00    0.00    0.00    0.00    4.00    0.00    0.00    0.00   96.00
11:21:25 PM    4    0.00    0.00    0.00    0.00    0.00    2.00    0.00    0.00    0.00   98.00
11:21:25 PM    5    0.00    0.00    0.00    0.00    0.00    0.00    0.00    0.00    0.00  100.00
11:21:25 PM    6    0.00    0.00    0.00    0.00    0.00    0.00    0.00    0.00    0.00  100.00
11:21:25 PM    7    0.00    0.00    0.00    0.00    0.00    0.00    0.00    0.00    0.00  100.00

11:21:25 PM  CPU    %usr   %nice    %sys %iowait    %irq   %soft  %steal  %guest  %gnice   %idle
11:21:26 PM  all    0.25    0.00   19.05    0.00    0.38    5.89    0.00    0.00    0.00   74.44
11:21:26 PM    0    1.02    0.00   77.55    0.00    0.00   20.41    0.00    0.00    0.00    1.02
11:21:26 PM    1    1.02    0.00   77.55    0.00    0.00   19.39    0.00    0.00    0.00    2.04
11:21:26 PM    2    0.00    0.00    0.00    0.00    1.00    2.00    0.00    0.00    0.00   97.00
11:21:26 PM    3    0.00    0.00    0.00    0.00    1.00    4.00    0.00    0.00    0.00   95.00
11:21:26 PM    4    0.00    0.00    0.00    0.00    0.00    2.00    0.00    0.00    0.00   98.00
11:21:26 PM    5    0.00    0.00    0.00    0.00    0.99    0.00    0.00    0.00    0.00   99.01
11:21:26 PM    6    0.00    0.00    0.00    0.00    0.00    0.00    0.00    0.00    0.00  100.00
11:21:26 PM    7    0.00    0.00    0.00    0.00    0.00    0.00    0.00    0.00    0.00  100.00

11:21:26 PM  CPU    %usr   %nice    %sys %iowait    %irq   %soft  %steal  %guest  %gnice   %idle
11:21:27 PM  all    0.38    0.00   19.10    0.00    0.13    5.90    0.00    0.00    0.00   74.50
11:21:27 PM    0    1.03    0.00   78.35    0.00    0.00   19.59    0.00    0.00    0.00    1.03
11:21:27 PM    1    2.02    0.00   76.77    0.00    0.00   19.19    0.00    0.00    0.00    2.02
11:21:27 PM    2    0.00    0.00    0.00    0.00    0.00    3.00    0.00    0.00    0.00   97.00
11:21:27 PM    3    0.00    0.00    0.00    0.00    1.00    4.00    0.00    0.00    0.00   95.00
11:21:27 PM    4    0.00    0.00    0.00    0.00    0.00    2.00    0.00    0.00    0.00   98.00
11:21:27 PM    5    0.00    0.00    0.00    0.00    0.00    0.00    0.00    0.00    0.00  100.00
11:21:27 PM    6    0.00    0.00    0.00    0.00    0.00    0.00    0.00    0.00    0.00  100.00
11:21:27 PM    7    0.00    0.00    0.00    0.00    0.00    0.00    0.00    0.00    0.00  100.00

11:21:27 PM  CPU    %usr   %nice    %sys %iowait    %irq   %soft  %steal  %guest  %gnice   %idle
11:21:28 PM  all    0.25    0.00   18.72    0.00    0.38    6.03    0.00    0.00    0.00   74.62
11:21:28 PM    0    1.01    0.00   75.76    0.00    1.01   20.20    0.00    0.00    0.00    2.02
11:21:28 PM    1    1.03    0.00   76.29    0.00    1.03   18.56    0.00    0.00    0.00    3.09
11:21:28 PM    2    0.00    0.00    0.00    0.00    1.00    2.00    0.00    0.00    0.00   97.00
11:21:28 PM    3    0.00    0.00    0.00    0.00    0.00    5.00    0.00    0.00    0.00   95.00
11:21:28 PM    4    0.00    0.00    0.00    0.00    0.00    3.00    0.00    0.00    0.00   97.00
11:21:28 PM    5    0.00    0.00    0.00    0.00    0.00    0.00    0.00    0.00    0.00  100.00
11:21:28 PM    6    0.00    0.00    0.00    0.00    0.00    0.00    0.00    0.00    0.00  100.00
11:21:28 PM    7    0.00    0.00    0.00    0.00    0.00    0.00    0.00    0.00    0.00  100.00

11:21:28 PM  CPU    %usr   %nice    %sys %iowait    %irq   %soft  %steal  %guest  %gnice   %idle
11:21:29 PM  all    0.13    0.00   19.12    0.00    0.13    5.91    0.00    0.00    0.00   74.72
11:21:29 PM    0    0.00    0.00   77.55    0.00    0.00   20.41    0.00    0.00    0.00    2.04
11:21:29 PM    1    1.03    0.00   78.35    0.00    0.00   19.59    0.00    0.00    0.00    1.03
11:21:29 PM    2    0.00    0.00    0.00    0.00    0.00    2.02    0.00    0.00    0.00   97.98
11:21:29 PM    3    0.00    0.00    0.00    0.00    0.99    3.96    0.00    0.00    0.00   95.05
11:21:29 PM    4    0.00    0.00    0.00    0.00    0.00    2.00    0.00    0.00    0.00   98.00
11:21:29 PM    5    0.00    0.00    0.00    0.00    0.00    0.00    0.00    0.00    0.00  100.00
11:21:29 PM    6    0.00    0.00    0.00    0.00    0.00    0.00    0.00    0.00    0.00  100.00
11:21:29 PM    7    0.00    0.00    0.00    0.00    0.00    0.00    0.00    0.00    0.00  100.00

11:21:29 PM  CPU    %usr   %nice    %sys %iowait    %irq   %soft  %steal  %guest  %gnice   %idle
11:21:30 PM  all    0.38    0.00   19.22    0.00    0.25    5.65    0.00    0.00    0.00   74.50
11:21:30 PM    0    3.03    0.00   75.76    0.00    0.00   19.19    0.00    0.00    0.00    2.02
11:21:30 PM    1    0.00    0.00   79.59    0.00    0.00   18.37    0.00    0.00    0.00    2.04
11:21:30 PM    2    0.00    0.00    0.00    0.00    1.01    2.02    0.00    0.00    0.00   96.97
11:21:30 PM    3    0.00    0.00    0.00    0.00    1.00    4.00    0.00    0.00    0.00   95.00
11:21:30 PM    4    0.00    0.00    0.00    0.00    0.00    2.00    0.00    0.00    0.00   98.00
11:21:30 PM    5    0.00    0.00    0.00    0.00    0.00    0.00    0.00    0.00    0.00  100.00
11:21:30 PM    6    0.00    0.00    0.00    0.00    0.00    0.00    0.00    0.00    0.00  100.00
11:21:30 PM    7    0.00    0.00    0.00    0.00    0.00    0.00    0.00    0.00    0.00  100.00

11:21:30 PM  CPU    %usr   %nice    %sys %iowait    %irq   %soft  %steal  %guest  %gnice   %idle
11:21:31 PM  all    0.13    0.00   18.74    0.00    0.50    5.91    0.00    0.00    0.00   74.72
11:21:31 PM    0    0.00    0.00   77.08    0.00    1.04   19.79    0.00    0.00    0.00    2.08
11:21:31 PM    1    1.02    0.00   76.53    0.00    1.02   19.39    0.00    0.00    0.00    2.04
11:21:31 PM    2    0.00    0.00    0.00    0.00    0.99    2.97    0.00    0.00    0.00   96.04
11:21:31 PM    3    0.00    0.00    0.00    0.00    1.00    4.00    0.00    0.00    0.00   95.00
11:21:31 PM    4    0.00    0.00    0.00    0.00    0.00    2.00    0.00    0.00    0.00   98.00
11:21:31 PM    5    0.00    0.00    0.00    0.00    0.00    0.00    0.00    0.00    0.00  100.00
11:21:31 PM    6    0.00    0.00    0.00    0.00    0.00    0.00    0.00    0.00    0.00  100.00
11:21:31 PM    7    0.00    0.00    0.00    0.00    0.00    0.00    0.00    0.00    0.00  100.00

11:21:31 PM  CPU    %usr   %nice    %sys %iowait    %irq   %soft  %steal  %guest  %gnice   %idle
11:21:32 PM  all    0.13    0.00   19.60    0.00    0.13    5.65    0.00    0.00    0.00   74.50
11:21:32 PM    0    1.01    0.00   77.78    0.00    0.00   20.20    0.00    0.00    0.00    1.01
11:21:32 PM    1    0.00    0.00   79.59    0.00    0.00   19.39    0.00    0.00    0.00    1.02
11:21:32 PM    2    0.00    0.00    0.00    0.00    0.00    2.02    0.00    0.00    0.00   97.98
11:21:32 PM    3    0.00    0.00    1.00    0.00    0.00    3.00    0.00    0.00    0.00   96.00
11:21:32 PM    4    0.00    0.00    0.00    0.00    1.00    1.00    0.00    0.00    0.00   98.00
11:21:32 PM    5    0.00    0.00    0.00    0.00    0.00    0.00    0.00    0.00    0.00  100.00
11:21:32 PM    6    0.00    0.00    0.00    0.00    0.00    0.00    0.00    0.00    0.00  100.00
11:21:32 PM    7    0.00    0.00    0.00    0.00    0.00    0.00    0.00    0.00    0.00  100.00

11:21:32 PM  CPU    %usr   %nice    %sys %iowait    %irq   %soft  %steal  %guest  %gnice   %idle
11:21:33 PM  all    0.25    0.00   19.20    0.00    0.25    5.77    0.00    0.00    0.00   74.53
11:21:33 PM    0    1.02    0.00   77.55    0.00    0.00   19.39    0.00    0.00    0.00    2.04
11:21:33 PM    1    1.02    0.00   78.57    0.00    0.00   18.37    0.00    0.00    0.00    2.04
11:21:33 PM    2    0.00    0.00    0.00    0.00    1.00    2.00    0.00    0.00    0.00   97.00
11:21:33 PM    3    0.00    0.00    0.00    0.00    1.00    4.00    0.00    0.00    0.00   95.00
11:21:33 PM    4    0.00    0.00    0.00    0.00    0.00    2.97    0.00    0.00    0.00   97.03
11:21:33 PM    5    0.00    0.00    0.00    0.00    0.00    0.00    0.00    0.00    0.00  100.00
11:21:33 PM    6    0.00    0.00    0.00    0.00    0.00    0.00    0.00    0.00    0.00  100.00
11:21:33 PM    7    0.00    0.00    0.00    0.00    0.00    0.00    0.00    0.00    0.00  100.00

11:21:33 PM  CPU    %usr   %nice    %sys %iowait    %irq   %soft  %steal  %guest  %gnice   %idle
11:21:34 PM  all    0.13    0.00   19.17    0.00    0.25    6.14    0.00    0.00    0.00   74.31
11:21:34 PM    0    0.00    0.00   77.55    0.00    1.02   20.41    0.00    0.00    0.00    1.02
11:21:34 PM    1    1.00    0.00   77.00    0.00    1.00   19.00    0.00    0.00    0.00    2.00
11:21:34 PM    2    0.00    0.00    0.00    0.00    0.00    3.00    0.00    0.00    0.00   97.00
11:21:34 PM    3    0.00    0.00    0.00    0.00    0.00    4.00    0.00    0.00    0.00   96.00
11:21:34 PM    4    0.00    0.00    0.00    0.00    0.00    2.02    0.00    0.00    0.00   97.98
11:21:34 PM    5    0.00    0.00    0.00    0.00    0.00    0.99    0.00    0.00    0.00   99.01
11:21:34 PM    6    0.00    0.00    0.00    0.00    0.00    0.00    0.00    0.00    0.00  100.00
11:21:34 PM    7    0.00    0.00    0.00    0.00    0.00    0.00    0.00    0.00    0.00  100.00

11:21:34 PM  CPU    %usr   %nice    %sys %iowait    %irq   %soft  %steal  %guest  %gnice   %idle
11:21:35 PM  all    0.25    0.00   19.15    0.00    0.25    5.88    0.00    0.00    0.00   74.47
11:21:35 PM    0    1.01    0.00   76.77    0.00    0.00   20.20    0.00    0.00    0.00    2.02
11:21:35 PM    1    1.02    0.00   77.55    0.00    0.00   18.37    0.00    0.00    0.00    3.06
11:21:35 PM    2    0.00    0.00    0.99    0.00    0.99    1.98    0.00    0.00    0.00   96.04
11:21:35 PM    3    0.00    0.00    0.00    0.00    1.00    4.00    0.00    0.00    0.00   95.00
11:21:35 PM    4    0.00    0.00    0.00    0.00    0.00    2.97    0.00    0.00    0.00   97.03
11:21:35 PM    5    0.00    0.00    0.00    0.00    0.00    0.00    0.00    0.00    0.00  100.00
11:21:35 PM    6    0.00    0.00    0.00    0.00    0.00    0.00    0.00    0.00    0.00  100.00
11:21:35 PM    7    0.00    0.00    0.00    0.00    0.00    0.00    0.00    0.00    0.00  100.00

11:21:35 PM  CPU    %usr   %nice    %sys %iowait    %irq   %soft  %steal  %guest  %gnice   %idle
11:21:36 PM  all    0.25    0.00   18.89    0.00    0.25    5.79    0.00    0.00    0.00   74.81
11:21:36 PM    0    1.02    0.00   76.53    0.00    0.00   19.39    0.00    0.00    0.00    3.06
11:21:36 PM    1    1.03    0.00   77.32    0.00    0.00   18.56    0.00    0.00    0.00    3.09
11:21:36 PM    2    0.00    0.00    0.00    0.00    1.01    2.02    0.00    0.00    0.00   96.97
11:21:36 PM    3    0.00    0.00    0.00    0.00    0.99    4.95    0.00    0.00    0.00   94.06
11:21:36 PM    4    0.00    0.00    0.00    0.00    0.00    2.02    0.00    0.00    0.00   97.98
11:21:36 PM    5    0.00    0.00    0.00    0.00    0.00    0.00    0.00    0.00    0.00  100.00
11:21:36 PM    6    0.00    0.00    0.00    0.00    0.00    0.00    0.00    0.00    0.00  100.00
11:21:36 PM    7    0.00    0.00    0.00    0.00    0.00    0.00    0.00    0.00    0.00  100.00

11:21:36 PM  CPU    %usr   %nice    %sys %iowait    %irq   %soft  %steal  %guest  %gnice   %idle
11:21:37 PM  all    0.13    0.00   18.77    0.00    0.25    6.17    0.00    0.00    0.00   74.69
11:21:37 PM    0    1.02    0.00   76.53    0.00    1.02   19.39    0.00    0.00    0.00    2.04
11:21:37 PM    1    0.00    0.00   75.51    0.00    1.02   19.39    0.00    0.00    0.00    4.08
11:21:37 PM    2    0.00    0.00    0.00    0.00    0.00    3.03    0.00    0.00    0.00   96.97
11:21:37 PM    3    0.00    0.00    0.00    0.00    0.00    5.05    0.00    0.00    0.00   94.95
11:21:37 PM    4    0.00    0.00    0.00    0.00    0.00    3.00    0.00    0.00    0.00   97.00
11:21:37 PM    5    0.00    0.00    0.00    0.00    0.00    0.00    0.00    0.00    0.00  100.00
11:21:37 PM    6    0.00    0.00    0.00    0.00    0.00    0.00    0.00    0.00    0.00  100.00
11:21:37 PM    7    0.00    0.00    0.00    0.00    0.00    0.00    0.00    0.00    0.00  100.00

11:21:37 PM  CPU    %usr   %nice    %sys %iowait    %irq   %soft  %steal  %guest  %gnice   %idle
11:21:38 PM  all    0.25    0.00   18.51    0.00    0.25    6.05    0.00    0.00    0.00   74.94
11:21:38 PM    0    1.02    0.00   75.51    0.00    0.00   20.41    0.00    0.00    0.00    3.06
11:21:38 PM    1    1.04    0.00   76.04    0.00    0.00   17.71    0.00    0.00    0.00    5.21
11:21:38 PM    2    0.00    0.00    0.00    0.00    1.00    2.00    0.00    0.00    0.00   97.00
11:21:38 PM    3    0.00    0.00    0.00    0.00    1.00    6.00    0.00    0.00    0.00   93.00
11:21:38 PM    4    0.00    0.00    0.00    0.00    0.00    3.00    0.00    0.00    0.00   97.00
11:21:38 PM    5    0.00    0.00    0.00    0.00    0.00    0.00    0.00    0.00    0.00  100.00
11:21:38 PM    6    0.00    0.00    0.00    0.00    0.00    0.00    0.00    0.00    0.00  100.00
11:21:38 PM    7    0.00    0.00    0.00    0.00    0.00    0.00    0.00    0.00    0.00  100.00

11:21:38 PM  CPU    %usr   %nice    %sys %iowait    %irq   %soft  %steal  %guest  %gnice   %idle
11:21:39 PM  all    0.13    0.00   19.10    0.00    0.13    5.90    0.00    0.00    0.00   74.75
11:21:39 PM    0    0.00    0.00   78.12    0.00    0.00   19.79    0.00    0.00    0.00    2.08
11:21:39 PM    1    1.01    0.00   77.78    0.00    0.00   19.19    0.00    0.00    0.00    2.02
11:21:39 PM    2    0.00    0.00    0.00    0.00    0.00    2.02    0.00    0.00    0.00   97.98
11:21:39 PM    3    0.00    0.00    0.00    0.00    0.99    3.96    0.00    0.00    0.00   95.05
11:21:39 PM    4    0.00    0.00    0.00    0.00    0.00    3.00    0.00    0.00    0.00   97.00
11:21:39 PM    5    0.00    0.00    0.00    0.00    0.00    0.00    0.00    0.00    0.00  100.00
11:21:39 PM    6    0.00    0.00    0.00    0.00    0.00    0.00    0.00    0.00    0.00  100.00
11:21:39 PM    7    0.00    0.00    0.00    0.00    0.00    0.00    0.00    0.00    0.00  100.00

11:21:39 PM  CPU    %usr   %nice    %sys %iowait    %irq   %soft  %steal  %guest  %gnice   %idle
11:21:40 PM  all    0.25    0.00   19.05    0.00    0.50    5.89    0.00    0.00    0.00   74.31
11:21:40 PM    0    1.01    0.00   76.77    0.00    1.01   20.20    0.00    0.00    0.00    1.01
11:21:40 PM    1    1.03    0.00   78.35    0.00    0.00   18.56    0.00    0.00    0.00    2.06
11:21:40 PM    2    0.00    0.00    0.00    0.00    0.99    2.97    0.00    0.00    0.00   96.04
11:21:40 PM    3    0.00    0.00    0.00    0.00    1.00    4.00    0.00    0.00    0.00   95.00
11:21:40 PM    4    0.00    0.00    0.00    0.00    0.99    1.98    0.00    0.00    0.00   97.03
11:21:40 PM    5    0.00    0.00    0.00    0.00    0.00    0.00    0.00    0.00    0.00  100.00
11:21:40 PM    6    0.00    0.00    0.00    0.00    0.00    0.00    0.00    0.00    0.00  100.00
11:21:40 PM    7    0.00    0.00    0.00    0.00    0.00    0.00    0.00    0.00    0.00  100.00

11:21:40 PM  CPU    %usr   %nice    %sys %iowait    %irq   %soft  %steal  %guest  %gnice   %idle
11:21:41 PM  all    0.13    0.00   18.72    0.00    0.38    6.03    0.00    0.00    0.00   74.75
11:21:41 PM    0    1.03    0.00   76.29    0.00    0.00   20.62    0.00    0.00    0.00    2.06
11:21:41 PM    1    0.00    0.00   76.53    0.00    1.02   19.39    0.00    0.00    0.00    3.06
11:21:41 PM    2    0.00    0.00    0.00    0.00    1.00    2.00    0.00    0.00    0.00   97.00
11:21:41 PM    3    0.00    0.00    0.00    0.00    1.00    4.00    0.00    0.00    0.00   95.00
11:21:41 PM    4    0.00    0.00    0.00    0.00    0.00    2.97    0.00    0.00    0.00   97.03
11:21:41 PM    5    0.00    0.00    0.00    0.00    0.00    0.00    0.00    0.00    0.00  100.00
11:21:41 PM    6    0.00    0.00    0.00    0.00    0.00    0.00    0.00    0.00    0.00  100.00
11:21:41 PM    7    0.00    0.00    0.00    0.00    0.00    0.00    0.00    0.00    0.00  100.00

11:21:41 PM  CPU    %usr   %nice    %sys %iowait    %irq   %soft  %steal  %guest  %gnice   %idle
11:21:42 PM  all    0.38    0.00   19.02    0.00    0.00    5.79    0.00    0.00    0.00   74.81
11:21:42 PM    0    2.04    0.00   75.51    0.00    0.00   19.39    0.00    0.00    0.00    3.06
11:21:42 PM    1    1.02    0.00   78.57    0.00    0.00   18.37    0.00    0.00    0.00    2.04
11:21:42 PM    2    0.00    0.00    0.00    0.00    0.00    2.02    0.00    0.00    0.00   97.98
11:21:42 PM    3    0.00    0.00    0.00    0.00    0.00    5.00    0.00    0.00    0.00   95.00
11:21:42 PM    4    0.00    0.00    0.00    0.00    0.00    2.02    0.00    0.00    0.00   97.98
11:21:42 PM    5    0.00    0.00    0.00    0.00    0.00    0.00    0.00    0.00    0.00  100.00
11:21:42 PM    6    0.00    0.00    0.00    0.00    0.00    0.00    0.00    0.00    0.00  100.00
11:21:42 PM    7    0.00    0.00    0.00    0.00    0.00    0.00    0.00    0.00    0.00  100.00

11:21:42 PM  CPU    %usr   %nice    %sys %iowait    %irq   %soft  %steal  %guest  %gnice   %idle
11:21:43 PM  all    0.00    0.00   19.22    0.00    0.38    6.03    0.00    0.00    0.00   74.37
11:21:43 PM    0    0.00    0.00   76.53    0.00    1.02   19.39    0.00    0.00    0.00    3.06
11:21:43 PM    1    0.00    0.00   78.79    0.00    0.00   19.19    0.00    0.00    0.00    2.02
11:21:43 PM    2    0.00    0.00    0.00    0.00    1.00    3.00    0.00    0.00    0.00   96.00
11:21:43 PM    3    0.00    0.00    0.00    0.00    1.00    4.00    0.00    0.00    0.00   95.00
11:21:43 PM    4    0.00    0.00    0.00    0.00    0.00    3.00    0.00    0.00    0.00   97.00
11:21:43 PM    5    0.00    0.00    0.00    0.00    0.00    0.00    0.00    0.00    0.00  100.00
11:21:43 PM    6    0.00    0.00    0.00    0.00    0.00    0.00    0.00    0.00    0.00  100.00
11:21:43 PM    7    0.00    0.00    0.00    0.00    0.00    0.00    0.00    0.00    0.00  100.00

11:21:43 PM  CPU    %usr   %nice    %sys %iowait    %irq   %soft  %steal  %guest  %gnice   %idle
11:21:44 PM  all    0.25    0.00   19.10    0.00    0.38    5.78    0.00    0.00    0.00   74.50
11:21:44 PM    0    1.02    0.00   76.53    0.00    0.00   19.39    0.00    0.00    0.00    3.06
11:21:44 PM    1    1.01    0.00   77.78    0.00    1.01   19.19    0.00    0.00    0.00    1.01
11:21:44 PM    2    0.00    0.00    0.00    0.00    1.01    2.02    0.00    0.00    0.00   96.97
11:21:44 PM    3    0.00    0.00    0.00    0.00    1.00    4.00    0.00    0.00    0.00   95.00
11:21:44 PM    4    0.00    0.00    0.00    0.00    0.00    2.00    0.00    0.00    0.00   98.00
11:21:44 PM    5    0.00    0.00    0.00    0.00    0.00    0.00    0.00    0.00    0.00  100.00
11:21:44 PM    6    0.00    0.00    0.00    0.00    0.00    0.00    0.00    0.00    0.00  100.00
11:21:44 PM    7    0.00    0.00    0.00    0.00    0.00    0.00    0.00    0.00    0.00  100.00

11:21:44 PM  CPU    %usr   %nice    %sys %iowait    %irq   %soft  %steal  %guest  %gnice   %idle
11:21:45 PM  all    0.50    0.00   18.57    0.00    0.00    6.15    0.00    0.00    0.00   74.78
11:21:45 PM    0    3.06    0.00   75.51    0.00    0.00   19.39    0.00    0.00    0.00    2.04
11:21:45 PM    1    1.03    0.00   76.29    0.00    0.00   18.56    0.00    0.00    0.00    4.12
11:21:45 PM    2    0.00    0.00    0.00    0.00    0.00    3.00    0.00    0.00    0.00   97.00
11:21:45 PM    3    0.00    0.00    0.00    0.00    0.00    5.94    0.00    0.00    0.00   94.06
11:21:45 PM    4    0.00    0.00    0.00    0.00    0.00    3.00    0.00    0.00    0.00   97.00
11:21:45 PM    5    0.00    0.00    0.00    0.00    0.00    0.00    0.00    0.00    0.00  100.00
11:21:45 PM    6    0.00    0.00    0.00    0.00    0.00    0.00    0.00    0.00    0.00  100.00
11:21:45 PM    7    0.00    0.00    0.00    0.00    0.00    0.00    0.00    0.00    0.00  100.00

11:21:45 PM  CPU    %usr   %nice    %sys %iowait    %irq   %soft  %steal  %guest  %gnice   %idle
11:21:46 PM  all    0.00    0.00   19.05    0.00    0.38    6.02    0.00    0.00    0.00   74.56
11:21:46 PM    0    0.00    0.00   76.77    0.00    1.01   20.20    0.00    0.00    0.00    2.02
11:21:46 PM    1    0.00    0.00   77.55    0.00    0.00   19.39    0.00    0.00    0.00    3.06
11:21:46 PM    2    0.00    0.00    0.00    0.00    1.00    2.00    0.00    0.00    0.00   97.00
11:21:46 PM    3    0.00    0.00    0.00    0.00    1.00    4.00    0.00    0.00    0.00   95.00
11:21:46 PM    4    0.00    0.00    0.00    0.00    0.00    2.97    0.00    0.00    0.00   97.03
11:21:46 PM    5    0.00    0.00    0.00    0.00    0.00    0.00    0.00    0.00    0.00  100.00
11:21:46 PM    6    0.00    0.00    0.00    0.00    0.00    0.00    0.00    0.00    0.00  100.00
11:21:46 PM    7    0.00    0.00    0.00    0.00    0.00    0.00    0.00    0.00    0.00  100.00

11:21:46 PM  CPU    %usr   %nice    %sys %iowait    %irq   %soft  %steal  %guest  %gnice   %idle
11:21:47 PM  all    0.25    0.00   18.81    0.00    0.38    5.93    0.00    0.00    0.00   74.62
11:21:47 PM    0    1.03    0.00   77.32    0.00    0.00   19.59    0.00    0.00    0.00    2.06
11:21:47 PM    1    1.04    0.00   77.08    0.00    1.04   17.71    0.00    0.00    0.00    3.12
11:21:47 PM    2    0.00    0.00    0.00    0.00    1.00    3.00    0.00    0.00    0.00   96.00
11:21:47 PM    3    0.00    0.00    0.00    0.00    1.00    5.00    0.00    0.00    0.00   94.00
11:21:47 PM    4    0.00    0.00    0.00    0.00    0.00    3.03    0.00    0.00    0.00   96.97
11:21:47 PM    5    0.00    0.00    0.00    0.00    0.00    0.00    0.00    0.00    0.00  100.00
11:21:47 PM    6    0.00    0.00    0.00    0.00    0.00    0.00    0.00    0.00    0.00  100.00
11:21:47 PM    7    0.00    0.00    0.00    0.00    0.00    0.00    0.00    0.00    0.00  100.00

11:21:47 PM  CPU    %usr   %nice    %sys %iowait    %irq   %soft  %steal  %guest  %gnice   %idle
11:21:48 PM  all    0.25    0.00   19.07    0.00    0.13    5.77    0.00    0.00    0.00   74.78
11:21:48 PM    0    1.02    0.00   77.55    0.00    0.00   19.39    0.00    0.00    0.00    2.04
11:21:48 PM    1    1.01    0.00   76.77    0.00    0.00   19.19    0.00    0.00    0.00    3.03
11:21:48 PM    2    0.00    0.00    0.00    0.00    0.00    2.02    0.00    0.00    0.00   97.98
11:21:48 PM    3    0.00    0.00    0.00    0.00    0.99    3.96    0.00    0.00    0.00   95.05
11:21:48 PM    4    0.00    0.00    0.00    0.00    0.00    2.00    0.00    0.00    0.00   98.00
11:21:48 PM    5    0.00    0.00    0.00    0.00    0.00    0.00    0.00    0.00    0.00  100.00
11:21:48 PM    6    0.00    0.00    0.00    0.00    0.00    0.00    0.00    0.00    0.00  100.00
11:21:48 PM    7    0.00    0.00    0.00    0.00    0.00    0.00    0.00    0.00    0.00  100.00

11:21:48 PM  CPU    %usr   %nice    %sys %iowait    %irq   %soft  %steal  %guest  %gnice   %idle
11:21:49 PM  all    0.25    0.00   20.38    0.00    0.12    5.00    0.00    0.00    0.00   74.25
11:21:49 PM    0    0.99    0.00   81.19    0.00    0.00   17.82    0.00    0.00    0.00    0.00
11:21:49 PM    1    1.01    0.00   81.82    0.00    0.00   17.17    0.00    0.00    0.00    0.00
11:21:49 PM    2    0.00    0.00    0.00    0.00    1.00    2.00    0.00    0.00    0.00   97.00
11:21:49 PM    3    0.00    0.00    0.00    0.00    0.00    2.02    0.00    0.00    0.00   97.98
11:21:49 PM    4    0.00    0.00    0.00    0.00    0.00    0.99    0.00    0.00    0.00   99.01
11:21:49 PM    5    0.00    0.00    0.00    0.00    0.00    0.00    0.00    0.00    0.00  100.00
11:21:49 PM    6    0.00    0.00    0.00    0.00    0.00    0.00    0.00    0.00    0.00  100.00
11:21:49 PM    7    0.00    0.00    0.00    0.00    0.00    0.00    0.00    0.00    0.00  100.00

11:21:49 PM  CPU    %usr   %nice    %sys %iowait    %irq   %soft  %steal  %guest  %gnice   %idle
11:21:50 PM  all    0.25    0.00   20.42    0.00    0.37    4.73    0.00    0.00    0.00   74.22
11:21:50 PM    0    1.00    0.00   81.00    0.00    1.00   17.00    0.00    0.00    0.00    0.00
11:21:50 PM    1    0.98    0.00   80.39    0.00    0.98   17.65    0.00    0.00    0.00    0.00
11:21:50 PM    2    0.00    0.00    0.99    0.00    0.99    1.98    0.00    0.00    0.00   96.04
11:21:50 PM    3    0.00    0.00    0.00    0.00    0.00    1.00    0.00    0.00    0.00   99.00
11:21:50 PM    4    0.00    0.00    0.00    0.00    0.00    0.00    0.00    0.00    0.00  100.00
11:21:50 PM    5    0.00    0.00    0.00    0.00    0.00    0.00    0.00    0.00    0.00  100.00
11:21:50 PM    6    0.00    0.00    0.00    0.00    0.00    0.00    0.00    0.00    0.00  100.00
11:21:50 PM    7    0.00    0.00    0.00    0.00    0.00    0.00    0.00    0.00    0.00  100.00

11:21:50 PM  CPU    %usr   %nice    %sys %iowait    %irq   %soft  %steal  %guest  %gnice   %idle
11:21:51 PM  all    0.13    0.00   20.18    0.00    0.13    4.76    0.00    0.00    0.00   74.81
11:21:51 PM    0    0.00    0.00   81.82    0.00    0.00   18.18    0.00    0.00    0.00    0.00
11:21:51 PM    1    1.01    0.00   80.81    0.00    0.00   17.17    0.00    0.00    0.00    1.01
11:21:51 PM    2    0.00    0.00    0.00    0.00    0.00    2.00    0.00    0.00    0.00   98.00
11:21:51 PM    3    0.00    0.00    0.00    0.00    1.00    1.00    0.00    0.00    0.00   98.00
11:21:51 PM    4    0.00    0.00    0.00    0.00    0.00    0.00    0.00    0.00    0.00  100.00
11:21:51 PM    5    0.00    0.00    0.00    0.00    0.00    0.00    0.00    0.00    0.00  100.00
11:21:51 PM    6    0.00    0.00    0.00    0.00    0.00    0.00    0.00    0.00    0.00  100.00
11:21:51 PM    7    0.00    0.00    0.00    0.00    0.00    0.00    0.00    0.00    0.00  100.00

11:21:51 PM  CPU    %usr   %nice    %sys %iowait    %irq   %soft  %steal  %guest  %gnice   %idle
11:21:52 PM  all    0.25    0.00   20.45    0.00    0.12    4.74    0.00    0.00    0.00   74.44
11:21:52 PM    0    1.00    0.00   82.00    0.00    0.00   17.00    0.00    0.00    0.00    0.00
11:21:52 PM    1    0.99    0.00   81.19    0.00    0.00   17.82    0.00    0.00    0.00    0.00
11:21:52 PM    2    0.00    0.00    0.00    0.00    0.00    2.02    0.00    0.00    0.00   97.98
11:21:52 PM    3    0.00    0.00    0.00    0.00    0.99    0.99    0.00    0.00    0.00   98.02
11:21:52 PM    4    0.00    0.00    0.00    0.00    0.00    0.00    0.00    0.00    0.00  100.00
11:21:52 PM    5    0.00    0.00    0.00    0.00    0.00    0.00    0.00    0.00    0.00  100.00
11:21:52 PM    6    0.00    0.00    0.00    0.00    0.00    0.00    0.00    0.00    0.00  100.00
11:21:52 PM    7    0.00    0.00    0.00    0.00    0.00    0.00    0.00    0.00    0.00  100.00

11:21:52 PM  CPU    %usr   %nice    %sys %iowait    %irq   %soft  %steal  %guest  %gnice   %idle
11:21:53 PM  all    0.25    0.00   20.32    0.00    0.37    4.74    0.00    0.00    0.00   74.31
11:21:53 PM    0    0.99    0.00   81.19    0.00    0.99   16.83    0.00    0.00    0.00    0.00
11:21:53 PM    1    1.00    0.00   81.00    0.00    0.00   18.00    0.00    0.00    0.00    0.00
11:21:53 PM    2    0.00    0.00    0.00    0.00    0.99    1.98    0.00    0.00    0.00   97.03
11:21:53 PM    3    0.00    0.00    0.00    0.00    1.00    1.00    0.00    0.00    0.00   98.00
11:21:53 PM    4    0.00    0.00    0.00    0.00    0.00    0.00    0.00    0.00    0.00  100.00
11:21:53 PM    5    0.00    0.00    0.00    0.00    0.00    0.00    0.00    0.00    0.00  100.00
11:21:53 PM    6    0.00    0.00    0.00    0.00    0.00    0.00    0.00    0.00    0.00  100.00
11:21:53 PM    7    0.00    0.00    0.00    0.00    0.00    0.00    0.00    0.00    0.00  100.00

11:21:53 PM  CPU    %usr   %nice    %sys %iowait    %irq   %soft  %steal  %guest  %gnice   %idle
11:21:54 PM  all    0.25    0.00   20.30    0.00    0.13    4.76    0.00    0.00    0.00   74.56
11:21:54 PM    0    1.00    0.00   81.00    0.00    0.00   18.00    0.00    0.00    0.00    0.00
11:21:54 PM    1    1.00    0.00   81.00    0.00    1.00   17.00    0.00    0.00    0.00    0.00
11:21:54 PM    2    0.00    0.00    0.00    0.00    0.00    2.02    0.00    0.00    0.00   97.98
11:21:54 PM    3    0.00    0.00    0.00    0.00    0.00    1.01    0.00    0.00    0.00   98.99
11:21:54 PM    4    0.00    0.00    0.00    0.00    0.00    0.00    0.00    0.00    0.00  100.00
11:21:54 PM    5    0.00    0.00    0.00    0.00    0.00    0.00    0.00    0.00    0.00  100.00
11:21:54 PM    6    0.00    0.00    0.00    0.00    0.00    0.00    0.00    0.00    0.00  100.00
11:21:54 PM    7    0.00    0.00    0.00    0.00    0.00    0.00    0.00    0.00    0.00  100.00

11:21:54 PM  CPU    %usr   %nice    %sys %iowait    %irq   %soft  %steal  %guest  %gnice   %idle
11:21:55 PM  all    0.12    0.00   20.35    0.00    0.25    4.74    0.00    0.00    0.00   74.53
11:21:55 PM    0    0.00    0.00   82.83    0.00    0.00   17.17    0.00    0.00    0.00    0.00
11:21:55 PM    1    1.00    0.00   81.00    0.00    0.00   18.00    0.00    0.00    0.00    0.00
11:21:55 PM    2    0.00    0.00    0.00    0.00    0.99    1.98    0.00    0.00    0.00   97.03
11:21:55 PM    3    0.00    0.00    0.00    0.00    1.00    1.00    0.00    0.00    0.00   98.00
11:21:55 PM    4    0.00    0.00    0.00    0.00    0.00    0.00    0.00    0.00    0.00  100.00
11:21:55 PM    5    0.00    0.00    0.00    0.00    0.00    0.00    0.00    0.00    0.00  100.00
11:21:55 PM    6    0.00    0.00    0.00    0.00    0.00    0.00    0.00    0.00    0.00  100.00
11:21:55 PM    7    0.00    0.00    0.00    0.00    0.00    0.00    0.00    0.00    0.00  100.00

11:21:55 PM  CPU    %usr   %nice    %sys %iowait    %irq   %soft  %steal  %guest  %gnice   %idle
11:21:56 PM  all    0.25    0.00   20.25    0.00    0.25    4.62    0.00    0.00    0.00   74.62
11:21:56 PM    0    0.99    0.00   80.20    0.00    0.99   16.83    0.00    0.00    0.00    0.99
11:21:56 PM    1    1.01    0.00   81.82    0.00    0.00   17.17    0.00    0.00    0.00    0.00
11:21:56 PM    2    0.00    0.00    0.00    0.00    0.00    2.02    0.00    0.00    0.00   97.98
11:21:56 PM    3    0.00    0.00    0.00    0.00    0.99    0.99    0.00    0.00    0.00   98.02
11:21:56 PM    4    0.00    0.00    0.00    0.00    0.00    0.00    0.00    0.00    0.00  100.00
11:21:56 PM    5    0.00    0.00    0.00    0.00    0.00    0.00    0.00    0.00    0.00  100.00
11:21:56 PM    6    0.00    0.00    0.00    0.00    0.00    0.00    0.00    0.00    0.00  100.00
11:21:56 PM    7    0.00    0.00    0.00    0.00    0.00    0.00    0.00    0.00    0.00  100.00

11:21:56 PM  CPU    %usr   %nice    %sys %iowait    %irq   %soft  %steal  %guest  %gnice   %idle
11:21:57 PM  all    0.37    0.00   20.32    0.00    0.25    4.86    0.00    0.00    0.00   74.19
11:21:57 PM    0    1.96    0.00   80.39    0.00    0.00   17.65    0.00    0.00    0.00    0.00
11:21:57 PM    1    0.98    0.00   79.41    0.00    0.98   17.65    0.00    0.00    0.00    0.98
11:21:57 PM    2    0.00    0.00    0.00    0.00    1.00    2.00    0.00    0.00    0.00   97.00
11:21:57 PM    3    0.00    0.00    0.00    0.00    0.00    1.01    0.00    0.00    0.00   98.99
11:21:57 PM    4    0.00    0.00    0.00    0.00    0.00    0.00    0.00    0.00    0.00  100.00
11:21:57 PM    5    0.00    0.00    0.00    0.00    0.00    0.00    0.00    0.00    0.00  100.00
11:21:57 PM    6    0.00    0.00    0.00    0.00    0.00    0.00    0.00    0.00    0.00  100.00
11:21:57 PM    7    0.00    0.00    0.00    0.00    0.00    0.00    0.00    0.00    0.00  100.00

11:21:57 PM  CPU    %usr   %nice    %sys %iowait    %irq   %soft  %steal  %guest  %gnice   %idle
11:21:58 PM  all    0.13    0.00   20.33    0.00    0.13    4.64    0.00    0.00    0.00   74.78
11:21:58 PM    0    0.00    0.00   82.65    0.00    0.00   17.35    0.00    0.00    0.00    0.00
11:21:58 PM    1    1.01    0.00   81.82    0.00    0.00   17.17    0.00    0.00    0.00    0.00
11:21:58 PM    2    0.00    0.00    0.00    0.00    0.00    2.02    0.00    0.00    0.00   97.98
11:21:58 PM    3    0.00    0.00    0.00    0.00    0.99    0.99    0.00    0.00    0.00   98.02
11:21:58 PM    4    0.00    0.00    0.00    0.00    0.00    0.00    0.00    0.00    0.00  100.00
11:21:58 PM    5    0.00    0.00    0.00    0.00    0.00    0.00    0.00    0.00    0.00  100.00
11:21:58 PM    6    0.00    0.00    0.00    0.00    0.00    0.00    0.00    0.00    0.00  100.00
11:21:58 PM    7    0.00    0.00    0.00    0.00    0.00    0.00    0.00    0.00    0.00  100.00

11:21:58 PM  CPU    %usr   %nice    %sys %iowait    %irq   %soft  %steal  %guest  %gnice   %idle
11:21:59 PM  all    0.12    0.00   20.25    0.00    0.25    4.88    0.00    0.00    0.00   74.50
11:21:59 PM    0    1.00    0.00   81.00    0.00    1.00   17.00    0.00    0.00    0.00    0.00
11:21:59 PM    1    0.00    0.00   81.82    0.00    0.00   18.18    0.00    0.00    0.00    0.00
11:21:59 PM    2    0.00    0.00    0.00    0.00    0.99    1.98    0.00    0.00    0.00   97.03
11:21:59 PM    3    0.00    0.00    0.00    0.00    0.00    1.01    0.00    0.00    0.00   98.99
11:21:59 PM    4    0.00    0.00    0.00    0.00    0.00    0.99    0.00    0.00    0.00   99.01
11:21:59 PM    5    0.00    0.00    0.00    0.00    0.00    0.00    0.00    0.00    0.00  100.00
11:21:59 PM    6    0.00    0.00    0.00    0.00    0.00    0.00    0.00    0.00    0.00  100.00
11:21:59 PM    7    0.00    0.00    0.00    0.00    0.00    0.00    0.00    0.00    0.00  100.00

11:21:59 PM  CPU    %usr   %nice    %sys %iowait    %irq   %soft  %steal  %guest  %gnice   %idle
11:22:00 PM  all    0.37    0.00   20.30    0.00    0.37    4.73    0.00    0.00    0.00   74.22
11:22:00 PM    0    1.98    0.00   80.20    0.00    0.00   16.83    0.00    0.00    0.00    0.99
11:22:00 PM    1    0.98    0.00   80.39    0.00    0.98   17.65    0.00    0.00    0.00    0.00
11:22:00 PM    2    0.00    0.00    0.00    0.00    1.00    3.00    0.00    0.00    0.00   96.00
11:22:00 PM    3    0.00    0.00    0.00    0.00    1.00    0.00    0.00    0.00    0.00   99.00
11:22:00 PM    4    0.00    0.00    0.00    0.00    0.00    0.00    0.00    0.00    0.00  100.00
11:22:00 PM    5    0.00    0.00    0.00    0.00    0.00    0.00    0.00    0.00    0.00  100.00
11:22:00 PM    6    0.00    0.00    0.00    0.00    0.00    0.00    0.00    0.00    0.00  100.00
11:22:00 PM    7    0.00    0.00    0.00    0.00    0.00    0.00    0.00    0.00    0.00  100.00

11:22:00 PM  CPU    %usr   %nice    %sys %iowait    %irq   %soft  %steal  %guest  %gnice   %idle
11:22:01 PM  all    0.13    0.00   20.40    0.00    0.00    4.76    0.00    0.00    0.00   74.72
11:22:01 PM    0    0.00    0.00   82.00    0.00    0.00   18.00    0.00    0.00    0.00    0.00
11:22:01 PM    1    1.01    0.00   81.82    0.00    0.00   17.17    0.00    0.00    0.00    0.00
11:22:01 PM    2    0.00    0.00    0.00    0.00    0.00    2.00    0.00    0.00    0.00   98.00
11:22:01 PM    3    0.00    0.00    0.00    0.00    0.00    1.00    0.00    0.00    0.00   99.00
11:22:01 PM    4    0.00    0.00    0.00    0.00    0.00    0.00    0.00    0.00    0.00  100.00
11:22:01 PM    5    0.00    0.00    0.00    0.00    0.00    0.00    0.00    0.00    0.00  100.00
11:22:01 PM    6    0.00    0.00    0.00    0.00    0.00    0.00    0.00    0.00    0.00  100.00
11:22:01 PM    7    0.00    0.00    0.00    0.00    0.00    0.00    0.00    0.00    0.00  100.00

11:22:01 PM  CPU    %usr   %nice    %sys %iowait    %irq   %soft  %steal  %guest  %gnice   %idle
11:22:02 PM  all    0.25    0.00   20.43    0.00    0.13    4.64    0.00    0.00    0.00   74.56
11:22:02 PM    0    1.00    0.00   82.00    0.00    0.00   17.00    0.00    0.00    0.00    0.00
11:22:02 PM    1    1.00    0.00   81.00    0.00    0.00   18.00    0.00    0.00    0.00    0.00
11:22:02 PM    2    0.00    0.00    0.00    0.00    0.00    1.02    0.00    0.00    0.00   98.98
11:22:02 PM    3    0.00    0.00    0.00    0.00    1.00    1.00    0.00    0.00    0.00   98.00
11:22:02 PM    4    0.00    0.00    0.00    0.00    0.00    0.00    0.00    0.00    0.00  100.00
11:22:02 PM    5    0.00    0.00    0.00    0.00    0.00    0.00    0.00    0.00    0.00  100.00
11:22:02 PM    6    0.00    0.00    0.00    0.00    0.00    0.00    0.00    0.00    0.00  100.00
11:22:02 PM    7    0.00    0.00    0.00    0.00    0.00    0.00    0.00    0.00    0.00  100.00

11:22:02 PM  CPU    %usr   %nice    %sys %iowait    %irq   %soft  %steal  %guest  %gnice   %idle
11:22:03 PM  all    0.12    0.00   20.25    0.00    0.38    4.62    0.00    0.00    0.00   74.62
11:22:03 PM    0    1.00    0.00   81.00    0.00    1.00   17.00    0.00    0.00    0.00    0.00
11:22:03 PM    1    0.00    0.00   81.00    0.00    1.00   17.00    0.00    0.00    0.00    1.00
11:22:03 PM    2    0.00    0.00    0.00    0.00    0.99    1.98    0.00    0.00    0.00   97.03
11:22:03 PM    3    0.00    0.00    0.00    0.00    0.00    1.01    0.00    0.00    0.00   98.99
11:22:03 PM    4    0.00    0.00    0.00    0.00    0.00    0.00    0.00    0.00    0.00  100.00
11:22:03 PM    5    0.00    0.00    0.00    0.00    0.00    0.00    0.00    0.00    0.00  100.00
11:22:03 PM    6    0.00    0.00    0.00    0.00    0.00    0.00    0.00    0.00    0.00  100.00
11:22:03 PM    7    0.00    0.00    0.00    0.00    0.00    0.00    0.00    0.00    0.00  100.00

11:22:03 PM  CPU    %usr   %nice    %sys %iowait    %irq   %soft  %steal  %guest  %gnice   %idle
11:22:04 PM  all    0.25    0.00   20.38    0.00    0.12    4.88    0.00    0.00    0.00   74.38
11:22:04 PM    0    1.00    0.00   81.00    0.00    0.00   18.00    0.00    0.00    0.00    0.00
11:22:04 PM    1    0.99    0.00   81.19    0.00    0.00   17.82    0.00    0.00    0.00    0.00
11:22:04 PM    2    0.00    0.00    0.00    0.00    0.00    2.02    0.00    0.00    0.00   97.98
11:22:04 PM    3    0.00    0.00    0.00    0.00    1.00    1.00    0.00    0.00    0.00   98.00
11:22:04 PM    4    0.00    0.00    0.00    0.00    0.00    0.00    0.00    0.00    0.00  100.00
11:22:04 PM    5    0.00    0.00    0.00    0.00    0.00    0.00    0.00    0.00    0.00  100.00
11:22:04 PM    6    0.00    0.00    0.00    0.00    0.00    0.00    0.00    0.00    0.00  100.00
11:22:04 PM    7    0.00    0.00    0.00    0.00    0.00    0.00    0.00    0.00    0.00  100.00

11:22:04 PM  CPU    %usr   %nice    %sys %iowait    %irq   %soft  %steal  %guest  %gnice   %idle
11:22:05 PM  all    0.12    0.00   20.22    0.00    0.25    5.24    0.00    0.00    0.00   74.16
11:22:05 PM    0    1.01    0.00   81.82    0.00    0.00   17.17    0.00    0.00    0.00    0.00
11:22:05 PM    1    0.00    0.00   81.82    0.00    0.00   18.18    0.00    0.00    0.00    0.00
11:22:05 PM    2    0.00    0.00    0.00    0.00    0.99    2.97    0.00    0.00    0.00   96.04
11:22:05 PM    3    0.00    0.00    0.00    0.00    0.99    2.97    0.00    0.00    0.00   96.04
11:22:05 PM    4    0.00    0.00    0.00    0.00    0.00    0.00    0.00    0.00    0.00  100.00
11:22:05 PM    5    0.00    0.00    0.00    0.00    0.00    0.99    0.00    0.00    0.00   99.01
11:22:05 PM    6    0.00    0.00    0.00    0.00    0.00    0.00    0.00    0.00    0.00  100.00
11:22:05 PM    7    0.00    0.00    0.00    0.00    0.00    0.00    0.00    0.00    0.00  100.00

11:22:05 PM  CPU    %usr   %nice    %sys %iowait    %irq   %soft  %steal  %guest  %gnice   %idle
11:22:06 PM  all    0.25    0.00   20.38    0.00    0.25    4.88    0.00    0.00    0.00   74.25
11:22:06 PM    0    0.99    0.00   80.20    0.00    0.99   17.82    0.00    0.00    0.00    0.00
11:22:06 PM    1    1.00    0.00   82.00    0.00    0.00   17.00    0.00    0.00    0.00    0.00
11:22:06 PM    2    0.00    0.00    0.00    0.00    1.01    2.02    0.00    0.00    0.00   96.97
11:22:06 PM    3    0.00    0.00    0.00    0.00    0.00    2.00    0.00    0.00    0.00   98.00
11:22:06 PM    4    0.00    0.00    0.00    0.00    0.00    0.00    0.00    0.00    0.00  100.00
11:22:06 PM    5    0.00    0.00    0.00    0.00    0.00    0.00    0.00    0.00    0.00  100.00
11:22:06 PM    6    0.00    0.00    0.00    0.00    0.00    0.00    0.00    0.00    0.00  100.00
11:22:06 PM    7    0.00    0.00    0.00    0.00    0.00    0.00    0.00    0.00    0.00  100.00

11:22:06 PM  CPU    %usr   %nice    %sys %iowait    %irq   %soft  %steal  %guest  %gnice   %idle
11:22:07 PM  all    0.25    0.00   20.22    0.00    0.37    4.84    0.00    0.00    0.00   74.32
11:22:07 PM    0    0.99    0.00   81.19    0.00    0.00   17.82    0.00    0.00    0.00    0.00
11:22:07 PM    1    0.99    0.00   80.20    0.00    0.99   17.82    0.00    0.00    0.00    0.00
11:22:07 PM    2    0.00    0.00    0.00    0.00    0.99    2.97    0.00    0.00    0.00   96.04
11:22:07 PM    3    0.00    0.00    0.00    0.00    1.00    0.00    0.00    0.00    0.00   99.00
11:22:07 PM    4    0.00    0.00    0.00    0.00    0.00    0.00    0.00    0.00    0.00  100.00
11:22:07 PM    5    0.00    0.00    0.00    0.00    0.00    0.00    0.00    0.00    0.00  100.00
11:22:07 PM    6    0.00    0.00    0.00    0.00    0.00    0.00    0.00    0.00    0.00  100.00
11:22:07 PM    7    0.00    0.00    0.00    0.00    0.00    0.00    0.00    0.00    0.00  100.00

11:22:07 PM  CPU    %usr   %nice    %sys %iowait    %irq   %soft  %steal  %guest  %gnice   %idle
11:22:08 PM  all    0.13    0.00   20.38    0.00    0.13    4.78    0.00    0.00    0.00   74.59
11:22:08 PM    0    0.00    0.00   82.65    0.00    0.00   17.35    0.00    0.00    0.00    0.00
11:22:08 PM    1    1.01    0.00   81.82    0.00    0.00   17.17    0.00    0.00    0.00    0.00
11:22:08 PM    2    0.00    0.00    0.00    0.00    1.01    3.03    0.00    0.00    0.00   95.96
11:22:08 PM    3    0.00    0.00    0.00    0.00    0.00    1.00    0.00    0.00    0.00   99.00
11:22:08 PM    4    0.00    0.00    0.00    0.00    0.00    0.00    0.00    0.00    0.00  100.00
11:22:08 PM    5    0.00    0.00    0.00    0.00    0.00    0.00    0.00    0.00    0.00  100.00
11:22:08 PM    6    0.00    0.00    0.00    0.00    0.00    0.00    0.00    0.00    0.00  100.00
11:22:08 PM    7    0.00    0.00    0.00    0.00    0.00    0.00    0.00    0.00    0.00  100.00

11:22:08 PM  CPU    %usr   %nice    %sys %iowait    %irq   %soft  %steal  %guest  %gnice   %idle
11:22:09 PM  all    0.25    0.00   20.38    0.00    0.25    4.88    0.00    0.00    0.00   74.25
11:22:09 PM    0    0.99    0.00   81.19    0.00    0.99   16.83    0.00    0.00    0.00    0.00
11:22:09 PM    1    1.00    0.00   81.00    0.00    0.00   18.00    0.00    0.00    0.00    0.00
11:22:09 PM    2    0.00    0.00    0.00    0.00    1.02    3.06    0.00    0.00    0.00   95.92
11:22:09 PM    3    0.00    0.00    0.00    0.00    0.00    1.00    0.00    0.00    0.00   99.00
11:22:09 PM    4    0.00    0.00    0.00    0.00    0.00    0.00    0.00    0.00    0.00  100.00
11:22:09 PM    5    0.00    0.00    0.00    0.00    0.00    0.00    0.00    0.00    0.00  100.00
11:22:09 PM    6    0.00    0.00    0.00    0.00    0.00    0.00    0.00    0.00    0.00  100.00
11:22:09 PM    7    0.00    0.00    0.00    0.00    0.00    0.00    0.00    0.00    0.00  100.00

11:22:09 PM  CPU    %usr   %nice    %sys %iowait    %irq   %soft  %steal  %guest  %gnice   %idle
11:22:10 PM  all    0.25    0.00   20.32    0.00    0.37    4.74    0.00    0.00    0.00   74.31
11:22:10 PM    0    1.00    0.00   81.00    0.00    0.00   18.00    0.00    0.00    0.00    0.00
11:22:10 PM    1    0.99    0.00   81.19    0.00    0.99   16.83    0.00    0.00    0.00    0.00
11:22:10 PM    2    0.00    0.00    0.00    0.00    0.99    1.98    0.00    0.00    0.00   97.03
11:22:10 PM    3    0.00    0.00    0.00    0.00    1.00    1.00    0.00    0.00    0.00   98.00
11:22:10 PM    4    0.00    0.00    0.00    0.00    0.00    0.00    0.00    0.00    0.00  100.00
11:22:10 PM    5    0.00    0.00    0.00    0.00    0.00    0.00    0.00    0.00    0.00  100.00
11:22:10 PM    6    0.00    0.00    0.00    0.00    0.00    0.00    0.00    0.00    0.00  100.00
11:22:10 PM    7    0.00    0.00    0.00    0.00    0.00    0.00    0.00    0.00    0.00  100.00

11:22:10 PM  CPU    %usr   %nice    %sys %iowait    %irq   %soft  %steal  %guest  %gnice   %idle
11:22:11 PM  all    0.13    0.00   20.30    0.00    0.13    5.14    0.00    0.00    0.00   74.31
11:22:11 PM    0    0.00    0.00   81.82    0.00    0.00   18.18    0.00    0.00    0.00    0.00
11:22:11 PM    1    1.00    0.00   81.00    0.00    0.00   18.00    0.00    0.00    0.00    0.00
11:22:11 PM    2    0.00    0.00    0.00    0.00    0.00    2.02    0.00    0.00    0.00   97.98
11:22:11 PM    3    0.00    0.00    0.00    0.00    1.00    3.00    0.00    0.00    0.00   96.00
11:22:11 PM    4    0.00    0.00    0.00    0.00    0.00    0.00    0.00    0.00    0.00  100.00
11:22:11 PM    5    0.00    0.00    0.00    0.00    0.00    0.00    0.00    0.00    0.00  100.00
11:22:11 PM    6    0.00    0.00    0.00    0.00    0.00    0.00    0.00    0.00    0.00  100.00
11:22:11 PM    7    0.00    0.00    0.00    0.00    0.00    0.00    0.00    0.00    0.00  100.00

11:22:11 PM  CPU    %usr   %nice    %sys %iowait    %irq   %soft  %steal  %guest  %gnice   %idle
11:22:12 PM  all    0.25    0.00   20.32    0.00    0.25    4.74    0.00    0.00    0.00   74.44
11:22:12 PM    0    0.99    0.00   81.19    0.00    0.99   16.83    0.00    0.00    0.00    0.00
11:22:12 PM    1    1.00    0.00   81.00    0.00    0.00   18.00    0.00    0.00    0.00    0.00
11:22:12 PM    2    0.00    0.00    0.00    0.00    0.99    1.98    0.00    0.00    0.00   97.03
11:22:12 PM    3    0.00    0.00    0.00    0.00    0.00    1.00    0.00    0.00    0.00   99.00
11:22:12 PM    4    0.00    0.00    0.00    0.00    0.00    0.00    0.00    0.00    0.00  100.00
11:22:12 PM    5    0.00    0.00    0.00    0.00    0.00    0.00    0.00    0.00    0.00  100.00
11:22:12 PM    6    0.00    0.00    0.00    0.00    0.00    0.00    0.00    0.00    0.00  100.00
11:22:12 PM    7    0.00    0.00    0.00    0.00    0.00    0.00    0.00    0.00    0.00  100.00

11:22:12 PM  CPU    %usr   %nice    %sys %iowait    %irq   %soft  %steal  %guest  %gnice   %idle
11:22:13 PM  all    0.13    0.00   20.40    0.00    0.25    4.76    0.00    0.00    0.00   74.47
11:22:13 PM    0    0.00    0.00   82.00    0.00    0.00   18.00    0.00    0.00    0.00    0.00
11:22:13 PM    1    1.00    0.00   81.00    0.00    1.00   17.00    0.00    0.00    0.00    0.00
11:22:13 PM    2    0.00    0.00    0.00    0.00    0.00    2.02    0.00    0.00    0.00   97.98
11:22:13 PM    3    0.00    0.00    0.00    0.00    1.00    1.00    0.00    0.00    0.00   98.00
11:22:13 PM    4    0.00    0.00    0.00    0.00    0.00    0.00    0.00    0.00    0.00  100.00
11:22:13 PM    5    0.00    0.00    0.00    0.00    0.00    0.00    0.00    0.00    0.00  100.00
11:22:13 PM    6    0.00    0.00    0.00    0.00    0.00    0.00    0.00    0.00    0.00  100.00
11:22:13 PM    7    0.00    0.00    0.00    0.00    0.00    0.00    0.00    0.00    0.00  100.00

11:22:13 PM  CPU    %usr   %nice    %sys %iowait    %irq   %soft  %steal  %guest  %gnice   %idle
11:22:14 PM  all    0.38    0.00   20.28    0.00    0.00    4.76    0.00    0.00    0.00   74.59
11:22:14 PM    0    2.00    0.00   81.00    0.00    0.00   17.00    0.00    0.00    0.00    0.00
11:22:14 PM    1    1.00    0.00   81.00    0.00    0.00   18.00    0.00    0.00    0.00    0.00
11:22:14 PM    2    0.00    0.00    0.00    0.00    0.00    2.00    0.00    0.00    0.00   98.00
11:22:14 PM    3    0.00    0.00    0.00    0.00    0.00    1.01    0.00    0.00    0.00   98.99
11:22:14 PM    4    0.00    0.00    0.00    0.00    0.00    0.00    0.00    0.00    0.00  100.00
11:22:14 PM    5    0.00    0.00    0.00    0.00    0.00    0.00    0.00    0.00    0.00  100.00
11:22:14 PM    6    0.00    0.00    0.00    0.00    0.00    0.00    0.00    0.00    0.00  100.00
11:22:14 PM    7    0.00    0.00    0.00    0.00    0.00    0.00    0.00    0.00    0.00  100.00

11:22:14 PM  CPU    %usr   %nice    %sys %iowait    %irq   %soft  %steal  %guest  %gnice   %idle
11:22:15 PM  all    0.12    0.00   20.30    0.00    0.37    4.86    0.00    0.00    0.00   74.35
11:22:15 PM    0    0.00    0.00   82.83    0.00    0.00   17.17    0.00    0.00    0.00    0.00
11:22:15 PM    1    1.00    0.00   81.00    0.00    0.00   18.00    0.00    0.00    0.00    0.00
11:22:15 PM    2    0.00    0.00    0.00    0.00    0.99    1.98    0.00    0.00    0.00   97.03
11:22:15 PM    3    0.00    0.00    0.00    0.00    0.99    0.99    0.00    0.00    0.00   98.02
11:22:15 PM    4    0.00    0.00    0.00    0.00    0.98    0.98    0.00    0.00    0.00   98.04
11:22:15 PM    5    0.00    0.00    0.00    0.00    0.00    0.00    0.00    0.00    0.00  100.00
11:22:15 PM    6    0.00    0.00    0.00    0.00    0.00    0.00    0.00    0.00    0.00  100.00
11:22:15 PM    7    0.00    0.00    0.00    0.00    0.00    0.00    0.00    0.00    0.00  100.00

11:22:15 PM  CPU    %usr   %nice    %sys %iowait    %irq   %soft  %steal  %guest  %gnice   %idle
11:22:16 PM  all    0.25    0.00   20.22    0.00    0.25    4.74    0.00    0.00    0.00   74.53
11:22:16 PM    0    0.99    0.00   80.20    0.00    0.99   17.82    0.00    0.00    0.00    0.00
11:22:16 PM    1    1.00    0.00   81.00    0.00    1.00   17.00    0.00    0.00    0.00    0.00
11:22:16 PM    2    0.00    0.00    0.00    0.00    0.00    2.02    0.00    0.00    0.00   97.98
11:22:16 PM    3    0.00    0.00    0.00    0.00    0.00    1.00    0.00    0.00    0.00   99.00
11:22:16 PM    4    0.00    0.00    0.00    0.00    0.00    0.00    0.00    0.00    0.00  100.00
11:22:16 PM    5    0.00    0.00    0.00    0.00    0.00    0.00    0.00    0.00    0.00  100.00
11:22:16 PM    6    0.00    0.00    0.00    0.00    0.00    0.00    0.00    0.00    0.00  100.00
11:22:16 PM    7    0.00    0.00    0.00    0.00    0.00    0.00    0.00    0.00    0.00  100.00

11:22:16 PM  CPU    %usr   %nice    %sys %iowait    %irq   %soft  %steal  %guest  %gnice   %idle
11:22:17 PM  all    0.25    0.00   20.30    0.00    0.25    4.48    0.00    0.00    0.00   74.72
11:22:17 PM    0    1.98    0.00   80.20    0.00    0.00   16.83    0.00    0.00    0.00    0.99
11:22:17 PM    1    0.00    0.00   81.19    0.00    0.00   17.82    0.00    0.00    0.00    0.99
11:22:17 PM    2    0.00    0.00    0.00    0.00    1.00    1.00    0.00    0.00    0.00   98.00
11:22:17 PM    3    0.00    0.00    0.00    0.00    1.00    0.00    0.00    0.00    0.00   99.00
11:22:17 PM    4    0.00    0.00    0.00    0.00    0.00    0.00    0.00    0.00    0.00  100.00
11:22:17 PM    5    0.00    0.00    0.00    0.00    0.00    0.00    0.00    0.00    0.00  100.00
11:22:17 PM    6    0.00    0.00    0.00    0.00    0.00    0.00    0.00    0.00    0.00  100.00
11:22:17 PM    7    0.00    0.00    0.00    0.00    0.00    0.00    0.00    0.00    0.00  100.00

11:22:17 PM  CPU    %usr   %nice    %sys %iowait    %irq   %soft  %steal  %guest  %gnice   %idle
11:22:18 PM  all    0.25    0.00   20.47    0.00    0.00    4.74    0.00    0.00    0.00   74.53
11:22:18 PM    0    1.00    0.00   82.00    0.00    0.00   17.00    0.00    0.00    0.00    0.00
11:22:18 PM    1    0.99    0.00   81.19    0.00    0.00   17.82    0.00    0.00    0.00    0.00
11:22:18 PM    2    0.00    0.00    0.00    0.00    0.00    2.02    0.00    0.00    0.00   97.98
11:22:18 PM    3    0.00    0.00    0.00    0.00    0.00    1.00    0.00    0.00    0.00   99.00
11:22:18 PM    4    0.00    0.00    0.00    0.00    0.00    0.00    0.00    0.00    0.00  100.00
11:22:18 PM    5    0.00    0.00    0.00    0.00    0.00    0.00    0.00    0.00    0.00  100.00
11:22:18 PM    6    0.00    0.00    0.00    0.00    0.00    0.00    0.00    0.00    0.00  100.00
11:22:18 PM    7    0.00    0.00    0.00    0.00    0.00    0.00    0.00    0.00    0.00  100.00

11:22:18 PM  CPU    %usr   %nice    %sys %iowait    %irq   %soft  %steal  %guest  %gnice   %idle
11:22:19 PM  all    0.12    0.00   20.35    0.00    0.37    4.62    0.00    0.00    0.00   74.53
11:22:19 PM    0    0.00    0.00   82.00    0.00    1.00   17.00    0.00    0.00    0.00    0.00
11:22:19 PM    1    1.01    0.00   81.82    0.00    0.00   17.17    0.00    0.00    0.00    0.00
11:22:19 PM    2    0.00    0.00    0.00    0.00    0.99    1.98    0.00    0.00    0.00   97.03
11:22:19 PM    3    0.00    0.00    0.00    0.00    0.99    0.99    0.00    0.00    0.00   98.02
11:22:19 PM    4    0.00    0.00    0.00    0.00    0.00    0.00    0.00    0.00    0.00  100.00
11:22:19 PM    5    0.00    0.00    0.00    0.00    0.00    0.00    0.00    0.00    0.00  100.00
11:22:19 PM    6    0.00    0.00    0.00    0.00    0.00    0.00    0.00    0.00    0.00  100.00
11:22:19 PM    7    0.00    0.00    0.00    0.00    0.00    0.00    0.00    0.00    0.00  100.00

11:22:19 PM  CPU    %usr   %nice    %sys %iowait    %irq   %soft  %steal  %guest  %gnice   %idle
11:22:20 PM  all    0.13    0.00   20.30    0.00    0.13    4.76    0.00    0.00    0.00   74.69
11:22:20 PM    0    1.00    0.00   81.00    0.00    0.00   18.00    0.00    0.00    0.00    0.00
11:22:20 PM    1    0.00    0.00   81.00    0.00    1.00   18.00    0.00    0.00    0.00    0.00
11:22:20 PM    2    0.00    0.00    0.00    0.00    0.00    2.02    0.00    0.00    0.00   97.98
11:22:20 PM    3    0.00    0.00    0.00    0.00    0.00    0.00    0.00    0.00    0.00  100.00
11:22:20 PM    4    0.00    0.00    0.00    0.00    0.00    0.00    0.00    0.00    0.00  100.00
11:22:20 PM    5    0.00    0.00    0.00    0.00    0.00    0.00    0.00    0.00    0.00  100.00
11:22:20 PM    6    0.00    0.00    0.00    0.00    0.00    0.00    0.00    0.00    0.00  100.00
11:22:20 PM    7    0.00    0.00    0.00    0.00    0.00    0.00    0.00    0.00    0.00  100.00

11:22:20 PM  CPU    %usr   %nice    %sys %iowait    %irq   %soft  %steal  %guest  %gnice   %idle
11:22:21 PM  all    0.25    0.00   20.38    0.00    0.25    4.75    0.00    0.00    0.00   74.38
11:22:21 PM    0    1.01    0.00   81.82    0.00    0.00   17.17    0.00    0.00    0.00    0.00
11:22:21 PM    1    1.00    0.00   82.00    0.00    0.00   17.00    0.00    0.00    0.00    0.00
11:22:21 PM    2    0.00    0.00    0.00    0.00    0.99    2.97    0.00    0.00    0.00   96.04
11:22:21 PM    3    0.00    0.00    0.00    0.00    1.00    1.00    0.00    0.00    0.00   98.00
11:22:21 PM    4    0.00    0.00    0.00    0.00    0.00    0.00    0.00    0.00    0.00  100.00
11:22:21 PM    5    0.00    0.00    0.00    0.00    0.00    0.00    0.00    0.00    0.00  100.00
11:22:21 PM    6    0.00    0.00    0.00    0.00    0.00    0.00    0.00    0.00    0.00  100.00
11:22:21 PM    7    0.00    0.00    0.00    0.00    0.00    0.00    0.00    0.00    0.00  100.00

11:22:21 PM  CPU    %usr   %nice    %sys %iowait    %irq   %soft  %steal  %guest  %gnice   %idle
11:22:22 PM  all    0.25    0.00   20.25    0.00    0.25    4.88    0.00    0.00    0.00   74.38
11:22:22 PM    0    0.99    0.00   81.19    0.00    0.99   16.83    0.00    0.00    0.00    0.00
11:22:22 PM    1    1.01    0.00   80.81    0.00    0.00   18.18    0.00    0.00    0.00    0.00
11:22:22 PM    2    0.00    0.00    0.00    0.00    0.00    2.02    0.00    0.00    0.00   97.98
11:22:22 PM    3    0.00    0.00    0.00    0.00    1.00    2.00    0.00    0.00    0.00   97.00
11:22:22 PM    4    0.00    0.00    0.00    0.00    0.00    0.00    0.00    0.00    0.00  100.00
11:22:22 PM    5    0.00    0.00    0.00    0.00    0.00    0.00    0.00    0.00    0.00  100.00
11:22:22 PM    6    0.00    0.00    0.00    0.00    0.00    0.00    0.00    0.00    0.00  100.00
11:22:22 PM    7    0.00    0.00    0.00    0.00    0.00    0.00    0.00    0.00    0.00  100.00

11:22:22 PM  CPU    %usr   %nice    %sys %iowait    %irq   %soft  %steal  %guest  %gnice   %idle
11:22:23 PM  all    0.25    0.00   20.22    0.00    0.25    4.87    0.00    0.00    0.00   74.41
11:22:23 PM    0    1.00    0.00   81.00    0.00    0.00   18.00    0.00    0.00    0.00    0.00
11:22:23 PM    1    0.99    0.00   80.20    0.00    0.99   17.82    0.00    0.00    0.00    0.00
11:22:23 PM    2    0.00    0.00    0.00    0.00    1.00    2.00    0.00    0.00    0.00   97.00
11:22:23 PM    3    0.00    0.00    0.00    0.00    0.00    1.00    0.00    0.00    0.00   99.00
11:22:23 PM    4    0.00    0.00    0.00    0.00    0.00    0.00    0.00    0.00    0.00  100.00
11:22:23 PM    5    0.00    0.00    0.00    0.00    0.00    0.00    0.00    0.00    0.00  100.00
11:22:23 PM    6    0.00    0.00    0.00    0.00    0.00    0.00    0.00    0.00    0.00  100.00
11:22:23 PM    7    0.00    0.00    0.00    0.00    0.00    0.00    0.00    0.00    0.00  100.00

11:22:23 PM  CPU    %usr   %nice    %sys %iowait    %irq   %soft  %steal  %guest  %gnice   %idle
11:22:24 PM  all    0.13    0.00   20.43    0.00    0.13    4.51    0.00    0.00    0.00   74.81
11:22:24 PM    0    0.00    0.00   82.83    0.00    0.00   17.17    0.00    0.00    0.00    0.00
11:22:24 PM    1    1.01    0.00   81.82    0.00    0.00   17.17    0.00    0.00    0.00    0.00
11:22:24 PM    2    0.00    0.00    0.00    0.00    0.00    2.00    0.00    0.00    0.00   98.00
11:22:24 PM    3    0.00    0.00    0.00    0.00    1.00    0.00    0.00    0.00    0.00   99.00
11:22:24 PM    4    0.00    0.00    0.00    0.00    0.00    0.00    0.00    0.00    0.00  100.00
11:22:24 PM    5    0.00    0.00    0.00    0.00    0.00    0.00    0.00    0.00    0.00  100.00
11:22:24 PM    6    0.00    0.00    0.00    0.00    0.00    0.00    0.00    0.00    0.00  100.00
11:22:24 PM    7    0.00    0.00    0.00    0.00    0.00    0.00    0.00    0.00    0.00  100.00

11:22:24 PM  CPU    %usr   %nice    %sys %iowait    %irq   %soft  %steal  %guest  %gnice   %idle
11:22:25 PM  all    0.25    0.00   20.35    0.00    0.25    4.96    0.00    0.00    0.00   74.19
11:22:25 PM    0    0.98    0.00   80.39    0.00    0.98   17.65    0.00    0.00    0.00    0.00
11:22:25 PM    1    0.98    0.00   80.39    0.00    0.00   17.65    0.00    0.00    0.00    0.98
11:22:25 PM    2    0.00    0.00    0.00    0.00    0.99    1.98    0.00    0.00    0.00   97.03
11:22:25 PM    3    0.00    0.00    0.00    0.00    0.00    2.00    0.00    0.00    0.00   98.00
11:22:25 PM    4    0.00    0.00    0.00    0.00    0.00    0.00    0.00    0.00    0.00  100.00
11:22:25 PM    5    0.00    0.00    0.00    0.00    0.00    0.00    0.00    0.00    0.00  100.00
11:22:25 PM    6    0.00    0.00    0.00    0.00    0.00    0.00    0.00    0.00    0.00  100.00
11:22:25 PM    7    0.00    0.00    0.00    0.00    0.00    0.00    0.00    0.00    0.00  100.00

11:22:25 PM  CPU    %usr   %nice    %sys %iowait    %irq   %soft  %steal  %guest  %gnice   %idle
11:22:26 PM  all    0.25    0.00   20.28    0.00    0.25    4.88    0.00    0.00    0.00   74.34
11:22:26 PM    0    2.02    0.00   80.81    0.00    0.00   17.17    0.00    0.00    0.00    0.00
11:22:26 PM    1    0.00    0.00   82.00    0.00    1.00   17.00    0.00    0.00    0.00    0.00
11:22:26 PM    2    0.00    0.00    0.00    0.00    0.00    2.02    0.00    0.00    0.00   97.98
11:22:26 PM    3    0.00    0.00    0.00    0.00    0.99    2.97    0.00    0.00    0.00   96.04
11:22:26 PM    4    0.00    0.00    0.00    0.00    0.00    0.00    0.00    0.00    0.00  100.00
11:22:26 PM    5    0.00    0.00    0.00    0.00    0.00    0.00    0.00    0.00    0.00  100.00
11:22:26 PM    6    0.00    0.00    0.00    0.00    0.00    0.00    0.00    0.00    0.00  100.00
11:22:26 PM    7    0.00    0.00    0.00    0.00    0.00    0.00    0.00    0.00    0.00  100.00

11:22:26 PM  CPU    %usr   %nice    %sys %iowait    %irq   %soft  %steal  %guest  %gnice   %idle
11:22:27 PM  all    0.00    0.00   20.33    0.00    0.13    5.02    0.00    0.00    0.00   74.53
11:22:27 PM    0    0.00    0.00   81.82    0.00    0.00   18.18    0.00    0.00    0.00    0.00
11:22:27 PM    1    0.00    0.00   81.82    0.00    0.00   18.18    0.00    0.00    0.00    0.00
11:22:27 PM    2    0.00    0.00    0.00    0.00    1.00    2.00    0.00    0.00    0.00   97.00
11:22:27 PM    3    0.00    0.00    0.00    0.00    0.00    2.02    0.00    0.00    0.00   97.98
11:22:27 PM    4    0.00    0.00    0.00    0.00    0.00    0.00    0.00    0.00    0.00  100.00
11:22:27 PM    5    0.00    0.00    0.00    0.00    0.00    0.00    0.00    0.00    0.00  100.00
11:22:27 PM    6    0.00    0.00    0.00    0.00    0.00    0.00    0.00    0.00    0.00  100.00
11:22:27 PM    7    0.00    0.00    0.00    0.00    0.00    0.00    0.00    0.00    0.00  100.00

11:22:27 PM  CPU    %usr   %nice    %sys %iowait    %irq   %soft  %steal  %guest  %gnice   %idle
11:22:28 PM  all    0.25    0.00   20.40    0.00    0.12    4.73    0.00    0.00    0.00   74.50
11:22:28 PM    0    0.99    0.00   81.19    0.00    0.00   16.83    0.00    0.00    0.00    0.99
11:22:28 PM    1    1.00    0.00   82.00    0.00    0.00   17.00    0.00    0.00    0.00    0.00
11:22:28 PM    2    0.00    0.00    0.00    0.00    0.00    2.00    0.00    0.00    0.00   98.00
11:22:28 PM    3    0.00    0.00    0.00    0.00    0.99    0.99    0.00    0.00    0.00   98.02
11:22:28 PM    4    0.00    0.00    0.00    0.00    0.00    0.99    0.00    0.00    0.00   99.01
11:22:28 PM    5    0.00    0.00    0.00    0.00    0.00    0.00    0.00    0.00    0.00  100.00
11:22:28 PM    6    0.00    0.00    0.00    0.00    0.00    0.00    0.00    0.00    0.00  100.00
11:22:28 PM    7    0.00    0.00    0.00    0.00    0.00    0.00    0.00    0.00    0.00  100.00

11:22:28 PM  CPU    %usr   %nice    %sys %iowait    %irq   %soft  %steal  %guest  %gnice   %idle
11:22:29 PM  all    0.38    0.00   20.12    0.00    0.38    5.00    0.00    0.00    0.00   74.12
11:22:29 PM    0    0.99    0.00   80.20    0.00    0.99   17.82    0.00    0.00    0.00    0.00
11:22:29 PM    1    1.98    0.00   79.21    0.00    0.99   17.82    0.00    0.00    0.00    0.00
11:22:29 PM    2    0.00    0.00    0.00    0.00    1.01    2.02    0.00    0.00    0.00   96.97
11:22:29 PM    3    0.00    0.00    0.00    0.00    0.00    2.02    0.00    0.00    0.00   97.98
11:22:29 PM    4    0.00    0.00    0.00    0.00    0.00    0.00    0.00    0.00    0.00  100.00
11:22:29 PM    5    0.00    0.00    0.00    0.00    0.00    0.00    0.00    0.00    0.00  100.00
11:22:29 PM    6    0.00    0.00    0.00    0.00    0.00    0.00    0.00    0.00    0.00  100.00
11:22:29 PM    7    0.00    0.00    0.00    0.00    0.00    0.00    0.00    0.00    0.00  100.00

11:22:29 PM  CPU    %usr   %nice    %sys %iowait    %irq   %soft  %steal  %guest  %gnice   %idle
11:22:30 PM  all    0.25    0.00   20.32    0.00    0.25    4.61    0.00    0.00    0.00   74.56
11:22:30 PM    0    0.99    0.00   81.19    0.00    0.00   17.82    0.00    0.00    0.00    0.00
11:22:30 PM    1    1.01    0.00   81.82    0.00    0.00   17.17    0.00    0.00    0.00    0.00
11:22:30 PM    2    0.00    0.00    0.00    0.00    0.99    1.98    0.00    0.00    0.00   97.03
11:22:30 PM    3    0.00    0.00    0.00    0.00    0.99    0.00    0.00    0.00    0.00   99.01
11:22:30 PM    4    0.00    0.00    0.00    0.00    0.00    0.00    0.00    0.00    0.00  100.00
11:22:30 PM    5    0.00    0.00    0.00    0.00    0.00    0.00    0.00    0.00    0.00  100.00
11:22:30 PM    6    0.00    0.00    0.00    0.00    0.00    0.00    0.00    0.00    0.00  100.00
11:22:30 PM    7    0.00    0.00    0.00    0.00    0.00    0.00    0.00    0.00    0.00  100.00

11:22:30 PM  CPU    %usr   %nice    %sys %iowait    %irq   %soft  %steal  %guest  %gnice   %idle
11:22:31 PM  all    0.13    0.00   20.45    0.00    0.13    4.89    0.00    0.00    0.00   74.40
11:22:31 PM    0    0.00    0.00   82.83    0.00    0.00   17.17    0.00    0.00    0.00    0.00
11:22:31 PM    1    1.00    0.00   81.00    0.00    0.00   18.00    0.00    0.00    0.00    0.00
11:22:31 PM    2    0.00    0.00    0.00    0.00    1.01    3.03    0.00    0.00    0.00   95.96
11:22:31 PM    3    0.00    0.00    0.00    0.00    0.00    1.01    0.00    0.00    0.00   98.99
11:22:31 PM    4    0.00    0.00    0.00    0.00    0.00    0.00    0.00    0.00    0.00  100.00
11:22:31 PM    5    0.00    0.00    0.00    0.00    0.00    0.00    0.00    0.00    0.00  100.00
11:22:31 PM    6    0.00    0.00    0.00    0.00    0.00    0.00    0.00    0.00    0.00  100.00
11:22:31 PM    7    0.00    0.00    0.00    0.00    0.00    0.00    0.00    0.00    0.00  100.00

11:22:31 PM  CPU    %usr   %nice    %sys %iowait    %irq   %soft  %steal  %guest  %gnice   %idle
11:22:32 PM  all    0.25    0.00   20.28    0.00    0.25    4.76    0.00    0.00    0.00   74.47
11:22:32 PM    0    1.00    0.00   81.00    0.00    1.00   17.00    0.00    0.00    0.00    0.00
11:22:32 PM    1    1.01    0.00   81.82    0.00    0.00   17.17    0.00    0.00    0.00    0.00
11:22:32 PM    2    0.00    0.00    0.00    0.00    0.00    2.02    0.00    0.00    0.00   97.98
11:22:32 PM    3    0.00    0.00    0.00    0.00    0.99    1.98    0.00    0.00    0.00   97.03
11:22:32 PM    4    0.00    0.00    0.00    0.00    0.00    0.00    0.00    0.00    0.00  100.00
11:22:32 PM    5    0.00    0.00    0.00    0.00    0.00    0.00    0.00    0.00    0.00  100.00
11:22:32 PM    6    0.00    0.00    0.00    0.00    0.00    0.00    0.00    0.00    0.00  100.00
11:22:32 PM    7    0.00    0.00    0.00    0.00    0.00    0.00    0.00    0.00    0.00  100.00

11:22:32 PM  CPU    %usr   %nice    %sys %iowait    %irq   %soft  %steal  %guest  %gnice   %idle
11:22:33 PM  all    0.25    0.00   20.42    0.00    0.25    4.73    0.00    0.00    0.00   74.35
11:22:33 PM    0    0.99    0.00   81.19    0.00    0.00   17.82    0.00    0.00    0.00    0.00
11:22:33 PM    1    0.98    0.00   80.39    0.00    0.98   17.65    0.00    0.00    0.00    0.00
11:22:33 PM    2    0.00    0.00    0.00    0.00    0.99    1.98    0.00    0.00    0.00   97.03
11:22:33 PM    3    0.00    0.00    0.00    0.00    0.00    0.00    0.00    0.00    0.00  100.00
11:22:33 PM    4    0.00    0.00    0.00    0.00    0.00    0.00    0.00    0.00    0.00  100.00
11:22:33 PM    5    0.00    0.00    0.00    0.00    0.00    0.00    0.00    0.00    0.00  100.00
11:22:33 PM    6    0.00    0.00    0.00    0.00    0.00    0.00    0.00    0.00    0.00  100.00
11:22:33 PM    7    0.00    0.00    0.00    0.00    0.00    0.00    0.00    0.00    0.00  100.00

11:22:33 PM  CPU    %usr   %nice    %sys %iowait    %irq   %soft  %steal  %guest  %gnice   %idle
11:22:34 PM  all    0.12    0.00   20.30    0.00    0.12    4.73    0.00    0.00    0.00   74.72
11:22:34 PM    0    1.01    0.00   81.82    0.00    0.00   17.17    0.00    0.00    0.00    0.00
11:22:34 PM    1    0.00    0.00   81.19    0.00    0.00   17.82    0.00    0.00    0.00    0.99
11:22:34 PM    2    0.00    0.00    0.00    0.00    0.00    2.02    0.00    0.00    0.00   97.98
11:22:34 PM    3    0.00    0.00    0.00    0.00    0.99    0.99    0.00    0.00    0.00   98.02
11:22:34 PM    4    0.00    0.00    0.00    0.00    0.00    0.00    0.00    0.00    0.00  100.00
11:22:34 PM    5    0.00    0.00    0.00    0.00    0.00    0.00    0.00    0.00    0.00  100.00
11:22:34 PM    6    0.00    0.00    0.00    0.00    0.00    0.00    0.00    0.00    0.00  100.00
11:22:34 PM    7    0.00    0.00    0.00    0.00    0.00    0.00    0.00    0.00    0.00  100.00

11:22:34 PM  CPU    %usr   %nice    %sys %iowait    %irq   %soft  %steal  %guest  %gnice   %idle
11:22:35 PM  all    0.25    0.00   20.38    0.00    0.12    4.62    0.00    0.00    0.00   74.62
11:22:35 PM    0    0.99    0.00   81.19    0.00    0.99   16.83    0.00    0.00    0.00    0.00
11:22:35 PM    1    1.01    0.00   81.82    0.00    0.00   17.17    0.00    0.00    0.00    0.00
11:22:35 PM    2    0.00    0.00    0.00    0.00    0.00    2.00    0.00    0.00    0.00   98.00
11:22:35 PM    3    0.00    0.00    0.00    0.00    0.00    1.00    0.00    0.00    0.00   99.00
11:22:35 PM    4    0.00    0.00    0.00    0.00    0.00    0.00    0.00    0.00    0.00  100.00
11:22:35 PM    5    0.00    0.00    0.00    0.00    0.00    0.00    0.00    0.00    0.00  100.00
11:22:35 PM    6    0.00    0.00    0.00    0.00    0.00    0.00    0.00    0.00    0.00  100.00
11:22:35 PM    7    0.00    0.00    0.00    0.00    0.00    0.00    0.00    0.00    0.00  100.00

11:22:35 PM  CPU    %usr   %nice    %sys %iowait    %irq   %soft  %steal  %guest  %gnice   %idle
11:22:36 PM  all    0.37    0.00   20.17    0.00    0.50    4.61    0.00    0.00    0.00   74.35
11:22:36 PM    0    2.00    0.00   80.00    0.00    0.00   18.00    0.00    0.00    0.00    0.00
11:22:36 PM    1    0.99    0.00   81.19    0.00    0.99   16.83    0.00    0.00    0.00    0.00
11:22:36 PM    2    0.00    0.00    0.00    0.00    0.99    1.98    0.00    0.00    0.00   97.03
11:22:36 PM    3    0.00    0.00    0.00    0.00    1.00    0.00    0.00    0.00    0.00   99.00
11:22:36 PM    4    0.00    0.00    0.00    0.00    0.00    0.00    0.00    0.00    0.00  100.00
11:22:36 PM    5    0.00    0.00    0.00    0.00    0.99    0.00    0.00    0.00    0.00   99.01
11:22:36 PM    6    0.00    0.00    0.00    0.00    0.00    0.00    0.00    0.00    0.00  100.00
11:22:36 PM    7    0.00    0.00    0.00    0.00    0.00    0.00    0.00    0.00    0.00  100.00

11:22:36 PM  CPU    %usr   %nice    %sys %iowait    %irq   %soft  %steal  %guest  %gnice   %idle
11:22:37 PM  all    0.13    0.00   20.28    0.00    0.13    4.88    0.00    0.00    0.00   74.59
11:22:37 PM    0    1.00    0.00   81.00    0.00    0.00   17.00    0.00    0.00    0.00    1.00
11:22:37 PM    1    0.00    0.00   81.82    0.00    0.00   18.18    0.00    0.00    0.00    0.00
11:22:37 PM    2    0.00    0.00    0.00    0.00    1.01    2.02    0.00    0.00    0.00   96.97
11:22:37 PM    3    0.00    0.00    0.00    0.00    0.00    1.00    0.00    0.00    0.00   99.00
11:22:37 PM    4    0.00    0.00    0.00    0.00    0.00    0.99    0.00    0.00    0.00   99.01
11:22:37 PM    5    0.00    0.00    0.00    0.00    0.00    0.00    0.00    0.00    0.00  100.00
11:22:37 PM    6    0.00    0.00    0.00    0.00    0.00    0.00    0.00    0.00    0.00  100.00
11:22:37 PM    7    0.00    0.00    0.00    0.00    0.00    0.00    0.00    0.00    0.00  100.00

11:22:37 PM  CPU    %usr   %nice    %sys %iowait    %irq   %soft  %steal  %guest  %gnice   %idle
11:22:38 PM  all    0.13    0.00   20.53    0.00    0.13    4.63    0.00    0.00    0.00   74.59
11:22:38 PM    0    0.00    0.00   82.00    0.00    1.00   17.00    0.00    0.00    0.00    0.00
11:22:38 PM    1    0.99    0.00   81.19    0.00    0.00   17.82    0.00    0.00    0.00    0.00
11:22:38 PM    2    0.00    0.00    0.00    0.00    0.00    2.02    0.00    0.00    0.00   97.98
11:22:38 PM    3    0.00    0.00    0.00    0.00    0.00    0.00    0.00    0.00    0.00  100.00
11:22:38 PM    4    0.00    0.00    0.00    0.00    0.00    0.00    0.00    0.00    0.00  100.00
11:22:38 PM    5    0.00    0.00    0.00    0.00    0.00    0.00    0.00    0.00    0.00  100.00
11:22:38 PM    6    0.00    0.00    0.00    0.00    0.00    0.00    0.00    0.00    0.00  100.00
11:22:38 PM    7    0.00    0.00    0.00    0.00    0.00    0.00    0.00    0.00    0.00  100.00

11:22:38 PM  CPU    %usr   %nice    %sys %iowait    %irq   %soft  %steal  %guest  %gnice   %idle
11:22:39 PM  all    0.37    0.00   20.20    0.00    0.37    4.61    0.00    0.00    0.00   74.44
11:22:39 PM    0    2.00    0.00   81.00    0.00    0.00   17.00    0.00    0.00    0.00    0.00
11:22:39 PM    1    1.00    0.00   81.00    0.00    1.00   17.00    0.00    0.00    0.00    0.00
11:22:39 PM    2    0.00    0.00    0.00    0.00    0.99    1.98    0.00    0.00    0.00   97.03
11:22:39 PM    3    0.00    0.00    0.00    0.00    0.99    0.99    0.00    0.00    0.00   98.02
11:22:39 PM    4    0.00    0.00    0.00    0.00    0.00    0.00    0.00    0.00    0.00  100.00
11:22:39 PM    5    0.00    0.00    0.00    0.00    0.00    0.00    0.00    0.00    0.00  100.00
11:22:39 PM    6    0.00    0.00    0.00    0.00    0.00    0.00    0.00    0.00    0.00  100.00
11:22:39 PM    7    0.00    0.00    0.00    0.00    0.00    0.00    0.00    0.00    0.00  100.00

11:22:39 PM  CPU    %usr   %nice    %sys %iowait    %irq   %soft  %steal  %guest  %gnice   %idle
11:22:40 PM  all    0.12    0.00   20.50    0.00    0.12    5.00    0.00    0.00    0.00   74.25
11:22:40 PM    0    1.00    0.00   82.00    0.00    0.00   17.00    0.00    0.00    0.00    0.00
11:22:40 PM    1    0.00    0.00   82.00    0.00    0.00   18.00    0.00    0.00    0.00    0.00
11:22:40 PM    2    0.00    0.00    0.00    0.00    1.00    4.00    0.00    0.00    0.00   95.00
11:22:40 PM    3    0.00    0.00    0.00    0.00    0.00    1.00    0.00    0.00    0.00   99.00
11:22:40 PM    4    0.00    0.00    0.00    0.00    0.00    0.00    0.00    0.00    0.00  100.00
11:22:40 PM    5    0.00    0.00    0.00    0.00    0.00    0.00    0.00    0.00    0.00  100.00
11:22:40 PM    6    0.00    0.00    0.00    0.00    0.00    0.00    0.00    0.00    0.00  100.00
11:22:40 PM    7    0.00    0.00    0.00    0.00    0.00    0.00    0.00    0.00    0.00  100.00

11:22:40 PM  CPU    %usr   %nice    %sys %iowait    %irq   %soft  %steal  %guest  %gnice   %idle
11:22:41 PM  all    0.25    0.00   20.30    0.00    0.13    4.76    0.00    0.00    0.00   74.56
11:22:41 PM    0    1.00    0.00   81.00    0.00    0.00   18.00    0.00    0.00    0.00    0.00
11:22:41 PM    1    1.01    0.00   81.82    0.00    0.00   17.17    0.00    0.00    0.00    0.00
11:22:41 PM    2    0.00    0.00    0.00    0.00    0.00    2.02    0.00    0.00    0.00   97.98
11:22:41 PM    3    0.00    0.00    0.00    0.00    1.00    1.00    0.00    0.00    0.00   98.00
11:22:41 PM    4    0.00    0.00    0.00    0.00    0.00    0.00    0.00    0.00    0.00  100.00
11:22:41 PM    5    0.00    0.00    0.00    0.00    0.00    0.00    0.00    0.00    0.00  100.00
11:22:41 PM    6    0.00    0.00    0.00    0.00    0.00    0.00    0.00    0.00    0.00  100.00
11:22:41 PM    7    0.00    0.00    0.00    0.00    0.00    0.00    0.00    0.00    0.00  100.00

11:22:41 PM  CPU    %usr   %nice    %sys %iowait    %irq   %soft  %steal  %guest  %gnice   %idle
11:22:42 PM  all    0.12    0.00   20.35    0.00    0.37    4.74    0.00    0.00    0.00   74.41
11:22:42 PM    0    0.00    0.00   81.19    0.00    0.99   16.83    0.00    0.00    0.00    0.99
11:22:42 PM    1    1.00    0.00   81.00    0.00    1.00   17.00    0.00    0.00    0.00    0.00
11:22:42 PM    2    0.00    0.00    0.00    0.00    1.00    2.00    0.00    0.00    0.00   97.00
11:22:42 PM    3    0.00    0.00    0.00    0.00    0.00    2.00    0.00    0.00    0.00   98.00
11:22:42 PM    4    0.00    0.00    0.00    0.00    0.00    0.00    0.00    0.00    0.00  100.00
11:22:42 PM    5    0.00    0.00    0.00    0.00    0.00    0.00    0.00    0.00    0.00  100.00
11:22:42 PM    6    0.00    0.00    0.00    0.00    0.00    0.00    0.00    0.00    0.00  100.00
11:22:42 PM    7    0.00    0.00    0.00    0.00    0.00    0.00    0.00    0.00    0.00  100.00

11:22:42 PM  CPU    %usr   %nice    %sys %iowait    %irq   %soft  %steal  %guest  %gnice   %idle
11:22:43 PM  all    0.13    0.00   20.30    0.00    0.25    5.14    0.00    0.00    0.00   74.19
11:22:43 PM    0    0.00    0.00   81.82    0.00    0.00   18.18    0.00    0.00    0.00    0.00
11:22:43 PM    1    1.00    0.00   81.00    0.00    0.00   18.00    0.00    0.00    0.00    0.00
11:22:43 PM    2    0.00    0.00    0.00    0.00    1.00    2.00    0.00    0.00    0.00   97.00
11:22:43 PM    3    0.00    0.00    0.00    0.00    1.00    3.00    0.00    0.00    0.00   96.00
11:22:43 PM    4    0.00    0.00    0.00    0.00    0.00    0.00    0.00    0.00    0.00  100.00
11:22:43 PM    5    0.00    0.00    0.00    0.00    0.00    0.00    0.00    0.00    0.00  100.00
11:22:43 PM    6    0.00    0.00    0.00    0.00    0.00    0.00    0.00    0.00    0.00  100.00
11:22:43 PM    7    0.00    0.00    0.00    0.00    0.00    0.00    0.00    0.00    0.00  100.00

11:22:43 PM  CPU    %usr   %nice    %sys %iowait    %irq   %soft  %steal  %guest  %gnice   %idle
11:22:44 PM  all    0.25    0.00   20.40    0.00    0.13    4.88    0.00    0.00    0.00   74.34
11:22:44 PM    0    1.00    0.00   81.00    0.00    0.00   18.00    0.00    0.00    0.00    0.00
11:22:44 PM    1    1.00    0.00   82.00    0.00    0.00   17.00    0.00    0.00    0.00    0.00
11:22:44 PM    2    0.00    0.00    0.00    0.00    0.00    2.02    0.00    0.00    0.00   97.98
11:22:44 PM    3    0.00    0.00    0.00    0.00    1.00    2.00    0.00    0.00    0.00   97.00
11:22:44 PM    4    0.00    0.00    0.00    0.00    0.00    0.00    0.00    0.00    0.00  100.00
11:22:44 PM    5    0.00    0.00    0.00    0.00    0.00    0.00    0.00    0.00    0.00  100.00
11:22:44 PM    6    0.00    0.00    0.00    0.00    0.00    0.00    0.00    0.00    0.00  100.00
11:22:44 PM    7    0.00    0.00    0.00    0.00    0.00    0.00    0.00    0.00    0.00  100.00

11:22:44 PM  CPU    %usr   %nice    %sys %iowait    %irq   %soft  %steal  %guest  %gnice   %idle
11:22:45 PM  all    0.25    0.00   20.25    0.00    0.25    4.84    0.00    0.00    0.00   74.41
11:22:45 PM    0    0.98    0.00   80.39    0.00    0.98   16.67    0.00    0.00    0.00    0.98
11:22:45 PM    1    0.99    0.00   80.20    0.00    0.00   17.82    0.00    0.00    0.00    0.99
11:22:45 PM    2    0.00    0.00    0.00    0.00    0.99    1.98    0.00    0.00    0.00   97.03
11:22:45 PM    3    0.00    0.00    0.00    0.00    0.00    1.00    0.00    0.00    0.00   99.00
11:22:45 PM    4    0.00    0.00    0.00    0.00    0.00    0.99    0.00    0.00    0.00   99.01
11:22:45 PM    5    0.00    0.00    0.00    0.00    0.00    0.00    0.00    0.00    0.00  100.00
11:22:45 PM    6    0.00    0.00    0.00    0.00    0.00    0.00    0.00    0.00    0.00  100.00
11:22:45 PM    7    0.00    0.00    0.00    0.00    0.00    0.00    0.00    0.00    0.00  100.00

11:22:45 PM  CPU    %usr   %nice    %sys %iowait    %irq   %soft  %steal  %guest  %gnice   %idle
11:22:46 PM  all    0.25    0.00   20.30    0.00    0.25    4.51    0.00    0.00    0.00   74.69
11:22:46 PM    0    1.01    0.00   81.82    0.00    0.00   17.17    0.00    0.00    0.00    0.00
11:22:46 PM    1    1.00    0.00   81.00    0.00    1.00   17.00    0.00    0.00    0.00    0.00
11:22:46 PM    2    0.00    0.00    0.00    0.00    0.00    2.02    0.00    0.00    0.00   97.98
11:22:46 PM    3    0.00    0.00    0.00    0.00    1.00    0.00    0.00    0.00    0.00   99.00
11:22:46 PM    4    0.00    0.00    0.00    0.00    0.00    0.00    0.00    0.00    0.00  100.00
11:22:46 PM    5    0.00    0.00    0.00    0.00    0.00    0.00    0.00    0.00    0.00  100.00
11:22:46 PM    6    0.00    0.00    0.00    0.00    0.00    0.00    0.00    0.00    0.00  100.00
11:22:46 PM    7    0.00    0.00    0.00    0.00    0.00    0.00    0.00    0.00    0.00  100.00

11:22:46 PM  CPU    %usr   %nice    %sys %iowait    %irq   %soft  %steal  %guest  %gnice   %idle
11:22:47 PM  all    0.25    0.00   20.38    0.00    0.00    4.88    0.00    0.00    0.00   74.50
11:22:47 PM    0    0.00    0.00   82.00    0.00    0.00   18.00    0.00    0.00    0.00    0.00
11:22:47 PM    1    1.98    0.00   80.20    0.00    0.00   17.82    0.00    0.00    0.00    0.00
11:22:47 PM    2    0.00    0.00    0.00    0.00    0.00    2.00    0.00    0.00    0.00   98.00
11:22:47 PM    3    0.00    0.00    0.00    0.00    0.00    1.01    0.00    0.00    0.00   98.99
11:22:47 PM    4    0.00    0.00    0.00    0.00    0.00    0.00    0.00    0.00    0.00  100.00
11:22:47 PM    5    0.00    0.00    0.00    0.00    0.00    0.00    0.00    0.00    0.00  100.00
11:22:47 PM    6    0.00    0.00    0.00    0.00    0.00    0.00    0.00    0.00    0.00  100.00
11:22:47 PM    7    0.00    0.00    0.00    0.00    0.00    0.00    0.00    0.00    0.00  100.00

11:22:47 PM  CPU    %usr   %nice    %sys %iowait    %irq   %soft  %steal  %guest  %gnice   %idle
11:22:48 PM  all    0.25    0.00   20.17    0.00    0.37    4.61    0.00    0.00    0.00   74.60
11:22:48 PM    0    1.00    0.00   81.00    0.00    1.00   17.00    0.00    0.00    0.00    0.00
11:22:48 PM    1    1.01    0.00   81.82    0.00    0.00   17.17    0.00    0.00    0.00    0.00
11:22:48 PM    2    0.00    0.00    0.00    0.00    0.99    1.98    0.00    0.00    0.00   97.03
11:22:48 PM    3    0.00    0.00    0.00    0.00    0.99    0.99    0.00    0.00    0.00   98.02
11:22:48 PM    4    0.00    0.00    0.00    0.00    0.00    0.00    0.00    0.00    0.00  100.00
11:22:48 PM    5    0.00    0.00    0.00    0.00    0.00    0.00    0.00    0.00    0.00  100.00
11:22:48 PM    6    0.00    0.00    0.00    0.00    0.00    0.00    0.00    0.00    0.00  100.00
11:22:48 PM    7    0.00    0.00    0.00    0.00    0.00    0.00    0.00    0.00    0.00  100.00

11:22:48 PM  CPU    %usr   %nice    %sys %iowait    %irq   %soft  %steal  %guest  %gnice   %idle
11:22:49 PM  all    0.37    0.00   20.30    0.00    0.12    4.61    0.00    0.00    0.00   74.60
11:22:49 PM    0    1.98    0.00   81.19    0.00    0.00   16.83    0.00    0.00    0.00    0.00
11:22:49 PM    1    0.99    0.00   80.20    0.00    0.99   17.82    0.00    0.00    0.00    0.00
11:22:49 PM    2    0.00    0.00    0.00    0.00    0.00    2.02    0.00    0.00    0.00   97.98
11:22:49 PM    3    0.00    0.00    0.00    0.00    0.00    0.00    0.00    0.00    0.00  100.00
11:22:49 PM    4    0.00    0.00    0.00    0.00    0.00    0.00    0.00    0.00    0.00  100.00
11:22:49 PM    5    0.00    0.00    0.00    0.00    0.00    0.00    0.00    0.00    0.00  100.00
11:22:49 PM    6    0.00    0.00    0.00    0.00    0.00    0.00    0.00    0.00    0.00  100.00
11:22:49 PM    7    0.00    0.00    0.00    0.00    0.00    0.00    0.00    0.00    0.00  100.00

11:22:49 PM  CPU    %usr   %nice    %sys %iowait    %irq   %soft  %steal  %guest  %gnice   %idle
11:22:50 PM  all    0.00    0.00   20.47    0.00    0.25    4.74    0.00    0.00    0.00   74.53
11:22:50 PM    0    0.00    0.00   82.00    0.00    0.00   18.00    0.00    0.00    0.00    0.00
11:22:50 PM    1    0.00    0.00   82.00    0.00    0.00   18.00    0.00    0.00    0.00    0.00
11:22:50 PM    2    0.00    0.00    0.00    0.00    1.00    1.00    0.00    0.00    0.00   98.00
11:22:50 PM    3    0.00    0.00    0.00    0.00    0.99    0.99    0.00    0.00    0.00   98.02
11:22:50 PM    4    0.00    0.00    0.00    0.00    0.00    0.00    0.00    0.00    0.00  100.00
11:22:50 PM    5    0.00    0.00    0.00    0.00    0.00    0.00    0.00    0.00    0.00  100.00
11:22:50 PM    6    0.00    0.00    0.00    0.00    0.00    0.00    0.00    0.00    0.00  100.00
11:22:50 PM    7    0.00    0.00    0.00    0.00    0.00    0.00    0.00    0.00    0.00  100.00

11:22:50 PM  CPU    %usr   %nice    %sys %iowait    %irq   %soft  %steal  %guest  %gnice   %idle
11:22:51 PM  all    0.38    0.00   20.28    0.00    0.13    4.63    0.00    0.00    0.00   74.59
11:22:51 PM    0    1.98    0.00   80.20    0.00    0.99   16.83    0.00    0.00    0.00    0.00
11:22:51 PM    1    1.01    0.00   81.82    0.00    0.00   17.17    0.00    0.00    0.00    0.00
11:22:51 PM    2    0.00    0.00    0.00    0.00    0.00    2.00    0.00    0.00    0.00   98.00
11:22:51 PM    3    0.00    0.00    0.00    0.00    0.00    1.01    0.00    0.00    0.00   98.99
11:22:51 PM    4    0.00    0.00    0.00    0.00    0.00    0.00    0.00    0.00    0.00  100.00
11:22:51 PM    5    0.00    0.00    0.00    0.00    0.00    0.00    0.00    0.00    0.00  100.00
11:22:51 PM    6    0.00    0.00    0.00    0.00    0.00    0.00    0.00    0.00    0.00  100.00
11:22:51 PM    7    0.00    0.00    0.00    0.00    0.00    0.00    0.00    0.00    0.00  100.00

11:22:51 PM  CPU    %usr   %nice    %sys %iowait    %irq   %soft  %steal  %guest  %gnice   %idle
11:22:52 PM  all    0.00    0.00   20.25    0.00    0.38    5.25    0.00    0.00    0.00   74.12
11:22:52 PM    0    0.00    0.00   81.63    0.00    0.00   18.37    0.00    0.00    0.00    0.00
11:22:52 PM    1    0.00    0.00   81.19    0.00    0.99   17.82    0.00    0.00    0.00    0.00
11:22:52 PM    2    0.00    0.00    0.00    0.00    1.00    2.00    0.00    0.00    0.00   97.00
11:22:52 PM    3    0.00    0.00    0.00    0.00    0.99    3.96    0.00    0.00    0.00   95.05
11:22:52 PM    4    0.00    0.00    0.00    0.00    0.00    0.00    0.00    0.00    0.00  100.00
11:22:52 PM    5    0.00    0.00    0.00    0.00    0.00    0.00    0.00    0.00    0.00  100.00
11:22:52 PM    6    0.00    0.00    0.00    0.00    0.00    0.00    0.00    0.00    0.00  100.00
11:22:52 PM    7    0.00    0.00    0.00    0.00    0.00    0.00    0.00    0.00    0.00  100.00

11:22:52 PM  CPU    %usr   %nice    %sys %iowait    %irq   %soft  %steal  %guest  %gnice   %idle
11:22:53 PM  all    0.25    0.00   20.38    0.00    0.00    4.50    0.00    0.00    0.00   74.88
11:22:53 PM    0    1.00    0.00   82.00    0.00    0.00   17.00    0.00    0.00    0.00    0.00
11:22:53 PM    1    1.01    0.00   81.82    0.00    0.00   17.17    0.00    0.00    0.00    0.00
11:22:53 PM    2    0.00    0.00    0.00    0.00    0.00    2.00    0.00    0.00    0.00   98.00
11:22:53 PM    3    0.00    0.00    0.00    0.00    0.00    0.00    0.00    0.00    0.00  100.00
11:22:53 PM    4    0.00    0.00    0.00    0.00    0.00    0.00    0.00    0.00    0.00  100.00
11:22:53 PM    5    0.00    0.00    0.00    0.00    0.00    0.00    0.00    0.00    0.00  100.00
11:22:53 PM    6    0.00    0.00    0.00    0.00    0.00    0.00    0.00    0.00    0.00  100.00
11:22:53 PM    7    0.00    0.00    0.00    0.00    0.00    0.00    0.00    0.00    0.00  100.00

11:22:53 PM  CPU    %usr   %nice    %sys %iowait    %irq   %soft  %steal  %guest  %gnice   %idle
11:22:54 PM  all    0.37    0.00   20.27    0.00    0.25    5.10    0.00    0.00    0.00   74.00
11:22:54 PM    0    0.99    0.00   81.19    0.00    0.00   17.82    0.00    0.00    0.00    0.00
11:22:54 PM    1    1.96    0.00   79.41    0.00    0.00   17.65    0.00    0.00    0.00    0.98
11:22:54 PM    2    0.00    0.00    0.00    0.00    1.00    3.00    0.00    0.00    0.00   96.00
11:22:54 PM    3    0.00    0.00    0.00    0.00    0.99    1.98    0.00    0.00    0.00   97.03
11:22:54 PM    4    0.00    0.00    0.00    0.00    0.00    0.00    0.00    0.00    0.00  100.00
11:22:54 PM    5    0.00    0.00    0.00    0.00    0.00    0.00    0.00    0.00    0.00  100.00
11:22:54 PM    6    0.00    0.00    0.00    0.00    0.00    0.00    0.00    0.00    0.00  100.00
11:22:54 PM    7    0.00    0.00    0.00    0.00    0.00    0.00    0.00    0.00    0.00  100.00

11:22:54 PM  CPU    %usr   %nice    %sys %iowait    %irq   %soft  %steal  %guest  %gnice   %idle
11:22:55 PM  all    0.12    0.00   20.38    0.00    0.38    4.62    0.00    0.00    0.00   74.50
11:22:55 PM    0    0.00    0.00   81.19    0.00    0.99   16.83    0.00    0.00    0.00    0.99
11:22:55 PM    1    1.00    0.00   81.00    0.00    1.00   17.00    0.00    0.00    0.00    0.00
11:22:55 PM    2    0.00    0.00    0.00    0.00    0.00    2.00    0.00    0.00    0.00   98.00
11:22:55 PM    3    0.00    0.00    0.00    0.00    1.01    1.01    0.00    0.00    0.00   97.98
11:22:55 PM    4    0.00    0.00    0.00    0.00    0.00    0.00    0.00    0.00    0.00  100.00
11:22:55 PM    5    0.00    0.00    0.00    0.00    0.00    0.00    0.00    0.00    0.00  100.00
11:22:55 PM    6    0.00    0.00    0.00    0.00    0.00    0.00    0.00    0.00    0.00  100.00
11:22:55 PM    7    0.00    0.00    0.00    0.00    0.00    0.00    0.00    0.00    0.00  100.00

11:22:55 PM  CPU    %usr   %nice    %sys %iowait    %irq   %soft  %steal  %guest  %gnice   %idle
11:22:56 PM  all    0.38    0.00   20.18    0.00    0.13    4.64    0.00    0.00    0.00   74.69
11:22:56 PM    0    2.02    0.00   80.81    0.00    0.00   17.17    0.00    0.00    0.00    0.00
11:22:56 PM    1    1.00    0.00   81.00    0.00    0.00   18.00    0.00    0.00    0.00    0.00
11:22:56 PM    2    0.00    0.00    0.00    0.00    1.01    1.01    0.00    0.00    0.00   97.98
11:22:56 PM    3    0.00    0.00    0.00    0.00    0.00    1.00    0.00    0.00    0.00   99.00
11:22:56 PM    4    0.00    0.00    0.00    0.00    0.00    0.00    0.00    0.00    0.00  100.00
11:22:56 PM    5    0.00    0.00    0.00    0.00    0.00    0.00    0.00    0.00    0.00  100.00
11:22:56 PM    6    0.00    0.00    0.00    0.00    0.00    0.00    0.00    0.00    0.00  100.00
11:22:56 PM    7    0.00    0.00    0.00    0.00    0.00    0.00    0.00    0.00    0.00  100.00

11:22:56 PM  CPU    %usr   %nice    %sys %iowait    %irq   %soft  %steal  %guest  %gnice   %idle
11:22:57 PM  all    0.25    0.00   20.12    0.00    0.12    5.38    0.00    0.00    0.00   74.12
11:22:57 PM    0    1.00    0.00   81.00    0.00    0.00   18.00    0.00    0.00    0.00    0.00
11:22:57 PM    1    1.01    0.00   80.81    0.00    0.00   17.17    0.00    0.00    0.00    1.01
11:22:57 PM    2    0.00    0.00    0.00    0.00    0.00    3.00    0.00    0.00    0.00   97.00
11:22:57 PM    3    0.00    0.00    0.00    0.00    1.00    4.00    0.00    0.00    0.00   95.00
11:22:57 PM    4    0.00    0.00    0.00    0.00    0.00    0.99    0.00    0.00    0.00   99.01
11:22:57 PM    5    0.00    0.00    0.00    0.00    0.00    0.00    0.00    0.00    0.00  100.00
11:22:57 PM    6    0.00    0.00    0.00    0.00    0.00    0.00    0.00    0.00    0.00  100.00
11:22:57 PM    7    0.00    0.00    0.00    0.00    0.00    0.00    0.00    0.00    0.00  100.00

11:22:57 PM  CPU    %usr   %nice    %sys %iowait    %irq   %soft  %steal  %guest  %gnice   %idle
11:22:58 PM  all    0.12    0.00   20.35    0.00    0.37    4.99    0.00    0.00    0.00   74.16
11:22:58 PM    0    0.99    0.00   80.20    0.00    0.99   17.82    0.00    0.00    0.00    0.00
11:22:58 PM    1    0.00    0.00   82.83    0.00    0.00   17.17    0.00    0.00    0.00    0.00
11:22:58 PM    2    0.00    0.00    0.00    0.00    1.00    2.00    0.00    0.00    0.00   97.00
11:22:58 PM    3    0.00    0.00    0.00    0.00    1.00    2.00    0.00    0.00    0.00   97.00
11:22:58 PM    4    0.00    0.00    0.00    0.00    0.00    0.00    0.00    0.00    0.00  100.00
11:22:58 PM    5    0.00    0.00    0.00    0.00    0.00    0.99    0.00    0.00    0.00   99.01
11:22:58 PM    6    0.00    0.00    0.00    0.00    0.00    0.00    0.00    0.00    0.00  100.00
11:22:58 PM    7    0.00    0.00    0.00    0.00    0.00    0.00    0.00    0.00    0.00  100.00

11:22:58 PM  CPU    %usr   %nice    %sys %iowait    %irq   %soft  %steal  %guest  %gnice   %idle
11:22:59 PM  all    0.12    0.00   20.47    0.00    0.25    4.74    0.00    0.00    0.00   74.41
11:22:59 PM    0    0.00    0.00   82.83    0.00    0.00   17.17    0.00    0.00    0.00    0.00
11:22:59 PM    1    0.98    0.00   80.39    0.00    0.98   17.65    0.00    0.00    0.00    0.00
11:22:59 PM    2    0.00    0.00    0.00    0.00    1.00    2.00    0.00    0.00    0.00   97.00
11:22:59 PM    3    0.00    0.00    0.00    0.00    0.00    1.00    0.00    0.00    0.00   99.00
11:22:59 PM    4    0.00    0.00    0.00    0.00    0.00    0.00    0.00    0.00    0.00  100.00
11:22:59 PM    5    0.00    0.00    0.00    0.00    0.00    0.00    0.00    0.00    0.00  100.00
11:22:59 PM    6    0.00    0.00    0.00    0.00    0.00    0.00    0.00    0.00    0.00  100.00
11:22:59 PM    7    0.00    0.00    0.00    0.00    0.00    0.00    0.00    0.00    0.00  100.00

11:22:59 PM  CPU    %usr   %nice    %sys %iowait    %irq   %soft  %steal  %guest  %gnice   %idle
11:23:00 PM  all    0.50    0.00   20.15    0.00    0.00    4.63    0.00    0.00    0.00   74.72
11:23:00 PM    0    2.00    0.00   81.00    0.00    0.00   17.00    0.00    0.00    0.00    0.00
11:23:00 PM    1    2.02    0.00   80.81    0.00    0.00   17.17    0.00    0.00    0.00    0.00
11:23:00 PM    2    0.00    0.00    0.00    0.00    0.00    2.00    0.00    0.00    0.00   98.00
11:23:00 PM    3    0.00    0.00    0.00    0.00    0.00    1.00    0.00    0.00    0.00   99.00
11:23:00 PM    4    0.00    0.00    0.00    0.00    0.00    0.00    0.00    0.00    0.00  100.00
11:23:00 PM    5    0.00    0.00    0.00    0.00    0.00    0.00    0.00    0.00    0.00  100.00
11:23:00 PM    6    0.00    0.00    0.00    0.00    0.00    0.00    0.00    0.00    0.00  100.00
11:23:00 PM    7    0.00    0.00    0.00    0.00    0.00    0.00    0.00    0.00    0.00  100.00

11:23:00 PM  CPU    %usr   %nice    %sys %iowait    %irq   %soft  %steal  %guest  %gnice   %idle
11:23:01 PM  all    0.25    0.00   20.30    0.00    0.25    4.73    0.00    0.00    0.00   74.47
11:23:01 PM    0    1.00    0.00   81.00    0.00    1.00   17.00    0.00    0.00    0.00    0.00
11:23:01 PM    1    0.99    0.00   81.19    0.00    0.00   17.82    0.00    0.00    0.00    0.00
11:23:01 PM    2    0.00    0.00    0.00    0.00    0.00    2.00    0.00    0.00    0.00   98.00
11:23:01 PM    3    0.00    0.00    0.00    0.00    0.99    0.99    0.00    0.00    0.00   98.02
11:23:01 PM    4    0.00    0.00    0.00    0.00    0.00    0.00    0.00    0.00    0.00  100.00
11:23:01 PM    5    0.00    0.00    0.00    0.00    0.00    0.00    0.00    0.00    0.00  100.00
11:23:01 PM    6    0.00    0.00    0.00    0.00    0.00    0.00    0.00    0.00    0.00  100.00
11:23:01 PM    7    0.00    0.00    0.00    0.00    0.00    0.00    0.00    0.00    0.00  100.00

11:23:01 PM  CPU    %usr   %nice    %sys %iowait    %irq   %soft  %steal  %guest  %gnice   %idle
11:23:02 PM  all    0.12    0.00   20.50    0.00    0.25    4.62    0.00    0.00    0.00   74.50
11:23:02 PM    0    0.99    0.00   81.19    0.00    0.00   17.82    0.00    0.00    0.00    0.00
11:23:02 PM    1    0.00    0.00   82.00    0.00    1.00   17.00    0.00    0.00    0.00    0.00
11:23:02 PM    2    0.00    0.00    0.00    0.00    1.00    2.00    0.00    0.00    0.00   97.00
11:23:02 PM    3    0.00    0.00    0.00    0.00    0.00    0.00    0.00    0.00    0.00  100.00
11:23:02 PM    4    0.00    0.00    0.00    0.00    0.00    0.00    0.00    0.00    0.00  100.00
11:23:02 PM    5    0.00    0.00    0.00    0.00    0.00    0.00    0.00    0.00    0.00  100.00
11:23:02 PM    6    0.00    0.00    0.00    0.00    0.00    0.00    0.00    0.00    0.00  100.00
11:23:02 PM    7    0.00    0.00    0.00    0.00    0.00    0.00    0.00    0.00    0.00  100.00

11:23:02 PM  CPU    %usr   %nice    %sys %iowait    %irq   %soft  %steal  %guest  %gnice   %idle
11:23:03 PM  all    0.38    0.00   20.15    0.00    0.13    4.76    0.00    0.00    0.00   74.59
11:23:03 PM    0    1.01    0.00   81.82    0.00    0.00   17.17    0.00    0.00    0.00    0.00
11:23:03 PM    1    2.00    0.00   80.00    0.00    0.00   18.00    0.00    0.00    0.00    0.00
11:23:03 PM    2    0.00    0.00    0.00    0.00    0.00    2.00    0.00    0.00    0.00   98.00
11:23:03 PM    3    0.00    0.00    0.00    0.00    1.00    1.00    0.00    0.00    0.00   98.00
11:23:03 PM    4    0.00    0.00    0.00    0.00    0.00    0.00    0.00    0.00    0.00  100.00
11:23:03 PM    5    0.00    0.00    0.00    0.00    0.00    0.00    0.00    0.00    0.00  100.00
11:23:03 PM    6    0.00    0.00    0.00    0.00    0.00    0.00    0.00    0.00    0.00  100.00
11:23:03 PM    7    0.00    0.00    0.00    0.00    0.00    0.00    0.00    0.00    0.00  100.00

11:23:03 PM  CPU    %usr   %nice    %sys %iowait    %irq   %soft  %steal  %guest  %gnice   %idle
11:23:04 PM  all    0.12    0.00   20.27    0.00    0.25    4.98    0.00    0.00    0.00   74.38
11:23:04 PM    0    0.98    0.00   79.41    0.00    0.98   17.65    0.00    0.00    0.00    0.98
11:23:04 PM    1    0.00    0.00   82.83    0.00    0.00   17.17    0.00    0.00    0.00    0.00
11:23:04 PM    2    0.00    0.00    0.00    0.00    1.00    2.00    0.00    0.00    0.00   97.00
11:23:04 PM    3    0.00    0.00    0.00    0.00    0.00    2.97    0.00    0.00    0.00   97.03
11:23:04 PM    4    0.00    0.00    0.00    0.00    0.00    0.00    0.00    0.00    0.00  100.00
11:23:04 PM    5    0.00    0.00    0.00    0.00    0.00    0.00    0.00    0.00    0.00  100.00
11:23:04 PM    6    0.00    0.00    0.00    0.00    0.00    0.00    0.00    0.00    0.00  100.00
11:23:04 PM    7    0.00    0.00    0.00    0.00    0.00    0.00    0.00    0.00    0.00  100.00

11:23:04 PM  CPU    %usr   %nice    %sys %iowait    %irq   %soft  %steal  %guest  %gnice   %idle
11:23:05 PM  all    0.25    0.00   20.38    0.00    0.25    4.75    0.00    0.00    0.00   74.38
11:23:05 PM    0    1.00    0.00   81.00    0.00    0.00   18.00    0.00    0.00    0.00    0.00
11:23:05 PM    1    0.99    0.00   81.19    0.00    0.99   16.83    0.00    0.00    0.00    0.00
11:23:05 PM    2    0.00    0.00    0.00    0.00    0.00    1.01    0.00    0.00    0.00   98.99
11:23:05 PM    3    0.00    0.00    0.00    0.00    1.00    2.00    0.00    0.00    0.00   97.00
11:23:05 PM    4    0.00    0.00    0.00    0.00    0.00    0.00    0.00    0.00    0.00  100.00
11:23:05 PM    5    0.00    0.00    0.00    0.00    0.00    0.00    0.00    0.00    0.00  100.00
11:23:05 PM    6    0.00    0.00    0.00    0.00    0.00    0.00    0.00    0.00    0.00  100.00
11:23:05 PM    7    0.00    0.00    0.00    0.00    0.00    0.00    0.00    0.00    0.00  100.00

11:23:05 PM  CPU    %usr   %nice    %sys %iowait    %irq   %soft  %steal  %guest  %gnice   %idle
11:23:06 PM  all    0.25    0.00   20.22    0.00    0.12    5.12    0.00    0.00    0.00   74.28
11:23:06 PM    0    1.01    0.00   81.82    0.00    0.00   17.17    0.00    0.00    0.00    0.00
11:23:06 PM    1    1.00    0.00   81.00    0.00    0.00   18.00    0.00    0.00    0.00    0.00
11:23:06 PM    2    0.00    0.00    0.00    0.00    0.99    1.98    0.00    0.00    0.00   97.03
11:23:06 PM    3    0.00    0.00    0.00    0.00    0.00    3.00    0.00    0.00    0.00   97.00
11:23:06 PM    4    0.00    0.00    0.00    0.00    0.00    0.99    0.00    0.00    0.00   99.01
11:23:06 PM    5    0.00    0.00    0.00    0.00    0.00    0.00    0.00    0.00    0.00  100.00
11:23:06 PM    6    0.00    0.00    0.00    0.00    0.00    0.00    0.00    0.00    0.00  100.00
11:23:06 PM    7    0.00    0.00    0.00    0.00    0.00    0.00    0.00    0.00    0.00  100.00

11:23:06 PM  CPU    %usr   %nice    %sys %iowait    %irq   %soft  %steal  %guest  %gnice   %idle
11:23:07 PM  all    0.25    0.00   20.18    0.00    0.13    4.89    0.00    0.00    0.00   74.56
11:23:07 PM    0    1.01    0.00   80.81    0.00    0.00   18.18    0.00    0.00    0.00    0.00
11:23:07 PM    1    1.00    0.00   81.00    0.00    0.00   17.00    0.00    0.00    0.00    1.00
11:23:07 PM    2    0.00    0.00    0.00    0.00    0.00    2.02    0.00    0.00    0.00   97.98
11:23:07 PM    3    0.00    0.00    0.00    0.00    1.00    2.00    0.00    0.00    0.00   97.00
11:23:07 PM    4    0.00    0.00    0.00    0.00    0.00    0.00    0.00    0.00    0.00  100.00
11:23:07 PM    5    0.00    0.00    0.00    0.00    0.00    0.00    0.00    0.00    0.00  100.00
11:23:07 PM    6    0.00    0.00    0.00    0.00    0.00    0.00    0.00    0.00    0.00  100.00
11:23:07 PM    7    0.00    0.00    0.00    0.00    0.00    0.00    0.00    0.00    0.00  100.00

11:23:07 PM  CPU    %usr   %nice    %sys %iowait    %irq   %soft  %steal  %guest  %gnice   %idle
11:23:08 PM  all    0.12    0.00   20.35    0.00    0.25    5.24    0.00    0.00    0.00   74.03
11:23:08 PM    0    0.99    0.00   80.20    0.00    0.99   17.82    0.00    0.00    0.00    0.00
11:23:08 PM    1    0.00    0.00   81.19    0.00    0.99   17.82    0.00    0.00    0.00    0.00
11:23:08 PM    2    0.00    0.00    0.00    0.00    0.00    2.00    0.00    0.00    0.00   98.00
11:23:08 PM    3    0.00    0.00    0.00    0.00    0.00    4.04    0.00    0.00    0.00   95.96
11:23:08 PM    4    0.00    0.00    0.00    0.00    0.00    0.00    0.00    0.00    0.00  100.00
11:23:08 PM    5    0.00    0.00    0.00    0.00    0.00    0.00    0.00    0.00    0.00  100.00
11:23:08 PM    6    0.00    0.00    0.00    0.00    0.00    0.00    0.00    0.00    0.00  100.00
11:23:08 PM    7    0.00    0.00    0.00    0.00    0.00    0.00    0.00    0.00    0.00  100.00

11:23:08 PM  CPU    %usr   %nice    %sys %iowait    %irq   %soft  %steal  %guest  %gnice   %idle
11:23:09 PM  all    0.25    0.00   20.30    0.00    0.25    5.14    0.00    0.00    0.00   74.06
11:23:09 PM    0    0.99    0.00   80.20    0.00    0.00   17.82    0.00    0.00    0.00    0.99
11:23:09 PM    1    1.01    0.00   81.82    0.00    0.00   17.17    0.00    0.00    0.00    0.00
11:23:09 PM    2    0.00    0.00    0.00    0.00    1.00    2.00    0.00    0.00    0.00   97.00
11:23:09 PM    3    0.00    0.00    0.00    0.00    1.00    4.00    0.00    0.00    0.00   95.00
11:23:09 PM    4    0.00    0.00    0.00    0.00    0.00    0.00    0.00    0.00    0.00  100.00
11:23:09 PM    5    0.00    0.00    0.00    0.00    0.00    0.00    0.00    0.00    0.00  100.00
11:23:09 PM    6    0.00    0.00    0.00    0.00    0.00    0.00    0.00    0.00    0.00  100.00
11:23:09 PM    7    0.00    0.00    0.00    0.00    0.00    0.00    0.00    0.00    0.00  100.00

11:23:09 PM  CPU    %usr   %nice    %sys %iowait    %irq   %soft  %steal  %guest  %gnice   %idle
11:23:10 PM  all    0.12    0.00   20.38    0.00    0.12    4.62    0.00    0.00    0.00   74.75
11:23:10 PM    0    0.00    0.00   82.65    0.00    0.00   17.35    0.00    0.00    0.00    0.00
11:23:10 PM    1    1.00    0.00   82.00    0.00    0.00   17.00    0.00    0.00    0.00    0.00
11:23:10 PM    2    0.00    0.00    0.00    0.00    0.00    2.00    0.00    0.00    0.00   98.00
11:23:10 PM    3    0.00    0.00    0.00    0.00    0.99    0.99    0.00    0.00    0.00   98.02
11:23:10 PM    4    0.00    0.00    0.00    0.00    0.00    0.00    0.00    0.00    0.00  100.00
11:23:10 PM    5    0.00    0.00    0.00    0.00    0.00    0.00    0.00    0.00    0.00  100.00
11:23:10 PM    6    0.00    0.00    0.00    0.00    0.00    0.00    0.00    0.00    0.00  100.00
11:23:10 PM    7    0.00    0.00    0.00    0.00    0.00    0.00    0.00    0.00    0.00  100.00

11:23:10 PM  CPU    %usr   %nice    %sys %iowait    %irq   %soft  %steal  %guest  %gnice   %idle
11:23:11 PM  all    0.25    0.00   20.38    0.00    0.25    4.62    0.00    0.00    0.00   74.50
11:23:11 PM    0    0.99    0.00   81.19    0.00    0.99   16.83    0.00    0.00    0.00    0.00
11:23:11 PM    1    1.00    0.00   81.00    0.00    0.00   18.00    0.00    0.00    0.00    0.00
11:23:11 PM    2    0.00    0.00    0.00    0.00    1.00    2.00    0.00    0.00    0.00   97.00
11:23:11 PM    3    0.00    0.00    0.00    0.00    0.00    0.00    0.00    0.00    0.00  100.00
11:23:11 PM    4    0.00    0.00    0.00    0.00    0.00    0.00    0.00    0.00    0.00  100.00
11:23:11 PM    5    0.00    0.00    0.00    0.00    0.00    0.00    0.00    0.00    0.00  100.00
11:23:11 PM    6    0.00    0.00    0.00    0.00    0.00    0.00    0.00    0.00    0.00  100.00
11:23:11 PM    7    0.00    0.00    0.00    0.00    0.00    0.00    0.00    0.00    0.00  100.00

11:23:11 PM  CPU    %usr   %nice    %sys %iowait    %irq   %soft  %steal  %guest  %gnice   %idle
11:23:12 PM  all    0.25    0.00   20.45    0.00    0.12    4.61    0.00    0.00    0.00   74.56
11:23:12 PM    0    0.99    0.00   81.19    0.00    0.00   17.82    0.00    0.00    0.00    0.00
11:23:12 PM    1    0.99    0.00   81.19    0.00    0.99   16.83    0.00    0.00    0.00    0.00
11:23:12 PM    2    0.00    0.00    0.00    0.00    0.00    1.01    0.00    0.00    0.00   98.99
11:23:12 PM    3    0.00    0.00    0.00    0.00    0.00    1.00    0.00    0.00    0.00   99.00
11:23:12 PM    4    0.00    0.00    0.00    0.00    0.00    0.00    0.00    0.00    0.00  100.00
11:23:12 PM    5    0.00    0.00    0.00    0.00    0.00    0.00    0.00    0.00    0.00  100.00
11:23:12 PM    6    0.00    0.00    0.00    0.00    0.00    0.00    0.00    0.00    0.00  100.00
11:23:12 PM    7    0.00    0.00    0.00    0.00    0.00    0.00    0.00    0.00    0.00  100.00

11:23:12 PM  CPU    %usr   %nice    %sys %iowait    %irq   %soft  %steal  %guest  %gnice   %idle
11:23:13 PM  all    0.25    0.00   20.22    0.00    0.25    5.12    0.00    0.00    0.00   74.16
11:23:13 PM    0    1.00    0.00   81.00    0.00    0.00   18.00    0.00    0.00    0.00    0.00
11:23:13 PM    1    1.01    0.00   81.82    0.00    0.00   17.17    0.00    0.00    0.00    0.00
11:23:13 PM    2    0.00    0.00    0.00    0.00    0.99    1.98    0.00    0.00    0.00   97.03
11:23:13 PM    3    0.00    0.00    0.00    0.00    0.99    3.96    0.00    0.00    0.00   95.05
11:23:13 PM    4    0.00    0.00    0.00    0.00    0.00    0.00    0.00    0.00    0.00  100.00
11:23:13 PM    5    0.00    0.00    0.00    0.00    0.00    0.00    0.00    0.00    0.00  100.00
11:23:13 PM    6    0.00    0.00    0.00    0.00    0.00    0.00    0.00    0.00    0.00  100.00
11:23:13 PM    7    0.00    0.00    0.00    0.00    0.00    0.00    0.00    0.00    0.00  100.00

11:23:13 PM  CPU    %usr   %nice    %sys %iowait    %irq   %soft  %steal  %guest  %gnice   %idle
11:23:14 PM  all    0.13    0.00   20.33    0.00    0.25    4.89    0.00    0.00    0.00   74.40
11:23:14 PM    0    0.00    0.00   81.82    0.00    1.01   17.17    0.00    0.00    0.00    0.00
11:23:14 PM    1    1.00    0.00   81.00    0.00    0.00   18.00    0.00    0.00    0.00    0.00
11:23:14 PM    2    0.00    0.00    0.00    0.00    0.00    2.02    0.00    0.00    0.00   97.98
11:23:14 PM    3    0.00    0.00    0.00    0.00    1.00    2.00    0.00    0.00    0.00   97.00
11:23:14 PM    4    0.00    0.00    0.00    0.00    0.00    0.00    0.00    0.00    0.00  100.00
11:23:14 PM    5    0.00    0.00    0.00    0.00    0.00    0.00    0.00    0.00    0.00  100.00
11:23:14 PM    6    0.00    0.00    0.00    0.00    0.00    0.00    0.00    0.00    0.00  100.00
11:23:14 PM    7    0.00    0.00    0.00    0.00    0.00    0.00    0.00    0.00    0.00  100.00

11:23:14 PM  CPU    %usr   %nice    %sys %iowait    %irq   %soft  %steal  %guest  %gnice   %idle
11:23:15 PM  all    0.12    0.00   20.32    0.00    0.12    4.86    0.00    0.00    0.00   74.56
11:23:15 PM    0    1.00    0.00   81.00    0.00    0.00   18.00    0.00    0.00    0.00    0.00
11:23:15 PM    1    0.00    0.00   82.00    0.00    1.00   17.00    0.00    0.00    0.00    0.00
11:23:15 PM    2    0.00    0.00    0.00    0.00    0.00    2.00    0.00    0.00    0.00   98.00
11:23:15 PM    3    0.00    0.00    0.00    0.00    0.00    2.02    0.00    0.00    0.00   97.98
11:23:15 PM    4    0.00    0.00    0.00    0.00    0.00    0.00    0.00    0.00    0.00  100.00
11:23:15 PM    5    0.00    0.00    0.00    0.00    0.00    0.00    0.00    0.00    0.00  100.00
11:23:15 PM    6    0.00    0.00    0.00    0.00    0.00    0.00    0.00    0.00    0.00  100.00
11:23:15 PM    7    0.00    0.00    0.00    0.00    0.00    0.00    0.00    0.00    0.00  100.00

11:23:15 PM  CPU    %usr   %nice    %sys %iowait    %irq   %soft  %steal  %guest  %gnice   %idle
11:23:16 PM  all    0.12    0.00   20.42    0.00    0.25    5.23    0.00    0.00    0.00   73.97
11:23:16 PM    0    0.00    0.00   81.19    0.00    0.00   17.82    0.00    0.00    0.00    0.99
11:23:16 PM    1    0.99    0.00   81.19    0.00    0.00   17.82    0.00    0.00    0.00    0.00
11:23:16 PM    2    0.00    0.00    0.00    0.00    1.00    2.00    0.00    0.00    0.00   97.00
11:23:16 PM    3    0.00    0.00    0.00    0.00    0.99    2.97    0.00    0.00    0.00   96.04
11:23:16 PM    4    0.00    0.00    0.00    0.00    0.00    1.00    0.00    0.00    0.00   99.00
11:23:16 PM    5    0.00    0.00    0.00    0.00    0.00    0.00    0.00    0.00    0.00  100.00
11:23:16 PM    6    0.00    0.00    0.00    0.00    0.00    0.00    0.00    0.00    0.00  100.00
11:23:16 PM    7    0.00    0.00    0.00    0.00    0.00    0.00    0.00    0.00    0.00  100.00

11:23:16 PM  CPU    %usr   %nice    %sys %iowait    %irq   %soft  %steal  %guest  %gnice   %idle
11:23:17 PM  all    0.25    0.00   20.28    0.00    0.13    4.88    0.00    0.00    0.00   74.47
11:23:17 PM    0    0.99    0.00   80.20    0.00    0.99   17.82    0.00    0.00    0.00    0.00
11:23:17 PM    1    1.00    0.00   81.00    0.00    0.00   17.00    0.00    0.00    0.00    1.00
11:23:17 PM    2    0.00    0.00    0.00    0.00    0.00    2.02    0.00    0.00    0.00   97.98
11:23:17 PM    3    0.00    0.00    0.00    0.00    0.00    2.02    0.00    0.00    0.00   97.98
11:23:17 PM    4    0.00    0.00    0.00    0.00    0.00    0.00    0.00    0.00    0.00  100.00
11:23:17 PM    5    0.00    0.00    0.00    0.00    0.00    0.00    0.00    0.00    0.00  100.00
11:23:17 PM    6    0.00    0.00    0.00    0.00    0.00    0.00    0.00    0.00    0.00  100.00
11:23:17 PM    7    0.00    0.00    0.00    0.00    0.00    0.00    0.00    0.00    0.00  100.00

11:23:17 PM  CPU    %usr   %nice    %sys %iowait    %irq   %soft  %steal  %guest  %gnice   %idle
11:23:18 PM  all    0.25    0.00   20.17    0.00    0.25    4.98    0.00    0.00    0.00   74.35
11:23:18 PM    0    1.00    0.00   81.00    0.00    0.00   18.00    0.00    0.00    0.00    0.00
11:23:18 PM    1    0.99    0.00   80.20    0.00    0.99   17.82    0.00    0.00    0.00    0.00
11:23:18 PM    2    0.00    0.00    0.00    0.00    0.99    1.98    0.00    0.00    0.00   97.03
11:23:18 PM    3    0.00    0.00    0.00    0.00    0.00    2.00    0.00    0.00    0.00   98.00
11:23:18 PM    4    0.00    0.00    0.00    0.00    0.00    0.00    0.00    0.00    0.00  100.00
11:23:18 PM    5    0.00    0.00    0.00    0.00    0.00    0.00    0.00    0.00    0.00  100.00
11:23:18 PM    6    0.00    0.00    0.00    0.00    0.00    0.00    0.00    0.00    0.00  100.00
11:23:18 PM    7    0.00    0.00    0.00    0.00    0.00    0.00    0.00    0.00    0.00  100.00

11:23:18 PM  CPU    %usr   %nice    %sys %iowait    %irq   %soft  %steal  %guest  %gnice   %idle
11:23:19 PM  all    0.25    0.00   20.30    0.00    0.13    5.14    0.00    0.00    0.00   74.19
11:23:19 PM    0    1.00    0.00   81.00    0.00    0.00   18.00    0.00    0.00    0.00    0.00
11:23:19 PM    1    1.00    0.00   81.00    0.00    0.00   17.00    0.00    0.00    0.00    1.00
11:23:19 PM    2    0.00    0.00    0.00    0.00    0.00    2.02    0.00    0.00    0.00   97.98
11:23:19 PM    3    0.00    0.00    0.00    0.00    1.00    4.00    0.00    0.00    0.00   95.00
11:23:19 PM    4    0.00    0.00    0.00    0.00    0.00    0.00    0.00    0.00    0.00  100.00
11:23:19 PM    5    0.00    0.00    0.00    0.00    0.00    0.00    0.00    0.00    0.00  100.00
11:23:19 PM    6    0.00    0.00    0.00    0.00    0.00    0.00    0.00    0.00    0.00  100.00
11:23:19 PM    7    0.00    0.00    0.00    0.00    0.00    0.00    0.00    0.00    0.00  100.00

11:23:19 PM  CPU    %usr   %nice    %sys %iowait    %irq   %soft  %steal  %guest  %gnice   %idle
11:23:20 PM  all    0.25    0.00   20.22    0.00    0.37    4.87    0.00    0.00    0.00   74.28
11:23:20 PM    0    1.00    0.00   81.00    0.00    1.00   17.00    0.00    0.00    0.00    0.00
11:23:20 PM    1    1.01    0.00   81.82    0.00    0.00   17.17    0.00    0.00    0.00    0.00
11:23:20 PM    2    0.00    0.00    0.00    0.00    0.99    1.98    0.00    0.00    0.00   97.03
11:23:20 PM    3    0.00    0.00    0.00    0.00    0.99    2.97    0.00    0.00    0.00   96.04
11:23:20 PM    4    0.00    0.00    0.00    0.00    0.00    0.00    0.00    0.00    0.00  100.00
11:23:20 PM    5    0.00    0.00    0.00    0.00    0.00    0.00    0.00    0.00    0.00  100.00
11:23:20 PM    6    0.00    0.00    0.00    0.00    0.00    0.00    0.00    0.00    0.00  100.00
11:23:20 PM    7    0.00    0.00    0.00    0.00    0.00    0.00    0.00    0.00    0.00  100.00

11:23:20 PM  CPU    %usr   %nice    %sys %iowait    %irq   %soft  %steal  %guest  %gnice   %idle
11:23:21 PM  all    0.00    0.00   20.43    0.00    0.13    4.89    0.00    0.00    0.00   74.56
11:23:21 PM    0    0.00    0.00   81.82    0.00    0.00   18.18    0.00    0.00    0.00    0.00
11:23:21 PM    1    0.00    0.00   82.00    0.00    1.00   17.00    0.00    0.00    0.00    0.00
11:23:21 PM    2    0.00    0.00    0.00    0.00    0.00    2.00    0.00    0.00    0.00   98.00
11:23:21 PM    3    0.00    0.00    0.00    0.00    0.00    2.02    0.00    0.00    0.00   97.98
11:23:21 PM    4    0.00    0.00    0.00    0.00    0.00    0.00    0.00    0.00    0.00  100.00
11:23:21 PM    5    0.00    0.00    0.00    0.00    0.00    0.00    0.00    0.00    0.00  100.00
11:23:21 PM    6    0.00    0.00    0.00    0.00    0.00    0.00    0.00    0.00    0.00  100.00
11:23:21 PM    7    0.00    0.00    0.00    0.00    0.00    0.00    0.00    0.00    0.00  100.00

11:23:21 PM  CPU    %usr   %nice    %sys %iowait    %irq   %soft  %steal  %guest  %gnice   %idle
11:23:22 PM  all    0.37    0.00   20.32    0.00    0.25    4.74    0.00    0.00    0.00   74.31
11:23:22 PM    0    1.00    0.00   82.00    0.00    0.00   17.00    0.00    0.00    0.00    0.00
11:23:22 PM    1    2.00    0.00   81.00    0.00    0.00   17.00    0.00    0.00    0.00    0.00
11:23:22 PM    2    0.00    0.00    0.00    0.00    1.00    2.00    0.00    0.00    0.00   97.00
11:23:22 PM    3    0.00    0.00    0.00    0.00    0.99    0.99    0.00    0.00    0.00   98.02
11:23:22 PM    4    0.00    0.00    0.00    0.00    0.00    0.99    0.00    0.00    0.00   99.01
11:23:22 PM    5    0.00    0.00    0.00    0.00    0.00    0.00    0.00    0.00    0.00  100.00
11:23:22 PM    6    0.00    0.00    0.00    0.00    0.00    0.00    0.00    0.00    0.00  100.00
11:23:22 PM    7    0.00    0.00    0.00    0.00    0.00    0.00    0.00    0.00    0.00  100.00

11:23:22 PM  CPU    %usr   %nice    %sys %iowait    %irq   %soft  %steal  %guest  %gnice   %idle
11:23:23 PM  all    0.25    0.00   20.28    0.00    0.00    4.76    0.00    0.00    0.00   74.72
11:23:23 PM    0    1.00    0.00   81.00    0.00    0.00   18.00    0.00    0.00    0.00    0.00
11:23:23 PM    1    1.00    0.00   81.00    0.00    0.00   18.00    0.00    0.00    0.00    0.00
11:23:23 PM    2    0.00    0.00    0.00    0.00    0.00    1.01    0.00    0.00    0.00   98.99
11:23:23 PM    3    0.00    0.00    0.00    0.00    0.00    1.00    0.00    0.00    0.00   99.00
11:23:23 PM    4    0.00    0.00    0.00    0.00    0.00    0.00    0.00    0.00    0.00  100.00
11:23:23 PM    5    0.00    0.00    0.00    0.00    0.00    0.00    0.00    0.00    0.00  100.00
11:23:23 PM    6    0.00    0.00    0.00    0.00    0.00    0.00    0.00    0.00    0.00  100.00
11:23:23 PM    7    0.00    0.00    0.00    0.00    0.00    0.00    0.00    0.00    0.00  100.00

11:23:23 PM  CPU    %usr   %nice    %sys %iowait    %irq   %soft  %steal  %guest  %gnice   %idle
11:23:24 PM  all    0.25    0.00   20.28    0.00    0.38    4.76    0.00    0.00    0.00   74.34
11:23:24 PM    0    1.00    0.00   81.00    0.00    1.00   17.00    0.00    0.00    0.00    0.00
11:23:24 PM    1    1.00    0.00   81.00    0.00    1.00   17.00    0.00    0.00    0.00    0.00
11:23:24 PM    2    0.00    0.00    0.00    0.00    0.00    2.02    0.00    0.00    0.00   97.98
11:23:24 PM    3    0.00    0.00    0.00    0.00    1.00    2.00    0.00    0.00    0.00   97.00
11:23:24 PM    4    0.00    0.00    0.00    0.00    0.00    0.00    0.00    0.00    0.00  100.00
11:23:24 PM    5    0.00    0.00    0.00    0.00    0.00    0.00    0.00    0.00    0.00  100.00
11:23:24 PM    6    0.00    0.00    0.00    0.00    0.00    0.00    0.00    0.00    0.00  100.00
11:23:24 PM    7    0.00    0.00    0.00    0.00    0.00    0.00    0.00    0.00    0.00  100.00

11:23:24 PM  CPU    %usr   %nice    %sys %iowait    %irq   %soft  %steal  %guest  %gnice   %idle
11:23:25 PM  all    0.38    0.00   19.65    0.00    0.13    5.51    0.00    0.00    0.00   74.34
11:23:25 PM    0    0.99    0.00   78.22    0.00    0.00   18.81    0.00    0.00    0.00    1.98
11:23:25 PM    1    2.02    0.00   78.79    0.00    0.00   17.17    0.00    0.00    0.00    2.02
11:23:25 PM    2    0.00    0.00    0.00    0.00    0.99    1.98    0.00    0.00    0.00   97.03
11:23:25 PM    3    0.00    0.00    0.00    0.00    0.00    5.05    0.00    0.00    0.00   94.95
11:23:25 PM    4    0.00    0.00    0.00    0.00    0.00    1.01    0.00    0.00    0.00   98.99
11:23:25 PM    5    0.00    0.00    0.00    0.00    0.00    0.00    0.00    0.00    0.00  100.00
11:23:25 PM    6    0.00    0.00    0.00    0.00    0.00    0.00    0.00    0.00    0.00  100.00
11:23:25 PM    7    0.00    0.00    0.00    0.00    0.00    0.00    0.00    0.00    0.00  100.00

11:23:25 PM  CPU    %usr   %nice    %sys %iowait    %irq   %soft  %steal  %guest  %gnice   %idle
11:23:26 PM  all    0.00    0.00   18.74    0.00    0.25    6.29    0.00    0.00    0.00   74.72
11:23:26 PM    0    0.00    0.00   76.04    0.00    0.00   19.79    0.00    0.00    0.00    4.17
11:23:26 PM    1    0.00    0.00   77.55    0.00    0.00   19.39    0.00    0.00    0.00    3.06
11:23:26 PM    2    0.00    0.00    0.00    0.00    1.00    3.00    0.00    0.00    0.00   96.00
11:23:26 PM    3    0.00    0.00    0.00    0.00    1.00    5.00    0.00    0.00    0.00   94.00
11:23:26 PM    4    0.00    0.00    0.00    0.00    0.00    3.96    0.00    0.00    0.00   96.04
11:23:26 PM    5    0.00    0.00    0.00    0.00    0.00    0.00    0.00    0.00    0.00  100.00
11:23:26 PM    6    0.00    0.00    0.00    0.00    0.00    0.00    0.00    0.00    0.00  100.00
11:23:26 PM    7    0.00    0.00    0.00    0.00    0.00    0.00    0.00    0.00    0.00  100.00

11:23:26 PM  CPU    %usr   %nice    %sys %iowait    %irq   %soft  %steal  %guest  %gnice   %idle
11:23:27 PM  all    0.13    0.00   19.57    0.00    0.25    5.52    0.00    0.00    0.00   74.53
11:23:27 PM    0    0.00    0.00   77.78    0.00    1.01   19.19    0.00    0.00    0.00    2.02
11:23:27 PM    1    1.01    0.00   78.79    0.00    0.00   18.18    0.00    0.00    0.00    2.02
11:23:27 PM    2    0.00    0.00    0.00    0.00    0.00    2.02    0.00    0.00    0.00   97.98
11:23:27 PM    3    0.00    0.00    0.99    0.00    0.99    3.96    0.00    0.00    0.00   94.06
11:23:27 PM    4    0.00    0.00    0.00    0.00    0.00    1.01    0.00    0.00    0.00   98.99
11:23:27 PM    5    0.00    0.00    0.00    0.00    0.00    0.00    0.00    0.00    0.00  100.00
11:23:27 PM    6    0.00    0.00    0.00    0.00    0.00    0.00    0.00    0.00    0.00  100.00
11:23:27 PM    7    0.00    0.00    0.00    0.00    0.00    0.00    0.00    0.00    0.00  100.00

11:23:27 PM  CPU    %usr   %nice    %sys %iowait    %irq   %soft  %steal  %guest  %gnice   %idle
11:23:28 PM  all    0.37    0.00   18.70    0.00    0.37    6.11    0.00    0.00    0.00   74.44
11:23:28 PM    0    2.00    0.00   75.00    0.00    0.00   19.00    0.00    0.00    0.00    4.00
11:23:28 PM    1    1.01    0.00   75.76    0.00    1.01   18.18    0.00    0.00    0.00    4.04
11:23:28 PM    2    0.00    0.00    0.00    0.00    1.00    3.00    0.00    0.00    0.00   96.00
11:23:28 PM    3    0.00    0.00    0.00    0.00    0.99    4.95    0.00    0.00    0.00   94.06
11:23:28 PM    4    0.00    0.00    0.00    0.00    0.00    3.00    0.00    0.00    0.00   97.00
11:23:28 PM    5    0.00    0.00    0.00    0.00    0.00    0.99    0.00    0.00    0.00   99.01
11:23:28 PM    6    0.00    0.00    0.00    0.00    0.00    0.00    0.00    0.00    0.00  100.00
11:23:28 PM    7    0.00    0.00    0.00    0.00    0.00    0.00    0.00    0.00    0.00  100.00

11:23:28 PM  CPU    %usr   %nice    %sys %iowait    %irq   %soft  %steal  %guest  %gnice   %idle
11:23:29 PM  all    0.13    0.00   19.07    0.00    0.25    6.02    0.00    0.00    0.00   74.53
11:23:29 PM    0    0.00    0.00   77.55    0.00    0.00   20.41    0.00    0.00    0.00    2.04
11:23:29 PM    1    1.01    0.00   76.77    0.00    0.00   19.19    0.00    0.00    0.00    3.03
11:23:29 PM    2    0.00    0.00    0.00    0.00    1.00    2.00    0.00    0.00    0.00   97.00
11:23:29 PM    3    0.00    0.00    0.00    0.00    1.00    5.00    0.00    0.00    0.00   94.00
11:23:29 PM    4    0.00    0.00    0.00    0.00    0.00    2.00    0.00    0.00    0.00   98.00
11:23:29 PM    5    0.00    0.00    0.00    0.00    0.00    0.00    0.00    0.00    0.00  100.00
11:23:29 PM    6    0.00    0.00    0.00    0.00    0.00    0.00    0.00    0.00    0.00  100.00
11:23:29 PM    7    0.00    0.00    0.00    0.00    0.00    0.00    0.00    0.00    0.00  100.00

11:23:29 PM  CPU    %usr   %nice    %sys %iowait    %irq   %soft  %steal  %guest  %gnice   %idle
11:23:30 PM  all    0.13    0.00   19.02    0.00    0.13    6.05    0.00    0.00    0.00   74.69
11:23:30 PM    0    1.01    0.00   75.76    0.00    1.01   19.19    0.00    0.00    0.00    3.03
11:23:30 PM    1    0.00    0.00   77.55    0.00    0.00   18.37    0.00    0.00    0.00    4.08
11:23:30 PM    2    0.00    0.00    0.00    0.00    0.00    2.04    0.00    0.00    0.00   97.96
11:23:30 PM    3    0.00    0.00    0.00    0.00    0.00    6.06    0.00    0.00    0.00   93.94
11:23:30 PM    4    0.00    0.00    0.00    0.00    0.00    3.00    0.00    0.00    0.00   97.00
11:23:30 PM    5    0.00    0.00    0.00    0.00    0.00    0.00    0.00    0.00    0.00  100.00
11:23:30 PM    6    0.00    0.00    0.00    0.00    0.00    0.00    0.00    0.00    0.00  100.00
11:23:30 PM    7    0.00    0.00    0.00    0.00    0.00    0.00    0.00    0.00    0.00  100.00

11:23:30 PM  CPU    %usr   %nice    %sys %iowait    %irq   %soft  %steal  %guest  %gnice   %idle
11:23:31 PM  all    0.25    0.00   19.03    0.00    0.50    5.97    0.00    0.00    0.00   74.25
11:23:31 PM    0    1.02    0.00   77.55    0.00    0.00   19.39    0.00    0.00    0.00    2.04
11:23:31 PM    1    0.99    0.00   76.24    0.00    0.99   18.81    0.00    0.00    0.00    2.97
11:23:31 PM    2    0.00    0.00    0.00    0.00    0.99    2.97    0.00    0.00    0.00   96.04
11:23:31 PM    3    0.00    0.00    0.00    0.00    0.99    3.96    0.00    0.00    0.00   95.05
11:23:31 PM    4    0.00    0.00    0.00    0.00    0.98    2.94    0.00    0.00    0.00   96.08
11:23:31 PM    5    0.00    0.00    0.00    0.00    0.00    0.00    0.00    0.00    0.00  100.00
11:23:31 PM    6    0.00    0.00    0.00    0.00    0.00    0.00    0.00    0.00    0.00  100.00
11:23:31 PM    7    0.00    0.00    0.00    0.00    0.00    0.00    0.00    0.00    0.00  100.00

11:23:31 PM  CPU    %usr   %nice    %sys %iowait    %irq   %soft  %steal  %guest  %gnice   %idle
11:23:32 PM  all    0.25    0.00   19.10    0.00    0.25    5.78    0.00    0.00    0.00   74.62
11:23:32 PM    0    1.01    0.00   76.77    0.00    0.00   19.19    0.00    0.00    0.00    3.03
11:23:32 PM    1    1.01    0.00   76.77    0.00    0.00   18.18    0.00    0.00    0.00    4.04
11:23:32 PM    2    0.00    0.00    0.00    0.00    1.00    2.00    0.00    0.00    0.00   97.00
11:23:32 PM    3    0.00    0.00    0.00    0.00    1.00    5.00    0.00    0.00    0.00   94.00
11:23:32 PM    4    0.00    0.00    0.00    0.00    0.00    2.02    0.00    0.00    0.00   97.98
11:23:32 PM    5    0.00    0.00    0.00    0.00    0.00    0.00    0.00    0.00    0.00  100.00
11:23:32 PM    6    0.00    0.00    0.00    0.00    0.00    0.00    0.00    0.00    0.00  100.00
11:23:32 PM    7    0.00    0.00    0.00    0.00    0.00    0.00    0.00    0.00    0.00  100.00

11:23:32 PM  CPU    %usr   %nice    %sys %iowait    %irq   %soft  %steal  %guest  %gnice   %idle
11:23:33 PM  all    0.13    0.00   19.32    0.00    0.13    6.02    0.00    0.00    0.00   74.40
11:23:33 PM    0    1.00    0.00   76.00    0.00    1.00   20.00    0.00    0.00    0.00    2.00
11:23:33 PM    1    0.00    0.00   80.41    0.00    0.00   18.56    0.00    0.00    0.00    1.03
11:23:33 PM    2    0.00    0.00    0.00    0.00    0.00    3.03    0.00    0.00    0.00   96.97
11:23:33 PM    3    0.00    0.00    0.00    0.00    0.00    4.04    0.00    0.00    0.00   95.96
11:23:33 PM    4    0.00    0.00    0.00    0.00    0.00    2.97    0.00    0.00    0.00   97.03
11:23:33 PM    5    0.00    0.00    0.00    0.00    0.00    0.00    0.00    0.00    0.00  100.00
11:23:33 PM    6    0.00    0.00    0.00    0.00    0.00    0.00    0.00    0.00    0.00  100.00
11:23:33 PM    7    0.00    0.00    0.00    0.00    0.00    0.00    0.00    0.00    0.00  100.00

11:23:33 PM  CPU    %usr   %nice    %sys %iowait    %irq   %soft  %steal  %guest  %gnice   %idle
11:23:34 PM  all    0.12    0.00   19.50    0.00    0.38    5.62    0.00    0.00    0.00   74.38
11:23:34 PM    0    1.02    0.00   77.55    0.00    0.00   19.39    0.00    0.00    0.00    2.04
11:23:34 PM    1    0.00    0.00   78.22    0.00    0.99   18.81    0.00    0.00    0.00    1.98
11:23:34 PM    2    0.00    0.00    0.99    0.00    0.99    1.98    0.00    0.00    0.00   96.04
11:23:34 PM    3    0.00    0.00    0.00    0.00    0.99    3.96    0.00    0.00    0.00   95.05
11:23:34 PM    4    0.00    0.00    0.00    0.00    0.00    1.01    0.00    0.00    0.00   98.99
11:23:34 PM    5    0.00    0.00    0.00    0.00    0.00    0.00    0.00    0.00    0.00  100.00
11:23:34 PM    6    0.00    0.00    0.00    0.00    0.00    0.00    0.00    0.00    0.00  100.00
11:23:34 PM    7    0.00    0.00    0.00    0.00    0.00    0.00    0.00    0.00    0.00  100.00

11:23:34 PM  CPU    %usr   %nice    %sys %iowait    %irq   %soft  %steal  %guest  %gnice   %idle
11:23:35 PM  all    0.13    0.00   18.80    0.00    0.13    6.39    0.00    0.00    0.00   74.56
11:23:35 PM    0    0.00    0.00   75.76    0.00    0.00   20.20    0.00    0.00    0.00    4.04
11:23:35 PM    1    1.01    0.00   75.76    0.00    0.00   19.19    0.00    0.00    0.00    4.04
11:23:35 PM    2    0.00    0.00    0.00    0.00    0.00    2.02    0.00    0.00    0.00   97.98
11:23:35 PM    3    0.00    0.00    0.00    0.00    1.00    5.00    0.00    0.00    0.00   94.00
11:23:35 PM    4    0.00    0.00    0.00    0.00    0.00    4.00    0.00    0.00    0.00   96.00
11:23:35 PM    5    0.00    0.00    0.00    0.00    0.00    0.00    0.00    0.00    0.00  100.00
11:23:35 PM    6    0.00    0.00    0.00    0.00    0.00    0.99    0.00    0.00    0.00   99.01
11:23:35 PM    7    0.00    0.00    0.00    0.00    0.00    0.00    0.00    0.00    0.00  100.00

11:23:35 PM  CPU    %usr   %nice    %sys %iowait    %irq   %soft  %steal  %guest  %gnice   %idle
11:23:36 PM  all    0.25    0.00   18.90    0.00    0.38    6.26    0.00    0.00    0.00   74.22
11:23:36 PM    0    1.01    0.00   75.76    0.00    1.01   19.19    0.00    0.00    0.00    3.03
11:23:36 PM    1    1.01    0.00   76.77    0.00    0.00   18.18    0.00    0.00    0.00    4.04
11:23:36 PM    2    0.00    0.00    0.00    0.00    0.99    2.97    0.00    0.00    0.00   96.04
11:23:36 PM    3    0.00    0.00    0.00    0.00    1.00    7.00    0.00    0.00    0.00   92.00
11:23:36 PM    4    0.00    0.00    0.00    0.00    0.00    3.00    0.00    0.00    0.00   97.00
11:23:36 PM    5    0.00    0.00    0.00    0.00    0.00    0.00    0.00    0.00    0.00  100.00
11:23:36 PM    6    0.00    0.00    0.00    0.00    0.00    0.00    0.00    0.00    0.00  100.00
11:23:36 PM    7    0.00    0.00    0.00    0.00    0.00    0.00    0.00    0.00    0.00  100.00

11:23:36 PM  CPU    %usr   %nice    %sys %iowait    %irq   %soft  %steal  %guest  %gnice   %idle
11:23:37 PM  all    0.25    0.00   18.51    0.00    0.50    5.79    0.00    0.00    0.00   74.94
11:23:37 PM    0    1.03    0.00   76.29    0.00    0.00   18.56    0.00    0.00    0.00    4.12
11:23:37 PM    1    1.03    0.00   75.26    0.00    1.03   17.53    0.00    0.00    0.00    5.15
11:23:37 PM    2    0.00    0.00    0.00    0.00    1.01    2.02    0.00    0.00    0.00   96.97
11:23:37 PM    3    0.00    0.00    0.00    0.00    1.00    6.00    0.00    0.00    0.00   93.00
11:23:37 PM    4    0.00    0.00    0.00    0.00    0.00    3.00    0.00    0.00    0.00   97.00
11:23:37 PM    5    0.00    0.00    0.00    0.00    0.99    0.00    0.00    0.00    0.00   99.01
11:23:37 PM    6    0.00    0.00    0.00    0.00    0.00    0.00    0.00    0.00    0.00  100.00
11:23:37 PM    7    0.00    0.00    0.00    0.00    0.00    0.00    0.00    0.00    0.00  100.00

11:23:37 PM  CPU    %usr   %nice    %sys %iowait    %irq   %soft  %steal  %guest  %gnice   %idle
11:23:38 PM  all    0.00    0.00   18.95    0.00    0.25    6.27    0.00    0.00    0.00   74.53
11:23:38 PM    0    0.00    0.00   76.29    0.00    0.00   19.59    0.00    0.00    0.00    4.12
11:23:38 PM    1    0.00    0.00   77.55    0.00    0.00   18.37    0.00    0.00    0.00    4.08
11:23:38 PM    2    0.00    0.00    0.00    0.00    1.00    3.00    0.00    0.00    0.00   96.00
11:23:38 PM    3    0.00    0.00    0.00    0.00    0.99    5.94    0.00    0.00    0.00   93.07
11:23:38 PM    4    0.00    0.00    0.99    0.00    0.00    3.96    0.00    0.00    0.00   95.05
11:23:38 PM    5    0.00    0.00    0.00    0.00    0.00    0.00    0.00    0.00    0.00  100.00
11:23:38 PM    6    0.00    0.00    0.00    0.00    0.00    0.00    0.00    0.00    0.00  100.00
11:23:38 PM    7    0.00    0.00    0.00    0.00    0.00    0.00    0.00    0.00    0.00  100.00

11:23:38 PM  CPU    %usr   %nice    %sys %iowait    %irq   %soft  %steal  %guest  %gnice   %idle
11:23:39 PM  all    0.25    0.00   19.02    0.00    0.38    5.88    0.00    0.00    0.00   74.47
11:23:39 PM    0    1.00    0.00   76.00    0.00    1.00   20.00    0.00    0.00    0.00    2.00
11:23:39 PM    1    1.01    0.00   76.77    0.00    0.00   18.18    0.00    0.00    0.00    4.04
11:23:39 PM    2    0.00    0.00    0.00    0.00    0.00    2.02    0.00    0.00    0.00   97.98
11:23:39 PM    3    0.00    0.00    0.00    0.00    1.00    5.00    0.00    0.00    0.00   94.00
11:23:39 PM    4    0.00    0.00    0.00    0.00    0.99    1.98    0.00    0.00    0.00   97.03
11:23:39 PM    5    0.00    0.00    0.00    0.00    0.00    0.00    0.00    0.00    0.00  100.00
11:23:39 PM    6    0.00    0.00    0.00    0.00    0.00    0.00    0.00    0.00    0.00  100.00
11:23:39 PM    7    0.00    0.00    0.00    0.00    0.00    0.00    0.00    0.00    0.00  100.00

11:23:39 PM  CPU    %usr   %nice    %sys %iowait    %irq   %soft  %steal  %guest  %gnice   %idle
11:23:40 PM  all    0.25    0.00   18.87    0.00    0.25    6.04    0.00    0.00    0.00   74.59
11:23:40 PM    0    1.02    0.00   75.51    0.00    0.00   19.39    0.00    0.00    0.00    4.08
11:23:40 PM    1    1.00    0.00   76.00    0.00    1.00   19.00    0.00    0.00    0.00    3.00
11:23:40 PM    2    0.00    0.00    0.00    0.00    1.00    3.00    0.00    0.00    0.00   96.00
11:23:40 PM    3    0.00    0.00    0.00    0.00    0.00    5.05    0.00    0.00    0.00   94.95
11:23:40 PM    4    0.00    0.00    0.00    0.00    0.00    2.02    0.00    0.00    0.00   97.98
11:23:40 PM    5    0.00    0.00    0.00    0.00    0.00    0.00    0.00    0.00    0.00  100.00
11:23:40 PM    6    0.00    0.00    0.00    0.00    0.00    0.00    0.00    0.00    0.00  100.00
11:23:40 PM    7    0.00    0.00    0.00    0.00    0.00    0.00    0.00    0.00    0.00  100.00

11:23:40 PM  CPU    %usr   %nice    %sys %iowait    %irq   %soft  %steal  %guest  %gnice   %idle
11:23:41 PM  all    0.13    0.00   19.10    0.00    0.25    5.90    0.00    0.00    0.00   74.62
11:23:41 PM    0    0.00    0.00   76.53    0.00    0.00   19.39    0.00    0.00    0.00    4.08
11:23:41 PM    1    1.02    0.00   77.55    0.00    0.00   18.37    0.00    0.00    0.00    3.06
11:23:41 PM    2    0.00    0.00    0.00    0.00    1.01    2.02    0.00    0.00    0.00   96.97
11:23:41 PM    3    0.00    0.00    0.00    0.00    1.00    5.00    0.00    0.00    0.00   94.00
11:23:41 PM    4    0.00    0.00    0.00    0.00    0.00    3.00    0.00    0.00    0.00   97.00
11:23:41 PM    5    0.00    0.00    0.99    0.00    0.00    0.00    0.00    0.00    0.00   99.01
11:23:41 PM    6    0.00    0.00    0.00    0.00    0.00    0.00    0.00    0.00    0.00  100.00
11:23:41 PM    7    0.00    0.00    0.00    0.00    0.00    0.00    0.00    0.00    0.00  100.00

11:23:41 PM  CPU    %usr   %nice    %sys %iowait    %irq   %soft  %steal  %guest  %gnice   %idle
11:23:42 PM  all    0.25    0.00   18.95    0.00    0.25    6.15    0.00    0.00    0.00   74.40
11:23:42 PM    0    1.01    0.00   75.76    0.00    1.01   20.20    0.00    0.00    0.00    2.02
11:23:42 PM    1    1.02    0.00   77.55    0.00    0.00   18.37    0.00    0.00    0.00    3.06
11:23:42 PM    2    0.00    0.00    0.00    0.00    0.00    3.00    0.00    0.00    0.00   97.00
11:23:42 PM    3    0.00    0.00    0.00    0.00    1.00    5.00    0.00    0.00    0.00   94.00
11:23:42 PM    4    0.00    0.00    0.00    0.00    0.00    3.00    0.00    0.00    0.00   97.00
11:23:42 PM    5    0.00    0.00    0.00    0.00    0.00    0.00    0.00    0.00    0.00  100.00
11:23:42 PM    6    0.00    0.00    0.00    0.00    0.00    0.00    0.00    0.00    0.00  100.00
11:23:42 PM    7    0.00    0.00    0.00    0.00    0.00    0.00    0.00    0.00    0.00  100.00

11:23:42 PM  CPU    %usr   %nice    %sys %iowait    %irq   %soft  %steal  %guest  %gnice   %idle
11:23:43 PM  all    0.25    0.00   18.72    0.00    0.25    5.90    0.00    0.00    0.00   74.87
11:23:43 PM    0    1.03    0.00   76.29    0.00    0.00   19.59    0.00    0.00    0.00    3.09
11:23:43 PM    1    1.02    0.00   76.53    0.00    0.00   18.37    0.00    0.00    0.00    4.08
11:23:43 PM    2    0.00    0.00    0.00    0.00    1.01    2.02    0.00    0.00    0.00   96.97
11:23:43 PM    3    0.00    0.00    0.00    0.00    0.99    4.95    0.00    0.00    0.00   94.06
11:23:43 PM    4    0.00    0.00    0.00    0.00    0.00    3.00    0.00    0.00    0.00   97.00
11:23:43 PM    5    0.00    0.00    0.00    0.00    0.00    0.00    0.00    0.00    0.00  100.00
11:23:43 PM    6    0.00    0.00    0.00    0.00    0.00    0.00    0.00    0.00    0.00  100.00
11:23:43 PM    7    0.00    0.00    0.00    0.00    0.00    0.00    0.00    0.00    0.00  100.00

11:23:43 PM  CPU    %usr   %nice    %sys %iowait    %irq   %soft  %steal  %guest  %gnice   %idle
11:23:44 PM  all    0.00    0.00   19.37    0.00    0.25    5.79    0.00    0.00    0.00   74.59
11:23:44 PM    0    0.00    0.00   78.57    0.00    0.00   19.39    0.00    0.00    0.00    2.04
11:23:44 PM    1    0.00    0.00   78.57    0.00    1.02   19.39    0.00    0.00    0.00    1.02
11:23:44 PM    2    0.00    0.00    0.00    0.00    1.00    2.00    0.00    0.00    0.00   97.00
11:23:44 PM    3    0.00    0.00    0.00    0.00    0.00    4.04    0.00    0.00    0.00   95.96
11:23:44 PM    4    0.00    0.00    0.00    0.00    0.00    2.00    0.00    0.00    0.00   98.00
11:23:44 PM    5    0.00    0.00    0.00    0.00    0.00    0.00    0.00    0.00    0.00  100.00
11:23:44 PM    6    0.00    0.00    0.00    0.00    0.00    0.00    0.00    0.00    0.00  100.00
11:23:44 PM    7    0.00    0.00    0.00    0.00    0.00    0.00    0.00    0.00    0.00  100.00

11:23:44 PM  CPU    %usr   %nice    %sys %iowait    %irq   %soft  %steal  %guest  %gnice   %idle
11:23:45 PM  all    0.25    0.00   19.23    0.00    0.12    6.12    0.00    0.00    0.00   74.28
11:23:45 PM    0    1.00    0.00   76.00    0.00    0.00   20.00    0.00    0.00    0.00    3.00
11:23:45 PM    1    1.00    0.00   77.00    0.00    0.00   19.00    0.00    0.00    0.00    3.00
11:23:45 PM    2    0.00    0.00    0.00    0.00    0.00    3.00    0.00    0.00    0.00   97.00
11:23:45 PM    3    0.00    0.00    0.99    0.00    0.99    4.95    0.00    0.00    0.00   93.07
11:23:45 PM    4    0.00    0.00    0.00    0.00    0.00    2.00    0.00    0.00    0.00   98.00
11:23:45 PM    5    0.00    0.00    0.00    0.00    0.00    0.00    0.00    0.00    0.00  100.00
11:23:45 PM    6    0.00    0.00    0.00    0.00    0.00    0.00    0.00    0.00    0.00  100.00
11:23:45 PM    7    0.00    0.00    0.00    0.00    0.00    0.00    0.00    0.00    0.00  100.00

11:23:45 PM  CPU    %usr   %nice    %sys %iowait    %irq   %soft  %steal  %guest  %gnice   %idle
11:23:46 PM  all    0.25    0.00   18.77    0.00    0.38    6.01    0.00    0.00    0.00   74.59
11:23:46 PM    0    1.02    0.00   74.49    0.00    1.02   19.39    0.00    0.00    0.00    4.08
11:23:46 PM    1    1.02    0.00   77.55    0.00    0.00   18.37    0.00    0.00    0.00    3.06
11:23:46 PM    2    0.00    0.00    0.99    0.00    0.99    1.98    0.00    0.00    0.00   96.04
11:23:46 PM    3    0.00    0.00    0.00    0.00    0.98    5.88    0.00    0.00    0.00   93.14
11:23:46 PM    4    0.00    0.00    0.00    0.00    0.00    3.00    0.00    0.00    0.00   97.00
11:23:46 PM    5    0.00    0.00    0.00    0.00    0.00    0.00    0.00    0.00    0.00  100.00
11:23:46 PM    6    0.00    0.00    0.00    0.00    0.00    0.00    0.00    0.00    0.00  100.00
11:23:46 PM    7    0.00    0.00    0.00    0.00    0.00    0.00    0.00    0.00    0.00  100.00

11:23:46 PM  CPU    %usr   %nice    %sys %iowait    %irq   %soft  %steal  %guest  %gnice   %idle
11:23:47 PM  all    0.25    0.00   19.12    0.00    0.13    5.91    0.00    0.00    0.00   74.59
11:23:47 PM    0    1.02    0.00   77.55    0.00    0.00   19.39    0.00    0.00    0.00    2.04
11:23:47 PM    1    1.01    0.00   76.77    0.00    1.01   18.18    0.00    0.00    0.00    3.03
11:23:47 PM    2    0.00    0.00    0.00    0.00    0.00    2.04    0.00    0.00    0.00   97.96
11:23:47 PM    3    0.00    0.00    0.00    0.00    0.00    5.05    0.00    0.00    0.00   94.95
11:23:47 PM    4    0.00    0.00    0.00    0.00    0.00    2.00    0.00    0.00    0.00   98.00
11:23:47 PM    5    0.00    0.00    0.00    0.00    0.00    0.99    0.00    0.00    0.00   99.01
11:23:47 PM    6    0.00    0.00    0.00    0.00    0.00    0.00    0.00    0.00    0.00  100.00
11:23:47 PM    7    0.00    0.00    0.00    0.00    0.00    0.00    0.00    0.00    0.00  100.00

11:23:47 PM  CPU    %usr   %nice    %sys %iowait    %irq   %soft  %steal  %guest  %gnice   %idle
11:23:48 PM  all    0.25    0.00   19.15    0.00    0.25    6.01    0.00    0.00    0.00   74.34
11:23:48 PM    0    1.01    0.00   76.77    0.00    0.00   20.20    0.00    0.00    0.00    2.02
11:23:48 PM    1    1.01    0.00   77.78    0.00    0.00   19.19    0.00    0.00    0.00    2.02
11:23:48 PM    2    0.00    0.00    0.00    0.00    0.99    2.97    0.00    0.00    0.00   96.04
11:23:48 PM    3    0.00    0.00    0.00    0.00    1.00    4.00    0.00    0.00    0.00   95.00
11:23:48 PM    4    0.00    0.00    0.00    0.00    0.00    2.00    0.00    0.00    0.00   98.00
11:23:48 PM    5    0.00    0.00    0.00    0.00    0.00    0.00    0.00    0.00    0.00  100.00
11:23:48 PM    6    0.00    0.00    0.00    0.00    0.00    0.00    0.00    0.00    0.00  100.00
11:23:48 PM    7    0.00    0.00    0.00    0.00    0.00    0.00    0.00    0.00    0.00  100.00

11:23:48 PM  CPU    %usr   %nice    %sys %iowait    %irq   %soft  %steal  %guest  %gnice   %idle
11:23:49 PM  all    0.38    0.00   18.90    0.00    0.50    5.88    0.00    0.00    0.00   74.34
11:23:49 PM    0    2.00    0.00   74.00    0.00    1.00   19.00    0.00    0.00    0.00    4.00
11:23:49 PM    1    1.01    0.00   77.78    0.00    0.00   18.18    0.00    0.00    0.00    3.03
11:23:49 PM    2    0.00    0.00    0.00    0.00    1.01    2.02    0.00    0.00    0.00   96.97
11:23:49 PM    3    0.00    0.00    0.00    0.00    1.00    5.00    0.00    0.00    0.00   94.00
11:23:49 PM    4    0.00    0.00    0.00    0.00    0.99    2.97    0.00    0.00    0.00   96.04
11:23:49 PM    5    0.00    0.00    0.00    0.00    0.00    0.00    0.00    0.00    0.00  100.00
11:23:49 PM    6    0.00    0.00    0.00    0.00    0.00    0.00    0.00    0.00    0.00  100.00
11:23:49 PM    7    0.00    0.00    0.00    0.00    0.00    0.00    0.00    0.00    0.00  100.00

11:23:49 PM  CPU    %usr   %nice    %sys %iowait    %irq   %soft  %steal  %guest  %gnice   %idle
11:23:50 PM  all    0.13    0.00   18.47    0.00    0.25    6.28    0.00    0.00    0.00   74.87
11:23:50 PM    0    1.03    0.00   75.26    0.00    0.00   19.59    0.00    0.00    0.00    4.12
11:23:50 PM    1    0.00    0.00   75.51    0.00    1.02   18.37    0.00    0.00    0.00    5.10
11:23:50 PM    2    0.00    0.00    0.00    0.00    0.00    3.00    0.00    0.00    0.00   97.00
11:23:50 PM    3    0.00    0.00    0.00    0.00    0.99    5.94    0.00    0.00    0.00   93.07
11:23:50 PM    4    0.00    0.00    0.00    0.00    0.00    4.00    0.00    0.00    0.00   96.00
11:23:50 PM    5    0.00    0.00    0.00    0.00    0.00    0.00    0.00    0.00    0.00  100.00
11:23:50 PM    6    0.00    0.00    0.00    0.00    0.00    0.00    0.00    0.00    0.00  100.00
11:23:50 PM    7    0.00    0.00    0.00    0.00    0.00    0.00    0.00    0.00    0.00  100.00

11:23:50 PM  CPU    %usr   %nice    %sys %iowait    %irq   %soft  %steal  %guest  %gnice   %idle
11:23:51 PM  all    0.13    0.00   16.19    0.00    0.13    5.27    0.00    0.00    0.00   78.29
11:23:51 PM    0    0.00    0.00   65.98    0.00    0.00   17.53    0.00    0.00    0.00   16.49
11:23:51 PM    1    1.01    0.00   65.66    0.00    0.00   16.16    0.00    0.00    0.00   17.17
11:23:51 PM    2    0.00    0.00    0.00    0.00    1.00    1.00    0.00    0.00    0.00   98.00
11:23:51 PM    3    0.00    0.00    0.00    0.00    0.00    5.00    0.00    0.00    0.00   95.00
11:23:51 PM    4    0.00    0.00    0.00    0.00    0.00    2.97    0.00    0.00    0.00   97.03
11:23:51 PM    5    0.00    0.00    0.00    0.00    0.00    0.00    0.00    0.00    0.00  100.00
11:23:51 PM    6    0.00    0.00    0.00    0.00    0.00    0.00    0.00    0.00    0.00  100.00
11:23:51 PM    7    0.00    0.00    0.00    0.00    0.00    0.00    0.00    0.00    0.00  100.00

Average:     CPU    %usr   %nice    %sys %iowait    %irq   %soft  %steal  %guest  %gnice   %idle
Average:     all    0.21    0.00   19.61    0.00    0.25    5.47    0.00    0.00    0.00   74.46
Average:       0    0.82    0.00   78.54    0.00    0.32   18.62    0.00    0.00    0.00    1.69
Average:       1    0.84    0.00   78.96    0.00    0.31   18.04    0.00    0.00    0.00    1.84
Average:       2    0.00    0.00    0.05    0.00    0.61    2.28    0.00    0.00    0.00   97.06
Average:       3    0.00    0.00    0.03    0.00    0.65    3.37    0.00    0.00    0.00   95.96
Average:       4    0.00    0.00    0.01    0.00    0.06    1.59    0.00    0.00    0.00   98.33
Average:       5    0.00    0.00    0.00    0.00    0.02    0.04    0.00    0.00    0.00   99.94
Average:       6    0.00    0.00    0.00    0.00    0.01    0.01    0.00    0.00    0.00   99.98
Average:       7    0.00    0.00    0.00    0.00    0.00    0.00    0.00    0.00    0.00  100.00
