1781243928,53.2,2400000,0xe0000
1781243929,53.8,2400000,0xe0000
1781243930,54.3,2400000,0xe0000
1781243931,53.2,2400000,0xe0000
1781243932,53.2,2400000,0xe0000
1781243933,52.7,2400000,0xe0000
1781243934,54.3,2400000,0xe0000
1781243935,53.8,2400000,0xe0000
1781243936,53.8,2400000,0xe0000
1781243937,53.2,2400000,0xe0000
1781243938,53.8,2400000,0xe0000
1781243939,53.2,2400000,0xe0000
1781243940,53.8,2400000,0xe0000
1781243941,54.3,2400000,0xe0000
1781243942,53.8,2400000,0xe0000
1781243943,53.8,2400000,0xe0000
1781243944,53.2,2400000,0xe0000
1781243945,54.3,2400000,0xe0000
1781243946,53.8,2400000,0xe0000
1781243947,53.8,2400000,0xe0000
1781243948,54.3,2400000,0xe0000
1781243949,53.2,2400000,0xe0000
1781243950,53.2,2400000,0xe0000
1781243951,53.8,2400000,0xe0000
1781243952,54.3,2400000,0xe0000
1781243953,53.8,2400000,0xe0000
1781243954,53.8,2400000,0xe0000
1781243955,53.8,2400000,0xe0000
1781243956,53.8,2400000,0xe0000
1781243957,52.7,2400000,0xe0000
1781243958,53.2,2400000,0xe0000
1781243959,53.8,2400000,0xe0000
1781243960,53.8,2400000,0xe0000
1781243961,53.8,2400000,0xe0000
1781243962,53.8,2400000,0xe0000
1781243963,53.2,2400000,0xe0000
1781243964,53.8,2400000,0xe0000
1781243965,53.8,2400000,0xe0000
1781243966,54.3,2400000,0xe0000
1781243967,53.8,2400000,0xe0000
1781243968,53.2,2400000,0xe0000
1781243969,53.8,2400000,0xe0000
1781243970,53.2,2400000,0xe0000
1781243971,53.8,2400000,0xe0000
1781243972,53.2,2400000,0xe0000
1781243973,53.2,2400000,0xe0000
1781243974,53.8,2400000,0xe0000
1781243975,54.3,2400000,0xe0000
1781243976,53.2,2400000,0xe0000
1781243978,53.8,2400000,0xe0000
1781243979,53.2,2400000,0xe0000
1781243980,53.8,2400000,0xe0000
1781243981,54.3,2400000,0xe0000
1781243982,53.8,2400000,0xe0000
1781243983,53.2,2400000,0xe0000
1781243984,53.8,2400000,0xe0000
1781243985,54.3,2400000,0xe0000
1781243986,53.2,2400000,0xe0000
1781243987,53.8,2400000,0xe0000
1781243988,53.2,2400000,0xe0000
1781243989,53.8,2400000,0xe0000
1781243990,53.8,2400000,0xe0000
1781243991,53.2,2400000,0xe0000
1781243992,53.8,2400000,0xe0000
1781243993,53.8,2400000,0xe0000
1781243994,53.8,2400000,0xe0000
1781243995,54.3,2400000,0xe0000
1781243996,53.8,2400000,0xe0000
1781243997,53.8,2400000,0xe0000
1781243998,54.3,2400000,0xe0000
1781243999,53.2,2400000,0xe0000
1781244000,53.2,2400000,0xe0000
1781244001,53.2,2400000,0xe0000
1781244002,53.8,2400000,0xe0000
1781244003,53.2,2400000,0xe0000
1781244004,53.8,2400000,0xe0000
1781244005,53.2,2400000,0xe0000
1781244006,53.8,2400000,0xe0000
1781244007,53.8,2400000,0xe0000
1781244008,52.7,2400000,0xe0000
1781244009,53.2,2400000,0xe0000
1781244010,53.8,2400000,0xe0000
1781244011,53.8,2400000,0xe0000
1781244012,53.2,2400000,0xe0000
1781244013,53.2,2400000,0xe0000
1781244014,53.2,2400000,0xe0000
1781244015,52.7,2400000,0xe0000
1781244016,53.2,2400000,0xe0000
1781244017,54.3,2400000,0xe0000
1781244018,53.8,2400000,0xe0000
1781244019,53.8,2400000,0xe0000
1781244020,53.2,2400000,0xe0000
1781244021,53.8,2400000,0xe0000
1781244022,53.2,2400000,0xe0000
1781244023,53.8,2400000,0xe0000
1781244024,53.8,2400000,0xe0000
1781244025,53.2,2400000,0xe0000
1781244026,53.2,2400000,0xe0000
1781244027,53.8,2400000,0xe0000
1781244028,53.2,2400000,0xe0000
1781244029,53.2,2400000,0xe0000
1781244030,53.2,2400000,0xe0000
1781244031,53.2,2400000,0xe0000
1781244032,53.2,2400000,0xe0000
1781244033,53.8,2400000,0xe0000
1781244034,53.2,2400000,0xe0000
1781244035,54.3,2400000,0xe0000
1781244036,53.8,2400000,0xe0000
1781244037,53.8,2400000,0xe0000
1781244038,53.2,2400000,0xe0000
1781244039,53.8,2400000,0xe0000
1781244040,52.1,2400000,0xe0000
1781244041,53.8,2400000,0xe0000
1781244042,53.2,2400000,0xe0000
1781244043,54.3,2400000,0xe0000
1781244044,53.8,2400000,0xe0000
1781244046,53.8,2400000,0xe0000
1781244047,53.2,2400000,0xe0000
1781244048,52.7,2400000,0xe0000
1781244049,53.2,2400000,0xe0000
1781244050,53.2,2400000,0xe0000
1781244051,53.2,2400000,0xe0000
1781244052,53.8,2400000,0xe0000
1781244053,53.2,2400000,0xe0000
1781244054,53.8,2400000,0xe0000
1781244055,53.8,2400000,0xe0000
1781244056,53.2,2400000,0xe0000
1781244057,53.2,2400000,0xe0000
1781244058,53.2,2400000,0xe0000
1781244059,53.8,2400000,0xe0000
1781244060,53.8,2400000,0xe0000
1781244061,53.8,2400000,0xe0000
1781244062,53.8,2400000,0xe0000
1781244063,53.8,2400000,0xe0000
1781244064,53.2,2400000,0xe0000
1781244065,54.3,2400000,0xe0000
1781244066,53.2,2400000,0xe0000
1781244067,53.8,2400000,0xe0000
1781244068,53.2,2400000,0xe0000
1781244069,53.2,2400000,0xe0000
1781244070,53.8,2400000,0xe0000
1781244071,53.2,2400000,0xe0000
1781244072,52.7,2400000,0xe0000
1781244073,53.2,2400000,0xe0000
1781244074,54.3,2400000,0xe0000
1781244075,53.2,2400000,0xe0000
1781244076,53.2,2400000,0xe0000
1781244077,53.2,2400000,0xe0000
1781244078,53.8,2400000,0xe0000
1781244079,53.8,2400000,0xe0000
1781244080,53.2,2400000,0xe0000
1781244081,52.7,2400000,0xe0000
1781244082,52.7,2400000,0xe0000
1781244083,52.7,2400000,0xe0000
1781244084,53.2,2400000,0xe0000
1781244085,53.2,2400000,0xe0000
1781244086,53.8,2400000,0xe0000
1781244087,53.2,2400000,0xe0000
1781244088,53.2,2400000,0xe0000
1781244089,53.2,2400000,0xe0000
1781244090,53.8,2400000,0xe0000
1781244091,53.8,2400000,0xe0000
1781244092,53.2,2400000,0xe0000
1781244093,53.8,2400000,0xe0000
1781244094,53.2,2400000,0xe0000
1781244095,53.2,2400000,0xe0000
1781244096,53.2,2400000,0xe0000
1781244097,53.2,2400000,0xe0000
1781244098,53.8,2400000,0xe0000
1781244099,52.7,2400000,0xe0000
1781244100,53.2,2400000,0xe0000
1781244102,53.2,2400000,0xe0000
1781244103,53.2,2400000,0xe0000
1781244104,53.2,2400000,0xe0000
1781244105,53.2,2400000,0xe0000
1781244106,53.2,2400000,0xe0000
1781244107,53.8,2400000,0xe0000
1781244108,52.7,2400000,0xe0000
1781244109,53.8,2400000,0xe0000
1781244110,53.8,2400000,0xe0000
1781244111,53.2,2400000,0xe0000
1781244112,53.2,2400000,0xe0000
1781244113,53.2,2400000,0xe0000
1781244114,53.2,2400000,0xe0000
1781244115,52.7,2400000,0xe0000
1781244116,53.2,2400000,0xe0000
1781244117,53.2,2400000,0xe0000
1781244118,53.8,2400000,0xe0000
1781244119,52.7,2400000,0xe0000
1781244120,53.2,2400000,0xe0000
1781244121,53.2,2400000,0xe0000
1781244122,53.2,2400000,0xe0000
1781244123,53.8,2400000,0xe0000
1781244124,53.2,2400000,0xe0000
1781244125,52.7,2400000,0xe0000
1781244126,53.2,2400000,0xe0000
1781244127,53.2,2400000,0xe0000
1781244128,53.2,2400000,0xe0000
1781244129,53.8,2400000,0xe0000
1781244130,52.7,2400000,0xe0000
1781244131,53.8,2400000,0xe0000
1781244132,53.2,2400000,0xe0000
1781244133,53.2,2400000,0xe0000
1781244134,53.2,2400000,0xe0000
1781244135,53.2,2400000,0xe0000
1781244136,53.2,2400000,0xe0000
1781244137,52.1,2400000,0xe0000
1781244138,53.2,2400000,0xe0000
1781244139,53.2,2400000,0xe0000
1781244140,53.2,2400000,0xe0000
1781244141,53.8,2400000,0xe0000
1781244142,53.2,2400000,0xe0000
1781244143,53.2,2400000,0xe0000
1781244145,52.7,2400000,0xe0000
1781244146,53.8,2400000,0xe0000
1781244147,53.2,2400000,0xe0000
1781244148,53.2,2400000,0xe0000
1781244149,53.8,2400000,0xe0000
1781244150,53.2,2400000,0xe0000
1781244151,53.2,2400000,0xe0000
1781244152,53.2,2400000,0xe0000
1781244153,53.8,2400000,0xe0000
1781244154,53.2,2400000,0xe0000
1781244155,53.2,2400000,0xe0000
1781244156,53.2,2400000,0xe0000
1781244157,53.2,2400000,0xe0000
1781244158,53.2,2400000,0xe0000
1781244159,53.2,2400000,0xe0000
1781244160,53.2,2400000,0xe0000
1781244161,53.2,2400000,0xe0000
1781244162,52.1,2400000,0xe0000
1781244163,52.7,2400000,0xe0000
1781244164,53.2,2400000,0xe0000
1781244165,53.2,2400000,0xe0000
1781244166,53.8,2400000,0xe0000
1781244167,53.2,2400000,0xe0000
1781244168,53.2,2400000,0xe0000
1781244169,53.2,2400000,0xe0000
1781244170,53.8,2400000,0xe0000
1781244171,52.7,2400000,0xe0000
1781244172,53.2,2400000,0xe0000
1781244173,52.7,2400000,0xe0000
1781244174,53.2,2400000,0xe0000
1781244175,53.2,2400000,0xe0000
1781244176,53.2,2400000,0xe0000
1781244177,52.7,2400000,0xe0000
1781244178,53.2,2400000,0xe0000
1781244179,52.7,2400000,0xe0000
1781244180,52.7,2400000,0xe0000
1781244181,53.2,2400000,0xe0000
1781244183,53.8,2400000,0xe0000
1781244184,52.7,2400000,0xe0000
1781244185,53.8,2400000,0xe0000
1781244186,52.7,2400000,0xe0000
1781244187,53.2,2400000,0xe0000
1781244188,53.2,2400000,0xe0000
1781244189,53.2,2400000,0xe0000
1781244190,52.7,2400000,0xe0000
1781244191,53.8,2400000,0xe0000
1781244192,52.7,2400000,0xe0000
1781244193,53.8,2400000,0xe0000
1781244194,53.2,2400000,0xe0000
1781244195,53.8,2400000,0xe0000
1781244196,53.2,2400000,0xe0000
1781244197,53.2,2400000,0xe0000
1781244198,53.8,2400000,0xe0000
1781244199,53.8,2400000,0xe0000
1781244200,53.2,2400000,0xe0000
1781244201,53.2,2400000,0xe0000
1781244202,53.8,2400000,0xe0000
1781244203,53.2,2400000,0xe0000
1781244204,53.2,2400000,0xe0000
1781244205,52.7,2400000,0xe0000
1781244206,53.2,2400000,0xe0000
1781244207,53.2,2400000,0xe0000
1781244208,53.2,2400000,0xe0000
1781244209,53.8,2400000,0xe0000
1781244210,53.2,2400000,0xe0000
1781244211,53.2,2400000,0xe0000
1781244212,53.2,2400000,0xe0000
1781244213,53.8,2400000,0xe0000
1781244214,53.2,2400000,0xe0000
1781244215,52.7,2400000,0xe0000
1781244216,52.7,2400000,0xe0000
1781244217,53.2,2400000,0xe0000
1781244218,53.2,2400000,0xe0000
1781244219,53.2,2400000,0xe0000
1781244220,53.2,2400000,0xe0000
1781244221,53.2,2400000,0xe0000
1781244222,52.7,2400000,0xe0000
1781244223,53.2,2400000,0xe0000
1781244224,53.2,2400000,0xe0000
1781244226,53.2,2400000,0xe0000
1781244227,53.2,2400000,0xe0000
1781244228,52.7,2400000,0xe0000
1781244229,53.2,2400000,0xe0000
1781244230,53.2,2400000,0xe0000
1781244231,53.2,2400000,0xe0000
1781244232,53.8,2400000,0xe0000
1781244233,52.1,2400000,0xe0000
1781244234,53.2,2400000,0xe0000
1781244235,53.2,2400000,0xe0000
1781244236,52.7,2400000,0xe0000
1781244237,53.2,2400000,0xe0000
1781244238,53.2,2400000,0xe0000
1781244239,53.2,2400000,0xe0000
1781244240,53.2,2400000,0xe0000
1781244241,52.7,2400000,0xe0000
1781244242,53.2,2400000,0xe0000
1781244243,53.2,2400000,0xe0000
1781244244,53.8,2400000,0xe0000
1781244245,53.2,2400000,0xe0000
1781244246,53.2,2400000,0xe0000
1781244247,53.8,2400000,0xe0000
1781244248,53.2,2400000,0xe0000
1781244249,53.2,2400000,0xe0000
1781244250,53.8,2400000,0xe0000
1781244251,52.1,2400000,0xe0000
1781244252,52.7,2400000,0xe0000
1781244253,52.7,2400000,0xe0000
1781244254,53.2,2400000,0xe0000
1781244255,53.2,2400000,0xe0000
1781244256,53.2,2400000,0xe0000
1781244257,53.8,2400000,0xe0000
1781244258,53.8,2400000,0xe0000
1781244259,52.7,2400000,0xe0000
1781244260,53.8,2400000,0xe0000
1781244262,53.8,2400000,0xe0000
1781244263,52.7,2400000,0xe0000
1781244264,53.2,2400000,0xe0000
1781244265,53.8,2400000,0xe0000
1781244266,53.2,2400000,0xe0000
1781244267,53.2,2400000,0xe0000
1781244268,53.8,2400000,0xe0000
1781244269,53.2,2400000,0xe0000
1781244270,53.8,2400000,0xe0000
1781244271,52.7,2400000,0xe0000
1781244272,53.8,2400000,0xe0000
1781244273,53.2,2400000,0xe0000
1781244274,53.8,2400000,0xe0000
1781244275,53.2,2400000,0xe0000
1781244276,53.2,2400000,0xe0000
1781244277,53.2,2400000,0xe0000
1781244278,53.8,2400000,0xe0000
1781244279,53.8,2400000,0xe0000
1781244280,52.7,2400000,0xe0000
1781244281,52.7,2400000,0xe0000
1781244282,53.2,2400000,0xe0000
1781244283,52.7,2400000,0xe0000
1781244284,53.2,2400000,0xe0000
1781244285,54.3,2400000,0xe0000
1781244286,53.2,2400000,0xe0000
1781244287,53.2,2400000,0xe0000
1781244288,53.2,2400000,0xe0000
1781244289,53.8,2400000,0xe0000
1781244290,53.8,2400000,0xe0000
1781244291,53.2,2400000,0xe0000
1781244292,53.2,2400000,0xe0000
1781244293,53.8,2400000,0xe0000
1781244294,53.8,2400000,0xe0000
1781244295,53.8,2400000,0xe0000
1781244296,53.8,2400000,0xe0000
1781244297,53.8,2400000,0xe0000
1781244298,53.8,2400000,0xe0000
1781244299,53.2,2400000,0xe0000
1781244300,53.2,2400000,0xe0000
1781244301,53.8,2400000,0xe0000
1781244303,53.2,2400000,0xe0000
1781244304,53.2,2400000,0xe0000
1781244305,52.1,2400000,0xe0000
1781244306,53.8,2400000,0xe0000
1781244307,52.7,2400000,0xe0000
1781244308,53.8,2400000,0xe0000
1781244309,53.2,2400000,0xe0000
1781244310,53.8,2400000,0xe0000
1781244311,53.2,2400000,0xe0000
1781244312,54.3,2400000,0xe0000
1781244313,53.2,2400000,0xe0000
1781244314,52.7,2400000,0xe0000
1781244315,53.2,2400000,0xe0000
1781244316,53.2,2400000,0xe0000
1781244317,53.2,2400000,0xe0000
1781244318,53.2,2400000,0xe0000
1781244319,53.8,2400000,0xe0000
1781244320,53.8,2400000,0xe0000
1781244321,54.3,2400000,0xe0000
1781244322,53.8,2400000,0xe0000
1781244323,53.8,2400000,0xe0000
1781244324,53.2,2400000,0xe0000
1781244325,53.2,2400000,0xe0000
1781244326,53.2,2400000,0xe0000
1781244327,53.8,2400000,0xe0000
1781244328,53.2,2400000,0xe0000
1781244329,54.3,2400000,0xe0000
1781244330,53.8,2400000,0xe0000
1781244331,53.8,2400000,0xe0000
1781244332,52.7,2400000,0xe0000
1781244333,53.2,2400000,0xe0000
1781244334,53.2,2400000,0xe0000
1781244335,53.2,2400000,0xe0000
1781244336,53.2,2400000,0xe0000
1781244337,53.8,2400000,0xe0000
1781244339,53.2,2400000,0xe0000
1781244340,53.8,2400000,0xe0000
1781244341,53.2,2400000,0xe0000
1781244342,54.3,2400000,0xe0000
1781244343,52.7,2400000,0xe0000
1781244344,53.8,2400000,0xe0000
1781244345,53.2,2400000,0xe0000
1781244346,53.2,2400000,0xe0000
1781244347,53.2,2400000,0xe0000
1781244348,53.8,2400000,0xe0000
1781244349,52.7,2400000,0xe0000
1781244350,53.2,2400000,0xe0000
1781244351,53.2,2400000,0xe0000
1781244352,53.2,2400000,0xe0000
1781244353,53.2,2400000,0xe0000
1781244354,53.2,2400000,0xe0000
1781244355,53.8,2400000,0xe0000
1781244356,53.8,2400000,0xe0000
1781244357,53.8,2400000,0xe0000
1781244358,54.3,2400000,0xe0000
1781244359,54.3,2400000,0xe0000
1781244360,52.7,2400000,0xe0000
1781244361,54.3,2400000,0xe0000
1781244362,53.2,2400000,0xe0000
1781244363,54.3,2400000,0xe0000
1781244364,53.8,2400000,0xe0000
1781244365,53.2,2400000,0xe0000
1781244366,53.8,2400000,0xe0000
1781244367,54.3,2400000,0xe0000
1781244368,53.8,2400000,0xe0000
1781244369,52.1,2400000,0xe0000
1781244370,53.2,2400000,0xe0000
1781244371,54.3,2400000,0xe0000
1781244372,54.3,2400000,0xe0000
1781244373,53.8,2400000,0xe0000
1781244374,54.3,2400000,0xe0000
1781244375,54.3,2400000,0xe0000
1781244377,53.2,2400000,0xe0000
1781244378,53.8,2400000,0xe0000
1781244379,54.3,2400000,0xe0000
1781244380,53.8,2400000,0xe0000
1781244381,53.8,2400000,0xe0000
1781244382,53.8,2400000,0xe0000
1781244383,53.8,2400000,0xe0000
1781244384,53.2,2400000,0xe0000
1781244385,53.8,2400000,0xe0000
1781244386,53.8,2400000,0xe0000
1781244387,53.2,2400000,0xe0000
1781244388,53.2,2400000,0xe0000
1781244389,54.3,2400000,0xe0000
1781244390,53.2,2400000,0xe0000
1781244391,52.7,2400000,0xe0000
1781244392,53.8,2400000,0xe0000
1781244393,53.2,2400000,0xe0000
1781244394,53.8,2400000,0xe0000
1781244395,53.8,2400000,0xe0000
1781244396,53.8,2400000,0xe0000
1781244397,53.2,2400000,0xe0000
1781244398,53.8,2400000,0xe0000
1781244399,53.2,2400000,0xe0000
1781244400,53.2,2400000,0xe0000
1781244401,53.8,2400000,0xe0000
1781244402,52.1,2400000,0xe0000
1781244403,53.8,2400000,0xe0000
1781244404,53.2,2400000,0xe0000
1781244405,53.2,2400000,0xe0000
1781244406,53.8,2400000,0xe0000
1781244407,53.8,2400000,0xe0000
1781244408,53.8,2400000,0xe0000
1781244409,53.2,2400000,0xe0000
1781244410,53.2,2400000,0xe0000
1781244411,54.3,2400000,0xe0000
1781244412,53.8,2400000,0xe0000
1781244413,53.2,2400000,0xe0000
1781244415,53.2,2400000,0xe0000
1781244416,53.2,2400000,0xe0000
1781244417,53.2,2400000,0xe0000
1781244418,53.2,2400000,0xe0000
1781244419,53.8,2400000,0xe0000
1781244420,53.2,2400000,0xe0000
1781244421,53.2,2400000,0xe0000
1781244422,53.8,2400000,0xe0000
1781244423,53.2,2400000,0xe0000
1781244424,53.8,2400000,0xe0000
1781244425,53.2,2400000,0xe0000
1781244426,53.8,2400000,0xe0000
1781244427,53.2,2400000,0xe0000
1781244428,53.2,2400000,0xe0000
1781244429,53.8,2400000,0xe0000
1781244430,53.2,2400000,0xe0000
1781244431,53.8,2400000,0xe0000
1781244432,53.2,2400000,0xe0000
1781244433,53.8,2400000,0xe0000
1781244434,53.2,2400000,0xe0000
1781244435,53.2,2400000,0xe0000
1781244436,53.8,2400000,0xe0000
1781244437,53.2,2400000,0xe0000
1781244438,53.8,2400000,0xe0000
1781244439,53.8,2400000,0xe0000
1781244440,53.8,2400000,0xe0000
1781244441,53.2,2400000,0xe0000
1781244443,53.8,2400000,0xe0000
1781244444,53.2,2400000,0xe0000
1781244445,53.2,2400000,0xe0000
1781244446,53.8,2400000,0xe0000
1781244447,53.8,2400000,0xe0000
1781244448,53.2,2400000,0xe0000
1781244449,53.8,2400000,0xe0000
1781244450,53.8,2400000,0xe0000
1781244451,53.2,2400000,0xe0000
1781244452,53.8,2400000,0xe0000
1781244453,53.2,2400000,0xe0000
1781244454,54.3,2400000,0xe0000
1781244455,53.8,2400000,0xe0000
1781244456,53.2,2400000,0xe0000
1781244457,53.2,2400000,0xe0000
1781244458,53.8,2400000,0xe0000
1781244459,53.8,2400000,0xe0000
1781244460,52.7,2400000,0xe0000
1781244461,54.3,2400000,0xe0000
1781244462,53.2,2400000,0xe0000
1781244463,53.8,2400000,0xe0000
1781244464,53.2,2400000,0xe0000
1781244465,54.3,2400000,0xe0000
1781244466,53.2,2400000,0xe0000
1781244467,53.8,2400000,0xe0000
1781244468,53.8,2400000,0xe0000
1781244469,53.2,2400000,0xe0000
1781244470,53.2,2400000,0xe0000
1781244471,53.2,2400000,0xe0000
1781244472,54.3,2400000,0xe0000
1781244473,54.3,2400000,0xe0000
1781244474,54.3,2400000,0xe0000
1781244475,54.3,2400000,0xe0000
1781244476,53.2,2400000,0xe0000
1781244477,53.2,2400000,0xe0000
1781244478,53.8,2400000,0xe0000
1781244479,53.8,2400000,0xe0000
1781244480,53.8,2400000,0xe0000
1781244481,53.8,2400000,0xe0000
1781244482,53.8,2400000,0xe0000
1781244484,52.7,2400000,0xe0000
1781244485,53.8,2400000,0xe0000
1781244486,53.8,2400000,0xe0000
1781244487,53.2,2400000,0xe0000
1781244488,53.8,2400000,0xe0000
1781244489,53.2,2400000,0xe0000
1781244490,53.8,2400000,0xe0000
1781244491,53.2,2400000,0xe0000
1781244492,53.8,2400000,0xe0000
1781244493,53.2,2400000,0xe0000
1781244494,53.8,2400000,0xe0000
1781244495,53.2,2400000,0xe0000
1781244496,53.8,2400000,0xe0000
1781244497,53.2,2400000,0xe0000
1781244498,52.7,2400000,0xe0000
1781244499,53.2,2400000,0xe0000
1781244500,53.8,2400000,0xe0000
1781244501,53.2,2400000,0xe0000
1781244502,53.8,2400000,0xe0000
1781244503,53.2,2400000,0xe0000
1781244504,52.7,2400000,0xe0000
1781244505,53.8,2400000,0xe0000
1781244506,52.7,2400000,0xe0000
1781244507,53.8,2400000,0xe0000
1781244508,53.2,2400000,0xe0000
1781244509,53.2,2400000,0xe0000
1781244510,54.3,2400000,0xe0000
1781244511,53.8,2400000,0xe0000
1781244512,53.2,2400000,0xe0000
1781244513,53.8,2400000,0xe0000
1781244514,53.2,2400000,0xe0000
1781244515,53.8,2400000,0xe0000
1781244517,53.2,2400000,0xe0000
1781244518,53.8,2400000,0xe0000
1781244519,53.8,2400000,0xe0000
1781244520,53.8,2400000,0xe0000
1781244521,53.2,2400000,0xe0000
1781244522,53.2,2400000,0xe0000
1781244523,53.8,2400000,0xe0000
1781244524,52.1,2400000,0xe0000
1781244525,53.8,2400000,0xe0000
1781244526,53.8,2400000,0xe0000
1781244527,53.8,2400000,0xe0000
1781244528,53.8,2400000,0xe0000
1781244529,53.2,2400000,0xe0000
1781244530,53.8,2400000,0xe0000
1781244531,53.8,2400000,0xe0000
1781244532,53.2,2400000,0xe0000
1781244533,54.3,2400000,0xe0000
1781244534,52.7,2400000,0xe0000
1781244535,53.8,2400000,0xe0000
1781244536,53.2,2400000,0xe0000
1781244537,53.8,2400000,0xe0000
1781244538,53.2,2400000,0xe0000
1781244539,53.2,2400000,0xe0000
1781244540,53.2,2400000,0xe0000
1781244541,53.8,2400000,0xe0000
1781244542,53.8,2400000,0xe0000
1781244543,54.3,2400000,0xe0000
1781244544,53.8,2400000,0xe0000
1781244545,53.2,2400000,0xe0000
1781244546,53.2,2400000,0xe0000
1781244547,53.8,2400000,0xe0000
1781244548,53.8,2400000,0xe0000
1781244549,52.1,2400000,0xe0000
1781244550,53.2,2400000,0xe0000
1781244551,54.3,2400000,0xe0000
1781244552,53.2,2400000,0xe0000
1781244553,53.8,2400000,0xe0000
1781244554,53.8,2400000,0xe0000
1781244556,53.8,2400000,0xe0000
1781244557,53.8,2400000,0xe0000
1781244558,54.3,2400000,0xe0000
1781244559,53.8,2400000,0xe0000
1781244560,54.3,2400000,0xe0000
1781244561,54.3,2400000,0xe0000
1781244562,53.2,2400000,0xe0000
1781244563,53.2,2400000,0xe0000
1781244564,53.2,2400000,0xe0000
1781244565,53.8,2400000,0xe0000
1781244566,53.8,2400000,0xe0000
1781244567,53.8,2400000,0xe0000
1781244568,52.1,2400000,0xe0000
1781244569,53.8,2400000,0xe0000
1781244570,53.8,2400000,0xe0000
1781244571,54.3,2400000,0xe0000
1781244572,53.8,2400000,0xe0000
1781244573,52.1,2400000,0xe0000
1781244574,53.2,2400000,0xe0000
1781244575,53.8,2400000,0xe0000
1781244576,54.3,2400000,0xe0000
1781244577,53.8,2400000,0xe0000
1781244578,53.8,2400000,0xe0000
1781244579,53.8,2400000,0xe0000
1781244580,53.2,2400000,0xe0000
1781244581,53.2,2400000,0xe0000
1781244582,53.8,2400000,0xe0000
1781244583,53.8,2400000,0xe0000
1781244585,53.8,2400000,0xe0000
1781244586,54.3,2400000,0xe0000
1781244587,53.8,2400000,0xe0000
1781244588,53.2,2400000,0xe0000
1781244589,53.2,2400000,0xe0000
1781244590,54.3,2400000,0xe0000
1781244591,53.2,2400000,0xe0000
1781244592,53.8,2400000,0xe0000
1781244593,54.3,2400000,0xe0000
1781244594,54.3,2400000,0xe0000
1781244595,53.8,2400000,0xe0000
1781244596,53.8,2400000,0xe0000
1781244597,53.8,2400000,0xe0000
1781244598,54.3,2400000,0xe0000
1781244599,53.8,2400000,0xe0000
1781244600,52.7,2400000,0xe0000
1781244601,54.3,2400000,0xe0000
1781244602,54.3,2400000,0xe0000
1781244603,53.2,2400000,0xe0000
1781244604,53.2,2400000,0xe0000
1781244605,53.8,2400000,0xe0000
1781244606,54.3,2400000,0xe0000
1781244607,54.3,2400000,0xe0000
1781244608,54.3,2400000,0xe0000
1781244609,54.3,2400000,0xe0000
1781244610,53.2,2400000,0xe0000
1781244611,53.2,2400000,0xe0000
1781244612,53.8,2400000,0xe0000
1781244613,53.8,2400000,0xe0000
1781244614,53.8,2400000,0xe0000
1781244615,53.8,2400000,0xe0000
1781244616,53.8,2400000,0xe0000
1781244617,53.8,2400000,0xe0000
1781244618,53.2,2400000,0xe0000
1781244619,53.8,2400000,0xe0000
1781244620,53.8,2400000,0xe0000
1781244621,53.2,2400000,0xe0000
1781244622,53.8,2400000,0xe0000
1781244623,54.3,2400000,0xe0000
1781244624,53.8,2400000,0xe0000
1781244625,53.8,2400000,0xe0000
1781244626,53.8,2400000,0xe0000
1781244627,53.8,2400000,0xe0000
1781244629,53.2,2400000,0xe0000
1781244630,53.8,2400000,0xe0000
1781244631,53.2,2400000,0xe0000
1781244632,53.2,2400000,0xe0000
1781244633,54.3,2400000,0xe0000
1781244634,53.8,2400000,0xe0000
1781244635,53.8,2400000,0xe0000
1781244636,53.2,2400000,0xe0000
1781244637,53.2,2400000,0xe0000
1781244638,53.8,2400000,0xe0000
1781244639,53.2,2400000,0xe0000
1781244640,53.8,2400000,0xe0000
1781244641,53.8,2400000,0xe0000
1781244642,53.8,2400000,0xe0000
1781244643,53.8,2400000,0xe0000
1781244644,53.8,2400000,0xe0000
1781244645,53.2,2400000,0xe0000
1781244646,54.3,2400000,0xe0000
1781244647,53.8,2400000,0xe0000
1781244648,53.8,2400000,0xe0000
1781244649,53.2,2400000,0xe0000
1781244650,53.8,2400000,0xe0000
1781244651,54.3,2400000,0xe0000
1781244652,54.3,2400000,0xe0000
1781244653,53.2,2400000,0xe0000
1781244654,53.8,2400000,0xe0000
1781244655,53.8,2400000,0xe0000
1781244656,53.2,2400000,0xe0000
1781244657,53.2,2400000,0xe0000
1781244658,53.8,2400000,0xe0000
1781244659,53.2,2400000,0xe0000
1781244660,53.2,2400000,0xe0000
1781244661,53.8,2400000,0xe0000
1781244662,53.8,2400000,0xe0000
1781244663,53.8,2400000,0xe0000
1781244664,53.8,2400000,0xe0000
1781244666,53.8,2400000,0xe0000
1781244667,53.8,2400000,0xe0000
1781244668,53.8,2400000,0xe0000
1781244669,53.2,2400000,0xe0000
1781244670,53.8,2400000,0xe0000
1781244671,53.8,2400000,0xe0000
1781244672,53.8,2400000,0xe0000
1781244673,54.3,2400000,0xe0000
1781244674,54.3,2400000,0xe0000
1781244675,53.2,2400000,0xe0000
1781244676,53.2,2400000,0xe0000
1781244677,53.2,2400000,0xe0000
1781244678,53.2,2400000,0xe0000
1781244679,54.3,2400000,0xe0000
1781244680,53.2,2400000,0xe0000
1781244681,53.2,2400000,0xe0000
1781244682,52.7,2400000,0xe0000
1781244683,53.2,2400000,0xe0000
1781244684,53.8,2400000,0xe0000
1781244685,53.8,2400000,0xe0000
1781244686,54.3,2400000,0xe0000
1781244687,53.2,2400000,0xe0000
1781244688,54.3,2400000,0xe0000
1781244689,53.2,2400000,0xe0000
1781244690,54.3,2400000,0xe0000
1781244691,53.8,2400000,0xe0000
1781244692,53.8,2400000,0xe0000
1781244693,53.8,2400000,0xe0000
1781244694,54.3,2400000,0xe0000
1781244695,54.3,2400000,0xe0000
1781244696,53.2,2400000,0xe0000
1781244698,53.8,2400000,0xe0000
1781244699,53.2,2400000,0xe0000
1781244700,54.3,2400000,0xe0000
1781244701,53.8,2400000,0xe0000
1781244702,53.8,2400000,0xe0000
1781244703,53.8,2400000,0xe0000
1781244704,53.2,2400000,0xe0000
1781244705,53.8,2400000,0xe0000
1781244706,53.8,2400000,0xe0000
1781244707,53.8,2400000,0xe0000
1781244708,53.8,2400000,0xe0000
1781244709,53.2,2400000,0xe0000
1781244710,53.2,2400000,0xe0000
1781244711,54.3,2400000,0xe0000
1781244712,53.2,2400000,0xe0000
1781244713,54.3,2400000,0xe0000
1781244714,53.2,2400000,0xe0000
1781244715,53.2,2400000,0xe0000
1781244716,53.8,2400000,0xe0000
1781244717,53.8,2400000,0xe0000
1781244718,53.8,2400000,0xe0000
1781244719,54.3,2400000,0xe0000
1781244720,53.2,2400000,0xe0000
1781244721,54.3,2400000,0xe0000
1781244722,54.3,2400000,0xe0000
1781244723,54.3,2400000,0xe0000
1781244724,53.2,2400000,0xe0000
1781244725,53.8,2400000,0xe0000
1781244726,53.8,2400000,0xe0000
1781244727,53.2,2400000,0xe0000
1781244728,54.3,2400000,0xe0000
1781244729,53.8,2400000,0xe0000
1781244730,53.2,2400000,0xe0000
1781244731,53.8,2400000,0xe0000
1781244733,53.8,2400000,0xe0000
1781244734,54.3,2400000,0xe0000
1781244735,53.2,2400000,0xe0000
1781244736,53.8,2400000,0xe0000
1781244737,52.7,2400000,0xe0000
1781244738,53.8,2400000,0xe0000
1781244739,53.8,2400000,0xe0000
1781244740,52.7,2400000,0xe0000
1781244741,53.8,2400000,0xe0000
1781244742,53.2,2400000,0xe0000
1781244743,53.2,2400000,0xe0000
1781244744,53.2,2400000,0xe0000
1781244745,53.2,2400000,0xe0000
1781244746,54.3,2400000,0xe0000
1781244747,53.8,2400000,0xe0000
1781244748,53.8,2400000,0xe0000
1781244749,53.8,2400000,0xe0000
1781244750,53.8,2400000,0xe0000
1781244751,52.7,2400000,0xe0000
1781244752,53.8,2400000,0xe0000
1781244753,54.3,2400000,0xe0000
1781244754,53.2,2400000,0xe0000
1781244755,53.2,2400000,0xe0000
1781244756,53.8,2400000,0xe0000
1781244757,53.8,2400000,0xe0000
1781244758,53.2,2400000,0xe0000
1781244759,53.8,2400000,0xe0000
1781244760,54.3,2400000,0xe0000
1781244761,52.7,2400000,0xe0000
1781244762,54.3,2400000,0xe0000
1781244763,53.2,2400000,0xe0000
1781244764,54.3,2400000,0xe0000
1781244765,54.3,2400000,0xe0000
1781244766,52.7,2400000,0xe0000
1781244767,53.8,2400000,0xe0000
1781244768,53.8,2400000,0xe0000
1781244769,53.8,2400000,0xe0000
1781244770,54.3,2400000,0xe0000
1781244771,53.2,2400000,0xe0000
1781244772,53.8,2400000,0xe0000
1781244773,54.3,2400000,0xe0000
1781244774,53.2,2400000,0xe0000
1781244775,54.3,2400000,0xe0000
1781244776,54.3,2400000,0xe0000
1781244777,54.3,2400000,0xe0000
1781244778,54.3,2400000,0xe0000
1781244780,53.8,2400000,0xe0000
1781244781,53.2,2400000,0xe0000
1781244782,53.2,2400000,0xe0000
1781244783,54.3,2400000,0xe0000
1781244784,54.3,2400000,0xe0000
1781244785,53.8,2400000,0xe0000
1781244786,53.8,2400000,0xe0000
1781244787,53.2,2400000,0xe0000
1781244788,54.3,2400000,0xe0000
1781244789,52.7,2400000,0xe0000
1781244790,53.2,2400000,0xe0000
1781244791,53.8,2400000,0xe0000
1781244792,53.8,2400000,0xe0000
1781244793,53.8,2400000,0xe0000
1781244794,53.8,2400000,0xe0000
1781244795,53.8,2400000,0xe0000
1781244796,53.2,2400000,0xe0000
1781244797,53.8,2400000,0xe0000
1781244798,53.2,2400000,0xe0000
1781244799,53.8,2400000,0xe0000
1781244800,53.8,2400000,0xe0000
1781244801,53.2,2400000,0xe0000
1781244802,54.3,2400000,0xe0000
1781244803,54.3,2400000,0xe0000
1781244804,53.8,2400000,0xe0000
1781244805,53.2,2400000,0xe0000
1781244806,54.9,2400000,0xe0000
1781244807,53.2,2400000,0xe0000
1781244808,54.3,2400000,0xe0000
1781244809,53.8,2400000,0xe0000
1781244810,53.8,2400000,0xe0000
1781244811,53.8,2400000,0xe0000
1781244812,52.7,2400000,0xe0000
1781244813,53.8,2400000,0xe0000
1781244814,54.3,2400000,0xe0000
1781244815,54.3,2400000,0xe0000
1781244816,53.2,2400000,0xe0000
1781244817,53.8,2400000,0xe0000
1781244818,53.2,2400000,0xe0000
1781244819,53.8,2400000,0xe0000
1781244820,53.8,2400000,0xe0000
1781244821,53.2,2400000,0xe0000
1781244822,53.8,2400000,0xe0000
1781244823,52.1,2400000,0xe0000
1781244824,53.8,2400000,0xe0000
1781244826,53.2,2400000,0xe0000
1781244827,53.8,2400000,0xe0000
1781244828,54.3,2400000,0xe0000
1781244829,53.8,2400000,0xe0000
1781244830,53.2,2400000,0xe0000
1781244831,53.8,2400000,0xe0000
1781244832,53.2,2400000,0xe0000
1781244833,53.8,2400000,0xe0000
1781244834,54.3,2400000,0xe0000
1781244835,53.8,2400000,0xe0000
1781244836,53.8,2400000,0xe0000
1781244837,53.2,2400000,0xe0000
1781244838,53.8,2400000,0xe0000
1781244839,54.9,2400000,0xe0000
1781244840,53.8,2400000,0xe0000
1781244841,53.8,2400000,0xe0000
1781244842,54.3,2400000,0xe0000
1781244843,53.2,2400000,0xe0000
1781244844,53.8,2400000,0xe0000
1781244845,53.8,2400000,0xe0000
1781244846,53.8,2400000,0xe0000
1781244847,53.8,2400000,0xe0000
1781244848,53.8,2400000,0xe0000
1781244849,53.8,2400000,0xe0000
1781244850,54.3,2400000,0xe0000
1781244851,53.8,2400000,0xe0000
1781244852,54.3,2400000,0xe0000
1781244853,54.3,2400000,0xe0000
1781244854,53.8,2400000,0xe0000
1781244855,54.3,2400000,0xe0000
1781244856,54.3,2400000,0xe0000
1781244857,54.3,2400000,0xe0000
1781244858,53.2,2400000,0xe0000
1781244859,53.8,2400000,0xe0000
1781244860,54.3,2400000,0xe0000
1781244861,54.3,2400000,0xe0000
1781244862,54.3,2400000,0xe0000
1781244863,53.2,2400000,0xe0000
1781244864,53.8,2400000,0xe0000
1781244865,53.8,2400000,0xe0000
1781244866,53.2,2400000,0xe0000
1781244867,53.8,2400000,0xe0000
1781244869,53.8,2400000,0xe0000
1781244870,53.8,2400000,0xe0000
1781244871,54.3,2400000,0xe0000
1781244872,53.8,2400000,0xe0000
1781244873,53.2,2400000,0xe0000
1781244874,54.3,2400000,0xe0000
1781244875,53.2,2400000,0xe0000
1781244876,54.3,2400000,0xe0000
1781244877,53.8,2400000,0xe0000
1781244878,54.3,2400000,0xe0000
1781244879,54.3,2400000,0xe0000
1781244880,53.8,2400000,0xe0000
1781244881,53.8,2400000,0xe0000
1781244882,54.3,2400000,0xe0000
1781244883,53.8,2400000,0xe0000
1781244884,53.8,2400000,0xe0000
1781244885,54.3,2400000,0xe0000
1781244886,53.2,2400000,0xe0000
1781244887,53.8,2400000,0xe0000
1781244888,54.3,2400000,0xe0000
1781244889,53.2,2400000,0xe0000
1781244890,53.8,2400000,0xe0000
1781244891,53.2,2400000,0xe0000
1781244892,54.3,2400000,0xe0000
1781244893,53.2,2400000,0xe0000
1781244894,52.7,2400000,0xe0000
1781244895,53.8,2400000,0xe0000
1781244896,52.7,2400000,0xe0000
1781244897,54.3,2400000,0xe0000
1781244898,54.3,2400000,0xe0000
1781244899,54.3,2400000,0xe0000
1781244900,53.8,2400000,0xe0000
1781244901,53.8,2400000,0xe0000
1781244902,54.3,2400000,0xe0000
1781244904,54.3,2400000,0xe0000
1781244905,54.3,2400000,0xe0000
1781244906,53.8,2400000,0xe0000
1781244907,53.2,2400000,0xe0000
1781244908,53.8,2400000,0xe0000
1781244909,53.8,2400000,0xe0000
1781244910,53.8,2400000,0xe0000
1781244911,54.3,2400000,0xe0000
1781244912,53.8,2400000,0xe0000
1781244913,53.8,2400000,0xe0000
1781244914,54.3,2400000,0xe0000
1781244915,53.8,2400000,0xe0000
1781244916,53.8,2400000,0xe0000
1781244917,53.2,2400000,0xe0000
1781244918,53.8,2400000,0xe0000
1781244919,53.8,2400000,0xe0000
1781244920,54.3,2400000,0xe0000
1781244921,53.8,2400000,0xe0000
1781244922,53.8,2400000,0xe0000
1781244923,53.8,2400000,0xe0000
1781244924,54.3,2400000,0xe0000
1781244925,53.8,2400000,0xe0000
1781244926,54.9,2400000,0xe0000
1781244927,54.3,2400000,0xe0000
1781244928,54.3,2400000,0xe0000
1781244929,54.3,2400000,0xe0000
1781244930,54.3,2400000,0xe0000
1781244931,53.8,2400000,0xe0000
1781244932,54.3,2400000,0xe0000
1781244933,53.8,2400000,0xe0000
1781244934,54.3,2400000,0xe0000
1781244935,53.2,2400000,0xe0000
1781244936,54.3,2400000,0xe0000
1781244937,53.2,2400000,0xe0000
1781244939,53.8,2400000,0xe0000
1781244940,53.8,2400000,0xe0000
1781244941,54.9,2400000,0xe0000
1781244942,53.8,2400000,0xe0000
1781244943,54.3,2400000,0xe0000
1781244944,52.7,2400000,0xe0000
1781244945,53.8,2400000,0xe0000
1781244946,54.3,2400000,0xe0000
1781244947,53.2,2400000,0xe0000
1781244948,52.7,2400000,0xe0000
1781244949,52.7,2400000,0xe0000
1781244950,53.8,2400000,0xe0000
1781244951,54.3,2400000,0xe0000
1781244952,54.3,2400000,0xe0000
1781244953,54.3,2400000,0xe0000
1781244954,54.3,2400000,0xe0000
1781244955,53.8,2400000,0xe0000
1781244956,53.8,2400000,0xe0000
1781244957,54.9,2400000,0xe0000
1781244958,54.3,2400000,0xe0000
1781244959,54.3,2400000,0xe0000
1781244960,54.3,2400000,0xe0000
1781244961,53.2,2400000,0xe0000
1781244962,53.8,2400000,0xe0000
1781244963,54.3,2400000,0xe0000
1781244964,54.3,2400000,0xe0000
1781244965,54.3,2400000,0xe0000
1781244966,54.3,2400000,0xe0000
1781244967,54.3,2400000,0xe0000
1781244968,54.3,2400000,0xe0000
1781244969,53.2,2400000,0xe0000
1781244970,54.3,2400000,0xe0000
1781244971,54.3,2400000,0xe0000
1781244972,54.3,2400000,0xe0000
1781244974,54.3,2400000,0xe0000
1781244975,53.8,2400000,0xe0000
1781244976,54.3,2400000,0xe0000
1781244977,54.3,2400000,0xe0000
1781244978,54.3,2400000,0xe0000
1781244979,53.8,2400000,0xe0000
1781244980,54.3,2400000,0xe0000
1781244981,54.3,2400000,0xe0000
1781244982,54.3,2400000,0xe0000
1781244983,54.3,2400000,0xe0000
1781244984,53.8,2400000,0xe0000
1781244985,53.2,2400000,0xe0000
1781244986,54.3,2400000,0xe0000
1781244987,54.3,2400000,0xe0000
1781244988,53.8,2400000,0xe0000
1781244989,53.8,2400000,0xe0000
1781244990,54.9,2400000,0xe0000
1781244991,54.3,2400000,0xe0000
1781244992,53.8,2400000,0xe0000
1781244993,54.3,2400000,0xe0000
1781244994,53.8,2400000,0xe0000
1781244995,54.9,2400000,0xe0000
1781244996,53.2,2400000,0xe0000
1781244997,54.9,2400000,0xe0000
1781244998,54.3,2400000,0xe0000
1781244999,54.3,2400000,0xe0000
1781245000,54.3,2400000,0xe0000
1781245001,54.3,2400000,0xe0000
1781245002,53.8,2400000,0xe0000
1781245003,54.3,2400000,0xe0000
1781245004,54.3,2400000,0xe0000
1781245005,54.9,2400000,0xe0000
1781245006,54.3,2400000,0xe0000
1781245007,53.2,2400000,0xe0000
1781245008,53.8,2400000,0xe0000
1781245009,53.2,2400000,0xe0000
1781245010,54.3,2400000,0xe0000
1781245011,53.8,2400000,0xe0000
1781245012,53.8,2400000,0xe0000
1781245013,54.3,2400000,0xe0000
1781245014,53.2,2400000,0xe0000
1781245015,54.3,2400000,0xe0000
1781245016,54.3,2400000,0xe0000
1781245017,53.8,2400000,0xe0000
1781245018,54.3,2400000,0xe0000
1781245019,53.8,2400000,0xe0000
1781245020,53.8,2400000,0xe0000
1781245022,54.3,2400000,0xe0000
1781245023,53.2,2400000,0xe0000
1781245024,54.3,2400000,0xe0000
1781245025,54.3,2400000,0xe0000
1781245026,54.3,2400000,0xe0000
1781245027,53.8,2400000,0xe0000
1781245028,54.3,2400000,0xe0000
1781245029,54.3,2400000,0xe0000
1781245030,53.8,2400000,0xe0000
1781245031,54.9,2400000,0xe0000
1781245032,53.8,2400000,0xe0000
1781245033,53.8,2400000,0xe0000
1781245034,53.2,2400000,0xe0000
1781245035,54.3,2400000,0xe0000
1781245036,54.3,2400000,0xe0000
1781245037,53.8,2400000,0xe0000
1781245038,53.8,2400000,0xe0000
1781245039,54.3,2400000,0xe0000
1781245040,54.3,2400000,0xe0000
1781245041,53.2,2400000,0xe0000
1781245042,53.2,2400000,0xe0000
1781245043,54.3,2400000,0xe0000
1781245044,54.3,2400000,0xe0000
1781245045,54.3,2400000,0xe0000
1781245046,54.9,2400000,0xe0000
1781245047,54.3,2400000,0xe0000
1781245048,53.8,2400000,0xe0000
1781245049,54.3,2400000,0xe0000
1781245051,54.3,2400000,0xe0000
1781245052,54.3,2400000,0xe0000
1781245053,53.8,2400000,0xe0000
1781245054,54.3,2400000,0xe0000
1781245055,54.3,2400000,0xe0000
1781245056,53.8,2400000,0xe0000
1781245057,54.3,2400000,0xe0000
1781245058,54.3,2400000,0xe0000
1781245059,54.3,2400000,0xe0000
1781245060,54.3,2400000,0xe0000
1781245061,53.8,2400000,0xe0000
1781245062,54.9,2400000,0xe0000
1781245063,54.3,2400000,0xe0000
1781245064,53.8,2400000,0xe0000
1781245065,53.8,2400000,0xe0000
1781245066,53.8,2400000,0xe0000
1781245067,54.3,2400000,0xe0000
1781245068,53.8,2400000,0xe0000
1781245069,54.3,2400000,0xe0000
1781245070,54.3,2400000,0xe0000
1781245071,54.9,2400000,0xe0000
1781245072,54.3,2400000,0xe0000
1781245073,54.9,2400000,0xe0000
1781245074,53.8,2400000,0xe0000
1781245075,54.3,2400000,0xe0000
1781245076,53.2,2400000,0xe0000
1781245077,54.3,2400000,0xe0000
1781245078,54.9,2400000,0xe0000
1781245079,53.8,2400000,0xe0000
1781245080,53.8,2400000,0xe0000
1781245081,54.3,2400000,0xe0000
1781245082,54.9,2400000,0xe0000
1781245083,54.3,2400000,0xe0000
1781245084,54.3,2400000,0xe0000
1781245085,53.8,2400000,0xe0000
1781245086,54.3,2400000,0xe0000
1781245087,53.2,2400000,0xe0000
1781245088,53.8,2400000,0xe0000
1781245089,53.8,2400000,0xe0000
1781245090,53.8,2400000,0xe0000
1781245091,54.3,2400000,0xe0000
1781245092,54.9,2400000,0xe0000
1781245093,53.8,2400000,0xe0000
1781245094,53.2,2400000,0xe0000
1781245095,54.3,2400000,0xe0000
1781245096,53.2,2400000,0xe0000
1781245097,53.8,2400000,0xe0000
1781245098,54.9,2400000,0xe0000
1781245099,53.8,2400000,0xe0000
1781245101,54.3,2400000,0xe0000
1781245102,53.2,2400000,0xe0000
1781245103,54.3,2400000,0xe0000
1781245104,54.3,2400000,0xe0000
1781245105,54.3,2400000,0xe0000
1781245106,54.3,2400000,0xe0000
1781245107,54.3,2400000,0xe0000
1781245108,54.3,2400000,0xe0000
1781245109,53.8,2400000,0xe0000
1781245110,53.8,2400000,0xe0000
1781245111,54.3,2400000,0xe0000
1781245112,53.8,2400000,0xe0000
1781245113,53.8,2400000,0xe0000
1781245114,54.3,2400000,0xe0000
1781245115,54.3,2400000,0xe0000
1781245116,53.8,2400000,0xe0000
1781245117,53.8,2400000,0xe0000
1781245118,53.2,2400000,0xe0000
1781245119,53.8,2400000,0xe0000
1781245120,53.8,2400000,0xe0000
1781245121,54.3,2400000,0xe0000
1781245122,53.8,2400000,0xe0000
1781245123,53.8,2400000,0xe0000
1781245124,53.8,2400000,0xe0000
1781245125,53.8,2400000,0xe0000
1781245126,54.3,2400000,0xe0000
1781245127,53.8,2400000,0xe0000
1781245128,53.8,2400000,0xe0000
1781245129,54.3,2400000,0xe0000
1781245130,53.2,2400000,0xe0000
1781245131,53.8,2400000,0xe0000
1781245132,53.8,2400000,0xe0000
1781245133,54.3,2400000,0xe0000
1781245134,53.2,2400000,0xe0000
1781245135,53.8,2400000,0xe0000
1781245136,53.8,2400000,0xe0000
1781245137,53.8,2400000,0xe0000
1781245138,54.3,2400000,0xe0000
1781245139,53.8,2400000,0xe0000
1781245140,54.3,2400000,0xe0000
1781245141,53.8,2400000,0xe0000
1781245142,54.3,2400000,0xe0000
1781245143,54.9,2400000,0xe0000
1781245145,53.2,2400000,0xe0000
1781245146,54.3,2400000,0xe0000
1781245147,53.2,2400000,0xe0000
1781245148,53.2,2400000,0xe0000
1781245149,53.2,2400000,0xe0000
1781245150,54.9,2400000,0xe0000
1781245151,54.3,2400000,0xe0000
1781245152,54.9,2400000,0xe0000
1781245153,54.3,2400000,0xe0000
1781245154,54.3,2400000,0xe0000
1781245155,53.8,2400000,0xe0000
1781245156,53.8,2400000,0xe0000
1781245157,54.3,2400000,0xe0000
1781245158,54.3,2400000,0xe0000
1781245159,53.8,2400000,0xe0000
1781245160,54.3,2400000,0xe0000
1781245161,53.8,2400000,0xe0000
1781245162,54.3,2400000,0xe0000
1781245163,54.3,2400000,0xe0000
1781245164,54.3,2400000,0xe0000
1781245165,53.8,2400000,0xe0000
1781245166,54.3,2400000,0xe0000
1781245167,54.3,2400000,0xe0000
1781245168,54.3,2400000,0xe0000
1781245169,53.2,2400000,0xe0000
1781245170,54.3,2400000,0xe0000
1781245172,53.8,2400000,0xe0000
1781245173,54.3,2400000,0xe0000
1781245174,54.3,2400000,0xe0000
1781245175,54.3,2400000,0xe0000
1781245176,53.8,2400000,0xe0000
1781245177,53.8,2400000,0xe0000
1781245178,54.3,2400000,0xe0000
1781245179,54.3,2400000,0xe0000
1781245180,54.3,2400000,0xe0000
1781245181,53.8,2400000,0xe0000
1781245182,54.3,2400000,0xe0000
1781245183,53.2,2400000,0xe0000
1781245184,53.8,2400000,0xe0000
1781245185,54.3,2400000,0xe0000
1781245186,53.8,2400000,0xe0000
1781245187,53.8,2400000,0xe0000
1781245188,54.3,2400000,0xe0000
1781245189,54.9,2400000,0xe0000
1781245190,53.8,2400000,0xe0000
1781245191,53.8,2400000,0xe0000
1781245192,54.3,2400000,0xe0000
1781245193,54.3,2400000,0xe0000
1781245194,53.2,2400000,0xe0000
1781245195,53.8,2400000,0xe0000
1781245196,53.2,2400000,0xe0000
1781245197,53.8,2400000,0xe0000
1781245198,53.8,2400000,0xe0000
1781245199,53.8,2400000,0xe0000
1781245200,54.3,2400000,0xe0000
1781245201,54.3,2400000,0xe0000
1781245202,54.3,2400000,0xe0000
1781245203,54.3,2400000,0xe0000
1781245204,53.8,2400000,0xe0000
1781245205,54.3,2400000,0xe0000
1781245206,53.8,2400000,0xe0000
1781245207,53.8,2400000,0xe0000
1781245208,54.3,2400000,0xe0000
1781245209,54.3,2400000,0xe0000
1781245210,53.8,2400000,0xe0000
1781245211,54.3,2400000,0xe0000
1781245212,54.3,2400000,0xe0000
1781245213,54.3,2400000,0xe0000
1781245214,53.8,2400000,0xe0000
1781245215,54.3,2400000,0xe0000
1781245216,53.8,2400000,0xe0000
1781245217,54.9,2400000,0xe0000
1781245218,53.8,2400000,0xe0000
1781245219,53.2,2400000,0xe0000
1781245220,54.9,2400000,0xe0000
1781245221,54.3,2400000,0xe0000
1781245222,54.3,2400000,0xe0000
1781245223,54.3,2400000,0xe0000
1781245224,54.9,2400000,0xe0000
1781245225,54.3,2400000,0xe0000
1781245227,53.8,2400000,0xe0000
1781245228,54.3,2400000,0xe0000
1781245229,54.3,2400000,0xe0000
1781245230,54.3,2400000,0xe0000
1781245231,54.3,2400000,0xe0000
1781245232,54.3,2400000,0xe0000
1781245233,54.3,2400000,0xe0000
1781245234,53.8,2400000,0xe0000
1781245235,54.9,2400000,0xe0000
1781245236,54.9,2400000,0xe0000
1781245237,54.3,2400000,0xe0000
1781245238,53.8,2400000,0xe0000
1781245239,53.8,2400000,0xe0000
1781245240,53.8,2400000,0xe0000
1781245241,54.3,2400000,0xe0000
1781245242,54.9,2400000,0xe0000
1781245243,54.9,2400000,0xe0000
1781245244,53.2,2400000,0xe0000
1781245245,53.2,2400000,0xe0000
1781245246,52.7,2400000,0xe0000
1781245247,53.8,2400000,0xe0000
1781245248,54.3,2400000,0xe0000
1781245249,54.3,2400000,0xe0000
1781245250,53.8,2400000,0xe0000
1781245251,53.8,2400000,0xe0000
1781245252,53.8,2400000,0xe0000
1781245253,53.8,2400000,0xe0000
1781245254,53.8,2400000,0xe0000
1781245255,54.3,2400000,0xe0000
1781245256,54.3,2400000,0xe0000
1781245257,53.8,2400000,0xe0000
1781245258,54.3,2400000,0xe0000
1781245259,54.3,2400000,0xe0000
1781245260,53.8,2400000,0xe0000
1781245261,54.3,2400000,0xe0000
1781245263,53.8,2400000,0xe0000
1781245264,54.3,2400000,0xe0000
1781245265,54.3,2400000,0xe0000
1781245266,54.3,2400000,0xe0000
1781245267,54.3,2400000,0xe0000
1781245268,54.3,2400000,0xe0000
1781245269,54.9,2400000,0xe0000
1781245270,54.9,2400000,0xe0000
1781245271,53.8,2400000,0xe0000
1781245272,52.7,2400000,0xe0000
1781245273,53.8,2400000,0xe0000
1781245274,54.3,2400000,0xe0000
1781245275,53.8,2400000,0xe0000
1781245276,54.3,2400000,0xe0000
1781245277,54.3,2400000,0xe0000
1781245278,54.3,2400000,0xe0000
1781245279,54.3,2400000,0xe0000
1781245280,54.9,2400000,0xe0000
1781245281,53.8,2400000,0xe0000
1781245282,54.3,2400000,0xe0000
1781245283,54.9,2400000,0xe0000
1781245284,54.9,2400000,0xe0000
1781245285,53.8,2400000,0xe0000
1781245286,54.3,2400000,0xe0000
1781245287,53.8,2400000,0xe0000
1781245288,53.8,2400000,0xe0000
1781245289,54.3,2400000,0xe0000
1781245290,53.8,2400000,0xe0000
1781245291,54.3,2400000,0xe0000
1781245292,54.3,2400000,0xe0000
1781245293,54.9,2400000,0xe0000
1781245294,54.3,2400000,0xe0000
1781245295,53.8,2400000,0xe0000
1781245296,54.3,2400000,0xe0000
1781245297,54.3,2400000,0xe0000
1781245298,54.9,2400000,0xe0000
1781245299,53.2,2400000,0xe0000
1781245300,53.8,2400000,0xe0000
1781245301,53.8,2400000,0xe0000
1781245302,53.8,2400000,0xe0000
1781245303,53.8,2400000,0xe0000
1781245304,53.8,2400000,0xe0000
1781245305,54.3,2400000,0xe0000
1781245307,54.3,2400000,0xe0000
1781245308,53.8,2400000,0xe0000
1781245309,53.8,2400000,0xe0000
1781245310,54.3,2400000,0xe0000
1781245311,54.3,2400000,0xe0000
1781245312,54.9,2400000,0xe0000
1781245313,54.3,2400000,0xe0000
1781245314,54.3,2400000,0xe0000
1781245315,54.3,2400000,0xe0000
1781245316,54.3,2400000,0xe0000
1781245317,53.2,2400000,0xe0000
1781245318,54.3,2400000,0xe0000
1781245319,53.8,2400000,0xe0000
1781245320,54.3,2400000,0xe0000
1781245321,54.9,2400000,0xe0000
1781245322,53.8,2400000,0xe0000
1781245323,54.3,2400000,0xe0000
1781245324,52.1,2400000,0xe0000
1781245325,54.9,2400000,0xe0000
1781245326,54.3,2400000,0xe0000
1781245327,54.3,2400000,0xe0000
1781245328,54.3,2400000,0xe0000
1781245329,54.3,2400000,0xe0000
1781245330,54.3,2400000,0xe0000
1781245331,53.8,2400000,0xe0000
1781245332,54.3,2400000,0xe0000
1781245333,54.3,2400000,0xe0000
1781245334,54.3,2400000,0xe0000
1781245335,54.3,2400000,0xe0000
1781245336,54.3,2400000,0xe0000
1781245337,54.3,2400000,0xe0000
1781245338,54.3,2400000,0xe0000
1781245339,53.8,2400000,0xe0000
1781245340,54.3,2400000,0xe0000
1781245341,53.2,2400000,0xe0000
1781245342,54.3,2400000,0xe0000
1781245343,53.8,2400000,0xe0000
1781245344,54.3,2400000,0xe0000
1781245345,54.3,2400000,0xe0000
1781245346,53.8,2400000,0xe0000
1781245347,54.3,2400000,0xe0000
1781245348,54.3,2400000,0xe0000
1781245349,54.3,2400000,0xe0000
1781245350,53.8,2400000,0xe0000
1781245351,53.8,2400000,0xe0000
1781245352,54.3,2400000,0xe0000
1781245353,54.3,2400000,0xe0000
1781245354,54.9,2400000,0xe0000
1781245355,54.3,2400000,0xe0000
1781245357,54.3,2400000,0xe0000
1781245358,54.3,2400000,0xe0000
1781245359,54.3,2400000,0xe0000
1781245360,54.3,2400000,0xe0000
1781245361,54.9,2400000,0xe0000
1781245362,54.3,2400000,0xe0000
1781245363,54.9,2400000,0xe0000
1781245364,54.3,2400000,0xe0000
1781245365,54.3,2400000,0xe0000
1781245366,53.8,2400000,0xe0000
1781245367,54.3,2400000,0xe0000
1781245368,54.3,2400000,0xe0000
1781245369,54.3,2400000,0xe0000
1781245370,54.3,2400000,0xe0000
1781245371,54.3,2400000,0xe0000
1781245372,54.9,2400000,0xe0000
1781245373,53.8,2400000,0xe0000
1781245374,54.3,2400000,0xe0000
1781245375,53.8,2400000,0xe0000
1781245376,54.3,2400000,0xe0000
1781245377,54.9,2400000,0xe0000
1781245378,53.8,2400000,0xe0000
1781245379,53.2,2400000,0xe0000
1781245380,53.2,2400000,0xe0000
1781245381,53.8,2400000,0xe0000
1781245382,54.9,2400000,0xe0000
1781245383,54.9,2400000,0xe0000
1781245384,54.3,2400000,0xe0000
1781245386,54.9,2400000,0xe0000
1781245387,53.8,2400000,0xe0000
1781245388,54.3,2400000,0xe0000
1781245389,54.3,2400000,0xe0000
1781245390,54.3,2400000,0xe0000
1781245391,54.3,2400000,0xe0000
1781245392,53.2,2400000,0xe0000
1781245393,54.3,2400000,0xe0000
1781245394,54.3,2400000,0xe0000
1781245395,54.9,2400000,0xe0000
1781245396,54.9,2400000,0xe0000
1781245397,54.3,2400000,0xe0000
1781245398,53.8,2400000,0xe0000
1781245399,54.3,2400000,0xe0000
1781245400,53.8,2400000,0xe0000
1781245401,53.8,2400000,0xe0000
1781245402,54.3,2400000,0xe0000
1781245403,54.3,2400000,0xe0000
1781245404,54.3,2400000,0xe0000
1781245405,54.9,2400000,0xe0000
1781245406,54.9,2400000,0xe0000
1781245407,54.3,2400000,0xe0000
1781245408,53.8,2400000,0xe0000
1781245409,54.3,2400000,0xe0000
1781245410,53.8,2400000,0xe0000
1781245411,53.8,2400000,0xe0000
1781245412,54.9,2400000,0xe0000
1781245413,54.3,2400000,0xe0000
1781245414,54.3,2400000,0xe0000
1781245415,53.8,2400000,0xe0000
1781245416,54.3,2400000,0xe0000
1781245417,53.8,2400000,0xe0000
1781245418,54.9,2400000,0xe0000
1781245419,54.3,2400000,0xe0000
1781245420,54.3,2400000,0xe0000
1781245422,54.3,2400000,0xe0000
1781245423,54.3,2400000,0xe0000
1781245424,54.9,2400000,0xe0000
1781245425,54.9,2400000,0xe0000
1781245426,54.3,2400000,0xe0000
1781245427,54.3,2400000,0xe0000
1781245428,54.3,2400000,0xe0000
1781245429,54.3,2400000,0xe0000
1781245430,54.3,2400000,0xe0000
1781245431,53.8,2400000,0xe0000
1781245432,54.9,2400000,0xe0000
1781245433,54.9,2400000,0xe0000
1781245434,54.3,2400000,0xe0000
1781245435,53.8,2400000,0xe0000
1781245436,53.2,2400000,0xe0000
1781245437,54.3,2400000,0xe0000
1781245438,53.8,2400000,0xe0000
1781245439,54.3,2400000,0xe0000
1781245440,54.3,2400000,0xe0000
1781245441,54.9,2400000,0xe0000
1781245442,54.3,2400000,0xe0000
1781245443,54.3,2400000,0xe0000
1781245444,53.8,2400000,0xe0000
1781245445,53.2,2400000,0xe0000
1781245446,54.3,2400000,0xe0000
1781245447,54.3,2400000,0xe0000
1781245448,54.3,2400000,0xe0000
1781245449,54.9,2400000,0xe0000
1781245450,53.8,2400000,0xe0000
1781245451,53.8,2400000,0xe0000
1781245452,53.8,2400000,0xe0000
1781245453,54.3,2400000,0xe0000
1781245454,54.3,2400000,0xe0000
1781245456,53.8,2400000,0xe0000
1781245457,54.3,2400000,0xe0000
1781245458,54.3,2400000,0xe0000
1781245459,54.3,2400000,0xe0000
1781245460,54.3,2400000,0xe0000
1781245461,53.8,2400000,0xe0000
1781245462,54.3,2400000,0xe0000
1781245463,53.8,2400000,0xe0000
1781245464,54.3,2400000,0xe0000
1781245465,54.9,2400000,0xe0000
1781245466,54.3,2400000,0xe0000
1781245467,54.3,2400000,0xe0000
1781245468,54.3,2400000,0xe0000
1781245469,54.3,2400000,0xe0000
1781245470,54.3,2400000,0xe0000
1781245471,53.8,2400000,0xe0000
1781245472,53.8,2400000,0xe0000
1781245473,54.3,2400000,0xe0000
1781245474,54.3,2400000,0xe0000
1781245475,54.9,2400000,0xe0000
1781245476,54.3,2400000,0xe0000
1781245477,53.8,2400000,0xe0000
1781245478,53.8,2400000,0xe0000
1781245479,54.9,2400000,0xe0000
1781245480,54.3,2400000,0xe0000
1781245481,54.3,2400000,0xe0000
1781245482,53.8,2400000,0xe0000
1781245483,54.3,2400000,0xe0000
1781245484,54.3,2400000,0xe0000
1781245485,54.3,2400000,0xe0000
1781245486,54.9,2400000,0xe0000
1781245487,54.3,2400000,0xe0000
1781245488,54.3,2400000,0xe0000
1781245489,54.3,2400000,0xe0000
1781245491,54.3,2400000,0xe0000
1781245492,54.9,2400000,0xe0000
1781245493,53.8,2400000,0xe0000
1781245494,54.3,2400000,0xe0000
1781245495,52.7,2400000,0xe0000
1781245496,53.8,2400000,0xe0000
1781245497,54.9,2400000,0xe0000
1781245498,54.3,2400000,0xe0000
1781245499,53.2,2400000,0xe0000
1781245500,54.9,2400000,0xe0000
1781245501,53.8,2400000,0xe0000
1781245502,54.3,2400000,0xe0000
1781245503,54.3,2400000,0xe0000
1781245504,54.3,2400000,0xe0000
1781245505,54.3,2400000,0xe0000
1781245506,54.3,2400000,0xe0000
1781245507,54.9,2400000,0xe0000
1781245508,54.3,2400000,0xe0000
1781245509,54.9,2400000,0xe0000
1781245510,53.8,2400000,0xe0000
1781245511,54.3,2400000,0xe0000
1781245512,54.3,2400000,0xe0000
1781245513,54.3,2400000,0xe0000
1781245514,53.8,2400000,0xe0000
1781245515,54.3,2400000,0xe0000
1781245516,54.3,2400000,0xe0000
1781245517,54.3,2400000,0xe0000
1781245518,54.3,2400000,0xe0000
1781245519,54.9,2400000,0xe0000
1781245520,54.3,2400000,0xe0000
1781245521,54.3,2400000,0xe0000
1781245522,54.9,2400000,0xe0000
1781245523,54.3,2400000,0xe0000
1781245524,54.3,2400000,0xe0000
1781245525,54.9,2400000,0xe0000
1781245526,53.8,2400000,0xe0000
1781245527,54.3,2400000,0xe0000
1781245528,53.8,2400000,0xe0000
1781245529,54.3,2400000,0xe0000
1781245531,54.9,2400000,0xe0000
1781245532,54.3,2400000,0xe0000
1781245533,54.3,2400000,0xe0000
1781245534,54.3,2400000,0xe0000
1781245535,54.9,2400000,0xe0000
1781245536,54.3,2400000,0xe0000
1781245537,54.3,2400000,0xe0000
1781245538,53.8,2400000,0xe0000
1781245539,54.9,2400000,0xe0000
1781245540,53.8,2400000,0xe0000
1781245541,54.9,2400000,0xe0000
1781245542,54.3,2400000,0xe0000
1781245543,54.9,2400000,0xe0000
1781245544,54.3,2400000,0xe0000
1781245545,53.8,2400000,0xe0000
1781245546,54.3,2400000,0xe0000
1781245547,54.3,2400000,0xe0000
1781245548,54.9,2400000,0xe0000
1781245549,54.3,2400000,0xe0000
1781245550,54.3,2400000,0xe0000
1781245551,53.8,2400000,0xe0000
1781245552,54.3,2400000,0xe0000
1781245553,53.8,2400000,0xe0000
1781245554,54.3,2400000,0xe0000
1781245555,54.9,2400000,0xe0000
1781245556,54.3,2400000,0xe0000
1781245557,54.3,2400000,0xe0000
1781245558,54.3,2400000,0xe0000
1781245559,54.3,2400000,0xe0000
1781245560,53.8,2400000,0xe0000
1781245561,54.3,2400000,0xe0000
1781245563,53.8,2400000,0xe0000
1781245564,54.3,2400000,0xe0000
1781245565,53.8,2400000,0xe0000
1781245566,54.3,2400000,0xe0000
1781245567,54.9,2400000,0xe0000
1781245568,54.9,2400000,0xe0000
1781245569,54.3,2400000,0xe0000
1781245570,53.8,2400000,0xe0000
1781245571,53.8,2400000,0xe0000
1781245572,54.3,2400000,0xe0000
1781245573,54.3,2400000,0xe0000
1781245574,53.2,2400000,0xe0000
1781245575,54.3,2400000,0xe0000
1781245576,54.3,2400000,0xe0000
1781245577,54.9,2400000,0xe0000
1781245578,54.3,2400000,0xe0000
1781245579,54.9,2400000,0xe0000
1781245580,54.3,2400000,0xe0000
1781245581,54.9,2400000,0xe0000
1781245582,54.9,2400000,0xe0000
1781245583,54.9,2400000,0xe0000
1781245584,54.3,2400000,0xe0000
1781245585,53.2,2400000,0xe0000
1781245586,54.3,2400000,0xe0000
1781245587,54.9,2400000,0xe0000
1781245588,54.3,2400000,0xe0000
1781245589,54.9,2400000,0xe0000
1781245590,54.3,2400000,0xe0000
1781245591,53.2,2400000,0xe0000
1781245592,54.3,2400000,0xe0000
1781245593,54.3,2400000,0xe0000
1781245594,54.3,2400000,0xe0000
1781245596,54.3,2400000,0xe0000
1781245597,54.3,2400000,0xe0000
1781245598,54.9,2400000,0xe0000
1781245599,54.3,2400000,0xe0000
1781245600,54.3,2400000,0xe0000
1781245601,54.9,2400000,0xe0000
1781245602,54.3,2400000,0xe0000
1781245603,54.3,2400000,0xe0000
1781245604,53.2,2400000,0xe0000
1781245605,54.9,2400000,0xe0000
1781245606,53.8,2400000,0xe0000
1781245607,54.3,2400000,0xe0000
1781245608,54.3,2400000,0xe0000
1781245609,52.7,2400000,0xe0000
1781245610,54.9,2400000,0xe0000
1781245611,54.3,2400000,0xe0000
1781245612,54.3,2400000,0xe0000
1781245613,54.9,2400000,0xe0000
1781245614,54.3,2400000,0xe0000
1781245615,54.3,2400000,0xe0000
1781245616,54.3,2400000,0xe0000
1781245617,54.3,2400000,0xe0000
1781245618,54.9,2400000,0xe0000
1781245619,54.9,2400000,0xe0000
1781245620,54.3,2400000,0xe0000
1781245621,54.3,2400000,0xe0000
1781245622,54.3,2400000,0xe0000
1781245623,54.3,2400000,0xe0000
1781245624,54.3,2400000,0xe0000
1781245625,54.9,2400000,0xe0000
1781245626,54.3,2400000,0xe0000
1781245627,54.9,2400000,0xe0000
1781245628,54.3,2400000,0xe0000
1781245629,54.3,2400000,0xe0000
1781245630,54.3,2400000,0xe0000
1781245631,53.8,2400000,0xe0000
1781245632,54.3,2400000,0xe0000
1781245634,53.8,2400000,0xe0000
1781245635,54.3,2400000,0xe0000
1781245636,53.8,2400000,0xe0000
1781245637,54.3,2400000,0xe0000
1781245638,54.3,2400000,0xe0000
1781245639,54.9,2400000,0xe0000
1781245640,53.8,2400000,0xe0000
1781245641,54.9,2400000,0xe0000
1781245642,54.9,2400000,0xe0000
1781245643,54.3,2400000,0xe0000
1781245644,54.3,2400000,0xe0000
1781245645,54.3,2400000,0xe0000
1781245646,54.9,2400000,0xe0000
1781245647,54.3,2400000,0xe0000
1781245648,54.3,2400000,0xe0000
1781245649,53.8,2400000,0xe0000
1781245650,54.3,2400000,0xe0000
1781245651,54.3,2400000,0xe0000
1781245652,54.3,2400000,0xe0000
1781245653,54.3,2400000,0xe0000
1781245654,54.3,2400000,0xe0000
1781245655,54.3,2400000,0xe0000
1781245656,54.9,2400000,0xe0000
1781245657,54.9,2400000,0xe0000
1781245658,54.3,2400000,0xe0000
1781245659,53.8,2400000,0xe0000
1781245660,54.3,2400000,0xe0000
1781245661,54.3,2400000,0xe0000
1781245662,54.3,2400000,0xe0000
1781245663,54.3,2400000,0xe0000
1781245664,53.8,2400000,0xe0000
1781245665,54.3,2400000,0xe0000
1781245666,54.3,2400000,0xe0000
1781245667,54.3,2400000,0xe0000
1781245668,54.9,2400000,0xe0000
1781245669,54.3,2400000,0xe0000
1781245671,54.3,2400000,0xe0000
1781245672,54.3,2400000,0xe0000
1781245673,54.9,2400000,0xe0000
1781245674,54.3,2400000,0xe0000
1781245675,54.3,2400000,0xe0000
1781245676,54.3,2400000,0xe0000
1781245677,54.9,2400000,0xe0000
1781245678,53.2,2400000,0xe0000
1781245679,54.9,2400000,0xe0000
1781245680,54.3,2400000,0xe0000
1781245681,54.3,2400000,0xe0000
1781245682,54.9,2400000,0xe0000
1781245683,54.3,2400000,0xe0000
1781245684,53.2,2400000,0xe0000
1781245685,54.3,2400000,0xe0000
1781245686,53.2,2400000,0xe0000
1781245687,54.3,2400000,0xe0000
1781245688,54.3,2400000,0xe0000
1781245689,54.3,2400000,0xe0000
1781245690,54.3,2400000,0xe0000
1781245691,54.3,2400000,0xe0000
1781245692,53.8,2400000,0xe0000
1781245693,54.3,2400000,0xe0000
1781245694,53.8,2400000,0xe0000
1781245695,54.9,2400000,0xe0000
1781245696,54.3,2400000,0xe0000
1781245697,53.8,2400000,0xe0000
1781245698,54.3,2400000,0xe0000
1781245699,53.8,2400000,0xe0000
1781245700,54.3,2400000,0xe0000
1781245701,54.3,2400000,0xe0000
1781245703,54.3,2400000,0xe0000
1781245704,53.8,2400000,0xe0000
1781245705,54.3,2400000,0xe0000
1781245706,54.9,2400000,0xe0000
1781245707,54.3,2400000,0xe0000
1781245708,54.3,2400000,0xe0000
1781245709,54.3,2400000,0xe0000
1781245710,53.8,2400000,0xe0000
1781245711,54.9,2400000,0xe0000
1781245712,54.3,2400000,0xe0000
1781245713,53.8,2400000,0xe0000
1781245714,54.9,2400000,0xe0000
1781245715,54.3,2400000,0xe0000
1781245716,54.3,2400000,0xe0000
1781245717,54.3,2400000,0xe0000
1781245718,54.3,2400000,0xe0000
1781245719,53.8,2400000,0xe0000
1781245720,54.9,2400000,0xe0000
1781245721,54.3,2400000,0xe0000
1781245722,54.3,2400000,0xe0000
1781245723,54.9,2400000,0xe0000
1781245724,54.3,2400000,0xe0000
1781245725,54.3,2400000,0xe0000
1781245726,54.3,2400000,0xe0000
1781245727,54.9,2400000,0xe0000
1781245728,54.9,2400000,0xe0000
1781245729,53.8,2400000,0xe0000
1781245730,53.8,2400000,0xe0000
1781245731,54.3,2400000,0xe0000
1781245732,54.3,2400000,0xe0000
1781245733,53.8,2400000,0xe0000
1781245734,54.3,2400000,0xe0000
1781245735,54.3,2400000,0xe0000
1781245736,55.4,2400000,0xe0000
1781245737,54.9,2400000,0xe0000
1781245738,54.3,2400000,0xe0000
1781245739,54.3,2400000,0xe0000
1781245741,54.9,2400000,0xe0000
1781245742,54.3,2400000,0xe0000
1781245743,53.8,2400000,0xe0000
1781245744,54.3,2400000,0xe0000
1781245745,54.3,2400000,0xe0000
1781245746,54.9,2400000,0xe0000
1781245747,54.9,2400000,0xe0000
1781245748,54.9,2400000,0xe0000
1781245749,54.3,2400000,0xe0000
1781245750,54.3,2400000,0xe0000
1781245751,54.3,2400000,0xe0000
1781245752,53.8,2400000,0xe0000
1781245753,54.3,2400000,0xe0000
1781245754,54.3,2400000,0xe0000
1781245755,54.3,2400000,0xe0000
1781245756,53.8,2400000,0xe0000
1781245757,54.3,2400000,0xe0000
1781245758,53.8,2400000,0xe0000
1781245759,53.8,2400000,0xe0000
1781245760,54.3,2400000,0xe0000
1781245761,54.3,2400000,0xe0000
1781245762,54.9,2400000,0xe0000
1781245763,54.3,2400000,0xe0000
1781245764,53.8,2400000,0xe0000
1781245765,54.3,2400000,0xe0000
1781245766,54.9,2400000,0xe0000
1781245767,54.3,2400000,0xe0000
1781245768,54.3,2400000,0xe0000
1781245769,54.9,2400000,0xe0000
1781245770,54.3,2400000,0xe0000
1781245771,53.8,2400000,0xe0000
1781245772,53.8,2400000,0xe0000
1781245773,54.3,2400000,0xe0000
1781245774,52.7,2400000,0xe0000
1781245775,54.3,2400000,0xe0000
1781245776,54.9,2400000,0xe0000
1781245777,54.9,2400000,0xe0000
1781245779,55.4,2400000,0xe0000
1781245780,54.9,2400000,0xe0000
1781245781,54.3,2400000,0xe0000
1781245782,54.3,2400000,0xe0000
1781245783,54.3,2400000,0xe0000
1781245784,54.3,2400000,0xe0000
1781245785,54.3,2400000,0xe0000
1781245786,53.8,2400000,0xe0000
1781245787,53.8,2400000,0xe0000
1781245788,54.9,2400000,0xe0000
1781245789,54.3,2400000,0xe0000
1781245790,53.8,2400000,0xe0000
1781245791,53.8,2400000,0xe0000
1781245792,54.9,2400000,0xe0000
1781245793,54.3,2400000,0xe0000
1781245794,54.9,2400000,0xe0000
1781245795,53.8,2400000,0xe0000
1781245796,53.2,2400000,0xe0000
1781245797,54.3,2400000,0xe0000
1781245798,54.9,2400000,0xe0000
1781245799,54.9,2400000,0xe0000
1781245800,53.8,2400000,0xe0000
1781245802,53.2,2400000,0xe0000
1781245803,54.3,2400000,0xe0000
1781245804,54.9,2400000,0xe0000
1781245805,54.9,2400000,0xe0000
1781245806,54.3,2400000,0xe0000
1781245807,54.3,2400000,0xe0000
1781245808,54.9,2400000,0xe0000
1781245809,54.3,2400000,0xe0000
1781245810,54.3,2400000,0xe0000
1781245811,54.3,2400000,0xe0000
1781245812,54.9,2400000,0xe0000
1781245813,54.3,2400000,0xe0000
1781245814,54.3,2400000,0xe0000
1781245815,54.3,2400000,0xe0000
1781245816,54.3,2400000,0xe0000
1781245817,54.3,2400000,0xe0000
1781245818,54.9,2400000,0xe0000
1781245819,54.9,2400000,0xe0000
1781245820,54.9,2400000,0xe0000
1781245821,53.2,2400000,0xe0000
1781245822,54.9,2400000,0xe0000
1781245823,54.9,2400000,0xe0000
1781245824,54.3,2400000,0xe0000
1781245825,53.8,2400000,0xe0000
1781245826,53.8,2400000,0xe0000
1781245827,54.3,2400000,0xe0000
1781245828,54.9,2400000,0xe0000
1781245829,54.3,2400000,0xe0000
1781245830,53.8,2400000,0xe0000
1781245831,54.9,2400000,0xe0000
1781245832,53.8,2400000,0xe0000
1781245833,54.3,2400000,0xe0000
1781245834,54.3,2400000,0xe0000
1781245835,54.9,2400000,0xe0000
1781245836,53.8,2400000,0xe0000
1781245837,54.3,2400000,0xe0000
1781245838,54.3,2400000,0xe0000
1781245839,54.3,2400000,0xe0000
1781245840,54.3,2400000,0xe0000
1781245841,54.9,2400000,0xe0000
1781245842,53.8,2400000,0xe0000
1781245843,54.9,2400000,0xe0000
1781245844,54.3,2400000,0xe0000
1781245845,54.3,2400000,0xe0000
1781245846,54.3,2400000,0xe0000
1781245847,54.9,2400000,0xe0000
1781245848,54.3,2400000,0xe0000
1781245849,53.2,2400000,0xe0000
1781245850,54.9,2400000,0xe0000
1781245851,54.9,2400000,0xe0000
1781245852,54.3,2400000,0xe0000
1781245853,53.8,2400000,0xe0000
1781245854,54.3,2400000,0xe0000
1781245855,54.3,2400000,0xe0000
1781245856,54.3,2400000,0xe0000
1781245857,54.3,2400000,0xe0000
1781245858,54.9,2400000,0xe0000
1781245859,53.8,2400000,0xe0000
1781245860,54.9,2400000,0xe0000
1781245861,54.9,2400000,0xe0000
1781245862,54.3,2400000,0xe0000
1781245863,54.9,2400000,0xe0000
1781245864,54.3,2400000,0xe0000
1781245865,54.3,2400000,0xe0000
1781245866,54.3,2400000,0xe0000
1781245867,54.3,2400000,0xe0000
1781245868,54.9,2400000,0xe0000
1781245869,54.3,2400000,0xe0000
1781245870,54.3,2400000,0xe0000
1781245871,54.3,2400000,0xe0000
1781245873,54.9,2400000,0xe0000
1781245874,54.3,2400000,0xe0000
1781245875,54.3,2400000,0xe0000
1781245876,54.9,2400000,0xe0000
1781245877,54.3,2400000,0xe0000
1781245878,54.9,2400000,0xe0000
1781245879,54.9,2400000,0xe0000
1781245880,54.3,2400000,0xe0000
1781245881,54.3,2400000,0xe0000
1781245882,54.9,2400000,0xe0000
1781245883,54.9,2400000,0xe0000
1781245884,54.9,2400000,0xe0000
1781245885,54.3,2400000,0xe0000
1781245886,54.9,2400000,0xe0000
1781245887,53.8,2400000,0xe0000
1781245888,54.3,2400000,0xe0000
1781245889,54.9,2400000,0xe0000
1781245890,53.2,2400000,0xe0000
1781245891,54.3,2400000,0xe0000
1781245892,54.3,2400000,0xe0000
1781245893,54.3,2400000,0xe0000
1781245894,54.3,2400000,0xe0000
1781245895,54.3,2400000,0xe0000
1781245896,54.3,2400000,0xe0000
1781245897,54.9,2400000,0xe0000
1781245898,54.3,2400000,0xe0000
1781245899,54.9,2400000,0xe0000
1781245901,54.9,2400000,0xe0000
1781245902,54.3,2400000,0xe0000
1781245903,53.8,2400000,0xe0000
1781245904,54.9,2400000,0xe0000
1781245905,54.9,2400000,0xe0000
1781245906,53.8,2400000,0xe0000
1781245907,54.3,2400000,0xe0000
1781245908,54.3,2400000,0xe0000
1781245909,54.3,2400000,0xe0000
1781245910,54.9,2400000,0xe0000
1781245911,54.9,2400000,0xe0000
1781245912,54.3,2400000,0xe0000
1781245913,54.9,2400000,0xe0000
1781245914,54.3,2400000,0xe0000
1781245915,54.9,2400000,0xe0000
1781245916,54.3,2400000,0xe0000
1781245917,54.9,2400000,0xe0000
1781245918,54.9,2400000,0xe0000
1781245919,54.3,2400000,0xe0000
1781245920,54.3,2400000,0xe0000
1781245921,54.9,2400000,0xe0000
1781245922,53.8,2400000,0xe0000
1781245923,54.9,2400000,0xe0000
1781245924,54.3,2400000,0xe0000
1781245925,54.9,2400000,0xe0000
1781245926,54.3,2400000,0xe0000
1781245927,54.3,2400000,0xe0000
1781245928,54.3,2400000,0xe0000
1781245929,54.9,2400000,0xe0000
1781245930,54.9,2400000,0xe0000
1781245931,54.3,2400000,0xe0000
1781245932,54.9,2400000,0xe0000
1781245933,54.3,2400000,0xe0000
1781245934,54.3,2400000,0xe0000
1781245935,54.3,2400000,0xe0000
1781245936,54.3,2400000,0xe0000
1781245937,54.3,2400000,0xe0000
1781245938,54.3,2400000,0xe0000
1781245939,54.3,2400000,0xe0000
1781245940,54.3,2400000,0xe0000
1781245941,54.9,2400000,0xe0000
1781245942,54.9,2400000,0xe0000
1781245943,54.3,2400000,0xe0000
1781245944,54.9,2400000,0xe0000
1781245945,54.3,2400000,0xe0000
1781245946,54.3,2400000,0xe0000
1781245947,54.9,2400000,0xe0000
1781245948,54.3,2400000,0xe0000
1781245949,54.3,2400000,0xe0000
1781245951,53.8,2400000,0xe0000
1781245952,53.8,2400000,0xe0000
1781245953,54.3,2400000,0xe0000
1781245954,54.3,2400000,0xe0000
1781245955,56.0,2400000,0xe0000
1781245956,54.3,2400000,0xe0000
1781245957,54.3,2400000,0xe0000
1781245958,54.9,2400000,0xe0000
1781245959,54.3,2400000,0xe0000
1781245960,54.3,2400000,0xe0000
1781245961,53.8,2400000,0xe0000
1781245962,54.9,2400000,0xe0000
1781245963,54.9,2400000,0xe0000
1781245964,54.9,2400000,0xe0000
1781245965,54.3,2400000,0xe0000
1781245966,54.3,2400000,0xe0000
1781245967,54.3,2400000,0xe0000
1781245968,54.9,2400000,0xe0000
1781245969,54.3,2400000,0xe0000
1781245970,54.3,2400000,0xe0000
1781245971,54.9,2400000,0xe0000
1781245972,54.9,2400000,0xe0000
1781245973,54.9,2400000,0xe0000
1781245974,54.3,2400000,0xe0000
1781245975,54.9,2400000,0xe0000
1781245976,54.9,2400000,0xe0000
1781245977,54.9,2400000,0xe0000
1781245978,54.3,2400000,0xe0000
1781245980,54.9,2400000,0xe0000
1781245981,54.3,2400000,0xe0000
1781245982,54.9,2400000,0xe0000
1781245983,54.3,2400000,0xe0000
1781245984,54.3,2400000,0xe0000
1781245985,54.3,2400000,0xe0000
1781245986,54.9,2400000,0xe0000
1781245987,54.3,2400000,0xe0000
1781245988,54.3,2400000,0xe0000
1781245989,54.3,2400000,0xe0000
1781245990,54.3,2400000,0xe0000
1781245991,53.8,2400000,0xe0000
1781245992,54.9,2400000,0xe0000
1781245993,54.3,2400000,0xe0000
1781245994,54.3,2400000,0xe0000
1781245995,53.2,2400000,0xe0000
1781245996,54.3,2400000,0xe0000
1781245997,54.3,2400000,0xe0000
1781245998,54.3,2400000,0xe0000
1781245999,54.3,2400000,0xe0000
1781246000,53.8,2400000,0xe0000
1781246001,53.2,2400000,0xe0000
1781246002,54.9,2400000,0xe0000
1781246003,54.3,2400000,0xe0000
1781246004,53.8,2400000,0xe0000
1781246005,54.3,2400000,0xe0000
1781246006,54.9,2400000,0xe0000
1781246007,54.3,2400000,0xe0000
1781246008,54.3,2400000,0xe0000
1781246009,54.9,2400000,0xe0000
1781246010,53.8,2400000,0xe0000
1781246011,54.9,2400000,0xe0000
1781246012,54.9,2400000,0xe0000
1781246013,54.9,2400000,0xe0000
1781246014,54.9,2400000,0xe0000
1781246015,53.8,2400000,0xe0000
1781246016,54.9,2400000,0xe0000
1781246017,53.8,2400000,0xe0000
1781246018,54.3,2400000,0xe0000
1781246019,54.9,2400000,0xe0000
1781246020,53.8,2400000,0xe0000
1781246022,54.9,2400000,0xe0000
1781246023,54.3,2400000,0xe0000
1781246024,53.8,2400000,0xe0000
1781246025,54.9,2400000,0xe0000
1781246026,54.9,2400000,0xe0000
1781246027,54.9,2400000,0xe0000
1781246028,54.9,2400000,0xe0000
1781246029,54.9,2400000,0xe0000
1781246030,54.9,2400000,0xe0000
1781246031,54.9,2400000,0xe0000
1781246032,54.3,2400000,0xe0000
1781246033,54.3,2400000,0xe0000
1781246034,54.3,2400000,0xe0000
1781246035,54.3,2400000,0xe0000
1781246036,54.3,2400000,0xe0000
1781246037,54.3,2400000,0xe0000
1781246038,54.9,2400000,0xe0000
1781246039,54.9,2400000,0xe0000
1781246040,54.3,2400000,0xe0000
1781246041,54.3,2400000,0xe0000
1781246042,54.3,2400000,0xe0000
1781246043,54.3,2400000,0xe0000
1781246044,54.9,2400000,0xe0000
1781246045,53.8,2400000,0xe0000
1781246046,54.3,2400000,0xe0000
1781246047,54.3,2400000,0xe0000
1781246048,54.9,2400000,0xe0000
1781246049,53.2,2400000,0xe0000
1781246050,54.9,2400000,0xe0000
1781246051,54.3,2400000,0xe0000
1781246052,53.8,2400000,0xe0000
1781246053,54.3,2400000,0xe0000
1781246054,54.3,2400000,0xe0000
1781246055,54.3,2400000,0xe0000
1781246056,54.3,2400000,0xe0000
1781246057,54.9,2400000,0xe0000
1781246058,53.8,2400000,0xe0000
1781246060,54.3,2400000,0xe0000
1781246061,55.4,2400000,0xe0000
1781246062,54.3,2400000,0xe0000
1781246063,54.3,2400000,0xe0000
1781246064,54.3,2400000,0xe0000
1781246065,54.3,2400000,0xe0000
1781246066,54.3,2400000,0xe0000
1781246067,54.3,2400000,0xe0000
1781246068,54.3,2400000,0xe0000
1781246069,54.3,2400000,0xe0000
1781246070,54.3,2400000,0xe0000
1781246071,53.8,2400000,0xe0000
1781246072,54.9,2400000,0xe0000
1781246073,53.8,2400000,0xe0000
1781246074,54.9,2400000,0xe0000
1781246075,54.3,2400000,0xe0000
1781246076,54.3,2400000,0xe0000
1781246077,54.3,2400000,0xe0000
1781246078,53.8,2400000,0xe0000
1781246079,53.2,2400000,0xe0000
1781246080,54.9,2400000,0xe0000
1781246081,54.9,2400000,0xe0000
1781246082,54.3,2400000,0xe0000
1781246083,54.9,2400000,0xe0000
1781246084,54.3,2400000,0xe0000
1781246085,53.8,2400000,0xe0000
1781246086,54.3,2400000,0xe0000
1781246087,53.8,2400000,0xe0000
1781246088,54.3,2400000,0xe0000
1781246089,54.3,2400000,0xe0000
1781246090,54.9,2400000,0xe0000
1781246091,55.4,2400000,0xe0000
1781246093,54.3,2400000,0xe0000
1781246094,54.3,2400000,0xe0000
1781246095,54.9,2400000,0xe0000
1781246096,54.3,2400000,0xe0000
1781246097,54.3,2400000,0xe0000
1781246098,54.9,2400000,0xe0000
1781246099,54.3,2400000,0xe0000
1781246100,54.3,2400000,0xe0000
1781246101,54.3,2400000,0xe0000
1781246102,54.3,2400000,0xe0000
1781246103,54.9,2400000,0xe0000
1781246104,54.3,2400000,0xe0000
1781246105,54.3,2400000,0xe0000
1781246106,54.3,2400000,0xe0000
1781246107,54.9,2400000,0xe0000
1781246108,54.3,2400000,0xe0000
1781246109,53.8,2400000,0xe0000
1781246110,54.3,2400000,0xe0000
1781246111,54.9,2400000,0xe0000
1781246112,53.2,2400000,0xe0000
1781246113,54.3,2400000,0xe0000
1781246114,52.7,2400000,0xe0000
1781246115,54.3,2400000,0xe0000
1781246116,54.9,2400000,0xe0000
1781246117,55.4,2400000,0xe0000
1781246118,54.3,2400000,0xe0000
1781246119,53.2,2400000,0xe0000
1781246120,54.3,2400000,0xe0000
1781246121,54.9,2400000,0xe0000
1781246123,54.9,2400000,0xe0000
1781246124,54.3,2400000,0xe0000
1781246125,54.9,2400000,0xe0000
1781246126,54.9,2400000,0xe0000
1781246127,54.3,2400000,0xe0000
1781246128,54.9,2400000,0xe0000
1781246129,53.8,2400000,0xe0000
1781246130,54.9,2400000,0xe0000
1781246131,54.9,2400000,0xe0000
1781246132,53.8,2400000,0xe0000
1781246133,54.3,2400000,0xe0000
1781246134,54.9,2400000,0xe0000
1781246135,54.3,2400000,0xe0000
1781246136,54.3,2400000,0xe0000
1781246137,54.9,2400000,0xe0000
1781246138,53.2,2400000,0xe0000
1781246139,54.3,2400000,0xe0000
1781246140,53.2,2400000,0xe0000
1781246141,54.3,2400000,0xe0000
1781246142,54.3,2400000,0xe0000
1781246143,53.8,2400000,0xe0000
1781246144,54.3,2400000,0xe0000
1781246145,54.3,2400000,0xe0000
1781246146,54.3,2400000,0xe0000
1781246147,54.3,2400000,0xe0000
1781246148,54.9,2400000,0xe0000
1781246149,53.8,2400000,0xe0000
1781246150,54.3,2400000,0xe0000
1781246151,54.3,2400000,0xe0000
1781246152,53.8,2400000,0xe0000
1781246153,53.2,2400000,0xe0000
1781246154,53.8,2400000,0xe0000
1781246155,54.9,2400000,0xe0000
1781246156,54.9,2400000,0xe0000
1781246157,54.3,2400000,0xe0000
1781246158,54.9,2400000,0xe0000
1781246159,54.9,2400000,0xe0000
1781246160,54.9,2400000,0xe0000
1781246161,54.3,2400000,0xe0000
1781246162,53.8,2400000,0xe0000
1781246164,54.3,2400000,0xe0000
1781246165,54.9,2400000,0xe0000
1781246166,54.9,2400000,0xe0000
1781246167,54.9,2400000,0xe0000
1781246168,54.3,2400000,0xe0000
1781246169,54.9,2400000,0xe0000
1781246170,54.3,2400000,0xe0000
1781246171,54.9,2400000,0xe0000
1781246172,54.9,2400000,0xe0000
1781246173,54.9,2400000,0xe0000
1781246174,54.9,2400000,0xe0000
1781246175,55.4,2400000,0xe0000
1781246176,54.3,2400000,0xe0000
1781246177,54.9,2400000,0xe0000
1781246178,54.3,2400000,0xe0000
1781246179,54.3,2400000,0xe0000
1781246180,54.9,2400000,0xe0000
1781246181,54.9,2400000,0xe0000
1781246182,54.3,2400000,0xe0000
1781246183,53.2,2400000,0xe0000
1781246184,53.8,2400000,0xe0000
1781246185,54.3,2400000,0xe0000
1781246186,53.8,2400000,0xe0000
1781246187,54.3,2400000,0xe0000
1781246188,53.8,2400000,0xe0000
1781246189,54.9,2400000,0xe0000
1781246190,54.3,2400000,0xe0000
1781246191,54.9,2400000,0xe0000
1781246192,52.7,2400000,0xe0000
1781246193,54.3,2400000,0xe0000
1781246194,53.8,2400000,0xe0000
1781246195,54.9,2400000,0xe0000
1781246196,54.3,2400000,0xe0000
1781246197,53.8,2400000,0xe0000
1781246199,54.9,2400000,0xe0000
1781246200,54.9,2400000,0xe0000
1781246201,54.3,2400000,0xe0000
1781246202,54.3,2400000,0xe0000
1781246203,54.9,2400000,0xe0000
1781246204,54.3,2400000,0xe0000
1781246205,54.9,2400000,0xe0000
1781246206,54.9,2400000,0xe0000
1781246207,54.3,2400000,0xe0000
1781246208,54.3,2400000,0xe0000
1781246209,54.9,2400000,0xe0000
1781246210,54.3,2400000,0xe0000
1781246211,54.3,2400000,0xe0000
1781246212,54.9,2400000,0xe0000
1781246213,54.9,2400000,0xe0000
1781246214,54.9,2400000,0xe0000
1781246215,54.9,2400000,0xe0000
1781246216,54.3,2400000,0xe0000
1781246217,54.3,2400000,0xe0000
1781246218,54.3,2400000,0xe0000
1781246219,54.9,2400000,0xe0000
1781246220,54.3,2400000,0xe0000
1781246221,54.9,2400000,0xe0000
1781246222,54.3,2400000,0xe0000
1781246223,53.8,2400000,0xe0000
1781246224,54.3,2400000,0xe0000
1781246225,53.8,2400000,0xe0000
1781246226,54.3,2400000,0xe0000
1781246227,54.9,2400000,0xe0000
1781246228,54.3,2400000,0xe0000
1781246230,54.3,2400000,0xe0000
1781246231,54.3,2400000,0xe0000
1781246232,53.8,2400000,0xe0000
1781246233,54.3,2400000,0xe0000
1781246234,54.3,2400000,0xe0000
1781246235,54.3,2400000,0xe0000
1781246236,54.3,2400000,0xe0000
1781246237,54.9,2400000,0xe0000
1781246238,53.8,2400000,0xe0000
1781246239,54.3,2400000,0xe0000
1781246240,54.9,2400000,0xe0000
1781246241,54.9,2400000,0xe0000
1781246242,53.8,2400000,0xe0000
1781246243,54.9,2400000,0xe0000
1781246244,54.3,2400000,0xe0000
1781246245,54.9,2400000,0xe0000
1781246246,53.8,2400000,0xe0000
1781246247,54.3,2400000,0xe0000
1781246248,53.8,2400000,0xe0000
1781246249,54.3,2400000,0xe0000
1781246250,54.3,2400000,0xe0000
1781246251,54.3,2400000,0xe0000
1781246252,53.8,2400000,0xe0000
1781246253,54.9,2400000,0xe0000
1781246254,54.3,2400000,0xe0000
1781246255,54.9,2400000,0xe0000
1781246256,54.9,2400000,0xe0000
1781246257,54.9,2400000,0xe0000
1781246258,54.9,2400000,0xe0000
1781246259,54.3,2400000,0xe0000
1781246260,54.9,2400000,0xe0000
1781246261,54.9,2400000,0xe0000
1781246262,54.9,2400000,0xe0000
1781246263,54.3,2400000,0xe0000
1781246264,53.8,2400000,0xe0000
1781246265,54.9,2400000,0xe0000
1781246266,54.3,2400000,0xe0000
1781246267,54.3,2400000,0xe0000
1781246268,54.9,2400000,0xe0000
1781246269,54.3,2400000,0xe0000
1781246271,54.9,2400000,0xe0000
1781246272,54.3,2400000,0xe0000
1781246273,53.2,2400000,0xe0000
1781246274,54.3,2400000,0xe0000
1781246275,54.9,2400000,0xe0000
1781246276,54.9,2400000,0xe0000
1781246277,54.9,2400000,0xe0000
1781246278,54.9,2400000,0xe0000
1781246279,54.3,2400000,0xe0000
1781246280,54.3,2400000,0xe0000
1781246281,53.8,2400000,0xe0000
1781246282,53.8,2400000,0xe0000
1781246283,54.3,2400000,0xe0000
1781246284,54.3,2400000,0xe0000
1781246285,54.9,2400000,0xe0000
1781246286,54.3,2400000,0xe0000
1781246287,54.3,2400000,0xe0000
1781246288,54.3,2400000,0xe0000
1781246289,54.9,2400000,0xe0000
1781246290,54.3,2400000,0xe0000
1781246291,54.9,2400000,0xe0000
1781246292,53.8,2400000,0xe0000
1781246293,54.3,2400000,0xe0000
1781246294,53.8,2400000,0xe0000
1781246295,54.9,2400000,0xe0000
1781246296,54.3,2400000,0xe0000
1781246297,54.9,2400000,0xe0000
1781246298,54.9,2400000,0xe0000
1781246299,54.3,2400000,0xe0000
1781246300,54.3,2400000,0xe0000
1781246301,54.3,2400000,0xe0000
1781246302,54.9,2400000,0xe0000
1781246303,54.3,2400000,0xe0000
1781246304,54.3,2400000,0xe0000
1781246305,54.3,2400000,0xe0000
1781246306,54.3,2400000,0xe0000
1781246307,54.9,2400000,0xe0000
1781246308,54.9,2400000,0xe0000
1781246310,53.8,2400000,0xe0000
1781246311,54.9,2400000,0xe0000
1781246312,54.3,2400000,0xe0000
1781246313,54.9,2400000,0xe0000
1781246314,54.3,2400000,0xe0000
1781246315,54.9,2400000,0xe0000
1781246316,54.3,2400000,0xe0000
1781246317,54.3,2400000,0xe0000
1781246318,54.3,2400000,0xe0000
1781246319,54.3,2400000,0xe0000
1781246320,54.9,2400000,0xe0000
1781246321,54.3,2400000,0xe0000
1781246322,54.3,2400000,0xe0000
1781246323,54.9,2400000,0xe0000
1781246324,54.3,2400000,0xe0000
1781246325,54.3,2400000,0xe0000
1781246326,54.9,2400000,0xe0000
1781246327,54.3,2400000,0xe0000
1781246328,54.3,2400000,0xe0000
1781246329,53.8,2400000,0xe0000
1781246331,54.3,2400000,0xe0000
1781246332,54.9,2400000,0xe0000
1781246333,53.8,2400000,0xe0000
1781246334,54.9,2400000,0xe0000
1781246335,54.9,2400000,0xe0000
1781246336,54.3,2400000,0xe0000
1781246337,54.3,2400000,0xe0000
1781246338,54.3,2400000,0xe0000
1781246339,54.3,2400000,0xe0000
1781246340,54.9,2400000,0xe0000
1781246341,54.3,2400000,0xe0000
1781246342,54.3,2400000,0xe0000
1781246343,54.9,2400000,0xe0000
1781246344,54.9,2400000,0xe0000
1781246345,54.9,2400000,0xe0000
1781246346,54.3,2400000,0xe0000
1781246347,54.9,2400000,0xe0000
1781246348,54.9,2400000,0xe0000
1781246349,54.3,2400000,0xe0000
1781246350,54.9,2400000,0xe0000
1781246351,54.9,2400000,0xe0000
1781246352,54.3,2400000,0xe0000
1781246353,54.3,2400000,0xe0000
1781246354,54.3,2400000,0xe0000
1781246355,54.9,2400000,0xe0000
1781246356,54.3,2400000,0xe0000
1781246357,54.9,2400000,0xe0000
1781246358,55.4,2400000,0xe0000
1781246359,54.3,2400000,0xe0000
1781246360,54.9,2400000,0xe0000
1781246361,54.9,2400000,0xe0000
1781246362,54.3,2400000,0xe0000
1781246363,53.8,2400000,0xe0000
1781246364,54.9,2400000,0xe0000
1781246365,54.3,2400000,0xe0000
1781246367,54.9,2400000,0xe0000
1781246368,54.9,2400000,0xe0000
1781246369,54.3,2400000,0xe0000
1781246370,54.9,2400000,0xe0000
1781246371,54.9,2400000,0xe0000
1781246372,54.9,2400000,0xe0000
1781246373,54.9,2400000,0xe0000
1781246374,54.3,2400000,0xe0000
1781246375,54.3,2400000,0xe0000
1781246376,54.3,2400000,0xe0000
1781246377,53.8,2400000,0xe0000
1781246378,54.3,2400000,0xe0000
1781246379,54.9,2400000,0xe0000
1781246380,54.3,2400000,0xe0000
1781246381,54.3,2400000,0xe0000
1781246382,54.3,2400000,0xe0000
1781246383,54.9,2400000,0xe0000
1781246384,54.3,2400000,0xe0000
1781246385,53.8,2400000,0xe0000
1781246386,52.7,2400000,0xe0000
1781246387,54.9,2400000,0xe0000
1781246388,54.3,2400000,0xe0000
1781246389,54.3,2400000,0xe0000
1781246390,54.3,2400000,0xe0000
1781246391,54.3,2400000,0xe0000
1781246392,54.9,2400000,0xe0000
1781246393,54.9,2400000,0xe0000
1781246394,54.3,2400000,0xe0000
1781246395,54.3,2400000,0xe0000
1781246396,54.3,2400000,0xe0000
1781246397,54.3,2400000,0xe0000
1781246398,53.8,2400000,0xe0000
1781246399,54.3,2400000,0xe0000
1781246400,54.3,2400000,0xe0000
1781246401,54.3,2400000,0xe0000
1781246402,52.7,2400000,0xe0000
1781246403,54.3,2400000,0xe0000
1781246405,54.9,2400000,0xe0000
1781246406,54.3,2400000,0xe0000
1781246407,54.3,2400000,0xe0000
1781246408,54.3,2400000,0xe0000
1781246409,54.3,2400000,0xe0000
1781246410,54.3,2400000,0xe0000
1781246411,53.8,2400000,0xe0000
1781246412,54.9,2400000,0xe0000
1781246413,54.3,2400000,0xe0000
1781246414,54.9,2400000,0xe0000
1781246415,53.8,2400000,0xe0000
1781246416,54.9,2400000,0xe0000
1781246417,54.9,2400000,0xe0000
1781246418,54.9,2400000,0xe0000
1781246419,54.3,2400000,0xe0000
1781246420,54.9,2400000,0xe0000
1781246421,54.9,2400000,0xe0000
1781246422,54.3,2400000,0xe0000
1781246423,53.2,2400000,0xe0000
1781246424,54.3,2400000,0xe0000
1781246425,54.9,2400000,0xe0000
1781246426,54.3,2400000,0xe0000
1781246427,53.8,2400000,0xe0000
1781246429,54.9,2400000,0xe0000
1781246430,54.3,2400000,0xe0000
1781246431,54.3,2400000,0xe0000
1781246432,54.9,2400000,0xe0000
1781246433,55.4,2400000,0xe0000
1781246434,54.3,2400000,0xe0000
1781246435,54.9,2400000,0xe0000
1781246436,54.9,2400000,0xe0000
1781246437,54.3,2400000,0xe0000
1781246438,54.9,2400000,0xe0000
1781246439,54.9,2400000,0xe0000
1781246440,54.9,2400000,0xe0000
1781246441,53.8,2400000,0xe0000
1781246442,54.3,2400000,0xe0000
1781246443,54.9,2400000,0xe0000
1781246444,54.3,2400000,0xe0000
1781246445,54.9,2400000,0xe0000
1781246446,54.9,2400000,0xe0000
1781246447,54.9,2400000,0xe0000
1781246448,54.3,2400000,0xe0000
1781246449,54.3,2400000,0xe0000
1781246450,54.9,2400000,0xe0000
1781246451,54.3,2400000,0xe0000
1781246452,54.3,2400000,0xe0000
1781246453,54.9,2400000,0xe0000
1781246454,54.3,2400000,0xe0000
1781246455,54.9,2400000,0xe0000
1781246456,54.9,2400000,0xe0000
1781246457,54.9,2400000,0xe0000
1781246458,54.3,2400000,0xe0000
1781246459,54.3,2400000,0xe0000
1781246460,54.3,2400000,0xe0000
1781246461,53.8,2400000,0xe0000
1781246462,54.3,2400000,0xe0000
1781246463,54.3,2400000,0xe0000
1781246464,54.9,2400000,0xe0000
1781246466,54.3,2400000,0xe0000
1781246467,54.9,2400000,0xe0000
1781246468,54.9,2400000,0xe0000
1781246469,54.9,2400000,0xe0000
1781246470,53.8,2400000,0xe0000
1781246471,54.9,2400000,0xe0000
1781246472,54.9,2400000,0xe0000
1781246473,53.8,2400000,0xe0000
1781246474,54.9,2400000,0xe0000
1781246475,53.8,2400000,0xe0000
1781246476,54.9,2400000,0xe0000
1781246477,54.9,2400000,0xe0000
1781246478,55.4,2400000,0xe0000
1781246479,54.3,2400000,0xe0000
1781246480,53.8,2400000,0xe0000
1781246481,54.3,2400000,0xe0000
1781246482,54.3,2400000,0xe0000
1781246483,54.3,2400000,0xe0000
1781246484,54.9,2400000,0xe0000
1781246485,54.3,2400000,0xe0000
1781246486,54.3,2400000,0xe0000
1781246487,54.3,2400000,0xe0000
1781246488,54.3,2400000,0xe0000
1781246489,54.3,2400000,0xe0000
1781246490,54.9,2400000,0xe0000
1781246491,54.9,2400000,0xe0000
1781246492,54.3,2400000,0xe0000
1781246493,53.8,2400000,0xe0000
1781246494,54.3,2400000,0xe0000
1781246495,53.8,2400000,0xe0000
1781246496,54.9,2400000,0xe0000
1781246497,54.9,2400000,0xe0000
1781246498,54.3,2400000,0xe0000
1781246500,54.3,2400000,0xe0000
1781246501,54.9,2400000,0xe0000
1781246502,54.9,2400000,0xe0000
1781246503,54.9,2400000,0xe0000
1781246504,54.9,2400000,0xe0000
1781246505,54.3,2400000,0xe0000
1781246506,54.3,2400000,0xe0000
1781246507,54.3,2400000,0xe0000
1781246508,54.9,2400000,0xe0000
1781246509,54.3,2400000,0xe0000
1781246510,54.9,2400000,0xe0000
1781246511,54.9,2400000,0xe0000
1781246512,53.8,2400000,0xe0000
1781246513,54.3,2400000,0xe0000
1781246514,54.3,2400000,0xe0000
1781246515,54.9,2400000,0xe0000
1781246516,54.9,2400000,0xe0000
1781246517,54.3,2400000,0xe0000
1781246518,54.9,2400000,0xe0000
1781246519,54.3,2400000,0xe0000
1781246520,54.9,2400000,0xe0000
1781246521,54.9,2400000,0xe0000
1781246522,54.9,2400000,0xe0000
1781246523,53.8,2400000,0xe0000
1781246524,54.9,2400000,0xe0000
1781246525,54.3,2400000,0xe0000
1781246526,54.3,2400000,0xe0000
1781246527,54.3,2400000,0xe0000
1781246528,54.9,2400000,0xe0000
1781246529,54.9,2400000,0xe0000
1781246530,54.9,2400000,0xe0000
1781246531,54.9,2400000,0xe0000
1781246532,54.3,2400000,0xe0000
1781246533,54.9,2400000,0xe0000
1781246535,53.2,2400000,0xe0000
1781246536,54.9,2400000,0xe0000
1781246537,54.9,2400000,0xe0000
1781246538,54.9,2400000,0xe0000
1781246539,54.9,2400000,0xe0000
1781246540,54.3,2400000,0xe0000
1781246541,54.9,2400000,0xe0000
1781246542,54.3,2400000,0xe0000
1781246543,53.8,2400000,0xe0000
1781246544,54.3,2400000,0xe0000
1781246545,54.9,2400000,0xe0000
1781246546,54.9,2400000,0xe0000
1781246547,54.9,2400000,0xe0000
1781246548,54.3,2400000,0xe0000
1781246549,54.3,2400000,0xe0000
1781246550,54.9,2400000,0xe0000
1781246551,53.8,2400000,0xe0000
1781246552,54.9,2400000,0xe0000
1781246553,54.3,2400000,0xe0000
1781246554,54.3,2400000,0xe0000
1781246555,53.8,2400000,0xe0000
1781246556,54.3,2400000,0xe0000
1781246557,54.9,2400000,0xe0000
1781246558,53.8,2400000,0xe0000
1781246559,54.3,2400000,0xe0000
1781246560,54.9,2400000,0xe0000
1781246561,54.3,2400000,0xe0000
1781246562,54.3,2400000,0xe0000
1781246563,54.9,2400000,0xe0000
1781246564,54.3,2400000,0xe0000
1781246565,54.9,2400000,0xe0000
1781246566,54.9,2400000,0xe0000
1781246567,53.8,2400000,0xe0000
1781246568,54.9,2400000,0xe0000
1781246569,54.9,2400000,0xe0000
1781246570,54.9,2400000,0xe0000
1781246571,54.3,2400000,0xe0000
1781246572,54.9,2400000,0xe0000
1781246573,54.3,2400000,0xe0000
1781246574,53.8,2400000,0xe0000
1781246575,53.8,2400000,0xe0000
1781246576,54.9,2400000,0xe0000
1781246577,54.9,2400000,0xe0000
1781246578,54.9,2400000,0xe0000
1781246579,54.3,2400000,0xe0000
1781246581,54.9,2400000,0xe0000
1781246582,54.3,2400000,0xe0000
1781246583,54.9,2400000,0xe0000
1781246584,54.3,2400000,0xe0000
1781246585,54.3,2400000,0xe0000
1781246586,53.8,2400000,0xe0000
1781246587,54.9,2400000,0xe0000
1781246588,56.0,2400000,0xe0000
1781246589,53.8,2400000,0xe0000
1781246590,54.3,2400000,0xe0000
1781246591,54.3,2400000,0xe0000
1781246592,53.2,2400000,0xe0000
1781246593,54.3,2400000,0xe0000
1781246594,54.3,2400000,0xe0000
1781246595,54.3,2400000,0xe0000
1781246596,54.3,2400000,0xe0000
1781246597,54.3,2400000,0xe0000
1781246598,54.3,2400000,0xe0000
1781246599,54.9,2400000,0xe0000
1781246600,54.3,2400000,0xe0000
1781246601,54.3,2400000,0xe0000
1781246602,54.9,2400000,0xe0000
1781246603,54.3,2400000,0xe0000
1781246604,54.9,2400000,0xe0000
1781246605,53.2,2400000,0xe0000
1781246606,54.3,2400000,0xe0000
1781246607,54.9,2400000,0xe0000
1781246608,54.3,2400000,0xe0000
1781246609,54.3,2400000,0xe0000
1781246610,54.3,2400000,0xe0000
1781246611,55.4,2400000,0xe0000
1781246612,54.3,2400000,0xe0000
1781246613,54.3,2400000,0xe0000
1781246614,54.9,2400000,0xe0000
1781246615,54.9,2400000,0xe0000
1781246616,54.3,2400000,0xe0000
1781246617,53.8,2400000,0xe0000
1781246618,54.3,2400000,0xe0000
1781246619,54.3,2400000,0xe0000
1781246620,54.9,2400000,0xe0000
1781246621,54.3,2400000,0xe0000
1781246622,54.3,2400000,0xe0000
1781246623,54.9,2400000,0xe0000
1781246624,54.3,2400000,0xe0000
1781246625,54.3,2400000,0xe0000
1781246626,54.9,2400000,0xe0000
1781246628,54.3,2400000,0xe0000
1781246629,54.9,2400000,0xe0000
1781246630,54.3,2400000,0xe0000
1781246631,54.3,2400000,0xe0000
1781246632,54.3,2400000,0xe0000
1781246633,54.9,2400000,0xe0000
1781246634,54.9,2400000,0xe0000
1781246635,54.3,2400000,0xe0000
1781246636,54.3,2400000,0xe0000
1781246637,54.9,2400000,0xe0000
1781246638,53.8,2400000,0xe0000
1781246639,53.2,2400000,0xe0000
1781246640,54.3,2400000,0xe0000
1781246641,53.2,2400000,0xe0000
1781246642,54.9,2400000,0xe0000
1781246643,54.9,2400000,0xe0000
1781246644,54.9,2400000,0xe0000
1781246645,54.9,2400000,0xe0000
1781246646,54.9,2400000,0xe0000
1781246647,54.3,2400000,0xe0000
1781246648,54.9,2400000,0xe0000
1781246649,54.9,2400000,0xe0000
1781246650,54.3,2400000,0xe0000
1781246651,54.3,2400000,0xe0000
1781246652,54.3,2400000,0xe0000
1781246653,54.3,2400000,0xe0000
1781246654,54.3,2400000,0xe0000
1781246655,55.4,2400000,0xe0000
1781246657,54.3,2400000,0xe0000
1781246658,54.9,2400000,0xe0000
1781246659,54.3,2400000,0xe0000
1781246660,53.8,2400000,0xe0000
1781246661,54.9,2400000,0xe0000
1781246662,53.2,2400000,0xe0000
1781246663,55.4,2400000,0xe0000
1781246664,54.9,2400000,0xe0000
1781246665,54.9,2400000,0xe0000
1781246666,54.3,2400000,0xe0000
1781246667,54.3,2400000,0xe0000
1781246668,54.3,2400000,0xe0000
1781246669,53.8,2400000,0xe0000
1781246670,54.9,2400000,0xe0000
1781246671,54.9,2400000,0xe0000
1781246672,54.3,2400000,0xe0000
1781246673,54.9,2400000,0xe0000
1781246674,54.9,2400000,0xe0000
1781246675,54.3,2400000,0xe0000
1781246676,53.8,2400000,0xe0000
1781246677,54.9,2400000,0xe0000
1781246678,54.3,2400000,0xe0000
1781246679,54.9,2400000,0xe0000
1781246680,53.8,2400000,0xe0000
1781246681,54.3,2400000,0xe0000
1781246682,54.3,2400000,0xe0000
1781246683,54.3,2400000,0xe0000
1781246684,53.8,2400000,0xe0000
1781246685,54.9,2400000,0xe0000
1781246686,54.3,2400000,0xe0000
1781246687,54.9,2400000,0xe0000
1781246688,54.9,2400000,0xe0000
1781246689,54.9,2400000,0xe0000
1781246690,53.8,2400000,0xe0000
1781246691,54.9,2400000,0xe0000
1781246692,53.8,2400000,0xe0000
1781246693,54.9,2400000,0xe0000
1781246694,53.8,2400000,0xe0000
1781246695,54.3,2400000,0xe0000
1781246696,54.3,2400000,0xe0000
1781246698,54.3,2400000,0xe0000
1781246699,54.3,2400000,0xe0000
1781246700,54.3,2400000,0xe0000
1781246701,54.9,2400000,0xe0000
1781246702,54.3,2400000,0xe0000
1781246703,54.3,2400000,0xe0000
1781246704,54.9,2400000,0xe0000
1781246705,53.8,2400000,0xe0000
1781246706,54.9,2400000,0xe0000
1781246707,54.3,2400000,0xe0000
1781246708,54.9,2400000,0xe0000
1781246709,54.9,2400000,0xe0000
1781246710,54.9,2400000,0xe0000
1781246711,54.3,2400000,0xe0000
1781246712,53.8,2400000,0xe0000
1781246713,53.8,2400000,0xe0000
1781246714,54.9,2400000,0xe0000
1781246715,54.3,2400000,0xe0000
1781246716,54.9,2400000,0xe0000
1781246717,54.3,2400000,0xe0000
1781246718,54.9,2400000,0xe0000
1781246720,54.9,2400000,0xe0000
1781246721,54.9,2400000,0xe0000
1781246722,53.8,2400000,0xe0000
1781246723,54.3,2400000,0xe0000
1781246724,54.3,2400000,0xe0000
1781246725,54.3,2400000,0xe0000
1781246726,54.9,2400000,0xe0000
1781246727,54.3,2400000,0xe0000
1781246728,54.3,2400000,0xe0000
1781246729,54.3,2400000,0xe0000
1781246730,54.3,2400000,0xe0000
1781246731,54.9,2400000,0xe0000
1781246732,54.3,2400000,0xe0000
1781246733,54.9,2400000,0xe0000
1781246734,53.8,2400000,0xe0000
1781246735,53.8,2400000,0xe0000
1781246736,54.3,2400000,0xe0000
1781246737,54.9,2400000,0xe0000
1781246738,54.9,2400000,0xe0000
1781246739,54.9,2400000,0xe0000
1781246740,54.3,2400000,0xe0000
1781246741,53.8,2400000,0xe0000
1781246742,53.2,2400000,0xe0000
1781246743,53.8,2400000,0xe0000
1781246744,54.9,2400000,0xe0000
1781246745,54.9,2400000,0xe0000
1781246746,54.3,2400000,0xe0000
1781246747,54.3,2400000,0xe0000
1781246748,54.9,2400000,0xe0000
1781246749,54.9,2400000,0xe0000
1781246750,54.9,2400000,0xe0000
1781246751,54.3,2400000,0xe0000
1781246752,54.3,2400000,0xe0000
1781246753,54.9,2400000,0xe0000
1781246754,54.9,2400000,0xe0000
1781246755,55.4,2400000,0xe0000
1781246757,54.9,2400000,0xe0000
1781246758,54.3,2400000,0xe0000
1781246759,54.3,2400000,0xe0000
1781246760,54.3,2400000,0xe0000
1781246761,54.9,2400000,0xe0000
1781246762,54.9,2400000,0xe0000
1781246763,53.8,2400000,0xe0000
1781246764,54.3,2400000,0xe0000
1781246765,53.8,2400000,0xe0000
1781246766,54.9,2400000,0xe0000
1781246767,54.9,2400000,0xe0000
1781246768,54.3,2400000,0xe0000
1781246769,53.8,2400000,0xe0000
1781246770,54.3,2400000,0xe0000
1781246771,55.4,2400000,0xe0000
1781246772,54.3,2400000,0xe0000
1781246773,54.9,2400000,0xe0000
1781246774,54.3,2400000,0xe0000
1781246775,53.8,2400000,0xe0000
1781246776,54.9,2400000,0xe0000
1781246777,54.3,2400000,0xe0000
1781246778,54.9,2400000,0xe0000
1781246779,54.9,2400000,0xe0000
1781246780,54.9,2400000,0xe0000
1781246781,54.3,2400000,0xe0000
1781246782,55.4,2400000,0xe0000
1781246783,54.9,2400000,0xe0000
1781246784,54.9,2400000,0xe0000
1781246785,54.9,2400000,0xe0000
1781246786,54.3,2400000,0xe0000
1781246787,54.3,2400000,0xe0000
1781246788,54.9,2400000,0xe0000
1781246789,53.2,2400000,0xe0000
1781246790,54.9,2400000,0xe0000
1781246791,54.9,2400000,0xe0000
1781246793,54.3,2400000,0xe0000
1781246794,54.3,2400000,0xe0000
1781246795,54.3,2400000,0xe0000
1781246796,54.9,2400000,0xe0000
1781246797,54.9,2400000,0xe0000
1781246798,54.3,2400000,0xe0000
1781246799,54.9,2400000,0xe0000
1781246800,54.3,2400000,0xe0000
1781246801,54.9,2400000,0xe0000
1781246802,54.9,2400000,0xe0000
1781246803,54.3,2400000,0xe0000
1781246804,54.3,2400000,0xe0000
1781246805,54.9,2400000,0xe0000
1781246806,54.9,2400000,0xe0000
1781246807,54.3,2400000,0xe0000
1781246808,54.9,2400000,0xe0000
1781246809,54.9,2400000,0xe0000
1781246810,53.2,2400000,0xe0000
1781246811,54.9,2400000,0xe0000
1781246812,54.9,2400000,0xe0000
1781246813,54.3,2400000,0xe0000
1781246814,53.2,2400000,0xe0000
1781246815,54.9,2400000,0xe0000
1781246816,54.3,2400000,0xe0000
1781246817,54.9,2400000,0xe0000
1781246818,54.3,2400000,0xe0000
1781246819,54.9,2400000,0xe0000
1781246820,54.3,2400000,0xe0000
1781246821,53.8,2400000,0xe0000
1781246822,54.3,2400000,0xe0000
1781246823,54.3,2400000,0xe0000
1781246824,53.8,2400000,0xe0000
1781246825,54.3,2400000,0xe0000
1781246826,54.3,2400000,0xe0000
1781246827,54.3,2400000,0xe0000
1781246828,54.3,2400000,0xe0000
1781246829,54.9,2400000,0xe0000
1781246830,54.9,2400000,0xe0000
1781246831,54.9,2400000,0xe0000
1781246832,54.3,2400000,0xe0000
1781246833,54.3,2400000,0xe0000
1781246834,54.9,2400000,0xe0000
1781246836,54.9,2400000,0xe0000
1781246837,54.3,2400000,0xe0000
1781246838,54.9,2400000,0xe0000
1781246839,54.9,2400000,0xe0000
1781246840,54.9,2400000,0xe0000
1781246841,54.3,2400000,0xe0000
1781246842,54.9,2400000,0xe0000
1781246843,54.9,2400000,0xe0000
1781246844,53.2,2400000,0xe0000
1781246845,54.9,2400000,0xe0000
1781246846,54.9,2400000,0xe0000
1781246847,54.3,2400000,0xe0000
1781246848,54.9,2400000,0xe0000
1781246849,54.3,2400000,0xe0000
1781246850,54.9,2400000,0xe0000
1781246851,54.3,2400000,0xe0000
1781246852,54.3,2400000,0xe0000
1781246853,54.9,2400000,0xe0000
1781246854,54.3,2400000,0xe0000
1781246855,54.3,2400000,0xe0000
1781246856,54.9,2400000,0xe0000
1781246857,54.9,2400000,0xe0000
1781246858,54.3,2400000,0xe0000
1781246860,54.9,2400000,0xe0000
1781246861,54.3,2400000,0xe0000
1781246862,54.9,2400000,0xe0000
1781246863,54.9,2400000,0xe0000
1781246864,54.3,2400000,0xe0000
1781246865,54.9,2400000,0xe0000
1781246866,54.3,2400000,0xe0000
1781246867,54.9,2400000,0xe0000
1781246868,54.3,2400000,0xe0000
1781246869,54.9,2400000,0xe0000
1781246870,54.9,2400000,0xe0000
1781246871,54.9,2400000,0xe0000
1781246872,54.9,2400000,0xe0000
1781246873,54.9,2400000,0xe0000
1781246874,53.2,2400000,0xe0000
1781246875,54.3,2400000,0xe0000
1781246876,54.3,2400000,0xe0000
1781246877,54.3,2400000,0xe0000
1781246878,54.9,2400000,0xe0000
1781246879,54.9,2400000,0xe0000
1781246880,54.3,2400000,0xe0000
1781246881,54.3,2400000,0xe0000
1781246882,54.3,2400000,0xe0000
1781246883,54.3,2400000,0xe0000
1781246884,54.9,2400000,0xe0000
1781246885,54.9,2400000,0xe0000
1781246886,54.9,2400000,0xe0000
1781246887,54.3,2400000,0xe0000
1781246888,54.9,2400000,0xe0000
1781246889,54.3,2400000,0xe0000
1781246890,54.3,2400000,0xe0000
1781246891,54.3,2400000,0xe0000
1781246892,54.3,2400000,0xe0000
1781246893,54.3,2400000,0xe0000
1781246894,54.9,2400000,0xe0000
1781246895,54.3,2400000,0xe0000
1781246896,54.3,2400000,0xe0000
1781246898,54.3,2400000,0xe0000
1781246899,54.9,2400000,0xe0000
1781246900,54.3,2400000,0xe0000
1781246901,54.3,2400000,0xe0000
1781246902,54.3,2400000,0xe0000
1781246903,54.9,2400000,0xe0000
1781246904,54.9,2400000,0xe0000
1781246905,54.9,2400000,0xe0000
1781246906,54.9,2400000,0xe0000
1781246907,54.9,2400000,0xe0000
1781246908,54.9,2400000,0xe0000
1781246909,54.3,2400000,0xe0000
1781246910,54.9,2400000,0xe0000
1781246911,54.9,2400000,0xe0000
1781246912,53.2,2400000,0xe0000
1781246913,54.3,2400000,0xe0000
1781246914,54.3,2400000,0xe0000
1781246915,54.9,2400000,0xe0000
1781246916,54.9,2400000,0xe0000
1781246917,54.9,2400000,0xe0000
1781246918,54.9,2400000,0xe0000
1781246919,54.3,2400000,0xe0000
1781246920,54.3,2400000,0xe0000
1781246921,54.9,2400000,0xe0000
1781246922,54.9,2400000,0xe0000
1781246923,54.3,2400000,0xe0000
1781246924,54.9,2400000,0xe0000
1781246925,54.3,2400000,0xe0000
1781246926,54.9,2400000,0xe0000
1781246927,54.9,2400000,0xe0000
1781246928,53.8,2400000,0xe0000
1781246929,54.9,2400000,0xe0000
1781246930,54.9,2400000,0xe0000
1781246931,54.3,2400000,0xe0000
1781246932,54.9,2400000,0xe0000
1781246934,54.9,2400000,0xe0000
1781246935,54.9,2400000,0xe0000
1781246936,54.9,2400000,0xe0000
1781246937,54.3,2400000,0xe0000
1781246938,54.9,2400000,0xe0000
1781246939,54.9,2400000,0xe0000
1781246940,54.9,2400000,0xe0000
1781246941,54.9,2400000,0xe0000
1781246942,54.9,2400000,0xe0000
1781246943,54.9,2400000,0xe0000
1781246944,54.3,2400000,0xe0000
1781246945,54.9,2400000,0xe0000
1781246946,54.3,2400000,0xe0000
1781246947,54.3,2400000,0xe0000
1781246948,54.3,2400000,0xe0000
1781246949,54.9,2400000,0xe0000
1781246950,54.9,2400000,0xe0000
1781246951,54.3,2400000,0xe0000
1781246952,54.3,2400000,0xe0000
1781246953,54.9,2400000,0xe0000
1781246954,54.9,2400000,0xe0000
1781246955,54.3,2400000,0xe0000
1781246956,54.9,2400000,0xe0000
1781246957,54.3,2400000,0xe0000
1781246958,53.8,2400000,0xe0000
1781246959,54.9,2400000,0xe0000
1781246960,53.8,2400000,0xe0000
1781246962,54.3,2400000,0xe0000
1781246963,54.3,2400000,0xe0000
1781246964,54.9,2400000,0xe0000
1781246965,54.9,2400000,0xe0000
1781246966,54.3,2400000,0xe0000
1781246967,54.3,2400000,0xe0000
1781246968,54.3,2400000,0xe0000
1781246969,54.3,2400000,0xe0000
1781246970,54.9,2400000,0xe0000
1781246971,54.3,2400000,0xe0000
1781246972,54.3,2400000,0xe0000
1781246973,54.3,2400000,0xe0000
1781246974,54.9,2400000,0xe0000
1781246975,54.3,2400000,0xe0000
1781246976,54.9,2400000,0xe0000
1781246977,54.9,2400000,0xe0000
1781246978,54.3,2400000,0xe0000
1781246979,54.3,2400000,0xe0000
1781246980,53.2,2400000,0xe0000
1781246981,54.9,2400000,0xe0000
1781246982,54.3,2400000,0xe0000
1781246983,53.8,2400000,0xe0000
1781246984,54.9,2400000,0xe0000
1781246985,54.9,2400000,0xe0000
1781246986,54.9,2400000,0xe0000
1781246987,54.9,2400000,0xe0000
1781246988,54.3,2400000,0xe0000
1781246989,54.9,2400000,0xe0000
1781246991,54.3,2400000,0xe0000
1781246992,54.3,2400000,0xe0000
1781246993,54.3,2400000,0xe0000
1781246994,54.3,2400000,0xe0000
1781246995,54.3,2400000,0xe0000
1781246996,54.9,2400000,0xe0000
1781246997,54.9,2400000,0xe0000
1781246998,54.3,2400000,0xe0000
1781246999,54.9,2400000,0xe0000
1781247000,54.9,2400000,0xe0000
1781247001,54.9,2400000,0xe0000
1781247002,54.3,2400000,0xe0000
1781247003,54.9,2400000,0xe0000
1781247004,54.9,2400000,0xe0000
1781247005,54.3,2400000,0xe0000
1781247006,54.9,2400000,0xe0000
1781247007,54.3,2400000,0xe0000
1781247008,53.8,2400000,0xe0000
1781247009,54.9,2400000,0xe0000
1781247010,54.9,2400000,0xe0000
1781247011,54.3,2400000,0xe0000
1781247012,54.9,2400000,0xe0000
1781247013,54.3,2400000,0xe0000
1781247014,54.9,2400000,0xe0000
1781247015,54.9,2400000,0xe0000
1781247016,54.3,2400000,0xe0000
1781247017,54.3,2400000,0xe0000
1781247018,53.8,2400000,0xe0000
1781247019,54.3,2400000,0xe0000
1781247020,54.9,2400000,0xe0000
1781247021,54.9,2400000,0xe0000
1781247022,54.9,2400000,0xe0000
1781247023,54.3,2400000,0xe0000
1781247024,54.9,2400000,0xe0000
1781247025,54.3,2400000,0xe0000
1781247026,54.9,2400000,0xe0000
1781247027,54.9,2400000,0xe0000
1781247028,54.3,2400000,0xe0000
1781247029,54.9,2400000,0xe0000
1781247030,54.3,2400000,0xe0000
1781247031,54.9,2400000,0xe0000
1781247032,54.9,2400000,0xe0000
1781247033,54.3,2400000,0xe0000
1781247034,54.9,2400000,0xe0000
1781247035,54.9,2400000,0xe0000
1781247037,54.3,2400000,0xe0000
1781247038,55.4,2400000,0xe0000
1781247039,53.8,2400000,0xe0000
1781247040,54.9,2400000,0xe0000
1781247041,54.3,2400000,0xe0000
1781247042,54.3,2400000,0xe0000
1781247043,54.9,2400000,0xe0000
1781247044,54.9,2400000,0xe0000
1781247045,53.8,2400000,0xe0000
1781247046,54.3,2400000,0xe0000
1781247047,54.9,2400000,0xe0000
1781247048,54.3,2400000,0xe0000
1781247049,54.3,2400000,0xe0000
1781247050,53.8,2400000,0xe0000
1781247051,54.9,2400000,0xe0000
1781247052,53.8,2400000,0xe0000
1781247053,53.2,2400000,0xe0000
1781247054,54.3,2400000,0xe0000
1781247055,54.3,2400000,0xe0000
1781247056,53.8,2400000,0xe0000
1781247057,54.3,2400000,0xe0000
1781247058,54.9,2400000,0xe0000
1781247059,54.3,2400000,0xe0000
1781247060,53.8,2400000,0xe0000
1781247061,54.9,2400000,0xe0000
1781247062,54.9,2400000,0xe0000
1781247063,54.3,2400000,0xe0000
1781247064,54.9,2400000,0xe0000
1781247065,54.3,2400000,0xe0000
1781247066,54.3,2400000,0xe0000
1781247067,54.3,2400000,0xe0000
1781247068,54.3,2400000,0xe0000
1781247069,54.9,2400000,0xe0000
1781247070,54.3,2400000,0xe0000
1781247071,54.3,2400000,0xe0000
1781247072,54.9,2400000,0xe0000
1781247074,54.3,2400000,0xe0000
1781247075,54.3,2400000,0xe0000
1781247076,54.9,2400000,0xe0000
1781247077,54.3,2400000,0xe0000
1781247078,54.9,2400000,0xe0000
1781247079,53.2,2400000,0xe0000
1781247080,54.3,2400000,0xe0000
1781247081,53.2,2400000,0xe0000
1781247082,54.3,2400000,0xe0000
1781247083,54.9,2400000,0xe0000
1781247084,54.9,2400000,0xe0000
1781247085,54.9,2400000,0xe0000
1781247086,54.3,2400000,0xe0000
1781247087,54.3,2400000,0xe0000
1781247088,54.3,2400000,0xe0000
1781247089,54.3,2400000,0xe0000
1781247090,54.9,2400000,0xe0000
1781247091,54.3,2400000,0xe0000
1781247092,54.3,2400000,0xe0000
1781247093,54.3,2400000,0xe0000
1781247094,54.3,2400000,0xe0000
1781247095,54.9,2400000,0xe0000
1781247096,53.8,2400000,0xe0000
1781247097,53.8,2400000,0xe0000
1781247098,54.9,2400000,0xe0000
1781247099,54.3,2400000,0xe0000
1781247100,53.2,2400000,0xe0000
1781247101,53.2,2400000,0xe0000
1781247102,54.3,2400000,0xe0000
1781247103,54.3,2400000,0xe0000
1781247104,54.3,2400000,0xe0000
1781247105,54.3,2400000,0xe0000
1781247106,53.8,2400000,0xe0000
1781247107,55.4,2400000,0xe0000
1781247108,54.3,2400000,0xe0000
1781247109,54.9,2400000,0xe0000
1781247110,54.3,2400000,0xe0000
1781247111,54.3,2400000,0xe0000
1781247112,54.9,2400000,0xe0000
1781247114,54.3,2400000,0xe0000
1781247115,54.3,2400000,0xe0000
1781247116,54.9,2400000,0xe0000
1781247117,53.8,2400000,0xe0000
1781247118,54.9,2400000,0xe0000
1781247119,54.9,2400000,0xe0000
1781247120,54.9,2400000,0xe0000
1781247121,54.9,2400000,0xe0000
1781247122,53.8,2400000,0xe0000
1781247123,53.8,2400000,0xe0000
1781247124,54.9,2400000,0xe0000
1781247125,54.9,2400000,0xe0000
1781247126,54.9,2400000,0xe0000
1781247127,54.3,2400000,0xe0000
1781247128,54.3,2400000,0xe0000
1781247129,53.8,2400000,0xe0000
1781247130,53.8,2400000,0xe0000
1781247131,54.9,2400000,0xe0000
1781247132,54.9,2400000,0xe0000
1781247133,54.9,2400000,0xe0000
1781247134,54.9,2400000,0xe0000
1781247135,54.3,2400000,0xe0000
1781247136,54.9,2400000,0xe0000
1781247137,54.3,2400000,0xe0000
1781247138,54.9,2400000,0xe0000
1781247139,54.3,2400000,0xe0000
1781247140,54.9,2400000,0xe0000
1781247141,53.8,2400000,0xe0000
1781247142,54.3,2400000,0xe0000
1781247143,54.9,2400000,0xe0000
1781247144,54.9,2400000,0xe0000
1781247145,54.9,2400000,0xe0000
1781247146,54.3,2400000,0xe0000
1781247147,54.9,2400000,0xe0000
1781247148,54.3,2400000,0xe0000
1781247149,54.9,2400000,0xe0000
1781247150,54.3,2400000,0xe0000
1781247151,54.9,2400000,0xe0000
1781247152,54.3,2400000,0xe0000
1781247153,54.3,2400000,0xe0000
1781247154,54.9,2400000,0xe0000
1781247155,54.9,2400000,0xe0000
1781247156,54.3,2400000,0xe0000
1781247157,54.3,2400000,0xe0000
1781247158,54.9,2400000,0xe0000
1781247159,53.8,2400000,0xe0000
1781247160,54.3,2400000,0xe0000
1781247161,53.8,2400000,0xe0000
1781247162,53.2,2400000,0xe0000
1781247163,53.2,2400000,0xe0000
1781247164,54.9,2400000,0xe0000
1781247165,54.9,2400000,0xe0000
1781247166,54.9,2400000,0xe0000
1781247167,54.9,2400000,0xe0000
1781247168,54.3,2400000,0xe0000
1781247170,53.8,2400000,0xe0000
1781247171,54.3,2400000,0xe0000
1781247172,54.3,2400000,0xe0000
1781247173,54.3,2400000,0xe0000
1781247174,54.3,2400000,0xe0000
1781247175,53.2,2400000,0xe0000
1781247176,54.3,2400000,0xe0000
1781247177,54.3,2400000,0xe0000
1781247178,54.3,2400000,0xe0000
1781247179,54.9,2400000,0xe0000
1781247180,53.8,2400000,0xe0000
1781247181,54.3,2400000,0xe0000
1781247182,54.9,2400000,0xe0000
1781247183,54.9,2400000,0xe0000
1781247184,54.3,2400000,0xe0000
1781247185,54.3,2400000,0xe0000
1781247186,54.9,2400000,0xe0000
1781247187,54.9,2400000,0xe0000
1781247188,54.3,2400000,0xe0000
1781247189,54.3,2400000,0xe0000
1781247190,54.3,2400000,0xe0000
1781247191,54.3,2400000,0xe0000
1781247192,54.3,2400000,0xe0000
1781247193,54.3,2400000,0xe0000
1781247195,54.9,2400000,0xe0000
1781247196,54.3,2400000,0xe0000
1781247197,53.8,2400000,0xe0000
1781247198,54.3,2400000,0xe0000
1781247199,54.9,2400000,0xe0000
1781247200,54.3,2400000,0xe0000
1781247201,54.3,2400000,0xe0000
1781247202,54.3,2400000,0xe0000
1781247203,54.3,2400000,0xe0000
1781247204,53.8,2400000,0xe0000
1781247205,54.3,2400000,0xe0000
1781247206,54.3,2400000,0xe0000
1781247207,54.9,2400000,0xe0000
1781247208,54.3,2400000,0xe0000
1781247209,54.3,2400000,0xe0000
1781247210,54.9,2400000,0xe0000
1781247211,54.3,2400000,0xe0000
1781247212,54.9,2400000,0xe0000
1781247213,54.3,2400000,0xe0000
1781247214,54.9,2400000,0xe0000
1781247215,54.3,2400000,0xe0000
1781247216,53.8,2400000,0xe0000
1781247217,53.8,2400000,0xe0000
1781247218,54.3,2400000,0xe0000
1781247219,54.3,2400000,0xe0000
1781247220,54.9,2400000,0xe0000
1781247221,54.3,2400000,0xe0000
1781247222,54.9,2400000,0xe0000
1781247223,54.9,2400000,0xe0000
1781247224,54.9,2400000,0xe0000
1781247225,54.9,2400000,0xe0000
1781247226,54.9,2400000,0xe0000
1781247227,54.3,2400000,0xe0000
1781247228,54.9,2400000,0xe0000
1781247229,54.3,2400000,0xe0000
1781247230,53.8,2400000,0xe0000
1781247231,54.3,2400000,0xe0000
1781247232,54.3,2400000,0xe0000
1781247233,54.3,2400000,0xe0000
1781247234,55.4,2400000,0xe0000
1781247235,54.9,2400000,0xe0000
1781247236,53.8,2400000,0xe0000
1781247237,53.2,2400000,0xe0000
1781247238,54.9,2400000,0xe0000
1781247239,54.3,2400000,0xe0000
1781247240,54.9,2400000,0xe0000
1781247242,54.3,2400000,0xe0000
1781247243,53.8,2400000,0xe0000
1781247244,54.3,2400000,0xe0000
1781247245,54.3,2400000,0xe0000
1781247246,54.3,2400000,0xe0000
1781247247,54.3,2400000,0xe0000
1781247248,54.3,2400000,0xe0000
1781247249,54.3,2400000,0xe0000
1781247250,54.3,2400000,0xe0000
1781247251,54.3,2400000,0xe0000
1781247252,54.9,2400000,0xe0000
1781247253,54.3,2400000,0xe0000
1781247254,53.8,2400000,0xe0000
1781247255,53.8,2400000,0xe0000
1781247256,54.9,2400000,0xe0000
1781247257,54.9,2400000,0xe0000
1781247258,53.8,2400000,0xe0000
1781247259,54.9,2400000,0xe0000
1781247260,54.9,2400000,0xe0000
1781247261,53.2,2400000,0xe0000
1781247262,54.3,2400000,0xe0000
1781247263,54.3,2400000,0xe0000
1781247264,54.9,2400000,0xe0000
1781247265,54.3,2400000,0xe0000
1781247266,54.9,2400000,0xe0000
1781247267,54.3,2400000,0xe0000
1781247268,54.3,2400000,0xe0000
1781247269,52.7,2400000,0xe0000
1781247270,53.8,2400000,0xe0000
1781247271,54.9,2400000,0xe0000
1781247272,54.3,2400000,0xe0000
1781247273,54.3,2400000,0xe0000
1781247274,54.3,2400000,0xe0000
1781247275,53.8,2400000,0xe0000
1781247276,54.9,2400000,0xe0000
1781247278,54.3,2400000,0xe0000
1781247279,53.8,2400000,0xe0000
1781247280,54.3,2400000,0xe0000
1781247281,54.3,2400000,0xe0000
1781247282,54.3,2400000,0xe0000
1781247283,54.9,2400000,0xe0000
1781247284,54.3,2400000,0xe0000
1781247285,53.8,2400000,0xe0000
1781247286,53.8,2400000,0xe0000
1781247287,54.3,2400000,0xe0000
1781247288,54.3,2400000,0xe0000
1781247289,54.9,2400000,0xe0000
1781247290,54.3,2400000,0xe0000
1781247291,53.2,2400000,0xe0000
1781247292,54.3,2400000,0xe0000
1781247293,54.3,2400000,0xe0000
1781247294,54.3,2400000,0xe0000
1781247295,54.3,2400000,0xe0000
1781247296,54.3,2400000,0xe0000
1781247297,54.3,2400000,0xe0000
1781247298,54.9,2400000,0xe0000
1781247299,53.8,2400000,0xe0000
1781247300,54.3,2400000,0xe0000
1781247301,54.9,2400000,0xe0000
1781247302,54.3,2400000,0xe0000
1781247303,54.9,2400000,0xe0000
1781247304,54.3,2400000,0xe0000
1781247306,54.3,2400000,0xe0000
1781247307,54.3,2400000,0xe0000
1781247308,54.3,2400000,0xe0000
1781247309,53.8,2400000,0xe0000
1781247310,54.9,2400000,0xe0000
1781247311,54.3,2400000,0xe0000
1781247312,54.3,2400000,0xe0000
1781247313,54.3,2400000,0xe0000
1781247314,53.2,2400000,0xe0000
1781247315,53.8,2400000,0xe0000
1781247316,54.3,2400000,0xe0000
1781247317,53.2,2400000,0xe0000
1781247318,54.3,2400000,0xe0000
1781247319,53.8,2400000,0xe0000
1781247320,54.3,2400000,0xe0000
1781247321,54.3,2400000,0xe0000
1781247322,54.3,2400000,0xe0000
1781247323,53.8,2400000,0xe0000
1781247324,54.3,2400000,0xe0000
1781247325,54.3,2400000,0xe0000
1781247326,54.9,2400000,0xe0000
1781247327,54.3,2400000,0xe0000
1781247328,54.9,2400000,0xe0000
1781247329,54.3,2400000,0xe0000
1781247330,53.8,2400000,0xe0000
1781247331,54.3,2400000,0xe0000
1781247332,53.2,2400000,0xe0000
1781247333,54.3,2400000,0xe0000
1781247334,54.3,2400000,0xe0000
1781247335,53.8,2400000,0xe0000
1781247336,53.8,2400000,0xe0000
1781247337,53.8,2400000,0xe0000
1781247338,54.3,2400000,0xe0000
1781247339,54.3,2400000,0xe0000
1781247340,54.9,2400000,0xe0000
1781247342,54.3,2400000,0xe0000
1781247343,54.3,2400000,0xe0000
1781247344,54.3,2400000,0xe0000
1781247345,54.3,2400000,0xe0000
1781247346,54.3,2400000,0xe0000
1781247347,54.9,2400000,0xe0000
1781247348,54.9,2400000,0xe0000
1781247349,53.8,2400000,0xe0000
1781247350,54.3,2400000,0xe0000
1781247351,54.9,2400000,0xe0000
1781247352,53.8,2400000,0xe0000
1781247353,54.3,2400000,0xe0000
1781247354,53.8,2400000,0xe0000
1781247355,54.3,2400000,0xe0000
1781247356,54.9,2400000,0xe0000
1781247357,54.3,2400000,0xe0000
1781247358,54.9,2400000,0xe0000
1781247359,53.8,2400000,0xe0000
1781247360,54.3,2400000,0xe0000
1781247361,54.9,2400000,0xe0000
1781247362,54.3,2400000,0xe0000
1781247363,53.8,2400000,0xe0000
1781247364,54.9,2400000,0xe0000
1781247365,54.9,2400000,0xe0000
1781247366,53.8,2400000,0xe0000
1781247367,54.9,2400000,0xe0000
1781247368,54.3,2400000,0xe0000
1781247369,54.3,2400000,0xe0000
1781247370,54.3,2400000,0xe0000
1781247372,54.3,2400000,0xe0000
1781247373,54.9,2400000,0xe0000
1781247374,54.3,2400000,0xe0000
1781247375,54.3,2400000,0xe0000
1781247376,53.2,2400000,0xe0000
1781247377,54.3,2400000,0xe0000
1781247378,54.3,2400000,0xe0000
1781247379,53.8,2400000,0xe0000
1781247380,54.9,2400000,0xe0000
1781247381,54.3,2400000,0xe0000
1781247382,54.3,2400000,0xe0000
1781247383,54.3,2400000,0xe0000
1781247384,54.3,2400000,0xe0000
1781247385,54.9,2400000,0xe0000
1781247386,53.8,2400000,0xe0000
1781247387,53.8,2400000,0xe0000
1781247388,54.3,2400000,0xe0000
1781247389,53.8,2400000,0xe0000
1781247390,54.9,2400000,0xe0000
1781247391,54.3,2400000,0xe0000
1781247392,54.3,2400000,0xe0000
1781247393,54.9,2400000,0xe0000
1781247394,54.9,2400000,0xe0000
1781247395,54.3,2400000,0xe0000
1781247396,54.9,2400000,0xe0000
1781247397,53.8,2400000,0xe0000
1781247398,54.3,2400000,0xe0000
1781247399,54.3,2400000,0xe0000
1781247400,54.3,2400000,0xe0000
1781247401,54.3,2400000,0xe0000
1781247402,53.8,2400000,0xe0000
1781247403,54.3,2400000,0xe0000
1781247404,54.3,2400000,0xe0000
1781247405,54.3,2400000,0xe0000
1781247406,54.3,2400000,0xe0000
1781247408,53.8,2400000,0xe0000
1781247409,54.9,2400000,0xe0000
1781247410,54.3,2400000,0xe0000
1781247411,54.9,2400000,0xe0000
1781247412,52.7,2400000,0xe0000
1781247413,54.3,2400000,0xe0000
1781247414,54.9,2400000,0xe0000
1781247415,54.3,2400000,0xe0000
1781247416,54.3,2400000,0xe0000
1781247417,54.3,2400000,0xe0000
1781247418,54.3,2400000,0xe0000
1781247419,53.8,2400000,0xe0000
1781247420,54.3,2400000,0xe0000
1781247421,54.3,2400000,0xe0000
1781247422,53.8,2400000,0xe0000
1781247423,54.3,2400000,0xe0000
1781247424,54.3,2400000,0xe0000
1781247425,54.3,2400000,0xe0000
1781247426,54.3,2400000,0xe0000
1781247427,53.8,2400000,0xe0000
1781247428,54.3,2400000,0xe0000
1781247429,53.8,2400000,0xe0000
1781247430,53.8,2400000,0xe0000
1781247431,54.3,2400000,0xe0000
1781247432,53.8,2400000,0xe0000
1781247433,54.3,2400000,0xe0000
1781247434,54.3,2400000,0xe0000
1781247435,54.3,2400000,0xe0000
1781247436,53.8,2400000,0xe0000
1781247437,53.2,2400000,0xe0000
1781247438,53.8,2400000,0xe0000
1781247439,53.8,2400000,0xe0000
1781247440,53.8,2400000,0xe0000
1781247441,54.9,2400000,0xe0000
1781247442,53.8,2400000,0xe0000
1781247443,54.3,2400000,0xe0000
1781247444,54.3,2400000,0xe0000
1781247445,54.3,2400000,0xe0000
1781247446,54.3,2400000,0xe0000
1781247447,54.3,2400000,0xe0000
1781247449,53.8,2400000,0xe0000
1781247450,54.3,2400000,0xe0000
1781247451,54.9,2400000,0xe0000
1781247452,54.3,2400000,0xe0000
1781247453,54.3,2400000,0xe0000
1781247454,54.3,2400000,0xe0000
1781247455,53.8,2400000,0xe0000
1781247456,54.3,2400000,0xe0000
1781247457,54.3,2400000,0xe0000
1781247458,54.3,2400000,0xe0000
1781247459,53.8,2400000,0xe0000
1781247460,53.8,2400000,0xe0000
1781247461,54.3,2400000,0xe0000
1781247462,54.9,2400000,0xe0000
1781247463,54.3,2400000,0xe0000
1781247464,54.3,2400000,0xe0000
1781247465,53.8,2400000,0xe0000
1781247466,53.8,2400000,0xe0000
1781247467,53.8,2400000,0xe0000
1781247468,54.9,2400000,0xe0000
1781247469,53.2,2400000,0xe0000
1781247470,54.3,2400000,0xe0000
1781247471,53.8,2400000,0xe0000
1781247472,54.3,2400000,0xe0000
1781247473,54.3,2400000,0xe0000
1781247474,53.8,2400000,0xe0000
1781247475,54.3,2400000,0xe0000
1781247476,53.8,2400000,0xe0000
1781247477,54.3,2400000,0xe0000
1781247478,54.3,2400000,0xe0000
1781247479,53.8,2400000,0xe0000
1781247480,54.3,2400000,0xe0000
1781247481,53.2,2400000,0xe0000
1781247482,54.9,2400000,0xe0000
1781247483,54.3,2400000,0xe0000
1781247484,54.3,2400000,0xe0000
1781247485,54.3,2400000,0xe0000
1781247487,53.8,2400000,0xe0000
1781247488,53.8,2400000,0xe0000
1781247489,54.3,2400000,0xe0000
1781247490,53.8,2400000,0xe0000
1781247491,53.8,2400000,0xe0000
1781247492,54.3,2400000,0xe0000
1781247493,52.7,2400000,0xe0000
1781247494,54.9,2400000,0xe0000
1781247495,53.2,2400000,0xe0000
1781247496,53.8,2400000,0xe0000
1781247497,53.8,2400000,0xe0000
1781247498,54.3,2400000,0xe0000
1781247499,54.3,2400000,0xe0000
1781247500,54.3,2400000,0xe0000
1781247501,54.3,2400000,0xe0000
1781247502,53.8,2400000,0xe0000
1781247503,54.9,2400000,0xe0000
1781247504,54.3,2400000,0xe0000
1781247505,54.3,2400000,0xe0000
1781247506,54.3,2400000,0xe0000
1781247507,54.3,2400000,0xe0000
1781247508,53.8,2400000,0xe0000
1781247509,54.3,2400000,0xe0000
1781247510,54.3,2400000,0xe0000
1781247511,54.3,2400000,0xe0000
1781247512,53.2,2400000,0xe0000
1781247514,54.3,2400000,0xe0000
1781247515,54.9,2400000,0xe0000
1781247516,53.8,2400000,0xe0000
1781247517,53.2,2400000,0xe0000
1781247518,54.3,2400000,0xe0000
1781247519,54.9,2400000,0xe0000
1781247520,54.3,2400000,0xe0000
1781247521,54.9,2400000,0xe0000
1781247522,54.3,2400000,0xe0000
1781247523,53.8,2400000,0xe0000
1781247524,54.3,2400000,0xe0000
1781247525,53.2,2400000,0xe0000
1781247526,53.8,2400000,0xe0000
1781247527,54.3,2400000,0xe0000
1781247528,54.9,2400000,0xe0000
