1781247650,51.0,2400000,0xe0000
1781247651,52.1,2400000,0xe0000
1781247652,52.1,2400000,0xe0000
1781247653,52.1,2400000,0xe0000
1781247654,52.1,2400000,0xe0000
1781247655,52.1,2400000,0xe0000
1781247656,52.7,2400000,0xe0000
1781247658,52.7,2400000,0xe0000
1781247659,52.7,2400000,0xe0000
1781247660,52.1,2400000,0xe0000
1781247661,52.1,2400000,0xe0000
1781247662,52.1,2400000,0xe0000
1781247663,52.1,2400000,0xe0000
1781247664,52.7,2400000,0xe0000
1781247665,52.1,2400000,0xe0000
1781247666,53.2,2400000,0xe0000
1781247667,51.0,2400000,0xe0000
1781247668,52.1,2400000,0xe0000
1781247669,52.1,2400000,0xe0000
1781247670,52.1,2400000,0xe0000
1781247671,52.1,2400000,0xe0000
1781247672,52.1,2400000,0xe0000
1781247673,51.6,2400000,0xe0000
1781247674,52.1,2400000,0xe0000
1781247675,52.1,2400000,0xe0000
1781247676,52.1,2400000,0xe0000
1781247677,52.7,2400000,0xe0000
1781247678,52.7,2400000,0xe0000
1781247679,52.7,2400000,0xe0000
1781247680,52.7,2400000,0xe0000
1781247681,52.7,2400000,0xe0000
1781247682,52.1,2400000,0xe0000
1781247683,52.7,2400000,0xe0000
1781247684,52.1,2400000,0xe0000
1781247685,52.1,2400000,0xe0000
1781247686,52.7,2400000,0xe0000
1781247687,52.1,2400000,0xe0000
1781247688,52.7,2400000,0xe0000
1781247689,52.1,2400000,0xe0000
1781247690,52.7,2400000,0xe0000
1781247691,52.7,2400000,0xe0000
1781247692,52.7,2400000,0xe0000
1781247693,52.7,2400000,0xe0000
1781247694,52.7,2400000,0xe0000
1781247695,52.7,2400000,0xe0000
1781247696,52.7,2400000,0xe0000
1781247697,52.7,2400000,0xe0000
1781247698,51.6,2400000,0xe0000
1781247699,52.7,2400000,0xe0000
1781247700,52.7,2400000,0xe0000
1781247701,52.7,2400000,0xe0000
1781247702,52.7,2400000,0xe0000
1781247703,53.2,2400000,0xe0000
1781247704,52.1,2400000,0xe0000
1781247705,52.7,2400000,0xe0000
1781247707,52.1,2400000,0xe0000
1781247708,52.7,2400000,0xe0000
1781247709,53.2,2400000,0xe0000
1781247710,52.1,2400000,0xe0000
1781247711,52.1,2400000,0xe0000
1781247712,52.7,2400000,0xe0000
1781247713,52.7,2400000,0xe0000
1781247714,52.7,2400000,0xe0000
1781247715,52.7,2400000,0xe0000
1781247716,51.6,2400000,0xe0000
1781247717,52.1,2400000,0xe0000
1781247718,52.7,2400000,0xe0000
1781247719,52.7,2400000,0xe0000
1781247720,52.7,2400000,0xe0000
1781247721,52.7,2400000,0xe0000
1781247722,52.1,2400000,0xe0000
1781247723,52.7,2400000,0xe0000
1781247724,52.7,2400000,0xe0000
1781247725,52.7,2400000,0xe0000
1781247726,52.7,2400000,0xe0000
1781247727,52.7,2400000,0xe0000
1781247728,52.7,2400000,0xe0000
1781247729,53.2,2400000,0xe0000
1781247730,52.1,2400000,0xe0000
1781247731,52.7,2400000,0xe0000
1781247732,51.6,2400000,0xe0000
1781247733,52.7,2400000,0xe0000
1781247734,52.7,2400000,0xe0000
1781247735,52.1,2400000,0xe0000
1781247736,53.2,2400000,0xe0000
1781247737,52.1,2400000,0xe0000
1781247738,52.7,2400000,0xe0000
1781247739,53.2,2400000,0xe0000
1781247740,52.7,2400000,0xe0000
1781247741,52.7,2400000,0xe0000
1781247742,52.1,2400000,0xe0000
1781247743,52.7,2400000,0xe0000
1781247744,52.7,2400000,0xe0000
1781247746,52.1,2400000,0xe0000
1781247747,52.7,2400000,0xe0000
1781247748,52.7,2400000,0xe0000
1781247749,53.2,2400000,0xe0000
1781247750,52.7,2400000,0xe0000
1781247751,52.7,2400000,0xe0000
1781247752,52.7,2400000,0xe0000
1781247753,52.7,2400000,0xe0000
1781247754,52.1,2400000,0xe0000
1781247755,53.2,2400000,0xe0000
1781247756,53.2,2400000,0xe0000
1781247757,53.2,2400000,0xe0000
1781247758,53.8,2400000,0xe0000
1781247759,53.2,2400000,0xe0000
1781247760,53.2,2400000,0xe0000
1781247761,52.7,2400000,0xe0000
1781247762,52.7,2400000,0xe0000
1781247763,53.8,2400000,0xe0000
1781247764,52.7,2400000,0xe0000
1781247765,52.7,2400000,0xe0000
1781247766,52.7,2400000,0xe0000
1781247767,52.7,2400000,0xe0000
1781247768,52.1,2400000,0xe0000
1781247769,52.7,2400000,0xe0000
1781247770,53.8,2400000,0xe0000
1781247771,52.7,2400000,0xe0000
1781247772,52.7,2400000,0xe0000
1781247773,52.7,2400000,0xe0000
1781247774,53.2,2400000,0xe0000
1781247775,52.7,2400000,0xe0000
1781247776,52.7,2400000,0xe0000
1781247777,52.7,2400000,0xe0000
1781247778,52.7,2400000,0xe0000
1781247779,52.7,2400000,0xe0000
1781247780,53.2,2400000,0xe0000
1781247781,52.7,2400000,0xe0000
1781247783,52.1,2400000,0xe0000
1781247784,52.7,2400000,0xe0000
1781247785,52.7,2400000,0xe0000
1781247786,53.2,2400000,0xe0000
1781247787,52.7,2400000,0xe0000
1781247788,52.1,2400000,0xe0000
1781247789,53.2,2400000,0xe0000
1781247790,52.7,2400000,0xe0000
1781247791,53.2,2400000,0xe0000
1781247792,52.7,2400000,0xe0000
1781247793,53.2,2400000,0xe0000
1781247794,52.7,2400000,0xe0000
1781247795,53.2,2400000,0xe0000
1781247796,52.7,2400000,0xe0000
1781247797,51.6,2400000,0xe0000
1781247798,52.7,2400000,0xe0000
1781247799,52.7,2400000,0xe0000
1781247800,53.2,2400000,0xe0000
1781247801,52.7,2400000,0xe0000
1781247802,53.8,2400000,0xe0000
1781247803,53.2,2400000,0xe0000
1781247804,52.7,2400000,0xe0000
1781247805,52.7,2400000,0xe0000
1781247806,53.2,2400000,0xe0000
1781247807,52.7,2400000,0xe0000
1781247808,53.2,2400000,0xe0000
1781247809,52.7,2400000,0xe0000
1781247810,52.7,2400000,0xe0000
1781247811,53.2,2400000,0xe0000
1781247812,53.2,2400000,0xe0000
1781247813,52.7,2400000,0xe0000
1781247814,52.7,2400000,0xe0000
1781247815,52.7,2400000,0xe0000
1781247816,51.6,2400000,0xe0000
1781247817,53.8,2400000,0xe0000
1781247818,52.7,2400000,0xe0000
1781247819,52.7,2400000,0xe0000
1781247820,53.2,2400000,0xe0000
1781247821,53.2,2400000,0xe0000
1781247822,53.2,2400000,0xe0000
1781247823,52.7,2400000,0xe0000
1781247824,52.7,2400000,0xe0000
1781247825,53.2,2400000,0xe0000
1781247826,52.7,2400000,0xe0000
1781247827,52.7,2400000,0xe0000
1781247828,52.7,2400000,0xe0000
1781247829,53.2,2400000,0xe0000
1781247830,53.2,2400000,0xe0000
1781247831,53.2,2400000,0xe0000
1781247832,53.2,2400000,0xe0000
1781247834,52.7,2400000,0xe0000
1781247835,52.7,2400000,0xe0000
1781247836,53.2,2400000,0xe0000
1781247837,53.2,2400000,0xe0000
1781247838,53.2,2400000,0xe0000
1781247839,53.2,2400000,0xe0000
1781247840,53.8,2400000,0xe0000
1781247841,53.8,2400000,0xe0000
1781247842,52.7,2400000,0xe0000
1781247843,52.7,2400000,0xe0000
1781247844,53.8,2400000,0xe0000
1781247845,53.2,2400000,0xe0000
1781247846,52.7,2400000,0xe0000
1781247847,53.2,2400000,0xe0000
1781247848,52.7,2400000,0xe0000
1781247849,53.2,2400000,0xe0000
1781247850,53.8,2400000,0xe0000
1781247851,53.2,2400000,0xe0000
1781247852,52.7,2400000,0xe0000
1781247853,53.2,2400000,0xe0000
1781247854,52.7,2400000,0xe0000
1781247855,52.7,2400000,0xe0000
1781247856,52.7,2400000,0xe0000
1781247857,52.7,2400000,0xe0000
1781247858,52.1,2400000,0xe0000
1781247859,53.8,2400000,0xe0000
1781247860,53.8,2400000,0xe0000
1781247861,52.7,2400000,0xe0000
1781247862,53.2,2400000,0xe0000
1781247863,53.2,2400000,0xe0000
1781247864,53.2,2400000,0xe0000
1781247865,52.7,2400000,0xe0000
1781247866,53.2,2400000,0xe0000
1781247867,52.7,2400000,0xe0000
1781247868,52.1,2400000,0xe0000
1781247869,52.7,2400000,0xe0000
1781247870,53.2,2400000,0xe0000
1781247871,53.2,2400000,0xe0000
1781247872,53.2,2400000,0xe0000
1781247873,53.2,2400000,0xe0000
1781247874,52.7,2400000,0xe0000
1781247875,53.2,2400000,0xe0000
1781247876,53.2,2400000,0xe0000
1781247877,53.2,2400000,0xe0000
1781247878,52.7,2400000,0xe0000
1781247879,52.7,2400000,0xe0000
1781247880,53.2,2400000,0xe0000
1781247881,53.2,2400000,0xe0000
1781247882,52.7,2400000,0xe0000
1781247884,53.2,2400000,0xe0000
1781247885,53.2,2400000,0xe0000
1781247886,53.2,2400000,0xe0000
1781247887,53.2,2400000,0xe0000
1781247888,53.2,2400000,0xe0000
1781247889,53.2,2400000,0xe0000
1781247890,52.1,2400000,0xe0000
1781247891,53.2,2400000,0xe0000
1781247892,52.7,2400000,0xe0000
1781247893,52.7,2400000,0xe0000
1781247894,53.2,2400000,0xe0000
1781247895,53.2,2400000,0xe0000
1781247896,53.2,2400000,0xe0000
1781247897,53.2,2400000,0xe0000
1781247898,53.2,2400000,0xe0000
1781247899,53.2,2400000,0xe0000
1781247900,53.8,2400000,0xe0000
1781247901,52.1,2400000,0xe0000
1781247902,53.2,2400000,0xe0000
1781247903,52.7,2400000,0xe0000
1781247904,52.7,2400000,0xe0000
1781247905,52.7,2400000,0xe0000
1781247906,52.7,2400000,0xe0000
1781247907,53.2,2400000,0xe0000
1781247908,53.2,2400000,0xe0000
1781247909,52.7,2400000,0xe0000
1781247910,53.8,2400000,0xe0000
1781247911,52.7,2400000,0xe0000
1781247912,52.7,2400000,0xe0000
1781247913,53.2,2400000,0xe0000
1781247914,53.2,2400000,0xe0000
1781247915,52.7,2400000,0xe0000
1781247916,53.2,2400000,0xe0000
1781247917,53.2,2400000,0xe0000
1781247918,52.7,2400000,0xe0000
1781247919,53.2,2400000,0xe0000
1781247920,53.2,2400000,0xe0000
1781247921,52.7,2400000,0xe0000
1781247922,52.7,2400000,0xe0000
1781247923,53.2,2400000,0xe0000
1781247924,52.7,2400000,0xe0000
1781247925,53.8,2400000,0xe0000
1781247926,53.8,2400000,0xe0000
1781247928,53.2,2400000,0xe0000
1781247929,53.2,2400000,0xe0000
1781247930,53.2,2400000,0xe0000
1781247931,53.2,2400000,0xe0000
1781247932,52.7,2400000,0xe0000
1781247933,53.8,2400000,0xe0000
1781247934,53.2,2400000,0xe0000
1781247935,53.8,2400000,0xe0000
1781247936,52.7,2400000,0xe0000
1781247937,52.7,2400000,0xe0000
1781247938,53.2,2400000,0xe0000
1781247939,52.7,2400000,0xe0000
1781247940,53.2,2400000,0xe0000
1781247941,53.8,2400000,0xe0000
1781247942,53.2,2400000,0xe0000
1781247943,52.7,2400000,0xe0000
1781247944,52.7,2400000,0xe0000
1781247945,52.7,2400000,0xe0000
1781247946,53.2,2400000,0xe0000
1781247947,53.2,2400000,0xe0000
1781247948,53.2,2400000,0xe0000
1781247949,53.2,2400000,0xe0000
1781247950,53.2,2400000,0xe0000
1781247951,53.2,2400000,0xe0000
1781247952,53.8,2400000,0xe0000
1781247953,53.2,2400000,0xe0000
1781247954,52.7,2400000,0xe0000
1781247956,52.7,2400000,0xe0000
1781247957,53.2,2400000,0xe0000
1781247958,53.2,2400000,0xe0000
1781247959,53.2,2400000,0xe0000
1781247960,53.8,2400000,0xe0000
1781247961,53.2,2400000,0xe0000
1781247962,53.8,2400000,0xe0000
1781247963,53.2,2400000,0xe0000
1781247964,53.2,2400000,0xe0000
1781247965,52.7,2400000,0xe0000
1781247966,53.8,2400000,0xe0000
1781247967,53.2,2400000,0xe0000
1781247968,53.8,2400000,0xe0000
1781247969,53.2,2400000,0xe0000
1781247970,53.2,2400000,0xe0000
1781247971,53.2,2400000,0xe0000
1781247972,53.2,2400000,0xe0000
1781247973,52.7,2400000,0xe0000
1781247974,53.8,2400000,0xe0000
1781247975,52.7,2400000,0xe0000
1781247976,53.8,2400000,0xe0000
1781247977,54.3,2400000,0xe0000
1781247978,53.2,2400000,0xe0000
1781247979,53.2,2400000,0xe0000
1781247980,53.2,2400000,0xe0000
1781247981,53.8,2400000,0xe0000
1781247982,53.2,2400000,0xe0000
1781247983,53.8,2400000,0xe0000
1781247984,52.1,2400000,0xe0000
1781247985,53.2,2400000,0xe0000
1781247986,53.2,2400000,0xe0000
1781247987,54.3,2400000,0xe0000
1781247988,53.8,2400000,0xe0000
1781247990,53.8,2400000,0xe0000
1781247991,53.2,2400000,0xe0000
1781247992,53.8,2400000,0xe0000
1781247993,53.8,2400000,0xe0000
1781247994,54.3,2400000,0xe0000
1781247995,53.8,2400000,0xe0000
1781247996,53.2,2400000,0xe0000
1781247997,53.8,2400000,0xe0000
1781247998,53.2,2400000,0xe0000
1781247999,54.3,2400000,0xe0000
1781248000,53.2,2400000,0xe0000
1781248001,53.8,2400000,0xe0000
1781248002,53.8,2400000,0xe0000
1781248003,53.2,2400000,0xe0000
1781248004,53.8,2400000,0xe0000
1781248005,53.8,2400000,0xe0000
1781248006,53.8,2400000,0xe0000
1781248007,54.3,2400000,0xe0000
1781248008,53.8,2400000,0xe0000
1781248009,52.7,2400000,0xe0000
1781248010,53.8,2400000,0xe0000
1781248011,53.8,2400000,0xe0000
1781248012,53.2,2400000,0xe0000
1781248013,53.2,2400000,0xe0000
1781248014,52.1,2400000,0xe0000
1781248015,53.2,2400000,0xe0000
1781248016,53.8,2400000,0xe0000
1781248017,53.2,2400000,0xe0000
1781248018,53.2,2400000,0xe0000
1781248019,53.2,2400000,0xe0000
1781248020,53.2,2400000,0xe0000
1781248021,53.2,2400000,0xe0000
1781248022,53.2,2400000,0xe0000
1781248023,53.2,2400000,0xe0000
1781248024,53.8,2400000,0xe0000
1781248025,53.2,2400000,0xe0000
1781248026,53.8,2400000,0xe0000
1781248027,53.8,2400000,0xe0000
1781248029,54.3,2400000,0xe0000
1781248030,53.2,2400000,0xe0000
1781248031,53.2,2400000,0xe0000
1781248032,53.2,2400000,0xe0000
1781248033,53.2,2400000,0xe0000
1781248034,53.2,2400000,0xe0000
1781248035,54.3,2400000,0xe0000
1781248036,53.2,2400000,0xe0000
1781248037,53.2,2400000,0xe0000
1781248038,53.8,2400000,0xe0000
1781248039,53.2,2400000,0xe0000
1781248040,53.8,2400000,0xe0000
1781248041,53.2,2400000,0xe0000
1781248042,53.8,2400000,0xe0000
1781248043,53.8,2400000,0xe0000
1781248044,53.8,2400000,0xe0000
1781248045,53.8,2400000,0xe0000
1781248046,53.8,2400000,0xe0000
1781248047,53.8,2400000,0xe0000
1781248048,54.3,2400000,0xe0000
1781248049,54.3,2400000,0xe0000
1781248050,53.2,2400000,0xe0000
1781248051,53.8,2400000,0xe0000
1781248052,53.2,2400000,0xe0000
1781248053,54.3,2400000,0xe0000
1781248054,53.2,2400000,0xe0000
1781248055,53.8,2400000,0xe0000
1781248056,52.7,2400000,0xe0000
1781248058,53.2,2400000,0xe0000
1781248059,53.2,2400000,0xe0000
1781248060,53.2,2400000,0xe0000
1781248061,53.8,2400000,0xe0000
1781248062,53.8,2400000,0xe0000
1781248063,54.3,2400000,0xe0000
1781248064,53.2,2400000,0xe0000
1781248065,54.3,2400000,0xe0000
1781248066,53.2,2400000,0xe0000
1781248067,53.8,2400000,0xe0000
1781248068,53.8,2400000,0xe0000
1781248069,53.8,2400000,0xe0000
1781248070,53.8,2400000,0xe0000
1781248071,53.8,2400000,0xe0000
1781248072,53.8,2400000,0xe0000
1781248073,53.8,2400000,0xe0000
1781248074,53.8,2400000,0xe0000
1781248075,53.8,2400000,0xe0000
1781248076,53.2,2400000,0xe0000
1781248077,53.8,2400000,0xe0000
1781248078,53.8,2400000,0xe0000
1781248079,53.8,2400000,0xe0000
1781248080,53.8,2400000,0xe0000
1781248081,53.2,2400000,0xe0000
1781248082,53.8,2400000,0xe0000
1781248083,54.3,2400000,0xe0000
1781248084,53.8,2400000,0xe0000
1781248085,53.2,2400000,0xe0000
1781248086,54.3,2400000,0xe0000
1781248087,53.2,2400000,0xe0000
1781248088,53.2,2400000,0xe0000
1781248089,53.2,2400000,0xe0000
1781248090,53.8,2400000,0xe0000
1781248091,52.1,2400000,0xe0000
1781248092,53.8,2400000,0xe0000
1781248093,53.2,2400000,0xe0000
1781248094,53.8,2400000,0xe0000
1781248095,53.2,2400000,0xe0000
1781248096,53.2,2400000,0xe0000
1781248097,53.8,2400000,0xe0000
1781248098,53.8,2400000,0xe0000
1781248099,53.2,2400000,0xe0000
1781248100,54.3,2400000,0xe0000
1781248101,53.8,2400000,0xe0000
1781248102,53.8,2400000,0xe0000
1781248103,53.8,2400000,0xe0000
1781248104,54.3,2400000,0xe0000
1781248105,53.8,2400000,0xe0000
1781248106,54.3,2400000,0xe0000
1781248107,53.8,2400000,0xe0000
1781248108,53.8,2400000,0xe0000
1781248109,54.3,2400000,0xe0000
1781248110,54.3,2400000,0xe0000
1781248111,53.8,2400000,0xe0000
1781248112,54.3,2400000,0xe0000
1781248113,54.3,2400000,0xe0000
1781248114,53.8,2400000,0xe0000
1781248115,54.3,2400000,0xe0000
1781248116,53.8,2400000,0xe0000
1781248117,54.3,2400000,0xe0000
1781248118,54.3,2400000,0xe0000
1781248119,53.8,2400000,0xe0000
1781248120,53.8,2400000,0xe0000
1781248121,53.8,2400000,0xe0000
1781248123,53.2,2400000,0xe0000
1781248124,53.8,2400000,0xe0000
1781248125,54.3,2400000,0xe0000
1781248126,52.7,2400000,0xe0000
1781248127,54.3,2400000,0xe0000
1781248128,54.3,2400000,0xe0000
1781248129,53.2,2400000,0xe0000
1781248130,53.8,2400000,0xe0000
1781248131,53.2,2400000,0xe0000
1781248132,53.2,2400000,0xe0000
1781248133,54.3,2400000,0xe0000
1781248134,54.3,2400000,0xe0000
1781248135,54.3,2400000,0xe0000
1781248136,53.8,2400000,0xe0000
1781248137,54.3,2400000,0xe0000
1781248138,54.3,2400000,0xe0000
1781248139,54.3,2400000,0xe0000
1781248140,54.3,2400000,0xe0000
1781248141,53.8,2400000,0xe0000
1781248142,54.3,2400000,0xe0000
1781248143,53.8,2400000,0xe0000
1781248144,54.3,2400000,0xe0000
1781248145,53.8,2400000,0xe0000
1781248146,53.8,2400000,0xe0000
1781248148,53.2,2400000,0xe0000
1781248149,53.2,2400000,0xe0000
1781248150,54.3,2400000,0xe0000
1781248151,53.8,2400000,0xe0000
1781248152,54.9,2400000,0xe0000
1781248153,54.3,2400000,0xe0000
1781248154,53.8,2400000,0xe0000
1781248155,53.8,2400000,0xe0000
1781248156,52.1,2400000,0xe0000
1781248157,53.8,2400000,0xe0000
1781248158,54.3,2400000,0xe0000
1781248159,54.3,2400000,0xe0000
1781248160,53.8,2400000,0xe0000
1781248161,53.2,2400000,0xe0000
1781248162,53.8,2400000,0xe0000
1781248163,54.3,2400000,0xe0000
1781248164,54.3,2400000,0xe0000
1781248165,54.3,2400000,0xe0000
1781248166,54.3,2400000,0xe0000
1781248167,53.8,2400000,0xe0000
1781248168,54.3,2400000,0xe0000
1781248169,53.8,2400000,0xe0000
1781248170,54.3,2400000,0xe0000
1781248171,53.2,2400000,0xe0000
1781248172,54.9,2400000,0xe0000
1781248173,54.3,2400000,0xe0000
1781248174,53.2,2400000,0xe0000
1781248175,53.8,2400000,0xe0000
1781248176,53.8,2400000,0xe0000
1781248177,54.3,2400000,0xe0000
1781248178,54.3,2400000,0xe0000
1781248179,53.8,2400000,0xe0000
1781248180,54.3,2400000,0xe0000
1781248181,54.3,2400000,0xe0000
1781248182,54.3,2400000,0xe0000
1781248183,54.3,2400000,0xe0000
1781248184,54.3,2400000,0xe0000
1781248186,53.8,2400000,0xe0000
1781248187,54.3,2400000,0xe0000
1781248188,54.3,2400000,0xe0000
1781248189,54.3,2400000,0xe0000
1781248190,53.8,2400000,0xe0000
1781248191,54.3,2400000,0xe0000
1781248192,54.9,2400000,0xe0000
1781248193,54.3,2400000,0xe0000
1781248194,53.8,2400000,0xe0000
1781248195,54.3,2400000,0xe0000
1781248196,53.8,2400000,0xe0000
1781248197,54.3,2400000,0xe0000
1781248198,53.8,2400000,0xe0000
1781248199,53.2,2400000,0xe0000
1781248200,54.3,2400000,0xe0000
1781248201,54.3,2400000,0xe0000
1781248202,54.3,2400000,0xe0000
1781248203,54.3,2400000,0xe0000
1781248204,54.3,2400000,0xe0000
1781248205,53.8,2400000,0xe0000
1781248206,53.8,2400000,0xe0000
1781248207,53.8,2400000,0xe0000
1781248208,54.9,2400000,0xe0000
1781248209,54.3,2400000,0xe0000
1781248210,54.3,2400000,0xe0000
1781248211,54.3,2400000,0xe0000
1781248212,53.2,2400000,0xe0000
1781248213,54.3,2400000,0xe0000
1781248214,53.8,2400000,0xe0000
1781248215,53.8,2400000,0xe0000
1781248216,54.3,2400000,0xe0000
1781248217,53.8,2400000,0xe0000
1781248218,53.2,2400000,0xe0000
1781248219,53.8,2400000,0xe0000
1781248220,54.3,2400000,0xe0000
1781248221,53.8,2400000,0xe0000
1781248223,53.8,2400000,0xe0000
1781248224,53.8,2400000,0xe0000
1781248225,54.3,2400000,0xe0000
1781248226,54.3,2400000,0xe0000
1781248227,54.3,2400000,0xe0000
1781248228,52.7,2400000,0xe0000
1781248229,53.2,2400000,0xe0000
1781248230,54.3,2400000,0xe0000
1781248231,54.3,2400000,0xe0000
1781248232,52.7,2400000,0xe0000
1781248233,53.2,2400000,0xe0000
1781248234,54.3,2400000,0xe0000
1781248235,54.3,2400000,0xe0000
1781248236,53.8,2400000,0xe0000
1781248237,53.8,2400000,0xe0000
1781248238,53.8,2400000,0xe0000
1781248239,54.3,2400000,0xe0000
1781248240,53.8,2400000,0xe0000
1781248241,54.3,2400000,0xe0000
1781248242,53.8,2400000,0xe0000
1781248243,54.3,2400000,0xe0000
1781248245,55.4,2400000,0xe0000
1781248246,54.3,2400000,0xe0000
1781248247,54.3,2400000,0xe0000
1781248248,54.3,2400000,0xe0000
1781248249,54.9,2400000,0xe0000
1781248250,53.8,2400000,0xe0000
1781248251,53.8,2400000,0xe0000
1781248252,54.3,2400000,0xe0000
1781248253,53.8,2400000,0xe0000
1781248254,54.3,2400000,0xe0000
1781248255,54.3,2400000,0xe0000
1781248256,54.3,2400000,0xe0000
1781248257,54.3,2400000,0xe0000
1781248258,54.3,2400000,0xe0000
1781248259,53.8,2400000,0xe0000
1781248260,53.8,2400000,0xe0000
1781248261,54.3,2400000,0xe0000
1781248262,53.8,2400000,0xe0000
1781248263,54.3,2400000,0xe0000
1781248264,54.3,2400000,0xe0000
1781248265,54.3,2400000,0xe0000
1781248266,54.9,2400000,0xe0000
1781248267,54.3,2400000,0xe0000
1781248268,54.3,2400000,0xe0000
1781248269,53.8,2400000,0xe0000
1781248270,53.8,2400000,0xe0000
1781248271,52.7,2400000,0xe0000
1781248272,54.3,2400000,0xe0000
1781248273,54.3,2400000,0xe0000
1781248274,54.3,2400000,0xe0000
1781248275,54.3,2400000,0xe0000
1781248276,53.8,2400000,0xe0000
1781248277,54.3,2400000,0xe0000
1781248278,54.3,2400000,0xe0000
1781248279,53.2,2400000,0xe0000
1781248281,53.8,2400000,0xe0000
1781248282,53.8,2400000,0xe0000
1781248283,54.9,2400000,0xe0000
1781248284,54.3,2400000,0xe0000
1781248285,54.3,2400000,0xe0000
1781248286,53.8,2400000,0xe0000
1781248287,53.8,2400000,0xe0000
1781248288,53.8,2400000,0xe0000
1781248289,53.8,2400000,0xe0000
1781248290,54.3,2400000,0xe0000
1781248291,53.2,2400000,0xe0000
1781248292,54.3,2400000,0xe0000
1781248293,54.3,2400000,0xe0000
1781248294,54.3,2400000,0xe0000
1781248295,53.8,2400000,0xe0000
1781248296,53.8,2400000,0xe0000
1781248297,54.9,2400000,0xe0000
1781248298,54.3,2400000,0xe0000
1781248299,53.8,2400000,0xe0000
1781248300,53.8,2400000,0xe0000
1781248301,54.3,2400000,0xe0000
1781248302,54.3,2400000,0xe0000
1781248303,54.3,2400000,0xe0000
1781248304,53.8,2400000,0xe0000
1781248305,53.8,2400000,0xe0000
1781248306,54.3,2400000,0xe0000
1781248307,53.8,2400000,0xe0000
1781248308,53.8,2400000,0xe0000
1781248309,54.3,2400000,0xe0000
1781248310,53.8,2400000,0xe0000
1781248311,54.3,2400000,0xe0000
1781248312,54.3,2400000,0xe0000
1781248313,53.8,2400000,0xe0000
1781248315,53.8,2400000,0xe0000
1781248316,53.8,2400000,0xe0000
1781248317,54.3,2400000,0xe0000
1781248318,53.8,2400000,0xe0000
1781248319,53.2,2400000,0xe0000
1781248320,54.3,2400000,0xe0000
1781248321,53.8,2400000,0xe0000
1781248322,54.3,2400000,0xe0000
1781248323,54.3,2400000,0xe0000
1781248324,54.3,2400000,0xe0000
1781248325,54.3,2400000,0xe0000
1781248326,54.3,2400000,0xe0000
1781248327,54.3,2400000,0xe0000
1781248328,53.8,2400000,0xe0000
1781248329,53.8,2400000,0xe0000
1781248330,54.3,2400000,0xe0000
1781248331,54.3,2400000,0xe0000
1781248332,53.2,2400000,0xe0000
1781248333,54.3,2400000,0xe0000
1781248334,54.3,2400000,0xe0000
1781248335,54.3,2400000,0xe0000
1781248336,52.7,2400000,0xe0000
1781248337,53.8,2400000,0xe0000
1781248338,53.8,2400000,0xe0000
1781248339,52.7,2400000,0xe0000
1781248340,54.3,2400000,0xe0000
1781248341,54.3,2400000,0xe0000
1781248342,54.3,2400000,0xe0000
1781248343,54.3,2400000,0xe0000
1781248345,53.2,2400000,0xe0000
1781248346,53.8,2400000,0xe0000
1781248347,54.3,2400000,0xe0000
1781248348,53.8,2400000,0xe0000
1781248349,54.3,2400000,0xe0000
1781248350,54.3,2400000,0xe0000
1781248351,53.8,2400000,0xe0000
1781248352,54.3,2400000,0xe0000
1781248353,54.3,2400000,0xe0000
1781248354,54.3,2400000,0xe0000
1781248355,54.3,2400000,0xe0000
1781248356,54.3,2400000,0xe0000
1781248357,54.3,2400000,0xe0000
1781248358,54.9,2400000,0xe0000
1781248359,54.3,2400000,0xe0000
1781248360,54.3,2400000,0xe0000
1781248361,54.3,2400000,0xe0000
1781248362,54.3,2400000,0xe0000
1781248363,53.8,2400000,0xe0000
1781248364,54.3,2400000,0xe0000
1781248365,53.8,2400000,0xe0000
1781248366,53.8,2400000,0xe0000
1781248367,53.8,2400000,0xe0000
1781248368,52.7,2400000,0xe0000
1781248369,54.3,2400000,0xe0000
1781248370,54.3,2400000,0xe0000
1781248371,54.3,2400000,0xe0000
1781248372,54.3,2400000,0xe0000
1781248374,54.3,2400000,0xe0000
1781248375,54.3,2400000,0xe0000
1781248376,54.9,2400000,0xe0000
1781248377,54.3,2400000,0xe0000
1781248378,54.3,2400000,0xe0000
1781248379,54.9,2400000,0xe0000
1781248380,54.3,2400000,0xe0000
1781248381,54.3,2400000,0xe0000
1781248382,53.8,2400000,0xe0000
1781248383,53.8,2400000,0xe0000
1781248384,54.3,2400000,0xe0000
1781248385,54.3,2400000,0xe0000
1781248386,53.8,2400000,0xe0000
1781248387,53.8,2400000,0xe0000
1781248388,53.8,2400000,0xe0000
1781248389,54.3,2400000,0xe0000
1781248390,53.8,2400000,0xe0000
1781248391,53.8,2400000,0xe0000
1781248392,53.8,2400000,0xe0000
1781248393,54.3,2400000,0xe0000
1781248394,54.9,2400000,0xe0000
1781248395,53.8,2400000,0xe0000
1781248396,54.3,2400000,0xe0000
1781248397,54.3,2400000,0xe0000
1781248398,54.3,2400000,0xe0000
1781248399,54.3,2400000,0xe0000
1781248400,53.8,2400000,0xe0000
1781248401,54.3,2400000,0xe0000
1781248402,54.9,2400000,0xe0000
1781248403,54.3,2400000,0xe0000
1781248404,54.3,2400000,0xe0000
1781248405,53.8,2400000,0xe0000
1781248406,54.3,2400000,0xe0000
1781248407,54.3,2400000,0xe0000
1781248408,54.9,2400000,0xe0000
1781248409,54.3,2400000,0xe0000
1781248410,53.8,2400000,0xe0000
1781248411,54.9,2400000,0xe0000
1781248412,53.8,2400000,0xe0000
1781248414,54.3,2400000,0xe0000
1781248415,53.8,2400000,0xe0000
1781248416,54.9,2400000,0xe0000
1781248417,54.3,2400000,0xe0000
1781248418,53.8,2400000,0xe0000
1781248419,54.3,2400000,0xe0000
1781248420,53.8,2400000,0xe0000
1781248421,54.3,2400000,0xe0000
1781248422,54.9,2400000,0xe0000
1781248423,54.3,2400000,0xe0000
1781248424,53.8,2400000,0xe0000
1781248425,54.3,2400000,0xe0000
1781248426,54.3,2400000,0xe0000
1781248427,54.3,2400000,0xe0000
1781248428,54.3,2400000,0xe0000
1781248429,54.3,2400000,0xe0000
1781248430,54.3,2400000,0xe0000
1781248431,53.8,2400000,0xe0000
1781248432,53.8,2400000,0xe0000
1781248433,53.8,2400000,0xe0000
1781248434,54.3,2400000,0xe0000
1781248435,53.8,2400000,0xe0000
1781248436,54.3,2400000,0xe0000
1781248437,54.3,2400000,0xe0000
1781248438,54.3,2400000,0xe0000
1781248439,54.3,2400000,0xe0000
1781248440,53.2,2400000,0xe0000
1781248441,53.2,2400000,0xe0000
1781248442,54.3,2400000,0xe0000
1781248443,53.8,2400000,0xe0000
1781248444,54.3,2400000,0xe0000
1781248445,53.8,2400000,0xe0000
1781248446,54.3,2400000,0xe0000
1781248447,54.3,2400000,0xe0000
1781248448,54.3,2400000,0xe0000
1781248449,54.9,2400000,0xe0000
1781248450,54.3,2400000,0xe0000
1781248452,54.9,2400000,0xe0000
1781248453,54.3,2400000,0xe0000
1781248454,53.8,2400000,0xe0000
1781248455,54.3,2400000,0xe0000
1781248456,54.3,2400000,0xe0000
1781248457,54.3,2400000,0xe0000
1781248458,54.3,2400000,0xe0000
1781248459,54.3,2400000,0xe0000
1781248460,53.8,2400000,0xe0000
1781248461,54.9,2400000,0xe0000
1781248462,54.9,2400000,0xe0000
1781248463,54.3,2400000,0xe0000
1781248464,54.3,2400000,0xe0000
1781248465,54.9,2400000,0xe0000
1781248466,54.3,2400000,0xe0000
1781248467,54.3,2400000,0xe0000
1781248468,53.8,2400000,0xe0000
1781248469,54.3,2400000,0xe0000
1781248470,53.8,2400000,0xe0000
1781248471,54.3,2400000,0xe0000
1781248472,54.3,2400000,0xe0000
1781248473,53.2,2400000,0xe0000
1781248475,54.3,2400000,0xe0000
1781248476,53.8,2400000,0xe0000
1781248477,53.8,2400000,0xe0000
1781248478,53.8,2400000,0xe0000
1781248479,53.8,2400000,0xe0000
1781248480,54.3,2400000,0xe0000
1781248481,53.8,2400000,0xe0000
1781248482,53.8,2400000,0xe0000
1781248483,53.8,2400000,0xe0000
1781248484,54.3,2400000,0xe0000
1781248485,54.3,2400000,0xe0000
1781248486,54.3,2400000,0xe0000
1781248487,54.3,2400000,0xe0000
1781248488,54.3,2400000,0xe0000
1781248489,53.8,2400000,0xe0000
1781248490,54.3,2400000,0xe0000
1781248491,53.8,2400000,0xe0000
1781248492,53.8,2400000,0xe0000
1781248493,54.3,2400000,0xe0000
1781248494,54.3,2400000,0xe0000
1781248495,54.3,2400000,0xe0000
1781248496,53.8,2400000,0xe0000
1781248497,53.8,2400000,0xe0000
1781248498,53.8,2400000,0xe0000
1781248499,54.3,2400000,0xe0000
1781248500,54.3,2400000,0xe0000
1781248501,53.8,2400000,0xe0000
1781248502,54.9,2400000,0xe0000
1781248503,54.3,2400000,0xe0000
1781248504,53.8,2400000,0xe0000
1781248505,54.3,2400000,0xe0000
1781248507,54.9,2400000,0xe0000
1781248508,53.8,2400000,0xe0000
1781248509,54.3,2400000,0xe0000
1781248510,54.3,2400000,0xe0000
1781248511,54.9,2400000,0xe0000
1781248512,54.3,2400000,0xe0000
1781248513,53.8,2400000,0xe0000
1781248514,53.8,2400000,0xe0000
1781248515,54.3,2400000,0xe0000
1781248516,54.9,2400000,0xe0000
1781248517,54.9,2400000,0xe0000
1781248518,53.8,2400000,0xe0000
1781248519,54.3,2400000,0xe0000
1781248520,54.3,2400000,0xe0000
1781248521,54.3,2400000,0xe0000
1781248522,54.3,2400000,0xe0000
1781248523,53.8,2400000,0xe0000
1781248524,53.8,2400000,0xe0000
1781248525,54.9,2400000,0xe0000
1781248526,54.3,2400000,0xe0000
1781248527,54.3,2400000,0xe0000
1781248528,54.3,2400000,0xe0000
1781248529,54.3,2400000,0xe0000
1781248530,54.3,2400000,0xe0000
1781248531,53.8,2400000,0xe0000
1781248532,54.9,2400000,0xe0000
1781248533,53.8,2400000,0xe0000
1781248534,53.8,2400000,0xe0000
1781248535,53.2,2400000,0xe0000
1781248536,54.3,2400000,0xe0000
1781248537,54.3,2400000,0xe0000
1781248538,54.3,2400000,0xe0000
1781248539,54.3,2400000,0xe0000
1781248540,54.3,2400000,0xe0000
1781248541,54.3,2400000,0xe0000
1781248542,54.3,2400000,0xe0000
1781248543,54.9,2400000,0xe0000
1781248544,53.8,2400000,0xe0000
1781248546,54.3,2400000,0xe0000
1781248547,54.3,2400000,0xe0000
1781248548,54.3,2400000,0xe0000
1781248549,54.3,2400000,0xe0000
1781248550,53.8,2400000,0xe0000
1781248551,54.9,2400000,0xe0000
1781248552,53.8,2400000,0xe0000
1781248553,53.8,2400000,0xe0000
1781248554,54.3,2400000,0xe0000
1781248555,53.8,2400000,0xe0000
1781248556,54.3,2400000,0xe0000
1781248557,52.7,2400000,0xe0000
1781248558,54.9,2400000,0xe0000
1781248559,53.8,2400000,0xe0000
1781248560,53.8,2400000,0xe0000
1781248561,54.3,2400000,0xe0000
1781248562,54.3,2400000,0xe0000
1781248563,54.3,2400000,0xe0000
1781248564,53.8,2400000,0xe0000
1781248565,54.3,2400000,0xe0000
1781248566,53.8,2400000,0xe0000
1781248567,54.3,2400000,0xe0000
1781248568,54.3,2400000,0xe0000
1781248569,53.8,2400000,0xe0000
1781248570,54.9,2400000,0xe0000
1781248571,54.3,2400000,0xe0000
1781248572,54.3,2400000,0xe0000
1781248573,53.8,2400000,0xe0000
1781248574,54.3,2400000,0xe0000
1781248575,53.2,2400000,0xe0000
1781248576,54.3,2400000,0xe0000
1781248577,53.8,2400000,0xe0000
1781248578,54.3,2400000,0xe0000
1781248580,52.7,2400000,0xe0000
1781248581,53.8,2400000,0xe0000
1781248582,54.3,2400000,0xe0000
1781248583,54.3,2400000,0xe0000
1781248584,53.2,2400000,0xe0000
1781248585,54.3,2400000,0xe0000
1781248586,54.3,2400000,0xe0000
1781248587,53.8,2400000,0xe0000
1781248588,54.3,2400000,0xe0000
1781248589,53.8,2400000,0xe0000
1781248590,54.9,2400000,0xe0000
1781248591,54.3,2400000,0xe0000
1781248592,54.3,2400000,0xe0000
1781248593,54.9,2400000,0xe0000
1781248594,54.9,2400000,0xe0000
1781248595,53.8,2400000,0xe0000
1781248596,53.8,2400000,0xe0000
1781248597,53.8,2400000,0xe0000
1781248598,53.2,2400000,0xe0000
1781248599,53.8,2400000,0xe0000
1781248600,54.3,2400000,0xe0000
1781248601,54.3,2400000,0xe0000
1781248602,53.8,2400000,0xe0000
1781248603,54.9,2400000,0xe0000
1781248604,54.3,2400000,0xe0000
1781248605,53.8,2400000,0xe0000
1781248606,53.2,2400000,0xe0000
1781248607,53.8,2400000,0xe0000
1781248608,53.8,2400000,0xe0000
1781248609,53.8,2400000,0xe0000
1781248610,53.2,2400000,0xe0000
1781248611,54.9,2400000,0xe0000
1781248612,54.3,2400000,0xe0000
1781248613,53.8,2400000,0xe0000
1781248614,54.3,2400000,0xe0000
1781248615,54.3,2400000,0xe0000
1781248616,53.8,2400000,0xe0000
1781248618,53.8,2400000,0xe0000
1781248619,54.3,2400000,0xe0000
1781248620,54.9,2400000,0xe0000
1781248621,54.3,2400000,0xe0000
1781248622,54.3,2400000,0xe0000
1781248623,54.9,2400000,0xe0000
1781248624,54.9,2400000,0xe0000
1781248625,53.8,2400000,0xe0000
1781248626,54.3,2400000,0xe0000
1781248627,54.9,2400000,0xe0000
1781248628,54.3,2400000,0xe0000
1781248629,54.9,2400000,0xe0000
1781248630,53.8,2400000,0xe0000
1781248631,53.8,2400000,0xe0000
1781248632,53.8,2400000,0xe0000
1781248633,53.2,2400000,0xe0000
1781248634,53.8,2400000,0xe0000
1781248635,54.3,2400000,0xe0000
1781248636,54.3,2400000,0xe0000
1781248637,54.3,2400000,0xe0000
1781248638,54.9,2400000,0xe0000
1781248639,54.3,2400000,0xe0000
1781248640,53.8,2400000,0xe0000
1781248641,54.3,2400000,0xe0000
1781248642,53.8,2400000,0xe0000
1781248643,54.3,2400000,0xe0000
1781248644,53.8,2400000,0xe0000
1781248645,54.3,2400000,0xe0000
1781248646,54.3,2400000,0xe0000
1781248647,54.3,2400000,0xe0000
1781248648,54.3,2400000,0xe0000
1781248649,53.8,2400000,0xe0000
1781248650,54.3,2400000,0xe0000
1781248651,54.3,2400000,0xe0000
1781248652,54.3,2400000,0xe0000
1781248653,54.3,2400000,0xe0000
1781248654,54.9,2400000,0xe0000
1781248655,53.8,2400000,0xe0000
1781248656,54.9,2400000,0xe0000
1781248657,53.2,2400000,0xe0000
1781248658,54.3,2400000,0xe0000
1781248659,54.9,2400000,0xe0000
1781248660,54.3,2400000,0xe0000
1781248662,53.8,2400000,0xe0000
1781248663,54.9,2400000,0xe0000
1781248664,53.8,2400000,0xe0000
1781248665,54.3,2400000,0xe0000
1781248666,54.3,2400000,0xe0000
1781248667,54.3,2400000,0xe0000
1781248668,53.2,2400000,0xe0000
1781248669,53.8,2400000,0xe0000
1781248670,54.3,2400000,0xe0000
1781248671,53.8,2400000,0xe0000
1781248672,54.3,2400000,0xe0000
1781248673,54.3,2400000,0xe0000
1781248674,54.3,2400000,0xe0000
1781248675,54.3,2400000,0xe0000
1781248676,53.8,2400000,0xe0000
1781248677,53.8,2400000,0xe0000
1781248678,53.8,2400000,0xe0000
1781248679,54.3,2400000,0xe0000
1781248680,54.3,2400000,0xe0000
1781248681,54.9,2400000,0xe0000
1781248682,54.3,2400000,0xe0000
1781248683,53.8,2400000,0xe0000
1781248684,53.8,2400000,0xe0000
1781248685,54.3,2400000,0xe0000
1781248686,54.3,2400000,0xe0000
1781248687,53.8,2400000,0xe0000
1781248688,53.8,2400000,0xe0000
1781248689,54.3,2400000,0xe0000
1781248690,54.3,2400000,0xe0000
1781248691,54.3,2400000,0xe0000
1781248692,54.3,2400000,0xe0000
1781248693,53.8,2400000,0xe0000
1781248694,53.8,2400000,0xe0000
1781248695,54.9,2400000,0xe0000
1781248697,54.9,2400000,0xe0000
1781248698,54.3,2400000,0xe0000
1781248699,54.3,2400000,0xe0000
1781248700,53.8,2400000,0xe0000
1781248701,54.3,2400000,0xe0000
1781248702,53.2,2400000,0xe0000
1781248703,54.3,2400000,0xe0000
1781248704,54.3,2400000,0xe0000
1781248705,53.8,2400000,0xe0000
1781248706,54.3,2400000,0xe0000
1781248707,53.8,2400000,0xe0000
1781248708,53.2,2400000,0xe0000
1781248709,53.8,2400000,0xe0000
1781248710,53.8,2400000,0xe0000
1781248711,54.3,2400000,0xe0000
1781248712,54.3,2400000,0xe0000
1781248713,53.8,2400000,0xe0000
1781248714,53.8,2400000,0xe0000
1781248715,53.2,2400000,0xe0000
1781248716,54.3,2400000,0xe0000
1781248717,54.3,2400000,0xe0000
1781248718,53.8,2400000,0xe0000
1781248719,54.3,2400000,0xe0000
1781248720,54.3,2400000,0xe0000
1781248721,54.3,2400000,0xe0000
1781248722,54.3,2400000,0xe0000
1781248723,54.3,2400000,0xe0000
1781248724,53.8,2400000,0xe0000
1781248725,54.3,2400000,0xe0000
1781248726,53.2,2400000,0xe0000
1781248727,53.8,2400000,0xe0000
1781248728,53.8,2400000,0xe0000
1781248729,53.8,2400000,0xe0000
1781248730,54.3,2400000,0xe0000
1781248731,54.9,2400000,0xe0000
1781248732,52.7,2400000,0xe0000
1781248733,54.3,2400000,0xe0000
1781248734,53.2,2400000,0xe0000
1781248735,54.3,2400000,0xe0000
1781248736,54.9,2400000,0xe0000
1781248737,54.3,2400000,0xe0000
1781248738,54.3,2400000,0xe0000
1781248739,53.8,2400000,0xe0000
1781248741,53.8,2400000,0xe0000
1781248742,54.3,2400000,0xe0000
1781248743,54.3,2400000,0xe0000
1781248744,53.8,2400000,0xe0000
1781248745,54.3,2400000,0xe0000
1781248746,54.3,2400000,0xe0000
1781248747,53.8,2400000,0xe0000
1781248748,54.9,2400000,0xe0000
1781248749,53.2,2400000,0xe0000
1781248750,53.8,2400000,0xe0000
1781248751,54.3,2400000,0xe0000
1781248752,52.7,2400000,0xe0000
1781248753,54.3,2400000,0xe0000
1781248754,54.3,2400000,0xe0000
1781248755,54.3,2400000,0xe0000
1781248756,54.3,2400000,0xe0000
1781248757,54.3,2400000,0xe0000
1781248758,53.8,2400000,0xe0000
1781248759,53.8,2400000,0xe0000
1781248760,54.3,2400000,0xe0000
1781248761,53.8,2400000,0xe0000
1781248762,54.3,2400000,0xe0000
1781248763,54.3,2400000,0xe0000
1781248764,54.3,2400000,0xe0000
1781248765,53.8,2400000,0xe0000
1781248766,53.8,2400000,0xe0000
1781248767,53.8,2400000,0xe0000
1781248768,53.8,2400000,0xe0000
1781248769,53.8,2400000,0xe0000
1781248770,54.3,2400000,0xe0000
1781248771,54.3,2400000,0xe0000
1781248772,54.3,2400000,0xe0000
1781248773,53.8,2400000,0xe0000
1781248774,54.3,2400000,0xe0000
1781248775,54.3,2400000,0xe0000
1781248777,54.3,2400000,0xe0000
1781248778,54.3,2400000,0xe0000
1781248779,53.8,2400000,0xe0000
1781248780,53.2,2400000,0xe0000
1781248781,53.8,2400000,0xe0000
1781248782,54.3,2400000,0xe0000
1781248783,54.9,2400000,0xe0000
1781248784,54.3,2400000,0xe0000
1781248785,53.2,2400000,0xe0000
1781248786,53.8,2400000,0xe0000
1781248787,53.2,2400000,0xe0000
1781248788,54.3,2400000,0xe0000
1781248789,53.8,2400000,0xe0000
1781248790,53.8,2400000,0xe0000
1781248791,54.9,2400000,0xe0000
1781248792,54.3,2400000,0xe0000
1781248793,54.3,2400000,0xe0000
1781248794,52.7,2400000,0xe0000
1781248795,54.3,2400000,0xe0000
1781248796,54.3,2400000,0xe0000
1781248797,54.3,2400000,0xe0000
1781248798,54.3,2400000,0xe0000
1781248799,54.3,2400000,0xe0000
1781248800,54.3,2400000,0xe0000
1781248801,54.3,2400000,0xe0000
1781248802,54.9,2400000,0xe0000
1781248803,54.3,2400000,0xe0000
1781248804,54.3,2400000,0xe0000
1781248805,53.8,2400000,0xe0000
1781248806,54.3,2400000,0xe0000
1781248807,54.9,2400000,0xe0000
1781248808,54.3,2400000,0xe0000
1781248809,53.8,2400000,0xe0000
1781248810,53.8,2400000,0xe0000
1781248812,54.9,2400000,0xe0000
1781248813,53.2,2400000,0xe0000
1781248814,54.3,2400000,0xe0000
1781248815,54.3,2400000,0xe0000
1781248816,54.9,2400000,0xe0000
1781248817,54.3,2400000,0xe0000
1781248818,53.8,2400000,0xe0000
1781248819,53.8,2400000,0xe0000
1781248820,52.7,2400000,0xe0000
1781248821,53.8,2400000,0xe0000
1781248822,54.3,2400000,0xe0000
1781248823,54.9,2400000,0xe0000
1781248824,54.3,2400000,0xe0000
1781248825,54.3,2400000,0xe0000
1781248826,54.3,2400000,0xe0000
1781248827,54.3,2400000,0xe0000
1781248828,53.8,2400000,0xe0000
1781248829,54.9,2400000,0xe0000
1781248830,54.3,2400000,0xe0000
1781248831,53.8,2400000,0xe0000
1781248832,53.8,2400000,0xe0000
1781248833,54.3,2400000,0xe0000
1781248834,54.9,2400000,0xe0000
1781248835,54.3,2400000,0xe0000
1781248836,54.9,2400000,0xe0000
1781248837,53.8,2400000,0xe0000
1781248838,54.3,2400000,0xe0000
1781248839,54.3,2400000,0xe0000
1781248840,53.8,2400000,0xe0000
1781248841,54.3,2400000,0xe0000
1781248842,53.8,2400000,0xe0000
1781248843,53.8,2400000,0xe0000
1781248844,53.8,2400000,0xe0000
1781248845,54.3,2400000,0xe0000
1781248846,54.3,2400000,0xe0000
1781248847,53.8,2400000,0xe0000
1781248848,54.3,2400000,0xe0000
1781248849,53.8,2400000,0xe0000
1781248850,54.3,2400000,0xe0000
1781248851,53.8,2400000,0xe0000
1781248852,54.3,2400000,0xe0000
1781248853,53.8,2400000,0xe0000
1781248854,54.3,2400000,0xe0000
1781248855,54.3,2400000,0xe0000
1781248857,54.3,2400000,0xe0000
1781248858,53.2,2400000,0xe0000
1781248859,54.3,2400000,0xe0000
1781248860,54.9,2400000,0xe0000
1781248861,54.9,2400000,0xe0000
1781248862,54.3,2400000,0xe0000
1781248863,54.3,2400000,0xe0000
1781248864,54.9,2400000,0xe0000
1781248865,54.3,2400000,0xe0000
1781248866,54.3,2400000,0xe0000
1781248867,53.2,2400000,0xe0000
1781248868,54.3,2400000,0xe0000
1781248869,53.2,2400000,0xe0000
1781248870,54.3,2400000,0xe0000
1781248871,54.9,2400000,0xe0000
1781248872,54.3,2400000,0xe0000
1781248873,53.8,2400000,0xe0000
1781248874,54.3,2400000,0xe0000
1781248875,53.8,2400000,0xe0000
1781248876,53.8,2400000,0xe0000
1781248877,54.9,2400000,0xe0000
1781248878,53.8,2400000,0xe0000
1781248879,54.9,2400000,0xe0000
1781248880,53.8,2400000,0xe0000
1781248881,52.7,2400000,0xe0000
1781248882,53.8,2400000,0xe0000
1781248883,54.9,2400000,0xe0000
1781248884,53.8,2400000,0xe0000
1781248885,54.3,2400000,0xe0000
1781248886,53.8,2400000,0xe0000
1781248887,54.3,2400000,0xe0000
1781248888,54.3,2400000,0xe0000
1781248889,53.8,2400000,0xe0000
1781248890,53.8,2400000,0xe0000
1781248891,53.8,2400000,0xe0000
1781248892,53.2,2400000,0xe0000
1781248893,54.9,2400000,0xe0000
1781248894,54.3,2400000,0xe0000
1781248895,54.3,2400000,0xe0000
1781248896,54.3,2400000,0xe0000
1781248897,53.8,2400000,0xe0000
1781248898,54.3,2400000,0xe0000
1781248900,53.8,2400000,0xe0000
1781248901,53.8,2400000,0xe0000
1781248902,54.3,2400000,0xe0000
1781248903,54.3,2400000,0xe0000
1781248904,54.9,2400000,0xe0000
1781248905,54.3,2400000,0xe0000
1781248906,53.2,2400000,0xe0000
1781248907,53.8,2400000,0xe0000
1781248908,53.2,2400000,0xe0000
1781248909,54.3,2400000,0xe0000
1781248910,54.3,2400000,0xe0000
1781248911,54.9,2400000,0xe0000
1781248912,53.8,2400000,0xe0000
1781248913,54.3,2400000,0xe0000
1781248914,54.3,2400000,0xe0000
1781248915,54.3,2400000,0xe0000
1781248916,52.7,2400000,0xe0000
1781248917,53.8,2400000,0xe0000
1781248918,54.3,2400000,0xe0000
1781248919,53.2,2400000,0xe0000
1781248920,53.8,2400000,0xe0000
1781248921,53.8,2400000,0xe0000
1781248922,53.8,2400000,0xe0000
1781248923,53.8,2400000,0xe0000
1781248924,54.3,2400000,0xe0000
1781248925,53.8,2400000,0xe0000
1781248926,53.8,2400000,0xe0000
1781248927,54.3,2400000,0xe0000
1781248928,53.2,2400000,0xe0000
1781248929,53.8,2400000,0xe0000
1781248930,54.3,2400000,0xe0000
1781248931,54.3,2400000,0xe0000
1781248932,53.8,2400000,0xe0000
1781248933,53.8,2400000,0xe0000
1781248934,53.8,2400000,0xe0000
1781248936,54.3,2400000,0xe0000
1781248937,53.2,2400000,0xe0000
1781248938,53.8,2400000,0xe0000
1781248939,54.3,2400000,0xe0000
1781248940,54.3,2400000,0xe0000
1781248941,53.2,2400000,0xe0000
1781248942,54.3,2400000,0xe0000
1781248943,54.3,2400000,0xe0000
1781248944,53.8,2400000,0xe0000
1781248945,54.3,2400000,0xe0000
1781248946,53.8,2400000,0xe0000
1781248947,54.3,2400000,0xe0000
1781248948,54.3,2400000,0xe0000
1781248949,53.2,2400000,0xe0000
1781248950,54.3,2400000,0xe0000
1781248951,53.8,2400000,0xe0000
1781248952,54.3,2400000,0xe0000
1781248953,54.3,2400000,0xe0000
1781248954,54.3,2400000,0xe0000
1781248955,53.2,2400000,0xe0000
1781248956,54.3,2400000,0xe0000
1781248957,53.2,2400000,0xe0000
1781248958,53.8,2400000,0xe0000
1781248959,53.8,2400000,0xe0000
1781248960,53.8,2400000,0xe0000
1781248961,53.8,2400000,0xe0000
1781248962,54.3,2400000,0xe0000
1781248963,53.8,2400000,0xe0000
1781248964,53.8,2400000,0xe0000
1781248965,54.3,2400000,0xe0000
1781248966,54.9,2400000,0xe0000
1781248967,53.8,2400000,0xe0000
1781248968,54.9,2400000,0xe0000
1781248969,54.3,2400000,0xe0000
1781248970,54.3,2400000,0xe0000
1781248971,54.3,2400000,0xe0000
1781248972,54.3,2400000,0xe0000
1781248973,54.3,2400000,0xe0000
1781248974,52.7,2400000,0xe0000
1781248975,53.8,2400000,0xe0000
1781248976,54.3,2400000,0xe0000
1781248977,53.8,2400000,0xe0000
1781248979,53.8,2400000,0xe0000
1781248980,54.3,2400000,0xe0000
1781248981,54.3,2400000,0xe0000
1781248982,53.8,2400000,0xe0000
1781248983,53.8,2400000,0xe0000
1781248984,54.3,2400000,0xe0000
1781248985,53.8,2400000,0xe0000
1781248986,53.8,2400000,0xe0000
1781248987,53.8,2400000,0xe0000
1781248988,53.8,2400000,0xe0000
1781248989,54.3,2400000,0xe0000
1781248990,53.8,2400000,0xe0000
1781248991,54.3,2400000,0xe0000
1781248992,53.8,2400000,0xe0000
1781248993,54.3,2400000,0xe0000
1781248994,54.3,2400000,0xe0000
1781248995,54.3,2400000,0xe0000
1781248996,54.3,2400000,0xe0000
1781248997,54.9,2400000,0xe0000
1781248998,54.3,2400000,0xe0000
1781248999,53.2,2400000,0xe0000
1781249000,53.8,2400000,0xe0000
1781249002,53.8,2400000,0xe0000
1781249003,53.2,2400000,0xe0000
1781249004,54.3,2400000,0xe0000
1781249005,54.3,2400000,0xe0000
1781249006,53.8,2400000,0xe0000
1781249007,53.8,2400000,0xe0000
1781249008,53.8,2400000,0xe0000
1781249009,53.8,2400000,0xe0000
1781249010,53.8,2400000,0xe0000
1781249011,54.3,2400000,0xe0000
1781249012,53.2,2400000,0xe0000
1781249013,54.3,2400000,0xe0000
1781249014,54.3,2400000,0xe0000
1781249015,53.8,2400000,0xe0000
1781249016,54.3,2400000,0xe0000
1781249017,53.2,2400000,0xe0000
1781249018,53.8,2400000,0xe0000
1781249019,53.8,2400000,0xe0000
1781249020,53.8,2400000,0xe0000
1781249021,54.3,2400000,0xe0000
1781249022,54.3,2400000,0xe0000
1781249023,53.8,2400000,0xe0000
1781249024,54.3,2400000,0xe0000
1781249025,53.8,2400000,0xe0000
1781249026,53.8,2400000,0xe0000
1781249027,54.3,2400000,0xe0000
1781249028,54.3,2400000,0xe0000
1781249029,53.2,2400000,0xe0000
1781249030,54.3,2400000,0xe0000
1781249031,53.8,2400000,0xe0000
1781249032,54.3,2400000,0xe0000
1781249033,54.3,2400000,0xe0000
1781249034,54.3,2400000,0xe0000
1781249036,53.8,2400000,0xe0000
1781249037,53.8,2400000,0xe0000
1781249038,53.8,2400000,0xe0000
1781249039,53.8,2400000,0xe0000
1781249040,53.2,2400000,0xe0000
1781249041,54.3,2400000,0xe0000
1781249042,53.8,2400000,0xe0000
1781249043,53.2,2400000,0xe0000
1781249044,53.8,2400000,0xe0000
1781249045,54.3,2400000,0xe0000
1781249046,54.3,2400000,0xe0000
1781249047,53.2,2400000,0xe0000
1781249048,54.3,2400000,0xe0000
1781249049,53.8,2400000,0xe0000
1781249050,53.8,2400000,0xe0000
1781249051,54.3,2400000,0xe0000
1781249052,53.8,2400000,0xe0000
1781249053,53.8,2400000,0xe0000
1781249054,53.8,2400000,0xe0000
1781249055,53.2,2400000,0xe0000
1781249056,54.3,2400000,0xe0000
1781249057,54.3,2400000,0xe0000
1781249058,54.3,2400000,0xe0000
1781249059,53.8,2400000,0xe0000
1781249060,54.3,2400000,0xe0000
1781249061,53.8,2400000,0xe0000
1781249062,52.7,2400000,0xe0000
1781249063,52.7,2400000,0xe0000
1781249064,53.2,2400000,0xe0000
1781249065,53.8,2400000,0xe0000
1781249066,53.8,2400000,0xe0000
1781249067,53.8,2400000,0xe0000
1781249068,54.3,2400000,0xe0000
1781249069,53.8,2400000,0xe0000
1781249070,53.8,2400000,0xe0000
1781249071,53.8,2400000,0xe0000
1781249072,54.3,2400000,0xe0000
1781249073,54.3,2400000,0xe0000
1781249074,54.3,2400000,0xe0000
1781249076,54.3,2400000,0xe0000
1781249077,54.3,2400000,0xe0000
1781249078,53.2,2400000,0xe0000
1781249079,53.8,2400000,0xe0000
1781249080,53.8,2400000,0xe0000
1781249081,53.8,2400000,0xe0000
1781249082,54.3,2400000,0xe0000
1781249083,53.8,2400000,0xe0000
1781249084,53.2,2400000,0xe0000
1781249085,53.8,2400000,0xe0000
1781249086,53.2,2400000,0xe0000
1781249087,53.8,2400000,0xe0000
1781249088,53.8,2400000,0xe0000
1781249089,53.8,2400000,0xe0000
1781249090,54.3,2400000,0xe0000
1781249091,53.8,2400000,0xe0000
1781249092,53.8,2400000,0xe0000
1781249093,53.8,2400000,0xe0000
1781249094,54.3,2400000,0xe0000
1781249095,53.2,2400000,0xe0000
1781249096,54.3,2400000,0xe0000
1781249097,54.3,2400000,0xe0000
1781249098,54.3,2400000,0xe0000
1781249099,53.8,2400000,0xe0000
1781249101,53.8,2400000,0xe0000
1781249102,52.7,2400000,0xe0000
1781249103,53.8,2400000,0xe0000
1781249104,53.8,2400000,0xe0000
1781249105,53.2,2400000,0xe0000
1781249106,53.2,2400000,0xe0000
1781249107,53.8,2400000,0xe0000
1781249108,53.8,2400000,0xe0000
1781249109,53.8,2400000,0xe0000
1781249110,54.3,2400000,0xe0000
1781249111,53.8,2400000,0xe0000
1781249112,53.2,2400000,0xe0000
1781249113,54.3,2400000,0xe0000
1781249114,54.3,2400000,0xe0000
1781249115,54.3,2400000,0xe0000
1781249116,54.3,2400000,0xe0000
1781249117,53.2,2400000,0xe0000
1781249118,54.3,2400000,0xe0000
1781249119,54.3,2400000,0xe0000
1781249120,53.8,2400000,0xe0000
1781249121,54.3,2400000,0xe0000
1781249122,53.2,2400000,0xe0000
1781249123,54.3,2400000,0xe0000
1781249124,53.2,2400000,0xe0000
1781249125,52.7,2400000,0xe0000
1781249126,53.8,2400000,0xe0000
1781249127,53.8,2400000,0xe0000
1781249128,54.3,2400000,0xe0000
1781249129,54.3,2400000,0xe0000
1781249130,52.7,2400000,0xe0000
1781249131,53.2,2400000,0xe0000
1781249132,54.3,2400000,0xe0000
1781249133,53.8,2400000,0xe0000
1781249134,54.3,2400000,0xe0000
1781249135,54.3,2400000,0xe0000
1781249136,54.9,2400000,0xe0000
1781249138,53.8,2400000,0xe0000
1781249139,53.8,2400000,0xe0000
1781249140,54.3,2400000,0xe0000
1781249141,53.8,2400000,0xe0000
1781249142,54.3,2400000,0xe0000
1781249143,53.8,2400000,0xe0000
1781249144,53.2,2400000,0xe0000
1781249145,53.8,2400000,0xe0000
1781249146,54.3,2400000,0xe0000
1781249147,53.2,2400000,0xe0000
1781249148,53.8,2400000,0xe0000
1781249149,54.3,2400000,0xe0000
1781249150,53.2,2400000,0xe0000
1781249151,53.8,2400000,0xe0000
1781249152,53.8,2400000,0xe0000
1781249153,53.8,2400000,0xe0000
1781249154,53.8,2400000,0xe0000
1781249155,53.8,2400000,0xe0000
1781249156,54.3,2400000,0xe0000
1781249157,54.3,2400000,0xe0000
1781249158,53.8,2400000,0xe0000
1781249159,54.3,2400000,0xe0000
1781249160,53.2,2400000,0xe0000
1781249161,53.8,2400000,0xe0000
1781249162,53.8,2400000,0xe0000
1781249163,54.3,2400000,0xe0000
1781249164,53.8,2400000,0xe0000
1781249165,53.8,2400000,0xe0000
1781249166,53.2,2400000,0xe0000
1781249167,53.2,2400000,0xe0000
1781249168,53.2,2400000,0xe0000
1781249169,54.3,2400000,0xe0000
1781249170,53.8,2400000,0xe0000
1781249171,53.8,2400000,0xe0000
1781249173,54.3,2400000,0xe0000
1781249174,54.3,2400000,0xe0000
1781249175,54.3,2400000,0xe0000
1781249176,53.8,2400000,0xe0000
1781249177,53.8,2400000,0xe0000
1781249178,53.8,2400000,0xe0000
1781249179,53.8,2400000,0xe0000
1781249180,53.8,2400000,0xe0000
1781249181,54.3,2400000,0xe0000
1781249182,54.3,2400000,0xe0000
1781249183,53.8,2400000,0xe0000
1781249184,54.9,2400000,0xe0000
1781249185,53.2,2400000,0xe0000
1781249186,53.2,2400000,0xe0000
1781249187,54.3,2400000,0xe0000
1781249188,53.8,2400000,0xe0000
1781249189,53.2,2400000,0xe0000
1781249190,54.3,2400000,0xe0000
1781249191,54.3,2400000,0xe0000
1781249192,53.8,2400000,0xe0000
1781249193,54.3,2400000,0xe0000
1781249194,54.3,2400000,0xe0000
1781249195,54.3,2400000,0xe0000
1781249196,53.8,2400000,0xe0000
1781249197,53.8,2400000,0xe0000
1781249198,54.9,2400000,0xe0000
1781249199,54.3,2400000,0xe0000
1781249200,54.3,2400000,0xe0000
1781249201,53.8,2400000,0xe0000
1781249202,53.8,2400000,0xe0000
1781249203,53.8,2400000,0xe0000
1781249204,54.3,2400000,0xe0000
1781249205,54.3,2400000,0xe0000
1781249206,54.3,2400000,0xe0000
1781249207,53.8,2400000,0xe0000
1781249209,53.8,2400000,0xe0000
1781249210,54.3,2400000,0xe0000
1781249211,53.2,2400000,0xe0000
1781249212,54.3,2400000,0xe0000
1781249213,54.3,2400000,0xe0000
1781249214,53.8,2400000,0xe0000
1781249215,53.8,2400000,0xe0000
1781249216,53.8,2400000,0xe0000
1781249217,54.3,2400000,0xe0000
1781249218,53.8,2400000,0xe0000
1781249219,54.3,2400000,0xe0000
1781249220,54.3,2400000,0xe0000
1781249221,53.8,2400000,0xe0000
1781249222,53.8,2400000,0xe0000
1781249223,54.3,2400000,0xe0000
1781249224,54.3,2400000,0xe0000
1781249225,54.3,2400000,0xe0000
1781249226,53.2,2400000,0xe0000
1781249227,54.3,2400000,0xe0000
1781249228,53.8,2400000,0xe0000
1781249229,54.3,2400000,0xe0000
1781249230,54.3,2400000,0xe0000
1781249231,54.3,2400000,0xe0000
1781249232,53.8,2400000,0xe0000
1781249233,54.3,2400000,0xe0000
1781249234,53.8,2400000,0xe0000
1781249235,53.8,2400000,0xe0000
1781249236,53.2,2400000,0xe0000
1781249237,54.3,2400000,0xe0000
1781249238,53.8,2400000,0xe0000
1781249240,53.8,2400000,0xe0000
1781249241,54.9,2400000,0xe0000
1781249242,54.3,2400000,0xe0000
1781249243,54.3,2400000,0xe0000
1781249244,53.8,2400000,0xe0000
1781249245,54.3,2400000,0xe0000
1781249246,54.3,2400000,0xe0000
1781249247,53.2,2400000,0xe0000
1781249248,53.8,2400000,0xe0000
1781249249,54.3,2400000,0xe0000
1781249250,53.8,2400000,0xe0000
1781249251,54.3,2400000,0xe0000
1781249252,52.7,2400000,0xe0000
1781249253,54.3,2400000,0xe0000
1781249254,53.2,2400000,0xe0000
1781249255,53.8,2400000,0xe0000
1781249256,53.8,2400000,0xe0000
1781249257,53.8,2400000,0xe0000
1781249258,54.3,2400000,0xe0000
1781249259,53.2,2400000,0xe0000
1781249260,54.3,2400000,0xe0000
1781249261,53.8,2400000,0xe0000
1781249262,54.3,2400000,0xe0000
1781249263,53.2,2400000,0xe0000
1781249264,53.8,2400000,0xe0000
1781249265,53.8,2400000,0xe0000
1781249266,53.8,2400000,0xe0000
1781249267,54.9,2400000,0xe0000
1781249268,54.3,2400000,0xe0000
1781249269,53.8,2400000,0xe0000
1781249270,53.8,2400000,0xe0000
1781249271,54.3,2400000,0xe0000
1781249272,54.9,2400000,0xe0000
1781249273,53.8,2400000,0xe0000
1781249274,53.8,2400000,0xe0000
1781249275,54.3,2400000,0xe0000
1781249276,54.3,2400000,0xe0000
1781249277,53.8,2400000,0xe0000
1781249278,53.8,2400000,0xe0000
1781249279,54.3,2400000,0xe0000
1781249281,54.3,2400000,0xe0000
1781249282,54.3,2400000,0xe0000
1781249283,53.8,2400000,0xe0000
1781249284,53.8,2400000,0xe0000
1781249285,53.8,2400000,0xe0000
1781249286,53.8,2400000,0xe0000
1781249287,53.8,2400000,0xe0000
1781249288,53.8,2400000,0xe0000
1781249289,54.3,2400000,0xe0000
1781249290,54.3,2400000,0xe0000
1781249291,54.9,2400000,0xe0000
1781249292,54.3,2400000,0xe0000
1781249293,54.3,2400000,0xe0000
1781249294,53.2,2400000,0xe0000
1781249295,54.3,2400000,0xe0000
1781249296,54.3,2400000,0xe0000
1781249297,52.7,2400000,0xe0000
1781249298,53.8,2400000,0xe0000
1781249299,53.8,2400000,0xe0000
1781249300,53.8,2400000,0xe0000
1781249301,53.8,2400000,0xe0000
1781249302,52.7,2400000,0xe0000
1781249303,54.9,2400000,0xe0000
1781249304,53.8,2400000,0xe0000
1781249305,54.3,2400000,0xe0000
1781249306,53.2,2400000,0xe0000
1781249307,53.8,2400000,0xe0000
1781249308,53.8,2400000,0xe0000
1781249310,53.8,2400000,0xe0000
1781249311,53.2,2400000,0xe0000
1781249312,54.3,2400000,0xe0000
1781249313,53.8,2400000,0xe0000
1781249314,53.8,2400000,0xe0000
1781249315,53.8,2400000,0xe0000
1781249316,54.3,2400000,0xe0000
1781249317,53.8,2400000,0xe0000
1781249318,53.2,2400000,0xe0000
1781249319,53.2,2400000,0xe0000
1781249320,53.8,2400000,0xe0000
1781249321,53.8,2400000,0xe0000
1781249322,53.8,2400000,0xe0000
1781249323,54.3,2400000,0xe0000
1781249324,54.3,2400000,0xe0000
1781249325,53.8,2400000,0xe0000
1781249326,54.3,2400000,0xe0000
1781249327,54.3,2400000,0xe0000
1781249328,53.8,2400000,0xe0000
1781249329,53.8,2400000,0xe0000
1781249330,54.3,2400000,0xe0000
1781249331,53.2,2400000,0xe0000
1781249332,53.8,2400000,0xe0000
1781249333,52.7,2400000,0xe0000
1781249334,53.2,2400000,0xe0000
1781249335,54.9,2400000,0xe0000
1781249336,53.8,2400000,0xe0000
1781249337,53.2,2400000,0xe0000
1781249338,54.3,2400000,0xe0000
1781249339,54.9,2400000,0xe0000
1781249340,52.7,2400000,0xe0000
1781249341,54.3,2400000,0xe0000
1781249342,54.3,2400000,0xe0000
1781249343,53.2,2400000,0xe0000
1781249344,54.3,2400000,0xe0000
1781249345,54.3,2400000,0xe0000
1781249346,53.8,2400000,0xe0000
1781249347,53.8,2400000,0xe0000
1781249348,54.3,2400000,0xe0000
1781249349,53.8,2400000,0xe0000
1781249350,54.3,2400000,0xe0000
1781249351,54.3,2400000,0xe0000
1781249352,54.3,2400000,0xe0000
1781249353,54.3,2400000,0xe0000
1781249355,53.8,2400000,0xe0000
1781249356,52.1,2400000,0xe0000
1781249357,54.3,2400000,0xe0000
1781249358,54.3,2400000,0xe0000
1781249359,54.3,2400000,0xe0000
1781249360,54.3,2400000,0xe0000
1781249361,54.9,2400000,0xe0000
1781249362,52.7,2400000,0xe0000
1781249363,53.2,2400000,0xe0000
1781249364,53.8,2400000,0xe0000
1781249365,53.8,2400000,0xe0000
1781249366,54.3,2400000,0xe0000
1781249367,53.2,2400000,0xe0000
1781249368,54.3,2400000,0xe0000
1781249369,53.2,2400000,0xe0000
1781249370,54.3,2400000,0xe0000
1781249371,53.8,2400000,0xe0000
1781249372,53.8,2400000,0xe0000
1781249373,54.3,2400000,0xe0000
1781249374,53.8,2400000,0xe0000
1781249375,54.3,2400000,0xe0000
1781249376,53.8,2400000,0xe0000
1781249377,54.3,2400000,0xe0000
1781249378,53.8,2400000,0xe0000
1781249379,54.3,2400000,0xe0000
1781249380,54.3,2400000,0xe0000
1781249381,53.8,2400000,0xe0000
1781249382,54.3,2400000,0xe0000
1781249383,53.8,2400000,0xe0000
1781249384,54.3,2400000,0xe0000
1781249385,53.8,2400000,0xe0000
1781249386,53.2,2400000,0xe0000
1781249387,54.3,2400000,0xe0000
1781249388,52.7,2400000,0xe0000
1781249389,54.3,2400000,0xe0000
1781249390,54.9,2400000,0xe0000
1781249391,53.8,2400000,0xe0000
1781249392,53.8,2400000,0xe0000
1781249393,54.3,2400000,0xe0000
1781249395,54.3,2400000,0xe0000
1781249396,54.3,2400000,0xe0000
1781249397,54.3,2400000,0xe0000
1781249398,54.3,2400000,0xe0000
1781249399,53.8,2400000,0xe0000
1781249400,54.3,2400000,0xe0000
1781249401,52.7,2400000,0xe0000
1781249402,54.9,2400000,0xe0000
1781249403,54.9,2400000,0xe0000
1781249404,54.3,2400000,0xe0000
1781249405,54.3,2400000,0xe0000
1781249406,53.8,2400000,0xe0000
1781249407,53.8,2400000,0xe0000
1781249408,54.3,2400000,0xe0000
1781249409,54.3,2400000,0xe0000
1781249410,54.9,2400000,0xe0000
1781249411,53.8,2400000,0xe0000
1781249412,54.3,2400000,0xe0000
1781249413,53.8,2400000,0xe0000
1781249414,54.3,2400000,0xe0000
1781249415,53.8,2400000,0xe0000
1781249416,54.3,2400000,0xe0000
1781249417,53.8,2400000,0xe0000
1781249418,53.8,2400000,0xe0000
1781249419,53.8,2400000,0xe0000
1781249420,54.9,2400000,0xe0000
1781249421,53.8,2400000,0xe0000
1781249422,54.3,2400000,0xe0000
1781249423,54.3,2400000,0xe0000
1781249424,54.3,2400000,0xe0000
1781249425,54.3,2400000,0xe0000
1781249426,54.3,2400000,0xe0000
1781249427,54.3,2400000,0xe0000
1781249428,54.3,2400000,0xe0000
1781249429,54.3,2400000,0xe0000
1781249430,53.8,2400000,0xe0000
1781249432,53.8,2400000,0xe0000
1781249433,54.3,2400000,0xe0000
1781249434,54.3,2400000,0xe0000
1781249435,54.3,2400000,0xe0000
1781249436,54.3,2400000,0xe0000
1781249437,54.3,2400000,0xe0000
1781249438,54.3,2400000,0xe0000
1781249439,53.2,2400000,0xe0000
1781249440,53.2,2400000,0xe0000
1781249441,53.8,2400000,0xe0000
1781249442,53.8,2400000,0xe0000
1781249443,54.3,2400000,0xe0000
1781249444,54.3,2400000,0xe0000
1781249445,53.8,2400000,0xe0000
1781249446,54.9,2400000,0xe0000
1781249447,53.8,2400000,0xe0000
1781249448,54.3,2400000,0xe0000
1781249449,53.8,2400000,0xe0000
1781249450,54.9,2400000,0xe0000
1781249451,53.8,2400000,0xe0000
1781249452,53.8,2400000,0xe0000
1781249453,54.9,2400000,0xe0000
1781249454,53.2,2400000,0xe0000
1781249455,54.3,2400000,0xe0000
1781249456,53.2,2400000,0xe0000
1781249457,54.3,2400000,0xe0000
1781249458,54.3,2400000,0xe0000
1781249459,53.8,2400000,0xe0000
1781249460,54.3,2400000,0xe0000
1781249461,53.8,2400000,0xe0000
1781249462,54.3,2400000,0xe0000
1781249463,54.3,2400000,0xe0000
1781249464,54.3,2400000,0xe0000
1781249465,53.8,2400000,0xe0000
1781249466,54.3,2400000,0xe0000
1781249467,54.9,2400000,0xe0000
1781249468,54.3,2400000,0xe0000
1781249469,53.8,2400000,0xe0000
1781249470,54.3,2400000,0xe0000
1781249471,53.2,2400000,0xe0000
1781249472,53.8,2400000,0xe0000
1781249473,53.8,2400000,0xe0000
1781249475,53.8,2400000,0xe0000
1781249476,54.3,2400000,0xe0000
1781249477,53.2,2400000,0xe0000
1781249478,52.7,2400000,0xe0000
1781249479,54.3,2400000,0xe0000
1781249480,53.8,2400000,0xe0000
1781249481,54.3,2400000,0xe0000
1781249482,54.3,2400000,0xe0000
1781249483,54.3,2400000,0xe0000
1781249484,53.8,2400000,0xe0000
1781249485,53.8,2400000,0xe0000
1781249486,54.3,2400000,0xe0000
1781249487,54.3,2400000,0xe0000
1781249488,53.2,2400000,0xe0000
1781249489,54.3,2400000,0xe0000
1781249490,54.3,2400000,0xe0000
1781249491,54.9,2400000,0xe0000
1781249492,54.3,2400000,0xe0000
1781249493,54.3,2400000,0xe0000
1781249494,53.8,2400000,0xe0000
1781249495,53.8,2400000,0xe0000
1781249496,54.3,2400000,0xe0000
1781249497,53.8,2400000,0xe0000
1781249498,53.8,2400000,0xe0000
1781249499,53.8,2400000,0xe0000
1781249500,53.8,2400000,0xe0000
1781249501,53.2,2400000,0xe0000
1781249502,53.8,2400000,0xe0000
1781249503,53.8,2400000,0xe0000
1781249504,54.3,2400000,0xe0000
1781249505,53.8,2400000,0xe0000
1781249506,54.3,2400000,0xe0000
1781249507,54.3,2400000,0xe0000
1781249508,54.3,2400000,0xe0000
1781249509,54.9,2400000,0xe0000
1781249510,53.8,2400000,0xe0000
1781249511,53.8,2400000,0xe0000
1781249512,53.8,2400000,0xe0000
1781249513,53.2,2400000,0xe0000
1781249514,54.3,2400000,0xe0000
1781249515,53.8,2400000,0xe0000
1781249516,54.3,2400000,0xe0000
1781249518,54.9,2400000,0xe0000
1781249519,54.9,2400000,0xe0000
1781249520,53.8,2400000,0xe0000
1781249521,53.8,2400000,0xe0000
1781249522,53.8,2400000,0xe0000
1781249523,53.8,2400000,0xe0000
1781249524,53.8,2400000,0xe0000
1781249525,53.8,2400000,0xe0000
1781249526,54.9,2400000,0xe0000
1781249527,54.3,2400000,0xe0000
1781249528,54.3,2400000,0xe0000
1781249529,53.8,2400000,0xe0000
1781249530,53.8,2400000,0xe0000
1781249531,54.3,2400000,0xe0000
1781249532,54.3,2400000,0xe0000
1781249533,54.3,2400000,0xe0000
1781249534,54.3,2400000,0xe0000
1781249535,52.7,2400000,0xe0000
1781249536,53.2,2400000,0xe0000
1781249537,53.2,2400000,0xe0000
1781249538,54.3,2400000,0xe0000
1781249539,54.3,2400000,0xe0000
1781249540,54.3,2400000,0xe0000
1781249541,53.8,2400000,0xe0000
1781249542,53.2,2400000,0xe0000
1781249543,53.2,2400000,0xe0000
1781249544,54.3,2400000,0xe0000
1781249545,53.8,2400000,0xe0000
1781249546,54.3,2400000,0xe0000
1781249547,54.3,2400000,0xe0000
1781249548,53.8,2400000,0xe0000
1781249549,54.3,2400000,0xe0000
1781249550,53.8,2400000,0xe0000
1781249551,54.3,2400000,0xe0000
1781249553,53.8,2400000,0xe0000
1781249554,53.8,2400000,0xe0000
1781249555,54.3,2400000,0xe0000
1781249556,53.8,2400000,0xe0000
1781249557,52.7,2400000,0xe0000
1781249558,53.8,2400000,0xe0000
1781249559,54.9,2400000,0xe0000
1781249560,54.9,2400000,0xe0000
1781249561,54.9,2400000,0xe0000
1781249562,53.8,2400000,0xe0000
1781249563,54.3,2400000,0xe0000
1781249564,53.8,2400000,0xe0000
1781249565,53.8,2400000,0xe0000
1781249566,53.8,2400000,0xe0000
1781249567,54.3,2400000,0xe0000
1781249568,53.8,2400000,0xe0000
1781249569,54.3,2400000,0xe0000
1781249570,54.3,2400000,0xe0000
1781249571,54.3,2400000,0xe0000
1781249572,54.9,2400000,0xe0000
1781249573,54.9,2400000,0xe0000
1781249574,54.3,2400000,0xe0000
1781249575,54.9,2400000,0xe0000
1781249576,54.9,2400000,0xe0000
1781249577,54.3,2400000,0xe0000
1781249578,54.9,2400000,0xe0000
1781249579,54.3,2400000,0xe0000
1781249580,54.3,2400000,0xe0000
1781249581,54.3,2400000,0xe0000
1781249582,53.2,2400000,0xe0000
1781249583,54.3,2400000,0xe0000
1781249585,54.3,2400000,0xe0000
1781249586,54.9,2400000,0xe0000
1781249587,54.9,2400000,0xe0000
1781249588,54.3,2400000,0xe0000
1781249589,53.8,2400000,0xe0000
1781249590,53.8,2400000,0xe0000
1781249591,54.3,2400000,0xe0000
1781249592,54.3,2400000,0xe0000
1781249593,53.8,2400000,0xe0000
1781249594,53.2,2400000,0xe0000
1781249595,54.3,2400000,0xe0000
1781249596,54.9,2400000,0xe0000
1781249597,53.8,2400000,0xe0000
1781249598,54.3,2400000,0xe0000
1781249599,54.3,2400000,0xe0000
1781249600,54.3,2400000,0xe0000
1781249601,53.8,2400000,0xe0000
1781249602,53.8,2400000,0xe0000
1781249603,54.3,2400000,0xe0000
1781249604,54.3,2400000,0xe0000
1781249605,54.9,2400000,0xe0000
1781249606,54.3,2400000,0xe0000
1781249607,53.8,2400000,0xe0000
1781249608,54.3,2400000,0xe0000
1781249609,54.3,2400000,0xe0000
1781249610,54.3,2400000,0xe0000
1781249611,53.8,2400000,0xe0000
1781249612,54.3,2400000,0xe0000
1781249613,53.8,2400000,0xe0000
1781249614,54.3,2400000,0xe0000
1781249615,54.9,2400000,0xe0000
1781249616,53.8,2400000,0xe0000
1781249617,54.3,2400000,0xe0000
1781249619,54.3,2400000,0xe0000
1781249620,54.3,2400000,0xe0000
1781249621,54.9,2400000,0xe0000
1781249622,54.3,2400000,0xe0000
1781249623,54.9,2400000,0xe0000
1781249624,53.8,2400000,0xe0000
1781249625,54.9,2400000,0xe0000
1781249626,53.8,2400000,0xe0000
1781249627,54.3,2400000,0xe0000
1781249628,54.3,2400000,0xe0000
1781249629,54.3,2400000,0xe0000
1781249630,54.3,2400000,0xe0000
1781249631,53.8,2400000,0xe0000
1781249632,54.3,2400000,0xe0000
1781249633,53.8,2400000,0xe0000
1781249634,53.8,2400000,0xe0000
1781249635,54.9,2400000,0xe0000
1781249636,53.8,2400000,0xe0000
1781249637,53.8,2400000,0xe0000
1781249638,54.3,2400000,0xe0000
1781249639,54.3,2400000,0xe0000
1781249640,54.3,2400000,0xe0000
1781249641,54.3,2400000,0xe0000
1781249642,53.8,2400000,0xe0000
1781249643,54.3,2400000,0xe0000
1781249644,53.2,2400000,0xe0000
1781249645,54.3,2400000,0xe0000
1781249646,54.3,2400000,0xe0000
1781249647,54.3,2400000,0xe0000
1781249649,54.9,2400000,0xe0000
1781249650,54.3,2400000,0xe0000
1781249651,54.3,2400000,0xe0000
1781249652,54.3,2400000,0xe0000
1781249653,54.3,2400000,0xe0000
1781249654,54.9,2400000,0xe0000
1781249655,54.3,2400000,0xe0000
1781249656,54.3,2400000,0xe0000
1781249657,53.8,2400000,0xe0000
1781249658,53.8,2400000,0xe0000
1781249659,52.7,2400000,0xe0000
1781249660,54.3,2400000,0xe0000
1781249661,54.9,2400000,0xe0000
1781249662,53.8,2400000,0xe0000
1781249663,54.9,2400000,0xe0000
1781249664,54.3,2400000,0xe0000
1781249665,53.8,2400000,0xe0000
1781249666,53.8,2400000,0xe0000
1781249667,54.9,2400000,0xe0000
1781249668,54.3,2400000,0xe0000
1781249669,54.3,2400000,0xe0000
1781249670,54.3,2400000,0xe0000
1781249671,53.8,2400000,0xe0000
1781249672,54.3,2400000,0xe0000
1781249673,54.3,2400000,0xe0000
1781249674,54.3,2400000,0xe0000
1781249676,54.3,2400000,0xe0000
1781249677,54.3,2400000,0xe0000
1781249678,54.3,2400000,0xe0000
1781249679,53.2,2400000,0xe0000
1781249680,54.3,2400000,0xe0000
1781249681,54.9,2400000,0xe0000
1781249682,54.9,2400000,0xe0000
1781249683,53.8,2400000,0xe0000
1781249684,53.8,2400000,0xe0000
1781249685,54.3,2400000,0xe0000
1781249686,53.8,2400000,0xe0000
1781249687,54.3,2400000,0xe0000
1781249688,54.3,2400000,0xe0000
1781249689,53.2,2400000,0xe0000
1781249690,53.8,2400000,0xe0000
1781249691,53.8,2400000,0xe0000
1781249692,54.3,2400000,0xe0000
1781249693,54.3,2400000,0xe0000
1781249694,54.9,2400000,0xe0000
1781249695,54.3,2400000,0xe0000
1781249696,53.8,2400000,0xe0000
1781249697,53.8,2400000,0xe0000
1781249698,54.3,2400000,0xe0000
1781249699,54.3,2400000,0xe0000
1781249700,53.2,2400000,0xe0000
1781249701,53.8,2400000,0xe0000
1781249702,54.3,2400000,0xe0000
1781249703,53.2,2400000,0xe0000
1781249704,54.3,2400000,0xe0000
1781249705,53.8,2400000,0xe0000
1781249706,54.3,2400000,0xe0000
1781249707,54.9,2400000,0xe0000
1781249708,54.3,2400000,0xe0000
1781249709,54.3,2400000,0xe0000
1781249710,54.3,2400000,0xe0000
1781249711,53.8,2400000,0xe0000
1781249712,54.3,2400000,0xe0000
1781249713,53.8,2400000,0xe0000
1781249714,54.9,2400000,0xe0000
1781249715,54.3,2400000,0xe0000
1781249716,54.9,2400000,0xe0000
1781249717,54.3,2400000,0xe0000
1781249719,52.7,2400000,0xe0000
1781249720,54.3,2400000,0xe0000
1781249721,54.9,2400000,0xe0000
1781249722,53.8,2400000,0xe0000
1781249723,53.8,2400000,0xe0000
1781249724,54.3,2400000,0xe0000
1781249725,54.9,2400000,0xe0000
1781249726,54.9,2400000,0xe0000
1781249727,53.8,2400000,0xe0000
1781249728,54.3,2400000,0xe0000
1781249729,54.9,2400000,0xe0000
1781249730,54.3,2400000,0xe0000
1781249731,54.3,2400000,0xe0000
1781249732,53.8,2400000,0xe0000
1781249733,54.3,2400000,0xe0000
1781249734,54.3,2400000,0xe0000
1781249735,54.3,2400000,0xe0000
1781249736,54.3,2400000,0xe0000
1781249737,54.3,2400000,0xe0000
1781249738,54.9,2400000,0xe0000
1781249739,54.3,2400000,0xe0000
1781249740,54.3,2400000,0xe0000
1781249741,54.3,2400000,0xe0000
1781249742,54.3,2400000,0xe0000
1781249743,54.3,2400000,0xe0000
1781249744,53.8,2400000,0xe0000
1781249745,54.3,2400000,0xe0000
1781249746,53.2,2400000,0xe0000
1781249747,53.8,2400000,0xe0000
1781249748,54.9,2400000,0xe0000
1781249749,54.3,2400000,0xe0000
1781249750,54.3,2400000,0xe0000
1781249751,54.3,2400000,0xe0000
1781249752,53.8,2400000,0xe0000
1781249753,54.9,2400000,0xe0000
1781249754,53.8,2400000,0xe0000
1781249755,54.3,2400000,0xe0000
1781249756,54.9,2400000,0xe0000
1781249757,54.9,2400000,0xe0000
1781249758,54.3,2400000,0xe0000
1781249760,54.3,2400000,0xe0000
1781249761,54.3,2400000,0xe0000
1781249762,54.9,2400000,0xe0000
1781249763,54.3,2400000,0xe0000
1781249764,54.9,2400000,0xe0000
1781249765,54.3,2400000,0xe0000
1781249766,53.2,2400000,0xe0000
1781249767,54.3,2400000,0xe0000
1781249768,54.9,2400000,0xe0000
1781249769,54.3,2400000,0xe0000
1781249770,53.2,2400000,0xe0000
1781249771,54.3,2400000,0xe0000
1781249772,54.3,2400000,0xe0000
1781249773,54.3,2400000,0xe0000
1781249774,53.8,2400000,0xe0000
1781249775,54.3,2400000,0xe0000
1781249776,53.8,2400000,0xe0000
1781249777,53.8,2400000,0xe0000
1781249778,53.8,2400000,0xe0000
1781249779,54.3,2400000,0xe0000
1781249780,53.2,2400000,0xe0000
1781249781,54.3,2400000,0xe0000
1781249782,53.8,2400000,0xe0000
1781249784,54.9,2400000,0xe0000
1781249785,55.4,2400000,0xe0000
1781249786,54.3,2400000,0xe0000
1781249787,54.3,2400000,0xe0000
1781249788,54.3,2400000,0xe0000
1781249789,54.3,2400000,0xe0000
1781249790,54.3,2400000,0xe0000
1781249791,54.3,2400000,0xe0000
1781249792,54.9,2400000,0xe0000
1781249793,54.3,2400000,0xe0000
1781249794,54.3,2400000,0xe0000
1781249795,54.3,2400000,0xe0000
1781249796,54.3,2400000,0xe0000
1781249797,54.3,2400000,0xe0000
1781249798,54.9,2400000,0xe0000
1781249799,54.3,2400000,0xe0000
1781249800,54.3,2400000,0xe0000
1781249801,54.9,2400000,0xe0000
1781249802,54.3,2400000,0xe0000
1781249803,54.3,2400000,0xe0000
1781249804,54.9,2400000,0xe0000
1781249805,54.3,2400000,0xe0000
1781249806,53.8,2400000,0xe0000
1781249807,54.3,2400000,0xe0000
1781249808,54.3,2400000,0xe0000
1781249809,54.3,2400000,0xe0000
1781249810,54.9,2400000,0xe0000
1781249811,54.3,2400000,0xe0000
1781249812,53.8,2400000,0xe0000
1781249813,54.3,2400000,0xe0000
1781249814,53.8,2400000,0xe0000
1781249815,54.9,2400000,0xe0000
1781249816,54.9,2400000,0xe0000
1781249817,54.3,2400000,0xe0000
1781249818,54.3,2400000,0xe0000
1781249819,53.8,2400000,0xe0000
1781249820,53.8,2400000,0xe0000
1781249821,54.3,2400000,0xe0000
1781249822,54.9,2400000,0xe0000
1781249823,54.3,2400000,0xe0000
1781249824,53.8,2400000,0xe0000
1781249825,54.9,2400000,0xe0000
1781249827,53.2,2400000,0xe0000
1781249828,54.3,2400000,0xe0000
1781249829,54.9,2400000,0xe0000
1781249830,54.3,2400000,0xe0000
1781249831,54.9,2400000,0xe0000
1781249832,54.3,2400000,0xe0000
1781249833,54.3,2400000,0xe0000
1781249834,53.8,2400000,0xe0000
1781249835,54.3,2400000,0xe0000
1781249836,54.3,2400000,0xe0000
1781249837,53.8,2400000,0xe0000
1781249838,54.9,2400000,0xe0000
1781249839,54.3,2400000,0xe0000
1781249840,54.3,2400000,0xe0000
1781249841,53.2,2400000,0xe0000
1781249842,54.9,2400000,0xe0000
1781249843,54.9,2400000,0xe0000
1781249844,54.9,2400000,0xe0000
1781249845,54.3,2400000,0xe0000
1781249846,54.9,2400000,0xe0000
1781249847,53.8,2400000,0xe0000
1781249848,54.3,2400000,0xe0000
1781249849,54.9,2400000,0xe0000
1781249850,53.8,2400000,0xe0000
1781249851,54.9,2400000,0xe0000
1781249852,54.3,2400000,0xe0000
1781249853,54.3,2400000,0xe0000
1781249854,54.9,2400000,0xe0000
1781249855,53.2,2400000,0xe0000
1781249856,54.3,2400000,0xe0000
1781249857,54.9,2400000,0xe0000
1781249858,53.8,2400000,0xe0000
1781249859,54.3,2400000,0xe0000
1781249860,53.8,2400000,0xe0000
1781249861,54.3,2400000,0xe0000
1781249862,54.3,2400000,0xe0000
1781249864,54.3,2400000,0xe0000
1781249865,54.3,2400000,0xe0000
1781249866,54.9,2400000,0xe0000
1781249867,54.3,2400000,0xe0000
1781249868,54.3,2400000,0xe0000
1781249869,54.3,2400000,0xe0000
1781249870,53.8,2400000,0xe0000
1781249871,53.8,2400000,0xe0000
1781249872,54.9,2400000,0xe0000
1781249873,54.9,2400000,0xe0000
1781249874,53.2,2400000,0xe0000
1781249875,54.9,2400000,0xe0000
1781249876,54.3,2400000,0xe0000
1781249877,53.8,2400000,0xe0000
1781249878,54.9,2400000,0xe0000
1781249879,54.3,2400000,0xe0000
1781249880,54.3,2400000,0xe0000
1781249881,54.3,2400000,0xe0000
1781249882,54.9,2400000,0xe0000
1781249883,54.3,2400000,0xe0000
1781249884,54.3,2400000,0xe0000
1781249885,54.3,2400000,0xe0000
1781249886,54.9,2400000,0xe0000
1781249887,54.9,2400000,0xe0000
1781249888,54.9,2400000,0xe0000
1781249889,52.7,2400000,0xe0000
1781249890,54.9,2400000,0xe0000
1781249892,54.3,2400000,0xe0000
1781249893,54.3,2400000,0xe0000
1781249894,54.3,2400000,0xe0000
1781249895,53.8,2400000,0xe0000
1781249896,54.3,2400000,0xe0000
1781249897,54.3,2400000,0xe0000
1781249898,54.9,2400000,0xe0000
1781249899,54.3,2400000,0xe0000
1781249900,54.3,2400000,0xe0000
1781249901,54.3,2400000,0xe0000
1781249902,54.3,2400000,0xe0000
1781249903,53.8,2400000,0xe0000
1781249904,53.8,2400000,0xe0000
1781249905,54.9,2400000,0xe0000
1781249906,54.3,2400000,0xe0000
1781249907,54.9,2400000,0xe0000
1781249908,54.9,2400000,0xe0000
1781249909,54.3,2400000,0xe0000
1781249910,54.9,2400000,0xe0000
1781249911,54.9,2400000,0xe0000
1781249912,54.3,2400000,0xe0000
1781249913,54.3,2400000,0xe0000
1781249914,54.3,2400000,0xe0000
1781249915,54.3,2400000,0xe0000
1781249916,54.9,2400000,0xe0000
1781249917,53.8,2400000,0xe0000
1781249918,54.3,2400000,0xe0000
1781249919,54.3,2400000,0xe0000
1781249920,54.3,2400000,0xe0000
1781249921,53.8,2400000,0xe0000
1781249922,53.8,2400000,0xe0000
1781249923,54.3,2400000,0xe0000
1781249924,54.3,2400000,0xe0000
1781249925,54.3,2400000,0xe0000
1781249926,54.3,2400000,0xe0000
1781249927,54.3,2400000,0xe0000
1781249928,53.8,2400000,0xe0000
1781249930,54.3,2400000,0xe0000
1781249931,54.3,2400000,0xe0000
1781249932,54.3,2400000,0xe0000
1781249933,53.8,2400000,0xe0000
1781249934,54.3,2400000,0xe0000
1781249935,54.9,2400000,0xe0000
1781249936,54.3,2400000,0xe0000
1781249937,54.3,2400000,0xe0000
1781249938,54.3,2400000,0xe0000
1781249939,53.8,2400000,0xe0000
1781249940,54.9,2400000,0xe0000
1781249941,53.2,2400000,0xe0000
1781249942,53.2,2400000,0xe0000
1781249943,53.8,2400000,0xe0000
1781249944,53.8,2400000,0xe0000
1781249945,54.3,2400000,0xe0000
1781249946,53.8,2400000,0xe0000
1781249947,53.8,2400000,0xe0000
1781249948,54.3,2400000,0xe0000
1781249949,54.3,2400000,0xe0000
1781249950,54.3,2400000,0xe0000
1781249951,54.3,2400000,0xe0000
1781249952,54.9,2400000,0xe0000
1781249953,54.9,2400000,0xe0000
1781249954,53.8,2400000,0xe0000
1781249955,54.9,2400000,0xe0000
1781249956,54.9,2400000,0xe0000
1781249957,54.3,2400000,0xe0000
1781249958,53.8,2400000,0xe0000
1781249959,54.3,2400000,0xe0000
1781249960,53.8,2400000,0xe0000
1781249961,53.8,2400000,0xe0000
1781249962,53.2,2400000,0xe0000
1781249963,54.3,2400000,0xe0000
1781249964,54.3,2400000,0xe0000
1781249965,54.3,2400000,0xe0000
1781249966,53.2,2400000,0xe0000
1781249967,54.3,2400000,0xe0000
1781249968,54.3,2400000,0xe0000
1781249970,53.8,2400000,0xe0000
1781249971,53.8,2400000,0xe0000
1781249972,54.3,2400000,0xe0000
1781249973,54.3,2400000,0xe0000
1781249974,53.8,2400000,0xe0000
1781249975,53.8,2400000,0xe0000
1781249976,54.3,2400000,0xe0000
1781249977,54.9,2400000,0xe0000
1781249978,54.3,2400000,0xe0000
1781249979,53.8,2400000,0xe0000
1781249980,54.3,2400000,0xe0000
1781249981,53.8,2400000,0xe0000
1781249982,53.8,2400000,0xe0000
1781249983,53.8,2400000,0xe0000
1781249984,54.3,2400000,0xe0000
1781249985,53.2,2400000,0xe0000
1781249986,54.3,2400000,0xe0000
1781249987,53.8,2400000,0xe0000
1781249988,54.3,2400000,0xe0000
1781249989,52.7,2400000,0xe0000
1781249990,54.3,2400000,0xe0000
1781249991,53.8,2400000,0xe0000
1781249992,54.3,2400000,0xe0000
1781249993,54.3,2400000,0xe0000
1781249994,54.3,2400000,0xe0000
1781249995,54.3,2400000,0xe0000
1781249996,54.9,2400000,0xe0000
1781249997,54.9,2400000,0xe0000
1781249998,54.3,2400000,0xe0000
1781249999,54.9,2400000,0xe0000
1781250000,54.3,2400000,0xe0000
1781250001,54.3,2400000,0xe0000
1781250002,54.3,2400000,0xe0000
1781250003,53.8,2400000,0xe0000
1781250004,54.3,2400000,0xe0000
1781250005,54.3,2400000,0xe0000
1781250006,53.8,2400000,0xe0000
1781250007,54.3,2400000,0xe0000
1781250008,54.9,2400000,0xe0000
1781250009,53.8,2400000,0xe0000
1781250010,54.3,2400000,0xe0000
1781250011,53.8,2400000,0xe0000
1781250012,53.2,2400000,0xe0000
1781250013,54.3,2400000,0xe0000
1781250014,54.3,2400000,0xe0000
1781250015,54.3,2400000,0xe0000
1781250016,54.9,2400000,0xe0000
1781250017,53.8,2400000,0xe0000
1781250019,54.3,2400000,0xe0000
1781250020,54.3,2400000,0xe0000
1781250021,53.8,2400000,0xe0000
1781250022,54.3,2400000,0xe0000
1781250023,53.8,2400000,0xe0000
1781250024,53.8,2400000,0xe0000
1781250025,54.3,2400000,0xe0000
1781250026,53.8,2400000,0xe0000
1781250027,54.3,2400000,0xe0000
1781250028,54.3,2400000,0xe0000
1781250029,53.2,2400000,0xe0000
1781250030,54.3,2400000,0xe0000
1781250031,54.3,2400000,0xe0000
1781250032,54.3,2400000,0xe0000
1781250033,54.9,2400000,0xe0000
1781250034,54.9,2400000,0xe0000
1781250035,53.8,2400000,0xe0000
1781250036,54.3,2400000,0xe0000
1781250037,53.8,2400000,0xe0000
1781250038,54.3,2400000,0xe0000
1781250039,54.9,2400000,0xe0000
1781250040,54.9,2400000,0xe0000
1781250041,53.8,2400000,0xe0000
1781250042,54.3,2400000,0xe0000
1781250043,54.3,2400000,0xe0000
1781250044,53.8,2400000,0xe0000
1781250045,53.8,2400000,0xe0000
1781250046,54.3,2400000,0xe0000
1781250047,53.8,2400000,0xe0000
1781250048,53.8,2400000,0xe0000
1781250049,54.3,2400000,0xe0000
1781250050,54.3,2400000,0xe0000
1781250051,54.3,2400000,0xe0000
1781250052,54.3,2400000,0xe0000
1781250053,54.3,2400000,0xe0000
1781250055,54.3,2400000,0xe0000
1781250056,54.3,2400000,0xe0000
1781250057,53.8,2400000,0xe0000
1781250058,54.9,2400000,0xe0000
1781250059,54.3,2400000,0xe0000
1781250060,54.3,2400000,0xe0000
1781250061,53.8,2400000,0xe0000
1781250062,54.9,2400000,0xe0000
1781250063,54.3,2400000,0xe0000
1781250064,54.3,2400000,0xe0000
1781250065,54.3,2400000,0xe0000
1781250066,54.3,2400000,0xe0000
1781250067,54.3,2400000,0xe0000
1781250068,54.9,2400000,0xe0000
1781250069,54.3,2400000,0xe0000
1781250070,53.8,2400000,0xe0000
1781250071,54.3,2400000,0xe0000
1781250072,54.3,2400000,0xe0000
1781250073,53.8,2400000,0xe0000
1781250074,54.9,2400000,0xe0000
1781250075,53.2,2400000,0xe0000
1781250076,53.8,2400000,0xe0000
1781250077,54.9,2400000,0xe0000
1781250078,53.8,2400000,0xe0000
1781250080,54.9,2400000,0xe0000
1781250081,54.9,2400000,0xe0000
1781250082,53.8,2400000,0xe0000
1781250083,54.3,2400000,0xe0000
1781250084,53.8,2400000,0xe0000
1781250085,54.9,2400000,0xe0000
1781250086,53.8,2400000,0xe0000
1781250087,54.3,2400000,0xe0000
1781250088,54.3,2400000,0xe0000
1781250089,54.9,2400000,0xe0000
1781250090,53.2,2400000,0xe0000
1781250091,54.3,2400000,0xe0000
1781250092,54.9,2400000,0xe0000
1781250093,54.3,2400000,0xe0000
1781250094,54.9,2400000,0xe0000
1781250095,53.8,2400000,0xe0000
1781250096,54.3,2400000,0xe0000
1781250097,54.3,2400000,0xe0000
1781250098,54.3,2400000,0xe0000
1781250099,53.2,2400000,0xe0000
1781250100,54.9,2400000,0xe0000
1781250101,54.3,2400000,0xe0000
1781250102,54.3,2400000,0xe0000
1781250103,54.3,2400000,0xe0000
1781250104,53.8,2400000,0xe0000
1781250105,54.3,2400000,0xe0000
1781250106,53.8,2400000,0xe0000
1781250107,54.3,2400000,0xe0000
1781250108,54.3,2400000,0xe0000
1781250109,54.3,2400000,0xe0000
1781250110,54.3,2400000,0xe0000
1781250111,54.9,2400000,0xe0000
1781250112,54.9,2400000,0xe0000
1781250113,53.8,2400000,0xe0000
1781250114,53.8,2400000,0xe0000
1781250115,54.9,2400000,0xe0000
1781250116,53.8,2400000,0xe0000
1781250117,53.8,2400000,0xe0000
1781250118,54.9,2400000,0xe0000
1781250119,53.8,2400000,0xe0000
1781250120,54.9,2400000,0xe0000
1781250121,53.8,2400000,0xe0000
1781250122,53.8,2400000,0xe0000
1781250123,53.8,2400000,0xe0000
1781250124,54.3,2400000,0xe0000
1781250126,54.3,2400000,0xe0000
1781250127,54.9,2400000,0xe0000
1781250128,53.8,2400000,0xe0000
1781250129,54.3,2400000,0xe0000
1781250130,53.8,2400000,0xe0000
1781250131,54.3,2400000,0xe0000
1781250132,54.3,2400000,0xe0000
1781250133,54.3,2400000,0xe0000
1781250134,54.3,2400000,0xe0000
1781250135,53.8,2400000,0xe0000
1781250136,53.8,2400000,0xe0000
1781250137,53.2,2400000,0xe0000
1781250138,53.8,2400000,0xe0000
1781250139,54.9,2400000,0xe0000
1781250140,54.3,2400000,0xe0000
1781250141,53.8,2400000,0xe0000
1781250142,54.9,2400000,0xe0000
1781250143,54.3,2400000,0xe0000
1781250144,54.3,2400000,0xe0000
1781250145,54.3,2400000,0xe0000
1781250146,53.8,2400000,0xe0000
1781250147,54.3,2400000,0xe0000
1781250148,54.3,2400000,0xe0000
1781250149,54.3,2400000,0xe0000
1781250150,54.3,2400000,0xe0000
1781250151,53.8,2400000,0xe0000
1781250152,54.3,2400000,0xe0000
1781250153,53.8,2400000,0xe0000
1781250154,53.8,2400000,0xe0000
1781250155,54.9,2400000,0xe0000
1781250157,54.3,2400000,0xe0000
1781250158,54.9,2400000,0xe0000
1781250159,53.8,2400000,0xe0000
1781250160,54.3,2400000,0xe0000
1781250161,54.3,2400000,0xe0000
1781250162,53.2,2400000,0xe0000
1781250163,54.9,2400000,0xe0000
1781250164,54.3,2400000,0xe0000
1781250165,54.3,2400000,0xe0000
1781250166,54.9,2400000,0xe0000
1781250167,54.3,2400000,0xe0000
1781250168,53.2,2400000,0xe0000
1781250169,54.9,2400000,0xe0000
1781250170,53.8,2400000,0xe0000
1781250171,54.3,2400000,0xe0000
1781250172,54.3,2400000,0xe0000
1781250173,54.9,2400000,0xe0000
1781250174,53.2,2400000,0xe0000
1781250175,54.3,2400000,0xe0000
1781250176,54.9,2400000,0xe0000
1781250177,53.2,2400000,0xe0000
1781250178,54.3,2400000,0xe0000
1781250179,54.9,2400000,0xe0000
1781250180,54.3,2400000,0xe0000
1781250181,54.3,2400000,0xe0000
1781250182,54.3,2400000,0xe0000
1781250183,54.3,2400000,0xe0000
1781250184,54.3,2400000,0xe0000
1781250185,54.3,2400000,0xe0000
1781250186,54.3,2400000,0xe0000
1781250187,54.3,2400000,0xe0000
1781250188,54.9,2400000,0xe0000
1781250189,54.9,2400000,0xe0000
1781250191,53.8,2400000,0xe0000
1781250192,52.7,2400000,0xe0000
1781250193,53.8,2400000,0xe0000
1781250194,54.3,2400000,0xe0000
1781250195,54.9,2400000,0xe0000
1781250196,53.2,2400000,0xe0000
1781250197,54.3,2400000,0xe0000
1781250198,54.3,2400000,0xe0000
1781250199,54.3,2400000,0xe0000
1781250200,54.3,2400000,0xe0000
1781250201,54.3,2400000,0xe0000
1781250202,53.8,2400000,0xe0000
1781250203,54.3,2400000,0xe0000
1781250204,54.3,2400000,0xe0000
1781250205,53.8,2400000,0xe0000
1781250206,54.3,2400000,0xe0000
1781250207,53.8,2400000,0xe0000
1781250208,53.8,2400000,0xe0000
1781250209,54.3,2400000,0xe0000
1781250210,54.3,2400000,0xe0000
1781250211,54.3,2400000,0xe0000
1781250212,54.3,2400000,0xe0000
1781250213,54.3,2400000,0xe0000
1781250214,54.3,2400000,0xe0000
1781250215,54.3,2400000,0xe0000
1781250216,54.9,2400000,0xe0000
1781250217,54.3,2400000,0xe0000
1781250218,53.2,2400000,0xe0000
1781250219,54.9,2400000,0xe0000
1781250220,54.3,2400000,0xe0000
1781250221,54.3,2400000,0xe0000
1781250222,54.3,2400000,0xe0000
1781250223,53.8,2400000,0xe0000
1781250224,54.9,2400000,0xe0000
1781250225,54.9,2400000,0xe0000
1781250226,53.8,2400000,0xe0000
1781250227,54.9,2400000,0xe0000
1781250228,54.9,2400000,0xe0000
1781250229,54.3,2400000,0xe0000
1781250231,54.3,2400000,0xe0000
1781250232,54.9,2400000,0xe0000
1781250233,54.3,2400000,0xe0000
1781250234,54.3,2400000,0xe0000
1781250235,54.3,2400000,0xe0000
1781250236,54.3,2400000,0xe0000
1781250237,54.3,2400000,0xe0000
1781250238,53.8,2400000,0xe0000
1781250239,54.3,2400000,0xe0000
1781250240,54.3,2400000,0xe0000
1781250241,53.2,2400000,0xe0000
1781250242,53.8,2400000,0xe0000
1781250243,54.3,2400000,0xe0000
1781250244,53.8,2400000,0xe0000
1781250245,54.3,2400000,0xe0000
1781250246,54.3,2400000,0xe0000
1781250247,54.9,2400000,0xe0000
1781250248,54.3,2400000,0xe0000
1781250249,54.3,2400000,0xe0000
1781250250,54.9,2400000,0xe0000
1781250251,53.8,2400000,0xe0000
1781250252,54.9,2400000,0xe0000
1781250253,54.9,2400000,0xe0000
1781250254,54.3,2400000,0xe0000
1781250255,53.8,2400000,0xe0000
1781250256,54.3,2400000,0xe0000
1781250257,54.9,2400000,0xe0000
1781250258,54.3,2400000,0xe0000
1781250259,54.3,2400000,0xe0000
1781250260,54.3,2400000,0xe0000
1781250261,54.3,2400000,0xe0000
1781250263,54.3,2400000,0xe0000
1781250264,54.9,2400000,0xe0000
1781250265,54.3,2400000,0xe0000
1781250266,54.3,2400000,0xe0000
1781250267,53.8,2400000,0xe0000
1781250268,54.3,2400000,0xe0000
1781250269,53.2,2400000,0xe0000
1781250270,54.3,2400000,0xe0000
1781250271,54.3,2400000,0xe0000
1781250272,54.3,2400000,0xe0000
1781250273,54.3,2400000,0xe0000
1781250274,52.7,2400000,0xe0000
1781250275,54.9,2400000,0xe0000
1781250276,53.8,2400000,0xe0000
1781250277,53.8,2400000,0xe0000
1781250278,54.3,2400000,0xe0000
1781250279,54.3,2400000,0xe0000
1781250280,54.9,2400000,0xe0000
1781250281,54.9,2400000,0xe0000
1781250282,53.8,2400000,0xe0000
1781250283,54.3,2400000,0xe0000
1781250284,54.3,2400000,0xe0000
1781250285,54.3,2400000,0xe0000
1781250286,53.2,2400000,0xe0000
1781250287,53.8,2400000,0xe0000
1781250288,54.3,2400000,0xe0000
1781250289,54.3,2400000,0xe0000
1781250290,54.9,2400000,0xe0000
1781250291,53.8,2400000,0xe0000
1781250293,54.3,2400000,0xe0000
1781250294,54.9,2400000,0xe0000
1781250295,54.3,2400000,0xe0000
1781250296,54.9,2400000,0xe0000
1781250297,54.3,2400000,0xe0000
1781250298,53.2,2400000,0xe0000
1781250299,53.8,2400000,0xe0000
1781250300,54.3,2400000,0xe0000
1781250301,54.3,2400000,0xe0000
1781250302,53.8,2400000,0xe0000
1781250303,54.3,2400000,0xe0000
1781250304,54.3,2400000,0xe0000
1781250305,54.9,2400000,0xe0000
1781250306,54.3,2400000,0xe0000
1781250307,53.8,2400000,0xe0000
1781250308,54.3,2400000,0xe0000
1781250309,54.3,2400000,0xe0000
1781250310,53.8,2400000,0xe0000
1781250311,54.3,2400000,0xe0000
1781250312,54.3,2400000,0xe0000
1781250313,53.8,2400000,0xe0000
1781250314,54.3,2400000,0xe0000
1781250316,53.2,2400000,0xe0000
1781250317,54.3,2400000,0xe0000
1781250318,54.9,2400000,0xe0000
1781250319,54.3,2400000,0xe0000
1781250320,54.9,2400000,0xe0000
1781250321,53.8,2400000,0xe0000
1781250322,54.9,2400000,0xe0000
1781250323,54.3,2400000,0xe0000
1781250324,53.2,2400000,0xe0000
1781250325,54.3,2400000,0xe0000
1781250326,53.8,2400000,0xe0000
1781250327,54.3,2400000,0xe0000
1781250328,54.3,2400000,0xe0000
1781250329,52.7,2400000,0xe0000
1781250330,53.8,2400000,0xe0000
1781250331,54.3,2400000,0xe0000
1781250332,53.8,2400000,0xe0000
1781250333,54.3,2400000,0xe0000
1781250334,54.9,2400000,0xe0000
1781250335,54.3,2400000,0xe0000
1781250336,54.3,2400000,0xe0000
1781250337,54.9,2400000,0xe0000
1781250338,53.8,2400000,0xe0000
1781250339,54.3,2400000,0xe0000
1781250340,54.9,2400000,0xe0000
1781250341,53.8,2400000,0xe0000
1781250342,54.3,2400000,0xe0000
1781250343,54.3,2400000,0xe0000
1781250344,54.3,2400000,0xe0000
1781250345,54.3,2400000,0xe0000
1781250346,54.3,2400000,0xe0000
1781250347,53.8,2400000,0xe0000
1781250348,53.8,2400000,0xe0000
1781250349,54.3,2400000,0xe0000
1781250351,54.3,2400000,0xe0000
1781250352,54.3,2400000,0xe0000
1781250353,54.3,2400000,0xe0000
1781250354,53.8,2400000,0xe0000
1781250355,54.3,2400000,0xe0000
1781250356,54.3,2400000,0xe0000
1781250357,54.3,2400000,0xe0000
1781250358,53.8,2400000,0xe0000
1781250359,54.3,2400000,0xe0000
1781250360,54.3,2400000,0xe0000
1781250361,54.9,2400000,0xe0000
1781250362,53.8,2400000,0xe0000
1781250363,54.9,2400000,0xe0000
1781250364,53.8,2400000,0xe0000
1781250365,54.9,2400000,0xe0000
1781250366,54.3,2400000,0xe0000
1781250367,54.3,2400000,0xe0000
1781250368,54.3,2400000,0xe0000
1781250369,53.8,2400000,0xe0000
1781250370,54.3,2400000,0xe0000
1781250371,54.3,2400000,0xe0000
1781250372,53.8,2400000,0xe0000
1781250373,53.8,2400000,0xe0000
1781250374,54.9,2400000,0xe0000
1781250375,54.3,2400000,0xe0000
1781250376,54.9,2400000,0xe0000
1781250377,54.3,2400000,0xe0000
1781250378,54.9,2400000,0xe0000
1781250379,54.3,2400000,0xe0000
1781250380,54.9,2400000,0xe0000
1781250381,54.3,2400000,0xe0000
1781250382,54.3,2400000,0xe0000
1781250383,54.3,2400000,0xe0000
1781250385,54.3,2400000,0xe0000
1781250386,54.3,2400000,0xe0000
1781250387,54.9,2400000,0xe0000
1781250388,54.3,2400000,0xe0000
1781250389,54.9,2400000,0xe0000
1781250390,54.3,2400000,0xe0000
1781250391,53.2,2400000,0xe0000
1781250392,54.3,2400000,0xe0000
1781250393,54.3,2400000,0xe0000
1781250394,54.3,2400000,0xe0000
1781250395,54.9,2400000,0xe0000
1781250396,54.3,2400000,0xe0000
1781250397,54.3,2400000,0xe0000
1781250398,54.3,2400000,0xe0000
1781250399,53.8,2400000,0xe0000
1781250400,53.8,2400000,0xe0000
1781250401,53.8,2400000,0xe0000
1781250402,54.3,2400000,0xe0000
1781250403,54.9,2400000,0xe0000
1781250404,53.8,2400000,0xe0000
1781250405,53.8,2400000,0xe0000
1781250406,54.3,2400000,0xe0000
1781250407,54.9,2400000,0xe0000
1781250408,54.3,2400000,0xe0000
1781250409,54.3,2400000,0xe0000
1781250410,53.8,2400000,0xe0000
1781250411,54.3,2400000,0xe0000
1781250412,54.3,2400000,0xe0000
1781250413,53.8,2400000,0xe0000
1781250415,53.8,2400000,0xe0000
1781250416,54.3,2400000,0xe0000
1781250417,53.8,2400000,0xe0000
1781250418,54.3,2400000,0xe0000
1781250419,54.3,2400000,0xe0000
1781250420,54.3,2400000,0xe0000
1781250421,53.8,2400000,0xe0000
1781250422,54.9,2400000,0xe0000
1781250423,54.3,2400000,0xe0000
1781250424,53.8,2400000,0xe0000
1781250425,53.8,2400000,0xe0000
1781250426,53.8,2400000,0xe0000
1781250427,54.3,2400000,0xe0000
1781250428,54.3,2400000,0xe0000
1781250429,53.8,2400000,0xe0000
1781250430,53.8,2400000,0xe0000
1781250431,54.3,2400000,0xe0000
1781250432,54.3,2400000,0xe0000
1781250433,54.3,2400000,0xe0000
1781250434,54.9,2400000,0xe0000
1781250435,54.3,2400000,0xe0000
1781250436,54.9,2400000,0xe0000
1781250437,54.3,2400000,0xe0000
1781250438,53.8,2400000,0xe0000
1781250439,53.8,2400000,0xe0000
1781250440,54.3,2400000,0xe0000
1781250441,53.8,2400000,0xe0000
1781250442,54.3,2400000,0xe0000
1781250443,53.8,2400000,0xe0000
1781250444,54.3,2400000,0xe0000
1781250445,54.9,2400000,0xe0000
1781250447,54.3,2400000,0xe0000
1781250448,54.3,2400000,0xe0000
1781250449,53.2,2400000,0xe0000
1781250450,53.8,2400000,0xe0000
1781250451,54.3,2400000,0xe0000
1781250452,53.8,2400000,0xe0000
1781250453,52.7,2400000,0xe0000
1781250454,54.9,2400000,0xe0000
1781250455,52.7,2400000,0xe0000
1781250456,54.9,2400000,0xe0000
1781250457,53.8,2400000,0xe0000
1781250458,54.3,2400000,0xe0000
1781250459,54.3,2400000,0xe0000
1781250460,54.3,2400000,0xe0000
1781250461,54.9,2400000,0xe0000
1781250462,53.8,2400000,0xe0000
1781250463,53.8,2400000,0xe0000
1781250464,53.8,2400000,0xe0000
1781250465,54.3,2400000,0xe0000
1781250466,54.3,2400000,0xe0000
1781250467,54.3,2400000,0xe0000
1781250468,54.3,2400000,0xe0000
1781250469,54.3,2400000,0xe0000
1781250470,54.3,2400000,0xe0000
1781250471,53.8,2400000,0xe0000
1781250472,54.9,2400000,0xe0000
1781250473,53.8,2400000,0xe0000
1781250474,54.3,2400000,0xe0000
1781250475,54.3,2400000,0xe0000
1781250476,54.3,2400000,0xe0000
1781250477,53.8,2400000,0xe0000
1781250478,53.8,2400000,0xe0000
1781250480,53.8,2400000,0xe0000
1781250481,54.3,2400000,0xe0000
1781250482,54.3,2400000,0xe0000
1781250483,54.3,2400000,0xe0000
1781250484,53.8,2400000,0xe0000
1781250485,54.3,2400000,0xe0000
1781250486,54.3,2400000,0xe0000
1781250487,54.9,2400000,0xe0000
1781250488,54.3,2400000,0xe0000
1781250489,54.3,2400000,0xe0000
1781250490,53.2,2400000,0xe0000
1781250491,53.2,2400000,0xe0000
1781250492,53.8,2400000,0xe0000
1781250493,54.9,2400000,0xe0000
1781250494,54.3,2400000,0xe0000
1781250495,53.8,2400000,0xe0000
1781250496,54.3,2400000,0xe0000
1781250497,54.3,2400000,0xe0000
1781250498,54.3,2400000,0xe0000
1781250499,54.3,2400000,0xe0000
1781250500,54.9,2400000,0xe0000
1781250501,54.3,2400000,0xe0000
1781250502,54.9,2400000,0xe0000
1781250503,54.3,2400000,0xe0000
1781250504,54.3,2400000,0xe0000
1781250505,54.3,2400000,0xe0000
1781250506,53.8,2400000,0xe0000
1781250507,54.3,2400000,0xe0000
1781250509,54.3,2400000,0xe0000
1781250510,54.3,2400000,0xe0000
1781250511,53.8,2400000,0xe0000
1781250512,54.3,2400000,0xe0000
1781250513,53.8,2400000,0xe0000
1781250514,54.3,2400000,0xe0000
1781250515,54.9,2400000,0xe0000
1781250516,54.3,2400000,0xe0000
1781250517,53.8,2400000,0xe0000
1781250518,53.8,2400000,0xe0000
1781250519,53.8,2400000,0xe0000
1781250520,53.8,2400000,0xe0000
1781250521,54.9,2400000,0xe0000
1781250522,53.8,2400000,0xe0000
1781250523,53.8,2400000,0xe0000
1781250524,54.3,2400000,0xe0000
1781250525,54.3,2400000,0xe0000
1781250526,54.3,2400000,0xe0000
1781250527,53.2,2400000,0xe0000
1781250528,53.8,2400000,0xe0000
1781250529,53.2,2400000,0xe0000
1781250530,54.3,2400000,0xe0000
1781250531,53.8,2400000,0xe0000
1781250532,54.9,2400000,0xe0000
1781250533,54.3,2400000,0xe0000
1781250534,54.3,2400000,0xe0000
1781250535,53.8,2400000,0xe0000
1781250536,54.3,2400000,0xe0000
1781250537,54.9,2400000,0xe0000
1781250538,53.8,2400000,0xe0000
1781250539,54.3,2400000,0xe0000
1781250540,53.8,2400000,0xe0000
1781250541,53.8,2400000,0xe0000
1781250542,53.8,2400000,0xe0000
1781250543,53.8,2400000,0xe0000
1781250545,53.8,2400000,0xe0000
1781250546,53.8,2400000,0xe0000
1781250547,53.2,2400000,0xe0000
1781250548,53.8,2400000,0xe0000
1781250549,54.3,2400000,0xe0000
1781250550,54.3,2400000,0xe0000
1781250551,54.3,2400000,0xe0000
1781250552,54.9,2400000,0xe0000
1781250553,53.8,2400000,0xe0000
1781250554,53.8,2400000,0xe0000
1781250555,54.3,2400000,0xe0000
1781250556,54.3,2400000,0xe0000
1781250557,53.8,2400000,0xe0000
1781250558,54.3,2400000,0xe0000
1781250559,54.3,2400000,0xe0000
1781250560,54.9,2400000,0xe0000
1781250561,54.9,2400000,0xe0000
1781250562,54.9,2400000,0xe0000
1781250563,54.9,2400000,0xe0000
1781250564,54.9,2400000,0xe0000
1781250565,53.8,2400000,0xe0000
1781250566,54.9,2400000,0xe0000
1781250567,54.3,2400000,0xe0000
1781250568,53.8,2400000,0xe0000
1781250569,54.3,2400000,0xe0000
1781250570,54.3,2400000,0xe0000
1781250571,54.3,2400000,0xe0000
1781250572,53.8,2400000,0xe0000
1781250573,53.2,2400000,0xe0000
1781250574,53.8,2400000,0xe0000
1781250575,54.3,2400000,0xe0000
1781250576,54.3,2400000,0xe0000
1781250577,53.8,2400000,0xe0000
1781250578,54.9,2400000,0xe0000
1781250579,54.3,2400000,0xe0000
1781250580,54.3,2400000,0xe0000
1781250581,53.2,2400000,0xe0000
1781250582,53.8,2400000,0xe0000
1781250584,54.3,2400000,0xe0000
1781250585,54.3,2400000,0xe0000
1781250586,53.8,2400000,0xe0000
1781250587,54.3,2400000,0xe0000
1781250588,54.3,2400000,0xe0000
1781250589,54.3,2400000,0xe0000
1781250590,53.8,2400000,0xe0000
1781250591,54.3,2400000,0xe0000
1781250592,54.3,2400000,0xe0000
1781250593,54.3,2400000,0xe0000
1781250594,53.8,2400000,0xe0000
1781250595,53.8,2400000,0xe0000
1781250596,54.3,2400000,0xe0000
1781250597,54.3,2400000,0xe0000
1781250598,53.8,2400000,0xe0000
1781250599,53.8,2400000,0xe0000
1781250600,54.3,2400000,0xe0000
1781250601,53.8,2400000,0xe0000
1781250602,53.8,2400000,0xe0000
1781250603,53.8,2400000,0xe0000
1781250604,53.8,2400000,0xe0000
1781250605,54.3,2400000,0xe0000
1781250606,54.9,2400000,0xe0000
1781250607,53.8,2400000,0xe0000
1781250608,54.3,2400000,0xe0000
1781250609,54.9,2400000,0xe0000
1781250610,53.2,2400000,0xe0000
1781250611,54.3,2400000,0xe0000
1781250612,53.8,2400000,0xe0000
1781250613,54.3,2400000,0xe0000
1781250615,52.7,2400000,0xe0000
1781250616,54.3,2400000,0xe0000
1781250617,54.3,2400000,0xe0000
1781250618,54.3,2400000,0xe0000
1781250619,54.3,2400000,0xe0000
1781250620,54.3,2400000,0xe0000
1781250621,53.2,2400000,0xe0000
1781250622,53.8,2400000,0xe0000
1781250623,54.3,2400000,0xe0000
1781250624,54.3,2400000,0xe0000
1781250625,53.2,2400000,0xe0000
1781250626,54.3,2400000,0xe0000
1781250627,54.3,2400000,0xe0000
1781250628,54.3,2400000,0xe0000
1781250629,54.3,2400000,0xe0000
1781250630,54.9,2400000,0xe0000
1781250631,53.8,2400000,0xe0000
1781250632,53.8,2400000,0xe0000
1781250633,54.3,2400000,0xe0000
1781250634,54.3,2400000,0xe0000
1781250635,54.3,2400000,0xe0000
1781250636,53.8,2400000,0xe0000
1781250637,53.8,2400000,0xe0000
1781250638,54.3,2400000,0xe0000
1781250639,53.2,2400000,0xe0000
1781250640,53.8,2400000,0xe0000
1781250641,54.9,2400000,0xe0000
1781250642,53.8,2400000,0xe0000
1781250643,53.8,2400000,0xe0000
1781250644,54.9,2400000,0xe0000
1781250645,53.2,2400000,0xe0000
1781250646,53.8,2400000,0xe0000
1781250647,54.3,2400000,0xe0000
1781250648,54.3,2400000,0xe0000
1781250649,54.9,2400000,0xe0000
1781250650,54.9,2400000,0xe0000
1781250651,54.9,2400000,0xe0000
1781250652,53.2,2400000,0xe0000
1781250653,53.2,2400000,0xe0000
1781250654,53.8,2400000,0xe0000
1781250655,53.8,2400000,0xe0000
1781250657,53.8,2400000,0xe0000
1781250658,54.3,2400000,0xe0000
1781250659,54.3,2400000,0xe0000
1781250660,53.8,2400000,0xe0000
1781250661,54.3,2400000,0xe0000
1781250662,54.3,2400000,0xe0000
1781250663,54.9,2400000,0xe0000
1781250664,54.9,2400000,0xe0000
1781250665,53.8,2400000,0xe0000
1781250666,53.8,2400000,0xe0000
1781250667,54.3,2400000,0xe0000
1781250668,54.9,2400000,0xe0000
1781250669,54.3,2400000,0xe0000
1781250670,54.3,2400000,0xe0000
1781250671,53.8,2400000,0xe0000
1781250672,54.3,2400000,0xe0000
1781250673,54.3,2400000,0xe0000
1781250674,54.9,2400000,0xe0000
1781250675,54.3,2400000,0xe0000
1781250676,54.3,2400000,0xe0000
1781250677,54.9,2400000,0xe0000
1781250678,54.3,2400000,0xe0000
1781250679,54.3,2400000,0xe0000
1781250680,53.8,2400000,0xe0000
1781250681,54.3,2400000,0xe0000
1781250682,54.3,2400000,0xe0000
1781250683,53.2,2400000,0xe0000
1781250684,53.8,2400000,0xe0000
1781250685,54.3,2400000,0xe0000
1781250686,53.8,2400000,0xe0000
1781250687,54.3,2400000,0xe0000
1781250688,53.8,2400000,0xe0000
1781250689,53.8,2400000,0xe0000
1781250690,53.8,2400000,0xe0000
1781250691,53.2,2400000,0xe0000
1781250692,54.3,2400000,0xe0000
1781250693,54.3,2400000,0xe0000
1781250694,54.3,2400000,0xe0000
1781250695,54.3,2400000,0xe0000
1781250696,53.8,2400000,0xe0000
1781250697,53.8,2400000,0xe0000
1781250698,53.8,2400000,0xe0000
1781250699,54.3,2400000,0xe0000
1781250701,54.3,2400000,0xe0000
1781250702,53.8,2400000,0xe0000
1781250703,53.8,2400000,0xe0000
1781250704,54.3,2400000,0xe0000
1781250705,53.8,2400000,0xe0000
1781250706,53.8,2400000,0xe0000
1781250707,54.3,2400000,0xe0000
1781250708,53.8,2400000,0xe0000
1781250709,54.3,2400000,0xe0000
1781250710,53.8,2400000,0xe0000
1781250711,54.3,2400000,0xe0000
1781250712,54.3,2400000,0xe0000
1781250713,53.8,2400000,0xe0000
1781250714,54.3,2400000,0xe0000
1781250715,54.3,2400000,0xe0000
1781250716,54.3,2400000,0xe0000
1781250717,53.8,2400000,0xe0000
1781250718,54.3,2400000,0xe0000
1781250719,54.9,2400000,0xe0000
1781250720,54.3,2400000,0xe0000
1781250721,53.8,2400000,0xe0000
1781250722,54.3,2400000,0xe0000
1781250723,53.8,2400000,0xe0000
1781250724,54.9,2400000,0xe0000
1781250725,53.8,2400000,0xe0000
1781250726,54.3,2400000,0xe0000
1781250727,54.3,2400000,0xe0000
1781250728,53.8,2400000,0xe0000
1781250729,54.3,2400000,0xe0000
1781250730,53.8,2400000,0xe0000
1781250731,54.9,2400000,0xe0000
1781250732,54.3,2400000,0xe0000
1781250733,53.8,2400000,0xe0000
1781250734,54.3,2400000,0xe0000
1781250735,54.3,2400000,0xe0000
1781250737,53.8,2400000,0xe0000
1781250738,54.3,2400000,0xe0000
1781250739,54.3,2400000,0xe0000
1781250740,53.2,2400000,0xe0000
1781250741,54.3,2400000,0xe0000
1781250742,54.3,2400000,0xe0000
1781250743,54.3,2400000,0xe0000
1781250744,54.9,2400000,0xe0000
1781250745,54.9,2400000,0xe0000
1781250746,54.3,2400000,0xe0000
1781250747,53.8,2400000,0xe0000
1781250748,54.3,2400000,0xe0000
1781250749,54.3,2400000,0xe0000
1781250750,53.8,2400000,0xe0000
1781250751,53.8,2400000,0xe0000
1781250752,53.8,2400000,0xe0000
1781250753,54.9,2400000,0xe0000
1781250754,53.8,2400000,0xe0000
1781250755,53.8,2400000,0xe0000
1781250756,53.8,2400000,0xe0000
1781250757,54.3,2400000,0xe0000
1781250758,53.8,2400000,0xe0000
1781250759,54.3,2400000,0xe0000
1781250760,54.3,2400000,0xe0000
1781250761,53.8,2400000,0xe0000
1781250762,53.2,2400000,0xe0000
1781250763,53.8,2400000,0xe0000
1781250764,54.3,2400000,0xe0000
1781250765,54.3,2400000,0xe0000
1781250766,53.8,2400000,0xe0000
1781250767,53.8,2400000,0xe0000
1781250768,54.3,2400000,0xe0000
1781250769,53.8,2400000,0xe0000
1781250770,54.3,2400000,0xe0000
1781250771,53.2,2400000,0xe0000
1781250773,54.3,2400000,0xe0000
1781250774,53.8,2400000,0xe0000
1781250775,54.3,2400000,0xe0000
1781250776,54.3,2400000,0xe0000
1781250777,53.8,2400000,0xe0000
1781250778,54.3,2400000,0xe0000
1781250779,54.3,2400000,0xe0000
1781250780,54.9,2400000,0xe0000
1781250781,54.3,2400000,0xe0000
1781250782,54.3,2400000,0xe0000
1781250783,54.3,2400000,0xe0000
1781250784,53.8,2400000,0xe0000
1781250785,53.8,2400000,0xe0000
1781250786,53.2,2400000,0xe0000
1781250787,54.3,2400000,0xe0000
1781250788,53.8,2400000,0xe0000
1781250789,54.3,2400000,0xe0000
1781250790,54.9,2400000,0xe0000
1781250791,53.8,2400000,0xe0000
1781250792,54.3,2400000,0xe0000
1781250793,53.8,2400000,0xe0000
1781250794,54.3,2400000,0xe0000
1781250795,53.2,2400000,0xe0000
1781250796,54.3,2400000,0xe0000
1781250797,53.8,2400000,0xe0000
1781250798,53.8,2400000,0xe0000
1781250799,54.9,2400000,0xe0000
1781250800,54.9,2400000,0xe0000
1781250801,54.3,2400000,0xe0000
1781250802,54.9,2400000,0xe0000
1781250803,54.9,2400000,0xe0000
1781250804,54.3,2400000,0xe0000
1781250805,54.3,2400000,0xe0000
1781250806,54.3,2400000,0xe0000
1781250808,54.3,2400000,0xe0000
1781250809,54.3,2400000,0xe0000
1781250810,54.3,2400000,0xe0000
1781250811,54.3,2400000,0xe0000
1781250812,52.7,2400000,0xe0000
1781250813,54.9,2400000,0xe0000
1781250814,54.3,2400000,0xe0000
1781250815,54.3,2400000,0xe0000
1781250816,53.8,2400000,0xe0000
1781250817,54.9,2400000,0xe0000
1781250818,54.3,2400000,0xe0000
1781250819,53.8,2400000,0xe0000
1781250820,53.8,2400000,0xe0000
1781250821,54.3,2400000,0xe0000
1781250822,54.3,2400000,0xe0000
1781250823,54.9,2400000,0xe0000
1781250824,54.3,2400000,0xe0000
1781250825,54.9,2400000,0xe0000
1781250826,54.3,2400000,0xe0000
1781250827,53.8,2400000,0xe0000
1781250828,54.3,2400000,0xe0000
1781250829,53.8,2400000,0xe0000
1781250830,53.2,2400000,0xe0000
1781250831,54.3,2400000,0xe0000
1781250832,54.3,2400000,0xe0000
1781250833,54.3,2400000,0xe0000
1781250834,54.3,2400000,0xe0000
1781250835,53.8,2400000,0xe0000
1781250836,54.3,2400000,0xe0000
1781250838,53.8,2400000,0xe0000
1781250839,54.3,2400000,0xe0000
1781250840,54.3,2400000,0xe0000
1781250841,54.9,2400000,0xe0000
1781250842,54.3,2400000,0xe0000
1781250843,53.8,2400000,0xe0000
1781250844,53.8,2400000,0xe0000
1781250845,53.8,2400000,0xe0000
1781250846,53.8,2400000,0xe0000
1781250847,54.9,2400000,0xe0000
1781250848,53.8,2400000,0xe0000
1781250849,54.9,2400000,0xe0000
1781250850,53.2,2400000,0xe0000
1781250851,53.2,2400000,0xe0000
1781250852,53.8,2400000,0xe0000
1781250853,54.3,2400000,0xe0000
1781250854,54.3,2400000,0xe0000
1781250855,54.3,2400000,0xe0000
1781250856,53.8,2400000,0xe0000
1781250857,54.3,2400000,0xe0000
1781250858,53.8,2400000,0xe0000
1781250859,53.8,2400000,0xe0000
1781250860,53.8,2400000,0xe0000
1781250861,54.3,2400000,0xe0000
1781250862,53.8,2400000,0xe0000
1781250863,54.3,2400000,0xe0000
1781250864,53.8,2400000,0xe0000
1781250865,54.3,2400000,0xe0000
1781250866,53.8,2400000,0xe0000
1781250867,53.8,2400000,0xe0000
1781250868,53.8,2400000,0xe0000
1781250869,54.3,2400000,0xe0000
1781250870,54.3,2400000,0xe0000
1781250871,53.8,2400000,0xe0000
1781250872,53.8,2400000,0xe0000
1781250873,54.3,2400000,0xe0000
1781250874,53.2,2400000,0xe0000
1781250875,54.3,2400000,0xe0000
1781250876,54.3,2400000,0xe0000
1781250877,54.3,2400000,0xe0000
1781250878,53.8,2400000,0xe0000
1781250879,54.3,2400000,0xe0000
1781250880,53.8,2400000,0xe0000
1781250881,54.9,2400000,0xe0000
1781250882,54.3,2400000,0xe0000
1781250883,54.3,2400000,0xe0000
1781250884,53.8,2400000,0xe0000
1781250885,53.8,2400000,0xe0000
1781250886,54.3,2400000,0xe0000
1781250888,54.9,2400000,0xe0000
1781250889,54.3,2400000,0xe0000
1781250890,53.8,2400000,0xe0000
1781250891,52.1,2400000,0xe0000
1781250892,54.9,2400000,0xe0000
1781250893,54.3,2400000,0xe0000
1781250894,53.8,2400000,0xe0000
1781250895,54.3,2400000,0xe0000
1781250896,54.3,2400000,0xe0000
1781250897,54.3,2400000,0xe0000
1781250898,54.3,2400000,0xe0000
1781250899,53.8,2400000,0xe0000
1781250900,54.3,2400000,0xe0000
1781250901,54.3,2400000,0xe0000
1781250902,54.3,2400000,0xe0000
1781250903,53.2,2400000,0xe0000
1781250904,54.3,2400000,0xe0000
1781250905,54.3,2400000,0xe0000
1781250906,54.9,2400000,0xe0000
1781250907,53.2,2400000,0xe0000
1781250908,53.8,2400000,0xe0000
1781250909,54.3,2400000,0xe0000
1781250910,53.8,2400000,0xe0000
1781250911,53.8,2400000,0xe0000
1781250912,54.3,2400000,0xe0000
1781250913,54.9,2400000,0xe0000
1781250914,54.3,2400000,0xe0000
1781250915,53.2,2400000,0xe0000
1781250916,53.8,2400000,0xe0000
1781250917,53.2,2400000,0xe0000
1781250918,54.3,2400000,0xe0000
1781250919,54.9,2400000,0xe0000
1781250920,54.3,2400000,0xe0000
1781250921,53.8,2400000,0xe0000
1781250922,54.9,2400000,0xe0000
1781250923,54.3,2400000,0xe0000
1781250924,54.3,2400000,0xe0000
1781250925,53.8,2400000,0xe0000
1781250926,54.3,2400000,0xe0000
1781250927,53.8,2400000,0xe0000
1781250928,53.8,2400000,0xe0000
1781250929,53.8,2400000,0xe0000
1781250930,54.9,2400000,0xe0000
1781250931,53.8,2400000,0xe0000
1781250932,53.8,2400000,0xe0000
1781250933,54.3,2400000,0xe0000
1781250934,54.3,2400000,0xe0000
1781250935,54.3,2400000,0xe0000
1781250937,54.3,2400000,0xe0000
1781250938,54.9,2400000,0xe0000
1781250939,54.3,2400000,0xe0000
1781250940,52.7,2400000,0xe0000
1781250941,54.3,2400000,0xe0000
1781250942,53.8,2400000,0xe0000
1781250943,53.8,2400000,0xe0000
1781250944,54.3,2400000,0xe0000
1781250945,54.3,2400000,0xe0000
1781250946,53.8,2400000,0xe0000
1781250947,53.8,2400000,0xe0000
1781250948,53.8,2400000,0xe0000
1781250949,53.8,2400000,0xe0000
1781250950,54.3,2400000,0xe0000
1781250951,54.3,2400000,0xe0000
1781250952,54.3,2400000,0xe0000
1781250953,52.7,2400000,0xe0000
1781250954,54.3,2400000,0xe0000
1781250955,54.3,2400000,0xe0000
1781250956,54.3,2400000,0xe0000
1781250957,54.3,2400000,0xe0000
1781250958,53.8,2400000,0xe0000
1781250959,54.3,2400000,0xe0000
1781250960,53.8,2400000,0xe0000
1781250961,54.3,2400000,0xe0000
1781250962,54.3,2400000,0xe0000
1781250963,53.8,2400000,0xe0000
1781250964,54.9,2400000,0xe0000
1781250966,54.3,2400000,0xe0000
1781250967,54.3,2400000,0xe0000
1781250968,53.8,2400000,0xe0000
1781250969,53.8,2400000,0xe0000
1781250970,53.2,2400000,0xe0000
1781250971,54.3,2400000,0xe0000
1781250972,53.2,2400000,0xe0000
1781250973,54.3,2400000,0xe0000
1781250974,52.7,2400000,0xe0000
1781250975,53.8,2400000,0xe0000
1781250976,53.2,2400000,0xe0000
1781250977,54.3,2400000,0xe0000
1781250978,54.3,2400000,0xe0000
1781250979,54.3,2400000,0xe0000
1781250980,54.3,2400000,0xe0000
1781250981,54.3,2400000,0xe0000
1781250982,53.8,2400000,0xe0000
1781250983,53.8,2400000,0xe0000
1781250984,53.8,2400000,0xe0000
1781250985,53.8,2400000,0xe0000
1781250986,53.8,2400000,0xe0000
1781250987,53.2,2400000,0xe0000
1781250988,53.8,2400000,0xe0000
1781250989,54.3,2400000,0xe0000
1781250990,54.3,2400000,0xe0000
1781250991,54.3,2400000,0xe0000
1781250992,53.8,2400000,0xe0000
1781250993,53.8,2400000,0xe0000
1781250994,53.8,2400000,0xe0000
1781250995,53.8,2400000,0xe0000
1781250996,53.8,2400000,0xe0000
1781250997,54.9,2400000,0xe0000
1781250998,53.8,2400000,0xe0000
1781250999,53.8,2400000,0xe0000
1781251000,53.8,2400000,0xe0000
1781251001,54.3,2400000,0xe0000
1781251002,54.3,2400000,0xe0000
1781251004,54.3,2400000,0xe0000
1781251005,54.3,2400000,0xe0000
1781251006,53.8,2400000,0xe0000
1781251007,54.9,2400000,0xe0000
1781251008,53.8,2400000,0xe0000
1781251009,54.9,2400000,0xe0000
1781251010,54.3,2400000,0xe0000
1781251011,53.8,2400000,0xe0000
1781251012,54.3,2400000,0xe0000
1781251013,54.3,2400000,0xe0000
1781251014,54.3,2400000,0xe0000
1781251015,54.3,2400000,0xe0000
1781251016,54.3,2400000,0xe0000
1781251017,54.3,2400000,0xe0000
1781251018,53.2,2400000,0xe0000
1781251019,54.3,2400000,0xe0000
1781251020,53.8,2400000,0xe0000
1781251021,53.8,2400000,0xe0000
1781251022,53.8,2400000,0xe0000
1781251023,54.3,2400000,0xe0000
1781251024,54.3,2400000,0xe0000
1781251025,53.8,2400000,0xe0000
1781251026,53.8,2400000,0xe0000
1781251027,53.8,2400000,0xe0000
1781251028,54.3,2400000,0xe0000
1781251029,54.3,2400000,0xe0000
1781251030,53.8,2400000,0xe0000
1781251031,54.3,2400000,0xe0000
1781251032,53.8,2400000,0xe0000
1781251033,54.3,2400000,0xe0000
1781251034,53.8,2400000,0xe0000
1781251035,54.3,2400000,0xe0000
1781251036,53.8,2400000,0xe0000
1781251037,53.8,2400000,0xe0000
1781251038,53.8,2400000,0xe0000
1781251039,53.8,2400000,0xe0000
1781251040,53.8,2400000,0xe0000
1781251042,53.8,2400000,0xe0000
1781251043,54.3,2400000,0xe0000
1781251044,54.3,2400000,0xe0000
1781251045,53.8,2400000,0xe0000
1781251046,53.8,2400000,0xe0000
1781251047,54.3,2400000,0xe0000
1781251048,54.3,2400000,0xe0000
1781251049,53.8,2400000,0xe0000
1781251050,54.3,2400000,0xe0000
1781251051,54.3,2400000,0xe0000
1781251052,53.8,2400000,0xe0000
1781251053,54.3,2400000,0xe0000
1781251054,52.7,2400000,0xe0000
1781251055,54.3,2400000,0xe0000
1781251056,54.3,2400000,0xe0000
1781251057,53.8,2400000,0xe0000
1781251058,54.3,2400000,0xe0000
1781251059,53.8,2400000,0xe0000
1781251060,53.8,2400000,0xe0000
1781251061,54.3,2400000,0xe0000
1781251062,54.3,2400000,0xe0000
1781251063,54.3,2400000,0xe0000
1781251064,53.8,2400000,0xe0000
1781251065,54.3,2400000,0xe0000
1781251066,54.3,2400000,0xe0000
1781251067,54.9,2400000,0xe0000
1781251068,54.3,2400000,0xe0000
1781251069,53.2,2400000,0xe0000
1781251070,53.8,2400000,0xe0000
1781251071,53.2,2400000,0xe0000
1781251072,54.3,2400000,0xe0000
1781251073,53.8,2400000,0xe0000
1781251074,53.8,2400000,0xe0000
1781251075,54.3,2400000,0xe0000
1781251076,54.3,2400000,0xe0000
1781251077,53.8,2400000,0xe0000
1781251079,54.3,2400000,0xe0000
1781251080,53.8,2400000,0xe0000
1781251081,53.8,2400000,0xe0000
1781251082,54.3,2400000,0xe0000
1781251083,54.3,2400000,0xe0000
1781251084,53.8,2400000,0xe0000
1781251085,53.8,2400000,0xe0000
1781251086,53.8,2400000,0xe0000
1781251087,53.8,2400000,0xe0000
1781251088,53.8,2400000,0xe0000
1781251089,53.8,2400000,0xe0000
1781251090,53.2,2400000,0xe0000
1781251091,54.3,2400000,0xe0000
1781251092,53.8,2400000,0xe0000
1781251093,53.8,2400000,0xe0000
1781251094,53.8,2400000,0xe0000
1781251095,54.3,2400000,0xe0000
1781251096,54.3,2400000,0xe0000
1781251097,54.3,2400000,0xe0000
1781251098,53.2,2400000,0xe0000
1781251099,53.8,2400000,0xe0000
1781251100,53.8,2400000,0xe0000
1781251101,53.8,2400000,0xe0000
1781251102,54.3,2400000,0xe0000
1781251103,53.8,2400000,0xe0000
1781251104,53.8,2400000,0xe0000
1781251105,53.8,2400000,0xe0000
1781251106,54.3,2400000,0xe0000
1781251107,53.8,2400000,0xe0000
1781251108,54.3,2400000,0xe0000
1781251109,54.3,2400000,0xe0000
1781251110,53.2,2400000,0xe0000
1781251111,54.3,2400000,0xe0000
1781251112,53.8,2400000,0xe0000
1781251113,53.8,2400000,0xe0000
1781251114,53.8,2400000,0xe0000
1781251115,53.2,2400000,0xe0000
1781251116,54.3,2400000,0xe0000
1781251117,54.3,2400000,0xe0000
1781251118,54.3,2400000,0xe0000
1781251119,54.3,2400000,0xe0000
1781251120,54.9,2400000,0xe0000
1781251121,53.8,2400000,0xe0000
1781251122,54.9,2400000,0xe0000
1781251123,54.3,2400000,0xe0000
1781251124,54.3,2400000,0xe0000
1781251126,54.3,2400000,0xe0000
1781251127,54.3,2400000,0xe0000
1781251128,54.3,2400000,0xe0000
1781251129,53.8,2400000,0xe0000
1781251130,53.8,2400000,0xe0000
1781251131,53.8,2400000,0xe0000
1781251132,54.3,2400000,0xe0000
1781251133,54.3,2400000,0xe0000
1781251134,54.3,2400000,0xe0000
1781251135,53.2,2400000,0xe0000
1781251136,53.8,2400000,0xe0000
1781251137,54.3,2400000,0xe0000
1781251138,54.3,2400000,0xe0000
1781251139,53.2,2400000,0xe0000
1781251140,54.3,2400000,0xe0000
1781251141,54.3,2400000,0xe0000
1781251142,53.8,2400000,0xe0000
1781251143,53.8,2400000,0xe0000
1781251144,53.8,2400000,0xe0000
1781251145,54.3,2400000,0xe0000
1781251146,54.3,2400000,0xe0000
1781251147,54.3,2400000,0xe0000
1781251148,53.2,2400000,0xe0000
1781251149,54.3,2400000,0xe0000
1781251150,54.3,2400000,0xe0000
1781251151,53.8,2400000,0xe0000
1781251152,53.8,2400000,0xe0000
1781251153,54.3,2400000,0xe0000
1781251154,53.8,2400000,0xe0000
1781251155,53.8,2400000,0xe0000
1781251156,54.3,2400000,0xe0000
1781251157,54.3,2400000,0xe0000
1781251158,53.8,2400000,0xe0000
1781251159,53.8,2400000,0xe0000
1781251160,53.8,2400000,0xe0000
1781251161,53.8,2400000,0xe0000
1781251162,54.3,2400000,0xe0000
1781251163,54.3,2400000,0xe0000
1781251164,53.8,2400000,0xe0000
1781251165,53.8,2400000,0xe0000
1781251166,54.3,2400000,0xe0000
1781251167,54.3,2400000,0xe0000
1781251168,54.3,2400000,0xe0000
1781251169,53.8,2400000,0xe0000
1781251170,53.2,2400000,0xe0000
1781251171,53.8,2400000,0xe0000
1781251172,53.2,2400000,0xe0000
1781251173,54.3,2400000,0xe0000
1781251174,54.9,2400000,0xe0000
1781251176,54.3,2400000,0xe0000
1781251177,53.8,2400000,0xe0000
1781251178,53.8,2400000,0xe0000
1781251179,54.3,2400000,0xe0000
1781251180,54.9,2400000,0xe0000
1781251181,53.8,2400000,0xe0000
1781251182,54.3,2400000,0xe0000
1781251183,54.3,2400000,0xe0000
1781251184,53.8,2400000,0xe0000
1781251185,53.8,2400000,0xe0000
1781251186,54.3,2400000,0xe0000
1781251187,54.3,2400000,0xe0000
1781251188,53.8,2400000,0xe0000
1781251189,53.8,2400000,0xe0000
1781251190,53.8,2400000,0xe0000
1781251191,53.8,2400000,0xe0000
1781251192,54.3,2400000,0xe0000
1781251193,53.8,2400000,0xe0000
1781251194,54.3,2400000,0xe0000
1781251195,54.3,2400000,0xe0000
1781251196,54.3,2400000,0xe0000
1781251197,54.3,2400000,0xe0000
1781251198,53.8,2400000,0xe0000
1781251199,53.8,2400000,0xe0000
1781251200,53.8,2400000,0xe0000
1781251201,54.3,2400000,0xe0000
1781251202,54.3,2400000,0xe0000
1781251203,53.8,2400000,0xe0000
1781251204,54.3,2400000,0xe0000
1781251205,53.2,2400000,0xe0000
1781251206,54.3,2400000,0xe0000
1781251208,53.8,2400000,0xe0000
1781251209,53.8,2400000,0xe0000
1781251210,54.3,2400000,0xe0000
1781251211,54.3,2400000,0xe0000
1781251212,54.3,2400000,0xe0000
1781251213,54.3,2400000,0xe0000
1781251214,54.3,2400000,0xe0000
1781251215,52.7,2400000,0xe0000
1781251216,53.2,2400000,0xe0000
1781251217,54.3,2400000,0xe0000
1781251218,54.9,2400000,0xe0000
1781251219,53.2,2400000,0xe0000
1781251220,54.3,2400000,0xe0000
1781251221,54.9,2400000,0xe0000
1781251222,53.8,2400000,0xe0000
1781251223,54.9,2400000,0xe0000
1781251224,53.8,2400000,0xe0000
1781251225,54.3,2400000,0xe0000
1781251226,54.3,2400000,0xe0000
1781251227,53.8,2400000,0xe0000
1781251228,54.3,2400000,0xe0000
1781251229,53.8,2400000,0xe0000
1781251230,53.2,2400000,0xe0000
1781251231,53.8,2400000,0xe0000
1781251232,54.3,2400000,0xe0000
1781251233,52.7,2400000,0xe0000
1781251234,54.3,2400000,0xe0000
1781251235,53.8,2400000,0xe0000
1781251236,54.3,2400000,0xe0000
1781251237,54.3,2400000,0xe0000
1781251238,54.3,2400000,0xe0000
1781251239,54.3,2400000,0xe0000
1781251240,53.2,2400000,0xe0000
1781251241,53.8,2400000,0xe0000
1781251242,54.9,2400000,0xe0000
1781251243,54.3,2400000,0xe0000
1781251244,54.3,2400000,0xe0000
1781251245,54.3,2400000,0xe0000
1781251246,54.3,2400000,0xe0000
1781251247,54.3,2400000,0xe0000
1781251248,53.8,2400000,0xe0000
1781251249,54.3,2400000,0xe0000
1781251250,54.3,2400000,0xe0000
