1781161007,53.2,2400000,0xe0000
1781161008,52.7,2400000,0xe0000
1781161009,52.7,2400000,0xe0000
1781161010,53.8,2400000,0xe0000
1781161011,53.2,2400000,0xe0000
1781161012,53.2,2400000,0xe0000
1781161013,53.8,2400000,0xe0000
1781161014,54.3,2400000,0xe0000
1781161015,53.8,2400000,0xe0000
1781161016,53.8,2400000,0xe0000
1781161017,53.2,2400000,0xe0000
1781161018,53.2,2400000,0xe0000
1781161019,53.2,2400000,0xe0000
1781161020,53.2,2400000,0xe0000
1781161021,54.3,2400000,0xe0000
1781161022,53.8,2400000,0xe0000
1781161023,53.8,2400000,0xe0000
1781161024,54.3,2400000,0xe0000
1781161025,53.8,2400000,0xe0000
1781161026,53.8,2400000,0xe0000
1781161027,53.8,2400000,0xe0000
1781161028,53.8,2400000,0xe0000
1781161029,53.2,2400000,0xe0000
1781161030,53.8,2400000,0xe0000
1781161031,54.3,2400000,0xe0000
1781161033,54.3,2400000,0xe0000
1781161034,53.2,2400000,0xe0000
1781161035,54.3,2400000,0xe0000
1781161036,53.8,2400000,0xe0000
1781161037,54.9,2400000,0xe0000
1781161038,54.3,2400000,0xe0000
1781161039,53.8,2400000,0xe0000
1781161040,54.3,2400000,0xe0000
1781161041,54.3,2400000,0xe0000
1781161042,53.8,2400000,0xe0000
1781161043,54.9,2400000,0xe0000
1781161044,54.9,2400000,0xe0000
1781161045,54.3,2400000,0xe0000
1781161046,54.3,2400000,0xe0000
1781161047,54.9,2400000,0xe0000
1781161048,54.3,2400000,0xe0000
1781161049,54.9,2400000,0xe0000
1781161051,54.3,2400000,0xe0000
1781161052,54.3,2400000,0xe0000
1781161053,54.9,2400000,0xe0000
1781161054,54.3,2400000,0xe0000
1781161055,54.3,2400000,0xe0000
1781161056,54.3,2400000,0xe0000
1781161057,54.9,2400000,0xe0000
1781161058,54.3,2400000,0xe0000
1781161059,53.8,2400000,0xe0000
1781161060,53.8,2400000,0xe0000
1781161061,55.4,2400000,0xe0000
1781161062,54.9,2400000,0xe0000
1781161063,54.3,2400000,0xe0000
1781161064,54.3,2400000,0xe0000
1781161065,54.3,2400000,0xe0000
1781161066,54.3,2400000,0xe0000
1781161067,54.3,2400000,0xe0000
1781161068,54.9,2400000,0xe0000
1781161069,54.9,2400000,0xe0000
1781161070,54.9,2400000,0xe0000
1781161071,54.9,2400000,0xe0000
1781161072,54.9,2400000,0xe0000
1781161073,54.9,2400000,0xe0000
1781161074,54.9,2400000,0xe0000
1781161075,54.9,2400000,0xe0000
1781161076,54.3,2400000,0xe0000
1781161077,54.3,2400000,0xe0000
1781161078,54.9,2400000,0xe0000
1781161079,55.4,2400000,0xe0000
1781161080,54.3,2400000,0xe0000
1781161081,54.9,2400000,0xe0000
1781161083,54.9,2400000,0xe0000
1781161084,54.9,2400000,0xe0000
1781161085,54.9,2400000,0xe0000
1781161086,54.9,2400000,0xe0000
1781161087,54.9,2400000,0xe0000
1781161088,54.9,2400000,0xe0000
1781161089,53.8,2400000,0xe0000
1781161090,54.9,2400000,0xe0000
1781161091,55.4,2400000,0xe0000
1781161092,55.4,2400000,0xe0000
1781161093,55.4,2400000,0xe0000
1781161094,55.4,2400000,0xe0000
1781161095,54.9,2400000,0xe0000
1781161096,54.9,2400000,0xe0000
1781161097,55.4,2400000,0xe0000
1781161098,54.9,2400000,0xe0000
1781161099,53.8,2400000,0xe0000
1781161100,54.9,2400000,0xe0000
1781161101,55.4,2400000,0xe0000
1781161102,54.9,2400000,0xe0000
1781161103,54.3,2400000,0xe0000
1781161104,56.0,2400000,0xe0000
1781161105,54.9,2400000,0xe0000
1781161106,54.9,2400000,0xe0000
1781161107,54.9,2400000,0xe0000
1781161109,54.3,2400000,0xe0000
1781161110,54.9,2400000,0xe0000
1781161111,55.4,2400000,0xe0000
1781161112,55.4,2400000,0xe0000
1781161113,55.4,2400000,0xe0000
1781161114,54.9,2400000,0xe0000
1781161115,54.9,2400000,0xe0000
1781161116,54.9,2400000,0xe0000
1781161117,55.4,2400000,0xe0000
1781161118,55.4,2400000,0xe0000
1781161119,54.3,2400000,0xe0000
1781161120,55.4,2400000,0xe0000
1781161121,55.4,2400000,0xe0000
1781161122,55.4,2400000,0xe0000
1781161123,55.4,2400000,0xe0000
1781161124,55.4,2400000,0xe0000
1781161125,54.9,2400000,0xe0000
1781161126,56.0,2400000,0xe0000
1781161127,54.9,2400000,0xe0000
1781161128,56.0,2400000,0xe0000
1781161129,56.0,2400000,0xe0000
1781161130,55.4,2400000,0xe0000
1781161131,55.4,2400000,0xe0000
1781161132,56.0,2400000,0xe0000
1781161133,55.4,2400000,0xe0000
1781161134,55.4,2400000,0xe0000
1781161136,55.4,2400000,0xe0000
1781161137,55.4,2400000,0xe0000
1781161138,56.0,2400000,0xe0000
1781161139,54.9,2400000,0xe0000
1781161140,55.4,2400000,0xe0000
1781161141,55.4,2400000,0xe0000
1781161142,54.9,2400000,0xe0000
1781161143,55.4,2400000,0xe0000
1781161144,56.0,2400000,0xe0000
1781161145,56.0,2400000,0xe0000
1781161146,54.9,2400000,0xe0000
1781161147,55.4,2400000,0xe0000
1781161148,55.4,2400000,0xe0000
1781161149,55.4,2400000,0xe0000
1781161150,55.4,2400000,0xe0000
1781161151,54.9,2400000,0xe0000
1781161152,55.4,2400000,0xe0000
1781161153,55.4,2400000,0xe0000
1781161154,54.9,2400000,0xe0000
1781161156,55.4,2400000,0xe0000
1781161157,55.4,2400000,0xe0000
1781161158,54.9,2400000,0xe0000
1781161159,55.4,2400000,0xe0000
1781161160,54.9,2400000,0xe0000
1781161161,55.4,2400000,0xe0000
1781161162,55.4,2400000,0xe0000
1781161163,56.0,2400000,0xe0000
1781161164,55.4,2400000,0xe0000
1781161165,55.4,2400000,0xe0000
1781161166,54.3,2400000,0xe0000
1781161167,56.0,2400000,0xe0000
1781161168,56.0,2400000,0xe0000
1781161169,54.9,2400000,0xe0000
1781161170,56.0,2400000,0xe0000
1781161171,56.0,2400000,0xe0000
1781161172,56.0,2400000,0xe0000
1781161174,55.4,2400000,0xe0000
1781161175,55.4,2400000,0xe0000
1781161176,55.4,2400000,0xe0000
1781161177,56.0,2400000,0xe0000
1781161178,56.0,2400000,0xe0000
1781161179,55.4,2400000,0xe0000
1781161180,56.0,2400000,0xe0000
1781161181,56.0,2400000,0xe0000
1781161182,56.0,2400000,0xe0000
1781161183,55.4,2400000,0xe0000
1781161184,56.0,2400000,0xe0000
1781161185,56.0,2400000,0xe0000
1781161186,56.5,2400000,0xe0000
1781161187,56.0,2400000,0xe0000
1781161188,55.4,2400000,0xe0000
1781161189,56.0,2400000,0xe0000
1781161190,56.0,2400000,0xe0000
1781161191,56.0,2400000,0xe0000
1781161192,56.0,2400000,0xe0000
1781161193,56.0,2400000,0xe0000
1781161194,56.0,2400000,0xe0000
1781161195,56.0,2400000,0xe0000
1781161196,56.0,2400000,0xe0000
1781161197,56.5,2400000,0xe0000
1781161199,55.4,2400000,0xe0000
1781161200,56.0,2400000,0xe0000
1781161201,56.0,2400000,0xe0000
1781161202,56.5,2400000,0xe0000
1781161203,56.0,2400000,0xe0000
1781161204,56.5,2400000,0xe0000
1781161205,56.0,2400000,0xe0000
1781161206,55.4,2400000,0xe0000
1781161207,56.0,2400000,0xe0000
1781161208,56.5,2400000,0xe0000
1781161209,56.0,2400000,0xe0000
1781161210,54.3,2400000,0xe0000
1781161211,56.0,2400000,0xe0000
1781161212,56.0,2400000,0xe0000
1781161213,56.0,2400000,0xe0000
1781161214,56.0,2400000,0xe0000
1781161215,56.0,2400000,0xe0000
1781161216,56.5,2400000,0xe0000
1781161217,56.0,2400000,0xe0000
1781161218,56.0,2400000,0xe0000
1781161219,56.0,2400000,0xe0000
1781161220,56.0,2400000,0xe0000
1781161221,56.0,2400000,0xe0000
1781161223,55.4,2400000,0xe0000
1781161224,56.0,2400000,0xe0000
1781161225,56.0,2400000,0xe0000
1781161226,54.9,2400000,0xe0000
1781161227,55.4,2400000,0xe0000
1781161228,56.0,2400000,0xe0000
1781161229,56.0,2400000,0xe0000
1781161230,56.5,2400000,0xe0000
1781161231,56.0,2400000,0xe0000
1781161232,56.5,2400000,0xe0000
1781161233,56.0,2400000,0xe0000
1781161234,55.4,2400000,0xe0000
1781161235,56.5,2400000,0xe0000
1781161236,56.0,2400000,0xe0000
1781161237,56.5,2400000,0xe0000
1781161238,56.0,2400000,0xe0000
1781161239,56.0,2400000,0xe0000
1781161240,56.5,2400000,0xe0000
1781161241,56.5,2400000,0xe0000
1781161242,56.0,2400000,0xe0000
1781161243,56.0,2400000,0xe0000
1781161245,56.0,2400000,0xe0000
1781161246,56.0,2400000,0xe0000
1781161247,56.5,2400000,0xe0000
1781161248,56.0,2400000,0xe0000
1781161249,55.4,2400000,0xe0000
1781161250,56.0,2400000,0xe0000
1781161251,56.0,2400000,0xe0000
1781161252,56.5,2400000,0xe0000
1781161253,56.0,2400000,0xe0000
1781161254,56.0,2400000,0xe0000
1781161255,55.4,2400000,0xe0000
1781161256,56.0,2400000,0xe0000
1781161257,56.0,2400000,0xe0000
1781161258,56.5,2400000,0xe0000
1781161259,56.0,2400000,0xe0000
1781161260,54.9,2400000,0xe0000
1781161261,55.4,2400000,0xe0000
1781161262,56.5,2400000,0xe0000
1781161263,56.0,2400000,0xe0000
1781161264,56.5,2400000,0xe0000
1781161265,56.5,2400000,0xe0000
1781161266,56.0,2400000,0xe0000
1781161267,55.4,2400000,0xe0000
1781161268,56.5,2400000,0xe0000
1781161269,57.1,2400000,0xe0000
1781161270,56.0,2400000,0xe0000
1781161271,56.0,2400000,0xe0000
1781161272,56.0,2400000,0xe0000
1781161273,56.0,2400000,0xe0000
1781161274,56.5,2400000,0xe0000
1781161276,56.0,2400000,0xe0000
1781161277,55.4,2400000,0xe0000
1781161278,56.0,2400000,0xe0000
1781161279,56.0,2400000,0xe0000
1781161280,56.5,2400000,0xe0000
1781161281,56.0,2400000,0xe0000
1781161282,56.5,2400000,0xe0000
1781161283,56.0,2400000,0xe0000
1781161284,56.5,2400000,0xe0000
1781161285,57.1,2400000,0xe0000
1781161286,56.5,2400000,0xe0000
1781161287,56.0,2400000,0xe0000
1781161288,56.0,2400000,0xe0000
1781161289,56.5,2400000,0xe0000
1781161290,56.5,2400000,0xe0000
1781161291,56.0,2400000,0xe0000
1781161292,56.0,2400000,0xe0000
1781161293,57.1,2400000,0xe0000
1781161294,56.0,2400000,0xe0000
1781161295,56.0,2400000,0xe0000
1781161296,56.5,2400000,0xe0000
1781161298,56.5,2400000,0xe0000
1781161299,56.5,2400000,0xe0000
1781161300,56.5,2400000,0xe0000
1781161301,57.1,2400000,0xe0000
1781161302,56.5,2400000,0xe0000
1781161303,56.0,2400000,0xe0000
1781161304,56.5,2400000,0xe0000
1781161305,56.0,2400000,0xe0000
1781161306,55.4,2400000,0xe0000
1781161307,56.5,2400000,0xe0000
1781161308,56.5,2400000,0xe0000
1781161309,56.0,2400000,0xe0000
1781161310,56.5,2400000,0xe0000
1781161311,56.5,2400000,0xe0000
1781161312,57.1,2400000,0xe0000
1781161313,56.0,2400000,0xe0000
1781161314,56.5,2400000,0xe0000
1781161315,56.5,2400000,0xe0000
1781161316,56.5,2400000,0xe0000
1781161317,56.0,2400000,0xe0000
1781161318,56.5,2400000,0xe0000
1781161319,57.1,2400000,0xe0000
1781161320,56.5,2400000,0xe0000
1781161322,56.0,2400000,0xe0000
1781161323,56.5,2400000,0xe0000
1781161324,56.0,2400000,0xe0000
1781161325,56.5,2400000,0xe0000
1781161326,56.5,2400000,0xe0000
1781161327,56.5,2400000,0xe0000
1781161328,56.0,2400000,0xe0000
1781161329,56.0,2400000,0xe0000
1781161330,56.5,2400000,0xe0000
1781161331,56.5,2400000,0xe0000
1781161332,56.5,2400000,0xe0000
1781161333,56.5,2400000,0xe0000
1781161334,56.5,2400000,0xe0000
1781161335,56.0,2400000,0xe0000
1781161336,56.5,2400000,0xe0000
1781161337,56.5,2400000,0xe0000
1781161338,56.5,2400000,0xe0000
1781161339,56.5,2400000,0xe0000
1781161340,56.5,2400000,0xe0000
1781161341,56.5,2400000,0xe0000
1781161342,56.0,2400000,0xe0000
1781161343,56.5,2400000,0xe0000
1781161344,56.5,2400000,0xe0000
1781161345,56.5,2400000,0xe0000
1781161346,56.0,2400000,0xe0000
1781161347,56.0,2400000,0xe0000
1781161348,56.5,2400000,0xe0000
1781161349,56.5,2400000,0xe0000
1781161350,56.0,2400000,0xe0000
1781161351,56.5,2400000,0xe0000
1781161352,56.0,2400000,0xe0000
1781161354,56.5,2400000,0xe0000
1781161355,56.0,2400000,0xe0000
1781161356,56.0,2400000,0xe0000
1781161357,56.5,2400000,0xe0000
1781161358,56.0,2400000,0xe0000
1781161359,56.5,2400000,0xe0000
1781161360,56.0,2400000,0xe0000
1781161361,56.5,2400000,0xe0000
1781161362,56.5,2400000,0xe0000
1781161363,57.1,2400000,0xe0000
1781161364,56.5,2400000,0xe0000
1781161365,56.5,2400000,0xe0000
1781161366,55.4,2400000,0xe0000
1781161367,56.0,2400000,0xe0000
1781161368,56.0,2400000,0xe0000
1781161369,56.0,2400000,0xe0000
1781161370,56.5,2400000,0xe0000
1781161371,56.5,2400000,0xe0000
1781161372,56.0,2400000,0xe0000
1781161373,56.0,2400000,0xe0000
1781161374,56.0,2400000,0xe0000
1781161375,56.5,2400000,0xe0000
1781161376,56.5,2400000,0xe0000
1781161378,56.0,2400000,0xe0000
1781161379,56.0,2400000,0xe0000
1781161380,56.5,2400000,0xe0000
1781161381,56.5,2400000,0xe0000
1781161382,56.5,2400000,0xe0000
1781161383,56.5,2400000,0xe0000
1781161384,56.0,2400000,0xe0000
1781161385,56.0,2400000,0xe0000
1781161386,56.5,2400000,0xe0000
1781161387,57.1,2400000,0xe0000
1781161388,56.5,2400000,0xe0000
1781161389,56.0,2400000,0xe0000
1781161390,56.0,2400000,0xe0000
1781161391,56.0,2400000,0xe0000
1781161392,56.5,2400000,0xe0000
1781161393,56.0,2400000,0xe0000
1781161394,56.5,2400000,0xe0000
1781161395,56.0,2400000,0xe0000
1781161396,56.5,2400000,0xe0000
1781161397,55.4,2400000,0xe0000
1781161398,56.0,2400000,0xe0000
1781161399,55.4,2400000,0xe0000
1781161400,56.5,2400000,0xe0000
1781161401,56.5,2400000,0xe0000
1781161402,56.5,2400000,0xe0000
1781161403,56.5,2400000,0xe0000
1781161405,56.5,2400000,0xe0000
1781161406,55.4,2400000,0xe0000
1781161407,56.5,2400000,0xe0000
1781161408,57.1,2400000,0xe0000
1781161409,57.1,2400000,0xe0000
1781161410,56.0,2400000,0xe0000
1781161411,56.0,2400000,0xe0000
1781161412,56.5,2400000,0xe0000
1781161413,56.5,2400000,0xe0000
1781161414,56.5,2400000,0xe0000
1781161415,56.0,2400000,0xe0000
1781161416,56.5,2400000,0xe0000
1781161417,56.0,2400000,0xe0000
1781161418,56.0,2400000,0xe0000
1781161419,57.1,2400000,0xe0000
1781161420,56.0,2400000,0xe0000
1781161421,56.0,2400000,0xe0000
1781161422,56.5,2400000,0xe0000
1781161423,57.1,2400000,0xe0000
1781161424,56.0,2400000,0xe0000
1781161425,54.9,2400000,0xe0000
1781161427,56.5,2400000,0xe0000
1781161428,56.5,2400000,0xe0000
1781161429,56.5,2400000,0xe0000
1781161430,56.5,2400000,0xe0000
1781161431,56.5,2400000,0xe0000
1781161432,57.1,2400000,0xe0000
1781161433,56.5,2400000,0xe0000
1781161434,56.5,2400000,0xe0000
1781161435,56.5,2400000,0xe0000
1781161436,56.5,2400000,0xe0000
1781161437,56.0,2400000,0xe0000
1781161438,56.5,2400000,0xe0000
1781161439,56.5,2400000,0xe0000
1781161440,56.5,2400000,0xe0000
1781161441,56.5,2400000,0xe0000
1781161442,56.5,2400000,0xe0000
1781161443,56.5,2400000,0xe0000
1781161444,56.0,2400000,0xe0000
1781161445,56.5,2400000,0xe0000
1781161447,57.1,2400000,0xe0000
1781161448,57.1,2400000,0xe0000
1781161449,56.5,2400000,0xe0000
1781161450,56.0,2400000,0xe0000
1781161451,56.5,2400000,0xe0000
1781161452,56.5,2400000,0xe0000
1781161453,56.5,2400000,0xe0000
1781161454,56.5,2400000,0xe0000
1781161455,56.0,2400000,0xe0000
1781161456,56.5,2400000,0xe0000
1781161457,56.0,2400000,0xe0000
1781161458,56.5,2400000,0xe0000
1781161459,56.0,2400000,0xe0000
1781161460,56.0,2400000,0xe0000
1781161461,56.5,2400000,0xe0000
1781161462,56.5,2400000,0xe0000
1781161463,57.1,2400000,0xe0000
1781161464,56.5,2400000,0xe0000
1781161465,56.0,2400000,0xe0000
1781161466,56.0,2400000,0xe0000
1781161467,56.5,2400000,0xe0000
1781161468,56.0,2400000,0xe0000
1781161469,56.5,2400000,0xe0000
1781161470,56.0,2400000,0xe0000
1781161471,57.1,2400000,0xe0000
1781161472,56.0,2400000,0xe0000
1781161473,56.5,2400000,0xe0000
1781161475,56.5,2400000,0xe0000
1781161476,56.0,2400000,0xe0000
1781161477,56.5,2400000,0xe0000
1781161478,56.0,2400000,0xe0000
1781161479,56.5,2400000,0xe0000
1781161480,56.5,2400000,0xe0000
1781161481,56.0,2400000,0xe0000
1781161482,56.0,2400000,0xe0000
1781161483,56.5,2400000,0xe0000
1781161484,56.0,2400000,0xe0000
1781161485,56.5,2400000,0xe0000
1781161486,56.5,2400000,0xe0000
1781161487,56.5,2400000,0xe0000
1781161488,56.0,2400000,0xe0000
1781161489,57.1,2400000,0xe0000
1781161490,56.5,2400000,0xe0000
1781161491,56.5,2400000,0xe0000
1781161492,56.5,2400000,0xe0000
1781161493,56.5,2400000,0xe0000
1781161494,57.1,2400000,0xe0000
1781161495,57.1,2400000,0xe0000
1781161496,56.5,2400000,0xe0000
1781161497,56.5,2400000,0xe0000
1781161498,56.5,2400000,0xe0000
1781161499,56.5,2400000,0xe0000
1781161500,56.5,2400000,0xe0000
1781161501,56.0,2400000,0xe0000
1781161502,56.5,2400000,0xe0000
1781161503,56.5,2400000,0xe0000
1781161504,56.0,2400000,0xe0000
1781161505,57.1,2400000,0xe0000
1781161507,56.5,2400000,0xe0000
1781161508,56.5,2400000,0xe0000
1781161509,56.5,2400000,0xe0000
1781161510,56.5,2400000,0xe0000
1781161511,56.0,2400000,0xe0000
1781161512,56.5,2400000,0xe0000
1781161513,56.5,2400000,0xe0000
1781161514,57.1,2400000,0xe0000
1781161515,56.0,2400000,0xe0000
1781161516,56.5,2400000,0xe0000
1781161517,56.5,2400000,0xe0000
1781161518,56.5,2400000,0xe0000
1781161519,56.0,2400000,0xe0000
1781161520,57.1,2400000,0xe0000
1781161521,56.0,2400000,0xe0000
1781161522,54.9,2400000,0xe0000
1781161523,57.1,2400000,0xe0000
1781161524,56.5,2400000,0xe0000
1781161525,56.5,2400000,0xe0000
1781161526,56.0,2400000,0xe0000
1781161527,57.1,2400000,0xe0000
1781161528,56.5,2400000,0xe0000
1781161529,56.5,2400000,0xe0000
1781161530,56.0,2400000,0xe0000
1781161531,56.5,2400000,0xe0000
1781161532,56.5,2400000,0xe0000
1781161533,56.5,2400000,0xe0000
1781161534,56.5,2400000,0xe0000
1781161536,56.5,2400000,0xe0000
1781161537,57.1,2400000,0xe0000
1781161538,56.5,2400000,0xe0000
1781161539,56.5,2400000,0xe0000
1781161540,56.0,2400000,0xe0000
1781161541,56.5,2400000,0xe0000
1781161542,56.5,2400000,0xe0000
1781161543,56.0,2400000,0xe0000
1781161544,56.5,2400000,0xe0000
1781161545,57.1,2400000,0xe0000
1781161546,56.5,2400000,0xe0000
1781161547,56.5,2400000,0xe0000
1781161548,56.5,2400000,0xe0000
1781161549,56.5,2400000,0xe0000
1781161550,56.5,2400000,0xe0000
1781161551,56.5,2400000,0xe0000
1781161552,57.1,2400000,0xe0000
1781161553,56.0,2400000,0xe0000
1781161554,56.0,2400000,0xe0000
1781161555,57.1,2400000,0xe0000
1781161556,56.0,2400000,0xe0000
1781161558,56.5,2400000,0xe0000
1781161559,56.5,2400000,0xe0000
1781161560,57.1,2400000,0xe0000
1781161561,56.0,2400000,0xe0000
1781161562,57.1,2400000,0xe0000
1781161563,57.1,2400000,0xe0000
1781161564,56.5,2400000,0xe0000
1781161565,56.5,2400000,0xe0000
1781161566,56.5,2400000,0xe0000
1781161567,56.5,2400000,0xe0000
1781161568,56.0,2400000,0xe0000
1781161569,56.5,2400000,0xe0000
1781161570,56.5,2400000,0xe0000
1781161571,56.0,2400000,0xe0000
1781161572,56.5,2400000,0xe0000
1781161573,56.5,2400000,0xe0000
1781161574,56.5,2400000,0xe0000
1781161575,56.0,2400000,0xe0000
1781161576,55.4,2400000,0xe0000
1781161577,56.5,2400000,0xe0000
1781161578,56.0,2400000,0xe0000
1781161579,57.1,2400000,0xe0000
1781161581,57.1,2400000,0xe0000
1781161582,57.1,2400000,0xe0000
1781161583,56.5,2400000,0xe0000
1781161584,56.5,2400000,0xe0000
1781161585,56.5,2400000,0xe0000
1781161586,57.1,2400000,0xe0000
1781161587,56.5,2400000,0xe0000
1781161588,56.0,2400000,0xe0000
1781161589,57.1,2400000,0xe0000
1781161590,56.5,2400000,0xe0000
1781161591,56.5,2400000,0xe0000
1781161592,56.0,2400000,0xe0000
1781161593,56.5,2400000,0xe0000
1781161594,56.5,2400000,0xe0000
1781161595,56.0,2400000,0xe0000
1781161596,57.1,2400000,0xe0000
1781161597,57.1,2400000,0xe0000
1781161598,56.5,2400000,0xe0000
1781161599,57.1,2400000,0xe0000
1781161600,56.0,2400000,0xe0000
1781161601,56.5,2400000,0xe0000
1781161602,56.5,2400000,0xe0000
1781161604,57.1,2400000,0xe0000
1781161605,56.5,2400000,0xe0000
1781161606,56.5,2400000,0xe0000
1781161607,56.5,2400000,0xe0000
1781161608,56.5,2400000,0xe0000
1781161609,56.5,2400000,0xe0000
1781161610,56.5,2400000,0xe0000
1781161611,56.5,2400000,0xe0000
1781161612,56.5,2400000,0xe0000
1781161613,56.5,2400000,0xe0000
1781161614,56.5,2400000,0xe0000
1781161615,56.5,2400000,0xe0000
1781161616,56.0,2400000,0xe0000
1781161617,56.0,2400000,0xe0000
1781161618,56.0,2400000,0xe0000
1781161619,56.5,2400000,0xe0000
1781161620,56.5,2400000,0xe0000
1781161621,56.5,2400000,0xe0000
1781161622,56.0,2400000,0xe0000
1781161623,56.5,2400000,0xe0000
1781161624,56.5,2400000,0xe0000
1781161625,56.5,2400000,0xe0000
1781161627,56.5,2400000,0xe0000
1781161628,57.1,2400000,0xe0000
1781161629,57.1,2400000,0xe0000
1781161630,56.5,2400000,0xe0000
1781161631,54.9,2400000,0xe0000
1781161632,57.1,2400000,0xe0000
1781161633,57.1,2400000,0xe0000
1781161634,56.0,2400000,0xe0000
1781161635,56.5,2400000,0xe0000
1781161636,56.5,2400000,0xe0000
1781161637,56.5,2400000,0xe0000
1781161638,54.9,2400000,0xe0000
1781161639,56.5,2400000,0xe0000
1781161640,56.5,2400000,0xe0000
1781161641,56.0,2400000,0xe0000
1781161642,56.5,2400000,0xe0000
1781161643,56.0,2400000,0xe0000
1781161644,57.1,2400000,0xe0000
1781161645,56.5,2400000,0xe0000
1781161647,56.5,2400000,0xe0000
1781161648,57.1,2400000,0xe0000
1781161649,55.4,2400000,0xe0000
1781161650,57.1,2400000,0xe0000
1781161651,56.5,2400000,0xe0000
1781161652,57.1,2400000,0xe0000
1781161653,56.5,2400000,0xe0000
1781161654,56.5,2400000,0xe0000
1781161655,56.5,2400000,0xe0000
1781161656,56.5,2400000,0xe0000
1781161657,56.5,2400000,0xe0000
1781161658,56.5,2400000,0xe0000
1781161659,56.5,2400000,0xe0000
1781161660,56.5,2400000,0xe0000
1781161661,56.5,2400000,0xe0000
1781161662,57.1,2400000,0xe0000
1781161663,57.1,2400000,0xe0000
1781161664,56.5,2400000,0xe0000
1781161665,56.5,2400000,0xe0000
1781161666,56.5,2400000,0xe0000
1781161667,56.5,2400000,0xe0000
1781161668,56.5,2400000,0xe0000
1781161669,56.5,2400000,0xe0000
1781161671,56.0,2400000,0xe0000
1781161672,57.1,2400000,0xe0000
1781161673,57.1,2400000,0xe0000
1781161674,56.5,2400000,0xe0000
1781161675,57.1,2400000,0xe0000
1781161676,56.5,2400000,0xe0000
1781161677,56.5,2400000,0xe0000
1781161678,57.1,2400000,0xe0000
1781161679,56.5,2400000,0xe0000
1781161680,56.5,2400000,0xe0000
1781161681,56.5,2400000,0xe0000
1781161682,57.1,2400000,0xe0000
1781161683,56.5,2400000,0xe0000
1781161684,56.0,2400000,0xe0000
1781161685,56.5,2400000,0xe0000
1781161686,56.5,2400000,0xe0000
1781161687,56.5,2400000,0xe0000
1781161688,57.1,2400000,0xe0000
1781161689,56.5,2400000,0xe0000
1781161691,57.1,2400000,0xe0000
1781161692,56.5,2400000,0xe0000
1781161693,56.0,2400000,0xe0000
1781161694,56.5,2400000,0xe0000
1781161695,56.0,2400000,0xe0000
1781161696,56.5,2400000,0xe0000
1781161697,57.1,2400000,0xe0000
1781161698,57.1,2400000,0xe0000
1781161699,56.5,2400000,0xe0000
1781161700,57.1,2400000,0xe0000
1781161701,56.5,2400000,0xe0000
1781161702,56.5,2400000,0xe0000
1781161703,56.5,2400000,0xe0000
1781161704,56.5,2400000,0xe0000
1781161705,56.5,2400000,0xe0000
1781161706,56.5,2400000,0xe0000
1781161707,57.6,2400000,0xe0000
1781161708,57.1,2400000,0xe0000
1781161709,56.5,2400000,0xe0000
1781161710,57.1,2400000,0xe0000
1781161711,56.5,2400000,0xe0000
1781161713,56.5,2400000,0xe0000
1781161714,56.5,2400000,0xe0000
1781161715,56.5,2400000,0xe0000
1781161716,57.1,2400000,0xe0000
1781161717,56.5,2400000,0xe0000
1781161718,57.1,2400000,0xe0000
1781161719,55.4,2400000,0xe0000
1781161720,56.5,2400000,0xe0000
1781161721,56.5,2400000,0xe0000
1781161722,55.4,2400000,0xe0000
1781161723,56.5,2400000,0xe0000
1781161724,57.1,2400000,0xe0000
1781161725,56.5,2400000,0xe0000
1781161726,56.5,2400000,0xe0000
1781161727,56.5,2400000,0xe0000
1781161728,56.5,2400000,0xe0000
1781161729,56.5,2400000,0xe0000
1781161730,57.1,2400000,0xe0000
1781161731,56.5,2400000,0xe0000
1781161732,56.5,2400000,0xe0000
1781161733,56.0,2400000,0xe0000
1781161734,56.5,2400000,0xe0000
1781161735,56.5,2400000,0xe0000
1781161736,56.5,2400000,0xe0000
1781161737,57.1,2400000,0xe0000
1781161738,57.1,2400000,0xe0000
1781161739,56.5,2400000,0xe0000
1781161740,56.5,2400000,0xe0000
1781161742,56.5,2400000,0xe0000
1781161743,56.5,2400000,0xe0000
1781161744,57.1,2400000,0xe0000
1781161745,57.1,2400000,0xe0000
1781161746,56.5,2400000,0xe0000
1781161747,56.5,2400000,0xe0000
1781161748,56.5,2400000,0xe0000
1781161749,57.1,2400000,0xe0000
1781161750,56.5,2400000,0xe0000
1781161751,56.5,2400000,0xe0000
1781161752,56.5,2400000,0xe0000
1781161753,57.1,2400000,0xe0000
1781161754,56.0,2400000,0xe0000
1781161755,56.5,2400000,0xe0000
1781161756,57.1,2400000,0xe0000
1781161757,56.5,2400000,0xe0000
1781161758,56.5,2400000,0xe0000
1781161759,56.5,2400000,0xe0000
1781161760,56.5,2400000,0xe0000
1781161761,56.5,2400000,0xe0000
1781161762,56.5,2400000,0xe0000
1781161763,56.5,2400000,0xe0000
1781161764,56.0,2400000,0xe0000
1781161765,56.0,2400000,0xe0000
1781161766,57.1,2400000,0xe0000
1781161768,56.5,2400000,0xe0000
1781161769,56.5,2400000,0xe0000
1781161770,56.0,2400000,0xe0000
1781161771,56.0,2400000,0xe0000
1781161772,56.5,2400000,0xe0000
1781161773,57.1,2400000,0xe0000
1781161774,56.5,2400000,0xe0000
1781161775,56.5,2400000,0xe0000
1781161776,56.5,2400000,0xe0000
1781161777,57.1,2400000,0xe0000
1781161778,56.5,2400000,0xe0000
1781161779,56.5,2400000,0xe0000
1781161780,56.5,2400000,0xe0000
1781161781,57.1,2400000,0xe0000
1781161782,56.5,2400000,0xe0000
1781161783,56.5,2400000,0xe0000
1781161785,56.0,2400000,0xe0000
1781161786,57.1,2400000,0xe0000
1781161787,56.5,2400000,0xe0000
1781161788,56.5,2400000,0xe0000
1781161789,55.4,2400000,0xe0000
1781161790,56.5,2400000,0xe0000
1781161791,56.5,2400000,0xe0000
1781161792,56.5,2400000,0xe0000
1781161793,56.5,2400000,0xe0000
1781161794,57.1,2400000,0xe0000
1781161795,55.4,2400000,0xe0000
1781161796,56.5,2400000,0xe0000
1781161797,57.1,2400000,0xe0000
1781161798,57.1,2400000,0xe0000
1781161799,56.0,2400000,0xe0000
1781161800,56.0,2400000,0xe0000
1781161801,56.5,2400000,0xe0000
1781161802,57.1,2400000,0xe0000
1781161803,56.5,2400000,0xe0000
1781161804,56.5,2400000,0xe0000
1781161805,56.0,2400000,0xe0000
1781161806,56.5,2400000,0xe0000
1781161807,56.5,2400000,0xe0000
1781161808,56.5,2400000,0xe0000
1781161809,56.5,2400000,0xe0000
1781161810,56.5,2400000,0xe0000
1781161812,57.6,2400000,0xe0000
1781161813,57.1,2400000,0xe0000
1781161814,57.1,2400000,0xe0000
1781161815,56.5,2400000,0xe0000
1781161816,57.1,2400000,0xe0000
1781161817,56.5,2400000,0xe0000
1781161818,54.9,2400000,0xe0000
1781161819,56.5,2400000,0xe0000
1781161820,56.5,2400000,0xe0000
1781161821,56.0,2400000,0xe0000
1781161822,56.5,2400000,0xe0000
1781161823,56.5,2400000,0xe0000
1781161824,56.5,2400000,0xe0000
1781161825,56.5,2400000,0xe0000
1781161826,56.5,2400000,0xe0000
1781161827,56.5,2400000,0xe0000
1781161828,56.5,2400000,0xe0000
1781161829,57.1,2400000,0xe0000
1781161830,57.1,2400000,0xe0000
1781161831,56.5,2400000,0xe0000
1781161832,56.5,2400000,0xe0000
1781161833,57.1,2400000,0xe0000
1781161834,57.1,2400000,0xe0000
1781161836,56.5,2400000,0xe0000
1781161837,55.4,2400000,0xe0000
1781161838,56.5,2400000,0xe0000
1781161839,56.5,2400000,0xe0000
1781161840,56.5,2400000,0xe0000
1781161841,56.5,2400000,0xe0000
1781161842,56.5,2400000,0xe0000
1781161843,56.5,2400000,0xe0000
1781161844,56.5,2400000,0xe0000
1781161845,57.1,2400000,0xe0000
1781161846,57.1,2400000,0xe0000
1781161847,56.5,2400000,0xe0000
1781161848,56.5,2400000,0xe0000
1781161849,57.1,2400000,0xe0000
1781161850,56.5,2400000,0xe0000
1781161851,56.5,2400000,0xe0000
1781161852,56.5,2400000,0xe0000
1781161853,56.5,2400000,0xe0000
1781161855,55.4,2400000,0xe0000
1781161856,56.5,2400000,0xe0000
1781161857,57.1,2400000,0xe0000
1781161858,56.5,2400000,0xe0000
1781161859,56.5,2400000,0xe0000
1781161860,56.5,2400000,0xe0000
1781161861,56.5,2400000,0xe0000
1781161862,56.0,2400000,0xe0000
1781161863,57.1,2400000,0xe0000
1781161864,57.1,2400000,0xe0000
1781161865,56.5,2400000,0xe0000
1781161866,56.5,2400000,0xe0000
1781161867,57.1,2400000,0xe0000
1781161868,56.0,2400000,0xe0000
1781161869,56.5,2400000,0xe0000
1781161870,56.5,2400000,0xe0000
1781161871,57.1,2400000,0xe0000
1781161872,56.5,2400000,0xe0000
1781161873,56.5,2400000,0xe0000
1781161874,55.4,2400000,0xe0000
1781161875,57.1,2400000,0xe0000
1781161876,57.1,2400000,0xe0000
1781161877,56.5,2400000,0xe0000
1781161878,56.5,2400000,0xe0000
1781161879,57.1,2400000,0xe0000
1781161881,56.5,2400000,0xe0000
1781161882,56.0,2400000,0xe0000
1781161883,56.5,2400000,0xe0000
1781161884,56.0,2400000,0xe0000
1781161885,56.5,2400000,0xe0000
1781161886,57.1,2400000,0xe0000
1781161887,57.1,2400000,0xe0000
1781161888,57.1,2400000,0xe0000
1781161889,56.5,2400000,0xe0000
1781161890,57.1,2400000,0xe0000
1781161891,56.5,2400000,0xe0000
1781161892,57.1,2400000,0xe0000
1781161893,56.5,2400000,0xe0000
1781161894,56.5,2400000,0xe0000
1781161895,56.0,2400000,0xe0000
1781161896,56.5,2400000,0xe0000
1781161897,56.5,2400000,0xe0000
1781161898,56.5,2400000,0xe0000
1781161899,56.5,2400000,0xe0000
1781161900,56.5,2400000,0xe0000
1781161901,57.1,2400000,0xe0000
1781161902,56.5,2400000,0xe0000
1781161903,57.1,2400000,0xe0000
1781161905,56.5,2400000,0xe0000
1781161906,55.4,2400000,0xe0000
1781161907,57.1,2400000,0xe0000
1781161908,56.5,2400000,0xe0000
1781161909,56.0,2400000,0xe0000
1781161910,56.5,2400000,0xe0000
1781161911,55.4,2400000,0xe0000
1781161912,56.5,2400000,0xe0000
1781161913,56.5,2400000,0xe0000
1781161914,57.1,2400000,0xe0000
1781161915,57.1,2400000,0xe0000
1781161916,56.0,2400000,0xe0000
1781161917,57.1,2400000,0xe0000
1781161918,56.5,2400000,0xe0000
1781161919,56.5,2400000,0xe0000
1781161920,56.5,2400000,0xe0000
1781161921,56.5,2400000,0xe0000
1781161922,57.1,2400000,0xe0000
1781161923,57.1,2400000,0xe0000
1781161925,56.5,2400000,0xe0000
1781161926,54.9,2400000,0xe0000
1781161927,56.5,2400000,0xe0000
1781161928,56.5,2400000,0xe0000
1781161929,57.1,2400000,0xe0000
1781161930,56.0,2400000,0xe0000
1781161931,55.4,2400000,0xe0000
1781161932,56.0,2400000,0xe0000
1781161933,56.0,2400000,0xe0000
1781161934,57.1,2400000,0xe0000
1781161935,57.1,2400000,0xe0000
1781161936,57.1,2400000,0xe0000
1781161937,56.5,2400000,0xe0000
1781161938,56.5,2400000,0xe0000
1781161939,55.4,2400000,0xe0000
1781161940,57.1,2400000,0xe0000
1781161941,56.5,2400000,0xe0000
1781161942,56.0,2400000,0xe0000
1781161943,56.0,2400000,0xe0000
1781161944,57.1,2400000,0xe0000
1781161945,55.4,2400000,0xe0000
1781161946,56.5,2400000,0xe0000
1781161947,56.5,2400000,0xe0000
1781161948,56.5,2400000,0xe0000
1781161949,57.1,2400000,0xe0000
1781161950,56.0,2400000,0xe0000
1781161951,57.1,2400000,0xe0000
1781161952,57.1,2400000,0xe0000
1781161953,56.0,2400000,0xe0000
1781161954,56.5,2400000,0xe0000
1781161955,56.5,2400000,0xe0000
1781161956,57.1,2400000,0xe0000
1781161957,56.5,2400000,0xe0000
1781161958,56.5,2400000,0xe0000
1781161960,56.5,2400000,0xe0000
1781161961,56.5,2400000,0xe0000
1781161962,56.0,2400000,0xe0000
1781161963,57.1,2400000,0xe0000
1781161964,56.5,2400000,0xe0000
1781161965,56.5,2400000,0xe0000
1781161966,57.1,2400000,0xe0000
1781161967,56.0,2400000,0xe0000
1781161968,56.5,2400000,0xe0000
1781161969,56.5,2400000,0xe0000
1781161970,56.5,2400000,0xe0000
1781161971,56.5,2400000,0xe0000
1781161972,57.1,2400000,0xe0000
1781161973,56.5,2400000,0xe0000
1781161974,57.1,2400000,0xe0000
1781161975,56.5,2400000,0xe0000
1781161976,56.5,2400000,0xe0000
1781161977,55.4,2400000,0xe0000
1781161978,57.1,2400000,0xe0000
1781161979,57.1,2400000,0xe0000
1781161980,57.1,2400000,0xe0000
1781161982,56.0,2400000,0xe0000
1781161983,57.1,2400000,0xe0000
1781161984,56.5,2400000,0xe0000
1781161985,56.5,2400000,0xe0000
1781161986,56.5,2400000,0xe0000
1781161987,57.1,2400000,0xe0000
1781161988,57.1,2400000,0xe0000
1781161989,57.1,2400000,0xe0000
1781161990,56.5,2400000,0xe0000
1781161991,56.0,2400000,0xe0000
1781161992,57.1,2400000,0xe0000
1781161993,56.5,2400000,0xe0000
1781161994,56.5,2400000,0xe0000
1781161995,56.5,2400000,0xe0000
1781161996,56.5,2400000,0xe0000
1781161997,56.5,2400000,0xe0000
1781161998,56.5,2400000,0xe0000
1781161999,57.1,2400000,0xe0000
1781162000,56.5,2400000,0xe0000
1781162002,57.1,2400000,0xe0000
1781162003,56.5,2400000,0xe0000
1781162004,57.1,2400000,0xe0000
1781162005,56.5,2400000,0xe0000
1781162006,56.5,2400000,0xe0000
1781162007,56.5,2400000,0xe0000
1781162008,56.5,2400000,0xe0000
1781162009,57.6,2400000,0xe0000
1781162010,56.5,2400000,0xe0000
1781162011,56.0,2400000,0xe0000
1781162012,57.1,2400000,0xe0000
1781162013,56.0,2400000,0xe0000
1781162014,56.0,2400000,0xe0000
1781162015,56.5,2400000,0xe0000
1781162016,56.5,2400000,0xe0000
1781162017,57.6,2400000,0xe0000
1781162018,56.0,2400000,0xe0000
1781162019,55.4,2400000,0xe0000
1781162020,56.5,2400000,0xe0000
1781162021,57.1,2400000,0xe0000
1781162022,56.5,2400000,0xe0000
1781162023,56.0,2400000,0xe0000
1781162024,57.1,2400000,0xe0000
1781162025,55.4,2400000,0xe0000
1781162026,56.5,2400000,0xe0000
1781162027,57.1,2400000,0xe0000
1781162028,57.6,2400000,0xe0000
1781162029,57.1,2400000,0xe0000
1781162030,56.5,2400000,0xe0000
1781162031,57.1,2400000,0xe0000
1781162032,57.1,2400000,0xe0000
1781162034,56.5,2400000,0xe0000
1781162035,56.5,2400000,0xe0000
1781162036,57.1,2400000,0xe0000
1781162037,56.5,2400000,0xe0000
1781162038,57.1,2400000,0xe0000
1781162039,56.5,2400000,0xe0000
1781162040,56.0,2400000,0xe0000
1781162041,56.0,2400000,0xe0000
1781162042,56.5,2400000,0xe0000
1781162043,56.5,2400000,0xe0000
1781162044,55.4,2400000,0xe0000
1781162045,56.5,2400000,0xe0000
1781162046,56.5,2400000,0xe0000
1781162047,56.5,2400000,0xe0000
1781162048,56.5,2400000,0xe0000
1781162049,56.5,2400000,0xe0000
1781162050,56.5,2400000,0xe0000
1781162051,56.5,2400000,0xe0000
1781162052,56.0,2400000,0xe0000
1781162053,56.5,2400000,0xe0000
1781162054,57.1,2400000,0xe0000
1781162055,56.5,2400000,0xe0000
1781162056,56.5,2400000,0xe0000
1781162057,56.5,2400000,0xe0000
1781162059,56.0,2400000,0xe0000
1781162060,55.4,2400000,0xe0000
1781162061,56.5,2400000,0xe0000
1781162062,56.0,2400000,0xe0000
1781162063,56.5,2400000,0xe0000
1781162064,56.5,2400000,0xe0000
1781162065,56.5,2400000,0xe0000
1781162066,56.5,2400000,0xe0000
1781162067,56.5,2400000,0xe0000
1781162068,56.5,2400000,0xe0000
1781162069,55.4,2400000,0xe0000
1781162070,56.5,2400000,0xe0000
1781162071,56.0,2400000,0xe0000
1781162072,56.0,2400000,0xe0000
1781162073,56.5,2400000,0xe0000
1781162074,57.1,2400000,0xe0000
1781162075,56.0,2400000,0xe0000
1781162076,56.5,2400000,0xe0000
1781162077,56.5,2400000,0xe0000
1781162078,56.5,2400000,0xe0000
1781162079,56.5,2400000,0xe0000
1781162080,57.1,2400000,0xe0000
1781162081,57.1,2400000,0xe0000
1781162083,56.5,2400000,0xe0000
1781162084,56.5,2400000,0xe0000
1781162085,56.5,2400000,0xe0000
1781162086,56.5,2400000,0xe0000
1781162087,56.0,2400000,0xe0000
1781162088,56.5,2400000,0xe0000
1781162089,57.1,2400000,0xe0000
1781162090,56.5,2400000,0xe0000
1781162091,56.5,2400000,0xe0000
1781162092,57.1,2400000,0xe0000
1781162093,56.5,2400000,0xe0000
1781162094,56.5,2400000,0xe0000
1781162095,57.1,2400000,0xe0000
1781162096,56.5,2400000,0xe0000
1781162097,57.1,2400000,0xe0000
1781162098,56.5,2400000,0xe0000
1781162099,57.1,2400000,0xe0000
1781162100,56.5,2400000,0xe0000
1781162101,56.5,2400000,0xe0000
1781162103,56.5,2400000,0xe0000
1781162104,56.5,2400000,0xe0000
1781162105,56.5,2400000,0xe0000
1781162106,56.5,2400000,0xe0000
1781162107,56.5,2400000,0xe0000
1781162108,57.1,2400000,0xe0000
1781162109,56.5,2400000,0xe0000
1781162110,57.1,2400000,0xe0000
1781162111,55.4,2400000,0xe0000
1781162112,56.5,2400000,0xe0000
1781162113,56.5,2400000,0xe0000
1781162114,57.1,2400000,0xe0000
1781162115,56.5,2400000,0xe0000
1781162116,56.5,2400000,0xe0000
1781162117,56.5,2400000,0xe0000
1781162118,56.5,2400000,0xe0000
1781162119,56.5,2400000,0xe0000
1781162120,56.5,2400000,0xe0000
1781162121,56.5,2400000,0xe0000
1781162123,56.0,2400000,0xe0000
1781162124,56.5,2400000,0xe0000
1781162125,57.1,2400000,0xe0000
1781162126,56.0,2400000,0xe0000
1781162127,56.5,2400000,0xe0000
1781162128,56.5,2400000,0xe0000
1781162129,57.1,2400000,0xe0000
1781162130,56.5,2400000,0xe0000
1781162131,56.5,2400000,0xe0000
1781162132,56.5,2400000,0xe0000
1781162133,56.5,2400000,0xe0000
1781162134,56.5,2400000,0xe0000
1781162135,57.1,2400000,0xe0000
1781162136,56.5,2400000,0xe0000
1781162137,56.5,2400000,0xe0000
1781162138,56.0,2400000,0xe0000
1781162139,56.5,2400000,0xe0000
1781162140,57.1,2400000,0xe0000
1781162141,57.1,2400000,0xe0000
1781162143,55.4,2400000,0xe0000
1781162144,57.1,2400000,0xe0000
1781162145,57.1,2400000,0xe0000
1781162146,56.5,2400000,0xe0000
1781162147,57.1,2400000,0xe0000
1781162148,57.1,2400000,0xe0000
1781162149,56.5,2400000,0xe0000
1781162150,57.1,2400000,0xe0000
1781162151,57.1,2400000,0xe0000
1781162152,56.0,2400000,0xe0000
1781162153,57.1,2400000,0xe0000
1781162154,56.5,2400000,0xe0000
1781162155,56.5,2400000,0xe0000
1781162156,57.1,2400000,0xe0000
1781162157,57.1,2400000,0xe0000
1781162158,57.1,2400000,0xe0000
1781162159,56.5,2400000,0xe0000
1781162160,55.4,2400000,0xe0000
1781162161,56.5,2400000,0xe0000
1781162162,56.5,2400000,0xe0000
1781162163,56.5,2400000,0xe0000
1781162164,57.1,2400000,0xe0000
1781162165,56.0,2400000,0xe0000
1781162166,56.5,2400000,0xe0000
1781162167,56.0,2400000,0xe0000
1781162168,56.5,2400000,0xe0000
1781162169,54.9,2400000,0xe0000
1781162170,56.5,2400000,0xe0000
1781162172,56.5,2400000,0xe0000
1781162173,57.1,2400000,0xe0000
1781162174,56.5,2400000,0xe0000
1781162175,55.4,2400000,0xe0000
1781162176,56.5,2400000,0xe0000
1781162177,57.1,2400000,0xe0000
1781162178,57.1,2400000,0xe0000
1781162179,56.0,2400000,0xe0000
1781162180,56.0,2400000,0xe0000
1781162181,57.1,2400000,0xe0000
1781162182,56.5,2400000,0xe0000
1781162183,56.5,2400000,0xe0000
1781162184,56.5,2400000,0xe0000
1781162185,56.5,2400000,0xe0000
1781162186,56.0,2400000,0xe0000
1781162187,57.1,2400000,0xe0000
1781162188,56.5,2400000,0xe0000
1781162189,56.5,2400000,0xe0000
1781162190,56.5,2400000,0xe0000
1781162191,56.5,2400000,0xe0000
1781162192,56.5,2400000,0xe0000
1781162193,56.5,2400000,0xe0000
1781162194,57.1,2400000,0xe0000
1781162195,56.0,2400000,0xe0000
1781162196,56.5,2400000,0xe0000
1781162197,56.5,2400000,0xe0000
1781162198,57.1,2400000,0xe0000
1781162200,56.0,2400000,0xe0000
1781162201,56.5,2400000,0xe0000
1781162202,56.5,2400000,0xe0000
1781162203,56.5,2400000,0xe0000
1781162204,57.1,2400000,0xe0000
1781162205,56.5,2400000,0xe0000
1781162206,56.5,2400000,0xe0000
1781162207,56.5,2400000,0xe0000
1781162208,56.0,2400000,0xe0000
1781162209,56.5,2400000,0xe0000
1781162210,56.5,2400000,0xe0000
1781162211,56.5,2400000,0xe0000
1781162212,56.5,2400000,0xe0000
1781162213,56.0,2400000,0xe0000
1781162214,56.0,2400000,0xe0000
1781162215,56.5,2400000,0xe0000
1781162216,56.5,2400000,0xe0000
1781162217,56.5,2400000,0xe0000
1781162218,56.5,2400000,0xe0000
1781162219,56.0,2400000,0xe0000
1781162221,56.5,2400000,0xe0000
1781162222,56.5,2400000,0xe0000
1781162223,57.1,2400000,0xe0000
1781162224,56.5,2400000,0xe0000
1781162225,56.0,2400000,0xe0000
1781162226,57.6,2400000,0xe0000
1781162227,56.5,2400000,0xe0000
1781162228,56.5,2400000,0xe0000
1781162229,55.4,2400000,0xe0000
1781162230,56.0,2400000,0xe0000
1781162231,56.5,2400000,0xe0000
1781162232,56.5,2400000,0xe0000
1781162233,56.5,2400000,0xe0000
1781162234,56.5,2400000,0xe0000
1781162235,56.5,2400000,0xe0000
1781162236,57.1,2400000,0xe0000
1781162237,56.5,2400000,0xe0000
1781162238,56.5,2400000,0xe0000
1781162239,57.1,2400000,0xe0000
1781162240,56.5,2400000,0xe0000
1781162241,57.1,2400000,0xe0000
1781162242,56.0,2400000,0xe0000
1781162243,56.5,2400000,0xe0000
1781162244,54.9,2400000,0xe0000
1781162245,56.5,2400000,0xe0000
1781162246,56.5,2400000,0xe0000
1781162247,56.0,2400000,0xe0000
1781162248,56.0,2400000,0xe0000
1781162249,56.5,2400000,0xe0000
1781162250,56.5,2400000,0xe0000
1781162251,56.5,2400000,0xe0000
1781162252,57.1,2400000,0xe0000
1781162254,56.5,2400000,0xe0000
1781162255,56.5,2400000,0xe0000
1781162256,56.0,2400000,0xe0000
1781162257,56.5,2400000,0xe0000
1781162258,56.5,2400000,0xe0000
1781162259,56.5,2400000,0xe0000
1781162260,57.1,2400000,0xe0000
1781162261,56.5,2400000,0xe0000
1781162262,56.5,2400000,0xe0000
1781162263,56.5,2400000,0xe0000
1781162264,57.1,2400000,0xe0000
1781162265,56.5,2400000,0xe0000
1781162266,56.5,2400000,0xe0000
1781162267,56.5,2400000,0xe0000
1781162268,56.5,2400000,0xe0000
1781162269,56.5,2400000,0xe0000
1781162270,57.1,2400000,0xe0000
1781162271,56.0,2400000,0xe0000
1781162273,56.5,2400000,0xe0000
1781162274,57.1,2400000,0xe0000
1781162275,56.5,2400000,0xe0000
1781162276,56.5,2400000,0xe0000
1781162277,56.5,2400000,0xe0000
1781162278,56.0,2400000,0xe0000
1781162279,56.5,2400000,0xe0000
1781162280,56.0,2400000,0xe0000
1781162281,57.1,2400000,0xe0000
1781162282,57.1,2400000,0xe0000
1781162283,56.5,2400000,0xe0000
1781162284,56.5,2400000,0xe0000
1781162285,56.0,2400000,0xe0000
1781162286,56.5,2400000,0xe0000
1781162287,56.5,2400000,0xe0000
1781162289,55.4,2400000,0xe0000
1781162290,56.5,2400000,0xe0000
1781162291,57.1,2400000,0xe0000
1781162292,56.5,2400000,0xe0000
1781162293,56.5,2400000,0xe0000
1781162294,56.5,2400000,0xe0000
1781162295,56.5,2400000,0xe0000
1781162296,55.4,2400000,0xe0000
1781162297,56.0,2400000,0xe0000
1781162298,57.1,2400000,0xe0000
1781162299,56.0,2400000,0xe0000
1781162300,56.0,2400000,0xe0000
1781162301,56.5,2400000,0xe0000
1781162302,57.1,2400000,0xe0000
1781162303,56.0,2400000,0xe0000
1781162304,57.1,2400000,0xe0000
1781162305,56.5,2400000,0xe0000
1781162306,56.0,2400000,0xe0000
1781162307,57.1,2400000,0xe0000
1781162308,56.0,2400000,0xe0000
1781162309,56.0,2400000,0xe0000
1781162310,56.0,2400000,0xe0000
1781162311,57.1,2400000,0xe0000
1781162312,56.5,2400000,0xe0000
1781162313,56.5,2400000,0xe0000
1781162314,56.5,2400000,0xe0000
1781162315,56.5,2400000,0xe0000
1781162316,56.5,2400000,0xe0000
1781162317,56.5,2400000,0xe0000
1781162318,56.5,2400000,0xe0000
1781162319,57.1,2400000,0xe0000
1781162320,56.5,2400000,0xe0000
1781162321,56.0,2400000,0xe0000
1781162322,56.5,2400000,0xe0000
1781162323,56.5,2400000,0xe0000
1781162325,56.5,2400000,0xe0000
1781162326,56.5,2400000,0xe0000
1781162327,56.5,2400000,0xe0000
1781162328,56.5,2400000,0xe0000
1781162329,56.5,2400000,0xe0000
1781162330,56.5,2400000,0xe0000
1781162331,56.5,2400000,0xe0000
1781162332,57.1,2400000,0xe0000
1781162333,56.0,2400000,0xe0000
1781162334,55.4,2400000,0xe0000
1781162335,56.0,2400000,0xe0000
1781162336,56.0,2400000,0xe0000
1781162337,57.1,2400000,0xe0000
1781162338,56.5,2400000,0xe0000
1781162339,56.0,2400000,0xe0000
1781162340,56.0,2400000,0xe0000
1781162341,56.5,2400000,0xe0000
1781162342,56.5,2400000,0xe0000
1781162343,56.5,2400000,0xe0000
1781162344,55.4,2400000,0xe0000
1781162346,56.5,2400000,0xe0000
1781162347,56.5,2400000,0xe0000
1781162348,57.1,2400000,0xe0000
1781162349,56.0,2400000,0xe0000
1781162350,56.0,2400000,0xe0000
1781162351,56.0,2400000,0xe0000
1781162352,56.5,2400000,0xe0000
1781162353,56.5,2400000,0xe0000
1781162354,56.0,2400000,0xe0000
1781162355,56.5,2400000,0xe0000
1781162356,56.5,2400000,0xe0000
1781162357,57.1,2400000,0xe0000
1781162358,57.1,2400000,0xe0000
1781162359,56.0,2400000,0xe0000
1781162360,56.0,2400000,0xe0000
1781162361,56.5,2400000,0xe0000
1781162362,56.5,2400000,0xe0000
1781162363,56.5,2400000,0xe0000
1781162364,57.1,2400000,0xe0000
1781162365,56.5,2400000,0xe0000
1781162366,56.5,2400000,0xe0000
1781162367,56.5,2400000,0xe0000
1781162368,56.0,2400000,0xe0000
1781162369,56.0,2400000,0xe0000
1781162370,55.4,2400000,0xe0000
1781162371,56.5,2400000,0xe0000
1781162372,57.1,2400000,0xe0000
1781162373,57.1,2400000,0xe0000
1781162374,57.1,2400000,0xe0000
1781162375,56.5,2400000,0xe0000
1781162376,56.5,2400000,0xe0000
1781162377,56.5,2400000,0xe0000
1781162379,56.5,2400000,0xe0000
1781162380,56.5,2400000,0xe0000
1781162381,56.5,2400000,0xe0000
1781162382,56.5,2400000,0xe0000
1781162383,56.5,2400000,0xe0000
1781162384,56.5,2400000,0xe0000
1781162385,56.5,2400000,0xe0000
1781162386,56.0,2400000,0xe0000
1781162387,56.0,2400000,0xe0000
1781162388,56.0,2400000,0xe0000
1781162389,57.1,2400000,0xe0000
1781162390,56.0,2400000,0xe0000
1781162391,56.5,2400000,0xe0000
1781162392,56.5,2400000,0xe0000
1781162393,56.0,2400000,0xe0000
1781162394,56.5,2400000,0xe0000
1781162395,56.0,2400000,0xe0000
1781162396,56.0,2400000,0xe0000
1781162397,56.5,2400000,0xe0000
1781162398,57.1,2400000,0xe0000
1781162399,54.9,2400000,0xe0000
1781162400,56.5,2400000,0xe0000
1781162401,56.0,2400000,0xe0000
1781162402,56.5,2400000,0xe0000
1781162403,57.1,2400000,0xe0000
1781162405,56.5,2400000,0xe0000
1781162406,57.1,2400000,0xe0000
1781162407,57.1,2400000,0xe0000
1781162408,56.5,2400000,0xe0000
1781162409,57.1,2400000,0xe0000
1781162410,57.1,2400000,0xe0000
1781162411,54.9,2400000,0xe0000
1781162412,57.1,2400000,0xe0000
1781162413,56.5,2400000,0xe0000
1781162414,56.5,2400000,0xe0000
1781162415,56.5,2400000,0xe0000
1781162416,56.0,2400000,0xe0000
1781162417,56.5,2400000,0xe0000
1781162418,56.0,2400000,0xe0000
1781162419,56.0,2400000,0xe0000
1781162420,56.0,2400000,0xe0000
1781162421,56.5,2400000,0xe0000
1781162422,56.0,2400000,0xe0000
1781162423,56.5,2400000,0xe0000
1781162424,56.5,2400000,0xe0000
1781162425,56.5,2400000,0xe0000
1781162426,56.5,2400000,0xe0000
1781162427,55.4,2400000,0xe0000
1781162428,57.1,2400000,0xe0000
1781162430,56.5,2400000,0xe0000
1781162431,57.1,2400000,0xe0000
1781162432,56.5,2400000,0xe0000
1781162433,56.0,2400000,0xe0000
1781162434,56.5,2400000,0xe0000
1781162435,56.5,2400000,0xe0000
1781162436,57.1,2400000,0xe0000
1781162437,56.5,2400000,0xe0000
1781162438,57.1,2400000,0xe0000
1781162439,56.5,2400000,0xe0000
1781162440,57.1,2400000,0xe0000
1781162441,56.5,2400000,0xe0000
1781162442,56.5,2400000,0xe0000
1781162443,57.1,2400000,0xe0000
1781162444,57.1,2400000,0xe0000
1781162445,56.5,2400000,0xe0000
1781162446,57.1,2400000,0xe0000
1781162447,56.0,2400000,0xe0000
1781162448,56.5,2400000,0xe0000
1781162449,56.5,2400000,0xe0000
1781162450,56.5,2400000,0xe0000
1781162451,56.5,2400000,0xe0000
1781162452,56.5,2400000,0xe0000
1781162453,56.0,2400000,0xe0000
1781162454,56.5,2400000,0xe0000
1781162455,57.1,2400000,0xe0000
1781162456,56.5,2400000,0xe0000
1781162457,57.1,2400000,0xe0000
1781162458,55.4,2400000,0xe0000
1781162460,56.0,2400000,0xe0000
1781162461,56.5,2400000,0xe0000
1781162462,56.0,2400000,0xe0000
1781162463,56.5,2400000,0xe0000
1781162464,56.5,2400000,0xe0000
1781162465,56.5,2400000,0xe0000
1781162466,56.5,2400000,0xe0000
1781162467,57.1,2400000,0xe0000
1781162468,56.5,2400000,0xe0000
1781162469,56.5,2400000,0xe0000
1781162470,56.5,2400000,0xe0000
1781162471,56.0,2400000,0xe0000
1781162472,57.1,2400000,0xe0000
1781162473,56.5,2400000,0xe0000
1781162474,56.5,2400000,0xe0000
1781162475,56.5,2400000,0xe0000
1781162476,56.5,2400000,0xe0000
1781162477,56.0,2400000,0xe0000
1781162478,56.5,2400000,0xe0000
1781162479,56.5,2400000,0xe0000
1781162480,56.5,2400000,0xe0000
1781162482,56.0,2400000,0xe0000
1781162483,57.1,2400000,0xe0000
1781162484,56.5,2400000,0xe0000
1781162485,56.5,2400000,0xe0000
1781162486,54.9,2400000,0xe0000
1781162487,56.5,2400000,0xe0000
1781162488,56.0,2400000,0xe0000
1781162489,56.0,2400000,0xe0000
1781162490,56.5,2400000,0xe0000
1781162491,56.5,2400000,0xe0000
1781162492,57.1,2400000,0xe0000
1781162493,56.5,2400000,0xe0000
1781162494,56.5,2400000,0xe0000
1781162495,56.5,2400000,0xe0000
1781162496,56.0,2400000,0xe0000
1781162497,57.1,2400000,0xe0000
1781162498,56.5,2400000,0xe0000
1781162499,56.5,2400000,0xe0000
1781162500,56.5,2400000,0xe0000
1781162501,56.5,2400000,0xe0000
1781162502,56.5,2400000,0xe0000
1781162504,56.5,2400000,0xe0000
1781162505,57.1,2400000,0xe0000
1781162506,56.0,2400000,0xe0000
1781162507,56.5,2400000,0xe0000
1781162508,56.0,2400000,0xe0000
1781162509,56.5,2400000,0xe0000
1781162510,57.1,2400000,0xe0000
1781162511,56.5,2400000,0xe0000
1781162512,56.5,2400000,0xe0000
1781162513,57.1,2400000,0xe0000
1781162514,55.4,2400000,0xe0000
1781162515,56.5,2400000,0xe0000
1781162516,56.5,2400000,0xe0000
1781162517,56.5,2400000,0xe0000
1781162518,56.5,2400000,0xe0000
1781162519,57.1,2400000,0xe0000
1781162520,56.5,2400000,0xe0000
1781162521,56.0,2400000,0xe0000
1781162522,55.4,2400000,0xe0000
1781162523,56.5,2400000,0xe0000
1781162524,56.5,2400000,0xe0000
1781162525,56.5,2400000,0xe0000
1781162526,56.5,2400000,0xe0000
1781162527,56.0,2400000,0xe0000
1781162529,56.5,2400000,0xe0000
1781162530,56.5,2400000,0xe0000
1781162531,56.5,2400000,0xe0000
1781162532,56.5,2400000,0xe0000
1781162533,56.5,2400000,0xe0000
1781162534,57.1,2400000,0xe0000
1781162535,56.5,2400000,0xe0000
1781162536,56.5,2400000,0xe0000
1781162537,56.5,2400000,0xe0000
1781162538,56.0,2400000,0xe0000
1781162539,57.1,2400000,0xe0000
1781162540,56.5,2400000,0xe0000
1781162541,56.5,2400000,0xe0000
1781162542,56.5,2400000,0xe0000
1781162543,56.0,2400000,0xe0000
1781162544,56.5,2400000,0xe0000
1781162545,56.5,2400000,0xe0000
1781162546,57.1,2400000,0xe0000
1781162547,56.5,2400000,0xe0000
1781162548,56.0,2400000,0xe0000
1781162549,56.5,2400000,0xe0000
1781162550,56.0,2400000,0xe0000
1781162551,56.5,2400000,0xe0000
1781162552,56.0,2400000,0xe0000
1781162553,56.0,2400000,0xe0000
1781162554,56.5,2400000,0xe0000
1781162555,56.0,2400000,0xe0000
1781162557,56.5,2400000,0xe0000
1781162558,56.5,2400000,0xe0000
1781162559,56.5,2400000,0xe0000
1781162560,56.5,2400000,0xe0000
1781162561,56.5,2400000,0xe0000
1781162562,57.1,2400000,0xe0000
1781162563,57.1,2400000,0xe0000
1781162564,56.5,2400000,0xe0000
1781162565,56.5,2400000,0xe0000
1781162566,56.5,2400000,0xe0000
1781162567,56.5,2400000,0xe0000
1781162568,56.5,2400000,0xe0000
1781162569,56.5,2400000,0xe0000
1781162570,57.1,2400000,0xe0000
1781162571,56.5,2400000,0xe0000
1781162572,56.5,2400000,0xe0000
1781162573,56.5,2400000,0xe0000
1781162574,56.0,2400000,0xe0000
1781162575,56.5,2400000,0xe0000
1781162576,56.0,2400000,0xe0000
1781162577,56.5,2400000,0xe0000
1781162579,56.5,2400000,0xe0000
1781162580,57.1,2400000,0xe0000
1781162581,56.0,2400000,0xe0000
1781162582,57.1,2400000,0xe0000
1781162583,56.5,2400000,0xe0000
1781162584,56.5,2400000,0xe0000
1781162585,57.1,2400000,0xe0000
1781162586,56.5,2400000,0xe0000
1781162587,56.5,2400000,0xe0000
1781162588,56.5,2400000,0xe0000
1781162589,56.5,2400000,0xe0000
1781162590,56.5,2400000,0xe0000
1781162591,57.1,2400000,0xe0000
1781162592,57.1,2400000,0xe0000
1781162593,56.5,2400000,0xe0000
1781162594,56.5,2400000,0xe0000
1781162595,57.1,2400000,0xe0000
1781162596,56.5,2400000,0xe0000
1781162597,56.5,2400000,0xe0000
1781162598,56.5,2400000,0xe0000
1781162599,56.5,2400000,0xe0000
1781162600,56.5,2400000,0xe0000
1781162601,55.4,2400000,0xe0000
1781162603,56.5,2400000,0xe0000
1781162604,56.0,2400000,0xe0000
1781162605,56.5,2400000,0xe0000
1781162606,56.5,2400000,0xe0000
1781162607,56.5,2400000,0xe0000
1781162608,55.4,2400000,0xe0000
1781162609,56.5,2400000,0xe0000
1781162610,56.5,2400000,0xe0000
1781162611,56.5,2400000,0xe0000
1781162612,57.1,2400000,0xe0000
1781162613,56.5,2400000,0xe0000
1781162614,57.1,2400000,0xe0000
1781162615,56.5,2400000,0xe0000
1781162616,56.0,2400000,0xe0000
1781162617,56.5,2400000,0xe0000
1781162618,56.5,2400000,0xe0000
1781162619,56.5,2400000,0xe0000
1781162620,56.5,2400000,0xe0000
1781162622,56.5,2400000,0xe0000
1781162623,56.0,2400000,0xe0000
1781162624,57.1,2400000,0xe0000
1781162625,57.1,2400000,0xe0000
1781162626,56.5,2400000,0xe0000
1781162627,57.1,2400000,0xe0000
1781162628,56.5,2400000,0xe0000
1781162629,56.5,2400000,0xe0000
1781162630,56.5,2400000,0xe0000
1781162631,56.5,2400000,0xe0000
1781162632,56.0,2400000,0xe0000
1781162633,56.5,2400000,0xe0000
1781162634,56.5,2400000,0xe0000
1781162635,57.6,2400000,0xe0000
1781162636,56.5,2400000,0xe0000
1781162637,56.5,2400000,0xe0000
1781162638,56.5,2400000,0xe0000
1781162639,56.5,2400000,0xe0000
1781162640,56.0,2400000,0xe0000
1781162641,56.5,2400000,0xe0000
1781162642,56.0,2400000,0xe0000
1781162644,56.5,2400000,0xe0000
1781162645,57.1,2400000,0xe0000
1781162646,55.4,2400000,0xe0000
1781162647,56.5,2400000,0xe0000
1781162648,56.0,2400000,0xe0000
1781162649,57.1,2400000,0xe0000
1781162650,56.5,2400000,0xe0000
1781162651,56.0,2400000,0xe0000
1781162652,56.0,2400000,0xe0000
1781162653,56.5,2400000,0xe0000
1781162654,56.5,2400000,0xe0000
1781162655,56.5,2400000,0xe0000
1781162656,56.5,2400000,0xe0000
1781162657,56.5,2400000,0xe0000
1781162658,57.1,2400000,0xe0000
1781162659,56.5,2400000,0xe0000
1781162660,56.5,2400000,0xe0000
1781162661,56.5,2400000,0xe0000
1781162662,56.5,2400000,0xe0000
1781162663,56.5,2400000,0xe0000
1781162664,56.5,2400000,0xe0000
1781162665,56.0,2400000,0xe0000
1781162666,57.1,2400000,0xe0000
1781162667,56.0,2400000,0xe0000
1781162668,56.5,2400000,0xe0000
1781162669,56.0,2400000,0xe0000
1781162670,57.1,2400000,0xe0000
1781162671,56.0,2400000,0xe0000
1781162672,56.5,2400000,0xe0000
1781162674,56.5,2400000,0xe0000
1781162675,56.0,2400000,0xe0000
1781162676,56.0,2400000,0xe0000
1781162677,56.5,2400000,0xe0000
1781162678,56.5,2400000,0xe0000
1781162679,56.0,2400000,0xe0000
1781162680,56.0,2400000,0xe0000
1781162681,56.5,2400000,0xe0000
1781162682,56.5,2400000,0xe0000
1781162683,56.5,2400000,0xe0000
1781162684,56.0,2400000,0xe0000
1781162685,56.5,2400000,0xe0000
1781162686,56.5,2400000,0xe0000
1781162687,56.5,2400000,0xe0000
1781162688,56.5,2400000,0xe0000
1781162689,56.5,2400000,0xe0000
1781162690,56.5,2400000,0xe0000
1781162691,56.5,2400000,0xe0000
1781162692,56.5,2400000,0xe0000
1781162693,56.5,2400000,0xe0000
1781162694,56.5,2400000,0xe0000
1781162696,56.5,2400000,0xe0000
1781162697,56.5,2400000,0xe0000
1781162698,56.5,2400000,0xe0000
1781162699,56.5,2400000,0xe0000
1781162700,56.0,2400000,0xe0000
1781162701,57.1,2400000,0xe0000
1781162702,56.5,2400000,0xe0000
1781162703,57.1,2400000,0xe0000
1781162704,56.5,2400000,0xe0000
1781162705,56.0,2400000,0xe0000
1781162706,57.1,2400000,0xe0000
1781162707,56.0,2400000,0xe0000
1781162708,56.5,2400000,0xe0000
1781162709,57.1,2400000,0xe0000
1781162710,56.5,2400000,0xe0000
1781162711,56.5,2400000,0xe0000
1781162712,56.5,2400000,0xe0000
1781162713,56.5,2400000,0xe0000
1781162714,56.5,2400000,0xe0000
1781162715,56.0,2400000,0xe0000
1781162716,57.1,2400000,0xe0000
1781162717,56.5,2400000,0xe0000
1781162718,56.5,2400000,0xe0000
1781162719,56.5,2400000,0xe0000
1781162720,57.1,2400000,0xe0000
1781162721,55.4,2400000,0xe0000
1781162723,56.5,2400000,0xe0000
1781162724,56.5,2400000,0xe0000
1781162725,56.5,2400000,0xe0000
1781162726,56.5,2400000,0xe0000
1781162727,56.5,2400000,0xe0000
1781162728,57.1,2400000,0xe0000
1781162729,56.5,2400000,0xe0000
1781162730,56.5,2400000,0xe0000
1781162731,56.5,2400000,0xe0000
1781162732,56.5,2400000,0xe0000
1781162733,56.0,2400000,0xe0000
1781162734,56.0,2400000,0xe0000
1781162735,56.5,2400000,0xe0000
1781162736,57.1,2400000,0xe0000
1781162737,56.0,2400000,0xe0000
1781162738,56.0,2400000,0xe0000
1781162739,56.5,2400000,0xe0000
1781162740,56.5,2400000,0xe0000
1781162742,57.1,2400000,0xe0000
1781162743,56.0,2400000,0xe0000
1781162744,56.5,2400000,0xe0000
1781162745,56.5,2400000,0xe0000
1781162746,56.5,2400000,0xe0000
1781162747,56.5,2400000,0xe0000
1781162748,56.5,2400000,0xe0000
1781162749,57.1,2400000,0xe0000
1781162750,56.0,2400000,0xe0000
1781162751,56.0,2400000,0xe0000
1781162752,56.5,2400000,0xe0000
1781162753,56.5,2400000,0xe0000
1781162754,56.0,2400000,0xe0000
1781162755,56.5,2400000,0xe0000
1781162756,56.0,2400000,0xe0000
1781162757,56.5,2400000,0xe0000
1781162758,56.5,2400000,0xe0000
1781162759,56.5,2400000,0xe0000
1781162761,56.5,2400000,0xe0000
1781162762,56.5,2400000,0xe0000
1781162763,56.5,2400000,0xe0000
1781162764,56.5,2400000,0xe0000
1781162765,57.1,2400000,0xe0000
1781162766,54.9,2400000,0xe0000
1781162767,56.0,2400000,0xe0000
1781162768,57.1,2400000,0xe0000
1781162769,57.1,2400000,0xe0000
1781162770,56.0,2400000,0xe0000
1781162771,56.5,2400000,0xe0000
1781162772,56.5,2400000,0xe0000
1781162773,56.5,2400000,0xe0000
1781162774,56.5,2400000,0xe0000
1781162775,56.5,2400000,0xe0000
1781162776,56.5,2400000,0xe0000
1781162777,56.5,2400000,0xe0000
1781162778,56.0,2400000,0xe0000
1781162779,56.5,2400000,0xe0000
1781162781,57.1,2400000,0xe0000
1781162782,56.5,2400000,0xe0000
1781162783,56.5,2400000,0xe0000
1781162784,56.0,2400000,0xe0000
1781162785,57.1,2400000,0xe0000
1781162786,56.0,2400000,0xe0000
1781162787,56.5,2400000,0xe0000
1781162788,56.5,2400000,0xe0000
1781162789,56.5,2400000,0xe0000
1781162790,56.5,2400000,0xe0000
1781162791,55.4,2400000,0xe0000
1781162792,56.0,2400000,0xe0000
1781162793,56.5,2400000,0xe0000
1781162794,54.9,2400000,0xe0000
1781162795,56.0,2400000,0xe0000
1781162796,56.5,2400000,0xe0000
1781162797,56.5,2400000,0xe0000
1781162798,55.4,2400000,0xe0000
1781162799,56.5,2400000,0xe0000
1781162800,57.1,2400000,0xe0000
1781162802,56.0,2400000,0xe0000
1781162803,56.5,2400000,0xe0000
1781162804,56.5,2400000,0xe0000
1781162805,56.5,2400000,0xe0000
1781162806,56.5,2400000,0xe0000
1781162807,56.0,2400000,0xe0000
1781162808,56.0,2400000,0xe0000
1781162809,56.5,2400000,0xe0000
1781162810,56.5,2400000,0xe0000
1781162811,56.5,2400000,0xe0000
1781162812,56.5,2400000,0xe0000
1781162813,56.0,2400000,0xe0000
1781162814,56.5,2400000,0xe0000
1781162815,56.5,2400000,0xe0000
1781162816,56.5,2400000,0xe0000
1781162817,56.0,2400000,0xe0000
1781162818,56.5,2400000,0xe0000
1781162819,56.0,2400000,0xe0000
1781162820,56.5,2400000,0xe0000
1781162821,56.0,2400000,0xe0000
1781162822,56.0,2400000,0xe0000
1781162823,56.0,2400000,0xe0000
1781162824,56.5,2400000,0xe0000
1781162825,56.5,2400000,0xe0000
1781162826,56.5,2400000,0xe0000
1781162827,56.5,2400000,0xe0000
1781162828,56.5,2400000,0xe0000
1781162829,56.5,2400000,0xe0000
1781162830,56.5,2400000,0xe0000
1781162831,57.1,2400000,0xe0000
1781162833,55.4,2400000,0xe0000
1781162834,56.5,2400000,0xe0000
1781162835,56.5,2400000,0xe0000
1781162836,56.0,2400000,0xe0000
1781162837,56.5,2400000,0xe0000
1781162838,56.0,2400000,0xe0000
1781162839,56.0,2400000,0xe0000
1781162840,56.5,2400000,0xe0000
1781162841,55.4,2400000,0xe0000
1781162842,56.5,2400000,0xe0000
1781162843,57.1,2400000,0xe0000
1781162844,56.0,2400000,0xe0000
1781162845,56.5,2400000,0xe0000
1781162846,56.5,2400000,0xe0000
1781162847,56.5,2400000,0xe0000
1781162848,56.5,2400000,0xe0000
1781162849,56.5,2400000,0xe0000
1781162850,56.5,2400000,0xe0000
1781162851,56.5,2400000,0xe0000
1781162852,56.5,2400000,0xe0000
1781162853,56.0,2400000,0xe0000
1781162855,55.4,2400000,0xe0000
1781162856,56.5,2400000,0xe0000
1781162857,56.0,2400000,0xe0000
1781162858,56.0,2400000,0xe0000
1781162859,56.5,2400000,0xe0000
1781162860,56.5,2400000,0xe0000
1781162861,56.5,2400000,0xe0000
1781162862,56.0,2400000,0xe0000
1781162863,57.1,2400000,0xe0000
1781162864,56.0,2400000,0xe0000
1781162865,55.4,2400000,0xe0000
1781162866,55.4,2400000,0xe0000
1781162867,56.5,2400000,0xe0000
1781162868,56.5,2400000,0xe0000
1781162869,56.0,2400000,0xe0000
1781162870,57.1,2400000,0xe0000
1781162871,56.0,2400000,0xe0000
1781162872,56.0,2400000,0xe0000
1781162873,56.5,2400000,0xe0000
1781162874,56.0,2400000,0xe0000
1781162875,56.5,2400000,0xe0000
1781162876,54.3,2400000,0xe0000
1781162877,56.5,2400000,0xe0000
1781162878,54.9,2400000,0xe0000
1781162879,56.5,2400000,0xe0000
1781162880,55.4,2400000,0xe0000
1781162882,56.0,2400000,0xe0000
1781162883,56.5,2400000,0xe0000
1781162884,56.5,2400000,0xe0000
1781162885,56.0,2400000,0xe0000
1781162886,56.5,2400000,0xe0000
1781162887,56.5,2400000,0xe0000
1781162888,56.5,2400000,0xe0000
1781162889,56.5,2400000,0xe0000
1781162890,56.5,2400000,0xe0000
1781162891,56.5,2400000,0xe0000
1781162892,56.5,2400000,0xe0000
1781162893,56.5,2400000,0xe0000
1781162894,56.5,2400000,0xe0000
1781162895,57.1,2400000,0xe0000
1781162896,56.0,2400000,0xe0000
1781162897,56.5,2400000,0xe0000
1781162898,55.4,2400000,0xe0000
1781162899,56.5,2400000,0xe0000
1781162900,56.0,2400000,0xe0000
1781162901,56.5,2400000,0xe0000
1781162902,56.0,2400000,0xe0000
1781162903,56.5,2400000,0xe0000
1781162905,56.5,2400000,0xe0000
1781162906,56.5,2400000,0xe0000
1781162907,56.5,2400000,0xe0000
1781162908,56.5,2400000,0xe0000
1781162909,56.0,2400000,0xe0000
1781162910,56.5,2400000,0xe0000
1781162911,54.9,2400000,0xe0000
1781162912,56.5,2400000,0xe0000
1781162913,56.5,2400000,0xe0000
1781162914,56.5,2400000,0xe0000
1781162915,56.5,2400000,0xe0000
1781162916,57.1,2400000,0xe0000
1781162917,56.5,2400000,0xe0000
1781162918,56.0,2400000,0xe0000
1781162919,56.5,2400000,0xe0000
1781162920,56.0,2400000,0xe0000
1781162921,56.5,2400000,0xe0000
1781162922,56.5,2400000,0xe0000
1781162923,56.5,2400000,0xe0000
1781162924,56.5,2400000,0xe0000
1781162925,56.5,2400000,0xe0000
1781162926,56.5,2400000,0xe0000
1781162927,56.5,2400000,0xe0000
1781162928,56.0,2400000,0xe0000
1781162929,57.1,2400000,0xe0000
1781162930,56.5,2400000,0xe0000
1781162931,56.0,2400000,0xe0000
1781162932,56.5,2400000,0xe0000
1781162933,56.5,2400000,0xe0000
1781162934,56.5,2400000,0xe0000
1781162935,57.1,2400000,0xe0000
1781162937,56.0,2400000,0xe0000
1781162938,56.0,2400000,0xe0000
1781162939,56.0,2400000,0xe0000
1781162940,57.1,2400000,0xe0000
1781162941,56.5,2400000,0xe0000
1781162942,56.5,2400000,0xe0000
1781162943,55.4,2400000,0xe0000
1781162944,56.5,2400000,0xe0000
1781162945,56.0,2400000,0xe0000
1781162946,56.5,2400000,0xe0000
1781162947,57.1,2400000,0xe0000
1781162948,56.5,2400000,0xe0000
1781162949,56.0,2400000,0xe0000
1781162950,56.5,2400000,0xe0000
1781162951,56.5,2400000,0xe0000
1781162952,56.5,2400000,0xe0000
1781162953,56.5,2400000,0xe0000
1781162954,56.5,2400000,0xe0000
1781162955,56.5,2400000,0xe0000
1781162956,56.5,2400000,0xe0000
1781162957,57.1,2400000,0xe0000
1781162959,56.0,2400000,0xe0000
1781162960,56.5,2400000,0xe0000
1781162961,56.0,2400000,0xe0000
1781162962,56.5,2400000,0xe0000
1781162963,56.5,2400000,0xe0000
1781162964,56.5,2400000,0xe0000
1781162965,56.0,2400000,0xe0000
1781162966,56.5,2400000,0xe0000
1781162967,56.0,2400000,0xe0000
1781162968,56.5,2400000,0xe0000
1781162969,56.5,2400000,0xe0000
1781162970,56.5,2400000,0xe0000
1781162971,56.5,2400000,0xe0000
1781162972,57.1,2400000,0xe0000
1781162973,56.5,2400000,0xe0000
1781162974,56.0,2400000,0xe0000
1781162975,57.1,2400000,0xe0000
1781162976,56.0,2400000,0xe0000
1781162977,57.1,2400000,0xe0000
1781162978,56.5,2400000,0xe0000
1781162979,56.5,2400000,0xe0000
1781162980,56.5,2400000,0xe0000
1781162981,55.4,2400000,0xe0000
1781162982,56.0,2400000,0xe0000
1781162983,56.5,2400000,0xe0000
1781162984,56.0,2400000,0xe0000
1781162985,56.5,2400000,0xe0000
1781162987,56.5,2400000,0xe0000
1781162988,57.1,2400000,0xe0000
1781162989,56.0,2400000,0xe0000
1781162990,56.5,2400000,0xe0000
1781162991,56.5,2400000,0xe0000
1781162992,56.0,2400000,0xe0000
1781162993,56.0,2400000,0xe0000
1781162994,56.5,2400000,0xe0000
1781162995,56.0,2400000,0xe0000
1781162996,56.0,2400000,0xe0000
1781162997,56.0,2400000,0xe0000
1781162998,56.5,2400000,0xe0000
1781162999,57.1,2400000,0xe0000
1781163000,57.1,2400000,0xe0000
1781163002,56.5,2400000,0xe0000
1781163003,57.1,2400000,0xe0000
1781163004,56.5,2400000,0xe0000
1781163005,56.5,2400000,0xe0000
1781163006,56.5,2400000,0xe0000
1781163007,57.1,2400000,0xe0000
1781163008,56.0,2400000,0xe0000
1781163009,56.0,2400000,0xe0000
1781163010,56.0,2400000,0xe0000
1781163011,56.5,2400000,0xe0000
1781163012,56.5,2400000,0xe0000
1781163013,56.5,2400000,0xe0000
1781163014,56.5,2400000,0xe0000
1781163015,57.1,2400000,0xe0000
1781163016,56.5,2400000,0xe0000
1781163017,56.5,2400000,0xe0000
1781163018,57.1,2400000,0xe0000
1781163019,56.0,2400000,0xe0000
1781163021,56.5,2400000,0xe0000
1781163022,56.5,2400000,0xe0000
1781163023,56.5,2400000,0xe0000
1781163024,55.4,2400000,0xe0000
1781163025,55.4,2400000,0xe0000
1781163026,56.5,2400000,0xe0000
1781163027,56.0,2400000,0xe0000
1781163028,56.5,2400000,0xe0000
1781163029,56.0,2400000,0xe0000
1781163030,56.0,2400000,0xe0000
1781163031,56.5,2400000,0xe0000
1781163032,56.5,2400000,0xe0000
1781163033,57.1,2400000,0xe0000
1781163034,56.5,2400000,0xe0000
1781163035,56.0,2400000,0xe0000
1781163036,56.0,2400000,0xe0000
1781163037,56.0,2400000,0xe0000
1781163038,56.5,2400000,0xe0000
1781163039,56.5,2400000,0xe0000
1781163040,56.0,2400000,0xe0000
1781163041,56.5,2400000,0xe0000
1781163042,56.5,2400000,0xe0000
1781163043,56.0,2400000,0xe0000
1781163044,56.0,2400000,0xe0000
1781163045,56.0,2400000,0xe0000
1781163046,56.5,2400000,0xe0000
1781163048,56.0,2400000,0xe0000
1781163049,55.4,2400000,0xe0000
1781163050,56.5,2400000,0xe0000
1781163051,57.1,2400000,0xe0000
1781163052,56.5,2400000,0xe0000
1781163053,56.0,2400000,0xe0000
1781163054,56.5,2400000,0xe0000
1781163055,56.0,2400000,0xe0000
1781163056,56.0,2400000,0xe0000
1781163057,56.5,2400000,0xe0000
1781163058,56.5,2400000,0xe0000
1781163059,57.1,2400000,0xe0000
1781163060,56.0,2400000,0xe0000
1781163061,56.5,2400000,0xe0000
1781163062,56.5,2400000,0xe0000
1781163063,56.5,2400000,0xe0000
1781163064,56.0,2400000,0xe0000
1781163065,56.5,2400000,0xe0000
1781163066,56.5,2400000,0xe0000
1781163067,56.0,2400000,0xe0000
1781163068,57.1,2400000,0xe0000
1781163070,56.5,2400000,0xe0000
1781163071,56.5,2400000,0xe0000
1781163072,56.5,2400000,0xe0000
1781163073,56.5,2400000,0xe0000
1781163074,56.5,2400000,0xe0000
1781163075,56.5,2400000,0xe0000
1781163076,56.0,2400000,0xe0000
1781163077,56.0,2400000,0xe0000
1781163078,56.5,2400000,0xe0000
1781163079,56.0,2400000,0xe0000
1781163080,56.5,2400000,0xe0000
1781163081,56.5,2400000,0xe0000
1781163082,56.5,2400000,0xe0000
1781163083,56.0,2400000,0xe0000
1781163084,56.0,2400000,0xe0000
1781163085,56.5,2400000,0xe0000
1781163086,57.1,2400000,0xe0000
1781163087,57.1,2400000,0xe0000
1781163088,55.4,2400000,0xe0000
1781163089,56.5,2400000,0xe0000
1781163090,56.0,2400000,0xe0000
1781163091,56.5,2400000,0xe0000
1781163093,56.5,2400000,0xe0000
1781163094,56.0,2400000,0xe0000
1781163095,56.0,2400000,0xe0000
1781163096,56.5,2400000,0xe0000
1781163097,56.5,2400000,0xe0000
1781163098,57.1,2400000,0xe0000
1781163099,56.5,2400000,0xe0000
1781163100,56.5,2400000,0xe0000
1781163101,57.1,2400000,0xe0000
1781163102,57.1,2400000,0xe0000
1781163103,56.5,2400000,0xe0000
1781163104,56.5,2400000,0xe0000
1781163105,56.0,2400000,0xe0000
1781163106,56.5,2400000,0xe0000
1781163107,55.4,2400000,0xe0000
1781163108,56.5,2400000,0xe0000
1781163109,56.0,2400000,0xe0000
1781163110,57.1,2400000,0xe0000
1781163111,56.0,2400000,0xe0000
1781163112,56.5,2400000,0xe0000
1781163113,56.5,2400000,0xe0000
1781163114,56.5,2400000,0xe0000
1781163115,56.5,2400000,0xe0000
1781163116,56.5,2400000,0xe0000
1781163117,55.4,2400000,0xe0000
1781163118,56.5,2400000,0xe0000
1781163119,56.5,2400000,0xe0000
1781163120,56.5,2400000,0xe0000
1781163121,56.5,2400000,0xe0000
1781163122,56.0,2400000,0xe0000
1781163123,56.5,2400000,0xe0000
1781163125,56.5,2400000,0xe0000
1781163126,57.1,2400000,0xe0000
1781163127,56.0,2400000,0xe0000
1781163128,56.0,2400000,0xe0000
1781163129,57.1,2400000,0xe0000
1781163130,56.0,2400000,0xe0000
1781163131,56.5,2400000,0xe0000
1781163132,56.0,2400000,0xe0000
1781163133,56.0,2400000,0xe0000
1781163134,56.5,2400000,0xe0000
1781163135,56.5,2400000,0xe0000
1781163136,56.5,2400000,0xe0000
1781163137,56.5,2400000,0xe0000
1781163138,56.0,2400000,0xe0000
1781163139,56.5,2400000,0xe0000
1781163140,56.5,2400000,0xe0000
1781163141,56.5,2400000,0xe0000
1781163143,57.1,2400000,0xe0000
1781163144,55.4,2400000,0xe0000
1781163145,56.5,2400000,0xe0000
1781163146,57.1,2400000,0xe0000
1781163147,56.0,2400000,0xe0000
1781163148,55.4,2400000,0xe0000
1781163149,56.5,2400000,0xe0000
1781163150,56.5,2400000,0xe0000
1781163151,55.4,2400000,0xe0000
1781163152,56.0,2400000,0xe0000
1781163153,56.5,2400000,0xe0000
1781163154,55.4,2400000,0xe0000
1781163155,56.5,2400000,0xe0000
1781163156,56.5,2400000,0xe0000
1781163157,56.0,2400000,0xe0000
1781163158,56.5,2400000,0xe0000
1781163159,55.4,2400000,0xe0000
1781163160,57.1,2400000,0xe0000
1781163161,56.0,2400000,0xe0000
1781163162,56.5,2400000,0xe0000
1781163163,57.1,2400000,0xe0000
1781163164,56.5,2400000,0xe0000
1781163165,56.5,2400000,0xe0000
1781163166,56.5,2400000,0xe0000
1781163167,56.0,2400000,0xe0000
1781163169,56.5,2400000,0xe0000
1781163170,56.5,2400000,0xe0000
1781163171,56.0,2400000,0xe0000
1781163172,56.5,2400000,0xe0000
1781163173,56.5,2400000,0xe0000
1781163174,56.5,2400000,0xe0000
1781163175,56.5,2400000,0xe0000
1781163176,56.0,2400000,0xe0000
1781163177,56.5,2400000,0xe0000
1781163178,56.0,2400000,0xe0000
1781163179,56.0,2400000,0xe0000
1781163180,56.5,2400000,0xe0000
1781163181,55.4,2400000,0xe0000
1781163182,56.0,2400000,0xe0000
1781163183,56.0,2400000,0xe0000
1781163184,56.5,2400000,0xe0000
1781163185,56.5,2400000,0xe0000
1781163186,56.5,2400000,0xe0000
1781163187,57.1,2400000,0xe0000
1781163188,56.5,2400000,0xe0000
1781163189,56.5,2400000,0xe0000
1781163190,56.5,2400000,0xe0000
1781163191,56.5,2400000,0xe0000
1781163192,56.5,2400000,0xe0000
1781163193,56.5,2400000,0xe0000
1781163194,57.1,2400000,0xe0000
1781163195,56.5,2400000,0xe0000
1781163196,57.1,2400000,0xe0000
1781163197,56.5,2400000,0xe0000
1781163199,56.0,2400000,0xe0000
1781163200,56.5,2400000,0xe0000
1781163201,55.4,2400000,0xe0000
1781163202,56.5,2400000,0xe0000
1781163203,56.5,2400000,0xe0000
1781163204,57.1,2400000,0xe0000
1781163205,55.4,2400000,0xe0000
1781163206,56.5,2400000,0xe0000
1781163207,56.5,2400000,0xe0000
1781163208,57.1,2400000,0xe0000
1781163209,56.5,2400000,0xe0000
1781163210,56.5,2400000,0xe0000
1781163211,56.5,2400000,0xe0000
1781163212,56.5,2400000,0xe0000
1781163213,56.5,2400000,0xe0000
1781163214,57.1,2400000,0xe0000
1781163215,56.0,2400000,0xe0000
1781163216,56.5,2400000,0xe0000
1781163217,56.5,2400000,0xe0000
1781163218,56.5,2400000,0xe0000
1781163219,56.0,2400000,0xe0000
1781163220,56.5,2400000,0xe0000
1781163221,55.4,2400000,0xe0000
1781163222,55.4,2400000,0xe0000
1781163223,56.0,2400000,0xe0000
1781163224,56.5,2400000,0xe0000
1781163225,56.5,2400000,0xe0000
1781163226,56.5,2400000,0xe0000
1781163228,56.0,2400000,0xe0000
1781163229,56.0,2400000,0xe0000
1781163230,56.5,2400000,0xe0000
1781163231,56.5,2400000,0xe0000
1781163232,56.5,2400000,0xe0000
1781163233,56.5,2400000,0xe0000
1781163234,55.4,2400000,0xe0000
1781163235,57.1,2400000,0xe0000
1781163236,56.0,2400000,0xe0000
1781163237,56.0,2400000,0xe0000
1781163238,56.0,2400000,0xe0000
1781163239,56.5,2400000,0xe0000
1781163240,56.0,2400000,0xe0000
1781163241,56.5,2400000,0xe0000
1781163242,56.5,2400000,0xe0000
1781163243,56.0,2400000,0xe0000
1781163244,57.1,2400000,0xe0000
1781163245,56.0,2400000,0xe0000
1781163246,56.5,2400000,0xe0000
1781163247,56.0,2400000,0xe0000
1781163248,56.5,2400000,0xe0000
1781163249,56.5,2400000,0xe0000
1781163250,56.5,2400000,0xe0000
1781163251,57.1,2400000,0xe0000
1781163252,56.5,2400000,0xe0000
1781163253,56.5,2400000,0xe0000
1781163254,56.0,2400000,0xe0000
1781163255,56.5,2400000,0xe0000
1781163256,56.0,2400000,0xe0000
1781163258,56.5,2400000,0xe0000
1781163259,56.5,2400000,0xe0000
1781163260,56.5,2400000,0xe0000
1781163261,56.5,2400000,0xe0000
1781163262,56.5,2400000,0xe0000
1781163263,56.5,2400000,0xe0000
1781163264,56.0,2400000,0xe0000
1781163265,57.1,2400000,0xe0000
1781163266,55.4,2400000,0xe0000
1781163267,56.5,2400000,0xe0000
1781163268,56.5,2400000,0xe0000
1781163269,57.1,2400000,0xe0000
1781163270,56.5,2400000,0xe0000
1781163271,56.5,2400000,0xe0000
1781163272,56.5,2400000,0xe0000
1781163273,56.0,2400000,0xe0000
1781163274,57.1,2400000,0xe0000
1781163275,56.5,2400000,0xe0000
1781163276,57.1,2400000,0xe0000
1781163278,56.5,2400000,0xe0000
1781163279,56.0,2400000,0xe0000
1781163280,56.0,2400000,0xe0000
1781163281,57.1,2400000,0xe0000
1781163282,56.0,2400000,0xe0000
1781163283,56.0,2400000,0xe0000
1781163284,56.0,2400000,0xe0000
1781163285,56.5,2400000,0xe0000
1781163286,55.4,2400000,0xe0000
1781163287,56.5,2400000,0xe0000
1781163288,56.0,2400000,0xe0000
1781163289,56.0,2400000,0xe0000
1781163290,56.5,2400000,0xe0000
1781163291,56.0,2400000,0xe0000
1781163292,56.5,2400000,0xe0000
1781163293,57.1,2400000,0xe0000
1781163294,56.5,2400000,0xe0000
1781163295,56.5,2400000,0xe0000
1781163296,56.0,2400000,0xe0000
1781163297,56.5,2400000,0xe0000
1781163298,57.1,2400000,0xe0000
1781163299,56.0,2400000,0xe0000
1781163300,56.5,2400000,0xe0000
1781163301,56.0,2400000,0xe0000
1781163302,56.5,2400000,0xe0000
1781163303,56.5,2400000,0xe0000
1781163304,56.5,2400000,0xe0000
1781163305,56.0,2400000,0xe0000
1781163307,56.5,2400000,0xe0000
1781163308,56.0,2400000,0xe0000
1781163309,57.1,2400000,0xe0000
1781163310,56.5,2400000,0xe0000
1781163311,56.0,2400000,0xe0000
1781163312,56.5,2400000,0xe0000
1781163313,56.0,2400000,0xe0000
1781163314,56.0,2400000,0xe0000
1781163315,56.0,2400000,0xe0000
1781163316,56.0,2400000,0xe0000
1781163317,56.5,2400000,0xe0000
1781163318,56.5,2400000,0xe0000
1781163319,56.0,2400000,0xe0000
1781163320,55.4,2400000,0xe0000
1781163321,57.1,2400000,0xe0000
1781163322,56.0,2400000,0xe0000
1781163323,56.0,2400000,0xe0000
1781163324,56.5,2400000,0xe0000
1781163325,56.5,2400000,0xe0000
1781163326,56.5,2400000,0xe0000
1781163327,56.5,2400000,0xe0000
1781163328,56.0,2400000,0xe0000
1781163329,57.1,2400000,0xe0000
1781163330,56.5,2400000,0xe0000
1781163331,56.5,2400000,0xe0000
1781163332,56.5,2400000,0xe0000
1781163333,55.4,2400000,0xe0000
1781163334,56.0,2400000,0xe0000
1781163335,56.5,2400000,0xe0000
1781163337,56.5,2400000,0xe0000
1781163338,56.0,2400000,0xe0000
1781163339,56.5,2400000,0xe0000
1781163340,56.5,2400000,0xe0000
1781163341,56.5,2400000,0xe0000
1781163342,56.0,2400000,0xe0000
1781163343,56.0,2400000,0xe0000
1781163344,56.5,2400000,0xe0000
1781163345,56.5,2400000,0xe0000
1781163346,56.5,2400000,0xe0000
1781163347,56.5,2400000,0xe0000
1781163348,56.5,2400000,0xe0000
1781163349,56.5,2400000,0xe0000
1781163350,56.5,2400000,0xe0000
1781163351,56.5,2400000,0xe0000
1781163352,56.0,2400000,0xe0000
1781163353,57.1,2400000,0xe0000
1781163354,56.5,2400000,0xe0000
1781163355,56.5,2400000,0xe0000
1781163356,56.0,2400000,0xe0000
1781163357,56.0,2400000,0xe0000
1781163358,56.5,2400000,0xe0000
1781163359,56.5,2400000,0xe0000
1781163360,56.0,2400000,0xe0000
1781163361,56.5,2400000,0xe0000
1781163362,56.0,2400000,0xe0000
1781163363,56.0,2400000,0xe0000
1781163365,56.5,2400000,0xe0000
1781163366,56.0,2400000,0xe0000
1781163367,56.0,2400000,0xe0000
1781163368,55.4,2400000,0xe0000
1781163369,56.5,2400000,0xe0000
1781163370,56.0,2400000,0xe0000
1781163371,56.5,2400000,0xe0000
1781163372,56.5,2400000,0xe0000
1781163373,56.5,2400000,0xe0000
1781163374,57.1,2400000,0xe0000
1781163375,54.9,2400000,0xe0000
1781163376,56.5,2400000,0xe0000
1781163377,56.5,2400000,0xe0000
1781163378,57.1,2400000,0xe0000
1781163379,56.0,2400000,0xe0000
1781163381,56.5,2400000,0xe0000
1781163382,56.5,2400000,0xe0000
1781163383,57.1,2400000,0xe0000
1781163384,56.5,2400000,0xe0000
1781163385,56.5,2400000,0xe0000
1781163386,56.0,2400000,0xe0000
1781163387,56.5,2400000,0xe0000
1781163388,56.5,2400000,0xe0000
1781163389,55.4,2400000,0xe0000
1781163390,56.5,2400000,0xe0000
1781163391,56.5,2400000,0xe0000
1781163392,56.5,2400000,0xe0000
1781163393,55.4,2400000,0xe0000
1781163394,57.1,2400000,0xe0000
1781163395,57.1,2400000,0xe0000
1781163396,56.5,2400000,0xe0000
1781163397,56.5,2400000,0xe0000
1781163398,56.5,2400000,0xe0000
1781163399,56.0,2400000,0xe0000
1781163400,56.5,2400000,0xe0000
1781163401,56.5,2400000,0xe0000
1781163402,56.0,2400000,0xe0000
1781163403,56.0,2400000,0xe0000
1781163404,56.5,2400000,0xe0000
1781163405,56.0,2400000,0xe0000
1781163406,56.5,2400000,0xe0000
1781163407,56.5,2400000,0xe0000
1781163408,56.5,2400000,0xe0000
1781163409,56.0,2400000,0xe0000
1781163410,56.5,2400000,0xe0000
1781163411,56.5,2400000,0xe0000
1781163412,57.1,2400000,0xe0000
1781163413,56.5,2400000,0xe0000
1781163414,56.0,2400000,0xe0000
1781163416,56.5,2400000,0xe0000
1781163417,56.0,2400000,0xe0000
1781163418,56.0,2400000,0xe0000
1781163419,56.5,2400000,0xe0000
1781163420,57.1,2400000,0xe0000
1781163421,56.5,2400000,0xe0000
1781163422,56.5,2400000,0xe0000
1781163423,56.5,2400000,0xe0000
1781163424,55.4,2400000,0xe0000
1781163425,56.5,2400000,0xe0000
1781163426,56.0,2400000,0xe0000
1781163427,56.5,2400000,0xe0000
1781163428,57.1,2400000,0xe0000
1781163429,56.5,2400000,0xe0000
1781163430,56.0,2400000,0xe0000
1781163431,56.0,2400000,0xe0000
1781163432,57.1,2400000,0xe0000
1781163433,56.0,2400000,0xe0000
1781163434,56.5,2400000,0xe0000
1781163435,57.1,2400000,0xe0000
1781163436,56.5,2400000,0xe0000
1781163437,56.5,2400000,0xe0000
1781163438,56.5,2400000,0xe0000
1781163439,56.0,2400000,0xe0000
1781163440,57.1,2400000,0xe0000
1781163441,56.5,2400000,0xe0000
1781163442,56.0,2400000,0xe0000
1781163444,56.0,2400000,0xe0000
1781163445,56.5,2400000,0xe0000
1781163446,56.5,2400000,0xe0000
1781163447,56.5,2400000,0xe0000
1781163448,57.1,2400000,0xe0000
1781163449,56.5,2400000,0xe0000
1781163450,56.5,2400000,0xe0000
1781163451,55.4,2400000,0xe0000
1781163452,56.5,2400000,0xe0000
1781163453,56.0,2400000,0xe0000
1781163454,56.5,2400000,0xe0000
1781163455,56.5,2400000,0xe0000
1781163456,56.5,2400000,0xe0000
1781163457,56.5,2400000,0xe0000
1781163458,56.5,2400000,0xe0000
1781163459,57.1,2400000,0xe0000
1781163460,56.5,2400000,0xe0000
1781163461,56.5,2400000,0xe0000
1781163462,56.5,2400000,0xe0000
1781163464,56.5,2400000,0xe0000
1781163465,56.0,2400000,0xe0000
1781163466,57.1,2400000,0xe0000
1781163467,56.0,2400000,0xe0000
1781163468,56.0,2400000,0xe0000
1781163469,56.5,2400000,0xe0000
1781163470,56.0,2400000,0xe0000
1781163471,56.5,2400000,0xe0000
1781163472,56.0,2400000,0xe0000
1781163473,56.5,2400000,0xe0000
1781163474,56.5,2400000,0xe0000
1781163475,56.0,2400000,0xe0000
1781163476,56.0,2400000,0xe0000
1781163477,57.1,2400000,0xe0000
1781163478,56.5,2400000,0xe0000
1781163479,56.5,2400000,0xe0000
1781163480,55.4,2400000,0xe0000
1781163481,56.0,2400000,0xe0000
1781163482,56.0,2400000,0xe0000
1781163483,56.0,2400000,0xe0000
1781163484,55.4,2400000,0xe0000
1781163485,56.5,2400000,0xe0000
1781163486,56.5,2400000,0xe0000
1781163487,56.0,2400000,0xe0000
1781163488,56.5,2400000,0xe0000
1781163490,56.5,2400000,0xe0000
1781163491,57.1,2400000,0xe0000
1781163492,56.5,2400000,0xe0000
1781163493,56.5,2400000,0xe0000
1781163494,56.0,2400000,0xe0000
1781163495,56.5,2400000,0xe0000
1781163496,55.4,2400000,0xe0000
1781163497,56.0,2400000,0xe0000
1781163498,56.5,2400000,0xe0000
1781163499,56.5,2400000,0xe0000
1781163500,56.5,2400000,0xe0000
1781163501,56.0,2400000,0xe0000
1781163502,56.5,2400000,0xe0000
1781163503,56.5,2400000,0xe0000
1781163504,56.5,2400000,0xe0000
1781163505,56.5,2400000,0xe0000
1781163506,56.5,2400000,0xe0000
1781163507,56.5,2400000,0xe0000
1781163508,56.5,2400000,0xe0000
1781163509,56.0,2400000,0xe0000
1781163510,56.5,2400000,0xe0000
1781163511,56.5,2400000,0xe0000
1781163512,55.4,2400000,0xe0000
1781163513,56.5,2400000,0xe0000
1781163514,56.0,2400000,0xe0000
1781163515,56.5,2400000,0xe0000
1781163516,55.4,2400000,0xe0000
1781163517,56.0,2400000,0xe0000
1781163518,56.0,2400000,0xe0000
1781163520,56.5,2400000,0xe0000
1781163521,56.5,2400000,0xe0000
1781163522,56.5,2400000,0xe0000
1781163523,55.4,2400000,0xe0000
1781163524,56.0,2400000,0xe0000
1781163525,56.0,2400000,0xe0000
1781163526,56.0,2400000,0xe0000
1781163527,56.0,2400000,0xe0000
1781163528,56.0,2400000,0xe0000
1781163529,56.5,2400000,0xe0000
1781163530,56.5,2400000,0xe0000
1781163531,56.0,2400000,0xe0000
1781163532,56.5,2400000,0xe0000
1781163533,56.5,2400000,0xe0000
1781163534,56.5,2400000,0xe0000
1781163535,56.0,2400000,0xe0000
1781163536,56.5,2400000,0xe0000
1781163537,56.0,2400000,0xe0000
1781163538,56.5,2400000,0xe0000
1781163539,56.5,2400000,0xe0000
1781163540,55.4,2400000,0xe0000
1781163541,56.0,2400000,0xe0000
1781163542,56.5,2400000,0xe0000
1781163543,56.5,2400000,0xe0000
1781163544,56.0,2400000,0xe0000
1781163545,56.0,2400000,0xe0000
1781163546,56.0,2400000,0xe0000
1781163547,56.5,2400000,0xe0000
1781163548,56.5,2400000,0xe0000
1781163549,56.5,2400000,0xe0000
1781163551,56.5,2400000,0xe0000
1781163552,56.5,2400000,0xe0000
1781163553,56.5,2400000,0xe0000
1781163554,56.5,2400000,0xe0000
1781163555,56.0,2400000,0xe0000
1781163556,55.4,2400000,0xe0000
1781163557,56.5,2400000,0xe0000
1781163558,56.5,2400000,0xe0000
1781163559,56.5,2400000,0xe0000
1781163560,57.1,2400000,0xe0000
1781163561,56.0,2400000,0xe0000
1781163562,54.9,2400000,0xe0000
1781163563,56.0,2400000,0xe0000
1781163564,56.5,2400000,0xe0000
1781163565,56.5,2400000,0xe0000
1781163566,56.5,2400000,0xe0000
1781163567,56.0,2400000,0xe0000
1781163568,56.5,2400000,0xe0000
1781163569,56.5,2400000,0xe0000
1781163571,56.0,2400000,0xe0000
1781163572,56.0,2400000,0xe0000
1781163573,56.0,2400000,0xe0000
1781163574,57.1,2400000,0xe0000
1781163575,56.5,2400000,0xe0000
1781163576,56.5,2400000,0xe0000
1781163577,57.1,2400000,0xe0000
1781163578,55.4,2400000,0xe0000
1781163579,56.5,2400000,0xe0000
1781163580,56.5,2400000,0xe0000
1781163581,57.1,2400000,0xe0000
1781163582,56.5,2400000,0xe0000
1781163583,56.5,2400000,0xe0000
1781163584,57.1,2400000,0xe0000
1781163585,56.0,2400000,0xe0000
1781163586,56.5,2400000,0xe0000
1781163587,56.0,2400000,0xe0000
1781163588,56.5,2400000,0xe0000
1781163589,55.4,2400000,0xe0000
1781163590,56.0,2400000,0xe0000
1781163591,57.1,2400000,0xe0000
1781163593,56.5,2400000,0xe0000
1781163594,55.4,2400000,0xe0000
1781163595,57.1,2400000,0xe0000
1781163596,56.5,2400000,0xe0000
1781163597,56.5,2400000,0xe0000
1781163598,56.0,2400000,0xe0000
1781163599,56.5,2400000,0xe0000
1781163600,57.1,2400000,0xe0000
1781163601,56.0,2400000,0xe0000
1781163602,57.1,2400000,0xe0000
1781163603,56.5,2400000,0xe0000
1781163604,56.5,2400000,0xe0000
1781163605,56.5,2400000,0xe0000
1781163606,54.3,2400000,0xe0000
1781163607,56.5,2400000,0xe0000
1781163609,56.0,2400000,0xe0000
1781163610,56.5,2400000,0xe0000
1781163611,56.5,2400000,0xe0000
1781163612,56.0,2400000,0xe0000
1781163613,56.5,2400000,0xe0000
1781163614,56.5,2400000,0xe0000
1781163615,56.5,2400000,0xe0000
1781163616,57.1,2400000,0xe0000
1781163617,56.5,2400000,0xe0000
1781163618,56.5,2400000,0xe0000
1781163619,56.0,2400000,0xe0000
1781163620,56.5,2400000,0xe0000
1781163621,56.5,2400000,0xe0000
1781163622,56.5,2400000,0xe0000
1781163623,56.5,2400000,0xe0000
1781163624,56.0,2400000,0xe0000
1781163625,57.1,2400000,0xe0000
1781163627,56.0,2400000,0xe0000
1781163628,56.0,2400000,0xe0000
1781163629,56.5,2400000,0xe0000
1781163630,56.0,2400000,0xe0000
1781163631,56.5,2400000,0xe0000
1781163632,56.5,2400000,0xe0000
1781163633,56.5,2400000,0xe0000
1781163634,56.5,2400000,0xe0000
1781163635,56.5,2400000,0xe0000
1781163636,56.5,2400000,0xe0000
1781163637,56.5,2400000,0xe0000
1781163638,56.5,2400000,0xe0000
1781163639,56.5,2400000,0xe0000
1781163640,55.4,2400000,0xe0000
1781163641,55.4,2400000,0xe0000
1781163642,56.0,2400000,0xe0000
1781163643,56.0,2400000,0xe0000
1781163644,56.5,2400000,0xe0000
1781163645,56.0,2400000,0xe0000
1781163646,56.5,2400000,0xe0000
1781163648,56.0,2400000,0xe0000
1781163649,56.5,2400000,0xe0000
1781163650,56.5,2400000,0xe0000
1781163651,56.5,2400000,0xe0000
1781163652,57.1,2400000,0xe0000
1781163653,56.5,2400000,0xe0000
1781163654,56.5,2400000,0xe0000
1781163655,56.0,2400000,0xe0000
1781163656,55.4,2400000,0xe0000
1781163657,55.4,2400000,0xe0000
1781163658,56.0,2400000,0xe0000
1781163659,56.5,2400000,0xe0000
1781163660,56.5,2400000,0xe0000
1781163661,56.0,2400000,0xe0000
1781163662,56.5,2400000,0xe0000
1781163663,56.5,2400000,0xe0000
1781163664,56.5,2400000,0xe0000
1781163665,56.5,2400000,0xe0000
1781163666,57.1,2400000,0xe0000
1781163667,54.9,2400000,0xe0000
1781163668,57.1,2400000,0xe0000
1781163670,56.0,2400000,0xe0000
1781163671,56.5,2400000,0xe0000
1781163672,57.1,2400000,0xe0000
1781163673,56.0,2400000,0xe0000
1781163674,56.0,2400000,0xe0000
1781163675,56.0,2400000,0xe0000
1781163676,56.0,2400000,0xe0000
1781163677,56.0,2400000,0xe0000
1781163678,56.5,2400000,0xe0000
1781163679,56.0,2400000,0xe0000
1781163680,56.0,2400000,0xe0000
1781163681,56.0,2400000,0xe0000
1781163682,56.0,2400000,0xe0000
1781163683,56.0,2400000,0xe0000
1781163684,56.5,2400000,0xe0000
1781163685,56.5,2400000,0xe0000
1781163686,57.1,2400000,0xe0000
1781163687,56.5,2400000,0xe0000
1781163688,56.5,2400000,0xe0000
1781163689,56.5,2400000,0xe0000
1781163690,56.5,2400000,0xe0000
1781163691,56.0,2400000,0xe0000
1781163692,56.5,2400000,0xe0000
1781163694,56.5,2400000,0xe0000
1781163695,57.1,2400000,0xe0000
1781163696,56.5,2400000,0xe0000
1781163697,56.0,2400000,0xe0000
1781163698,56.5,2400000,0xe0000
1781163699,56.5,2400000,0xe0000
1781163700,56.0,2400000,0xe0000
1781163701,56.5,2400000,0xe0000
1781163702,54.9,2400000,0xe0000
1781163703,56.5,2400000,0xe0000
1781163704,56.0,2400000,0xe0000
1781163705,57.1,2400000,0xe0000
1781163706,56.0,2400000,0xe0000
1781163707,56.0,2400000,0xe0000
1781163708,56.0,2400000,0xe0000
1781163709,56.5,2400000,0xe0000
1781163710,56.0,2400000,0xe0000
1781163711,56.0,2400000,0xe0000
1781163712,56.0,2400000,0xe0000
1781163713,57.1,2400000,0xe0000
1781163714,56.5,2400000,0xe0000
1781163716,56.5,2400000,0xe0000
1781163717,57.1,2400000,0xe0000
1781163718,56.5,2400000,0xe0000
1781163719,56.5,2400000,0xe0000
1781163720,56.5,2400000,0xe0000
1781163721,56.5,2400000,0xe0000
1781163722,56.5,2400000,0xe0000
1781163723,56.0,2400000,0xe0000
1781163724,55.4,2400000,0xe0000
1781163725,56.0,2400000,0xe0000
1781163726,56.5,2400000,0xe0000
1781163727,56.5,2400000,0xe0000
1781163728,56.0,2400000,0xe0000
1781163729,56.5,2400000,0xe0000
1781163730,54.9,2400000,0xe0000
1781163731,56.5,2400000,0xe0000
1781163732,56.5,2400000,0xe0000
1781163733,56.5,2400000,0xe0000
1781163734,56.5,2400000,0xe0000
1781163735,57.1,2400000,0xe0000
1781163736,57.1,2400000,0xe0000
1781163737,54.9,2400000,0xe0000
1781163738,56.0,2400000,0xe0000
1781163739,56.5,2400000,0xe0000
1781163740,54.9,2400000,0xe0000
1781163741,56.5,2400000,0xe0000
1781163742,56.5,2400000,0xe0000
1781163743,56.5,2400000,0xe0000
1781163744,56.5,2400000,0xe0000
1781163745,56.5,2400000,0xe0000
1781163747,56.5,2400000,0xe0000
1781163748,56.5,2400000,0xe0000
1781163749,56.5,2400000,0xe0000
1781163750,56.5,2400000,0xe0000
1781163751,56.5,2400000,0xe0000
1781163752,54.9,2400000,0xe0000
1781163753,56.5,2400000,0xe0000
1781163754,56.5,2400000,0xe0000
1781163755,56.5,2400000,0xe0000
1781163756,57.1,2400000,0xe0000
1781163757,56.5,2400000,0xe0000
1781163758,56.5,2400000,0xe0000
1781163759,56.5,2400000,0xe0000
1781163760,57.1,2400000,0xe0000
1781163761,56.0,2400000,0xe0000
1781163762,56.5,2400000,0xe0000
1781163763,56.0,2400000,0xe0000
1781163764,56.0,2400000,0xe0000
1781163765,56.0,2400000,0xe0000
1781163766,56.0,2400000,0xe0000
1781163767,56.5,2400000,0xe0000
1781163768,56.5,2400000,0xe0000
1781163769,56.5,2400000,0xe0000
1781163771,56.0,2400000,0xe0000
1781163772,57.1,2400000,0xe0000
1781163773,56.5,2400000,0xe0000
1781163774,56.0,2400000,0xe0000
1781163775,56.5,2400000,0xe0000
1781163776,56.5,2400000,0xe0000
1781163777,55.4,2400000,0xe0000
1781163778,56.5,2400000,0xe0000
1781163779,56.0,2400000,0xe0000
1781163780,55.4,2400000,0xe0000
1781163781,56.5,2400000,0xe0000
1781163782,56.5,2400000,0xe0000
1781163783,56.5,2400000,0xe0000
1781163784,56.5,2400000,0xe0000
1781163785,56.0,2400000,0xe0000
1781163786,56.0,2400000,0xe0000
1781163787,56.0,2400000,0xe0000
1781163788,56.5,2400000,0xe0000
1781163789,56.5,2400000,0xe0000
1781163790,56.5,2400000,0xe0000
1781163791,56.0,2400000,0xe0000
1781163792,56.5,2400000,0xe0000
1781163793,56.0,2400000,0xe0000
1781163794,56.5,2400000,0xe0000
1781163795,56.0,2400000,0xe0000
1781163796,56.0,2400000,0xe0000
1781163797,56.5,2400000,0xe0000
1781163798,56.5,2400000,0xe0000
1781163799,57.1,2400000,0xe0000
1781163800,56.0,2400000,0xe0000
1781163801,56.0,2400000,0xe0000
1781163802,56.0,2400000,0xe0000
1781163803,56.0,2400000,0xe0000
1781163805,56.5,2400000,0xe0000
1781163806,56.5,2400000,0xe0000
1781163807,56.5,2400000,0xe0000
1781163808,56.0,2400000,0xe0000
1781163809,56.5,2400000,0xe0000
1781163810,56.5,2400000,0xe0000
1781163811,56.5,2400000,0xe0000
1781163812,56.5,2400000,0xe0000
1781163813,56.5,2400000,0xe0000
1781163814,56.5,2400000,0xe0000
1781163815,56.5,2400000,0xe0000
1781163816,56.5,2400000,0xe0000
1781163817,55.4,2400000,0xe0000
1781163818,56.0,2400000,0xe0000
1781163819,56.5,2400000,0xe0000
1781163820,56.5,2400000,0xe0000
1781163821,56.5,2400000,0xe0000
1781163822,56.5,2400000,0xe0000
1781163823,56.5,2400000,0xe0000
1781163825,56.5,2400000,0xe0000
1781163826,56.5,2400000,0xe0000
1781163827,56.5,2400000,0xe0000
1781163828,56.0,2400000,0xe0000
1781163829,56.0,2400000,0xe0000
1781163830,57.1,2400000,0xe0000
1781163831,56.0,2400000,0xe0000
1781163832,56.0,2400000,0xe0000
1781163833,56.5,2400000,0xe0000
1781163834,55.4,2400000,0xe0000
1781163835,56.5,2400000,0xe0000
1781163836,56.0,2400000,0xe0000
1781163837,56.5,2400000,0xe0000
1781163838,56.5,2400000,0xe0000
1781163839,56.0,2400000,0xe0000
1781163840,57.1,2400000,0xe0000
1781163841,56.5,2400000,0xe0000
1781163842,56.5,2400000,0xe0000
1781163843,56.5,2400000,0xe0000
1781163844,56.0,2400000,0xe0000
1781163845,56.0,2400000,0xe0000
1781163847,56.5,2400000,0xe0000
1781163848,56.5,2400000,0xe0000
1781163849,56.5,2400000,0xe0000
1781163850,56.5,2400000,0xe0000
1781163851,56.0,2400000,0xe0000
1781163852,56.5,2400000,0xe0000
1781163853,56.0,2400000,0xe0000
1781163854,56.5,2400000,0xe0000
1781163855,56.0,2400000,0xe0000
1781163856,56.0,2400000,0xe0000
1781163857,56.5,2400000,0xe0000
1781163858,57.1,2400000,0xe0000
1781163859,56.5,2400000,0xe0000
1781163860,57.1,2400000,0xe0000
1781163861,54.9,2400000,0xe0000
1781163862,56.0,2400000,0xe0000
1781163863,56.0,2400000,0xe0000
1781163864,56.0,2400000,0xe0000
1781163865,56.5,2400000,0xe0000
1781163866,55.4,2400000,0xe0000
1781163868,56.0,2400000,0xe0000
1781163869,56.5,2400000,0xe0000
1781163870,56.5,2400000,0xe0000
1781163871,56.5,2400000,0xe0000
1781163872,56.5,2400000,0xe0000
1781163873,56.5,2400000,0xe0000
1781163874,57.1,2400000,0xe0000
1781163875,56.5,2400000,0xe0000
1781163876,56.0,2400000,0xe0000
1781163877,56.5,2400000,0xe0000
1781163878,56.5,2400000,0xe0000
1781163879,56.5,2400000,0xe0000
1781163880,56.5,2400000,0xe0000
1781163881,56.5,2400000,0xe0000
1781163882,56.5,2400000,0xe0000
1781163883,56.0,2400000,0xe0000
1781163884,56.0,2400000,0xe0000
1781163886,56.5,2400000,0xe0000
1781163887,57.1,2400000,0xe0000
1781163888,57.1,2400000,0xe0000
1781163889,55.4,2400000,0xe0000
1781163890,55.4,2400000,0xe0000
1781163891,56.0,2400000,0xe0000
1781163892,56.5,2400000,0xe0000
1781163893,56.5,2400000,0xe0000
1781163894,56.5,2400000,0xe0000
1781163895,56.5,2400000,0xe0000
1781163896,56.5,2400000,0xe0000
1781163897,56.0,2400000,0xe0000
1781163898,56.0,2400000,0xe0000
1781163899,56.5,2400000,0xe0000
1781163900,56.0,2400000,0xe0000
1781163901,55.4,2400000,0xe0000
1781163902,55.4,2400000,0xe0000
1781163903,56.0,2400000,0xe0000
1781163904,56.0,2400000,0xe0000
1781163905,56.5,2400000,0xe0000
1781163906,56.5,2400000,0xe0000
1781163907,56.5,2400000,0xe0000
1781163908,56.5,2400000,0xe0000
1781163909,56.5,2400000,0xe0000
1781163910,56.5,2400000,0xe0000
1781163912,56.5,2400000,0xe0000
1781163913,56.5,2400000,0xe0000
1781163914,56.0,2400000,0xe0000
1781163915,56.5,2400000,0xe0000
1781163916,56.5,2400000,0xe0000
1781163917,56.5,2400000,0xe0000
1781163918,56.5,2400000,0xe0000
1781163919,56.5,2400000,0xe0000
1781163920,56.5,2400000,0xe0000
1781163921,56.0,2400000,0xe0000
1781163922,56.5,2400000,0xe0000
1781163923,56.0,2400000,0xe0000
1781163924,54.9,2400000,0xe0000
1781163925,56.0,2400000,0xe0000
1781163926,56.0,2400000,0xe0000
1781163927,56.0,2400000,0xe0000
1781163928,56.5,2400000,0xe0000
1781163929,55.4,2400000,0xe0000
1781163930,55.4,2400000,0xe0000
1781163931,56.5,2400000,0xe0000
1781163932,56.0,2400000,0xe0000
1781163933,56.0,2400000,0xe0000
1781163934,56.5,2400000,0xe0000
1781163935,56.5,2400000,0xe0000
1781163936,56.5,2400000,0xe0000
1781163937,57.1,2400000,0xe0000
1781163938,55.4,2400000,0xe0000
1781163939,56.5,2400000,0xe0000
1781163940,56.5,2400000,0xe0000
1781163941,57.1,2400000,0xe0000
1781163942,56.0,2400000,0xe0000
1781163944,56.0,2400000,0xe0000
1781163945,56.5,2400000,0xe0000
1781163946,56.0,2400000,0xe0000
1781163947,56.5,2400000,0xe0000
1781163948,56.5,2400000,0xe0000
1781163949,56.5,2400000,0xe0000
1781163950,56.0,2400000,0xe0000
1781163951,57.1,2400000,0xe0000
1781163952,56.5,2400000,0xe0000
1781163953,56.0,2400000,0xe0000
1781163954,56.5,2400000,0xe0000
1781163955,56.5,2400000,0xe0000
1781163956,56.0,2400000,0xe0000
1781163957,56.5,2400000,0xe0000
1781163958,57.1,2400000,0xe0000
1781163959,57.1,2400000,0xe0000
1781163960,56.0,2400000,0xe0000
1781163961,56.5,2400000,0xe0000
1781163962,56.0,2400000,0xe0000
1781163963,56.0,2400000,0xe0000
1781163964,56.0,2400000,0xe0000
1781163965,56.5,2400000,0xe0000
1781163966,55.4,2400000,0xe0000
1781163967,56.0,2400000,0xe0000
1781163968,56.5,2400000,0xe0000
1781163969,56.0,2400000,0xe0000
1781163970,56.5,2400000,0xe0000
1781163971,56.5,2400000,0xe0000
1781163973,56.0,2400000,0xe0000
1781163974,56.0,2400000,0xe0000
1781163975,55.4,2400000,0xe0000
1781163976,56.5,2400000,0xe0000
1781163977,57.1,2400000,0xe0000
1781163978,56.0,2400000,0xe0000
1781163979,56.5,2400000,0xe0000
1781163980,56.0,2400000,0xe0000
1781163981,56.5,2400000,0xe0000
1781163982,56.0,2400000,0xe0000
1781163983,56.5,2400000,0xe0000
1781163984,56.0,2400000,0xe0000
1781163985,57.1,2400000,0xe0000
1781163986,56.0,2400000,0xe0000
1781163987,56.5,2400000,0xe0000
1781163988,56.0,2400000,0xe0000
1781163989,56.5,2400000,0xe0000
1781163991,56.5,2400000,0xe0000
1781163992,56.5,2400000,0xe0000
1781163993,56.5,2400000,0xe0000
1781163994,56.5,2400000,0xe0000
1781163995,56.5,2400000,0xe0000
1781163996,57.1,2400000,0xe0000
1781163997,56.5,2400000,0xe0000
1781163998,56.0,2400000,0xe0000
1781163999,54.9,2400000,0xe0000
1781164000,55.4,2400000,0xe0000
1781164001,56.0,2400000,0xe0000
1781164002,56.5,2400000,0xe0000
1781164003,56.5,2400000,0xe0000
1781164004,56.5,2400000,0xe0000
1781164005,56.0,2400000,0xe0000
1781164006,56.5,2400000,0xe0000
1781164007,56.5,2400000,0xe0000
1781164008,56.5,2400000,0xe0000
1781164009,57.1,2400000,0xe0000
1781164010,57.1,2400000,0xe0000
1781164011,56.5,2400000,0xe0000
1781164012,55.4,2400000,0xe0000
1781164014,56.5,2400000,0xe0000
1781164015,56.5,2400000,0xe0000
1781164016,56.5,2400000,0xe0000
1781164017,56.5,2400000,0xe0000
1781164018,56.0,2400000,0xe0000
1781164019,57.1,2400000,0xe0000
1781164020,54.3,2400000,0xe0000
1781164021,56.5,2400000,0xe0000
1781164022,56.0,2400000,0xe0000
1781164023,56.0,2400000,0xe0000
1781164024,56.0,2400000,0xe0000
1781164025,56.5,2400000,0xe0000
1781164026,56.0,2400000,0xe0000
1781164027,56.5,2400000,0xe0000
1781164028,56.0,2400000,0xe0000
1781164029,56.5,2400000,0xe0000
1781164030,56.5,2400000,0xe0000
1781164031,56.0,2400000,0xe0000
1781164033,55.4,2400000,0xe0000
1781164034,56.0,2400000,0xe0000
1781164035,56.5,2400000,0xe0000
1781164036,56.5,2400000,0xe0000
1781164037,56.5,2400000,0xe0000
1781164038,56.5,2400000,0xe0000
1781164039,57.1,2400000,0xe0000
1781164040,57.1,2400000,0xe0000
1781164041,56.5,2400000,0xe0000
1781164042,56.5,2400000,0xe0000
1781164043,56.0,2400000,0xe0000
1781164044,56.5,2400000,0xe0000
1781164045,56.0,2400000,0xe0000
1781164046,56.5,2400000,0xe0000
1781164047,56.0,2400000,0xe0000
1781164048,56.0,2400000,0xe0000
1781164049,56.5,2400000,0xe0000
1781164050,56.5,2400000,0xe0000
1781164051,56.0,2400000,0xe0000
1781164053,56.5,2400000,0xe0000
1781164054,56.5,2400000,0xe0000
1781164055,56.5,2400000,0xe0000
1781164056,56.0,2400000,0xe0000
1781164057,56.5,2400000,0xe0000
1781164058,56.5,2400000,0xe0000
1781164059,56.5,2400000,0xe0000
1781164060,56.5,2400000,0xe0000
1781164061,56.0,2400000,0xe0000
1781164062,56.0,2400000,0xe0000
1781164063,57.1,2400000,0xe0000
1781164064,56.5,2400000,0xe0000
1781164065,56.5,2400000,0xe0000
1781164066,56.5,2400000,0xe0000
1781164067,56.0,2400000,0xe0000
1781164068,56.5,2400000,0xe0000
1781164069,56.5,2400000,0xe0000
1781164070,56.5,2400000,0xe0000
1781164071,55.4,2400000,0xe0000
1781164072,56.0,2400000,0xe0000
1781164073,56.0,2400000,0xe0000
1781164074,56.5,2400000,0xe0000
1781164075,56.0,2400000,0xe0000
1781164076,56.0,2400000,0xe0000
1781164078,56.5,2400000,0xe0000
1781164079,56.0,2400000,0xe0000
1781164080,56.5,2400000,0xe0000
1781164081,56.0,2400000,0xe0000
1781164082,56.5,2400000,0xe0000
1781164083,56.5,2400000,0xe0000
1781164084,56.0,2400000,0xe0000
1781164085,57.1,2400000,0xe0000
1781164086,56.0,2400000,0xe0000
1781164087,56.0,2400000,0xe0000
1781164088,56.5,2400000,0xe0000
1781164089,56.5,2400000,0xe0000
1781164090,56.0,2400000,0xe0000
1781164091,56.5,2400000,0xe0000
1781164092,56.0,2400000,0xe0000
1781164093,56.5,2400000,0xe0000
1781164094,56.5,2400000,0xe0000
1781164095,55.4,2400000,0xe0000
1781164096,56.0,2400000,0xe0000
1781164097,56.5,2400000,0xe0000
1781164098,56.5,2400000,0xe0000
1781164099,55.4,2400000,0xe0000
1781164101,56.5,2400000,0xe0000
1781164102,56.5,2400000,0xe0000
1781164103,56.5,2400000,0xe0000
1781164104,56.0,2400000,0xe0000
1781164105,56.5,2400000,0xe0000
1781164106,55.4,2400000,0xe0000
1781164107,56.0,2400000,0xe0000
1781164108,56.0,2400000,0xe0000
1781164109,55.4,2400000,0xe0000
1781164110,56.0,2400000,0xe0000
1781164111,56.5,2400000,0xe0000
1781164112,56.5,2400000,0xe0000
1781164113,56.5,2400000,0xe0000
1781164114,56.0,2400000,0xe0000
1781164115,56.5,2400000,0xe0000
1781164116,56.5,2400000,0xe0000
1781164117,56.0,2400000,0xe0000
1781164118,56.5,2400000,0xe0000
1781164119,56.0,2400000,0xe0000
1781164120,56.5,2400000,0xe0000
1781164121,56.5,2400000,0xe0000
1781164122,56.5,2400000,0xe0000
1781164123,56.0,2400000,0xe0000
1781164124,56.5,2400000,0xe0000
1781164125,56.0,2400000,0xe0000
1781164126,56.5,2400000,0xe0000
1781164128,55.4,2400000,0xe0000
1781164129,56.5,2400000,0xe0000
1781164130,55.4,2400000,0xe0000
1781164131,56.5,2400000,0xe0000
1781164132,55.4,2400000,0xe0000
1781164133,56.0,2400000,0xe0000
1781164134,56.0,2400000,0xe0000
1781164135,56.5,2400000,0xe0000
1781164136,56.0,2400000,0xe0000
1781164137,56.5,2400000,0xe0000
1781164138,56.0,2400000,0xe0000
1781164139,56.0,2400000,0xe0000
1781164140,56.5,2400000,0xe0000
1781164141,56.5,2400000,0xe0000
1781164142,56.0,2400000,0xe0000
1781164143,56.5,2400000,0xe0000
1781164144,56.0,2400000,0xe0000
1781164145,55.4,2400000,0xe0000
1781164146,56.5,2400000,0xe0000
1781164147,56.5,2400000,0xe0000
1781164148,56.5,2400000,0xe0000
1781164149,56.0,2400000,0xe0000
1781164150,56.5,2400000,0xe0000
1781164151,56.5,2400000,0xe0000
1781164152,56.5,2400000,0xe0000
1781164153,56.5,2400000,0xe0000
1781164154,56.0,2400000,0xe0000
1781164156,56.5,2400000,0xe0000
1781164157,56.0,2400000,0xe0000
1781164158,56.5,2400000,0xe0000
1781164159,56.5,2400000,0xe0000
1781164160,56.0,2400000,0xe0000
1781164161,56.5,2400000,0xe0000
1781164162,56.0,2400000,0xe0000
1781164163,54.9,2400000,0xe0000
1781164164,56.5,2400000,0xe0000
1781164165,56.0,2400000,0xe0000
1781164166,55.4,2400000,0xe0000
1781164167,56.0,2400000,0xe0000
1781164168,56.0,2400000,0xe0000
1781164169,56.0,2400000,0xe0000
1781164170,56.0,2400000,0xe0000
1781164171,56.0,2400000,0xe0000
1781164172,56.5,2400000,0xe0000
1781164173,56.0,2400000,0xe0000
1781164175,56.0,2400000,0xe0000
1781164176,56.0,2400000,0xe0000
1781164177,56.5,2400000,0xe0000
1781164178,56.5,2400000,0xe0000
1781164179,56.5,2400000,0xe0000
1781164180,55.4,2400000,0xe0000
1781164181,57.1,2400000,0xe0000
1781164182,56.5,2400000,0xe0000
1781164183,56.0,2400000,0xe0000
1781164184,56.0,2400000,0xe0000
1781164185,56.0,2400000,0xe0000
1781164186,56.5,2400000,0xe0000
1781164187,56.0,2400000,0xe0000
1781164188,56.5,2400000,0xe0000
1781164189,56.0,2400000,0xe0000
1781164190,56.5,2400000,0xe0000
1781164191,55.4,2400000,0xe0000
1781164192,56.5,2400000,0xe0000
1781164193,55.4,2400000,0xe0000
1781164195,56.5,2400000,0xe0000
1781164196,56.0,2400000,0xe0000
1781164197,56.0,2400000,0xe0000
1781164198,55.4,2400000,0xe0000
1781164199,56.5,2400000,0xe0000
1781164200,56.5,2400000,0xe0000
1781164201,56.5,2400000,0xe0000
1781164202,56.0,2400000,0xe0000
1781164203,56.5,2400000,0xe0000
1781164204,56.5,2400000,0xe0000
1781164205,56.0,2400000,0xe0000
1781164206,56.5,2400000,0xe0000
1781164207,56.0,2400000,0xe0000
1781164208,55.4,2400000,0xe0000
1781164209,56.0,2400000,0xe0000
1781164210,56.0,2400000,0xe0000
1781164211,56.5,2400000,0xe0000
1781164212,55.4,2400000,0xe0000
1781164213,56.5,2400000,0xe0000
1781164215,55.4,2400000,0xe0000
1781164216,54.9,2400000,0xe0000
1781164217,56.0,2400000,0xe0000
1781164218,54.3,2400000,0xe0000
1781164219,55.4,2400000,0xe0000
1781164220,56.5,2400000,0xe0000
1781164221,54.3,2400000,0xe0000
1781164222,56.0,2400000,0xe0000
1781164223,56.5,2400000,0xe0000
1781164224,56.0,2400000,0xe0000
1781164225,56.0,2400000,0xe0000
1781164226,56.0,2400000,0xe0000
1781164227,56.0,2400000,0xe0000
1781164228,56.0,2400000,0xe0000
1781164229,56.5,2400000,0xe0000
1781164230,56.5,2400000,0xe0000
1781164231,56.0,2400000,0xe0000
1781164232,56.0,2400000,0xe0000
1781164233,55.4,2400000,0xe0000
1781164234,56.0,2400000,0xe0000
1781164235,56.0,2400000,0xe0000
1781164236,54.9,2400000,0xe0000
1781164237,55.4,2400000,0xe0000
1781164238,56.0,2400000,0xe0000
1781164239,56.0,2400000,0xe0000
1781164240,56.0,2400000,0xe0000
1781164242,56.5,2400000,0xe0000
1781164243,56.0,2400000,0xe0000
1781164244,56.5,2400000,0xe0000
1781164245,55.4,2400000,0xe0000
1781164246,55.4,2400000,0xe0000
1781164247,56.5,2400000,0xe0000
1781164248,56.5,2400000,0xe0000
1781164249,56.0,2400000,0xe0000
1781164250,56.0,2400000,0xe0000
1781164251,56.0,2400000,0xe0000
1781164252,56.5,2400000,0xe0000
1781164253,55.4,2400000,0xe0000
1781164254,56.5,2400000,0xe0000
1781164255,56.5,2400000,0xe0000
1781164256,56.0,2400000,0xe0000
1781164257,56.5,2400000,0xe0000
1781164258,56.0,2400000,0xe0000
1781164259,55.4,2400000,0xe0000
1781164260,56.0,2400000,0xe0000
1781164261,56.0,2400000,0xe0000
1781164262,56.5,2400000,0xe0000
1781164263,56.5,2400000,0xe0000
1781164264,56.5,2400000,0xe0000
1781164265,56.0,2400000,0xe0000
1781164267,55.4,2400000,0xe0000
1781164268,56.0,2400000,0xe0000
1781164269,56.0,2400000,0xe0000
1781164270,56.0,2400000,0xe0000
1781164271,56.0,2400000,0xe0000
1781164272,56.5,2400000,0xe0000
1781164273,54.9,2400000,0xe0000
1781164274,56.0,2400000,0xe0000
1781164275,56.5,2400000,0xe0000
1781164276,56.0,2400000,0xe0000
1781164277,56.0,2400000,0xe0000
1781164278,55.4,2400000,0xe0000
1781164279,56.0,2400000,0xe0000
1781164280,56.0,2400000,0xe0000
1781164281,55.4,2400000,0xe0000
1781164282,56.5,2400000,0xe0000
1781164283,55.4,2400000,0xe0000
1781164284,55.4,2400000,0xe0000
1781164286,56.5,2400000,0xe0000
1781164287,55.4,2400000,0xe0000
1781164288,56.0,2400000,0xe0000
1781164289,56.0,2400000,0xe0000
1781164290,56.0,2400000,0xe0000
1781164291,55.4,2400000,0xe0000
1781164292,56.0,2400000,0xe0000
1781164293,56.0,2400000,0xe0000
1781164294,56.0,2400000,0xe0000
1781164295,56.0,2400000,0xe0000
1781164296,56.0,2400000,0xe0000
1781164297,56.0,2400000,0xe0000
1781164298,55.4,2400000,0xe0000
1781164299,56.0,2400000,0xe0000
1781164300,56.0,2400000,0xe0000
1781164301,55.4,2400000,0xe0000
1781164302,56.0,2400000,0xe0000
1781164303,56.5,2400000,0xe0000
1781164304,56.0,2400000,0xe0000
1781164305,56.0,2400000,0xe0000
1781164306,56.0,2400000,0xe0000
1781164307,56.0,2400000,0xe0000
1781164308,56.5,2400000,0xe0000
1781164309,56.5,2400000,0xe0000
1781164310,56.0,2400000,0xe0000
1781164311,56.0,2400000,0xe0000
1781164312,56.0,2400000,0xe0000
1781164314,56.0,2400000,0xe0000
1781164315,56.0,2400000,0xe0000
1781164316,56.0,2400000,0xe0000
1781164317,54.9,2400000,0xe0000
1781164318,55.4,2400000,0xe0000
1781164319,56.0,2400000,0xe0000
1781164320,55.4,2400000,0xe0000
1781164321,56.0,2400000,0xe0000
1781164322,56.0,2400000,0xe0000
1781164323,56.5,2400000,0xe0000
1781164324,56.5,2400000,0xe0000
1781164325,55.4,2400000,0xe0000
1781164326,56.0,2400000,0xe0000
1781164327,56.0,2400000,0xe0000
1781164328,56.0,2400000,0xe0000
1781164329,56.0,2400000,0xe0000
1781164330,56.0,2400000,0xe0000
1781164331,56.0,2400000,0xe0000
1781164332,56.5,2400000,0xe0000
1781164334,54.3,2400000,0xe0000
1781164335,56.0,2400000,0xe0000
1781164336,56.0,2400000,0xe0000
1781164337,56.0,2400000,0xe0000
1781164338,55.4,2400000,0xe0000
1781164339,56.0,2400000,0xe0000
1781164340,55.4,2400000,0xe0000
1781164341,56.5,2400000,0xe0000
1781164342,56.0,2400000,0xe0000
1781164343,56.0,2400000,0xe0000
1781164344,56.0,2400000,0xe0000
1781164345,54.9,2400000,0xe0000
1781164346,56.0,2400000,0xe0000
1781164347,56.0,2400000,0xe0000
1781164348,56.0,2400000,0xe0000
1781164349,56.5,2400000,0xe0000
1781164350,56.5,2400000,0xe0000
1781164351,55.4,2400000,0xe0000
1781164352,54.9,2400000,0xe0000
1781164353,56.0,2400000,0xe0000
1781164354,56.5,2400000,0xe0000
1781164356,56.0,2400000,0xe0000
1781164357,55.4,2400000,0xe0000
1781164358,56.5,2400000,0xe0000
1781164359,56.5,2400000,0xe0000
1781164360,55.4,2400000,0xe0000
1781164361,56.0,2400000,0xe0000
1781164362,56.0,2400000,0xe0000
1781164363,56.0,2400000,0xe0000
1781164364,56.0,2400000,0xe0000
1781164365,56.0,2400000,0xe0000
1781164366,56.0,2400000,0xe0000
1781164367,55.4,2400000,0xe0000
1781164368,56.0,2400000,0xe0000
1781164369,54.9,2400000,0xe0000
1781164370,55.4,2400000,0xe0000
1781164371,56.0,2400000,0xe0000
1781164372,56.0,2400000,0xe0000
1781164373,56.0,2400000,0xe0000
1781164374,56.0,2400000,0xe0000
1781164375,55.4,2400000,0xe0000
1781164376,56.5,2400000,0xe0000
1781164377,56.0,2400000,0xe0000
1781164379,56.0,2400000,0xe0000
1781164380,56.5,2400000,0xe0000
1781164381,56.0,2400000,0xe0000
1781164382,56.0,2400000,0xe0000
1781164383,56.0,2400000,0xe0000
1781164384,56.0,2400000,0xe0000
1781164385,56.5,2400000,0xe0000
1781164386,55.4,2400000,0xe0000
1781164387,56.0,2400000,0xe0000
1781164388,54.9,2400000,0xe0000
1781164389,56.0,2400000,0xe0000
1781164390,55.4,2400000,0xe0000
1781164391,55.4,2400000,0xe0000
1781164392,56.0,2400000,0xe0000
1781164393,56.0,2400000,0xe0000
1781164394,56.0,2400000,0xe0000
1781164395,56.0,2400000,0xe0000
1781164396,55.4,2400000,0xe0000
1781164397,56.0,2400000,0xe0000
1781164398,55.4,2400000,0xe0000
1781164399,56.0,2400000,0xe0000
1781164400,56.0,2400000,0xe0000
1781164401,56.0,2400000,0xe0000
1781164402,56.0,2400000,0xe0000
1781164403,55.4,2400000,0xe0000
1781164404,55.4,2400000,0xe0000
1781164406,56.0,2400000,0xe0000
1781164407,56.0,2400000,0xe0000
1781164408,56.0,2400000,0xe0000
1781164409,56.0,2400000,0xe0000
1781164410,56.0,2400000,0xe0000
1781164411,56.0,2400000,0xe0000
1781164412,56.5,2400000,0xe0000
1781164413,55.4,2400000,0xe0000
1781164414,54.9,2400000,0xe0000
1781164415,55.4,2400000,0xe0000
1781164416,55.4,2400000,0xe0000
1781164417,55.4,2400000,0xe0000
1781164418,56.0,2400000,0xe0000
1781164419,56.5,2400000,0xe0000
1781164420,55.4,2400000,0xe0000
1781164421,56.0,2400000,0xe0000
1781164422,55.4,2400000,0xe0000
1781164423,56.0,2400000,0xe0000
1781164424,56.0,2400000,0xe0000
1781164425,55.4,2400000,0xe0000
1781164427,55.4,2400000,0xe0000
1781164428,55.4,2400000,0xe0000
1781164429,56.5,2400000,0xe0000
1781164430,55.4,2400000,0xe0000
1781164431,56.0,2400000,0xe0000
1781164432,56.5,2400000,0xe0000
1781164433,56.5,2400000,0xe0000
1781164434,55.4,2400000,0xe0000
1781164435,55.4,2400000,0xe0000
1781164436,56.0,2400000,0xe0000
1781164437,55.4,2400000,0xe0000
1781164438,56.0,2400000,0xe0000
1781164439,55.4,2400000,0xe0000
1781164440,56.0,2400000,0xe0000
1781164441,55.4,2400000,0xe0000
1781164442,55.4,2400000,0xe0000
1781164443,55.4,2400000,0xe0000
1781164444,56.0,2400000,0xe0000
1781164446,54.9,2400000,0xe0000
1781164447,54.9,2400000,0xe0000
1781164448,54.9,2400000,0xe0000
1781164449,56.0,2400000,0xe0000
1781164450,55.4,2400000,0xe0000
1781164451,56.0,2400000,0xe0000
1781164452,54.9,2400000,0xe0000
1781164453,56.0,2400000,0xe0000
1781164454,55.4,2400000,0xe0000
1781164455,54.9,2400000,0xe0000
1781164456,55.4,2400000,0xe0000
1781164457,56.0,2400000,0xe0000
1781164458,56.5,2400000,0xe0000
1781164459,55.4,2400000,0xe0000
1781164460,55.4,2400000,0xe0000
1781164461,56.0,2400000,0xe0000
1781164462,56.0,2400000,0xe0000
1781164463,56.0,2400000,0xe0000
1781164464,56.0,2400000,0xe0000
1781164465,55.4,2400000,0xe0000
1781164466,56.5,2400000,0xe0000
1781164467,55.4,2400000,0xe0000
1781164468,55.4,2400000,0xe0000
1781164469,56.0,2400000,0xe0000
1781164470,56.5,2400000,0xe0000
1781164471,55.4,2400000,0xe0000
1781164472,56.0,2400000,0xe0000
1781164474,56.0,2400000,0xe0000
1781164475,56.0,2400000,0xe0000
1781164476,56.0,2400000,0xe0000
1781164477,56.5,2400000,0xe0000
1781164478,56.0,2400000,0xe0000
1781164479,55.4,2400000,0xe0000
1781164480,55.4,2400000,0xe0000
1781164481,55.4,2400000,0xe0000
1781164482,56.5,2400000,0xe0000
1781164483,56.0,2400000,0xe0000
1781164484,56.5,2400000,0xe0000
1781164485,56.5,2400000,0xe0000
1781164486,55.4,2400000,0xe0000
1781164487,56.0,2400000,0xe0000
1781164488,55.4,2400000,0xe0000
1781164489,56.0,2400000,0xe0000
1781164490,56.0,2400000,0xe0000
1781164491,56.0,2400000,0xe0000
1781164492,55.4,2400000,0xe0000
1781164493,55.4,2400000,0xe0000
1781164494,55.4,2400000,0xe0000
1781164495,56.0,2400000,0xe0000
1781164496,56.0,2400000,0xe0000
1781164497,56.0,2400000,0xe0000
1781164499,55.4,2400000,0xe0000
1781164500,56.0,2400000,0xe0000
1781164501,56.0,2400000,0xe0000
1781164502,56.0,2400000,0xe0000
1781164503,55.4,2400000,0xe0000
1781164504,55.4,2400000,0xe0000
1781164505,55.4,2400000,0xe0000
1781164506,55.4,2400000,0xe0000
1781164507,55.4,2400000,0xe0000
1781164508,56.0,2400000,0xe0000
1781164509,56.0,2400000,0xe0000
1781164510,56.0,2400000,0xe0000
1781164511,55.4,2400000,0xe0000
1781164512,55.4,2400000,0xe0000
1781164513,56.5,2400000,0xe0000
1781164514,56.0,2400000,0xe0000
1781164515,56.5,2400000,0xe0000
1781164516,55.4,2400000,0xe0000
1781164517,56.0,2400000,0xe0000
1781164518,54.9,2400000,0xe0000
1781164519,55.4,2400000,0xe0000
1781164520,56.0,2400000,0xe0000
1781164522,56.0,2400000,0xe0000
1781164523,56.0,2400000,0xe0000
1781164524,56.5,2400000,0xe0000
1781164525,55.4,2400000,0xe0000
1781164526,55.4,2400000,0xe0000
1781164527,55.4,2400000,0xe0000
1781164528,55.4,2400000,0xe0000
1781164529,56.5,2400000,0xe0000
1781164530,56.5,2400000,0xe0000
1781164531,55.4,2400000,0xe0000
1781164532,56.0,2400000,0xe0000
1781164533,55.4,2400000,0xe0000
1781164534,56.0,2400000,0xe0000
1781164535,55.4,2400000,0xe0000
1781164536,55.4,2400000,0xe0000
1781164537,56.0,2400000,0xe0000
1781164538,56.0,2400000,0xe0000
1781164539,56.0,2400000,0xe0000
1781164540,56.5,2400000,0xe0000
1781164541,54.9,2400000,0xe0000
1781164542,55.4,2400000,0xe0000
1781164543,56.0,2400000,0xe0000
1781164544,56.5,2400000,0xe0000
1781164545,55.4,2400000,0xe0000
1781164546,56.0,2400000,0xe0000
1781164547,56.0,2400000,0xe0000
1781164548,55.4,2400000,0xe0000
1781164549,56.5,2400000,0xe0000
1781164550,55.4,2400000,0xe0000
1781164551,54.9,2400000,0xe0000
1781164552,55.4,2400000,0xe0000
1781164553,56.0,2400000,0xe0000
1781164554,56.0,2400000,0xe0000
1781164556,56.0,2400000,0xe0000
1781164557,54.9,2400000,0xe0000
1781164558,56.0,2400000,0xe0000
1781164559,56.0,2400000,0xe0000
1781164560,56.5,2400000,0xe0000
1781164561,56.0,2400000,0xe0000
1781164562,55.4,2400000,0xe0000
1781164563,55.4,2400000,0xe0000
1781164564,56.5,2400000,0xe0000
1781164565,56.0,2400000,0xe0000
1781164566,54.9,2400000,0xe0000
1781164567,56.0,2400000,0xe0000
1781164568,55.4,2400000,0xe0000
1781164569,56.5,2400000,0xe0000
1781164570,56.0,2400000,0xe0000
1781164571,56.5,2400000,0xe0000
1781164572,56.0,2400000,0xe0000
1781164573,56.0,2400000,0xe0000
1781164574,56.0,2400000,0xe0000
1781164575,56.0,2400000,0xe0000
1781164576,55.4,2400000,0xe0000
1781164578,55.4,2400000,0xe0000
1781164579,56.0,2400000,0xe0000
1781164580,56.0,2400000,0xe0000
1781164581,56.0,2400000,0xe0000
1781164582,56.0,2400000,0xe0000
1781164583,56.0,2400000,0xe0000
1781164584,55.4,2400000,0xe0000
1781164585,56.0,2400000,0xe0000
1781164586,55.4,2400000,0xe0000
1781164587,55.4,2400000,0xe0000
1781164588,56.0,2400000,0xe0000
1781164589,56.0,2400000,0xe0000
1781164590,56.5,2400000,0xe0000
1781164591,56.0,2400000,0xe0000
1781164592,56.0,2400000,0xe0000
1781164593,55.4,2400000,0xe0000
1781164594,56.0,2400000,0xe0000
1781164595,56.0,2400000,0xe0000
1781164596,56.0,2400000,0xe0000
1781164597,55.4,2400000,0xe0000
1781164598,56.0,2400000,0xe0000
1781164599,55.4,2400000,0xe0000
1781164600,56.0,2400000,0xe0000
1781164601,56.0,2400000,0xe0000
1781164602,55.4,2400000,0xe0000
1781164603,56.5,2400000,0xe0000
1781164604,55.4,2400000,0xe0000
1781164605,56.0,2400000,0xe0000
1781164607,56.0,2400000,0xe0000
