Linux 7.0.0 (hp5) 	06/17/2026 	_x86_64_	(8 CPU)

07:25:00 AM  CPU    %usr   %nice    %sys %iowait    %irq   %soft  %steal  %guest  %gnice   %idle
07:25:01 AM  all    0.25    0.00    9.01    0.00    0.00    9.64    0.00    0.00    0.00   81.10
07:25:01 AM    0    2.02    0.00   71.72    0.00    0.00    0.00    0.00    0.00    0.00   26.26
07:25:01 AM    1    0.00    0.00    1.00    0.00    0.00   77.00    0.00    0.00    0.00   22.00
07:25:01 AM    2    0.00    0.00    0.00    0.00    0.00    0.00    0.00    0.00    0.00  100.00
07:25:01 AM    3    0.00    0.00    0.00    0.00    0.00    0.00    0.00    0.00    0.00  100.00
07:25:01 AM    4    0.00    0.00    0.00    0.00    0.00    0.00    0.00    0.00    0.00  100.00
07:25:01 AM    5    0.00    0.00    0.00    0.00    0.00    0.00    0.00    0.00    0.00  100.00
07:25:01 AM    6    0.00    0.00    0.00    0.00    0.00    0.00    0.00    0.00    0.00  100.00
07:25:01 AM    7    0.00    0.00    0.00    0.00    0.00    0.00    0.00    0.00    0.00  100.00

07:25:01 AM  CPU    %usr   %nice    %sys %iowait    %irq   %soft  %steal  %guest  %gnice   %idle
07:25:02 AM  all    0.12    0.00   12.12    0.00    0.12   12.50    0.00    0.00    0.00   75.12
07:25:02 AM    0    1.02    0.00   97.96    0.00    0.00    0.00    0.00    0.00    0.00    1.02
07:25:02 AM    1    0.00    0.00    1.00    0.00    0.00   99.00    0.00    0.00    0.00    0.00
07:25:02 AM    2    0.00    0.00    0.00    0.00    0.99    0.00    0.00    0.00    0.00   99.01
07:25:02 AM    3    0.00    0.00    0.00    0.00    0.00    0.99    0.00    0.00    0.00   99.01
07:25:02 AM    4    0.00    0.00    0.00    0.00    0.00    0.00    0.00    0.00    0.00  100.00
07:25:02 AM    5    0.00    0.00    0.00    0.00    0.00    0.00    0.00    0.00    0.00  100.00
07:25:02 AM    6    0.00    0.00    0.00    0.00    0.00    0.00    0.00    0.00    0.00  100.00
07:25:02 AM    7    0.00    0.00    0.00    0.00    0.00    0.00    0.00    0.00    0.00  100.00

07:25:02 AM  CPU    %usr   %nice    %sys %iowait    %irq   %soft  %steal  %guest  %gnice   %idle
07:25:03 AM  all    0.25    0.00   12.11    0.00    0.12   12.48    0.00    0.00    0.00   75.03
07:25:03 AM    0    1.96    0.00   94.12    0.00    0.98    0.98    0.00    0.00    0.00    1.96
07:25:03 AM    1    0.00    0.00    1.00    0.00    0.00   99.00    0.00    0.00    0.00    0.00
07:25:03 AM    2    0.00    0.00    0.00    0.00    0.00    0.00    0.00    0.00    0.00  100.00
07:25:03 AM    3    0.00    0.00    0.00    0.00    0.00    0.00    0.00    0.00    0.00  100.00
07:25:03 AM    4    0.00    0.00    0.00    0.00    0.00    0.00    0.00    0.00    0.00  100.00
07:25:03 AM    5    0.00    0.00    0.00    0.00    0.00    0.00    0.00    0.00    0.00  100.00
07:25:03 AM    6    0.00    0.00    0.00    0.00    0.00    0.00    0.00    0.00    0.00  100.00
07:25:03 AM    7    0.00    0.00    0.00    0.00    0.00    0.00    0.00    0.00    0.00  100.00

07:25:03 AM  CPU    %usr   %nice    %sys %iowait    %irq   %soft  %steal  %guest  %gnice   %idle
07:25:04 AM  all    0.25    0.00   12.00    0.00    0.12   12.38    0.00    0.00    0.00   75.25
07:25:04 AM    0    2.02    0.00   95.96    0.00    0.00    0.00    0.00    0.00    0.00    2.02
07:25:04 AM    1    0.00    0.00    0.99    0.00    0.99   98.02    0.00    0.00    0.00    0.00
07:25:04 AM    2    0.00    0.00    0.00    0.00    0.00    0.00    0.00    0.00    0.00  100.00
07:25:04 AM    3    0.00    0.00    0.00    0.00    0.00    0.00    0.00    0.00    0.00  100.00
07:25:04 AM    4    0.00    0.00    0.00    0.00    0.00    0.00    0.00    0.00    0.00  100.00
07:25:04 AM    5    0.00    0.00    0.00    0.00    0.00    0.00    0.00    0.00    0.00  100.00
07:25:04 AM    6    0.00    0.00    0.00    0.00    0.00    0.00    0.00    0.00    0.00  100.00
07:25:04 AM    7    0.00    0.00    0.00    0.00    0.00    0.00    0.00    0.00    0.00  100.00

07:25:04 AM  CPU    %usr   %nice    %sys %iowait    %irq   %soft  %steal  %guest  %gnice   %idle
07:25:05 AM  all    0.13    0.00   12.16    0.00    0.00   12.41    0.00    0.00    0.00   75.31
07:25:05 AM    0    1.01    0.00   97.98    0.00    0.00    0.00    0.00    0.00    0.00    1.01
07:25:05 AM    1    0.00    0.00    0.00    0.00    0.00  100.00    0.00    0.00    0.00    0.00
07:25:05 AM    2    0.00    0.00    0.00    0.00    0.00    0.00    0.00    0.00    0.00  100.00
07:25:05 AM    3    0.00    0.00    0.00    0.00    0.00    0.00    0.00    0.00    0.00  100.00
07:25:05 AM    4    0.00    0.00    0.00    0.00    0.00    0.00    0.00    0.00    0.00  100.00
07:25:05 AM    5    0.00    0.00    0.00    0.00    0.00    0.00    0.00    0.00    0.00  100.00
07:25:05 AM    6    0.00    0.00    0.00    0.00    0.00    0.00    0.00    0.00    0.00  100.00
07:25:05 AM    7    0.00    0.00    0.00    0.00    0.00    0.00    0.00    0.00    0.00  100.00

07:25:05 AM  CPU    %usr   %nice    %sys %iowait    %irq   %soft  %steal  %guest  %gnice   %idle
07:25:06 AM  all    0.25    0.00   12.11    0.00    0.25   12.23    0.00    0.00    0.00   75.16
07:25:06 AM    0    1.98    0.00   95.05    0.00    0.99    0.00    0.00    0.00    0.00    1.98
07:25:06 AM    1    0.00    0.00    1.01    0.00    0.00   98.99    0.00    0.00    0.00    0.00
07:25:06 AM    2    0.00    0.00    0.00    0.00    0.99    0.00    0.00    0.00    0.00   99.01
07:25:06 AM    3    0.00    0.00    0.00    0.00    0.00    0.00    0.00    0.00    0.00  100.00
07:25:06 AM    4    0.00    0.00    0.00    0.00    0.00    0.00    0.00    0.00    0.00  100.00
07:25:06 AM    5    0.00    0.00    0.00    0.00    0.00    0.00    0.00    0.00    0.00  100.00
07:25:06 AM    6    0.00    0.00    0.00    0.00    0.00    0.00    0.00    0.00    0.00  100.00
07:25:06 AM    7    0.00    0.00    0.00    0.00    0.00    0.00    0.00    0.00    0.00  100.00

07:25:06 AM  CPU    %usr   %nice    %sys %iowait    %irq   %soft  %steal  %guest  %gnice   %idle
07:25:07 AM  all    0.13    0.00   12.14    0.00    0.13   12.52    0.00    0.00    0.00   75.09
07:25:07 AM    0    1.01    0.00   96.97    0.00    0.00    0.00    0.00    0.00    0.00    2.02
07:25:07 AM    1    0.00    0.00    0.99    0.00    0.99   98.02    0.00    0.00    0.00    0.00
07:25:07 AM    2    0.00    0.00    0.00    0.00    0.00    0.00    0.00    0.00    0.00  100.00
07:25:07 AM    3    0.00    0.00    0.00    0.00    0.00    1.00    0.00    0.00    0.00   99.00
07:25:07 AM    4    0.00    0.00    0.00    0.00    0.00    0.00    0.00    0.00    0.00  100.00
07:25:07 AM    5    0.00    0.00    0.00    0.00    0.00    0.00    0.00    0.00    0.00  100.00
07:25:07 AM    6    0.00    0.00    0.00    0.00    0.00    0.00    0.00    0.00    0.00  100.00
07:25:07 AM    7    0.00    0.00    0.00    0.00    0.00    0.00    0.00    0.00    0.00  100.00

07:25:07 AM  CPU    %usr   %nice    %sys %iowait    %irq   %soft  %steal  %guest  %gnice   %idle
07:25:08 AM  all    0.13    0.00   12.14    0.00    0.00   12.39    0.00    0.00    0.00   75.34
07:25:08 AM    0    1.01    0.00   96.97    0.00    0.00    0.00    0.00    0.00    0.00    2.02
07:25:08 AM    1    0.00    0.00    1.00    0.00    0.00   99.00    0.00    0.00    0.00    0.00
07:25:08 AM    2    0.00    0.00    0.00    0.00    0.00    0.00    0.00    0.00    0.00  100.00
07:25:08 AM    3    0.00    0.00    0.00    0.00    0.00    0.00    0.00    0.00    0.00  100.00
07:25:08 AM    4    0.00    0.00    0.00    0.00    0.00    0.00    0.00    0.00    0.00  100.00
07:25:08 AM    5    0.00    0.00    0.00    0.00    0.00    0.00    0.00    0.00    0.00  100.00
07:25:08 AM    6    0.00    0.00    0.00    0.00    0.00    0.00    0.00    0.00    0.00  100.00
07:25:08 AM    7    0.00    0.00    0.00    0.00    0.00    0.00    0.00    0.00    0.00  100.00

07:25:08 AM  CPU    %usr   %nice    %sys %iowait    %irq   %soft  %steal  %guest  %gnice   %idle
07:25:09 AM  all    0.38    0.00   11.89    0.00    0.13   12.27    0.00    0.00    0.00   75.34
07:25:09 AM    0    3.00    0.00   94.00    0.00    1.00    0.00    0.00    0.00    0.00    2.00
07:25:09 AM    1    0.00    0.00    1.01    0.00    0.00   98.99    0.00    0.00    0.00    0.00
07:25:09 AM    2    0.00    0.00    0.00    0.00    0.00    0.00    0.00    0.00    0.00  100.00
07:25:09 AM    3    0.00    0.00    0.00    0.00    0.00    0.00    0.00    0.00    0.00  100.00
07:25:09 AM    4    0.00    0.00    0.00    0.00    0.00    0.00    0.00    0.00    0.00  100.00
07:25:09 AM    5    0.00    0.00    0.00    0.00    0.00    0.00    0.00    0.00    0.00  100.00
07:25:09 AM    6    0.00    0.00    0.00    0.00    0.00    0.00    0.00    0.00    0.00  100.00
07:25:09 AM    7    0.00    0.00    0.00    0.00    0.00    0.00    0.00    0.00    0.00  100.00

07:25:09 AM  CPU    %usr   %nice    %sys %iowait    %irq   %soft  %steal  %guest  %gnice   %idle
07:25:10 AM  all    0.13    0.00   12.14    0.00    0.13   12.39    0.00    0.00    0.00   75.22
07:25:10 AM    0    1.01    0.00   96.97    0.00    0.00    0.00    0.00    0.00    0.00    2.02
07:25:10 AM    1    0.00    0.00    0.99    0.00    0.99   98.02    0.00    0.00    0.00    0.00
07:25:10 AM    2    0.00    0.00    0.00    0.00    0.00    0.00    0.00    0.00    0.00  100.00
07:25:10 AM    3    0.00    0.00    0.00    0.00    0.00    0.00    0.00    0.00    0.00  100.00
07:25:10 AM    4    0.00    0.00    0.00    0.00    0.00    0.00    0.00    0.00    0.00  100.00
07:25:10 AM    5    0.00    0.00    0.00    0.00    0.00    0.00    0.00    0.00    0.00  100.00
07:25:10 AM    6    0.00    0.00    0.00    0.00    0.00    0.00    0.00    0.00    0.00  100.00
07:25:10 AM    7    0.00    0.00    0.00    0.00    0.00    0.00    0.00    0.00    0.00  100.00

07:25:10 AM  CPU    %usr   %nice    %sys %iowait    %irq   %soft  %steal  %guest  %gnice   %idle
07:25:11 AM  all    0.13    0.00   12.14    0.00    0.13   12.39    0.00    0.00    0.00   75.22
07:25:11 AM    0    1.01    0.00   96.97    0.00    0.00    0.00    0.00    0.00    0.00    2.02
07:25:11 AM    1    0.00    0.00    1.00    0.00    0.00   99.00    0.00    0.00    0.00    0.00
07:25:11 AM    2    0.00    0.00    0.00    0.00    1.00    0.00    0.00    0.00    0.00   99.00
07:25:11 AM    3    0.00    0.00    0.00    0.00    0.00    0.00    0.00    0.00    0.00  100.00
07:25:11 AM    4    0.00    0.00    0.00    0.00    0.00    0.00    0.00    0.00    0.00  100.00
07:25:11 AM    5    0.00    0.00    0.00    0.00    0.00    0.00    0.00    0.00    0.00  100.00
07:25:11 AM    6    0.00    0.00    0.00    0.00    0.00    0.00    0.00    0.00    0.00  100.00
07:25:11 AM    7    0.00    0.00    0.00    0.00    0.00    0.00    0.00    0.00    0.00  100.00

07:25:11 AM  CPU    %usr   %nice    %sys %iowait    %irq   %soft  %steal  %guest  %gnice   %idle
07:25:12 AM  all    0.25    0.00   12.06    0.00    0.25   12.56    0.00    0.00    0.00   74.88
07:25:12 AM    0    1.96    0.00   95.10    0.00    0.98    0.00    0.00    0.00    0.00    1.96
07:25:12 AM    1    0.00    0.00    0.00    0.00    0.00  100.00    0.00    0.00    0.00    0.00
07:25:12 AM    2    0.00    0.00    0.00    0.00    0.00    0.00    0.00    0.00    0.00  100.00
07:25:12 AM    3    0.00    0.00    0.00    0.00    0.98    0.98    0.00    0.00    0.00   98.04
07:25:12 AM    4    0.00    0.00    0.00    0.00    0.00    0.00    0.00    0.00    0.00  100.00
07:25:12 AM    5    0.00    0.00    0.00    0.00    0.00    0.00    0.00    0.00    0.00  100.00
07:25:12 AM    6    0.00    0.00    0.00    0.00    0.00    0.00    0.00    0.00    0.00  100.00
07:25:12 AM    7    0.00    0.00    0.00    0.00    0.00    0.00    0.00    0.00    0.00  100.00

07:25:12 AM  CPU    %usr   %nice    %sys %iowait    %irq   %soft  %steal  %guest  %gnice   %idle
07:25:13 AM  all    0.13    0.00   12.19    0.00    0.00   12.31    0.00    0.00    0.00   75.38
07:25:13 AM    0    1.02    0.00   97.96    0.00    0.00    0.00    0.00    0.00    0.00    1.02
07:25:13 AM    1    0.00    0.00    1.01    0.00    0.00   98.99    0.00    0.00    0.00    0.00
07:25:13 AM    2    0.00    0.00    0.00    0.00    0.00    0.00    0.00    0.00    0.00  100.00
07:25:13 AM    3    0.00    0.00    0.00    0.00    0.00    0.00    0.00    0.00    0.00  100.00
07:25:13 AM    4    0.00    0.00    0.00    0.00    0.00    0.00    0.00    0.00    0.00  100.00
07:25:13 AM    5    0.00    0.00    0.00    0.00    0.00    0.00    0.00    0.00    0.00  100.00
07:25:13 AM    6    0.00    0.00    0.00    0.00    0.00    0.00    0.00    0.00    0.00  100.00
07:25:13 AM    7    0.00    0.00    0.00    0.00    0.00    0.00    0.00    0.00    0.00  100.00

07:25:13 AM  CPU    %usr   %nice    %sys %iowait    %irq   %soft  %steal  %guest  %gnice   %idle
07:25:14 AM  all    0.12    0.00   12.34    0.00    0.12   12.47    0.00    0.00    0.00   74.94
07:25:14 AM    0    1.00    0.00   98.00    0.00    0.00    0.00    0.00    0.00    0.00    1.00
07:25:14 AM    1    0.00    0.00    0.98    0.00    0.98   98.04    0.00    0.00    0.00    0.00
07:25:14 AM    2    0.00    0.00    0.00    0.00    0.00    0.00    0.00    0.00    0.00  100.00
07:25:14 AM    3    0.00    0.00    0.00    0.00    0.00    0.00    0.00    0.00    0.00  100.00
07:25:14 AM    4    0.00    0.00    0.00    0.00    0.00    0.00    0.00    0.00    0.00  100.00
07:25:14 AM    5    0.00    0.00    0.00    0.00    0.00    0.00    0.00    0.00    0.00  100.00
07:25:14 AM    6    0.00    0.00    0.00    0.00    0.00    0.00    0.00    0.00    0.00  100.00
07:25:14 AM    7    0.00    0.00    0.00    0.00    0.00    0.00    0.00    0.00    0.00  100.00

07:25:14 AM  CPU    %usr   %nice    %sys %iowait    %irq   %soft  %steal  %guest  %gnice   %idle
07:25:15 AM  all    0.25    0.00   12.14    0.00    0.00   12.39    0.00    0.00    0.00   75.22
07:25:15 AM    0    2.00    0.00   96.00    0.00    0.00    0.00    0.00    0.00    0.00    2.00
07:25:15 AM    1    0.00    0.00    1.00    0.00    0.00   99.00    0.00    0.00    0.00    0.00
07:25:15 AM    2    0.00    0.00    0.00    0.00    0.00    0.00    0.00    0.00    0.00  100.00
07:25:15 AM    3    0.00    0.00    0.00    0.00    0.00    0.00    0.00    0.00    0.00  100.00
07:25:15 AM    4    0.00    0.00    0.00    0.00    0.00    0.00    0.00    0.00    0.00  100.00
07:25:15 AM    5    0.00    0.00    0.00    0.00    0.00    0.00    0.00    0.00    0.00  100.00
07:25:15 AM    6    0.00    0.00    0.00    0.00    0.00    0.00    0.00    0.00    0.00  100.00
07:25:15 AM    7    0.00    0.00    0.00    0.00    0.00    0.00    0.00    0.00    0.00  100.00

07:25:15 AM  CPU    %usr   %nice    %sys %iowait    %irq   %soft  %steal  %guest  %gnice   %idle
07:25:16 AM  all    0.12    0.00   12.09    0.00    0.25   12.34    0.00    0.00    0.00   75.19
07:25:16 AM    0    0.99    0.00   96.04    0.00    0.99    0.00    0.00    0.00    0.00    1.98
07:25:16 AM    1    0.00    0.00    0.00    0.00    0.00  100.00    0.00    0.00    0.00    0.00
07:25:16 AM    2    0.00    0.00    0.00    0.00    0.99    0.00    0.00    0.00    0.00   99.01
07:25:16 AM    3    0.00    0.00    0.00    0.00    0.00    0.00    0.00    0.00    0.00  100.00
07:25:16 AM    4    0.00    0.00    0.00    0.00    0.00    0.00    0.00    0.00    0.00  100.00
07:25:16 AM    5    0.00    0.00    0.00    0.00    0.00    0.00    0.00    0.00    0.00  100.00
07:25:16 AM    6    0.00    0.00    0.00    0.00    0.00    0.00    0.00    0.00    0.00  100.00
07:25:16 AM    7    0.00    0.00    0.00    0.00    0.00    0.00    0.00    0.00    0.00  100.00

07:25:16 AM  CPU    %usr   %nice    %sys %iowait    %irq   %soft  %steal  %guest  %gnice   %idle
07:25:17 AM  all    0.25    0.00   12.02    0.00    0.13   12.39    0.00    0.00    0.00   75.22
07:25:17 AM    0    2.04    0.00   96.94    0.00    0.00    0.00    0.00    0.00    0.00    1.02
07:25:17 AM    1    0.00    0.00    0.99    0.00    0.99   98.02    0.00    0.00    0.00    0.00
07:25:17 AM    2    0.00    0.00    0.00    0.00    0.00    0.00    0.00    0.00    0.00  100.00
07:25:17 AM    3    0.00    0.00    0.00    0.00    0.00    0.00    0.00    0.00    0.00  100.00
07:25:17 AM    4    0.00    0.00    0.00    0.00    0.00    0.00    0.00    0.00    0.00  100.00
07:25:17 AM    5    0.00    0.00    0.00    0.00    0.00    0.00    0.00    0.00    0.00  100.00
07:25:17 AM    6    0.00    0.00    0.00    0.00    0.00    0.00    0.00    0.00    0.00  100.00
07:25:17 AM    7    0.00    0.00    0.00    0.00    0.00    0.00    0.00    0.00    0.00  100.00

07:25:17 AM  CPU    %usr   %nice    %sys %iowait    %irq   %soft  %steal  %guest  %gnice   %idle
07:25:18 AM  all    0.25    0.00   12.09    0.00    0.00   12.47    0.00    0.00    0.00   75.19
07:25:18 AM    0    2.00    0.00   96.00    0.00    0.00    0.00    0.00    0.00    0.00    2.00
07:25:18 AM    1    0.00    0.00    1.00    0.00    0.00   99.00    0.00    0.00    0.00    0.00
07:25:18 AM    2    0.00    0.00    0.00    0.00    0.00    0.00    0.00    0.00    0.00  100.00
07:25:18 AM    3    0.00    0.00    0.00    0.00    0.00    1.00    0.00    0.00    0.00   99.00
07:25:18 AM    4    0.00    0.00    0.00    0.00    0.00    0.00    0.00    0.00    0.00  100.00
07:25:18 AM    5    0.00    0.00    0.00    0.00    0.00    0.00    0.00    0.00    0.00  100.00
07:25:18 AM    6    0.00    0.00    0.00    0.00    0.00    0.00    0.00    0.00    0.00  100.00
07:25:18 AM    7    0.00    0.00    0.00    0.00    0.00    0.00    0.00    0.00    0.00  100.00

07:25:18 AM  CPU    %usr   %nice    %sys %iowait    %irq   %soft  %steal  %guest  %gnice   %idle
07:25:19 AM  all    0.25    0.00   12.14    0.00    0.13   12.39    0.00    0.00    0.00   75.09
07:25:19 AM    0    2.00    0.00   96.00    0.00    1.00    0.00    0.00    0.00    0.00    1.00
07:25:19 AM    1    0.00    0.00    1.00    0.00    0.00   99.00    0.00    0.00    0.00    0.00
07:25:19 AM    2    0.00    0.00    0.00    0.00    0.00    0.00    0.00    0.00    0.00  100.00
07:25:19 AM    3    0.00    0.00    0.00    0.00    0.00    0.00    0.00    0.00    0.00  100.00
07:25:19 AM    4    0.00    0.00    0.00    0.00    0.00    0.00    0.00    0.00    0.00  100.00
07:25:19 AM    5    0.00    0.00    0.00    0.00    0.00    0.00    0.00    0.00    0.00  100.00
07:25:19 AM    6    0.00    0.00    0.00    0.00    0.00    0.00    0.00    0.00    0.00  100.00
07:25:19 AM    7    0.00    0.00    0.00    0.00    0.00    0.00    0.00    0.00    0.00  100.00

07:25:19 AM  CPU    %usr   %nice    %sys %iowait    %irq   %soft  %steal  %guest  %gnice   %idle
07:25:20 AM  all    0.25    0.00   12.02    0.00    0.00   12.39    0.00    0.00    0.00   75.34
07:25:20 AM    0    2.00    0.00   96.00    0.00    0.00    0.00    0.00    0.00    0.00    2.00
07:25:20 AM    1    0.00    0.00    0.00    0.00    0.00  100.00    0.00    0.00    0.00    0.00
07:25:20 AM    2    0.00    0.00    0.00    0.00    0.00    0.00    0.00    0.00    0.00  100.00
07:25:20 AM    3    0.00    0.00    0.00    0.00    0.00    0.00    0.00    0.00    0.00  100.00
07:25:20 AM    4    0.00    0.00    0.00    0.00    0.00    0.00    0.00    0.00    0.00  100.00
07:25:20 AM    5    0.00    0.00    0.00    0.00    0.00    0.00    0.00    0.00    0.00  100.00
07:25:20 AM    6    0.00    0.00    0.00    0.00    0.00    0.00    0.00    0.00    0.00  100.00
07:25:20 AM    7    0.00    0.00    0.00    0.00    0.00    0.00    0.00    0.00    0.00  100.00

07:25:20 AM  CPU    %usr   %nice    %sys %iowait    %irq   %soft  %steal  %guest  %gnice   %idle
07:25:21 AM  all    0.12    0.00   17.88    0.00    0.25    8.88    0.00    0.00    0.00   72.88
07:25:21 AM    0    1.02    0.00   90.82    0.00    0.00    1.02    0.00    0.00    0.00    7.14
07:25:21 AM    1    0.00    0.00   22.77    0.00    0.99   68.32    0.00    0.00    0.00    7.92
07:25:21 AM    2    0.00    0.00   30.69    0.00    0.99    0.00    0.00    0.00    0.00   68.32
07:25:21 AM    3    0.00    0.00    0.00    0.00    0.00    1.00    0.00    0.00    0.00   99.00
07:25:21 AM    4    0.00    0.00    0.00    0.00    0.00    0.00    0.00    0.00    0.00  100.00
07:25:21 AM    5    0.00    0.00    0.00    0.00    0.00    0.00    0.00    0.00    0.00  100.00
07:25:21 AM    6    0.00    0.00    0.00    0.00    0.00    0.00    0.00    0.00    0.00  100.00
07:25:21 AM    7    0.00    0.00    0.00    0.00    0.00    0.00    0.00    0.00    0.00  100.00

07:25:21 AM  CPU    %usr   %nice    %sys %iowait    %irq   %soft  %steal  %guest  %gnice   %idle
07:25:22 AM  all    0.50    0.00   30.57    0.00    0.13    0.25    0.00    0.00    0.00   68.55
07:25:22 AM    0    2.04    0.00   71.43    0.00    1.02    0.00    0.00    0.00    0.00   25.51
07:25:22 AM    1    2.02    0.00   73.74    0.00    0.00    0.00    0.00    0.00    0.00   24.24
07:25:22 AM    2    0.00    0.00  100.00    0.00    0.00    0.00    0.00    0.00    0.00    0.00
07:25:22 AM    3    0.00    0.00    0.00    0.00    0.00    2.02    0.00    0.00    0.00   97.98
07:25:22 AM    4    0.00    0.00    0.00    0.00    0.00    0.00    0.00    0.00    0.00  100.00
07:25:22 AM    5    0.00    0.00    0.00    0.00    0.00    0.00    0.00    0.00    0.00  100.00
07:25:22 AM    6    0.00    0.00    0.00    0.00    0.00    0.00    0.00    0.00    0.00  100.00
07:25:22 AM    7    0.00    0.00    0.00    0.00    0.00    0.00    0.00    0.00    0.00  100.00

07:25:22 AM  CPU    %usr   %nice    %sys %iowait    %irq   %soft  %steal  %guest  %gnice   %idle
07:25:23 AM  all    0.25    0.00   30.03    0.00    0.13    0.13    0.00    0.00    0.00   69.47
07:25:23 AM    0    1.03    0.00   73.20    0.00    0.00    0.00    0.00    0.00    0.00   25.77
07:25:23 AM    1    1.01    0.00   68.69    0.00    0.00    0.00    0.00    0.00    0.00   30.30
07:25:23 AM    2    0.00    0.00  100.00    0.00    0.00    0.00    0.00    0.00    0.00    0.00
07:25:23 AM    3    0.00    0.00    0.00    0.00    1.00    1.00    0.00    0.00    0.00   98.00
07:25:23 AM    4    0.00    0.00    0.00    0.00    0.00    0.00    0.00    0.00    0.00  100.00
07:25:23 AM    5    0.00    0.00    0.00    0.00    0.00    0.00    0.00    0.00    0.00  100.00
07:25:23 AM    6    0.00    0.00    0.00    0.00    0.00    0.00    0.00    0.00    0.00  100.00
07:25:23 AM    7    0.00    0.00    0.00    0.00    0.00    0.00    0.00    0.00    0.00  100.00

07:25:23 AM  CPU    %usr   %nice    %sys %iowait    %irq   %soft  %steal  %guest  %gnice   %idle
07:25:24 AM  all    0.25    0.00   31.45    0.00    0.13    0.38    0.00    0.00    0.00   67.80
07:25:24 AM    0    1.01    0.00   76.77    0.00    0.00    0.00    0.00    0.00    0.00   22.22
07:25:24 AM    1    1.04    0.00   77.08    0.00    1.04    0.00    0.00    0.00    0.00   20.83
07:25:24 AM    2    0.00    0.00  100.00    0.00    0.00    0.00    0.00    0.00    0.00    0.00
07:25:24 AM    3    0.00    0.00    0.00    0.00    0.00    2.00    0.00    0.00    0.00   98.00
07:25:24 AM    4    0.00    0.00    0.00    0.00    0.00    1.00    0.00    0.00    0.00   99.00
07:25:24 AM    5    0.00    0.00    0.00    0.00    0.00    0.00    0.00    0.00    0.00  100.00
07:25:24 AM    6    0.00    0.00    0.00    0.00    0.00    0.00    0.00    0.00    0.00  100.00
07:25:24 AM    7    0.00    0.00    0.00    0.00    0.00    0.00    0.00    0.00    0.00  100.00

07:25:24 AM  CPU    %usr   %nice    %sys %iowait    %irq   %soft  %steal  %guest  %gnice   %idle
07:25:25 AM  all    0.25    0.00   29.86    0.00    0.13    0.25    0.00    0.00    0.00   69.51
07:25:25 AM    0    0.99    0.00   70.30    0.00    0.99    0.00    0.00    0.00    0.00   27.72
07:25:25 AM    1    1.03    0.00   69.07    0.00    0.00    0.00    0.00    0.00    0.00   29.90
07:25:25 AM    2    0.00    0.00  100.00    0.00    0.00    0.00    0.00    0.00    0.00    0.00
07:25:25 AM    3    0.00    0.00    0.00    0.00    0.00    2.02    0.00    0.00    0.00   97.98
07:25:25 AM    4    0.00    0.00    0.00    0.00    0.00    0.00    0.00    0.00    0.00  100.00
07:25:25 AM    5    0.00    0.00    0.00    0.00    0.00    0.00    0.00    0.00    0.00  100.00
07:25:25 AM    6    0.00    0.00    0.00    0.00    0.00    0.00    0.00    0.00    0.00  100.00
07:25:25 AM    7    0.00    0.00    0.00    0.00    0.00    0.00    0.00    0.00    0.00  100.00

07:25:25 AM  CPU    %usr   %nice    %sys %iowait    %irq   %soft  %steal  %guest  %gnice   %idle
07:25:26 AM  all    0.38    0.00   28.45    0.00    0.00    0.38    0.00    0.00    0.00   70.80
07:25:26 AM    0    1.02    0.00   63.27    0.00    0.00    1.02    0.00    0.00    0.00   34.69
07:25:26 AM    1    2.00    0.00   65.00    0.00    0.00    0.00    0.00    0.00    0.00   33.00
07:25:26 AM    2    0.00    0.00  100.00    0.00    0.00    0.00    0.00    0.00    0.00    0.00
07:25:26 AM    3    0.00    0.00    0.00    0.00    0.00    2.00    0.00    0.00    0.00   98.00
07:25:26 AM    4    0.00    0.00    0.00    0.00    0.00    0.00    0.00    0.00    0.00  100.00
07:25:26 AM    5    0.00    0.00    0.00    0.00    0.00    0.00    0.00    0.00    0.00  100.00
07:25:26 AM    6    0.00    0.00    0.00    0.00    0.00    0.00    0.00    0.00    0.00  100.00
07:25:26 AM    7    0.00    0.00    0.00    0.00    0.00    0.00    0.00    0.00    0.00  100.00

07:25:26 AM  CPU    %usr   %nice    %sys %iowait    %irq   %soft  %steal  %guest  %gnice   %idle
07:25:27 AM  all    0.38    0.00   29.00    0.00    0.12    0.38    0.00    0.00    0.00   70.12
07:25:27 AM    0    0.99    0.00   67.33    0.00    0.00    0.00    0.00    0.00    0.00   31.68
07:25:27 AM    1    2.02    0.00   64.65    0.00    1.01    0.00    0.00    0.00    0.00   32.32
07:25:27 AM    2    0.00    0.00  100.00    0.00    0.00    0.00    0.00    0.00    0.00    0.00
07:25:27 AM    3    0.00    0.00    0.00    0.00    0.00    2.00    0.00    0.00    0.00   98.00
07:25:27 AM    4    0.00    0.00    0.00    0.00    0.00    1.00    0.00    0.00    0.00   99.00
07:25:27 AM    5    0.00    0.00    0.00    0.00    0.00    0.00    0.00    0.00    0.00  100.00
07:25:27 AM    6    0.00    0.00    0.00    0.00    0.00    0.00    0.00    0.00    0.00  100.00
07:25:27 AM    7    0.00    0.00    0.00    0.00    0.00    0.00    0.00    0.00    0.00  100.00

07:25:27 AM  CPU    %usr   %nice    %sys %iowait    %irq   %soft  %steal  %guest  %gnice   %idle
07:25:28 AM  all    0.13    0.00   30.24    0.00    0.25    0.38    0.00    0.00    0.00   69.01
07:25:28 AM    0    0.00    0.00   71.13    0.00    1.03    0.00    0.00    0.00    0.00   27.84
07:25:28 AM    1    1.00    0.00   72.00    0.00    0.00    1.00    0.00    0.00    0.00   26.00
07:25:28 AM    2    0.00    0.00  100.00    0.00    0.00    0.00    0.00    0.00    0.00    0.00
07:25:28 AM    3    0.00    0.00    0.00    0.00    1.00    2.00    0.00    0.00    0.00   97.00
07:25:28 AM    4    0.00    0.00    0.00    0.00    0.00    0.00    0.00    0.00    0.00  100.00
07:25:28 AM    5    0.00    0.00    0.00    0.00    0.00    0.00    0.00    0.00    0.00  100.00
07:25:28 AM    6    0.00    0.00    0.00    0.00    0.00    0.00    0.00    0.00    0.00  100.00
07:25:28 AM    7    0.00    0.00    0.00    0.00    0.00    0.00    0.00    0.00    0.00  100.00

07:25:28 AM  CPU    %usr   %nice    %sys %iowait    %irq   %soft  %steal  %guest  %gnice   %idle
07:25:29 AM  all    0.25    0.00   29.52    0.00    0.13    0.25    0.00    0.00    0.00   69.85
07:25:29 AM    0    1.00    0.00   68.00    0.00    0.00    0.00    0.00    0.00    0.00   31.00
07:25:29 AM    1    1.04    0.00   69.79    0.00    0.00    0.00    0.00    0.00    0.00   29.17
07:25:29 AM    2    0.00    0.00  100.00    0.00    0.00    0.00    0.00    0.00    0.00    0.00
07:25:29 AM    3    0.00    0.00    0.00    0.00    0.00    2.00    0.00    0.00    0.00   98.00
07:25:29 AM    4    0.00    0.00    0.00    0.00    1.00    0.00    0.00    0.00    0.00   99.00
07:25:29 AM    5    0.00    0.00    0.00    0.00    0.00    0.00    0.00    0.00    0.00  100.00
07:25:29 AM    6    0.00    0.00    0.00    0.00    0.00    0.00    0.00    0.00    0.00  100.00
07:25:29 AM    7    0.00    0.00    0.00    0.00    0.00    0.00    0.00    0.00    0.00  100.00

07:25:29 AM  CPU    %usr   %nice    %sys %iowait    %irq   %soft  %steal  %guest  %gnice   %idle
07:25:30 AM  all    0.25    0.00   29.02    0.00    0.00    0.25    0.00    0.00    0.00   70.48
07:25:30 AM    0    1.03    0.00   67.01    0.00    0.00    0.00    0.00    0.00    0.00   31.96
07:25:30 AM    1    1.00    0.00   66.00    0.00    0.00    0.00    0.00    0.00    0.00   33.00
07:25:30 AM    2    0.00    0.00  100.00    0.00    0.00    0.00    0.00    0.00    0.00    0.00
07:25:30 AM    3    0.00    0.00    0.00    0.00    0.00    2.02    0.00    0.00    0.00   97.98
07:25:30 AM    4    0.00    0.00    0.00    0.00    0.00    0.00    0.00    0.00    0.00  100.00
07:25:30 AM    5    0.00    0.00    0.00    0.00    0.00    0.00    0.00    0.00    0.00  100.00
07:25:30 AM    6    0.00    0.00    0.00    0.00    0.00    0.00    0.00    0.00    0.00  100.00
07:25:30 AM    7    0.00    0.00    0.00    0.00    0.00    0.00    0.00    0.00    0.00  100.00

07:25:30 AM  CPU    %usr   %nice    %sys %iowait    %irq   %soft  %steal  %guest  %gnice   %idle
07:25:31 AM  all    0.38    0.00   28.62    0.00    0.25    0.50    0.00    0.00    0.00   70.25
07:25:31 AM    0    2.02    0.00   64.65    0.00    1.01    1.01    0.00    0.00    0.00   31.31
07:25:31 AM    1    1.00    0.00   65.00    0.00    1.00    0.00    0.00    0.00    0.00   33.00
07:25:31 AM    2    0.00    0.00  100.00    0.00    0.00    0.00    0.00    0.00    0.00    0.00
07:25:31 AM    3    0.00    0.00    0.00    0.00    0.00    2.00    0.00    0.00    0.00   98.00
07:25:31 AM    4    0.00    0.00    0.00    0.00    0.00    0.99    0.00    0.00    0.00   99.01
07:25:31 AM    5    0.00    0.00    0.00    0.00    0.00    0.00    0.00    0.00    0.00  100.00
07:25:31 AM    6    0.00    0.00    0.00    0.00    0.00    0.00    0.00    0.00    0.00  100.00
07:25:31 AM    7    0.00    0.00    0.00    0.00    0.00    0.00    0.00    0.00    0.00  100.00

07:25:31 AM  CPU    %usr   %nice    %sys %iowait    %irq   %soft  %steal  %guest  %gnice   %idle
07:25:32 AM  all    0.25    0.00   28.84    0.00    0.00    0.25    0.00    0.00    0.00   70.65
07:25:32 AM    0    1.01    0.00   66.67    0.00    0.00    0.00    0.00    0.00    0.00   32.32
07:25:32 AM    1    1.04    0.00   65.62    0.00    0.00    0.00    0.00    0.00    0.00   33.33
07:25:32 AM    2    0.00    0.00  100.00    0.00    0.00    0.00    0.00    0.00    0.00    0.00
07:25:32 AM    3    0.00    0.00    0.00    0.00    0.00    2.00    0.00    0.00    0.00   98.00
07:25:32 AM    4    0.00    0.00    0.00    0.00    0.00    0.00    0.00    0.00    0.00  100.00
07:25:32 AM    5    0.00    0.00    0.00    0.00    0.00    0.00    0.00    0.00    0.00  100.00
07:25:32 AM    6    0.00    0.00    0.00    0.00    0.00    0.00    0.00    0.00    0.00  100.00
07:25:32 AM    7    0.00    0.00    0.00    0.00    0.00    0.00    0.00    0.00    0.00  100.00

07:25:32 AM  CPU    %usr   %nice    %sys %iowait    %irq   %soft  %steal  %guest  %gnice   %idle
07:25:33 AM  all    0.38    0.00   28.82    0.00    0.13    0.25    0.00    0.00    0.00   70.43
07:25:33 AM    0    2.02    0.00   65.66    0.00    0.00    0.00    0.00    0.00    0.00   32.32
07:25:33 AM    1    1.02    0.00   66.33    0.00    0.00    0.00    0.00    0.00    0.00   32.65
07:25:33 AM    2    0.00    0.00  100.00    0.00    0.00    0.00    0.00    0.00    0.00    0.00
07:25:33 AM    3    0.00    0.00    0.00    0.00    0.99    1.98    0.00    0.00    0.00   97.03
07:25:33 AM    4    0.00    0.00    0.00    0.00    0.00    0.00    0.00    0.00    0.00  100.00
07:25:33 AM    5    0.00    0.00    0.00    0.00    0.00    0.00    0.00    0.00    0.00  100.00
07:25:33 AM    6    0.00    0.00    0.00    0.00    0.00    0.00    0.00    0.00    0.00  100.00
07:25:33 AM    7    0.00    0.00    0.00    0.00    0.00    0.00    0.00    0.00    0.00  100.00

07:25:33 AM  CPU    %usr   %nice    %sys %iowait    %irq   %soft  %steal  %guest  %gnice   %idle
07:25:34 AM  all    0.38    0.00   30.65    0.00    0.25    0.25    0.00    0.00    0.00   68.47
07:25:34 AM    0    1.02    0.00   72.45    0.00    1.02    0.00    0.00    0.00    0.00   25.51
07:25:34 AM    1    2.00    0.00   73.00    0.00    1.00    0.00    0.00    0.00    0.00   24.00
07:25:34 AM    2    0.00    0.00  100.00    0.00    0.00    0.00    0.00    0.00    0.00    0.00
07:25:34 AM    3    0.00    0.00    0.00    0.00    0.00    2.02    0.00    0.00    0.00   97.98
07:25:34 AM    4    0.00    0.00    0.00    0.00    0.00    0.00    0.00    0.00    0.00  100.00
07:25:34 AM    5    0.00    0.00    0.00    0.00    0.00    0.00    0.00    0.00    0.00  100.00
07:25:34 AM    6    0.00    0.00    0.00    0.00    0.00    0.00    0.00    0.00    0.00  100.00
07:25:34 AM    7    0.00    0.00    0.00    0.00    0.00    0.00    0.00    0.00    0.00  100.00

07:25:34 AM  CPU    %usr   %nice    %sys %iowait    %irq   %soft  %steal  %guest  %gnice   %idle
07:25:35 AM  all    0.25    0.00   29.56    0.00    0.00    0.25    0.00    0.00    0.00   69.94
07:25:35 AM    0    1.03    0.00   73.20    0.00    0.00    0.00    0.00    0.00    0.00   25.77
07:25:35 AM    1    1.02    0.00   65.31    0.00    0.00    0.00    0.00    0.00    0.00   33.67
07:25:35 AM    2    0.00    0.00  100.00    0.00    0.00    0.00    0.00    0.00    0.00    0.00
07:25:35 AM    3    0.00    0.00    0.00    0.00    0.00    1.01    0.00    0.00    0.00   98.99
07:25:35 AM    4    0.00    0.00    0.00    0.00    0.00    0.99    0.00    0.00    0.00   99.01
07:25:35 AM    5    0.00    0.00    0.00    0.00    0.00    0.00    0.00    0.00    0.00  100.00
07:25:35 AM    6    0.00    0.00    0.00    0.00    0.00    0.00    0.00    0.00    0.00  100.00
07:25:35 AM    7    0.00    0.00    0.00    0.00    0.00    0.00    0.00    0.00    0.00  100.00

07:25:35 AM  CPU    %usr   %nice    %sys %iowait    %irq   %soft  %steal  %guest  %gnice   %idle
07:25:36 AM  all    0.25    0.00   32.49    0.00    0.00    0.25    0.00    0.00    0.00   67.00
07:25:36 AM    0    1.04    0.00   81.25    0.00    0.00    0.00    0.00    0.00    0.00   17.71
07:25:36 AM    1    1.03    0.00   81.44    0.00    0.00    0.00    0.00    0.00    0.00   17.53
07:25:36 AM    2    0.00    0.00  100.00    0.00    0.00    0.00    0.00    0.00    0.00    0.00
07:25:36 AM    3    0.00    0.00    0.00    0.00    0.00    2.02    0.00    0.00    0.00   97.98
07:25:36 AM    4    0.00    0.00    0.00    0.00    0.00    0.00    0.00    0.00    0.00  100.00
07:25:36 AM    5    0.00    0.00    0.00    0.00    0.00    0.00    0.00    0.00    0.00  100.00
07:25:36 AM    6    0.00    0.00    0.00    0.00    0.00    0.00    0.00    0.00    0.00  100.00
07:25:36 AM    7    0.00    0.00    0.00    0.00    0.00    0.00    0.00    0.00    0.00  100.00

07:25:36 AM  CPU    %usr   %nice    %sys %iowait    %irq   %soft  %steal  %guest  %gnice   %idle
07:25:37 AM  all    0.37    0.00   30.14    0.00    0.37    0.50    0.00    0.00    0.00   68.62
07:25:37 AM    0    1.96    0.00   69.61    0.00    0.98    0.98    0.00    0.00    0.00   26.47
07:25:37 AM    1    1.00    0.00   71.00    0.00    1.00    1.00    0.00    0.00    0.00   26.00
07:25:37 AM    2    0.00    0.00  100.00    0.00    0.00    0.00    0.00    0.00    0.00    0.00
07:25:37 AM    3    0.00    0.00    0.00    0.00    0.99    1.98    0.00    0.00    0.00   97.03
07:25:37 AM    4    0.00    0.00    0.00    0.00    0.00    0.00    0.00    0.00    0.00  100.00
07:25:37 AM    5    0.00    0.00    0.00    0.00    0.00    0.00    0.00    0.00    0.00  100.00
07:25:37 AM    6    0.00    0.00    0.00    0.00    0.00    0.00    0.00    0.00    0.00  100.00
07:25:37 AM    7    0.00    0.00    0.00    0.00    0.00    0.00    0.00    0.00    0.00  100.00

07:25:37 AM  CPU    %usr   %nice    %sys %iowait    %irq   %soft  %steal  %guest  %gnice   %idle
07:25:38 AM  all    0.25    0.00   29.18    0.00    0.00    0.25    0.00    0.00    0.00   70.31
07:25:38 AM    0    1.04    0.00   63.54    0.00    0.00    0.00    0.00    0.00    0.00   35.42
07:25:38 AM    1    1.01    0.00   71.72    0.00    0.00    0.00    0.00    0.00    0.00   27.27
07:25:38 AM    2    0.00    0.00  100.00    0.00    0.00    0.00    0.00    0.00    0.00    0.00
07:25:38 AM    3    0.00    0.00    0.00    0.00    0.00    2.00    0.00    0.00    0.00   98.00
07:25:38 AM    4    0.00    0.00    0.00    0.00    0.00    0.00    0.00    0.00    0.00  100.00
07:25:38 AM    5    0.00    0.00    0.00    0.00    0.00    0.00    0.00    0.00    0.00  100.00
07:25:38 AM    6    0.00    0.00    0.00    0.00    0.00    0.00    0.00    0.00    0.00  100.00
07:25:38 AM    7    0.00    0.00    0.00    0.00    0.00    0.00    0.00    0.00    0.00  100.00

07:25:38 AM  CPU    %usr   %nice    %sys %iowait    %irq   %soft  %steal  %guest  %gnice   %idle
07:25:39 AM  all    0.38    0.00   29.86    0.00    0.00    0.38    0.00    0.00    0.00   69.39
07:25:39 AM    0    2.00    0.00   69.00    0.00    0.00    0.00    0.00    0.00    0.00   29.00
07:25:39 AM    1    1.02    0.00   70.41    0.00    0.00    0.00    0.00    0.00    0.00   28.57
07:25:39 AM    2    0.00    0.00  100.00    0.00    0.00    0.00    0.00    0.00    0.00    0.00
07:25:39 AM    3    0.00    0.00    0.00    0.00    0.00    2.02    0.00    0.00    0.00   97.98
07:25:39 AM    4    0.00    0.00    0.00    0.00    0.00    1.00    0.00    0.00    0.00   99.00
07:25:39 AM    5    0.00    0.00    0.00    0.00    0.00    0.00    0.00    0.00    0.00  100.00
07:25:39 AM    6    0.00    0.00    0.00    0.00    0.00    0.00    0.00    0.00    0.00  100.00
07:25:39 AM    7    0.00    0.00    0.00    0.00    0.00    0.00    0.00    0.00    0.00  100.00

07:25:39 AM  CPU    %usr   %nice    %sys %iowait    %irq   %soft  %steal  %guest  %gnice   %idle
07:25:40 AM  all    0.25    0.00   29.74    0.00    0.13    0.25    0.00    0.00    0.00   69.64
07:25:40 AM    0    1.01    0.00   69.70    0.00    1.01    0.00    0.00    0.00    0.00   28.28
07:25:40 AM    1    1.02    0.00   69.39    0.00    0.00    0.00    0.00    0.00    0.00   29.59
07:25:40 AM    2    0.00    0.00  100.00    0.00    0.00    0.00    0.00    0.00    0.00    0.00
07:25:40 AM    3    0.00    0.00    0.00    0.00    0.00    2.00    0.00    0.00    0.00   98.00
07:25:40 AM    4    0.00    0.00    0.00    0.00    0.00    0.00    0.00    0.00    0.00  100.00
07:25:40 AM    5    0.00    0.00    0.00    0.00    0.00    0.00    0.00    0.00    0.00  100.00
07:25:40 AM    6    0.00    0.00    0.00    0.00    0.00    0.00    0.00    0.00    0.00  100.00
07:25:40 AM    7    0.00    0.00    0.00    0.00    0.00    0.00    0.00    0.00    0.00  100.00

07:25:40 AM  CPU    %usr   %nice    %sys %iowait    %irq   %soft  %steal  %guest  %gnice   %idle
07:25:41 AM  all    0.25    0.00   29.29    0.00    0.38    0.25    0.00    0.00    0.00   69.84
07:25:41 AM    0    1.00    0.00   77.00    0.00    0.00    0.00    0.00    0.00    0.00   22.00
07:25:41 AM    1    1.02    0.00   58.16    0.00    1.02    0.00    0.00    0.00    0.00   39.80
07:25:41 AM    2    0.00    0.00  100.00    0.00    0.00    0.00    0.00    0.00    0.00    0.00
07:25:41 AM    3    0.00    0.00    0.00    0.00    0.99    1.98    0.00    0.00    0.00   97.03
07:25:41 AM    4    0.00    0.00    0.00    0.00    1.00    0.00    0.00    0.00    0.00   99.00
07:25:41 AM    5    0.00    0.00    0.00    0.00    0.00    0.00    0.00    0.00    0.00  100.00
07:25:41 AM    6    0.00    0.00    0.00    0.00    0.00    0.00    0.00    0.00    0.00  100.00
07:25:41 AM    7    0.00    0.00    0.00    0.00    0.00    0.00    0.00    0.00    0.00  100.00

07:25:41 AM  CPU    %usr   %nice    %sys %iowait    %irq   %soft  %steal  %guest  %gnice   %idle
07:25:42 AM  all    0.25    0.00   29.15    0.00    0.00    0.25    0.00    0.00    0.00   70.35
07:25:42 AM    0    1.00    0.00   70.00    0.00    0.00    1.00    0.00    0.00    0.00   28.00
07:25:42 AM    1    1.03    0.00   63.92    0.00    0.00    0.00    0.00    0.00    0.00   35.05
07:25:42 AM    2    0.00    0.00  100.00    0.00    0.00    0.00    0.00    0.00    0.00    0.00
07:25:42 AM    3    0.00    0.00    0.00    0.00    0.00    1.01    0.00    0.00    0.00   98.99
07:25:42 AM    4    0.00    0.00    0.00    0.00    0.00    0.00    0.00    0.00    0.00  100.00
07:25:42 AM    5    0.00    0.00    0.00    0.00    0.00    0.00    0.00    0.00    0.00  100.00
07:25:42 AM    6    0.00    0.00    0.00    0.00    0.00    0.00    0.00    0.00    0.00  100.00
07:25:42 AM    7    0.00    0.00    0.00    0.00    0.00    0.00    0.00    0.00    0.00  100.00

07:25:42 AM  CPU    %usr   %nice    %sys %iowait    %irq   %soft  %steal  %guest  %gnice   %idle
07:25:43 AM  all    0.25    0.00   28.70    0.00    0.13    0.38    0.00    0.00    0.00   70.55
07:25:43 AM    0    1.01    0.00   64.65    0.00    1.01    0.00    0.00    0.00    0.00   33.33
07:25:43 AM    1    1.00    0.00   65.00    0.00    0.00    0.00    0.00    0.00    0.00   34.00
07:25:43 AM    2    0.00    0.00  100.00    0.00    0.00    0.00    0.00    0.00    0.00    0.00
07:25:43 AM    3    0.00    0.00    0.00    0.00    0.00    2.02    0.00    0.00    0.00   97.98
07:25:43 AM    4    0.00    0.00    0.00    0.00    0.00    1.00    0.00    0.00    0.00   99.00
07:25:43 AM    5    0.00    0.00    0.00    0.00    0.00    0.00    0.00    0.00    0.00  100.00
07:25:43 AM    6    0.00    0.00    0.00    0.00    0.00    0.00    0.00    0.00    0.00  100.00
07:25:43 AM    7    0.00    0.00    0.00    0.00    0.00    0.00    0.00    0.00    0.00  100.00

07:25:43 AM  CPU    %usr   %nice    %sys %iowait    %irq   %soft  %steal  %guest  %gnice   %idle
07:25:44 AM  all    0.25    0.00   28.43    0.00    0.00    0.25    0.00    0.00    0.00   71.07
07:25:44 AM    0    1.03    0.00   64.95    0.00    0.00    0.00    0.00    0.00    0.00   34.02
07:25:44 AM    1    1.02    0.00   64.29    0.00    0.00    0.00    0.00    0.00    0.00   34.69
07:25:44 AM    2    0.00    0.00  100.00    0.00    0.00    0.00    0.00    0.00    0.00    0.00
07:25:44 AM    3    0.00    0.00    0.00    0.00    0.00    2.00    0.00    0.00    0.00   98.00
07:25:44 AM    4    0.00    0.00    0.00    0.00    0.00    0.00    0.00    0.00    0.00  100.00
07:25:44 AM    5    0.00    0.00    0.00    0.00    0.00    0.00    0.00    0.00    0.00  100.00
07:25:44 AM    6    0.00    0.00    0.00    0.00    0.00    0.00    0.00    0.00    0.00  100.00
07:25:44 AM    7    0.00    0.00    0.00    0.00    0.00    0.00    0.00    0.00    0.00  100.00

07:25:44 AM  CPU    %usr   %nice    %sys %iowait    %irq   %soft  %steal  %guest  %gnice   %idle
07:25:45 AM  all    0.38    0.00   30.36    0.00    0.13    0.25    0.00    0.00    0.00   68.88
07:25:45 AM    0    1.01    0.00   73.74    0.00    0.00    0.00    0.00    0.00    0.00   25.25
07:25:45 AM    1    2.04    0.00   70.41    0.00    1.02    0.00    0.00    0.00    0.00   26.53
07:25:45 AM    2    0.00    0.00  100.00    0.00    0.00    0.00    0.00    0.00    0.00    0.00
07:25:45 AM    3    0.00    0.00    0.00    0.00    0.00    2.00    0.00    0.00    0.00   98.00
07:25:45 AM    4    0.00    0.00    0.00    0.00    0.00    0.00    0.00    0.00    0.00  100.00
07:25:45 AM    5    0.00    0.00    0.00    0.00    0.00    0.00    0.00    0.00    0.00  100.00
07:25:45 AM    6    0.00    0.00    0.00    0.00    0.00    0.00    0.00    0.00    0.00  100.00
07:25:45 AM    7    0.00    0.00    0.00    0.00    0.00    0.00    0.00    0.00    0.00  100.00

07:25:45 AM  CPU    %usr   %nice    %sys %iowait    %irq   %soft  %steal  %guest  %gnice   %idle
07:25:46 AM  all    0.25    0.00   30.20    0.00    0.25    0.38    0.00    0.00    0.00   68.92
07:25:46 AM    0    1.02    0.00   71.43    0.00    1.02    0.00    0.00    0.00    0.00   26.53
07:25:46 AM    1    0.99    0.00   70.30    0.00    0.00    0.99    0.00    0.00    0.00   27.72
07:25:46 AM    2    0.00    0.00  100.00    0.00    0.00    0.00    0.00    0.00    0.00    0.00
07:25:46 AM    3    0.00    0.00    0.00    0.00    1.00    2.00    0.00    0.00    0.00   97.00
07:25:46 AM    4    0.00    0.00    0.00    0.00    0.00    0.00    0.00    0.00    0.00  100.00
07:25:46 AM    5    0.00    0.00    0.00    0.00    0.00    0.00    0.00    0.00    0.00  100.00
07:25:46 AM    6    0.00    0.00    0.00    0.00    0.00    0.00    0.00    0.00    0.00  100.00
07:25:46 AM    7    0.00    0.00    0.00    0.00    0.00    0.00    0.00    0.00    0.00  100.00

07:25:46 AM  CPU    %usr   %nice    %sys %iowait    %irq   %soft  %steal  %guest  %gnice   %idle
07:25:47 AM  all    0.13    0.00   29.27    0.00    0.00    0.50    0.00    0.00    0.00   70.10
07:25:47 AM    0    0.00    0.00   71.72    0.00    0.00    1.01    0.00    0.00    0.00   27.27
07:25:47 AM    1    1.04    0.00   64.58    0.00    0.00    0.00    0.00    0.00    0.00   34.38
07:25:47 AM    2    0.00    0.00  100.00    0.00    0.00    0.00    0.00    0.00    0.00    0.00
07:25:47 AM    3    0.00    0.00    0.00    0.00    0.00    2.00    0.00    0.00    0.00   98.00
07:25:47 AM    4    0.00    0.00    0.00    0.00    0.00    0.99    0.00    0.00    0.00   99.01
07:25:47 AM    5    0.00    0.00    0.00    0.00    0.00    0.00    0.00    0.00    0.00  100.00
07:25:47 AM    6    0.00    0.00    0.00    0.00    0.00    0.00    0.00    0.00    0.00  100.00
07:25:47 AM    7    0.00    0.00    0.00    0.00    0.00    0.00    0.00    0.00    0.00  100.00

07:25:47 AM  CPU    %usr   %nice    %sys %iowait    %irq   %soft  %steal  %guest  %gnice   %idle
07:25:48 AM  all    0.50    0.00   29.29    0.00    0.13    0.25    0.00    0.00    0.00   69.84
07:25:48 AM    0    2.02    0.00   68.69    0.00    0.00    0.00    0.00    0.00    0.00   29.29
07:25:48 AM    1    1.98    0.00   65.35    0.00    0.99    0.00    0.00    0.00    0.00   31.68
07:25:48 AM    2    0.00    0.00  100.00    0.00    0.00    0.00    0.00    0.00    0.00    0.00
07:25:48 AM    3    0.00    0.00    0.00    0.00    0.00    2.00    0.00    0.00    0.00   98.00
07:25:48 AM    4    0.00    0.00    0.00    0.00    0.00    0.00    0.00    0.00    0.00  100.00
07:25:48 AM    5    0.00    0.00    0.00    0.00    0.00    0.00    0.00    0.00    0.00  100.00
07:25:48 AM    6    0.00    0.00    0.00    0.00    0.00    0.00    0.00    0.00    0.00  100.00
07:25:48 AM    7    0.00    0.00    0.00    0.00    0.00    0.00    0.00    0.00    0.00  100.00

07:25:48 AM  CPU    %usr   %nice    %sys %iowait    %irq   %soft  %steal  %guest  %gnice   %idle
07:25:49 AM  all    0.25    0.00   29.49    0.00    0.13    0.25    0.00    0.00    0.00   69.89
07:25:49 AM    0    1.01    0.00   66.67    0.00    1.01    0.00    0.00    0.00    0.00   31.31
07:25:49 AM    1    1.01    0.00   69.70    0.00    0.00    0.00    0.00    0.00    0.00   29.29
07:25:49 AM    2    0.00    0.00  100.00    0.00    0.00    0.00    0.00    0.00    0.00    0.00
07:25:49 AM    3    0.00    0.00    0.00    0.00    0.00    2.02    0.00    0.00    0.00   97.98
07:25:49 AM    4    0.00    0.00    0.00    0.00    0.00    0.00    0.00    0.00    0.00  100.00
07:25:49 AM    5    0.00    0.00    0.00    0.00    0.00    0.00    0.00    0.00    0.00  100.00
07:25:49 AM    6    0.00    0.00    0.00    0.00    0.00    0.00    0.00    0.00    0.00  100.00
07:25:49 AM    7    0.00    0.00    0.00    0.00    0.00    0.00    0.00    0.00    0.00  100.00

07:25:49 AM  CPU    %usr   %nice    %sys %iowait    %irq   %soft  %steal  %guest  %gnice   %idle
07:25:50 AM  all    0.38    0.00   29.65    0.00    0.13    0.38    0.00    0.00    0.00   69.47
07:25:50 AM    0    2.06    0.00   70.10    0.00    0.00    0.00    0.00    0.00    0.00   27.84
07:25:50 AM    1    1.02    0.00   69.39    0.00    0.00    0.00    0.00    0.00    0.00   29.59
07:25:50 AM    2    0.00    0.00  100.00    0.00    0.00    0.00    0.00    0.00    0.00    0.00
07:25:50 AM    3    0.00    0.00    0.00    0.00    0.99    1.98    0.00    0.00    0.00   97.03
07:25:50 AM    4    0.00    0.00    0.00    0.00    0.00    1.00    0.00    0.00    0.00   99.00
07:25:50 AM    5    0.00    0.00    0.00    0.00    0.00    0.00    0.00    0.00    0.00  100.00
07:25:50 AM    6    0.00    0.00    0.00    0.00    0.00    0.00    0.00    0.00    0.00  100.00
07:25:50 AM    7    0.00    0.00    0.00    0.00    0.00    0.00    0.00    0.00    0.00  100.00

07:25:50 AM  CPU    %usr   %nice    %sys %iowait    %irq   %soft  %steal  %guest  %gnice   %idle
07:25:51 AM  all    0.25    0.00   28.68    0.00    0.00    0.13    0.00    0.00    0.00   70.94
07:25:51 AM    0    1.02    0.00   71.43    0.00    0.00    0.00    0.00    0.00    0.00   27.55
07:25:51 AM    1    1.02    0.00   59.18    0.00    0.00    0.00    0.00    0.00    0.00   39.80
07:25:51 AM    2    0.00    0.00  100.00    0.00    0.00    0.00    0.00    0.00    0.00    0.00
07:25:51 AM    3    0.00    0.00    0.00    0.00    0.00    1.01    0.00    0.00    0.00   98.99
07:25:51 AM    4    0.00    0.00    0.00    0.00    0.00    0.00    0.00    0.00    0.00  100.00
07:25:51 AM    5    0.00    0.00    0.00    0.00    0.00    0.00    0.00    0.00    0.00  100.00
07:25:51 AM    6    0.00    0.00    0.00    0.00    0.00    0.00    0.00    0.00    0.00  100.00
07:25:51 AM    7    0.00    0.00    0.00    0.00    0.00    0.00    0.00    0.00    0.00  100.00

07:25:51 AM  CPU    %usr   %nice    %sys %iowait    %irq   %soft  %steal  %guest  %gnice   %idle
07:25:52 AM  all    0.50    0.00   30.84    0.00    0.25    0.37    0.00    0.00    0.00   68.04
07:25:52 AM    0    1.98    0.00   77.23    0.00    0.99    0.99    0.00    0.00    0.00   18.81
07:25:52 AM    1    2.00    0.00   69.00    0.00    1.00    0.00    0.00    0.00    0.00   28.00
07:25:52 AM    2    0.00    0.00  100.00    0.00    0.00    0.00    0.00    0.00    0.00    0.00
07:25:52 AM    3    0.00    0.00    0.00    0.00    0.00    2.00    0.00    0.00    0.00   98.00
07:25:52 AM    4    0.00    0.00    0.00    0.00    0.00    0.00    0.00    0.00    0.00  100.00
07:25:52 AM    5    0.00    0.00    0.00    0.00    0.00    0.00    0.00    0.00    0.00  100.00
07:25:52 AM    6    0.00    0.00    0.00    0.00    0.00    0.00    0.00    0.00    0.00  100.00
07:25:52 AM    7    0.00    0.00    0.00    0.00    0.00    0.00    0.00    0.00    0.00  100.00

07:25:52 AM  CPU    %usr   %nice    %sys %iowait    %irq   %soft  %steal  %guest  %gnice   %idle
07:25:53 AM  all    0.25    0.00   32.16    0.00    0.13    0.25    0.00    0.00    0.00   67.21
07:25:53 AM    0    1.01    0.00   79.80    0.00    0.00    0.00    0.00    0.00    0.00   19.19
07:25:53 AM    1    1.02    0.00   78.57    0.00    0.00    0.00    0.00    0.00    0.00   20.41
07:25:53 AM    2    0.00    0.00  100.00    0.00    0.00    0.00    0.00    0.00    0.00    0.00
07:25:53 AM    3    0.00    0.00    0.00    0.00    0.00    2.02    0.00    0.00    0.00   97.98
07:25:53 AM    4    0.00    0.00    0.00    0.00    1.00    0.00    0.00    0.00    0.00   99.00
07:25:53 AM    5    0.00    0.00    0.00    0.00    0.00    0.00    0.00    0.00    0.00  100.00
07:25:53 AM    6    0.00    0.00    0.00    0.00    0.00    0.00    0.00    0.00    0.00  100.00
07:25:53 AM    7    0.00    0.00    0.00    0.00    0.00    0.00    0.00    0.00    0.00  100.00

07:25:53 AM  CPU    %usr   %nice    %sys %iowait    %irq   %soft  %steal  %guest  %gnice   %idle
07:25:54 AM  all    0.38    0.00   29.16    0.00    0.00    0.50    0.00    0.00    0.00   69.96
07:25:54 AM    0    2.00    0.00   68.00    0.00    0.00    0.00    0.00    0.00    0.00   30.00
07:25:54 AM    1    1.02    0.00   66.33    0.00    0.00    1.02    0.00    0.00    0.00   31.63
07:25:54 AM    2    0.00    0.00  100.00    0.00    0.00    0.00    0.00    0.00    0.00    0.00
07:25:54 AM    3    0.00    0.00    0.00    0.00    0.00    2.00    0.00    0.00    0.00   98.00
07:25:54 AM    4    0.00    0.00    0.00    0.00    0.00    0.99    0.00    0.00    0.00   99.01
07:25:54 AM    5    0.00    0.00    0.00    0.00    0.00    0.00    0.00    0.00    0.00  100.00
07:25:54 AM    6    0.00    0.00    0.00    0.00    0.00    0.00    0.00    0.00    0.00  100.00
07:25:54 AM    7    0.00    0.00    0.00    0.00    0.00    0.00    0.00    0.00    0.00  100.00

07:25:54 AM  CPU    %usr   %nice    %sys %iowait    %irq   %soft  %steal  %guest  %gnice   %idle
07:25:55 AM  all    0.13    0.00   29.40    0.00    0.38    0.25    0.00    0.00    0.00   69.85
07:25:55 AM    0    1.00    0.00   63.00    0.00    1.00    0.00    0.00    0.00    0.00   35.00
07:25:55 AM    1    0.00    0.00   73.20    0.00    1.03    0.00    0.00    0.00    0.00   25.77
07:25:55 AM    2    0.00    0.00  100.00    0.00    0.00    0.00    0.00    0.00    0.00    0.00
07:25:55 AM    3    0.00    0.00    0.00    0.00    1.00    2.00    0.00    0.00    0.00   97.00
07:25:55 AM    4    0.00    0.00    0.00    0.00    0.00    0.00    0.00    0.00    0.00  100.00
07:25:55 AM    5    0.00    0.00    0.00    0.00    0.00    0.00    0.00    0.00    0.00  100.00
07:25:55 AM    6    0.00    0.00    0.00    0.00    0.00    0.00    0.00    0.00    0.00  100.00
07:25:55 AM    7    0.00    0.00    0.00    0.00    0.00    0.00    0.00    0.00    0.00  100.00

07:25:55 AM  CPU    %usr   %nice    %sys %iowait    %irq   %soft  %steal  %guest  %gnice   %idle
07:25:56 AM  all    0.50    0.00   29.69    0.00    0.00    0.25    0.00    0.00    0.00   69.56
07:25:56 AM    0    2.04    0.00   72.45    0.00    0.00    0.00    0.00    0.00    0.00   25.51
07:25:56 AM    1    2.06    0.00   67.01    0.00    0.00    0.00    0.00    0.00    0.00   30.93
07:25:56 AM    2    0.00    0.00  100.00    0.00    0.00    0.00    0.00    0.00    0.00    0.00
07:25:56 AM    3    0.00    0.00    0.00    0.00    0.00    2.00    0.00    0.00    0.00   98.00
07:25:56 AM    4    0.00    0.00    0.00    0.00    0.00    0.00    0.00    0.00    0.00  100.00
07:25:56 AM    5    0.00    0.00    0.00    0.00    0.00    0.00    0.00    0.00    0.00  100.00
07:25:56 AM    6    0.00    0.00    0.00    0.00    0.00    0.00    0.00    0.00    0.00  100.00
07:25:56 AM    7    0.00    0.00    0.00    0.00    0.00    0.00    0.00    0.00    0.00  100.00

07:25:56 AM  CPU    %usr   %nice    %sys %iowait    %irq   %soft  %steal  %guest  %gnice   %idle
07:25:57 AM  all    0.25    0.00   28.73    0.00    0.00    0.38    0.00    0.00    0.00   70.64
07:25:57 AM    0    1.01    0.00   65.66    0.00    0.00    1.01    0.00    0.00    0.00   32.32
07:25:57 AM    1    1.01    0.00   64.65    0.00    0.00    0.00    0.00    0.00    0.00   34.34
07:25:57 AM    2    0.00    0.00  100.00    0.00    0.00    0.00    0.00    0.00    0.00    0.00
07:25:57 AM    3    0.00    0.00    0.00    0.00    0.00    2.00    0.00    0.00    0.00   98.00
07:25:57 AM    4    0.00    0.00    0.00    0.00    0.00    0.00    0.00    0.00    0.00  100.00
07:25:57 AM    5    0.00    0.00    0.00    0.00    0.00    0.00    0.00    0.00    0.00  100.00
07:25:57 AM    6    0.00    0.00    0.00    0.00    0.00    0.00    0.00    0.00    0.00  100.00
07:25:57 AM    7    0.00    0.00    0.00    0.00    0.00    0.00    0.00    0.00    0.00  100.00

07:25:57 AM  CPU    %usr   %nice    %sys %iowait    %irq   %soft  %steal  %guest  %gnice   %idle
07:25:58 AM  all    0.13    0.00   29.16    0.00    0.13    0.38    0.00    0.00    0.00   70.21
07:25:58 AM    0    0.98    0.00   67.65    0.00    0.98    0.00    0.00    0.00    0.00   30.39
07:25:58 AM    1    0.00    0.00   65.98    0.00    0.00    0.00    0.00    0.00    0.00   34.02
07:25:58 AM    2    0.00    0.00  100.00    0.00    0.00    0.00    0.00    0.00    0.00    0.00
07:25:58 AM    3    0.00    0.00    0.00    0.00    0.00    2.02    0.00    0.00    0.00   97.98
07:25:58 AM    4    0.00    0.00    0.00    0.00    0.00    0.99    0.00    0.00    0.00   99.01
07:25:58 AM    5    0.00    0.00    0.00    0.00    0.00    0.00    0.00    0.00    0.00  100.00
07:25:58 AM    6    0.00    0.00    0.00    0.00    0.00    0.00    0.00    0.00    0.00  100.00
07:25:58 AM    7    0.00    0.00    0.00    0.00    0.00    0.00    0.00    0.00    0.00  100.00

07:25:58 AM  CPU    %usr   %nice    %sys %iowait    %irq   %soft  %steal  %guest  %gnice   %idle
07:25:59 AM  all    0.50    0.00   28.70    0.00    0.13    0.13    0.00    0.00    0.00   70.55
07:25:59 AM    0    1.01    0.00   66.67    0.00    0.00    0.00    0.00    0.00    0.00   32.32
07:25:59 AM    1    3.00    0.00   63.00    0.00    1.00    0.00    0.00    0.00    0.00   33.00
07:25:59 AM    2    0.00    0.00  100.00    0.00    0.00    0.00    0.00    0.00    0.00    0.00
07:25:59 AM    3    0.00    0.00    0.00    0.00    0.00    1.01    0.00    0.00    0.00   98.99
07:25:59 AM    4    0.00    0.00    0.00    0.00    0.00    0.00    0.00    0.00    0.00  100.00
07:25:59 AM    5    0.00    0.00    0.00    0.00    0.00    0.00    0.00    0.00    0.00  100.00
07:25:59 AM    6    0.00    0.00    0.00    0.00    0.00    0.00    0.00    0.00    0.00  100.00
07:25:59 AM    7    0.00    0.00    0.00    0.00    0.00    0.00    0.00    0.00    0.00  100.00

07:25:59 AM  CPU    %usr   %nice    %sys %iowait    %irq   %soft  %steal  %guest  %gnice   %idle
07:26:00 AM  all    0.25    0.00   28.68    0.00    0.13    0.25    0.00    0.00    0.00   70.69
07:26:00 AM    0    2.02    0.00   67.68    0.00    0.00    0.00    0.00    0.00    0.00   30.30
07:26:00 AM    1    0.00    0.00   63.54    0.00    0.00    0.00    0.00    0.00    0.00   36.46
07:26:00 AM    2    0.00    0.00  100.00    0.00    0.00    0.00    0.00    0.00    0.00    0.00
07:26:00 AM    3    0.00    0.00    0.00    0.00    0.99    1.98    0.00    0.00    0.00   97.03
07:26:00 AM    4    0.00    0.00    0.00    0.00    0.00    0.00    0.00    0.00    0.00  100.00
07:26:00 AM    5    0.00    0.00    0.00    0.00    0.00    0.00    0.00    0.00    0.00  100.00
07:26:00 AM    6    0.00    0.00    0.00    0.00    0.00    0.00    0.00    0.00    0.00  100.00
07:26:00 AM    7    0.00    0.00    0.00    0.00    0.00    0.00    0.00    0.00    0.00  100.00

07:26:00 AM  CPU    %usr   %nice    %sys %iowait    %irq   %soft  %steal  %guest  %gnice   %idle
07:26:01 AM  all    0.25    0.00   29.43    0.00    0.13    0.25    0.00    0.00    0.00   69.94
07:26:01 AM    0    1.01    0.00   68.69    0.00    1.01    0.00    0.00    0.00    0.00   29.29
07:26:01 AM    1    1.03    0.00   68.04    0.00    0.00    0.00    0.00    0.00    0.00   30.93
07:26:01 AM    2    0.00    0.00  100.00    0.00    0.00    0.00    0.00    0.00    0.00    0.00
07:26:01 AM    3    0.00    0.00    0.00    0.00    0.00    2.02    0.00    0.00    0.00   97.98
07:26:01 AM    4    0.00    0.00    0.00    0.00    0.00    0.00    0.00    0.00    0.00  100.00
07:26:01 AM    5    0.00    0.00    0.00    0.00    0.00    0.00    0.00    0.00    0.00  100.00
07:26:01 AM    6    0.00    0.00    0.00    0.00    0.00    0.00    0.00    0.00    0.00  100.00
07:26:01 AM    7    0.00    0.00    0.00    0.00    0.00    0.00    0.00    0.00    0.00  100.00

07:26:01 AM  CPU    %usr   %nice    %sys %iowait    %irq   %soft  %steal  %guest  %gnice   %idle
07:26:02 AM  all    0.38    0.00   28.54    0.00    0.13    0.63    0.00    0.00    0.00   70.34
07:26:02 AM    0    1.01    0.00   67.68    0.00    0.00    1.01    0.00    0.00    0.00   30.30
07:26:02 AM    1    2.00    0.00   61.00    0.00    1.00    1.00    0.00    0.00    0.00   35.00
07:26:02 AM    2    0.00    0.00  100.00    0.00    0.00    0.00    0.00    0.00    0.00    0.00
07:26:02 AM    3    0.00    0.00    0.00    0.00    0.00    2.00    0.00    0.00    0.00   98.00
07:26:02 AM    4    0.00    0.00    0.00    0.00    0.00    1.00    0.00    0.00    0.00   99.00
07:26:02 AM    5    0.00    0.00    0.00    0.00    0.00    0.00    0.00    0.00    0.00  100.00
07:26:02 AM    6    0.00    0.00    0.00    0.00    0.00    0.00    0.00    0.00    0.00  100.00
07:26:02 AM    7    0.00    0.00    0.00    0.00    0.00    0.00    0.00    0.00    0.00  100.00

07:26:02 AM  CPU    %usr   %nice    %sys %iowait    %irq   %soft  %steal  %guest  %gnice   %idle
07:26:03 AM  all    0.50    0.00   30.33    0.00    0.00    0.25    0.00    0.00    0.00   68.92
07:26:03 AM    0    2.02    0.00   73.74    0.00    0.00    0.00    0.00    0.00    0.00   24.24
07:26:03 AM    1    2.02    0.00   69.70    0.00    0.00    0.00    0.00    0.00    0.00   28.28
07:26:03 AM    2    0.00    0.00  100.00    0.00    0.00    0.00    0.00    0.00    0.00    0.00
07:26:03 AM    3    0.00    0.00    0.00    0.00    0.00    2.00    0.00    0.00    0.00   98.00
07:26:03 AM    4    0.00    0.00    0.00    0.00    0.00    0.00    0.00    0.00    0.00  100.00
07:26:03 AM    5    0.00    0.00    0.00    0.00    0.00    0.00    0.00    0.00    0.00  100.00
07:26:03 AM    6    0.00    0.00    0.00    0.00    0.00    0.00    0.00    0.00    0.00  100.00
07:26:03 AM    7    0.00    0.00    0.00    0.00    0.00    0.00    0.00    0.00    0.00  100.00

07:26:03 AM  CPU    %usr   %nice    %sys %iowait    %irq   %soft  %steal  %guest  %gnice   %idle
07:26:04 AM  all    0.38    0.00   29.95    0.00    0.25    0.25    0.00    0.00    0.00   69.17
07:26:04 AM    0    2.00    0.00   68.00    0.00    1.00    0.00    0.00    0.00    0.00   29.00
07:26:04 AM    1    1.01    0.00   71.72    0.00    0.00    0.00    0.00    0.00    0.00   27.27
07:26:04 AM    2    0.00    0.00  100.00    0.00    0.00    0.00    0.00    0.00    0.00    0.00
07:26:04 AM    3    0.00    0.00    0.00    0.00    1.00    2.00    0.00    0.00    0.00   97.00
07:26:04 AM    4    0.00    0.00    0.00    0.00    0.00    0.00    0.00    0.00    0.00  100.00
07:26:04 AM    5    0.00    0.00    0.00    0.00    0.00    0.00    0.00    0.00    0.00  100.00
07:26:04 AM    6    0.00    0.00    0.00    0.00    0.00    0.00    0.00    0.00    0.00  100.00
07:26:04 AM    7    0.00    0.00    0.00    0.00    0.00    0.00    0.00    0.00    0.00  100.00

07:26:04 AM  CPU    %usr   %nice    %sys %iowait    %irq   %soft  %steal  %guest  %gnice   %idle
07:26:05 AM  all    0.25    0.00   29.57    0.50    0.13    0.38    0.00    0.00    0.00   69.17
07:26:05 AM    0    0.00    0.00   68.75    2.08    0.00    0.00    0.00    0.00    0.00   29.17
07:26:05 AM    1    1.96    0.00   71.57    1.96    0.98    0.00    0.00    0.00    0.00   23.53
07:26:05 AM    2    0.00    0.00   97.00    0.00    0.00    1.00    0.00    0.00    0.00    2.00
07:26:05 AM    3    0.00    0.00    0.00    0.00    0.00    2.00    0.00    0.00    0.00   98.00
07:26:05 AM    4    0.00    0.00    0.00    0.00    0.00    0.00    0.00    0.00    0.00  100.00
07:26:05 AM    5    0.00    0.00    0.00    0.00    0.00    0.00    0.00    0.00    0.00  100.00
07:26:05 AM    6    0.00    0.00    0.00    0.00    0.00    0.00    0.00    0.00    0.00  100.00
07:26:05 AM    7    0.00    0.00    0.00    0.00    0.00    0.00    0.00    0.00    0.00  100.00

07:26:05 AM  CPU    %usr   %nice    %sys %iowait    %irq   %soft  %steal  %guest  %gnice   %idle
07:26:06 AM  all    0.25    0.00   28.91    0.00    0.13    0.38    0.00    0.00    0.00   70.34
07:26:06 AM    0    2.04    0.00   68.37    0.00    0.00    0.00    0.00    0.00    0.00   29.59
07:26:06 AM    1    0.00    0.00   64.29    0.00    0.00    0.00    0.00    0.00    0.00   35.71
07:26:06 AM    2    0.00    0.00  100.00    0.00    0.00    0.00    0.00    0.00    0.00    0.00
07:26:06 AM    3    0.00    0.00    0.00    0.00    0.00    2.00    0.00    0.00    0.00   98.00
07:26:06 AM    4    0.00    0.00    0.00    0.00    0.98    0.98    0.00    0.00    0.00   98.04
07:26:06 AM    5    0.00    0.00    0.00    0.00    0.00    0.00    0.00    0.00    0.00  100.00
07:26:06 AM    6    0.00    0.00    0.00    0.00    0.00    0.00    0.00    0.00    0.00  100.00
07:26:06 AM    7    0.00    0.00    0.00    0.00    0.00    0.00    0.00    0.00    0.00  100.00

07:26:06 AM  CPU    %usr   %nice    %sys %iowait    %irq   %soft  %steal  %guest  %gnice   %idle
07:26:07 AM  all    0.25    0.00   29.07    0.00    0.13    0.38    0.00    0.00    0.00   70.18
07:26:07 AM    0    0.98    0.00   66.67    0.00    0.98    0.98    0.00    0.00    0.00   30.39
07:26:07 AM    1    1.03    0.00   65.98    0.00    0.00    0.00    0.00    0.00    0.00   32.99
07:26:07 AM    2    0.00    0.00  100.00    0.00    0.00    0.00    0.00    0.00    0.00    0.00
07:26:07 AM    3    0.00    0.00    0.00    0.00    0.00    2.00    0.00    0.00    0.00   98.00
07:26:07 AM    4    0.00    0.00    0.00    0.00    0.00    0.00    0.00    0.00    0.00  100.00
07:26:07 AM    5    0.00    0.00    0.00    0.00    0.00    0.00    0.00    0.00    0.00  100.00
07:26:07 AM    6    0.00    0.00    0.00    0.00    0.00    0.00    0.00    0.00    0.00  100.00
07:26:07 AM    7    0.00    0.00    0.00    0.00    0.00    0.00    0.00    0.00    0.00  100.00

07:26:07 AM  CPU    %usr   %nice    %sys %iowait    %irq   %soft  %steal  %guest  %gnice   %idle
07:26:08 AM  all    0.38    0.00   29.02    0.00    0.00    0.13    0.00    0.00    0.00   70.48
07:26:08 AM    0    1.02    0.00   66.33    0.00    0.00    0.00    0.00    0.00    0.00   32.65
07:26:08 AM    1    2.00    0.00   66.00    0.00    0.00    0.00    0.00    0.00    0.00   32.00
07:26:08 AM    2    0.00    0.00  100.00    0.00    0.00    0.00    0.00    0.00    0.00    0.00
07:26:08 AM    3    0.00    0.00    0.00    0.00    0.00    1.02    0.00    0.00    0.00   98.98
07:26:08 AM    4    0.00    0.00    0.00    0.00    0.00    0.00    0.00    0.00    0.00  100.00
07:26:08 AM    5    0.00    0.00    0.00    0.00    0.00    0.00    0.00    0.00    0.00  100.00
07:26:08 AM    6    0.00    0.00    0.00    0.00    0.00    0.00    0.00    0.00    0.00  100.00
07:26:08 AM    7    0.00    0.00    0.00    0.00    0.00    0.00    0.00    0.00    0.00  100.00

07:26:08 AM  CPU    %usr   %nice    %sys %iowait    %irq   %soft  %steal  %guest  %gnice   %idle
07:26:09 AM  all    0.25    0.00   29.49    0.00    0.25    0.38    0.00    0.00    0.00   69.64
07:26:09 AM    0    1.03    0.00   60.82    0.00    0.00    0.00    0.00    0.00    0.00   38.14
07:26:09 AM    1    1.02    0.00   77.55    0.00    1.02    0.00    0.00    0.00    0.00   20.41
07:26:09 AM    2    0.00    0.00  100.00    0.00    0.00    0.00    0.00    0.00    0.00    0.00
07:26:09 AM    3    0.00    0.00    0.00    0.00    0.98    2.94    0.00    0.00    0.00   96.08
07:26:09 AM    4    0.00    0.00    0.00    0.00    0.00    0.00    0.00    0.00    0.00  100.00
07:26:09 AM    5    0.00    0.00    0.00    0.00    0.00    0.00    0.00    0.00    0.00  100.00
07:26:09 AM    6    0.00    0.00    0.00    0.00    0.00    0.00    0.00    0.00    0.00  100.00
07:26:09 AM    7    0.00    0.00    0.00    0.00    0.00    0.00    0.00    0.00    0.00  100.00

07:26:09 AM  CPU    %usr   %nice    %sys %iowait    %irq   %soft  %steal  %guest  %gnice   %idle
07:26:10 AM  all    0.25    0.00   29.60    0.00    0.13    0.38    0.00    0.00    0.00   69.65
07:26:10 AM    0    1.02    0.00   67.35    0.00    1.02    0.00    0.00    0.00    0.00   30.61
07:26:10 AM    1    1.03    0.00   71.13    0.00    0.00    0.00    0.00    0.00    0.00   27.84
07:26:10 AM    2    0.00    0.00  100.00    0.00    0.00    0.00    0.00    0.00    0.00    0.00
07:26:10 AM    3    0.00    0.00    0.00    0.00    0.00    2.02    0.00    0.00    0.00   97.98
07:26:10 AM    4    0.00    0.00    0.00    0.00    0.00    1.00    0.00    0.00    0.00   99.00
07:26:10 AM    5    0.00    0.00    0.00    0.00    0.00    0.00    0.00    0.00    0.00  100.00
07:26:10 AM    6    0.00    0.00    0.00    0.00    0.00    0.00    0.00    0.00    0.00  100.00
07:26:10 AM    7    0.00    0.00    0.00    0.00    0.00    0.00    0.00    0.00    0.00  100.00

07:26:10 AM  CPU    %usr   %nice    %sys %iowait    %irq   %soft  %steal  %guest  %gnice   %idle
07:26:11 AM  all    0.25    0.00   29.04    0.00    0.00    0.38    0.00    0.00    0.00   70.34
07:26:11 AM    0    1.02    0.00   62.24    0.00    0.00    0.00    0.00    0.00    0.00   36.73
07:26:11 AM    1    0.99    0.00   70.30    0.00    0.00    0.99    0.00    0.00    0.00   27.72
07:26:11 AM    2    0.00    0.00  100.00    0.00    0.00    0.00    0.00    0.00    0.00    0.00
07:26:11 AM    3    0.00    0.00    0.00    0.00    0.00    2.00    0.00    0.00    0.00   98.00
07:26:11 AM    4    0.00    0.00    0.00    0.00    0.00    0.00    0.00    0.00    0.00  100.00
07:26:11 AM    5    0.00    0.00    0.00    0.00    0.00    0.00    0.00    0.00    0.00  100.00
07:26:11 AM    6    0.00    0.00    0.00    0.00    0.00    0.00    0.00    0.00    0.00  100.00
07:26:11 AM    7    0.00    0.00    0.00    0.00    0.00    0.00    0.00    0.00    0.00  100.00

07:26:11 AM  CPU    %usr   %nice    %sys %iowait    %irq   %soft  %steal  %guest  %gnice   %idle
07:26:12 AM  all    0.25    0.00   28.77    0.00    0.13    0.38    0.00    0.00    0.00   70.48
07:26:12 AM    0    1.01    0.00   64.65    0.00    0.00    1.01    0.00    0.00    0.00   33.33
07:26:12 AM    1    1.01    0.00   65.66    0.00    1.01    0.00    0.00    0.00    0.00   32.32
07:26:12 AM    2    0.00    0.00  100.00    0.00    0.00    0.00    0.00    0.00    0.00    0.00
07:26:12 AM    3    0.00    0.00    0.00    0.00    0.00    2.02    0.00    0.00    0.00   97.98
07:26:12 AM    4    0.00    0.00    0.00    0.00    0.00    0.00    0.00    0.00    0.00  100.00
07:26:12 AM    5    0.00    0.00    0.00    0.00    0.00    0.00    0.00    0.00    0.00  100.00
07:26:12 AM    6    0.00    0.00    0.00    0.00    0.00    0.00    0.00    0.00    0.00  100.00
07:26:12 AM    7    0.00    0.00    0.00    0.00    0.00    0.00    0.00    0.00    0.00  100.00

07:26:12 AM  CPU    %usr   %nice    %sys %iowait    %irq   %soft  %steal  %guest  %gnice   %idle
07:26:13 AM  all    0.38    0.00   28.23    0.00    0.25    0.13    0.00    0.00    0.00   71.02
07:26:13 AM    0    2.02    0.00   61.62    0.00    1.01    0.00    0.00    0.00    0.00   35.35
07:26:13 AM    1    1.02    0.00   65.31    0.00    0.00    0.00    0.00    0.00    0.00   33.67
07:26:13 AM    2    0.00    0.00  100.00    0.00    0.00    0.00    0.00    0.00    0.00    0.00
07:26:13 AM    3    0.00    0.00    0.00    0.00    1.00    1.00    0.00    0.00    0.00   98.00
07:26:13 AM    4    0.00    0.00    0.00    0.00    0.00    0.00    0.00    0.00    0.00  100.00
07:26:13 AM    5    0.00    0.00    0.00    0.00    0.00    0.00    0.00    0.00    0.00  100.00
07:26:13 AM    6    0.00    0.00    0.00    0.00    0.00    0.00    0.00    0.00    0.00  100.00
07:26:13 AM    7    0.00    0.00    0.00    0.00    0.00    0.00    0.00    0.00    0.00  100.00

07:26:13 AM  CPU    %usr   %nice    %sys %iowait    %irq   %soft  %steal  %guest  %gnice   %idle
07:26:14 AM  all    0.25    0.00   29.07    0.00    0.00    0.25    0.00    0.00    0.00   70.43
07:26:14 AM    0    1.01    0.00   66.67    0.00    0.00    0.00    0.00    0.00    0.00   32.32
07:26:14 AM    1    1.01    0.00   66.67    0.00    0.00    0.00    0.00    0.00    0.00   32.32
07:26:14 AM    2    0.00    0.00  100.00    0.00    0.00    0.00    0.00    0.00    0.00    0.00
07:26:14 AM    3    0.00    0.00    0.00    0.00    0.00    2.00    0.00    0.00    0.00   98.00
07:26:14 AM    4    0.00    0.00    0.00    0.00    0.00    0.00    0.00    0.00    0.00  100.00
07:26:14 AM    5    0.00    0.00    0.00    0.00    0.00    0.00    0.00    0.00    0.00  100.00
07:26:14 AM    6    0.00    0.00    0.00    0.00    0.00    0.00    0.00    0.00    0.00  100.00
07:26:14 AM    7    0.00    0.00    0.00    0.00    0.00    0.00    0.00    0.00    0.00  100.00

07:26:14 AM  CPU    %usr   %nice    %sys %iowait    %irq   %soft  %steal  %guest  %gnice   %idle
07:26:15 AM  all    0.25    0.00   28.89    0.00    0.00    0.38    0.00    0.00    0.00   70.48
07:26:15 AM    0    1.01    0.00   65.66    0.00    0.00    0.00    0.00    0.00    0.00   33.33
07:26:15 AM    1    1.02    0.00   66.33    0.00    0.00    0.00    0.00    0.00    0.00   32.65
07:26:15 AM    2    0.00    0.00  100.00    0.00    0.00    0.00    0.00    0.00    0.00    0.00
07:26:15 AM    3    0.00    0.00    0.00    0.00    0.00    2.02    0.00    0.00    0.00   97.98
07:26:15 AM    4    0.00    0.00    0.00    0.00    0.00    1.00    0.00    0.00    0.00   99.00
07:26:15 AM    5    0.00    0.00    0.00    0.00    0.00    0.00    0.00    0.00    0.00  100.00
07:26:15 AM    6    0.00    0.00    0.00    0.00    0.00    0.00    0.00    0.00    0.00  100.00
07:26:15 AM    7    0.00    0.00    0.00    0.00    0.00    0.00    0.00    0.00    0.00  100.00

07:26:15 AM  CPU    %usr   %nice    %sys %iowait    %irq   %soft  %steal  %guest  %gnice   %idle
07:26:16 AM  all    0.25    0.00   29.86    0.00    0.25    0.25    0.00    0.00    0.00   69.39
07:26:16 AM    0    1.02    0.00   70.41    0.00    1.02    0.00    0.00    0.00    0.00   27.55
07:26:16 AM    1    1.01    0.00   69.70    0.00    1.01    0.00    0.00    0.00    0.00   28.28
07:26:16 AM    2    0.00    0.00  100.00    0.00    0.00    0.00    0.00    0.00    0.00    0.00
07:26:16 AM    3    0.00    0.00    0.00    0.00    0.00    2.00    0.00    0.00    0.00   98.00
07:26:16 AM    4    0.00    0.00    0.00    0.00    0.00    0.00    0.00    0.00    0.00  100.00
07:26:16 AM    5    0.00    0.00    0.00    0.00    0.00    0.00    0.00    0.00    0.00  100.00
07:26:16 AM    6    0.00    0.00    0.00    0.00    0.00    0.00    0.00    0.00    0.00  100.00
07:26:16 AM    7    0.00    0.00    0.00    0.00    0.00    0.00    0.00    0.00    0.00  100.00

07:26:16 AM  CPU    %usr   %nice    %sys %iowait    %irq   %soft  %steal  %guest  %gnice   %idle
07:26:17 AM  all    0.25    0.00   28.39    0.00    0.00    0.38    0.00    0.00    0.00   70.98
07:26:17 AM    0    0.97    0.00   63.11    0.00    0.00    0.97    0.00    0.00    0.00   34.95
07:26:17 AM    1    1.05    0.00   64.21    0.00    0.00    0.00    0.00    0.00    0.00   34.74
07:26:17 AM    2    0.00    0.00  100.00    0.00    0.00    0.00    0.00    0.00    0.00    0.00
07:26:17 AM    3    0.00    0.00    0.00    0.00    0.00    2.02    0.00    0.00    0.00   97.98
07:26:17 AM    4    0.00    0.00    0.00    0.00    0.00    0.00    0.00    0.00    0.00  100.00
07:26:17 AM    5    0.00    0.00    0.00    0.00    0.00    0.00    0.00    0.00    0.00  100.00
07:26:17 AM    6    0.00    0.00    0.00    0.00    0.00    0.00    0.00    0.00    0.00  100.00
07:26:17 AM    7    0.00    0.00    0.00    0.00    0.00    0.00    0.00    0.00    0.00  100.00

07:26:17 AM  CPU    %usr   %nice    %sys %iowait    %irq   %soft  %steal  %guest  %gnice   %idle
07:26:18 AM  all    0.13    0.00   28.77    0.00    0.13    0.25    0.00    0.00    0.00   70.73
07:26:18 AM    0    0.00    0.00   59.38    0.00    0.00    0.00    0.00    0.00    0.00   40.62
07:26:18 AM    1    1.01    0.00   72.73    0.00    0.00    0.00    0.00    0.00    0.00   26.26
07:26:18 AM    2    0.00    0.00  100.00    0.00    0.00    0.00    0.00    0.00    0.00    0.00
07:26:18 AM    3    0.00    0.00    0.00    0.00    0.99    1.98    0.00    0.00    0.00   97.03
07:26:18 AM    4    0.00    0.00    0.00    0.00    0.00    0.00    0.00    0.00    0.00  100.00
07:26:18 AM    5    0.00    0.00    0.00    0.00    0.00    0.00    0.00    0.00    0.00  100.00
07:26:18 AM    6    0.00    0.00    0.00    0.00    0.00    0.00    0.00    0.00    0.00  100.00
07:26:18 AM    7    0.00    0.00    0.00    0.00    0.00    0.00    0.00    0.00    0.00  100.00

07:26:18 AM  CPU    %usr   %nice    %sys %iowait    %irq   %soft  %steal  %guest  %gnice   %idle
07:26:19 AM  all    0.50    0.00   28.41    0.00    0.13    0.50    0.00    0.00    0.00   70.46
07:26:19 AM    0    2.04    0.00   66.33    0.00    0.00    0.00    0.00    0.00    0.00   31.63
07:26:19 AM    1    2.02    0.00   62.63    0.00    0.00    1.01    0.00    0.00    0.00   34.34
07:26:19 AM    2    0.00    0.00  100.00    0.00    0.00    0.00    0.00    0.00    0.00    0.00
07:26:19 AM    3    0.00    0.00    0.00    0.00    0.00    2.00    0.00    0.00    0.00   98.00
07:26:19 AM    4    0.00    0.00    0.00    0.00    0.98    0.98    0.00    0.00    0.00   98.04
07:26:19 AM    5    0.00    0.00    0.00    0.00    0.00    0.00    0.00    0.00    0.00  100.00
07:26:19 AM    6    0.00    0.00    0.00    0.00    0.00    0.00    0.00    0.00    0.00  100.00
07:26:19 AM    7    0.00    0.00    0.00    0.00    0.00    0.00    0.00    0.00    0.00  100.00

07:26:19 AM  CPU    %usr   %nice    %sys %iowait    %irq   %soft  %steal  %guest  %gnice   %idle
07:26:20 AM  all    0.38    0.00   29.41    0.00    0.25    0.25    0.00    0.00    0.00   69.71
07:26:20 AM    0    0.99    0.00   67.33    0.00    0.99    0.00    0.00    0.00    0.00   30.69
07:26:20 AM    1    2.00    0.00   67.00    0.00    1.00    0.00    0.00    0.00    0.00   30.00
07:26:20 AM    2    0.00    0.00  100.00    0.00    0.00    0.00    0.00    0.00    0.00    0.00
07:26:20 AM    3    0.00    0.00    0.00    0.00    0.00    2.02    0.00    0.00    0.00   97.98
07:26:20 AM    4    0.00    0.00    0.00    0.00    0.00    0.00    0.00    0.00    0.00  100.00
07:26:20 AM    5    0.00    0.00    0.00    0.00    0.00    0.00    0.00    0.00    0.00  100.00
07:26:20 AM    6    0.00    0.00    0.00    0.00    0.00    0.00    0.00    0.00    0.00  100.00
07:26:20 AM    7    0.00    0.00    0.00    0.00    0.00    0.00    0.00    0.00    0.00  100.00

07:26:20 AM  CPU    %usr   %nice    %sys %iowait    %irq   %soft  %steal  %guest  %gnice   %idle
07:26:21 AM  all    0.25    0.00   31.16    0.00    0.00    0.25    0.00    0.00    0.00   68.34
07:26:21 AM    0    1.02    0.00   75.51    0.00    0.00    0.00    0.00    0.00    0.00   23.47
07:26:21 AM    1    1.02    0.00   75.51    0.00    0.00    0.00    0.00    0.00    0.00   23.47
07:26:21 AM    2    0.00    0.00  100.00    0.00    0.00    0.00    0.00    0.00    0.00    0.00
07:26:21 AM    3    0.00    0.00    0.00    0.00    0.00    2.00    0.00    0.00    0.00   98.00
07:26:21 AM    4    0.00    0.00    0.00    0.00    0.00    0.00    0.00    0.00    0.00  100.00
07:26:21 AM    5    0.00    0.00    0.00    0.00    0.00    0.00    0.00    0.00    0.00  100.00
07:26:21 AM    6    0.00    0.00    0.00    0.00    0.00    0.00    0.00    0.00    0.00  100.00
07:26:21 AM    7    0.00    0.00    0.00    0.00    0.00    0.00    0.00    0.00    0.00  100.00

07:26:21 AM  CPU    %usr   %nice    %sys %iowait    %irq   %soft  %steal  %guest  %gnice   %idle
07:26:22 AM  all    0.13    0.00   29.74    0.00    0.13    0.38    0.00    0.00    0.00   69.64
07:26:22 AM    0    1.03    0.00   70.10    0.00    0.00    0.00    0.00    0.00    0.00   28.87
07:26:22 AM    1    0.00    0.00   69.70    0.00    0.00    0.00    0.00    0.00    0.00   30.30
07:26:22 AM    2    0.00    0.00  100.00    0.00    0.00    0.00    0.00    0.00    0.00    0.00
07:26:22 AM    3    0.00    0.00    0.00    0.00    0.99    1.98    0.00    0.00    0.00   97.03
07:26:22 AM    4    0.00    0.00    0.00    0.00    0.00    1.00    0.00    0.00    0.00   99.00
07:26:22 AM    5    0.00    0.00    0.00    0.00    0.00    0.00    0.00    0.00    0.00  100.00
07:26:22 AM    6    0.00    0.00    0.00    0.00    0.00    0.00    0.00    0.00    0.00  100.00
07:26:22 AM    7    0.00    0.00    0.00    0.00    0.00    0.00    0.00    0.00    0.00  100.00

07:26:22 AM  CPU    %usr   %nice    %sys %iowait    %irq   %soft  %steal  %guest  %gnice   %idle
07:26:23 AM  all    0.38    0.00   28.79    0.00    0.25    0.38    0.00    0.00    0.00   70.21
07:26:23 AM    0    0.99    0.00   63.37    0.00    0.99    0.99    0.00    0.00    0.00   33.66
07:26:23 AM    1    2.02    0.00   66.67    0.00    1.01    0.00    0.00    0.00    0.00   30.30
07:26:23 AM    2    0.00    0.00  100.00    0.00    0.00    0.00    0.00    0.00    0.00    0.00
07:26:23 AM    3    0.00    0.00    0.00    0.00    0.00    2.02    0.00    0.00    0.00   97.98
07:26:23 AM    4    0.00    0.00    0.00    0.00    0.00    0.00    0.00    0.00    0.00  100.00
07:26:23 AM    5    0.00    0.00    0.00    0.00    0.00    0.00    0.00    0.00    0.00  100.00
07:26:23 AM    6    0.00    0.00    0.00    0.00    0.00    0.00    0.00    0.00    0.00  100.00
07:26:23 AM    7    0.00    0.00    0.00    0.00    0.00    0.00    0.00    0.00    0.00  100.00

07:26:23 AM  CPU    %usr   %nice    %sys %iowait    %irq   %soft  %steal  %guest  %gnice   %idle
07:26:24 AM  all    0.38    0.00   28.55    0.00    0.00    0.25    0.00    0.00    0.00   70.82
07:26:24 AM    0    1.02    0.00   64.29    0.00    0.00    0.00    0.00    0.00    0.00   34.69
07:26:24 AM    1    2.06    0.00   65.98    0.00    0.00    0.00    0.00    0.00    0.00   31.96
07:26:24 AM    2    0.00    0.00  100.00    0.00    0.00    0.00    0.00    0.00    0.00    0.00
07:26:24 AM    3    0.00    0.00    0.00    0.00    0.00    2.00    0.00    0.00    0.00   98.00
07:26:24 AM    4    0.00    0.00    0.00    0.00    0.00    0.00    0.00    0.00    0.00  100.00
07:26:24 AM    5    0.00    0.00    0.00    0.00    0.00    0.00    0.00    0.00    0.00  100.00
07:26:24 AM    6    0.00    0.00    0.00    0.00    0.00    0.00    0.00    0.00    0.00  100.00
07:26:24 AM    7    0.00    0.00    0.00    0.00    0.00    0.00    0.00    0.00    0.00  100.00

07:26:24 AM  CPU    %usr   %nice    %sys %iowait    %irq   %soft  %steal  %guest  %gnice   %idle
07:26:25 AM  all    0.13    0.00   30.10    0.00    0.00    0.25    0.00    0.00    0.00   69.52
07:26:25 AM    0    1.03    0.00   72.16    0.00    0.00    0.00    0.00    0.00    0.00   26.80
07:26:25 AM    1    0.00    0.00   69.70    0.00    0.00    0.00    0.00    0.00    0.00   30.30
07:26:25 AM    2    0.00    0.00  100.00    0.00    0.00    0.00    0.00    0.00    0.00    0.00
07:26:25 AM    3    0.00    0.00    0.00    0.00    0.00    2.02    0.00    0.00    0.00   97.98
07:26:25 AM    4    0.00    0.00    0.00    0.00    0.00    0.00    0.00    0.00    0.00  100.00
07:26:25 AM    5    0.00    0.00    0.00    0.00    0.00    0.00    0.00    0.00    0.00  100.00
07:26:25 AM    6    0.00    0.00    0.00    0.00    0.00    0.00    0.00    0.00    0.00  100.00
07:26:25 AM    7    0.00    0.00    0.00    0.00    0.00    0.00    0.00    0.00    0.00  100.00

07:26:25 AM  CPU    %usr   %nice    %sys %iowait    %irq   %soft  %steal  %guest  %gnice   %idle
07:26:26 AM  all    0.38    0.00   29.07    0.00    0.13    0.38    0.00    0.00    0.00   70.05
07:26:26 AM    0    1.00    0.00   65.00    0.00    1.00    0.00    0.00    0.00    0.00   33.00
07:26:26 AM    1    2.06    0.00   69.07    0.00    0.00    0.00    0.00    0.00    0.00   28.87
07:26:26 AM    2    0.00    0.00  100.00    0.00    0.00    0.00    0.00    0.00    0.00    0.00
07:26:26 AM    3    0.00    0.00    0.00    0.00    0.00    2.00    0.00    0.00    0.00   98.00
07:26:26 AM    4    0.00    0.00    0.00    0.00    0.00    0.99    0.00    0.00    0.00   99.01
07:26:26 AM    5    0.00    0.00    0.00    0.00    0.00    0.00    0.00    0.00    0.00  100.00
07:26:26 AM    6    0.00    0.00    0.00    0.00    0.00    0.00    0.00    0.00    0.00  100.00
07:26:26 AM    7    0.00    0.00    0.00    0.00    0.00    0.00    0.00    0.00    0.00  100.00

07:26:26 AM  CPU    %usr   %nice    %sys %iowait    %irq   %soft  %steal  %guest  %gnice   %idle
07:26:27 AM  all    0.13    0.00   28.32    0.00    0.25    0.25    0.00    0.00    0.00   71.05
07:26:27 AM    0    1.01    0.00   63.64    0.00    0.00    0.00    0.00    0.00    0.00   35.35
07:26:27 AM    1    0.00    0.00   63.64    0.00    1.01    0.00    0.00    0.00    0.00   35.35
07:26:27 AM    2    0.00    0.00  100.00    0.00    0.00    0.00    0.00    0.00    0.00    0.00
07:26:27 AM    3    0.00    0.00    0.00    0.00    0.99    1.98    0.00    0.00    0.00   97.03
07:26:27 AM    4    0.00    0.00    0.00    0.00    0.00    0.00    0.00    0.00    0.00  100.00
07:26:27 AM    5    0.00    0.00    0.00    0.00    0.00    0.00    0.00    0.00    0.00  100.00
07:26:27 AM    6    0.00    0.00    0.00    0.00    0.00    0.00    0.00    0.00    0.00  100.00
07:26:27 AM    7    0.00    0.00    0.00    0.00    0.00    0.00    0.00    0.00    0.00  100.00

07:26:27 AM  CPU    %usr   %nice    %sys %iowait    %irq   %soft  %steal  %guest  %gnice   %idle
07:26:28 AM  all    0.50    0.00   29.57    0.00    0.00    0.38    0.00    0.00    0.00   69.55
07:26:28 AM    0    2.02    0.00   65.66    0.00    0.00    1.01    0.00    0.00    0.00   31.31
07:26:28 AM    1    1.98    0.00   70.30    0.00    0.00    0.99    0.00    0.00    0.00   26.73
07:26:28 AM    2    0.00    0.00  100.00    0.00    0.00    0.00    0.00    0.00    0.00    0.00
07:26:28 AM    3    0.00    0.00    0.00    0.00    0.00    1.02    0.00    0.00    0.00   98.98
07:26:28 AM    4    0.00    0.00    0.00    0.00    0.00    0.00    0.00    0.00    0.00  100.00
07:26:28 AM    5    0.00    0.00    0.00    0.00    0.00    0.00    0.00    0.00    0.00  100.00
07:26:28 AM    6    0.00    0.00    0.00    0.00    0.00    0.00    0.00    0.00    0.00  100.00
07:26:28 AM    7    0.00    0.00    0.00    0.00    0.00    0.00    0.00    0.00    0.00  100.00

07:26:28 AM  CPU    %usr   %nice    %sys %iowait    %irq   %soft  %steal  %guest  %gnice   %idle
07:26:29 AM  all    0.25    0.00   29.32    0.00    0.13    0.25    0.00    0.00    0.00   70.05
07:26:29 AM    0    0.99    0.00   65.35    0.00    0.99    0.00    0.00    0.00    0.00   32.67
07:26:29 AM    1    1.02    0.00   69.39    0.00    0.00    0.00    0.00    0.00    0.00   29.59
07:26:29 AM    2    0.00    0.00  100.00    0.00    0.00    0.00    0.00    0.00    0.00    0.00
07:26:29 AM    3    0.00    0.00    0.00    0.00    0.00    2.00    0.00    0.00    0.00   98.00
07:26:29 AM    4    0.00    0.00    0.00    0.00    0.00    0.00    0.00    0.00    0.00  100.00
07:26:29 AM    5    0.00    0.00    0.00    0.00    0.00    0.00    0.00    0.00    0.00  100.00
07:26:29 AM    6    0.00    0.00    0.00    0.00    0.00    0.00    0.00    0.00    0.00  100.00
07:26:29 AM    7    0.00    0.00    0.00    0.00    0.00    0.00    0.00    0.00    0.00  100.00

07:26:29 AM  CPU    %usr   %nice    %sys %iowait    %irq   %soft  %steal  %guest  %gnice   %idle
07:26:30 AM  all    0.25    0.00   29.29    0.00    0.13    0.25    0.00    0.00    0.00   70.09
07:26:30 AM    0    1.02    0.00   67.35    0.00    0.00    0.00    0.00    0.00    0.00   31.63
07:26:30 AM    1    0.99    0.00   67.33    0.00    0.99    0.00    0.00    0.00    0.00   30.69
07:26:30 AM    2    0.00    0.00  100.00    0.00    0.00    0.00    0.00    0.00    0.00    0.00
07:26:30 AM    3    0.00    0.00    0.00    0.00    0.00    2.00    0.00    0.00    0.00   98.00
07:26:30 AM    4    0.00    0.00    0.00    0.00    0.00    0.00    0.00    0.00    0.00  100.00
07:26:30 AM    5    0.00    0.00    0.00    0.00    0.00    0.00    0.00    0.00    0.00  100.00
07:26:30 AM    6    0.00    0.00    0.00    0.00    0.00    0.00    0.00    0.00    0.00  100.00
07:26:30 AM    7    0.00    0.00    0.00    0.00    0.00    0.00    0.00    0.00    0.00  100.00

07:26:30 AM  CPU    %usr   %nice    %sys %iowait    %irq   %soft  %steal  %guest  %gnice   %idle
07:26:31 AM  all    0.25    0.00   29.36    0.00    0.13    0.38    0.00    0.00    0.00   69.89
07:26:31 AM    0    1.03    0.00   68.04    0.00    0.00    0.00    0.00    0.00    0.00   30.93
07:26:31 AM    1    1.01    0.00   68.69    0.00    0.00    0.00    0.00    0.00    0.00   30.30
07:26:31 AM    2    0.00    0.00  100.00    0.00    0.00    0.00    0.00    0.00    0.00    0.00
07:26:31 AM    3    0.00    0.00    0.00    0.00    1.00    2.00    0.00    0.00    0.00   97.00
07:26:31 AM    4    0.00    0.00    0.00    0.00    0.00    0.99    0.00    0.00    0.00   99.01
07:26:31 AM    5    0.00    0.00    0.00    0.00    0.00    0.00    0.00    0.00    0.00  100.00
07:26:31 AM    6    0.00    0.00    0.00    0.00    0.00    0.00    0.00    0.00    0.00  100.00
07:26:31 AM    7    0.00    0.00    0.00    0.00    0.00    0.00    0.00    0.00    0.00  100.00

07:26:31 AM  CPU    %usr   %nice    %sys %iowait    %irq   %soft  %steal  %guest  %gnice   %idle
07:26:32 AM  all    0.25    0.00   29.23    0.00    0.25    0.25    0.00    0.00    0.00   70.01
07:26:32 AM    0    1.00    0.00   69.00    0.00    1.00    0.00    0.00    0.00    0.00   29.00
07:26:32 AM    1    1.03    0.00   65.98    0.00    0.00    0.00    0.00    0.00    0.00   32.99
07:26:32 AM    2    0.00    0.00  100.00    0.00    0.00    0.00    0.00    0.00    0.00    0.00
07:26:32 AM    3    0.00    0.00    0.00    0.00    0.00    2.00    0.00    0.00    0.00   98.00
07:26:32 AM    4    0.00    0.00    0.00    0.00    1.00    0.00    0.00    0.00    0.00   99.00
07:26:32 AM    5    0.00    0.00    0.00    0.00    0.00    0.00    0.00    0.00    0.00  100.00
07:26:32 AM    6    0.00    0.00    0.00    0.00    0.00    0.00    0.00    0.00    0.00  100.00
07:26:32 AM    7    0.00    0.00    0.00    0.00    0.00    0.00    0.00    0.00    0.00  100.00

07:26:32 AM  CPU    %usr   %nice    %sys %iowait    %irq   %soft  %steal  %guest  %gnice   %idle
07:26:33 AM  all    0.25    0.00   30.23    0.00    0.00    0.38    0.00    0.00    0.00   69.14
07:26:33 AM    0    1.02    0.00   70.41    0.00    0.00    1.02    0.00    0.00    0.00   27.55
07:26:33 AM    1    1.03    0.00   73.20    0.00    0.00    0.00    0.00    0.00    0.00   25.77
07:26:33 AM    2    0.00    0.00  100.00    0.00    0.00    0.00    0.00    0.00    0.00    0.00
07:26:33 AM    3    0.00    0.00    0.00    0.00    0.00    2.02    0.00    0.00    0.00   97.98
07:26:33 AM    4    0.00    0.00    0.00    0.00    0.00    0.00    0.00    0.00    0.00  100.00
07:26:33 AM    5    0.00    0.00    0.00    0.00    0.00    0.00    0.00    0.00    0.00  100.00
07:26:33 AM    6    0.00    0.00    0.00    0.00    0.00    0.00    0.00    0.00    0.00  100.00
07:26:33 AM    7    0.00    0.00    0.00    0.00    0.00    0.00    0.00    0.00    0.00  100.00

07:26:33 AM  CPU    %usr   %nice    %sys %iowait    %irq   %soft  %steal  %guest  %gnice   %idle
07:26:34 AM  all    0.25    0.00   30.96    0.00    0.12    0.37    0.00    0.00    0.00   68.29
07:26:34 AM    0    1.00    0.00   74.00    0.00    0.00    0.00    0.00    0.00    0.00   25.00
07:26:34 AM    1    0.99    0.00   73.27    0.00    0.99    0.00    0.00    0.00    0.00   24.75
07:26:34 AM    2    0.00    0.00  100.00    0.00    0.00    0.00    0.00    0.00    0.00    0.00
07:26:34 AM    3    0.00    0.00    0.00    0.00    0.00    2.00    0.00    0.00    0.00   98.00
07:26:34 AM    4    0.00    0.00    0.00    0.00    0.00    1.00    0.00    0.00    0.00   99.00
07:26:34 AM    5    0.00    0.00    0.00    0.00    0.00    0.00    0.00    0.00    0.00  100.00
07:26:34 AM    6    0.00    0.00    0.00    0.00    0.00    0.00    0.00    0.00    0.00  100.00
07:26:34 AM    7    0.00    0.00    0.00    0.00    0.00    0.00    0.00    0.00    0.00  100.00

07:26:34 AM  CPU    %usr   %nice    %sys %iowait    %irq   %soft  %steal  %guest  %gnice   %idle
07:26:35 AM  all    0.25    0.00   29.66    0.00    0.13    0.25    0.00    0.00    0.00   69.71
07:26:35 AM    0    1.01    0.00   65.66    0.00    1.01    0.00    0.00    0.00    0.00   32.32
07:26:35 AM    1    1.00    0.00   72.00    0.00    0.00    0.00    0.00    0.00    0.00   27.00
07:26:35 AM    2    0.00    0.00  100.00    0.00    0.00    0.00    0.00    0.00    0.00    0.00
07:26:35 AM    3    0.00    0.00    0.00    0.00    0.00    2.00    0.00    0.00    0.00   98.00
07:26:35 AM    4    0.00    0.00    0.00    0.00    0.00    0.00    0.00    0.00    0.00  100.00
07:26:35 AM    5    0.00    0.00    0.00    0.00    0.00    0.00    0.00    0.00    0.00  100.00
07:26:35 AM    6    0.00    0.00    0.00    0.00    0.00    0.00    0.00    0.00    0.00  100.00
07:26:35 AM    7    0.00    0.00    0.00    0.00    0.00    0.00    0.00    0.00    0.00  100.00

07:26:35 AM  CPU    %usr   %nice    %sys %iowait    %irq   %soft  %steal  %guest  %gnice   %idle
07:26:36 AM  all    0.25    0.00   30.70    0.00    0.13    0.38    0.00    0.00    0.00   68.55
07:26:36 AM    0    1.01    0.00   71.72    0.00    0.00    0.00    0.00    0.00    0.00   27.27
07:26:36 AM    1    1.00    0.00   74.00    0.00    0.00    1.00    0.00    0.00    0.00   24.00
07:26:36 AM    2    0.00    0.00  100.00    0.00    0.00    0.00    0.00    0.00    0.00    0.00
07:26:36 AM    3    0.00    0.00    0.00    0.00    1.00    2.00    0.00    0.00    0.00   97.00
07:26:36 AM    4    0.00    0.00    0.00    0.00    0.00    0.00    0.00    0.00    0.00  100.00
07:26:36 AM    5    0.00    0.00    0.00    0.00    0.00    0.00    0.00    0.00    0.00  100.00
07:26:36 AM    6    0.00    0.00    0.00    0.00    0.00    0.00    0.00    0.00    0.00  100.00
07:26:36 AM    7    0.00    0.00    0.00    0.00    0.00    0.00    0.00    0.00    0.00  100.00

07:26:36 AM  CPU    %usr   %nice    %sys %iowait    %irq   %soft  %steal  %guest  %gnice   %idle
07:26:37 AM  all    0.25    0.00   30.44    0.00    0.13    0.25    0.00    0.00    0.00   68.93
07:26:37 AM    0    1.01    0.00   72.73    0.00    0.00    0.00    0.00    0.00    0.00   26.26
07:26:37 AM    1    1.04    0.00   72.92    0.00    1.04    0.00    0.00    0.00    0.00   25.00
07:26:37 AM    2    0.00    0.00  100.00    0.00    0.00    0.00    0.00    0.00    0.00    0.00
07:26:37 AM    3    0.00    0.00    0.00    0.00    0.00    2.00    0.00    0.00    0.00   98.00
07:26:37 AM    4    0.00    0.00    0.00    0.00    0.00    0.00    0.00    0.00    0.00  100.00
07:26:37 AM    5    0.00    0.00    0.00    0.00    0.00    0.00    0.00    0.00    0.00  100.00
07:26:37 AM    6    0.00    0.00    0.00    0.00    0.00    0.00    0.00    0.00    0.00  100.00
07:26:37 AM    7    0.00    0.00    0.00    0.00    0.00    0.00    0.00    0.00    0.00  100.00

07:26:37 AM  CPU    %usr   %nice    %sys %iowait    %irq   %soft  %steal  %guest  %gnice   %idle
07:26:38 AM  all    0.38    0.00   28.89    0.00    0.13    0.50    0.00    0.00    0.00   70.10
07:26:38 AM    0    1.01    0.00   64.65    0.00    1.01    1.01    0.00    0.00    0.00   32.32
07:26:38 AM    1    2.04    0.00   67.35    0.00    0.00    0.00    0.00    0.00    0.00   30.61
07:26:38 AM    2    0.00    0.00  100.00    0.00    0.00    0.00    0.00    0.00    0.00    0.00
07:26:38 AM    3    0.00    0.00    0.00    0.00    0.00    2.02    0.00    0.00    0.00   97.98
07:26:38 AM    4    0.00    0.00    0.00    0.00    0.00    1.00    0.00    0.00    0.00   99.00
07:26:38 AM    5    0.00    0.00    0.00    0.00    0.00    0.00    0.00    0.00    0.00  100.00
07:26:38 AM    6    0.00    0.00    0.00    0.00    0.00    0.00    0.00    0.00    0.00  100.00
07:26:38 AM    7    0.00    0.00    0.00    0.00    0.00    0.00    0.00    0.00    0.00  100.00

07:26:38 AM  CPU    %usr   %nice    %sys %iowait    %irq   %soft  %steal  %guest  %gnice   %idle
07:26:39 AM  all    0.38    0.00   28.93    0.00    0.00    0.25    0.00    0.00    0.00   70.44
07:26:39 AM    0    1.02    0.00   63.27    0.00    0.00    0.00    0.00    0.00    0.00   35.71
07:26:39 AM    1    2.06    0.00   70.10    0.00    0.00    0.00    0.00    0.00    0.00   27.84
07:26:39 AM    2    0.00    0.00  100.00    0.00    0.00    0.00    0.00    0.00    0.00    0.00
07:26:39 AM    3    0.00    0.00    0.00    0.00    0.00    2.00    0.00    0.00    0.00   98.00
07:26:39 AM    4    0.00    0.00    0.00    0.00    0.00    0.00    0.00    0.00    0.00  100.00
07:26:39 AM    5    0.00    0.00    0.00    0.00    0.00    0.00    0.00    0.00    0.00  100.00
07:26:39 AM    6    0.00    0.00    0.00    0.00    0.00    0.00    0.00    0.00    0.00  100.00
07:26:39 AM    7    0.00    0.00    0.00    0.00    0.00    0.00    0.00    0.00    0.00  100.00

07:26:39 AM  CPU    %usr   %nice    %sys %iowait    %irq   %soft  %steal  %guest  %gnice   %idle
07:26:40 AM  all    0.25    0.00   28.52    0.00    0.13    0.25    0.00    0.00    0.00   70.85
07:26:40 AM    0    1.03    0.00   63.92    0.00    0.00    0.00    0.00    0.00    0.00   35.05
07:26:40 AM    1    1.01    0.00   65.66    0.00    0.00    0.00    0.00    0.00    0.00   33.33
07:26:40 AM    2    0.00    0.00  100.00    0.00    0.00    0.00    0.00    0.00    0.00    0.00
07:26:40 AM    3    0.00    0.00    0.00    0.00    1.00    2.00    0.00    0.00    0.00   97.00
07:26:40 AM    4    0.00    0.00    0.00    0.00    0.00    0.00    0.00    0.00    0.00  100.00
07:26:40 AM    5    0.00    0.00    0.00    0.00    0.00    0.00    0.00    0.00    0.00  100.00
07:26:40 AM    6    0.00    0.00    0.00    0.00    0.00    0.00    0.00    0.00    0.00  100.00
07:26:40 AM    7    0.00    0.00    0.00    0.00    0.00    0.00    0.00    0.00    0.00  100.00

07:26:40 AM  CPU    %usr   %nice    %sys %iowait    %irq   %soft  %steal  %guest  %gnice   %idle
07:26:41 AM  all    0.25    0.00   30.36    0.13    0.25    0.25    0.00    0.00    0.00   68.76
07:26:41 AM    0    1.02    0.00   71.43    0.00    1.02    0.00    0.00    0.00    0.00   26.53
07:26:41 AM    1    1.00    0.00   72.00    1.00    1.00    0.00    0.00    0.00    0.00   25.00
07:26:41 AM    2    0.00    0.00  100.00    0.00    0.00    0.00    0.00    0.00    0.00    0.00
07:26:41 AM    3    0.00    0.00    0.00    0.00    0.00    2.00    0.00    0.00    0.00   98.00
07:26:41 AM    4    0.00    0.00    0.00    0.00    0.00    0.00    0.00    0.00    0.00  100.00
07:26:41 AM    5    0.00    0.00    0.00    0.00    0.00    0.00    0.00    0.00    0.00  100.00
07:26:41 AM    6    0.00    0.00    0.00    0.00    0.00    0.00    0.00    0.00    0.00  100.00
07:26:41 AM    7    0.00    0.00    0.00    0.00    0.00    0.00    0.00    0.00    0.00  100.00

07:26:41 AM  CPU    %usr   %nice    %sys %iowait    %irq   %soft  %steal  %guest  %gnice   %idle
07:26:42 AM  all    0.25    0.00   31.78    0.00    0.00    0.38    0.00    0.00    0.00   67.59
07:26:42 AM    0    1.08    0.00   79.57    0.00    0.00    0.00    0.00    0.00    0.00   19.35
07:26:42 AM    1    1.01    0.00   78.79    0.00    0.00    0.00    0.00    0.00    0.00   20.20
07:26:42 AM    2    0.00    0.00  100.00    0.00    0.00    0.00    0.00    0.00    0.00    0.00
07:26:42 AM    3    0.00    0.00    0.00    0.00    0.00    2.00    0.00    0.00    0.00   98.00
07:26:42 AM    4    0.00    0.00    0.00    0.00    0.00    0.99    0.00    0.00    0.00   99.01
07:26:42 AM    5    0.00    0.00    0.00    0.00    0.00    0.00    0.00    0.00    0.00  100.00
07:26:42 AM    6    0.00    0.00    0.00    0.00    0.00    0.00    0.00    0.00    0.00  100.00
07:26:42 AM    7    0.00    0.00    0.00    0.00    0.00    0.00    0.00    0.00    0.00  100.00

07:26:42 AM  CPU    %usr   %nice    %sys %iowait    %irq   %soft  %steal  %guest  %gnice   %idle
07:26:43 AM  all    0.38    0.00   31.07    0.00    0.13    0.38    0.00    0.00    0.00   68.05
07:26:43 AM    0    2.02    0.00   75.76    0.00    0.00    1.01    0.00    0.00    0.00   21.21
07:26:43 AM    1    1.03    0.00   74.23    0.00    0.00    0.00    0.00    0.00    0.00   24.74
07:26:43 AM    2    0.00    0.00  100.00    0.00    0.00    0.00    0.00    0.00    0.00    0.00
07:26:43 AM    3    0.00    0.00    0.00    0.00    0.00    2.02    0.00    0.00    0.00   97.98
07:26:43 AM    4    0.00    0.00    0.00    0.00    1.00    0.00    0.00    0.00    0.00   99.00
07:26:43 AM    5    0.00    0.00    0.00    0.00    0.00    0.00    0.00    0.00    0.00  100.00
07:26:43 AM    6    0.00    0.00    0.00    0.00    0.00    0.00    0.00    0.00    0.00  100.00
07:26:43 AM    7    0.00    0.00    0.00    0.00    0.00    0.00    0.00    0.00    0.00  100.00

07:26:43 AM  CPU    %usr   %nice    %sys %iowait    %irq   %soft  %steal  %guest  %gnice   %idle
07:26:44 AM  all    0.38    0.00   28.95    0.00    0.38    0.25    0.00    0.00    0.00   70.05
07:26:44 AM    0    1.02    0.00   64.29    0.00    1.02    0.00    0.00    0.00    0.00   33.67
07:26:44 AM    1    2.02    0.00   68.69    0.00    1.01    0.00    0.00    0.00    0.00   28.28
07:26:44 AM    2    0.00    0.00  100.00    0.00    0.00    0.00    0.00    0.00    0.00    0.00
07:26:44 AM    3    0.00    0.00    0.00    0.00    0.99    1.98    0.00    0.00    0.00   97.03
07:26:44 AM    4    0.00    0.00    0.00    0.00    0.00    0.00    0.00    0.00    0.00  100.00
07:26:44 AM    5    0.00    0.00    0.00    0.00    0.00    0.00    0.00    0.00    0.00  100.00
07:26:44 AM    6    0.00    0.00    0.00    0.00    0.00    0.00    0.00    0.00    0.00  100.00
07:26:44 AM    7    0.00    0.00    0.00    0.00    0.00    0.00    0.00    0.00    0.00  100.00

07:26:44 AM  CPU    %usr   %nice    %sys %iowait    %irq   %soft  %steal  %guest  %gnice   %idle
07:26:45 AM  all    0.13    0.00   29.94    0.00    0.00    0.50    0.00    0.00    0.00   69.43
07:26:45 AM    0    0.00    0.00   71.13    0.00    0.00    0.00    0.00    0.00    0.00   28.87
07:26:45 AM    1    1.01    0.00   69.70    0.00    0.00    1.01    0.00    0.00    0.00   28.28
07:26:45 AM    2    0.00    0.00  100.00    0.00    0.00    0.00    0.00    0.00    0.00    0.00
07:26:45 AM    3    0.00    0.00    0.00    0.00    0.00    2.02    0.00    0.00    0.00   97.98
07:26:45 AM    4    0.00    0.00    0.00    0.00    0.00    1.00    0.00    0.00    0.00   99.00
07:26:45 AM    5    0.00    0.00    0.00    0.00    0.00    0.00    0.00    0.00    0.00  100.00
07:26:45 AM    6    0.00    0.00    0.00    0.00    0.00    0.00    0.00    0.00    0.00  100.00
07:26:45 AM    7    0.00    0.00    0.00    0.00    0.00    0.00    0.00    0.00    0.00  100.00

07:26:45 AM  CPU    %usr   %nice    %sys %iowait    %irq   %soft  %steal  %guest  %gnice   %idle
07:26:46 AM  all    0.25    0.00   29.74    0.00    0.00    0.13    0.00    0.00    0.00   69.89
07:26:46 AM    0    1.02    0.00   71.43    0.00    0.00    0.00    0.00    0.00    0.00   27.55
07:26:46 AM    1    1.00    0.00   67.00    0.00    0.00    0.00    0.00    0.00    0.00   32.00
07:26:46 AM    2    0.00    0.00  100.00    0.00    0.00    0.00    0.00    0.00    0.00    0.00
07:26:46 AM    3    0.00    0.00    0.00    0.00    0.00    1.01    0.00    0.00    0.00   98.99
07:26:46 AM    4    0.00    0.00    0.00    0.00    0.00    0.00    0.00    0.00    0.00  100.00
07:26:46 AM    5    0.00    0.00    0.00    0.00    0.00    0.00    0.00    0.00    0.00  100.00
07:26:46 AM    6    0.00    0.00    0.00    0.00    0.00    0.00    0.00    0.00    0.00  100.00
07:26:46 AM    7    0.00    0.00    0.00    0.00    0.00    0.00    0.00    0.00    0.00  100.00

07:26:46 AM  CPU    %usr   %nice    %sys %iowait    %irq   %soft  %steal  %guest  %gnice   %idle
07:26:47 AM  all    0.38    0.00   29.77    0.00    0.25    0.25    0.00    0.00    0.00   69.35
07:26:47 AM    0    2.00    0.00   70.00    0.00    1.00    0.00    0.00    0.00    0.00   27.00
07:26:47 AM    1    1.03    0.00   69.07    0.00    1.03    0.00    0.00    0.00    0.00   28.87
07:26:47 AM    2    0.00    0.00  100.00    0.00    0.00    0.00    0.00    0.00    0.00    0.00
07:26:47 AM    3    0.00    0.00    0.00    0.00    0.00    2.00    0.00    0.00    0.00   98.00
07:26:47 AM    4    0.00    0.00    0.00    0.00    0.00    0.00    0.00    0.00    0.00  100.00
07:26:47 AM    5    0.00    0.00    0.00    0.00    0.00    0.00    0.00    0.00    0.00  100.00
07:26:47 AM    6    0.00    0.00    0.00    0.00    0.00    0.00    0.00    0.00    0.00  100.00
07:26:47 AM    7    0.00    0.00    0.00    0.00    0.00    0.00    0.00    0.00    0.00  100.00

07:26:47 AM  CPU    %usr   %nice    %sys %iowait    %irq   %soft  %steal  %guest  %gnice   %idle
07:26:48 AM  all    0.13    0.00   28.45    0.00    0.00    0.38    0.00    0.00    0.00   71.05
07:26:48 AM    0    0.00    0.00   67.00    0.00    0.00    1.00    0.00    0.00    0.00   32.00
07:26:48 AM    1    1.02    0.00   61.22    0.00    0.00    0.00    0.00    0.00    0.00   37.76
07:26:48 AM    2    0.00    0.00  100.00    0.00    0.00    0.00    0.00    0.00    0.00    0.00
07:26:48 AM    3    0.00    0.00    0.00    0.00    0.00    2.00    0.00    0.00    0.00   98.00
07:26:48 AM    4    0.00    0.00    0.00    0.00    0.00    0.00    0.00    0.00    0.00  100.00
07:26:48 AM    5    0.00    0.00    0.00    0.00    0.00    0.00    0.00    0.00    0.00  100.00
07:26:48 AM    6    0.00    0.00    0.00    0.00    0.00    0.00    0.00    0.00    0.00  100.00
07:26:48 AM    7    0.00    0.00    0.00    0.00    0.00    0.00    0.00    0.00    0.00  100.00

07:26:48 AM  CPU    %usr   %nice    %sys %iowait    %irq   %soft  %steal  %guest  %gnice   %idle
07:26:49 AM  all    0.25    0.00   29.88    0.00    0.12    0.38    0.00    0.00    0.00   69.38
07:26:49 AM    0    1.00    0.00   74.00    0.00    0.00    0.00    0.00    0.00    0.00   25.00
07:26:49 AM    1    1.01    0.00   65.66    0.00    0.00    0.00    0.00    0.00    0.00   33.33
07:26:49 AM    2    0.00    0.00  100.00    0.00    0.00    0.00    0.00    0.00    0.00    0.00
07:26:49 AM    3    0.00    0.00    0.00    0.00    1.00    2.00    0.00    0.00    0.00   97.00
07:26:49 AM    4    0.00    0.00    0.00    0.00    0.00    0.99    0.00    0.00    0.00   99.01
07:26:49 AM    5    0.00    0.00    0.00    0.00    0.00    0.00    0.00    0.00    0.00  100.00
07:26:49 AM    6    0.00    0.00    0.00    0.00    0.00    0.00    0.00    0.00    0.00  100.00
07:26:49 AM    7    0.00    0.00    0.00    0.00    0.00    0.00    0.00    0.00    0.00  100.00

07:26:49 AM  CPU    %usr   %nice    %sys %iowait    %irq   %soft  %steal  %guest  %gnice   %idle
07:26:50 AM  all    0.38    0.00   29.49    0.00    0.13    0.25    0.00    0.00    0.00   69.76
07:26:50 AM    0    1.02    0.00   66.33    0.00    1.02    0.00    0.00    0.00    0.00   31.63
07:26:50 AM    1    2.00    0.00   70.00    0.00    0.00    0.00    0.00    0.00    0.00   28.00
07:26:50 AM    2    0.00    0.00  100.00    0.00    0.00    0.00    0.00    0.00    0.00    0.00
07:26:50 AM    3    0.00    0.00    0.00    0.00    0.00    2.00    0.00    0.00    0.00   98.00
07:26:50 AM    4    0.00    0.00    0.00    0.00    0.00    0.00    0.00    0.00    0.00  100.00
07:26:50 AM    5    0.00    0.00    0.00    0.00    0.00    0.00    0.00    0.00    0.00  100.00
07:26:50 AM    6    0.00    0.00    0.00    0.00    0.00    0.00    0.00    0.00    0.00  100.00
07:26:50 AM    7    0.00    0.00    0.00    0.00    0.00    0.00    0.00    0.00    0.00  100.00

07:26:50 AM  CPU    %usr   %nice    %sys %iowait    %irq   %soft  %steal  %guest  %gnice   %idle
07:26:51 AM  all    0.25    0.00   29.99    0.00    0.13    0.25    0.00    0.00    0.00   69.39
07:26:51 AM    0    2.02    0.00   68.69    0.00    0.00    0.00    0.00    0.00    0.00   29.29
07:26:51 AM    1    0.00    0.00   71.72    0.00    1.01    0.00    0.00    0.00    0.00   27.27
07:26:51 AM    2    0.00    0.00  100.00    0.00    0.00    0.00    0.00    0.00    0.00    0.00
07:26:51 AM    3    0.00    0.00    0.00    0.00    0.00    2.02    0.00    0.00    0.00   97.98
07:26:51 AM    4    0.00    0.00    0.00    0.00    0.00    0.00    0.00    0.00    0.00  100.00
07:26:51 AM    5    0.00    0.00    0.00    0.00    0.00    0.00    0.00    0.00    0.00  100.00
07:26:51 AM    6    0.00    0.00    0.00    0.00    0.00    0.00    0.00    0.00    0.00  100.00
07:26:51 AM    7    0.00    0.00    0.00    0.00    0.00    0.00    0.00    0.00    0.00  100.00

07:26:51 AM  CPU    %usr   %nice    %sys %iowait    %irq   %soft  %steal  %guest  %gnice   %idle
07:26:52 AM  all    0.25    0.00   29.23    0.00    0.00    0.25    0.00    0.00    0.00   70.26
07:26:52 AM    0    1.01    0.00   70.71    0.00    0.00    0.00    0.00    0.00    0.00   28.28
07:26:52 AM    1    1.02    0.00   64.29    0.00    0.00    0.00    0.00    0.00    0.00   34.69
07:26:52 AM    2    0.00    0.00  100.00    0.00    0.00    0.00    0.00    0.00    0.00    0.00
07:26:52 AM    3    0.00    0.00    0.00    0.00    0.00    2.00    0.00    0.00    0.00   98.00
07:26:52 AM    4    0.00    0.00    0.00    0.00    0.00    0.00    0.00    0.00    0.00  100.00
07:26:52 AM    5    0.00    0.00    0.00    0.00    0.00    0.00    0.00    0.00    0.00  100.00
07:26:52 AM    6    0.00    0.00    0.00    0.00    0.00    0.00    0.00    0.00    0.00  100.00
07:26:52 AM    7    0.00    0.00    0.00    0.00    0.00    0.00    0.00    0.00    0.00  100.00

07:26:52 AM  CPU    %usr   %nice    %sys %iowait    %irq   %soft  %steal  %guest  %gnice   %idle
07:26:53 AM  all    0.25    0.00   28.50    0.00    0.12    0.62    0.00    0.00    0.00   70.50
07:26:53 AM    0    1.00    0.00   63.00    0.00    1.00    1.00    0.00    0.00    0.00   34.00
07:26:53 AM    1    1.01    0.00   65.66    0.00    0.00    1.01    0.00    0.00    0.00   32.32
07:26:53 AM    2    0.00    0.00  100.00    0.00    0.00    0.00    0.00    0.00    0.00    0.00
07:26:53 AM    3    0.00    0.00    0.00    0.00    0.00    2.00    0.00    0.00    0.00   98.00
07:26:53 AM    4    0.00    0.00    0.00    0.00    0.00    0.99    0.00    0.00    0.00   99.01
07:26:53 AM    5    0.00    0.00    0.00    0.00    0.00    0.00    0.00    0.00    0.00  100.00
07:26:53 AM    6    0.00    0.00    0.00    0.00    0.00    0.00    0.00    0.00    0.00  100.00
07:26:53 AM    7    0.00    0.00    0.00    0.00    0.00    0.00    0.00    0.00    0.00  100.00

07:26:53 AM  CPU    %usr   %nice    %sys %iowait    %irq   %soft  %steal  %guest  %gnice   %idle
07:26:54 AM  all    0.38    0.00   30.04    0.00    0.25    0.25    0.00    0.00    0.00   69.09
07:26:54 AM    0    2.04    0.00   69.39    0.00    0.00    0.00    0.00    0.00    0.00   28.57
07:26:54 AM    1    0.99    0.00   71.29    0.00    0.99    0.00    0.00    0.00    0.00   26.73
07:26:54 AM    2    0.00    0.00  100.00    0.00    0.00    0.00    0.00    0.00    0.00    0.00
07:26:54 AM    3    0.00    0.00    0.00    0.00    1.00    2.00    0.00    0.00    0.00   97.00
07:26:54 AM    4    0.00    0.00    0.00    0.00    0.00    0.00    0.00    0.00    0.00  100.00
07:26:54 AM    5    0.00    0.00    0.00    0.00    0.00    0.00    0.00    0.00    0.00  100.00
07:26:54 AM    6    0.00    0.00    0.00    0.00    0.00    0.00    0.00    0.00    0.00  100.00
07:26:54 AM    7    0.00    0.00    0.00    0.00    0.00    0.00    0.00    0.00    0.00  100.00

07:26:54 AM  CPU    %usr   %nice    %sys %iowait    %irq   %soft  %steal  %guest  %gnice   %idle
07:26:55 AM  all    0.25    0.00   28.55    0.00    0.00    0.25    0.00    0.00    0.00   70.94
07:26:55 AM    0    1.03    0.00   64.95    0.00    0.00    0.00    0.00    0.00    0.00   34.02
07:26:55 AM    1    1.01    0.00   64.65    0.00    0.00    0.00    0.00    0.00    0.00   34.34
07:26:55 AM    2    0.00    0.00  100.00    0.00    0.00    0.00    0.00    0.00    0.00    0.00
07:26:55 AM    3    0.00    0.00    0.00    0.00    0.00    2.00    0.00    0.00    0.00   98.00
07:26:55 AM    4    0.00    0.00    0.00    0.00    0.00    0.00    0.00    0.00    0.00  100.00
07:26:55 AM    5    0.00    0.00    0.00    0.00    0.00    0.00    0.00    0.00    0.00  100.00
07:26:55 AM    6    0.00    0.00    0.00    0.00    0.00    0.00    0.00    0.00    0.00  100.00
07:26:55 AM    7    0.00    0.00    0.00    0.00    0.00    0.00    0.00    0.00    0.00  100.00

07:26:55 AM  CPU    %usr   %nice    %sys %iowait    %irq   %soft  %steal  %guest  %gnice   %idle
07:26:56 AM  all    0.38    0.00   29.49    0.00    0.25    0.25    0.00    0.00    0.00   69.64
07:26:56 AM    0    1.04    0.00   62.50    0.00    1.04    0.00    0.00    0.00    0.00   35.42
07:26:56 AM    1    2.00    0.00   75.00    0.00    0.00    0.00    0.00    0.00    0.00   23.00
07:26:56 AM    2    0.00    0.00  100.00    0.00    0.00    0.00    0.00    0.00    0.00    0.00
07:26:56 AM    3    0.00    0.00    0.00    0.00    0.00    2.00    0.00    0.00    0.00   98.00
07:26:56 AM    4    0.00    0.00    0.00    0.00    0.99    0.00    0.00    0.00    0.00   99.01
07:26:56 AM    5    0.00    0.00    0.00    0.00    0.00    0.00    0.00    0.00    0.00  100.00
07:26:56 AM    6    0.00    0.00    0.00    0.00    0.00    0.00    0.00    0.00    0.00  100.00
07:26:56 AM    7    0.00    0.00    0.00    0.00    0.00    0.00    0.00    0.00    0.00  100.00

07:26:56 AM  CPU    %usr   %nice    %sys %iowait    %irq   %soft  %steal  %guest  %gnice   %idle
07:26:57 AM  all    0.25    0.00   29.72    0.00    0.00    0.38    0.00    0.00    0.00   69.65
07:26:57 AM    0    0.00    0.00   72.92    0.00    0.00    0.00    0.00    0.00    0.00   27.08
07:26:57 AM    1    2.02    0.00   66.67    0.00    0.00    0.00    0.00    0.00    0.00   31.31
07:26:57 AM    2    0.00    0.00  100.00    0.00    0.00    0.00    0.00    0.00    0.00    0.00
07:26:57 AM    3    0.00    0.00    0.00    0.00    0.00    2.02    0.00    0.00    0.00   97.98
07:26:57 AM    4    0.00    0.00    0.00    0.00    0.00    1.00    0.00    0.00    0.00   99.00
07:26:57 AM    5    0.00    0.00    0.00    0.00    0.00    0.00    0.00    0.00    0.00  100.00
07:26:57 AM    6    0.00    0.00    0.00    0.00    0.00    0.00    0.00    0.00    0.00  100.00
07:26:57 AM    7    0.00    0.00    0.00    0.00    0.00    0.00    0.00    0.00    0.00  100.00

07:26:57 AM  CPU    %usr   %nice    %sys %iowait    %irq   %soft  %steal  %guest  %gnice   %idle
07:26:58 AM  all    0.25    0.00   28.82    0.00    0.25    0.25    0.00    0.00    0.00   70.43
07:26:58 AM    0    1.01    0.00   65.66    0.00    0.00    1.01    0.00    0.00    0.00   32.32
07:26:58 AM    1    1.01    0.00   65.66    0.00    1.01    0.00    0.00    0.00    0.00   32.32
07:26:58 AM    2    0.00    0.00  100.00    0.00    0.00    0.00    0.00    0.00    0.00    0.00
07:26:58 AM    3    0.00    0.00    0.00    0.00    1.00    1.00    0.00    0.00    0.00   98.00
07:26:58 AM    4    0.00    0.00    0.00    0.00    0.00    0.00    0.00    0.00    0.00  100.00
07:26:58 AM    5    0.00    0.00    0.00    0.00    0.00    0.00    0.00    0.00    0.00  100.00
07:26:58 AM    6    0.00    0.00    0.00    0.00    0.00    0.00    0.00    0.00    0.00  100.00
07:26:58 AM    7    0.00    0.00    0.00    0.00    0.00    0.00    0.00    0.00    0.00  100.00

07:26:58 AM  CPU    %usr   %nice    %sys %iowait    %irq   %soft  %steal  %guest  %gnice   %idle
07:26:59 AM  all    0.38    0.00   28.00    0.00    0.12    0.25    0.00    0.00    0.00   71.25
07:26:59 AM    0    2.00    0.00   63.00    0.00    1.00    0.00    0.00    0.00    0.00   34.00
07:26:59 AM    1    1.01    0.00   61.62    0.00    0.00    0.00    0.00    0.00    0.00   37.37
07:26:59 AM    2    0.00    0.00  100.00    0.00    0.00    0.00    0.00    0.00    0.00    0.00
07:26:59 AM    3    0.00    0.00    0.00    0.00    0.00    2.00    0.00    0.00    0.00   98.00
07:26:59 AM    4    0.00    0.00    0.00    0.00    0.00    0.00    0.00    0.00    0.00  100.00
07:26:59 AM    5    0.00    0.00    0.00    0.00    0.00    0.00    0.00    0.00    0.00  100.00
07:26:59 AM    6    0.00    0.00    0.00    0.00    0.00    0.00    0.00    0.00    0.00  100.00
07:26:59 AM    7    0.00    0.00    0.00    0.00    0.00    0.00    0.00    0.00    0.00  100.00

07:26:59 AM  CPU    %usr   %nice    %sys %iowait    %irq   %soft  %steal  %guest  %gnice   %idle
07:27:00 AM  all    0.25    0.00   29.15    0.00    0.00    0.25    0.00    0.00    0.00   70.35
07:27:00 AM    0    1.01    0.00   63.64    0.00    0.00    0.00    0.00    0.00    0.00   35.35
07:27:00 AM    1    1.01    0.00   69.70    0.00    0.00    0.00    0.00    0.00    0.00   29.29
07:27:00 AM    2    0.00    0.00  100.00    0.00    0.00    0.00    0.00    0.00    0.00    0.00
07:27:00 AM    3    0.00    0.00    0.00    0.00    0.00    2.02    0.00    0.00    0.00   97.98
07:27:00 AM    4    0.00    0.00    0.00    0.00    0.00    0.00    0.00    0.00    0.00  100.00
07:27:00 AM    5    0.00    0.00    0.00    0.00    0.00    0.00    0.00    0.00    0.00  100.00
07:27:00 AM    6    0.00    0.00    0.00    0.00    0.00    0.00    0.00    0.00    0.00  100.00
07:27:00 AM    7    0.00    0.00    0.00    0.00    0.00    0.00    0.00    0.00    0.00  100.00

07:27:00 AM  CPU    %usr   %nice    %sys %iowait    %irq   %soft  %steal  %guest  %gnice   %idle
07:27:01 AM  all    0.50    0.00   29.04    0.00    0.13    0.38    0.00    0.00    0.00   69.96
07:27:01 AM    0    2.02    0.00   66.67    0.00    0.00    0.00    0.00    0.00    0.00   31.31
07:27:01 AM    1    2.02    0.00   66.67    0.00    1.01    0.00    0.00    0.00    0.00   30.30
07:27:01 AM    2    0.00    0.00  100.00    0.00    0.00    0.00    0.00    0.00    0.00    0.00
07:27:01 AM    3    0.00    0.00    0.00    0.00    0.00    2.00    0.00    0.00    0.00   98.00
07:27:01 AM    4    0.00    0.00    0.00    0.00    0.00    0.99    0.00    0.00    0.00   99.01
07:27:01 AM    5    0.00    0.00    0.00    0.00    0.00    0.00    0.00    0.00    0.00  100.00
07:27:01 AM    6    0.00    0.00    0.00    0.00    0.00    0.00    0.00    0.00    0.00  100.00
07:27:01 AM    7    0.00    0.00    0.00    0.00    0.00    0.00    0.00    0.00    0.00  100.00

07:27:01 AM  CPU    %usr   %nice    %sys %iowait    %irq   %soft  %steal  %guest  %gnice   %idle
07:27:02 AM  all    0.25    0.00   28.64    0.00    0.00    0.38    0.00    0.00    0.00   70.73
07:27:02 AM    0    1.02    0.00   63.27    0.00    0.00    0.00    0.00    0.00    0.00   35.71
07:27:02 AM    1    1.00    0.00   66.00    0.00    0.00    1.00    0.00    0.00    0.00   32.00
07:27:02 AM    2    0.00    0.00  100.00    0.00    0.00    0.00    0.00    0.00    0.00    0.00
07:27:02 AM    3    0.00    0.00    0.00    0.00    0.00    2.02    0.00    0.00    0.00   97.98
07:27:02 AM    4    0.00    0.00    0.00    0.00    0.00    0.00    0.00    0.00    0.00  100.00
07:27:02 AM    5    0.00    0.00    0.00    0.00    0.00    0.00    0.00    0.00    0.00  100.00
07:27:02 AM    6    0.00    0.00    0.00    0.00    0.00    0.00    0.00    0.00    0.00  100.00
07:27:02 AM    7    0.00    0.00    0.00    0.00    0.00    0.00    0.00    0.00    0.00  100.00

07:27:02 AM  CPU    %usr   %nice    %sys %iowait    %irq   %soft  %steal  %guest  %gnice   %idle
07:27:03 AM  all    0.13    0.00   28.95    0.00    0.25    0.38    0.00    0.00    0.00   70.30
07:27:03 AM    0    1.00    0.00   66.00    0.00    1.00    1.00    0.00    0.00    0.00   31.00
07:27:03 AM    1    0.00    0.00   67.01    0.00    0.00    0.00    0.00    0.00    0.00   32.99
07:27:03 AM    2    0.00    0.00  100.00    0.00    0.00    0.00    0.00    0.00    0.00    0.00
07:27:03 AM    3    0.00    0.00    0.00    0.00    0.99    1.98    0.00    0.00    0.00   97.03
07:27:03 AM    4    0.00    0.00    0.00    0.00    0.00    0.00    0.00    0.00    0.00  100.00
07:27:03 AM    5    0.00    0.00    0.00    0.00    0.00    0.00    0.00    0.00    0.00  100.00
07:27:03 AM    6    0.00    0.00    0.00    0.00    0.00    0.00    0.00    0.00    0.00  100.00
07:27:03 AM    7    0.00    0.00    0.00    0.00    0.00    0.00    0.00    0.00    0.00  100.00

07:27:03 AM  CPU    %usr   %nice    %sys %iowait    %irq   %soft  %steal  %guest  %gnice   %idle
07:27:04 AM  all    0.38    0.00   28.91    0.00    0.00    0.25    0.00    0.00    0.00   70.46
07:27:04 AM    0    1.01    0.00   68.69    0.00    0.00    0.00    0.00    0.00    0.00   30.30
07:27:04 AM    1    2.00    0.00   63.00    0.00    0.00    0.00    0.00    0.00    0.00   35.00
07:27:04 AM    2    0.00    0.00  100.00    0.00    0.00    0.00    0.00    0.00    0.00    0.00
07:27:04 AM    3    0.00    0.00    0.00    0.00    0.00    2.00    0.00    0.00    0.00   98.00
07:27:04 AM    4    0.00    0.00    0.00    0.00    0.00    0.00    0.00    0.00    0.00  100.00
07:27:04 AM    5    0.00    0.00    0.00    0.00    0.00    0.00    0.00    0.00    0.00  100.00
07:27:04 AM    6    0.00    0.00    0.00    0.00    0.00    0.00    0.00    0.00    0.00  100.00
07:27:04 AM    7    0.00    0.00    0.00    0.00    0.00    0.00    0.00    0.00    0.00  100.00

07:27:04 AM  CPU    %usr   %nice    %sys %iowait    %irq   %soft  %steal  %guest  %gnice   %idle
07:27:05 AM  all    0.13    0.00   29.35    0.00    0.13    0.38    0.00    0.00    0.00   70.03
07:27:05 AM    0    1.03    0.00   71.13    0.00    0.00    0.00    0.00    0.00    0.00   27.84
07:27:05 AM    1    0.00    0.00   65.98    0.00    1.03    0.00    0.00    0.00    0.00   32.99
07:27:05 AM    2    0.00    0.00  100.00    0.00    0.00    0.00    0.00    0.00    0.00    0.00
07:27:05 AM    3    0.00    0.00    0.00    0.00    0.00    2.00    0.00    0.00    0.00   98.00
07:27:05 AM    4    0.00    0.00    0.00    0.00    0.00    1.00    0.00    0.00    0.00   99.00
07:27:05 AM    5    0.00    0.00    0.00    0.00    0.00    0.00    0.00    0.00    0.00  100.00
07:27:05 AM    6    0.00    0.00    0.00    0.00    0.00    0.00    0.00    0.00    0.00  100.00
07:27:05 AM    7    0.00    0.00    0.00    0.00    0.00    0.00    0.00    0.00    0.00  100.00

07:27:05 AM  CPU    %usr   %nice    %sys %iowait    %irq   %soft  %steal  %guest  %gnice   %idle
07:27:06 AM  all    0.50    0.00   29.91    0.00    0.13    0.25    0.00    0.00    0.00   69.21
07:27:06 AM    0    2.00    0.00   69.00    0.00    1.00    0.00    0.00    0.00    0.00   28.00
07:27:06 AM    1    2.00    0.00   70.00    0.00    0.00    0.00    0.00    0.00    0.00   28.00
07:27:06 AM    2    0.00    0.00  100.00    0.00    0.00    0.00    0.00    0.00    0.00    0.00
07:27:06 AM    3    0.00    0.00    0.00    0.00    0.00    2.02    0.00    0.00    0.00   97.98
07:27:06 AM    4    0.00    0.00    0.00    0.00    0.00    0.00    0.00    0.00    0.00  100.00
07:27:06 AM    5    0.00    0.00    0.00    0.00    0.00    0.00    0.00    0.00    0.00  100.00
07:27:06 AM    6    0.00    0.00    0.00    0.00    0.00    0.00    0.00    0.00    0.00  100.00
07:27:06 AM    7    0.00    0.00    0.00    0.00    0.00    0.00    0.00    0.00    0.00  100.00

07:27:06 AM  CPU    %usr   %nice    %sys %iowait    %irq   %soft  %steal  %guest  %gnice   %idle
07:27:07 AM  all    0.25    0.00   28.82    0.00    0.13    0.25    0.00    0.00    0.00   70.55
07:27:07 AM    0    1.03    0.00   68.04    0.00    0.00    0.00    0.00    0.00    0.00   30.93
07:27:07 AM    1    1.00    0.00   64.00    0.00    0.00    0.00    0.00    0.00    0.00   35.00
07:27:07 AM    2    0.00    0.00  100.00    0.00    0.00    0.00    0.00    0.00    0.00    0.00
07:27:07 AM    3    0.00    0.00    0.00    0.00    0.99    1.98    0.00    0.00    0.00   97.03
07:27:07 AM    4    0.00    0.00    0.00    0.00    0.00    0.00    0.00    0.00    0.00  100.00
07:27:07 AM    5    0.00    0.00    0.00    0.00    0.00    0.00    0.00    0.00    0.00  100.00
07:27:07 AM    6    0.00    0.00    0.00    0.00    0.00    0.00    0.00    0.00    0.00  100.00
07:27:07 AM    7    0.00    0.00    0.00    0.00    0.00    0.00    0.00    0.00    0.00  100.00

07:27:07 AM  CPU    %usr   %nice    %sys %iowait    %irq   %soft  %steal  %guest  %gnice   %idle
07:27:08 AM  all    0.38    0.00   29.74    0.00    0.13    0.25    0.00    0.00    0.00   69.51
07:27:08 AM    0    2.00    0.00   69.00    0.00    0.00    0.00    0.00    0.00    0.00   29.00
07:27:08 AM    1    1.02    0.00   69.39    0.00    1.02    0.00    0.00    0.00    0.00   28.57
07:27:08 AM    2    0.00    0.00  100.00    0.00    0.00    0.00    0.00    0.00    0.00    0.00
07:27:08 AM    3    0.00    0.00    0.00    0.00    0.00    2.02    0.00    0.00    0.00   97.98
07:27:08 AM    4    0.00    0.00    0.00    0.00    0.00    0.00    0.00    0.00    0.00  100.00
07:27:08 AM    5    0.00    0.00    0.00    0.00    0.00    0.00    0.00    0.00    0.00  100.00
07:27:08 AM    6    0.00    0.00    0.00    0.00    0.00    0.00    0.00    0.00    0.00  100.00
07:27:08 AM    7    0.00    0.00    0.00    0.00    0.00    0.00    0.00    0.00    0.00  100.00

07:27:08 AM  CPU    %usr   %nice    %sys %iowait    %irq   %soft  %steal  %guest  %gnice   %idle
07:27:09 AM  all    0.25    0.00   29.25    0.00    0.25    0.38    0.00    0.00    0.00   69.88
07:27:09 AM    0    1.01    0.00   64.65    0.00    1.01    1.01    0.00    0.00    0.00   32.32
07:27:09 AM    1    0.99    0.00   69.31    0.00    0.00    0.00    0.00    0.00    0.00   29.70
07:27:09 AM    2    0.00    0.00  100.00    0.00    0.00    0.00    0.00    0.00    0.00    0.00
07:27:09 AM    3    0.00    0.00    0.00    0.00    0.00    1.01    0.00    0.00    0.00   98.99
07:27:09 AM    4    0.00    0.00    0.00    0.00    0.99    0.99    0.00    0.00    0.00   98.02
07:27:09 AM    5    0.00    0.00    0.00    0.00    0.00    0.00    0.00    0.00    0.00  100.00
07:27:09 AM    6    0.00    0.00    0.00    0.00    0.00    0.00    0.00    0.00    0.00  100.00
07:27:09 AM    7    0.00    0.00    0.00    0.00    0.00    0.00    0.00    0.00    0.00  100.00

07:27:09 AM  CPU    %usr   %nice    %sys %iowait    %irq   %soft  %steal  %guest  %gnice   %idle
07:27:10 AM  all    0.25    0.00   28.77    0.00    0.00    0.25    0.00    0.00    0.00   70.73
07:27:10 AM    0    1.01    0.00   64.65    0.00    0.00    0.00    0.00    0.00    0.00   34.34
07:27:10 AM    1    1.03    0.00   67.01    0.00    0.00    0.00    0.00    0.00    0.00   31.96
07:27:10 AM    2    0.00    0.00  100.00    0.00    0.00    0.00    0.00    0.00    0.00    0.00
07:27:10 AM    3    0.00    0.00    0.00    0.00    0.00    2.00    0.00    0.00    0.00   98.00
07:27:10 AM    4    0.00    0.00    0.00    0.00    0.00    0.00    0.00    0.00    0.00  100.00
07:27:10 AM    5    0.00    0.00    0.00    0.00    0.00    0.00    0.00    0.00    0.00  100.00
07:27:10 AM    6    0.00    0.00    0.00    0.00    0.00    0.00    0.00    0.00    0.00  100.00
07:27:10 AM    7    0.00    0.00    0.00    0.00    0.00    0.00    0.00    0.00    0.00  100.00

07:27:10 AM  CPU    %usr   %nice    %sys %iowait    %irq   %soft  %steal  %guest  %gnice   %idle
07:27:11 AM  all    0.25    0.00   28.48    0.00    0.00    0.38    0.00    0.00    0.00   70.89
07:27:11 AM    0    2.02    0.00   66.67    0.00    0.00    0.00    0.00    0.00    0.00   31.31
07:27:11 AM    1    0.00    0.00   61.62    0.00    0.00    1.01    0.00    0.00    0.00   37.37
07:27:11 AM    2    0.00    0.00  100.00    0.00    0.00    0.00    0.00    0.00    0.00    0.00
07:27:11 AM    3    0.00    0.00    0.00    0.00    0.00    2.02    0.00    0.00    0.00   97.98
07:27:11 AM    4    0.00    0.00    0.00    0.00    0.00    0.00    0.00    0.00    0.00  100.00
07:27:11 AM    5    0.00    0.00    0.00    0.00    0.00    0.00    0.00    0.00    0.00  100.00
07:27:11 AM    6    0.00    0.00    0.00    0.00    0.00    0.00    0.00    0.00    0.00  100.00
07:27:11 AM    7    0.00    0.00    0.00    0.00    0.00    0.00    0.00    0.00    0.00  100.00

07:27:11 AM  CPU    %usr   %nice    %sys %iowait    %irq   %soft  %steal  %guest  %gnice   %idle
07:27:12 AM  all    0.38    0.00   28.29    0.00    0.38    0.25    0.00    0.00    0.00   70.71
07:27:12 AM    0    1.00    0.00   65.00    0.00    1.00    0.00    0.00    0.00    0.00   33.00
07:27:12 AM    1    2.02    0.00   61.62    0.00    1.01    0.00    0.00    0.00    0.00   35.35
07:27:12 AM    2    0.00    0.00  100.00    0.00    0.00    0.00    0.00    0.00    0.00    0.00
07:27:12 AM    3    0.00    0.00    0.00    0.00    0.99    1.98    0.00    0.00    0.00   97.03
07:27:12 AM    4    0.00    0.00    0.00    0.00    0.00    0.00    0.00    0.00    0.00  100.00
07:27:12 AM    5    0.00    0.00    0.00    0.00    0.00    0.00    0.00    0.00    0.00  100.00
07:27:12 AM    6    0.00    0.00    0.00    0.00    0.00    0.00    0.00    0.00    0.00  100.00
07:27:12 AM    7    0.00    0.00    0.00    0.00    0.00    0.00    0.00    0.00    0.00  100.00

07:27:12 AM  CPU    %usr   %nice    %sys %iowait    %irq   %soft  %steal  %guest  %gnice   %idle
07:27:13 AM  all    0.25    0.00   28.57    0.00    0.00    0.38    0.00    0.00    0.00   70.80
07:27:13 AM    0    1.00    0.00   64.00    0.00    0.00    1.00    0.00    0.00    0.00   34.00
07:27:13 AM    1    1.02    0.00   65.31    0.00    0.00    0.00    0.00    0.00    0.00   33.67
07:27:13 AM    2    0.00    0.00  100.00    0.00    0.00    0.00    0.00    0.00    0.00    0.00
07:27:13 AM    3    0.00    0.00    0.00    0.00    0.00    2.00    0.00    0.00    0.00   98.00
07:27:13 AM    4    0.00    0.00    0.00    0.00    0.00    0.00    0.00    0.00    0.00  100.00
07:27:13 AM    5    0.00    0.00    0.00    0.00    0.00    0.00    0.00    0.00    0.00  100.00
07:27:13 AM    6    0.00    0.00    0.00    0.00    0.00    0.00    0.00    0.00    0.00  100.00
07:27:13 AM    7    0.00    0.00    0.00    0.00    0.00    0.00    0.00    0.00    0.00  100.00

07:27:13 AM  CPU    %usr   %nice    %sys %iowait    %irq   %soft  %steal  %guest  %gnice   %idle
07:27:14 AM  all    0.25    0.00   28.57    0.00    0.00    0.38    0.00    0.00    0.00   70.80
07:27:14 AM    0    1.01    0.00   67.68    0.00    0.00    0.00    0.00    0.00    0.00   31.31
07:27:14 AM    1    1.02    0.00   62.24    0.00    0.00    0.00    0.00    0.00    0.00   36.73
07:27:14 AM    2    0.00    0.00  100.00    0.00    0.00    0.00    0.00    0.00    0.00    0.00
07:27:14 AM    3    0.00    0.00    0.00    0.00    0.00    2.00    0.00    0.00    0.00   98.00
07:27:14 AM    4    0.00    0.00    0.00    0.00    0.00    0.99    0.00    0.00    0.00   99.01
07:27:14 AM    5    0.00    0.00    0.00    0.00    0.00    0.00    0.00    0.00    0.00  100.00
07:27:14 AM    6    0.00    0.00    0.00    0.00    0.00    0.00    0.00    0.00    0.00  100.00
07:27:14 AM    7    0.00    0.00    0.00    0.00    0.00    0.00    0.00    0.00    0.00  100.00

07:27:14 AM  CPU    %usr   %nice    %sys %iowait    %irq   %soft  %steal  %guest  %gnice   %idle
07:27:15 AM  all    0.38    0.00   29.61    0.00    0.13    0.25    0.00    0.00    0.00   69.64
07:27:15 AM    0    1.98    0.00   69.31    0.00    0.99    0.00    0.00    0.00    0.00   27.72
07:27:15 AM    1    1.02    0.00   67.35    0.00    0.00    0.00    0.00    0.00    0.00   31.63
07:27:15 AM    2    0.00    0.00  100.00    0.00    0.00    0.00    0.00    0.00    0.00    0.00
07:27:15 AM    3    0.00    0.00    0.00    0.00    0.00    2.02    0.00    0.00    0.00   97.98
07:27:15 AM    4    0.00    0.00    0.00    0.00    0.00    0.00    0.00    0.00    0.00  100.00
07:27:15 AM    5    0.00    0.00    0.00    0.00    0.00    0.00    0.00    0.00    0.00  100.00
07:27:15 AM    6    0.00    0.00    0.00    0.00    0.00    0.00    0.00    0.00    0.00  100.00
07:27:15 AM    7    0.00    0.00    0.00    0.00    0.00    0.00    0.00    0.00    0.00  100.00

07:27:15 AM  CPU    %usr   %nice    %sys %iowait    %irq   %soft  %steal  %guest  %gnice   %idle
07:27:16 AM  all    0.25    0.00   28.57    0.00    0.13    0.25    0.00    0.00    0.00   70.80
07:27:16 AM    0    1.02    0.00   62.24    0.00    0.00    0.00    0.00    0.00    0.00   36.73
07:27:16 AM    1    1.00    0.00   67.00    0.00    1.00    0.00    0.00    0.00    0.00   31.00
07:27:16 AM    2    0.00    0.00  100.00    0.00    0.00    0.00    0.00    0.00    0.00    0.00
07:27:16 AM    3    0.00    0.00    0.00    0.00    0.00    2.00    0.00    0.00    0.00   98.00
07:27:16 AM    4    0.00    0.00    0.00    0.00    0.00    0.00    0.00    0.00    0.00  100.00
07:27:16 AM    5    0.00    0.00    0.00    0.00    0.00    0.00    0.00    0.00    0.00  100.00
07:27:16 AM    6    0.00    0.00    0.00    0.00    0.00    0.00    0.00    0.00    0.00  100.00
07:27:16 AM    7    0.00    0.00    0.00    0.00    0.00    0.00    0.00    0.00    0.00  100.00

07:27:16 AM  CPU    %usr   %nice    %sys %iowait    %irq   %soft  %steal  %guest  %gnice   %idle
07:27:17 AM  all    0.38    0.00   28.95    0.00    0.13    0.25    0.00    0.00    0.00   70.30
07:27:17 AM    0    1.03    0.00   68.04    0.00    0.00    0.00    0.00    0.00    0.00   30.93
07:27:17 AM    1    2.00    0.00   65.00    0.00    0.00    0.00    0.00    0.00    0.00   33.00
07:27:17 AM    2    0.00    0.00  100.00    0.00    0.00    0.00    0.00    0.00    0.00    0.00
07:27:17 AM    3    0.00    0.00    0.00    0.00    0.99    1.98    0.00    0.00    0.00   97.03
07:27:17 AM    4    0.00    0.00    0.00    0.00    0.00    0.00    0.00    0.00    0.00  100.00
07:27:17 AM    5    0.00    0.00    0.00    0.00    0.00    0.00    0.00    0.00    0.00  100.00
07:27:17 AM    6    0.00    0.00    0.00    0.00    0.00    0.00    0.00    0.00    0.00  100.00
07:27:17 AM    7    0.00    0.00    0.00    0.00    0.00    0.00    0.00    0.00    0.00  100.00

07:27:17 AM  CPU    %usr   %nice    %sys %iowait    %irq   %soft  %steal  %guest  %gnice   %idle
07:27:18 AM  all    0.25    0.00   31.19    0.00    0.13    0.38    0.00    0.00    0.00   68.06
07:27:18 AM    0    1.04    0.00   75.00    0.00    1.04    0.00    0.00    0.00    0.00   22.92
07:27:18 AM    1    1.03    0.00   77.32    0.00    0.00    0.00    0.00    0.00    0.00   21.65
07:27:18 AM    2    0.00    0.00  100.00    0.00    0.00    0.00    0.00    0.00    0.00    0.00
07:27:18 AM    3    0.00    0.00    0.00    0.00    0.00    2.02    0.00    0.00    0.00   97.98
07:27:18 AM    4    0.00    0.00    0.00    0.00    0.00    1.00    0.00    0.00    0.00   99.00
07:27:18 AM    5    0.00    0.00    0.00    0.00    0.00    0.00    0.00    0.00    0.00  100.00
07:27:18 AM    6    0.00    0.00    0.00    0.00    0.00    0.00    0.00    0.00    0.00  100.00
07:27:18 AM    7    0.00    0.00    0.00    0.00    0.00    0.00    0.00    0.00    0.00  100.00

07:27:18 AM  CPU    %usr   %nice    %sys %iowait    %irq   %soft  %steal  %guest  %gnice   %idle
07:27:19 AM  all    0.25    0.00   29.65    0.00    0.13    0.38    0.00    0.00    0.00   69.60
07:27:19 AM    0    2.04    0.00   69.39    0.00    0.00    1.02    0.00    0.00    0.00   27.55
07:27:19 AM    1    0.00    0.00   68.69    0.00    1.01    1.01    0.00    0.00    0.00   29.29
07:27:19 AM    2    0.00    0.00  100.00    0.00    0.00    0.00    0.00    0.00    0.00    0.00
07:27:19 AM    3    0.00    0.00    0.00    0.00    0.00    1.01    0.00    0.00    0.00   98.99
07:27:19 AM    4    0.00    0.00    0.00    0.00    0.00    0.00    0.00    0.00    0.00  100.00
07:27:19 AM    5    0.00    0.00    0.00    0.00    0.00    0.00    0.00    0.00    0.00  100.00
07:27:19 AM    6    0.00    0.00    0.00    0.00    0.00    0.00    0.00    0.00    0.00  100.00
07:27:19 AM    7    0.00    0.00    0.00    0.00    0.00    0.00    0.00    0.00    0.00  100.00

07:27:19 AM  CPU    %usr   %nice    %sys %iowait    %irq   %soft  %steal  %guest  %gnice   %idle
07:27:20 AM  all    0.50    0.00   29.51    0.00    0.00    0.25    0.00    0.00    0.00   69.74
07:27:20 AM    0    2.04    0.00   70.41    0.00    0.00    0.00    0.00    0.00    0.00   27.55
07:27:20 AM    1    2.06    0.00   67.01    0.00    0.00    0.00    0.00    0.00    0.00   30.93
07:27:20 AM    2    0.00    0.00  100.00    0.00    0.00    0.00    0.00    0.00    0.00    0.00
07:27:20 AM    3    0.00    0.00    0.00    0.00    0.00    2.02    0.00    0.00    0.00   97.98
07:27:20 AM    4    0.00    0.00    0.00    0.00    0.00    0.00    0.00    0.00    0.00  100.00
07:27:20 AM    5    0.00    0.00    0.00    0.00    0.00    0.00    0.00    0.00    0.00  100.00
07:27:20 AM    6    0.00    0.00    0.00    0.00    0.00    0.00    0.00    0.00    0.00  100.00
07:27:20 AM    7    0.00    0.00    0.00    0.00    0.00    0.00    0.00    0.00    0.00  100.00

07:27:20 AM  CPU    %usr   %nice    %sys %iowait    %irq   %soft  %steal  %guest  %gnice   %idle
07:27:21 AM  all    0.25    0.00   29.25    0.00    0.25    0.25    0.00    0.00    0.00   70.00
07:27:21 AM    0    0.99    0.00   64.36    0.00    0.99    0.00    0.00    0.00    0.00   33.66
07:27:21 AM    1    1.02    0.00   70.41    0.00    0.00    0.00    0.00    0.00    0.00   28.57
07:27:21 AM    2    0.00    0.00  100.00    0.00    0.00    0.00    0.00    0.00    0.00    0.00
07:27:21 AM    3    0.00    0.00    0.00    0.00    0.99    1.98    0.00    0.00    0.00   97.03
07:27:21 AM    4    0.00    0.00    0.00    0.00    0.00    0.00    0.00    0.00    0.00  100.00
07:27:21 AM    5    0.00    0.00    0.00    0.00    0.00    0.00    0.00    0.00    0.00  100.00
07:27:21 AM    6    0.00    0.00    0.00    0.00    0.00    0.00    0.00    0.00    0.00  100.00
07:27:21 AM    7    0.00    0.00    0.00    0.00    0.00    0.00    0.00    0.00    0.00  100.00

07:27:21 AM  CPU    %usr   %nice    %sys %iowait    %irq   %soft  %steal  %guest  %gnice   %idle
07:27:22 AM  all    0.38    0.00   29.20    0.00    0.25    0.38    0.00    0.00    0.00   69.80
07:27:22 AM    0    1.03    0.00   64.95    0.00    0.00    0.00    0.00    0.00    0.00   34.02
07:27:22 AM    1    2.00    0.00   70.00    0.00    1.00    0.00    0.00    0.00    0.00   27.00
07:27:22 AM    2    0.00    0.00  100.00    0.00    0.00    0.00    0.00    0.00    0.00    0.00
07:27:22 AM    3    0.00    0.00    0.00    0.00    0.00    2.00    0.00    0.00    0.00   98.00
07:27:22 AM    4    0.00    0.00    0.00    0.00    0.99    0.99    0.00    0.00    0.00   98.02
07:27:22 AM    5    0.00    0.00    0.00    0.00    0.00    0.00    0.00    0.00    0.00  100.00
07:27:22 AM    6    0.00    0.00    0.00    0.00    0.00    0.00    0.00    0.00    0.00  100.00
07:27:22 AM    7    0.00    0.00    0.00    0.00    0.00    0.00    0.00    0.00    0.00  100.00

07:27:22 AM  CPU    %usr   %nice    %sys %iowait    %irq   %soft  %steal  %guest  %gnice   %idle
07:27:23 AM  all    0.50    0.00   29.56    0.00    0.00    0.25    0.00    0.00    0.00   69.69
07:27:23 AM    0    2.06    0.00   65.98    0.00    0.00    0.00    0.00    0.00    0.00   31.96
07:27:23 AM    1    2.02    0.00   71.72    0.00    0.00    0.00    0.00    0.00    0.00   26.26
07:27:23 AM    2    0.00    0.00  100.00    0.00    0.00    0.00    0.00    0.00    0.00    0.00
07:27:23 AM    3    0.00    0.00    0.00    0.00    0.00    2.02    0.00    0.00    0.00   97.98
07:27:23 AM    4    0.00    0.00    0.00    0.00    0.00    0.00    0.00    0.00    0.00  100.00
07:27:23 AM    5    0.00    0.00    0.00    0.00    0.00    0.00    0.00    0.00    0.00  100.00
07:27:23 AM    6    0.00    0.00    0.00    0.00    0.00    0.00    0.00    0.00    0.00  100.00
07:27:23 AM    7    0.00    0.00    0.00    0.00    0.00    0.00    0.00    0.00    0.00  100.00

07:27:23 AM  CPU    %usr   %nice    %sys %iowait    %irq   %soft  %steal  %guest  %gnice   %idle
07:27:24 AM  all    0.12    0.00   29.50    0.00    0.12    0.38    0.00    0.00    0.00   69.88
07:27:24 AM    0    0.99    0.00   63.37    0.00    0.99    0.99    0.00    0.00    0.00   33.66
07:27:24 AM    1    0.00    0.00   72.73    0.00    0.00    0.00    0.00    0.00    0.00   27.27
07:27:24 AM    2    0.00    0.00  100.00    0.00    0.00    0.00    0.00    0.00    0.00    0.00
07:27:24 AM    3    0.00    0.00    0.00    0.00    0.00    2.00    0.00    0.00    0.00   98.00
07:27:24 AM    4    0.00    0.00    0.00    0.00    0.00    0.00    0.00    0.00    0.00  100.00
07:27:24 AM    5    0.00    0.00    0.00    0.00    0.00    0.00    0.00    0.00    0.00  100.00
07:27:24 AM    6    0.00    0.00    0.00    0.00    0.00    0.00    0.00    0.00    0.00  100.00
07:27:24 AM    7    0.00    0.00    0.00    0.00    0.00    0.00    0.00    0.00    0.00  100.00

07:27:24 AM  CPU    %usr   %nice    %sys %iowait    %irq   %soft  %steal  %guest  %gnice   %idle
07:27:25 AM  all    0.38    0.00   29.60    0.00    0.00    0.25    0.00    0.00    0.00   69.77
07:27:25 AM    0    1.02    0.00   67.35    0.00    0.00    0.00    0.00    0.00    0.00   31.63
07:27:25 AM    1    2.04    0.00   70.41    0.00    0.00    0.00    0.00    0.00    0.00   27.55
07:27:25 AM    2    0.00    0.00  100.00    0.00    0.00    0.00    0.00    0.00    0.00    0.00
07:27:25 AM    3    0.00    0.00    0.00    0.00    0.00    2.02    0.00    0.00    0.00   97.98
07:27:25 AM    4    0.00    0.00    0.00    0.00    0.00    0.00    0.00    0.00    0.00  100.00
07:27:25 AM    5    0.00    0.00    0.00    0.00    0.00    0.00    0.00    0.00    0.00  100.00
07:27:25 AM    6    0.00    0.00    0.00    0.00    0.00    0.00    0.00    0.00    0.00  100.00
07:27:25 AM    7    0.00    0.00    0.00    0.00    0.00    0.00    0.00    0.00    0.00  100.00

07:27:25 AM  CPU    %usr   %nice    %sys %iowait    %irq   %soft  %steal  %guest  %gnice   %idle
07:27:26 AM  all    0.50    0.00   28.88    0.00    0.25    0.38    0.00    0.00    0.00   70.00
07:27:26 AM    0    2.02    0.00   66.67    0.00    0.00    0.00    0.00    0.00    0.00   31.31
07:27:26 AM    1    2.02    0.00   65.66    0.00    1.01    0.00    0.00    0.00    0.00   31.31
07:27:26 AM    2    0.00    0.00  100.00    0.00    0.00    0.00    0.00    0.00    0.00    0.00
07:27:26 AM    3    0.00    0.00    0.00    0.00    0.99    1.98    0.00    0.00    0.00   97.03
07:27:26 AM    4    0.00    0.00    0.00    0.00    0.00    0.99    0.00    0.00    0.00   99.01
07:27:26 AM    5    0.00    0.00    0.00    0.00    0.00    0.00    0.00    0.00    0.00  100.00
07:27:26 AM    6    0.00    0.00    0.00    0.00    0.00    0.00    0.00    0.00    0.00  100.00
07:27:26 AM    7    0.00    0.00    0.00    0.00    0.00    0.00    0.00    0.00    0.00  100.00

07:27:26 AM  CPU    %usr   %nice    %sys %iowait    %irq   %soft  %steal  %guest  %gnice   %idle
07:27:27 AM  all    0.25    0.00   28.54    0.00    0.13    0.38    0.00    0.00    0.00   70.71
07:27:27 AM    0    1.00    0.00   64.00    0.00    1.00    0.00    0.00    0.00    0.00   34.00
07:27:27 AM    1    0.99    0.00   63.37    0.00    0.00    0.99    0.00    0.00    0.00   34.65
07:27:27 AM    2    0.00    0.00  100.00    0.00    0.00    0.00    0.00    0.00    0.00    0.00
07:27:27 AM    3    0.00    0.00    0.00    0.00    0.00    2.02    0.00    0.00    0.00   97.98
07:27:27 AM    4    0.00    0.00    0.00    0.00    0.00    0.00    0.00    0.00    0.00  100.00
07:27:27 AM    5    0.00    0.00    0.00    0.00    0.00    0.00    0.00    0.00    0.00  100.00
07:27:27 AM    6    0.00    0.00    0.00    0.00    0.00    0.00    0.00    0.00    0.00  100.00
07:27:27 AM    7    0.00    0.00    0.00    0.00    0.00    0.00    0.00    0.00    0.00  100.00

07:27:27 AM  CPU    %usr   %nice    %sys %iowait    %irq   %soft  %steal  %guest  %gnice   %idle
07:27:28 AM  all    0.37    0.00   28.96    0.00    0.00    0.25    0.00    0.00    0.00   70.41
07:27:28 AM    0    1.96    0.00   63.73    0.00    0.00    0.00    0.00    0.00    0.00   34.31
07:27:28 AM    1    1.01    0.00   67.68    0.00    0.00    0.00    0.00    0.00    0.00   31.31
07:27:28 AM    2    0.00    0.00  100.00    0.00    0.00    0.00    0.00    0.00    0.00    0.00
07:27:28 AM    3    0.00    0.00    0.00    0.00    0.00    2.00    0.00    0.00    0.00   98.00
07:27:28 AM    4    0.00    0.00    0.00    0.00    0.00    0.00    0.00    0.00    0.00  100.00
07:27:28 AM    5    0.00    0.00    0.00    0.00    0.00    0.00    0.00    0.00    0.00  100.00
07:27:28 AM    6    0.00    0.00    0.00    0.00    0.00    0.00    0.00    0.00    0.00  100.00
07:27:28 AM    7    0.00    0.00    0.00    0.00    0.00    0.00    0.00    0.00    0.00  100.00

07:27:28 AM  CPU    %usr   %nice    %sys %iowait    %irq   %soft  %steal  %guest  %gnice   %idle
07:27:29 AM  all    0.13    0.00   29.20    0.00    0.13    0.38    0.00    0.00    0.00   70.18
07:27:29 AM    0    0.00    0.00   63.92    0.00    0.00    1.03    0.00    0.00    0.00   35.05
07:27:29 AM    1    0.99    0.00   70.30    0.00    0.99    0.00    0.00    0.00    0.00   27.72
07:27:29 AM    2    0.00    0.00  100.00    0.00    0.00    0.00    0.00    0.00    0.00    0.00
07:27:29 AM    3    0.00    0.00    0.00    0.00    0.00    2.00    0.00    0.00    0.00   98.00
07:27:29 AM    4    0.00    0.00    0.00    0.00    0.00    0.00    0.00    0.00    0.00  100.00
07:27:29 AM    5    0.00    0.00    0.00    0.00    0.00    0.00    0.00    0.00    0.00  100.00
07:27:29 AM    6    0.00    0.00    0.00    0.00    0.00    0.00    0.00    0.00    0.00  100.00
07:27:29 AM    7    0.00    0.00    0.00    0.00    0.00    0.00    0.00    0.00    0.00  100.00

07:27:29 AM  CPU    %usr   %nice    %sys %iowait    %irq   %soft  %steal  %guest  %gnice   %idle
07:27:30 AM  all    0.38    0.00   29.23    0.00    0.13    0.38    0.00    0.00    0.00   69.89
07:27:30 AM    0    2.02    0.00   65.66    0.00    0.00    0.00    0.00    0.00    0.00   32.32
07:27:30 AM    1    1.02    0.00   69.39    0.00    0.00    0.00    0.00    0.00    0.00   29.59
07:27:30 AM    2    0.00    0.00  100.00    0.00    0.00    0.00    0.00    0.00    0.00    0.00
07:27:30 AM    3    0.00    0.00    0.00    0.00    1.00    2.00    0.00    0.00    0.00   97.00
07:27:30 AM    4    0.00    0.00    0.00    0.00    0.00    1.00    0.00    0.00    0.00   99.00
07:27:30 AM    5    0.00    0.00    0.00    0.00    0.00    0.00    0.00    0.00    0.00  100.00
07:27:30 AM    6    0.00    0.00    0.00    0.00    0.00    0.00    0.00    0.00    0.00  100.00
07:27:30 AM    7    0.00    0.00    0.00    0.00    0.00    0.00    0.00    0.00    0.00  100.00

07:27:30 AM  CPU    %usr   %nice    %sys %iowait    %irq   %soft  %steal  %guest  %gnice   %idle
07:27:31 AM  all    0.38    0.00   29.32    0.00    0.13    0.25    0.00    0.00    0.00   69.92
07:27:31 AM    0    1.00    0.00   65.00    0.00    1.00    0.00    0.00    0.00    0.00   33.00
07:27:31 AM    1    2.04    0.00   70.41    0.00    0.00    0.00    0.00    0.00    0.00   27.55
07:27:31 AM    2    0.00    0.00  100.00    0.00    0.00    0.00    0.00    0.00    0.00    0.00
07:27:31 AM    3    0.00    0.00    0.00    0.00    0.00    2.00    0.00    0.00    0.00   98.00
07:27:31 AM    4    0.00    0.00    0.00    0.00    0.00    0.00    0.00    0.00    0.00  100.00
07:27:31 AM    5    0.00    0.00    0.00    0.00    0.00    0.00    0.00    0.00    0.00  100.00
07:27:31 AM    6    0.00    0.00    0.00    0.00    0.00    0.00    0.00    0.00    0.00  100.00
07:27:31 AM    7    0.00    0.00    0.00    0.00    0.00    0.00    0.00    0.00    0.00  100.00

07:27:31 AM  CPU    %usr   %nice    %sys %iowait    %irq   %soft  %steal  %guest  %gnice   %idle
07:27:32 AM  all    0.25    0.00   30.65    0.00    0.00    0.25    0.00    0.00    0.00   68.84
07:27:32 AM    0    1.02    0.00   74.49    0.00    0.00    0.00    0.00    0.00    0.00   24.49
07:27:32 AM    1    1.00    0.00   71.00    0.00    0.00    0.00    0.00    0.00    0.00   28.00
07:27:32 AM    2    0.00    0.00  100.00    0.00    0.00    0.00    0.00    0.00    0.00    0.00
07:27:32 AM    3    0.00    0.00    0.00    0.00    0.00    2.02    0.00    0.00    0.00   97.98
07:27:32 AM    4    0.00    0.00    0.00    0.00    0.00    0.00    0.00    0.00    0.00  100.00
07:27:32 AM    5    0.00    0.00    0.00    0.00    0.00    0.00    0.00    0.00    0.00  100.00
07:27:32 AM    6    0.00    0.00    0.00    0.00    0.00    0.00    0.00    0.00    0.00  100.00
07:27:32 AM    7    0.00    0.00    0.00    0.00    0.00    0.00    0.00    0.00    0.00  100.00

07:27:32 AM  CPU    %usr   %nice    %sys %iowait    %irq   %soft  %steal  %guest  %gnice   %idle
07:27:33 AM  all    0.38    0.00   29.23    0.00    0.13    0.25    0.00    0.00    0.00   70.01
07:27:33 AM    0    2.02    0.00   68.69    0.00    0.00    0.00    0.00    0.00    0.00   29.29
07:27:33 AM    1    1.02    0.00   66.33    0.00    1.02    0.00    0.00    0.00    0.00   31.63
07:27:33 AM    2    0.00    0.00  100.00    0.00    0.00    0.00    0.00    0.00    0.00    0.00
07:27:33 AM    3    0.00    0.00    0.00    0.00    0.00    2.00    0.00    0.00    0.00   98.00
07:27:33 AM    4    0.00    0.00    0.00    0.00    0.00    0.00    0.00    0.00    0.00  100.00
07:27:33 AM    5    0.00    0.00    0.00    0.00    0.00    0.00    0.00    0.00    0.00  100.00
07:27:33 AM    6    0.00    0.00    0.00    0.00    0.00    0.00    0.00    0.00    0.00  100.00
07:27:33 AM    7    0.00    0.00    0.00    0.00    0.00    0.00    0.00    0.00    0.00  100.00

07:27:33 AM  CPU    %usr   %nice    %sys %iowait    %irq   %soft  %steal  %guest  %gnice   %idle
07:27:34 AM  all    0.37    0.00   28.71    0.00    0.12    0.50    0.00    0.00    0.00   70.29
07:27:34 AM    0    1.00    0.00   64.00    0.00    1.00    1.00    0.00    0.00    0.00   33.00
07:27:34 AM    1    1.98    0.00   65.35    0.00    0.00    0.00    0.00    0.00    0.00   32.67
07:27:34 AM    2    0.00    0.00  100.00    0.00    0.00    0.00    0.00    0.00    0.00    0.00
07:27:34 AM    3    0.00    0.00    0.00    0.00    0.00    2.00    0.00    0.00    0.00   98.00
07:27:34 AM    4    0.00    0.00    0.00    0.00    0.00    1.00    0.00    0.00    0.00   99.00
07:27:34 AM    5    0.00    0.00    0.00    0.00    0.00    0.00    0.00    0.00    0.00  100.00
07:27:34 AM    6    0.00    0.00    0.00    0.00    0.00    0.00    0.00    0.00    0.00  100.00
07:27:34 AM    7    0.00    0.00    0.00    0.00    0.00    0.00    0.00    0.00    0.00  100.00

07:27:34 AM  CPU    %usr   %nice    %sys %iowait    %irq   %soft  %steal  %guest  %gnice   %idle
07:27:35 AM  all    0.25    0.00   28.45    0.00    0.25    0.38    0.00    0.00    0.00   70.68
07:27:35 AM    0    1.03    0.00   65.98    0.00    0.00    0.00    0.00    0.00    0.00   32.99
07:27:35 AM    1    1.01    0.00   63.64    0.00    0.00    1.01    0.00    0.00    0.00   34.34
07:27:35 AM    2    0.00    0.00  100.00    0.00    0.00    0.00    0.00    0.00    0.00    0.00
07:27:35 AM    3    0.00    0.00    0.00    0.00    0.99    1.98    0.00    0.00    0.00   97.03
07:27:35 AM    4    0.00    0.00    0.00    0.00    0.99    0.00    0.00    0.00    0.00   99.01
07:27:35 AM    5    0.00    0.00    0.00    0.00    0.00    0.00    0.00    0.00    0.00  100.00
07:27:35 AM    6    0.00    0.00    0.00    0.00    0.00    0.00    0.00    0.00    0.00  100.00
07:27:35 AM    7    0.00    0.00    0.00    0.00    0.00    0.00    0.00    0.00    0.00  100.00

07:27:35 AM  CPU    %usr   %nice    %sys %iowait    %irq   %soft  %steal  %guest  %gnice   %idle
07:27:36 AM  all    0.25    0.00   29.32    0.00    0.13    0.13    0.00    0.00    0.00   70.18
07:27:36 AM    0    1.00    0.00   66.00    0.00    0.00    0.00    0.00    0.00    0.00   33.00
07:27:36 AM    1    1.00    0.00   68.00    0.00    1.00    0.00    0.00    0.00    0.00   30.00
07:27:36 AM    2    0.00    0.00  100.00    0.00    0.00    0.00    0.00    0.00    0.00    0.00
07:27:36 AM    3    0.00    0.00    0.00    0.00    0.00    1.02    0.00    0.00    0.00   98.98
07:27:36 AM    4    0.00    0.00    0.00    0.00    0.00    0.00    0.00    0.00    0.00  100.00
07:27:36 AM    5    0.00    0.00    0.00    0.00    0.00    0.00    0.00    0.00    0.00  100.00
07:27:36 AM    6    0.00    0.00    0.00    0.00    0.00    0.00    0.00    0.00    0.00  100.00
07:27:36 AM    7    0.00    0.00    0.00    0.00    0.00    0.00    0.00    0.00    0.00  100.00

07:27:36 AM  CPU    %usr   %nice    %sys %iowait    %irq   %soft  %steal  %guest  %gnice   %idle
07:27:37 AM  all    0.50    0.00   29.72    0.00    0.13    0.25    0.00    0.00    0.00   69.40
07:27:37 AM    0    1.04    0.00   70.83    0.00    1.04    0.00    0.00    0.00    0.00   27.08
07:27:37 AM    1    3.03    0.00   68.69    0.00    0.00    0.00    0.00    0.00    0.00   28.28
07:27:37 AM    2    0.00    0.00  100.00    0.00    0.00    0.00    0.00    0.00    0.00    0.00
07:27:37 AM    3    0.00    0.00    0.00    0.00    0.00    2.00    0.00    0.00    0.00   98.00
07:27:37 AM    4    0.00    0.00    0.00    0.00    0.00    0.00    0.00    0.00    0.00  100.00
07:27:37 AM    5    0.00    0.00    0.00    0.00    0.00    0.00    0.00    0.00    0.00  100.00
07:27:37 AM    6    0.00    0.00    0.00    0.00    0.00    0.00    0.00    0.00    0.00  100.00
07:27:37 AM    7    0.00    0.00    0.00    0.00    0.00    0.00    0.00    0.00    0.00  100.00

07:27:37 AM  CPU    %usr   %nice    %sys %iowait    %irq   %soft  %steal  %guest  %gnice   %idle
07:27:38 AM  all    0.38    0.00   28.70    0.00    0.00    0.38    0.00    0.00    0.00   70.55
07:27:38 AM    0    2.00    0.00   67.00    0.00    0.00    0.00    0.00    0.00    0.00   31.00
07:27:38 AM    1    1.03    0.00   63.92    0.00    0.00    0.00    0.00    0.00    0.00   35.05
07:27:38 AM    2    0.00    0.00  100.00    0.00    0.00    0.00    0.00    0.00    0.00    0.00
07:27:38 AM    3    0.00    0.00    0.00    0.00    0.00    2.00    0.00    0.00    0.00   98.00
07:27:38 AM    4    0.00    0.00    0.00    0.00    0.00    0.99    0.00    0.00    0.00   99.01
07:27:38 AM    5    0.00    0.00    0.00    0.00    0.00    0.00    0.00    0.00    0.00  100.00
07:27:38 AM    6    0.00    0.00    0.00    0.00    0.00    0.00    0.00    0.00    0.00  100.00
07:27:38 AM    7    0.00    0.00    0.00    0.00    0.00    0.00    0.00    0.00    0.00  100.00

07:27:38 AM  CPU    %usr   %nice    %sys %iowait    %irq   %soft  %steal  %guest  %gnice   %idle
07:27:39 AM  all    0.25    0.00   28.54    0.00    0.00    0.38    0.00    0.00    0.00   70.84
07:27:39 AM    0    0.99    0.00   65.35    0.00    0.00    0.99    0.00    0.00    0.00   32.67
07:27:39 AM    1    1.01    0.00   62.63    0.00    0.00    0.00    0.00    0.00    0.00   36.36
07:27:39 AM    2    0.00    0.00  100.00    0.00    0.00    0.00    0.00    0.00    0.00    0.00
07:27:39 AM    3    0.00    0.00    0.00    0.00    0.00    2.02    0.00    0.00    0.00   97.98
07:27:39 AM    4    0.00    0.00    0.00    0.00    0.00    0.00    0.00    0.00    0.00  100.00
07:27:39 AM    5    0.00    0.00    0.00    0.00    0.00    0.00    0.00    0.00    0.00  100.00
07:27:39 AM    6    0.00    0.00    0.00    0.00    0.00    0.00    0.00    0.00    0.00  100.00
07:27:39 AM    7    0.00    0.00    0.00    0.00    0.00    0.00    0.00    0.00    0.00  100.00

07:27:39 AM  CPU    %usr   %nice    %sys %iowait    %irq   %soft  %steal  %guest  %gnice   %idle
07:27:40 AM  all    0.25    0.00   28.04    0.00    0.38    0.25    0.00    0.00    0.00   71.09
07:27:40 AM    0    1.00    0.00   60.00    0.00    1.00    0.00    0.00    0.00    0.00   38.00
07:27:40 AM    1    1.01    0.00   64.65    0.00    1.01    0.00    0.00    0.00    0.00   33.33
07:27:40 AM    2    0.00    0.00  100.00    0.00    0.00    0.00    0.00    0.00    0.00    0.00
07:27:40 AM    3    0.00    0.00    0.00    0.00    0.99    1.98    0.00    0.00    0.00   97.03
07:27:40 AM    4    0.00    0.00    0.00    0.00    0.00    0.00    0.00    0.00    0.00  100.00
07:27:40 AM    5    0.00    0.00    0.00    0.00    0.00    0.00    0.00    0.00    0.00  100.00
07:27:40 AM    6    0.00    0.00    0.00    0.00    0.00    0.00    0.00    0.00    0.00  100.00
07:27:40 AM    7    0.00    0.00    0.00    0.00    0.00    0.00    0.00    0.00    0.00  100.00

07:27:40 AM  CPU    %usr   %nice    %sys %iowait    %irq   %soft  %steal  %guest  %gnice   %idle
07:27:41 AM  all    0.38    0.00   28.84    0.00    0.00    0.25    0.00    0.00    0.00   70.53
07:27:41 AM    0    1.04    0.00   72.92    0.00    0.00    0.00    0.00    0.00    0.00   26.04
07:27:41 AM    1    2.04    0.00   60.20    0.00    0.00    0.00    0.00    0.00    0.00   37.76
07:27:41 AM    2    0.00    0.00  100.00    0.00    0.00    0.00    0.00    0.00    0.00    0.00
07:27:41 AM    3    0.00    0.00    0.00    0.00    0.00    2.00    0.00    0.00    0.00   98.00
07:27:41 AM    4    0.00    0.00    0.00    0.00    0.00    0.00    0.00    0.00    0.00  100.00
07:27:41 AM    5    0.00    0.00    0.00    0.00    0.00    0.00    0.00    0.00    0.00  100.00
07:27:41 AM    6    0.00    0.00    0.00    0.00    0.00    0.00    0.00    0.00    0.00  100.00
07:27:41 AM    7    0.00    0.00    0.00    0.00    0.00    0.00    0.00    0.00    0.00  100.00

07:27:41 AM  CPU    %usr   %nice    %sys %iowait    %irq   %soft  %steal  %guest  %gnice   %idle
07:27:42 AM  all    0.38    0.00   28.95    0.13    0.00    0.25    0.00    0.00    0.00   70.30
07:27:42 AM    0    1.98    0.00   66.34    0.99    0.00    0.00    0.00    0.00    0.00   30.69
07:27:42 AM    1    1.01    0.00   64.65    0.00    0.00    0.00    0.00    0.00    0.00   34.34
07:27:42 AM    2    0.00    0.00  100.00    0.00    0.00    0.00    0.00    0.00    0.00    0.00
07:27:42 AM    3    0.00    0.00    0.00    0.00    0.00    2.02    0.00    0.00    0.00   97.98
07:27:42 AM    4    0.00    0.00    0.00    0.00    0.00    0.00    0.00    0.00    0.00  100.00
07:27:42 AM    5    0.00    0.00    0.00    0.00    0.00    0.00    0.00    0.00    0.00  100.00
07:27:42 AM    6    0.00    0.00    0.00    0.00    0.00    0.00    0.00    0.00    0.00  100.00
07:27:42 AM    7    0.00    0.00    0.00    0.00    0.00    0.00    0.00    0.00    0.00  100.00

07:27:42 AM  CPU    %usr   %nice    %sys %iowait    %irq   %soft  %steal  %guest  %gnice   %idle
07:27:43 AM  all    0.25    0.00   28.82    0.00    0.13    0.38    0.00    0.00    0.00   70.43
07:27:43 AM    0    1.02    0.00   66.33    0.00    1.02    0.00    0.00    0.00    0.00   31.63
07:27:43 AM    1    1.00    0.00   65.00    0.00    0.00    1.00    0.00    0.00    0.00   33.00
07:27:43 AM    2    0.00    0.00  100.00    0.00    0.00    0.00    0.00    0.00    0.00    0.00
07:27:43 AM    3    0.00    0.00    0.00    0.00    0.00    1.01    0.00    0.00    0.00   98.99
07:27:43 AM    4    0.00    0.00    0.00    0.00    0.00    0.99    0.00    0.00    0.00   99.01
07:27:43 AM    5    0.00    0.00    0.00    0.00    0.00    0.00    0.00    0.00    0.00  100.00
07:27:43 AM    6    0.00    0.00    0.00    0.00    0.00    0.00    0.00    0.00    0.00  100.00
07:27:43 AM    7    0.00    0.00    0.00    0.00    0.00    0.00    0.00    0.00    0.00  100.00

07:27:43 AM  CPU    %usr   %nice    %sys %iowait    %irq   %soft  %steal  %guest  %gnice   %idle
07:27:44 AM  all    0.38    0.00   29.38    0.00    0.25    0.38    0.00    0.00    0.00   69.62
07:27:44 AM    0    2.04    0.00   70.41    0.00    0.00    1.02    0.00    0.00    0.00   26.53
07:27:44 AM    1    0.99    0.00   65.35    0.00    0.99    0.00    0.00    0.00    0.00   32.67
07:27:44 AM    2    0.00    0.00  100.00    0.00    0.00    0.00    0.00    0.00    0.00    0.00
07:27:44 AM    3    0.00    0.00    0.00    0.00    0.99    1.98    0.00    0.00    0.00   97.03
07:27:44 AM    4    0.00    0.00    0.00    0.00    0.00    0.00    0.00    0.00    0.00  100.00
07:27:44 AM    5    0.00    0.00    0.00    0.00    0.00    0.00    0.00    0.00    0.00  100.00
07:27:44 AM    6    0.00    0.00    0.00    0.00    0.00    0.00    0.00    0.00    0.00  100.00
07:27:44 AM    7    0.00    0.00    0.00    0.00    0.00    0.00    0.00    0.00    0.00  100.00

07:27:44 AM  CPU    %usr   %nice    %sys %iowait    %irq   %soft  %steal  %guest  %gnice   %idle
07:27:45 AM  all    0.38    0.00   28.48    0.00    0.00    0.25    0.00    0.00    0.00   70.89
07:27:45 AM    0    1.02    0.00   65.31    0.00    0.00    0.00    0.00    0.00    0.00   33.67
07:27:45 AM    1    2.00    0.00   63.00    0.00    0.00    0.00    0.00    0.00    0.00   35.00
07:27:45 AM    2    0.00    0.00  100.00    0.00    0.00    0.00    0.00    0.00    0.00    0.00
07:27:45 AM    3    0.00    0.00    0.00    0.00    0.00    2.00    0.00    0.00    0.00   98.00
07:27:45 AM    4    0.00    0.00    0.00    0.00    0.00    0.00    0.00    0.00    0.00  100.00
07:27:45 AM    5    0.00    0.00    0.00    0.00    0.00    0.00    0.00    0.00    0.00  100.00
07:27:45 AM    6    0.00    0.00    0.00    0.00    0.00    0.00    0.00    0.00    0.00  100.00
07:27:45 AM    7    0.00    0.00    0.00    0.00    0.00    0.00    0.00    0.00    0.00  100.00

07:27:45 AM  CPU    %usr   %nice    %sys %iowait    %irq   %soft  %steal  %guest  %gnice   %idle
07:27:46 AM  all    0.25    0.00   29.49    0.00    0.13    0.25    0.00    0.00    0.00   69.89
07:27:46 AM    0    1.00    0.00   68.00    0.00    1.00    0.00    0.00    0.00    0.00   30.00
07:27:46 AM    1    1.02    0.00   68.37    0.00    0.00    0.00    0.00    0.00    0.00   30.61
07:27:46 AM    2    0.00    0.00  100.00    0.00    0.00    0.00    0.00    0.00    0.00    0.00
07:27:46 AM    3    0.00    0.00    0.00    0.00    0.00    2.02    0.00    0.00    0.00   97.98
07:27:46 AM    4    0.00    0.00    0.00    0.00    0.00    0.00    0.00    0.00    0.00  100.00
07:27:46 AM    5    0.00    0.00    0.00    0.00    0.00    0.00    0.00    0.00    0.00  100.00
07:27:46 AM    6    0.00    0.00    0.00    0.00    0.00    0.00    0.00    0.00    0.00  100.00
07:27:46 AM    7    0.00    0.00    0.00    0.00    0.00    0.00    0.00    0.00    0.00  100.00

07:27:46 AM  CPU    %usr   %nice    %sys %iowait    %irq   %soft  %steal  %guest  %gnice   %idle
07:27:47 AM  all    0.38    0.00   29.41    0.00    0.13    0.38    0.00    0.00    0.00   69.71
07:27:47 AM    0    2.00    0.00   68.00    0.00    0.00    0.00    0.00    0.00    0.00   30.00
07:27:47 AM    1    1.01    0.00   67.68    0.00    1.01    0.00    0.00    0.00    0.00   30.30
07:27:47 AM    2    0.00    0.00  100.00    0.00    0.00    0.00    0.00    0.00    0.00    0.00
07:27:47 AM    3    0.00    0.00    0.00    0.00    0.00    2.00    0.00    0.00    0.00   98.00
07:27:47 AM    4    0.00    0.00    0.00    0.00    0.00    1.00    0.00    0.00    0.00   99.00
07:27:47 AM    5    0.00    0.00    0.00    0.00    0.00    0.00    0.00    0.00    0.00  100.00
07:27:47 AM    6    0.00    0.00    0.00    0.00    0.00    0.00    0.00    0.00    0.00  100.00
07:27:47 AM    7    0.00    0.00    0.00    0.00    0.00    0.00    0.00    0.00    0.00  100.00

07:27:47 AM  CPU    %usr   %nice    %sys %iowait    %irq   %soft  %steal  %guest  %gnice   %idle
07:27:48 AM  all    0.25    0.00   28.45    0.13    0.13    0.25    0.00    0.00    0.00   70.80
07:27:48 AM    0    1.03    0.00   65.98    0.00    0.00    0.00    0.00    0.00    0.00   32.99
07:27:48 AM    1    1.00    0.00   63.00    1.00    0.00    0.00    0.00    0.00    0.00   35.00
07:27:48 AM    2    0.00    0.00  100.00    0.00    0.00    0.00    0.00    0.00    0.00    0.00
07:27:48 AM    3    0.00    0.00    0.00    0.00    0.00    2.00    0.00    0.00    0.00   98.00
07:27:48 AM    4    0.00    0.00    0.00    0.00    0.99    0.00    0.00    0.00    0.00   99.01
07:27:48 AM    5    0.00    0.00    0.00    0.00    0.00    0.00    0.00    0.00    0.00  100.00
07:27:48 AM    6    0.00    0.00    0.00    0.00    0.00    0.00    0.00    0.00    0.00  100.00
07:27:48 AM    7    0.00    0.00    0.00    0.00    0.00    0.00    0.00    0.00    0.00  100.00

07:27:48 AM  CPU    %usr   %nice    %sys %iowait    %irq   %soft  %steal  %guest  %gnice   %idle
07:27:49 AM  all    0.25    0.00   28.54    0.00    0.25    0.38    0.00    0.00    0.00   70.59
07:27:49 AM    0    0.99    0.00   64.36    0.00    0.99    0.99    0.00    0.00    0.00   32.67
07:27:49 AM    1    1.02    0.00   64.29    0.00    0.00    0.00    0.00    0.00    0.00   34.69
07:27:49 AM    2    0.00    0.00  100.00    0.00    0.00    0.00    0.00    0.00    0.00    0.00
07:27:49 AM    3    0.00    0.00    0.00    0.00    1.00    2.00    0.00    0.00    0.00   97.00
07:27:49 AM    4    0.00    0.00    0.00    0.00    0.00    0.00    0.00    0.00    0.00  100.00
07:27:49 AM    5    0.00    0.00    0.00    0.00    0.00    0.00    0.00    0.00    0.00  100.00
07:27:49 AM    6    0.00    0.00    0.00    0.00    0.00    0.00    0.00    0.00    0.00  100.00
07:27:49 AM    7    0.00    0.00    0.00    0.00    0.00    0.00    0.00    0.00    0.00  100.00

07:27:49 AM  CPU    %usr   %nice    %sys %iowait    %irq   %soft  %steal  %guest  %gnice   %idle
07:27:50 AM  all    0.38    0.00   29.60    0.00    0.00    0.25    0.00    0.00    0.00   69.77
07:27:50 AM    0    2.04    0.00   68.37    0.00    0.00    0.00    0.00    0.00    0.00   29.59
07:27:50 AM    1    1.03    0.00   70.10    0.00    0.00    0.00    0.00    0.00    0.00   28.87
07:27:50 AM    2    0.00    0.00  100.00    0.00    0.00    0.00    0.00    0.00    0.00    0.00
07:27:50 AM    3    0.00    0.00    0.00    0.00    0.00    2.00    0.00    0.00    0.00   98.00
07:27:50 AM    4    0.00    0.00    0.00    0.00    0.00    0.00    0.00    0.00    0.00  100.00
07:27:50 AM    5    0.00    0.00    0.00    0.00    0.00    0.00    0.00    0.00    0.00  100.00
07:27:50 AM    6    0.00    0.00    0.00    0.00    0.00    0.00    0.00    0.00    0.00  100.00
07:27:50 AM    7    0.00    0.00    0.00    0.00    0.00    0.00    0.00    0.00    0.00  100.00

07:27:50 AM  CPU    %usr   %nice    %sys %iowait    %irq   %soft  %steal  %guest  %gnice   %idle
07:27:51 AM  all    0.38    0.00   27.69    0.00    0.13    0.38    0.00    0.00    0.00   71.43
07:27:51 AM    0    1.04    0.00   59.38    0.00    0.00    0.00    0.00    0.00    0.00   39.58
07:27:51 AM    1    1.96    0.00   62.75    0.00    0.98    0.98    0.00    0.00    0.00   33.33
07:27:51 AM    2    0.00    0.00  100.00    0.00    0.00    0.00    0.00    0.00    0.00    0.00
07:27:51 AM    3    0.00    0.00    0.00    0.00    0.00    2.00    0.00    0.00    0.00   98.00
07:27:51 AM    4    0.00    0.00    0.00    0.00    0.00    0.00    0.00    0.00    0.00  100.00
07:27:51 AM    5    0.00    0.00    0.00    0.00    0.00    0.00    0.00    0.00    0.00  100.00
07:27:51 AM    6    0.00    0.00    0.00    0.00    0.00    0.00    0.00    0.00    0.00  100.00
07:27:51 AM    7    0.00    0.00    0.00    0.00    0.00    0.00    0.00    0.00    0.00  100.00

07:27:51 AM  CPU    %usr   %nice    %sys %iowait    %irq   %soft  %steal  %guest  %gnice   %idle
07:27:52 AM  all    0.25    0.00   29.40    0.00    0.13    0.25    0.00    0.00    0.00   69.97
07:27:52 AM    0    1.00    0.00   71.00    0.00    1.00    0.00    0.00    0.00    0.00   27.00
07:27:52 AM    1    1.03    0.00   64.95    0.00    0.00    0.00    0.00    0.00    0.00   34.02
07:27:52 AM    2    0.00    0.00  100.00    0.00    0.00    0.00    0.00    0.00    0.00    0.00
07:27:52 AM    3    0.00    0.00    0.00    0.00    0.00    1.02    0.00    0.00    0.00   98.98
07:27:52 AM    4    0.00    0.00    0.00    0.00    0.00    0.99    0.00    0.00    0.00   99.01
07:27:52 AM    5    0.00    0.00    0.00    0.00    0.00    0.00    0.00    0.00    0.00  100.00
07:27:52 AM    6    0.00    0.00    0.00    0.00    0.00    0.00    0.00    0.00    0.00  100.00
07:27:52 AM    7    0.00    0.00    0.00    0.00    0.00    0.00    0.00    0.00    0.00  100.00

07:27:52 AM  CPU    %usr   %nice    %sys %iowait    %irq   %soft  %steal  %guest  %gnice   %idle
07:27:53 AM  all    0.25    0.00   29.47    0.00    0.00    0.25    0.00    0.00    0.00   70.03
07:27:53 AM    0    1.03    0.00   65.98    0.00    0.00    0.00    0.00    0.00    0.00   32.99
07:27:53 AM    1    1.02    0.00   71.43    0.00    0.00    0.00    0.00    0.00    0.00   27.55
07:27:53 AM    2    0.00    0.00  100.00    0.00    0.00    0.00    0.00    0.00    0.00    0.00
07:27:53 AM    3    0.00    0.00    0.00    0.00    0.00    2.00    0.00    0.00    0.00   98.00
07:27:53 AM    4    0.00    0.00    0.00    0.00    0.00    0.00    0.00    0.00    0.00  100.00
07:27:53 AM    5    0.00    0.00    0.00    0.00    0.00    0.00    0.00    0.00    0.00  100.00
07:27:53 AM    6    0.00    0.00    0.00    0.00    0.00    0.00    0.00    0.00    0.00  100.00
07:27:53 AM    7    0.00    0.00    0.00    0.00    0.00    0.00    0.00    0.00    0.00  100.00

07:27:53 AM  CPU    %usr   %nice    %sys %iowait    %irq   %soft  %steal  %guest  %gnice   %idle
07:27:54 AM  all    0.25    0.00   29.66    0.00    0.25    0.38    0.00    0.00    0.00   69.46
07:27:54 AM    0    1.01    0.00   65.66    0.00    0.00    1.01    0.00    0.00    0.00   32.32
07:27:54 AM    1    1.00    0.00   72.00    0.00    1.00    0.00    0.00    0.00    0.00   26.00
07:27:54 AM    2    0.00    0.00  100.00    0.00    0.00    0.00    0.00    0.00    0.00    0.00
07:27:54 AM    3    0.00    0.00    0.00    0.00    1.00    2.00    0.00    0.00    0.00   97.00
07:27:54 AM    4    0.00    0.00    0.00    0.00    0.00    0.00    0.00    0.00    0.00  100.00
07:27:54 AM    5    0.00    0.00    0.00    0.00    0.00    0.00    0.00    0.00    0.00  100.00
07:27:54 AM    6    0.00    0.00    0.00    0.00    0.00    0.00    0.00    0.00    0.00  100.00
07:27:54 AM    7    0.00    0.00    0.00    0.00    0.00    0.00    0.00    0.00    0.00  100.00

07:27:54 AM  CPU    %usr   %nice    %sys %iowait    %irq   %soft  %steal  %guest  %gnice   %idle
07:27:55 AM  all    0.38    0.00   28.48    0.00    0.13    0.25    0.00    0.00    0.00   70.77
07:27:55 AM    0    0.99    0.00   64.36    0.00    0.99    0.00    0.00    0.00    0.00   33.66
07:27:55 AM    1    2.06    0.00   63.92    0.00    0.00    0.00    0.00    0.00    0.00   34.02
07:27:55 AM    2    0.00    0.00  100.00    0.00    0.00    0.00    0.00    0.00    0.00    0.00
07:27:55 AM    3    0.00    0.00    0.00    0.00    0.00    2.00    0.00    0.00    0.00   98.00
07:27:55 AM    4    0.00    0.00    0.00    0.00    0.00    0.00    0.00    0.00    0.00  100.00
07:27:55 AM    5    0.00    0.00    0.00    0.00    0.00    0.00    0.00    0.00    0.00  100.00
07:27:55 AM    6    0.00    0.00    0.00    0.00    0.00    0.00    0.00    0.00    0.00  100.00
07:27:55 AM    7    0.00    0.00    0.00    0.00    0.00    0.00    0.00    0.00    0.00  100.00

07:27:55 AM  CPU    %usr   %nice    %sys %iowait    %irq   %soft  %steal  %guest  %gnice   %idle
07:27:56 AM  all    0.25    0.00   28.93    0.00    0.00    0.38    0.00    0.00    0.00   70.44
07:27:56 AM    0    1.02    0.00   68.37    0.00    0.00    0.00    0.00    0.00    0.00   30.61
07:27:56 AM    1    1.04    0.00   65.62    0.00    0.00    0.00    0.00    0.00    0.00   33.33
07:27:56 AM    2    0.00    0.00  100.00    0.00    0.00    0.00    0.00    0.00    0.00    0.00
07:27:56 AM    3    0.00    0.00    0.00    0.00    0.00    2.00    0.00    0.00    0.00   98.00
07:27:56 AM    4    0.00    0.00    0.00    0.00    0.00    0.99    0.00    0.00    0.00   99.01
07:27:56 AM    5    0.00    0.00    0.00    0.00    0.00    0.00    0.00    0.00    0.00  100.00
07:27:56 AM    6    0.00    0.00    0.00    0.00    0.00    0.00    0.00    0.00    0.00  100.00
07:27:56 AM    7    0.00    0.00    0.00    0.00    0.00    0.00    0.00    0.00    0.00  100.00

07:27:56 AM  CPU    %usr   %nice    %sys %iowait    %irq   %soft  %steal  %guest  %gnice   %idle
07:27:57 AM  all    0.38    0.00   29.29    0.00    0.00    0.25    0.00    0.00    0.00   70.09
07:27:57 AM    0    1.96    0.00   64.71    0.00    0.00    0.00    0.00    0.00    0.00   33.33
07:27:57 AM    1    1.02    0.00   69.39    0.00    0.00    0.00    0.00    0.00    0.00   29.59
07:27:57 AM    2    0.00    0.00  100.00    0.00    0.00    0.00    0.00    0.00    0.00    0.00
07:27:57 AM    3    0.00    0.00    0.00    0.00    0.00    2.02    0.00    0.00    0.00   97.98
07:27:57 AM    4    0.00    0.00    0.00    0.00    0.00    0.00    0.00    0.00    0.00  100.00
07:27:57 AM    5    0.00    0.00    0.00    0.00    0.00    0.00    0.00    0.00    0.00  100.00
07:27:57 AM    6    0.00    0.00    0.00    0.00    0.00    0.00    0.00    0.00    0.00  100.00
07:27:57 AM    7    0.00    0.00    0.00    0.00    0.00    0.00    0.00    0.00    0.00  100.00

07:27:57 AM  CPU    %usr   %nice    %sys %iowait    %irq   %soft  %steal  %guest  %gnice   %idle
07:27:58 AM  all    0.25    0.00   29.54    0.00    0.38    0.25    0.00    0.00    0.00   69.59
07:27:58 AM    0    1.00    0.00   72.00    0.00    1.00    0.00    0.00    0.00    0.00   26.00
07:27:58 AM    1    1.01    0.00   64.65    0.00    1.01    0.00    0.00    0.00    0.00   33.33
07:27:58 AM    2    0.00    0.00  100.00    0.00    0.00    0.00    0.00    0.00    0.00    0.00
07:27:58 AM    3    0.00    0.00    0.00    0.00    0.99    1.98    0.00    0.00    0.00   97.03
07:27:58 AM    4    0.00    0.00    0.00    0.00    0.00    0.00    0.00    0.00    0.00  100.00
07:27:58 AM    5    0.00    0.00    0.00    0.00    0.00    0.00    0.00    0.00    0.00  100.00
07:27:58 AM    6    0.00    0.00    0.00    0.00    0.00    0.00    0.00    0.00    0.00  100.00
07:27:58 AM    7    0.00    0.00    0.00    0.00    0.00    0.00    0.00    0.00    0.00  100.00

07:27:58 AM  CPU    %usr   %nice    %sys %iowait    %irq   %soft  %steal  %guest  %gnice   %idle
07:27:59 AM  all    0.25    0.00   29.68    0.00    0.00    0.50    0.00    0.00    0.00   69.58
07:27:59 AM    0    0.99    0.00   71.29    0.00    0.00    0.99    0.00    0.00    0.00   26.73
07:27:59 AM    1    1.00    0.00   66.00    0.00    0.00    0.00    0.00    0.00    0.00   33.00
07:27:59 AM    2    0.00    0.00  100.00    0.00    0.00    0.00    0.00    0.00    0.00    0.00
07:27:59 AM    3    0.00    0.00    0.00    0.00    0.00    2.00    0.00    0.00    0.00   98.00
07:27:59 AM    4    0.00    0.00    0.00    0.00    0.00    0.99    0.00    0.00    0.00   99.01
07:27:59 AM    5    0.00    0.00    0.00    0.00    0.00    0.00    0.00    0.00    0.00  100.00
07:27:59 AM    6    0.00    0.00    0.00    0.00    0.00    0.00    0.00    0.00    0.00  100.00
07:27:59 AM    7    0.00    0.00    0.00    0.00    0.00    0.00    0.00    0.00    0.00  100.00

07:27:59 AM  CPU    %usr   %nice    %sys %iowait    %irq   %soft  %steal  %guest  %gnice   %idle
07:28:00 AM  all    0.25    0.00   29.35    0.00    0.00    0.38    0.00    0.00    0.00   70.03
07:28:00 AM    0    1.02    0.00   63.27    0.00    0.00    0.00    0.00    0.00    0.00   35.71
07:28:00 AM    1    1.02    0.00   72.45    0.00    0.00    1.02    0.00    0.00    0.00   25.51
07:28:00 AM    2    0.00    0.00  100.00    0.00    0.00    0.00    0.00    0.00    0.00    0.00
07:28:00 AM    3    0.00    0.00    0.00    0.00    0.00    2.02    0.00    0.00    0.00   97.98
07:28:00 AM    4    0.00    0.00    0.00    0.00    0.00    0.00    0.00    0.00    0.00  100.00
07:28:00 AM    5    0.00    0.00    0.00    0.00    0.00    0.00    0.00    0.00    0.00  100.00
07:28:00 AM    6    0.00    0.00    0.00    0.00    0.00    0.00    0.00    0.00    0.00  100.00
07:28:00 AM    7    0.00    0.00    0.00    0.00    0.00    0.00    0.00    0.00    0.00  100.00

07:28:00 AM  CPU    %usr   %nice    %sys %iowait    %irq   %soft  %steal  %guest  %gnice   %idle
07:28:01 AM  all    0.25    0.00   29.54    0.00    0.38    0.25    0.00    0.00    0.00   69.59
07:28:01 AM    0    1.02    0.00   66.33    0.00    1.02    0.00    0.00    0.00    0.00   31.63
07:28:01 AM    1    1.00    0.00   71.00    0.00    1.00    0.00    0.00    0.00    0.00   27.00
07:28:01 AM    2    0.00    0.00  100.00    0.00    0.00    0.00    0.00    0.00    0.00    0.00
07:28:01 AM    3    0.00    0.00    0.00    0.00    0.00    2.00    0.00    0.00    0.00   98.00
07:28:01 AM    4    0.00    0.00    0.00    0.00    0.99    0.00    0.00    0.00    0.00   99.01
07:28:01 AM    5    0.00    0.00    0.00    0.00    0.00    0.00    0.00    0.00    0.00  100.00
07:28:01 AM    6    0.00    0.00    0.00    0.00    0.00    0.00    0.00    0.00    0.00  100.00
07:28:01 AM    7    0.00    0.00    0.00    0.00    0.00    0.00    0.00    0.00    0.00  100.00

07:28:01 AM  CPU    %usr   %nice    %sys %iowait    %irq   %soft  %steal  %guest  %gnice   %idle
07:28:02 AM  all    0.50    0.00   29.11    0.00    0.00    0.25    0.00    0.00    0.00   70.14
07:28:02 AM    0    3.03    0.00   67.68    0.00    0.00    0.00    0.00    0.00    0.00   29.29
07:28:02 AM    1    1.01    0.00   65.66    0.00    0.00    0.00    0.00    0.00    0.00   33.33
07:28:02 AM    2    0.00    0.00  100.00    0.00    0.00    0.00    0.00    0.00    0.00    0.00
07:28:02 AM    3    0.00    0.00    0.00    0.00    0.00    2.00    0.00    0.00    0.00   98.00
07:28:02 AM    4    0.00    0.00    0.00    0.00    0.00    0.00    0.00    0.00    0.00  100.00
07:28:02 AM    5    0.00    0.00    0.00    0.00    0.00    0.00    0.00    0.00    0.00  100.00
07:28:02 AM    6    0.00    0.00    0.00    0.00    0.00    0.00    0.00    0.00    0.00  100.00
07:28:02 AM    7    0.00    0.00    0.00    0.00    0.00    0.00    0.00    0.00    0.00  100.00

07:28:02 AM  CPU    %usr   %nice    %sys %iowait    %irq   %soft  %steal  %guest  %gnice   %idle
07:28:03 AM  all    0.25    0.00   28.77    0.00    0.13    0.25    0.00    0.00    0.00   70.60
07:28:03 AM    0    1.02    0.00   74.49    0.00    0.00    0.00    0.00    0.00    0.00   24.49
07:28:03 AM    1    1.02    0.00   57.14    0.00    0.00    0.00    0.00    0.00    0.00   41.84
07:28:03 AM    2    0.00    0.00  100.00    0.00    0.00    0.00    0.00    0.00    0.00    0.00
07:28:03 AM    3    0.00    0.00    0.00    0.00    1.01    1.01    0.00    0.00    0.00   97.98
07:28:03 AM    4    0.00    0.00    0.00    0.00    0.00    0.99    0.00    0.00    0.00   99.01
07:28:03 AM    5    0.00    0.00    0.00    0.00    0.00    0.00    0.00    0.00    0.00  100.00
07:28:03 AM    6    0.00    0.00    0.00    0.00    0.00    0.00    0.00    0.00    0.00  100.00
07:28:03 AM    7    0.00    0.00    0.00    0.00    0.00    0.00    0.00    0.00    0.00  100.00

07:28:03 AM  CPU    %usr   %nice    %sys %iowait    %irq   %soft  %steal  %guest  %gnice   %idle
07:28:04 AM  all    0.38    0.00   28.20    0.00    0.13    0.38    0.00    0.00    0.00   70.93
07:28:04 AM    0    2.00    0.00   59.00    0.00    1.00    1.00    0.00    0.00    0.00   37.00
07:28:04 AM    1    1.02    0.00   67.35    0.00    0.00    0.00    0.00    0.00    0.00   31.63
07:28:04 AM    2    0.00    0.00  100.00    0.00    0.00    0.00    0.00    0.00    0.00    0.00
07:28:04 AM    3    0.00    0.00    0.00    0.00    0.00    2.00    0.00    0.00    0.00   98.00
07:28:04 AM    4    0.00    0.00    0.00    0.00    0.00    0.00    0.00    0.00    0.00  100.00
07:28:04 AM    5    0.00    0.00    0.00    0.00    0.00    0.00    0.00    0.00    0.00  100.00
07:28:04 AM    6    0.00    0.00    0.00    0.00    0.00    0.00    0.00    0.00    0.00  100.00
07:28:04 AM    7    0.00    0.00    0.00    0.00    0.00    0.00    0.00    0.00    0.00  100.00

07:28:04 AM  CPU    %usr   %nice    %sys %iowait    %irq   %soft  %steal  %guest  %gnice   %idle
07:28:05 AM  all    0.38    0.00   28.70    0.00    0.13    0.25    0.00    0.00    0.00   70.55
07:28:05 AM    0    1.00    0.00   64.00    0.00    0.00    0.00    0.00    0.00    0.00   35.00
07:28:05 AM    1    2.02    0.00   65.66    0.00    1.01    0.00    0.00    0.00    0.00   31.31
07:28:05 AM    2    0.00    0.00  100.00    0.00    0.00    0.00    0.00    0.00    0.00    0.00
07:28:05 AM    3    0.00    0.00    0.00    0.00    0.00    2.00    0.00    0.00    0.00   98.00
07:28:05 AM    4    0.00    0.00    0.00    0.00    0.00    0.00    0.00    0.00    0.00  100.00
07:28:05 AM    5    0.00    0.00    0.00    0.00    0.00    0.00    0.00    0.00    0.00  100.00
07:28:05 AM    6    0.00    0.00    0.00    0.00    0.00    0.00    0.00    0.00    0.00  100.00
07:28:05 AM    7    0.00    0.00    0.00    0.00    0.00    0.00    0.00    0.00    0.00  100.00

07:28:05 AM  CPU    %usr   %nice    %sys %iowait    %irq   %soft  %steal  %guest  %gnice   %idle
07:28:06 AM  all    0.13    0.00   29.65    0.00    0.00    0.25    0.00    0.00    0.00   69.97
07:28:06 AM    0    1.00    0.00   72.00    0.00    0.00    0.00    0.00    0.00    0.00   27.00
07:28:06 AM    1    0.00    0.00   65.98    0.00    0.00    0.00    0.00    0.00    0.00   34.02
07:28:06 AM    2    0.00    0.00  100.00    0.00    0.00    0.00    0.00    0.00    0.00    0.00
07:28:06 AM    3    0.00    0.00    0.00    0.00    0.00    2.02    0.00    0.00    0.00   97.98
07:28:06 AM    4    0.00    0.00    0.00    0.00    0.00    0.00    0.00    0.00    0.00  100.00
07:28:06 AM    5    0.00    0.00    0.00    0.00    0.00    0.00    0.00    0.00    0.00  100.00
07:28:06 AM    6    0.00    0.00    0.00    0.00    0.00    0.00    0.00    0.00    0.00  100.00
07:28:06 AM    7    0.00    0.00    0.00    0.00    0.00    0.00    0.00    0.00    0.00  100.00

07:28:06 AM  CPU    %usr   %nice    %sys %iowait    %irq   %soft  %steal  %guest  %gnice   %idle
07:28:07 AM  all    0.25    0.00   28.29    0.00    0.25    0.25    0.00    0.00    0.00   70.96
07:28:07 AM    0    1.00    0.00   65.00    0.00    1.00    0.00    0.00    0.00    0.00   33.00
07:28:07 AM    1    1.02    0.00   62.24    0.00    0.00    0.00    0.00    0.00    0.00   36.73
07:28:07 AM    2    0.00    0.00  100.00    0.00    0.00    0.00    0.00    0.00    0.00    0.00
07:28:07 AM    3    0.00    0.00    0.00    0.00    0.99    1.98    0.00    0.00    0.00   97.03
07:28:07 AM    4    0.00    0.00    0.00    0.00    0.00    0.00    0.00    0.00    0.00  100.00
07:28:07 AM    5    0.00    0.00    0.00    0.00    0.00    0.00    0.00    0.00    0.00  100.00
07:28:07 AM    6    0.00    0.00    0.00    0.00    0.00    0.00    0.00    0.00    0.00  100.00
07:28:07 AM    7    0.00    0.00    0.00    0.00    0.00    0.00    0.00    0.00    0.00  100.00

07:28:07 AM  CPU    %usr   %nice    %sys %iowait    %irq   %soft  %steal  %guest  %gnice   %idle
07:28:08 AM  all    0.50    0.00   29.29    0.00    0.00    0.50    0.00    0.00    0.00   69.71
07:28:08 AM    0    2.04    0.00   70.41    0.00    0.00    0.00    0.00    0.00    0.00   27.55
07:28:08 AM    1    1.98    0.00   64.36    0.00    0.00    0.99    0.00    0.00    0.00   32.67
07:28:08 AM    2    0.00    0.00  100.00    0.00    0.00    0.00    0.00    0.00    0.00    0.00
07:28:08 AM    3    0.00    0.00    0.00    0.00    0.00    2.00    0.00    0.00    0.00   98.00
07:28:08 AM    4    0.00    0.00    0.00    0.00    0.00    1.00    0.00    0.00    0.00   99.00
07:28:08 AM    5    0.00    0.00    0.00    0.00    0.00    0.00    0.00    0.00    0.00  100.00
07:28:08 AM    6    0.00    0.00    0.00    0.00    0.00    0.00    0.00    0.00    0.00  100.00
07:28:08 AM    7    0.00    0.00    0.00    0.00    0.00    0.00    0.00    0.00    0.00  100.00

07:28:08 AM  CPU    %usr   %nice    %sys %iowait    %irq   %soft  %steal  %guest  %gnice   %idle
07:28:09 AM  all    0.25    0.00   30.74    0.00    0.13    0.38    0.00    0.00    0.00   68.51
07:28:09 AM    0    0.99    0.00   72.28    0.00    0.00    0.99    0.00    0.00    0.00   25.74
07:28:09 AM    1    1.03    0.00   74.23    0.00    1.03    0.00    0.00    0.00    0.00   23.71
07:28:09 AM    2    0.00    0.00  100.00    0.00    0.00    0.00    0.00    0.00    0.00    0.00
07:28:09 AM    3    0.00    0.00    0.00    0.00    0.00    2.02    0.00    0.00    0.00   97.98
07:28:09 AM    4    0.00    0.00    0.00    0.00    0.00    0.00    0.00    0.00    0.00  100.00
07:28:09 AM    5    0.00    0.00    0.00    0.00    0.00    0.00    0.00    0.00    0.00  100.00
07:28:09 AM    6    0.00    0.00    0.00    0.00    0.00    0.00    0.00    0.00    0.00  100.00
07:28:09 AM    7    0.00    0.00    0.00    0.00    0.00    0.00    0.00    0.00    0.00  100.00

07:28:09 AM  CPU    %usr   %nice    %sys %iowait    %irq   %soft  %steal  %guest  %gnice   %idle
07:28:10 AM  all    0.25    0.00   29.38    0.00    0.00    0.25    0.00    0.00    0.00   70.11
07:28:10 AM    0    0.00    0.00   70.10    0.00    0.00    0.00    0.00    0.00    0.00   29.90
07:28:10 AM    1    2.06    0.00   67.01    0.00    0.00    0.00    0.00    0.00    0.00   30.93
07:28:10 AM    2    0.00    0.00  100.00    0.00    0.00    0.00    0.00    0.00    0.00    0.00
07:28:10 AM    3    0.00    0.00    0.00    0.00    0.00    2.00    0.00    0.00    0.00   98.00
07:28:10 AM    4    0.00    0.00    0.00    0.00    0.00    0.00    0.00    0.00    0.00  100.00
07:28:10 AM    5    0.00    0.00    0.00    0.00    0.00    0.00    0.00    0.00    0.00  100.00
07:28:10 AM    6    0.00    0.00    0.00    0.00    0.00    0.00    0.00    0.00    0.00  100.00
07:28:10 AM    7    0.00    0.00    0.00    0.00    0.00    0.00    0.00    0.00    0.00  100.00

07:28:10 AM  CPU    %usr   %nice    %sys %iowait    %irq   %soft  %steal  %guest  %gnice   %idle
07:28:11 AM  all    0.50    0.00   29.91    0.00    0.13    0.25    0.00    0.00    0.00   69.21
07:28:11 AM    0    2.97    0.00   69.31    0.00    0.99    0.00    0.00    0.00    0.00   26.73
07:28:11 AM    1    1.02    0.00   70.41    0.00    0.00    0.00    0.00    0.00    0.00   28.57
07:28:11 AM    2    0.00    0.00  100.00    0.00    0.00    0.00    0.00    0.00    0.00    0.00
07:28:11 AM    3    0.00    0.00    0.00    0.00    0.00    2.00    0.00    0.00    0.00   98.00
07:28:11 AM    4    0.00    0.00    0.00    0.00    0.00    0.00    0.00    0.00    0.00  100.00
07:28:11 AM    5    0.00    0.00    0.00    0.00    0.00    0.00    0.00    0.00    0.00  100.00
07:28:11 AM    6    0.00    0.00    0.00    0.00    0.00    0.00    0.00    0.00    0.00  100.00
07:28:11 AM    7    0.00    0.00    0.00    0.00    0.00    0.00    0.00    0.00    0.00  100.00

07:28:11 AM  CPU    %usr   %nice    %sys %iowait    %irq   %soft  %steal  %guest  %gnice   %idle
07:28:12 AM  all    0.13    0.00   28.27    0.00    0.25    0.38    0.00    0.00    0.00   70.98
07:28:12 AM    0    1.03    0.00   62.89    0.00    0.00    0.00    0.00    0.00    0.00   36.08
07:28:12 AM    1    0.00    0.00   64.65    0.00    1.01    0.00    0.00    0.00    0.00   34.34
07:28:12 AM    2    0.00    0.00  100.00    0.00    0.00    0.00    0.00    0.00    0.00    0.00
07:28:12 AM    3    0.00    0.00    0.00    0.00    1.00    2.00    0.00    0.00    0.00   97.00
07:28:12 AM    4    0.00    0.00    0.00    0.00    0.00    1.00    0.00    0.00    0.00   99.00
07:28:12 AM    5    0.00    0.00    0.00    0.00    0.00    0.00    0.00    0.00    0.00  100.00
07:28:12 AM    6    0.00    0.00    0.00    0.00    0.00    0.00    0.00    0.00    0.00  100.00
07:28:12 AM    7    0.00    0.00    0.00    0.00    0.00    0.00    0.00    0.00    0.00  100.00

07:28:12 AM  CPU    %usr   %nice    %sys %iowait    %irq   %soft  %steal  %guest  %gnice   %idle
07:28:13 AM  all    0.38    0.00   28.77    0.00    0.00    0.25    0.00    0.00    0.00   70.60
07:28:13 AM    0    1.02    0.00   65.31    0.00    0.00    0.00    0.00    0.00    0.00   33.67
07:28:13 AM    1    2.04    0.00   66.33    0.00    0.00    0.00    0.00    0.00    0.00   31.63
07:28:13 AM    2    0.00    0.00  100.00    0.00    0.00    0.00    0.00    0.00    0.00    0.00
07:28:13 AM    3    0.00    0.00    0.00    0.00    0.00    2.00    0.00    0.00    0.00   98.00
07:28:13 AM    4    0.00    0.00    0.00    0.00    0.00    0.00    0.00    0.00    0.00  100.00
07:28:13 AM    5    0.00    0.00    0.00    0.00    0.00    0.00    0.00    0.00    0.00  100.00
07:28:13 AM    6    0.00    0.00    0.00    0.00    0.00    0.00    0.00    0.00    0.00  100.00
07:28:13 AM    7    0.00    0.00    0.00    0.00    0.00    0.00    0.00    0.00    0.00  100.00

07:28:13 AM  CPU    %usr   %nice    %sys %iowait    %irq   %soft  %steal  %guest  %gnice   %idle
07:28:14 AM  all    0.38    0.00   29.25    0.00    0.25    0.38    0.00    0.00    0.00   69.75
07:28:14 AM    0    1.98    0.00   63.37    0.00    0.99    0.99    0.00    0.00    0.00   32.67
07:28:14 AM    1    1.01    0.00   70.71    0.00    0.00    0.00    0.00    0.00    0.00   28.28
07:28:14 AM    2    0.00    0.00  100.00    0.00    0.00    0.00    0.00    0.00    0.00    0.00
07:28:14 AM    3    0.00    0.00    0.00    0.00    0.00    2.02    0.00    0.00    0.00   97.98
07:28:14 AM    4    0.00    0.00    0.00    0.00    0.99    0.00    0.00    0.00    0.00   99.01
07:28:14 AM    5    0.00    0.00    0.00    0.00    0.00    0.00    0.00    0.00    0.00  100.00
07:28:14 AM    6    0.00    0.00    0.00    0.00    0.00    0.00    0.00    0.00    0.00  100.00
07:28:14 AM    7    0.00    0.00    0.00    0.00    0.00    0.00    0.00    0.00    0.00  100.00

07:28:14 AM  CPU    %usr   %nice    %sys %iowait    %irq   %soft  %steal  %guest  %gnice   %idle
07:28:15 AM  all    0.38    0.00   28.98    0.00    0.13    0.25    0.00    0.00    0.00   70.26
07:28:15 AM    0    1.02    0.00   68.37    0.00    0.00    0.00    0.00    0.00    0.00   30.61
07:28:15 AM    1    2.00    0.00   64.00    0.00    1.00    0.00    0.00    0.00    0.00   33.00
07:28:15 AM    2    0.00    0.00  100.00    0.00    0.00    0.00    0.00    0.00    0.00    0.00
07:28:15 AM    3    0.00    0.00    0.00    0.00    0.00    2.00    0.00    0.00    0.00   98.00
07:28:15 AM    4    0.00    0.00    0.00    0.00    0.00    0.00    0.00    0.00    0.00  100.00
07:28:15 AM    5    0.00    0.00    0.00    0.00    0.00    0.00    0.00    0.00    0.00  100.00
07:28:15 AM    6    0.00    0.00    0.00    0.00    0.00    0.00    0.00    0.00    0.00  100.00
07:28:15 AM    7    0.00    0.00    0.00    0.00    0.00    0.00    0.00    0.00    0.00  100.00

07:28:15 AM  CPU    %usr   %nice    %sys %iowait    %irq   %soft  %steal  %guest  %gnice   %idle
07:28:16 AM  all    0.25    0.00   28.34    0.00    0.00    0.37    0.00    0.00    0.00   71.04
07:28:16 AM    0    1.01    0.00   61.62    0.00    0.00    0.00    0.00    0.00    0.00   37.37
07:28:16 AM    1    1.00    0.00   65.00    0.00    0.00    0.00    0.00    0.00    0.00   34.00
07:28:16 AM    2    0.00    0.00  100.00    0.00    0.00    0.00    0.00    0.00    0.00    0.00
07:28:16 AM    3    0.00    0.00    0.00    0.00    0.00    2.00    0.00    0.00    0.00   98.00
07:28:16 AM    4    0.00    0.00    0.00    0.00    0.00    0.99    0.00    0.00    0.00   99.01
07:28:16 AM    5    0.00    0.00    0.00    0.00    0.00    0.00    0.00    0.00    0.00  100.00
07:28:16 AM    6    0.00    0.00    0.00    0.00    0.00    0.00    0.00    0.00    0.00  100.00
07:28:16 AM    7    0.00    0.00    0.00    0.00    0.00    0.00    0.00    0.00    0.00  100.00

07:28:16 AM  CPU    %usr   %nice    %sys %iowait    %irq   %soft  %steal  %guest  %gnice   %idle
07:28:17 AM  all    0.38    0.00   28.25    0.00    0.25    0.25    0.00    0.00    0.00   70.88
07:28:17 AM    0    1.96    0.00   64.71    0.00    0.98    0.00    0.00    0.00    0.00   32.35
07:28:17 AM    1    1.01    0.00   60.61    0.00    0.00    1.01    0.00    0.00    0.00   37.37
07:28:17 AM    2    0.00    0.00  100.00    0.00    0.00    0.00    0.00    0.00    0.00    0.00
07:28:17 AM    3    0.00    0.00    0.00    0.00    1.01    1.01    0.00    0.00    0.00   97.98
07:28:17 AM    4    0.00    0.00    0.00    0.00    0.00    0.00    0.00    0.00    0.00  100.00
07:28:17 AM    5    0.00    0.00    0.00    0.00    0.00    0.00    0.00    0.00    0.00  100.00
07:28:17 AM    6    0.00    0.00    0.00    0.00    0.00    0.00    0.00    0.00    0.00  100.00
07:28:17 AM    7    0.00    0.00    0.00    0.00    0.00    0.00    0.00    0.00    0.00  100.00

07:28:17 AM  CPU    %usr   %nice    %sys %iowait    %irq   %soft  %steal  %guest  %gnice   %idle
07:28:18 AM  all    0.13    0.00   29.43    0.00    0.00    0.25    0.00    0.00    0.00   70.19
07:28:18 AM    0    0.00    0.00   71.88    0.00    0.00    0.00    0.00    0.00    0.00   28.12
07:28:18 AM    1    1.00    0.00   65.00    0.00    0.00    0.00    0.00    0.00    0.00   34.00
07:28:18 AM    2    0.00    0.00  100.00    0.00    0.00    0.00    0.00    0.00    0.00    0.00
07:28:18 AM    3    0.00    0.00    0.00    0.00    0.00    2.00    0.00    0.00    0.00   98.00
07:28:18 AM    4    0.00    0.00    0.00    0.00    0.00    0.00    0.00    0.00    0.00  100.00
07:28:18 AM    5    0.00    0.00    0.00    0.00    0.00    0.00    0.00    0.00    0.00  100.00
07:28:18 AM    6    0.00    0.00    0.00    0.00    0.00    0.00    0.00    0.00    0.00  100.00
07:28:18 AM    7    0.00    0.00    0.00    0.00    0.00    0.00    0.00    0.00    0.00  100.00

07:28:18 AM  CPU    %usr   %nice    %sys %iowait    %irq   %soft  %steal  %guest  %gnice   %idle
07:28:19 AM  all    0.25    0.00   28.82    0.00    0.13    0.38    0.00    0.00    0.00   70.43
07:28:19 AM    0    1.01    0.00   62.63    0.00    0.00    1.01    0.00    0.00    0.00   35.35
07:28:19 AM    1    1.01    0.00   68.69    0.00    1.01    0.00    0.00    0.00    0.00   29.29
07:28:19 AM    2    0.00    0.00  100.00    0.00    0.00    0.00    0.00    0.00    0.00    0.00
07:28:19 AM    3    0.00    0.00    0.00    0.00    0.00    2.00    0.00    0.00    0.00   98.00
07:28:19 AM    4    0.00    0.00    0.00    0.00    0.00    0.00    0.00    0.00    0.00  100.00
07:28:19 AM    5    0.00    0.00    0.00    0.00    0.00    0.00    0.00    0.00    0.00  100.00
07:28:19 AM    6    0.00    0.00    0.00    0.00    0.00    0.00    0.00    0.00    0.00  100.00
07:28:19 AM    7    0.00    0.00    0.00    0.00    0.00    0.00    0.00    0.00    0.00  100.00

07:28:19 AM  CPU    %usr   %nice    %sys %iowait    %irq   %soft  %steal  %guest  %gnice   %idle
07:28:20 AM  all    0.25    0.00   28.93    0.00    0.13    0.25    0.00    0.00    0.00   70.44
07:28:20 AM    0    1.02    0.00   65.31    0.00    1.02    0.00    0.00    0.00    0.00   32.65
07:28:20 AM    1    1.02    0.00   67.35    0.00    0.00    0.00    0.00    0.00    0.00   31.63
07:28:20 AM    2    0.00    0.00  100.00    0.00    0.00    0.00    0.00    0.00    0.00    0.00
07:28:20 AM    3    0.00    0.00    0.00    0.00    0.00    2.02    0.00    0.00    0.00   97.98
07:28:20 AM    4    0.00    0.00    0.00    0.00    0.00    0.00    0.00    0.00    0.00  100.00
07:28:20 AM    5    0.00    0.00    0.00    0.00    0.00    0.00    0.00    0.00    0.00  100.00
07:28:20 AM    6    0.00    0.00    0.00    0.00    0.00    0.00    0.00    0.00    0.00  100.00
07:28:20 AM    7    0.00    0.00    0.00    0.00    0.00    0.00    0.00    0.00    0.00  100.00

07:28:20 AM  CPU    %usr   %nice    %sys %iowait    %irq   %soft  %steal  %guest  %gnice   %idle
07:28:21 AM  all    0.38    0.00   27.88    0.00    0.12    0.38    0.00    0.00    0.00   71.25
07:28:21 AM    0    1.02    0.00   63.27    0.00    0.00    0.00    0.00    0.00    0.00   35.71
07:28:21 AM    1    1.98    0.00   60.40    0.00    0.00    0.00    0.00    0.00    0.00   37.62
07:28:21 AM    2    0.00    0.00  100.00    0.00    0.00    0.00    0.00    0.00    0.00    0.00
07:28:21 AM    3    0.00    0.00    0.00    0.00    0.99    1.98    0.00    0.00    0.00   97.03
07:28:21 AM    4    0.00    0.00    0.00    0.00    0.00    1.00    0.00    0.00    0.00   99.00
07:28:21 AM    5    0.00    0.00    0.00    0.00    0.00    0.00    0.00    0.00    0.00  100.00
07:28:21 AM    6    0.00    0.00    0.00    0.00    0.00    0.00    0.00    0.00    0.00  100.00
07:28:21 AM    7    0.00    0.00    0.00    0.00    0.00    0.00    0.00    0.00    0.00  100.00

07:28:21 AM  CPU    %usr   %nice    %sys %iowait    %irq   %soft  %steal  %guest  %gnice   %idle
07:28:22 AM  all    0.25    0.00   28.21    0.00    0.00    0.25    0.00    0.00    0.00   71.28
07:28:22 AM    0    1.02    0.00   64.29    0.00    0.00    0.00    0.00    0.00    0.00   34.69
07:28:22 AM    1    1.04    0.00   63.54    0.00    0.00    0.00    0.00    0.00    0.00   35.42
07:28:22 AM    2    0.00    0.00  100.00    0.00    0.00    0.00    0.00    0.00    0.00    0.00
07:28:22 AM    3    0.00    0.00    0.00    0.00    0.00    2.00    0.00    0.00    0.00   98.00
07:28:22 AM    4    0.00    0.00    0.00    0.00    0.00    0.00    0.00    0.00    0.00  100.00
07:28:22 AM    5    0.00    0.00    0.00    0.00    0.00    0.00    0.00    0.00    0.00  100.00
07:28:22 AM    6    0.00    0.00    0.00    0.00    0.00    0.00    0.00    0.00    0.00  100.00
07:28:22 AM    7    0.00    0.00    0.00    0.00    0.00    0.00    0.00    0.00    0.00  100.00

07:28:22 AM  CPU    %usr   %nice    %sys %iowait    %irq   %soft  %steal  %guest  %gnice   %idle
07:28:23 AM  all    0.37    0.00   28.43    0.00    0.25    0.25    0.00    0.00    0.00   70.70
07:28:23 AM    0    1.98    0.00   62.38    0.00    0.99    0.00    0.00    0.00    0.00   34.65
07:28:23 AM    1    0.99    0.00   64.36    0.00    0.99    0.00    0.00    0.00    0.00   33.66
07:28:23 AM    2    0.00    0.00  100.00    0.00    0.00    0.00    0.00    0.00    0.00    0.00
07:28:23 AM    3    0.00    0.00    0.00    0.00    0.00    2.00    0.00    0.00    0.00   98.00
07:28:23 AM    4    0.00    0.00    0.00    0.00    0.00    0.00    0.00    0.00    0.00  100.00
07:28:23 AM    5    0.00    0.00    0.00    0.00    0.00    0.00    0.00    0.00    0.00  100.00
07:28:23 AM    6    0.00    0.00    0.00    0.00    0.00    0.00    0.00    0.00    0.00  100.00
07:28:23 AM    7    0.00    0.00    0.00    0.00    0.00    0.00    0.00    0.00    0.00  100.00

07:28:23 AM  CPU    %usr   %nice    %sys %iowait    %irq   %soft  %steal  %guest  %gnice   %idle
07:28:24 AM  all    0.38    0.00   28.63    0.00    0.00    0.38    0.00    0.00    0.00   70.62
07:28:24 AM    0    1.02    0.00   59.18    0.00    0.00    1.02    0.00    0.00    0.00   38.78
07:28:24 AM    1    2.06    0.00   71.13    0.00    0.00    0.00    0.00    0.00    0.00   26.80
07:28:24 AM    2    0.00    0.00  100.00    0.00    0.00    0.00    0.00    0.00    0.00    0.00
07:28:24 AM    3    0.00    0.00    0.00    0.00    0.00    2.02    0.00    0.00    0.00   97.98
07:28:24 AM    4    0.00    0.00    0.00    0.00    0.00    0.00    0.00    0.00    0.00  100.00
07:28:24 AM    5    0.00    0.00    0.00    0.00    0.00    0.00    0.00    0.00    0.00  100.00
07:28:24 AM    6    0.00    0.00    0.00    0.00    0.00    0.00    0.00    0.00    0.00  100.00
07:28:24 AM    7    0.00    0.00    0.00    0.00    0.00    0.00    0.00    0.00    0.00  100.00

07:28:24 AM  CPU    %usr   %nice    %sys %iowait    %irq   %soft  %steal  %guest  %gnice   %idle
07:28:25 AM  all    0.25    0.00   28.29    0.00    0.00    0.38    0.00    0.00    0.00   71.09
07:28:25 AM    0    1.00    0.00   63.00    0.00    0.00    0.00    0.00    0.00    0.00   36.00
07:28:25 AM    1    1.02    0.00   64.29    0.00    0.00    0.00    0.00    0.00    0.00   34.69
07:28:25 AM    2    0.00    0.00  100.00    0.00    0.00    0.00    0.00    0.00    0.00    0.00
07:28:25 AM    3    0.00    0.00    0.00    0.00    0.00    2.00    0.00    0.00    0.00   98.00
07:28:25 AM    4    0.00    0.00    0.00    0.00    0.00    0.99    0.00    0.00    0.00   99.01
07:28:25 AM    5    0.00    0.00    0.00    0.00    0.00    0.00    0.00    0.00    0.00  100.00
07:28:25 AM    6    0.00    0.00    0.00    0.00    0.00    0.00    0.00    0.00    0.00  100.00
07:28:25 AM    7    0.00    0.00    0.00    0.00    0.00    0.00    0.00    0.00    0.00  100.00

07:28:25 AM  CPU    %usr   %nice    %sys %iowait    %irq   %soft  %steal  %guest  %gnice   %idle
07:28:26 AM  all    0.25    0.00   28.95    0.00    0.38    0.38    0.00    0.00    0.00   70.05
07:28:26 AM    0    1.00    0.00   68.00    0.00    1.00    0.00    0.00    0.00    0.00   30.00
07:28:26 AM    1    1.01    0.00   63.64    0.00    1.01    1.01    0.00    0.00    0.00   33.33
07:28:26 AM    2    0.00    0.00  100.00    0.00    0.00    0.00    0.00    0.00    0.00    0.00
07:28:26 AM    3    0.00    0.00    0.00    0.00    1.00    2.00    0.00    0.00    0.00   97.00
07:28:26 AM    4    0.00    0.00    0.00    0.00    0.00    0.00    0.00    0.00    0.00  100.00
07:28:26 AM    5    0.00    0.00    0.00    0.00    0.00    0.00    0.00    0.00    0.00  100.00
07:28:26 AM    6    0.00    0.00    0.00    0.00    0.00    0.00    0.00    0.00    0.00  100.00
07:28:26 AM    7    0.00    0.00    0.00    0.00    0.00    0.00    0.00    0.00    0.00  100.00

07:28:26 AM  CPU    %usr   %nice    %sys %iowait    %irq   %soft  %steal  %guest  %gnice   %idle
07:28:27 AM  all    0.25    0.00   29.95    0.00    0.00    0.25    0.00    0.00    0.00   69.55
07:28:27 AM    0    1.02    0.00   71.43    0.00    0.00    0.00    0.00    0.00    0.00   27.55
07:28:27 AM    1    1.00    0.00   69.00    0.00    0.00    0.00    0.00    0.00    0.00   30.00
07:28:27 AM    2    0.00    0.00  100.00    0.00    0.00    0.00    0.00    0.00    0.00    0.00
07:28:27 AM    3    0.00    0.00    0.00    0.00    0.00    2.00    0.00    0.00    0.00   98.00
07:28:27 AM    4    0.00    0.00    0.00    0.00    0.00    0.00    0.00    0.00    0.00  100.00
07:28:27 AM    5    0.00    0.00    0.00    0.00    0.00    0.00    0.00    0.00    0.00  100.00
07:28:27 AM    6    0.00    0.00    0.00    0.00    0.00    0.00    0.00    0.00    0.00  100.00
07:28:27 AM    7    0.00    0.00    0.00    0.00    0.00    0.00    0.00    0.00    0.00  100.00

07:28:27 AM  CPU    %usr   %nice    %sys %iowait    %irq   %soft  %steal  %guest  %gnice   %idle
07:28:28 AM  all    0.38    0.00   29.74    0.00    0.13    0.25    0.00    0.00    0.00   69.51
07:28:28 AM    0    2.02    0.00   68.69    0.00    0.00    0.00    0.00    0.00    0.00   29.29
07:28:28 AM    1    1.03    0.00   71.13    0.00    0.00    0.00    0.00    0.00    0.00   27.84
07:28:28 AM    2    0.00    0.00  100.00    0.00    0.00    0.00    0.00    0.00    0.00    0.00
07:28:28 AM    3    0.00    0.00    0.00    0.00    0.00    2.00    0.00    0.00    0.00   98.00
07:28:28 AM    4    0.00    0.00    0.00    0.00    0.99    0.00    0.00    0.00    0.00   99.01
07:28:28 AM    5    0.00    0.00    0.00    0.00    0.00    0.00    0.00    0.00    0.00  100.00
07:28:28 AM    6    0.00    0.00    0.00    0.00    0.00    0.00    0.00    0.00    0.00  100.00
07:28:28 AM    7    0.00    0.00    0.00    0.00    0.00    0.00    0.00    0.00    0.00  100.00

07:28:28 AM  CPU    %usr   %nice    %sys %iowait    %irq   %soft  %steal  %guest  %gnice   %idle
07:28:29 AM  all    0.25    0.00   28.77    0.00    0.13    0.50    0.00    0.00    0.00   70.35
07:28:29 AM    0    1.01    0.00   62.63    0.00    1.01    1.01    0.00    0.00    0.00   34.34
07:28:29 AM    1    1.02    0.00   68.37    0.00    0.00    0.00    0.00    0.00    0.00   30.61
07:28:29 AM    2    0.00    0.00  100.00    0.00    0.00    0.00    0.00    0.00    0.00    0.00
07:28:29 AM    3    0.00    0.00    0.00    0.00    0.00    2.02    0.00    0.00    0.00   97.98
07:28:29 AM    4    0.00    0.00    0.00    0.00    0.00    1.00    0.00    0.00    0.00   99.00
07:28:29 AM    5    0.00    0.00    0.00    0.00    0.00    0.00    0.00    0.00    0.00  100.00
07:28:29 AM    6    0.00    0.00    0.00    0.00    0.00    0.00    0.00    0.00    0.00  100.00
07:28:29 AM    7    0.00    0.00    0.00    0.00    0.00    0.00    0.00    0.00    0.00  100.00

07:28:29 AM  CPU    %usr   %nice    %sys %iowait    %irq   %soft  %steal  %guest  %gnice   %idle
07:28:30 AM  all    0.25    0.00   31.69    0.00    0.13    0.13    0.00    0.00    0.00   67.80
07:28:30 AM    0    1.04    0.00   78.12    0.00    0.00    0.00    0.00    0.00    0.00   20.83
07:28:30 AM    1    1.03    0.00   78.35    0.00    1.03    0.00    0.00    0.00    0.00   19.59
07:28:30 AM    2    0.00    0.00  100.00    0.00    0.00    0.00    0.00    0.00    0.00    0.00
07:28:30 AM    3    0.00    0.00    0.00    0.00    0.00    1.01    0.00    0.00    0.00   98.99
07:28:30 AM    4    0.00    0.00    0.00    0.00    0.00    0.00    0.00    0.00    0.00  100.00
07:28:30 AM    5    0.00    0.00    0.00    0.00    0.00    0.00    0.00    0.00    0.00  100.00
07:28:30 AM    6    0.00    0.00    0.00    0.00    0.00    0.00    0.00    0.00    0.00  100.00
07:28:30 AM    7    0.00    0.00    0.00    0.00    0.00    0.00    0.00    0.00    0.00  100.00

07:28:30 AM  CPU    %usr   %nice    %sys %iowait    %irq   %soft  %steal  %guest  %gnice   %idle
07:28:31 AM  all    0.63    0.00   31.12    0.00    0.13    0.25    0.00    0.00    0.00   67.88
07:28:31 AM    0    3.06    0.00   75.51    0.00    0.00    0.00    0.00    0.00    0.00   21.43
07:28:31 AM    1    2.00    0.00   74.00    0.00    0.00    0.00    0.00    0.00    0.00   24.00
07:28:31 AM    2    0.00    0.00  100.00    0.00    0.00    0.00    0.00    0.00    0.00    0.00
07:28:31 AM    3    0.00    0.00    0.00    0.00    1.00    2.00    0.00    0.00    0.00   97.00
07:28:31 AM    4    0.00    0.00    0.00    0.00    0.00    0.00    0.00    0.00    0.00  100.00
07:28:31 AM    5    0.00    0.00    0.00    0.00    0.00    0.00    0.00    0.00    0.00  100.00
07:28:31 AM    6    0.00    0.00    0.00    0.00    0.00    0.00    0.00    0.00    0.00  100.00
07:28:31 AM    7    0.00    0.00    0.00    0.00    0.00    0.00    0.00    0.00    0.00  100.00

07:28:31 AM  CPU    %usr   %nice    %sys %iowait    %irq   %soft  %steal  %guest  %gnice   %idle
07:28:32 AM  all    0.25    0.00   31.03    0.00    0.13    0.25    0.00    0.00    0.00   68.34
07:28:32 AM    0    1.03    0.00   76.29    0.00    1.03    0.00    0.00    0.00    0.00   21.65
07:28:32 AM    1    1.01    0.00   73.74    0.00    0.00    0.00    0.00    0.00    0.00   25.25
07:28:32 AM    2    0.00    0.00  100.00    0.00    0.00    0.00    0.00    0.00    0.00    0.00
07:28:32 AM    3    0.00    0.00    0.00    0.00    0.00    2.00    0.00    0.00    0.00   98.00
07:28:32 AM    4    0.00    0.00    0.00    0.00    0.00    0.00    0.00    0.00    0.00  100.00
07:28:32 AM    5    0.00    0.00    0.00    0.00    0.00    0.00    0.00    0.00    0.00  100.00
07:28:32 AM    6    0.00    0.00    0.00    0.00    0.00    0.00    0.00    0.00    0.00  100.00
07:28:32 AM    7    0.00    0.00    0.00    0.00    0.00    0.00    0.00    0.00    0.00  100.00

07:28:32 AM  CPU    %usr   %nice    %sys %iowait    %irq   %soft  %steal  %guest  %gnice   %idle
07:28:33 AM  all    0.50    0.00   29.29    0.00    0.13    0.38    0.00    0.00    0.00   69.71
07:28:33 AM    0    2.00    0.00   65.00    0.00    0.00    0.00    0.00    0.00    0.00   33.00
07:28:33 AM    1    2.00    0.00   69.00    0.00    1.00    0.00    0.00    0.00    0.00   28.00
07:28:33 AM    2    0.00    0.00  100.00    0.00    0.00    0.00    0.00    0.00    0.00    0.00
07:28:33 AM    3    0.00    0.00    0.00    0.00    0.00    2.02    0.00    0.00    0.00   97.98
07:28:33 AM    4    0.00    0.00    0.00    0.00    0.00    1.00    0.00    0.00    0.00   99.00
07:28:33 AM    5    0.00    0.00    0.00    0.00    0.00    0.00    0.00    0.00    0.00  100.00
07:28:33 AM    6    0.00    0.00    0.00    0.00    0.00    0.00    0.00    0.00    0.00  100.00
07:28:33 AM    7    0.00    0.00    0.00    0.00    0.00    0.00    0.00    0.00    0.00  100.00

07:28:33 AM  CPU    %usr   %nice    %sys %iowait    %irq   %soft  %steal  %guest  %gnice   %idle
07:28:34 AM  all    0.38    0.00   29.15    0.00    0.00    0.50    0.00    0.00    0.00   69.97
07:28:34 AM    0    1.02    0.00   66.33    0.00    0.00    1.02    0.00    0.00    0.00   31.63
07:28:34 AM    1    2.04    0.00   68.37    0.00    0.00    1.02    0.00    0.00    0.00   28.57
07:28:34 AM    2    0.00    0.00  100.00    0.00    0.00    0.00    0.00    0.00    0.00    0.00
07:28:34 AM    3    0.00    0.00    0.00    0.00    0.00    2.00    0.00    0.00    0.00   98.00
07:28:34 AM    4    0.00    0.00    0.00    0.00    0.00    0.00    0.00    0.00    0.00  100.00
07:28:34 AM    5    0.00    0.00    0.00    0.00    0.00    0.00    0.00    0.00    0.00  100.00
07:28:34 AM    6    0.00    0.00    0.00    0.00    0.00    0.00    0.00    0.00    0.00  100.00
07:28:34 AM    7    0.00    0.00    0.00    0.00    0.00    0.00    0.00    0.00    0.00  100.00

07:28:34 AM  CPU    %usr   %nice    %sys %iowait    %irq   %soft  %steal  %guest  %gnice   %idle
07:28:35 AM  all    0.25    0.00   29.49    0.00    0.25    0.25    0.00    0.00    0.00   69.76
07:28:35 AM    0    1.02    0.00   68.37    0.00    1.02    0.00    0.00    0.00    0.00   29.59
07:28:35 AM    1    1.01    0.00   68.69    0.00    0.00    0.00    0.00    0.00    0.00   30.30
07:28:35 AM    2    0.00    0.00  100.00    0.00    0.00    0.00    0.00    0.00    0.00    0.00
07:28:35 AM    3    0.00    0.00    0.00    0.00    0.99    1.98    0.00    0.00    0.00   97.03
07:28:35 AM    4    0.00    0.00    0.00    0.00    0.00    0.00    0.00    0.00    0.00  100.00
07:28:35 AM    5    0.00    0.00    0.00    0.00    0.00    0.00    0.00    0.00    0.00  100.00
07:28:35 AM    6    0.00    0.00    0.00    0.00    0.00    0.00    0.00    0.00    0.00  100.00
07:28:35 AM    7    0.00    0.00    0.00    0.00    0.00    0.00    0.00    0.00    0.00  100.00

07:28:35 AM  CPU    %usr   %nice    %sys %iowait    %irq   %soft  %steal  %guest  %gnice   %idle
07:28:36 AM  all    0.25    0.00   29.32    0.00    0.13    0.25    0.00    0.00    0.00   70.05
07:28:36 AM    0    1.01    0.00   65.66    0.00    0.00    0.00    0.00    0.00    0.00   33.33
07:28:36 AM    1    1.00    0.00   69.00    0.00    1.00    0.00    0.00    0.00    0.00   29.00
07:28:36 AM    2    0.00    0.00  100.00    0.00    0.00    0.00    0.00    0.00    0.00    0.00
07:28:36 AM    3    0.00    0.00    0.00    0.00    0.00    2.02    0.00    0.00    0.00   97.98
07:28:36 AM    4    0.00    0.00    0.00    0.00    0.00    0.00    0.00    0.00    0.00  100.00
07:28:36 AM    5    0.00    0.00    0.00    0.00    0.00    0.00    0.00    0.00    0.00  100.00
07:28:36 AM    6    0.00    0.00    0.00    0.00    0.00    0.00    0.00    0.00    0.00  100.00
07:28:36 AM    7    0.00    0.00    0.00    0.00    0.00    0.00    0.00    0.00    0.00  100.00

07:28:36 AM  CPU    %usr   %nice    %sys %iowait    %irq   %soft  %steal  %guest  %gnice   %idle
07:28:37 AM  all    0.25    0.00   29.49    0.00    0.00    0.38    0.00    0.00    0.00   69.89
07:28:37 AM    0    1.02    0.00   65.31    0.00    0.00    0.00    0.00    0.00    0.00   33.67
07:28:37 AM    1    1.02    0.00   72.45    0.00    0.00    0.00    0.00    0.00    0.00   26.53
07:28:37 AM    2    0.00    0.00  100.00    0.00    0.00    0.00    0.00    0.00    0.00    0.00
07:28:37 AM    3    0.00    0.00    0.00    0.00    0.00    2.00    0.00    0.00    0.00   98.00
07:28:37 AM    4    0.00    0.00    0.00    0.00    0.00    0.99    0.00    0.00    0.00   99.01
07:28:37 AM    5    0.00    0.00    0.00    0.00    0.00    0.00    0.00    0.00    0.00  100.00
07:28:37 AM    6    0.00    0.00    0.00    0.00    0.00    0.00    0.00    0.00    0.00  100.00
07:28:37 AM    7    0.00    0.00    0.00    0.00    0.00    0.00    0.00    0.00    0.00  100.00

07:28:37 AM  CPU    %usr   %nice    %sys %iowait    %irq   %soft  %steal  %guest  %gnice   %idle
07:28:38 AM  all    0.25    0.00   28.61    0.00    0.13    0.25    0.00    0.00    0.00   70.77
07:28:38 AM    0    1.01    0.00   63.64    0.00    1.01    0.00    0.00    0.00    0.00   34.34
07:28:38 AM    1    1.01    0.00   65.66    0.00    0.00    0.00    0.00    0.00    0.00   33.33
07:28:38 AM    2    0.00    0.00  100.00    0.00    0.00    0.00    0.00    0.00    0.00    0.00
07:28:38 AM    3    0.00    0.00    0.00    0.00    0.00    2.00    0.00    0.00    0.00   98.00
07:28:38 AM    4    0.00    0.00    0.00    0.00    0.00    0.00    0.00    0.00    0.00  100.00
07:28:38 AM    5    0.00    0.00    0.00    0.00    0.00    0.00    0.00    0.00    0.00  100.00
07:28:38 AM    6    0.00    0.00    0.00    0.00    0.00    0.00    0.00    0.00    0.00  100.00
07:28:38 AM    7    0.00    0.00    0.00    0.00    0.00    0.00    0.00    0.00    0.00  100.00

07:28:38 AM  CPU    %usr   %nice    %sys %iowait    %irq   %soft  %steal  %guest  %gnice   %idle
07:28:39 AM  all    0.38    0.00   29.29    0.00    0.13    0.38    0.00    0.00    0.00   69.84
07:28:39 AM    0    2.02    0.00   66.67    0.00    0.00    1.01    0.00    0.00    0.00   30.30
07:28:39 AM    1    1.00    0.00   68.00    0.00    0.00    0.00    0.00    0.00    0.00   31.00
07:28:39 AM    2    0.00    0.00  100.00    0.00    0.00    0.00    0.00    0.00    0.00    0.00
07:28:39 AM    3    0.00    0.00    0.00    0.00    1.00    2.00    0.00    0.00    0.00   97.00
07:28:39 AM    4    0.00    0.00    0.00    0.00    0.00    0.00    0.00    0.00    0.00  100.00
07:28:39 AM    5    0.00    0.00    0.00    0.00    0.00    0.00    0.00    0.00    0.00  100.00
07:28:39 AM    6    0.00    0.00    0.00    0.00    0.00    0.00    0.00    0.00    0.00  100.00
07:28:39 AM    7    0.00    0.00    0.00    0.00    0.00    0.00    0.00    0.00    0.00  100.00

07:28:39 AM  CPU    %usr   %nice    %sys %iowait    %irq   %soft  %steal  %guest  %gnice   %idle
07:28:40 AM  all    0.13    0.00   29.40    0.00    0.25    0.25    0.00    0.00    0.00   69.97
07:28:40 AM    0    0.00    0.00   65.66    0.00    0.00    0.00    0.00    0.00    0.00   34.34
07:28:40 AM    1    1.03    0.00   71.13    0.00    1.03    0.00    0.00    0.00    0.00   26.80
07:28:40 AM    2    0.00    0.00  100.00    0.00    0.00    0.00    0.00    0.00    0.00    0.00
07:28:40 AM    3    0.00    0.00    0.00    0.00    0.00    2.00    0.00    0.00    0.00   98.00
07:28:40 AM    4    0.00    0.00    0.00    0.00    1.00    0.00    0.00    0.00    0.00   99.00
07:28:40 AM    5    0.00    0.00    0.00    0.00    0.00    0.00    0.00    0.00    0.00  100.00
07:28:40 AM    6    0.00    0.00    0.00    0.00    0.00    0.00    0.00    0.00    0.00  100.00
07:28:40 AM    7    0.00    0.00    0.00    0.00    0.00    0.00    0.00    0.00    0.00  100.00

07:28:40 AM  CPU    %usr   %nice    %sys %iowait    %irq   %soft  %steal  %guest  %gnice   %idle
07:28:41 AM  all    0.25    0.00   28.68    0.00    0.13    0.38    0.00    0.00    0.00   70.57
07:28:41 AM    0    1.02    0.00   64.29    0.00    1.02    0.00    0.00    0.00    0.00   33.67
07:28:41 AM    1    1.03    0.00   67.01    0.00    0.00    0.00    0.00    0.00    0.00   31.96
07:28:41 AM    2    0.00    0.00  100.00    0.00    0.00    0.00    0.00    0.00    0.00    0.00
07:28:41 AM    3    0.00    0.00    0.00    0.00    0.00    2.02    0.00    0.00    0.00   97.98
07:28:41 AM    4    0.00    0.00    0.00    0.00    0.00    0.99    0.00    0.00    0.00   99.01
07:28:41 AM    5    0.00    0.00    0.00    0.00    0.00    0.00    0.00    0.00    0.00  100.00
07:28:41 AM    6    0.00    0.00    0.00    0.00    0.00    0.00    0.00    0.00    0.00  100.00
07:28:41 AM    7    0.00    0.00    0.00    0.00    0.00    0.00    0.00    0.00    0.00  100.00

07:28:41 AM  CPU    %usr   %nice    %sys %iowait    %irq   %soft  %steal  %guest  %gnice   %idle
07:28:42 AM  all    0.38    0.00   28.50    0.00    0.00    0.25    0.00    0.00    0.00   70.88
07:28:42 AM    0    2.02    0.00   63.64    0.00    0.00    0.00    0.00    0.00    0.00   34.34
07:28:42 AM    1    0.99    0.00   64.36    0.00    0.00    0.00    0.00    0.00    0.00   34.65
07:28:42 AM    2    0.00    0.00  100.00    0.00    0.00    0.00    0.00    0.00    0.00    0.00
07:28:42 AM    3    0.00    0.00    0.00    0.00    0.00    2.00    0.00    0.00    0.00   98.00
07:28:42 AM    4    0.00    0.00    0.00    0.00    0.00    0.00    0.00    0.00    0.00  100.00
07:28:42 AM    5    0.00    0.00    0.00    0.00    0.00    0.00    0.00    0.00    0.00  100.00
07:28:42 AM    6    0.00    0.00    0.00    0.00    0.00    0.00    0.00    0.00    0.00  100.00
07:28:42 AM    7    0.00    0.00    0.00    0.00    0.00    0.00    0.00    0.00    0.00  100.00

07:28:42 AM  CPU    %usr   %nice    %sys %iowait    %irq   %soft  %steal  %guest  %gnice   %idle
07:28:43 AM  all    0.13    0.00   29.56    0.00    0.13    0.38    0.00    0.00    0.00   69.81
07:28:43 AM    0    0.00    0.00   70.83    0.00    0.00    0.00    0.00    0.00    0.00   29.17
07:28:43 AM    1    1.00    0.00   67.00    0.00    1.00    1.00    0.00    0.00    0.00   30.00
07:28:43 AM    2    0.00    0.00  100.00    0.00    0.00    0.00    0.00    0.00    0.00    0.00
07:28:43 AM    3    0.00    0.00    0.00    0.00    0.00    2.00    0.00    0.00    0.00   98.00
07:28:43 AM    4    0.00    0.00    0.00    0.00    0.00    0.00    0.00    0.00    0.00  100.00
07:28:43 AM    5    0.00    0.00    0.00    0.00    0.00    0.00    0.00    0.00    0.00  100.00
07:28:43 AM    6    0.00    0.00    0.00    0.00    0.00    0.00    0.00    0.00    0.00  100.00
07:28:43 AM    7    0.00    0.00    0.00    0.00    0.00    0.00    0.00    0.00    0.00  100.00

07:28:43 AM  CPU    %usr   %nice    %sys %iowait    %irq   %soft  %steal  %guest  %gnice   %idle
07:28:44 AM  all    0.25    0.00   29.12    0.00    0.25    0.38    0.00    0.00    0.00   70.00
07:28:44 AM    0    1.00    0.00   67.00    0.00    1.00    1.00    0.00    0.00    0.00   30.00
07:28:44 AM    1    1.00    0.00   66.00    0.00    0.00    0.00    0.00    0.00    0.00   33.00
07:28:44 AM    2    0.00    0.00  100.00    0.00    0.00    0.00    0.00    0.00    0.00    0.00
07:28:44 AM    3    0.00    0.00    0.00    0.00    1.00    2.00    0.00    0.00    0.00   97.00
07:28:44 AM    4    0.00    0.00    0.00    0.00    0.00    0.00    0.00    0.00    0.00  100.00
07:28:44 AM    5    0.00    0.00    0.00    0.00    0.00    0.00    0.00    0.00    0.00  100.00
07:28:44 AM    6    0.00    0.00    0.00    0.00    0.00    0.00    0.00    0.00    0.00  100.00
07:28:44 AM    7    0.00    0.00    0.00    0.00    0.00    0.00    0.00    0.00    0.00  100.00

07:28:44 AM  CPU    %usr   %nice    %sys %iowait    %irq   %soft  %steal  %guest  %gnice   %idle
07:28:45 AM  all    0.38    0.00   29.35    0.00    0.00    0.25    0.00    0.00    0.00   70.03
07:28:45 AM    0    2.06    0.00   70.10    0.00    0.00    0.00    0.00    0.00    0.00   27.84
07:28:45 AM    1    1.02    0.00   66.33    0.00    0.00    0.00    0.00    0.00    0.00   32.65
07:28:45 AM    2    0.00    0.00  100.00    0.00    0.00    0.00    0.00    0.00    0.00    0.00
07:28:45 AM    3    0.00    0.00    0.00    0.00    0.00    1.01    0.00    0.00    0.00   98.99
07:28:45 AM    4    0.00    0.00    0.00    0.00    0.00    1.00    0.00    0.00    0.00   99.00
07:28:45 AM    5    0.00    0.00    0.00    0.00    0.00    0.00    0.00    0.00    0.00  100.00
07:28:45 AM    6    0.00    0.00    0.00    0.00    0.00    0.00    0.00    0.00    0.00  100.00
07:28:45 AM    7    0.00    0.00    0.00    0.00    0.00    0.00    0.00    0.00    0.00  100.00

07:28:45 AM  CPU    %usr   %nice    %sys %iowait    %irq   %soft  %steal  %guest  %gnice   %idle
07:28:46 AM  all    0.50    0.00   28.61    0.00    0.00    0.25    0.00    0.00    0.00   70.64
07:28:46 AM    0    2.00    0.00   66.00    0.00    0.00    0.00    0.00    0.00    0.00   32.00
07:28:46 AM    1    2.06    0.00   63.92    0.00    0.00    0.00    0.00    0.00    0.00   34.02
07:28:46 AM    2    0.00    0.00  100.00    0.00    0.00    0.00    0.00    0.00    0.00    0.00
07:28:46 AM    3    0.00    0.00    0.00    0.00    0.00    2.00    0.00    0.00    0.00   98.00
07:28:46 AM    4    0.00    0.00    0.00    0.00    0.00    0.00    0.00    0.00    0.00  100.00
07:28:46 AM    5    0.00    0.00    0.00    0.00    0.00    0.00    0.00    0.00    0.00  100.00
07:28:46 AM    6    0.00    0.00    0.00    0.00    0.00    0.00    0.00    0.00    0.00  100.00
07:28:46 AM    7    0.00    0.00    0.00    0.00    0.00    0.00    0.00    0.00    0.00  100.00

07:28:46 AM  CPU    %usr   %nice    %sys %iowait    %irq   %soft  %steal  %guest  %gnice   %idle
07:28:47 AM  all    0.25    0.00   29.61    0.00    0.25    0.25    0.00    0.00    0.00   69.64
07:28:47 AM    0    1.01    0.00   71.72    0.00    1.01    0.00    0.00    0.00    0.00   26.26
07:28:47 AM    1    1.01    0.00   65.66    0.00    1.01    0.00    0.00    0.00    0.00   32.32
07:28:47 AM    2    0.00    0.00  100.00    0.00    0.00    0.00    0.00    0.00    0.00    0.00
07:28:47 AM    3    0.00    0.00    0.00    0.00    0.00    2.00    0.00    0.00    0.00   98.00
07:28:47 AM    4    0.00    0.00    0.00    0.00    0.00    0.00    0.00    0.00    0.00  100.00
07:28:47 AM    5    0.00    0.00    0.00    0.00    0.00    0.00    0.00    0.00    0.00  100.00
07:28:47 AM    6    0.00    0.00    0.00    0.00    0.00    0.00    0.00    0.00    0.00  100.00
07:28:47 AM    7    0.00    0.00    0.00    0.00    0.00    0.00    0.00    0.00    0.00  100.00

07:28:47 AM  CPU    %usr   %nice    %sys %iowait    %irq   %soft  %steal  %guest  %gnice   %idle
07:28:48 AM  all    0.25    0.00   29.18    0.00    0.00    0.25    0.00    0.00    0.00   70.31
07:28:48 AM    0    1.02    0.00   70.41    0.00    0.00    0.00    0.00    0.00    0.00   28.57
07:28:48 AM    1    1.02    0.00   64.29    0.00    0.00    0.00    0.00    0.00    0.00   34.69
07:28:48 AM    2    0.00    0.00  100.00    0.00    0.00    0.00    0.00    0.00    0.00    0.00
07:28:48 AM    3    0.00    0.00    0.00    0.00    0.00    2.02    0.00    0.00    0.00   97.98
07:28:48 AM    4    0.00    0.00    0.00    0.00    0.00    0.00    0.00    0.00    0.00  100.00
07:28:48 AM    5    0.00    0.00    0.00    0.00    0.00    0.00    0.00    0.00    0.00  100.00
07:28:48 AM    6    0.00    0.00    0.00    0.00    0.00    0.00    0.00    0.00    0.00  100.00
07:28:48 AM    7    0.00    0.00    0.00    0.00    0.00    0.00    0.00    0.00    0.00  100.00

07:28:48 AM  CPU    %usr   %nice    %sys %iowait    %irq   %soft  %steal  %guest  %gnice   %idle
07:28:49 AM  all    0.25    0.00   28.88    0.00    0.12    0.50    0.00    0.00    0.00   70.25
07:28:49 AM    0    0.99    0.00   67.33    0.00    0.00    0.99    0.00    0.00    0.00   30.69
07:28:49 AM    1    1.03    0.00   64.95    0.00    0.00    0.00    0.00    0.00    0.00   34.02
07:28:49 AM    2    0.00    0.00  100.00    0.00    0.00    0.00    0.00    0.00    0.00    0.00
07:28:49 AM    3    0.00    0.00    0.00    0.00    0.99    1.98    0.00    0.00    0.00   97.03
07:28:49 AM    4    0.00    0.00    0.00    0.00    0.00    0.99    0.00    0.00    0.00   99.01
07:28:49 AM    5    0.00    0.00    0.00    0.00    0.00    0.00    0.00    0.00    0.00  100.00
07:28:49 AM    6    0.00    0.00    0.00    0.00    0.00    0.00    0.00    0.00    0.00  100.00
07:28:49 AM    7    0.00    0.00    0.00    0.00    0.00    0.00    0.00    0.00    0.00  100.00

07:28:49 AM  CPU    %usr   %nice    %sys %iowait    %irq   %soft  %steal  %guest  %gnice   %idle
07:28:50 AM  all    0.50    0.00   28.23    0.00    0.25    0.25    0.00    0.00    0.00   70.77
07:28:50 AM    0    2.02    0.00   65.66    0.00    1.01    0.00    0.00    0.00    0.00   31.31
07:28:50 AM    1    2.02    0.00   60.61    0.00    1.01    0.00    0.00    0.00    0.00   36.36
07:28:50 AM    2    0.00    0.00  100.00    0.00    0.00    0.00    0.00    0.00    0.00    0.00
07:28:50 AM    3    0.00    0.00    0.00    0.00    0.00    2.00    0.00    0.00    0.00   98.00
07:28:50 AM    4    0.00    0.00    0.00    0.00    0.00    0.00    0.00    0.00    0.00  100.00
07:28:50 AM    5    0.00    0.00    0.00    0.00    0.00    0.00    0.00    0.00    0.00  100.00
07:28:50 AM    6    0.00    0.00    0.00    0.00    0.00    0.00    0.00    0.00    0.00  100.00
07:28:50 AM    7    0.00    0.00    0.00    0.00    0.00    0.00    0.00    0.00    0.00  100.00

07:28:50 AM  CPU    %usr   %nice    %sys %iowait    %irq   %soft  %steal  %guest  %gnice   %idle
07:28:51 AM  all    0.13    0.00   28.36    0.00    0.00    0.25    0.00    0.00    0.00   71.27
07:28:51 AM    0    1.00    0.00   65.00    0.00    0.00    0.00    0.00    0.00    0.00   34.00
07:28:51 AM    1    0.00    0.00   61.62    0.00    0.00    1.01    0.00    0.00    0.00   37.37
07:28:51 AM    2    0.00    0.00  100.00    0.00    0.00    0.00    0.00    0.00    0.00    0.00
07:28:51 AM    3    0.00    0.00    0.00    0.00    0.00    1.02    0.00    0.00    0.00   98.98
07:28:51 AM    4    0.00    0.00    0.00    0.00    0.00    0.00    0.00    0.00    0.00  100.00
07:28:51 AM    5    0.00    0.00    0.00    0.00    0.00    0.00    0.00    0.00    0.00  100.00
07:28:51 AM    6    0.00    0.00    0.00    0.00    0.00    0.00    0.00    0.00    0.00  100.00
07:28:51 AM    7    0.00    0.00    0.00    0.00    0.00    0.00    0.00    0.00    0.00  100.00

07:28:51 AM  CPU    %usr   %nice    %sys %iowait    %irq   %soft  %steal  %guest  %gnice   %idle
07:28:52 AM  all    0.25    0.00   29.52    0.00    0.00    0.25    0.00    0.00    0.00   69.97
07:28:52 AM    0    1.02    0.00   73.47    0.00    0.00    0.00    0.00    0.00    0.00   25.51
07:28:52 AM    1    1.02    0.00   64.29    0.00    0.00    0.00    0.00    0.00    0.00   34.69
07:28:52 AM    2    0.00    0.00  100.00    0.00    0.00    0.00    0.00    0.00    0.00    0.00
07:28:52 AM    3    0.00    0.00    0.00    0.00    0.00    2.00    0.00    0.00    0.00   98.00
07:28:52 AM    4    0.00    0.00    0.00    0.00    0.00    0.00    0.00    0.00    0.00  100.00
07:28:52 AM    5    0.00    0.00    0.00    0.00    0.00    0.00    0.00    0.00    0.00  100.00
07:28:52 AM    6    0.00    0.00    0.00    0.00    0.00    0.00    0.00    0.00    0.00  100.00
07:28:52 AM    7    0.00    0.00    0.00    0.00    0.00    0.00    0.00    0.00    0.00  100.00

07:28:52 AM  CPU    %usr   %nice    %sys %iowait    %irq   %soft  %steal  %guest  %gnice   %idle
07:28:53 AM  all    0.37    0.00   28.80    0.00    0.25    0.37    0.00    0.00    0.00   70.20
07:28:53 AM    0    1.00    0.00   66.00    0.00    0.00    0.00    0.00    0.00    0.00   33.00
07:28:53 AM    1    2.00    0.00   65.00    0.00    0.00    0.00    0.00    0.00    0.00   33.00
07:28:53 AM    2    0.00    0.00  100.00    0.00    0.00    0.00    0.00    0.00    0.00    0.00
07:28:53 AM    3    0.00    0.00    0.00    0.00    0.99    1.98    0.00    0.00    0.00   97.03
07:28:53 AM    4    0.00    0.00    0.00    0.00    0.99    0.99    0.00    0.00    0.00   98.02
07:28:53 AM    5    0.00    0.00    0.00    0.00    0.00    0.00    0.00    0.00    0.00  100.00
07:28:53 AM    6    0.00    0.00    0.00    0.00    0.00    0.00    0.00    0.00    0.00  100.00
07:28:53 AM    7    0.00    0.00    0.00    0.00    0.00    0.00    0.00    0.00    0.00  100.00

07:28:53 AM  CPU    %usr   %nice    %sys %iowait    %irq   %soft  %steal  %guest  %gnice   %idle
07:28:54 AM  all    0.25    0.00   30.65    0.00    0.25    0.25    0.00    0.00    0.00   68.59
07:28:54 AM    0    1.02    0.00   72.45    0.00    1.02    0.00    0.00    0.00    0.00   25.51
07:28:54 AM    1    1.02    0.00   74.49    0.00    1.02    0.00    0.00    0.00    0.00   23.47
07:28:54 AM    2    0.00    0.00  100.00    0.00    0.00    0.00    0.00    0.00    0.00    0.00
07:28:54 AM    3    0.00    0.00    0.00    0.00    0.00    2.00    0.00    0.00    0.00   98.00
07:28:54 AM    4    0.00    0.00    0.00    0.00    0.00    0.00    0.00    0.00    0.00  100.00
07:28:54 AM    5    0.00    0.00    0.00    0.00    0.00    0.00    0.00    0.00    0.00  100.00
07:28:54 AM    6    0.00    0.00    0.00    0.00    0.00    0.00    0.00    0.00    0.00  100.00
07:28:54 AM    7    0.00    0.00    0.00    0.00    0.00    0.00    0.00    0.00    0.00  100.00

07:28:54 AM  CPU    %usr   %nice    %sys %iowait    %irq   %soft  %steal  %guest  %gnice   %idle
07:28:55 AM  all    0.25    0.00   31.53    0.00    0.00    0.38    0.00    0.00    0.00   67.84
07:28:55 AM    0    1.03    0.00   76.29    0.00    0.00    1.03    0.00    0.00    0.00   21.65
07:28:55 AM    1    1.02    0.00   77.55    0.00    0.00    0.00    0.00    0.00    0.00   21.43
07:28:55 AM    2    0.00    0.00  100.00    0.00    0.00    0.00    0.00    0.00    0.00    0.00
07:28:55 AM    3    0.00    0.00    0.00    0.00    0.00    2.02    0.00    0.00    0.00   97.98
07:28:55 AM    4    0.00    0.00    0.00    0.00    0.00    0.00    0.00    0.00    0.00  100.00
07:28:55 AM    5    0.00    0.00    0.00    0.00    0.00    0.00    0.00    0.00    0.00  100.00
07:28:55 AM    6    0.00    0.00    0.00    0.00    0.00    0.00    0.00    0.00    0.00  100.00
07:28:55 AM    7    0.00    0.00    0.00    0.00    0.00    0.00    0.00    0.00    0.00  100.00

07:28:55 AM  CPU    %usr   %nice    %sys %iowait    %irq   %soft  %steal  %guest  %gnice   %idle
07:28:56 AM  all    0.38    0.00   30.48    0.00    0.00    0.25    0.00    0.00    0.00   68.89
07:28:56 AM    0    2.06    0.00   72.16    0.00    0.00    0.00    0.00    0.00    0.00   25.77
07:28:56 AM    1    1.03    0.00   74.23    0.00    0.00    0.00    0.00    0.00    0.00   24.74
07:28:56 AM    2    0.00    0.00  100.00    0.00    0.00    0.00    0.00    0.00    0.00    0.00
07:28:56 AM    3    0.00    0.00    0.00    0.00    0.00    2.00    0.00    0.00    0.00   98.00
07:28:56 AM    4    0.00    0.00    0.00    0.00    0.00    0.00    0.00    0.00    0.00  100.00
07:28:56 AM    5    0.00    0.00    0.00    0.00    0.00    0.00    0.00    0.00    0.00  100.00
07:28:56 AM    6    0.00    0.00    0.00    0.00    0.00    0.00    0.00    0.00    0.00  100.00
07:28:56 AM    7    0.00    0.00    0.00    0.00    0.00    0.00    0.00    0.00    0.00  100.00

07:28:56 AM  CPU    %usr   %nice    %sys %iowait    %irq   %soft  %steal  %guest  %gnice   %idle
07:28:57 AM  all    0.25    0.00   29.49    0.00    0.25    0.38    0.00    0.00    0.00   69.64
07:28:57 AM    0    1.02    0.00   70.41    0.00    1.02    0.00    0.00    0.00    0.00   27.55
07:28:57 AM    1    1.00    0.00   66.00    0.00    1.00    0.00    0.00    0.00    0.00   32.00
07:28:57 AM    2    0.00    0.00  100.00    0.00    0.00    0.00    0.00    0.00    0.00    0.00
07:28:57 AM    3    0.00    0.00    0.00    0.00    0.00    2.02    0.00    0.00    0.00   97.98
07:28:57 AM    4    0.00    0.00    0.00    0.00    0.00    1.00    0.00    0.00    0.00   99.00
07:28:57 AM    5    0.00    0.00    0.00    0.00    0.00    0.00    0.00    0.00    0.00  100.00
07:28:57 AM    6    0.00    0.00    0.00    0.00    0.00    0.00    0.00    0.00    0.00  100.00
07:28:57 AM    7    0.00    0.00    0.00    0.00    0.00    0.00    0.00    0.00    0.00  100.00

07:28:57 AM  CPU    %usr   %nice    %sys %iowait    %irq   %soft  %steal  %guest  %gnice   %idle
07:28:58 AM  all    0.50    0.00   29.41    0.00    0.13    0.25    0.00    0.00    0.00   69.71
07:28:58 AM    0    1.98    0.00   70.30    0.00    0.00    0.00    0.00    0.00    0.00   27.72
07:28:58 AM    1    2.06    0.00   65.98    0.00    0.00    0.00    0.00    0.00    0.00   31.96
07:28:58 AM    2    0.00    0.00  100.00    0.00    0.00    0.00    0.00    0.00    0.00    0.00
07:28:58 AM    3    0.00    0.00    0.00    0.00    0.99    1.98    0.00    0.00    0.00   97.03
07:28:58 AM    4    0.00    0.00    0.00    0.00    0.00    0.00    0.00    0.00    0.00  100.00
07:28:58 AM    5    0.00    0.00    0.00    0.00    0.00    0.00    0.00    0.00    0.00  100.00
07:28:58 AM    6    0.00    0.00    0.00    0.00    0.00    0.00    0.00    0.00    0.00  100.00
07:28:58 AM    7    0.00    0.00    0.00    0.00    0.00    0.00    0.00    0.00    0.00  100.00

07:28:58 AM  CPU    %usr   %nice    %sys %iowait    %irq   %soft  %steal  %guest  %gnice   %idle
07:28:59 AM  all    0.25    0.00   28.93    0.00    0.00    0.25    0.00    0.00    0.00   70.57
07:28:59 AM    0    1.02    0.00   66.33    0.00    0.00    0.00    0.00    0.00    0.00   32.65
07:28:59 AM    1    1.01    0.00   65.66    0.00    0.00    1.01    0.00    0.00    0.00   32.32
07:28:59 AM    2    0.00    0.00  100.00    0.00    0.00    0.00    0.00    0.00    0.00    0.00
07:28:59 AM    3    0.00    0.00    0.00    0.00    0.00    1.01    0.00    0.00    0.00   98.99
07:28:59 AM    4    0.00    0.00    0.00    0.00    0.00    0.00    0.00    0.00    0.00  100.00
07:28:59 AM    5    0.00    0.00    0.00    0.00    0.00    0.00    0.00    0.00    0.00  100.00
07:28:59 AM    6    0.00    0.00    0.00    0.00    0.00    0.00    0.00    0.00    0.00  100.00
07:28:59 AM    7    0.00    0.00    0.00    0.00    0.00    0.00    0.00    0.00    0.00  100.00

07:28:59 AM  CPU    %usr   %nice    %sys %iowait    %irq   %soft  %steal  %guest  %gnice   %idle
07:29:00 AM  all    0.13    0.00   28.39    0.00    0.13    0.38    0.00    0.00    0.00   70.98
07:29:00 AM    0    0.00    0.00   64.65    0.00    1.01    1.01    0.00    0.00    0.00   33.33
07:29:00 AM    1    1.03    0.00   63.92    0.00    0.00    0.00    0.00    0.00    0.00   35.05
07:29:00 AM    2    0.00    0.00  100.00    0.00    0.00    0.00    0.00    0.00    0.00    0.00
07:29:00 AM    3    0.00    0.00    0.00    0.00    0.00    2.00    0.00    0.00    0.00   98.00
07:29:00 AM    4    0.00    0.00    0.00    0.00    0.00    0.00    0.00    0.00    0.00  100.00
07:29:00 AM    5    0.00    0.00    0.00    0.00    0.00    0.00    0.00    0.00    0.00  100.00
07:29:00 AM    6    0.00    0.00    0.00    0.00    0.00    0.00    0.00    0.00    0.00  100.00
07:29:00 AM    7    0.00    0.00    0.00    0.00    0.00    0.00    0.00    0.00    0.00  100.00

07:29:00 AM  CPU    %usr   %nice    %sys %iowait    %irq   %soft  %steal  %guest  %gnice   %idle
07:29:01 AM  all    0.38    0.00   28.32    0.00    0.13    0.38    0.00    0.00    0.00   70.80
07:29:01 AM    0    2.00    0.00   64.00    0.00    0.00    0.00    0.00    0.00    0.00   34.00
07:29:01 AM    1    1.02    0.00   63.27    0.00    1.02    0.00    0.00    0.00    0.00   34.69
07:29:01 AM    2    0.00    0.00  100.00    0.00    0.00    0.00    0.00    0.00    0.00    0.00
07:29:01 AM    3    0.00    0.00    0.00    0.00    0.00    2.02    0.00    0.00    0.00   97.98
07:29:01 AM    4    0.00    0.00    0.00    0.00    0.00    0.99    0.00    0.00    0.00   99.01
07:29:01 AM    5    0.00    0.00    0.00    0.00    0.00    0.00    0.00    0.00    0.00  100.00
07:29:01 AM    6    0.00    0.00    0.00    0.00    0.00    0.00    0.00    0.00    0.00  100.00
07:29:01 AM    7    0.00    0.00    0.00    0.00    0.00    0.00    0.00    0.00    0.00  100.00

07:29:01 AM  CPU    %usr   %nice    %sys %iowait    %irq   %soft  %steal  %guest  %gnice   %idle
07:29:02 AM  all    0.25    0.00   28.98    0.00    0.13    0.25    0.00    0.00    0.00   70.39
07:29:02 AM    0    1.02    0.00   64.29    0.00    0.00    0.00    0.00    0.00    0.00   34.69
07:29:02 AM    1    1.01    0.00   68.69    0.00    0.00    0.00    0.00    0.00    0.00   30.30
07:29:02 AM    2    0.00    0.00  100.00    0.00    0.00    0.00    0.00    0.00    0.00    0.00
07:29:02 AM    3    0.00    0.00    0.00    0.00    0.99    1.98    0.00    0.00    0.00   97.03
07:29:02 AM    4    0.00    0.00    0.00    0.00    0.00    0.00    0.00    0.00    0.00  100.00
07:29:02 AM    5    0.00    0.00    0.00    0.00    0.00    0.00    0.00    0.00    0.00  100.00
07:29:02 AM    6    0.00    0.00    0.00    0.00    0.00    0.00    0.00    0.00    0.00  100.00
07:29:02 AM    7    0.00    0.00    0.00    0.00    0.00    0.00    0.00    0.00    0.00  100.00

07:29:02 AM  CPU    %usr   %nice    %sys %iowait    %irq   %soft  %steal  %guest  %gnice   %idle
07:29:03 AM  all    0.25    0.00   28.45    0.00    0.13    0.25    0.00    0.00    0.00   70.93
07:29:03 AM    0    1.00    0.00   65.00    0.00    1.00    0.00    0.00    0.00    0.00   33.00
07:29:03 AM    1    1.01    0.00   62.63    0.00    0.00    0.00    0.00    0.00    0.00   36.36
07:29:03 AM    2    0.00    0.00  100.00    0.00    0.00    0.00    0.00    0.00    0.00    0.00
07:29:03 AM    3    0.00    0.00    0.00    0.00    0.00    2.02    0.00    0.00    0.00   97.98
07:29:03 AM    4    0.00    0.00    0.00    0.00    0.00    0.00    0.00    0.00    0.00  100.00
07:29:03 AM    5    0.00    0.00    0.00    0.00    0.00    0.00    0.00    0.00    0.00  100.00
07:29:03 AM    6    0.00    0.00    0.00    0.00    0.00    0.00    0.00    0.00    0.00  100.00
07:29:03 AM    7    0.00    0.00    0.00    0.00    0.00    0.00    0.00    0.00    0.00  100.00

07:29:03 AM  CPU    %usr   %nice    %sys %iowait    %irq   %soft  %steal  %guest  %gnice   %idle
07:29:04 AM  all    0.38    0.00   27.82    0.00    0.13    0.25    0.00    0.00    0.00   71.43
07:29:04 AM    0    1.01    0.00   62.63    0.00    0.00    0.00    0.00    0.00    0.00   36.36
07:29:04 AM    1    2.02    0.00   60.61    0.00    1.01    0.00    0.00    0.00    0.00   36.36
07:29:04 AM    2    0.00    0.00  100.00    0.00    0.00    0.00    0.00    0.00    0.00    0.00
07:29:04 AM    3    0.00    0.00    0.00    0.00    0.00    2.00    0.00    0.00    0.00   98.00
07:29:04 AM    4    0.00    0.00    0.00    0.00    0.00    0.00    0.00    0.00    0.00  100.00
07:29:04 AM    5    0.00    0.00    0.00    0.00    0.00    0.00    0.00    0.00    0.00  100.00
07:29:04 AM    6    0.00    0.00    0.00    0.00    0.00    0.00    0.00    0.00    0.00  100.00
07:29:04 AM    7    0.00    0.00    0.00    0.00    0.00    0.00    0.00    0.00    0.00  100.00

07:29:04 AM  CPU    %usr   %nice    %sys %iowait    %irq   %soft  %steal  %guest  %gnice   %idle
07:29:05 AM  all    0.25    0.00   28.81    0.00    0.00    0.50    0.00    0.00    0.00   70.44
07:29:05 AM    0    1.01    0.00   67.68    0.00    0.00    1.01    0.00    0.00    0.00   30.30
07:29:05 AM    1    1.04    0.00   64.58    0.00    0.00    0.00    0.00    0.00    0.00   34.38
07:29:05 AM    2    0.00    0.00  100.00    0.00    0.00    0.00    0.00    0.00    0.00    0.00
07:29:05 AM    3    0.00    0.00    0.00    0.00    0.00    2.00    0.00    0.00    0.00   98.00
07:29:05 AM    4    0.00    0.00    0.00    0.00    0.00    1.00    0.00    0.00    0.00   99.00
07:29:05 AM    5    0.00    0.00    0.00    0.00    0.00    0.00    0.00    0.00    0.00  100.00
07:29:05 AM    6    0.00    0.00    0.00    0.00    0.00    0.00    0.00    0.00    0.00  100.00
07:29:05 AM    7    0.00    0.00    0.00    0.00    0.00    0.00    0.00    0.00    0.00  100.00

07:29:05 AM  CPU    %usr   %nice    %sys %iowait    %irq   %soft  %steal  %guest  %gnice   %idle
07:29:06 AM  all    0.38    0.00   29.32    0.00    0.25    0.25    0.00    0.00    0.00   69.80
07:29:06 AM    0    1.98    0.00   70.30    0.00    0.99    0.00    0.00    0.00    0.00   26.73
07:29:06 AM    1    1.04    0.00   65.62    0.00    0.00    0.00    0.00    0.00    0.00   33.33
07:29:06 AM    2    0.00    0.00  100.00    0.00    0.00    0.00    0.00    0.00    0.00    0.00
07:29:06 AM    3    0.00    0.00    0.00    0.00    0.00    2.00    0.00    0.00    0.00   98.00
07:29:06 AM    4    0.00    0.00    0.00    0.00    0.99    0.00    0.00    0.00    0.00   99.01
07:29:06 AM    5    0.00    0.00    0.00    0.00    0.00    0.00    0.00    0.00    0.00  100.00
07:29:06 AM    6    0.00    0.00    0.00    0.00    0.00    0.00    0.00    0.00    0.00  100.00
07:29:06 AM    7    0.00    0.00    0.00    0.00    0.00    0.00    0.00    0.00    0.00  100.00

07:29:06 AM  CPU    %usr   %nice    %sys %iowait    %irq   %soft  %steal  %guest  %gnice   %idle
07:29:07 AM  all    0.25    0.00   29.12    0.00    0.12    0.25    0.00    0.00    0.00   70.25
07:29:07 AM    0    0.99    0.00   66.34    0.00    0.00    0.00    0.00    0.00    0.00   32.67
07:29:07 AM    1    1.01    0.00   66.67    0.00    0.00    0.00    0.00    0.00    0.00   32.32
07:29:07 AM    2    0.00    0.00  100.00    0.00    0.00    0.00    0.00    0.00    0.00    0.00
07:29:07 AM    3    0.00    0.00    0.00    0.00    1.00    2.00    0.00    0.00    0.00   97.00
07:29:07 AM    4    0.00    0.00    0.00    0.00    0.00    0.00    0.00    0.00    0.00  100.00
07:29:07 AM    5    0.00    0.00    0.00    0.00    0.00    0.00    0.00    0.00    0.00  100.00
07:29:07 AM    6    0.00    0.00    0.00    0.00    0.00    0.00    0.00    0.00    0.00  100.00
07:29:07 AM    7    0.00    0.00    0.00    0.00    0.00    0.00    0.00    0.00    0.00  100.00

07:29:07 AM  CPU    %usr   %nice    %sys %iowait    %irq   %soft  %steal  %guest  %gnice   %idle
07:29:08 AM  all    0.38    0.00   29.36    0.00    0.13    0.38    0.00    0.00    0.00   69.76
07:29:08 AM    0    2.06    0.00   69.07    0.00    0.00    0.00    0.00    0.00    0.00   28.87
07:29:08 AM    1    1.00    0.00   67.00    0.00    1.00    1.00    0.00    0.00    0.00   30.00
07:29:08 AM    2    0.00    0.00  100.00    0.00    0.00    0.00    0.00    0.00    0.00    0.00
07:29:08 AM    3    0.00    0.00    0.00    0.00    0.00    2.00    0.00    0.00    0.00   98.00
07:29:08 AM    4    0.00    0.00    0.00    0.00    0.00    0.00    0.00    0.00    0.00  100.00
07:29:08 AM    5    0.00    0.00    0.00    0.00    0.00    0.00    0.00    0.00    0.00  100.00
07:29:08 AM    6    0.00    0.00    0.00    0.00    0.00    0.00    0.00    0.00    0.00  100.00
07:29:08 AM    7    0.00    0.00    0.00    0.00    0.00    0.00    0.00    0.00    0.00  100.00

07:29:08 AM  CPU    %usr   %nice    %sys %iowait    %irq   %soft  %steal  %guest  %gnice   %idle
07:29:09 AM  all    0.38    0.00   29.49    0.00    0.13    0.25    0.00    0.00    0.00   69.76
07:29:09 AM    0    1.00    0.00   73.00    0.00    1.00    0.00    0.00    0.00    0.00   25.00
07:29:09 AM    1    2.06    0.00   63.92    0.00    0.00    0.00    0.00    0.00    0.00   34.02
07:29:09 AM    2    0.00    0.00  100.00    0.00    0.00    0.00    0.00    0.00    0.00    0.00
07:29:09 AM    3    0.00    0.00    0.00    0.00    0.00    1.01    0.00    0.00    0.00   98.99
07:29:09 AM    4    0.00    0.00    0.00    0.00    0.00    0.99    0.00    0.00    0.00   99.01
07:29:09 AM    5    0.00    0.00    0.00    0.00    0.00    0.00    0.00    0.00    0.00  100.00
07:29:09 AM    6    0.00    0.00    0.00    0.00    0.00    0.00    0.00    0.00    0.00  100.00
07:29:09 AM    7    0.00    0.00    0.00    0.00    0.00    0.00    0.00    0.00    0.00  100.00

07:29:09 AM  CPU    %usr   %nice    %sys %iowait    %irq   %soft  %steal  %guest  %gnice   %idle
07:29:10 AM  all    0.25    0.00   28.68    0.00    0.00    0.38    0.00    0.00    0.00   70.69
07:29:10 AM    0    1.01    0.00   63.64    0.00    0.00    1.01    0.00    0.00    0.00   34.34
07:29:10 AM    1    1.02    0.00   66.33    0.00    0.00    0.00    0.00    0.00    0.00   32.65
07:29:10 AM    2    0.00    0.00  100.00    0.00    0.00    0.00    0.00    0.00    0.00    0.00
07:29:10 AM    3    0.00    0.00    0.00    0.00    0.00    2.02    0.00    0.00    0.00   97.98
07:29:10 AM    4    0.00    0.00    0.00    0.00    0.00    0.00    0.00    0.00    0.00  100.00
07:29:10 AM    5    0.00    0.00    0.00    0.00    0.00    0.00    0.00    0.00    0.00  100.00
07:29:10 AM    6    0.00    0.00    0.00    0.00    0.00    0.00    0.00    0.00    0.00  100.00
07:29:10 AM    7    0.00    0.00    0.00    0.00    0.00    0.00    0.00    0.00    0.00  100.00

07:29:10 AM  CPU    %usr   %nice    %sys %iowait    %irq   %soft  %steal  %guest  %gnice   %idle
07:29:11 AM  all    0.13    0.00   28.75    0.00    0.00    0.25    0.00    0.00    0.00   70.87
07:29:11 AM    0    0.00    0.00   65.98    0.00    0.00    0.00    0.00    0.00    0.00   34.02
07:29:11 AM    1    1.04    0.00   66.67    0.00    0.00    0.00    0.00    0.00    0.00   32.29
07:29:11 AM    2    0.00    0.00  100.00    0.00    0.00    0.00    0.00    0.00    0.00    0.00
07:29:11 AM    3    0.00    0.00    0.00    0.00    0.00    2.00    0.00    0.00    0.00   98.00
07:29:11 AM    4    0.00    0.00    0.00    0.00    0.00    0.00    0.00    0.00    0.00  100.00
07:29:11 AM    5    0.00    0.00    0.00    0.00    0.00    0.00    0.00    0.00    0.00  100.00
07:29:11 AM    6    0.00    0.00    0.00    0.00    0.00    0.00    0.00    0.00    0.00  100.00
07:29:11 AM    7    0.00    0.00    0.00    0.00    0.00    0.00    0.00    0.00    0.00  100.00

07:29:11 AM  CPU    %usr   %nice    %sys %iowait    %irq   %soft  %steal  %guest  %gnice   %idle
07:29:12 AM  all    0.50    0.00   28.57    0.00    0.38    0.25    0.00    0.00    0.00   70.30
07:29:12 AM    0    2.04    0.00   66.33    0.00    1.02    0.00    0.00    0.00    0.00   30.61
07:29:12 AM    1    2.00    0.00   63.00    0.00    1.00    0.00    0.00    0.00    0.00   34.00
07:29:12 AM    2    0.00    0.00  100.00    0.00    0.00    0.00    0.00    0.00    0.00    0.00
07:29:12 AM    3    0.00    0.00    0.00    0.00    0.99    1.98    0.00    0.00    0.00   97.03
07:29:12 AM    4    0.00    0.00    0.00    0.00    0.00    0.00    0.00    0.00    0.00  100.00
07:29:12 AM    5    0.00    0.00    0.00    0.00    0.00    0.00    0.00    0.00    0.00  100.00
07:29:12 AM    6    0.00    0.00    0.00    0.00    0.00    0.00    0.00    0.00    0.00  100.00
07:29:12 AM    7    0.00    0.00    0.00    0.00    0.00    0.00    0.00    0.00    0.00  100.00

07:29:12 AM  CPU    %usr   %nice    %sys %iowait    %irq   %soft  %steal  %guest  %gnice   %idle
07:29:13 AM  all    0.25    0.00   29.07    0.00    0.00    0.38    0.00    0.00    0.00   70.30
07:29:13 AM    0    1.00    0.00   69.00    0.00    0.00    0.00    0.00    0.00    0.00   30.00
07:29:13 AM    1    1.02    0.00   64.29    0.00    0.00    0.00    0.00    0.00    0.00   34.69
07:29:13 AM    2    0.00    0.00  100.00    0.00    0.00    0.00    0.00    0.00    0.00    0.00
07:29:13 AM    3    0.00    0.00    0.00    0.00    0.00    2.02    0.00    0.00    0.00   97.98
07:29:13 AM    4    0.00    0.00    0.00    0.00    0.00    0.99    0.00    0.00    0.00   99.01
07:29:13 AM    5    0.00    0.00    0.00    0.00    0.00    0.00    0.00    0.00    0.00  100.00
07:29:13 AM    6    0.00    0.00    0.00    0.00    0.00    0.00    0.00    0.00    0.00  100.00
07:29:13 AM    7    0.00    0.00    0.00    0.00    0.00    0.00    0.00    0.00    0.00  100.00

07:29:13 AM  CPU    %usr   %nice    %sys %iowait    %irq   %soft  %steal  %guest  %gnice   %idle
07:29:14 AM  all    0.38    0.00   28.82    0.13    0.00    0.25    0.00    0.00    0.00   70.43
07:29:14 AM    0    2.00    0.00   69.00    0.00    0.00    0.00    0.00    0.00    0.00   29.00
07:29:14 AM    1    1.02    0.00   62.24    1.02    0.00    0.00    0.00    0.00    0.00   35.71
07:29:14 AM    2    0.00    0.00  100.00    0.00    0.00    0.00    0.00    0.00    0.00    0.00
07:29:14 AM    3    0.00    0.00    0.00    0.00    0.00    2.00    0.00    0.00    0.00   98.00
07:29:14 AM    4    0.00    0.00    0.00    0.00    0.00    0.00    0.00    0.00    0.00  100.00
07:29:14 AM    5    0.00    0.00    0.00    0.00    0.00    0.00    0.00    0.00    0.00  100.00
07:29:14 AM    6    0.00    0.00    0.00    0.00    0.00    0.00    0.00    0.00    0.00  100.00
07:29:14 AM    7    0.00    0.00    0.00    0.00    0.00    0.00    0.00    0.00    0.00  100.00

07:29:14 AM  CPU    %usr   %nice    %sys %iowait    %irq   %soft  %steal  %guest  %gnice   %idle
07:29:15 AM  all    0.25    0.00   28.57    0.00    0.25    0.25    0.00    0.00    0.00   70.68
07:29:15 AM    0    1.01    0.00   64.65    0.00    1.01    0.00    0.00    0.00    0.00   33.33
07:29:15 AM    1    1.00    0.00   64.00    0.00    1.00    0.00    0.00    0.00    0.00   34.00
07:29:15 AM    2    0.00    0.00  100.00    0.00    0.00    0.00    0.00    0.00    0.00    0.00
07:29:15 AM    3    0.00    0.00    0.00    0.00    0.00    2.00    0.00    0.00    0.00   98.00
07:29:15 AM    4    0.00    0.00    0.00    0.00    0.00    0.00    0.00    0.00    0.00  100.00
07:29:15 AM    5    0.00    0.00    0.00    0.00    0.00    0.00    0.00    0.00    0.00  100.00
07:29:15 AM    6    0.00    0.00    0.00    0.00    0.00    0.00    0.00    0.00    0.00  100.00
07:29:15 AM    7    0.00    0.00    0.00    0.00    0.00    0.00    0.00    0.00    0.00  100.00

07:29:15 AM  CPU    %usr   %nice    %sys %iowait    %irq   %soft  %steal  %guest  %gnice   %idle
07:29:16 AM  all    0.38    0.00   29.29    0.00    0.13    0.38    0.00    0.00    0.00   69.84
07:29:16 AM    0    1.02    0.00   68.37    0.00    0.00    1.02    0.00    0.00    0.00   29.59
07:29:16 AM    1    1.98    0.00   66.34    0.00    0.00    0.00    0.00    0.00    0.00   31.68
07:29:16 AM    2    0.00    0.00  100.00    0.00    0.00    0.00    0.00    0.00    0.00    0.00
07:29:16 AM    3    0.00    0.00    0.00    0.00    1.00    2.00    0.00    0.00    0.00   97.00
07:29:16 AM    4    0.00    0.00    0.00    0.00    0.00    0.00    0.00    0.00    0.00  100.00
07:29:16 AM    5    0.00    0.00    0.00    0.00    0.00    0.00    0.00    0.00    0.00  100.00
07:29:16 AM    6    0.00    0.00    0.00    0.00    0.00    0.00    0.00    0.00    0.00  100.00
07:29:16 AM    7    0.00    0.00    0.00    0.00    0.00    0.00    0.00    0.00    0.00  100.00

07:29:16 AM  CPU    %usr   %nice    %sys %iowait    %irq   %soft  %steal  %guest  %gnice   %idle
07:29:17 AM  all    0.13    0.00   29.77    0.00    0.00    0.25    0.00    0.00    0.00   69.85
07:29:17 AM    0    0.00    0.00   70.41    0.00    0.00    0.00    0.00    0.00    0.00   29.59
07:29:17 AM    1    1.00    0.00   68.00    0.00    0.00    1.00    0.00    0.00    0.00   30.00
07:29:17 AM    2    0.00    0.00  100.00    0.00    0.00    0.00    0.00    0.00    0.00    0.00
07:29:17 AM    3    0.00    0.00    0.00    0.00    0.00    1.01    0.00    0.00    0.00   98.99
07:29:17 AM    4    0.00    0.00    0.00    0.00    0.00    0.00    0.00    0.00    0.00  100.00
07:29:17 AM    5    0.00    0.00    0.00    0.00    0.00    0.00    0.00    0.00    0.00  100.00
07:29:17 AM    6    0.00    0.00    0.00    0.00    0.00    0.00    0.00    0.00    0.00  100.00
07:29:17 AM    7    0.00    0.00    0.00    0.00    0.00    0.00    0.00    0.00    0.00  100.00

07:29:17 AM  CPU    %usr   %nice    %sys %iowait    %irq   %soft  %steal  %guest  %gnice   %idle
07:29:18 AM  all    0.38    0.00   30.04    0.00    0.13    0.38    0.00    0.00    0.00   69.09
07:29:18 AM    0    2.00    0.00   71.00    0.00    1.00    0.00    0.00    0.00    0.00   26.00
07:29:18 AM    1    1.02    0.00   70.41    0.00    0.00    0.00    0.00    0.00    0.00   28.57
07:29:18 AM    2    0.00    0.00  100.00    0.00    0.00    0.00    0.00    0.00    0.00    0.00
07:29:18 AM    3    0.00    0.00    0.00    0.00    0.00    2.00    0.00    0.00    0.00   98.00
07:29:18 AM    4    0.00    0.00    0.00    0.00    0.00    0.99    0.00    0.00    0.00   99.01
07:29:18 AM    5    0.00    0.00    0.00    0.00    0.00    0.00    0.00    0.00    0.00  100.00
07:29:18 AM    6    0.00    0.00    0.00    0.00    0.00    0.00    0.00    0.00    0.00  100.00
07:29:18 AM    7    0.00    0.00    0.00    0.00    0.00    0.00    0.00    0.00    0.00  100.00

07:29:18 AM  CPU    %usr   %nice    %sys %iowait    %irq   %soft  %steal  %guest  %gnice   %idle
07:29:19 AM  all    0.25    0.00   29.88    0.00    0.25    0.25    0.00    0.00    0.00   69.38
07:29:19 AM    0    1.00    0.00   70.00    0.00    0.00    0.00    0.00    0.00    0.00   29.00
07:29:19 AM    1    1.00    0.00   69.00    0.00    1.00    0.00    0.00    0.00    0.00   29.00
07:29:19 AM    2    0.00    0.00  100.00    0.00    0.00    0.00    0.00    0.00    0.00    0.00
07:29:19 AM    3    0.00    0.00    0.00    0.00    0.00    2.00    0.00    0.00    0.00   98.00
07:29:19 AM    4    0.00    0.00    0.00    0.00    1.00    0.00    0.00    0.00    0.00   99.00
07:29:19 AM    5    0.00    0.00    0.00    0.00    0.00    0.00    0.00    0.00    0.00  100.00
07:29:19 AM    6    0.00    0.00    0.00    0.00    0.00    0.00    0.00    0.00    0.00  100.00
07:29:19 AM    7    0.00    0.00    0.00    0.00    0.00    0.00    0.00    0.00    0.00  100.00

07:29:19 AM  CPU    %usr   %nice    %sys %iowait    %irq   %soft  %steal  %guest  %gnice   %idle
07:29:20 AM  all    0.25    0.00   28.81    0.00    0.00    0.25    0.00    0.00    0.00   70.69
07:29:20 AM    0    1.02    0.00   63.27    0.00    0.00    0.00    0.00    0.00    0.00   35.71
07:29:20 AM    1    1.02    0.00   68.37    0.00    0.00    0.00    0.00    0.00    0.00   30.61
07:29:20 AM    2    0.00    0.00  100.00    0.00    0.00    0.00    0.00    0.00    0.00    0.00
07:29:20 AM    3    0.00    0.00    0.00    0.00    0.00    2.02    0.00    0.00    0.00   97.98
07:29:20 AM    4    0.00    0.00    0.00    0.00    0.00    0.00    0.00    0.00    0.00  100.00
07:29:20 AM    5    0.00    0.00    0.00    0.00    0.00    0.00    0.00    0.00    0.00  100.00
07:29:20 AM    6    0.00    0.00    0.00    0.00    0.00    0.00    0.00    0.00    0.00  100.00
07:29:20 AM    7    0.00    0.00    0.00    0.00    0.00    0.00    0.00    0.00    0.00  100.00

07:29:20 AM  CPU    %usr   %nice    %sys %iowait    %irq   %soft  %steal  %guest  %gnice   %idle
07:29:21 AM  all    0.25    0.00   28.98    0.00    0.25    0.50    0.00    0.00    0.00   70.01
07:29:21 AM    0    1.02    0.00   67.35    0.00    1.02    1.02    0.00    0.00    0.00   29.59
07:29:21 AM    1    1.03    0.00   67.01    0.00    0.00    0.00    0.00    0.00    0.00   31.96
07:29:21 AM    2    0.00    0.00  100.00    0.00    0.00    0.00    0.00    0.00    0.00    0.00
07:29:21 AM    3    0.00    0.00    0.00    0.00    0.99    1.98    0.00    0.00    0.00   97.03
07:29:21 AM    4    0.00    0.00    0.00    0.00    0.00    0.99    0.00    0.00    0.00   99.01
07:29:21 AM    5    0.00    0.00    0.00    0.00    0.00    0.00    0.00    0.00    0.00  100.00
07:29:21 AM    6    0.00    0.00    0.00    0.00    0.00    0.00    0.00    0.00    0.00  100.00
07:29:21 AM    7    0.00    0.00    0.00    0.00    0.00    0.00    0.00    0.00    0.00  100.00

07:29:21 AM  CPU    %usr   %nice    %sys %iowait    %irq   %soft  %steal  %guest  %gnice   %idle
07:29:22 AM  all    0.38    0.00   28.66    0.00    0.25    0.25    0.00    0.00    0.00   70.46
07:29:22 AM    0    2.02    0.00   65.66    0.00    0.00    0.00    0.00    0.00    0.00   32.32
07:29:22 AM    1    1.00    0.00   64.00    0.00    1.00    0.00    0.00    0.00    0.00   34.00
07:29:22 AM    2    0.00    0.00   99.01    0.00    0.99    0.00    0.00    0.00    0.00    0.00
07:29:22 AM    3    0.00    0.00    0.00    0.00    0.00    2.00    0.00    0.00    0.00   98.00
07:29:22 AM    4    0.00    0.00    0.00    0.00    0.00    0.00    0.00    0.00    0.00  100.00
07:29:22 AM    5    0.00    0.00    0.00    0.00    0.00    0.00    0.00    0.00    0.00  100.00
07:29:22 AM    6    0.00    0.00    0.00    0.00    0.00    0.00    0.00    0.00    0.00  100.00
07:29:22 AM    7    0.00    0.00    0.00    0.00    0.00    0.00    0.00    0.00    0.00  100.00

07:29:22 AM  CPU    %usr   %nice    %sys %iowait    %irq   %soft  %steal  %guest  %gnice   %idle
07:29:23 AM  all    0.25    0.00   29.11    0.00    0.00    0.25    0.00    0.00    0.00   70.39
07:29:23 AM    0    1.01    0.00   67.68    0.00    0.00    0.00    0.00    0.00    0.00   31.31
07:29:23 AM    1    1.01    0.00   65.66    0.00    0.00    0.00    0.00    0.00    0.00   33.33
07:29:23 AM    2    0.00    0.00  100.00    0.00    0.00    0.00    0.00    0.00    0.00    0.00
07:29:23 AM    3    0.00    0.00    0.00    0.00    0.00    2.02    0.00    0.00    0.00   97.98
07:29:23 AM    4    0.00    0.00    0.00    0.00    0.00    0.00    0.00    0.00    0.00  100.00
07:29:23 AM    5    0.00    0.00    0.00    0.00    0.00    0.00    0.00    0.00    0.00  100.00
07:29:23 AM    6    0.00    0.00    0.00    0.00    0.00    0.00    0.00    0.00    0.00  100.00
07:29:23 AM    7    0.00    0.00    0.00    0.00    0.00    0.00    0.00    0.00    0.00  100.00

07:29:23 AM  CPU    %usr   %nice    %sys %iowait    %irq   %soft  %steal  %guest  %gnice   %idle
07:29:24 AM  all    0.38    0.00   29.40    0.00    0.13    0.25    0.00    0.00    0.00   69.85
07:29:24 AM    0    2.02    0.00   67.68    0.00    1.01    0.00    0.00    0.00    0.00   29.29
07:29:24 AM    1    1.02    0.00   68.37    0.00    0.00    0.00    0.00    0.00    0.00   30.61
07:29:24 AM    2    0.00    0.00  100.00    0.00    0.00    0.00    0.00    0.00    0.00    0.00
07:29:24 AM    3    0.00    0.00    0.00    0.00    0.00    2.00    0.00    0.00    0.00   98.00
07:29:24 AM    4    0.00    0.00    0.00    0.00    0.00    0.00    0.00    0.00    0.00  100.00
07:29:24 AM    5    0.00    0.00    0.00    0.00    0.00    0.00    0.00    0.00    0.00  100.00
07:29:24 AM    6    0.00    0.00    0.00    0.00    0.00    0.00    0.00    0.00    0.00  100.00
07:29:24 AM    7    0.00    0.00    0.00    0.00    0.00    0.00    0.00    0.00    0.00  100.00

07:29:24 AM  CPU    %usr   %nice    %sys %iowait    %irq   %soft  %steal  %guest  %gnice   %idle
07:29:25 AM  all    0.38    0.00   29.36    0.00    0.00    0.38    0.00    0.00    0.00   69.89
07:29:25 AM    0    1.02    0.00   69.39    0.00    0.00    0.00    0.00    0.00    0.00   29.59
07:29:25 AM    1    2.02    0.00   66.67    0.00    0.00    1.01    0.00    0.00    0.00   30.30
07:29:25 AM    2    0.00    0.00  100.00    0.00    0.00    0.00    0.00    0.00    0.00    0.00
07:29:25 AM    3    0.00    0.00    0.00    0.00    0.00    2.02    0.00    0.00    0.00   97.98
07:29:25 AM    4    0.00    0.00    0.00    0.00    0.00    0.00    0.00    0.00    0.00  100.00
07:29:25 AM    5    0.00    0.00    0.00    0.00    0.00    0.00    0.00    0.00    0.00  100.00
07:29:25 AM    6    0.00    0.00    0.00    0.00    0.00    0.00    0.00    0.00    0.00  100.00
07:29:25 AM    7    0.00    0.00    0.00    0.00    0.00    0.00    0.00    0.00    0.00  100.00

07:29:25 AM  CPU    %usr   %nice    %sys %iowait    %irq   %soft  %steal  %guest  %gnice   %idle
07:29:26 AM  all    0.12    0.00   28.59    0.00    0.25    0.37    0.00    0.00    0.00   70.66
07:29:26 AM    0    0.00    0.00   63.00    0.00    0.00    1.00    0.00    0.00    0.00   36.00
07:29:26 AM    1    1.00    0.00   66.00    0.00    1.00    0.00    0.00    0.00    0.00   32.00
07:29:26 AM    2    0.00    0.00  100.00    0.00    0.00    0.00    0.00    0.00    0.00    0.00
07:29:26 AM    3    0.00    0.00    0.00    0.00    1.00    1.00    0.00    0.00    0.00   98.00
07:29:26 AM    4    0.00    0.00    0.00    0.00    0.00    0.99    0.00    0.00    0.00   99.01
07:29:26 AM    5    0.00    0.00    0.00    0.00    0.00    0.00    0.00    0.00    0.00  100.00
07:29:26 AM    6    0.00    0.00    0.00    0.00    0.00    0.00    0.00    0.00    0.00  100.00
07:29:26 AM    7    0.00    0.00    0.00    0.00    0.00    0.00    0.00    0.00    0.00  100.00

07:29:26 AM  CPU    %usr   %nice    %sys %iowait    %irq   %soft  %steal  %guest  %gnice   %idle
07:29:27 AM  all    0.25    0.00   29.07    0.00    0.13    0.25    0.00    0.00    0.00   70.30
07:29:27 AM    0    1.01    0.00   61.62    0.00    1.01    0.00    0.00    0.00    0.00   36.36
07:29:27 AM    1    1.00    0.00   71.00    0.00    0.00    0.00    0.00    0.00    0.00   28.00
07:29:27 AM    2    0.00    0.00  100.00    0.00    0.00    0.00    0.00    0.00    0.00    0.00
07:29:27 AM    3    0.00    0.00    0.00    0.00    0.00    2.00    0.00    0.00    0.00   98.00
07:29:27 AM    4    0.00    0.00    0.00    0.00    0.00    0.00    0.00    0.00    0.00  100.00
07:29:27 AM    5    0.00    0.00    0.00    0.00    0.00    0.00    0.00    0.00    0.00  100.00
07:29:27 AM    6    0.00    0.00    0.00    0.00    0.00    0.00    0.00    0.00    0.00  100.00
07:29:27 AM    7    0.00    0.00    0.00    0.00    0.00    0.00    0.00    0.00    0.00  100.00

07:29:27 AM  CPU    %usr   %nice    %sys %iowait    %irq   %soft  %steal  %guest  %gnice   %idle
07:29:28 AM  all    0.38    0.00   30.33    0.00    0.00    0.25    0.00    0.00    0.00   69.05
07:29:28 AM    0    2.00    0.00   72.00    0.00    0.00    0.00    0.00    0.00    0.00   26.00
07:29:28 AM    1    1.01    0.00   70.71    0.00    0.00    0.00    0.00    0.00    0.00   28.28
07:29:28 AM    2    0.00    0.00  100.00    0.00    0.00    0.00    0.00    0.00    0.00    0.00
07:29:28 AM    3    0.00    0.00    0.00    0.00    0.00    2.02    0.00    0.00    0.00   97.98
07:29:28 AM    4    0.00    0.00    0.00    0.00    0.00    0.00    0.00    0.00    0.00  100.00
07:29:28 AM    5    0.00    0.00    0.00    0.00    0.00    0.00    0.00    0.00    0.00  100.00
07:29:28 AM    6    0.00    0.00    0.00    0.00    0.00    0.00    0.00    0.00    0.00  100.00
07:29:28 AM    7    0.00    0.00    0.00    0.00    0.00    0.00    0.00    0.00    0.00  100.00

07:29:28 AM  CPU    %usr   %nice    %sys %iowait    %irq   %soft  %steal  %guest  %gnice   %idle
07:29:29 AM  all    0.38    0.00   29.32    0.00    0.13    0.25    0.00    0.00    0.00   69.92
07:29:29 AM    0    1.01    0.00   69.70    0.00    0.00    0.00    0.00    0.00    0.00   29.29
07:29:29 AM    1    2.02    0.00   65.66    0.00    1.01    0.00    0.00    0.00    0.00   31.31
07:29:29 AM    2    0.00    0.00  100.00    0.00    0.00    0.00    0.00    0.00    0.00    0.00
07:29:29 AM    3    0.00    0.00    0.00    0.00    0.00    2.00    0.00    0.00    0.00   98.00
07:29:29 AM    4    0.00    0.00    0.00    0.00    0.00    0.00    0.00    0.00    0.00  100.00
07:29:29 AM    5    0.00    0.00    0.00    0.00    0.00    0.00    0.00    0.00    0.00  100.00
07:29:29 AM    6    0.00    0.00    0.00    0.00    0.00    0.00    0.00    0.00    0.00  100.00
07:29:29 AM    7    0.00    0.00    0.00    0.00    0.00    0.00    0.00    0.00    0.00  100.00

07:29:29 AM  CPU    %usr   %nice    %sys %iowait    %irq   %soft  %steal  %guest  %gnice   %idle
07:29:30 AM  all    0.25    0.00   28.50    0.00    0.25    0.38    0.00    0.00    0.00   70.62
07:29:30 AM    0    2.00    0.00   64.00    0.00    1.00    0.00    0.00    0.00    0.00   33.00
07:29:30 AM    1    0.00    0.00   65.31    0.00    0.00    0.00    0.00    0.00    0.00   34.69
07:29:30 AM    2    0.00    0.00  100.00    0.00    0.00    0.00    0.00    0.00    0.00    0.00
07:29:30 AM    3    0.00    0.00    0.00    0.00    0.99    1.98    0.00    0.00    0.00   97.03
07:29:30 AM    4    0.00    0.00    0.00    0.00    0.00    0.99    0.00    0.00    0.00   99.01
07:29:30 AM    5    0.00    0.00    0.00    0.00    0.00    0.00    0.00    0.00    0.00  100.00
07:29:30 AM    6    0.00    0.00    0.00    0.00    0.00    0.00    0.00    0.00    0.00  100.00
07:29:30 AM    7    0.00    0.00    0.00    0.00    0.00    0.00    0.00    0.00    0.00  100.00

07:29:30 AM  CPU    %usr   %nice    %sys %iowait    %irq   %soft  %steal  %guest  %gnice   %idle
07:29:31 AM  all    0.25    0.00   28.02    0.00    0.00    0.38    0.00    0.00    0.00   71.36
07:29:31 AM    0    1.02    0.00   63.27    0.00    0.00    1.02    0.00    0.00    0.00   34.69
07:29:31 AM    1    1.01    0.00   61.62    0.00    0.00    0.00    0.00    0.00    0.00   37.37
07:29:31 AM    2    0.00    0.00  100.00    0.00    0.00    0.00    0.00    0.00    0.00    0.00
07:29:31 AM    3    0.00    0.00    0.00    0.00    0.00    2.02    0.00    0.00    0.00   97.98
07:29:31 AM    4    0.00    0.00    0.00    0.00    0.00    0.00    0.00    0.00    0.00  100.00
07:29:31 AM    5    0.00    0.00    0.00    0.00    0.00    0.00    0.00    0.00    0.00  100.00
07:29:31 AM    6    0.00    0.00    0.00    0.00    0.00    0.00    0.00    0.00    0.00  100.00
07:29:31 AM    7    0.00    0.00    0.00    0.00    0.00    0.00    0.00    0.00    0.00  100.00

07:29:31 AM  CPU    %usr   %nice    %sys %iowait    %irq   %soft  %steal  %guest  %gnice   %idle
07:29:32 AM  all    0.38    0.00   28.36    0.00    0.13    0.25    0.00    0.00    0.00   70.89
07:29:32 AM    0    2.02    0.00   64.65    0.00    0.00    0.00    0.00    0.00    0.00   33.33
07:29:32 AM    1    1.02    0.00   63.27    0.00    0.00    0.00    0.00    0.00    0.00   35.71
07:29:32 AM    2    0.00    0.00  100.00    0.00    0.00    0.00    0.00    0.00    0.00    0.00
07:29:32 AM    3    0.00    0.00    0.00    0.00    0.00    2.00    0.00    0.00    0.00   98.00
07:29:32 AM    4    0.00    0.00    0.00    0.00    1.00    0.00    0.00    0.00    0.00   99.00
07:29:32 AM    5    0.00    0.00    0.00    0.00    0.00    0.00    0.00    0.00    0.00  100.00
07:29:32 AM    6    0.00    0.00    0.00    0.00    0.00    0.00    0.00    0.00    0.00  100.00
07:29:32 AM    7    0.00    0.00    0.00    0.00    0.00    0.00    0.00    0.00    0.00  100.00

07:29:32 AM  CPU    %usr   %nice    %sys %iowait    %irq   %soft  %steal  %guest  %gnice   %idle
07:29:33 AM  all    0.50    0.00   29.45    0.00    0.25    0.38    0.00    0.00    0.00   69.42
07:29:33 AM    0    2.04    0.00   66.33    0.00    1.02    0.00    0.00    0.00    0.00   30.61
07:29:33 AM    1    2.00    0.00   70.00    0.00    1.00    1.00    0.00    0.00    0.00   26.00
07:29:33 AM    2    0.00    0.00  100.00    0.00    0.00    0.00    0.00    0.00    0.00    0.00
07:29:33 AM    3    0.00    0.00    0.00    0.00    0.00    2.00    0.00    0.00    0.00   98.00
07:29:33 AM    4    0.00    0.00    0.00    0.00    0.00    0.00    0.00    0.00    0.00  100.00
07:29:33 AM    5    0.00    0.00    0.00    0.00    0.00    0.00    0.00    0.00    0.00  100.00
07:29:33 AM    6    0.00    0.00    0.00    0.00    0.00    0.00    0.00    0.00    0.00  100.00
07:29:33 AM    7    0.00    0.00    0.00    0.00    0.00    0.00    0.00    0.00    0.00  100.00

07:29:33 AM  CPU    %usr   %nice    %sys %iowait    %irq   %soft  %steal  %guest  %gnice   %idle
07:29:34 AM  all    0.38    0.00   29.11    0.00    0.00    0.38    0.00    0.00    0.00   70.14
07:29:34 AM    0    2.00    0.00   70.00    0.00    0.00    0.00    0.00    0.00    0.00   28.00
07:29:34 AM    1    1.02    0.00   63.27    0.00    0.00    0.00    0.00    0.00    0.00   35.71
07:29:34 AM    2    0.00    0.00  100.00    0.00    0.00    0.00    0.00    0.00    0.00    0.00
07:29:34 AM    3    0.00    0.00    0.00    0.00    0.00    2.02    0.00    0.00    0.00   97.98
07:29:34 AM    4    0.00    0.00    0.00    0.00    0.00    1.00    0.00    0.00    0.00   99.00
07:29:34 AM    5    0.00    0.00    0.00    0.00    0.00    0.00    0.00    0.00    0.00  100.00
07:29:34 AM    6    0.00    0.00    0.00    0.00    0.00    0.00    0.00    0.00    0.00  100.00
07:29:34 AM    7    0.00    0.00    0.00    0.00    0.00    0.00    0.00    0.00    0.00  100.00

07:29:34 AM  CPU    %usr   %nice    %sys %iowait    %irq   %soft  %steal  %guest  %gnice   %idle
07:29:35 AM  all    0.25    0.00   28.73    0.00    0.13    0.25    0.00    0.00    0.00   70.64
07:29:35 AM    0    1.01    0.00   67.68    0.00    0.00    0.00    0.00    0.00    0.00   31.31
07:29:35 AM    1    1.03    0.00   63.92    0.00    0.00    0.00    0.00    0.00    0.00   35.05
07:29:35 AM    2    0.00    0.00  100.00    0.00    0.00    0.00    0.00    0.00    0.00    0.00
07:29:35 AM    3    0.00    0.00    0.00    0.00    0.99    1.98    0.00    0.00    0.00   97.03
07:29:35 AM    4    0.00    0.00    0.00    0.00    0.00    0.00    0.00    0.00    0.00  100.00
07:29:35 AM    5    0.00    0.00    0.00    0.00    0.00    0.00    0.00    0.00    0.00  100.00
07:29:35 AM    6    0.00    0.00    0.00    0.00    0.00    0.00    0.00    0.00    0.00  100.00
07:29:35 AM    7    0.00    0.00    0.00    0.00    0.00    0.00    0.00    0.00    0.00  100.00

07:29:35 AM  CPU    %usr   %nice    %sys %iowait    %irq   %soft  %steal  %guest  %gnice   %idle
07:29:36 AM  all    0.38    0.00   29.04    0.00    0.13    0.25    0.00    0.00    0.00   70.21
07:29:36 AM    0    2.00    0.00   66.00    0.00    0.00    1.00    0.00    0.00    0.00   31.00
07:29:36 AM    1    1.00    0.00   66.00    0.00    1.00    0.00    0.00    0.00    0.00   32.00
07:29:36 AM    2    0.00    0.00  100.00    0.00    0.00    0.00    0.00    0.00    0.00    0.00
07:29:36 AM    3    0.00    0.00    0.00    0.00    0.00    1.01    0.00    0.00    0.00   98.99
07:29:36 AM    4    0.00    0.00    0.00    0.00    0.00    0.00    0.00    0.00    0.00  100.00
07:29:36 AM    5    0.00    0.00    0.00    0.00    0.00    0.00    0.00    0.00    0.00  100.00
07:29:36 AM    6    0.00    0.00    0.00    0.00    0.00    0.00    0.00    0.00    0.00  100.00
07:29:36 AM    7    0.00    0.00    0.00    0.00    0.00    0.00    0.00    0.00    0.00  100.00

07:29:36 AM  CPU    %usr   %nice    %sys %iowait    %irq   %soft  %steal  %guest  %gnice   %idle
07:29:37 AM  all    0.00    0.00   29.60    0.00    0.13    0.25    0.00    0.00    0.00   70.03
07:29:37 AM    0    0.00    0.00   72.16    0.00    1.03    0.00    0.00    0.00    0.00   26.80
07:29:37 AM    1    0.00    0.00   65.66    0.00    0.00    0.00    0.00    0.00    0.00   34.34
07:29:37 AM    2    0.00    0.00  100.00    0.00    0.00    0.00    0.00    0.00    0.00    0.00
07:29:37 AM    3    0.00    0.00    0.00    0.00    0.00    2.02    0.00    0.00    0.00   97.98
07:29:37 AM    4    0.00    0.00    0.00    0.00    0.00    0.00    0.00    0.00    0.00  100.00
07:29:37 AM    5    0.00    0.00    0.00    0.00    0.00    0.00    0.00    0.00    0.00  100.00
07:29:37 AM    6    0.00    0.00    0.00    0.00    0.00    0.00    0.00    0.00    0.00  100.00
07:29:37 AM    7    0.00    0.00    0.00    0.00    0.00    0.00    0.00    0.00    0.00  100.00

07:29:37 AM  CPU    %usr   %nice    %sys %iowait    %irq   %soft  %steal  %guest  %gnice   %idle
07:29:38 AM  all    0.50    0.00   29.34    0.00    0.00    0.37    0.00    0.00    0.00   69.79
07:29:38 AM    0    1.98    0.00   67.33    0.00    0.00    0.00    0.00    0.00    0.00   30.69
07:29:38 AM    1    2.02    0.00   67.68    0.00    0.00    0.00    0.00    0.00    0.00   30.30
07:29:38 AM    2    0.00    0.00  100.00    0.00    0.00    0.00    0.00    0.00    0.00    0.00
07:29:38 AM    3    0.00    0.00    0.00    0.00    0.00    2.00    0.00    0.00    0.00   98.00
07:29:38 AM    4    0.00    0.00    0.00    0.00    0.00    0.99    0.00    0.00    0.00   99.01
07:29:38 AM    5    0.00    0.00    0.00    0.00    0.00    0.00    0.00    0.00    0.00  100.00
07:29:38 AM    6    0.00    0.00    0.00    0.00    0.00    0.00    0.00    0.00    0.00  100.00
07:29:38 AM    7    0.00    0.00    0.00    0.00    0.00    0.00    0.00    0.00    0.00  100.00

07:29:38 AM  CPU    %usr   %nice    %sys %iowait    %irq   %soft  %steal  %guest  %gnice   %idle
07:29:39 AM  all    0.13    0.00   30.90    0.00    0.00    0.25    0.00    0.00    0.00   68.73
07:29:39 AM    0    0.00    0.00   71.88    0.00    0.00    0.00    0.00    0.00    0.00   28.12
07:29:39 AM    1    1.02    0.00   77.55    0.00    0.00    0.00    0.00    0.00    0.00   21.43
07:29:39 AM    2    0.00    0.00  100.00    0.00    0.00    0.00    0.00    0.00    0.00    0.00
07:29:39 AM    3    0.00    0.00    0.00    0.00    0.00    2.00    0.00    0.00    0.00   98.00
07:29:39 AM    4    0.00    0.00    0.00    0.00    0.00    0.00    0.00    0.00    0.00  100.00
07:29:39 AM    5    0.00    0.00    0.00    0.00    0.00    0.00    0.00    0.00    0.00  100.00
07:29:39 AM    6    0.00    0.00    0.00    0.00    0.00    0.00    0.00    0.00    0.00  100.00
07:29:39 AM    7    0.00    0.00    0.00    0.00    0.00    0.00    0.00    0.00    0.00  100.00

07:29:39 AM  CPU    %usr   %nice    %sys %iowait    %irq   %soft  %steal  %guest  %gnice   %idle
07:29:40 AM  all    0.50    0.00   31.30    0.00    0.37    0.37    0.00    0.00    0.00   67.46
07:29:40 AM    0    2.04    0.00   75.51    0.00    1.02    0.00    0.00    0.00    0.00   21.43
07:29:40 AM    1    1.94    0.00   74.76    0.00    0.97    0.00    0.00    0.00    0.00   22.33
07:29:40 AM    2    0.00    0.00  100.00    0.00    0.00    0.00    0.00    0.00    0.00    0.00
07:29:40 AM    3    0.00    0.00    0.00    0.00    1.00    2.00    0.00    0.00    0.00   97.00
07:29:40 AM    4    0.00    0.00    0.00    0.00    0.00    0.00    0.00    0.00    0.00  100.00
07:29:40 AM    5    0.00    0.00    0.00    0.00    0.00    0.99    0.00    0.00    0.00   99.01
07:29:40 AM    6    0.00    0.00    0.00    0.00    0.00    0.00    0.00    0.00    0.00  100.00
07:29:40 AM    7    0.00    0.00    0.00    0.00    0.00    0.00    0.00    0.00    0.00  100.00

07:29:40 AM  CPU    %usr   %nice    %sys %iowait    %irq   %soft  %steal  %guest  %gnice   %idle
07:29:41 AM  all    0.25    0.00   29.99    0.00    0.00    0.63    0.00    0.00    0.00   69.13
07:29:41 AM    0    1.00    0.00   71.00    0.00    0.00    1.00    0.00    0.00    0.00   27.00
07:29:41 AM    1    1.03    0.00   70.10    0.00    0.00    1.03    0.00    0.00    0.00   27.84
07:29:41 AM    2    0.00    0.00  100.00    0.00    0.00    0.00    0.00    0.00    0.00    0.00
07:29:41 AM    3    0.00    0.00    0.00    0.00    0.00    2.00    0.00    0.00    0.00   98.00
07:29:41 AM    4    0.00    0.00    0.00    0.00    0.00    1.00    0.00    0.00    0.00   99.00
07:29:41 AM    5    0.00    0.00    0.00    0.00    0.00    0.00    0.00    0.00    0.00  100.00
07:29:41 AM    6    0.00    0.00    0.00    0.00    0.00    0.00    0.00    0.00    0.00  100.00
07:29:41 AM    7    0.00    0.00    0.00    0.00    0.00    0.00    0.00    0.00    0.00  100.00

07:29:41 AM  CPU    %usr   %nice    %sys %iowait    %irq   %soft  %steal  %guest  %gnice   %idle
07:29:42 AM  all    0.25    0.00   29.90    0.00    0.00    0.25    0.00    0.00    0.00   69.60
07:29:42 AM    0    1.03    0.00   71.13    0.00    0.00    0.00    0.00    0.00    0.00   27.84
07:29:42 AM    1    1.01    0.00   69.70    0.00    0.00    0.00    0.00    0.00    0.00   29.29
07:29:42 AM    2    0.00    0.00  100.00    0.00    0.00    0.00    0.00    0.00    0.00    0.00
07:29:42 AM    3    0.00    0.00    0.00    0.00    0.00    2.00    0.00    0.00    0.00   98.00
07:29:42 AM    4    0.00    0.00    0.00    0.00    0.00    0.00    0.00    0.00    0.00  100.00
07:29:42 AM    5    0.00    0.00    0.00    0.00    0.00    0.00    0.00    0.00    0.00  100.00
07:29:42 AM    6    0.00    0.00    0.00    0.00    0.00    0.00    0.00    0.00    0.00  100.00
07:29:42 AM    7    0.00    0.00    0.00    0.00    0.00    0.00    0.00    0.00    0.00  100.00

07:29:42 AM  CPU    %usr   %nice    %sys %iowait    %irq   %soft  %steal  %guest  %gnice   %idle
07:29:43 AM  all    0.38    0.00   29.32    0.00    0.25    0.25    0.00    0.00    0.00   69.80
07:29:43 AM    0    2.00    0.00   68.00    0.00    1.00    0.00    0.00    0.00    0.00   29.00
07:29:43 AM    1    1.01    0.00   66.67    0.00    1.01    0.00    0.00    0.00    0.00   31.31
07:29:43 AM    2    0.00    0.00  100.00    0.00    0.00    0.00    0.00    0.00    0.00    0.00
07:29:43 AM    3    0.00    0.00    0.00    0.00    0.00    2.02    0.00    0.00    0.00   97.98
07:29:43 AM    4    0.00    0.00    0.00    0.00    0.00    0.00    0.00    0.00    0.00  100.00
07:29:43 AM    5    0.00    0.00    0.00    0.00    0.00    0.00    0.00    0.00    0.00  100.00
07:29:43 AM    6    0.00    0.00    0.00    0.00    0.00    0.00    0.00    0.00    0.00  100.00
07:29:43 AM    7    0.00    0.00    0.00    0.00    0.00    0.00    0.00    0.00    0.00  100.00

07:29:43 AM  CPU    %usr   %nice    %sys %iowait    %irq   %soft  %steal  %guest  %gnice   %idle
07:29:44 AM  all    0.50    0.00   30.08    0.00    0.25    0.25    0.00    0.00    0.00   68.92
07:29:44 AM    0    2.00    0.00   70.00    0.00    0.00    0.00    0.00    0.00    0.00   28.00
07:29:44 AM    1    2.06    0.00   72.16    0.00    0.00    0.00    0.00    0.00    0.00   25.77
07:29:44 AM    2    0.00    0.00  100.00    0.00    0.00    0.00    0.00    0.00    0.00    0.00
07:29:44 AM    3    0.00    0.00    0.00    0.00    0.99    1.98    0.00    0.00    0.00   97.03
07:29:44 AM    4    0.00    0.00    0.00    0.00    1.00    0.00    0.00    0.00    0.00   99.00
07:29:44 AM    5    0.00    0.00    0.00    0.00    0.00    0.00    0.00    0.00    0.00  100.00
07:29:44 AM    6    0.00    0.00    0.00    0.00    0.00    0.00    0.00    0.00    0.00  100.00
07:29:44 AM    7    0.00    0.00    0.00    0.00    0.00    0.00    0.00    0.00    0.00  100.00

07:29:44 AM  CPU    %usr   %nice    %sys %iowait    %irq   %soft  %steal  %guest  %gnice   %idle
07:29:45 AM  all    0.25    0.00   28.61    0.00    0.00    0.38    0.00    0.00    0.00   70.77
07:29:45 AM    0    1.02    0.00   64.29    0.00    0.00    0.00    0.00    0.00    0.00   34.69
07:29:45 AM    1    1.01    0.00   65.66    0.00    0.00    0.00    0.00    0.00    0.00   33.33
07:29:45 AM    2    0.00    0.00  100.00    0.00    0.00    0.00    0.00    0.00    0.00    0.00
07:29:45 AM    3    0.00    0.00    0.00    0.00    0.00    2.02    0.00    0.00    0.00   97.98
07:29:45 AM    4    0.00    0.00    0.00    0.00    0.00    0.99    0.00    0.00    0.00   99.01
07:29:45 AM    5    0.00    0.00    0.00    0.00    0.00    0.00    0.00    0.00    0.00  100.00
07:29:45 AM    6    0.00    0.00    0.00    0.00    0.00    0.00    0.00    0.00    0.00  100.00
07:29:45 AM    7    0.00    0.00    0.00    0.00    0.00    0.00    0.00    0.00    0.00  100.00

07:29:45 AM  CPU    %usr   %nice    %sys %iowait    %irq   %soft  %steal  %guest  %gnice   %idle
07:29:46 AM  all    0.25    0.00   28.93    0.00    0.13    0.38    0.00    0.00    0.00   70.31
07:29:46 AM    0    1.00    0.00   69.00    0.00    1.00    1.00    0.00    0.00    0.00   28.00
07:29:46 AM    1    1.04    0.00   63.54    0.00    0.00    0.00    0.00    0.00    0.00   35.42
07:29:46 AM    2    0.00    0.00  100.00    0.00    0.00    0.00    0.00    0.00    0.00    0.00
07:29:46 AM    3    0.00    0.00    0.00    0.00    0.00    2.00    0.00    0.00    0.00   98.00
07:29:46 AM    4    0.00    0.00    0.00    0.00    0.00    0.00    0.00    0.00    0.00  100.00
07:29:46 AM    5    0.00    0.00    0.00    0.00    0.00    0.00    0.00    0.00    0.00  100.00
07:29:46 AM    6    0.00    0.00    0.00    0.00    0.00    0.00    0.00    0.00    0.00  100.00
07:29:46 AM    7    0.00    0.00    0.00    0.00    0.00    0.00    0.00    0.00    0.00  100.00

07:29:46 AM  CPU    %usr   %nice    %sys %iowait    %irq   %soft  %steal  %guest  %gnice   %idle
07:29:47 AM  all    0.25    0.00   30.11    0.00    0.13    0.25    0.00    0.00    0.00   69.26
07:29:47 AM    0    1.02    0.00   69.39    0.00    0.00    0.00    0.00    0.00    0.00   29.59
07:29:47 AM    1    1.01    0.00   72.73    0.00    1.01    0.00    0.00    0.00    0.00   25.25
07:29:47 AM    2    0.00    0.00  100.00    0.00    0.00    0.00    0.00    0.00    0.00    0.00
07:29:47 AM    3    0.00    0.00    0.00    0.00    0.00    2.00    0.00    0.00    0.00   98.00
07:29:47 AM    4    0.00    0.00    0.00    0.00    0.00    0.00    0.00    0.00    0.00  100.00
07:29:47 AM    5    0.00    0.00    0.00    0.00    0.00    0.00    0.00    0.00    0.00  100.00
07:29:47 AM    6    0.00    0.00    0.00    0.00    0.00    0.00    0.00    0.00    0.00  100.00
07:29:47 AM    7    0.00    0.00    0.00    0.00    0.00    0.00    0.00    0.00    0.00  100.00

07:29:47 AM  CPU    %usr   %nice    %sys %iowait    %irq   %soft  %steal  %guest  %gnice   %idle
07:29:48 AM  all    0.25    0.00   29.52    0.00    0.13    0.13    0.00    0.00    0.00   69.97
07:29:48 AM    0    1.01    0.00   69.70    0.00    0.00    0.00    0.00    0.00    0.00   29.29
07:29:48 AM    1    1.01    0.00   66.67    0.00    0.00    0.00    0.00    0.00    0.00   32.32
07:29:48 AM    2    0.00    0.00  100.00    0.00    0.00    0.00    0.00    0.00    0.00    0.00
07:29:48 AM    3    0.00    0.00    0.00    0.00    1.01    1.01    0.00    0.00    0.00   97.98
07:29:48 AM    4    0.00    0.00    0.00    0.00    0.00    0.00    0.00    0.00    0.00  100.00
07:29:48 AM    5    0.00    0.00    0.00    0.00    0.00    0.00    0.00    0.00    0.00  100.00
07:29:48 AM    6    0.00    0.00    0.00    0.00    0.00    0.00    0.00    0.00    0.00  100.00
07:29:48 AM    7    0.00    0.00    0.00    0.00    0.00    0.00    0.00    0.00    0.00  100.00

07:29:48 AM  CPU    %usr   %nice    %sys %iowait    %irq   %soft  %steal  %guest  %gnice   %idle
07:29:49 AM  all    0.38    0.00   28.88    0.00    0.12    0.38    0.00    0.00    0.00   70.25
07:29:49 AM    0    1.02    0.00   66.33    0.00    1.02    0.00    0.00    0.00    0.00   31.63
07:29:49 AM    1    1.96    0.00   64.71    0.00    0.00    0.98    0.00    0.00    0.00   32.35
07:29:49 AM    2    0.00    0.00  100.00    0.00    0.00    0.00    0.00    0.00    0.00    0.00
07:29:49 AM    3    0.00    0.00    0.00    0.00    0.00    2.00    0.00    0.00    0.00   98.00
07:29:49 AM    4    0.00    0.00    0.00    0.00    0.00    0.00    0.00    0.00    0.00  100.00
07:29:49 AM    5    0.00    0.00    0.00    0.00    0.00    0.00    0.00    0.00    0.00  100.00
07:29:49 AM    6    0.00    0.00    0.00    0.00    0.00    0.00    0.00    0.00    0.00  100.00
07:29:49 AM    7    0.00    0.00    0.00    0.00    0.00    0.00    0.00    0.00    0.00  100.00

07:29:49 AM  CPU    %usr   %nice    %sys %iowait    %irq   %soft  %steal  %guest  %gnice   %idle
07:29:50 AM  all    0.13    0.00   30.90    0.00    0.13    0.38    0.00    0.00    0.00   68.47
07:29:50 AM    0    1.01    0.00   73.74    0.00    0.00    0.00    0.00    0.00    0.00   25.25
07:29:50 AM    1    0.00    0.00   76.04    0.00    1.04    0.00    0.00    0.00    0.00   22.92
07:29:50 AM    2    0.00    0.00  100.00    0.00    0.00    0.00    0.00    0.00    0.00    0.00
07:29:50 AM    3    0.00    0.00    0.00    0.00    0.00    2.00    0.00    0.00    0.00   98.00
07:29:50 AM    4    0.00    0.00    0.00    0.00    0.00    0.99    0.00    0.00    0.00   99.01
07:29:50 AM    5    0.00    0.00    0.00    0.00    0.00    0.00    0.00    0.00    0.00  100.00
07:29:50 AM    6    0.00    0.00    0.00    0.00    0.00    0.00    0.00    0.00    0.00  100.00
07:29:50 AM    7    0.00    0.00    0.00    0.00    0.00    0.00    0.00    0.00    0.00  100.00

07:29:50 AM  CPU    %usr   %nice    %sys %iowait    %irq   %soft  %steal  %guest  %gnice   %idle
07:29:51 AM  all    0.38    0.00   29.26    0.00    0.00    0.38    0.00    0.00    0.00   69.99
07:29:51 AM    0    1.03    0.00   67.01    0.00    0.00    1.03    0.00    0.00    0.00   30.93
07:29:51 AM    1    2.04    0.00   68.37    0.00    0.00    0.00    0.00    0.00    0.00   29.59
07:29:51 AM    2    0.00    0.00  100.00    0.00    0.00    0.00    0.00    0.00    0.00    0.00
07:29:51 AM    3    0.00    0.00    0.00    0.00    0.00    2.02    0.00    0.00    0.00   97.98
07:29:51 AM    4    0.00    0.00    0.00    0.00    0.00    0.00    0.00    0.00    0.00  100.00
07:29:51 AM    5    0.00    0.00    0.00    0.00    0.00    0.00    0.00    0.00    0.00  100.00
07:29:51 AM    6    0.00    0.00    0.00    0.00    0.00    0.00    0.00    0.00    0.00  100.00
07:29:51 AM    7    0.00    0.00    0.00    0.00    0.00    0.00    0.00    0.00    0.00  100.00

07:29:51 AM  CPU    %usr   %nice    %sys %iowait    %irq   %soft  %steal  %guest  %gnice   %idle
07:29:52 AM  all    0.25    0.00   28.82    0.00    0.13    0.25    0.00    0.00    0.00   70.55
07:29:52 AM    0    0.99    0.00   66.34    0.00    0.99    0.00    0.00    0.00    0.00   31.68
07:29:52 AM    1    1.03    0.00   64.95    0.00    0.00    0.00    0.00    0.00    0.00   34.02
07:29:52 AM    2    0.00    0.00  100.00    0.00    0.00    0.00    0.00    0.00    0.00    0.00
07:29:52 AM    3    0.00    0.00    0.00    0.00    0.00    2.00    0.00    0.00    0.00   98.00
07:29:52 AM    4    0.00    0.00    0.00    0.00    0.00    0.00    0.00    0.00    0.00  100.00
07:29:52 AM    5    0.00    0.00    0.00    0.00    0.00    0.00    0.00    0.00    0.00  100.00
07:29:52 AM    6    0.00    0.00    0.00    0.00    0.00    0.00    0.00    0.00    0.00  100.00
07:29:52 AM    7    0.00    0.00    0.00    0.00    0.00    0.00    0.00    0.00    0.00  100.00

07:29:52 AM  CPU    %usr   %nice    %sys %iowait    %irq   %soft  %steal  %guest  %gnice   %idle
07:29:53 AM  all    0.25    0.00   28.48    0.00    0.13    0.38    0.00    0.00    0.00   70.77
07:29:53 AM    0    2.08    0.00   65.62    0.00    0.00    0.00    0.00    0.00    0.00   32.29
07:29:53 AM    1    0.00    0.00   64.00    0.00    0.00    0.00    0.00    0.00    0.00   36.00
07:29:53 AM    2    0.00    0.00  100.00    0.00    0.00    0.00    0.00    0.00    0.00    0.00
07:29:53 AM    3    0.00    0.00    0.00    0.00    0.99    1.98    0.00    0.00    0.00   97.03
07:29:53 AM    4    0.00    0.00    0.00    0.00    0.00    1.00    0.00    0.00    0.00   99.00
07:29:53 AM    5    0.00    0.00    0.00    0.00    0.00    0.00    0.00    0.00    0.00  100.00
07:29:53 AM    6    0.00    0.00    0.00    0.00    0.00    0.00    0.00    0.00    0.00  100.00
07:29:53 AM    7    0.00    0.00    0.00    0.00    0.00    0.00    0.00    0.00    0.00  100.00

07:29:53 AM  CPU    %usr   %nice    %sys %iowait    %irq   %soft  %steal  %guest  %gnice   %idle
07:29:54 AM  all    0.50    0.00   28.82    0.00    0.13    0.25    0.00    0.00    0.00   70.30
07:29:54 AM    0    2.00    0.00   66.00    0.00    0.00    0.00    0.00    0.00    0.00   32.00
07:29:54 AM    1    2.02    0.00   64.65    0.00    1.01    0.00    0.00    0.00    0.00   32.32
07:29:54 AM    2    0.00    0.00  100.00    0.00    0.00    0.00    0.00    0.00    0.00    0.00
07:29:54 AM    3    0.00    0.00    0.00    0.00    0.00    2.02    0.00    0.00    0.00   97.98
07:29:54 AM    4    0.00    0.00    0.00    0.00    0.00    0.00    0.00    0.00    0.00  100.00
07:29:54 AM    5    0.00    0.00    0.00    0.00    0.00    0.00    0.00    0.00    0.00  100.00
07:29:54 AM    6    0.00    0.00    0.00    0.00    0.00    0.00    0.00    0.00    0.00  100.00
07:29:54 AM    7    0.00    0.00    0.00    0.00    0.00    0.00    0.00    0.00    0.00  100.00

07:29:54 AM  CPU    %usr   %nice    %sys %iowait    %irq   %soft  %steal  %guest  %gnice   %idle
07:29:55 AM  all    0.25    0.00   28.89    0.00    0.13    0.25    0.00    0.00    0.00   70.48
07:29:55 AM    0    1.00    0.00   66.00    0.00    1.00    0.00    0.00    0.00    0.00   32.00
07:29:55 AM    1    1.04    0.00   66.67    0.00    0.00    0.00    0.00    0.00    0.00   32.29
07:29:55 AM    2    0.00    0.00  100.00    0.00    0.00    0.00    0.00    0.00    0.00    0.00
07:29:55 AM    3    0.00    0.00    0.00    0.00    0.00    2.00    0.00    0.00    0.00   98.00
07:29:55 AM    4    0.00    0.00    0.00    0.00    0.00    0.00    0.00    0.00    0.00  100.00
07:29:55 AM    5    0.00    0.00    0.00    0.00    0.00    0.00    0.00    0.00    0.00  100.00
07:29:55 AM    6    0.00    0.00    0.00    0.00    0.00    0.00    0.00    0.00    0.00  100.00
07:29:55 AM    7    0.00    0.00    0.00    0.00    0.00    0.00    0.00    0.00    0.00  100.00

07:29:55 AM  CPU    %usr   %nice    %sys %iowait    %irq   %soft  %steal  %guest  %gnice   %idle
07:29:56 AM  all    0.25    0.00   28.27    0.00    0.00    0.38    0.00    0.00    0.00   71.11
07:29:56 AM    0    1.02    0.00   62.24    0.00    0.00    1.02    0.00    0.00    0.00   35.71
07:29:56 AM    1    1.01    0.00   64.65    0.00    0.00    0.00    0.00    0.00    0.00   34.34
07:29:56 AM    2    0.00    0.00  100.00    0.00    0.00    0.00    0.00    0.00    0.00    0.00
07:29:56 AM    3    0.00    0.00    0.00    0.00    0.00    2.00    0.00    0.00    0.00   98.00
07:29:56 AM    4    0.00    0.00    0.00    0.00    0.00    0.00    0.00    0.00    0.00  100.00
07:29:56 AM    5    0.00    0.00    0.00    0.00    0.00    0.00    0.00    0.00    0.00  100.00
07:29:56 AM    6    0.00    0.00    0.00    0.00    0.00    0.00    0.00    0.00    0.00  100.00
07:29:56 AM    7    0.00    0.00    0.00    0.00    0.00    0.00    0.00    0.00    0.00  100.00

07:29:56 AM  CPU    %usr   %nice    %sys %iowait    %irq   %soft  %steal  %guest  %gnice   %idle
07:29:57 AM  all    0.25    0.00   28.16    0.00    0.25    0.13    0.00    0.00    0.00   71.21
07:29:57 AM    0    1.01    0.00   67.68    0.00    0.00    0.00    0.00    0.00    0.00   31.31
07:29:57 AM    1    1.00    0.00   58.00    0.00    1.00    0.00    0.00    0.00    0.00   40.00
07:29:57 AM    2    0.00    0.00  100.00    0.00    0.00    0.00    0.00    0.00    0.00    0.00
07:29:57 AM    3    0.00    0.00    0.00    0.00    0.00    1.01    0.00    0.00    0.00   98.99
07:29:57 AM    4    0.00    0.00    0.00    0.00    0.99    0.00    0.00    0.00    0.00   99.01
07:29:57 AM    5    0.00    0.00    0.00    0.00    0.00    0.00    0.00    0.00    0.00  100.00
07:29:57 AM    6    0.00    0.00    0.00    0.00    0.00    0.00    0.00    0.00    0.00  100.00
07:29:57 AM    7    0.00    0.00    0.00    0.00    0.00    0.00    0.00    0.00    0.00  100.00

07:29:57 AM  CPU    %usr   %nice    %sys %iowait    %irq   %soft  %steal  %guest  %gnice   %idle
07:29:58 AM  all    0.38    0.00   29.32    0.00    0.25    0.50    0.00    0.00    0.00   69.55
07:29:58 AM    0    1.03    0.00   71.13    0.00    1.03    0.00    0.00    0.00    0.00   26.80
07:29:58 AM    1    2.00    0.00   65.00    0.00    0.00    1.00    0.00    0.00    0.00   32.00
07:29:58 AM    2    0.00    0.00  100.00    0.00    0.00    0.00    0.00    0.00    0.00    0.00
07:29:58 AM    3    0.00    0.00    0.00    0.00    1.00    2.00    0.00    0.00    0.00   97.00
07:29:58 AM    4    0.00    0.00    0.00    0.00    0.00    0.99    0.00    0.00    0.00   99.01
07:29:58 AM    5    0.00    0.00    0.00    0.00    0.00    0.00    0.00    0.00    0.00  100.00
07:29:58 AM    6    0.00    0.00    0.00    0.00    0.00    0.00    0.00    0.00    0.00  100.00
07:29:58 AM    7    0.00    0.00    0.00    0.00    0.00    0.00    0.00    0.00    0.00  100.00

07:29:58 AM  CPU    %usr   %nice    %sys %iowait    %irq   %soft  %steal  %guest  %gnice   %idle
07:29:59 AM  all    0.25    0.00   28.18    0.00    0.00    0.25    0.00    0.00    0.00   71.32
07:29:59 AM    0    1.02    0.00   62.24    0.00    0.00    0.00    0.00    0.00    0.00   36.73
07:29:59 AM    1    1.02    0.00   64.29    0.00    0.00    0.00    0.00    0.00    0.00   34.69
07:29:59 AM    2    0.00    0.00  100.00    0.00    0.00    0.00    0.00    0.00    0.00    0.00
07:29:59 AM    3    0.00    0.00    0.00    0.00    0.00    2.00    0.00    0.00    0.00   98.00
07:29:59 AM    4    0.00    0.00    0.00    0.00    0.00    0.00    0.00    0.00    0.00  100.00
07:29:59 AM    5    0.00    0.00    0.00    0.00    0.00    0.00    0.00    0.00    0.00  100.00
07:29:59 AM    6    0.00    0.00    0.00    0.00    0.00    0.00    0.00    0.00    0.00  100.00
07:29:59 AM    7    0.00    0.00    0.00    0.00    0.00    0.00    0.00    0.00    0.00  100.00

07:29:59 AM  CPU    %usr   %nice    %sys %iowait    %irq   %soft  %steal  %guest  %gnice   %idle
07:30:00 AM  all    0.25    0.00   29.09    0.00    0.00    0.25    0.00    0.00    0.00   70.40
07:30:00 AM    0    1.03    0.00   71.13    0.00    0.00    0.00    0.00    0.00    0.00   27.84
07:30:00 AM    1    1.03    0.00   63.92    0.00    0.00    0.00    0.00    0.00    0.00   35.05
07:30:00 AM    2    0.00    0.00  100.00    0.00    0.00    0.00    0.00    0.00    0.00    0.00
07:30:00 AM    3    0.00    0.00    0.00    0.00    0.00    2.00    0.00    0.00    0.00   98.00
07:30:00 AM    4    0.00    0.00    0.00    0.00    0.00    0.00    0.00    0.00    0.00  100.00
07:30:00 AM    5    0.00    0.00    0.00    0.00    0.00    0.00    0.00    0.00    0.00  100.00
07:30:00 AM    6    0.00    0.00    0.00    0.00    0.00    0.00    0.00    0.00    0.00  100.00
07:30:00 AM    7    0.00    0.00    0.00    0.00    0.00    0.00    0.00    0.00    0.00  100.00

07:30:00 AM  CPU    %usr   %nice    %sys %iowait    %irq   %soft  %steal  %guest  %gnice   %idle
07:30:01 AM  all    0.50    0.00   29.57    0.00    0.25    0.38    0.00    0.00    0.00   69.30
07:30:01 AM    0    1.98    0.00   66.34    0.00    0.99    0.99    0.00    0.00    0.00   29.70
07:30:01 AM    1    2.02    0.00   69.70    0.00    1.01    0.00    0.00    0.00    0.00   27.27
07:30:01 AM    2    0.00    0.00  100.00    0.00    0.00    0.00    0.00    0.00    0.00    0.00
07:30:01 AM    3    0.00    0.00    0.00    0.00    0.00    2.02    0.00    0.00    0.00   97.98
07:30:01 AM    4    0.00    0.00    0.00    0.00    0.00    0.00    0.00    0.00    0.00  100.00
07:30:01 AM    5    0.00    0.00    0.00    0.00    0.00    0.00    0.00    0.00    0.00  100.00
07:30:01 AM    6    0.00    0.00    0.00    0.00    0.00    0.00    0.00    0.00    0.00  100.00
07:30:01 AM    7    0.00    0.00    0.00    0.00    0.00    0.00    0.00    0.00    0.00  100.00

07:30:01 AM  CPU    %usr   %nice    %sys %iowait    %irq   %soft  %steal  %guest  %gnice   %idle
07:30:02 AM  all    0.13    0.00   29.86    0.00    0.13    0.38    0.00    0.00    0.00   69.51
07:30:02 AM    0    0.00    0.00   71.43    0.00    0.00    0.00    0.00    0.00    0.00   28.57
07:30:02 AM    1    1.03    0.00   70.10    0.00    0.00    0.00    0.00    0.00    0.00   28.87
07:30:02 AM    2    0.00    0.00  100.00    0.00    0.00    0.00    0.00    0.00    0.00    0.00
07:30:02 AM    3    0.00    0.00    0.00    0.00    0.99    1.98    0.00    0.00    0.00   97.03
07:30:02 AM    4    0.00    0.00    0.00    0.00    0.00    0.99    0.00    0.00    0.00   99.01
07:30:02 AM    5    0.00    0.00    0.00    0.00    0.00    0.00    0.00    0.00    0.00  100.00
07:30:02 AM    6    0.00    0.00    0.00    0.00    0.00    0.00    0.00    0.00    0.00  100.00
07:30:02 AM    7    0.00    0.00    0.00    0.00    0.00    0.00    0.00    0.00    0.00  100.00

07:30:02 AM  CPU    %usr   %nice    %sys %iowait    %irq   %soft  %steal  %guest  %gnice   %idle
07:30:03 AM  all    0.38    0.00   29.74    0.00    0.00    0.25    0.00    0.00    0.00   69.64
07:30:03 AM    0    1.03    0.00   68.04    0.00    0.00    0.00    0.00    0.00    0.00   30.93
07:30:03 AM    1    1.98    0.00   70.30    0.00    0.00    0.00    0.00    0.00    0.00   27.72
07:30:03 AM    2    0.00    0.00  100.00    0.00    0.00    0.00    0.00    0.00    0.00    0.00
07:30:03 AM    3    0.00    0.00    0.00    0.00    0.00    2.00    0.00    0.00    0.00   98.00
07:30:03 AM    4    0.00    0.00    0.00    0.00    0.00    0.00    0.00    0.00    0.00  100.00
07:30:03 AM    5    0.00    0.00    0.00    0.00    0.00    0.00    0.00    0.00    0.00  100.00
07:30:03 AM    6    0.00    0.00    0.00    0.00    0.00    0.00    0.00    0.00    0.00  100.00
07:30:03 AM    7    0.00    0.00    0.00    0.00    0.00    0.00    0.00    0.00    0.00  100.00

07:30:03 AM  CPU    %usr   %nice    %sys %iowait    %irq   %soft  %steal  %guest  %gnice   %idle
07:30:04 AM  all    0.25    0.00   29.90    0.00    0.25    0.25    0.00    0.00    0.00   69.35
07:30:04 AM    0    2.02    0.00   70.71    0.00    1.01    0.00    0.00    0.00    0.00   26.26
07:30:04 AM    1    0.00    0.00   69.39    0.00    1.02    0.00    0.00    0.00    0.00   29.59
07:30:04 AM    2    0.00    0.00  100.00    0.00    0.00    0.00    0.00    0.00    0.00    0.00
07:30:04 AM    3    0.00    0.00    0.00    0.00    0.00    2.02    0.00    0.00    0.00   97.98
07:30:04 AM    4    0.00    0.00    0.00    0.00    0.00    0.00    0.00    0.00    0.00  100.00
07:30:04 AM    5    0.00    0.00    0.00    0.00    0.00    0.00    0.00    0.00    0.00  100.00
07:30:04 AM    6    0.00    0.00    0.00    0.00    0.00    0.00    0.00    0.00    0.00  100.00
07:30:04 AM    7    0.00    0.00    0.00    0.00    0.00    0.00    0.00    0.00    0.00  100.00

07:30:04 AM  CPU    %usr   %nice    %sys %iowait    %irq   %soft  %steal  %guest  %gnice   %idle
07:30:05 AM  all    0.25    0.00   28.89    0.00    0.00    0.25    0.00    0.00    0.00   70.60
07:30:05 AM    0    1.03    0.00   65.98    0.00    0.00    0.00    0.00    0.00    0.00   32.99
07:30:05 AM    1    1.01    0.00   66.67    0.00    0.00    0.00    0.00    0.00    0.00   32.32
07:30:05 AM    2    0.00    0.00  100.00    0.00    0.00    0.00    0.00    0.00    0.00    0.00
07:30:05 AM    3    0.00    0.00    0.00    0.00    0.00    2.00    0.00    0.00    0.00   98.00
07:30:05 AM    4    0.00    0.00    0.00    0.00    0.00    0.00    0.00    0.00    0.00  100.00
07:30:05 AM    5    0.00    0.00    0.00    0.00    0.00    0.00    0.00    0.00    0.00  100.00
07:30:05 AM    6    0.00    0.00    0.00    0.00    0.00    0.00    0.00    0.00    0.00  100.00
07:30:05 AM    7    0.00    0.00    0.00    0.00    0.00    0.00    0.00    0.00    0.00  100.00

07:30:05 AM  CPU    %usr   %nice    %sys %iowait    %irq   %soft  %steal  %guest  %gnice   %idle
07:30:06 AM  all    0.37    0.00   30.34    0.00    0.00    0.50    0.00    0.00    0.00   68.79
07:30:06 AM    0    0.98    0.00   74.51    0.00    0.00    0.98    0.00    0.00    0.00   23.53
07:30:06 AM    1    2.00    0.00   67.00    0.00    0.00    1.00    0.00    0.00    0.00   30.00
07:30:06 AM    2    0.00    0.00  100.00    0.00    0.00    0.00    0.00    0.00    0.00    0.00
07:30:06 AM    3    0.00    0.00    0.00    0.00    0.00    1.01    0.00    0.00    0.00   98.99
07:30:06 AM    4    0.00    0.00    0.00    0.00    0.00    1.00    0.00    0.00    0.00   99.00
07:30:06 AM    5    0.00    0.00    0.00    0.00    0.00    0.00    0.00    0.00    0.00  100.00
07:30:06 AM    6    0.00    0.00    0.00    0.00    0.00    0.00    0.00    0.00    0.00  100.00
07:30:06 AM    7    0.00    0.00    0.00    0.00    0.00    0.00    0.00    0.00    0.00  100.00

07:30:06 AM  CPU    %usr   %nice    %sys %iowait    %irq   %soft  %steal  %guest  %gnice   %idle
07:30:07 AM  all    0.38    0.00   29.56    0.00    0.25    0.25    0.00    0.00    0.00   69.56
07:30:07 AM    0    1.01    0.00   70.71    0.00    1.01    0.00    0.00    0.00    0.00   27.27
07:30:07 AM    1    2.08    0.00   67.71    0.00    0.00    0.00    0.00    0.00    0.00   30.21
07:30:07 AM    2    0.00    0.00  100.00    0.00    0.00    0.00    0.00    0.00    0.00    0.00
07:30:07 AM    3    0.00    0.00    0.00    0.00    1.00    2.00    0.00    0.00    0.00   97.00
07:30:07 AM    4    0.00    0.00    0.00    0.00    0.00    0.00    0.00    0.00    0.00  100.00
07:30:07 AM    5    0.00    0.00    0.00    0.00    0.00    0.00    0.00    0.00    0.00  100.00
07:30:07 AM    6    0.00    0.00    0.00    0.00    0.00    0.00    0.00    0.00    0.00  100.00
07:30:07 AM    7    0.00    0.00    0.00    0.00    0.00    0.00    0.00    0.00    0.00  100.00

07:30:07 AM  CPU    %usr   %nice    %sys %iowait    %irq   %soft  %steal  %guest  %gnice   %idle
07:30:08 AM  all    0.25    0.00   30.11    0.00    0.13    0.25    0.00    0.00    0.00   69.26
07:30:08 AM    0    1.02    0.00   70.41    0.00    0.00    0.00    0.00    0.00    0.00   28.57
07:30:08 AM    1    1.00    0.00   71.00    0.00    1.00    0.00    0.00    0.00    0.00   27.00
07:30:08 AM    2    0.00    0.00  100.00    0.00    0.00    0.00    0.00    0.00    0.00    0.00
07:30:08 AM    3    0.00    0.00    0.00    0.00    0.00    2.00    0.00    0.00    0.00   98.00
07:30:08 AM    4    0.00    0.00    0.00    0.00    0.00    0.00    0.00    0.00    0.00  100.00
07:30:08 AM    5    0.00    0.00    0.00    0.00    0.00    0.00    0.00    0.00    0.00  100.00
07:30:08 AM    6    0.00    0.00    0.00    0.00    0.00    0.00    0.00    0.00    0.00  100.00
07:30:08 AM    7    0.00    0.00    0.00    0.00    0.00    0.00    0.00    0.00    0.00  100.00

07:30:08 AM  CPU    %usr   %nice    %sys %iowait    %irq   %soft  %steal  %guest  %gnice   %idle
07:30:09 AM  all    0.25    0.00   28.61    0.00    0.00    0.25    0.00    0.00    0.00   70.89
07:30:09 AM    0    1.03    0.00   64.95    0.00    0.00    0.00    0.00    0.00    0.00   34.02
07:30:09 AM    1    1.00    0.00   65.00    0.00    0.00    0.00    0.00    0.00    0.00   34.00
07:30:09 AM    2    0.00    0.00  100.00    0.00    0.00    0.00    0.00    0.00    0.00    0.00
07:30:09 AM    3    0.00    0.00    0.00    0.00    0.00    2.00    0.00    0.00    0.00   98.00
07:30:09 AM    4    0.00    0.00    0.00    0.00    0.00    0.00    0.00    0.00    0.00  100.00
07:30:09 AM    5    0.00    0.00    0.00    0.00    0.00    0.00    0.00    0.00    0.00  100.00
07:30:09 AM    6    0.00    0.00    0.00    0.00    0.00    0.00    0.00    0.00    0.00  100.00
07:30:09 AM    7    0.00    0.00    0.00    0.00    0.00    0.00    0.00    0.00    0.00  100.00

07:30:09 AM  CPU    %usr   %nice    %sys %iowait    %irq   %soft  %steal  %guest  %gnice   %idle
07:30:10 AM  all    0.38    0.00   29.57    0.00    0.25    0.38    0.00    0.00    0.00   69.42
07:30:10 AM    0    2.00    0.00   68.00    0.00    1.00    0.00    0.00    0.00    0.00   29.00
07:30:10 AM    1    1.02    0.00   69.39    0.00    0.00    0.00    0.00    0.00    0.00   29.59
07:30:10 AM    2    0.00    0.00  100.00    0.00    0.00    0.00    0.00    0.00    0.00    0.00
07:30:10 AM    3    0.00    0.00    0.00    0.00    0.00    2.02    0.00    0.00    0.00   97.98
07:30:10 AM    4    0.00    0.00    0.00    0.00    0.99    0.99    0.00    0.00    0.00   98.02
07:30:10 AM    5    0.00    0.00    0.00    0.00    0.00    0.00    0.00    0.00    0.00  100.00
07:30:10 AM    6    0.00    0.00    0.00    0.00    0.00    0.00    0.00    0.00    0.00  100.00
07:30:10 AM    7    0.00    0.00    0.00    0.00    0.00    0.00    0.00    0.00    0.00  100.00

07:30:10 AM  CPU    %usr   %nice    %sys %iowait    %irq   %soft  %steal  %guest  %gnice   %idle
07:30:11 AM  all    0.38    0.00   30.70    0.00    0.25    0.38    0.00    0.00    0.00   68.30
07:30:11 AM    0    1.03    0.00   74.23    0.00    0.00    1.03    0.00    0.00    0.00   23.71
07:30:11 AM    1    2.00    0.00   73.00    0.00    1.00    0.00    0.00    0.00    0.00   24.00
07:30:11 AM    2    0.00    0.00  100.00    0.00    0.00    0.00    0.00    0.00    0.00    0.00
07:30:11 AM    3    0.00    0.00    0.00    0.00    0.99    1.98    0.00    0.00    0.00   97.03
07:30:11 AM    4    0.00    0.00    0.00    0.00    0.00    0.00    0.00    0.00    0.00  100.00
07:30:11 AM    5    0.00    0.00    0.00    0.00    0.00    0.00    0.00    0.00    0.00  100.00
07:30:11 AM    6    0.00    0.00    0.00    0.00    0.00    0.00    0.00    0.00    0.00  100.00
07:30:11 AM    7    0.00    0.00    0.00    0.00    0.00    0.00    0.00    0.00    0.00  100.00

07:30:11 AM  CPU    %usr   %nice    %sys %iowait    %irq   %soft  %steal  %guest  %gnice   %idle
07:30:12 AM  all    0.25    0.00   29.99    0.00    0.00    0.25    0.00    0.00    0.00   69.51
07:30:12 AM    0    2.00    0.00   65.00    0.00    0.00    0.00    0.00    0.00    0.00   33.00
07:30:12 AM    1    0.00    0.00   75.51    0.00    0.00    0.00    0.00    0.00    0.00   24.49
07:30:12 AM    2    0.00    0.00  100.00    0.00    0.00    0.00    0.00    0.00    0.00    0.00
07:30:12 AM    3    0.00    0.00    0.00    0.00    0.00    2.02    0.00    0.00    0.00   97.98
07:30:12 AM    4    0.00    0.00    0.00    0.00    0.00    0.00    0.00    0.00    0.00  100.00
07:30:12 AM    5    0.00    0.00    0.00    0.00    0.00    0.00    0.00    0.00    0.00  100.00
07:30:12 AM    6    0.00    0.00    0.00    0.00    0.00    0.00    0.00    0.00    0.00  100.00
07:30:12 AM    7    0.00    0.00    0.00    0.00    0.00    0.00    0.00    0.00    0.00  100.00

07:30:12 AM  CPU    %usr   %nice    %sys %iowait    %irq   %soft  %steal  %guest  %gnice   %idle
07:30:13 AM  all    0.38    0.00   29.31    0.00    0.13    0.38    0.00    0.00    0.00   69.81
07:30:13 AM    0    2.04    0.00   70.41    0.00    1.02    0.00    0.00    0.00    0.00   26.53
07:30:13 AM    1    1.03    0.00   65.98    0.00    0.00    0.00    0.00    0.00    0.00   32.99
07:30:13 AM    2    0.00    0.00  100.00    0.00    0.00    0.00    0.00    0.00    0.00    0.00
07:30:13 AM    3    0.00    0.00    0.00    0.00    0.00    2.00    0.00    0.00    0.00   98.00
07:30:13 AM    4    0.00    0.00    0.00    0.00    0.00    1.00    0.00    0.00    0.00   99.00
07:30:13 AM    5    0.00    0.00    0.00    0.00    0.00    0.00    0.00    0.00    0.00  100.00
07:30:13 AM    6    0.00    0.00    0.00    0.00    0.00    0.00    0.00    0.00    0.00  100.00
07:30:13 AM    7    0.00    0.00    0.00    0.00    0.00    0.00    0.00    0.00    0.00  100.00

07:30:13 AM  CPU    %usr   %nice    %sys %iowait    %irq   %soft  %steal  %guest  %gnice   %idle
07:30:14 AM  all    0.25    0.00   29.45    0.00    0.00    0.38    0.00    0.00    0.00   69.92
07:30:14 AM    0    1.02    0.00   67.35    0.00    0.00    0.00    0.00    0.00    0.00   31.63
07:30:14 AM    1    1.00    0.00   69.00    0.00    0.00    1.00    0.00    0.00    0.00   29.00
07:30:14 AM    2    0.00    0.00  100.00    0.00    0.00    0.00    0.00    0.00    0.00    0.00
07:30:14 AM    3    0.00    0.00    0.00    0.00    0.00    2.00    0.00    0.00    0.00   98.00
07:30:14 AM    4    0.00    0.00    0.00    0.00    0.00    0.00    0.00    0.00    0.00  100.00
07:30:14 AM    5    0.00    0.00    0.00    0.00    0.00    0.00    0.00    0.00    0.00  100.00
07:30:14 AM    6    0.00    0.00    0.00    0.00    0.00    0.00    0.00    0.00    0.00  100.00
07:30:14 AM    7    0.00    0.00    0.00    0.00    0.00    0.00    0.00    0.00    0.00  100.00

07:30:14 AM  CPU    %usr   %nice    %sys %iowait    %irq   %soft  %steal  %guest  %gnice   %idle
07:30:15 AM  all    0.38    0.00   28.43    0.00    0.13    0.25    0.00    0.00    0.00   70.82
07:30:15 AM    0    1.02    0.00   63.27    0.00    0.00    0.00    0.00    0.00    0.00   35.71
07:30:15 AM    1    2.02    0.00   64.65    0.00    1.01    0.00    0.00    0.00    0.00   32.32
07:30:15 AM    2    0.00    0.00  100.00    0.00    0.00    0.00    0.00    0.00    0.00    0.00
07:30:15 AM    3    0.00    0.00    0.00    0.00    0.00    2.02    0.00    0.00    0.00   97.98
07:30:15 AM    4    0.00    0.00    0.00    0.00    0.00    0.00    0.00    0.00    0.00  100.00
07:30:15 AM    5    0.00    0.00    0.00    0.00    0.00    0.00    0.00    0.00    0.00  100.00
07:30:15 AM    6    0.00    0.00    0.00    0.00    0.00    0.00    0.00    0.00    0.00  100.00
07:30:15 AM    7    0.00    0.00    0.00    0.00    0.00    0.00    0.00    0.00    0.00  100.00

07:30:15 AM  CPU    %usr   %nice    %sys %iowait    %irq   %soft  %steal  %guest  %gnice   %idle
07:30:16 AM  all    0.25    0.00   30.12    0.12    0.25    0.38    0.00    0.00    0.00   68.88
07:30:16 AM    0    1.00    0.00   69.00    1.00    1.00    1.00    0.00    0.00    0.00   27.00
07:30:16 AM    1    1.01    0.00   72.73    0.00    0.00    0.00    0.00    0.00    0.00   26.26
07:30:16 AM    2    0.00    0.00  100.00    0.00    0.00    0.00    0.00    0.00    0.00    0.00
07:30:16 AM    3    0.00    0.00    0.00    0.00    0.99    1.98    0.00    0.00    0.00   97.03
07:30:16 AM    4    0.00    0.00    0.00    0.00    0.00    0.00    0.00    0.00    0.00  100.00
07:30:16 AM    5    0.00    0.00    0.00    0.00    0.00    0.00    0.00    0.00    0.00  100.00
07:30:16 AM    6    0.00    0.00    0.00    0.00    0.00    0.00    0.00    0.00    0.00  100.00
07:30:16 AM    7    0.00    0.00    0.00    0.00    0.00    0.00    0.00    0.00    0.00  100.00

07:30:16 AM  CPU    %usr   %nice    %sys %iowait    %irq   %soft  %steal  %guest  %gnice   %idle
07:30:17 AM  all    0.25    0.00   31.11    0.00    0.00    0.38    0.00    0.00    0.00   68.26
07:30:17 AM    0    1.02    0.00   74.49    0.00    0.00    0.00    0.00    0.00    0.00   24.49
07:30:17 AM    1    1.03    0.00   76.29    0.00    0.00    0.00    0.00    0.00    0.00   22.68
07:30:17 AM    2    0.00    0.00  100.00    0.00    0.00    0.00    0.00    0.00    0.00    0.00
07:30:17 AM    3    0.00    0.00    0.00    0.00    0.00    2.02    0.00    0.00    0.00   97.98
07:30:17 AM    4    0.00    0.00    0.00    0.00    0.00    1.00    0.00    0.00    0.00   99.00
07:30:17 AM    5    0.00    0.00    0.00    0.00    0.00    0.00    0.00    0.00    0.00  100.00
07:30:17 AM    6    0.00    0.00    0.00    0.00    0.00    0.00    0.00    0.00    0.00  100.00
07:30:17 AM    7    0.00    0.00    0.00    0.00    0.00    0.00    0.00    0.00    0.00  100.00

07:30:17 AM  CPU    %usr   %nice    %sys %iowait    %irq   %soft  %steal  %guest  %gnice   %idle
07:30:18 AM  all    0.25    0.00   29.11    0.00    0.13    0.13    0.00    0.00    0.00   70.39
07:30:18 AM    0    1.03    0.00   69.07    0.00    0.00    0.00    0.00    0.00    0.00   29.90
07:30:18 AM    1    0.99    0.00   64.36    0.00    0.99    0.00    0.00    0.00    0.00   33.66
07:30:18 AM    2    0.00    0.00  100.00    0.00    0.00    0.00    0.00    0.00    0.00    0.00
07:30:18 AM    3    0.00    0.00    0.00    0.00    0.00    1.01    0.00    0.00    0.00   98.99
07:30:18 AM    4    0.00    0.00    0.00    0.00    0.00    0.00    0.00    0.00    0.00  100.00
07:30:18 AM    5    0.00    0.00    0.00    0.00    0.00    0.00    0.00    0.00    0.00  100.00
07:30:18 AM    6    0.00    0.00    0.00    0.00    0.00    0.00    0.00    0.00    0.00  100.00
07:30:18 AM    7    0.00    0.00    0.00    0.00    0.00    0.00    0.00    0.00    0.00  100.00

07:30:18 AM  CPU    %usr   %nice    %sys %iowait    %irq   %soft  %steal  %guest  %gnice   %idle
07:30:19 AM  all    0.25    0.00   29.50    0.00    0.12    0.38    0.00    0.00    0.00   69.75
07:30:19 AM    0    1.01    0.00   63.64    0.00    1.01    0.00    0.00    0.00    0.00   34.34
07:30:19 AM    1    1.00    0.00   73.00    0.00    0.00    0.00    0.00    0.00    0.00   26.00
07:30:19 AM    2    0.00    0.00  100.00    0.00    0.00    0.00    0.00    0.00    0.00    0.00
07:30:19 AM    3    0.00    0.00    0.00    0.00    0.00    2.97    0.00    0.00    0.00   97.03
07:30:19 AM    4    0.00    0.00    0.00    0.00    0.00    0.00    0.00    0.00    0.00  100.00
07:30:19 AM    5    0.00    0.00    0.00    0.00    0.00    0.00    0.00    0.00    0.00  100.00
07:30:19 AM    6    0.00    0.00    0.00    0.00    0.00    0.00    0.00    0.00    0.00  100.00
07:30:19 AM    7    0.00    0.00    0.00    0.00    0.00    0.00    0.00    0.00    0.00  100.00

07:30:19 AM  CPU    %usr   %nice    %sys %iowait    %irq   %soft  %steal  %guest  %gnice   %idle
07:30:20 AM  all    0.38    0.00   28.86    0.00    0.13    0.13    0.00    0.00    0.00   70.51
07:30:20 AM    0    1.00    0.00   64.00    0.00    0.00    0.00    0.00    0.00    0.00   35.00
07:30:20 AM    1    2.02    0.00   66.67    0.00    0.00    0.00    0.00    0.00    0.00   31.31
07:30:20 AM    2    0.00    0.00  100.00    0.00    0.00    0.00    0.00    0.00    0.00    0.00
07:30:20 AM    3    0.00    0.00    0.00    0.00    1.01    1.01    0.00    0.00    0.00   97.98
07:30:20 AM    4    0.00    0.00    0.00    0.00    0.00    0.00    0.00    0.00    0.00  100.00
07:30:20 AM    5    0.00    0.00    0.00    0.00    0.00    0.00    0.00    0.00    0.00  100.00
07:30:20 AM    6    0.00    0.00    0.00    0.00    0.00    0.00    0.00    0.00    0.00  100.00
07:30:20 AM    7    0.00    0.00    0.00    0.00    0.00    0.00    0.00    0.00    0.00  100.00

07:30:20 AM  CPU    %usr   %nice    %sys %iowait    %irq   %soft  %steal  %guest  %gnice   %idle
07:30:21 AM  all    0.38    0.00   30.04    0.00    0.13    0.50    0.00    0.00    0.00   68.96
07:30:21 AM    0    1.01    0.00   71.72    0.00    0.00    1.01    0.00    0.00    0.00   26.26
07:30:21 AM    1    2.02    0.00   69.70    0.00    1.01    0.00    0.00    0.00    0.00   27.27
07:30:21 AM    2    0.00    0.00  100.00    0.00    0.00    0.00    0.00    0.00    0.00    0.00
07:30:21 AM    3    0.00    0.00    0.00    0.00    0.00    2.00    0.00    0.00    0.00   98.00
07:30:21 AM    4    0.00    0.00    0.00    0.00    0.00    0.99    0.00    0.00    0.00   99.01
07:30:21 AM    5    0.00    0.00    0.00    0.00    0.00    0.00    0.00    0.00    0.00  100.00
07:30:21 AM    6    0.00    0.00    0.00    0.00    0.00    0.00    0.00    0.00    0.00  100.00
07:30:21 AM    7    0.00    0.00    0.00    0.00    0.00    0.00    0.00    0.00    0.00  100.00

07:30:21 AM  CPU    %usr   %nice    %sys %iowait    %irq   %soft  %steal  %guest  %gnice   %idle
07:30:22 AM  all    0.25    0.00   29.99    0.00    0.25    0.25    0.00    0.00    0.00   69.26
07:30:22 AM    0    1.00    0.00   70.00    0.00    1.00    0.00    0.00    0.00    0.00   28.00
07:30:22 AM    1    1.02    0.00   70.41    0.00    0.00    0.00    0.00    0.00    0.00   28.57
07:30:22 AM    2    0.00    0.00  100.00    0.00    0.00    0.00    0.00    0.00    0.00    0.00
07:30:22 AM    3    0.00    0.00    0.00    0.00    0.00    2.02    0.00    0.00    0.00   97.98
07:30:22 AM    4    0.00    0.00    0.00    0.00    1.00    0.00    0.00    0.00    0.00   99.00
07:30:22 AM    5    0.00    0.00    0.00    0.00    0.00    0.00    0.00    0.00    0.00  100.00
07:30:22 AM    6    0.00    0.00    0.00    0.00    0.00    0.00    0.00    0.00    0.00  100.00
07:30:22 AM    7    0.00    0.00    0.00    0.00    0.00    0.00    0.00    0.00    0.00  100.00

07:30:22 AM  CPU    %usr   %nice    %sys %iowait    %irq   %soft  %steal  %guest  %gnice   %idle
07:30:23 AM  all    0.38    0.00   29.32    0.00    0.00    0.38    0.00    0.00    0.00   69.92
07:30:23 AM    0    2.02    0.00   68.69    0.00    0.00    0.00    0.00    0.00    0.00   29.29
07:30:23 AM    1    1.01    0.00   66.67    0.00    0.00    1.01    0.00    0.00    0.00   31.31
07:30:23 AM    2    0.00    0.00  100.00    0.00    0.00    0.00    0.00    0.00    0.00    0.00
07:30:23 AM    3    0.00    0.00    0.00    0.00    0.00    2.00    0.00    0.00    0.00   98.00
07:30:23 AM    4    0.00    0.00    0.00    0.00    0.00    0.00    0.00    0.00    0.00  100.00
07:30:23 AM    5    0.00    0.00    0.00    0.00    0.00    0.00    0.00    0.00    0.00  100.00
07:30:23 AM    6    0.00    0.00    0.00    0.00    0.00    0.00    0.00    0.00    0.00  100.00
07:30:23 AM    7    0.00    0.00    0.00    0.00    0.00    0.00    0.00    0.00    0.00  100.00

07:30:23 AM  CPU    %usr   %nice    %sys %iowait    %irq   %soft  %steal  %guest  %gnice   %idle
07:30:24 AM  all    0.38    0.00   28.98    0.00    0.00    0.25    0.00    0.00    0.00   70.39
07:30:24 AM    0    1.01    0.00   63.64    0.00    0.00    0.00    0.00    0.00    0.00   35.35
07:30:24 AM    1    2.02    0.00   68.69    0.00    0.00    0.00    0.00    0.00    0.00   29.29
07:30:24 AM    2    0.00    0.00  100.00    0.00    0.00    0.00    0.00    0.00    0.00    0.00
07:30:24 AM    3    0.00    0.00    0.00    0.00    0.00    2.00    0.00    0.00    0.00   98.00
07:30:24 AM    4    0.00    0.00    0.00    0.00    0.00    0.00    0.00    0.00    0.00  100.00
07:30:24 AM    5    0.00    0.00    0.00    0.00    0.00    0.00    0.00    0.00    0.00  100.00
07:30:24 AM    6    0.00    0.00    0.00    0.00    0.00    0.00    0.00    0.00    0.00  100.00
07:30:24 AM    7    0.00    0.00    0.00    0.00    0.00    0.00    0.00    0.00    0.00  100.00

07:30:24 AM  CPU    %usr   %nice    %sys %iowait    %irq   %soft  %steal  %guest  %gnice   %idle
07:30:25 AM  all    0.25    0.00   28.32    0.00    0.25    0.38    0.00    0.00    0.00   70.80
07:30:25 AM    0    1.03    0.00   62.89    0.00    0.00    0.00    0.00    0.00    0.00   36.08
07:30:25 AM    1    1.00    0.00   65.00    0.00    1.00    0.00    0.00    0.00    0.00   33.00
07:30:25 AM    2    0.00    0.00  100.00    0.00    0.00    0.00    0.00    0.00    0.00    0.00
07:30:25 AM    3    0.00    0.00    0.00    0.00    1.00    2.00    0.00    0.00    0.00   97.00
07:30:25 AM    4    0.00    0.00    0.00    0.00    0.00    0.99    0.00    0.00    0.00   99.01
07:30:25 AM    5    0.00    0.00    0.00    0.00    0.00    0.00    0.00    0.00    0.00  100.00
07:30:25 AM    6    0.00    0.00    0.00    0.00    0.00    0.00    0.00    0.00    0.00  100.00
07:30:25 AM    7    0.00    0.00    0.00    0.00    0.00    0.00    0.00    0.00    0.00  100.00

07:30:25 AM  CPU    %usr   %nice    %sys %iowait    %irq   %soft  %steal  %guest  %gnice   %idle
07:30:26 AM  all    0.25    0.00   29.18    0.00    0.13    0.25    0.00    0.00    0.00   70.19
07:30:26 AM    0    1.01    0.00   71.72    0.00    1.01    0.00    0.00    0.00    0.00   26.26
07:30:26 AM    1    1.04    0.00   63.54    0.00    0.00    0.00    0.00    0.00    0.00   35.42
07:30:26 AM    2    0.00    0.00  100.00    0.00    0.00    0.00    0.00    0.00    0.00    0.00
07:30:26 AM    3    0.00    0.00    0.00    0.00    0.00    2.00    0.00    0.00    0.00   98.00
07:30:26 AM    4    0.00    0.00    0.00    0.00    0.00    0.00    0.00    0.00    0.00  100.00
07:30:26 AM    5    0.00    0.00    0.00    0.00    0.00    0.00    0.00    0.00    0.00  100.00
07:30:26 AM    6    0.00    0.00    0.00    0.00    0.00    0.00    0.00    0.00    0.00  100.00
07:30:26 AM    7    0.00    0.00    0.00    0.00    0.00    0.00    0.00    0.00    0.00  100.00

07:30:26 AM  CPU    %usr   %nice    %sys %iowait    %irq   %soft  %steal  %guest  %gnice   %idle
07:30:27 AM  all    0.25    0.00   28.73    0.00    0.00    0.38    0.00    0.00    0.00   70.64
07:30:27 AM    0    1.00    0.00   64.00    0.00    0.00    1.00    0.00    0.00    0.00   34.00
07:30:27 AM    1    1.02    0.00   66.33    0.00    0.00    0.00    0.00    0.00    0.00   32.65
07:30:27 AM    2    0.00    0.00  100.00    0.00    0.00    0.00    0.00    0.00    0.00    0.00
07:30:27 AM    3    0.00    0.00    0.00    0.00    0.00    2.00    0.00    0.00    0.00   98.00
07:30:27 AM    4    0.00    0.00    0.00    0.00    0.00    0.00    0.00    0.00    0.00  100.00
07:30:27 AM    5    0.00    0.00    0.00    0.00    0.00    0.00    0.00    0.00    0.00  100.00
07:30:27 AM    6    0.00    0.00    0.00    0.00    0.00    0.00    0.00    0.00    0.00  100.00
07:30:27 AM    7    0.00    0.00    0.00    0.00    0.00    0.00    0.00    0.00    0.00  100.00

07:30:27 AM  CPU    %usr   %nice    %sys %iowait    %irq   %soft  %steal  %guest  %gnice   %idle
07:30:28 AM  all    0.50    0.00   31.19    0.00    0.13    0.25    0.00    0.00    0.00   67.92
07:30:28 AM    0    2.04    0.00   76.53    0.00    0.00    0.00    0.00    0.00    0.00   21.43
07:30:28 AM    1    2.04    0.00   74.49    0.00    1.02    0.00    0.00    0.00    0.00   22.45
07:30:28 AM    2    0.00    0.00  100.00    0.00    0.00    0.00    0.00    0.00    0.00    0.00
07:30:28 AM    3    0.00    0.00    0.00    0.00    0.00    2.02    0.00    0.00    0.00   97.98
07:30:28 AM    4    0.00    0.00    0.00    0.00    0.00    0.00    0.00    0.00    0.00  100.00
07:30:28 AM    5    0.00    0.00    0.00    0.00    0.00    0.00    0.00    0.00    0.00  100.00
07:30:28 AM    6    0.00    0.00    0.00    0.00    0.00    0.00    0.00    0.00    0.00  100.00
07:30:28 AM    7    0.00    0.00    0.00    0.00    0.00    0.00    0.00    0.00    0.00  100.00

07:30:28 AM  CPU    %usr   %nice    %sys %iowait    %irq   %soft  %steal  %guest  %gnice   %idle
07:30:29 AM  all    0.25    0.00   31.37    0.00    0.25    0.38    0.00    0.00    0.00   67.75
07:30:29 AM    0    1.00    0.00   75.00    0.00    1.00    0.00    0.00    0.00    0.00   23.00
07:30:29 AM    1    1.01    0.00   76.77    0.00    0.00    0.00    0.00    0.00    0.00   22.22
07:30:29 AM    2    0.00    0.00  100.00    0.00    0.00    0.00    0.00    0.00    0.00    0.00
07:30:29 AM    3    0.00    0.00    0.00    0.00    0.99    1.98    0.00    0.00    0.00   97.03
07:30:29 AM    4    0.00    0.00    0.00    0.00    0.00    1.00    0.00    0.00    0.00   99.00
07:30:29 AM    5    0.00    0.00    0.00    0.00    0.00    0.00    0.00    0.00    0.00  100.00
07:30:29 AM    6    0.00    0.00    0.00    0.00    0.00    0.00    0.00    0.00    0.00  100.00
07:30:29 AM    7    0.00    0.00    0.00    0.00    0.00    0.00    0.00    0.00    0.00  100.00

07:30:29 AM  CPU    %usr   %nice    %sys %iowait    %irq   %soft  %steal  %guest  %gnice   %idle
07:30:30 AM  all    0.38    0.00   29.31    0.00    0.00    0.25    0.00    0.00    0.00   70.06
07:30:30 AM    0    2.04    0.00   64.29    0.00    0.00    0.00    0.00    0.00    0.00   33.67
07:30:30 AM    1    1.02    0.00   71.43    0.00    0.00    0.00    0.00    0.00    0.00   27.55
07:30:30 AM    2    0.00    0.00  100.00    0.00    0.00    0.00    0.00    0.00    0.00    0.00
07:30:30 AM    3    0.00    0.00    0.00    0.00    0.00    2.02    0.00    0.00    0.00   97.98
07:30:30 AM    4    0.00    0.00    0.00    0.00    0.00    0.00    0.00    0.00    0.00  100.00
07:30:30 AM    5    0.00    0.00    0.00    0.00    0.00    0.00    0.00    0.00    0.00  100.00
07:30:30 AM    6    0.00    0.00    0.00    0.00    0.00    0.00    0.00    0.00    0.00  100.00
07:30:30 AM    7    0.00    0.00    0.00    0.00    0.00    0.00    0.00    0.00    0.00  100.00

07:30:30 AM  CPU    %usr   %nice    %sys %iowait    %irq   %soft  %steal  %guest  %gnice   %idle
07:30:31 AM  all    0.13    0.00   29.15    0.00    0.00    0.38    0.00    0.00    0.00   70.35
07:30:31 AM    0    0.00    0.00   69.07    0.00    0.00    0.00    0.00    0.00    0.00   30.93
07:30:31 AM    1    1.00    0.00   65.00    0.00    0.00    1.00    0.00    0.00    0.00   33.00
07:30:31 AM    2    0.00    0.00  100.00    0.00    0.00    0.00    0.00    0.00    0.00    0.00
07:30:31 AM    3    0.00    0.00    0.00    0.00    0.00    2.00    0.00    0.00    0.00   98.00
07:30:31 AM    4    0.00    0.00    0.00    0.00    0.00    0.00    0.00    0.00    0.00  100.00
07:30:31 AM    5    0.00    0.00    0.00    0.00    0.00    0.00    0.00    0.00    0.00  100.00
07:30:31 AM    6    0.00    0.00    0.00    0.00    0.00    0.00    0.00    0.00    0.00  100.00
07:30:31 AM    7    0.00    0.00    0.00    0.00    0.00    0.00    0.00    0.00    0.00  100.00

07:30:31 AM  CPU    %usr   %nice    %sys %iowait    %irq   %soft  %steal  %guest  %gnice   %idle
07:30:32 AM  all    0.25    0.00   29.12    0.00    0.25    0.38    0.00    0.00    0.00   70.00
07:30:32 AM    0    0.98    0.00   66.67    0.00    0.98    0.98    0.00    0.00    0.00   30.39
07:30:32 AM    1    1.02    0.00   66.33    0.00    1.02    0.00    0.00    0.00    0.00   31.63
07:30:32 AM    2    0.00    0.00  100.00    0.00    0.00    0.00    0.00    0.00    0.00    0.00
07:30:32 AM    3    0.00    0.00    0.00    0.00    0.00    1.01    0.00    0.00    0.00   98.99
07:30:32 AM    4    0.00    0.00    0.00    0.00    0.00    0.99    0.00    0.00    0.00   99.01
07:30:32 AM    5    0.00    0.00    0.00    0.00    0.00    0.00    0.00    0.00    0.00  100.00
07:30:32 AM    6    0.00    0.00    0.00    0.00    0.00    0.00    0.00    0.00    0.00  100.00
07:30:32 AM    7    0.00    0.00    0.00    0.00    0.00    0.00    0.00    0.00    0.00  100.00

07:30:32 AM  CPU    %usr   %nice    %sys %iowait    %irq   %soft  %steal  %guest  %gnice   %idle
07:30:33 AM  all    0.25    0.00   29.02    0.00    0.00    0.25    0.00    0.00    0.00   70.48
07:30:33 AM    0    1.00    0.00   66.00    0.00    0.00    0.00    0.00    0.00    0.00   33.00
07:30:33 AM    1    1.03    0.00   67.01    0.00    0.00    0.00    0.00    0.00    0.00   31.96
07:30:33 AM    2    0.00    0.00  100.00    0.00    0.00    0.00    0.00    0.00    0.00    0.00
07:30:33 AM    3    0.00    0.00    0.00    0.00    0.00    2.02    0.00    0.00    0.00   97.98
07:30:33 AM    4    0.00    0.00    0.00    0.00    0.00    0.00    0.00    0.00    0.00  100.00
07:30:33 AM    5    0.00    0.00    0.00    0.00    0.00    0.00    0.00    0.00    0.00  100.00
07:30:33 AM    6    0.00    0.00    0.00    0.00    0.00    0.00    0.00    0.00    0.00  100.00
07:30:33 AM    7    0.00    0.00    0.00    0.00    0.00    0.00    0.00    0.00    0.00  100.00

07:30:33 AM  CPU    %usr   %nice    %sys %iowait    %irq   %soft  %steal  %guest  %gnice   %idle
07:30:34 AM  all    0.25    0.00   30.05    0.00    0.25    0.25    0.00    0.00    0.00   69.20
07:30:34 AM    0    1.00    0.00   77.00    0.00    0.00    0.00    0.00    0.00    0.00   22.00
07:30:34 AM    1    0.99    0.00   63.37    0.00    0.00    0.00    0.00    0.00    0.00   35.64
07:30:34 AM    2    0.00    0.00  100.00    0.00    0.00    0.00    0.00    0.00    0.00    0.00
07:30:34 AM    3    0.00    0.00    0.00    0.00    0.99    1.98    0.00    0.00    0.00   97.03
07:30:34 AM    4    0.00    0.00    0.00    0.00    1.00    0.00    0.00    0.00    0.00   99.00
07:30:34 AM    5    0.00    0.00    0.00    0.00    0.00    0.00    0.00    0.00    0.00  100.00
07:30:34 AM    6    0.00    0.00    0.00    0.00    0.00    0.00    0.00    0.00    0.00  100.00
07:30:34 AM    7    0.00    0.00    0.00    0.00    0.00    0.00    0.00    0.00    0.00  100.00

07:30:34 AM  CPU    %usr   %nice    %sys %iowait    %irq   %soft  %steal  %guest  %gnice   %idle
07:30:35 AM  all    0.38    0.00   28.98    0.00    0.25    0.25    0.00    0.00    0.00   70.14
07:30:35 AM    0    1.01    0.00   64.65    0.00    1.01    0.00    0.00    0.00    0.00   33.33
07:30:35 AM    1    2.04    0.00   68.37    0.00    1.02    0.00    0.00    0.00    0.00   28.57
07:30:35 AM    2    0.00    0.00  100.00    0.00    0.00    0.00    0.00    0.00    0.00    0.00
07:30:35 AM    3    0.00    0.00    0.00    0.00    0.00    2.00    0.00    0.00    0.00   98.00
07:30:35 AM    4    0.00    0.00    0.00    0.00    0.00    0.00    0.00    0.00    0.00  100.00
07:30:35 AM    5    0.00    0.00    0.00    0.00    0.00    0.00    0.00    0.00    0.00  100.00
07:30:35 AM    6    0.00    0.00    0.00    0.00    0.00    0.00    0.00    0.00    0.00  100.00
07:30:35 AM    7    0.00    0.00    0.00    0.00    0.00    0.00    0.00    0.00    0.00  100.00

07:30:35 AM  CPU    %usr   %nice    %sys %iowait    %irq   %soft  %steal  %guest  %gnice   %idle
07:30:36 AM  all    0.25    0.00   29.31    0.00    0.00    0.38    0.00    0.00    0.00   70.06
07:30:36 AM    0    1.02    0.00   66.33    0.00    0.00    0.00    0.00    0.00    0.00   32.65
07:30:36 AM    1    1.02    0.00   69.39    0.00    0.00    0.00    0.00    0.00    0.00   29.59
07:30:36 AM    2    0.00    0.00  100.00    0.00    0.00    0.00    0.00    0.00    0.00    0.00
07:30:36 AM    3    0.00    0.00    0.00    0.00    0.00    2.02    0.00    0.00    0.00   97.98
07:30:36 AM    4    0.00    0.00    0.00    0.00    0.00    1.00    0.00    0.00    0.00   99.00
07:30:36 AM    5    0.00    0.00    0.00    0.00    0.00    0.00    0.00    0.00    0.00  100.00
07:30:36 AM    6    0.00    0.00    0.00    0.00    0.00    0.00    0.00    0.00    0.00  100.00
07:30:36 AM    7    0.00    0.00    0.00    0.00    0.00    0.00    0.00    0.00    0.00  100.00

07:30:36 AM  CPU    %usr   %nice    %sys %iowait    %irq   %soft  %steal  %guest  %gnice   %idle
07:30:37 AM  all    0.25    0.00   28.82    0.00    0.00    0.38    0.00    0.00    0.00   70.55
07:30:37 AM    0    1.02    0.00   66.33    0.00    0.00    1.02    0.00    0.00    0.00   31.63
07:30:37 AM    1    1.00    0.00   65.00    0.00    0.00    0.00    0.00    0.00    0.00   34.00
07:30:37 AM    2    0.00    0.00  100.00    0.00    0.00    0.00    0.00    0.00    0.00    0.00
07:30:37 AM    3    0.00    0.00    0.00    0.00    0.00    2.00    0.00    0.00    0.00   98.00
07:30:37 AM    4    0.00    0.00    0.00    0.00    0.00    0.00    0.00    0.00    0.00  100.00
07:30:37 AM    5    0.00    0.00    0.00    0.00    0.00    0.00    0.00    0.00    0.00  100.00
07:30:37 AM    6    0.00    0.00    0.00    0.00    0.00    0.00    0.00    0.00    0.00  100.00
07:30:37 AM    7    0.00    0.00    0.00    0.00    0.00    0.00    0.00    0.00    0.00  100.00

07:30:37 AM  CPU    %usr   %nice    %sys %iowait    %irq   %soft  %steal  %guest  %gnice   %idle
07:30:38 AM  all    0.38    0.00   28.73    0.00    0.25    0.25    0.00    0.00    0.00   70.39
07:30:38 AM    0    1.03    0.00   65.98    0.00    1.03    0.00    0.00    0.00    0.00   31.96
07:30:38 AM    1    2.04    0.00   65.31    0.00    0.00    0.00    0.00    0.00    0.00   32.65
07:30:38 AM    2    0.00    0.00  100.00    0.00    0.00    0.00    0.00    0.00    0.00    0.00
07:30:38 AM    3    0.00    0.00    0.00    0.00    0.99    1.98    0.00    0.00    0.00   97.03
07:30:38 AM    4    0.00    0.00    0.00    0.00    0.00    0.00    0.00    0.00    0.00  100.00
07:30:38 AM    5    0.00    0.00    0.00    0.00    0.00    0.00    0.00    0.00    0.00  100.00
07:30:38 AM    6    0.00    0.00    0.00    0.00    0.00    0.00    0.00    0.00    0.00  100.00
07:30:38 AM    7    0.00    0.00    0.00    0.00    0.00    0.00    0.00    0.00    0.00  100.00

07:30:38 AM  CPU    %usr   %nice    %sys %iowait    %irq   %soft  %steal  %guest  %gnice   %idle
07:30:39 AM  all    0.25    0.00   29.94    0.00    0.13    0.38    0.00    0.00    0.00   69.31
07:30:39 AM    0    2.04    0.00   68.37    0.00    0.00    0.00    0.00    0.00    0.00   29.59
07:30:39 AM    1    0.00    0.00   71.72    0.00    1.01    1.01    0.00    0.00    0.00   26.26
07:30:39 AM    2    0.00    0.00  100.00    0.00    0.00    0.00    0.00    0.00    0.00    0.00
07:30:39 AM    3    0.00    0.00    0.00    0.00    0.00    2.02    0.00    0.00    0.00   97.98
07:30:39 AM    4    0.00    0.00    0.00    0.00    0.00    0.00    0.00    0.00    0.00  100.00
07:30:39 AM    5    0.00    0.00    0.00    0.00    0.00    0.00    0.00    0.00    0.00  100.00
07:30:39 AM    6    0.00    0.00    0.00    0.00    0.00    0.00    0.00    0.00    0.00  100.00
07:30:39 AM    7    0.00    0.00    0.00    0.00    0.00    0.00    0.00    0.00    0.00  100.00

07:30:39 AM  CPU    %usr   %nice    %sys %iowait    %irq   %soft  %steal  %guest  %gnice   %idle
07:30:40 AM  all    0.38    0.00   30.45    0.00    0.00    0.38    0.00    0.00    0.00   68.80
07:30:40 AM    0    1.02    0.00   72.45    0.00    0.00    0.00    0.00    0.00    0.00   26.53
07:30:40 AM    1    2.02    0.00   72.73    0.00    0.00    0.00    0.00    0.00    0.00   25.25
07:30:40 AM    2    0.00    0.00  100.00    0.00    0.00    0.00    0.00    0.00    0.00    0.00
07:30:40 AM    3    0.00    0.00    0.00    0.00    0.00    2.00    0.00    0.00    0.00   98.00
07:30:40 AM    4    0.00    0.00    0.00    0.00    0.00    0.99    0.00    0.00    0.00   99.01
07:30:40 AM    5    0.00    0.00    0.00    0.00    0.00    0.00    0.00    0.00    0.00  100.00
07:30:40 AM    6    0.00    0.00    0.00    0.00    0.00    0.00    0.00    0.00    0.00  100.00
07:30:40 AM    7    0.00    0.00    0.00    0.00    0.00    0.00    0.00    0.00    0.00  100.00

07:30:40 AM  CPU    %usr   %nice    %sys %iowait    %irq   %soft  %steal  %guest  %gnice   %idle
07:30:41 AM  all    0.38    0.00   29.20    0.00    0.13    0.25    0.00    0.00    0.00   70.05
07:30:41 AM    0    1.01    0.00   64.65    0.00    1.01    0.00    0.00    0.00    0.00   33.33
07:30:41 AM    1    2.00    0.00   69.00    0.00    0.00    0.00    0.00    0.00    0.00   29.00
07:30:41 AM    2    0.00    0.00  100.00    0.00    0.00    0.00    0.00    0.00    0.00    0.00
07:30:41 AM    3    0.00    0.00    0.00    0.00    0.00    2.00    0.00    0.00    0.00   98.00
07:30:41 AM    4    0.00    0.00    0.00    0.00    0.00    0.00    0.00    0.00    0.00  100.00
07:30:41 AM    5    0.00    0.00    0.00    0.00    0.00    0.00    0.00    0.00    0.00  100.00
07:30:41 AM    6    0.00    0.00    0.00    0.00    0.00    0.00    0.00    0.00    0.00  100.00
07:30:41 AM    7    0.00    0.00    0.00    0.00    0.00    0.00    0.00    0.00    0.00  100.00

07:30:41 AM  CPU    %usr   %nice    %sys %iowait    %irq   %soft  %steal  %guest  %gnice   %idle
07:30:42 AM  all    0.25    0.00   29.82    0.00    0.13    0.38    0.00    0.00    0.00   69.42
07:30:42 AM    0    1.00    0.00   70.00    0.00    0.00    1.00    0.00    0.00    0.00   28.00
07:30:42 AM    1    1.01    0.00   68.69    0.00    1.01    0.00    0.00    0.00    0.00   29.29
07:30:42 AM    2    0.00    0.00  100.00    0.00    0.00    0.00    0.00    0.00    0.00    0.00
07:30:42 AM    3    0.00    0.00    0.00    0.00    0.00    2.02    0.00    0.00    0.00   97.98
07:30:42 AM    4    0.00    0.00    0.00    0.00    0.00    0.00    0.00    0.00    0.00  100.00
07:30:42 AM    5    0.00    0.00    0.00    0.00    0.00    0.00    0.00    0.00    0.00  100.00
07:30:42 AM    6    0.00    0.00    0.00    0.00    0.00    0.00    0.00    0.00    0.00  100.00
07:30:42 AM    7    0.00    0.00    0.00    0.00    0.00    0.00    0.00    0.00    0.00  100.00

07:30:42 AM  CPU    %usr   %nice    %sys %iowait    %irq   %soft  %steal  %guest  %gnice   %idle
07:30:43 AM  all    0.50    0.00   30.24    0.00    0.13    0.13    0.00    0.00    0.00   69.01
07:30:43 AM    0    2.04    0.00   72.45    0.00    0.00    0.00    0.00    0.00    0.00   25.51
07:30:43 AM    1    2.00    0.00   70.00    0.00    0.00    0.00    0.00    0.00    0.00   28.00
07:30:43 AM    2    0.00    0.00  100.00    0.00    0.00    0.00    0.00    0.00    0.00    0.00
07:30:43 AM    3    0.00    0.00    0.00    0.00    1.00    1.00    0.00    0.00    0.00   98.00
07:30:43 AM    4    0.00    0.00    0.00    0.00    0.00    0.00    0.00    0.00    0.00  100.00
07:30:43 AM    5    0.00    0.00    0.00    0.00    0.00    0.00    0.00    0.00    0.00  100.00
07:30:43 AM    6    0.00    0.00    0.00    0.00    0.00    0.00    0.00    0.00    0.00  100.00
07:30:43 AM    7    0.00    0.00    0.00    0.00    0.00    0.00    0.00    0.00    0.00  100.00

07:30:43 AM  CPU    %usr   %nice    %sys %iowait    %irq   %soft  %steal  %guest  %gnice   %idle
07:30:44 AM  all    0.25    0.00   28.20    0.00    0.13    0.38    0.00    0.00    0.00   71.05
07:30:44 AM    0    1.03    0.00   62.89    0.00    1.03    0.00    0.00    0.00    0.00   35.05
07:30:44 AM    1    1.00    0.00   64.00    0.00    0.00    0.00    0.00    0.00    0.00   35.00
07:30:44 AM    2    0.00    0.00  100.00    0.00    0.00    0.00    0.00    0.00    0.00    0.00
07:30:44 AM    3    0.00    0.00    0.00    0.00    0.00    2.00    0.00    0.00    0.00   98.00
07:30:44 AM    4    0.00    0.00    0.00    0.00    0.00    0.99    0.00    0.00    0.00   99.01
07:30:44 AM    5    0.00    0.00    0.00    0.00    0.00    0.00    0.00    0.00    0.00  100.00
07:30:44 AM    6    0.00    0.00    0.00    0.00    0.00    0.00    0.00    0.00    0.00  100.00
07:30:44 AM    7    0.00    0.00    0.00    0.00    0.00    0.00    0.00    0.00    0.00  100.00

07:30:44 AM  CPU    %usr   %nice    %sys %iowait    %irq   %soft  %steal  %guest  %gnice   %idle
07:30:45 AM  all    0.38    0.00   29.42    0.00    0.00    0.25    0.00    0.00    0.00   69.95
07:30:45 AM    0    1.04    0.00   67.71    0.00    0.00    0.00    0.00    0.00    0.00   31.25
07:30:45 AM    1    2.04    0.00   69.39    0.00    0.00    0.00    0.00    0.00    0.00   28.57
07:30:45 AM    2    0.00    0.00  100.00    0.00    0.00    0.00    0.00    0.00    0.00    0.00
07:30:45 AM    3    0.00    0.00    0.00    0.00    0.00    2.02    0.00    0.00    0.00   97.98
07:30:45 AM    4    0.00    0.00    0.00    0.00    0.00    0.00    0.00    0.00    0.00  100.00
07:30:45 AM    5    0.00    0.00    0.00    0.00    0.00    0.00    0.00    0.00    0.00  100.00
07:30:45 AM    6    0.00    0.00    0.00    0.00    0.00    0.00    0.00    0.00    0.00  100.00
07:30:45 AM    7    0.00    0.00    0.00    0.00    0.00    0.00    0.00    0.00    0.00  100.00

07:30:45 AM  CPU    %usr   %nice    %sys %iowait    %irq   %soft  %steal  %guest  %gnice   %idle
07:30:46 AM  all    0.13    0.00   27.60    0.00    0.25    0.25    0.00    0.00    0.00   71.77
07:30:46 AM    0    0.00    0.00   63.92    0.00    0.00    0.00    0.00    0.00    0.00   36.08
07:30:46 AM    1    1.01    0.00   58.59    0.00    1.01    0.00    0.00    0.00    0.00   39.39
07:30:46 AM    2    0.00    0.00  100.00    0.00    0.00    0.00    0.00    0.00    0.00    0.00
07:30:46 AM    3    0.00    0.00    0.00    0.00    0.00    2.00    0.00    0.00    0.00   98.00
07:30:46 AM    4    0.00    0.00    0.00    0.00    0.99    0.00    0.00    0.00    0.00   99.01
07:30:46 AM    5    0.00    0.00    0.00    0.00    0.00    0.00    0.00    0.00    0.00  100.00
07:30:46 AM    6    0.00    0.00    0.00    0.00    0.00    0.00    0.00    0.00    0.00  100.00
07:30:46 AM    7    0.00    0.00    0.00    0.00    0.00    0.00    0.00    0.00    0.00  100.00

07:30:46 AM  CPU    %usr   %nice    %sys %iowait    %irq   %soft  %steal  %guest  %gnice   %idle
07:30:47 AM  all    0.25    0.00   28.89    0.00    0.25    0.25    0.00    0.00    0.00   70.35
07:30:47 AM    0    1.01    0.00   67.68    0.00    1.01    0.00    0.00    0.00    0.00   30.30
07:30:47 AM    1    1.04    0.00   65.62    0.00    0.00    0.00    0.00    0.00    0.00   33.33
07:30:47 AM    2    0.00    0.00  100.00    0.00    0.00    0.00    0.00    0.00    0.00    0.00
07:30:47 AM    3    0.00    0.00    0.00    0.00    0.99    1.98    0.00    0.00    0.00   97.03
07:30:47 AM    4    0.00    0.00    0.00    0.00    0.00    0.00    0.00    0.00    0.00  100.00
07:30:47 AM    5    0.00    0.00    0.00    0.00    0.00    0.00    0.00    0.00    0.00  100.00
07:30:47 AM    6    0.00    0.00    0.00    0.00    0.00    0.00    0.00    0.00    0.00  100.00
07:30:47 AM    7    0.00    0.00    0.00    0.00    0.00    0.00    0.00    0.00    0.00  100.00

07:30:47 AM  CPU    %usr   %nice    %sys %iowait    %irq   %soft  %steal  %guest  %gnice   %idle
07:30:48 AM  all    0.25    0.00   28.48    0.00    0.00    0.50    0.00    0.00    0.00   70.77
07:30:48 AM    0    1.02    0.00   61.22    0.00    0.00    1.02    0.00    0.00    0.00   36.73
07:30:48 AM    1    0.99    0.00   66.34    0.00    0.00    0.99    0.00    0.00    0.00   31.68
07:30:48 AM    2    0.00    0.00  100.00    0.00    0.00    0.00    0.00    0.00    0.00    0.00
07:30:48 AM    3    0.00    0.00    0.00    0.00    0.00    2.02    0.00    0.00    0.00   97.98
07:30:48 AM    4    0.00    0.00    0.00    0.00    0.00    0.00    0.00    0.00    0.00  100.00
07:30:48 AM    5    0.00    0.00    0.00    0.00    0.00    0.00    0.00    0.00    0.00  100.00
07:30:48 AM    6    0.00    0.00    0.00    0.00    0.00    0.00    0.00    0.00    0.00  100.00
07:30:48 AM    7    0.00    0.00    0.00    0.00    0.00    0.00    0.00    0.00    0.00  100.00

07:30:48 AM  CPU    %usr   %nice    %sys %iowait    %irq   %soft  %steal  %guest  %gnice   %idle
07:30:49 AM  all    0.38    0.00   28.82    0.00    0.00    0.38    0.00    0.00    0.00   70.43
07:30:49 AM    0    2.00    0.00   65.00    0.00    0.00    0.00    0.00    0.00    0.00   33.00
07:30:49 AM    1    1.03    0.00   67.01    0.00    0.00    0.00    0.00    0.00    0.00   31.96
07:30:49 AM    2    0.00    0.00  100.00    0.00    0.00    0.00    0.00    0.00    0.00    0.00
07:30:49 AM    3    0.00    0.00    0.00    0.00    0.00    2.00    0.00    0.00    0.00   98.00
07:30:49 AM    4    0.00    0.00    0.00    0.00    0.00    0.99    0.00    0.00    0.00   99.01
07:30:49 AM    5    0.00    0.00    0.00    0.00    0.00    0.00    0.00    0.00    0.00  100.00
07:30:49 AM    6    0.00    0.00    0.00    0.00    0.00    0.00    0.00    0.00    0.00  100.00
07:30:49 AM    7    0.00    0.00    0.00    0.00    0.00    0.00    0.00    0.00    0.00  100.00

07:30:49 AM  CPU    %usr   %nice    %sys %iowait    %irq   %soft  %steal  %guest  %gnice   %idle
07:30:50 AM  all    0.50    0.00   28.27    0.00    0.25    0.25    0.00    0.00    0.00   70.73
07:30:50 AM    0    2.02    0.00   63.64    0.00    1.01    0.00    0.00    0.00    0.00   33.33
07:30:50 AM    1    2.06    0.00   63.92    0.00    1.03    0.00    0.00    0.00    0.00   32.99
07:30:50 AM    2    0.00    0.00  100.00    0.00    0.00    0.00    0.00    0.00    0.00    0.00
07:30:50 AM    3    0.00    0.00    0.00    0.00    0.00    2.00    0.00    0.00    0.00   98.00
07:30:50 AM    4    0.00    0.00    0.00    0.00    0.00    0.00    0.00    0.00    0.00  100.00
07:30:50 AM    5    0.00    0.00    0.00    0.00    0.00    0.00    0.00    0.00    0.00  100.00
07:30:50 AM    6    0.00    0.00    0.00    0.00    0.00    0.00    0.00    0.00    0.00  100.00
07:30:50 AM    7    0.00    0.00    0.00    0.00    0.00    0.00    0.00    0.00    0.00  100.00

07:30:50 AM  CPU    %usr   %nice    %sys %iowait    %irq   %soft  %steal  %guest  %gnice   %idle
07:30:51 AM  all    0.25    0.00   29.89    0.00    0.00    0.25    0.00    0.00    0.00   69.61
07:30:51 AM    0    1.03    0.00   73.20    0.00    0.00    0.00    0.00    0.00    0.00   25.77
07:30:51 AM    1    1.02    0.00   67.35    0.00    0.00    0.00    0.00    0.00    0.00   31.63
07:30:51 AM    2    0.00    0.00  100.00    0.00    0.00    0.00    0.00    0.00    0.00    0.00
07:30:51 AM    3    0.00    0.00    0.00    0.00    0.00    2.02    0.00    0.00    0.00   97.98
07:30:51 AM    4    0.00    0.00    0.00    0.00    0.00    0.00    0.00    0.00    0.00  100.00
07:30:51 AM    5    0.00    0.00    0.00    0.00    0.00    0.00    0.00    0.00    0.00  100.00
07:30:51 AM    6    0.00    0.00    0.00    0.00    0.00    0.00    0.00    0.00    0.00  100.00
07:30:51 AM    7    0.00    0.00    0.00    0.00    0.00    0.00    0.00    0.00    0.00  100.00

07:30:51 AM  CPU    %usr   %nice    %sys %iowait    %irq   %soft  %steal  %guest  %gnice   %idle
07:30:52 AM  all    0.38    0.00   29.36    0.00    0.13    0.25    0.00    0.00    0.00   69.89
07:30:52 AM    0    1.02    0.00   71.43    0.00    0.00    1.02    0.00    0.00    0.00   26.53
07:30:52 AM    1    2.02    0.00   64.65    0.00    0.00    0.00    0.00    0.00    0.00   33.33
07:30:52 AM    2    0.00    0.00  100.00    0.00    0.00    0.00    0.00    0.00    0.00    0.00
07:30:52 AM    3    0.00    0.00    0.00    0.00    1.00    1.00    0.00    0.00    0.00   98.00
07:30:52 AM    4    0.00    0.00    0.00    0.00    0.00    0.00    0.00    0.00    0.00  100.00
07:30:52 AM    5    0.00    0.00    0.00    0.00    0.00    0.00    0.00    0.00    0.00  100.00
07:30:52 AM    6    0.00    0.00    0.00    0.00    0.00    0.00    0.00    0.00    0.00  100.00
07:30:52 AM    7    0.00    0.00    0.00    0.00    0.00    0.00    0.00    0.00    0.00  100.00

07:30:52 AM  CPU    %usr   %nice    %sys %iowait    %irq   %soft  %steal  %guest  %gnice   %idle
07:30:53 AM  all    0.38    0.00   28.70    0.00    0.25    0.38    0.00    0.00    0.00   70.30
07:30:53 AM    0    2.02    0.00   63.64    0.00    1.01    0.00    0.00    0.00    0.00   33.33
07:30:53 AM    1    1.01    0.00   66.67    0.00    1.01    0.00    0.00    0.00    0.00   31.31
07:30:53 AM    2    0.00    0.00  100.00    0.00    0.00    0.00    0.00    0.00    0.00    0.00
07:30:53 AM    3    0.00    0.00    0.00    0.00    0.00    2.00    0.00    0.00    0.00   98.00
07:30:53 AM    4    0.00    0.00    0.00    0.00    0.00    1.00    0.00    0.00    0.00   99.00
07:30:53 AM    5    0.00    0.00    0.00    0.00    0.00    0.00    0.00    0.00    0.00  100.00
07:30:53 AM    6    0.00    0.00    0.00    0.00    0.00    0.00    0.00    0.00    0.00  100.00
07:30:53 AM    7    0.00    0.00    0.00    0.00    0.00    0.00    0.00    0.00    0.00  100.00

07:30:53 AM  CPU    %usr   %nice    %sys %iowait    %irq   %soft  %steal  %guest  %gnice   %idle
07:30:54 AM  all    0.38    0.00   29.02    0.00    0.00    0.25    0.00    0.00    0.00   70.35
07:30:54 AM    0    1.01    0.00   65.66    0.00    0.00    0.00    0.00    0.00    0.00   33.33
07:30:54 AM    1    2.04    0.00   67.35    0.00    0.00    0.00    0.00    0.00    0.00   30.61
07:30:54 AM    2    0.00    0.00  100.00    0.00    0.00    0.00    0.00    0.00    0.00    0.00
07:30:54 AM    3    0.00    0.00    0.00    0.00    0.00    2.02    0.00    0.00    0.00   97.98
07:30:54 AM    4    0.00    0.00    0.00    0.00    0.00    0.00    0.00    0.00    0.00  100.00
07:30:54 AM    5    0.00    0.00    0.00    0.00    0.00    0.00    0.00    0.00    0.00  100.00
07:30:54 AM    6    0.00    0.00    0.00    0.00    0.00    0.00    0.00    0.00    0.00  100.00
07:30:54 AM    7    0.00    0.00    0.00    0.00    0.00    0.00    0.00    0.00    0.00  100.00

07:30:54 AM  CPU    %usr   %nice    %sys %iowait    %irq   %soft  %steal  %guest  %gnice   %idle
07:30:55 AM  all    0.38    0.00   28.48    0.00    0.00    0.25    0.00    0.00    0.00   70.89
07:30:55 AM    0    2.00    0.00   61.00    0.00    0.00    0.00    0.00    0.00    0.00   37.00
07:30:55 AM    1    1.03    0.00   68.04    0.00    0.00    0.00    0.00    0.00    0.00   30.93
07:30:55 AM    2    0.00    0.00  100.00    0.00    0.00    0.00    0.00    0.00    0.00    0.00
07:30:55 AM    3    0.00    0.00    0.00    0.00    0.00    2.00    0.00    0.00    0.00   98.00
07:30:55 AM    4    0.00    0.00    0.00    0.00    0.00    0.00    0.00    0.00    0.00  100.00
07:30:55 AM    5    0.00    0.00    0.00    0.00    0.00    0.00    0.00    0.00    0.00  100.00
07:30:55 AM    6    0.00    0.00    0.00    0.00    0.00    0.00    0.00    0.00    0.00  100.00
07:30:55 AM    7    0.00    0.00    0.00    0.00    0.00    0.00    0.00    0.00    0.00  100.00

07:30:55 AM  CPU    %usr   %nice    %sys %iowait    %irq   %soft  %steal  %guest  %gnice   %idle
07:30:56 AM  all    0.38    0.00   29.99    0.00    0.13    0.38    0.00    0.00    0.00   69.13
07:30:56 AM    0    1.00    0.00   71.00    0.00    1.00    0.00    0.00    0.00    0.00   27.00
07:30:56 AM    1    2.02    0.00   68.69    0.00    0.00    1.01    0.00    0.00    0.00   28.28
07:30:56 AM    2    0.00    0.00  100.00    0.00    0.00    0.00    0.00    0.00    0.00    0.00
07:30:56 AM    3    0.00    0.00    0.00    0.00    0.00    2.02    0.00    0.00    0.00   97.98
07:30:56 AM    4    0.00    0.00    0.00    0.00    0.00    0.00    0.00    0.00    0.00  100.00
07:30:56 AM    5    0.00    0.00    0.00    0.00    0.00    0.00    0.00    0.00    0.00  100.00
07:30:56 AM    6    0.00    0.00    0.00    0.00    0.00    0.00    0.00    0.00    0.00  100.00
07:30:56 AM    7    0.00    0.00    0.00    0.00    0.00    0.00    0.00    0.00    0.00  100.00

07:30:56 AM  CPU    %usr   %nice    %sys %iowait    %irq   %soft  %steal  %guest  %gnice   %idle
07:30:57 AM  all    0.25    0.00   28.12    0.00    0.25    0.38    0.00    0.00    0.00   71.00
07:30:57 AM    0    1.02    0.00   62.24    0.00    0.00    0.00    0.00    0.00    0.00   36.73
07:30:57 AM    1    1.00    0.00   64.00    0.00    1.00    0.00    0.00    0.00    0.00   34.00
07:30:57 AM    2    0.00    0.00  100.00    0.00    0.00    0.00    0.00    0.00    0.00    0.00
07:30:57 AM    3    0.00    0.00    0.00    0.00    0.99    1.98    0.00    0.00    0.00   97.03
07:30:57 AM    4    0.00    0.00    0.00    0.00    0.00    0.99    0.00    0.00    0.00   99.01
07:30:57 AM    5    0.00    0.00    0.00    0.00    0.00    0.00    0.00    0.00    0.00  100.00
07:30:57 AM    6    0.00    0.00    0.00    0.00    0.00    0.00    0.00    0.00    0.00  100.00
07:30:57 AM    7    0.00    0.00    0.00    0.00    0.00    0.00    0.00    0.00    0.00  100.00

07:30:57 AM  CPU    %usr   %nice    %sys %iowait    %irq   %soft  %steal  %guest  %gnice   %idle
07:30:58 AM  all    0.25    0.00   28.52    0.00    0.00    0.38    0.00    0.00    0.00   70.85
07:30:58 AM    0    0.99    0.00   68.32    0.00    0.00    0.99    0.00    0.00    0.00   29.70
07:30:58 AM    1    1.04    0.00   60.42    0.00    0.00    0.00    0.00    0.00    0.00   38.54
07:30:58 AM    2    0.00    0.00  100.00    0.00    0.00    0.00    0.00    0.00    0.00    0.00
07:30:58 AM    3    0.00    0.00    0.00    0.00    0.00    2.00    0.00    0.00    0.00   98.00
07:30:58 AM    4    0.00    0.00    0.00    0.00    0.00    0.00    0.00    0.00    0.00  100.00
07:30:58 AM    5    0.00    0.00    0.00    0.00    0.00    0.00    0.00    0.00    0.00  100.00
07:30:58 AM    6    0.00    0.00    0.00    0.00    0.00    0.00    0.00    0.00    0.00  100.00
07:30:58 AM    7    0.00    0.00    0.00    0.00    0.00    0.00    0.00    0.00    0.00  100.00

07:30:58 AM  CPU    %usr   %nice    %sys %iowait    %irq   %soft  %steal  %guest  %gnice   %idle
07:30:59 AM  all    0.25    0.00   28.73    0.00    0.00    0.25    0.00    0.00    0.00   70.77
07:30:59 AM    0    1.01    0.00   66.67    0.00    0.00    0.00    0.00    0.00    0.00   32.32
07:30:59 AM    1    1.02    0.00   64.29    0.00    0.00    0.00    0.00    0.00    0.00   34.69
07:30:59 AM    2    0.00    0.00  100.00    0.00    0.00    0.00    0.00    0.00    0.00    0.00
07:30:59 AM    3    0.00    0.00    0.00    0.00    0.00    2.00    0.00    0.00    0.00   98.00
07:30:59 AM    4    0.00    0.00    0.00    0.00    0.00    0.00    0.00    0.00    0.00  100.00
07:30:59 AM    5    0.00    0.00    0.00    0.00    0.00    0.00    0.00    0.00    0.00  100.00
07:30:59 AM    6    0.00    0.00    0.00    0.00    0.00    0.00    0.00    0.00    0.00  100.00
07:30:59 AM    7    0.00    0.00    0.00    0.00    0.00    0.00    0.00    0.00    0.00  100.00

07:30:59 AM  CPU    %usr   %nice    %sys %iowait    %irq   %soft  %steal  %guest  %gnice   %idle
07:31:00 AM  all    0.25    0.00   29.21    0.00    0.37    0.25    0.00    0.00    0.00   69.91
07:31:00 AM    0    1.01    0.00   68.69    0.00    1.01    0.00    0.00    0.00    0.00   29.29
07:31:00 AM    1    0.98    0.00   64.71    0.00    0.98    0.00    0.00    0.00    0.00   33.33
07:31:00 AM    2    0.00    0.00  100.00    0.00    0.00    0.00    0.00    0.00    0.00    0.00
07:31:00 AM    3    0.00    0.00    0.00    0.00    0.00    2.02    0.00    0.00    0.00   97.98
07:31:00 AM    4    0.00    0.00    0.00    0.00    0.99    0.00    0.00    0.00    0.00   99.01
07:31:00 AM    5    0.00    0.00    0.00    0.00    0.00    0.00    0.00    0.00    0.00  100.00
07:31:00 AM    6    0.00    0.00    0.00    0.00    0.00    0.00    0.00    0.00    0.00  100.00
07:31:00 AM    7    0.00    0.00    0.00    0.00    0.00    0.00    0.00    0.00    0.00  100.00

07:31:00 AM  CPU    %usr   %nice    %sys %iowait    %irq   %soft  %steal  %guest  %gnice   %idle
07:31:01 AM  all    0.25    0.00   28.97    0.00    0.13    0.38    0.00    0.00    0.00   70.28
07:31:01 AM    0    1.04    0.00   62.50    0.00    0.00    0.00    0.00    0.00    0.00   36.46
07:31:01 AM    1    1.03    0.00   72.16    0.00    0.00    0.00    0.00    0.00    0.00   26.80
07:31:01 AM    2    0.00    0.00  100.00    0.00    0.00    0.00    0.00    0.00    0.00    0.00
07:31:01 AM    3    0.00    0.00    0.00    0.00    0.99    1.98    0.00    0.00    0.00   97.03
07:31:01 AM    4    0.00    0.00    0.00    0.00    0.00    1.00    0.00    0.00    0.00   99.00
07:31:01 AM    5    0.00    0.00    0.00    0.00    0.00    0.00    0.00    0.00    0.00  100.00
07:31:01 AM    6    0.00    0.00    0.00    0.00    0.00    0.00    0.00    0.00    0.00  100.00
07:31:01 AM    7    0.00    0.00    0.00    0.00    0.00    0.00    0.00    0.00    0.00  100.00

07:31:01 AM  CPU    %usr   %nice    %sys %iowait    %irq   %soft  %steal  %guest  %gnice   %idle
07:31:02 AM  all    0.38    0.00   28.52    0.00    0.00    0.25    0.00    0.00    0.00   70.85
07:31:02 AM    0    1.04    0.00   64.58    0.00    0.00    0.00    0.00    0.00    0.00   34.38
07:31:02 AM    1    1.98    0.00   64.36    0.00    0.00    0.00    0.00    0.00    0.00   33.66
07:31:02 AM    2    0.00    0.00  100.00    0.00    0.00    0.00    0.00    0.00    0.00    0.00
07:31:02 AM    3    0.00    0.00    0.00    0.00    0.00    2.02    0.00    0.00    0.00   97.98
07:31:02 AM    4    0.00    0.00    0.00    0.00    0.00    0.00    0.00    0.00    0.00  100.00
07:31:02 AM    5    0.00    0.00    0.00    0.00    0.00    0.00    0.00    0.00    0.00  100.00
07:31:02 AM    6    0.00    0.00    0.00    0.00    0.00    0.00    0.00    0.00    0.00  100.00
07:31:02 AM    7    0.00    0.00    0.00    0.00    0.00    0.00    0.00    0.00    0.00  100.00

07:31:02 AM  CPU    %usr   %nice    %sys %iowait    %irq   %soft  %steal  %guest  %gnice   %idle
07:31:03 AM  all    0.25    0.00   30.00    0.00    0.12    0.38    0.00    0.00    0.00   69.25
07:31:03 AM    0    0.97    0.00   66.02    0.00    0.97    0.97    0.00    0.00    0.00   31.07
07:31:03 AM    1    1.02    0.00   73.47    0.00    0.00    0.00    0.00    0.00    0.00   25.51
07:31:03 AM    2    0.00    0.00  100.00    0.00    0.00    0.00    0.00    0.00    0.00    0.00
07:31:03 AM    3    0.00    0.00    0.00    0.00    0.00    2.00    0.00    0.00    0.00   98.00
07:31:03 AM    4    0.00    0.00    0.00    0.00    0.00    0.00    0.00    0.00    0.00  100.00
07:31:03 AM    5    0.00    0.00    0.00    0.00    0.00    0.00    0.00    0.00    0.00  100.00
07:31:03 AM    6    0.00    0.00    0.00    0.00    0.00    0.00    0.00    0.00    0.00  100.00
07:31:03 AM    7    0.00    0.00    0.00    0.00    0.00    0.00    0.00    0.00    0.00  100.00

07:31:03 AM  CPU    %usr   %nice    %sys %iowait    %irq   %soft  %steal  %guest  %gnice   %idle
07:31:04 AM  all    0.37    0.00   29.21    0.00    0.12    0.25    0.00    0.00    0.00   70.04
07:31:04 AM    0    2.04    0.00   67.35    0.00    0.00    0.00    0.00    0.00    0.00   30.61
07:31:04 AM    1    0.96    0.00   65.38    0.00    0.96    0.96    0.00    0.00    0.00   31.73
07:31:04 AM    2    0.00    0.00  100.00    0.00    0.00    0.00    0.00    0.00    0.00    0.00
07:31:04 AM    3    0.00    0.00    0.00    0.00    0.00    1.01    0.00    0.00    0.00   98.99
07:31:04 AM    4    0.00    0.00    0.00    0.00    0.00    0.00    0.00    0.00    0.00  100.00
07:31:04 AM    5    0.00    0.00    0.00    0.00    0.00    0.00    0.00    0.00    0.00  100.00
07:31:04 AM    6    0.00    0.00    0.00    0.00    0.00    0.00    0.00    0.00    0.00  100.00
07:31:04 AM    7    0.00    0.00    0.00    0.00    0.00    0.00    0.00    0.00    0.00  100.00

07:31:04 AM  CPU    %usr   %nice    %sys %iowait    %irq   %soft  %steal  %guest  %gnice   %idle
07:31:05 AM  all    0.25    0.00   29.94    0.00    0.00    0.38    0.00    0.00    0.00   69.43
07:31:05 AM    0    1.02    0.00   71.43    0.00    0.00    0.00    0.00    0.00    0.00   27.55
07:31:05 AM    1    1.03    0.00   70.10    0.00    0.00    0.00    0.00    0.00    0.00   28.87
07:31:05 AM    2    0.00    0.00  100.00    0.00    0.00    0.00    0.00    0.00    0.00    0.00
07:31:05 AM    3    0.00    0.00    0.00    0.00    0.00    2.02    0.00    0.00    0.00   97.98
07:31:05 AM    4    0.00    0.00    0.00    0.00    0.00    0.99    0.00    0.00    0.00   99.01
07:31:05 AM    5    0.00    0.00    0.00    0.00    0.00    0.00    0.00    0.00    0.00  100.00
07:31:05 AM    6    0.00    0.00    0.00    0.00    0.00    0.00    0.00    0.00    0.00  100.00
07:31:05 AM    7    0.00    0.00    0.00    0.00    0.00    0.00    0.00    0.00    0.00  100.00

07:31:05 AM  CPU    %usr   %nice    %sys %iowait    %irq   %soft  %steal  %guest  %gnice   %idle
07:31:06 AM  all    0.38    0.00   29.36    0.00    0.25    0.25    0.00    0.00    0.00   69.76
07:31:06 AM    0    2.02    0.00   68.69    0.00    1.01    0.00    0.00    0.00    0.00   28.28
07:31:06 AM    1    1.02    0.00   67.35    0.00    0.00    0.00    0.00    0.00    0.00   31.63
07:31:06 AM    2    0.00    0.00  100.00    0.00    0.00    0.00    0.00    0.00    0.00    0.00
07:31:06 AM    3    0.00    0.00    0.00    0.00    0.99    1.98    0.00    0.00    0.00   97.03
07:31:06 AM    4    0.00    0.00    0.00    0.00    0.00    0.00    0.00    0.00    0.00  100.00
07:31:06 AM    5    0.00    0.00    0.00    0.00    0.00    0.00    0.00    0.00    0.00  100.00
07:31:06 AM    6    0.00    0.00    0.00    0.00    0.00    0.00    0.00    0.00    0.00  100.00
07:31:06 AM    7    0.00    0.00    0.00    0.00    0.00    0.00    0.00    0.00    0.00  100.00

07:31:06 AM  CPU    %usr   %nice    %sys %iowait    %irq   %soft  %steal  %guest  %gnice   %idle
07:31:07 AM  all    0.12    0.00   28.50    0.00    0.12    0.25    0.00    0.00    0.00   71.00
07:31:07 AM    0    0.00    0.00   63.27    0.00    0.00    0.00    0.00    0.00    0.00   36.73
07:31:07 AM    1    0.98    0.00   64.71    0.00    0.98    0.00    0.00    0.00    0.00   33.33
07:31:07 AM    2    0.00    0.00  100.00    0.00    0.00    0.00    0.00    0.00    0.00    0.00
07:31:07 AM    3    0.00    0.00    0.00    0.00    0.00    2.00    0.00    0.00    0.00   98.00
07:31:07 AM    4    0.00    0.00    0.00    0.00    0.00    0.00    0.00    0.00    0.00  100.00
07:31:07 AM    5    0.00    0.00    0.00    0.00    0.00    0.00    0.00    0.00    0.00  100.00
07:31:07 AM    6    0.00    0.00    0.00    0.00    0.00    0.00    0.00    0.00    0.00  100.00
07:31:07 AM    7    0.00    0.00    0.00    0.00    0.00    0.00    0.00    0.00    0.00  100.00

07:31:07 AM  CPU    %usr   %nice    %sys %iowait    %irq   %soft  %steal  %guest  %gnice   %idle
07:31:08 AM  all    0.38    0.00   29.27    0.00    0.00    0.38    0.00    0.00    0.00   69.97
07:31:08 AM    0    1.00    0.00   65.00    0.00    0.00    1.00    0.00    0.00    0.00   33.00
07:31:08 AM    1    2.04    0.00   69.39    0.00    0.00    0.00    0.00    0.00    0.00   28.57
07:31:08 AM    2    0.00    0.00  100.00    0.00    0.00    0.00    0.00    0.00    0.00    0.00
07:31:08 AM    3    0.00    0.00    0.00    0.00    0.00    2.02    0.00    0.00    0.00   97.98
07:31:08 AM    4    0.00    0.00    0.00    0.00    0.00    0.00    0.00    0.00    0.00  100.00
07:31:08 AM    5    0.00    0.00    0.00    0.00    0.00    0.00    0.00    0.00    0.00  100.00
07:31:08 AM    6    0.00    0.00    0.00    0.00    0.00    0.00    0.00    0.00    0.00  100.00
07:31:08 AM    7    0.00    0.00    0.00    0.00    0.00    0.00    0.00    0.00    0.00  100.00

07:31:08 AM  CPU    %usr   %nice    %sys %iowait    %irq   %soft  %steal  %guest  %gnice   %idle
07:31:09 AM  all    0.25    0.00   30.33    0.00    0.13    0.38    0.00    0.00    0.00   68.92
07:31:09 AM    0    1.02    0.00   70.41    0.00    1.02    0.00    0.00    0.00    0.00   27.55
07:31:09 AM    1    1.01    0.00   73.74    0.00    0.00    0.00    0.00    0.00    0.00   25.25
07:31:09 AM    2    0.00    0.00  100.00    0.00    0.00    0.00    0.00    0.00    0.00    0.00
07:31:09 AM    3    0.00    0.00    0.00    0.00    0.00    2.00    0.00    0.00    0.00   98.00
07:31:09 AM    4    0.00    0.00    0.00    0.00    0.00    0.99    0.00    0.00    0.00   99.01
07:31:09 AM    5    0.00    0.00    0.00    0.00    0.00    0.00    0.00    0.00    0.00  100.00
07:31:09 AM    6    0.00    0.00    0.00    0.00    0.00    0.00    0.00    0.00    0.00  100.00
07:31:09 AM    7    0.00    0.00    0.00    0.00    0.00    0.00    0.00    0.00    0.00  100.00

07:31:09 AM  CPU    %usr   %nice    %sys %iowait    %irq   %soft  %steal  %guest  %gnice   %idle
07:31:10 AM  all    0.38    0.00   29.74    0.00    0.00    0.25    0.00    0.00    0.00   69.64
07:31:10 AM    0    1.00    0.00   67.00    0.00    0.00    0.00    0.00    0.00    0.00   32.00
07:31:10 AM    1    2.02    0.00   70.71    0.00    0.00    0.00    0.00    0.00    0.00   27.27
07:31:10 AM    2    0.00    0.00  100.00    0.00    0.00    0.00    0.00    0.00    0.00    0.00
07:31:10 AM    3    0.00    0.00    0.00    0.00    0.00    2.02    0.00    0.00    0.00   97.98
07:31:10 AM    4    0.00    0.00    0.00    0.00    0.00    0.00    0.00    0.00    0.00  100.00
07:31:10 AM    5    0.00    0.00    0.00    0.00    0.00    0.00    0.00    0.00    0.00  100.00
07:31:10 AM    6    0.00    0.00    0.00    0.00    0.00    0.00    0.00    0.00    0.00  100.00
07:31:10 AM    7    0.00    0.00    0.00    0.00    0.00    0.00    0.00    0.00    0.00  100.00

07:31:10 AM  CPU    %usr   %nice    %sys %iowait    %irq   %soft  %steal  %guest  %gnice   %idle
07:31:11 AM  all    0.13    0.00   30.15    0.00    0.25    0.25    0.00    0.00    0.00   69.22
07:31:11 AM    0    1.03    0.00   73.20    0.00    0.00    0.00    0.00    0.00    0.00   25.77
07:31:11 AM    1    0.00    0.00   70.41    0.00    1.02    0.00    0.00    0.00    0.00   28.57
07:31:11 AM    2    0.00    0.00  100.00    0.00    0.00    0.00    0.00    0.00    0.00    0.00
07:31:11 AM    3    0.00    0.00    0.00    0.00    0.99    1.98    0.00    0.00    0.00   97.03
07:31:11 AM    4    0.00    0.00    0.00    0.00    0.00    0.00    0.00    0.00    0.00  100.00
07:31:11 AM    5    0.00    0.00    0.00    0.00    0.00    0.00    0.00    0.00    0.00  100.00
07:31:11 AM    6    0.00    0.00    0.00    0.00    0.00    0.00    0.00    0.00    0.00  100.00
07:31:11 AM    7    0.00    0.00    0.00    0.00    0.00    0.00    0.00    0.00    0.00  100.00

07:31:11 AM  CPU    %usr   %nice    %sys %iowait    %irq   %soft  %steal  %guest  %gnice   %idle
07:31:12 AM  all    0.25    0.00   30.16    0.00    0.25    0.25    0.00    0.00    0.00   69.09
07:31:12 AM    0    1.01    0.00   69.70    0.00    1.01    0.00    0.00    0.00    0.00   28.28
07:31:12 AM    1    1.00    0.00   72.00    0.00    0.00    0.00    0.00    0.00    0.00   27.00
07:31:12 AM    2    0.00    0.00  100.00    0.00    0.00    0.00    0.00    0.00    0.00    0.00
07:31:12 AM    3    0.00    0.00    0.00    0.00    0.00    2.00    0.00    0.00    0.00   98.00
07:31:12 AM    4    0.00    0.00    0.00    0.00    1.00    0.00    0.00    0.00    0.00   99.00
07:31:12 AM    5    0.00    0.00    0.00    0.00    0.00    0.00    0.00    0.00    0.00  100.00
07:31:12 AM    6    0.00    0.00    0.00    0.00    0.00    0.00    0.00    0.00    0.00  100.00
07:31:12 AM    7    0.00    0.00    0.00    0.00    0.00    0.00    0.00    0.00    0.00  100.00

07:31:12 AM  CPU    %usr   %nice    %sys %iowait    %irq   %soft  %steal  %guest  %gnice   %idle
07:31:13 AM  all    0.50    0.00   28.91    0.00    0.00    0.63    0.00    0.00    0.00   69.96
07:31:13 AM    0    2.02    0.00   67.68    0.00    0.00    1.01    0.00    0.00    0.00   29.29
07:31:13 AM    1    2.00    0.00   64.00    0.00    0.00    1.00    0.00    0.00    0.00   33.00
07:31:13 AM    2    0.00    0.00  100.00    0.00    0.00    0.00    0.00    0.00    0.00    0.00
07:31:13 AM    3    0.00    0.00    0.00    0.00    0.00    2.02    0.00    0.00    0.00   97.98
07:31:13 AM    4    0.00    0.00    0.00    0.00    0.00    0.99    0.00    0.00    0.00   99.01
07:31:13 AM    5    0.00    0.00    0.00    0.00    0.00    0.00    0.00    0.00    0.00  100.00
07:31:13 AM    6    0.00    0.00    0.00    0.00    0.00    0.00    0.00    0.00    0.00  100.00
07:31:13 AM    7    0.00    0.00    0.00    0.00    0.00    0.00    0.00    0.00    0.00  100.00

07:31:13 AM  CPU    %usr   %nice    %sys %iowait    %irq   %soft  %steal  %guest  %gnice   %idle
07:31:14 AM  all    0.38    0.00   28.86    0.00    0.13    0.25    0.00    0.00    0.00   70.39
07:31:14 AM    0    1.01    0.00   67.68    0.00    0.00    0.00    0.00    0.00    0.00   31.31
07:31:14 AM    1    2.04    0.00   64.29    0.00    1.02    0.00    0.00    0.00    0.00   32.65
07:31:14 AM    2    0.00    0.00  100.00    0.00    0.00    0.00    0.00    0.00    0.00    0.00
07:31:14 AM    3    0.00    0.00    0.00    0.00    0.00    2.00    0.00    0.00    0.00   98.00
07:31:14 AM    4    0.00    0.00    0.00    0.00    0.00    0.00    0.00    0.00    0.00  100.00
07:31:14 AM    5    0.00    0.00    0.00    0.00    0.00    0.00    0.00    0.00    0.00  100.00
07:31:14 AM    6    0.00    0.00    0.00    0.00    0.00    0.00    0.00    0.00    0.00  100.00
07:31:14 AM    7    0.00    0.00    0.00    0.00    0.00    0.00    0.00    0.00    0.00  100.00

07:31:14 AM  CPU    %usr   %nice    %sys %iowait    %irq   %soft  %steal  %guest  %gnice   %idle
07:31:15 AM  all    0.13    0.00   29.43    0.00    0.25    0.13    0.00    0.00    0.00   70.06
07:31:15 AM    0    0.99    0.00   76.24    0.00    0.99    0.00    0.00    0.00    0.00   21.78
07:31:15 AM    1    0.00    0.00   60.00    0.00    0.00    0.00    0.00    0.00    0.00   40.00
07:31:15 AM    2    0.00    0.00  100.00    0.00    0.00    0.00    0.00    0.00    0.00    0.00
07:31:15 AM    3    0.00    0.00    0.00    0.00    1.00    1.00    0.00    0.00    0.00   98.00
07:31:15 AM    4    0.00    0.00    0.00    0.00    0.00    0.00    0.00    0.00    0.00  100.00
07:31:15 AM    5    0.00    0.00    0.00    0.00    0.00    0.00    0.00    0.00    0.00  100.00
07:31:15 AM    6    0.00    0.00    0.00    0.00    0.00    0.00    0.00    0.00    0.00  100.00
07:31:15 AM    7    0.00    0.00    0.00    0.00    0.00    0.00    0.00    0.00    0.00  100.00

07:31:15 AM  CPU    %usr   %nice    %sys %iowait    %irq   %soft  %steal  %guest  %gnice   %idle
07:31:16 AM  all    0.50    0.00   28.86    0.00    0.00    0.25    0.00    0.00    0.00   70.39
07:31:16 AM    0    2.04    0.00   74.49    0.00    0.00    0.00    0.00    0.00    0.00   23.47
07:31:16 AM    1    2.02    0.00   57.58    0.00    0.00    0.00    0.00    0.00    0.00   40.40
07:31:16 AM    2    0.00    0.00  100.00    0.00    0.00    0.00    0.00    0.00    0.00    0.00
07:31:16 AM    3    0.00    0.00    0.00    0.00    0.00    2.00    0.00    0.00    0.00   98.00
07:31:16 AM    4    0.00    0.00    0.00    0.00    0.00    0.00    0.00    0.00    0.00  100.00
07:31:16 AM    5    0.00    0.00    0.00    0.00    0.00    0.00    0.00    0.00    0.00  100.00
07:31:16 AM    6    0.00    0.00    0.00    0.00    0.00    0.00    0.00    0.00    0.00  100.00
07:31:16 AM    7    0.00    0.00    0.00    0.00    0.00    0.00    0.00    0.00    0.00  100.00

07:31:16 AM  CPU    %usr   %nice    %sys %iowait    %irq   %soft  %steal  %guest  %gnice   %idle
07:31:17 AM  all    0.38    0.00   28.52    0.13    0.00    0.38    0.00    0.00    0.00   70.60
07:31:17 AM    0    1.03    0.00   64.95    1.03    0.00    0.00    0.00    0.00    0.00   32.99
07:31:17 AM    1    2.02    0.00   64.65    0.00    0.00    0.00    0.00    0.00    0.00   33.33
07:31:17 AM    2    0.00    0.00  100.00    0.00    0.00    0.00    0.00    0.00    0.00    0.00
07:31:17 AM    3    0.00    0.00    0.00    0.00    0.00    2.00    0.00    0.00    0.00   98.00
07:31:17 AM    4    0.00    0.00    0.00    0.00    0.00    1.00    0.00    0.00    0.00   99.00
07:31:17 AM    5    0.00    0.00    0.00    0.00    0.00    0.00    0.00    0.00    0.00  100.00
07:31:17 AM    6    0.00    0.00    0.00    0.00    0.00    0.00    0.00    0.00    0.00  100.00
07:31:17 AM    7    0.00    0.00    0.00    0.00    0.00    0.00    0.00    0.00    0.00  100.00

07:31:17 AM  CPU    %usr   %nice    %sys %iowait    %irq   %soft  %steal  %guest  %gnice   %idle
07:31:18 AM  all    0.25    0.00   29.96    0.00    0.25    0.37    0.00    0.00    0.00   69.16
07:31:18 AM    0    0.98    0.00   71.57    0.00    0.98    0.98    0.00    0.00    0.00   25.49
07:31:18 AM    1    1.00    0.00   67.00    0.00    1.00    0.00    0.00    0.00    0.00   31.00
07:31:18 AM    2    0.00    0.00  100.00    0.00    0.00    0.00    0.00    0.00    0.00    0.00
07:31:18 AM    3    0.00    0.00    0.00    0.00    0.00    2.02    0.00    0.00    0.00   97.98
07:31:18 AM    4    0.00    0.00    0.00    0.00    0.00    0.00    0.00    0.00    0.00  100.00
07:31:18 AM    5    0.00    0.00    0.00    0.00    0.00    0.00    0.00    0.00    0.00  100.00
07:31:18 AM    6    0.00    0.00    0.00    0.00    0.00    0.00    0.00    0.00    0.00  100.00
07:31:18 AM    7    0.00    0.00    0.00    0.00    0.00    0.00    0.00    0.00    0.00  100.00

07:31:18 AM  CPU    %usr   %nice    %sys %iowait    %irq   %soft  %steal  %guest  %gnice   %idle
07:31:19 AM  all    0.38    0.00   29.36    0.00    0.00    0.25    0.00    0.00    0.00   70.01
07:31:19 AM    0    1.01    0.00   68.69    0.00    0.00    0.00    0.00    0.00    0.00   30.30
07:31:19 AM    1    2.04    0.00   67.35    0.00    0.00    0.00    0.00    0.00    0.00   30.61
07:31:19 AM    2    0.00    0.00  100.00    0.00    0.00    0.00    0.00    0.00    0.00    0.00
07:31:19 AM    3    0.00    0.00    0.00    0.00    0.00    2.00    0.00    0.00    0.00   98.00
07:31:19 AM    4    0.00    0.00    0.00    0.00    0.00    0.00    0.00    0.00    0.00  100.00
07:31:19 AM    5    0.00    0.00    0.00    0.00    0.00    0.00    0.00    0.00    0.00  100.00
07:31:19 AM    6    0.00    0.00    0.00    0.00    0.00    0.00    0.00    0.00    0.00  100.00
07:31:19 AM    7    0.00    0.00    0.00    0.00    0.00    0.00    0.00    0.00    0.00  100.00

07:31:19 AM  CPU    %usr   %nice    %sys %iowait    %irq   %soft  %steal  %guest  %gnice   %idle
07:31:20 AM  all    0.25    0.00   29.65    0.00    0.13    0.13    0.00    0.00    0.00   69.85
07:31:20 AM    0    1.01    0.00   70.71    0.00    0.00    0.00    0.00    0.00    0.00   28.28
07:31:20 AM    1    1.02    0.00   67.35    0.00    0.00    0.00    0.00    0.00    0.00   31.63
07:31:20 AM    2    0.00    0.00  100.00    0.00    0.00    0.00    0.00    0.00    0.00    0.00
07:31:20 AM    3    0.00    0.00    0.00    0.00    1.00    1.00    0.00    0.00    0.00   98.00
07:31:20 AM    4    0.00    0.00    0.00    0.00    0.00    0.00    0.00    0.00    0.00  100.00
07:31:20 AM    5    0.00    0.00    0.00    0.00    0.00    0.00    0.00    0.00    0.00  100.00
07:31:20 AM    6    0.00    0.00    0.00    0.00    0.00    0.00    0.00    0.00    0.00  100.00
07:31:20 AM    7    0.00    0.00    0.00    0.00    0.00    0.00    0.00    0.00    0.00  100.00

07:31:20 AM  CPU    %usr   %nice    %sys %iowait    %irq   %soft  %steal  %guest  %gnice   %idle
07:31:21 AM  all    0.25    0.00   28.66    0.00    0.25    0.63    0.00    0.00    0.00   70.21
07:31:21 AM    0    1.02    0.00   60.20    0.00    1.02    0.00    0.00    0.00    0.00   37.76
07:31:21 AM    1    1.00    0.00   70.00    0.00    1.00    1.00    0.00    0.00    0.00   27.00
07:31:21 AM    2    0.00    0.00  100.00    0.00    0.00    0.00    0.00    0.00    0.00    0.00
07:31:21 AM    3    0.00    0.00    0.00    0.00    0.00    3.00    0.00    0.00    0.00   97.00
07:31:21 AM    4    0.00    0.00    0.00    0.00    0.00    0.99    0.00    0.00    0.00   99.01
07:31:21 AM    5    0.00    0.00    0.00    0.00    0.00    0.00    0.00    0.00    0.00  100.00
07:31:21 AM    6    0.00    0.00    0.00    0.00    0.00    0.00    0.00    0.00    0.00  100.00
07:31:21 AM    7    0.00    0.00    0.00    0.00    0.00    0.00    0.00    0.00    0.00  100.00

07:31:21 AM  CPU    %usr   %nice    %sys %iowait    %irq   %soft  %steal  %guest  %gnice   %idle
07:31:22 AM  all    0.25    0.00   29.49    0.00    0.00    0.25    0.00    0.00    0.00   70.01
07:31:22 AM    0    1.01    0.00   63.64    0.00    0.00    0.00    0.00    0.00    0.00   35.35
07:31:22 AM    1    1.01    0.00   72.73    0.00    0.00    0.00    0.00    0.00    0.00   26.26
07:31:22 AM    2    0.00    0.00  100.00    0.00    0.00    0.00    0.00    0.00    0.00    0.00
07:31:22 AM    3    0.00    0.00    0.00    0.00    0.00    2.00    0.00    0.00    0.00   98.00
07:31:22 AM    4    0.00    0.00    0.00    0.00    0.00    0.00    0.00    0.00    0.00  100.00
07:31:22 AM    5    0.00    0.00    0.00    0.00    0.00    0.00    0.00    0.00    0.00  100.00
07:31:22 AM    6    0.00    0.00    0.00    0.00    0.00    0.00    0.00    0.00    0.00  100.00
07:31:22 AM    7    0.00    0.00    0.00    0.00    0.00    0.00    0.00    0.00    0.00  100.00

07:31:22 AM  CPU    %usr   %nice    %sys %iowait    %irq   %soft  %steal  %guest  %gnice   %idle
07:31:23 AM  all    0.25    0.00   28.68    0.00    0.00    0.25    0.00    0.00    0.00   70.82
07:31:23 AM    0    0.00    0.00   67.35    0.00    0.00    1.02    0.00    0.00    0.00   31.63
07:31:23 AM    1    2.02    0.00   62.63    0.00    0.00    0.00    0.00    0.00    0.00   35.35
07:31:23 AM    2    0.00    0.00  100.00    0.00    0.00    0.00    0.00    0.00    0.00    0.00
07:31:23 AM    3    0.00    0.00    0.00    0.00    0.00    1.02    0.00    0.00    0.00   98.98
07:31:23 AM    4    0.00    0.00    0.00    0.00    0.00    0.00    0.00    0.00    0.00  100.00
07:31:23 AM    5    0.00    0.00    0.00    0.00    0.00    0.00    0.00    0.00    0.00  100.00
07:31:23 AM    6    0.00    0.00    0.00    0.00    0.00    0.00    0.00    0.00    0.00  100.00
07:31:23 AM    7    0.00    0.00    0.00    0.00    0.00    0.00    0.00    0.00    0.00  100.00

07:31:23 AM  CPU    %usr   %nice    %sys %iowait    %irq   %soft  %steal  %guest  %gnice   %idle
07:31:24 AM  all    0.37    0.00   28.30    0.00    0.25    0.25    0.00    0.00    0.00   70.82
07:31:24 AM    0    1.96    0.00   59.80    0.00    0.98    0.00    0.00    0.00    0.00   37.25
07:31:24 AM    1    1.01    0.00   66.67    0.00    0.00    0.00    0.00    0.00    0.00   32.32
07:31:24 AM    2    0.00    0.00  100.00    0.00    0.00    0.00    0.00    0.00    0.00    0.00
07:31:24 AM    3    0.00    0.00    0.00    0.00    0.99    1.98    0.00    0.00    0.00   97.03
07:31:24 AM    4    0.00    0.00    0.00    0.00    0.00    0.00    0.00    0.00    0.00  100.00
07:31:24 AM    5    0.00    0.00    0.00    0.00    0.00    0.00    0.00    0.00    0.00  100.00
07:31:24 AM    6    0.00    0.00    0.00    0.00    0.00    0.00    0.00    0.00    0.00  100.00
07:31:24 AM    7    0.00    0.00    0.00    0.00    0.00    0.00    0.00    0.00    0.00  100.00

07:31:24 AM  CPU    %usr   %nice    %sys %iowait    %irq   %soft  %steal  %guest  %gnice   %idle
07:31:25 AM  all    0.25    0.00   28.23    0.00    0.25    0.38    0.00    0.00    0.00   70.89
07:31:25 AM    0    1.04    0.00   63.54    0.00    0.00    0.00    0.00    0.00    0.00   35.42
07:31:25 AM    1    1.00    0.00   64.00    0.00    1.00    0.00    0.00    0.00    0.00   34.00
07:31:25 AM    2    0.00    0.00  100.00    0.00    0.00    0.00    0.00    0.00    0.00    0.00
07:31:25 AM    3    0.00    0.00    0.00    0.00    0.00    2.00    0.00    0.00    0.00   98.00
07:31:25 AM    4    0.00    0.00    0.00    0.00    0.99    0.99    0.00    0.00    0.00   98.02
07:31:25 AM    5    0.00    0.00    0.00    0.00    0.00    0.00    0.00    0.00    0.00  100.00
07:31:25 AM    6    0.00    0.00    0.00    0.00    0.00    0.00    0.00    0.00    0.00  100.00
07:31:25 AM    7    0.00    0.00    0.00    0.00    0.00    0.00    0.00    0.00    0.00  100.00

07:31:25 AM  CPU    %usr   %nice    %sys %iowait    %irq   %soft  %steal  %guest  %gnice   %idle
07:31:26 AM  all    0.25    0.00   28.23    0.00    0.00    0.25    0.00    0.00    0.00   71.27
07:31:26 AM    0    1.00    0.00   61.00    0.00    0.00    0.00    0.00    0.00    0.00   38.00
07:31:26 AM    1    1.02    0.00   65.31    0.00    0.00    0.00    0.00    0.00    0.00   33.67
07:31:26 AM    2    0.00    0.00  100.00    0.00    0.00    0.00    0.00    0.00    0.00    0.00
07:31:26 AM    3    0.00    0.00    0.00    0.00    0.00    2.02    0.00    0.00    0.00   97.98
07:31:26 AM    4    0.00    0.00    0.00    0.00    0.00    0.00    0.00    0.00    0.00  100.00
07:31:26 AM    5    0.00    0.00    0.00    0.00    0.00    0.00    0.00    0.00    0.00  100.00
07:31:26 AM    6    0.00    0.00    0.00    0.00    0.00    0.00    0.00    0.00    0.00  100.00
07:31:26 AM    7    0.00    0.00    0.00    0.00    0.00    0.00    0.00    0.00    0.00  100.00

07:31:26 AM  CPU    %usr   %nice    %sys %iowait    %irq   %soft  %steal  %guest  %gnice   %idle
07:31:27 AM  all    0.50    0.00   28.73    0.00    0.13    0.25    0.00    0.00    0.00   70.39
07:31:27 AM    0    2.02    0.00   65.66    0.00    1.01    0.00    0.00    0.00    0.00   31.31
07:31:27 AM    1    2.04    0.00   65.31    0.00    0.00    0.00    0.00    0.00    0.00   32.65
07:31:27 AM    2    0.00    0.00  100.00    0.00    0.00    0.00    0.00    0.00    0.00    0.00
07:31:27 AM    3    0.00    0.00    0.00    0.00    0.00    2.00    0.00    0.00    0.00   98.00
07:31:27 AM    4    0.00    0.00    0.00    0.00    0.00    0.00    0.00    0.00    0.00  100.00
07:31:27 AM    5    0.00    0.00    0.00    0.00    0.00    0.00    0.00    0.00    0.00  100.00
07:31:27 AM    6    0.00    0.00    0.00    0.00    0.00    0.00    0.00    0.00    0.00  100.00
07:31:27 AM    7    0.00    0.00    0.00    0.00    0.00    0.00    0.00    0.00    0.00  100.00

07:31:27 AM  CPU    %usr   %nice    %sys %iowait    %irq   %soft  %steal  %guest  %gnice   %idle
07:31:28 AM  all    0.13    0.00   29.40    0.00    0.00    0.38    0.00    0.00    0.00   70.10
07:31:28 AM    0    0.00    0.00   69.39    0.00    0.00    1.02    0.00    0.00    0.00   29.59
07:31:28 AM    1    1.01    0.00   66.67    0.00    0.00    0.00    0.00    0.00    0.00   32.32
07:31:28 AM    2    0.00    0.00  100.00    0.00    0.00    0.00    0.00    0.00    0.00    0.00
07:31:28 AM    3    0.00    0.00    0.00    0.00    0.00    2.00    0.00    0.00    0.00   98.00
07:31:28 AM    4    0.00    0.00    0.00    0.00    0.00    0.00    0.00    0.00    0.00  100.00
07:31:28 AM    5    0.00    0.00    0.00    0.00    0.00    0.00    0.00    0.00    0.00  100.00
07:31:28 AM    6    0.00    0.00    0.00    0.00    0.00    0.00    0.00    0.00    0.00  100.00
07:31:28 AM    7    0.00    0.00    0.00    0.00    0.00    0.00    0.00    0.00    0.00  100.00

07:31:28 AM  CPU    %usr   %nice    %sys %iowait    %irq   %soft  %steal  %guest  %gnice   %idle
07:31:29 AM  all    0.38    0.00   28.89    0.00    0.25    0.25    0.00    0.00    0.00   70.23
07:31:29 AM    0    1.04    0.00   63.54    0.00    0.00    0.00    0.00    0.00    0.00   35.42
07:31:29 AM    1    2.00    0.00   69.00    0.00    1.00    0.00    0.00    0.00    0.00   28.00
07:31:29 AM    2    0.00    0.00  100.00    0.00    0.00    0.00    0.00    0.00    0.00    0.00
07:31:29 AM    3    0.00    0.00    0.00    0.00    1.00    2.00    0.00    0.00    0.00   97.00
07:31:29 AM    4    0.00    0.00    0.00    0.00    0.00    0.00    0.00    0.00    0.00  100.00
07:31:29 AM    5    0.00    0.00    0.00    0.00    0.00    0.00    0.00    0.00    0.00  100.00
07:31:29 AM    6    0.00    0.00    0.00    0.00    0.00    0.00    0.00    0.00    0.00  100.00
07:31:29 AM    7    0.00    0.00    0.00    0.00    0.00    0.00    0.00    0.00    0.00  100.00

07:31:29 AM  CPU    %usr   %nice    %sys %iowait    %irq   %soft  %steal  %guest  %gnice   %idle
07:31:30 AM  all    0.25    0.00   28.82    0.00    0.13    0.50    0.00    0.00    0.00   70.30
07:31:30 AM    0    1.01    0.00   70.71    0.00    1.01    0.00    0.00    0.00    0.00   27.27
07:31:30 AM    1    1.01    0.00   60.61    0.00    0.00    1.01    0.00    0.00    0.00   37.37
07:31:30 AM    2    0.00    0.00  100.00    0.00    0.00    0.00    0.00    0.00    0.00    0.00
07:31:30 AM    3    0.00    0.00    0.00    0.00    0.00    2.00    0.00    0.00    0.00   98.00
07:31:30 AM    4    0.00    0.00    0.00    0.00    0.00    1.00    0.00    0.00    0.00   99.00
07:31:30 AM    5    0.00    0.00    0.00    0.00    0.00    0.00    0.00    0.00    0.00  100.00
07:31:30 AM    6    0.00    0.00    0.00    0.00    0.00    0.00    0.00    0.00    0.00  100.00
07:31:30 AM    7    0.00    0.00    0.00    0.00    0.00    0.00    0.00    0.00    0.00  100.00

07:31:30 AM  CPU    %usr   %nice    %sys %iowait    %irq   %soft  %steal  %guest  %gnice   %idle
07:31:31 AM  all    0.25    0.00   30.03    0.00    0.00    0.25    0.00    0.00    0.00   69.47
07:31:31 AM    0    2.02    0.00   70.71    0.00    0.00    0.00    0.00    0.00    0.00   27.27
07:31:31 AM    1    0.00    0.00   71.13    0.00    0.00    0.00    0.00    0.00    0.00   28.87
07:31:31 AM    2    0.00    0.00  100.00    0.00    0.00    0.00    0.00    0.00    0.00    0.00
07:31:31 AM    3    0.00    0.00    0.00    0.00    0.00    2.00    0.00    0.00    0.00   98.00
07:31:31 AM    4    0.00    0.00    0.00    0.00    0.00    0.00    0.00    0.00    0.00  100.00
07:31:31 AM    5    0.00    0.00    0.00    0.00    0.00    0.00    0.00    0.00    0.00  100.00
07:31:31 AM    6    0.00    0.00    0.00    0.00    0.00    0.00    0.00    0.00    0.00  100.00
07:31:31 AM    7    0.00    0.00    0.00    0.00    0.00    0.00    0.00    0.00    0.00  100.00

07:31:31 AM  CPU    %usr   %nice    %sys %iowait    %irq   %soft  %steal  %guest  %gnice   %idle
07:31:32 AM  all    0.25    0.00   28.59    0.00    0.13    0.25    0.00    0.00    0.00   70.78
07:31:32 AM    0    1.03    0.00   69.07    0.00    0.00    0.00    0.00    0.00    0.00   29.90
07:31:32 AM    1    1.02    0.00   61.22    0.00    1.02    0.00    0.00    0.00    0.00   36.73
07:31:32 AM    2    0.00    0.00  100.00    0.00    0.00    0.00    0.00    0.00    0.00    0.00
07:31:32 AM    3    0.00    0.00    0.00    0.00    0.00    2.02    0.00    0.00    0.00   97.98
07:31:32 AM    4    0.00    0.00    0.00    0.00    0.00    0.00    0.00    0.00    0.00  100.00
07:31:32 AM    5    0.00    0.00    0.00    0.00    0.00    0.00    0.00    0.00    0.00  100.00
07:31:32 AM    6    0.00    0.00    0.00    0.00    0.00    0.00    0.00    0.00    0.00  100.00
07:31:32 AM    7    0.00    0.00    0.00    0.00    0.00    0.00    0.00    0.00    0.00  100.00

07:31:32 AM  CPU    %usr   %nice    %sys %iowait    %irq   %soft  %steal  %guest  %gnice   %idle
07:31:33 AM  all    0.25    0.00   29.07    0.00    0.13    0.25    0.00    0.00    0.00   70.30
07:31:33 AM    0    0.97    0.00   66.02    0.00    0.97    0.97    0.00    0.00    0.00   31.07
07:31:33 AM    1    1.03    0.00   65.98    0.00    0.00    0.00    0.00    0.00    0.00   32.99
07:31:33 AM    2    0.00    0.00  100.00    0.00    0.00    0.00    0.00    0.00    0.00    0.00
07:31:33 AM    3    0.00    0.00    0.00    0.00    0.00    1.01    0.00    0.00    0.00   98.99
07:31:33 AM    4    0.00    0.00    0.00    0.00    0.00    0.00    0.00    0.00    0.00  100.00
07:31:33 AM    5    0.00    0.00    0.00    0.00    0.00    0.00    0.00    0.00    0.00  100.00
07:31:33 AM    6    0.00    0.00    0.00    0.00    0.00    0.00    0.00    0.00    0.00  100.00
07:31:33 AM    7    0.00    0.00    0.00    0.00    0.00    0.00    0.00    0.00    0.00  100.00

07:31:33 AM  CPU    %usr   %nice    %sys %iowait    %irq   %soft  %steal  %guest  %gnice   %idle
07:31:34 AM  all    0.38    0.00   28.88    0.00    0.12    0.38    0.00    0.00    0.00   70.25
07:31:34 AM    0    1.02    0.00   65.31    0.00    0.00    0.00    0.00    0.00    0.00   33.67
07:31:34 AM    1    2.00    0.00   67.00    0.00    0.00    0.00    0.00    0.00    0.00   31.00
07:31:34 AM    2    0.00    0.00  100.00    0.00    0.00    0.00    0.00    0.00    0.00    0.00
07:31:34 AM    3    0.00    0.00    0.00    0.00    0.99    1.98    0.00    0.00    0.00   97.03
07:31:34 AM    4    0.00    0.00    0.00    0.00    0.00    0.99    0.00    0.00    0.00   99.01
07:31:34 AM    5    0.00    0.00    0.00    0.00    0.00    0.00    0.00    0.00    0.00  100.00
07:31:34 AM    6    0.00    0.00    0.00    0.00    0.00    0.00    0.00    0.00    0.00  100.00
07:31:34 AM    7    0.00    0.00    0.00    0.00    0.00    0.00    0.00    0.00    0.00  100.00

07:31:34 AM  CPU    %usr   %nice    %sys %iowait    %irq   %soft  %steal  %guest  %gnice   %idle
07:31:35 AM  all    0.38    0.00   29.15    0.00    0.00    0.25    0.00    0.00    0.00   70.23
07:31:35 AM    0    2.02    0.00   65.66    0.00    0.00    0.00    0.00    0.00    0.00   32.32
07:31:35 AM    1    1.01    0.00   67.68    0.00    0.00    0.00    0.00    0.00    0.00   31.31
07:31:35 AM    2    0.00    0.00  100.00    0.00    0.00    0.00    0.00    0.00    0.00    0.00
07:31:35 AM    3    0.00    0.00    0.00    0.00    0.00    2.02    0.00    0.00    0.00   97.98
07:31:35 AM    4    0.00    0.00    0.00    0.00    0.00    0.00    0.00    0.00    0.00  100.00
07:31:35 AM    5    0.00    0.00    0.00    0.00    0.00    0.00    0.00    0.00    0.00  100.00
07:31:35 AM    6    0.00    0.00    0.00    0.00    0.00    0.00    0.00    0.00    0.00  100.00
07:31:35 AM    7    0.00    0.00    0.00    0.00    0.00    0.00    0.00    0.00    0.00  100.00

07:31:35 AM  CPU    %usr   %nice    %sys %iowait    %irq   %soft  %steal  %guest  %gnice   %idle
07:31:36 AM  all    0.13    0.00   30.20    0.00    0.25    0.38    0.00    0.00    0.00   69.05
07:31:36 AM    0    1.01    0.00   73.74    0.00    1.01    0.00    0.00    0.00    0.00   24.24
07:31:36 AM    1    0.00    0.00   69.39    0.00    1.02    0.00    0.00    0.00    0.00   29.59
07:31:36 AM    2    0.00    0.00  100.00    0.00    0.00    0.00    0.00    0.00    0.00    0.00
07:31:36 AM    3    0.00    0.00    0.00    0.00    0.00    2.00    0.00    0.00    0.00   98.00
07:31:36 AM    4    0.00    0.00    0.00    0.00    0.00    0.00    0.00    0.00    0.00  100.00
07:31:36 AM    5    0.00    0.00    0.00    0.00    0.00    0.00    0.00    0.00    0.00  100.00
07:31:36 AM    6    0.00    0.00    0.00    0.00    0.00    0.99    0.00    0.00    0.00   99.01
07:31:36 AM    7    0.00    0.00    0.00    0.00    0.00    0.00    0.00    0.00    0.00  100.00

07:31:36 AM  CPU    %usr   %nice    %sys %iowait    %irq   %soft  %steal  %guest  %gnice   %idle
07:31:37 AM  all    0.38    0.00   27.73    0.00    0.00    0.25    0.00    0.00    0.00   71.64
07:31:37 AM    0    1.02    0.00   61.22    0.00    0.00    0.00    0.00    0.00    0.00   37.76
07:31:37 AM    1    2.02    0.00   61.62    0.00    0.00    0.00    0.00    0.00    0.00   36.36
07:31:37 AM    2    0.00    0.00  100.00    0.00    0.00    0.00    0.00    0.00    0.00    0.00
07:31:37 AM    3    0.00    0.00    0.00    0.00    0.00    2.00    0.00    0.00    0.00   98.00
07:31:37 AM    4    0.00    0.00    0.00    0.00    0.00    0.00    0.00    0.00    0.00  100.00
07:31:37 AM    5    0.00    0.00    0.00    0.00    0.00    0.00    0.00    0.00    0.00  100.00
07:31:37 AM    6    0.00    0.00    0.00    0.00    0.00    0.00    0.00    0.00    0.00  100.00
07:31:37 AM    7    0.00    0.00    0.00    0.00    0.00    0.00    0.00    0.00    0.00  100.00

07:31:37 AM  CPU    %usr   %nice    %sys %iowait    %irq   %soft  %steal  %guest  %gnice   %idle
07:31:38 AM  all    0.38    0.00   29.07    0.00    0.13    0.63    0.00    0.00    0.00   69.80
07:31:38 AM    0    1.02    0.00   66.33    0.00    0.00    1.02    0.00    0.00    0.00   31.63
07:31:38 AM    1    2.00    0.00   67.00    0.00    0.00    1.00    0.00    0.00    0.00   30.00
07:31:38 AM    2    0.00    0.00  100.00    0.00    0.00    0.00    0.00    0.00    0.00    0.00
07:31:38 AM    3    0.00    0.00    0.00    0.00    1.00    2.00    0.00    0.00    0.00   97.00
07:31:38 AM    4    0.00    0.00    0.00    0.00    0.00    1.00    0.00    0.00    0.00   99.00
07:31:38 AM    5    0.00    0.00    0.00    0.00    0.00    0.00    0.00    0.00    0.00  100.00
07:31:38 AM    6    0.00    0.00    0.00    0.00    0.00    0.00    0.00    0.00    0.00  100.00
07:31:38 AM    7    0.00    0.00    0.00    0.00    0.00    0.00    0.00    0.00    0.00  100.00

07:31:38 AM  CPU    %usr   %nice    %sys %iowait    %irq   %soft  %steal  %guest  %gnice   %idle
07:31:39 AM  all    0.25    0.00   29.62    0.00    0.38    0.25    0.00    0.00    0.00   69.50
07:31:39 AM    0    1.00    0.00   68.00    0.00    1.00    0.00    0.00    0.00    0.00   30.00
07:31:39 AM    1    1.01    0.00   69.70    0.00    1.01    0.00    0.00    0.00    0.00   28.28
07:31:39 AM    2    0.00    0.00  100.00    0.00    0.00    0.00    0.00    0.00    0.00    0.00
07:31:39 AM    3    0.00    0.00    0.00    0.00    0.00    2.00    0.00    0.00    0.00   98.00
07:31:39 AM    4    0.00    0.00    0.00    0.00    0.99    0.00    0.00    0.00    0.00   99.01
07:31:39 AM    5    0.00    0.00    0.00    0.00    0.00    0.00    0.00    0.00    0.00  100.00
07:31:39 AM    6    0.00    0.00    0.00    0.00    0.00    0.00    0.00    0.00    0.00  100.00
07:31:39 AM    7    0.00    0.00    0.00    0.00    0.00    0.00    0.00    0.00    0.00  100.00

07:31:39 AM  CPU    %usr   %nice    %sys %iowait    %irq   %soft  %steal  %guest  %gnice   %idle
07:31:40 AM  all    0.38    0.00   28.23    0.00    0.00    0.25    0.00    0.00    0.00   71.14
07:31:40 AM    0    1.98    0.00   61.39    0.00    0.00    0.00    0.00    0.00    0.00   36.63
07:31:40 AM    1    1.03    0.00   64.95    0.00    0.00    0.00    0.00    0.00    0.00   34.02
07:31:40 AM    2    0.00    0.00  100.00    0.00    0.00    0.00    0.00    0.00    0.00    0.00
07:31:40 AM    3    0.00    0.00    0.00    0.00    0.00    2.02    0.00    0.00    0.00   97.98
07:31:40 AM    4    0.00    0.00    0.00    0.00    0.00    0.00    0.00    0.00    0.00  100.00
07:31:40 AM    5    0.00    0.00    0.00    0.00    0.00    0.00    0.00    0.00    0.00  100.00
07:31:40 AM    6    0.00    0.00    0.00    0.00    0.00    0.00    0.00    0.00    0.00  100.00
07:31:40 AM    7    0.00    0.00    0.00    0.00    0.00    0.00    0.00    0.00    0.00  100.00

07:31:40 AM  CPU    %usr   %nice    %sys %iowait    %irq   %soft  %steal  %guest  %gnice   %idle
07:31:41 AM  all    0.25    0.00   29.70    0.00    0.00    0.25    0.00    0.00    0.00   69.80
07:31:41 AM    0    1.01    0.00   71.72    0.00    0.00    0.00    0.00    0.00    0.00   27.27
07:31:41 AM    1    1.00    0.00   66.00    0.00    0.00    0.00    0.00    0.00    0.00   33.00
07:31:41 AM    2    0.00    0.00  100.00    0.00    0.00    0.00    0.00    0.00    0.00    0.00
07:31:41 AM    3    0.00    0.00    0.00    0.00    0.00    2.00    0.00    0.00    0.00   98.00
07:31:41 AM    4    0.00    0.00    0.00    0.00    0.00    0.00    0.00    0.00    0.00  100.00
07:31:41 AM    5    0.00    0.00    0.00    0.00    0.00    0.00    0.00    0.00    0.00  100.00
07:31:41 AM    6    0.00    0.00    0.00    0.00    0.00    0.00    0.00    0.00    0.00  100.00
07:31:41 AM    7    0.00    0.00    0.00    0.00    0.00    0.00    0.00    0.00    0.00  100.00

07:31:41 AM  CPU    %usr   %nice    %sys %iowait    %irq   %soft  %steal  %guest  %gnice   %idle
07:31:42 AM  all    0.25    0.00   27.96    0.00    0.13    0.25    0.00    0.00    0.00   71.41
07:31:42 AM    0    2.06    0.00   64.95    0.00    1.03    0.00    0.00    0.00    0.00   31.96
07:31:42 AM    1    0.00    0.00   60.82    0.00    0.00    0.00    0.00    0.00    0.00   39.18
07:31:42 AM    2    0.00    0.00  100.00    0.00    0.00    0.00    0.00    0.00    0.00    0.00
07:31:42 AM    3    0.00    0.00    0.00    0.00    0.00    2.00    0.00    0.00    0.00   98.00
07:31:42 AM    4    0.00    0.00    0.00    0.00    0.00    0.00    0.00    0.00    0.00  100.00
07:31:42 AM    5    0.00    0.00    0.00    0.00    0.00    0.00    0.00    0.00    0.00  100.00
07:31:42 AM    6    0.00    0.00    0.00    0.00    0.00    0.00    0.00    0.00    0.00  100.00
07:31:42 AM    7    0.00    0.00    0.00    0.00    0.00    0.00    0.00    0.00    0.00  100.00

07:31:42 AM  CPU    %usr   %nice    %sys %iowait    %irq   %soft  %steal  %guest  %gnice   %idle
07:31:43 AM  all    0.25    0.00   29.32    0.00    0.25    0.38    0.00    0.00    0.00   69.80
07:31:43 AM    0    0.99    0.00   70.30    0.00    0.00    0.99    0.00    0.00    0.00   27.72
07:31:43 AM    1    1.03    0.00   64.95    0.00    1.03    0.00    0.00    0.00    0.00   32.99
07:31:43 AM    2    0.00    0.00  100.00    0.00    0.00    0.00    0.00    0.00    0.00    0.00
07:31:43 AM    3    0.00    0.00    0.00    0.00    1.00    1.00    0.00    0.00    0.00   98.00
07:31:43 AM    4    0.00    0.00    0.00    0.00    0.00    1.00    0.00    0.00    0.00   99.00
07:31:43 AM    5    0.00    0.00    0.00    0.00    0.00    0.00    0.00    0.00    0.00  100.00
07:31:43 AM    6    0.00    0.00    0.00    0.00    0.00    0.00    0.00    0.00    0.00  100.00
07:31:43 AM    7    0.00    0.00    0.00    0.00    0.00    0.00    0.00    0.00    0.00  100.00

07:31:43 AM  CPU    %usr   %nice    %sys %iowait    %irq   %soft  %steal  %guest  %gnice   %idle
07:31:44 AM  all    0.50    0.00   31.28    0.00    0.00    0.25    0.00    0.00    0.00   67.96
07:31:44 AM    0    1.00    0.00   78.00    0.00    0.00    0.00    0.00    0.00    0.00   21.00
07:31:44 AM    1    3.09    0.00   73.20    0.00    0.00    0.00    0.00    0.00    0.00   23.71
07:31:44 AM    2    0.00    0.00  100.00    0.00    0.00    0.00    0.00    0.00    0.00    0.00
07:31:44 AM    3    0.00    0.00    0.00    0.00    0.00    2.02    0.00    0.00    0.00   97.98
07:31:44 AM    4    0.00    0.00    0.00    0.00    0.00    0.00    0.00    0.00    0.00  100.00
07:31:44 AM    5    0.00    0.00    0.00    0.00    0.00    0.00    0.00    0.00    0.00  100.00
07:31:44 AM    6    0.00    0.00    0.00    0.00    0.00    0.00    0.00    0.00    0.00  100.00
07:31:44 AM    7    0.00    0.00    0.00    0.00    0.00    0.00    0.00    0.00    0.00  100.00

07:31:44 AM  CPU    %usr   %nice    %sys %iowait    %irq   %soft  %steal  %guest  %gnice   %idle
07:31:45 AM  all    0.13    0.00   29.38    0.00    0.13    0.25    0.00    0.00    0.00   70.11
07:31:45 AM    0    0.00    0.00   71.13    0.00    1.03    0.00    0.00    0.00    0.00   27.84
07:31:45 AM    1    1.03    0.00   65.98    0.00    0.00    0.00    0.00    0.00    0.00   32.99
07:31:45 AM    2    0.00    0.00  100.00    0.00    0.00    0.00    0.00    0.00    0.00    0.00
07:31:45 AM    3    0.00    0.00    0.00    0.00    0.00    2.00    0.00    0.00    0.00   98.00
07:31:45 AM    4    0.00    0.00    0.00    0.00    0.00    0.00    0.00    0.00    0.00  100.00
07:31:45 AM    5    0.00    0.00    0.00    0.00    0.00    0.00    0.00    0.00    0.00  100.00
07:31:45 AM    6    0.00    0.00    0.00    0.00    0.00    0.00    0.00    0.00    0.00  100.00
07:31:45 AM    7    0.00    0.00    0.00    0.00    0.00    0.00    0.00    0.00    0.00  100.00

07:31:45 AM  CPU    %usr   %nice    %sys %iowait    %irq   %soft  %steal  %guest  %gnice   %idle
07:31:46 AM  all    0.25    0.00   29.25    0.00    0.12    0.50    0.00    0.00    0.00   69.88
07:31:46 AM    0    1.00    0.00   59.00    0.00    0.00    0.00    0.00    0.00    0.00   40.00
07:31:46 AM    1    1.00    0.00   75.00    0.00    1.00    1.00    0.00    0.00    0.00   22.00
07:31:46 AM    2    0.00    0.00  100.00    0.00    0.00    0.00    0.00    0.00    0.00    0.00
07:31:46 AM    3    0.00    0.00    0.00    0.00    0.00    2.02    0.00    0.00    0.00   97.98
07:31:46 AM    4    0.00    0.00    0.00    0.00    0.00    0.99    0.00    0.00    0.00   99.01
07:31:46 AM    5    0.00    0.00    0.00    0.00    0.00    0.00    0.00    0.00    0.00  100.00
07:31:46 AM    6    0.00    0.00    0.00    0.00    0.00    0.00    0.00    0.00    0.00  100.00
07:31:46 AM    7    0.00    0.00    0.00    0.00    0.00    0.00    0.00    0.00    0.00  100.00

07:31:46 AM  CPU    %usr   %nice    %sys %iowait    %irq   %soft  %steal  %guest  %gnice   %idle
07:31:47 AM  all    0.25    0.00   28.73    0.00    0.00    0.25    0.00    0.00    0.00   70.77
07:31:47 AM    0    1.02    0.00   62.24    0.00    0.00    0.00    0.00    0.00    0.00   36.73
07:31:47 AM    1    1.02    0.00   69.39    0.00    0.00    0.00    0.00    0.00    0.00   29.59
07:31:47 AM    2    0.00    0.00  100.00    0.00    0.00    0.00    0.00    0.00    0.00    0.00
07:31:47 AM    3    0.00    0.00    0.00    0.00    0.00    2.00    0.00    0.00    0.00   98.00
07:31:47 AM    4    0.00    0.00    0.00    0.00    0.00    0.00    0.00    0.00    0.00  100.00
07:31:47 AM    5    0.00    0.00    0.00    0.00    0.00    0.00    0.00    0.00    0.00  100.00
07:31:47 AM    6    0.00    0.00    0.00    0.00    0.00    0.00    0.00    0.00    0.00  100.00
07:31:47 AM    7    0.00    0.00    0.00    0.00    0.00    0.00    0.00    0.00    0.00  100.00

07:31:47 AM  CPU    %usr   %nice    %sys %iowait    %irq   %soft  %steal  %guest  %gnice   %idle
07:31:48 AM  all    0.25    0.00   28.11    0.00    0.25    0.38    0.00    0.00    0.00   71.02
07:31:48 AM    0    1.00    0.00   63.00    0.00    1.00    1.00    0.00    0.00    0.00   34.00
07:31:48 AM    1    1.03    0.00   62.89    0.00    0.00    0.00    0.00    0.00    0.00   36.08
07:31:48 AM    2    0.00    0.00  100.00    0.00    0.00    0.00    0.00    0.00    0.00    0.00
07:31:48 AM    3    0.00    0.00    0.00    0.00    0.99    1.98    0.00    0.00    0.00   97.03
07:31:48 AM    4    0.00    0.00    0.00    0.00    0.00    0.00    0.00    0.00    0.00  100.00
07:31:48 AM    5    0.00    0.00    0.00    0.00    0.00    0.00    0.00    0.00    0.00  100.00
07:31:48 AM    6    0.00    0.00    0.00    0.00    0.00    0.00    0.00    0.00    0.00  100.00
07:31:48 AM    7    0.00    0.00    0.00    0.00    0.00    0.00    0.00    0.00    0.00  100.00

07:31:48 AM  CPU    %usr   %nice    %sys %iowait    %irq   %soft  %steal  %guest  %gnice   %idle
07:31:49 AM  all    0.25    0.00   29.61    0.00    0.00    0.25    0.00    0.00    0.00   69.89
07:31:49 AM    0    1.01    0.00   70.71    0.00    0.00    0.00    0.00    0.00    0.00   28.28
07:31:49 AM    1    1.01    0.00   66.67    0.00    0.00    0.00    0.00    0.00    0.00   32.32
07:31:49 AM    2    0.00    0.00  100.00    0.00    0.00    0.00    0.00    0.00    0.00    0.00
07:31:49 AM    3    0.00    0.00    0.00    0.00    0.00    2.02    0.00    0.00    0.00   97.98
07:31:49 AM    4    0.00    0.00    0.00    0.00    0.00    0.00    0.00    0.00    0.00  100.00
07:31:49 AM    5    0.00    0.00    0.00    0.00    0.00    0.00    0.00    0.00    0.00  100.00
07:31:49 AM    6    0.00    0.00    0.00    0.00    0.00    0.00    0.00    0.00    0.00  100.00
07:31:49 AM    7    0.00    0.00    0.00    0.00    0.00    0.00    0.00    0.00    0.00  100.00

07:31:49 AM  CPU    %usr   %nice    %sys %iowait    %irq   %soft  %steal  %guest  %gnice   %idle
07:31:50 AM  all    0.25    0.00   28.20    0.00    0.13    0.25    0.00    0.00    0.00   71.18
07:31:50 AM    0    1.02    0.00   67.35    0.00    0.00    0.00    0.00    0.00    0.00   31.63
07:31:50 AM    1    1.00    0.00   59.00    0.00    1.00    0.00    0.00    0.00    0.00   39.00
07:31:50 AM    2    0.00    0.00  100.00    0.00    0.00    0.00    0.00    0.00    0.00    0.00
07:31:50 AM    3    0.00    0.00    0.00    0.00    0.00    2.00    0.00    0.00    0.00   98.00
07:31:50 AM    4    0.00    0.00    0.00    0.00    0.00    0.00    0.00    0.00    0.00  100.00
07:31:50 AM    5    0.00    0.00    0.00    0.00    0.00    0.00    0.00    0.00    0.00  100.00
07:31:50 AM    6    0.00    0.00    0.00    0.00    0.00    0.00    0.00    0.00    0.00  100.00
07:31:50 AM    7    0.00    0.00    0.00    0.00    0.00    0.00    0.00    0.00    0.00  100.00

07:31:50 AM  CPU    %usr   %nice    %sys %iowait    %irq   %soft  %steal  %guest  %gnice   %idle
07:31:51 AM  all    0.38    0.00   29.43    0.00    0.00    0.38    0.00    0.00    0.00   69.81
07:31:51 AM    0    1.03    0.00   69.07    0.00    0.00    0.00    0.00    0.00    0.00   29.90
07:31:51 AM    1    2.04    0.00   68.37    0.00    0.00    0.00    0.00    0.00    0.00   29.59
07:31:51 AM    2    0.00    0.00  100.00    0.00    0.00    0.00    0.00    0.00    0.00    0.00
07:31:51 AM    3    0.00    0.00    0.00    0.00    0.00    2.00    0.00    0.00    0.00   98.00
07:31:51 AM    4    0.00    0.00    0.00    0.00    0.00    1.00    0.00    0.00    0.00   99.00
07:31:51 AM    5    0.00    0.00    0.00    0.00    0.00    0.00    0.00    0.00    0.00  100.00
07:31:51 AM    6    0.00    0.00    0.00    0.00    0.00    0.00    0.00    0.00    0.00  100.00
07:31:51 AM    7    0.00    0.00    0.00    0.00    0.00    0.00    0.00    0.00    0.00  100.00

07:31:51 AM  CPU    %usr   %nice    %sys %iowait    %irq   %soft  %steal  %guest  %gnice   %idle
07:31:52 AM  all    0.25    0.00   29.34    0.00    0.37    0.25    0.00    0.00    0.00   69.79
07:31:52 AM    0    1.00    0.00   69.00    0.00    1.00    0.00    0.00    0.00    0.00   29.00
07:31:52 AM    1    1.01    0.00   66.67    0.00    0.00    0.00    0.00    0.00    0.00   32.32
07:31:52 AM    2    0.00    0.00  100.00    0.00    0.00    0.00    0.00    0.00    0.00    0.00
07:31:52 AM    3    0.00    0.00    0.00    0.00    0.99    1.98    0.00    0.00    0.00   97.03
07:31:52 AM    4    0.00    0.00    0.00    0.00    0.99    0.00    0.00    0.00    0.00   99.01
07:31:52 AM    5    0.00    0.00    0.00    0.00    0.00    0.00    0.00    0.00    0.00  100.00
07:31:52 AM    6    0.00    0.00    0.00    0.00    0.00    0.00    0.00    0.00    0.00  100.00
07:31:52 AM    7    0.00    0.00    0.00    0.00    0.00    0.00    0.00    0.00    0.00  100.00

07:31:52 AM  CPU    %usr   %nice    %sys %iowait    %irq   %soft  %steal  %guest  %gnice   %idle
07:31:53 AM  all    0.38    0.00   29.69    0.00    0.13    0.25    0.00    0.00    0.00   69.56
07:31:53 AM    0    1.03    0.00   69.07    0.00    0.00    0.00    0.00    0.00    0.00   29.90
07:31:53 AM    1    2.00    0.00   69.00    0.00    1.00    0.00    0.00    0.00    0.00   28.00
07:31:53 AM    2    0.00    0.00  100.00    0.00    0.00    0.00    0.00    0.00    0.00    0.00
07:31:53 AM    3    0.00    0.00    0.00    0.00    0.00    2.02    0.00    0.00    0.00   97.98
07:31:53 AM    4    0.00    0.00    0.00    0.00    0.00    0.00    0.00    0.00    0.00  100.00
07:31:53 AM    5    0.00    0.00    0.00    0.00    0.00    0.00    0.00    0.00    0.00  100.00
07:31:53 AM    6    0.00    0.00    0.00    0.00    0.00    0.00    0.00    0.00    0.00  100.00
07:31:53 AM    7    0.00    0.00    0.00    0.00    0.00    0.00    0.00    0.00    0.00  100.00

07:31:53 AM  CPU    %usr   %nice    %sys %iowait    %irq   %soft  %steal  %guest  %gnice   %idle
07:31:54 AM  all    0.25    0.00   30.44    0.00    0.00    0.25    0.00    0.00    0.00   69.06
07:31:54 AM    0    1.03    0.00   71.13    0.00    0.00    1.03    0.00    0.00    0.00   26.80
07:31:54 AM    1    1.01    0.00   73.74    0.00    0.00    0.00    0.00    0.00    0.00   25.25
07:31:54 AM    2    0.00    0.00  100.00    0.00    0.00    0.00    0.00    0.00    0.00    0.00
07:31:54 AM    3    0.00    0.00    0.00    0.00    0.00    1.01    0.00    0.00    0.00   98.99
07:31:54 AM    4    0.00    0.00    0.00    0.00    0.00    0.00    0.00    0.00    0.00  100.00
07:31:54 AM    5    0.00    0.00    0.00    0.00    0.00    0.00    0.00    0.00    0.00  100.00
07:31:54 AM    6    0.00    0.00    0.00    0.00    0.00    0.00    0.00    0.00    0.00  100.00
07:31:54 AM    7    0.00    0.00    0.00    0.00    0.00    0.00    0.00    0.00    0.00  100.00

07:31:54 AM  CPU    %usr   %nice    %sys %iowait    %irq   %soft  %steal  %guest  %gnice   %idle
07:31:55 AM  all    0.25    0.00   29.02    0.00    0.13    0.50    0.00    0.00    0.00   70.10
07:31:55 AM    0    2.04    0.00   71.43    0.00    1.02    0.00    0.00    0.00    0.00   25.51
07:31:55 AM    1    0.00    0.00   62.24    0.00    0.00    1.02    0.00    0.00    0.00   36.73
07:31:55 AM    2    0.00    0.00  100.00    0.00    0.00    0.00    0.00    0.00    0.00    0.00
07:31:55 AM    3    0.00    0.00    0.00    0.00    0.00    2.00    0.00    0.00    0.00   98.00
07:31:55 AM    4    0.00    0.00    0.00    0.00    0.00    1.00    0.00    0.00    0.00   99.00
07:31:55 AM    5    0.00    0.00    0.00    0.00    0.00    0.00    0.00    0.00    0.00  100.00
07:31:55 AM    6    0.00    0.00    0.00    0.00    0.00    0.00    0.00    0.00    0.00  100.00
07:31:55 AM    7    0.00    0.00    0.00    0.00    0.00    0.00    0.00    0.00    0.00  100.00

07:31:55 AM  CPU    %usr   %nice    %sys %iowait    %irq   %soft  %steal  %guest  %gnice   %idle
07:31:56 AM  all    0.38    0.00   28.43    0.00    0.00    0.25    0.00    0.00    0.00   70.94
07:31:56 AM    0    1.03    0.00   60.82    0.00    0.00    0.00    0.00    0.00    0.00   38.14
07:31:56 AM    1    2.02    0.00   67.68    0.00    0.00    0.00    0.00    0.00    0.00   30.30
07:31:56 AM    2    0.00    0.00  100.00    0.00    0.00    0.00    0.00    0.00    0.00    0.00
07:31:56 AM    3    0.00    0.00    0.00    0.00    0.00    2.02    0.00    0.00    0.00   97.98
07:31:56 AM    4    0.00    0.00    0.00    0.00    0.00    0.00    0.00    0.00    0.00  100.00
07:31:56 AM    5    0.00    0.00    0.00    0.00    0.00    0.00    0.00    0.00    0.00  100.00
07:31:56 AM    6    0.00    0.00    0.00    0.00    0.00    0.00    0.00    0.00    0.00  100.00
07:31:56 AM    7    0.00    0.00    0.00    0.00    0.00    0.00    0.00    0.00    0.00  100.00

07:31:56 AM  CPU    %usr   %nice    %sys %iowait    %irq   %soft  %steal  %guest  %gnice   %idle
07:31:57 AM  all    0.13    0.00   29.41    0.00    0.25    0.25    0.00    0.00    0.00   69.96
07:31:57 AM    0    0.00    0.00   71.72    0.00    0.00    0.00    0.00    0.00    0.00   28.28
07:31:57 AM    1    1.01    0.00   64.65    0.00    1.01    0.00    0.00    0.00    0.00   33.33
07:31:57 AM    2    0.00    0.00  100.00    0.00    0.00    0.00    0.00    0.00    0.00    0.00
07:31:57 AM    3    0.00    0.00    0.00    0.00    0.99    1.98    0.00    0.00    0.00   97.03
07:31:57 AM    4    0.00    0.00    0.00    0.00    0.00    0.00    0.00    0.00    0.00  100.00
07:31:57 AM    5    0.00    0.00    0.00    0.00    0.00    0.00    0.00    0.00    0.00  100.00
07:31:57 AM    6    0.00    0.00    0.00    0.00    0.00    0.00    0.00    0.00    0.00  100.00
07:31:57 AM    7    0.00    0.00    0.00    0.00    0.00    0.00    0.00    0.00    0.00  100.00

07:31:57 AM  CPU    %usr   %nice    %sys %iowait    %irq   %soft  %steal  %guest  %gnice   %idle
07:31:58 AM  all    0.38    0.00   28.20    0.00    0.13    0.38    0.00    0.00    0.00   70.93
07:31:58 AM    0    1.98    0.00   64.36    0.00    0.99    0.99    0.00    0.00    0.00   31.68
07:31:58 AM    1    1.02    0.00   61.22    0.00    0.00    0.00    0.00    0.00    0.00   37.76
07:31:58 AM    2    0.00    0.00  100.00    0.00    0.00    0.00    0.00    0.00    0.00    0.00
07:31:58 AM    3    0.00    0.00    0.00    0.00    0.00    2.00    0.00    0.00    0.00   98.00
07:31:58 AM    4    0.00    0.00    0.00    0.00    0.00    0.00    0.00    0.00    0.00  100.00
07:31:58 AM    5    0.00    0.00    0.00    0.00    0.00    0.00    0.00    0.00    0.00  100.00
07:31:58 AM    6    0.00    0.00    0.00    0.00    0.00    0.00    0.00    0.00    0.00  100.00
07:31:58 AM    7    0.00    0.00    0.00    0.00    0.00    0.00    0.00    0.00    0.00  100.00

07:31:58 AM  CPU    %usr   %nice    %sys %iowait    %irq   %soft  %steal  %guest  %gnice   %idle
07:31:59 AM  all    0.38    0.00   29.45    0.00    0.00    0.38    0.00    0.00    0.00   69.80
07:31:59 AM    0    2.04    0.00   71.43    0.00    0.00    0.00    0.00    0.00    0.00   26.53
07:31:59 AM    1    1.00    0.00   65.00    0.00    0.00    0.00    0.00    0.00    0.00   34.00
07:31:59 AM    2    0.00    0.00  100.00    0.00    0.00    0.00    0.00    0.00    0.00    0.00
07:31:59 AM    3    0.00    0.00    0.00    0.00    0.00    2.02    0.00    0.00    0.00   97.98
07:31:59 AM    4    0.00    0.00    0.00    0.00    0.00    0.99    0.00    0.00    0.00   99.01
07:31:59 AM    5    0.00    0.00    0.00    0.00    0.00    0.00    0.00    0.00    0.00  100.00
07:31:59 AM    6    0.00    0.00    0.00    0.00    0.00    0.00    0.00    0.00    0.00  100.00
07:31:59 AM    7    0.00    0.00    0.00    0.00    0.00    0.00    0.00    0.00    0.00  100.00

07:31:59 AM  CPU    %usr   %nice    %sys %iowait    %irq   %soft  %steal  %guest  %gnice   %idle
07:32:00 AM  all    0.25    0.00   28.89    0.00    0.13    0.13    0.00    0.00    0.00   70.60
07:32:00 AM    0    1.02    0.00   68.37    0.00    0.00    0.00    0.00    0.00    0.00   30.61
07:32:00 AM    1    1.00    0.00   63.00    0.00    1.00    0.00    0.00    0.00    0.00   35.00
07:32:00 AM    2    0.00    0.00  100.00    0.00    0.00    0.00    0.00    0.00    0.00    0.00
07:32:00 AM    3    0.00    0.00    0.00    0.00    0.00    1.01    0.00    0.00    0.00   98.99
07:32:00 AM    4    0.00    0.00    0.00    0.00    0.00    0.00    0.00    0.00    0.00  100.00
07:32:00 AM    5    0.00    0.00    0.00    0.00    0.00    0.00    0.00    0.00    0.00  100.00
07:32:00 AM    6    0.00    0.00    0.00    0.00    0.00    0.00    0.00    0.00    0.00  100.00
07:32:00 AM    7    0.00    0.00    0.00    0.00    0.00    0.00    0.00    0.00    0.00  100.00

07:32:00 AM  CPU    %usr   %nice    %sys %iowait    %irq   %soft  %steal  %guest  %gnice   %idle
07:32:01 AM  all    0.25    0.00   28.55    0.00    0.13    0.25    0.00    0.00    0.00   70.82
07:32:01 AM    0    1.02    0.00   61.22    0.00    1.02    0.00    0.00    0.00    0.00   36.73
07:32:01 AM    1    1.03    0.00   69.07    0.00    0.00    0.00    0.00    0.00    0.00   29.90
07:32:01 AM    2    0.00    0.00  100.00    0.00    0.00    0.00    0.00    0.00    0.00    0.00
07:32:01 AM    3    0.00    0.00    0.00    0.00    0.00    2.00    0.00    0.00    0.00   98.00
07:32:01 AM    4    0.00    0.00    0.00    0.00    0.00    0.00    0.00    0.00    0.00  100.00
07:32:01 AM    5    0.00    0.00    0.00    0.00    0.00    0.00    0.00    0.00    0.00  100.00
07:32:01 AM    6    0.00    0.00    0.00    0.00    0.00    0.00    0.00    0.00    0.00  100.00
07:32:01 AM    7    0.00    0.00    0.00    0.00    0.00    0.00    0.00    0.00    0.00  100.00

07:32:01 AM  CPU    %usr   %nice    %sys %iowait    %irq   %soft  %steal  %guest  %gnice   %idle
07:32:02 AM  all    0.25    0.00   28.48    0.00    0.13    0.25    0.00    0.00    0.00   70.89
07:32:02 AM    0    1.04    0.00   65.62    0.00    0.00    0.00    0.00    0.00    0.00   33.33
07:32:02 AM    1    1.00    0.00   64.00    0.00    0.00    0.00    0.00    0.00    0.00   35.00
07:32:02 AM    2    0.00    0.00  100.00    0.00    0.00    0.00    0.00    0.00    0.00    0.00
07:32:02 AM    3    0.00    0.00    0.00    0.00    0.99    1.98    0.00    0.00    0.00   97.03
07:32:02 AM    4    0.00    0.00    0.00    0.00    0.00    0.00    0.00    0.00    0.00  100.00
07:32:02 AM    5    0.00    0.00    0.00    0.00    0.00    0.00    0.00    0.00    0.00  100.00
07:32:02 AM    6    0.00    0.00    0.00    0.00    0.00    0.00    0.00    0.00    0.00  100.00
07:32:02 AM    7    0.00    0.00    0.00    0.00    0.00    0.00    0.00    0.00    0.00  100.00

07:32:02 AM  CPU    %usr   %nice    %sys %iowait    %irq   %soft  %steal  %guest  %gnice   %idle
07:32:03 AM  all    0.50    0.00   29.86    0.00    0.00    0.50    0.00    0.00    0.00   69.13
07:32:03 AM    0    2.02    0.00   69.70    0.00    0.00    0.00    0.00    0.00    0.00   28.28
07:32:03 AM    1    2.02    0.00   69.70    0.00    0.00    1.01    0.00    0.00    0.00   27.27
07:32:03 AM    2    0.00    0.00  100.00    0.00    0.00    0.00    0.00    0.00    0.00    0.00
07:32:03 AM    3    0.00    0.00    0.00    0.00    0.00    2.02    0.00    0.00    0.00   97.98
07:32:03 AM    4    0.00    0.00    0.00    0.00    0.00    1.00    0.00    0.00    0.00   99.00
07:32:03 AM    5    0.00    0.00    0.00    0.00    0.00    0.00    0.00    0.00    0.00  100.00
07:32:03 AM    6    0.00    0.00    0.00    0.00    0.00    0.00    0.00    0.00    0.00  100.00
07:32:03 AM    7    0.00    0.00    0.00    0.00    0.00    0.00    0.00    0.00    0.00  100.00

07:32:03 AM  CPU    %usr   %nice    %sys %iowait    %irq   %soft  %steal  %guest  %gnice   %idle
07:32:04 AM  all    0.25    0.00   28.86    0.00    0.25    0.38    0.00    0.00    0.00   70.26
07:32:04 AM    0    1.02    0.00   66.33    0.00    1.02    1.02    0.00    0.00    0.00   30.61
07:32:04 AM    1    1.01    0.00   65.66    0.00    1.01    0.00    0.00    0.00    0.00   32.32
07:32:04 AM    2    0.00    0.00  100.00    0.00    0.00    0.00    0.00    0.00    0.00    0.00
07:32:04 AM    3    0.00    0.00    0.00    0.00    0.00    2.00    0.00    0.00    0.00   98.00
07:32:04 AM    4    0.00    0.00    0.00    0.00    0.00    0.00    0.00    0.00    0.00  100.00
07:32:04 AM    5    0.00    0.00    0.00    0.00    0.00    0.00    0.00    0.00    0.00  100.00
07:32:04 AM    6    0.00    0.00    0.00    0.00    0.00    0.00    0.00    0.00    0.00  100.00
07:32:04 AM    7    0.00    0.00    0.00    0.00    0.00    0.00    0.00    0.00    0.00  100.00

07:32:04 AM  CPU    %usr   %nice    %sys %iowait    %irq   %soft  %steal  %guest  %gnice   %idle
07:32:05 AM  all    0.25    0.00   28.61    0.00    0.13    0.25    0.00    0.00    0.00   70.77
07:32:05 AM    0    1.02    0.00   62.24    0.00    0.00    0.00    0.00    0.00    0.00   36.73
07:32:05 AM    1    1.01    0.00   67.68    0.00    0.00    0.00    0.00    0.00    0.00   31.31
07:32:05 AM    2    0.00    0.00  100.00    0.00    0.00    0.00    0.00    0.00    0.00    0.00
07:32:05 AM    3    0.00    0.00    0.00    0.00    0.00    2.02    0.00    0.00    0.00   97.98
07:32:05 AM    4    0.00    0.00    0.00    0.00    0.99    0.00    0.00    0.00    0.00   99.01
07:32:05 AM    5    0.00    0.00    0.00    0.00    0.00    0.00    0.00    0.00    0.00  100.00
07:32:05 AM    6    0.00    0.00    0.00    0.00    0.00    0.00    0.00    0.00    0.00  100.00
07:32:05 AM    7    0.00    0.00    0.00    0.00    0.00    0.00    0.00    0.00    0.00  100.00

07:32:05 AM  CPU    %usr   %nice    %sys %iowait    %irq   %soft  %steal  %guest  %gnice   %idle
07:32:06 AM  all    0.25    0.00   28.23    0.00    0.13    0.25    0.00    0.00    0.00   71.14
07:32:06 AM    0    1.02    0.00   63.27    0.00    0.00    0.00    0.00    0.00    0.00   35.71
07:32:06 AM    1    1.02    0.00   64.29    0.00    0.00    0.00    0.00    0.00    0.00   34.69
07:32:06 AM    2    0.00    0.00  100.00    0.00    0.00    0.00    0.00    0.00    0.00    0.00
07:32:06 AM    3    0.00    0.00    0.00    0.00    0.99    1.98    0.00    0.00    0.00   97.03
07:32:06 AM    4    0.00    0.00    0.00    0.00    0.00    0.00    0.00    0.00    0.00  100.00
07:32:06 AM    5    0.00    0.00    0.00    0.00    0.00    0.00    0.00    0.00    0.00  100.00
07:32:06 AM    6    0.00    0.00    0.00    0.00    0.00    0.00    0.00    0.00    0.00  100.00
07:32:06 AM    7    0.00    0.00    0.00    0.00    0.00    0.00    0.00    0.00    0.00  100.00

07:32:06 AM  CPU    %usr   %nice    %sys %iowait    %irq   %soft  %steal  %guest  %gnice   %idle
07:32:07 AM  all    0.13    0.00   29.79    0.00    0.13    0.38    0.00    0.00    0.00   69.59
07:32:07 AM    0    1.01    0.00   67.68    0.00    1.01    0.00    0.00    0.00    0.00   30.30
07:32:07 AM    1    0.00    0.00   71.72    0.00    0.00    0.00    0.00    0.00    0.00   28.28
07:32:07 AM    2    0.00    0.00  100.00    0.00    0.00    0.00    0.00    0.00    0.00    0.00
07:32:07 AM    3    0.00    0.00    0.00    0.00    0.00    2.00    0.00    0.00    0.00   98.00
07:32:07 AM    4    0.00    0.00    0.00    0.00    0.00    0.99    0.00    0.00    0.00   99.01
07:32:07 AM    5    0.00    0.00    0.00    0.00    0.00    0.00    0.00    0.00    0.00  100.00
07:32:07 AM    6    0.00    0.00    0.00    0.00    0.00    0.00    0.00    0.00    0.00  100.00
07:32:07 AM    7    0.00    0.00    0.00    0.00    0.00    0.00    0.00    0.00    0.00  100.00

07:32:07 AM  CPU    %usr   %nice    %sys %iowait    %irq   %soft  %steal  %guest  %gnice   %idle
07:32:08 AM  all    0.38    0.00   29.11    0.00    0.13    0.25    0.00    0.00    0.00   70.14
07:32:08 AM    0    1.04    0.00   66.67    0.00    0.00    0.00    0.00    0.00    0.00   32.29
07:32:08 AM    1    1.96    0.00   66.67    0.00    0.98    0.00    0.00    0.00    0.00   30.39
07:32:08 AM    2    0.00    0.00  100.00    0.00    0.00    0.00    0.00    0.00    0.00    0.00
07:32:08 AM    3    0.00    0.00    0.00    0.00    0.00    2.02    0.00    0.00    0.00   97.98
07:32:08 AM    4    0.00    0.00    0.00    0.00    0.00    0.00    0.00    0.00    0.00  100.00
07:32:08 AM    5    0.00    0.00    0.00    0.00    0.00    0.00    0.00    0.00    0.00  100.00
07:32:08 AM    6    0.00    0.00    0.00    0.00    0.00    0.00    0.00    0.00    0.00  100.00
07:32:08 AM    7    0.00    0.00    0.00    0.00    0.00    0.00    0.00    0.00    0.00  100.00

07:32:08 AM  CPU    %usr   %nice    %sys %iowait    %irq   %soft  %steal  %guest  %gnice   %idle
07:32:09 AM  all    0.25    0.00   29.43    0.00    0.00    0.38    0.00    0.00    0.00   69.94
07:32:09 AM    0    1.02    0.00   68.37    0.00    0.00    1.02    0.00    0.00    0.00   29.59
07:32:09 AM    1    1.03    0.00   69.07    0.00    0.00    0.00    0.00    0.00    0.00   29.90
07:32:09 AM    2    0.00    0.00  100.00    0.00    0.00    0.00    0.00    0.00    0.00    0.00
07:32:09 AM    3    0.00    0.00    0.00    0.00    0.00    2.00    0.00    0.00    0.00   98.00
07:32:09 AM    4    0.00    0.00    0.00    0.00    0.00    0.00    0.00    0.00    0.00  100.00
07:32:09 AM    5    0.00    0.00    0.00    0.00    0.00    0.00    0.00    0.00    0.00  100.00
07:32:09 AM    6    0.00    0.00    0.00    0.00    0.00    0.00    0.00    0.00    0.00  100.00
07:32:09 AM    7    0.00    0.00    0.00    0.00    0.00    0.00    0.00    0.00    0.00  100.00

07:32:09 AM  CPU    %usr   %nice    %sys %iowait    %irq   %soft  %steal  %guest  %gnice   %idle
07:32:10 AM  all    0.38    0.00   28.11    0.00    0.13    0.25    0.00    0.00    0.00   71.14
07:32:10 AM    0    1.00    0.00   63.00    0.00    1.00    0.00    0.00    0.00    0.00   35.00
07:32:10 AM    1    2.06    0.00   62.89    0.00    0.00    0.00    0.00    0.00    0.00   35.05
07:32:10 AM    2    0.00    0.00  100.00    0.00    0.00    0.00    0.00    0.00    0.00    0.00
07:32:10 AM    3    0.00    0.00    0.00    0.00    0.00    2.00    0.00    0.00    0.00   98.00
07:32:10 AM    4    0.00    0.00    0.00    0.00    0.00    0.00    0.00    0.00    0.00  100.00
07:32:10 AM    5    0.00    0.00    0.00    0.00    0.00    0.00    0.00    0.00    0.00  100.00
07:32:10 AM    6    0.00    0.00    0.00    0.00    0.00    0.00    0.00    0.00    0.00  100.00
07:32:10 AM    7    0.00    0.00    0.00    0.00    0.00    0.00    0.00    0.00    0.00  100.00

07:32:10 AM  CPU    %usr   %nice    %sys %iowait    %irq   %soft  %steal  %guest  %gnice   %idle
07:32:11 AM  all    0.13    0.00   29.23    0.13    0.25    0.25    0.00    0.00    0.00   70.01
07:32:11 AM    0    1.01    0.00   64.65    1.01    0.00    0.00    0.00    0.00    0.00   33.33
07:32:11 AM    1    0.00    0.00   69.70    0.00    1.01    0.00    0.00    0.00    0.00   29.29
07:32:11 AM    2    0.00    0.00  100.00    0.00    0.00    0.00    0.00    0.00    0.00    0.00
07:32:11 AM    3    0.00    0.00    0.00    0.00    1.00    2.00    0.00    0.00    0.00   97.00
07:32:11 AM    4    0.00    0.00    0.00    0.00    0.00    0.00    0.00    0.00    0.00  100.00
07:32:11 AM    5    0.00    0.00    0.00    0.00    0.00    0.00    0.00    0.00    0.00  100.00
07:32:11 AM    6    0.00    0.00    0.00    0.00    0.00    0.00    0.00    0.00    0.00  100.00
07:32:11 AM    7    0.00    0.00    0.00    0.00    0.00    0.00    0.00    0.00    0.00  100.00

07:32:11 AM  CPU    %usr   %nice    %sys %iowait    %irq   %soft  %steal  %guest  %gnice   %idle
07:32:12 AM  all    0.38    0.00   29.45    0.00    0.00    0.50    0.00    0.00    0.00   69.67
07:32:12 AM    0    2.00    0.00   69.00    0.00    0.00    0.00    0.00    0.00    0.00   29.00
07:32:12 AM    1    1.03    0.00   68.04    0.00    0.00    1.03    0.00    0.00    0.00   29.90
07:32:12 AM    2    0.00    0.00  100.00    0.00    0.00    0.00    0.00    0.00    0.00    0.00
07:32:12 AM    3    0.00    0.00    0.00    0.00    0.00    2.00    0.00    0.00    0.00   98.00
07:32:12 AM    4    0.00    0.00    0.00    0.00    0.00    0.99    0.00    0.00    0.00   99.01
07:32:12 AM    5    0.00    0.00    0.00    0.00    0.00    0.00    0.00    0.00    0.00  100.00
07:32:12 AM    6    0.00    0.00    0.00    0.00    0.00    0.00    0.00    0.00    0.00  100.00
07:32:12 AM    7    0.00    0.00    0.00    0.00    0.00    0.00    0.00    0.00    0.00  100.00

07:32:12 AM  CPU    %usr   %nice    %sys %iowait    %irq   %soft  %steal  %guest  %gnice   %idle
07:32:13 AM  all    0.13    0.00   29.22    0.00    0.13    0.13    0.00    0.00    0.00   70.40
07:32:13 AM    0    0.00    0.00   69.39    0.00    1.02    0.00    0.00    0.00    0.00   29.59
07:32:13 AM    1    1.02    0.00   65.31    0.00    0.00    0.00    0.00    0.00    0.00   33.67
07:32:13 AM    2    0.00    0.00  100.00    0.00    0.00    0.00    0.00    0.00    0.00    0.00
07:32:13 AM    3    0.00    0.00    0.00    0.00    0.00    1.01    0.00    0.00    0.00   98.99
07:32:13 AM    4    0.00    0.00    0.00    0.00    0.00    0.00    0.00    0.00    0.00  100.00
07:32:13 AM    5    0.00    0.00    0.00    0.00    0.00    0.00    0.00    0.00    0.00  100.00
07:32:13 AM    6    0.00    0.00    0.00    0.00    0.00    0.00    0.00    0.00    0.00  100.00
07:32:13 AM    7    0.00    0.00    0.00    0.00    0.00    0.00    0.00    0.00    0.00  100.00

07:32:13 AM  CPU    %usr   %nice    %sys %iowait    %irq   %soft  %steal  %guest  %gnice   %idle
07:32:14 AM  all    0.38    0.00   27.82    0.00    0.00    0.38    0.00    0.00    0.00   71.43
07:32:14 AM    0    1.02    0.00   62.24    0.00    0.00    1.02    0.00    0.00    0.00   35.71
07:32:14 AM    1    1.98    0.00   60.40    0.00    0.00    0.00    0.00    0.00    0.00   37.62
07:32:14 AM    2    0.00    0.00  100.00    0.00    0.00    0.00    0.00    0.00    0.00    0.00
07:32:14 AM    3    0.00    0.00    0.00    0.00    0.00    2.02    0.00    0.00    0.00   97.98
07:32:14 AM    4    0.00    0.00    0.00    0.00    0.00    0.00    0.00    0.00    0.00  100.00
07:32:14 AM    5    0.00    0.00    0.00    0.00    0.00    0.00    0.00    0.00    0.00  100.00
07:32:14 AM    6    0.00    0.00    0.00    0.00    0.00    0.00    0.00    0.00    0.00  100.00
07:32:14 AM    7    0.00    0.00    0.00    0.00    0.00    0.00    0.00    0.00    0.00  100.00

07:32:14 AM  CPU    %usr   %nice    %sys %iowait    %irq   %soft  %steal  %guest  %gnice   %idle
07:32:15 AM  all    0.37    0.00   29.21    0.00    0.12    0.25    0.00    0.00    0.00   70.04
07:32:15 AM    0    1.92    0.00   67.31    0.00    0.00    0.00    0.00    0.00    0.00   30.77
07:32:15 AM    1    1.03    0.00   65.98    0.00    1.03    0.00    0.00    0.00    0.00   31.96
07:32:15 AM    2    0.00    0.00  100.00    0.00    0.00    0.00    0.00    0.00    0.00    0.00
07:32:15 AM    3    0.00    0.00    0.00    0.00    0.00    2.00    0.00    0.00    0.00   98.00
07:32:15 AM    4    0.00    0.00    0.00    0.00    0.00    0.00    0.00    0.00    0.00  100.00
07:32:15 AM    5    0.00    0.00    0.00    0.00    0.00    0.00    0.00    0.00    0.00  100.00
07:32:15 AM    6    0.00    0.00    0.00    0.00    0.00    0.00    0.00    0.00    0.00  100.00
07:32:15 AM    7    0.00    0.00    0.00    0.00    0.00    0.00    0.00    0.00    0.00  100.00

07:32:15 AM  CPU    %usr   %nice    %sys %iowait    %irq   %soft  %steal  %guest  %gnice   %idle
07:32:16 AM  all    0.25    0.00   29.36    0.00    0.25    0.38    0.00    0.00    0.00   69.76
07:32:16 AM    0    1.03    0.00   67.01    0.00    1.03    0.00    0.00    0.00    0.00   30.93
07:32:16 AM    1    1.01    0.00   69.70    0.00    0.00    0.00    0.00    0.00    0.00   29.29
07:32:16 AM    2    0.00    0.00  100.00    0.00    0.00    0.00    0.00    0.00    0.00    0.00
07:32:16 AM    3    0.00    0.00    0.00    0.00    0.99    1.98    0.00    0.00    0.00   97.03
07:32:16 AM    4    0.00    0.00    0.00    0.00    0.00    1.00    0.00    0.00    0.00   99.00
07:32:16 AM    5    0.00    0.00    0.00    0.00    0.00    0.00    0.00    0.00    0.00  100.00
07:32:16 AM    6    0.00    0.00    0.00    0.00    0.00    0.00    0.00    0.00    0.00  100.00
07:32:16 AM    7    0.00    0.00    0.00    0.00    0.00    0.00    0.00    0.00    0.00  100.00

07:32:16 AM  CPU    %usr   %nice    %sys %iowait    %irq   %soft  %steal  %guest  %gnice   %idle
07:32:17 AM  all    0.25    0.00   28.61    0.00    0.00    0.25    0.00    0.00    0.00   70.89
07:32:17 AM    0    1.02    0.00   62.24    0.00    0.00    0.00    0.00    0.00    0.00   36.73
07:32:17 AM    1    1.00    0.00   67.00    0.00    0.00    0.00    0.00    0.00    0.00   32.00
07:32:17 AM    2    0.00    0.00  100.00    0.00    0.00    0.00    0.00    0.00    0.00    0.00
07:32:17 AM    3    0.00    0.00    0.00    0.00    0.00    2.02    0.00    0.00    0.00   97.98
07:32:17 AM    4    0.00    0.00    0.00    0.00    0.00    0.00    0.00    0.00    0.00  100.00
07:32:17 AM    5    0.00    0.00    0.00    0.00    0.00    0.00    0.00    0.00    0.00  100.00
07:32:17 AM    6    0.00    0.00    0.00    0.00    0.00    0.00    0.00    0.00    0.00  100.00
07:32:17 AM    7    0.00    0.00    0.00    0.00    0.00    0.00    0.00    0.00    0.00  100.00

07:32:17 AM  CPU    %usr   %nice    %sys %iowait    %irq   %soft  %steal  %guest  %gnice   %idle
07:32:18 AM  all    0.25    0.00   28.95    0.00    0.25    0.25    0.00    0.00    0.00   70.30
07:32:18 AM    0    1.01    0.00   63.64    0.00    0.00    0.00    0.00    0.00    0.00   35.35
07:32:18 AM    1    1.01    0.00   68.69    0.00    1.01    0.00    0.00    0.00    0.00   29.29
07:32:18 AM    2    0.00    0.00  100.00    0.00    0.00    0.00    0.00    0.00    0.00    0.00
07:32:18 AM    3    0.00    0.00    0.00    0.00    0.00    2.00    0.00    0.00    0.00   98.00
07:32:18 AM    4    0.00    0.00    0.00    0.00    1.00    0.00    0.00    0.00    0.00   99.00
07:32:18 AM    5    0.00    0.00    0.00    0.00    0.00    0.00    0.00    0.00    0.00  100.00
07:32:18 AM    6    0.00    0.00    0.00    0.00    0.00    0.00    0.00    0.00    0.00  100.00
07:32:18 AM    7    0.00    0.00    0.00    0.00    0.00    0.00    0.00    0.00    0.00  100.00

07:32:18 AM  CPU    %usr   %nice    %sys %iowait    %irq   %soft  %steal  %guest  %gnice   %idle
07:32:19 AM  all    0.38    0.00   28.46    0.00    0.00    0.38    0.00    0.00    0.00   70.78
07:32:19 AM    0    1.01    0.00   63.64    0.00    0.00    1.01    0.00    0.00    0.00   34.34
07:32:19 AM    1    2.08    0.00   65.62    0.00    0.00    0.00    0.00    0.00    0.00   32.29
07:32:19 AM    2    0.00    0.00  100.00    0.00    0.00    0.00    0.00    0.00    0.00    0.00
07:32:19 AM    3    0.00    0.00    0.00    0.00    0.00    2.02    0.00    0.00    0.00   97.98
07:32:19 AM    4    0.00    0.00    0.00    0.00    0.00    0.00    0.00    0.00    0.00  100.00
07:32:19 AM    5    0.00    0.00    0.00    0.00    0.00    0.00    0.00    0.00    0.00  100.00
07:32:19 AM    6    0.00    0.00    0.00    0.00    0.00    0.00    0.00    0.00    0.00  100.00
07:32:19 AM    7    0.00    0.00    0.00    0.00    0.00    0.00    0.00    0.00    0.00  100.00

07:32:19 AM  CPU    %usr   %nice    %sys %iowait    %irq   %soft  %steal  %guest  %gnice   %idle
07:32:20 AM  all    0.38    0.00   28.16    0.00    0.25    0.38    0.00    0.00    0.00   70.84
07:32:20 AM    0    2.04    0.00   66.33    0.00    1.02    0.00    0.00    0.00    0.00   30.61
07:32:20 AM    1    1.01    0.00   60.61    0.00    0.00    0.00    0.00    0.00    0.00   38.38
07:32:20 AM    2    0.00    0.00  100.00    0.00    0.00    0.00    0.00    0.00    0.00    0.00
07:32:20 AM    3    0.00    0.00    0.00    0.00    0.99    1.98    0.00    0.00    0.00   97.03
07:32:20 AM    4    0.00    0.00    0.00    0.00    0.00    0.99    0.00    0.00    0.00   99.01
07:32:20 AM    5    0.00    0.00    0.00    0.00    0.00    0.00    0.00    0.00    0.00  100.00
07:32:20 AM    6    0.00    0.00    0.00    0.00    0.00    0.00    0.00    0.00    0.00  100.00
07:32:20 AM    7    0.00    0.00    0.00    0.00    0.00    0.00    0.00    0.00    0.00  100.00

07:32:20 AM  CPU    %usr   %nice    %sys %iowait    %irq   %soft  %steal  %guest  %gnice   %idle
07:32:21 AM  all    0.38    0.00   29.66    0.00    0.00    0.38    0.00    0.00    0.00   69.59
07:32:21 AM    0    1.00    0.00   67.00    0.00    0.00    0.00    0.00    0.00    0.00   32.00
07:32:21 AM    1    2.00    0.00   70.00    0.00    0.00    1.00    0.00    0.00    0.00   27.00
07:32:21 AM    2    0.00    0.00  100.00    0.00    0.00    0.00    0.00    0.00    0.00    0.00
07:32:21 AM    3    0.00    0.00    0.00    0.00    0.00    2.00    0.00    0.00    0.00   98.00
07:32:21 AM    4    0.00    0.00    0.00    0.00    0.00    0.00    0.00    0.00    0.00  100.00
07:32:21 AM    5    0.00    0.00    0.00    0.00    0.00    0.00    0.00    0.00    0.00  100.00
07:32:21 AM    6    0.00    0.00    0.00    0.00    0.00    0.00    0.00    0.00    0.00  100.00
07:32:21 AM    7    0.00    0.00    0.00    0.00    0.00    0.00    0.00    0.00    0.00  100.00

07:32:21 AM  CPU    %usr   %nice    %sys %iowait    %irq   %soft  %steal  %guest  %gnice   %idle
07:32:22 AM  all    0.25    0.00   30.69    0.00    0.13    0.25    0.00    0.00    0.00   68.68
07:32:22 AM    0    1.02    0.00   74.49    0.00    0.00    0.00    0.00    0.00    0.00   24.49
07:32:22 AM    1    1.02    0.00   72.45    0.00    1.02    0.00    0.00    0.00    0.00   25.51
07:32:22 AM    2    0.00    0.00  100.00    0.00    0.00    0.00    0.00    0.00    0.00    0.00
07:32:22 AM    3    0.00    0.00    0.00    0.00    0.00    2.02    0.00    0.00    0.00   97.98
07:32:22 AM    4    0.00    0.00    0.00    0.00    0.00    0.00    0.00    0.00    0.00  100.00
07:32:22 AM    5    0.00    0.00    0.00    0.00    0.00    0.00    0.00    0.00    0.00  100.00
07:32:22 AM    6    0.00    0.00    0.00    0.00    0.00    0.00    0.00    0.00    0.00  100.00
07:32:22 AM    7    0.00    0.00    0.00    0.00    0.00    0.00    0.00    0.00    0.00  100.00

07:32:22 AM  CPU    %usr   %nice    %sys %iowait    %irq   %soft  %steal  %guest  %gnice   %idle
07:32:23 AM  all    0.25    0.00   29.23    0.00    0.13    0.25    0.00    0.00    0.00   70.14
07:32:23 AM    0    1.00    0.00   66.00    0.00    1.00    0.00    0.00    0.00    0.00   32.00
07:32:23 AM    1    1.02    0.00   68.37    0.00    0.00    0.00    0.00    0.00    0.00   30.61
07:32:23 AM    2    0.00    0.00  100.00    0.00    0.00    0.00    0.00    0.00    0.00    0.00
07:32:23 AM    3    0.00    0.00    0.00    0.00    0.00    2.00    0.00    0.00    0.00   98.00
07:32:23 AM    4    0.00    0.00    0.00    0.00    0.00    0.00    0.00    0.00    0.00  100.00
07:32:23 AM    5    0.00    0.00    0.00    0.00    0.00    0.00    0.00    0.00    0.00  100.00
07:32:23 AM    6    0.00    0.00    0.00    0.00    0.00    0.00    0.00    0.00    0.00  100.00
07:32:23 AM    7    0.00    0.00    0.00    0.00    0.00    0.00    0.00    0.00    0.00  100.00

07:32:23 AM  CPU    %usr   %nice    %sys %iowait    %irq   %soft  %steal  %guest  %gnice   %idle
07:32:24 AM  all    0.13    0.00   30.03    0.00    0.00    0.50    0.00    0.00    0.00   69.35
07:32:24 AM    0    1.02    0.00   70.41    0.00    0.00    1.02    0.00    0.00    0.00   27.55
07:32:24 AM    1    0.00    0.00   72.16    0.00    0.00    0.00    0.00    0.00    0.00   27.84
07:32:24 AM    2    0.00    0.00  100.00    0.00    0.00    0.00    0.00    0.00    0.00    0.00
07:32:24 AM    3    0.00    0.00    0.00    0.00    0.00    2.00    0.00    0.00    0.00   98.00
07:32:24 AM    4    0.00    0.00    0.00    0.00    0.00    0.99    0.00    0.00    0.00   99.01
07:32:24 AM    5    0.00    0.00    0.00    0.00    0.00    0.00    0.00    0.00    0.00  100.00
07:32:24 AM    6    0.00    0.00    0.00    0.00    0.00    0.00    0.00    0.00    0.00  100.00
07:32:24 AM    7    0.00    0.00    0.00    0.00    0.00    0.00    0.00    0.00    0.00  100.00

07:32:24 AM  CPU    %usr   %nice    %sys %iowait    %irq   %soft  %steal  %guest  %gnice   %idle
07:32:25 AM  all    0.38    0.00   29.16    0.00    0.25    0.13    0.00    0.00    0.00   70.09
07:32:25 AM    0    1.02    0.00   68.37    0.00    0.00    0.00    0.00    0.00    0.00   30.61
07:32:25 AM    1    1.96    0.00   64.71    0.00    0.98    0.00    0.00    0.00    0.00   32.35
07:32:25 AM    2    0.00    0.00  100.00    0.00    0.00    0.00    0.00    0.00    0.00    0.00
07:32:25 AM    3    0.00    0.00    0.00    0.00    1.01    1.01    0.00    0.00    0.00   97.98
07:32:25 AM    4    0.00    0.00    0.00    0.00    0.00    0.00    0.00    0.00    0.00  100.00
07:32:25 AM    5    0.00    0.00    0.00    0.00    0.00    0.00    0.00    0.00    0.00  100.00
07:32:25 AM    6    0.00    0.00    0.00    0.00    0.00    0.00    0.00    0.00    0.00  100.00
07:32:25 AM    7    0.00    0.00    0.00    0.00    0.00    0.00    0.00    0.00    0.00  100.00

07:32:25 AM  CPU    %usr   %nice    %sys %iowait    %irq   %soft  %steal  %guest  %gnice   %idle
07:32:26 AM  all    0.38    0.00   30.24    0.00    0.13    0.25    0.00    0.00    0.00   69.01
07:32:26 AM    0    2.06    0.00   70.10    0.00    1.03    0.00    0.00    0.00    0.00   26.80
07:32:26 AM    1    0.99    0.00   72.28    0.00    0.00    0.00    0.00    0.00    0.00   26.73
07:32:26 AM    2    0.00    0.00  100.00    0.00    0.00    0.00    0.00    0.00    0.00    0.00
07:32:26 AM    3    0.00    0.00    0.00    0.00    0.00    2.00    0.00    0.00    0.00   98.00
07:32:26 AM    4    0.00    0.00    0.00    0.00    0.00    0.00    0.00    0.00    0.00  100.00
07:32:26 AM    5    0.00    0.00    0.00    0.00    0.00    0.00    0.00    0.00    0.00  100.00
07:32:26 AM    6    0.00    0.00    0.00    0.00    0.00    0.00    0.00    0.00    0.00  100.00
07:32:26 AM    7    0.00    0.00    0.00    0.00    0.00    0.00    0.00    0.00    0.00  100.00

07:32:26 AM  CPU    %usr   %nice    %sys %iowait    %irq   %soft  %steal  %guest  %gnice   %idle
07:32:27 AM  all    0.38    0.00   28.57    0.00    0.00    0.25    0.00    0.00    0.00   70.80
07:32:27 AM    0    1.01    0.00   64.65    0.00    0.00    0.00    0.00    0.00    0.00   34.34
07:32:27 AM    1    2.02    0.00   64.65    0.00    0.00    0.00    0.00    0.00    0.00   33.33
07:32:27 AM    2    0.00    0.00  100.00    0.00    0.00    0.00    0.00    0.00    0.00    0.00
07:32:27 AM    3    0.00    0.00    0.00    0.00    0.00    2.00    0.00    0.00    0.00   98.00
07:32:27 AM    4    0.00    0.00    0.00    0.00    0.00    0.00    0.00    0.00    0.00  100.00
07:32:27 AM    5    0.00    0.00    0.00    0.00    0.00    0.00    0.00    0.00    0.00  100.00
07:32:27 AM    6    0.00    0.00    0.00    0.00    0.00    0.00    0.00    0.00    0.00  100.00
07:32:27 AM    7    0.00    0.00    0.00    0.00    0.00    0.00    0.00    0.00    0.00  100.00

07:32:27 AM  CPU    %usr   %nice    %sys %iowait    %irq   %soft  %steal  %guest  %gnice   %idle
07:32:28 AM  all    0.25    0.00   29.69    0.00    0.00    0.38    0.00    0.00    0.00   69.69
07:32:28 AM    0    1.02    0.00   70.41    0.00    0.00    0.00    0.00    0.00    0.00   28.57
07:32:28 AM    1    1.02    0.00   68.37    0.00    0.00    0.00    0.00    0.00    0.00   30.61
07:32:28 AM    2    0.00    0.00  100.00    0.00    0.00    0.00    0.00    0.00    0.00    0.00
07:32:28 AM    3    0.00    0.00    0.00    0.00    0.00    2.02    0.00    0.00    0.00   97.98
07:32:28 AM    4    0.00    0.00    0.00    0.00    0.00    1.00    0.00    0.00    0.00   99.00
07:32:28 AM    5    0.00    0.00    0.00    0.00    0.00    0.00    0.00    0.00    0.00  100.00
07:32:28 AM    6    0.00    0.00    0.00    0.00    0.00    0.00    0.00    0.00    0.00  100.00
07:32:28 AM    7    0.00    0.00    0.00    0.00    0.00    0.00    0.00    0.00    0.00  100.00

07:32:28 AM  CPU    %usr   %nice    %sys %iowait    %irq   %soft  %steal  %guest  %gnice   %idle
07:32:29 AM  all    0.38    0.00   28.91    0.00    0.38    0.38    0.00    0.00    0.00   69.96
07:32:29 AM    0    2.04    0.00   63.27    0.00    1.02    1.02    0.00    0.00    0.00   32.65
07:32:29 AM    1    1.00    0.00   69.00    0.00    1.00    0.00    0.00    0.00    0.00   29.00
07:32:29 AM    2    0.00    0.00  100.00    0.00    0.00    0.00    0.00    0.00    0.00    0.00
07:32:29 AM    3    0.00    0.00    0.00    0.00    0.99    1.98    0.00    0.00    0.00   97.03
07:32:29 AM    4    0.00    0.00    0.00    0.00    0.00    0.00    0.00    0.00    0.00  100.00
07:32:29 AM    5    0.00    0.00    0.00    0.00    0.00    0.00    0.00    0.00    0.00  100.00
07:32:29 AM    6    0.00    0.00    0.00    0.00    0.00    0.00    0.00    0.00    0.00  100.00
07:32:29 AM    7    0.00    0.00    0.00    0.00    0.00    0.00    0.00    0.00    0.00  100.00

07:32:29 AM  CPU    %usr   %nice    %sys %iowait    %irq   %soft  %steal  %guest  %gnice   %idle
07:32:30 AM  all    0.50    0.00   28.30    0.00    0.00    0.38    0.00    0.00    0.00   70.82
07:32:30 AM    0    2.04    0.00   64.29    0.00    0.00    0.00    0.00    0.00    0.00   33.67
07:32:30 AM    1    2.06    0.00   63.92    0.00    0.00    1.03    0.00    0.00    0.00   32.99
07:32:30 AM    2    0.00    0.00  100.00    0.00    0.00    0.00    0.00    0.00    0.00    0.00
07:32:30 AM    3    0.00    0.00    0.00    0.00    0.00    2.00    0.00    0.00    0.00   98.00
07:32:30 AM    4    0.00    0.00    0.00    0.00    0.00    0.00    0.00    0.00    0.00  100.00
07:32:30 AM    5    0.00    0.00    0.00    0.00    0.00    0.00    0.00    0.00    0.00  100.00
07:32:30 AM    6    0.00    0.00    0.00    0.00    0.00    0.00    0.00    0.00    0.00  100.00
07:32:30 AM    7    0.00    0.00    0.00    0.00    0.00    0.00    0.00    0.00    0.00  100.00

07:32:30 AM  CPU    %usr   %nice    %sys %iowait    %irq   %soft  %steal  %guest  %gnice   %idle
07:32:31 AM  all    0.25    0.00   28.70    0.00    0.13    0.25    0.00    0.00    0.00   70.68
07:32:31 AM    0    1.00    0.00   65.00    0.00    0.00    0.00    0.00    0.00    0.00   34.00
07:32:31 AM    1    1.01    0.00   64.65    0.00    0.00    0.00    0.00    0.00    0.00   34.34
07:32:31 AM    2    0.00    0.00  100.00    0.00    0.00    0.00    0.00    0.00    0.00    0.00
07:32:31 AM    3    0.00    0.00    0.00    0.00    0.00    2.02    0.00    0.00    0.00   97.98
07:32:31 AM    4    0.00    0.00    0.00    0.00    1.00    0.00    0.00    0.00    0.00   99.00
07:32:31 AM    5    0.00    0.00    0.00    0.00    0.00    0.00    0.00    0.00    0.00  100.00
07:32:31 AM    6    0.00    0.00    0.00    0.00    0.00    0.00    0.00    0.00    0.00  100.00
07:32:31 AM    7    0.00    0.00    0.00    0.00    0.00    0.00    0.00    0.00    0.00  100.00

07:32:31 AM  CPU    %usr   %nice    %sys %iowait    %irq   %soft  %steal  %guest  %gnice   %idle
07:32:32 AM  all    0.50    0.00   30.00    0.00    0.25    0.38    0.00    0.00    0.00   68.88
07:32:32 AM    0    2.00    0.00   72.00    0.00    1.00    0.00    0.00    0.00    0.00   25.00
07:32:32 AM    1    2.02    0.00   68.69    0.00    1.01    0.00    0.00    0.00    0.00   28.28
07:32:32 AM    2    0.00    0.00  100.00    0.00    0.00    0.00    0.00    0.00    0.00    0.00
07:32:32 AM    3    0.00    0.00    0.00    0.00    0.00    2.00    0.00    0.00    0.00   98.00
07:32:32 AM    4    0.00    0.00    0.00    0.00    0.00    0.99    0.00    0.00    0.00   99.01
07:32:32 AM    5    0.00    0.00    0.00    0.00    0.00    0.00    0.00    0.00    0.00  100.00
07:32:32 AM    6    0.00    0.00    0.00    0.00    0.00    0.00    0.00    0.00    0.00  100.00
07:32:32 AM    7    0.00    0.00    0.00    0.00    0.00    0.00    0.00    0.00    0.00  100.00

07:32:32 AM  CPU    %usr   %nice    %sys %iowait    %irq   %soft  %steal  %guest  %gnice   %idle
07:32:33 AM  all    0.25    0.00   29.13    0.00    0.00    0.25    0.00    0.00    0.00   70.37
07:32:33 AM    0    0.00    0.00   67.37    0.00    0.00    0.00    0.00    0.00    0.00   32.63
07:32:33 AM    1    2.00    0.00   67.00    0.00    0.00    0.00    0.00    0.00    0.00   31.00
07:32:33 AM    2    0.00    0.00  100.00    0.00    0.00    0.00    0.00    0.00    0.00    0.00
07:32:33 AM    3    0.00    0.00    0.00    0.00    0.00    2.02    0.00    0.00    0.00   97.98
07:32:33 AM    4    0.00    0.00    0.00    0.00    0.00    0.00    0.00    0.00    0.00  100.00
07:32:33 AM    5    0.00    0.00    0.00    0.00    0.00    0.00    0.00    0.00    0.00  100.00
07:32:33 AM    6    0.00    0.00    0.00    0.00    0.00    0.00    0.00    0.00    0.00  100.00
07:32:33 AM    7    0.00    0.00    0.00    0.00    0.00    0.00    0.00    0.00    0.00  100.00

07:32:33 AM  CPU    %usr   %nice    %sys %iowait    %irq   %soft  %steal  %guest  %gnice   %idle
07:32:34 AM  all    0.38    0.00   28.45    0.00    0.13    0.38    0.00    0.00    0.00   70.68
07:32:34 AM    0    2.04    0.00   62.24    0.00    0.00    1.02    0.00    0.00    0.00   34.69
07:32:34 AM    1    1.01    0.00   66.67    0.00    0.00    0.00    0.00    0.00    0.00   32.32
07:32:34 AM    2    0.00    0.00  100.00    0.00    0.00    0.00    0.00    0.00    0.00    0.00
07:32:34 AM    3    0.00    0.00    0.00    0.00    0.99    1.98    0.00    0.00    0.00   97.03
07:32:34 AM    4    0.00    0.00    0.00    0.00    0.00    0.00    0.00    0.00    0.00  100.00
07:32:34 AM    5    0.00    0.00    0.00    0.00    0.00    0.00    0.00    0.00    0.00  100.00
07:32:34 AM    6    0.00    0.00    0.00    0.00    0.00    0.00    0.00    0.00    0.00  100.00
07:32:34 AM    7    0.00    0.00    0.00    0.00    0.00    0.00    0.00    0.00    0.00  100.00

07:32:34 AM  CPU    %usr   %nice    %sys %iowait    %irq   %soft  %steal  %guest  %gnice   %idle
07:32:35 AM  all    0.25    0.00   29.49    0.00    0.13    0.25    0.00    0.00    0.00   69.89
07:32:35 AM    0    0.99    0.00   68.32    0.00    0.99    0.00    0.00    0.00    0.00   29.70
07:32:35 AM    1    1.03    0.00   68.04    0.00    0.00    0.00    0.00    0.00    0.00   30.93
07:32:35 AM    2    0.00    0.00  100.00    0.00    0.00    0.00    0.00    0.00    0.00    0.00
07:32:35 AM    3    0.00    0.00    0.00    0.00    0.00    2.00    0.00    0.00    0.00   98.00
07:32:35 AM    4    0.00    0.00    0.00    0.00    0.00    0.00    0.00    0.00    0.00  100.00
07:32:35 AM    5    0.00    0.00    0.00    0.00    0.00    0.00    0.00    0.00    0.00  100.00
07:32:35 AM    6    0.00    0.00    0.00    0.00    0.00    0.00    0.00    0.00    0.00  100.00
07:32:35 AM    7    0.00    0.00    0.00    0.00    0.00    0.00    0.00    0.00    0.00  100.00

07:32:35 AM  CPU    %usr   %nice    %sys %iowait    %irq   %soft  %steal  %guest  %gnice   %idle
07:32:36 AM  all    0.38    0.00   29.15    0.00    0.13    0.38    0.00    0.00    0.00   69.97
07:32:36 AM    0    2.06    0.00   70.10    0.00    0.00    0.00    0.00    0.00    0.00   27.84
07:32:36 AM    1    1.01    0.00   64.65    0.00    1.01    0.00    0.00    0.00    0.00   33.33
07:32:36 AM    2    0.00    0.00  100.00    0.00    0.00    0.00    0.00    0.00    0.00    0.00
07:32:36 AM    3    0.00    0.00    0.00    0.00    0.00    2.02    0.00    0.00    0.00   97.98
07:32:36 AM    4    0.00    0.00    0.00    0.00    0.00    0.99    0.00    0.00    0.00   99.01
07:32:36 AM    5    0.00    0.00    0.00    0.00    0.00    0.00    0.00    0.00    0.00  100.00
07:32:36 AM    6    0.00    0.00    0.00    0.00    0.00    0.00    0.00    0.00    0.00  100.00
07:32:36 AM    7    0.00    0.00    0.00    0.00    0.00    0.00    0.00    0.00    0.00  100.00

07:32:36 AM  CPU    %usr   %nice    %sys %iowait    %irq   %soft  %steal  %guest  %gnice   %idle
07:32:37 AM  all    0.25    0.00   27.92    0.00    0.00    0.13    0.00    0.00    0.00   71.70
07:32:37 AM    0    1.02    0.00   62.24    0.00    0.00    0.00    0.00    0.00    0.00   36.73
07:32:37 AM    1    1.02    0.00   62.24    0.00    0.00    0.00    0.00    0.00    0.00   36.73
07:32:37 AM    2    0.00    0.00  100.00    0.00    0.00    0.00    0.00    0.00    0.00    0.00
07:32:37 AM    3    0.00    0.00    0.00    0.00    0.00    1.01    0.00    0.00    0.00   98.99
07:32:37 AM    4    0.00    0.00    0.00    0.00    0.00    0.00    0.00    0.00    0.00  100.00
07:32:37 AM    5    0.00    0.00    0.00    0.00    0.00    0.00    0.00    0.00    0.00  100.00
07:32:37 AM    6    0.00    0.00    0.00    0.00    0.00    0.00    0.00    0.00    0.00  100.00
07:32:37 AM    7    0.00    0.00    0.00    0.00    0.00    0.00    0.00    0.00    0.00  100.00

07:32:37 AM  CPU    %usr   %nice    %sys %iowait    %irq   %soft  %steal  %guest  %gnice   %idle
07:32:38 AM  all    0.38    0.00   28.52    0.00    0.13    0.38    0.00    0.00    0.00   70.60
07:32:38 AM    0    1.00    0.00   66.00    0.00    1.00    0.00    0.00    0.00    0.00   32.00
07:32:38 AM    1    2.06    0.00   62.89    0.00    0.00    1.03    0.00    0.00    0.00   34.02
07:32:38 AM    2    0.00    0.00  100.00    0.00    0.00    0.00    0.00    0.00    0.00    0.00
07:32:38 AM    3    0.00    0.00    0.00    0.00    0.00    2.00    0.00    0.00    0.00   98.00
07:32:38 AM    4    0.00    0.00    0.00    0.00    0.00    0.00    0.00    0.00    0.00  100.00
07:32:38 AM    5    0.00    0.00    0.00    0.00    0.00    0.00    0.00    0.00    0.00  100.00
07:32:38 AM    6    0.00    0.00    0.00    0.00    0.00    0.00    0.00    0.00    0.00  100.00
07:32:38 AM    7    0.00    0.00    0.00    0.00    0.00    0.00    0.00    0.00    0.00  100.00

07:32:38 AM  CPU    %usr   %nice    %sys %iowait    %irq   %soft  %steal  %guest  %gnice   %idle
07:32:39 AM  all    0.13    0.00   29.02    0.00    0.13    0.38    0.00    0.00    0.00   70.35
07:32:39 AM    0    0.00    0.00   70.71    0.00    0.00    1.01    0.00    0.00    0.00   28.28
07:32:39 AM    1    1.04    0.00   63.54    0.00    0.00    0.00    0.00    0.00    0.00   35.42
07:32:39 AM    2    0.00    0.00  100.00    0.00    0.00    0.00    0.00    0.00    0.00    0.00
07:32:39 AM    3    0.00    0.00    0.00    0.00    0.99    1.98    0.00    0.00    0.00   97.03
07:32:39 AM    4    0.00    0.00    0.00    0.00    0.00    0.00    0.00    0.00    0.00  100.00
07:32:39 AM    5    0.00    0.00    0.00    0.00    0.00    0.00    0.00    0.00    0.00  100.00
07:32:39 AM    6    0.00    0.00    0.00    0.00    0.00    0.00    0.00    0.00    0.00  100.00
07:32:39 AM    7    0.00    0.00    0.00    0.00    0.00    0.00    0.00    0.00    0.00  100.00

07:32:39 AM  CPU    %usr   %nice    %sys %iowait    %irq   %soft  %steal  %guest  %gnice   %idle
07:32:40 AM  all    0.38    0.00   28.89    0.00    0.13    0.25    0.00    0.00    0.00   70.35
07:32:40 AM    0    1.03    0.00   65.98    0.00    0.00    0.00    0.00    0.00    0.00   32.99
07:32:40 AM    1    2.00    0.00   66.00    0.00    1.00    0.00    0.00    0.00    0.00   31.00
07:32:40 AM    2    0.00    0.00  100.00    0.00    0.00    0.00    0.00    0.00    0.00    0.00
07:32:40 AM    3    0.00    0.00    0.00    0.00    0.00    2.02    0.00    0.00    0.00   97.98
07:32:40 AM    4    0.00    0.00    0.00    0.00    0.00    0.00    0.00    0.00    0.00  100.00
07:32:40 AM    5    0.00    0.00    0.00    0.00    0.00    0.00    0.00    0.00    0.00  100.00
07:32:40 AM    6    0.00    0.00    0.00    0.00    0.00    0.00    0.00    0.00    0.00  100.00
07:32:40 AM    7    0.00    0.00    0.00    0.00    0.00    0.00    0.00    0.00    0.00  100.00

07:32:40 AM  CPU    %usr   %nice    %sys %iowait    %irq   %soft  %steal  %guest  %gnice   %idle
07:32:41 AM  all    0.25    0.00   29.18    0.00    0.13    0.38    0.00    0.00    0.00   70.06
07:32:41 AM    0    1.01    0.00   65.66    0.00    1.01    0.00    0.00    0.00    0.00   32.32
07:32:41 AM    1    1.04    0.00   69.79    0.00    0.00    0.00    0.00    0.00    0.00   29.17
07:32:41 AM    2    0.00    0.00  100.00    0.00    0.00    0.00    0.00    0.00    0.00    0.00
07:32:41 AM    3    0.00    0.00    0.00    0.00    0.00    2.00    0.00    0.00    0.00   98.00
07:32:41 AM    4    0.00    0.00    0.00    0.00    0.00    1.00    0.00    0.00    0.00   99.00
07:32:41 AM    5    0.00    0.00    0.00    0.00    0.00    0.00    0.00    0.00    0.00  100.00
07:32:41 AM    6    0.00    0.00    0.00    0.00    0.00    0.00    0.00    0.00    0.00  100.00
07:32:41 AM    7    0.00    0.00    0.00    0.00    0.00    0.00    0.00    0.00    0.00  100.00

07:32:41 AM  CPU    %usr   %nice    %sys %iowait    %irq   %soft  %steal  %guest  %gnice   %idle
07:32:42 AM  all    0.38    0.00   28.82    0.00    0.00    0.25    0.00    0.00    0.00   70.55
07:32:42 AM    0    2.02    0.00   66.67    0.00    0.00    0.00    0.00    0.00    0.00   31.31
07:32:42 AM    1    1.01    0.00   64.65    0.00    0.00    0.00    0.00    0.00    0.00   34.34
07:32:42 AM    2    0.00    0.00  100.00    0.00    0.00    0.00    0.00    0.00    0.00    0.00
07:32:42 AM    3    0.00    0.00    0.00    0.00    0.00    2.00    0.00    0.00    0.00   98.00
07:32:42 AM    4    0.00    0.00    0.00    0.00    0.00    0.00    0.00    0.00    0.00  100.00
07:32:42 AM    5    0.00    0.00    0.00    0.00    0.00    0.00    0.00    0.00    0.00  100.00
07:32:42 AM    6    0.00    0.00    0.00    0.00    0.00    0.00    0.00    0.00    0.00  100.00
07:32:42 AM    7    0.00    0.00    0.00    0.00    0.00    0.00    0.00    0.00    0.00  100.00

07:32:42 AM  CPU    %usr   %nice    %sys %iowait    %irq   %soft  %steal  %guest  %gnice   %idle
07:32:43 AM  all    0.38    0.00   28.52    0.00    0.25    0.25    0.00    0.00    0.00   70.60
07:32:43 AM    0    2.06    0.00   63.92    0.00    0.00    0.00    0.00    0.00    0.00   34.02
07:32:43 AM    1    1.01    0.00   65.66    0.00    1.01    0.00    0.00    0.00    0.00   32.32
07:32:43 AM    2    0.00    0.00  100.00    0.00    0.00    0.00    0.00    0.00    0.00    0.00
07:32:43 AM    3    0.00    0.00    0.00    0.00    1.00    2.00    0.00    0.00    0.00   97.00
07:32:43 AM    4    0.00    0.00    0.00    0.00    0.00    0.00    0.00    0.00    0.00  100.00
07:32:43 AM    5    0.00    0.00    0.00    0.00    0.00    0.00    0.00    0.00    0.00  100.00
07:32:43 AM    6    0.00    0.00    0.00    0.00    0.00    0.00    0.00    0.00    0.00  100.00
07:32:43 AM    7    0.00    0.00    0.00    0.00    0.00    0.00    0.00    0.00    0.00  100.00

07:32:43 AM  CPU    %usr   %nice    %sys %iowait    %irq   %soft  %steal  %guest  %gnice   %idle
07:32:44 AM  all    0.13    0.00   29.47    0.00    0.13    0.25    0.00    0.00    0.00   70.03
07:32:44 AM    0    1.02    0.00   71.43    0.00    1.02    0.00    0.00    0.00    0.00   26.53
07:32:44 AM    1    0.00    0.00   65.98    0.00    0.00    0.00    0.00    0.00    0.00   34.02
07:32:44 AM    2    0.00    0.00  100.00    0.00    0.00    0.00    0.00    0.00    0.00    0.00
07:32:44 AM    3    0.00    0.00    0.00    0.00    0.00    2.00    0.00    0.00    0.00   98.00
07:32:44 AM    4    0.00    0.00    0.00    0.00    0.00    0.00    0.00    0.00    0.00  100.00
07:32:44 AM    5    0.00    0.00    0.00    0.00    0.00    0.00    0.00    0.00    0.00  100.00
07:32:44 AM    6    0.00    0.00    0.00    0.00    0.00    0.00    0.00    0.00    0.00  100.00
07:32:44 AM    7    0.00    0.00    0.00    0.00    0.00    0.00    0.00    0.00    0.00  100.00

07:32:44 AM  CPU    %usr   %nice    %sys %iowait    %irq   %soft  %steal  %guest  %gnice   %idle
07:32:45 AM  all    0.25    0.00   29.23    0.00    0.13    0.25    0.00    0.00    0.00   70.14
07:32:45 AM    0    1.01    0.00   66.67    0.00    0.00    0.00    0.00    0.00    0.00   32.32
07:32:45 AM    1    1.03    0.00   69.07    0.00    0.00    0.00    0.00    0.00    0.00   29.90
07:32:45 AM    2    0.00    0.00  100.00    0.00    0.00    0.00    0.00    0.00    0.00    0.00
07:32:45 AM    3    0.00    0.00    0.00    0.00    0.00    2.00    0.00    0.00    0.00   98.00
07:32:45 AM    4    0.00    0.00    0.00    0.00    0.99    0.00    0.00    0.00    0.00   99.01
07:32:45 AM    5    0.00    0.00    0.00    0.00    0.00    0.00    0.00    0.00    0.00  100.00
07:32:45 AM    6    0.00    0.00    0.00    0.00    0.00    0.00    0.00    0.00    0.00  100.00
07:32:45 AM    7    0.00    0.00    0.00    0.00    0.00    0.00    0.00    0.00    0.00  100.00

07:32:45 AM  CPU    %usr   %nice    %sys %iowait    %irq   %soft  %steal  %guest  %gnice   %idle
07:32:46 AM  all    0.38    0.00   28.36    0.00    0.00    0.50    0.00    0.00    0.00   70.77
07:32:46 AM    0    1.98    0.00   65.35    0.00    0.00    0.99    0.00    0.00    0.00   31.68
07:32:46 AM    1    1.03    0.00   61.86    0.00    0.00    1.03    0.00    0.00    0.00   36.08
07:32:46 AM    2    0.00    0.00  100.00    0.00    0.00    0.00    0.00    0.00    0.00    0.00
07:32:46 AM    3    0.00    0.00    0.00    0.00    0.00    1.02    0.00    0.00    0.00   98.98
07:32:46 AM    4    0.00    0.00    0.00    0.00    0.00    0.99    0.00    0.00    0.00   99.01
07:32:46 AM    5    0.00    0.00    0.00    0.00    0.00    0.00    0.00    0.00    0.00  100.00
07:32:46 AM    6    0.00    0.00    0.00    0.00    0.00    0.00    0.00    0.00    0.00  100.00
07:32:46 AM    7    0.00    0.00    0.00    0.00    0.00    0.00    0.00    0.00    0.00  100.00

07:32:46 AM  CPU    %usr   %nice    %sys %iowait    %irq   %soft  %steal  %guest  %gnice   %idle
07:32:47 AM  all    0.38    0.00   28.36    0.00    0.25    0.25    0.00    0.00    0.00   70.77
07:32:47 AM    0    1.01    0.00   66.67    0.00    1.01    0.00    0.00    0.00    0.00   31.31
07:32:47 AM    1    2.02    0.00   60.61    0.00    1.01    0.00    0.00    0.00    0.00   36.36
07:32:47 AM    2    0.00    0.00  100.00    0.00    0.00    0.00    0.00    0.00    0.00    0.00
07:32:47 AM    3    0.00    0.00    0.00    0.00    0.00    2.00    0.00    0.00    0.00   98.00
07:32:47 AM    4    0.00    0.00    0.00    0.00    0.00    0.00    0.00    0.00    0.00  100.00
07:32:47 AM    5    0.00    0.00    0.00    0.00    0.00    0.00    0.00    0.00    0.00  100.00
07:32:47 AM    6    0.00    0.00    0.00    0.00    0.00    0.00    0.00    0.00    0.00  100.00
07:32:47 AM    7    0.00    0.00    0.00    0.00    0.00    0.00    0.00    0.00    0.00  100.00

07:32:47 AM  CPU    %usr   %nice    %sys %iowait    %irq   %soft  %steal  %guest  %gnice   %idle
07:32:48 AM  all    0.25    0.00   28.36    0.00    0.13    0.25    0.00    0.00    0.00   71.02
07:32:48 AM    0    1.02    0.00   63.27    0.00    0.00    0.00    0.00    0.00    0.00   35.71
07:32:48 AM    1    1.02    0.00   65.31    0.00    0.00    0.00    0.00    0.00    0.00   33.67
07:32:48 AM    2    0.00    0.00  100.00    0.00    0.00    0.00    0.00    0.00    0.00    0.00
07:32:48 AM    3    0.00    0.00    0.00    0.00    0.99    1.98    0.00    0.00    0.00   97.03
07:32:48 AM    4    0.00    0.00    0.00    0.00    0.00    0.00    0.00    0.00    0.00  100.00
07:32:48 AM    5    0.00    0.00    0.00    0.00    0.00    0.00    0.00    0.00    0.00  100.00
07:32:48 AM    6    0.00    0.00    0.00    0.00    0.00    0.00    0.00    0.00    0.00  100.00
07:32:48 AM    7    0.00    0.00    0.00    0.00    0.00    0.00    0.00    0.00    0.00  100.00

07:32:48 AM  CPU    %usr   %nice    %sys %iowait    %irq   %soft  %steal  %guest  %gnice   %idle
07:32:49 AM  all    0.38    0.00   28.73    0.00    0.00    0.25    0.00    0.00    0.00   70.64
07:32:49 AM    0    1.00    0.00   69.00    0.00    0.00    0.00    0.00    0.00    0.00   30.00
07:32:49 AM    1    2.04    0.00   61.22    0.00    0.00    0.00    0.00    0.00    0.00   36.73
07:32:49 AM    2    0.00    0.00  100.00    0.00    0.00    0.00    0.00    0.00    0.00    0.00
07:32:49 AM    3    0.00    0.00    0.00    0.00    0.00    2.02    0.00    0.00    0.00   97.98
07:32:49 AM    4    0.00    0.00    0.00    0.00    0.00    0.00    0.00    0.00    0.00  100.00
07:32:49 AM    5    0.00    0.00    0.00    0.00    0.00    0.00    0.00    0.00    0.00  100.00
07:32:49 AM    6    0.00    0.00    0.00    0.00    0.00    0.00    0.00    0.00    0.00  100.00
07:32:49 AM    7    0.00    0.00    0.00    0.00    0.00    0.00    0.00    0.00    0.00  100.00

07:32:49 AM  CPU    %usr   %nice    %sys %iowait    %irq   %soft  %steal  %guest  %gnice   %idle
07:32:50 AM  all    0.50    0.00   29.32    0.00    0.25    0.25    0.00    0.00    0.00   69.67
07:32:50 AM    0    2.04    0.00   65.31    0.00    1.02    0.00    0.00    0.00    0.00   31.63
07:32:50 AM    1    1.98    0.00   69.31    0.00    0.99    0.00    0.00    0.00    0.00   27.72
07:32:50 AM    2    0.00    0.00  100.00    0.00    0.00    0.00    0.00    0.00    0.00    0.00
07:32:50 AM    3    0.00    0.00    0.00    0.00    0.00    2.00    0.00    0.00    0.00   98.00
07:32:50 AM    4    0.00    0.00    0.00    0.00    0.00    0.00    0.00    0.00    0.00  100.00
07:32:50 AM    5    0.00    0.00    0.00    0.00    0.00    0.00    0.00    0.00    0.00  100.00
07:32:50 AM    6    0.00    0.00    0.00    0.00    0.00    0.00    0.00    0.00    0.00  100.00
07:32:50 AM    7    0.00    0.00    0.00    0.00    0.00    0.00    0.00    0.00    0.00  100.00

07:32:50 AM  CPU    %usr   %nice    %sys %iowait    %irq   %soft  %steal  %guest  %gnice   %idle
07:32:51 AM  all    0.25    0.00   28.79    0.00    0.00    0.38    0.00    0.00    0.00   70.59
07:32:51 AM    0    1.01    0.00   64.65    0.00    0.00    0.00    0.00    0.00    0.00   34.34
07:32:51 AM    1    1.01    0.00   66.67    0.00    0.00    0.00    0.00    0.00    0.00   32.32
07:32:51 AM    2    0.00    0.00  100.00    0.00    0.00    0.00    0.00    0.00    0.00    0.00
07:32:51 AM    3    0.00    0.00    0.00    0.00    0.00    2.00    0.00    0.00    0.00   98.00
07:32:51 AM    4    0.00    0.00    0.00    0.00    0.00    0.99    0.00    0.00    0.00   99.01
07:32:51 AM    5    0.00    0.00    0.00    0.00    0.00    0.00    0.00    0.00    0.00  100.00
07:32:51 AM    6    0.00    0.00    0.00    0.00    0.00    0.00    0.00    0.00    0.00  100.00
07:32:51 AM    7    0.00    0.00    0.00    0.00    0.00    0.00    0.00    0.00    0.00  100.00

07:32:51 AM  CPU    %usr   %nice    %sys %iowait    %irq   %soft  %steal  %guest  %gnice   %idle
07:32:52 AM  all    0.25    0.00   29.13    0.00    0.00    0.25    0.00    0.00    0.00   70.37
07:32:52 AM    0    1.03    0.00   69.07    0.00    0.00    0.00    0.00    0.00    0.00   29.90
07:32:52 AM    1    1.03    0.00   65.98    0.00    0.00    0.00    0.00    0.00    0.00   32.99
07:32:52 AM    2    0.00    0.00  100.00    0.00    0.00    0.00    0.00    0.00    0.00    0.00
07:32:52 AM    3    0.00    0.00    0.00    0.00    0.00    2.02    0.00    0.00    0.00   97.98
07:32:52 AM    4    0.00    0.00    0.00    0.00    0.00    0.00    0.00    0.00    0.00  100.00
07:32:52 AM    5    0.00    0.00    0.00    0.00    0.00    0.00    0.00    0.00    0.00  100.00
07:32:52 AM    6    0.00    0.00    0.00    0.00    0.00    0.00    0.00    0.00    0.00  100.00
07:32:52 AM    7    0.00    0.00    0.00    0.00    0.00    0.00    0.00    0.00    0.00  100.00

07:32:52 AM  CPU    %usr   %nice    %sys %iowait    %irq   %soft  %steal  %guest  %gnice   %idle
07:32:53 AM  all    0.25    0.00   29.43    0.00    0.13    0.25    0.00    0.00    0.00   69.94
07:32:53 AM    0    1.02    0.00   71.43    0.00    0.00    0.00    0.00    0.00    0.00   27.55
07:32:53 AM    1    1.03    0.00   65.98    0.00    0.00    0.00    0.00    0.00    0.00   32.99
07:32:53 AM    2    0.00    0.00  100.00    0.00    0.00    0.00    0.00    0.00    0.00    0.00
07:32:53 AM    3    0.00    0.00    0.00    0.00    0.99    1.98    0.00    0.00    0.00   97.03
07:32:53 AM    4    0.00    0.00    0.00    0.00    0.00    0.00    0.00    0.00    0.00  100.00
07:32:53 AM    5    0.00    0.00    0.00    0.00    0.00    0.00    0.00    0.00    0.00  100.00
07:32:53 AM    6    0.00    0.00    0.00    0.00    0.00    0.00    0.00    0.00    0.00  100.00
07:32:53 AM    7    0.00    0.00    0.00    0.00    0.00    0.00    0.00    0.00    0.00  100.00

07:32:53 AM  CPU    %usr   %nice    %sys %iowait    %irq   %soft  %steal  %guest  %gnice   %idle
07:32:54 AM  all    0.25    0.00   28.41    0.00    0.25    0.25    0.00    0.00    0.00   70.84
07:32:54 AM    0    1.01    0.00   65.66    0.00    1.01    0.00    0.00    0.00    0.00   32.32
07:32:54 AM    1    1.00    0.00   62.00    0.00    1.00    0.00    0.00    0.00    0.00   36.00
07:32:54 AM    2    0.00    0.00  100.00    0.00    0.00    0.00    0.00    0.00    0.00    0.00
07:32:54 AM    3    0.00    0.00    0.00    0.00    0.00    2.00    0.00    0.00    0.00   98.00
07:32:54 AM    4    0.00    0.00    0.00    0.00    0.00    0.00    0.00    0.00    0.00  100.00
07:32:54 AM    5    0.00    0.00    0.00    0.00    0.00    0.00    0.00    0.00    0.00  100.00
07:32:54 AM    6    0.00    0.00    0.00    0.00    0.00    0.00    0.00    0.00    0.00  100.00
07:32:54 AM    7    0.00    0.00    0.00    0.00    0.00    0.00    0.00    0.00    0.00  100.00

07:32:54 AM  CPU    %usr   %nice    %sys %iowait    %irq   %soft  %steal  %guest  %gnice   %idle
07:32:55 AM  all    0.50    0.00   28.77    0.00    0.00    0.50    0.00    0.00    0.00   70.23
07:32:55 AM    0    2.04    0.00   60.20    0.00    0.00    1.02    0.00    0.00    0.00   36.73
07:32:55 AM    1    2.02    0.00   70.71    0.00    0.00    1.01    0.00    0.00    0.00   26.26
07:32:55 AM    2    0.00    0.00  100.00    0.00    0.00    0.00    0.00    0.00    0.00    0.00
07:32:55 AM    3    0.00    0.00    0.00    0.00    0.00    2.02    0.00    0.00    0.00   97.98
07:32:55 AM    4    0.00    0.00    0.00    0.00    0.00    0.00    0.00    0.00    0.00  100.00
07:32:55 AM    5    0.00    0.00    0.00    0.00    0.00    0.00    0.00    0.00    0.00  100.00
07:32:55 AM    6    0.00    0.00    0.00    0.00    0.00    0.00    0.00    0.00    0.00  100.00
07:32:55 AM    7    0.00    0.00    0.00    0.00    0.00    0.00    0.00    0.00    0.00  100.00

07:32:55 AM  CPU    %usr   %nice    %sys %iowait    %irq   %soft  %steal  %guest  %gnice   %idle
07:32:56 AM  all    0.25    0.00   31.66    0.00    0.00    0.38    0.00    0.00    0.00   67.71
07:32:56 AM    0    1.03    0.00   78.35    0.00    0.00    0.00    0.00    0.00    0.00   20.62
07:32:56 AM    1    1.01    0.00   76.77    0.00    0.00    0.00    0.00    0.00    0.00   22.22
07:32:56 AM    2    0.00    0.00  100.00    0.00    0.00    0.00    0.00    0.00    0.00    0.00
07:32:56 AM    3    0.00    0.00    0.00    0.00    0.00    2.00    0.00    0.00    0.00   98.00
07:32:56 AM    4    0.00    0.00    0.00    0.00    0.00    1.00    0.00    0.00    0.00   99.00
07:32:56 AM    5    0.00    0.00    0.00    0.00    0.00    0.00    0.00    0.00    0.00  100.00
07:32:56 AM    6    0.00    0.00    0.00    0.00    0.00    0.00    0.00    0.00    0.00  100.00
07:32:56 AM    7    0.00    0.00    0.00    0.00    0.00    0.00    0.00    0.00    0.00  100.00

07:32:56 AM  CPU    %usr   %nice    %sys %iowait    %irq   %soft  %steal  %guest  %gnice   %idle
07:32:57 AM  all    0.25    0.00   29.23    0.00    0.13    0.25    0.00    0.00    0.00   70.14
07:32:57 AM    0    1.01    0.00   64.65    0.00    1.01    0.00    0.00    0.00    0.00   33.33
07:32:57 AM    1    1.02    0.00   70.41    0.00    0.00    0.00    0.00    0.00    0.00   28.57
07:32:57 AM    2    0.00    0.00  100.00    0.00    0.00    0.00    0.00    0.00    0.00    0.00
07:32:57 AM    3    0.00    0.00    0.00    0.00    0.00    2.00    0.00    0.00    0.00   98.00
07:32:57 AM    4    0.00    0.00    0.00    0.00    0.00    0.00    0.00    0.00    0.00  100.00
07:32:57 AM    5    0.00    0.00    0.00    0.00    0.00    0.00    0.00    0.00    0.00  100.00
07:32:57 AM    6    0.00    0.00    0.00    0.00    0.00    0.00    0.00    0.00    0.00  100.00
07:32:57 AM    7    0.00    0.00    0.00    0.00    0.00    0.00    0.00    0.00    0.00  100.00

07:32:57 AM  CPU    %usr   %nice    %sys %iowait    %irq   %soft  %steal  %guest  %gnice   %idle
07:32:58 AM  all    0.25    0.00   29.15    0.00    0.25    0.13    0.00    0.00    0.00   70.23
07:32:58 AM    0    1.01    0.00   71.72    0.00    0.00    0.00    0.00    0.00    0.00   27.27
07:32:58 AM    1    1.02    0.00   62.24    0.00    1.02    0.00    0.00    0.00    0.00   35.71
07:32:58 AM    2    0.00    0.00  100.00    0.00    0.00    0.00    0.00    0.00    0.00    0.00
07:32:58 AM    3    0.00    0.00    0.00    0.00    1.01    1.01    0.00    0.00    0.00   97.98
07:32:58 AM    4    0.00    0.00    0.00    0.00    0.00    0.00    0.00    0.00    0.00  100.00
07:32:58 AM    5    0.00    0.00    0.00    0.00    0.00    0.00    0.00    0.00    0.00  100.00
07:32:58 AM    6    0.00    0.00    0.00    0.00    0.00    0.00    0.00    0.00    0.00  100.00
07:32:58 AM    7    0.00    0.00    0.00    0.00    0.00    0.00    0.00    0.00    0.00  100.00

07:32:58 AM  CPU    %usr   %nice    %sys %iowait    %irq   %soft  %steal  %guest  %gnice   %idle
07:32:59 AM  all    0.50    0.00   28.98    0.00    0.00    0.25    0.00    0.00    0.00   70.26
07:32:59 AM    0    1.98    0.00   68.32    0.00    0.00    0.00    0.00    0.00    0.00   29.70
07:32:59 AM    1    2.06    0.00   63.92    0.00    0.00    0.00    0.00    0.00    0.00   34.02
07:32:59 AM    2    0.00    0.00  100.00    0.00    0.00    0.00    0.00    0.00    0.00    0.00
07:32:59 AM    3    0.00    0.00    0.00    0.00    0.00    2.00    0.00    0.00    0.00   98.00
07:32:59 AM    4    0.00    0.00    0.00    0.00    0.00    0.00    0.00    0.00    0.00  100.00
07:32:59 AM    5    0.00    0.00    0.00    0.00    0.00    0.00    0.00    0.00    0.00  100.00
07:32:59 AM    6    0.00    0.00    0.00    0.00    0.00    0.00    0.00    0.00    0.00  100.00
07:32:59 AM    7    0.00    0.00    0.00    0.00    0.00    0.00    0.00    0.00    0.00  100.00

07:32:59 AM  CPU    %usr   %nice    %sys %iowait    %irq   %soft  %steal  %guest  %gnice   %idle
07:33:00 AM  all    0.38    0.00   29.16    0.00    0.13    0.25    0.00    0.00    0.00   70.09
07:33:00 AM    0    2.00    0.00   69.00    0.00    1.00    0.00    0.00    0.00    0.00   28.00
07:33:00 AM    1    1.01    0.00   64.65    0.00    0.00    0.00    0.00    0.00    0.00   34.34
07:33:00 AM    2    0.00    0.00  100.00    0.00    0.00    0.00    0.00    0.00    0.00    0.00
07:33:00 AM    3    0.00    0.00    0.00    0.00    0.00    2.00    0.00    0.00    0.00   98.00
07:33:00 AM    4    0.00    0.00    0.00    0.00    0.00    0.00    0.00    0.00    0.00  100.00
07:33:00 AM    5    0.00    0.00    0.00    0.00    0.00    0.00    0.00    0.00    0.00  100.00
07:33:00 AM    6    0.00    0.00    0.00    0.00    0.00    0.00    0.00    0.00    0.00  100.00
07:33:00 AM    7    0.00    0.00    0.00    0.00    0.00    0.00    0.00    0.00    0.00  100.00

07:33:00 AM  CPU    %usr   %nice    %sys %iowait    %irq   %soft  %steal  %guest  %gnice   %idle
07:33:01 AM  all    0.12    0.00   28.59    0.00    0.25    0.37    0.00    0.00    0.00   70.66
07:33:01 AM    0    0.00    0.00   66.67    0.00    0.00    0.00    0.00    0.00    0.00   33.33
07:33:01 AM    1    1.00    0.00   63.00    0.00    1.00    0.00    0.00    0.00    0.00   35.00
07:33:01 AM    2    0.00    0.00  100.00    0.00    0.00    0.00    0.00    0.00    0.00    0.00
07:33:01 AM    3    0.00    0.00    0.00    0.00    0.00    2.00    0.00    0.00    0.00   98.00
07:33:01 AM    4    0.00    0.00    0.00    0.00    0.98    0.98    0.00    0.00    0.00   98.04
07:33:01 AM    5    0.00    0.00    0.00    0.00    0.00    0.00    0.00    0.00    0.00  100.00
07:33:01 AM    6    0.00    0.00    0.00    0.00    0.00    0.00    0.00    0.00    0.00  100.00
07:33:01 AM    7    0.00    0.00    0.00    0.00    0.00    0.00    0.00    0.00    0.00  100.00

07:33:01 AM  CPU    %usr   %nice    %sys %iowait    %irq   %soft  %steal  %guest  %gnice   %idle
07:33:02 AM  all    0.25    0.00   28.98    0.00    0.00    0.38    0.00    0.00    0.00   70.39
07:33:02 AM    0    1.01    0.00   64.65    0.00    0.00    0.00    0.00    0.00    0.00   34.34
07:33:02 AM    1    1.00    0.00   67.00    0.00    0.00    1.00    0.00    0.00    0.00   31.00
07:33:02 AM    2    0.00    0.00  100.00    0.00    0.00    0.00    0.00    0.00    0.00    0.00
07:33:02 AM    3    0.00    0.00    0.00    0.00    0.00    2.02    0.00    0.00    0.00   97.98
07:33:02 AM    4    0.00    0.00    0.00    0.00    0.00    0.00    0.00    0.00    0.00  100.00
07:33:02 AM    5    0.00    0.00    0.00    0.00    0.00    0.00    0.00    0.00    0.00  100.00
07:33:02 AM    6    0.00    0.00    0.00    0.00    0.00    0.00    0.00    0.00    0.00  100.00
07:33:02 AM    7    0.00    0.00    0.00    0.00    0.00    0.00    0.00    0.00    0.00  100.00

07:33:02 AM  CPU    %usr   %nice    %sys %iowait    %irq   %soft  %steal  %guest  %gnice   %idle
07:33:03 AM  all    0.38    0.00   29.50    0.00    0.25    0.25    0.00    0.00    0.00   69.62
07:33:03 AM    0    2.00    0.00   69.00    0.00    1.00    0.00    0.00    0.00    0.00   28.00
07:33:03 AM    1    1.01    0.00   67.68    0.00    0.00    0.00    0.00    0.00    0.00   31.31
07:33:03 AM    2    0.00    0.00  100.00    0.00    0.00    0.00    0.00    0.00    0.00    0.00
07:33:03 AM    3    0.00    0.00    0.00    0.00    0.99    1.98    0.00    0.00    0.00   97.03
07:33:03 AM    4    0.00    0.00    0.00    0.00    0.00    0.00    0.00    0.00    0.00  100.00
07:33:03 AM    5    0.00    0.00    0.00    0.00    0.00    0.00    0.00    0.00    0.00  100.00
07:33:03 AM    6    0.00    0.00    0.00    0.00    0.00    0.00    0.00    0.00    0.00  100.00
07:33:03 AM    7    0.00    0.00    0.00    0.00    0.00    0.00    0.00    0.00    0.00  100.00

07:33:03 AM  CPU    %usr   %nice    %sys %iowait    %irq   %soft  %steal  %guest  %gnice   %idle
07:33:04 AM  all    0.25    0.00   29.23    0.00    0.13    0.38    0.00    0.00    0.00   70.01
07:33:04 AM    0    0.00    0.00   67.35    0.00    0.00    1.02    0.00    0.00    0.00   31.63
07:33:04 AM    1    2.00    0.00   67.00    0.00    1.00    0.00    0.00    0.00    0.00   30.00
07:33:04 AM    2    0.00    0.00  100.00    0.00    0.00    0.00    0.00    0.00    0.00    0.00
07:33:04 AM    3    0.00    0.00    0.00    0.00    0.00    2.02    0.00    0.00    0.00   97.98
07:33:04 AM    4    0.00    0.00    0.00    0.00    0.00    0.00    0.00    0.00    0.00  100.00
07:33:04 AM    5    0.00    0.00    0.00    0.00    0.00    0.00    0.00    0.00    0.00  100.00
07:33:04 AM    6    0.00    0.00    0.00    0.00    0.00    0.00    0.00    0.00    0.00  100.00
07:33:04 AM    7    0.00    0.00    0.00    0.00    0.00    0.00    0.00    0.00    0.00  100.00

07:33:04 AM  CPU    %usr   %nice    %sys %iowait    %irq   %soft  %steal  %guest  %gnice   %idle
07:33:05 AM  all    0.25    0.00   29.18    0.00    0.00    0.25    0.00    0.00    0.00   70.31
07:33:05 AM    0    1.01    0.00   65.66    0.00    0.00    0.00    0.00    0.00    0.00   33.33
07:33:05 AM    1    1.03    0.00   69.07    0.00    0.00    0.00    0.00    0.00    0.00   29.90
07:33:05 AM    2    0.00    0.00  100.00    0.00    0.00    0.00    0.00    0.00    0.00    0.00
07:33:05 AM    3    0.00    0.00    0.00    0.00    0.00    2.00    0.00    0.00    0.00   98.00
07:33:05 AM    4    0.00    0.00    0.00    0.00    0.00    0.00    0.00    0.00    0.00  100.00
07:33:05 AM    5    0.00    0.00    0.00    0.00    0.00    0.00    0.00    0.00    0.00  100.00
07:33:05 AM    6    0.00    0.00    0.00    0.00    0.00    0.00    0.00    0.00    0.00  100.00
07:33:05 AM    7    0.00    0.00    0.00    0.00    0.00    0.00    0.00    0.00    0.00  100.00

07:33:05 AM  CPU    %usr   %nice    %sys %iowait    %irq   %soft  %steal  %guest  %gnice   %idle
07:33:06 AM  all    0.37    0.00   29.55    0.00    0.12    0.37    0.00    0.00    0.00   69.58
07:33:06 AM    0    2.00    0.00   67.00    0.00    1.00    0.00    0.00    0.00    0.00   30.00
07:33:06 AM    1    0.99    0.00   69.31    0.00    0.00    0.00    0.00    0.00    0.00   29.70
07:33:06 AM    2    0.00    0.00  100.00    0.00    0.00    0.00    0.00    0.00    0.00    0.00
07:33:06 AM    3    0.00    0.00    0.00    0.00    0.00    2.00    0.00    0.00    0.00   98.00
07:33:06 AM    4    0.00    0.00    0.00    0.00    0.00    0.99    0.00    0.00    0.00   99.01
07:33:06 AM    5    0.00    0.00    0.00    0.00    0.00    0.00    0.00    0.00    0.00  100.00
07:33:06 AM    6    0.00    0.00    0.00    0.00    0.00    0.00    0.00    0.00    0.00  100.00
07:33:06 AM    7    0.00    0.00    0.00    0.00    0.00    0.00    0.00    0.00    0.00  100.00

07:33:06 AM  CPU    %usr   %nice    %sys %iowait    %irq   %soft  %steal  %guest  %gnice   %idle
07:33:07 AM  all    0.25    0.00   29.35    0.00    0.00    0.13    0.00    0.00    0.00   70.28
07:33:07 AM    0    1.01    0.00   69.70    0.00    0.00    0.00    0.00    0.00    0.00   29.29
07:33:07 AM    1    1.03    0.00   65.98    0.00    0.00    0.00    0.00    0.00    0.00   32.99
07:33:07 AM    2    0.00    0.00  100.00    0.00    0.00    0.00    0.00    0.00    0.00    0.00
07:33:07 AM    3    0.00    0.00    0.00    0.00    0.00    1.02    0.00    0.00    0.00   98.98
07:33:07 AM    4    0.00    0.00    0.00    0.00    0.00    0.00    0.00    0.00    0.00  100.00
07:33:07 AM    5    0.00    0.00    0.00    0.00    0.00    0.00    0.00    0.00    0.00  100.00
07:33:07 AM    6    0.00    0.00    0.00    0.00    0.00    0.00    0.00    0.00    0.00  100.00
07:33:07 AM    7    0.00    0.00    0.00    0.00    0.00    0.00    0.00    0.00    0.00  100.00

07:33:07 AM  CPU    %usr   %nice    %sys %iowait    %irq   %soft  %steal  %guest  %gnice   %idle
07:33:08 AM  all    0.25    0.00   29.54    0.00    0.25    0.25    0.00    0.00    0.00   69.71
07:33:08 AM    0    1.00    0.00   68.00    0.00    0.00    0.00    0.00    0.00    0.00   31.00
07:33:08 AM    1    1.01    0.00   68.69    0.00    1.01    0.00    0.00    0.00    0.00   29.29
07:33:08 AM    2    0.00    0.00  100.00    0.00    0.00    0.00    0.00    0.00    0.00    0.00
07:33:08 AM    3    0.00    0.00    0.00    0.00    0.99    1.98    0.00    0.00    0.00   97.03
07:33:08 AM    4    0.00    0.00    0.00    0.00    0.00    0.00    0.00    0.00    0.00  100.00
07:33:08 AM    5    0.00    0.00    0.00    0.00    0.00    0.00    0.00    0.00    0.00  100.00
07:33:08 AM    6    0.00    0.00    0.00    0.00    0.00    0.00    0.00    0.00    0.00  100.00
07:33:08 AM    7    0.00    0.00    0.00    0.00    0.00    0.00    0.00    0.00    0.00  100.00

07:33:08 AM  CPU    %usr   %nice    %sys %iowait    %irq   %soft  %steal  %guest  %gnice   %idle
07:33:09 AM  all    0.38    0.00   30.39    0.00    0.13    0.25    0.00    0.00    0.00   68.85
07:33:09 AM    0    2.02    0.00   75.76    0.00    1.01    0.00    0.00    0.00    0.00   21.21
07:33:09 AM    1    1.06    0.00   70.21    0.00    0.00    0.00    0.00    0.00    0.00   28.72
07:33:09 AM    2    0.00    0.00  100.00    0.00    0.00    0.00    0.00    0.00    0.00    0.00
07:33:09 AM    3    0.00    0.00    0.00    0.00    0.00    2.00    0.00    0.00    0.00   98.00
07:33:09 AM    4    0.00    0.00    0.00    0.00    0.00    0.00    0.00    0.00    0.00  100.00
07:33:09 AM    5    0.00    0.00    0.00    0.00    0.00    0.00    0.00    0.00    0.00  100.00
07:33:09 AM    6    0.00    0.00    0.00    0.00    0.00    0.00    0.00    0.00    0.00  100.00
07:33:09 AM    7    0.00    0.00    0.00    0.00    0.00    0.00    0.00    0.00    0.00  100.00

07:33:09 AM  CPU    %usr   %nice    %sys %iowait    %irq   %soft  %steal  %guest  %gnice   %idle
07:33:10 AM  all    0.25    0.00   29.22    0.00    0.00    0.25    0.00    0.00    0.00   70.28
07:33:10 AM    0    1.01    0.00   67.68    0.00    0.00    0.00    0.00    0.00    0.00   31.31
07:33:10 AM    1    1.03    0.00   67.01    0.00    0.00    0.00    0.00    0.00    0.00   31.96
07:33:10 AM    2    0.00    0.00  100.00    0.00    0.00    0.00    0.00    0.00    0.00    0.00
07:33:10 AM    3    0.00    0.00    0.00    0.00    0.00    2.02    0.00    0.00    0.00   97.98
07:33:10 AM    4    0.00    0.00    0.00    0.00    0.00    0.00    0.00    0.00    0.00  100.00
07:33:10 AM    5    0.00    0.00    0.00    0.00    0.00    0.00    0.00    0.00    0.00  100.00
07:33:10 AM    6    0.00    0.00    0.00    0.00    0.00    0.00    0.00    0.00    0.00  100.00
07:33:10 AM    7    0.00    0.00    0.00    0.00    0.00    0.00    0.00    0.00    0.00  100.00

07:33:10 AM  CPU    %usr   %nice    %sys %iowait    %irq   %soft  %steal  %guest  %gnice   %idle
07:33:11 AM  all    0.38    0.00   29.25    0.00    0.12    0.50    0.00    0.00    0.00   69.75
07:33:11 AM    0    2.04    0.00   66.33    0.00    0.00    0.00    0.00    0.00    0.00   31.63
07:33:11 AM    1    0.99    0.00   68.32    0.00    0.99    0.99    0.00    0.00    0.00   28.71
07:33:11 AM    2    0.00    0.00  100.00    0.00    0.00    0.00    0.00    0.00    0.00    0.00
07:33:11 AM    3    0.00    0.00    0.00    0.00    0.00    2.00    0.00    0.00    0.00   98.00
07:33:11 AM    4    0.00    0.00    0.00    0.00    0.00    0.99    0.00    0.00    0.00   99.01
07:33:11 AM    5    0.00    0.00    0.00    0.00    0.00    0.00    0.00    0.00    0.00  100.00
07:33:11 AM    6    0.00    0.00    0.00    0.00    0.00    0.00    0.00    0.00    0.00  100.00
07:33:11 AM    7    0.00    0.00    0.00    0.00    0.00    0.00    0.00    0.00    0.00  100.00

07:33:11 AM  CPU    %usr   %nice    %sys %iowait    %irq   %soft  %steal  %guest  %gnice   %idle
07:33:12 AM  all    0.25    0.00   28.41    0.00    0.25    0.25    0.00    0.00    0.00   70.84
07:33:12 AM    0    0.99    0.00   58.42    0.00    0.99    0.00    0.00    0.00    0.00   39.60
07:33:12 AM    1    1.03    0.00   70.10    0.00    0.00    0.00    0.00    0.00    0.00   28.87
07:33:12 AM    2    0.00    0.00  100.00    0.00    0.00    0.00    0.00    0.00    0.00    0.00
07:33:12 AM    3    0.00    0.00    0.00    0.00    0.99    1.98    0.00    0.00    0.00   97.03
07:33:12 AM    4    0.00    0.00    0.00    0.00    0.00    0.00    0.00    0.00    0.00  100.00
07:33:12 AM    5    0.00    0.00    0.00    0.00    0.00    0.00    0.00    0.00    0.00  100.00
07:33:12 AM    6    0.00    0.00    0.00    0.00    0.00    0.00    0.00    0.00    0.00  100.00
07:33:12 AM    7    0.00    0.00    0.00    0.00    0.00    0.00    0.00    0.00    0.00  100.00

07:33:12 AM  CPU    %usr   %nice    %sys %iowait    %irq   %soft  %steal  %guest  %gnice   %idle
07:33:13 AM  all    0.13    0.00   29.77    0.00    0.00    0.38    0.00    0.00    0.00   69.72
07:33:13 AM    0    1.01    0.00   67.68    0.00    0.00    1.01    0.00    0.00    0.00   30.30
07:33:13 AM    1    0.00    0.00   70.71    0.00    0.00    0.00    0.00    0.00    0.00   29.29
07:33:13 AM    2    0.00    0.00  100.00    0.00    0.00    0.00    0.00    0.00    0.00    0.00
07:33:13 AM    3    0.00    0.00    0.00    0.00    0.00    2.02    0.00    0.00    0.00   97.98
07:33:13 AM    4    0.00    0.00    0.00    0.00    0.00    0.00    0.00    0.00    0.00  100.00
07:33:13 AM    5    0.00    0.00    0.00    0.00    0.00    0.00    0.00    0.00    0.00  100.00
07:33:13 AM    6    0.00    0.00    0.00    0.00    0.00    0.00    0.00    0.00    0.00  100.00
07:33:13 AM    7    0.00    0.00    0.00    0.00    0.00    0.00    0.00    0.00    0.00  100.00

07:33:13 AM  CPU    %usr   %nice    %sys %iowait    %irq   %soft  %steal  %guest  %gnice   %idle
07:33:14 AM  all    0.38    0.00   28.14    0.00    0.00    0.25    0.00    0.00    0.00   71.23
07:33:14 AM    0    1.02    0.00   62.24    0.00    0.00    0.00    0.00    0.00    0.00   36.73
07:33:14 AM    1    2.04    0.00   64.29    0.00    0.00    0.00    0.00    0.00    0.00   33.67
07:33:14 AM    2    0.00    0.00  100.00    0.00    0.00    0.00    0.00    0.00    0.00    0.00
07:33:14 AM    3    0.00    0.00    0.00    0.00    0.00    2.00    0.00    0.00    0.00   98.00
07:33:14 AM    4    0.00    0.00    0.00    0.00    0.00    0.00    0.00    0.00    0.00  100.00
07:33:14 AM    5    0.00    0.00    0.00    0.00    0.00    0.00    0.00    0.00    0.00  100.00
07:33:14 AM    6    0.00    0.00    0.00    0.00    0.00    0.00    0.00    0.00    0.00  100.00
07:33:14 AM    7    0.00    0.00    0.00    0.00    0.00    0.00    0.00    0.00    0.00  100.00

07:33:14 AM  CPU    %usr   %nice    %sys %iowait    %irq   %soft  %steal  %guest  %gnice   %idle
07:33:15 AM  all    0.25    0.00   28.88    0.00    0.25    0.25    0.00    0.00    0.00   70.38
07:33:15 AM    0    1.00    0.00   69.00    0.00    1.00    0.00    0.00    0.00    0.00   29.00
07:33:15 AM    1    1.00    0.00   62.00    0.00    1.00    0.00    0.00    0.00    0.00   36.00
07:33:15 AM    2    0.00    0.00  100.00    0.00    0.00    0.00    0.00    0.00    0.00    0.00
07:33:15 AM    3    0.00    0.00    0.00    0.00    0.00    2.00    0.00    0.00    0.00   98.00
07:33:15 AM    4    0.00    0.00    0.00    0.00    0.00    0.00    0.00    0.00    0.00  100.00
07:33:15 AM    5    0.00    0.00    0.00    0.00    0.00    0.00    0.00    0.00    0.00  100.00
07:33:15 AM    6    0.00    0.00    0.00    0.00    0.00    0.00    0.00    0.00    0.00  100.00
07:33:15 AM    7    0.00    0.00    0.00    0.00    0.00    0.00    0.00    0.00    0.00  100.00

07:33:15 AM  CPU    %usr   %nice    %sys %iowait    %irq   %soft  %steal  %guest  %gnice   %idle
07:33:16 AM  all    0.13    0.00   30.61    0.00    0.13    0.38    0.00    0.00    0.00   68.76
07:33:16 AM    0    1.02    0.00   69.39    0.00    0.00    0.00    0.00    0.00    0.00   29.59
07:33:16 AM    1    0.00    0.00   76.77    0.00    0.00    0.00    0.00    0.00    0.00   23.23
07:33:16 AM    2    0.00    0.00  100.00    0.00    0.00    0.00    0.00    0.00    0.00    0.00
07:33:16 AM    3    0.00    0.00    0.00    0.00    0.00    2.02    0.00    0.00    0.00   97.98
07:33:16 AM    4    0.00    0.00    0.00    0.00    0.99    0.99    0.00    0.00    0.00   98.02
07:33:16 AM    5    0.00    0.00    0.00    0.00    0.00    0.00    0.00    0.00    0.00  100.00
07:33:16 AM    6    0.00    0.00    0.00    0.00    0.00    0.00    0.00    0.00    0.00  100.00
07:33:16 AM    7    0.00    0.00    0.00    0.00    0.00    0.00    0.00    0.00    0.00  100.00

07:33:16 AM  CPU    %usr   %nice    %sys %iowait    %irq   %soft  %steal  %guest  %gnice   %idle
07:33:17 AM  all    0.50    0.00   30.50    0.00    0.12    0.25    0.00    0.00    0.00   68.62
07:33:17 AM    0    2.02    0.00   71.72    0.00    0.00    0.00    0.00    0.00    0.00   26.26
07:33:17 AM    1    2.00    0.00   73.00    0.00    0.00    0.00    0.00    0.00    0.00   25.00
07:33:17 AM    2    0.00    0.00  100.00    0.00    0.00    0.00    0.00    0.00    0.00    0.00
07:33:17 AM    3    0.00    0.00    0.00    0.00    0.99    1.98    0.00    0.00    0.00   97.03
07:33:17 AM    4    0.00    0.00    0.00    0.00    0.00    0.00    0.00    0.00    0.00  100.00
07:33:17 AM    5    0.00    0.00    0.00    0.00    0.00    0.00    0.00    0.00    0.00  100.00
07:33:17 AM    6    0.00    0.00    0.00    0.00    0.00    0.00    0.00    0.00    0.00  100.00
07:33:17 AM    7    0.00    0.00    0.00    0.00    0.00    0.00    0.00    0.00    0.00  100.00

07:33:17 AM  CPU    %usr   %nice    %sys %iowait    %irq   %soft  %steal  %guest  %gnice   %idle
07:33:18 AM  all    0.38    0.00   28.61    0.00    0.25    0.25    0.00    0.00    0.00   70.51
07:33:18 AM    0    2.00    0.00   68.00    0.00    1.00    0.00    0.00    0.00    0.00   29.00
07:33:18 AM    1    1.02    0.00   61.22    0.00    1.02    0.00    0.00    0.00    0.00   36.73
07:33:18 AM    2    0.00    0.00  100.00    0.00    0.00    0.00    0.00    0.00    0.00    0.00
07:33:18 AM    3    0.00    0.00    0.00    0.00    0.00    2.02    0.00    0.00    0.00   97.98
07:33:18 AM    4    0.00    0.00    0.00    0.00    0.00    0.00    0.00    0.00    0.00  100.00
07:33:18 AM    5    0.00    0.00    0.00    0.00    0.00    0.00    0.00    0.00    0.00  100.00
07:33:18 AM    6    0.00    0.00    0.00    0.00    0.00    0.00    0.00    0.00    0.00  100.00
07:33:18 AM    7    0.00    0.00    0.00    0.00    0.00    0.00    0.00    0.00    0.00  100.00

07:33:18 AM  CPU    %usr   %nice    %sys %iowait    %irq   %soft  %steal  %guest  %gnice   %idle
07:33:19 AM  all    0.25    0.00   29.13    0.00    0.00    0.13    0.00    0.00    0.00   70.49
07:33:19 AM    0    1.02    0.00   70.41    0.00    0.00    0.00    0.00    0.00    0.00   28.57
07:33:19 AM    1    1.03    0.00   63.92    0.00    0.00    0.00    0.00    0.00    0.00   35.05
07:33:19 AM    2    0.00    0.00  100.00    0.00    0.00    0.00    0.00    0.00    0.00    0.00
07:33:19 AM    3    0.00    0.00    0.00    0.00    0.00    1.01    0.00    0.00    0.00   98.99
07:33:19 AM    4    0.00    0.00    0.00    0.00    0.00    0.00    0.00    0.00    0.00  100.00
07:33:19 AM    5    0.00    0.00    0.00    0.00    0.00    0.00    0.00    0.00    0.00  100.00
07:33:19 AM    6    0.00    0.00    0.00    0.00    0.00    0.00    0.00    0.00    0.00  100.00
07:33:19 AM    7    0.00    0.00    0.00    0.00    0.00    0.00    0.00    0.00    0.00  100.00

07:33:19 AM  CPU    %usr   %nice    %sys %iowait    %irq   %soft  %steal  %guest  %gnice   %idle
07:33:20 AM  all    0.50    0.00   29.62    0.12    0.00    0.38    0.00    0.00    0.00   69.38
07:33:20 AM    0    1.01    0.00   70.71    0.00    0.00    0.00    0.00    0.00    0.00   28.28
07:33:20 AM    1    2.97    0.00   66.34    0.99    0.00    0.99    0.00    0.00    0.00   28.71
07:33:20 AM    2    0.00    0.00  100.00    0.00    0.00    0.00    0.00    0.00    0.00    0.00
07:33:20 AM    3    0.00    0.00    0.00    0.00    0.00    2.00    0.00    0.00    0.00   98.00
07:33:20 AM    4    0.00    0.00    0.00    0.00    0.00    0.00    0.00    0.00    0.00  100.00
07:33:20 AM    5    0.00    0.00    0.00    0.00    0.00    0.00    0.00    0.00    0.00  100.00
07:33:20 AM    6    0.00    0.00    0.00    0.00    0.00    0.00    0.00    0.00    0.00  100.00
07:33:20 AM    7    0.00    0.00    0.00    0.00    0.00    0.00    0.00    0.00    0.00  100.00

07:33:20 AM  CPU    %usr   %nice    %sys %iowait    %irq   %soft  %steal  %guest  %gnice   %idle
07:33:21 AM  all    0.25    0.00   29.23    0.00    0.13    0.38    0.00    0.00    0.00   70.01
07:33:21 AM    0    1.01    0.00   64.65    0.00    1.01    0.00    0.00    0.00    0.00   33.33
07:33:21 AM    1    1.02    0.00   70.41    0.00    0.00    0.00    0.00    0.00    0.00   28.57
07:33:21 AM    2    0.00    0.00  100.00    0.00    0.00    0.00    0.00    0.00    0.00    0.00
07:33:21 AM    3    0.00    0.00    0.00    0.00    0.00    2.02    0.00    0.00    0.00   97.98
07:33:21 AM    4    0.00    0.00    0.00    0.00    0.00    0.99    0.00    0.00    0.00   99.01
07:33:21 AM    5    0.00    0.00    0.00    0.00    0.00    0.00    0.00    0.00    0.00  100.00
07:33:21 AM    6    0.00    0.00    0.00    0.00    0.00    0.00    0.00    0.00    0.00  100.00
07:33:21 AM    7    0.00    0.00    0.00    0.00    0.00    0.00    0.00    0.00    0.00  100.00

07:33:21 AM  CPU    %usr   %nice    %sys %iowait    %irq   %soft  %steal  %guest  %gnice   %idle
07:33:22 AM  all    0.25    0.00   28.95    0.00    0.25    0.38    0.00    0.00    0.00   70.18
07:33:22 AM    0    1.02    0.00   63.27    0.00    0.00    1.02    0.00    0.00    0.00   34.69
07:33:22 AM    1    1.00    0.00   69.00    0.00    1.00    0.00    0.00    0.00    0.00   29.00
07:33:22 AM    2    0.00    0.00  100.00    0.00    0.00    0.00    0.00    0.00    0.00    0.00
07:33:22 AM    3    0.00    0.00    0.00    0.00    0.99    1.98    0.00    0.00    0.00   97.03
07:33:22 AM    4    0.00    0.00    0.00    0.00    0.00    0.00    0.00    0.00    0.00  100.00
07:33:22 AM    5    0.00    0.00    0.00    0.00    0.00    0.00    0.00    0.00    0.00  100.00
07:33:22 AM    6    0.00    0.00    0.00    0.00    0.00    0.00    0.00    0.00    0.00  100.00
07:33:22 AM    7    0.00    0.00    0.00    0.00    0.00    0.00    0.00    0.00    0.00  100.00

07:33:22 AM  CPU    %usr   %nice    %sys %iowait    %irq   %soft  %steal  %guest  %gnice   %idle
07:33:23 AM  all    0.38    0.00   28.98    0.00    0.00    0.25    0.00    0.00    0.00   70.39
07:33:23 AM    0    1.02    0.00   66.33    0.00    0.00    0.00    0.00    0.00    0.00   32.65
07:33:23 AM    1    2.02    0.00   66.67    0.00    0.00    0.00    0.00    0.00    0.00   31.31
07:33:23 AM    2    0.00    0.00  100.00    0.00    0.00    0.00    0.00    0.00    0.00    0.00
07:33:23 AM    3    0.00    0.00    0.00    0.00    0.00    2.00    0.00    0.00    0.00   98.00
07:33:23 AM    4    0.00    0.00    0.00    0.00    0.00    0.00    0.00    0.00    0.00  100.00
07:33:23 AM    5    0.00    0.00    0.00    0.00    0.00    0.00    0.00    0.00    0.00  100.00
07:33:23 AM    6    0.00    0.00    0.00    0.00    0.00    0.00    0.00    0.00    0.00  100.00
07:33:23 AM    7    0.00    0.00    0.00    0.00    0.00    0.00    0.00    0.00    0.00  100.00

07:33:23 AM  CPU    %usr   %nice    %sys %iowait    %irq   %soft  %steal  %guest  %gnice   %idle
07:33:24 AM  all    0.13    0.00   29.18    0.00    0.13    0.25    0.00    0.00    0.00   70.31
07:33:24 AM    0    1.01    0.00   63.64    0.00    1.01    0.00    0.00    0.00    0.00   34.34
07:33:24 AM    1    0.00    0.00   71.13    0.00    0.00    0.00    0.00    0.00    0.00   28.87
07:33:24 AM    2    0.00    0.00  100.00    0.00    0.00    0.00    0.00    0.00    0.00    0.00
07:33:24 AM    3    0.00    0.00    0.00    0.00    0.00    2.02    0.00    0.00    0.00   97.98
07:33:24 AM    4    0.00    0.00    0.00    0.00    0.00    0.00    0.00    0.00    0.00  100.00
07:33:24 AM    5    0.00    0.00    0.00    0.00    0.00    0.00    0.00    0.00    0.00  100.00
07:33:24 AM    6    0.00    0.00    0.00    0.00    0.00    0.00    0.00    0.00    0.00  100.00
07:33:24 AM    7    0.00    0.00    0.00    0.00    0.00    0.00    0.00    0.00    0.00  100.00

07:33:24 AM  CPU    %usr   %nice    %sys %iowait    %irq   %soft  %steal  %guest  %gnice   %idle
07:33:25 AM  all    0.38    0.00   30.11    0.00    0.13    0.25    0.00    0.00    0.00   69.13
07:33:25 AM    0    1.03    0.00   70.10    0.00    0.00    0.00    0.00    0.00    0.00   28.87
07:33:25 AM    1    1.98    0.00   71.29    0.00    0.99    0.00    0.00    0.00    0.00   25.74
07:33:25 AM    2    0.00    0.00  100.00    0.00    0.00    0.00    0.00    0.00    0.00    0.00
07:33:25 AM    3    0.00    0.00    0.00    0.00    0.00    2.00    0.00    0.00    0.00   98.00
07:33:25 AM    4    0.00    0.00    0.00    0.00    0.00    0.00    0.00    0.00    0.00  100.00
07:33:25 AM    5    0.00    0.00    0.00    0.00    0.00    0.00    0.00    0.00    0.00  100.00
07:33:25 AM    6    0.00    0.00    0.00    0.00    0.00    0.00    0.00    0.00    0.00  100.00
07:33:25 AM    7    0.00    0.00    0.00    0.00    0.00    0.00    0.00    0.00    0.00  100.00

07:33:25 AM  CPU    %usr   %nice    %sys %iowait    %irq   %soft  %steal  %guest  %gnice   %idle
07:33:26 AM  all    0.25    0.00   29.02    0.00    0.00    0.38    0.00    0.00    0.00   70.35
07:33:26 AM    0    1.01    0.00   65.66    0.00    0.00    0.00    0.00    0.00    0.00   33.33
07:33:26 AM    1    1.03    0.00   68.04    0.00    0.00    0.00    0.00    0.00    0.00   30.93
07:33:26 AM    2    0.00    0.00  100.00    0.00    0.00    0.00    0.00    0.00    0.00    0.00
07:33:26 AM    3    0.00    0.00    0.00    0.00    0.00    2.02    0.00    0.00    0.00   97.98
07:33:26 AM    4    0.00    0.00    0.00    0.00    0.00    0.99    0.00    0.00    0.00   99.01
07:33:26 AM    5    0.00    0.00    0.00    0.00    0.00    0.00    0.00    0.00    0.00  100.00
07:33:26 AM    6    0.00    0.00    0.00    0.00    0.00    0.00    0.00    0.00    0.00  100.00
07:33:26 AM    7    0.00    0.00    0.00    0.00    0.00    0.00    0.00    0.00    0.00  100.00

07:33:26 AM  CPU    %usr   %nice    %sys %iowait    %irq   %soft  %steal  %guest  %gnice   %idle
07:33:27 AM  all    0.25    0.00   29.57    0.00    0.25    0.25    0.00    0.00    0.00   69.67
07:33:27 AM    0    1.02    0.00   69.39    0.00    1.02    0.00    0.00    0.00    0.00   28.57
07:33:27 AM    1    1.01    0.00   68.69    0.00    0.00    0.00    0.00    0.00    0.00   30.30
07:33:27 AM    2    0.00    0.00  100.00    0.00    0.00    0.00    0.00    0.00    0.00    0.00
07:33:27 AM    3    0.00    0.00    0.00    0.00    0.99    1.98    0.00    0.00    0.00   97.03
07:33:27 AM    4    0.00    0.00    0.00    0.00    0.00    0.00    0.00    0.00    0.00  100.00
07:33:27 AM    5    0.00    0.00    0.00    0.00    0.00    0.00    0.00    0.00    0.00  100.00
07:33:27 AM    6    0.00    0.00    0.00    0.00    0.00    0.00    0.00    0.00    0.00  100.00
07:33:27 AM    7    0.00    0.00    0.00    0.00    0.00    0.00    0.00    0.00    0.00  100.00

07:33:27 AM  CPU    %usr   %nice    %sys %iowait    %irq   %soft  %steal  %guest  %gnice   %idle
07:33:28 AM  all    0.25    0.00   28.55    0.00    0.00    0.38    0.00    0.00    0.00   70.82
07:33:28 AM    0    1.02    0.00   62.24    0.00    0.00    0.00    0.00    0.00    0.00   36.73
07:33:28 AM    1    1.02    0.00   67.35    0.00    0.00    1.02    0.00    0.00    0.00   30.61
07:33:28 AM    2    0.00    0.00  100.00    0.00    0.00    0.00    0.00    0.00    0.00    0.00
07:33:28 AM    3    0.00    0.00    0.00    0.00    0.00    2.00    0.00    0.00    0.00   98.00
07:33:28 AM    4    0.00    0.00    0.00    0.00    0.00    0.00    0.00    0.00    0.00  100.00
07:33:28 AM    5    0.00    0.00    0.00    0.00    0.00    0.00    0.00    0.00    0.00  100.00
07:33:28 AM    6    0.00    0.00    0.00    0.00    0.00    0.00    0.00    0.00    0.00  100.00
07:33:28 AM    7    0.00    0.00    0.00    0.00    0.00    0.00    0.00    0.00    0.00  100.00

07:33:28 AM  CPU    %usr   %nice    %sys %iowait    %irq   %soft  %steal  %guest  %gnice   %idle
07:33:29 AM  all    0.38    0.00   28.30    0.00    0.13    0.25    0.00    0.00    0.00   70.94
07:33:29 AM    0    2.06    0.00   65.98    0.00    0.00    0.00    0.00    0.00    0.00   31.96
07:33:29 AM    1    1.01    0.00   61.62    0.00    1.01    0.00    0.00    0.00    0.00   36.36
07:33:29 AM    2    0.00    0.00  100.00    0.00    0.00    0.00    0.00    0.00    0.00    0.00
07:33:29 AM    3    0.00    0.00    0.00    0.00    0.00    2.02    0.00    0.00    0.00   97.98
07:33:29 AM    4    0.00    0.00    0.00    0.00    0.00    0.00    0.00    0.00    0.00  100.00
07:33:29 AM    5    0.00    0.00    0.00    0.00    0.00    0.00    0.00    0.00    0.00  100.00
07:33:29 AM    6    0.00    0.00    0.00    0.00    0.00    0.00    0.00    0.00    0.00  100.00
07:33:29 AM    7    0.00    0.00    0.00    0.00    0.00    0.00    0.00    0.00    0.00  100.00

07:33:29 AM  CPU    %usr   %nice    %sys %iowait    %irq   %soft  %steal  %guest  %gnice   %idle
07:33:30 AM  all    0.38    0.00   29.49    0.00    0.13    0.25    0.00    0.00    0.00   69.76
07:33:30 AM    0    1.01    0.00   70.71    0.00    1.01    0.00    0.00    0.00    0.00   27.27
07:33:30 AM    1    2.04    0.00   66.33    0.00    0.00    0.00    0.00    0.00    0.00   31.63
07:33:30 AM    2    0.00    0.00  100.00    0.00    0.00    0.00    0.00    0.00    0.00    0.00
07:33:30 AM    3    0.00    0.00    0.00    0.00    0.00    2.00    0.00    0.00    0.00   98.00
07:33:30 AM    4    0.00    0.00    0.00    0.00    0.00    0.00    0.00    0.00    0.00  100.00
07:33:30 AM    5    0.00    0.00    0.00    0.00    0.00    0.00    0.00    0.00    0.00  100.00
07:33:30 AM    6    0.00    0.00    0.00    0.00    0.00    0.00    0.00    0.00    0.00  100.00
07:33:30 AM    7    0.00    0.00    0.00    0.00    0.00    0.00    0.00    0.00    0.00  100.00

07:33:30 AM  CPU    %usr   %nice    %sys %iowait    %irq   %soft  %steal  %guest  %gnice   %idle
07:33:31 AM  all    0.38    0.00   29.00    0.00    0.12    0.50    0.00    0.00    0.00   70.00
07:33:31 AM    0    2.02    0.00   63.64    0.00    0.00    1.01    0.00    0.00    0.00   33.33
07:33:31 AM    1    1.00    0.00   69.00    0.00    0.00    0.00    0.00    0.00    0.00   30.00
07:33:31 AM    2    0.00    0.00  100.00    0.00    0.00    0.00    0.00    0.00    0.00    0.00
07:33:31 AM    3    0.00    0.00    0.00    0.00    0.00    2.00    0.00    0.00    0.00   98.00
07:33:31 AM    4    0.00    0.00    0.00    0.00    0.99    0.99    0.00    0.00    0.00   98.02
07:33:31 AM    5    0.00    0.00    0.00    0.00    0.00    0.00    0.00    0.00    0.00  100.00
07:33:31 AM    6    0.00    0.00    0.00    0.00    0.00    0.00    0.00    0.00    0.00  100.00
07:33:31 AM    7    0.00    0.00    0.00    0.00    0.00    0.00    0.00    0.00    0.00  100.00

07:33:31 AM  CPU    %usr   %nice    %sys %iowait    %irq   %soft  %steal  %guest  %gnice   %idle
07:33:32 AM  all    0.13    0.00   28.57    0.00    0.25    0.25    0.00    0.00    0.00   70.80
07:33:32 AM    0    0.00    0.00   63.73    0.00    0.00    0.00    0.00    0.00    0.00   36.27
07:33:32 AM    1    1.04    0.00   65.62    0.00    1.04    0.00    0.00    0.00    0.00   32.29
07:33:32 AM    2    0.00    0.00  100.00    0.00    0.00    0.00    0.00    0.00    0.00    0.00
07:33:32 AM    3    0.00    0.00    0.00    0.00    1.00    2.00    0.00    0.00    0.00   97.00
07:33:32 AM    4    0.00    0.00    0.00    0.00    0.00    0.00    0.00    0.00    0.00  100.00
07:33:32 AM    5    0.00    0.00    0.00    0.00    0.00    0.00    0.00    0.00    0.00  100.00
07:33:32 AM    6    0.00    0.00    0.00    0.00    0.00    0.00    0.00    0.00    0.00  100.00
07:33:32 AM    7    0.00    0.00    0.00    0.00    0.00    0.00    0.00    0.00    0.00  100.00

07:33:32 AM  CPU    %usr   %nice    %sys %iowait    %irq   %soft  %steal  %guest  %gnice   %idle
07:33:33 AM  all    0.38    0.00   30.41    0.00    0.00    0.25    0.00    0.00    0.00   68.96
07:33:33 AM    0    2.06    0.00   70.10    0.00    0.00    0.00    0.00    0.00    0.00   27.84
07:33:33 AM    1    0.99    0.00   73.27    0.00    0.00    0.00    0.00    0.00    0.00   25.74
07:33:33 AM    2    0.00    0.00  100.00    0.00    0.00    0.00    0.00    0.00    0.00    0.00
07:33:33 AM    3    0.00    0.00    0.00    0.00    0.00    2.00    0.00    0.00    0.00   98.00
07:33:33 AM    4    0.00    0.00    0.00    0.00    0.00    0.00    0.00    0.00    0.00  100.00
07:33:33 AM    5    0.00    0.00    0.00    0.00    0.00    0.00    0.00    0.00    0.00  100.00
07:33:33 AM    6    0.00    0.00    0.00    0.00    0.00    0.00    0.00    0.00    0.00  100.00
07:33:33 AM    7    0.00    0.00    0.00    0.00    0.00    0.00    0.00    0.00    0.00  100.00

07:33:33 AM  CPU    %usr   %nice    %sys %iowait    %irq   %soft  %steal  %guest  %gnice   %idle
07:33:34 AM  all    0.38    0.00   28.86    0.00    0.13    0.25    0.00    0.00    0.00   70.39
07:33:34 AM    0    1.00    0.00   66.00    0.00    1.00    0.00    0.00    0.00    0.00   32.00
07:33:34 AM    1    2.02    0.00   64.65    0.00    0.00    0.00    0.00    0.00    0.00   33.33
07:33:34 AM    2    0.00    0.00  100.00    0.00    0.00    0.00    0.00    0.00    0.00    0.00
07:33:34 AM    3    0.00    0.00    0.00    0.00    0.00    2.02    0.00    0.00    0.00   97.98
07:33:34 AM    4    0.00    0.00    0.00    0.00    0.00    0.00    0.00    0.00    0.00  100.00
07:33:34 AM    5    0.00    0.00    0.00    0.00    0.00    0.00    0.00    0.00    0.00  100.00
07:33:34 AM    6    0.00    0.00    0.00    0.00    0.00    0.00    0.00    0.00    0.00  100.00
07:33:34 AM    7    0.00    0.00    0.00    0.00    0.00    0.00    0.00    0.00    0.00  100.00

07:33:34 AM  CPU    %usr   %nice    %sys %iowait    %irq   %soft  %steal  %guest  %gnice   %idle
07:33:35 AM  all    0.38    0.00   28.52    0.00    0.00    0.25    0.00    0.00    0.00   70.85
07:33:35 AM    0    1.02    0.00   63.27    0.00    0.00    0.00    0.00    0.00    0.00   35.71
07:33:35 AM    1    2.04    0.00   66.33    0.00    0.00    0.00    0.00    0.00    0.00   31.63
07:33:35 AM    2    0.00    0.00  100.00    0.00    0.00    0.00    0.00    0.00    0.00    0.00
07:33:35 AM    3    0.00    0.00    0.00    0.00    0.00    2.00    0.00    0.00    0.00   98.00
07:33:35 AM    4    0.00    0.00    0.00    0.00    0.00    0.00    0.00    0.00    0.00  100.00
07:33:35 AM    5    0.00    0.00    0.00    0.00    0.00    0.00    0.00    0.00    0.00  100.00
07:33:35 AM    6    0.00    0.00    0.00    0.00    0.00    0.00    0.00    0.00    0.00  100.00
07:33:35 AM    7    0.00    0.00    0.00    0.00    0.00    0.00    0.00    0.00    0.00  100.00

07:33:35 AM  CPU    %usr   %nice    %sys %iowait    %irq   %soft  %steal  %guest  %gnice   %idle
07:33:36 AM  all    0.25    0.00   28.38    0.00    0.12    0.50    0.00    0.00    0.00   70.75
07:33:36 AM    0    1.01    0.00   62.63    0.00    0.00    0.00    0.00    0.00    0.00   36.36
07:33:36 AM    1    1.00    0.00   65.00    0.00    1.00    1.00    0.00    0.00    0.00   32.00
07:33:36 AM    2    0.00    0.00  100.00    0.00    0.00    0.00    0.00    0.00    0.00    0.00
07:33:36 AM    3    0.00    0.00    0.00    0.00    0.00    2.00    0.00    0.00    0.00   98.00
07:33:36 AM    4    0.00    0.00    0.00    0.00    0.00    0.99    0.00    0.00    0.00   99.01
07:33:36 AM    5    0.00    0.00    0.00    0.00    0.00    0.00    0.00    0.00    0.00  100.00
07:33:36 AM    6    0.00    0.00    0.00    0.00    0.00    0.00    0.00    0.00    0.00  100.00
07:33:36 AM    7    0.00    0.00    0.00    0.00    0.00    0.00    0.00    0.00    0.00  100.00

07:33:36 AM  CPU    %usr   %nice    %sys %iowait    %irq   %soft  %steal  %guest  %gnice   %idle
07:33:37 AM  all    0.50    0.00   29.36    0.00    0.25    0.25    0.00    0.00    0.00   69.64
07:33:37 AM    0    2.02    0.00   69.70    0.00    1.01    0.00    0.00    0.00    0.00   27.27
07:33:37 AM    1    2.02    0.00   65.66    0.00    0.00    0.00    0.00    0.00    0.00   32.32
07:33:37 AM    2    0.00    0.00  100.00    0.00    0.00    0.00    0.00    0.00    0.00    0.00
07:33:37 AM    3    0.00    0.00    0.00    0.00    1.00    2.00    0.00    0.00    0.00   97.00
07:33:37 AM    4    0.00    0.00    0.00    0.00    0.00    0.00    0.00    0.00    0.00  100.00
07:33:37 AM    5    0.00    0.00    0.00    0.00    0.00    0.00    0.00    0.00    0.00  100.00
07:33:37 AM    6    0.00    0.00    0.00    0.00    0.00    0.00    0.00    0.00    0.00  100.00
07:33:37 AM    7    0.00    0.00    0.00    0.00    0.00    0.00    0.00    0.00    0.00  100.00

07:33:37 AM  CPU    %usr   %nice    %sys %iowait    %irq   %soft  %steal  %guest  %gnice   %idle
07:33:38 AM  all    0.25    0.00   30.86    0.00    0.00    0.13    0.00    0.00    0.00   68.77
07:33:38 AM    0    1.01    0.00   75.76    0.00    0.00    0.00    0.00    0.00    0.00   23.23
07:33:38 AM    1    1.04    0.00   72.92    0.00    0.00    0.00    0.00    0.00    0.00   26.04
07:33:38 AM    2    0.00    0.00  100.00    0.00    0.00    0.00    0.00    0.00    0.00    0.00
07:33:38 AM    3    0.00    0.00    0.00    0.00    0.00    1.01    0.00    0.00    0.00   98.99
07:33:38 AM    4    0.00    0.00    0.00    0.00    0.00    0.00    0.00    0.00    0.00  100.00
07:33:38 AM    5    0.00    0.00    0.00    0.00    0.00    0.00    0.00    0.00    0.00  100.00
07:33:38 AM    6    0.00    0.00    0.00    0.00    0.00    0.00    0.00    0.00    0.00  100.00
07:33:38 AM    7    0.00    0.00    0.00    0.00    0.00    0.00    0.00    0.00    0.00  100.00

07:33:38 AM  CPU    %usr   %nice    %sys %iowait    %irq   %soft  %steal  %guest  %gnice   %idle
07:33:39 AM  all    0.25    0.00   29.07    0.00    0.13    0.25    0.00    0.00    0.00   70.30
07:33:39 AM    0    1.01    0.00   67.68    0.00    0.00    0.00    0.00    0.00    0.00   31.31
07:33:39 AM    1    1.01    0.00   65.66    0.00    1.01    0.00    0.00    0.00    0.00   32.32
07:33:39 AM    2    0.00    0.00  100.00    0.00    0.00    0.00    0.00    0.00    0.00    0.00
07:33:39 AM    3    0.00    0.00    0.00    0.00    0.00    2.00    0.00    0.00    0.00   98.00
07:33:39 AM    4    0.00    0.00    0.00    0.00    0.00    0.00    0.00    0.00    0.00  100.00
07:33:39 AM    5    0.00    0.00    0.00    0.00    0.00    0.00    0.00    0.00    0.00  100.00
07:33:39 AM    6    0.00    0.00    0.00    0.00    0.00    0.00    0.00    0.00    0.00  100.00
07:33:39 AM    7    0.00    0.00    0.00    0.00    0.00    0.00    0.00    0.00    0.00  100.00

07:33:39 AM  CPU    %usr   %nice    %sys %iowait    %irq   %soft  %steal  %guest  %gnice   %idle
07:33:40 AM  all    0.38    0.00   28.77    0.00    0.13    0.38    0.00    0.00    0.00   70.35
07:33:40 AM    0    1.96    0.00   63.73    0.00    0.98    0.98    0.00    0.00    0.00   32.35
07:33:40 AM    1    1.04    0.00   66.67    0.00    0.00    0.00    0.00    0.00    0.00   32.29
07:33:40 AM    2    0.00    0.00  100.00    0.00    0.00    0.00    0.00    0.00    0.00    0.00
07:33:40 AM    3    0.00    0.00    0.00    0.00    0.00    2.02    0.00    0.00    0.00   97.98
07:33:40 AM    4    0.00    0.00    0.00    0.00    0.00    0.00    0.00    0.00    0.00  100.00
07:33:40 AM    5    0.00    0.00    0.00    0.00    0.00    0.00    0.00    0.00    0.00  100.00
07:33:40 AM    6    0.00    0.00    0.00    0.00    0.00    0.00    0.00    0.00    0.00  100.00
07:33:40 AM    7    0.00    0.00    0.00    0.00    0.00    0.00    0.00    0.00    0.00  100.00

07:33:40 AM  CPU    %usr   %nice    %sys %iowait    %irq   %soft  %steal  %guest  %gnice   %idle
07:33:41 AM  all    0.38    0.00   28.95    0.00    0.13    0.38    0.00    0.00    0.00   70.18
07:33:41 AM    0    1.03    0.00   58.76    0.00    0.00    0.00    0.00    0.00    0.00   40.21
07:33:41 AM    1    2.02    0.00   74.75    0.00    0.00    0.00    0.00    0.00    0.00   23.23
07:33:41 AM    2    0.00    0.00  100.00    0.00    0.00    0.00    0.00    0.00    0.00    0.00
07:33:41 AM    3    0.00    0.00    0.00    0.00    0.99    1.98    0.00    0.00    0.00   97.03
07:33:41 AM    4    0.00    0.00    0.00    0.00    0.00    0.99    0.00    0.00    0.00   99.01
07:33:41 AM    5    0.00    0.00    0.00    0.00    0.00    0.00    0.00    0.00    0.00  100.00
07:33:41 AM    6    0.00    0.00    0.00    0.00    0.00    0.00    0.00    0.00    0.00  100.00
07:33:41 AM    7    0.00    0.00    0.00    0.00    0.00    0.00    0.00    0.00    0.00  100.00

07:33:41 AM  CPU    %usr   %nice    %sys %iowait    %irq   %soft  %steal  %guest  %gnice   %idle
07:33:42 AM  all    0.25    0.00   29.42    0.00    0.00    0.25    0.00    0.00    0.00   70.08
07:33:42 AM    0    1.01    0.00   70.71    0.00    0.00    0.00    0.00    0.00    0.00   28.28
07:33:42 AM    1    1.05    0.00   66.32    0.00    0.00    0.00    0.00    0.00    0.00   32.63
07:33:42 AM    2    0.00    0.00  100.00    0.00    0.00    0.00    0.00    0.00    0.00    0.00
07:33:42 AM    3    0.00    0.00    0.00    0.00    0.00    2.02    0.00    0.00    0.00   97.98
07:33:42 AM    4    0.00    0.00    0.00    0.00    0.00    0.00    0.00    0.00    0.00  100.00
07:33:42 AM    5    0.00    0.00    0.00    0.00    0.00    0.00    0.00    0.00    0.00  100.00
07:33:42 AM    6    0.00    0.00    0.00    0.00    0.00    0.00    0.00    0.00    0.00  100.00
07:33:42 AM    7    0.00    0.00    0.00    0.00    0.00    0.00    0.00    0.00    0.00  100.00

07:33:42 AM  CPU    %usr   %nice    %sys %iowait    %irq   %soft  %steal  %guest  %gnice   %idle
07:33:43 AM  all    0.25    0.00   29.49    0.00    0.25    0.25    0.00    0.00    0.00   69.76
07:33:43 AM    0    1.02    0.00   70.41    0.00    1.02    0.00    0.00    0.00    0.00   27.55
07:33:43 AM    1    1.01    0.00   66.67    0.00    1.01    0.00    0.00    0.00    0.00   31.31
07:33:43 AM    2    0.00    0.00  100.00    0.00    0.00    0.00    0.00    0.00    0.00    0.00
07:33:43 AM    3    0.00    0.00    0.00    0.00    0.00    2.00    0.00    0.00    0.00   98.00
07:33:43 AM    4    0.00    0.00    0.00    0.00    0.00    0.00    0.00    0.00    0.00  100.00
07:33:43 AM    5    0.00    0.00    0.00    0.00    0.00    0.00    0.00    0.00    0.00  100.00
07:33:43 AM    6    0.00    0.00    0.00    0.00    0.00    0.00    0.00    0.00    0.00  100.00
07:33:43 AM    7    0.00    0.00    0.00    0.00    0.00    0.00    0.00    0.00    0.00  100.00

07:33:43 AM  CPU    %usr   %nice    %sys %iowait    %irq   %soft  %steal  %guest  %gnice   %idle
07:33:44 AM  all    0.38    0.00   29.45    0.00    0.00    0.38    0.00    0.00    0.00   69.80
07:33:44 AM    0    1.02    0.00   71.43    0.00    0.00    0.00    0.00    0.00    0.00   27.55
07:33:44 AM    1    2.00    0.00   65.00    0.00    0.00    1.00    0.00    0.00    0.00   32.00
07:33:44 AM    2    0.00    0.00  100.00    0.00    0.00    0.00    0.00    0.00    0.00    0.00
07:33:44 AM    3    0.00    0.00    0.00    0.00    0.00    2.00    0.00    0.00    0.00   98.00
07:33:44 AM    4    0.00    0.00    0.00    0.00    0.00    0.00    0.00    0.00    0.00  100.00
07:33:44 AM    5    0.00    0.00    0.00    0.00    0.00    0.00    0.00    0.00    0.00  100.00
07:33:44 AM    6    0.00    0.00    0.00    0.00    0.00    0.00    0.00    0.00    0.00  100.00
07:33:44 AM    7    0.00    0.00    0.00    0.00    0.00    0.00    0.00    0.00    0.00  100.00

07:33:44 AM  CPU    %usr   %nice    %sys %iowait    %irq   %soft  %steal  %guest  %gnice   %idle
07:33:45 AM  all    0.13    0.00   28.98    0.00    0.00    0.38    0.00    0.00    0.00   70.51
07:33:45 AM    0    1.03    0.00   70.10    0.00    0.00    0.00    0.00    0.00    0.00   28.87
07:33:45 AM    1    0.00    0.00   63.00    0.00    0.00    0.00    0.00    0.00    0.00   37.00
07:33:45 AM    2    0.00    0.00  100.00    0.00    0.00    0.00    0.00    0.00    0.00    0.00
07:33:45 AM    3    0.00    0.00    0.00    0.00    0.00    2.00    0.00    0.00    0.00   98.00
07:33:45 AM    4    0.00    0.00    0.00    0.00    0.00    1.00    0.00    0.00    0.00   99.00
07:33:45 AM    5    0.00    0.00    0.00    0.00    0.00    0.00    0.00    0.00    0.00  100.00
07:33:45 AM    6    0.00    0.00    0.00    0.00    0.00    0.00    0.00    0.00    0.00  100.00
07:33:45 AM    7    0.00    0.00    0.00    0.00    0.00    0.00    0.00    0.00    0.00  100.00

07:33:45 AM  CPU    %usr   %nice    %sys %iowait    %irq   %soft  %steal  %guest  %gnice   %idle
07:33:46 AM  all    0.37    0.00   28.34    0.00    0.50    0.12    0.00    0.00    0.00   70.66
07:33:46 AM    0    1.01    0.00   66.67    0.00    1.01    0.00    0.00    0.00    0.00   31.31
07:33:46 AM    1    1.98    0.00   60.40    0.00    0.99    0.00    0.00    0.00    0.00   36.63
07:33:46 AM    2    0.00    0.00  100.00    0.00    0.00    0.00    0.00    0.00    0.00    0.00
07:33:46 AM    3    0.00    0.00    0.00    0.00    1.00    1.00    0.00    0.00    0.00   98.00
07:33:46 AM    4    0.00    0.00    0.00    0.00    0.99    0.00    0.00    0.00    0.00   99.01
07:33:46 AM    5    0.00    0.00    0.00    0.00    0.00    0.00    0.00    0.00    0.00  100.00
07:33:46 AM    6    0.00    0.00    0.00    0.00    0.00    0.00    0.00    0.00    0.00  100.00
07:33:46 AM    7    0.00    0.00    0.00    0.00    0.00    0.00    0.00    0.00    0.00  100.00

07:33:46 AM  CPU    %usr   %nice    %sys %iowait    %irq   %soft  %steal  %guest  %gnice   %idle
07:33:47 AM  all    0.13    0.00   28.21    0.00    0.00    0.25    0.00    0.00    0.00   71.41
07:33:47 AM    0    1.02    0.00   64.29    0.00    0.00    0.00    0.00    0.00    0.00   34.69
07:33:47 AM    1    0.00    0.00   62.89    0.00    0.00    0.00    0.00    0.00    0.00   37.11
07:33:47 AM    2    0.00    0.00  100.00    0.00    0.00    0.00    0.00    0.00    0.00    0.00
07:33:47 AM    3    0.00    0.00    0.00    0.00    0.00    2.02    0.00    0.00    0.00   97.98
07:33:47 AM    4    0.00    0.00    0.00    0.00    0.00    0.00    0.00    0.00    0.00  100.00
07:33:47 AM    5    0.00    0.00    0.00    0.00    0.00    0.00    0.00    0.00    0.00  100.00
07:33:47 AM    6    0.00    0.00    0.00    0.00    0.00    0.00    0.00    0.00    0.00  100.00
07:33:47 AM    7    0.00    0.00    0.00    0.00    0.00    0.00    0.00    0.00    0.00  100.00

07:33:47 AM  CPU    %usr   %nice    %sys %iowait    %irq   %soft  %steal  %guest  %gnice   %idle
07:33:48 AM  all    0.38    0.00   29.49    0.00    0.00    0.25    0.00    0.00    0.00   69.89
07:33:48 AM    0    1.01    0.00   69.70    0.00    0.00    0.00    0.00    0.00    0.00   29.29
07:33:48 AM    1    2.02    0.00   66.67    0.00    0.00    0.00    0.00    0.00    0.00   31.31
07:33:48 AM    2    0.00    0.00  100.00    0.00    0.00    0.00    0.00    0.00    0.00    0.00
07:33:48 AM    3    0.00    0.00    0.00    0.00    0.00    2.00    0.00    0.00    0.00   98.00
07:33:48 AM    4    0.00    0.00    0.00    0.00    0.00    0.00    0.00    0.00    0.00  100.00
07:33:48 AM    5    0.00    0.00    0.00    0.00    0.00    0.00    0.00    0.00    0.00  100.00
07:33:48 AM    6    0.00    0.00    0.00    0.00    0.00    0.00    0.00    0.00    0.00  100.00
07:33:48 AM    7    0.00    0.00    0.00    0.00    0.00    0.00    0.00    0.00    0.00  100.00

07:33:48 AM  CPU    %usr   %nice    %sys %iowait    %irq   %soft  %steal  %guest  %gnice   %idle
07:33:49 AM  all    0.50    0.00   29.00    0.00    0.12    0.38    0.00    0.00    0.00   70.00
07:33:49 AM    0    2.97    0.00   66.34    0.00    0.99    0.99    0.00    0.00    0.00   28.71
07:33:49 AM    1    1.01    0.00   65.66    0.00    0.00    0.00    0.00    0.00    0.00   33.33
07:33:49 AM    2    0.00    0.00  100.00    0.00    0.00    0.00    0.00    0.00    0.00    0.00
07:33:49 AM    3    0.00    0.00    0.00    0.00    0.00    2.00    0.00    0.00    0.00   98.00
07:33:49 AM    4    0.00    0.00    0.00    0.00    0.00    0.00    0.00    0.00    0.00  100.00
07:33:49 AM    5    0.00    0.00    0.00    0.00    0.00    0.00    0.00    0.00    0.00  100.00
07:33:49 AM    6    0.00    0.00    0.00    0.00    0.00    0.00    0.00    0.00    0.00  100.00
07:33:49 AM    7    0.00    0.00    0.00    0.00    0.00    0.00    0.00    0.00    0.00  100.00

07:33:49 AM  CPU    %usr   %nice    %sys %iowait    %irq   %soft  %steal  %guest  %gnice   %idle
07:33:50 AM  all    0.25    0.00   28.34    0.00    0.13    0.25    0.00    0.00    0.00   71.03
07:33:50 AM    0    1.03    0.00   62.89    0.00    0.00    0.00    0.00    0.00    0.00   36.08
07:33:50 AM    1    1.02    0.00   65.31    0.00    1.02    0.00    0.00    0.00    0.00   32.65
07:33:50 AM    2    0.00    0.00  100.00    0.00    0.00    0.00    0.00    0.00    0.00    0.00
07:33:50 AM    3    0.00    0.00    0.00    0.00    0.00    2.02    0.00    0.00    0.00   97.98
07:33:50 AM    4    0.00    0.00    0.00    0.00    0.00    0.00    0.00    0.00    0.00  100.00
07:33:50 AM    5    0.00    0.00    0.00    0.00    0.00    0.00    0.00    0.00    0.00  100.00
07:33:50 AM    6    0.00    0.00    0.00    0.00    0.00    0.00    0.00    0.00    0.00  100.00
07:33:50 AM    7    0.00    0.00    0.00    0.00    0.00    0.00    0.00    0.00    0.00  100.00

07:33:50 AM  CPU    %usr   %nice    %sys %iowait    %irq   %soft  %steal  %guest  %gnice   %idle
07:33:51 AM  all    0.13    0.00   28.73    0.13    0.13    0.38    0.00    0.00    0.00   70.51
07:33:51 AM    0    1.03    0.00   64.95    0.00    0.00    0.00    0.00    0.00    0.00   34.02
07:33:51 AM    1    0.00    0.00   66.67    1.01    0.00    0.00    0.00    0.00    0.00   32.32
07:33:51 AM    2    0.00    0.00  100.00    0.00    0.00    0.00    0.00    0.00    0.00    0.00
07:33:51 AM    3    0.00    0.00    0.00    0.00    0.99    1.98    0.00    0.00    0.00   97.03
07:33:51 AM    4    0.00    0.00    0.00    0.00    0.00    1.00    0.00    0.00    0.00   99.00
07:33:51 AM    5    0.00    0.00    0.00    0.00    0.00    0.00    0.00    0.00    0.00  100.00
07:33:51 AM    6    0.00    0.00    0.00    0.00    0.00    0.00    0.00    0.00    0.00  100.00
07:33:51 AM    7    0.00    0.00    0.00    0.00    0.00    0.00    0.00    0.00    0.00  100.00

07:33:51 AM  CPU    %usr   %nice    %sys %iowait    %irq   %soft  %steal  %guest  %gnice   %idle
07:33:52 AM  all    0.38    0.00   28.45    0.00    0.13    0.25    0.00    0.00    0.00   70.80
07:33:52 AM    0    1.01    0.00   65.66    0.00    1.01    0.00    0.00    0.00    0.00   32.32
07:33:52 AM    1    2.02    0.00   62.63    0.00    0.00    0.00    0.00    0.00    0.00   35.35
07:33:52 AM    2    0.00    0.00  100.00    0.00    0.00    0.00    0.00    0.00    0.00    0.00
07:33:52 AM    3    0.00    0.00    0.00    0.00    0.00    2.00    0.00    0.00    0.00   98.00
07:33:52 AM    4    0.00    0.00    0.00    0.00    0.00    0.00    0.00    0.00    0.00  100.00
07:33:52 AM    5    0.00    0.00    0.00    0.00    0.00    0.00    0.00    0.00    0.00  100.00
07:33:52 AM    6    0.00    0.00    0.00    0.00    0.00    0.00    0.00    0.00    0.00  100.00
07:33:52 AM    7    0.00    0.00    0.00    0.00    0.00    0.00    0.00    0.00    0.00  100.00

07:33:52 AM  CPU    %usr   %nice    %sys %iowait    %irq   %soft  %steal  %guest  %gnice   %idle
07:33:53 AM  all    0.38    0.00   28.20    0.00    0.00    0.38    0.00    0.00    0.00   71.05
07:33:53 AM    0    2.04    0.00   66.33    0.00    0.00    0.00    0.00    0.00    0.00   31.63
07:33:53 AM    1    1.00    0.00   60.00    0.00    0.00    1.00    0.00    0.00    0.00   38.00
07:33:53 AM    2    0.00    0.00  100.00    0.00    0.00    0.00    0.00    0.00    0.00    0.00
07:33:53 AM    3    0.00    0.00    0.00    0.00    0.00    2.00    0.00    0.00    0.00   98.00
07:33:53 AM    4    0.00    0.00    0.00    0.00    0.00    0.00    0.00    0.00    0.00  100.00
07:33:53 AM    5    0.00    0.00    0.00    0.00    0.00    0.00    0.00    0.00    0.00  100.00
07:33:53 AM    6    0.00    0.00    0.00    0.00    0.00    0.00    0.00    0.00    0.00  100.00
07:33:53 AM    7    0.00    0.00    0.00    0.00    0.00    0.00    0.00    0.00    0.00  100.00

07:33:53 AM  CPU    %usr   %nice    %sys %iowait    %irq   %soft  %steal  %guest  %gnice   %idle
07:33:54 AM  all    0.25    0.00   29.32    0.00    0.13    0.25    0.00    0.00    0.00   70.05
07:33:54 AM    0    0.99    0.00   66.34    0.00    0.00    0.00    0.00    0.00    0.00   32.67
07:33:54 AM    1    1.01    0.00   67.68    0.00    1.01    0.00    0.00    0.00    0.00   30.30
07:33:54 AM    2    0.00    0.00  100.00    0.00    0.00    0.00    0.00    0.00    0.00    0.00
07:33:54 AM    3    0.00    0.00    0.00    0.00    0.00    2.02    0.00    0.00    0.00   97.98
07:33:54 AM    4    0.00    0.00    0.00    0.00    0.00    0.00    0.00    0.00    0.00  100.00
07:33:54 AM    5    0.00    0.00    0.00    0.00    0.00    0.00    0.00    0.00    0.00  100.00
07:33:54 AM    6    0.00    0.00    0.00    0.00    0.00    0.00    0.00    0.00    0.00  100.00
07:33:54 AM    7    0.00    0.00    0.00    0.00    0.00    0.00    0.00    0.00    0.00  100.00

07:33:54 AM  CPU    %usr   %nice    %sys %iowait    %irq   %soft  %steal  %guest  %gnice   %idle
07:33:55 AM  all    0.50    0.00   29.79    0.00    0.13    0.25    0.00    0.00    0.00   69.34
07:33:55 AM    0    2.02    0.00   69.70    0.00    1.01    0.00    0.00    0.00    0.00   27.27
07:33:55 AM    1    2.00    0.00   69.00    0.00    0.00    0.00    0.00    0.00    0.00   29.00
07:33:55 AM    2    0.00    0.00  100.00    0.00    0.00    0.00    0.00    0.00    0.00    0.00
07:33:55 AM    3    0.00    0.00    0.00    0.00    0.00    2.00    0.00    0.00    0.00   98.00
07:33:55 AM    4    0.00    0.00    0.00    0.00    0.00    0.00    0.00    0.00    0.00  100.00
07:33:55 AM    5    0.00    0.00    0.00    0.00    0.00    0.00    0.00    0.00    0.00  100.00
07:33:55 AM    6    0.00    0.00    0.00    0.00    0.00    0.00    0.00    0.00    0.00  100.00
07:33:55 AM    7    0.00    0.00    0.00    0.00    0.00    0.00    0.00    0.00    0.00  100.00

07:33:55 AM  CPU    %usr   %nice    %sys %iowait    %irq   %soft  %steal  %guest  %gnice   %idle
07:33:56 AM  all    0.25    0.00   29.29    0.00    0.13    0.25    0.00    0.00    0.00   70.09
07:33:56 AM    0    1.01    0.00   70.71    0.00    0.00    0.00    0.00    0.00    0.00   28.28
07:33:56 AM    1    1.01    0.00   64.65    0.00    0.00    0.00    0.00    0.00    0.00   34.34
07:33:56 AM    2    0.00    0.00  100.00    0.00    0.00    0.00    0.00    0.00    0.00    0.00
07:33:56 AM    3    0.00    0.00    0.00    0.00    1.00    1.00    0.00    0.00    0.00   98.00
07:33:56 AM    4    0.00    0.00    0.00    0.00    0.00    0.99    0.00    0.00    0.00   99.01
07:33:56 AM    5    0.00    0.00    0.00    0.00    0.00    0.00    0.00    0.00    0.00  100.00
07:33:56 AM    6    0.00    0.00    0.00    0.00    0.00    0.00    0.00    0.00    0.00  100.00
07:33:56 AM    7    0.00    0.00    0.00    0.00    0.00    0.00    0.00    0.00    0.00  100.00

07:33:56 AM  CPU    %usr   %nice    %sys %iowait    %irq   %soft  %steal  %guest  %gnice   %idle
07:33:57 AM  all    0.38    0.00   28.18    0.00    0.13    0.38    0.00    0.00    0.00   70.94
07:33:57 AM    0    1.01    0.00   63.64    0.00    0.00    1.01    0.00    0.00    0.00   34.34
07:33:57 AM    1    2.04    0.00   62.24    0.00    1.02    0.00    0.00    0.00    0.00   34.69
07:33:57 AM    2    0.00    0.00  100.00    0.00    0.00    0.00    0.00    0.00    0.00    0.00
07:33:57 AM    3    0.00    0.00    0.00    0.00    0.00    2.02    0.00    0.00    0.00   97.98
07:33:57 AM    4    0.00    0.00    0.00    0.00    0.00    0.00    0.00    0.00    0.00  100.00
07:33:57 AM    5    0.00    0.00    0.00    0.00    0.00    0.00    0.00    0.00    0.00  100.00
07:33:57 AM    6    0.00    0.00    0.00    0.00    0.00    0.00    0.00    0.00    0.00  100.00
07:33:57 AM    7    0.00    0.00    0.00    0.00    0.00    0.00    0.00    0.00    0.00  100.00

07:33:57 AM  CPU    %usr   %nice    %sys %iowait    %irq   %soft  %steal  %guest  %gnice   %idle
07:33:58 AM  all    0.38    0.00   28.82    0.00    0.25    0.25    0.00    0.00    0.00   70.30
07:33:58 AM    0    2.02    0.00   67.68    0.00    1.01    0.00    0.00    0.00    0.00   29.29
07:33:58 AM    1    1.02    0.00   64.29    0.00    0.00    0.00    0.00    0.00    0.00   34.69
07:33:58 AM    2    0.00    0.00   99.01    0.00    0.99    0.00    0.00    0.00    0.00    0.00
07:33:58 AM    3    0.00    0.00    0.00    0.00    0.00    2.00    0.00    0.00    0.00   98.00
07:33:58 AM    4    0.00    0.00    0.00    0.00    0.00    0.00    0.00    0.00    0.00  100.00
07:33:58 AM    5    0.00    0.00    0.00    0.00    0.00    0.00    0.00    0.00    0.00  100.00
07:33:58 AM    6    0.00    0.00    0.00    0.00    0.00    0.00    0.00    0.00    0.00  100.00
07:33:58 AM    7    0.00    0.00    0.00    0.00    0.00    0.00    0.00    0.00    0.00  100.00

07:33:58 AM  CPU    %usr   %nice    %sys %iowait    %irq   %soft  %steal  %guest  %gnice   %idle
07:33:59 AM  all    0.25    0.00   29.89    0.00    0.00    0.25    0.00    0.00    0.00   69.61
07:33:59 AM    0    1.02    0.00   69.39    0.00    0.00    0.00    0.00    0.00    0.00   29.59
07:33:59 AM    1    1.04    0.00   71.88    0.00    0.00    0.00    0.00    0.00    0.00   27.08
07:33:59 AM    2    0.00    0.00  100.00    0.00    0.00    0.00    0.00    0.00    0.00    0.00
07:33:59 AM    3    0.00    0.00    0.00    0.00    0.00    2.00    0.00    0.00    0.00   98.00
07:33:59 AM    4    0.00    0.00    0.00    0.00    0.00    0.00    0.00    0.00    0.00  100.00
07:33:59 AM    5    0.00    0.00    0.00    0.00    0.00    0.00    0.00    0.00    0.00  100.00
07:33:59 AM    6    0.00    0.00    0.00    0.00    0.00    0.00    0.00    0.00    0.00  100.00
07:33:59 AM    7    0.00    0.00    0.00    0.00    0.00    0.00    0.00    0.00    0.00  100.00

07:33:59 AM  CPU    %usr   %nice    %sys %iowait    %irq   %soft  %steal  %guest  %gnice   %idle
07:34:00 AM  all    0.25    0.00   31.16    0.00    0.00    0.38    0.00    0.00    0.00   68.22
07:34:00 AM    0    1.01    0.00   74.75    0.00    0.00    0.00    0.00    0.00    0.00   24.24
07:34:00 AM    1    1.03    0.00   76.29    0.00    0.00    0.00    0.00    0.00    0.00   22.68
07:34:00 AM    2    0.00    0.00  100.00    0.00    0.00    0.00    0.00    0.00    0.00    0.00
07:34:00 AM    3    0.00    0.00    0.00    0.00    0.00    2.02    0.00    0.00    0.00   97.98
07:34:00 AM    4    0.00    0.00    0.00    0.00    0.00    0.99    0.00    0.00    0.00   99.01
07:34:00 AM    5    0.00    0.00    0.00    0.00    0.00    0.00    0.00    0.00    0.00  100.00
07:34:00 AM    6    0.00    0.00    0.00    0.00    0.00    0.00    0.00    0.00    0.00  100.00
07:34:00 AM    7    0.00    0.00    0.00    0.00    0.00    0.00    0.00    0.00    0.00  100.00

07:34:00 AM  CPU    %usr   %nice    %sys %iowait    %irq   %soft  %steal  %guest  %gnice   %idle
07:34:01 AM  all    0.38    0.00   30.50    0.00    0.50    0.38    0.00    0.00    0.00   68.25
07:34:01 AM    0    2.02    0.00   73.74    0.00    1.01    0.00    0.00    0.00    0.00   23.23
07:34:01 AM    1    1.00    0.00   71.00    0.00    1.00    1.00    0.00    0.00    0.00   26.00
07:34:01 AM    2    0.00    0.00  100.00    0.00    0.00    0.00    0.00    0.00    0.00    0.00
07:34:01 AM    3    0.00    0.00    0.00    0.00    0.99    1.98    0.00    0.00    0.00   97.03
07:34:01 AM    4    0.00    0.00    0.00    0.00    1.00    0.00    0.00    0.00    0.00   99.00
07:34:01 AM    5    0.00    0.00    0.00    0.00    0.00    0.00    0.00    0.00    0.00  100.00
07:34:01 AM    6    0.00    0.00    0.00    0.00    0.00    0.00    0.00    0.00    0.00  100.00
07:34:01 AM    7    0.00    0.00    0.00    0.00    0.00    0.00    0.00    0.00    0.00  100.00

07:34:01 AM  CPU    %usr   %nice    %sys %iowait    %irq   %soft  %steal  %guest  %gnice   %idle
07:34:02 AM  all    0.25    0.00   30.03    0.00    0.00    0.38    0.00    0.00    0.00   69.35
07:34:02 AM    0    1.00    0.00   72.00    0.00    0.00    1.00    0.00    0.00    0.00   26.00
07:34:02 AM    1    1.03    0.00   69.07    0.00    0.00    0.00    0.00    0.00    0.00   29.90
07:34:02 AM    2    0.00    0.00  100.00    0.00    0.00    0.00    0.00    0.00    0.00    0.00
07:34:02 AM    3    0.00    0.00    0.00    0.00    0.00    2.02    0.00    0.00    0.00   97.98
07:34:02 AM    4    0.00    0.00    0.00    0.00    0.00    0.00    0.00    0.00    0.00  100.00
07:34:02 AM    5    0.00    0.00    0.00    0.00    0.00    0.00    0.00    0.00    0.00  100.00
07:34:02 AM    6    0.00    0.00    0.00    0.00    0.00    0.00    0.00    0.00    0.00  100.00
07:34:02 AM    7    0.00    0.00    0.00    0.00    0.00    0.00    0.00    0.00    0.00  100.00

07:34:02 AM  CPU    %usr   %nice    %sys %iowait    %irq   %soft  %steal  %guest  %gnice   %idle
07:34:03 AM  all    0.50    0.00   29.32    0.00    0.00    0.38    0.00    0.00    0.00   69.80
07:34:03 AM    0    2.06    0.00   70.10    0.00    0.00    0.00    0.00    0.00    0.00   27.84
07:34:03 AM    1    2.00    0.00   66.00    0.00    0.00    0.00    0.00    0.00    0.00   32.00
07:34:03 AM    2    0.00    0.00  100.00    0.00    0.00    0.00    0.00    0.00    0.00    0.00
07:34:03 AM    3    0.00    0.00    0.00    0.00    0.00    2.00    0.00    0.00    0.00   98.00
07:34:03 AM    4    0.00    0.00    0.00    0.00    0.00    0.99    0.00    0.00    0.00   99.01
07:34:03 AM    5    0.00    0.00    0.00    0.00    0.00    0.00    0.00    0.00    0.00  100.00
07:34:03 AM    6    0.00    0.00    0.00    0.00    0.00    0.00    0.00    0.00    0.00  100.00
07:34:03 AM    7    0.00    0.00    0.00    0.00    0.00    0.00    0.00    0.00    0.00  100.00

07:34:03 AM  CPU    %usr   %nice    %sys %iowait    %irq   %soft  %steal  %guest  %gnice   %idle
07:34:04 AM  all    0.13    0.00   28.93    0.00    0.25    0.13    0.00    0.00    0.00   70.57
07:34:04 AM    0    0.99    0.00   69.31    0.00    0.99    0.00    0.00    0.00    0.00   28.71
07:34:04 AM    1    0.00    0.00   62.50    0.00    1.04    0.00    0.00    0.00    0.00   36.46
07:34:04 AM    2    0.00    0.00  100.00    0.00    0.00    0.00    0.00    0.00    0.00    0.00
07:34:04 AM    3    0.00    0.00    0.00    0.00    0.00    1.01    0.00    0.00    0.00   98.99
07:34:04 AM    4    0.00    0.00    0.00    0.00    0.00    0.00    0.00    0.00    0.00  100.00
07:34:04 AM    5    0.00    0.00    0.00    0.00    0.00    0.00    0.00    0.00    0.00  100.00
07:34:04 AM    6    0.00    0.00    0.00    0.00    0.00    0.00    0.00    0.00    0.00  100.00
07:34:04 AM    7    0.00    0.00    0.00    0.00    0.00    0.00    0.00    0.00    0.00  100.00

07:34:04 AM  CPU    %usr   %nice    %sys %iowait    %irq   %soft  %steal  %guest  %gnice   %idle
07:34:05 AM  all    0.50    0.00   29.49    0.00    0.13    0.25    0.00    0.00    0.00   69.64
07:34:05 AM    0    2.04    0.00   70.41    0.00    0.00    0.00    0.00    0.00    0.00   27.55
07:34:05 AM    1    2.04    0.00   67.35    0.00    0.00    0.00    0.00    0.00    0.00   30.61
07:34:05 AM    2    0.00    0.00  100.00    0.00    0.00    0.00    0.00    0.00    0.00    0.00
07:34:05 AM    3    0.00    0.00    0.00    0.00    0.99    1.98    0.00    0.00    0.00   97.03
07:34:05 AM    4    0.00    0.00    0.00    0.00    0.00    0.00    0.00    0.00    0.00  100.00
07:34:05 AM    5    0.00    0.00    0.00    0.00    0.00    0.00    0.00    0.00    0.00  100.00
07:34:05 AM    6    0.00    0.00    0.00    0.00    0.00    0.00    0.00    0.00    0.00  100.00
07:34:05 AM    7    0.00    0.00    0.00    0.00    0.00    0.00    0.00    0.00    0.00  100.00

07:34:05 AM  CPU    %usr   %nice    %sys %iowait    %irq   %soft  %steal  %guest  %gnice   %idle
07:34:06 AM  all    0.13    0.00   28.55    0.00    0.00    0.25    0.00    0.00    0.00   71.07
07:34:06 AM    0    1.01    0.00   65.66    0.00    0.00    0.00    0.00    0.00    0.00   33.33
07:34:06 AM    1    0.00    0.00   63.27    0.00    0.00    0.00    0.00    0.00    0.00   36.73
07:34:06 AM    2    0.00    0.00  100.00    0.00    0.00    0.00    0.00    0.00    0.00    0.00
07:34:06 AM    3    0.00    0.00    0.00    0.00    0.00    2.02    0.00    0.00    0.00   97.98
07:34:06 AM    4    0.00    0.00    0.00    0.00    0.00    0.00    0.00    0.00    0.00  100.00
07:34:06 AM    5    0.00    0.00    0.00    0.00    0.00    0.00    0.00    0.00    0.00  100.00
07:34:06 AM    6    0.00    0.00    0.00    0.00    0.00    0.00    0.00    0.00    0.00  100.00
07:34:06 AM    7    0.00    0.00    0.00    0.00    0.00    0.00    0.00    0.00    0.00  100.00

07:34:06 AM  CPU    %usr   %nice    %sys %iowait    %irq   %soft  %steal  %guest  %gnice   %idle
07:34:07 AM  all    0.37    0.00   28.93    0.00    0.12    0.37    0.00    0.00    0.00   70.20
07:34:07 AM    0    0.97    0.00   64.08    0.00    0.97    0.97    0.00    0.00    0.00   33.01
07:34:07 AM    1    2.02    0.00   66.67    0.00    0.00    0.00    0.00    0.00    0.00   31.31
07:34:07 AM    2    0.00    0.00  100.00    0.00    0.00    0.00    0.00    0.00    0.00    0.00
07:34:07 AM    3    0.00    0.00    0.00    0.00    0.00    2.00    0.00    0.00    0.00   98.00
07:34:07 AM    4    0.00    0.00    0.00    0.00    0.00    0.00    0.00    0.00    0.00  100.00
07:34:07 AM    5    0.00    0.00    0.00    0.00    0.00    0.00    0.00    0.00    0.00  100.00
07:34:07 AM    6    0.00    0.00    0.00    0.00    0.00    0.00    0.00    0.00    0.00  100.00
07:34:07 AM    7    0.00    0.00    0.00    0.00    0.00    0.00    0.00    0.00    0.00  100.00

07:34:07 AM  CPU    %usr   %nice    %sys %iowait    %irq   %soft  %steal  %guest  %gnice   %idle
07:34:08 AM  all    0.50    0.00   28.95    0.00    0.13    0.38    0.00    0.00    0.00   70.05
07:34:08 AM    0    2.04    0.00   68.37    0.00    0.00    0.00    0.00    0.00    0.00   29.59
07:34:08 AM    1    2.02    0.00   64.65    0.00    1.01    0.00    0.00    0.00    0.00   32.32
07:34:08 AM    2    0.00    0.00  100.00    0.00    0.00    0.00    0.00    0.00    0.00    0.00
07:34:08 AM    3    0.00    0.00    0.00    0.00    0.00    2.00    0.00    0.00    0.00   98.00
07:34:08 AM    4    0.00    0.00    0.00    0.00    0.00    0.99    0.00    0.00    0.00   99.01
07:34:08 AM    5    0.00    0.00    0.00    0.00    0.00    0.00    0.00    0.00    0.00  100.00
07:34:08 AM    6    0.00    0.00    0.00    0.00    0.00    0.00    0.00    0.00    0.00  100.00
07:34:08 AM    7    0.00    0.00    0.00    0.00    0.00    0.00    0.00    0.00    0.00  100.00

07:34:08 AM  CPU    %usr   %nice    %sys %iowait    %irq   %soft  %steal  %guest  %gnice   %idle
07:34:09 AM  all    0.25    0.00   29.11    0.00    0.00    0.38    0.00    0.00    0.00   70.26
07:34:09 AM    0    1.00    0.00   69.00    0.00    0.00    0.00    0.00    0.00    0.00   30.00
07:34:09 AM    1    1.01    0.00   63.64    0.00    0.00    1.01    0.00    0.00    0.00   34.34
07:34:09 AM    2    0.00    0.00  100.00    0.00    0.00    0.00    0.00    0.00    0.00    0.00
07:34:09 AM    3    0.00    0.00    0.00    0.00    0.00    2.02    0.00    0.00    0.00   97.98
07:34:09 AM    4    0.00    0.00    0.00    0.00    0.00    0.00    0.00    0.00    0.00  100.00
07:34:09 AM    5    0.00    0.00    0.00    0.00    0.00    0.00    0.00    0.00    0.00  100.00
07:34:09 AM    6    0.00    0.00    0.00    0.00    0.00    0.00    0.00    0.00    0.00  100.00
07:34:09 AM    7    0.00    0.00    0.00    0.00    0.00    0.00    0.00    0.00    0.00  100.00

07:34:09 AM  CPU    %usr   %nice    %sys %iowait    %irq   %soft  %steal  %guest  %gnice   %idle
07:34:10 AM  all    0.13    0.00   28.48    0.00    0.25    0.25    0.00    0.00    0.00   70.89
07:34:10 AM    0    0.00    0.00   67.68    0.00    1.01    0.00    0.00    0.00    0.00   31.31
07:34:10 AM    1    1.03    0.00   61.86    0.00    0.00    0.00    0.00    0.00    0.00   37.11
07:34:10 AM    2    0.00    0.00  100.00    0.00    0.00    0.00    0.00    0.00    0.00    0.00
07:34:10 AM    3    0.00    0.00    0.00    0.00    0.99    1.98    0.00    0.00    0.00   97.03
07:34:10 AM    4    0.00    0.00    0.00    0.00    0.00    0.00    0.00    0.00    0.00  100.00
07:34:10 AM    5    0.00    0.00    0.00    0.00    0.00    0.00    0.00    0.00    0.00  100.00
07:34:10 AM    6    0.00    0.00    0.00    0.00    0.00    0.00    0.00    0.00    0.00  100.00
07:34:10 AM    7    0.00    0.00    0.00    0.00    0.00    0.00    0.00    0.00    0.00  100.00

07:34:10 AM  CPU    %usr   %nice    %sys %iowait    %irq   %soft  %steal  %guest  %gnice   %idle
07:34:11 AM  all    0.50    0.00   29.82    0.00    0.13    0.25    0.00    0.00    0.00   69.30
07:34:11 AM    0    2.04    0.00   73.47    0.00    0.00    0.00    0.00    0.00    0.00   24.49
07:34:11 AM    1    1.98    0.00   65.35    0.00    0.99    0.00    0.00    0.00    0.00   31.68
07:34:11 AM    2    0.00    0.00  100.00    0.00    0.00    0.00    0.00    0.00    0.00    0.00
07:34:11 AM    3    0.00    0.00    0.00    0.00    0.00    2.00    0.00    0.00    0.00   98.00
07:34:11 AM    4    0.00    0.00    0.00    0.00    0.00    0.00    0.00    0.00    0.00  100.00
07:34:11 AM    5    0.00    0.00    0.00    0.00    0.00    0.00    0.00    0.00    0.00  100.00
07:34:11 AM    6    0.00    0.00    0.00    0.00    0.00    0.00    0.00    0.00    0.00  100.00
07:34:11 AM    7    0.00    0.00    0.00    0.00    0.00    0.00    0.00    0.00    0.00  100.00

07:34:11 AM  CPU    %usr   %nice    %sys %iowait    %irq   %soft  %steal  %guest  %gnice   %idle
07:34:12 AM  all    0.38    0.00   28.32    0.00    0.00    0.38    0.00    0.00    0.00   70.93
07:34:12 AM    0    2.00    0.00   65.00    0.00    0.00    1.00    0.00    0.00    0.00   32.00
07:34:12 AM    1    1.02    0.00   62.24    0.00    0.00    0.00    0.00    0.00    0.00   36.73
07:34:12 AM    2    0.00    0.00  100.00    0.00    0.00    0.00    0.00    0.00    0.00    0.00
07:34:12 AM    3    0.00    0.00    0.00    0.00    0.00    1.01    0.00    0.00    0.00   98.99
07:34:12 AM    4    0.00    0.00    0.00    0.00    0.00    0.99    0.00    0.00    0.00   99.01
07:34:12 AM    5    0.00    0.00    0.00    0.00    0.00    0.00    0.00    0.00    0.00  100.00
07:34:12 AM    6    0.00    0.00    0.00    0.00    0.00    0.00    0.00    0.00    0.00  100.00
07:34:12 AM    7    0.00    0.00    0.00    0.00    0.00    0.00    0.00    0.00    0.00  100.00

07:34:12 AM  CPU    %usr   %nice    %sys %iowait    %irq   %soft  %steal  %guest  %gnice   %idle
07:34:13 AM  all    0.25    0.00   29.16    0.00    0.25    0.25    0.00    0.00    0.00   70.09
07:34:13 AM    0    0.99    0.00   72.28    0.00    0.99    0.00    0.00    0.00    0.00   25.74
07:34:13 AM    1    1.02    0.00   61.22    0.00    0.00    0.00    0.00    0.00    0.00   37.76
07:34:13 AM    2    0.00    0.00  100.00    0.00    0.00    0.00    0.00    0.00    0.00    0.00
07:34:13 AM    3    0.00    0.00    0.00    0.00    0.00    2.02    0.00    0.00    0.00   97.98
07:34:13 AM    4    0.00    0.00    0.00    0.00    0.99    0.00    0.00    0.00    0.00   99.01
07:34:13 AM    5    0.00    0.00    0.00    0.00    0.00    0.00    0.00    0.00    0.00  100.00
07:34:13 AM    6    0.00    0.00    0.00    0.00    0.00    0.00    0.00    0.00    0.00  100.00
07:34:13 AM    7    0.00    0.00    0.00    0.00    0.00    0.00    0.00    0.00    0.00  100.00

07:34:13 AM  CPU    %usr   %nice    %sys %iowait    %irq   %soft  %steal  %guest  %gnice   %idle
07:34:14 AM  all    0.25    0.00   28.45    0.00    0.00    0.25    0.00    0.00    0.00   71.05
07:34:14 AM    0    1.08    0.00   59.14    0.00    0.00    0.00    0.00    0.00    0.00   39.78
07:34:14 AM    1    1.01    0.00   70.71    0.00    0.00    0.00    0.00    0.00    0.00   28.28
07:34:14 AM    2    0.00    0.00  100.00    0.00    0.00    0.00    0.00    0.00    0.00    0.00
07:34:14 AM    3    0.00    0.00    0.00    0.00    0.00    2.00    0.00    0.00    0.00   98.00
07:34:14 AM    4    0.00    0.00    0.00    0.00    0.00    0.00    0.00    0.00    0.00  100.00
07:34:14 AM    5    0.00    0.00    0.00    0.00    0.00    0.00    0.00    0.00    0.00  100.00
07:34:14 AM    6    0.00    0.00    0.00    0.00    0.00    0.00    0.00    0.00    0.00  100.00
07:34:14 AM    7    0.00    0.00    0.00    0.00    0.00    0.00    0.00    0.00    0.00  100.00

07:34:14 AM  CPU    %usr   %nice    %sys %iowait    %irq   %soft  %steal  %guest  %gnice   %idle
07:34:15 AM  all    0.13    0.00   28.70    0.00    0.25    0.25    0.00    0.00    0.00   70.68
07:34:15 AM    0    0.00    0.00   65.31    0.00    0.00    0.00    0.00    0.00    0.00   34.69
07:34:15 AM    1    1.00    0.00   65.00    0.00    1.00    0.00    0.00    0.00    0.00   33.00
07:34:15 AM    2    0.00    0.00  100.00    0.00    0.00    0.00    0.00    0.00    0.00    0.00
07:34:15 AM    3    0.00    0.00    0.00    0.00    1.00    2.00    0.00    0.00    0.00   97.00
07:34:15 AM    4    0.00    0.00    0.00    0.00    0.00    0.00    0.00    0.00    0.00  100.00
07:34:15 AM    5    0.00    0.00    0.00    0.00    0.00    0.00    0.00    0.00    0.00  100.00
07:34:15 AM    6    0.00    0.00    0.00    0.00    0.00    0.00    0.00    0.00    0.00  100.00
07:34:15 AM    7    0.00    0.00    0.00    0.00    0.00    0.00    0.00    0.00    0.00  100.00

07:34:15 AM  CPU    %usr   %nice    %sys %iowait    %irq   %soft  %steal  %guest  %gnice   %idle
07:34:16 AM  all    0.38    0.00   29.82    0.00    0.13    0.38    0.00    0.00    0.00   69.30
07:34:16 AM    0    2.00    0.00   70.00    0.00    1.00    0.00    0.00    0.00    0.00   27.00
07:34:16 AM    1    1.02    0.00   69.39    0.00    0.00    0.00    0.00    0.00    0.00   29.59
07:34:16 AM    2    0.00    0.00  100.00    0.00    0.00    0.00    0.00    0.00    0.00    0.00
07:34:16 AM    3    0.00    0.00    0.00    0.00    0.00    2.00    0.00    0.00    0.00   98.00
07:34:16 AM    4    0.00    0.00    0.00    0.00    0.00    1.00    0.00    0.00    0.00   99.00
07:34:16 AM    5    0.00    0.00    0.00    0.00    0.00    0.00    0.00    0.00    0.00  100.00
07:34:16 AM    6    0.00    0.00    0.00    0.00    0.00    0.00    0.00    0.00    0.00  100.00
07:34:16 AM    7    0.00    0.00    0.00    0.00    0.00    0.00    0.00    0.00    0.00  100.00

07:34:16 AM  CPU    %usr   %nice    %sys %iowait    %irq   %soft  %steal  %guest  %gnice   %idle
07:34:17 AM  all    0.25    0.00   29.36    0.00    0.00    0.38    0.00    0.00    0.00   70.01
07:34:17 AM    0    1.01    0.00   69.70    0.00    0.00    1.01    0.00    0.00    0.00   28.28
07:34:17 AM    1    1.02    0.00   66.33    0.00    0.00    0.00    0.00    0.00    0.00   32.65
07:34:17 AM    2    0.00    0.00  100.00    0.00    0.00    0.00    0.00    0.00    0.00    0.00
07:34:17 AM    3    0.00    0.00    0.00    0.00    0.00    2.00    0.00    0.00    0.00   98.00
07:34:17 AM    4    0.00    0.00    0.00    0.00    0.00    0.00    0.00    0.00    0.00  100.00
07:34:17 AM    5    0.00    0.00    0.00    0.00    0.00    0.00    0.00    0.00    0.00  100.00
07:34:17 AM    6    0.00    0.00    0.00    0.00    0.00    0.00    0.00    0.00    0.00  100.00
07:34:17 AM    7    0.00    0.00    0.00    0.00    0.00    0.00    0.00    0.00    0.00  100.00

07:34:17 AM  CPU    %usr   %nice    %sys %iowait    %irq   %soft  %steal  %guest  %gnice   %idle
07:34:18 AM  all    0.25    0.00   28.93    0.00    0.00    0.38    0.00    0.00    0.00   70.44
07:34:18 AM    0    1.02    0.00   67.35    0.00    0.00    0.00    0.00    0.00    0.00   31.63
07:34:18 AM    1    1.02    0.00   65.31    0.00    0.00    1.02    0.00    0.00    0.00   32.65
07:34:18 AM    2    0.00    0.00  100.00    0.00    0.00    0.00    0.00    0.00    0.00    0.00
07:34:18 AM    3    0.00    0.00    0.00    0.00    0.00    2.02    0.00    0.00    0.00   97.98
07:34:18 AM    4    0.00    0.00    0.00    0.00    0.00    0.00    0.00    0.00    0.00  100.00
07:34:18 AM    5    0.00    0.00    0.00    0.00    0.00    0.00    0.00    0.00    0.00  100.00
07:34:18 AM    6    0.00    0.00    0.00    0.00    0.00    0.00    0.00    0.00    0.00  100.00
07:34:18 AM    7    0.00    0.00    0.00    0.00    0.00    0.00    0.00    0.00    0.00  100.00

07:34:18 AM  CPU    %usr   %nice    %sys %iowait    %irq   %soft  %steal  %guest  %gnice   %idle
07:34:19 AM  all    0.37    0.00   29.18    0.00    0.37    0.25    0.00    0.00    0.00   69.83
07:34:19 AM    0    0.99    0.00   66.34    0.00    0.99    0.00    0.00    0.00    0.00   31.68
07:34:19 AM    1    1.98    0.00   66.34    0.00    0.99    0.00    0.00    0.00    0.00   30.69
07:34:19 AM    2    0.00    0.00  100.00    0.00    0.00    0.00    0.00    0.00    0.00    0.00
07:34:19 AM    3    0.00    0.00    0.00    0.00    0.99    1.98    0.00    0.00    0.00   97.03
07:34:19 AM    4    0.00    0.00    0.00    0.00    0.00    0.00    0.00    0.00    0.00  100.00
07:34:19 AM    5    0.00    0.00    0.00    0.00    0.00    0.00    0.00    0.00    0.00  100.00
07:34:19 AM    6    0.00    0.00    0.00    0.00    0.00    0.00    0.00    0.00    0.00  100.00
07:34:19 AM    7    0.00    0.00    0.00    0.00    0.00    0.00    0.00    0.00    0.00  100.00

07:34:19 AM  CPU    %usr   %nice    %sys %iowait    %irq   %soft  %steal  %guest  %gnice   %idle
07:34:20 AM  all    0.38    0.00   28.86    0.00    0.00    0.25    0.00    0.00    0.00   70.51
07:34:20 AM    0    1.02    0.00   73.47    0.00    0.00    0.00    0.00    0.00    0.00   25.51
07:34:20 AM    1    2.02    0.00   58.59    0.00    0.00    0.00    0.00    0.00    0.00   39.39
07:34:20 AM    2    0.00    0.00  100.00    0.00    0.00    0.00    0.00    0.00    0.00    0.00
07:34:20 AM    3    0.00    0.00    0.00    0.00    0.00    1.01    0.00    0.00    0.00   98.99
07:34:20 AM    4    0.00    0.00    0.00    0.00    0.00    0.99    0.00    0.00    0.00   99.01
07:34:20 AM    5    0.00    0.00    0.00    0.00    0.00    0.00    0.00    0.00    0.00  100.00
07:34:20 AM    6    0.00    0.00    0.00    0.00    0.00    0.00    0.00    0.00    0.00  100.00
07:34:20 AM    7    0.00    0.00    0.00    0.00    0.00    0.00    0.00    0.00    0.00  100.00

07:34:20 AM  CPU    %usr   %nice    %sys %iowait    %irq   %soft  %steal  %guest  %gnice   %idle
07:34:21 AM  all    0.38    0.00   29.02    0.00    0.00    0.25    0.00    0.00    0.00   70.35
07:34:21 AM    0    2.02    0.00   64.65    0.00    0.00    0.00    0.00    0.00    0.00   33.33
07:34:21 AM    1    1.02    0.00   68.37    0.00    0.00    0.00    0.00    0.00    0.00   30.61
07:34:21 AM    2    0.00    0.00  100.00    0.00    0.00    0.00    0.00    0.00    0.00    0.00
07:34:21 AM    3    0.00    0.00    0.00    0.00    0.00    2.00    0.00    0.00    0.00   98.00
07:34:21 AM    4    0.00    0.00    0.00    0.00    0.00    0.00    0.00    0.00    0.00  100.00
07:34:21 AM    5    0.00    0.00    0.00    0.00    0.00    0.00    0.00    0.00    0.00  100.00
07:34:21 AM    6    0.00    0.00    0.00    0.00    0.00    0.00    0.00    0.00    0.00  100.00
07:34:21 AM    7    0.00    0.00    0.00    0.00    0.00    0.00    0.00    0.00    0.00  100.00

07:34:21 AM  CPU    %usr   %nice    %sys %iowait    %irq   %soft  %steal  %guest  %gnice   %idle
07:34:22 AM  all    0.38    0.00   29.49    0.00    0.25    0.25    0.00    0.00    0.00   69.64
07:34:22 AM    0    1.01    0.00   66.67    0.00    1.01    0.00    0.00    0.00    0.00   31.31
07:34:22 AM    1    2.02    0.00   69.70    0.00    1.01    0.00    0.00    0.00    0.00   27.27
07:34:22 AM    2    0.00    0.00  100.00    0.00    0.00    0.00    0.00    0.00    0.00    0.00
07:34:22 AM    3    0.00    0.00    0.00    0.00    0.00    2.02    0.00    0.00    0.00   97.98
07:34:22 AM    4    0.00    0.00    0.00    0.00    0.00    0.00    0.00    0.00    0.00  100.00
07:34:22 AM    5    0.00    0.00    0.00    0.00    0.00    0.00    0.00    0.00    0.00  100.00
07:34:22 AM    6    0.00    0.00    0.00    0.00    0.00    0.00    0.00    0.00    0.00  100.00
07:34:22 AM    7    0.00    0.00    0.00    0.00    0.00    0.00    0.00    0.00    0.00  100.00

07:34:22 AM  CPU    %usr   %nice    %sys %iowait    %irq   %soft  %steal  %guest  %gnice   %idle
07:34:23 AM  all    0.13    0.00   29.02    0.00    0.00    0.38    0.00    0.00    0.00   70.48
07:34:23 AM    0    0.00    0.00   63.92    0.00    0.00    1.03    0.00    0.00    0.00   35.05
07:34:23 AM    1    1.01    0.00   69.70    0.00    0.00    0.00    0.00    0.00    0.00   29.29
07:34:23 AM    2    0.00    0.00  100.00    0.00    0.00    0.00    0.00    0.00    0.00    0.00
07:34:23 AM    3    0.00    0.00    0.00    0.00    0.00    2.00    0.00    0.00    0.00   98.00
07:34:23 AM    4    0.00    0.00    0.00    0.00    0.00    0.00    0.00    0.00    0.00  100.00
07:34:23 AM    5    0.00    0.00    0.00    0.00    0.00    0.00    0.00    0.00    0.00  100.00
07:34:23 AM    6    0.00    0.00    0.00    0.00    0.00    0.00    0.00    0.00    0.00  100.00
07:34:23 AM    7    0.00    0.00    0.00    0.00    0.00    0.00    0.00    0.00    0.00  100.00

07:34:23 AM  CPU    %usr   %nice    %sys %iowait    %irq   %soft  %steal  %guest  %gnice   %idle
07:34:24 AM  all    0.25    0.00   28.25    0.00    0.13    0.25    0.00    0.00    0.00   71.12
07:34:24 AM    0    1.01    0.00   65.66    0.00    0.00    0.00    0.00    0.00    0.00   33.33
07:34:24 AM    1    1.05    0.00   62.11    0.00    0.00    0.00    0.00    0.00    0.00   36.84
07:34:24 AM    2    0.00    0.00  100.00    0.00    0.00    0.00    0.00    0.00    0.00    0.00
07:34:24 AM    3    0.00    0.00    0.00    0.00    1.00    2.00    0.00    0.00    0.00   97.00
07:34:24 AM    4    0.00    0.00    0.00    0.00    0.00    0.00    0.00    0.00    0.00  100.00
07:34:24 AM    5    0.00    0.00    0.00    0.00    0.00    0.00    0.00    0.00    0.00  100.00
07:34:24 AM    6    0.00    0.00    0.00    0.00    0.00    0.00    0.00    0.00    0.00  100.00
07:34:24 AM    7    0.00    0.00    0.00    0.00    0.00    0.00    0.00    0.00    0.00  100.00

07:34:24 AM  CPU    %usr   %nice    %sys %iowait    %irq   %soft  %steal  %guest  %gnice   %idle
07:34:25 AM  all    0.50    0.00   29.43    0.00    0.12    0.37    0.00    0.00    0.00   69.58
07:34:25 AM    0    1.00    0.00   68.00    0.00    1.00    0.00    0.00    0.00    0.00   30.00
07:34:25 AM    1    2.97    0.00   67.33    0.00    0.00    0.00    0.00    0.00    0.00   29.70
07:34:25 AM    2    0.00    0.00  100.00    0.00    0.00    0.00    0.00    0.00    0.00    0.00
07:34:25 AM    3    0.00    0.00    0.00    0.00    0.00    2.00    0.00    0.00    0.00   98.00
07:34:25 AM    4    0.00    0.00    0.00    0.00    0.00    0.99    0.00    0.00    0.00   99.01
07:34:25 AM    5    0.00    0.00    0.00    0.00    0.00    0.00    0.00    0.00    0.00  100.00
07:34:25 AM    6    0.00    0.00    0.00    0.00    0.00    0.00    0.00    0.00    0.00  100.00
07:34:25 AM    7    0.00    0.00    0.00    0.00    0.00    0.00    0.00    0.00    0.00  100.00

07:34:25 AM  CPU    %usr   %nice    %sys %iowait    %irq   %soft  %steal  %guest  %gnice   %idle
07:34:26 AM  all    0.25    0.00   29.12    0.00    0.12    0.38    0.00    0.00    0.00   70.12
07:34:26 AM    0    0.99    0.00   69.31    0.00    0.00    0.00    0.00    0.00    0.00   29.70
07:34:26 AM    1    1.00    0.00   63.00    0.00    1.00    1.00    0.00    0.00    0.00   34.00
07:34:26 AM    2    0.00    0.00  100.00    0.00    0.00    0.00    0.00    0.00    0.00    0.00
07:34:26 AM    3    0.00    0.00    0.00    0.00    0.00    2.00    0.00    0.00    0.00   98.00
07:34:26 AM    4    0.00    0.00    0.00    0.00    0.00    0.00    0.00    0.00    0.00  100.00
07:34:26 AM    5    0.00    0.00    0.00    0.00    0.00    0.00    0.00    0.00    0.00  100.00
07:34:26 AM    6    0.00    0.00    0.00    0.00    0.00    0.00    0.00    0.00    0.00  100.00
07:34:26 AM    7    0.00    0.00    0.00    0.00    0.00    0.00    0.00    0.00    0.00  100.00

07:34:26 AM  CPU    %usr   %nice    %sys %iowait    %irq   %soft  %steal  %guest  %gnice   %idle
07:34:27 AM  all    0.38    0.00   28.21    0.00    0.13    0.25    0.00    0.00    0.00   71.03
07:34:27 AM    0    2.08    0.00   63.54    0.00    0.00    0.00    0.00    0.00    0.00   34.38
07:34:27 AM    1    1.02    0.00   64.29    0.00    0.00    0.00    0.00    0.00    0.00   34.69
07:34:27 AM    2    0.00    0.00  100.00    0.00    0.00    0.00    0.00    0.00    0.00    0.00
07:34:27 AM    3    0.00    0.00    0.00    0.00    0.00    2.02    0.00    0.00    0.00   97.98
07:34:27 AM    4    0.00    0.00    0.00    0.00    0.99    0.00    0.00    0.00    0.00   99.01
07:34:27 AM    5    0.00    0.00    0.00    0.00    0.00    0.00    0.00    0.00    0.00  100.00
07:34:27 AM    6    0.00    0.00    0.00    0.00    0.00    0.00    0.00    0.00    0.00  100.00
07:34:27 AM    7    0.00    0.00    0.00    0.00    0.00    0.00    0.00    0.00    0.00  100.00

07:34:27 AM  CPU    %usr   %nice    %sys %iowait    %irq   %soft  %steal  %guest  %gnice   %idle
07:34:28 AM  all    0.38    0.00   29.12    0.00    0.12    0.38    0.00    0.00    0.00   70.00
07:34:28 AM    0    0.98    0.00   68.63    0.00    0.98    0.98    0.00    0.00    0.00   28.43
07:34:28 AM    1    2.04    0.00   64.29    0.00    0.00    0.00    0.00    0.00    0.00   33.67
07:34:28 AM    2    0.00    0.00  100.00    0.00    0.00    0.00    0.00    0.00    0.00    0.00
07:34:28 AM    3    0.00    0.00    0.00    0.00    0.00    2.00    0.00    0.00    0.00   98.00
07:34:28 AM    4    0.00    0.00    0.00    0.00    0.00    0.00    0.00    0.00    0.00  100.00
07:34:28 AM    5    0.00    0.00    0.00    0.00    0.00    0.00    0.00    0.00    0.00  100.00
07:34:28 AM    6    0.00    0.00    0.00    0.00    0.00    0.00    0.00    0.00    0.00  100.00
07:34:28 AM    7    0.00    0.00    0.00    0.00    0.00    0.00    0.00    0.00    0.00  100.00

07:34:28 AM  CPU    %usr   %nice    %sys %iowait    %irq   %soft  %steal  %guest  %gnice   %idle
07:34:29 AM  all    0.25    0.00   29.15    0.00    0.25    0.38    0.00    0.00    0.00   69.97
07:34:29 AM    0    1.04    0.00   64.58    0.00    0.00    0.00    0.00    0.00    0.00   34.38
07:34:29 AM    1    1.01    0.00   70.71    0.00    1.01    0.00    0.00    0.00    0.00   27.27
07:34:29 AM    2    0.00    0.00  100.00    0.00    0.00    0.00    0.00    0.00    0.00    0.00
07:34:29 AM    3    0.00    0.00    0.00    0.00    0.99    1.98    0.00    0.00    0.00   97.03
07:34:29 AM    4    0.00    0.00    0.00    0.00    0.00    1.00    0.00    0.00    0.00   99.00
07:34:29 AM    5    0.00    0.00    0.00    0.00    0.00    0.00    0.00    0.00    0.00  100.00
07:34:29 AM    6    0.00    0.00    0.00    0.00    0.00    0.00    0.00    0.00    0.00  100.00
07:34:29 AM    7    0.00    0.00    0.00    0.00    0.00    0.00    0.00    0.00    0.00  100.00

07:34:29 AM  CPU    %usr   %nice    %sys %iowait    %irq   %soft  %steal  %guest  %gnice   %idle
07:34:30 AM  all    0.25    0.00   28.95    0.00    0.00    0.25    0.00    0.00    0.00   70.55
07:34:30 AM    0    1.01    0.00   69.70    0.00    0.00    0.00    0.00    0.00    0.00   29.29
07:34:30 AM    1    1.01    0.00   62.63    0.00    0.00    0.00    0.00    0.00    0.00   36.36
07:34:30 AM    2    0.00    0.00  100.00    0.00    0.00    0.00    0.00    0.00    0.00    0.00
07:34:30 AM    3    0.00    0.00    0.00    0.00    0.00    2.00    0.00    0.00    0.00   98.00
07:34:30 AM    4    0.00    0.00    0.00    0.00    0.00    0.00    0.00    0.00    0.00  100.00
07:34:30 AM    5    0.00    0.00    0.00    0.00    0.00    0.00    0.00    0.00    0.00  100.00
07:34:30 AM    6    0.00    0.00    0.00    0.00    0.00    0.00    0.00    0.00    0.00  100.00
07:34:30 AM    7    0.00    0.00    0.00    0.00    0.00    0.00    0.00    0.00    0.00  100.00

07:34:30 AM  CPU    %usr   %nice    %sys %iowait    %irq   %soft  %steal  %guest  %gnice   %idle
07:34:31 AM  all    0.38    0.00   28.73    0.00    0.13    0.13    0.00    0.00    0.00   70.64
07:34:31 AM    0    1.98    0.00   65.35    0.00    0.99    0.00    0.00    0.00    0.00   31.68
07:34:31 AM    1    1.01    0.00   63.64    0.00    0.00    0.00    0.00    0.00    0.00   35.35
07:34:31 AM    2    0.00    0.00  100.00    0.00    0.00    0.00    0.00    0.00    0.00    0.00
07:34:31 AM    3    0.00    0.00    0.00    0.00    0.00    1.02    0.00    0.00    0.00   98.98
07:34:31 AM    4    0.00    0.00    0.00    0.00    0.00    0.00    0.00    0.00    0.00  100.00
07:34:31 AM    5    0.00    0.00    0.00    0.00    0.00    0.00    0.00    0.00    0.00  100.00
07:34:31 AM    6    0.00    0.00    0.00    0.00    0.00    0.00    0.00    0.00    0.00  100.00
07:34:31 AM    7    0.00    0.00    0.00    0.00    0.00    0.00    0.00    0.00    0.00  100.00

07:34:31 AM  CPU    %usr   %nice    %sys %iowait    %irq   %soft  %steal  %guest  %gnice   %idle
07:34:32 AM  all    0.25    0.00   29.40    0.00    0.00    0.25    0.00    0.00    0.00   70.10
07:34:32 AM    0    1.03    0.00   71.13    0.00    0.00    0.00    0.00    0.00    0.00   27.84
07:34:32 AM    1    1.01    0.00   65.66    0.00    0.00    0.00    0.00    0.00    0.00   33.33
07:34:32 AM    2    0.00    0.00  100.00    0.00    0.00    0.00    0.00    0.00    0.00    0.00
07:34:32 AM    3    0.00    0.00    0.00    0.00    0.00    2.00    0.00    0.00    0.00   98.00
07:34:32 AM    4    0.00    0.00    0.00    0.00    0.00    0.00    0.00    0.00    0.00  100.00
07:34:32 AM    5    0.00    0.00    0.00    0.00    0.00    0.00    0.00    0.00    0.00  100.00
07:34:32 AM    6    0.00    0.00    0.00    0.00    0.00    0.00    0.00    0.00    0.00  100.00
07:34:32 AM    7    0.00    0.00    0.00    0.00    0.00    0.00    0.00    0.00    0.00  100.00

07:34:32 AM  CPU    %usr   %nice    %sys %iowait    %irq   %soft  %steal  %guest  %gnice   %idle
07:34:33 AM  all    0.25    0.00   29.43    0.00    0.25    0.50    0.00    0.00    0.00   69.58
07:34:33 AM    0    1.02    0.00   68.37    0.00    0.00    1.02    0.00    0.00    0.00   29.59
07:34:33 AM    1    0.98    0.00   67.65    0.00    0.98    0.00    0.00    0.00    0.00   30.39
07:34:33 AM    2    0.00    0.00  100.00    0.00    0.00    0.00    0.00    0.00    0.00    0.00
07:34:33 AM    3    0.00    0.00    0.00    0.00    0.99    1.98    0.00    0.00    0.00   97.03
07:34:33 AM    4    0.00    0.00    0.00    0.00    0.00    0.99    0.00    0.00    0.00   99.01
07:34:33 AM    5    0.00    0.00    0.00    0.00    0.00    0.00    0.00    0.00    0.00  100.00
07:34:33 AM    6    0.00    0.00    0.00    0.00    0.00    0.00    0.00    0.00    0.00  100.00
07:34:33 AM    7    0.00    0.00    0.00    0.00    0.00    0.00    0.00    0.00    0.00  100.00

07:34:33 AM  CPU    %usr   %nice    %sys %iowait    %irq   %soft  %steal  %guest  %gnice   %idle
07:34:34 AM  all    0.38    0.00   28.84    0.00    0.00    0.25    0.00    0.00    0.00   70.53
07:34:34 AM    0    1.02    0.00   60.20    0.00    0.00    0.00    0.00    0.00    0.00   38.78
07:34:34 AM    1    2.04    0.00   71.43    0.00    0.00    0.00    0.00    0.00    0.00   26.53
07:34:34 AM    2    0.00    0.00  100.00    0.00    0.00    0.00    0.00    0.00    0.00    0.00
07:34:34 AM    3    0.00    0.00    0.00    0.00    0.00    2.02    0.00    0.00    0.00   97.98
07:34:34 AM    4    0.00    0.00    0.00    0.00    0.00    0.00    0.00    0.00    0.00  100.00
07:34:34 AM    5    0.00    0.00    0.00    0.00    0.00    0.00    0.00    0.00    0.00  100.00
07:34:34 AM    6    0.00    0.00    0.00    0.00    0.00    0.00    0.00    0.00    0.00  100.00
07:34:34 AM    7    0.00    0.00    0.00    0.00    0.00    0.00    0.00    0.00    0.00  100.00

07:34:34 AM  CPU    %usr   %nice    %sys %iowait    %irq   %soft  %steal  %guest  %gnice   %idle
07:34:35 AM  all    0.25    0.00   29.11    0.00    0.13    0.38    0.00    0.00    0.00   70.14
07:34:35 AM    0    1.02    0.00   64.29    0.00    1.02    0.00    0.00    0.00    0.00   33.67
07:34:35 AM    1    1.00    0.00   69.00    0.00    0.00    1.00    0.00    0.00    0.00   29.00
07:34:35 AM    2    0.00    0.00  100.00    0.00    0.00    0.00    0.00    0.00    0.00    0.00
07:34:35 AM    3    0.00    0.00    0.00    0.00    0.00    2.02    0.00    0.00    0.00   97.98
07:34:35 AM    4    0.00    0.00    0.00    0.00    0.00    0.00    0.00    0.00    0.00  100.00
07:34:35 AM    5    0.00    0.00    0.00    0.00    0.00    0.00    0.00    0.00    0.00  100.00
07:34:35 AM    6    0.00    0.00    0.00    0.00    0.00    0.00    0.00    0.00    0.00  100.00
07:34:35 AM    7    0.00    0.00    0.00    0.00    0.00    0.00    0.00    0.00    0.00  100.00

07:34:35 AM  CPU    %usr   %nice    %sys %iowait    %irq   %soft  %steal  %guest  %gnice   %idle
07:34:36 AM  all    0.25    0.00   29.82    0.00    0.13    0.25    0.00    0.00    0.00   69.55
07:34:36 AM    0    1.01    0.00   65.66    0.00    0.00    0.00    0.00    0.00    0.00   33.33
07:34:36 AM    1    1.00    0.00   73.00    0.00    1.00    0.00    0.00    0.00    0.00   25.00
07:34:36 AM    2    0.00    0.00  100.00    0.00    0.00    0.00    0.00    0.00    0.00    0.00
07:34:36 AM    3    0.00    0.00    0.00    0.00    0.00    2.00    0.00    0.00    0.00   98.00
07:34:36 AM    4    0.00    0.00    0.00    0.00    0.00    0.00    0.00    0.00    0.00  100.00
07:34:36 AM    5    0.00    0.00    0.00    0.00    0.00    0.00    0.00    0.00    0.00  100.00
07:34:36 AM    6    0.00    0.00    0.00    0.00    0.00    0.00    0.00    0.00    0.00  100.00
07:34:36 AM    7    0.00    0.00    0.00    0.00    0.00    0.00    0.00    0.00    0.00  100.00

07:34:36 AM  CPU    %usr   %nice    %sys %iowait    %irq   %soft  %steal  %guest  %gnice   %idle
07:34:37 AM  all    0.25    0.00   29.61    0.00    0.00    0.38    0.00    0.00    0.00   69.76
07:34:37 AM    0    1.01    0.00   72.73    0.00    0.00    0.00    0.00    0.00    0.00   26.26
07:34:37 AM    1    1.03    0.00   65.98    0.00    0.00    0.00    0.00    0.00    0.00   32.99
07:34:37 AM    2    0.00    0.00  100.00    0.00    0.00    0.00    0.00    0.00    0.00    0.00
07:34:37 AM    3    0.00    0.00    0.00    0.00    0.00    2.00    0.00    0.00    0.00   98.00
07:34:37 AM    4    0.00    0.00    0.00    0.00    0.00    0.99    0.00    0.00    0.00   99.01
07:34:37 AM    5    0.00    0.00    0.00    0.00    0.00    0.00    0.00    0.00    0.00  100.00
07:34:37 AM    6    0.00    0.00    0.00    0.00    0.00    0.00    0.00    0.00    0.00  100.00
07:34:37 AM    7    0.00    0.00    0.00    0.00    0.00    0.00    0.00    0.00    0.00  100.00

07:34:37 AM  CPU    %usr   %nice    %sys %iowait    %irq   %soft  %steal  %guest  %gnice   %idle
07:34:38 AM  all    0.25    0.00   30.19    0.00    0.25    0.38    0.00    0.00    0.00   68.93
07:34:38 AM    0    1.02    0.00   69.39    0.00    1.02    1.02    0.00    0.00    0.00   27.55
07:34:38 AM    1    1.02    0.00   73.47    0.00    0.00    0.00    0.00    0.00    0.00   25.51
07:34:38 AM    2    0.00    0.00  100.00    0.00    0.00    0.00    0.00    0.00    0.00    0.00
07:34:38 AM    3    0.00    0.00    0.00    0.00    1.00    2.00    0.00    0.00    0.00   97.00
07:34:38 AM    4    0.00    0.00    0.00    0.00    0.00    0.00    0.00    0.00    0.00  100.00
07:34:38 AM    5    0.00    0.00    0.00    0.00    0.00    0.00    0.00    0.00    0.00  100.00
07:34:38 AM    6    0.00    0.00    0.00    0.00    0.00    0.00    0.00    0.00    0.00  100.00
07:34:38 AM    7    0.00    0.00    0.00    0.00    0.00    0.00    0.00    0.00    0.00  100.00

07:34:38 AM  CPU    %usr   %nice    %sys %iowait    %irq   %soft  %steal  %guest  %gnice   %idle
07:34:39 AM  all    0.38    0.00   28.77    0.00    0.00    0.25    0.00    0.00    0.00   70.60
07:34:39 AM    0    1.01    0.00   69.70    0.00    0.00    0.00    0.00    0.00    0.00   29.29
07:34:39 AM    1    2.06    0.00   61.86    0.00    0.00    0.00    0.00    0.00    0.00   36.08
07:34:39 AM    2    0.00    0.00  100.00    0.00    0.00    0.00    0.00    0.00    0.00    0.00
07:34:39 AM    3    0.00    0.00    0.00    0.00    0.00    2.00    0.00    0.00    0.00   98.00
07:34:39 AM    4    0.00    0.00    0.00    0.00    0.00    0.00    0.00    0.00    0.00  100.00
07:34:39 AM    5    0.00    0.00    0.00    0.00    0.00    0.00    0.00    0.00    0.00  100.00
07:34:39 AM    6    0.00    0.00    0.00    0.00    0.00    0.00    0.00    0.00    0.00  100.00
07:34:39 AM    7    0.00    0.00    0.00    0.00    0.00    0.00    0.00    0.00    0.00  100.00

07:34:39 AM  CPU    %usr   %nice    %sys %iowait    %irq   %soft  %steal  %guest  %gnice   %idle
07:34:40 AM  all    0.25    0.00   28.50    0.00    0.25    0.25    0.00    0.00    0.00   70.75
07:34:40 AM    0    1.01    0.00   63.64    0.00    0.00    0.00    0.00    0.00    0.00   35.35
07:34:40 AM    1    1.00    0.00   65.00    0.00    1.00    0.00    0.00    0.00    0.00   33.00
07:34:40 AM    2    0.00    0.00  100.00    0.00    0.00    0.00    0.00    0.00    0.00    0.00
07:34:40 AM    3    0.00    0.00    0.00    0.00    0.00    2.00    0.00    0.00    0.00   98.00
07:34:40 AM    4    0.00    0.00    0.00    0.00    0.99    0.00    0.00    0.00    0.00   99.01
07:34:40 AM    5    0.00    0.00    0.00    0.00    0.00    0.00    0.00    0.00    0.00  100.00
07:34:40 AM    6    0.00    0.00    0.00    0.00    0.00    0.00    0.00    0.00    0.00  100.00
07:34:40 AM    7    0.00    0.00    0.00    0.00    0.00    0.00    0.00    0.00    0.00  100.00

07:34:40 AM  CPU    %usr   %nice    %sys %iowait    %irq   %soft  %steal  %guest  %gnice   %idle
07:34:41 AM  all    0.38    0.00   28.73    0.00    0.13    0.38    0.00    0.00    0.00   70.39
07:34:41 AM    0    2.04    0.00   64.29    0.00    1.02    0.00    0.00    0.00    0.00   32.65
07:34:41 AM    1    1.00    0.00   66.00    0.00    0.00    0.00    0.00    0.00    0.00   33.00
07:34:41 AM    2    0.00    0.00  100.00    0.00    0.00    0.00    0.00    0.00    0.00    0.00
07:34:41 AM    3    0.00    0.00    0.00    0.00    0.00    2.02    0.00    0.00    0.00   97.98
07:34:41 AM    4    0.00    0.00    0.00    0.00    0.00    1.00    0.00    0.00    0.00   99.00
07:34:41 AM    5    0.00    0.00    0.00    0.00    0.00    0.00    0.00    0.00    0.00  100.00
07:34:41 AM    6    0.00    0.00    0.00    0.00    0.00    0.00    0.00    0.00    0.00  100.00
07:34:41 AM    7    0.00    0.00    0.00    0.00    0.00    0.00    0.00    0.00    0.00  100.00

07:34:41 AM  CPU    %usr   %nice    %sys %iowait    %irq   %soft  %steal  %guest  %gnice   %idle
07:34:42 AM  all    0.25    0.00   29.61    0.00    0.13    0.25    0.00    0.00    0.00   69.76
07:34:42 AM    0    1.02    0.00   68.37    0.00    0.00    0.00    0.00    0.00    0.00   30.61
07:34:42 AM    1    1.02    0.00   70.41    0.00    0.00    0.00    0.00    0.00    0.00   28.57
07:34:42 AM    2    0.00    0.00  100.00    0.00    0.00    0.00    0.00    0.00    0.00    0.00
07:34:42 AM    3    0.00    0.00    0.00    0.00    0.99    1.98    0.00    0.00    0.00   97.03
07:34:42 AM    4    0.00    0.00    0.00    0.00    0.00    0.00    0.00    0.00    0.00  100.00
07:34:42 AM    5    0.00    0.00    0.00    0.00    0.00    0.00    0.00    0.00    0.00  100.00
07:34:42 AM    6    0.00    0.00    0.00    0.00    0.00    0.00    0.00    0.00    0.00  100.00
07:34:42 AM    7    0.00    0.00    0.00    0.00    0.00    0.00    0.00    0.00    0.00  100.00

07:34:42 AM  CPU    %usr   %nice    %sys %iowait    %irq   %soft  %steal  %guest  %gnice   %idle
07:34:43 AM  all    0.25    0.00   29.20    0.00    0.00    0.38    0.00    0.00    0.00   70.18
07:34:43 AM    0    1.00    0.00   67.00    0.00    0.00    1.00    0.00    0.00    0.00   31.00
07:34:43 AM    1    1.02    0.00   67.35    0.00    0.00    0.00    0.00    0.00    0.00   31.63
07:34:43 AM    2    0.00    0.00  100.00    0.00    0.00    0.00    0.00    0.00    0.00    0.00
07:34:43 AM    3    0.00    0.00    0.00    0.00    0.00    2.00    0.00    0.00    0.00   98.00
07:34:43 AM    4    0.00    0.00    0.00    0.00    0.00    0.00    0.00    0.00    0.00  100.00
07:34:43 AM    5    0.00    0.00    0.00    0.00    0.00    0.00    0.00    0.00    0.00  100.00
07:34:43 AM    6    0.00    0.00    0.00    0.00    0.00    0.00    0.00    0.00    0.00  100.00
07:34:43 AM    7    0.00    0.00    0.00    0.00    0.00    0.00    0.00    0.00    0.00  100.00

07:34:43 AM  CPU    %usr   %nice    %sys %iowait    %irq   %soft  %steal  %guest  %gnice   %idle
07:34:44 AM  all    0.38    0.00   28.32    0.00    0.25    0.38    0.00    0.00    0.00   70.68
07:34:44 AM    0    2.02    0.00   64.65    0.00    1.01    0.00    0.00    0.00    0.00   32.32
07:34:44 AM    1    1.00    0.00   62.00    0.00    1.00    1.00    0.00    0.00    0.00   35.00
07:34:44 AM    2    0.00    0.00  100.00    0.00    0.00    0.00    0.00    0.00    0.00    0.00
07:34:44 AM    3    0.00    0.00    0.00    0.00    0.00    2.02    0.00    0.00    0.00   97.98
07:34:44 AM    4    0.00    0.00    0.00    0.00    0.00    0.00    0.00    0.00    0.00  100.00
07:34:44 AM    5    0.00    0.00    0.00    0.00    0.00    0.00    0.00    0.00    0.00  100.00
07:34:44 AM    6    0.00    0.00    0.00    0.00    0.00    0.00    0.00    0.00    0.00  100.00
07:34:44 AM    7    0.00    0.00    0.00    0.00    0.00    0.00    0.00    0.00    0.00  100.00

07:34:44 AM  CPU    %usr   %nice    %sys %iowait    %irq   %soft  %steal  %guest  %gnice   %idle
07:34:45 AM  all    0.38    0.00   28.43    0.00    0.00    0.38    0.00    0.00    0.00   70.82
07:34:45 AM    0    1.04    0.00   63.54    0.00    0.00    0.00    0.00    0.00    0.00   35.42
07:34:45 AM    1    2.04    0.00   66.33    0.00    0.00    0.00    0.00    0.00    0.00   31.63
07:34:45 AM    2    0.00    0.00  100.00    0.00    0.00    0.00    0.00    0.00    0.00    0.00
07:34:45 AM    3    0.00    0.00    0.00    0.00    0.00    2.00    0.00    0.00    0.00   98.00
07:34:45 AM    4    0.00    0.00    0.00    0.00    0.00    0.99    0.00    0.00    0.00   99.01
07:34:45 AM    5    0.00    0.00    0.00    0.00    0.00    0.00    0.00    0.00    0.00  100.00
07:34:45 AM    6    0.00    0.00    0.00    0.00    0.00    0.00    0.00    0.00    0.00  100.00
07:34:45 AM    7    0.00    0.00    0.00    0.00    0.00    0.00    0.00    0.00    0.00  100.00

07:34:45 AM  CPU    %usr   %nice    %sys %iowait    %irq   %soft  %steal  %guest  %gnice   %idle
07:34:46 AM  all    0.25    0.00   29.18    0.00    0.00    0.13    0.00    0.00    0.00   70.44
07:34:46 AM    0    1.01    0.00   65.66    0.00    0.00    0.00    0.00    0.00    0.00   33.33
07:34:46 AM    1    1.02    0.00   68.37    0.00    0.00    0.00    0.00    0.00    0.00   30.61
07:34:46 AM    2    0.00    0.00  100.00    0.00    0.00    0.00    0.00    0.00    0.00    0.00
07:34:46 AM    3    0.00    0.00    0.00    0.00    0.00    1.01    0.00    0.00    0.00   98.99
07:34:46 AM    4    0.00    0.00    0.00    0.00    0.00    0.00    0.00    0.00    0.00  100.00
07:34:46 AM    5    0.00    0.00    0.00    0.00    0.00    0.00    0.00    0.00    0.00  100.00
07:34:46 AM    6    0.00    0.00    0.00    0.00    0.00    0.00    0.00    0.00    0.00  100.00
07:34:46 AM    7    0.00    0.00    0.00    0.00    0.00    0.00    0.00    0.00    0.00  100.00

07:34:46 AM  CPU    %usr   %nice    %sys %iowait    %irq   %soft  %steal  %guest  %gnice   %idle
07:34:47 AM  all    0.25    0.00   29.32    0.00    0.38    0.25    0.00    0.00    0.00   69.80
07:34:47 AM    0    1.00    0.00   68.00    0.00    1.00    0.00    0.00    0.00    0.00   30.00
07:34:47 AM    1    1.02    0.00   67.35    0.00    1.02    0.00    0.00    0.00    0.00   30.61
07:34:47 AM    2    0.00    0.00  100.00    0.00    0.00    0.00    0.00    0.00    0.00    0.00
07:34:47 AM    3    0.00    0.00    0.00    0.00    1.00    2.00    0.00    0.00    0.00   97.00
07:34:47 AM    4    0.00    0.00    0.00    0.00    0.00    0.00    0.00    0.00    0.00  100.00
07:34:47 AM    5    0.00    0.00    0.00    0.00    0.00    0.00    0.00    0.00    0.00  100.00
07:34:47 AM    6    0.00    0.00    0.00    0.00    0.00    0.00    0.00    0.00    0.00  100.00
07:34:47 AM    7    0.00    0.00    0.00    0.00    0.00    0.00    0.00    0.00    0.00  100.00

07:34:47 AM  CPU    %usr   %nice    %sys %iowait    %irq   %soft  %steal  %guest  %gnice   %idle
07:34:48 AM  all    0.38    0.00   29.75    0.00    0.00    0.38    0.00    0.00    0.00   69.50
07:34:48 AM    0    1.01    0.00   66.67    0.00    0.00    1.01    0.00    0.00    0.00   31.31
07:34:48 AM    1    1.96    0.00   70.59    0.00    0.00    0.00    0.00    0.00    0.00   27.45
07:34:48 AM    2    0.00    0.00  100.00    0.00    0.00    0.00    0.00    0.00    0.00    0.00
07:34:48 AM    3    0.00    0.00    0.00    0.00    0.00    2.00    0.00    0.00    0.00   98.00
07:34:48 AM    4    0.00    0.00    0.00    0.00    0.00    0.00    0.00    0.00    0.00  100.00
07:34:48 AM    5    0.00    0.00    0.00    0.00    0.00    0.00    0.00    0.00    0.00  100.00
07:34:48 AM    6    0.00    0.00    0.00    0.00    0.00    0.00    0.00    0.00    0.00  100.00
07:34:48 AM    7    0.00    0.00    0.00    0.00    0.00    0.00    0.00    0.00    0.00  100.00

07:34:48 AM  CPU    %usr   %nice    %sys %iowait    %irq   %soft  %steal  %guest  %gnice   %idle
07:34:49 AM  all    0.38    0.00   29.31    0.00    0.00    0.38    0.00    0.00    0.00   69.94
07:34:49 AM    0    2.02    0.00   69.70    0.00    0.00    0.00    0.00    0.00    0.00   28.28
07:34:49 AM    1    1.04    0.00   66.67    0.00    0.00    0.00    0.00    0.00    0.00   32.29
07:34:49 AM    2    0.00    0.00  100.00    0.00    0.00    0.00    0.00    0.00    0.00    0.00
07:34:49 AM    3    0.00    0.00    0.00    0.00    0.00    2.02    0.00    0.00    0.00   97.98
07:34:49 AM    4    0.00    0.00    0.00    0.00    0.00    0.99    0.00    0.00    0.00   99.01
07:34:49 AM    5    0.00    0.00    0.00    0.00    0.00    0.00    0.00    0.00    0.00  100.00
07:34:49 AM    6    0.00    0.00    0.00    0.00    0.00    0.00    0.00    0.00    0.00  100.00
07:34:49 AM    7    0.00    0.00    0.00    0.00    0.00    0.00    0.00    0.00    0.00  100.00

07:34:49 AM  CPU    %usr   %nice    %sys %iowait    %irq   %soft  %steal  %guest  %gnice   %idle
07:34:50 AM  all    0.25    0.00   28.66    0.00    0.13    0.25    0.00    0.00    0.00   70.71
07:34:50 AM    0    1.01    0.00   64.65    0.00    1.01    0.00    0.00    0.00    0.00   33.33
07:34:50 AM    1    1.00    0.00   65.00    0.00    0.00    0.00    0.00    0.00    0.00   34.00
07:34:50 AM    2    0.00    0.00  100.00    0.00    0.00    0.00    0.00    0.00    0.00    0.00
07:34:50 AM    3    0.00    0.00    0.00    0.00    0.00    2.00    0.00    0.00    0.00   98.00
07:34:50 AM    4    0.00    0.00    0.00    0.00    0.00    0.00    0.00    0.00    0.00  100.00
07:34:50 AM    5    0.00    0.00    0.00    0.00    0.00    0.00    0.00    0.00    0.00  100.00
07:34:50 AM    6    0.00    0.00    0.00    0.00    0.00    0.00    0.00    0.00    0.00  100.00
07:34:50 AM    7    0.00    0.00    0.00    0.00    0.00    0.00    0.00    0.00    0.00  100.00

07:34:50 AM  CPU    %usr   %nice    %sys %iowait    %irq   %soft  %steal  %guest  %gnice   %idle
07:34:51 AM  all    0.38    0.00   28.64    0.00    0.13    0.25    0.00    0.00    0.00   70.60
07:34:51 AM    0    1.03    0.00   65.98    0.00    0.00    0.00    0.00    0.00    0.00   32.99
07:34:51 AM    1    2.00    0.00   64.00    0.00    1.00    0.00    0.00    0.00    0.00   33.00
07:34:51 AM    2    0.00    0.00  100.00    0.00    0.00    0.00    0.00    0.00    0.00    0.00
07:34:51 AM    3    0.00    0.00    0.00    0.00    0.00    2.00    0.00    0.00    0.00   98.00
07:34:51 AM    4    0.00    0.00    0.00    0.00    0.00    0.00    0.00    0.00    0.00  100.00
07:34:51 AM    5    0.00    0.00    0.00    0.00    0.00    0.00    0.00    0.00    0.00  100.00
07:34:51 AM    6    0.00    0.00    0.00    0.00    0.00    0.00    0.00    0.00    0.00  100.00
07:34:51 AM    7    0.00    0.00    0.00    0.00    0.00    0.00    0.00    0.00    0.00  100.00

07:34:51 AM  CPU    %usr   %nice    %sys %iowait    %irq   %soft  %steal  %guest  %gnice   %idle
07:34:52 AM  all    0.25    0.00   28.23    0.13    0.13    0.38    0.00    0.00    0.00   70.89
07:34:52 AM    0    1.04    0.00   67.71    0.00    0.00    0.00    0.00    0.00    0.00   31.25
07:34:52 AM    1    1.00    0.00   60.00    1.00    0.00    1.00    0.00    0.00    0.00   37.00
07:34:52 AM    2    0.00    0.00  100.00    0.00    0.00    0.00    0.00    0.00    0.00    0.00
07:34:52 AM    3    0.00    0.00    0.00    0.00    0.99    1.98    0.00    0.00    0.00   97.03
07:34:52 AM    4    0.00    0.00    0.00    0.00    0.00    0.00    0.00    0.00    0.00  100.00
07:34:52 AM    5    0.00    0.00    0.00    0.00    0.00    0.00    0.00    0.00    0.00  100.00
07:34:52 AM    6    0.00    0.00    0.00    0.00    0.00    0.00    0.00    0.00    0.00  100.00
07:34:52 AM    7    0.00    0.00    0.00    0.00    0.00    0.00    0.00    0.00    0.00  100.00

07:34:52 AM  CPU    %usr   %nice    %sys %iowait    %irq   %soft  %steal  %guest  %gnice   %idle
07:34:53 AM  all    0.25    0.00   29.00    0.00    0.25    0.38    0.00    0.00    0.00   70.12
07:34:53 AM    0    1.00    0.00   67.00    0.00    1.00    0.00    0.00    0.00    0.00   31.00
07:34:53 AM    1    1.01    0.00   65.66    0.00    0.00    0.00    0.00    0.00    0.00   33.33
07:34:53 AM    2    0.00    0.00  100.00    0.00    0.00    0.00    0.00    0.00    0.00    0.00
07:34:53 AM    3    0.00    0.00    0.00    0.00    0.00    2.02    0.00    0.00    0.00   97.98
07:34:53 AM    4    0.00    0.00    0.00    0.00    0.98    0.98    0.00    0.00    0.00   98.04
07:34:53 AM    5    0.00    0.00    0.00    0.00    0.00    0.00    0.00    0.00    0.00  100.00
07:34:53 AM    6    0.00    0.00    0.00    0.00    0.00    0.00    0.00    0.00    0.00  100.00
07:34:53 AM    7    0.00    0.00    0.00    0.00    0.00    0.00    0.00    0.00    0.00  100.00

07:34:53 AM  CPU    %usr   %nice    %sys %iowait    %irq   %soft  %steal  %guest  %gnice   %idle
07:34:54 AM  all    0.25    0.00   28.93    0.00    0.13    0.38    0.00    0.00    0.00   70.31
07:34:54 AM    0    1.02    0.00   64.29    0.00    0.00    1.02    0.00    0.00    0.00   33.67
07:34:54 AM    1    1.02    0.00   68.37    0.00    1.02    0.00    0.00    0.00    0.00   29.59
07:34:54 AM    2    0.00    0.00  100.00    0.00    0.00    0.00    0.00    0.00    0.00    0.00
07:34:54 AM    3    0.00    0.00    0.00    0.00    0.00    2.00    0.00    0.00    0.00   98.00
07:34:54 AM    4    0.00    0.00    0.00    0.00    0.00    0.00    0.00    0.00    0.00  100.00
07:34:54 AM    5    0.00    0.00    0.00    0.00    0.00    0.00    0.00    0.00    0.00  100.00
07:34:54 AM    6    0.00    0.00    0.00    0.00    0.00    0.00    0.00    0.00    0.00  100.00
07:34:54 AM    7    0.00    0.00    0.00    0.00    0.00    0.00    0.00    0.00    0.00  100.00

07:34:54 AM  CPU    %usr   %nice    %sys %iowait    %irq   %soft  %steal  %guest  %gnice   %idle
07:34:55 AM  all    0.63    0.00   29.66    0.00    0.00    0.25    0.00    0.00    0.00   69.46
07:34:55 AM    0    3.00    0.00   71.00    0.00    0.00    0.00    0.00    0.00    0.00   26.00
07:34:55 AM    1    2.04    0.00   67.35    0.00    0.00    0.00    0.00    0.00    0.00   30.61
07:34:55 AM    2    0.00    0.00  100.00    0.00    0.00    0.00    0.00    0.00    0.00    0.00
07:34:55 AM    3    0.00    0.00    0.00    0.00    0.00    2.00    0.00    0.00    0.00   98.00
07:34:55 AM    4    0.00    0.00    0.00    0.00    0.00    0.00    0.00    0.00    0.00  100.00
07:34:55 AM    5    0.00    0.00    0.00    0.00    0.00    0.00    0.00    0.00    0.00  100.00
07:34:55 AM    6    0.00    0.00    0.00    0.00    0.00    0.00    0.00    0.00    0.00  100.00
07:34:55 AM    7    0.00    0.00    0.00    0.00    0.00    0.00    0.00    0.00    0.00  100.00

07:34:55 AM  CPU    %usr   %nice    %sys %iowait    %irq   %soft  %steal  %guest  %gnice   %idle
07:34:56 AM  all    0.25    0.00   29.43    0.00    0.13    0.13    0.00    0.00    0.00   70.06
07:34:56 AM    0    1.03    0.00   67.01    0.00    0.00    0.00    0.00    0.00    0.00   31.96
07:34:56 AM    1    1.00    0.00   69.00    0.00    0.00    0.00    0.00    0.00    0.00   30.00
07:34:56 AM    2    0.00    0.00  100.00    0.00    0.00    0.00    0.00    0.00    0.00    0.00
07:34:56 AM    3    0.00    0.00    0.00    0.00    1.01    1.01    0.00    0.00    0.00   97.98
07:34:56 AM    4    0.00    0.00    0.00    0.00    0.00    0.00    0.00    0.00    0.00  100.00
07:34:56 AM    5    0.00    0.00    0.00    0.00    0.00    0.00    0.00    0.00    0.00  100.00
07:34:56 AM    6    0.00    0.00    0.00    0.00    0.00    0.00    0.00    0.00    0.00  100.00
07:34:56 AM    7    0.00    0.00    0.00    0.00    0.00    0.00    0.00    0.00    0.00  100.00

07:34:56 AM  CPU    %usr   %nice    %sys %iowait    %irq   %soft  %steal  %guest  %gnice   %idle
07:34:57 AM  all    0.13    0.00   28.77    0.00    0.13    0.38    0.00    0.00    0.00   70.60
07:34:57 AM    0    0.00    0.00   67.71    0.00    1.04    0.00    0.00    0.00    0.00   31.25
07:34:57 AM    1    1.02    0.00   65.31    0.00    0.00    0.00    0.00    0.00    0.00   33.67
07:34:57 AM    2    0.00    0.00  100.00    0.00    0.00    0.00    0.00    0.00    0.00    0.00
07:34:57 AM    3    0.00    0.00    0.00    0.00    0.00    2.00    0.00    0.00    0.00   98.00
07:34:57 AM    4    0.00    0.00    0.00    0.00    0.00    0.99    0.00    0.00    0.00   99.01
07:34:57 AM    5    0.00    0.00    0.00    0.00    0.00    0.00    0.00    0.00    0.00  100.00
07:34:57 AM    6    0.00    0.00    0.00    0.00    0.00    0.00    0.00    0.00    0.00  100.00
07:34:57 AM    7    0.00    0.00    0.00    0.00    0.00    0.00    0.00    0.00    0.00  100.00

07:34:57 AM  CPU    %usr   %nice    %sys %iowait    %irq   %soft  %steal  %guest  %gnice   %idle
07:34:58 AM  all    0.38    0.00   28.45    0.00    0.13    0.25    0.00    0.00    0.00   70.80
07:34:58 AM    0    1.01    0.00   64.65    0.00    0.00    0.00    0.00    0.00    0.00   34.34
07:34:58 AM    1    2.02    0.00   63.64    0.00    1.01    0.00    0.00    0.00    0.00   33.33
07:34:58 AM    2    0.00    0.00  100.00    0.00    0.00    0.00    0.00    0.00    0.00    0.00
07:34:58 AM    3    0.00    0.00    0.00    0.00    0.00    2.00    0.00    0.00    0.00   98.00
07:34:58 AM    4    0.00    0.00    0.00    0.00    0.00    0.00    0.00    0.00    0.00  100.00
07:34:58 AM    5    0.00    0.00    0.00    0.00    0.00    0.00    0.00    0.00    0.00  100.00
07:34:58 AM    6    0.00    0.00    0.00    0.00    0.00    0.00    0.00    0.00    0.00  100.00
07:34:58 AM    7    0.00    0.00    0.00    0.00    0.00    0.00    0.00    0.00    0.00  100.00

07:34:58 AM  CPU    %usr   %nice    %sys %iowait    %irq   %soft  %steal  %guest  %gnice   %idle
07:34:59 AM  all    0.25    0.00   28.52    0.00    0.00    0.38    0.00    0.00    0.00   70.85
07:34:59 AM    0    1.02    0.00   63.27    0.00    0.00    1.02    0.00    0.00    0.00   34.69
07:34:59 AM    1    1.00    0.00   65.00    0.00    0.00    0.00    0.00    0.00    0.00   34.00
07:34:59 AM    2    0.00    0.00  100.00    0.00    0.00    0.00    0.00    0.00    0.00    0.00
07:34:59 AM    3    0.00    0.00    0.00    0.00    0.00    2.02    0.00    0.00    0.00   97.98
07:34:59 AM    4    0.00    0.00    0.00    0.00    0.00    0.00    0.00    0.00    0.00  100.00
07:34:59 AM    5    0.00    0.00    0.00    0.00    0.00    0.00    0.00    0.00    0.00  100.00
07:34:59 AM    6    0.00    0.00    0.00    0.00    0.00    0.00    0.00    0.00    0.00  100.00
07:34:59 AM    7    0.00    0.00    0.00    0.00    0.00    0.00    0.00    0.00    0.00  100.00

07:34:59 AM  CPU    %usr   %nice    %sys %iowait    %irq   %soft  %steal  %guest  %gnice   %idle
07:35:00 AM  all    0.25    0.00   29.59    0.00    0.12    0.25    0.00    0.00    0.00   69.79
07:35:00 AM    0    1.00    0.00   66.00    0.00    1.00    0.00    0.00    0.00    0.00   32.00
07:35:00 AM    1    0.99    0.00   70.30    0.00    0.00    0.00    0.00    0.00    0.00   28.71
07:35:00 AM    2    0.00    0.00  100.00    0.00    0.00    0.00    0.00    0.00    0.00    0.00
07:35:00 AM    3    0.00    0.00    0.00    0.00    0.00    2.00    0.00    0.00    0.00   98.00
07:35:00 AM    4    0.00    0.00    0.00    0.00    0.00    0.00    0.00    0.00    0.00  100.00
07:35:00 AM    5    0.00    0.00    0.00    0.00    0.00    0.00    0.00    0.00    0.00  100.00
07:35:00 AM    6    0.00    0.00    0.00    0.00    0.00    0.00    0.00    0.00    0.00  100.00
07:35:00 AM    7    0.00    0.00    0.00    0.00    0.00    0.00    0.00    0.00    0.00  100.00

Average:     CPU    %usr   %nice    %sys %iowait    %irq   %soft  %steal  %guest  %gnice   %idle
Average:     all    0.30    0.00   28.62    0.00    0.11    0.72    0.00    0.00    0.00   70.24
Average:       0    1.23    0.00   68.47    0.01    0.33    0.18    0.00    0.00    0.00   29.77
Average:       1    1.19    0.00   64.82    0.01    0.29    3.54    0.00    0.00    0.00   30.15
Average:       2    0.00    0.00   96.54    0.00    0.01    0.00    0.00    0.00    0.00    3.44
Average:       3    0.00    0.00    0.00    0.00    0.21    1.85    0.00    0.00    0.00   97.94
Average:       4    0.00    0.00    0.00    0.00    0.07    0.23    0.00    0.00    0.00   99.69
Average:       5    0.00    0.00    0.00    0.00    0.00    0.00    0.00    0.00    0.00  100.00
Average:       6    0.00    0.00    0.00    0.00    0.00    0.00    0.00    0.00    0.00  100.00
Average:       7    0.00    0.00    0.00    0.00    0.00    0.00    0.00    0.00    0.00  100.00
